latitude,longitude,bright_ti4,scan,track,acq_date,acq_time,satellite,instrument,confidence,version,bright_ti5,frp,daynight
20.968,85.17603,326.17,0.62,0.71,2026-10-01,650,N,VIIRS,l,2.0NRT,296.88,5.92,D
26.19698,90.50164,332.49,0.46,0.47,2026-10-01,652,N,VIIRS,n,2.0NRT,298.99,1.49,D
28.05147,95.8957,325.87,0.39,0.36,2026-10-01,652,N,VIIRS,n,2.0NRT,295.06,1.38,D
28.42719,92.41805,336.17,0.5,0.41,2026-10-01,652,N,VIIRS,l,2.0NRT,306.7,5.35,D
29.64446,91.29312,326.93,0.54,0.42,2026-10-01,652,N,VIIRS,l,2.0NRT,300.48,6.13,D
29.64495,91.29037,334.02,0.54,0.42,2026-10-01,652,N,VIIRS,n,2.0NRT,299.18,4.07,D
29.64874,91.28924,331.19,0.54,0.42,2026-10-01,652,N,VIIRS,n,2.0NRT,300.39,4.07,D
36.45468,94.91351,335.85,0.39,0.36,2026-10-01,654,N,VIIRS,n,2.0NRT,303.41,3.06,D
7.74164,80.08393,336.76,0.49,0.4,2026-10-01,828,N,VIIRS,n,2.0NRT,298.91,8.22,D
7.8871,80.89134,332.1,0.55,0.43,2026-10-01,828,N,VIIRS,n,2.0NRT,293.43,5.02,D
8.0543,80.69315,343.84,0.54,0.42,2026-10-01,828,N,VIIRS,n,2.0NRT,300.51,7.82,D
8.11077,80.37022,335.39,0.52,0.41,2026-10-01,828,N,VIIRS,n,2.0NRT,296.91,2.6,D
8.2091,80.14625,337.64,0.5,0.41,2026-10-01,828,N,VIIRS,n,2.0NRT,302.54,4.96,D
8.21303,80.14688,332.41,0.5,0.41,2026-10-01,828,N,VIIRS,n,2.0NRT,301,4.68,D
8.22,81.04875,331.39,0.57,0.43,2026-10-01,828,N,VIIRS,n,2.0NRT,299.75,5,D
8.23751,80.2653,335.67,0.51,0.41,2026-10-01,828,N,VIIRS,n,2.0NRT,295.98,2.32,D
8.24543,80.21234,337.04,0.51,0.41,2026-10-01,828,N,VIIRS,n,2.0NRT,303.55,3.94,D
8.28008,80.73605,334.53,0.54,0.42,2026-10-01,828,N,VIIRS,n,2.0NRT,296.52,5.18,D
8.28026,80.73795,330.27,0.54,0.42,2026-10-01,828,N,VIIRS,n,2.0NRT,297.09,5.67,D
8.30662,80.6989,332.7,0.54,0.42,2026-10-01,828,N,VIIRS,n,2.0NRT,294.69,4.4,D
8.33625,80.20077,334.08,0.51,0.41,2026-10-01,828,N,VIIRS,n,2.0NRT,301.75,4.74,D
8.35745,80.16013,330.46,0.51,0.41,2026-10-01,828,N,VIIRS,n,2.0NRT,296.22,3.74,D
8.38971,80.41295,333.83,0.52,0.42,2026-10-01,828,N,VIIRS,n,2.0NRT,302.33,6.76,D
8.39014,80.38862,330.63,0.52,0.42,2026-10-01,828,N,VIIRS,n,2.0NRT,297.81,3.65,D
8.39935,80.76165,335.65,0.55,0.42,2026-10-01,828,N,VIIRS,n,2.0NRT,301.59,9.69,D
8.39958,80.76382,339.37,0.55,0.43,2026-10-01,828,N,VIIRS,n,2.0NRT,302.52,7.15,D
8.40887,80.41022,339.73,0.52,0.42,2026-10-01,828,N,VIIRS,n,2.0NRT,301.84,8.38,D
8.50992,80.25771,349.07,0.51,0.41,2026-10-01,828,N,VIIRS,n,2.0NRT,303.8,11.15,D
8.58553,80.69866,338.49,0.55,0.42,2026-10-01,828,N,VIIRS,n,2.0NRT,302.99,5.24,D
8.63819,80.56268,336.53,0.54,0.42,2026-10-01,828,N,VIIRS,n,2.0NRT,304.34,8.37,D
8.76052,80.58287,334.77,0.54,0.42,2026-10-01,828,N,VIIRS,n,2.0NRT,304.77,3.63,D
8.76415,80.49776,337.41,0.53,0.42,2026-10-01,828,N,VIIRS,n,2.0NRT,303.2,7.16,D
8.84128,78.00632,341.64,0.41,0.37,2026-10-01,828,N,VIIRS,n,2.0NRT,301.88,6.11,D
8.92758,77.74334,342.59,0.4,0.37,2026-10-01,828,N,VIIRS,n,2.0NRT,296.33,3.96,D
9.17016,77.91811,340.87,0.41,0.37,2026-10-01,828,N,VIIRS,n,2.0NRT,307.31,8.53,D
9.33211,77.41198,347.44,0.4,0.37,2026-10-01,828,N,VIIRS,n,2.0NRT,304.56,9.74,D
9.42319,80.33737,335.6,0.53,0.42,2026-10-01,828,N,VIIRS,n,2.0NRT,302.71,9.6,D
9.4248,80.3391,340.93,0.53,0.42,2026-10-01,828,N,VIIRS,n,2.0NRT,303.63,8.3,D
9.42731,80.32883,341.04,0.53,0.42,2026-10-01,828,N,VIIRS,n,2.0NRT,300.93,10.81,D
9.49259,78.67966,338.88,0.44,0.38,2026-10-01,828,N,VIIRS,n,2.0NRT,302.05,3.32,D
9.65645,78.92221,337.06,0.45,0.39,2026-10-01,828,N,VIIRS,n,2.0NRT,301.19,1.6,D
9.70301,78.81469,334.12,0.45,0.39,2026-10-01,828,N,VIIRS,n,2.0NRT,298.38,2.66,D
9.96278,78.20811,331.07,0.43,0.38,2026-10-01,828,N,VIIRS,n,2.0NRT,300.97,1.46,D
9.99021,78.11714,331.29,0.42,0.38,2026-10-01,828,N,VIIRS,n,2.0NRT,296.03,2.04,D
10.15436,78.70897,335.95,0.45,0.39,2026-10-01,828,N,VIIRS,n,2.0NRT,300.19,3.32,D
10.2558,78.90551,341.93,0.46,0.39,2026-10-01,828,N,VIIRS,n,2.0NRT,299.18,5,D
10.48664,77.19983,337.43,0.4,0.37,2026-10-01,828,N,VIIRS,n,2.0NRT,301.67,1.76,D
10.495,77.49612,335.25,0.41,0.37,2026-10-01,828,N,VIIRS,l,2.0NRT,305.36,2.64,D
10.57024,79.31104,330.67,0.48,0.4,2026-10-01,828,N,VIIRS,n,2.0NRT,299.92,2.71,D
10.66777,77.85938,331.37,0.42,0.38,2026-10-01,828,N,VIIRS,n,2.0NRT,301.14,1.75,D
10.77234,76.50561,334.23,0.39,0.36,2026-10-01,828,N,VIIRS,n,2.0NRT,296.64,1.56,D
10.88764,77.20576,336.4,0.4,0.37,2026-10-01,828,N,VIIRS,n,2.0NRT,301.65,4.06,D
10.98022,77.26296,335.3,0.4,0.37,2026-10-01,828,N,VIIRS,n,2.0NRT,301.68,1.69,D
10.98076,77.26665,335.64,0.4,0.37,2026-10-01,828,N,VIIRS,n,2.0NRT,302.76,1.69,D
11.58609,79.64046,333.31,0.52,0.41,2026-10-01,828,N,VIIRS,n,2.0NRT,300.48,1.35,D
11.97858,79.37245,334.31,0.51,0.41,2026-10-01,828,N,VIIRS,n,2.0NRT,299.05,5.89,D
11.97933,79.37566,334.37,0.51,0.41,2026-10-01,828,N,VIIRS,n,2.0NRT,299.31,5.81,D
13.10711,75.15337,333.51,0.38,0.36,2026-10-01,828,N,VIIRS,n,2.0NRT,296.78,2.24,D
13.79512,79.84664,336.32,0.57,0.43,2026-10-01,828,N,VIIRS,n,2.0NRT,295.75,3.4,D
14.48248,75.63831,333.95,0.39,0.36,2026-10-01,830,N,VIIRS,n,2.0NRT,302.85,2.51,D
14.52242,75.63203,334.1,0.39,0.36,2026-10-01,830,N,VIIRS,n,2.0NRT,301.59,3.28,D
14.52575,75.6315,331.03,0.39,0.36,2026-10-01,830,N,VIIRS,l,2.0NRT,302.4,2.78,D
14.61301,75.26563,333.69,0.39,0.36,2026-10-01,830,N,VIIRS,n,2.0NRT,300.12,3.02,D
14.64925,77.10971,341.31,0.42,0.38,2026-10-01,830,N,VIIRS,n,2.0NRT,296.45,3.21,D
14.94199,75.99251,336.76,0.4,0.37,2026-10-01,830,N,VIIRS,n,2.0NRT,299.29,2.46,D
14.94336,75.99177,347.46,0.4,0.37,2026-10-01,830,N,VIIRS,n,2.0NRT,299.26,5.95,D
15.10197,76.89828,333.46,0.42,0.38,2026-10-01,830,N,VIIRS,n,2.0NRT,298.84,2.21,D
15.19787,78.56059,343.24,0.5,0.41,2026-10-01,830,N,VIIRS,n,2.0NRT,303.52,3.48,D
15.20058,78.5585,335.09,0.5,0.41,2026-10-01,830,N,VIIRS,l,2.0NRT,306.66,5.18,D
15.20123,78.56314,340.37,0.5,0.41,2026-10-01,830,N,VIIRS,n,2.0NRT,305.89,8.6,D
15.20162,78.56003,342.46,0.5,0.41,2026-10-01,830,N,VIIRS,n,2.0NRT,307.13,6.4,D
15.46761,75.21387,332.6,0.39,0.36,2026-10-01,830,N,VIIRS,l,2.0NRT,304.12,1.79,D
15.73539,75.51096,336.66,0.39,0.36,2026-10-01,830,N,VIIRS,n,2.0NRT,306.1,3.48,D
15.7374,75.51015,336.65,0.39,0.36,2026-10-01,830,N,VIIRS,n,2.0NRT,303.31,1.82,D
15.82515,78.30957,331.92,0.49,0.4,2026-10-01,830,N,VIIRS,l,2.0NRT,302.97,2.75,D
15.84156,75.48206,333.21,0.39,0.36,2026-10-01,830,N,VIIRS,l,2.0NRT,305.32,3.99,D
15.89215,76.48196,331.43,0.41,0.37,2026-10-01,830,N,VIIRS,l,2.0NRT,303.44,1.91,D
16.05314,80.14682,333.53,0.42,0.45,2026-10-01,830,N,VIIRS,n,2.0NRT,302.34,3.84,D
16.05419,80.14674,337.18,0.42,0.45,2026-10-01,830,N,VIIRS,n,2.0NRT,302.03,4.09,D
16.12859,75.54476,337.76,0.39,0.36,2026-10-01,830,N,VIIRS,n,2.0NRT,307.02,2.04,D
16.44864,79.44863,339.16,0.39,0.44,2026-10-01,830,N,VIIRS,n,2.0NRT,297.84,2.73,D
16.91229,78.30808,332.48,0.51,0.41,2026-10-01,830,N,VIIRS,l,2.0NRT,303.27,2.78,D
16.92335,78.07688,333.43,0.49,0.4,2026-10-01,830,N,VIIRS,n,2.0NRT,301.28,4.29,D
17.26654,75.15054,343.04,0.39,0.36,2026-10-01,830,N,VIIRS,n,2.0NRT,308.38,5.05,D
17.28424,75.17773,332.27,0.39,0.36,2026-10-01,830,N,VIIRS,l,2.0NRT,305.99,1.81,D
17.38884,80.49394,330.82,0.46,0.47,2026-10-01,830,N,VIIRS,n,2.0NRT,298.37,3.29,D
17.38984,80.49478,330.95,0.46,0.47,2026-10-01,830,N,VIIRS,n,2.0NRT,298.31,3.47,D
17.53129,74.97627,333.72,0.39,0.36,2026-10-01,830,N,VIIRS,l,2.0NRT,306.27,2.23,D
17.62936,75.71758,333.66,0.4,0.37,2026-10-01,830,N,VIIRS,l,2.0NRT,308.19,4.01,D
17.90114,74.71369,334.95,0.39,0.36,2026-10-01,830,N,VIIRS,n,2.0NRT,302.52,1.47,D
17.99044,82.95481,328.87,0.34,0.56,2026-10-01,830,N,VIIRS,n,2.0NRT,290.84,1.18,D
17.99118,82.95425,330.28,0.34,0.56,2026-10-01,830,N,VIIRS,n,2.0NRT,290.64,1.36,D
18.50013,74.44566,336.33,0.39,0.36,2026-10-01,830,N,VIIRS,n,2.0NRT,305.4,2.17,D
18.51314,74.23863,334.95,0.39,0.36,2026-10-01,830,N,VIIRS,n,2.0NRT,301.3,1.71,D
18.57499,74.1348,338.55,0.38,0.36,2026-10-01,830,N,VIIRS,n,2.0NRT,305.7,8.93,D
18.68304,73.03576,333.19,0.39,0.36,2026-10-01,830,N,VIIRS,n,2.0NRT,302.99,2.95,D
18.68578,73.03152,334.05,0.39,0.36,2026-10-01,830,N,VIIRS,n,2.0NRT,304.02,2.95,D
18.8784,78.39811,338.34,0.54,0.42,2026-10-01,830,N,VIIRS,n,2.0NRT,299.45,4.81,D
19.0549,73.01181,336.23,0.39,0.36,2026-10-01,830,N,VIIRS,n,2.0NRT,300.78,1.92,D
19.24516,77.42312,330.74,0.48,0.4,2026-10-01,830,N,VIIRS,l,2.0NRT,303.35,2.59,D
20.72713,76.99412,334.09,0.48,0.4,2026-10-01,830,N,VIIRS,n,2.0NRT,303.43,1.62,D
20.96916,85.17443,332.71,0.51,0.66,2026-10-01,830,N,VIIRS,n,2.0NRT,295.75,3.72,D
20.51367,74.11801,345.93,0.39,0.36,2026-10-01,833,N,VIIRS,n,2.0NRT,305.13,8.06,D
20.9484,71.36459,339.13,0.41,0.37,2026-10-01,833,N,VIIRS,n,2.0NRT,303.09,4.07,D
21.10362,72.63634,346.7,0.39,0.36,2026-10-01,833,N,VIIRS,n,2.0NRT,304.98,9.58,D
21.10535,72.64744,343.85,0.39,0.36,2026-10-01,833,N,VIIRS,n,2.0NRT,309.45,8.01,D
21.11024,72.63516,333.71,0.39,0.36,2026-10-01,833,N,VIIRS,l,2.0NRT,305.86,3.12,D
21.13013,75.82262,338.99,0.43,0.38,2026-10-01,833,N,VIIRS,n,2.0NRT,307.62,5,D
21.17565,75.50218,332.86,0.42,0.38,2026-10-01,833,N,VIIRS,l,2.0NRT,306.77,1.58,D
21.22645,76.08258,336.48,0.44,0.39,2026-10-01,833,N,VIIRS,n,2.0NRT,305.4,2.35,D
21.24204,76.2944,334.56,0.45,0.39,2026-10-01,833,N,VIIRS,n,2.0NRT,305.24,2.04,D
21.24387,76.29494,331.8,0.45,0.39,2026-10-01,833,N,VIIRS,l,2.0NRT,304.63,3.04,D
21.38871,74.86161,335.84,0.4,0.37,2026-10-01,833,N,VIIRS,l,2.0NRT,308.54,3.2,D
21.72665,75.58475,331.9,0.43,0.38,2026-10-01,833,N,VIIRS,n,2.0NRT,306.73,0.85,D
21.74689,83.8438,337.34,0.43,0.62,2026-10-01,833,N,VIIRS,n,2.0NRT,300.13,6.9,D
21.75265,83.84332,329.08,0.43,0.62,2026-10-01,833,N,VIIRS,l,2.0NRT,299.33,7.72,D
22.07831,72.83035,330.97,0.38,0.36,2026-10-01,833,N,VIIRS,l,2.0NRT,305.24,1.08,D
22.36081,82.30225,342,0.35,0.57,2026-10-01,833,N,VIIRS,n,2.0NRT,302.5,7.54,D
22.3745,73.1506,338.27,0.38,0.36,2026-10-01,833,N,VIIRS,n,2.0NRT,306,3.62,D
22.37583,87.28114,326.59,0.72,0.76,2026-10-01,833,N,VIIRS,n,2.0NRT,293.44,9.48,D
22.59635,76.86835,331.03,0.5,0.41,2026-10-01,833,N,VIIRS,l,2.0NRT,305.71,3.62,D
22.63044,75.33266,337.76,0.43,0.38,2026-10-01,833,N,VIIRS,l,2.0NRT,312.32,4.22,D
22.65009,75.3465,337.4,0.43,0.38,2026-10-01,833,N,VIIRS,n,2.0NRT,309.46,1.56,D
22.65896,75.28164,340.12,0.42,0.38,2026-10-01,833,N,VIIRS,l,2.0NRT,313.92,2.9,D
22.66504,76.95376,335.05,0.5,0.41,2026-10-01,833,N,VIIRS,l,2.0NRT,309.12,5.23,D
22.67996,75.15245,340.72,0.42,0.38,2026-10-01,833,N,VIIRS,n,2.0NRT,314.84,4,D
22.68078,75.36284,339.42,0.43,0.38,2026-10-01,833,N,VIIRS,l,2.0NRT,312.4,2.7,D
22.71728,77.12204,337.63,0.51,0.41,2026-10-01,833,N,VIIRS,n,2.0NRT,307.8,4.13,D
22.7231,75.43709,337.15,0.43,0.38,2026-10-01,833,N,VIIRS,l,2.0NRT,310.63,3.09,D
22.7278,75.29182,343.5,0.43,0.38,2026-10-01,833,N,VIIRS,l,2.0NRT,315.02,4.13,D
22.7307,75.3634,348.41,0.43,0.38,2026-10-01,833,N,VIIRS,n,2.0NRT,315.25,8.75,D
22.73356,76.30598,333.32,0.47,0.4,2026-10-01,833,N,VIIRS,l,2.0NRT,308,4.23,D
22.74537,76.25439,334.48,0.47,0.39,2026-10-01,833,N,VIIRS,l,2.0NRT,306.18,2.81,D
22.83836,75.41172,339.75,0.43,0.38,2026-10-01,833,N,VIIRS,l,2.0NRT,314.73,3.36,D
22.84285,75.6269,340.53,0.44,0.38,2026-10-01,833,N,VIIRS,n,2.0NRT,313.41,2.77,D
22.85224,75.64291,341.47,0.44,0.38,2026-10-01,833,N,VIIRS,n,2.0NRT,312.02,1.12,D
22.87862,75.54813,341.35,0.44,0.38,2026-10-01,833,N,VIIRS,n,2.0NRT,311.27,5.35,D
22.914,75.43897,339.86,0.43,0.38,2026-10-01,833,N,VIIRS,l,2.0NRT,314.52,5.17,D
22.94772,75.23364,340.19,0.43,0.38,2026-10-01,833,N,VIIRS,l,2.0NRT,314.34,3.77,D
22.94942,75.24609,343.02,0.43,0.38,2026-10-01,833,N,VIIRS,n,2.0NRT,313.29,2.26,D
22.97645,75.71204,342.9,0.44,0.39,2026-10-01,833,N,VIIRS,n,2.0NRT,312.79,4.62,D
23.06889,75.46689,338.5,0.43,0.38,2026-10-01,833,N,VIIRS,l,2.0NRT,313.46,2.04,D
23.19462,76.00306,343.44,0.46,0.39,2026-10-01,833,N,VIIRS,n,2.0NRT,313.08,4.54,D
23.24234,75.68718,336.79,0.45,0.39,2026-10-01,833,N,VIIRS,l,2.0NRT,309.92,1.47,D
23.2662,69.69945,335.44,0.44,0.39,2026-10-01,833,N,VIIRS,l,2.0NRT,309.32,2.99,D
23.26663,69.69781,335.08,0.44,0.39,2026-10-01,833,N,VIIRS,l,2.0NRT,309.56,2.24,D
23.38564,75.2563,341.17,0.43,0.38,2026-10-01,833,N,VIIRS,n,2.0NRT,314.99,1.94,D
23.42614,68.55688,335.41,0.5,0.41,2026-10-01,833,N,VIIRS,n,2.0NRT,305.39,2.97,D
23.45107,77.09869,335.08,0.52,0.42,2026-10-01,833,N,VIIRS,l,2.0NRT,308.36,5.1,D
23.47128,75.70678,335.92,0.45,0.39,2026-10-01,833,N,VIIRS,l,2.0NRT,310.55,1.49,D
23.53873,77.06731,336.67,0.52,0.41,2026-10-01,833,N,VIIRS,l,2.0NRT,309.01,6.13,D
23.54453,76.58942,335.52,0.49,0.4,2026-10-01,833,N,VIIRS,l,2.0NRT,307.78,3.31,D
23.55439,78.00951,331.19,0.39,0.44,2026-10-01,833,N,VIIRS,l,2.0NRT,305.64,3.24,D
23.86959,71.82667,339,0.39,0.36,2026-10-01,833,N,VIIRS,n,2.0NRT,309.99,4.16,D
24.00552,77.82178,333.66,0.39,0.44,2026-10-01,833,N,VIIRS,n,2.0NRT,307.31,2.41,D
24.93969,76.49097,337.83,0.5,0.41,2026-10-01,833,N,VIIRS,l,2.0NRT,311.31,3.34,D
25.10184,68.41149,332.56,0.48,0.4,2026-10-01,833,N,VIIRS,n,2.0NRT,305.01,2.29,D
25.44836,75.04951,336.74,0.44,0.38,2026-10-01,833,N,VIIRS,n,2.0NRT,305.74,3.55,D
25.65897,69.23344,334.05,0.44,0.38,2026-10-01,833,N,VIIRS,n,2.0NRT,307.68,1.29,D
26.53048,74.81424,338.15,0.44,0.38,2026-10-01,833,N,VIIRS,n,2.0NRT,310.02,1.62,D
27.92755,76.29298,339.74,0.53,0.42,2026-10-01,833,N,VIIRS,l,2.0NRT,311.75,5.59,D
28.07035,77.6895,335.87,0.42,0.45,2026-10-01,833,N,VIIRS,n,2.0NRT,300.66,2.01,D
28.07036,77.68987,333.97,0.42,0.46,2026-10-01,833,N,VIIRS,n,2.0NRT,300.69,2.19,D
28.13563,77.62385,342.32,0.42,0.45,2026-10-01,833,N,VIIRS,n,2.0NRT,301.46,2.75,D
28.13982,77.62328,331.86,0.42,0.45,2026-10-01,833,N,VIIRS,n,2.0NRT,300.78,2.75,D
28.26084,77.35455,334.73,0.41,0.45,2026-10-01,833,N,VIIRS,n,2.0NRT,300.61,1.6,D
28.32816,77.50861,334.35,0.42,0.45,2026-10-01,833,N,VIIRS,n,2.0NRT,300.9,2.3,D
27.96164,68.90907,336.32,0.42,0.38,2026-10-01,835,N,VIIRS,l,2.0NRT,307.8,6.44,D
29.08037,70.27804,349.52,0.39,0.36,2026-10-01,835,N,VIIRS,n,2.0NRT,311.47,6.41,D
29.48163,70.56012,338.8,0.39,0.36,2026-10-01,835,N,VIIRS,n,2.0NRT,306.24,2.42,D
29.4903,70.46867,336.59,0.39,0.36,2026-10-01,835,N,VIIRS,l,2.0NRT,308.49,5.64,D
29.50038,70.44617,331.92,0.39,0.36,2026-10-01,835,N,VIIRS,l,2.0NRT,306.7,1.13,D
29.5332,73.1814,341.67,0.41,0.37,2026-10-01,835,N,VIIRS,n,2.0NRT,309.27,3.63,D
29.5934,76.01209,335.08,0.54,0.42,2026-10-01,835,N,VIIRS,n,2.0NRT,302.24,2.29,D
29.59392,76.01521,334.7,0.54,0.42,2026-10-01,835,N,VIIRS,n,2.0NRT,304.11,3.13,D
29.97616,73.11026,335.04,0.41,0.37,2026-10-01,835,N,VIIRS,n,2.0NRT,304.94,5.64,D
30.02492,73.13757,337.91,0.41,0.37,2026-10-01,835,N,VIIRS,n,2.0NRT,305.37,4.37,D
30.32547,73.42484,343.3,0.42,0.38,2026-10-01,835,N,VIIRS,n,2.0NRT,306.6,8.69,D
30.34141,73.24358,330.73,0.42,0.38,2026-10-01,835,N,VIIRS,n,2.0NRT,302.94,1.89,D
30.39105,73.64681,334.58,0.43,0.38,2026-10-01,835,N,VIIRS,n,2.0NRT,302.48,2.62,D
30.42536,73.58115,346.25,0.43,0.38,2026-10-01,835,N,VIIRS,n,2.0NRT,305.98,5.36,D
30.60234,71.76935,330.52,0.39,0.36,2026-10-01,835,N,VIIRS,l,2.0NRT,304.41,2.36,D
30.61206,76.81929,340.54,0.41,0.45,2026-10-01,835,N,VIIRS,n,2.0NRT,303.53,3.87,D
30.62704,76.65929,331.43,0.4,0.44,2026-10-01,835,N,VIIRS,n,2.0NRT,300.68,2.47,D
30.6914,73.74635,333.49,0.44,0.38,2026-10-01,835,N,VIIRS,l,2.0NRT,306.24,2.55,D
30.70469,74.18742,335.25,0.46,0.39,2026-10-01,835,N,VIIRS,l,2.0NRT,305.45,1.47,D
30.71667,73.9116,347.87,0.44,0.39,2026-10-01,835,N,VIIRS,n,2.0NRT,305.39,9.49,D
30.72022,73.911,346.74,0.44,0.39,2026-10-01,835,N,VIIRS,n,2.0NRT,303.55,9.49,D
30.79854,73.7951,335.54,0.44,0.38,2026-10-01,835,N,VIIRS,n,2.0NRT,304.06,3.09,D
30.99517,74.22249,333.56,0.46,0.39,2026-10-01,835,N,VIIRS,n,2.0NRT,304.36,1.92,D
31.02212,74.44208,337.25,0.47,0.4,2026-10-01,835,N,VIIRS,n,2.0NRT,302.95,3.54,D
31.02644,74.3561,334.5,0.47,0.39,2026-10-01,835,N,VIIRS,l,2.0NRT,305.06,5.41,D
31.03981,73.47316,333.88,0.43,0.38,2026-10-01,835,N,VIIRS,n,2.0NRT,302.07,3.43,D
31.04419,73.86015,333.16,0.45,0.39,2026-10-01,835,N,VIIRS,l,2.0NRT,307.36,1.81,D
31.06897,74.55081,347.28,0.48,0.4,2026-10-01,835,N,VIIRS,n,2.0NRT,304.85,4.76,D
31.07263,74.55021,331.19,0.48,0.4,2026-10-01,835,N,VIIRS,l,2.0NRT,304.27,4.76,D
31.09102,74.60854,342.17,0.48,0.4,2026-10-01,835,N,VIIRS,n,2.0NRT,303.59,4.51,D
31.09718,74.62806,334.84,0.48,0.4,2026-10-01,835,N,VIIRS,n,2.0NRT,301.92,2.13,D
31.10024,74.62242,330.71,0.48,0.4,2026-10-01,835,N,VIIRS,l,2.0NRT,303.38,4.26,D
31.12821,74.34193,333.94,0.47,0.4,2026-10-01,835,N,VIIRS,n,2.0NRT,306.82,2.84,D
31.13185,74.34132,337.37,0.47,0.4,2026-10-01,835,N,VIIRS,n,2.0NRT,304.8,2.84,D
31.17375,74.43999,331.69,0.47,0.4,2026-10-01,835,N,VIIRS,n,2.0NRT,303.63,1.98,D
31.46166,74.57589,334.94,0.48,0.4,2026-10-01,835,N,VIIRS,n,2.0NRT,301.85,4.37,D
31.46357,74.57303,330.9,0.48,0.4,2026-10-01,835,N,VIIRS,l,2.0NRT,301.94,2.78,D
31.62706,74.20932,346.48,0.47,0.39,2026-10-01,835,N,VIIRS,n,2.0NRT,308.61,5.77,D
31.62707,74.21121,348.23,0.47,0.39,2026-10-01,835,N,VIIRS,n,2.0NRT,308.32,6.81,D
31.66927,74.98784,332.44,0.51,0.41,2026-10-01,835,N,VIIRS,n,2.0NRT,303.58,2.6,D
31.67701,73.57209,331.46,0.44,0.38,2026-10-01,835,N,VIIRS,l,2.0NRT,301.93,4.67,D
31.74843,74.46946,336.46,0.48,0.4,2026-10-01,835,N,VIIRS,n,2.0NRT,301.97,3.52,D
31.78777,73.81272,335.09,0.45,0.39,2026-10-01,835,N,VIIRS,n,2.0NRT,301.4,2.12,D
31.78957,73.08615,334.5,0.43,0.38,2026-10-01,835,N,VIIRS,n,2.0NRT,302.6,3.58,D
31.8134,70.80595,331.92,0.39,0.36,2026-10-01,835,N,VIIRS,n,2.0NRT,302.97,1.95,D
31.82073,74.67986,336.71,0.49,0.4,2026-10-01,835,N,VIIRS,n,2.0NRT,302.39,5.26,D
31.82682,72.33753,340.88,0.41,0.37,2026-10-01,835,N,VIIRS,n,2.0NRT,301.2,2.61,D
31.84672,74.6122,334.27,0.49,0.4,2026-10-01,835,N,VIIRS,n,2.0NRT,301.62,4.04,D
31.86102,72.38381,332.42,0.41,0.37,2026-10-01,835,N,VIIRS,n,2.0NRT,301.96,1.71,D
31.86555,73.53249,333.64,0.44,0.38,2026-10-01,835,N,VIIRS,n,2.0NRT,302.79,2.68,D
31.86695,73.53561,333.37,0.44,0.38,2026-10-01,835,N,VIIRS,n,2.0NRT,301.44,2.33,D
31.91385,74.16005,334.53,0.47,0.4,2026-10-01,835,N,VIIRS,n,2.0NRT,301.83,8.02,D
31.91447,74.16499,347,0.47,0.4,2026-10-01,835,N,VIIRS,n,2.0NRT,301.4,8.02,D
31.91712,74.74688,335.96,0.5,0.41,2026-10-01,835,N,VIIRS,n,2.0NRT,303.25,3.64,D
31.93505,74.868,333.05,0.5,0.41,2026-10-01,835,N,VIIRS,n,2.0NRT,300.8,2.97,D
31.93571,74.00772,337.86,0.46,0.39,2026-10-01,835,N,VIIRS,n,2.0NRT,305.04,7.78,D
31.94404,74.16706,333.1,0.47,0.4,2026-10-01,835,N,VIIRS,n,2.0NRT,301.16,5,D
31.9448,74.16999,342.57,0.47,0.4,2026-10-01,835,N,VIIRS,n,2.0NRT,302.23,4.89,D
31.99009,74.42601,332.85,0.48,0.4,2026-10-01,835,N,VIIRS,n,2.0NRT,300.21,4.31,D
31.9907,74.43111,330.74,0.48,0.4,2026-10-01,835,N,VIIRS,n,2.0NRT,299.93,4.31,D
32.00037,73.66057,332.2,0.45,0.39,2026-10-01,835,N,VIIRS,l,2.0NRT,302.97,2.3,D
32.08607,73.48826,333.79,0.44,0.39,2026-10-01,835,N,VIIRS,n,2.0NRT,302.69,3.28,D
32.14748,73.83239,337.72,0.46,0.39,2026-10-01,835,N,VIIRS,n,2.0NRT,300.65,4.64,D
32.19444,73.94353,331.04,0.46,0.39,2026-10-01,835,N,VIIRS,l,2.0NRT,301.75,3.58,D
32.1956,73.92337,336.93,0.46,0.39,2026-10-01,835,N,VIIRS,n,2.0NRT,302.34,2.26,D
32.21971,73.93922,340.18,0.46,0.39,2026-10-01,835,N,VIIRS,n,2.0NRT,302.68,3.87,D
32.22332,73.93859,341.73,0.46,0.39,2026-10-01,835,N,VIIRS,n,2.0NRT,302.15,3.87,D
32.23363,73.96184,330.61,0.46,0.39,2026-10-01,835,N,VIIRS,l,2.0NRT,303.36,4.15,D
32.26781,74.20445,332.44,0.47,0.4,2026-10-01,835,N,VIIRS,n,2.0NRT,300.63,3.61,D
32.27399,73.30095,341.16,0.44,0.38,2026-10-01,835,N,VIIRS,n,2.0NRT,302.25,7.53,D
32.45384,73.35632,336.22,0.44,0.38,2026-10-01,835,N,VIIRS,n,2.0NRT,300.22,2.6,D
32.52992,74.16749,336.03,0.47,0.4,2026-10-01,835,N,VIIRS,n,2.0NRT,304.62,3.32,D
33.29699,71.18822,335.12,0.39,0.36,2026-10-01,835,N,VIIRS,n,2.0NRT,302.37,1.74,D
22.05359,88.12357,319.43,0.39,0.59,2026-10-01,1917,N,VIIRS,n,2.0NRT,290.04,2.84,N
22.35453,96.70251,299.94,0.4,0.37,2026-10-01,1917,N,VIIRS,n,2.0NRT,288.43,0.55,N
22.35688,87.28818,308.93,0.45,0.63,2026-10-01,1917,N,VIIRS,n,2.0NRT,292.29,1.43,N
22.35929,87.01646,306.21,0.46,0.64,2026-10-01,1917,N,VIIRS,n,2.0NRT,291.75,1.49,N
22.36224,87.01887,308.12,0.47,0.64,2026-10-01,1917,N,VIIRS,n,2.0NRT,291.59,1.25,N
22.36524,87.01712,315.51,0.46,0.64,2026-10-01,1917,N,VIIRS,n,2.0NRT,293.05,1.49,N
22.36782,87.29832,309.44,0.45,0.63,2026-10-01,1917,N,VIIRS,n,2.0NRT,292.42,1.81,N
22.37525,87.28119,312.12,0.45,0.63,2026-10-01,1917,N,VIIRS,n,2.0NRT,292.48,2.05,N
22.37564,87.27673,318.91,0.45,0.63,2026-10-01,1917,N,VIIRS,n,2.0NRT,293.27,2.05,N
22.38151,87.27737,305.77,0.45,0.63,2026-10-01,1917,N,VIIRS,n,2.0NRT,292.14,1.61,N
22.57082,85.89478,297.91,0.55,0.68,2026-10-01,1917,N,VIIRS,n,2.0NRT,279.82,0.54,N
22.78726,86.20364,304.97,0.53,0.67,2026-10-01,1917,N,VIIRS,n,2.0NRT,291.35,2.03,N
22.79398,86.19882,304.25,0.53,0.67,2026-10-01,1917,N,VIIRS,n,2.0NRT,291.6,2.77,N
22.80267,86.09152,305.16,0.54,0.68,2026-10-01,1917,N,VIIRS,n,2.0NRT,290.15,2.4,N
22.87166,86.06137,304.27,0.54,0.68,2026-10-01,1917,N,VIIRS,n,2.0NRT,288.46,0.89,N
23.48449,87.3666,298.88,0.45,0.63,2026-10-01,1917,N,VIIRS,n,2.0NRT,280.86,0.82,N
23.4849,87.36207,297.03,0.45,0.63,2026-10-01,1917,N,VIIRS,n,2.0NRT,278.67,0.82,N
23.64825,85.43567,309.4,0.6,0.71,2026-10-01,1917,N,VIIRS,n,2.0NRT,287.27,2.24,N
23.65067,85.4399,303.51,0.6,0.71,2026-10-01,1917,N,VIIRS,n,2.0NRT,286.83,1.88,N
23.66352,84.99814,303.39,0.64,0.72,2026-10-01,1917,N,VIIRS,n,2.0NRT,290.78,1.86,N
23.66465,84.99986,303.88,0.64,0.72,2026-10-01,1917,N,VIIRS,n,2.0NRT,291.53,1.49,N
23.66468,87.15623,305.61,0.47,0.64,2026-10-01,1917,N,VIIRS,n,2.0NRT,284.17,1.73,N
23.67841,86.08298,295.69,0.55,0.68,2026-10-01,1917,N,VIIRS,n,2.0NRT,278.49,0.92,N
23.67938,86.09467,299.63,0.55,0.68,2026-10-01,1917,N,VIIRS,n,2.0NRT,281.22,0.58,N
23.67978,86.08913,296.66,0.55,0.68,2026-10-01,1917,N,VIIRS,n,2.0NRT,280.05,0.58,N
23.68019,86.08355,298.22,0.55,0.68,2026-10-01,1917,N,VIIRS,n,2.0NRT,277.3,0.81,N
23.68391,86.09456,301.51,0.55,0.68,2026-10-01,1917,N,VIIRS,n,2.0NRT,280.71,0.8,N
23.73628,86.43287,297.06,0.52,0.67,2026-10-01,1917,N,VIIRS,n,2.0NRT,266.02,0.81,N
23.7777,86.38915,309.56,0.53,0.67,2026-10-01,1917,N,VIIRS,n,2.0NRT,272.43,2.9,N
23.7795,86.20972,301.8,0.54,0.68,2026-10-01,1917,N,VIIRS,n,2.0NRT,282.06,0.94,N
23.78086,86.38971,309.56,0.53,0.67,2026-10-01,1917,N,VIIRS,n,2.0NRT,279.85,2.73,N
24.11465,86.86169,307.3,0.5,0.66,2026-10-01,1917,N,VIIRS,n,2.0NRT,290.04,1.03,N
29.08222,88.01126,297.6,0.48,0.64,2026-10-01,1917,N,VIIRS,n,2.0NRT,276.64,0.88,N
29.08633,88.01115,314.11,0.48,0.64,2026-10-01,1917,N,VIIRS,n,2.0NRT,278.5,2.25,N
29.08821,88.01183,299.71,0.48,0.64,2026-10-01,1917,N,VIIRS,n,2.0NRT,277.64,0.88,N
29.22435,88.3501,298.83,0.46,0.63,2026-10-01,1917,N,VIIRS,n,2.0NRT,279.74,0.81,N
29.2616,91.92312,299.09,0.55,0.51,2026-10-01,1917,N,VIIRS,n,2.0NRT,281.23,1.38,N
29.37436,91.15004,295.35,0.62,0.54,2026-10-01,1917,N,VIIRS,n,2.0NRT,279.86,1.81,N
29.65809,90.89888,297.39,0.32,0.55,2026-10-01,1917,N,VIIRS,n,2.0NRT,280.65,0.61,N
30.06869,96.97961,303.37,0.46,0.39,2026-10-01,1917,N,VIIRS,n,2.0NRT,285.12,1.48,N
17.60595,83.20054,302.77,0.72,0.76,2026-10-01,1919,N,VIIRS,n,2.0NRT,288.96,1.31,N
17.61305,83.20123,305.77,0.72,0.76,2026-10-01,1919,N,VIIRS,n,2.0NRT,288.8,1.47,N
20.76356,85.29844,305.53,0.57,0.69,2026-10-01,1919,N,VIIRS,n,2.0NRT,291.35,2.04,N
20.78599,85.26575,304.55,0.58,0.7,2026-10-01,1919,N,VIIRS,n,2.0NRT,291.59,1.41,N
20.78647,85.26007,307.45,0.58,0.7,2026-10-01,1919,N,VIIRS,n,2.0NRT,291.75,2.23,N
20.79346,85.25513,309.31,0.58,0.7,2026-10-01,1919,N,VIIRS,n,2.0NRT,291.39,2.23,N
20.80614,85.25689,307.98,0.58,0.7,2026-10-01,1919,N,VIIRS,n,2.0NRT,291.83,2.08,N
20.8065,85.25625,310.39,0.58,0.7,2026-10-01,1919,N,VIIRS,n,2.0NRT,291.84,1.83,N
20.86081,84.98591,305.77,0.6,0.71,2026-10-01,1919,N,VIIRS,n,2.0NRT,289.33,1.27,N
20.86291,84.98576,313.23,0.6,0.71,2026-10-01,1919,N,VIIRS,n,2.0NRT,289.4,2.57,N
20.86677,96.38952,308.08,0.4,0.37,2026-10-01,1919,N,VIIRS,n,2.0NRT,291.73,0.98,N
20.8674,84.98695,305.33,0.6,0.71,2026-10-01,1919,N,VIIRS,n,2.0NRT,290.06,1.27,N
20.88778,84.98243,304.9,0.6,0.71,2026-10-01,1919,N,VIIRS,n,2.0NRT,290.17,1.88,N
20.95145,86.04276,303.27,0.52,0.67,2026-10-01,1919,N,VIIRS,n,2.0NRT,291.68,1.33,N
20.96196,85.18778,304.06,0.59,0.7,2026-10-01,1919,N,VIIRS,n,2.0NRT,289.47,2.36,N
20.9627,86.00616,306.31,0.52,0.67,2026-10-01,1919,N,VIIRS,n,2.0NRT,291.6,1.29,N
20.9629,85.17619,303.4,0.59,0.7,2026-10-01,1919,N,VIIRS,n,2.0NRT,289.77,1.56,N
20.96338,85.17033,305.09,0.59,0.7,2026-10-01,1919,N,VIIRS,n,2.0NRT,289.78,1.56,N
20.96386,85.16438,304.38,0.59,0.7,2026-10-01,1919,N,VIIRS,n,2.0NRT,289.57,3.53,N
20.96736,86.00297,306.37,0.52,0.67,2026-10-01,1919,N,VIIRS,n,2.0NRT,291.88,2.35,N
20.96941,86.00163,307.99,0.52,0.67,2026-10-01,1919,N,VIIRS,n,2.0NRT,291.97,2.73,N
20.96947,85.17677,308.62,0.59,0.7,2026-10-01,1919,N,VIIRS,n,2.0NRT,288.92,1.56,N
20.97139,85.1531,305.69,0.59,0.7,2026-10-01,1919,N,VIIRS,n,2.0NRT,289.69,2.14,N
20.97361,86.00356,304.49,0.52,0.67,2026-10-01,1919,N,VIIRS,n,2.0NRT,291.56,1.39,N
20.99813,86.01154,312.98,0.52,0.67,2026-10-01,1919,N,VIIRS,n,2.0NRT,292.02,1.6,N
21.0787,85.03893,309.93,0.6,0.71,2026-10-01,1919,N,VIIRS,n,2.0NRT,289.64,1.95,N
21.07918,85.03295,308.39,0.6,0.71,2026-10-01,1919,N,VIIRS,n,2.0NRT,286.57,1.95,N
21.92124,83.3515,303.42,0.78,0.78,2026-10-01,1919,N,VIIRS,n,2.0NRT,289.28,1.47,N
21.9213,83.35222,301.4,0.78,0.78,2026-10-01,1919,N,VIIRS,n,2.0NRT,289.13,2.56,N
21.92544,85.22118,304.76,0.6,0.7,2026-10-01,1919,N,VIIRS,n,2.0NRT,282.8,1.83,N
22.031,83.3625,301.2,0.78,0.78,2026-10-01,1919,N,VIIRS,n,2.0NRT,289.36,2.52,N
27.31857,91.46394,328.73,0.56,0.51,2026-10-01,1919,N,VIIRS,n,2.0NRT,287.11,5.26,N
27.31874,91.4592,326.42,0.56,0.51,2026-10-01,1919,N,VIIRS,n,2.0NRT,287.61,4.34,N
27.32329,91.46223,299.87,0.56,0.51,2026-10-01,1919,N,VIIRS,n,2.0NRT,285.81,1.07,N
27.32378,91.46017,301.64,0.56,0.51,2026-10-01,1919,N,VIIRS,n,2.0NRT,286.19,0.8,N
29.37385,91.14908,297.23,0.77,0.78,2026-10-01,2055,N,VIIRS,n,2.0NRT,278.21,2.89,N
29.37774,91.15284,296.03,0.78,0.78,2026-10-01,2055,N,VIIRS,n,2.0NRT,278.02,2.9,N
33.68701,72.71252,305.21,0.45,0.39,2026-10-01,2055,N,VIIRS,n,2.0NRT,290.89,1.46,N
35.16534,73.07477,313.13,0.45,0.39,2026-10-01,2055,N,VIIRS,n,2.0NRT,283.59,1.15,N
35.60324,73.53563,330.57,0.44,0.38,2026-10-01,2055,N,VIIRS,n,2.0NRT,284.57,2.37,N
35.60673,73.53645,297.16,0.44,0.38,2026-10-01,2055,N,VIIRS,n,2.0NRT,281.48,2.37,N
36.99633,80.1926,296.79,0.43,0.38,2026-10-01,2055,N,VIIRS,n,2.0NRT,285.4,0.9,N
37.14466,79.49947,302.04,0.41,0.37,2026-10-01,2055,N,VIIRS,n,2.0NRT,288.39,1.32,N
37.20125,79.30067,301.67,0.41,0.37,2026-10-01,2055,N,VIIRS,n,2.0NRT,285.5,0.78,N
37.46605,77.27375,304.58,0.38,0.36,2026-10-01,2055,N,VIIRS,n,2.0NRT,281.85,0.65,N
22.36505,87.02007,308.91,0.65,0.73,2026-10-01,2057,N,VIIRS,n,2.0NRT,290.9,2.14,N
22.36511,87.30488,302.43,0.67,0.74,2026-10-01,2057,N,VIIRS,n,2.0NRT,290.01,1.12,N
22.36577,87.3039,305.44,0.67,0.74,2026-10-01,2057,N,VIIRS,n,2.0NRT,289.76,2.97,N
22.37912,87.27969,313.96,0.67,0.74,2026-10-01,2057,N,VIIRS,n,2.0NRT,291.7,4.09,N
22.78483,86.20559,314.83,0.57,0.69,2026-10-01,2057,N,VIIRS,n,2.0NRT,289.01,2.62,N
22.79724,86.20963,335.48,0.57,0.69,2026-10-01,2057,N,VIIRS,n,2.0NRT,289.96,7.82,N
22.79915,86.09286,303.25,0.56,0.69,2026-10-01,2057,N,VIIRS,n,2.0NRT,286.84,1.27,N
22.87303,86.06219,306.52,0.55,0.68,2026-10-01,2057,N,VIIRS,n,2.0NRT,290.93,1.35,N
22.87447,86.06601,302.64,0.55,0.68,2026-10-01,2057,N,VIIRS,n,2.0NRT,290.68,1.53,N
23.55965,87.24315,303.67,0.63,0.72,2026-10-01,2057,N,VIIRS,n,2.0NRT,288.96,2.71,N
23.55994,87.08564,307.14,0.61,0.71,2026-10-01,2057,N,VIIRS,n,2.0NRT,289.88,1.7,N
23.56492,87.08758,301.75,0.61,0.71,2026-10-01,2057,N,VIIRS,n,2.0NRT,288.76,0.44,N
23.61374,86.78983,304.27,0.59,0.7,2026-10-01,2057,N,VIIRS,n,2.0NRT,290.31,1.5,N
23.65054,85.43954,305.59,0.49,0.65,2026-10-01,2057,N,VIIRS,n,2.0NRT,291.86,1.28,N
23.66302,87.15573,306.72,0.62,0.71,2026-10-01,2057,N,VIIRS,n,2.0NRT,290.98,1.82,N
23.66538,87.1566,308.2,0.62,0.71,2026-10-01,2057,N,VIIRS,n,2.0NRT,290.9,2.26,N
23.6751,86.40217,299.43,0.56,0.69,2026-10-01,2057,N,VIIRS,n,2.0NRT,278.73,1.29,N
23.67645,86.39663,299.4,0.56,0.69,2026-10-01,2057,N,VIIRS,n,2.0NRT,277.49,1.31,N
23.67782,86.39996,299.92,0.56,0.69,2026-10-01,2057,N,VIIRS,n,2.0NRT,278.88,1.73,N
23.67918,86.39449,302.56,0.56,0.68,2026-10-01,2057,N,VIIRS,n,2.0NRT,278.98,1.47,N
23.68543,86.39615,302.74,0.56,0.68,2026-10-01,2057,N,VIIRS,n,2.0NRT,279.82,2.08,N
23.68739,87.12426,303.47,0.61,0.71,2026-10-01,2057,N,VIIRS,n,2.0NRT,288.65,2.02,N
23.69172,87.12527,308.22,0.61,0.71,2026-10-01,2057,N,VIIRS,n,2.0NRT,288.77,2.81,N
23.69386,87.12608,305.01,0.61,0.71,2026-10-01,2057,N,VIIRS,n,2.0NRT,289.05,0.89,N
23.69394,85.3718,311.74,0.48,0.65,2026-10-01,2057,N,VIIRS,n,2.0NRT,291.76,1.92,N
23.695,87.09389,301.83,0.61,0.71,2026-10-01,2057,N,VIIRS,n,2.0NRT,287.95,2.4,N
23.69579,85.28727,306.34,0.48,0.64,2026-10-01,2057,N,VIIRS,n,2.0NRT,291.99,1.19,N
23.69808,85.37172,307.62,0.48,0.65,2026-10-01,2057,N,VIIRS,n,2.0NRT,291.4,1.02,N
23.69829,85.29162,304.3,0.48,0.64,2026-10-01,2057,N,VIIRS,n,2.0NRT,291.82,1.42,N
23.7119,86.45049,307.77,0.56,0.69,2026-10-01,2057,N,VIIRS,n,2.0NRT,287.74,2.73,N
23.73596,86.43407,313.4,0.56,0.69,2026-10-01,2057,N,VIIRS,n,2.0NRT,286.64,2.78,N
23.73846,86.43583,310.53,0.56,0.69,2026-10-01,2057,N,VIIRS,n,2.0NRT,287.81,2.76,N
23.75505,86.42292,302.43,0.56,0.68,2026-10-01,2057,N,VIIRS,n,2.0NRT,284.01,1.2,N
23.75644,86.4049,302.77,0.55,0.68,2026-10-01,2057,N,VIIRS,n,2.0NRT,283.07,1.94,N
23.76051,86.4013,306.45,0.55,0.68,2026-10-01,2057,N,VIIRS,n,2.0NRT,282.15,2.97,N
23.76267,86.40659,305.15,0.55,0.68,2026-10-01,2057,N,VIIRS,n,2.0NRT,282.34,1.72,N
23.76396,86.40131,303.24,0.55,0.68,2026-10-01,2057,N,VIIRS,n,2.0NRT,281.83,1.72,N
23.76672,86.40307,306.11,0.55,0.68,2026-10-01,2057,N,VIIRS,n,2.0NRT,282.29,2.72,N
23.77791,86.20982,304.37,0.54,0.68,2026-10-01,2057,N,VIIRS,n,2.0NRT,271.73,1.22,N
23.78407,86.21149,295.74,0.54,0.68,2026-10-01,2057,N,VIIRS,n,2.0NRT,271.27,0.48,N
23.78481,85.55231,304.23,0.49,0.65,2026-10-01,2057,N,VIIRS,n,2.0NRT,291.16,1.17,N
23.79075,85.55389,313,0.49,0.65,2026-10-01,2057,N,VIIRS,n,2.0NRT,292.28,1.17,N
23.79573,86.35271,305.72,0.55,0.68,2026-10-01,2057,N,VIIRS,n,2.0NRT,283.53,2.21,N
23.79882,86.35452,300.46,0.55,0.68,2026-10-01,2057,N,VIIRS,n,2.0NRT,282.7,1.97,N
23.80101,86.33098,307.63,0.55,0.68,2026-10-01,2057,N,VIIRS,n,2.0NRT,282.73,1.91,N
23.80421,86.33294,308.52,0.55,0.68,2026-10-01,2057,N,VIIRS,n,2.0NRT,282.53,2.94,N
24.14109,82.70583,306.25,0.32,0.55,2026-10-01,2057,N,VIIRS,n,2.0NRT,293.52,0.69,N
24.14648,82.65767,311.75,0.32,0.55,2026-10-01,2057,N,VIIRS,n,2.0NRT,294.24,0.91,N
24.19648,82.71783,306.47,0.32,0.55,2026-10-01,2057,N,VIIRS,n,2.0NRT,293.83,0.65,N
24.19714,82.71475,307.03,0.32,0.55,2026-10-01,2057,N,VIIRS,n,2.0NRT,293.58,1.01,N
24.44846,83.04057,305.97,0.34,0.56,2026-10-01,2057,N,VIIRS,n,2.0NRT,294.1,0.67,N
24.93415,74.63251,316.04,0.39,0.36,2026-10-01,2057,N,VIIRS,n,2.0NRT,296.63,1.54,N
26.09627,68.8769,312.62,0.56,0.43,2026-10-01,2057,N,VIIRS,n,2.0NRT,296.04,1.51,N
26.1041,69.00802,306.59,0.55,0.42,2026-10-01,2057,N,VIIRS,n,2.0NRT,295.34,1.15,N
26.12369,68.81815,307.72,0.56,0.43,2026-10-01,2057,N,VIIRS,n,2.0NRT,294.85,0.43,N
26.17366,68.7576,312.6,0.57,0.43,2026-10-01,2057,N,VIIRS,n,2.0NRT,294.13,1.11,N
26.19098,68.7486,315.44,0.57,0.43,2026-10-01,2057,N,VIIRS,n,2.0NRT,294.15,1.33,N
26.23395,68.91129,317.85,0.56,0.43,2026-10-01,2057,N,VIIRS,n,2.0NRT,294.66,2.02,N
26.23584,68.91072,313.14,0.56,0.43,2026-10-01,2057,N,VIIRS,n,2.0NRT,294.7,1.44,N
26.25883,74.09623,317.33,0.38,0.36,2026-10-01,2057,N,VIIRS,n,2.0NRT,297.76,1.63,N
26.2979,74.12672,308.28,0.38,0.36,2026-10-01,2057,N,VIIRS,n,2.0NRT,297.08,1.42,N
26.60436,73.68594,307.88,0.39,0.36,2026-10-01,2057,N,VIIRS,n,2.0NRT,295.45,1.17,N
26.64227,79.47698,309.88,0.56,0.43,2026-10-01,2057,N,VIIRS,n,2.0NRT,295.09,2.19,N
26.87444,73.51728,313.75,0.39,0.36,2026-10-01,2057,N,VIIRS,n,2.0NRT,295.11,1.62,N
26.87836,73.51403,311.95,0.39,0.36,2026-10-01,2057,N,VIIRS,n,2.0NRT,295.04,1.9,N
27.28771,73.83974,312.54,0.39,0.36,2026-10-01,2057,N,VIIRS,n,2.0NRT,297.13,1.07,N
27.66624,76.13017,305.22,0.4,0.37,2026-10-01,2057,N,VIIRS,n,2.0NRT,294.07,1.14,N
27.66892,76.13496,306.99,0.4,0.37,2026-10-01,2057,N,VIIRS,n,2.0NRT,296.56,1.02,N
27.66961,76.13091,307.1,0.4,0.37,2026-10-01,2057,N,VIIRS,n,2.0NRT,296.81,1.14,N
28.05291,69.37125,305.82,0.55,0.43,2026-10-01,2057,N,VIIRS,n,2.0NRT,295.74,0.58,N
28.21097,77.3232,317.03,0.43,0.38,2026-10-01,2057,N,VIIRS,n,2.0NRT,294.54,1.9,N
28.21445,77.32399,327.25,0.43,0.38,2026-10-01,2057,N,VIIRS,n,2.0NRT,294.6,2.38,N
28.34581,77.2571,313.69,0.43,0.38,2026-10-01,2057,N,VIIRS,n,2.0NRT,295.48,1.25,N
28.34691,77.23041,307.05,0.43,0.38,2026-10-01,2057,N,VIIRS,n,2.0NRT,294.46,0.76,N
28.34747,77.25551,307.75,0.43,0.38,2026-10-01,2057,N,VIIRS,n,2.0NRT,295.67,0.92,N
28.42606,69.70127,310.4,0.54,0.42,2026-10-01,2057,N,VIIRS,n,2.0NRT,296.73,2.08,N
28.66337,77.5766,305.84,0.43,0.38,2026-10-01,2057,N,VIIRS,n,2.0NRT,295.46,0.63,N
29.12507,75.77797,309.43,0.39,0.36,2026-10-01,2057,N,VIIRS,n,2.0NRT,296.54,1.08,N
31.10742,77.69801,301.39,0.42,0.37,2026-10-01,2057,N,VIIRS,n,2.0NRT,283.8,0.77,N
31.2492,76.9268,300.69,0.4,0.37,2026-10-01,2057,N,VIIRS,n,2.0NRT,289.11,0.87,N
31.25991,76.92503,303.37,0.4,0.37,2026-10-01,2057,N,VIIRS,n,2.0NRT,291.1,0.74,N
31.60945,74.40407,308.76,0.39,0.36,2026-10-01,2057,N,VIIRS,n,2.0NRT,295.79,1.04,N
31.68188,73.96173,306.98,0.4,0.37,2026-10-01,2057,N,VIIRS,n,2.0NRT,294.77,0.98,N
31.76933,70.10574,311.26,0.56,0.43,2026-10-01,2057,N,VIIRS,n,2.0NRT,293.79,1.83,N
31.77026,70.111,304.57,0.56,0.43,2026-10-01,2057,N,VIIRS,n,2.0NRT,293.5,1.65,N
32.26839,75.08451,308.28,0.39,0.36,2026-10-01,2057,N,VIIRS,n,2.0NRT,293.79,0.52,N
32.57565,72.56153,310.03,0.44,0.39,2026-10-01,2057,N,VIIRS,n,2.0NRT,295.34,1.43,N
32.71626,72.77528,304.8,0.44,0.38,2026-10-01,2057,N,VIIRS,n,2.0NRT,291.66,1.1,N
32.72137,72.92535,303.99,0.43,0.38,2026-10-01,2057,N,VIIRS,n,2.0NRT,292.2,0.51,N
17.95678,80.79235,301.42,0.33,0.55,2026-10-01,2059,N,VIIRS,n,2.0NRT,278.91,0.71,N
17.95839,80.79562,303.26,0.33,0.55,2026-10-01,2059,N,VIIRS,n,2.0NRT,279.52,0.72,N
17.95901,80.79255,301.05,0.33,0.55,2026-10-01,2059,N,VIIRS,n,2.0NRT,278.9,0.72,N
17.98178,80.82398,300.33,0.33,0.55,2026-10-01,2059,N,VIIRS,n,2.0NRT,277.93,0.62,N
17.98552,80.83135,300.07,0.33,0.55,2026-10-01,2059,N,VIIRS,n,2.0NRT,278.58,0.48,N
18.71704,79.5397,308.67,0.52,0.5,2026-10-01,2059,N,VIIRS,n,2.0NRT,295.41,2.58,N
18.7226,79.53572,310.43,0.52,0.5,2026-10-01,2059,N,VIIRS,n,2.0NRT,295.41,2.23,N
18.8807,72.97102,311.46,0.39,0.36,2026-10-01,2059,N,VIIRS,n,2.0NRT,295.24,3.14,N
19.09848,82.16887,314.23,0.38,0.59,2026-10-01,2059,N,VIIRS,n,2.0NRT,291.5,1.93,N
19.27787,71.42581,309.36,0.39,0.36,2026-10-01,2059,N,VIIRS,n,2.0NRT,296.24,0.96,N
19.31652,73.08571,308.15,0.39,0.36,2026-10-01,2059,N,VIIRS,n,2.0NRT,293.43,2.2,N
19.37,71.35364,330.8,0.39,0.36,2026-10-01,2059,N,VIIRS,n,2.0NRT,294.28,3.37,N
19.53065,71.30073,310.09,0.39,0.36,2026-10-01,2059,N,VIIRS,n,2.0NRT,295.92,1.16,N
19.78681,79.15003,308.21,0.47,0.48,2026-10-01,2059,N,VIIRS,n,2.0NRT,295.5,1.89,N
19.93527,73.71059,306.76,0.4,0.37,2026-10-01,2059,N,VIIRS,n,2.0NRT,291.88,0.87,N
19.93862,73.7112,301.83,0.4,0.37,2026-10-01,2059,N,VIIRS,n,2.0NRT,291.8,0.87,N
20.75823,85.30069,305.4,0.55,0.68,2026-10-01,2059,N,VIIRS,n,2.0NRT,291.41,1.53,N
20.75941,85.29563,313.31,0.55,0.68,2026-10-01,2059,N,VIIRS,n,2.0NRT,291.55,3.48,N
20.76231,85.2975,314.24,0.55,0.68,2026-10-01,2059,N,VIIRS,n,2.0NRT,292.29,3.13,N
20.7816,85.25705,302.63,0.55,0.68,2026-10-01,2059,N,VIIRS,n,2.0NRT,290.8,0.81,N
20.78478,85.2589,306.98,0.55,0.68,2026-10-01,2059,N,VIIRS,n,2.0NRT,291.1,1.78,N
20.78533,85.26931,303.73,0.55,0.68,2026-10-01,2059,N,VIIRS,n,2.0NRT,291.15,1.27,N
20.78656,85.26402,308.42,0.55,0.68,2026-10-01,2059,N,VIIRS,n,2.0NRT,291.68,1.27,N
20.79228,85.25513,308.68,0.55,0.68,2026-10-01,2059,N,VIIRS,n,2.0NRT,291.39,2.45,N
20.79526,85.25491,312.1,0.55,0.68,2026-10-01,2059,N,VIIRS,n,2.0NRT,291.64,3.29,N
20.80461,85.25865,310.33,0.55,0.68,2026-10-01,2059,N,VIIRS,n,2.0NRT,291.36,2.59,N
20.86255,84.98743,311.5,0.52,0.67,2026-10-01,2059,N,VIIRS,n,2.0NRT,288.93,1.6,N
20.86742,84.99423,303.69,0.53,0.67,2026-10-01,2059,N,VIIRS,n,2.0NRT,289.97,1.43,N
20.88922,84.98414,302.27,0.52,0.67,2026-10-01,2059,N,VIIRS,n,2.0NRT,289.26,1.93,N
20.91003,71.4593,320,0.39,0.37,2026-10-01,2059,N,VIIRS,n,2.0NRT,297.91,2.26,N
20.9617,85.19097,303.67,0.54,0.68,2026-10-01,2059,N,VIIRS,n,2.0NRT,290.5,2.06,N
20.96298,85.18554,318.23,0.54,0.68,2026-10-01,2059,N,VIIRS,n,2.0NRT,291.03,2.42,N
20.96329,86.00787,316.51,0.6,0.71,2026-10-01,2059,N,VIIRS,n,2.0NRT,289.91,2.85,N
20.96421,85.18034,303.71,0.54,0.68,2026-10-01,2059,N,VIIRS,n,2.0NRT,290.98,2.42,N
20.96542,85.1752,309.4,0.54,0.68,2026-10-01,2059,N,VIIRS,n,2.0NRT,291.3,2.4,N
20.96662,85.17011,307.28,0.54,0.68,2026-10-01,2059,N,VIIRS,n,2.0NRT,291.08,2.4,N
20.96782,85.16505,304.03,0.54,0.68,2026-10-01,2059,N,VIIRS,n,2.0NRT,291.09,3.1,N
20.96826,86.01565,333.27,0.6,0.71,2026-10-01,2059,N,VIIRS,n,2.0NRT,291.18,6.95,N
20.96968,86.00982,303.34,0.6,0.71,2026-10-01,2059,N,VIIRS,n,2.0NRT,290.29,2.85,N
20.97023,85.15481,311.97,0.53,0.67,2026-10-01,2059,N,VIIRS,n,2.0NRT,290.88,2.62,N
20.9711,86.00397,304.95,0.6,0.71,2026-10-01,2059,N,VIIRS,n,2.0NRT,290.48,2.85,N
20.97154,85.17695,314.35,0.54,0.68,2026-10-01,2059,N,VIIRS,n,2.0NRT,290.96,1.72,N
20.97274,85.17188,311.22,0.54,0.68,2026-10-01,2059,N,VIIRS,n,2.0NRT,290.83,1.72,N
20.97885,85.17364,303.78,0.54,0.68,2026-10-01,2059,N,VIIRS,n,2.0NRT,290.51,1.72,N
20.98118,85.13599,308.27,0.53,0.67,2026-10-01,2059,N,VIIRS,n,2.0NRT,290.96,2.49,N
21.08194,85.03433,305.1,0.52,0.67,2026-10-01,2059,N,VIIRS,n,2.0NRT,289.97,2.3,N
21.10303,72.63674,345.18,0.38,0.36,2026-10-01,2059,N,VIIRS,n,2.0NRT,300.55,7.83,N
21.10518,72.64471,332.42,0.38,0.36,2026-10-01,2059,N,VIIRS,n,2.0NRT,300.22,2.41,N
21.10791,72.64898,313.11,0.38,0.36,2026-10-01,2059,N,VIIRS,n,2.0NRT,299.37,2.11,N
21.10849,72.64529,315.46,0.38,0.36,2026-10-01,2059,N,VIIRS,n,2.0NRT,298.31,2.41,N
21.10965,72.63793,320.72,0.38,0.36,2026-10-01,2059,N,VIIRS,n,2.0NRT,299.38,1.32,N
21.11023,72.63425,314.16,0.38,0.36,2026-10-01,2059,N,VIIRS,n,2.0NRT,299.46,1.32,N
21.23322,79.62952,309.48,0.48,0.48,2026-10-01,2059,N,VIIRS,n,2.0NRT,294.98,1.48,N
21.23385,79.63256,307.25,0.48,0.48,2026-10-01,2059,N,VIIRS,n,2.0NRT,294.97,1.51,N
21.24997,79.20894,323.09,0.45,0.47,2026-10-01,2059,N,VIIRS,n,2.0NRT,294.96,2.46,N
21.33646,78.97166,304.84,0.43,0.46,2026-10-01,2059,N,VIIRS,n,2.0NRT,293.32,0.9,N
21.33727,78.96751,306.68,0.43,0.46,2026-10-01,2059,N,VIIRS,n,2.0NRT,293.42,0.9,N
21.36671,81.68022,306.56,0.32,0.54,2026-10-01,2059,N,VIIRS,n,2.0NRT,291.97,1.02,N
21.3762,81.68297,307.33,0.32,0.54,2026-10-01,2059,N,VIIRS,n,2.0NRT,291.73,1.28,N
21.43675,81.71738,303.92,0.32,0.55,2026-10-01,2059,N,VIIRS,n,2.0NRT,291,0.29,N
21.48695,81.77016,308.28,0.32,0.55,2026-10-01,2059,N,VIIRS,n,2.0NRT,292.17,0.73,N
21.62247,81.79438,309.06,0.32,0.55,2026-10-01,2059,N,VIIRS,n,2.0NRT,292.27,0.78,N
21.67464,82.0823,309.44,0.33,0.56,2026-10-01,2059,N,VIIRS,n,2.0NRT,293.57,1.58,N
21.67619,84.04146,302.14,0.44,0.62,2026-10-01,2059,N,VIIRS,n,2.0NRT,288.82,0.94,N
21.67715,84.03725,303.61,0.44,0.62,2026-10-01,2059,N,VIIRS,n,2.0NRT,288.53,0.94,N
21.74149,83.84314,309.51,0.43,0.62,2026-10-01,2059,N,VIIRS,n,2.0NRT,291.77,1.48,N
21.7444,83.84616,303.4,0.43,0.62,2026-10-01,2059,N,VIIRS,n,2.0NRT,290.98,1.74,N
21.74534,83.84199,316.63,0.43,0.62,2026-10-01,2059,N,VIIRS,n,2.0NRT,291.23,1.74,N
21.74706,83.84474,313.07,0.43,0.62,2026-10-01,2059,N,VIIRS,n,2.0NRT,291.6,1.48,N
21.74803,83.84056,311.69,0.43,0.62,2026-10-01,2059,N,VIIRS,n,2.0NRT,291.05,1.48,N
21.75091,83.84361,315.66,0.43,0.62,2026-10-01,2059,N,VIIRS,n,2.0NRT,291.54,2.05,N
21.75295,83.97391,308.26,0.44,0.62,2026-10-01,2059,N,VIIRS,n,2.0NRT,289.9,1.38,N
21.75353,84.02339,306.77,0.44,0.62,2026-10-01,2059,N,VIIRS,n,2.0NRT,289.35,1.25,N
21.75361,83.84216,314.13,0.43,0.62,2026-10-01,2059,N,VIIRS,n,2.0NRT,291.11,1.43,N
21.7565,83.84515,321.77,0.43,0.62,2026-10-01,2059,N,VIIRS,n,2.0NRT,292.39,2.05,N
21.75825,83.84781,305.15,0.43,0.62,2026-10-01,2059,N,VIIRS,n,2.0NRT,290.82,1.43,N
21.7592,83.84367,311.01,0.43,0.62,2026-10-01,2059,N,VIIRS,n,2.0NRT,291.49,1.43,N
21.7592,84.02486,305.82,0.44,0.62,2026-10-01,2059,N,VIIRS,n,2.0NRT,289.04,1.07,N
21.76017,84.02067,303.58,0.44,0.62,2026-10-01,2059,N,VIIRS,n,2.0NRT,289.6,1.07,N
21.76116,83.85086,308.77,0.43,0.62,2026-10-01,2059,N,VIIRS,n,2.0NRT,291.02,1.41,N
21.7621,83.84666,310.16,0.43,0.62,2026-10-01,2059,N,VIIRS,n,2.0NRT,290.99,1.41,N
21.76384,83.84933,311.01,0.43,0.62,2026-10-01,2059,N,VIIRS,n,2.0NRT,291.33,1.71,N
21.76583,84.02216,303.65,0.44,0.62,2026-10-01,2059,N,VIIRS,n,2.0NRT,289.39,1.07,N
21.76679,84.01798,306.72,0.44,0.62,2026-10-01,2059,N,VIIRS,n,2.0NRT,289.45,2.3,N
21.8036,82.04042,307.41,0.33,0.55,2026-10-01,2059,N,VIIRS,n,2.0NRT,293.21,1.02,N
21.82039,83.99634,303.07,0.44,0.62,2026-10-01,2059,N,VIIRS,n,2.0NRT,290.03,1,N
21.82336,73.11362,306.81,0.38,0.36,2026-10-01,2059,N,VIIRS,n,2.0NRT,294.73,0.94,N
21.87417,83.49597,307.03,0.4,0.6,2026-10-01,2059,N,VIIRS,n,2.0NRT,291.42,0.95,N
21.87825,83.55491,305.31,0.41,0.6,2026-10-01,2059,N,VIIRS,n,2.0NRT,291.07,1.16,N
21.91821,83.35223,310.34,0.4,0.6,2026-10-01,2059,N,VIIRS,n,2.0NRT,291.51,2.01,N
21.92364,83.35364,307.84,0.4,0.6,2026-10-01,2059,N,VIIRS,n,2.0NRT,291.87,1.12,N
21.9245,83.34981,304.5,0.4,0.6,2026-10-01,2059,N,VIIRS,n,2.0NRT,291.74,1.12,N
21.92621,83.34222,306.69,0.39,0.6,2026-10-01,2059,N,VIIRS,n,2.0NRT,291.93,2.22,N
21.92661,85.22371,311.55,0.52,0.67,2026-10-01,2059,N,VIIRS,n,2.0NRT,289.83,2.56,N
21.96931,85.31584,300.67,0.52,0.67,2026-10-01,2059,N,VIIRS,n,2.0NRT,289.05,0.49,N
21.9847,83.23386,311.87,0.39,0.59,2026-10-01,2059,N,VIIRS,n,2.0NRT,291.58,1.7,N
22.00466,82.67107,315.48,0.36,0.57,2026-10-01,2059,N,VIIRS,n,2.0NRT,294.05,2.18,N
22.01585,83.75331,303.89,0.42,0.61,2026-10-01,2059,N,VIIRS,n,2.0NRT,291,0.94,N
22.03764,83.355,304.94,0.39,0.6,2026-10-01,2059,N,VIIRS,n,2.0NRT,291.92,2.24,N
22.0385,83.35117,310.68,0.39,0.6,2026-10-01,2059,N,VIIRS,n,2.0NRT,292.01,1.72,N
22.0389,83.72964,303.22,0.41,0.61,2026-10-01,2059,N,VIIRS,n,2.0NRT,291.29,1.05,N
22.05411,85.46572,300.85,0.53,0.67,2026-10-01,2059,N,VIIRS,n,2.0NRT,289.28,0.8,N
22.10606,83.12492,309.99,0.38,0.59,2026-10-01,2059,N,VIIRS,n,2.0NRT,291.52,0.97,N
22.21788,84.75542,302.58,0.48,0.64,2026-10-01,2059,N,VIIRS,n,2.0NRT,290.65,2.04,N
22.31341,82.53162,308.66,0.34,0.56,2026-10-01,2059,N,VIIRS,n,2.0NRT,292.54,1.53,N
22.31635,82.56749,303.38,0.35,0.56,2026-10-01,2059,N,VIIRS,n,2.0NRT,292.85,0.69,N
22.31855,82.55753,305.08,0.35,0.56,2026-10-01,2059,N,VIIRS,n,2.0NRT,292.93,0.95,N
22.35792,82.30445,314.9,0.33,0.56,2026-10-01,2059,N,VIIRS,n,2.0NRT,294.16,1.71,N
22.35862,82.30124,326.49,0.33,0.56,2026-10-01,2059,N,VIIRS,n,2.0NRT,293.43,1.71,N
22.36545,73.11513,307.78,0.38,0.36,2026-10-01,2059,N,VIIRS,n,2.0NRT,297.19,3.62,N
22.41663,69.04137,312.36,0.49,0.41,2026-10-01,2059,N,VIIRS,n,2.0NRT,295.49,1.7,N
22.5724,85.89845,306.01,0.55,0.68,2026-10-01,2059,N,VIIRS,n,2.0NRT,289.57,1.55,N
22.63618,75.5984,308.79,0.43,0.38,2026-10-01,2059,N,VIIRS,n,2.0NRT,292.83,0.83,N
22.90658,69.7038,305.49,0.47,0.39,2026-10-01,2059,N,VIIRS,n,2.0NRT,295.31,1.54,N
22.93268,69.70069,312.87,0.47,0.39,2026-10-01,2059,N,VIIRS,n,2.0NRT,296.08,1.77,N
22.9333,69.69612,313.61,0.47,0.39,2026-10-01,2059,N,VIIRS,n,2.0NRT,295.88,1.94,N
23.16224,82.33451,303.17,0.32,0.55,2026-10-01,2059,N,VIIRS,n,2.0NRT,292.25,1.36,N
23.16584,82.34216,328.38,0.32,0.55,2026-10-01,2059,N,VIIRS,n,2.0NRT,294.61,2.04,N
23.16653,82.33899,313.71,0.32,0.55,2026-10-01,2059,N,VIIRS,n,2.0NRT,294.18,2.04,N
24.57994,74.80261,307.59,0.39,0.36,2026-10-01,2059,N,VIIRS,n,2.0NRT,295.72,0.91,N
24.6892,73.00124,308.37,0.39,0.36,2026-10-01,2059,N,VIIRS,n,2.0NRT,295.3,0.96,N
24.71421,74.67007,305.36,0.39,0.36,2026-10-01,2059,N,VIIRS,n,2.0NRT,295.36,0.84,N
24.76217,74.60825,311.57,0.39,0.36,2026-10-01,2059,N,VIIRS,n,2.0NRT,295.25,1.17,N
24.76549,74.6089,312.51,0.39,0.36,2026-10-01,2059,N,VIIRS,n,2.0NRT,297.54,1.17,N
24.82043,73.09044,309.15,0.39,0.36,2026-10-01,2059,N,VIIRS,n,2.0NRT,296.73,2.07,N
25.38628,68.58385,318.02,0.57,0.43,2026-10-01,2059,N,VIIRS,n,2.0NRT,295.65,1.16,N
25.39026,68.58444,307.3,0.57,0.43,2026-10-01,2059,N,VIIRS,n,2.0NRT,295.75,1.16,N
11.81003,77.92289,309.3,0.55,0.51,2026-10-01,2101,N,VIIRS,n,2.0NRT,289.49,2.06,N
11.81104,77.92434,307.49,0.55,0.51,2026-10-01,2101,N,VIIRS,n,2.0NRT,289.53,2.11,N
13.39145,80.10264,307.69,0.36,0.57,2026-10-01,2101,N,VIIRS,n,2.0NRT,286.02,1.08,N
15.16961,76.38056,307.7,0.39,0.44,2026-10-01,2101,N,VIIRS,n,2.0NRT,291.73,1.57,N
15.17352,76.65665,305.44,0.4,0.44,2026-10-01,2101,N,VIIRS,n,2.0NRT,291.19,1.57,N
15.17399,76.65643,306.69,0.4,0.44,2026-10-01,2101,N,VIIRS,n,2.0NRT,291.11,1.7,N
15.17619,76.66489,305.89,0.4,0.44,2026-10-01,2101,N,VIIRS,n,2.0NRT,290.69,1.54,N
15.17667,77.10123,308.96,0.43,0.46,2026-10-01,2101,N,VIIRS,n,2.0NRT,292.2,2.02,N
15.17757,76.65747,316.22,0.4,0.44,2026-10-01,2101,N,VIIRS,n,2.0NRT,292.17,1.57,N
15.17805,76.65726,315.07,0.4,0.44,2026-10-01,2101,N,VIIRS,n,2.0NRT,292.65,1.7,N
15.17817,76.67684,307.82,0.4,0.44,2026-10-01,2101,N,VIIRS,n,2.0NRT,291.99,2.6,N
15.17826,76.65376,309.07,0.4,0.44,2026-10-01,2101,N,VIIRS,n,2.0NRT,292.22,1.97,N
15.17871,76.65355,307.04,0.4,0.44,2026-10-01,2101,N,VIIRS,n,2.0NRT,292.17,1.78,N
15.18024,76.6657,310.46,0.4,0.44,2026-10-01,2101,N,VIIRS,n,2.0NRT,292.13,2,N
15.18429,76.66653,324.63,0.4,0.44,2026-10-01,2101,N,VIIRS,n,2.0NRT,291.37,2,N
15.22548,76.76352,300.29,0.4,0.45,2026-10-01,2101,N,VIIRS,n,2.0NRT,283.03,0.63,N
15.31072,77.07758,298.36,0.42,0.45,2026-10-01,2101,N,VIIRS,n,2.0NRT,281.51,0.15,N
15.33252,76.28554,309.68,0.57,0.43,2026-10-01,2101,N,VIIRS,n,2.0NRT,292.39,1.99,N
15.65953,73.99049,309.51,0.43,0.38,2026-10-01,2101,N,VIIRS,n,2.0NRT,289.3,0.97,N
17.14105,77.18327,303.88,0.4,0.44,2026-10-01,2101,N,VIIRS,n,2.0NRT,284.77,0.67,N
17.37133,77.44744,311.7,0.41,0.45,2026-10-01,2101,N,VIIRS,n,2.0NRT,294.21,0.98,N
18.68027,73.03762,309.14,0.39,0.36,2026-10-01,2101,N,VIIRS,n,2.0NRT,295.3,3.51,N
18.68087,73.03395,309.42,0.39,0.36,2026-10-01,2101,N,VIIRS,n,2.0NRT,295.13,3.69,N
18.683,73.04191,320.5,0.39,0.36,2026-10-01,2101,N,VIIRS,n,2.0NRT,296.1,1.7,N
18.68361,73.03822,307.44,0.39,0.36,2026-10-01,2101,N,VIIRS,n,2.0NRT,295.28,1.7,N
18.68694,73.03883,306.89,0.39,0.36,2026-10-01,2101,N,VIIRS,n,2.0NRT,294.98,1.7,N
18.693,73.0437,316.05,0.39,0.36,2026-10-01,2101,N,VIIRS,n,2.0NRT,295.58,2.85,N
18.6936,73.04002,318.71,0.39,0.36,2026-10-01,2101,N,VIIRS,n,2.0NRT,296.02,2.85,N
13.04705,96.86747,335.65,0.32,0.54,2026-10-02,627,N,VIIRS,n,2.0NRT,290.66,2,D
22.26483,96.02609,328.44,0.49,0.48,2026-10-02,631,N,VIIRS,n,2.0NRT,292.46,2.26,D
29.60357,91.00078,327.08,0.35,0.57,2026-10-02,633,N,VIIRS,l,2.0NRT,297.37,1.68,D
7.28448,80.88157,340.64,0.39,0.36,2026-10-02,807,N,VIIRS,n,2.0NRT,299.83,6.35,D
7.34932,80.99494,337.68,0.38,0.36,2026-10-02,807,N,VIIRS,n,2.0NRT,304.84,4.78,D
7.46478,81.24254,331.15,0.38,0.36,2026-10-02,807,N,VIIRS,l,2.0NRT,302.61,2.98,D
7.48968,81.66943,337.59,0.39,0.36,2026-10-02,807,N,VIIRS,n,2.0NRT,306.41,1.87,D
7.63144,80.38892,332.34,0.39,0.36,2026-10-02,807,N,VIIRS,n,2.0NRT,301.46,2.14,D
7.6417,80.94051,332.13,0.38,0.36,2026-10-02,807,N,VIIRS,n,2.0NRT,301.82,3.46,D
7.6546,81.00246,335.39,0.38,0.36,2026-10-02,807,N,VIIRS,n,2.0NRT,302.08,3.22,D
7.65845,81.00542,344.07,0.38,0.36,2026-10-02,807,N,VIIRS,n,2.0NRT,305.71,7.75,D
7.74555,80.08131,333.96,0.39,0.36,2026-10-02,807,N,VIIRS,n,2.0NRT,299.79,4.95,D
7.78015,81.0257,340.43,0.38,0.36,2026-10-02,807,N,VIIRS,n,2.0NRT,303.71,5.6,D
7.82749,81.22432,349.72,0.38,0.36,2026-10-02,807,N,VIIRS,n,2.0NRT,305.85,13.51,D
7.8308,81.22381,341.09,0.38,0.36,2026-10-02,807,N,VIIRS,n,2.0NRT,301.32,13.51,D
7.86887,79.97788,334.27,0.39,0.36,2026-10-02,807,N,VIIRS,n,2.0NRT,295.19,4.38,D
7.95909,81.15698,330.54,0.38,0.36,2026-10-02,807,N,VIIRS,l,2.0NRT,302.39,3.96,D
7.96103,81.01463,330.36,0.38,0.36,2026-10-02,807,N,VIIRS,l,2.0NRT,300.65,3.29,D
8.02994,80.91099,338.75,0.38,0.36,2026-10-02,807,N,VIIRS,n,2.0NRT,294.92,3.54,D
8.03448,80.19431,331.02,0.39,0.36,2026-10-02,807,N,VIIRS,l,2.0NRT,301.33,2.57,D
8.10315,81.03738,330.21,0.38,0.36,2026-10-02,807,N,VIIRS,n,2.0NRT,297.96,2.2,D
8.18324,81.00719,340.2,0.38,0.36,2026-10-02,807,N,VIIRS,n,2.0NRT,299.92,4.11,D
8.18655,81.00668,336.4,0.38,0.36,2026-10-02,807,N,VIIRS,n,2.0NRT,300.34,3.66,D
8.28739,80.30119,331.81,0.39,0.36,2026-10-02,807,N,VIIRS,l,2.0NRT,302.01,2.23,D
8.32318,80.18047,342.53,0.39,0.36,2026-10-02,807,N,VIIRS,n,2.0NRT,305.47,18.45,D
8.39176,80.25534,333.36,0.39,0.36,2026-10-02,807,N,VIIRS,l,2.0NRT,303.45,2.58,D
8.41401,80.2231,345.98,0.39,0.36,2026-10-02,807,N,VIIRS,n,2.0NRT,307.73,7.04,D
8.43678,80.39184,330.1,0.39,0.36,2026-10-02,807,N,VIIRS,l,2.0NRT,302.57,2.77,D
8.46828,80.24341,340.93,0.39,0.36,2026-10-02,807,N,VIIRS,n,2.0NRT,303.6,3.39,D
8.50202,80.24475,335.8,0.39,0.36,2026-10-02,807,N,VIIRS,n,2.0NRT,302.18,1.87,D
8.50256,80.24825,336.99,0.39,0.36,2026-10-02,807,N,VIIRS,n,2.0NRT,304.67,1.73,D
8.60386,80.66164,333.37,0.38,0.36,2026-10-02,807,N,VIIRS,n,2.0NRT,302.16,3.43,D
8.66759,80.33001,331.19,0.39,0.36,2026-10-02,807,N,VIIRS,l,2.0NRT,302.81,2.54,D
8.87241,80.86839,336.66,0.38,0.36,2026-10-02,807,N,VIIRS,n,2.0NRT,301.34,3.45,D
8.87294,80.87187,337.76,0.38,0.36,2026-10-02,807,N,VIIRS,n,2.0NRT,302.76,3.45,D
8.89616,80.75791,331.19,0.38,0.36,2026-10-02,807,N,VIIRS,n,2.0NRT,299.3,2.37,D
8.89966,80.82502,335.95,0.38,0.36,2026-10-02,807,N,VIIRS,n,2.0NRT,298.97,4.03,D
8.90924,80.88762,334.53,0.38,0.36,2026-10-02,807,N,VIIRS,n,2.0NRT,302.05,3.05,D
8.93226,80.81915,338.44,0.38,0.36,2026-10-02,807,N,VIIRS,n,2.0NRT,300.41,2.82,D
8.93911,80.77537,332.02,0.38,0.36,2026-10-02,807,N,VIIRS,n,2.0NRT,301.61,1.83,D
8.94956,80.55635,343.24,0.38,0.36,2026-10-02,807,N,VIIRS,n,2.0NRT,306.62,20.88,D
8.95287,80.55583,337.67,0.38,0.36,2026-10-02,807,N,VIIRS,n,2.0NRT,303.37,20.88,D
9.06839,80.71191,335.27,0.38,0.36,2026-10-02,807,N,VIIRS,n,2.0NRT,297.26,5.31,D
9.09057,80.4621,335.6,0.39,0.36,2026-10-02,807,N,VIIRS,n,2.0NRT,301.01,3.2,D
9.17249,80.53147,347.15,0.38,0.36,2026-10-02,807,N,VIIRS,n,2.0NRT,300.89,6.25,D
9.22087,80.64803,335.07,0.38,0.36,2026-10-02,807,N,VIIRS,n,2.0NRT,301.83,5.22,D
9.37941,80.60124,334.41,0.38,0.36,2026-10-02,807,N,VIIRS,n,2.0NRT,303.98,3.42,D
9.42821,80.52165,336.48,0.38,0.36,2026-10-02,807,N,VIIRS,n,2.0NRT,304.97,1.54,D
9.46071,77.92206,335.56,0.45,0.39,2026-10-02,807,N,VIIRS,n,2.0NRT,301.8,4.11,D
9.47924,80.45656,333.84,0.38,0.36,2026-10-02,807,N,VIIRS,l,2.0NRT,306.86,2.75,D
9.48255,80.45604,341.15,0.38,0.36,2026-10-02,807,N,VIIRS,n,2.0NRT,306.99,7.1,D
9.48322,80.24406,342.01,0.39,0.36,2026-10-02,807,N,VIIRS,n,2.0NRT,305.31,5.01,D
10.32206,79.34957,334.15,0.39,0.37,2026-10-02,809,N,VIIRS,n,2.0NRT,298.34,2.8,D
10.41835,79.25252,337.66,0.4,0.37,2026-10-02,809,N,VIIRS,n,2.0NRT,302.01,4.37,D
10.50323,77.80206,333.51,0.44,0.38,2026-10-02,809,N,VIIRS,l,2.0NRT,307.6,4.32,D
10.63588,79.64193,330.01,0.39,0.36,2026-10-02,809,N,VIIRS,l,2.0NRT,303.38,2.24,D
11.07815,79.65669,338.91,0.39,0.36,2026-10-02,809,N,VIIRS,n,2.0NRT,303.16,4.55,D
11.87286,76.63638,330.85,0.48,0.4,2026-10-02,809,N,VIIRS,n,2.0NRT,297.7,3.92,D
12.07595,78.74899,334.53,0.4,0.37,2026-10-02,809,N,VIIRS,n,2.0NRT,300.46,2.81,D
12.62045,79.54345,332.97,0.39,0.36,2026-10-02,809,N,VIIRS,n,2.0NRT,301.69,3.04,D
12.81738,79.46049,347.66,0.39,0.36,2026-10-02,809,N,VIIRS,n,2.0NRT,303.94,9.33,D
13.17219,80.2739,348.14,0.39,0.36,2026-10-02,809,N,VIIRS,n,2.0NRT,307.69,8.01,D
13.19529,80.29199,332.8,0.39,0.36,2026-10-02,809,N,VIIRS,l,2.0NRT,305.03,1.93,D
13.27583,80.13022,335.62,0.38,0.36,2026-10-02,809,N,VIIRS,n,2.0NRT,302.12,3.31,D
13.39292,80.10063,330.76,0.38,0.36,2026-10-02,809,N,VIIRS,l,2.0NRT,305.31,1.72,D
13.40894,80.09447,331.11,0.38,0.36,2026-10-02,809,N,VIIRS,l,2.0NRT,305.47,1.56,D
13.59736,79.55585,337.48,0.38,0.36,2026-10-02,809,N,VIIRS,n,2.0NRT,307.32,2.22,D
13.59791,79.55939,333.75,0.38,0.36,2026-10-02,809,N,VIIRS,l,2.0NRT,305.97,1.9,D
13.77253,79.68336,333.8,0.38,0.36,2026-10-02,809,N,VIIRS,n,2.0NRT,303.58,2.17,D
13.82275,79.63491,335.91,0.38,0.36,2026-10-02,809,N,VIIRS,n,2.0NRT,304.8,4.12,D
13.85134,79.66656,336.77,0.38,0.36,2026-10-02,809,N,VIIRS,n,2.0NRT,306.08,2.15,D
13.87395,79.6593,336.57,0.38,0.36,2026-10-02,809,N,VIIRS,n,2.0NRT,305.66,2.48,D
14.01889,79.28264,339.22,0.39,0.36,2026-10-02,809,N,VIIRS,n,2.0NRT,306.65,5.99,D
14.0222,79.2821,343.5,0.39,0.36,2026-10-02,809,N,VIIRS,n,2.0NRT,306.7,5.99,D
14.45041,79.38162,333.91,0.38,0.36,2026-10-02,809,N,VIIRS,n,2.0NRT,299.58,3.11,D
14.48566,78.20309,332.78,0.4,0.37,2026-10-02,809,N,VIIRS,l,2.0NRT,302.96,2.69,D
14.50336,79.63835,337.38,0.38,0.36,2026-10-02,809,N,VIIRS,n,2.0NRT,306.52,3.24,D
14.6059,77.51727,330.08,0.41,0.37,2026-10-02,809,N,VIIRS,l,2.0NRT,302.05,1.12,D
14.62822,78.5488,333.43,0.39,0.36,2026-10-02,809,N,VIIRS,l,2.0NRT,304.52,2.89,D
14.8452,80.01656,335.65,0.39,0.36,2026-10-02,809,N,VIIRS,n,2.0NRT,304.79,1.61,D
15.12581,79.61521,341.9,0.38,0.36,2026-10-02,809,N,VIIRS,n,2.0NRT,300.56,4.34,D
15.17645,76.65423,339.75,0.44,0.38,2026-10-02,809,N,VIIRS,l,2.0NRT,300.54,4.33,D
15.17712,76.6583,341.05,0.44,0.38,2026-10-02,809,N,VIIRS,l,2.0NRT,301.28,4.33,D
15.1798,76.65472,338.24,0.44,0.38,2026-10-02,809,N,VIIRS,n,2.0NRT,299.62,5.86,D
15.18044,76.67863,330.05,0.44,0.38,2026-10-02,809,N,VIIRS,l,2.0NRT,300.45,4.37,D
15.18185,76.66691,333.58,0.44,0.38,2026-10-02,809,N,VIIRS,l,2.0NRT,301.02,4.7,D
15.18196,76.6658,330.81,0.44,0.38,2026-10-02,809,N,VIIRS,l,2.0NRT,300.89,3.86,D
15.27213,78.89359,336.58,0.39,0.36,2026-10-02,809,N,VIIRS,l,2.0NRT,307.14,2.58,D
15.40609,80.03831,335.29,0.39,0.36,2026-10-02,809,N,VIIRS,n,2.0NRT,305.18,2.92,D
15.42653,76.05802,330.75,0.46,0.39,2026-10-02,809,N,VIIRS,l,2.0NRT,303.19,3.14,D
15.46558,79.73826,336.53,0.39,0.36,2026-10-02,809,N,VIIRS,n,2.0NRT,298.45,4.19,D
15.52621,73.99226,330.89,0.4,0.44,2026-10-02,809,N,VIIRS,n,2.0NRT,299.67,3.05,D
15.70196,78.3106,332.53,0.39,0.36,2026-10-02,809,N,VIIRS,l,2.0NRT,304.98,2.86,D
15.74291,75.51815,336.05,0.49,0.4,2026-10-02,809,N,VIIRS,n,2.0NRT,304.02,1.38,D
15.81623,75.42181,336.56,0.49,0.41,2026-10-02,809,N,VIIRS,n,2.0NRT,304.43,2.75,D
15.99307,79.5119,332.96,0.38,0.36,2026-10-02,809,N,VIIRS,l,2.0NRT,304.35,2.23,D
16.02864,75.66051,333.32,0.48,0.4,2026-10-02,809,N,VIIRS,l,2.0NRT,307.27,4.36,D
16.0734,79.79652,336.37,0.39,0.36,2026-10-02,809,N,VIIRS,n,2.0NRT,303.49,3.1,D
16.43943,79.71398,332.54,0.39,0.36,2026-10-02,809,N,VIIRS,l,2.0NRT,306.18,3.21,D
16.45871,79.54866,332.81,0.39,0.36,2026-10-02,809,N,VIIRS,l,2.0NRT,304.57,3.23,D
16.46093,79.54095,341.33,0.39,0.36,2026-10-02,809,N,VIIRS,n,2.0NRT,305.76,5.59,D
16.64364,79.0733,336.33,0.38,0.36,2026-10-02,809,N,VIIRS,n,2.0NRT,302.73,1.16,D
16.74195,80.2963,330,0.4,0.37,2026-10-02,809,N,VIIRS,l,2.0NRT,301.8,3.6,D
16.82358,79.27783,337.28,0.38,0.36,2026-10-02,809,N,VIIRS,n,2.0NRT,300.4,2.53,D
16.84901,78.17395,331.86,0.39,0.36,2026-10-02,809,N,VIIRS,n,2.0NRT,301.83,3.05,D
16.89101,78.4194,337.56,0.39,0.36,2026-10-02,809,N,VIIRS,n,2.0NRT,304.82,3.28,D
17.06083,80.93665,335.38,0.41,0.37,2026-10-02,809,N,VIIRS,n,2.0NRT,299.65,2.18,D
17.0639,80.76337,367,0.41,0.37,2026-10-02,809,N,VIIRS,h,2.0NRT,300.01,14.87,D
17.64072,78.95608,344.54,0.38,0.36,2026-10-02,809,N,VIIRS,n,2.0NRT,301.13,5.24,D
17.95707,80.79548,332.65,0.41,0.37,2026-10-02,809,N,VIIRS,l,2.0NRT,305.59,4.03,D
17.98273,80.82749,333.08,0.42,0.37,2026-10-02,809,N,VIIRS,l,2.0NRT,306,5.81,D
17.54486,74.87785,341.87,0.5,0.41,2026-10-02,811,N,VIIRS,n,2.0NRT,302.05,4.47,D
17.67665,76.05052,332.19,0.44,0.38,2026-10-02,811,N,VIIRS,l,2.0NRT,304.14,1.93,D
18.70325,74.20592,342.74,0.52,0.42,2026-10-02,811,N,VIIRS,n,2.0NRT,302.62,2.59,D
18.72731,78.3844,334.89,0.38,0.36,2026-10-02,811,N,VIIRS,l,2.0NRT,304.92,4.25,D
18.73722,78.38272,337.24,0.38,0.36,2026-10-02,811,N,VIIRS,n,2.0NRT,306.37,3.71,D
18.77425,78.44705,332.27,0.38,0.36,2026-10-02,811,N,VIIRS,n,2.0NRT,299.46,3.32,D
18.78571,78.38937,332.26,0.38,0.36,2026-10-02,811,N,VIIRS,l,2.0NRT,304.42,4.57,D
18.79669,78.37262,345.38,0.38,0.36,2026-10-02,811,N,VIIRS,n,2.0NRT,302.07,4.16,D
18.80219,78.36424,336.21,0.38,0.36,2026-10-02,811,N,VIIRS,n,2.0NRT,303.54,4.27,D
18.81935,78.40968,330.93,0.38,0.36,2026-10-02,811,N,VIIRS,l,2.0NRT,303.78,2.16,D
18.82553,78.47184,332.63,0.38,0.36,2026-10-02,811,N,VIIRS,n,2.0NRT,303.03,2.15,D
18.82718,78.41598,347.24,0.38,0.36,2026-10-02,811,N,VIIRS,n,2.0NRT,303.71,6.41,D
18.82774,78.4196,338.68,0.38,0.36,2026-10-02,811,N,VIIRS,n,2.0NRT,303.16,3.47,D
18.84486,78.44274,335.53,0.38,0.36,2026-10-02,811,N,VIIRS,n,2.0NRT,302.99,3.35,D
18.8734,78.3858,331.48,0.38,0.36,2026-10-02,811,N,VIIRS,n,2.0NRT,301.95,1.98,D
18.87589,78.27003,330.76,0.38,0.36,2026-10-02,811,N,VIIRS,l,2.0NRT,303.23,1.89,D
18.89048,78.38663,334.37,0.38,0.36,2026-10-02,811,N,VIIRS,n,2.0NRT,300.7,1.65,D
18.90594,78.39889,335.92,0.38,0.36,2026-10-02,811,N,VIIRS,n,2.0NRT,304.1,3.16,D
18.98864,79.80825,336.35,0.4,0.37,2026-10-02,811,N,VIIRS,n,2.0NRT,302.11,3.56,D
19.5578,83.5219,331.85,0.38,0.44,2026-10-02,811,N,VIIRS,n,2.0NRT,297.3,2.3,D
19.77793,77.75636,336.3,0.39,0.36,2026-10-02,811,N,VIIRS,l,2.0NRT,306.55,2.62,D
19.96288,79.33514,335.93,0.39,0.36,2026-10-02,811,N,VIIRS,n,2.0NRT,301.92,3.38,D
20.53233,85.90872,333.24,0.56,0.51,2026-10-02,811,N,VIIRS,n,2.0NRT,297.96,4.53,D
20.62644,77.09985,341.56,0.39,0.36,2026-10-02,811,N,VIIRS,n,2.0NRT,313.06,2.42,D
20.96432,86.00861,344.14,0.57,0.52,2026-10-02,811,N,VIIRS,n,2.0NRT,298.38,9.51,D
20.96976,86.01367,344.64,0.57,0.52,2026-10-02,811,N,VIIRS,n,2.0NRT,299.4,9.51,D
21.10115,72.63675,351.63,0.39,0.44,2026-10-02,811,N,VIIRS,n,2.0NRT,306.91,5.11,D
21.10229,72.63625,353.94,0.39,0.44,2026-10-02,811,N,VIIRS,n,2.0NRT,307.21,10.87,D
21.1044,72.64738,343.59,0.39,0.44,2026-10-02,811,N,VIIRS,n,2.0NRT,308.88,4.79,D
21.10515,72.63589,340.97,0.39,0.44,2026-10-02,811,N,VIIRS,n,2.0NRT,305.61,5.11,D
21.10719,72.64706,347.69,0.39,0.44,2026-10-02,811,N,VIIRS,n,2.0NRT,310.2,8.47,D
21.10839,72.64654,337.27,0.39,0.44,2026-10-02,811,N,VIIRS,l,2.0NRT,307.67,4.79,D
21.19378,81.41858,335.51,0.47,0.4,2026-10-02,811,N,VIIRS,n,2.0NRT,305.2,8.86,D
21.24876,79.21044,333.41,0.4,0.37,2026-10-02,811,N,VIIRS,l,2.0NRT,307.26,2.45,D
21.31433,76.07219,333.27,0.41,0.37,2026-10-02,811,N,VIIRS,n,2.0NRT,306.81,1.11,D
21.73447,75.60257,337.27,0.42,0.38,2026-10-02,811,N,VIIRS,l,2.0NRT,309.92,4.08,D
21.75705,76.49412,335.34,0.4,0.37,2026-10-02,811,N,VIIRS,n,2.0NRT,307.91,2.07,D
21.76694,75.84244,338.45,0.41,0.37,2026-10-02,811,N,VIIRS,n,2.0NRT,309.92,2.92,D
21.81935,76.41979,332.96,0.4,0.37,2026-10-02,811,N,VIIRS,l,2.0NRT,306.23,4.32,D
21.88696,76.46662,338.68,0.4,0.37,2026-10-02,811,N,VIIRS,l,2.0NRT,311.94,2.14,D
21.91937,83.35104,336.62,0.4,0.44,2026-10-02,811,N,VIIRS,n,2.0NRT,308.83,3.74,D
21.91984,83.35495,338.35,0.4,0.44,2026-10-02,811,N,VIIRS,n,2.0NRT,304.56,3.74,D
21.92347,83.35047,338.77,0.4,0.44,2026-10-02,811,N,VIIRS,n,2.0NRT,306.99,5.28,D
22.04127,83.73084,333.94,0.43,0.46,2026-10-02,811,N,VIIRS,l,2.0NRT,304.67,4.62,D
22.16921,75.40128,341.71,0.42,0.38,2026-10-02,811,N,VIIRS,n,2.0NRT,312.42,5.92,D
22.19848,75.82665,334,0.41,0.37,2026-10-02,811,N,VIIRS,n,2.0NRT,308.65,2.6,D
22.21425,84.86928,330.73,0.5,0.49,2026-10-02,811,N,VIIRS,l,2.0NRT,301.21,4.24,D
22.33079,77.2079,335.66,0.39,0.36,2026-10-02,811,N,VIIRS,l,2.0NRT,309.25,2.29,D
22.35895,82.30417,339.57,0.53,0.42,2026-10-02,811,N,VIIRS,n,2.0NRT,305.75,10.47,D
22.36578,87.30181,332.1,0.36,0.57,2026-10-02,811,N,VIIRS,l,2.0NRT,302.57,3.87,D
22.37969,87.27882,339.56,0.36,0.57,2026-10-02,811,N,VIIRS,n,2.0NRT,302.5,6.02,D
22.40319,76.67941,339.97,0.39,0.36,2026-10-02,811,N,VIIRS,n,2.0NRT,311.78,3.81,D
22.45194,76.77107,338.25,0.39,0.36,2026-10-02,811,N,VIIRS,n,2.0NRT,310.73,2.94,D
22.51296,76.72884,337.62,0.39,0.36,2026-10-02,811,N,VIIRS,n,2.0NRT,310.74,1.37,D
22.58035,76.98264,341.37,0.39,0.36,2026-10-02,811,N,VIIRS,n,2.0NRT,313.75,3.48,D
22.63663,75.36343,345.38,0.42,0.38,2026-10-02,811,N,VIIRS,n,2.0NRT,311.63,2.17,D
22.65989,76.62781,347.13,0.39,0.36,2026-10-02,811,N,VIIRS,n,2.0NRT,314.21,6.05,D
22.74825,76.44383,336.51,0.39,0.36,2026-10-02,811,N,VIIRS,l,2.0NRT,311.32,1.68,D
22.7799,75.61298,339.51,0.41,0.37,2026-10-02,811,N,VIIRS,l,2.0NRT,313.38,3.17,D
22.78667,86.20337,344.13,0.62,0.54,2026-10-02,811,N,VIIRS,n,2.0NRT,303.59,12.98,D
22.7973,86.20856,346.44,0.62,0.54,2026-10-02,811,N,VIIRS,n,2.0NRT,301.64,23.18,D
22.85266,75.33523,341.58,0.42,0.37,2026-10-02,811,N,VIIRS,n,2.0NRT,314.79,3.12,D
22.92202,75.24707,342.69,0.42,0.38,2026-10-02,811,N,VIIRS,n,2.0NRT,315.08,2.47,D
22.94597,75.83649,337.63,0.4,0.37,2026-10-02,811,N,VIIRS,l,2.0NRT,311.91,2.71,D
22.97175,76.9726,339.09,0.39,0.36,2026-10-02,811,N,VIIRS,l,2.0NRT,313.7,2.54,D
22.99893,76.03452,338.8,0.4,0.37,2026-10-02,811,N,VIIRS,n,2.0NRT,313.56,2.55,D
23.08775,75.95395,344.68,0.4,0.37,2026-10-02,811,N,VIIRS,n,2.0NRT,315.29,3.24,D
23.14188,75.85548,341.66,0.4,0.37,2026-10-02,811,N,VIIRS,n,2.0NRT,310.62,3.03,D
23.25037,77.06359,340.45,0.38,0.36,2026-10-02,811,N,VIIRS,n,2.0NRT,315.36,3.78,D
23.26483,75.28597,342.28,0.42,0.37,2026-10-02,811,N,VIIRS,n,2.0NRT,314.41,2.46,D
23.32168,77.08871,338.47,0.38,0.36,2026-10-02,811,N,VIIRS,l,2.0NRT,313.28,1.96,D
23.66458,87.15849,331.02,0.36,0.58,2026-10-02,811,N,VIIRS,n,2.0NRT,297.99,3.62,D
23.69341,76.86626,337.32,0.39,0.36,2026-10-02,811,N,VIIRS,n,2.0NRT,311.35,2.15,D
23.71113,86.4485,330.42,0.33,0.55,2026-10-02,811,N,VIIRS,l,2.0NRT,301.58,4.54,D
23.71388,86.45013,329.52,0.33,0.55,2026-10-02,811,N,VIIRS,l,2.0NRT,300.96,3.76,D
23.73828,86.43413,340.17,0.33,0.55,2026-10-02,811,N,VIIRS,n,2.0NRT,301.59,3.47,D
23.76104,86.40176,336.84,0.33,0.55,2026-10-02,811,N,VIIRS,n,2.0NRT,301.14,5.44,D
23.77787,86.20807,331.49,0.32,0.54,2026-10-02,811,N,VIIRS,l,2.0NRT,305.25,3.02,D
23.77818,86.2112,346.94,0.32,0.54,2026-10-02,811,N,VIIRS,n,2.0NRT,306.09,3.02,D
23.78155,86.20855,349.59,0.32,0.54,2026-10-02,811,N,VIIRS,n,2.0NRT,305.47,5.32,D
23.78323,86.21055,329.59,0.32,0.54,2026-10-02,811,N,VIIRS,l,2.0NRT,302.1,3.02,D
23.78707,85.55101,331.32,0.58,0.52,2026-10-02,811,N,VIIRS,l,2.0NRT,304.88,6.33,D
24.1301,79.45457,330.86,0.42,0.37,2026-10-02,811,N,VIIRS,l,2.0NRT,305.18,2.63,D
23.72884,71.20588,345.3,0.42,0.46,2026-10-02,813,N,VIIRS,n,2.0NRT,310.61,5.07,D
23.98663,76.02631,335.15,0.39,0.36,2026-10-02,813,N,VIIRS,l,2.0NRT,307.44,0.75,D
24,72.20437,334.8,0.55,0.43,2026-10-02,813,N,VIIRS,l,2.0NRT,308.35,3.73,D
24.10001,77.8429,333.73,0.39,0.36,2026-10-02,813,N,VIIRS,l,2.0NRT,306.91,0.64,D
24.60815,68.00512,367,0.32,0.54,2026-10-02,813,N,VIIRS,h,2.0NRT,305.52,5.82,D
24.7839,75.08331,357.65,0.41,0.37,2026-10-02,813,N,VIIRS,l,2.0NRT,314.09,7.67,D
24.78456,75.08733,349.6,0.41,0.37,2026-10-02,813,N,VIIRS,n,2.0NRT,310.82,6.07,D
24.78728,75.08261,355.33,0.41,0.37,2026-10-02,813,N,VIIRS,n,2.0NRT,311.57,7.67,D
24.78795,75.08662,356.99,0.41,0.37,2026-10-02,813,N,VIIRS,l,2.0NRT,311.55,6.07,D
24.79194,76.80598,335.07,0.38,0.36,2026-10-02,813,N,VIIRS,l,2.0NRT,309.53,2.6,D
24.83754,73.63487,335.67,0.46,0.39,2026-10-02,813,N,VIIRS,n,2.0NRT,306.95,1.52,D
24.90598,76.92922,337.24,0.38,0.36,2026-10-02,813,N,VIIRS,n,2.0NRT,307.19,1.21,D
24.92085,68.03256,331.37,0.63,0.54,2026-10-02,813,N,VIIRS,l,2.0NRT,303.72,4.48,D
25.08706,68.57132,330.49,0.58,0.52,2026-10-02,813,N,VIIRS,n,2.0NRT,303.92,4.29,D
25.30199,75.59393,330.47,0.4,0.37,2026-10-02,813,N,VIIRS,l,2.0NRT,303.65,2.54,D
25.47226,76.49557,339.25,0.38,0.36,2026-10-02,813,N,VIIRS,n,2.0NRT,312.06,2.08,D
25.78164,73.70275,337.42,0.45,0.39,2026-10-02,813,N,VIIRS,l,2.0NRT,311.25,21.23,D
26.33148,77.67956,343.84,0.39,0.36,2026-10-02,813,N,VIIRS,n,2.0NRT,309.3,9.47,D
26.35098,77.69607,343.15,0.39,0.36,2026-10-02,813,N,VIIRS,n,2.0NRT,307.1,3.37,D
26.40623,77.7463,334.48,0.39,0.36,2026-10-02,813,N,VIIRS,l,2.0NRT,309.01,2.97,D
26.64313,79.47942,330.78,0.44,0.38,2026-10-02,813,N,VIIRS,l,2.0NRT,303.8,2.14,D
26.65101,78.45236,335.04,0.41,0.37,2026-10-02,813,N,VIIRS,l,2.0NRT,305.81,1.73,D
27.40989,70.83833,341.21,0.38,0.44,2026-10-02,813,N,VIIRS,l,2.0NRT,312.6,5.21,D
27.4111,70.83765,340.29,0.38,0.43,2026-10-02,813,N,VIIRS,l,2.0NRT,313.46,4.9,D
27.52378,75.27411,337.32,0.39,0.36,2026-10-02,813,N,VIIRS,n,2.0NRT,310.21,2.43,D
27.77832,77.43036,333.07,0.39,0.36,2026-10-02,813,N,VIIRS,l,2.0NRT,304.54,2.21,D
27.80426,77.83923,331.4,0.4,0.37,2026-10-02,813,N,VIIRS,l,2.0NRT,306.06,1.62,D
27.88118,69.82941,345.02,0.43,0.46,2026-10-02,813,N,VIIRS,l,2.0NRT,315.03,7.57,D
27.89476,73.58361,340.37,0.43,0.38,2026-10-02,813,N,VIIRS,n,2.0NRT,314.04,2.72,D
27.8955,73.58791,344.87,0.43,0.38,2026-10-02,813,N,VIIRS,n,2.0NRT,316.07,2.72,D
27.89821,73.58284,339.72,0.43,0.38,2026-10-02,813,N,VIIRS,n,2.0NRT,313.23,2.72,D
27.89895,73.58714,356.7,0.43,0.38,2026-10-02,813,N,VIIRS,l,2.0NRT,315.43,2.72,D
27.89969,73.59145,347.36,0.43,0.38,2026-10-02,813,N,VIIRS,n,2.0NRT,316.01,5.03,D
27.9024,73.58637,341.84,0.43,0.38,2026-10-02,813,N,VIIRS,l,2.0NRT,313.89,2.29,D
27.98448,73.57788,344.77,0.43,0.38,2026-10-02,813,N,VIIRS,l,2.0NRT,314.86,4.11,D
27.98522,73.58218,345.98,0.43,0.38,2026-10-02,813,N,VIIRS,n,2.0NRT,315.01,3.95,D
27.98793,73.57711,351.57,0.43,0.38,2026-10-02,813,N,VIIRS,n,2.0NRT,315.25,4.89,D
28.01735,77.51802,332.75,0.39,0.37,2026-10-02,813,N,VIIRS,l,2.0NRT,303.93,2.98,D
28.02003,73.05176,349.13,0.44,0.39,2026-10-02,813,N,VIIRS,n,2.0NRT,315.35,10.25,D
28.02082,73.05622,350.14,0.44,0.39,2026-10-02,813,N,VIIRS,n,2.0NRT,314.73,14.22,D
28.03216,73.05834,340.87,0.44,0.39,2026-10-02,813,N,VIIRS,l,2.0NRT,315.38,5.95,D
28.03489,73.05307,351.54,0.44,0.39,2026-10-02,813,N,VIIRS,n,2.0NRT,315.86,8.71,D
28.13194,72.98631,338.05,0.45,0.39,2026-10-02,813,N,VIIRS,l,2.0NRT,310.52,2.43,D
28.13274,72.99081,336.45,0.45,0.39,2026-10-02,813,N,VIIRS,l,2.0NRT,310.4,2.43,D
28.14014,72.97041,341.05,0.45,0.39,2026-10-02,813,N,VIIRS,l,2.0NRT,312.57,4.42,D
28.14172,72.97942,344.04,0.45,0.39,2026-10-02,813,N,VIIRS,n,2.0NRT,311.87,3.64,D
28.1424,72.96661,339.18,0.45,0.39,2026-10-02,813,N,VIIRS,l,2.0NRT,311.95,3.85,D
28.14251,72.98392,347.53,0.45,0.39,2026-10-02,813,N,VIIRS,n,2.0NRT,311.9,3.12,D
28.1433,72.98843,341.35,0.45,0.39,2026-10-02,813,N,VIIRS,n,2.0NRT,311.2,3.12,D
28.15379,72.96876,339.12,0.45,0.39,2026-10-02,813,N,VIIRS,l,2.0NRT,311.74,4.28,D
28.15812,72.97246,338.19,0.45,0.39,2026-10-02,813,N,VIIRS,l,2.0NRT,311.38,4.28,D
28.21563,77.57272,337.45,0.4,0.37,2026-10-02,813,N,VIIRS,l,2.0NRT,308.28,5.77,D
28.32787,77.64803,342.71,0.4,0.37,2026-10-02,813,N,VIIRS,n,2.0NRT,304.65,4.33,D
28.44737,73.29198,339.55,0.43,0.38,2026-10-02,813,N,VIIRS,l,2.0NRT,312.8,3.62,D
28.45084,73.2912,340.46,0.43,0.38,2026-10-02,813,N,VIIRS,l,2.0NRT,313.41,3.62,D
28.45395,73.26781,349.05,0.43,0.38,2026-10-02,813,N,VIIRS,n,2.0NRT,312.49,3.95,D
28.45472,73.27219,342.68,0.43,0.38,2026-10-02,813,N,VIIRS,l,2.0NRT,312.93,3.95,D
28.49902,76.96928,339.44,0.39,0.36,2026-10-02,813,N,VIIRS,n,2.0NRT,307.66,4.14,D
28.86807,77.15512,336.55,0.39,0.36,2026-10-02,813,N,VIIRS,n,2.0NRT,305.18,2.62,D
28.98252,77.76429,333.25,0.4,0.37,2026-10-02,813,N,VIIRS,n,2.0NRT,303.28,2.49,D
29.02834,75.7172,337.95,0.38,0.36,2026-10-02,813,N,VIIRS,l,2.0NRT,310.54,2.82,D
29.09657,75.96254,333.63,0.38,0.36,2026-10-02,813,N,VIIRS,l,2.0NRT,307.71,1.96,D
29.11516,75.95077,331.68,0.38,0.36,2026-10-02,813,N,VIIRS,n,2.0NRT,304.11,1.49,D
29.33587,76.31234,333.42,0.39,0.36,2026-10-02,813,N,VIIRS,n,2.0NRT,303.79,1.66,D
29.65892,71.61372,334.42,0.49,0.4,2026-10-02,813,N,VIIRS,n,2.0NRT,303.01,8.97,D
29.90148,71.4766,337.21,0.49,0.4,2026-10-02,813,N,VIIRS,n,2.0NRT,303.53,5.63,D
29.90515,71.47569,339.13,0.49,0.4,2026-10-02,813,N,VIIRS,n,2.0NRT,303.17,5.63,D
29.90608,71.48071,332.92,0.49,0.4,2026-10-02,813,N,VIIRS,n,2.0NRT,302.11,7.3,D
30.15719,73.4466,332.38,0.41,0.37,2026-10-02,813,N,VIIRS,n,2.0NRT,301.79,4.29,D
30.24943,72.86254,330.84,0.43,0.38,2026-10-02,813,N,VIIRS,n,2.0NRT,303.25,2.36,D
30.27057,73.25013,338.14,0.42,0.37,2026-10-02,813,N,VIIRS,n,2.0NRT,305.49,3,D
30.3291,73.54959,346.41,0.41,0.37,2026-10-02,813,N,VIIRS,n,2.0NRT,307.28,10.19,D
30.42905,73.47551,334.96,0.41,0.37,2026-10-02,813,N,VIIRS,n,2.0NRT,304.79,5.25,D
30.42977,73.47973,342.1,0.41,0.37,2026-10-02,813,N,VIIRS,n,2.0NRT,307.02,5.25,D
30.43188,73.63612,331.84,0.4,0.37,2026-10-02,813,N,VIIRS,n,2.0NRT,302.97,1.85,D
30.45291,73.73952,333.46,0.4,0.37,2026-10-02,813,N,VIIRS,n,2.0NRT,302.86,1.91,D
30.4597,73.65587,336.3,0.4,0.37,2026-10-02,813,N,VIIRS,l,2.0NRT,306.39,4.52,D
30.53958,73.71584,333.01,0.4,0.37,2026-10-02,813,N,VIIRS,n,2.0NRT,304.61,2.38,D
30.5786,73.82024,338.3,0.4,0.37,2026-10-02,813,N,VIIRS,n,2.0NRT,304.31,3.81,D
30.58448,73.79315,341.94,0.4,0.37,2026-10-02,813,N,VIIRS,n,2.0NRT,303.91,10.66,D
30.59822,73.62603,334.14,0.4,0.37,2026-10-02,813,N,VIIRS,n,2.0NRT,302.95,2.42,D
30.60366,76.65687,332.87,0.39,0.36,2026-10-02,813,N,VIIRS,l,2.0NRT,303.72,2.82,D
30.65401,73.89769,347.14,0.4,0.37,2026-10-02,813,N,VIIRS,n,2.0NRT,303.73,9.64,D
30.75101,73.67911,336.13,0.4,0.37,2026-10-02,813,N,VIIRS,n,2.0NRT,304.87,2.89,D
30.77895,73.63443,335.98,0.4,0.37,2026-10-02,813,N,VIIRS,n,2.0NRT,305.95,3.1,D
30.82508,73.99306,343.46,0.4,0.37,2026-10-02,813,N,VIIRS,n,2.0NRT,303.8,3.91,D
30.82637,73.8134,345.27,0.4,0.37,2026-10-02,813,N,VIIRS,n,2.0NRT,302.68,4.66,D
30.83942,73.89184,337.34,0.4,0.37,2026-10-02,813,N,VIIRS,n,2.0NRT,302.35,4.77,D
30.91319,74.02457,333.51,0.39,0.37,2026-10-02,813,N,VIIRS,n,2.0NRT,304.77,1.81,D
31.0065,74.32967,336.99,0.39,0.36,2026-10-02,813,N,VIIRS,n,2.0NRT,305.85,9,D
31.00723,74.22858,339.08,0.39,0.36,2026-10-02,813,N,VIIRS,n,2.0NRT,304.03,2.82,D
31.01378,74.33228,354.66,0.39,0.36,2026-10-02,813,N,VIIRS,n,2.0NRT,308.16,9.78,D
31.01561,74.4283,335.3,0.39,0.36,2026-10-02,813,N,VIIRS,n,2.0NRT,304.31,2.13,D
31.02435,74.35516,334.34,0.39,0.36,2026-10-02,813,N,VIIRS,n,2.0NRT,303.25,3.89,D
31.03177,74.25269,337.78,0.39,0.36,2026-10-02,813,N,VIIRS,n,2.0NRT,304.1,7.36,D
31.03738,74.45705,331.41,0.39,0.36,2026-10-02,813,N,VIIRS,l,2.0NRT,304.77,1.33,D
31.04069,74.45633,334.1,0.39,0.36,2026-10-02,813,N,VIIRS,l,2.0NRT,305.19,1.33,D
31.05123,74.6501,345.49,0.39,0.36,2026-10-02,813,N,VIIRS,n,2.0NRT,316.13,27.72,D
31.05453,74.6494,344.32,0.39,0.36,2026-10-02,813,N,VIIRS,n,2.0NRT,311.49,55.77,D
31.06219,74.31331,342.32,0.39,0.36,2026-10-02,813,N,VIIRS,n,2.0NRT,305.01,10.28,D
31.06285,74.31737,341.84,0.39,0.36,2026-10-02,813,N,VIIRS,n,2.0NRT,304.6,10.28,D
31.06415,74.55984,334.8,0.39,0.36,2026-10-02,813,N,VIIRS,n,2.0NRT,303.88,2.62,D
31.06854,73.7525,331.15,0.4,0.37,2026-10-02,813,N,VIIRS,n,2.0NRT,301.96,1.76,D
31.07188,73.75175,336.17,0.4,0.37,2026-10-02,813,N,VIIRS,n,2.0NRT,302.16,3.12,D
31.08076,74.53539,330.32,0.39,0.36,2026-10-02,813,N,VIIRS,l,2.0NRT,305.09,2.34,D
31.08105,74.62289,339.3,0.39,0.36,2026-10-02,813,N,VIIRS,n,2.0NRT,303.33,2.17,D
31.1241,74.13225,332.66,0.39,0.36,2026-10-02,813,N,VIIRS,n,2.0NRT,300.4,1.32,D
31.14974,73.75223,332.34,0.4,0.37,2026-10-02,813,N,VIIRS,n,2.0NRT,302.17,2.27,D
31.15043,73.75636,331.27,0.4,0.37,2026-10-02,813,N,VIIRS,n,2.0NRT,301.38,2.27,D
31.15369,74.37838,335.34,0.39,0.36,2026-10-02,813,N,VIIRS,n,2.0NRT,302.5,3.25,D
31.19415,74.5453,334.3,0.39,0.36,2026-10-02,813,N,VIIRS,n,2.0NRT,301.08,4.72,D
31.25301,75.11407,332.3,0.38,0.36,2026-10-02,813,N,VIIRS,n,2.0NRT,300.12,4.57,D
31.28146,74.81848,332.12,0.39,0.36,2026-10-02,813,N,VIIRS,n,2.0NRT,299.86,1.93,D
31.2821,74.82249,330.42,0.39,0.36,2026-10-02,813,N,VIIRS,l,2.0NRT,300.97,1.93,D
31.33491,74.49475,342.95,0.39,0.36,2026-10-02,813,N,VIIRS,n,2.0NRT,304.49,8.07,D
31.35603,75.05561,334.15,0.38,0.36,2026-10-02,813,N,VIIRS,n,2.0NRT,302.42,3.18,D
31.37519,74.78598,332.24,0.39,0.36,2026-10-02,813,N,VIIRS,n,2.0NRT,301.53,4.26,D
31.37582,74.79001,334.48,0.39,0.36,2026-10-02,813,N,VIIRS,n,2.0NRT,302.36,6.51,D
31.36975,74.54153,344.45,0.39,0.36,2026-10-02,816,N,VIIRS,n,2.0NRT,304.29,5.78,D
31.44162,73.82509,348.29,0.4,0.37,2026-10-02,816,N,VIIRS,n,2.0NRT,304.4,10.6,D
31.44312,73.82532,349.01,0.4,0.37,2026-10-02,816,N,VIIRS,n,2.0NRT,301.93,10.79,D
31.44562,74.54599,332.96,0.39,0.36,2026-10-02,816,N,VIIRS,n,2.0NRT,302.93,2.11,D
31.48598,74.5879,335.04,0.39,0.36,2026-10-02,816,N,VIIRS,n,2.0NRT,301.89,3.01,D
31.48623,74.52515,340.47,0.39,0.36,2026-10-02,816,N,VIIRS,n,2.0NRT,304.04,5.69,D
31.48953,74.52444,333.37,0.39,0.36,2026-10-02,816,N,VIIRS,n,2.0NRT,301.33,3.07,D
31.5077,74.09183,330.94,0.39,0.36,2026-10-02,816,N,VIIRS,n,2.0NRT,301.1,2.3,D
31.50932,72.23426,333.84,0.44,0.38,2026-10-02,816,N,VIIRS,n,2.0NRT,303.62,4.94,D
31.52109,75.07076,335.83,0.38,0.36,2026-10-02,816,N,VIIRS,n,2.0NRT,301.72,3.71,D
31.53604,75.08052,335.91,0.38,0.36,2026-10-02,816,N,VIIRS,n,2.0NRT,301.82,2.74,D
31.54475,74.98318,330.06,0.38,0.36,2026-10-02,816,N,VIIRS,n,2.0NRT,300.39,1.28,D
31.57616,73.90794,347.84,0.39,0.36,2026-10-02,816,N,VIIRS,n,2.0NRT,301.73,5.85,D
31.59757,75.37057,342.9,0.38,0.36,2026-10-02,816,N,VIIRS,n,2.0NRT,298.62,3.87,D
31.60518,74.61262,334.55,0.39,0.36,2026-10-02,816,N,VIIRS,n,2.0NRT,301.33,2.52,D
31.68002,74.14381,332.87,0.39,0.36,2026-10-02,816,N,VIIRS,n,2.0NRT,301.69,4.2,D
31.68333,74.14307,339.76,0.39,0.36,2026-10-02,816,N,VIIRS,n,2.0NRT,300.76,4.2,D
31.71876,74.87994,331.34,0.38,0.36,2026-10-02,816,N,VIIRS,n,2.0NRT,300,1.79,D
31.72675,74.65018,330.61,0.39,0.36,2026-10-02,816,N,VIIRS,n,2.0NRT,299.19,2.16,D
31.72689,73.21661,348.09,0.41,0.37,2026-10-02,816,N,VIIRS,n,2.0NRT,302.24,7.55,D
31.73427,74.71952,337.38,0.39,0.36,2026-10-02,816,N,VIIRS,n,2.0NRT,300.53,3.51,D
31.74207,75.00935,338.01,0.38,0.36,2026-10-02,816,N,VIIRS,n,2.0NRT,301.51,2.82,D
31.7486,74.48647,335.77,0.39,0.36,2026-10-02,816,N,VIIRS,n,2.0NRT,302.6,9.04,D
31.75126,74.48169,331.8,0.39,0.36,2026-10-02,816,N,VIIRS,l,2.0NRT,301.82,9.7,D
31.78635,74.38628,336.87,0.39,0.36,2026-10-02,816,N,VIIRS,n,2.0NRT,301.19,3.38,D
31.79041,74.96995,335.02,0.38,0.36,2026-10-02,816,N,VIIRS,n,2.0NRT,300.07,2.09,D
31.82113,74.09662,331.05,0.39,0.36,2026-10-02,816,N,VIIRS,n,2.0NRT,301.74,1.44,D
31.82203,74.37427,330.01,0.39,0.36,2026-10-02,816,N,VIIRS,n,2.0NRT,301.1,3.4,D
31.82534,74.37354,342.52,0.39,0.36,2026-10-02,816,N,VIIRS,n,2.0NRT,302.05,4.65,D
31.82899,73.99727,332.55,0.39,0.36,2026-10-02,816,N,VIIRS,n,2.0NRT,301.54,2.48,D
31.83572,74.12302,331.27,0.39,0.36,2026-10-02,816,N,VIIRS,n,2.0NRT,300.72,21.82,D
31.83639,74.1271,339.35,0.39,0.36,2026-10-02,816,N,VIIRS,n,2.0NRT,309.92,21.82,D
31.83969,74.12637,338.04,0.39,0.36,2026-10-02,816,N,VIIRS,n,2.0NRT,301.41,4.7,D
31.84566,74.16311,339.27,0.39,0.36,2026-10-02,816,N,VIIRS,n,2.0NRT,301.76,5.43,D
31.8536,74.14867,330.07,0.39,0.36,2026-10-02,816,N,VIIRS,l,2.0NRT,301.47,2.75,D
31.85426,74.15274,334.5,0.39,0.36,2026-10-02,816,N,VIIRS,n,2.0NRT,301.45,3.76,D
31.87507,74.62263,332.87,0.39,0.36,2026-10-02,816,N,VIIRS,n,2.0NRT,299.81,2.06,D
31.87586,74.71442,333.6,0.38,0.36,2026-10-02,816,N,VIIRS,n,2.0NRT,301.17,2.29,D
31.87991,74.29056,338.29,0.39,0.36,2026-10-02,816,N,VIIRS,n,2.0NRT,301.1,4.14,D
31.8893,74.66973,341.24,0.39,0.36,2026-10-02,816,N,VIIRS,n,2.0NRT,301.77,2.46,D
31.89664,74.13911,337.43,0.39,0.36,2026-10-02,816,N,VIIRS,n,2.0NRT,301.99,3.41,D
31.90258,74.15471,344.86,0.39,0.36,2026-10-02,816,N,VIIRS,n,2.0NRT,303.38,12.8,D
31.92182,73.98535,334.85,0.39,0.36,2026-10-02,816,N,VIIRS,n,2.0NRT,300.61,2.62,D
31.92221,73.86165,332.85,0.39,0.36,2026-10-02,816,N,VIIRS,n,2.0NRT,300.85,4.03,D
31.92688,74.26336,334.48,0.39,0.36,2026-10-02,816,N,VIIRS,n,2.0NRT,299.99,2.23,D
31.96089,73.92978,342,0.39,0.36,2026-10-02,816,N,VIIRS,n,2.0NRT,301.33,4.25,D
31.97186,71.75441,337.27,0.45,0.39,2026-10-02,816,N,VIIRS,n,2.0NRT,303.07,2.52,D
31.97216,73.91446,347.21,0.39,0.36,2026-10-02,816,N,VIIRS,n,2.0NRT,302.08,5.26,D
31.97399,73.61956,333.15,0.4,0.37,2026-10-02,816,N,VIIRS,n,2.0NRT,301.24,2.19,D
31.97469,73.62372,338.29,0.4,0.37,2026-10-02,816,N,VIIRS,n,2.0NRT,301.66,4.92,D
31.97548,73.91371,345.08,0.39,0.36,2026-10-02,816,N,VIIRS,n,2.0NRT,304.34,21.3,D
31.98087,74.13763,343.62,0.39,0.36,2026-10-02,816,N,VIIRS,n,2.0NRT,301.29,3.39,D
31.99755,73.6573,336.12,0.4,0.37,2026-10-02,816,N,VIIRS,n,2.0NRT,301.11,3.2,D
32.03233,73.67953,337.16,0.4,0.37,2026-10-02,816,N,VIIRS,n,2.0NRT,301.27,4.34,D
32.05463,74.83948,335.36,0.38,0.36,2026-10-02,816,N,VIIRS,n,2.0NRT,301.51,5.81,D
32.07204,73.81644,336.84,0.39,0.36,2026-10-02,816,N,VIIRS,n,2.0NRT,303.12,6.6,D
32.08011,73.86594,333.93,0.39,0.36,2026-10-02,816,N,VIIRS,n,2.0NRT,299.98,4.68,D
32.09841,73.81955,334.81,0.39,0.36,2026-10-02,816,N,VIIRS,n,2.0NRT,302.92,2.94,D
32.12069,73.98896,333.92,0.39,0.36,2026-10-02,816,N,VIIRS,n,2.0NRT,301.71,1.45,D
32.13182,74.89815,348.22,0.38,0.36,2026-10-02,816,N,VIIRS,n,2.0NRT,302.85,7.71,D
32.13266,75.03583,334.28,0.38,0.36,2026-10-02,816,N,VIIRS,n,2.0NRT,299.87,1.97,D
32.13943,73.75458,340.17,0.39,0.36,2026-10-02,816,N,VIIRS,n,2.0NRT,301.58,2.73,D
32.15435,73.86678,330.42,0.39,0.36,2026-10-02,816,N,VIIRS,n,2.0NRT,298.51,3.21,D
32.15813,74.98028,333.6,0.38,0.36,2026-10-02,816,N,VIIRS,n,2.0NRT,300.47,2.93,D
32.16225,73.8308,347.57,0.39,0.36,2026-10-02,816,N,VIIRS,n,2.0NRT,303.31,8.55,D
32.175,73.90907,340.72,0.39,0.36,2026-10-02,816,N,VIIRS,n,2.0NRT,302.83,6.71,D
32.18235,73.9543,333.71,0.39,0.36,2026-10-02,816,N,VIIRS,n,2.0NRT,301.66,1.95,D
32.1891,74.8955,334.05,0.38,0.36,2026-10-02,816,N,VIIRS,n,2.0NRT,299.65,1.89,D
32.20834,73.82533,346.01,0.39,0.36,2026-10-02,816,N,VIIRS,n,2.0NRT,302.08,4.11,D
32.2204,73.8568,335.24,0.39,0.36,2026-10-02,816,N,VIIRS,n,2.0NRT,300.73,2.37,D
32.22371,73.85605,335.25,0.39,0.36,2026-10-02,816,N,VIIRS,n,2.0NRT,300.82,2.85,D
32.23657,73.97684,336.87,0.39,0.36,2026-10-02,816,N,VIIRS,n,2.0NRT,302.27,4.07,D
32.24878,75.33017,342.89,0.38,0.36,2026-10-02,816,N,VIIRS,n,2.0NRT,299.07,4.29,D
32.25134,73.30582,340.02,0.4,0.37,2026-10-02,816,N,VIIRS,n,2.0NRT,302.83,4.18,D
32.35999,74.02615,336.23,0.39,0.36,2026-10-02,816,N,VIIRS,n,2.0NRT,301.02,2.61,D
32.42382,73.64454,337.03,0.39,0.36,2026-10-02,816,N,VIIRS,n,2.0NRT,301.52,2.61,D
32.49728,73.22457,332.54,0.4,0.37,2026-10-02,816,N,VIIRS,n,2.0NRT,301.56,1.79,D
32.51743,70.41778,332.86,0.5,0.41,2026-10-02,816,N,VIIRS,l,2.0NRT,303.82,2.55,D
32.52672,73.21328,335.54,0.4,0.37,2026-10-02,816,N,VIIRS,n,2.0NRT,300.82,5,D
33.7601,74.8605,343.16,0.38,0.36,2026-10-02,816,N,VIIRS,n,2.0NRT,300.83,4.97,D
34.46955,71.68958,338.42,0.42,0.38,2026-10-02,816,N,VIIRS,n,2.0NRT,307.37,10.16,D
34.47298,71.6888,344.09,0.42,0.38,2026-10-02,816,N,VIIRS,n,2.0NRT,304,10.16,D
34.47377,71.69323,347.04,0.42,0.38,2026-10-02,816,N,VIIRS,n,2.0NRT,304.63,10.16,D
35.16904,73.06996,330.03,0.39,0.36,2026-10-02,816,N,VIIRS,l,2.0NRT,304.95,3.09,D
29.26345,91.92217,302.54,0.54,0.68,2026-10-02,1858,N,VIIRS,n,2.0NRT,281.16,1.99,N
29.3769,91.14965,300.83,0.6,0.71,2026-10-02,1858,N,VIIRS,n,2.0NRT,279.8,2.19,N
21.76645,97.14057,328.56,0.42,0.45,2026-10-02,1900,N,VIIRS,n,2.0NRT,288.73,3.04,N
22.35614,96.70294,300.11,0.45,0.47,2026-10-02,1900,N,VIIRS,n,2.0NRT,288.48,0.74,N
29.22347,88.3513,295.86,0.58,0.52,2026-10-02,2038,N,VIIRS,n,2.0NRT,279.69,1.31,N
29.26183,91.92414,299.47,0.46,0.64,2026-10-02,2038,N,VIIRS,n,2.0NRT,276.84,1.42,N
29.37797,91.15195,295.78,0.42,0.61,2026-10-02,2038,N,VIIRS,n,2.0NRT,279.44,0.48,N
29.78863,91.60417,295.14,0.43,0.62,2026-10-02,2038,N,VIIRS,n,2.0NRT,278.26,1.48,N
31.2504,76.92953,300.45,0.45,0.39,2026-10-02,2038,N,VIIRS,n,2.0NRT,289.62,0.64,N
31.25816,76.9259,305.37,0.45,0.39,2026-10-02,2038,N,VIIRS,n,2.0NRT,290.08,0.43,N
31.79511,69.9408,300.83,0.36,0.57,2026-10-02,2038,N,VIIRS,n,2.0NRT,286.95,0.55,N
31.79658,69.9398,303.76,0.36,0.57,2026-10-02,2038,N,VIIRS,n,2.0NRT,287.49,0.74,N
32.29411,70.72917,304.96,0.32,0.55,2026-10-02,2038,N,VIIRS,n,2.0NRT,293.44,0.82,N
32.57529,72.56148,306.68,0.51,0.49,2026-10-02,2038,N,VIIRS,n,2.0NRT,295.03,1.74,N
32.71735,72.77589,304.08,0.5,0.49,2026-10-02,2038,N,VIIRS,n,2.0NRT,293.18,1.16,N
33.29438,71.18698,307.98,0.62,0.54,2026-10-02,2038,N,VIIRS,n,2.0NRT,292.12,1.57,N
33.29863,71.18681,303.35,0.62,0.54,2026-10-02,2038,N,VIIRS,n,2.0NRT,292.11,1.05,N
33.68797,72.71295,306.89,0.51,0.5,2026-10-02,2038,N,VIIRS,n,2.0NRT,293.25,1.4,N
34.47343,73.93221,299.27,0.45,0.47,2026-10-02,2038,N,VIIRS,n,2.0NRT,281.59,1.14,N
34.47765,73.93382,300.51,0.45,0.47,2026-10-02,2038,N,VIIRS,n,2.0NRT,280.98,0.98,N
34.85029,76.67035,303.15,0.5,0.41,2026-10-02,2038,N,VIIRS,n,2.0NRT,265.68,0.21,N
35.4483,73.45051,312.18,0.49,0.49,2026-10-02,2038,N,VIIRS,n,2.0NRT,285.73,1.98,N
35.96648,68.68776,297.08,0.46,0.63,2026-10-02,2038,N,VIIRS,n,2.0NRT,286.47,1.31,N
20.75863,85.29777,309.99,0.55,0.51,2026-10-02,2040,N,VIIRS,n,2.0NRT,293.35,1.77,N
20.75972,85.2925,310.44,0.55,0.51,2026-10-02,2040,N,VIIRS,n,2.0NRT,293.14,2.25,N
20.78491,85.26533,308.91,0.55,0.51,2026-10-02,2040,N,VIIRS,n,2.0NRT,293.23,1.89,N
20.78599,85.26003,313.91,0.55,0.51,2026-10-02,2040,N,VIIRS,n,2.0NRT,293.44,1.89,N
20.78958,85.2664,307.66,0.55,0.51,2026-10-02,2040,N,VIIRS,n,2.0NRT,292.79,1.24,N
20.79066,85.26109,306.91,0.55,0.51,2026-10-02,2040,N,VIIRS,n,2.0NRT,293.53,1.24,N
20.79175,85.25578,320.03,0.55,0.51,2026-10-02,2040,N,VIIRS,n,2.0NRT,293.23,2.6,N
20.79283,85.25051,314.42,0.55,0.51,2026-10-02,2040,N,VIIRS,n,2.0NRT,292.43,2.6,N
20.79642,85.25683,314.61,0.55,0.51,2026-10-02,2040,N,VIIRS,n,2.0NRT,292.85,2.6,N
20.7975,85.25158,309.34,0.55,0.51,2026-10-02,2040,N,VIIRS,n,2.0NRT,292.64,2.6,N
20.80573,85.25914,316.44,0.55,0.51,2026-10-02,2040,N,VIIRS,n,2.0NRT,293.64,4.06,N
20.86497,84.99085,314.52,0.53,0.5,2026-10-02,2040,N,VIIRS,n,2.0NRT,293.9,4.12,N
20.88901,84.98232,305.79,0.53,0.5,2026-10-02,2040,N,VIIRS,n,2.0NRT,293.23,1.16,N
20.94091,86.06052,307.16,0.61,0.54,2026-10-02,2040,N,VIIRS,n,2.0NRT,292.33,1.59,N
20.94956,86.04385,305.1,0.61,0.54,2026-10-02,2040,N,VIIRS,n,2.0NRT,292.52,2.05,N
20.95321,86.0509,305.31,0.61,0.54,2026-10-02,2040,N,VIIRS,n,2.0NRT,292.61,2.7,N
20.96111,85.18444,315.14,0.54,0.51,2026-10-02,2040,N,VIIRS,n,2.0NRT,293.6,3.28,N
20.96125,85.17088,307.74,0.54,0.51,2026-10-02,2040,N,VIIRS,n,2.0NRT,293.58,1.61,N
20.96183,86.00978,311.28,0.61,0.53,2026-10-02,2040,N,VIIRS,n,2.0NRT,292.56,5.52,N
20.96228,85.16573,309.3,0.54,0.51,2026-10-02,2040,N,VIIRS,n,2.0NRT,293.27,1.61,N
20.96273,85.18759,325.64,0.54,0.51,2026-10-02,2040,N,VIIRS,n,2.0NRT,293.89,4.88,N
20.96306,86.00391,308.29,0.61,0.53,2026-10-02,2040,N,VIIRS,n,2.0NRT,292.31,1.9,N
20.96327,85.1741,310.66,0.54,0.51,2026-10-02,2040,N,VIIRS,n,2.0NRT,293.55,3.49,N
20.96379,85.18233,313.09,0.54,0.51,2026-10-02,2040,N,VIIRS,n,2.0NRT,293.49,1.97,N
20.96435,85.16895,311.91,0.54,0.51,2026-10-02,2040,N,VIIRS,n,2.0NRT,293.6,2.59,N
20.96464,85.19078,308.07,0.54,0.51,2026-10-02,2040,N,VIIRS,n,2.0NRT,293.37,1.89,N
20.96483,85.17715,311.05,0.54,0.51,2026-10-02,2040,N,VIIRS,n,2.0NRT,293.54,1.97,N
20.96541,85.16385,312.72,0.54,0.51,2026-10-02,2040,N,VIIRS,n,2.0NRT,293.74,2.59,N
20.96574,85.18551,316.82,0.54,0.51,2026-10-02,2040,N,VIIRS,n,2.0NRT,293.23,1.89,N
20.96586,85.172,309.06,0.54,0.51,2026-10-02,2040,N,VIIRS,n,2.0NRT,293.38,2.87,N
20.96669,86.01102,339.74,0.61,0.53,2026-10-02,2040,N,VIIRS,n,2.0NRT,293.72,5.52,N
20.96682,85.18034,305.26,0.54,0.51,2026-10-02,2040,N,VIIRS,n,2.0NRT,292.82,2.04,N
20.96689,85.16685,313.86,0.54,0.51,2026-10-02,2040,N,VIIRS,n,2.0NRT,293.44,2.87,N
20.96754,85.15363,312.35,0.54,0.51,2026-10-02,2040,N,VIIRS,n,2.0NRT,293.45,2.28,N
20.96789,85.1752,327.45,0.54,0.51,2026-10-02,2040,N,VIIRS,n,2.0NRT,293.46,2.04,N
20.96791,86.00517,305.41,0.61,0.53,2026-10-02,2040,N,VIIRS,n,2.0NRT,293.1,1.9,N
20.96895,85.1701,311.85,0.54,0.51,2026-10-02,2040,N,VIIRS,n,2.0NRT,293.23,2.85,N
20.96945,85.17826,305.09,0.54,0.51,2026-10-02,2040,N,VIIRS,n,2.0NRT,293.02,1.97,N
20.97,85.15142,311.17,0.54,0.51,2026-10-02,2040,N,VIIRS,n,2.0NRT,293.64,2.1,N
20.97048,85.17312,331.71,0.54,0.51,2026-10-02,2040,N,VIIRS,n,2.0NRT,294.15,2.87,N
20.97155,86.01225,306.42,0.61,0.53,2026-10-02,2040,N,VIIRS,n,2.0NRT,293.11,3.06,N
20.97251,85.17631,310.09,0.54,0.51,2026-10-02,2040,N,VIIRS,n,2.0NRT,293.15,2.04,N
20.97357,85.1712,307.98,0.54,0.51,2026-10-02,2040,N,VIIRS,n,2.0NRT,293.24,2.85,N
20.9777,85.13711,306.18,0.54,0.51,2026-10-02,2040,N,VIIRS,n,2.0NRT,293.61,2.24,N
20.97818,85.17234,311.14,0.54,0.51,2026-10-02,2040,N,VIIRS,n,2.0NRT,292.99,2.22,N
20.97873,85.13195,311.5,0.54,0.51,2026-10-02,2040,N,VIIRS,n,2.0NRT,293.77,2.72,N
20.98104,85.13528,314.16,0.54,0.51,2026-10-02,2040,N,VIIRS,n,2.0NRT,294.12,3.54,N
21.07746,85.04046,306.48,0.53,0.5,2026-10-02,2040,N,VIIRS,n,2.0NRT,294.05,3.11,N
21.07847,85.03544,319.65,0.53,0.5,2026-10-02,2040,N,VIIRS,n,2.0NRT,295.13,4.43,N
21.18107,81.38476,315.54,0.49,0.4,2026-10-02,2040,N,VIIRS,n,2.0NRT,296.27,2.81,N
21.1839,81.39017,324.59,0.49,0.4,2026-10-02,2040,N,VIIRS,n,2.0NRT,295.54,2.81,N
21.18475,81.38552,327.66,0.49,0.4,2026-10-02,2040,N,VIIRS,n,2.0NRT,295.67,2.81,N
21.18759,81.39094,316.09,0.49,0.4,2026-10-02,2040,N,VIIRS,n,2.0NRT,296.55,3.08,N
21.19438,81.4166,333.82,0.49,0.4,2026-10-02,2040,N,VIIRS,n,2.0NRT,295.09,6.88,N
21.23355,79.62892,313.61,0.41,0.37,2026-10-02,2040,N,VIIRS,n,2.0NRT,296.2,1.73,N
21.2427,79.22225,305.08,0.4,0.37,2026-10-02,2040,N,VIIRS,n,2.0NRT,294.91,1.14,N
21.24608,79.22289,314.48,0.4,0.37,2026-10-02,2040,N,VIIRS,n,2.0NRT,296.96,1.14,N
21.24804,79.2113,317.54,0.4,0.37,2026-10-02,2040,N,VIIRS,n,2.0NRT,295.42,1.16,N
21.2487,79.20744,310.64,0.4,0.37,2026-10-02,2040,N,VIIRS,n,2.0NRT,295.43,1.16,N
21.31025,81.59063,307.38,0.5,0.41,2026-10-02,2040,N,VIIRS,n,2.0NRT,294.56,1.29,N
21.33424,78.96629,304.74,0.4,0.37,2026-10-02,2040,N,VIIRS,n,2.0NRT,294.27,0.9,N
21.33697,78.97074,315.68,0.4,0.37,2026-10-02,2040,N,VIIRS,n,2.0NRT,295.45,1.62,N
21.3376,78.96693,310.52,0.4,0.37,2026-10-02,2040,N,VIIRS,n,2.0NRT,295.84,0.9,N
21.37496,81.64072,309.4,0.5,0.41,2026-10-02,2040,N,VIIRS,n,2.0NRT,294.99,1.87,N
21.37542,81.68047,310.72,0.5,0.41,2026-10-02,2040,N,VIIRS,n,2.0NRT,295.08,2.12,N
21.67208,82.0801,311.09,0.52,0.41,2026-10-02,2040,N,VIIRS,n,2.0NRT,296.04,1.87,N
21.67394,82.08208,314.41,0.52,0.41,2026-10-02,2040,N,VIIRS,n,2.0NRT,297.37,1.82,N
21.74187,83.84171,311.98,0.43,0.46,2026-10-02,2040,N,VIIRS,n,2.0NRT,295.1,2.67,N
21.74605,83.84271,328.21,0.43,0.46,2026-10-02,2040,N,VIIRS,n,2.0NRT,294.91,2.37,N
21.75024,83.8437,309.23,0.43,0.46,2026-10-02,2040,N,VIIRS,n,2.0NRT,294.52,2.37,N
21.75285,84.02386,312.25,0.44,0.46,2026-10-02,2040,N,VIIRS,n,2.0NRT,293.23,2.37,N
21.75442,83.84469,329.35,0.43,0.46,2026-10-02,2040,N,VIIRS,n,2.0NRT,295.71,2.27,N
21.7571,84.02482,314.88,0.44,0.46,2026-10-02,2040,N,VIIRS,n,2.0NRT,294.23,2.06,N
21.75862,83.84566,313.44,0.43,0.46,2026-10-02,2040,N,VIIRS,n,2.0NRT,294.02,2.27,N
21.76199,83.85082,314.98,0.43,0.46,2026-10-02,2040,N,VIIRS,n,2.0NRT,294.41,1.92,N
21.76218,84.02153,308.92,0.44,0.46,2026-10-02,2040,N,VIIRS,n,2.0NRT,294.2,2.06,N
21.76281,83.84661,313.12,0.43,0.46,2026-10-02,2040,N,VIIRS,n,2.0NRT,294.07,1.92,N
21.76727,84.01825,319.12,0.44,0.46,2026-10-02,2040,N,VIIRS,n,2.0NRT,294.7,2.87,N
21.80303,82.03935,309.3,0.51,0.41,2026-10-02,2040,N,VIIRS,n,2.0NRT,296.13,1.38,N
21.82611,83.89917,306.91,0.44,0.46,2026-10-02,2040,N,VIIRS,n,2.0NRT,293.78,1.15,N
21.91974,83.35293,317.81,0.4,0.44,2026-10-02,2040,N,VIIRS,n,2.0NRT,296.62,2.48,N
21.92049,83.34904,319.71,0.4,0.44,2026-10-02,2040,N,VIIRS,n,2.0NRT,296.41,3.04,N
21.92446,85.2256,303.81,0.52,0.5,2026-10-02,2040,N,VIIRS,n,2.0NRT,291.42,1.03,N
21.92455,83.34995,312.69,0.4,0.44,2026-10-02,2040,N,VIIRS,n,2.0NRT,295.19,2.6,N
21.92596,85.22316,310.07,0.52,0.5,2026-10-02,2040,N,VIIRS,n,2.0NRT,292.67,1.17,N
21.93007,85.22159,309.43,0.52,0.5,2026-10-02,2040,N,VIIRS,n,2.0NRT,292.48,1.58,N
21.93052,85.22422,302.39,0.52,0.5,2026-10-02,2040,N,VIIRS,n,2.0NRT,292.04,1.17,N
21.93156,85.21907,302.17,0.52,0.5,2026-10-02,2040,N,VIIRS,n,2.0NRT,291.83,1.17,N
21.96184,83.30984,309.67,0.4,0.44,2026-10-02,2040,N,VIIRS,n,2.0NRT,293.24,1.16,N
21.968,85.31533,303.9,0.53,0.5,2026-10-02,2040,N,VIIRS,n,2.0NRT,291.93,0.94,N
21.9845,83.23515,305.14,0.4,0.44,2026-10-02,2040,N,VIIRS,n,2.0NRT,293.91,1.35,N
21.98522,83.23136,314.27,0.4,0.44,2026-10-02,2040,N,VIIRS,n,2.0NRT,295.49,1.35,N
22.00609,82.6693,309.6,0.55,0.43,2026-10-02,2040,N,VIIRS,n,2.0NRT,295.3,1.66,N
22.0063,82.67269,307.31,0.55,0.43,2026-10-02,2040,N,VIIRS,n,2.0NRT,294.88,3.29,N
22.01644,83.753,310.01,0.42,0.45,2026-10-02,2040,N,VIIRS,n,2.0NRT,294.57,1.9,N
22.01858,83.34147,304.45,0.4,0.44,2026-10-02,2040,N,VIIRS,n,2.0NRT,293.32,0.52,N
22.03103,83.36441,307.41,0.4,0.44,2026-10-02,2040,N,VIIRS,n,2.0NRT,294,2.06,N
22.03735,83.35361,309.9,0.4,0.44,2026-10-02,2040,N,VIIRS,n,2.0NRT,294.92,2.63,N
22.03809,83.34975,312.94,0.4,0.44,2026-10-02,2040,N,VIIRS,n,2.0NRT,294.46,1.4,N
22.03867,83.72829,309.18,0.42,0.45,2026-10-02,2040,N,VIIRS,n,2.0NRT,292.76,1.74,N
22.0428,83.72926,306.03,0.42,0.45,2026-10-02,2040,N,VIIRS,n,2.0NRT,291.68,1.81,N
22.05119,88.12498,310.98,0.39,0.6,2026-10-02,2040,N,VIIRS,n,2.0NRT,291.83,1.66,N
22.05661,88.12637,310.68,0.39,0.6,2026-10-02,2040,N,VIIRS,n,2.0NRT,292.46,1.66,N
22.0573,88.12524,308.81,0.39,0.6,2026-10-02,2040,N,VIIRS,n,2.0NRT,292.19,1.8,N
22.06133,83.33868,311.05,0.4,0.44,2026-10-02,2040,N,VIIRS,n,2.0NRT,293.56,1.34,N
22.08732,83.11551,306.59,0.39,0.44,2026-10-02,2040,N,VIIRS,n,2.0NRT,293.96,0.83,N
22.10656,83.12367,306.36,0.39,0.44,2026-10-02,2040,N,VIIRS,n,2.0NRT,295.14,1.56,N
22.15446,82.09501,305.45,0.51,0.41,2026-10-02,2040,N,VIIRS,n,2.0NRT,295.4,0.98,N
22.20519,84.8492,311.35,0.49,0.49,2026-10-02,2040,N,VIIRS,n,2.0NRT,291.06,1.92,N
22.21958,84.75449,305.83,0.48,0.48,2026-10-02,2040,N,VIIRS,n,2.0NRT,293.12,2.58,N
22.24607,87.39011,309.69,0.35,0.57,2026-10-02,2040,N,VIIRS,n,2.0NRT,291.88,1.07,N
22.26308,75.13435,307.58,0.43,0.38,2026-10-02,2040,N,VIIRS,n,2.0NRT,294.76,0.83,N
22.31461,82.53192,309.18,0.54,0.42,2026-10-02,2040,N,VIIRS,n,2.0NRT,295.29,2.16,N
22.31746,82.55949,313.99,0.54,0.42,2026-10-02,2040,N,VIIRS,n,2.0NRT,296.81,2.16,N
22.32034,82.56552,308.03,0.54,0.42,2026-10-02,2040,N,VIIRS,n,2.0NRT,296.97,2.16,N
22.32415,82.58811,312.55,0.54,0.42,2026-10-02,2040,N,VIIRS,n,2.0NRT,295.34,2.48,N
22.35737,82.30249,330.26,0.52,0.42,2026-10-02,2040,N,VIIRS,n,2.0NRT,297.7,2.66,N
22.36117,82.30328,309.35,0.52,0.42,2026-10-02,2040,N,VIIRS,n,2.0NRT,296.34,2.66,N
22.36366,87.29977,311.26,0.34,0.56,2026-10-02,2040,N,VIIRS,n,2.0NRT,292.14,3.09,N
22.36406,87.29978,312.39,0.34,0.56,2026-10-02,2040,N,VIIRS,n,2.0NRT,292.38,2.86,N
22.36592,87.01746,313.13,0.33,0.55,2026-10-02,2040,N,VIIRS,n,2.0NRT,291.55,1.85,N
22.37874,87.28248,316.57,0.34,0.56,2026-10-02,2040,N,VIIRS,n,2.0NRT,292.79,1.81,N
22.37947,87.27917,322.3,0.34,0.56,2026-10-02,2040,N,VIIRS,n,2.0NRT,293.23,1.81,N
22.4643,71.32393,340.24,0.46,0.47,2026-10-02,2040,N,VIIRS,n,2.0NRT,296.79,7,N
22.46481,71.31947,319.14,0.46,0.47,2026-10-02,2040,N,VIIRS,n,2.0NRT,296,5.58,N
22.46864,71.32454,316.97,0.46,0.47,2026-10-02,2040,N,VIIRS,n,2.0NRT,295.69,1.68,N
22.46916,71.32008,313.27,0.46,0.47,2026-10-02,2040,N,VIIRS,n,2.0NRT,294.97,1.78,N
22.784,86.2044,307.49,0.58,0.52,2026-10-02,2040,N,VIIRS,n,2.0NRT,293.14,2.87,N
22.78991,86.20007,308.47,0.58,0.52,2026-10-02,2040,N,VIIRS,n,2.0NRT,294.22,3.09,N
22.79787,86.09133,306.03,0.57,0.52,2026-10-02,2040,N,VIIRS,n,2.0NRT,292.24,1.17,N
22.80259,86.0925,303.5,0.57,0.52,2026-10-02,2040,N,VIIRS,n,2.0NRT,293.02,1.17,N
22.87266,86.06463,308.96,0.56,0.52,2026-10-02,2040,N,VIIRS,n,2.0NRT,292.5,2.26,N
22.93165,69.70067,307.18,0.58,0.52,2026-10-02,2040,N,VIIRS,n,2.0NRT,295.89,1.75,N
22.93224,69.69489,308.47,0.58,0.52,2026-10-02,2040,N,VIIRS,n,2.0NRT,295.75,1.94,N
22.93393,69.69871,309.48,0.58,0.52,2026-10-02,2040,N,VIIRS,n,2.0NRT,295.63,2.07,N
23.01079,70.10329,308.4,0.55,0.51,2026-10-02,2040,N,VIIRS,n,2.0NRT,296.21,1.11,N
23.02115,76.38484,301.45,0.4,0.37,2026-10-02,2040,N,VIIRS,n,2.0NRT,290.88,0.37,N
23.16292,82.34186,307.86,0.51,0.41,2026-10-02,2040,N,VIIRS,n,2.0NRT,293.43,1.53,N
23.16386,82.33687,317.28,0.51,0.41,2026-10-02,2040,N,VIIRS,n,2.0NRT,294.68,1.53,N
23.16669,82.34261,328.06,0.51,0.41,2026-10-02,2040,N,VIIRS,n,2.0NRT,295.7,4.3,N
23.41238,72.35571,324.19,0.41,0.45,2026-10-02,2040,N,VIIRS,n,2.0NRT,294.82,3.26,N
23.41286,72.35169,338.63,0.41,0.45,2026-10-02,2040,N,VIIRS,n,2.0NRT,294.98,3.26,N
23.50626,87.31345,304.19,0.33,0.55,2026-10-02,2040,N,VIIRS,n,2.0NRT,292.68,0.3,N
23.51528,87.27244,304.18,0.32,0.55,2026-10-02,2040,N,VIIRS,n,2.0NRT,292.88,0.47,N
23.5528,87.24545,311.21,0.32,0.55,2026-10-02,2040,N,VIIRS,n,2.0NRT,293.58,1.53,N
23.55915,87.24046,323.22,0.32,0.55,2026-10-02,2040,N,VIIRS,n,2.0NRT,293.08,2.4,N
23.56154,87.08504,310.19,0.63,0.54,2026-10-02,2040,N,VIIRS,n,2.0NRT,293.47,1.95,N
23.64628,85.43694,312.15,0.5,0.49,2026-10-02,2040,N,VIIRS,n,2.0NRT,293.49,1.92,N
23.65075,85.43798,305.82,0.5,0.49,2026-10-02,2040,N,VIIRS,n,2.0NRT,293,0.96,N
23.66072,87.15656,305.53,0.64,0.54,2026-10-02,2040,N,VIIRS,n,2.0NRT,292.46,1.95,N
23.66566,87.15784,316.1,0.64,0.54,2026-10-02,2040,N,VIIRS,n,2.0NRT,293.82,1.95,N
23.66583,86.92001,304.91,0.61,0.54,2026-10-02,2040,N,VIIRS,n,2.0NRT,293.57,1.89,N
23.67462,86.39914,310.63,0.57,0.52,2026-10-02,2040,N,VIIRS,n,2.0NRT,295.18,2.17,N
23.67581,86.3936,306.91,0.57,0.52,2026-10-02,2040,N,VIIRS,n,2.0NRT,293.63,2.27,N
23.67654,86.08745,312.68,0.55,0.51,2026-10-02,2040,N,VIIRS,n,2.0NRT,294.39,3.41,N
23.67936,86.40025,307.75,0.57,0.52,2026-10-02,2040,N,VIIRS,n,2.0NRT,294.59,2.17,N
23.68005,86.09396,303.99,0.55,0.51,2026-10-02,2040,N,VIIRS,n,2.0NRT,293.53,2.02,N
23.68055,86.39469,311.47,0.57,0.52,2026-10-02,2040,N,VIIRS,n,2.0NRT,294.74,2.27,N
23.68529,86.39582,315.35,0.57,0.52,2026-10-02,2040,N,VIIRS,n,2.0NRT,294.36,2.22,N
23.68645,86.3904,309.59,0.57,0.52,2026-10-02,2040,N,VIIRS,n,2.0NRT,294.26,2.22,N
23.68851,87.12468,308.16,0.63,0.54,2026-10-02,2040,N,VIIRS,n,2.0NRT,293.42,1.46,N
23.68893,87.09871,309.41,0.63,0.54,2026-10-02,2040,N,VIIRS,n,2.0NRT,294.19,2.24,N
23.69119,87.11232,305.59,0.63,0.54,2026-10-02,2040,N,VIIRS,n,2.0NRT,293.22,5.14,N
23.69249,85.37202,312.92,0.49,0.49,2026-10-02,2040,N,VIIRS,n,2.0NRT,292.97,1.62,N
23.69284,87.12605,307.23,0.63,0.54,2026-10-02,2040,N,VIIRS,n,2.0NRT,293.4,1.68,N
23.69346,87.1259,309.2,0.63,0.54,2026-10-02,2040,N,VIIRS,n,2.0NRT,293.76,1.46,N
23.69415,78.49057,303.09,0.38,0.36,2026-10-02,2040,N,VIIRS,n,2.0NRT,290.53,0.49,N
23.6942,87.11996,305.48,0.63,0.54,2026-10-02,2040,N,VIIRS,n,2.0NRT,294.08,1.68,N
23.69505,85.29247,304.76,0.49,0.48,2026-10-02,2040,N,VIIRS,n,2.0NRT,293.29,1.36,N
23.69519,87.09384,306.04,0.63,0.54,2026-10-02,2040,N,VIIRS,n,2.0NRT,293.27,1.5,N
23.69604,85.28767,311.37,0.49,0.48,2026-10-02,2040,N,VIIRS,n,2.0NRT,293.9,1.36,N
23.69693,85.37308,304.18,0.49,0.49,2026-10-02,2040,N,VIIRS,n,2.0NRT,293.19,1.62,N
23.69836,86.07634,319.56,0.54,0.51,2026-10-02,2040,N,VIIRS,n,2.0NRT,291.7,2.75,N
23.70888,86.44854,306.84,0.57,0.52,2026-10-02,2040,N,VIIRS,n,2.0NRT,293.9,1.63,N
23.71362,86.4497,312.05,0.57,0.52,2026-10-02,2040,N,VIIRS,n,2.0NRT,294.72,3.59,N
23.72154,85.00996,302.51,0.47,0.48,2026-10-02,2040,N,VIIRS,n,2.0NRT,292.38,0.42,N
23.73608,86.43775,307.03,0.57,0.52,2026-10-02,2040,N,VIIRS,n,2.0NRT,295.15,2.66,N
23.73707,86.43311,323.91,0.57,0.52,2026-10-02,2040,N,VIIRS,n,2.0NRT,295.27,5.41,N
23.73726,86.43217,323.4,0.57,0.52,2026-10-02,2040,N,VIIRS,n,2.0NRT,294.9,4.23,N
23.73983,85.00949,307.79,0.47,0.48,2026-10-02,2040,N,VIIRS,n,2.0NRT,294.59,1.69,N
23.75379,86.42454,303.83,0.57,0.52,2026-10-02,2040,N,VIIRS,n,2.0NRT,292.45,2.64,N
23.75419,85.85422,309.18,0.53,0.5,2026-10-02,2040,N,VIIRS,n,2.0NRT,294.46,2.05,N
23.75489,86.41991,309.5,0.57,0.52,2026-10-02,2040,N,VIIRS,n,2.0NRT,292.44,2.34,N
23.75495,86.39677,305.4,0.57,0.52,2026-10-02,2040,N,VIIRS,n,2.0NRT,293.57,3.18,N
23.7577,85.86044,303.97,0.53,0.5,2026-10-02,2040,N,VIIRS,n,2.0NRT,293.4,1.6,N
23.75785,85.85245,309,0.53,0.5,2026-10-02,2040,N,VIIRS,n,2.0NRT,294.21,2.45,N
23.75844,86.40237,320.67,0.57,0.52,2026-10-02,2040,N,VIIRS,n,2.0NRT,293.81,5.45,N
23.75849,86.40336,321.15,0.57,0.52,2026-10-02,2040,N,VIIRS,n,2.0NRT,293.88,3.37,N
23.75875,85.85535,306.47,0.53,0.5,2026-10-02,2040,N,VIIRS,n,2.0NRT,294.29,1.71,N
23.7613,85.85874,303.91,0.53,0.5,2026-10-02,2040,N,VIIRS,n,2.0NRT,293.33,1.19,N
23.76317,86.4035,320.95,0.57,0.52,2026-10-02,2040,N,VIIRS,n,2.0NRT,294.51,3.62,N
23.76322,86.4045,321.23,0.57,0.52,2026-10-02,2040,N,VIIRS,n,2.0NRT,294.55,2.23,N
23.76547,86.39252,306.67,0.57,0.52,2026-10-02,2040,N,VIIRS,n,2.0NRT,295.11,3.41,N
23.76559,86.39356,309.47,0.57,0.52,2026-10-02,2040,N,VIIRS,n,2.0NRT,295.64,5.68,N
23.76788,86.40471,309.28,0.57,0.52,2026-10-02,2040,N,VIIRS,n,2.0NRT,294.56,3.62,N
23.76793,86.40569,306.55,0.57,0.52,2026-10-02,2040,N,VIIRS,n,2.0NRT,294.11,2.23,N
23.77165,86.19871,307.25,0.55,0.51,2026-10-02,2040,N,VIIRS,n,2.0NRT,294.42,1.51,N
23.77275,86.36052,304.96,0.56,0.52,2026-10-02,2040,N,VIIRS,n,2.0NRT,293.27,3.23,N
23.77278,86.19334,309.62,0.55,0.51,2026-10-02,2040,N,VIIRS,n,2.0NRT,294.67,1.51,N
23.77406,86.21057,307.76,0.55,0.51,2026-10-02,2040,N,VIIRS,n,2.0NRT,294.24,4.2,N
23.77595,86.36609,307.57,0.57,0.52,2026-10-02,2040,N,VIIRS,n,2.0NRT,294.14,2.41,N
23.77873,86.21166,329.78,0.55,0.51,2026-10-02,2040,N,VIIRS,n,2.0NRT,295.47,4.2,N
23.77939,86.34964,305.14,0.56,0.52,2026-10-02,2040,N,VIIRS,n,2.0NRT,293.45,1.67,N
23.77979,86.37379,307.91,0.57,0.52,2026-10-02,2040,N,VIIRS,n,2.0NRT,294.09,1.75,N
23.78095,86.39141,308.28,0.57,0.52,2026-10-02,2040,N,VIIRS,n,2.0NRT,294.42,2.82,N
23.78751,85.55527,310.89,0.5,0.49,2026-10-02,2040,N,VIIRS,n,2.0NRT,293.13,1.53,N
23.78851,85.55044,306.16,0.5,0.49,2026-10-02,2040,N,VIIRS,n,2.0NRT,293.5,1.53,N
23.79393,86.35421,318.31,0.56,0.52,2026-10-02,2040,N,VIIRS,n,2.0NRT,294.56,2.43,N
23.80335,86.33342,312.73,0.56,0.52,2026-10-02,2040,N,VIIRS,n,2.0NRT,294.43,2.64,N
23.80452,86.32798,318.73,0.56,0.52,2026-10-02,2040,N,VIIRS,n,2.0NRT,295.99,5.28,N
23.82293,85.49709,304.94,0.5,0.49,2026-10-02,2040,N,VIIRS,n,2.0NRT,294.3,2.26,N
24.14756,82.65663,309.58,0.51,0.41,2026-10-02,2040,N,VIIRS,n,2.0NRT,294.29,1.7,N
24.18133,82.64329,304.96,0.51,0.41,2026-10-02,2040,N,VIIRS,n,2.0NRT,294.67,0.92,N
24.18231,82.65916,305.6,0.51,0.41,2026-10-02,2040,N,VIIRS,n,2.0NRT,294.7,1.69,N
24.19804,82.71651,315.03,0.51,0.41,2026-10-02,2040,N,VIIRS,n,2.0NRT,294.7,2.06,N
24.20368,82.70744,307.33,0.51,0.41,2026-10-02,2040,N,VIIRS,n,2.0NRT,294.5,1.63,N
24.44791,83.04034,305.28,0.53,0.42,2026-10-02,2040,N,VIIRS,n,2.0NRT,294.43,1.05,N
24.7145,75.95467,308.77,0.42,0.38,2026-10-02,2040,N,VIIRS,n,2.0NRT,295.92,0.74,N
24.76317,74.60633,312.47,0.48,0.4,2026-10-02,2040,N,VIIRS,n,2.0NRT,296.22,1.78,N
24.92172,84.15692,308.71,0.4,0.44,2026-10-02,2040,N,VIIRS,n,2.0NRT,293.86,0.78,N
25.38601,68.58269,314.77,0.37,0.58,2026-10-02,2040,N,VIIRS,n,2.0NRT,293.9,0.99,N
25.38904,68.58201,325.74,0.37,0.58,2026-10-02,2040,N,VIIRS,n,2.0NRT,294.33,1.32,N
25.89315,68.35635,303.61,0.38,0.59,2026-10-02,2040,N,VIIRS,n,2.0NRT,291.67,0.91,N
25.8935,68.35244,312.17,0.38,0.59,2026-10-02,2040,N,VIIRS,n,2.0NRT,292,1.5,N
26.00905,80.71815,309.26,0.41,0.37,2026-10-02,2040,N,VIIRS,n,2.0NRT,296.14,1.06,N
26.09515,68.88132,303.99,0.36,0.57,2026-10-02,2040,N,VIIRS,n,2.0NRT,293.54,0.55,N
26.09835,68.87989,313.89,0.36,0.57,2026-10-02,2040,N,VIIRS,n,2.0NRT,293.2,0.79,N
26.12006,68.81573,313.87,0.36,0.57,2026-10-02,2040,N,VIIRS,n,2.0NRT,292.2,0.66,N
26.1254,68.81635,315.19,0.36,0.57,2026-10-02,2040,N,VIIRS,n,2.0NRT,293.15,0.66,N
26.19095,68.74891,314.28,0.36,0.58,2026-10-02,2040,N,VIIRS,n,2.0NRT,292.35,0.7,N
26.23361,68.91328,316.27,0.36,0.57,2026-10-02,2040,N,VIIRS,n,2.0NRT,293.07,1.35,N
26.64103,79.47691,314.37,0.39,0.36,2026-10-02,2040,N,VIIRS,n,2.0NRT,296.2,1.01,N
26.76051,83.19852,306.49,0.5,0.41,2026-10-02,2040,N,VIIRS,n,2.0NRT,295.14,0.56,N
26.87257,73.51751,308.33,0.38,0.44,2026-10-02,2040,N,VIIRS,n,2.0NRT,294.59,1.09,N
26.87707,73.51422,306.06,0.38,0.44,2026-10-02,2040,N,VIIRS,n,2.0NRT,294.49,1.63,N
27.66636,76.12965,305.87,0.44,0.39,2026-10-02,2040,N,VIIRS,n,2.0NRT,295.37,1.32,N
27.72471,84.81438,303.54,0.39,0.44,2026-10-02,2040,N,VIIRS,n,2.0NRT,290.32,0.82,N
28.05163,69.3685,311.42,0.35,0.57,2026-10-02,2040,N,VIIRS,n,2.0NRT,294.8,0.5,N
28.05233,69.36918,309.69,0.35,0.57,2026-10-02,2040,N,VIIRS,n,2.0NRT,294.6,0.47,N
28.3739,77.22614,308.07,0.41,0.37,2026-10-02,2040,N,VIIRS,n,2.0NRT,294.53,0.89,N
28.42462,69.69855,308.39,0.34,0.56,2026-10-02,2040,N,VIIRS,n,2.0NRT,294.79,1.1,N
29.12341,75.77647,305.56,0.47,0.4,2026-10-02,2040,N,VIIRS,n,2.0NRT,295.26,1.23,N
15.02221,78.0143,309.18,0.41,0.37,2026-10-02,2042,N,VIIRS,n,2.0NRT,295.17,1.92,N
15.1741,77.09978,309.08,0.39,0.36,2026-10-02,2042,N,VIIRS,n,2.0NRT,292.86,1.16,N
15.22548,76.76335,308.73,0.39,0.36,2026-10-02,2042,N,VIIRS,n,2.0NRT,294.1,1.04,N
15.33289,76.28566,317.57,0.38,0.36,2026-10-02,2042,N,VIIRS,n,2.0NRT,293.68,1.6,N
15.65757,73.9902,318.71,0.42,0.38,2026-10-02,2042,N,VIIRS,n,2.0NRT,294.28,2.7,N
15.68371,78.45924,309.1,0.42,0.38,2026-10-02,2042,N,VIIRS,n,2.0NRT,295.45,0.68,N
17.06443,76.98061,312.22,0.39,0.36,2026-10-02,2042,N,VIIRS,n,2.0NRT,296.13,1.14,N
17.14002,77.18274,308.39,0.39,0.36,2026-10-02,2042,N,VIIRS,n,2.0NRT,293.3,1,N
17.36878,77.44698,303.51,0.39,0.36,2026-10-02,2042,N,VIIRS,n,2.0NRT,292.62,0.74,N
17.37127,77.44714,309.63,0.39,0.36,2026-10-02,2042,N,VIIRS,n,2.0NRT,293.95,1.01,N
17.60468,83.20075,308.89,0.47,0.48,2026-10-02,2042,N,VIIRS,n,2.0NRT,292.87,2.25,N
17.95841,80.79581,316.48,0.5,0.41,2026-10-02,2042,N,VIIRS,n,2.0NRT,295.28,3.12,N
17.98345,80.82807,312.19,0.5,0.41,2026-10-02,2042,N,VIIRS,n,2.0NRT,295.71,3.18,N
17.98415,80.82551,313.54,0.5,0.41,2026-10-02,2042,N,VIIRS,n,2.0NRT,294.89,3.18,N
18.67979,73.03401,310.99,0.49,0.4,2026-10-02,2042,N,VIIRS,n,2.0NRT,295.95,3.03,N
18.68056,73.03631,311.36,0.49,0.4,2026-10-02,2042,N,VIIRS,n,2.0NRT,296.63,4.69,N
18.68418,73.0299,309.54,0.49,0.4,2026-10-02,2042,N,VIIRS,n,2.0NRT,295.99,4.08,N
18.68493,73.0322,309.16,0.49,0.4,2026-10-02,2042,N,VIIRS,n,2.0NRT,296.36,4.43,N
18.69113,73.0427,314.3,0.49,0.4,2026-10-02,2042,N,VIIRS,n,2.0NRT,296.15,2.65,N
18.71435,79.53986,308.65,0.43,0.38,2026-10-02,2042,N,VIIRS,n,2.0NRT,296.3,1.54,N
18.71855,79.53642,314.87,0.43,0.38,2026-10-02,2042,N,VIIRS,n,2.0NRT,296.62,1.55,N
18.72205,79.53707,316.57,0.43,0.38,2026-10-02,2042,N,VIIRS,n,2.0NRT,296.45,1.55,N
19.09234,82.17023,304.1,0.38,0.43,2026-10-02,2042,N,VIIRS,n,2.0NRT,291.89,1.42,N
19.09699,82.16745,319.25,0.38,0.43,2026-10-02,2042,N,VIIRS,n,2.0NRT,291.8,1.42,N
19.10096,82.16829,303.2,0.38,0.43,2026-10-02,2042,N,VIIRS,n,2.0NRT,292.05,1.23,N
19.10163,82.16467,305.67,0.38,0.43,2026-10-02,2042,N,VIIRS,n,2.0NRT,291.31,0.52,N
19.1056,82.16551,307.09,0.38,0.43,2026-10-02,2042,N,VIIRS,n,2.0NRT,291.94,0.52,N
19.13404,73.06178,303.7,0.5,0.41,2026-10-02,2042,N,VIIRS,n,2.0NRT,283.57,0.96,N
19.17858,70.94396,316.16,0.44,0.46,2026-10-02,2042,N,VIIRS,n,2.0NRT,295.31,5.38,N
19.57265,71.36113,321.14,0.42,0.45,2026-10-02,2042,N,VIIRS,n,2.0NRT,296.33,4.43,N
19.72301,79.17382,307.57,0.41,0.37,2026-10-02,2042,N,VIIRS,n,2.0NRT,295.42,1.03,N
19.78699,79.1497,311.3,0.41,0.37,2026-10-02,2042,N,VIIRS,n,2.0NRT,296.74,1.08,N
19.81768,79.33705,313.08,0.42,0.37,2026-10-02,2042,N,VIIRS,n,2.0NRT,295.19,1.4,N
19.87569,75.21299,306.19,0.41,0.37,2026-10-02,2042,N,VIIRS,n,2.0NRT,288.28,2.14,N
19.87912,75.21356,327.94,0.41,0.37,2026-10-02,2042,N,VIIRS,n,2.0NRT,294.44,4.08,N
19.93679,73.71173,311.27,0.47,0.4,2026-10-02,2042,N,VIIRS,n,2.0NRT,291.65,1.07,N
19.96229,79.33482,315.32,0.42,0.37,2026-10-02,2042,N,VIIRS,n,2.0NRT,294.52,1.32,N
20.00523,79.18495,308.07,0.41,0.37,2026-10-02,2042,N,VIIRS,n,2.0NRT,295.51,0.91,N
20.69576,78.63844,308.3,0.39,0.37,2026-10-02,2042,N,VIIRS,n,2.0NRT,296.26,1.39,N
20.70222,78.62022,307.04,0.39,0.36,2026-10-02,2042,N,VIIRS,n,2.0NRT,296.93,1.2,N
20.70557,78.62085,307.03,0.39,0.36,2026-10-02,2042,N,VIIRS,n,2.0NRT,296.1,1.01,N
20.90948,71.46087,311.9,0.43,0.46,2026-10-02,2042,N,VIIRS,n,2.0NRT,297.35,2.29,N
21.09975,72.63499,327.32,0.55,0.43,2026-10-02,2042,N,VIIRS,n,2.0NRT,297.75,4.64,N
21.10069,72.63358,331.05,0.55,0.43,2026-10-02,2042,N,VIIRS,n,2.0NRT,298.44,5.74,N
21.10235,72.64624,312.42,0.55,0.43,2026-10-02,2042,N,VIIRS,n,2.0NRT,298.27,2.6,N
21.10321,72.64481,333.3,0.55,0.43,2026-10-02,2042,N,VIIRS,n,2.0NRT,298.18,8.21,N
21.10369,72.63558,331.83,0.55,0.43,2026-10-02,2042,N,VIIRS,n,2.0NRT,300.5,4.64,N
21.10628,72.64682,343.86,0.55,0.43,2026-10-02,2042,N,VIIRS,n,2.0NRT,302.21,11.23,N
21.10715,72.64538,338.28,0.55,0.43,2026-10-02,2042,N,VIIRS,n,2.0NRT,301.75,8.21,N
21.10856,72.63474,314.83,0.55,0.43,2026-10-02,2042,N,VIIRS,n,2.0NRT,300.68,2.67,N
21.4333,72.97845,308.13,0.53,0.42,2026-10-02,2042,N,VIIRS,n,2.0NRT,295.08,1.1,N
21.794,72.64848,331.93,0.56,0.43,2026-10-02,2042,N,VIIRS,n,2.0NRT,297.2,4.07,N
22.41759,69.04055,309.01,0.63,0.54,2026-10-02,2042,N,VIIRS,n,2.0NRT,295.36,2.18,N
8.91505,80.47776,299.93,0.44,0.46,2026-10-02,2044,N,VIIRS,n,2.0NRT,283.86,0.43,N
9.97958,76.37518,307.43,0.4,0.37,2026-10-02,2044,N,VIIRS,n,2.0NRT,294.51,2.11,N
10.71315,78.09106,305.07,0.46,0.39,2026-10-02,2044,N,VIIRS,n,2.0NRT,293.34,1.13,N
11.18128,79.09859,309.33,0.5,0.41,2026-10-02,2044,N,VIIRS,n,2.0NRT,292.24,1.6,N
11.46371,77.81885,308.48,0.44,0.38,2026-10-02,2044,N,VIIRS,n,2.0NRT,289.88,0.65,N
11.46438,77.81485,309.12,0.44,0.38,2026-10-02,2044,N,VIIRS,n,2.0NRT,291.7,1.94,N
11.81569,77.91724,324.02,0.44,0.38,2026-10-02,2044,N,VIIRS,n,2.0NRT,293.95,2.82,N
12.87741,79.92654,305.99,0.53,0.42,2026-10-02,2044,N,VIIRS,n,2.0NRT,291.91,1.02,N
12.97214,79.93561,310.95,0.53,0.42,2026-10-02,2044,N,VIIRS,n,2.0NRT,292.32,1.65,N
13.44524,80.09716,304.98,0.53,0.42,2026-10-02,2044,N,VIIRS,n,2.0NRT,290.75,1.39,N
13.44622,80.09927,309.68,0.53,0.42,2026-10-02,2044,N,VIIRS,n,2.0NRT,291.99,2.37,N
13.70954,79.62032,311.56,0.5,0.41,2026-10-02,2044,N,VIIRS,n,2.0NRT,294.34,1.89,N
14.62306,75.61695,309.33,0.38,0.36,2026-10-02,2044,N,VIIRS,n,2.0NRT,292.98,0.85,N
14.87275,78.05312,309.92,0.42,0.37,2026-10-02,2044,N,VIIRS,n,2.0NRT,294.61,1.87,N
15.07044,76.86703,307.77,0.39,0.36,2026-10-02,2044,N,VIIRS,n,2.0NRT,294.07,1.48,N
15.11018,76.80682,310.71,0.39,0.36,2026-10-02,2044,N,VIIRS,n,2.0NRT,294.23,1.45,N
15.13644,76.70801,306.55,0.39,0.36,2026-10-02,2044,N,VIIRS,n,2.0NRT,293.53,0.68,N
15.1656,76.37866,306.56,0.38,0.36,2026-10-02,2044,N,VIIRS,n,2.0NRT,294.79,1.46,N
15.16891,76.37923,314.64,0.38,0.36,2026-10-02,2044,N,VIIRS,n,2.0NRT,296.04,1.46,N
15.16938,76.67312,309.75,0.39,0.36,2026-10-02,2044,N,VIIRS,n,2.0NRT,293.99,1.51,N
15.17314,76.69218,323.32,0.39,0.36,2026-10-02,2044,N,VIIRS,n,2.0NRT,294.45,2.5,N
15.17501,76.65936,308.67,0.39,0.36,2026-10-02,2044,N,VIIRS,n,2.0NRT,294.13,1.6,N
15.17544,76.67785,315.04,0.39,0.36,2026-10-02,2044,N,VIIRS,n,2.0NRT,294.91,1.24,N
15.17559,76.65578,333.37,0.39,0.36,2026-10-02,2044,N,VIIRS,n,2.0NRT,295.73,2.86,N
15.17602,76.67427,307.73,0.39,0.36,2026-10-02,2044,N,VIIRS,n,2.0NRT,293.6,1.24,N
15.17877,76.67843,308.15,0.39,0.36,2026-10-02,2044,N,VIIRS,n,2.0NRT,294.77,1.34,N
15.17891,76.65635,314.43,0.39,0.36,2026-10-02,2044,N,VIIRS,n,2.0NRT,295.02,2.86,N
15.17934,76.67484,310.23,0.39,0.36,2026-10-02,2044,N,VIIRS,n,2.0NRT,294.52,1.34,N
15.1805,76.66767,313.11,0.39,0.36,2026-10-02,2044,N,VIIRS,n,2.0NRT,293.98,1.14,N
15.18324,76.67182,306.06,0.39,0.36,2026-10-02,2044,N,VIIRS,n,2.0NRT,293.87,1.14,N
15.18382,76.66824,315.19,0.39,0.36,2026-10-02,2044,N,VIIRS,n,2.0NRT,294.56,1.14,N
15.18454,76.64258,308.28,0.39,0.36,2026-10-02,2044,N,VIIRS,n,2.0NRT,294.19,1.18,N
15.18555,76.65748,314.88,0.39,0.36,2026-10-02,2044,N,VIIRS,n,2.0NRT,295.62,2.4,N
15.18887,76.65806,313.25,0.39,0.36,2026-10-02,2044,N,VIIRS,n,2.0NRT,295.83,2,N
15.19599,76.38015,312.62,0.38,0.36,2026-10-02,2044,N,VIIRS,n,2.0NRT,294.42,1.51,N
35.59085,73.58229,310.96,0.76,0.77,2026-10-02,2218,N,VIIRS,n,2.0NRT,283.15,3.15,N
25.3846,68.58833,301.92,0.74,0.76,2026-10-02,2220,N,VIIRS,n,2.0NRT,291.87,1.46,N
25.38955,68.58389,305.34,0.74,0.76,2026-10-02,2220,N,VIIRS,n,2.0NRT,291.81,1.36,N
26.09389,68.8808,306.01,0.74,0.76,2026-10-02,2220,N,VIIRS,n,2.0NRT,290.53,1.41,N
26.09571,68.8837,305.06,0.74,0.76,2026-10-02,2220,N,VIIRS,n,2.0NRT,290.49,0.65,N
26.1206,68.81951,306,0.74,0.76,2026-10-02,2220,N,VIIRS,n,2.0NRT,290.17,1.34,N
26.126,68.81911,301.66,0.73,0.76,2026-10-02,2220,N,VIIRS,n,2.0NRT,289.78,0.38,N
28.05179,69.36745,302.27,0.71,0.75,2026-10-02,2220,N,VIIRS,n,2.0NRT,290.92,0.87,N
28.05298,69.36961,305.29,0.71,0.75,2026-10-02,2220,N,VIIRS,n,2.0NRT,290.97,0.97,N