latitude,longitude,bright_ti4,scan,track,acq_date,acq_time,satellite,instrument,confidence,version,bright_ti5,frp,daynight
8.84741,81.02183,329.96,0.58,0.52,2026-07-01,729,N20,VIIRS,n,2.0NRT,291.19,4.46,D
11.25788,79.45864,346.02,0.34,0.56,2026-07-01,729,N20,VIIRS,n,2.0NRT,289.02,7.37,D
11.2611,79.45727,343.27,0.34,0.56,2026-07-01,729,N20,VIIRS,n,2.0NRT,288.5,3.92,D
11.26167,79.46027,330.07,0.34,0.56,2026-07-01,729,N20,VIIRS,n,2.0NRT,286.58,3.92,D
14.48202,78.70387,328.98,0.33,0.55,2026-07-01,729,N20,VIIRS,n,2.0NRT,280.42,1.31,D
8.74463,78.16101,333.68,0.46,0.63,2026-07-01,731,N20,VIIRS,n,2.0NRT,290.74,14.24,D
8.74495,78.16177,351.02,0.46,0.63,2026-07-01,731,N20,VIIRS,n,2.0NRT,292.57,18.01,D
8.74538,78.16512,367,0.46,0.63,2026-07-01,731,N20,VIIRS,h,2.0NRT,290.45,14.24,D
8.74573,78.16586,367,0.46,0.63,2026-07-01,731,N20,VIIRS,h,2.0NRT,290.68,18.01,D
9.51481,78.78114,342.65,0.4,0.6,2026-07-01,731,N20,VIIRS,n,2.0NRT,292.67,6.14,D
9.51505,78.78065,343.17,0.4,0.6,2026-07-01,731,N20,VIIRS,n,2.0NRT,292.84,7.95,D
9.51652,78.72797,331.12,0.41,0.6,2026-07-01,731,N20,VIIRS,n,2.0NRT,292.6,1.69,D
9.67787,78.37473,344.05,0.43,0.62,2026-07-01,731,N20,VIIRS,n,2.0NRT,292.02,8.58,D
10.45012,79.83945,326.11,0.33,0.55,2026-07-01,731,N20,VIIRS,n,2.0NRT,291.19,1.27,D
10.51089,79.60343,338.12,0.34,0.56,2026-07-01,731,N20,VIIRS,n,2.0NRT,291.8,3.14,D
10.51145,79.60648,344.72,0.34,0.56,2026-07-01,731,N20,VIIRS,n,2.0NRT,289.77,3.14,D
20.9682,85.17537,335.5,0.39,0.36,2026-07-01,731,N20,VIIRS,n,2.0NRT,280.03,4.77,D
20.96878,85.17905,331.47,0.39,0.36,2026-07-01,731,N20,VIIRS,n,2.0NRT,280.24,4.77,D
23.77648,86.20995,333.75,0.39,0.36,2026-07-01,731,N20,VIIRS,n,2.0NRT,295.4,5.49,D
23.77981,86.20937,331.79,0.39,0.36,2026-07-01,731,N20,VIIRS,n,2.0NRT,294.28,5.95,D
24.83333,72.58987,335.28,0.5,0.66,2026-07-01,733,N20,VIIRS,n,2.0NRT,292.65,5.05,D
25.21288,73.4752,336.09,0.44,0.62,2026-07-01,733,N20,VIIRS,n,2.0NRT,294.72,2.49,D
26.58368,75.08199,332.66,0.32,0.55,2026-07-01,733,N20,VIIRS,n,2.0NRT,290.82,3.47,D
26.95636,82.3535,367,0.41,0.37,2026-07-01,733,N20,VIIRS,h,2.0NRT,292.42,10.75,D
29.43242,71.5554,332.4,0.45,0.63,2026-07-01,735,N20,VIIRS,n,2.0NRT,297.9,2.54,D
29.44626,71.75282,331.02,0.44,0.62,2026-07-01,735,N20,VIIRS,n,2.0NRT,299.39,2.01,D
29.44908,71.70192,338.19,0.44,0.63,2026-07-01,735,N20,VIIRS,n,2.0NRT,298.11,2.15,D
29.49634,71.49527,367,0.46,0.63,2026-07-01,735,N20,VIIRS,h,2.0NRT,298.67,9.54,D
29.49745,71.49645,353.42,0.45,0.63,2026-07-01,735,N20,VIIRS,n,2.0NRT,297.72,9.39,D
29.50149,71.82917,342.67,0.43,0.62,2026-07-01,735,N20,VIIRS,n,2.0NRT,298.75,3.35,D
29.50288,71.73919,336.72,0.44,0.62,2026-07-01,735,N20,VIIRS,n,2.0NRT,299.08,3.24,D
29.5239,72.12738,338.35,0.42,0.61,2026-07-01,735,N20,VIIRS,n,2.0NRT,301.01,7.42,D
29.53513,71.91601,331.94,0.43,0.62,2026-07-01,735,N20,VIIRS,n,2.0NRT,299.94,3.59,D
29.57794,72.11174,336.04,0.42,0.61,2026-07-01,735,N20,VIIRS,n,2.0NRT,300.8,2.89,D
29.60456,71.89455,330.87,0.43,0.62,2026-07-01,735,N20,VIIRS,n,2.0NRT,299.87,1.46,D
29.60654,71.89286,338.96,0.43,0.62,2026-07-01,735,N20,VIIRS,n,2.0NRT,299.82,3.54,D
29.61187,72.29578,332.52,0.41,0.6,2026-07-01,735,N20,VIIRS,n,2.0NRT,301.57,2.54,D
29.61416,74.47932,341.83,0.6,0.53,2026-07-01,735,N20,VIIRS,n,2.0NRT,293.27,6.74,D
29.6437,72.30743,347.6,0.4,0.6,2026-07-01,735,N20,VIIRS,n,2.0NRT,302.4,5.66,D
29.66036,72.32822,334.86,0.4,0.6,2026-07-01,735,N20,VIIRS,n,2.0NRT,301.86,2.07,D
29.70723,72.54413,341.27,0.39,0.59,2026-07-01,735,N20,VIIRS,n,2.0NRT,300.69,3.03,D
29.71565,71.96595,338.95,0.42,0.61,2026-07-01,735,N20,VIIRS,n,2.0NRT,299.88,3.29,D
29.71746,71.96807,337.62,0.42,0.61,2026-07-01,735,N20,VIIRS,n,2.0NRT,299.56,3.44,D
29.74004,72.06026,331.27,0.42,0.61,2026-07-01,735,N20,VIIRS,n,2.0NRT,299.35,1.95,D
29.74692,72.23116,331.5,0.41,0.6,2026-07-01,735,N20,VIIRS,n,2.0NRT,300.04,3.22,D
29.75951,72.3532,336.9,0.4,0.6,2026-07-01,735,N20,VIIRS,n,2.0NRT,300.21,3.69,D
29.76888,72.75247,342.74,0.38,0.59,2026-07-01,735,N20,VIIRS,n,2.0NRT,298.4,3.06,D
29.77387,72.72639,342.66,0.38,0.59,2026-07-01,735,N20,VIIRS,n,2.0NRT,299.45,5.48,D
29.77413,72.50628,333.17,0.39,0.59,2026-07-01,735,N20,VIIRS,n,2.0NRT,301.4,5.12,D
29.77509,72.51019,338.37,0.39,0.59,2026-07-01,735,N20,VIIRS,n,2.0NRT,301.16,6.1,D
29.77909,72.72472,351.02,0.38,0.59,2026-07-01,735,N20,VIIRS,n,2.0NRT,300.78,5.48,D
29.78636,72.66075,331.04,0.38,0.59,2026-07-01,735,N20,VIIRS,n,2.0NRT,300.12,2.91,D
29.79474,72.6829,333.47,0.38,0.59,2026-07-01,735,N20,VIIRS,n,2.0NRT,298.79,1.58,D
29.79708,72.68209,331.97,0.38,0.59,2026-07-01,735,N20,VIIRS,n,2.0NRT,298.66,0.96,D
29.83367,72.51676,346.7,0.39,0.59,2026-07-01,735,N20,VIIRS,n,2.0NRT,301.49,3.98,D
29.84292,72.1003,339.44,0.41,0.61,2026-07-01,735,N20,VIIRS,n,2.0NRT,300.53,3.14,D
29.84624,72.16127,330.94,0.41,0.6,2026-07-01,735,N20,VIIRS,n,2.0NRT,299.8,1.91,D
29.87269,72.3399,343.31,0.4,0.6,2026-07-01,735,N20,VIIRS,n,2.0NRT,300.57,4.03,D
29.87278,72.48025,331.11,0.39,0.59,2026-07-01,735,N20,VIIRS,n,2.0NRT,300.9,1.63,D
29.89511,72.59434,332.71,0.38,0.59,2026-07-01,735,N20,VIIRS,n,2.0NRT,301.2,2.01,D
29.89946,71.62872,332.52,0.44,0.62,2026-07-01,735,N20,VIIRS,n,2.0NRT,297.22,3.17,D
29.90225,72.34329,343.31,0.4,0.6,2026-07-01,735,N20,VIIRS,n,2.0NRT,300.96,3.67,D
29.90821,71.68712,341.56,0.43,0.62,2026-07-01,735,N20,VIIRS,n,2.0NRT,296.47,3.8,D
29.92225,71.76647,330.53,0.43,0.62,2026-07-01,735,N20,VIIRS,n,2.0NRT,297.37,1.48,D
29.92406,72.31478,350.82,0.4,0.6,2026-07-01,735,N20,VIIRS,n,2.0NRT,300.24,6.85,D
29.92472,72.31295,367,0.4,0.6,2026-07-01,735,N20,VIIRS,h,2.0NRT,301.02,6.49,D
29.92846,71.83822,367,0.42,0.61,2026-07-01,735,N20,VIIRS,h,2.0NRT,299.51,12.51,D
29.92944,71.8357,332.81,0.42,0.61,2026-07-01,735,N20,VIIRS,n,2.0NRT,297.32,15.61,D
29.93048,71.83996,367,0.42,0.61,2026-07-01,735,N20,VIIRS,h,2.0NRT,300.24,15.61,D
29.93057,72.00799,367,0.41,0.61,2026-07-01,735,N20,VIIRS,h,2.0NRT,302.12,9.89,D
29.93302,72.42302,331.31,0.39,0.59,2026-07-01,735,N20,VIIRS,n,2.0NRT,300.68,0.8,D
29.93375,72.39555,332.04,0.39,0.6,2026-07-01,735,N20,VIIRS,n,2.0NRT,301.01,1.77,D
29.93394,71.83646,354.11,0.42,0.61,2026-07-01,735,N20,VIIRS,n,2.0NRT,298.55,12.51,D
29.935,71.8407,350.54,0.42,0.61,2026-07-01,735,N20,VIIRS,n,2.0NRT,296.81,12.51,D
29.9526,72.6215,338.95,0.38,0.59,2026-07-01,735,N20,VIIRS,n,2.0NRT,300.89,2.97,D
29.95269,72.43364,335.75,0.39,0.59,2026-07-01,735,N20,VIIRS,n,2.0NRT,300.91,4.02,D
29.95408,72.43143,339.41,0.39,0.59,2026-07-01,735,N20,VIIRS,n,2.0NRT,300.79,3.1,D
29.95488,72.34194,344.75,0.4,0.6,2026-07-01,735,N20,VIIRS,n,2.0NRT,301.68,3.59,D
29.95677,72.93781,330.63,0.37,0.58,2026-07-01,735,N20,VIIRS,n,2.0NRT,299.09,1.7,D
29.95785,72.61983,344.38,0.38,0.59,2026-07-01,735,N20,VIIRS,n,2.0NRT,300.38,3.01,D
29.95876,72.62366,333.13,0.38,0.59,2026-07-01,735,N20,VIIRS,n,2.0NRT,299.09,3.01,D
29.96265,71.44186,338.3,0.45,0.63,2026-07-01,735,N20,VIIRS,n,2.0NRT,295.79,4.21,D
29.96549,72.174,332.79,0.4,0.6,2026-07-01,735,N20,VIIRS,n,2.0NRT,299.57,2.01,D
29.96965,71.71841,335.52,0.43,0.62,2026-07-01,735,N20,VIIRS,n,2.0NRT,297.33,2.98,D
29.97861,72.36847,331.16,0.39,0.6,2026-07-01,735,N20,VIIRS,l,2.0NRT,301.34,0.83,D
29.98037,72.59617,337.61,0.38,0.59,2026-07-01,735,N20,VIIRS,n,2.0NRT,299.95,1.67,D
29.98275,72.59349,347.75,0.38,0.59,2026-07-01,735,N20,VIIRS,n,2.0NRT,302.03,3.75,D
29.99597,72.39264,334.8,0.39,0.59,2026-07-01,735,N20,VIIRS,n,2.0NRT,301.03,3.48,D
29.99774,72.66872,336.55,0.38,0.59,2026-07-01,735,N20,VIIRS,n,2.0NRT,300.57,2.13,D
30.00223,72.39487,345.86,0.39,0.59,2026-07-01,735,N20,VIIRS,n,2.0NRT,302.17,5.23,D
30.00535,72.52412,355.29,0.39,0.59,2026-07-01,735,N20,VIIRS,n,2.0NRT,301,8.26,D
30.00542,72.63975,330.3,0.38,0.59,2026-07-01,735,N20,VIIRS,l,2.0NRT,300.98,1.29,D
30.00629,72.52798,336.46,0.38,0.59,2026-07-01,735,N20,VIIRS,n,2.0NRT,300.12,6.38,D
30.00795,72.64086,332.29,0.38,0.59,2026-07-01,735,N20,VIIRS,n,2.0NRT,299.52,1.18,D
30.01219,72.7292,330.1,0.37,0.58,2026-07-01,735,N20,VIIRS,n,2.0NRT,300.01,1.83,D
30.01412,72.69814,339.37,0.38,0.58,2026-07-01,735,N20,VIIRS,n,2.0NRT,300.25,2.58,D
30.0163,72.69949,335.89,0.38,0.58,2026-07-01,735,N20,VIIRS,n,2.0NRT,300.07,2.11,D
30.02261,72.61787,338.03,0.38,0.59,2026-07-01,735,N20,VIIRS,n,2.0NRT,300.83,1.74,D
30.03007,72.26771,346.68,0.4,0.6,2026-07-01,735,N20,VIIRS,n,2.0NRT,299.12,4.89,D
30.03374,72.26494,351.73,0.4,0.6,2026-07-01,735,N20,VIIRS,n,2.0NRT,299.59,6.23,D
30.04076,72.59975,332.44,0.38,0.59,2026-07-01,735,N20,VIIRS,n,2.0NRT,299.85,1.93,D
30.04136,72.57898,332.06,0.38,0.59,2026-07-01,735,N20,VIIRS,n,2.0NRT,300.48,1.55,D
30.04475,71.51798,332.94,0.44,0.62,2026-07-01,735,N20,VIIRS,n,2.0NRT,296.06,3.58,D
30.04522,71.3782,336.24,0.45,0.63,2026-07-01,735,N20,VIIRS,n,2.0NRT,294.57,2.16,D
30.04836,71.51918,340.9,0.44,0.62,2026-07-01,735,N20,VIIRS,n,2.0NRT,295.36,4.7,D
30.06481,71.91754,347.5,0.42,0.61,2026-07-01,735,N20,VIIRS,n,2.0NRT,298.89,4.83,D
30.06543,72.77077,332.52,0.37,0.58,2026-07-01,735,N20,VIIRS,n,2.0NRT,300.45,1.66,D
30.06567,72.79475,342.09,0.37,0.58,2026-07-01,735,N20,VIIRS,n,2.0NRT,300.26,2.86,D
30.06896,72.69294,342.96,0.38,0.58,2026-07-01,735,N20,VIIRS,n,2.0NRT,300.43,3.69,D
30.08392,72.54472,331.25,0.38,0.59,2026-07-01,735,N20,VIIRS,n,2.0NRT,300.68,2.25,D
30.10592,73.07845,336.09,0.36,0.57,2026-07-01,735,N20,VIIRS,n,2.0NRT,298.68,2.09,D
30.1447,73.3824,330.86,0.34,0.56,2026-07-01,735,N20,VIIRS,n,2.0NRT,298.58,1.7,D
30.1537,73.04578,338.88,0.36,0.57,2026-07-01,735,N20,VIIRS,n,2.0NRT,299.71,1.93,D
30.19352,73.12138,330.9,0.35,0.57,2026-07-01,735,N20,VIIRS,n,2.0NRT,298.88,0.96,D
30.20203,73.08815,333.94,0.35,0.57,2026-07-01,735,N20,VIIRS,n,2.0NRT,298.83,1.53,D
30.21208,72.91934,333.84,0.36,0.57,2026-07-01,735,N20,VIIRS,n,2.0NRT,298.62,0.86,D
30.21241,72.2565,347.64,0.4,0.6,2026-07-01,735,N20,VIIRS,n,2.0NRT,299.44,5.3,D
30.21694,72.87073,340.83,0.36,0.58,2026-07-01,735,N20,VIIRS,n,2.0NRT,299.33,2.36,D
30.22809,73.12953,330.19,0.35,0.57,2026-07-01,735,N20,VIIRS,n,2.0NRT,298.35,1.46,D
30.22833,72.91813,333.46,0.36,0.57,2026-07-01,735,N20,VIIRS,n,2.0NRT,299.8,1.91,D
30.22987,73.12949,349.65,0.35,0.57,2026-07-01,735,N20,VIIRS,n,2.0NRT,298.98,4.87,D
30.23316,73.12793,338.63,0.35,0.57,2026-07-01,735,N20,VIIRS,n,2.0NRT,299.03,2.74,D
30.24513,73.36337,353.56,0.34,0.56,2026-07-01,735,N20,VIIRS,n,2.0NRT,299,4.97,D
30.24668,72.80991,331.33,0.37,0.58,2026-07-01,735,N20,VIIRS,n,2.0NRT,299.11,1.46,D
30.2661,73.21239,341.44,0.35,0.56,2026-07-01,735,N20,VIIRS,n,2.0NRT,299.6,2.64,D
30.26694,73.21588,334.77,0.35,0.56,2026-07-01,735,N20,VIIRS,n,2.0NRT,299.37,2.64,D
30.27012,71.96878,333.07,0.41,0.61,2026-07-01,735,N20,VIIRS,n,2.0NRT,298.2,2.36,D
30.27012,71.9695,340.96,0.41,0.61,2026-07-01,735,N20,VIIRS,n,2.0NRT,298.47,3.31,D
30.27264,73.4352,341.9,0.34,0.56,2026-07-01,735,N20,VIIRS,n,2.0NRT,298.14,3.63,D
30.27458,72.99673,350.38,0.36,0.57,2026-07-01,735,N20,VIIRS,n,2.0NRT,300.78,6.41,D
30.278,73.08015,346.06,0.35,0.57,2026-07-01,735,N20,VIIRS,n,2.0NRT,300.56,4.74,D
30.28561,72.97393,345.73,0.36,0.57,2026-07-01,735,N20,VIIRS,n,2.0NRT,299.84,3.64,D
30.30091,72.96907,333.97,0.36,0.57,2026-07-01,735,N20,VIIRS,n,2.0NRT,299.39,1.61,D
30.30961,73.57127,340.39,0.33,0.55,2026-07-01,735,N20,VIIRS,n,2.0NRT,296.45,2.2,D
30.31111,72.96583,330.6,0.36,0.57,2026-07-01,735,N20,VIIRS,n,2.0NRT,300.12,2.44,D
30.31942,73.07092,335.52,0.35,0.57,2026-07-01,735,N20,VIIRS,n,2.0NRT,298.64,2.59,D
30.32054,73.06998,341.22,0.35,0.57,2026-07-01,735,N20,VIIRS,n,2.0NRT,298.71,2.72,D
30.3227,73.2915,339.65,0.34,0.56,2026-07-01,735,N20,VIIRS,n,2.0NRT,300.36,3.37,D
30.32872,73.06414,334.57,0.35,0.57,2026-07-01,735,N20,VIIRS,n,2.0NRT,298.67,0.98,D
30.32982,73.06325,334.41,0.35,0.57,2026-07-01,735,N20,VIIRS,n,2.0NRT,298.73,1.08,D
30.33768,72.72905,336.76,0.37,0.58,2026-07-01,735,N20,VIIRS,n,2.0NRT,299.44,1.8,D
30.35664,71.98991,339.73,0.41,0.6,2026-07-01,735,N20,VIIRS,n,2.0NRT,299.08,4.11,D
30.37789,73.63863,335.36,0.32,0.55,2026-07-01,735,N20,VIIRS,n,2.0NRT,295.79,1.71,D
30.38984,73.5997,346.53,0.33,0.55,2026-07-01,735,N20,VIIRS,n,2.0NRT,297.81,4.19,D
30.39857,72.82137,332,0.36,0.58,2026-07-01,735,N20,VIIRS,n,2.0NRT,298.4,1.71,D
30.39868,73.23731,333.18,0.34,0.56,2026-07-01,735,N20,VIIRS,n,2.0NRT,299.09,2.03,D
30.40014,73.28865,353.86,0.34,0.56,2026-07-01,735,N20,VIIRS,n,2.0NRT,299.37,6.02,D
30.40515,73.28709,336.52,0.34,0.56,2026-07-01,735,N20,VIIRS,n,2.0NRT,299.05,2.61,D
30.40533,73.24265,337.81,0.34,0.56,2026-07-01,735,N20,VIIRS,n,2.0NRT,298.85,1.69,D
30.40596,73.29052,343.52,0.34,0.56,2026-07-01,735,N20,VIIRS,n,2.0NRT,298.31,2.61,D
30.40644,73.58042,334.05,0.33,0.55,2026-07-01,735,N20,VIIRS,n,2.0NRT,297.11,1.76,D
30.42922,71.85902,332.48,0.41,0.61,2026-07-01,735,N20,VIIRS,n,2.0NRT,298.33,2.15,D
30.43037,72.8388,331.96,0.36,0.57,2026-07-01,735,N20,VIIRS,n,2.0NRT,299.36,4.15,D
30.43463,72.83353,335.22,0.36,0.57,2026-07-01,735,N20,VIIRS,n,2.0NRT,299.15,6.42,D
30.4355,72.83719,367,0.36,0.57,2026-07-01,735,N20,VIIRS,h,2.0NRT,299.21,4.15,D
30.44323,73.67107,330.74,0.32,0.55,2026-07-01,735,N20,VIIRS,n,2.0NRT,295.79,1.43,D
30.44763,73.80304,338.48,0.63,0.54,2026-07-01,735,N20,VIIRS,n,2.0NRT,295.28,6.15,D
30.47336,73.37196,341.5,0.34,0.56,2026-07-01,735,N20,VIIRS,n,2.0NRT,297.72,2.47,D
30.47593,72.9602,335.01,0.35,0.57,2026-07-01,735,N20,VIIRS,n,2.0NRT,298.48,4.21,D
30.48109,73.722,331.65,0.32,0.55,2026-07-01,735,N20,VIIRS,n,2.0NRT,296.11,1.25,D
30.48334,72.30975,330.19,0.39,0.59,2026-07-01,735,N20,VIIRS,n,2.0NRT,298.69,1.63,D
30.50084,73.48954,335.02,0.33,0.55,2026-07-01,735,N20,VIIRS,n,2.0NRT,296.59,2.02,D
30.51007,72.41785,330.09,0.38,0.59,2026-07-01,735,N20,VIIRS,n,2.0NRT,298.38,1.83,D
30.51098,72.85204,332.17,0.36,0.57,2026-07-01,735,N20,VIIRS,n,2.0NRT,299.29,2.58,D
30.51929,73.88191,334.49,0.62,0.54,2026-07-01,735,N20,VIIRS,n,2.0NRT,294.85,5.97,D
30.52278,73.88218,330.74,0.63,0.54,2026-07-01,735,N20,VIIRS,n,2.0NRT,295.5,3.53,D
30.52611,73.55283,332.03,0.33,0.55,2026-07-01,735,N20,VIIRS,n,2.0NRT,297.68,2.28,D
30.52785,72.1894,352.82,0.39,0.59,2026-07-01,735,N20,VIIRS,n,2.0NRT,298.63,6.14,D
30.54889,72.75769,340.9,0.36,0.58,2026-07-01,735,N20,VIIRS,n,2.0NRT,299.19,3.31,D
30.5495,73.8115,336.05,0.63,0.54,2026-07-01,735,N20,VIIRS,n,2.0NRT,295.12,5.5,D
30.5677,71.92527,340.21,0.41,0.6,2026-07-01,735,N20,VIIRS,n,2.0NRT,297.85,3.1,D
30.56837,71.95147,345.02,0.4,0.6,2026-07-01,735,N20,VIIRS,n,2.0NRT,297.66,5.21,D
30.57917,72.86141,336.69,0.36,0.57,2026-07-01,735,N20,VIIRS,n,2.0NRT,299.13,2.46,D
30.58986,72.74324,342.2,0.36,0.58,2026-07-01,735,N20,VIIRS,n,2.0NRT,298.81,3.14,D
30.58991,72.74442,345.16,0.36,0.58,2026-07-01,735,N20,VIIRS,n,2.0NRT,299.12,3.7,D
30.59144,73.40385,335.02,0.33,0.55,2026-07-01,735,N20,VIIRS,n,2.0NRT,297.66,1.62,D
30.6134,73.81903,342,0.63,0.54,2026-07-01,735,N20,VIIRS,n,2.0NRT,295.26,6.48,D
30.61505,73.81803,342.96,0.63,0.54,2026-07-01,735,N20,VIIRS,n,2.0NRT,295.21,10.4,D
30.61746,72.05737,332.03,0.4,0.6,2026-07-01,735,N20,VIIRS,n,2.0NRT,297.07,1.84,D
30.61823,73.81752,331.83,0.63,0.54,2026-07-01,735,N20,VIIRS,n,2.0NRT,294.96,6.48,D
30.62312,73.65234,332.18,0.32,0.55,2026-07-01,735,N20,VIIRS,n,2.0NRT,296.16,2.45,D
30.62411,73.23271,340.37,0.34,0.56,2026-07-01,735,N20,VIIRS,n,2.0NRT,297.21,3.58,D
30.62492,73.23614,344.73,0.34,0.56,2026-07-01,735,N20,VIIRS,n,2.0NRT,296.48,3.58,D
30.64071,73.61547,336.58,0.32,0.55,2026-07-01,735,N20,VIIRS,n,2.0NRT,295.27,2.21,D
30.64075,73.66074,330.25,0.32,0.55,2026-07-01,735,N20,VIIRS,n,2.0NRT,294.98,1.94,D
30.64092,72.98397,333.76,0.35,0.57,2026-07-01,735,N20,VIIRS,n,2.0NRT,298.79,3.05,D
30.64238,72.98209,337.11,0.35,0.57,2026-07-01,735,N20,VIIRS,n,2.0NRT,298.42,2.58,D
30.65014,73.90179,334.56,0.62,0.54,2026-07-01,735,N20,VIIRS,n,2.0NRT,294.79,10.49,D
30.6516,73.90807,343.21,0.62,0.54,2026-07-01,735,N20,VIIRS,n,2.0NRT,295.36,15,D
30.66175,73.6159,335.11,0.32,0.55,2026-07-01,735,N20,VIIRS,n,2.0NRT,295.39,1.76,D
30.70554,73.0189,331,0.35,0.57,2026-07-01,735,N20,VIIRS,n,2.0NRT,298.15,1.48,D
30.7203,73.89366,334.2,0.62,0.54,2026-07-01,735,N20,VIIRS,n,2.0NRT,294.87,4.42,D
30.72269,73.18158,331.81,0.34,0.56,2026-07-01,735,N20,VIIRS,n,2.0NRT,297.09,2.03,D
30.72496,73.95895,344.14,0.61,0.54,2026-07-01,735,N20,VIIRS,n,2.0NRT,294.47,7.27,D
30.725,72.91759,331.99,0.35,0.57,2026-07-01,735,N20,VIIRS,n,2.0NRT,298.92,1.91,D
30.72617,72.91667,334.76,0.35,0.57,2026-07-01,735,N20,VIIRS,n,2.0NRT,298.95,2.26,D
30.7354,73.98227,333.26,0.61,0.53,2026-07-01,735,N20,VIIRS,n,2.0NRT,294.13,3.79,D
30.76093,74.02725,331.03,0.61,0.53,2026-07-01,735,N20,VIIRS,n,2.0NRT,293.67,4.12,D
30.76464,73.10895,337.49,0.34,0.56,2026-07-01,735,N20,VIIRS,n,2.0NRT,297.46,1.69,D
30.78524,74.24631,330.54,0.59,0.53,2026-07-01,735,N20,VIIRS,n,2.0NRT,290.96,4.61,D
30.78583,74.18211,339.51,0.59,0.53,2026-07-01,735,N20,VIIRS,n,2.0NRT,293.35,11.88,D
30.80692,73.38047,332.66,0.33,0.55,2026-07-01,735,N20,VIIRS,n,2.0NRT,297.16,1.3,D
30.8442,73.40443,336.49,0.33,0.55,2026-07-01,735,N20,VIIRS,n,2.0NRT,297.26,4.7,D
30.84428,73.40697,367,0.33,0.55,2026-07-01,735,N20,VIIRS,h,2.0NRT,297.82,6.84,D
30.84497,73.40774,350.61,0.33,0.55,2026-07-01,735,N20,VIIRS,n,2.0NRT,297.33,5.45,D
30.84827,72.66844,334.45,0.36,0.57,2026-07-01,735,N20,VIIRS,n,2.0NRT,298.46,3.61,D
30.85569,73.41051,347.38,0.33,0.55,2026-07-01,735,N20,VIIRS,n,2.0NRT,298,4.47,D
30.85634,73.41128,349.82,0.33,0.55,2026-07-01,735,N20,VIIRS,n,2.0NRT,297.77,4.89,D
30.89615,75.30843,334,0.51,0.49,2026-07-01,735,N20,VIIRS,n,2.0NRT,288.65,5.48,D
31.00531,73.44112,331.37,0.32,0.55,2026-07-01,735,N20,VIIRS,n,2.0NRT,296.68,2.2,D
31.01761,73.49341,348.17,0.32,0.55,2026-07-01,735,N20,VIIRS,n,2.0NRT,296.91,4.06,D
31.0487,73.46964,334.9,0.32,0.55,2026-07-01,735,N20,VIIRS,n,2.0NRT,296.85,1.77,D
31.04946,73.35993,330.12,0.33,0.55,2026-07-01,735,N20,VIIRS,n,2.0NRT,297.2,1.25,D
31.07493,72.75924,333.49,0.35,0.57,2026-07-01,735,N20,VIIRS,n,2.0NRT,298.11,4.23,D
31.07579,72.76283,342.91,0.35,0.57,2026-07-01,735,N20,VIIRS,n,2.0NRT,297.89,4.03,D
31.08286,73.57188,330.4,0.63,0.54,2026-07-01,735,N20,VIIRS,n,2.0NRT,295.79,4.01,D
31.09259,73.3205,331.83,0.33,0.55,2026-07-01,735,N20,VIIRS,n,2.0NRT,296.65,1.84,D
31.16303,73.94321,332.82,0.6,0.53,2026-07-01,735,N20,VIIRS,n,2.0NRT,291.2,2.77,D
31.2486,72.69731,330.46,0.35,0.57,2026-07-01,735,N20,VIIRS,n,2.0NRT,297.56,0.5,D
31.25349,72.67245,335.55,0.35,0.57,2026-07-01,735,N20,VIIRS,n,2.0NRT,298.66,3.14,D
31.26724,75.55724,338.6,0.48,0.48,2026-07-01,735,N20,VIIRS,n,2.0NRT,291.57,4.42,D
31.33757,72.67559,330.69,0.35,0.57,2026-07-01,735,N20,VIIRS,n,2.0NRT,299.09,2.05,D
31.34715,72.71481,330.05,0.35,0.57,2026-07-01,735,N20,VIIRS,n,2.0NRT,298.15,1.23,D
31.34988,72.71049,331.5,0.35,0.57,2026-07-01,735,N20,VIIRS,n,2.0NRT,299.4,1.81,D
31.35073,72.71405,339.15,0.35,0.57,2026-07-01,735,N20,VIIRS,n,2.0NRT,298.38,1.81,D
31.35219,72.71316,330.44,0.35,0.57,2026-07-01,735,N20,VIIRS,n,2.0NRT,297.65,2.01,D
31.39474,75.61634,339.5,0.48,0.48,2026-07-01,735,N20,VIIRS,n,2.0NRT,290.15,4.31,D
31.40934,72.67921,330.94,0.35,0.57,2026-07-01,735,N20,VIIRS,n,2.0NRT,297.88,1.77,D
31.48815,72.72662,367,0.35,0.56,2026-07-01,735,N20,VIIRS,h,2.0NRT,297.78,6.71,D
31.49864,75.45821,341.01,0.48,0.48,2026-07-01,735,N20,VIIRS,n,2.0NRT,292.89,6.98,D
31.49866,74.99388,339.65,0.51,0.5,2026-07-01,735,N20,VIIRS,n,2.0NRT,291.7,5.85,D
31.5809,72.60793,344.93,0.35,0.57,2026-07-01,735,N20,VIIRS,n,2.0NRT,298.48,5.83,D
31.7444,73.13589,343.38,0.32,0.55,2026-07-01,735,N20,VIIRS,n,2.0NRT,296.99,3.72,D
31.77884,72.88033,330.92,0.33,0.56,2026-07-01,735,N20,VIIRS,n,2.0NRT,296.92,2.54,D
31.80043,73.1265,339.03,0.32,0.55,2026-07-01,735,N20,VIIRS,n,2.0NRT,296.3,3.19,D
32.41177,72.97218,347.37,0.32,0.55,2026-07-01,735,N20,VIIRS,n,2.0NRT,297.49,4.68,D
32.41265,72.97173,349.53,0.32,0.54,2026-07-01,735,N20,VIIRS,n,2.0NRT,297.53,5.61,D
33.01288,71.39244,339.94,0.38,0.59,2026-07-01,735,N20,VIIRS,n,2.0NRT,302.76,4.87,D
33.01601,71.39149,338.27,0.38,0.59,2026-07-01,735,N20,VIIRS,n,2.0NRT,302.41,4.43,D
33.84798,72.37122,336,0.32,0.55,2026-07-01,735,N20,VIIRS,n,2.0NRT,298.95,2.68,D
34.43274,71.74948,331.96,0.34,0.56,2026-07-01,735,N20,VIIRS,n,2.0NRT,297.23,5.08,D
34.43616,71.74818,339.56,0.33,0.56,2026-07-01,735,N20,VIIRS,n,2.0NRT,297.73,5.12,D
34.48809,71.95723,348.47,0.32,0.55,2026-07-01,735,N20,VIIRS,n,2.0NRT,297.16,5.74,D
34.48838,71.95776,348.55,0.33,0.55,2026-07-01,735,N20,VIIRS,n,2.0NRT,296.77,5.2,D
34.49369,71.95845,335.95,0.32,0.55,2026-07-01,735,N20,VIIRS,n,2.0NRT,295.87,5.95,D
34.49398,71.95905,337.89,0.33,0.55,2026-07-01,735,N20,VIIRS,n,2.0NRT,295.88,2.53,D
34.70192,72.77586,341.8,0.58,0.52,2026-07-01,735,N20,VIIRS,n,2.0NRT,295.98,7.75,D
34.702,72.77441,338.21,0.58,0.52,2026-07-01,735,N20,VIIRS,n,2.0NRT,293.88,33.88,D
34.703,72.78049,350.18,0.58,0.52,2026-07-01,735,N20,VIIRS,n,2.0NRT,298.22,37.22,D
34.70321,72.77949,337.9,0.58,0.52,2026-07-01,735,N20,VIIRS,n,2.0NRT,300.86,33.88,D
34.70385,72.7841,367,0.58,0.52,2026-07-01,735,N20,VIIRS,h,2.0NRT,295.94,37.22,D
34.7041,72.78326,367,0.58,0.52,2026-07-01,735,N20,VIIRS,h,2.0NRT,297.07,36.15,D
34.70466,72.78754,345.29,0.58,0.52,2026-07-01,735,N20,VIIRS,n,2.0NRT,293.79,11.79,D
34.70493,72.78673,347.07,0.58,0.52,2026-07-01,735,N20,VIIRS,n,2.0NRT,294.94,36.15,D
22.92818,70.10846,332.65,0.39,0.59,2026-07-01,913,N20,VIIRS,n,2.0NRT,297.02,7.05,D
23.44982,70.51624,333.19,0.42,0.61,2026-07-01,913,N20,VIIRS,n,2.0NRT,291.61,5.15,D
23.64885,68.5616,340.04,0.63,0.54,2026-07-01,913,N20,VIIRS,n,2.0NRT,291.43,6.25,D
23.65387,68.56112,339.9,0.63,0.54,2026-07-01,913,N20,VIIRS,n,2.0NRT,292.24,6.25,D
23.73019,68.61693,345.3,0.32,0.55,2026-07-01,913,N20,VIIRS,n,2.0NRT,297.27,3.6,D
24.93916,68.49332,341.71,0.32,0.55,2026-07-01,913,N20,VIIRS,n,2.0NRT,291.81,1.83,D
24.9696,68.23235,339.91,0.62,0.54,2026-07-01,913,N20,VIIRS,n,2.0NRT,297.71,7.6,D
24.97024,68.23123,337.52,0.62,0.54,2026-07-01,913,N20,VIIRS,n,2.0NRT,297.6,6.07,D
25.0121,68.04041,332.03,0.61,0.53,2026-07-01,913,N20,VIIRS,n,2.0NRT,297.34,4.41,D
27.42274,72.41655,338.51,0.61,0.71,2026-07-01,915,N20,VIIRS,n,2.0NRT,294.94,4.96,D
27.42309,72.42276,336.38,0.61,0.71,2026-07-01,915,N20,VIIRS,n,2.0NRT,294.82,4.96,D
27.51513,72.44025,336.99,0.61,0.71,2026-07-01,915,N20,VIIRS,n,2.0NRT,296.9,5.95,D
27.51671,72.44265,340.09,0.61,0.71,2026-07-01,915,N20,VIIRS,n,2.0NRT,296.92,4.74,D
27.52206,72.44605,341.6,0.61,0.71,2026-07-01,915,N20,VIIRS,n,2.0NRT,297.56,6.17,D
27.52759,72.42693,335.72,0.61,0.71,2026-07-01,915,N20,VIIRS,n,2.0NRT,295.9,4.11,D
27.66374,68.81676,330.13,0.36,0.58,2026-07-01,915,N20,VIIRS,l,2.0NRT,304.1,3.53,D
27.85612,68.73109,335.76,0.36,0.58,2026-07-01,915,N20,VIIRS,n,2.0NRT,300.23,2.43,D
27.85763,68.73179,334.8,0.36,0.57,2026-07-01,915,N20,VIIRS,n,2.0NRT,300.92,2.76,D
28.49715,68.46835,336.83,0.35,0.57,2026-07-01,915,N20,VIIRS,n,2.0NRT,300.03,2.83,D
29.45334,71.5965,337.17,0.56,0.69,2026-07-01,915,N20,VIIRS,n,2.0NRT,295.59,4.42,D
29.61388,72.04879,334.48,0.6,0.71,2026-07-01,915,N20,VIIRS,n,2.0NRT,297.44,6.48,D
29.63835,71.62921,331.55,0.57,0.69,2026-07-01,915,N20,VIIRS,n,2.0NRT,295.45,5.57,D
29.63984,72.2983,347.81,0.62,0.72,2026-07-01,915,N20,VIIRS,n,2.0NRT,298.33,8.42,D
29.67929,72.0575,333.57,0.6,0.71,2026-07-01,915,N20,VIIRS,n,2.0NRT,297.87,3.11,D
29.6801,72.0578,333.33,0.6,0.71,2026-07-01,915,N20,VIIRS,n,2.0NRT,297.62,2.35,D
29.78419,71.93194,331.62,0.59,0.7,2026-07-01,915,N20,VIIRS,n,2.0NRT,297.43,2.86,D
29.90083,72.15814,339.48,0.61,0.71,2026-07-01,915,N20,VIIRS,n,2.0NRT,296.93,4.39,D
29.90584,72.15768,337.51,0.61,0.71,2026-07-01,915,N20,VIIRS,n,2.0NRT,297.36,4.1,D
29.9155,72.50903,346.44,0.64,0.72,2026-07-01,915,N20,VIIRS,n,2.0NRT,297.15,5.93,D
29.91581,72.51581,332.3,0.64,0.72,2026-07-01,915,N20,VIIRS,n,2.0NRT,296.43,5.93,D
29.91921,72.50857,350.5,0.64,0.72,2026-07-01,915,N20,VIIRS,n,2.0NRT,297.36,12.49,D
29.91956,72.51535,337.83,0.64,0.72,2026-07-01,915,N20,VIIRS,n,2.0NRT,296.55,11.3,D
29.9251,72.62479,340.42,0.65,0.73,2026-07-01,915,N20,VIIRS,n,2.0NRT,297.41,6.14,D
29.92746,72.62507,333.27,0.65,0.73,2026-07-01,915,N20,VIIRS,n,2.0NRT,297.99,5.53,D
29.96154,72.34509,331.58,0.63,0.72,2026-07-01,915,N20,VIIRS,n,2.0NRT,296.49,4.92,D
29.96186,72.35172,336.41,0.63,0.72,2026-07-01,915,N20,VIIRS,n,2.0NRT,296.35,4.92,D
30.17644,72.48399,334.83,0.64,0.72,2026-07-01,915,N20,VIIRS,n,2.0NRT,297.02,5.24,D
30.47057,71.71601,349.18,0.58,0.7,2026-07-01,915,N20,VIIRS,n,2.0NRT,294.75,8.67,D
30.47096,71.71264,338.44,0.58,0.7,2026-07-01,915,N20,VIIRS,n,2.0NRT,294.62,9.49,D
34.40586,72.74825,344.11,0.72,0.75,2026-07-01,917,N20,VIIRS,n,2.0NRT,290.18,14.24,D
35.00478,70.54234,338.02,0.54,0.68,2026-07-01,917,N20,VIIRS,n,2.0NRT,299.17,11.45,D
35.00745,70.54492,344.73,0.54,0.68,2026-07-01,917,N20,VIIRS,n,2.0NRT,298.69,8.56,D
35.9923,94.83055,300.68,0.54,0.42,2026-07-01,1955,N20,VIIRS,n,2.0NRT,280.12,1.78,N
29.22305,88.35076,304.62,0.39,0.36,2026-07-01,1957,N20,VIIRS,n,2.0NRT,284.49,1.46,N
29.22568,88.35543,296.01,0.39,0.36,2026-07-01,1957,N20,VIIRS,n,2.0NRT,285.44,0.41,N
29.22634,88.35145,297.14,0.39,0.36,2026-07-01,1957,N20,VIIRS,n,2.0NRT,283.86,0.81,N
29.37565,91.1515,297.7,0.47,0.4,2026-07-01,1957,N20,VIIRS,n,2.0NRT,284.97,1.12,N
23.51131,87.2793,304.65,0.4,0.37,2026-07-01,2000,N20,VIIRS,n,2.0NRT,285.78,1.84,N
23.56109,87.08329,311.2,0.39,0.36,2026-07-01,2000,N20,VIIRS,n,2.0NRT,286.46,2.7,N
25.63103,72.95647,295.71,0.61,0.71,2026-07-01,2000,N20,VIIRS,n,2.0NRT,284.71,4.59,N
25.69533,73.59612,295.66,0.56,0.68,2026-07-01,2000,N20,VIIRS,n,2.0NRT,284.84,6.18,N
25.69569,73.59048,295.69,0.56,0.69,2026-07-01,2000,N20,VIIRS,n,2.0NRT,284.62,6.6,N
25.69715,73.56788,295.26,0.56,0.69,2026-07-01,2000,N20,VIIRS,n,2.0NRT,284.62,4.11,N
25.69752,73.56223,295.39,0.56,0.69,2026-07-01,2000,N20,VIIRS,n,2.0NRT,283.8,4.11,N
25.95712,73.85722,295.48,0.54,0.68,2026-07-01,2000,N20,VIIRS,n,2.0NRT,285.02,4.87,N
26.75963,83.20127,306.19,0.46,0.39,2026-07-01,2000,N20,VIIRS,n,2.0NRT,286.21,1.82,N
27.37477,77.69141,311.66,0.32,0.55,2026-07-01,2000,N20,VIIRS,n,2.0NRT,278.43,1.74,N
29.08441,88.01035,315.75,0.39,0.36,2026-07-01,2000,N20,VIIRS,n,2.0NRT,282.56,1.9,N
30.35615,73.51043,303.33,0.62,0.71,2026-07-01,2000,N20,VIIRS,n,2.0NRT,290.51,0.88,N
20.86311,84.99947,314.62,0.38,0.36,2026-07-01,2002,N20,VIIRS,n,2.0NRT,286.13,2.44,N
20.86368,84.9958,331.75,0.38,0.36,2026-07-01,2002,N20,VIIRS,n,2.0NRT,287.22,3.45,N
20.86426,84.99214,326.5,0.38,0.36,2026-07-01,2002,N20,VIIRS,n,2.0NRT,287.6,3.45,N
20.86483,84.98849,331.77,0.38,0.36,2026-07-01,2002,N20,VIIRS,n,2.0NRT,287.73,3.45,N
20.87026,84.99697,317.44,0.38,0.36,2026-07-01,2002,N20,VIIRS,n,2.0NRT,287.39,1.39,N
20.87083,84.99331,306.84,0.38,0.36,2026-07-01,2002,N20,VIIRS,n,2.0NRT,286.92,1.39,N
20.8864,84.98473,305.7,0.38,0.36,2026-07-01,2002,N20,VIIRS,n,2.0NRT,286.21,1.21,N
20.89027,84.98165,310.09,0.38,0.36,2026-07-01,2002,N20,VIIRS,n,2.0NRT,284.43,1.21,N
20.9509,86.04859,327.51,0.39,0.36,2026-07-01,2002,N20,VIIRS,n,2.0NRT,287.67,3.51,N
20.95151,86.04488,318.72,0.39,0.36,2026-07-01,2002,N20,VIIRS,n,2.0NRT,286.75,2.18,N
20.9565,85.01223,307.05,0.38,0.36,2026-07-01,2002,N20,VIIRS,n,2.0NRT,280.99,1.03,N
20.96194,85.17458,323.72,0.38,0.36,2026-07-01,2002,N20,VIIRS,n,2.0NRT,286.66,3.02,N
20.96251,85.17091,304.75,0.38,0.36,2026-07-01,2002,N20,VIIRS,n,2.0NRT,286.94,1.61,N
20.96291,85.1898,302.04,0.38,0.36,2026-07-01,2002,N20,VIIRS,n,2.0NRT,281.72,0.4,N
20.96309,85.16725,305.63,0.38,0.36,2026-07-01,2002,N20,VIIRS,n,2.0NRT,285.43,1.61,N
20.96349,85.18614,306.31,0.38,0.36,2026-07-01,2002,N20,VIIRS,n,2.0NRT,282.9,1.81,N
20.96522,85.17516,302.3,0.38,0.36,2026-07-01,2002,N20,VIIRS,n,2.0NRT,285.57,1.98,N
20.96638,85.16784,310.1,0.38,0.36,2026-07-01,2002,N20,VIIRS,n,2.0NRT,285.81,2.61,N
20.96685,86.01342,330.95,0.39,0.36,2026-07-01,2002,N20,VIIRS,n,2.0NRT,287.87,5.32,N
20.96746,86.00972,305.8,0.39,0.36,2026-07-01,2002,N20,VIIRS,n,2.0NRT,286.9,2.39,N
20.96851,85.17575,326.94,0.38,0.36,2026-07-01,2002,N20,VIIRS,n,2.0NRT,286.32,1.98,N
20.9718,85.17634,325.12,0.38,0.36,2026-07-01,2002,N20,VIIRS,n,2.0NRT,285.92,2.76,N
20.97196,86.00294,306.14,0.39,0.36,2026-07-01,2002,N20,VIIRS,n,2.0NRT,286.54,1.68,N
20.97467,86.00725,314.11,0.39,0.36,2026-07-01,2002,N20,VIIRS,n,2.0NRT,286.53,1.74,N
20.99779,86.0115,304.47,0.39,0.36,2026-07-01,2002,N20,VIIRS,n,2.0NRT,286.21,1.46,N
21.00199,86.02752,311.54,0.39,0.36,2026-07-01,2002,N20,VIIRS,n,2.0NRT,287.58,2.03,N
22.36424,87.30212,323.04,0.4,0.37,2026-07-01,2002,N20,VIIRS,n,2.0NRT,289.37,4.22,N
22.36545,87.0173,316.91,0.4,0.37,2026-07-01,2002,N20,VIIRS,n,2.0NRT,285.85,1.83,N
22.36827,87.2989,306.44,0.4,0.37,2026-07-01,2002,N20,VIIRS,n,2.0NRT,289.17,2.9,N
22.37828,87.28081,329.79,0.4,0.37,2026-07-01,2002,N20,VIIRS,n,2.0NRT,290.18,3.45,N
22.37894,87.27693,320.52,0.4,0.37,2026-07-01,2002,N20,VIIRS,n,2.0NRT,289.34,3.45,N
22.37967,87.2931,314.26,0.4,0.37,2026-07-01,2002,N20,VIIRS,n,2.0NRT,288.21,2.53,N
22.3877,87.28665,307.27,0.4,0.37,2026-07-01,2002,N20,VIIRS,n,2.0NRT,288.63,2.37,N
9.26995,77.48859,304.95,0.39,0.44,2026-07-01,2004,N20,VIIRS,n,2.0NRT,286.61,1.95,N
12.85186,79.90689,311.48,0.47,0.4,2026-07-01,2004,N20,VIIRS,n,2.0NRT,287.51,3.44,N
35.96863,68.68687,305.95,0.5,0.41,2026-07-01,2138,N20,VIIRS,n,2.0NRT,294.91,1.29,N
27.85446,68.59383,309.62,0.46,0.47,2026-07-01,2140,N20,VIIRS,n,2.0NRT,296.38,3.93,N
30.57819,72.83999,304.33,0.36,0.57,2026-07-01,2140,N20,VIIRS,n,2.0NRT,291.8,0.48,N
22.93231,69.69798,305.08,0.34,0.56,2026-07-01,2142,N20,VIIRS,n,2.0NRT,287.24,1.03,N
23.31352,70.19992,305.97,0.36,0.57,2026-07-01,2142,N20,VIIRS,n,2.0NRT,290.41,0.85,N
25.38899,68.58321,311.54,0.52,0.5,2026-07-01,2142,N20,VIIRS,n,2.0NRT,294.82,4.06,N
10.70363,79.53999,335.15,0.71,0.75,2026-07-02,709,N20,VIIRS,n,2.0NRT,287.95,5.8,D
12.26512,79.76501,328.71,0.64,0.72,2026-07-02,712,N20,VIIRS,n,2.0NRT,284.45,3.89,D
12.26683,79.76511,329.25,0.64,0.72,2026-07-02,712,N20,VIIRS,n,2.0NRT,285.2,6.13,D
13.87018,79.25713,346.79,0.65,0.73,2026-07-02,712,N20,VIIRS,n,2.0NRT,286.38,20.3,D
13.87116,79.26173,346.04,0.65,0.73,2026-07-02,712,N20,VIIRS,n,2.0NRT,285.59,19.65,D
23.80203,86.33035,332.56,0.47,0.4,2026-07-02,714,N20,VIIRS,l,2.0NRT,292.04,6.75,D
23.80359,86.33119,337.1,0.47,0.39,2026-07-02,714,N20,VIIRS,n,2.0NRT,292.37,7.43,D
29.63658,90.98782,343.9,0.43,0.38,2026-07-02,716,N20,VIIRS,l,2.0NRT,317.1,10.16,D
29.95836,72.34368,334.24,0.74,0.76,2026-07-02,716,N20,VIIRS,n,2.0NRT,289.31,9.34,D
29.95931,72.34361,334.11,0.74,0.76,2026-07-02,716,N20,VIIRS,n,2.0NRT,288.84,7.54,D
29.98904,72.8164,332.03,0.7,0.75,2026-07-02,716,N20,VIIRS,n,2.0NRT,288.22,5.65,D
30.39833,73.62175,330.63,0.61,0.71,2026-07-02,716,N20,VIIRS,n,2.0NRT,289,3.89,D
30.40175,73.60677,330.35,0.61,0.71,2026-07-02,716,N20,VIIRS,n,2.0NRT,289.48,4.77,D
30.4366,72.82053,333.7,0.68,0.74,2026-07-02,716,N20,VIIRS,n,2.0NRT,289.48,4.46,D
30.45807,73.73992,341.63,0.6,0.71,2026-07-02,716,N20,VIIRS,n,2.0NRT,289.69,7.05,D
30.45937,73.73908,342.43,0.6,0.71,2026-07-02,716,N20,VIIRS,n,2.0NRT,289.74,5.74,D
30.49594,73.67285,335.74,0.61,0.71,2026-07-02,716,N20,VIIRS,n,2.0NRT,289.84,4.77,D
30.70247,74.04727,331.51,0.57,0.69,2026-07-02,716,N20,VIIRS,n,2.0NRT,290.66,3.39,D
30.98688,73.31542,332.38,0.62,0.71,2026-07-02,716,N20,VIIRS,n,2.0NRT,290.03,4.93,D
31.72796,72.68761,333.03,0.64,0.72,2026-07-02,718,N20,VIIRS,n,2.0NRT,290.47,6.8,D
31.955,72.80367,333.83,0.62,0.72,2026-07-02,718,N20,VIIRS,n,2.0NRT,290.72,3.49,D
31.95511,72.80367,331.66,0.62,0.71,2026-07-02,718,N20,VIIRS,n,2.0NRT,290.14,4.72,D
32.51704,71.8285,339.66,0.68,0.74,2026-07-02,718,N20,VIIRS,n,2.0NRT,291.39,7.28,D
34.47663,71.6905,345.69,0.61,0.71,2026-07-02,718,N20,VIIRS,n,2.0NRT,295.29,4,D
34.47664,71.68932,351.51,0.61,0.71,2026-07-02,718,N20,VIIRS,n,2.0NRT,295.01,7.69,D
34.58982,72.25412,340.78,0.57,0.69,2026-07-02,718,N20,VIIRS,n,2.0NRT,294.38,8.27,D
8.35761,77.98608,333.36,0.41,0.61,2026-07-02,850,N20,VIIRS,n,2.0NRT,295.94,3.37,D
9.15565,77.60157,331.19,0.4,0.6,2026-07-02,852,N20,VIIRS,n,2.0NRT,296.2,2.16,D
9.27026,77.48821,347.18,0.39,0.59,2026-07-02,852,N20,VIIRS,n,2.0NRT,297.87,5.71,D
9.27574,77.48753,347.04,0.39,0.59,2026-07-02,852,N20,VIIRS,n,2.0NRT,298.48,5.71,D
9.40984,77.97267,337.28,0.42,0.61,2026-07-02,852,N20,VIIRS,n,2.0NRT,298.06,2.47,D
9.60897,78.82198,330.62,0.49,0.65,2026-07-02,852,N20,VIIRS,n,2.0NRT,292.14,2.38,D
9.67618,78.82307,337.48,0.49,0.65,2026-07-02,852,N20,VIIRS,n,2.0NRT,293.07,3.59,D
22.92765,70.10854,333.62,0.39,0.44,2026-07-02,856,N20,VIIRS,n,2.0NRT,297.17,5.18,D
23.39377,70.34814,341.93,0.41,0.45,2026-07-02,856,N20,VIIRS,n,2.0NRT,299.25,6.25,D
23.79761,69.5155,331.7,0.56,0.43,2026-07-02,856,N20,VIIRS,n,2.0NRT,297.59,3.04,D
24.1014,73.98863,335.5,0.35,0.57,2026-07-02,856,N20,VIIRS,n,2.0NRT,292.9,3.34,D
24.95835,68.15278,345.59,0.49,0.4,2026-07-02,856,N20,VIIRS,n,2.0NRT,298.15,10.94,D
24.96205,68.15222,348.06,0.49,0.4,2026-07-02,856,N20,VIIRS,n,2.0NRT,299.5,10.94,D
25.42842,68.34177,334.87,0.51,0.41,2026-07-02,856,N20,VIIRS,n,2.0NRT,302.29,2.19,D
26.09226,68.88078,332.13,0.55,0.43,2026-07-02,856,N20,VIIRS,l,2.0NRT,305.15,4.19,D
27.41742,68.02526,341.96,0.51,0.41,2026-07-02,856,N20,VIIRS,n,2.0NRT,309.58,9.27,D
27.47868,68.02138,339.66,0.51,0.41,2026-07-02,856,N20,VIIRS,n,2.0NRT,309.62,8.86,D
27.63952,68.14754,337.02,0.52,0.42,2026-07-02,856,N20,VIIRS,n,2.0NRT,306.47,4.98,D
27.64659,68.10879,340.74,0.52,0.42,2026-07-02,856,N20,VIIRS,n,2.0NRT,308.91,8.06,D
27.67331,68.13712,336.75,0.52,0.42,2026-07-02,856,N20,VIIRS,n,2.0NRT,306.29,5.37,D
27.68478,68.13542,338.23,0.52,0.42,2026-07-02,856,N20,VIIRS,n,2.0NRT,307.71,5.94,D
27.70434,68.04847,338.09,0.52,0.41,2026-07-02,856,N20,VIIRS,l,2.0NRT,308.16,10.97,D
27.80025,68.104,342.54,0.52,0.42,2026-07-02,856,N20,VIIRS,n,2.0NRT,308.43,12.16,D
27.96926,68.54952,339.86,0.55,0.43,2026-07-02,856,N20,VIIRS,n,2.0NRT,307.99,10.5,D
28.4888,68.0502,339.45,0.53,0.42,2026-07-02,856,N20,VIIRS,n,2.0NRT,307.47,7.63,D
28.8141,70.27599,331.53,0.47,0.48,2026-07-02,856,N20,VIIRS,l,2.0NRT,306.17,8.67,D
29.21251,72.51639,367,0.33,0.55,2026-07-02,856,N20,VIIRS,h,2.0NRT,297.45,9.27,D
29.44067,71.76998,338.02,0.59,0.53,2026-07-02,856,N20,VIIRS,n,2.0NRT,296.47,3.01,D
29.5286,71.84043,337.19,0.6,0.53,2026-07-02,856,N20,VIIRS,n,2.0NRT,296.38,6.82,D
29.55524,71.80617,346.53,0.6,0.53,2026-07-02,856,N20,VIIRS,n,2.0NRT,296.72,13.57,D
29.59237,72.29239,330.82,0.32,0.55,2026-07-02,856,N20,VIIRS,n,2.0NRT,295.09,2.49,D
29.61928,72.30972,332.97,0.32,0.55,2026-07-02,856,N20,VIIRS,n,2.0NRT,296.21,2.19,D
29.62231,72.28591,332.11,0.32,0.54,2026-07-02,856,N20,VIIRS,n,2.0NRT,294.29,1.8,D
29.63645,72.3315,336.78,0.32,0.55,2026-07-02,856,N20,VIIRS,n,2.0NRT,295.29,1.94,D
29.64035,72.32952,334.07,0.32,0.55,2026-07-02,856,N20,VIIRS,n,2.0NRT,295.1,2.52,D
29.66604,72.39472,332.25,0.32,0.55,2026-07-02,856,N20,VIIRS,n,2.0NRT,294.55,3.94,D
29.67139,72.39757,367,0.32,0.55,2026-07-02,856,N20,VIIRS,h,2.0NRT,295.02,6.84,D
29.67426,71.72881,330.42,0.59,0.53,2026-07-02,856,N20,VIIRS,n,2.0NRT,292.61,6.35,D
29.67481,71.73494,331.63,0.59,0.53,2026-07-02,856,N20,VIIRS,n,2.0NRT,295.14,9.65,D
29.70802,72.34615,330.48,0.32,0.55,2026-07-02,856,N20,VIIRS,n,2.0NRT,294.14,3.49,D
29.73389,72.05045,330.13,0.62,0.54,2026-07-02,856,N20,VIIRS,n,2.0NRT,293.22,5.09,D
29.74503,72.00377,338.75,0.62,0.54,2026-07-02,856,N20,VIIRS,n,2.0NRT,295.2,7.41,D
29.76974,72.36478,336.34,0.32,0.55,2026-07-02,856,N20,VIIRS,n,2.0NRT,293.3,4.63,D
29.78044,72.65424,330.07,0.34,0.56,2026-07-02,856,N20,VIIRS,n,2.0NRT,293.95,1.74,D
29.78261,72.72343,331.88,0.34,0.56,2026-07-02,856,N20,VIIRS,n,2.0NRT,295.39,2.63,D
29.78528,72.49384,340.31,0.33,0.55,2026-07-02,856,N20,VIIRS,n,2.0NRT,293.12,3.7,D
29.79317,72.52782,341.76,0.33,0.55,2026-07-02,856,N20,VIIRS,n,2.0NRT,293.81,3.4,D
29.80777,72.3916,332.94,0.33,0.55,2026-07-02,856,N20,VIIRS,n,2.0NRT,293.62,1.68,D
29.83768,72.38171,341.76,0.33,0.55,2026-07-02,856,N20,VIIRS,n,2.0NRT,293.49,2.96,D
29.84395,72.70655,345.71,0.34,0.56,2026-07-02,856,N20,VIIRS,n,2.0NRT,293.62,3.59,D
29.86337,72.38248,332.79,0.33,0.55,2026-07-02,856,N20,VIIRS,n,2.0NRT,289.87,2.61,D
29.86366,72.38589,348.31,0.33,0.55,2026-07-02,856,N20,VIIRS,n,2.0NRT,289.37,2.61,D
29.87451,72.41425,331.08,0.33,0.55,2026-07-02,856,N20,VIIRS,n,2.0NRT,294.2,2.86,D
29.87796,72.26732,352.67,0.32,0.55,2026-07-02,856,N20,VIIRS,n,2.0NRT,294.74,5.45,D
29.89918,71.38105,336.83,0.57,0.52,2026-07-02,856,N20,VIIRS,n,2.0NRT,296.18,3.08,D
29.90472,72.16233,338.37,0.63,0.54,2026-07-02,856,N20,VIIRS,n,2.0NRT,294.3,5.6,D
29.9064,72.18215,332.35,0.63,0.54,2026-07-02,856,N20,VIIRS,n,2.0NRT,294.26,4.69,D
29.90711,72.31168,330.49,0.32,0.55,2026-07-02,856,N20,VIIRS,n,2.0NRT,293.74,1.83,D
29.92003,72.28322,335.05,0.32,0.55,2026-07-02,856,N20,VIIRS,n,2.0NRT,293.92,4.26,D
29.92031,72.28657,349.25,0.32,0.55,2026-07-02,856,N20,VIIRS,n,2.0NRT,294.04,5.56,D
29.92034,71.45668,333.65,0.57,0.52,2026-07-02,856,N20,VIIRS,n,2.0NRT,296.87,1.64,D
29.92087,71.46267,330.76,0.57,0.52,2026-07-02,856,N20,VIIRS,n,2.0NRT,296.63,2.98,D
29.92427,72.33372,331.3,0.32,0.55,2026-07-02,856,N20,VIIRS,n,2.0NRT,293.96,1.67,D
29.94139,72.60303,337.96,0.34,0.56,2026-07-02,856,N20,VIIRS,n,2.0NRT,291.04,1.85,D
29.95553,72.46129,331.24,0.33,0.55,2026-07-02,856,N20,VIIRS,n,2.0NRT,294.42,1.43,D
29.95969,72.57292,341.71,0.34,0.56,2026-07-02,856,N20,VIIRS,n,2.0NRT,293.98,3.1,D
29.97145,72.46664,339.7,0.33,0.55,2026-07-02,856,N20,VIIRS,n,2.0NRT,294.54,3.42,D
29.97441,72.46613,339.64,0.33,0.55,2026-07-02,856,N20,VIIRS,n,2.0NRT,294.92,2.65,D
29.97689,72.59241,331.46,0.34,0.56,2026-07-02,856,N20,VIIRS,n,2.0NRT,293.7,2.81,D
29.97735,71.94406,332.91,0.61,0.54,2026-07-02,856,N20,VIIRS,n,2.0NRT,295.29,2.6,D
29.97978,72.75327,337.97,0.34,0.56,2026-07-02,856,N20,VIIRS,n,2.0NRT,292.37,2.08,D
29.98067,71.86652,331.02,0.61,0.53,2026-07-02,856,N20,VIIRS,n,2.0NRT,296.23,4.16,D
29.9903,72.47147,333.96,0.33,0.55,2026-07-02,856,N20,VIIRS,n,2.0NRT,294.14,3.18,D
29.99514,72.46748,356.28,0.33,0.55,2026-07-02,856,N20,VIIRS,n,2.0NRT,295.91,14.42,D
29.99541,72.47093,337.37,0.33,0.55,2026-07-02,856,N20,VIIRS,n,2.0NRT,293.97,8.5,D
30.00608,72.7399,332.12,0.34,0.56,2026-07-02,856,N20,VIIRS,n,2.0NRT,293.14,1.04,D
30.02748,72.54836,337.5,0.33,0.56,2026-07-02,856,N20,VIIRS,n,2.0NRT,294.42,2.24,D
30.03002,72.57991,334.67,0.34,0.56,2026-07-02,856,N20,VIIRS,n,2.0NRT,295.04,2.28,D
30.04368,73.02452,346.2,0.36,0.57,2026-07-02,856,N20,VIIRS,n,2.0NRT,294.14,3.2,D
30.04397,73.02826,334.06,0.36,0.57,2026-07-02,856,N20,VIIRS,n,2.0NRT,293.71,3.2,D
30.02267,71.46732,334.4,0.58,0.52,2026-07-02,858,N20,VIIRS,n,2.0NRT,297.24,2.6,D
30.04139,71.45913,334.37,0.58,0.52,2026-07-02,858,N20,VIIRS,n,2.0NRT,296.46,2.46,D
30.06631,72.27445,331.93,0.32,0.55,2026-07-02,858,N20,VIIRS,n,2.0NRT,294.75,1.55,D
30.07561,71.46136,330.06,0.58,0.52,2026-07-02,858,N20,VIIRS,n,2.0NRT,296.89,2.34,D
30.07902,72.38484,354.88,0.33,0.55,2026-07-02,858,N20,VIIRS,n,2.0NRT,295.2,4.1,D
30.08004,72.33308,331.3,0.33,0.55,2026-07-02,858,N20,VIIRS,n,2.0NRT,294.22,2.4,D
30.08049,72.62466,333.69,0.34,0.56,2026-07-02,858,N20,VIIRS,n,2.0NRT,295.06,1.25,D
30.09996,71.64222,344.65,0.59,0.53,2026-07-02,858,N20,VIIRS,n,2.0NRT,296.85,10.78,D
30.10177,71.64297,351.47,0.59,0.53,2026-07-02,858,N20,VIIRS,n,2.0NRT,296.83,13.43,D
30.11003,72.45113,332.44,0.33,0.55,2026-07-02,858,N20,VIIRS,n,2.0NRT,295.79,1.77,D
30.12138,73.15381,334.87,0.37,0.58,2026-07-02,858,N20,VIIRS,n,2.0NRT,294.32,2.47,D
30.12334,73.15425,335.97,0.36,0.58,2026-07-02,858,N20,VIIRS,n,2.0NRT,293.79,2.32,D
30.14123,73.38348,330.07,0.38,0.58,2026-07-02,858,N20,VIIRS,n,2.0NRT,295.1,6.13,D
30.14154,73.38743,367,0.38,0.59,2026-07-02,858,N20,VIIRS,h,2.0NRT,294.63,9.17,D
30.14316,73.38287,332.71,0.38,0.59,2026-07-02,858,N20,VIIRS,n,2.0NRT,294.74,7.29,D
30.14344,73.38683,367,0.38,0.59,2026-07-02,858,N20,VIIRS,h,2.0NRT,294.41,9.14,D
30.14958,72.81974,338.27,0.35,0.57,2026-07-02,858,N20,VIIRS,n,2.0NRT,293.97,2.17,D
30.15631,72.38732,354.38,0.33,0.55,2026-07-02,858,N20,VIIRS,n,2.0NRT,297.15,17.66,D
30.15659,72.39075,367,0.33,0.55,2026-07-02,858,N20,VIIRS,h,2.0NRT,294.91,13.43,D
30.17829,72.98451,341.76,0.36,0.57,2026-07-02,858,N20,VIIRS,n,2.0NRT,293.26,2.53,D
30.18084,72.20316,349.12,0.32,0.55,2026-07-02,858,N20,VIIRS,n,2.0NRT,294.99,3.35,D
30.20472,72.43782,339.63,0.33,0.55,2026-07-02,858,N20,VIIRS,n,2.0NRT,295.36,2.5,D
30.23311,73.23721,336.97,0.37,0.58,2026-07-02,858,N20,VIIRS,n,2.0NRT,293.56,1.98,D
30.23544,73.23629,332.63,0.37,0.58,2026-07-02,858,N20,VIIRS,n,2.0NRT,293.2,2.06,D
30.24324,73.26688,335.01,0.37,0.58,2026-07-02,858,N20,VIIRS,n,2.0NRT,293.38,1.13,D
30.24609,73.26734,330.37,0.37,0.58,2026-07-02,858,N20,VIIRS,n,2.0NRT,293.36,1.73,D
30.26723,73.11365,346.69,0.36,0.58,2026-07-02,858,N20,VIIRS,n,2.0NRT,294.37,4.46,D
30.29745,73.30204,332.37,0.37,0.58,2026-07-02,858,N20,VIIRS,n,2.0NRT,293.6,1.23,D
30.31753,72.87146,333.81,0.35,0.57,2026-07-02,858,N20,VIIRS,n,2.0NRT,293.5,1.35,D
30.31801,72.87404,332.34,0.35,0.57,2026-07-02,858,N20,VIIRS,n,2.0NRT,293.7,1.64,D
30.32209,73.64018,336.26,0.39,0.59,2026-07-02,858,N20,VIIRS,n,2.0NRT,294.08,1.56,D
30.32362,72.88207,338.12,0.35,0.57,2026-07-02,858,N20,VIIRS,n,2.0NRT,293.62,1.65,D
30.32387,72.88092,330.96,0.35,0.57,2026-07-02,858,N20,VIIRS,n,2.0NRT,293.93,1.27,D
30.32556,72.49651,334.18,0.33,0.56,2026-07-02,858,N20,VIIRS,n,2.0NRT,296.13,2.41,D
30.33383,73.57301,331.37,0.39,0.59,2026-07-02,858,N20,VIIRS,n,2.0NRT,294.81,1.77,D
30.3428,71.71191,338.33,0.6,0.53,2026-07-02,858,N20,VIIRS,n,2.0NRT,296.17,4.9,D
30.34415,73.01583,330.28,0.36,0.57,2026-07-02,858,N20,VIIRS,n,2.0NRT,293.84,1.3,D
30.34538,71.71259,341.89,0.6,0.53,2026-07-02,858,N20,VIIRS,n,2.0NRT,296.58,6.53,D
30.36338,73.52525,334.73,0.39,0.59,2026-07-02,858,N20,VIIRS,n,2.0NRT,294.81,2.54,D
30.36403,73.52309,330.4,0.39,0.59,2026-07-02,858,N20,VIIRS,n,2.0NRT,294.66,2.62,D
30.39493,72.45773,331.33,0.33,0.56,2026-07-02,858,N20,VIIRS,n,2.0NRT,295.53,1.36,D
30.39565,73.66083,332.12,0.39,0.6,2026-07-02,858,N20,VIIRS,n,2.0NRT,294.4,2.03,D
30.39745,72.45731,331.07,0.33,0.56,2026-07-02,858,N20,VIIRS,n,2.0NRT,295.49,1.3,D
30.40088,73.65619,336.72,0.39,0.6,2026-07-02,858,N20,VIIRS,n,2.0NRT,294.73,2.1,D
30.44094,72.82256,332.78,0.35,0.57,2026-07-02,858,N20,VIIRS,n,2.0NRT,295.48,4.07,D
30.46682,73.87947,353.44,0.41,0.6,2026-07-02,858,N20,VIIRS,n,2.0NRT,294.07,7.75,D
30.47066,72.66138,336.95,0.34,0.56,2026-07-02,858,N20,VIIRS,n,2.0NRT,295.8,2.69,D
30.47111,73.6263,332.98,0.39,0.6,2026-07-02,858,N20,VIIRS,n,2.0NRT,293.83,2.89,D
30.50367,72.81271,367,0.35,0.57,2026-07-02,858,N20,VIIRS,h,2.0NRT,296.48,10.57,D
30.51041,72.34998,333.26,0.33,0.55,2026-07-02,858,N20,VIIRS,n,2.0NRT,295.8,2.6,D
30.51779,73.73983,332.89,0.4,0.6,2026-07-02,858,N20,VIIRS,n,2.0NRT,293.39,1.99,D
30.51924,73.76091,342.63,0.4,0.6,2026-07-02,858,N20,VIIRS,n,2.0NRT,294.31,3.08,D
30.522,71.81272,335.71,0.61,0.54,2026-07-02,858,N20,VIIRS,n,2.0NRT,296,3.35,D
30.52595,73.61727,335.6,0.39,0.6,2026-07-02,858,N20,VIIRS,n,2.0NRT,293.54,1.48,D
30.54059,72.27744,344.65,0.33,0.55,2026-07-02,858,N20,VIIRS,n,2.0NRT,296.53,5.58,D
30.54282,72.30493,335.61,0.33,0.55,2026-07-02,858,N20,VIIRS,n,2.0NRT,296.35,1.6,D
30.55119,73.81791,352.24,0.4,0.6,2026-07-02,858,N20,VIIRS,n,2.0NRT,294.05,6.98,D
30.5549,73.4826,346.12,0.39,0.59,2026-07-02,858,N20,VIIRS,n,2.0NRT,294.36,4.21,D
30.56414,73.68512,334.36,0.4,0.6,2026-07-02,858,N20,VIIRS,n,2.0NRT,293.88,3.62,D
30.56431,74.00803,331.77,0.42,0.61,2026-07-02,858,N20,VIIRS,n,2.0NRT,292.43,1.74,D
30.56444,73.68931,345.59,0.4,0.6,2026-07-02,858,N20,VIIRS,n,2.0NRT,293.36,3.62,D
30.57814,72.18731,367,0.32,0.55,2026-07-02,858,N20,VIIRS,h,2.0NRT,297.98,8.88,D
30.57841,72.1907,334.62,0.32,0.55,2026-07-02,858,N20,VIIRS,n,2.0NRT,296.61,6.23,D
30.57861,73.5051,340.47,0.39,0.59,2026-07-02,858,N20,VIIRS,n,2.0NRT,294.05,3.27,D
30.57919,72.18758,367,0.32,0.55,2026-07-02,858,N20,VIIRS,h,2.0NRT,297.85,8.4,D
30.57928,73.50488,340.69,0.39,0.59,2026-07-02,858,N20,VIIRS,n,2.0NRT,294.26,4.07,D
30.57948,72.19098,333.14,0.32,0.55,2026-07-02,858,N20,VIIRS,n,2.0NRT,296.81,6.68,D
30.58015,72.84554,334.63,0.35,0.57,2026-07-02,858,N20,VIIRS,n,2.0NRT,296.06,2.1,D
30.58192,73.77682,332.75,0.4,0.6,2026-07-02,858,N20,VIIRS,n,2.0NRT,293.46,2.62,D
30.58206,73.38643,338.67,0.38,0.59,2026-07-02,858,N20,VIIRS,n,2.0NRT,294.27,4.18,D
30.5839,73.73853,334.85,0.4,0.6,2026-07-02,858,N20,VIIRS,n,2.0NRT,293.22,2.43,D
30.58472,73.7383,332.31,0.4,0.6,2026-07-02,858,N20,VIIRS,n,2.0NRT,293.12,2.72,D
30.60028,72.90007,333.09,0.36,0.57,2026-07-02,858,N20,VIIRS,n,2.0NRT,295.52,1.57,D
30.60379,73.95686,333.68,0.41,0.61,2026-07-02,858,N20,VIIRS,n,2.0NRT,292.63,1.81,D
30.60603,73.95627,331.98,0.41,0.61,2026-07-02,858,N20,VIIRS,n,2.0NRT,293.23,1.94,D
30.61522,73.70609,367,0.4,0.6,2026-07-02,858,N20,VIIRS,h,2.0NRT,294.68,8.05,D
30.61551,73.71029,335.07,0.4,0.6,2026-07-02,858,N20,VIIRS,n,2.0NRT,293.21,8.05,D
30.62284,73.6548,331.92,0.4,0.6,2026-07-02,858,N20,VIIRS,n,2.0NRT,293.94,2.25,D
30.66096,73.96515,337.14,0.41,0.61,2026-07-02,858,N20,VIIRS,n,2.0NRT,293.05,3.54,D
30.69977,73.89794,332.92,0.41,0.61,2026-07-02,858,N20,VIIRS,n,2.0NRT,294.46,3.81,D
30.70172,73.90048,333.42,0.41,0.61,2026-07-02,858,N20,VIIRS,n,2.0NRT,294.22,3.03,D
30.7201,73.99993,367,0.42,0.61,2026-07-02,858,N20,VIIRS,h,2.0NRT,293.89,23.79,D
30.72314,73.99694,351.96,0.42,0.61,2026-07-02,858,N20,VIIRS,n,2.0NRT,293.67,16.08,D
30.72342,74.00134,367,0.42,0.61,2026-07-02,858,N20,VIIRS,h,2.0NRT,293.01,16.93,D
30.74445,73.8074,337.28,0.41,0.6,2026-07-02,858,N20,VIIRS,n,2.0NRT,294.16,3.05,D
30.7578,74.09203,344.23,0.42,0.61,2026-07-02,858,N20,VIIRS,n,2.0NRT,293.26,5.32,D
30.7609,73.96727,332.49,0.41,0.61,2026-07-02,858,N20,VIIRS,n,2.0NRT,293.53,2.22,D
30.78698,72.99661,346.52,0.36,0.58,2026-07-02,858,N20,VIIRS,n,2.0NRT,295.07,3.07,D
30.78726,73.00046,331.11,0.36,0.58,2026-07-02,858,N20,VIIRS,n,2.0NRT,294.93,3.07,D
30.83485,73.3561,339.97,0.38,0.59,2026-07-02,858,N20,VIIRS,n,2.0NRT,294.97,5.14,D
30.87329,73.21192,335.47,0.37,0.58,2026-07-02,858,N20,VIIRS,n,2.0NRT,294.64,2.03,D
30.87565,73.21059,334.25,0.37,0.58,2026-07-02,858,N20,VIIRS,n,2.0NRT,294.73,1.52,D
30.88336,73.88715,340.67,0.41,0.61,2026-07-02,858,N20,VIIRS,n,2.0NRT,293.03,3.68,D
31.00882,74.27289,335.8,0.44,0.62,2026-07-02,858,N20,VIIRS,n,2.0NRT,292.39,2.8,D
31.05242,72.58186,342.07,0.34,0.56,2026-07-02,858,N20,VIIRS,n,2.0NRT,294.13,3.11,D
31.17319,72.64316,348.43,0.35,0.57,2026-07-02,858,N20,VIIRS,n,2.0NRT,295.66,3.83,D
31.29685,72.66911,331.45,0.35,0.57,2026-07-02,858,N20,VIIRS,n,2.0NRT,295.8,1.7,D
31.42318,72.52414,367,0.34,0.56,2026-07-02,858,N20,VIIRS,h,2.0NRT,297.18,5.84,D
31.42346,72.5278,344.32,0.35,0.56,2026-07-02,858,N20,VIIRS,n,2.0NRT,296.02,5.84,D
31.5222,72.6415,341.94,0.35,0.57,2026-07-02,858,N20,VIIRS,n,2.0NRT,295.3,3.07,D
31.67468,72.49526,330.67,0.35,0.56,2026-07-02,858,N20,VIIRS,n,2.0NRT,296.12,0.68,D
31.67549,72.49536,348.53,0.35,0.56,2026-07-02,858,N20,VIIRS,n,2.0NRT,296.55,2.99,D
32.5137,71.82738,367,0.32,0.55,2026-07-02,858,N20,VIIRS,h,2.0NRT,299.68,8.37,D
32.51459,71.83892,335.15,0.32,0.55,2026-07-02,858,N20,VIIRS,n,2.0NRT,297.89,3.31,D
32.51486,71.84239,330.51,0.32,0.55,2026-07-02,858,N20,VIIRS,n,2.0NRT,296.79,2.71,D
32.51875,71.82672,339.8,0.32,0.55,2026-07-02,858,N20,VIIRS,n,2.0NRT,299.71,4.12,D
33.1488,70.84719,346.52,0.57,0.52,2026-07-02,858,N20,VIIRS,n,2.0NRT,303.88,8.08,D
34.47869,71.68799,367,0.33,0.55,2026-07-02,858,N20,VIIRS,h,2.0NRT,304.88,4.89,D
34.47894,71.69167,341.1,0.33,0.55,2026-07-02,858,N20,VIIRS,n,2.0NRT,303.12,4.89,D
34.59098,72.25166,339.06,0.36,0.57,2026-07-02,858,N20,VIIRS,n,2.0NRT,296.42,3.75,D
35.99054,94.83293,315.38,0.39,0.36,2026-07-02,1938,N20,VIIRS,n,2.0NRT,282.73,1.84,N
29.08396,88.01086,309.7,0.49,0.4,2026-07-02,1940,N20,VIIRS,n,2.0NRT,283.9,2.09,N
29.37499,91.14926,304.95,0.39,0.36,2026-07-02,1940,N20,VIIRS,n,2.0NRT,284.48,1.23,N
29.6625,90.90583,307.75,0.39,0.37,2026-07-02,1940,N20,VIIRS,n,2.0NRT,288.39,1.66,N
21.3539,95.55584,303.95,0.4,0.44,2026-07-02,1942,N20,VIIRS,n,2.0NRT,283.82,1.05,N
21.59439,96.2292,309.41,0.43,0.46,2026-07-02,1942,N20,VIIRS,n,2.0NRT,283.85,1.46,N
22.05555,88.12401,304.83,0.41,0.37,2026-07-02,1942,N20,VIIRS,n,2.0NRT,279.05,1.35,N
22.35728,87.28973,301.93,0.45,0.39,2026-07-02,1942,N20,VIIRS,n,2.0NRT,278.5,0.58,N
22.3601,87.29314,302.07,0.45,0.39,2026-07-02,1942,N20,VIIRS,n,2.0NRT,280.44,0.79,N
22.36021,87.29461,303.35,0.45,0.39,2026-07-02,1942,N20,VIIRS,n,2.0NRT,280.45,0.88,N
22.36241,87.01785,311.71,0.46,0.39,2026-07-02,1942,N20,VIIRS,n,2.0NRT,286.28,1.8,N
22.36314,87.2995,308.2,0.45,0.39,2026-07-02,1942,N20,VIIRS,n,2.0NRT,281.92,1.47,N
22.36599,87.01843,317.81,0.46,0.39,2026-07-02,1942,N20,VIIRS,n,2.0NRT,287.47,1.8,N
22.36601,87.30293,319.69,0.45,0.39,2026-07-02,1942,N20,VIIRS,n,2.0NRT,284.43,3.94,N
22.37605,87.28247,304.04,0.45,0.39,2026-07-02,1942,N20,VIIRS,n,2.0NRT,282.71,1.72,N
22.37664,87.27814,316.81,0.45,0.39,2026-07-02,1942,N20,VIIRS,n,2.0NRT,282.22,1.7,N
22.38019,87.27872,307.84,0.45,0.39,2026-07-02,1942,N20,VIIRS,n,2.0NRT,282.8,1.7,N
22.86427,89.53947,304.2,0.39,0.36,2026-07-02,1942,N20,VIIRS,n,2.0NRT,279.57,0.49,N
23.48355,87.36189,309.02,0.46,0.39,2026-07-02,1942,N20,VIIRS,n,2.0NRT,269.42,1.57,N
23.66606,85.00095,303.54,0.4,0.44,2026-07-02,1942,N20,VIIRS,n,2.0NRT,275.8,0.88,N
23.66652,84.99707,299.71,0.4,0.44,2026-07-02,1942,N20,VIIRS,n,2.0NRT,275.21,0.88,N
23.67681,86.39928,303.67,0.51,0.41,2026-07-02,1942,N20,VIIRS,n,2.0NRT,274.46,3.44,N
23.67713,86.40028,306.66,0.51,0.41,2026-07-02,1942,N20,VIIRS,n,2.0NRT,276,1.71,N
23.67775,86.39534,302.08,0.51,0.41,2026-07-02,1942,N20,VIIRS,n,2.0NRT,275.46,1.71,N
23.68151,86.39595,306.46,0.51,0.41,2026-07-02,1942,N20,VIIRS,n,2.0NRT,278.28,3.05,N
23.6817,86.09689,323.33,0.53,0.42,2026-07-02,1942,N20,VIIRS,n,2.0NRT,269.91,2.26,N
23.68236,86.09175,304.05,0.53,0.42,2026-07-02,1942,N20,VIIRS,n,2.0NRT,270.34,2.26,N
23.68591,86.39155,314.28,0.51,0.41,2026-07-02,1942,N20,VIIRS,n,2.0NRT,280.71,2.94,N
23.68722,87.12032,302.31,0.47,0.4,2026-07-02,1942,N20,VIIRS,n,2.0NRT,274.32,0.94,N
23.68774,87.12319,304.22,0.47,0.4,2026-07-02,1942,N20,VIIRS,n,2.0NRT,271.7,0.62,N
23.69136,87.12378,298.47,0.47,0.4,2026-07-02,1942,N20,VIIRS,n,2.0NRT,271.58,0.62,N
23.69498,87.12438,301.88,0.47,0.4,2026-07-02,1942,N20,VIIRS,n,2.0NRT,272.02,0.9,N
23.75165,86.4172,303.68,0.51,0.41,2026-07-02,1942,N20,VIIRS,n,2.0NRT,266.58,0.78,N
23.75737,86.40289,299.72,0.51,0.41,2026-07-02,1942,N20,VIIRS,n,2.0NRT,268.55,0.55,N
23.75803,86.39787,297.39,0.51,0.41,2026-07-02,1942,N20,VIIRS,n,2.0NRT,269.19,0.55,N
23.76113,86.40349,300.19,0.51,0.41,2026-07-02,1942,N20,VIIRS,n,2.0NRT,269.14,0.55,N
23.76179,86.39848,302.27,0.51,0.41,2026-07-02,1942,N20,VIIRS,n,2.0NRT,270.35,0.55,N
23.76489,86.40408,315.31,0.51,0.41,2026-07-02,1942,N20,VIIRS,n,2.0NRT,271.42,1.63,N
23.76865,86.40465,315.25,0.51,0.41,2026-07-02,1942,N20,VIIRS,n,2.0NRT,273.22,1.63,N
23.76931,86.39966,298.3,0.51,0.41,2026-07-02,1942,N20,VIIRS,n,2.0NRT,272.65,1.63,N
23.77391,86.3648,321.44,0.51,0.41,2026-07-02,1942,N20,VIIRS,n,2.0NRT,280.21,3.76,N
23.77504,86.38538,304.57,0.51,0.41,2026-07-02,1942,N20,VIIRS,n,2.0NRT,278.52,2.31,N
23.77514,86.38776,305.52,0.51,0.41,2026-07-02,1942,N20,VIIRS,n,2.0NRT,279.84,1.91,N
23.77815,86.39096,323.86,0.51,0.41,2026-07-02,1942,N20,VIIRS,n,2.0NRT,279.19,4.11,N
23.77827,86.39334,307.42,0.51,0.41,2026-07-02,1942,N20,VIIRS,n,2.0NRT,278.85,1.91,N
23.77854,86.21146,309.78,0.52,0.42,2026-07-02,1942,N20,VIIRS,n,2.0NRT,283.62,2.2,N
23.7789,86.38837,322.93,0.51,0.41,2026-07-02,1942,N20,VIIRS,n,2.0NRT,281.11,1.91,N
23.7792,86.20637,306.23,0.52,0.42,2026-07-02,1942,N20,VIIRS,n,2.0NRT,283.74,2.2,N
23.78018,86.34769,303.92,0.51,0.41,2026-07-02,1942,N20,VIIRS,n,2.0NRT,281.95,1.07,N
23.78079,86.37096,303.86,0.51,0.41,2026-07-02,1942,N20,VIIRS,n,2.0NRT,280.1,2.02,N
23.7808,86.37335,306.26,0.51,0.41,2026-07-02,1942,N20,VIIRS,n,2.0NRT,280.16,1.51,N
23.78191,86.39156,310.44,0.51,0.41,2026-07-02,1942,N20,VIIRS,n,2.0NRT,280.97,2.49,N
23.78234,86.21207,307.34,0.52,0.42,2026-07-02,1942,N20,VIIRS,n,2.0NRT,281.87,1.85,N
23.79464,86.35512,315.19,0.51,0.41,2026-07-02,1942,N20,VIIRS,n,2.0NRT,282.58,2.68,N
23.79906,86.35067,319.83,0.51,0.41,2026-07-02,1942,N20,VIIRS,n,2.0NRT,283.77,2.68,N
23.80159,86.33066,305.72,0.51,0.41,2026-07-02,1942,N20,VIIRS,n,2.0NRT,283.82,1.59,N
23.82386,84.57428,312.71,0.43,0.46,2026-07-02,1942,N20,VIIRS,n,2.0NRT,270.09,1.32,N
23.82435,84.57005,302.95,0.43,0.46,2026-07-02,1942,N20,VIIRS,n,2.0NRT,272.62,1.32,N
23.82806,84.5749,295.44,0.43,0.46,2026-07-02,1942,N20,VIIRS,n,2.0NRT,270.28,0.67,N
23.82855,84.57067,305.01,0.43,0.46,2026-07-02,1942,N20,VIIRS,n,2.0NRT,276.07,0.67,N
24.11381,86.85978,307.07,0.49,0.4,2026-07-02,1942,N20,VIIRS,n,2.0NRT,288.01,1.33,N
24.1175,86.86037,306.66,0.49,0.4,2026-07-02,1942,N20,VIIRS,n,2.0NRT,288,1.33,N
25.03792,87.39176,303.02,0.47,0.4,2026-07-02,1942,N20,VIIRS,n,2.0NRT,286.41,1.01,N
24.69123,73.00233,304.46,0.51,0.49,2026-07-02,2123,N20,VIIRS,n,2.0NRT,285.65,0.99,N
25.38716,68.58456,313.17,0.44,0.38,2026-07-02,2123,N20,VIIRS,n,2.0NRT,291.08,1.55,N
26.09331,68.8777,310.62,0.44,0.38,2026-07-02,2123,N20,VIIRS,n,2.0NRT,292.9,0.76,N
26.14609,68.76354,310.88,0.44,0.38,2026-07-02,2123,N20,VIIRS,n,2.0NRT,295.08,0.8,N
27.7885,68.22547,317.06,0.41,0.37,2026-07-02,2123,N20,VIIRS,n,2.0NRT,295.97,4.93,N
28.04881,68.53091,320.68,0.41,0.37,2026-07-02,2123,N20,VIIRS,n,2.0NRT,293.94,3.65,N
28.3448,68.03542,321.93,0.4,0.37,2026-07-02,2123,N20,VIIRS,n,2.0NRT,295.67,4,N
28.67572,68.2328,304.64,0.4,0.37,2026-07-02,2123,N20,VIIRS,n,2.0NRT,291.34,1.75,N
22.93381,69.69775,313.56,0.53,0.42,2026-07-02,2125,N20,VIIRS,n,2.0NRT,293.04,1.9,N
21.59303,96.23064,336.17,0.39,0.36,2026-07-03,654,N20,VIIRS,n,2.0NRT,293.3,1.75,D
23.64521,85.44168,340.27,0.33,0.55,2026-07-03,657,N20,VIIRS,n,2.0NRT,291.24,4.66,D
25.0365,87.39033,337.96,0.47,0.48,2026-07-03,657,N20,VIIRS,n,2.0NRT,294.97,6.78,D
27.37683,95.33617,336.01,0.4,0.37,2026-07-03,657,N20,VIIRS,n,2.0NRT,296.39,3,D
27.45986,95.47578,334.6,0.4,0.37,2026-07-03,657,N20,VIIRS,n,2.0NRT,298.03,2.75,D
27.77208,95.53279,333.03,0.41,0.37,2026-07-03,657,N20,VIIRS,l,2.0NRT,304.82,4.15,D
28.20859,95.6594,333.69,0.41,0.37,2026-07-03,657,N20,VIIRS,n,2.0NRT,297.24,1.99,D
29.61942,94.35441,341.17,0.39,0.36,2026-07-03,657,N20,VIIRS,l,2.0NRT,313.59,8.12,D
8.18506,81.31056,336.96,0.33,0.55,2026-07-03,833,N20,VIIRS,n,2.0NRT,295.39,2.93,D
8.18669,81.32246,342.03,0.33,0.55,2026-07-03,833,N20,VIIRS,n,2.0NRT,295.48,7.09,D
8.1875,81.3284,356.23,0.33,0.55,2026-07-03,833,N20,VIIRS,n,2.0NRT,297.23,8.81,D
8.18791,81.33138,367,0.33,0.55,2026-07-03,833,N20,VIIRS,h,2.0NRT,295.22,8.81,D
8.75918,78.18197,334.22,0.41,0.45,2026-07-03,833,N20,VIIRS,n,2.0NRT,298.86,3.61,D
8.76786,77.57673,334.52,0.56,0.43,2026-07-03,833,N20,VIIRS,n,2.0NRT,299.3,7.99,D
8.84815,77.89275,331.19,0.39,0.44,2026-07-03,833,N20,VIIRS,n,2.0NRT,298.2,1.84,D
9.01934,78.29089,330.09,0.42,0.45,2026-07-03,833,N20,VIIRS,n,2.0NRT,296.15,2.6,D
9.04186,77.91262,339.91,0.4,0.44,2026-07-03,833,N20,VIIRS,n,2.0NRT,299.21,2.68,D
9.2059,77.66722,336.97,0.39,0.44,2026-07-03,833,N20,VIIRS,n,2.0NRT,296.99,1.96,D
9.2064,77.67072,353.61,0.39,0.44,2026-07-03,833,N20,VIIRS,n,2.0NRT,297.72,6.39,D
9.23598,77.60566,334.29,0.38,0.43,2026-07-03,833,N20,VIIRS,n,2.0NRT,299.34,2.09,D
9.33936,77.87431,340.26,0.4,0.44,2026-07-03,833,N20,VIIRS,n,2.0NRT,296.16,1.59,D
9.87474,77.78516,342.97,0.4,0.44,2026-07-03,833,N20,VIIRS,n,2.0NRT,295.6,3.97,D
23.91874,71.97879,345.26,0.44,0.38,2026-07-03,835,N20,VIIRS,n,2.0NRT,295.83,8.04,D
24.1019,71.67893,337.27,0.43,0.38,2026-07-03,835,N20,VIIRS,n,2.0NRT,300.57,4.44,D
24.48961,71.3725,341.79,0.42,0.38,2026-07-03,835,N20,VIIRS,n,2.0NRT,298.93,7.88,D
27.96179,69.58145,337.76,0.4,0.37,2026-07-03,837,N20,VIIRS,n,2.0NRT,305.49,5.26,D
28.23186,69.55463,343.05,0.4,0.37,2026-07-03,837,N20,VIIRS,n,2.0NRT,308.76,11.37,D
29.06089,75.72017,340.14,0.52,0.5,2026-07-03,837,N20,VIIRS,n,2.0NRT,293.44,5.21,D
29.06185,75.72273,337.35,0.52,0.5,2026-07-03,837,N20,VIIRS,n,2.0NRT,293.34,5.96,D
29.08455,71.40569,336.03,0.46,0.39,2026-07-03,837,N20,VIIRS,n,2.0NRT,301.91,1.43,D
29.13144,71.53674,333.16,0.47,0.4,2026-07-03,837,N20,VIIRS,n,2.0NRT,302.94,4.2,D
29.49739,71.70273,338.53,0.48,0.4,2026-07-03,837,N20,VIIRS,n,2.0NRT,303.28,5.86,D
29.51403,71.56473,339.09,0.47,0.4,2026-07-03,837,N20,VIIRS,n,2.0NRT,303.37,5.51,D
29.51463,71.56961,340.11,0.47,0.4,2026-07-03,837,N20,VIIRS,n,2.0NRT,302.55,5.51,D
29.53133,71.98434,333.58,0.5,0.41,2026-07-03,837,N20,VIIRS,n,2.0NRT,301.24,2.82,D
29.5829,72.09678,338.56,0.5,0.41,2026-07-03,837,N20,VIIRS,n,2.0NRT,301.26,6.61,D
29.59227,72.17482,344.35,0.51,0.41,2026-07-03,837,N20,VIIRS,n,2.0NRT,302.15,5.95,D
29.60232,72.1946,334.11,0.51,0.41,2026-07-03,837,N20,VIIRS,n,2.0NRT,301.57,3.99,D
29.61809,72.29411,339.28,0.51,0.41,2026-07-03,837,N20,VIIRS,n,2.0NRT,302.7,4.22,D
29.6366,71.68326,344.88,0.48,0.4,2026-07-03,837,N20,VIIRS,n,2.0NRT,301.61,9.88,D
29.65827,72.37834,333.95,0.52,0.41,2026-07-03,837,N20,VIIRS,n,2.0NRT,301.51,3.15,D
29.65937,72.38009,340.16,0.52,0.41,2026-07-03,837,N20,VIIRS,n,2.0NRT,301.48,6.34,D
29.66208,72.37776,338.53,0.52,0.41,2026-07-03,837,N20,VIIRS,n,2.0NRT,302.48,3.15,D
29.67236,72.3326,337.52,0.52,0.41,2026-07-03,837,N20,VIIRS,n,2.0NRT,299.78,2.55,D
29.67351,72.01743,330.65,0.5,0.41,2026-07-03,837,N20,VIIRS,n,2.0NRT,299.92,2.54,D
29.69762,72.38326,331.34,0.52,0.42,2026-07-03,837,N20,VIIRS,n,2.0NRT,298.21,3.34,D
29.6995,72.3994,334.88,0.52,0.42,2026-07-03,837,N20,VIIRS,n,2.0NRT,300.1,2.34,D
29.71353,72.35353,336.04,0.52,0.41,2026-07-03,837,N20,VIIRS,n,2.0NRT,301.46,4.7,D
29.72178,72.29251,339.18,0.51,0.41,2026-07-03,837,N20,VIIRS,n,2.0NRT,301.93,6.22,D
29.72365,72.43968,348.32,0.52,0.42,2026-07-03,837,N20,VIIRS,n,2.0NRT,301.21,9.26,D
29.73129,72.47163,335.51,0.53,0.42,2026-07-03,837,N20,VIIRS,n,2.0NRT,301.63,11.12,D
29.73193,72.47707,337.64,0.53,0.42,2026-07-03,837,N20,VIIRS,n,2.0NRT,299.54,8.43,D
29.73704,72.45419,339.82,0.52,0.42,2026-07-03,837,N20,VIIRS,n,2.0NRT,302.2,6.72,D
29.7419,71.69402,336.91,0.48,0.4,2026-07-03,837,N20,VIIRS,n,2.0NRT,301.22,4.17,D
29.74402,72.38168,333.05,0.52,0.42,2026-07-03,837,N20,VIIRS,n,2.0NRT,300.92,4.08,D
29.75289,72.35847,333.1,0.52,0.41,2026-07-03,837,N20,VIIRS,n,2.0NRT,301.35,3.66,D
29.76377,72.06392,336.77,0.5,0.41,2026-07-03,837,N20,VIIRS,n,2.0NRT,300.6,5.35,D
29.76605,72.38129,338.76,0.52,0.42,2026-07-03,837,N20,VIIRS,n,2.0NRT,300.49,5.73,D
29.76755,72.38358,340.14,0.52,0.42,2026-07-03,837,N20,VIIRS,n,2.0NRT,299.98,3.88,D
29.78336,71.15968,332.12,0.46,0.39,2026-07-03,837,N20,VIIRS,l,2.0NRT,303.7,8.27,D
29.7888,71.98623,337.53,0.5,0.41,2026-07-03,837,N20,VIIRS,n,2.0NRT,299.23,4.94,D
29.80067,72.05289,340.36,0.5,0.41,2026-07-03,837,N20,VIIRS,n,2.0NRT,301.68,4.41,D
29.80305,72.81675,334.56,0.55,0.43,2026-07-03,837,N20,VIIRS,n,2.0NRT,299.57,6.16,D
29.80371,72.82242,336.92,0.55,0.43,2026-07-03,837,N20,VIIRS,n,2.0NRT,299.22,6.16,D
29.80439,72.21241,340.11,0.51,0.41,2026-07-03,837,N20,VIIRS,n,2.0NRT,300.31,7.98,D
29.81699,72.2862,344.56,0.52,0.41,2026-07-03,837,N20,VIIRS,n,2.0NRT,299.64,10.4,D
29.81847,72.60117,339.61,0.53,0.42,2026-07-03,837,N20,VIIRS,n,2.0NRT,296.41,9.81,D
29.82239,72.81164,330.06,0.55,0.43,2026-07-03,837,N20,VIIRS,n,2.0NRT,299.78,1.86,D
29.82541,72.66233,330.62,0.54,0.42,2026-07-03,837,N20,VIIRS,n,2.0NRT,296.97,3.54,D
29.82701,72.11251,335.08,0.51,0.41,2026-07-03,837,N20,VIIRS,n,2.0NRT,300.23,3.59,D
29.84781,72.15739,342.7,0.51,0.41,2026-07-03,837,N20,VIIRS,n,2.0NRT,300.21,6.01,D
29.84832,72.16052,351.55,0.51,0.41,2026-07-03,837,N20,VIIRS,n,2.0NRT,300.69,11.77,D
29.84845,72.16265,341.91,0.51,0.41,2026-07-03,837,N20,VIIRS,n,2.0NRT,301.79,6.01,D
29.86457,72.32796,337.1,0.52,0.41,2026-07-03,837,N20,VIIRS,n,2.0NRT,299.85,6.07,D
29.86523,71.66686,335.48,0.48,0.4,2026-07-03,837,N20,VIIRS,n,2.0NRT,301.56,4.15,D
29.86792,72.3309,339.92,0.52,0.41,2026-07-03,837,N20,VIIRS,n,2.0NRT,300,14.16,D
29.86838,72.32738,345.13,0.52,0.41,2026-07-03,837,N20,VIIRS,n,2.0NRT,301.59,23.72,D
29.89069,72.36031,335.69,0.52,0.42,2026-07-03,837,N20,VIIRS,n,2.0NRT,301.39,16.19,D
29.89132,72.36572,341.27,0.52,0.42,2026-07-03,837,N20,VIIRS,n,2.0NRT,302.7,16.19,D
29.89319,72.60127,333.61,0.54,0.42,2026-07-03,837,N20,VIIRS,n,2.0NRT,301.42,6.76,D
29.8954,72.23413,338.99,0.51,0.41,2026-07-03,837,N20,VIIRS,n,2.0NRT,300.09,8.49,D
29.91302,71.51391,344.47,0.48,0.4,2026-07-03,837,N20,VIIRS,n,2.0NRT,302.52,6.31,D
29.91647,71.63464,337.41,0.48,0.4,2026-07-03,837,N20,VIIRS,n,2.0NRT,302.67,6.24,D
29.92099,71.79802,337.88,0.49,0.4,2026-07-03,837,N20,VIIRS,n,2.0NRT,300.9,6.25,D
29.92159,71.8031,340.72,0.49,0.4,2026-07-03,837,N20,VIIRS,n,2.0NRT,301.16,5.96,D
29.92334,71.80132,342.11,0.49,0.4,2026-07-03,837,N20,VIIRS,n,2.0NRT,301.06,7.92,D
29.92694,72.37128,340.44,0.52,0.42,2026-07-03,837,N20,VIIRS,n,2.0NRT,301.03,10.68,D
29.93205,72.21767,335.97,0.51,0.41,2026-07-03,837,N20,VIIRS,n,2.0NRT,298.64,3.21,D
29.93296,71.67789,343.71,0.48,0.4,2026-07-03,837,N20,VIIRS,n,2.0NRT,302.03,9.45,D
29.93586,72.38095,334.54,0.52,0.42,2026-07-03,837,N20,VIIRS,n,2.0NRT,299.88,15.67,D
29.93618,71.43014,343.34,0.47,0.4,2026-07-03,837,N20,VIIRS,n,2.0NRT,299.51,4.95,D
29.93649,72.38638,340.56,0.52,0.42,2026-07-03,837,N20,VIIRS,n,2.0NRT,299.17,20.24,D
29.9374,71.43991,340.1,0.47,0.4,2026-07-03,837,N20,VIIRS,n,2.0NRT,301.09,5.73,D
29.93968,72.38037,334.44,0.52,0.42,2026-07-03,837,N20,VIIRS,n,2.0NRT,301.42,15.67,D
29.93982,71.42954,343.3,0.47,0.4,2026-07-03,837,N20,VIIRS,n,2.0NRT,299.53,4.95,D
29.94032,72.38579,341.17,0.52,0.42,2026-07-03,837,N20,VIIRS,n,2.0NRT,300.29,20.24,D
29.94104,71.43932,339.99,0.47,0.4,2026-07-03,837,N20,VIIRS,n,2.0NRT,300.58,5.73,D
29.94712,71.45831,336.22,0.47,0.4,2026-07-03,837,N20,VIIRS,n,2.0NRT,301.43,2.01,D
29.94774,71.46322,340.66,0.47,0.4,2026-07-03,837,N20,VIIRS,n,2.0NRT,301.78,6.13,D
29.95355,71.91261,333.73,0.5,0.41,2026-07-03,837,N20,VIIRS,n,2.0NRT,300.96,2.23,D
29.95728,71.91203,349.65,0.5,0.41,2026-07-03,837,N20,VIIRS,n,2.0NRT,303.46,20.1,D
29.9578,72.1778,331.31,0.51,0.41,2026-07-03,837,N20,VIIRS,n,2.0NRT,299.59,3.86,D
29.96055,71.50626,348.23,0.48,0.4,2026-07-03,837,N20,VIIRS,n,2.0NRT,301.9,9.39,D
29.96158,72.17722,337.56,0.51,0.41,2026-07-03,837,N20,VIIRS,n,2.0NRT,300.06,3.86,D
29.96166,72.17531,334.44,0.51,0.41,2026-07-03,837,N20,VIIRS,n,2.0NRT,299.61,5.58,D
29.96175,71.48598,334.19,0.48,0.4,2026-07-03,837,N20,VIIRS,n,2.0NRT,300.35,1.53,D
29.96418,71.47557,335.94,0.47,0.4,2026-07-03,837,N20,VIIRS,n,2.0NRT,301.11,3.51,D
29.96541,71.4854,336.52,0.48,0.4,2026-07-03,837,N20,VIIRS,n,2.0NRT,302.17,10.62,D
29.96602,71.49031,336.49,0.48,0.4,2026-07-03,837,N20,VIIRS,n,2.0NRT,299.65,8.85,D
29.96783,71.47498,339.81,0.47,0.4,2026-07-03,837,N20,VIIRS,n,2.0NRT,303.15,3.51,D
29.97493,72.5477,339.97,0.53,0.42,2026-07-03,837,N20,VIIRS,n,2.0NRT,301.05,2.95,D
29.97879,72.54713,338.89,0.53,0.42,2026-07-03,837,N20,VIIRS,n,2.0NRT,300.61,7.32,D
29.98991,72.42471,334.02,0.53,0.42,2026-07-03,837,N20,VIIRS,n,2.0NRT,302.1,3.26,D
29.99142,72.4223,341.99,0.53,0.42,2026-07-03,837,N20,VIIRS,n,2.0NRT,302.39,24.22,D
29.99313,72.41867,334.55,0.53,0.42,2026-07-03,837,N20,VIIRS,n,2.0NRT,301.23,13.8,D
29.99375,72.42413,340.42,0.53,0.42,2026-07-03,837,N20,VIIRS,n,2.0NRT,301.77,12.83,D
29.99525,72.42172,342.21,0.53,0.42,2026-07-03,837,N20,VIIRS,n,2.0NRT,302.09,7.92,D
29.99758,72.42355,344.7,0.53,0.42,2026-07-03,837,N20,VIIRS,n,2.0NRT,301.49,12.83,D
29.99908,72.42114,341.88,0.53,0.42,2026-07-03,837,N20,VIIRS,n,2.0NRT,300.79,7.92,D
30.00101,72.84167,332.49,0.55,0.43,2026-07-03,837,N20,VIIRS,n,2.0NRT,300.68,4.69,D
30.00237,72.29597,334.61,0.52,0.41,2026-07-03,837,N20,VIIRS,n,2.0NRT,300.98,3.04,D
30.00273,72.61703,331.2,0.54,0.42,2026-07-03,837,N20,VIIRS,n,2.0NRT,299.6,5.01,D
30.00661,72.61645,337.56,0.54,0.42,2026-07-03,837,N20,VIIRS,n,2.0NRT,301.22,5.01,D
30.00726,72.62203,341.51,0.54,0.42,2026-07-03,837,N20,VIIRS,n,2.0NRT,302.99,12.81,D
30.00737,72.33912,342.01,0.52,0.42,2026-07-03,837,N20,VIIRS,n,2.0NRT,302.19,38.51,D
30.00956,72.95194,330.69,0.56,0.43,2026-07-03,837,N20,VIIRS,n,2.0NRT,298.94,2.72,D
30.01042,72.39939,336.65,0.53,0.42,2026-07-03,837,N20,VIIRS,n,2.0NRT,301.26,4.39,D
30.01317,72.28883,335.44,0.52,0.41,2026-07-03,837,N20,VIIRS,n,2.0NRT,300.9,5.77,D
30.0138,72.29422,339.51,0.52,0.41,2026-07-03,837,N20,VIIRS,n,2.0NRT,301.18,5.77,D
30.02328,72.86175,336.78,0.55,0.43,2026-07-03,837,N20,VIIRS,n,2.0NRT,300.14,4.86,D
30.04022,71.96002,337.95,0.5,0.41,2026-07-03,837,N20,VIIRS,n,2.0NRT,302.1,4.72,D
30.04082,71.96522,334.15,0.5,0.41,2026-07-03,837,N20,VIIRS,n,2.0NRT,301.1,3.77,D
30.04194,73.02446,341.08,0.57,0.43,2026-07-03,837,N20,VIIRS,n,2.0NRT,298.31,8.38,D
30.04261,73.03033,335.93,0.57,0.43,2026-07-03,837,N20,VIIRS,n,2.0NRT,297.24,8.38,D
30.04326,71.9617,341.6,0.5,0.41,2026-07-03,837,N20,VIIRS,n,2.0NRT,301.17,9.83,D
30.04591,73.02388,339.4,0.57,0.43,2026-07-03,837,N20,VIIRS,n,2.0NRT,297.8,8.38,D
30.05721,73.26768,342.21,0.39,0.44,2026-07-03,837,N20,VIIRS,n,2.0NRT,303.02,9.62,D
30.05766,73.27172,346.7,0.39,0.44,2026-07-03,837,N20,VIIRS,n,2.0NRT,302.98,15.68,D
30.06465,72.66727,335.55,0.54,0.42,2026-07-03,837,N20,VIIRS,n,2.0NRT,302.1,7.68,D
30.06529,72.6729,339.43,0.54,0.42,2026-07-03,837,N20,VIIRS,n,2.0NRT,301.85,13.21,D
30.06605,71.45664,333.26,0.47,0.4,2026-07-03,837,N20,VIIRS,n,2.0NRT,299.68,1.81,D
30.08746,71.50854,346.8,0.48,0.4,2026-07-03,837,N20,VIIRS,n,2.0NRT,302.06,8.59,D
30.10271,72.33369,333.49,0.52,0.42,2026-07-03,837,N20,VIIRS,n,2.0NRT,301.38,2.85,D
30.10489,72.70724,337.68,0.55,0.42,2026-07-03,837,N20,VIIRS,n,2.0NRT,301.43,4.68,D
30.13343,72.67999,339.69,0.54,0.42,2026-07-03,837,N20,VIIRS,n,2.0NRT,301.85,6.31,D
30.13383,72.67822,337.07,0.54,0.42,2026-07-03,837,N20,VIIRS,n,2.0NRT,301.03,6.88,D
30.1538,71.88151,337.23,0.5,0.41,2026-07-03,837,N20,VIIRS,n,2.0NRT,301.14,4.35,D
30.15441,71.88667,336.2,0.5,0.41,2026-07-03,837,N20,VIIRS,n,2.0NRT,300.11,2.93,D
30.15753,71.88092,338.34,0.5,0.41,2026-07-03,837,N20,VIIRS,n,2.0NRT,300.89,4.35,D
30.15814,71.88608,335.59,0.5,0.41,2026-07-03,837,N20,VIIRS,n,2.0NRT,300.43,2.93,D
30.15833,72.9732,338.99,0.56,0.43,2026-07-03,837,N20,VIIRS,n,2.0NRT,301.21,6.19,D
30.15875,72.48117,348.42,0.53,0.42,2026-07-03,837,N20,VIIRS,n,2.0NRT,302.82,9.1,D
30.15896,72.97907,335.62,0.56,0.43,2026-07-03,837,N20,VIIRS,n,2.0NRT,300.46,6.46,D
30.1597,72.97448,339.2,0.56,0.43,2026-07-03,837,N20,VIIRS,n,2.0NRT,301.61,8.67,D
30.17031,72.93575,333.01,0.56,0.43,2026-07-03,837,N20,VIIRS,n,2.0NRT,300.83,1.89,D
30.17427,72.93516,334.82,0.56,0.43,2026-07-03,837,N20,VIIRS,n,2.0NRT,303.16,4.82,D
30.18402,73.18731,344.27,0.39,0.44,2026-07-03,837,N20,VIIRS,n,2.0NRT,302.22,4.18,D
30.18511,73.18382,343.12,0.39,0.44,2026-07-03,837,N20,VIIRS,n,2.0NRT,302.43,3.06,D
30.1882,72.39834,336.41,0.53,0.42,2026-07-03,837,N20,VIIRS,n,2.0NRT,302.9,3.21,D
30.2204,72.91653,338.39,0.56,0.43,2026-07-03,837,N20,VIIRS,n,2.0NRT,301.25,5.79,D
30.26395,72.13137,333.72,0.51,0.41,2026-07-03,837,N20,VIIRS,n,2.0NRT,302.2,1.89,D
30.28079,73.42328,332.27,0.4,0.44,2026-07-03,837,N20,VIIRS,n,2.0NRT,300.77,0.92,D
30.28177,73.13732,334.3,0.38,0.44,2026-07-03,837,N20,VIIRS,n,2.0NRT,302.35,3.78,D
30.31701,73.14867,343.72,0.39,0.44,2026-07-03,837,N20,VIIRS,n,2.0NRT,302.17,3.5,D
30.31781,73.61024,343.83,0.41,0.45,2026-07-03,837,N20,VIIRS,n,2.0NRT,302.97,4.76,D
30.32727,73.35822,347.67,0.4,0.44,2026-07-03,837,N20,VIIRS,n,2.0NRT,300.21,3.55,D
30.33274,73.33234,343.19,0.39,0.44,2026-07-03,837,N20,VIIRS,n,2.0NRT,303.04,5.87,D
30.33497,73.50953,342.66,0.4,0.45,2026-07-03,837,N20,VIIRS,n,2.0NRT,300.51,4.64,D
30.3383,73.5686,332.76,0.41,0.45,2026-07-03,837,N20,VIIRS,n,2.0NRT,301.75,2.17,D
30.34072,73.5645,330.01,0.41,0.45,2026-07-03,837,N20,VIIRS,l,2.0NRT,300.75,1.36,D
30.34859,73.52045,344.88,0.4,0.45,2026-07-03,837,N20,VIIRS,n,2.0NRT,300.69,8.21,D
30.35269,73.51986,330.97,0.4,0.45,2026-07-03,837,N20,VIIRS,l,2.0NRT,301.71,3.69,D
30.36198,73.64812,331.83,0.41,0.45,2026-07-03,837,N20,VIIRS,l,2.0NRT,302.3,2.13,D
30.38605,73.05714,337.18,0.57,0.43,2026-07-03,837,N20,VIIRS,n,2.0NRT,302.68,3.89,D
30.38754,73.05217,339.03,0.57,0.43,2026-07-03,837,N20,VIIRS,n,2.0NRT,303.41,4.92,D
30.39004,73.05656,337.61,0.57,0.43,2026-07-03,837,N20,VIIRS,n,2.0NRT,302.1,3.89,D
30.3911,72.91786,336.14,0.56,0.43,2026-07-03,837,N20,VIIRS,n,2.0NRT,302.86,3.17,D
30.39797,72.45217,335.76,0.53,0.42,2026-07-03,837,N20,VIIRS,n,2.0NRT,301.24,4.1,D
30.40235,73.55588,355.72,0.41,0.45,2026-07-03,837,N20,VIIRS,n,2.0NRT,301.58,9.16,D
30.41143,72.17957,341.33,0.52,0.41,2026-07-03,837,N20,VIIRS,n,2.0NRT,303.74,5.41,D
30.41228,73.45605,330.97,0.4,0.44,2026-07-03,837,N20,VIIRS,n,2.0NRT,300.11,1.28,D
30.42575,73.61752,341.12,0.41,0.45,2026-07-03,837,N20,VIIRS,n,2.0NRT,300.93,3.78,D
30.44724,73.24619,342.91,0.39,0.44,2026-07-03,837,N20,VIIRS,n,2.0NRT,302.68,5.09,D
30.46344,72.25983,343.25,0.52,0.42,2026-07-03,837,N20,VIIRS,n,2.0NRT,301.94,9.13,D
30.47477,73.78362,331.62,0.42,0.45,2026-07-03,837,N20,VIIRS,n,2.0NRT,299.87,2.49,D
30.5119,73.61561,341.34,0.41,0.45,2026-07-03,837,N20,VIIRS,n,2.0NRT,298.53,3.18,D
30.51593,73.85398,340.76,0.42,0.45,2026-07-03,837,N20,VIIRS,n,2.0NRT,299.51,4.4,D
30.51788,73.71124,334.41,0.42,0.45,2026-07-03,837,N20,VIIRS,n,2.0NRT,300.53,2.82,D
30.52197,73.87116,338.7,0.42,0.46,2026-07-03,837,N20,VIIRS,n,2.0NRT,298.95,1.98,D
30.52529,72.55515,338.39,0.54,0.42,2026-07-03,837,N20,VIIRS,n,2.0NRT,302.15,2.78,D
30.52594,72.37703,341.95,0.53,0.42,2026-07-03,837,N20,VIIRS,n,2.0NRT,305.02,3.67,D
30.52818,72.37845,344.7,0.53,0.42,2026-07-03,837,N20,VIIRS,n,2.0NRT,304.44,6.5,D
30.52979,72.37645,334.33,0.53,0.42,2026-07-03,837,N20,VIIRS,n,2.0NRT,302.53,3.67,D
30.53872,73.99153,334.93,0.43,0.46,2026-07-03,837,N20,VIIRS,n,2.0NRT,298.5,1.84,D
30.53919,73.99604,331.48,0.43,0.46,2026-07-03,837,N20,VIIRS,n,2.0NRT,297.83,2.09,D
30.53995,73.46008,332.73,0.4,0.44,2026-07-03,837,N20,VIIRS,n,2.0NRT,302.09,2.76,D
30.54091,73.4605,333.07,0.4,0.44,2026-07-03,837,N20,VIIRS,n,2.0NRT,302.07,2.22,D
30.54294,73.99095,332.31,0.43,0.46,2026-07-03,837,N20,VIIRS,n,2.0NRT,296.81,1.03,D
30.55962,73.41035,335.07,0.4,0.44,2026-07-03,837,N20,VIIRS,n,2.0NRT,302.15,2.23,D
30.56029,72.82446,336.95,0.56,0.43,2026-07-03,837,N20,VIIRS,n,2.0NRT,300.93,5.34,D
30.57084,73.47717,334.72,0.4,0.45,2026-07-03,837,N20,VIIRS,n,2.0NRT,302.17,2.02,D
30.57753,73.74263,332.13,0.42,0.45,2026-07-03,837,N20,VIIRS,n,2.0NRT,299.72,3.61,D
30.5901,76.28471,330.97,0.59,0.53,2026-07-03,837,N20,VIIRS,n,2.0NRT,290.51,5.75,D
30.59205,76.28645,336.8,0.59,0.53,2026-07-03,837,N20,VIIRS,n,2.0NRT,290.77,5.44,D
30.59421,73.9065,344.12,0.43,0.46,2026-07-03,837,N20,VIIRS,n,2.0NRT,300.53,10.02,D
30.59497,73.5082,335.78,0.41,0.45,2026-07-03,837,N20,VIIRS,n,2.0NRT,300.7,1.97,D
30.59894,73.66451,330.63,0.41,0.45,2026-07-03,837,N20,VIIRS,l,2.0NRT,300.67,2.75,D
30.61644,73.67091,332.67,0.42,0.45,2026-07-03,837,N20,VIIRS,n,2.0NRT,301.08,4.68,D
30.61685,72.02878,343.01,0.51,0.41,2026-07-03,837,N20,VIIRS,n,2.0NRT,301.47,6.27,D
30.62037,73.91205,341.99,0.43,0.46,2026-07-03,837,N20,VIIRS,n,2.0NRT,299.23,4.48,D
30.62612,73.64317,337.35,0.41,0.45,2026-07-03,837,N20,VIIRS,n,2.0NRT,301.8,4.07,D
30.62791,73.86117,336,0.43,0.46,2026-07-03,837,N20,VIIRS,n,2.0NRT,299.12,4.29,D
30.64087,73.66314,335.44,0.42,0.45,2026-07-03,837,N20,VIIRS,n,2.0NRT,299.84,2.06,D
30.6419,73.87284,332.58,0.43,0.46,2026-07-03,837,N20,VIIRS,n,2.0NRT,297.44,3.75,D
30.65861,73.78954,340.2,0.42,0.45,2026-07-03,837,N20,VIIRS,n,2.0NRT,298.36,3.2,D
30.66479,73.88788,332.52,0.43,0.46,2026-07-03,837,N20,VIIRS,n,2.0NRT,300.38,2.37,D
30.6736,73.85048,332.83,0.43,0.46,2026-07-03,837,N20,VIIRS,n,2.0NRT,299.25,3.43,D
30.68557,73.58818,343.51,0.41,0.45,2026-07-03,837,N20,VIIRS,n,2.0NRT,299.09,6.82,D
30.68934,73.99886,330.07,0.43,0.46,2026-07-03,837,N20,VIIRS,n,2.0NRT,299.83,1.96,D
30.69519,73.59998,332.42,0.41,0.45,2026-07-03,837,N20,VIIRS,n,2.0NRT,300.01,1.87,D
30.7015,74.19794,347.14,0.45,0.47,2026-07-03,837,N20,VIIRS,n,2.0NRT,301.44,4.3,D
30.70198,74.20261,332.02,0.45,0.47,2026-07-03,837,N20,VIIRS,n,2.0NRT,300.09,4.3,D
30.71962,73.91866,335.64,0.43,0.46,2026-07-03,837,N20,VIIRS,n,2.0NRT,299.43,3.23,D
30.71971,73.87764,341.54,0.43,0.46,2026-07-03,837,N20,VIIRS,n,2.0NRT,300.23,3.64,D
30.722,73.90008,331.09,0.43,0.46,2026-07-03,837,N20,VIIRS,n,2.0NRT,300.61,4.18,D
30.73416,73.26828,348.97,0.4,0.44,2026-07-03,837,N20,VIIRS,n,2.0NRT,300.94,12.97,D
30.73422,73.26863,354.68,0.4,0.44,2026-07-03,837,N20,VIIRS,n,2.0NRT,300.87,10.74,D
30.74167,73.37309,337.24,0.4,0.44,2026-07-03,837,N20,VIIRS,n,2.0NRT,301.72,3.44,D
30.74217,73.80675,335.1,0.42,0.45,2026-07-03,837,N20,VIIRS,n,2.0NRT,301.34,2.04,D
30.74246,74.01673,331.85,0.44,0.46,2026-07-03,837,N20,VIIRS,n,2.0NRT,300.14,3.81,D
30.7548,73.11555,340.61,0.39,0.44,2026-07-03,837,N20,VIIRS,n,2.0NRT,298.89,3.46,D
30.76179,73.99564,331.5,0.43,0.46,2026-07-03,837,N20,VIIRS,n,2.0NRT,296.48,1.75,D
30.77074,73.99906,343.13,0.43,0.46,2026-07-03,837,N20,VIIRS,n,2.0NRT,298.92,7.29,D
30.77121,74.00361,334,0.44,0.46,2026-07-03,837,N20,VIIRS,n,2.0NRT,297.63,2.53,D
30.77179,73.08422,342.8,0.39,0.44,2026-07-03,837,N20,VIIRS,n,2.0NRT,302.55,3.05,D
30.78108,73.9746,332.55,0.43,0.46,2026-07-03,837,N20,VIIRS,n,2.0NRT,297.6,1.81,D
30.78353,74.25111,331.96,0.45,0.47,2026-07-03,837,N20,VIIRS,n,2.0NRT,298.84,1.89,D
30.78397,74.04364,332.28,0.44,0.46,2026-07-03,837,N20,VIIRS,n,2.0NRT,298.95,0.97,D
30.78748,73.87302,332.55,0.43,0.46,2026-07-03,837,N20,VIIRS,n,2.0NRT,300.44,4.86,D
30.79549,74.23997,330.9,0.45,0.47,2026-07-03,837,N20,VIIRS,n,2.0NRT,297.48,2.03,D
30.80899,74.03567,331.13,0.44,0.46,2026-07-03,837,N20,VIIRS,n,2.0NRT,299.19,2.41,D
30.81212,74.03183,340.78,0.44,0.46,2026-07-03,837,N20,VIIRS,n,2.0NRT,299.82,6.64,D
30.81276,74.03053,339.78,0.44,0.46,2026-07-03,837,N20,VIIRS,n,2.0NRT,300,2.71,D
30.82788,73.52538,337.67,0.41,0.45,2026-07-03,837,N20,VIIRS,n,2.0NRT,297.98,1.67,D
30.84401,73.8391,338.65,0.43,0.46,2026-07-03,837,N20,VIIRS,n,2.0NRT,299.63,3.42,D
30.86036,73.91448,331.4,0.43,0.46,2026-07-03,837,N20,VIIRS,n,2.0NRT,300.17,2.45,D
30.89813,74.0717,342.78,0.44,0.46,2026-07-03,837,N20,VIIRS,n,2.0NRT,298.95,8.16,D
30.91636,73.42754,333.53,0.41,0.45,2026-07-03,837,N20,VIIRS,n,2.0NRT,300.1,1.96,D
30.92677,72.20827,349.47,0.53,0.42,2026-07-03,837,N20,VIIRS,n,2.0NRT,305.72,11.26,D
30.9287,72.20525,345.33,0.53,0.42,2026-07-03,837,N20,VIIRS,n,2.0NRT,303.4,6.87,D
30.93102,74.06466,335.81,0.44,0.46,2026-07-03,837,N20,VIIRS,n,2.0NRT,298.4,2.19,D
30.93331,74.08784,340.56,0.44,0.46,2026-07-03,837,N20,VIIRS,n,2.0NRT,299.22,2.8,D
30.94081,73.30827,338.26,0.4,0.44,2026-07-03,837,N20,VIIRS,n,2.0NRT,299.61,2.23,D
30.95404,73.62367,335.71,0.42,0.45,2026-07-03,837,N20,VIIRS,n,2.0NRT,300.22,2.41,D
31.0109,73.04673,336.37,0.39,0.44,2026-07-03,837,N20,VIIRS,n,2.0NRT,301.32,3.44,D
31.02411,73.20354,336.56,0.4,0.44,2026-07-03,837,N20,VIIRS,n,2.0NRT,301.25,0.8,D
31.05734,73.66817,338.98,0.42,0.45,2026-07-03,837,N20,VIIRS,n,2.0NRT,300.78,6.57,D
31.07778,73.70127,345.55,0.42,0.45,2026-07-03,837,N20,VIIRS,n,2.0NRT,299.15,4.6,D
31.09199,73.57918,331.33,0.42,0.45,2026-07-03,837,N20,VIIRS,n,2.0NRT,299.78,2.02,D
31.10231,73.51588,339.7,0.41,0.45,2026-07-03,837,N20,VIIRS,n,2.0NRT,301.2,5.05,D
31.13392,73.61787,337.63,0.42,0.45,2026-07-03,837,N20,VIIRS,n,2.0NRT,300.84,6.69,D
31.14223,73.34039,343.99,0.4,0.45,2026-07-03,837,N20,VIIRS,n,2.0NRT,302.19,6.62,D
31.17713,72.61485,348.69,0.56,0.43,2026-07-03,837,N20,VIIRS,n,2.0NRT,303.83,11.72,D
31.19588,75.35632,336.47,0.53,0.5,2026-07-03,837,N20,VIIRS,n,2.0NRT,293.4,5.05,D
31.30718,72.67166,337.25,0.56,0.43,2026-07-03,837,N20,VIIRS,n,2.0NRT,305.01,6.2,D
31.3098,72.66929,336.81,0.56,0.43,2026-07-03,837,N20,VIIRS,n,2.0NRT,304.88,4.88,D
31.40049,72.58864,334.92,0.56,0.43,2026-07-03,837,N20,VIIRS,n,2.0NRT,300.74,2.41,D
31.57844,72.7956,344.25,0.57,0.43,2026-07-03,837,N20,VIIRS,n,2.0NRT,300.76,8.21,D
31.59575,72.76849,336.1,0.57,0.43,2026-07-03,837,N20,VIIRS,n,2.0NRT,300.93,2.04,D
31.62391,72.95158,330.41,0.39,0.44,2026-07-03,837,N20,VIIRS,n,2.0NRT,299.89,2.54,D
31.63908,72.9035,343.18,0.39,0.44,2026-07-03,837,N20,VIIRS,n,2.0NRT,300.85,3.41,D
31.66955,72.68307,337.35,0.57,0.43,2026-07-03,837,N20,VIIRS,n,2.0NRT,300.15,3.07,D
31.69853,72.80051,334.05,0.38,0.43,2026-07-03,837,N20,VIIRS,l,2.0NRT,305.36,3.79,D
31.69897,72.80457,334.4,0.38,0.43,2026-07-03,837,N20,VIIRS,l,2.0NRT,305.15,3.79,D
31.70851,73.04587,342.88,0.4,0.44,2026-07-03,837,N20,VIIRS,n,2.0NRT,301.75,3.85,D
31.70962,72.86509,333.97,0.39,0.44,2026-07-03,837,N20,VIIRS,l,2.0NRT,306.13,5.91,D
31.71962,73.1511,342.44,0.4,0.44,2026-07-03,837,N20,VIIRS,n,2.0NRT,297.71,2.81,D
31.79433,73.00008,333.62,0.39,0.44,2026-07-03,837,N20,VIIRS,l,2.0NRT,305.97,10.38,D
31.81799,70.8287,337.34,0.47,0.39,2026-07-03,837,N20,VIIRS,n,2.0NRT,303.71,3.98,D
32.46657,72.9631,331.75,0.4,0.44,2026-07-03,837,N20,VIIRS,n,2.0NRT,297.84,1.6,D
34.1967,73.30594,340.42,0.44,0.46,2026-07-03,839,N20,VIIRS,n,2.0NRT,297.76,5.43,D
34.21432,72.88509,335.88,0.41,0.45,2026-07-03,839,N20,VIIRS,n,2.0NRT,303.85,3.68,D
34.44829,72.68507,330.59,0.41,0.45,2026-07-03,839,N20,VIIRS,l,2.0NRT,303.61,2.9,D
34.46054,72.68243,341.18,0.41,0.45,2026-07-03,839,N20,VIIRS,n,2.0NRT,299.59,3.44,D
30.06841,96.97946,306.62,0.38,0.36,2026-07-03,1919,N20,VIIRS,n,2.0NRT,288.26,1.11,N
35.99133,94.83092,303.46,0.47,0.4,2026-07-03,1919,N20,VIIRS,n,2.0NRT,286.44,0.96,N
24.11692,86.86188,309.78,0.62,0.54,2026-07-03,1921,N20,VIIRS,n,2.0NRT,288.76,2.38,N
25.03523,87.37315,309.57,0.59,0.53,2026-07-03,1921,N20,VIIRS,n,2.0NRT,287.65,7.39,N
25.03836,87.39098,316.32,0.59,0.53,2026-07-03,1921,N20,VIIRS,n,2.0NRT,287.08,8.64,N
25.54214,91.23474,319.61,0.53,0.42,2026-07-03,1921,N20,VIIRS,n,2.0NRT,288.59,2.64,N
29.22732,88.35183,298.38,0.58,0.52,2026-07-03,1921,N20,VIIRS,n,2.0NRT,281.46,1.9,N
29.37779,91.14936,296.05,0.4,0.44,2026-07-03,1921,N20,VIIRS,n,2.0NRT,282.19,1.49,N
29.66095,90.90516,299.08,0.41,0.45,2026-07-03,1921,N20,VIIRS,n,2.0NRT,284.25,0.78,N
29.66176,90.90644,296.12,0.41,0.45,2026-07-03,1921,N20,VIIRS,n,2.0NRT,285.55,0.77,N
28.42434,69.70216,322.37,0.4,0.37,2026-07-03,2101,N20,VIIRS,n,2.0NRT,297.87,1.65,N
28.44721,68.45184,316.86,0.43,0.38,2026-07-03,2101,N20,VIIRS,n,2.0NRT,299.17,1.57,N
32.57508,72.56258,310.13,0.38,0.36,2026-07-03,2101,N20,VIIRS,n,2.0NRT,295.38,2.62,N
32.64489,72.97898,310.83,0.39,0.36,2026-07-03,2101,N20,VIIRS,n,2.0NRT,295.62,1.77,N
32.82932,71.60271,309.83,0.39,0.36,2026-07-03,2101,N20,VIIRS,n,2.0NRT,296.86,1.88,N
33.23637,71.5169,305.95,0.39,0.36,2026-07-03,2101,N20,VIIRS,n,2.0NRT,292.1,0.4,N
33.40752,71.93916,308.11,0.39,0.36,2026-07-03,2101,N20,VIIRS,n,2.0NRT,293.83,1.04,N
33.54715,71.55282,310.41,0.39,0.36,2026-07-03,2101,N20,VIIRS,n,2.0NRT,294.87,1.02,N
33.68961,72.7133,311.6,0.38,0.36,2026-07-03,2101,N20,VIIRS,n,2.0NRT,292.86,1.57,N
33.90427,71.91586,308.01,0.39,0.36,2026-07-03,2101,N20,VIIRS,n,2.0NRT,297.38,1.1,N
34.28567,72.73504,302.26,0.38,0.36,2026-07-03,2101,N20,VIIRS,n,2.0NRT,291.22,0.51,N
34.45258,72.69314,307.51,0.38,0.36,2026-07-03,2101,N20,VIIRS,n,2.0NRT,294.03,1.7,N
35.96783,68.68777,305.06,0.5,0.41,2026-07-03,2101,N20,VIIRS,n,2.0NRT,291.71,1.51,N
22.90686,69.698,295.03,0.38,0.36,2026-07-03,2104,N20,VIIRS,n,2.0NRT,261.89,0.41,N
22.91015,69.6986,295.31,0.38,0.36,2026-07-03,2104,N20,VIIRS,n,2.0NRT,263.69,0.41,N
22.93376,69.6991,302.76,0.38,0.36,2026-07-03,2104,N20,VIIRS,n,2.0NRT,266.32,0.46,N
24.14877,82.65842,305.7,0.53,0.67,2026-07-03,2104,N20,VIIRS,n,2.0NRT,287.62,0.8,N
24.14986,82.57883,310.34,0.52,0.67,2026-07-03,2104,N20,VIIRS,n,2.0NRT,287.6,1.21,N
24.15895,82.56357,307.45,0.52,0.67,2026-07-03,2104,N20,VIIRS,n,2.0NRT,287.31,1.18,N
24.16557,80.6955,304.67,0.4,0.6,2026-07-03,2104,N20,VIIRS,n,2.0NRT,287.3,1.08,N
24.16693,80.69498,308.19,0.4,0.6,2026-07-03,2104,N20,VIIRS,n,2.0NRT,287.62,0.87,N
24.20018,80.79754,304.89,0.4,0.6,2026-07-03,2104,N20,VIIRS,n,2.0NRT,287.92,0.82,N
25.38764,68.5815,308.87,0.41,0.37,2026-07-03,2104,N20,VIIRS,n,2.0NRT,283.33,0.86,N
26.09375,68.87977,301.31,0.4,0.37,2026-07-03,2104,N20,VIIRS,n,2.0NRT,273.67,0.36,N
25.80292,93.44984,333.2,0.38,0.43,2026-07-04,635,N20,VIIRS,n,2.0NRT,292.28,2.65,D
25.72804,92.79896,334.11,0.42,0.45,2026-07-04,637,N20,VIIRS,n,2.0NRT,292.72,4.52,D
26.4316,93.72741,337.53,0.54,0.42,2026-07-04,637,N20,VIIRS,n,2.0NRT,295.42,5.17,D
26.71514,96.5413,328.56,0.41,0.37,2026-07-04,637,N20,VIIRS,n,2.0NRT,293.68,1.77,D
27.37741,95.33756,330.52,0.44,0.39,2026-07-04,637,N20,VIIRS,l,2.0NRT,297.53,4.57,D
28.41225,92.46368,330.37,0.39,0.44,2026-07-04,637,N20,VIIRS,l,2.0NRT,305.36,2.97,D
29.30308,90.72421,338.29,0.47,0.48,2026-07-04,637,N20,VIIRS,l,2.0NRT,312.57,6.01,D
29.64055,91.29766,340.74,0.43,0.46,2026-07-04,637,N20,VIIRS,l,2.0NRT,315.26,8.72,D
29.67432,91.1588,339.58,0.44,0.46,2026-07-04,637,N20,VIIRS,l,2.0NRT,313.72,9.44,D
29.67847,91.15773,347.31,0.44,0.46,2026-07-04,637,N20,VIIRS,n,2.0NRT,314.44,10.54,D
30.32913,92.07887,333.89,0.57,0.43,2026-07-04,637,N20,VIIRS,n,2.0NRT,304.7,4.89,D
31.5955,91.4885,335.66,0.39,0.44,2026-07-04,637,N20,VIIRS,l,2.0NRT,310.47,4.26,D
8.72824,80.97388,331.4,0.47,0.4,2026-07-04,813,N20,VIIRS,n,2.0NRT,294.01,3.32,D
10.95569,78.17731,341.43,0.39,0.36,2026-07-04,813,N20,VIIRS,n,2.0NRT,291.98,2.9,D
24.14975,82.58295,333.1,0.62,0.54,2026-07-04,818,N20,VIIRS,n,2.0NRT,294.22,2.84,D
25.84331,84.73245,333.58,0.44,0.62,2026-07-04,818,N20,VIIRS,n,2.0NRT,288.48,1.98,D
26.45395,84.59907,330.66,0.44,0.62,2026-07-04,818,N20,VIIRS,n,2.0NRT,289.48,2.55,D
26.64178,79.47799,340.91,0.43,0.46,2026-07-04,818,N20,VIIRS,n,2.0NRT,296.29,11.09,D
26.95496,80.09619,331.27,0.47,0.48,2026-07-04,818,N20,VIIRS,n,2.0NRT,295.71,3.89,D
27.03708,79.8307,334.17,0.45,0.47,2026-07-04,818,N20,VIIRS,n,2.0NRT,293.46,3.41,D
27.03911,79.83159,332.6,0.45,0.47,2026-07-04,818,N20,VIIRS,n,2.0NRT,292.25,3.63,D
27.11999,80.05743,343.97,0.47,0.48,2026-07-04,818,N20,VIIRS,n,2.0NRT,294.92,4.81,D
27.12263,79.95705,337.33,0.46,0.47,2026-07-04,818,N20,VIIRS,n,2.0NRT,297.84,6.43,D
27.30484,79.42323,335.74,0.43,0.46,2026-07-04,818,N20,VIIRS,n,2.0NRT,296.14,2.32,D
27.30503,79.42613,330.19,0.43,0.46,2026-07-04,818,N20,VIIRS,n,2.0NRT,295.52,2.83,D
27.32431,79.5687,331.55,0.44,0.46,2026-07-04,818,N20,VIIRS,n,2.0NRT,296.05,3,D
27.32498,79.56693,332.48,0.44,0.46,2026-07-04,818,N20,VIIRS,n,2.0NRT,296.31,2.65,D
27.52607,68.0124,341.76,0.54,0.42,2026-07-04,818,N20,VIIRS,l,2.0NRT,313.17,10.06,D
27.57407,68.06548,339.94,0.54,0.42,2026-07-04,818,N20,VIIRS,l,2.0NRT,310.48,8.93,D
27.64244,68.11051,340.42,0.53,0.42,2026-07-04,818,N20,VIIRS,l,2.0NRT,311.98,8.7,D
27.70396,81.28532,341.53,0.56,0.52,2026-07-04,818,N20,VIIRS,n,2.0NRT,295.95,10.8,D
27.70487,81.28956,331.32,0.57,0.52,2026-07-04,818,N20,VIIRS,n,2.0NRT,295.2,12.7,D
27.67664,68.10232,341.77,0.53,0.42,2026-07-04,820,N20,VIIRS,l,2.0NRT,313.69,9.4,D
30.23759,73.44353,337.51,0.39,0.36,2026-07-04,820,N20,VIIRS,n,2.0NRT,302.99,4.58,D
30.2428,73.48003,335.31,0.39,0.36,2026-07-04,820,N20,VIIRS,n,2.0NRT,300.5,3.88,D
30.27599,73.37798,334.49,0.39,0.36,2026-07-04,820,N20,VIIRS,n,2.0NRT,303.49,2.69,D
30.30948,73.56344,343.66,0.39,0.36,2026-07-04,820,N20,VIIRS,n,2.0NRT,303.33,9.29,D
30.334,73.56717,333.85,0.39,0.36,2026-07-04,820,N20,VIIRS,n,2.0NRT,301.95,2.5,D
30.36173,73.45784,340.29,0.39,0.36,2026-07-04,820,N20,VIIRS,n,2.0NRT,304.82,3.93,D
30.36533,73.66621,333.7,0.4,0.37,2026-07-04,820,N20,VIIRS,n,2.0NRT,303.21,2.32,D
30.4025,73.57563,339.8,0.39,0.37,2026-07-04,820,N20,VIIRS,n,2.0NRT,302.25,5.11,D
30.40326,73.43739,337.11,0.39,0.36,2026-07-04,820,N20,VIIRS,n,2.0NRT,304.64,1.83,D
30.41224,73.62,332.89,0.4,0.37,2026-07-04,820,N20,VIIRS,l,2.0NRT,303.11,2.99,D
30.41399,73.63228,338.21,0.4,0.37,2026-07-04,820,N20,VIIRS,n,2.0NRT,304.65,4.58,D
30.42648,73.89225,333.05,0.4,0.37,2026-07-04,820,N20,VIIRS,n,2.0NRT,301.58,3.11,D
30.429,73.96001,334.52,0.4,0.37,2026-07-04,820,N20,VIIRS,n,2.0NRT,303.61,3.17,D
30.43154,73.58693,337.94,0.39,0.37,2026-07-04,820,N20,VIIRS,n,2.0NRT,299.36,3.8,D
30.44524,73.82923,331.77,0.4,0.37,2026-07-04,820,N20,VIIRS,n,2.0NRT,301.13,1.4,D
30.45453,73.4912,336.72,0.39,0.36,2026-07-04,820,N20,VIIRS,n,2.0NRT,303.03,4.33,D
30.45572,73.54039,334.54,0.39,0.36,2026-07-04,820,N20,VIIRS,n,2.0NRT,302.74,3.85,D
30.45808,73.3485,339.68,0.39,0.36,2026-07-04,820,N20,VIIRS,n,2.0NRT,304.41,4.92,D
30.47876,73.72551,349.89,0.4,0.37,2026-07-04,820,N20,VIIRS,n,2.0NRT,303.36,18.59,D
30.47935,73.72962,331.85,0.4,0.37,2026-07-04,820,N20,VIIRS,n,2.0NRT,301.74,3.11,D
30.50854,73.343,344.03,0.39,0.36,2026-07-04,820,N20,VIIRS,n,2.0NRT,305.62,5.2,D
30.50907,73.68274,332.95,0.4,0.37,2026-07-04,820,N20,VIIRS,n,2.0NRT,299,1.91,D
30.51025,73.81385,346.87,0.4,0.37,2026-07-04,820,N20,VIIRS,n,2.0NRT,303.17,6.47,D
30.53655,73.61004,330.85,0.4,0.37,2026-07-04,820,N20,VIIRS,l,2.0NRT,301.35,4.18,D
30.54311,73.77797,338.67,0.4,0.37,2026-07-04,820,N20,VIIRS,n,2.0NRT,301.44,2.52,D
30.5453,73.76907,334.15,0.4,0.37,2026-07-04,820,N20,VIIRS,n,2.0NRT,303.56,3.84,D
30.55343,73.63215,345.14,0.4,0.37,2026-07-04,820,N20,VIIRS,n,2.0NRT,300.88,4.22,D
30.57305,73.49012,336.54,0.39,0.36,2026-07-04,820,N20,VIIRS,n,2.0NRT,302.69,4.27,D
30.58481,73.73198,339.74,0.4,0.37,2026-07-04,820,N20,VIIRS,n,2.0NRT,304.19,6.95,D
30.58977,73.70621,334.54,0.4,0.37,2026-07-04,820,N20,VIIRS,n,2.0NRT,299.88,3.95,D
30.59345,73.96484,337.69,0.4,0.37,2026-07-04,820,N20,VIIRS,n,2.0NRT,301.17,3.33,D
30.60123,73.94627,337.8,0.4,0.37,2026-07-04,820,N20,VIIRS,n,2.0NRT,301.43,5.75,D
30.61221,73.90142,348.2,0.4,0.37,2026-07-04,820,N20,VIIRS,n,2.0NRT,302.01,5.15,D
30.61558,73.90079,338.36,0.4,0.37,2026-07-04,820,N20,VIIRS,n,2.0NRT,300.42,5.15,D
30.62908,73.54672,346.92,0.4,0.37,2026-07-04,820,N20,VIIRS,n,2.0NRT,303.47,4.94,D
30.64008,74.15028,341.85,0.41,0.37,2026-07-04,820,N20,VIIRS,n,2.0NRT,304.41,9.02,D
30.64099,74.05139,340.19,0.4,0.37,2026-07-04,820,N20,VIIRS,n,2.0NRT,302.43,5.55,D
30.64247,73.98652,338.38,0.4,0.37,2026-07-04,820,N20,VIIRS,n,2.0NRT,301.67,4.44,D
30.65491,74.00142,333.75,0.4,0.37,2026-07-04,820,N20,VIIRS,n,2.0NRT,300.18,2.25,D
30.66246,73.8073,345.46,0.4,0.37,2026-07-04,820,N20,VIIRS,n,2.0NRT,301.2,4.35,D
30.67883,79.97158,341.17,0.51,0.5,2026-07-04,820,N20,VIIRS,n,2.0NRT,300.44,7.16,D
30.68277,79.97311,340.95,0.51,0.5,2026-07-04,820,N20,VIIRS,n,2.0NRT,299.05,8.31,D
30.69431,73.78856,337.9,0.4,0.37,2026-07-04,820,N20,VIIRS,n,2.0NRT,300.55,4.15,D
30.69851,73.6098,341.84,0.4,0.37,2026-07-04,820,N20,VIIRS,n,2.0NRT,303.35,4.85,D
30.70172,73.58383,334.36,0.4,0.37,2026-07-04,820,N20,VIIRS,n,2.0NRT,303.45,1.29,D
30.72406,73.97572,337.9,0.4,0.37,2026-07-04,820,N20,VIIRS,n,2.0NRT,302.08,5.91,D
30.72743,73.9751,337.55,0.4,0.37,2026-07-04,820,N20,VIIRS,n,2.0NRT,303.14,5.91,D
30.72787,73.95351,338,0.4,0.37,2026-07-04,820,N20,VIIRS,n,2.0NRT,303.56,4.36,D
30.72962,73.68443,341.26,0.4,0.37,2026-07-04,820,N20,VIIRS,n,2.0NRT,302.67,6.56,D
30.7471,73.95895,338.3,0.4,0.37,2026-07-04,820,N20,VIIRS,n,2.0NRT,303.06,3.62,D
30.74769,73.71502,342.63,0.4,0.37,2026-07-04,820,N20,VIIRS,n,2.0NRT,302.8,7.48,D
30.74782,73.28979,336.97,0.39,0.36,2026-07-04,820,N20,VIIRS,n,2.0NRT,302.84,6.31,D
30.74786,73.86436,334.12,0.4,0.37,2026-07-04,820,N20,VIIRS,n,2.0NRT,302.25,4.6,D
30.75039,74.26598,341.16,0.41,0.37,2026-07-04,820,N20,VIIRS,n,2.0NRT,300.93,4.24,D
30.75328,73.9535,338.13,0.4,0.37,2026-07-04,820,N20,VIIRS,n,2.0NRT,301.67,3.29,D
30.76378,74.05511,336.33,0.41,0.37,2026-07-04,820,N20,VIIRS,n,2.0NRT,301.48,3.79,D
30.76864,73.86477,338.91,0.4,0.37,2026-07-04,820,N20,VIIRS,n,2.0NRT,303.68,6.69,D
30.78969,73.91663,337.2,0.4,0.37,2026-07-04,820,N20,VIIRS,n,2.0NRT,302.02,3.73,D
30.79024,73.32348,335.88,0.39,0.36,2026-07-04,820,N20,VIIRS,n,2.0NRT,304.08,4.16,D
30.79331,73.9676,344.58,0.4,0.37,2026-07-04,820,N20,VIIRS,n,2.0NRT,303.85,6.13,D
30.7954,74.05795,336.2,0.41,0.37,2026-07-04,820,N20,VIIRS,n,2.0NRT,304.34,3.93,D
30.80577,74.10809,336.51,0.41,0.37,2026-07-04,820,N20,VIIRS,n,2.0NRT,301.84,2.88,D
30.84566,74.17042,337,0.41,0.37,2026-07-04,820,N20,VIIRS,n,2.0NRT,303.26,7.92,D
30.84787,74.28825,334.01,0.41,0.37,2026-07-04,820,N20,VIIRS,n,2.0NRT,301.7,2.48,D
30.84862,73.8849,333.22,0.4,0.37,2026-07-04,820,N20,VIIRS,n,2.0NRT,298.5,2.33,D
30.84906,74.1698,351.82,0.41,0.37,2026-07-04,820,N20,VIIRS,n,2.0NRT,305.22,7.92,D
30.85199,73.88427,337.46,0.4,0.37,2026-07-04,820,N20,VIIRS,n,2.0NRT,302.28,5.38,D
30.85987,73.29005,343.29,0.39,0.36,2026-07-04,820,N20,VIIRS,n,2.0NRT,305.72,5.06,D
30.86808,74.35948,342.41,0.41,0.37,2026-07-04,820,N20,VIIRS,n,2.0NRT,300.11,4.95,D
30.87497,74.00076,334.77,0.41,0.37,2026-07-04,820,N20,VIIRS,n,2.0NRT,301.94,3.04,D
30.88664,73.95968,344.11,0.4,0.37,2026-07-04,820,N20,VIIRS,n,2.0NRT,304.66,7.63,D
30.8898,73.45251,335.32,0.39,0.37,2026-07-04,820,N20,VIIRS,n,2.0NRT,303.11,4.46,D
30.91367,74.23326,337.45,0.41,0.37,2026-07-04,820,N20,VIIRS,n,2.0NRT,302.96,3.38,D
30.99727,74.1535,346.04,0.41,0.37,2026-07-04,820,N20,VIIRS,n,2.0NRT,302.64,7.86,D
31.01677,73.94101,332.19,0.4,0.37,2026-07-04,820,N20,VIIRS,n,2.0NRT,300.69,1.84,D
31.01944,73.36077,336.18,0.39,0.36,2026-07-04,820,N20,VIIRS,n,2.0NRT,300,5,D
31.02014,73.94038,336.83,0.4,0.37,2026-07-04,820,N20,VIIRS,n,2.0NRT,301.46,1.84,D
31.02037,73.41546,337.32,0.39,0.37,2026-07-04,820,N20,VIIRS,n,2.0NRT,302.54,5.25,D
31.03123,74.30128,332.47,0.41,0.37,2026-07-04,820,N20,VIIRS,n,2.0NRT,302.17,3.06,D
31.03127,74.14727,338.93,0.41,0.37,2026-07-04,820,N20,VIIRS,n,2.0NRT,303.69,8.59,D
31.05987,73.67133,342.37,0.4,0.37,2026-07-04,820,N20,VIIRS,n,2.0NRT,304.65,5.88,D
31.07853,74.70974,330.09,0.43,0.38,2026-07-04,820,N20,VIIRS,l,2.0NRT,302.93,3.92,D
31.10499,73.55192,338.65,0.4,0.37,2026-07-04,820,N20,VIIRS,n,2.0NRT,302.72,7.5,D
31.14751,73.59602,337.19,0.4,0.37,2026-07-04,820,N20,VIIRS,n,2.0NRT,305.3,7.75,D
31.69584,73.10674,333.87,0.39,0.36,2026-07-04,820,N20,VIIRS,n,2.0NRT,302.76,2.47,D
31.80768,73.71684,331.6,0.4,0.37,2026-07-04,820,N20,VIIRS,l,2.0NRT,302.3,3.29,D
31.80826,73.72108,330.6,0.4,0.37,2026-07-04,820,N20,VIIRS,l,2.0NRT,300.89,1.36,D
31.88167,74.21223,334.44,0.42,0.37,2026-07-04,820,N20,VIIRS,n,2.0NRT,298.37,2.18,D
31.98168,73.16348,332.42,0.39,0.37,2026-07-04,820,N20,VIIRS,l,2.0NRT,306.75,3,D
32.43141,74.41504,334.7,0.43,0.38,2026-07-04,820,N20,VIIRS,n,2.0NRT,301.15,3.32,D
33.00349,75.69512,331.17,0.48,0.4,2026-07-04,820,N20,VIIRS,n,2.0NRT,301.3,3.58,D
33.01,74.13521,335.93,0.42,0.38,2026-07-04,820,N20,VIIRS,n,2.0NRT,304.47,2.77,D
33.05035,74.07708,338.03,0.42,0.38,2026-07-04,820,N20,VIIRS,n,2.0NRT,304.68,4.2,D
33.22357,73.88289,335.21,0.42,0.37,2026-07-04,820,N20,VIIRS,n,2.0NRT,303.79,3.81,D
33.22415,73.88733,335.23,0.42,0.38,2026-07-04,820,N20,VIIRS,n,2.0NRT,303.38,3.63,D
34.44863,72.69456,347.86,0.4,0.37,2026-07-04,820,N20,VIIRS,n,2.0NRT,308.9,7.93,D
34.44925,72.69895,346.03,0.4,0.37,2026-07-04,820,N20,VIIRS,n,2.0NRT,305.4,2.65,D
34.45259,72.69824,334.16,0.4,0.37,2026-07-04,820,N20,VIIRS,l,2.0NRT,304.41,2.65,D
34.54425,72.41741,346.94,0.39,0.36,2026-07-04,820,N20,VIIRS,n,2.0NRT,309.77,8.44,D
34.75306,72.0947,337.65,0.39,0.36,2026-07-04,820,N20,VIIRS,l,2.0NRT,310.66,4.12,D
34.75365,72.09885,341.68,0.39,0.36,2026-07-04,820,N20,VIIRS,n,2.0NRT,309.99,4.12,D
29.08371,88.01125,304.73,0.59,0.7,2026-07-04,1902,N20,VIIRS,n,2.0NRT,279.02,1.65,N
29.26282,91.92461,305.94,0.34,0.56,2026-07-04,1902,N20,VIIRS,n,2.0NRT,286.04,1.48,N
29.66166,90.90453,296.27,0.4,0.6,2026-07-04,1902,N20,VIIRS,n,2.0NRT,278.15,1.98,N
30.06849,96.98111,305.7,0.53,0.42,2026-07-04,1902,N20,VIIRS,n,2.0NRT,288.87,1.64,N
22.37593,87.27637,297.65,0.56,0.69,2026-07-04,1904,N20,VIIRS,n,2.0NRT,266.33,1.01,N
22.38228,87.27701,300.91,0.56,0.69,2026-07-04,1904,N20,VIIRS,n,2.0NRT,267.13,1.04,N
23.56518,87.08163,300.15,0.59,0.7,2026-07-04,1904,N20,VIIRS,n,2.0NRT,267.98,0.92,N
23.56523,87.08157,300.68,0.59,0.7,2026-07-04,1904,N20,VIIRS,n,2.0NRT,267.41,1.17,N
23.69354,87.11984,298.54,0.59,0.7,2026-07-04,1904,N20,VIIRS,n,2.0NRT,261.76,1.75,N
23.76977,86.40563,298.72,0.66,0.73,2026-07-04,1904,N20,VIIRS,n,2.0NRT,261.01,5.23,N
24.11696,86.8584,300.61,0.62,0.71,2026-07-04,1904,N20,VIIRS,n,2.0NRT,273.57,0.67,N
26.26112,89.22715,296.83,0.46,0.64,2026-07-04,1904,N20,VIIRS,n,2.0NRT,286.4,1.15,N
26.26149,89.22247,296.15,0.46,0.64,2026-07-04,1904,N20,VIIRS,n,2.0NRT,285.76,1.15,N
26.26699,89.22773,296.73,0.46,0.64,2026-07-04,1904,N20,VIIRS,n,2.0NRT,286.25,1.15,N
26.26737,89.22305,296.74,0.46,0.64,2026-07-04,1904,N20,VIIRS,n,2.0NRT,286.47,1.15,N
29.26346,91.92245,296.32,0.75,0.77,2026-07-04,2042,N20,VIIRS,n,2.0NRT,281.12,0.83,N
29.37593,91.15091,299.49,0.67,0.74,2026-07-04,2042,N20,VIIRS,n,2.0NRT,283.29,1.86,N
33.56893,73.86996,306.54,0.46,0.39,2026-07-04,2042,N20,VIIRS,n,2.0NRT,294.77,1.39,N
33.69007,72.71191,310.74,0.51,0.41,2026-07-04,2042,N20,VIIRS,n,2.0NRT,299.16,1.42,N
33.69058,72.71087,311.53,0.51,0.41,2026-07-04,2042,N20,VIIRS,n,2.0NRT,298.75,1.63,N
34.44112,72.69692,306.46,0.52,0.42,2026-07-04,2042,N20,VIIRS,n,2.0NRT,294.52,1.74,N
34.44177,72.69106,317.7,0.52,0.42,2026-07-04,2042,N20,VIIRS,n,2.0NRT,294.89,1.74,N
34.4425,72.69598,319.91,0.52,0.42,2026-07-04,2042,N20,VIIRS,n,2.0NRT,295.43,3.46,N
34.44321,72.68999,317.84,0.52,0.42,2026-07-04,2042,N20,VIIRS,n,2.0NRT,295.02,3.22,N
34.44485,72.69845,322.1,0.52,0.42,2026-07-04,2042,N20,VIIRS,n,2.0NRT,295.98,1.74,N
34.44551,72.69259,305.86,0.52,0.42,2026-07-04,2042,N20,VIIRS,n,2.0NRT,294.68,1.74,N
34.44558,72.70286,319.76,0.52,0.42,2026-07-04,2042,N20,VIIRS,n,2.0NRT,295.42,3.46,N
34.44804,72.70463,323.73,0.52,0.42,2026-07-04,2042,N20,VIIRS,n,2.0NRT,295.45,3.76,N
34.44942,72.70325,322.76,0.52,0.42,2026-07-04,2042,N20,VIIRS,n,2.0NRT,295.33,4.12,N
34.45248,72.69978,306.76,0.52,0.42,2026-07-04,2042,N20,VIIRS,n,2.0NRT,294.56,2.76,N
35.96879,68.68724,309.79,0.6,0.53,2026-07-04,2042,N20,VIIRS,n,2.0NRT,293.7,2.06,N
23.55809,87.23891,309.01,0.53,0.67,2026-07-04,2044,N20,VIIRS,n,2.0NRT,272.38,2.28,N
23.55838,87.23689,300.07,0.53,0.67,2026-07-04,2044,N20,VIIRS,n,2.0NRT,271.78,1.2,N
23.56343,87.08361,304.8,0.52,0.67,2026-07-04,2044,N20,VIIRS,n,2.0NRT,272.53,0.92,N
23.6891,87.12162,304.62,0.52,0.67,2026-07-04,2044,N20,VIIRS,n,2.0NRT,274.35,2.17,N
23.69105,87.12029,301.01,0.52,0.67,2026-07-04,2044,N20,VIIRS,n,2.0NRT,274.06,2.63,N
23.69351,87.11035,299.38,0.52,0.67,2026-07-04,2044,N20,VIIRS,n,2.0NRT,274.11,1.34,N
23.69474,87.1054,300.83,0.52,0.67,2026-07-04,2044,N20,VIIRS,n,2.0NRT,274.22,1.34,N
23.99132,79.39164,301.46,0.52,0.42,2026-07-04,2044,N20,VIIRS,n,2.0NRT,284.46,0.61,N
24.17832,82.65184,301.13,0.53,0.5,2026-07-04,2044,N20,VIIRS,n,2.0NRT,285.42,2.51,N
24.2054,82.52505,304.72,0.52,0.5,2026-07-04,2044,N20,VIIRS,n,2.0NRT,287.16,1.45,N
24.92531,84.15659,307.69,0.32,0.55,2026-07-04,2044,N20,VIIRS,n,2.0NRT,288.58,2.21,N
24.93222,84.14866,306.16,0.32,0.54,2026-07-04,2044,N20,VIIRS,n,2.0NRT,289.06,2.13,N
24.93759,86.71906,295.75,0.46,0.63,2026-07-04,2044,N20,VIIRS,n,2.0NRT,285.55,1.46,N
24.93866,86.71463,295.87,0.46,0.63,2026-07-04,2044,N20,VIIRS,n,2.0NRT,285.26,1.46,N
24.94325,86.72074,295.86,0.46,0.63,2026-07-04,2044,N20,VIIRS,n,2.0NRT,285.74,1.46,N
25.38867,68.58325,305.47,0.46,0.47,2026-07-04,2044,N20,VIIRS,n,2.0NRT,284.26,0.66,N
26.25936,74.09788,303.2,0.4,0.37,2026-07-04,2044,N20,VIIRS,n,2.0NRT,279.56,0.56,N
26.64188,79.47989,308.79,0.48,0.4,2026-07-04,2044,N20,VIIRS,n,2.0NRT,293.27,1.18,N
26.64551,79.48074,327.56,0.48,0.4,2026-07-04,2044,N20,VIIRS,n,2.0NRT,293.12,4.76,N
27.37327,77.69318,310.19,0.41,0.37,2026-07-04,2044,N20,VIIRS,n,2.0NRT,284.87,2.04,N
27.66689,76.13042,309.94,0.38,0.36,2026-07-04,2044,N20,VIIRS,n,2.0NRT,283.82,1.9,N
28.46357,77.18252,318.99,0.39,0.36,2026-07-04,2044,N20,VIIRS,n,2.0NRT,288.11,1.03,N
29.08777,88.01105,298.2,0.45,0.63,2026-07-04,2044,N20,VIIRS,n,2.0NRT,279.29,1.01,N
30.84172,74.12788,322.91,0.42,0.38,2026-07-04,2044,N20,VIIRS,n,2.0NRT,288.52,3.48,N
31.24925,76.92901,303,0.38,0.36,2026-07-04,2044,N20,VIIRS,n,2.0NRT,288.68,0.53,N
31.32971,76.89613,307.94,0.38,0.36,2026-07-04,2044,N20,VIIRS,n,2.0NRT,289.65,1.03,N
22.20468,84.85374,306.86,0.4,0.6,2026-07-04,2046,N20,VIIRS,n,2.0NRT,271.54,1.63,N
22.20922,84.85893,302.57,0.4,0.6,2026-07-04,2046,N20,VIIRS,n,2.0NRT,272.05,1.38,N
10.93051,77.06428,302.38,0.41,0.45,2026-07-04,2049,N20,VIIRS,n,2.0NRT,286.55,0.84,N
11.12999,77.90671,309.65,0.46,0.47,2026-07-04,2049,N20,VIIRS,n,2.0NRT,290.21,1.23,N
11.81107,77.92248,311.68,0.45,0.47,2026-07-04,2049,N20,VIIRS,n,2.0NRT,288.96,2.15,N
9.23781,77.45307,325.36,0.46,0.47,2026-07-04,2051,N20,VIIRS,n,2.0NRT,288.81,2.26,N
9.23977,77.45533,313.55,0.46,0.47,2026-07-04,2051,N20,VIIRS,n,2.0NRT,285.28,1.6,N
28.06246,95.35496,330.37,0.51,0.49,2026-07-05,618,N20,VIIRS,n,2.0NRT,299.02,4.05,D
28.06354,95.36001,328.69,0.51,0.49,2026-07-05,618,N20,VIIRS,n,2.0NRT,297.68,5.68,D
28.21233,95.5404,342.22,0.49,0.49,2026-07-05,618,N20,VIIRS,n,2.0NRT,293.23,6.65,D
29.34731,90.06329,338.38,0.49,0.65,2026-07-05,620,N20,VIIRS,n,2.0NRT,307.12,2.55,D
8.51517,78.0616,333.75,0.53,0.42,2026-07-05,754,N20,VIIRS,l,2.0NRT,306.31,2.17,D
8.51759,78.0633,330.17,0.53,0.42,2026-07-05,754,N20,VIIRS,l,2.0NRT,304.23,5.76,D
8.54408,78.12749,340.91,0.53,0.42,2026-07-05,754,N20,VIIRS,n,2.0NRT,301.45,6.02,D
8.57296,78.08848,341.77,0.53,0.42,2026-07-05,754,N20,VIIRS,n,2.0NRT,307.22,9.24,D
8.67368,78.03984,331.8,0.53,0.42,2026-07-05,754,N20,VIIRS,l,2.0NRT,306.27,6.54,D
8.67447,78.04462,333.44,0.53,0.42,2026-07-05,754,N20,VIIRS,n,2.0NRT,302.32,4.01,D
8.73292,81.11816,331.94,0.4,0.37,2026-07-05,754,N20,VIIRS,n,2.0NRT,299.11,3.73,D
8.73975,80.26888,335.49,0.42,0.37,2026-07-05,754,N20,VIIRS,n,2.0NRT,302.13,3,D
8.74794,77.99934,337.22,0.53,0.42,2026-07-05,754,N20,VIIRS,l,2.0NRT,308.25,3.94,D
8.88061,80.93626,332.91,0.4,0.37,2026-07-05,754,N20,VIIRS,n,2.0NRT,300.42,1.72,D
8.91142,80.9572,346.01,0.4,0.37,2026-07-05,754,N20,VIIRS,n,2.0NRT,301.76,3.63,D
8.92242,79.95851,340.49,0.43,0.38,2026-07-05,754,N20,VIIRS,n,2.0NRT,299.6,5.84,D
8.96702,80.57581,332.44,0.41,0.37,2026-07-05,754,N20,VIIRS,n,2.0NRT,302.39,4.96,D
9.00717,80.87516,333.42,0.4,0.37,2026-07-05,754,N20,VIIRS,n,2.0NRT,303.03,1.23,D
9.18587,78.10838,334.62,0.52,0.41,2026-07-05,754,N20,VIIRS,n,2.0NRT,302.84,1.3,D
9.18615,78.18193,339.73,0.51,0.41,2026-07-05,754,N20,VIIRS,l,2.0NRT,309.77,4.74,D
9.24719,77.81664,338.1,0.54,0.42,2026-07-05,754,N20,VIIRS,n,2.0NRT,306.27,2.39,D
9.37619,78.78172,335.36,0.48,0.4,2026-07-05,754,N20,VIIRS,l,2.0NRT,307.27,5.62,D
9.40422,77.73934,330.19,0.54,0.42,2026-07-05,754,N20,VIIRS,l,2.0NRT,302.76,3.15,D
9.55206,78.82449,334.49,0.47,0.4,2026-07-05,754,N20,VIIRS,n,2.0NRT,303.98,2.8,D
9.60028,78.59267,339.51,0.48,0.4,2026-07-05,754,N20,VIIRS,n,2.0NRT,308.5,3.91,D
9.60054,78.82522,347.18,0.47,0.4,2026-07-05,754,N20,VIIRS,n,2.0NRT,304.43,6.68,D
9.76662,78.36717,331.26,0.49,0.41,2026-07-05,754,N20,VIIRS,l,2.0NRT,305.11,1.7,D
10.56363,79.36398,330.93,0.43,0.38,2026-07-05,756,N20,VIIRS,n,2.0NRT,303.69,1.46,D
10.74669,79.5937,332.84,0.42,0.38,2026-07-05,756,N20,VIIRS,n,2.0NRT,302.33,2.73,D
10.74731,79.59755,332.59,0.42,0.38,2026-07-05,756,N20,VIIRS,n,2.0NRT,301.22,2.73,D
10.90821,79.02618,330.28,0.45,0.39,2026-07-05,756,N20,VIIRS,l,2.0NRT,302.5,2.95,D
11.1462,79.41762,345.59,0.43,0.38,2026-07-05,756,N20,VIIRS,n,2.0NRT,298.02,5.66,D
11.27179,79.47681,334.54,0.42,0.38,2026-07-05,756,N20,VIIRS,n,2.0NRT,301.33,11.84,D
11.27462,79.47239,331.49,0.42,0.38,2026-07-05,756,N20,VIIRS,l,2.0NRT,302.02,53.36,D
11.34818,79.36526,331.87,0.43,0.38,2026-07-05,756,N20,VIIRS,n,2.0NRT,302.93,2.54,D
11.58302,78.19865,331.33,0.48,0.4,2026-07-05,756,N20,VIIRS,n,2.0NRT,301.32,4.89,D
11.58497,78.21062,335.34,0.48,0.4,2026-07-05,756,N20,VIIRS,n,2.0NRT,299.63,2.44,D
11.58649,78.1969,344.51,0.48,0.4,2026-07-05,756,N20,VIIRS,n,2.0NRT,302.45,7.29,D
11.58666,78.19802,345.29,0.48,0.4,2026-07-05,756,N20,VIIRS,n,2.0NRT,302.24,4.89,D
11.59155,78.20506,337.68,0.48,0.4,2026-07-05,756,N20,VIIRS,n,2.0NRT,301.29,9.01,D
11.59178,78.20616,339.88,0.48,0.4,2026-07-05,756,N20,VIIRS,n,2.0NRT,301.23,7.6,D
12.36222,79.64764,346.57,0.41,0.37,2026-07-05,756,N20,VIIRS,n,2.0NRT,308.28,4.9,D
12.7747,79.83485,334.19,0.4,0.37,2026-07-05,756,N20,VIIRS,l,2.0NRT,295.15,3.77,D
24.14776,82.65939,335.02,0.49,0.4,2026-07-05,758,N20,VIIRS,n,2.0NRT,296.37,2.78,D
24.14897,82.58034,334.45,0.49,0.4,2026-07-05,758,N20,VIIRS,n,2.0NRT,295.7,1.4,D
25.88512,84.41455,352.41,0.43,0.46,2026-07-05,758,N20,VIIRS,n,2.0NRT,296.74,13.04,D
25.89468,84.4613,332.61,0.43,0.46,2026-07-05,758,N20,VIIRS,n,2.0NRT,294.4,5.6,D
25.93876,84.27863,343.49,0.42,0.45,2026-07-05,758,N20,VIIRS,n,2.0NRT,296.1,4.14,D
25.94899,84.29438,332.08,0.42,0.45,2026-07-05,758,N20,VIIRS,n,2.0NRT,296.6,2.89,D
26.93524,87.12366,335.81,0.32,0.55,2026-07-05,758,N20,VIIRS,n,2.0NRT,290.11,2.88,D
27.3837,68.06862,334.79,0.34,0.56,2026-07-05,758,N20,VIIRS,l,2.0NRT,306.6,1.57,D
27.48071,71.71908,342.39,0.41,0.45,2026-07-05,758,N20,VIIRS,n,2.0NRT,302.62,5.7,D
28.19393,68.26657,338.08,0.32,0.54,2026-07-05,758,N20,VIIRS,n,2.0NRT,306.98,11.82,D
28.51575,70.58404,331.51,0.46,0.47,2026-07-05,758,N20,VIIRS,l,2.0NRT,304.34,4.05,D
28.51668,70.58861,330.74,0.46,0.47,2026-07-05,758,N20,VIIRS,l,2.0NRT,303.88,4.05,D
28.80976,70.2729,330.65,0.47,0.48,2026-07-05,758,N20,VIIRS,l,2.0NRT,305.04,6.2,D
29.00755,70.54267,332.23,0.45,0.47,2026-07-05,758,N20,VIIRS,l,2.0NRT,306.65,7.64,D
29.37352,70.71718,345.1,0.43,0.46,2026-07-05,758,N20,VIIRS,n,2.0NRT,307.32,8.19,D
29.41907,71.33913,334.75,0.4,0.44,2026-07-05,758,N20,VIIRS,n,2.0NRT,301.56,4.8,D
29.47216,71.41069,337.04,0.39,0.44,2026-07-05,758,N20,VIIRS,n,2.0NRT,304.91,3.55,D
29.47291,71.3937,331.8,0.4,0.44,2026-07-05,758,N20,VIIRS,l,2.0NRT,302.79,2.4,D
29.49434,71.0223,332.54,0.41,0.45,2026-07-05,758,N20,VIIRS,l,2.0NRT,306.24,3.77,D
29.4952,71.02648,332.71,0.41,0.45,2026-07-05,758,N20,VIIRS,l,2.0NRT,306.73,3.44,D
29.49562,71.0222,333.83,0.41,0.45,2026-07-05,758,N20,VIIRS,l,2.0NRT,306.51,3.76,D
29.49645,71.02638,333.53,0.41,0.45,2026-07-05,758,N20,VIIRS,l,2.0NRT,306.59,3.85,D
29.4984,71.02123,334.82,0.41,0.45,2026-07-05,758,N20,VIIRS,l,2.0NRT,308.16,3.77,D
29.49926,71.02541,334.67,0.41,0.45,2026-07-05,758,N20,VIIRS,l,2.0NRT,307.9,3.44,D
29.49968,71.02112,333.33,0.41,0.45,2026-07-05,758,N20,VIIRS,l,2.0NRT,307.79,3.76,D
29.50012,71.02958,333.61,0.41,0.45,2026-07-05,758,N20,VIIRS,l,2.0NRT,307.05,3.44,D
29.50051,71.02531,334.73,0.41,0.45,2026-07-05,758,N20,VIIRS,l,2.0NRT,307.83,3.85,D
29.50134,71.02949,333.77,0.41,0.45,2026-07-05,758,N20,VIIRS,l,2.0NRT,306.93,3.85,D
29.51901,71.1424,352.07,0.41,0.45,2026-07-05,758,N20,VIIRS,n,2.0NRT,304.18,13.44,D
29.51953,71.1426,350.97,0.41,0.45,2026-07-05,758,N20,VIIRS,n,2.0NRT,304.02,13.48,D
29.56792,71.49413,331.53,0.39,0.44,2026-07-05,758,N20,VIIRS,n,2.0NRT,296.16,1.82,D
29.61571,72.05036,334.18,0.54,0.42,2026-07-05,758,N20,VIIRS,l,2.0NRT,306.23,5.06,D
29.65344,70.72769,335.42,0.43,0.46,2026-07-05,758,N20,VIIRS,l,2.0NRT,305.59,4.94,D
29.67899,70.92629,341.81,0.42,0.45,2026-07-05,758,N20,VIIRS,n,2.0NRT,302.94,3.7,D
29.69562,71.15751,332.33,0.4,0.44,2026-07-05,758,N20,VIIRS,l,2.0NRT,307.12,3.69,D
29.72046,71.88041,333.31,0.55,0.43,2026-07-05,758,N20,VIIRS,l,2.0NRT,307.86,2.59,D
29.7254,71.88503,336.4,0.55,0.43,2026-07-05,758,N20,VIIRS,l,2.0NRT,308.64,20.17,D
29.7265,71.89064,339.33,0.55,0.43,2026-07-05,758,N20,VIIRS,n,2.0NRT,307.84,20.17,D
29.74577,71.8857,332.7,0.55,0.43,2026-07-05,758,N20,VIIRS,l,2.0NRT,305.24,2.34,D
29.77793,72.05235,345.88,0.54,0.42,2026-07-05,758,N20,VIIRS,n,2.0NRT,307.91,9.12,D
29.83553,71.32925,343.91,0.39,0.44,2026-07-05,758,N20,VIIRS,n,2.0NRT,304.19,3.74,D
29.84186,71.25606,333.18,0.4,0.44,2026-07-05,758,N20,VIIRS,n,2.0NRT,302.08,1.65,D
29.88378,72.27944,341.21,0.53,0.42,2026-07-05,758,N20,VIIRS,n,2.0NRT,306.16,12.77,D
29.95243,71.5094,337.94,0.57,0.43,2026-07-05,758,N20,VIIRS,n,2.0NRT,302.11,3.99,D
29.95635,71.50839,340.73,0.57,0.43,2026-07-05,758,N20,VIIRS,n,2.0NRT,302.09,5.68,D
29.96128,71.4918,331.12,0.38,0.43,2026-07-05,758,N20,VIIRS,n,2.0NRT,300.93,2.3,D
29.9652,71.49078,341.61,0.38,0.43,2026-07-05,758,N20,VIIRS,n,2.0NRT,300.13,2.3,D
30.06819,71.47736,339.22,0.57,0.43,2026-07-05,758,N20,VIIRS,n,2.0NRT,304.33,6.9,D
30.49161,70.84851,332.35,0.4,0.45,2026-07-05,758,N20,VIIRS,l,2.0NRT,307.26,4.69,D
30.57813,73.73122,334.5,0.44,0.39,2026-07-05,758,N20,VIIRS,l,2.0NRT,296.01,2.08,D
30.57895,73.73579,331.08,0.44,0.39,2026-07-05,758,N20,VIIRS,l,2.0NRT,297.41,2.63,D
30.82466,76.13155,334.08,0.39,0.36,2026-07-05,758,N20,VIIRS,n,2.0NRT,296.89,1.6,D
30.89294,76.26231,338.89,0.39,0.36,2026-07-05,758,N20,VIIRS,n,2.0NRT,297.38,3.45,D
30.94462,76.20167,336.27,0.39,0.36,2026-07-05,758,N20,VIIRS,n,2.0NRT,298.48,2.52,D
31.33237,75.81205,334.81,0.39,0.36,2026-07-05,758,N20,VIIRS,n,2.0NRT,300.79,2.45,D
31.47221,75.4748,330.53,0.39,0.36,2026-07-05,758,N20,VIIRS,l,2.0NRT,297.35,1.74,D
25.79402,68.6994,338.19,0.34,0.56,2026-07-05,801,N20,VIIRS,n,2.0NRT,298.15,2.9,D
26.88663,72.04205,335.42,0.41,0.45,2026-07-05,801,N20,VIIRS,n,2.0NRT,299.44,1.71,D
27.00401,79.98059,335.62,0.41,0.37,2026-07-05,801,N20,VIIRS,n,2.0NRT,297.68,3.71,D
27.03687,79.89066,339.4,0.41,0.37,2026-07-05,801,N20,VIIRS,n,2.0NRT,299.51,6.74,D
27.5762,81.30183,336.57,0.46,0.39,2026-07-05,801,N20,VIIRS,n,2.0NRT,301.35,5.7,D
27.57762,81.30368,336.73,0.46,0.39,2026-07-05,801,N20,VIIRS,n,2.0NRT,301.24,11.83,D
27.58042,81.30594,337.21,0.46,0.39,2026-07-05,801,N20,VIIRS,n,2.0NRT,301.33,10.85,D
27.58182,81.30779,336.7,0.46,0.39,2026-07-05,801,N20,VIIRS,n,2.0NRT,300.65,10.15,D
27.65166,81.27754,337.14,0.46,0.39,2026-07-05,801,N20,VIIRS,n,2.0NRT,301.26,10.3,D
27.92895,81.02946,330.09,0.45,0.39,2026-07-05,801,N20,VIIRS,n,2.0NRT,299.28,5.33,D
34.26558,72.88694,342.4,0.43,0.38,2026-07-05,801,N20,VIIRS,l,2.0NRT,306.59,8.34,D
34.2699,72.89091,341.82,0.43,0.38,2026-07-05,801,N20,VIIRS,l,2.0NRT,305.43,5.5,D
34.38744,72.91415,337.13,0.43,0.38,2026-07-05,801,N20,VIIRS,n,2.0NRT,302.13,4.19,D
34.39167,72.91776,345.25,0.43,0.38,2026-07-05,801,N20,VIIRS,n,2.0NRT,302.07,4.19,D
34.43861,72.69029,348.99,0.44,0.38,2026-07-05,801,N20,VIIRS,n,2.0NRT,307.45,13.03,D
34.752,72.10023,334.6,0.45,0.39,2026-07-05,801,N20,VIIRS,l,2.0NRT,308.38,4.09,D
27.31664,95.2647,305.48,0.39,0.6,2026-07-05,1843,N20,VIIRS,n,2.0NRT,285.26,0.4,N
27.37788,95.33415,314.38,0.39,0.59,2026-07-05,1843,N20,VIIRS,n,2.0NRT,284.72,1.48,N
29.37474,91.1512,298.85,0.74,0.76,2026-07-05,1843,N20,VIIRS,n,2.0NRT,283.94,3.11,N
29.37976,91.14721,295.07,0.75,0.77,2026-07-05,1843,N20,VIIRS,n,2.0NRT,282.56,3.09,N
30.06768,96.9782,307.67,0.33,0.55,2026-07-05,1843,N20,VIIRS,n,2.0NRT,287.41,0.97,N
30.06926,96.9808,302.21,0.33,0.55,2026-07-05,1843,N20,VIIRS,n,2.0NRT,287.47,0.87,N
35.9686,68.68423,304.08,0.56,0.68,2026-07-05,2021,N20,VIIRS,n,2.0NRT,290.11,1.52,N
29.08728,88.01163,298.86,0.47,0.47,2026-07-05,2023,N20,VIIRS,n,2.0NRT,283.37,1.44,N
29.22541,88.35412,304.6,0.48,0.48,2026-07-05,2023,N20,VIIRS,n,2.0NRT,287.23,1.73,N
29.22657,88.34874,304.98,0.48,0.48,2026-07-05,2023,N20,VIIRS,n,2.0NRT,285.51,1.73,N
29.37477,91.15166,299.15,0.35,0.57,2026-07-05,2023,N20,VIIRS,n,2.0NRT,287.29,1.23,N
29.3755,91.14858,296.03,0.35,0.57,2026-07-05,2023,N20,VIIRS,n,2.0NRT,282.49,1.03,N
32.29652,70.73028,308.96,0.39,0.6,2026-07-05,2023,N20,VIIRS,n,2.0NRT,292.91,1.1,N
33.76655,71.96012,314.84,0.34,0.56,2026-07-05,2023,N20,VIIRS,n,2.0NRT,295.6,5.08,N
33.7668,71.9567,367,0.34,0.56,2026-07-05,2023,N20,VIIRS,h,2.0NRT,295.89,4.49,N
33.76705,71.95329,311.91,0.34,0.56,2026-07-05,2023,N20,VIIRS,n,2.0NRT,294.72,4.49,N
34.41079,72.71745,316.64,0.63,0.54,2026-07-05,2023,N20,VIIRS,n,2.0NRT,292.8,4.44,N
34.41085,72.71797,316.41,0.63,0.54,2026-07-05,2023,N20,VIIRS,n,2.0NRT,292.63,4.24,N
34.44139,72.7134,315.73,0.63,0.54,2026-07-05,2023,N20,VIIRS,n,2.0NRT,293.7,4.64,N
34.44633,72.715,315.74,0.63,0.54,2026-07-05,2023,N20,VIIRS,n,2.0NRT,293.63,2.76,N
34.45143,72.71433,306.92,0.63,0.54,2026-07-05,2023,N20,VIIRS,n,2.0NRT,292.92,2.76,N
34.45195,72.70747,310.75,0.63,0.54,2026-07-05,2023,N20,VIIRS,n,2.0NRT,293.3,4.05,N
34.46555,72.66212,307.88,0.32,0.54,2026-07-05,2023,N20,VIIRS,n,2.0NRT,292.84,1.82,N
34.46583,72.65846,308.44,0.32,0.55,2026-07-05,2023,N20,VIIRS,n,2.0NRT,292.57,1.47,N
34.63009,72.22614,312.63,0.34,0.56,2026-07-05,2023,N20,VIIRS,n,2.0NRT,292.81,1.73,N
35.18852,70.54066,299.08,0.43,0.62,2026-07-05,2023,N20,VIIRS,n,2.0NRT,283.3,0.9,N
24.32734,81.32771,305.62,0.4,0.37,2026-07-05,2025,N20,VIIRS,n,2.0NRT,287.89,1.11,N
24.52756,81.16882,305.88,0.4,0.37,2026-07-05,2025,N20,VIIRS,n,2.0NRT,284.01,0.84,N
24.56532,81.00499,307.65,0.39,0.36,2026-07-05,2025,N20,VIIRS,n,2.0NRT,288.28,1.3,N
26.64025,79.47858,322.5,0.39,0.36,2026-07-05,2025,N20,VIIRS,n,2.0NRT,259.88,1.67,N
26.64084,79.4747,295.25,0.39,0.36,2026-07-05,2025,N20,VIIRS,n,2.0NRT,259.45,1.67,N
26.64297,79.48306,295.38,0.39,0.36,2026-07-05,2025,N20,VIIRS,n,2.0NRT,261.27,0.31,N
26.64356,79.47919,335.3,0.39,0.36,2026-07-05,2025,N20,VIIRS,n,2.0NRT,261.43,1.67,N
26.64414,79.47533,295.92,0.39,0.36,2026-07-05,2025,N20,VIIRS,n,2.0NRT,260.35,1.67,N
26.76007,83.20066,310.79,0.44,0.38,2026-07-05,2025,N20,VIIRS,n,2.0NRT,293.13,2.93,N
14.2624,80.12456,305.7,0.45,0.39,2026-07-05,2027,N20,VIIRS,n,2.0NRT,282.72,0.75,N
14.84086,78.87266,314.47,0.4,0.37,2026-07-05,2027,N20,VIIRS,n,2.0NRT,273.1,1.48,N
8.46334,77.91927,309.23,0.42,0.37,2026-07-05,2029,N20,VIIRS,n,2.0NRT,296.26,1.37,N
9.86847,78.09142,314.61,0.41,0.37,2026-07-05,2029,N20,VIIRS,n,2.0NRT,293.77,1.46,N
9.86909,78.08772,308.47,0.41,0.37,2026-07-05,2029,N20,VIIRS,n,2.0NRT,294.12,1.15,N
9.87187,78.09199,315.21,0.41,0.37,2026-07-05,2029,N20,VIIRS,n,2.0NRT,294.71,1.46,N
9.87249,78.08827,311.23,0.41,0.37,2026-07-05,2029,N20,VIIRS,n,2.0NRT,296.07,1.15,N
10.02086,77.45583,303.27,0.39,0.37,2026-07-05,2029,N20,VIIRS,n,2.0NRT,290.03,0.25,N
10.91453,78.88506,311.24,0.43,0.38,2026-07-05,2029,N20,VIIRS,n,2.0NRT,292.89,1.33,N
11.12488,77.75797,336.16,0.4,0.37,2026-07-05,2029,N20,VIIRS,n,2.0NRT,286.92,4.11,N
11.18388,79.10146,305.82,0.44,0.38,2026-07-05,2029,N20,VIIRS,n,2.0NRT,288.91,1.11,N
11.29481,77.80491,298.03,0.4,0.37,2026-07-05,2029,N20,VIIRS,n,2.0NRT,272.77,0.42,N
34.39144,72.82984,302.68,0.65,0.73,2026-07-05,2203,N20,VIIRS,n,2.0NRT,287.94,1.74,N
34.41041,72.7179,310.46,0.65,0.73,2026-07-05,2203,N20,VIIRS,n,2.0NRT,288,2.5,N
34.45067,72.72038,303.43,0.64,0.72,2026-07-05,2203,N20,VIIRS,n,2.0NRT,288.23,1.38,N
34.45287,72.71304,303.07,0.64,0.72,2026-07-05,2203,N20,VIIRS,n,2.0NRT,288.39,1.64,N
34.63227,72.22726,305.87,0.6,0.71,2026-07-05,2203,N20,VIIRS,n,2.0NRT,289.93,1.14,N
34.75772,72.10262,305.36,0.59,0.7,2026-07-05,2203,N20,VIIRS,n,2.0NRT,290.52,2.2,N
35.96659,68.6846,302.57,0.35,0.57,2026-07-05,2203,N20,VIIRS,n,2.0NRT,291.28,0.65,N
35.97149,68.68705,301.12,0.35,0.57,2026-07-05,2203,N20,VIIRS,n,2.0NRT,290.87,0.65,N