latitude,longitude,bright_ti4,scan,track,acq_date,acq_time,satellite,instrument,confidence,version,bright_ti5,frp,daynight,source_sensor,brightness,bright_t31
8.84741,81.02183,329.96,0.58,0.52,2026-07-01,729,N20,VIIRS,n,2.0NRT,291.19,4.46,D,VIIRS_NOAA20_NRT,,
11.25788,79.45864,346.02,0.34,0.56,2026-07-01,729,N20,VIIRS,n,2.0NRT,289.02,7.37,D,VIIRS_NOAA20_NRT,,
11.2611,79.45727,343.27,0.34,0.56,2026-07-01,729,N20,VIIRS,n,2.0NRT,288.5,3.92,D,VIIRS_NOAA20_NRT,,
11.26167,79.46027,330.07,0.34,0.56,2026-07-01,729,N20,VIIRS,n,2.0NRT,286.58,3.92,D,VIIRS_NOAA20_NRT,,
14.48202,78.70387,328.98,0.33,0.55,2026-07-01,729,N20,VIIRS,n,2.0NRT,280.42,1.31,D,VIIRS_NOAA20_NRT,,
8.74463,78.16101,333.68,0.46,0.63,2026-07-01,731,N20,VIIRS,n,2.0NRT,290.74,14.24,D,VIIRS_NOAA20_NRT,,
8.74495,78.16177,351.02,0.46,0.63,2026-07-01,731,N20,VIIRS,n,2.0NRT,292.57,18.01,D,VIIRS_NOAA20_NRT,,
8.74538,78.16512,367.0,0.46,0.63,2026-07-01,731,N20,VIIRS,h,2.0NRT,290.45,14.24,D,VIIRS_NOAA20_NRT,,
8.74573,78.16586,367.0,0.46,0.63,2026-07-01,731,N20,VIIRS,h,2.0NRT,290.68,18.01,D,VIIRS_NOAA20_NRT,,
9.51481,78.78114,342.65,0.4,0.6,2026-07-01,731,N20,VIIRS,n,2.0NRT,292.67,6.14,D,VIIRS_NOAA20_NRT,,
9.51505,78.78065,343.17,0.4,0.6,2026-07-01,731,N20,VIIRS,n,2.0NRT,292.84,7.95,D,VIIRS_NOAA20_NRT,,
9.51652,78.72797,331.12,0.41,0.6,2026-07-01,731,N20,VIIRS,n,2.0NRT,292.6,1.69,D,VIIRS_NOAA20_NRT,,
9.67787,78.37473,344.05,0.43,0.62,2026-07-01,731,N20,VIIRS,n,2.0NRT,292.02,8.58,D,VIIRS_NOAA20_NRT,,
10.45012,79.83945,326.11,0.33,0.55,2026-07-01,731,N20,VIIRS,n,2.0NRT,291.19,1.27,D,VIIRS_NOAA20_NRT,,
10.51089,79.60343,338.12,0.34,0.56,2026-07-01,731,N20,VIIRS,n,2.0NRT,291.8,3.14,D,VIIRS_NOAA20_NRT,,
10.51145,79.60648,344.72,0.34,0.56,2026-07-01,731,N20,VIIRS,n,2.0NRT,289.77,3.14,D,VIIRS_NOAA20_NRT,,
20.9682,85.17537,335.5,0.39,0.36,2026-07-01,731,N20,VIIRS,n,2.0NRT,280.03,4.77,D,VIIRS_NOAA20_NRT,,
20.96878,85.17905,331.47,0.39,0.36,2026-07-01,731,N20,VIIRS,n,2.0NRT,280.24,4.77,D,VIIRS_NOAA20_NRT,,
23.77648,86.20995,333.75,0.39,0.36,2026-07-01,731,N20,VIIRS,n,2.0NRT,295.4,5.49,D,VIIRS_NOAA20_NRT,,
23.77981,86.20937,331.79,0.39,0.36,2026-07-01,731,N20,VIIRS,n,2.0NRT,294.28,5.95,D,VIIRS_NOAA20_NRT,,
24.83333,72.58987,335.28,0.5,0.66,2026-07-01,733,N20,VIIRS,n,2.0NRT,292.65,5.05,D,VIIRS_NOAA20_NRT,,
25.21288,73.4752,336.09,0.44,0.62,2026-07-01,733,N20,VIIRS,n,2.0NRT,294.72,2.49,D,VIIRS_NOAA20_NRT,,
26.58368,75.08199,332.66,0.32,0.55,2026-07-01,733,N20,VIIRS,n,2.0NRT,290.82,3.47,D,VIIRS_NOAA20_NRT,,
26.95636,82.3535,367.0,0.41,0.37,2026-07-01,733,N20,VIIRS,h,2.0NRT,292.42,10.75,D,VIIRS_NOAA20_NRT,,
29.43242,71.5554,332.4,0.45,0.63,2026-07-01,735,N20,VIIRS,n,2.0NRT,297.9,2.54,D,VIIRS_NOAA20_NRT,,
29.44626,71.75282,331.02,0.44,0.62,2026-07-01,735,N20,VIIRS,n,2.0NRT,299.39,2.01,D,VIIRS_NOAA20_NRT,,
29.44908,71.70192,338.19,0.44,0.63,2026-07-01,735,N20,VIIRS,n,2.0NRT,298.11,2.15,D,VIIRS_NOAA20_NRT,,
29.49634,71.49527,367.0,0.46,0.63,2026-07-01,735,N20,VIIRS,h,2.0NRT,298.67,9.54,D,VIIRS_NOAA20_NRT,,
29.49745,71.49645,353.42,0.45,0.63,2026-07-01,735,N20,VIIRS,n,2.0NRT,297.72,9.39,D,VIIRS_NOAA20_NRT,,
29.50149,71.82917,342.67,0.43,0.62,2026-07-01,735,N20,VIIRS,n,2.0NRT,298.75,3.35,D,VIIRS_NOAA20_NRT,,
29.50288,71.73919,336.72,0.44,0.62,2026-07-01,735,N20,VIIRS,n,2.0NRT,299.08,3.24,D,VIIRS_NOAA20_NRT,,
29.5239,72.12738,338.35,0.42,0.61,2026-07-01,735,N20,VIIRS,n,2.0NRT,301.01,7.42,D,VIIRS_NOAA20_NRT,,
29.53513,71.91601,331.94,0.43,0.62,2026-07-01,735,N20,VIIRS,n,2.0NRT,299.94,3.59,D,VIIRS_NOAA20_NRT,,
29.57794,72.11174,336.04,0.42,0.61,2026-07-01,735,N20,VIIRS,n,2.0NRT,300.8,2.89,D,VIIRS_NOAA20_NRT,,
29.60456,71.89455,330.87,0.43,0.62,2026-07-01,735,N20,VIIRS,n,2.0NRT,299.87,1.46,D,VIIRS_NOAA20_NRT,,
29.60654,71.89286,338.96,0.43,0.62,2026-07-01,735,N20,VIIRS,n,2.0NRT,299.82,3.54,D,VIIRS_NOAA20_NRT,,
29.61187,72.29578,332.52,0.41,0.6,2026-07-01,735,N20,VIIRS,n,2.0NRT,301.57,2.54,D,VIIRS_NOAA20_NRT,,
29.61416,74.47932,341.83,0.6,0.53,2026-07-01,735,N20,VIIRS,n,2.0NRT,293.27,6.74,D,VIIRS_NOAA20_NRT,,
29.6437,72.30743,347.6,0.4,0.6,2026-07-01,735,N20,VIIRS,n,2.0NRT,302.4,5.66,D,VIIRS_NOAA20_NRT,,
29.66036,72.32822,334.86,0.4,0.6,2026-07-01,735,N20,VIIRS,n,2.0NRT,301.86,2.07,D,VIIRS_NOAA20_NRT,,
29.70723,72.54413,341.27,0.39,0.59,2026-07-01,735,N20,VIIRS,n,2.0NRT,300.69,3.03,D,VIIRS_NOAA20_NRT,,
29.71565,71.96595,338.95,0.42,0.61,2026-07-01,735,N20,VIIRS,n,2.0NRT,299.88,3.29,D,VIIRS_NOAA20_NRT,,
29.71746,71.96807,337.62,0.42,0.61,2026-07-01,735,N20,VIIRS,n,2.0NRT,299.56,3.44,D,VIIRS_NOAA20_NRT,,
29.74004,72.06026,331.27,0.42,0.61,2026-07-01,735,N20,VIIRS,n,2.0NRT,299.35,1.95,D,VIIRS_NOAA20_NRT,,
29.74692,72.23116,331.5,0.41,0.6,2026-07-01,735,N20,VIIRS,n,2.0NRT,300.04,3.22,D,VIIRS_NOAA20_NRT,,
29.75951,72.3532,336.9,0.4,0.6,2026-07-01,735,N20,VIIRS,n,2.0NRT,300.21,3.69,D,VIIRS_NOAA20_NRT,,
29.76888,72.75247,342.74,0.38,0.59,2026-07-01,735,N20,VIIRS,n,2.0NRT,298.4,3.06,D,VIIRS_NOAA20_NRT,,
29.77387,72.72639,342.66,0.38,0.59,2026-07-01,735,N20,VIIRS,n,2.0NRT,299.45,5.48,D,VIIRS_NOAA20_NRT,,
29.77413,72.50628,333.17,0.39,0.59,2026-07-01,735,N20,VIIRS,n,2.0NRT,301.4,5.12,D,VIIRS_NOAA20_NRT,,
29.77509,72.51019,338.37,0.39,0.59,2026-07-01,735,N20,VIIRS,n,2.0NRT,301.16,6.1,D,VIIRS_NOAA20_NRT,,
29.77909,72.72472,351.02,0.38,0.59,2026-07-01,735,N20,VIIRS,n,2.0NRT,300.78,5.48,D,VIIRS_NOAA20_NRT,,
29.78636,72.66075,331.04,0.38,0.59,2026-07-01,735,N20,VIIRS,n,2.0NRT,300.12,2.91,D,VIIRS_NOAA20_NRT,,
29.79474,72.6829,333.47,0.38,0.59,2026-07-01,735,N20,VIIRS,n,2.0NRT,298.79,1.58,D,VIIRS_NOAA20_NRT,,
29.79708,72.68209,331.97,0.38,0.59,2026-07-01,735,N20,VIIRS,n,2.0NRT,298.66,0.96,D,VIIRS_NOAA20_NRT,,
29.83367,72.51676,346.7,0.39,0.59,2026-07-01,735,N20,VIIRS,n,2.0NRT,301.49,3.98,D,VIIRS_NOAA20_NRT,,
29.84292,72.1003,339.44,0.41,0.61,2026-07-01,735,N20,VIIRS,n,2.0NRT,300.53,3.14,D,VIIRS_NOAA20_NRT,,
29.84624,72.16127,330.94,0.41,0.6,2026-07-01,735,N20,VIIRS,n,2.0NRT,299.8,1.91,D,VIIRS_NOAA20_NRT,,
29.87269,72.3399,343.31,0.4,0.6,2026-07-01,735,N20,VIIRS,n,2.0NRT,300.57,4.03,D,VIIRS_NOAA20_NRT,,
29.87278,72.48025,331.11,0.39,0.59,2026-07-01,735,N20,VIIRS,n,2.0NRT,300.9,1.63,D,VIIRS_NOAA20_NRT,,
29.89511,72.59434,332.71,0.38,0.59,2026-07-01,735,N20,VIIRS,n,2.0NRT,301.2,2.01,D,VIIRS_NOAA20_NRT,,
29.89946,71.62872,332.52,0.44,0.62,2026-07-01,735,N20,VIIRS,n,2.0NRT,297.22,3.17,D,VIIRS_NOAA20_NRT,,
29.90225,72.34329,343.31,0.4,0.6,2026-07-01,735,N20,VIIRS,n,2.0NRT,300.96,3.67,D,VIIRS_NOAA20_NRT,,
29.90821,71.68712,341.56,0.43,0.62,2026-07-01,735,N20,VIIRS,n,2.0NRT,296.47,3.8,D,VIIRS_NOAA20_NRT,,
29.92225,71.76647,330.53,0.43,0.62,2026-07-01,735,N20,VIIRS,n,2.0NRT,297.37,1.48,D,VIIRS_NOAA20_NRT,,
29.92406,72.31478,350.82,0.4,0.6,2026-07-01,735,N20,VIIRS,n,2.0NRT,300.24,6.85,D,VIIRS_NOAA20_NRT,,
29.92472,72.31295,367.0,0.4,0.6,2026-07-01,735,N20,VIIRS,h,2.0NRT,301.02,6.49,D,VIIRS_NOAA20_NRT,,
29.92846,71.83822,367.0,0.42,0.61,2026-07-01,735,N20,VIIRS,h,2.0NRT,299.51,12.51,D,VIIRS_NOAA20_NRT,,
29.92944,71.8357,332.81,0.42,0.61,2026-07-01,735,N20,VIIRS,n,2.0NRT,297.32,15.61,D,VIIRS_NOAA20_NRT,,
29.93048,71.83996,367.0,0.42,0.61,2026-07-01,735,N20,VIIRS,h,2.0NRT,300.24,15.61,D,VIIRS_NOAA20_NRT,,
29.93057,72.00799,367.0,0.41,0.61,2026-07-01,735,N20,VIIRS,h,2.0NRT,302.12,9.89,D,VIIRS_NOAA20_NRT,,
29.93302,72.42302,331.31,0.39,0.59,2026-07-01,735,N20,VIIRS,n,2.0NRT,300.68,0.8,D,VIIRS_NOAA20_NRT,,
29.93375,72.39555,332.04,0.39,0.6,2026-07-01,735,N20,VIIRS,n,2.0NRT,301.01,1.77,D,VIIRS_NOAA20_NRT,,
29.93394,71.83646,354.11,0.42,0.61,2026-07-01,735,N20,VIIRS,n,2.0NRT,298.55,12.51,D,VIIRS_NOAA20_NRT,,
29.935,71.8407,350.54,0.42,0.61,2026-07-01,735,N20,VIIRS,n,2.0NRT,296.81,12.51,D,VIIRS_NOAA20_NRT,,
29.9526,72.6215,338.95,0.38,0.59,2026-07-01,735,N20,VIIRS,n,2.0NRT,300.89,2.97,D,VIIRS_NOAA20_NRT,,
29.95269,72.43364,335.75,0.39,0.59,2026-07-01,735,N20,VIIRS,n,2.0NRT,300.91,4.02,D,VIIRS_NOAA20_NRT,,
29.95408,72.43143,339.41,0.39,0.59,2026-07-01,735,N20,VIIRS,n,2.0NRT,300.79,3.1,D,VIIRS_NOAA20_NRT,,
29.95488,72.34194,344.75,0.4,0.6,2026-07-01,735,N20,VIIRS,n,2.0NRT,301.68,3.59,D,VIIRS_NOAA20_NRT,,
29.95677,72.93781,330.63,0.37,0.58,2026-07-01,735,N20,VIIRS,n,2.0NRT,299.09,1.7,D,VIIRS_NOAA20_NRT,,
29.95785,72.61983,344.38,0.38,0.59,2026-07-01,735,N20,VIIRS,n,2.0NRT,300.38,3.01,D,VIIRS_NOAA20_NRT,,
29.95876,72.62366,333.13,0.38,0.59,2026-07-01,735,N20,VIIRS,n,2.0NRT,299.09,3.01,D,VIIRS_NOAA20_NRT,,
29.96265,71.44186,338.3,0.45,0.63,2026-07-01,735,N20,VIIRS,n,2.0NRT,295.79,4.21,D,VIIRS_NOAA20_NRT,,
29.96549,72.174,332.79,0.4,0.6,2026-07-01,735,N20,VIIRS,n,2.0NRT,299.57,2.01,D,VIIRS_NOAA20_NRT,,
29.96965,71.71841,335.52,0.43,0.62,2026-07-01,735,N20,VIIRS,n,2.0NRT,297.33,2.98,D,VIIRS_NOAA20_NRT,,
29.97861,72.36847,331.16,0.39,0.6,2026-07-01,735,N20,VIIRS,l,2.0NRT,301.34,0.83,D,VIIRS_NOAA20_NRT,,
29.98037,72.59617,337.61,0.38,0.59,2026-07-01,735,N20,VIIRS,n,2.0NRT,299.95,1.67,D,VIIRS_NOAA20_NRT,,
29.98275,72.59349,347.75,0.38,0.59,2026-07-01,735,N20,VIIRS,n,2.0NRT,302.03,3.75,D,VIIRS_NOAA20_NRT,,
29.99597,72.39264,334.8,0.39,0.59,2026-07-01,735,N20,VIIRS,n,2.0NRT,301.03,3.48,D,VIIRS_NOAA20_NRT,,
29.99774,72.66872,336.55,0.38,0.59,2026-07-01,735,N20,VIIRS,n,2.0NRT,300.57,2.13,D,VIIRS_NOAA20_NRT,,
30.00223,72.39487,345.86,0.39,0.59,2026-07-01,735,N20,VIIRS,n,2.0NRT,302.17,5.23,D,VIIRS_NOAA20_NRT,,
30.00535,72.52412,355.29,0.39,0.59,2026-07-01,735,N20,VIIRS,n,2.0NRT,301.0,8.26,D,VIIRS_NOAA20_NRT,,
30.00542,72.63975,330.3,0.38,0.59,2026-07-01,735,N20,VIIRS,l,2.0NRT,300.98,1.29,D,VIIRS_NOAA20_NRT,,
30.00629,72.52798,336.46,0.38,0.59,2026-07-01,735,N20,VIIRS,n,2.0NRT,300.12,6.38,D,VIIRS_NOAA20_NRT,,
30.00795,72.64086,332.29,0.38,0.59,2026-07-01,735,N20,VIIRS,n,2.0NRT,299.52,1.18,D,VIIRS_NOAA20_NRT,,
30.01219,72.7292,330.1,0.37,0.58,2026-07-01,735,N20,VIIRS,n,2.0NRT,300.01,1.83,D,VIIRS_NOAA20_NRT,,
30.01412,72.69814,339.37,0.38,0.58,2026-07-01,735,N20,VIIRS,n,2.0NRT,300.25,2.58,D,VIIRS_NOAA20_NRT,,
30.0163,72.69949,335.89,0.38,0.58,2026-07-01,735,N20,VIIRS,n,2.0NRT,300.07,2.11,D,VIIRS_NOAA20_NRT,,
30.02261,72.61787,338.03,0.38,0.59,2026-07-01,735,N20,VIIRS,n,2.0NRT,300.83,1.74,D,VIIRS_NOAA20_NRT,,
30.03007,72.26771,346.68,0.4,0.6,2026-07-01,735,N20,VIIRS,n,2.0NRT,299.12,4.89,D,VIIRS_NOAA20_NRT,,
30.03374,72.26494,351.73,0.4,0.6,2026-07-01,735,N20,VIIRS,n,2.0NRT,299.59,6.23,D,VIIRS_NOAA20_NRT,,
30.04076,72.59975,332.44,0.38,0.59,2026-07-01,735,N20,VIIRS,n,2.0NRT,299.85,1.93,D,VIIRS_NOAA20_NRT,,
30.04136,72.57898,332.06,0.38,0.59,2026-07-01,735,N20,VIIRS,n,2.0NRT,300.48,1.55,D,VIIRS_NOAA20_NRT,,
30.04475,71.51798,332.94,0.44,0.62,2026-07-01,735,N20,VIIRS,n,2.0NRT,296.06,3.58,D,VIIRS_NOAA20_NRT,,
30.04522,71.3782,336.24,0.45,0.63,2026-07-01,735,N20,VIIRS,n,2.0NRT,294.57,2.16,D,VIIRS_NOAA20_NRT,,
30.04836,71.51918,340.9,0.44,0.62,2026-07-01,735,N20,VIIRS,n,2.0NRT,295.36,4.7,D,VIIRS_NOAA20_NRT,,
30.06481,71.91754,347.5,0.42,0.61,2026-07-01,735,N20,VIIRS,n,2.0NRT,298.89,4.83,D,VIIRS_NOAA20_NRT,,
30.06543,72.77077,332.52,0.37,0.58,2026-07-01,735,N20,VIIRS,n,2.0NRT,300.45,1.66,D,VIIRS_NOAA20_NRT,,
30.06567,72.79475,342.09,0.37,0.58,2026-07-01,735,N20,VIIRS,n,2.0NRT,300.26,2.86,D,VIIRS_NOAA20_NRT,,
30.06896,72.69294,342.96,0.38,0.58,2026-07-01,735,N20,VIIRS,n,2.0NRT,300.43,3.69,D,VIIRS_NOAA20_NRT,,
30.08392,72.54472,331.25,0.38,0.59,2026-07-01,735,N20,VIIRS,n,2.0NRT,300.68,2.25,D,VIIRS_NOAA20_NRT,,
30.10592,73.07845,336.09,0.36,0.57,2026-07-01,735,N20,VIIRS,n,2.0NRT,298.68,2.09,D,VIIRS_NOAA20_NRT,,
30.1447,73.3824,330.86,0.34,0.56,2026-07-01,735,N20,VIIRS,n,2.0NRT,298.58,1.7,D,VIIRS_NOAA20_NRT,,
30.1537,73.04578,338.88,0.36,0.57,2026-07-01,735,N20,VIIRS,n,2.0NRT,299.71,1.93,D,VIIRS_NOAA20_NRT,,
30.19352,73.12138,330.9,0.35,0.57,2026-07-01,735,N20,VIIRS,n,2.0NRT,298.88,0.96,D,VIIRS_NOAA20_NRT,,
30.20203,73.08815,333.94,0.35,0.57,2026-07-01,735,N20,VIIRS,n,2.0NRT,298.83,1.53,D,VIIRS_NOAA20_NRT,,
30.21208,72.91934,333.84,0.36,0.57,2026-07-01,735,N20,VIIRS,n,2.0NRT,298.62,0.86,D,VIIRS_NOAA20_NRT,,
30.21241,72.2565,347.64,0.4,0.6,2026-07-01,735,N20,VIIRS,n,2.0NRT,299.44,5.3,D,VIIRS_NOAA20_NRT,,
30.21694,72.87073,340.83,0.36,0.58,2026-07-01,735,N20,VIIRS,n,2.0NRT,299.33,2.36,D,VIIRS_NOAA20_NRT,,
30.22809,73.12953,330.19,0.35,0.57,2026-07-01,735,N20,VIIRS,n,2.0NRT,298.35,1.46,D,VIIRS_NOAA20_NRT,,
30.22833,72.91813,333.46,0.36,0.57,2026-07-01,735,N20,VIIRS,n,2.0NRT,299.8,1.91,D,VIIRS_NOAA20_NRT,,
30.22987,73.12949,349.65,0.35,0.57,2026-07-01,735,N20,VIIRS,n,2.0NRT,298.98,4.87,D,VIIRS_NOAA20_NRT,,
30.23316,73.12793,338.63,0.35,0.57,2026-07-01,735,N20,VIIRS,n,2.0NRT,299.03,2.74,D,VIIRS_NOAA20_NRT,,
30.24513,73.36337,353.56,0.34,0.56,2026-07-01,735,N20,VIIRS,n,2.0NRT,299.0,4.97,D,VIIRS_NOAA20_NRT,,
30.24668,72.80991,331.33,0.37,0.58,2026-07-01,735,N20,VIIRS,n,2.0NRT,299.11,1.46,D,VIIRS_NOAA20_NRT,,
30.2661,73.21239,341.44,0.35,0.56,2026-07-01,735,N20,VIIRS,n,2.0NRT,299.6,2.64,D,VIIRS_NOAA20_NRT,,
30.26694,73.21588,334.77,0.35,0.56,2026-07-01,735,N20,VIIRS,n,2.0NRT,299.37,2.64,D,VIIRS_NOAA20_NRT,,
30.27012,71.96878,333.07,0.41,0.61,2026-07-01,735,N20,VIIRS,n,2.0NRT,298.2,2.36,D,VIIRS_NOAA20_NRT,,
30.27012,71.9695,340.96,0.41,0.61,2026-07-01,735,N20,VIIRS,n,2.0NRT,298.47,3.31,D,VIIRS_NOAA20_NRT,,
30.27264,73.4352,341.9,0.34,0.56,2026-07-01,735,N20,VIIRS,n,2.0NRT,298.14,3.63,D,VIIRS_NOAA20_NRT,,
30.27458,72.99673,350.38,0.36,0.57,2026-07-01,735,N20,VIIRS,n,2.0NRT,300.78,6.41,D,VIIRS_NOAA20_NRT,,
30.278,73.08015,346.06,0.35,0.57,2026-07-01,735,N20,VIIRS,n,2.0NRT,300.56,4.74,D,VIIRS_NOAA20_NRT,,
30.28561,72.97393,345.73,0.36,0.57,2026-07-01,735,N20,VIIRS,n,2.0NRT,299.84,3.64,D,VIIRS_NOAA20_NRT,,
30.30091,72.96907,333.97,0.36,0.57,2026-07-01,735,N20,VIIRS,n,2.0NRT,299.39,1.61,D,VIIRS_NOAA20_NRT,,
30.30961,73.57127,340.39,0.33,0.55,2026-07-01,735,N20,VIIRS,n,2.0NRT,296.45,2.2,D,VIIRS_NOAA20_NRT,,
30.31111,72.96583,330.6,0.36,0.57,2026-07-01,735,N20,VIIRS,n,2.0NRT,300.12,2.44,D,VIIRS_NOAA20_NRT,,
30.31942,73.07092,335.52,0.35,0.57,2026-07-01,735,N20,VIIRS,n,2.0NRT,298.64,2.59,D,VIIRS_NOAA20_NRT,,
30.32054,73.06998,341.22,0.35,0.57,2026-07-01,735,N20,VIIRS,n,2.0NRT,298.71,2.72,D,VIIRS_NOAA20_NRT,,
30.3227,73.2915,339.65,0.34,0.56,2026-07-01,735,N20,VIIRS,n,2.0NRT,300.36,3.37,D,VIIRS_NOAA20_NRT,,
30.32872,73.06414,334.57,0.35,0.57,2026-07-01,735,N20,VIIRS,n,2.0NRT,298.67,0.98,D,VIIRS_NOAA20_NRT,,
30.32982,73.06325,334.41,0.35,0.57,2026-07-01,735,N20,VIIRS,n,2.0NRT,298.73,1.08,D,VIIRS_NOAA20_NRT,,
30.33768,72.72905,336.76,0.37,0.58,2026-07-01,735,N20,VIIRS,n,2.0NRT,299.44,1.8,D,VIIRS_NOAA20_NRT,,
30.35664,71.98991,339.73,0.41,0.6,2026-07-01,735,N20,VIIRS,n,2.0NRT,299.08,4.11,D,VIIRS_NOAA20_NRT,,
30.37789,73.63863,335.36,0.32,0.55,2026-07-01,735,N20,VIIRS,n,2.0NRT,295.79,1.71,D,VIIRS_NOAA20_NRT,,
30.38984,73.5997,346.53,0.33,0.55,2026-07-01,735,N20,VIIRS,n,2.0NRT,297.81,4.19,D,VIIRS_NOAA20_NRT,,
30.39857,72.82137,332.0,0.36,0.58,2026-07-01,735,N20,VIIRS,n,2.0NRT,298.4,1.71,D,VIIRS_NOAA20_NRT,,
30.39868,73.23731,333.18,0.34,0.56,2026-07-01,735,N20,VIIRS,n,2.0NRT,299.09,2.03,D,VIIRS_NOAA20_NRT,,
30.40014,73.28865,353.86,0.34,0.56,2026-07-01,735,N20,VIIRS,n,2.0NRT,299.37,6.02,D,VIIRS_NOAA20_NRT,,
30.40515,73.28709,336.52,0.34,0.56,2026-07-01,735,N20,VIIRS,n,2.0NRT,299.05,2.61,D,VIIRS_NOAA20_NRT,,
30.40533,73.24265,337.81,0.34,0.56,2026-07-01,735,N20,VIIRS,n,2.0NRT,298.85,1.69,D,VIIRS_NOAA20_NRT,,
30.40596,73.29052,343.52,0.34,0.56,2026-07-01,735,N20,VIIRS,n,2.0NRT,298.31,2.61,D,VIIRS_NOAA20_NRT,,
30.40644,73.58042,334.05,0.33,0.55,2026-07-01,735,N20,VIIRS,n,2.0NRT,297.11,1.76,D,VIIRS_NOAA20_NRT,,
30.42922,71.85902,332.48,0.41,0.61,2026-07-01,735,N20,VIIRS,n,2.0NRT,298.33,2.15,D,VIIRS_NOAA20_NRT,,
30.43037,72.8388,331.96,0.36,0.57,2026-07-01,735,N20,VIIRS,n,2.0NRT,299.36,4.15,D,VIIRS_NOAA20_NRT,,
30.43463,72.83353,335.22,0.36,0.57,2026-07-01,735,N20,VIIRS,n,2.0NRT,299.15,6.42,D,VIIRS_NOAA20_NRT,,
30.4355,72.83719,367.0,0.36,0.57,2026-07-01,735,N20,VIIRS,h,2.0NRT,299.21,4.15,D,VIIRS_NOAA20_NRT,,
30.44323,73.67107,330.74,0.32,0.55,2026-07-01,735,N20,VIIRS,n,2.0NRT,295.79,1.43,D,VIIRS_NOAA20_NRT,,
30.44763,73.80304,338.48,0.63,0.54,2026-07-01,735,N20,VIIRS,n,2.0NRT,295.28,6.15,D,VIIRS_NOAA20_NRT,,
30.47336,73.37196,341.5,0.34,0.56,2026-07-01,735,N20,VIIRS,n,2.0NRT,297.72,2.47,D,VIIRS_NOAA20_NRT,,
30.47593,72.9602,335.01,0.35,0.57,2026-07-01,735,N20,VIIRS,n,2.0NRT,298.48,4.21,D,VIIRS_NOAA20_NRT,,
30.48109,73.722,331.65,0.32,0.55,2026-07-01,735,N20,VIIRS,n,2.0NRT,296.11,1.25,D,VIIRS_NOAA20_NRT,,
30.48334,72.30975,330.19,0.39,0.59,2026-07-01,735,N20,VIIRS,n,2.0NRT,298.69,1.63,D,VIIRS_NOAA20_NRT,,
30.50084,73.48954,335.02,0.33,0.55,2026-07-01,735,N20,VIIRS,n,2.0NRT,296.59,2.02,D,VIIRS_NOAA20_NRT,,
30.51007,72.41785,330.09,0.38,0.59,2026-07-01,735,N20,VIIRS,n,2.0NRT,298.38,1.83,D,VIIRS_NOAA20_NRT,,
30.51098,72.85204,332.17,0.36,0.57,2026-07-01,735,N20,VIIRS,n,2.0NRT,299.29,2.58,D,VIIRS_NOAA20_NRT,,
30.51929,73.88191,334.49,0.62,0.54,2026-07-01,735,N20,VIIRS,n,2.0NRT,294.85,5.97,D,VIIRS_NOAA20_NRT,,
30.52278,73.88218,330.74,0.63,0.54,2026-07-01,735,N20,VIIRS,n,2.0NRT,295.5,3.53,D,VIIRS_NOAA20_NRT,,
30.52611,73.55283,332.03,0.33,0.55,2026-07-01,735,N20,VIIRS,n,2.0NRT,297.68,2.28,D,VIIRS_NOAA20_NRT,,
30.52785,72.1894,352.82,0.39,0.59,2026-07-01,735,N20,VIIRS,n,2.0NRT,298.63,6.14,D,VIIRS_NOAA20_NRT,,
30.54889,72.75769,340.9,0.36,0.58,2026-07-01,735,N20,VIIRS,n,2.0NRT,299.19,3.31,D,VIIRS_NOAA20_NRT,,
30.5495,73.8115,336.05,0.63,0.54,2026-07-01,735,N20,VIIRS,n,2.0NRT,295.12,5.5,D,VIIRS_NOAA20_NRT,,
30.5677,71.92527,340.21,0.41,0.6,2026-07-01,735,N20,VIIRS,n,2.0NRT,297.85,3.1,D,VIIRS_NOAA20_NRT,,
30.56837,71.95147,345.02,0.4,0.6,2026-07-01,735,N20,VIIRS,n,2.0NRT,297.66,5.21,D,VIIRS_NOAA20_NRT,,
30.57917,72.86141,336.69,0.36,0.57,2026-07-01,735,N20,VIIRS,n,2.0NRT,299.13,2.46,D,VIIRS_NOAA20_NRT,,
30.58986,72.74324,342.2,0.36,0.58,2026-07-01,735,N20,VIIRS,n,2.0NRT,298.81,3.14,D,VIIRS_NOAA20_NRT,,
30.58991,72.74442,345.16,0.36,0.58,2026-07-01,735,N20,VIIRS,n,2.0NRT,299.12,3.7,D,VIIRS_NOAA20_NRT,,
30.59144,73.40385,335.02,0.33,0.55,2026-07-01,735,N20,VIIRS,n,2.0NRT,297.66,1.62,D,VIIRS_NOAA20_NRT,,
30.6134,73.81903,342.0,0.63,0.54,2026-07-01,735,N20,VIIRS,n,2.0NRT,295.26,6.48,D,VIIRS_NOAA20_NRT,,
30.61505,73.81803,342.96,0.63,0.54,2026-07-01,735,N20,VIIRS,n,2.0NRT,295.21,10.4,D,VIIRS_NOAA20_NRT,,
30.61746,72.05737,332.03,0.4,0.6,2026-07-01,735,N20,VIIRS,n,2.0NRT,297.07,1.84,D,VIIRS_NOAA20_NRT,,
30.61823,73.81752,331.83,0.63,0.54,2026-07-01,735,N20,VIIRS,n,2.0NRT,294.96,6.48,D,VIIRS_NOAA20_NRT,,
30.62312,73.65234,332.18,0.32,0.55,2026-07-01,735,N20,VIIRS,n,2.0NRT,296.16,2.45,D,VIIRS_NOAA20_NRT,,
30.62411,73.23271,340.37,0.34,0.56,2026-07-01,735,N20,VIIRS,n,2.0NRT,297.21,3.58,D,VIIRS_NOAA20_NRT,,
30.62492,73.23614,344.73,0.34,0.56,2026-07-01,735,N20,VIIRS,n,2.0NRT,296.48,3.58,D,VIIRS_NOAA20_NRT,,
30.64071,73.61547,336.58,0.32,0.55,2026-07-01,735,N20,VIIRS,n,2.0NRT,295.27,2.21,D,VIIRS_NOAA20_NRT,,
30.64075,73.66074,330.25,0.32,0.55,2026-07-01,735,N20,VIIRS,n,2.0NRT,294.98,1.94,D,VIIRS_NOAA20_NRT,,
30.64092,72.98397,333.76,0.35,0.57,2026-07-01,735,N20,VIIRS,n,2.0NRT,298.79,3.05,D,VIIRS_NOAA20_NRT,,
30.64238,72.98209,337.11,0.35,0.57,2026-07-01,735,N20,VIIRS,n,2.0NRT,298.42,2.58,D,VIIRS_NOAA20_NRT,,
30.65014,73.90179,334.56,0.62,0.54,2026-07-01,735,N20,VIIRS,n,2.0NRT,294.79,10.49,D,VIIRS_NOAA20_NRT,,
30.6516,73.90807,343.21,0.62,0.54,2026-07-01,735,N20,VIIRS,n,2.0NRT,295.36,15.0,D,VIIRS_NOAA20_NRT,,
30.66175,73.6159,335.11,0.32,0.55,2026-07-01,735,N20,VIIRS,n,2.0NRT,295.39,1.76,D,VIIRS_NOAA20_NRT,,
30.70554,73.0189,331.0,0.35,0.57,2026-07-01,735,N20,VIIRS,n,2.0NRT,298.15,1.48,D,VIIRS_NOAA20_NRT,,
30.7203,73.89366,334.2,0.62,0.54,2026-07-01,735,N20,VIIRS,n,2.0NRT,294.87,4.42,D,VIIRS_NOAA20_NRT,,
30.72269,73.18158,331.81,0.34,0.56,2026-07-01,735,N20,VIIRS,n,2.0NRT,297.09,2.03,D,VIIRS_NOAA20_NRT,,
30.72496,73.95895,344.14,0.61,0.54,2026-07-01,735,N20,VIIRS,n,2.0NRT,294.47,7.27,D,VIIRS_NOAA20_NRT,,
30.725,72.91759,331.99,0.35,0.57,2026-07-01,735,N20,VIIRS,n,2.0NRT,298.92,1.91,D,VIIRS_NOAA20_NRT,,
30.72617,72.91667,334.76,0.35,0.57,2026-07-01,735,N20,VIIRS,n,2.0NRT,298.95,2.26,D,VIIRS_NOAA20_NRT,,
30.7354,73.98227,333.26,0.61,0.53,2026-07-01,735,N20,VIIRS,n,2.0NRT,294.13,3.79,D,VIIRS_NOAA20_NRT,,
30.76093,74.02725,331.03,0.61,0.53,2026-07-01,735,N20,VIIRS,n,2.0NRT,293.67,4.12,D,VIIRS_NOAA20_NRT,,
30.76464,73.10895,337.49,0.34,0.56,2026-07-01,735,N20,VIIRS,n,2.0NRT,297.46,1.69,D,VIIRS_NOAA20_NRT,,
30.78524,74.24631,330.54,0.59,0.53,2026-07-01,735,N20,VIIRS,n,2.0NRT,290.96,4.61,D,VIIRS_NOAA20_NRT,,
30.78583,74.18211,339.51,0.59,0.53,2026-07-01,735,N20,VIIRS,n,2.0NRT,293.35,11.88,D,VIIRS_NOAA20_NRT,,
30.80692,73.38047,332.66,0.33,0.55,2026-07-01,735,N20,VIIRS,n,2.0NRT,297.16,1.3,D,VIIRS_NOAA20_NRT,,
30.8442,73.40443,336.49,0.33,0.55,2026-07-01,735,N20,VIIRS,n,2.0NRT,297.26,4.7,D,VIIRS_NOAA20_NRT,,
30.84428,73.40697,367.0,0.33,0.55,2026-07-01,735,N20,VIIRS,h,2.0NRT,297.82,6.84,D,VIIRS_NOAA20_NRT,,
30.84497,73.40774,350.61,0.33,0.55,2026-07-01,735,N20,VIIRS,n,2.0NRT,297.33,5.45,D,VIIRS_NOAA20_NRT,,
30.84827,72.66844,334.45,0.36,0.57,2026-07-01,735,N20,VIIRS,n,2.0NRT,298.46,3.61,D,VIIRS_NOAA20_NRT,,
30.85569,73.41051,347.38,0.33,0.55,2026-07-01,735,N20,VIIRS,n,2.0NRT,298.0,4.47,D,VIIRS_NOAA20_NRT,,
30.85634,73.41128,349.82,0.33,0.55,2026-07-01,735,N20,VIIRS,n,2.0NRT,297.77,4.89,D,VIIRS_NOAA20_NRT,,
30.89615,75.30843,334.0,0.51,0.49,2026-07-01,735,N20,VIIRS,n,2.0NRT,288.65,5.48,D,VIIRS_NOAA20_NRT,,
31.00531,73.44112,331.37,0.32,0.55,2026-07-01,735,N20,VIIRS,n,2.0NRT,296.68,2.2,D,VIIRS_NOAA20_NRT,,
31.01761,73.49341,348.17,0.32,0.55,2026-07-01,735,N20,VIIRS,n,2.0NRT,296.91,4.06,D,VIIRS_NOAA20_NRT,,
31.0487,73.46964,334.9,0.32,0.55,2026-07-01,735,N20,VIIRS,n,2.0NRT,296.85,1.77,D,VIIRS_NOAA20_NRT,,
31.04946,73.35993,330.12,0.33,0.55,2026-07-01,735,N20,VIIRS,n,2.0NRT,297.2,1.25,D,VIIRS_NOAA20_NRT,,
31.07493,72.75924,333.49,0.35,0.57,2026-07-01,735,N20,VIIRS,n,2.0NRT,298.11,4.23,D,VIIRS_NOAA20_NRT,,
31.07579,72.76283,342.91,0.35,0.57,2026-07-01,735,N20,VIIRS,n,2.0NRT,297.89,4.03,D,VIIRS_NOAA20_NRT,,
31.08286,73.57188,330.4,0.63,0.54,2026-07-01,735,N20,VIIRS,n,2.0NRT,295.79,4.01,D,VIIRS_NOAA20_NRT,,
31.09259,73.3205,331.83,0.33,0.55,2026-07-01,735,N20,VIIRS,n,2.0NRT,296.65,1.84,D,VIIRS_NOAA20_NRT,,
31.16303,73.94321,332.82,0.6,0.53,2026-07-01,735,N20,VIIRS,n,2.0NRT,291.2,2.77,D,VIIRS_NOAA20_NRT,,
31.2486,72.69731,330.46,0.35,0.57,2026-07-01,735,N20,VIIRS,n,2.0NRT,297.56,0.5,D,VIIRS_NOAA20_NRT,,
31.25349,72.67245,335.55,0.35,0.57,2026-07-01,735,N20,VIIRS,n,2.0NRT,298.66,3.14,D,VIIRS_NOAA20_NRT,,
31.26724,75.55724,338.6,0.48,0.48,2026-07-01,735,N20,VIIRS,n,2.0NRT,291.57,4.42,D,VIIRS_NOAA20_NRT,,
31.33757,72.67559,330.69,0.35,0.57,2026-07-01,735,N20,VIIRS,n,2.0NRT,299.09,2.05,D,VIIRS_NOAA20_NRT,,
31.34715,72.71481,330.05,0.35,0.57,2026-07-01,735,N20,VIIRS,n,2.0NRT,298.15,1.23,D,VIIRS_NOAA20_NRT,,
31.34988,72.71049,331.5,0.35,0.57,2026-07-01,735,N20,VIIRS,n,2.0NRT,299.4,1.81,D,VIIRS_NOAA20_NRT,,
31.35073,72.71405,339.15,0.35,0.57,2026-07-01,735,N20,VIIRS,n,2.0NRT,298.38,1.81,D,VIIRS_NOAA20_NRT,,
31.35219,72.71316,330.44,0.35,0.57,2026-07-01,735,N20,VIIRS,n,2.0NRT,297.65,2.01,D,VIIRS_NOAA20_NRT,,
31.39474,75.61634,339.5,0.48,0.48,2026-07-01,735,N20,VIIRS,n,2.0NRT,290.15,4.31,D,VIIRS_NOAA20_NRT,,
31.40934,72.67921,330.94,0.35,0.57,2026-07-01,735,N20,VIIRS,n,2.0NRT,297.88,1.77,D,VIIRS_NOAA20_NRT,,
31.48815,72.72662,367.0,0.35,0.56,2026-07-01,735,N20,VIIRS,h,2.0NRT,297.78,6.71,D,VIIRS_NOAA20_NRT,,
31.49864,75.45821,341.01,0.48,0.48,2026-07-01,735,N20,VIIRS,n,2.0NRT,292.89,6.98,D,VIIRS_NOAA20_NRT,,
31.49866,74.99388,339.65,0.51,0.5,2026-07-01,735,N20,VIIRS,n,2.0NRT,291.7,5.85,D,VIIRS_NOAA20_NRT,,
31.5809,72.60793,344.93,0.35,0.57,2026-07-01,735,N20,VIIRS,n,2.0NRT,298.48,5.83,D,VIIRS_NOAA20_NRT,,
31.7444,73.13589,343.38,0.32,0.55,2026-07-01,735,N20,VIIRS,n,2.0NRT,296.99,3.72,D,VIIRS_NOAA20_NRT,,
31.77884,72.88033,330.92,0.33,0.56,2026-07-01,735,N20,VIIRS,n,2.0NRT,296.92,2.54,D,VIIRS_NOAA20_NRT,,
31.80043,73.1265,339.03,0.32,0.55,2026-07-01,735,N20,VIIRS,n,2.0NRT,296.3,3.19,D,VIIRS_NOAA20_NRT,,
32.41177,72.97218,347.37,0.32,0.55,2026-07-01,735,N20,VIIRS,n,2.0NRT,297.49,4.68,D,VIIRS_NOAA20_NRT,,
32.41265,72.97173,349.53,0.32,0.54,2026-07-01,735,N20,VIIRS,n,2.0NRT,297.53,5.61,D,VIIRS_NOAA20_NRT,,
33.01288,71.39244,339.94,0.38,0.59,2026-07-01,735,N20,VIIRS,n,2.0NRT,302.76,4.87,D,VIIRS_NOAA20_NRT,,
33.01601,71.39149,338.27,0.38,0.59,2026-07-01,735,N20,VIIRS,n,2.0NRT,302.41,4.43,D,VIIRS_NOAA20_NRT,,
33.84798,72.37122,336.0,0.32,0.55,2026-07-01,735,N20,VIIRS,n,2.0NRT,298.95,2.68,D,VIIRS_NOAA20_NRT,,
34.43274,71.74948,331.96,0.34,0.56,2026-07-01,735,N20,VIIRS,n,2.0NRT,297.23,5.08,D,VIIRS_NOAA20_NRT,,
34.43616,71.74818,339.56,0.33,0.56,2026-07-01,735,N20,VIIRS,n,2.0NRT,297.73,5.12,D,VIIRS_NOAA20_NRT,,
34.48809,71.95723,348.47,0.32,0.55,2026-07-01,735,N20,VIIRS,n,2.0NRT,297.16,5.74,D,VIIRS_NOAA20_NRT,,
34.48838,71.95776,348.55,0.33,0.55,2026-07-01,735,N20,VIIRS,n,2.0NRT,296.77,5.2,D,VIIRS_NOAA20_NRT,,
34.49369,71.95845,335.95,0.32,0.55,2026-07-01,735,N20,VIIRS,n,2.0NRT,295.87,5.95,D,VIIRS_NOAA20_NRT,,
34.49398,71.95905,337.89,0.33,0.55,2026-07-01,735,N20,VIIRS,n,2.0NRT,295.88,2.53,D,VIIRS_NOAA20_NRT,,
34.70192,72.77586,341.8,0.58,0.52,2026-07-01,735,N20,VIIRS,n,2.0NRT,295.98,7.75,D,VIIRS_NOAA20_NRT,,
34.702,72.77441,338.21,0.58,0.52,2026-07-01,735,N20,VIIRS,n,2.0NRT,293.88,33.88,D,VIIRS_NOAA20_NRT,,
34.703,72.78049,350.18,0.58,0.52,2026-07-01,735,N20,VIIRS,n,2.0NRT,298.22,37.22,D,VIIRS_NOAA20_NRT,,
34.70321,72.77949,337.9,0.58,0.52,2026-07-01,735,N20,VIIRS,n,2.0NRT,300.86,33.88,D,VIIRS_NOAA20_NRT,,
34.70385,72.7841,367.0,0.58,0.52,2026-07-01,735,N20,VIIRS,h,2.0NRT,295.94,37.22,D,VIIRS_NOAA20_NRT,,
34.7041,72.78326,367.0,0.58,0.52,2026-07-01,735,N20,VIIRS,h,2.0NRT,297.07,36.15,D,VIIRS_NOAA20_NRT,,
34.70466,72.78754,345.29,0.58,0.52,2026-07-01,735,N20,VIIRS,n,2.0NRT,293.79,11.79,D,VIIRS_NOAA20_NRT,,
34.70493,72.78673,347.07,0.58,0.52,2026-07-01,735,N20,VIIRS,n,2.0NRT,294.94,36.15,D,VIIRS_NOAA20_NRT,,
22.92818,70.10846,332.65,0.39,0.59,2026-07-01,913,N20,VIIRS,n,2.0NRT,297.02,7.05,D,VIIRS_NOAA20_NRT,,
23.44982,70.51624,333.19,0.42,0.61,2026-07-01,913,N20,VIIRS,n,2.0NRT,291.61,5.15,D,VIIRS_NOAA20_NRT,,
23.64885,68.5616,340.04,0.63,0.54,2026-07-01,913,N20,VIIRS,n,2.0NRT,291.43,6.25,D,VIIRS_NOAA20_NRT,,
23.65387,68.56112,339.9,0.63,0.54,2026-07-01,913,N20,VIIRS,n,2.0NRT,292.24,6.25,D,VIIRS_NOAA20_NRT,,
23.73019,68.61693,345.3,0.32,0.55,2026-07-01,913,N20,VIIRS,n,2.0NRT,297.27,3.6,D,VIIRS_NOAA20_NRT,,
24.93916,68.49332,341.71,0.32,0.55,2026-07-01,913,N20,VIIRS,n,2.0NRT,291.81,1.83,D,VIIRS_NOAA20_NRT,,
24.9696,68.23235,339.91,0.62,0.54,2026-07-01,913,N20,VIIRS,n,2.0NRT,297.71,7.6,D,VIIRS_NOAA20_NRT,,
24.97024,68.23123,337.52,0.62,0.54,2026-07-01,913,N20,VIIRS,n,2.0NRT,297.6,6.07,D,VIIRS_NOAA20_NRT,,
25.0121,68.04041,332.03,0.61,0.53,2026-07-01,913,N20,VIIRS,n,2.0NRT,297.34,4.41,D,VIIRS_NOAA20_NRT,,
27.42274,72.41655,338.51,0.61,0.71,2026-07-01,915,N20,VIIRS,n,2.0NRT,294.94,4.96,D,VIIRS_NOAA20_NRT,,
27.42309,72.42276,336.38,0.61,0.71,2026-07-01,915,N20,VIIRS,n,2.0NRT,294.82,4.96,D,VIIRS_NOAA20_NRT,,
27.51513,72.44025,336.99,0.61,0.71,2026-07-01,915,N20,VIIRS,n,2.0NRT,296.9,5.95,D,VIIRS_NOAA20_NRT,,
27.51671,72.44265,340.09,0.61,0.71,2026-07-01,915,N20,VIIRS,n,2.0NRT,296.92,4.74,D,VIIRS_NOAA20_NRT,,
27.52206,72.44605,341.6,0.61,0.71,2026-07-01,915,N20,VIIRS,n,2.0NRT,297.56,6.17,D,VIIRS_NOAA20_NRT,,
27.52759,72.42693,335.72,0.61,0.71,2026-07-01,915,N20,VIIRS,n,2.0NRT,295.9,4.11,D,VIIRS_NOAA20_NRT,,
27.66374,68.81676,330.13,0.36,0.58,2026-07-01,915,N20,VIIRS,l,2.0NRT,304.1,3.53,D,VIIRS_NOAA20_NRT,,
27.85612,68.73109,335.76,0.36,0.58,2026-07-01,915,N20,VIIRS,n,2.0NRT,300.23,2.43,D,VIIRS_NOAA20_NRT,,
27.85763,68.73179,334.8,0.36,0.57,2026-07-01,915,N20,VIIRS,n,2.0NRT,300.92,2.76,D,VIIRS_NOAA20_NRT,,
28.49715,68.46835,336.83,0.35,0.57,2026-07-01,915,N20,VIIRS,n,2.0NRT,300.03,2.83,D,VIIRS_NOAA20_NRT,,
29.45334,71.5965,337.17,0.56,0.69,2026-07-01,915,N20,VIIRS,n,2.0NRT,295.59,4.42,D,VIIRS_NOAA20_NRT,,
29.61388,72.04879,334.48,0.6,0.71,2026-07-01,915,N20,VIIRS,n,2.0NRT,297.44,6.48,D,VIIRS_NOAA20_NRT,,
29.63835,71.62921,331.55,0.57,0.69,2026-07-01,915,N20,VIIRS,n,2.0NRT,295.45,5.57,D,VIIRS_NOAA20_NRT,,
29.63984,72.2983,347.81,0.62,0.72,2026-07-01,915,N20,VIIRS,n,2.0NRT,298.33,8.42,D,VIIRS_NOAA20_NRT,,
29.67929,72.0575,333.57,0.6,0.71,2026-07-01,915,N20,VIIRS,n,2.0NRT,297.87,3.11,D,VIIRS_NOAA20_NRT,,
29.6801,72.0578,333.33,0.6,0.71,2026-07-01,915,N20,VIIRS,n,2.0NRT,297.62,2.35,D,VIIRS_NOAA20_NRT,,
29.78419,71.93194,331.62,0.59,0.7,2026-07-01,915,N20,VIIRS,n,2.0NRT,297.43,2.86,D,VIIRS_NOAA20_NRT,,
29.90083,72.15814,339.48,0.61,0.71,2026-07-01,915,N20,VIIRS,n,2.0NRT,296.93,4.39,D,VIIRS_NOAA20_NRT,,
29.90584,72.15768,337.51,0.61,0.71,2026-07-01,915,N20,VIIRS,n,2.0NRT,297.36,4.1,D,VIIRS_NOAA20_NRT,,
29.9155,72.50903,346.44,0.64,0.72,2026-07-01,915,N20,VIIRS,n,2.0NRT,297.15,5.93,D,VIIRS_NOAA20_NRT,,
29.91581,72.51581,332.3,0.64,0.72,2026-07-01,915,N20,VIIRS,n,2.0NRT,296.43,5.93,D,VIIRS_NOAA20_NRT,,
29.91921,72.50857,350.5,0.64,0.72,2026-07-01,915,N20,VIIRS,n,2.0NRT,297.36,12.49,D,VIIRS_NOAA20_NRT,,
29.91956,72.51535,337.83,0.64,0.72,2026-07-01,915,N20,VIIRS,n,2.0NRT,296.55,11.3,D,VIIRS_NOAA20_NRT,,
29.9251,72.62479,340.42,0.65,0.73,2026-07-01,915,N20,VIIRS,n,2.0NRT,297.41,6.14,D,VIIRS_NOAA20_NRT,,
29.92746,72.62507,333.27,0.65,0.73,2026-07-01,915,N20,VIIRS,n,2.0NRT,297.99,5.53,D,VIIRS_NOAA20_NRT,,
29.96154,72.34509,331.58,0.63,0.72,2026-07-01,915,N20,VIIRS,n,2.0NRT,296.49,4.92,D,VIIRS_NOAA20_NRT,,
29.96186,72.35172,336.41,0.63,0.72,2026-07-01,915,N20,VIIRS,n,2.0NRT,296.35,4.92,D,VIIRS_NOAA20_NRT,,
30.17644,72.48399,334.83,0.64,0.72,2026-07-01,915,N20,VIIRS,n,2.0NRT,297.02,5.24,D,VIIRS_NOAA20_NRT,,
30.47057,71.71601,349.18,0.58,0.7,2026-07-01,915,N20,VIIRS,n,2.0NRT,294.75,8.67,D,VIIRS_NOAA20_NRT,,
30.47096,71.71264,338.44,0.58,0.7,2026-07-01,915,N20,VIIRS,n,2.0NRT,294.62,9.49,D,VIIRS_NOAA20_NRT,,
34.40586,72.74825,344.11,0.72,0.75,2026-07-01,917,N20,VIIRS,n,2.0NRT,290.18,14.24,D,VIIRS_NOAA20_NRT,,
35.00478,70.54234,338.02,0.54,0.68,2026-07-01,917,N20,VIIRS,n,2.0NRT,299.17,11.45,D,VIIRS_NOAA20_NRT,,
35.00745,70.54492,344.73,0.54,0.68,2026-07-01,917,N20,VIIRS,n,2.0NRT,298.69,8.56,D,VIIRS_NOAA20_NRT,,
35.9923,94.83055,300.68,0.54,0.42,2026-07-01,1955,N20,VIIRS,n,2.0NRT,280.12,1.78,N,VIIRS_NOAA20_NRT,,
29.22305,88.35076,304.62,0.39,0.36,2026-07-01,1957,N20,VIIRS,n,2.0NRT,284.49,1.46,N,VIIRS_NOAA20_NRT,,
29.22568,88.35543,296.01,0.39,0.36,2026-07-01,1957,N20,VIIRS,n,2.0NRT,285.44,0.41,N,VIIRS_NOAA20_NRT,,
29.22634,88.35145,297.14,0.39,0.36,2026-07-01,1957,N20,VIIRS,n,2.0NRT,283.86,0.81,N,VIIRS_NOAA20_NRT,,
29.37565,91.1515,297.7,0.47,0.4,2026-07-01,1957,N20,VIIRS,n,2.0NRT,284.97,1.12,N,VIIRS_NOAA20_NRT,,
23.51131,87.2793,304.65,0.4,0.37,2026-07-01,2000,N20,VIIRS,n,2.0NRT,285.78,1.84,N,VIIRS_NOAA20_NRT,,
23.56109,87.08329,311.2,0.39,0.36,2026-07-01,2000,N20,VIIRS,n,2.0NRT,286.46,2.7,N,VIIRS_NOAA20_NRT,,
25.63103,72.95647,295.71,0.61,0.71,2026-07-01,2000,N20,VIIRS,n,2.0NRT,284.71,4.59,N,VIIRS_NOAA20_NRT,,
25.69533,73.59612,295.66,0.56,0.68,2026-07-01,2000,N20,VIIRS,n,2.0NRT,284.84,6.18,N,VIIRS_NOAA20_NRT,,
25.69569,73.59048,295.69,0.56,0.69,2026-07-01,2000,N20,VIIRS,n,2.0NRT,284.62,6.6,N,VIIRS_NOAA20_NRT,,
25.69715,73.56788,295.26,0.56,0.69,2026-07-01,2000,N20,VIIRS,n,2.0NRT,284.62,4.11,N,VIIRS_NOAA20_NRT,,
25.69752,73.56223,295.39,0.56,0.69,2026-07-01,2000,N20,VIIRS,n,2.0NRT,283.8,4.11,N,VIIRS_NOAA20_NRT,,
25.95712,73.85722,295.48,0.54,0.68,2026-07-01,2000,N20,VIIRS,n,2.0NRT,285.02,4.87,N,VIIRS_NOAA20_NRT,,
26.75963,83.20127,306.19,0.46,0.39,2026-07-01,2000,N20,VIIRS,n,2.0NRT,286.21,1.82,N,VIIRS_NOAA20_NRT,,
27.37477,77.69141,311.66,0.32,0.55,2026-07-01,2000,N20,VIIRS,n,2.0NRT,278.43,1.74,N,VIIRS_NOAA20_NRT,,
29.08441,88.01035,315.75,0.39,0.36,2026-07-01,2000,N20,VIIRS,n,2.0NRT,282.56,1.9,N,VIIRS_NOAA20_NRT,,
30.35615,73.51043,303.33,0.62,0.71,2026-07-01,2000,N20,VIIRS,n,2.0NRT,290.51,0.88,N,VIIRS_NOAA20_NRT,,
20.86311,84.99947,314.62,0.38,0.36,2026-07-01,2002,N20,VIIRS,n,2.0NRT,286.13,2.44,N,VIIRS_NOAA20_NRT,,
20.86368,84.9958,331.75,0.38,0.36,2026-07-01,2002,N20,VIIRS,n,2.0NRT,287.22,3.45,N,VIIRS_NOAA20_NRT,,
20.86426,84.99214,326.5,0.38,0.36,2026-07-01,2002,N20,VIIRS,n,2.0NRT,287.6,3.45,N,VIIRS_NOAA20_NRT,,
20.86483,84.98849,331.77,0.38,0.36,2026-07-01,2002,N20,VIIRS,n,2.0NRT,287.73,3.45,N,VIIRS_NOAA20_NRT,,
20.87026,84.99697,317.44,0.38,0.36,2026-07-01,2002,N20,VIIRS,n,2.0NRT,287.39,1.39,N,VIIRS_NOAA20_NRT,,
20.87083,84.99331,306.84,0.38,0.36,2026-07-01,2002,N20,VIIRS,n,2.0NRT,286.92,1.39,N,VIIRS_NOAA20_NRT,,
20.8864,84.98473,305.7,0.38,0.36,2026-07-01,2002,N20,VIIRS,n,2.0NRT,286.21,1.21,N,VIIRS_NOAA20_NRT,,
20.89027,84.98165,310.09,0.38,0.36,2026-07-01,2002,N20,VIIRS,n,2.0NRT,284.43,1.21,N,VIIRS_NOAA20_NRT,,
20.9509,86.04859,327.51,0.39,0.36,2026-07-01,2002,N20,VIIRS,n,2.0NRT,287.67,3.51,N,VIIRS_NOAA20_NRT,,
20.95151,86.04488,318.72,0.39,0.36,2026-07-01,2002,N20,VIIRS,n,2.0NRT,286.75,2.18,N,VIIRS_NOAA20_NRT,,
20.9565,85.01223,307.05,0.38,0.36,2026-07-01,2002,N20,VIIRS,n,2.0NRT,280.99,1.03,N,VIIRS_NOAA20_NRT,,
20.96194,85.17458,323.72,0.38,0.36,2026-07-01,2002,N20,VIIRS,n,2.0NRT,286.66,3.02,N,VIIRS_NOAA20_NRT,,
20.96251,85.17091,304.75,0.38,0.36,2026-07-01,2002,N20,VIIRS,n,2.0NRT,286.94,1.61,N,VIIRS_NOAA20_NRT,,
20.96291,85.1898,302.04,0.38,0.36,2026-07-01,2002,N20,VIIRS,n,2.0NRT,281.72,0.4,N,VIIRS_NOAA20_NRT,,
20.96309,85.16725,305.63,0.38,0.36,2026-07-01,2002,N20,VIIRS,n,2.0NRT,285.43,1.61,N,VIIRS_NOAA20_NRT,,
20.96349,85.18614,306.31,0.38,0.36,2026-07-01,2002,N20,VIIRS,n,2.0NRT,282.9,1.81,N,VIIRS_NOAA20_NRT,,
20.96522,85.17516,302.3,0.38,0.36,2026-07-01,2002,N20,VIIRS,n,2.0NRT,285.57,1.98,N,VIIRS_NOAA20_NRT,,
20.96638,85.16784,310.1,0.38,0.36,2026-07-01,2002,N20,VIIRS,n,2.0NRT,285.81,2.61,N,VIIRS_NOAA20_NRT,,
20.96685,86.01342,330.95,0.39,0.36,2026-07-01,2002,N20,VIIRS,n,2.0NRT,287.87,5.32,N,VIIRS_NOAA20_NRT,,
20.96746,86.00972,305.8,0.39,0.36,2026-07-01,2002,N20,VIIRS,n,2.0NRT,286.9,2.39,N,VIIRS_NOAA20_NRT,,
20.96851,85.17575,326.94,0.38,0.36,2026-07-01,2002,N20,VIIRS,n,2.0NRT,286.32,1.98,N,VIIRS_NOAA20_NRT,,
20.9718,85.17634,325.12,0.38,0.36,2026-07-01,2002,N20,VIIRS,n,2.0NRT,285.92,2.76,N,VIIRS_NOAA20_NRT,,
20.97196,86.00294,306.14,0.39,0.36,2026-07-01,2002,N20,VIIRS,n,2.0NRT,286.54,1.68,N,VIIRS_NOAA20_NRT,,
20.97467,86.00725,314.11,0.39,0.36,2026-07-01,2002,N20,VIIRS,n,2.0NRT,286.53,1.74,N,VIIRS_NOAA20_NRT,,
20.99779,86.0115,304.47,0.39,0.36,2026-07-01,2002,N20,VIIRS,n,2.0NRT,286.21,1.46,N,VIIRS_NOAA20_NRT,,
21.00199,86.02752,311.54,0.39,0.36,2026-07-01,2002,N20,VIIRS,n,2.0NRT,287.58,2.03,N,VIIRS_NOAA20_NRT,,
22.36424,87.30212,323.04,0.4,0.37,2026-07-01,2002,N20,VIIRS,n,2.0NRT,289.37,4.22,N,VIIRS_NOAA20_NRT,,
22.36545,87.0173,316.91,0.4,0.37,2026-07-01,2002,N20,VIIRS,n,2.0NRT,285.85,1.83,N,VIIRS_NOAA20_NRT,,
22.36827,87.2989,306.44,0.4,0.37,2026-07-01,2002,N20,VIIRS,n,2.0NRT,289.17,2.9,N,VIIRS_NOAA20_NRT,,
22.37828,87.28081,329.79,0.4,0.37,2026-07-01,2002,N20,VIIRS,n,2.0NRT,290.18,3.45,N,VIIRS_NOAA20_NRT,,
22.37894,87.27693,320.52,0.4,0.37,2026-07-01,2002,N20,VIIRS,n,2.0NRT,289.34,3.45,N,VIIRS_NOAA20_NRT,,
22.37967,87.2931,314.26,0.4,0.37,2026-07-01,2002,N20,VIIRS,n,2.0NRT,288.21,2.53,N,VIIRS_NOAA20_NRT,,
22.3877,87.28665,307.27,0.4,0.37,2026-07-01,2002,N20,VIIRS,n,2.0NRT,288.63,2.37,N,VIIRS_NOAA20_NRT,,
9.26995,77.48859,304.95,0.39,0.44,2026-07-01,2004,N20,VIIRS,n,2.0NRT,286.61,1.95,N,VIIRS_NOAA20_NRT,,
12.85186,79.90689,311.48,0.47,0.4,2026-07-01,2004,N20,VIIRS,n,2.0NRT,287.51,3.44,N,VIIRS_NOAA20_NRT,,
35.96863,68.68687,305.95,0.5,0.41,2026-07-01,2138,N20,VIIRS,n,2.0NRT,294.91,1.29,N,VIIRS_NOAA20_NRT,,
27.85446,68.59383,309.62,0.46,0.47,2026-07-01,2140,N20,VIIRS,n,2.0NRT,296.38,3.93,N,VIIRS_NOAA20_NRT,,
30.57819,72.83999,304.33,0.36,0.57,2026-07-01,2140,N20,VIIRS,n,2.0NRT,291.8,0.48,N,VIIRS_NOAA20_NRT,,
22.93231,69.69798,305.08,0.34,0.56,2026-07-01,2142,N20,VIIRS,n,2.0NRT,287.24,1.03,N,VIIRS_NOAA20_NRT,,
23.31352,70.19992,305.97,0.36,0.57,2026-07-01,2142,N20,VIIRS,n,2.0NRT,290.41,0.85,N,VIIRS_NOAA20_NRT,,
25.38899,68.58321,311.54,0.52,0.5,2026-07-01,2142,N20,VIIRS,n,2.0NRT,294.82,4.06,N,VIIRS_NOAA20_NRT,,
10.70363,79.53999,335.15,0.71,0.75,2026-07-02,709,N20,VIIRS,n,2.0NRT,287.95,5.8,D,VIIRS_NOAA20_NRT,,
12.26512,79.76501,328.71,0.64,0.72,2026-07-02,712,N20,VIIRS,n,2.0NRT,284.45,3.89,D,VIIRS_NOAA20_NRT,,
12.26683,79.76511,329.25,0.64,0.72,2026-07-02,712,N20,VIIRS,n,2.0NRT,285.2,6.13,D,VIIRS_NOAA20_NRT,,
13.87018,79.25713,346.79,0.65,0.73,2026-07-02,712,N20,VIIRS,n,2.0NRT,286.38,20.3,D,VIIRS_NOAA20_NRT,,
13.87116,79.26173,346.04,0.65,0.73,2026-07-02,712,N20,VIIRS,n,2.0NRT,285.59,19.65,D,VIIRS_NOAA20_NRT,,
23.80203,86.33035,332.56,0.47,0.4,2026-07-02,714,N20,VIIRS,l,2.0NRT,292.04,6.75,D,VIIRS_NOAA20_NRT,,
23.80359,86.33119,337.1,0.47,0.39,2026-07-02,714,N20,VIIRS,n,2.0NRT,292.37,7.43,D,VIIRS_NOAA20_NRT,,
29.63658,90.98782,343.9,0.43,0.38,2026-07-02,716,N20,VIIRS,l,2.0NRT,317.1,10.16,D,VIIRS_NOAA20_NRT,,
29.95836,72.34368,334.24,0.74,0.76,2026-07-02,716,N20,VIIRS,n,2.0NRT,289.31,9.34,D,VIIRS_NOAA20_NRT,,
29.95931,72.34361,334.11,0.74,0.76,2026-07-02,716,N20,VIIRS,n,2.0NRT,288.84,7.54,D,VIIRS_NOAA20_NRT,,
29.98904,72.8164,332.03,0.7,0.75,2026-07-02,716,N20,VIIRS,n,2.0NRT,288.22,5.65,D,VIIRS_NOAA20_NRT,,
30.39833,73.62175,330.63,0.61,0.71,2026-07-02,716,N20,VIIRS,n,2.0NRT,289.0,3.89,D,VIIRS_NOAA20_NRT,,
30.40175,73.60677,330.35,0.61,0.71,2026-07-02,716,N20,VIIRS,n,2.0NRT,289.48,4.77,D,VIIRS_NOAA20_NRT,,
30.4366,72.82053,333.7,0.68,0.74,2026-07-02,716,N20,VIIRS,n,2.0NRT,289.48,4.46,D,VIIRS_NOAA20_NRT,,
30.45807,73.73992,341.63,0.6,0.71,2026-07-02,716,N20,VIIRS,n,2.0NRT,289.69,7.05,D,VIIRS_NOAA20_NRT,,
30.45937,73.73908,342.43,0.6,0.71,2026-07-02,716,N20,VIIRS,n,2.0NRT,289.74,5.74,D,VIIRS_NOAA20_NRT,,
30.49594,73.67285,335.74,0.61,0.71,2026-07-02,716,N20,VIIRS,n,2.0NRT,289.84,4.77,D,VIIRS_NOAA20_NRT,,
30.70247,74.04727,331.51,0.57,0.69,2026-07-02,716,N20,VIIRS,n,2.0NRT,290.66,3.39,D,VIIRS_NOAA20_NRT,,
30.98688,73.31542,332.38,0.62,0.71,2026-07-02,716,N20,VIIRS,n,2.0NRT,290.03,4.93,D,VIIRS_NOAA20_NRT,,
31.72796,72.68761,333.03,0.64,0.72,2026-07-02,718,N20,VIIRS,n,2.0NRT,290.47,6.8,D,VIIRS_NOAA20_NRT,,
31.955,72.80367,333.83,0.62,0.72,2026-07-02,718,N20,VIIRS,n,2.0NRT,290.72,3.49,D,VIIRS_NOAA20_NRT,,
31.95511,72.80367,331.66,0.62,0.71,2026-07-02,718,N20,VIIRS,n,2.0NRT,290.14,4.72,D,VIIRS_NOAA20_NRT,,
32.51704,71.8285,339.66,0.68,0.74,2026-07-02,718,N20,VIIRS,n,2.0NRT,291.39,7.28,D,VIIRS_NOAA20_NRT,,
34.47663,71.6905,345.69,0.61,0.71,2026-07-02,718,N20,VIIRS,n,2.0NRT,295.29,4.0,D,VIIRS_NOAA20_NRT,,
34.47664,71.68932,351.51,0.61,0.71,2026-07-02,718,N20,VIIRS,n,2.0NRT,295.01,7.69,D,VIIRS_NOAA20_NRT,,
34.58982,72.25412,340.78,0.57,0.69,2026-07-02,718,N20,VIIRS,n,2.0NRT,294.38,8.27,D,VIIRS_NOAA20_NRT,,
8.35761,77.98608,333.36,0.41,0.61,2026-07-02,850,N20,VIIRS,n,2.0NRT,295.94,3.37,D,VIIRS_NOAA20_NRT,,
9.15565,77.60157,331.19,0.4,0.6,2026-07-02,852,N20,VIIRS,n,2.0NRT,296.2,2.16,D,VIIRS_NOAA20_NRT,,
9.27026,77.48821,347.18,0.39,0.59,2026-07-02,852,N20,VIIRS,n,2.0NRT,297.87,5.71,D,VIIRS_NOAA20_NRT,,
9.27574,77.48753,347.04,0.39,0.59,2026-07-02,852,N20,VIIRS,n,2.0NRT,298.48,5.71,D,VIIRS_NOAA20_NRT,,
9.40984,77.97267,337.28,0.42,0.61,2026-07-02,852,N20,VIIRS,n,2.0NRT,298.06,2.47,D,VIIRS_NOAA20_NRT,,
9.60897,78.82198,330.62,0.49,0.65,2026-07-02,852,N20,VIIRS,n,2.0NRT,292.14,2.38,D,VIIRS_NOAA20_NRT,,
9.67618,78.82307,337.48,0.49,0.65,2026-07-02,852,N20,VIIRS,n,2.0NRT,293.07,3.59,D,VIIRS_NOAA20_NRT,,
22.92765,70.10854,333.62,0.39,0.44,2026-07-02,856,N20,VIIRS,n,2.0NRT,297.17,5.18,D,VIIRS_NOAA20_NRT,,
23.39377,70.34814,341.93,0.41,0.45,2026-07-02,856,N20,VIIRS,n,2.0NRT,299.25,6.25,D,VIIRS_NOAA20_NRT,,
23.79761,69.5155,331.7,0.56,0.43,2026-07-02,856,N20,VIIRS,n,2.0NRT,297.59,3.04,D,VIIRS_NOAA20_NRT,,
24.1014,73.98863,335.5,0.35,0.57,2026-07-02,856,N20,VIIRS,n,2.0NRT,292.9,3.34,D,VIIRS_NOAA20_NRT,,
24.95835,68.15278,345.59,0.49,0.4,2026-07-02,856,N20,VIIRS,n,2.0NRT,298.15,10.94,D,VIIRS_NOAA20_NRT,,
24.96205,68.15222,348.06,0.49,0.4,2026-07-02,856,N20,VIIRS,n,2.0NRT,299.5,10.94,D,VIIRS_NOAA20_NRT,,
25.42842,68.34177,334.87,0.51,0.41,2026-07-02,856,N20,VIIRS,n,2.0NRT,302.29,2.19,D,VIIRS_NOAA20_NRT,,
26.09226,68.88078,332.13,0.55,0.43,2026-07-02,856,N20,VIIRS,l,2.0NRT,305.15,4.19,D,VIIRS_NOAA20_NRT,,
27.41742,68.02526,341.96,0.51,0.41,2026-07-02,856,N20,VIIRS,n,2.0NRT,309.58,9.27,D,VIIRS_NOAA20_NRT,,
27.47868,68.02138,339.66,0.51,0.41,2026-07-02,856,N20,VIIRS,n,2.0NRT,309.62,8.86,D,VIIRS_NOAA20_NRT,,
27.63952,68.14754,337.02,0.52,0.42,2026-07-02,856,N20,VIIRS,n,2.0NRT,306.47,4.98,D,VIIRS_NOAA20_NRT,,
27.64659,68.10879,340.74,0.52,0.42,2026-07-02,856,N20,VIIRS,n,2.0NRT,308.91,8.06,D,VIIRS_NOAA20_NRT,,
27.67331,68.13712,336.75,0.52,0.42,2026-07-02,856,N20,VIIRS,n,2.0NRT,306.29,5.37,D,VIIRS_NOAA20_NRT,,
27.68478,68.13542,338.23,0.52,0.42,2026-07-02,856,N20,VIIRS,n,2.0NRT,307.71,5.94,D,VIIRS_NOAA20_NRT,,
27.70434,68.04847,338.09,0.52,0.41,2026-07-02,856,N20,VIIRS,l,2.0NRT,308.16,10.97,D,VIIRS_NOAA20_NRT,,
27.80025,68.104,342.54,0.52,0.42,2026-07-02,856,N20,VIIRS,n,2.0NRT,308.43,12.16,D,VIIRS_NOAA20_NRT,,
27.96926,68.54952,339.86,0.55,0.43,2026-07-02,856,N20,VIIRS,n,2.0NRT,307.99,10.5,D,VIIRS_NOAA20_NRT,,
28.4888,68.0502,339.45,0.53,0.42,2026-07-02,856,N20,VIIRS,n,2.0NRT,307.47,7.63,D,VIIRS_NOAA20_NRT,,
28.8141,70.27599,331.53,0.47,0.48,2026-07-02,856,N20,VIIRS,l,2.0NRT,306.17,8.67,D,VIIRS_NOAA20_NRT,,
29.21251,72.51639,367.0,0.33,0.55,2026-07-02,856,N20,VIIRS,h,2.0NRT,297.45,9.27,D,VIIRS_NOAA20_NRT,,
29.44067,71.76998,338.02,0.59,0.53,2026-07-02,856,N20,VIIRS,n,2.0NRT,296.47,3.01,D,VIIRS_NOAA20_NRT,,
29.5286,71.84043,337.19,0.6,0.53,2026-07-02,856,N20,VIIRS,n,2.0NRT,296.38,6.82,D,VIIRS_NOAA20_NRT,,
29.55524,71.80617,346.53,0.6,0.53,2026-07-02,856,N20,VIIRS,n,2.0NRT,296.72,13.57,D,VIIRS_NOAA20_NRT,,
29.59237,72.29239,330.82,0.32,0.55,2026-07-02,856,N20,VIIRS,n,2.0NRT,295.09,2.49,D,VIIRS_NOAA20_NRT,,
29.61928,72.30972,332.97,0.32,0.55,2026-07-02,856,N20,VIIRS,n,2.0NRT,296.21,2.19,D,VIIRS_NOAA20_NRT,,
29.62231,72.28591,332.11,0.32,0.54,2026-07-02,856,N20,VIIRS,n,2.0NRT,294.29,1.8,D,VIIRS_NOAA20_NRT,,
29.63645,72.3315,336.78,0.32,0.55,2026-07-02,856,N20,VIIRS,n,2.0NRT,295.29,1.94,D,VIIRS_NOAA20_NRT,,
29.64035,72.32952,334.07,0.32,0.55,2026-07-02,856,N20,VIIRS,n,2.0NRT,295.1,2.52,D,VIIRS_NOAA20_NRT,,
29.66604,72.39472,332.25,0.32,0.55,2026-07-02,856,N20,VIIRS,n,2.0NRT,294.55,3.94,D,VIIRS_NOAA20_NRT,,
29.67139,72.39757,367.0,0.32,0.55,2026-07-02,856,N20,VIIRS,h,2.0NRT,295.02,6.84,D,VIIRS_NOAA20_NRT,,
29.67426,71.72881,330.42,0.59,0.53,2026-07-02,856,N20,VIIRS,n,2.0NRT,292.61,6.35,D,VIIRS_NOAA20_NRT,,
29.67481,71.73494,331.63,0.59,0.53,2026-07-02,856,N20,VIIRS,n,2.0NRT,295.14,9.65,D,VIIRS_NOAA20_NRT,,
29.70802,72.34615,330.48,0.32,0.55,2026-07-02,856,N20,VIIRS,n,2.0NRT,294.14,3.49,D,VIIRS_NOAA20_NRT,,
29.73389,72.05045,330.13,0.62,0.54,2026-07-02,856,N20,VIIRS,n,2.0NRT,293.22,5.09,D,VIIRS_NOAA20_NRT,,
29.74503,72.00377,338.75,0.62,0.54,2026-07-02,856,N20,VIIRS,n,2.0NRT,295.2,7.41,D,VIIRS_NOAA20_NRT,,
29.76974,72.36478,336.34,0.32,0.55,2026-07-02,856,N20,VIIRS,n,2.0NRT,293.3,4.63,D,VIIRS_NOAA20_NRT,,
29.78044,72.65424,330.07,0.34,0.56,2026-07-02,856,N20,VIIRS,n,2.0NRT,293.95,1.74,D,VIIRS_NOAA20_NRT,,
29.78261,72.72343,331.88,0.34,0.56,2026-07-02,856,N20,VIIRS,n,2.0NRT,295.39,2.63,D,VIIRS_NOAA20_NRT,,
29.78528,72.49384,340.31,0.33,0.55,2026-07-02,856,N20,VIIRS,n,2.0NRT,293.12,3.7,D,VIIRS_NOAA20_NRT,,
29.79317,72.52782,341.76,0.33,0.55,2026-07-02,856,N20,VIIRS,n,2.0NRT,293.81,3.4,D,VIIRS_NOAA20_NRT,,
29.80777,72.3916,332.94,0.33,0.55,2026-07-02,856,N20,VIIRS,n,2.0NRT,293.62,1.68,D,VIIRS_NOAA20_NRT,,
29.83768,72.38171,341.76,0.33,0.55,2026-07-02,856,N20,VIIRS,n,2.0NRT,293.49,2.96,D,VIIRS_NOAA20_NRT,,
29.84395,72.70655,345.71,0.34,0.56,2026-07-02,856,N20,VIIRS,n,2.0NRT,293.62,3.59,D,VIIRS_NOAA20_NRT,,
29.86337,72.38248,332.79,0.33,0.55,2026-07-02,856,N20,VIIRS,n,2.0NRT,289.87,2.61,D,VIIRS_NOAA20_NRT,,
29.86366,72.38589,348.31,0.33,0.55,2026-07-02,856,N20,VIIRS,n,2.0NRT,289.37,2.61,D,VIIRS_NOAA20_NRT,,
29.87451,72.41425,331.08,0.33,0.55,2026-07-02,856,N20,VIIRS,n,2.0NRT,294.2,2.86,D,VIIRS_NOAA20_NRT,,
29.87796,72.26732,352.67,0.32,0.55,2026-07-02,856,N20,VIIRS,n,2.0NRT,294.74,5.45,D,VIIRS_NOAA20_NRT,,
29.89918,71.38105,336.83,0.57,0.52,2026-07-02,856,N20,VIIRS,n,2.0NRT,296.18,3.08,D,VIIRS_NOAA20_NRT,,
29.90472,72.16233,338.37,0.63,0.54,2026-07-02,856,N20,VIIRS,n,2.0NRT,294.3,5.6,D,VIIRS_NOAA20_NRT,,
29.9064,72.18215,332.35,0.63,0.54,2026-07-02,856,N20,VIIRS,n,2.0NRT,294.26,4.69,D,VIIRS_NOAA20_NRT,,
29.90711,72.31168,330.49,0.32,0.55,2026-07-02,856,N20,VIIRS,n,2.0NRT,293.74,1.83,D,VIIRS_NOAA20_NRT,,
29.92003,72.28322,335.05,0.32,0.55,2026-07-02,856,N20,VIIRS,n,2.0NRT,293.92,4.26,D,VIIRS_NOAA20_NRT,,
29.92031,72.28657,349.25,0.32,0.55,2026-07-02,856,N20,VIIRS,n,2.0NRT,294.04,5.56,D,VIIRS_NOAA20_NRT,,
29.92034,71.45668,333.65,0.57,0.52,2026-07-02,856,N20,VIIRS,n,2.0NRT,296.87,1.64,D,VIIRS_NOAA20_NRT,,
29.92087,71.46267,330.76,0.57,0.52,2026-07-02,856,N20,VIIRS,n,2.0NRT,296.63,2.98,D,VIIRS_NOAA20_NRT,,
29.92427,72.33372,331.3,0.32,0.55,2026-07-02,856,N20,VIIRS,n,2.0NRT,293.96,1.67,D,VIIRS_NOAA20_NRT,,
29.94139,72.60303,337.96,0.34,0.56,2026-07-02,856,N20,VIIRS,n,2.0NRT,291.04,1.85,D,VIIRS_NOAA20_NRT,,
29.95553,72.46129,331.24,0.33,0.55,2026-07-02,856,N20,VIIRS,n,2.0NRT,294.42,1.43,D,VIIRS_NOAA20_NRT,,
29.95969,72.57292,341.71,0.34,0.56,2026-07-02,856,N20,VIIRS,n,2.0NRT,293.98,3.1,D,VIIRS_NOAA20_NRT,,
29.97145,72.46664,339.7,0.33,0.55,2026-07-02,856,N20,VIIRS,n,2.0NRT,294.54,3.42,D,VIIRS_NOAA20_NRT,,
29.97441,72.46613,339.64,0.33,0.55,2026-07-02,856,N20,VIIRS,n,2.0NRT,294.92,2.65,D,VIIRS_NOAA20_NRT,,
29.97689,72.59241,331.46,0.34,0.56,2026-07-02,856,N20,VIIRS,n,2.0NRT,293.7,2.81,D,VIIRS_NOAA20_NRT,,
29.97735,71.94406,332.91,0.61,0.54,2026-07-02,856,N20,VIIRS,n,2.0NRT,295.29,2.6,D,VIIRS_NOAA20_NRT,,
29.97978,72.75327,337.97,0.34,0.56,2026-07-02,856,N20,VIIRS,n,2.0NRT,292.37,2.08,D,VIIRS_NOAA20_NRT,,
29.98067,71.86652,331.02,0.61,0.53,2026-07-02,856,N20,VIIRS,n,2.0NRT,296.23,4.16,D,VIIRS_NOAA20_NRT,,
29.9903,72.47147,333.96,0.33,0.55,2026-07-02,856,N20,VIIRS,n,2.0NRT,294.14,3.18,D,VIIRS_NOAA20_NRT,,
29.99514,72.46748,356.28,0.33,0.55,2026-07-02,856,N20,VIIRS,n,2.0NRT,295.91,14.42,D,VIIRS_NOAA20_NRT,,
29.99541,72.47093,337.37,0.33,0.55,2026-07-02,856,N20,VIIRS,n,2.0NRT,293.97,8.5,D,VIIRS_NOAA20_NRT,,
30.00608,72.7399,332.12,0.34,0.56,2026-07-02,856,N20,VIIRS,n,2.0NRT,293.14,1.04,D,VIIRS_NOAA20_NRT,,
30.02748,72.54836,337.5,0.33,0.56,2026-07-02,856,N20,VIIRS,n,2.0NRT,294.42,2.24,D,VIIRS_NOAA20_NRT,,
30.03002,72.57991,334.67,0.34,0.56,2026-07-02,856,N20,VIIRS,n,2.0NRT,295.04,2.28,D,VIIRS_NOAA20_NRT,,
30.04368,73.02452,346.2,0.36,0.57,2026-07-02,856,N20,VIIRS,n,2.0NRT,294.14,3.2,D,VIIRS_NOAA20_NRT,,
30.04397,73.02826,334.06,0.36,0.57,2026-07-02,856,N20,VIIRS,n,2.0NRT,293.71,3.2,D,VIIRS_NOAA20_NRT,,
30.02267,71.46732,334.4,0.58,0.52,2026-07-02,858,N20,VIIRS,n,2.0NRT,297.24,2.6,D,VIIRS_NOAA20_NRT,,
30.04139,71.45913,334.37,0.58,0.52,2026-07-02,858,N20,VIIRS,n,2.0NRT,296.46,2.46,D,VIIRS_NOAA20_NRT,,
30.06631,72.27445,331.93,0.32,0.55,2026-07-02,858,N20,VIIRS,n,2.0NRT,294.75,1.55,D,VIIRS_NOAA20_NRT,,
30.07561,71.46136,330.06,0.58,0.52,2026-07-02,858,N20,VIIRS,n,2.0NRT,296.89,2.34,D,VIIRS_NOAA20_NRT,,
30.07902,72.38484,354.88,0.33,0.55,2026-07-02,858,N20,VIIRS,n,2.0NRT,295.2,4.1,D,VIIRS_NOAA20_NRT,,
30.08004,72.33308,331.3,0.33,0.55,2026-07-02,858,N20,VIIRS,n,2.0NRT,294.22,2.4,D,VIIRS_NOAA20_NRT,,
30.08049,72.62466,333.69,0.34,0.56,2026-07-02,858,N20,VIIRS,n,2.0NRT,295.06,1.25,D,VIIRS_NOAA20_NRT,,
30.09996,71.64222,344.65,0.59,0.53,2026-07-02,858,N20,VIIRS,n,2.0NRT,296.85,10.78,D,VIIRS_NOAA20_NRT,,
30.10177,71.64297,351.47,0.59,0.53,2026-07-02,858,N20,VIIRS,n,2.0NRT,296.83,13.43,D,VIIRS_NOAA20_NRT,,
30.11003,72.45113,332.44,0.33,0.55,2026-07-02,858,N20,VIIRS,n,2.0NRT,295.79,1.77,D,VIIRS_NOAA20_NRT,,
30.12138,73.15381,334.87,0.37,0.58,2026-07-02,858,N20,VIIRS,n,2.0NRT,294.32,2.47,D,VIIRS_NOAA20_NRT,,
30.12334,73.15425,335.97,0.36,0.58,2026-07-02,858,N20,VIIRS,n,2.0NRT,293.79,2.32,D,VIIRS_NOAA20_NRT,,
30.14123,73.38348,330.07,0.38,0.58,2026-07-02,858,N20,VIIRS,n,2.0NRT,295.1,6.13,D,VIIRS_NOAA20_NRT,,
30.14154,73.38743,367.0,0.38,0.59,2026-07-02,858,N20,VIIRS,h,2.0NRT,294.63,9.17,D,VIIRS_NOAA20_NRT,,
30.14316,73.38287,332.71,0.38,0.59,2026-07-02,858,N20,VIIRS,n,2.0NRT,294.74,7.29,D,VIIRS_NOAA20_NRT,,
30.14344,73.38683,367.0,0.38,0.59,2026-07-02,858,N20,VIIRS,h,2.0NRT,294.41,9.14,D,VIIRS_NOAA20_NRT,,
30.14958,72.81974,338.27,0.35,0.57,2026-07-02,858,N20,VIIRS,n,2.0NRT,293.97,2.17,D,VIIRS_NOAA20_NRT,,
30.15631,72.38732,354.38,0.33,0.55,2026-07-02,858,N20,VIIRS,n,2.0NRT,297.15,17.66,D,VIIRS_NOAA20_NRT,,
30.15659,72.39075,367.0,0.33,0.55,2026-07-02,858,N20,VIIRS,h,2.0NRT,294.91,13.43,D,VIIRS_NOAA20_NRT,,
30.17829,72.98451,341.76,0.36,0.57,2026-07-02,858,N20,VIIRS,n,2.0NRT,293.26,2.53,D,VIIRS_NOAA20_NRT,,
30.18084,72.20316,349.12,0.32,0.55,2026-07-02,858,N20,VIIRS,n,2.0NRT,294.99,3.35,D,VIIRS_NOAA20_NRT,,
30.20472,72.43782,339.63,0.33,0.55,2026-07-02,858,N20,VIIRS,n,2.0NRT,295.36,2.5,D,VIIRS_NOAA20_NRT,,
30.23311,73.23721,336.97,0.37,0.58,2026-07-02,858,N20,VIIRS,n,2.0NRT,293.56,1.98,D,VIIRS_NOAA20_NRT,,
30.23544,73.23629,332.63,0.37,0.58,2026-07-02,858,N20,VIIRS,n,2.0NRT,293.2,2.06,D,VIIRS_NOAA20_NRT,,
30.24324,73.26688,335.01,0.37,0.58,2026-07-02,858,N20,VIIRS,n,2.0NRT,293.38,1.13,D,VIIRS_NOAA20_NRT,,
30.24609,73.26734,330.37,0.37,0.58,2026-07-02,858,N20,VIIRS,n,2.0NRT,293.36,1.73,D,VIIRS_NOAA20_NRT,,
30.26723,73.11365,346.69,0.36,0.58,2026-07-02,858,N20,VIIRS,n,2.0NRT,294.37,4.46,D,VIIRS_NOAA20_NRT,,
30.29745,73.30204,332.37,0.37,0.58,2026-07-02,858,N20,VIIRS,n,2.0NRT,293.6,1.23,D,VIIRS_NOAA20_NRT,,
30.31753,72.87146,333.81,0.35,0.57,2026-07-02,858,N20,VIIRS,n,2.0NRT,293.5,1.35,D,VIIRS_NOAA20_NRT,,
30.31801,72.87404,332.34,0.35,0.57,2026-07-02,858,N20,VIIRS,n,2.0NRT,293.7,1.64,D,VIIRS_NOAA20_NRT,,
30.32209,73.64018,336.26,0.39,0.59,2026-07-02,858,N20,VIIRS,n,2.0NRT,294.08,1.56,D,VIIRS_NOAA20_NRT,,
30.32362,72.88207,338.12,0.35,0.57,2026-07-02,858,N20,VIIRS,n,2.0NRT,293.62,1.65,D,VIIRS_NOAA20_NRT,,
30.32387,72.88092,330.96,0.35,0.57,2026-07-02,858,N20,VIIRS,n,2.0NRT,293.93,1.27,D,VIIRS_NOAA20_NRT,,
30.32556,72.49651,334.18,0.33,0.56,2026-07-02,858,N20,VIIRS,n,2.0NRT,296.13,2.41,D,VIIRS_NOAA20_NRT,,
30.33383,73.57301,331.37,0.39,0.59,2026-07-02,858,N20,VIIRS,n,2.0NRT,294.81,1.77,D,VIIRS_NOAA20_NRT,,
30.3428,71.71191,338.33,0.6,0.53,2026-07-02,858,N20,VIIRS,n,2.0NRT,296.17,4.9,D,VIIRS_NOAA20_NRT,,
30.34415,73.01583,330.28,0.36,0.57,2026-07-02,858,N20,VIIRS,n,2.0NRT,293.84,1.3,D,VIIRS_NOAA20_NRT,,
30.34538,71.71259,341.89,0.6,0.53,2026-07-02,858,N20,VIIRS,n,2.0NRT,296.58,6.53,D,VIIRS_NOAA20_NRT,,
30.36338,73.52525,334.73,0.39,0.59,2026-07-02,858,N20,VIIRS,n,2.0NRT,294.81,2.54,D,VIIRS_NOAA20_NRT,,
30.36403,73.52309,330.4,0.39,0.59,2026-07-02,858,N20,VIIRS,n,2.0NRT,294.66,2.62,D,VIIRS_NOAA20_NRT,,
30.39493,72.45773,331.33,0.33,0.56,2026-07-02,858,N20,VIIRS,n,2.0NRT,295.53,1.36,D,VIIRS_NOAA20_NRT,,
30.39565,73.66083,332.12,0.39,0.6,2026-07-02,858,N20,VIIRS,n,2.0NRT,294.4,2.03,D,VIIRS_NOAA20_NRT,,
30.39745,72.45731,331.07,0.33,0.56,2026-07-02,858,N20,VIIRS,n,2.0NRT,295.49,1.3,D,VIIRS_NOAA20_NRT,,
30.40088,73.65619,336.72,0.39,0.6,2026-07-02,858,N20,VIIRS,n,2.0NRT,294.73,2.1,D,VIIRS_NOAA20_NRT,,
30.44094,72.82256,332.78,0.35,0.57,2026-07-02,858,N20,VIIRS,n,2.0NRT,295.48,4.07,D,VIIRS_NOAA20_NRT,,
30.46682,73.87947,353.44,0.41,0.6,2026-07-02,858,N20,VIIRS,n,2.0NRT,294.07,7.75,D,VIIRS_NOAA20_NRT,,
30.47066,72.66138,336.95,0.34,0.56,2026-07-02,858,N20,VIIRS,n,2.0NRT,295.8,2.69,D,VIIRS_NOAA20_NRT,,
30.47111,73.6263,332.98,0.39,0.6,2026-07-02,858,N20,VIIRS,n,2.0NRT,293.83,2.89,D,VIIRS_NOAA20_NRT,,
30.50367,72.81271,367.0,0.35,0.57,2026-07-02,858,N20,VIIRS,h,2.0NRT,296.48,10.57,D,VIIRS_NOAA20_NRT,,
30.51041,72.34998,333.26,0.33,0.55,2026-07-02,858,N20,VIIRS,n,2.0NRT,295.8,2.6,D,VIIRS_NOAA20_NRT,,
30.51779,73.73983,332.89,0.4,0.6,2026-07-02,858,N20,VIIRS,n,2.0NRT,293.39,1.99,D,VIIRS_NOAA20_NRT,,
30.51924,73.76091,342.63,0.4,0.6,2026-07-02,858,N20,VIIRS,n,2.0NRT,294.31,3.08,D,VIIRS_NOAA20_NRT,,
30.522,71.81272,335.71,0.61,0.54,2026-07-02,858,N20,VIIRS,n,2.0NRT,296.0,3.35,D,VIIRS_NOAA20_NRT,,
30.52595,73.61727,335.6,0.39,0.6,2026-07-02,858,N20,VIIRS,n,2.0NRT,293.54,1.48,D,VIIRS_NOAA20_NRT,,
30.54059,72.27744,344.65,0.33,0.55,2026-07-02,858,N20,VIIRS,n,2.0NRT,296.53,5.58,D,VIIRS_NOAA20_NRT,,
30.54282,72.30493,335.61,0.33,0.55,2026-07-02,858,N20,VIIRS,n,2.0NRT,296.35,1.6,D,VIIRS_NOAA20_NRT,,
30.55119,73.81791,352.24,0.4,0.6,2026-07-02,858,N20,VIIRS,n,2.0NRT,294.05,6.98,D,VIIRS_NOAA20_NRT,,
30.5549,73.4826,346.12,0.39,0.59,2026-07-02,858,N20,VIIRS,n,2.0NRT,294.36,4.21,D,VIIRS_NOAA20_NRT,,
30.56414,73.68512,334.36,0.4,0.6,2026-07-02,858,N20,VIIRS,n,2.0NRT,293.88,3.62,D,VIIRS_NOAA20_NRT,,
30.56431,74.00803,331.77,0.42,0.61,2026-07-02,858,N20,VIIRS,n,2.0NRT,292.43,1.74,D,VIIRS_NOAA20_NRT,,
30.56444,73.68931,345.59,0.4,0.6,2026-07-02,858,N20,VIIRS,n,2.0NRT,293.36,3.62,D,VIIRS_NOAA20_NRT,,
30.57814,72.18731,367.0,0.32,0.55,2026-07-02,858,N20,VIIRS,h,2.0NRT,297.98,8.88,D,VIIRS_NOAA20_NRT,,
30.57841,72.1907,334.62,0.32,0.55,2026-07-02,858,N20,VIIRS,n,2.0NRT,296.61,6.23,D,VIIRS_NOAA20_NRT,,
30.57861,73.5051,340.47,0.39,0.59,2026-07-02,858,N20,VIIRS,n,2.0NRT,294.05,3.27,D,VIIRS_NOAA20_NRT,,
30.57919,72.18758,367.0,0.32,0.55,2026-07-02,858,N20,VIIRS,h,2.0NRT,297.85,8.4,D,VIIRS_NOAA20_NRT,,
30.57928,73.50488,340.69,0.39,0.59,2026-07-02,858,N20,VIIRS,n,2.0NRT,294.26,4.07,D,VIIRS_NOAA20_NRT,,
30.57948,72.19098,333.14,0.32,0.55,2026-07-02,858,N20,VIIRS,n,2.0NRT,296.81,6.68,D,VIIRS_NOAA20_NRT,,
30.58015,72.84554,334.63,0.35,0.57,2026-07-02,858,N20,VIIRS,n,2.0NRT,296.06,2.1,D,VIIRS_NOAA20_NRT,,
30.58192,73.77682,332.75,0.4,0.6,2026-07-02,858,N20,VIIRS,n,2.0NRT,293.46,2.62,D,VIIRS_NOAA20_NRT,,
30.58206,73.38643,338.67,0.38,0.59,2026-07-02,858,N20,VIIRS,n,2.0NRT,294.27,4.18,D,VIIRS_NOAA20_NRT,,
30.5839,73.73853,334.85,0.4,0.6,2026-07-02,858,N20,VIIRS,n,2.0NRT,293.22,2.43,D,VIIRS_NOAA20_NRT,,
30.58472,73.7383,332.31,0.4,0.6,2026-07-02,858,N20,VIIRS,n,2.0NRT,293.12,2.72,D,VIIRS_NOAA20_NRT,,
30.60028,72.90007,333.09,0.36,0.57,2026-07-02,858,N20,VIIRS,n,2.0NRT,295.52,1.57,D,VIIRS_NOAA20_NRT,,
30.60379,73.95686,333.68,0.41,0.61,2026-07-02,858,N20,VIIRS,n,2.0NRT,292.63,1.81,D,VIIRS_NOAA20_NRT,,
30.60603,73.95627,331.98,0.41,0.61,2026-07-02,858,N20,VIIRS,n,2.0NRT,293.23,1.94,D,VIIRS_NOAA20_NRT,,
30.61522,73.70609,367.0,0.4,0.6,2026-07-02,858,N20,VIIRS,h,2.0NRT,294.68,8.05,D,VIIRS_NOAA20_NRT,,
30.61551,73.71029,335.07,0.4,0.6,2026-07-02,858,N20,VIIRS,n,2.0NRT,293.21,8.05,D,VIIRS_NOAA20_NRT,,
30.62284,73.6548,331.92,0.4,0.6,2026-07-02,858,N20,VIIRS,n,2.0NRT,293.94,2.25,D,VIIRS_NOAA20_NRT,,
30.66096,73.96515,337.14,0.41,0.61,2026-07-02,858,N20,VIIRS,n,2.0NRT,293.05,3.54,D,VIIRS_NOAA20_NRT,,
30.69977,73.89794,332.92,0.41,0.61,2026-07-02,858,N20,VIIRS,n,2.0NRT,294.46,3.81,D,VIIRS_NOAA20_NRT,,
30.70172,73.90048,333.42,0.41,0.61,2026-07-02,858,N20,VIIRS,n,2.0NRT,294.22,3.03,D,VIIRS_NOAA20_NRT,,
30.7201,73.99993,367.0,0.42,0.61,2026-07-02,858,N20,VIIRS,h,2.0NRT,293.89,23.79,D,VIIRS_NOAA20_NRT,,
30.72314,73.99694,351.96,0.42,0.61,2026-07-02,858,N20,VIIRS,n,2.0NRT,293.67,16.08,D,VIIRS_NOAA20_NRT,,
30.72342,74.00134,367.0,0.42,0.61,2026-07-02,858,N20,VIIRS,h,2.0NRT,293.01,16.93,D,VIIRS_NOAA20_NRT,,
30.74445,73.8074,337.28,0.41,0.6,2026-07-02,858,N20,VIIRS,n,2.0NRT,294.16,3.05,D,VIIRS_NOAA20_NRT,,
30.7578,74.09203,344.23,0.42,0.61,2026-07-02,858,N20,VIIRS,n,2.0NRT,293.26,5.32,D,VIIRS_NOAA20_NRT,,
30.7609,73.96727,332.49,0.41,0.61,2026-07-02,858,N20,VIIRS,n,2.0NRT,293.53,2.22,D,VIIRS_NOAA20_NRT,,
30.78698,72.99661,346.52,0.36,0.58,2026-07-02,858,N20,VIIRS,n,2.0NRT,295.07,3.07,D,VIIRS_NOAA20_NRT,,
30.78726,73.00046,331.11,0.36,0.58,2026-07-02,858,N20,VIIRS,n,2.0NRT,294.93,3.07,D,VIIRS_NOAA20_NRT,,
30.83485,73.3561,339.97,0.38,0.59,2026-07-02,858,N20,VIIRS,n,2.0NRT,294.97,5.14,D,VIIRS_NOAA20_NRT,,
30.87329,73.21192,335.47,0.37,0.58,2026-07-02,858,N20,VIIRS,n,2.0NRT,294.64,2.03,D,VIIRS_NOAA20_NRT,,
30.87565,73.21059,334.25,0.37,0.58,2026-07-02,858,N20,VIIRS,n,2.0NRT,294.73,1.52,D,VIIRS_NOAA20_NRT,,
30.88336,73.88715,340.67,0.41,0.61,2026-07-02,858,N20,VIIRS,n,2.0NRT,293.03,3.68,D,VIIRS_NOAA20_NRT,,
31.00882,74.27289,335.8,0.44,0.62,2026-07-02,858,N20,VIIRS,n,2.0NRT,292.39,2.8,D,VIIRS_NOAA20_NRT,,
31.05242,72.58186,342.07,0.34,0.56,2026-07-02,858,N20,VIIRS,n,2.0NRT,294.13,3.11,D,VIIRS_NOAA20_NRT,,
31.17319,72.64316,348.43,0.35,0.57,2026-07-02,858,N20,VIIRS,n,2.0NRT,295.66,3.83,D,VIIRS_NOAA20_NRT,,
31.29685,72.66911,331.45,0.35,0.57,2026-07-02,858,N20,VIIRS,n,2.0NRT,295.8,1.7,D,VIIRS_NOAA20_NRT,,
31.42318,72.52414,367.0,0.34,0.56,2026-07-02,858,N20,VIIRS,h,2.0NRT,297.18,5.84,D,VIIRS_NOAA20_NRT,,
31.42346,72.5278,344.32,0.35,0.56,2026-07-02,858,N20,VIIRS,n,2.0NRT,296.02,5.84,D,VIIRS_NOAA20_NRT,,
31.5222,72.6415,341.94,0.35,0.57,2026-07-02,858,N20,VIIRS,n,2.0NRT,295.3,3.07,D,VIIRS_NOAA20_NRT,,
31.67468,72.49526,330.67,0.35,0.56,2026-07-02,858,N20,VIIRS,n,2.0NRT,296.12,0.68,D,VIIRS_NOAA20_NRT,,
31.67549,72.49536,348.53,0.35,0.56,2026-07-02,858,N20,VIIRS,n,2.0NRT,296.55,2.99,D,VIIRS_NOAA20_NRT,,
32.5137,71.82738,367.0,0.32,0.55,2026-07-02,858,N20,VIIRS,h,2.0NRT,299.68,8.37,D,VIIRS_NOAA20_NRT,,
32.51459,71.83892,335.15,0.32,0.55,2026-07-02,858,N20,VIIRS,n,2.0NRT,297.89,3.31,D,VIIRS_NOAA20_NRT,,
32.51486,71.84239,330.51,0.32,0.55,2026-07-02,858,N20,VIIRS,n,2.0NRT,296.79,2.71,D,VIIRS_NOAA20_NRT,,
32.51875,71.82672,339.8,0.32,0.55,2026-07-02,858,N20,VIIRS,n,2.0NRT,299.71,4.12,D,VIIRS_NOAA20_NRT,,
33.1488,70.84719,346.52,0.57,0.52,2026-07-02,858,N20,VIIRS,n,2.0NRT,303.88,8.08,D,VIIRS_NOAA20_NRT,,
34.47869,71.68799,367.0,0.33,0.55,2026-07-02,858,N20,VIIRS,h,2.0NRT,304.88,4.89,D,VIIRS_NOAA20_NRT,,
34.47894,71.69167,341.1,0.33,0.55,2026-07-02,858,N20,VIIRS,n,2.0NRT,303.12,4.89,D,VIIRS_NOAA20_NRT,,
34.59098,72.25166,339.06,0.36,0.57,2026-07-02,858,N20,VIIRS,n,2.0NRT,296.42,3.75,D,VIIRS_NOAA20_NRT,,
35.99054,94.83293,315.38,0.39,0.36,2026-07-02,1938,N20,VIIRS,n,2.0NRT,282.73,1.84,N,VIIRS_NOAA20_NRT,,
29.08396,88.01086,309.7,0.49,0.4,2026-07-02,1940,N20,VIIRS,n,2.0NRT,283.9,2.09,N,VIIRS_NOAA20_NRT,,
29.37499,91.14926,304.95,0.39,0.36,2026-07-02,1940,N20,VIIRS,n,2.0NRT,284.48,1.23,N,VIIRS_NOAA20_NRT,,
29.6625,90.90583,307.75,0.39,0.37,2026-07-02,1940,N20,VIIRS,n,2.0NRT,288.39,1.66,N,VIIRS_NOAA20_NRT,,
21.3539,95.55584,303.95,0.4,0.44,2026-07-02,1942,N20,VIIRS,n,2.0NRT,283.82,1.05,N,VIIRS_NOAA20_NRT,,
21.59439,96.2292,309.41,0.43,0.46,2026-07-02,1942,N20,VIIRS,n,2.0NRT,283.85,1.46,N,VIIRS_NOAA20_NRT,,
22.05555,88.12401,304.83,0.41,0.37,2026-07-02,1942,N20,VIIRS,n,2.0NRT,279.05,1.35,N,VIIRS_NOAA20_NRT,,
22.35728,87.28973,301.93,0.45,0.39,2026-07-02,1942,N20,VIIRS,n,2.0NRT,278.5,0.58,N,VIIRS_NOAA20_NRT,,
22.3601,87.29314,302.07,0.45,0.39,2026-07-02,1942,N20,VIIRS,n,2.0NRT,280.44,0.79,N,VIIRS_NOAA20_NRT,,
22.36021,87.29461,303.35,0.45,0.39,2026-07-02,1942,N20,VIIRS,n,2.0NRT,280.45,0.88,N,VIIRS_NOAA20_NRT,,
22.36241,87.01785,311.71,0.46,0.39,2026-07-02,1942,N20,VIIRS,n,2.0NRT,286.28,1.8,N,VIIRS_NOAA20_NRT,,
22.36314,87.2995,308.2,0.45,0.39,2026-07-02,1942,N20,VIIRS,n,2.0NRT,281.92,1.47,N,VIIRS_NOAA20_NRT,,
22.36599,87.01843,317.81,0.46,0.39,2026-07-02,1942,N20,VIIRS,n,2.0NRT,287.47,1.8,N,VIIRS_NOAA20_NRT,,
22.36601,87.30293,319.69,0.45,0.39,2026-07-02,1942,N20,VIIRS,n,2.0NRT,284.43,3.94,N,VIIRS_NOAA20_NRT,,
22.37605,87.28247,304.04,0.45,0.39,2026-07-02,1942,N20,VIIRS,n,2.0NRT,282.71,1.72,N,VIIRS_NOAA20_NRT,,
22.37664,87.27814,316.81,0.45,0.39,2026-07-02,1942,N20,VIIRS,n,2.0NRT,282.22,1.7,N,VIIRS_NOAA20_NRT,,
22.38019,87.27872,307.84,0.45,0.39,2026-07-02,1942,N20,VIIRS,n,2.0NRT,282.8,1.7,N,VIIRS_NOAA20_NRT,,
22.86427,89.53947,304.2,0.39,0.36,2026-07-02,1942,N20,VIIRS,n,2.0NRT,279.57,0.49,N,VIIRS_NOAA20_NRT,,
23.48355,87.36189,309.02,0.46,0.39,2026-07-02,1942,N20,VIIRS,n,2.0NRT,269.42,1.57,N,VIIRS_NOAA20_NRT,,
23.66606,85.00095,303.54,0.4,0.44,2026-07-02,1942,N20,VIIRS,n,2.0NRT,275.8,0.88,N,VIIRS_NOAA20_NRT,,
23.66652,84.99707,299.71,0.4,0.44,2026-07-02,1942,N20,VIIRS,n,2.0NRT,275.21,0.88,N,VIIRS_NOAA20_NRT,,
23.67681,86.39928,303.67,0.51,0.41,2026-07-02,1942,N20,VIIRS,n,2.0NRT,274.46,3.44,N,VIIRS_NOAA20_NRT,,
23.67713,86.40028,306.66,0.51,0.41,2026-07-02,1942,N20,VIIRS,n,2.0NRT,276.0,1.71,N,VIIRS_NOAA20_NRT,,
23.67775,86.39534,302.08,0.51,0.41,2026-07-02,1942,N20,VIIRS,n,2.0NRT,275.46,1.71,N,VIIRS_NOAA20_NRT,,
23.68151,86.39595,306.46,0.51,0.41,2026-07-02,1942,N20,VIIRS,n,2.0NRT,278.28,3.05,N,VIIRS_NOAA20_NRT,,
23.6817,86.09689,323.33,0.53,0.42,2026-07-02,1942,N20,VIIRS,n,2.0NRT,269.91,2.26,N,VIIRS_NOAA20_NRT,,
23.68236,86.09175,304.05,0.53,0.42,2026-07-02,1942,N20,VIIRS,n,2.0NRT,270.34,2.26,N,VIIRS_NOAA20_NRT,,
23.68591,86.39155,314.28,0.51,0.41,2026-07-02,1942,N20,VIIRS,n,2.0NRT,280.71,2.94,N,VIIRS_NOAA20_NRT,,
23.68722,87.12032,302.31,0.47,0.4,2026-07-02,1942,N20,VIIRS,n,2.0NRT,274.32,0.94,N,VIIRS_NOAA20_NRT,,
23.68774,87.12319,304.22,0.47,0.4,2026-07-02,1942,N20,VIIRS,n,2.0NRT,271.7,0.62,N,VIIRS_NOAA20_NRT,,
23.69136,87.12378,298.47,0.47,0.4,2026-07-02,1942,N20,VIIRS,n,2.0NRT,271.58,0.62,N,VIIRS_NOAA20_NRT,,
23.69498,87.12438,301.88,0.47,0.4,2026-07-02,1942,N20,VIIRS,n,2.0NRT,272.02,0.9,N,VIIRS_NOAA20_NRT,,
23.75165,86.4172,303.68,0.51,0.41,2026-07-02,1942,N20,VIIRS,n,2.0NRT,266.58,0.78,N,VIIRS_NOAA20_NRT,,
23.75737,86.40289,299.72,0.51,0.41,2026-07-02,1942,N20,VIIRS,n,2.0NRT,268.55,0.55,N,VIIRS_NOAA20_NRT,,
23.75803,86.39787,297.39,0.51,0.41,2026-07-02,1942,N20,VIIRS,n,2.0NRT,269.19,0.55,N,VIIRS_NOAA20_NRT,,
23.76113,86.40349,300.19,0.51,0.41,2026-07-02,1942,N20,VIIRS,n,2.0NRT,269.14,0.55,N,VIIRS_NOAA20_NRT,,
23.76179,86.39848,302.27,0.51,0.41,2026-07-02,1942,N20,VIIRS,n,2.0NRT,270.35,0.55,N,VIIRS_NOAA20_NRT,,
23.76489,86.40408,315.31,0.51,0.41,2026-07-02,1942,N20,VIIRS,n,2.0NRT,271.42,1.63,N,VIIRS_NOAA20_NRT,,
23.76865,86.40465,315.25,0.51,0.41,2026-07-02,1942,N20,VIIRS,n,2.0NRT,273.22,1.63,N,VIIRS_NOAA20_NRT,,
23.76931,86.39966,298.3,0.51,0.41,2026-07-02,1942,N20,VIIRS,n,2.0NRT,272.65,1.63,N,VIIRS_NOAA20_NRT,,
23.77391,86.3648,321.44,0.51,0.41,2026-07-02,1942,N20,VIIRS,n,2.0NRT,280.21,3.76,N,VIIRS_NOAA20_NRT,,
23.77504,86.38538,304.57,0.51,0.41,2026-07-02,1942,N20,VIIRS,n,2.0NRT,278.52,2.31,N,VIIRS_NOAA20_NRT,,
23.77514,86.38776,305.52,0.51,0.41,2026-07-02,1942,N20,VIIRS,n,2.0NRT,279.84,1.91,N,VIIRS_NOAA20_NRT,,
23.77815,86.39096,323.86,0.51,0.41,2026-07-02,1942,N20,VIIRS,n,2.0NRT,279.19,4.11,N,VIIRS_NOAA20_NRT,,
23.77827,86.39334,307.42,0.51,0.41,2026-07-02,1942,N20,VIIRS,n,2.0NRT,278.85,1.91,N,VIIRS_NOAA20_NRT,,
23.77854,86.21146,309.78,0.52,0.42,2026-07-02,1942,N20,VIIRS,n,2.0NRT,283.62,2.2,N,VIIRS_NOAA20_NRT,,
23.7789,86.38837,322.93,0.51,0.41,2026-07-02,1942,N20,VIIRS,n,2.0NRT,281.11,1.91,N,VIIRS_NOAA20_NRT,,
23.7792,86.20637,306.23,0.52,0.42,2026-07-02,1942,N20,VIIRS,n,2.0NRT,283.74,2.2,N,VIIRS_NOAA20_NRT,,
23.78018,86.34769,303.92,0.51,0.41,2026-07-02,1942,N20,VIIRS,n,2.0NRT,281.95,1.07,N,VIIRS_NOAA20_NRT,,
23.78079,86.37096,303.86,0.51,0.41,2026-07-02,1942,N20,VIIRS,n,2.0NRT,280.1,2.02,N,VIIRS_NOAA20_NRT,,
23.7808,86.37335,306.26,0.51,0.41,2026-07-02,1942,N20,VIIRS,n,2.0NRT,280.16,1.51,N,VIIRS_NOAA20_NRT,,
23.78191,86.39156,310.44,0.51,0.41,2026-07-02,1942,N20,VIIRS,n,2.0NRT,280.97,2.49,N,VIIRS_NOAA20_NRT,,
23.78234,86.21207,307.34,0.52,0.42,2026-07-02,1942,N20,VIIRS,n,2.0NRT,281.87,1.85,N,VIIRS_NOAA20_NRT,,
23.79464,86.35512,315.19,0.51,0.41,2026-07-02,1942,N20,VIIRS,n,2.0NRT,282.58,2.68,N,VIIRS_NOAA20_NRT,,
23.79906,86.35067,319.83,0.51,0.41,2026-07-02,1942,N20,VIIRS,n,2.0NRT,283.77,2.68,N,VIIRS_NOAA20_NRT,,
23.80159,86.33066,305.72,0.51,0.41,2026-07-02,1942,N20,VIIRS,n,2.0NRT,283.82,1.59,N,VIIRS_NOAA20_NRT,,
23.82386,84.57428,312.71,0.43,0.46,2026-07-02,1942,N20,VIIRS,n,2.0NRT,270.09,1.32,N,VIIRS_NOAA20_NRT,,
23.82435,84.57005,302.95,0.43,0.46,2026-07-02,1942,N20,VIIRS,n,2.0NRT,272.62,1.32,N,VIIRS_NOAA20_NRT,,
23.82806,84.5749,295.44,0.43,0.46,2026-07-02,1942,N20,VIIRS,n,2.0NRT,270.28,0.67,N,VIIRS_NOAA20_NRT,,
23.82855,84.57067,305.01,0.43,0.46,2026-07-02,1942,N20,VIIRS,n,2.0NRT,276.07,0.67,N,VIIRS_NOAA20_NRT,,
24.11381,86.85978,307.07,0.49,0.4,2026-07-02,1942,N20,VIIRS,n,2.0NRT,288.01,1.33,N,VIIRS_NOAA20_NRT,,
24.1175,86.86037,306.66,0.49,0.4,2026-07-02,1942,N20,VIIRS,n,2.0NRT,288.0,1.33,N,VIIRS_NOAA20_NRT,,
25.03792,87.39176,303.02,0.47,0.4,2026-07-02,1942,N20,VIIRS,n,2.0NRT,286.41,1.01,N,VIIRS_NOAA20_NRT,,
24.69123,73.00233,304.46,0.51,0.49,2026-07-02,2123,N20,VIIRS,n,2.0NRT,285.65,0.99,N,VIIRS_NOAA20_NRT,,
25.38716,68.58456,313.17,0.44,0.38,2026-07-02,2123,N20,VIIRS,n,2.0NRT,291.08,1.55,N,VIIRS_NOAA20_NRT,,
26.09331,68.8777,310.62,0.44,0.38,2026-07-02,2123,N20,VIIRS,n,2.0NRT,292.9,0.76,N,VIIRS_NOAA20_NRT,,
26.14609,68.76354,310.88,0.44,0.38,2026-07-02,2123,N20,VIIRS,n,2.0NRT,295.08,0.8,N,VIIRS_NOAA20_NRT,,
27.7885,68.22547,317.06,0.41,0.37,2026-07-02,2123,N20,VIIRS,n,2.0NRT,295.97,4.93,N,VIIRS_NOAA20_NRT,,
28.04881,68.53091,320.68,0.41,0.37,2026-07-02,2123,N20,VIIRS,n,2.0NRT,293.94,3.65,N,VIIRS_NOAA20_NRT,,
28.3448,68.03542,321.93,0.4,0.37,2026-07-02,2123,N20,VIIRS,n,2.0NRT,295.67,4.0,N,VIIRS_NOAA20_NRT,,
28.67572,68.2328,304.64,0.4,0.37,2026-07-02,2123,N20,VIIRS,n,2.0NRT,291.34,1.75,N,VIIRS_NOAA20_NRT,,
22.93381,69.69775,313.56,0.53,0.42,2026-07-02,2125,N20,VIIRS,n,2.0NRT,293.04,1.9,N,VIIRS_NOAA20_NRT,,
21.59303,96.23064,336.17,0.39,0.36,2026-07-03,654,N20,VIIRS,n,2.0NRT,293.3,1.75,D,VIIRS_NOAA20_NRT,,
23.64521,85.44168,340.27,0.33,0.55,2026-07-03,657,N20,VIIRS,n,2.0NRT,291.24,4.66,D,VIIRS_NOAA20_NRT,,
25.0365,87.39033,337.96,0.47,0.48,2026-07-03,657,N20,VIIRS,n,2.0NRT,294.97,6.78,D,VIIRS_NOAA20_NRT,,
27.37683,95.33617,336.01,0.4,0.37,2026-07-03,657,N20,VIIRS,n,2.0NRT,296.39,3.0,D,VIIRS_NOAA20_NRT,,
27.45986,95.47578,334.6,0.4,0.37,2026-07-03,657,N20,VIIRS,n,2.0NRT,298.03,2.75,D,VIIRS_NOAA20_NRT,,
27.77208,95.53279,333.03,0.41,0.37,2026-07-03,657,N20,VIIRS,l,2.0NRT,304.82,4.15,D,VIIRS_NOAA20_NRT,,
28.20859,95.6594,333.69,0.41,0.37,2026-07-03,657,N20,VIIRS,n,2.0NRT,297.24,1.99,D,VIIRS_NOAA20_NRT,,
29.61942,94.35441,341.17,0.39,0.36,2026-07-03,657,N20,VIIRS,l,2.0NRT,313.59,8.12,D,VIIRS_NOAA20_NRT,,
8.18506,81.31056,336.96,0.33,0.55,2026-07-03,833,N20,VIIRS,n,2.0NRT,295.39,2.93,D,VIIRS_NOAA20_NRT,,
8.18669,81.32246,342.03,0.33,0.55,2026-07-03,833,N20,VIIRS,n,2.0NRT,295.48,7.09,D,VIIRS_NOAA20_NRT,,
8.1875,81.3284,356.23,0.33,0.55,2026-07-03,833,N20,VIIRS,n,2.0NRT,297.23,8.81,D,VIIRS_NOAA20_NRT,,
8.18791,81.33138,367.0,0.33,0.55,2026-07-03,833,N20,VIIRS,h,2.0NRT,295.22,8.81,D,VIIRS_NOAA20_NRT,,
8.75918,78.18197,334.22,0.41,0.45,2026-07-03,833,N20,VIIRS,n,2.0NRT,298.86,3.61,D,VIIRS_NOAA20_NRT,,
8.76786,77.57673,334.52,0.56,0.43,2026-07-03,833,N20,VIIRS,n,2.0NRT,299.3,7.99,D,VIIRS_NOAA20_NRT,,
8.84815,77.89275,331.19,0.39,0.44,2026-07-03,833,N20,VIIRS,n,2.0NRT,298.2,1.84,D,VIIRS_NOAA20_NRT,,
9.01934,78.29089,330.09,0.42,0.45,2026-07-03,833,N20,VIIRS,n,2.0NRT,296.15,2.6,D,VIIRS_NOAA20_NRT,,
9.04186,77.91262,339.91,0.4,0.44,2026-07-03,833,N20,VIIRS,n,2.0NRT,299.21,2.68,D,VIIRS_NOAA20_NRT,,
9.2059,77.66722,336.97,0.39,0.44,2026-07-03,833,N20,VIIRS,n,2.0NRT,296.99,1.96,D,VIIRS_NOAA20_NRT,,
9.2064,77.67072,353.61,0.39,0.44,2026-07-03,833,N20,VIIRS,n,2.0NRT,297.72,6.39,D,VIIRS_NOAA20_NRT,,
9.23598,77.60566,334.29,0.38,0.43,2026-07-03,833,N20,VIIRS,n,2.0NRT,299.34,2.09,D,VIIRS_NOAA20_NRT,,
9.33936,77.87431,340.26,0.4,0.44,2026-07-03,833,N20,VIIRS,n,2.0NRT,296.16,1.59,D,VIIRS_NOAA20_NRT,,
9.87474,77.78516,342.97,0.4,0.44,2026-07-03,833,N20,VIIRS,n,2.0NRT,295.6,3.97,D,VIIRS_NOAA20_NRT,,
23.91874,71.97879,345.26,0.44,0.38,2026-07-03,835,N20,VIIRS,n,2.0NRT,295.83,8.04,D,VIIRS_NOAA20_NRT,,
24.1019,71.67893,337.27,0.43,0.38,2026-07-03,835,N20,VIIRS,n,2.0NRT,300.57,4.44,D,VIIRS_NOAA20_NRT,,
24.48961,71.3725,341.79,0.42,0.38,2026-07-03,835,N20,VIIRS,n,2.0NRT,298.93,7.88,D,VIIRS_NOAA20_NRT,,
27.96179,69.58145,337.76,0.4,0.37,2026-07-03,837,N20,VIIRS,n,2.0NRT,305.49,5.26,D,VIIRS_NOAA20_NRT,,
28.23186,69.55463,343.05,0.4,0.37,2026-07-03,837,N20,VIIRS,n,2.0NRT,308.76,11.37,D,VIIRS_NOAA20_NRT,,
29.06089,75.72017,340.14,0.52,0.5,2026-07-03,837,N20,VIIRS,n,2.0NRT,293.44,5.21,D,VIIRS_NOAA20_NRT,,
29.06185,75.72273,337.35,0.52,0.5,2026-07-03,837,N20,VIIRS,n,2.0NRT,293.34,5.96,D,VIIRS_NOAA20_NRT,,
29.08455,71.40569,336.03,0.46,0.39,2026-07-03,837,N20,VIIRS,n,2.0NRT,301.91,1.43,D,VIIRS_NOAA20_NRT,,
29.13144,71.53674,333.16,0.47,0.4,2026-07-03,837,N20,VIIRS,n,2.0NRT,302.94,4.2,D,VIIRS_NOAA20_NRT,,
29.49739,71.70273,338.53,0.48,0.4,2026-07-03,837,N20,VIIRS,n,2.0NRT,303.28,5.86,D,VIIRS_NOAA20_NRT,,
29.51403,71.56473,339.09,0.47,0.4,2026-07-03,837,N20,VIIRS,n,2.0NRT,303.37,5.51,D,VIIRS_NOAA20_NRT,,
29.51463,71.56961,340.11,0.47,0.4,2026-07-03,837,N20,VIIRS,n,2.0NRT,302.55,5.51,D,VIIRS_NOAA20_NRT,,
29.53133,71.98434,333.58,0.5,0.41,2026-07-03,837,N20,VIIRS,n,2.0NRT,301.24,2.82,D,VIIRS_NOAA20_NRT,,
29.5829,72.09678,338.56,0.5,0.41,2026-07-03,837,N20,VIIRS,n,2.0NRT,301.26,6.61,D,VIIRS_NOAA20_NRT,,
29.59227,72.17482,344.35,0.51,0.41,2026-07-03,837,N20,VIIRS,n,2.0NRT,302.15,5.95,D,VIIRS_NOAA20_NRT,,
29.60232,72.1946,334.11,0.51,0.41,2026-07-03,837,N20,VIIRS,n,2.0NRT,301.57,3.99,D,VIIRS_NOAA20_NRT,,
29.61809,72.29411,339.28,0.51,0.41,2026-07-03,837,N20,VIIRS,n,2.0NRT,302.7,4.22,D,VIIRS_NOAA20_NRT,,
29.6366,71.68326,344.88,0.48,0.4,2026-07-03,837,N20,VIIRS,n,2.0NRT,301.61,9.88,D,VIIRS_NOAA20_NRT,,
29.65827,72.37834,333.95,0.52,0.41,2026-07-03,837,N20,VIIRS,n,2.0NRT,301.51,3.15,D,VIIRS_NOAA20_NRT,,
29.65937,72.38009,340.16,0.52,0.41,2026-07-03,837,N20,VIIRS,n,2.0NRT,301.48,6.34,D,VIIRS_NOAA20_NRT,,
29.66208,72.37776,338.53,0.52,0.41,2026-07-03,837,N20,VIIRS,n,2.0NRT,302.48,3.15,D,VIIRS_NOAA20_NRT,,
29.67236,72.3326,337.52,0.52,0.41,2026-07-03,837,N20,VIIRS,n,2.0NRT,299.78,2.55,D,VIIRS_NOAA20_NRT,,
29.67351,72.01743,330.65,0.5,0.41,2026-07-03,837,N20,VIIRS,n,2.0NRT,299.92,2.54,D,VIIRS_NOAA20_NRT,,
29.69762,72.38326,331.34,0.52,0.42,2026-07-03,837,N20,VIIRS,n,2.0NRT,298.21,3.34,D,VIIRS_NOAA20_NRT,,
29.6995,72.3994,334.88,0.52,0.42,2026-07-03,837,N20,VIIRS,n,2.0NRT,300.1,2.34,D,VIIRS_NOAA20_NRT,,
29.71353,72.35353,336.04,0.52,0.41,2026-07-03,837,N20,VIIRS,n,2.0NRT,301.46,4.7,D,VIIRS_NOAA20_NRT,,
29.72178,72.29251,339.18,0.51,0.41,2026-07-03,837,N20,VIIRS,n,2.0NRT,301.93,6.22,D,VIIRS_NOAA20_NRT,,
29.72365,72.43968,348.32,0.52,0.42,2026-07-03,837,N20,VIIRS,n,2.0NRT,301.21,9.26,D,VIIRS_NOAA20_NRT,,
29.73129,72.47163,335.51,0.53,0.42,2026-07-03,837,N20,VIIRS,n,2.0NRT,301.63,11.12,D,VIIRS_NOAA20_NRT,,
29.73193,72.47707,337.64,0.53,0.42,2026-07-03,837,N20,VIIRS,n,2.0NRT,299.54,8.43,D,VIIRS_NOAA20_NRT,,
29.73704,72.45419,339.82,0.52,0.42,2026-07-03,837,N20,VIIRS,n,2.0NRT,302.2,6.72,D,VIIRS_NOAA20_NRT,,
29.7419,71.69402,336.91,0.48,0.4,2026-07-03,837,N20,VIIRS,n,2.0NRT,301.22,4.17,D,VIIRS_NOAA20_NRT,,
29.74402,72.38168,333.05,0.52,0.42,2026-07-03,837,N20,VIIRS,n,2.0NRT,300.92,4.08,D,VIIRS_NOAA20_NRT,,
29.75289,72.35847,333.1,0.52,0.41,2026-07-03,837,N20,VIIRS,n,2.0NRT,301.35,3.66,D,VIIRS_NOAA20_NRT,,
29.76377,72.06392,336.77,0.5,0.41,2026-07-03,837,N20,VIIRS,n,2.0NRT,300.6,5.35,D,VIIRS_NOAA20_NRT,,
29.76605,72.38129,338.76,0.52,0.42,2026-07-03,837,N20,VIIRS,n,2.0NRT,300.49,5.73,D,VIIRS_NOAA20_NRT,,
29.76755,72.38358,340.14,0.52,0.42,2026-07-03,837,N20,VIIRS,n,2.0NRT,299.98,3.88,D,VIIRS_NOAA20_NRT,,
29.78336,71.15968,332.12,0.46,0.39,2026-07-03,837,N20,VIIRS,l,2.0NRT,303.7,8.27,D,VIIRS_NOAA20_NRT,,
29.7888,71.98623,337.53,0.5,0.41,2026-07-03,837,N20,VIIRS,n,2.0NRT,299.23,4.94,D,VIIRS_NOAA20_NRT,,
29.80067,72.05289,340.36,0.5,0.41,2026-07-03,837,N20,VIIRS,n,2.0NRT,301.68,4.41,D,VIIRS_NOAA20_NRT,,
29.80305,72.81675,334.56,0.55,0.43,2026-07-03,837,N20,VIIRS,n,2.0NRT,299.57,6.16,D,VIIRS_NOAA20_NRT,,
29.80371,72.82242,336.92,0.55,0.43,2026-07-03,837,N20,VIIRS,n,2.0NRT,299.22,6.16,D,VIIRS_NOAA20_NRT,,
29.80439,72.21241,340.11,0.51,0.41,2026-07-03,837,N20,VIIRS,n,2.0NRT,300.31,7.98,D,VIIRS_NOAA20_NRT,,
29.81699,72.2862,344.56,0.52,0.41,2026-07-03,837,N20,VIIRS,n,2.0NRT,299.64,10.4,D,VIIRS_NOAA20_NRT,,
29.81847,72.60117,339.61,0.53,0.42,2026-07-03,837,N20,VIIRS,n,2.0NRT,296.41,9.81,D,VIIRS_NOAA20_NRT,,
29.82239,72.81164,330.06,0.55,0.43,2026-07-03,837,N20,VIIRS,n,2.0NRT,299.78,1.86,D,VIIRS_NOAA20_NRT,,
29.82541,72.66233,330.62,0.54,0.42,2026-07-03,837,N20,VIIRS,n,2.0NRT,296.97,3.54,D,VIIRS_NOAA20_NRT,,
29.82701,72.11251,335.08,0.51,0.41,2026-07-03,837,N20,VIIRS,n,2.0NRT,300.23,3.59,D,VIIRS_NOAA20_NRT,,
29.84781,72.15739,342.7,0.51,0.41,2026-07-03,837,N20,VIIRS,n,2.0NRT,300.21,6.01,D,VIIRS_NOAA20_NRT,,
29.84832,72.16052,351.55,0.51,0.41,2026-07-03,837,N20,VIIRS,n,2.0NRT,300.69,11.77,D,VIIRS_NOAA20_NRT,,
29.84845,72.16265,341.91,0.51,0.41,2026-07-03,837,N20,VIIRS,n,2.0NRT,301.79,6.01,D,VIIRS_NOAA20_NRT,,
29.86457,72.32796,337.1,0.52,0.41,2026-07-03,837,N20,VIIRS,n,2.0NRT,299.85,6.07,D,VIIRS_NOAA20_NRT,,
29.86523,71.66686,335.48,0.48,0.4,2026-07-03,837,N20,VIIRS,n,2.0NRT,301.56,4.15,D,VIIRS_NOAA20_NRT,,
29.86792,72.3309,339.92,0.52,0.41,2026-07-03,837,N20,VIIRS,n,2.0NRT,300.0,14.16,D,VIIRS_NOAA20_NRT,,
29.86838,72.32738,345.13,0.52,0.41,2026-07-03,837,N20,VIIRS,n,2.0NRT,301.59,23.72,D,VIIRS_NOAA20_NRT,,
29.89069,72.36031,335.69,0.52,0.42,2026-07-03,837,N20,VIIRS,n,2.0NRT,301.39,16.19,D,VIIRS_NOAA20_NRT,,
29.89132,72.36572,341.27,0.52,0.42,2026-07-03,837,N20,VIIRS,n,2.0NRT,302.7,16.19,D,VIIRS_NOAA20_NRT,,
29.89319,72.60127,333.61,0.54,0.42,2026-07-03,837,N20,VIIRS,n,2.0NRT,301.42,6.76,D,VIIRS_NOAA20_NRT,,
29.8954,72.23413,338.99,0.51,0.41,2026-07-03,837,N20,VIIRS,n,2.0NRT,300.09,8.49,D,VIIRS_NOAA20_NRT,,
29.91302,71.51391,344.47,0.48,0.4,2026-07-03,837,N20,VIIRS,n,2.0NRT,302.52,6.31,D,VIIRS_NOAA20_NRT,,
29.91647,71.63464,337.41,0.48,0.4,2026-07-03,837,N20,VIIRS,n,2.0NRT,302.67,6.24,D,VIIRS_NOAA20_NRT,,
29.92099,71.79802,337.88,0.49,0.4,2026-07-03,837,N20,VIIRS,n,2.0NRT,300.9,6.25,D,VIIRS_NOAA20_NRT,,
29.92159,71.8031,340.72,0.49,0.4,2026-07-03,837,N20,VIIRS,n,2.0NRT,301.16,5.96,D,VIIRS_NOAA20_NRT,,
29.92334,71.80132,342.11,0.49,0.4,2026-07-03,837,N20,VIIRS,n,2.0NRT,301.06,7.92,D,VIIRS_NOAA20_NRT,,
29.92694,72.37128,340.44,0.52,0.42,2026-07-03,837,N20,VIIRS,n,2.0NRT,301.03,10.68,D,VIIRS_NOAA20_NRT,,
29.93205,72.21767,335.97,0.51,0.41,2026-07-03,837,N20,VIIRS,n,2.0NRT,298.64,3.21,D,VIIRS_NOAA20_NRT,,
29.93296,71.67789,343.71,0.48,0.4,2026-07-03,837,N20,VIIRS,n,2.0NRT,302.03,9.45,D,VIIRS_NOAA20_NRT,,
29.93586,72.38095,334.54,0.52,0.42,2026-07-03,837,N20,VIIRS,n,2.0NRT,299.88,15.67,D,VIIRS_NOAA20_NRT,,
29.93618,71.43014,343.34,0.47,0.4,2026-07-03,837,N20,VIIRS,n,2.0NRT,299.51,4.95,D,VIIRS_NOAA20_NRT,,
29.93649,72.38638,340.56,0.52,0.42,2026-07-03,837,N20,VIIRS,n,2.0NRT,299.17,20.24,D,VIIRS_NOAA20_NRT,,
29.9374,71.43991,340.1,0.47,0.4,2026-07-03,837,N20,VIIRS,n,2.0NRT,301.09,5.73,D,VIIRS_NOAA20_NRT,,
29.93968,72.38037,334.44,0.52,0.42,2026-07-03,837,N20,VIIRS,n,2.0NRT,301.42,15.67,D,VIIRS_NOAA20_NRT,,
29.93982,71.42954,343.3,0.47,0.4,2026-07-03,837,N20,VIIRS,n,2.0NRT,299.53,4.95,D,VIIRS_NOAA20_NRT,,
29.94032,72.38579,341.17,0.52,0.42,2026-07-03,837,N20,VIIRS,n,2.0NRT,300.29,20.24,D,VIIRS_NOAA20_NRT,,
29.94104,71.43932,339.99,0.47,0.4,2026-07-03,837,N20,VIIRS,n,2.0NRT,300.58,5.73,D,VIIRS_NOAA20_NRT,,
29.94712,71.45831,336.22,0.47,0.4,2026-07-03,837,N20,VIIRS,n,2.0NRT,301.43,2.01,D,VIIRS_NOAA20_NRT,,
29.94774,71.46322,340.66,0.47,0.4,2026-07-03,837,N20,VIIRS,n,2.0NRT,301.78,6.13,D,VIIRS_NOAA20_NRT,,
29.95355,71.91261,333.73,0.5,0.41,2026-07-03,837,N20,VIIRS,n,2.0NRT,300.96,2.23,D,VIIRS_NOAA20_NRT,,
29.95728,71.91203,349.65,0.5,0.41,2026-07-03,837,N20,VIIRS,n,2.0NRT,303.46,20.1,D,VIIRS_NOAA20_NRT,,
29.9578,72.1778,331.31,0.51,0.41,2026-07-03,837,N20,VIIRS,n,2.0NRT,299.59,3.86,D,VIIRS_NOAA20_NRT,,
29.96055,71.50626,348.23,0.48,0.4,2026-07-03,837,N20,VIIRS,n,2.0NRT,301.9,9.39,D,VIIRS_NOAA20_NRT,,
29.96158,72.17722,337.56,0.51,0.41,2026-07-03,837,N20,VIIRS,n,2.0NRT,300.06,3.86,D,VIIRS_NOAA20_NRT,,
29.96166,72.17531,334.44,0.51,0.41,2026-07-03,837,N20,VIIRS,n,2.0NRT,299.61,5.58,D,VIIRS_NOAA20_NRT,,
29.96175,71.48598,334.19,0.48,0.4,2026-07-03,837,N20,VIIRS,n,2.0NRT,300.35,1.53,D,VIIRS_NOAA20_NRT,,
29.96418,71.47557,335.94,0.47,0.4,2026-07-03,837,N20,VIIRS,n,2.0NRT,301.11,3.51,D,VIIRS_NOAA20_NRT,,
29.96541,71.4854,336.52,0.48,0.4,2026-07-03,837,N20,VIIRS,n,2.0NRT,302.17,10.62,D,VIIRS_NOAA20_NRT,,
29.96602,71.49031,336.49,0.48,0.4,2026-07-03,837,N20,VIIRS,n,2.0NRT,299.65,8.85,D,VIIRS_NOAA20_NRT,,
29.96783,71.47498,339.81,0.47,0.4,2026-07-03,837,N20,VIIRS,n,2.0NRT,303.15,3.51,D,VIIRS_NOAA20_NRT,,
29.97493,72.5477,339.97,0.53,0.42,2026-07-03,837,N20,VIIRS,n,2.0NRT,301.05,2.95,D,VIIRS_NOAA20_NRT,,
29.97879,72.54713,338.89,0.53,0.42,2026-07-03,837,N20,VIIRS,n,2.0NRT,300.61,7.32,D,VIIRS_NOAA20_NRT,,
29.98991,72.42471,334.02,0.53,0.42,2026-07-03,837,N20,VIIRS,n,2.0NRT,302.1,3.26,D,VIIRS_NOAA20_NRT,,
29.99142,72.4223,341.99,0.53,0.42,2026-07-03,837,N20,VIIRS,n,2.0NRT,302.39,24.22,D,VIIRS_NOAA20_NRT,,
29.99313,72.41867,334.55,0.53,0.42,2026-07-03,837,N20,VIIRS,n,2.0NRT,301.23,13.8,D,VIIRS_NOAA20_NRT,,
29.99375,72.42413,340.42,0.53,0.42,2026-07-03,837,N20,VIIRS,n,2.0NRT,301.77,12.83,D,VIIRS_NOAA20_NRT,,
29.99525,72.42172,342.21,0.53,0.42,2026-07-03,837,N20,VIIRS,n,2.0NRT,302.09,7.92,D,VIIRS_NOAA20_NRT,,
29.99758,72.42355,344.7,0.53,0.42,2026-07-03,837,N20,VIIRS,n,2.0NRT,301.49,12.83,D,VIIRS_NOAA20_NRT,,
29.99908,72.42114,341.88,0.53,0.42,2026-07-03,837,N20,VIIRS,n,2.0NRT,300.79,7.92,D,VIIRS_NOAA20_NRT,,
30.00101,72.84167,332.49,0.55,0.43,2026-07-03,837,N20,VIIRS,n,2.0NRT,300.68,4.69,D,VIIRS_NOAA20_NRT,,
30.00237,72.29597,334.61,0.52,0.41,2026-07-03,837,N20,VIIRS,n,2.0NRT,300.98,3.04,D,VIIRS_NOAA20_NRT,,
30.00273,72.61703,331.2,0.54,0.42,2026-07-03,837,N20,VIIRS,n,2.0NRT,299.6,5.01,D,VIIRS_NOAA20_NRT,,
30.00661,72.61645,337.56,0.54,0.42,2026-07-03,837,N20,VIIRS,n,2.0NRT,301.22,5.01,D,VIIRS_NOAA20_NRT,,
30.00726,72.62203,341.51,0.54,0.42,2026-07-03,837,N20,VIIRS,n,2.0NRT,302.99,12.81,D,VIIRS_NOAA20_NRT,,
30.00737,72.33912,342.01,0.52,0.42,2026-07-03,837,N20,VIIRS,n,2.0NRT,302.19,38.51,D,VIIRS_NOAA20_NRT,,
30.00956,72.95194,330.69,0.56,0.43,2026-07-03,837,N20,VIIRS,n,2.0NRT,298.94,2.72,D,VIIRS_NOAA20_NRT,,
30.01042,72.39939,336.65,0.53,0.42,2026-07-03,837,N20,VIIRS,n,2.0NRT,301.26,4.39,D,VIIRS_NOAA20_NRT,,
30.01317,72.28883,335.44,0.52,0.41,2026-07-03,837,N20,VIIRS,n,2.0NRT,300.9,5.77,D,VIIRS_NOAA20_NRT,,
30.0138,72.29422,339.51,0.52,0.41,2026-07-03,837,N20,VIIRS,n,2.0NRT,301.18,5.77,D,VIIRS_NOAA20_NRT,,
30.02328,72.86175,336.78,0.55,0.43,2026-07-03,837,N20,VIIRS,n,2.0NRT,300.14,4.86,D,VIIRS_NOAA20_NRT,,
30.04022,71.96002,337.95,0.5,0.41,2026-07-03,837,N20,VIIRS,n,2.0NRT,302.1,4.72,D,VIIRS_NOAA20_NRT,,
30.04082,71.96522,334.15,0.5,0.41,2026-07-03,837,N20,VIIRS,n,2.0NRT,301.1,3.77,D,VIIRS_NOAA20_NRT,,
30.04194,73.02446,341.08,0.57,0.43,2026-07-03,837,N20,VIIRS,n,2.0NRT,298.31,8.38,D,VIIRS_NOAA20_NRT,,
30.04261,73.03033,335.93,0.57,0.43,2026-07-03,837,N20,VIIRS,n,2.0NRT,297.24,8.38,D,VIIRS_NOAA20_NRT,,
30.04326,71.9617,341.6,0.5,0.41,2026-07-03,837,N20,VIIRS,n,2.0NRT,301.17,9.83,D,VIIRS_NOAA20_NRT,,
30.04591,73.02388,339.4,0.57,0.43,2026-07-03,837,N20,VIIRS,n,2.0NRT,297.8,8.38,D,VIIRS_NOAA20_NRT,,
30.05721,73.26768,342.21,0.39,0.44,2026-07-03,837,N20,VIIRS,n,2.0NRT,303.02,9.62,D,VIIRS_NOAA20_NRT,,
30.05766,73.27172,346.7,0.39,0.44,2026-07-03,837,N20,VIIRS,n,2.0NRT,302.98,15.68,D,VIIRS_NOAA20_NRT,,
30.06465,72.66727,335.55,0.54,0.42,2026-07-03,837,N20,VIIRS,n,2.0NRT,302.1,7.68,D,VIIRS_NOAA20_NRT,,
30.06529,72.6729,339.43,0.54,0.42,2026-07-03,837,N20,VIIRS,n,2.0NRT,301.85,13.21,D,VIIRS_NOAA20_NRT,,
30.06605,71.45664,333.26,0.47,0.4,2026-07-03,837,N20,VIIRS,n,2.0NRT,299.68,1.81,D,VIIRS_NOAA20_NRT,,
30.08746,71.50854,346.8,0.48,0.4,2026-07-03,837,N20,VIIRS,n,2.0NRT,302.06,8.59,D,VIIRS_NOAA20_NRT,,
30.10271,72.33369,333.49,0.52,0.42,2026-07-03,837,N20,VIIRS,n,2.0NRT,301.38,2.85,D,VIIRS_NOAA20_NRT,,
30.10489,72.70724,337.68,0.55,0.42,2026-07-03,837,N20,VIIRS,n,2.0NRT,301.43,4.68,D,VIIRS_NOAA20_NRT,,
30.13343,72.67999,339.69,0.54,0.42,2026-07-03,837,N20,VIIRS,n,2.0NRT,301.85,6.31,D,VIIRS_NOAA20_NRT,,
30.13383,72.67822,337.07,0.54,0.42,2026-07-03,837,N20,VIIRS,n,2.0NRT,301.03,6.88,D,VIIRS_NOAA20_NRT,,
30.1538,71.88151,337.23,0.5,0.41,2026-07-03,837,N20,VIIRS,n,2.0NRT,301.14,4.35,D,VIIRS_NOAA20_NRT,,
30.15441,71.88667,336.2,0.5,0.41,2026-07-03,837,N20,VIIRS,n,2.0NRT,300.11,2.93,D,VIIRS_NOAA20_NRT,,
30.15753,71.88092,338.34,0.5,0.41,2026-07-03,837,N20,VIIRS,n,2.0NRT,300.89,4.35,D,VIIRS_NOAA20_NRT,,
30.15814,71.88608,335.59,0.5,0.41,2026-07-03,837,N20,VIIRS,n,2.0NRT,300.43,2.93,D,VIIRS_NOAA20_NRT,,
30.15833,72.9732,338.99,0.56,0.43,2026-07-03,837,N20,VIIRS,n,2.0NRT,301.21,6.19,D,VIIRS_NOAA20_NRT,,
30.15875,72.48117,348.42,0.53,0.42,2026-07-03,837,N20,VIIRS,n,2.0NRT,302.82,9.1,D,VIIRS_NOAA20_NRT,,
30.15896,72.97907,335.62,0.56,0.43,2026-07-03,837,N20,VIIRS,n,2.0NRT,300.46,6.46,D,VIIRS_NOAA20_NRT,,
30.1597,72.97448,339.2,0.56,0.43,2026-07-03,837,N20,VIIRS,n,2.0NRT,301.61,8.67,D,VIIRS_NOAA20_NRT,,
30.17031,72.93575,333.01,0.56,0.43,2026-07-03,837,N20,VIIRS,n,2.0NRT,300.83,1.89,D,VIIRS_NOAA20_NRT,,
30.17427,72.93516,334.82,0.56,0.43,2026-07-03,837,N20,VIIRS,n,2.0NRT,303.16,4.82,D,VIIRS_NOAA20_NRT,,
30.18402,73.18731,344.27,0.39,0.44,2026-07-03,837,N20,VIIRS,n,2.0NRT,302.22,4.18,D,VIIRS_NOAA20_NRT,,
30.18511,73.18382,343.12,0.39,0.44,2026-07-03,837,N20,VIIRS,n,2.0NRT,302.43,3.06,D,VIIRS_NOAA20_NRT,,
30.1882,72.39834,336.41,0.53,0.42,2026-07-03,837,N20,VIIRS,n,2.0NRT,302.9,3.21,D,VIIRS_NOAA20_NRT,,
30.2204,72.91653,338.39,0.56,0.43,2026-07-03,837,N20,VIIRS,n,2.0NRT,301.25,5.79,D,VIIRS_NOAA20_NRT,,
30.26395,72.13137,333.72,0.51,0.41,2026-07-03,837,N20,VIIRS,n,2.0NRT,302.2,1.89,D,VIIRS_NOAA20_NRT,,
30.28079,73.42328,332.27,0.4,0.44,2026-07-03,837,N20,VIIRS,n,2.0NRT,300.77,0.92,D,VIIRS_NOAA20_NRT,,
30.28177,73.13732,334.3,0.38,0.44,2026-07-03,837,N20,VIIRS,n,2.0NRT,302.35,3.78,D,VIIRS_NOAA20_NRT,,
30.31701,73.14867,343.72,0.39,0.44,2026-07-03,837,N20,VIIRS,n,2.0NRT,302.17,3.5,D,VIIRS_NOAA20_NRT,,
30.31781,73.61024,343.83,0.41,0.45,2026-07-03,837,N20,VIIRS,n,2.0NRT,302.97,4.76,D,VIIRS_NOAA20_NRT,,
30.32727,73.35822,347.67,0.4,0.44,2026-07-03,837,N20,VIIRS,n,2.0NRT,300.21,3.55,D,VIIRS_NOAA20_NRT,,
30.33274,73.33234,343.19,0.39,0.44,2026-07-03,837,N20,VIIRS,n,2.0NRT,303.04,5.87,D,VIIRS_NOAA20_NRT,,
30.33497,73.50953,342.66,0.4,0.45,2026-07-03,837,N20,VIIRS,n,2.0NRT,300.51,4.64,D,VIIRS_NOAA20_NRT,,
30.3383,73.5686,332.76,0.41,0.45,2026-07-03,837,N20,VIIRS,n,2.0NRT,301.75,2.17,D,VIIRS_NOAA20_NRT,,
30.34072,73.5645,330.01,0.41,0.45,2026-07-03,837,N20,VIIRS,l,2.0NRT,300.75,1.36,D,VIIRS_NOAA20_NRT,,
30.34859,73.52045,344.88,0.4,0.45,2026-07-03,837,N20,VIIRS,n,2.0NRT,300.69,8.21,D,VIIRS_NOAA20_NRT,,
30.35269,73.51986,330.97,0.4,0.45,2026-07-03,837,N20,VIIRS,l,2.0NRT,301.71,3.69,D,VIIRS_NOAA20_NRT,,
30.36198,73.64812,331.83,0.41,0.45,2026-07-03,837,N20,VIIRS,l,2.0NRT,302.3,2.13,D,VIIRS_NOAA20_NRT,,
30.38605,73.05714,337.18,0.57,0.43,2026-07-03,837,N20,VIIRS,n,2.0NRT,302.68,3.89,D,VIIRS_NOAA20_NRT,,
30.38754,73.05217,339.03,0.57,0.43,2026-07-03,837,N20,VIIRS,n,2.0NRT,303.41,4.92,D,VIIRS_NOAA20_NRT,,
30.39004,73.05656,337.61,0.57,0.43,2026-07-03,837,N20,VIIRS,n,2.0NRT,302.1,3.89,D,VIIRS_NOAA20_NRT,,
30.3911,72.91786,336.14,0.56,0.43,2026-07-03,837,N20,VIIRS,n,2.0NRT,302.86,3.17,D,VIIRS_NOAA20_NRT,,
30.39797,72.45217,335.76,0.53,0.42,2026-07-03,837,N20,VIIRS,n,2.0NRT,301.24,4.1,D,VIIRS_NOAA20_NRT,,
30.40235,73.55588,355.72,0.41,0.45,2026-07-03,837,N20,VIIRS,n,2.0NRT,301.58,9.16,D,VIIRS_NOAA20_NRT,,
30.41143,72.17957,341.33,0.52,0.41,2026-07-03,837,N20,VIIRS,n,2.0NRT,303.74,5.41,D,VIIRS_NOAA20_NRT,,
30.41228,73.45605,330.97,0.4,0.44,2026-07-03,837,N20,VIIRS,n,2.0NRT,300.11,1.28,D,VIIRS_NOAA20_NRT,,
30.42575,73.61752,341.12,0.41,0.45,2026-07-03,837,N20,VIIRS,n,2.0NRT,300.93,3.78,D,VIIRS_NOAA20_NRT,,
30.44724,73.24619,342.91,0.39,0.44,2026-07-03,837,N20,VIIRS,n,2.0NRT,302.68,5.09,D,VIIRS_NOAA20_NRT,,
30.46344,72.25983,343.25,0.52,0.42,2026-07-03,837,N20,VIIRS,n,2.0NRT,301.94,9.13,D,VIIRS_NOAA20_NRT,,
30.47477,73.78362,331.62,0.42,0.45,2026-07-03,837,N20,VIIRS,n,2.0NRT,299.87,2.49,D,VIIRS_NOAA20_NRT,,
30.5119,73.61561,341.34,0.41,0.45,2026-07-03,837,N20,VIIRS,n,2.0NRT,298.53,3.18,D,VIIRS_NOAA20_NRT,,
30.51593,73.85398,340.76,0.42,0.45,2026-07-03,837,N20,VIIRS,n,2.0NRT,299.51,4.4,D,VIIRS_NOAA20_NRT,,
30.51788,73.71124,334.41,0.42,0.45,2026-07-03,837,N20,VIIRS,n,2.0NRT,300.53,2.82,D,VIIRS_NOAA20_NRT,,
30.52197,73.87116,338.7,0.42,0.46,2026-07-03,837,N20,VIIRS,n,2.0NRT,298.95,1.98,D,VIIRS_NOAA20_NRT,,
30.52529,72.55515,338.39,0.54,0.42,2026-07-03,837,N20,VIIRS,n,2.0NRT,302.15,2.78,D,VIIRS_NOAA20_NRT,,
30.52594,72.37703,341.95,0.53,0.42,2026-07-03,837,N20,VIIRS,n,2.0NRT,305.02,3.67,D,VIIRS_NOAA20_NRT,,
30.52818,72.37845,344.7,0.53,0.42,2026-07-03,837,N20,VIIRS,n,2.0NRT,304.44,6.5,D,VIIRS_NOAA20_NRT,,
30.52979,72.37645,334.33,0.53,0.42,2026-07-03,837,N20,VIIRS,n,2.0NRT,302.53,3.67,D,VIIRS_NOAA20_NRT,,
30.53872,73.99153,334.93,0.43,0.46,2026-07-03,837,N20,VIIRS,n,2.0NRT,298.5,1.84,D,VIIRS_NOAA20_NRT,,
30.53919,73.99604,331.48,0.43,0.46,2026-07-03,837,N20,VIIRS,n,2.0NRT,297.83,2.09,D,VIIRS_NOAA20_NRT,,
30.53995,73.46008,332.73,0.4,0.44,2026-07-03,837,N20,VIIRS,n,2.0NRT,302.09,2.76,D,VIIRS_NOAA20_NRT,,
30.54091,73.4605,333.07,0.4,0.44,2026-07-03,837,N20,VIIRS,n,2.0NRT,302.07,2.22,D,VIIRS_NOAA20_NRT,,
30.54294,73.99095,332.31,0.43,0.46,2026-07-03,837,N20,VIIRS,n,2.0NRT,296.81,1.03,D,VIIRS_NOAA20_NRT,,
30.55962,73.41035,335.07,0.4,0.44,2026-07-03,837,N20,VIIRS,n,2.0NRT,302.15,2.23,D,VIIRS_NOAA20_NRT,,
30.56029,72.82446,336.95,0.56,0.43,2026-07-03,837,N20,VIIRS,n,2.0NRT,300.93,5.34,D,VIIRS_NOAA20_NRT,,
30.57084,73.47717,334.72,0.4,0.45,2026-07-03,837,N20,VIIRS,n,2.0NRT,302.17,2.02,D,VIIRS_NOAA20_NRT,,
30.57753,73.74263,332.13,0.42,0.45,2026-07-03,837,N20,VIIRS,n,2.0NRT,299.72,3.61,D,VIIRS_NOAA20_NRT,,
30.5901,76.28471,330.97,0.59,0.53,2026-07-03,837,N20,VIIRS,n,2.0NRT,290.51,5.75,D,VIIRS_NOAA20_NRT,,
30.59205,76.28645,336.8,0.59,0.53,2026-07-03,837,N20,VIIRS,n,2.0NRT,290.77,5.44,D,VIIRS_NOAA20_NRT,,
30.59421,73.9065,344.12,0.43,0.46,2026-07-03,837,N20,VIIRS,n,2.0NRT,300.53,10.02,D,VIIRS_NOAA20_NRT,,
30.59497,73.5082,335.78,0.41,0.45,2026-07-03,837,N20,VIIRS,n,2.0NRT,300.7,1.97,D,VIIRS_NOAA20_NRT,,
30.59894,73.66451,330.63,0.41,0.45,2026-07-03,837,N20,VIIRS,l,2.0NRT,300.67,2.75,D,VIIRS_NOAA20_NRT,,
30.61644,73.67091,332.67,0.42,0.45,2026-07-03,837,N20,VIIRS,n,2.0NRT,301.08,4.68,D,VIIRS_NOAA20_NRT,,
30.61685,72.02878,343.01,0.51,0.41,2026-07-03,837,N20,VIIRS,n,2.0NRT,301.47,6.27,D,VIIRS_NOAA20_NRT,,
30.62037,73.91205,341.99,0.43,0.46,2026-07-03,837,N20,VIIRS,n,2.0NRT,299.23,4.48,D,VIIRS_NOAA20_NRT,,
30.62612,73.64317,337.35,0.41,0.45,2026-07-03,837,N20,VIIRS,n,2.0NRT,301.8,4.07,D,VIIRS_NOAA20_NRT,,
30.62791,73.86117,336.0,0.43,0.46,2026-07-03,837,N20,VIIRS,n,2.0NRT,299.12,4.29,D,VIIRS_NOAA20_NRT,,
30.64087,73.66314,335.44,0.42,0.45,2026-07-03,837,N20,VIIRS,n,2.0NRT,299.84,2.06,D,VIIRS_NOAA20_NRT,,
30.6419,73.87284,332.58,0.43,0.46,2026-07-03,837,N20,VIIRS,n,2.0NRT,297.44,3.75,D,VIIRS_NOAA20_NRT,,
30.65861,73.78954,340.2,0.42,0.45,2026-07-03,837,N20,VIIRS,n,2.0NRT,298.36,3.2,D,VIIRS_NOAA20_NRT,,
30.66479,73.88788,332.52,0.43,0.46,2026-07-03,837,N20,VIIRS,n,2.0NRT,300.38,2.37,D,VIIRS_NOAA20_NRT,,
30.6736,73.85048,332.83,0.43,0.46,2026-07-03,837,N20,VIIRS,n,2.0NRT,299.25,3.43,D,VIIRS_NOAA20_NRT,,
30.68557,73.58818,343.51,0.41,0.45,2026-07-03,837,N20,VIIRS,n,2.0NRT,299.09,6.82,D,VIIRS_NOAA20_NRT,,
30.68934,73.99886,330.07,0.43,0.46,2026-07-03,837,N20,VIIRS,n,2.0NRT,299.83,1.96,D,VIIRS_NOAA20_NRT,,
30.69519,73.59998,332.42,0.41,0.45,2026-07-03,837,N20,VIIRS,n,2.0NRT,300.01,1.87,D,VIIRS_NOAA20_NRT,,
30.7015,74.19794,347.14,0.45,0.47,2026-07-03,837,N20,VIIRS,n,2.0NRT,301.44,4.3,D,VIIRS_NOAA20_NRT,,
30.70198,74.20261,332.02,0.45,0.47,2026-07-03,837,N20,VIIRS,n,2.0NRT,300.09,4.3,D,VIIRS_NOAA20_NRT,,
30.71962,73.91866,335.64,0.43,0.46,2026-07-03,837,N20,VIIRS,n,2.0NRT,299.43,3.23,D,VIIRS_NOAA20_NRT,,
30.71971,73.87764,341.54,0.43,0.46,2026-07-03,837,N20,VIIRS,n,2.0NRT,300.23,3.64,D,VIIRS_NOAA20_NRT,,
30.722,73.90008,331.09,0.43,0.46,2026-07-03,837,N20,VIIRS,n,2.0NRT,300.61,4.18,D,VIIRS_NOAA20_NRT,,
30.73416,73.26828,348.97,0.4,0.44,2026-07-03,837,N20,VIIRS,n,2.0NRT,300.94,12.97,D,VIIRS_NOAA20_NRT,,
30.73422,73.26863,354.68,0.4,0.44,2026-07-03,837,N20,VIIRS,n,2.0NRT,300.87,10.74,D,VIIRS_NOAA20_NRT,,
30.74167,73.37309,337.24,0.4,0.44,2026-07-03,837,N20,VIIRS,n,2.0NRT,301.72,3.44,D,VIIRS_NOAA20_NRT,,
30.74217,73.80675,335.1,0.42,0.45,2026-07-03,837,N20,VIIRS,n,2.0NRT,301.34,2.04,D,VIIRS_NOAA20_NRT,,
30.74246,74.01673,331.85,0.44,0.46,2026-07-03,837,N20,VIIRS,n,2.0NRT,300.14,3.81,D,VIIRS_NOAA20_NRT,,
30.7548,73.11555,340.61,0.39,0.44,2026-07-03,837,N20,VIIRS,n,2.0NRT,298.89,3.46,D,VIIRS_NOAA20_NRT,,
30.76179,73.99564,331.5,0.43,0.46,2026-07-03,837,N20,VIIRS,n,2.0NRT,296.48,1.75,D,VIIRS_NOAA20_NRT,,
30.77074,73.99906,343.13,0.43,0.46,2026-07-03,837,N20,VIIRS,n,2.0NRT,298.92,7.29,D,VIIRS_NOAA20_NRT,,
30.77121,74.00361,334.0,0.44,0.46,2026-07-03,837,N20,VIIRS,n,2.0NRT,297.63,2.53,D,VIIRS_NOAA20_NRT,,
30.77179,73.08422,342.8,0.39,0.44,2026-07-03,837,N20,VIIRS,n,2.0NRT,302.55,3.05,D,VIIRS_NOAA20_NRT,,
30.78108,73.9746,332.55,0.43,0.46,2026-07-03,837,N20,VIIRS,n,2.0NRT,297.6,1.81,D,VIIRS_NOAA20_NRT,,
30.78353,74.25111,331.96,0.45,0.47,2026-07-03,837,N20,VIIRS,n,2.0NRT,298.84,1.89,D,VIIRS_NOAA20_NRT,,
30.78397,74.04364,332.28,0.44,0.46,2026-07-03,837,N20,VIIRS,n,2.0NRT,298.95,0.97,D,VIIRS_NOAA20_NRT,,
30.78748,73.87302,332.55,0.43,0.46,2026-07-03,837,N20,VIIRS,n,2.0NRT,300.44,4.86,D,VIIRS_NOAA20_NRT,,
30.79549,74.23997,330.9,0.45,0.47,2026-07-03,837,N20,VIIRS,n,2.0NRT,297.48,2.03,D,VIIRS_NOAA20_NRT,,
30.80899,74.03567,331.13,0.44,0.46,2026-07-03,837,N20,VIIRS,n,2.0NRT,299.19,2.41,D,VIIRS_NOAA20_NRT,,
30.81212,74.03183,340.78,0.44,0.46,2026-07-03,837,N20,VIIRS,n,2.0NRT,299.82,6.64,D,VIIRS_NOAA20_NRT,,
30.81276,74.03053,339.78,0.44,0.46,2026-07-03,837,N20,VIIRS,n,2.0NRT,300.0,2.71,D,VIIRS_NOAA20_NRT,,
30.82788,73.52538,337.67,0.41,0.45,2026-07-03,837,N20,VIIRS,n,2.0NRT,297.98,1.67,D,VIIRS_NOAA20_NRT,,
30.84401,73.8391,338.65,0.43,0.46,2026-07-03,837,N20,VIIRS,n,2.0NRT,299.63,3.42,D,VIIRS_NOAA20_NRT,,
30.86036,73.91448,331.4,0.43,0.46,2026-07-03,837,N20,VIIRS,n,2.0NRT,300.17,2.45,D,VIIRS_NOAA20_NRT,,
30.89813,74.0717,342.78,0.44,0.46,2026-07-03,837,N20,VIIRS,n,2.0NRT,298.95,8.16,D,VIIRS_NOAA20_NRT,,
30.91636,73.42754,333.53,0.41,0.45,2026-07-03,837,N20,VIIRS,n,2.0NRT,300.1,1.96,D,VIIRS_NOAA20_NRT,,
30.92677,72.20827,349.47,0.53,0.42,2026-07-03,837,N20,VIIRS,n,2.0NRT,305.72,11.26,D,VIIRS_NOAA20_NRT,,
30.9287,72.20525,345.33,0.53,0.42,2026-07-03,837,N20,VIIRS,n,2.0NRT,303.4,6.87,D,VIIRS_NOAA20_NRT,,
30.93102,74.06466,335.81,0.44,0.46,2026-07-03,837,N20,VIIRS,n,2.0NRT,298.4,2.19,D,VIIRS_NOAA20_NRT,,
30.93331,74.08784,340.56,0.44,0.46,2026-07-03,837,N20,VIIRS,n,2.0NRT,299.22,2.8,D,VIIRS_NOAA20_NRT,,
30.94081,73.30827,338.26,0.4,0.44,2026-07-03,837,N20,VIIRS,n,2.0NRT,299.61,2.23,D,VIIRS_NOAA20_NRT,,
30.95404,73.62367,335.71,0.42,0.45,2026-07-03,837,N20,VIIRS,n,2.0NRT,300.22,2.41,D,VIIRS_NOAA20_NRT,,
31.0109,73.04673,336.37,0.39,0.44,2026-07-03,837,N20,VIIRS,n,2.0NRT,301.32,3.44,D,VIIRS_NOAA20_NRT,,
31.02411,73.20354,336.56,0.4,0.44,2026-07-03,837,N20,VIIRS,n,2.0NRT,301.25,0.8,D,VIIRS_NOAA20_NRT,,
31.05734,73.66817,338.98,0.42,0.45,2026-07-03,837,N20,VIIRS,n,2.0NRT,300.78,6.57,D,VIIRS_NOAA20_NRT,,
31.07778,73.70127,345.55,0.42,0.45,2026-07-03,837,N20,VIIRS,n,2.0NRT,299.15,4.6,D,VIIRS_NOAA20_NRT,,
31.09199,73.57918,331.33,0.42,0.45,2026-07-03,837,N20,VIIRS,n,2.0NRT,299.78,2.02,D,VIIRS_NOAA20_NRT,,
31.10231,73.51588,339.7,0.41,0.45,2026-07-03,837,N20,VIIRS,n,2.0NRT,301.2,5.05,D,VIIRS_NOAA20_NRT,,
31.13392,73.61787,337.63,0.42,0.45,2026-07-03,837,N20,VIIRS,n,2.0NRT,300.84,6.69,D,VIIRS_NOAA20_NRT,,
31.14223,73.34039,343.99,0.4,0.45,2026-07-03,837,N20,VIIRS,n,2.0NRT,302.19,6.62,D,VIIRS_NOAA20_NRT,,
31.17713,72.61485,348.69,0.56,0.43,2026-07-03,837,N20,VIIRS,n,2.0NRT,303.83,11.72,D,VIIRS_NOAA20_NRT,,
31.19588,75.35632,336.47,0.53,0.5,2026-07-03,837,N20,VIIRS,n,2.0NRT,293.4,5.05,D,VIIRS_NOAA20_NRT,,
31.30718,72.67166,337.25,0.56,0.43,2026-07-03,837,N20,VIIRS,n,2.0NRT,305.01,6.2,D,VIIRS_NOAA20_NRT,,
31.3098,72.66929,336.81,0.56,0.43,2026-07-03,837,N20,VIIRS,n,2.0NRT,304.88,4.88,D,VIIRS_NOAA20_NRT,,
31.40049,72.58864,334.92,0.56,0.43,2026-07-03,837,N20,VIIRS,n,2.0NRT,300.74,2.41,D,VIIRS_NOAA20_NRT,,
31.57844,72.7956,344.25,0.57,0.43,2026-07-03,837,N20,VIIRS,n,2.0NRT,300.76,8.21,D,VIIRS_NOAA20_NRT,,
31.59575,72.76849,336.1,0.57,0.43,2026-07-03,837,N20,VIIRS,n,2.0NRT,300.93,2.04,D,VIIRS_NOAA20_NRT,,
31.62391,72.95158,330.41,0.39,0.44,2026-07-03,837,N20,VIIRS,n,2.0NRT,299.89,2.54,D,VIIRS_NOAA20_NRT,,
31.63908,72.9035,343.18,0.39,0.44,2026-07-03,837,N20,VIIRS,n,2.0NRT,300.85,3.41,D,VIIRS_NOAA20_NRT,,
31.66955,72.68307,337.35,0.57,0.43,2026-07-03,837,N20,VIIRS,n,2.0NRT,300.15,3.07,D,VIIRS_NOAA20_NRT,,
31.69853,72.80051,334.05,0.38,0.43,2026-07-03,837,N20,VIIRS,l,2.0NRT,305.36,3.79,D,VIIRS_NOAA20_NRT,,
31.69897,72.80457,334.4,0.38,0.43,2026-07-03,837,N20,VIIRS,l,2.0NRT,305.15,3.79,D,VIIRS_NOAA20_NRT,,
31.70851,73.04587,342.88,0.4,0.44,2026-07-03,837,N20,VIIRS,n,2.0NRT,301.75,3.85,D,VIIRS_NOAA20_NRT,,
31.70962,72.86509,333.97,0.39,0.44,2026-07-03,837,N20,VIIRS,l,2.0NRT,306.13,5.91,D,VIIRS_NOAA20_NRT,,
31.71962,73.1511,342.44,0.4,0.44,2026-07-03,837,N20,VIIRS,n,2.0NRT,297.71,2.81,D,VIIRS_NOAA20_NRT,,
31.79433,73.00008,333.62,0.39,0.44,2026-07-03,837,N20,VIIRS,l,2.0NRT,305.97,10.38,D,VIIRS_NOAA20_NRT,,
31.81799,70.8287,337.34,0.47,0.39,2026-07-03,837,N20,VIIRS,n,2.0NRT,303.71,3.98,D,VIIRS_NOAA20_NRT,,
32.46657,72.9631,331.75,0.4,0.44,2026-07-03,837,N20,VIIRS,n,2.0NRT,297.84,1.6,D,VIIRS_NOAA20_NRT,,
34.1967,73.30594,340.42,0.44,0.46,2026-07-03,839,N20,VIIRS,n,2.0NRT,297.76,5.43,D,VIIRS_NOAA20_NRT,,
34.21432,72.88509,335.88,0.41,0.45,2026-07-03,839,N20,VIIRS,n,2.0NRT,303.85,3.68,D,VIIRS_NOAA20_NRT,,
34.44829,72.68507,330.59,0.41,0.45,2026-07-03,839,N20,VIIRS,l,2.0NRT,303.61,2.9,D,VIIRS_NOAA20_NRT,,
34.46054,72.68243,341.18,0.41,0.45,2026-07-03,839,N20,VIIRS,n,2.0NRT,299.59,3.44,D,VIIRS_NOAA20_NRT,,
30.06841,96.97946,306.62,0.38,0.36,2026-07-03,1919,N20,VIIRS,n,2.0NRT,288.26,1.11,N,VIIRS_NOAA20_NRT,,
35.99133,94.83092,303.46,0.47,0.4,2026-07-03,1919,N20,VIIRS,n,2.0NRT,286.44,0.96,N,VIIRS_NOAA20_NRT,,
24.11692,86.86188,309.78,0.62,0.54,2026-07-03,1921,N20,VIIRS,n,2.0NRT,288.76,2.38,N,VIIRS_NOAA20_NRT,,
25.03523,87.37315,309.57,0.59,0.53,2026-07-03,1921,N20,VIIRS,n,2.0NRT,287.65,7.39,N,VIIRS_NOAA20_NRT,,
25.03836,87.39098,316.32,0.59,0.53,2026-07-03,1921,N20,VIIRS,n,2.0NRT,287.08,8.64,N,VIIRS_NOAA20_NRT,,
25.54214,91.23474,319.61,0.53,0.42,2026-07-03,1921,N20,VIIRS,n,2.0NRT,288.59,2.64,N,VIIRS_NOAA20_NRT,,
29.22732,88.35183,298.38,0.58,0.52,2026-07-03,1921,N20,VIIRS,n,2.0NRT,281.46,1.9,N,VIIRS_NOAA20_NRT,,
29.37779,91.14936,296.05,0.4,0.44,2026-07-03,1921,N20,VIIRS,n,2.0NRT,282.19,1.49,N,VIIRS_NOAA20_NRT,,
29.66095,90.90516,299.08,0.41,0.45,2026-07-03,1921,N20,VIIRS,n,2.0NRT,284.25,0.78,N,VIIRS_NOAA20_NRT,,
29.66176,90.90644,296.12,0.41,0.45,2026-07-03,1921,N20,VIIRS,n,2.0NRT,285.55,0.77,N,VIIRS_NOAA20_NRT,,
28.42434,69.70216,322.37,0.4,0.37,2026-07-03,2101,N20,VIIRS,n,2.0NRT,297.87,1.65,N,VIIRS_NOAA20_NRT,,
28.44721,68.45184,316.86,0.43,0.38,2026-07-03,2101,N20,VIIRS,n,2.0NRT,299.17,1.57,N,VIIRS_NOAA20_NRT,,
32.57508,72.56258,310.13,0.38,0.36,2026-07-03,2101,N20,VIIRS,n,2.0NRT,295.38,2.62,N,VIIRS_NOAA20_NRT,,
32.64489,72.97898,310.83,0.39,0.36,2026-07-03,2101,N20,VIIRS,n,2.0NRT,295.62,1.77,N,VIIRS_NOAA20_NRT,,
32.82932,71.60271,309.83,0.39,0.36,2026-07-03,2101,N20,VIIRS,n,2.0NRT,296.86,1.88,N,VIIRS_NOAA20_NRT,,
33.23637,71.5169,305.95,0.39,0.36,2026-07-03,2101,N20,VIIRS,n,2.0NRT,292.1,0.4,N,VIIRS_NOAA20_NRT,,
33.40752,71.93916,308.11,0.39,0.36,2026-07-03,2101,N20,VIIRS,n,2.0NRT,293.83,1.04,N,VIIRS_NOAA20_NRT,,
33.54715,71.55282,310.41,0.39,0.36,2026-07-03,2101,N20,VIIRS,n,2.0NRT,294.87,1.02,N,VIIRS_NOAA20_NRT,,
33.68961,72.7133,311.6,0.38,0.36,2026-07-03,2101,N20,VIIRS,n,2.0NRT,292.86,1.57,N,VIIRS_NOAA20_NRT,,
33.90427,71.91586,308.01,0.39,0.36,2026-07-03,2101,N20,VIIRS,n,2.0NRT,297.38,1.1,N,VIIRS_NOAA20_NRT,,
34.28567,72.73504,302.26,0.38,0.36,2026-07-03,2101,N20,VIIRS,n,2.0NRT,291.22,0.51,N,VIIRS_NOAA20_NRT,,
34.45258,72.69314,307.51,0.38,0.36,2026-07-03,2101,N20,VIIRS,n,2.0NRT,294.03,1.7,N,VIIRS_NOAA20_NRT,,
35.96783,68.68777,305.06,0.5,0.41,2026-07-03,2101,N20,VIIRS,n,2.0NRT,291.71,1.51,N,VIIRS_NOAA20_NRT,,
22.90686,69.698,295.03,0.38,0.36,2026-07-03,2104,N20,VIIRS,n,2.0NRT,261.89,0.41,N,VIIRS_NOAA20_NRT,,
22.91015,69.6986,295.31,0.38,0.36,2026-07-03,2104,N20,VIIRS,n,2.0NRT,263.69,0.41,N,VIIRS_NOAA20_NRT,,
22.93376,69.6991,302.76,0.38,0.36,2026-07-03,2104,N20,VIIRS,n,2.0NRT,266.32,0.46,N,VIIRS_NOAA20_NRT,,
24.14877,82.65842,305.7,0.53,0.67,2026-07-03,2104,N20,VIIRS,n,2.0NRT,287.62,0.8,N,VIIRS_NOAA20_NRT,,
24.14986,82.57883,310.34,0.52,0.67,2026-07-03,2104,N20,VIIRS,n,2.0NRT,287.6,1.21,N,VIIRS_NOAA20_NRT,,
24.15895,82.56357,307.45,0.52,0.67,2026-07-03,2104,N20,VIIRS,n,2.0NRT,287.31,1.18,N,VIIRS_NOAA20_NRT,,
24.16557,80.6955,304.67,0.4,0.6,2026-07-03,2104,N20,VIIRS,n,2.0NRT,287.3,1.08,N,VIIRS_NOAA20_NRT,,
24.16693,80.69498,308.19,0.4,0.6,2026-07-03,2104,N20,VIIRS,n,2.0NRT,287.62,0.87,N,VIIRS_NOAA20_NRT,,
24.20018,80.79754,304.89,0.4,0.6,2026-07-03,2104,N20,VIIRS,n,2.0NRT,287.92,0.82,N,VIIRS_NOAA20_NRT,,
25.38764,68.5815,308.87,0.41,0.37,2026-07-03,2104,N20,VIIRS,n,2.0NRT,283.33,0.86,N,VIIRS_NOAA20_NRT,,
26.09375,68.87977,301.31,0.4,0.37,2026-07-03,2104,N20,VIIRS,n,2.0NRT,273.67,0.36,N,VIIRS_NOAA20_NRT,,
25.80292,93.44984,333.2,0.38,0.43,2026-07-04,635,N20,VIIRS,n,2.0NRT,292.28,2.65,D,VIIRS_NOAA20_NRT,,
25.72804,92.79896,334.11,0.42,0.45,2026-07-04,637,N20,VIIRS,n,2.0NRT,292.72,4.52,D,VIIRS_NOAA20_NRT,,
26.4316,93.72741,337.53,0.54,0.42,2026-07-04,637,N20,VIIRS,n,2.0NRT,295.42,5.17,D,VIIRS_NOAA20_NRT,,
26.71514,96.5413,328.56,0.41,0.37,2026-07-04,637,N20,VIIRS,n,2.0NRT,293.68,1.77,D,VIIRS_NOAA20_NRT,,
27.37741,95.33756,330.52,0.44,0.39,2026-07-04,637,N20,VIIRS,l,2.0NRT,297.53,4.57,D,VIIRS_NOAA20_NRT,,
28.41225,92.46368,330.37,0.39,0.44,2026-07-04,637,N20,VIIRS,l,2.0NRT,305.36,2.97,D,VIIRS_NOAA20_NRT,,
29.30308,90.72421,338.29,0.47,0.48,2026-07-04,637,N20,VIIRS,l,2.0NRT,312.57,6.01,D,VIIRS_NOAA20_NRT,,
29.64055,91.29766,340.74,0.43,0.46,2026-07-04,637,N20,VIIRS,l,2.0NRT,315.26,8.72,D,VIIRS_NOAA20_NRT,,
29.67432,91.1588,339.58,0.44,0.46,2026-07-04,637,N20,VIIRS,l,2.0NRT,313.72,9.44,D,VIIRS_NOAA20_NRT,,
29.67847,91.15773,347.31,0.44,0.46,2026-07-04,637,N20,VIIRS,n,2.0NRT,314.44,10.54,D,VIIRS_NOAA20_NRT,,
30.32913,92.07887,333.89,0.57,0.43,2026-07-04,637,N20,VIIRS,n,2.0NRT,304.7,4.89,D,VIIRS_NOAA20_NRT,,
31.5955,91.4885,335.66,0.39,0.44,2026-07-04,637,N20,VIIRS,l,2.0NRT,310.47,4.26,D,VIIRS_NOAA20_NRT,,
8.72824,80.97388,331.4,0.47,0.4,2026-07-04,813,N20,VIIRS,n,2.0NRT,294.01,3.32,D,VIIRS_NOAA20_NRT,,
10.95569,78.17731,341.43,0.39,0.36,2026-07-04,813,N20,VIIRS,n,2.0NRT,291.98,2.9,D,VIIRS_NOAA20_NRT,,
24.14975,82.58295,333.1,0.62,0.54,2026-07-04,818,N20,VIIRS,n,2.0NRT,294.22,2.84,D,VIIRS_NOAA20_NRT,,
25.84331,84.73245,333.58,0.44,0.62,2026-07-04,818,N20,VIIRS,n,2.0NRT,288.48,1.98,D,VIIRS_NOAA20_NRT,,
26.45395,84.59907,330.66,0.44,0.62,2026-07-04,818,N20,VIIRS,n,2.0NRT,289.48,2.55,D,VIIRS_NOAA20_NRT,,
26.64178,79.47799,340.91,0.43,0.46,2026-07-04,818,N20,VIIRS,n,2.0NRT,296.29,11.09,D,VIIRS_NOAA20_NRT,,
26.95496,80.09619,331.27,0.47,0.48,2026-07-04,818,N20,VIIRS,n,2.0NRT,295.71,3.89,D,VIIRS_NOAA20_NRT,,
27.03708,79.8307,334.17,0.45,0.47,2026-07-04,818,N20,VIIRS,n,2.0NRT,293.46,3.41,D,VIIRS_NOAA20_NRT,,
27.03911,79.83159,332.6,0.45,0.47,2026-07-04,818,N20,VIIRS,n,2.0NRT,292.25,3.63,D,VIIRS_NOAA20_NRT,,
27.11999,80.05743,343.97,0.47,0.48,2026-07-04,818,N20,VIIRS,n,2.0NRT,294.92,4.81,D,VIIRS_NOAA20_NRT,,
27.12263,79.95705,337.33,0.46,0.47,2026-07-04,818,N20,VIIRS,n,2.0NRT,297.84,6.43,D,VIIRS_NOAA20_NRT,,
27.30484,79.42323,335.74,0.43,0.46,2026-07-04,818,N20,VIIRS,n,2.0NRT,296.14,2.32,D,VIIRS_NOAA20_NRT,,
27.30503,79.42613,330.19,0.43,0.46,2026-07-04,818,N20,VIIRS,n,2.0NRT,295.52,2.83,D,VIIRS_NOAA20_NRT,,
27.32431,79.5687,331.55,0.44,0.46,2026-07-04,818,N20,VIIRS,n,2.0NRT,296.05,3.0,D,VIIRS_NOAA20_NRT,,
27.32498,79.56693,332.48,0.44,0.46,2026-07-04,818,N20,VIIRS,n,2.0NRT,296.31,2.65,D,VIIRS_NOAA20_NRT,,
27.52607,68.0124,341.76,0.54,0.42,2026-07-04,818,N20,VIIRS,l,2.0NRT,313.17,10.06,D,VIIRS_NOAA20_NRT,,
27.57407,68.06548,339.94,0.54,0.42,2026-07-04,818,N20,VIIRS,l,2.0NRT,310.48,8.93,D,VIIRS_NOAA20_NRT,,
27.64244,68.11051,340.42,0.53,0.42,2026-07-04,818,N20,VIIRS,l,2.0NRT,311.98,8.7,D,VIIRS_NOAA20_NRT,,
27.70396,81.28532,341.53,0.56,0.52,2026-07-04,818,N20,VIIRS,n,2.0NRT,295.95,10.8,D,VIIRS_NOAA20_NRT,,
27.70487,81.28956,331.32,0.57,0.52,2026-07-04,818,N20,VIIRS,n,2.0NRT,295.2,12.7,D,VIIRS_NOAA20_NRT,,
27.67664,68.10232,341.77,0.53,0.42,2026-07-04,820,N20,VIIRS,l,2.0NRT,313.69,9.4,D,VIIRS_NOAA20_NRT,,
30.23759,73.44353,337.51,0.39,0.36,2026-07-04,820,N20,VIIRS,n,2.0NRT,302.99,4.58,D,VIIRS_NOAA20_NRT,,
30.2428,73.48003,335.31,0.39,0.36,2026-07-04,820,N20,VIIRS,n,2.0NRT,300.5,3.88,D,VIIRS_NOAA20_NRT,,
30.27599,73.37798,334.49,0.39,0.36,2026-07-04,820,N20,VIIRS,n,2.0NRT,303.49,2.69,D,VIIRS_NOAA20_NRT,,
30.30948,73.56344,343.66,0.39,0.36,2026-07-04,820,N20,VIIRS,n,2.0NRT,303.33,9.29,D,VIIRS_NOAA20_NRT,,
30.334,73.56717,333.85,0.39,0.36,2026-07-04,820,N20,VIIRS,n,2.0NRT,301.95,2.5,D,VIIRS_NOAA20_NRT,,
30.36173,73.45784,340.29,0.39,0.36,2026-07-04,820,N20,VIIRS,n,2.0NRT,304.82,3.93,D,VIIRS_NOAA20_NRT,,
30.36533,73.66621,333.7,0.4,0.37,2026-07-04,820,N20,VIIRS,n,2.0NRT,303.21,2.32,D,VIIRS_NOAA20_NRT,,
30.4025,73.57563,339.8,0.39,0.37,2026-07-04,820,N20,VIIRS,n,2.0NRT,302.25,5.11,D,VIIRS_NOAA20_NRT,,
30.40326,73.43739,337.11,0.39,0.36,2026-07-04,820,N20,VIIRS,n,2.0NRT,304.64,1.83,D,VIIRS_NOAA20_NRT,,
30.41224,73.62,332.89,0.4,0.37,2026-07-04,820,N20,VIIRS,l,2.0NRT,303.11,2.99,D,VIIRS_NOAA20_NRT,,
30.41399,73.63228,338.21,0.4,0.37,2026-07-04,820,N20,VIIRS,n,2.0NRT,304.65,4.58,D,VIIRS_NOAA20_NRT,,
30.42648,73.89225,333.05,0.4,0.37,2026-07-04,820,N20,VIIRS,n,2.0NRT,301.58,3.11,D,VIIRS_NOAA20_NRT,,
30.429,73.96001,334.52,0.4,0.37,2026-07-04,820,N20,VIIRS,n,2.0NRT,303.61,3.17,D,VIIRS_NOAA20_NRT,,
30.43154,73.58693,337.94,0.39,0.37,2026-07-04,820,N20,VIIRS,n,2.0NRT,299.36,3.8,D,VIIRS_NOAA20_NRT,,
30.44524,73.82923,331.77,0.4,0.37,2026-07-04,820,N20,VIIRS,n,2.0NRT,301.13,1.4,D,VIIRS_NOAA20_NRT,,
30.45453,73.4912,336.72,0.39,0.36,2026-07-04,820,N20,VIIRS,n,2.0NRT,303.03,4.33,D,VIIRS_NOAA20_NRT,,
30.45572,73.54039,334.54,0.39,0.36,2026-07-04,820,N20,VIIRS,n,2.0NRT,302.74,3.85,D,VIIRS_NOAA20_NRT,,
30.45808,73.3485,339.68,0.39,0.36,2026-07-04,820,N20,VIIRS,n,2.0NRT,304.41,4.92,D,VIIRS_NOAA20_NRT,,
30.47876,73.72551,349.89,0.4,0.37,2026-07-04,820,N20,VIIRS,n,2.0NRT,303.36,18.59,D,VIIRS_NOAA20_NRT,,
30.47935,73.72962,331.85,0.4,0.37,2026-07-04,820,N20,VIIRS,n,2.0NRT,301.74,3.11,D,VIIRS_NOAA20_NRT,,
30.50854,73.343,344.03,0.39,0.36,2026-07-04,820,N20,VIIRS,n,2.0NRT,305.62,5.2,D,VIIRS_NOAA20_NRT,,
30.50907,73.68274,332.95,0.4,0.37,2026-07-04,820,N20,VIIRS,n,2.0NRT,299.0,1.91,D,VIIRS_NOAA20_NRT,,
30.51025,73.81385,346.87,0.4,0.37,2026-07-04,820,N20,VIIRS,n,2.0NRT,303.17,6.47,D,VIIRS_NOAA20_NRT,,
30.53655,73.61004,330.85,0.4,0.37,2026-07-04,820,N20,VIIRS,l,2.0NRT,301.35,4.18,D,VIIRS_NOAA20_NRT,,
30.54311,73.77797,338.67,0.4,0.37,2026-07-04,820,N20,VIIRS,n,2.0NRT,301.44,2.52,D,VIIRS_NOAA20_NRT,,
30.5453,73.76907,334.15,0.4,0.37,2026-07-04,820,N20,VIIRS,n,2.0NRT,303.56,3.84,D,VIIRS_NOAA20_NRT,,
30.55343,73.63215,345.14,0.4,0.37,2026-07-04,820,N20,VIIRS,n,2.0NRT,300.88,4.22,D,VIIRS_NOAA20_NRT,,
30.57305,73.49012,336.54,0.39,0.36,2026-07-04,820,N20,VIIRS,n,2.0NRT,302.69,4.27,D,VIIRS_NOAA20_NRT,,
30.58481,73.73198,339.74,0.4,0.37,2026-07-04,820,N20,VIIRS,n,2.0NRT,304.19,6.95,D,VIIRS_NOAA20_NRT,,
30.58977,73.70621,334.54,0.4,0.37,2026-07-04,820,N20,VIIRS,n,2.0NRT,299.88,3.95,D,VIIRS_NOAA20_NRT,,
30.59345,73.96484,337.69,0.4,0.37,2026-07-04,820,N20,VIIRS,n,2.0NRT,301.17,3.33,D,VIIRS_NOAA20_NRT,,
30.60123,73.94627,337.8,0.4,0.37,2026-07-04,820,N20,VIIRS,n,2.0NRT,301.43,5.75,D,VIIRS_NOAA20_NRT,,
30.61221,73.90142,348.2,0.4,0.37,2026-07-04,820,N20,VIIRS,n,2.0NRT,302.01,5.15,D,VIIRS_NOAA20_NRT,,
30.61558,73.90079,338.36,0.4,0.37,2026-07-04,820,N20,VIIRS,n,2.0NRT,300.42,5.15,D,VIIRS_NOAA20_NRT,,
30.62908,73.54672,346.92,0.4,0.37,2026-07-04,820,N20,VIIRS,n,2.0NRT,303.47,4.94,D,VIIRS_NOAA20_NRT,,
30.64008,74.15028,341.85,0.41,0.37,2026-07-04,820,N20,VIIRS,n,2.0NRT,304.41,9.02,D,VIIRS_NOAA20_NRT,,
30.64099,74.05139,340.19,0.4,0.37,2026-07-04,820,N20,VIIRS,n,2.0NRT,302.43,5.55,D,VIIRS_NOAA20_NRT,,
30.64247,73.98652,338.38,0.4,0.37,2026-07-04,820,N20,VIIRS,n,2.0NRT,301.67,4.44,D,VIIRS_NOAA20_NRT,,
30.65491,74.00142,333.75,0.4,0.37,2026-07-04,820,N20,VIIRS,n,2.0NRT,300.18,2.25,D,VIIRS_NOAA20_NRT,,
30.66246,73.8073,345.46,0.4,0.37,2026-07-04,820,N20,VIIRS,n,2.0NRT,301.2,4.35,D,VIIRS_NOAA20_NRT,,
30.67883,79.97158,341.17,0.51,0.5,2026-07-04,820,N20,VIIRS,n,2.0NRT,300.44,7.16,D,VIIRS_NOAA20_NRT,,
30.68277,79.97311,340.95,0.51,0.5,2026-07-04,820,N20,VIIRS,n,2.0NRT,299.05,8.31,D,VIIRS_NOAA20_NRT,,
30.69431,73.78856,337.9,0.4,0.37,2026-07-04,820,N20,VIIRS,n,2.0NRT,300.55,4.15,D,VIIRS_NOAA20_NRT,,
30.69851,73.6098,341.84,0.4,0.37,2026-07-04,820,N20,VIIRS,n,2.0NRT,303.35,4.85,D,VIIRS_NOAA20_NRT,,
30.70172,73.58383,334.36,0.4,0.37,2026-07-04,820,N20,VIIRS,n,2.0NRT,303.45,1.29,D,VIIRS_NOAA20_NRT,,
30.72406,73.97572,337.9,0.4,0.37,2026-07-04,820,N20,VIIRS,n,2.0NRT,302.08,5.91,D,VIIRS_NOAA20_NRT,,
30.72743,73.9751,337.55,0.4,0.37,2026-07-04,820,N20,VIIRS,n,2.0NRT,303.14,5.91,D,VIIRS_NOAA20_NRT,,
30.72787,73.95351,338.0,0.4,0.37,2026-07-04,820,N20,VIIRS,n,2.0NRT,303.56,4.36,D,VIIRS_NOAA20_NRT,,
30.72962,73.68443,341.26,0.4,0.37,2026-07-04,820,N20,VIIRS,n,2.0NRT,302.67,6.56,D,VIIRS_NOAA20_NRT,,
30.7471,73.95895,338.3,0.4,0.37,2026-07-04,820,N20,VIIRS,n,2.0NRT,303.06,3.62,D,VIIRS_NOAA20_NRT,,
30.74769,73.71502,342.63,0.4,0.37,2026-07-04,820,N20,VIIRS,n,2.0NRT,302.8,7.48,D,VIIRS_NOAA20_NRT,,
30.74782,73.28979,336.97,0.39,0.36,2026-07-04,820,N20,VIIRS,n,2.0NRT,302.84,6.31,D,VIIRS_NOAA20_NRT,,
30.74786,73.86436,334.12,0.4,0.37,2026-07-04,820,N20,VIIRS,n,2.0NRT,302.25,4.6,D,VIIRS_NOAA20_NRT,,
30.75039,74.26598,341.16,0.41,0.37,2026-07-04,820,N20,VIIRS,n,2.0NRT,300.93,4.24,D,VIIRS_NOAA20_NRT,,
30.75328,73.9535,338.13,0.4,0.37,2026-07-04,820,N20,VIIRS,n,2.0NRT,301.67,3.29,D,VIIRS_NOAA20_NRT,,
30.76378,74.05511,336.33,0.41,0.37,2026-07-04,820,N20,VIIRS,n,2.0NRT,301.48,3.79,D,VIIRS_NOAA20_NRT,,
30.76864,73.86477,338.91,0.4,0.37,2026-07-04,820,N20,VIIRS,n,2.0NRT,303.68,6.69,D,VIIRS_NOAA20_NRT,,
30.78969,73.91663,337.2,0.4,0.37,2026-07-04,820,N20,VIIRS,n,2.0NRT,302.02,3.73,D,VIIRS_NOAA20_NRT,,
30.79024,73.32348,335.88,0.39,0.36,2026-07-04,820,N20,VIIRS,n,2.0NRT,304.08,4.16,D,VIIRS_NOAA20_NRT,,
30.79331,73.9676,344.58,0.4,0.37,2026-07-04,820,N20,VIIRS,n,2.0NRT,303.85,6.13,D,VIIRS_NOAA20_NRT,,
30.7954,74.05795,336.2,0.41,0.37,2026-07-04,820,N20,VIIRS,n,2.0NRT,304.34,3.93,D,VIIRS_NOAA20_NRT,,
30.80577,74.10809,336.51,0.41,0.37,2026-07-04,820,N20,VIIRS,n,2.0NRT,301.84,2.88,D,VIIRS_NOAA20_NRT,,
30.84566,74.17042,337.0,0.41,0.37,2026-07-04,820,N20,VIIRS,n,2.0NRT,303.26,7.92,D,VIIRS_NOAA20_NRT,,
30.84787,74.28825,334.01,0.41,0.37,2026-07-04,820,N20,VIIRS,n,2.0NRT,301.7,2.48,D,VIIRS_NOAA20_NRT,,
30.84862,73.8849,333.22,0.4,0.37,2026-07-04,820,N20,VIIRS,n,2.0NRT,298.5,2.33,D,VIIRS_NOAA20_NRT,,
30.84906,74.1698,351.82,0.41,0.37,2026-07-04,820,N20,VIIRS,n,2.0NRT,305.22,7.92,D,VIIRS_NOAA20_NRT,,
30.85199,73.88427,337.46,0.4,0.37,2026-07-04,820,N20,VIIRS,n,2.0NRT,302.28,5.38,D,VIIRS_NOAA20_NRT,,
30.85987,73.29005,343.29,0.39,0.36,2026-07-04,820,N20,VIIRS,n,2.0NRT,305.72,5.06,D,VIIRS_NOAA20_NRT,,
30.86808,74.35948,342.41,0.41,0.37,2026-07-04,820,N20,VIIRS,n,2.0NRT,300.11,4.95,D,VIIRS_NOAA20_NRT,,
30.87497,74.00076,334.77,0.41,0.37,2026-07-04,820,N20,VIIRS,n,2.0NRT,301.94,3.04,D,VIIRS_NOAA20_NRT,,
30.88664,73.95968,344.11,0.4,0.37,2026-07-04,820,N20,VIIRS,n,2.0NRT,304.66,7.63,D,VIIRS_NOAA20_NRT,,
30.8898,73.45251,335.32,0.39,0.37,2026-07-04,820,N20,VIIRS,n,2.0NRT,303.11,4.46,D,VIIRS_NOAA20_NRT,,
30.91367,74.23326,337.45,0.41,0.37,2026-07-04,820,N20,VIIRS,n,2.0NRT,302.96,3.38,D,VIIRS_NOAA20_NRT,,
30.99727,74.1535,346.04,0.41,0.37,2026-07-04,820,N20,VIIRS,n,2.0NRT,302.64,7.86,D,VIIRS_NOAA20_NRT,,
31.01677,73.94101,332.19,0.4,0.37,2026-07-04,820,N20,VIIRS,n,2.0NRT,300.69,1.84,D,VIIRS_NOAA20_NRT,,
31.01944,73.36077,336.18,0.39,0.36,2026-07-04,820,N20,VIIRS,n,2.0NRT,300.0,5.0,D,VIIRS_NOAA20_NRT,,
31.02014,73.94038,336.83,0.4,0.37,2026-07-04,820,N20,VIIRS,n,2.0NRT,301.46,1.84,D,VIIRS_NOAA20_NRT,,
31.02037,73.41546,337.32,0.39,0.37,2026-07-04,820,N20,VIIRS,n,2.0NRT,302.54,5.25,D,VIIRS_NOAA20_NRT,,
31.03123,74.30128,332.47,0.41,0.37,2026-07-04,820,N20,VIIRS,n,2.0NRT,302.17,3.06,D,VIIRS_NOAA20_NRT,,
31.03127,74.14727,338.93,0.41,0.37,2026-07-04,820,N20,VIIRS,n,2.0NRT,303.69,8.59,D,VIIRS_NOAA20_NRT,,
31.05987,73.67133,342.37,0.4,0.37,2026-07-04,820,N20,VIIRS,n,2.0NRT,304.65,5.88,D,VIIRS_NOAA20_NRT,,
31.07853,74.70974,330.09,0.43,0.38,2026-07-04,820,N20,VIIRS,l,2.0NRT,302.93,3.92,D,VIIRS_NOAA20_NRT,,
31.10499,73.55192,338.65,0.4,0.37,2026-07-04,820,N20,VIIRS,n,2.0NRT,302.72,7.5,D,VIIRS_NOAA20_NRT,,
31.14751,73.59602,337.19,0.4,0.37,2026-07-04,820,N20,VIIRS,n,2.0NRT,305.3,7.75,D,VIIRS_NOAA20_NRT,,
31.69584,73.10674,333.87,0.39,0.36,2026-07-04,820,N20,VIIRS,n,2.0NRT,302.76,2.47,D,VIIRS_NOAA20_NRT,,
31.80768,73.71684,331.6,0.4,0.37,2026-07-04,820,N20,VIIRS,l,2.0NRT,302.3,3.29,D,VIIRS_NOAA20_NRT,,
31.80826,73.72108,330.6,0.4,0.37,2026-07-04,820,N20,VIIRS,l,2.0NRT,300.89,1.36,D,VIIRS_NOAA20_NRT,,
31.88167,74.21223,334.44,0.42,0.37,2026-07-04,820,N20,VIIRS,n,2.0NRT,298.37,2.18,D,VIIRS_NOAA20_NRT,,
31.98168,73.16348,332.42,0.39,0.37,2026-07-04,820,N20,VIIRS,l,2.0NRT,306.75,3.0,D,VIIRS_NOAA20_NRT,,
32.43141,74.41504,334.7,0.43,0.38,2026-07-04,820,N20,VIIRS,n,2.0NRT,301.15,3.32,D,VIIRS_NOAA20_NRT,,
33.00349,75.69512,331.17,0.48,0.4,2026-07-04,820,N20,VIIRS,n,2.0NRT,301.3,3.58,D,VIIRS_NOAA20_NRT,,
33.01,74.13521,335.93,0.42,0.38,2026-07-04,820,N20,VIIRS,n,2.0NRT,304.47,2.77,D,VIIRS_NOAA20_NRT,,
33.05035,74.07708,338.03,0.42,0.38,2026-07-04,820,N20,VIIRS,n,2.0NRT,304.68,4.2,D,VIIRS_NOAA20_NRT,,
33.22357,73.88289,335.21,0.42,0.37,2026-07-04,820,N20,VIIRS,n,2.0NRT,303.79,3.81,D,VIIRS_NOAA20_NRT,,
33.22415,73.88733,335.23,0.42,0.38,2026-07-04,820,N20,VIIRS,n,2.0NRT,303.38,3.63,D,VIIRS_NOAA20_NRT,,
34.44863,72.69456,347.86,0.4,0.37,2026-07-04,820,N20,VIIRS,n,2.0NRT,308.9,7.93,D,VIIRS_NOAA20_NRT,,
34.44925,72.69895,346.03,0.4,0.37,2026-07-04,820,N20,VIIRS,n,2.0NRT,305.4,2.65,D,VIIRS_NOAA20_NRT,,
34.45259,72.69824,334.16,0.4,0.37,2026-07-04,820,N20,VIIRS,l,2.0NRT,304.41,2.65,D,VIIRS_NOAA20_NRT,,
34.54425,72.41741,346.94,0.39,0.36,2026-07-04,820,N20,VIIRS,n,2.0NRT,309.77,8.44,D,VIIRS_NOAA20_NRT,,
34.75306,72.0947,337.65,0.39,0.36,2026-07-04,820,N20,VIIRS,l,2.0NRT,310.66,4.12,D,VIIRS_NOAA20_NRT,,
34.75365,72.09885,341.68,0.39,0.36,2026-07-04,820,N20,VIIRS,n,2.0NRT,309.99,4.12,D,VIIRS_NOAA20_NRT,,
29.08371,88.01125,304.73,0.59,0.7,2026-07-04,1902,N20,VIIRS,n,2.0NRT,279.02,1.65,N,VIIRS_NOAA20_NRT,,
29.26282,91.92461,305.94,0.34,0.56,2026-07-04,1902,N20,VIIRS,n,2.0NRT,286.04,1.48,N,VIIRS_NOAA20_NRT,,
29.66166,90.90453,296.27,0.4,0.6,2026-07-04,1902,N20,VIIRS,n,2.0NRT,278.15,1.98,N,VIIRS_NOAA20_NRT,,
30.06849,96.98111,305.7,0.53,0.42,2026-07-04,1902,N20,VIIRS,n,2.0NRT,288.87,1.64,N,VIIRS_NOAA20_NRT,,
22.37593,87.27637,297.65,0.56,0.69,2026-07-04,1904,N20,VIIRS,n,2.0NRT,266.33,1.01,N,VIIRS_NOAA20_NRT,,
22.38228,87.27701,300.91,0.56,0.69,2026-07-04,1904,N20,VIIRS,n,2.0NRT,267.13,1.04,N,VIIRS_NOAA20_NRT,,
23.56518,87.08163,300.15,0.59,0.7,2026-07-04,1904,N20,VIIRS,n,2.0NRT,267.98,0.92,N,VIIRS_NOAA20_NRT,,
23.56523,87.08157,300.68,0.59,0.7,2026-07-04,1904,N20,VIIRS,n,2.0NRT,267.41,1.17,N,VIIRS_NOAA20_NRT,,
23.69354,87.11984,298.54,0.59,0.7,2026-07-04,1904,N20,VIIRS,n,2.0NRT,261.76,1.75,N,VIIRS_NOAA20_NRT,,
23.76977,86.40563,298.72,0.66,0.73,2026-07-04,1904,N20,VIIRS,n,2.0NRT,261.01,5.23,N,VIIRS_NOAA20_NRT,,
24.11696,86.8584,300.61,0.62,0.71,2026-07-04,1904,N20,VIIRS,n,2.0NRT,273.57,0.67,N,VIIRS_NOAA20_NRT,,
26.26112,89.22715,296.83,0.46,0.64,2026-07-04,1904,N20,VIIRS,n,2.0NRT,286.4,1.15,N,VIIRS_NOAA20_NRT,,
26.26149,89.22247,296.15,0.46,0.64,2026-07-04,1904,N20,VIIRS,n,2.0NRT,285.76,1.15,N,VIIRS_NOAA20_NRT,,
26.26699,89.22773,296.73,0.46,0.64,2026-07-04,1904,N20,VIIRS,n,2.0NRT,286.25,1.15,N,VIIRS_NOAA20_NRT,,
26.26737,89.22305,296.74,0.46,0.64,2026-07-04,1904,N20,VIIRS,n,2.0NRT,286.47,1.15,N,VIIRS_NOAA20_NRT,,
29.26346,91.92245,296.32,0.75,0.77,2026-07-04,2042,N20,VIIRS,n,2.0NRT,281.12,0.83,N,VIIRS_NOAA20_NRT,,
29.37593,91.15091,299.49,0.67,0.74,2026-07-04,2042,N20,VIIRS,n,2.0NRT,283.29,1.86,N,VIIRS_NOAA20_NRT,,
33.56893,73.86996,306.54,0.46,0.39,2026-07-04,2042,N20,VIIRS,n,2.0NRT,294.77,1.39,N,VIIRS_NOAA20_NRT,,
33.69007,72.71191,310.74,0.51,0.41,2026-07-04,2042,N20,VIIRS,n,2.0NRT,299.16,1.42,N,VIIRS_NOAA20_NRT,,
33.69058,72.71087,311.53,0.51,0.41,2026-07-04,2042,N20,VIIRS,n,2.0NRT,298.75,1.63,N,VIIRS_NOAA20_NRT,,
34.44112,72.69692,306.46,0.52,0.42,2026-07-04,2042,N20,VIIRS,n,2.0NRT,294.52,1.74,N,VIIRS_NOAA20_NRT,,
34.44177,72.69106,317.7,0.52,0.42,2026-07-04,2042,N20,VIIRS,n,2.0NRT,294.89,1.74,N,VIIRS_NOAA20_NRT,,
34.4425,72.69598,319.91,0.52,0.42,2026-07-04,2042,N20,VIIRS,n,2.0NRT,295.43,3.46,N,VIIRS_NOAA20_NRT,,
34.44321,72.68999,317.84,0.52,0.42,2026-07-04,2042,N20,VIIRS,n,2.0NRT,295.02,3.22,N,VIIRS_NOAA20_NRT,,
34.44485,72.69845,322.1,0.52,0.42,2026-07-04,2042,N20,VIIRS,n,2.0NRT,295.98,1.74,N,VIIRS_NOAA20_NRT,,
34.44551,72.69259,305.86,0.52,0.42,2026-07-04,2042,N20,VIIRS,n,2.0NRT,294.68,1.74,N,VIIRS_NOAA20_NRT,,
34.44558,72.70286,319.76,0.52,0.42,2026-07-04,2042,N20,VIIRS,n,2.0NRT,295.42,3.46,N,VIIRS_NOAA20_NRT,,
34.44804,72.70463,323.73,0.52,0.42,2026-07-04,2042,N20,VIIRS,n,2.0NRT,295.45,3.76,N,VIIRS_NOAA20_NRT,,
34.44942,72.70325,322.76,0.52,0.42,2026-07-04,2042,N20,VIIRS,n,2.0NRT,295.33,4.12,N,VIIRS_NOAA20_NRT,,
34.45248,72.69978,306.76,0.52,0.42,2026-07-04,2042,N20,VIIRS,n,2.0NRT,294.56,2.76,N,VIIRS_NOAA20_NRT,,
35.96879,68.68724,309.79,0.6,0.53,2026-07-04,2042,N20,VIIRS,n,2.0NRT,293.7,2.06,N,VIIRS_NOAA20_NRT,,
23.55809,87.23891,309.01,0.53,0.67,2026-07-04,2044,N20,VIIRS,n,2.0NRT,272.38,2.28,N,VIIRS_NOAA20_NRT,,
23.55838,87.23689,300.07,0.53,0.67,2026-07-04,2044,N20,VIIRS,n,2.0NRT,271.78,1.2,N,VIIRS_NOAA20_NRT,,
23.56343,87.08361,304.8,0.52,0.67,2026-07-04,2044,N20,VIIRS,n,2.0NRT,272.53,0.92,N,VIIRS_NOAA20_NRT,,
23.6891,87.12162,304.62,0.52,0.67,2026-07-04,2044,N20,VIIRS,n,2.0NRT,274.35,2.17,N,VIIRS_NOAA20_NRT,,
23.69105,87.12029,301.01,0.52,0.67,2026-07-04,2044,N20,VIIRS,n,2.0NRT,274.06,2.63,N,VIIRS_NOAA20_NRT,,
23.69351,87.11035,299.38,0.52,0.67,2026-07-04,2044,N20,VIIRS,n,2.0NRT,274.11,1.34,N,VIIRS_NOAA20_NRT,,
23.69474,87.1054,300.83,0.52,0.67,2026-07-04,2044,N20,VIIRS,n,2.0NRT,274.22,1.34,N,VIIRS_NOAA20_NRT,,
23.99132,79.39164,301.46,0.52,0.42,2026-07-04,2044,N20,VIIRS,n,2.0NRT,284.46,0.61,N,VIIRS_NOAA20_NRT,,
24.17832,82.65184,301.13,0.53,0.5,2026-07-04,2044,N20,VIIRS,n,2.0NRT,285.42,2.51,N,VIIRS_NOAA20_NRT,,
24.2054,82.52505,304.72,0.52,0.5,2026-07-04,2044,N20,VIIRS,n,2.0NRT,287.16,1.45,N,VIIRS_NOAA20_NRT,,
24.92531,84.15659,307.69,0.32,0.55,2026-07-04,2044,N20,VIIRS,n,2.0NRT,288.58,2.21,N,VIIRS_NOAA20_NRT,,
24.93222,84.14866,306.16,0.32,0.54,2026-07-04,2044,N20,VIIRS,n,2.0NRT,289.06,2.13,N,VIIRS_NOAA20_NRT,,
24.93759,86.71906,295.75,0.46,0.63,2026-07-04,2044,N20,VIIRS,n,2.0NRT,285.55,1.46,N,VIIRS_NOAA20_NRT,,
24.93866,86.71463,295.87,0.46,0.63,2026-07-04,2044,N20,VIIRS,n,2.0NRT,285.26,1.46,N,VIIRS_NOAA20_NRT,,
24.94325,86.72074,295.86,0.46,0.63,2026-07-04,2044,N20,VIIRS,n,2.0NRT,285.74,1.46,N,VIIRS_NOAA20_NRT,,
25.38867,68.58325,305.47,0.46,0.47,2026-07-04,2044,N20,VIIRS,n,2.0NRT,284.26,0.66,N,VIIRS_NOAA20_NRT,,
26.25936,74.09788,303.2,0.4,0.37,2026-07-04,2044,N20,VIIRS,n,2.0NRT,279.56,0.56,N,VIIRS_NOAA20_NRT,,
26.64188,79.47989,308.79,0.48,0.4,2026-07-04,2044,N20,VIIRS,n,2.0NRT,293.27,1.18,N,VIIRS_NOAA20_NRT,,
26.64551,79.48074,327.56,0.48,0.4,2026-07-04,2044,N20,VIIRS,n,2.0NRT,293.12,4.76,N,VIIRS_NOAA20_NRT,,
27.37327,77.69318,310.19,0.41,0.37,2026-07-04,2044,N20,VIIRS,n,2.0NRT,284.87,2.04,N,VIIRS_NOAA20_NRT,,
27.66689,76.13042,309.94,0.38,0.36,2026-07-04,2044,N20,VIIRS,n,2.0NRT,283.82,1.9,N,VIIRS_NOAA20_NRT,,
28.46357,77.18252,318.99,0.39,0.36,2026-07-04,2044,N20,VIIRS,n,2.0NRT,288.11,1.03,N,VIIRS_NOAA20_NRT,,
29.08777,88.01105,298.2,0.45,0.63,2026-07-04,2044,N20,VIIRS,n,2.0NRT,279.29,1.01,N,VIIRS_NOAA20_NRT,,
30.84172,74.12788,322.91,0.42,0.38,2026-07-04,2044,N20,VIIRS,n,2.0NRT,288.52,3.48,N,VIIRS_NOAA20_NRT,,
31.24925,76.92901,303.0,0.38,0.36,2026-07-04,2044,N20,VIIRS,n,2.0NRT,288.68,0.53,N,VIIRS_NOAA20_NRT,,
31.32971,76.89613,307.94,0.38,0.36,2026-07-04,2044,N20,VIIRS,n,2.0NRT,289.65,1.03,N,VIIRS_NOAA20_NRT,,
22.20468,84.85374,306.86,0.4,0.6,2026-07-04,2046,N20,VIIRS,n,2.0NRT,271.54,1.63,N,VIIRS_NOAA20_NRT,,
22.20922,84.85893,302.57,0.4,0.6,2026-07-04,2046,N20,VIIRS,n,2.0NRT,272.05,1.38,N,VIIRS_NOAA20_NRT,,
10.93051,77.06428,302.38,0.41,0.45,2026-07-04,2049,N20,VIIRS,n,2.0NRT,286.55,0.84,N,VIIRS_NOAA20_NRT,,
11.12999,77.90671,309.65,0.46,0.47,2026-07-04,2049,N20,VIIRS,n,2.0NRT,290.21,1.23,N,VIIRS_NOAA20_NRT,,
11.81107,77.92248,311.68,0.45,0.47,2026-07-04,2049,N20,VIIRS,n,2.0NRT,288.96,2.15,N,VIIRS_NOAA20_NRT,,
9.23781,77.45307,325.36,0.46,0.47,2026-07-04,2051,N20,VIIRS,n,2.0NRT,288.81,2.26,N,VIIRS_NOAA20_NRT,,
9.23977,77.45533,313.55,0.46,0.47,2026-07-04,2051,N20,VIIRS,n,2.0NRT,285.28,1.6,N,VIIRS_NOAA20_NRT,,
28.06246,95.35496,330.37,0.51,0.49,2026-07-05,618,N20,VIIRS,n,2.0NRT,299.02,4.05,D,VIIRS_NOAA20_NRT,,
28.06354,95.36001,328.69,0.51,0.49,2026-07-05,618,N20,VIIRS,n,2.0NRT,297.68,5.68,D,VIIRS_NOAA20_NRT,,
28.21233,95.5404,342.22,0.49,0.49,2026-07-05,618,N20,VIIRS,n,2.0NRT,293.23,6.65,D,VIIRS_NOAA20_NRT,,
29.34731,90.06329,338.38,0.49,0.65,2026-07-05,620,N20,VIIRS,n,2.0NRT,307.12,2.55,D,VIIRS_NOAA20_NRT,,
8.51517,78.0616,333.75,0.53,0.42,2026-07-05,754,N20,VIIRS,l,2.0NRT,306.31,2.17,D,VIIRS_NOAA20_NRT,,
8.51759,78.0633,330.17,0.53,0.42,2026-07-05,754,N20,VIIRS,l,2.0NRT,304.23,5.76,D,VIIRS_NOAA20_NRT,,
8.54408,78.12749,340.91,0.53,0.42,2026-07-05,754,N20,VIIRS,n,2.0NRT,301.45,6.02,D,VIIRS_NOAA20_NRT,,
8.57296,78.08848,341.77,0.53,0.42,2026-07-05,754,N20,VIIRS,n,2.0NRT,307.22,9.24,D,VIIRS_NOAA20_NRT,,
8.67368,78.03984,331.8,0.53,0.42,2026-07-05,754,N20,VIIRS,l,2.0NRT,306.27,6.54,D,VIIRS_NOAA20_NRT,,
8.67447,78.04462,333.44,0.53,0.42,2026-07-05,754,N20,VIIRS,n,2.0NRT,302.32,4.01,D,VIIRS_NOAA20_NRT,,
8.73292,81.11816,331.94,0.4,0.37,2026-07-05,754,N20,VIIRS,n,2.0NRT,299.11,3.73,D,VIIRS_NOAA20_NRT,,
8.73975,80.26888,335.49,0.42,0.37,2026-07-05,754,N20,VIIRS,n,2.0NRT,302.13,3.0,D,VIIRS_NOAA20_NRT,,
8.74794,77.99934,337.22,0.53,0.42,2026-07-05,754,N20,VIIRS,l,2.0NRT,308.25,3.94,D,VIIRS_NOAA20_NRT,,
8.88061,80.93626,332.91,0.4,0.37,2026-07-05,754,N20,VIIRS,n,2.0NRT,300.42,1.72,D,VIIRS_NOAA20_NRT,,
8.91142,80.9572,346.01,0.4,0.37,2026-07-05,754,N20,VIIRS,n,2.0NRT,301.76,3.63,D,VIIRS_NOAA20_NRT,,
8.92242,79.95851,340.49,0.43,0.38,2026-07-05,754,N20,VIIRS,n,2.0NRT,299.6,5.84,D,VIIRS_NOAA20_NRT,,
8.96702,80.57581,332.44,0.41,0.37,2026-07-05,754,N20,VIIRS,n,2.0NRT,302.39,4.96,D,VIIRS_NOAA20_NRT,,
9.00717,80.87516,333.42,0.4,0.37,2026-07-05,754,N20,VIIRS,n,2.0NRT,303.03,1.23,D,VIIRS_NOAA20_NRT,,
9.18587,78.10838,334.62,0.52,0.41,2026-07-05,754,N20,VIIRS,n,2.0NRT,302.84,1.3,D,VIIRS_NOAA20_NRT,,
9.18615,78.18193,339.73,0.51,0.41,2026-07-05,754,N20,VIIRS,l,2.0NRT,309.77,4.74,D,VIIRS_NOAA20_NRT,,
9.24719,77.81664,338.1,0.54,0.42,2026-07-05,754,N20,VIIRS,n,2.0NRT,306.27,2.39,D,VIIRS_NOAA20_NRT,,
9.37619,78.78172,335.36,0.48,0.4,2026-07-05,754,N20,VIIRS,l,2.0NRT,307.27,5.62,D,VIIRS_NOAA20_NRT,,
9.40422,77.73934,330.19,0.54,0.42,2026-07-05,754,N20,VIIRS,l,2.0NRT,302.76,3.15,D,VIIRS_NOAA20_NRT,,
9.55206,78.82449,334.49,0.47,0.4,2026-07-05,754,N20,VIIRS,n,2.0NRT,303.98,2.8,D,VIIRS_NOAA20_NRT,,
9.60028,78.59267,339.51,0.48,0.4,2026-07-05,754,N20,VIIRS,n,2.0NRT,308.5,3.91,D,VIIRS_NOAA20_NRT,,
9.60054,78.82522,347.18,0.47,0.4,2026-07-05,754,N20,VIIRS,n,2.0NRT,304.43,6.68,D,VIIRS_NOAA20_NRT,,
9.76662,78.36717,331.26,0.49,0.41,2026-07-05,754,N20,VIIRS,l,2.0NRT,305.11,1.7,D,VIIRS_NOAA20_NRT,,
10.56363,79.36398,330.93,0.43,0.38,2026-07-05,756,N20,VIIRS,n,2.0NRT,303.69,1.46,D,VIIRS_NOAA20_NRT,,
10.74669,79.5937,332.84,0.42,0.38,2026-07-05,756,N20,VIIRS,n,2.0NRT,302.33,2.73,D,VIIRS_NOAA20_NRT,,
10.74731,79.59755,332.59,0.42,0.38,2026-07-05,756,N20,VIIRS,n,2.0NRT,301.22,2.73,D,VIIRS_NOAA20_NRT,,
10.90821,79.02618,330.28,0.45,0.39,2026-07-05,756,N20,VIIRS,l,2.0NRT,302.5,2.95,D,VIIRS_NOAA20_NRT,,
11.1462,79.41762,345.59,0.43,0.38,2026-07-05,756,N20,VIIRS,n,2.0NRT,298.02,5.66,D,VIIRS_NOAA20_NRT,,
11.27179,79.47681,334.54,0.42,0.38,2026-07-05,756,N20,VIIRS,n,2.0NRT,301.33,11.84,D,VIIRS_NOAA20_NRT,,
11.27462,79.47239,331.49,0.42,0.38,2026-07-05,756,N20,VIIRS,l,2.0NRT,302.02,53.36,D,VIIRS_NOAA20_NRT,,
11.34818,79.36526,331.87,0.43,0.38,2026-07-05,756,N20,VIIRS,n,2.0NRT,302.93,2.54,D,VIIRS_NOAA20_NRT,,
11.58302,78.19865,331.33,0.48,0.4,2026-07-05,756,N20,VIIRS,n,2.0NRT,301.32,4.89,D,VIIRS_NOAA20_NRT,,
11.58497,78.21062,335.34,0.48,0.4,2026-07-05,756,N20,VIIRS,n,2.0NRT,299.63,2.44,D,VIIRS_NOAA20_NRT,,
11.58649,78.1969,344.51,0.48,0.4,2026-07-05,756,N20,VIIRS,n,2.0NRT,302.45,7.29,D,VIIRS_NOAA20_NRT,,
11.58666,78.19802,345.29,0.48,0.4,2026-07-05,756,N20,VIIRS,n,2.0NRT,302.24,4.89,D,VIIRS_NOAA20_NRT,,
11.59155,78.20506,337.68,0.48,0.4,2026-07-05,756,N20,VIIRS,n,2.0NRT,301.29,9.01,D,VIIRS_NOAA20_NRT,,
11.59178,78.20616,339.88,0.48,0.4,2026-07-05,756,N20,VIIRS,n,2.0NRT,301.23,7.6,D,VIIRS_NOAA20_NRT,,
12.36222,79.64764,346.57,0.41,0.37,2026-07-05,756,N20,VIIRS,n,2.0NRT,308.28,4.9,D,VIIRS_NOAA20_NRT,,
12.7747,79.83485,334.19,0.4,0.37,2026-07-05,756,N20,VIIRS,l,2.0NRT,295.15,3.77,D,VIIRS_NOAA20_NRT,,
24.14776,82.65939,335.02,0.49,0.4,2026-07-05,758,N20,VIIRS,n,2.0NRT,296.37,2.78,D,VIIRS_NOAA20_NRT,,
24.14897,82.58034,334.45,0.49,0.4,2026-07-05,758,N20,VIIRS,n,2.0NRT,295.7,1.4,D,VIIRS_NOAA20_NRT,,
25.88512,84.41455,352.41,0.43,0.46,2026-07-05,758,N20,VIIRS,n,2.0NRT,296.74,13.04,D,VIIRS_NOAA20_NRT,,
25.89468,84.4613,332.61,0.43,0.46,2026-07-05,758,N20,VIIRS,n,2.0NRT,294.4,5.6,D,VIIRS_NOAA20_NRT,,
25.93876,84.27863,343.49,0.42,0.45,2026-07-05,758,N20,VIIRS,n,2.0NRT,296.1,4.14,D,VIIRS_NOAA20_NRT,,
25.94899,84.29438,332.08,0.42,0.45,2026-07-05,758,N20,VIIRS,n,2.0NRT,296.6,2.89,D,VIIRS_NOAA20_NRT,,
26.93524,87.12366,335.81,0.32,0.55,2026-07-05,758,N20,VIIRS,n,2.0NRT,290.11,2.88,D,VIIRS_NOAA20_NRT,,
27.3837,68.06862,334.79,0.34,0.56,2026-07-05,758,N20,VIIRS,l,2.0NRT,306.6,1.57,D,VIIRS_NOAA20_NRT,,
27.48071,71.71908,342.39,0.41,0.45,2026-07-05,758,N20,VIIRS,n,2.0NRT,302.62,5.7,D,VIIRS_NOAA20_NRT,,
28.19393,68.26657,338.08,0.32,0.54,2026-07-05,758,N20,VIIRS,n,2.0NRT,306.98,11.82,D,VIIRS_NOAA20_NRT,,
28.51575,70.58404,331.51,0.46,0.47,2026-07-05,758,N20,VIIRS,l,2.0NRT,304.34,4.05,D,VIIRS_NOAA20_NRT,,
28.51668,70.58861,330.74,0.46,0.47,2026-07-05,758,N20,VIIRS,l,2.0NRT,303.88,4.05,D,VIIRS_NOAA20_NRT,,
28.80976,70.2729,330.65,0.47,0.48,2026-07-05,758,N20,VIIRS,l,2.0NRT,305.04,6.2,D,VIIRS_NOAA20_NRT,,
29.00755,70.54267,332.23,0.45,0.47,2026-07-05,758,N20,VIIRS,l,2.0NRT,306.65,7.64,D,VIIRS_NOAA20_NRT,,
29.37352,70.71718,345.1,0.43,0.46,2026-07-05,758,N20,VIIRS,n,2.0NRT,307.32,8.19,D,VIIRS_NOAA20_NRT,,
29.41907,71.33913,334.75,0.4,0.44,2026-07-05,758,N20,VIIRS,n,2.0NRT,301.56,4.8,D,VIIRS_NOAA20_NRT,,
29.47216,71.41069,337.04,0.39,0.44,2026-07-05,758,N20,VIIRS,n,2.0NRT,304.91,3.55,D,VIIRS_NOAA20_NRT,,
29.47291,71.3937,331.8,0.4,0.44,2026-07-05,758,N20,VIIRS,l,2.0NRT,302.79,2.4,D,VIIRS_NOAA20_NRT,,
29.49434,71.0223,332.54,0.41,0.45,2026-07-05,758,N20,VIIRS,l,2.0NRT,306.24,3.77,D,VIIRS_NOAA20_NRT,,
29.4952,71.02648,332.71,0.41,0.45,2026-07-05,758,N20,VIIRS,l,2.0NRT,306.73,3.44,D,VIIRS_NOAA20_NRT,,
29.49562,71.0222,333.83,0.41,0.45,2026-07-05,758,N20,VIIRS,l,2.0NRT,306.51,3.76,D,VIIRS_NOAA20_NRT,,
29.49645,71.02638,333.53,0.41,0.45,2026-07-05,758,N20,VIIRS,l,2.0NRT,306.59,3.85,D,VIIRS_NOAA20_NRT,,
29.4984,71.02123,334.82,0.41,0.45,2026-07-05,758,N20,VIIRS,l,2.0NRT,308.16,3.77,D,VIIRS_NOAA20_NRT,,
29.49926,71.02541,334.67,0.41,0.45,2026-07-05,758,N20,VIIRS,l,2.0NRT,307.9,3.44,D,VIIRS_NOAA20_NRT,,
29.49968,71.02112,333.33,0.41,0.45,2026-07-05,758,N20,VIIRS,l,2.0NRT,307.79,3.76,D,VIIRS_NOAA20_NRT,,
29.50012,71.02958,333.61,0.41,0.45,2026-07-05,758,N20,VIIRS,l,2.0NRT,307.05,3.44,D,VIIRS_NOAA20_NRT,,
29.50051,71.02531,334.73,0.41,0.45,2026-07-05,758,N20,VIIRS,l,2.0NRT,307.83,3.85,D,VIIRS_NOAA20_NRT,,
29.50134,71.02949,333.77,0.41,0.45,2026-07-05,758,N20,VIIRS,l,2.0NRT,306.93,3.85,D,VIIRS_NOAA20_NRT,,
29.51901,71.1424,352.07,0.41,0.45,2026-07-05,758,N20,VIIRS,n,2.0NRT,304.18,13.44,D,VIIRS_NOAA20_NRT,,
29.51953,71.1426,350.97,0.41,0.45,2026-07-05,758,N20,VIIRS,n,2.0NRT,304.02,13.48,D,VIIRS_NOAA20_NRT,,
29.56792,71.49413,331.53,0.39,0.44,2026-07-05,758,N20,VIIRS,n,2.0NRT,296.16,1.82,D,VIIRS_NOAA20_NRT,,
29.61571,72.05036,334.18,0.54,0.42,2026-07-05,758,N20,VIIRS,l,2.0NRT,306.23,5.06,D,VIIRS_NOAA20_NRT,,
29.65344,70.72769,335.42,0.43,0.46,2026-07-05,758,N20,VIIRS,l,2.0NRT,305.59,4.94,D,VIIRS_NOAA20_NRT,,
29.67899,70.92629,341.81,0.42,0.45,2026-07-05,758,N20,VIIRS,n,2.0NRT,302.94,3.7,D,VIIRS_NOAA20_NRT,,
29.69562,71.15751,332.33,0.4,0.44,2026-07-05,758,N20,VIIRS,l,2.0NRT,307.12,3.69,D,VIIRS_NOAA20_NRT,,
29.72046,71.88041,333.31,0.55,0.43,2026-07-05,758,N20,VIIRS,l,2.0NRT,307.86,2.59,D,VIIRS_NOAA20_NRT,,
29.7254,71.88503,336.4,0.55,0.43,2026-07-05,758,N20,VIIRS,l,2.0NRT,308.64,20.17,D,VIIRS_NOAA20_NRT,,
29.7265,71.89064,339.33,0.55,0.43,2026-07-05,758,N20,VIIRS,n,2.0NRT,307.84,20.17,D,VIIRS_NOAA20_NRT,,
29.74577,71.8857,332.7,0.55,0.43,2026-07-05,758,N20,VIIRS,l,2.0NRT,305.24,2.34,D,VIIRS_NOAA20_NRT,,
29.77793,72.05235,345.88,0.54,0.42,2026-07-05,758,N20,VIIRS,n,2.0NRT,307.91,9.12,D,VIIRS_NOAA20_NRT,,
29.83553,71.32925,343.91,0.39,0.44,2026-07-05,758,N20,VIIRS,n,2.0NRT,304.19,3.74,D,VIIRS_NOAA20_NRT,,
29.84186,71.25606,333.18,0.4,0.44,2026-07-05,758,N20,VIIRS,n,2.0NRT,302.08,1.65,D,VIIRS_NOAA20_NRT,,
29.88378,72.27944,341.21,0.53,0.42,2026-07-05,758,N20,VIIRS,n,2.0NRT,306.16,12.77,D,VIIRS_NOAA20_NRT,,
29.95243,71.5094,337.94,0.57,0.43,2026-07-05,758,N20,VIIRS,n,2.0NRT,302.11,3.99,D,VIIRS_NOAA20_NRT,,
29.95635,71.50839,340.73,0.57,0.43,2026-07-05,758,N20,VIIRS,n,2.0NRT,302.09,5.68,D,VIIRS_NOAA20_NRT,,
29.96128,71.4918,331.12,0.38,0.43,2026-07-05,758,N20,VIIRS,n,2.0NRT,300.93,2.3,D,VIIRS_NOAA20_NRT,,
29.9652,71.49078,341.61,0.38,0.43,2026-07-05,758,N20,VIIRS,n,2.0NRT,300.13,2.3,D,VIIRS_NOAA20_NRT,,
30.06819,71.47736,339.22,0.57,0.43,2026-07-05,758,N20,VIIRS,n,2.0NRT,304.33,6.9,D,VIIRS_NOAA20_NRT,,
30.49161,70.84851,332.35,0.4,0.45,2026-07-05,758,N20,VIIRS,l,2.0NRT,307.26,4.69,D,VIIRS_NOAA20_NRT,,
30.57813,73.73122,334.5,0.44,0.39,2026-07-05,758,N20,VIIRS,l,2.0NRT,296.01,2.08,D,VIIRS_NOAA20_NRT,,
30.57895,73.73579,331.08,0.44,0.39,2026-07-05,758,N20,VIIRS,l,2.0NRT,297.41,2.63,D,VIIRS_NOAA20_NRT,,
30.82466,76.13155,334.08,0.39,0.36,2026-07-05,758,N20,VIIRS,n,2.0NRT,296.89,1.6,D,VIIRS_NOAA20_NRT,,
30.89294,76.26231,338.89,0.39,0.36,2026-07-05,758,N20,VIIRS,n,2.0NRT,297.38,3.45,D,VIIRS_NOAA20_NRT,,
30.94462,76.20167,336.27,0.39,0.36,2026-07-05,758,N20,VIIRS,n,2.0NRT,298.48,2.52,D,VIIRS_NOAA20_NRT,,
31.33237,75.81205,334.81,0.39,0.36,2026-07-05,758,N20,VIIRS,n,2.0NRT,300.79,2.45,D,VIIRS_NOAA20_NRT,,
31.47221,75.4748,330.53,0.39,0.36,2026-07-05,758,N20,VIIRS,l,2.0NRT,297.35,1.74,D,VIIRS_NOAA20_NRT,,
25.79402,68.6994,338.19,0.34,0.56,2026-07-05,801,N20,VIIRS,n,2.0NRT,298.15,2.9,D,VIIRS_NOAA20_NRT,,
26.88663,72.04205,335.42,0.41,0.45,2026-07-05,801,N20,VIIRS,n,2.0NRT,299.44,1.71,D,VIIRS_NOAA20_NRT,,
27.00401,79.98059,335.62,0.41,0.37,2026-07-05,801,N20,VIIRS,n,2.0NRT,297.68,3.71,D,VIIRS_NOAA20_NRT,,
27.03687,79.89066,339.4,0.41,0.37,2026-07-05,801,N20,VIIRS,n,2.0NRT,299.51,6.74,D,VIIRS_NOAA20_NRT,,
27.5762,81.30183,336.57,0.46,0.39,2026-07-05,801,N20,VIIRS,n,2.0NRT,301.35,5.7,D,VIIRS_NOAA20_NRT,,
27.57762,81.30368,336.73,0.46,0.39,2026-07-05,801,N20,VIIRS,n,2.0NRT,301.24,11.83,D,VIIRS_NOAA20_NRT,,
27.58042,81.30594,337.21,0.46,0.39,2026-07-05,801,N20,VIIRS,n,2.0NRT,301.33,10.85,D,VIIRS_NOAA20_NRT,,
27.58182,81.30779,336.7,0.46,0.39,2026-07-05,801,N20,VIIRS,n,2.0NRT,300.65,10.15,D,VIIRS_NOAA20_NRT,,
27.65166,81.27754,337.14,0.46,0.39,2026-07-05,801,N20,VIIRS,n,2.0NRT,301.26,10.3,D,VIIRS_NOAA20_NRT,,
27.92895,81.02946,330.09,0.45,0.39,2026-07-05,801,N20,VIIRS,n,2.0NRT,299.28,5.33,D,VIIRS_NOAA20_NRT,,
34.26558,72.88694,342.4,0.43,0.38,2026-07-05,801,N20,VIIRS,l,2.0NRT,306.59,8.34,D,VIIRS_NOAA20_NRT,,
34.2699,72.89091,341.82,0.43,0.38,2026-07-05,801,N20,VIIRS,l,2.0NRT,305.43,5.5,D,VIIRS_NOAA20_NRT,,
34.38744,72.91415,337.13,0.43,0.38,2026-07-05,801,N20,VIIRS,n,2.0NRT,302.13,4.19,D,VIIRS_NOAA20_NRT,,
34.39167,72.91776,345.25,0.43,0.38,2026-07-05,801,N20,VIIRS,n,2.0NRT,302.07,4.19,D,VIIRS_NOAA20_NRT,,
34.43861,72.69029,348.99,0.44,0.38,2026-07-05,801,N20,VIIRS,n,2.0NRT,307.45,13.03,D,VIIRS_NOAA20_NRT,,
34.752,72.10023,334.6,0.45,0.39,2026-07-05,801,N20,VIIRS,l,2.0NRT,308.38,4.09,D,VIIRS_NOAA20_NRT,,
27.31664,95.2647,305.48,0.39,0.6,2026-07-05,1843,N20,VIIRS,n,2.0NRT,285.26,0.4,N,VIIRS_NOAA20_NRT,,
27.37788,95.33415,314.38,0.39,0.59,2026-07-05,1843,N20,VIIRS,n,2.0NRT,284.72,1.48,N,VIIRS_NOAA20_NRT,,
29.37474,91.1512,298.85,0.74,0.76,2026-07-05,1843,N20,VIIRS,n,2.0NRT,283.94,3.11,N,VIIRS_NOAA20_NRT,,
29.37976,91.14721,295.07,0.75,0.77,2026-07-05,1843,N20,VIIRS,n,2.0NRT,282.56,3.09,N,VIIRS_NOAA20_NRT,,
30.06768,96.9782,307.67,0.33,0.55,2026-07-05,1843,N20,VIIRS,n,2.0NRT,287.41,0.97,N,VIIRS_NOAA20_NRT,,
30.06926,96.9808,302.21,0.33,0.55,2026-07-05,1843,N20,VIIRS,n,2.0NRT,287.47,0.87,N,VIIRS_NOAA20_NRT,,
35.9686,68.68423,304.08,0.56,0.68,2026-07-05,2021,N20,VIIRS,n,2.0NRT,290.11,1.52,N,VIIRS_NOAA20_NRT,,
29.08728,88.01163,298.86,0.47,0.47,2026-07-05,2023,N20,VIIRS,n,2.0NRT,283.37,1.44,N,VIIRS_NOAA20_NRT,,
29.22541,88.35412,304.6,0.48,0.48,2026-07-05,2023,N20,VIIRS,n,2.0NRT,287.23,1.73,N,VIIRS_NOAA20_NRT,,
29.22657,88.34874,304.98,0.48,0.48,2026-07-05,2023,N20,VIIRS,n,2.0NRT,285.51,1.73,N,VIIRS_NOAA20_NRT,,
29.37477,91.15166,299.15,0.35,0.57,2026-07-05,2023,N20,VIIRS,n,2.0NRT,287.29,1.23,N,VIIRS_NOAA20_NRT,,
29.3755,91.14858,296.03,0.35,0.57,2026-07-05,2023,N20,VIIRS,n,2.0NRT,282.49,1.03,N,VIIRS_NOAA20_NRT,,
32.29652,70.73028,308.96,0.39,0.6,2026-07-05,2023,N20,VIIRS,n,2.0NRT,292.91,1.1,N,VIIRS_NOAA20_NRT,,
33.76655,71.96012,314.84,0.34,0.56,2026-07-05,2023,N20,VIIRS,n,2.0NRT,295.6,5.08,N,VIIRS_NOAA20_NRT,,
33.7668,71.9567,367.0,0.34,0.56,2026-07-05,2023,N20,VIIRS,h,2.0NRT,295.89,4.49,N,VIIRS_NOAA20_NRT,,
33.76705,71.95329,311.91,0.34,0.56,2026-07-05,2023,N20,VIIRS,n,2.0NRT,294.72,4.49,N,VIIRS_NOAA20_NRT,,
34.41079,72.71745,316.64,0.63,0.54,2026-07-05,2023,N20,VIIRS,n,2.0NRT,292.8,4.44,N,VIIRS_NOAA20_NRT,,
34.41085,72.71797,316.41,0.63,0.54,2026-07-05,2023,N20,VIIRS,n,2.0NRT,292.63,4.24,N,VIIRS_NOAA20_NRT,,
34.44139,72.7134,315.73,0.63,0.54,2026-07-05,2023,N20,VIIRS,n,2.0NRT,293.7,4.64,N,VIIRS_NOAA20_NRT,,
34.44633,72.715,315.74,0.63,0.54,2026-07-05,2023,N20,VIIRS,n,2.0NRT,293.63,2.76,N,VIIRS_NOAA20_NRT,,
34.45143,72.71433,306.92,0.63,0.54,2026-07-05,2023,N20,VIIRS,n,2.0NRT,292.92,2.76,N,VIIRS_NOAA20_NRT,,
34.45195,72.70747,310.75,0.63,0.54,2026-07-05,2023,N20,VIIRS,n,2.0NRT,293.3,4.05,N,VIIRS_NOAA20_NRT,,
34.46555,72.66212,307.88,0.32,0.54,2026-07-05,2023,N20,VIIRS,n,2.0NRT,292.84,1.82,N,VIIRS_NOAA20_NRT,,
34.46583,72.65846,308.44,0.32,0.55,2026-07-05,2023,N20,VIIRS,n,2.0NRT,292.57,1.47,N,VIIRS_NOAA20_NRT,,
34.63009,72.22614,312.63,0.34,0.56,2026-07-05,2023,N20,VIIRS,n,2.0NRT,292.81,1.73,N,VIIRS_NOAA20_NRT,,
35.18852,70.54066,299.08,0.43,0.62,2026-07-05,2023,N20,VIIRS,n,2.0NRT,283.3,0.9,N,VIIRS_NOAA20_NRT,,
24.32734,81.32771,305.62,0.4,0.37,2026-07-05,2025,N20,VIIRS,n,2.0NRT,287.89,1.11,N,VIIRS_NOAA20_NRT,,
24.52756,81.16882,305.88,0.4,0.37,2026-07-05,2025,N20,VIIRS,n,2.0NRT,284.01,0.84,N,VIIRS_NOAA20_NRT,,
24.56532,81.00499,307.65,0.39,0.36,2026-07-05,2025,N20,VIIRS,n,2.0NRT,288.28,1.3,N,VIIRS_NOAA20_NRT,,
26.64025,79.47858,322.5,0.39,0.36,2026-07-05,2025,N20,VIIRS,n,2.0NRT,259.88,1.67,N,VIIRS_NOAA20_NRT,,
26.64084,79.4747,295.25,0.39,0.36,2026-07-05,2025,N20,VIIRS,n,2.0NRT,259.45,1.67,N,VIIRS_NOAA20_NRT,,
26.64297,79.48306,295.38,0.39,0.36,2026-07-05,2025,N20,VIIRS,n,2.0NRT,261.27,0.31,N,VIIRS_NOAA20_NRT,,
26.64356,79.47919,335.3,0.39,0.36,2026-07-05,2025,N20,VIIRS,n,2.0NRT,261.43,1.67,N,VIIRS_NOAA20_NRT,,
26.64414,79.47533,295.92,0.39,0.36,2026-07-05,2025,N20,VIIRS,n,2.0NRT,260.35,1.67,N,VIIRS_NOAA20_NRT,,
26.76007,83.20066,310.79,0.44,0.38,2026-07-05,2025,N20,VIIRS,n,2.0NRT,293.13,2.93,N,VIIRS_NOAA20_NRT,,
14.2624,80.12456,305.7,0.45,0.39,2026-07-05,2027,N20,VIIRS,n,2.0NRT,282.72,0.75,N,VIIRS_NOAA20_NRT,,
14.84086,78.87266,314.47,0.4,0.37,2026-07-05,2027,N20,VIIRS,n,2.0NRT,273.1,1.48,N,VIIRS_NOAA20_NRT,,
8.46334,77.91927,309.23,0.42,0.37,2026-07-05,2029,N20,VIIRS,n,2.0NRT,296.26,1.37,N,VIIRS_NOAA20_NRT,,
9.86847,78.09142,314.61,0.41,0.37,2026-07-05,2029,N20,VIIRS,n,2.0NRT,293.77,1.46,N,VIIRS_NOAA20_NRT,,
9.86909,78.08772,308.47,0.41,0.37,2026-07-05,2029,N20,VIIRS,n,2.0NRT,294.12,1.15,N,VIIRS_NOAA20_NRT,,
9.87187,78.09199,315.21,0.41,0.37,2026-07-05,2029,N20,VIIRS,n,2.0NRT,294.71,1.46,N,VIIRS_NOAA20_NRT,,
9.87249,78.08827,311.23,0.41,0.37,2026-07-05,2029,N20,VIIRS,n,2.0NRT,296.07,1.15,N,VIIRS_NOAA20_NRT,,
10.02086,77.45583,303.27,0.39,0.37,2026-07-05,2029,N20,VIIRS,n,2.0NRT,290.03,0.25,N,VIIRS_NOAA20_NRT,,
10.91453,78.88506,311.24,0.43,0.38,2026-07-05,2029,N20,VIIRS,n,2.0NRT,292.89,1.33,N,VIIRS_NOAA20_NRT,,
11.12488,77.75797,336.16,0.4,0.37,2026-07-05,2029,N20,VIIRS,n,2.0NRT,286.92,4.11,N,VIIRS_NOAA20_NRT,,
11.18388,79.10146,305.82,0.44,0.38,2026-07-05,2029,N20,VIIRS,n,2.0NRT,288.91,1.11,N,VIIRS_NOAA20_NRT,,
11.29481,77.80491,298.03,0.4,0.37,2026-07-05,2029,N20,VIIRS,n,2.0NRT,272.77,0.42,N,VIIRS_NOAA20_NRT,,
34.39144,72.82984,302.68,0.65,0.73,2026-07-05,2203,N20,VIIRS,n,2.0NRT,287.94,1.74,N,VIIRS_NOAA20_NRT,,
34.41041,72.7179,310.46,0.65,0.73,2026-07-05,2203,N20,VIIRS,n,2.0NRT,288.0,2.5,N,VIIRS_NOAA20_NRT,,
34.45067,72.72038,303.43,0.64,0.72,2026-07-05,2203,N20,VIIRS,n,2.0NRT,288.23,1.38,N,VIIRS_NOAA20_NRT,,
34.45287,72.71304,303.07,0.64,0.72,2026-07-05,2203,N20,VIIRS,n,2.0NRT,288.39,1.64,N,VIIRS_NOAA20_NRT,,
34.63227,72.22726,305.87,0.6,0.71,2026-07-05,2203,N20,VIIRS,n,2.0NRT,289.93,1.14,N,VIIRS_NOAA20_NRT,,
34.75772,72.10262,305.36,0.59,0.7,2026-07-05,2203,N20,VIIRS,n,2.0NRT,290.52,2.2,N,VIIRS_NOAA20_NRT,,
35.96659,68.6846,302.57,0.35,0.57,2026-07-05,2203,N20,VIIRS,n,2.0NRT,291.28,0.65,N,VIIRS_NOAA20_NRT,,
35.97149,68.68705,301.12,0.35,0.57,2026-07-05,2203,N20,VIIRS,n,2.0NRT,290.87,0.65,N,VIIRS_NOAA20_NRT,,
27.82323,94.68704,341.43,0.54,0.68,2026-07-06,559,N20,VIIRS,n,2.0NRT,284.0,9.78,D,VIIRS_NOAA20_NRT,,
27.82343,94.69033,325.95,0.54,0.68,2026-07-06,559,N20,VIIRS,n,2.0NRT,283.75,7.11,D,VIIRS_NOAA20_NRT,,
8.22993,93.12101,341.31,0.45,0.47,2026-07-06,733,N20,VIIRS,n,2.0NRT,295.12,6.11,D,VIIRS_NOAA20_NRT,,
8.23048,93.12495,342.83,0.45,0.47,2026-07-06,733,N20,VIIRS,n,2.0NRT,294.28,9.48,D,VIIRS_NOAA20_NRT,,
8.2342,93.12038,341.07,0.45,0.47,2026-07-06,733,N20,VIIRS,n,2.0NRT,296.11,6.11,D,VIIRS_NOAA20_NRT,,
8.23475,93.12431,355.77,0.45,0.47,2026-07-06,733,N20,VIIRS,n,2.0NRT,295.39,9.48,D,VIIRS_NOAA20_NRT,,
8.47305,80.29607,331.6,0.51,0.5,2026-07-06,735,N20,VIIRS,n,2.0NRT,301.71,3.52,D,VIIRS_NOAA20_NRT,,
8.47825,77.73068,338.48,0.38,0.59,2026-07-06,735,N20,VIIRS,n,2.0NRT,307.42,1.47,D,VIIRS_NOAA20_NRT,,
8.50978,80.43076,353.9,0.5,0.49,2026-07-06,735,N20,VIIRS,n,2.0NRT,301.91,14.6,D,VIIRS_NOAA20_NRT,,
8.51218,80.43192,331.45,0.5,0.49,2026-07-06,735,N20,VIIRS,n,2.0NRT,300.21,1.8,D,VIIRS_NOAA20_NRT,,
8.76378,80.23214,331.5,0.51,0.5,2026-07-06,735,N20,VIIRS,n,2.0NRT,302.68,4.65,D,VIIRS_NOAA20_NRT,,
8.878,80.42488,345.44,0.5,0.49,2026-07-06,735,N20,VIIRS,n,2.0NRT,303.43,12.59,D,VIIRS_NOAA20_NRT,,
9.01598,77.77391,331.59,0.37,0.58,2026-07-06,735,N20,VIIRS,l,2.0NRT,302.52,1.81,D,VIIRS_NOAA20_NRT,,
9.01773,77.77536,333.18,0.37,0.58,2026-07-06,735,N20,VIIRS,n,2.0NRT,302.26,1.87,D,VIIRS_NOAA20_NRT,,
9.13874,78.02914,334.55,0.36,0.57,2026-07-06,735,N20,VIIRS,n,2.0NRT,304.22,2.01,D,VIIRS_NOAA20_NRT,,
9.15423,78.0855,333.64,0.35,0.57,2026-07-06,735,N20,VIIRS,l,2.0NRT,303.89,0.64,D,VIIRS_NOAA20_NRT,,
9.16971,78.11215,343.74,0.35,0.57,2026-07-06,735,N20,VIIRS,n,2.0NRT,303.8,3.17,D,VIIRS_NOAA20_NRT,,
9.17736,77.52273,340.61,0.39,0.59,2026-07-06,735,N20,VIIRS,n,2.0NRT,301.99,3.06,D,VIIRS_NOAA20_NRT,,
9.18372,80.83369,341.01,0.46,0.47,2026-07-06,735,N20,VIIRS,n,2.0NRT,311.15,27.66,D,VIIRS_NOAA20_NRT,,
9.18982,78.01217,332.61,0.36,0.57,2026-07-06,735,N20,VIIRS,l,2.0NRT,304.17,1.17,D,VIIRS_NOAA20_NRT,,
9.26179,77.66599,342.93,0.38,0.59,2026-07-06,735,N20,VIIRS,n,2.0NRT,301.54,3.2,D,VIIRS_NOAA20_NRT,,
9.26241,77.66936,338.86,0.38,0.58,2026-07-06,735,N20,VIIRS,n,2.0NRT,300.65,3.96,D,VIIRS_NOAA20_NRT,,
9.26773,77.66838,367.0,0.38,0.58,2026-07-06,735,N20,VIIRS,h,2.0NRT,302.19,6.93,D,VIIRS_NOAA20_NRT,,
9.26835,77.67175,348.72,0.38,0.58,2026-07-06,735,N20,VIIRS,n,2.0NRT,300.71,6.93,D,VIIRS_NOAA20_NRT,,
9.34665,77.86293,331.98,0.36,0.58,2026-07-06,735,N20,VIIRS,n,2.0NRT,299.61,1.62,D,VIIRS_NOAA20_NRT,,
9.35885,77.96108,336.59,0.36,0.57,2026-07-06,735,N20,VIIRS,n,2.0NRT,301.6,2.12,D,VIIRS_NOAA20_NRT,,
9.40945,80.62359,337.79,0.47,0.48,2026-07-06,735,N20,VIIRS,n,2.0NRT,303.93,7.14,D,VIIRS_NOAA20_NRT,,
9.41787,78.19044,367.0,0.34,0.56,2026-07-06,735,N20,VIIRS,h,2.0NRT,306.44,5.43,D,VIIRS_NOAA20_NRT,,
9.4201,78.1162,334.73,0.35,0.57,2026-07-06,735,N20,VIIRS,n,2.0NRT,303.34,1.36,D,VIIRS_NOAA20_NRT,,
9.42123,78.19126,367.0,0.34,0.56,2026-07-06,735,N20,VIIRS,h,2.0NRT,305.48,5.94,D,VIIRS_NOAA20_NRT,,
9.45579,78.61999,338.83,0.32,0.55,2026-07-06,735,N20,VIIRS,n,2.0NRT,306.76,1.7,D,VIIRS_NOAA20_NRT,,
9.49674,78.58987,336.28,0.32,0.55,2026-07-06,735,N20,VIIRS,n,2.0NRT,304.79,1.58,D,VIIRS_NOAA20_NRT,,
9.49706,78.59162,335.78,0.32,0.55,2026-07-06,735,N20,VIIRS,l,2.0NRT,305.9,3.0,D,VIIRS_NOAA20_NRT,,
9.58326,78.09568,336.99,0.35,0.57,2026-07-06,735,N20,VIIRS,n,2.0NRT,301.03,1.81,D,VIIRS_NOAA20_NRT,,
9.60003,78.59213,331.04,0.32,0.55,2026-07-06,735,N20,VIIRS,l,2.0NRT,303.55,1.7,D,VIIRS_NOAA20_NRT,,
9.65651,78.95203,337.7,0.61,0.53,2026-07-06,735,N20,VIIRS,n,2.0NRT,306.29,5.61,D,VIIRS_NOAA20_NRT,,
9.86958,78.08989,353.98,0.34,0.56,2026-07-06,735,N20,VIIRS,n,2.0NRT,298.64,6.85,D,VIIRS_NOAA20_NRT,,
10.004,79.12648,343.53,0.58,0.52,2026-07-06,735,N20,VIIRS,n,2.0NRT,303.06,4.01,D,VIIRS_NOAA20_NRT,,
10.01639,77.47517,333.19,0.38,0.59,2026-07-06,735,N20,VIIRS,n,2.0NRT,296.35,1.32,D,VIIRS_NOAA20_NRT,,
10.0277,77.95441,332.57,0.35,0.57,2026-07-06,735,N20,VIIRS,n,2.0NRT,291.11,2.34,D,VIIRS_NOAA20_NRT,,
10.14577,78.81631,331.15,0.61,0.53,2026-07-06,735,N20,VIIRS,l,2.0NRT,301.67,2.44,D,VIIRS_NOAA20_NRT,,
10.1673,78.75379,330.97,0.61,0.54,2026-07-06,735,N20,VIIRS,n,2.0NRT,295.41,5.71,D,VIIRS_NOAA20_NRT,,
10.74451,78.99763,337.86,0.58,0.52,2026-07-06,735,N20,VIIRS,n,2.0NRT,293.91,3.73,D,VIIRS_NOAA20_NRT,,
10.96739,79.77847,353.89,0.51,0.49,2026-07-06,735,N20,VIIRS,n,2.0NRT,298.43,10.18,D,VIIRS_NOAA20_NRT,,
11.03944,77.88642,330.91,0.34,0.56,2026-07-06,735,N20,VIIRS,n,2.0NRT,289.81,1.69,D,VIIRS_NOAA20_NRT,,
11.25321,77.84223,337.34,0.34,0.56,2026-07-06,735,N20,VIIRS,n,2.0NRT,287.76,2.96,D,VIIRS_NOAA20_NRT,,
11.33081,79.79352,333.96,0.5,0.49,2026-07-06,735,N20,VIIRS,n,2.0NRT,291.77,4.46,D,VIIRS_NOAA20_NRT,,
11.36703,79.37061,335.48,0.53,0.5,2026-07-06,735,N20,VIIRS,n,2.0NRT,289.71,3.38,D,VIIRS_NOAA20_NRT,,
11.36713,79.37273,334.66,0.53,0.5,2026-07-06,735,N20,VIIRS,n,2.0NRT,289.5,3.58,D,VIIRS_NOAA20_NRT,,
12.67361,80.21431,355.13,0.44,0.46,2026-07-06,735,N20,VIIRS,n,2.0NRT,284.96,29.29,D,VIIRS_NOAA20_NRT,,
12.96963,79.81702,330.05,0.47,0.47,2026-07-06,735,N20,VIIRS,n,2.0NRT,284.64,2.0,D,VIIRS_NOAA20_NRT,,
13.37702,80.25195,340.66,0.43,0.46,2026-07-06,735,N20,VIIRS,n,2.0NRT,273.9,6.56,D,VIIRS_NOAA20_NRT,,
15.40305,76.62245,345.22,0.34,0.56,2026-07-06,737,N20,VIIRS,n,2.0NRT,288.38,4.92,D,VIIRS_NOAA20_NRT,,
26.13834,84.57951,333.54,0.4,0.37,2026-07-06,739,N20,VIIRS,n,2.0NRT,295.83,3.13,D,VIIRS_NOAA20_NRT,,
26.6418,79.47896,344.45,0.45,0.39,2026-07-06,739,N20,VIIRS,n,2.0NRT,295.56,5.46,D,VIIRS_NOAA20_NRT,,
27.28762,92.60822,356.37,0.36,0.58,2026-07-06,739,N20,VIIRS,l,2.0NRT,288.26,5.28,D,VIIRS_NOAA20_NRT,,
27.29278,92.60576,331.86,0.36,0.58,2026-07-06,739,N20,VIIRS,n,2.0NRT,289.18,5.28,D,VIIRS_NOAA20_NRT,,
27.29309,92.60959,337.69,0.36,0.58,2026-07-06,739,N20,VIIRS,n,2.0NRT,289.02,5.28,D,VIIRS_NOAA20_NRT,,
27.36707,94.89944,343.85,0.5,0.66,2026-07-06,739,N20,VIIRS,n,2.0NRT,285.86,5.06,D,VIIRS_NOAA20_NRT,,
27.78664,78.10799,338.09,0.5,0.41,2026-07-06,739,N20,VIIRS,n,2.0NRT,298.35,8.7,D,VIIRS_NOAA20_NRT,,
27.82353,68.08128,350.93,0.64,0.72,2026-07-06,741,N20,VIIRS,n,2.0NRT,303.65,10.55,D,VIIRS_NOAA20_NRT,,
29.08854,70.67743,330.14,0.42,0.61,2026-07-06,741,N20,VIIRS,l,2.0NRT,303.9,3.79,D,VIIRS_NOAA20_NRT,,
29.09298,70.67152,330.49,0.42,0.61,2026-07-06,741,N20,VIIRS,l,2.0NRT,303.2,3.79,D,VIIRS_NOAA20_NRT,,
29.09398,70.67568,330.28,0.42,0.61,2026-07-06,741,N20,VIIRS,l,2.0NRT,303.18,3.79,D,VIIRS_NOAA20_NRT,,
29.45625,76.87024,334.65,0.54,0.42,2026-07-06,741,N20,VIIRS,n,2.0NRT,294.33,5.82,D,VIIRS_NOAA20_NRT,,
29.45703,76.86794,336.91,0.54,0.42,2026-07-06,741,N20,VIIRS,n,2.0NRT,294.51,3.38,D,VIIRS_NOAA20_NRT,,
29.49761,71.02483,331.67,0.39,0.59,2026-07-06,741,N20,VIIRS,l,2.0NRT,304.57,4.18,D,VIIRS_NOAA20_NRT,,
29.49854,71.02873,331.02,0.39,0.59,2026-07-06,741,N20,VIIRS,l,2.0NRT,304.11,4.18,D,VIIRS_NOAA20_NRT,,
29.49954,71.02448,331.56,0.39,0.59,2026-07-06,741,N20,VIIRS,l,2.0NRT,305.04,3.05,D,VIIRS_NOAA20_NRT,,
29.5005,71.02837,331.0,0.39,0.59,2026-07-06,741,N20,VIIRS,l,2.0NRT,304.79,3.05,D,VIIRS_NOAA20_NRT,,
29.50133,71.73787,335.96,0.35,0.57,2026-07-06,741,N20,VIIRS,n,2.0NRT,299.37,2.35,D,VIIRS_NOAA20_NRT,,
29.50161,71.97789,351.14,0.34,0.56,2026-07-06,741,N20,VIIRS,n,2.0NRT,288.34,4.27,D,VIIRS_NOAA20_NRT,,
29.50216,71.74142,334.84,0.35,0.57,2026-07-06,741,N20,VIIRS,n,2.0NRT,298.77,3.62,D,VIIRS_NOAA20_NRT,,
29.50474,71.72923,333.77,0.35,0.57,2026-07-06,741,N20,VIIRS,n,2.0NRT,299.88,3.15,D,VIIRS_NOAA20_NRT,,
29.50558,71.73278,339.98,0.35,0.57,2026-07-06,741,N20,VIIRS,n,2.0NRT,299.13,3.24,D,VIIRS_NOAA20_NRT,,
29.51827,71.98017,339.23,0.34,0.56,2026-07-06,741,N20,VIIRS,n,2.0NRT,284.69,1.72,D,VIIRS_NOAA20_NRT,,
29.60768,72.25807,338.44,0.33,0.55,2026-07-06,741,N20,VIIRS,n,2.0NRT,304.42,2.78,D,VIIRS_NOAA20_NRT,,
29.63153,72.02539,335.79,0.34,0.56,2026-07-06,741,N20,VIIRS,n,2.0NRT,297.5,3.28,D,VIIRS_NOAA20_NRT,,
29.63326,72.02476,338.46,0.34,0.56,2026-07-06,741,N20,VIIRS,n,2.0NRT,296.88,3.65,D,VIIRS_NOAA20_NRT,,
29.64028,72.21642,334.09,0.33,0.55,2026-07-06,741,N20,VIIRS,l,2.0NRT,304.14,2.32,D,VIIRS_NOAA20_NRT,,
29.65887,72.31973,335.44,0.32,0.55,2026-07-06,741,N20,VIIRS,n,2.0NRT,303.22,3.31,D,VIIRS_NOAA20_NRT,,
29.67169,72.32978,334.37,0.32,0.55,2026-07-06,741,N20,VIIRS,n,2.0NRT,303.45,1.33,D,VIIRS_NOAA20_NRT,,
29.67613,72.12363,350.44,0.33,0.56,2026-07-06,741,N20,VIIRS,n,2.0NRT,297.07,5.21,D,VIIRS_NOAA20_NRT,,
29.6779,70.90413,337.73,0.39,0.6,2026-07-06,741,N20,VIIRS,n,2.0NRT,301.84,3.24,D,VIIRS_NOAA20_NRT,,
29.68082,72.21107,333.43,0.33,0.55,2026-07-06,741,N20,VIIRS,n,2.0NRT,300.14,2.38,D,VIIRS_NOAA20_NRT,,
29.68133,72.21104,331.46,0.33,0.55,2026-07-06,741,N20,VIIRS,n,2.0NRT,300.63,1.8,D,VIIRS_NOAA20_NRT,,
29.72509,72.03676,333.5,0.34,0.56,2026-07-06,741,N20,VIIRS,n,2.0NRT,301.88,1.79,D,VIIRS_NOAA20_NRT,,
29.72901,71.9034,367.0,0.34,0.56,2026-07-06,741,N20,VIIRS,h,2.0NRT,305.69,12.69,D,VIIRS_NOAA20_NRT,,
29.74565,71.5125,339.05,0.36,0.57,2026-07-06,741,N20,VIIRS,n,2.0NRT,293.28,3.65,D,VIIRS_NOAA20_NRT,,
29.74578,71.51112,343.62,0.36,0.57,2026-07-06,741,N20,VIIRS,n,2.0NRT,293.49,3.93,D,VIIRS_NOAA20_NRT,,
29.75109,72.01067,330.39,0.34,0.56,2026-07-06,741,N20,VIIRS,n,2.0NRT,299.99,1.24,D,VIIRS_NOAA20_NRT,,
29.75346,72.4988,334.11,0.63,0.54,2026-07-06,741,N20,VIIRS,n,2.0NRT,300.83,4.95,D,VIIRS_NOAA20_NRT,,
29.75485,72.01235,334.94,0.34,0.56,2026-07-06,741,N20,VIIRS,n,2.0NRT,301.39,1.28,D,VIIRS_NOAA20_NRT,,
29.7754,72.18593,334.13,0.33,0.55,2026-07-06,741,N20,VIIRS,n,2.0NRT,301.01,1.8,D,VIIRS_NOAA20_NRT,,
29.77615,72.18921,332.19,0.33,0.55,2026-07-06,741,N20,VIIRS,n,2.0NRT,301.12,1.8,D,VIIRS_NOAA20_NRT,,
29.77783,72.10959,367.0,0.33,0.55,2026-07-06,741,N20,VIIRS,h,2.0NRT,302.39,10.46,D,VIIRS_NOAA20_NRT,,
29.78927,72.04517,335.55,0.33,0.56,2026-07-06,741,N20,VIIRS,n,2.0NRT,302.57,2.17,D,VIIRS_NOAA20_NRT,,
29.79005,72.04852,335.81,0.33,0.56,2026-07-06,741,N20,VIIRS,n,2.0NRT,301.31,2.17,D,VIIRS_NOAA20_NRT,,
29.80041,71.46298,333.68,0.36,0.58,2026-07-06,741,N20,VIIRS,n,2.0NRT,294.62,0.95,D,VIIRS_NOAA20_NRT,,
29.80148,72.4368,331.09,0.64,0.54,2026-07-06,741,N20,VIIRS,n,2.0NRT,299.58,3.2,D,VIIRS_NOAA20_NRT,,
29.80766,72.39556,331.36,0.32,0.55,2026-07-06,741,N20,VIIRS,n,2.0NRT,299.84,1.06,D,VIIRS_NOAA20_NRT,,
29.84961,72.14467,338.84,0.33,0.55,2026-07-06,741,N20,VIIRS,n,2.0NRT,301.15,1.17,D,VIIRS_NOAA20_NRT,,
29.85837,72.1597,334.48,0.33,0.55,2026-07-06,741,N20,VIIRS,n,2.0NRT,302.42,1.79,D,VIIRS_NOAA20_NRT,,
29.87073,72.07937,367.0,0.33,0.55,2026-07-06,741,N20,VIIRS,h,2.0NRT,303.07,10.23,D,VIIRS_NOAA20_NRT,,
29.87121,72.07752,345.52,0.33,0.55,2026-07-06,741,N20,VIIRS,n,2.0NRT,301.84,5.03,D,VIIRS_NOAA20_NRT,,
29.87124,72.26109,334.61,0.32,0.55,2026-07-06,741,N20,VIIRS,n,2.0NRT,300.59,2.16,D,VIIRS_NOAA20_NRT,,
29.87197,72.08086,367.0,0.33,0.55,2026-07-06,741,N20,VIIRS,h,2.0NRT,301.42,5.03,D,VIIRS_NOAA20_NRT,,
29.8744,72.38794,355.23,0.32,0.54,2026-07-06,741,N20,VIIRS,n,2.0NRT,302.76,12.29,D,VIIRS_NOAA20_NRT,,
29.87514,72.39113,367.0,0.32,0.54,2026-07-06,741,N20,VIIRS,h,2.0NRT,299.94,20.99,D,VIIRS_NOAA20_NRT,,
29.88302,72.15373,338.91,0.33,0.55,2026-07-06,741,N20,VIIRS,n,2.0NRT,301.67,2.95,D,VIIRS_NOAA20_NRT,,
29.88303,72.15215,335.3,0.33,0.55,2026-07-06,741,N20,VIIRS,n,2.0NRT,301.75,2.86,D,VIIRS_NOAA20_NRT,,
29.884,71.67875,336.16,0.35,0.57,2026-07-06,741,N20,VIIRS,n,2.0NRT,304.89,2.7,D,VIIRS_NOAA20_NRT,,
29.88951,72.15882,335.0,0.33,0.55,2026-07-06,741,N20,VIIRS,n,2.0NRT,301.95,7.83,D,VIIRS_NOAA20_NRT,,
29.89023,72.16055,353.91,0.33,0.55,2026-07-06,741,N20,VIIRS,n,2.0NRT,304.53,7.61,D,VIIRS_NOAA20_NRT,,
29.89028,72.16212,367.0,0.33,0.55,2026-07-06,741,N20,VIIRS,h,2.0NRT,303.34,9.29,D,VIIRS_NOAA20_NRT,,
29.89099,72.16385,348.96,0.33,0.55,2026-07-06,741,N20,VIIRS,n,2.0NRT,301.18,11.32,D,VIIRS_NOAA20_NRT,,
29.89516,72.15904,335.8,0.33,0.55,2026-07-06,741,N20,VIIRS,n,2.0NRT,302.85,7.61,D,VIIRS_NOAA20_NRT,,
29.89522,72.16062,367.0,0.33,0.55,2026-07-06,741,N20,VIIRS,h,2.0NRT,302.37,6.13,D,VIIRS_NOAA20_NRT,,
29.89716,71.65894,334.24,0.35,0.57,2026-07-06,741,N20,VIIRS,n,2.0NRT,301.59,1.93,D,VIIRS_NOAA20_NRT,,
29.90247,72.169,333.69,0.33,0.55,2026-07-06,741,N20,VIIRS,n,2.0NRT,301.73,3.06,D,VIIRS_NOAA20_NRT,,
29.91067,71.43981,367.0,0.36,0.57,2026-07-06,741,N20,VIIRS,h,2.0NRT,300.89,7.82,D,VIIRS_NOAA20_NRT,,
29.91397,71.36047,343.48,0.37,0.58,2026-07-06,741,N20,VIIRS,n,2.0NRT,301.43,3.2,D,VIIRS_NOAA20_NRT,,
29.91401,71.36102,341.02,0.36,0.58,2026-07-06,741,N20,VIIRS,n,2.0NRT,301.16,3.42,D,VIIRS_NOAA20_NRT,,
29.92126,72.43346,341.38,0.63,0.54,2026-07-06,741,N20,VIIRS,n,2.0NRT,296.53,5.67,D,VIIRS_NOAA20_NRT,,
29.92564,72.3844,337.85,0.64,0.54,2026-07-06,741,N20,VIIRS,n,2.0NRT,294.63,3.64,D,VIIRS_NOAA20_NRT,,
29.92634,72.38201,337.09,0.64,0.54,2026-07-06,741,N20,VIIRS,n,2.0NRT,295.35,4.33,D,VIIRS_NOAA20_NRT,,
29.93105,71.59528,339.11,0.35,0.57,2026-07-06,741,N20,VIIRS,n,2.0NRT,296.68,2.32,D,VIIRS_NOAA20_NRT,,
29.93161,72.31902,338.8,0.32,0.55,2026-07-06,741,N20,VIIRS,n,2.0NRT,299.35,1.82,D,VIIRS_NOAA20_NRT,,
29.9341,72.5575,337.57,0.62,0.54,2026-07-06,741,N20,VIIRS,n,2.0NRT,298.72,5.79,D,VIIRS_NOAA20_NRT,,
29.93958,71.21394,331.3,0.37,0.58,2026-07-06,741,N20,VIIRS,l,2.0NRT,303.9,6.53,D,VIIRS_NOAA20_NRT,,
29.94162,72.06483,330.92,0.33,0.55,2026-07-06,741,N20,VIIRS,l,2.0NRT,301.96,2.04,D,VIIRS_NOAA20_NRT,,
29.94239,72.06816,337.46,0.33,0.55,2026-07-06,741,N20,VIIRS,n,2.0NRT,301.27,1.42,D,VIIRS_NOAA20_NRT,,
29.94312,71.46074,346.54,0.36,0.57,2026-07-06,741,N20,VIIRS,n,2.0NRT,299.76,4.46,D,VIIRS_NOAA20_NRT,,
29.94382,71.46104,340.67,0.36,0.57,2026-07-06,741,N20,VIIRS,n,2.0NRT,299.85,4.43,D,VIIRS_NOAA20_NRT,,
29.94568,72.46447,332.54,0.63,0.54,2026-07-06,741,N20,VIIRS,n,2.0NRT,298.61,12.29,D,VIIRS_NOAA20_NRT,,
29.94756,71.36234,335.05,0.36,0.58,2026-07-06,741,N20,VIIRS,n,2.0NRT,301.33,1.68,D,VIIRS_NOAA20_NRT,,
29.94787,72.4593,340.67,0.63,0.54,2026-07-06,741,N20,VIIRS,n,2.0NRT,297.42,9.75,D,VIIRS_NOAA20_NRT,,
29.94844,71.36599,332.01,0.36,0.58,2026-07-06,741,N20,VIIRS,n,2.0NRT,301.62,1.68,D,VIIRS_NOAA20_NRT,,
29.9493,72.46564,342.73,0.63,0.54,2026-07-06,741,N20,VIIRS,n,2.0NRT,298.12,9.75,D,VIIRS_NOAA20_NRT,,
29.95053,72.46303,344.18,0.63,0.54,2026-07-06,741,N20,VIIRS,n,2.0NRT,298.9,12.29,D,VIIRS_NOAA20_NRT,,
29.95108,72.51894,341.32,0.62,0.54,2026-07-06,741,N20,VIIRS,n,2.0NRT,300.95,7.66,D,VIIRS_NOAA20_NRT,,
29.95271,72.45785,342.57,0.63,0.54,2026-07-06,741,N20,VIIRS,n,2.0NRT,297.85,9.75,D,VIIRS_NOAA20_NRT,,
29.95336,72.5517,344.55,0.62,0.54,2026-07-06,741,N20,VIIRS,n,2.0NRT,300.7,22.75,D,VIIRS_NOAA20_NRT,,
29.95414,72.46417,338.45,0.63,0.54,2026-07-06,741,N20,VIIRS,n,2.0NRT,297.37,9.75,D,VIIRS_NOAA20_NRT,,
29.95726,72.44749,347.0,0.63,0.54,2026-07-06,741,N20,VIIRS,n,2.0NRT,298.54,11.85,D,VIIRS_NOAA20_NRT,,
29.96096,72.44858,342.8,0.63,0.54,2026-07-06,741,N20,VIIRS,n,2.0NRT,297.98,13.99,D,VIIRS_NOAA20_NRT,,
29.96122,72.30798,347.55,0.32,0.55,2026-07-06,741,N20,VIIRS,n,2.0NRT,299.28,3.36,D,VIIRS_NOAA20_NRT,,
29.96602,71.46187,350.83,0.36,0.57,2026-07-06,741,N20,VIIRS,n,2.0NRT,298.96,3.38,D,VIIRS_NOAA20_NRT,,
29.96819,71.21693,332.18,0.37,0.58,2026-07-06,741,N20,VIIRS,l,2.0NRT,304.55,7.62,D,VIIRS_NOAA20_NRT,,
29.96908,71.22065,330.97,0.37,0.58,2026-07-06,741,N20,VIIRS,l,2.0NRT,303.12,2.0,D,VIIRS_NOAA20_NRT,,
29.97426,71.21901,331.65,0.37,0.58,2026-07-06,741,N20,VIIRS,l,2.0NRT,304.0,2.0,D,VIIRS_NOAA20_NRT,,
29.97672,72.17099,335.14,0.33,0.55,2026-07-06,741,N20,VIIRS,n,2.0NRT,302.06,2.98,D,VIIRS_NOAA20_NRT,,
29.97842,72.3372,333.41,0.32,0.54,2026-07-06,741,N20,VIIRS,n,2.0NRT,297.3,1.37,D,VIIRS_NOAA20_NRT,,
29.98115,72.2812,332.04,0.32,0.55,2026-07-06,741,N20,VIIRS,n,2.0NRT,297.5,0.97,D,VIIRS_NOAA20_NRT,,
30.00426,71.20948,331.04,0.37,0.58,2026-07-06,741,N20,VIIRS,l,2.0NRT,303.87,8.02,D,VIIRS_NOAA20_NRT,,
30.03185,72.85453,335.58,0.59,0.53,2026-07-06,741,N20,VIIRS,n,2.0NRT,298.2,3.3,D,VIIRS_NOAA20_NRT,,
30.05053,71.26264,330.6,0.37,0.58,2026-07-06,741,N20,VIIRS,l,2.0NRT,303.67,6.28,D,VIIRS_NOAA20_NRT,,
30.05142,71.26633,330.18,0.37,0.58,2026-07-06,741,N20,VIIRS,l,2.0NRT,303.25,8.39,D,VIIRS_NOAA20_NRT,,
30.05262,71.47688,335.36,0.36,0.57,2026-07-06,741,N20,VIIRS,n,2.0NRT,301.04,5.06,D,VIIRS_NOAA20_NRT,,
30.05408,71.27737,331.61,0.37,0.58,2026-07-06,741,N20,VIIRS,l,2.0NRT,303.88,8.25,D,VIIRS_NOAA20_NRT,,
30.05497,71.28107,330.01,0.37,0.58,2026-07-06,741,N20,VIIRS,l,2.0NRT,302.67,6.11,D,VIIRS_NOAA20_NRT,,
30.0563,71.47222,331.69,0.36,0.57,2026-07-06,741,N20,VIIRS,n,2.0NRT,300.66,6.16,D,VIIRS_NOAA20_NRT,,
30.05686,71.47173,330.48,0.36,0.57,2026-07-06,741,N20,VIIRS,n,2.0NRT,300.22,7.55,D,VIIRS_NOAA20_NRT,,
30.05714,71.47581,367.0,0.36,0.57,2026-07-06,741,N20,VIIRS,h,2.0NRT,301.49,10.07,D,VIIRS_NOAA20_NRT,,
30.05773,71.47531,367.0,0.36,0.57,2026-07-06,741,N20,VIIRS,h,2.0NRT,300.96,5.06,D,VIIRS_NOAA20_NRT,,
30.06012,71.27943,331.05,0.37,0.58,2026-07-06,741,N20,VIIRS,l,2.0NRT,303.02,4.64,D,VIIRS_NOAA20_NRT,,
30.08813,71.92893,340.77,0.33,0.56,2026-07-06,741,N20,VIIRS,n,2.0NRT,304.69,3.3,D,VIIRS_NOAA20_NRT,,
30.08892,71.9323,351.82,0.33,0.56,2026-07-06,741,N20,VIIRS,n,2.0NRT,304.69,3.3,D,VIIRS_NOAA20_NRT,,
30.09389,71.93077,367.0,0.33,0.56,2026-07-06,741,N20,VIIRS,h,2.0NRT,306.03,16.81,D,VIIRS_NOAA20_NRT,,
30.14546,73.17944,337.51,0.56,0.52,2026-07-06,741,N20,VIIRS,n,2.0NRT,297.93,8.95,D,VIIRS_NOAA20_NRT,,
30.18249,73.16854,334.83,0.56,0.52,2026-07-06,741,N20,VIIRS,n,2.0NRT,298.93,5.85,D,VIIRS_NOAA20_NRT,,
30.19916,72.04413,335.07,0.33,0.55,2026-07-06,741,N20,VIIRS,n,2.0NRT,302.01,1.48,D,VIIRS_NOAA20_NRT,,
30.22891,72.08086,345.52,0.33,0.55,2026-07-06,741,N20,VIIRS,n,2.0NRT,301.37,2.7,D,VIIRS_NOAA20_NRT,,
30.28919,71.05765,330.64,0.37,0.58,2026-07-06,741,N20,VIIRS,l,2.0NRT,305.24,5.81,D,VIIRS_NOAA20_NRT,,
30.3283,73.06223,332.77,0.57,0.52,2026-07-06,741,N20,VIIRS,n,2.0NRT,294.57,4.61,D,VIIRS_NOAA20_NRT,,
30.33666,73.14513,341.43,0.56,0.52,2026-07-06,741,N20,VIIRS,n,2.0NRT,298.1,7.32,D,VIIRS_NOAA20_NRT,,
30.33838,73.14339,335.93,0.56,0.52,2026-07-06,741,N20,VIIRS,n,2.0NRT,297.89,5.99,D,VIIRS_NOAA20_NRT,,
30.33966,73.14906,332.66,0.56,0.52,2026-07-06,741,N20,VIIRS,n,2.0NRT,297.84,2.53,D,VIIRS_NOAA20_NRT,,
30.37227,73.09692,341.99,0.56,0.52,2026-07-06,741,N20,VIIRS,n,2.0NRT,298.0,4.32,D,VIIRS_NOAA20_NRT,,
30.37455,72.18569,334.71,0.32,0.54,2026-07-06,741,N20,VIIRS,n,2.0NRT,294.86,2.75,D,VIIRS_NOAA20_NRT,,
30.3769,73.09554,335.41,0.56,0.52,2026-07-06,741,N20,VIIRS,n,2.0NRT,297.79,4.32,D,VIIRS_NOAA20_NRT,,
30.38323,71.47832,332.21,0.35,0.57,2026-07-06,741,N20,VIIRS,l,2.0NRT,305.25,4.41,D,VIIRS_NOAA20_NRT,,
30.38911,71.48022,331.68,0.35,0.57,2026-07-06,741,N20,VIIRS,l,2.0NRT,303.78,4.41,D,VIIRS_NOAA20_NRT,,
30.39125,73.11561,337.5,0.56,0.52,2026-07-06,741,N20,VIIRS,n,2.0NRT,297.67,4.81,D,VIIRS_NOAA20_NRT,,
30.50461,72.09078,334.07,0.32,0.55,2026-07-06,741,N20,VIIRS,n,2.0NRT,295.19,2.08,D,VIIRS_NOAA20_NRT,,
30.52197,72.32313,331.76,0.62,0.54,2026-07-06,741,N20,VIIRS,n,2.0NRT,295.65,4.32,D,VIIRS_NOAA20_NRT,,
30.5412,71.6349,333.43,0.34,0.56,2026-07-06,741,N20,VIIRS,l,2.0NRT,306.07,9.18,D,VIIRS_NOAA20_NRT,,
30.5452,71.65207,331.3,0.34,0.56,2026-07-06,741,N20,VIIRS,l,2.0NRT,303.98,2.45,D,VIIRS_NOAA20_NRT,,
30.5478,71.6402,332.74,0.34,0.56,2026-07-06,741,N20,VIIRS,l,2.0NRT,305.29,8.08,D,VIIRS_NOAA20_NRT,,
30.54859,71.64362,331.4,0.34,0.56,2026-07-06,741,N20,VIIRS,l,2.0NRT,303.52,4.58,D,VIIRS_NOAA20_NRT,,
30.55126,71.64214,331.68,0.34,0.56,2026-07-06,741,N20,VIIRS,l,2.0NRT,304.13,5.27,D,VIIRS_NOAA20_NRT,,
30.56277,72.85212,335.72,0.58,0.52,2026-07-06,741,N20,VIIRS,n,2.0NRT,299.06,4.42,D,VIIRS_NOAA20_NRT,,
30.59183,73.3925,333.52,0.54,0.51,2026-07-06,741,N20,VIIRS,n,2.0NRT,298.15,2.17,D,VIIRS_NOAA20_NRT,,
30.60731,71.98879,341.56,0.32,0.55,2026-07-06,741,N20,VIIRS,n,2.0NRT,299.52,3.34,D,VIIRS_NOAA20_NRT,,
30.60897,74.02367,343.68,0.49,0.49,2026-07-06,741,N20,VIIRS,n,2.0NRT,295.98,4.01,D,VIIRS_NOAA20_NRT,,
30.62025,71.90973,330.06,0.33,0.55,2026-07-06,741,N20,VIIRS,l,2.0NRT,301.63,4.14,D,VIIRS_NOAA20_NRT,,
30.64185,73.57821,335.36,0.52,0.5,2026-07-06,741,N20,VIIRS,n,2.0NRT,297.2,3.03,D,VIIRS_NOAA20_NRT,,
30.64229,73.57648,333.0,0.52,0.5,2026-07-06,741,N20,VIIRS,n,2.0NRT,297.24,2.98,D,VIIRS_NOAA20_NRT,,
30.64965,73.87495,341.86,0.5,0.49,2026-07-06,741,N20,VIIRS,n,2.0NRT,288.47,5.5,D,VIIRS_NOAA20_NRT,,
30.65376,73.49937,331.26,0.53,0.5,2026-07-06,741,N20,VIIRS,n,2.0NRT,297.54,4.51,D,VIIRS_NOAA20_NRT,,
30.73457,74.07496,330.25,0.49,0.48,2026-07-06,741,N20,VIIRS,n,2.0NRT,295.93,1.45,D,VIIRS_NOAA20_NRT,,
30.79925,73.90527,330.65,0.5,0.49,2026-07-06,741,N20,VIIRS,n,2.0NRT,294.04,1.9,D,VIIRS_NOAA20_NRT,,
30.81207,74.26356,342.18,0.47,0.48,2026-07-06,741,N20,VIIRS,n,2.0NRT,295.61,4.18,D,VIIRS_NOAA20_NRT,,
30.81716,72.9807,342.35,0.56,0.52,2026-07-06,741,N20,VIIRS,n,2.0NRT,297.6,8.48,D,VIIRS_NOAA20_NRT,,
30.84164,72.97133,331.89,0.56,0.51,2026-07-06,741,N20,VIIRS,n,2.0NRT,298.12,3.87,D,VIIRS_NOAA20_NRT,,
30.87033,73.96088,337.39,0.49,0.49,2026-07-06,741,N20,VIIRS,n,2.0NRT,295.33,3.15,D,VIIRS_NOAA20_NRT,,
30.91256,75.52628,334.64,0.4,0.44,2026-07-06,741,N20,VIIRS,n,2.0NRT,295.91,2.21,D,VIIRS_NOAA20_NRT,,
30.92682,75.63877,337.66,0.4,0.44,2026-07-06,741,N20,VIIRS,n,2.0NRT,294.95,3.19,D,VIIRS_NOAA20_NRT,,
30.94882,75.37264,346.68,0.41,0.45,2026-07-06,741,N20,VIIRS,n,2.0NRT,295.95,5.99,D,VIIRS_NOAA20_NRT,,
31.021,74.12513,335.92,0.48,0.48,2026-07-06,741,N20,VIIRS,n,2.0NRT,295.0,2.6,D,VIIRS_NOAA20_NRT,,
31.06466,74.17969,331.6,0.47,0.48,2026-07-06,741,N20,VIIRS,n,2.0NRT,294.58,3.89,D,VIIRS_NOAA20_NRT,,
31.08121,73.49971,343.25,0.52,0.5,2026-07-06,741,N20,VIIRS,n,2.0NRT,296.91,10.2,D,VIIRS_NOAA20_NRT,,
31.08472,73.50034,349.26,0.52,0.5,2026-07-06,741,N20,VIIRS,n,2.0NRT,297.87,9.4,D,VIIRS_NOAA20_NRT,,
31.09672,74.66486,334.8,0.44,0.46,2026-07-06,741,N20,VIIRS,n,2.0NRT,294.92,2.55,D,VIIRS_NOAA20_NRT,,
31.20884,72.62549,335.58,0.58,0.52,2026-07-06,741,N20,VIIRS,n,2.0NRT,299.62,2.68,D,VIIRS_NOAA20_NRT,,
31.20902,72.62363,332.7,0.58,0.52,2026-07-06,741,N20,VIIRS,n,2.0NRT,298.86,3.31,D,VIIRS_NOAA20_NRT,,
31.38127,75.6491,336.75,0.39,0.44,2026-07-06,741,N20,VIIRS,n,2.0NRT,296.35,3.0,D,VIIRS_NOAA20_NRT,,
31.39467,75.65387,337.04,0.39,0.44,2026-07-06,741,N20,VIIRS,n,2.0NRT,295.54,3.63,D,VIIRS_NOAA20_NRT,,
31.60635,72.67157,332.7,0.56,0.52,2026-07-06,741,N20,VIIRS,n,2.0NRT,298.2,3.83,D,VIIRS_NOAA20_NRT,,
32.15084,72.41858,331.75,0.56,0.52,2026-07-06,741,N20,VIIRS,n,2.0NRT,297.54,4.95,D,VIIRS_NOAA20_NRT,,
33.07457,73.69504,342.49,0.46,0.47,2026-07-06,741,N20,VIIRS,n,2.0NRT,297.12,6.64,D,VIIRS_NOAA20_NRT,,
34.08506,72.66657,330.05,0.5,0.49,2026-07-06,744,N20,VIIRS,n,2.0NRT,298.45,5.12,D,VIIRS_NOAA20_NRT,,
34.44252,72.721,341.08,0.48,0.48,2026-07-06,744,N20,VIIRS,n,2.0NRT,294.75,8.36,D,VIIRS_NOAA20_NRT,,
34.87636,71.91988,348.48,0.52,0.5,2026-07-06,744,N20,VIIRS,n,2.0NRT,304.27,6.87,D,VIIRS_NOAA20_NRT,,
34.88113,71.91978,337.1,0.52,0.5,2026-07-06,744,N20,VIIRS,n,2.0NRT,302.08,4.71,D,VIIRS_NOAA20_NRT,,
23.65056,68.56427,335.16,0.4,0.6,2026-07-06,920,N20,VIIRS,n,2.0NRT,294.37,4.32,D,VIIRS_NOAA20_NRT,,
24.50887,69.20814,337.75,0.45,0.63,2026-07-06,920,N20,VIIRS,n,2.0NRT,296.36,3.18,D,VIIRS_NOAA20_NRT,,
25.02564,68.8533,331.9,0.43,0.62,2026-07-06,922,N20,VIIRS,n,2.0NRT,300.01,3.53,D,VIIRS_NOAA20_NRT,,
27.89591,68.29344,343.78,0.43,0.62,2026-07-06,922,N20,VIIRS,n,2.0NRT,310.93,13.28,D,VIIRS_NOAA20_NRT,,
28.05705,69.13666,339.89,0.48,0.65,2026-07-06,922,N20,VIIRS,n,2.0NRT,304.87,6.22,D,VIIRS_NOAA20_NRT,,
28.06054,69.13589,346.26,0.48,0.65,2026-07-06,922,N20,VIIRS,n,2.0NRT,306.79,4.8,D,VIIRS_NOAA20_NRT,,
28.226,68.12429,344.32,0.42,0.61,2026-07-06,922,N20,VIIRS,n,2.0NRT,311.0,9.9,D,VIIRS_NOAA20_NRT,,
28.22895,68.12556,346.02,0.42,0.61,2026-07-06,922,N20,VIIRS,n,2.0NRT,309.4,9.14,D,VIIRS_NOAA20_NRT,,
29.59147,71.68114,335.52,0.71,0.75,2026-07-06,922,N20,VIIRS,n,2.0NRT,296.66,5.94,D,VIIRS_NOAA20_NRT,,
29.59298,71.68237,333.03,0.71,0.75,2026-07-06,922,N20,VIIRS,n,2.0NRT,296.88,6.91,D,VIIRS_NOAA20_NRT,,
29.6098,71.78632,332.31,0.72,0.76,2026-07-06,922,N20,VIIRS,n,2.0NRT,296.74,7.79,D,VIIRS_NOAA20_NRT,,
29.73239,71.90193,334.21,0.74,0.76,2026-07-06,922,N20,VIIRS,n,2.0NRT,294.93,6.34,D,VIIRS_NOAA20_NRT,,
29.87211,71.6134,331.62,0.71,0.75,2026-07-06,922,N20,VIIRS,n,2.0NRT,296.58,4.15,D,VIIRS_NOAA20_NRT,,
29.90487,72.1967,333.57,0.77,0.77,2026-07-06,922,N20,VIIRS,n,2.0NRT,293.54,5.98,D,VIIRS_NOAA20_NRT,,
29.9077,72.1983,338.25,0.77,0.77,2026-07-06,922,N20,VIIRS,n,2.0NRT,293.61,6.78,D,VIIRS_NOAA20_NRT,,
29.95027,72.18034,332.15,0.77,0.77,2026-07-06,922,N20,VIIRS,n,2.0NRT,294.25,7.9,D,VIIRS_NOAA20_NRT,,
29.95121,71.51912,330.14,0.7,0.75,2026-07-06,922,N20,VIIRS,n,2.0NRT,297.11,4.16,D,VIIRS_NOAA20_NRT,,
30.03015,71.57507,332.27,0.71,0.75,2026-07-06,922,N20,VIIRS,n,2.0NRT,297.78,4.02,D,VIIRS_NOAA20_NRT,,
30.05741,71.58248,341.93,0.71,0.75,2026-07-06,922,N20,VIIRS,n,2.0NRT,297.71,9.88,D,VIIRS_NOAA20_NRT,,
30.05837,71.58138,344.82,0.71,0.75,2026-07-06,922,N20,VIIRS,n,2.0NRT,297.99,7.98,D,VIIRS_NOAA20_NRT,,
30.09316,71.99068,330.65,0.75,0.77,2026-07-06,922,N20,VIIRS,n,2.0NRT,293.43,5.94,D,VIIRS_NOAA20_NRT,,
30.09648,71.98907,334.64,0.75,0.77,2026-07-06,922,N20,VIIRS,n,2.0NRT,293.65,4.65,D,VIIRS_NOAA20_NRT,,
29.08524,88.01064,308.45,0.42,0.37,2026-07-06,2006,N20,VIIRS,n,2.0NRT,280.79,1.72,N,VIIRS_NOAA20_NRT,,
29.22353,88.34892,305.11,0.43,0.38,2026-07-06,2006,N20,VIIRS,n,2.0NRT,284.36,1.34,N,VIIRS_NOAA20_NRT,,
30.53637,73.53431,305.09,0.5,0.65,2026-07-06,2006,N20,VIIRS,n,2.0NRT,286.43,0.75,N,VIIRS_NOAA20_NRT,,
32.08485,74.16488,306.98,0.47,0.64,2026-07-06,2006,N20,VIIRS,n,2.0NRT,291.89,4.75,N,VIIRS_NOAA20_NRT,,
17.60888,83.20279,313.38,0.39,0.36,2026-07-06,2008,N20,VIIRS,n,2.0NRT,278.65,2.39,N,VIIRS_NOAA20_NRT,,
22.36574,87.3003,317.09,0.46,0.39,2026-07-06,2008,N20,VIIRS,n,2.0NRT,285.49,2.54,N,VIIRS_NOAA20_NRT,,
22.3693,87.30104,316.43,0.46,0.39,2026-07-06,2008,N20,VIIRS,n,2.0NRT,287.33,1.56,N,VIIRS_NOAA20_NRT,,
22.37009,87.29664,306.0,0.46,0.39,2026-07-06,2008,N20,VIIRS,n,2.0NRT,285.74,1.56,N,VIIRS_NOAA20_NRT,,
22.37681,87.27979,316.07,0.46,0.39,2026-07-06,2008,N20,VIIRS,n,2.0NRT,284.16,2.86,N,VIIRS_NOAA20_NRT,,
11.01376,79.31786,306.64,0.41,0.37,2026-07-06,2010,N20,VIIRS,n,2.0NRT,293.08,1.13,N,VIIRS_NOAA20_NRT,,
11.01432,79.3141,315.39,0.41,0.37,2026-07-06,2010,N20,VIIRS,n,2.0NRT,292.87,1.13,N,VIIRS_NOAA20_NRT,,
11.18323,79.09957,307.59,0.42,0.38,2026-07-06,2010,N20,VIIRS,n,2.0NRT,293.68,0.66,N,VIIRS_NOAA20_NRT,,
11.27002,80.00464,315.38,0.4,0.37,2026-07-06,2010,N20,VIIRS,n,2.0NRT,292.87,0.77,N,VIIRS_NOAA20_NRT,,
11.30304,77.80634,304.08,0.48,0.4,2026-07-06,2010,N20,VIIRS,n,2.0NRT,287.37,0.69,N,VIIRS_NOAA20_NRT,,
11.7412,78.77849,303.47,0.44,0.38,2026-07-06,2010,N20,VIIRS,n,2.0NRT,286.76,0.82,N,VIIRS_NOAA20_NRT,,
12.85413,79.90806,328.56,0.41,0.37,2026-07-06,2010,N20,VIIRS,n,2.0NRT,289.79,2.83,N,VIIRS_NOAA20_NRT,,
13.05033,80.1461,307.17,0.4,0.37,2026-07-06,2010,N20,VIIRS,n,2.0NRT,289.34,0.35,N,VIIRS_NOAA20_NRT,,
13.1665,79.69625,311.7,0.42,0.37,2026-07-06,2010,N20,VIIRS,n,2.0NRT,287.17,2.17,N,VIIRS_NOAA20_NRT,,
13.19204,79.82841,307.01,0.41,0.37,2026-07-06,2010,N20,VIIRS,n,2.0NRT,288.31,1.05,N,VIIRS_NOAA20_NRT,,
13.19602,79.82517,307.63,0.41,0.37,2026-07-06,2010,N20,VIIRS,n,2.0NRT,287.72,0.88,N,VIIRS_NOAA20_NRT,,
13.3934,80.10034,311.04,0.41,0.37,2026-07-06,2010,N20,VIIRS,n,2.0NRT,289.56,1.29,N,VIIRS_NOAA20_NRT,,
13.44588,80.09716,309.69,0.41,0.37,2026-07-06,2010,N20,VIIRS,n,2.0NRT,289.28,1.55,N,VIIRS_NOAA20_NRT,,
14.71168,79.68822,298.97,0.43,0.38,2026-07-06,2010,N20,VIIRS,n,2.0NRT,265.52,0.41,N,VIIRS_NOAA20_NRT,,
14.71515,79.68877,301.67,0.43,0.38,2026-07-06,2010,N20,VIIRS,n,2.0NRT,265.82,0.41,N,VIIRS_NOAA20_NRT,,
15.02297,78.01653,300.0,0.52,0.41,2026-07-06,2010,N20,VIIRS,n,2.0NRT,277.34,1.17,N,VIIRS_NOAA20_NRT,,
15.7634,79.1441,326.48,0.46,0.39,2026-07-06,2010,N20,VIIRS,n,2.0NRT,281.43,1.92,N,VIIRS_NOAA20_NRT,,
15.76405,79.1396,302.93,0.46,0.39,2026-07-06,2010,N20,VIIRS,n,2.0NRT,281.12,1.92,N,VIIRS_NOAA20_NRT,,
8.63021,77.88921,308.05,0.45,0.39,2026-07-06,2012,N20,VIIRS,n,2.0NRT,292.32,1.12,N,VIIRS_NOAA20_NRT,,
8.75902,78.1852,324.57,0.43,0.38,2026-07-06,2012,N20,VIIRS,n,2.0NRT,295.78,2.23,N,VIIRS_NOAA20_NRT,,
8.75962,78.18127,322.76,0.44,0.38,2026-07-06,2012,N20,VIIRS,n,2.0NRT,295.0,2.23,N,VIIRS_NOAA20_NRT,,
9.00065,80.69894,308.97,0.38,0.36,2026-07-06,2012,N20,VIIRS,n,2.0NRT,294.61,1.22,N,VIIRS_NOAA20_NRT,,
35.96851,68.6874,308.07,0.4,0.44,2026-07-06,2144,N20,VIIRS,n,2.0NRT,294.72,1.8,N,VIIRS_NOAA20_NRT,,
25.39089,68.58306,309.62,0.32,0.55,2026-07-06,2148,N20,VIIRS,n,2.0NRT,284.33,1.05,N,VIIRS_NOAA20_NRT,,
17.47243,80.89964,332.4,0.34,0.56,2026-07-07,720,N20,VIIRS,n,2.0NRT,289.08,2.28,D,VIIRS_NOAA20_NRT,,
20.86602,85.00063,339.51,0.5,0.41,2026-07-07,720,N20,VIIRS,n,2.0NRT,293.55,6.15,D,VIIRS_NOAA20_NRT,,
20.8676,84.99919,337.79,0.5,0.41,2026-07-07,720,N20,VIIRS,n,2.0NRT,294.87,6.94,D,VIIRS_NOAA20_NRT,,
20.96383,85.18762,334.16,0.48,0.4,2026-07-07,720,N20,VIIRS,n,2.0NRT,293.3,8.06,D,VIIRS_NOAA20_NRT,,
20.96953,85.17697,351.42,0.48,0.4,2026-07-07,720,N20,VIIRS,n,2.0NRT,294.2,9.93,D,VIIRS_NOAA20_NRT,,
26.93955,80.08955,329.53,0.49,0.49,2026-07-07,722,N20,VIIRS,n,2.0NRT,290.8,2.42,D,VIIRS_NOAA20_NRT,,
29.26953,88.90488,349.2,0.41,0.37,2026-07-07,722,N20,VIIRS,n,2.0NRT,315.59,15.07,D,VIIRS_NOAA20_NRT,,
29.27234,88.90011,351.68,0.41,0.37,2026-07-07,722,N20,VIIRS,n,2.0NRT,309.76,8.49,D,VIIRS_NOAA20_NRT,,
29.49179,71.75443,330.17,0.67,0.74,2026-07-07,722,N20,VIIRS,n,2.0NRT,292.44,4.11,D,VIIRS_NOAA20_NRT,,
29.49362,71.76102,332.07,0.67,0.74,2026-07-07,722,N20,VIIRS,n,2.0NRT,291.97,3.81,D,VIIRS_NOAA20_NRT,,
29.50455,71.97897,331.38,0.65,0.73,2026-07-07,722,N20,VIIRS,n,2.0NRT,291.84,3.04,D,VIIRS_NOAA20_NRT,,
29.62626,72.19199,338.81,0.63,0.72,2026-07-07,722,N20,VIIRS,n,2.0NRT,292.55,9.6,D,VIIRS_NOAA20_NRT,,
29.64851,72.29905,331.67,0.62,0.71,2026-07-07,722,N20,VIIRS,n,2.0NRT,293.49,3.49,D,VIIRS_NOAA20_NRT,,
29.66012,72.34174,336.55,0.61,0.71,2026-07-07,722,N20,VIIRS,n,2.0NRT,293.64,6.67,D,VIIRS_NOAA20_NRT,,
29.7509,71.96667,346.41,0.64,0.72,2026-07-07,722,N20,VIIRS,n,2.0NRT,293.82,8.23,D,VIIRS_NOAA20_NRT,,
29.78081,72.62952,336.02,0.59,0.7,2026-07-07,722,N20,VIIRS,n,2.0NRT,294.87,4.24,D,VIIRS_NOAA20_NRT,,
29.78544,72.62989,339.14,0.59,0.7,2026-07-07,722,N20,VIIRS,n,2.0NRT,294.76,9.64,D,VIIRS_NOAA20_NRT,,
29.78699,72.62736,330.46,0.59,0.7,2026-07-07,722,N20,VIIRS,n,2.0NRT,294.6,4.24,D,VIIRS_NOAA20_NRT,,
29.79619,72.41066,334.12,0.6,0.71,2026-07-07,722,N20,VIIRS,n,2.0NRT,294.05,7.79,D,VIIRS_NOAA20_NRT,,
29.86878,72.34521,335.3,0.61,0.71,2026-07-07,722,N20,VIIRS,n,2.0NRT,293.76,3.88,D,VIIRS_NOAA20_NRT,,
29.91197,72.74097,348.04,0.57,0.69,2026-07-07,722,N20,VIIRS,n,2.0NRT,291.96,7.24,D,VIIRS_NOAA20_NRT,,
29.91512,72.73934,339.26,0.57,0.69,2026-07-07,722,N20,VIIRS,n,2.0NRT,291.18,7.51,D,VIIRS_NOAA20_NRT,,
29.92203,72.33937,343.81,0.61,0.71,2026-07-07,722,N20,VIIRS,n,2.0NRT,293.28,5.83,D,VIIRS_NOAA20_NRT,,
29.92327,72.34058,346.11,0.6,0.71,2026-07-07,722,N20,VIIRS,n,2.0NRT,293.64,10.46,D,VIIRS_NOAA20_NRT,,
29.92341,72.31905,333.83,0.61,0.71,2026-07-07,722,N20,VIIRS,n,2.0NRT,293.09,4.06,D,VIIRS_NOAA20_NRT,,
29.92455,72.32034,335.03,0.61,0.71,2026-07-07,722,N20,VIIRS,n,2.0NRT,292.77,5.74,D,VIIRS_NOAA20_NRT,,
29.92827,72.3371,331.2,0.61,0.71,2026-07-07,722,N20,VIIRS,n,2.0NRT,292.42,5.83,D,VIIRS_NOAA20_NRT,,
29.93479,72.3824,330.49,0.6,0.71,2026-07-07,722,N20,VIIRS,n,2.0NRT,293.98,5.76,D,VIIRS_NOAA20_NRT,,
29.93493,72.3873,339.64,0.6,0.71,2026-07-07,722,N20,VIIRS,n,2.0NRT,293.86,5.5,D,VIIRS_NOAA20_NRT,,
30.01142,72.38777,334.16,0.6,0.7,2026-07-07,722,N20,VIIRS,n,2.0NRT,291.86,3.16,D,VIIRS_NOAA20_NRT,,
30.02265,72.42921,337.71,0.59,0.7,2026-07-07,722,N20,VIIRS,n,2.0NRT,291.74,5.48,D,VIIRS_NOAA20_NRT,,
30.04543,72.66325,332.53,0.57,0.69,2026-07-07,722,N20,VIIRS,n,2.0NRT,291.59,3.29,D,VIIRS_NOAA20_NRT,,
30.07798,73.02377,338.89,0.55,0.68,2026-07-07,722,N20,VIIRS,n,2.0NRT,291.98,5.04,D,VIIRS_NOAA20_NRT,,
30.1006,72.6937,333.62,0.57,0.69,2026-07-07,722,N20,VIIRS,n,2.0NRT,290.94,5.98,D,VIIRS_NOAA20_NRT,,
30.64247,75.19198,335.3,0.4,0.6,2026-07-07,722,N20,VIIRS,n,2.0NRT,293.3,3.05,D,VIIRS_NOAA20_NRT,,
29.94182,71.46024,350.81,0.68,0.74,2026-07-07,724,N20,VIIRS,n,2.0NRT,295.83,12.46,D,VIIRS_NOAA20_NRT,,
30.03005,71.49413,331.62,0.67,0.74,2026-07-07,724,N20,VIIRS,n,2.0NRT,296.05,4.88,D,VIIRS_NOAA20_NRT,,
30.03369,71.49352,331.13,0.67,0.74,2026-07-07,724,N20,VIIRS,n,2.0NRT,295.47,1.43,D,VIIRS_NOAA20_NRT,,
30.1039,72.69185,335.27,0.57,0.69,2026-07-07,724,N20,VIIRS,n,2.0NRT,291.15,4.23,D,VIIRS_NOAA20_NRT,,
30.28648,71.62762,345.55,0.65,0.73,2026-07-07,724,N20,VIIRS,n,2.0NRT,297.32,9.35,D,VIIRS_NOAA20_NRT,,
30.28719,71.6233,344.9,0.65,0.73,2026-07-07,724,N20,VIIRS,n,2.0NRT,298.3,7.04,D,VIIRS_NOAA20_NRT,,
30.30783,72.15397,336.4,0.61,0.71,2026-07-07,724,N20,VIIRS,n,2.0NRT,292.5,5.99,D,VIIRS_NOAA20_NRT,,
30.37479,73.20924,340.83,0.52,0.67,2026-07-07,724,N20,VIIRS,n,2.0NRT,294.45,3.22,D,VIIRS_NOAA20_NRT,,
30.37492,73.21184,331.91,0.53,0.67,2026-07-07,724,N20,VIIRS,n,2.0NRT,294.01,4.4,D,VIIRS_NOAA20_NRT,,
30.39679,73.22132,333.86,0.52,0.67,2026-07-07,724,N20,VIIRS,n,2.0NRT,293.62,2.74,D,VIIRS_NOAA20_NRT,,
30.41555,73.24072,344.7,0.52,0.67,2026-07-07,724,N20,VIIRS,n,2.0NRT,294.66,5.28,D,VIIRS_NOAA20_NRT,,
30.4688,72.7114,331.05,0.56,0.69,2026-07-07,724,N20,VIIRS,n,2.0NRT,292.39,3.21,D,VIIRS_NOAA20_NRT,,
30.5059,72.14294,330.5,0.6,0.71,2026-07-07,724,N20,VIIRS,n,2.0NRT,292.64,2.57,D,VIIRS_NOAA20_NRT,,
30.50656,72.14066,330.12,0.6,0.71,2026-07-07,724,N20,VIIRS,n,2.0NRT,292.21,2.47,D,VIIRS_NOAA20_NRT,,
30.50836,73.82393,334.53,0.48,0.65,2026-07-07,724,N20,VIIRS,n,2.0NRT,293.92,4.2,D,VIIRS_NOAA20_NRT,,
30.55018,73.67937,340.27,0.49,0.65,2026-07-07,724,N20,VIIRS,n,2.0NRT,293.91,7.49,D,VIIRS_NOAA20_NRT,,
30.56888,72.01873,330.79,0.61,0.71,2026-07-07,724,N20,VIIRS,n,2.0NRT,292.83,2.67,D,VIIRS_NOAA20_NRT,,
30.57307,73.09829,335.77,0.53,0.67,2026-07-07,724,N20,VIIRS,n,2.0NRT,295.54,4.48,D,VIIRS_NOAA20_NRT,,
30.57421,73.10107,353.77,0.53,0.67,2026-07-07,724,N20,VIIRS,n,2.0NRT,296.48,8.09,D,VIIRS_NOAA20_NRT,,
30.57445,73.10358,339.78,0.53,0.67,2026-07-07,724,N20,VIIRS,n,2.0NRT,295.33,4.48,D,VIIRS_NOAA20_NRT,,
30.61681,73.6455,334.42,0.49,0.65,2026-07-07,724,N20,VIIRS,n,2.0NRT,293.87,4.64,D,VIIRS_NOAA20_NRT,,
30.65721,73.99715,333.89,0.47,0.64,2026-07-07,724,N20,VIIRS,n,2.0NRT,292.9,2.79,D,VIIRS_NOAA20_NRT,,
30.66287,73.99521,335.21,0.47,0.64,2026-07-07,724,N20,VIIRS,n,2.0NRT,292.66,5.15,D,VIIRS_NOAA20_NRT,,
30.67102,72.82854,331.08,0.54,0.68,2026-07-07,724,N20,VIIRS,n,2.0NRT,296.18,3.13,D,VIIRS_NOAA20_NRT,,
30.84489,75.59411,343.61,0.37,0.58,2026-07-07,724,N20,VIIRS,n,2.0NRT,292.15,3.81,D,VIIRS_NOAA20_NRT,,
30.916,72.89084,334.62,0.53,0.67,2026-07-07,724,N20,VIIRS,n,2.0NRT,295.6,5.67,D,VIIRS_NOAA20_NRT,,
30.91742,72.89616,335.54,0.53,0.67,2026-07-07,724,N20,VIIRS,n,2.0NRT,294.19,3.73,D,VIIRS_NOAA20_NRT,,
30.93175,73.27345,332.86,0.5,0.66,2026-07-07,724,N20,VIIRS,n,2.0NRT,295.64,1.83,D,VIIRS_NOAA20_NRT,,
30.93389,73.2712,332.74,0.5,0.66,2026-07-07,724,N20,VIIRS,n,2.0NRT,294.7,2.58,D,VIIRS_NOAA20_NRT,,
31.02118,75.56987,336.5,0.37,0.58,2026-07-07,724,N20,VIIRS,n,2.0NRT,290.43,2.16,D,VIIRS_NOAA20_NRT,,
31.06319,74.61283,334.3,0.42,0.61,2026-07-07,724,N20,VIIRS,n,2.0NRT,293.0,3.2,D,VIIRS_NOAA20_NRT,,
31.06417,74.61273,333.71,0.42,0.61,2026-07-07,724,N20,VIIRS,n,2.0NRT,293.25,2.89,D,VIIRS_NOAA20_NRT,,
31.2449,72.60888,332.02,0.54,0.68,2026-07-07,724,N20,VIIRS,n,2.0NRT,293.23,2.23,D,VIIRS_NOAA20_NRT,,
34.25208,72.70498,330.89,0.45,0.63,2026-07-07,724,N20,VIIRS,n,2.0NRT,294.01,1.36,D,VIIRS_NOAA20_NRT,,
34.2541,72.70655,332.56,0.45,0.63,2026-07-07,724,N20,VIIRS,n,2.0NRT,295.47,3.03,D,VIIRS_NOAA20_NRT,,
34.52221,87.6847,330.18,0.41,0.37,2026-07-07,724,N20,VIIRS,l,2.0NRT,304.45,2.03,D,VIIRS_NOAA20_NRT,,
8.75607,78.18181,333.9,0.55,0.68,2026-07-07,858,N20,VIIRS,n,2.0NRT,286.11,9.43,D,VIIRS_NOAA20_NRT,,
9.57311,78.53911,333.32,0.6,0.7,2026-07-07,858,N20,VIIRS,n,2.0NRT,288.49,3.62,D,VIIRS_NOAA20_NRT,,
27.39538,72.15691,337.97,0.37,0.58,2026-07-07,902,N20,VIIRS,n,2.0NRT,294.85,1.63,D,VIIRS_NOAA20_NRT,,
27.52532,71.82478,367.0,0.36,0.57,2026-07-07,902,N20,VIIRS,h,2.0NRT,296.96,8.79,D,VIIRS_NOAA20_NRT,,
27.52563,71.82839,338.24,0.36,0.57,2026-07-07,902,N20,VIIRS,n,2.0NRT,296.04,7.16,D,VIIRS_NOAA20_NRT,,
27.69134,68.03315,340.02,0.42,0.45,2026-07-07,902,N20,VIIRS,n,2.0NRT,306.59,8.4,D,VIIRS_NOAA20_NRT,,
27.88369,68.96342,334.08,0.48,0.48,2026-07-07,902,N20,VIIRS,n,2.0NRT,301.72,3.44,D,VIIRS_NOAA20_NRT,,
27.89562,69.03661,332.22,0.48,0.48,2026-07-07,902,N20,VIIRS,l,2.0NRT,303.44,5.12,D,VIIRS_NOAA20_NRT,,
29.49785,71.74996,331.88,0.37,0.58,2026-07-07,905,N20,VIIRS,n,2.0NRT,297.8,2.02,D,VIIRS_NOAA20_NRT,,
29.51223,72.01732,367.0,0.38,0.59,2026-07-07,905,N20,VIIRS,h,2.0NRT,297.33,7.47,D,VIIRS_NOAA20_NRT,,
29.5172,72.08566,337.21,0.39,0.59,2026-07-07,905,N20,VIIRS,n,2.0NRT,296.77,2.37,D,VIIRS_NOAA20_NRT,,
29.52033,71.90472,352.22,0.38,0.59,2026-07-07,905,N20,VIIRS,n,2.0NRT,295.67,4.82,D,VIIRS_NOAA20_NRT,,
29.53926,71.45736,338.75,0.35,0.57,2026-07-07,905,N20,VIIRS,n,2.0NRT,298.92,3.6,D,VIIRS_NOAA20_NRT,,
29.59193,72.19798,343.9,0.39,0.6,2026-07-07,905,N20,VIIRS,n,2.0NRT,297.42,3.69,D,VIIRS_NOAA20_NRT,,
29.59225,72.2021,336.1,0.39,0.6,2026-07-07,905,N20,VIIRS,n,2.0NRT,296.26,3.69,D,VIIRS_NOAA20_NRT,,
29.6075,72.34228,336.66,0.4,0.6,2026-07-07,905,N20,VIIRS,n,2.0NRT,296.99,5.09,D,VIIRS_NOAA20_NRT,,
29.60779,72.34648,339.29,0.4,0.6,2026-07-07,905,N20,VIIRS,n,2.0NRT,295.94,5.76,D,VIIRS_NOAA20_NRT,,
29.60841,72.3429,345.36,0.4,0.6,2026-07-07,905,N20,VIIRS,n,2.0NRT,296.73,4.84,D,VIIRS_NOAA20_NRT,,
29.60873,72.34709,334.64,0.4,0.6,2026-07-07,905,N20,VIIRS,n,2.0NRT,296.34,5.67,D,VIIRS_NOAA20_NRT,,
29.63062,72.1937,339.17,0.39,0.6,2026-07-07,905,N20,VIIRS,n,2.0NRT,296.51,2.19,D,VIIRS_NOAA20_NRT,,
29.63643,72.19733,330.03,0.39,0.6,2026-07-07,905,N20,VIIRS,n,2.0NRT,296.29,2.19,D,VIIRS_NOAA20_NRT,,
29.64908,72.29639,367.0,0.4,0.6,2026-07-07,905,N20,VIIRS,h,2.0NRT,298.52,11.25,D,VIIRS_NOAA20_NRT,,
29.64938,72.30059,347.32,0.4,0.6,2026-07-07,905,N20,VIIRS,n,2.0NRT,297.08,10.28,D,VIIRS_NOAA20_NRT,,
29.65297,71.75751,340.64,0.37,0.58,2026-07-07,905,N20,VIIRS,n,2.0NRT,298.27,1.69,D,VIIRS_NOAA20_NRT,,
29.6617,72.08794,331.56,0.39,0.59,2026-07-07,905,N20,VIIRS,n,2.0NRT,297.58,1.53,D,VIIRS_NOAA20_NRT,,
29.66827,72.25278,340.41,0.4,0.6,2026-07-07,905,N20,VIIRS,n,2.0NRT,296.44,2.67,D,VIIRS_NOAA20_NRT,,
29.6708,71.91758,347.64,0.38,0.59,2026-07-07,905,N20,VIIRS,n,2.0NRT,299.9,5.84,D,VIIRS_NOAA20_NRT,,
29.67541,72.05007,367.0,0.39,0.59,2026-07-07,905,N20,VIIRS,h,2.0NRT,298.5,7.88,D,VIIRS_NOAA20_NRT,,
29.69067,72.10583,334.14,0.39,0.59,2026-07-07,905,N20,VIIRS,n,2.0NRT,296.77,1.6,D,VIIRS_NOAA20_NRT,,
29.70151,71.23667,338.77,0.35,0.56,2026-07-07,905,N20,VIIRS,n,2.0NRT,298.67,2.12,D,VIIRS_NOAA20_NRT,,
29.72507,71.96436,330.14,0.38,0.59,2026-07-07,905,N20,VIIRS,n,2.0NRT,298.52,1.33,D,VIIRS_NOAA20_NRT,,
29.72893,72.33177,355.13,0.4,0.6,2026-07-07,905,N20,VIIRS,n,2.0NRT,297.5,8.79,D,VIIRS_NOAA20_NRT,,
29.72922,72.33599,343.64,0.4,0.6,2026-07-07,905,N20,VIIRS,n,2.0NRT,295.88,7.83,D,VIIRS_NOAA20_NRT,,
29.73003,72.3316,345.18,0.4,0.6,2026-07-07,905,N20,VIIRS,n,2.0NRT,297.3,6.68,D,VIIRS_NOAA20_NRT,,
29.73035,72.33582,353.12,0.4,0.6,2026-07-07,905,N20,VIIRS,n,2.0NRT,296.04,7.93,D,VIIRS_NOAA20_NRT,,
29.73609,72.04026,343.62,0.39,0.59,2026-07-07,905,N20,VIIRS,n,2.0NRT,299.07,5.0,D,VIIRS_NOAA20_NRT,,
29.74241,72.28409,330.23,0.4,0.6,2026-07-07,905,N20,VIIRS,n,2.0NRT,297.91,1.33,D,VIIRS_NOAA20_NRT,,
29.74358,72.30087,338.47,0.4,0.6,2026-07-07,905,N20,VIIRS,n,2.0NRT,297.19,2.84,D,VIIRS_NOAA20_NRT,,
29.74393,72.07221,335.73,0.39,0.59,2026-07-07,905,N20,VIIRS,n,2.0NRT,298.85,2.78,D,VIIRS_NOAA20_NRT,,
29.75461,72.06715,339.39,0.39,0.59,2026-07-07,905,N20,VIIRS,n,2.0NRT,297.9,2.7,D,VIIRS_NOAA20_NRT,,
29.75684,72.41037,330.1,0.41,0.6,2026-07-07,905,N20,VIIRS,n,2.0NRT,295.42,3.85,D,VIIRS_NOAA20_NRT,,
29.76009,72.06667,334.76,0.39,0.59,2026-07-07,905,N20,VIIRS,n,2.0NRT,297.33,2.56,D,VIIRS_NOAA20_NRT,,
29.7807,72.27229,335.0,0.4,0.6,2026-07-07,905,N20,VIIRS,n,2.0NRT,297.41,2.99,D,VIIRS_NOAA20_NRT,,
29.79961,72.06825,334.55,0.39,0.59,2026-07-07,905,N20,VIIRS,n,2.0NRT,297.94,1.74,D,VIIRS_NOAA20_NRT,,
29.8046,72.07088,338.62,0.39,0.59,2026-07-07,905,N20,VIIRS,n,2.0NRT,297.95,3.09,D,VIIRS_NOAA20_NRT,,
29.80509,72.06776,331.07,0.39,0.59,2026-07-07,905,N20,VIIRS,n,2.0NRT,297.66,1.74,D,VIIRS_NOAA20_NRT,,
29.8508,71.3803,337.98,0.35,0.57,2026-07-07,905,N20,VIIRS,n,2.0NRT,300.13,2.32,D,VIIRS_NOAA20_NRT,,
29.8511,71.384,331.96,0.35,0.57,2026-07-07,905,N20,VIIRS,n,2.0NRT,299.47,2.32,D,VIIRS_NOAA20_NRT,,
29.86818,72.09908,330.72,0.39,0.59,2026-07-07,905,N20,VIIRS,n,2.0NRT,298.15,1.41,D,VIIRS_NOAA20_NRT,,
29.86887,72.03334,331.94,0.39,0.59,2026-07-07,905,N20,VIIRS,n,2.0NRT,299.61,2.43,D,VIIRS_NOAA20_NRT,,
29.87837,72.39709,330.21,0.41,0.6,2026-07-07,905,N20,VIIRS,n,2.0NRT,297.16,1.89,D,VIIRS_NOAA20_NRT,,
29.89201,72.12173,338.84,0.39,0.6,2026-07-07,905,N20,VIIRS,n,2.0NRT,298.75,1.61,D,VIIRS_NOAA20_NRT,,
29.91076,72.30027,335.43,0.4,0.6,2026-07-07,905,N20,VIIRS,n,2.0NRT,298.18,1.75,D,VIIRS_NOAA20_NRT,,
29.93432,72.25172,339.68,0.4,0.6,2026-07-07,905,N20,VIIRS,n,2.0NRT,299.24,3.75,D,VIIRS_NOAA20_NRT,,
29.93514,72.25167,334.03,0.4,0.6,2026-07-07,905,N20,VIIRS,n,2.0NRT,299.52,1.71,D,VIIRS_NOAA20_NRT,,
29.93546,72.25586,332.06,0.4,0.6,2026-07-07,905,N20,VIIRS,n,2.0NRT,298.84,1.71,D,VIIRS_NOAA20_NRT,,
29.95849,72.11979,339.87,0.39,0.6,2026-07-07,905,N20,VIIRS,n,2.0NRT,299.39,2.64,D,VIIRS_NOAA20_NRT,,
29.97129,72.46288,336.0,0.41,0.61,2026-07-07,905,N20,VIIRS,n,2.0NRT,296.04,2.85,D,VIIRS_NOAA20_NRT,,
29.97864,73.10937,353.97,0.45,0.63,2026-07-07,905,N20,VIIRS,n,2.0NRT,292.12,7.8,D,VIIRS_NOAA20_NRT,,
29.97926,73.10829,367.0,0.45,0.63,2026-07-07,905,N20,VIIRS,h,2.0NRT,294.27,9.75,D,VIIRS_NOAA20_NRT,,
29.98419,73.10414,355.33,0.45,0.63,2026-07-07,905,N20,VIIRS,n,2.0NRT,296.7,16.5,D,VIIRS_NOAA20_NRT,,
29.98448,73.10889,350.32,0.45,0.63,2026-07-07,905,N20,VIIRS,n,2.0NRT,291.4,13.04,D,VIIRS_NOAA20_NRT,,
29.9851,73.10782,367.0,0.45,0.63,2026-07-07,905,N20,VIIRS,h,2.0NRT,292.78,17.5,D,VIIRS_NOAA20_NRT,,
30.00101,72.24586,332.4,0.4,0.6,2026-07-07,905,N20,VIIRS,n,2.0NRT,299.98,1.51,D,VIIRS_NOAA20_NRT,,
30.02997,71.50977,333.41,0.36,0.58,2026-07-07,905,N20,VIIRS,n,2.0NRT,302.57,1.28,D,VIIRS_NOAA20_NRT,,
30.05243,71.45441,344.5,0.36,0.57,2026-07-07,905,N20,VIIRS,n,2.0NRT,302.3,4.95,D,VIIRS_NOAA20_NRT,,
30.05273,71.45818,344.21,0.36,0.57,2026-07-07,905,N20,VIIRS,n,2.0NRT,303.01,4.63,D,VIIRS_NOAA20_NRT,,
30.09109,73.13198,331.93,0.45,0.63,2026-07-07,905,N20,VIIRS,n,2.0NRT,293.46,3.12,D,VIIRS_NOAA20_NRT,,
30.10912,72.68828,332.28,0.43,0.62,2026-07-07,905,N20,VIIRS,n,2.0NRT,294.47,1.62,D,VIIRS_NOAA20_NRT,,
30.14552,71.93798,333.97,0.39,0.59,2026-07-07,905,N20,VIIRS,n,2.0NRT,302.62,2.37,D,VIIRS_NOAA20_NRT,,
30.17873,72.49813,333.34,0.42,0.61,2026-07-07,905,N20,VIIRS,n,2.0NRT,296.06,2.4,D,VIIRS_NOAA20_NRT,,
30.28291,73.19846,335.75,0.46,0.64,2026-07-07,905,N20,VIIRS,n,2.0NRT,294.33,2.52,D,VIIRS_NOAA20_NRT,,
30.30534,72.15282,354.0,0.4,0.6,2026-07-07,905,N20,VIIRS,n,2.0NRT,304.2,11.79,D,VIIRS_NOAA20_NRT,,
30.30564,72.15701,346.49,0.4,0.6,2026-07-07,905,N20,VIIRS,n,2.0NRT,299.12,11.79,D,VIIRS_NOAA20_NRT,,
30.3654,72.94076,336.02,0.45,0.63,2026-07-07,905,N20,VIIRS,n,2.0NRT,295.01,2.29,D,VIIRS_NOAA20_NRT,,
30.44267,73.67997,347.65,0.49,0.65,2026-07-07,905,N20,VIIRS,n,2.0NRT,293.65,6.6,D,VIIRS_NOAA20_NRT,,
30.44374,73.67661,339.49,0.49,0.65,2026-07-07,905,N20,VIIRS,n,2.0NRT,293.24,5.26,D,VIIRS_NOAA20_NRT,,
30.45802,73.30288,330.53,0.47,0.64,2026-07-07,905,N20,VIIRS,n,2.0NRT,293.74,1.7,D,VIIRS_NOAA20_NRT,,
30.46427,71.66195,340.37,0.37,0.58,2026-07-07,905,N20,VIIRS,n,2.0NRT,303.64,2.87,D,VIIRS_NOAA20_NRT,,
30.5099,72.14082,330.09,0.4,0.6,2026-07-07,905,N20,VIIRS,n,2.0NRT,298.4,2.98,D,VIIRS_NOAA20_NRT,,
30.52431,72.4291,332.9,0.42,0.61,2026-07-07,905,N20,VIIRS,n,2.0NRT,296.79,7.05,D,VIIRS_NOAA20_NRT,,
30.52966,72.42424,349.11,0.42,0.61,2026-07-07,905,N20,VIIRS,n,2.0NRT,297.07,10.36,D,VIIRS_NOAA20_NRT,,
30.52996,72.42863,367.0,0.42,0.61,2026-07-07,905,N20,VIIRS,h,2.0NRT,296.51,7.05,D,VIIRS_NOAA20_NRT,,
30.53156,72.28877,333.57,0.41,0.6,2026-07-07,905,N20,VIIRS,n,2.0NRT,298.33,1.86,D,VIIRS_NOAA20_NRT,,
30.55447,72.32182,333.62,0.41,0.61,2026-07-07,905,N20,VIIRS,n,2.0NRT,298.42,2.33,D,VIIRS_NOAA20_NRT,,
30.55874,73.76365,333.53,0.5,0.66,2026-07-07,905,N20,VIIRS,n,2.0NRT,291.9,3.66,D,VIIRS_NOAA20_NRT,,
30.56004,71.75254,332.67,0.38,0.59,2026-07-07,905,N20,VIIRS,n,2.0NRT,302.05,2.35,D,VIIRS_NOAA20_NRT,,
30.57243,73.666,331.13,0.49,0.65,2026-07-07,905,N20,VIIRS,n,2.0NRT,292.25,1.62,D,VIIRS_NOAA20_NRT,,
30.58648,73.91626,330.61,0.51,0.66,2026-07-07,905,N20,VIIRS,n,2.0NRT,289.25,2.76,D,VIIRS_NOAA20_NRT,,
30.62874,72.76502,330.21,0.44,0.62,2026-07-07,905,N20,VIIRS,n,2.0NRT,294.37,1.31,D,VIIRS_NOAA20_NRT,,
30.73303,73.10905,331.53,0.46,0.63,2026-07-07,905,N20,VIIRS,n,2.0NRT,297.26,2.0,D,VIIRS_NOAA20_NRT,,
30.76746,74.06097,330.11,0.52,0.67,2026-07-07,905,N20,VIIRS,n,2.0NRT,289.85,3.89,D,VIIRS_NOAA20_NRT,,
30.78448,72.7387,334.5,0.44,0.62,2026-07-07,905,N20,VIIRS,n,2.0NRT,294.33,3.38,D,VIIRS_NOAA20_NRT,,
30.80309,74.2453,330.29,0.54,0.68,2026-07-07,905,N20,VIIRS,n,2.0NRT,289.39,2.28,D,VIIRS_NOAA20_NRT,,
30.81221,73.09499,348.95,0.46,0.64,2026-07-07,905,N20,VIIRS,n,2.0NRT,298.04,5.17,D,VIIRS_NOAA20_NRT,,
30.8125,73.09985,330.24,0.46,0.64,2026-07-07,905,N20,VIIRS,n,2.0NRT,295.71,5.17,D,VIIRS_NOAA20_NRT,,
30.8139,73.09845,353.44,0.46,0.63,2026-07-07,905,N20,VIIRS,n,2.0NRT,297.44,8.38,D,VIIRS_NOAA20_NRT,,
30.88205,72.98276,332.11,0.45,0.63,2026-07-07,905,N20,VIIRS,n,2.0NRT,297.04,3.12,D,VIIRS_NOAA20_NRT,,
31.21515,72.71123,332.88,0.44,0.62,2026-07-07,905,N20,VIIRS,n,2.0NRT,296.8,1.5,D,VIIRS_NOAA20_NRT,,
31.21969,72.69218,331.74,0.44,0.62,2026-07-07,905,N20,VIIRS,n,2.0NRT,296.18,3.77,D,VIIRS_NOAA20_NRT,,
31.22028,72.69082,332.3,0.44,0.62,2026-07-07,905,N20,VIIRS,n,2.0NRT,296.06,3.41,D,VIIRS_NOAA20_NRT,,
31.22142,72.6315,330.49,0.43,0.62,2026-07-07,905,N20,VIIRS,n,2.0NRT,297.33,2.55,D,VIIRS_NOAA20_NRT,,
31.22239,72.63005,333.17,0.43,0.62,2026-07-07,905,N20,VIIRS,n,2.0NRT,296.88,1.94,D,VIIRS_NOAA20_NRT,,
25.03545,87.38904,298.71,0.41,0.37,2026-07-07,1947,N20,VIIRS,n,2.0NRT,274.74,0.96,N,VIIRS_NOAA20_NRT,,
15.68551,78.45876,297.85,0.33,0.55,2026-07-07,1949,N20,VIIRS,n,2.0NRT,286.71,0.79,N,VIIRS_NOAA20_NRT,,
15.68587,78.45569,297.76,0.33,0.55,2026-07-07,1949,N20,VIIRS,n,2.0NRT,286.39,0.79,N,VIIRS_NOAA20_NRT,,
15.96246,80.93913,306.82,0.46,0.47,2026-07-07,1949,N20,VIIRS,n,2.0NRT,289.41,0.61,N,VIIRS_NOAA20_NRT,,
19.92036,79.11192,305.78,0.34,0.56,2026-07-07,1949,N20,VIIRS,n,2.0NRT,285.08,1.61,N,VIIRS_NOAA20_NRT,,
19.96215,79.33463,302.15,0.33,0.55,2026-07-07,1949,N20,VIIRS,n,2.0NRT,282.11,0.47,N,VIIRS_NOAA20_NRT,,
20.12711,79.02237,302.4,0.34,0.56,2026-07-07,1949,N20,VIIRS,n,2.0NRT,281.54,0.4,N,VIIRS_NOAA20_NRT,,
21.29931,81.60573,305.52,0.48,0.48,2026-07-07,1949,N20,VIIRS,n,2.0NRT,285.66,0.64,N,VIIRS_NOAA20_NRT,,
21.29999,81.60863,305.34,0.48,0.48,2026-07-07,1949,N20,VIIRS,n,2.0NRT,285.78,0.96,N,VIIRS_NOAA20_NRT,,
21.30978,81.59284,304.34,0.49,0.48,2026-07-07,1949,N20,VIIRS,n,2.0NRT,286.15,0.7,N,VIIRS_NOAA20_NRT,,
21.31113,81.59106,304.55,0.49,0.48,2026-07-07,1949,N20,VIIRS,n,2.0NRT,286.07,1.01,N,VIIRS_NOAA20_NRT,,
21.37591,81.68239,312.18,0.48,0.48,2026-07-07,1949,N20,VIIRS,n,2.0NRT,288.7,3.49,N,VIIRS_NOAA20_NRT,,
21.37644,81.63986,308.65,0.48,0.48,2026-07-07,1949,N20,VIIRS,n,2.0NRT,287.91,1.8,N,VIIRS_NOAA20_NRT,,
21.38918,81.64633,305.04,0.48,0.48,2026-07-07,1949,N20,VIIRS,n,2.0NRT,288.18,1.1,N,VIIRS_NOAA20_NRT,,
21.48625,81.77051,310.89,0.48,0.48,2026-07-07,1949,N20,VIIRS,n,2.0NRT,288.8,1.77,N,VIIRS_NOAA20_NRT,,
21.62204,81.79398,303.73,0.48,0.48,2026-07-07,1949,N20,VIIRS,n,2.0NRT,288.3,0.9,N,VIIRS_NOAA20_NRT,,
21.6725,82.08018,309.77,0.46,0.47,2026-07-07,1949,N20,VIIRS,n,2.0NRT,288.25,1.82,N,VIIRS_NOAA20_NRT,,
21.67415,82.08156,304.88,0.46,0.47,2026-07-07,1949,N20,VIIRS,n,2.0NRT,288.24,1.88,N,VIIRS_NOAA20_NRT,,
8.75843,78.18498,312.8,0.55,0.51,2026-07-07,1951,N20,VIIRS,n,2.0NRT,294.75,2.7,N,VIIRS_NOAA20_NRT,,
8.75911,78.17997,306.3,0.55,0.51,2026-07-07,1951,N20,VIIRS,n,2.0NRT,294.3,2.34,N,VIIRS_NOAA20_NRT,,
9.27936,77.97826,306.69,0.58,0.52,2026-07-07,1951,N20,VIIRS,n,2.0NRT,293.58,1.71,N,VIIRS_NOAA20_NRT,,
10.92944,77.06384,304.53,0.35,0.57,2026-07-07,1951,N20,VIIRS,n,2.0NRT,284.68,0.37,N,VIIRS_NOAA20_NRT,,
10.92976,77.06388,301.73,0.35,0.57,2026-07-07,1951,N20,VIIRS,n,2.0NRT,284.59,0.39,N,VIIRS_NOAA20_NRT,,
10.99127,77.36478,300.66,0.34,0.56,2026-07-07,1951,N20,VIIRS,n,2.0NRT,284.64,0.57,N,VIIRS_NOAA20_NRT,,
10.99409,77.36337,302.77,0.34,0.56,2026-07-07,1951,N20,VIIRS,n,2.0NRT,283.48,0.33,N,VIIRS_NOAA20_NRT,,
11.23818,77.92612,301.11,0.62,0.54,2026-07-07,1951,N20,VIIRS,n,2.0NRT,286.31,0.61,N,VIIRS_NOAA20_NRT,,
11.55914,78.80433,301.3,0.55,0.51,2026-07-07,1951,N20,VIIRS,n,2.0NRT,284.8,0.68,N,VIIRS_NOAA20_NRT,,
12.55252,79.30322,311.0,0.52,0.5,2026-07-07,1951,N20,VIIRS,n,2.0NRT,287.91,1.65,N,VIIRS_NOAA20_NRT,,
12.82696,79.72968,314.38,0.5,0.49,2026-07-07,1951,N20,VIIRS,n,2.0NRT,288.66,3.61,N,VIIRS_NOAA20_NRT,,
12.82926,79.73279,322.75,0.5,0.49,2026-07-07,1951,N20,VIIRS,n,2.0NRT,288.88,4.07,N,VIIRS_NOAA20_NRT,,
13.0886,79.98349,304.61,0.48,0.48,2026-07-07,1951,N20,VIIRS,n,2.0NRT,283.73,0.79,N,VIIRS_NOAA20_NRT,,
14.8715,78.0528,305.05,0.34,0.56,2026-07-07,1951,N20,VIIRS,n,2.0NRT,288.23,0.92,N,VIIRS_NOAA20_NRT,,
14.87321,78.05311,306.37,0.34,0.56,2026-07-07,1951,N20,VIIRS,n,2.0NRT,288.44,0.9,N,VIIRS_NOAA20_NRT,,
15.06935,76.86512,296.86,0.41,0.61,2026-07-07,1951,N20,VIIRS,n,2.0NRT,285.29,0.64,N,VIIRS_NOAA20_NRT,,
15.17689,77.1011,303.86,0.4,0.6,2026-07-07,1951,N20,VIIRS,n,2.0NRT,285.86,2.28,N,VIIRS_NOAA20_NRT,,
33.23809,71.51502,308.07,0.54,0.42,2026-07-07,2125,N20,VIIRS,n,2.0NRT,294.69,0.52,N,VIIRS_NOAA20_NRT,,
33.54589,71.54952,308.41,0.53,0.42,2026-07-07,2125,N20,VIIRS,n,2.0NRT,295.92,1.31,N,VIIRS_NOAA20_NRT,,
34.40408,72.82582,310.17,0.4,0.44,2026-07-07,2125,N20,VIIRS,n,2.0NRT,295.39,1.14,N,VIIRS_NOAA20_NRT,,
34.41204,72.82794,312.63,0.4,0.44,2026-07-07,2125,N20,VIIRS,n,2.0NRT,294.56,1.48,N,VIIRS_NOAA20_NRT,,
34.41279,72.82439,309.73,0.4,0.44,2026-07-07,2125,N20,VIIRS,n,2.0NRT,294.18,1.48,N,VIIRS_NOAA20_NRT,,
35.9654,68.68674,308.91,0.4,0.37,2026-07-07,2125,N20,VIIRS,n,2.0NRT,295.1,1.37,N,VIIRS_NOAA20_NRT,,
27.32965,68.04971,310.68,0.46,0.39,2026-07-07,2127,N20,VIIRS,n,2.0NRT,296.13,4.76,N,VIIRS_NOAA20_NRT,,
32.29069,70.74008,312.5,0.51,0.41,2026-07-07,2127,N20,VIIRS,n,2.0NRT,299.95,5.56,N,VIIRS_NOAA20_NRT,,
32.29273,70.72965,311.66,0.51,0.41,2026-07-07,2127,N20,VIIRS,n,2.0NRT,298.78,6.13,N,VIIRS_NOAA20_NRT,,
26.06533,93.72937,334.04,0.39,0.37,2026-07-08,701,N20,VIIRS,n,2.0NRT,283.86,2.41,D,VIIRS_NOAA20_NRT,,
31.33323,96.26801,330.02,0.55,0.43,2026-07-08,703,N20,VIIRS,n,2.0NRT,302.62,3.17,D,VIIRS_NOAA20_NRT,,
8.95258,80.36773,343.89,0.37,0.58,2026-07-08,837,N20,VIIRS,n,2.0NRT,293.12,4.31,D,VIIRS_NOAA20_NRT,,
12.60434,79.79581,337.63,0.38,0.59,2026-07-08,839,N20,VIIRS,n,2.0NRT,284.3,3.18,D,VIIRS_NOAA20_NRT,,
12.7152,79.55867,330.4,0.37,0.58,2026-07-08,839,N20,VIIRS,n,2.0NRT,280.66,2.47,D,VIIRS_NOAA20_NRT,,
12.84614,79.7599,336.39,0.38,0.59,2026-07-08,839,N20,VIIRS,n,2.0NRT,288.23,4.36,D,VIIRS_NOAA20_NRT,,
12.9318,79.86166,332.82,0.39,0.59,2026-07-08,839,N20,VIIRS,n,2.0NRT,283.21,2.63,D,VIIRS_NOAA20_NRT,,
13.25852,79.83035,339.12,0.39,0.59,2026-07-08,839,N20,VIIRS,n,2.0NRT,287.97,3.4,D,VIIRS_NOAA20_NRT,,
14.8852,77.55473,331.5,0.58,0.52,2026-07-08,839,N20,VIIRS,n,2.0NRT,292.67,4.63,D,VIIRS_NOAA20_NRT,,
15.0831,79.77407,367.0,0.41,0.6,2026-07-08,839,N20,VIIRS,h,2.0NRT,295.15,12.47,D,VIIRS_NOAA20_NRT,,
22.77546,70.90106,332.95,0.45,0.39,2026-07-08,841,N20,VIIRS,n,2.0NRT,295.9,2.66,D,VIIRS_NOAA20_NRT,,
22.92655,70.10884,331.6,0.42,0.38,2026-07-08,841,N20,VIIRS,n,2.0NRT,298.46,3.61,D,VIIRS_NOAA20_NRT,,
23.0742,69.69168,338.68,0.41,0.37,2026-07-08,841,N20,VIIRS,n,2.0NRT,302.79,2.85,D,VIIRS_NOAA20_NRT,,
23.18353,68.87148,338.47,0.39,0.36,2026-07-08,841,N20,VIIRS,n,2.0NRT,303.36,3.6,D,VIIRS_NOAA20_NRT,,
23.55421,68.92975,337.26,0.39,0.36,2026-07-08,843,N20,VIIRS,n,2.0NRT,304.52,3.84,D,VIIRS_NOAA20_NRT,,
23.55477,68.93359,339.56,0.39,0.37,2026-07-08,843,N20,VIIRS,n,2.0NRT,306.82,3.84,D,VIIRS_NOAA20_NRT,,
23.6115,69.06626,353.3,0.4,0.37,2026-07-08,843,N20,VIIRS,n,2.0NRT,310.05,24.32,D,VIIRS_NOAA20_NRT,,
23.64268,69.53069,346.46,0.41,0.37,2026-07-08,843,N20,VIIRS,n,2.0NRT,306.13,9.29,D,VIIRS_NOAA20_NRT,,
23.66066,68.77418,340.0,0.39,0.36,2026-07-08,843,N20,VIIRS,n,2.0NRT,305.64,2.34,D,VIIRS_NOAA20_NRT,,
23.66121,68.778,338.7,0.39,0.36,2026-07-08,843,N20,VIIRS,n,2.0NRT,305.11,3.32,D,VIIRS_NOAA20_NRT,,
24.00442,69.57041,336.37,0.41,0.37,2026-07-08,843,N20,VIIRS,n,2.0NRT,304.4,4.62,D,VIIRS_NOAA20_NRT,,
24.00671,69.56181,336.76,0.41,0.37,2026-07-08,843,N20,VIIRS,n,2.0NRT,305.06,5.05,D,VIIRS_NOAA20_NRT,,
24.01068,69.56526,338.77,0.41,0.37,2026-07-08,843,N20,VIIRS,n,2.0NRT,305.37,2.73,D,VIIRS_NOAA20_NRT,,
24.01123,69.56927,336.51,0.41,0.37,2026-07-08,843,N20,VIIRS,n,2.0NRT,305.34,1.4,D,VIIRS_NOAA20_NRT,,
24.0118,69.57329,339.81,0.41,0.37,2026-07-08,843,N20,VIIRS,n,2.0NRT,305.41,1.4,D,VIIRS_NOAA20_NRT,,
24.01352,69.56068,336.47,0.41,0.37,2026-07-08,843,N20,VIIRS,n,2.0NRT,305.12,2.73,D,VIIRS_NOAA20_NRT,,
24.01464,69.56872,336.7,0.41,0.37,2026-07-08,843,N20,VIIRS,n,2.0NRT,305.53,1.4,D,VIIRS_NOAA20_NRT,,
24.0152,69.57273,336.85,0.41,0.37,2026-07-08,843,N20,VIIRS,n,2.0NRT,305.09,1.4,D,VIIRS_NOAA20_NRT,,
24.01693,69.56012,336.96,0.41,0.37,2026-07-08,843,N20,VIIRS,n,2.0NRT,304.93,1.85,D,VIIRS_NOAA20_NRT,,
24.01749,69.56414,338.02,0.41,0.37,2026-07-08,843,N20,VIIRS,n,2.0NRT,305.28,1.85,D,VIIRS_NOAA20_NRT,,
24.01752,69.53949,336.37,0.41,0.37,2026-07-08,843,N20,VIIRS,n,2.0NRT,305.15,4.01,D,VIIRS_NOAA20_NRT,,
24.0209,69.56357,336.92,0.41,0.37,2026-07-08,843,N20,VIIRS,n,2.0NRT,305.47,1.85,D,VIIRS_NOAA20_NRT,,
24.02146,69.56759,338.68,0.41,0.37,2026-07-08,843,N20,VIIRS,n,2.0NRT,305.66,3.87,D,VIIRS_NOAA20_NRT,,
24.02667,69.45611,337.67,0.41,0.37,2026-07-08,843,N20,VIIRS,n,2.0NRT,305.32,4.63,D,VIIRS_NOAA20_NRT,,
24.02723,69.4601,338.99,0.41,0.37,2026-07-08,843,N20,VIIRS,n,2.0NRT,305.94,2.7,D,VIIRS_NOAA20_NRT,,
24.02779,69.46409,337.14,0.41,0.37,2026-07-08,843,N20,VIIRS,n,2.0NRT,305.67,2.7,D,VIIRS_NOAA20_NRT,,
24.03006,69.45554,337.4,0.41,0.37,2026-07-08,843,N20,VIIRS,n,2.0NRT,305.65,5.84,D,VIIRS_NOAA20_NRT,,
24.03233,69.44701,337.64,0.41,0.37,2026-07-08,843,N20,VIIRS,n,2.0NRT,304.77,6.22,D,VIIRS_NOAA20_NRT,,
24.03516,69.44246,336.58,0.41,0.37,2026-07-08,843,N20,VIIRS,n,2.0NRT,304.62,3.31,D,VIIRS_NOAA20_NRT,,
24.03855,69.4664,336.24,0.41,0.37,2026-07-08,843,N20,VIIRS,n,2.0NRT,304.79,2.0,D,VIIRS_NOAA20_NRT,,
24.04194,69.46583,337.09,0.41,0.37,2026-07-08,843,N20,VIIRS,n,2.0NRT,304.75,2.0,D,VIIRS_NOAA20_NRT,,
24.04251,69.46983,336.39,0.41,0.37,2026-07-08,843,N20,VIIRS,n,2.0NRT,304.96,2.0,D,VIIRS_NOAA20_NRT,,
24.06573,69.63448,336.98,0.41,0.37,2026-07-08,843,N20,VIIRS,n,2.0NRT,305.59,3.59,D,VIIRS_NOAA20_NRT,,
24.07571,69.60472,336.84,0.41,0.37,2026-07-08,843,N20,VIIRS,n,2.0NRT,304.88,4.38,D,VIIRS_NOAA20_NRT,,
24.07626,69.60875,339.06,0.41,0.37,2026-07-08,843,N20,VIIRS,n,2.0NRT,305.35,4.39,D,VIIRS_NOAA20_NRT,,
24.07737,69.61684,339.5,0.41,0.37,2026-07-08,843,N20,VIIRS,n,2.0NRT,306.02,4.09,D,VIIRS_NOAA20_NRT,,
24.08323,69.55815,338.41,0.41,0.37,2026-07-08,843,N20,VIIRS,n,2.0NRT,305.0,1.64,D,VIIRS_NOAA20_NRT,,
24.08379,69.56218,340.73,0.41,0.37,2026-07-08,843,N20,VIIRS,n,2.0NRT,305.52,1.64,D,VIIRS_NOAA20_NRT,,
24.08435,69.56621,339.7,0.41,0.37,2026-07-08,843,N20,VIIRS,n,2.0NRT,305.49,1.69,D,VIIRS_NOAA20_NRT,,
24.0849,69.57023,339.68,0.41,0.37,2026-07-08,843,N20,VIIRS,n,2.0NRT,305.79,1.69,D,VIIRS_NOAA20_NRT,,
24.08546,69.57426,340.09,0.41,0.37,2026-07-08,843,N20,VIIRS,n,2.0NRT,305.5,2.04,D,VIIRS_NOAA20_NRT,,
24.08602,69.57829,340.05,0.41,0.37,2026-07-08,843,N20,VIIRS,n,2.0NRT,305.79,2.04,D,VIIRS_NOAA20_NRT,,
24.08664,69.55759,340.04,0.41,0.37,2026-07-08,843,N20,VIIRS,n,2.0NRT,305.29,1.64,D,VIIRS_NOAA20_NRT,,
24.0872,69.56161,341.28,0.41,0.37,2026-07-08,843,N20,VIIRS,n,2.0NRT,305.41,1.64,D,VIIRS_NOAA20_NRT,,
24.08776,69.56564,339.04,0.41,0.37,2026-07-08,843,N20,VIIRS,n,2.0NRT,305.37,1.69,D,VIIRS_NOAA20_NRT,,
24.08832,69.56967,339.66,0.41,0.37,2026-07-08,843,N20,VIIRS,n,2.0NRT,305.24,1.69,D,VIIRS_NOAA20_NRT,,
24.08887,69.57369,338.61,0.41,0.37,2026-07-08,843,N20,VIIRS,n,2.0NRT,305.38,2.04,D,VIIRS_NOAA20_NRT,,
24.16759,69.48633,337.62,0.41,0.37,2026-07-08,843,N20,VIIRS,n,2.0NRT,304.68,1.51,D,VIIRS_NOAA20_NRT,,
24.17099,69.48576,335.13,0.41,0.37,2026-07-08,843,N20,VIIRS,n,2.0NRT,304.64,1.51,D,VIIRS_NOAA20_NRT,,
27.59639,68.01624,338.95,0.4,0.37,2026-07-08,843,N20,VIIRS,n,2.0NRT,304.23,3.07,D,VIIRS_NOAA20_NRT,,
27.62013,68.11041,336.76,0.4,0.37,2026-07-08,843,N20,VIIRS,n,2.0NRT,304.3,2.56,D,VIIRS_NOAA20_NRT,,
27.67053,68.1628,337.39,0.4,0.37,2026-07-08,843,N20,VIIRS,n,2.0NRT,303.46,3.57,D,VIIRS_NOAA20_NRT,,
27.70044,68.03403,334.65,0.4,0.37,2026-07-08,843,N20,VIIRS,n,2.0NRT,303.09,4.83,D,VIIRS_NOAA20_NRT,,
27.70404,69.40118,343.08,0.43,0.38,2026-07-08,843,N20,VIIRS,n,2.0NRT,308.82,8.81,D,VIIRS_NOAA20_NRT,,
27.96354,68.16558,344.93,0.4,0.37,2026-07-08,843,N20,VIIRS,n,2.0NRT,309.33,10.17,D,VIIRS_NOAA20_NRT,,
29.49163,71.74954,343.59,0.39,0.44,2026-07-08,843,N20,VIIRS,n,2.0NRT,300.61,3.73,D,VIIRS_NOAA20_NRT,,
29.49207,71.75354,338.74,0.39,0.44,2026-07-08,843,N20,VIIRS,n,2.0NRT,300.32,3.73,D,VIIRS_NOAA20_NRT,,
29.4971,71.90861,339.94,0.39,0.44,2026-07-08,843,N20,VIIRS,n,2.0NRT,300.99,5.57,D,VIIRS_NOAA20_NRT,,
29.50865,71.79189,344.16,0.39,0.44,2026-07-08,843,N20,VIIRS,n,2.0NRT,300.34,3.52,D,VIIRS_NOAA20_NRT,,
29.51156,71.96474,334.74,0.4,0.44,2026-07-08,843,N20,VIIRS,n,2.0NRT,299.83,3.0,D,VIIRS_NOAA20_NRT,,
29.5201,71.93024,342.12,0.4,0.44,2026-07-08,843,N20,VIIRS,n,2.0NRT,301.38,3.46,D,VIIRS_NOAA20_NRT,,
29.55277,71.48263,336.54,0.56,0.43,2026-07-08,843,N20,VIIRS,n,2.0NRT,297.25,2.96,D,VIIRS_NOAA20_NRT,,
29.55343,71.48844,331.22,0.56,0.43,2026-07-08,843,N20,VIIRS,n,2.0NRT,298.05,2.96,D,VIIRS_NOAA20_NRT,,
29.57697,72.07446,342.76,0.4,0.45,2026-07-08,843,N20,VIIRS,n,2.0NRT,300.88,3.57,D,VIIRS_NOAA20_NRT,,
29.58747,72.05604,334.12,0.4,0.44,2026-07-08,843,N20,VIIRS,n,2.0NRT,302.61,2.83,D,VIIRS_NOAA20_NRT,,
29.59151,72.09368,338.96,0.4,0.45,2026-07-08,843,N20,VIIRS,n,2.0NRT,299.52,2.83,D,VIIRS_NOAA20_NRT,,
29.59195,72.09787,331.31,0.41,0.45,2026-07-08,843,N20,VIIRS,n,2.0NRT,300.42,2.9,D,VIIRS_NOAA20_NRT,,
29.61054,71.81512,334.0,0.39,0.44,2026-07-08,843,N20,VIIRS,n,2.0NRT,302.68,0.92,D,VIIRS_NOAA20_NRT,,
29.62107,72.25298,342.98,0.41,0.45,2026-07-08,843,N20,VIIRS,n,2.0NRT,301.85,5.23,D,VIIRS_NOAA20_NRT,,
29.62111,72.05983,343.52,0.4,0.44,2026-07-08,843,N20,VIIRS,n,2.0NRT,299.12,2.77,D,VIIRS_NOAA20_NRT,,
29.62153,72.25726,337.31,0.41,0.45,2026-07-08,843,N20,VIIRS,n,2.0NRT,300.25,4.93,D,VIIRS_NOAA20_NRT,,
29.63284,71.97807,335.28,0.4,0.44,2026-07-08,843,N20,VIIRS,n,2.0NRT,302.54,2.91,D,VIIRS_NOAA20_NRT,,
29.64408,72.27157,335.2,0.41,0.45,2026-07-08,843,N20,VIIRS,n,2.0NRT,302.35,3.07,D,VIIRS_NOAA20_NRT,,
29.65674,72.11874,332.96,0.41,0.45,2026-07-08,843,N20,VIIRS,n,2.0NRT,299.5,1.58,D,VIIRS_NOAA20_NRT,,
29.66077,72.34818,339.43,0.42,0.45,2026-07-08,843,N20,VIIRS,n,2.0NRT,303.86,2.79,D,VIIRS_NOAA20_NRT,,
29.67154,72.44869,344.06,0.42,0.46,2026-07-08,843,N20,VIIRS,n,2.0NRT,302.03,5.26,D,VIIRS_NOAA20_NRT,,
29.67374,72.35083,338.03,0.42,0.45,2026-07-08,843,N20,VIIRS,n,2.0NRT,301.07,1.71,D,VIIRS_NOAA20_NRT,,
29.67573,72.44813,337.58,0.42,0.46,2026-07-08,843,N20,VIIRS,n,2.0NRT,300.26,5.26,D,VIIRS_NOAA20_NRT,,
29.70542,71.88879,333.67,0.4,0.44,2026-07-08,843,N20,VIIRS,n,2.0NRT,301.62,2.47,D,VIIRS_NOAA20_NRT,,
29.70544,72.4085,338.66,0.42,0.45,2026-07-08,843,N20,VIIRS,n,2.0NRT,301.4,2.31,D,VIIRS_NOAA20_NRT,,
29.70644,72.40917,339.53,0.42,0.45,2026-07-08,843,N20,VIIRS,n,2.0NRT,301.41,3.53,D,VIIRS_NOAA20_NRT,,
29.70688,72.42166,332.79,0.42,0.45,2026-07-08,843,N20,VIIRS,n,2.0NRT,301.4,1.92,D,VIIRS_NOAA20_NRT,,
29.70735,72.41795,340.61,0.42,0.45,2026-07-08,843,N20,VIIRS,n,2.0NRT,301.41,7.07,D,VIIRS_NOAA20_NRT,,
29.7078,72.42236,343.96,0.42,0.45,2026-07-08,843,N20,VIIRS,n,2.0NRT,302.11,7.83,D,VIIRS_NOAA20_NRT,,
29.71764,72.39432,348.6,0.42,0.45,2026-07-08,843,N20,VIIRS,n,2.0NRT,304.48,15.12,D,VIIRS_NOAA20_NRT,,
29.719,72.40746,344.29,0.42,0.45,2026-07-08,843,N20,VIIRS,n,2.0NRT,302.37,14.72,D,VIIRS_NOAA20_NRT,,
29.72848,71.94822,345.69,0.4,0.44,2026-07-08,843,N20,VIIRS,n,2.0NRT,301.56,4.98,D,VIIRS_NOAA20_NRT,,
29.72958,72.46857,334.3,0.43,0.46,2026-07-08,843,N20,VIIRS,n,2.0NRT,302.86,3.6,D,VIIRS_NOAA20_NRT,,
29.7317,72.28649,333.44,0.42,0.45,2026-07-08,843,N20,VIIRS,l,2.0NRT,303.84,4.69,D,VIIRS_NOAA20_NRT,,
29.73216,72.29082,343.36,0.42,0.45,2026-07-08,843,N20,VIIRS,n,2.0NRT,302.99,4.69,D,VIIRS_NOAA20_NRT,,
29.73378,72.46801,342.55,0.43,0.46,2026-07-08,843,N20,VIIRS,n,2.0NRT,303.5,3.6,D,VIIRS_NOAA20_NRT,,
29.74458,72.40844,334.06,0.42,0.45,2026-07-08,843,N20,VIIRS,n,2.0NRT,301.76,3.01,D,VIIRS_NOAA20_NRT,,
29.76406,72.04463,341.4,0.4,0.45,2026-07-08,843,N20,VIIRS,n,2.0NRT,306.14,17.75,D,VIIRS_NOAA20_NRT,,
29.76453,72.04882,346.18,0.4,0.45,2026-07-08,843,N20,VIIRS,n,2.0NRT,302.67,12.22,D,VIIRS_NOAA20_NRT,,
29.77265,72.19805,345.47,0.41,0.45,2026-07-08,843,N20,VIIRS,n,2.0NRT,303.14,3.61,D,VIIRS_NOAA20_NRT,,
29.77678,72.19749,344.82,0.41,0.45,2026-07-08,843,N20,VIIRS,n,2.0NRT,303.18,4.71,D,VIIRS_NOAA20_NRT,,
29.78364,72.08035,342.71,0.41,0.45,2026-07-08,843,N20,VIIRS,n,2.0NRT,300.8,3.43,D,VIIRS_NOAA20_NRT,,
29.7866,71.9906,336.71,0.4,0.44,2026-07-08,843,N20,VIIRS,n,2.0NRT,301.67,3.18,D,VIIRS_NOAA20_NRT,,
29.78918,72.05396,337.0,0.41,0.45,2026-07-08,843,N20,VIIRS,n,2.0NRT,301.04,3.05,D,VIIRS_NOAA20_NRT,,
29.79425,72.02345,336.29,0.4,0.44,2026-07-08,843,N20,VIIRS,n,2.0NRT,301.96,3.6,D,VIIRS_NOAA20_NRT,,
29.81974,72.34534,341.4,0.42,0.45,2026-07-08,843,N20,VIIRS,n,2.0NRT,302.84,3.38,D,VIIRS_NOAA20_NRT,,
29.82392,72.34477,338.89,0.42,0.45,2026-07-08,843,N20,VIIRS,n,2.0NRT,301.93,2.55,D,VIIRS_NOAA20_NRT,,
29.8302,72.08673,340.69,0.41,0.45,2026-07-08,843,N20,VIIRS,n,2.0NRT,302.12,1.67,D,VIIRS_NOAA20_NRT,,
29.84674,71.63049,343.95,0.38,0.44,2026-07-08,843,N20,VIIRS,n,2.0NRT,302.03,3.92,D,VIIRS_NOAA20_NRT,,
29.84717,71.63448,336.77,0.39,0.44,2026-07-08,843,N20,VIIRS,n,2.0NRT,301.48,3.92,D,VIIRS_NOAA20_NRT,,
29.87263,72.05517,346.78,0.41,0.45,2026-07-08,843,N20,VIIRS,n,2.0NRT,304.13,19.8,D,VIIRS_NOAA20_NRT,,
29.87453,72.42256,340.44,0.43,0.46,2026-07-08,843,N20,VIIRS,n,2.0NRT,301.86,4.23,D,VIIRS_NOAA20_NRT,,
29.87561,71.67106,348.36,0.39,0.44,2026-07-08,843,N20,VIIRS,n,2.0NRT,301.82,2.99,D,VIIRS_NOAA20_NRT,,
29.87963,71.67049,331.49,0.39,0.44,2026-07-08,843,N20,VIIRS,n,2.0NRT,300.11,2.99,D,VIIRS_NOAA20_NRT,,
29.88884,72.18291,333.05,0.41,0.45,2026-07-08,843,N20,VIIRS,n,2.0NRT,302.58,0.75,D,VIIRS_NOAA20_NRT,,
29.89167,72.96863,338.86,0.46,0.47,2026-07-08,843,N20,VIIRS,n,2.0NRT,296.6,2.19,D,VIIRS_NOAA20_NRT,,
29.89188,72.22981,338.93,0.42,0.45,2026-07-08,843,N20,VIIRS,n,2.0NRT,303.71,1.54,D,VIIRS_NOAA20_NRT,,
29.89329,72.22597,334.38,0.42,0.45,2026-07-08,843,N20,VIIRS,n,2.0NRT,303.88,2.31,D,VIIRS_NOAA20_NRT,,
29.91028,72.35966,332.68,0.42,0.45,2026-07-08,843,N20,VIIRS,n,2.0NRT,301.33,0.67,D,VIIRS_NOAA20_NRT,,
29.91625,71.70615,345.17,0.39,0.44,2026-07-08,843,N20,VIIRS,n,2.0NRT,303.88,5.94,D,VIIRS_NOAA20_NRT,,
29.9167,71.71018,335.7,0.39,0.44,2026-07-08,843,N20,VIIRS,n,2.0NRT,302.19,2.59,D,VIIRS_NOAA20_NRT,,
29.92073,71.70961,344.52,0.39,0.44,2026-07-08,843,N20,VIIRS,n,2.0NRT,302.83,3.85,D,VIIRS_NOAA20_NRT,,
29.9233,72.39447,345.62,0.42,0.46,2026-07-08,843,N20,VIIRS,n,2.0NRT,301.78,4.5,D,VIIRS_NOAA20_NRT,,
29.92586,71.57465,345.35,0.38,0.43,2026-07-08,843,N20,VIIRS,n,2.0NRT,303.04,6.93,D,VIIRS_NOAA20_NRT,,
29.94635,71.75537,334.52,0.39,0.44,2026-07-08,843,N20,VIIRS,n,2.0NRT,301.04,1.72,D,VIIRS_NOAA20_NRT,,
29.94709,71.2757,330.41,0.55,0.43,2026-07-08,843,N20,VIIRS,l,2.0NRT,300.73,3.54,D,VIIRS_NOAA20_NRT,,
29.94943,72.35964,332.44,0.42,0.45,2026-07-08,843,N20,VIIRS,n,2.0NRT,300.87,1.14,D,VIIRS_NOAA20_NRT,,
29.9495,72.04502,333.98,0.41,0.45,2026-07-08,843,N20,VIIRS,n,2.0NRT,303.08,1.99,D,VIIRS_NOAA20_NRT,,
29.9495,72.27977,342.46,0.42,0.45,2026-07-08,843,N20,VIIRS,n,2.0NRT,304.69,5.06,D,VIIRS_NOAA20_NRT,,
29.95376,72.56702,330.99,0.43,0.46,2026-07-08,843,N20,VIIRS,n,2.0NRT,298.88,2.46,D,VIIRS_NOAA20_NRT,,
29.96671,71.97439,334.45,0.4,0.44,2026-07-08,843,N20,VIIRS,n,2.0NRT,302.71,2.42,D,VIIRS_NOAA20_NRT,,
29.9693,72.15009,340.05,0.41,0.45,2026-07-08,843,N20,VIIRS,n,2.0NRT,303.97,2.72,D,VIIRS_NOAA20_NRT,,
29.98271,72.19617,340.0,0.41,0.45,2026-07-08,843,N20,VIIRS,n,2.0NRT,304.21,3.9,D,VIIRS_NOAA20_NRT,,
30.01377,71.50925,332.78,0.57,0.43,2026-07-08,843,N20,VIIRS,n,2.0NRT,302.18,2.65,D,VIIRS_NOAA20_NRT,,
30.04436,72.61021,331.05,0.44,0.46,2026-07-08,843,N20,VIIRS,n,2.0NRT,294.0,3.65,D,VIIRS_NOAA20_NRT,,
30.04484,72.61476,333.63,0.44,0.46,2026-07-08,843,N20,VIIRS,n,2.0NRT,298.2,3.9,D,VIIRS_NOAA20_NRT,,
30.04813,72.61159,355.47,0.44,0.46,2026-07-08,843,N20,VIIRS,n,2.0NRT,300.03,10.42,D,VIIRS_NOAA20_NRT,,
30.04861,72.60964,341.23,0.44,0.46,2026-07-08,843,N20,VIIRS,n,2.0NRT,299.7,3.65,D,VIIRS_NOAA20_NRT,,
30.0491,72.6142,344.22,0.44,0.46,2026-07-08,843,N20,VIIRS,n,2.0NRT,298.42,3.9,D,VIIRS_NOAA20_NRT,,
30.07119,72.99063,331.34,0.46,0.47,2026-07-08,843,N20,VIIRS,n,2.0NRT,297.31,2.81,D,VIIRS_NOAA20_NRT,,
30.09955,72.77798,330.29,0.45,0.47,2026-07-08,843,N20,VIIRS,n,2.0NRT,298.17,3.07,D,VIIRS_NOAA20_NRT,,
30.11229,72.94883,335.66,0.46,0.47,2026-07-08,843,N20,VIIRS,n,2.0NRT,298.86,1.52,D,VIIRS_NOAA20_NRT,,
30.11749,72.49202,333.74,0.43,0.46,2026-07-08,843,N20,VIIRS,n,2.0NRT,299.66,2.48,D,VIIRS_NOAA20_NRT,,
30.12613,72.37314,345.64,0.43,0.46,2026-07-08,843,N20,VIIRS,n,2.0NRT,304.06,7.86,D,VIIRS_NOAA20_NRT,,
30.12678,72.37394,339.33,0.43,0.46,2026-07-08,843,N20,VIIRS,n,2.0NRT,303.29,7.91,D,VIIRS_NOAA20_NRT,,
30.15244,73.17511,333.04,0.47,0.48,2026-07-08,843,N20,VIIRS,n,2.0NRT,297.7,1.88,D,VIIRS_NOAA20_NRT,,
30.15684,73.2197,341.93,0.48,0.48,2026-07-08,843,N20,VIIRS,n,2.0NRT,297.74,4.04,D,VIIRS_NOAA20_NRT,,
30.15732,73.22469,333.15,0.48,0.48,2026-07-08,843,N20,VIIRS,n,2.0NRT,297.43,4.04,D,VIIRS_NOAA20_NRT,,
30.16346,72.93253,333.79,0.46,0.47,2026-07-08,843,N20,VIIRS,n,2.0NRT,297.61,3.73,D,VIIRS_NOAA20_NRT,,
30.19133,73.07253,335.08,0.47,0.48,2026-07-08,843,N20,VIIRS,n,2.0NRT,298.96,2.31,D,VIIRS_NOAA20_NRT,,
30.19141,73.07571,333.74,0.47,0.48,2026-07-08,843,N20,VIIRS,n,2.0NRT,298.76,2.35,D,VIIRS_NOAA20_NRT,,
30.21267,72.88417,343.15,0.46,0.47,2026-07-08,843,N20,VIIRS,n,2.0NRT,298.83,5.37,D,VIIRS_NOAA20_NRT,,
30.21314,72.88894,336.77,0.46,0.47,2026-07-08,843,N20,VIIRS,n,2.0NRT,297.61,4.64,D,VIIRS_NOAA20_NRT,,
30.25925,73.40816,332.62,0.49,0.49,2026-07-08,843,N20,VIIRS,n,2.0NRT,296.55,5.14,D,VIIRS_NOAA20_NRT,,
30.2647,73.41785,339.34,0.49,0.49,2026-07-08,843,N20,VIIRS,n,2.0NRT,295.16,7.14,D,VIIRS_NOAA20_NRT,,
30.3108,73.28852,341.48,0.48,0.48,2026-07-08,843,N20,VIIRS,n,2.0NRT,296.87,3.35,D,VIIRS_NOAA20_NRT,,
30.32134,73.12814,330.13,0.47,0.48,2026-07-08,843,N20,VIIRS,n,2.0NRT,298.25,1.17,D,VIIRS_NOAA20_NRT,,
30.40095,73.48778,333.77,0.5,0.49,2026-07-08,843,N20,VIIRS,n,2.0NRT,294.27,4.32,D,VIIRS_NOAA20_NRT,,
30.40707,71.73808,337.18,0.4,0.44,2026-07-08,843,N20,VIIRS,n,2.0NRT,301.64,2.38,D,VIIRS_NOAA20_NRT,,
30.41105,73.13756,336.79,0.48,0.48,2026-07-08,843,N20,VIIRS,n,2.0NRT,297.68,5.85,D,VIIRS_NOAA20_NRT,,
30.41146,73.13676,338.19,0.47,0.48,2026-07-08,843,N20,VIIRS,n,2.0NRT,298.24,5.5,D,VIIRS_NOAA20_NRT,,
30.41297,73.15166,332.0,0.48,0.48,2026-07-08,843,N20,VIIRS,n,2.0NRT,296.88,0.54,D,VIIRS_NOAA20_NRT,,
30.43759,71.90765,341.55,0.4,0.45,2026-07-08,843,N20,VIIRS,n,2.0NRT,305.06,4.21,D,VIIRS_NOAA20_NRT,,
30.46793,72.2364,331.9,0.42,0.45,2026-07-08,843,N20,VIIRS,n,2.0NRT,301.59,2.47,D,VIIRS_NOAA20_NRT,,
30.47701,73.40605,340.54,0.49,0.49,2026-07-08,843,N20,VIIRS,n,2.0NRT,296.11,5.41,D,VIIRS_NOAA20_NRT,,
30.48469,73.89107,330.17,0.53,0.5,2026-07-08,843,N20,VIIRS,n,2.0NRT,295.62,1.91,D,VIIRS_NOAA20_NRT,,
30.48471,71.57763,337.13,0.39,0.44,2026-07-08,843,N20,VIIRS,n,2.0NRT,304.2,3.68,D,VIIRS_NOAA20_NRT,,
30.50825,73.68992,330.47,0.51,0.5,2026-07-08,843,N20,VIIRS,n,2.0NRT,296.21,2.75,D,VIIRS_NOAA20_NRT,,
30.52211,72.85873,336.33,0.46,0.47,2026-07-08,843,N20,VIIRS,n,2.0NRT,299.26,2.61,D,VIIRS_NOAA20_NRT,,
30.53362,73.61655,334.5,0.51,0.49,2026-07-08,843,N20,VIIRS,n,2.0NRT,296.11,2.75,D,VIIRS_NOAA20_NRT,,
30.56277,73.8261,335.26,0.52,0.5,2026-07-08,843,N20,VIIRS,n,2.0NRT,295.63,4.36,D,VIIRS_NOAA20_NRT,,
30.58385,73.40647,330.43,0.49,0.49,2026-07-08,843,N20,VIIRS,n,2.0NRT,296.99,3.86,D,VIIRS_NOAA20_NRT,,
30.63065,73.01403,331.19,0.47,0.48,2026-07-08,843,N20,VIIRS,n,2.0NRT,297.22,6.87,D,VIIRS_NOAA20_NRT,,
30.63138,73.66782,341.35,0.51,0.5,2026-07-08,843,N20,VIIRS,n,2.0NRT,296.34,8.5,D,VIIRS_NOAA20_NRT,,
30.63189,73.67319,342.24,0.51,0.5,2026-07-08,843,N20,VIIRS,n,2.0NRT,296.29,7.01,D,VIIRS_NOAA20_NRT,,
30.6651,73.9808,337.28,0.54,0.51,2026-07-08,843,N20,VIIRS,n,2.0NRT,294.63,7.47,D,VIIRS_NOAA20_NRT,,
30.72359,73.76385,330.13,0.52,0.5,2026-07-08,843,N20,VIIRS,n,2.0NRT,294.97,3.59,D,VIIRS_NOAA20_NRT,,
30.9109,74.40147,340.73,0.57,0.52,2026-07-08,843,N20,VIIRS,n,2.0NRT,295.1,9.3,D,VIIRS_NOAA20_NRT,,
30.91517,74.39494,333.29,0.57,0.52,2026-07-08,843,N20,VIIRS,n,2.0NRT,295.44,9.3,D,VIIRS_NOAA20_NRT,,
30.9157,74.40095,355.58,0.57,0.52,2026-07-08,843,N20,VIIRS,n,2.0NRT,295.39,9.3,D,VIIRS_NOAA20_NRT,,
31.06485,73.18635,331.67,0.49,0.48,2026-07-08,843,N20,VIIRS,n,2.0NRT,296.28,3.87,D,VIIRS_NOAA20_NRT,,
31.38997,73.45454,337.77,0.51,0.49,2026-07-08,843,N20,VIIRS,n,2.0NRT,294.84,3.77,D,VIIRS_NOAA20_NRT,,
31.62698,72.91634,337.33,0.48,0.48,2026-07-08,845,N20,VIIRS,n,2.0NRT,296.75,3.34,D,VIIRS_NOAA20_NRT,,
32.56101,73.28552,337.18,0.51,0.5,2026-07-08,845,N20,VIIRS,n,2.0NRT,294.4,4.45,D,VIIRS_NOAA20_NRT,,
32.87598,71.54104,335.79,0.41,0.45,2026-07-08,845,N20,VIIRS,l,2.0NRT,306.47,5.61,D,VIIRS_NOAA20_NRT,,
34.00283,72.73742,335.21,0.5,0.49,2026-07-08,845,N20,VIIRS,n,2.0NRT,300.12,3.47,D,VIIRS_NOAA20_NRT,,
34.00431,72.7333,330.91,0.5,0.49,2026-07-08,845,N20,VIIRS,n,2.0NRT,299.87,6.57,D,VIIRS_NOAA20_NRT,,
30.18575,72.8625,306.47,0.43,0.38,2026-07-08,2108,N20,VIIRS,n,2.0NRT,265.01,1.58,N,VIIRS_NOAA20_NRT,,
30.37448,73.67699,308.48,0.46,0.39,2026-07-08,2108,N20,VIIRS,n,2.0NRT,281.55,1.51,N,VIIRS_NOAA20_NRT,,
32.29147,70.73858,305.25,0.38,0.36,2026-07-08,2108,N20,VIIRS,n,2.0NRT,288.15,0.89,N,VIIRS_NOAA20_NRT,,
32.82788,71.60205,308.17,0.39,0.36,2026-07-08,2108,N20,VIIRS,n,2.0NRT,295.23,1.79,N,VIIRS_NOAA20_NRT,,
33.5462,71.55032,309.04,0.39,0.36,2026-07-08,2108,N20,VIIRS,n,2.0NRT,294.97,1.48,N,VIIRS_NOAA20_NRT,,
35.96817,68.68509,308.74,0.44,0.38,2026-07-08,2108,N20,VIIRS,n,2.0NRT,296.58,1.34,N,VIIRS_NOAA20_NRT,,
22.33493,69.86871,309.97,0.41,0.37,2026-07-08,2110,N20,VIIRS,n,2.0NRT,296.72,3.26,N,VIIRS_NOAA20_NRT,,
22.41586,69.03965,311.81,0.39,0.36,2026-07-08,2110,N20,VIIRS,n,2.0NRT,295.35,2.24,N,VIIRS_NOAA20_NRT,,
22.7778,70.89861,309.3,0.43,0.38,2026-07-08,2110,N20,VIIRS,n,2.0NRT,293.02,3.38,N,VIIRS_NOAA20_NRT,,
22.92752,70.10625,328.05,0.41,0.37,2026-07-08,2110,N20,VIIRS,n,2.0NRT,295.2,3.47,N,VIIRS_NOAA20_NRT,,
22.93038,69.69786,311.12,0.4,0.37,2026-07-08,2110,N20,VIIRS,n,2.0NRT,295.16,1.79,N,VIIRS_NOAA20_NRT,,
22.93372,69.6985,319.73,0.4,0.37,2026-07-08,2110,N20,VIIRS,n,2.0NRT,295.4,1.79,N,VIIRS_NOAA20_NRT,,
24.16544,82.60482,299.32,0.66,0.73,2026-07-08,2110,N20,VIIRS,n,2.0NRT,284.28,4.54,N,VIIRS_NOAA20_NRT,,
24.16691,82.62627,297.33,0.66,0.73,2026-07-08,2110,N20,VIIRS,n,2.0NRT,284.22,4.79,N,VIIRS_NOAA20_NRT,,
25.38953,68.58288,306.96,0.38,0.36,2026-07-08,2110,N20,VIIRS,n,2.0NRT,285.18,0.71,N,VIIRS_NOAA20_NRT,,
27.61207,68.7227,319.69,0.39,0.36,2026-07-08,2110,N20,VIIRS,n,2.0NRT,292.64,1.58,N,VIIRS_NOAA20_NRT,,
28.42604,69.70309,316.49,0.38,0.36,2026-07-08,2110,N20,VIIRS,n,2.0NRT,296.74,1.84,N,VIIRS_NOAA20_NRT,,
28.51129,68.06438,310.31,0.4,0.37,2026-07-08,2110,N20,VIIRS,n,2.0NRT,294.26,0.79,N,VIIRS_NOAA20_NRT,,
8.75731,78.1812,301.56,0.71,0.75,2026-07-08,2114,N20,VIIRS,n,2.0NRT,285.67,7.96,N,VIIRS_NOAA20_NRT,,
29.27269,88.9019,335.92,0.49,0.48,2026-07-09,644,N20,VIIRS,l,2.0NRT,306.94,8.05,D,VIIRS_NOAA20_NRT,,
29.56136,90.99033,333.64,0.55,0.43,2026-07-09,644,N20,VIIRS,l,2.0NRT,305.66,2.3,D,VIIRS_NOAA20_NRT,,
8.78749,77.79636,331.2,0.41,0.37,2026-07-09,820,N20,VIIRS,l,2.0NRT,302.37,3.08,D,VIIRS_NOAA20_NRT,,
8.84491,77.99417,340.23,0.42,0.37,2026-07-09,820,N20,VIIRS,n,2.0NRT,306.42,8.02,D,VIIRS_NOAA20_NRT,,
8.85846,77.94576,341.73,0.41,0.37,2026-07-09,820,N20,VIIRS,n,2.0NRT,306.72,9.78,D,VIIRS_NOAA20_NRT,,
9.23771,78.61969,336.1,0.44,0.39,2026-07-09,820,N20,VIIRS,n,2.0NRT,303.24,2.32,D,VIIRS_NOAA20_NRT,,
9.24012,77.80473,340.9,0.41,0.37,2026-07-09,820,N20,VIIRS,n,2.0NRT,307.06,10.66,D,VIIRS_NOAA20_NRT,,
9.35935,78.66029,346.65,0.45,0.39,2026-07-09,820,N20,VIIRS,n,2.0NRT,302.37,5.18,D,VIIRS_NOAA20_NRT,,
9.39957,77.60509,336.74,0.41,0.37,2026-07-09,820,N20,VIIRS,n,2.0NRT,306.18,2.99,D,VIIRS_NOAA20_NRT,,
9.50015,78.58637,342.5,0.44,0.39,2026-07-09,820,N20,VIIRS,n,2.0NRT,303.44,14.78,D,VIIRS_NOAA20_NRT,,
9.51754,78.02991,343.78,0.42,0.38,2026-07-09,820,N20,VIIRS,n,2.0NRT,311.16,17.02,D,VIIRS_NOAA20_NRT,,
9.53972,80.37572,344.61,0.55,0.43,2026-07-09,820,N20,VIIRS,n,2.0NRT,289.35,29.49,D,VIIRS_NOAA20_NRT,,
9.56479,78.18477,343.45,0.43,0.38,2026-07-09,820,N20,VIIRS,n,2.0NRT,308.51,9.3,D,VIIRS_NOAA20_NRT,,
9.63699,77.6492,334.7,0.41,0.37,2026-07-09,820,N20,VIIRS,n,2.0NRT,303.59,1.68,D,VIIRS_NOAA20_NRT,,
9.65431,77.57814,340.08,0.41,0.37,2026-07-09,820,N20,VIIRS,n,2.0NRT,305.12,9.19,D,VIIRS_NOAA20_NRT,,
9.65475,77.57774,339.84,0.41,0.37,2026-07-09,820,N20,VIIRS,n,2.0NRT,305.02,9.15,D,VIIRS_NOAA20_NRT,,
9.74088,80.15462,331.59,0.54,0.42,2026-07-09,820,N20,VIIRS,n,2.0NRT,295.67,2.67,D,VIIRS_NOAA20_NRT,,
9.80669,77.7805,335.98,0.42,0.37,2026-07-09,820,N20,VIIRS,n,2.0NRT,303.47,1.89,D,VIIRS_NOAA20_NRT,,
9.86762,78.25245,334.55,0.43,0.38,2026-07-09,820,N20,VIIRS,n,2.0NRT,302.76,4.49,D,VIIRS_NOAA20_NRT,,
9.92046,78.34579,336.39,0.44,0.38,2026-07-09,820,N20,VIIRS,n,2.0NRT,300.29,3.67,D,VIIRS_NOAA20_NRT,,
9.94343,78.60604,336.72,0.45,0.39,2026-07-09,820,N20,VIIRS,n,2.0NRT,300.54,2.61,D,VIIRS_NOAA20_NRT,,
9.95749,78.23112,337.12,0.43,0.38,2026-07-09,820,N20,VIIRS,n,2.0NRT,303.61,6.75,D,VIIRS_NOAA20_NRT,,
9.97476,77.44547,344.41,0.41,0.37,2026-07-09,820,N20,VIIRS,n,2.0NRT,300.27,1.77,D,VIIRS_NOAA20_NRT,,
9.97815,77.44496,331.08,0.41,0.37,2026-07-09,820,N20,VIIRS,n,2.0NRT,299.74,1.77,D,VIIRS_NOAA20_NRT,,
10.02265,78.22963,337.95,0.43,0.38,2026-07-09,820,N20,VIIRS,n,2.0NRT,303.02,2.89,D,VIIRS_NOAA20_NRT,,
10.02365,78.0655,333.13,0.43,0.38,2026-07-09,820,N20,VIIRS,n,2.0NRT,302.35,1.73,D,VIIRS_NOAA20_NRT,,
10.26067,78.52789,332.15,0.45,0.39,2026-07-09,820,N20,VIIRS,n,2.0NRT,300.99,2.68,D,VIIRS_NOAA20_NRT,,
10.40273,79.23692,335.07,0.49,0.4,2026-07-09,820,N20,VIIRS,n,2.0NRT,297.26,7.29,D,VIIRS_NOAA20_NRT,,
10.45489,79.46841,332.2,0.5,0.41,2026-07-09,820,N20,VIIRS,n,2.0NRT,289.31,5.68,D,VIIRS_NOAA20_NRT,,
10.80195,79.59845,331.14,0.51,0.41,2026-07-09,820,N20,VIIRS,n,2.0NRT,293.26,3.23,D,VIIRS_NOAA20_NRT,,
12.73124,79.62499,334.39,0.55,0.42,2026-07-09,820,N20,VIIRS,n,2.0NRT,288.9,6.18,D,VIIRS_NOAA20_NRT,,
14.19754,79.97244,334.6,0.4,0.44,2026-07-09,822,N20,VIIRS,n,2.0NRT,296.94,3.36,D,VIIRS_NOAA20_NRT,,
14.83045,79.77025,331.62,0.39,0.44,2026-07-09,822,N20,VIIRS,n,2.0NRT,288.24,1.73,D,VIIRS_NOAA20_NRT,,
14.90274,76.12289,335.85,0.4,0.37,2026-07-09,822,N20,VIIRS,n,2.0NRT,299.64,2.06,D,VIIRS_NOAA20_NRT,,
14.90787,76.11068,337.18,0.4,0.37,2026-07-09,822,N20,VIIRS,n,2.0NRT,299.31,3.31,D,VIIRS_NOAA20_NRT,,
15.1039,76.8178,344.3,0.42,0.38,2026-07-09,822,N20,VIIRS,n,2.0NRT,300.87,4.57,D,VIIRS_NOAA20_NRT,,
15.17277,76.66418,339.43,0.42,0.38,2026-07-09,822,N20,VIIRS,n,2.0NRT,301.41,4.93,D,VIIRS_NOAA20_NRT,,
15.17497,76.67976,331.59,0.42,0.38,2026-07-09,822,N20,VIIRS,n,2.0NRT,300.11,4.42,D,VIIRS_NOAA20_NRT,,
15.18021,76.66706,331.84,0.42,0.38,2026-07-09,822,N20,VIIRS,n,2.0NRT,300.13,2.73,D,VIIRS_NOAA20_NRT,,
15.18089,76.64711,336.77,0.42,0.38,2026-07-09,822,N20,VIIRS,n,2.0NRT,297.05,4.89,D,VIIRS_NOAA20_NRT,,
15.59511,79.04787,331.5,0.55,0.43,2026-07-09,822,N20,VIIRS,n,2.0NRT,297.25,4.03,D,VIIRS_NOAA20_NRT,,
15.59601,79.05067,330.57,0.55,0.43,2026-07-09,822,N20,VIIRS,n,2.0NRT,294.0,4.87,D,VIIRS_NOAA20_NRT,,
15.83651,76.83992,338.63,0.43,0.38,2026-07-09,822,N20,VIIRS,n,2.0NRT,302.54,8.63,D,VIIRS_NOAA20_NRT,,
15.84,76.83939,337.2,0.43,0.38,2026-07-09,822,N20,VIIRS,n,2.0NRT,300.09,5.27,D,VIIRS_NOAA20_NRT,,
18.71196,79.53994,339.08,0.43,0.46,2026-07-09,822,N20,VIIRS,n,2.0NRT,291.66,7.21,D,VIIRS_NOAA20_NRT,,
18.92666,78.69778,343.92,0.38,0.43,2026-07-09,822,N20,VIIRS,n,2.0NRT,290.68,7.27,D,VIIRS_NOAA20_NRT,,
22.92777,70.10612,331.55,0.43,0.38,2026-07-09,824,N20,VIIRS,l,2.0NRT,301.69,3.93,D,VIIRS_NOAA20_NRT,,
22.92846,70.11023,332.06,0.43,0.38,2026-07-09,824,N20,VIIRS,l,2.0NRT,301.63,3.93,D,VIIRS_NOAA20_NRT,,
29.55928,72.02973,335.34,0.39,0.36,2026-07-09,826,N20,VIIRS,n,2.0NRT,301.65,2.01,D,VIIRS_NOAA20_NRT,,
29.56239,72.17002,341.68,0.39,0.36,2026-07-09,826,N20,VIIRS,n,2.0NRT,302.62,3.15,D,VIIRS_NOAA20_NRT,,
29.5626,72.0291,338.55,0.39,0.36,2026-07-09,826,N20,VIIRS,n,2.0NRT,302.52,4.62,D,VIIRS_NOAA20_NRT,,
29.56685,72.08208,340.41,0.39,0.36,2026-07-09,826,N20,VIIRS,n,2.0NRT,302.16,1.97,D,VIIRS_NOAA20_NRT,,
29.57526,72.09293,339.17,0.39,0.36,2026-07-09,826,N20,VIIRS,n,2.0NRT,302.23,3.22,D,VIIRS_NOAA20_NRT,,
29.6339,72.29517,339.27,0.4,0.37,2026-07-09,826,N20,VIIRS,n,2.0NRT,302.63,4.14,D,VIIRS_NOAA20_NRT,,
29.6352,72.01626,333.62,0.39,0.36,2026-07-09,826,N20,VIIRS,n,2.0NRT,299.97,1.73,D,VIIRS_NOAA20_NRT,,
29.64452,72.29738,337.21,0.4,0.37,2026-07-09,826,N20,VIIRS,n,2.0NRT,301.74,2.97,D,VIIRS_NOAA20_NRT,,
29.65269,72.37972,338.07,0.4,0.37,2026-07-09,826,N20,VIIRS,n,2.0NRT,303.34,4.4,D,VIIRS_NOAA20_NRT,,
29.66055,72.26514,343.58,0.4,0.37,2026-07-09,826,N20,VIIRS,n,2.0NRT,302.66,4.4,D,VIIRS_NOAA20_NRT,,
29.66389,72.26451,332.51,0.4,0.37,2026-07-09,826,N20,VIIRS,n,2.0NRT,301.71,1.7,D,VIIRS_NOAA20_NRT,,
29.67766,72.33733,334.43,0.4,0.37,2026-07-09,826,N20,VIIRS,n,2.0NRT,301.24,1.27,D,VIIRS_NOAA20_NRT,,
29.68427,72.00745,336.39,0.39,0.36,2026-07-09,826,N20,VIIRS,n,2.0NRT,294.93,3.13,D,VIIRS_NOAA20_NRT,,
29.69312,72.20481,338.91,0.4,0.37,2026-07-09,826,N20,VIIRS,n,2.0NRT,302.05,3.01,D,VIIRS_NOAA20_NRT,,
29.6937,72.20888,336.41,0.4,0.37,2026-07-09,826,N20,VIIRS,n,2.0NRT,300.07,1.51,D,VIIRS_NOAA20_NRT,,
29.70383,72.42498,334.06,0.4,0.37,2026-07-09,826,N20,VIIRS,n,2.0NRT,302.25,3.01,D,VIIRS_NOAA20_NRT,,
29.70719,72.42436,348.07,0.4,0.37,2026-07-09,826,N20,VIIRS,n,2.0NRT,304.81,19.85,D,VIIRS_NOAA20_NRT,,
29.71065,72.16865,339.81,0.39,0.37,2026-07-09,826,N20,VIIRS,n,2.0NRT,302.42,3.68,D,VIIRS_NOAA20_NRT,,
29.7257,72.29961,334.92,0.4,0.37,2026-07-09,826,N20,VIIRS,n,2.0NRT,303.11,2.08,D,VIIRS_NOAA20_NRT,,
29.73389,72.13928,338.44,0.39,0.37,2026-07-09,826,N20,VIIRS,n,2.0NRT,301.16,8.37,D,VIIRS_NOAA20_NRT,,
29.73571,72.44498,335.26,0.4,0.37,2026-07-09,826,N20,VIIRS,n,2.0NRT,301.04,2.19,D,VIIRS_NOAA20_NRT,,
29.73723,72.13866,346.71,0.39,0.37,2026-07-09,826,N20,VIIRS,n,2.0NRT,301.16,8.37,D,VIIRS_NOAA20_NRT,,
29.7378,72.14272,332.75,0.39,0.37,2026-07-09,826,N20,VIIRS,n,2.0NRT,300.51,4.26,D,VIIRS_NOAA20_NRT,,
29.75083,71.9949,349.24,0.39,0.36,2026-07-09,826,N20,VIIRS,n,2.0NRT,303.03,12.48,D,VIIRS_NOAA20_NRT,,
29.75307,72.29873,335.26,0.4,0.37,2026-07-09,826,N20,VIIRS,n,2.0NRT,300.11,1.18,D,VIIRS_NOAA20_NRT,,
29.75375,72.47545,344.12,0.4,0.37,2026-07-09,826,N20,VIIRS,n,2.0NRT,300.3,4.07,D,VIIRS_NOAA20_NRT,,
29.75981,72.44476,336.96,0.4,0.37,2026-07-09,826,N20,VIIRS,n,2.0NRT,302.63,14.25,D,VIIRS_NOAA20_NRT,,
29.7625,72.41472,343.2,0.4,0.37,2026-07-09,826,N20,VIIRS,n,2.0NRT,303.27,3.29,D,VIIRS_NOAA20_NRT,,
29.76586,72.4141,335.38,0.4,0.37,2026-07-09,826,N20,VIIRS,n,2.0NRT,303.3,2.1,D,VIIRS_NOAA20_NRT,,
29.76813,72.18711,341.15,0.4,0.37,2026-07-09,826,N20,VIIRS,n,2.0NRT,302.31,11.04,D,VIIRS_NOAA20_NRT,,
29.77027,72.39642,339.36,0.4,0.37,2026-07-09,826,N20,VIIRS,n,2.0NRT,303.39,3.02,D,VIIRS_NOAA20_NRT,,
29.7721,72.43405,337.37,0.4,0.37,2026-07-09,826,N20,VIIRS,n,2.0NRT,302.83,2.38,D,VIIRS_NOAA20_NRT,,
29.77755,72.08535,340.58,0.39,0.36,2026-07-09,826,N20,VIIRS,n,2.0NRT,296.74,4.33,D,VIIRS_NOAA20_NRT,,
29.78983,72.05821,345.19,0.39,0.36,2026-07-09,826,N20,VIIRS,n,2.0NRT,301.78,6.47,D,VIIRS_NOAA20_NRT,,
29.79041,72.71566,351.84,0.41,0.37,2026-07-09,826,N20,VIIRS,n,2.0NRT,303.6,27.71,D,VIIRS_NOAA20_NRT,,
29.82837,71.99281,338.95,0.39,0.36,2026-07-09,826,N20,VIIRS,n,2.0NRT,303.13,3.51,D,VIIRS_NOAA20_NRT,,
29.83125,72.10871,341.87,0.39,0.37,2026-07-09,826,N20,VIIRS,n,2.0NRT,302.8,6.0,D,VIIRS_NOAA20_NRT,,
29.83674,72.72444,343.53,0.41,0.37,2026-07-09,826,N20,VIIRS,n,2.0NRT,306.81,23.83,D,VIIRS_NOAA20_NRT,,
29.83732,72.72862,333.26,0.41,0.37,2026-07-09,826,N20,VIIRS,n,2.0NRT,299.71,23.83,D,VIIRS_NOAA20_NRT,,
29.84585,72.38276,337.08,0.4,0.37,2026-07-09,826,N20,VIIRS,n,2.0NRT,299.83,2.94,D,VIIRS_NOAA20_NRT,,
29.85813,72.37205,347.16,0.4,0.37,2026-07-09,826,N20,VIIRS,n,2.0NRT,303.8,11.48,D,VIIRS_NOAA20_NRT,,
29.86532,72.34962,336.32,0.4,0.37,2026-07-09,826,N20,VIIRS,n,2.0NRT,303.42,4.56,D,VIIRS_NOAA20_NRT,,
29.86741,72.31554,338.03,0.4,0.37,2026-07-09,826,N20,VIIRS,n,2.0NRT,300.7,3.59,D,VIIRS_NOAA20_NRT,,
29.88173,72.0784,336.87,0.39,0.36,2026-07-09,826,N20,VIIRS,n,2.0NRT,303.41,2.86,D,VIIRS_NOAA20_NRT,,
29.88201,72.64376,333.35,0.4,0.37,2026-07-09,826,N20,VIIRS,n,2.0NRT,300.07,1.58,D,VIIRS_NOAA20_NRT,,
29.88278,72.15751,338.88,0.4,0.37,2026-07-09,826,N20,VIIRS,n,2.0NRT,303.83,2.13,D,VIIRS_NOAA20_NRT,,
29.89634,72.39877,336.93,0.4,0.37,2026-07-09,826,N20,VIIRS,n,2.0NRT,303.15,4.44,D,VIIRS_NOAA20_NRT,,
29.89731,72.25954,335.88,0.4,0.37,2026-07-09,826,N20,VIIRS,n,2.0NRT,301.27,1.8,D,VIIRS_NOAA20_NRT,,
29.89833,72.24256,343.28,0.4,0.37,2026-07-09,826,N20,VIIRS,n,2.0NRT,300.95,3.37,D,VIIRS_NOAA20_NRT,,
29.90606,72.44351,338.57,0.4,0.37,2026-07-09,826,N20,VIIRS,n,2.0NRT,299.52,3.41,D,VIIRS_NOAA20_NRT,,
29.90802,72.10318,342.36,0.39,0.37,2026-07-09,826,N20,VIIRS,n,2.0NRT,303.12,3.71,D,VIIRS_NOAA20_NRT,,
29.90824,71.93668,334.78,0.39,0.36,2026-07-09,826,N20,VIIRS,n,2.0NRT,303.19,2.84,D,VIIRS_NOAA20_NRT,,
29.92644,72.36787,340.12,0.4,0.37,2026-07-09,826,N20,VIIRS,n,2.0NRT,302.82,4.58,D,VIIRS_NOAA20_NRT,,
29.92736,72.19158,340.7,0.4,0.37,2026-07-09,826,N20,VIIRS,n,2.0NRT,305.05,4.76,D,VIIRS_NOAA20_NRT,,
29.92783,72.17054,335.48,0.4,0.37,2026-07-09,826,N20,VIIRS,n,2.0NRT,301.12,3.64,D,VIIRS_NOAA20_NRT,,
29.93542,72.60409,346.4,0.4,0.37,2026-07-09,826,N20,VIIRS,n,2.0NRT,304.57,24.61,D,VIIRS_NOAA20_NRT,,
29.93959,72.18092,335.54,0.4,0.37,2026-07-09,826,N20,VIIRS,n,2.0NRT,304.1,6.25,D,VIIRS_NOAA20_NRT,,
29.94017,72.185,338.5,0.4,0.37,2026-07-09,826,N20,VIIRS,n,2.0NRT,302.97,6.25,D,VIIRS_NOAA20_NRT,,
29.94801,72.19191,336.88,0.4,0.37,2026-07-09,826,N20,VIIRS,n,2.0NRT,301.67,1.46,D,VIIRS_NOAA20_NRT,,
29.95218,72.39329,331.34,0.4,0.37,2026-07-09,826,N20,VIIRS,n,2.0NRT,298.79,2.58,D,VIIRS_NOAA20_NRT,,
29.95507,72.7206,331.45,0.41,0.37,2026-07-09,826,N20,VIIRS,n,2.0NRT,300.07,3.17,D,VIIRS_NOAA20_NRT,,
29.95604,72.55337,335.47,0.4,0.37,2026-07-09,826,N20,VIIRS,n,2.0NRT,303.41,3.73,D,VIIRS_NOAA20_NRT,,
29.95965,72.17716,341.69,0.4,0.37,2026-07-09,826,N20,VIIRS,n,2.0NRT,304.8,5.91,D,VIIRS_NOAA20_NRT,,
29.97457,72.55489,338.96,0.4,0.37,2026-07-09,826,N20,VIIRS,n,2.0NRT,301.33,4.99,D,VIIRS_NOAA20_NRT,,
29.98105,72.32877,336.92,0.4,0.37,2026-07-09,826,N20,VIIRS,n,2.0NRT,302.53,2.7,D,VIIRS_NOAA20_NRT,,
29.98324,72.6983,335.88,0.41,0.37,2026-07-09,826,N20,VIIRS,n,2.0NRT,302.93,4.06,D,VIIRS_NOAA20_NRT,,
29.98657,72.97516,336.55,0.41,0.37,2026-07-09,826,N20,VIIRS,n,2.0NRT,301.13,2.18,D,VIIRS_NOAA20_NRT,,
30.00899,72.80658,345.83,0.41,0.37,2026-07-09,826,N20,VIIRS,n,2.0NRT,301.3,7.7,D,VIIRS_NOAA20_NRT,,
30.04312,72.52527,344.75,0.4,0.37,2026-07-09,826,N20,VIIRS,n,2.0NRT,300.89,5.04,D,VIIRS_NOAA20_NRT,,
30.06327,72.62,339.84,0.41,0.37,2026-07-09,826,N20,VIIRS,n,2.0NRT,303.08,4.46,D,VIIRS_NOAA20_NRT,,
30.07334,73.34206,340.81,0.43,0.38,2026-07-09,826,N20,VIIRS,n,2.0NRT,305.07,4.53,D,VIIRS_NOAA20_NRT,,
30.07548,73.34508,348.45,0.42,0.38,2026-07-09,826,N20,VIIRS,n,2.0NRT,303.46,14.85,D,VIIRS_NOAA20_NRT,,
30.0768,73.34146,339.55,0.43,0.38,2026-07-09,826,N20,VIIRS,n,2.0NRT,302.13,4.53,D,VIIRS_NOAA20_NRT,,
30.07738,73.34586,335.4,0.43,0.38,2026-07-09,826,N20,VIIRS,n,2.0NRT,301.2,4.53,D,VIIRS_NOAA20_NRT,,
30.12777,72.98589,338.79,0.41,0.37,2026-07-09,826,N20,VIIRS,n,2.0NRT,303.98,4.65,D,VIIRS_NOAA20_NRT,,
30.1482,73.26612,338.95,0.42,0.38,2026-07-09,826,N20,VIIRS,n,2.0NRT,303.74,4.94,D,VIIRS_NOAA20_NRT,,
30.16497,73.28559,346.71,0.42,0.38,2026-07-09,826,N20,VIIRS,n,2.0NRT,304.59,11.65,D,VIIRS_NOAA20_NRT,,
30.18021,73.01306,335.77,0.42,0.37,2026-07-09,826,N20,VIIRS,n,2.0NRT,301.67,2.86,D,VIIRS_NOAA20_NRT,,
30.18164,73.31564,339.55,0.43,0.38,2026-07-09,826,N20,VIIRS,n,2.0NRT,304.97,4.7,D,VIIRS_NOAA20_NRT,,
30.20377,72.87719,336.44,0.41,0.37,2026-07-09,826,N20,VIIRS,n,2.0NRT,299.82,2.28,D,VIIRS_NOAA20_NRT,,
30.20435,72.88145,335.04,0.41,0.37,2026-07-09,826,N20,VIIRS,n,2.0NRT,301.48,2.28,D,VIIRS_NOAA20_NRT,,
30.29722,72.36178,333.28,0.4,0.37,2026-07-09,826,N20,VIIRS,l,2.0NRT,303.57,1.73,D,VIIRS_NOAA20_NRT,,
30.37028,73.20268,339.15,0.42,0.38,2026-07-09,826,N20,VIIRS,n,2.0NRT,302.98,3.05,D,VIIRS_NOAA20_NRT,,
30.39268,73.08836,341.04,0.42,0.38,2026-07-09,826,N20,VIIRS,n,2.0NRT,303.13,5.02,D,VIIRS_NOAA20_NRT,,
30.43683,73.58921,335.99,0.44,0.38,2026-07-09,826,N20,VIIRS,n,2.0NRT,302.09,1.8,D,VIIRS_NOAA20_NRT,,
30.44563,71.73295,331.04,0.39,0.36,2026-07-09,826,N20,VIIRS,l,2.0NRT,301.83,1.21,D,VIIRS_NOAA20_NRT,,
30.45456,72.17101,337.59,0.4,0.37,2026-07-09,826,N20,VIIRS,n,2.0NRT,305.14,5.04,D,VIIRS_NOAA20_NRT,,
30.45515,72.17513,339.71,0.4,0.37,2026-07-09,826,N20,VIIRS,n,2.0NRT,304.31,5.04,D,VIIRS_NOAA20_NRT,,
30.49311,73.80405,350.33,0.44,0.39,2026-07-09,826,N20,VIIRS,n,2.0NRT,308.27,14.96,D,VIIRS_NOAA20_NRT,,
30.49665,73.80345,350.58,0.44,0.39,2026-07-09,826,N20,VIIRS,n,2.0NRT,304.51,14.96,D,VIIRS_NOAA20_NRT,,
30.50537,73.20311,349.01,0.42,0.38,2026-07-09,826,N20,VIIRS,n,2.0NRT,304.4,9.8,D,VIIRS_NOAA20_NRT,,
30.53444,72.31018,333.74,0.4,0.37,2026-07-09,826,N20,VIIRS,l,2.0NRT,304.02,2.12,D,VIIRS_NOAA20_NRT,,
30.53781,72.30956,347.14,0.4,0.37,2026-07-09,826,N20,VIIRS,n,2.0NRT,304.49,18.42,D,VIIRS_NOAA20_NRT,,
30.5474,73.80429,333.66,0.45,0.39,2026-07-09,826,N20,VIIRS,n,2.0NRT,303.22,2.98,D,VIIRS_NOAA20_NRT,,
30.5587,73.33878,342.98,0.43,0.38,2026-07-09,826,N20,VIIRS,n,2.0NRT,304.89,4.87,D,VIIRS_NOAA20_NRT,,
30.56292,73.86808,342.45,0.45,0.39,2026-07-09,826,N20,VIIRS,n,2.0NRT,303.94,4.3,D,VIIRS_NOAA20_NRT,,
30.56647,73.86748,351.67,0.45,0.39,2026-07-09,826,N20,VIIRS,n,2.0NRT,305.14,8.22,D,VIIRS_NOAA20_NRT,,
30.56821,73.71658,334.65,0.44,0.39,2026-07-09,826,N20,VIIRS,n,2.0NRT,303.19,3.58,D,VIIRS_NOAA20_NRT,,
30.57063,73.87154,339.02,0.45,0.39,2026-07-09,826,N20,VIIRS,n,2.0NRT,302.55,2.95,D,VIIRS_NOAA20_NRT,,
30.57703,73.58883,334.9,0.44,0.38,2026-07-09,826,N20,VIIRS,n,2.0NRT,301.18,3.14,D,VIIRS_NOAA20_NRT,,
30.57939,73.71938,337.08,0.44,0.39,2026-07-09,826,N20,VIIRS,n,2.0NRT,303.07,1.99,D,VIIRS_NOAA20_NRT,,
30.59019,72.86835,340.59,0.41,0.37,2026-07-09,826,N20,VIIRS,n,2.0NRT,303.81,4.51,D,VIIRS_NOAA20_NRT,,
30.60826,73.77575,338.0,0.44,0.39,2026-07-09,826,N20,VIIRS,n,2.0NRT,303.59,1.93,D,VIIRS_NOAA20_NRT,,
30.61392,73.59644,338.92,0.44,0.38,2026-07-09,826,N20,VIIRS,n,2.0NRT,303.24,3.52,D,VIIRS_NOAA20_NRT,,
30.61657,73.92666,332.08,0.45,0.39,2026-07-09,826,N20,VIIRS,l,2.0NRT,303.52,3.22,D,VIIRS_NOAA20_NRT,,
30.61716,73.87397,338.74,0.45,0.39,2026-07-09,826,N20,VIIRS,n,2.0NRT,303.51,3.59,D,VIIRS_NOAA20_NRT,,
30.62013,73.92607,340.11,0.45,0.39,2026-07-09,826,N20,VIIRS,n,2.0NRT,304.49,3.22,D,VIIRS_NOAA20_NRT,,
30.62519,72.76521,339.38,0.41,0.37,2026-07-09,826,N20,VIIRS,n,2.0NRT,301.87,2.88,D,VIIRS_NOAA20_NRT,,
30.63163,73.64944,339.26,0.44,0.38,2026-07-09,826,N20,VIIRS,n,2.0NRT,305.21,4.35,D,VIIRS_NOAA20_NRT,,
30.63222,73.65402,343.15,0.44,0.38,2026-07-09,826,N20,VIIRS,n,2.0NRT,303.92,7.7,D,VIIRS_NOAA20_NRT,,
30.65029,73.42986,339.64,0.43,0.38,2026-07-09,826,N20,VIIRS,n,2.0NRT,303.25,6.42,D,VIIRS_NOAA20_NRT,,
30.66765,73.92765,349.55,0.45,0.39,2026-07-09,826,N20,VIIRS,n,2.0NRT,304.9,8.68,D,VIIRS_NOAA20_NRT,,
30.66825,73.93235,331.17,0.45,0.39,2026-07-09,826,N20,VIIRS,n,2.0NRT,301.06,2.19,D,VIIRS_NOAA20_NRT,,
30.67085,74.06716,340.89,0.46,0.39,2026-07-09,826,N20,VIIRS,n,2.0NRT,303.41,2.23,D,VIIRS_NOAA20_NRT,,
30.67536,73.76632,335.23,0.45,0.39,2026-07-09,826,N20,VIIRS,n,2.0NRT,301.37,3.36,D,VIIRS_NOAA20_NRT,,
30.67806,72.76977,335.82,0.41,0.37,2026-07-09,826,N20,VIIRS,n,2.0NRT,302.95,4.44,D,VIIRS_NOAA20_NRT,,
30.73073,73.69073,339.05,0.44,0.39,2026-07-09,826,N20,VIIRS,n,2.0NRT,302.36,4.84,D,VIIRS_NOAA20_NRT,,
30.74148,73.77402,334.31,0.45,0.39,2026-07-09,826,N20,VIIRS,n,2.0NRT,301.13,4.75,D,VIIRS_NOAA20_NRT,,
30.74877,73.91611,335.23,0.45,0.39,2026-07-09,826,N20,VIIRS,n,2.0NRT,301.82,1.47,D,VIIRS_NOAA20_NRT,,
30.74934,73.892,334.18,0.45,0.39,2026-07-09,826,N20,VIIRS,n,2.0NRT,302.91,2.3,D,VIIRS_NOAA20_NRT,,
30.75653,73.94851,341.29,0.45,0.39,2026-07-09,826,N20,VIIRS,n,2.0NRT,302.52,5.58,D,VIIRS_NOAA20_NRT,,
30.76577,72.7464,347.81,0.41,0.37,2026-07-09,826,N20,VIIRS,n,2.0NRT,302.79,6.9,D,VIIRS_NOAA20_NRT,,
30.7851,73.36164,346.16,0.43,0.38,2026-07-09,826,N20,VIIRS,n,2.0NRT,306.74,16.97,D,VIIRS_NOAA20_NRT,,
30.78567,72.73839,336.76,0.41,0.37,2026-07-09,826,N20,VIIRS,n,2.0NRT,302.4,2.98,D,VIIRS_NOAA20_NRT,,
30.79467,73.96141,334.33,0.45,0.39,2026-07-09,826,N20,VIIRS,n,2.0NRT,302.46,2.37,D,VIIRS_NOAA20_NRT,,
30.8089,73.82616,331.87,0.45,0.39,2026-07-09,826,N20,VIIRS,l,2.0NRT,301.96,2.78,D,VIIRS_NOAA20_NRT,,
30.82635,73.34985,342.51,0.43,0.38,2026-07-09,826,N20,VIIRS,n,2.0NRT,305.02,8.8,D,VIIRS_NOAA20_NRT,,
30.82695,73.35434,338.35,0.43,0.38,2026-07-09,826,N20,VIIRS,n,2.0NRT,303.4,5.03,D,VIIRS_NOAA20_NRT,,
30.84344,73.39009,341.31,0.43,0.38,2026-07-09,826,N20,VIIRS,n,2.0NRT,304.69,4.95,D,VIIRS_NOAA20_NRT,,
30.8446,73.39913,339.32,0.43,0.38,2026-07-09,826,N20,VIIRS,n,2.0NRT,303.68,5.74,D,VIIRS_NOAA20_NRT,,
30.84693,73.38948,340.22,0.43,0.38,2026-07-09,826,N20,VIIRS,n,2.0NRT,304.18,4.95,D,VIIRS_NOAA20_NRT,,
30.84926,74.1198,332.35,0.46,0.39,2026-07-09,826,N20,VIIRS,n,2.0NRT,301.56,2.21,D,VIIRS_NOAA20_NRT,,
30.85345,73.06004,342.33,0.42,0.38,2026-07-09,826,N20,VIIRS,n,2.0NRT,303.12,3.77,D,VIIRS_NOAA20_NRT,,
30.92034,75.56538,332.22,0.54,0.42,2026-07-09,826,N20,VIIRS,n,2.0NRT,297.83,1.86,D,VIIRS_NOAA20_NRT,,
30.92309,72.2106,338.27,0.4,0.37,2026-07-09,826,N20,VIIRS,n,2.0NRT,304.34,4.15,D,VIIRS_NOAA20_NRT,,
30.95466,75.2646,335.62,0.52,0.42,2026-07-09,826,N20,VIIRS,n,2.0NRT,298.76,4.36,D,VIIRS_NOAA20_NRT,,
30.95551,75.26128,335.3,0.52,0.42,2026-07-09,826,N20,VIIRS,n,2.0NRT,298.87,2.4,D,VIIRS_NOAA20_NRT,,
30.98986,74.5416,331.55,0.48,0.4,2026-07-09,826,N20,VIIRS,l,2.0NRT,305.86,5.27,D,VIIRS_NOAA20_NRT,,
31.03049,73.2849,336.49,0.43,0.38,2026-07-09,826,N20,VIIRS,n,2.0NRT,304.01,3.67,D,VIIRS_NOAA20_NRT,,
31.0406,75.40263,337.04,0.53,0.42,2026-07-09,826,N20,VIIRS,n,2.0NRT,296.29,7.36,D,VIIRS_NOAA20_NRT,,
31.06116,75.44482,331.38,0.53,0.42,2026-07-09,826,N20,VIIRS,n,2.0NRT,297.62,5.37,D,VIIRS_NOAA20_NRT,,
31.06181,75.4504,332.79,0.53,0.42,2026-07-09,826,N20,VIIRS,n,2.0NRT,296.25,5.37,D,VIIRS_NOAA20_NRT,,
31.08356,75.31548,332.32,0.53,0.42,2026-07-09,826,N20,VIIRS,n,2.0NRT,298.31,4.99,D,VIIRS_NOAA20_NRT,,
31.09604,73.53516,342.1,0.44,0.38,2026-07-09,826,N20,VIIRS,n,2.0NRT,305.94,5.72,D,VIIRS_NOAA20_NRT,,
31.11551,75.28816,336.01,0.52,0.42,2026-07-09,826,N20,VIIRS,n,2.0NRT,298.72,4.11,D,VIIRS_NOAA20_NRT,,
31.13155,74.79829,330.51,0.5,0.41,2026-07-09,826,N20,VIIRS,l,2.0NRT,305.13,7.16,D,VIIRS_NOAA20_NRT,,
31.16489,75.22238,330.69,0.52,0.42,2026-07-09,826,N20,VIIRS,n,2.0NRT,300.55,2.56,D,VIIRS_NOAA20_NRT,,
31.16579,75.21909,333.32,0.52,0.42,2026-07-09,826,N20,VIIRS,n,2.0NRT,301.09,2.86,D,VIIRS_NOAA20_NRT,,
31.16845,75.27442,337.81,0.52,0.42,2026-07-09,826,N20,VIIRS,n,2.0NRT,298.22,7.44,D,VIIRS_NOAA20_NRT,,
31.16886,72.65348,340.32,0.41,0.37,2026-07-09,826,N20,VIIRS,n,2.0NRT,302.42,5.16,D,VIIRS_NOAA20_NRT,,
31.17044,75.27174,338.73,0.52,0.42,2026-07-09,826,N20,VIIRS,n,2.0NRT,298.4,7.52,D,VIIRS_NOAA20_NRT,,
31.20193,72.63995,338.19,0.41,0.37,2026-07-09,826,N20,VIIRS,n,2.0NRT,302.53,3.4,D,VIIRS_NOAA20_NRT,,
31.20868,72.6122,337.15,0.41,0.37,2026-07-09,826,N20,VIIRS,n,2.0NRT,301.74,3.58,D,VIIRS_NOAA20_NRT,,
31.2152,75.08739,336.05,0.51,0.41,2026-07-09,826,N20,VIIRS,n,2.0NRT,298.85,3.99,D,VIIRS_NOAA20_NRT,,
31.22201,72.68502,344.3,0.41,0.37,2026-07-09,826,N20,VIIRS,n,2.0NRT,303.69,10.02,D,VIIRS_NOAA20_NRT,,
31.272,75.34055,333.66,0.53,0.42,2026-07-09,826,N20,VIIRS,n,2.0NRT,297.88,2.35,D,VIIRS_NOAA20_NRT,,
31.41639,72.86266,332.71,0.42,0.38,2026-07-09,826,N20,VIIRS,n,2.0NRT,301.09,3.19,D,VIIRS_NOAA20_NRT,,
31.41722,72.86098,336.41,0.42,0.38,2026-07-09,826,N20,VIIRS,n,2.0NRT,301.06,3.64,D,VIIRS_NOAA20_NRT,,
31.6915,74.46874,332.42,0.49,0.4,2026-07-09,826,N20,VIIRS,l,2.0NRT,303.15,5.74,D,VIIRS_NOAA20_NRT,,
31.8879,73.10918,331.04,0.43,0.38,2026-07-09,826,N20,VIIRS,l,2.0NRT,304.28,4.2,D,VIIRS_NOAA20_NRT,,
31.89139,73.10856,331.65,0.43,0.38,2026-07-09,826,N20,VIIRS,l,2.0NRT,304.17,4.2,D,VIIRS_NOAA20_NRT,,
31.89546,73.1125,331.29,0.43,0.38,2026-07-09,826,N20,VIIRS,l,2.0NRT,304.11,6.13,D,VIIRS_NOAA20_NRT,,
31.89605,73.11706,330.28,0.43,0.38,2026-07-09,826,N20,VIIRS,l,2.0NRT,303.54,6.69,D,VIIRS_NOAA20_NRT,,
32.8664,71.54733,344.23,0.4,0.37,2026-07-09,826,N20,VIIRS,n,2.0NRT,310.83,9.37,D,VIIRS_NOAA20_NRT,,
32.89347,71.90102,335.49,0.41,0.37,2026-07-09,826,N20,VIIRS,n,2.0NRT,302.84,1.97,D,VIIRS_NOAA20_NRT,,
33.08902,70.24379,349.98,0.38,0.36,2026-07-09,826,N20,VIIRS,n,2.0NRT,315.6,14.02,D,VIIRS_NOAA20_NRT,,
33.29175,70.41792,340.17,0.39,0.36,2026-07-09,826,N20,VIIRS,l,2.0NRT,312.76,4.91,D,VIIRS_NOAA20_NRT,,
33.97692,71.9521,350.02,0.41,0.37,2026-07-09,826,N20,VIIRS,n,2.0NRT,316.94,11.28,D,VIIRS_NOAA20_NRT,,
33.98034,71.95147,348.54,0.41,0.37,2026-07-09,826,N20,VIIRS,n,2.0NRT,316.06,11.28,D,VIIRS_NOAA20_NRT,,
34.23067,72.70112,339.54,0.44,0.38,2026-07-09,826,N20,VIIRS,n,2.0NRT,308.59,2.4,D,VIIRS_NOAA20_NRT,,
34.29741,72.80159,333.53,0.44,0.39,2026-07-09,826,N20,VIIRS,l,2.0NRT,306.14,3.23,D,VIIRS_NOAA20_NRT,,
34.72311,72.13243,348.82,0.42,0.38,2026-07-09,828,N20,VIIRS,n,2.0NRT,307.23,6.85,D,VIIRS_NOAA20_NRT,,
34.56644,71.77602,304.45,0.49,0.4,2026-07-09,2046,N20,VIIRS,n,2.0NRT,291.5,1.86,N,VIIRS_NOAA20_NRT,,
35.96763,68.68742,311.28,0.49,0.48,2026-07-09,2046,N20,VIIRS,n,2.0NRT,296.58,2.88,N,VIIRS_NOAA20_NRT,,
26.87821,73.51626,300.8,0.39,0.36,2026-07-09,2049,N20,VIIRS,n,2.0NRT,280.26,1.0,N,VIIRS_NOAA20_NRT,,
27.66796,76.12939,310.94,0.41,0.37,2026-07-09,2049,N20,VIIRS,n,2.0NRT,291.61,1.62,N,VIIRS_NOAA20_NRT,,
28.42536,69.7013,312.8,0.52,0.42,2026-07-09,2049,N20,VIIRS,n,2.0NRT,298.31,1.65,N,VIIRS_NOAA20_NRT,,
29.87508,74.6829,307.78,0.38,0.36,2026-07-09,2049,N20,VIIRS,n,2.0NRT,292.67,1.22,N,VIIRS_NOAA20_NRT,,
32.29481,74.31499,307.19,0.39,0.36,2026-07-09,2049,N20,VIIRS,n,2.0NRT,295.14,0.71,N,VIIRS_NOAA20_NRT,,
32.72135,72.92255,307.82,0.43,0.38,2026-07-09,2049,N20,VIIRS,n,2.0NRT,295.46,2.45,N,VIIRS_NOAA20_NRT,,
33.25996,70.6909,317.01,0.53,0.42,2026-07-09,2049,N20,VIIRS,n,2.0NRT,294.45,2.55,N,VIIRS_NOAA20_NRT,,
33.26064,70.68491,316.59,0.53,0.42,2026-07-09,2049,N20,VIIRS,n,2.0NRT,294.54,2.55,N,VIIRS_NOAA20_NRT,,
33.68816,72.71372,313.03,0.44,0.38,2026-07-09,2049,N20,VIIRS,n,2.0NRT,295.44,4.47,N,VIIRS_NOAA20_NRT,,
34.2087,72.92266,305.94,0.44,0.38,2026-07-09,2049,N20,VIIRS,n,2.0NRT,291.04,1.33,N,VIIRS_NOAA20_NRT,,
34.21287,72.91829,304.85,0.44,0.38,2026-07-09,2049,N20,VIIRS,n,2.0NRT,291.7,2.46,N,VIIRS_NOAA20_NRT,,
18.69288,73.04148,305.18,0.39,0.36,2026-07-09,2051,N20,VIIRS,n,2.0NRT,288.81,1.26,N,VIIRS_NOAA20_NRT,,
19.28038,71.42612,308.64,0.39,0.36,2026-07-09,2051,N20,VIIRS,n,2.0NRT,293.93,3.27,N,VIIRS_NOAA20_NRT,,
19.36939,71.35497,314.06,0.39,0.36,2026-07-09,2051,N20,VIIRS,n,2.0NRT,293.21,0.7,N,VIIRS_NOAA20_NRT,,
19.93827,73.71146,307.52,0.4,0.37,2026-07-09,2051,N20,VIIRS,n,2.0NRT,288.95,0.58,N,VIIRS_NOAA20_NRT,,
21.1008,72.63557,311.58,0.38,0.36,2026-07-09,2051,N20,VIIRS,n,2.0NRT,287.43,5.32,N,VIIRS_NOAA20_NRT,,
21.10408,72.63616,342.57,0.38,0.36,2026-07-09,2051,N20,VIIRS,n,2.0NRT,288.62,5.32,N,VIIRS_NOAA20_NRT,,
21.10563,72.64774,310.93,0.38,0.36,2026-07-09,2051,N20,VIIRS,n,2.0NRT,284.56,1.38,N,VIIRS_NOAA20_NRT,,
22.41704,69.03732,308.02,0.49,0.4,2026-07-09,2051,N20,VIIRS,n,2.0NRT,294.1,2.38,N,VIIRS_NOAA20_NRT,,
22.92947,70.10679,314.08,0.44,0.38,2026-07-09,2051,N20,VIIRS,n,2.0NRT,291.67,3.18,N,VIIRS_NOAA20_NRT,,
22.93179,69.69718,302.38,0.46,0.39,2026-07-09,2051,N20,VIIRS,n,2.0NRT,282.46,0.97,N,VIIRS_NOAA20_NRT,,
22.93537,69.69777,306.62,0.46,0.39,2026-07-09,2051,N20,VIIRS,n,2.0NRT,283.45,0.97,N,VIIRS_NOAA20_NRT,,
22.99825,72.24194,310.73,0.39,0.36,2026-07-09,2051,N20,VIIRS,n,2.0NRT,293.24,0.84,N,VIIRS_NOAA20_NRT,,
24.68967,73.00383,303.05,0.39,0.36,2026-07-09,2051,N20,VIIRS,n,2.0NRT,284.52,0.55,N,VIIRS_NOAA20_NRT,,
26.09575,68.87697,307.58,0.54,0.42,2026-07-09,2051,N20,VIIRS,n,2.0NRT,297.51,0.44,N,VIIRS_NOAA20_NRT,,
15.06844,76.8669,303.51,0.43,0.46,2026-07-09,2053,N20,VIIRS,n,2.0NRT,290.91,1.16,N,VIIRS_NOAA20_NRT,,
15.13836,76.70809,303.88,0.42,0.45,2026-07-09,2053,N20,VIIRS,n,2.0NRT,290.92,0.56,N,VIIRS_NOAA20_NRT,,
15.1706,76.67105,303.66,0.41,0.45,2026-07-09,2053,N20,VIIRS,n,2.0NRT,290.78,0.96,N,VIIRS_NOAA20_NRT,,
15.17337,76.65591,314.55,0.41,0.45,2026-07-09,2053,N20,VIIRS,n,2.0NRT,290.23,2.46,N,VIIRS_NOAA20_NRT,,
15.17426,77.10093,302.78,0.44,0.46,2026-07-09,2053,N20,VIIRS,n,2.0NRT,289.55,1.7,N,VIIRS_NOAA20_NRT,,
15.17496,76.78681,305.63,0.42,0.45,2026-07-09,2053,N20,VIIRS,n,2.0NRT,290.9,1.17,N,VIIRS_NOAA20_NRT,,
15.1753,76.69167,306.97,0.42,0.45,2026-07-09,2053,N20,VIIRS,n,2.0NRT,290.53,0.77,N,VIIRS_NOAA20_NRT,,
15.17745,76.65674,324.11,0.41,0.45,2026-07-09,2053,N20,VIIRS,n,2.0NRT,292.15,2.46,N,VIIRS_NOAA20_NRT,,
15.17806,76.67653,309.42,0.41,0.45,2026-07-09,2053,N20,VIIRS,n,2.0NRT,291.59,2.02,N,VIIRS_NOAA20_NRT,,
15.17814,76.65295,303.19,0.41,0.45,2026-07-09,2053,N20,VIIRS,n,2.0NRT,290.5,0.93,N,VIIRS_NOAA20_NRT,,
15.18014,76.66515,306.62,0.41,0.45,2026-07-09,2053,N20,VIIRS,n,2.0NRT,291.22,2.02,N,VIIRS_NOAA20_NRT,,
15.1836,76.64621,307.74,0.41,0.45,2026-07-09,2053,N20,VIIRS,n,2.0NRT,290.21,1.72,N,VIIRS_NOAA20_NRT,,
15.18422,76.66597,320.28,0.41,0.45,2026-07-09,2053,N20,VIIRS,n,2.0NRT,290.33,2.02,N,VIIRS_NOAA20_NRT,,
15.33314,76.28649,312.31,0.39,0.44,2026-07-09,2053,N20,VIIRS,n,2.0NRT,289.45,1.43,N,VIIRS_NOAA20_NRT,,
15.3557,75.69141,310.82,0.54,0.42,2026-07-09,2053,N20,VIIRS,n,2.0NRT,288.59,1.69,N,VIIRS_NOAA20_NRT,,
15.65962,73.98908,302.77,0.44,0.38,2026-07-09,2053,N20,VIIRS,n,2.0NRT,279.99,0.71,N,VIIRS_NOAA20_NRT,,
17.14015,77.18326,300.52,0.41,0.45,2026-07-09,2053,N20,VIIRS,n,2.0NRT,280.19,0.75,N,VIIRS_NOAA20_NRT,,
8.92005,78.17075,334.08,0.43,0.38,2026-07-10,803,N20,VIIRS,n,2.0NRT,300.7,3.59,D,VIIRS_NOAA20_NRT,,
9.3226,79.31933,331.37,0.4,0.37,2026-07-10,803,N20,VIIRS,n,2.0NRT,297.76,0.68,D,VIIRS_NOAA20_NRT,,
9.38072,78.66448,341.06,0.41,0.37,2026-07-10,803,N20,VIIRS,n,2.0NRT,301.43,3.35,D,VIIRS_NOAA20_NRT,,
9.38414,78.66394,338.35,0.41,0.37,2026-07-10,803,N20,VIIRS,n,2.0NRT,301.4,3.96,D,VIIRS_NOAA20_NRT,,
9.4552,78.69099,336.9,0.41,0.37,2026-07-10,803,N20,VIIRS,n,2.0NRT,301.82,3.31,D,VIIRS_NOAA20_NRT,,
9.45578,78.69471,340.31,0.41,0.37,2026-07-10,803,N20,VIIRS,n,2.0NRT,301.76,4.5,D,VIIRS_NOAA20_NRT,,
9.4586,78.69044,345.21,0.41,0.37,2026-07-10,803,N20,VIIRS,n,2.0NRT,303.86,3.31,D,VIIRS_NOAA20_NRT,,
9.45919,78.69416,335.5,0.41,0.37,2026-07-10,803,N20,VIIRS,n,2.0NRT,303.73,4.5,D,VIIRS_NOAA20_NRT,,
9.46201,78.6899,333.0,0.41,0.37,2026-07-10,803,N20,VIIRS,n,2.0NRT,301.7,3.27,D,VIIRS_NOAA20_NRT,,
9.4626,78.69361,341.75,0.41,0.37,2026-07-10,803,N20,VIIRS,n,2.0NRT,302.8,3.18,D,VIIRS_NOAA20_NRT,,
9.71244,78.94431,350.44,0.4,0.37,2026-07-10,803,N20,VIIRS,n,2.0NRT,301.6,9.63,D,VIIRS_NOAA20_NRT,,
9.71301,78.94797,343.3,0.4,0.37,2026-07-10,803,N20,VIIRS,n,2.0NRT,301.18,9.97,D,VIIRS_NOAA20_NRT,,
9.76567,78.28528,338.42,0.42,0.38,2026-07-10,803,N20,VIIRS,n,2.0NRT,299.82,5.07,D,VIIRS_NOAA20_NRT,,
10.56008,79.69894,335.04,0.39,0.36,2026-07-10,803,N20,VIIRS,n,2.0NRT,296.12,2.88,D,VIIRS_NOAA20_NRT,,
15.85861,80.48965,336.86,0.4,0.37,2026-07-10,803,N20,VIIRS,n,2.0NRT,293.84,3.92,D,VIIRS_NOAA20_NRT,,
15.85916,80.49335,347.86,0.4,0.37,2026-07-10,803,N20,VIIRS,n,2.0NRT,296.38,7.62,D,VIIRS_NOAA20_NRT,,
16.03613,79.95078,336.51,0.39,0.36,2026-07-10,803,N20,VIIRS,n,2.0NRT,282.47,2.29,D,VIIRS_NOAA20_NRT,,
17.31379,80.82489,346.63,0.42,0.37,2026-07-10,805,N20,VIIRS,n,2.0NRT,294.24,8.08,D,VIIRS_NOAA20_NRT,,
17.38337,81.19897,331.32,0.43,0.38,2026-07-10,805,N20,VIIRS,n,2.0NRT,293.76,3.18,D,VIIRS_NOAA20_NRT,,
17.95254,79.56074,331.09,0.39,0.36,2026-07-10,805,N20,VIIRS,n,2.0NRT,298.99,4.23,D,VIIRS_NOAA20_NRT,,
17.95587,79.5602,330.48,0.39,0.36,2026-07-10,805,N20,VIIRS,n,2.0NRT,300.04,2.9,D,VIIRS_NOAA20_NRT,,
17.99904,79.46259,341.64,0.39,0.36,2026-07-10,805,N20,VIIRS,n,2.0NRT,298.42,4.52,D,VIIRS_NOAA20_NRT,,
19.56902,71.35448,346.24,0.49,0.48,2026-07-10,805,N20,VIIRS,n,2.0NRT,293.07,24.13,D,VIIRS_NOAA20_NRT,,
20.95119,78.96348,333.45,0.39,0.36,2026-07-10,805,N20,VIIRS,n,2.0NRT,300.67,3.66,D,VIIRS_NOAA20_NRT,,
21.10154,72.63694,339.57,0.57,0.43,2026-07-10,805,N20,VIIRS,n,2.0NRT,293.19,11.38,D,VIIRS_NOAA20_NRT,,
21.10283,72.63608,348.22,0.38,0.43,2026-07-10,805,N20,VIIRS,n,2.0NRT,294.41,15.91,D,VIIRS_NOAA20_NRT,,
21.10359,72.6478,337.12,0.57,0.43,2026-07-10,805,N20,VIIRS,n,2.0NRT,293.1,7.98,D,VIIRS_NOAA20_NRT,,
21.10431,72.64424,335.08,0.57,0.43,2026-07-10,805,N20,VIIRS,n,2.0NRT,294.86,7.35,D,VIIRS_NOAA20_NRT,,
21.1053,72.64967,336.23,0.57,0.43,2026-07-10,805,N20,VIIRS,n,2.0NRT,293.24,7.35,D,VIIRS_NOAA20_NRT,,
21.10753,72.64698,341.91,0.57,0.43,2026-07-10,805,N20,VIIRS,n,2.0NRT,293.69,9.03,D,VIIRS_NOAA20_NRT,,
22.3562,82.30133,334.48,0.54,0.42,2026-07-10,805,N20,VIIRS,n,2.0NRT,292.41,6.0,D,VIIRS_NOAA20_NRT,,
22.3601,82.30076,330.08,0.54,0.42,2026-07-10,805,N20,VIIRS,n,2.0NRT,293.09,6.0,D,VIIRS_NOAA20_NRT,,
27.87546,68.56817,333.53,0.5,0.49,2026-07-10,805,N20,VIIRS,l,2.0NRT,305.14,3.81,D,VIIRS_NOAA20_NRT,,
27.92383,68.7306,345.01,0.49,0.48,2026-07-10,805,N20,VIIRS,n,2.0NRT,304.01,5.44,D,VIIRS_NOAA20_NRT,,
25.75208,74.75655,339.56,0.41,0.37,2026-07-10,807,N20,VIIRS,l,2.0NRT,308.52,30.34,D,VIIRS_NOAA20_NRT,,
30.67245,73.46238,341.41,0.4,0.37,2026-07-10,807,N20,VIIRS,n,2.0NRT,299.19,5.07,D,VIIRS_NOAA20_NRT,,
30.67581,73.46163,335.96,0.4,0.37,2026-07-10,807,N20,VIIRS,n,2.0NRT,298.63,5.07,D,VIIRS_NOAA20_NRT,,
30.68641,75.71434,345.98,0.38,0.36,2026-07-10,807,N20,VIIRS,n,2.0NRT,299.99,6.06,D,VIIRS_NOAA20_NRT,,
30.75862,72.79226,367.0,0.42,0.38,2026-07-10,807,N20,VIIRS,h,2.0NRT,303.56,12.45,D,VIIRS_NOAA20_NRT,,
30.90104,75.42482,334.52,0.38,0.36,2026-07-10,807,N20,VIIRS,n,2.0NRT,299.92,1.87,D,VIIRS_NOAA20_NRT,,
30.91224,75.56654,343.92,0.38,0.36,2026-07-10,807,N20,VIIRS,n,2.0NRT,301.85,4.15,D,VIIRS_NOAA20_NRT,,
30.91553,75.65636,345.26,0.39,0.36,2026-07-10,807,N20,VIIRS,n,2.0NRT,303.26,4.26,D,VIIRS_NOAA20_NRT,,
30.9168,75.37228,336.52,0.38,0.36,2026-07-10,807,N20,VIIRS,n,2.0NRT,298.78,2.79,D,VIIRS_NOAA20_NRT,,
30.92095,75.35497,344.13,0.38,0.36,2026-07-10,807,N20,VIIRS,n,2.0NRT,302.24,9.68,D,VIIRS_NOAA20_NRT,,
31.01557,75.46362,335.78,0.38,0.36,2026-07-10,807,N20,VIIRS,n,2.0NRT,299.95,1.88,D,VIIRS_NOAA20_NRT,,
31.04544,75.28044,332.58,0.38,0.36,2026-07-10,807,N20,VIIRS,n,2.0NRT,298.83,1.92,D,VIIRS_NOAA20_NRT,,
31.13713,75.43546,335.39,0.38,0.36,2026-07-10,807,N20,VIIRS,n,2.0NRT,299.33,2.69,D,VIIRS_NOAA20_NRT,,
31.13899,75.49283,342.72,0.38,0.36,2026-07-10,807,N20,VIIRS,n,2.0NRT,300.06,4.03,D,VIIRS_NOAA20_NRT,,
31.15095,75.48215,334.51,0.38,0.36,2026-07-10,807,N20,VIIRS,n,2.0NRT,299.61,1.85,D,VIIRS_NOAA20_NRT,,
31.15512,75.46479,332.62,0.38,0.36,2026-07-10,807,N20,VIIRS,n,2.0NRT,298.66,1.87,D,VIIRS_NOAA20_NRT,,
31.20767,75.47513,336.76,0.38,0.36,2026-07-10,807,N20,VIIRS,n,2.0NRT,300.61,2.54,D,VIIRS_NOAA20_NRT,,
31.23475,75.36227,338.39,0.38,0.36,2026-07-10,807,N20,VIIRS,n,2.0NRT,298.9,2.55,D,VIIRS_NOAA20_NRT,,
31.53144,75.59608,331.99,0.39,0.36,2026-07-10,807,N20,VIIRS,n,2.0NRT,301.0,3.49,D,VIIRS_NOAA20_NRT,,
33.2585,70.6953,338.83,0.47,0.4,2026-07-10,807,N20,VIIRS,n,2.0NRT,303.39,4.02,D,VIIRS_NOAA20_NRT,,
33.72402,71.98043,338.38,0.42,0.37,2026-07-10,807,N20,VIIRS,l,2.0NRT,304.08,6.06,D,VIIRS_NOAA20_NRT,,
34.117,72.88591,330.79,0.4,0.37,2026-07-10,807,N20,VIIRS,l,2.0NRT,303.37,2.9,D,VIIRS_NOAA20_NRT,,
35.12973,70.8001,338.04,0.44,0.38,2026-07-10,807,N20,VIIRS,n,2.0NRT,299.39,4.26,D,VIIRS_NOAA20_NRT,,
33.25791,70.70007,319.43,0.33,0.55,2026-07-10,2029,N20,VIIRS,n,2.0NRT,293.35,1.95,N,VIIRS_NOAA20_NRT,,
35.96768,68.68536,305.96,0.45,0.63,2026-07-10,2029,N20,VIIRS,n,2.0NRT,294.42,1.24,N,VIIRS_NOAA20_NRT,,
35.96804,68.68543,308.34,0.45,0.63,2026-07-10,2029,N20,VIIRS,n,2.0NRT,294.98,1.13,N,VIIRS_NOAA20_NRT,,
22.35732,82.30294,295.09,0.54,0.42,2026-07-10,2032,N20,VIIRS,n,2.0NRT,264.48,0.67,N,VIIRS_NOAA20_NRT,,
22.36113,82.30374,299.08,0.54,0.42,2026-07-10,2032,N20,VIIRS,n,2.0NRT,266.39,0.67,N,VIIRS_NOAA20_NRT,,
23.99065,79.39346,304.36,0.4,0.37,2026-07-10,2032,N20,VIIRS,n,2.0NRT,285.28,0.96,N,VIIRS_NOAA20_NRT,,
24.76508,74.60714,311.16,0.47,0.4,2026-07-10,2032,N20,VIIRS,n,2.0NRT,290.82,0.99,N,VIIRS_NOAA20_NRT,,
25.38835,68.58084,313.5,0.36,0.57,2026-07-10,2032,N20,VIIRS,n,2.0NRT,295.1,1.42,N,VIIRS_NOAA20_NRT,,
28.42533,69.70036,309.1,0.33,0.55,2026-07-10,2032,N20,VIIRS,n,2.0NRT,295.28,1.01,N,VIIRS_NOAA20_NRT,,
29.74299,71.92566,312.28,0.5,0.49,2026-07-10,2032,N20,VIIRS,n,2.0NRT,294.81,1.45,N,VIIRS_NOAA20_NRT,,
14.70282,79.52593,305.6,0.49,0.4,2026-07-10,2034,N20,VIIRS,n,2.0NRT,278.1,0.87,N,VIIRS_NOAA20_NRT,,
15.05471,78.2,313.27,0.43,0.38,2026-07-10,2034,N20,VIIRS,n,2.0NRT,285.3,1.76,N,VIIRS_NOAA20_NRT,,
15.05732,78.19997,318.27,0.43,0.38,2026-07-10,2034,N20,VIIRS,n,2.0NRT,284.0,1.6,N,VIIRS_NOAA20_NRT,,
15.16854,76.67416,311.56,0.39,0.36,2026-07-10,2034,N20,VIIRS,n,2.0NRT,290.85,1.04,N,VIIRS_NOAA20_NRT,,
15.16912,76.67059,305.88,0.39,0.36,2026-07-10,2034,N20,VIIRS,n,2.0NRT,290.99,1.67,N,VIIRS_NOAA20_NRT,,
15.17027,76.66343,328.69,0.39,0.36,2026-07-10,2034,N20,VIIRS,n,2.0NRT,290.38,2.77,N,VIIRS_NOAA20_NRT,,
15.17227,76.69321,307.57,0.39,0.36,2026-07-10,2034,N20,VIIRS,n,2.0NRT,290.45,1.35,N,VIIRS_NOAA20_NRT,,
15.17358,76.66399,320.15,0.39,0.36,2026-07-10,2034,N20,VIIRS,n,2.0NRT,292.01,2.77,N,VIIRS_NOAA20_NRT,,
15.17432,76.78582,302.63,0.39,0.36,2026-07-10,2034,N20,VIIRS,n,2.0NRT,285.55,0.58,N,VIIRS_NOAA20_NRT,,
15.17474,76.65684,310.29,0.39,0.36,2026-07-10,2034,N20,VIIRS,n,2.0NRT,291.77,0.95,N,VIIRS_NOAA20_NRT,,
15.17531,76.65325,308.57,0.39,0.36,2026-07-10,2034,N20,VIIRS,n,2.0NRT,290.61,0.95,N,VIIRS_NOAA20_NRT,,
15.17804,76.6574,338.12,0.39,0.36,2026-07-10,2034,N20,VIIRS,n,2.0NRT,292.96,2.23,N,VIIRS_NOAA20_NRT,,
15.17846,76.67589,328.11,0.39,0.36,2026-07-10,2034,N20,VIIRS,n,2.0NRT,292.76,3.52,N,VIIRS_NOAA20_NRT,,
15.17862,76.65382,307.16,0.39,0.36,2026-07-10,2034,N20,VIIRS,n,2.0NRT,291.11,2.23,N,VIIRS_NOAA20_NRT,,
15.18019,76.66514,307.14,0.39,0.36,2026-07-10,2034,N20,VIIRS,n,2.0NRT,291.41,2.19,N,VIIRS_NOAA20_NRT,,
15.18041,77.10278,302.0,0.4,0.37,2026-07-10,2034,N20,VIIRS,n,2.0NRT,285.72,0.25,N,VIIRS_NOAA20_NRT,,
15.18292,76.6693,316.85,0.39,0.36,2026-07-10,2034,N20,VIIRS,n,2.0NRT,291.37,1.58,N,VIIRS_NOAA20_NRT,,
15.1835,76.66571,324.9,0.39,0.36,2026-07-10,2034,N20,VIIRS,n,2.0NRT,290.5,2.48,N,VIIRS_NOAA20_NRT,,
15.18565,76.67345,307.56,0.39,0.36,2026-07-10,2034,N20,VIIRS,n,2.0NRT,290.48,1.58,N,VIIRS_NOAA20_NRT,,
15.33313,76.28447,303.64,0.39,0.36,2026-07-10,2034,N20,VIIRS,n,2.0NRT,285.29,0.79,N,VIIRS_NOAA20_NRT,,
15.35549,75.69152,305.17,0.38,0.36,2026-07-10,2034,N20,VIIRS,n,2.0NRT,282.76,0.78,N,VIIRS_NOAA20_NRT,,
16.6478,74.31374,303.33,0.41,0.37,2026-07-10,2034,N20,VIIRS,n,2.0NRT,287.47,0.6,N,VIIRS_NOAA20_NRT,,
17.14146,77.18581,311.05,0.39,0.36,2026-07-10,2034,N20,VIIRS,n,2.0NRT,293.76,2.12,N,VIIRS_NOAA20_NRT,,
17.37133,77.4466,305.98,0.39,0.36,2026-07-10,2034,N20,VIIRS,n,2.0NRT,289.89,0.54,N,VIIRS_NOAA20_NRT,,
17.60847,83.20218,300.41,0.49,0.48,2026-07-10,2034,N20,VIIRS,n,2.0NRT,269.37,1.48,N,VIIRS_NOAA20_NRT,,
18.79699,74.24223,304.98,0.43,0.38,2026-07-10,2034,N20,VIIRS,n,2.0NRT,274.55,0.84,N,VIIRS_NOAA20_NRT,,
21.1016,72.63758,333.83,0.54,0.42,2026-07-10,2034,N20,VIIRS,n,2.0NRT,291.01,19.68,N,VIIRS_NOAA20_NRT,,
21.10219,72.64507,304.82,0.54,0.42,2026-07-10,2034,N20,VIIRS,n,2.0NRT,288.62,7.77,N,VIIRS_NOAA20_NRT,,
21.10229,72.63241,311.76,0.54,0.42,2026-07-10,2034,N20,VIIRS,n,2.0NRT,288.91,8.74,N,VIIRS_NOAA20_NRT,,
21.10284,72.6399,312.06,0.54,0.42,2026-07-10,2034,N20,VIIRS,n,2.0NRT,288.78,7.1,N,VIIRS_NOAA20_NRT,,
21.10349,72.63473,338.9,0.54,0.42,2026-07-10,2034,N20,VIIRS,n,2.0NRT,291.51,7.1,N,VIIRS_NOAA20_NRT,,
21.1041,72.64848,323.77,0.54,0.42,2026-07-10,2034,N20,VIIRS,n,2.0NRT,289.51,4.62,N,VIIRS_NOAA20_NRT,,
21.10479,72.64332,334.11,0.54,0.42,2026-07-10,2034,N20,VIIRS,n,2.0NRT,288.69,3.02,N,VIIRS_NOAA20_NRT,,
21.10547,72.63816,313.83,0.54,0.42,2026-07-10,2034,N20,VIIRS,n,2.0NRT,288.91,3.02,N,VIIRS_NOAA20_NRT,,
21.10605,72.64565,336.72,0.54,0.42,2026-07-10,2034,N20,VIIRS,n,2.0NRT,291.52,7.77,N,VIIRS_NOAA20_NRT,,
21.10616,72.63298,305.36,0.54,0.42,2026-07-10,2034,N20,VIIRS,n,2.0NRT,289.09,2.45,N,VIIRS_NOAA20_NRT,,
21.10671,72.64048,311.3,0.54,0.42,2026-07-10,2034,N20,VIIRS,n,2.0NRT,289.55,7.1,N,VIIRS_NOAA20_NRT,,
21.10736,72.6353,306.55,0.54,0.42,2026-07-10,2034,N20,VIIRS,n,2.0NRT,289.62,7.1,N,VIIRS_NOAA20_NRT,,
21.10796,72.64905,314.87,0.54,0.42,2026-07-10,2034,N20,VIIRS,n,2.0NRT,290.92,4.62,N,VIIRS_NOAA20_NRT,,
21.10865,72.64389,312.8,0.54,0.42,2026-07-10,2034,N20,VIIRS,n,2.0NRT,289.53,3.02,N,VIIRS_NOAA20_NRT,,
21.10934,72.63873,306.68,0.54,0.42,2026-07-10,2034,N20,VIIRS,n,2.0NRT,290.35,3.02,N,VIIRS_NOAA20_NRT,,
21.11123,72.63589,308.2,0.54,0.42,2026-07-10,2034,N20,VIIRS,n,2.0NRT,290.39,3.29,N,VIIRS_NOAA20_NRT,,
21.33795,78.96796,303.45,0.4,0.37,2026-07-10,2034,N20,VIIRS,n,2.0NRT,285.64,0.54,N,VIIRS_NOAA20_NRT,,
21.79304,80.01843,304.99,0.43,0.38,2026-07-10,2034,N20,VIIRS,n,2.0NRT,290.41,1.81,N,VIIRS_NOAA20_NRT,,
22.92971,70.10858,309.31,0.54,0.51,2026-07-10,2034,N20,VIIRS,n,2.0NRT,293.17,3.46,N,VIIRS_NOAA20_NRT,,
22.93389,69.69581,307.39,0.57,0.52,2026-07-10,2034,N20,VIIRS,n,2.0NRT,293.29,3.91,N,VIIRS_NOAA20_NRT,,
8.06351,81.32999,305.56,0.54,0.51,2026-07-10,2036,N20,VIIRS,n,2.0NRT,289.37,0.92,N,VIIRS_NOAA20_NRT,,
11.27078,80.00454,315.16,0.39,0.44,2026-07-10,2036,N20,VIIRS,n,2.0NRT,291.76,3.31,N,VIIRS_NOAA20_NRT,,
12.73663,80.20761,305.1,0.57,0.43,2026-07-10,2036,N20,VIIRS,n,2.0NRT,280.21,0.69,N,VIIRS_NOAA20_NRT,,
12.74039,80.20439,299.45,0.57,0.43,2026-07-10,2036,N20,VIIRS,n,2.0NRT,279.09,0.35,N,VIIRS_NOAA20_NRT,,
13.39232,80.10197,305.95,0.55,0.43,2026-07-10,2036,N20,VIIRS,n,2.0NRT,289.21,1.31,N,VIIRS_NOAA20_NRT,,
13.70976,79.61957,304.54,0.51,0.41,2026-07-10,2036,N20,VIIRS,n,2.0NRT,289.21,1.38,N,VIIRS_NOAA20_NRT,,
13.89956,76.5669,302.18,0.39,0.36,2026-07-10,2036,N20,VIIRS,n,2.0NRT,279.49,0.6,N,VIIRS_NOAA20_NRT,,
14.1132,79.08627,308.41,0.48,0.4,2026-07-10,2036,N20,VIIRS,n,2.0NRT,289.59,2.06,N,VIIRS_NOAA20_NRT,,
15.17161,76.38133,302.72,0.39,0.36,2026-07-10,2036,N20,VIIRS,n,2.0NRT,287.69,0.98,N,VIIRS_NOAA20_NRT,,
33.25774,70.69779,300.2,0.66,0.73,2026-07-10,2210,N20,VIIRS,n,2.0NRT,287.93,2.82,N,VIIRS_NOAA20_NRT,,
25.78108,93.40491,330.67,0.58,0.7,2026-07-11,605,N20,VIIRS,n,2.0NRT,284.06,6.4,D,VIIRS_NOAA20_NRT,,
25.78445,93.40469,328.94,0.58,0.7,2026-07-11,605,N20,VIIRS,n,2.0NRT,284.37,4.16,D,VIIRS_NOAA20_NRT,,
8.18316,81.32679,336.68,0.53,0.42,2026-07-11,741,N20,VIIRS,n,2.0NRT,300.73,9.82,D,VIIRS_NOAA20_NRT,,
8.55384,80.74805,336.87,0.57,0.43,2026-07-11,741,N20,VIIRS,n,2.0NRT,295.95,4.97,D,VIIRS_NOAA20_NRT,,
8.59962,80.85457,342.31,0.56,0.43,2026-07-11,741,N20,VIIRS,n,2.0NRT,297.41,10.27,D,VIIRS_NOAA20_NRT,,
8.69392,78.05166,336.48,0.56,0.52,2026-07-11,741,N20,VIIRS,n,2.0NRT,283.52,3.97,D,VIIRS_NOAA20_NRT,,
8.76424,80.55906,331.71,0.39,0.44,2026-07-11,741,N20,VIIRS,n,2.0NRT,296.38,2.39,D,VIIRS_NOAA20_NRT,,
8.80692,80.41052,337.45,0.39,0.44,2026-07-11,741,N20,VIIRS,n,2.0NRT,295.45,2.06,D,VIIRS_NOAA20_NRT,,
8.9547,80.69213,337.41,0.56,0.43,2026-07-11,741,N20,VIIRS,n,2.0NRT,295.03,3.9,D,VIIRS_NOAA20_NRT,,
9.07773,80.53544,342.43,0.38,0.43,2026-07-11,741,N20,VIIRS,n,2.0NRT,297.88,11.68,D,VIIRS_NOAA20_NRT,,
9.46393,78.72403,340.83,0.49,0.49,2026-07-11,741,N20,VIIRS,n,2.0NRT,278.0,7.1,D,VIIRS_NOAA20_NRT,,
9.53227,80.41953,333.36,0.38,0.43,2026-07-11,741,N20,VIIRS,n,2.0NRT,299.3,2.43,D,VIIRS_NOAA20_NRT,,
9.53286,80.42298,341.43,0.38,0.43,2026-07-11,741,N20,VIIRS,n,2.0NRT,298.01,6.65,D,VIIRS_NOAA20_NRT,,
9.53507,80.43589,331.34,0.57,0.43,2026-07-11,741,N20,VIIRS,n,2.0NRT,298.86,4.59,D,VIIRS_NOAA20_NRT,,
9.59401,80.39838,330.97,0.38,0.43,2026-07-11,741,N20,VIIRS,n,2.0NRT,296.11,2.15,D,VIIRS_NOAA20_NRT,,
9.96009,78.2507,333.91,0.52,0.5,2026-07-11,741,N20,VIIRS,n,2.0NRT,295.94,5.58,D,VIIRS_NOAA20_NRT,,
11.17843,79.4128,331.37,0.42,0.45,2026-07-11,741,N20,VIIRS,n,2.0NRT,297.41,2.74,D,VIIRS_NOAA20_NRT,,
11.57639,78.7225,334.03,0.46,0.47,2026-07-11,741,N20,VIIRS,n,2.0NRT,300.81,2.27,D,VIIRS_NOAA20_NRT,,
11.74334,79.75928,336.66,0.39,0.44,2026-07-11,741,N20,VIIRS,n,2.0NRT,298.66,2.77,D,VIIRS_NOAA20_NRT,,
11.71896,78.73984,341.58,0.45,0.47,2026-07-11,744,N20,VIIRS,n,2.0NRT,293.74,3.4,D,VIIRS_NOAA20_NRT,,
11.72251,78.73492,330.3,0.45,0.47,2026-07-11,744,N20,VIIRS,n,2.0NRT,298.37,15.81,D,VIIRS_NOAA20_NRT,,
11.72321,78.73897,345.89,0.45,0.47,2026-07-11,744,N20,VIIRS,n,2.0NRT,300.76,27.74,D,VIIRS_NOAA20_NRT,,
11.79091,79.71439,333.31,0.39,0.44,2026-07-11,744,N20,VIIRS,n,2.0NRT,298.38,1.21,D,VIIRS_NOAA20_NRT,,
11.79325,79.71397,331.51,0.39,0.44,2026-07-11,744,N20,VIIRS,n,2.0NRT,296.1,1.84,D,VIIRS_NOAA20_NRT,,
11.86832,79.73352,330.0,0.39,0.44,2026-07-11,744,N20,VIIRS,n,2.0NRT,296.74,1.97,D,VIIRS_NOAA20_NRT,,
11.87231,79.73281,332.51,0.39,0.44,2026-07-11,744,N20,VIIRS,n,2.0NRT,298.48,1.97,D,VIIRS_NOAA20_NRT,,
12.29055,79.10284,340.16,0.42,0.45,2026-07-11,744,N20,VIIRS,n,2.0NRT,302.23,8.98,D,VIIRS_NOAA20_NRT,,
12.29122,79.10666,343.57,0.42,0.45,2026-07-11,744,N20,VIIRS,n,2.0NRT,300.64,11.47,D,VIIRS_NOAA20_NRT,,
12.31659,79.46832,331.66,0.4,0.44,2026-07-11,744,N20,VIIRS,n,2.0NRT,299.83,1.82,D,VIIRS_NOAA20_NRT,,
12.36428,78.99956,331.63,0.42,0.46,2026-07-11,744,N20,VIIRS,n,2.0NRT,299.14,1.76,D,VIIRS_NOAA20_NRT,,
12.4314,80.05956,332.11,0.55,0.42,2026-07-11,744,N20,VIIRS,n,2.0NRT,300.69,4.25,D,VIIRS_NOAA20_NRT,,
12.43209,78.54462,341.92,0.45,0.47,2026-07-11,744,N20,VIIRS,n,2.0NRT,297.17,3.22,D,VIIRS_NOAA20_NRT,,
12.43636,78.54385,342.01,0.45,0.47,2026-07-11,744,N20,VIIRS,n,2.0NRT,297.61,3.22,D,VIIRS_NOAA20_NRT,,
12.48351,79.94187,336.45,0.56,0.43,2026-07-11,744,N20,VIIRS,n,2.0NRT,295.21,5.77,D,VIIRS_NOAA20_NRT,,
12.52015,79.5864,337.53,0.39,0.44,2026-07-11,744,N20,VIIRS,n,2.0NRT,300.32,3.14,D,VIIRS_NOAA20_NRT,,
12.83618,79.95189,330.61,0.55,0.43,2026-07-11,744,N20,VIIRS,l,2.0NRT,301.05,5.94,D,VIIRS_NOAA20_NRT,,
12.89473,79.47385,343.11,0.39,0.44,2026-07-11,744,N20,VIIRS,n,2.0NRT,303.5,6.57,D,VIIRS_NOAA20_NRT,,
12.92722,79.01223,331.5,0.41,0.45,2026-07-11,744,N20,VIIRS,n,2.0NRT,299.68,3.09,D,VIIRS_NOAA20_NRT,,
12.95612,79.73579,336.81,0.56,0.43,2026-07-11,744,N20,VIIRS,n,2.0NRT,302.57,7.04,D,VIIRS_NOAA20_NRT,,
13.1934,78.69373,332.73,0.43,0.46,2026-07-11,744,N20,VIIRS,n,2.0NRT,297.36,3.6,D,VIIRS_NOAA20_NRT,,
13.20097,77.77564,330.12,0.49,0.49,2026-07-11,744,N20,VIIRS,n,2.0NRT,297.3,4.28,D,VIIRS_NOAA20_NRT,,
14.21319,79.18053,332.06,0.39,0.44,2026-07-11,744,N20,VIIRS,n,2.0NRT,301.9,2.9,D,VIIRS_NOAA20_NRT,,
15.10302,78.60454,348.78,0.41,0.45,2026-07-11,744,N20,VIIRS,n,2.0NRT,290.11,7.5,D,VIIRS_NOAA20_NRT,,
15.10905,78.01537,332.01,0.44,0.46,2026-07-11,744,N20,VIIRS,n,2.0NRT,284.75,3.14,D,VIIRS_NOAA20_NRT,,
15.11696,76.05678,345.16,0.59,0.53,2026-07-11,744,N20,VIIRS,n,2.0NRT,295.53,6.85,D,VIIRS_NOAA20_NRT,,
15.41595,80.02957,340.38,0.5,0.41,2026-07-11,744,N20,VIIRS,n,2.0NRT,305.02,1.75,D,VIIRS_NOAA20_NRT,,
16.42053,81.49332,341.13,0.42,0.38,2026-07-11,744,N20,VIIRS,n,2.0NRT,298.96,8.22,D,VIIRS_NOAA20_NRT,,
17.60883,83.20398,335.58,0.38,0.36,2026-07-11,744,N20,VIIRS,n,2.0NRT,300.72,3.96,D,VIIRS_NOAA20_NRT,,
23.64562,69.81094,330.14,0.5,0.66,2026-07-11,746,N20,VIIRS,n,2.0NRT,295.93,2.16,D,VIIRS_NOAA20_NRT,,
25.21572,72.78812,330.5,0.61,0.53,2026-07-11,746,N20,VIIRS,n,2.0NRT,297.54,3.07,D,VIIRS_NOAA20_NRT,,
25.56656,75.42664,335.58,0.42,0.45,2026-07-11,746,N20,VIIRS,n,2.0NRT,298.62,2.99,D,VIIRS_NOAA20_NRT,,
27.68671,68.03593,337.64,0.52,0.67,2026-07-11,748,N20,VIIRS,l,2.0NRT,307.7,3.97,D,VIIRS_NOAA20_NRT,,
27.68757,68.03429,335.14,0.52,0.67,2026-07-11,748,N20,VIIRS,l,2.0NRT,307.25,4.28,D,VIIRS_NOAA20_NRT,,
29.45822,71.46646,336.92,0.59,0.53,2026-07-11,748,N20,VIIRS,n,2.0NRT,300.43,4.76,D,VIIRS_NOAA20_NRT,,
29.45956,71.47243,330.55,0.59,0.53,2026-07-11,748,N20,VIIRS,n,2.0NRT,300.22,4.76,D,VIIRS_NOAA20_NRT,,
29.50361,71.75755,333.37,0.57,0.52,2026-07-11,748,N20,VIIRS,n,2.0NRT,301.13,4.46,D,VIIRS_NOAA20_NRT,,
29.51471,72.01846,341.87,0.55,0.51,2026-07-11,748,N20,VIIRS,n,2.0NRT,300.94,4.26,D,VIIRS_NOAA20_NRT,,
29.65141,72.36086,342.67,0.52,0.5,2026-07-11,748,N20,VIIRS,n,2.0NRT,300.42,3.77,D,VIIRS_NOAA20_NRT,,
29.69697,72.28394,331.47,0.52,0.5,2026-07-11,748,N20,VIIRS,n,2.0NRT,300.12,2.46,D,VIIRS_NOAA20_NRT,,
29.69719,72.28625,333.53,0.53,0.5,2026-07-11,748,N20,VIIRS,n,2.0NRT,300.7,2.2,D,VIIRS_NOAA20_NRT,,
29.71184,72.33246,333.04,0.52,0.5,2026-07-11,748,N20,VIIRS,n,2.0NRT,300.92,2.3,D,VIIRS_NOAA20_NRT,,
29.71193,72.33004,331.61,0.52,0.5,2026-07-11,748,N20,VIIRS,n,2.0NRT,300.21,3.76,D,VIIRS_NOAA20_NRT,,
29.71983,70.83808,338.11,0.32,0.54,2026-07-11,748,N20,VIIRS,n,2.0NRT,298.96,2.96,D,VIIRS_NOAA20_NRT,,
29.72988,71.18311,339.8,0.61,0.53,2026-07-11,748,N20,VIIRS,n,2.0NRT,298.94,8.47,D,VIIRS_NOAA20_NRT,,
29.74086,72.28826,331.19,0.52,0.5,2026-07-11,748,N20,VIIRS,n,2.0NRT,300.43,3.93,D,VIIRS_NOAA20_NRT,,
29.74511,72.48866,335.92,0.51,0.49,2026-07-11,748,N20,VIIRS,n,2.0NRT,300.29,4.0,D,VIIRS_NOAA20_NRT,,
29.7462,72.48579,337.5,0.51,0.49,2026-07-11,748,N20,VIIRS,n,2.0NRT,300.07,5.3,D,VIIRS_NOAA20_NRT,,
29.74809,71.95226,337.48,0.55,0.51,2026-07-11,748,N20,VIIRS,n,2.0NRT,300.72,3.43,D,VIIRS_NOAA20_NRT,,
29.74932,71.95776,337.64,0.55,0.51,2026-07-11,748,N20,VIIRS,n,2.0NRT,300.28,3.43,D,VIIRS_NOAA20_NRT,,
29.77324,72.23967,343.84,0.53,0.5,2026-07-11,748,N20,VIIRS,n,2.0NRT,300.89,6.35,D,VIIRS_NOAA20_NRT,,
29.77438,72.24498,342.46,0.53,0.5,2026-07-11,748,N20,VIIRS,n,2.0NRT,300.03,6.35,D,VIIRS_NOAA20_NRT,,
29.78171,72.66956,341.32,0.5,0.49,2026-07-11,748,N20,VIIRS,n,2.0NRT,299.05,6.04,D,VIIRS_NOAA20_NRT,,
29.78175,72.62693,346.11,0.5,0.49,2026-07-11,748,N20,VIIRS,n,2.0NRT,301.54,10.65,D,VIIRS_NOAA20_NRT,,
29.78276,72.66661,337.62,0.5,0.49,2026-07-11,748,N20,VIIRS,n,2.0NRT,299.4,3.75,D,VIIRS_NOAA20_NRT,,
29.78478,72.33715,342.54,0.52,0.5,2026-07-11,748,N20,VIIRS,n,2.0NRT,300.25,10.1,D,VIIRS_NOAA20_NRT,,
29.8142,72.1414,331.07,0.53,0.5,2026-07-11,748,N20,VIIRS,n,2.0NRT,300.84,2.82,D,VIIRS_NOAA20_NRT,,
29.82495,72.80476,331.66,0.49,0.48,2026-07-11,748,N20,VIIRS,n,2.0NRT,298.98,2.87,D,VIIRS_NOAA20_NRT,,
29.8297,71.24805,340.65,0.6,0.53,2026-07-11,748,N20,VIIRS,n,2.0NRT,299.5,4.5,D,VIIRS_NOAA20_NRT,,
29.87328,72.19254,333.68,0.53,0.5,2026-07-11,748,N20,VIIRS,n,2.0NRT,299.47,3.26,D,VIIRS_NOAA20_NRT,,
29.91123,72.19057,334.54,0.53,0.5,2026-07-11,748,N20,VIIRS,n,2.0NRT,299.93,3.87,D,VIIRS_NOAA20_NRT,,
29.91576,72.71445,330.15,0.49,0.49,2026-07-11,748,N20,VIIRS,l,2.0NRT,300.98,3.12,D,VIIRS_NOAA20_NRT,,
29.93043,72.56702,332.07,0.5,0.49,2026-07-11,748,N20,VIIRS,n,2.0NRT,301.49,3.62,D,VIIRS_NOAA20_NRT,,
29.94068,72.21592,347.23,0.52,0.5,2026-07-11,748,N20,VIIRS,n,2.0NRT,300.6,15.32,D,VIIRS_NOAA20_NRT,,
29.94821,72.35837,330.81,0.51,0.5,2026-07-11,748,N20,VIIRS,n,2.0NRT,299.13,2.04,D,VIIRS_NOAA20_NRT,,
29.95923,71.97069,330.69,0.54,0.51,2026-07-11,748,N20,VIIRS,n,2.0NRT,298.85,2.0,D,VIIRS_NOAA20_NRT,,
29.97279,72.38435,342.86,0.51,0.49,2026-07-11,748,N20,VIIRS,n,2.0NRT,299.7,12.77,D,VIIRS_NOAA20_NRT,,
29.97619,72.62873,343.13,0.5,0.49,2026-07-11,748,N20,VIIRS,n,2.0NRT,300.57,9.04,D,VIIRS_NOAA20_NRT,,
29.98852,72.86041,333.53,0.48,0.48,2026-07-11,748,N20,VIIRS,n,2.0NRT,301.72,2.56,D,VIIRS_NOAA20_NRT,,
30.01782,72.93407,335.65,0.47,0.48,2026-07-11,748,N20,VIIRS,n,2.0NRT,299.75,3.19,D,VIIRS_NOAA20_NRT,,
30.13269,72.91429,330.08,0.47,0.48,2026-07-11,748,N20,VIIRS,l,2.0NRT,300.29,1.8,D,VIIRS_NOAA20_NRT,,
30.14335,72.28568,330.48,0.51,0.5,2026-07-11,748,N20,VIIRS,n,2.0NRT,299.94,2.08,D,VIIRS_NOAA20_NRT,,
30.18085,73.1655,334.76,0.46,0.47,2026-07-11,748,N20,VIIRS,n,2.0NRT,300.65,5.29,D,VIIRS_NOAA20_NRT,,
30.19109,72.75583,335.96,0.48,0.48,2026-07-11,748,N20,VIIRS,n,2.0NRT,300.86,2.92,D,VIIRS_NOAA20_NRT,,
30.23762,72.5458,338.26,0.49,0.49,2026-07-11,748,N20,VIIRS,n,2.0NRT,299.74,5.06,D,VIIRS_NOAA20_NRT,,
30.26813,73.26887,330.52,0.45,0.47,2026-07-11,748,N20,VIIRS,n,2.0NRT,300.32,1.29,D,VIIRS_NOAA20_NRT,,
30.28655,72.98557,333.56,0.47,0.47,2026-07-11,748,N20,VIIRS,n,2.0NRT,300.96,2.63,D,VIIRS_NOAA20_NRT,,
30.28893,72.98289,330.44,0.47,0.47,2026-07-11,748,N20,VIIRS,n,2.0NRT,299.73,2.54,D,VIIRS_NOAA20_NRT,,
30.33745,73.1396,334.14,0.45,0.47,2026-07-11,748,N20,VIIRS,n,2.0NRT,299.44,3.06,D,VIIRS_NOAA20_NRT,,
30.3631,73.61934,333.94,0.43,0.46,2026-07-11,748,N20,VIIRS,n,2.0NRT,299.49,2.67,D,VIIRS_NOAA20_NRT,,
30.37871,73.1232,334.55,0.46,0.47,2026-07-11,748,N20,VIIRS,n,2.0NRT,300.17,3.63,D,VIIRS_NOAA20_NRT,,
30.38293,73.12202,344.87,0.46,0.47,2026-07-11,748,N20,VIIRS,n,2.0NRT,300.28,6.81,D,VIIRS_NOAA20_NRT,,
30.42475,73.07349,330.06,0.46,0.47,2026-07-11,748,N20,VIIRS,n,2.0NRT,299.61,3.0,D,VIIRS_NOAA20_NRT,,
30.49057,73.32117,344.89,0.44,0.46,2026-07-11,748,N20,VIIRS,n,2.0NRT,300.55,5.38,D,VIIRS_NOAA20_NRT,,
30.49576,72.21099,336.14,0.51,0.49,2026-07-11,748,N20,VIIRS,n,2.0NRT,298.8,5.92,D,VIIRS_NOAA20_NRT,,
30.51339,73.83715,336.66,0.41,0.45,2026-07-11,748,N20,VIIRS,n,2.0NRT,298.59,2.44,D,VIIRS_NOAA20_NRT,,
30.56234,71.94724,331.9,0.53,0.5,2026-07-11,748,N20,VIIRS,n,2.0NRT,298.88,2.76,D,VIIRS_NOAA20_NRT,,
30.63597,71.97506,333.57,0.52,0.5,2026-07-11,748,N20,VIIRS,n,2.0NRT,297.8,4.78,D,VIIRS_NOAA20_NRT,,
30.72842,73.40469,331.9,0.43,0.46,2026-07-11,748,N20,VIIRS,n,2.0NRT,300.06,1.96,D,VIIRS_NOAA20_NRT,,
30.82948,72.67134,331.94,0.47,0.48,2026-07-11,748,N20,VIIRS,n,2.0NRT,299.59,1.55,D,VIIRS_NOAA20_NRT,,
30.83023,73.42783,342.92,0.43,0.46,2026-07-11,748,N20,VIIRS,n,2.0NRT,298.1,5.75,D,VIIRS_NOAA20_NRT,,
30.83259,73.22997,336.83,0.44,0.46,2026-07-11,748,N20,VIIRS,n,2.0NRT,299.17,2.87,D,VIIRS_NOAA20_NRT,,
31.02725,73.44883,332.46,0.42,0.46,2026-07-11,748,N20,VIIRS,n,2.0NRT,296.97,2.89,D,VIIRS_NOAA20_NRT,,
31.17879,72.67493,332.66,0.46,0.47,2026-07-11,748,N20,VIIRS,n,2.0NRT,299.29,1.76,D,VIIRS_NOAA20_NRT,,
31.68945,72.88132,331.75,0.44,0.46,2026-07-11,748,N20,VIIRS,n,2.0NRT,297.91,2.26,D,VIIRS_NOAA20_NRT,,
32.15199,72.41607,342.61,0.46,0.47,2026-07-11,748,N20,VIIRS,n,2.0NRT,298.3,8.47,D,VIIRS_NOAA20_NRT,,
32.15429,72.41621,346.13,0.46,0.47,2026-07-11,748,N20,VIIRS,n,2.0NRT,297.51,6.76,D,VIIRS_NOAA20_NRT,,
27.54242,68.3225,345.84,0.53,0.67,2026-07-11,928,N20,VIIRS,n,2.0NRT,307.06,20.48,D,VIIRS_NOAA20_NRT,,
27.54278,68.32803,367.0,0.53,0.67,2026-07-11,928,N20,VIIRS,h,2.0NRT,307.33,20.48,D,VIIRS_NOAA20_NRT,,
27.54313,68.33354,332.48,0.54,0.67,2026-07-11,928,N20,VIIRS,n,2.0NRT,306.62,14.74,D,VIIRS_NOAA20_NRT,,
21.10117,72.63817,308.22,0.36,0.57,2026-07-11,2014,N20,VIIRS,n,2.0NRT,290.6,3.85,N,VIIRS_NOAA20_NRT,,
21.10152,72.63474,341.22,0.36,0.57,2026-07-11,2014,N20,VIIRS,n,2.0NRT,290.78,3.43,N,VIIRS_NOAA20_NRT,,
21.10572,72.64566,347.07,0.35,0.57,2026-07-11,2014,N20,VIIRS,n,2.0NRT,292.71,6.47,N,VIIRS_NOAA20_NRT,,
21.10608,72.64223,308.6,0.36,0.57,2026-07-11,2014,N20,VIIRS,n,2.0NRT,291.15,3.85,N,VIIRS_NOAA20_NRT,,
21.10678,72.63536,309.86,0.36,0.57,2026-07-11,2014,N20,VIIRS,n,2.0NRT,291.4,3.43,N,VIIRS_NOAA20_NRT,,
21.24567,79.22427,308.46,0.44,0.38,2026-07-11,2014,N20,VIIRS,n,2.0NRT,292.75,2.44,N,VIIRS_NOAA20_NRT,,
21.24803,79.20734,312.47,0.44,0.39,2026-07-11,2014,N20,VIIRS,n,2.0NRT,290.53,1.9,N,VIIRS_NOAA20_NRT,,
21.25155,79.20792,316.65,0.44,0.39,2026-07-11,2014,N20,VIIRS,n,2.0NRT,289.43,1.6,N,VIIRS_NOAA20_NRT,,
21.33532,78.97157,305.28,0.45,0.39,2026-07-11,2014,N20,VIIRS,n,2.0NRT,292.85,1.21,N,VIIRS_NOAA20_NRT,,
21.33593,78.96722,315.07,0.45,0.39,2026-07-11,2014,N20,VIIRS,n,2.0NRT,293.18,1.36,N,VIIRS_NOAA20_NRT,,
21.462,72.10313,305.86,0.39,0.59,2026-07-11,2014,N20,VIIRS,n,2.0NRT,291.79,0.55,N,VIIRS_NOAA20_NRT,,
21.75493,83.84231,308.96,0.4,0.37,2026-07-11,2014,N20,VIIRS,n,2.0NRT,281.06,1.02,N,VIIRS_NOAA20_NRT,,
21.76434,83.84809,301.91,0.4,0.37,2026-07-11,2014,N20,VIIRS,n,2.0NRT,279.91,1.26,N,VIIRS_NOAA20_NRT,,
21.98546,83.23327,315.85,0.39,0.36,2026-07-11,2014,N20,VIIRS,n,2.0NRT,291.61,2.59,N,VIIRS_NOAA20_NRT,,
22.00538,82.67103,315.71,0.39,0.36,2026-07-11,2014,N20,VIIRS,n,2.0NRT,290.38,2.95,N,VIIRS_NOAA20_NRT,,
22.03779,83.35039,310.84,0.39,0.36,2026-07-11,2014,N20,VIIRS,n,2.0NRT,284.48,2.53,N,VIIRS_NOAA20_NRT,,
22.31304,82.53261,306.56,0.38,0.36,2026-07-11,2014,N20,VIIRS,n,2.0NRT,291.08,1.45,N,VIIRS_NOAA20_NRT,,
22.3155,82.55966,308.16,0.38,0.36,2026-07-11,2014,N20,VIIRS,n,2.0NRT,292.05,1.2,N,VIIRS_NOAA20_NRT,,
22.31633,82.5332,307.11,0.38,0.36,2026-07-11,2014,N20,VIIRS,n,2.0NRT,291.68,1.32,N,VIIRS_NOAA20_NRT,,
22.32114,82.54549,315.28,0.38,0.36,2026-07-11,2014,N20,VIIRS,n,2.0NRT,291.6,2.49,N,VIIRS_NOAA20_NRT,,
22.32148,82.56456,315.24,0.38,0.36,2026-07-11,2014,N20,VIIRS,n,2.0NRT,292.67,2.24,N,VIIRS_NOAA20_NRT,,
22.32874,82.60394,306.68,0.38,0.36,2026-07-11,2014,N20,VIIRS,n,2.0NRT,291.76,1.24,N,VIIRS_NOAA20_NRT,,
22.33006,82.53193,305.38,0.38,0.36,2026-07-11,2014,N20,VIIRS,n,2.0NRT,291.14,0.79,N,VIIRS_NOAA20_NRT,,
22.33203,82.60455,313.36,0.38,0.36,2026-07-11,2014,N20,VIIRS,n,2.0NRT,291.34,1.21,N,VIIRS_NOAA20_NRT,,
22.35587,82.30492,310.15,0.38,0.36,2026-07-11,2014,N20,VIIRS,n,2.0NRT,291.79,2.39,N,VIIRS_NOAA20_NRT,,
22.35645,82.30122,330.7,0.38,0.36,2026-07-11,2014,N20,VIIRS,n,2.0NRT,291.12,2.39,N,VIIRS_NOAA20_NRT,,
22.35974,82.30182,337.13,0.38,0.36,2026-07-11,2014,N20,VIIRS,n,2.0NRT,292.41,4.67,N,VIIRS_NOAA20_NRT,,
23.16332,82.34236,308.96,0.38,0.36,2026-07-11,2014,N20,VIIRS,n,2.0NRT,291.54,1.59,N,VIIRS_NOAA20_NRT,,
23.1639,82.33865,322.59,0.38,0.36,2026-07-11,2014,N20,VIIRS,n,2.0NRT,292.21,1.59,N,VIIRS_NOAA20_NRT,,
23.16448,82.33493,308.93,0.38,0.36,2026-07-11,2014,N20,VIIRS,n,2.0NRT,291.33,0.99,N,VIIRS_NOAA20_NRT,,
23.16661,82.34296,325.69,0.38,0.36,2026-07-11,2014,N20,VIIRS,n,2.0NRT,292.71,1.59,N,VIIRS_NOAA20_NRT,,
23.16719,82.33925,314.52,0.38,0.36,2026-07-11,2014,N20,VIIRS,n,2.0NRT,291.76,1.59,N,VIIRS_NOAA20_NRT,,
23.5584,87.24557,307.93,0.53,0.42,2026-07-11,2014,N20,VIIRS,n,2.0NRT,288.25,3.61,N,VIIRS_NOAA20_NRT,,
23.55935,87.24049,329.88,0.53,0.42,2026-07-11,2014,N20,VIIRS,n,2.0NRT,288.48,3.61,N,VIIRS_NOAA20_NRT,,
23.56131,87.08421,306.14,0.52,0.41,2026-07-11,2014,N20,VIIRS,n,2.0NRT,281.09,2.13,N,VIIRS_NOAA20_NRT,,
23.64614,85.44072,299.0,0.43,0.38,2026-07-11,2014,N20,VIIRS,n,2.0NRT,283.16,0.87,N,VIIRS_NOAA20_NRT,,
23.64688,85.43651,302.69,0.43,0.38,2026-07-11,2014,N20,VIIRS,n,2.0NRT,283.58,0.87,N,VIIRS_NOAA20_NRT,,
23.65582,85.50819,309.38,0.44,0.38,2026-07-11,2014,N20,VIIRS,n,2.0NRT,287.32,1.73,N,VIIRS_NOAA20_NRT,,
23.6634,85.00038,307.53,0.42,0.38,2026-07-11,2014,N20,VIIRS,n,2.0NRT,289.58,0.9,N,VIIRS_NOAA20_NRT,,
23.66591,86.91761,307.52,0.5,0.41,2026-07-11,2014,N20,VIIRS,n,2.0NRT,286.64,1.67,N,VIIRS_NOAA20_NRT,,
23.6668,86.91991,305.86,0.5,0.41,2026-07-11,2014,N20,VIIRS,n,2.0NRT,286.86,1.08,N,VIIRS_NOAA20_NRT,,
23.73826,86.43594,302.52,0.48,0.4,2026-07-11,2014,N20,VIIRS,n,2.0NRT,281.85,0.47,N,VIIRS_NOAA20_NRT,,
23.75817,85.85487,305.08,0.45,0.39,2026-07-11,2014,N20,VIIRS,n,2.0NRT,287.54,2.17,N,VIIRS_NOAA20_NRT,,
23.78087,86.39012,312.6,0.47,0.4,2026-07-11,2014,N20,VIIRS,n,2.0NRT,286.81,3.18,N,VIIRS_NOAA20_NRT,,
24.05248,80.61337,306.97,0.42,0.37,2026-07-11,2014,N20,VIIRS,n,2.0NRT,292.77,1.18,N,VIIRS_NOAA20_NRT,,
24.32634,81.32942,308.42,0.4,0.37,2026-07-11,2014,N20,VIIRS,n,2.0NRT,288.38,1.01,N,VIIRS_NOAA20_NRT,,
24.52898,81.16883,303.4,0.4,0.37,2026-07-11,2014,N20,VIIRS,n,2.0NRT,288.97,0.44,N,VIIRS_NOAA20_NRT,,
27.37484,77.69215,306.77,0.41,0.45,2026-07-11,2014,N20,VIIRS,n,2.0NRT,290.36,1.24,N,VIIRS_NOAA20_NRT,,
27.42726,70.56186,311.7,0.56,0.69,2026-07-11,2014,N20,VIIRS,n,2.0NRT,294.6,2.24,N,VIIRS_NOAA20_NRT,,
27.42933,70.56219,316.31,0.56,0.69,2026-07-11,2014,N20,VIIRS,n,2.0NRT,294.88,2.34,N,VIIRS_NOAA20_NRT,,
8.67076,77.99223,307.53,0.39,0.36,2026-07-11,2017,N20,VIIRS,n,2.0NRT,294.21,0.59,N,VIIRS_NOAA20_NRT,,
8.86807,78.12141,310.43,0.39,0.36,2026-07-11,2017,N20,VIIRS,n,2.0NRT,294.85,0.73,N,VIIRS_NOAA20_NRT,,
9.32229,79.31999,308.02,0.38,0.36,2026-07-11,2017,N20,VIIRS,n,2.0NRT,290.83,0.26,N,VIIRS_NOAA20_NRT,,
12.29365,79.94518,304.33,0.38,0.36,2026-07-11,2017,N20,VIIRS,n,2.0NRT,279.35,0.61,N,VIIRS_NOAA20_NRT,,
12.74681,77.62168,316.15,0.43,0.38,2026-07-11,2017,N20,VIIRS,n,2.0NRT,291.05,1.33,N,VIIRS_NOAA20_NRT,,
12.74739,77.61778,307.59,0.43,0.38,2026-07-11,2017,N20,VIIRS,n,2.0NRT,290.21,1.33,N,VIIRS_NOAA20_NRT,,
12.85055,79.90685,320.25,0.38,0.36,2026-07-11,2017,N20,VIIRS,n,2.0NRT,273.29,1.79,N,VIIRS_NOAA20_NRT,,
12.8511,79.90334,311.37,0.38,0.36,2026-07-11,2017,N20,VIIRS,n,2.0NRT,273.13,1.6,N,VIIRS_NOAA20_NRT,,
12.95612,79.7763,299.89,0.38,0.36,2026-07-11,2017,N20,VIIRS,n,2.0NRT,271.67,0.46,N,VIIRS_NOAA20_NRT,,
13.39136,80.10299,304.35,0.38,0.36,2026-07-11,2017,N20,VIIRS,n,2.0NRT,278.38,0.56,N,VIIRS_NOAA20_NRT,,
13.64548,78.09531,306.4,0.42,0.38,2026-07-11,2017,N20,VIIRS,n,2.0NRT,283.42,0.72,N,VIIRS_NOAA20_NRT,,
13.89859,76.56676,305.96,0.49,0.4,2026-07-11,2017,N20,VIIRS,n,2.0NRT,291.32,1.01,N,VIIRS_NOAA20_NRT,,
13.90024,76.56494,304.71,0.49,0.4,2026-07-11,2017,N20,VIIRS,n,2.0NRT,291.01,0.94,N,VIIRS_NOAA20_NRT,,
14.36965,77.84405,312.2,0.43,0.38,2026-07-11,2017,N20,VIIRS,n,2.0NRT,293.5,1.49,N,VIIRS_NOAA20_NRT,,
14.57511,77.37846,303.9,0.46,0.39,2026-07-11,2017,N20,VIIRS,n,2.0NRT,292.52,0.46,N,VIIRS_NOAA20_NRT,,
14.64202,77.56651,307.48,0.45,0.39,2026-07-11,2017,N20,VIIRS,n,2.0NRT,293.54,1.03,N,VIIRS_NOAA20_NRT,,
14.84024,79.05467,314.33,0.4,0.37,2026-07-11,2017,N20,VIIRS,n,2.0NRT,293.87,2.92,N,VIIRS_NOAA20_NRT,,
14.8432,77.74998,306.04,0.44,0.39,2026-07-11,2017,N20,VIIRS,n,2.0NRT,293.45,0.87,N,VIIRS_NOAA20_NRT,,
15.025,78.01642,307.54,0.43,0.38,2026-07-11,2017,N20,VIIRS,n,2.0NRT,288.81,1.94,N,VIIRS_NOAA20_NRT,,
15.06922,76.86649,306.26,0.49,0.4,2026-07-11,2017,N20,VIIRS,n,2.0NRT,293.34,1.33,N,VIIRS_NOAA20_NRT,,
15.13683,76.70848,304.25,0.5,0.41,2026-07-11,2017,N20,VIIRS,n,2.0NRT,292.49,1.0,N,VIIRS_NOAA20_NRT,,
15.16887,76.67067,307.57,0.5,0.41,2026-07-11,2017,N20,VIIRS,n,2.0NRT,293.12,1.44,N,VIIRS_NOAA20_NRT,,
15.17371,76.69033,310.81,0.5,0.41,2026-07-11,2017,N20,VIIRS,n,2.0NRT,293.1,1.75,N,VIIRS_NOAA20_NRT,,
15.17461,76.65723,307.87,0.5,0.41,2026-07-11,2017,N20,VIIRS,n,2.0NRT,293.85,2.33,N,VIIRS_NOAA20_NRT,,
15.17478,77.09974,304.65,0.48,0.4,2026-07-11,2017,N20,VIIRS,n,2.0NRT,293.01,0.91,N,VIIRS_NOAA20_NRT,,
15.17527,76.65258,310.54,0.5,0.41,2026-07-11,2017,N20,VIIRS,n,2.0NRT,292.61,1.11,N,VIIRS_NOAA20_NRT,,
15.1754,76.78474,304.29,0.5,0.41,2026-07-11,2017,N20,VIIRS,n,2.0NRT,292.65,0.81,N,VIIRS_NOAA20_NRT,,
15.1757,76.67636,315.84,0.5,0.41,2026-07-11,2017,N20,VIIRS,n,2.0NRT,293.6,2.21,N,VIIRS_NOAA20_NRT,,
15.17781,77.10471,304.67,0.48,0.4,2026-07-11,2017,N20,VIIRS,n,2.0NRT,293.14,0.91,N,VIIRS_NOAA20_NRT,,
15.17835,76.65777,314.85,0.5,0.41,2026-07-11,2017,N20,VIIRS,n,2.0NRT,294.64,2.33,N,VIIRS_NOAA20_NRT,,
15.17901,76.65311,305.8,0.5,0.41,2026-07-11,2017,N20,VIIRS,n,2.0NRT,293.55,1.11,N,VIIRS_NOAA20_NRT,,
15.18077,76.6676,309.28,0.5,0.41,2026-07-11,2017,N20,VIIRS,n,2.0NRT,293.89,2.8,N,VIIRS_NOAA20_NRT,,
15.18231,76.66575,332.33,0.5,0.41,2026-07-11,2017,N20,VIIRS,n,2.0NRT,294.24,5.67,N,VIIRS_NOAA20_NRT,,
15.18276,76.65366,305.59,0.5,0.41,2026-07-11,2017,N20,VIIRS,n,2.0NRT,293.19,1.76,N,VIIRS_NOAA20_NRT,,
15.18358,76.65644,305.45,0.5,0.41,2026-07-11,2017,N20,VIIRS,n,2.0NRT,293.28,2.21,N,VIIRS_NOAA20_NRT,,
15.18451,76.66814,326.59,0.5,0.41,2026-07-11,2017,N20,VIIRS,n,2.0NRT,293.54,2.8,N,VIIRS_NOAA20_NRT,,
15.22613,76.76215,327.86,0.5,0.41,2026-07-11,2017,N20,VIIRS,n,2.0NRT,293.91,2.36,N,VIIRS_NOAA20_NRT,,
15.30161,76.21863,302.71,0.53,0.42,2026-07-11,2017,N20,VIIRS,n,2.0NRT,291.44,0.56,N,VIIRS_NOAA20_NRT,,
15.33565,76.28386,303.11,0.53,0.42,2026-07-11,2017,N20,VIIRS,n,2.0NRT,291.13,1.48,N,VIIRS_NOAA20_NRT,,
15.65796,73.98801,304.71,0.49,0.49,2026-07-11,2017,N20,VIIRS,n,2.0NRT,291.74,0.8,N,VIIRS_NOAA20_NRT,,
15.80592,79.05348,310.27,0.41,0.37,2026-07-11,2017,N20,VIIRS,n,2.0NRT,291.65,1.91,N,VIIRS_NOAA20_NRT,,
17.08333,79.32426,305.15,0.41,0.37,2026-07-11,2017,N20,VIIRS,n,2.0NRT,289.16,1.53,N,VIIRS_NOAA20_NRT,,
17.22436,79.17484,324.22,0.41,0.37,2026-07-11,2017,N20,VIIRS,n,2.0NRT,288.89,1.53,N,VIIRS_NOAA20_NRT,,
17.46296,80.65247,307.13,0.39,0.36,2026-07-11,2017,N20,VIIRS,n,2.0NRT,287.27,0.87,N,VIIRS_NOAA20_NRT,,
17.60798,83.20449,302.84,0.41,0.37,2026-07-11,2017,N20,VIIRS,n,2.0NRT,272.5,0.83,N,VIIRS_NOAA20_NRT,,
17.61137,83.20512,307.41,0.41,0.37,2026-07-11,2017,N20,VIIRS,n,2.0NRT,272.1,0.83,N,VIIRS_NOAA20_NRT,,
17.9528,80.75981,309.48,0.39,0.36,2026-07-11,2017,N20,VIIRS,n,2.0NRT,291.22,1.76,N,VIIRS_NOAA20_NRT,,
17.95492,80.78982,307.53,0.39,0.36,2026-07-11,2017,N20,VIIRS,n,2.0NRT,292.54,2.05,N,VIIRS_NOAA20_NRT,,
17.95548,80.78621,317.62,0.39,0.36,2026-07-11,2017,N20,VIIRS,n,2.0NRT,293.48,2.05,N,VIIRS_NOAA20_NRT,,
18.73728,78.92812,307.46,0.43,0.38,2026-07-11,2017,N20,VIIRS,n,2.0NRT,289.3,2.24,N,VIIRS_NOAA20_NRT,,
19.09047,82.16717,300.41,0.39,0.36,2026-07-11,2017,N20,VIIRS,n,2.0NRT,286.51,1.66,N,VIIRS_NOAA20_NRT,,
10.92822,77.06459,301.9,0.44,0.38,2026-07-11,2019,N20,VIIRS,n,2.0NRT,290.53,0.72,N,VIIRS_NOAA20_NRT,,
11.4199,77.96355,320.76,0.41,0.37,2026-07-11,2019,N20,VIIRS,n,2.0NRT,290.24,1.2,N,VIIRS_NOAA20_NRT,,
11.42077,77.96315,324.05,0.41,0.37,2026-07-11,2019,N20,VIIRS,n,2.0NRT,290.26,1.29,N,VIIRS_NOAA20_NRT,,
11.8163,77.91652,325.51,0.41,0.37,2026-07-11,2019,N20,VIIRS,n,2.0NRT,289.48,2.66,N,VIIRS_NOAA20_NRT,,
33.29593,71.18819,308.05,0.38,0.59,2026-07-11,2153,N20,VIIRS,n,2.0NRT,289.99,1.83,N,VIIRS_NOAA20_NRT,,
33.29696,71.1841,323.12,0.38,0.59,2026-07-11,2153,N20,VIIRS,n,2.0NRT,289.87,2.38,N,VIIRS_NOAA20_NRT,,
34.96219,70.45284,304.64,0.63,0.54,2026-07-11,2153,N20,VIIRS,n,2.0NRT,291.82,1.94,N,VIIRS_NOAA20_NRT,,
28.0338,68.98384,307.71,0.38,0.58,2026-07-11,2155,N20,VIIRS,n,2.0NRT,295.58,0.67,N,VIIRS_NOAA20_NRT,,
28.423,69.70037,307.35,0.41,0.6,2026-07-11,2155,N20,VIIRS,n,2.0NRT,294.02,0.69,N,VIIRS_NOAA20_NRT,,
8.00302,81.32413,367.0,0.37,0.58,2026-07-12,722,N20,VIIRS,h,2.0NRT,291.36,8.37,D,VIIRS_NOAA20_NRT,,
8.47361,80.78455,328.02,0.39,0.59,2026-07-12,722,N20,VIIRS,n,2.0NRT,285.35,2.17,D,VIIRS_NOAA20_NRT,,
8.89624,78.07236,330.05,0.59,0.7,2026-07-12,724,N20,VIIRS,n,2.0NRT,291.32,3.08,D,VIIRS_NOAA20_NRT,,
10.52449,77.63628,330.26,0.59,0.7,2026-07-12,724,N20,VIIRS,n,2.0NRT,290.78,3.27,D,VIIRS_NOAA20_NRT,,
11.93248,79.59513,334.69,0.41,0.61,2026-07-12,724,N20,VIIRS,n,2.0NRT,284.63,2.88,D,VIIRS_NOAA20_NRT,,
12.24389,79.78957,348.99,0.39,0.59,2026-07-12,724,N20,VIIRS,n,2.0NRT,294.53,4.55,D,VIIRS_NOAA20_NRT,,
12.3426,79.44701,330.88,0.41,0.61,2026-07-12,724,N20,VIIRS,n,2.0NRT,297.2,5.1,D,VIIRS_NOAA20_NRT,,
12.34331,79.45071,350.06,0.41,0.61,2026-07-12,724,N20,VIIRS,n,2.0NRT,297.09,6.42,D,VIIRS_NOAA20_NRT,,
12.43223,79.77037,330.51,0.39,0.59,2026-07-12,724,N20,VIIRS,n,2.0NRT,299.94,1.66,D,VIIRS_NOAA20_NRT,,
13.21193,80.25438,333.79,0.35,0.57,2026-07-12,724,N20,VIIRS,n,2.0NRT,290.74,2.43,D,VIIRS_NOAA20_NRT,,
14.22407,79.49344,334.0,0.38,0.58,2026-07-12,724,N20,VIIRS,n,2.0NRT,279.38,2.89,D,VIIRS_NOAA20_NRT,,
14.22615,79.49397,332.77,0.38,0.58,2026-07-12,724,N20,VIIRS,n,2.0NRT,279.3,2.85,D,VIIRS_NOAA20_NRT,,
14.36917,76.82918,330.06,0.56,0.69,2026-07-12,726,N20,VIIRS,n,2.0NRT,284.84,2.3,D,VIIRS_NOAA20_NRT,,
14.88001,79.70701,330.86,0.35,0.57,2026-07-12,726,N20,VIIRS,n,2.0NRT,283.9,1.37,D,VIIRS_NOAA20_NRT,,
15.07656,78.36164,331.71,0.43,0.62,2026-07-12,726,N20,VIIRS,n,2.0NRT,282.87,3.91,D,VIIRS_NOAA20_NRT,,
15.07957,78.36131,330.02,0.43,0.62,2026-07-12,726,N20,VIIRS,n,2.0NRT,282.84,3.53,D,VIIRS_NOAA20_NRT,,
15.68061,80.074,331.14,0.32,0.55,2026-07-12,726,N20,VIIRS,n,2.0NRT,283.93,1.23,D,VIIRS_NOAA20_NRT,,
17.05843,81.86024,337.58,0.47,0.47,2026-07-12,726,N20,VIIRS,n,2.0NRT,296.55,4.63,D,VIIRS_NOAA20_NRT,,
17.06132,81.85966,336.44,0.47,0.47,2026-07-12,726,N20,VIIRS,n,2.0NRT,297.2,4.5,D,VIIRS_NOAA20_NRT,,
17.25017,81.36318,331.13,0.5,0.49,2026-07-12,726,N20,VIIRS,n,2.0NRT,294.5,3.4,D,VIIRS_NOAA20_NRT,,
17.35635,80.87624,340.31,0.53,0.5,2026-07-12,726,N20,VIIRS,n,2.0NRT,292.54,7.33,D,VIIRS_NOAA20_NRT,,
17.35731,80.88117,335.46,0.53,0.5,2026-07-12,726,N20,VIIRS,n,2.0NRT,294.47,7.33,D,VIIRS_NOAA20_NRT,,
17.43743,82.59957,336.85,0.41,0.45,2026-07-12,726,N20,VIIRS,n,2.0NRT,296.65,4.18,D,VIIRS_NOAA20_NRT,,
17.50062,82.98792,331.97,0.39,0.44,2026-07-12,726,N20,VIIRS,n,2.0NRT,298.51,2.5,D,VIIRS_NOAA20_NRT,,
17.80815,79.12128,333.93,0.34,0.56,2026-07-12,726,N20,VIIRS,n,2.0NRT,290.71,2.34,D,VIIRS_NOAA20_NRT,,
18.28537,79.22456,331.55,0.33,0.55,2026-07-12,726,N20,VIIRS,n,2.0NRT,294.56,2.76,D,VIIRS_NOAA20_NRT,,
18.56788,82.56406,334.96,0.4,0.44,2026-07-12,726,N20,VIIRS,n,2.0NRT,292.75,4.27,D,VIIRS_NOAA20_NRT,,
20.96389,86.00638,331.94,0.4,0.37,2026-07-12,726,N20,VIIRS,n,2.0NRT,285.51,5.43,D,VIIRS_NOAA20_NRT,,
21.1974,81.41872,342.85,0.42,0.45,2026-07-12,726,N20,VIIRS,n,2.0NRT,294.86,16.41,D,VIIRS_NOAA20_NRT,,
25.49663,74.09119,334.67,0.49,0.65,2026-07-12,729,N20,VIIRS,n,2.0NRT,297.02,3.17,D,VIIRS_NOAA20_NRT,,
29.5232,71.96843,334.32,0.53,0.67,2026-07-12,731,N20,VIIRS,n,2.0NRT,291.7,3.74,D,VIIRS_NOAA20_NRT,,
29.63479,71.973,337.14,0.52,0.67,2026-07-12,731,N20,VIIRS,n,2.0NRT,290.19,6.11,D,VIIRS_NOAA20_NRT,,
29.64501,72.34151,337.2,0.5,0.66,2026-07-12,731,N20,VIIRS,n,2.0NRT,290.54,3.71,D,VIIRS_NOAA20_NRT,,
29.77944,72.41937,367.0,0.49,0.65,2026-07-12,731,N20,VIIRS,h,2.0NRT,291.08,11.24,D,VIIRS_NOAA20_NRT,,
29.78047,72.41539,336.47,0.49,0.65,2026-07-12,731,N20,VIIRS,n,2.0NRT,290.35,8.15,D,VIIRS_NOAA20_NRT,,
29.78171,72.42027,345.76,0.49,0.65,2026-07-12,731,N20,VIIRS,n,2.0NRT,288.17,7.62,D,VIIRS_NOAA20_NRT,,
29.94142,72.21611,335.37,0.5,0.66,2026-07-12,731,N20,VIIRS,n,2.0NRT,290.3,3.22,D,VIIRS_NOAA20_NRT,,
29.94445,72.21667,331.99,0.5,0.66,2026-07-12,731,N20,VIIRS,n,2.0NRT,290.42,4.19,D,VIIRS_NOAA20_NRT,,
30.31937,71.97919,339.53,0.5,0.66,2026-07-12,731,N20,VIIRS,n,2.0NRT,288.52,5.61,D,VIIRS_NOAA20_NRT,,
36.95368,68.04351,367.0,0.55,0.68,2026-07-12,731,N20,VIIRS,h,2.0NRT,300.35,10.85,D,VIIRS_NOAA20_NRT,,
12.95489,77.98891,333.69,0.78,0.78,2026-07-12,905,N20,VIIRS,n,2.0NRT,290.71,5.9,D,VIIRS_NOAA20_NRT,,
12.9579,77.9895,334.39,0.78,0.78,2026-07-12,905,N20,VIIRS,n,2.0NRT,289.49,4.07,D,VIIRS_NOAA20_NRT,,
23.14314,70.8102,333.08,0.34,0.56,2026-07-12,907,N20,VIIRS,n,2.0NRT,295.01,2.42,D,VIIRS_NOAA20_NRT,,
23.14394,70.80876,333.42,0.35,0.56,2026-07-12,907,N20,VIIRS,n,2.0NRT,295.23,2.65,D,VIIRS_NOAA20_NRT,,
28.05224,69.37011,330.05,0.32,0.54,2026-07-12,909,N20,VIIRS,l,2.0NRT,300.37,2.44,D,VIIRS_NOAA20_NRT,,
29.56869,69.07777,344.65,0.32,0.54,2026-07-12,909,N20,VIIRS,n,2.0NRT,303.35,2.37,D,VIIRS_NOAA20_NRT,,
29.56933,69.07935,338.91,0.32,0.54,2026-07-12,909,N20,VIIRS,n,2.0NRT,303.0,3.26,D,VIIRS_NOAA20_NRT,,
29.67298,72.12273,331.82,0.49,0.65,2026-07-12,909,N20,VIIRS,n,2.0NRT,290.07,4.13,D,VIIRS_NOAA20_NRT,,
29.82758,72.11153,335.94,0.49,0.65,2026-07-12,909,N20,VIIRS,n,2.0NRT,291.52,4.18,D,VIIRS_NOAA20_NRT,,
29.8603,72.05257,330.46,0.49,0.65,2026-07-12,909,N20,VIIRS,n,2.0NRT,291.28,2.62,D,VIIRS_NOAA20_NRT,,
33.25012,70.70916,347.8,0.43,0.62,2026-07-12,909,N20,VIIRS,n,2.0NRT,300.4,5.74,D,VIIRS_NOAA20_NRT,,
24.14836,82.65919,318.71,0.55,0.43,2026-07-12,1953,N20,VIIRS,n,2.0NRT,284.59,2.98,N,VIIRS_NOAA20_NRT,,
24.14979,82.58284,312.66,0.55,0.43,2026-07-12,1953,N20,VIIRS,n,2.0NRT,287.46,1.7,N,VIIRS_NOAA20_NRT,,
24.15963,82.56762,302.56,0.56,0.43,2026-07-12,1953,N20,VIIRS,n,2.0NRT,285.67,0.52,N,VIIRS_NOAA20_NRT,,
24.16403,82.62897,304.98,0.55,0.43,2026-07-12,1953,N20,VIIRS,n,2.0NRT,288.06,2.05,N,VIIRS_NOAA20_NRT,,
24.17699,82.65263,304.92,0.55,0.43,2026-07-12,1953,N20,VIIRS,n,2.0NRT,286.74,1.6,N,VIIRS_NOAA20_NRT,,
24.18345,82.66455,305.73,0.55,0.43,2026-07-12,1953,N20,VIIRS,n,2.0NRT,285.76,1.89,N,VIIRS_NOAA20_NRT,,
24.20142,82.71072,303.19,0.55,0.42,2026-07-12,1953,N20,VIIRS,n,2.0NRT,283.3,1.0,N,VIIRS_NOAA20_NRT,,
24.20532,82.71123,306.93,0.55,0.42,2026-07-12,1953,N20,VIIRS,n,2.0NRT,284.56,1.0,N,VIIRS_NOAA20_NRT,,
24.32787,81.32723,306.14,0.44,0.46,2026-07-12,1953,N20,VIIRS,n,2.0NRT,287.95,1.14,N,VIIRS_NOAA20_NRT,,
16.87594,80.1206,306.49,0.42,0.45,2026-07-12,1955,N20,VIIRS,n,2.0NRT,289.2,1.88,N,VIIRS_NOAA20_NRT,,
17.1439,77.18414,303.98,0.33,0.55,2026-07-12,1955,N20,VIIRS,n,2.0NRT,288.51,0.24,N,VIIRS_NOAA20_NRT,,
18.71572,79.54065,298.49,0.48,0.48,2026-07-12,1955,N20,VIIRS,n,2.0NRT,274.32,1.17,N,VIIRS_NOAA20_NRT,,
19.8105,79.30667,307.96,0.51,0.5,2026-07-12,1955,N20,VIIRS,n,2.0NRT,285.82,1.7,N,VIIRS_NOAA20_NRT,,
19.81113,79.34153,315.22,0.51,0.49,2026-07-12,1955,N20,VIIRS,n,2.0NRT,282.15,1.73,N,VIIRS_NOAA20_NRT,,
21.2502,79.21097,307.91,0.54,0.51,2026-07-12,1955,N20,VIIRS,n,2.0NRT,286.8,1.77,N,VIIRS_NOAA20_NRT,,
21.3351,78.96714,309.22,0.57,0.52,2026-07-12,1955,N20,VIIRS,n,2.0NRT,289.93,1.2,N,VIIRS_NOAA20_NRT,,
21.33579,78.96908,309.63,0.57,0.52,2026-07-12,1955,N20,VIIRS,n,2.0NRT,289.75,1.75,N,VIIRS_NOAA20_NRT,,
21.46408,72.08357,310.49,0.79,0.78,2026-07-12,1955,N20,VIIRS,n,2.0NRT,274.72,4.16,N,VIIRS_NOAA20_NRT,,
22.35704,82.30363,315.9,0.55,0.42,2026-07-12,1955,N20,VIIRS,n,2.0NRT,289.03,2.09,N,VIIRS_NOAA20_NRT,,
22.36093,82.30424,311.33,0.55,0.42,2026-07-12,1955,N20,VIIRS,n,2.0NRT,288.85,2.09,N,VIIRS_NOAA20_NRT,,
23.16603,82.34498,305.39,0.56,0.43,2026-07-12,1955,N20,VIIRS,n,2.0NRT,289.17,2.1,N,VIIRS_NOAA20_NRT,,
23.16672,82.33959,319.46,0.56,0.43,2026-07-12,1955,N20,VIIRS,n,2.0NRT,289.65,2.1,N,VIIRS_NOAA20_NRT,,
24.24283,78.16224,304.35,0.35,0.56,2026-07-12,1955,N20,VIIRS,n,2.0NRT,292.25,0.97,N,VIIRS_NOAA20_NRT,,
9.55919,78.7729,327.97,0.41,0.45,2026-07-12,1957,N20,VIIRS,n,2.0NRT,294.45,2.16,N,VIIRS_NOAA20_NRT,,
10.99217,77.3271,305.42,0.53,0.5,2026-07-12,1957,N20,VIIRS,n,2.0NRT,292.41,1.17,N,VIIRS_NOAA20_NRT,,
12.18584,79.92705,309.85,0.56,0.43,2026-07-12,1957,N20,VIIRS,n,2.0NRT,295.25,2.83,N,VIIRS_NOAA20_NRT,,
12.18654,79.92493,310.85,0.56,0.43,2026-07-12,1957,N20,VIIRS,n,2.0NRT,295.36,2.95,N,VIIRS_NOAA20_NRT,,
12.53856,76.88879,300.35,0.6,0.53,2026-07-12,1957,N20,VIIRS,n,2.0NRT,290.01,0.47,N,VIIRS_NOAA20_NRT,,
13.38583,80.27499,311.16,0.55,0.43,2026-07-12,1957,N20,VIIRS,n,2.0NRT,280.94,2.02,N,VIIRS_NOAA20_NRT,,
13.38975,80.27556,314.49,0.55,0.43,2026-07-12,1957,N20,VIIRS,n,2.0NRT,282.38,2.02,N,VIIRS_NOAA20_NRT,,
13.39368,80.10258,306.91,0.57,0.43,2026-07-12,1957,N20,VIIRS,n,2.0NRT,291.04,3.3,N,VIIRS_NOAA20_NRT,,
13.56536,79.60603,307.71,0.41,0.45,2026-07-12,1957,N20,VIIRS,n,2.0NRT,290.42,2.38,N,VIIRS_NOAA20_NRT,,
13.57385,78.52839,300.02,0.48,0.48,2026-07-12,1957,N20,VIIRS,n,2.0NRT,282.92,0.56,N,VIIRS_NOAA20_NRT,,
13.63715,79.47998,323.51,0.42,0.45,2026-07-12,1957,N20,VIIRS,n,2.0NRT,289.75,4.66,N,VIIRS_NOAA20_NRT,,
13.64128,79.48057,338.05,0.42,0.45,2026-07-12,1957,N20,VIIRS,n,2.0NRT,291.78,4.66,N,VIIRS_NOAA20_NRT,,
13.70874,79.62073,306.75,0.41,0.45,2026-07-12,1957,N20,VIIRS,n,2.0NRT,289.56,1.92,N,VIIRS_NOAA20_NRT,,
14.76382,79.17464,320.26,0.45,0.47,2026-07-12,1957,N20,VIIRS,n,2.0NRT,293.85,4.83,N,VIIRS_NOAA20_NRT,,
14.76415,79.18421,317.66,0.45,0.47,2026-07-12,1957,N20,VIIRS,n,2.0NRT,293.19,1.31,N,VIIRS_NOAA20_NRT,,
14.76521,79.17631,314.06,0.45,0.47,2026-07-12,1957,N20,VIIRS,n,2.0NRT,293.39,1.28,N,VIIRS_NOAA20_NRT,,
14.76574,79.17242,310.87,0.45,0.47,2026-07-12,1957,N20,VIIRS,n,2.0NRT,292.81,0.59,N,VIIRS_NOAA20_NRT,,
14.76711,79.18311,308.59,0.45,0.47,2026-07-12,1957,N20,VIIRS,n,2.0NRT,292.57,4.2,N,VIIRS_NOAA20_NRT,,
14.76844,79.18478,313.34,0.45,0.47,2026-07-12,1957,N20,VIIRS,n,2.0NRT,293.24,1.31,N,VIIRS_NOAA20_NRT,,
15.02153,78.01353,306.52,0.54,0.51,2026-07-12,1957,N20,VIIRS,n,2.0NRT,292.93,1.02,N,VIIRS_NOAA20_NRT,,
15.05063,79.22858,318.28,0.45,0.47,2026-07-12,1957,N20,VIIRS,n,2.0NRT,294.68,1.83,N,VIIRS_NOAA20_NRT,,
15.05487,79.22952,308.12,0.45,0.47,2026-07-12,1957,N20,VIIRS,n,2.0NRT,294.1,0.83,N,VIIRS_NOAA20_NRT,,
15.06948,76.86538,303.88,0.32,0.55,2026-07-12,1957,N20,VIIRS,n,2.0NRT,288.16,1.15,N,VIIRS_NOAA20_NRT,,
15.17387,76.37625,300.42,0.35,0.57,2026-07-12,1957,N20,VIIRS,n,2.0NRT,286.8,0.91,N,VIIRS_NOAA20_NRT,,
15.17673,76.65821,300.81,0.33,0.56,2026-07-12,1957,N20,VIIRS,n,2.0NRT,282.25,0.79,N,VIIRS_NOAA20_NRT,,
15.17711,76.65511,308.27,0.33,0.56,2026-07-12,1957,N20,VIIRS,n,2.0NRT,282.48,0.79,N,VIIRS_NOAA20_NRT,,
15.17992,76.65668,301.94,0.34,0.56,2026-07-12,1957,N20,VIIRS,n,2.0NRT,281.4,1.27,N,VIIRS_NOAA20_NRT,,
15.18027,76.65357,303.48,0.34,0.56,2026-07-12,1957,N20,VIIRS,n,2.0NRT,281.35,1.22,N,VIIRS_NOAA20_NRT,,
15.18072,76.66813,303.06,0.33,0.56,2026-07-12,1957,N20,VIIRS,n,2.0NRT,280.71,1.08,N,VIIRS_NOAA20_NRT,,
15.18109,76.66503,309.75,0.33,0.56,2026-07-12,1957,N20,VIIRS,n,2.0NRT,280.97,1.41,N,VIIRS_NOAA20_NRT,,
15.18289,76.67597,305.81,0.33,0.56,2026-07-12,1957,N20,VIIRS,n,2.0NRT,279.2,2.04,N,VIIRS_NOAA20_NRT,,
15.18397,76.66664,319.84,0.33,0.56,2026-07-12,1957,N20,VIIRS,n,2.0NRT,280.73,2.43,N,VIIRS_NOAA20_NRT,,
15.18469,76.67806,302.23,0.33,0.56,2026-07-12,1957,N20,VIIRS,n,2.0NRT,278.86,0.37,N,VIIRS_NOAA20_NRT,,
15.39478,79.49174,309.76,0.44,0.46,2026-07-12,1957,N20,VIIRS,n,2.0NRT,293.73,3.99,N,VIIRS_NOAA20_NRT,,
34.41971,72.70642,304.27,0.47,0.48,2026-07-12,2131,N20,VIIRS,n,2.0NRT,288.5,0.7,N,VIIRS_NOAA20_NRT,,
34.42283,72.71294,303.34,0.47,0.48,2026-07-12,2131,N20,VIIRS,n,2.0NRT,288.48,1.26,N,VIIRS_NOAA20_NRT,,
34.42387,72.70828,311.41,0.47,0.48,2026-07-12,2131,N20,VIIRS,n,2.0NRT,288.71,1.42,N,VIIRS_NOAA20_NRT,,
32.88892,71.61451,308.42,0.44,0.46,2026-07-12,2133,N20,VIIRS,n,2.0NRT,293.01,4.23,N,VIIRS_NOAA20_NRT,,
21.10567,72.64745,319.08,0.46,0.63,2026-07-12,2136,N20,VIIRS,n,2.0NRT,290.02,2.28,N,VIIRS_NOAA20_NRT,,
21.10665,72.64317,309.14,0.46,0.63,2026-07-12,2136,N20,VIIRS,n,2.0NRT,289.56,2.28,N,VIIRS_NOAA20_NRT,,
22.41734,69.04002,305.51,0.51,0.49,2026-07-12,2136,N20,VIIRS,n,2.0NRT,292.28,1.51,N,VIIRS_NOAA20_NRT,,
23.06632,75.37764,297.88,0.62,0.71,2026-07-12,2136,N20,VIIRS,n,2.0NRT,283.94,1.69,N,VIIRS_NOAA20_NRT,,
23.49741,68.57955,303.53,0.45,0.47,2026-07-12,2136,N20,VIIRS,n,2.0NRT,290.19,1.04,N,VIIRS_NOAA20_NRT,,
15.65613,73.98821,297.87,0.73,0.76,2026-07-12,2138,N20,VIIRS,n,2.0NRT,285.17,1.85,N,VIIRS_NOAA20_NRT,,
18.68046,73.04364,302.95,0.55,0.68,2026-07-12,2138,N20,VIIRS,n,2.0NRT,287.23,2.31,N,VIIRS_NOAA20_NRT,,
18.68187,73.04217,302.5,0.55,0.68,2026-07-12,2138,N20,VIIRS,n,2.0NRT,287.17,1.49,N,VIIRS_NOAA20_NRT,,
18.68276,73.0336,299.69,0.54,0.68,2026-07-12,2138,N20,VIIRS,n,2.0NRT,283.75,2.39,N,VIIRS_NOAA20_NRT,,
18.683,73.03712,302.75,0.55,0.68,2026-07-12,2138,N20,VIIRS,n,2.0NRT,286.44,1.49,N,VIIRS_NOAA20_NRT,,
19.17754,70.94583,307.85,0.39,0.59,2026-07-12,2138,N20,VIIRS,n,2.0NRT,293.12,2.34,N,VIIRS_NOAA20_NRT,,
15.44864,79.31201,330.01,0.76,0.77,2026-07-13,705,N20,VIIRS,n,2.0NRT,291.87,4.51,D,VIIRS_NOAA20_NRT,,
20.86461,84.98956,333.1,0.5,0.49,2026-07-13,707,N20,VIIRS,n,2.0NRT,292.0,3.0,D,VIIRS_NOAA20_NRT,,
20.96539,85.17175,334.6,0.49,0.48,2026-07-13,707,N20,VIIRS,n,2.0NRT,295.86,7.52,D,VIIRS_NOAA20_NRT,,
20.9663,85.17638,331.6,0.49,0.48,2026-07-13,707,N20,VIIRS,n,2.0NRT,294.99,8.51,D,VIIRS_NOAA20_NRT,,
20.97068,85.17537,331.15,0.49,0.48,2026-07-13,707,N20,VIIRS,n,2.0NRT,295.07,4.1,D,VIIRS_NOAA20_NRT,,
20.97159,85.18,330.19,0.49,0.48,2026-07-13,707,N20,VIIRS,n,2.0NRT,292.68,4.1,D,VIIRS_NOAA20_NRT,,
20.97663,85.13534,330.87,0.49,0.49,2026-07-13,707,N20,VIIRS,n,2.0NRT,295.18,3.85,D,VIIRS_NOAA20_NRT,,
22.23085,96.0753,335.64,0.51,0.41,2026-07-13,707,N20,VIIRS,n,2.0NRT,295.58,5.43,D,VIIRS_NOAA20_NRT,,
22.23131,96.07822,337.13,0.51,0.41,2026-07-13,707,N20,VIIRS,n,2.0NRT,295.91,5.82,D,VIIRS_NOAA20_NRT,,
22.60668,95.63266,330.43,0.49,0.4,2026-07-13,707,N20,VIIRS,n,2.0NRT,294.01,5.34,D,VIIRS_NOAA20_NRT,,
22.67637,95.38967,334.99,0.48,0.4,2026-07-13,707,N20,VIIRS,n,2.0NRT,293.61,2.93,D,VIIRS_NOAA20_NRT,,
22.67699,95.39233,341.1,0.48,0.4,2026-07-13,707,N20,VIIRS,n,2.0NRT,293.28,3.86,D,VIIRS_NOAA20_NRT,,
22.74149,95.54717,331.39,0.49,0.4,2026-07-13,707,N20,VIIRS,n,2.0NRT,294.32,6.37,D,VIIRS_NOAA20_NRT,,
23.82669,84.57101,326.51,0.47,0.48,2026-07-13,707,N20,VIIRS,n,2.0NRT,287.26,9.57,D,VIIRS_NOAA20_NRT,,
29.62795,90.96831,338.6,0.39,0.36,2026-07-13,709,N20,VIIRS,n,2.0NRT,293.86,2.99,D,VIIRS_NOAA20_NRT,,
8.47998,80.37708,352.97,0.47,0.64,2026-07-13,843,N20,VIIRS,n,2.0NRT,292.65,8.48,D,VIIRS_NOAA20_NRT,,
8.67758,80.75758,334.44,0.5,0.66,2026-07-13,843,N20,VIIRS,n,2.0NRT,294.65,4.56,D,VIIRS_NOAA20_NRT,,
8.83516,77.82707,343.63,0.64,0.54,2026-07-13,843,N20,VIIRS,n,2.0NRT,303.85,27.03,D,VIIRS_NOAA20_NRT,,
8.86864,77.8896,341.39,0.32,0.55,2026-07-13,843,N20,VIIRS,n,2.0NRT,302.76,1.54,D,VIIRS_NOAA20_NRT,,
8.86902,77.89256,335.44,0.32,0.55,2026-07-13,843,N20,VIIRS,n,2.0NRT,302.78,1.54,D,VIIRS_NOAA20_NRT,,
8.86955,77.89191,349.47,0.32,0.55,2026-07-13,843,N20,VIIRS,n,2.0NRT,302.93,3.43,D,VIIRS_NOAA20_NRT,,
9.06521,80.71007,336.06,0.5,0.66,2026-07-13,843,N20,VIIRS,n,2.0NRT,294.02,6.97,D,VIIRS_NOAA20_NRT,,
8.98864,77.5248,334.08,0.61,0.53,2026-07-13,845,N20,VIIRS,n,2.0NRT,301.32,5.89,D,VIIRS_NOAA20_NRT,,
9.01023,77.83949,342.71,0.32,0.55,2026-07-13,845,N20,VIIRS,n,2.0NRT,304.19,3.79,D,VIIRS_NOAA20_NRT,,
9.17289,77.83407,335.42,0.32,0.55,2026-07-13,845,N20,VIIRS,n,2.0NRT,303.94,1.92,D,VIIRS_NOAA20_NRT,,
9.22128,77.93373,338.16,0.33,0.55,2026-07-13,845,N20,VIIRS,n,2.0NRT,307.4,3.15,D,VIIRS_NOAA20_NRT,,
9.38713,78.26743,335.67,0.35,0.56,2026-07-13,845,N20,VIIRS,n,2.0NRT,305.12,2.77,D,VIIRS_NOAA20_NRT,,
9.4057,78.81275,334.91,0.38,0.59,2026-07-13,845,N20,VIIRS,n,2.0NRT,298.28,3.38,D,VIIRS_NOAA20_NRT,,
9.51286,78.62346,355.38,0.37,0.58,2026-07-13,845,N20,VIIRS,n,2.0NRT,298.96,9.37,D,VIIRS_NOAA20_NRT,,
9.51329,78.62685,331.64,0.37,0.58,2026-07-13,845,N20,VIIRS,n,2.0NRT,295.16,9.37,D,VIIRS_NOAA20_NRT,,
9.51821,78.6228,367.0,0.37,0.58,2026-07-13,845,N20,VIIRS,h,2.0NRT,297.39,9.37,D,VIIRS_NOAA20_NRT,,
9.51864,78.62618,337.27,0.37,0.58,2026-07-13,845,N20,VIIRS,n,2.0NRT,294.67,9.37,D,VIIRS_NOAA20_NRT,,
9.65238,78.7539,337.51,0.38,0.59,2026-07-13,845,N20,VIIRS,n,2.0NRT,303.21,3.28,D,VIIRS_NOAA20_NRT,,
9.66427,78.46659,344.02,0.36,0.57,2026-07-13,845,N20,VIIRS,n,2.0NRT,299.68,4.75,D,VIIRS_NOAA20_NRT,,
9.67734,78.95116,347.91,0.39,0.59,2026-07-13,845,N20,VIIRS,n,2.0NRT,297.84,5.48,D,VIIRS_NOAA20_NRT,,
9.80329,78.05615,352.9,0.34,0.56,2026-07-13,845,N20,VIIRS,n,2.0NRT,292.52,3.72,D,VIIRS_NOAA20_NRT,,
9.80845,78.05547,341.51,0.34,0.56,2026-07-13,845,N20,VIIRS,n,2.0NRT,293.79,3.72,D,VIIRS_NOAA20_NRT,,
10.02161,78.17255,340.75,0.35,0.57,2026-07-13,845,N20,VIIRS,n,2.0NRT,295.25,2.99,D,VIIRS_NOAA20_NRT,,
10.79749,77.89354,333.34,0.34,0.56,2026-07-13,845,N20,VIIRS,n,2.0NRT,300.7,0.87,D,VIIRS_NOAA20_NRT,,
10.79898,77.89291,333.25,0.34,0.56,2026-07-13,845,N20,VIIRS,n,2.0NRT,300.61,0.75,D,VIIRS_NOAA20_NRT,,
11.03079,77.9548,332.64,0.35,0.57,2026-07-13,845,N20,VIIRS,n,2.0NRT,299.58,3.04,D,VIIRS_NOAA20_NRT,,
11.10599,79.79872,332.03,0.47,0.64,2026-07-13,845,N20,VIIRS,n,2.0NRT,296.96,5.65,D,VIIRS_NOAA20_NRT,,
11.151,78.71114,330.69,0.39,0.6,2026-07-13,845,N20,VIIRS,n,2.0NRT,295.56,1.34,D,VIIRS_NOAA20_NRT,,
11.31904,78.57916,350.38,0.39,0.59,2026-07-13,845,N20,VIIRS,n,2.0NRT,296.83,30.68,D,VIIRS_NOAA20_NRT,,
11.31953,78.58296,367.0,0.39,0.59,2026-07-13,845,N20,VIIRS,h,2.0NRT,299.38,50.31,D,VIIRS_NOAA20_NRT,,
11.32008,78.57775,330.35,0.39,0.59,2026-07-13,845,N20,VIIRS,n,2.0NRT,294.67,24.42,D,VIIRS_NOAA20_NRT,,
11.32053,78.58149,351.4,0.39,0.59,2026-07-13,845,N20,VIIRS,n,2.0NRT,304.25,59.18,D,VIIRS_NOAA20_NRT,,
12.4411,79.0306,331.1,0.43,0.62,2026-07-13,845,N20,VIIRS,n,2.0NRT,292.86,3.23,D,VIIRS_NOAA20_NRT,,
12.44302,79.02996,332.47,0.43,0.62,2026-07-13,845,N20,VIIRS,n,2.0NRT,293.06,3.77,D,VIIRS_NOAA20_NRT,,
12.65957,79.47225,339.32,0.46,0.64,2026-07-13,845,N20,VIIRS,n,2.0NRT,300.52,3.85,D,VIIRS_NOAA20_NRT,,
12.66774,80.18936,337.6,0.52,0.67,2026-07-13,845,N20,VIIRS,n,2.0NRT,297.44,5.53,D,VIIRS_NOAA20_NRT,,
12.66795,80.18925,336.11,0.52,0.67,2026-07-13,845,N20,VIIRS,n,2.0NRT,297.66,4.98,D,VIIRS_NOAA20_NRT,,
12.6703,79.31519,332.36,0.45,0.63,2026-07-13,845,N20,VIIRS,n,2.0NRT,294.86,2.8,D,VIIRS_NOAA20_NRT,,
12.74788,80.23463,333.24,0.52,0.67,2026-07-13,845,N20,VIIRS,n,2.0NRT,295.85,3.48,D,VIIRS_NOAA20_NRT,,
13.19356,78.68954,330.73,0.42,0.61,2026-07-13,845,N20,VIIRS,l,2.0NRT,301.73,4.42,D,VIIRS_NOAA20_NRT,,
13.19402,78.69351,344.47,0.42,0.61,2026-07-13,845,N20,VIIRS,n,2.0NRT,301.4,4.42,D,VIIRS_NOAA20_NRT,,
13.26609,80.08582,353.26,0.52,0.67,2026-07-13,845,N20,VIIRS,n,2.0NRT,298.14,10.41,D,VIIRS_NOAA20_NRT,,
13.26664,80.09068,349.06,0.52,0.67,2026-07-13,845,N20,VIIRS,n,2.0NRT,295.94,10.41,D,VIIRS_NOAA20_NRT,,
13.69284,78.12711,332.12,0.39,0.59,2026-07-13,845,N20,VIIRS,l,2.0NRT,302.15,2.68,D,VIIRS_NOAA20_NRT,,
13.93098,76.51957,335.54,0.61,0.53,2026-07-13,845,N20,VIIRS,n,2.0NRT,303.27,1.81,D,VIIRS_NOAA20_NRT,,
14.30881,77.4395,356.49,0.36,0.57,2026-07-13,845,N20,VIIRS,l,2.0NRT,303.5,2.99,D,VIIRS_NOAA20_NRT,,
14.3092,77.44282,338.85,0.36,0.57,2026-07-13,845,N20,VIIRS,n,2.0NRT,302.2,2.99,D,VIIRS_NOAA20_NRT,,
14.39163,77.65665,330.34,0.37,0.58,2026-07-13,845,N20,VIIRS,l,2.0NRT,301.91,1.28,D,VIIRS_NOAA20_NRT,,
14.39293,77.92903,345.49,0.39,0.59,2026-07-13,845,N20,VIIRS,n,2.0NRT,301.88,3.3,D,VIIRS_NOAA20_NRT,,
14.56909,76.97346,337.64,0.33,0.56,2026-07-13,845,N20,VIIRS,n,2.0NRT,302.62,1.7,D,VIIRS_NOAA20_NRT,,
14.58799,74.35297,332.42,0.45,0.47,2026-07-13,845,N20,VIIRS,n,2.0NRT,295.68,4.34,D,VIIRS_NOAA20_NRT,,
14.70667,77.28417,335.26,0.35,0.57,2026-07-13,845,N20,VIIRS,n,2.0NRT,300.86,1.6,D,VIIRS_NOAA20_NRT,,
14.83692,77.08007,330.9,0.34,0.56,2026-07-13,845,N20,VIIRS,l,2.0NRT,304.33,1.61,D,VIIRS_NOAA20_NRT,,
14.89704,77.03977,332.17,0.34,0.56,2026-07-13,845,N20,VIIRS,n,2.0NRT,302.69,0.7,D,VIIRS_NOAA20_NRT,,
14.90221,77.03918,336.59,0.34,0.56,2026-07-13,845,N20,VIIRS,n,2.0NRT,301.75,1.6,D,VIIRS_NOAA20_NRT,,
15.02404,77.60071,339.96,0.37,0.58,2026-07-13,845,N20,VIIRS,n,2.0NRT,299.71,1.99,D,VIIRS_NOAA20_NRT,,
15.0269,77.60345,330.56,0.37,0.58,2026-07-13,845,N20,VIIRS,n,2.0NRT,299.84,3.17,D,VIIRS_NOAA20_NRT,,
15.08182,78.42484,333.2,0.42,0.61,2026-07-13,845,N20,VIIRS,n,2.0NRT,300.32,2.11,D,VIIRS_NOAA20_NRT,,
15.12671,79.81377,336.92,0.53,0.67,2026-07-13,845,N20,VIIRS,n,2.0NRT,298.04,2.44,D,VIIRS_NOAA20_NRT,,
15.17305,76.66007,332.21,0.32,0.55,2026-07-13,845,N20,VIIRS,n,2.0NRT,302.01,2.06,D,VIIRS_NOAA20_NRT,,
15.18963,78.1461,338.94,0.41,0.6,2026-07-13,845,N20,VIIRS,n,2.0NRT,300.55,2.0,D,VIIRS_NOAA20_NRT,,
15.1906,78.14549,336.19,0.41,0.6,2026-07-13,845,N20,VIIRS,n,2.0NRT,300.98,1.9,D,VIIRS_NOAA20_NRT,,
15.62106,77.89457,336.03,0.4,0.6,2026-07-13,845,N20,VIIRS,n,2.0NRT,299.55,1.61,D,VIIRS_NOAA20_NRT,,
16.21197,79.25227,331.17,0.5,0.66,2026-07-13,845,N20,VIIRS,n,2.0NRT,292.74,2.62,D,VIIRS_NOAA20_NRT,,
16.5438,78.48209,333.44,0.45,0.63,2026-07-13,845,N20,VIIRS,n,2.0NRT,297.34,3.4,D,VIIRS_NOAA20_NRT,,
16.70633,76.50587,332.78,0.33,0.55,2026-07-13,848,N20,VIIRS,l,2.0NRT,304.92,1.59,D,VIIRS_NOAA20_NRT,,
16.70944,76.50437,332.55,0.33,0.55,2026-07-13,848,N20,VIIRS,l,2.0NRT,304.38,1.58,D,VIIRS_NOAA20_NRT,,
17.04142,77.63634,336.03,0.4,0.6,2026-07-13,848,N20,VIIRS,n,2.0NRT,299.31,1.57,D,VIIRS_NOAA20_NRT,,
17.57565,75.84245,331.21,0.61,0.54,2026-07-13,848,N20,VIIRS,l,2.0NRT,302.51,4.26,D,VIIRS_NOAA20_NRT,,
17.86712,76.67866,332.55,0.35,0.57,2026-07-13,848,N20,VIIRS,l,2.0NRT,302.99,1.76,D,VIIRS_NOAA20_NRT,,
17.86748,76.68198,336.11,0.35,0.57,2026-07-13,848,N20,VIIRS,n,2.0NRT,302.18,1.76,D,VIIRS_NOAA20_NRT,,
17.8973,76.12593,332.58,0.32,0.55,2026-07-13,848,N20,VIIRS,l,2.0NRT,304.23,1.63,D,VIIRS_NOAA20_NRT,,
18.26646,76.73109,330.73,0.36,0.57,2026-07-13,848,N20,VIIRS,n,2.0NRT,298.13,0.85,D,VIIRS_NOAA20_NRT,,
18.68176,73.03894,330.61,0.42,0.45,2026-07-13,848,N20,VIIRS,n,2.0NRT,299.26,4.85,D,VIIRS_NOAA20_NRT,,
18.69056,73.04181,332.99,0.42,0.45,2026-07-13,848,N20,VIIRS,n,2.0NRT,299.59,4.83,D,VIIRS_NOAA20_NRT,,
20.02091,73.97487,333.76,0.5,0.49,2026-07-13,848,N20,VIIRS,n,2.0NRT,300.86,3.62,D,VIIRS_NOAA20_NRT,,
21.09989,72.6349,333.94,0.42,0.46,2026-07-13,848,N20,VIIRS,n,2.0NRT,290.78,4.37,D,VIIRS_NOAA20_NRT,,
21.10551,72.64664,346.46,0.43,0.46,2026-07-13,848,N20,VIIRS,n,2.0NRT,291.75,7.56,D,VIIRS_NOAA20_NRT,,
22.41652,69.03997,330.35,0.43,0.38,2026-07-13,850,N20,VIIRS,n,2.0NRT,297.38,3.02,D,VIIRS_NOAA20_NRT,,
23.34669,69.33263,348.99,0.45,0.39,2026-07-13,850,N20,VIIRS,n,2.0NRT,301.12,4.97,D,VIIRS_NOAA20_NRT,,
23.41624,69.45518,336.13,0.46,0.39,2026-07-13,850,N20,VIIRS,n,2.0NRT,300.38,2.13,D,VIIRS_NOAA20_NRT,,
23.6199,69.44487,336.33,0.46,0.39,2026-07-13,850,N20,VIIRS,n,2.0NRT,299.84,2.65,D,VIIRS_NOAA20_NRT,,
23.65375,69.25754,340.73,0.45,0.39,2026-07-13,850,N20,VIIRS,n,2.0NRT,300.14,8.33,D,VIIRS_NOAA20_NRT,,
24.3626,68.7926,338.66,0.44,0.38,2026-07-13,850,N20,VIIRS,n,2.0NRT,296.71,3.37,D,VIIRS_NOAA20_NRT,,
25.3871,68.58225,337.73,0.44,0.38,2026-07-13,850,N20,VIIRS,n,2.0NRT,297.98,3.19,D,VIIRS_NOAA20_NRT,,
25.91743,68.14915,339.47,0.43,0.38,2026-07-13,850,N20,VIIRS,n,2.0NRT,300.44,4.17,D,VIIRS_NOAA20_NRT,,
27.69424,68.12695,334.76,0.44,0.39,2026-07-13,850,N20,VIIRS,n,2.0NRT,300.18,3.03,D,VIIRS_NOAA20_NRT,,
27.83923,68.79427,335.3,0.48,0.4,2026-07-13,850,N20,VIIRS,n,2.0NRT,298.28,2.18,D,VIIRS_NOAA20_NRT,,
27.87326,68.29131,337.16,0.45,0.39,2026-07-13,850,N20,VIIRS,n,2.0NRT,299.46,2.95,D,VIIRS_NOAA20_NRT,,
27.87453,68.28968,336.26,0.45,0.39,2026-07-13,850,N20,VIIRS,n,2.0NRT,299.61,3.3,D,VIIRS_NOAA20_NRT,,
28.05248,68.5067,339.18,0.46,0.39,2026-07-13,850,N20,VIIRS,n,2.0NRT,299.04,4.49,D,VIIRS_NOAA20_NRT,,
28.29502,68.1256,339.6,0.45,0.39,2026-07-13,850,N20,VIIRS,n,2.0NRT,299.9,3.45,D,VIIRS_NOAA20_NRT,,
29.42155,71.31289,342.26,0.45,0.47,2026-07-13,850,N20,VIIRS,n,2.0NRT,294.4,8.17,D,VIIRS_NOAA20_NRT,,
29.50037,71.74859,340.08,0.48,0.48,2026-07-13,850,N20,VIIRS,n,2.0NRT,294.28,4.97,D,VIIRS_NOAA20_NRT,,
29.50425,71.87918,337.61,0.49,0.48,2026-07-13,850,N20,VIIRS,n,2.0NRT,292.55,5.92,D,VIIRS_NOAA20_NRT,,
29.63351,72.20987,330.61,0.51,0.49,2026-07-13,850,N20,VIIRS,n,2.0NRT,295.7,3.24,D,VIIRS_NOAA20_NRT,,
29.66169,72.02679,337.35,0.5,0.49,2026-07-13,850,N20,VIIRS,n,2.0NRT,295.51,4.82,D,VIIRS_NOAA20_NRT,,
29.71191,72.35181,331.69,0.52,0.5,2026-07-13,850,N20,VIIRS,n,2.0NRT,296.2,4.5,D,VIIRS_NOAA20_NRT,,
29.74457,72.35569,343.97,0.52,0.5,2026-07-13,850,N20,VIIRS,n,2.0NRT,296.67,9.36,D,VIIRS_NOAA20_NRT,,
29.74507,72.36111,344.57,0.52,0.5,2026-07-13,850,N20,VIIRS,n,2.0NRT,295.84,9.36,D,VIIRS_NOAA20_NRT,,
29.74917,72.35514,344.31,0.52,0.5,2026-07-13,850,N20,VIIRS,n,2.0NRT,295.98,9.36,D,VIIRS_NOAA20_NRT,,
29.74967,72.36056,332.2,0.52,0.5,2026-07-13,850,N20,VIIRS,n,2.0NRT,296.21,9.36,D,VIIRS_NOAA20_NRT,,
29.76355,72.26086,335.12,0.51,0.5,2026-07-13,850,N20,VIIRS,n,2.0NRT,295.1,4.13,D,VIIRS_NOAA20_NRT,,
29.80707,72.42534,332.78,0.53,0.5,2026-07-13,850,N20,VIIRS,n,2.0NRT,295.68,5.05,D,VIIRS_NOAA20_NRT,,
29.75866,71.21599,333.45,0.45,0.47,2026-07-13,852,N20,VIIRS,n,2.0NRT,290.68,2.32,D,VIIRS_NOAA20_NRT,,
29.84155,71.23541,332.15,0.45,0.47,2026-07-13,852,N20,VIIRS,n,2.0NRT,295.96,2.05,D,VIIRS_NOAA20_NRT,,
29.8536,72.59144,330.3,0.54,0.51,2026-07-13,852,N20,VIIRS,n,2.0NRT,293.71,4.13,D,VIIRS_NOAA20_NRT,,
29.88105,72.63383,337.35,0.54,0.51,2026-07-13,852,N20,VIIRS,n,2.0NRT,293.02,3.03,D,VIIRS_NOAA20_NRT,,
29.88575,72.63329,346.18,0.54,0.51,2026-07-13,852,N20,VIIRS,n,2.0NRT,294.4,7.91,D,VIIRS_NOAA20_NRT,,
29.88589,71.68799,336.85,0.48,0.48,2026-07-13,852,N20,VIIRS,n,2.0NRT,294.08,4.11,D,VIIRS_NOAA20_NRT,,
29.91568,72.34912,331.71,0.52,0.5,2026-07-13,852,N20,VIIRS,n,2.0NRT,296.0,1.95,D,VIIRS_NOAA20_NRT,,
30.00832,72.49794,334.03,0.54,0.5,2026-07-13,852,N20,VIIRS,n,2.0NRT,296.11,7.43,D,VIIRS_NOAA20_NRT,,
30.09533,73.08162,334.09,0.58,0.52,2026-07-13,852,N20,VIIRS,n,2.0NRT,295.85,4.29,D,VIIRS_NOAA20_NRT,,
30.11903,71.99285,332.41,0.5,0.49,2026-07-13,852,N20,VIIRS,n,2.0NRT,295.14,3.11,D,VIIRS_NOAA20_NRT,,
30.58185,73.72875,340.01,0.32,0.55,2026-07-13,852,N20,VIIRS,n,2.0NRT,299.67,3.84,D,VIIRS_NOAA20_NRT,,
30.9326,73.27178,333.66,0.61,0.53,2026-07-13,852,N20,VIIRS,n,2.0NRT,292.39,5.95,D,VIIRS_NOAA20_NRT,,
30.93315,73.27822,340.46,0.61,0.53,2026-07-13,852,N20,VIIRS,n,2.0NRT,290.09,5.95,D,VIIRS_NOAA20_NRT,,
31.22243,73.74161,331.53,0.33,0.55,2026-07-13,852,N20,VIIRS,l,2.0NRT,305.9,2.32,D,VIIRS_NOAA20_NRT,,
31.22348,73.75552,330.16,0.33,0.55,2026-07-13,852,N20,VIIRS,l,2.0NRT,304.17,5.24,D,VIIRS_NOAA20_NRT,,
33.2574,70.70326,342.25,0.46,0.47,2026-07-13,852,N20,VIIRS,n,2.0NRT,307.78,9.28,D,VIIRS_NOAA20_NRT,,
33.25836,70.71324,333.17,0.46,0.47,2026-07-13,852,N20,VIIRS,l,2.0NRT,305.16,2.4,D,VIIRS_NOAA20_NRT,,
33.26176,70.70278,340.81,0.46,0.47,2026-07-13,852,N20,VIIRS,n,2.0NRT,306.97,14.54,D,VIIRS_NOAA20_NRT,,
33.26221,70.70751,348.7,0.46,0.47,2026-07-13,852,N20,VIIRS,n,2.0NRT,310.03,14.54,D,VIIRS_NOAA20_NRT,,
33.26994,71.58967,335.59,0.52,0.5,2026-07-13,852,N20,VIIRS,n,2.0NRT,302.7,3.22,D,VIIRS_NOAA20_NRT,,
33.27016,71.59296,337.73,0.52,0.5,2026-07-13,852,N20,VIIRS,n,2.0NRT,302.82,3.51,D,VIIRS_NOAA20_NRT,,
35.99188,94.8306,307.47,0.39,0.36,2026-07-13,1932,N20,VIIRS,n,2.0NRT,282.3,1.16,N,VIIRS_NOAA20_NRT,,
27.37581,77.6872,312.72,0.79,0.78,2026-07-13,1934,N20,VIIRS,n,2.0NRT,290.08,3.33,N,VIIRS_NOAA20_NRT,,
27.37771,95.33472,315.83,0.41,0.37,2026-07-13,1934,N20,VIIRS,n,2.0NRT,278.46,1.37,N,VIIRS_NOAA20_NRT,,
21.19331,81.41738,311.72,0.4,0.6,2026-07-13,1936,N20,VIIRS,n,2.0NRT,267.23,1.67,N,VIIRS_NOAA20_NRT,,
21.19367,81.41359,297.0,0.4,0.6,2026-07-13,1936,N20,VIIRS,n,2.0NRT,266.26,1.25,N,VIIRS_NOAA20_NRT,,
21.24569,79.22491,295.22,0.55,0.68,2026-07-13,1936,N20,VIIRS,n,2.0NRT,274.83,1.47,N,VIIRS_NOAA20_NRT,,
21.80292,82.03979,295.77,0.37,0.58,2026-07-13,1936,N20,VIIRS,n,2.0NRT,275.38,0.73,N,VIIRS_NOAA20_NRT,,
22.31849,82.57055,300.68,0.35,0.56,2026-07-13,1936,N20,VIIRS,n,2.0NRT,280.07,1.32,N,VIIRS_NOAA20_NRT,,
22.33063,82.60566,297.94,0.34,0.56,2026-07-13,1936,N20,VIIRS,n,2.0NRT,275.52,1.29,N,VIIRS_NOAA20_NRT,,
22.33218,82.60658,296.96,0.34,0.56,2026-07-13,1936,N20,VIIRS,n,2.0NRT,274.38,0.82,N,VIIRS_NOAA20_NRT,,
13.70938,79.61838,305.62,0.42,0.61,2026-07-13,1938,N20,VIIRS,n,2.0NRT,291.44,1.93,N,VIIRS_NOAA20_NRT,,
13.73241,79.29855,303.99,0.45,0.63,2026-07-13,1938,N20,VIIRS,n,2.0NRT,289.45,1.13,N,VIIRS_NOAA20_NRT,,
15.18104,76.66579,307.13,0.7,0.75,2026-07-13,1938,N20,VIIRS,n,2.0NRT,286.13,4.17,N,VIIRS_NOAA20_NRT,,
15.18134,76.66498,308.42,0.7,0.75,2026-07-13,1938,N20,VIIRS,n,2.0NRT,286.43,3.11,N,VIIRS_NOAA20_NRT,,
15.76179,79.12212,305.73,0.49,0.65,2026-07-13,1938,N20,VIIRS,n,2.0NRT,285.62,1.8,N,VIIRS_NOAA20_NRT,,
17.46637,80.65451,305.72,0.4,0.6,2026-07-13,1938,N20,VIIRS,n,2.0NRT,283.56,0.5,N,VIIRS_NOAA20_NRT,,
19.81022,79.34106,303.03,0.52,0.67,2026-07-13,1938,N20,VIIRS,n,2.0NRT,288.25,0.87,N,VIIRS_NOAA20_NRT,,
19.81067,79.33602,304.14,0.52,0.67,2026-07-13,1938,N20,VIIRS,n,2.0NRT,287.75,0.87,N,VIIRS_NOAA20_NRT,,
11.85132,77.78665,303.09,0.53,0.67,2026-07-13,1940,N20,VIIRS,n,2.0NRT,275.84,1.54,N,VIIRS_NOAA20_NRT,,
11.90404,79.7718,299.46,0.39,0.59,2026-07-13,1940,N20,VIIRS,n,2.0NRT,272.25,0.69,N,VIIRS_NOAA20_NRT,,
11.90532,79.76947,304.21,0.39,0.59,2026-07-13,1940,N20,VIIRS,n,2.0NRT,273.29,0.77,N,VIIRS_NOAA20_NRT,,
12.28776,79.93712,318.27,0.39,0.59,2026-07-13,1940,N20,VIIRS,n,2.0NRT,284.37,1.98,N,VIIRS_NOAA20_NRT,,
12.28941,79.93671,348.31,0.39,0.59,2026-07-13,1940,N20,VIIRS,n,2.0NRT,285.38,5.92,N,VIIRS_NOAA20_NRT,,
12.28983,79.93317,307.08,0.39,0.59,2026-07-13,1940,N20,VIIRS,n,2.0NRT,284.53,3.9,N,VIIRS_NOAA20_NRT,,
12.2932,79.93784,338.05,0.39,0.59,2026-07-13,1940,N20,VIIRS,n,2.0NRT,284.77,3.97,N,VIIRS_NOAA20_NRT,,
12.29364,79.93429,304.79,0.39,0.59,2026-07-13,1940,N20,VIIRS,n,2.0NRT,284.44,2.61,N,VIIRS_NOAA20_NRT,,
12.74847,77.62045,307.06,0.56,0.69,2026-07-13,1940,N20,VIIRS,n,2.0NRT,273.78,1.62,N,VIIRS_NOAA20_NRT,,
12.89376,79.84945,309.07,0.4,0.6,2026-07-13,1940,N20,VIIRS,n,2.0NRT,289.17,1.3,N,VIIRS_NOAA20_NRT,,
31.26035,76.92735,303.15,0.52,0.5,2026-07-13,2114,N20,VIIRS,n,2.0NRT,290.39,0.71,N,VIIRS_NOAA20_NRT,,
32.29015,70.73763,311.87,0.4,0.37,2026-07-13,2114,N20,VIIRS,n,2.0NRT,297.85,3.24,N,VIIRS_NOAA20_NRT,,
32.29488,70.73013,313.66,0.4,0.37,2026-07-13,2114,N20,VIIRS,n,2.0NRT,297.03,2.72,N,VIIRS_NOAA20_NRT,,
32.71793,72.7739,304.93,0.45,0.39,2026-07-13,2114,N20,VIIRS,n,2.0NRT,292.66,0.85,N,VIIRS_NOAA20_NRT,,
32.72266,72.92544,304.57,0.46,0.39,2026-07-13,2114,N20,VIIRS,n,2.0NRT,292.21,0.82,N,VIIRS_NOAA20_NRT,,
32.88747,71.6149,308.75,0.41,0.37,2026-07-13,2114,N20,VIIRS,n,2.0NRT,295.01,2.71,N,VIIRS_NOAA20_NRT,,
32.89084,71.61578,310.2,0.41,0.37,2026-07-13,2114,N20,VIIRS,n,2.0NRT,295.39,2.71,N,VIIRS_NOAA20_NRT,,
33.82831,72.82931,304.7,0.44,0.38,2026-07-13,2114,N20,VIIRS,n,2.0NRT,292.5,0.75,N,VIIRS_NOAA20_NRT,,
33.95844,75.34669,296.71,0.56,0.43,2026-07-13,2114,N20,VIIRS,n,2.0NRT,281.56,1.01,N,VIIRS_NOAA20_NRT,,
25.38764,68.58299,311.48,0.4,0.37,2026-07-13,2116,N20,VIIRS,n,2.0NRT,295.43,2.72,N,VIIRS_NOAA20_NRT,,
26.64591,79.48125,306.51,0.46,0.64,2026-07-13,2116,N20,VIIRS,n,2.0NRT,291.63,1.26,N,VIIRS_NOAA20_NRT,,
18.57467,72.24341,315.62,0.48,0.48,2026-07-13,2118,N20,VIIRS,n,2.0NRT,291.07,2.4,N,VIIRS_NOAA20_NRT,,
18.57554,72.23897,324.83,0.48,0.48,2026-07-13,2118,N20,VIIRS,n,2.0NRT,290.98,2.4,N,VIIRS_NOAA20_NRT,,
18.9573,73.94557,336.59,0.61,0.53,2026-07-13,2118,N20,VIIRS,n,2.0NRT,292.31,10.13,N,VIIRS_NOAA20_NRT,,
18.95846,73.93985,337.98,0.61,0.53,2026-07-13,2118,N20,VIIRS,n,2.0NRT,290.18,10.13,N,VIIRS_NOAA20_NRT,,
19.80527,75.46545,311.45,0.37,0.58,2026-07-13,2118,N20,VIIRS,n,2.0NRT,290.2,1.87,N,VIIRS_NOAA20_NRT,,
19.80602,75.462,324.76,0.37,0.58,2026-07-13,2118,N20,VIIRS,n,2.0NRT,289.96,1.87,N,VIIRS_NOAA20_NRT,,
21.10711,72.64575,304.82,0.46,0.47,2026-07-13,2118,N20,VIIRS,n,2.0NRT,287.96,2.82,N,VIIRS_NOAA20_NRT,,
21.10884,72.63715,307.96,0.45,0.47,2026-07-13,2118,N20,VIIRS,n,2.0NRT,290.92,2.71,N,VIIRS_NOAA20_NRT,,
22.96785,72.55589,298.86,0.42,0.45,2026-07-13,2118,N20,VIIRS,n,2.0NRT,275.94,0.39,N,VIIRS_NOAA20_NRT,,
15.17594,76.65908,301.32,0.54,0.68,2026-07-13,2121,N20,VIIRS,n,2.0NRT,281.07,1.49,N,VIIRS_NOAA20_NRT,,
15.17701,76.65415,309.48,0.54,0.68,2026-07-13,2121,N20,VIIRS,n,2.0NRT,281.38,1.49,N,VIIRS_NOAA20_NRT,,
15.17883,76.6754,307.51,0.54,0.68,2026-07-13,2121,N20,VIIRS,n,2.0NRT,280.82,2.59,N,VIIRS_NOAA20_NRT,,
15.18096,76.66552,302.8,0.54,0.68,2026-07-13,2121,N20,VIIRS,n,2.0NRT,281.13,2.43,N,VIIRS_NOAA20_NRT,,
22.35979,91.37756,331.71,0.57,0.43,2026-07-14,650,N20,VIIRS,n,2.0NRT,292.48,7.44,D,VIIRS_NOAA20_NRT,,
22.36075,91.37915,334.4,0.57,0.43,2026-07-14,650,N20,VIIRS,n,2.0NRT,292.44,5.82,D,VIIRS_NOAA20_NRT,,
22.3637,91.37672,350.46,0.57,0.43,2026-07-14,650,N20,VIIRS,n,2.0NRT,293.18,7.44,D,VIIRS_NOAA20_NRT,,
22.36473,91.38215,350.48,0.57,0.43,2026-07-14,650,N20,VIIRS,n,2.0NRT,293.43,7.44,D,VIIRS_NOAA20_NRT,,
22.36575,91.38757,331.31,0.57,0.43,2026-07-14,650,N20,VIIRS,n,2.0NRT,292.39,5.09,D,VIIRS_NOAA20_NRT,,
22.36763,91.37588,367.0,0.57,0.43,2026-07-14,650,N20,VIIRS,h,2.0NRT,293.69,11.98,D,VIIRS_NOAA20_NRT,,
22.36865,91.3813,349.6,0.57,0.43,2026-07-14,650,N20,VIIRS,n,2.0NRT,293.47,11.98,D,VIIRS_NOAA20_NRT,,
22.36967,91.38672,354.03,0.57,0.43,2026-07-14,650,N20,VIIRS,n,2.0NRT,293.11,8.75,D,VIIRS_NOAA20_NRT,,
22.37052,91.36961,332.36,0.57,0.43,2026-07-14,650,N20,VIIRS,n,2.0NRT,292.69,9.51,D,VIIRS_NOAA20_NRT,,
22.37069,91.39213,337.88,0.57,0.43,2026-07-14,650,N20,VIIRS,n,2.0NRT,292.6,8.75,D,VIIRS_NOAA20_NRT,,
22.37155,91.37504,347.35,0.57,0.43,2026-07-14,650,N20,VIIRS,n,2.0NRT,292.96,11.98,D,VIIRS_NOAA20_NRT,,
25.2294,93.90947,207.93,0.41,0.37,2026-07-14,650,N20,VIIRS,l,2.0NRT,296.12,281.88,D,VIIRS_NOAA20_NRT,,
25.2301,93.91367,268.57,0.41,0.37,2026-07-14,650,N20,VIIRS,l,2.0NRT,297.19,182.25,D,VIIRS_NOAA20_NRT,,
25.23347,93.91302,341.16,0.41,0.37,2026-07-14,650,N20,VIIRS,l,2.0NRT,294.48,182.25,D,VIIRS_NOAA20_NRT,,
8.4227,77.62716,338.47,0.46,0.39,2026-07-14,826,N20,VIIRS,n,2.0NRT,299.63,2.45,D,VIIRS_NOAA20_NRT,,
8.44305,77.58998,330.22,0.46,0.39,2026-07-14,826,N20,VIIRS,n,2.0NRT,299.81,2.81,D,VIIRS_NOAA20_NRT,,
8.48921,77.54147,339.13,0.46,0.39,2026-07-14,826,N20,VIIRS,n,2.0NRT,309.04,4.72,D,VIIRS_NOAA20_NRT,,
8.54353,77.86736,331.61,0.48,0.4,2026-07-14,826,N20,VIIRS,n,2.0NRT,296.93,1.03,D,VIIRS_NOAA20_NRT,,
8.84973,77.86987,340.9,0.48,0.4,2026-07-14,826,N20,VIIRS,n,2.0NRT,303.59,3.51,D,VIIRS_NOAA20_NRT,,
8.90717,77.82604,340.17,0.48,0.4,2026-07-14,826,N20,VIIRS,n,2.0NRT,305.11,5.87,D,VIIRS_NOAA20_NRT,,
9.14278,78.0886,342.21,0.5,0.41,2026-07-14,826,N20,VIIRS,n,2.0NRT,311.0,11.2,D,VIIRS_NOAA20_NRT,,
9.30749,77.47403,339.14,0.46,0.39,2026-07-14,826,N20,VIIRS,l,2.0NRT,309.24,6.85,D,VIIRS_NOAA20_NRT,,
9.30822,77.47067,339.02,0.47,0.39,2026-07-14,826,N20,VIIRS,n,2.0NRT,307.66,7.04,D,VIIRS_NOAA20_NRT,,
9.3106,78.75594,339.54,0.54,0.42,2026-07-14,826,N20,VIIRS,n,2.0NRT,309.47,4.24,D,VIIRS_NOAA20_NRT,,
9.37586,77.50413,337.65,0.47,0.4,2026-07-14,826,N20,VIIRS,l,2.0NRT,312.26,4.54,D,VIIRS_NOAA20_NRT,,
9.44132,78.80486,337.68,0.55,0.43,2026-07-14,826,N20,VIIRS,n,2.0NRT,306.76,4.49,D,VIIRS_NOAA20_NRT,,
9.45894,77.51009,338.39,0.47,0.4,2026-07-14,826,N20,VIIRS,n,2.0NRT,307.36,2.89,D,VIIRS_NOAA20_NRT,,
9.45913,78.76163,337.65,0.55,0.42,2026-07-14,826,N20,VIIRS,l,2.0NRT,309.36,5.91,D,VIIRS_NOAA20_NRT,,
9.47314,78.54188,338.88,0.53,0.42,2026-07-14,826,N20,VIIRS,l,2.0NRT,312.27,6.07,D,VIIRS_NOAA20_NRT,,
9.48139,78.63009,336.26,0.54,0.42,2026-07-14,826,N20,VIIRS,l,2.0NRT,310.18,5.37,D,VIIRS_NOAA20_NRT,,
9.522,77.84711,341.79,0.49,0.4,2026-07-14,826,N20,VIIRS,l,2.0NRT,316.05,6.4,D,VIIRS_NOAA20_NRT,,
9.64834,78.48927,336.57,0.53,0.42,2026-07-14,826,N20,VIIRS,l,2.0NRT,308.64,4.84,D,VIIRS_NOAA20_NRT,,
9.76407,78.21967,336.78,0.51,0.41,2026-07-14,826,N20,VIIRS,l,2.0NRT,309.88,4.81,D,VIIRS_NOAA20_NRT,,
9.76446,78.30607,340.89,0.52,0.42,2026-07-14,826,N20,VIIRS,n,2.0NRT,305.31,6.01,D,VIIRS_NOAA20_NRT,,
9.94034,77.96139,339.95,0.5,0.41,2026-07-14,826,N20,VIIRS,l,2.0NRT,312.21,7.56,D,VIIRS_NOAA20_NRT,,
9.95498,78.23362,338.88,0.52,0.41,2026-07-14,826,N20,VIIRS,l,2.0NRT,312.87,6.66,D,VIIRS_NOAA20_NRT,,
9.95542,78.23196,340.77,0.52,0.41,2026-07-14,826,N20,VIIRS,l,2.0NRT,313.1,6.46,D,VIIRS_NOAA20_NRT,,
9.96325,78.23726,336.27,0.52,0.41,2026-07-14,826,N20,VIIRS,l,2.0NRT,310.22,4.73,D,VIIRS_NOAA20_NRT,,
9.96371,78.23559,338.89,0.52,0.41,2026-07-14,826,N20,VIIRS,l,2.0NRT,311.22,6.95,D,VIIRS_NOAA20_NRT,,
9.97925,78.26873,336.23,0.52,0.42,2026-07-14,826,N20,VIIRS,l,2.0NRT,310.98,4.36,D,VIIRS_NOAA20_NRT,,
10.00758,79.17139,338.38,0.39,0.44,2026-07-14,826,N20,VIIRS,n,2.0NRT,293.86,3.44,D,VIIRS_NOAA20_NRT,,
10.01423,78.46481,338.44,0.53,0.42,2026-07-14,826,N20,VIIRS,l,2.0NRT,309.4,3.03,D,VIIRS_NOAA20_NRT,,
10.05019,78.52464,337.98,0.54,0.42,2026-07-14,826,N20,VIIRS,l,2.0NRT,310.1,4.34,D,VIIRS_NOAA20_NRT,,
10.0648,77.51873,340.34,0.48,0.4,2026-07-14,826,N20,VIIRS,n,2.0NRT,308.63,5.04,D,VIIRS_NOAA20_NRT,,
10.65236,79.21595,333.47,0.4,0.44,2026-07-14,826,N20,VIIRS,l,2.0NRT,303.84,3.34,D,VIIRS_NOAA20_NRT,,
10.79441,78.64172,333.89,0.56,0.43,2026-07-14,826,N20,VIIRS,n,2.0NRT,303.14,4.39,D,VIIRS_NOAA20_NRT,,
10.89484,79.80357,341.33,0.44,0.46,2026-07-14,826,N20,VIIRS,n,2.0NRT,291.55,5.14,D,VIIRS_NOAA20_NRT,,
11.0569,77.94088,337.75,0.51,0.41,2026-07-14,826,N20,VIIRS,l,2.0NRT,308.38,7.33,D,VIIRS_NOAA20_NRT,,
11.13737,78.87592,344.59,0.39,0.44,2026-07-14,826,N20,VIIRS,n,2.0NRT,313.39,9.97,D,VIIRS_NOAA20_NRT,,
11.13785,78.8795,344.47,0.39,0.44,2026-07-14,826,N20,VIIRS,n,2.0NRT,310.32,8.37,D,VIIRS_NOAA20_NRT,,
11.43944,79.3994,342.88,0.42,0.45,2026-07-14,826,N20,VIIRS,n,2.0NRT,287.49,12.33,D,VIIRS_NOAA20_NRT,,
11.48218,79.27584,337.43,0.42,0.45,2026-07-14,826,N20,VIIRS,n,2.0NRT,299.24,3.9,D,VIIRS_NOAA20_NRT,,
11.59098,78.20852,332.34,0.54,0.42,2026-07-14,826,N20,VIIRS,l,2.0NRT,306.76,3.87,D,VIIRS_NOAA20_NRT,,
11.61376,79.1216,339.54,0.41,0.45,2026-07-14,826,N20,VIIRS,n,2.0NRT,305.99,9.33,D,VIIRS_NOAA20_NRT,,
11.61426,79.12537,334.22,0.41,0.45,2026-07-14,826,N20,VIIRS,n,2.0NRT,303.19,5.13,D,VIIRS_NOAA20_NRT,,
11.66474,79.06502,347.94,0.41,0.45,2026-07-14,826,N20,VIIRS,n,2.0NRT,310.29,6.91,D,VIIRS_NOAA20_NRT,,
11.73225,79.20193,341.47,0.42,0.45,2026-07-14,826,N20,VIIRS,n,2.0NRT,298.73,6.14,D,VIIRS_NOAA20_NRT,,
11.79701,78.72589,331.78,0.39,0.44,2026-07-14,826,N20,VIIRS,l,2.0NRT,306.18,1.38,D,VIIRS_NOAA20_NRT,,
11.83309,78.60222,340.15,0.38,0.43,2026-07-14,826,N20,VIIRS,n,2.0NRT,303.81,4.71,D,VIIRS_NOAA20_NRT,,
11.92392,78.99097,342.45,0.41,0.45,2026-07-14,826,N20,VIIRS,n,2.0NRT,304.29,4.7,D,VIIRS_NOAA20_NRT,,
12.24015,79.49328,332.46,0.44,0.46,2026-07-14,828,N20,VIIRS,n,2.0NRT,294.44,2.02,D,VIIRS_NOAA20_NRT,,
12.28577,79.93977,340.46,0.47,0.48,2026-07-14,828,N20,VIIRS,n,2.0NRT,292.73,5.8,D,VIIRS_NOAA20_NRT,,
13.05583,76.53694,338.74,0.46,0.39,2026-07-14,828,N20,VIIRS,l,2.0NRT,313.7,3.08,D,VIIRS_NOAA20_NRT,,
13.23607,79.17602,334.14,0.43,0.46,2026-07-14,828,N20,VIIRS,l,2.0NRT,307.24,1.4,D,VIIRS_NOAA20_NRT,,
13.80445,76.79018,334.65,0.48,0.4,2026-07-14,828,N20,VIIRS,n,2.0NRT,290.87,3.98,D,VIIRS_NOAA20_NRT,,
14.04689,78.55987,336.58,0.41,0.45,2026-07-14,828,N20,VIIRS,n,2.0NRT,300.99,3.13,D,VIIRS_NOAA20_NRT,,
14.26172,80.12807,336.34,0.52,0.5,2026-07-14,828,N20,VIIRS,l,2.0NRT,306.43,8.23,D,VIIRS_NOAA20_NRT,,
14.27496,79.74291,341.73,0.49,0.48,2026-07-14,828,N20,VIIRS,n,2.0NRT,306.62,5.67,D,VIIRS_NOAA20_NRT,,
14.27552,79.74744,339.32,0.49,0.48,2026-07-14,828,N20,VIIRS,n,2.0NRT,304.5,5.67,D,VIIRS_NOAA20_NRT,,
14.44392,77.52013,336.4,0.54,0.42,2026-07-14,828,N20,VIIRS,l,2.0NRT,308.17,1.86,D,VIIRS_NOAA20_NRT,,
14.52797,79.32855,333.06,0.46,0.47,2026-07-14,828,N20,VIIRS,n,2.0NRT,301.93,2.36,D,VIIRS_NOAA20_NRT,,
14.60032,79.65942,334.85,0.49,0.48,2026-07-14,828,N20,VIIRS,n,2.0NRT,305.88,2.49,D,VIIRS_NOAA20_NRT,,
14.61345,78.26607,347.51,0.4,0.44,2026-07-14,828,N20,VIIRS,n,2.0NRT,310.7,5.17,D,VIIRS_NOAA20_NRT,,
14.7749,79.16264,336.94,0.45,0.47,2026-07-14,828,N20,VIIRS,n,2.0NRT,306.47,2.67,D,VIIRS_NOAA20_NRT,,
14.78967,79.14103,330.86,0.45,0.47,2026-07-14,828,N20,VIIRS,l,2.0NRT,305.33,3.22,D,VIIRS_NOAA20_NRT,,
14.7951,79.64496,343.48,0.49,0.48,2026-07-14,828,N20,VIIRS,n,2.0NRT,308.31,2.8,D,VIIRS_NOAA20_NRT,,
14.89969,80.00742,334.7,0.52,0.5,2026-07-14,828,N20,VIIRS,n,2.0NRT,302.86,1.07,D,VIIRS_NOAA20_NRT,,
15.0054,79.99553,339.06,0.52,0.5,2026-07-14,828,N20,VIIRS,n,2.0NRT,308.89,4.61,D,VIIRS_NOAA20_NRT,,
15.17538,76.67961,330.97,0.49,0.4,2026-07-14,828,N20,VIIRS,l,2.0NRT,303.21,2.48,D,VIIRS_NOAA20_NRT,,
15.37049,78.36095,341.91,0.41,0.45,2026-07-14,828,N20,VIIRS,n,2.0NRT,288.21,7.73,D,VIIRS_NOAA20_NRT,,
15.37207,78.36101,342.93,0.41,0.45,2026-07-14,828,N20,VIIRS,n,2.0NRT,287.95,6.22,D,VIIRS_NOAA20_NRT,,
15.37258,78.36483,336.19,0.41,0.45,2026-07-14,828,N20,VIIRS,n,2.0NRT,284.84,6.22,D,VIIRS_NOAA20_NRT,,
15.37461,78.36038,330.05,0.41,0.45,2026-07-14,828,N20,VIIRS,n,2.0NRT,287.31,5.7,D,VIIRS_NOAA20_NRT,,
15.45698,79.79609,334.37,0.51,0.49,2026-07-14,828,N20,VIIRS,n,2.0NRT,303.75,3.39,D,VIIRS_NOAA20_NRT,,
15.67938,80.12821,340.51,0.54,0.51,2026-07-14,828,N20,VIIRS,n,2.0NRT,306.64,3.75,D,VIIRS_NOAA20_NRT,,
15.80779,80.24702,332.49,0.55,0.51,2026-07-14,828,N20,VIIRS,l,2.0NRT,304.26,1.74,D,VIIRS_NOAA20_NRT,,
15.8276,80.42284,342.93,0.57,0.52,2026-07-14,828,N20,VIIRS,n,2.0NRT,303.05,4.82,D,VIIRS_NOAA20_NRT,,
15.82769,80.42001,340.89,0.57,0.52,2026-07-14,828,N20,VIIRS,n,2.0NRT,302.36,6.4,D,VIIRS_NOAA20_NRT,,
15.83173,80.37117,331.45,0.56,0.52,2026-07-14,828,N20,VIIRS,n,2.0NRT,297.63,2.54,D,VIIRS_NOAA20_NRT,,
15.8432,79.75695,341.75,0.51,0.5,2026-07-14,828,N20,VIIRS,n,2.0NRT,303.99,6.02,D,VIIRS_NOAA20_NRT,,
15.8666,80.02261,336.29,0.53,0.5,2026-07-14,828,N20,VIIRS,n,2.0NRT,305.4,4.26,D,VIIRS_NOAA20_NRT,,
15.92002,80.46283,331.9,0.57,0.52,2026-07-14,828,N20,VIIRS,n,2.0NRT,298.11,4.98,D,VIIRS_NOAA20_NRT,,
16.10333,76.81274,338.85,0.51,0.41,2026-07-14,828,N20,VIIRS,l,2.0NRT,309.52,5.36,D,VIIRS_NOAA20_NRT,,
16.19487,78.38883,333.09,0.42,0.45,2026-07-14,828,N20,VIIRS,l,2.0NRT,306.63,1.74,D,VIIRS_NOAA20_NRT,,
16.70756,78.39314,339.99,0.43,0.46,2026-07-14,828,N20,VIIRS,n,2.0NRT,307.18,3.52,D,VIIRS_NOAA20_NRT,,
17.8327,74.23833,333.42,0.41,0.37,2026-07-14,828,N20,VIIRS,l,2.0NRT,304.96,2.26,D,VIIRS_NOAA20_NRT,,
17.96287,79.79743,331.2,0.55,0.51,2026-07-14,828,N20,VIIRS,n,2.0NRT,296.79,4.13,D,VIIRS_NOAA20_NRT,,
18.06566,75.81554,333.55,0.48,0.4,2026-07-14,828,N20,VIIRS,l,2.0NRT,307.82,1.65,D,VIIRS_NOAA20_NRT,,
18.13037,75.60591,343.04,0.47,0.4,2026-07-14,828,N20,VIIRS,n,2.0NRT,307.4,8.01,D,VIIRS_NOAA20_NRT,,
18.13136,75.60731,340.81,0.47,0.4,2026-07-14,828,N20,VIIRS,n,2.0NRT,309.79,5.79,D,VIIRS_NOAA20_NRT,,
18.18966,74.50983,338.72,0.42,0.38,2026-07-14,828,N20,VIIRS,n,2.0NRT,310.93,5.08,D,VIIRS_NOAA20_NRT,,
18.57527,72.24122,338.56,0.38,0.36,2026-07-14,828,N20,VIIRS,n,2.0NRT,291.85,4.7,D,VIIRS_NOAA20_NRT,,
18.68071,73.03769,331.49,0.39,0.36,2026-07-14,828,N20,VIIRS,n,2.0NRT,281.57,5.22,D,VIIRS_NOAA20_NRT,,
18.68125,73.04137,339.66,0.39,0.36,2026-07-14,828,N20,VIIRS,n,2.0NRT,283.01,4.77,D,VIIRS_NOAA20_NRT,,
18.68458,73.04084,330.38,0.39,0.36,2026-07-14,828,N20,VIIRS,n,2.0NRT,277.85,4.77,D,VIIRS_NOAA20_NRT,,
19.38461,73.21235,330.16,0.4,0.37,2026-07-14,830,N20,VIIRS,l,2.0NRT,300.73,4.75,D,VIIRS_NOAA20_NRT,,
21.10077,72.63821,338.31,0.39,0.36,2026-07-14,830,N20,VIIRS,n,2.0NRT,298.95,4.49,D,VIIRS_NOAA20_NRT,,
21.10411,72.63766,340.65,0.39,0.36,2026-07-14,830,N20,VIIRS,n,2.0NRT,300.64,8.29,D,VIIRS_NOAA20_NRT,,
21.1052,72.6452,342.04,0.39,0.36,2026-07-14,830,N20,VIIRS,n,2.0NRT,302.3,11.02,D,VIIRS_NOAA20_NRT,,
21.16179,78.63186,330.86,0.51,0.49,2026-07-14,830,N20,VIIRS,n,2.0NRT,296.85,1.05,D,VIIRS_NOAA20_NRT,,
21.79876,73.19404,343.49,0.41,0.37,2026-07-14,830,N20,VIIRS,n,2.0NRT,299.44,2.7,D,VIIRS_NOAA20_NRT,,
22.35853,82.30383,330.35,0.45,0.63,2026-07-14,830,N20,VIIRS,n,2.0NRT,285.25,4.41,D,VIIRS_NOAA20_NRT,,
23.70414,72.21136,333.8,0.4,0.37,2026-07-14,830,N20,VIIRS,n,2.0NRT,297.68,1.82,D,VIIRS_NOAA20_NRT,,
24.12754,73.99266,333.42,0.46,0.39,2026-07-14,830,N20,VIIRS,n,2.0NRT,297.66,2.64,D,VIIRS_NOAA20_NRT,,
26.93208,71.06648,339.92,0.39,0.36,2026-07-14,833,N20,VIIRS,n,2.0NRT,306.61,2.18,D,VIIRS_NOAA20_NRT,,
27.43957,70.96024,354.18,0.39,0.36,2026-07-14,833,N20,VIIRS,n,2.0NRT,305.41,13.03,D,VIIRS_NOAA20_NRT,,
29.46158,74.94218,334.73,0.39,0.44,2026-07-14,833,N20,VIIRS,n,2.0NRT,296.93,2.75,D,VIIRS_NOAA20_NRT,,
29.68502,71.22211,344.5,0.41,0.37,2026-07-14,833,N20,VIIRS,n,2.0NRT,301.39,8.64,D,VIIRS_NOAA20_NRT,,
29.68677,72.32162,340.3,0.44,0.38,2026-07-14,833,N20,VIIRS,n,2.0NRT,297.65,5.46,D,VIIRS_NOAA20_NRT,,
29.70581,70.89861,344.85,0.4,0.37,2026-07-14,833,N20,VIIRS,n,2.0NRT,300.41,3.57,D,VIIRS_NOAA20_NRT,,
29.73676,72.29132,337.0,0.44,0.38,2026-07-14,833,N20,VIIRS,n,2.0NRT,299.84,3.32,D,VIIRS_NOAA20_NRT,,
29.73734,72.29588,339.08,0.44,0.38,2026-07-14,833,N20,VIIRS,n,2.0NRT,297.93,3.32,D,VIIRS_NOAA20_NRT,,
29.74146,72.32776,336.57,0.44,0.39,2026-07-14,833,N20,VIIRS,n,2.0NRT,294.9,3.2,D,VIIRS_NOAA20_NRT,,
29.93834,71.74809,341.72,0.42,0.38,2026-07-14,833,N20,VIIRS,n,2.0NRT,301.89,7.6,D,VIIRS_NOAA20_NRT,,
30.12712,71.5435,331.14,0.42,0.38,2026-07-14,833,N20,VIIRS,n,2.0NRT,299.67,1.63,D,VIIRS_NOAA20_NRT,,
30.20084,73.07822,336.72,0.48,0.4,2026-07-14,833,N20,VIIRS,n,2.0NRT,294.8,3.41,D,VIIRS_NOAA20_NRT,,
30.28902,73.13251,347.13,0.48,0.4,2026-07-14,833,N20,VIIRS,n,2.0NRT,292.56,5.92,D,VIIRS_NOAA20_NRT,,
30.4394,72.15419,337.5,0.44,0.39,2026-07-14,833,N20,VIIRS,n,2.0NRT,301.65,3.14,D,VIIRS_NOAA20_NRT,,
30.46937,72.30511,346.32,0.45,0.39,2026-07-14,833,N20,VIIRS,n,2.0NRT,304.68,5.82,D,VIIRS_NOAA20_NRT,,
30.47293,72.3045,339.45,0.45,0.39,2026-07-14,833,N20,VIIRS,n,2.0NRT,302.94,5.82,D,VIIRS_NOAA20_NRT,,
30.52481,71.92204,334.62,0.43,0.38,2026-07-14,833,N20,VIIRS,n,2.0NRT,302.7,1.46,D,VIIRS_NOAA20_NRT,,
30.57213,71.95551,341.47,0.44,0.38,2026-07-14,833,N20,VIIRS,n,2.0NRT,303.91,4.08,D,VIIRS_NOAA20_NRT,,
31.12208,75.20198,340.77,0.42,0.45,2026-07-14,833,N20,VIIRS,n,2.0NRT,299.55,6.0,D,VIIRS_NOAA20_NRT,,
31.12253,75.20639,335.27,0.42,0.45,2026-07-14,833,N20,VIIRS,n,2.0NRT,299.5,4.6,D,VIIRS_NOAA20_NRT,,
31.22781,72.5151,338.0,0.46,0.39,2026-07-14,833,N20,VIIRS,n,2.0NRT,303.9,3.3,D,VIIRS_NOAA20_NRT,,
31.74802,73.1351,332.76,0.5,0.41,2026-07-14,833,N20,VIIRS,n,2.0NRT,297.99,4.88,D,VIIRS_NOAA20_NRT,,
31.81834,70.82856,340.34,0.41,0.37,2026-07-14,833,N20,VIIRS,n,2.0NRT,305.42,4.89,D,VIIRS_NOAA20_NRT,,
32.34653,74.25835,331.59,0.39,0.44,2026-07-14,833,N20,VIIRS,n,2.0NRT,298.42,2.79,D,VIIRS_NOAA20_NRT,,
33.62912,73.01942,336.68,0.52,0.41,2026-07-14,835,N20,VIIRS,n,2.0NRT,302.97,3.1,D,VIIRS_NOAA20_NRT,,
34.09266,72.0076,331.3,0.47,0.4,2026-07-14,835,N20,VIIRS,l,2.0NRT,303.61,1.9,D,VIIRS_NOAA20_NRT,,
34.2514,71.38578,335.95,0.45,0.39,2026-07-14,835,N20,VIIRS,l,2.0NRT,308.62,7.31,D,VIIRS_NOAA20_NRT,,
34.37951,72.62835,342.17,0.51,0.41,2026-07-14,835,N20,VIIRS,n,2.0NRT,303.29,5.4,D,VIIRS_NOAA20_NRT,,
35.19622,73.07721,331.27,0.55,0.42,2026-07-14,835,N20,VIIRS,n,2.0NRT,300.08,4.83,D,VIIRS_NOAA20_NRT,,
25.54263,91.23727,304.76,0.43,0.46,2026-07-14,1915,N20,VIIRS,n,2.0NRT,275.67,1.14,N,VIIRS_NOAA20_NRT,,
21.34351,96.025,309.15,0.38,0.36,2026-07-14,1917,N20,VIIRS,n,2.0NRT,283.99,1.62,N,VIIRS_NOAA20_NRT,,
28.41986,76.88173,313.0,0.49,0.4,2026-07-14,2055,N20,VIIRS,n,2.0NRT,286.37,1.74,N,VIIRS_NOAA20_NRT,,
29.46414,74.9427,309.38,0.4,0.37,2026-07-14,2055,N20,VIIRS,n,2.0NRT,295.58,0.93,N,VIIRS_NOAA20_NRT,,
32.7172,72.77538,306.56,0.39,0.36,2026-07-14,2055,N20,VIIRS,n,2.0NRT,292.16,0.9,N,VIIRS_NOAA20_NRT,,
32.72218,72.92573,309.13,0.39,0.36,2026-07-14,2055,N20,VIIRS,n,2.0NRT,292.22,0.65,N,VIIRS_NOAA20_NRT,,
32.72712,73.14175,309.7,0.39,0.36,2026-07-14,2055,N20,VIIRS,n,2.0NRT,293.21,1.49,N,VIIRS_NOAA20_NRT,,
32.89,71.61523,313.95,0.42,0.38,2026-07-14,2055,N20,VIIRS,n,2.0NRT,295.94,3.56,N,VIIRS_NOAA20_NRT,,
33.54558,71.54987,307.97,0.43,0.38,2026-07-14,2055,N20,VIIRS,n,2.0NRT,294.05,0.8,N,VIIRS_NOAA20_NRT,,
34.40315,72.69858,305.23,0.4,0.37,2026-07-14,2055,N20,VIIRS,n,2.0NRT,290.94,1.31,N,VIIRS_NOAA20_NRT,,
34.40754,72.70193,311.8,0.4,0.37,2026-07-14,2055,N20,VIIRS,n,2.0NRT,291.97,3.06,N,VIIRS_NOAA20_NRT,,
34.41089,72.70261,327.99,0.4,0.37,2026-07-14,2055,N20,VIIRS,n,2.0NRT,292.6,4.05,N,VIIRS_NOAA20_NRT,,
19.80766,79.30526,305.38,0.32,0.54,2026-07-14,2057,N20,VIIRS,n,2.0NRT,289.37,1.11,N,VIIRS_NOAA20_NRT,,
19.81062,79.34045,309.06,0.32,0.55,2026-07-14,2057,N20,VIIRS,n,2.0NRT,289.58,1.0,N,VIIRS_NOAA20_NRT,,
21.24989,79.20709,306.67,0.59,0.53,2026-07-14,2057,N20,VIIRS,n,2.0NRT,282.68,2.44,N,VIIRS_NOAA20_NRT,,
22.93214,69.69772,329.37,0.4,0.37,2026-07-14,2057,N20,VIIRS,n,2.0NRT,294.12,3.44,N,VIIRS_NOAA20_NRT,,
22.93551,69.69831,326.34,0.4,0.37,2026-07-14,2057,N20,VIIRS,n,2.0NRT,294.32,3.44,N,VIIRS_NOAA20_NRT,,
24.14867,82.65953,311.44,0.42,0.61,2026-07-14,2057,N20,VIIRS,n,2.0NRT,278.39,2.39,N,VIIRS_NOAA20_NRT,,
24.16732,82.62394,306.23,0.42,0.61,2026-07-14,2057,N20,VIIRS,n,2.0NRT,277.56,1.12,N,VIIRS_NOAA20_NRT,,
24.16822,82.6254,305.48,0.42,0.61,2026-07-14,2057,N20,VIIRS,n,2.0NRT,277.33,1.56,N,VIIRS_NOAA20_NRT,,
24.65934,73.87677,306.4,0.41,0.37,2026-07-14,2057,N20,VIIRS,n,2.0NRT,291.53,1.0,N,VIIRS_NOAA20_NRT,,
24.69147,73.00254,307.04,0.39,0.36,2026-07-14,2057,N20,VIIRS,n,2.0NRT,289.61,1.36,N,VIIRS_NOAA20_NRT,,
24.76437,74.60771,308.12,0.43,0.38,2026-07-14,2057,N20,VIIRS,n,2.0NRT,290.52,1.1,N,VIIRS_NOAA20_NRT,,
24.82274,73.09526,305.94,0.39,0.36,2026-07-14,2057,N20,VIIRS,n,2.0NRT,289.26,0.93,N,VIIRS_NOAA20_NRT,,
24.93392,74.63311,305.61,0.43,0.38,2026-07-14,2057,N20,VIIRS,n,2.0NRT,287.72,1.63,N,VIIRS_NOAA20_NRT,,
25.38883,68.58279,310.18,0.46,0.39,2026-07-14,2057,N20,VIIRS,n,2.0NRT,294.05,1.71,N,VIIRS_NOAA20_NRT,,
26.25696,74.09755,309.4,0.41,0.37,2026-07-14,2057,N20,VIIRS,n,2.0NRT,294.95,1.13,N,VIIRS_NOAA20_NRT,,
26.87349,73.51863,308.31,0.39,0.36,2026-07-14,2057,N20,VIIRS,n,2.0NRT,295.0,0.81,N,VIIRS_NOAA20_NRT,,
26.87745,73.51543,307.36,0.39,0.36,2026-07-14,2057,N20,VIIRS,n,2.0NRT,294.87,0.81,N,VIIRS_NOAA20_NRT,,
26.92617,73.46913,306.91,0.39,0.36,2026-07-14,2057,N20,VIIRS,n,2.0NRT,294.48,0.6,N,VIIRS_NOAA20_NRT,,
27.28731,73.83987,307.27,0.39,0.37,2026-07-14,2057,N20,VIIRS,n,2.0NRT,294.44,1.03,N,VIIRS_NOAA20_NRT,,
27.6034,72.76125,306.53,0.38,0.36,2026-07-14,2057,N20,VIIRS,n,2.0NRT,295.26,0.47,N,VIIRS_NOAA20_NRT,,
13.14668,77.54066,307.69,0.33,0.55,2026-07-14,2059,N20,VIIRS,n,2.0NRT,290.84,0.72,N,VIIRS_NOAA20_NRT,,
13.14705,77.53954,310.22,0.33,0.55,2026-07-14,2059,N20,VIIRS,n,2.0NRT,290.9,0.65,N,VIIRS_NOAA20_NRT,,
13.71702,79.62358,306.99,0.44,0.62,2026-07-14,2059,N20,VIIRS,n,2.0NRT,290.63,1.88,N,VIIRS_NOAA20_NRT,,
13.72011,79.62531,307.23,0.44,0.62,2026-07-14,2059,N20,VIIRS,n,2.0NRT,290.83,2.13,N,VIIRS_NOAA20_NRT,,
14.77106,79.15971,306.55,0.39,0.59,2026-07-14,2059,N20,VIIRS,n,2.0NRT,292.96,0.95,N,VIIRS_NOAA20_NRT,,
14.77363,79.15923,313.38,0.39,0.59,2026-07-14,2059,N20,VIIRS,n,2.0NRT,293.03,0.91,N,VIIRS_NOAA20_NRT,,
14.77649,79.16055,309.72,0.39,0.59,2026-07-14,2059,N20,VIIRS,n,2.0NRT,292.99,0.95,N,VIIRS_NOAA20_NRT,,
14.77905,79.16009,310.31,0.39,0.59,2026-07-14,2059,N20,VIIRS,n,2.0NRT,292.25,0.42,N,VIIRS_NOAA20_NRT,,
15.0222,78.01543,301.4,0.32,0.55,2026-07-14,2059,N20,VIIRS,n,2.0NRT,286.66,0.4,N,VIIRS_NOAA20_NRT,,
15.13677,76.7089,303.2,0.53,0.5,2026-07-14,2059,N20,VIIRS,n,2.0NRT,292.54,1.17,N,VIIRS_NOAA20_NRT,,
15.17307,76.69343,304.75,0.53,0.5,2026-07-14,2059,N20,VIIRS,n,2.0NRT,293.53,0.51,N,VIIRS_NOAA20_NRT,,
15.17408,76.66386,318.98,0.52,0.5,2026-07-14,2059,N20,VIIRS,n,2.0NRT,294.98,3.08,N,VIIRS_NOAA20_NRT,,
15.17501,76.65907,319.84,0.52,0.5,2026-07-14,2059,N20,VIIRS,n,2.0NRT,295.03,2.56,N,VIIRS_NOAA20_NRT,,
15.17594,76.65429,310.32,0.52,0.5,2026-07-14,2059,N20,VIIRS,n,2.0NRT,294.89,2.56,N,VIIRS_NOAA20_NRT,,
15.17826,77.10346,305.35,0.56,0.51,2026-07-14,2059,N20,VIIRS,n,2.0NRT,293.36,1.78,N,VIIRS_NOAA20_NRT,,
15.18046,76.65524,305.69,0.52,0.5,2026-07-14,2059,N20,VIIRS,n,2.0NRT,293.79,2.4,N,VIIRS_NOAA20_NRT,,
15.18078,77.10268,306.01,0.56,0.51,2026-07-14,2059,N20,VIIRS,n,2.0NRT,293.08,1.66,N,VIIRS_NOAA20_NRT,,
15.18127,76.67536,314.31,0.52,0.5,2026-07-14,2059,N20,VIIRS,n,2.0NRT,295.71,4.82,N,VIIRS_NOAA20_NRT,,
15.18312,76.66577,310.52,0.52,0.5,2026-07-14,2059,N20,VIIRS,n,2.0NRT,294.01,2.76,N,VIIRS_NOAA20_NRT,,
15.30068,76.21941,303.16,0.49,0.48,2026-07-14,2059,N20,VIIRS,n,2.0NRT,292.94,0.89,N,VIIRS_NOAA20_NRT,,
15.33363,76.28402,303.58,0.49,0.49,2026-07-14,2059,N20,VIIRS,n,2.0NRT,293.12,1.28,N,VIIRS_NOAA20_NRT,,
15.33371,76.28673,305.05,0.49,0.49,2026-07-14,2059,N20,VIIRS,n,2.0NRT,293.22,1.15,N,VIIRS_NOAA20_NRT,,
15.65849,73.99005,310.36,0.53,0.42,2026-07-14,2059,N20,VIIRS,n,2.0NRT,292.69,1.74,N,VIIRS_NOAA20_NRT,,
15.65978,73.98808,309.39,0.53,0.42,2026-07-14,2059,N20,VIIRS,n,2.0NRT,290.95,1.41,N,VIIRS_NOAA20_NRT,,
15.74469,79.09832,311.41,0.37,0.58,2026-07-14,2059,N20,VIIRS,n,2.0NRT,294.82,2.47,N,VIIRS_NOAA20_NRT,,
19.33318,72.0196,314.54,0.4,0.37,2026-07-14,2059,N20,VIIRS,n,2.0NRT,292.85,3.57,N,VIIRS_NOAA20_NRT,,
19.93595,73.7111,314.12,0.45,0.39,2026-07-14,2059,N20,VIIRS,n,2.0NRT,290.21,0.87,N,VIIRS_NOAA20_NRT,,
10.65873,77.43199,323.38,0.36,0.57,2026-07-14,2101,N20,VIIRS,n,2.0NRT,288.89,1.75,N,VIIRS_NOAA20_NRT,,
10.66318,77.43214,307.42,0.36,0.57,2026-07-14,2101,N20,VIIRS,n,2.0NRT,288.47,1.75,N,VIIRS_NOAA20_NRT,,
11.18482,79.10178,301.41,0.45,0.63,2026-07-14,2101,N20,VIIRS,n,2.0NRT,282.85,0.52,N,VIIRS_NOAA20_NRT,,
11.98202,79.664,296.73,0.48,0.64,2026-07-14,2101,N20,VIIRS,n,2.0NRT,275.37,0.4,N,VIIRS_NOAA20_NRT,,
12.60001,77.88352,306.17,0.35,0.57,2026-07-14,2101,N20,VIIRS,n,2.0NRT,290.72,0.62,N,VIIRS_NOAA20_NRT,,
12.98694,77.43044,302.57,0.32,0.55,2026-07-14,2101,N20,VIIRS,n,2.0NRT,290.36,0.15,N,VIIRS_NOAA20_NRT,,
25.90012,93.60378,342.09,0.46,0.47,2026-07-15,631,N20,VIIRS,n,2.0NRT,292.39,5.94,D,VIIRS_NOAA20_NRT,,
12.21824,79.7361,340.39,0.4,0.37,2026-07-15,807,N20,VIIRS,l,2.0NRT,312.9,9.18,D,VIIRS_NOAA20_NRT,,
12.2492,79.59752,339.36,0.4,0.37,2026-07-15,807,N20,VIIRS,l,2.0NRT,312.83,6.95,D,VIIRS_NOAA20_NRT,,
12.46822,79.50362,339.57,0.4,0.37,2026-07-15,807,N20,VIIRS,l,2.0NRT,313.4,5.43,D,VIIRS_NOAA20_NRT,,
12.5052,79.47576,347.54,0.39,0.37,2026-07-15,807,N20,VIIRS,n,2.0NRT,315.6,5.72,D,VIIRS_NOAA20_NRT,,
12.51919,79.11363,345.46,0.39,0.36,2026-07-15,807,N20,VIIRS,n,2.0NRT,314.29,5.35,D,VIIRS_NOAA20_NRT,,
12.54188,79.70094,339.93,0.4,0.37,2026-07-15,807,N20,VIIRS,l,2.0NRT,313.1,5.85,D,VIIRS_NOAA20_NRT,,
12.57012,79.54368,340.65,0.4,0.37,2026-07-15,807,N20,VIIRS,l,2.0NRT,315.45,5.79,D,VIIRS_NOAA20_NRT,,
12.57066,79.54732,340.1,0.4,0.37,2026-07-15,807,N20,VIIRS,l,2.0NRT,314.51,4.36,D,VIIRS_NOAA20_NRT,,
12.60017,79.63966,338.73,0.4,0.37,2026-07-15,807,N20,VIIRS,l,2.0NRT,312.66,8.15,D,VIIRS_NOAA20_NRT,,
12.68628,79.48769,348.28,0.4,0.37,2026-07-15,807,N20,VIIRS,n,2.0NRT,311.68,2.77,D,VIIRS_NOAA20_NRT,,
12.7037,79.19,338.71,0.39,0.36,2026-07-15,807,N20,VIIRS,l,2.0NRT,312.16,6.65,D,VIIRS_NOAA20_NRT,,
12.70423,79.1936,347.11,0.39,0.36,2026-07-15,807,N20,VIIRS,n,2.0NRT,312.59,14.25,D,VIIRS_NOAA20_NRT,,
12.70707,79.28129,341.49,0.39,0.36,2026-07-15,807,N20,VIIRS,n,2.0NRT,308.72,4.49,D,VIIRS_NOAA20_NRT,,
12.7076,79.28488,336.18,0.39,0.36,2026-07-15,807,N20,VIIRS,l,2.0NRT,308.17,4.49,D,VIIRS_NOAA20_NRT,,
12.7885,79.92694,348.98,0.41,0.37,2026-07-15,807,N20,VIIRS,n,2.0NRT,312.16,6.87,D,VIIRS_NOAA20_NRT,,
12.80815,79.62559,346.73,0.4,0.37,2026-07-15,807,N20,VIIRS,n,2.0NRT,314.22,7.66,D,VIIRS_NOAA20_NRT,,
12.80843,79.89729,339.76,0.41,0.37,2026-07-15,807,N20,VIIRS,l,2.0NRT,311.47,6.75,D,VIIRS_NOAA20_NRT,,
12.85349,80.22919,331.83,0.42,0.37,2026-07-15,807,N20,VIIRS,l,2.0NRT,305.99,1.59,D,VIIRS_NOAA20_NRT,,
12.91924,79.59702,334.64,0.4,0.37,2026-07-15,807,N20,VIIRS,l,2.0NRT,308.17,3.64,D,VIIRS_NOAA20_NRT,,
12.92528,79.61483,337.32,0.4,0.37,2026-07-15,807,N20,VIIRS,l,2.0NRT,309.09,6.36,D,VIIRS_NOAA20_NRT,,
12.97703,79.22782,336.97,0.39,0.36,2026-07-15,807,N20,VIIRS,l,2.0NRT,307.91,3.37,D,VIIRS_NOAA20_NRT,,
12.97704,79.68591,347.32,0.4,0.37,2026-07-15,807,N20,VIIRS,n,2.0NRT,309.94,13.1,D,VIIRS_NOAA20_NRT,,
13.00881,79.62089,340.21,0.4,0.37,2026-07-15,807,N20,VIIRS,n,2.0NRT,309.89,6.14,D,VIIRS_NOAA20_NRT,,
13.02729,79.88682,342.08,0.41,0.37,2026-07-15,807,N20,VIIRS,n,2.0NRT,311.38,5.78,D,VIIRS_NOAA20_NRT,,
13.03619,79.28139,335.19,0.39,0.36,2026-07-15,807,N20,VIIRS,l,2.0NRT,307.74,1.69,D,VIIRS_NOAA20_NRT,,
13.05961,79.67336,341.0,0.4,0.37,2026-07-15,807,N20,VIIRS,l,2.0NRT,312.11,10.94,D,VIIRS_NOAA20_NRT,,
13.0887,80.16292,332.18,0.41,0.37,2026-07-15,807,N20,VIIRS,l,2.0NRT,304.59,1.86,D,VIIRS_NOAA20_NRT,,
13.11472,79.45021,334.54,0.4,0.37,2026-07-15,807,N20,VIIRS,l,2.0NRT,305.93,2.52,D,VIIRS_NOAA20_NRT,,
13.12572,79.96024,337.77,0.41,0.37,2026-07-15,807,N20,VIIRS,n,2.0NRT,306.14,3.59,D,VIIRS_NOAA20_NRT,,
13.15254,79.66208,339.43,0.4,0.37,2026-07-15,807,N20,VIIRS,n,2.0NRT,309.21,3.99,D,VIIRS_NOAA20_NRT,,
13.1784,77.48727,341.15,0.39,0.36,2026-07-15,807,N20,VIIRS,n,2.0NRT,310.8,3.9,D,VIIRS_NOAA20_NRT,,
13.19949,79.60593,340.36,0.4,0.37,2026-07-15,807,N20,VIIRS,n,2.0NRT,313.32,4.89,D,VIIRS_NOAA20_NRT,,
13.20003,79.6096,338.58,0.4,0.37,2026-07-15,807,N20,VIIRS,l,2.0NRT,311.17,4.89,D,VIIRS_NOAA20_NRT,,
13.24061,79.66381,336.03,0.4,0.37,2026-07-15,807,N20,VIIRS,n,2.0NRT,307.63,2.64,D,VIIRS_NOAA20_NRT,,
13.29614,79.88002,336.35,0.41,0.37,2026-07-15,807,N20,VIIRS,l,2.0NRT,308.14,2.42,D,VIIRS_NOAA20_NRT,,
13.30923,80.14133,333.16,0.42,0.37,2026-07-15,807,N20,VIIRS,l,2.0NRT,308.11,4.88,D,VIIRS_NOAA20_NRT,,
13.3094,80.14104,334.92,0.42,0.37,2026-07-15,807,N20,VIIRS,l,2.0NRT,307.78,3.36,D,VIIRS_NOAA20_NRT,,
13.32319,80.33183,349.73,0.42,0.38,2026-07-15,807,N20,VIIRS,n,2.0NRT,306.7,10.14,D,VIIRS_NOAA20_NRT,,
13.32376,80.3357,335.71,0.42,0.38,2026-07-15,807,N20,VIIRS,l,2.0NRT,305.74,7.65,D,VIIRS_NOAA20_NRT,,
13.43023,78.89789,333.01,0.39,0.36,2026-07-15,807,N20,VIIRS,n,2.0NRT,305.54,1.76,D,VIIRS_NOAA20_NRT,,
13.59704,79.78432,335.76,0.41,0.37,2026-07-15,807,N20,VIIRS,l,2.0NRT,310.29,4.98,D,VIIRS_NOAA20_NRT,,
13.69693,79.87315,337.38,0.41,0.37,2026-07-15,807,N20,VIIRS,n,2.0NRT,305.11,1.51,D,VIIRS_NOAA20_NRT,,
13.70034,79.87263,340.19,0.41,0.37,2026-07-15,807,N20,VIIRS,n,2.0NRT,307.61,3.81,D,VIIRS_NOAA20_NRT,,
13.73069,79.28203,332.1,0.4,0.37,2026-07-15,807,N20,VIIRS,l,2.0NRT,305.7,2.24,D,VIIRS_NOAA20_NRT,,
13.82431,76.53329,349.93,0.4,0.37,2026-07-15,807,N20,VIIRS,n,2.0NRT,312.76,9.73,D,VIIRS_NOAA20_NRT,,
13.87319,79.59642,338.38,0.4,0.37,2026-07-15,807,N20,VIIRS,l,2.0NRT,308.68,2.85,D,VIIRS_NOAA20_NRT,,
13.924,79.39165,345.95,0.4,0.37,2026-07-15,807,N20,VIIRS,n,2.0NRT,308.77,7.87,D,VIIRS_NOAA20_NRT,,
14.02934,79.27754,338.25,0.4,0.37,2026-07-15,807,N20,VIIRS,n,2.0NRT,305.02,8.04,D,VIIRS_NOAA20_NRT,,
14.03312,79.89957,337.53,0.41,0.37,2026-07-15,807,N20,VIIRS,l,2.0NRT,312.36,4.82,D,VIIRS_NOAA20_NRT,,
14.03323,79.89967,337.62,0.41,0.37,2026-07-15,807,N20,VIIRS,l,2.0NRT,312.3,3.71,D,VIIRS_NOAA20_NRT,,
14.07695,79.23652,341.37,0.4,0.37,2026-07-15,807,N20,VIIRS,n,2.0NRT,306.35,4.01,D,VIIRS_NOAA20_NRT,,
14.26185,80.12559,343.66,0.42,0.38,2026-07-15,807,N20,VIIRS,n,2.0NRT,308.13,8.99,D,VIIRS_NOAA20_NRT,,
14.26668,79.70073,337.19,0.41,0.37,2026-07-15,807,N20,VIIRS,l,2.0NRT,307.91,4.95,D,VIIRS_NOAA20_NRT,,
14.26723,79.70451,343.72,0.41,0.37,2026-07-15,807,N20,VIIRS,n,2.0NRT,307.72,4.95,D,VIIRS_NOAA20_NRT,,
14.30797,79.09884,337.06,0.4,0.37,2026-07-15,807,N20,VIIRS,n,2.0NRT,306.25,1.91,D,VIIRS_NOAA20_NRT,,
14.32802,78.82406,333.25,0.39,0.36,2026-07-15,807,N20,VIIRS,l,2.0NRT,304.59,1.19,D,VIIRS_NOAA20_NRT,,
14.33135,78.82354,340.03,0.39,0.36,2026-07-15,807,N20,VIIRS,n,2.0NRT,306.58,2.04,D,VIIRS_NOAA20_NRT,,
14.43597,78.59043,334.01,0.39,0.36,2026-07-15,807,N20,VIIRS,l,2.0NRT,305.48,1.52,D,VIIRS_NOAA20_NRT,,
14.4698,79.55815,338.97,0.41,0.37,2026-07-15,807,N20,VIIRS,n,2.0NRT,306.83,3.36,D,VIIRS_NOAA20_NRT,,
14.52404,79.57301,341.04,0.41,0.37,2026-07-15,807,N20,VIIRS,n,2.0NRT,310.27,3.42,D,VIIRS_NOAA20_NRT,,
14.54691,79.06164,337.68,0.4,0.37,2026-07-15,807,N20,VIIRS,n,2.0NRT,303.32,2.02,D,VIIRS_NOAA20_NRT,,
14.54788,78.7971,345.12,0.39,0.36,2026-07-15,807,N20,VIIRS,n,2.0NRT,306.31,4.77,D,VIIRS_NOAA20_NRT,,
14.55026,79.06112,341.89,0.4,0.37,2026-07-15,807,N20,VIIRS,n,2.0NRT,305.64,25.73,D,VIIRS_NOAA20_NRT,,
14.64077,78.30442,338.75,0.39,0.36,2026-07-15,807,N20,VIIRS,n,2.0NRT,307.71,3.21,D,VIIRS_NOAA20_NRT,,
14.66484,79.55153,332.42,0.41,0.37,2026-07-15,807,N20,VIIRS,l,2.0NRT,305.38,1.41,D,VIIRS_NOAA20_NRT,,
14.67218,79.06745,333.22,0.4,0.37,2026-07-15,807,N20,VIIRS,n,2.0NRT,301.62,1.92,D,VIIRS_NOAA20_NRT,,
14.75168,79.96092,334.02,0.42,0.38,2026-07-15,807,N20,VIIRS,n,2.0NRT,300.31,1.46,D,VIIRS_NOAA20_NRT,,
14.76129,78.99747,335.56,0.4,0.37,2026-07-15,807,N20,VIIRS,n,2.0NRT,305.27,2.88,D,VIIRS_NOAA20_NRT,,
14.77442,79.15614,337.81,0.4,0.37,2026-07-15,807,N20,VIIRS,n,2.0NRT,300.96,3.31,D,VIIRS_NOAA20_NRT,,
14.77605,79.16719,349.95,0.4,0.37,2026-07-15,807,N20,VIIRS,n,2.0NRT,302.05,3.84,D,VIIRS_NOAA20_NRT,,
14.77885,79.16286,333.48,0.4,0.37,2026-07-15,807,N20,VIIRS,n,2.0NRT,297.23,3.84,D,VIIRS_NOAA20_NRT,,
14.78344,79.14736,331.4,0.4,0.37,2026-07-15,807,N20,VIIRS,n,2.0NRT,300.63,1.85,D,VIIRS_NOAA20_NRT,,
14.84421,79.01043,350.55,0.4,0.37,2026-07-15,807,N20,VIIRS,n,2.0NRT,309.68,24.28,D,VIIRS_NOAA20_NRT,,
14.89213,78.83093,331.2,0.39,0.36,2026-07-15,807,N20,VIIRS,n,2.0NRT,300.86,2.85,D,VIIRS_NOAA20_NRT,,
15.00847,79.99408,333.0,0.42,0.38,2026-07-15,807,N20,VIIRS,n,2.0NRT,290.84,2.3,D,VIIRS_NOAA20_NRT,,
15.07362,79.18896,344.52,0.4,0.37,2026-07-15,809,N20,VIIRS,n,2.0NRT,301.28,5.14,D,VIIRS_NOAA20_NRT,,
15.07415,79.1926,334.43,0.4,0.37,2026-07-15,809,N20,VIIRS,n,2.0NRT,298.51,2.89,D,VIIRS_NOAA20_NRT,,
15.12793,79.21928,335.82,0.4,0.37,2026-07-15,809,N20,VIIRS,n,2.0NRT,301.82,3.69,D,VIIRS_NOAA20_NRT,,
15.15671,79.08531,331.17,0.4,0.37,2026-07-15,809,N20,VIIRS,n,2.0NRT,297.9,1.62,D,VIIRS_NOAA20_NRT,,
15.17351,76.66339,341.15,0.39,0.36,2026-07-15,809,N20,VIIRS,n,2.0NRT,307.01,7.77,D,VIIRS_NOAA20_NRT,,
15.1747,76.69284,336.86,0.39,0.36,2026-07-15,809,N20,VIIRS,l,2.0NRT,305.93,3.11,D,VIIRS_NOAA20_NRT,,
15.17541,76.65558,339.1,0.39,0.36,2026-07-15,809,N20,VIIRS,l,2.0NRT,311.64,7.06,D,VIIRS_NOAA20_NRT,,
15.17598,76.65919,341.15,0.39,0.36,2026-07-15,809,N20,VIIRS,l,2.0NRT,309.82,6.14,D,VIIRS_NOAA20_NRT,,
15.18101,76.66946,341.2,0.39,0.36,2026-07-15,809,N20,VIIRS,l,2.0NRT,311.21,7.44,D,VIIRS_NOAA20_NRT,,
15.21927,76.18346,335.81,0.4,0.37,2026-07-15,809,N20,VIIRS,l,2.0NRT,305.68,7.98,D,VIIRS_NOAA20_NRT,,
15.22241,78.15461,339.7,0.39,0.36,2026-07-15,809,N20,VIIRS,n,2.0NRT,309.54,9.11,D,VIIRS_NOAA20_NRT,,
15.31399,80.03011,334.29,0.43,0.38,2026-07-15,809,N20,VIIRS,n,2.0NRT,292.46,2.84,D,VIIRS_NOAA20_NRT,,
15.35043,79.57822,334.73,0.41,0.37,2026-07-15,809,N20,VIIRS,n,2.0NRT,300.46,2.76,D,VIIRS_NOAA20_NRT,,
15.40483,76.99299,336.29,0.39,0.36,2026-07-15,809,N20,VIIRS,n,2.0NRT,307.56,3.06,D,VIIRS_NOAA20_NRT,,
15.51042,80.01289,340.06,0.43,0.38,2026-07-15,809,N20,VIIRS,n,2.0NRT,298.06,5.83,D,VIIRS_NOAA20_NRT,,
15.52951,78.59909,335.98,0.39,0.36,2026-07-15,809,N20,VIIRS,n,2.0NRT,304.07,4.15,D,VIIRS_NOAA20_NRT,,
15.54019,79.78301,338.5,0.42,0.38,2026-07-15,809,N20,VIIRS,n,2.0NRT,307.14,4.38,D,VIIRS_NOAA20_NRT,,
15.76731,78.01015,340.53,0.39,0.36,2026-07-15,809,N20,VIIRS,n,2.0NRT,304.83,10.21,D,VIIRS_NOAA20_NRT,,
15.77945,79.84379,333.58,0.42,0.38,2026-07-15,809,N20,VIIRS,n,2.0NRT,296.05,1.05,D,VIIRS_NOAA20_NRT,,
16.04837,79.91297,334.98,0.43,0.38,2026-07-15,809,N20,VIIRS,n,2.0NRT,302.27,3.18,D,VIIRS_NOAA20_NRT,,
16.13618,78.77927,345.05,0.4,0.37,2026-07-15,809,N20,VIIRS,n,2.0NRT,303.24,5.04,D,VIIRS_NOAA20_NRT,,
16.1597,79.93378,337.43,0.43,0.38,2026-07-15,809,N20,VIIRS,n,2.0NRT,296.49,3.86,D,VIIRS_NOAA20_NRT,,
16.32714,80.09936,338.11,0.44,0.38,2026-07-15,809,N20,VIIRS,n,2.0NRT,293.57,3.52,D,VIIRS_NOAA20_NRT,,
16.33833,79.86663,331.55,0.43,0.38,2026-07-15,809,N20,VIIRS,n,2.0NRT,298.74,2.4,D,VIIRS_NOAA20_NRT,,
16.44818,78.25304,343.35,0.39,0.36,2026-07-15,809,N20,VIIRS,n,2.0NRT,306.46,3.73,D,VIIRS_NOAA20_NRT,,
16.56238,78.29066,335.96,0.39,0.36,2026-07-15,809,N20,VIIRS,l,2.0NRT,306.26,1.71,D,VIIRS_NOAA20_NRT,,
16.60739,79.08126,330.13,0.41,0.37,2026-07-15,809,N20,VIIRS,n,2.0NRT,293.32,2.49,D,VIIRS_NOAA20_NRT,,
16.76895,79.35117,347.6,0.42,0.37,2026-07-15,809,N20,VIIRS,n,2.0NRT,286.14,6.46,D,VIIRS_NOAA20_NRT,,
16.86675,79.03306,339.06,0.41,0.37,2026-07-15,809,N20,VIIRS,n,2.0NRT,293.43,4.22,D,VIIRS_NOAA20_NRT,,
17.04126,79.15485,335.5,0.41,0.37,2026-07-15,809,N20,VIIRS,n,2.0NRT,295.27,2.67,D,VIIRS_NOAA20_NRT,,
17.18564,79.13667,335.29,0.41,0.37,2026-07-15,809,N20,VIIRS,n,2.0NRT,301.59,1.34,D,VIIRS_NOAA20_NRT,,
17.35307,79.30625,336.34,0.42,0.38,2026-07-15,809,N20,VIIRS,n,2.0NRT,299.49,3.56,D,VIIRS_NOAA20_NRT,,
17.35651,79.30573,334.35,0.42,0.38,2026-07-15,809,N20,VIIRS,n,2.0NRT,300.84,4.86,D,VIIRS_NOAA20_NRT,,
17.49347,78.79517,339.9,0.4,0.37,2026-07-15,809,N20,VIIRS,n,2.0NRT,308.82,7.55,D,VIIRS_NOAA20_NRT,,
17.59834,79.08887,335.7,0.41,0.37,2026-07-15,809,N20,VIIRS,n,2.0NRT,303.04,4.67,D,VIIRS_NOAA20_NRT,,
18.11267,74.92767,332.54,0.41,0.37,2026-07-15,809,N20,VIIRS,l,2.0NRT,300.05,2.57,D,VIIRS_NOAA20_NRT,,
18.1518,79.67554,336.38,0.44,0.38,2026-07-15,809,N20,VIIRS,n,2.0NRT,304.84,3.97,D,VIIRS_NOAA20_NRT,,
18.42052,78.62627,330.47,0.41,0.37,2026-07-15,809,N20,VIIRS,l,2.0NRT,304.97,3.44,D,VIIRS_NOAA20_NRT,,
18.43126,77.832,330.58,0.39,0.36,2026-07-15,809,N20,VIIRS,l,2.0NRT,304.33,1.14,D,VIIRS_NOAA20_NRT,,
18.57806,72.24113,335.57,0.54,0.42,2026-07-15,809,N20,VIIRS,n,2.0NRT,292.61,5.87,D,VIIRS_NOAA20_NRT,,
18.78488,78.63297,340.39,0.41,0.37,2026-07-15,809,N20,VIIRS,n,2.0NRT,302.53,3.91,D,VIIRS_NOAA20_NRT,,
18.79208,78.93068,347.66,0.42,0.37,2026-07-15,809,N20,VIIRS,n,2.0NRT,306.04,5.74,D,VIIRS_NOAA20_NRT,,
19.0369,78.29153,330.1,0.4,0.37,2026-07-15,809,N20,VIIRS,n,2.0NRT,299.46,3.54,D,VIIRS_NOAA20_NRT,,
19.04646,78.28613,336.41,0.4,0.37,2026-07-15,809,N20,VIIRS,n,2.0NRT,301.02,3.35,D,VIIRS_NOAA20_NRT,,
19.89794,78.12733,338.01,0.4,0.37,2026-07-15,809,N20,VIIRS,n,2.0NRT,304.54,3.57,D,VIIRS_NOAA20_NRT,,
19.91553,74.92828,331.65,0.4,0.37,2026-07-15,809,N20,VIIRS,l,2.0NRT,301.67,4.21,D,VIIRS_NOAA20_NRT,,
21.10147,72.63626,341.64,0.47,0.4,2026-07-15,809,N20,VIIRS,n,2.0NRT,296.64,13.03,D,VIIRS_NOAA20_NRT,,
21.10304,72.64526,336.74,0.47,0.4,2026-07-15,809,N20,VIIRS,l,2.0NRT,295.87,10.79,D,VIIRS_NOAA20_NRT,,
23.0023,77.60857,331.6,0.41,0.37,2026-07-15,811,N20,VIIRS,n,2.0NRT,296.96,2.15,D,VIIRS_NOAA20_NRT,,
23.71213,86.45193,330.59,0.43,0.62,2026-07-15,811,N20,VIIRS,n,2.0NRT,290.09,7.74,D,VIIRS_NOAA20_NRT,,
24.49746,69.45724,345.69,0.41,0.45,2026-07-15,811,N20,VIIRS,n,2.0NRT,296.0,4.5,D,VIIRS_NOAA20_NRT,,
24.98474,69.02715,332.47,0.43,0.46,2026-07-15,811,N20,VIIRS,n,2.0NRT,300.31,1.93,D,VIIRS_NOAA20_NRT,,
25.22216,68.28487,353.13,0.47,0.48,2026-07-15,811,N20,VIIRS,n,2.0NRT,299.33,19.88,D,VIIRS_NOAA20_NRT,,
25.59314,78.02229,332.61,0.44,0.38,2026-07-15,811,N20,VIIRS,n,2.0NRT,296.45,2.09,D,VIIRS_NOAA20_NRT,,
25.59535,78.06668,330.27,0.44,0.39,2026-07-15,811,N20,VIIRS,n,2.0NRT,296.96,3.11,D,VIIRS_NOAA20_NRT,,
25.60594,78.065,330.62,0.44,0.39,2026-07-15,811,N20,VIIRS,n,2.0NRT,296.23,2.71,D,VIIRS_NOAA20_NRT,,
25.61422,78.04578,336.36,0.44,0.38,2026-07-15,811,N20,VIIRS,n,2.0NRT,296.96,3.93,D,VIIRS_NOAA20_NRT,,
25.62175,78.10297,341.36,0.44,0.39,2026-07-15,811,N20,VIIRS,n,2.0NRT,297.32,5.51,D,VIIRS_NOAA20_NRT,,
25.78206,68.32167,334.09,0.46,0.47,2026-07-15,811,N20,VIIRS,n,2.0NRT,301.27,1.39,D,VIIRS_NOAA20_NRT,,
26.04967,68.28251,342.77,0.45,0.47,2026-07-15,811,N20,VIIRS,n,2.0NRT,300.61,6.78,D,VIIRS_NOAA20_NRT,,
26.6319,79.26785,334.07,0.51,0.41,2026-07-15,811,N20,VIIRS,n,2.0NRT,295.13,3.01,D,VIIRS_NOAA20_NRT,,
26.64226,79.48401,336.94,0.53,0.42,2026-07-15,811,N20,VIIRS,n,2.0NRT,297.45,6.35,D,VIIRS_NOAA20_NRT,,
28.02522,75.76341,339.42,0.39,0.37,2026-07-15,811,N20,VIIRS,n,2.0NRT,303.28,5.56,D,VIIRS_NOAA20_NRT,,
27.97936,68.15977,345.44,0.42,0.45,2026-07-15,813,N20,VIIRS,n,2.0NRT,302.92,4.22,D,VIIRS_NOAA20_NRT,,
30.77537,76.21571,335.57,0.42,0.38,2026-07-15,813,N20,VIIRS,n,2.0NRT,300.8,2.26,D,VIIRS_NOAA20_NRT,,
30.88434,76.14273,333.51,0.42,0.38,2026-07-15,813,N20,VIIRS,n,2.0NRT,301.18,2.61,D,VIIRS_NOAA20_NRT,,
30.90398,76.18416,334.31,0.42,0.38,2026-07-15,813,N20,VIIRS,n,2.0NRT,301.51,3.85,D,VIIRS_NOAA20_NRT,,
30.90742,76.18354,336.96,0.42,0.38,2026-07-15,813,N20,VIIRS,n,2.0NRT,304.4,7.42,D,VIIRS_NOAA20_NRT,,
30.90927,75.40314,337.06,0.4,0.37,2026-07-15,813,N20,VIIRS,n,2.0NRT,299.55,3.0,D,VIIRS_NOAA20_NRT,,
30.95016,75.34042,341.12,0.4,0.37,2026-07-15,813,N20,VIIRS,n,2.0NRT,299.49,3.61,D,VIIRS_NOAA20_NRT,,
31.06244,75.52641,341.68,0.41,0.37,2026-07-15,813,N20,VIIRS,n,2.0NRT,300.9,3.65,D,VIIRS_NOAA20_NRT,,
31.09349,75.29311,336.62,0.4,0.37,2026-07-15,813,N20,VIIRS,n,2.0NRT,299.7,2.32,D,VIIRS_NOAA20_NRT,,
31.14696,74.87949,330.13,0.39,0.36,2026-07-15,813,N20,VIIRS,l,2.0NRT,304.18,3.06,D,VIIRS_NOAA20_NRT,,
31.1497,74.87474,330.57,0.39,0.36,2026-07-15,813,N20,VIIRS,l,2.0NRT,304.48,3.06,D,VIIRS_NOAA20_NRT,,
31.24065,75.4735,333.49,0.41,0.37,2026-07-15,813,N20,VIIRS,n,2.0NRT,300.62,2.65,D,VIIRS_NOAA20_NRT,,
31.44495,75.25894,351.56,0.4,0.37,2026-07-15,813,N20,VIIRS,n,2.0NRT,301.27,5.58,D,VIIRS_NOAA20_NRT,,
31.45518,75.4829,339.33,0.41,0.37,2026-07-15,813,N20,VIIRS,n,2.0NRT,302.38,3.28,D,VIIRS_NOAA20_NRT,,
34.16033,72.90047,332.03,0.38,0.36,2026-07-15,813,N20,VIIRS,l,2.0NRT,302.85,2.69,D,VIIRS_NOAA20_NRT,,
34.25365,71.39307,344.28,0.39,0.36,2026-07-15,813,N20,VIIRS,l,2.0NRT,306.36,7.04,D,VIIRS_NOAA20_NRT,,
34.25696,71.39233,347.55,0.39,0.36,2026-07-15,813,N20,VIIRS,l,2.0NRT,308.07,7.04,D,VIIRS_NOAA20_NRT,,
34.40934,72.70214,337.8,0.38,0.36,2026-07-15,813,N20,VIIRS,n,2.0NRT,304.7,4.93,D,VIIRS_NOAA20_NRT,,
22.47374,91.73527,311.27,0.36,0.58,2026-07-15,1858,N20,VIIRS,n,2.0NRT,283.93,1.34,N,VIIRS_NOAA20_NRT,,
33.27063,71.59301,308.76,0.47,0.48,2026-07-15,2036,N20,VIIRS,n,2.0NRT,292.43,1.85,N,VIIRS_NOAA20_NRT,,
33.2711,71.58821,308.09,0.47,0.48,2026-07-15,2036,N20,VIIRS,n,2.0NRT,292.29,1.6,N,VIIRS_NOAA20_NRT,,
33.41989,75.5211,295.4,0.45,0.39,2026-07-15,2036,N20,VIIRS,n,2.0NRT,284.35,0.66,N,VIIRS_NOAA20_NRT,,
33.69107,72.71289,308.87,0.41,0.45,2026-07-15,2036,N20,VIIRS,n,2.0NRT,292.04,1.23,N,VIIRS_NOAA20_NRT,,
33.81838,72.71983,305.97,0.41,0.45,2026-07-15,2036,N20,VIIRS,n,2.0NRT,291.29,1.88,N,VIIRS_NOAA20_NRT,,
35.96944,68.68594,313.5,0.37,0.58,2026-07-15,2036,N20,VIIRS,n,2.0NRT,298.4,1.53,N,VIIRS_NOAA20_NRT,,
36.99711,80.19382,303.03,0.38,0.36,2026-07-15,2036,N20,VIIRS,n,2.0NRT,290.2,0.95,N,VIIRS_NOAA20_NRT,,
23.56295,87.08366,308.48,0.42,0.61,2026-07-15,2038,N20,VIIRS,n,2.0NRT,276.7,1.8,N,VIIRS_NOAA20_NRT,,
23.68714,87.12048,298.95,0.42,0.61,2026-07-15,2038,N20,VIIRS,n,2.0NRT,271.63,0.79,N,VIIRS_NOAA20_NRT,,
23.69172,87.10055,300.24,0.41,0.61,2026-07-15,2038,N20,VIIRS,n,2.0NRT,273.36,1.37,N,VIIRS_NOAA20_NRT,,
23.6926,87.12192,302.87,0.42,0.61,2026-07-15,2038,N20,VIIRS,n,2.0NRT,270.27,0.79,N,VIIRS_NOAA20_NRT,,
23.73793,85.00925,297.32,0.61,0.54,2026-07-15,2038,N20,VIIRS,n,2.0NRT,277.91,2.95,N,VIIRS_NOAA20_NRT,,
24.93475,74.63271,308.18,0.41,0.37,2026-07-15,2038,N20,VIIRS,n,2.0NRT,294.06,0.97,N,VIIRS_NOAA20_NRT,,
27.66737,76.12877,313.25,0.39,0.36,2026-07-15,2038,N20,VIIRS,n,2.0NRT,293.5,1.69,N,VIIRS_NOAA20_NRT,,
27.77946,68.70176,306.98,0.6,0.53,2026-07-15,2038,N20,VIIRS,n,2.0NRT,295.2,1.73,N,VIIRS_NOAA20_NRT,,
28.42402,69.70193,307.42,0.53,0.5,2026-07-15,2038,N20,VIIRS,n,2.0NRT,295.13,1.38,N,VIIRS_NOAA20_NRT,,
28.66248,77.57969,311.99,0.38,0.36,2026-07-15,2038,N20,VIIRS,n,2.0NRT,293.49,3.39,N,VIIRS_NOAA20_NRT,,
28.7129,76.83319,311.06,0.39,0.36,2026-07-15,2038,N20,VIIRS,n,2.0NRT,293.81,2.46,N,VIIRS_NOAA20_NRT,,
28.77409,76.69877,315.05,0.39,0.36,2026-07-15,2038,N20,VIIRS,n,2.0NRT,293.61,2.43,N,VIIRS_NOAA20_NRT,,
28.85231,77.14545,307.65,0.39,0.36,2026-07-15,2038,N20,VIIRS,n,2.0NRT,293.53,2.59,N,VIIRS_NOAA20_NRT,,
30.88996,75.90708,309.23,0.42,0.37,2026-07-15,2038,N20,VIIRS,n,2.0NRT,294.62,0.87,N,VIIRS_NOAA20_NRT,,
31.02698,76.61909,332.78,0.4,0.37,2026-07-15,2038,N20,VIIRS,n,2.0NRT,296.18,4.79,N,VIIRS_NOAA20_NRT,,
31.03033,76.61974,313.17,0.4,0.37,2026-07-15,2038,N20,VIIRS,n,2.0NRT,295.45,4.79,N,VIIRS_NOAA20_NRT,,
31.25025,76.93073,305.75,0.4,0.37,2026-07-15,2038,N20,VIIRS,n,2.0NRT,292.12,0.42,N,VIIRS_NOAA20_NRT,,
31.32999,76.89369,305.85,0.4,0.37,2026-07-15,2038,N20,VIIRS,n,2.0NRT,292.7,0.94,N,VIIRS_NOAA20_NRT,,
32.29768,74.31297,307.37,0.49,0.41,2026-07-15,2038,N20,VIIRS,n,2.0NRT,293.72,1.01,N,VIIRS_NOAA20_NRT,,
18.38421,74.48208,300.79,0.39,0.36,2026-07-15,2040,N20,VIIRS,n,2.0NRT,285.74,0.28,N,VIIRS_NOAA20_NRT,,
18.57782,72.24319,323.25,0.44,0.39,2026-07-15,2040,N20,VIIRS,n,2.0NRT,291.85,2.75,N,VIIRS_NOAA20_NRT,,
18.57842,72.23904,314.57,0.44,0.39,2026-07-15,2040,N20,VIIRS,n,2.0NRT,291.48,2.75,N,VIIRS_NOAA20_NRT,,
18.68474,73.04117,332.4,0.41,0.37,2026-07-15,2040,N20,VIIRS,n,2.0NRT,285.56,3.63,N,VIIRS_NOAA20_NRT,,
18.68494,73.04062,331.83,0.41,0.37,2026-07-15,2040,N20,VIIRS,n,2.0NRT,284.94,2.66,N,VIIRS_NOAA20_NRT,,
19.37097,71.35281,314.78,0.5,0.41,2026-07-15,2040,N20,VIIRS,n,2.0NRT,293.01,4.14,N,VIIRS_NOAA20_NRT,,
19.93725,73.71325,307.95,0.4,0.37,2026-07-15,2040,N20,VIIRS,n,2.0NRT,290.54,1.4,N,VIIRS_NOAA20_NRT,,
21.10408,72.63596,299.98,0.45,0.39,2026-07-15,2040,N20,VIIRS,n,2.0NRT,276.6,1.2,N,VIIRS_NOAA20_NRT,,
21.33718,78.96969,306.57,0.46,0.39,2026-07-15,2040,N20,VIIRS,n,2.0NRT,284.28,0.9,N,VIIRS_NOAA20_NRT,,
22.26646,75.13486,310.49,0.39,0.36,2026-07-15,2040,N20,VIIRS,n,2.0NRT,293.73,1.02,N,VIIRS_NOAA20_NRT,,
22.93507,69.69678,305.79,0.45,0.47,2026-07-15,2040,N20,VIIRS,n,2.0NRT,291.3,3.67,N,VIIRS_NOAA20_NRT,,
23.26534,70.25816,305.79,0.42,0.45,2026-07-15,2040,N20,VIIRS,n,2.0NRT,290.43,2.7,N,VIIRS_NOAA20_NRT,,
24.66203,74.63297,308.43,0.41,0.37,2026-07-15,2040,N20,VIIRS,n,2.0NRT,295.04,1.11,N,VIIRS_NOAA20_NRT,,
24.76365,74.60847,317.65,0.41,0.37,2026-07-15,2040,N20,VIIRS,n,2.0NRT,295.29,1.79,N,VIIRS_NOAA20_NRT,,
24.82134,73.0951,307.19,0.47,0.4,2026-07-15,2040,N20,VIIRS,n,2.0NRT,294.43,2.87,N,VIIRS_NOAA20_NRT,,
25.38841,68.58057,305.61,0.57,0.52,2026-07-15,2040,N20,VIIRS,n,2.0NRT,293.11,0.73,N,VIIRS_NOAA20_NRT,,
10.92932,77.06499,318.57,0.5,0.41,2026-07-15,2042,N20,VIIRS,n,2.0NRT,274.28,2.23,N,VIIRS_NOAA20_NRT,,
11.51129,77.55211,301.0,0.52,0.41,2026-07-15,2042,N20,VIIRS,n,2.0NRT,280.24,0.29,N,VIIRS_NOAA20_NRT,,
12.71561,78.19357,314.18,0.54,0.42,2026-07-15,2042,N20,VIIRS,n,2.0NRT,286.32,2.27,N,VIIRS_NOAA20_NRT,,
13.44425,75.9399,302.34,0.42,0.37,2026-07-15,2042,N20,VIIRS,n,2.0NRT,289.26,0.52,N,VIIRS_NOAA20_NRT,,
13.72345,79.30231,299.59,0.41,0.45,2026-07-15,2042,N20,VIIRS,n,2.0NRT,265.34,0.35,N,VIIRS_NOAA20_NRT,,
13.72518,79.29259,297.54,0.41,0.45,2026-07-15,2042,N20,VIIRS,n,2.0NRT,269.49,0.44,N,VIIRS_NOAA20_NRT,,
13.73158,79.28012,296.05,0.4,0.45,2026-07-15,2042,N20,VIIRS,n,2.0NRT,270.36,0.4,N,VIIRS_NOAA20_NRT,,
15.16743,76.67416,306.9,0.43,0.38,2026-07-15,2042,N20,VIIRS,n,2.0NRT,287.34,2.09,N,VIIRS_NOAA20_NRT,,
15.17047,76.66975,305.42,0.43,0.38,2026-07-15,2042,N20,VIIRS,n,2.0NRT,287.89,1.42,N,VIIRS_NOAA20_NRT,,
15.17123,76.68606,320.95,0.43,0.38,2026-07-15,2042,N20,VIIRS,n,2.0NRT,287.13,1.83,N,VIIRS_NOAA20_NRT,,
15.17181,76.66191,317.01,0.43,0.38,2026-07-15,2042,N20,VIIRS,n,2.0NRT,289.56,3.71,N,VIIRS_NOAA20_NRT,,
15.1719,76.68214,306.94,0.43,0.38,2026-07-15,2042,N20,VIIRS,n,2.0NRT,285.81,1.47,N,VIIRS_NOAA20_NRT,,
15.17284,76.66306,332.47,0.43,0.38,2026-07-15,2042,N20,VIIRS,n,2.0NRT,290.69,7.29,N,VIIRS_NOAA20_NRT,,
15.17401,76.69062,312.61,0.43,0.38,2026-07-15,2042,N20,VIIRS,n,2.0NRT,286.42,1.89,N,VIIRS_NOAA20_NRT,,
15.17415,76.65519,310.25,0.43,0.38,2026-07-15,2042,N20,VIIRS,n,2.0NRT,288.62,1.67,N,VIIRS_NOAA20_NRT,,
15.17525,76.66255,337.79,0.43,0.38,2026-07-15,2042,N20,VIIRS,n,2.0NRT,288.76,3.71,N,VIIRS_NOAA20_NRT,,
15.17593,76.65862,327.28,0.43,0.38,2026-07-15,2042,N20,VIIRS,n,2.0NRT,290.59,2.3,N,VIIRS_NOAA20_NRT,,
15.17602,76.67886,303.89,0.43,0.38,2026-07-15,2042,N20,VIIRS,n,2.0NRT,286.2,1.19,N,VIIRS_NOAA20_NRT,,
15.17659,76.65469,312.74,0.43,0.38,2026-07-15,2042,N20,VIIRS,n,2.0NRT,291.11,2.3,N,VIIRS_NOAA20_NRT,,
15.17669,76.67494,303.1,0.43,0.38,2026-07-15,2042,N20,VIIRS,n,2.0NRT,285.44,1.38,N,VIIRS_NOAA20_NRT,,
15.18004,76.65532,309.48,0.43,0.38,2026-07-15,2042,N20,VIIRS,n,2.0NRT,289.62,1.63,N,VIIRS_NOAA20_NRT,,
15.18148,76.66772,308.77,0.43,0.38,2026-07-15,2042,N20,VIIRS,n,2.0NRT,284.12,2.09,N,VIIRS_NOAA20_NRT,,
15.33328,76.28893,302.52,0.41,0.37,2026-07-15,2042,N20,VIIRS,n,2.0NRT,285.52,0.65,N,VIIRS_NOAA20_NRT,,
15.33391,76.2851,303.28,0.41,0.37,2026-07-15,2042,N20,VIIRS,n,2.0NRT,284.61,0.65,N,VIIRS_NOAA20_NRT,,
15.33794,76.28191,308.33,0.41,0.37,2026-07-15,2042,N20,VIIRS,n,2.0NRT,284.49,1.05,N,VIIRS_NOAA20_NRT,,
15.33857,76.27811,309.13,0.41,0.37,2026-07-15,2042,N20,VIIRS,n,2.0NRT,284.92,1.05,N,VIIRS_NOAA20_NRT,,
16.19021,76.0647,305.83,0.4,0.37,2026-07-15,2042,N20,VIIRS,n,2.0NRT,289.92,1.64,N,VIIRS_NOAA20_NRT,,
16.19083,76.061,327.68,0.4,0.37,2026-07-15,2042,N20,VIIRS,n,2.0NRT,290.2,1.64,N,VIIRS_NOAA20_NRT,,
16.20427,75.20987,301.0,0.39,0.36,2026-07-15,2042,N20,VIIRS,n,2.0NRT,285.89,0.32,N,VIIRS_NOAA20_NRT,,
8.84192,80.9762,332.94,0.45,0.39,2026-07-16,748,N20,VIIRS,l,2.0NRT,305.86,5.24,D,VIIRS_NOAA20_NRT,,
9.00422,80.58644,337.4,0.47,0.4,2026-07-16,748,N20,VIIRS,n,2.0NRT,303.86,3.33,D,VIIRS_NOAA20_NRT,,
9.12829,78.03392,341.12,0.44,0.46,2026-07-16,748,N20,VIIRS,n,2.0NRT,296.33,2.79,D,VIIRS_NOAA20_NRT,,
9.5299,78.53727,336.26,0.4,0.44,2026-07-16,748,N20,VIIRS,n,2.0NRT,295.55,3.2,D,VIIRS_NOAA20_NRT,,
9.53694,78.55453,336.42,0.4,0.44,2026-07-16,748,N20,VIIRS,n,2.0NRT,290.09,2.57,D,VIIRS_NOAA20_NRT,,
9.72177,78.72839,334.87,0.39,0.44,2026-07-16,748,N20,VIIRS,n,2.0NRT,287.95,1.27,D,VIIRS_NOAA20_NRT,,
12.06849,79.85098,335.32,0.47,0.39,2026-07-16,750,N20,VIIRS,l,2.0NRT,307.78,2.95,D,VIIRS_NOAA20_NRT,,
12.21145,79.92303,335.42,0.46,0.39,2026-07-16,750,N20,VIIRS,l,2.0NRT,308.59,4.73,D,VIIRS_NOAA20_NRT,,
12.36853,79.78903,339.81,0.47,0.39,2026-07-16,750,N20,VIIRS,l,2.0NRT,311.47,4.42,D,VIIRS_NOAA20_NRT,,
12.45474,79.35731,337.37,0.49,0.4,2026-07-16,750,N20,VIIRS,n,2.0NRT,303.42,6.17,D,VIIRS_NOAA20_NRT,,
12.4689,79.62034,334.89,0.47,0.4,2026-07-16,750,N20,VIIRS,l,2.0NRT,307.77,4.03,D,VIIRS_NOAA20_NRT,,
12.66854,79.92146,336.08,0.46,0.39,2026-07-16,750,N20,VIIRS,l,2.0NRT,307.97,4.95,D,VIIRS_NOAA20_NRT,,
12.93515,79.37935,331.5,0.48,0.4,2026-07-16,750,N20,VIIRS,n,2.0NRT,296.51,1.87,D,VIIRS_NOAA20_NRT,,
13.03057,80.04868,330.13,0.45,0.39,2026-07-16,750,N20,VIIRS,l,2.0NRT,301.93,3.51,D,VIIRS_NOAA20_NRT,,
13.20762,80.29185,339.14,0.43,0.38,2026-07-16,750,N20,VIIRS,l,2.0NRT,302.79,10.18,D,VIIRS_NOAA20_NRT,,
13.25784,80.21797,335.87,0.44,0.38,2026-07-16,750,N20,VIIRS,l,2.0NRT,300.12,2.09,D,VIIRS_NOAA20_NRT,,
13.73649,77.44251,334.37,0.4,0.44,2026-07-16,750,N20,VIIRS,n,2.0NRT,291.91,2.6,D,VIIRS_NOAA20_NRT,,
13.76427,77.50519,331.69,0.4,0.44,2026-07-16,750,N20,VIIRS,n,2.0NRT,290.65,2.48,D,VIIRS_NOAA20_NRT,,
13.88605,80.1543,330.71,0.43,0.38,2026-07-16,750,N20,VIIRS,l,2.0NRT,298.14,4.2,D,VIIRS_NOAA20_NRT,,
14.26176,80.12791,336.36,0.43,0.38,2026-07-16,750,N20,VIIRS,l,2.0NRT,291.92,5.7,D,VIIRS_NOAA20_NRT,,
14.63433,77.35945,343.57,0.39,0.44,2026-07-16,750,N20,VIIRS,n,2.0NRT,270.31,4.01,D,VIIRS_NOAA20_NRT,,
14.76503,77.03412,331.92,0.41,0.45,2026-07-16,750,N20,VIIRS,n,2.0NRT,284.18,3.64,D,VIIRS_NOAA20_NRT,,
15.18731,76.74755,345.57,0.42,0.45,2026-07-16,750,N20,VIIRS,n,2.0NRT,269.25,5.8,D,VIIRS_NOAA20_NRT,,
20.07484,74.14079,330.99,0.5,0.49,2026-07-16,752,N20,VIIRS,n,2.0NRT,291.59,3.75,D,VIIRS_NOAA20_NRT,,
21.10445,72.64587,335.05,0.6,0.53,2026-07-16,752,N20,VIIRS,n,2.0NRT,286.31,8.95,D,VIIRS_NOAA20_NRT,,
23.64749,85.44027,336.48,0.56,0.43,2026-07-16,752,N20,VIIRS,n,2.0NRT,294.6,4.94,D,VIIRS_NOAA20_NRT,,
23.67729,86.4007,335.45,0.43,0.46,2026-07-16,752,N20,VIIRS,n,2.0NRT,295.45,10.56,D,VIIRS_NOAA20_NRT,,
23.6852,86.39531,331.44,0.43,0.46,2026-07-16,752,N20,VIIRS,n,2.0NRT,292.49,3.4,D,VIIRS_NOAA20_NRT,,
23.71303,86.45126,335.63,0.43,0.46,2026-07-16,752,N20,VIIRS,n,2.0NRT,294.31,6.47,D,VIIRS_NOAA20_NRT,,
23.73681,86.43526,339.09,0.43,0.46,2026-07-16,752,N20,VIIRS,n,2.0NRT,294.65,7.37,D,VIIRS_NOAA20_NRT,,
23.73721,86.43575,337.88,0.43,0.46,2026-07-16,752,N20,VIIRS,n,2.0NRT,293.03,5.52,D,VIIRS_NOAA20_NRT,,
23.82252,84.57347,335.16,0.51,0.41,2026-07-16,752,N20,VIIRS,n,2.0NRT,295.12,4.31,D,VIIRS_NOAA20_NRT,,
24.86659,78.14019,367.0,0.41,0.37,2026-07-16,752,N20,VIIRS,h,2.0NRT,292.72,15.7,D,VIIRS_NOAA20_NRT,,
25.77057,73.47473,333.84,0.43,0.46,2026-07-16,754,N20,VIIRS,n,2.0NRT,300.99,3.76,D,VIIRS_NOAA20_NRT,,
25.86353,72.1926,343.51,0.51,0.5,2026-07-16,754,N20,VIIRS,n,2.0NRT,299.34,5.87,D,VIIRS_NOAA20_NRT,,
25.88776,72.90572,334.23,0.46,0.47,2026-07-16,754,N20,VIIRS,n,2.0NRT,300.59,2.34,D,VIIRS_NOAA20_NRT,,
26.76386,70.40228,336.47,0.63,0.54,2026-07-16,754,N20,VIIRS,n,2.0NRT,302.52,4.13,D,VIIRS_NOAA20_NRT,,
27.41405,70.48518,340.04,0.6,0.53,2026-07-16,754,N20,VIIRS,n,2.0NRT,302.54,4.14,D,VIIRS_NOAA20_NRT,,
27.92454,69.05863,330.11,0.36,0.57,2026-07-16,754,N20,VIIRS,n,2.0NRT,298.95,3.3,D,VIIRS_NOAA20_NRT,,
28.24113,69.56667,336.8,0.33,0.55,2026-07-16,754,N20,VIIRS,n,2.0NRT,298.05,3.4,D,VIIRS_NOAA20_NRT,,
28.45189,68.37154,333.74,0.38,0.59,2026-07-16,754,N20,VIIRS,n,2.0NRT,298.42,2.19,D,VIIRS_NOAA20_NRT,,
29.51441,71.82705,330.63,0.46,0.47,2026-07-16,754,N20,VIIRS,l,2.0NRT,300.98,2.05,D,VIIRS_NOAA20_NRT,,
29.52876,71.89554,335.73,0.45,0.47,2026-07-16,754,N20,VIIRS,n,2.0NRT,300.14,1.66,D,VIIRS_NOAA20_NRT,,
29.53971,71.96912,342.68,0.45,0.47,2026-07-16,754,N20,VIIRS,n,2.0NRT,301.82,6.29,D,VIIRS_NOAA20_NRT,,
29.58958,72.16679,331.52,0.43,0.46,2026-07-16,754,N20,VIIRS,l,2.0NRT,301.92,3.2,D,VIIRS_NOAA20_NRT,,
29.60735,72.29509,341.38,0.43,0.46,2026-07-16,754,N20,VIIRS,n,2.0NRT,301.63,2.96,D,VIIRS_NOAA20_NRT,,
29.60823,72.29939,333.96,0.43,0.46,2026-07-16,754,N20,VIIRS,n,2.0NRT,302.23,2.96,D,VIIRS_NOAA20_NRT,,
29.61462,71.75826,342.49,0.46,0.47,2026-07-16,754,N20,VIIRS,n,2.0NRT,301.71,4.56,D,VIIRS_NOAA20_NRT,,
29.63926,72.40842,347.77,0.42,0.45,2026-07-16,754,N20,VIIRS,n,2.0NRT,300.94,4.95,D,VIIRS_NOAA20_NRT,,
29.64457,91.2902,326.1,0.5,0.66,2026-07-16,754,N20,VIIRS,l,2.0NRT,298.08,4.02,D,VIIRS_NOAA20_NRT,,
29.64758,70.94691,342.01,0.51,0.49,2026-07-16,754,N20,VIIRS,n,2.0NRT,296.89,9.46,D,VIIRS_NOAA20_NRT,,
29.6515,72.40516,331.84,0.42,0.45,2026-07-16,754,N20,VIIRS,n,2.0NRT,300.4,1.24,D,VIIRS_NOAA20_NRT,,
29.6536,72.37318,344.13,0.42,0.45,2026-07-16,754,N20,VIIRS,n,2.0NRT,301.84,5.09,D,VIIRS_NOAA20_NRT,,
29.67289,72.24732,330.76,0.43,0.46,2026-07-16,754,N20,VIIRS,n,2.0NRT,300.58,0.78,D,VIIRS_NOAA20_NRT,,
29.67743,71.91007,331.24,0.45,0.47,2026-07-16,754,N20,VIIRS,n,2.0NRT,300.16,3.7,D,VIIRS_NOAA20_NRT,,
29.67836,71.91459,341.56,0.45,0.47,2026-07-16,754,N20,VIIRS,n,2.0NRT,300.44,3.98,D,VIIRS_NOAA20_NRT,,
29.68008,72.39755,349.67,0.42,0.45,2026-07-16,754,N20,VIIRS,n,2.0NRT,302.55,5.36,D,VIIRS_NOAA20_NRT,,
29.68882,72.26129,335.33,0.43,0.46,2026-07-16,754,N20,VIIRS,n,2.0NRT,301.48,3.07,D,VIIRS_NOAA20_NRT,,
29.74213,72.43609,331.61,0.42,0.45,2026-07-16,754,N20,VIIRS,n,2.0NRT,299.14,1.17,D,VIIRS_NOAA20_NRT,,
29.74278,71.69563,353.85,0.46,0.47,2026-07-16,754,N20,VIIRS,n,2.0NRT,301.99,15.06,D,VIIRS_NOAA20_NRT,,
29.74941,72.4297,333.02,0.42,0.45,2026-07-16,754,N20,VIIRS,n,2.0NRT,299.51,1.58,D,VIIRS_NOAA20_NRT,,
29.77481,71.99883,342.12,0.44,0.46,2026-07-16,754,N20,VIIRS,n,2.0NRT,301.28,4.17,D,VIIRS_NOAA20_NRT,,
29.79109,72.65528,330.84,0.4,0.45,2026-07-16,754,N20,VIIRS,n,2.0NRT,299.49,3.43,D,VIIRS_NOAA20_NRT,,
29.7951,72.65423,342.67,0.4,0.45,2026-07-16,754,N20,VIIRS,n,2.0NRT,299.81,3.43,D,VIIRS_NOAA20_NRT,,
29.80454,72.61713,339.27,0.41,0.45,2026-07-16,754,N20,VIIRS,n,2.0NRT,298.63,2.12,D,VIIRS_NOAA20_NRT,,
29.829,72.09153,352.91,0.43,0.46,2026-07-16,754,N20,VIIRS,n,2.0NRT,303.99,13.76,D,VIIRS_NOAA20_NRT,,
29.8299,72.09592,337.07,0.43,0.46,2026-07-16,754,N20,VIIRS,n,2.0NRT,301.01,13.76,D,VIIRS_NOAA20_NRT,,
29.83712,71.40295,331.05,0.47,0.48,2026-07-16,754,N20,VIIRS,n,2.0NRT,299.47,2.02,D,VIIRS_NOAA20_NRT,,
29.83792,71.40358,333.58,0.47,0.48,2026-07-16,754,N20,VIIRS,n,2.0NRT,299.82,1.86,D,VIIRS_NOAA20_NRT,,
29.84982,72.48793,343.51,0.41,0.45,2026-07-16,754,N20,VIIRS,n,2.0NRT,302.11,4.86,D,VIIRS_NOAA20_NRT,,
29.85665,71.23426,334.57,0.48,0.48,2026-07-16,754,N20,VIIRS,n,2.0NRT,297.26,2.85,D,VIIRS_NOAA20_NRT,,
29.86934,72.05006,337.08,0.44,0.46,2026-07-16,754,N20,VIIRS,n,2.0NRT,301.04,2.57,D,VIIRS_NOAA20_NRT,,
29.88407,72.25546,335.45,0.42,0.45,2026-07-16,754,N20,VIIRS,n,2.0NRT,300.23,2.47,D,VIIRS_NOAA20_NRT,,
29.88816,72.25436,334.56,0.42,0.45,2026-07-16,754,N20,VIIRS,n,2.0NRT,300.5,2.09,D,VIIRS_NOAA20_NRT,,
29.92133,71.79503,331.2,0.45,0.47,2026-07-16,754,N20,VIIRS,n,2.0NRT,301.05,2.87,D,VIIRS_NOAA20_NRT,,
29.92733,71.69675,350.0,0.45,0.47,2026-07-16,754,N20,VIIRS,n,2.0NRT,303.12,37.66,D,VIIRS_NOAA20_NRT,,
29.93397,72.19378,333.22,0.43,0.46,2026-07-16,754,N20,VIIRS,n,2.0NRT,300.62,2.65,D,VIIRS_NOAA20_NRT,,
29.9392,72.71978,330.66,0.4,0.44,2026-07-16,754,N20,VIIRS,l,2.0NRT,300.89,2.97,D,VIIRS_NOAA20_NRT,,
29.94662,72.27653,336.17,0.42,0.45,2026-07-16,754,N20,VIIRS,n,2.0NRT,301.12,2.15,D,VIIRS_NOAA20_NRT,,
29.94676,71.26886,339.92,0.48,0.48,2026-07-16,754,N20,VIIRS,n,2.0NRT,298.42,5.33,D,VIIRS_NOAA20_NRT,,
29.9478,71.27371,331.8,0.48,0.48,2026-07-16,754,N20,VIIRS,n,2.0NRT,297.82,5.64,D,VIIRS_NOAA20_NRT,,
29.95164,72.61348,335.79,0.4,0.45,2026-07-16,754,N20,VIIRS,n,2.0NRT,300.4,12.23,D,VIIRS_NOAA20_NRT,,
29.95316,71.27735,345.56,0.48,0.48,2026-07-16,754,N20,VIIRS,n,2.0NRT,298.25,7.62,D,VIIRS_NOAA20_NRT,,
29.95566,72.61241,356.03,0.4,0.45,2026-07-16,754,N20,VIIRS,n,2.0NRT,301.73,12.23,D,VIIRS_NOAA20_NRT,,
29.9645,72.61438,345.4,0.4,0.45,2026-07-16,754,N20,VIIRS,n,2.0NRT,301.71,6.19,D,VIIRS_NOAA20_NRT,,
30.00438,72.90054,330.64,0.39,0.44,2026-07-16,754,N20,VIIRS,l,2.0NRT,300.7,1.67,D,VIIRS_NOAA20_NRT,,
30.01751,72.27537,337.12,0.42,0.45,2026-07-16,754,N20,VIIRS,n,2.0NRT,301.02,2.3,D,VIIRS_NOAA20_NRT,,
30.04087,71.45568,348.26,0.47,0.47,2026-07-16,754,N20,VIIRS,n,2.0NRT,298.9,5.9,D,VIIRS_NOAA20_NRT,,
30.04515,71.45449,350.18,0.47,0.47,2026-07-16,754,N20,VIIRS,n,2.0NRT,298.36,9.55,D,VIIRS_NOAA20_NRT,,
30.04552,73.02594,332.37,0.38,0.43,2026-07-16,754,N20,VIIRS,n,2.0NRT,301.75,2.59,D,VIIRS_NOAA20_NRT,,
30.08799,72.28333,340.93,0.42,0.45,2026-07-16,754,N20,VIIRS,n,2.0NRT,305.15,9.37,D,VIIRS_NOAA20_NRT,,
30.08885,72.28758,343.46,0.42,0.45,2026-07-16,754,N20,VIIRS,n,2.0NRT,301.94,8.48,D,VIIRS_NOAA20_NRT,,
30.09206,72.28223,331.55,0.42,0.45,2026-07-16,754,N20,VIIRS,n,2.0NRT,300.83,9.37,D,VIIRS_NOAA20_NRT,,
30.09292,72.28648,338.55,0.42,0.45,2026-07-16,754,N20,VIIRS,n,2.0NRT,299.95,8.48,D,VIIRS_NOAA20_NRT,,
30.1021,72.77537,334.33,0.39,0.44,2026-07-16,754,N20,VIIRS,n,2.0NRT,300.75,1.78,D,VIIRS_NOAA20_NRT,,
30.15135,71.94741,341.91,0.44,0.46,2026-07-16,754,N20,VIIRS,n,2.0NRT,299.73,3.09,D,VIIRS_NOAA20_NRT,,
30.22629,72.48609,341.29,0.41,0.45,2026-07-16,754,N20,VIIRS,n,2.0NRT,301.31,4.88,D,VIIRS_NOAA20_NRT,,
30.22712,72.49021,343.2,0.41,0.45,2026-07-16,754,N20,VIIRS,n,2.0NRT,301.94,6.23,D,VIIRS_NOAA20_NRT,,
30.23597,73.02405,334.29,0.57,0.43,2026-07-16,754,N20,VIIRS,n,2.0NRT,300.74,2.82,D,VIIRS_NOAA20_NRT,,
30.25789,72.12257,332.41,0.42,0.45,2026-07-16,754,N20,VIIRS,n,2.0NRT,298.39,2.26,D,VIIRS_NOAA20_NRT,,
30.31978,73.13992,331.91,0.56,0.43,2026-07-16,754,N20,VIIRS,n,2.0NRT,300.61,4.18,D,VIIRS_NOAA20_NRT,,
30.33725,73.24863,330.26,0.55,0.43,2026-07-16,754,N20,VIIRS,n,2.0NRT,299.69,12.94,D,VIIRS_NOAA20_NRT,,
30.47159,72.30033,339.28,0.41,0.45,2026-07-16,754,N20,VIIRS,n,2.0NRT,300.14,4.02,D,VIIRS_NOAA20_NRT,,
30.71613,73.90697,331.01,0.51,0.41,2026-07-16,754,N20,VIIRS,n,2.0NRT,299.15,2.1,D,VIIRS_NOAA20_NRT,,
30.72648,73.92065,330.63,0.5,0.41,2026-07-16,754,N20,VIIRS,n,2.0NRT,299.23,3.53,D,VIIRS_NOAA20_NRT,,
30.73457,76.22543,339.6,0.41,0.37,2026-07-16,754,N20,VIIRS,n,2.0NRT,299.57,4.6,D,VIIRS_NOAA20_NRT,,
30.77415,72.76598,331.14,0.38,0.43,2026-07-16,754,N20,VIIRS,n,2.0NRT,300.93,2.35,D,VIIRS_NOAA20_NRT,,
30.91678,75.4222,335.42,0.44,0.38,2026-07-16,754,N20,VIIRS,l,2.0NRT,299.8,4.42,D,VIIRS_NOAA20_NRT,,
30.98865,72.07547,330.92,0.41,0.45,2026-07-16,756,N20,VIIRS,l,2.0NRT,303.9,9.33,D,VIIRS_NOAA20_NRT,,
31.07442,72.14076,330.86,0.41,0.45,2026-07-16,756,N20,VIIRS,l,2.0NRT,305.02,4.99,D,VIIRS_NOAA20_NRT,,
31.09421,72.15713,331.04,0.41,0.45,2026-07-16,756,N20,VIIRS,l,2.0NRT,305.09,5.67,D,VIIRS_NOAA20_NRT,,
31.21301,72.61647,367.0,0.38,0.43,2026-07-16,756,N20,VIIRS,h,2.0NRT,305.42,7.86,D,VIIRS_NOAA20_NRT,,
31.2138,72.6204,343.93,0.38,0.43,2026-07-16,756,N20,VIIRS,n,2.0NRT,302.14,9.28,D,VIIRS_NOAA20_NRT,,
31.21692,72.61541,335.55,0.38,0.43,2026-07-16,756,N20,VIIRS,n,2.0NRT,300.37,7.86,D,VIIRS_NOAA20_NRT,,
31.4241,72.48965,337.31,0.39,0.44,2026-07-16,756,N20,VIIRS,n,2.0NRT,300.98,3.77,D,VIIRS_NOAA20_NRT,,
31.4249,72.49361,343.73,0.39,0.44,2026-07-16,756,N20,VIIRS,n,2.0NRT,302.68,3.77,D,VIIRS_NOAA20_NRT,,
31.44144,75.25272,339.13,0.44,0.38,2026-07-16,756,N20,VIIRS,n,2.0NRT,300.06,6.0,D,VIIRS_NOAA20_NRT,,
31.63893,74.18701,340.57,0.48,0.4,2026-07-16,756,N20,VIIRS,n,2.0NRT,301.87,5.54,D,VIIRS_NOAA20_NRT,,
31.64595,72.90963,330.94,0.55,0.42,2026-07-16,756,N20,VIIRS,n,2.0NRT,297.64,4.9,D,VIIRS_NOAA20_NRT,,
32.34079,71.83305,346.75,0.4,0.44,2026-07-16,756,N20,VIIRS,n,2.0NRT,298.41,3.24,D,VIIRS_NOAA20_NRT,,
32.34122,71.83382,343.57,0.4,0.44,2026-07-16,756,N20,VIIRS,n,2.0NRT,298.5,4.52,D,VIIRS_NOAA20_NRT,,
33.07886,73.7303,332.26,0.48,0.4,2026-07-16,756,N20,VIIRS,n,2.0NRT,301.41,1.89,D,VIIRS_NOAA20_NRT,,
33.27036,71.59339,332.11,0.4,0.44,2026-07-16,756,N20,VIIRS,n,2.0NRT,296.87,1.72,D,VIIRS_NOAA20_NRT,,
34.31353,72.81331,342.22,0.5,0.41,2026-07-16,756,N20,VIIRS,n,2.0NRT,299.36,5.66,D,VIIRS_NOAA20_NRT,,
23.69408,68.57085,330.59,0.64,0.72,2026-07-16,934,N20,VIIRS,n,2.0NRT,289.9,5.05,D,VIIRS_NOAA20_NRT,,
31.03008,76.61686,311.08,0.42,0.46,2026-07-16,2017,N20,VIIRS,n,2.0NRT,287.62,1.75,N,VIIRS_NOAA20_NRT,,
32.2892,70.7376,307.62,0.49,0.65,2026-07-16,2017,N20,VIIRS,n,2.0NRT,293.34,2.61,N,VIIRS_NOAA20_NRT,,
32.88926,71.6153,308.52,0.44,0.62,2026-07-16,2017,N20,VIIRS,n,2.0NRT,293.59,3.48,N,VIIRS_NOAA20_NRT,,
36.93484,80.29741,305.7,0.49,0.4,2026-07-16,2017,N20,VIIRS,n,2.0NRT,295.22,1.1,N,VIIRS_NOAA20_NRT,,
22.05394,88.12698,303.89,0.52,0.5,2026-07-16,2019,N20,VIIRS,n,2.0NRT,287.82,3.12,N,VIIRS_NOAA20_NRT,,
22.2662,75.13141,304.21,0.4,0.45,2026-07-16,2019,N20,VIIRS,n,2.0NRT,286.88,1.15,N,VIIRS_NOAA20_NRT,,
22.93242,69.6953,304.6,0.46,0.63,2026-07-16,2019,N20,VIIRS,n,2.0NRT,287.25,1.46,N,VIIRS_NOAA20_NRT,,
23.1064,70.1871,301.02,0.43,0.62,2026-07-16,2019,N20,VIIRS,n,2.0NRT,287.32,0.99,N,VIIRS_NOAA20_NRT,,
23.68582,85.36156,301.37,0.51,0.41,2026-07-16,2019,N20,VIIRS,n,2.0NRT,286.68,1.31,N,VIIRS_NOAA20_NRT,,
23.69604,85.36887,316.32,0.51,0.41,2026-07-16,2019,N20,VIIRS,n,2.0NRT,288.08,3.36,N,VIIRS_NOAA20_NRT,,
23.74393,85.50732,300.49,0.51,0.41,2026-07-16,2019,N20,VIIRS,n,2.0NRT,287.02,0.62,N,VIIRS_NOAA20_NRT,,
23.75712,85.85512,315.33,0.54,0.42,2026-07-16,2019,N20,VIIRS,n,2.0NRT,290.51,2.71,N,VIIRS_NOAA20_NRT,,
23.76093,85.85598,307.07,0.54,0.42,2026-07-16,2019,N20,VIIRS,n,2.0NRT,288.22,2.71,N,VIIRS_NOAA20_NRT,,
23.77346,86.19603,309.97,0.56,0.43,2026-07-16,2019,N20,VIIRS,n,2.0NRT,289.27,4.9,N,VIIRS_NOAA20_NRT,,
23.78249,85.57456,307.36,0.52,0.41,2026-07-16,2019,N20,VIIRS,n,2.0NRT,290.47,2.12,N,VIIRS_NOAA20_NRT,,
24.71557,75.95248,307.76,0.39,0.44,2026-07-16,2019,N20,VIIRS,n,2.0NRT,290.36,2.36,N,VIIRS_NOAA20_NRT,,
24.76246,74.60758,305.32,0.47,0.48,2026-07-16,2019,N20,VIIRS,n,2.0NRT,288.03,1.11,N,VIIRS_NOAA20_NRT,,
24.92485,84.15578,307.63,0.43,0.38,2026-07-16,2019,N20,VIIRS,n,2.0NRT,290.35,3.37,N,VIIRS_NOAA20_NRT,,
24.92981,84.14806,308.82,0.43,0.38,2026-07-16,2019,N20,VIIRS,n,2.0NRT,290.17,3.07,N,VIIRS_NOAA20_NRT,,
25.38692,68.58002,305.13,0.57,0.69,2026-07-16,2019,N20,VIIRS,n,2.0NRT,291.95,0.94,N,VIIRS_NOAA20_NRT,,
25.39163,68.58018,305.3,0.57,0.69,2026-07-16,2019,N20,VIIRS,n,2.0NRT,291.49,0.61,N,VIIRS_NOAA20_NRT,,
27.84864,72.34029,309.6,0.35,0.57,2026-07-16,2019,N20,VIIRS,n,2.0NRT,292.24,1.32,N,VIIRS_NOAA20_NRT,,
33.69036,72.71134,306.8,0.38,0.59,2026-07-16,2019,N20,VIIRS,n,2.0NRT,292.02,2.3,N,VIIRS_NOAA20_NRT,,
18.76245,74.28031,299.77,0.41,0.45,2026-07-16,2021,N20,VIIRS,n,2.0NRT,274.56,1.0,N,VIIRS_NOAA20_NRT,,
18.76352,74.28097,298.57,0.41,0.45,2026-07-16,2021,N20,VIIRS,n,2.0NRT,274.51,0.3,N,VIIRS_NOAA20_NRT,,
19.93643,73.71084,306.69,0.46,0.47,2026-07-16,2021,N20,VIIRS,n,2.0NRT,286.41,1.22,N,VIIRS_NOAA20_NRT,,
21.1018,72.6333,309.41,0.56,0.51,2026-07-16,2021,N20,VIIRS,n,2.0NRT,288.28,5.27,N,VIIRS_NOAA20_NRT,,
21.10358,72.64796,308.65,0.56,0.51,2026-07-16,2021,N20,VIIRS,n,2.0NRT,287.99,5.79,N,VIIRS_NOAA20_NRT,,
21.1042,72.64258,323.45,0.56,0.51,2026-07-16,2021,N20,VIIRS,n,2.0NRT,287.94,4.16,N,VIIRS_NOAA20_NRT,,
21.10481,72.63719,309.64,0.56,0.51,2026-07-16,2021,N20,VIIRS,n,2.0NRT,288.35,4.16,N,VIIRS_NOAA20_NRT,,
21.10538,72.64471,317.44,0.56,0.51,2026-07-16,2021,N20,VIIRS,n,2.0NRT,287.97,5.12,N,VIIRS_NOAA20_NRT,,
8.3586,80.58532,306.02,0.46,0.39,2026-07-16,2023,N20,VIIRS,n,2.0NRT,294.28,0.7,N,VIIRS_NOAA20_NRT,,
8.84957,78.13499,306.46,0.39,0.36,2026-07-16,2023,N20,VIIRS,n,2.0NRT,295.91,1.0,N,VIIRS_NOAA20_NRT,,
9.2058,77.30267,339.72,0.38,0.36,2026-07-16,2023,N20,VIIRS,n,2.0NRT,296.1,7.02,N,VIIRS_NOAA20_NRT,,
9.20634,77.29922,354.18,0.38,0.36,2026-07-16,2023,N20,VIIRS,n,2.0NRT,302.36,7.02,N,VIIRS_NOAA20_NRT,,
9.20688,77.29578,306.74,0.38,0.36,2026-07-16,2023,N20,VIIRS,n,2.0NRT,293.81,2.1,N,VIIRS_NOAA20_NRT,,
9.20909,77.30321,351.91,0.38,0.36,2026-07-16,2023,N20,VIIRS,n,2.0NRT,298.33,7.02,N,VIIRS_NOAA20_NRT,,
9.20963,77.29976,309.25,0.38,0.36,2026-07-16,2023,N20,VIIRS,n,2.0NRT,294.5,7.02,N,VIIRS_NOAA20_NRT,,
9.21239,77.30374,306.05,0.38,0.36,2026-07-16,2023,N20,VIIRS,n,2.0NRT,293.97,2.12,N,VIIRS_NOAA20_NRT,,
9.21347,77.29685,339.05,0.38,0.36,2026-07-16,2023,N20,VIIRS,n,2.0NRT,300.02,7.98,N,VIIRS_NOAA20_NRT,,
9.214,77.29343,349.96,0.38,0.36,2026-07-16,2023,N20,VIIRS,n,2.0NRT,295.56,7.98,N,VIIRS_NOAA20_NRT,,
9.21454,77.29,326.73,0.38,0.36,2026-07-16,2023,N20,VIIRS,n,2.0NRT,290.9,2.23,N,VIIRS_NOAA20_NRT,,
9.21677,77.29736,331.22,0.38,0.36,2026-07-16,2023,N20,VIIRS,n,2.0NRT,295.8,7.98,N,VIIRS_NOAA20_NRT,,
9.2173,77.29394,310.49,0.38,0.36,2026-07-16,2023,N20,VIIRS,n,2.0NRT,292.51,7.98,N,VIIRS_NOAA20_NRT,,
9.22007,77.29787,318.61,0.38,0.36,2026-07-16,2023,N20,VIIRS,n,2.0NRT,294.08,5.25,N,VIIRS_NOAA20_NRT,,
9.22122,77.31213,307.13,0.38,0.36,2026-07-16,2023,N20,VIIRS,n,2.0NRT,296.12,2.08,N,VIIRS_NOAA20_NRT,,
9.22283,77.30182,341.39,0.38,0.36,2026-07-16,2023,N20,VIIRS,n,2.0NRT,297.12,6.72,N,VIIRS_NOAA20_NRT,,
9.22337,77.29838,337.14,0.38,0.36,2026-07-16,2023,N20,VIIRS,n,2.0NRT,296.7,5.25,N,VIIRS_NOAA20_NRT,,
9.2257,77.30964,345.36,0.38,0.36,2026-07-16,2023,N20,VIIRS,n,2.0NRT,298.59,6.34,N,VIIRS_NOAA20_NRT,,
9.22624,77.3062,310.72,0.38,0.36,2026-07-16,2023,N20,VIIRS,n,2.0NRT,295.79,3.26,N,VIIRS_NOAA20_NRT,,
9.22679,77.30277,338.03,0.38,0.36,2026-07-16,2023,N20,VIIRS,n,2.0NRT,297.0,3.26,N,VIIRS_NOAA20_NRT,,
9.22733,77.29933,347.45,0.38,0.36,2026-07-16,2023,N20,VIIRS,n,2.0NRT,300.56,9.42,N,VIIRS_NOAA20_NRT,,
9.23008,77.30328,332.65,0.38,0.36,2026-07-16,2023,N20,VIIRS,n,2.0NRT,296.32,3.26,N,VIIRS_NOAA20_NRT,,
9.23063,77.29984,310.6,0.38,0.36,2026-07-16,2023,N20,VIIRS,n,2.0NRT,294.21,9.42,N,VIIRS_NOAA20_NRT,,
9.45786,77.92679,308.17,0.38,0.36,2026-07-16,2023,N20,VIIRS,n,2.0NRT,297.57,0.66,N,VIIRS_NOAA20_NRT,,
10.61489,77.42099,313.07,0.39,0.36,2026-07-16,2023,N20,VIIRS,n,2.0NRT,293.9,1.0,N,VIIRS_NOAA20_NRT,,
10.65865,77.31594,307.15,0.39,0.36,2026-07-16,2023,N20,VIIRS,n,2.0NRT,293.11,0.75,N,VIIRS_NOAA20_NRT,,
11.81066,77.92497,310.38,0.38,0.36,2026-07-16,2023,N20,VIIRS,n,2.0NRT,295.67,1.43,N,VIIRS_NOAA20_NRT,,
11.81505,77.91851,321.47,0.38,0.36,2026-07-16,2023,N20,VIIRS,n,2.0NRT,294.48,1.96,N,VIIRS_NOAA20_NRT,,
12.62408,77.89861,304.31,0.39,0.36,2026-07-16,2023,N20,VIIRS,n,2.0NRT,290.9,0.57,N,VIIRS_NOAA20_NRT,,
12.7452,77.62096,328.32,0.39,0.36,2026-07-16,2023,N20,VIIRS,n,2.0NRT,289.92,2.0,N,VIIRS_NOAA20_NRT,,
12.85021,77.60069,303.58,0.39,0.36,2026-07-16,2023,N20,VIIRS,n,2.0NRT,289.08,0.64,N,VIIRS_NOAA20_NRT,,
32.88904,71.61718,307.92,0.51,0.66,2026-07-16,2157,N20,VIIRS,n,2.0NRT,292.45,4.19,N,VIIRS_NOAA20_NRT,,
33.2973,71.18491,305.34,0.47,0.64,2026-07-16,2157,N20,VIIRS,n,2.0NRT,291.79,1.23,N,VIIRS_NOAA20_NRT,,
25.38682,68.58439,303.86,0.51,0.66,2026-07-16,2159,N20,VIIRS,n,2.0NRT,291.51,0.56,N,VIIRS_NOAA20_NRT,,
25.8628,68.9321,304.29,0.52,0.67,2026-07-16,2159,N20,VIIRS,n,2.0NRT,292.4,0.59,N,VIIRS_NOAA20_NRT,,
29.86009,68.27921,310.63,0.39,0.59,2026-07-16,2159,N20,VIIRS,n,2.0NRT,289.38,1.9,N,VIIRS_NOAA20_NRT,,
29.86099,68.27555,303.66,0.39,0.59,2026-07-16,2159,N20,VIIRS,n,2.0NRT,289.04,1.67,N,VIIRS_NOAA20_NRT,,
22.3349,69.86817,295.4,0.72,0.76,2026-07-16,2201,N20,VIIRS,n,2.0NRT,284.21,4.27,N,VIIRS_NOAA20_NRT,,
23.05871,69.76537,304.51,0.68,0.74,2026-07-16,2201,N20,VIIRS,n,2.0NRT,283.83,1.34,N,VIIRS_NOAA20_NRT,,
9.41921,78.79755,330.01,0.4,0.6,2026-07-17,729,N20,VIIRS,n,2.0NRT,294.88,0.76,D,VIIRS_NOAA20_NRT,,
9.44717,78.67255,338.5,0.41,0.6,2026-07-17,729,N20,VIIRS,n,2.0NRT,293.47,3.77,D,VIIRS_NOAA20_NRT,,
9.68072,78.95162,330.75,0.39,0.59,2026-07-17,729,N20,VIIRS,n,2.0NRT,294.88,1.45,D,VIIRS_NOAA20_NRT,,
10.30604,79.35057,340.55,0.35,0.57,2026-07-17,729,N20,VIIRS,n,2.0NRT,294.2,4.53,D,VIIRS_NOAA20_NRT,,
11.63689,79.29222,331.14,0.34,0.56,2026-07-17,729,N20,VIIRS,n,2.0NRT,292.78,2.43,D,VIIRS_NOAA20_NRT,,
12.7544,79.80257,333.7,0.6,0.53,2026-07-17,729,N20,VIIRS,n,2.0NRT,295.1,6.12,D,VIIRS_NOAA20_NRT,,
12.80231,79.4529,335.55,0.63,0.54,2026-07-17,729,N20,VIIRS,n,2.0NRT,293.39,3.89,D,VIIRS_NOAA20_NRT,,
12.87014,79.4339,354.09,0.63,0.54,2026-07-17,729,N20,VIIRS,n,2.0NRT,295.06,16.88,D,VIIRS_NOAA20_NRT,,
12.87122,79.43102,342.47,0.63,0.54,2026-07-17,729,N20,VIIRS,n,2.0NRT,293.36,11.79,D,VIIRS_NOAA20_NRT,,
12.8723,79.43669,340.66,0.63,0.54,2026-07-17,729,N20,VIIRS,n,2.0NRT,293.46,11.79,D,VIIRS_NOAA20_NRT,,
12.87506,79.43294,340.85,0.63,0.54,2026-07-17,729,N20,VIIRS,n,2.0NRT,294.08,7.17,D,VIIRS_NOAA20_NRT,,
8.06782,81.34206,331.66,0.57,0.52,2026-07-17,731,N20,VIIRS,n,2.0NRT,297.91,4.39,D,VIIRS_NOAA20_NRT,,
8.98434,80.16476,331.44,0.33,0.55,2026-07-17,731,N20,VIIRS,n,2.0NRT,295.46,3.17,D,VIIRS_NOAA20_NRT,,
8.98549,80.16624,338.4,0.33,0.55,2026-07-17,731,N20,VIIRS,n,2.0NRT,294.62,2.94,D,VIIRS_NOAA20_NRT,,
9.1597,80.16253,354.26,0.33,0.55,2026-07-17,731,N20,VIIRS,n,2.0NRT,293.8,4.82,D,VIIRS_NOAA20_NRT,,
13.08752,79.842,332.23,0.58,0.52,2026-07-17,731,N20,VIIRS,n,2.0NRT,295.29,6.99,D,VIIRS_NOAA20_NRT,,
13.88339,77.79968,344.65,0.39,0.59,2026-07-17,731,N20,VIIRS,n,2.0NRT,287.69,2.76,D,VIIRS_NOAA20_NRT,,
14.07181,79.1403,345.58,0.63,0.54,2026-07-17,731,N20,VIIRS,n,2.0NRT,284.41,10.13,D,VIIRS_NOAA20_NRT,,
14.07671,79.13928,336.36,0.63,0.54,2026-07-17,731,N20,VIIRS,n,2.0NRT,279.66,10.13,D,VIIRS_NOAA20_NRT,,
14.16733,76.78849,334.76,0.45,0.63,2026-07-17,731,N20,VIIRS,n,2.0NRT,284.63,4.07,D,VIIRS_NOAA20_NRT,,
23.79415,86.35323,338.68,0.4,0.37,2026-07-17,733,N20,VIIRS,n,2.0NRT,297.87,5.81,D,VIIRS_NOAA20_NRT,,
25.45664,86.96337,345.54,0.42,0.38,2026-07-17,733,N20,VIIRS,n,2.0NRT,292.77,7.87,D,VIIRS_NOAA20_NRT,,
27.44026,70.62367,354.29,0.57,0.69,2026-07-17,735,N20,VIIRS,n,2.0NRT,295.94,21.06,D,VIIRS_NOAA20_NRT,,
27.44171,70.62925,367.0,0.57,0.69,2026-07-17,735,N20,VIIRS,h,2.0NRT,295.82,21.06,D,VIIRS_NOAA20_NRT,,
29.44617,71.33926,330.51,0.46,0.64,2026-07-17,735,N20,VIIRS,n,2.0NRT,293.66,2.92,D,VIIRS_NOAA20_NRT,,
29.49416,71.75008,336.46,0.44,0.62,2026-07-17,735,N20,VIIRS,n,2.0NRT,293.83,4.82,D,VIIRS_NOAA20_NRT,,
29.59698,76.10793,336.85,0.48,0.48,2026-07-17,735,N20,VIIRS,n,2.0NRT,298.46,4.9,D,VIIRS_NOAA20_NRT,,
29.60147,72.15852,367.0,0.41,0.61,2026-07-17,735,N20,VIIRS,h,2.0NRT,296.44,16.58,D,VIIRS_NOAA20_NRT,,
29.64579,72.36262,355.61,0.4,0.6,2026-07-17,735,N20,VIIRS,n,2.0NRT,297.69,4.76,D,VIIRS_NOAA20_NRT,,
29.65113,72.36092,343.85,0.4,0.6,2026-07-17,735,N20,VIIRS,n,2.0NRT,296.39,4.76,D,VIIRS_NOAA20_NRT,,
29.68407,72.4018,339.37,0.4,0.6,2026-07-17,735,N20,VIIRS,n,2.0NRT,295.54,2.97,D,VIIRS_NOAA20_NRT,,
29.73965,72.38751,333.82,0.4,0.6,2026-07-17,735,N20,VIIRS,n,2.0NRT,295.14,2.22,D,VIIRS_NOAA20_NRT,,
29.74403,71.98322,350.49,0.42,0.61,2026-07-17,735,N20,VIIRS,n,2.0NRT,292.99,7.45,D,VIIRS_NOAA20_NRT,,
29.76084,72.28624,335.45,0.4,0.6,2026-07-17,735,N20,VIIRS,n,2.0NRT,294.91,2.07,D,VIIRS_NOAA20_NRT,,
29.79825,72.27423,333.48,0.4,0.6,2026-07-17,735,N20,VIIRS,n,2.0NRT,294.73,2.65,D,VIIRS_NOAA20_NRT,,
29.79914,72.27443,339.58,0.4,0.6,2026-07-17,735,N20,VIIRS,n,2.0NRT,295.14,3.21,D,VIIRS_NOAA20_NRT,,
29.80156,72.70956,331.43,0.38,0.59,2026-07-17,735,N20,VIIRS,n,2.0NRT,295.64,1.34,D,VIIRS_NOAA20_NRT,,
29.8034,72.71011,334.32,0.38,0.59,2026-07-17,735,N20,VIIRS,n,2.0NRT,296.18,1.78,D,VIIRS_NOAA20_NRT,,
29.80677,72.70792,331.88,0.38,0.59,2026-07-17,735,N20,VIIRS,n,2.0NRT,297.21,2.96,D,VIIRS_NOAA20_NRT,,
29.80687,72.35749,330.22,0.4,0.6,2026-07-17,735,N20,VIIRS,n,2.0NRT,293.94,1.64,D,VIIRS_NOAA20_NRT,,
29.8077,72.7117,333.32,0.38,0.59,2026-07-17,735,N20,VIIRS,n,2.0NRT,296.83,2.96,D,VIIRS_NOAA20_NRT,,
29.82406,72.30525,332.96,0.4,0.6,2026-07-17,735,N20,VIIRS,n,2.0NRT,294.52,2.85,D,VIIRS_NOAA20_NRT,,
29.85607,72.29503,332.17,0.4,0.6,2026-07-17,735,N20,VIIRS,n,2.0NRT,293.66,1.77,D,VIIRS_NOAA20_NRT,,
29.85873,72.66706,332.87,0.38,0.59,2026-07-17,735,N20,VIIRS,n,2.0NRT,295.45,3.48,D,VIIRS_NOAA20_NRT,,
29.85964,72.67085,332.36,0.38,0.59,2026-07-17,735,N20,VIIRS,n,2.0NRT,294.8,3.48,D,VIIRS_NOAA20_NRT,,
29.9308,71.79824,340.99,0.42,0.61,2026-07-17,735,N20,VIIRS,n,2.0NRT,293.69,5.13,D,VIIRS_NOAA20_NRT,,
29.9364,73.30025,334.16,0.35,0.56,2026-07-17,735,N20,VIIRS,n,2.0NRT,296.13,1.52,D,VIIRS_NOAA20_NRT,,
29.94849,72.31403,330.79,0.4,0.6,2026-07-17,735,N20,VIIRS,n,2.0NRT,294.11,1.81,D,VIIRS_NOAA20_NRT,,
29.98618,72.80828,350.28,0.37,0.58,2026-07-17,735,N20,VIIRS,n,2.0NRT,296.38,5.71,D,VIIRS_NOAA20_NRT,,
29.99687,72.61911,331.76,0.38,0.59,2026-07-17,735,N20,VIIRS,n,2.0NRT,294.96,2.61,D,VIIRS_NOAA20_NRT,,
30.00065,72.61898,334.4,0.38,0.59,2026-07-17,735,N20,VIIRS,n,2.0NRT,294.72,2.56,D,VIIRS_NOAA20_NRT,,
30.06087,73.32619,346.3,0.34,0.56,2026-07-17,735,N20,VIIRS,n,2.0NRT,297.43,5.1,D,VIIRS_NOAA20_NRT,,
30.06589,73.32463,334.54,0.34,0.56,2026-07-17,735,N20,VIIRS,n,2.0NRT,297.11,4.17,D,VIIRS_NOAA20_NRT,,
30.41939,73.14355,331.06,0.34,0.56,2026-07-17,735,N20,VIIRS,n,2.0NRT,297.23,1.6,D,VIIRS_NOAA20_NRT,,
30.48276,73.6396,335.66,0.32,0.55,2026-07-17,735,N20,VIIRS,n,2.0NRT,298.67,2.77,D,VIIRS_NOAA20_NRT,,
30.51241,73.6095,345.55,0.32,0.55,2026-07-17,735,N20,VIIRS,n,2.0NRT,297.82,3.7,D,VIIRS_NOAA20_NRT,,
30.54862,73.76581,336.14,0.63,0.54,2026-07-17,735,N20,VIIRS,n,2.0NRT,298.44,6.96,D,VIIRS_NOAA20_NRT,,
30.55347,73.76433,343.63,0.63,0.54,2026-07-17,735,N20,VIIRS,n,2.0NRT,297.83,8.22,D,VIIRS_NOAA20_NRT,,
30.84367,74.28722,332.36,0.58,0.52,2026-07-17,735,N20,VIIRS,n,2.0NRT,297.76,5.76,D,VIIRS_NOAA20_NRT,,
30.85322,75.52117,352.16,0.49,0.49,2026-07-17,735,N20,VIIRS,n,2.0NRT,297.46,10.45,D,VIIRS_NOAA20_NRT,,
31.06186,74.61108,330.72,0.55,0.51,2026-07-17,735,N20,VIIRS,n,2.0NRT,298.6,2.73,D,VIIRS_NOAA20_NRT,,
31.18654,75.49041,338.02,0.49,0.48,2026-07-17,735,N20,VIIRS,n,2.0NRT,296.52,9.52,D,VIIRS_NOAA20_NRT,,
31.20179,75.49908,335.12,0.48,0.48,2026-07-17,735,N20,VIIRS,n,2.0NRT,295.56,3.72,D,VIIRS_NOAA20_NRT,,
31.20271,75.5015,335.51,0.48,0.48,2026-07-17,735,N20,VIIRS,n,2.0NRT,295.45,4.05,D,VIIRS_NOAA20_NRT,,
31.39538,72.48413,332.45,0.36,0.57,2026-07-17,735,N20,VIIRS,n,2.0NRT,297.34,2.42,D,VIIRS_NOAA20_NRT,,
31.39592,72.48375,332.9,0.36,0.57,2026-07-17,735,N20,VIIRS,n,2.0NRT,297.2,2.62,D,VIIRS_NOAA20_NRT,,
31.40735,75.17533,332.72,0.5,0.49,2026-07-17,735,N20,VIIRS,n,2.0NRT,295.73,3.22,D,VIIRS_NOAA20_NRT,,
31.43312,72.68846,337.96,0.35,0.57,2026-07-17,735,N20,VIIRS,n,2.0NRT,297.92,3.5,D,VIIRS_NOAA20_NRT,,
32.1684,71.86154,338.94,0.37,0.58,2026-07-17,735,N20,VIIRS,n,2.0NRT,298.68,2.48,D,VIIRS_NOAA20_NRT,,
32.6495,73.31092,336.65,0.6,0.53,2026-07-17,735,N20,VIIRS,n,2.0NRT,296.92,4.59,D,VIIRS_NOAA20_NRT,,
25.25819,68.55789,339.27,0.33,0.55,2026-07-17,915,N20,VIIRS,n,2.0NRT,294.8,2.48,D,VIIRS_NOAA20_NRT,,
27.44411,70.62794,367.0,0.47,0.64,2026-07-17,915,N20,VIIRS,h,2.0NRT,297.12,7.23,D,VIIRS_NOAA20_NRT,,
27.44446,70.63276,333.86,0.47,0.64,2026-07-17,915,N20,VIIRS,n,2.0NRT,295.5,7.23,D,VIIRS_NOAA20_NRT,,
29.67966,72.40102,337.09,0.63,0.72,2026-07-17,915,N20,VIIRS,n,2.0NRT,291.9,4.44,D,VIIRS_NOAA20_NRT,,
29.6829,72.3988,334.05,0.63,0.72,2026-07-17,915,N20,VIIRS,n,2.0NRT,291.77,5.13,D,VIIRS_NOAA20_NRT,,
29.8564,68.26754,330.77,0.36,0.57,2026-07-17,915,N20,VIIRS,l,2.0NRT,303.2,1.52,D,VIIRS_NOAA20_NRT,,
29.85797,68.28814,350.0,0.36,0.57,2026-07-17,915,N20,VIIRS,n,2.0NRT,303.16,3.65,D,VIIRS_NOAA20_NRT,,
29.99428,72.58176,332.34,0.65,0.73,2026-07-17,915,N20,VIIRS,n,2.0NRT,290.49,7.47,D,VIIRS_NOAA20_NRT,,
29.99627,72.57508,332.77,0.65,0.73,2026-07-17,915,N20,VIIRS,n,2.0NRT,289.91,10.29,D,VIIRS_NOAA20_NRT,,
26.6407,79.4783,300.72,0.48,0.48,2026-07-17,2000,N20,VIIRS,n,2.0NRT,271.35,0.87,N,VIIRS_NOAA20_NRT,,
22.05062,88.10438,306.57,0.43,0.38,2026-07-17,2002,N20,VIIRS,n,2.0NRT,290.42,2.37,N,VIIRS_NOAA20_NRT,,
22.0512,88.12163,310.1,0.43,0.38,2026-07-17,2002,N20,VIIRS,n,2.0NRT,290.52,2.86,N,VIIRS_NOAA20_NRT,,
22.05394,88.12646,323.89,0.43,0.38,2026-07-17,2002,N20,VIIRS,n,2.0NRT,292.01,2.51,N,VIIRS_NOAA20_NRT,,
22.05466,88.12231,307.44,0.43,0.38,2026-07-17,2002,N20,VIIRS,n,2.0NRT,291.29,2.51,N,VIIRS_NOAA20_NRT,,
22.2675,75.1334,304.29,0.41,0.6,2026-07-17,2002,N20,VIIRS,n,2.0NRT,284.97,0.77,N,VIIRS_NOAA20_NRT,,
11.15137,78.02838,306.54,0.57,0.43,2026-07-17,2004,N20,VIIRS,n,2.0NRT,284.49,1.07,N,VIIRS_NOAA20_NRT,,
11.15247,78.02724,305.43,0.57,0.43,2026-07-17,2004,N20,VIIRS,n,2.0NRT,284.59,1.59,N,VIIRS_NOAA20_NRT,,
11.67514,79.0344,305.85,0.5,0.41,2026-07-17,2004,N20,VIIRS,n,2.0NRT,275.93,0.97,N,VIIRS_NOAA20_NRT,,
8.62892,77.88788,308.07,0.54,0.42,2026-07-17,2006,N20,VIIRS,n,2.0NRT,292.43,2.58,N,VIIRS_NOAA20_NRT,,
29.86113,68.25996,317.65,0.41,0.45,2026-07-17,2140,N20,VIIRS,n,2.0NRT,294.28,2.16,N,VIIRS_NOAA20_NRT,,
32.29251,70.73141,307.78,0.5,0.49,2026-07-17,2140,N20,VIIRS,n,2.0NRT,291.97,2.24,N,VIIRS_NOAA20_NRT,,
32.89103,71.61642,312.87,0.55,0.51,2026-07-17,2140,N20,VIIRS,n,2.0NRT,294.17,4.77,N,VIIRS_NOAA20_NRT,,
22.93592,69.69827,306.28,0.34,0.56,2026-07-17,2142,N20,VIIRS,n,2.0NRT,287.57,1.59,N,VIIRS_NOAA20_NRT,,
26.09266,68.87883,308.41,0.53,0.5,2026-07-17,2142,N20,VIIRS,n,2.0NRT,295.88,0.84,N,VIIRS_NOAA20_NRT,,
23.71473,87.97963,367.0,0.41,0.37,2026-07-18,714,N20,VIIRS,h,2.0NRT,291.34,84.67,D,VIIRS_NOAA20_NRT,,
23.71745,87.97501,207.93,0.41,0.37,2026-07-18,714,N20,VIIRS,l,2.0NRT,292.89,348.59,D,VIIRS_NOAA20_NRT,,
23.7181,87.97897,273.1,0.41,0.37,2026-07-18,714,N20,VIIRS,l,2.0NRT,292.45,84.67,D,VIIRS_NOAA20_NRT,,
23.71875,87.98292,207.93,0.41,0.37,2026-07-18,714,N20,VIIRS,l,2.0NRT,292.72,84.67,D,VIIRS_NOAA20_NRT,,
29.73015,72.3027,331.96,0.75,0.77,2026-07-18,718,N20,VIIRS,n,2.0NRT,291.85,4.34,D,VIIRS_NOAA20_NRT,,
29.75703,72.06704,331.89,0.78,0.78,2026-07-18,718,N20,VIIRS,n,2.0NRT,291.3,5.78,D,VIIRS_NOAA20_NRT,,
29.7595,72.06594,334.35,0.78,0.78,2026-07-18,718,N20,VIIRS,n,2.0NRT,291.44,5.3,D,VIIRS_NOAA20_NRT,,
29.81929,72.4567,330.43,0.74,0.76,2026-07-18,718,N20,VIIRS,n,2.0NRT,291.54,5.01,D,VIIRS_NOAA20_NRT,,
29.94472,72.22207,336.18,0.75,0.77,2026-07-18,718,N20,VIIRS,n,2.0NRT,291.06,4.8,D,VIIRS_NOAA20_NRT,,
30.72836,73.64423,339.54,0.6,0.7,2026-07-18,718,N20,VIIRS,n,2.0NRT,290.67,8.51,D,VIIRS_NOAA20_NRT,,
31.01746,75.52035,330.64,0.46,0.63,2026-07-18,718,N20,VIIRS,n,2.0NRT,286.44,3.27,D,VIIRS_NOAA20_NRT,,
31.05248,73.68521,334.6,0.58,0.7,2026-07-18,718,N20,VIIRS,n,2.0NRT,291.61,4.34,D,VIIRS_NOAA20_NRT,,
31.2091,73.90051,330.72,0.56,0.69,2026-07-18,718,N20,VIIRS,n,2.0NRT,290.87,2.72,D,VIIRS_NOAA20_NRT,,
31.67033,72.68861,332.56,0.64,0.72,2026-07-18,718,N20,VIIRS,n,2.0NRT,291.08,3.54,D,VIIRS_NOAA20_NRT,,
34.1151,90.55328,330.13,0.45,0.39,2026-07-18,718,N20,VIIRS,l,2.0NRT,303.05,2.02,D,VIIRS_NOAA20_NRT,,
34.28052,75.33838,330.02,0.39,0.59,2026-07-18,718,N20,VIIRS,n,2.0NRT,291.09,2.01,D,VIIRS_NOAA20_NRT,,
34.38725,72.80068,332.62,0.54,0.67,2026-07-18,718,N20,VIIRS,n,2.0NRT,289.92,3.76,D,VIIRS_NOAA20_NRT,,
8.85068,78.02062,342.42,0.42,0.61,2026-07-18,852,N20,VIIRS,n,2.0NRT,297.19,3.02,D,VIIRS_NOAA20_NRT,,
8.85345,78.01942,332.16,0.42,0.61,2026-07-18,852,N20,VIIRS,n,2.0NRT,296.72,2.18,D,VIIRS_NOAA20_NRT,,
9.09859,77.43331,332.01,0.39,0.59,2026-07-18,852,N20,VIIRS,n,2.0NRT,294.75,2.35,D,VIIRS_NOAA20_NRT,,
9.09906,77.4369,334.43,0.39,0.59,2026-07-18,852,N20,VIIRS,n,2.0NRT,294.53,2.35,D,VIIRS_NOAA20_NRT,,
9.10015,77.43482,355.1,0.39,0.59,2026-07-18,852,N20,VIIRS,n,2.0NRT,296.23,7.52,D,VIIRS_NOAA20_NRT,,
9.10452,77.4362,346.11,0.39,0.59,2026-07-18,852,N20,VIIRS,n,2.0NRT,293.67,4.98,D,VIIRS_NOAA20_NRT,,
9.27242,77.47031,336.91,0.39,0.6,2026-07-18,852,N20,VIIRS,n,2.0NRT,292.92,1.58,D,VIIRS_NOAA20_NRT,,
9.32521,77.74841,342.56,0.41,0.61,2026-07-18,852,N20,VIIRS,n,2.0NRT,295.11,1.88,D,VIIRS_NOAA20_NRT,,
9.38813,77.83691,331.72,0.42,0.61,2026-07-18,852,N20,VIIRS,n,2.0NRT,292.89,1.7,D,VIIRS_NOAA20_NRT,,
9.40513,77.62829,336.1,0.4,0.6,2026-07-18,852,N20,VIIRS,n,2.0NRT,292.02,2.56,D,VIIRS_NOAA20_NRT,,
9.80107,78.3253,330.02,0.46,0.63,2026-07-18,852,N20,VIIRS,n,2.0NRT,289.47,2.21,D,VIIRS_NOAA20_NRT,,
9.86117,77.86222,343.03,0.43,0.62,2026-07-18,852,N20,VIIRS,n,2.0NRT,293.81,3.64,D,VIIRS_NOAA20_NRT,,
22.92626,70.10936,340.49,0.39,0.44,2026-07-18,856,N20,VIIRS,n,2.0NRT,297.19,10.39,D,VIIRS_NOAA20_NRT,,
23.51026,69.26669,335.05,0.54,0.42,2026-07-18,856,N20,VIIRS,n,2.0NRT,298.97,7.23,D,VIIRS_NOAA20_NRT,,
23.61309,71.65849,333.36,0.5,0.49,2026-07-18,856,N20,VIIRS,n,2.0NRT,291.4,3.17,D,VIIRS_NOAA20_NRT,,
24.3406,68.79388,342.45,0.52,0.42,2026-07-18,856,N20,VIIRS,n,2.0NRT,296.99,6.47,D,VIIRS_NOAA20_NRT,,
24.44244,71.59998,332.53,0.51,0.49,2026-07-18,856,N20,VIIRS,n,2.0NRT,294.42,2.89,D,VIIRS_NOAA20_NRT,,
25.39528,75.65504,336.28,0.47,0.64,2026-07-18,856,N20,VIIRS,n,2.0NRT,289.2,2.12,D,VIIRS_NOAA20_NRT,,
25.41014,73.0144,351.75,0.32,0.55,2026-07-18,856,N20,VIIRS,n,2.0NRT,294.41,4.42,D,VIIRS_NOAA20_NRT,,
25.41518,73.01389,344.96,0.32,0.55,2026-07-18,856,N20,VIIRS,n,2.0NRT,295.95,4.42,D,VIIRS_NOAA20_NRT,,
25.91539,68.61665,331.92,0.53,0.42,2026-07-18,856,N20,VIIRS,l,2.0NRT,303.15,3.42,D,VIIRS_NOAA20_NRT,,
25.95923,68.54223,336.36,0.53,0.42,2026-07-18,856,N20,VIIRS,n,2.0NRT,302.46,3.7,D,VIIRS_NOAA20_NRT,,
28.04987,69.36949,338.88,0.41,0.45,2026-07-18,858,N20,VIIRS,n,2.0NRT,304.5,2.92,D,VIIRS_NOAA20_NRT,,
28.343,68.1834,339.13,0.54,0.42,2026-07-18,858,N20,VIIRS,l,2.0NRT,309.34,6.6,D,VIIRS_NOAA20_NRT,,
29.44188,71.80871,331.19,0.6,0.53,2026-07-18,858,N20,VIIRS,n,2.0NRT,298.86,2.99,D,VIIRS_NOAA20_NRT,,
29.65722,72.44438,334.74,0.33,0.55,2026-07-18,858,N20,VIIRS,n,2.0NRT,290.3,1.45,D,VIIRS_NOAA20_NRT,,
29.73646,72.05286,335.99,0.62,0.54,2026-07-18,858,N20,VIIRS,n,2.0NRT,297.04,4.59,D,VIIRS_NOAA20_NRT,,
29.73653,72.40868,334.21,0.33,0.55,2026-07-18,858,N20,VIIRS,n,2.0NRT,296.2,1.49,D,VIIRS_NOAA20_NRT,,
29.73927,72.27396,330.83,0.32,0.55,2026-07-18,858,N20,VIIRS,n,2.0NRT,296.82,1.22,D,VIIRS_NOAA20_NRT,,
29.74043,72.27533,337.87,0.32,0.55,2026-07-18,858,N20,VIIRS,n,2.0NRT,297.0,1.83,D,VIIRS_NOAA20_NRT,,
29.77857,72.44447,343.58,0.33,0.55,2026-07-18,858,N20,VIIRS,n,2.0NRT,296.77,4.2,D,VIIRS_NOAA20_NRT,,
29.79005,72.65449,338.98,0.34,0.56,2026-07-18,858,N20,VIIRS,n,2.0NRT,295.96,3.29,D,VIIRS_NOAA20_NRT,,
29.82132,71.18991,330.85,0.55,0.51,2026-07-18,858,N20,VIIRS,n,2.0NRT,298.43,4.49,D,VIIRS_NOAA20_NRT,,
29.84573,72.38583,332.98,0.33,0.55,2026-07-18,858,N20,VIIRS,n,2.0NRT,295.76,1.47,D,VIIRS_NOAA20_NRT,,
29.85147,72.35058,367.0,0.33,0.55,2026-07-18,858,N20,VIIRS,h,2.0NRT,297.35,3.44,D,VIIRS_NOAA20_NRT,,
29.85299,72.35072,367.0,0.33,0.55,2026-07-18,858,N20,VIIRS,h,2.0NRT,297.48,6.37,D,VIIRS_NOAA20_NRT,,
29.87207,72.61421,334.47,0.34,0.56,2026-07-18,858,N20,VIIRS,n,2.0NRT,296.72,0.95,D,VIIRS_NOAA20_NRT,,
29.87537,72.61389,334.77,0.34,0.56,2026-07-18,858,N20,VIIRS,n,2.0NRT,297.32,3.22,D,VIIRS_NOAA20_NRT,,
29.88199,71.6076,339.28,0.59,0.53,2026-07-18,858,N20,VIIRS,n,2.0NRT,296.18,3.19,D,VIIRS_NOAA20_NRT,,
29.94692,72.327,333.62,0.33,0.55,2026-07-18,858,N20,VIIRS,n,2.0NRT,297.57,2.42,D,VIIRS_NOAA20_NRT,,
29.99555,72.19138,334.81,0.32,0.55,2026-07-18,858,N20,VIIRS,n,2.0NRT,294.66,1.97,D,VIIRS_NOAA20_NRT,,
30.04552,73.33748,350.61,0.38,0.58,2026-07-18,858,N20,VIIRS,n,2.0NRT,294.23,4.69,D,VIIRS_NOAA20_NRT,,
30.04759,73.33688,348.68,0.38,0.58,2026-07-18,858,N20,VIIRS,n,2.0NRT,293.95,6.33,D,VIIRS_NOAA20_NRT,,
30.0884,73.08744,333.69,0.36,0.58,2026-07-18,858,N20,VIIRS,n,2.0NRT,294.95,2.68,D,VIIRS_NOAA20_NRT,,
30.10894,72.09515,349.82,0.63,0.54,2026-07-18,858,N20,VIIRS,n,2.0NRT,296.42,8.33,D,VIIRS_NOAA20_NRT,,
30.11396,72.09461,333.7,0.63,0.54,2026-07-18,858,N20,VIIRS,n,2.0NRT,294.88,8.33,D,VIIRS_NOAA20_NRT,,
30.42893,73.17831,330.33,0.37,0.58,2026-07-18,858,N20,VIIRS,n,2.0NRT,295.91,2.12,D,VIIRS_NOAA20_NRT,,
30.49637,71.60033,341.42,0.6,0.53,2026-07-18,858,N20,VIIRS,n,2.0NRT,294.45,12.79,D,VIIRS_NOAA20_NRT,,
30.52348,73.87144,335.22,0.41,0.61,2026-07-18,858,N20,VIIRS,n,2.0NRT,292.59,2.41,D,VIIRS_NOAA20_NRT,,
30.53088,73.81457,339.93,0.41,0.6,2026-07-18,858,N20,VIIRS,n,2.0NRT,293.13,3.53,D,VIIRS_NOAA20_NRT,,
30.61226,74.08923,336.88,0.42,0.61,2026-07-18,858,N20,VIIRS,n,2.0NRT,292.62,3.23,D,VIIRS_NOAA20_NRT,,
30.64975,73.84513,337.99,0.41,0.61,2026-07-18,858,N20,VIIRS,n,2.0NRT,293.95,3.47,D,VIIRS_NOAA20_NRT,,
30.66206,72.77779,342.01,0.35,0.57,2026-07-18,858,N20,VIIRS,n,2.0NRT,296.54,3.86,D,VIIRS_NOAA20_NRT,,
30.69083,73.8678,335.7,0.41,0.61,2026-07-18,858,N20,VIIRS,n,2.0NRT,294.18,2.25,D,VIIRS_NOAA20_NRT,,
30.83331,74.24023,335.05,0.43,0.62,2026-07-18,858,N20,VIIRS,n,2.0NRT,292.02,3.55,D,VIIRS_NOAA20_NRT,,
31.25284,72.68797,367.0,0.35,0.57,2026-07-18,858,N20,VIIRS,h,2.0NRT,296.13,5.62,D,VIIRS_NOAA20_NRT,,
31.25334,72.68876,356.46,0.35,0.57,2026-07-18,858,N20,VIIRS,n,2.0NRT,296.11,5.91,D,VIIRS_NOAA20_NRT,,
31.32359,72.57254,330.18,0.35,0.57,2026-07-18,858,N20,VIIRS,n,2.0NRT,296.27,1.19,D,VIIRS_NOAA20_NRT,,
32.62079,73.29408,330.4,0.4,0.6,2026-07-18,858,N20,VIIRS,n,2.0NRT,293.72,2.02,D,VIIRS_NOAA20_NRT,,
35.99075,94.83031,308.24,0.39,0.36,2026-07-18,1938,N20,VIIRS,n,2.0NRT,283.62,1.53,N,VIIRS_NOAA20_NRT,,
29.22462,88.35183,297.71,0.47,0.4,2026-07-18,1940,N20,VIIRS,n,2.0NRT,283.47,1.48,N,VIIRS_NOAA20_NRT,,
29.37743,91.15247,304.92,0.39,0.36,2026-07-18,1940,N20,VIIRS,n,2.0NRT,284.31,0.93,N,VIIRS_NOAA20_NRT,,
29.65964,90.90018,308.6,0.39,0.36,2026-07-18,1940,N20,VIIRS,n,2.0NRT,286.23,1.51,N,VIIRS_NOAA20_NRT,,
29.66236,90.90475,306.03,0.39,0.36,2026-07-18,1940,N20,VIIRS,n,2.0NRT,286.42,1.36,N,VIIRS_NOAA20_NRT,,
22.36332,87.01728,310.15,0.46,0.39,2026-07-18,1942,N20,VIIRS,n,2.0NRT,286.12,1.87,N,VIIRS_NOAA20_NRT,,
22.3669,87.01786,307.95,0.46,0.39,2026-07-18,1942,N20,VIIRS,n,2.0NRT,286.34,1.57,N,VIIRS_NOAA20_NRT,,
22.37689,87.28039,309.38,0.45,0.39,2026-07-18,1942,N20,VIIRS,n,2.0NRT,286.75,0.93,N,VIIRS_NOAA20_NRT,,
22.37748,87.27608,302.15,0.45,0.39,2026-07-18,1942,N20,VIIRS,n,2.0NRT,286.08,0.93,N,VIIRS_NOAA20_NRT,,
22.37924,87.28958,302.54,0.45,0.39,2026-07-18,1942,N20,VIIRS,n,2.0NRT,285.73,1.07,N,VIIRS_NOAA20_NRT,,
22.78746,86.19992,303.37,0.5,0.41,2026-07-18,1942,N20,VIIRS,n,2.0NRT,285.13,0.8,N,VIIRS_NOAA20_NRT,,
22.79056,86.2054,303.17,0.5,0.41,2026-07-18,1942,N20,VIIRS,n,2.0NRT,285.77,1.67,N,VIIRS_NOAA20_NRT,,
22.79121,86.2005,302.87,0.5,0.41,2026-07-18,1942,N20,VIIRS,n,2.0NRT,285.07,0.8,N,VIIRS_NOAA20_NRT,,
22.79806,86.2065,331.3,0.5,0.41,2026-07-18,1942,N20,VIIRS,n,2.0NRT,285.37,5.59,N,VIIRS_NOAA20_NRT,,
22.8018,86.09141,316.11,0.51,0.41,2026-07-18,1942,N20,VIIRS,n,2.0NRT,286.37,2.29,N,VIIRS_NOAA20_NRT,,
22.80999,86.08765,303.65,0.51,0.41,2026-07-18,1942,N20,VIIRS,n,2.0NRT,286.04,0.98,N,VIIRS_NOAA20_NRT,,
22.85664,86.05558,306.06,0.51,0.41,2026-07-18,1942,N20,VIIRS,n,2.0NRT,286.56,1.07,N,VIIRS_NOAA20_NRT,,
22.87493,86.06345,311.63,0.51,0.41,2026-07-18,1942,N20,VIIRS,n,2.0NRT,286.7,1.85,N,VIIRS_NOAA20_NRT,,
23.63417,86.83508,302.22,0.48,0.4,2026-07-18,1942,N20,VIIRS,n,2.0NRT,288.24,1.56,N,VIIRS_NOAA20_NRT,,
23.69252,87.12487,307.85,0.47,0.39,2026-07-18,1942,N20,VIIRS,n,2.0NRT,290.73,1.46,N,VIIRS_NOAA20_NRT,,
23.69313,87.12031,306.65,0.47,0.39,2026-07-18,1942,N20,VIIRS,n,2.0NRT,290.41,1.46,N,VIIRS_NOAA20_NRT,,
23.69435,87.11121,305.4,0.47,0.4,2026-07-18,1942,N20,VIIRS,n,2.0NRT,290.54,1.27,N,VIIRS_NOAA20_NRT,,
23.69495,87.10665,309.47,0.47,0.4,2026-07-18,1942,N20,VIIRS,n,2.0NRT,290.51,2.18,N,VIIRS_NOAA20_NRT,,
23.69677,87.09298,306.65,0.47,0.4,2026-07-18,1942,N20,VIIRS,n,2.0NRT,290.41,1.97,N,VIIRS_NOAA20_NRT,,
17.60645,83.20176,301.07,0.43,0.46,2026-07-18,1945,N20,VIIRS,n,2.0NRT,276.61,0.87,N,VIIRS_NOAA20_NRT,,
17.61066,83.20234,315.06,0.43,0.46,2026-07-18,1945,N20,VIIRS,n,2.0NRT,275.58,1.14,N,VIIRS_NOAA20_NRT,,
17.69538,83.24325,308.15,0.43,0.46,2026-07-18,1945,N20,VIIRS,n,2.0NRT,275.93,1.84,N,VIIRS_NOAA20_NRT,,
17.69606,83.24195,301.51,0.43,0.46,2026-07-18,1945,N20,VIIRS,n,2.0NRT,276.51,1.31,N,VIIRS_NOAA20_NRT,,
17.96957,83.15248,301.69,0.44,0.46,2026-07-18,1945,N20,VIIRS,n,2.0NRT,281.72,0.77,N,VIIRS_NOAA20_NRT,,
20.95219,86.04664,337.31,0.49,0.4,2026-07-18,1945,N20,VIIRS,n,2.0NRT,289.51,6.58,N,VIIRS_NOAA20_NRT,,
20.9617,85.18864,311.27,0.54,0.42,2026-07-18,1945,N20,VIIRS,n,2.0NRT,281.53,1.42,N,VIIRS_NOAA20_NRT,,
20.96237,85.18347,302.2,0.54,0.42,2026-07-18,1945,N20,VIIRS,n,2.0NRT,282.27,1.42,N,VIIRS_NOAA20_NRT,,
20.96329,86.04836,305.9,0.49,0.4,2026-07-18,1945,N20,VIIRS,n,2.0NRT,288.81,2.15,N,VIIRS_NOAA20_NRT,,
20.96373,85.17301,309.54,0.55,0.42,2026-07-18,1945,N20,VIIRS,n,2.0NRT,283.52,1.9,N,VIIRS_NOAA20_NRT,,
20.96441,85.16776,316.22,0.55,0.42,2026-07-18,1945,N20,VIIRS,n,2.0NRT,283.69,1.93,N,VIIRS_NOAA20_NRT,,
20.96468,86.01015,308.25,0.49,0.4,2026-07-18,1945,N20,VIIRS,n,2.0NRT,289.1,3.36,N,VIIRS_NOAA20_NRT,,
20.96509,85.16251,305.44,0.55,0.42,2026-07-18,1945,N20,VIIRS,n,2.0NRT,283.27,1.93,N,VIIRS_NOAA20_NRT,,
20.96531,86.00543,324.89,0.49,0.4,2026-07-18,1945,N20,VIIRS,n,2.0NRT,289.21,2.87,N,VIIRS_NOAA20_NRT,,
20.96558,85.18922,307.23,0.54,0.42,2026-07-18,1945,N20,VIIRS,n,2.0NRT,282.49,1.42,N,VIIRS_NOAA20_NRT,,
20.96626,85.18404,301.98,0.54,0.42,2026-07-18,1945,N20,VIIRS,n,2.0NRT,282.79,1.42,N,VIIRS_NOAA20_NRT,,
20.96694,85.17883,301.0,0.55,0.42,2026-07-18,1945,N20,VIIRS,n,2.0NRT,283.18,1.9,N,VIIRS_NOAA20_NRT,,
20.96762,85.17358,306.02,0.55,0.42,2026-07-18,1945,N20,VIIRS,n,2.0NRT,283.37,1.9,N,VIIRS_NOAA20_NRT,,
20.96831,85.16831,305.48,0.55,0.42,2026-07-18,1945,N20,VIIRS,n,2.0NRT,282.7,1.93,N,VIIRS_NOAA20_NRT,,
20.96839,86.0107,311.01,0.49,0.4,2026-07-18,1945,N20,VIIRS,n,2.0NRT,289.32,3.16,N,VIIRS_NOAA20_NRT,,
20.97082,86.02067,318.49,0.49,0.4,2026-07-18,1945,N20,VIIRS,n,2.0NRT,288.95,3.45,N,VIIRS_NOAA20_NRT,,
20.9721,86.01125,316.5,0.49,0.4,2026-07-18,1945,N20,VIIRS,n,2.0NRT,289.05,3.16,N,VIIRS_NOAA20_NRT,,
20.97644,86.00712,309.01,0.49,0.4,2026-07-18,1945,N20,VIIRS,n,2.0NRT,288.65,1.89,N,VIIRS_NOAA20_NRT,,
21.00219,86.0276,305.99,0.49,0.4,2026-07-18,1945,N20,VIIRS,n,2.0NRT,289.15,1.58,N,VIIRS_NOAA20_NRT,,
22.05344,85.46307,301.23,0.54,0.42,2026-07-18,1945,N20,VIIRS,n,2.0NRT,286.12,1.18,N,VIIRS_NOAA20_NRT,,
22.05564,85.46665,301.28,0.54,0.42,2026-07-18,1945,N20,VIIRS,n,2.0NRT,286.09,2.19,N,VIIRS_NOAA20_NRT,,
9.32847,77.35136,296.31,0.41,0.61,2026-07-18,1947,N20,VIIRS,n,2.0NRT,264.21,0.67,N,VIIRS_NOAA20_NRT,,
9.32881,77.34875,311.56,0.41,0.61,2026-07-18,1947,N20,VIIRS,n,2.0NRT,262.58,0.67,N,VIIRS_NOAA20_NRT,,
9.32915,77.34607,298.47,0.41,0.61,2026-07-18,1947,N20,VIIRS,n,2.0NRT,256.32,2.62,N,VIIRS_NOAA20_NRT,,
9.32947,77.35139,297.25,0.41,0.61,2026-07-18,1947,N20,VIIRS,n,2.0NRT,263.75,0.61,N,VIIRS_NOAA20_NRT,,
9.32981,77.34881,310.52,0.41,0.61,2026-07-18,1947,N20,VIIRS,n,2.0NRT,262.33,0.61,N,VIIRS_NOAA20_NRT,,
32.88933,71.61739,317.27,0.47,0.4,2026-07-18,2121,N20,VIIRS,n,2.0NRT,295.53,5.07,N,VIIRS_NOAA20_NRT,,
33.2965,71.18714,310.19,0.45,0.39,2026-07-18,2121,N20,VIIRS,n,2.0NRT,294.08,3.88,N,VIIRS_NOAA20_NRT,,
24.68873,73.00326,300.3,0.51,0.5,2026-07-18,2123,N20,VIIRS,n,2.0NRT,283.94,1.59,N,VIIRS_NOAA20_NRT,,
26.0952,68.88031,308.95,0.44,0.39,2026-07-18,2123,N20,VIIRS,n,2.0NRT,295.26,0.79,N,VIIRS_NOAA20_NRT,,
28.42493,69.70193,315.48,0.45,0.39,2026-07-18,2123,N20,VIIRS,n,2.0NRT,295.87,3.34,N,VIIRS_NOAA20_NRT,,
32.29394,70.73044,311.36,0.44,0.38,2026-07-18,2123,N20,VIIRS,n,2.0NRT,296.49,1.69,N,VIIRS_NOAA20_NRT,,
23.64522,85.44141,326.92,0.33,0.55,2026-07-19,657,N20,VIIRS,n,2.0NRT,286.13,2.58,D,VIIRS_NOAA20_NRT,,
8.65874,77.84963,343.04,0.39,0.44,2026-07-19,833,N20,VIIRS,n,2.0NRT,301.01,18.47,D,VIIRS_NOAA20_NRT,,
8.69487,80.34602,353.37,0.57,0.52,2026-07-19,833,N20,VIIRS,n,2.0NRT,286.27,23.03,D,VIIRS_NOAA20_NRT,,
8.72944,81.13382,338.79,0.32,0.55,2026-07-19,833,N20,VIIRS,n,2.0NRT,292.92,5.06,D,VIIRS_NOAA20_NRT,,
8.74011,77.95507,344.33,0.4,0.44,2026-07-19,833,N20,VIIRS,n,2.0NRT,301.36,4.31,D,VIIRS_NOAA20_NRT,,
8.74061,77.95871,336.81,0.4,0.44,2026-07-19,833,N20,VIIRS,n,2.0NRT,302.19,4.31,D,VIIRS_NOAA20_NRT,,
9.31091,77.31089,334.6,0.56,0.43,2026-07-19,833,N20,VIIRS,n,2.0NRT,288.87,8.02,D,VIIRS_NOAA20_NRT,,
9.31248,77.32224,343.88,0.56,0.43,2026-07-19,833,N20,VIIRS,n,2.0NRT,294.94,13.57,D,VIIRS_NOAA20_NRT,,
9.31633,77.32106,347.1,0.56,0.43,2026-07-19,833,N20,VIIRS,n,2.0NRT,294.02,11.24,D,VIIRS_NOAA20_NRT,,
9.31754,77.47573,331.57,0.57,0.43,2026-07-19,833,N20,VIIRS,n,2.0NRT,294.71,5.73,D,VIIRS_NOAA20_NRT,,
9.31845,77.33632,330.63,0.56,0.43,2026-07-19,833,N20,VIIRS,n,2.0NRT,293.9,5.81,D,VIIRS_NOAA20_NRT,,
9.32083,77.32456,342.37,0.56,0.43,2026-07-19,833,N20,VIIRS,n,2.0NRT,294.51,11.24,D,VIIRS_NOAA20_NRT,,
9.32529,77.32778,333.01,0.56,0.43,2026-07-19,833,N20,VIIRS,n,2.0NRT,295.42,8.31,D,VIIRS_NOAA20_NRT,,
9.46358,78.11295,330.97,0.42,0.45,2026-07-19,833,N20,VIIRS,n,2.0NRT,286.22,2.04,D,VIIRS_NOAA20_NRT,,
9.50518,78.73204,331.74,0.46,0.47,2026-07-19,833,N20,VIIRS,n,2.0NRT,268.34,4.51,D,VIIRS_NOAA20_NRT,,
10.15226,77.75549,330.53,0.4,0.45,2026-07-19,833,N20,VIIRS,n,2.0NRT,285.74,2.26,D,VIIRS_NOAA20_NRT,,
10.82719,78.66134,344.23,0.47,0.48,2026-07-19,835,N20,VIIRS,n,2.0NRT,282.09,5.31,D,VIIRS_NOAA20_NRT,,
10.85189,78.77808,330.55,0.48,0.48,2026-07-19,835,N20,VIIRS,n,2.0NRT,280.52,4.32,D,VIIRS_NOAA20_NRT,,
10.89657,77.99359,333.88,0.43,0.46,2026-07-19,835,N20,VIIRS,n,2.0NRT,285.19,3.92,D,VIIRS_NOAA20_NRT,,
10.89708,77.99751,342.67,0.43,0.46,2026-07-19,835,N20,VIIRS,n,2.0NRT,283.4,3.92,D,VIIRS_NOAA20_NRT,,
10.90129,77.99695,342.41,0.43,0.46,2026-07-19,835,N20,VIIRS,n,2.0NRT,284.65,7.41,D,VIIRS_NOAA20_NRT,,
10.94092,78.13313,330.62,0.44,0.46,2026-07-19,835,N20,VIIRS,n,2.0NRT,278.12,2.14,D,VIIRS_NOAA20_NRT,,
14.71354,75.78927,328.61,0.53,0.42,2026-07-19,835,N20,VIIRS,n,2.0NRT,292.52,2.62,D,VIIRS_NOAA20_NRT,,
16.83784,80.91402,331.06,0.4,0.6,2026-07-19,835,N20,VIIRS,n,2.0NRT,286.59,3.45,D,VIIRS_NOAA20_NRT,,
21.10204,72.63571,345.07,0.44,0.38,2026-07-19,835,N20,VIIRS,n,2.0NRT,292.02,9.25,D,VIIRS_NOAA20_NRT,,
21.10374,72.64832,337.07,0.44,0.38,2026-07-19,835,N20,VIIRS,n,2.0NRT,290.65,7.71,D,VIIRS_NOAA20_NRT,,
22.93248,69.69894,339.43,0.38,0.36,2026-07-19,835,N20,VIIRS,n,2.0NRT,301.1,2.98,D,VIIRS_NOAA20_NRT,,
23.16873,71.73891,337.1,0.42,0.38,2026-07-19,835,N20,VIIRS,n,2.0NRT,295.94,2.93,D,VIIRS_NOAA20_NRT,,
25.6402,72.15627,339.44,0.46,0.39,2026-07-19,837,N20,VIIRS,n,2.0NRT,296.23,5.84,D,VIIRS_NOAA20_NRT,,
27.43431,70.57777,341.29,0.42,0.38,2026-07-19,837,N20,VIIRS,n,2.0NRT,302.69,1.54,D,VIIRS_NOAA20_NRT,,
29.36136,70.4519,338.48,0.43,0.38,2026-07-19,837,N20,VIIRS,n,2.0NRT,296.49,4.51,D,VIIRS_NOAA20_NRT,,
29.88545,72.25201,333.02,0.52,0.41,2026-07-19,837,N20,VIIRS,n,2.0NRT,279.67,3.67,D,VIIRS_NOAA20_NRT,,
30.05581,73.26526,346.72,0.39,0.44,2026-07-19,837,N20,VIIRS,n,2.0NRT,285.91,6.59,D,VIIRS_NOAA20_NRT,,
31.02759,73.32182,330.9,0.4,0.45,2026-07-19,837,N20,VIIRS,n,2.0NRT,271.82,3.72,D,VIIRS_NOAA20_NRT,,
31.44748,72.44302,330.91,0.55,0.43,2026-07-19,839,N20,VIIRS,n,2.0NRT,278.52,7.62,D,VIIRS_NOAA20_NRT,,
31.66853,72.68317,332.88,0.57,0.43,2026-07-19,839,N20,VIIRS,n,2.0NRT,285.13,5.03,D,VIIRS_NOAA20_NRT,,
35.9927,94.83325,295.42,0.47,0.39,2026-07-19,1919,N20,VIIRS,n,2.0NRT,279.54,0.46,N,VIIRS_NOAA20_NRT,,
29.08452,88.01282,295.75,0.6,0.53,2026-07-19,1921,N20,VIIRS,n,2.0NRT,266.88,0.84,N,VIIRS_NOAA20_NRT,,
29.08619,88.01263,297.41,0.6,0.53,2026-07-19,1921,N20,VIIRS,n,2.0NRT,268.39,0.64,N,VIIRS_NOAA20_NRT,,
20.25921,86.60009,302.44,0.57,0.52,2026-07-19,1923,N20,VIIRS,n,2.0NRT,269.15,1.17,N,VIIRS_NOAA20_NRT,,
17.85728,83.18861,304.45,0.45,0.63,2026-07-19,1925,N20,VIIRS,n,2.0NRT,278.52,1.37,N,VIIRS_NOAA20_NRT,,
32.28894,70.74066,310.87,0.4,0.37,2026-07-19,2101,N20,VIIRS,n,2.0NRT,294.77,1.19,N,VIIRS_NOAA20_NRT,,
32.29105,70.73936,312.52,0.4,0.37,2026-07-19,2101,N20,VIIRS,n,2.0NRT,295.39,1.3,N,VIIRS_NOAA20_NRT,,
32.29561,70.73158,313.68,0.4,0.37,2026-07-19,2101,N20,VIIRS,n,2.0NRT,295.17,1.75,N,VIIRS_NOAA20_NRT,,
32.88935,71.61498,312.97,0.39,0.36,2026-07-19,2101,N20,VIIRS,n,2.0NRT,294.4,5.63,N,VIIRS_NOAA20_NRT,,
32.98036,72.15515,328.35,0.38,0.36,2026-07-19,2101,N20,VIIRS,n,2.0NRT,293.35,5.02,N,VIIRS_NOAA20_NRT,,
32.98364,72.15587,321.31,0.38,0.36,2026-07-19,2101,N20,VIIRS,n,2.0NRT,293.22,4.07,N,VIIRS_NOAA20_NRT,,
25.9447,72.19151,308.81,0.4,0.37,2026-07-19,2104,N20,VIIRS,n,2.0NRT,288.62,2.11,N,VIIRS_NOAA20_NRT,,
27.28834,73.83949,300.58,0.44,0.38,2026-07-19,2104,N20,VIIRS,n,2.0NRT,275.95,1.1,N,VIIRS_NOAA20_NRT,,
19.37169,71.35491,304.32,0.43,0.38,2026-07-19,2106,N20,VIIRS,n,2.0NRT,276.51,3.31,N,VIIRS_NOAA20_NRT,,
29.62811,90.9716,330.72,0.45,0.47,2026-07-20,637,N20,VIIRS,l,2.0NRT,301.26,3.58,D,VIIRS_NOAA20_NRT,,
29.64546,91.29156,335.05,0.43,0.46,2026-07-20,637,N20,VIIRS,n,2.0NRT,302.82,6.82,D,VIIRS_NOAA20_NRT,,
29.65553,91.16541,330.99,0.44,0.46,2026-07-20,637,N20,VIIRS,l,2.0NRT,303.61,3.06,D,VIIRS_NOAA20_NRT,,
29.66418,91.21283,329.65,0.43,0.46,2026-07-20,637,N20,VIIRS,l,2.0NRT,300.45,2.64,D,VIIRS_NOAA20_NRT,,
29.66565,91.21389,328.98,0.43,0.46,2026-07-20,637,N20,VIIRS,l,2.0NRT,301.84,12.73,D,VIIRS_NOAA20_NRT,,
29.67574,91.13679,337.49,0.44,0.46,2026-07-20,637,N20,VIIRS,n,2.0NRT,300.9,3.02,D,VIIRS_NOAA20_NRT,,
29.67623,91.16013,348.65,0.44,0.46,2026-07-20,637,N20,VIIRS,n,2.0NRT,304.27,3.86,D,VIIRS_NOAA20_NRT,,
29.68171,91.14453,331.65,0.44,0.46,2026-07-20,637,N20,VIIRS,l,2.0NRT,304.1,2.75,D,VIIRS_NOAA20_NRT,,
29.69555,91.37847,335.89,0.42,0.45,2026-07-20,637,N20,VIIRS,n,2.0NRT,301.65,4.3,D,VIIRS_NOAA20_NRT,,
29.69718,91.37704,330.91,0.42,0.45,2026-07-20,637,N20,VIIRS,l,2.0NRT,303.23,4.46,D,VIIRS_NOAA20_NRT,,
8.06483,79.86681,329.61,0.42,0.38,2026-07-20,813,N20,VIIRS,n,2.0NRT,291.49,2.41,D,VIIRS_NOAA20_NRT,,
8.75586,80.23532,339.32,0.44,0.38,2026-07-20,813,N20,VIIRS,n,2.0NRT,290.15,8.11,D,VIIRS_NOAA20_NRT,,
8.84538,78.06369,335.18,0.39,0.36,2026-07-20,813,N20,VIIRS,n,2.0NRT,286.12,2.03,D,VIIRS_NOAA20_NRT,,
8.84725,80.44124,344.7,0.45,0.39,2026-07-20,813,N20,VIIRS,n,2.0NRT,284.63,7.13,D,VIIRS_NOAA20_NRT,,
8.85033,81.00776,340.7,0.48,0.4,2026-07-20,813,N20,VIIRS,n,2.0NRT,282.84,5.43,D,VIIRS_NOAA20_NRT,,
9.87998,77.88132,337.83,0.39,0.36,2026-07-20,813,N20,VIIRS,n,2.0NRT,272.57,6.68,D,VIIRS_NOAA20_NRT,,
13.6411,78.15513,330.14,0.41,0.37,2026-07-20,816,N20,VIIRS,n,2.0NRT,296.02,1.96,D,VIIRS_NOAA20_NRT,,
14.78359,77.37338,332.12,0.4,0.37,2026-07-20,816,N20,VIIRS,n,2.0NRT,294.79,2.64,D,VIIRS_NOAA20_NRT,,
17.83732,78.01832,336.99,0.43,0.38,2026-07-20,816,N20,VIIRS,n,2.0NRT,290.5,3.1,D,VIIRS_NOAA20_NRT,,
27.71417,68.98277,339.92,0.48,0.4,2026-07-20,820,N20,VIIRS,n,2.0NRT,294.66,2.93,D,VIIRS_NOAA20_NRT,,
29.80405,73.12021,336.59,0.39,0.36,2026-07-20,820,N20,VIIRS,n,2.0NRT,299.43,2.06,D,VIIRS_NOAA20_NRT,,
30.10516,73.46305,337.89,0.39,0.36,2026-07-20,820,N20,VIIRS,n,2.0NRT,297.32,3.97,D,VIIRS_NOAA20_NRT,,
30.22025,73.34222,339.47,0.39,0.36,2026-07-20,820,N20,VIIRS,n,2.0NRT,304.38,5.1,D,VIIRS_NOAA20_NRT,,
30.2706,73.27077,334.47,0.39,0.36,2026-07-20,820,N20,VIIRS,n,2.0NRT,300.78,2.76,D,VIIRS_NOAA20_NRT,,
30.27105,73.41613,333.86,0.39,0.36,2026-07-20,820,N20,VIIRS,n,2.0NRT,302.13,4.59,D,VIIRS_NOAA20_NRT,,
30.29599,73.49484,334.83,0.39,0.36,2026-07-20,820,N20,VIIRS,n,2.0NRT,299.36,2.23,D,VIIRS_NOAA20_NRT,,
30.49464,73.68091,347.49,0.4,0.37,2026-07-20,820,N20,VIIRS,n,2.0NRT,293.17,9.32,D,VIIRS_NOAA20_NRT,,
30.6391,73.57013,340.23,0.4,0.37,2026-07-20,820,N20,VIIRS,n,2.0NRT,292.77,4.28,D,VIIRS_NOAA20_NRT,,
26.87908,73.51485,307.51,0.41,0.37,2026-07-20,2044,N20,VIIRS,n,2.0NRT,290.78,2.95,N,VIIRS_NOAA20_NRT,,
27.59998,68.40164,306.25,0.5,0.49,2026-07-20,2044,N20,VIIRS,n,2.0NRT,292.45,2.54,N,VIIRS_NOAA20_NRT,,
28.42747,69.70196,309.29,0.43,0.46,2026-07-20,2044,N20,VIIRS,n,2.0NRT,293.0,3.34,N,VIIRS_NOAA20_NRT,,
25.78075,73.7025,315.74,0.4,0.37,2026-07-20,2046,N20,VIIRS,n,2.0NRT,290.61,2.65,N,VIIRS_NOAA20_NRT,,
25.94311,72.19148,315.9,0.45,0.39,2026-07-20,2046,N20,VIIRS,n,2.0NRT,292.74,3.49,N,VIIRS_NOAA20_NRT,,
11.42757,77.40326,302.97,0.42,0.45,2026-07-20,2051,N20,VIIRS,n,2.0NRT,283.79,0.75,N,VIIRS_NOAA20_NRT,,
8.43807,80.75393,333.97,0.4,0.37,2026-07-21,754,N20,VIIRS,n,2.0NRT,297.65,2.53,D,VIIRS_NOAA20_NRT,,
9.15672,77.9208,333.63,0.53,0.42,2026-07-21,756,N20,VIIRS,n,2.0NRT,292.21,1.54,D,VIIRS_NOAA20_NRT,,
9.18016,77.31054,333.35,0.38,0.43,2026-07-21,756,N20,VIIRS,n,2.0NRT,266.48,4.69,D,VIIRS_NOAA20_NRT,,
9.18171,77.31068,334.19,0.38,0.43,2026-07-21,756,N20,VIIRS,n,2.0NRT,266.33,4.88,D,VIIRS_NOAA20_NRT,,
9.183,77.30327,345.89,0.38,0.43,2026-07-21,756,N20,VIIRS,n,2.0NRT,269.05,9.06,D,VIIRS_NOAA20_NRT,,
9.18693,77.30244,339.75,0.38,0.43,2026-07-21,756,N20,VIIRS,n,2.0NRT,269.3,3.91,D,VIIRS_NOAA20_NRT,,
9.18746,77.30552,337.45,0.38,0.43,2026-07-21,756,N20,VIIRS,n,2.0NRT,267.65,3.91,D,VIIRS_NOAA20_NRT,,
9.19079,77.30114,332.95,0.38,0.43,2026-07-21,756,N20,VIIRS,n,2.0NRT,266.9,3.91,D,VIIRS_NOAA20_NRT,,
9.1913,77.30415,351.39,0.38,0.43,2026-07-21,756,N20,VIIRS,n,2.0NRT,267.95,3.91,D,VIIRS_NOAA20_NRT,,
9.41158,78.70753,331.66,0.48,0.4,2026-07-21,756,N20,VIIRS,n,2.0NRT,289.78,2.71,D,VIIRS_NOAA20_NRT,,
9.41181,78.70856,343.78,0.48,0.4,2026-07-21,756,N20,VIIRS,n,2.0NRT,289.77,4.08,D,VIIRS_NOAA20_NRT,,
9.41227,78.71184,332.59,0.48,0.4,2026-07-21,756,N20,VIIRS,n,2.0NRT,288.15,2.71,D,VIIRS_NOAA20_NRT,,
9.4954,78.80884,333.2,0.47,0.4,2026-07-21,756,N20,VIIRS,n,2.0NRT,284.28,2.04,D,VIIRS_NOAA20_NRT,,
9.5012,78.05836,337.19,0.51,0.41,2026-07-21,756,N20,VIIRS,n,2.0NRT,287.22,2.93,D,VIIRS_NOAA20_NRT,,
9.54237,78.77185,341.95,0.47,0.4,2026-07-21,756,N20,VIIRS,n,2.0NRT,284.55,4.11,D,VIIRS_NOAA20_NRT,,
9.54599,78.77126,337.11,0.47,0.4,2026-07-21,756,N20,VIIRS,n,2.0NRT,283.63,4.11,D,VIIRS_NOAA20_NRT,,
27.28187,71.01263,345.42,0.45,0.47,2026-07-21,758,N20,VIIRS,n,2.0NRT,293.18,7.68,D,VIIRS_NOAA20_NRT,,
27.36558,70.99329,340.85,0.45,0.47,2026-07-21,758,N20,VIIRS,n,2.0NRT,292.66,4.49,D,VIIRS_NOAA20_NRT,,
27.67822,68.57892,338.53,0.62,0.54,2026-07-21,758,N20,VIIRS,n,2.0NRT,293.15,7.69,D,VIIRS_NOAA20_NRT,,
29.77089,71.29324,333.09,0.39,0.44,2026-07-21,801,N20,VIIRS,n,2.0NRT,286.49,3.06,D,VIIRS_NOAA20_NRT,,
35.99224,94.83161,301.67,0.4,0.6,2026-07-21,2021,N20,VIIRS,n,2.0NRT,284.21,0.96,N,VIIRS_NOAA20_NRT,,
36.99825,80.19103,304.83,0.43,0.38,2026-07-21,2021,N20,VIIRS,n,2.0NRT,293.5,1.01,N,VIIRS_NOAA20_NRT,,
26.09478,68.8758,303.41,0.44,0.62,2026-07-21,2025,N20,VIIRS,n,2.0NRT,285.27,0.59,N,VIIRS_NOAA20_NRT,,
26.33853,68.83774,305.32,0.45,0.63,2026-07-21,2025,N20,VIIRS,n,2.0NRT,284.94,0.53,N,VIIRS_NOAA20_NRT,,
26.76024,83.20137,309.97,0.44,0.38,2026-07-21,2025,N20,VIIRS,n,2.0NRT,291.22,2.87,N,VIIRS_NOAA20_NRT,,
28.77589,76.94881,303.57,0.48,0.4,2026-07-21,2025,N20,VIIRS,n,2.0NRT,266.55,0.96,N,VIIRS_NOAA20_NRT,,
28.78685,76.95063,295.59,0.48,0.4,2026-07-21,2025,N20,VIIRS,n,2.0NRT,265.98,0.57,N,VIIRS_NOAA20_NRT,,
28.787,76.94802,296.84,0.48,0.4,2026-07-21,2025,N20,VIIRS,n,2.0NRT,265.57,0.57,N,VIIRS_NOAA20_NRT,,
9.97628,76.37318,302.54,0.38,0.36,2026-07-21,2029,N20,VIIRS,n,2.0NRT,286.69,0.57,N,VIIRS_NOAA20_NRT,,
10.61237,77.49969,308.54,0.39,0.36,2026-07-21,2029,N20,VIIRS,n,2.0NRT,277.91,0.94,N,VIIRS_NOAA20_NRT,,
10.61294,77.49613,307.84,0.39,0.36,2026-07-21,2029,N20,VIIRS,n,2.0NRT,277.78,0.96,N,VIIRS_NOAA20_NRT,,
10.61508,77.41972,303.19,0.39,0.36,2026-07-21,2029,N20,VIIRS,n,2.0NRT,281.36,0.47,N,VIIRS_NOAA20_NRT,,
10.9307,77.06529,298.82,0.39,0.36,2026-07-21,2029,N20,VIIRS,n,2.0NRT,285.28,0.32,N,VIIRS_NOAA20_NRT,,
11.18297,79.09935,304.5,0.44,0.38,2026-07-21,2029,N20,VIIRS,n,2.0NRT,281.82,0.44,N,VIIRS_NOAA20_NRT,,
11.81042,77.92113,313.28,0.4,0.37,2026-07-21,2029,N20,VIIRS,n,2.0NRT,280.37,1.58,N,VIIRS_NOAA20_NRT,,
11.8168,77.91822,310.74,0.4,0.37,2026-07-21,2029,N20,VIIRS,n,2.0NRT,280.25,1.67,N,VIIRS_NOAA20_NRT,,
12.74722,77.618,302.94,0.39,0.36,2026-07-21,2029,N20,VIIRS,n,2.0NRT,284.85,0.76,N,VIIRS_NOAA20_NRT,,
13.30095,78.88969,315.23,0.41,0.37,2026-07-21,2029,N20,VIIRS,n,2.0NRT,288.43,0.98,N,VIIRS_NOAA20_NRT,,
8.66998,77.99445,305.94,0.42,0.38,2026-07-21,2032,N20,VIIRS,n,2.0NRT,292.43,0.76,N,VIIRS_NOAA20_NRT,,
8.75935,77.69218,351.2,0.38,0.59,2026-07-22,735,N20,VIIRS,n,2.0NRT,295.76,6.49,D,VIIRS_NOAA20_NRT,,
8.75997,77.69557,342.43,0.38,0.59,2026-07-22,735,N20,VIIRS,n,2.0NRT,294.42,6.68,D,VIIRS_NOAA20_NRT,,
8.8567,80.42165,329.08,0.49,0.49,2026-07-22,735,N20,VIIRS,n,2.0NRT,289.3,4.79,D,VIIRS_NOAA20_NRT,,
9.38268,80.64284,342.11,0.47,0.48,2026-07-22,735,N20,VIIRS,n,2.0NRT,293.42,7.96,D,VIIRS_NOAA20_NRT,,
9.44807,78.45119,334.61,0.33,0.55,2026-07-22,735,N20,VIIRS,n,2.0NRT,291.3,1.32,D,VIIRS_NOAA20_NRT,,
9.55852,80.35378,339.63,0.49,0.48,2026-07-22,735,N20,VIIRS,n,2.0NRT,296.92,4.03,D,VIIRS_NOAA20_NRT,,
9.6158,80.3456,337.76,0.49,0.48,2026-07-22,735,N20,VIIRS,n,2.0NRT,293.49,3.04,D,VIIRS_NOAA20_NRT,,
9.61659,80.34811,338.16,0.49,0.48,2026-07-22,735,N20,VIIRS,n,2.0NRT,293.59,2.6,D,VIIRS_NOAA20_NRT,,
9.79515,78.34389,342.61,0.33,0.55,2026-07-22,735,N20,VIIRS,n,2.0NRT,289.24,2.55,D,VIIRS_NOAA20_NRT,,
10.19734,78.83752,333.19,0.6,0.53,2026-07-22,735,N20,VIIRS,n,2.0NRT,285.95,3.96,D,VIIRS_NOAA20_NRT,,
23.49056,96.18454,329.11,0.56,0.69,2026-07-22,739,N20,VIIRS,n,2.0NRT,287.58,3.22,D,VIIRS_NOAA20_NRT,,
23.9003,96.32301,341.53,0.58,0.69,2026-07-22,739,N20,VIIRS,n,2.0NRT,287.13,5.8,D,VIIRS_NOAA20_NRT,,
28.00957,94.66613,334.69,0.5,0.66,2026-07-22,739,N20,VIIRS,n,2.0NRT,283.17,5.57,D,VIIRS_NOAA20_NRT,,
29.47668,76.85973,333.95,0.54,0.42,2026-07-22,741,N20,VIIRS,n,2.0NRT,286.34,17.46,D,VIIRS_NOAA20_NRT,,
30.21528,73.96711,330.09,0.5,0.49,2026-07-22,741,N20,VIIRS,n,2.0NRT,292.15,7.39,D,VIIRS_NOAA20_NRT,,
27.77455,68.97416,332.72,0.47,0.64,2026-07-22,922,N20,VIIRS,n,2.0NRT,290.09,3.0,D,VIIRS_NOAA20_NRT,,
27.77813,68.97421,333.84,0.47,0.64,2026-07-22,922,N20,VIIRS,n,2.0NRT,289.78,3.27,D,VIIRS_NOAA20_NRT,,
35.99103,94.83324,295.56,0.44,0.46,2026-07-22,2004,N20,VIIRS,n,2.0NRT,285.45,0.88,N,VIIRS_NOAA20_NRT,,
35.99205,94.82863,296.3,0.44,0.46,2026-07-22,2004,N20,VIIRS,n,2.0NRT,285.45,1.28,N,VIIRS_NOAA20_NRT,,
27.37522,95.08898,301.74,0.35,0.57,2026-07-22,2006,N20,VIIRS,n,2.0NRT,283.71,1.4,N,VIIRS_NOAA20_NRT,,
27.37802,95.08631,305.54,0.35,0.56,2026-07-22,2006,N20,VIIRS,n,2.0NRT,283.86,1.54,N,VIIRS_NOAA20_NRT,,
28.70888,76.85589,311.56,0.59,0.53,2026-07-22,2006,N20,VIIRS,n,2.0NRT,288.69,2.06,N,VIIRS_NOAA20_NRT,,
28.71207,76.85754,304.81,0.59,0.53,2026-07-22,2006,N20,VIIRS,n,2.0NRT,288.66,2.0,N,VIIRS_NOAA20_NRT,,
28.83649,77.13853,304.87,0.57,0.52,2026-07-22,2006,N20,VIIRS,n,2.0NRT,288.54,1.25,N,VIIRS_NOAA20_NRT,,
28.85506,77.14679,305.98,0.57,0.52,2026-07-22,2006,N20,VIIRS,n,2.0NRT,288.39,1.02,N,VIIRS_NOAA20_NRT,,
28.87213,78.78416,306.73,0.46,0.47,2026-07-22,2006,N20,VIIRS,n,2.0NRT,289.61,0.41,N,VIIRS_NOAA20_NRT,,
23.67862,86.08804,297.91,0.41,0.37,2026-07-22,2008,N20,VIIRS,n,2.0NRT,276.34,0.82,N,VIIRS_NOAA20_NRT,,
23.67928,86.08412,306.9,0.41,0.37,2026-07-22,2008,N20,VIIRS,n,2.0NRT,275.7,0.82,N,VIIRS_NOAA20_NRT,,
23.75864,86.40649,302.52,0.41,0.37,2026-07-22,2008,N20,VIIRS,n,2.0NRT,279.04,1.2,N,VIIRS_NOAA20_NRT,,
23.75934,86.4025,321.87,0.41,0.37,2026-07-22,2008,N20,VIIRS,n,2.0NRT,279.71,1.2,N,VIIRS_NOAA20_NRT,,
23.76273,86.40318,309.61,0.41,0.37,2026-07-22,2008,N20,VIIRS,n,2.0NRT,276.9,1.2,N,VIIRS_NOAA20_NRT,,
23.76612,86.40388,305.65,0.41,0.37,2026-07-22,2008,N20,VIIRS,n,2.0NRT,277.25,0.99,N,VIIRS_NOAA20_NRT,,
23.77305,86.36386,302.64,0.41,0.37,2026-07-22,2008,N20,VIIRS,n,2.0NRT,274.59,1.11,N,VIIRS_NOAA20_NRT,,
23.77908,86.38988,303.7,0.41,0.37,2026-07-22,2008,N20,VIIRS,n,2.0NRT,279.25,1.31,N,VIIRS_NOAA20_NRT,,
23.78106,86.20969,311.18,0.41,0.37,2026-07-22,2008,N20,VIIRS,n,2.0NRT,277.27,1.39,N,VIIRS_NOAA20_NRT,,
23.78397,86.34128,298.77,0.41,0.37,2026-07-22,2008,N20,VIIRS,n,2.0NRT,273.79,1.04,N,VIIRS_NOAA20_NRT,,
23.79614,86.35197,301.84,0.41,0.37,2026-07-22,2008,N20,VIIRS,n,2.0NRT,274.78,1.44,N,VIIRS_NOAA20_NRT,,
23.80022,86.34866,298.63,0.41,0.37,2026-07-22,2008,N20,VIIRS,n,2.0NRT,274.41,1.13,N,VIIRS_NOAA20_NRT,,
23.82201,84.57172,297.07,0.38,0.36,2026-07-22,2008,N20,VIIRS,n,2.0NRT,264.9,0.35,N,VIIRS_NOAA20_NRT,,
23.8253,84.57233,304.14,0.38,0.36,2026-07-22,2008,N20,VIIRS,n,2.0NRT,267.09,0.63,N,VIIRS_NOAA20_NRT,,
23.82858,84.57296,295.9,0.38,0.36,2026-07-22,2008,N20,VIIRS,n,2.0NRT,267.61,0.63,N,VIIRS_NOAA20_NRT,,
26.64102,79.47572,314.17,0.39,0.44,2026-07-22,2008,N20,VIIRS,n,2.0NRT,289.97,3.82,N,VIIRS_NOAA20_NRT,,
13.03446,79.98067,295.71,0.41,0.37,2026-07-22,2010,N20,VIIRS,n,2.0NRT,269.51,0.23,N,VIIRS_NOAA20_NRT,,
13.39396,80.10094,313.2,0.4,0.37,2026-07-22,2010,N20,VIIRS,n,2.0NRT,287.16,1.78,N,VIIRS_NOAA20_NRT,,
14.87472,78.05256,305.8,0.51,0.41,2026-07-22,2010,N20,VIIRS,n,2.0NRT,283.99,1.47,N,VIIRS_NOAA20_NRT,,
15.02292,78.01382,308.36,0.51,0.41,2026-07-22,2010,N20,VIIRS,n,2.0NRT,284.2,0.95,N,VIIRS_NOAA20_NRT,,
15.11204,80.01755,316.17,0.42,0.38,2026-07-22,2010,N20,VIIRS,n,2.0NRT,290.74,2.4,N,VIIRS_NOAA20_NRT,,
15.17687,77.0992,304.93,0.39,0.44,2026-07-22,2010,N20,VIIRS,n,2.0NRT,288.39,1.23,N,VIIRS_NOAA20_NRT,,
15.17731,76.65693,298.56,0.41,0.45,2026-07-22,2010,N20,VIIRS,n,2.0NRT,262.15,1.39,N,VIIRS_NOAA20_NRT,,
15.1804,77.10337,306.75,0.39,0.44,2026-07-22,2010,N20,VIIRS,n,2.0NRT,288.87,1.45,N,VIIRS_NOAA20_NRT,,
15.18556,76.65805,300.47,0.41,0.45,2026-07-22,2010,N20,VIIRS,n,2.0NRT,270.37,1.37,N,VIIRS_NOAA20_NRT,,
17.17999,80.78141,301.37,0.41,0.37,2026-07-22,2010,N20,VIIRS,n,2.0NRT,279.93,1.3,N,VIIRS_NOAA20_NRT,,
17.46461,80.6557,309.92,0.42,0.37,2026-07-22,2010,N20,VIIRS,n,2.0NRT,283.06,1.88,N,VIIRS_NOAA20_NRT,,
17.61119,83.20551,302.91,0.39,0.36,2026-07-22,2010,N20,VIIRS,n,2.0NRT,275.2,0.61,N,VIIRS_NOAA20_NRT,,
8.35285,81.3038,341.8,0.39,0.36,2026-07-22,2012,N20,VIIRS,n,2.0NRT,301.18,5.06,N,VIIRS_NOAA20_NRT,,
8.49085,81.16544,313.14,0.39,0.36,2026-07-22,2012,N20,VIIRS,n,2.0NRT,293.92,1.19,N,VIIRS_NOAA20_NRT,,
8.54195,80.43435,305.54,0.38,0.36,2026-07-22,2012,N20,VIIRS,n,2.0NRT,291.01,0.61,N,VIIRS_NOAA20_NRT,,
8.61174,78.1255,311.6,0.43,0.38,2026-07-22,2012,N20,VIIRS,n,2.0NRT,291.31,1.71,N,VIIRS_NOAA20_NRT,,
8.8352,80.62324,298.96,0.38,0.36,2026-07-22,2012,N20,VIIRS,n,2.0NRT,284.5,0.14,N,VIIRS_NOAA20_NRT,,
8.84976,78.1354,306.8,0.44,0.38,2026-07-22,2012,N20,VIIRS,n,2.0NRT,288.01,1.27,N,VIIRS_NOAA20_NRT,,
9.22502,80.67502,329.31,0.38,0.36,2026-07-22,2012,N20,VIIRS,n,2.0NRT,285.92,2.85,N,VIIRS_NOAA20_NRT,,
8.35119,81.3036,346.54,0.46,0.64,2026-07-23,718,N20,VIIRS,n,2.0NRT,297.4,10.17,D,VIIRS_NOAA20_NRT,,
8.58301,80.74029,329.51,0.5,0.66,2026-07-23,718,N20,VIIRS,n,2.0NRT,291.15,3.57,D,VIIRS_NOAA20_NRT,,
8.58554,80.74014,334.88,0.5,0.66,2026-07-23,718,N20,VIIRS,n,2.0NRT,291.04,6.76,D,VIIRS_NOAA20_NRT,,
9.15004,80.35181,336.95,0.52,0.67,2026-07-23,718,N20,VIIRS,n,2.0NRT,290.18,3.79,D,VIIRS_NOAA20_NRT,,
9.15057,80.34975,334.65,0.52,0.67,2026-07-23,718,N20,VIIRS,n,2.0NRT,291.06,5.73,D,VIIRS_NOAA20_NRT,,
9.36897,77.63908,331.4,0.79,0.78,2026-07-23,718,N20,VIIRS,n,2.0NRT,294.22,3.46,D,VIIRS_NOAA20_NRT,,
9.37266,77.63903,332.49,0.79,0.78,2026-07-23,718,N20,VIIRS,n,2.0NRT,294.36,5.5,D,VIIRS_NOAA20_NRT,,
10.02457,78.68526,330.17,0.65,0.73,2026-07-23,718,N20,VIIRS,n,2.0NRT,291.56,5.4,D,VIIRS_NOAA20_NRT,,
10.02743,78.68653,337.57,0.65,0.73,2026-07-23,718,N20,VIIRS,n,2.0NRT,291.67,3.81,D,VIIRS_NOAA20_NRT,,
15.03895,79.94432,331.1,0.43,0.62,2026-07-23,720,N20,VIIRS,n,2.0NRT,290.41,3.59,D,VIIRS_NOAA20_NRT,,
15.04123,79.94015,338.5,0.43,0.62,2026-07-23,720,N20,VIIRS,n,2.0NRT,294.15,5.13,D,VIIRS_NOAA20_NRT,,
15.7805,80.05913,335.8,0.41,0.61,2026-07-23,720,N20,VIIRS,n,2.0NRT,291.24,5.24,D,VIIRS_NOAA20_NRT,,
16.9095,80.78143,331.5,0.35,0.57,2026-07-23,720,N20,VIIRS,n,2.0NRT,288.98,3.91,D,VIIRS_NOAA20_NRT,,
17.3341,80.9387,330.28,0.33,0.56,2026-07-23,720,N20,VIIRS,n,2.0NRT,289.89,2.5,D,VIIRS_NOAA20_NRT,,
29.4589,76.89027,330.95,0.33,0.56,2026-07-23,724,N20,VIIRS,n,2.0NRT,286.14,2.64,D,VIIRS_NOAA20_NRT,,
29.46059,76.89069,333.36,0.34,0.56,2026-07-23,724,N20,VIIRS,n,2.0NRT,285.55,2.61,D,VIIRS_NOAA20_NRT,,
8.61615,77.96016,332.9,0.53,0.67,2026-07-23,858,N20,VIIRS,n,2.0NRT,293.02,3.71,D,VIIRS_NOAA20_NRT,,
8.61757,77.95881,339.14,0.53,0.67,2026-07-23,858,N20,VIIRS,n,2.0NRT,292.89,5.57,D,VIIRS_NOAA20_NRT,,
9.26673,77.47134,344.14,0.5,0.66,2026-07-23,858,N20,VIIRS,n,2.0NRT,287.96,4.39,D,VIIRS_NOAA20_NRT,,
29.72133,70.83372,334.81,0.33,0.55,2026-07-23,905,N20,VIIRS,n,2.0NRT,289.17,3.39,D,VIIRS_NOAA20_NRT,,
29.73466,72.2778,349.39,0.4,0.6,2026-07-23,905,N20,VIIRS,n,2.0NRT,290.82,7.52,D,VIIRS_NOAA20_NRT,,
33.20479,70.47645,345.82,0.34,0.56,2026-07-23,905,N20,VIIRS,n,2.0NRT,292.1,4.84,D,VIIRS_NOAA20_NRT,,
23.67669,86.40153,297.4,0.43,0.38,2026-07-23,1947,N20,VIIRS,n,2.0NRT,269.51,0.8,N,VIIRS_NOAA20_NRT,,
23.67727,86.39735,298.58,0.43,0.38,2026-07-23,1947,N20,VIIRS,n,2.0NRT,268.59,0.86,N,VIIRS_NOAA20_NRT,,
23.68075,86.39795,299.55,0.43,0.38,2026-07-23,1947,N20,VIIRS,n,2.0NRT,269.56,0.86,N,VIIRS_NOAA20_NRT,,
23.68481,86.39435,303.1,0.43,0.38,2026-07-23,1947,N20,VIIRS,n,2.0NRT,268.94,0.97,N,VIIRS_NOAA20_NRT,,
23.77325,86.19689,307.22,0.44,0.38,2026-07-23,1947,N20,VIIRS,n,2.0NRT,280.19,1.33,N,VIIRS_NOAA20_NRT,,
23.77494,86.2103,302.8,0.44,0.38,2026-07-23,1947,N20,VIIRS,n,2.0NRT,282.21,1.07,N,VIIRS_NOAA20_NRT,,
23.77845,86.21091,308.35,0.44,0.38,2026-07-23,1947,N20,VIIRS,n,2.0NRT,282.58,1.07,N,VIIRS_NOAA20_NRT,,
23.78195,86.2115,308.47,0.44,0.38,2026-07-23,1947,N20,VIIRS,n,2.0NRT,281.5,1.2,N,VIIRS_NOAA20_NRT,,
23.78281,86.20984,302.72,0.44,0.38,2026-07-23,1947,N20,VIIRS,n,2.0NRT,280.41,0.7,N,VIIRS_NOAA20_NRT,,
23.79391,86.23347,303.96,0.44,0.38,2026-07-23,1947,N20,VIIRS,n,2.0NRT,281.39,1.02,N,VIIRS_NOAA20_NRT,,
23.82231,85.49592,300.53,0.47,0.4,2026-07-23,1947,N20,VIIRS,n,2.0NRT,280.36,1.15,N,VIIRS_NOAA20_NRT,,
25.03278,87.37096,306.21,0.41,0.37,2026-07-23,1947,N20,VIIRS,n,2.0NRT,289.35,1.8,N,VIIRS_NOAA20_NRT,,
35.99215,94.83294,305.34,0.41,0.37,2026-07-23,1947,N20,VIIRS,n,2.0NRT,285.3,1.83,N,VIIRS_NOAA20_NRT,,
17.6114,83.20419,305.42,0.52,0.42,2026-07-23,1949,N20,VIIRS,n,2.0NRT,284.36,1.56,N,VIIRS_NOAA20_NRT,,
19.92142,79.11291,308.78,0.34,0.56,2026-07-23,1949,N20,VIIRS,n,2.0NRT,284.69,1.44,N,VIIRS_NOAA20_NRT,,
19.92397,79.11326,307.84,0.34,0.56,2026-07-23,1949,N20,VIIRS,n,2.0NRT,285.74,1.12,N,VIIRS_NOAA20_NRT,,
22.26298,75.132,298.0,0.65,0.73,2026-07-23,1949,N20,VIIRS,n,2.0NRT,282.61,2.54,N,VIIRS_NOAA20_NRT,,
22.26654,75.131,305.38,0.65,0.73,2026-07-23,1949,N20,VIIRS,n,2.0NRT,282.74,3.3,N,VIIRS_NOAA20_NRT,,
22.26969,75.13277,297.06,0.65,0.73,2026-07-23,1949,N20,VIIRS,n,2.0NRT,282.23,2.54,N,VIIRS_NOAA20_NRT,,
23.64703,85.43916,297.81,0.47,0.4,2026-07-23,1949,N20,VIIRS,n,2.0NRT,280.56,0.72,N,VIIRS_NOAA20_NRT,,
23.67684,86.08591,301.9,0.44,0.38,2026-07-23,1949,N20,VIIRS,n,2.0NRT,281.26,1.92,N,VIIRS_NOAA20_NRT,,
23.67915,86.09509,299.26,0.44,0.38,2026-07-23,1949,N20,VIIRS,n,2.0NRT,279.14,1.42,N,VIIRS_NOAA20_NRT,,
23.68267,86.09566,298.91,0.44,0.38,2026-07-23,1949,N20,VIIRS,n,2.0NRT,279.7,0.78,N,VIIRS_NOAA20_NRT,,
23.68328,86.09136,299.53,0.44,0.38,2026-07-23,1949,N20,VIIRS,n,2.0NRT,279.89,0.78,N,VIIRS_NOAA20_NRT,,
27.31866,95.26653,320.05,0.56,0.43,2026-07-23,1949,N20,VIIRS,n,2.0NRT,290.39,3.48,N,VIIRS_NOAA20_NRT,,
27.3777,95.09038,306.06,0.55,0.43,2026-07-23,1949,N20,VIIRS,n,2.0NRT,290.03,2.22,N,VIIRS_NOAA20_NRT,,
27.37806,95.33589,308.86,0.57,0.43,2026-07-23,1949,N20,VIIRS,n,2.0NRT,290.48,2.82,N,VIIRS_NOAA20_NRT,,
27.37878,95.3342,308.4,0.57,0.43,2026-07-23,1949,N20,VIIRS,n,2.0NRT,290.35,3.22,N,VIIRS_NOAA20_NRT,,
27.46094,95.47605,312.65,0.38,0.43,2026-07-23,1949,N20,VIIRS,n,2.0NRT,290.12,1.06,N,VIIRS_NOAA20_NRT,,
28.70736,76.85607,301.8,0.58,0.7,2026-07-23,1949,N20,VIIRS,n,2.0NRT,285.23,1.49,N,VIIRS_NOAA20_NRT,,
10.06048,77.40822,310.24,0.32,0.55,2026-07-23,1951,N20,VIIRS,n,2.0NRT,274.23,1.63,N,VIIRS_NOAA20_NRT,,
10.06084,77.40558,318.53,0.32,0.55,2026-07-23,1951,N20,VIIRS,n,2.0NRT,274.13,1.02,N,VIIRS_NOAA20_NRT,,
10.06574,77.40726,299.89,0.32,0.55,2026-07-23,1951,N20,VIIRS,n,2.0NRT,274.29,1.02,N,VIIRS_NOAA20_NRT,,
12.74826,77.62074,303.97,0.34,0.56,2026-07-23,1951,N20,VIIRS,n,2.0NRT,268.16,1.11,N,VIIRS_NOAA20_NRT,,
13.16961,77.92472,310.96,0.33,0.55,2026-07-23,1951,N20,VIIRS,n,2.0NRT,286.78,0.78,N,VIIRS_NOAA20_NRT,,
13.71018,79.61821,307.15,0.51,0.5,2026-07-23,1951,N20,VIIRS,n,2.0NRT,289.71,3.39,N,VIIRS_NOAA20_NRT,,
15.17729,76.65753,305.58,0.43,0.62,2026-07-23,1951,N20,VIIRS,n,2.0NRT,286.44,2.91,N,VIIRS_NOAA20_NRT,,
15.18016,76.65747,300.2,0.43,0.62,2026-07-23,1951,N20,VIIRS,n,2.0NRT,285.8,1.77,N,VIIRS_NOAA20_NRT,,
15.18205,76.66608,312.9,0.43,0.62,2026-07-23,1951,N20,VIIRS,n,2.0NRT,285.42,3.28,N,VIIRS_NOAA20_NRT,,
8.11008,79.9666,315.01,0.41,0.45,2026-07-23,1953,N20,VIIRS,n,2.0NRT,291.8,2.65,N,VIIRS_NOAA20_NRT,,
8.11329,79.96699,311.37,0.41,0.45,2026-07-23,1953,N20,VIIRS,n,2.0NRT,292.26,2.55,N,VIIRS_NOAA20_NRT,,
8.35126,81.30283,305.49,0.52,0.41,2026-07-23,1953,N20,VIIRS,n,2.0NRT,294.52,1.04,N,VIIRS_NOAA20_NRT,,
8.59789,78.13206,318.05,0.55,0.51,2026-07-23,1953,N20,VIIRS,n,2.0NRT,294.15,3.6,N,VIIRS_NOAA20_NRT,,
8.75794,78.18364,311.88,0.55,0.51,2026-07-23,1953,N20,VIIRS,n,2.0NRT,295.13,2.64,N,VIIRS_NOAA20_NRT,,
35.96661,68.68808,312.34,0.4,0.37,2026-07-23,2125,N20,VIIRS,n,2.0NRT,295.42,1.5,N,VIIRS_NOAA20_NRT,,
35.97068,68.68457,305.39,0.4,0.37,2026-07-23,2125,N20,VIIRS,n,2.0NRT,294.05,1.17,N,VIIRS_NOAA20_NRT,,
29.59351,78.80054,295.11,0.56,0.69,2026-07-23,2127,N20,VIIRS,n,2.0NRT,284.9,5.23,N,VIIRS_NOAA20_NRT,,
32.57447,72.56474,307.97,0.42,0.45,2026-07-23,2127,N20,VIIRS,n,2.0NRT,291.72,1.3,N,VIIRS_NOAA20_NRT,,
32.72229,72.92533,306.38,0.43,0.46,2026-07-23,2127,N20,VIIRS,n,2.0NRT,290.0,0.96,N,VIIRS_NOAA20_NRT,,
32.82922,71.6006,305.77,0.55,0.43,2026-07-23,2127,N20,VIIRS,n,2.0NRT,291.0,2.35,N,VIIRS_NOAA20_NRT,,
32.88725,71.61829,303.84,0.55,0.43,2026-07-23,2127,N20,VIIRS,n,2.0NRT,290.41,2.01,N,VIIRS_NOAA20_NRT,,
20.91394,94.79395,330.9,0.39,0.36,2026-07-24,701,N20,VIIRS,n,2.0NRT,298.52,2.17,D,VIIRS_NOAA20_NRT,,
20.92485,94.9152,350.57,0.39,0.37,2026-07-24,701,N20,VIIRS,n,2.0NRT,299.29,11.33,D,VIIRS_NOAA20_NRT,,
8.32594,80.33458,333.8,0.36,0.58,2026-07-24,837,N20,VIIRS,n,2.0NRT,297.68,2.99,D,VIIRS_NOAA20_NRT,,
8.53391,80.72733,335.02,0.39,0.59,2026-07-24,837,N20,VIIRS,n,2.0NRT,294.36,2.57,D,VIIRS_NOAA20_NRT,,
8.53939,80.81077,338.11,0.39,0.6,2026-07-24,837,N20,VIIRS,n,2.0NRT,297.62,4.82,D,VIIRS_NOAA20_NRT,,
8.60956,77.98328,330.18,0.51,0.49,2026-07-24,837,N20,VIIRS,l,2.0NRT,302.19,2.56,D,VIIRS_NOAA20_NRT,,
8.61017,78.02084,340.45,0.51,0.49,2026-07-24,837,N20,VIIRS,n,2.0NRT,303.44,5.98,D,VIIRS_NOAA20_NRT,,
8.61477,77.95449,341.68,0.5,0.49,2026-07-24,837,N20,VIIRS,n,2.0NRT,304.59,3.33,D,VIIRS_NOAA20_NRT,,
8.6162,77.95427,342.06,0.5,0.49,2026-07-24,837,N20,VIIRS,n,2.0NRT,303.78,4.27,D,VIIRS_NOAA20_NRT,,
8.64908,77.85694,330.81,0.5,0.49,2026-07-24,837,N20,VIIRS,l,2.0NRT,304.72,2.01,D,VIIRS_NOAA20_NRT,,
8.67247,78.09816,337.41,0.52,0.5,2026-07-24,837,N20,VIIRS,n,2.0NRT,303.05,2.89,D,VIIRS_NOAA20_NRT,,
8.81435,80.06264,335.88,0.35,0.57,2026-07-24,837,N20,VIIRS,n,2.0NRT,299.14,2.85,D,VIIRS_NOAA20_NRT,,
8.82125,80.47854,333.57,0.38,0.59,2026-07-24,837,N20,VIIRS,n,2.0NRT,294.1,3.77,D,VIIRS_NOAA20_NRT,,
8.99768,80.8782,351.36,0.4,0.6,2026-07-24,837,N20,VIIRS,n,2.0NRT,296.42,6.74,D,VIIRS_NOAA20_NRT,,
8.75892,78.18311,331.07,0.52,0.5,2026-07-24,839,N20,VIIRS,l,2.0NRT,304.83,4.78,D,VIIRS_NOAA20_NRT,,
8.76465,77.48812,335.89,0.47,0.48,2026-07-24,839,N20,VIIRS,n,2.0NRT,305.78,4.05,D,VIIRS_NOAA20_NRT,,
8.76526,77.4924,341.67,0.47,0.48,2026-07-24,839,N20,VIIRS,n,2.0NRT,304.95,4.05,D,VIIRS_NOAA20_NRT,,
8.81455,77.97631,339.14,0.51,0.49,2026-07-24,839,N20,VIIRS,l,2.0NRT,309.63,7.79,D,VIIRS_NOAA20_NRT,,
8.86727,78.15775,333.01,0.53,0.5,2026-07-24,839,N20,VIIRS,l,2.0NRT,303.09,2.68,D,VIIRS_NOAA20_NRT,,
9.0892,77.49866,330.7,0.48,0.48,2026-07-24,839,N20,VIIRS,l,2.0NRT,303.94,0.97,D,VIIRS_NOAA20_NRT,,
9.24981,77.527,341.84,0.48,0.48,2026-07-24,839,N20,VIIRS,n,2.0NRT,307.86,5.9,D,VIIRS_NOAA20_NRT,,
9.30427,78.48246,334.59,0.56,0.51,2026-07-24,839,N20,VIIRS,n,2.0NRT,302.73,4.48,D,VIIRS_NOAA20_NRT,,
9.33652,77.53925,344.04,0.48,0.48,2026-07-24,839,N20,VIIRS,n,2.0NRT,306.51,6.98,D,VIIRS_NOAA20_NRT,,
9.36403,77.50854,330.43,0.48,0.48,2026-07-24,839,N20,VIIRS,l,2.0NRT,304.43,1.3,D,VIIRS_NOAA20_NRT,,
9.39873,77.53079,339.61,0.48,0.48,2026-07-24,839,N20,VIIRS,n,2.0NRT,306.95,8.04,D,VIIRS_NOAA20_NRT,,
9.39934,77.53522,345.2,0.49,0.48,2026-07-24,839,N20,VIIRS,n,2.0NRT,307.92,8.04,D,VIIRS_NOAA20_NRT,,
9.46693,78.60304,336.06,0.57,0.52,2026-07-24,839,N20,VIIRS,n,2.0NRT,300.32,5.79,D,VIIRS_NOAA20_NRT,,
9.46711,78.60526,334.58,0.57,0.52,2026-07-24,839,N20,VIIRS,n,2.0NRT,297.65,3.74,D,VIIRS_NOAA20_NRT,,
9.49362,78.5835,334.11,0.57,0.52,2026-07-24,839,N20,VIIRS,n,2.0NRT,302.04,5.49,D,VIIRS_NOAA20_NRT,,
9.53376,78.51993,338.43,0.57,0.52,2026-07-24,839,N20,VIIRS,n,2.0NRT,302.78,7.93,D,VIIRS_NOAA20_NRT,,
9.53853,78.51931,342.39,0.57,0.52,2026-07-24,839,N20,VIIRS,n,2.0NRT,301.81,4.99,D,VIIRS_NOAA20_NRT,,
9.63545,77.58743,333.32,0.49,0.49,2026-07-24,839,N20,VIIRS,l,2.0NRT,305.89,2.99,D,VIIRS_NOAA20_NRT,,
9.68326,77.79998,341.42,0.51,0.49,2026-07-24,839,N20,VIIRS,n,2.0NRT,309.06,15.58,D,VIIRS_NOAA20_NRT,,
9.68422,77.79993,341.27,0.51,0.49,2026-07-24,839,N20,VIIRS,n,2.0NRT,308.57,15.62,D,VIIRS_NOAA20_NRT,,
9.7285,77.35307,330.97,0.48,0.48,2026-07-24,839,N20,VIIRS,n,2.0NRT,299.36,2.31,D,VIIRS_NOAA20_NRT,,
9.77075,78.35361,332.73,0.56,0.51,2026-07-24,839,N20,VIIRS,n,2.0NRT,298.86,4.45,D,VIIRS_NOAA20_NRT,,
10.00555,78.03752,343.44,0.53,0.5,2026-07-24,839,N20,VIIRS,n,2.0NRT,304.03,9.11,D,VIIRS_NOAA20_NRT,,
10.00819,78.05708,331.6,0.54,0.51,2026-07-24,839,N20,VIIRS,l,2.0NRT,303.75,3.54,D,VIIRS_NOAA20_NRT,,
10.03592,78.02588,334.09,0.53,0.5,2026-07-24,839,N20,VIIRS,n,2.0NRT,302.34,3.18,D,VIIRS_NOAA20_NRT,,
10.0367,78.02337,332.64,0.53,0.5,2026-07-24,839,N20,VIIRS,l,2.0NRT,302.78,2.64,D,VIIRS_NOAA20_NRT,,
10.19355,77.27663,347.35,0.48,0.48,2026-07-24,839,N20,VIIRS,n,2.0NRT,303.71,12.88,D,VIIRS_NOAA20_NRT,,
10.37937,77.46765,338.54,0.5,0.49,2026-07-24,839,N20,VIIRS,n,2.0NRT,300.02,2.43,D,VIIRS_NOAA20_NRT,,
10.38176,77.47029,342.96,0.5,0.49,2026-07-24,839,N20,VIIRS,n,2.0NRT,299.96,4.71,D,VIIRS_NOAA20_NRT,,
10.38843,79.22466,354.14,0.33,0.55,2026-07-24,839,N20,VIIRS,n,2.0NRT,294.97,4.37,D,VIIRS_NOAA20_NRT,,
10.86575,78.97499,334.3,0.32,0.54,2026-07-24,839,N20,VIIRS,n,2.0NRT,297.51,2.45,D,VIIRS_NOAA20_NRT,,
11.69735,78.74162,340.29,0.63,0.54,2026-07-24,839,N20,VIIRS,n,2.0NRT,289.84,7.32,D,VIIRS_NOAA20_NRT,,
11.9908,79.50105,334.02,0.36,0.57,2026-07-24,839,N20,VIIRS,n,2.0NRT,288.96,3.9,D,VIIRS_NOAA20_NRT,,
27.75315,68.74352,337.55,0.41,0.37,2026-07-24,843,N20,VIIRS,n,2.0NRT,299.76,3.66,D,VIIRS_NOAA20_NRT,,
28.42536,69.70109,330.01,0.45,0.39,2026-07-24,843,N20,VIIRS,n,2.0NRT,299.02,4.42,D,VIIRS_NOAA20_NRT,,
29.51018,72.01857,338.99,0.4,0.44,2026-07-24,843,N20,VIIRS,n,2.0NRT,295.34,4.69,D,VIIRS_NOAA20_NRT,,
29.51063,72.02273,330.76,0.4,0.44,2026-07-24,843,N20,VIIRS,n,2.0NRT,295.01,3.73,D,VIIRS_NOAA20_NRT,,
30.49323,71.80073,347.79,0.4,0.44,2026-07-24,845,N20,VIIRS,n,2.0NRT,295.1,7.85,D,VIIRS_NOAA20_NRT,,
30.69683,71.81553,344.5,0.4,0.45,2026-07-24,845,N20,VIIRS,n,2.0NRT,293.92,4.98,D,VIIRS_NOAA20_NRT,,
30.91579,71.97903,331.56,0.42,0.45,2026-07-24,845,N20,VIIRS,n,2.0NRT,293.38,1.33,D,VIIRS_NOAA20_NRT,,
32.32903,72.57091,330.03,0.47,0.47,2026-07-24,845,N20,VIIRS,n,2.0NRT,291.46,1.26,D,VIIRS_NOAA20_NRT,,
32.32984,72.57357,332.82,0.47,0.48,2026-07-24,845,N20,VIIRS,n,2.0NRT,292.8,2.29,D,VIIRS_NOAA20_NRT,,
26.77351,94.50687,307.87,0.38,0.36,2026-07-24,1928,N20,VIIRS,n,2.0NRT,292.19,2.99,N,VIIRS_NOAA20_NRT,,
29.26574,91.92708,300.12,0.45,0.39,2026-07-24,1928,N20,VIIRS,n,2.0NRT,284.99,1.47,N,VIIRS_NOAA20_NRT,,
29.78933,91.60456,300.85,0.47,0.4,2026-07-24,1928,N20,VIIRS,n,2.0NRT,284.08,1.3,N,VIIRS_NOAA20_NRT,,
30.06881,96.97665,298.19,0.4,0.37,2026-07-24,1928,N20,VIIRS,n,2.0NRT,286.34,1.0,N,VIIRS_NOAA20_NRT,,
21.31614,81.5776,296.12,0.49,0.65,2026-07-24,1930,N20,VIIRS,n,2.0NRT,284.69,1.74,N,VIIRS_NOAA20_NRT,,
21.48586,81.76777,304.96,0.48,0.65,2026-07-24,1930,N20,VIIRS,n,2.0NRT,283.6,2.05,N,VIIRS_NOAA20_NRT,,
21.80207,82.04038,303.14,0.47,0.64,2026-07-24,1930,N20,VIIRS,n,2.0NRT,281.58,1.18,N,VIIRS_NOAA20_NRT,,
21.94098,81.98135,303.11,0.47,0.64,2026-07-24,1930,N20,VIIRS,n,2.0NRT,285.44,0.72,N,VIIRS_NOAA20_NRT,,
22.35896,87.29213,301.88,0.44,0.46,2026-07-24,1930,N20,VIIRS,n,2.0NRT,286.9,2.28,N,VIIRS_NOAA20_NRT,,
22.36643,87.30175,301.28,0.43,0.46,2026-07-24,1930,N20,VIIRS,n,2.0NRT,283.0,1.66,N,VIIRS_NOAA20_NRT,,
22.53732,91.69934,317.67,0.41,0.37,2026-07-24,1930,N20,VIIRS,n,2.0NRT,290.66,1.85,N,VIIRS_NOAA20_NRT,,
24.11399,86.86088,302.74,0.49,0.48,2026-07-24,1930,N20,VIIRS,n,2.0NRT,278.93,1.02,N,VIIRS_NOAA20_NRT,,
24.11546,86.85921,307.12,0.49,0.48,2026-07-24,1930,N20,VIIRS,n,2.0NRT,279.35,1.51,N,VIIRS_NOAA20_NRT,,
24.11843,86.8615,298.8,0.49,0.48,2026-07-24,1930,N20,VIIRS,n,2.0NRT,277.82,0.59,N,VIIRS_NOAA20_NRT,,
25.54312,91.23501,314.43,0.44,0.39,2026-07-24,1930,N20,VIIRS,n,2.0NRT,284.15,1.8,N,VIIRS_NOAA20_NRT,,
10.98196,78.15826,321.55,0.62,0.72,2026-07-24,1934,N20,VIIRS,n,2.0NRT,286.92,3.97,N,VIIRS_NOAA20_NRT,,
12.74691,77.6187,301.67,0.72,0.75,2026-07-24,1934,N20,VIIRS,n,2.0NRT,282.49,0.86,N,VIIRS_NOAA20_NRT,,
32.82886,71.60229,307.98,0.39,0.36,2026-07-24,2108,N20,VIIRS,n,2.0NRT,294.02,1.69,N,VIIRS_NOAA20_NRT,,
33.40813,71.94093,306.36,0.39,0.36,2026-07-24,2108,N20,VIIRS,n,2.0NRT,293.1,0.88,N,VIIRS_NOAA20_NRT,,
33.54744,71.55011,309.93,0.39,0.36,2026-07-24,2108,N20,VIIRS,n,2.0NRT,293.67,0.87,N,VIIRS_NOAA20_NRT,,
33.90402,71.9152,307.93,0.39,0.36,2026-07-24,2108,N20,VIIRS,n,2.0NRT,293.47,1.92,N,VIIRS_NOAA20_NRT,,
18.57708,72.24033,334.81,0.38,0.43,2026-07-24,2112,N20,VIIRS,n,2.0NRT,284.14,2.83,N,VIIRS_NOAA20_NRT,,
18.71989,79.53619,306.65,0.56,0.69,2026-07-24,2112,N20,VIIRS,n,2.0NRT,284.44,1.74,N,VIIRS_NOAA20_NRT,,
9.98287,78.24267,310.74,0.69,0.74,2026-07-24,2114,N20,VIIRS,n,2.0NRT,287.64,2.04,N,VIIRS_NOAA20_NRT,,
9.98635,78.23927,306.68,0.68,0.74,2026-07-24,2114,N20,VIIRS,n,2.0NRT,287.73,1.82,N,VIIRS_NOAA20_NRT,,
22.36734,96.10081,333.01,0.41,0.37,2026-07-25,642,N20,VIIRS,l,2.0NRT,289.34,11.8,D,VIIRS_NOAA20_NRT,,
25.77877,93.3216,332.89,0.48,0.4,2026-07-25,644,N20,VIIRS,n,2.0NRT,297.24,5.54,D,VIIRS_NOAA20_NRT,,
25.7788,93.3196,341.54,0.48,0.4,2026-07-25,644,N20,VIIRS,n,2.0NRT,296.77,7.24,D,VIIRS_NOAA20_NRT,,
29.24011,88.88003,338.12,0.49,0.48,2026-07-25,644,N20,VIIRS,n,2.0NRT,297.52,3.66,D,VIIRS_NOAA20_NRT,,
29.30302,90.72378,347.9,0.38,0.43,2026-07-25,644,N20,VIIRS,n,2.0NRT,304.29,6.2,D,VIIRS_NOAA20_NRT,,
29.30372,90.72739,333.76,0.38,0.43,2026-07-25,644,N20,VIIRS,l,2.0NRT,305.78,6.35,D,VIIRS_NOAA20_NRT,,
8.02986,81.1344,338.03,0.39,0.44,2026-07-25,820,N20,VIIRS,n,2.0NRT,299.05,2.18,D,VIIRS_NOAA20_NRT,,
8.13412,80.60539,334.09,0.55,0.42,2026-07-25,820,N20,VIIRS,n,2.0NRT,302.39,3.75,D,VIIRS_NOAA20_NRT,,
8.41693,80.31266,333.03,0.53,0.42,2026-07-25,820,N20,VIIRS,n,2.0NRT,296.42,1.05,D,VIIRS_NOAA20_NRT,,
8.55608,77.60831,338.02,0.4,0.37,2026-07-25,820,N20,VIIRS,n,2.0NRT,305.1,7.26,D,VIIRS_NOAA20_NRT,,
8.61767,77.95516,338.09,0.41,0.37,2026-07-25,820,N20,VIIRS,n,2.0NRT,302.01,3.83,D,VIIRS_NOAA20_NRT,,
8.64939,80.28899,335.69,0.53,0.42,2026-07-25,820,N20,VIIRS,n,2.0NRT,299.72,6.96,D,VIIRS_NOAA20_NRT,,
8.66571,77.8526,339.61,0.41,0.37,2026-07-25,820,N20,VIIRS,n,2.0NRT,306.73,3.87,D,VIIRS_NOAA20_NRT,,
8.76865,78.05247,332.82,0.42,0.38,2026-07-25,820,N20,VIIRS,n,2.0NRT,301.92,2.81,D,VIIRS_NOAA20_NRT,,
8.8241,77.83641,339.83,0.41,0.37,2026-07-25,820,N20,VIIRS,n,2.0NRT,306.43,25.72,D,VIIRS_NOAA20_NRT,,
8.85158,80.89507,338.45,0.39,0.44,2026-07-25,820,N20,VIIRS,n,2.0NRT,295.87,4.47,D,VIIRS_NOAA20_NRT,,
8.95612,77.78252,338.93,0.41,0.37,2026-07-25,820,N20,VIIRS,n,2.0NRT,308.25,5.12,D,VIIRS_NOAA20_NRT,,
9.00114,77.49606,336.08,0.4,0.37,2026-07-25,820,N20,VIIRS,n,2.0NRT,305.45,1.67,D,VIIRS_NOAA20_NRT,,
9.05734,77.44579,335.86,0.4,0.37,2026-07-25,820,N20,VIIRS,n,2.0NRT,302.89,1.75,D,VIIRS_NOAA20_NRT,,
9.06214,77.76644,346.45,0.41,0.37,2026-07-25,820,N20,VIIRS,n,2.0NRT,305.44,12.21,D,VIIRS_NOAA20_NRT,,
9.11793,77.59817,346.82,0.41,0.37,2026-07-25,820,N20,VIIRS,n,2.0NRT,305.84,6.26,D,VIIRS_NOAA20_NRT,,
9.16591,78.04385,343.25,0.42,0.38,2026-07-25,820,N20,VIIRS,n,2.0NRT,305.27,11.8,D,VIIRS_NOAA20_NRT,,
9.1669,77.67033,340.99,0.41,0.37,2026-07-25,820,N20,VIIRS,n,2.0NRT,306.94,11.6,D,VIIRS_NOAA20_NRT,,
9.16701,77.54903,344.31,0.41,0.37,2026-07-25,820,N20,VIIRS,n,2.0NRT,304.67,8.31,D,VIIRS_NOAA20_NRT,,
9.28725,77.46322,338.25,0.4,0.37,2026-07-25,820,N20,VIIRS,n,2.0NRT,305.57,3.2,D,VIIRS_NOAA20_NRT,,
9.30318,77.7146,343.42,0.41,0.37,2026-07-25,820,N20,VIIRS,n,2.0NRT,310.43,13.62,D,VIIRS_NOAA20_NRT,,
9.3674,80.69447,332.07,0.38,0.43,2026-07-25,820,N20,VIIRS,n,2.0NRT,300.68,5.59,D,VIIRS_NOAA20_NRT,,
9.3888,77.44027,340.47,0.4,0.37,2026-07-25,820,N20,VIIRS,n,2.0NRT,305.65,3.4,D,VIIRS_NOAA20_NRT,,
9.52543,78.80299,334.72,0.46,0.39,2026-07-25,820,N20,VIIRS,n,2.0NRT,299.47,2.46,D,VIIRS_NOAA20_NRT,,
9.55048,77.92471,341.81,0.42,0.38,2026-07-25,820,N20,VIIRS,n,2.0NRT,307.62,11.87,D,VIIRS_NOAA20_NRT,,
9.55872,78.5109,339.86,0.44,0.39,2026-07-25,820,N20,VIIRS,n,2.0NRT,301.67,5.11,D,VIIRS_NOAA20_NRT,,
9.5652,80.36752,330.37,0.55,0.43,2026-07-25,820,N20,VIIRS,n,2.0NRT,299.08,2.07,D,VIIRS_NOAA20_NRT,,
9.58803,77.74874,337.36,0.41,0.37,2026-07-25,820,N20,VIIRS,n,2.0NRT,305.26,10.39,D,VIIRS_NOAA20_NRT,,
9.63814,79.8848,331.3,0.52,0.41,2026-07-25,820,N20,VIIRS,n,2.0NRT,299.32,3.44,D,VIIRS_NOAA20_NRT,,
9.68822,78.75961,335.35,0.46,0.39,2026-07-25,820,N20,VIIRS,n,2.0NRT,296.91,2.22,D,VIIRS_NOAA20_NRT,,
9.78038,77.29346,330.28,0.4,0.37,2026-07-25,820,N20,VIIRS,l,2.0NRT,304.21,1.6,D,VIIRS_NOAA20_NRT,,
9.80473,77.72346,341.12,0.42,0.37,2026-07-25,820,N20,VIIRS,n,2.0NRT,307.66,11.44,D,VIIRS_NOAA20_NRT,,
9.82244,77.72468,343.42,0.42,0.37,2026-07-25,820,N20,VIIRS,n,2.0NRT,308.54,11.89,D,VIIRS_NOAA20_NRT,,
9.86088,77.30018,333.7,0.4,0.37,2026-07-25,820,N20,VIIRS,l,2.0NRT,305.61,1.53,D,VIIRS_NOAA20_NRT,,
9.86409,77.86983,339.78,0.42,0.38,2026-07-25,820,N20,VIIRS,n,2.0NRT,304.13,11.05,D,VIIRS_NOAA20_NRT,,
9.92348,77.41143,341.94,0.41,0.37,2026-07-25,820,N20,VIIRS,n,2.0NRT,301.18,3.51,D,VIIRS_NOAA20_NRT,,
9.93643,78.22433,337.3,0.43,0.38,2026-07-25,820,N20,VIIRS,n,2.0NRT,297.97,2.37,D,VIIRS_NOAA20_NRT,,
9.97417,78.80817,345.2,0.46,0.39,2026-07-25,820,N20,VIIRS,n,2.0NRT,300.27,9.22,D,VIIRS_NOAA20_NRT,,
10.05316,78.73315,344.41,0.46,0.39,2026-07-25,820,N20,VIIRS,n,2.0NRT,304.03,6.85,D,VIIRS_NOAA20_NRT,,
10.13363,78.79517,340.71,0.46,0.39,2026-07-25,820,N20,VIIRS,n,2.0NRT,299.28,7.02,D,VIIRS_NOAA20_NRT,,
10.24144,77.17305,333.77,0.4,0.37,2026-07-25,820,N20,VIIRS,n,2.0NRT,303.45,2.87,D,VIIRS_NOAA20_NRT,,
10.3862,77.4668,339.34,0.41,0.37,2026-07-25,820,N20,VIIRS,n,2.0NRT,303.68,3.3,D,VIIRS_NOAA20_NRT,,
10.4888,79.48171,336.99,0.51,0.41,2026-07-25,820,N20,VIIRS,n,2.0NRT,300.85,2.23,D,VIIRS_NOAA20_NRT,,
10.65917,79.26517,332.89,0.49,0.41,2026-07-25,820,N20,VIIRS,n,2.0NRT,298.85,4.13,D,VIIRS_NOAA20_NRT,,
10.77616,77.91312,338.15,0.43,0.38,2026-07-25,820,N20,VIIRS,n,2.0NRT,301.23,2.72,D,VIIRS_NOAA20_NRT,,
10.84376,78.5382,332.39,0.46,0.39,2026-07-25,820,N20,VIIRS,n,2.0NRT,296.51,1.18,D,VIIRS_NOAA20_NRT,,
10.91063,77.99442,337.32,0.43,0.38,2026-07-25,820,N20,VIIRS,n,2.0NRT,295.85,2.56,D,VIIRS_NOAA20_NRT,,
10.924,79.00307,337.72,0.48,0.4,2026-07-25,820,N20,VIIRS,n,2.0NRT,295.39,3.81,D,VIIRS_NOAA20_NRT,,
10.92834,77.06551,334.98,0.4,0.37,2026-07-25,820,N20,VIIRS,n,2.0NRT,300.95,1.04,D,VIIRS_NOAA20_NRT,,
10.9342,78.86342,341.57,0.47,0.4,2026-07-25,820,N20,VIIRS,n,2.0NRT,298.6,4.61,D,VIIRS_NOAA20_NRT,,
10.93582,78.47483,341.93,0.46,0.39,2026-07-25,820,N20,VIIRS,n,2.0NRT,300.71,4.48,D,VIIRS_NOAA20_NRT,,
10.94195,77.18049,343.97,0.41,0.37,2026-07-25,820,N20,VIIRS,n,2.0NRT,306.79,3.88,D,VIIRS_NOAA20_NRT,,
11.05105,77.66284,340.94,0.42,0.38,2026-07-25,820,N20,VIIRS,n,2.0NRT,306.19,7.86,D,VIIRS_NOAA20_NRT,,
11.05459,77.99364,336.73,0.44,0.38,2026-07-25,820,N20,VIIRS,n,2.0NRT,303.68,4.1,D,VIIRS_NOAA20_NRT,,
11.10464,78.1628,338.85,0.44,0.39,2026-07-25,820,N20,VIIRS,n,2.0NRT,306.66,5.96,D,VIIRS_NOAA20_NRT,,
11.2063,77.91537,335.99,0.43,0.38,2026-07-25,820,N20,VIIRS,n,2.0NRT,305.39,3.23,D,VIIRS_NOAA20_NRT,,
11.28238,78.37164,331.35,0.45,0.39,2026-07-25,820,N20,VIIRS,n,2.0NRT,294.74,4.21,D,VIIRS_NOAA20_NRT,,
11.40659,77.48415,346.49,0.42,0.38,2026-07-25,820,N20,VIIRS,n,2.0NRT,309.82,33.34,D,VIIRS_NOAA20_NRT,,
11.4545,76.73441,330.92,0.4,0.37,2026-07-25,820,N20,VIIRS,n,2.0NRT,293.91,1.65,D,VIIRS_NOAA20_NRT,,
11.69059,78.72388,337.34,0.48,0.4,2026-07-25,820,N20,VIIRS,n,2.0NRT,303.79,3.27,D,VIIRS_NOAA20_NRT,,
11.71069,78.73396,342.4,0.48,0.4,2026-07-25,820,N20,VIIRS,n,2.0NRT,305.42,27.15,D,VIIRS_NOAA20_NRT,,
11.7301,78.6869,336.84,0.48,0.4,2026-07-25,820,N20,VIIRS,n,2.0NRT,301.67,3.14,D,VIIRS_NOAA20_NRT,,
11.74111,78.71244,345.59,0.48,0.4,2026-07-25,820,N20,VIIRS,n,2.0NRT,300.96,8.51,D,VIIRS_NOAA20_NRT,,
11.78624,78.71499,337.38,0.48,0.4,2026-07-25,820,N20,VIIRS,n,2.0NRT,299.81,5.85,D,VIIRS_NOAA20_NRT,,
11.80625,78.04562,340.58,0.44,0.39,2026-07-25,822,N20,VIIRS,n,2.0NRT,299.99,3.32,D,VIIRS_NOAA20_NRT,,
12.07348,78.90598,338.63,0.49,0.4,2026-07-25,822,N20,VIIRS,n,2.0NRT,294.84,4.18,D,VIIRS_NOAA20_NRT,,
12.15279,77.7166,330.31,0.43,0.38,2026-07-25,822,N20,VIIRS,n,2.0NRT,291.74,4.47,D,VIIRS_NOAA20_NRT,,
14.84442,79.00111,333.94,0.54,0.42,2026-07-25,822,N20,VIIRS,n,2.0NRT,287.02,4.08,D,VIIRS_NOAA20_NRT,,
15.17208,76.66181,335.51,0.42,0.38,2026-07-25,822,N20,VIIRS,n,2.0NRT,297.66,3.44,D,VIIRS_NOAA20_NRT,,
15.17497,76.6574,337.76,0.42,0.38,2026-07-25,822,N20,VIIRS,n,2.0NRT,298.92,4.67,D,VIIRS_NOAA20_NRT,,
15.18355,76.66808,337.47,0.42,0.38,2026-07-25,822,N20,VIIRS,n,2.0NRT,296.62,3.8,D,VIIRS_NOAA20_NRT,,
15.75006,79.35316,336.82,0.38,0.44,2026-07-25,822,N20,VIIRS,n,2.0NRT,296.53,2.84,D,VIIRS_NOAA20_NRT,,
15.98972,79.47518,337.3,0.39,0.44,2026-07-25,822,N20,VIIRS,n,2.0NRT,298.5,4.93,D,VIIRS_NOAA20_NRT,,
16.45176,80.01956,331.1,0.43,0.46,2026-07-25,822,N20,VIIRS,n,2.0NRT,299.4,2.55,D,VIIRS_NOAA20_NRT,,
17.35738,80.87476,332.98,0.5,0.49,2026-07-25,822,N20,VIIRS,n,2.0NRT,294.81,9.52,D,VIIRS_NOAA20_NRT,,
18.5771,72.24021,334.96,0.4,0.37,2026-07-25,822,N20,VIIRS,n,2.0NRT,292.61,7.73,D,VIIRS_NOAA20_NRT,,
18.96109,76.21063,330.93,0.43,0.38,2026-07-25,822,N20,VIIRS,n,2.0NRT,295.14,2.53,D,VIIRS_NOAA20_NRT,,
23.77687,86.21186,329.81,0.66,0.73,2026-07-25,824,N20,VIIRS,n,2.0NRT,286.73,6.61,D,VIIRS_NOAA20_NRT,,
29.66281,72.27201,335.41,0.4,0.37,2026-07-25,826,N20,VIIRS,n,2.0NRT,292.03,4.56,D,VIIRS_NOAA20_NRT,,
29.71366,72.17061,346.31,0.4,0.37,2026-07-25,826,N20,VIIRS,n,2.0NRT,295.35,9.95,D,VIIRS_NOAA20_NRT,,
29.80674,72.63466,333.68,0.4,0.37,2026-07-25,826,N20,VIIRS,n,2.0NRT,294.8,3.9,D,VIIRS_NOAA20_NRT,,
29.89648,72.31838,333.68,0.4,0.37,2026-07-25,826,N20,VIIRS,n,2.0NRT,295.34,1.82,D,VIIRS_NOAA20_NRT,,
29.92692,72.76873,330.34,0.41,0.37,2026-07-25,826,N20,VIIRS,n,2.0NRT,296.18,1.76,D,VIIRS_NOAA20_NRT,,
30.03018,73.06541,334.54,0.42,0.37,2026-07-25,826,N20,VIIRS,n,2.0NRT,300.46,6.33,D,VIIRS_NOAA20_NRT,,
30.03555,72.92386,338.09,0.41,0.37,2026-07-25,826,N20,VIIRS,n,2.0NRT,294.68,4.95,D,VIIRS_NOAA20_NRT,,
30.03613,72.92813,339.32,0.41,0.37,2026-07-25,826,N20,VIIRS,n,2.0NRT,299.01,4.95,D,VIIRS_NOAA20_NRT,,
30.42102,71.75756,336.31,0.39,0.36,2026-07-25,826,N20,VIIRS,n,2.0NRT,294.22,4.35,D,VIIRS_NOAA20_NRT,,
30.53473,73.95341,336.67,0.45,0.39,2026-07-25,826,N20,VIIRS,n,2.0NRT,296.27,4.58,D,VIIRS_NOAA20_NRT,,
30.53592,73.95155,334.36,0.45,0.39,2026-07-25,826,N20,VIIRS,n,2.0NRT,295.46,3.18,D,VIIRS_NOAA20_NRT,,
30.6117,72.05465,333.68,0.4,0.37,2026-07-25,826,N20,VIIRS,n,2.0NRT,293.1,2.5,D,VIIRS_NOAA20_NRT,,
30.61783,73.86274,337.51,0.45,0.39,2026-07-25,826,N20,VIIRS,n,2.0NRT,295.6,4.18,D,VIIRS_NOAA20_NRT,,
30.62138,73.86214,330.2,0.45,0.39,2026-07-25,826,N20,VIIRS,n,2.0NRT,296.04,3.68,D,VIIRS_NOAA20_NRT,,
30.62542,72.00554,339.48,0.4,0.37,2026-07-25,826,N20,VIIRS,n,2.0NRT,295.32,3.77,D,VIIRS_NOAA20_NRT,,
27.37703,95.33369,306.79,0.49,0.41,2026-07-25,1910,N20,VIIRS,n,2.0NRT,278.76,1.11,N,VIIRS_NOAA20_NRT,,
29.22609,88.35056,300.27,0.45,0.63,2026-07-25,1910,N20,VIIRS,n,2.0NRT,281.47,1.44,N,VIIRS_NOAA20_NRT,,
29.22686,88.35115,295.94,0.45,0.63,2026-07-25,1910,N20,VIIRS,n,2.0NRT,281.58,0.94,N,VIIRS_NOAA20_NRT,,
30.06745,96.97843,306.63,0.45,0.39,2026-07-25,1910,N20,VIIRS,n,2.0NRT,288.74,1.33,N,VIIRS_NOAA20_NRT,,
22.37689,87.28061,296.5,0.44,0.62,2026-07-25,1913,N20,VIIRS,n,2.0NRT,263.8,1.32,N,VIIRS_NOAA20_NRT,,
22.37727,87.27632,295.84,0.44,0.62,2026-07-25,1913,N20,VIIRS,n,2.0NRT,262.93,1.32,N,VIIRS_NOAA20_NRT,,
22.60679,91.62975,306.49,0.46,0.47,2026-07-25,1913,N20,VIIRS,n,2.0NRT,285.31,2.42,N,VIIRS_NOAA20_NRT,,
23.82616,84.57262,316.29,0.68,0.74,2026-07-25,1913,N20,VIIRS,n,2.0NRT,272.38,2.34,N,VIIRS_NOAA20_NRT,,
23.82664,84.56595,298.5,0.68,0.74,2026-07-25,1913,N20,VIIRS,n,2.0NRT,274.43,2.34,N,VIIRS_NOAA20_NRT,,
23.82768,84.5705,316.15,0.68,0.74,2026-07-25,1913,N20,VIIRS,n,2.0NRT,270.11,3.87,N,VIIRS_NOAA20_NRT,,
26.75884,83.19941,297.86,0.32,0.55,2026-07-25,2049,N20,VIIRS,n,2.0NRT,270.32,0.71,N,VIIRS_NOAA20_NRT,,
28.27837,77.27387,302.09,0.44,0.38,2026-07-25,2049,N20,VIIRS,n,2.0NRT,285.88,1.43,N,VIIRS_NOAA20_NRT,,
29.45673,76.86721,325.7,0.41,0.37,2026-07-25,2049,N20,VIIRS,n,2.0NRT,291.44,3.23,N,VIIRS_NOAA20_NRT,,
30.17156,70.92674,331.29,0.48,0.4,2026-07-25,2049,N20,VIIRS,n,2.0NRT,292.31,4.53,N,VIIRS_NOAA20_NRT,,
21.18369,81.38795,304.68,0.32,0.55,2026-07-25,2051,N20,VIIRS,n,2.0NRT,274.87,2.33,N,VIIRS_NOAA20_NRT,,
21.18798,81.39221,304.96,0.32,0.55,2026-07-25,2051,N20,VIIRS,n,2.0NRT,273.87,1.9,N,VIIRS_NOAA20_NRT,,
23.16376,82.33923,299.82,0.34,0.56,2026-07-25,2051,N20,VIIRS,n,2.0NRT,268.4,1.06,N,VIIRS_NOAA20_NRT,,
23.16449,82.33588,298.87,0.34,0.56,2026-07-25,2051,N20,VIIRS,n,2.0NRT,267.47,0.8,N,VIIRS_NOAA20_NRT,,
23.69485,85.37001,312.62,0.51,0.66,2026-07-25,2051,N20,VIIRS,n,2.0NRT,283.59,1.43,N,VIIRS_NOAA20_NRT,,
23.69623,85.37252,302.32,0.51,0.66,2026-07-25,2051,N20,VIIRS,n,2.0NRT,283.88,1.22,N,VIIRS_NOAA20_NRT,,
23.69744,85.36758,303.73,0.51,0.66,2026-07-25,2051,N20,VIIRS,n,2.0NRT,283.71,1.24,N,VIIRS_NOAA20_NRT,,
23.70481,86.07275,297.39,0.56,0.69,2026-07-25,2051,N20,VIIRS,n,2.0NRT,286.11,2.62,N,VIIRS_NOAA20_NRT,,
23.7592,85.85129,304.43,0.55,0.68,2026-07-25,2051,N20,VIIRS,n,2.0NRT,287.35,1.87,N,VIIRS_NOAA20_NRT,,
23.76201,86.40213,296.67,0.59,0.7,2026-07-25,2051,N20,VIIRS,n,2.0NRT,259.19,5.18,N,VIIRS_NOAA20_NRT,,
24.16513,84.05001,300.51,0.41,0.61,2026-07-25,2051,N20,VIIRS,n,2.0NRT,275.95,1.34,N,VIIRS_NOAA20_NRT,,
24.18111,82.65102,305.45,0.34,0.56,2026-07-25,2051,N20,VIIRS,n,2.0NRT,288.71,0.71,N,VIIRS_NOAA20_NRT,,
26.60727,73.6843,302.19,0.38,0.36,2026-07-25,2051,N20,VIIRS,n,2.0NRT,286.66,0.68,N,VIIRS_NOAA20_NRT,,
26.64133,79.47746,312.75,0.39,0.44,2026-07-25,2051,N20,VIIRS,n,2.0NRT,288.43,1.55,N,VIIRS_NOAA20_NRT,,
26.64235,79.48204,305.16,0.39,0.44,2026-07-25,2051,N20,VIIRS,n,2.0NRT,288.45,1.55,N,VIIRS_NOAA20_NRT,,
26.6431,79.47822,307.99,0.39,0.44,2026-07-25,2051,N20,VIIRS,n,2.0NRT,288.66,1.55,N,VIIRS_NOAA20_NRT,,
26.64451,79.48225,304.99,0.39,0.44,2026-07-25,2051,N20,VIIRS,n,2.0NRT,288.35,1.55,N,VIIRS_NOAA20_NRT,,
26.87468,73.51701,306.37,0.39,0.36,2026-07-25,2051,N20,VIIRS,n,2.0NRT,291.43,1.55,N,VIIRS_NOAA20_NRT,,
26.87857,73.5138,306.57,0.39,0.36,2026-07-25,2051,N20,VIIRS,n,2.0NRT,291.63,1.53,N,VIIRS_NOAA20_NRT,,
15.02398,78.01593,304.17,0.51,0.49,2026-07-25,2053,N20,VIIRS,n,2.0NRT,287.47,0.83,N,VIIRS_NOAA20_NRT,,
15.17591,76.65681,314.67,0.42,0.45,2026-07-25,2053,N20,VIIRS,n,2.0NRT,272.35,1.33,N,VIIRS_NOAA20_NRT,,
15.17662,76.65301,301.94,0.42,0.45,2026-07-25,2053,N20,VIIRS,n,2.0NRT,269.98,1.33,N,VIIRS_NOAA20_NRT,,
15.17717,76.67291,298.99,0.42,0.45,2026-07-25,2053,N20,VIIRS,n,2.0NRT,267.71,1.08,N,VIIRS_NOAA20_NRT,,
15.17985,76.68137,302.69,0.42,0.45,2026-07-25,2053,N20,VIIRS,n,2.0NRT,270.33,1.79,N,VIIRS_NOAA20_NRT,,
15.18056,76.67756,314.72,0.42,0.45,2026-07-25,2053,N20,VIIRS,n,2.0NRT,269.15,1.79,N,VIIRS_NOAA20_NRT,,
15.1807,76.65383,304.21,0.42,0.45,2026-07-25,2053,N20,VIIRS,n,2.0NRT,270.05,1.62,N,VIIRS_NOAA20_NRT,,
15.19707,76.37888,309.94,0.4,0.44,2026-07-25,2053,N20,VIIRS,n,2.0NRT,282.43,1.33,N,VIIRS_NOAA20_NRT,,
15.19804,76.37916,309.31,0.4,0.44,2026-07-25,2053,N20,VIIRS,n,2.0NRT,282.62,1.51,N,VIIRS_NOAA20_NRT,,
15.33284,76.28484,311.17,0.39,0.44,2026-07-25,2053,N20,VIIRS,n,2.0NRT,288.84,1.57,N,VIIRS_NOAA20_NRT,,
17.14262,77.18447,302.26,0.42,0.45,2026-07-25,2053,N20,VIIRS,n,2.0NRT,286.88,0.65,N,VIIRS_NOAA20_NRT,,
9.60913,78.25269,322.27,0.33,0.55,2026-07-25,2055,N20,VIIRS,n,2.0NRT,290.43,1.69,N,VIIRS_NOAA20_NRT,,
9.78281,78.40217,326.2,0.34,0.56,2026-07-25,2055,N20,VIIRS,n,2.0NRT,288.95,1.91,N,VIIRS_NOAA20_NRT,,
11.18069,79.10067,305.43,0.35,0.57,2026-07-25,2055,N20,VIIRS,n,2.0NRT,283.96,0.45,N,VIIRS_NOAA20_NRT,,
11.28877,77.74873,317.18,0.57,0.52,2026-07-25,2055,N20,VIIRS,n,2.0NRT,285.91,2.14,N,VIIRS_NOAA20_NRT,,
11.42038,77.44364,306.4,0.54,0.51,2026-07-25,2055,N20,VIIRS,n,2.0NRT,283.78,0.67,N,VIIRS_NOAA20_NRT,,
11.4218,77.44177,306.69,0.54,0.51,2026-07-25,2055,N20,VIIRS,n,2.0NRT,284.25,0.69,N,VIIRS_NOAA20_NRT,,
11.81565,77.91529,307.95,0.57,0.52,2026-07-25,2055,N20,VIIRS,n,2.0NRT,286.11,1.65,N,VIIRS_NOAA20_NRT,,
8.1702,77.59023,338.72,0.47,0.4,2026-07-26,803,N20,VIIRS,n,2.0NRT,303.41,6.37,D,VIIRS_NOAA20_NRT,,
8.18843,81.09332,342.24,0.38,0.36,2026-07-26,803,N20,VIIRS,n,2.0NRT,302.54,4.41,D,VIIRS_NOAA20_NRT,,
8.45177,81.32877,333.05,0.39,0.36,2026-07-26,803,N20,VIIRS,n,2.0NRT,301.93,3.96,D,VIIRS_NOAA20_NRT,,
8.45229,81.33227,335.84,0.39,0.36,2026-07-26,803,N20,VIIRS,n,2.0NRT,301.17,3.96,D,VIIRS_NOAA20_NRT,,
8.48621,80.88586,345.42,0.38,0.36,2026-07-26,803,N20,VIIRS,n,2.0NRT,301.6,10.54,D,VIIRS_NOAA20_NRT,,
8.62089,81.19171,343.16,0.39,0.36,2026-07-26,803,N20,VIIRS,n,2.0NRT,300.72,5.53,D,VIIRS_NOAA20_NRT,,
8.65612,81.15389,332.52,0.39,0.36,2026-07-26,803,N20,VIIRS,n,2.0NRT,301.65,2.41,D,VIIRS_NOAA20_NRT,,
8.66122,77.87656,340.01,0.45,0.39,2026-07-26,803,N20,VIIRS,n,2.0NRT,306.21,6.07,D,VIIRS_NOAA20_NRT,,
8.66274,81.15288,339.68,0.39,0.36,2026-07-26,803,N20,VIIRS,n,2.0NRT,300.94,6.5,D,VIIRS_NOAA20_NRT,,
8.66357,80.86819,346.03,0.38,0.36,2026-07-26,803,N20,VIIRS,n,2.0NRT,301.59,14.3,D,VIIRS_NOAA20_NRT,,
8.66413,77.87194,335.91,0.45,0.39,2026-07-26,803,N20,VIIRS,n,2.0NRT,304.74,5.27,D,VIIRS_NOAA20_NRT,,
8.66477,77.87602,341.49,0.45,0.39,2026-07-26,803,N20,VIIRS,n,2.0NRT,307.87,11.4,D,VIIRS_NOAA20_NRT,,
8.67784,80.69556,335.66,0.38,0.36,2026-07-26,803,N20,VIIRS,n,2.0NRT,297.33,4.51,D,VIIRS_NOAA20_NRT,,
8.69074,80.40148,336.99,0.38,0.36,2026-07-26,803,N20,VIIRS,n,2.0NRT,300.41,3.59,D,VIIRS_NOAA20_NRT,,
8.70594,77.84081,332.13,0.45,0.39,2026-07-26,803,N20,VIIRS,n,2.0NRT,301.86,2.21,D,VIIRS_NOAA20_NRT,,
8.75737,78.183,334.07,0.43,0.38,2026-07-26,803,N20,VIIRS,l,2.0NRT,305.85,8.42,D,VIIRS_NOAA20_NRT,,
8.80598,80.8243,335.76,0.38,0.36,2026-07-26,803,N20,VIIRS,n,2.0NRT,299.15,3.38,D,VIIRS_NOAA20_NRT,,
8.862,80.98952,332.97,0.38,0.36,2026-07-26,803,N20,VIIRS,n,2.0NRT,297.34,1.54,D,VIIRS_NOAA20_NRT,,
8.98073,80.67844,335.4,0.38,0.36,2026-07-26,803,N20,VIIRS,n,2.0NRT,301.2,5.62,D,VIIRS_NOAA20_NRT,,
9.2442,80.68964,334.41,0.38,0.36,2026-07-26,803,N20,VIIRS,n,2.0NRT,299.5,4.22,D,VIIRS_NOAA20_NRT,,
9.24803,80.6926,330.02,0.38,0.36,2026-07-26,803,N20,VIIRS,n,2.0NRT,298.21,4.22,D,VIIRS_NOAA20_NRT,,
9.28297,77.70875,346.49,0.45,0.39,2026-07-26,803,N20,VIIRS,n,2.0NRT,297.16,12.47,D,VIIRS_NOAA20_NRT,,
10.26563,78.84253,335.51,0.4,0.37,2026-07-26,803,N20,VIIRS,l,2.0NRT,300.52,3.07,D,VIIRS_NOAA20_NRT,,
10.50343,77.63503,337.35,0.44,0.38,2026-07-26,803,N20,VIIRS,n,2.0NRT,301.09,2.7,D,VIIRS_NOAA20_NRT,,
11.57112,79.65421,337.65,0.39,0.36,2026-07-26,803,N20,VIIRS,n,2.0NRT,297.57,3.15,D,VIIRS_NOAA20_NRT,,
11.66761,79.07035,336.21,0.39,0.36,2026-07-26,803,N20,VIIRS,n,2.0NRT,300.99,2.24,D,VIIRS_NOAA20_NRT,,
11.78302,79.44317,349.27,0.39,0.36,2026-07-26,803,N20,VIIRS,n,2.0NRT,302.41,5.46,D,VIIRS_NOAA20_NRT,,
11.78356,79.44669,337.23,0.39,0.36,2026-07-26,803,N20,VIIRS,n,2.0NRT,301.42,4.83,D,VIIRS_NOAA20_NRT,,
11.78687,79.44617,352.8,0.39,0.36,2026-07-26,803,N20,VIIRS,n,2.0NRT,302.76,4.83,D,VIIRS_NOAA20_NRT,,
11.83069,79.73074,340.34,0.38,0.36,2026-07-26,803,N20,VIIRS,n,2.0NRT,298.57,4.84,D,VIIRS_NOAA20_NRT,,
11.83399,79.73022,333.66,0.38,0.36,2026-07-26,803,N20,VIIRS,n,2.0NRT,293.44,1.16,D,VIIRS_NOAA20_NRT,,
11.91031,79.56322,331.46,0.39,0.36,2026-07-26,803,N20,VIIRS,n,2.0NRT,297.13,2.27,D,VIIRS_NOAA20_NRT,,
14.23413,79.23682,334.18,0.38,0.36,2026-07-26,803,N20,VIIRS,n,2.0NRT,294.5,2.48,D,VIIRS_NOAA20_NRT,,
14.25988,80.12611,345.02,0.39,0.36,2026-07-26,803,N20,VIIRS,n,2.0NRT,297.12,5.08,D,VIIRS_NOAA20_NRT,,
15.4033,75.61586,332.18,0.48,0.4,2026-07-26,805,N20,VIIRS,n,2.0NRT,296.1,4.21,D,VIIRS_NOAA20_NRT,,
15.65515,79.92676,336.18,0.39,0.36,2026-07-26,805,N20,VIIRS,n,2.0NRT,277.1,5.85,D,VIIRS_NOAA20_NRT,,
16.36105,80.04301,338.69,0.39,0.36,2026-07-26,805,N20,VIIRS,n,2.0NRT,295.93,4.19,D,VIIRS_NOAA20_NRT,,
16.63103,75.21593,332.29,0.48,0.4,2026-07-26,805,N20,VIIRS,n,2.0NRT,291.65,4.13,D,VIIRS_NOAA20_NRT,,
21.10313,72.6372,345.06,0.57,0.43,2026-07-26,805,N20,VIIRS,n,2.0NRT,290.49,40.76,D,VIIRS_NOAA20_NRT,,
21.10513,72.64801,341.75,0.57,0.43,2026-07-26,805,N20,VIIRS,n,2.0NRT,291.4,17.04,D,VIIRS_NOAA20_NRT,,
25.84229,78.2156,338.91,0.4,0.37,2026-07-26,805,N20,VIIRS,n,2.0NRT,297.23,3.85,D,VIIRS_NOAA20_NRT,,
25.8805,78.24169,332.15,0.4,0.37,2026-07-26,805,N20,VIIRS,n,2.0NRT,298.42,2.21,D,VIIRS_NOAA20_NRT,,
23.66184,87.15479,331.89,0.38,0.59,2026-07-26,807,N20,VIIRS,n,2.0NRT,290.66,3.18,D,VIIRS_NOAA20_NRT,,
23.75717,86.40322,337.36,0.34,0.56,2026-07-26,807,N20,VIIRS,n,2.0NRT,291.93,6.66,D,VIIRS_NOAA20_NRT,,
23.7805,86.21017,342.6,0.33,0.55,2026-07-26,807,N20,VIIRS,n,2.0NRT,291.39,3.53,D,VIIRS_NOAA20_NRT,,
25.32954,86.42692,338.45,0.36,0.57,2026-07-26,807,N20,VIIRS,n,2.0NRT,292.15,4.41,D,VIIRS_NOAA20_NRT,,
25.33005,86.42796,340.96,0.35,0.57,2026-07-26,807,N20,VIIRS,n,2.0NRT,291.81,3.68,D,VIIRS_NOAA20_NRT,,
29.95007,72.77443,337.16,0.43,0.38,2026-07-26,807,N20,VIIRS,l,2.0NRT,298.55,6.8,D,VIIRS_NOAA20_NRT,,
36.77867,95.22191,301.55,0.48,0.65,2026-07-26,2027,N20,VIIRS,n,2.0NRT,282.04,0.66,N,VIIRS_NOAA20_NRT,,
33.81591,72.71971,305.64,0.5,0.49,2026-07-26,2029,N20,VIIRS,n,2.0NRT,291.3,1.42,N,VIIRS_NOAA20_NRT,,
24.5299,81.16922,309.21,0.45,0.39,2026-07-26,2032,N20,VIIRS,n,2.0NRT,292.01,1.09,N,VIIRS_NOAA20_NRT,,
25.51137,76.28304,307.8,0.41,0.37,2026-07-26,2032,N20,VIIRS,n,2.0NRT,292.14,2.78,N,VIIRS_NOAA20_NRT,,
25.79763,68.69691,301.38,0.36,0.57,2026-07-26,2032,N20,VIIRS,n,2.0NRT,280.04,0.8,N,VIIRS_NOAA20_NRT,,
26.09453,68.87782,304.17,0.35,0.57,2026-07-26,2032,N20,VIIRS,n,2.0NRT,281.73,0.37,N,VIIRS_NOAA20_NRT,,
26.64083,79.47775,309.25,0.39,0.36,2026-07-26,2032,N20,VIIRS,n,2.0NRT,289.13,2.4,N,VIIRS_NOAA20_NRT,,
27.66968,76.12833,306.43,0.43,0.38,2026-07-26,2032,N20,VIIRS,n,2.0NRT,291.04,1.03,N,VIIRS_NOAA20_NRT,,
28.34674,77.23024,305.63,0.41,0.37,2026-07-26,2032,N20,VIIRS,n,2.0NRT,286.78,1.42,N,VIIRS_NOAA20_NRT,,
28.60799,68.63182,304.27,0.39,0.59,2026-07-26,2032,N20,VIIRS,n,2.0NRT,281.79,2.18,N,VIIRS_NOAA20_NRT,,
28.66332,77.57861,313.73,0.4,0.37,2026-07-26,2032,N20,VIIRS,n,2.0NRT,293.26,0.82,N,VIIRS_NOAA20_NRT,,
28.77339,77.56905,308.15,0.4,0.37,2026-07-26,2032,N20,VIIRS,n,2.0NRT,287.63,1.47,N,VIIRS_NOAA20_NRT,,
28.85186,77.14674,308.74,0.41,0.37,2026-07-26,2032,N20,VIIRS,n,2.0NRT,292.81,0.73,N,VIIRS_NOAA20_NRT,,
31.61533,74.37509,306.01,0.38,0.43,2026-07-26,2032,N20,VIIRS,n,2.0NRT,286.98,1.57,N,VIIRS_NOAA20_NRT,,
32.72654,73.13875,308.12,0.46,0.47,2026-07-26,2032,N20,VIIRS,n,2.0NRT,291.74,1.64,N,VIIRS_NOAA20_NRT,,
18.57782,72.23921,330.13,0.53,0.42,2026-07-26,2034,N20,VIIRS,n,2.0NRT,289.98,5.81,N,VIIRS_NOAA20_NRT,,
19.09323,82.16925,301.88,0.4,0.44,2026-07-26,2034,N20,VIIRS,n,2.0NRT,279.69,2.55,N,VIIRS_NOAA20_NRT,,
19.09794,82.16639,300.69,0.4,0.44,2026-07-26,2034,N20,VIIRS,n,2.0NRT,274.28,1.42,N,VIIRS_NOAA20_NRT,,
20.92546,86.04395,300.23,0.32,0.55,2026-07-26,2034,N20,VIIRS,n,2.0NRT,279.27,1.21,N,VIIRS_NOAA20_NRT,,
20.92601,86.04335,299.42,0.32,0.55,2026-07-26,2034,N20,VIIRS,n,2.0NRT,279.53,0.4,N,VIIRS_NOAA20_NRT,,
20.94313,86.06022,315.31,0.32,0.55,2026-07-26,2034,N20,VIIRS,n,2.0NRT,283.29,1.26,N,VIIRS_NOAA20_NRT,,
20.9507,86.04906,322.24,0.32,0.55,2026-07-26,2034,N20,VIIRS,n,2.0NRT,283.14,2.46,N,VIIRS_NOAA20_NRT,,
20.95136,86.04599,319.8,0.32,0.55,2026-07-26,2034,N20,VIIRS,n,2.0NRT,282.6,3.25,N,VIIRS_NOAA20_NRT,,
20.96465,86.00793,308.52,0.32,0.55,2026-07-26,2034,N20,VIIRS,n,2.0NRT,283.33,1.9,N,VIIRS_NOAA20_NRT,,
20.96827,86.01521,313.73,0.32,0.55,2026-07-26,2034,N20,VIIRS,n,2.0NRT,285.21,2.87,N,VIIRS_NOAA20_NRT,,
20.96891,86.01217,312.18,0.32,0.55,2026-07-26,2034,N20,VIIRS,n,2.0NRT,284.48,1.9,N,VIIRS_NOAA20_NRT,,
20.9719,86.02246,311.52,0.32,0.55,2026-07-26,2034,N20,VIIRS,n,2.0NRT,284.71,0.91,N,VIIRS_NOAA20_NRT,,
20.97802,85.1348,306.62,0.56,0.52,2026-07-26,2034,N20,VIIRS,n,2.0NRT,274.84,3.75,N,VIIRS_NOAA20_NRT,,
21.00206,86.02647,305.83,0.32,0.55,2026-07-26,2034,N20,VIIRS,n,2.0NRT,283.74,1.02,N,VIIRS_NOAA20_NRT,,
21.10443,72.63545,309.26,0.54,0.42,2026-07-26,2034,N20,VIIRS,n,2.0NRT,284.44,1.44,N,VIIRS_NOAA20_NRT,,
21.10694,72.64631,303.02,0.54,0.42,2026-07-26,2034,N20,VIIRS,n,2.0NRT,285.15,1.59,N,VIIRS_NOAA20_NRT,,
21.2337,79.62907,304.04,0.42,0.38,2026-07-26,2034,N20,VIIRS,n,2.0NRT,279.0,1.08,N,VIIRS_NOAA20_NRT,,
21.48869,81.77155,296.31,0.52,0.42,2026-07-26,2034,N20,VIIRS,n,2.0NRT,271.59,0.53,N,VIIRS_NOAA20_NRT,,
21.67353,82.08156,308.34,0.54,0.42,2026-07-26,2034,N20,VIIRS,n,2.0NRT,290.43,2.55,N,VIIRS_NOAA20_NRT,,
21.80208,82.04137,304.47,0.53,0.42,2026-07-26,2034,N20,VIIRS,n,2.0NRT,283.12,1.34,N,VIIRS_NOAA20_NRT,,
21.8766,83.49715,302.68,0.43,0.46,2026-07-26,2034,N20,VIIRS,n,2.0NRT,288.81,1.27,N,VIIRS_NOAA20_NRT,,
21.87937,83.55609,308.29,0.43,0.46,2026-07-26,2034,N20,VIIRS,n,2.0NRT,289.09,2.29,N,VIIRS_NOAA20_NRT,,
21.92012,83.35038,323.09,0.42,0.45,2026-07-26,2034,N20,VIIRS,n,2.0NRT,287.2,2.54,N,VIIRS_NOAA20_NRT,,
21.92421,83.35128,315.34,0.42,0.45,2026-07-26,2034,N20,VIIRS,n,2.0NRT,287.16,2.54,N,VIIRS_NOAA20_NRT,,
21.92909,83.3482,305.23,0.42,0.45,2026-07-26,2034,N20,VIIRS,n,2.0NRT,287.32,1.13,N,VIIRS_NOAA20_NRT,,
21.98553,83.23338,310.48,0.41,0.45,2026-07-26,2034,N20,VIIRS,n,2.0NRT,286.18,3.39,N,VIIRS_NOAA20_NRT,,
22.03837,83.35002,306.53,0.42,0.45,2026-07-26,2034,N20,VIIRS,n,2.0NRT,275.62,1.58,N,VIIRS_NOAA20_NRT,,
22.2218,84.75345,303.61,0.5,0.49,2026-07-26,2034,N20,VIIRS,n,2.0NRT,283.46,1.06,N,VIIRS_NOAA20_NRT,,
22.22622,84.75452,302.13,0.5,0.49,2026-07-26,2034,N20,VIIRS,n,2.0NRT,282.92,1.06,N,VIIRS_NOAA20_NRT,,
23.99168,79.39497,308.1,0.4,0.37,2026-07-26,2034,N20,VIIRS,n,2.0NRT,290.74,1.45,N,VIIRS_NOAA20_NRT,,
11.11234,79.25799,301.31,0.53,0.42,2026-07-26,2036,N20,VIIRS,n,2.0NRT,268.62,0.79,N,VIIRS_NOAA20_NRT,,
12.03718,77.00917,297.24,0.41,0.37,2026-07-26,2036,N20,VIIRS,n,2.0NRT,275.87,0.32,N,VIIRS_NOAA20_NRT,,
12.53337,78.22665,300.79,0.45,0.39,2026-07-26,2036,N20,VIIRS,n,2.0NRT,270.3,0.38,N,VIIRS_NOAA20_NRT,,
13.44556,80.09894,300.56,0.55,0.43,2026-07-26,2036,N20,VIIRS,n,2.0NRT,277.45,0.39,N,VIIRS_NOAA20_NRT,,
13.44701,80.09559,302.08,0.55,0.43,2026-07-26,2036,N20,VIIRS,n,2.0NRT,278.29,0.44,N,VIIRS_NOAA20_NRT,,
14.71032,79.85173,298.31,0.51,0.41,2026-07-26,2036,N20,VIIRS,n,2.0NRT,270.32,1.98,N,VIIRS_NOAA20_NRT,,
8.30588,77.86736,319.96,0.49,0.4,2026-07-26,2038,N20,VIIRS,n,2.0NRT,295.87,3.25,N,VIIRS_NOAA20_NRT,,
8.52253,80.85538,317.34,0.49,0.49,2026-07-26,2038,N20,VIIRS,n,2.0NRT,291.88,1.88,N,VIIRS_NOAA20_NRT,,
8.52296,80.85795,317.12,0.49,0.49,2026-07-26,2038,N20,VIIRS,n,2.0NRT,291.61,2.18,N,VIIRS_NOAA20_NRT,,
8.63469,80.32661,304.73,0.45,0.47,2026-07-26,2038,N20,VIIRS,n,2.0NRT,289.91,0.69,N,VIIRS_NOAA20_NRT,,
8.86824,78.12153,308.61,0.5,0.41,2026-07-26,2038,N20,VIIRS,n,2.0NRT,294.71,0.49,N,VIIRS_NOAA20_NRT,,
8.92381,78.16567,316.52,0.5,0.41,2026-07-26,2038,N20,VIIRS,n,2.0NRT,294.33,1.28,N,VIIRS_NOAA20_NRT,,
9.76356,77.57446,306.01,0.45,0.39,2026-07-26,2038,N20,VIIRS,n,2.0NRT,291.95,1.49,N,VIIRS_NOAA20_NRT,,
8.03552,81.4083,332.76,0.53,0.42,2026-07-27,741,N20,VIIRS,l,2.0NRT,304.83,3.96,D,VIIRS_NOAA20_NRT,,
8.28969,80.20939,345.43,0.41,0.45,2026-07-27,741,N20,VIIRS,n,2.0NRT,296.8,5.86,D,VIIRS_NOAA20_NRT,,
8.42126,80.62747,331.69,0.38,0.44,2026-07-27,741,N20,VIIRS,n,2.0NRT,300.08,2.51,D,VIIRS_NOAA20_NRT,,
8.52605,77.89302,339.44,0.58,0.52,2026-07-27,741,N20,VIIRS,n,2.0NRT,300.1,3.98,D,VIIRS_NOAA20_NRT,,
8.60933,80.84334,334.68,0.56,0.43,2026-07-27,741,N20,VIIRS,n,2.0NRT,300.69,7.5,D,VIIRS_NOAA20_NRT,,
8.6515,80.83112,332.55,0.56,0.43,2026-07-27,741,N20,VIIRS,n,2.0NRT,299.37,4.63,D,VIIRS_NOAA20_NRT,,
8.67676,78.04872,341.15,0.56,0.52,2026-07-27,741,N20,VIIRS,n,2.0NRT,296.55,11.53,D,VIIRS_NOAA20_NRT,,
8.68146,78.04791,342.25,0.56,0.52,2026-07-27,741,N20,VIIRS,n,2.0NRT,297.33,5.62,D,VIIRS_NOAA20_NRT,,
8.70121,80.34838,333.85,0.4,0.44,2026-07-27,741,N20,VIIRS,n,2.0NRT,299.9,3.34,D,VIIRS_NOAA20_NRT,,
8.70179,80.35195,341.78,0.4,0.44,2026-07-27,741,N20,VIIRS,n,2.0NRT,299.27,3.34,D,VIIRS_NOAA20_NRT,,
8.89968,80.55743,331.78,0.57,0.43,2026-07-27,741,N20,VIIRS,n,2.0NRT,298.1,3.33,D,VIIRS_NOAA20_NRT,,
8.93658,80.50952,333.53,0.38,0.44,2026-07-27,741,N20,VIIRS,n,2.0NRT,298.81,2.81,D,VIIRS_NOAA20_NRT,,
9.35762,80.57565,330.3,0.56,0.43,2026-07-27,741,N20,VIIRS,n,2.0NRT,290.71,3.58,D,VIIRS_NOAA20_NRT,,
9.3728,78.09,334.03,0.54,0.51,2026-07-27,741,N20,VIIRS,n,2.0NRT,299.24,15.25,D,VIIRS_NOAA20_NRT,,
9.39094,80.60637,333.0,0.56,0.43,2026-07-27,741,N20,VIIRS,n,2.0NRT,292.61,6.05,D,VIIRS_NOAA20_NRT,,
9.7935,80.15665,331.04,0.39,0.44,2026-07-27,741,N20,VIIRS,n,2.0NRT,299.63,4.62,D,VIIRS_NOAA20_NRT,,
9.94746,78.63959,335.66,0.49,0.48,2026-07-27,744,N20,VIIRS,n,2.0NRT,292.47,5.49,D,VIIRS_NOAA20_NRT,,
9.9513,78.64022,333.67,0.49,0.48,2026-07-27,744,N20,VIIRS,n,2.0NRT,297.17,6.18,D,VIIRS_NOAA20_NRT,,
10.04415,78.60203,339.5,0.49,0.48,2026-07-27,744,N20,VIIRS,n,2.0NRT,299.32,7.68,D,VIIRS_NOAA20_NRT,,
10.04541,78.60555,339.15,0.49,0.48,2026-07-27,744,N20,VIIRS,n,2.0NRT,298.71,8.69,D,VIIRS_NOAA20_NRT,,
10.15335,78.65507,332.23,0.48,0.48,2026-07-27,744,N20,VIIRS,n,2.0NRT,294.92,6.66,D,VIIRS_NOAA20_NRT,,
10.46686,79.59759,332.3,0.41,0.45,2026-07-27,744,N20,VIIRS,n,2.0NRT,297.31,1.59,D,VIIRS_NOAA20_NRT,,
10.50927,79.79533,342.22,0.4,0.44,2026-07-27,744,N20,VIIRS,n,2.0NRT,297.8,4.72,D,VIIRS_NOAA20_NRT,,
10.8366,77.83519,345.3,0.53,0.5,2026-07-27,744,N20,VIIRS,n,2.0NRT,295.36,5.13,D,VIIRS_NOAA20_NRT,,
10.88504,79.79541,330.27,0.4,0.44,2026-07-27,744,N20,VIIRS,n,2.0NRT,294.59,1.95,D,VIIRS_NOAA20_NRT,,
10.9285,78.5093,339.75,0.48,0.48,2026-07-27,744,N20,VIIRS,n,2.0NRT,289.03,3.62,D,VIIRS_NOAA20_NRT,,
11.45726,79.2372,331.67,0.42,0.45,2026-07-27,744,N20,VIIRS,n,2.0NRT,292.07,5.0,D,VIIRS_NOAA20_NRT,,
11.45794,79.241,341.8,0.42,0.45,2026-07-27,744,N20,VIIRS,n,2.0NRT,293.78,5.0,D,VIIRS_NOAA20_NRT,,
11.45976,79.24007,345.09,0.42,0.45,2026-07-27,744,N20,VIIRS,n,2.0NRT,294.27,10.74,D,VIIRS_NOAA20_NRT,,
12.69651,79.31068,333.77,0.4,0.44,2026-07-27,744,N20,VIIRS,n,2.0NRT,288.56,1.59,D,VIIRS_NOAA20_NRT,,
14.97422,79.77187,334.1,0.52,0.42,2026-07-27,744,N20,VIIRS,n,2.0NRT,289.54,4.05,D,VIIRS_NOAA20_NRT,,
23.66458,87.15586,333.8,0.38,0.43,2026-07-27,746,N20,VIIRS,n,2.0NRT,293.12,5.13,D,VIIRS_NOAA20_NRT,,
23.68368,86.39597,334.88,0.52,0.42,2026-07-27,746,N20,VIIRS,n,2.0NRT,294.09,7.02,D,VIIRS_NOAA20_NRT,,
27.15428,84.33047,330.69,0.46,0.39,2026-07-27,748,N20,VIIRS,n,2.0NRT,296.64,3.31,D,VIIRS_NOAA20_NRT,,
27.31782,92.5922,330.25,0.46,0.63,2026-07-27,748,N20,VIIRS,n,2.0NRT,288.06,5.62,D,VIIRS_NOAA20_NRT,,
27.32255,92.59032,345.36,0.46,0.63,2026-07-27,748,N20,VIIRS,n,2.0NRT,288.02,8.53,D,VIIRS_NOAA20_NRT,,
28.05189,69.36989,330.84,0.42,0.61,2026-07-27,748,N20,VIIRS,n,2.0NRT,292.74,4.31,D,VIIRS_NOAA20_NRT,,
28.51736,70.58965,330.61,0.35,0.57,2026-07-27,748,N20,VIIRS,n,2.0NRT,296.28,5.48,D,VIIRS_NOAA20_NRT,,
28.5177,70.58237,330.67,0.35,0.57,2026-07-27,748,N20,VIIRS,n,2.0NRT,296.55,9.25,D,VIIRS_NOAA20_NRT,,
28.51934,70.5893,330.18,0.35,0.57,2026-07-27,748,N20,VIIRS,n,2.0NRT,296.18,5.57,D,VIIRS_NOAA20_NRT,,
28.52033,70.5705,330.21,0.35,0.57,2026-07-27,748,N20,VIIRS,n,2.0NRT,296.52,5.84,D,VIIRS_NOAA20_NRT,,
29.28109,70.94787,330.54,0.32,0.55,2026-07-27,748,N20,VIIRS,n,2.0NRT,296.63,4.09,D,VIIRS_NOAA20_NRT,,
29.28183,70.95107,330.51,0.32,0.55,2026-07-27,748,N20,VIIRS,n,2.0NRT,296.14,4.09,D,VIIRS_NOAA20_NRT,,
29.63563,71.71744,335.14,0.57,0.52,2026-07-27,748,N20,VIIRS,n,2.0NRT,295.01,2.28,D,VIIRS_NOAA20_NRT,,
29.63709,71.71581,330.6,0.57,0.52,2026-07-27,748,N20,VIIRS,n,2.0NRT,294.79,3.53,D,VIIRS_NOAA20_NRT,,
29.73397,72.54,333.73,0.5,0.49,2026-07-27,748,N20,VIIRS,n,2.0NRT,294.51,3.35,D,VIIRS_NOAA20_NRT,,
29.88309,71.23293,339.59,0.6,0.53,2026-07-27,748,N20,VIIRS,n,2.0NRT,295.74,4.35,D,VIIRS_NOAA20_NRT,,
29.88443,71.23415,336.61,0.6,0.53,2026-07-27,748,N20,VIIRS,n,2.0NRT,294.46,10.43,D,VIIRS_NOAA20_NRT,,
30.36536,73.85832,331.39,0.41,0.45,2026-07-27,748,N20,VIIRS,n,2.0NRT,299.52,8.58,D,VIIRS_NOAA20_NRT,,
30.37027,73.86142,333.28,0.41,0.45,2026-07-27,748,N20,VIIRS,n,2.0NRT,300.14,10.67,D,VIIRS_NOAA20_NRT,,
30.45979,71.93785,340.89,0.53,0.5,2026-07-27,748,N20,VIIRS,n,2.0NRT,294.78,5.9,D,VIIRS_NOAA20_NRT,,
30.58054,72.43557,330.37,0.49,0.49,2026-07-27,748,N20,VIIRS,n,2.0NRT,298.64,5.91,D,VIIRS_NOAA20_NRT,,
30.4594,71.93549,343.37,0.53,0.5,2026-07-27,750,N20,VIIRS,n,2.0NRT,296.08,8.58,D,VIIRS_NOAA20_NRT,,
31.43363,71.14106,332.29,0.56,0.51,2026-07-27,750,N20,VIIRS,n,2.0NRT,299.14,6.46,D,VIIRS_NOAA20_NRT,,
32.36547,71.52138,332.98,0.51,0.49,2026-07-27,750,N20,VIIRS,n,2.0NRT,302.27,12.14,D,VIIRS_NOAA20_NRT,,
35.53013,73.64581,333.09,0.51,0.41,2026-07-27,750,N20,VIIRS,l,2.0NRT,304.68,2.33,D,VIIRS_NOAA20_NRT,,
24.33977,68.05283,332.8,0.48,0.65,2026-07-27,928,N20,VIIRS,n,2.0NRT,292.34,3.5,D,VIIRS_NOAA20_NRT,,
29.92113,74.95334,307.08,0.32,0.55,2026-07-27,2012,N20,VIIRS,n,2.0NRT,289.61,0.68,N,VIIRS_NOAA20_NRT,,
32.57575,72.56245,306.65,0.47,0.64,2026-07-27,2012,N20,VIIRS,n,2.0NRT,291.36,2.76,N,VIIRS_NOAA20_NRT,,
32.57831,72.56225,307.92,0.47,0.64,2026-07-27,2012,N20,VIIRS,n,2.0NRT,290.75,2.76,N,VIIRS_NOAA20_NRT,,
21.17994,81.38742,311.14,0.39,0.36,2026-07-27,2014,N20,VIIRS,n,2.0NRT,267.46,1.06,N,VIIRS_NOAA20_NRT,,
21.19245,81.41615,317.16,0.39,0.36,2026-07-27,2014,N20,VIIRS,n,2.0NRT,264.97,1.95,N,VIIRS_NOAA20_NRT,,
23.67449,86.39988,312.22,0.48,0.4,2026-07-27,2014,N20,VIIRS,n,2.0NRT,283.03,2.62,N,VIIRS_NOAA20_NRT,,
23.67526,86.39807,313.61,0.48,0.4,2026-07-27,2014,N20,VIIRS,n,2.0NRT,283.17,2.44,N,VIIRS_NOAA20_NRT,,
23.67888,86.39882,311.36,0.48,0.4,2026-07-27,2014,N20,VIIRS,n,2.0NRT,283.55,2.44,N,VIIRS_NOAA20_NRT,,
23.679,86.08456,300.84,0.46,0.39,2026-07-27,2014,N20,VIIRS,n,2.0NRT,274.48,1.74,N,VIIRS_NOAA20_NRT,,
23.67973,86.39421,306.24,0.48,0.4,2026-07-27,2014,N20,VIIRS,n,2.0NRT,282.66,2.32,N,VIIRS_NOAA20_NRT,,
23.68095,86.09426,323.33,0.46,0.39,2026-07-27,2014,N20,VIIRS,n,2.0NRT,270.1,1.98,N,VIIRS_NOAA20_NRT,,
23.68336,86.39497,318.91,0.48,0.4,2026-07-27,2014,N20,VIIRS,n,2.0NRT,283.8,1.56,N,VIIRS_NOAA20_NRT,,
23.6842,86.39041,303.9,0.48,0.4,2026-07-27,2014,N20,VIIRS,n,2.0NRT,282.39,1.56,N,VIIRS_NOAA20_NRT,,
23.68698,86.39572,302.78,0.48,0.4,2026-07-27,2014,N20,VIIRS,n,2.0NRT,282.3,1.56,N,VIIRS_NOAA20_NRT,,
23.68782,86.39115,317.11,0.48,0.4,2026-07-27,2014,N20,VIIRS,n,2.0NRT,283.18,1.56,N,VIIRS_NOAA20_NRT,,
23.71109,86.44884,306.0,0.48,0.4,2026-07-27,2014,N20,VIIRS,n,2.0NRT,275.34,1.15,N,VIIRS_NOAA20_NRT,,
23.71387,86.45422,299.92,0.48,0.4,2026-07-27,2014,N20,VIIRS,n,2.0NRT,275.34,0.44,N,VIIRS_NOAA20_NRT,,
23.71472,86.44961,306.4,0.48,0.4,2026-07-27,2014,N20,VIIRS,n,2.0NRT,275.92,1.15,N,VIIRS_NOAA20_NRT,,
23.73622,86.43498,311.0,0.48,0.4,2026-07-27,2014,N20,VIIRS,n,2.0NRT,277.08,1.26,N,VIIRS_NOAA20_NRT,,
23.73984,86.43575,299.31,0.48,0.4,2026-07-27,2014,N20,VIIRS,n,2.0NRT,275.29,1.26,N,VIIRS_NOAA20_NRT,,
23.76101,86.40191,305.96,0.48,0.4,2026-07-27,2014,N20,VIIRS,n,2.0NRT,278.75,2.2,N,VIIRS_NOAA20_NRT,,
23.76463,86.40267,306.92,0.48,0.4,2026-07-27,2014,N20,VIIRS,n,2.0NRT,276.97,1.26,N,VIIRS_NOAA20_NRT,,
23.76629,86.39349,305.32,0.48,0.4,2026-07-27,2014,N20,VIIRS,n,2.0NRT,280.64,2.37,N,VIIRS_NOAA20_NRT,,
23.76824,86.40347,301.71,0.48,0.4,2026-07-27,2014,N20,VIIRS,n,2.0NRT,278.33,1.26,N,VIIRS_NOAA20_NRT,,
23.77207,86.19599,311.3,0.47,0.39,2026-07-27,2014,N20,VIIRS,n,2.0NRT,287.13,2.29,N,VIIRS_NOAA20_NRT,,
23.77487,86.36668,306.37,0.48,0.4,2026-07-27,2014,N20,VIIRS,n,2.0NRT,282.12,1.51,N,VIIRS_NOAA20_NRT,,
23.7757,86.3621,313.21,0.47,0.4,2026-07-27,2014,N20,VIIRS,n,2.0NRT,282.85,1.51,N,VIIRS_NOAA20_NRT,,
23.77797,86.39115,307.85,0.48,0.4,2026-07-27,2014,N20,VIIRS,n,2.0NRT,280.57,2.19,N,VIIRS_NOAA20_NRT,,
23.7788,86.38654,301.2,0.48,0.4,2026-07-27,2014,N20,VIIRS,n,2.0NRT,280.03,1.46,N,VIIRS_NOAA20_NRT,,
23.77895,86.38825,317.22,0.48,0.4,2026-07-27,2014,N20,VIIRS,n,2.0NRT,281.09,1.36,N,VIIRS_NOAA20_NRT,,
23.78038,86.21173,320.06,0.47,0.4,2026-07-27,2014,N20,VIIRS,n,2.0NRT,285.58,3.24,N,VIIRS_NOAA20_NRT,,
23.78119,86.20722,302.43,0.47,0.4,2026-07-27,2014,N20,VIIRS,n,2.0NRT,282.87,1.71,N,VIIRS_NOAA20_NRT,,
23.78126,85.57247,307.92,0.44,0.38,2026-07-27,2014,N20,VIIRS,n,2.0NRT,287.97,2.01,N,VIIRS_NOAA20_NRT,,
23.78127,86.37281,311.49,0.48,0.4,2026-07-27,2014,N20,VIIRS,n,2.0NRT,281.83,1.85,N,VIIRS_NOAA20_NRT,,
23.7815,86.37453,305.21,0.48,0.4,2026-07-27,2014,N20,VIIRS,n,2.0NRT,281.64,1.33,N,VIIRS_NOAA20_NRT,,
23.78158,86.39191,310.92,0.48,0.4,2026-07-27,2014,N20,VIIRS,n,2.0NRT,281.09,2.33,N,VIIRS_NOAA20_NRT,,
23.78171,86.39363,302.79,0.48,0.4,2026-07-27,2014,N20,VIIRS,n,2.0NRT,281.03,1.36,N,VIIRS_NOAA20_NRT,,
23.78178,86.34913,304.27,0.47,0.4,2026-07-27,2014,N20,VIIRS,n,2.0NRT,283.23,1.34,N,VIIRS_NOAA20_NRT,,
23.78256,86.38902,301.88,0.48,0.4,2026-07-27,2014,N20,VIIRS,n,2.0NRT,280.29,1.36,N,VIIRS_NOAA20_NRT,,
23.78342,86.34,308.86,0.47,0.4,2026-07-27,2014,N20,VIIRS,n,2.0NRT,283.59,1.45,N,VIIRS_NOAA20_NRT,,
23.79294,86.3532,303.07,0.47,0.4,2026-07-27,2014,N20,VIIRS,n,2.0NRT,282.58,1.29,N,VIIRS_NOAA20_NRT,,
23.79655,86.35397,316.81,0.47,0.4,2026-07-27,2014,N20,VIIRS,n,2.0NRT,282.57,1.29,N,VIIRS_NOAA20_NRT,,
23.79739,86.34941,306.09,0.47,0.4,2026-07-27,2014,N20,VIIRS,n,2.0NRT,282.44,1.61,N,VIIRS_NOAA20_NRT,,
23.80437,86.33186,321.85,0.47,0.4,2026-07-27,2014,N20,VIIRS,n,2.0NRT,283.4,1.73,N,VIIRS_NOAA20_NRT,,
23.80521,86.32732,306.57,0.47,0.4,2026-07-27,2014,N20,VIIRS,n,2.0NRT,283.06,1.73,N,VIIRS_NOAA20_NRT,,
23.81078,86.66684,298.72,0.49,0.4,2026-07-27,2014,N20,VIIRS,n,2.0NRT,278.93,1.35,N,VIIRS_NOAA20_NRT,,
24.76422,74.60621,300.32,0.59,0.52,2026-07-27,2014,N20,VIIRS,n,2.0NRT,284.21,1.55,N,VIIRS_NOAA20_NRT,,
25.03373,87.37167,308.72,0.51,0.41,2026-07-27,2014,N20,VIIRS,n,2.0NRT,282.82,1.2,N,VIIRS_NOAA20_NRT,,
26.7613,83.20042,307.66,0.38,0.36,2026-07-27,2014,N20,VIIRS,n,2.0NRT,291.05,0.93,N,VIIRS_NOAA20_NRT,,
28.33815,77.22024,299.52,0.45,0.47,2026-07-27,2014,N20,VIIRS,n,2.0NRT,272.31,0.43,N,VIIRS_NOAA20_NRT,,
28.61224,68.62811,311.23,0.75,0.77,2026-07-27,2014,N20,VIIRS,n,2.0NRT,291.24,4.5,N,VIIRS_NOAA20_NRT,,
8.80101,80.43151,306.21,0.4,0.37,2026-07-27,2017,N20,VIIRS,n,2.0NRT,291.82,1.05,N,VIIRS_NOAA20_NRT,,
9.9089,77.69514,320.55,0.41,0.37,2026-07-27,2017,N20,VIIRS,n,2.0NRT,280.29,1.51,N,VIIRS_NOAA20_NRT,,
9.90947,77.69145,312.91,0.41,0.37,2026-07-27,2017,N20,VIIRS,n,2.0NRT,280.38,1.51,N,VIIRS_NOAA20_NRT,,
9.91226,77.69585,304.26,0.41,0.37,2026-07-27,2017,N20,VIIRS,n,2.0NRT,279.27,0.86,N,VIIRS_NOAA20_NRT,,
10.00832,78.04518,304.72,0.4,0.37,2026-07-27,2017,N20,VIIRS,n,2.0NRT,280.73,0.84,N,VIIRS_NOAA20_NRT,,
13.87575,79.8771,302.3,0.39,0.36,2026-07-27,2017,N20,VIIRS,n,2.0NRT,286.6,1.26,N,VIIRS_NOAA20_NRT,,
14.83786,77.0201,296.95,0.48,0.4,2026-07-27,2017,N20,VIIRS,n,2.0NRT,269.23,0.53,N,VIIRS_NOAA20_NRT,,
14.87402,78.05026,297.4,0.43,0.38,2026-07-27,2017,N20,VIIRS,n,2.0NRT,265.92,0.34,N,VIIRS_NOAA20_NRT,,
15.02492,78.0147,295.85,0.43,0.38,2026-07-27,2017,N20,VIIRS,n,2.0NRT,265.23,0.35,N,VIIRS_NOAA20_NRT,,
15.07199,76.86552,299.79,0.49,0.4,2026-07-27,2017,N20,VIIRS,n,2.0NRT,281.92,0.83,N,VIIRS_NOAA20_NRT,,
15.17695,76.6571,323.31,0.5,0.41,2026-07-27,2017,N20,VIIRS,n,2.0NRT,281.69,2.27,N,VIIRS_NOAA20_NRT,,
15.17741,76.68078,302.08,0.5,0.41,2026-07-27,2017,N20,VIIRS,n,2.0NRT,278.09,1.23,N,VIIRS_NOAA20_NRT,,
15.17761,76.65247,304.82,0.5,0.41,2026-07-27,2017,N20,VIIRS,n,2.0NRT,280.63,2.27,N,VIIRS_NOAA20_NRT,,
15.17806,76.67616,304.64,0.5,0.41,2026-07-27,2017,N20,VIIRS,n,2.0NRT,278.99,1.37,N,VIIRS_NOAA20_NRT,,
15.18311,76.66744,310.65,0.5,0.41,2026-07-27,2017,N20,VIIRS,n,2.0NRT,280.5,2.02,N,VIIRS_NOAA20_NRT,,
15.18619,76.6726,306.29,0.5,0.41,2026-07-27,2017,N20,VIIRS,n,2.0NRT,279.96,2.08,N,VIIRS_NOAA20_NRT,,
15.18816,76.65874,306.13,0.5,0.41,2026-07-27,2017,N20,VIIRS,n,2.0NRT,283.21,2.14,N,VIIRS_NOAA20_NRT,,
17.06327,76.98074,295.91,0.51,0.41,2026-07-27,2017,N20,VIIRS,n,2.0NRT,271.11,1.1,N,VIIRS_NOAA20_NRT,,
18.68628,73.03201,302.53,0.62,0.54,2026-07-27,2017,N20,VIIRS,n,2.0NRT,277.54,2.15,N,VIIRS_NOAA20_NRT,,
18.68806,73.0277,299.39,0.62,0.54,2026-07-27,2017,N20,VIIRS,n,2.0NRT,277.02,2.08,N,VIIRS_NOAA20_NRT,,
11.58541,79.1995,310.05,0.39,0.36,2026-07-27,2019,N20,VIIRS,n,2.0NRT,281.42,0.65,N,VIIRS_NOAA20_NRT,,
11.81513,79.1644,309.2,0.39,0.36,2026-07-27,2019,N20,VIIRS,n,2.0NRT,288.78,1.71,N,VIIRS_NOAA20_NRT,,
11.81628,77.91653,319.32,0.41,0.37,2026-07-27,2019,N20,VIIRS,n,2.0NRT,291.92,1.85,N,VIIRS_NOAA20_NRT,,
11.8344,79.7354,326.09,0.38,0.36,2026-07-27,2019,N20,VIIRS,n,2.0NRT,289.75,2.88,N,VIIRS_NOAA20_NRT,,
12.59023,79.35764,309.03,0.39,0.36,2026-07-27,2019,N20,VIIRS,n,2.0NRT,288.3,0.98,N,VIIRS_NOAA20_NRT,,
13.21343,80.25954,306.52,0.38,0.36,2026-07-27,2019,N20,VIIRS,n,2.0NRT,290.28,2.36,N,VIIRS_NOAA20_NRT,,
13.39186,80.10162,317.72,0.38,0.36,2026-07-27,2019,N20,VIIRS,n,2.0NRT,289.15,2.81,N,VIIRS_NOAA20_NRT,,
13.50072,80.01127,309.42,0.38,0.36,2026-07-27,2019,N20,VIIRS,n,2.0NRT,282.32,1.54,N,VIIRS_NOAA20_NRT,,
25.38882,68.58273,312.03,0.41,0.61,2026-07-27,2153,N20,VIIRS,n,2.0NRT,292.59,3.18,N,VIIRS_NOAA20_NRT,,
26.09447,68.87867,311.62,0.41,0.61,2026-07-27,2153,N20,VIIRS,n,2.0NRT,293.48,0.68,N,VIIRS_NOAA20_NRT,,
28.61153,68.6328,308.01,0.35,0.57,2026-07-27,2153,N20,VIIRS,n,2.0NRT,293.99,0.94,N,VIIRS_NOAA20_NRT,,
32.29622,70.7324,308.2,0.38,0.59,2026-07-27,2153,N20,VIIRS,n,2.0NRT,291.02,3.06,N,VIIRS_NOAA20_NRT,,
32.37892,72.13711,306.65,0.46,0.63,2026-07-27,2153,N20,VIIRS,n,2.0NRT,292.78,2.3,N,VIIRS_NOAA20_NRT,,
32.57452,72.5631,306.25,0.48,0.64,2026-07-27,2153,N20,VIIRS,n,2.0NRT,291.19,3.87,N,VIIRS_NOAA20_NRT,,
32.89029,71.61541,309.09,0.41,0.61,2026-07-27,2153,N20,VIIRS,n,2.0NRT,292.92,3.17,N,VIIRS_NOAA20_NRT,,
32.89035,71.61478,308.43,0.41,0.61,2026-07-27,2153,N20,VIIRS,n,2.0NRT,292.96,3.16,N,VIIRS_NOAA20_NRT,,
23.25602,70.26205,303.27,0.58,0.7,2026-07-27,2155,N20,VIIRS,n,2.0NRT,287.1,0.86,N,VIIRS_NOAA20_NRT,,
8.02823,81.19887,338.42,0.37,0.58,2026-07-28,724,N20,VIIRS,n,2.0NRT,294.48,3.92,D,VIIRS_NOAA20_NRT,,
8.65504,81.13882,339.29,0.37,0.58,2026-07-28,724,N20,VIIRS,n,2.0NRT,294.34,5.66,D,VIIRS_NOAA20_NRT,,
8.65584,81.13966,344.91,0.37,0.58,2026-07-28,724,N20,VIIRS,n,2.0NRT,293.07,6.35,D,VIIRS_NOAA20_NRT,,
9.47767,77.60773,330.87,0.62,0.71,2026-07-28,724,N20,VIIRS,n,2.0NRT,289.0,4.92,D,VIIRS_NOAA20_NRT,,
9.79935,78.23251,342.67,0.55,0.68,2026-07-28,724,N20,VIIRS,n,2.0NRT,292.37,6.47,D,VIIRS_NOAA20_NRT,,
9.84247,78.26484,350.98,0.55,0.68,2026-07-28,724,N20,VIIRS,n,2.0NRT,292.34,12.29,D,VIIRS_NOAA20_NRT,,
9.84396,78.26462,347.53,0.55,0.68,2026-07-28,724,N20,VIIRS,n,2.0NRT,292.23,6.7,D,VIIRS_NOAA20_NRT,,
9.84488,78.26949,330.11,0.55,0.68,2026-07-28,724,N20,VIIRS,n,2.0NRT,291.47,6.7,D,VIIRS_NOAA20_NRT,,
10.20074,78.83664,342.84,0.49,0.65,2026-07-28,724,N20,VIIRS,n,2.0NRT,292.25,6.49,D,VIIRS_NOAA20_NRT,,
10.39955,79.55362,332.62,0.44,0.62,2026-07-28,724,N20,VIIRS,n,2.0NRT,293.22,2.05,D,VIIRS_NOAA20_NRT,,
10.85421,78.98843,332.07,0.47,0.64,2026-07-28,724,N20,VIIRS,n,2.0NRT,288.45,3.82,D,VIIRS_NOAA20_NRT,,
25.06507,75.83813,339.31,0.39,0.59,2026-07-28,729,N20,VIIRS,n,2.0NRT,286.85,2.33,D,VIIRS_NOAA20_NRT,,
26.58543,87.01195,334.93,0.39,0.36,2026-07-28,729,N20,VIIRS,n,2.0NRT,295.19,2.4,D,VIIRS_NOAA20_NRT,,
30.07179,72.13901,340.45,0.5,0.65,2026-07-28,729,N20,VIIRS,n,2.0NRT,293.49,4.4,D,VIIRS_NOAA20_NRT,,
30.5567,72.01841,332.74,0.49,0.65,2026-07-28,729,N20,VIIRS,n,2.0NRT,293.7,4.58,D,VIIRS_NOAA20_NRT,,
31.41839,72.39006,333.71,0.44,0.63,2026-07-28,729,N20,VIIRS,n,2.0NRT,293.9,2.57,D,VIIRS_NOAA20_NRT,,
9.51646,77.78674,332.43,0.69,0.74,2026-07-28,905,N20,VIIRS,n,2.0NRT,288.43,10.87,D,VIIRS_NOAA20_NRT,,
9.51723,77.79315,347.97,0.69,0.74,2026-07-28,905,N20,VIIRS,n,2.0NRT,290.13,13.07,D,VIIRS_NOAA20_NRT,,
9.79212,77.44984,330.39,0.66,0.73,2026-07-28,905,N20,VIIRS,n,2.0NRT,289.15,5.37,D,VIIRS_NOAA20_NRT,,
9.9769,78.00116,336.03,0.72,0.75,2026-07-28,905,N20,VIIRS,n,2.0NRT,287.98,3.83,D,VIIRS_NOAA20_NRT,,
18.57381,72.24184,335.35,0.38,0.59,2026-07-28,907,N20,VIIRS,n,2.0NRT,287.0,6.71,D,VIIRS_NOAA20_NRT,,
18.5761,72.24421,331.88,0.38,0.59,2026-07-28,907,N20,VIIRS,n,2.0NRT,286.89,6.82,D,VIIRS_NOAA20_NRT,,
19.56529,71.35509,350.33,0.34,0.56,2026-07-28,907,N20,VIIRS,n,2.0NRT,288.85,12.41,D,VIIRS_NOAA20_NRT,,
19.56562,71.35837,356.34,0.34,0.56,2026-07-28,907,N20,VIIRS,l,2.0NRT,287.98,12.41,D,VIIRS_NOAA20_NRT,,
21.10315,72.64895,335.93,0.43,0.62,2026-07-28,907,N20,VIIRS,n,2.0NRT,286.19,5.08,D,VIIRS_NOAA20_NRT,,
27.39189,72.15485,337.98,0.47,0.64,2026-07-28,909,N20,VIIRS,n,2.0NRT,294.27,2.5,D,VIIRS_NOAA20_NRT,,
27.40971,70.83246,338.88,0.39,0.59,2026-07-28,909,N20,VIIRS,n,2.0NRT,296.59,2.88,D,VIIRS_NOAA20_NRT,,
28.85537,70.32332,333.19,0.37,0.58,2026-07-28,909,N20,VIIRS,n,2.0NRT,296.31,6.32,D,VIIRS_NOAA20_NRT,,
29.24726,70.649,336.99,0.4,0.6,2026-07-28,909,N20,VIIRS,n,2.0NRT,298.91,2.38,D,VIIRS_NOAA20_NRT,,
29.24751,70.64918,337.61,0.4,0.6,2026-07-28,909,N20,VIIRS,n,2.0NRT,299.18,2.53,D,VIIRS_NOAA20_NRT,,
29.88697,72.23604,331.62,0.5,0.66,2026-07-28,909,N20,VIIRS,n,2.0NRT,290.81,3.08,D,VIIRS_NOAA20_NRT,,
29.89231,72.23716,346.02,0.5,0.66,2026-07-28,909,N20,VIIRS,n,2.0NRT,290.64,7.51,D,VIIRS_NOAA20_NRT,,
30.06989,71.49194,340.55,0.45,0.63,2026-07-28,909,N20,VIIRS,n,2.0NRT,294.05,6.87,D,VIIRS_NOAA20_NRT,,
36.95264,80.30575,299.4,0.35,0.57,2026-07-28,1951,N20,VIIRS,n,2.0NRT,282.53,0.83,N,VIIRS_NOAA20_NRT,,
28.66204,77.57845,302.64,0.42,0.61,2026-07-28,1953,N20,VIIRS,n,2.0NRT,282.59,2.4,N,VIIRS_NOAA20_NRT,,
29.08527,88.01318,308.45,0.39,0.36,2026-07-28,1953,N20,VIIRS,n,2.0NRT,278.34,0.99,N,VIIRS_NOAA20_NRT,,
29.22449,88.3497,302.76,0.39,0.36,2026-07-28,1953,N20,VIIRS,n,2.0NRT,279.84,1.06,N,VIIRS_NOAA20_NRT,,
19.9391,73.71044,296.32,0.6,0.7,2026-07-28,1955,N20,VIIRS,n,2.0NRT,283.79,1.11,N,VIIRS_NOAA20_NRT,,
22.05493,88.12341,307.86,0.39,0.36,2026-07-28,1955,N20,VIIRS,n,2.0NRT,291.4,2.99,N,VIIRS_NOAA20_NRT,,
22.08788,88.11028,308.84,0.39,0.36,2026-07-28,1955,N20,VIIRS,n,2.0NRT,290.7,1.5,N,VIIRS_NOAA20_NRT,,
22.36485,87.3033,308.89,0.38,0.36,2026-07-28,1955,N20,VIIRS,n,2.0NRT,289.92,1.09,N,VIIRS_NOAA20_NRT,,
22.36544,87.29961,309.69,0.38,0.36,2026-07-28,1955,N20,VIIRS,n,2.0NRT,288.7,1.09,N,VIIRS_NOAA20_NRT,,
22.38035,87.29095,304.7,0.38,0.36,2026-07-28,1955,N20,VIIRS,n,2.0NRT,289.65,1.33,N,VIIRS_NOAA20_NRT,,
22.87175,88.21294,307.27,0.39,0.36,2026-07-28,1955,N20,VIIRS,n,2.0NRT,290.16,1.99,N,VIIRS_NOAA20_NRT,,
23.40276,87.28404,303.54,0.38,0.36,2026-07-28,1955,N20,VIIRS,n,2.0NRT,290.4,1.24,N,VIIRS_NOAA20_NRT,,
23.48285,87.35993,299.46,0.38,0.36,2026-07-28,1955,N20,VIIRS,n,2.0NRT,276.47,0.94,N,VIIRS_NOAA20_NRT,,
23.56345,87.08337,305.61,0.38,0.36,2026-07-28,1955,N20,VIIRS,n,2.0NRT,284.72,1.33,N,VIIRS_NOAA20_NRT,,
23.64573,85.44012,297.83,0.41,0.37,2026-07-28,1955,N20,VIIRS,n,2.0NRT,286.01,1.2,N,VIIRS_NOAA20_NRT,,
23.64641,85.43906,310.57,0.41,0.37,2026-07-28,1955,N20,VIIRS,n,2.0NRT,286.72,0.95,N,VIIRS_NOAA20_NRT,,
23.6498,85.43965,299.23,0.41,0.37,2026-07-28,1955,N20,VIIRS,n,2.0NRT,286.94,0.95,N,VIIRS_NOAA20_NRT,,
23.6795,86.09862,302.25,0.4,0.37,2026-07-28,1955,N20,VIIRS,n,2.0NRT,290.66,1.27,N,VIIRS_NOAA20_NRT,,
23.69325,87.12199,304.78,0.38,0.36,2026-07-28,1955,N20,VIIRS,n,2.0NRT,284.91,1.01,N,VIIRS_NOAA20_NRT,,
23.73513,86.4296,299.11,0.39,0.36,2026-07-28,1955,N20,VIIRS,n,2.0NRT,288.49,1.11,N,VIIRS_NOAA20_NRT,,
23.73787,86.434,313.13,0.39,0.36,2026-07-28,1955,N20,VIIRS,n,2.0NRT,290.93,1.43,N,VIIRS_NOAA20_NRT,,
23.73845,86.4302,303.86,0.39,0.36,2026-07-28,1955,N20,VIIRS,n,2.0NRT,289.95,1.43,N,VIIRS_NOAA20_NRT,,
23.75356,86.39774,301.31,0.39,0.36,2026-07-28,1955,N20,VIIRS,n,2.0NRT,290.26,1.53,N,VIIRS_NOAA20_NRT,,
23.75688,86.39833,304.44,0.39,0.36,2026-07-28,1955,N20,VIIRS,n,2.0NRT,290.31,1.26,N,VIIRS_NOAA20_NRT,,
23.75745,86.39452,302.77,0.39,0.36,2026-07-28,1955,N20,VIIRS,n,2.0NRT,290.36,1.26,N,VIIRS_NOAA20_NRT,,
23.76796,86.01116,306.45,0.4,0.37,2026-07-28,1955,N20,VIIRS,n,2.0NRT,290.75,2.07,N,VIIRS_NOAA20_NRT,,
23.77085,85.99182,304.4,0.4,0.37,2026-07-28,1955,N20,VIIRS,n,2.0NRT,290.45,1.83,N,VIIRS_NOAA20_NRT,,
23.77851,86.39049,300.56,0.39,0.36,2026-07-28,1955,N20,VIIRS,n,2.0NRT,289.16,0.46,N,VIIRS_NOAA20_NRT,,
23.78101,85.57171,300.96,0.41,0.37,2026-07-28,1955,N20,VIIRS,n,2.0NRT,287.17,1.22,N,VIIRS_NOAA20_NRT,,
23.78159,85.56775,301.29,0.41,0.37,2026-07-28,1955,N20,VIIRS,n,2.0NRT,288.12,1.71,N,VIIRS_NOAA20_NRT,,
23.78183,86.39109,301.14,0.39,0.36,2026-07-28,1955,N20,VIIRS,n,2.0NRT,288.91,0.46,N,VIIRS_NOAA20_NRT,,
23.78599,86.3409,311.93,0.39,0.36,2026-07-28,1955,N20,VIIRS,n,2.0NRT,290.84,1.62,N,VIIRS_NOAA20_NRT,,
23.79423,86.35414,306.86,0.39,0.36,2026-07-28,1955,N20,VIIRS,n,2.0NRT,290.45,1.48,N,VIIRS_NOAA20_NRT,,
23.80433,86.33243,307.67,0.39,0.36,2026-07-28,1955,N20,VIIRS,n,2.0NRT,290.68,2.0,N,VIIRS_NOAA20_NRT,,
23.80491,86.32861,307.93,0.39,0.36,2026-07-28,1955,N20,VIIRS,n,2.0NRT,289.29,0.91,N,VIIRS_NOAA20_NRT,,
12.09366,77.0476,299.67,0.57,0.52,2026-07-28,1957,N20,VIIRS,n,2.0NRT,279.71,0.63,N,VIIRS_NOAA20_NRT,,
12.10975,79.87855,296.73,0.56,0.43,2026-07-28,1957,N20,VIIRS,n,2.0NRT,265.56,0.28,N,VIIRS_NOAA20_NRT,,
12.84982,79.90521,328.55,0.57,0.43,2026-07-28,1957,N20,VIIRS,n,2.0NRT,289.22,6.33,N,VIIRS_NOAA20_NRT,,
12.85139,79.90334,330.05,0.57,0.43,2026-07-28,1957,N20,VIIRS,n,2.0NRT,289.42,6.18,N,VIIRS_NOAA20_NRT,,
12.88945,79.85281,305.1,0.38,0.43,2026-07-28,1957,N20,VIIRS,n,2.0NRT,287.0,0.87,N,VIIRS_NOAA20_NRT,,
13.18421,79.82563,303.98,0.39,0.44,2026-07-28,1957,N20,VIIRS,n,2.0NRT,284.27,1.44,N,VIIRS_NOAA20_NRT,,
13.20364,80.2969,304.89,0.55,0.42,2026-07-28,1957,N20,VIIRS,n,2.0NRT,282.56,1.36,N,VIIRS_NOAA20_NRT,,
13.70969,79.6204,306.55,0.41,0.45,2026-07-28,1957,N20,VIIRS,n,2.0NRT,285.03,1.32,N,VIIRS_NOAA20_NRT,,
8.74396,80.23361,318.22,0.49,0.4,2026-07-28,2000,N20,VIIRS,n,2.0NRT,292.59,3.22,N,VIIRS_NOAA20_NRT,,
9.52069,77.78711,339.01,0.47,0.48,2026-07-28,2000,N20,VIIRS,n,2.0NRT,293.75,9.24,N,VIIRS_NOAA20_NRT,,
28.42709,69.70041,310.03,0.43,0.46,2026-07-28,2133,N20,VIIRS,n,2.0NRT,295.63,0.8,N,VIIRS_NOAA20_NRT,,
28.60687,68.63566,317.23,0.56,0.43,2026-07-28,2133,N20,VIIRS,n,2.0NRT,296.29,2.1,N,VIIRS_NOAA20_NRT,,
28.60785,68.63142,315.01,0.56,0.43,2026-07-28,2133,N20,VIIRS,n,2.0NRT,296.46,0.95,N,VIIRS_NOAA20_NRT,,
32.29338,70.73141,306.13,0.41,0.45,2026-07-28,2133,N20,VIIRS,n,2.0NRT,285.53,3.1,N,VIIRS_NOAA20_NRT,,
33.5462,71.54992,307.54,0.43,0.46,2026-07-28,2133,N20,VIIRS,n,2.0NRT,291.05,2.54,N,VIIRS_NOAA20_NRT,,
25.94407,72.19524,305.41,0.34,0.56,2026-07-28,2136,N20,VIIRS,n,2.0NRT,288.2,0.89,N,VIIRS_NOAA20_NRT,,
20.78396,85.2625,331.54,0.48,0.48,2026-07-29,707,N20,VIIRS,n,2.0NRT,290.51,4.96,D,VIIRS_NOAA20_NRT,,
20.79133,85.25372,342.78,0.48,0.48,2026-07-29,707,N20,VIIRS,n,2.0NRT,289.55,6.94,D,VIIRS_NOAA20_NRT,,
20.79184,85.2561,341.6,0.48,0.48,2026-07-29,707,N20,VIIRS,n,2.0NRT,289.57,10.06,D,VIIRS_NOAA20_NRT,,
20.86143,84.98876,336.27,0.5,0.49,2026-07-29,707,N20,VIIRS,n,2.0NRT,288.14,4.17,D,VIIRS_NOAA20_NRT,,
23.69703,86.07602,339.34,0.38,0.44,2026-07-29,707,N20,VIIRS,n,2.0NRT,287.31,10.21,D,VIIRS_NOAA20_NRT,,
23.80213,86.33046,328.62,0.56,0.43,2026-07-29,707,N20,VIIRS,n,2.0NRT,284.32,3.44,D,VIIRS_NOAA20_NRT,,
25.21176,94.06576,333.74,0.45,0.39,2026-07-29,707,N20,VIIRS,n,2.0NRT,293.87,4.06,D,VIIRS_NOAA20_NRT,,
8.54793,80.86811,335.55,0.51,0.66,2026-07-29,845,N20,VIIRS,n,2.0NRT,290.26,5.53,D,VIIRS_NOAA20_NRT,,
8.56658,78.06514,342.31,0.33,0.55,2026-07-29,845,N20,VIIRS,n,2.0NRT,294.53,3.35,D,VIIRS_NOAA20_NRT,,
8.75689,78.1835,336.7,0.34,0.56,2026-07-29,845,N20,VIIRS,n,2.0NRT,296.96,2.79,D,VIIRS_NOAA20_NRT,,
8.78999,78.09714,337.86,0.33,0.56,2026-07-29,845,N20,VIIRS,n,2.0NRT,297.39,2.05,D,VIIRS_NOAA20_NRT,,
8.9066,77.81872,343.17,0.32,0.55,2026-07-29,845,N20,VIIRS,n,2.0NRT,297.89,3.52,D,VIIRS_NOAA20_NRT,,
8.90691,80.49644,331.52,0.49,0.65,2026-07-29,845,N20,VIIRS,n,2.0NRT,288.6,4.93,D,VIIRS_NOAA20_NRT,,
8.97972,80.68224,332.52,0.5,0.66,2026-07-29,845,N20,VIIRS,n,2.0NRT,288.87,4.4,D,VIIRS_NOAA20_NRT,,
9.08483,79.7514,330.32,0.44,0.62,2026-07-29,845,N20,VIIRS,n,2.0NRT,288.61,3.44,D,VIIRS_NOAA20_NRT,,
9.26515,77.67522,332.43,0.63,0.54,2026-07-29,845,N20,VIIRS,n,2.0NRT,297.04,2.25,D,VIIRS_NOAA20_NRT,,
9.28648,77.98424,332.52,0.33,0.55,2026-07-29,845,N20,VIIRS,n,2.0NRT,294.33,1.7,D,VIIRS_NOAA20_NRT,,
9.51966,77.7891,343.72,0.33,0.55,2026-07-29,845,N20,VIIRS,n,2.0NRT,298.45,2.67,D,VIIRS_NOAA20_NRT,,
23.75693,68.98022,335.85,0.44,0.39,2026-07-29,850,N20,VIIRS,n,2.0NRT,299.08,2.51,D,VIIRS_NOAA20_NRT,,
27.7676,68.72306,332.01,0.47,0.4,2026-07-29,852,N20,VIIRS,l,2.0NRT,305.41,4.29,D,VIIRS_NOAA20_NRT,,
28.71936,71.03268,330.23,0.43,0.46,2026-07-29,852,N20,VIIRS,l,2.0NRT,304.15,6.36,D,VIIRS_NOAA20_NRT,,
28.96471,71.29626,344.53,0.44,0.46,2026-07-29,852,N20,VIIRS,n,2.0NRT,303.81,24.64,D,VIIRS_NOAA20_NRT,,
28.96623,71.29887,345.85,0.44,0.46,2026-07-29,852,N20,VIIRS,n,2.0NRT,303.19,25.69,D,VIIRS_NOAA20_NRT,,
29.49056,71.44155,330.65,0.46,0.47,2026-07-29,852,N20,VIIRS,n,2.0NRT,297.68,2.35,D,VIIRS_NOAA20_NRT,,
29.49294,71.77105,353.46,0.48,0.48,2026-07-29,852,N20,VIIRS,n,2.0NRT,298.81,12.76,D,VIIRS_NOAA20_NRT,,
29.49737,71.77049,342.68,0.48,0.48,2026-07-29,852,N20,VIIRS,n,2.0NRT,296.97,12.76,D,VIIRS_NOAA20_NRT,,
29.63653,71.60503,331.39,0.47,0.48,2026-07-29,852,N20,VIIRS,n,2.0NRT,296.8,2.5,D,VIIRS_NOAA20_NRT,,
29.67154,72.17693,341.91,0.51,0.49,2026-07-29,852,N20,VIIRS,n,2.0NRT,294.53,8.05,D,VIIRS_NOAA20_NRT,,
29.7226,72.27131,336.6,0.52,0.5,2026-07-29,852,N20,VIIRS,n,2.0NRT,287.98,6.55,D,VIIRS_NOAA20_NRT,,
29.78491,72.34041,330.79,0.52,0.5,2026-07-29,852,N20,VIIRS,n,2.0NRT,288.93,3.23,D,VIIRS_NOAA20_NRT,,
29.8473,72.46932,335.54,0.53,0.5,2026-07-29,852,N20,VIIRS,n,2.0NRT,294.04,4.22,D,VIIRS_NOAA20_NRT,,
29.97464,72.81752,340.15,0.56,0.52,2026-07-29,852,N20,VIIRS,n,2.0NRT,295.53,5.92,D,VIIRS_NOAA20_NRT,,
29.97533,72.81602,336.11,0.56,0.52,2026-07-29,852,N20,VIIRS,n,2.0NRT,295.13,6.37,D,VIIRS_NOAA20_NRT,,
30.07631,73.35841,330.97,0.61,0.53,2026-07-29,852,N20,VIIRS,n,2.0NRT,293.16,2.95,D,VIIRS_NOAA20_NRT,,
30.29681,73.75539,335.3,0.32,0.55,2026-07-29,852,N20,VIIRS,n,2.0NRT,293.21,2.19,D,VIIRS_NOAA20_NRT,,
30.50701,73.73204,330.77,0.32,0.55,2026-07-29,852,N20,VIIRS,n,2.0NRT,293.38,3.37,D,VIIRS_NOAA20_NRT,,
30.50728,73.73544,331.25,0.32,0.55,2026-07-29,852,N20,VIIRS,n,2.0NRT,292.47,3.49,D,VIIRS_NOAA20_NRT,,
30.68874,71.80236,341.26,0.5,0.49,2026-07-29,852,N20,VIIRS,n,2.0NRT,294.3,6.58,D,VIIRS_NOAA20_NRT,,
30.74141,71.96715,330.85,0.51,0.49,2026-07-29,852,N20,VIIRS,n,2.0NRT,291.04,4.22,D,VIIRS_NOAA20_NRT,,
22.359,87.2905,306.47,0.53,0.42,2026-07-29,1936,N20,VIIRS,n,2.0NRT,288.42,1.31,N,VIIRS_NOAA20_NRT,,
22.36102,87.01906,308.25,0.55,0.42,2026-07-29,1936,N20,VIIRS,n,2.0NRT,288.3,2.39,N,VIIRS_NOAA20_NRT,,
22.36206,87.01524,306.26,0.55,0.42,2026-07-29,1936,N20,VIIRS,n,2.0NRT,288.43,1.38,N,VIIRS_NOAA20_NRT,,
22.3649,87.01965,305.79,0.55,0.42,2026-07-29,1936,N20,VIIRS,n,2.0NRT,288.71,2.14,N,VIIRS_NOAA20_NRT,,
22.36596,87.01585,305.96,0.55,0.42,2026-07-29,1936,N20,VIIRS,n,2.0NRT,288.71,1.38,N,VIIRS_NOAA20_NRT,,
22.38013,87.27805,302.88,0.53,0.42,2026-07-29,1936,N20,VIIRS,n,2.0NRT,288.06,2.07,N,VIIRS_NOAA20_NRT,,
22.78704,86.00527,303.89,0.42,0.45,2026-07-29,1936,N20,VIIRS,n,2.0NRT,289.48,1.38,N,VIIRS_NOAA20_NRT,,
22.79004,86.21089,304.05,0.41,0.45,2026-07-29,1936,N20,VIIRS,n,2.0NRT,289.17,1.07,N,VIIRS_NOAA20_NRT,,
22.79051,86.20689,301.93,0.41,0.45,2026-07-29,1936,N20,VIIRS,n,2.0NRT,288.67,1.07,N,VIIRS_NOAA20_NRT,,
22.79113,86.21172,306.65,0.41,0.45,2026-07-29,1936,N20,VIIRS,n,2.0NRT,289.4,2.51,N,VIIRS_NOAA20_NRT,,
22.79193,86.19486,307.72,0.41,0.45,2026-07-29,1936,N20,VIIRS,n,2.0NRT,288.81,1.18,N,VIIRS_NOAA20_NRT,,
22.79312,86.19575,308.54,0.41,0.45,2026-07-29,1936,N20,VIIRS,n,2.0NRT,288.85,1.46,N,VIIRS_NOAA20_NRT,,
22.79361,86.19175,307.8,0.41,0.45,2026-07-29,1936,N20,VIIRS,n,2.0NRT,288.8,1.46,N,VIIRS_NOAA20_NRT,,
22.79605,86.19547,307.18,0.41,0.45,2026-07-29,1936,N20,VIIRS,n,2.0NRT,289.15,1.18,N,VIIRS_NOAA20_NRT,,
22.79673,86.20034,308.29,0.41,0.45,2026-07-29,1936,N20,VIIRS,n,2.0NRT,289.21,2.59,N,VIIRS_NOAA20_NRT,,
22.81076,86.08765,304.53,0.42,0.45,2026-07-29,1936,N20,VIIRS,n,2.0NRT,289.26,1.69,N,VIIRS_NOAA20_NRT,,
22.81711,86.08775,302.61,0.42,0.45,2026-07-29,1936,N20,VIIRS,n,2.0NRT,289.23,1.28,N,VIIRS_NOAA20_NRT,,
23.68531,87.1212,298.71,0.56,0.43,2026-07-29,1936,N20,VIIRS,n,2.0NRT,278.9,1.64,N,VIIRS_NOAA20_NRT,,
23.68925,87.1218,300.51,0.56,0.43,2026-07-29,1936,N20,VIIRS,n,2.0NRT,278.24,1.61,N,VIIRS_NOAA20_NRT,,
23.69318,87.12241,304.39,0.56,0.43,2026-07-29,1936,N20,VIIRS,n,2.0NRT,278.81,1.61,N,VIIRS_NOAA20_NRT,,
23.71317,86.45175,320.03,0.41,0.45,2026-07-29,1936,N20,VIIRS,n,2.0NRT,288.49,2.37,N,VIIRS_NOAA20_NRT,,
23.71875,86.44035,303.06,0.41,0.45,2026-07-29,1936,N20,VIIRS,n,2.0NRT,288.3,1.54,N,VIIRS_NOAA20_NRT,,
23.72285,86.44096,303.58,0.41,0.45,2026-07-29,1936,N20,VIIRS,n,2.0NRT,289.15,1.8,N,VIIRS_NOAA20_NRT,,
23.72695,86.44157,308.27,0.41,0.45,2026-07-29,1936,N20,VIIRS,n,2.0NRT,288.95,1.8,N,VIIRS_NOAA20_NRT,,
23.73512,86.43327,303.33,0.41,0.45,2026-07-29,1936,N20,VIIRS,n,2.0NRT,288.69,1.05,N,VIIRS_NOAA20_NRT,,
23.73559,86.42928,305.46,0.41,0.45,2026-07-29,1936,N20,VIIRS,n,2.0NRT,288.31,1.05,N,VIIRS_NOAA20_NRT,,
23.73615,86.43474,312.11,0.41,0.45,2026-07-29,1936,N20,VIIRS,n,2.0NRT,288.96,1.81,N,VIIRS_NOAA20_NRT,,
23.73664,86.43075,308.5,0.41,0.45,2026-07-29,1936,N20,VIIRS,n,2.0NRT,288.54,1.81,N,VIIRS_NOAA20_NRT,,
23.73923,86.4339,319.13,0.41,0.45,2026-07-29,1936,N20,VIIRS,n,2.0NRT,289.29,2.57,N,VIIRS_NOAA20_NRT,,
23.74932,86.41909,303.41,0.41,0.45,2026-07-29,1936,N20,VIIRS,n,2.0NRT,288.5,1.52,N,VIIRS_NOAA20_NRT,,
23.7539,86.41571,310.98,0.41,0.45,2026-07-29,1936,N20,VIIRS,n,2.0NRT,288.44,1.52,N,VIIRS_NOAA20_NRT,,
23.75943,86.4042,307.65,0.41,0.45,2026-07-29,1936,N20,VIIRS,n,2.0NRT,287.72,1.19,N,VIIRS_NOAA20_NRT,,
23.75991,86.40013,311.39,0.41,0.45,2026-07-29,1936,N20,VIIRS,n,2.0NRT,287.54,1.19,N,VIIRS_NOAA20_NRT,,
23.76355,86.40484,312.07,0.41,0.45,2026-07-29,1936,N20,VIIRS,n,2.0NRT,287.54,1.19,N,VIIRS_NOAA20_NRT,,
23.76403,86.40075,308.82,0.41,0.45,2026-07-29,1936,N20,VIIRS,n,2.0NRT,287.25,1.19,N,VIIRS_NOAA20_NRT,,
23.76767,86.40541,322.04,0.41,0.45,2026-07-29,1936,N20,VIIRS,n,2.0NRT,288.51,2.19,N,VIIRS_NOAA20_NRT,,
23.76814,86.40134,308.8,0.41,0.45,2026-07-29,1936,N20,VIIRS,n,2.0NRT,287.97,2.19,N,VIIRS_NOAA20_NRT,,
23.7777,86.21172,301.44,0.42,0.45,2026-07-29,1936,N20,VIIRS,n,2.0NRT,286.9,2.29,N,VIIRS_NOAA20_NRT,,
23.7778,86.39053,305.89,0.41,0.45,2026-07-29,1936,N20,VIIRS,n,2.0NRT,287.79,0.94,N,VIIRS_NOAA20_NRT,,
23.77818,86.20757,303.71,0.42,0.45,2026-07-29,1936,N20,VIIRS,n,2.0NRT,286.85,2.6,N,VIIRS_NOAA20_NRT,,
23.77828,86.38651,303.16,0.41,0.45,2026-07-29,1936,N20,VIIRS,n,2.0NRT,287.43,0.94,N,VIIRS_NOAA20_NRT,,
23.78192,86.39115,304.53,0.41,0.45,2026-07-29,1936,N20,VIIRS,n,2.0NRT,287.88,0.94,N,VIIRS_NOAA20_NRT,,
23.79495,86.28111,301.73,0.42,0.45,2026-07-29,1936,N20,VIIRS,n,2.0NRT,287.64,0.83,N,VIIRS_NOAA20_NRT,,
24.16361,82.63004,303.14,0.36,0.57,2026-07-29,1936,N20,VIIRS,n,2.0NRT,271.32,1.08,N,VIIRS_NOAA20_NRT,,
26.6431,79.47668,307.4,0.6,0.71,2026-07-29,1936,N20,VIIRS,n,2.0NRT,277.2,1.36,N,VIIRS_NOAA20_NRT,,
17.60863,83.20387,313.66,0.54,0.51,2026-07-29,1938,N20,VIIRS,n,2.0NRT,269.96,2.82,N,VIIRS_NOAA20_NRT,,
20.96526,86.01318,303.55,0.4,0.44,2026-07-29,1938,N20,VIIRS,n,2.0NRT,270.52,1.24,N,VIIRS_NOAA20_NRT,,
20.97437,86.00664,295.85,0.4,0.44,2026-07-29,1938,N20,VIIRS,n,2.0NRT,267.25,1.2,N,VIIRS_NOAA20_NRT,,
21.0777,85.03649,297.4,0.46,0.47,2026-07-29,1938,N20,VIIRS,n,2.0NRT,269.82,1.14,N,VIIRS_NOAA20_NRT,,
21.92747,85.22311,307.83,0.46,0.47,2026-07-29,1938,N20,VIIRS,n,2.0NRT,287.4,0.9,N,VIIRS_NOAA20_NRT,,
21.9318,85.22376,301.64,0.46,0.47,2026-07-29,1938,N20,VIIRS,n,2.0NRT,286.69,0.9,N,VIIRS_NOAA20_NRT,,
21.98697,83.23443,302.37,0.62,0.54,2026-07-29,1938,N20,VIIRS,n,2.0NRT,284.21,2.67,N,VIIRS_NOAA20_NRT,,
8.76018,78.18037,304.69,0.45,0.63,2026-07-29,1940,N20,VIIRS,n,2.0NRT,273.34,1.41,N,VIIRS_NOAA20_NRT,,
9.68003,78.33997,309.84,0.45,0.63,2026-07-29,1940,N20,VIIRS,n,2.0NRT,265.72,0.71,N,VIIRS_NOAA20_NRT,,
32.72057,72.92502,306.1,0.46,0.39,2026-07-29,2114,N20,VIIRS,n,2.0NRT,291.12,1.2,N,VIIRS_NOAA20_NRT,,
33.54711,71.55184,299.31,0.41,0.37,2026-07-29,2114,N20,VIIRS,n,2.0NRT,275.42,0.7,N,VIIRS_NOAA20_NRT,,
34.50617,69.1992,329.56,0.39,0.36,2026-07-29,2114,N20,VIIRS,n,2.0NRT,291.61,6.69,N,VIIRS_NOAA20_NRT,,
25.93996,72.19404,309.88,0.53,0.42,2026-07-29,2116,N20,VIIRS,n,2.0NRT,287.77,2.72,N,VIIRS_NOAA20_NRT,,
25.94376,72.19493,335.08,0.53,0.42,2026-07-29,2116,N20,VIIRS,n,2.0NRT,288.07,17.99,N,VIIRS_NOAA20_NRT,,
25.94476,72.18969,314.73,0.53,0.42,2026-07-29,2116,N20,VIIRS,n,2.0NRT,288.18,7.45,N,VIIRS_NOAA20_NRT,,
26.09344,68.88032,311.55,0.4,0.37,2026-07-29,2116,N20,VIIRS,n,2.0NRT,295.01,1.04,N,VIIRS_NOAA20_NRT,,
26.64135,79.4819,307.62,0.47,0.64,2026-07-29,2116,N20,VIIRS,n,2.0NRT,279.14,1.66,N,VIIRS_NOAA20_NRT,,
27.49929,72.13013,337.12,0.5,0.41,2026-07-29,2116,N20,VIIRS,n,2.0NRT,289.65,5.66,N,VIIRS_NOAA20_NRT,,
27.6689,76.13105,302.91,0.56,0.51,2026-07-29,2116,N20,VIIRS,n,2.0NRT,287.7,1.32,N,VIIRS_NOAA20_NRT,,
28.42343,69.70081,310.76,0.4,0.37,2026-07-29,2116,N20,VIIRS,n,2.0NRT,294.25,1.61,N,VIIRS_NOAA20_NRT,,
28.42677,69.70153,314.0,0.4,0.37,2026-07-29,2116,N20,VIIRS,n,2.0NRT,295.13,1.61,N,VIIRS_NOAA20_NRT,,
28.6117,68.62576,311.17,0.39,0.36,2026-07-29,2116,N20,VIIRS,n,2.0NRT,299.05,0.78,N,VIIRS_NOAA20_NRT,,
28.96581,71.29729,318.73,0.44,0.39,2026-07-29,2116,N20,VIIRS,n,2.0NRT,295.13,4.03,N,VIIRS_NOAA20_NRT,,
29.47598,76.86037,309.38,0.56,0.52,2026-07-29,2116,N20,VIIRS,n,2.0NRT,291.25,0.57,N,VIIRS_NOAA20_NRT,,
31.2573,76.92567,302.22,0.52,0.5,2026-07-29,2116,N20,VIIRS,n,2.0NRT,287.68,2.08,N,VIIRS_NOAA20_NRT,,
32.37903,72.13808,302.11,0.43,0.38,2026-07-29,2116,N20,VIIRS,n,2.0NRT,288.09,1.78,N,VIIRS_NOAA20_NRT,,
29.28208,88.86301,343.59,0.4,0.44,2026-07-30,652,N20,VIIRS,n,2.0NRT,302.02,4.21,D,VIIRS_NOAA20_NRT,,
29.29065,88.86427,345.19,0.4,0.44,2026-07-30,652,N20,VIIRS,n,2.0NRT,300.54,6.84,D,VIIRS_NOAA20_NRT,,
29.29933,88.86617,333.02,0.4,0.44,2026-07-30,652,N20,VIIRS,n,2.0NRT,302.64,2.57,D,VIIRS_NOAA20_NRT,,
29.30254,88.8613,331.79,0.4,0.44,2026-07-30,652,N20,VIIRS,l,2.0NRT,302.83,2.57,D,VIIRS_NOAA20_NRT,,
36.79197,93.38106,346.4,0.39,0.36,2026-07-30,654,N20,VIIRS,n,2.0NRT,311.19,3.84,D,VIIRS_NOAA20_NRT,,
36.79259,93.38536,344.8,0.39,0.36,2026-07-30,654,N20,VIIRS,n,2.0NRT,311.0,2.53,D,VIIRS_NOAA20_NRT,,
36.79322,93.38966,339.0,0.39,0.36,2026-07-30,654,N20,VIIRS,l,2.0NRT,311.19,2.53,D,VIIRS_NOAA20_NRT,,
36.79384,93.39396,339.2,0.39,0.36,2026-07-30,654,N20,VIIRS,l,2.0NRT,311.25,4.01,D,VIIRS_NOAA20_NRT,,
8.29762,77.73004,337.17,0.47,0.4,2026-07-30,826,N20,VIIRS,n,2.0NRT,302.05,5.13,D,VIIRS_NOAA20_NRT,,
8.29824,77.73429,352.33,0.47,0.4,2026-07-30,826,N20,VIIRS,n,2.0NRT,303.13,5.13,D,VIIRS_NOAA20_NRT,,
8.53603,80.70263,339.31,0.47,0.48,2026-07-30,826,N20,VIIRS,n,2.0NRT,294.55,3.85,D,VIIRS_NOAA20_NRT,,
8.54043,80.70206,344.72,0.47,0.48,2026-07-30,826,N20,VIIRS,n,2.0NRT,294.73,6.06,D,VIIRS_NOAA20_NRT,,
8.61699,77.95514,333.37,0.49,0.4,2026-07-30,826,N20,VIIRS,n,2.0NRT,300.7,2.74,D,VIIRS_NOAA20_NRT,,
8.64611,80.91608,330.07,0.49,0.49,2026-07-30,826,N20,VIIRS,n,2.0NRT,293.81,3.22,D,VIIRS_NOAA20_NRT,,
8.6615,77.84615,331.42,0.48,0.4,2026-07-30,826,N20,VIIRS,n,2.0NRT,298.71,1.6,D,VIIRS_NOAA20_NRT,,
8.75724,78.18269,349.38,0.5,0.41,2026-07-30,826,N20,VIIRS,n,2.0NRT,299.99,7.56,D,VIIRS_NOAA20_NRT,,
8.79615,77.38263,341.88,0.46,0.39,2026-07-30,826,N20,VIIRS,n,2.0NRT,300.13,6.64,D,VIIRS_NOAA20_NRT,,
9.06604,80.48215,341.95,0.46,0.47,2026-07-30,826,N20,VIIRS,n,2.0NRT,292.88,9.15,D,VIIRS_NOAA20_NRT,,
9.06678,80.47878,339.89,0.46,0.47,2026-07-30,826,N20,VIIRS,n,2.0NRT,294.04,7.96,D,VIIRS_NOAA20_NRT,,
9.08942,79.79371,335.83,0.42,0.45,2026-07-30,826,N20,VIIRS,n,2.0NRT,294.13,3.25,D,VIIRS_NOAA20_NRT,,
9.09105,79.79314,335.51,0.42,0.45,2026-07-30,826,N20,VIIRS,n,2.0NRT,294.44,3.86,D,VIIRS_NOAA20_NRT,,
9.14935,78.30898,340.94,0.51,0.41,2026-07-30,826,N20,VIIRS,n,2.0NRT,302.13,9.36,D,VIIRS_NOAA20_NRT,,
9.25437,78.28642,336.76,0.51,0.41,2026-07-30,826,N20,VIIRS,n,2.0NRT,302.11,9.26,D,VIIRS_NOAA20_NRT,,
9.80058,78.49479,337.46,0.54,0.42,2026-07-30,826,N20,VIIRS,n,2.0NRT,298.51,5.14,D,VIIRS_NOAA20_NRT,,
9.82041,78.24716,346.6,0.52,0.41,2026-07-30,826,N20,VIIRS,n,2.0NRT,297.04,8.3,D,VIIRS_NOAA20_NRT,,
9.94676,78.74062,330.17,0.56,0.43,2026-07-30,826,N20,VIIRS,n,2.0NRT,297.34,2.35,D,VIIRS_NOAA20_NRT,,
9.9868,78.05985,338.59,0.51,0.41,2026-07-30,826,N20,VIIRS,n,2.0NRT,296.16,5.41,D,VIIRS_NOAA20_NRT,,
9.98714,78.11672,337.66,0.51,0.41,2026-07-30,826,N20,VIIRS,n,2.0NRT,294.37,3.32,D,VIIRS_NOAA20_NRT,,
10.4102,79.42266,334.13,0.41,0.45,2026-07-30,828,N20,VIIRS,n,2.0NRT,287.63,3.4,D,VIIRS_NOAA20_NRT,,
11.7792,78.69553,340.83,0.39,0.44,2026-07-30,828,N20,VIIRS,n,2.0NRT,289.52,5.99,D,VIIRS_NOAA20_NRT,,
23.41203,72.35596,330.74,0.4,0.37,2026-07-30,833,N20,VIIRS,n,2.0NRT,294.32,1.56,D,VIIRS_NOAA20_NRT,,
25.64665,72.15508,336.8,0.41,0.37,2026-07-30,833,N20,VIIRS,n,2.0NRT,298.01,3.44,D,VIIRS_NOAA20_NRT,,
29.50454,72.0126,353.84,0.43,0.38,2026-07-30,833,N20,VIIRS,n,2.0NRT,290.86,9.32,D,VIIRS_NOAA20_NRT,,
29.57224,72.1392,330.74,0.44,0.38,2026-07-30,833,N20,VIIRS,n,2.0NRT,288.49,1.95,D,VIIRS_NOAA20_NRT,,
29.70759,72.74249,340.75,0.46,0.39,2026-07-30,833,N20,VIIRS,n,2.0NRT,282.85,4.66,D,VIIRS_NOAA20_NRT,,
29.76998,72.24918,348.04,0.44,0.38,2026-07-30,833,N20,VIIRS,n,2.0NRT,295.88,17.79,D,VIIRS_NOAA20_NRT,,
30.01114,73.12043,334.65,0.48,0.4,2026-07-30,833,N20,VIIRS,n,2.0NRT,293.23,3.48,D,VIIRS_NOAA20_NRT,,
30.44155,71.8717,341.51,0.43,0.38,2026-07-30,833,N20,VIIRS,n,2.0NRT,298.08,11.97,D,VIIRS_NOAA20_NRT,,
30.57402,72.1723,335.0,0.45,0.39,2026-07-30,833,N20,VIIRS,n,2.0NRT,297.73,2.88,D,VIIRS_NOAA20_NRT,,
30.65511,72.24543,330.66,0.45,0.39,2026-07-30,833,N20,VIIRS,n,2.0NRT,293.04,2.89,D,VIIRS_NOAA20_NRT,,
27.607,95.40426,297.3,0.42,0.38,2026-07-30,1915,N20,VIIRS,n,2.0NRT,274.24,0.35,N,VIIRS_NOAA20_NRT,,
21.48882,81.76712,299.05,0.77,0.77,2026-07-30,1917,N20,VIIRS,n,2.0NRT,276.79,3.14,N,VIIRS_NOAA20_NRT,,
21.67924,84.03779,307.5,0.55,0.68,2026-07-30,1917,N20,VIIRS,n,2.0NRT,282.62,2.59,N,VIIRS_NOAA20_NRT,,
23.82454,84.57153,316.89,0.54,0.68,2026-07-30,1917,N20,VIIRS,n,2.0NRT,282.31,3.29,N,VIIRS_NOAA20_NRT,,
23.82494,84.56625,302.13,0.54,0.68,2026-07-30,1917,N20,VIIRS,n,2.0NRT,282.12,4.32,N,VIIRS_NOAA20_NRT,,
23.83077,84.57227,304.54,0.54,0.68,2026-07-30,1917,N20,VIIRS,n,2.0NRT,281.67,3.29,N,VIIRS_NOAA20_NRT,,
24.20641,82.71039,303.77,0.71,0.75,2026-07-30,1917,N20,VIIRS,n,2.0NRT,281.98,1.86,N,VIIRS_NOAA20_NRT,,
24.20708,82.70964,302.59,0.71,0.75,2026-07-30,1917,N20,VIIRS,n,2.0NRT,282.24,1.44,N,VIIRS_NOAA20_NRT,,
31.62904,74.42517,308.21,0.39,0.36,2026-07-30,2055,N20,VIIRS,n,2.0NRT,291.09,1.48,N,VIIRS_NOAA20_NRT,,
32.29238,70.73212,309.11,0.44,0.38,2026-07-30,2055,N20,VIIRS,n,2.0NRT,295.02,3.12,N,VIIRS_NOAA20_NRT,,
35.96687,68.68731,312.46,0.4,0.44,2026-07-30,2055,N20,VIIRS,n,2.0NRT,295.9,1.81,N,VIIRS_NOAA20_NRT,,
35.96702,68.68641,310.06,0.4,0.44,2026-07-30,2055,N20,VIIRS,n,2.0NRT,295.94,1.34,N,VIIRS_NOAA20_NRT,,
35.97109,68.68694,307.47,0.4,0.44,2026-07-30,2055,N20,VIIRS,n,2.0NRT,294.82,1.34,N,VIIRS_NOAA20_NRT,,
20.75817,85.29167,302.35,0.74,0.76,2026-07-30,2057,N20,VIIRS,n,2.0NRT,283.95,2.01,N,VIIRS_NOAA20_NRT,,
20.76329,85.30036,303.78,0.74,0.76,2026-07-30,2057,N20,VIIRS,n,2.0NRT,284.0,2.01,N,VIIRS_NOAA20_NRT,,
20.76445,85.29527,310.85,0.74,0.76,2026-07-30,2057,N20,VIIRS,n,2.0NRT,283.8,2.56,N,VIIRS_NOAA20_NRT,,
20.78664,85.26511,306.91,0.73,0.76,2026-07-30,2057,N20,VIIRS,n,2.0NRT,283.54,2.46,N,VIIRS_NOAA20_NRT,,
20.7869,85.26359,310.12,0.74,0.76,2026-07-30,2057,N20,VIIRS,n,2.0NRT,283.69,3.3,N,VIIRS_NOAA20_NRT,,
20.78838,85.25822,306.78,0.73,0.76,2026-07-30,2057,N20,VIIRS,n,2.0NRT,283.45,2.35,N,VIIRS_NOAA20_NRT,,
20.79693,85.25313,312.67,0.73,0.76,2026-07-30,2057,N20,VIIRS,n,2.0NRT,282.69,2.35,N,VIIRS_NOAA20_NRT,,
20.7971,85.25162,309.05,0.73,0.76,2026-07-30,2057,N20,VIIRS,n,2.0NRT,283.23,2.4,N,VIIRS_NOAA20_NRT,,
20.81041,85.25729,302.46,0.73,0.76,2026-07-30,2057,N20,VIIRS,n,2.0NRT,283.93,1.51,N,VIIRS_NOAA20_NRT,,
20.86126,84.98934,316.36,0.7,0.75,2026-07-30,2057,N20,VIIRS,n,2.0NRT,284.05,2.38,N,VIIRS_NOAA20_NRT,,
20.86265,84.99155,306.39,0.7,0.75,2026-07-30,2057,N20,VIIRS,n,2.0NRT,284.52,1.53,N,VIIRS_NOAA20_NRT,,
20.86436,84.98472,307.95,0.7,0.75,2026-07-30,2057,N20,VIIRS,n,2.0NRT,284.12,1.53,N,VIIRS_NOAA20_NRT,,
20.86799,84.99101,304.93,0.7,0.75,2026-07-30,2057,N20,VIIRS,n,2.0NRT,284.59,2.38,N,VIIRS_NOAA20_NRT,,
20.86936,84.99331,303.06,0.7,0.75,2026-07-30,2057,N20,VIIRS,n,2.0NRT,284.76,2.02,N,VIIRS_NOAA20_NRT,,
20.88447,84.98191,301.44,0.7,0.75,2026-07-30,2057,N20,VIIRS,n,2.0NRT,284.17,1.09,N,VIIRS_NOAA20_NRT,,
20.96279,85.16978,301.37,0.72,0.75,2026-07-30,2057,N20,VIIRS,n,2.0NRT,282.93,2.27,N,VIIRS_NOAA20_NRT,,
20.96443,85.16323,303.2,0.72,0.75,2026-07-30,2057,N20,VIIRS,n,2.0NRT,283.08,2.27,N,VIIRS_NOAA20_NRT,,
20.96619,85.18506,308.39,0.72,0.76,2026-07-30,2057,N20,VIIRS,n,2.0NRT,282.82,4.69,N,VIIRS_NOAA20_NRT,,
20.96949,85.17182,312.05,0.72,0.75,2026-07-30,2057,N20,VIIRS,n,2.0NRT,282.92,2.27,N,VIIRS_NOAA20_NRT,,
20.97938,85.1321,303.47,0.71,0.75,2026-07-30,2057,N20,VIIRS,n,2.0NRT,282.57,1.17,N,VIIRS_NOAA20_NRT,,
21.18517,81.38824,304.69,0.41,0.61,2026-07-30,2057,N20,VIIRS,n,2.0NRT,286.57,2.17,N,VIIRS_NOAA20_NRT,,
21.34743,81.66437,312.21,0.42,0.61,2026-07-30,2057,N20,VIIRS,n,2.0NRT,287.19,1.86,N,VIIRS_NOAA20_NRT,,
21.37566,81.64246,304.1,0.42,0.61,2026-07-30,2057,N20,VIIRS,n,2.0NRT,287.23,2.06,N,VIIRS_NOAA20_NRT,,
21.37869,81.68077,313.2,0.42,0.61,2026-07-30,2057,N20,VIIRS,n,2.0NRT,286.99,1.87,N,VIIRS_NOAA20_NRT,,
21.48581,81.76941,307.16,0.43,0.62,2026-07-30,2057,N20,VIIRS,n,2.0NRT,282.66,0.91,N,VIIRS_NOAA20_NRT,,
21.60441,81.8241,302.4,0.43,0.62,2026-07-30,2057,N20,VIIRS,n,2.0NRT,287.0,0.69,N,VIIRS_NOAA20_NRT,,
21.6228,81.79496,301.17,0.43,0.62,2026-07-30,2057,N20,VIIRS,n,2.0NRT,284.46,0.56,N,VIIRS_NOAA20_NRT,,
21.62412,81.79559,301.91,0.43,0.62,2026-07-30,2057,N20,VIIRS,n,2.0NRT,285.1,0.92,N,VIIRS_NOAA20_NRT,,
22.03465,83.35381,298.45,0.52,0.67,2026-07-30,2057,N20,VIIRS,n,2.0NRT,283.13,2.4,N,VIIRS_NOAA20_NRT,,
23.99033,79.39104,298.36,0.54,0.51,2026-07-30,2057,N20,VIIRS,n,2.0NRT,279.45,1.43,N,VIIRS_NOAA20_NRT,,
24.141,82.70184,301.09,0.43,0.62,2026-07-30,2057,N20,VIIRS,n,2.0NRT,283.83,1.42,N,VIIRS_NOAA20_NRT,,
24.14262,82.7037,304.04,0.43,0.62,2026-07-30,2057,N20,VIIRS,n,2.0NRT,283.54,0.85,N,VIIRS_NOAA20_NRT,,
24.146,82.65617,307.05,0.43,0.62,2026-07-30,2057,N20,VIIRS,n,2.0NRT,282.43,1.26,N,VIIRS_NOAA20_NRT,,
24.14732,82.65794,308.92,0.43,0.62,2026-07-30,2057,N20,VIIRS,n,2.0NRT,282.85,1.46,N,VIIRS_NOAA20_NRT,,
24.16693,82.62359,304.01,0.42,0.61,2026-07-30,2057,N20,VIIRS,n,2.0NRT,283.67,2.27,N,VIIRS_NOAA20_NRT,,
24.17131,82.62354,303.04,0.42,0.61,2026-07-30,2057,N20,VIIRS,n,2.0NRT,282.98,1.17,N,VIIRS_NOAA20_NRT,,
24.32881,79.96535,297.7,0.57,0.52,2026-07-30,2057,N20,VIIRS,n,2.0NRT,285.31,3.74,N,VIIRS_NOAA20_NRT,,
24.65876,73.87506,306.42,0.41,0.37,2026-07-30,2057,N20,VIIRS,n,2.0NRT,289.93,2.85,N,VIIRS_NOAA20_NRT,,
24.93493,74.63193,306.37,0.43,0.38,2026-07-30,2057,N20,VIIRS,n,2.0NRT,289.53,1.98,N,VIIRS_NOAA20_NRT,,
25.94322,72.19054,326.74,0.38,0.36,2026-07-30,2057,N20,VIIRS,n,2.0NRT,286.57,2.29,N,VIIRS_NOAA20_NRT,,
26.64216,79.4797,312.3,0.48,0.48,2026-07-30,2057,N20,VIIRS,n,2.0NRT,278.34,0.97,N,VIIRS_NOAA20_NRT,,
27.66685,76.13097,308.97,0.46,0.39,2026-07-30,2057,N20,VIIRS,n,2.0NRT,290.2,1.96,N,VIIRS_NOAA20_NRT,,
28.27577,77.18374,305.0,0.51,0.41,2026-07-30,2057,N20,VIIRS,n,2.0NRT,287.24,1.2,N,VIIRS_NOAA20_NRT,,
28.37387,77.225,306.22,0.51,0.41,2026-07-30,2057,N20,VIIRS,n,2.0NRT,287.43,1.35,N,VIIRS_NOAA20_NRT,,
28.60924,68.63364,319.19,0.49,0.41,2026-07-30,2057,N20,VIIRS,n,2.0NRT,292.61,4.76,N,VIIRS_NOAA20_NRT,,
28.61359,68.62922,323.68,0.5,0.41,2026-07-30,2057,N20,VIIRS,n,2.0NRT,294.21,5.3,N,VIIRS_NOAA20_NRT,,
28.74361,76.9267,310.6,0.48,0.4,2026-07-30,2057,N20,VIIRS,n,2.0NRT,288.35,3.58,N,VIIRS_NOAA20_NRT,,
29.12565,75.78059,310.72,0.43,0.38,2026-07-30,2057,N20,VIIRS,n,2.0NRT,291.43,3.07,N,VIIRS_NOAA20_NRT,,
15.13797,76.71468,295.35,0.53,0.5,2026-07-30,2059,N20,VIIRS,n,2.0NRT,276.58,2.6,N,VIIRS_NOAA20_NRT,,
15.13839,76.71198,295.9,0.53,0.5,2026-07-30,2059,N20,VIIRS,n,2.0NRT,276.43,1.6,N,VIIRS_NOAA20_NRT,,
11.18445,77.27787,297.38,0.34,0.56,2026-07-30,2101,N20,VIIRS,n,2.0NRT,267.34,0.31,N,VIIRS_NOAA20_NRT,,
11.18514,79.09954,304.57,0.45,0.63,2026-07-30,2101,N20,VIIRS,n,2.0NRT,287.65,0.79,N,VIIRS_NOAA20_NRT,,
11.3891,79.68466,308.03,0.49,0.65,2026-07-30,2101,N20,VIIRS,n,2.0NRT,286.49,1.54,N,VIIRS_NOAA20_NRT,,
8.2021,80.61858,338.3,0.4,0.37,2026-07-31,807,N20,VIIRS,n,2.0NRT,301.63,3.95,D,VIIRS_NOAA20_NRT,,
8.24261,79.86891,333.63,0.39,0.36,2026-07-31,807,N20,VIIRS,n,2.0NRT,296.55,2.53,D,VIIRS_NOAA20_NRT,,
8.27151,81.3482,334.83,0.42,0.38,2026-07-31,807,N20,VIIRS,n,2.0NRT,302.12,2.58,D,VIIRS_NOAA20_NRT,,
8.27505,80.60032,331.44,0.4,0.37,2026-07-31,807,N20,VIIRS,l,2.0NRT,301.94,3.94,D,VIIRS_NOAA20_NRT,,
8.28613,80.22563,330.45,0.39,0.36,2026-07-31,807,N20,VIIRS,n,2.0NRT,299.29,2.98,D,VIIRS_NOAA20_NRT,,
8.30363,80.18321,332.27,0.39,0.36,2026-07-31,807,N20,VIIRS,n,2.0NRT,298.75,2.19,D,VIIRS_NOAA20_NRT,,
8.44191,80.72604,333.81,0.4,0.37,2026-07-31,807,N20,VIIRS,n,2.0NRT,300.51,2.06,D,VIIRS_NOAA20_NRT,,
8.47011,80.61419,331.32,0.4,0.37,2026-07-31,807,N20,VIIRS,n,2.0NRT,294.62,1.08,D,VIIRS_NOAA20_NRT,,
8.48523,80.37982,345.82,0.4,0.37,2026-07-31,807,N20,VIIRS,n,2.0NRT,300.54,7.61,D,VIIRS_NOAA20_NRT,,
8.50233,80.80669,333.07,0.41,0.37,2026-07-31,807,N20,VIIRS,n,2.0NRT,300.99,4.16,D,VIIRS_NOAA20_NRT,,
8.50288,80.81036,341.42,0.41,0.37,2026-07-31,807,N20,VIIRS,n,2.0NRT,301.68,5.64,D,VIIRS_NOAA20_NRT,,
8.50986,80.7644,339.67,0.4,0.37,2026-07-31,807,N20,VIIRS,n,2.0NRT,301.97,6.82,D,VIIRS_NOAA20_NRT,,
8.61071,80.6446,338.55,0.4,0.37,2026-07-31,807,N20,VIIRS,n,2.0NRT,298.88,8.42,D,VIIRS_NOAA20_NRT,,
8.61186,81.00137,335.42,0.41,0.37,2026-07-31,807,N20,VIIRS,n,2.0NRT,300.69,2.62,D,VIIRS_NOAA20_NRT,,
8.619,80.93199,330.79,0.41,0.37,2026-07-31,807,N20,VIIRS,n,2.0NRT,299.28,4.39,D,VIIRS_NOAA20_NRT,,
8.65736,81.16689,343.21,0.42,0.37,2026-07-31,807,N20,VIIRS,n,2.0NRT,302.15,5.73,D,VIIRS_NOAA20_NRT,,
8.68177,80.97578,330.14,0.41,0.37,2026-07-31,807,N20,VIIRS,l,2.0NRT,301.14,1.84,D,VIIRS_NOAA20_NRT,,
8.70147,80.16796,333.11,0.39,0.36,2026-07-31,807,N20,VIIRS,n,2.0NRT,300.46,2.72,D,VIIRS_NOAA20_NRT,,
8.7525,80.18936,339.94,0.39,0.36,2026-07-31,807,N20,VIIRS,n,2.0NRT,301.56,6.33,D,VIIRS_NOAA20_NRT,,
8.76615,80.23459,336.88,0.39,0.36,2026-07-31,807,N20,VIIRS,n,2.0NRT,300.98,4.41,D,VIIRS_NOAA20_NRT,,
8.76868,80.23397,341.64,0.39,0.36,2026-07-31,807,N20,VIIRS,n,2.0NRT,301.62,3.91,D,VIIRS_NOAA20_NRT,,
8.76921,80.23753,349.74,0.39,0.36,2026-07-31,807,N20,VIIRS,n,2.0NRT,301.04,8.3,D,VIIRS_NOAA20_NRT,,
8.94017,80.06156,350.83,0.39,0.36,2026-07-31,807,N20,VIIRS,n,2.0NRT,299.31,8.98,D,VIIRS_NOAA20_NRT,,
8.94684,80.06055,333.44,0.39,0.36,2026-07-31,807,N20,VIIRS,n,2.0NRT,297.04,3.19,D,VIIRS_NOAA20_NRT,,
9.22179,80.70103,338.07,0.41,0.37,2026-07-31,807,N20,VIIRS,n,2.0NRT,301.93,8.77,D,VIIRS_NOAA20_NRT,,
9.31886,80.23992,347.75,0.4,0.37,2026-07-31,807,N20,VIIRS,n,2.0NRT,301.38,4.59,D,VIIRS_NOAA20_NRT,,
9.36401,80.49946,336.34,0.4,0.37,2026-07-31,807,N20,VIIRS,n,2.0NRT,300.6,3.8,D,VIIRS_NOAA20_NRT,,
9.45161,78.70998,336.86,0.38,0.36,2026-07-31,807,N20,VIIRS,n,2.0NRT,302.07,5.52,D,VIIRS_NOAA20_NRT,,
9.47524,78.82024,339.78,0.38,0.36,2026-07-31,807,N20,VIIRS,n,2.0NRT,302.8,9.14,D,VIIRS_NOAA20_NRT,,
9.47577,78.82372,355.02,0.38,0.36,2026-07-31,807,N20,VIIRS,n,2.0NRT,303.0,9.14,D,VIIRS_NOAA20_NRT,,
9.58714,78.82003,340.16,0.38,0.36,2026-07-31,807,N20,VIIRS,n,2.0NRT,303.41,6.34,D,VIIRS_NOAA20_NRT,,
9.62481,78.86758,354.52,0.38,0.36,2026-07-31,807,N20,VIIRS,n,2.0NRT,303.37,6.6,D,VIIRS_NOAA20_NRT,,
9.69032,80.17886,332.35,0.4,0.37,2026-07-31,807,N20,VIIRS,n,2.0NRT,298.45,1.05,D,VIIRS_NOAA20_NRT,,
10.30867,79.34757,339.08,0.39,0.36,2026-07-31,807,N20,VIIRS,n,2.0NRT,302.39,2.32,D,VIIRS_NOAA20_NRT,,
10.62157,79.51067,339.66,0.39,0.36,2026-07-31,807,N20,VIIRS,n,2.0NRT,300.88,2.39,D,VIIRS_NOAA20_NRT,,
11.40644,79.74265,333.47,0.4,0.37,2026-07-31,807,N20,VIIRS,n,2.0NRT,301.22,2.9,D,VIIRS_NOAA20_NRT,,
11.50429,79.28734,345.42,0.39,0.36,2026-07-31,807,N20,VIIRS,n,2.0NRT,303.34,21.37,D,VIIRS_NOAA20_NRT,,
11.51665,79.5994,333.72,0.39,0.36,2026-07-31,807,N20,VIIRS,n,2.0NRT,300.02,1.58,D,VIIRS_NOAA20_NRT,,
11.68693,79.19308,330.9,0.39,0.36,2026-07-31,807,N20,VIIRS,n,2.0NRT,291.52,1.98,D,VIIRS_NOAA20_NRT,,
11.73381,79.21124,341.08,0.39,0.36,2026-07-31,807,N20,VIIRS,n,2.0NRT,294.22,5.79,D,VIIRS_NOAA20_NRT,,
11.77438,79.48226,332.71,0.39,0.36,2026-07-31,807,N20,VIIRS,n,2.0NRT,293.42,2.43,D,VIIRS_NOAA20_NRT,,
11.80989,77.92429,334.7,0.39,0.36,2026-07-31,807,N20,VIIRS,n,2.0NRT,290.3,2.28,D,VIIRS_NOAA20_NRT,,
11.87462,79.58784,330.69,0.39,0.37,2026-07-31,807,N20,VIIRS,n,2.0NRT,292.31,2.2,D,VIIRS_NOAA20_NRT,,
11.90875,79.56419,331.06,0.39,0.37,2026-07-31,807,N20,VIIRS,n,2.0NRT,286.98,3.05,D,VIIRS_NOAA20_NRT,,
14.51375,78.72263,333.82,0.39,0.36,2026-07-31,809,N20,VIIRS,n,2.0NRT,288.77,3.83,D,VIIRS_NOAA20_NRT,,
18.35944,78.21775,335.42,0.4,0.37,2026-07-31,809,N20,VIIRS,n,2.0NRT,292.35,3.31,D,VIIRS_NOAA20_NRT,,
18.38389,78.24453,335.33,0.4,0.37,2026-07-31,809,N20,VIIRS,n,2.0NRT,292.52,2.65,D,VIIRS_NOAA20_NRT,,
18.38443,78.24828,342.1,0.4,0.37,2026-07-31,809,N20,VIIRS,n,2.0NRT,292.95,2.65,D,VIIRS_NOAA20_NRT,,
20.96034,86.00787,336.96,0.38,0.58,2026-07-31,809,N20,VIIRS,n,2.0NRT,289.36,3.82,D,VIIRS_NOAA20_NRT,,
20.96646,86.01472,367.0,0.38,0.58,2026-07-31,809,N20,VIIRS,h,2.0NRT,291.46,12.28,D,VIIRS_NOAA20_NRT,,
21.19254,81.38928,332.09,0.39,0.44,2026-07-31,809,N20,VIIRS,n,2.0NRT,293.59,6.48,D,VIIRS_NOAA20_NRT,,
23.71553,68.8817,343.83,0.46,0.47,2026-07-31,811,N20,VIIRS,n,2.0NRT,301.62,4.11,D,VIIRS_NOAA20_NRT,,
24.83974,68.0678,336.08,0.49,0.49,2026-07-31,811,N20,VIIRS,n,2.0NRT,301.55,4.35,D,VIIRS_NOAA20_NRT,,
24.96675,68.28826,338.0,0.47,0.48,2026-07-31,811,N20,VIIRS,n,2.0NRT,299.12,3.02,D,VIIRS_NOAA20_NRT,,
28.61273,68.62817,340.3,0.39,0.44,2026-07-31,813,N20,VIIRS,n,2.0NRT,299.63,7.34,D,VIIRS_NOAA20_NRT,,
29.80405,72.26095,333.28,0.4,0.37,2026-07-31,813,N20,VIIRS,n,2.0NRT,294.97,6.43,D,VIIRS_NOAA20_NRT,,
22.35496,96.70329,301.32,0.54,0.42,2026-07-31,1858,N20,VIIRS,n,2.0NRT,280.47,1.15,N,VIIRS_NOAA20_NRT,,
22.36876,87.29883,302.42,0.7,0.75,2026-07-31,1858,N20,VIIRS,n,2.0NRT,278.49,2.24,N,VIIRS_NOAA20_NRT,,
22.36901,87.29658,299.3,0.7,0.75,2026-07-31,1858,N20,VIIRS,n,2.0NRT,276.71,2.15,N,VIIRS_NOAA20_NRT,,
22.37734,87.27655,299.35,0.7,0.75,2026-07-31,1858,N20,VIIRS,n,2.0NRT,275.51,2.61,N,VIIRS_NOAA20_NRT,,
35.9686,68.68509,310.22,0.36,0.58,2026-07-31,2036,N20,VIIRS,n,2.0NRT,294.22,1.19,N,VIIRS_NOAA20_NRT,,
26.64096,79.47751,313.72,0.42,0.38,2026-07-31,2038,N20,VIIRS,n,2.0NRT,289.0,1.13,N,VIIRS_NOAA20_NRT,,
26.64365,79.48241,315.38,0.42,0.38,2026-07-31,2038,N20,VIIRS,n,2.0NRT,288.79,1.17,N,VIIRS_NOAA20_NRT,,
27.66673,76.12946,313.73,0.39,0.36,2026-07-31,2038,N20,VIIRS,n,2.0NRT,292.22,1.98,N,VIIRS_NOAA20_NRT,,
28.34829,77.25721,302.36,0.38,0.36,2026-07-31,2038,N20,VIIRS,n,2.0NRT,283.84,0.95,N,VIIRS_NOAA20_NRT,,
28.42458,69.7002,307.19,0.53,0.5,2026-07-31,2038,N20,VIIRS,n,2.0NRT,290.39,4.39,N,VIIRS_NOAA20_NRT,,
28.60914,68.63354,296.94,0.61,0.54,2026-07-31,2038,N20,VIIRS,n,2.0NRT,263.06,2.62,N,VIIRS_NOAA20_NRT,,
28.6504,77.59071,304.55,0.38,0.36,2026-07-31,2038,N20,VIIRS,n,2.0NRT,286.79,1.03,N,VIIRS_NOAA20_NRT,,
28.65757,77.58816,303.09,0.38,0.36,2026-07-31,2038,N20,VIIRS,n,2.0NRT,285.15,0.91,N,VIIRS_NOAA20_NRT,,
28.66269,77.57716,308.06,0.38,0.36,2026-07-31,2038,N20,VIIRS,n,2.0NRT,286.41,1.15,N,VIIRS_NOAA20_NRT,,
28.7454,76.93379,311.27,0.39,0.36,2026-07-31,2038,N20,VIIRS,n,2.0NRT,290.02,2.03,N,VIIRS_NOAA20_NRT,,
28.83401,78.77017,336.56,0.39,0.36,2026-07-31,2038,N20,VIIRS,n,2.0NRT,292.24,4.7,N,VIIRS_NOAA20_NRT,,
28.85254,77.14378,304.44,0.39,0.36,2026-07-31,2038,N20,VIIRS,n,2.0NRT,287.84,1.06,N,VIIRS_NOAA20_NRT,,
20.70447,78.6207,301.34,0.45,0.39,2026-07-31,2040,N20,VIIRS,n,2.0NRT,287.0,0.74,N,VIIRS_NOAA20_NRT,,
20.95032,86.05144,297.2,0.41,0.6,2026-07-31,2040,N20,VIIRS,n,2.0NRT,280.53,1.29,N,VIIRS_NOAA20_NRT,,
21.29959,81.6083,308.64,0.42,0.45,2026-07-31,2040,N20,VIIRS,n,2.0NRT,288.41,2.09,N,VIIRS_NOAA20_NRT,,
21.37249,81.68642,305.95,0.42,0.46,2026-07-31,2040,N20,VIIRS,n,2.0NRT,288.44,3.11,N,VIIRS_NOAA20_NRT,,
21.37698,81.64162,307.25,0.42,0.45,2026-07-31,2040,N20,VIIRS,n,2.0NRT,288.59,2.46,N,VIIRS_NOAA20_NRT,,
21.37817,81.67932,308.58,0.42,0.45,2026-07-31,2040,N20,VIIRS,n,2.0NRT,288.18,2.43,N,VIIRS_NOAA20_NRT,,
21.38851,81.64832,307.23,0.42,0.45,2026-07-31,2040,N20,VIIRS,n,2.0NRT,288.47,2.02,N,VIIRS_NOAA20_NRT,,
21.88009,83.55791,300.92,0.54,0.51,2026-07-31,2040,N20,VIIRS,n,2.0NRT,285.5,2.23,N,VIIRS_NOAA20_NRT,,
21.88115,83.5528,300.8,0.54,0.51,2026-07-31,2040,N20,VIIRS,n,2.0NRT,285.36,2.78,N,VIIRS_NOAA20_NRT,,
21.91835,83.3501,301.1,0.52,0.5,2026-07-31,2040,N20,VIIRS,n,2.0NRT,282.71,1.84,N,VIIRS_NOAA20_NRT,,
21.92286,83.35115,317.63,0.52,0.5,2026-07-31,2040,N20,VIIRS,n,2.0NRT,282.07,3.53,N,VIIRS_NOAA20_NRT,,
21.92347,85.22123,299.82,0.35,0.56,2026-07-31,2040,N20,VIIRS,n,2.0NRT,276.94,1.3,N,VIIRS_NOAA20_NRT,,
21.92592,85.22308,311.76,0.34,0.56,2026-07-31,2040,N20,VIIRS,n,2.0NRT,279.19,1.81,N,VIIRS_NOAA20_NRT,,
22.03915,83.73003,302.24,0.55,0.51,2026-07-31,2040,N20,VIIRS,n,2.0NRT,284.55,2.88,N,VIIRS_NOAA20_NRT,,
22.04025,83.7248,301.55,0.55,0.51,2026-07-31,2040,N20,VIIRS,n,2.0NRT,284.31,1.75,N,VIIRS_NOAA20_NRT,,
22.04485,83.72594,303.2,0.55,0.51,2026-07-31,2040,N20,VIIRS,n,2.0NRT,283.68,1.17,N,VIIRS_NOAA20_NRT,,
22.05179,88.12452,309.81,0.52,0.67,2026-07-31,2040,N20,VIIRS,n,2.0NRT,284.09,3.61,N,VIIRS_NOAA20_NRT,,
22.05213,88.12665,308.07,0.52,0.67,2026-07-31,2040,N20,VIIRS,n,2.0NRT,283.93,2.97,N,VIIRS_NOAA20_NRT,,
22.05332,88.12169,310.06,0.52,0.67,2026-07-31,2040,N20,VIIRS,n,2.0NRT,283.82,3.0,N,VIIRS_NOAA20_NRT,,
22.08969,83.11682,302.24,0.5,0.49,2026-07-31,2040,N20,VIIRS,n,2.0NRT,283.09,0.55,N,VIIRS_NOAA20_NRT,,
22.10646,83.12575,305.99,0.5,0.49,2026-07-31,2040,N20,VIIRS,n,2.0NRT,283.47,1.99,N,VIIRS_NOAA20_NRT,,
22.24559,87.38857,308.96,0.47,0.64,2026-07-31,2040,N20,VIIRS,n,2.0NRT,283.83,1.07,N,VIIRS_NOAA20_NRT,,
22.31321,82.53134,304.28,0.46,0.47,2026-07-31,2040,N20,VIIRS,n,2.0NRT,283.53,1.35,N,VIIRS_NOAA20_NRT,,
22.31901,82.5692,305.41,0.46,0.47,2026-07-31,2040,N20,VIIRS,n,2.0NRT,283.62,1.72,N,VIIRS_NOAA20_NRT,,
22.35865,82.30376,333.77,0.44,0.46,2026-07-31,2040,N20,VIIRS,n,2.0NRT,282.35,4.39,N,VIIRS_NOAA20_NRT,,
22.35949,82.29956,305.8,0.44,0.46,2026-07-31,2040,N20,VIIRS,n,2.0NRT,281.78,1.81,N,VIIRS_NOAA20_NRT,,
22.364,87.29942,301.96,0.46,0.63,2026-07-31,2040,N20,VIIRS,n,2.0NRT,278.22,0.97,N,VIIRS_NOAA20_NRT,,
22.38037,87.28091,304.92,0.46,0.63,2026-07-31,2040,N20,VIIRS,n,2.0NRT,282.18,1.45,N,VIIRS_NOAA20_NRT,,
22.38137,87.27661,308.84,0.46,0.63,2026-07-31,2040,N20,VIIRS,n,2.0NRT,281.97,1.45,N,VIIRS_NOAA20_NRT,,
22.85767,86.05601,304.52,0.37,0.58,2026-07-31,2040,N20,VIIRS,n,2.0NRT,278.84,0.52,N,VIIRS_NOAA20_NRT,,
22.87252,86.06371,303.33,0.37,0.58,2026-07-31,2040,N20,VIIRS,n,2.0NRT,281.83,0.77,N,VIIRS_NOAA20_NRT,,
22.87333,86.06011,301.34,0.37,0.58,2026-07-31,2040,N20,VIIRS,n,2.0NRT,281.4,0.77,N,VIIRS_NOAA20_NRT,,
23.56335,87.08196,303.65,0.42,0.61,2026-07-31,2040,N20,VIIRS,n,2.0NRT,281.38,1.49,N,VIIRS_NOAA20_NRT,,
23.63203,86.29517,304.06,0.37,0.58,2026-07-31,2040,N20,VIIRS,n,2.0NRT,285.93,0.92,N,VIIRS_NOAA20_NRT,,
23.64919,85.43808,325.73,0.33,0.55,2026-07-31,2040,N20,VIIRS,n,2.0NRT,285.34,2.9,N,VIIRS_NOAA20_NRT,,
23.64989,85.43491,304.2,0.33,0.55,2026-07-31,2040,N20,VIIRS,n,2.0NRT,284.57,1.26,N,VIIRS_NOAA20_NRT,,
23.66634,86.09274,302.31,0.36,0.57,2026-07-31,2040,N20,VIIRS,n,2.0NRT,286.12,1.28,N,VIIRS_NOAA20_NRT,,
23.67684,86.0701,302.46,0.36,0.57,2026-07-31,2040,N20,VIIRS,n,2.0NRT,285.82,1.17,N,VIIRS_NOAA20_NRT,,
23.67891,86.08524,319.07,0.36,0.57,2026-07-31,2040,N20,VIIRS,n,2.0NRT,286.02,1.5,N,VIIRS_NOAA20_NRT,,
23.68116,86.39233,308.02,0.38,0.58,2026-07-31,2040,N20,VIIRS,n,2.0NRT,285.56,2.03,N,VIIRS_NOAA20_NRT,,
23.68251,86.09354,309.29,0.36,0.57,2026-07-31,2040,N20,VIIRS,n,2.0NRT,286.08,1.99,N,VIIRS_NOAA20_NRT,,
23.68328,86.0901,302.18,0.36,0.57,2026-07-31,2040,N20,VIIRS,n,2.0NRT,285.6,1.5,N,VIIRS_NOAA20_NRT,,
23.68642,86.39363,304.03,0.38,0.58,2026-07-31,2040,N20,VIIRS,n,2.0NRT,285.25,1.35,N,VIIRS_NOAA20_NRT,,
23.68917,86.08809,302.21,0.36,0.57,2026-07-31,2040,N20,VIIRS,n,2.0NRT,285.63,0.86,N,VIIRS_NOAA20_NRT,,
23.69162,87.12397,300.72,0.42,0.61,2026-07-31,2040,N20,VIIRS,n,2.0NRT,277.87,1.39,N,VIIRS_NOAA20_NRT,,
23.69179,87.09858,306.4,0.42,0.61,2026-07-31,2040,N20,VIIRS,n,2.0NRT,278.2,1.47,N,VIIRS_NOAA20_NRT,,
23.69213,87.09879,305.87,0.42,0.61,2026-07-31,2040,N20,VIIRS,n,2.0NRT,278.1,1.08,N,VIIRS_NOAA20_NRT,,
23.69213,87.12424,301.81,0.42,0.61,2026-07-31,2040,N20,VIIRS,n,2.0NRT,278.17,1.96,N,VIIRS_NOAA20_NRT,,
23.69255,87.12002,301.74,0.42,0.61,2026-07-31,2040,N20,VIIRS,n,2.0NRT,277.81,2.34,N,VIIRS_NOAA20_NRT,,
23.69302,87.12032,300.21,0.42,0.61,2026-07-31,2040,N20,VIIRS,n,2.0NRT,278.17,1.84,N,VIIRS_NOAA20_NRT,,
23.69485,87.11228,299.3,0.42,0.61,2026-07-31,2040,N20,VIIRS,n,2.0NRT,277.89,1.04,N,VIIRS_NOAA20_NRT,,
23.69537,87.10802,300.81,0.42,0.61,2026-07-31,2040,N20,VIIRS,n,2.0NRT,277.44,2.43,N,VIIRS_NOAA20_NRT,,
23.69576,87.10829,300.78,0.42,0.61,2026-07-31,2040,N20,VIIRS,n,2.0NRT,277.67,1.04,N,VIIRS_NOAA20_NRT,,
23.69631,87.10404,300.47,0.42,0.61,2026-07-31,2040,N20,VIIRS,n,2.0NRT,277.48,1.18,N,VIIRS_NOAA20_NRT,,
23.69667,87.10429,299.67,0.42,0.61,2026-07-31,2040,N20,VIIRS,n,2.0NRT,277.72,1.08,N,VIIRS_NOAA20_NRT,,
23.69734,86.07578,309.39,0.36,0.57,2026-07-31,2040,N20,VIIRS,n,2.0NRT,285.45,1.28,N,VIIRS_NOAA20_NRT,,
23.69849,87.09631,300.17,0.42,0.61,2026-07-31,2040,N20,VIIRS,n,2.0NRT,278.33,1.5,N,VIIRS_NOAA20_NRT,,
23.7545,85.85289,300.14,0.35,0.56,2026-07-31,2040,N20,VIIRS,n,2.0NRT,284.61,1.02,N,VIIRS_NOAA20_NRT,,
23.77704,86.21121,302.72,0.36,0.58,2026-07-31,2040,N20,VIIRS,n,2.0NRT,286.17,1.56,N,VIIRS_NOAA20_NRT,,
23.8225,84.57358,297.53,0.57,0.52,2026-07-31,2040,N20,VIIRS,n,2.0NRT,268.86,0.44,N,VIIRS_NOAA20_NRT,,
24.14691,82.65614,311.76,0.43,0.46,2026-07-31,2040,N20,VIIRS,n,2.0NRT,278.98,1.02,N,VIIRS_NOAA20_NRT,,
24.16608,82.62535,296.6,0.43,0.46,2026-07-31,2040,N20,VIIRS,n,2.0NRT,273.77,0.73,N,VIIRS_NOAA20_NRT,,
24.17841,82.6504,305.0,0.43,0.46,2026-07-31,2040,N20,VIIRS,n,2.0NRT,274.61,0.9,N,VIIRS_NOAA20_NRT,,
24.18088,82.65976,299.74,0.43,0.46,2026-07-31,2040,N20,VIIRS,n,2.0NRT,274.65,0.9,N,VIIRS_NOAA20_NRT,,
24.20715,82.70804,299.9,0.43,0.46,2026-07-31,2040,N20,VIIRS,n,2.0NRT,274.99,1.42,N,VIIRS_NOAA20_NRT,,
25.94465,72.19238,317.78,0.53,0.42,2026-07-31,2040,N20,VIIRS,n,2.0NRT,290.47,5.63,N,VIIRS_NOAA20_NRT,,
26.2596,74.09436,308.51,0.44,0.38,2026-07-31,2040,N20,VIIRS,n,2.0NRT,291.11,0.81,N,VIIRS_NOAA20_NRT,,
26.27148,74.18983,308.83,0.43,0.38,2026-07-31,2040,N20,VIIRS,n,2.0NRT,292.05,4.35,N,VIIRS_NOAA20_NRT,,
11.99341,78.9984,305.67,0.42,0.45,2026-07-31,2042,N20,VIIRS,n,2.0NRT,284.01,0.82,N,VIIRS_NOAA20_NRT,,
13.07066,80.20023,309.22,0.48,0.48,2026-07-31,2042,N20,VIIRS,n,2.0NRT,290.78,0.72,N,VIIRS_NOAA20_NRT,,
13.39299,80.1023,310.11,0.46,0.47,2026-07-31,2042,N20,VIIRS,n,2.0NRT,290.07,4.05,N,VIIRS_NOAA20_NRT,,
13.71192,79.62089,308.51,0.43,0.46,2026-07-31,2042,N20,VIIRS,n,2.0NRT,290.41,1.53,N,VIIRS_NOAA20_NRT,,
15.8735,79.90693,314.41,0.41,0.45,2026-07-31,2042,N20,VIIRS,n,2.0NRT,286.67,1.38,N,VIIRS_NOAA20_NRT,,
17.14147,77.18315,302.6,0.43,0.38,2026-07-31,2042,N20,VIIRS,n,2.0NRT,282.92,1.06,N,VIIRS_NOAA20_NRT,,
11.18368,79.10117,310.33,0.43,0.46,2026-07-31,2044,N20,VIIRS,n,2.0NRT,289.08,2.21,N,VIIRS_NOAA20_NRT,,
11.24024,77.88216,305.07,0.55,0.43,2026-07-31,2044,N20,VIIRS,n,2.0NRT,287.34,1.65,N,VIIRS_NOAA20_NRT,,
11.52041,77.2859,318.04,0.5,0.41,2026-07-31,2044,N20,VIIRS,n,2.0NRT,288.63,1.29,N,VIIRS_NOAA20_NRT,,
11.69021,77.34248,306.57,0.5,0.41,2026-07-31,2044,N20,VIIRS,n,2.0NRT,284.96,1.19,N,VIIRS_NOAA20_NRT,,
8.6523,81.12926,337.26,0.44,0.39,2026-08-01,748,N20,VIIRS,n,2.0NRT,295.86,14.18,D,VIIRS_NOAA20_NRT,,
8.75609,78.18428,333.7,0.43,0.46,2026-08-01,750,N20,VIIRS,n,2.0NRT,284.88,4.18,D,VIIRS_NOAA20_NRT,,
8.7568,78.18086,337.41,0.43,0.46,2026-08-01,750,N20,VIIRS,n,2.0NRT,286.39,7.43,D,VIIRS_NOAA20_NRT,,
8.75747,78.18472,341.86,0.43,0.46,2026-08-01,750,N20,VIIRS,n,2.0NRT,286.08,8.63,D,VIIRS_NOAA20_NRT,,
9.39618,78.85063,345.85,0.57,0.43,2026-08-01,750,N20,VIIRS,n,2.0NRT,294.85,10.2,D,VIIRS_NOAA20_NRT,,
9.68989,78.37985,335.15,0.4,0.44,2026-08-01,750,N20,VIIRS,n,2.0NRT,296.46,4.34,D,VIIRS_NOAA20_NRT,,
10.26295,79.14907,331.65,0.53,0.42,2026-08-01,750,N20,VIIRS,n,2.0NRT,296.49,2.67,D,VIIRS_NOAA20_NRT,,
10.38009,78.3605,331.79,0.4,0.44,2026-08-01,750,N20,VIIRS,n,2.0NRT,291.96,2.77,D,VIIRS_NOAA20_NRT,,
10.96096,79.73511,331.46,0.49,0.4,2026-08-01,750,N20,VIIRS,n,2.0NRT,297.29,2.48,D,VIIRS_NOAA20_NRT,,
11.02383,78.76881,332.56,0.55,0.43,2026-08-01,750,N20,VIIRS,n,2.0NRT,297.63,1.68,D,VIIRS_NOAA20_NRT,,
11.05059,79.3532,341.89,0.51,0.41,2026-08-01,750,N20,VIIRS,n,2.0NRT,298.98,10.81,D,VIIRS_NOAA20_NRT,,
11.15094,78.02576,330.71,0.4,0.44,2026-08-01,750,N20,VIIRS,n,2.0NRT,295.03,1.56,D,VIIRS_NOAA20_NRT,,
11.155,77.7301,330.49,0.42,0.45,2026-08-01,750,N20,VIIRS,n,2.0NRT,292.6,2.37,D,VIIRS_NOAA20_NRT,,
11.27329,78.15312,337.74,0.39,0.44,2026-08-01,750,N20,VIIRS,n,2.0NRT,296.45,3.22,D,VIIRS_NOAA20_NRT,,
11.29113,79.78253,335.48,0.48,0.4,2026-08-01,750,N20,VIIRS,n,2.0NRT,297.07,5.38,D,VIIRS_NOAA20_NRT,,
11.72811,78.7383,333.55,0.54,0.42,2026-08-01,750,N20,VIIRS,n,2.0NRT,294.79,4.81,D,VIIRS_NOAA20_NRT,,
11.87308,79.73968,332.62,0.47,0.4,2026-08-01,750,N20,VIIRS,n,2.0NRT,298.08,2.46,D,VIIRS_NOAA20_NRT,,
11.87655,79.37332,337.57,0.49,0.41,2026-08-01,750,N20,VIIRS,n,2.0NRT,296.77,9.09,D,VIIRS_NOAA20_NRT,,
11.93526,79.55087,335.31,0.48,0.4,2026-08-01,750,N20,VIIRS,n,2.0NRT,299.19,2.33,D,VIIRS_NOAA20_NRT,,
12.41949,80.10271,335.44,0.45,0.39,2026-08-01,750,N20,VIIRS,n,2.0NRT,296.9,7.3,D,VIIRS_NOAA20_NRT,,
12.57915,79.24837,332.54,0.49,0.4,2026-08-01,750,N20,VIIRS,n,2.0NRT,292.43,3.02,D,VIIRS_NOAA20_NRT,,
20.96636,86.01635,335.7,0.57,0.43,2026-08-01,752,N20,VIIRS,n,2.0NRT,294.43,8.5,D,VIIRS_NOAA20_NRT,,
21.29788,81.60934,330.83,0.39,0.36,2026-08-01,752,N20,VIIRS,n,2.0NRT,297.84,3.09,D,VIIRS_NOAA20_NRT,,
21.74177,83.84429,338.72,0.45,0.39,2026-08-01,752,N20,VIIRS,n,2.0NRT,295.37,5.46,D,VIIRS_NOAA20_NRT,,
21.74533,83.84377,348.35,0.45,0.39,2026-08-01,752,N20,VIIRS,n,2.0NRT,296.8,11.96,D,VIIRS_NOAA20_NRT,,
21.74889,83.84324,341.48,0.45,0.39,2026-08-01,752,N20,VIIRS,n,2.0NRT,295.53,11.96,D,VIIRS_NOAA20_NRT,,
21.75245,83.84271,333.3,0.45,0.39,2026-08-01,752,N20,VIIRS,n,2.0NRT,296.25,3.13,D,VIIRS_NOAA20_NRT,,
21.756,83.84217,334.59,0.45,0.39,2026-08-01,752,N20,VIIRS,n,2.0NRT,294.97,3.13,D,VIIRS_NOAA20_NRT,,
21.75659,83.8465,334.92,0.45,0.39,2026-08-01,752,N20,VIIRS,n,2.0NRT,293.73,3.13,D,VIIRS_NOAA20_NRT,,
21.91989,83.35123,343.28,0.43,0.38,2026-08-01,752,N20,VIIRS,n,2.0NRT,290.57,3.41,D,VIIRS_NOAA20_NRT,,
22.3573,82.3028,345.09,0.4,0.37,2026-08-01,752,N20,VIIRS,n,2.0NRT,297.43,8.32,D,VIIRS_NOAA20_NRT,,
22.78513,86.20668,330.33,0.41,0.45,2026-08-01,752,N20,VIIRS,n,2.0NRT,296.08,5.76,D,VIIRS_NOAA20_NRT,,
22.78832,86.19825,333.15,0.41,0.45,2026-08-01,752,N20,VIIRS,n,2.0NRT,295.38,4.18,D,VIIRS_NOAA20_NRT,,
23.78719,85.55325,332.66,0.38,0.43,2026-08-01,752,N20,VIIRS,n,2.0NRT,290.56,2.53,D,VIIRS_NOAA20_NRT,,
24.14243,82.71046,330.26,0.43,0.38,2026-08-01,752,N20,VIIRS,n,2.0NRT,297.37,4.02,D,VIIRS_NOAA20_NRT,,
24.16346,82.63028,330.04,0.42,0.38,2026-08-01,752,N20,VIIRS,n,2.0NRT,296.39,4.87,D,VIIRS_NOAA20_NRT,,
24.20259,82.70964,331.81,0.43,0.38,2026-08-01,752,N20,VIIRS,n,2.0NRT,298.53,5.41,D,VIIRS_NOAA20_NRT,,
29.52299,72.76475,330.53,0.4,0.44,2026-08-01,756,N20,VIIRS,n,2.0NRT,298.38,2.69,D,VIIRS_NOAA20_NRT,,
29.60646,71.54229,346.03,0.47,0.48,2026-08-01,756,N20,VIIRS,n,2.0NRT,291.76,11.1,D,VIIRS_NOAA20_NRT,,
29.80593,72.38356,349.26,0.42,0.45,2026-08-01,756,N20,VIIRS,n,2.0NRT,294.34,6.16,D,VIIRS_NOAA20_NRT,,
29.96546,72.96613,335.77,0.39,0.44,2026-08-01,756,N20,VIIRS,n,2.0NRT,295.07,2.56,D,VIIRS_NOAA20_NRT,,
29.98762,72.57277,333.62,0.4,0.44,2026-08-01,756,N20,VIIRS,n,2.0NRT,294.48,2.84,D,VIIRS_NOAA20_NRT,,
29.98811,72.53374,335.92,0.41,0.45,2026-08-01,756,N20,VIIRS,n,2.0NRT,290.57,2.59,D,VIIRS_NOAA20_NRT,,
29.99213,72.53266,340.2,0.41,0.45,2026-08-01,756,N20,VIIRS,n,2.0NRT,289.57,2.84,D,VIIRS_NOAA20_NRT,,
30.30417,73.71015,330.75,0.52,0.42,2026-08-01,756,N20,VIIRS,n,2.0NRT,294.29,3.46,D,VIIRS_NOAA20_NRT,,
30.3042,73.7068,332.96,0.52,0.42,2026-08-01,756,N20,VIIRS,n,2.0NRT,293.81,6.0,D,VIIRS_NOAA20_NRT,,
30.53295,72.80669,340.79,0.38,0.43,2026-08-01,756,N20,VIIRS,n,2.0NRT,294.43,4.0,D,VIIRS_NOAA20_NRT,,
35.36547,68.50069,330.25,0.52,0.5,2026-08-01,756,N20,VIIRS,l,2.0NRT,301.34,3.22,D,VIIRS_NOAA20_NRT,,
29.78957,91.60756,295.34,0.59,0.53,2026-08-01,2017,N20,VIIRS,n,2.0NRT,280.34,1.09,N,VIIRS_NOAA20_NRT,,
32.57515,72.56046,307.76,0.38,0.59,2026-08-01,2017,N20,VIIRS,n,2.0NRT,288.7,1.5,N,VIIRS_NOAA20_NRT,,
33.27346,71.5911,326.31,0.44,0.62,2026-08-01,2017,N20,VIIRS,n,2.0NRT,289.03,7.12,N,VIIRS_NOAA20_NRT,,
33.40935,71.93722,305.96,0.42,0.61,2026-08-01,2017,N20,VIIRS,n,2.0NRT,289.12,1.15,N,VIIRS_NOAA20_NRT,,
22.37671,87.27874,311.91,0.46,0.47,2026-08-01,2019,N20,VIIRS,n,2.0NRT,265.95,1.95,N,VIIRS_NOAA20_NRT,,
23.16289,82.33456,295.63,0.4,0.37,2026-08-01,2019,N20,VIIRS,n,2.0NRT,263.34,0.58,N,VIIRS_NOAA20_NRT,,
23.16494,82.3429,295.32,0.4,0.37,2026-08-01,2019,N20,VIIRS,n,2.0NRT,259.84,0.96,N,VIIRS_NOAA20_NRT,,
23.16558,82.33907,309.5,0.4,0.37,2026-08-01,2019,N20,VIIRS,n,2.0NRT,259.27,0.58,N,VIIRS_NOAA20_NRT,,
23.16828,82.34354,295.31,0.4,0.37,2026-08-01,2019,N20,VIIRS,n,2.0NRT,254.62,0.59,N,VIIRS_NOAA20_NRT,,
23.64702,85.44136,312.65,0.51,0.41,2026-08-01,2019,N20,VIIRS,n,2.0NRT,286.19,2.23,N,VIIRS_NOAA20_NRT,,
23.64797,85.43639,307.59,0.51,0.41,2026-08-01,2019,N20,VIIRS,n,2.0NRT,283.36,2.23,N,VIIRS_NOAA20_NRT,,
23.67752,86.4006,300.56,0.39,0.44,2026-08-01,2019,N20,VIIRS,n,2.0NRT,270.23,0.96,N,VIIRS_NOAA20_NRT,,
23.67825,86.39687,303.28,0.38,0.44,2026-08-01,2019,N20,VIIRS,n,2.0NRT,268.75,0.96,N,VIIRS_NOAA20_NRT,,
23.67898,86.39319,298.2,0.38,0.44,2026-08-01,2019,N20,VIIRS,n,2.0NRT,267.75,0.53,N,VIIRS_NOAA20_NRT,,
23.68017,86.09469,325.52,0.56,0.43,2026-08-01,2019,N20,VIIRS,n,2.0NRT,281.97,3.14,N,VIIRS_NOAA20_NRT,,
23.68292,86.39404,308.4,0.38,0.44,2026-08-01,2019,N20,VIIRS,n,2.0NRT,269.5,0.92,N,VIIRS_NOAA20_NRT,,
23.68404,86.0956,306.81,0.56,0.43,2026-08-01,2019,N20,VIIRS,n,2.0NRT,282.96,3.14,N,VIIRS_NOAA20_NRT,,
23.68686,86.39489,298.84,0.38,0.44,2026-08-01,2019,N20,VIIRS,n,2.0NRT,270.96,0.92,N,VIIRS_NOAA20_NRT,,
23.68758,86.39125,302.55,0.38,0.44,2026-08-01,2019,N20,VIIRS,n,2.0NRT,268.05,0.92,N,VIIRS_NOAA20_NRT,,
23.69513,85.28842,306.7,0.5,0.41,2026-08-01,2019,N20,VIIRS,n,2.0NRT,288.39,1.74,N,VIIRS_NOAA20_NRT,,
23.73701,86.43325,306.48,0.39,0.44,2026-08-01,2019,N20,VIIRS,n,2.0NRT,264.37,1.05,N,VIIRS_NOAA20_NRT,,
23.75916,86.4034,300.03,0.38,0.44,2026-08-01,2019,N20,VIIRS,n,2.0NRT,264.01,0.76,N,VIIRS_NOAA20_NRT,,
23.7631,86.40427,300.18,0.38,0.44,2026-08-01,2019,N20,VIIRS,n,2.0NRT,264.51,1.7,N,VIIRS_NOAA20_NRT,,
23.77422,86.36267,295.99,0.57,0.43,2026-08-01,2019,N20,VIIRS,n,2.0NRT,266.9,1.21,N,VIIRS_NOAA20_NRT,,
23.77842,86.38842,295.34,0.38,0.43,2026-08-01,2019,N20,VIIRS,n,2.0NRT,266.47,0.69,N,VIIRS_NOAA20_NRT,,
23.78183,85.57716,301.41,0.52,0.42,2026-08-01,2019,N20,VIIRS,n,2.0NRT,280.03,1.37,N,VIIRS_NOAA20_NRT,,
23.78277,85.5721,300.92,0.52,0.41,2026-08-01,2019,N20,VIIRS,n,2.0NRT,278.97,1.05,N,VIIRS_NOAA20_NRT,,
23.78337,86.34074,298.07,0.57,0.43,2026-08-01,2019,N20,VIIRS,n,2.0NRT,272.5,1.73,N,VIIRS_NOAA20_NRT,,
23.78371,85.56706,300.4,0.52,0.41,2026-08-01,2019,N20,VIIRS,n,2.0NRT,279.23,1.05,N,VIIRS_NOAA20_NRT,,
23.78638,86.34246,297.56,0.57,0.43,2026-08-01,2019,N20,VIIRS,n,2.0NRT,272.54,1.52,N,VIIRS_NOAA20_NRT,,
23.78652,85.55202,309.45,0.52,0.41,2026-08-01,2019,N20,VIIRS,n,2.0NRT,285.38,2.64,N,VIIRS_NOAA20_NRT,,
23.79527,86.23495,297.43,0.56,0.43,2026-08-01,2019,N20,VIIRS,n,2.0NRT,275.45,1.41,N,VIIRS_NOAA20_NRT,,
23.79707,86.35059,300.13,0.57,0.43,2026-08-01,2019,N20,VIIRS,n,2.0NRT,268.02,1.57,N,VIIRS_NOAA20_NRT,,
23.80529,86.32943,312.24,0.57,0.43,2026-08-01,2019,N20,VIIRS,n,2.0NRT,274.18,2.18,N,VIIRS_NOAA20_NRT,,
23.82386,85.49789,308.15,0.51,0.41,2026-08-01,2019,N20,VIIRS,n,2.0NRT,288.68,2.56,N,VIIRS_NOAA20_NRT,,
24.11791,86.85925,308.61,0.4,0.44,2026-08-01,2019,N20,VIIRS,n,2.0NRT,286.17,2.23,N,VIIRS_NOAA20_NRT,,
24.12118,86.86406,309.77,0.4,0.44,2026-08-01,2019,N20,VIIRS,n,2.0NRT,285.84,1.42,N,VIIRS_NOAA20_NRT,,
24.12186,86.86384,309.91,0.4,0.44,2026-08-01,2019,N20,VIIRS,n,2.0NRT,285.94,1.42,N,VIIRS_NOAA20_NRT,,
24.76533,74.60587,305.62,0.47,0.47,2026-08-01,2019,N20,VIIRS,n,2.0NRT,285.42,1.08,N,VIIRS_NOAA20_NRT,,
25.03351,87.3898,301.06,0.42,0.45,2026-08-01,2019,N20,VIIRS,n,2.0NRT,280.54,1.33,N,VIIRS_NOAA20_NRT,,
26.64038,79.47826,308.02,0.42,0.38,2026-08-01,2019,N20,VIIRS,n,2.0NRT,280.77,1.01,N,VIIRS_NOAA20_NRT,,
26.64381,79.47885,311.21,0.42,0.38,2026-08-01,2019,N20,VIIRS,n,2.0NRT,281.95,1.55,N,VIIRS_NOAA20_NRT,,
35.9713,68.68418,303.96,0.68,0.74,2026-08-01,2019,N20,VIIRS,n,2.0NRT,291.68,1.54,N,VIIRS_NOAA20_NRT,,
17.13884,77.17729,305.53,0.42,0.38,2026-08-01,2021,N20,VIIRS,n,2.0NRT,289.61,0.77,N,VIIRS_NOAA20_NRT,,
17.14112,77.18571,307.49,0.42,0.38,2026-08-01,2021,N20,VIIRS,n,2.0NRT,290.19,1.18,N,VIIRS_NOAA20_NRT,,
17.61027,83.2024,300.35,0.48,0.4,2026-08-01,2021,N20,VIIRS,n,2.0NRT,275.29,0.69,N,VIIRS_NOAA20_NRT,,
20.69718,78.63522,307.55,0.4,0.37,2026-08-01,2021,N20,VIIRS,n,2.0NRT,288.39,0.71,N,VIIRS_NOAA20_NRT,,
21.00937,80.87962,303.97,0.39,0.36,2026-08-01,2021,N20,VIIRS,n,2.0NRT,289.74,1.13,N,VIIRS_NOAA20_NRT,,
21.17946,81.38543,306.98,0.39,0.36,2026-08-01,2021,N20,VIIRS,n,2.0NRT,290.86,1.7,N,VIIRS_NOAA20_NRT,,
21.18277,81.38604,323.77,0.39,0.36,2026-08-01,2021,N20,VIIRS,n,2.0NRT,292.06,1.7,N,VIIRS_NOAA20_NRT,,
21.18547,81.39037,309.62,0.39,0.36,2026-08-01,2021,N20,VIIRS,n,2.0NRT,291.01,1.15,N,VIIRS_NOAA20_NRT,,
21.18878,81.39098,312.27,0.39,0.36,2026-08-01,2021,N20,VIIRS,n,2.0NRT,290.96,1.15,N,VIIRS_NOAA20_NRT,,
21.18909,81.20028,309.08,0.39,0.36,2026-08-01,2021,N20,VIIRS,n,2.0NRT,290.5,0.81,N,VIIRS_NOAA20_NRT,,
21.24936,79.20856,303.01,0.39,0.37,2026-08-01,2021,N20,VIIRS,n,2.0NRT,286.26,0.67,N,VIIRS_NOAA20_NRT,,
21.33537,78.96964,309.48,0.4,0.37,2026-08-01,2021,N20,VIIRS,n,2.0NRT,290.17,1.16,N,VIIRS_NOAA20_NRT,,
21.33872,78.97022,310.54,0.4,0.37,2026-08-01,2021,N20,VIIRS,n,2.0NRT,289.55,1.04,N,VIIRS_NOAA20_NRT,,
21.56129,81.75552,308.68,0.39,0.36,2026-08-01,2021,N20,VIIRS,n,2.0NRT,288.46,2.0,N,VIIRS_NOAA20_NRT,,
21.62338,81.79445,308.07,0.39,0.37,2026-08-01,2021,N20,VIIRS,n,2.0NRT,288.51,1.77,N,VIIRS_NOAA20_NRT,,
21.63124,82.11251,304.85,0.4,0.37,2026-08-01,2021,N20,VIIRS,n,2.0NRT,285.92,0.62,N,VIIRS_NOAA20_NRT,,
21.67444,82.08134,304.84,0.4,0.37,2026-08-01,2021,N20,VIIRS,n,2.0NRT,285.07,0.76,N,VIIRS_NOAA20_NRT,,
21.73024,82.21424,309.17,0.4,0.37,2026-08-01,2021,N20,VIIRS,n,2.0NRT,287.7,1.78,N,VIIRS_NOAA20_NRT,,
22.00468,82.67042,314.24,0.41,0.37,2026-08-01,2021,N20,VIIRS,n,2.0NRT,284.48,1.63,N,VIIRS_NOAA20_NRT,,
22.31705,82.53432,296.12,0.41,0.37,2026-08-01,2021,N20,VIIRS,n,2.0NRT,263.96,0.25,N,VIIRS_NOAA20_NRT,,
22.31848,82.56682,298.12,0.41,0.37,2026-08-01,2021,N20,VIIRS,n,2.0NRT,265.7,0.47,N,VIIRS_NOAA20_NRT,,
22.31914,82.56291,301.39,0.41,0.37,2026-08-01,2021,N20,VIIRS,n,2.0NRT,264.62,0.57,N,VIIRS_NOAA20_NRT,,
22.32185,82.56748,295.04,0.41,0.37,2026-08-01,2021,N20,VIIRS,n,2.0NRT,264.36,0.47,N,VIIRS_NOAA20_NRT,,
22.32251,82.56358,295.39,0.41,0.37,2026-08-01,2021,N20,VIIRS,n,2.0NRT,264.03,0.57,N,VIIRS_NOAA20_NRT,,
22.32516,82.54797,298.63,0.41,0.37,2026-08-01,2021,N20,VIIRS,n,2.0NRT,263.97,0.87,N,VIIRS_NOAA20_NRT,,
22.33272,82.60599,299.53,0.41,0.37,2026-08-01,2021,N20,VIIRS,n,2.0NRT,266.67,0.4,N,VIIRS_NOAA20_NRT,,
22.35636,82.30221,309.28,0.4,0.37,2026-08-01,2021,N20,VIIRS,n,2.0NRT,269.98,1.97,N,VIIRS_NOAA20_NRT,,
22.3597,82.30285,323.6,0.4,0.37,2026-08-01,2021,N20,VIIRS,n,2.0NRT,271.24,1.97,N,VIIRS_NOAA20_NRT,,
10.63879,77.44735,301.63,0.39,0.36,2026-08-01,2023,N20,VIIRS,n,2.0NRT,283.49,0.32,N,VIIRS_NOAA20_NRT,,
10.81198,79.84731,314.36,0.41,0.37,2026-08-01,2023,N20,VIIRS,n,2.0NRT,292.06,1.81,N,VIIRS_NOAA20_NRT,,
11.26742,80.00588,307.95,0.41,0.37,2026-08-01,2023,N20,VIIRS,n,2.0NRT,291.54,0.99,N,VIIRS_NOAA20_NRT,,
11.28767,79.75057,330.43,0.41,0.37,2026-08-01,2023,N20,VIIRS,n,2.0NRT,291.41,2.43,N,VIIRS_NOAA20_NRT,,
11.36164,79.23067,307.7,0.39,0.36,2026-08-01,2023,N20,VIIRS,n,2.0NRT,291.34,1.81,N,VIIRS_NOAA20_NRT,,
11.42618,77.49764,314.74,0.39,0.36,2026-08-01,2023,N20,VIIRS,n,2.0NRT,288.05,1.15,N,VIIRS_NOAA20_NRT,,
11.81586,77.9163,305.33,0.38,0.36,2026-08-01,2023,N20,VIIRS,n,2.0NRT,288.14,0.63,N,VIIRS_NOAA20_NRT,,
8.45661,80.74599,321.42,0.47,0.4,2026-08-01,2025,N20,VIIRS,n,2.0NRT,286.09,2.5,N,VIIRS_NOAA20_NRT,,
8.66925,77.99277,304.57,0.39,0.36,2026-08-01,2025,N20,VIIRS,n,2.0NRT,285.98,0.82,N,VIIRS_NOAA20_NRT,,
8.82361,78.08907,306.98,0.39,0.36,2026-08-01,2025,N20,VIIRS,n,2.0NRT,283.16,1.24,N,VIIRS_NOAA20_NRT,,
8.82417,78.08559,306.46,0.39,0.36,2026-08-01,2025,N20,VIIRS,n,2.0NRT,285.45,1.24,N,VIIRS_NOAA20_NRT,,
8.82692,78.08961,324.72,0.39,0.36,2026-08-01,2025,N20,VIIRS,n,2.0NRT,290.58,8.97,N,VIIRS_NOAA20_NRT,,
8.82747,78.08612,331.31,0.39,0.36,2026-08-01,2025,N20,VIIRS,n,2.0NRT,288.51,8.97,N,VIIRS_NOAA20_NRT,,
35.96586,68.68298,305.35,0.59,0.53,2026-08-01,2157,N20,VIIRS,n,2.0NRT,293.76,2.36,N,VIIRS_NOAA20_NRT,,
8.28535,80.60687,339.89,0.63,0.54,2026-08-02,729,N20,VIIRS,n,2.0NRT,289.28,6.98,D,VIIRS_NOAA20_NRT,,
8.56619,80.62856,337.91,0.62,0.54,2026-08-02,729,N20,VIIRS,n,2.0NRT,287.04,9.12,D,VIIRS_NOAA20_NRT,,
8.70023,80.35919,336.03,0.32,0.55,2026-08-02,729,N20,VIIRS,n,2.0NRT,287.63,2.34,D,VIIRS_NOAA20_NRT,,
8.70074,80.36208,330.83,0.32,0.55,2026-08-02,729,N20,VIIRS,n,2.0NRT,283.5,2.34,D,VIIRS_NOAA20_NRT,,
10.61565,79.65601,338.06,0.33,0.55,2026-08-02,729,N20,VIIRS,n,2.0NRT,292.15,2.93,D,VIIRS_NOAA20_NRT,,
10.88474,79.83207,339.26,0.32,0.55,2026-08-02,729,N20,VIIRS,n,2.0NRT,289.72,1.48,D,VIIRS_NOAA20_NRT,,
10.94911,79.78835,339.3,0.32,0.55,2026-08-02,729,N20,VIIRS,n,2.0NRT,289.3,4.2,D,VIIRS_NOAA20_NRT,,
11.18027,79.53069,336.33,0.33,0.55,2026-08-02,729,N20,VIIRS,n,2.0NRT,289.83,1.63,D,VIIRS_NOAA20_NRT,,
11.49028,79.55821,339.59,0.32,0.55,2026-08-02,731,N20,VIIRS,n,2.0NRT,290.41,3.37,D,VIIRS_NOAA20_NRT,,
12.04076,79.63448,340.49,0.63,0.54,2026-08-02,731,N20,VIIRS,n,2.0NRT,275.31,6.1,D,VIIRS_NOAA20_NRT,,
12.06237,78.75201,367.0,0.36,0.57,2026-08-02,731,N20,VIIRS,h,2.0NRT,292.46,6.24,D,VIIRS_NOAA20_NRT,,
13.6854,78.08358,340.21,0.37,0.58,2026-08-02,731,N20,VIIRS,n,2.0NRT,291.43,4.31,D,VIIRS_NOAA20_NRT,,
14.67235,79.53287,331.94,0.57,0.52,2026-08-02,731,N20,VIIRS,n,2.0NRT,294.41,3.82,D,VIIRS_NOAA20_NRT,,
15.1253,76.765,335.8,0.43,0.62,2026-08-02,731,N20,VIIRS,n,2.0NRT,288.64,3.26,D,VIIRS_NOAA20_NRT,,
17.34344,80.85319,345.23,0.42,0.45,2026-08-02,731,N20,VIIRS,n,2.0NRT,293.43,11.86,D,VIIRS_NOAA20_NRT,,
17.60891,83.20403,338.42,0.47,0.39,2026-08-02,731,N20,VIIRS,n,2.0NRT,296.35,8.52,D,VIIRS_NOAA20_NRT,,
19.10179,82.16485,330.28,0.5,0.41,2026-08-02,731,N20,VIIRS,n,2.0NRT,295.46,4.25,D,VIIRS_NOAA20_NRT,,
20.96793,86.00375,337.35,0.38,0.36,2026-08-02,733,N20,VIIRS,n,2.0NRT,293.27,6.18,D,VIIRS_NOAA20_NRT,,
21.07794,85.03757,332.32,0.39,0.36,2026-08-02,733,N20,VIIRS,l,2.0NRT,299.67,10.2,D,VIIRS_NOAA20_NRT,,
21.67383,84.04063,330.91,0.4,0.37,2026-08-02,733,N20,VIIRS,l,2.0NRT,294.46,3.05,D,VIIRS_NOAA20_NRT,,
21.67717,84.04002,337.96,0.4,0.37,2026-08-02,733,N20,VIIRS,l,2.0NRT,296.78,6.52,D,VIIRS_NOAA20_NRT,,
21.74012,83.84264,331.9,0.4,0.37,2026-08-02,733,N20,VIIRS,l,2.0NRT,298.35,5.04,D,VIIRS_NOAA20_NRT,,
21.74349,83.842,345.51,0.4,0.37,2026-08-02,733,N20,VIIRS,l,2.0NRT,297.9,5.04,D,VIIRS_NOAA20_NRT,,
21.74748,83.84521,337.28,0.4,0.37,2026-08-02,733,N20,VIIRS,l,2.0NRT,297.99,17.84,D,VIIRS_NOAA20_NRT,,
21.7542,83.84396,346.78,0.4,0.37,2026-08-02,733,N20,VIIRS,l,2.0NRT,297.01,9.87,D,VIIRS_NOAA20_NRT,,
21.76219,83.85041,336.0,0.4,0.37,2026-08-02,733,N20,VIIRS,l,2.0NRT,296.0,7.29,D,VIIRS_NOAA20_NRT,,
21.76636,84.02389,338.6,0.4,0.37,2026-08-02,733,N20,VIIRS,l,2.0NRT,292.85,6.79,D,VIIRS_NOAA20_NRT,,
22.35583,82.3048,331.86,0.45,0.39,2026-08-02,733,N20,VIIRS,l,2.0NRT,297.73,4.59,D,VIIRS_NOAA20_NRT,,
22.35817,87.29308,330.47,0.41,0.37,2026-08-02,733,N20,VIIRS,n,2.0NRT,295.78,2.61,D,VIIRS_NOAA20_NRT,,
22.35936,82.30412,339.68,0.45,0.39,2026-08-02,733,N20,VIIRS,n,2.0NRT,297.18,5.03,D,VIIRS_NOAA20_NRT,,
22.36522,87.01934,330.83,0.4,0.37,2026-08-02,733,N20,VIIRS,n,2.0NRT,296.82,6.81,D,VIIRS_NOAA20_NRT,,
22.37743,87.27801,347.93,0.41,0.37,2026-08-02,733,N20,VIIRS,n,2.0NRT,298.4,5.9,D,VIIRS_NOAA20_NRT,,
22.37799,87.28196,338.58,0.41,0.37,2026-08-02,733,N20,VIIRS,n,2.0NRT,296.89,5.9,D,VIIRS_NOAA20_NRT,,
22.57195,85.89941,331.09,0.39,0.36,2026-08-02,733,N20,VIIRS,n,2.0NRT,294.5,2.55,D,VIIRS_NOAA20_NRT,,
23.16589,82.34008,331.55,0.44,0.38,2026-08-02,733,N20,VIIRS,l,2.0NRT,293.67,4.03,D,VIIRS_NOAA20_NRT,,
26.00009,93.45987,333.39,0.32,0.54,2026-08-02,733,N20,VIIRS,n,2.0NRT,288.9,1.85,D,VIIRS_NOAA20_NRT,,
28.18286,76.60889,337.22,0.48,0.48,2026-08-02,735,N20,VIIRS,n,2.0NRT,291.61,3.39,D,VIIRS_NOAA20_NRT,,
29.59424,76.10698,333.3,0.48,0.48,2026-08-02,735,N20,VIIRS,n,2.0NRT,292.87,3.14,D,VIIRS_NOAA20_NRT,,
29.59477,76.10917,331.84,0.48,0.48,2026-08-02,735,N20,VIIRS,n,2.0NRT,293.61,5.64,D,VIIRS_NOAA20_NRT,,
29.59857,76.10577,343.58,0.48,0.48,2026-08-02,735,N20,VIIRS,n,2.0NRT,293.19,4.28,D,VIIRS_NOAA20_NRT,,
29.59909,76.10796,338.67,0.48,0.48,2026-08-02,735,N20,VIIRS,n,2.0NRT,292.8,5.9,D,VIIRS_NOAA20_NRT,,
29.63628,77.26997,334.98,0.41,0.45,2026-08-02,735,N20,VIIRS,n,2.0NRT,290.38,4.27,D,VIIRS_NOAA20_NRT,,
29.80556,72.29185,339.4,0.4,0.6,2026-08-02,735,N20,VIIRS,n,2.0NRT,291.2,2.55,D,VIIRS_NOAA20_NRT,,
29.99296,73.6627,344.36,0.33,0.55,2026-08-02,735,N20,VIIRS,n,2.0NRT,292.8,2.99,D,VIIRS_NOAA20_NRT,,
29.99912,72.49616,334.91,0.38,0.59,2026-08-02,735,N20,VIIRS,n,2.0NRT,290.02,2.05,D,VIIRS_NOAA20_NRT,,
30.05933,71.42972,343.27,0.44,0.62,2026-08-02,735,N20,VIIRS,n,2.0NRT,286.85,4.75,D,VIIRS_NOAA20_NRT,,
30.06067,71.42578,330.91,0.44,0.62,2026-08-02,735,N20,VIIRS,n,2.0NRT,288.29,5.52,D,VIIRS_NOAA20_NRT,,
30.06179,71.43018,333.93,0.44,0.62,2026-08-02,735,N20,VIIRS,n,2.0NRT,285.16,4.03,D,VIIRS_NOAA20_NRT,,
30.31361,73.75098,330.67,0.32,0.54,2026-08-02,735,N20,VIIRS,n,2.0NRT,291.22,2.25,D,VIIRS_NOAA20_NRT,,
29.93328,72.94744,335.8,0.69,0.74,2026-08-02,915,N20,VIIRS,n,2.0NRT,286.78,6.72,D,VIIRS_NOAA20_NRT,,
29.93352,72.94899,337.19,0.69,0.74,2026-08-02,915,N20,VIIRS,n,2.0NRT,286.74,10.18,D,VIIRS_NOAA20_NRT,,
36.72794,95.23508,306.35,0.56,0.43,2026-08-02,1957,N20,VIIRS,n,2.0NRT,286.4,1.05,N,VIIRS_NOAA20_NRT,,
36.72847,95.23606,312.85,0.55,0.43,2026-08-02,1957,N20,VIIRS,n,2.0NRT,286.72,1.28,N,VIIRS_NOAA20_NRT,,
28.7467,76.92795,303.75,0.37,0.58,2026-08-02,2000,N20,VIIRS,n,2.0NRT,278.53,0.6,N,VIIRS_NOAA20_NRT,,
20.51417,85.72617,305.99,0.39,0.36,2026-08-02,2002,N20,VIIRS,n,2.0NRT,285.31,0.54,N,VIIRS_NOAA20_NRT,,
20.75957,85.2993,309.29,0.38,0.36,2026-08-02,2002,N20,VIIRS,n,2.0NRT,275.94,1.05,N,VIIRS_NOAA20_NRT,,
20.76015,85.29565,304.05,0.38,0.36,2026-08-02,2002,N20,VIIRS,n,2.0NRT,275.33,1.05,N,VIIRS_NOAA20_NRT,,
20.76073,85.29199,304.7,0.38,0.36,2026-08-02,2002,N20,VIIRS,n,2.0NRT,275.51,0.8,N,VIIRS_NOAA20_NRT,,
20.78572,85.26602,299.85,0.38,0.36,2026-08-02,2002,N20,VIIRS,n,2.0NRT,271.23,0.66,N,VIIRS_NOAA20_NRT,,
20.7863,85.26237,303.61,0.38,0.36,2026-08-02,2002,N20,VIIRS,n,2.0NRT,272.23,0.66,N,VIIRS_NOAA20_NRT,,
20.79017,85.2593,298.71,0.38,0.36,2026-08-02,2002,N20,VIIRS,n,2.0NRT,272.02,1.08,N,VIIRS_NOAA20_NRT,,
20.79133,85.25199,305.31,0.38,0.36,2026-08-02,2002,N20,VIIRS,n,2.0NRT,272.63,0.86,N,VIIRS_NOAA20_NRT,,
20.79404,85.25623,302.29,0.38,0.36,2026-08-02,2002,N20,VIIRS,n,2.0NRT,270.89,0.75,N,VIIRS_NOAA20_NRT,,
20.79462,85.25258,331.28,0.38,0.36,2026-08-02,2002,N20,VIIRS,n,2.0NRT,272.45,3.83,N,VIIRS_NOAA20_NRT,,
20.79675,85.26048,299.25,0.38,0.36,2026-08-02,2002,N20,VIIRS,n,2.0NRT,271.37,0.75,N,VIIRS_NOAA20_NRT,,
20.79733,85.25683,295.4,0.38,0.36,2026-08-02,2002,N20,VIIRS,n,2.0NRT,268.82,0.75,N,VIIRS_NOAA20_NRT,,
20.80061,85.25742,299.21,0.38,0.36,2026-08-02,2002,N20,VIIRS,n,2.0NRT,269.3,0.41,N,VIIRS_NOAA20_NRT,,
20.8039,85.25801,297.5,0.38,0.36,2026-08-02,2002,N20,VIIRS,n,2.0NRT,270.13,0.41,N,VIIRS_NOAA20_NRT,,
20.80719,85.2586,299.77,0.38,0.36,2026-08-02,2002,N20,VIIRS,n,2.0NRT,270.48,0.57,N,VIIRS_NOAA20_NRT,,
20.80777,85.25494,304.39,0.38,0.36,2026-08-02,2002,N20,VIIRS,n,2.0NRT,269.05,0.67,N,VIIRS_NOAA20_NRT,,
20.9223,86.04272,304.65,0.39,0.36,2026-08-02,2002,N20,VIIRS,n,2.0NRT,287.37,1.75,N,VIIRS_NOAA20_NRT,,
20.95207,86.04819,331.88,0.39,0.36,2026-08-02,2002,N20,VIIRS,n,2.0NRT,288.47,4.21,N,VIIRS_NOAA20_NRT,,
20.95268,86.04448,315.01,0.39,0.36,2026-08-02,2002,N20,VIIRS,n,2.0NRT,287.57,1.85,N,VIIRS_NOAA20_NRT,,
20.96203,86.00803,319.44,0.39,0.36,2026-08-02,2002,N20,VIIRS,n,2.0NRT,288.74,2.34,N,VIIRS_NOAA20_NRT,,
20.96531,86.05065,317.47,0.39,0.36,2026-08-02,2002,N20,VIIRS,n,2.0NRT,287.13,1.73,N,VIIRS_NOAA20_NRT,,
20.96803,86.01297,310.14,0.39,0.36,2026-08-02,2002,N20,VIIRS,n,2.0NRT,289.4,2.46,N,VIIRS_NOAA20_NRT,,
20.97013,86.021,310.48,0.39,0.36,2026-08-02,2002,N20,VIIRS,n,2.0NRT,288.3,1.52,N,VIIRS_NOAA20_NRT,,
20.97585,86.00678,310.78,0.39,0.36,2026-08-02,2002,N20,VIIRS,n,2.0NRT,288.55,1.91,N,VIIRS_NOAA20_NRT,,
21.00001,86.02637,313.99,0.39,0.36,2026-08-02,2002,N20,VIIRS,n,2.0NRT,289.05,1.9,N,VIIRS_NOAA20_NRT,,
21.00332,86.02699,309.42,0.39,0.36,2026-08-02,2002,N20,VIIRS,n,2.0NRT,288.33,1.2,N,VIIRS_NOAA20_NRT,,
21.80086,82.03843,295.04,0.46,0.39,2026-08-02,2002,N20,VIIRS,n,2.0NRT,267.21,0.33,N,VIIRS_NOAA20_NRT,,
21.80234,82.0415,295.24,0.46,0.39,2026-08-02,2002,N20,VIIRS,n,2.0NRT,266.51,0.49,N,VIIRS_NOAA20_NRT,,
22.24586,87.38796,303.59,0.41,0.37,2026-08-02,2002,N20,VIIRS,n,2.0NRT,271.71,0.63,N,VIIRS_NOAA20_NRT,,
22.35808,87.28825,302.52,0.41,0.37,2026-08-02,2002,N20,VIIRS,n,2.0NRT,272.2,0.8,N,VIIRS_NOAA20_NRT,,
22.36283,87.30126,296.0,0.41,0.37,2026-08-02,2002,N20,VIIRS,n,2.0NRT,265.25,0.48,N,VIIRS_NOAA20_NRT,,
22.3662,87.30193,305.38,0.41,0.37,2026-08-02,2002,N20,VIIRS,n,2.0NRT,265.65,0.58,N,VIIRS_NOAA20_NRT,,
22.37688,87.27986,313.67,0.41,0.37,2026-08-02,2002,N20,VIIRS,n,2.0NRT,264.84,1.52,N,VIIRS_NOAA20_NRT,,
22.37754,87.27596,302.82,0.41,0.37,2026-08-02,2002,N20,VIIRS,n,2.0NRT,262.36,0.45,N,VIIRS_NOAA20_NRT,,
22.57402,85.89589,304.82,0.38,0.36,2026-08-02,2002,N20,VIIRS,n,2.0NRT,273.15,1.13,N,VIIRS_NOAA20_NRT,,
23.26589,88.54272,306.54,0.44,0.38,2026-08-02,2002,N20,VIIRS,n,2.0NRT,281.5,0.51,N,VIIRS_NOAA20_NRT,,
23.56163,87.08474,308.41,0.4,0.37,2026-08-02,2002,N20,VIIRS,n,2.0NRT,278.16,1.23,N,VIIRS_NOAA20_NRT,,
23.61422,86.78865,303.56,0.39,0.36,2026-08-02,2002,N20,VIIRS,n,2.0NRT,279.18,0.92,N,VIIRS_NOAA20_NRT,,
23.66245,87.15553,310.79,0.4,0.37,2026-08-02,2002,N20,VIIRS,n,2.0NRT,278.03,1.25,N,VIIRS_NOAA20_NRT,,
23.66928,86.09188,303.72,0.38,0.36,2026-08-02,2002,N20,VIIRS,n,2.0NRT,281.49,1.46,N,VIIRS_NOAA20_NRT,,
23.67369,86.40417,296.87,0.39,0.36,2026-08-02,2002,N20,VIIRS,n,2.0NRT,273.68,0.81,N,VIIRS_NOAA20_NRT,,
23.67759,86.40105,304.26,0.39,0.36,2026-08-02,2002,N20,VIIRS,n,2.0NRT,278.58,0.81,N,VIIRS_NOAA20_NRT,,
23.6782,86.39729,306.92,0.39,0.36,2026-08-02,2002,N20,VIIRS,n,2.0NRT,278.78,2.03,N,VIIRS_NOAA20_NRT,,
23.6821,86.39417,308.72,0.39,0.36,2026-08-02,2002,N20,VIIRS,n,2.0NRT,277.3,0.79,N,VIIRS_NOAA20_NRT,,
23.68539,86.39481,303.29,0.39,0.36,2026-08-02,2002,N20,VIIRS,n,2.0NRT,272.36,0.79,N,VIIRS_NOAA20_NRT,,
23.68549,87.12046,303.45,0.4,0.37,2026-08-02,2002,N20,VIIRS,n,2.0NRT,278.41,1.12,N,VIIRS_NOAA20_NRT,,
23.686,86.39107,306.38,0.39,0.36,2026-08-02,2002,N20,VIIRS,n,2.0NRT,276.05,0.98,N,VIIRS_NOAA20_NRT,,
23.68881,87.12111,310.82,0.4,0.37,2026-08-02,2002,N20,VIIRS,n,2.0NRT,277.91,1.12,N,VIIRS_NOAA20_NRT,,
23.68932,87.09747,303.29,0.39,0.37,2026-08-02,2002,N20,VIIRS,n,2.0NRT,279.28,1.05,N,VIIRS_NOAA20_NRT,,
23.69214,87.12176,308.54,0.4,0.37,2026-08-02,2002,N20,VIIRS,n,2.0NRT,279.18,1.63,N,VIIRS_NOAA20_NRT,,
23.69342,87.11409,303.44,0.4,0.37,2026-08-02,2002,N20,VIIRS,n,2.0NRT,279.94,1.37,N,VIIRS_NOAA20_NRT,,
23.69405,87.11027,306.13,0.39,0.37,2026-08-02,2002,N20,VIIRS,n,2.0NRT,279.89,0.86,N,VIIRS_NOAA20_NRT,,
23.69469,87.10643,306.28,0.39,0.37,2026-08-02,2002,N20,VIIRS,n,2.0NRT,279.8,0.86,N,VIIRS_NOAA20_NRT,,
23.6966,87.09495,308.06,0.39,0.37,2026-08-02,2002,N20,VIIRS,n,2.0NRT,280.13,0.96,N,VIIRS_NOAA20_NRT,,
23.71371,86.45043,311.71,0.39,0.36,2026-08-02,2002,N20,VIIRS,n,2.0NRT,268.86,1.3,N,VIIRS_NOAA20_NRT,,
23.75502,85.85387,316.42,0.38,0.36,2026-08-02,2002,N20,VIIRS,n,2.0NRT,287.78,2.23,N,VIIRS_NOAA20_NRT,,
23.75561,85.85014,307.81,0.38,0.36,2026-08-02,2002,N20,VIIRS,n,2.0NRT,285.76,1.32,N,VIIRS_NOAA20_NRT,,
23.75633,86.39672,310.55,0.39,0.36,2026-08-02,2002,N20,VIIRS,n,2.0NRT,285.25,3.11,N,VIIRS_NOAA20_NRT,,
23.7583,85.85448,318.56,0.38,0.36,2026-08-02,2002,N20,VIIRS,n,2.0NRT,287.19,2.23,N,VIIRS_NOAA20_NRT,,
23.75841,86.40484,320.27,0.39,0.36,2026-08-02,2002,N20,VIIRS,n,2.0NRT,285.71,2.26,N,VIIRS_NOAA20_NRT,,
23.75902,86.40109,311.52,0.39,0.36,2026-08-02,2002,N20,VIIRS,n,2.0NRT,285.95,2.26,N,VIIRS_NOAA20_NRT,,
23.76225,86.40533,317.36,0.39,0.36,2026-08-02,2002,N20,VIIRS,n,2.0NRT,286.18,1.77,N,VIIRS_NOAA20_NRT,,
23.76285,86.40158,319.53,0.39,0.36,2026-08-02,2002,N20,VIIRS,n,2.0NRT,286.37,1.77,N,VIIRS_NOAA20_NRT,,
23.76407,86.3941,310.71,0.39,0.36,2026-08-02,2002,N20,VIIRS,n,2.0NRT,287.52,3.93,N,VIIRS_NOAA20_NRT,,
23.76554,86.40596,324.58,0.39,0.36,2026-08-02,2002,N20,VIIRS,n,2.0NRT,287.08,1.77,N,VIIRS_NOAA20_NRT,,
23.76614,86.40221,309.8,0.39,0.36,2026-08-02,2002,N20,VIIRS,n,2.0NRT,286.58,1.77,N,VIIRS_NOAA20_NRT,,
23.76944,86.40283,320.5,0.39,0.36,2026-08-02,2002,N20,VIIRS,n,2.0NRT,286.66,2.34,N,VIIRS_NOAA20_NRT,,
23.77175,86.19526,310.26,0.38,0.36,2026-08-02,2002,N20,VIIRS,n,2.0NRT,285.9,1.65,N,VIIRS_NOAA20_NRT,,
23.7755,86.36537,324.08,0.39,0.36,2026-08-02,2002,N20,VIIRS,n,2.0NRT,287.81,3.27,N,VIIRS_NOAA20_NRT,,
23.77576,86.38472,307.38,0.39,0.36,2026-08-02,2002,N20,VIIRS,n,2.0NRT,287.31,2.26,N,VIIRS_NOAA20_NRT,,
23.77593,86.21146,307.34,0.38,0.36,2026-08-02,2002,N20,VIIRS,n,2.0NRT,287.46,1.29,N,VIIRS_NOAA20_NRT,,
23.77611,86.36163,312.06,0.39,0.36,2026-08-02,2002,N20,VIIRS,n,2.0NRT,287.29,2.03,N,VIIRS_NOAA20_NRT,,
23.77845,86.38909,316.45,0.39,0.36,2026-08-02,2002,N20,VIIRS,n,2.0NRT,287.92,3.12,N,VIIRS_NOAA20_NRT,,
23.77922,86.21207,320.28,0.38,0.36,2026-08-02,2002,N20,VIIRS,n,2.0NRT,287.32,2.85,N,VIIRS_NOAA20_NRT,,
23.77982,86.20834,323.76,0.38,0.36,2026-08-02,2002,N20,VIIRS,n,2.0NRT,287.81,1.94,N,VIIRS_NOAA20_NRT,,
23.78087,86.37411,314.56,0.39,0.36,2026-08-02,2002,N20,VIIRS,n,2.0NRT,287.79,2.23,N,VIIRS_NOAA20_NRT,,
23.78182,86.34728,308.85,0.39,0.36,2026-08-02,2002,N20,VIIRS,n,2.0NRT,286.83,2.11,N,VIIRS_NOAA20_NRT,,
23.78311,86.20896,311.99,0.38,0.36,2026-08-02,2002,N20,VIIRS,n,2.0NRT,287.68,1.94,N,VIIRS_NOAA20_NRT,,
23.79437,86.35352,319.83,0.39,0.36,2026-08-02,2002,N20,VIIRS,n,2.0NRT,284.98,2.4,N,VIIRS_NOAA20_NRT,,
23.79827,86.35041,317.48,0.39,0.36,2026-08-02,2002,N20,VIIRS,n,2.0NRT,285.46,1.92,N,VIIRS_NOAA20_NRT,,
23.80129,86.33167,312.44,0.39,0.36,2026-08-02,2002,N20,VIIRS,n,2.0NRT,285.77,1.84,N,VIIRS_NOAA20_NRT,,
23.8019,86.32793,311.61,0.39,0.36,2026-08-02,2002,N20,VIIRS,n,2.0NRT,285.82,2.15,N,VIIRS_NOAA20_NRT,,
23.80458,86.3323,319.84,0.39,0.36,2026-08-02,2002,N20,VIIRS,n,2.0NRT,286.44,1.84,N,VIIRS_NOAA20_NRT,,
23.80519,86.32856,322.4,0.39,0.36,2026-08-02,2002,N20,VIIRS,n,2.0NRT,286.51,2.15,N,VIIRS_NOAA20_NRT,,
24.76735,74.60503,297.2,0.46,0.64,2026-08-02,2002,N20,VIIRS,n,2.0NRT,277.53,0.48,N,VIIRS_NOAA20_NRT,,
25.03508,87.38956,306.3,0.39,0.36,2026-08-02,2002,N20,VIIRS,n,2.0NRT,277.05,0.83,N,VIIRS_NOAA20_NRT,,
15.0254,78.0157,307.25,0.42,0.45,2026-08-02,2004,N20,VIIRS,n,2.0NRT,285.33,1.54,N,VIIRS_NOAA20_NRT,,
17.46376,80.6548,312.46,0.48,0.4,2026-08-02,2004,N20,VIIRS,n,2.0NRT,290.35,2.73,N,VIIRS_NOAA20_NRT,,
17.6054,83.20119,310.56,0.39,0.36,2026-08-02,2004,N20,VIIRS,n,2.0NRT,293.51,2.92,N,VIIRS_NOAA20_NRT,,
17.6115,83.20597,320.56,0.39,0.36,2026-08-02,2004,N20,VIIRS,n,2.0NRT,294.21,2.57,N,VIIRS_NOAA20_NRT,,
17.61375,83.19126,307.5,0.39,0.36,2026-08-02,2004,N20,VIIRS,n,2.0NRT,293.26,2.3,N,VIIRS_NOAA20_NRT,,
17.95569,80.79449,308.13,0.48,0.4,2026-08-02,2004,N20,VIIRS,n,2.0NRT,291.68,2.12,N,VIIRS_NOAA20_NRT,,
17.9686,83.15366,310.1,0.4,0.37,2026-08-02,2004,N20,VIIRS,n,2.0NRT,293.63,1.68,N,VIIRS_NOAA20_NRT,,
18.54154,83.34146,306.89,0.39,0.37,2026-08-02,2004,N20,VIIRS,n,2.0NRT,292.72,1.83,N,VIIRS_NOAA20_NRT,,
19.09676,82.16548,312.61,0.43,0.38,2026-08-02,2004,N20,VIIRS,n,2.0NRT,289.43,2.43,N,VIIRS_NOAA20_NRT,,
19.10023,82.16604,309.56,0.43,0.38,2026-08-02,2004,N20,VIIRS,n,2.0NRT,289.36,1.3,N,VIIRS_NOAA20_NRT,,
19.10312,82.17064,305.19,0.43,0.38,2026-08-02,2004,N20,VIIRS,n,2.0NRT,290.38,1.3,N,VIIRS_NOAA20_NRT,,
19.10371,82.16659,333.8,0.43,0.38,2026-08-02,2004,N20,VIIRS,n,2.0NRT,291.08,1.3,N,VIIRS_NOAA20_NRT,,
29.47797,76.85978,307.2,0.66,0.73,2026-08-02,2140,N20,VIIRS,n,2.0NRT,285.81,1.34,N,VIIRS_NOAA20_NRT,,
32.29604,70.73075,308.68,0.5,0.49,2026-08-02,2140,N20,VIIRS,n,2.0NRT,293.01,3.78,N,VIIRS_NOAA20_NRT,,
33.17427,70.44855,315.06,0.47,0.47,2026-08-02,2140,N20,VIIRS,n,2.0NRT,291.1,3.67,N,VIIRS_NOAA20_NRT,,
33.29642,71.1841,303.42,0.51,0.49,2026-08-02,2140,N20,VIIRS,n,2.0NRT,289.4,2.68,N,VIIRS_NOAA20_NRT,,
35.96737,68.68862,306.44,0.5,0.41,2026-08-02,2140,N20,VIIRS,n,2.0NRT,295.33,1.33,N,VIIRS_NOAA20_NRT,,
17.07052,81.6089,328.92,0.39,0.59,2026-08-03,714,N20,VIIRS,n,2.0NRT,286.03,3.42,D,VIIRS_NOAA20_NRT,,
17.60679,83.20387,336.0,0.59,0.53,2026-08-03,714,N20,VIIRS,n,2.0NRT,290.51,4.57,D,VIIRS_NOAA20_NRT,,
20.14194,94.98341,334.7,0.52,0.41,2026-08-03,714,N20,VIIRS,n,2.0NRT,290.85,2.23,D,VIIRS_NOAA20_NRT,,
20.2039,95.07477,339.42,0.52,0.42,2026-08-03,714,N20,VIIRS,n,2.0NRT,292.48,5.35,D,VIIRS_NOAA20_NRT,,
20.20517,95.05431,343.2,0.52,0.42,2026-08-03,714,N20,VIIRS,n,2.0NRT,293.31,5.47,D,VIIRS_NOAA20_NRT,,
20.20583,94.99905,335.99,0.52,0.41,2026-08-03,714,N20,VIIRS,n,2.0NRT,292.78,4.92,D,VIIRS_NOAA20_NRT,,
20.86234,84.98875,347.01,0.4,0.44,2026-08-03,714,N20,VIIRS,n,2.0NRT,293.12,5.54,D,VIIRS_NOAA20_NRT,,
20.86302,84.9925,331.12,0.4,0.44,2026-08-03,714,N20,VIIRS,n,2.0NRT,293.71,9.17,D,VIIRS_NOAA20_NRT,,
20.86308,84.98917,339.36,0.4,0.44,2026-08-03,714,N20,VIIRS,n,2.0NRT,293.53,5.57,D,VIIRS_NOAA20_NRT,,
20.86379,84.9929,331.5,0.4,0.44,2026-08-03,714,N20,VIIRS,n,2.0NRT,293.92,7.25,D,VIIRS_NOAA20_NRT,,
20.88319,84.98493,329.78,0.4,0.44,2026-08-03,714,N20,VIIRS,n,2.0NRT,294.76,5.62,D,VIIRS_NOAA20_NRT,,
20.88649,84.98027,335.86,0.4,0.44,2026-08-03,714,N20,VIIRS,n,2.0NRT,293.77,4.95,D,VIIRS_NOAA20_NRT,,
20.8872,84.98403,341.89,0.4,0.44,2026-08-03,714,N20,VIIRS,n,2.0NRT,293.14,4.95,D,VIIRS_NOAA20_NRT,,
21.92657,95.22532,337.1,0.56,0.43,2026-08-03,714,N20,VIIRS,n,2.0NRT,288.87,8.16,D,VIIRS_NOAA20_NRT,,
28.64113,87.15262,330.3,0.4,0.37,2026-08-03,716,N20,VIIRS,l,2.0NRT,301.07,8.55,D,VIIRS_NOAA20_NRT,,
15.23059,76.74387,345.8,0.42,0.61,2026-08-03,854,N20,VIIRS,n,2.0NRT,282.93,3.01,D,VIIRS_NOAA20_NRT,,
15.23342,76.74485,340.34,0.42,0.61,2026-08-03,854,N20,VIIRS,n,2.0NRT,285.07,3.19,D,VIIRS_NOAA20_NRT,,
21.10404,72.6461,335.31,0.54,0.51,2026-08-03,856,N20,VIIRS,n,2.0NRT,285.61,5.23,D,VIIRS_NOAA20_NRT,,
29.77831,72.4199,354.85,0.33,0.55,2026-08-03,858,N20,VIIRS,n,2.0NRT,290.61,4.68,D,VIIRS_NOAA20_NRT,,
29.78108,72.41832,347.59,0.33,0.55,2026-08-03,858,N20,VIIRS,n,2.0NRT,290.46,5.78,D,VIIRS_NOAA20_NRT,,
29.79342,72.2523,336.95,0.32,0.55,2026-08-03,858,N20,VIIRS,n,2.0NRT,291.11,2.5,D,VIIRS_NOAA20_NRT,,
29.79369,72.25567,334.06,0.32,0.55,2026-08-03,858,N20,VIIRS,n,2.0NRT,290.55,2.5,D,VIIRS_NOAA20_NRT,,
29.84849,72.23981,330.8,0.32,0.55,2026-08-03,858,N20,VIIRS,n,2.0NRT,289.38,1.76,D,VIIRS_NOAA20_NRT,,
29.85355,72.2393,333.58,0.32,0.55,2026-08-03,858,N20,VIIRS,n,2.0NRT,288.65,2.9,D,VIIRS_NOAA20_NRT,,
29.88,72.94592,345.56,0.36,0.57,2026-08-03,858,N20,VIIRS,n,2.0NRT,284.52,4.94,D,VIIRS_NOAA20_NRT,,
35.99185,94.82948,310.35,0.39,0.36,2026-08-03,1940,N20,VIIRS,n,2.0NRT,282.03,1.5,N,VIIRS_NOAA20_NRT,,
17.60512,83.20341,305.01,0.43,0.46,2026-08-03,1945,N20,VIIRS,n,2.0NRT,287.33,1.06,N,VIIRS_NOAA20_NRT,,
17.60932,83.20399,312.21,0.43,0.46,2026-08-03,1945,N20,VIIRS,n,2.0NRT,287.67,1.06,N,VIIRS_NOAA20_NRT,,
20.70803,94.89698,303.17,0.57,0.43,2026-08-03,1945,N20,VIIRS,n,2.0NRT,277.48,1.53,N,VIIRS_NOAA20_NRT,,
20.86334,84.98847,299.63,0.55,0.43,2026-08-03,1945,N20,VIIRS,n,2.0NRT,260.3,0.72,N,VIIRS_NOAA20_NRT,,
21.92705,85.22448,295.19,0.55,0.43,2026-08-03,1945,N20,VIIRS,n,2.0NRT,265.32,0.68,N,VIIRS_NOAA20_NRT,,
21.92715,85.22404,296.76,0.55,0.43,2026-08-03,1945,N20,VIIRS,n,2.0NRT,265.38,1.3,N,VIIRS_NOAA20_NRT,,
22.05452,88.12509,306.03,0.41,0.37,2026-08-03,1945,N20,VIIRS,n,2.0NRT,275.51,1.61,N,VIIRS_NOAA20_NRT,,
22.21446,84.86998,308.05,0.39,0.44,2026-08-03,1945,N20,VIIRS,n,2.0NRT,275.2,1.51,N,VIIRS_NOAA20_NRT,,
22.78971,86.19771,296.17,0.5,0.41,2026-08-03,1945,N20,VIIRS,n,2.0NRT,267.1,0.92,N,VIIRS_NOAA20_NRT,,
12.747,77.61954,298.19,0.44,0.62,2026-08-03,1947,N20,VIIRS,n,2.0NRT,277.24,1.49,N,VIIRS_NOAA20_NRT,,
35.96972,68.68552,304.95,0.38,0.36,2026-08-03,2121,N20,VIIRS,n,2.0NRT,294.68,1.64,N,VIIRS_NOAA20_NRT,,
22.9088,69.69844,307.32,0.53,0.42,2026-08-03,2123,N20,VIIRS,n,2.0NRT,287.88,1.27,N,VIIRS_NOAA20_NRT,,
22.92707,69.82308,304.26,0.54,0.42,2026-08-03,2123,N20,VIIRS,n,2.0NRT,289.21,0.82,N,VIIRS_NOAA20_NRT,,
22.93262,69.69827,308.68,0.53,0.42,2026-08-03,2123,N20,VIIRS,n,2.0NRT,288.17,1.57,N,VIIRS_NOAA20_NRT,,
28.61341,68.62987,308.07,0.41,0.37,2026-08-03,2123,N20,VIIRS,n,2.0NRT,292.08,0.6,N,VIIRS_NOAA20_NRT,,
33.27749,72.14617,302.18,0.49,0.4,2026-08-03,2123,N20,VIIRS,n,2.0NRT,282.52,0.56,N,VIIRS_NOAA20_NRT,,
25.38964,68.58128,304.6,0.44,0.38,2026-08-03,2125,N20,VIIRS,n,2.0NRT,282.02,0.72,N,VIIRS_NOAA20_NRT,,
29.56117,90.98092,328.22,0.41,0.37,2026-08-04,659,N20,VIIRS,l,2.0NRT,299.01,4.37,D,VIIRS_NOAA20_NRT,,
29.56383,90.97607,331.8,0.41,0.37,2026-08-04,659,N20,VIIRS,l,2.0NRT,300.63,4.8,D,VIIRS_NOAA20_NRT,,
29.64788,90.95004,367.0,0.41,0.37,2026-08-04,659,N20,VIIRS,h,2.0NRT,306.34,25.79,D,VIIRS_NOAA20_NRT,,
8.64996,77.84708,331.15,0.39,0.44,2026-08-04,835,N20,VIIRS,n,2.0NRT,292.41,1.28,D,VIIRS_NOAA20_NRT,,
8.94327,78.07706,331.27,0.41,0.45,2026-08-04,835,N20,VIIRS,n,2.0NRT,292.88,0.46,D,VIIRS_NOAA20_NRT,,
9.4172,77.78387,337.45,0.4,0.44,2026-08-04,835,N20,VIIRS,n,2.0NRT,291.05,3.56,D,VIIRS_NOAA20_NRT,,
13.88589,77.49372,332.68,0.44,0.46,2026-08-04,835,N20,VIIRS,n,2.0NRT,294.63,3.43,D,VIIRS_NOAA20_NRT,,
14.94077,79.90197,335.26,0.33,0.55,2026-08-04,835,N20,VIIRS,n,2.0NRT,289.54,1.79,D,VIIRS_NOAA20_NRT,,
21.10588,72.64592,347.16,0.44,0.38,2026-08-04,835,N20,VIIRS,n,2.0NRT,291.34,7.53,D,VIIRS_NOAA20_NRT,,
27.84173,69.57006,330.25,0.4,0.37,2026-08-04,837,N20,VIIRS,l,2.0NRT,304.2,5.75,D,VIIRS_NOAA20_NRT,,
28.31727,70.3848,330.05,0.42,0.38,2026-08-04,837,N20,VIIRS,l,2.0NRT,301.79,6.83,D,VIIRS_NOAA20_NRT,,
28.31784,70.38906,330.49,0.42,0.38,2026-08-04,837,N20,VIIRS,l,2.0NRT,301.96,8.25,D,VIIRS_NOAA20_NRT,,
28.42294,69.70131,332.99,0.4,0.37,2026-08-04,837,N20,VIIRS,n,2.0NRT,300.25,3.18,D,VIIRS_NOAA20_NRT,,
28.46291,70.61215,330.11,0.43,0.38,2026-08-04,837,N20,VIIRS,l,2.0NRT,301.4,4.08,D,VIIRS_NOAA20_NRT,,
30.20005,71.91842,334.23,0.5,0.41,2026-08-04,839,N20,VIIRS,n,2.0NRT,295.8,3.1,D,VIIRS_NOAA20_NRT,,
30.20047,71.91627,332.39,0.5,0.41,2026-08-04,839,N20,VIIRS,n,2.0NRT,294.63,3.25,D,VIIRS_NOAA20_NRT,,
30.53128,72.01959,333.81,0.51,0.41,2026-08-04,839,N20,VIIRS,n,2.0NRT,295.38,3.77,D,VIIRS_NOAA20_NRT,,
31.02914,73.37025,331.42,0.41,0.45,2026-08-04,839,N20,VIIRS,n,2.0NRT,299.51,6.69,D,VIIRS_NOAA20_NRT,,
35.99294,94.83057,297.67,0.47,0.39,2026-08-04,1919,N20,VIIRS,n,2.0NRT,284.57,1.16,N,VIIRS_NOAA20_NRT,,
29.78722,91.6076,296.98,0.56,0.43,2026-08-04,1921,N20,VIIRS,n,2.0NRT,282.38,0.81,N,VIIRS_NOAA20_NRT,,
20.70543,94.89726,305.31,0.38,0.36,2026-08-04,1923,N20,VIIRS,n,2.0NRT,287.78,0.84,N,VIIRS_NOAA20_NRT,,
20.70601,94.89361,308.07,0.38,0.36,2026-08-04,1923,N20,VIIRS,n,2.0NRT,287.77,0.85,N,VIIRS_NOAA20_NRT,,
17.61057,83.20392,318.88,0.44,0.62,2026-08-04,1925,N20,VIIRS,n,2.0NRT,281.7,3.29,N,VIIRS_NOAA20_NRT,,
32.08711,74.1654,309.14,0.41,0.37,2026-08-04,2101,N20,VIIRS,n,2.0NRT,293.94,4.17,N,VIIRS_NOAA20_NRT,,
32.1024,74.17788,310.92,0.41,0.37,2026-08-04,2101,N20,VIIRS,n,2.0NRT,293.8,3.46,N,VIIRS_NOAA20_NRT,,
32.13139,74.17872,310.76,0.41,0.37,2026-08-04,2101,N20,VIIRS,n,2.0NRT,293.94,3.12,N,VIIRS_NOAA20_NRT,,
32.3803,72.13938,305.02,0.38,0.36,2026-08-04,2101,N20,VIIRS,n,2.0NRT,294.56,1.33,N,VIIRS_NOAA20_NRT,,
32.72231,72.9229,313.07,0.39,0.36,2026-08-04,2101,N20,VIIRS,n,2.0NRT,294.16,1.91,N,VIIRS_NOAA20_NRT,,
32.72786,73.13976,311.65,0.39,0.36,2026-08-04,2101,N20,VIIRS,n,2.0NRT,294.93,1.97,N,VIIRS_NOAA20_NRT,,
32.88924,71.61791,311.19,0.39,0.36,2026-08-04,2101,N20,VIIRS,n,2.0NRT,295.13,2.9,N,VIIRS_NOAA20_NRT,,
33.17085,70.45148,318.85,0.41,0.37,2026-08-04,2101,N20,VIIRS,n,2.0NRT,294.0,0.97,N,VIIRS_NOAA20_NRT,,
33.17424,70.45215,309.15,0.41,0.37,2026-08-04,2101,N20,VIIRS,n,2.0NRT,293.87,0.18,N,VIIRS_NOAA20_NRT,,
33.54505,71.55178,309.41,0.39,0.36,2026-08-04,2101,N20,VIIRS,n,2.0NRT,294.34,2.84,N,VIIRS_NOAA20_NRT,,
25.38799,68.58224,320.82,0.41,0.37,2026-08-04,2104,N20,VIIRS,n,2.0NRT,295.84,2.39,N,VIIRS_NOAA20_NRT,,
28.42538,69.69952,321.19,0.4,0.37,2026-08-04,2104,N20,VIIRS,n,2.0NRT,293.89,1.55,N,VIIRS_NOAA20_NRT,,
22.34027,69.85518,308.21,0.38,0.36,2026-08-04,2106,N20,VIIRS,n,2.0NRT,286.94,1.84,N,VIIRS_NOAA20_NRT,,
32.11213,92.30606,,1.86,1.33,2026-07-01,321,Terra,MODIS,56,6.1NRT,,13.21,D,MODIS_NRT,305.1,287.81
34.48546,87.69999,,1.02,1.01,2026-07-01,321,Terra,MODIS,52,6.1NRT,,4.79,D,MODIS_NRT,302.58,290.45
29.19009,88.88744,,1.29,1.13,2026-07-01,323,Terra,MODIS,47,6.1NRT,,13.28,D,MODIS_NRT,318.54,299.05
31.07826,91.055,,1.62,1.25,2026-07-01,323,Terra,MODIS,35,6.1NRT,,8.66,D,MODIS_NRT,301.91,286.15
31.43525,92.00277,,1.83,1.33,2026-07-01,323,Terra,MODIS,70,6.1NRT,,28.45,D,MODIS_NRT,315.98,290.39
34.43966,71.74926,,3.03,1.66,2026-07-01,459,Terra,MODIS,62,6.1NRT,,29.36,D,MODIS_NRT,318.32,293.21
34.44136,71.75677,,3.03,1.66,2026-07-01,459,Terra,MODIS,66,6.1NRT,,27.29,D,MODIS_NRT,318.0,293.14
30.22575,72.49121,,4.38,1.93,2026-07-01,501,Terra,MODIS,36,6.1NRT,,46.52,D,MODIS_NRT,318.57,297.89
32.27005,96.81326,,1.34,1.15,2026-07-01,824,Aqua,MODIS,64,6.1NRT,,8.72,D,MODIS_NRT,306.84,293.26
9.76948,78.25819,,1.32,1.14,2026-07-01,956,Aqua,MODIS,83,6.1NRT,,30.82,D,MODIS_NRT,331.7,296.85
9.77134,78.26979,,1.32,1.14,2026-07-01,956,Aqua,MODIS,83,6.1NRT,,30.51,D,MODIS_NRT,331.3,297.2
26.48295,79.06618,,1.04,1.02,2026-07-01,1002,Aqua,MODIS,48,6.1NRT,,7.03,D,MODIS_NRT,316.68,289.65
30.20627,72.85996,,1.33,1.14,2026-07-01,1004,Aqua,MODIS,77,6.1NRT,,20.95,D,MODIS_NRT,331.35,306.31
30.20865,72.87314,,1.33,1.14,2026-07-01,1004,Aqua,MODIS,80,6.1NRT,,25.41,D,MODIS_NRT,333.61,306.05
30.22794,72.92328,,1.32,1.14,2026-07-01,1004,Aqua,MODIS,75,6.1NRT,,18.64,D,MODIS_NRT,330.09,306.27
30.38601,73.65352,,1.2,1.09,2026-07-01,1004,Aqua,MODIS,68,6.1NRT,,10.0,D,MODIS_NRT,324.97,301.88
30.39913,73.07918,,1.28,1.12,2026-07-01,1004,Aqua,MODIS,65,6.1NRT,,9.76,D,MODIS_NRT,324.82,304.23
30.50333,73.53919,,1.21,1.09,2026-07-01,1004,Aqua,MODIS,72,6.1NRT,,12.47,D,MODIS_NRT,327.44,302.35
30.55607,73.78702,,1.18,1.08,2026-07-01,1004,Aqua,MODIS,70,6.1NRT,,12.01,D,MODIS_NRT,325.97,301.09
30.59128,73.93636,,1.16,1.07,2026-07-01,1004,Aqua,MODIS,62,6.1NRT,,7.09,D,MODIS_NRT,322.53,299.34
30.61711,73.9184,,1.16,1.07,2026-07-01,1004,Aqua,MODIS,74,6.1NRT,,14.47,D,MODIS_NRT,328.02,300.34
30.62784,73.86766,,1.16,1.07,2026-07-01,1004,Aqua,MODIS,64,6.1NRT,,7.99,D,MODIS_NRT,323.26,300.47
30.73348,73.94616,,1.15,1.07,2026-07-01,1004,Aqua,MODIS,53,6.1NRT,,7.03,D,MODIS_NRT,323.51,300.14
30.86211,74.10002,,1.13,1.06,2026-07-01,1004,Aqua,MODIS,56,6.1NRT,,6.91,D,MODIS_NRT,320.82,299.32
30.88205,75.92687,,1.01,1.0,2026-07-01,1004,Aqua,MODIS,84,6.1NRT,,21.6,D,MODIS_NRT,333.09,298.34
31.60657,72.70189,,1.28,1.12,2026-07-01,1004,Aqua,MODIS,73,6.1NRT,,17.2,D,MODIS_NRT,327.67,302.72
31.75594,72.72034,,1.27,1.12,2026-07-01,1004,Aqua,MODIS,38,6.1NRT,,9.28,D,MODIS_NRT,324.24,303.0
31.8747,73.70932,,1.14,1.06,2026-07-01,1004,Aqua,MODIS,62,6.1NRT,,7.67,D,MODIS_NRT,321.16,300.03
32.58414,73.12978,,1.18,1.08,2026-07-01,1004,Aqua,MODIS,59,6.1NRT,,19.37,D,MODIS_NRT,330.75,302.16
32.63678,73.26646,,1.16,1.07,2026-07-01,1004,Aqua,MODIS,67,6.1NRT,,8.12,D,MODIS_NRT,324.31,302.45
32.63881,73.27833,,1.16,1.07,2026-07-01,1004,Aqua,MODIS,65,6.1NRT,,7.4,D,MODIS_NRT,323.57,302.11
34.48836,71.95246,,1.26,1.11,2026-07-01,1004,Aqua,MODIS,68,6.1NRT,,14.02,D,MODIS_NRT,326.26,302.59
29.72813,71.9345,,1.47,1.2,2026-07-01,1558,Terra,MODIS,77,6.1NRT,,10.75,N,MODIS_NRT,311.44,297.57
25.03226,87.38522,,1.18,1.08,2026-07-01,2208,Aqua,MODIS,9,6.1NRT,,5.21,N,MODIS_NRT,301.12,288.77
20.95576,85.19365,,1.06,1.03,2026-07-01,2210,Aqua,MODIS,8,6.1NRT,,4.55,N,MODIS_NRT,304.93,289.42
20.95733,85.18382,,1.06,1.03,2026-07-01,2210,Aqua,MODIS,55,6.1NRT,,6.72,N,MODIS_NRT,307.87,289.89
20.9589,85.174,,1.06,1.03,2026-07-01,2210,Aqua,MODIS,21,6.1NRT,,5.4,N,MODIS_NRT,305.82,289.62
29.1459,96.80033,,1.25,1.11,2026-07-02,224,Terra,MODIS,26,6.1NRT,,7.92,D,MODIS_NRT,302.92,288.43
31.59551,96.92361,,1.32,1.14,2026-07-02,224,Terra,MODIS,17,6.1NRT,,4.98,D,MODIS_NRT,301.7,286.7
30.47104,73.89066,,1.08,1.04,2026-07-02,402,Terra,MODIS,64,6.1NRT,,12.32,D,MODIS_NRT,323.83,298.51
30.76331,72.92358,,1.19,1.09,2026-07-02,402,Terra,MODIS,60,6.1NRT,,9.02,D,MODIS_NRT,320.65,299.44
31.46144,72.86385,,1.22,1.1,2026-07-02,402,Terra,MODIS,61,6.1NRT,,7.95,D,MODIS_NRT,318.5,299.19
30.29599,73.60746,,1.1,1.05,2026-07-02,404,Terra,MODIS,56,6.1NRT,,6.94,D,MODIS_NRT,318.33,298.6
30.3142,73.1594,,1.15,1.07,2026-07-02,404,Terra,MODIS,54,6.1NRT,,6.92,D,MODIS_NRT,318.47,298.38
30.38168,73.28205,,1.14,1.06,2026-07-02,404,Terra,MODIS,58,6.1NRT,,6.91,D,MODIS_NRT,318.83,298.86
30.43391,73.67657,,1.1,1.04,2026-07-02,404,Terra,MODIS,60,6.1NRT,,6.26,D,MODIS_NRT,317.96,298.92
30.46196,73.88915,,1.08,1.04,2026-07-02,404,Terra,MODIS,13,6.1NRT,,7.19,D,MODIS_NRT,319.72,298.54
23.69027,87.11666,,2.06,1.4,2026-07-02,902,Aqua,MODIS,63,6.1NRT,,15.93,D,MODIS_NRT,314.25,293.49
28.17521,94.80341,,1.13,1.06,2026-07-02,902,Aqua,MODIS,69,6.1NRT,,7.77,D,MODIS_NRT,316.32,299.25
29.30041,90.72128,,1.04,1.02,2026-07-02,902,Aqua,MODIS,68,6.1NRT,,13.64,D,MODIS_NRT,327.43,310.34
23.65009,68.5499,,1.0,1.0,2026-07-02,1038,Aqua,MODIS,87,6.1NRT,,29.17,D,MODIS_NRT,340.22,304.05
23.6515,68.55938,,1.0,1.0,2026-07-02,1038,Aqua,MODIS,80,6.1NRT,,18.23,D,MODIS_NRT,333.19,300.6
32.17377,70.30763,,1.28,1.12,2026-07-02,1041,Aqua,MODIS,70,6.1NRT,,14.93,D,MODIS_NRT,329.94,304.9
31.91847,94.05089,,1.2,1.09,2026-07-03,302,Terra,MODIS,63,6.1NRT,,6.86,D,MODIS_NRT,306.29,292.17
31.97029,96.60416,,1.68,1.27,2026-07-03,302,Terra,MODIS,46,6.1NRT,,8.64,D,MODIS_NRT,303.86,291.37
32.26578,96.82908,,1.71,1.28,2026-07-03,302,Terra,MODIS,43,6.1NRT,,12.76,D,MODIS_NRT,306.47,290.49
32.26868,96.81829,,1.71,1.28,2026-07-03,302,Terra,MODIS,72,6.1NRT,,22.07,D,MODIS_NRT,311.9,291.03
32.269,96.81167,,1.71,1.28,2026-07-03,302,Terra,MODIS,35,6.1NRT,,11.36,D,MODIS_NRT,305.45,291.47
32.30029,96.39635,,1.6,1.25,2026-07-03,302,Terra,MODIS,63,6.1NRT,,9.48,D,MODIS_NRT,306.22,293.72
32.65808,96.60099,,1.62,1.25,2026-07-03,302,Terra,MODIS,53,6.1NRT,,10.21,D,MODIS_NRT,304.58,291.79
32.96468,96.21481,,1.51,1.21,2026-07-03,302,Terra,MODIS,62,6.1NRT,,8.64,D,MODIS_NRT,305.91,293.74
33.26498,96.43145,,1.54,1.22,2026-07-03,302,Terra,MODIS,42,6.1NRT,,10.42,D,MODIS_NRT,309.42,293.01
33.76549,96.75082,,1.57,1.24,2026-07-03,302,Terra,MODIS,67,6.1NRT,,16.51,D,MODIS_NRT,310.88,292.9
33.77303,96.74591,,1.57,1.24,2026-07-03,302,Terra,MODIS,34,6.1NRT,,9.56,D,MODIS_NRT,305.56,291.15
33.90107,96.5272,,1.51,1.21,2026-07-03,302,Terra,MODIS,36,6.1NRT,,7.41,D,MODIS_NRT,305.56,291.66
34.51957,87.69399,,1.33,1.14,2026-07-03,302,Terra,MODIS,50,6.1NRT,,7.04,D,MODIS_NRT,307.69,291.69
34.52114,87.67975,,1.33,1.14,2026-07-03,302,Terra,MODIS,31,6.1NRT,,5.92,D,MODIS_NRT,307.0,291.94
23.78014,86.391,,1.17,1.08,2026-07-03,304,Terra,MODIS,12,6.1NRT,,9.55,D,MODIS_NRT,317.33,294.93
23.80269,86.33215,,1.18,1.08,2026-07-03,304,Terra,MODIS,51,6.1NRT,,8.63,D,MODIS_NRT,316.17,295.34
24.33987,88.49428,,1.01,1.0,2026-07-03,304,Terra,MODIS,40,6.1NRT,,4.77,D,MODIS_NRT,312.63,295.7
29.66837,91.20886,,1.01,1.01,2026-07-03,304,Terra,MODIS,78,6.1NRT,,10.99,D,MODIS_NRT,320.43,296.31
30.73685,95.83274,,1.59,1.24,2026-07-03,304,Terra,MODIS,61,6.1NRT,,14.1,D,MODIS_NRT,309.75,294.12
31.22452,96.60045,,1.74,1.29,2026-07-03,304,Terra,MODIS,41,6.1NRT,,12.39,D,MODIS_NRT,304.75,292.08
31.54094,95.26605,,1.41,1.18,2026-07-03,304,Terra,MODIS,64,6.1NRT,,8.28,D,MODIS_NRT,306.46,292.81
31.87898,93.78946,,1.17,1.08,2026-07-03,304,Terra,MODIS,27,6.1NRT,,5.11,D,MODIS_NRT,306.28,293.36
34.45614,72.68921,,1.65,1.26,2026-07-03,440,Terra,MODIS,42,6.1NRT,,9.49,D,MODIS_NRT,312.82,296.52
31.33256,72.5975,,1.9,1.35,2026-07-03,442,Terra,MODIS,69,6.1NRT,,17.32,D,MODIS_NRT,320.75,297.83
34.42816,68.89757,,1.07,1.03,2026-07-03,442,Terra,MODIS,71,6.1NRT,,8.4,D,MODIS_NRT,320.76,301.11
26.01938,68.40694,,1.3,1.13,2026-07-03,444,Terra,MODIS,72,6.1NRT,,20.2,D,MODIS_NRT,326.19,299.7
21.75999,83.84322,,1.01,1.01,2026-07-03,939,Aqua,MODIS,66,6.1NRT,,7.55,D,MODIS_NRT,316.43,294.05
23.16613,82.33558,,1.08,1.04,2026-07-03,939,Aqua,MODIS,57,6.1NRT,,5.44,D,MODIS_NRT,313.39,295.95
23.77831,86.20902,,1.12,1.05,2026-07-03,939,Aqua,MODIS,54,6.1NRT,,7.55,D,MODIS_NRT,313.2,285.72
24.15056,82.58331,,1.04,1.02,2026-07-03,939,Aqua,MODIS,64,6.1NRT,,6.01,D,MODIS_NRT,317.44,297.6
32.64217,74.93202,,1.98,1.37,2026-07-03,941,Aqua,MODIS,65,6.1NRT,,23.77,D,MODIS_NRT,321.63,299.66
30.61087,73.854,,1.07,1.03,2026-07-03,1539,Terra,MODIS,45,6.1NRT,,4.56,N,MODIS_NRT,308.32,296.25
30.79039,74.04594,,1.08,1.04,2026-07-03,1539,Terra,MODIS,73,6.1NRT,,7.86,N,MODIS_NRT,312.34,297.92
30.04478,81.00288,,1.0,1.0,2026-07-04,342,Terra,MODIS,15,6.1NRT,,5.45,D,MODIS_NRT,301.99,288.08
23.16796,82.34188,,1.28,1.12,2026-07-04,345,Terra,MODIS,61,6.1NRT,,8.0,D,MODIS_NRT,312.95,293.2
26.63959,79.48589,,1.0,1.0,2026-07-04,345,Terra,MODIS,64,6.1NRT,,6.36,D,MODIS_NRT,319.65,298.14
26.64095,79.47614,,1.0,1.0,2026-07-04,345,Terra,MODIS,71,6.1NRT,,9.16,D,MODIS_NRT,322.95,297.84
27.33377,79.07139,,1.02,1.01,2026-07-04,345,Terra,MODIS,69,6.1NRT,,7.12,D,MODIS_NRT,321.75,297.99
25.9271,92.65955,,1.87,1.34,2026-07-04,839,Aqua,MODIS,53,6.1NRT,,13.33,D,MODIS_NRT,314.15,294.43
25.93428,92.65328,,1.87,1.34,2026-07-04,839,Aqua,MODIS,64,6.1NRT,,15.95,D,MODIS_NRT,314.98,294.02
28.1682,95.81017,,1.11,1.05,2026-07-04,839,Aqua,MODIS,43,6.1NRT,,8.66,D,MODIS_NRT,317.41,300.92
28.29063,94.76923,,1.24,1.11,2026-07-04,839,Aqua,MODIS,64,6.1NRT,,6.43,D,MODIS_NRT,310.63,296.48
29.13998,92.5908,,1.62,1.25,2026-07-04,839,Aqua,MODIS,21,6.1NRT,,17.42,D,MODIS_NRT,317.14,302.1
32.10563,92.30766,,1.47,1.2,2026-07-04,841,Aqua,MODIS,25,6.1NRT,,10.38,D,MODIS_NRT,314.71,302.66
29.45827,71.43958,,1.06,1.03,2026-07-04,1019,Aqua,MODIS,70,6.1NRT,,10.6,D,MODIS_NRT,326.67,302.79
29.74882,72.04809,,1.02,1.01,2026-07-04,1019,Aqua,MODIS,47,6.1NRT,,12.13,D,MODIS_NRT,324.31,290.3
29.89242,72.37662,,1.01,1.0,2026-07-04,1019,Aqua,MODIS,42,6.1NRT,,11.69,D,MODIS_NRT,325.77,293.03
29.90356,71.67597,,1.04,1.02,2026-07-04,1019,Aqua,MODIS,79,6.1NRT,,17.91,D,MODIS_NRT,333.19,304.57
29.963,71.22948,,1.06,1.03,2026-07-04,1019,Aqua,MODIS,38,6.1NRT,,6.96,D,MODIS_NRT,322.95,301.92
30.0536,71.2691,,1.06,1.03,2026-07-04,1019,Aqua,MODIS,33,6.1NRT,,9.38,D,MODIS_NRT,322.0,301.42
30.16321,72.94965,,1.0,1.0,2026-07-04,1019,Aqua,MODIS,75,6.1NRT,,14.39,D,MODIS_NRT,330.14,303.83
30.31879,73.20236,,1.0,1.0,2026-07-04,1019,Aqua,MODIS,51,6.1NRT,,7.04,D,MODIS_NRT,323.61,300.93
30.3285,73.05946,,1.0,1.0,2026-07-04,1019,Aqua,MODIS,77,6.1NRT,,14.54,D,MODIS_NRT,331.15,304.26
30.32892,73.14869,,1.0,1.0,2026-07-04,1019,Aqua,MODIS,52,6.1NRT,,9.17,D,MODIS_NRT,326.64,303.74
30.44326,73.35809,,1.01,1.0,2026-07-04,1019,Aqua,MODIS,63,6.1NRT,,10.94,D,MODIS_NRT,326.47,301.04
30.46562,72.25397,,1.01,1.0,2026-07-04,1019,Aqua,MODIS,56,6.1NRT,,7.25,D,MODIS_NRT,323.84,300.09
30.47493,72.94236,,1.0,1.0,2026-07-04,1019,Aqua,MODIS,53,6.1NRT,,9.9,D,MODIS_NRT,326.44,303.4
30.50381,72.31331,,1.01,1.0,2026-07-04,1019,Aqua,MODIS,62,6.1NRT,,6.12,D,MODIS_NRT,323.58,301.32
30.73667,73.86155,,1.03,1.01,2026-07-04,1019,Aqua,MODIS,38,6.1NRT,,8.32,D,MODIS_NRT,322.15,301.12
30.77703,72.72304,,1.0,1.0,2026-07-04,1019,Aqua,MODIS,70,6.1NRT,,10.47,D,MODIS_NRT,328.24,304.15
32.16567,74.91348,,1.14,1.06,2026-07-04,1019,Aqua,MODIS,46,6.1NRT,,10.1,D,MODIS_NRT,319.24,294.93
32.16714,74.92517,,1.14,1.06,2026-07-04,1019,Aqua,MODIS,69,6.1NRT,,16.34,D,MODIS_NRT,324.56,292.99
34.44424,72.69007,,1.02,1.01,2026-07-04,1019,Aqua,MODIS,82,6.1NRT,,22.83,D,MODIS_NRT,335.61,307.89
34.4457,72.70059,,1.02,1.01,2026-07-04,1019,Aqua,MODIS,53,6.1NRT,,12.98,D,MODIS_NRT,327.75,305.33
23.77632,86.20857,,1.14,1.06,2026-07-04,1440,Terra,MODIS,64,6.1NRT,,6.13,N,MODIS_NRT,305.49,283.88
23.80388,86.32544,,1.13,1.06,2026-07-04,1440,Terra,MODIS,55,6.1NRT,,5.68,N,MODIS_NRT,305.1,283.03
30.94335,94.25064,,1.05,1.02,2026-07-05,243,Terra,MODIS,22,6.1NRT,,5.53,D,MODIS_NRT,306.8,292.73
34.43656,72.70355,,1.01,1.0,2026-07-05,419,Terra,MODIS,73,6.1NRT,,9.51,D,MODIS_NRT,322.64,302.39
34.44533,72.70512,,1.01,1.0,2026-07-05,419,Terra,MODIS,73,6.1NRT,,12.29,D,MODIS_NRT,325.0,301.32
27.79943,68.07188,,1.11,1.05,2026-07-05,421,Terra,MODIS,75,6.1NRT,,14.53,D,MODIS_NRT,329.53,309.49
29.49758,71.73653,,1.02,1.01,2026-07-05,421,Terra,MODIS,78,6.1NRT,,14.48,D,MODIS_NRT,330.6,303.56
29.70899,71.56012,,1.01,1.01,2026-07-05,421,Terra,MODIS,63,6.1NRT,,8.65,D,MODIS_NRT,321.58,293.66
29.91258,72.30143,,1.05,1.02,2026-07-05,421,Terra,MODIS,72,6.1NRT,,11.73,D,MODIS_NRT,326.32,302.7
30.25174,72.6232,,1.06,1.03,2026-07-05,421,Terra,MODIS,69,6.1NRT,,9.75,D,MODIS_NRT,324.27,303.2
33.79626,74.93584,,1.19,1.09,2026-07-05,421,Terra,MODIS,67,6.1NRT,,8.4,D,MODIS_NRT,312.24,299.92
34.43612,72.68893,,3.51,1.76,2026-07-05,1100,Aqua,MODIS,18,6.1NRT,,49.6,D,MODIS_NRT,321.85,299.87
9.87102,78.08221,,1.41,1.18,2026-07-05,1514,Terra,MODIS,64,6.1NRT,,7.38,N,MODIS_NRT,307.02,296.76
34.44202,72.71889,,1.02,1.01,2026-07-05,2259,Aqua,MODIS,85,6.1NRT,,9.42,N,MODIS_NRT,312.67,294.46
29.1805,88.90032,,1.27,1.12,2026-07-06,321,Terra,MODIS,56,6.1NRT,,13.38,D,MODIS_NRT,321.67,303.66
29.1826,88.88796,,1.26,1.12,2026-07-06,321,Terra,MODIS,70,6.1NRT,,19.18,D,MODIS_NRT,325.48,302.68
31.69538,92.41959,,1.88,1.34,2026-07-06,321,Terra,MODIS,53,6.1NRT,,9.67,D,MODIS_NRT,305.69,294.63
31.80164,92.82809,,1.99,1.38,2026-07-06,321,Terra,MODIS,56,6.1NRT,,12.31,D,MODIS_NRT,309.12,296.68
32.88859,95.27887,,2.75,1.59,2026-07-06,321,Terra,MODIS,54,6.1NRT,,24.09,D,MODIS_NRT,308.49,294.4
33.76379,96.75325,,1.61,1.25,2026-07-06,820,Aqua,MODIS,67,6.1NRT,,15.09,D,MODIS_NRT,312.07,296.65
8.03124,79.88254,,1.45,1.19,2026-07-06,949,Aqua,MODIS,52,6.1NRT,,10.07,D,MODIS_NRT,312.38,297.42
8.12244,81.25945,,1.18,1.08,2026-07-06,949,Aqua,MODIS,70,6.1NRT,,11.09,D,MODIS_NRT,319.98,303.45
8.66659,80.46694,,1.29,1.13,2026-07-06,952,Aqua,MODIS,61,6.1NRT,,9.01,D,MODIS_NRT,316.02,302.97
9.57187,78.58781,,1.7,1.28,2026-07-06,952,Aqua,MODIS,52,6.1NRT,,13.53,D,MODIS_NRT,323.37,307.41
10.04575,77.94476,,1.87,1.34,2026-07-06,952,Aqua,MODIS,60,6.1NRT,,14.62,D,MODIS_NRT,317.87,300.16
11.05021,78.01759,,1.77,1.3,2026-07-06,952,Aqua,MODIS,58,6.1NRT,,16.77,D,MODIS_NRT,317.0,288.9
16.82455,80.13092,,1.08,1.04,2026-07-06,954,Aqua,MODIS,0,6.1NRT,,6.4,D,MODIS_NRT,315.31,290.64
30.19572,72.06202,,1.95,1.36,2026-07-06,956,Aqua,MODIS,52,6.1NRT,,25.27,D,MODIS_NRT,325.08,298.47
30.30577,72.26336,,1.87,1.34,2026-07-06,956,Aqua,MODIS,52,6.1NRT,,19.83,D,MODIS_NRT,323.64,301.16
30.54599,71.63142,,2.04,1.39,2026-07-06,956,Aqua,MODIS,52,6.1NRT,,26.48,D,MODIS_NRT,326.15,305.95
31.74786,73.0816,,1.54,1.22,2026-07-06,956,Aqua,MODIS,50,6.1NRT,,10.85,D,MODIS_NRT,321.26,301.08
31.75488,73.08928,,1.54,1.22,2026-07-06,956,Aqua,MODIS,60,6.1NRT,,14.41,D,MODIS_NRT,322.89,301.19
8.76299,78.18224,,2.05,1.39,2026-07-06,1552,Terra,MODIS,64,6.1NRT,,11.14,N,MODIS_NRT,306.47,296.14
29.60488,72.28132,,1.51,1.21,2026-07-06,1558,Terra,MODIS,59,6.1NRT,,7.88,N,MODIS_NRT,309.74,296.57
29.93621,71.43548,,1.44,1.19,2026-07-07,402,Terra,MODIS,72,6.1NRT,,16.22,D,MODIS_NRT,324.17,301.65
30.18453,72.49908,,1.26,1.11,2026-07-07,402,Terra,MODIS,64,6.1NRT,,8.17,D,MODIS_NRT,319.42,300.89
30.57922,72.85106,,1.22,1.1,2026-07-07,402,Terra,MODIS,73,6.1NRT,,13.32,D,MODIS_NRT,324.05,302.53
30.87977,76.24168,,1.0,1.0,2026-07-07,402,Terra,MODIS,64,6.1NRT,,5.5,D,MODIS_NRT,314.6,295.03
31.92629,78.02367,,1.06,1.03,2026-07-07,402,Terra,MODIS,22,6.1NRT,,5.4,D,MODIS_NRT,307.19,288.68
8.62534,77.87153,,1.4,1.17,2026-07-07,1028,Aqua,MODIS,41,6.1NRT,,8.67,D,MODIS_NRT,314.7,295.97
8.75791,78.09093,,1.46,1.19,2026-07-07,1028,Aqua,MODIS,75,6.1NRT,,17.96,D,MODIS_NRT,321.85,296.98
8.75971,78.10379,,1.46,1.2,2026-07-07,1028,Aqua,MODIS,53,6.1NRT,,28.83,D,MODIS_NRT,327.44,297.04
8.76005,78.18288,,1.48,1.2,2026-07-07,1028,Aqua,MODIS,0,6.1NRT,,16.65,D,MODIS_NRT,320.36,294.55
27.52433,71.82353,,1.1,1.05,2026-07-07,1034,Aqua,MODIS,78,6.1NRT,,20.31,D,MODIS_NRT,337.63,306.8
29.45414,71.58529,,1.12,1.06,2026-07-07,1034,Aqua,MODIS,60,6.1NRT,,8.38,D,MODIS_NRT,325.72,306.08
29.49865,71.35094,,1.1,1.05,2026-07-07,1034,Aqua,MODIS,61,6.1NRT,,9.63,D,MODIS_NRT,326.18,305.63
29.54204,71.48477,,1.12,1.05,2026-07-07,1034,Aqua,MODIS,64,6.1NRT,,9.8,D,MODIS_NRT,327.09,305.98
29.6406,71.66322,,1.14,1.06,2026-07-07,1034,Aqua,MODIS,66,6.1NRT,,10.44,D,MODIS_NRT,327.82,305.41
29.74797,72.47517,,1.25,1.11,2026-07-07,1034,Aqua,MODIS,65,6.1NRT,,14.04,D,MODIS_NRT,327.12,303.91
29.74947,72.48767,,1.25,1.11,2026-07-07,1034,Aqua,MODIS,72,6.1NRT,,19.57,D,MODIS_NRT,330.09,304.09
29.77991,72.02364,,1.18,1.08,2026-07-07,1034,Aqua,MODIS,78,6.1NRT,,20.53,D,MODIS_NRT,333.84,308.91
29.79184,72.42999,,1.24,1.11,2026-07-07,1034,Aqua,MODIS,86,6.1NRT,,37.44,D,MODIS_NRT,340.3,306.45
29.8479,72.4664,,1.25,1.11,2026-07-07,1034,Aqua,MODIS,86,6.1NRT,,38.78,D,MODIS_NRT,340.65,305.74
29.8872,71.6487,,1.14,1.06,2026-07-07,1034,Aqua,MODIS,63,6.1NRT,,10.21,D,MODIS_NRT,327.31,306.9
29.89501,71.6357,,1.14,1.06,2026-07-07,1034,Aqua,MODIS,75,6.1NRT,,16.38,D,MODIS_NRT,331.99,307.84
29.89649,71.64713,,1.14,1.06,2026-07-07,1034,Aqua,MODIS,78,6.1NRT,,20.16,D,MODIS_NRT,334.21,307.64
29.89992,72.40709,,1.24,1.11,2026-07-07,1034,Aqua,MODIS,66,6.1NRT,,10.3,D,MODIS_NRT,327.17,305.74
29.90146,72.41953,,1.24,1.11,2026-07-07,1034,Aqua,MODIS,83,6.1NRT,,29.86,D,MODIS_NRT,337.33,306.29
29.96243,72.40268,,1.24,1.11,2026-07-07,1034,Aqua,MODIS,70,6.1NRT,,14.16,D,MODIS_NRT,328.57,305.34
30.01631,72.60004,,1.28,1.12,2026-07-07,1034,Aqua,MODIS,66,6.1NRT,,13.5,D,MODIS_NRT,327.23,302.61
30.03461,71.43723,,1.12,1.06,2026-07-07,1034,Aqua,MODIS,73,6.1NRT,,13.79,D,MODIS_NRT,330.55,309.12
30.14898,73.03044,,1.35,1.15,2026-07-07,1034,Aqua,MODIS,74,6.1NRT,,22.27,D,MODIS_NRT,330.85,300.53
30.25806,73.26067,,1.4,1.17,2026-07-07,1034,Aqua,MODIS,61,6.1NRT,,12.37,D,MODIS_NRT,325.85,302.59
30.35658,73.60865,,1.48,1.2,2026-07-07,1034,Aqua,MODIS,79,6.1NRT,,34.78,D,MODIS_NRT,333.93,302.3
30.35822,73.62357,,1.48,1.2,2026-07-07,1034,Aqua,MODIS,69,6.1NRT,,20.5,D,MODIS_NRT,327.97,302.15
30.55013,73.41707,,1.45,1.19,2026-07-07,1034,Aqua,MODIS,56,6.1NRT,,12.5,D,MODIS_NRT,324.91,301.22
20.79049,85.2513,,1.02,1.01,2026-07-07,1457,Terra,MODIS,69,6.1NRT,,5.94,N,MODIS_NRT,306.64,278.96
20.79176,85.2608,,1.02,1.01,2026-07-07,1457,Terra,MODIS,66,6.1NRT,,5.62,N,MODIS_NRT,305.99,279.79
20.86586,84.99197,,1.01,1.0,2026-07-07,1457,Terra,MODIS,39,6.1NRT,,5.12,N,MODIS_NRT,305.28,286.46
23.6869,86.09085,,1.13,1.06,2026-07-07,1457,Terra,MODIS,57,6.1NRT,,7.13,N,MODIS_NRT,309.77,290.16
23.69265,86.08367,,1.13,1.06,2026-07-07,1457,Terra,MODIS,76,6.1NRT,,7.93,N,MODIS_NRT,309.07,290.36
9.74718,77.67609,,1.53,1.22,2026-07-07,2242,Aqua,MODIS,29,6.1NRT,,8.91,N,MODIS_NRT,303.08,291.3
32.26884,96.82867,,1.67,1.27,2026-07-08,302,Terra,MODIS,41,6.1NRT,,10.7,D,MODIS_NRT,304.67,286.64
32.65845,96.6023,,1.58,1.24,2026-07-08,302,Terra,MODIS,48,6.1NRT,,11.53,D,MODIS_NRT,306.85,291.48
32.66132,96.60942,,1.58,1.24,2026-07-08,302,Terra,MODIS,70,6.1NRT,,19.98,D,MODIS_NRT,313.09,290.15
34.43061,68.89751,,1.06,1.03,2026-07-08,438,Terra,MODIS,54,6.1NRT,,4.3,D,MODIS_NRT,319.2,306.01
24.07458,69.495,,2.91,1.63,2026-07-08,1113,Aqua,MODIS,42,6.1NRT,,25.75,D,MODIS_NRT,321.26,296.42
24.11734,69.4904,,2.91,1.63,2026-07-08,1113,Aqua,MODIS,23,6.1NRT,,28.3,D,MODIS_NRT,322.46,296.41
29.87566,72.28375,,1.0,1.0,2026-07-08,1539,Terra,MODIS,80,6.1NRT,,6.11,N,MODIS_NRT,311.44,296.39
29.91639,72.70987,,1.0,1.0,2026-07-08,1539,Terra,MODIS,71,6.1NRT,,4.78,N,MODIS_NRT,308.85,296.65
30.15035,72.81032,,1.0,1.0,2026-07-08,1539,Terra,MODIS,79,6.1NRT,,7.57,N,MODIS_NRT,312.52,296.46
30.15172,72.82045,,1.0,1.0,2026-07-08,1539,Terra,MODIS,58,6.1NRT,,4.37,N,MODIS_NRT,308.06,296.27
30.2195,74.76379,,1.87,1.34,2026-07-09,342,Terra,MODIS,37,6.1NRT,,13.67,D,MODIS_NRT,317.37,295.81
15.17561,76.65705,,1.02,1.01,2026-07-09,345,Terra,MODIS,51,6.1NRT,,5.43,D,MODIS_NRT,310.85,291.21
9.42433,78.53679,,1.16,1.07,2026-07-09,347,Terra,MODIS,40,6.1NRT,,6.92,D,MODIS_NRT,317.88,299.81
9.50164,78.06583,,1.1,1.05,2026-07-09,347,Terra,MODIS,79,6.1NRT,,12.42,D,MODIS_NRT,327.13,303.75
8.59005,77.97982,,1.1,1.04,2026-07-09,1006,Aqua,MODIS,0,6.1NRT,,6.51,D,MODIS_NRT,319.02,299.83
8.84804,77.96993,,1.09,1.04,2026-07-09,1006,Aqua,MODIS,78,6.1NRT,,11.09,D,MODIS_NRT,328.36,303.4
8.84952,77.9795,,1.09,1.04,2026-07-09,1006,Aqua,MODIS,79,6.1NRT,,13.43,D,MODIS_NRT,329.63,302.86
9.30847,77.40585,,1.15,1.07,2026-07-09,1006,Aqua,MODIS,54,6.1NRT,,6.88,D,MODIS_NRT,319.41,301.61
11.75033,78.74723,,1.0,1.0,2026-07-09,1006,Aqua,MODIS,77,6.1NRT,,16.54,D,MODIS_NRT,319.93,276.95
14.25501,79.44506,,1.02,1.01,2026-07-09,1009,Aqua,MODIS,69,6.1NRT,,12.1,D,MODIS_NRT,321.48,296.05
14.25633,79.45434,,1.02,1.01,2026-07-09,1009,Aqua,MODIS,73,6.1NRT,,15.16,D,MODIS_NRT,324.81,298.88
14.3622,79.81679,,1.05,1.02,2026-07-09,1009,Aqua,MODIS,81,6.1NRT,,15.97,D,MODIS_NRT,330.9,302.81
15.11574,79.27728,,1.02,1.01,2026-07-09,1009,Aqua,MODIS,65,6.1NRT,,14.84,D,MODIS_NRT,325.33,296.02
15.66723,79.77483,,1.06,1.03,2026-07-09,1009,Aqua,MODIS,46,6.1NRT,,7.94,D,MODIS_NRT,313.86,293.29
29.58433,72.16782,,1.16,1.07,2026-07-09,1011,Aqua,MODIS,74,6.1NRT,,17.52,D,MODIS_NRT,331.0,303.41
29.69654,72.39491,,1.13,1.06,2026-07-09,1011,Aqua,MODIS,55,6.1NRT,,7.34,D,MODIS_NRT,324.28,303.54
29.76852,72.44316,,1.12,1.06,2026-07-09,1011,Aqua,MODIS,70,6.1NRT,,13.76,D,MODIS_NRT,328.9,304.67
29.90427,71.48475,,1.24,1.11,2026-07-09,1011,Aqua,MODIS,75,6.1NRT,,18.29,D,MODIS_NRT,331.15,303.5
29.9803,72.2557,,1.14,1.06,2026-07-09,1011,Aqua,MODIS,58,6.1NRT,,9.44,D,MODIS_NRT,325.37,302.49
30.09525,72.32838,,1.12,1.06,2026-07-09,1011,Aqua,MODIS,38,6.1NRT,,5.98,D,MODIS_NRT,322.64,297.25
30.32647,72.50085,,1.1,1.05,2026-07-09,1011,Aqua,MODIS,61,6.1NRT,,8.32,D,MODIS_NRT,325.75,304.02
30.41253,73.86255,,1.01,1.01,2026-07-09,1011,Aqua,MODIS,44,6.1NRT,,8.29,D,MODIS_NRT,324.03,304.39
30.41792,73.52798,,1.03,1.01,2026-07-09,1011,Aqua,MODIS,77,6.1NRT,,16.23,D,MODIS_NRT,331.89,304.79
30.42127,73.86073,,1.01,1.01,2026-07-09,1011,Aqua,MODIS,42,6.1NRT,,6.84,D,MODIS_NRT,322.99,304.29
30.45865,73.49811,,1.03,1.01,2026-07-09,1011,Aqua,MODIS,60,6.1NRT,,7.0,D,MODIS_NRT,324.57,304.06
30.46224,72.0871,,1.14,1.06,2026-07-09,1011,Aqua,MODIS,81,6.1NRT,,26.6,D,MODIS_NRT,335.56,303.37
30.46415,72.09848,,1.14,1.06,2026-07-09,1011,Aqua,MODIS,79,6.1NRT,,23.08,D,MODIS_NRT,333.84,302.89
30.48134,73.40228,,1.03,1.01,2026-07-09,1011,Aqua,MODIS,48,6.1NRT,,5.64,D,MODIS_NRT,322.79,302.96
30.49015,73.40041,,1.03,1.01,2026-07-09,1011,Aqua,MODIS,77,6.1NRT,,17.2,D,MODIS_NRT,332.38,303.84
30.51591,73.6815,,1.02,1.01,2026-07-09,1011,Aqua,MODIS,59,6.1NRT,,7.39,D,MODIS_NRT,324.04,304.42
30.56755,73.72337,,1.02,1.01,2026-07-09,1011,Aqua,MODIS,67,6.1NRT,,10.13,D,MODIS_NRT,326.32,304.03
30.71744,73.07436,,1.05,1.02,2026-07-09,1011,Aqua,MODIS,68,6.1NRT,,8.51,D,MODIS_NRT,327.65,305.66
30.79162,73.37099,,1.03,1.01,2026-07-09,1011,Aqua,MODIS,61,6.1NRT,,6.9,D,MODIS_NRT,325.03,304.77
30.89356,75.62514,,1.03,1.01,2026-07-09,1011,Aqua,MODIS,49,6.1NRT,,8.84,D,MODIS_NRT,318.27,294.85
30.89438,75.30765,,1.01,1.01,2026-07-09,1011,Aqua,MODIS,65,6.1NRT,,9.09,D,MODIS_NRT,322.83,301.06
30.90314,75.30596,,1.01,1.01,2026-07-09,1011,Aqua,MODIS,68,6.1NRT,,10.78,D,MODIS_NRT,324.39,301.09
31.00895,75.47011,,1.02,1.01,2026-07-09,1011,Aqua,MODIS,60,6.1NRT,,9.22,D,MODIS_NRT,320.82,298.1
31.17685,75.47894,,1.02,1.01,2026-07-09,1011,Aqua,MODIS,78,6.1NRT,,20.29,D,MODIS_NRT,330.09,298.63
33.28658,70.41225,,1.24,1.11,2026-07-09,1013,Aqua,MODIS,61,6.1NRT,,12.3,D,MODIS_NRT,325.55,310.98
34.41497,72.87126,,1.01,1.0,2026-07-09,1013,Aqua,MODIS,60,6.1NRT,,8.23,D,MODIS_NRT,319.74,302.6
34.71761,72.13043,,1.03,1.02,2026-07-09,1013,Aqua,MODIS,57,6.1NRT,,7.95,D,MODIS_NRT,323.93,306.11
29.79066,72.3248,,1.04,1.02,2026-07-10,419,Terra,MODIS,60,6.1NRT,,9.27,D,MODIS_NRT,322.49,298.24
29.86977,72.29359,,1.04,1.02,2026-07-10,419,Terra,MODIS,61,6.1NRT,,6.65,D,MODIS_NRT,320.57,300.25
29.87404,72.44439,,1.05,1.02,2026-07-10,419,Terra,MODIS,69,6.1NRT,,9.72,D,MODIS_NRT,323.53,299.13
29.87565,72.43395,,1.05,1.02,2026-07-10,419,Terra,MODIS,62,6.1NRT,,7.03,D,MODIS_NRT,321.02,299.02
30.27853,72.10205,,1.02,1.01,2026-07-10,419,Terra,MODIS,44,6.1NRT,,5.86,D,MODIS_NRT,318.34,300.0
26.49183,69.03677,,1.03,1.01,2026-07-10,421,Terra,MODIS,65,6.1NRT,,8.98,D,MODIS_NRT,324.77,304.78
29.61433,71.65192,,1.01,1.01,2026-07-10,421,Terra,MODIS,61,6.1NRT,,6.2,D,MODIS_NRT,320.42,302.36
28.23682,68.17657,,1.14,1.06,2026-07-10,1049,Aqua,MODIS,72,6.1NRT,,12.0,D,MODIS_NRT,331.75,313.84
19.57471,71.35278,,3.09,1.67,2026-07-10,1516,Terra,MODIS,38,6.1NRT,,24.34,N,MODIS_NRT,305.88,289.68
21.10498,72.64249,,2.29,1.47,2026-07-10,1516,Terra,MODIS,64,6.1NRT,,14.65,N,MODIS_NRT,305.25,293.99
29.7395,72.27709,,1.61,1.25,2026-07-10,1518,Terra,MODIS,74,6.1NRT,,12.13,N,MODIS_NRT,310.62,295.31
18.5786,72.2455,,1.01,1.01,2026-07-10,2257,Aqua,MODIS,100,6.1NRT,,38.62,N,MODIS_NRT,338.0,293.11
18.58002,72.23627,,1.01,1.01,2026-07-10,2257,Aqua,MODIS,84,6.1NRT,,10.01,N,MODIS_NRT,314.1,293.21
20.79403,85.25442,,1.07,1.03,2026-07-11,323,Terra,MODIS,55,6.1NRT,,5.74,D,MODIS_NRT,308.65,281.22
20.9627,86.01406,,1.14,1.06,2026-07-11,323,Terra,MODIS,85,6.1NRT,,28.85,D,MODIS_NRT,328.4,280.96
20.96437,86.00349,,1.14,1.06,2026-07-11,323,Terra,MODIS,53,6.1NRT,,7.84,D,MODIS_NRT,310.39,280.66
15.41297,79.65003,,1.22,1.1,2026-07-11,325,Terra,MODIS,65,6.1NRT,,7.08,D,MODIS_NRT,318.41,298.48
15.51166,79.82442,,1.19,1.09,2026-07-11,325,Terra,MODIS,84,6.1NRT,,29.31,D,MODIS_NRT,332.17,297.89
15.51308,79.81361,,1.2,1.09,2026-07-11,325,Terra,MODIS,76,6.1NRT,,16.29,D,MODIS_NRT,324.19,298.35
17.48845,82.90141,,1.0,1.0,2026-07-11,325,Terra,MODIS,56,6.1NRT,,3.96,D,MODIS_NRT,306.4,284.08
8.65825,81.16589,,1.0,1.0,2026-07-11,328,Terra,MODIS,66,6.1NRT,,7.98,D,MODIS_NRT,317.77,295.39
8.65952,81.15708,,1.0,1.0,2026-07-11,328,Terra,MODIS,81,6.1NRT,,17.7,D,MODIS_NRT,327.14,295.78
9.15919,77.97425,,1.29,1.13,2026-07-11,328,Terra,MODIS,64,6.1NRT,,9.88,D,MODIS_NRT,321.43,299.68
13.22257,79.865,,1.12,1.06,2026-07-11,328,Terra,MODIS,79,6.1NRT,,25.16,D,MODIS_NRT,330.88,297.34
8.58755,80.32679,,1.79,1.31,2026-07-11,943,Aqua,MODIS,85,6.1NRT,,60.36,D,MODIS_NRT,332.81,295.9
8.59004,80.3424,,1.79,1.31,2026-07-11,943,Aqua,MODIS,59,6.1NRT,,12.14,D,MODIS_NRT,313.91,294.36
16.63151,81.28459,,1.15,1.07,2026-07-11,947,Aqua,MODIS,47,6.1NRT,,5.88,D,MODIS_NRT,314.11,298.33
16.7032,81.31477,,1.15,1.07,2026-07-11,947,Aqua,MODIS,63,6.1NRT,,9.83,D,MODIS_NRT,317.97,298.68
16.70484,81.32513,,1.15,1.07,2026-07-11,947,Aqua,MODIS,40,6.1NRT,,5.96,D,MODIS_NRT,314.49,298.22
19.09521,82.16584,,1.02,1.01,2026-07-11,947,Aqua,MODIS,47,6.1NRT,,6.91,D,MODIS_NRT,314.41,297.42
19.62557,79.45731,,1.33,1.14,2026-07-11,947,Aqua,MODIS,77,6.1NRT,,18.76,D,MODIS_NRT,322.22,296.21
20.96176,86.00764,,1.29,1.13,2026-07-11,947,Aqua,MODIS,58,6.1NRT,,8.38,D,MODIS_NRT,307.03,277.56
27.44028,70.65778,,1.13,1.06,2026-07-11,1556,Terra,MODIS,100,6.1NRT,,20.06,N,MODIS_NRT,324.12,301.75
27.44571,70.65107,,1.13,1.06,2026-07-11,1556,Terra,MODIS,99,6.1NRT,,15.11,N,MODIS_NRT,319.88,301.57
27.44704,70.66226,,1.13,1.06,2026-07-11,1556,Terra,MODIS,83,6.1NRT,,9.66,N,MODIS_NRT,314.72,301.51
29.79486,72.08604,,1.44,1.19,2026-07-11,1556,Terra,MODIS,62,6.1NRT,,6.88,N,MODIS_NRT,308.69,297.92
29.80066,72.07934,,1.44,1.19,2026-07-11,1556,Terra,MODIS,71,6.1NRT,,8.71,N,MODIS_NRT,310.47,297.82
20.95151,86.04872,,1.04,1.02,2026-07-11,2155,Aqua,MODIS,64,6.1NRT,,4.88,N,MODIS_NRT,305.26,287.22
20.96089,85.19038,,1.11,1.05,2026-07-11,2155,Aqua,MODIS,19,6.1NRT,,4.4,N,MODIS_NRT,304.44,289.16
20.96231,85.18008,,1.11,1.05,2026-07-11,2155,Aqua,MODIS,26,6.1NRT,,5.13,N,MODIS_NRT,304.49,289.53
20.97149,85.18149,,1.11,1.05,2026-07-11,2155,Aqua,MODIS,73,6.1NRT,,9.19,N,MODIS_NRT,310.25,289.72
23.64895,85.44073,,1.15,1.07,2026-07-11,2155,Aqua,MODIS,49,6.1NRT,,7.91,N,MODIS_NRT,306.27,290.57
23.7636,86.40523,,1.06,1.03,2026-07-11,2155,Aqua,MODIS,69,6.1NRT,,7.94,N,MODIS_NRT,311.16,290.11
23.77822,86.3665,,1.06,1.03,2026-07-11,2155,Aqua,MODIS,39,6.1NRT,,4.37,N,MODIS_NRT,305.87,290.01
14.11823,79.69563,,2.62,1.55,2026-07-12,404,Terra,MODIS,55,6.1NRT,,15.67,D,MODIS_NRT,310.19,284.45
35.08438,90.34044,,1.28,1.12,2026-07-12,852,Aqua,MODIS,48,6.1NRT,,5.32,D,MODIS_NRT,307.86,291.59
8.39394,77.9546,,1.11,1.05,2026-07-12,1021,Aqua,MODIS,57,6.1NRT,,8.01,D,MODIS_NRT,320.04,299.03
9.27494,78.76688,,1.25,1.11,2026-07-12,1021,Aqua,MODIS,57,6.1NRT,,8.07,D,MODIS_NRT,318.9,298.2
11.74232,76.89375,,1.07,1.03,2026-07-12,1024,Aqua,MODIS,71,6.1NRT,,8.16,D,MODIS_NRT,317.31,299.38
14.76175,79.17924,,1.6,1.24,2026-07-12,1024,Aqua,MODIS,50,6.1NRT,,12.4,D,MODIS_NRT,314.82,288.07
29.49632,71.7653,,1.01,1.01,2026-07-12,1028,Aqua,MODIS,66,6.1NRT,,7.95,D,MODIS_NRT,326.88,304.84
29.75282,71.9547,,1.02,1.01,2026-07-12,1028,Aqua,MODIS,73,6.1NRT,,13.05,D,MODIS_NRT,328.82,302.88
29.78806,71.99395,,1.02,1.01,2026-07-12,1028,Aqua,MODIS,79,6.1NRT,,17.22,D,MODIS_NRT,331.99,302.27
29.80253,72.64893,,1.06,1.03,2026-07-12,1028,Aqua,MODIS,54,6.1NRT,,10.74,D,MODIS_NRT,322.78,297.06
29.88553,72.24007,,1.04,1.02,2026-07-12,1028,Aqua,MODIS,76,6.1NRT,,15.4,D,MODIS_NRT,330.5,301.68
29.93136,71.4449,,1.01,1.0,2026-07-12,1028,Aqua,MODIS,75,6.1NRT,,14.02,D,MODIS_NRT,329.83,300.45
13.38879,80.27941,,2.05,1.39,2026-07-12,1454,Terra,MODIS,77,6.1NRT,,15.77,N,MODIS_NRT,309.19,295.54
13.39236,80.27312,,2.05,1.39,2026-07-12,1454,Terra,MODIS,78,6.1NRT,,16.63,N,MODIS_NRT,309.59,295.38
22.35811,82.30168,,1.1,1.05,2026-07-12,1457,Terra,MODIS,27,6.1NRT,,4.19,N,MODIS_NRT,302.12,283.81
22.57167,85.89705,,1.07,1.03,2026-07-12,1457,Terra,MODIS,54,6.1NRT,,3.36,N,MODIS_NRT,303.91,286.99
23.76647,86.40461,,1.15,1.07,2026-07-12,1457,Terra,MODIS,54,6.1NRT,,6.51,N,MODIS_NRT,310.12,290.99
15.18108,76.65391,,1.0,1.0,2026-07-12,2233,Aqua,MODIS,58,6.1NRT,,4.58,N,MODIS_NRT,304.87,294.07
15.18244,76.64494,,1.0,1.0,2026-07-12,2233,Aqua,MODIS,74,6.1NRT,,6.89,N,MODIS_NRT,308.3,293.87
15.34264,76.27849,,1.0,1.0,2026-07-12,2233,Aqua,MODIS,60,6.1NRT,,5.14,N,MODIS_NRT,304.34,292.66
21.10348,72.64146,,1.72,1.29,2026-07-12,2233,Aqua,MODIS,59,6.1NRT,,7.99,N,MODIS_NRT,304.24,292.98
20.79411,85.2588,,1.3,1.13,2026-07-13,304,Terra,MODIS,46,6.1NRT,,6.06,D,MODIS_NRT,303.83,273.18
20.96696,85.1762,,1.32,1.14,2026-07-13,304,Terra,MODIS,70,6.1NRT,,11.0,D,MODIS_NRT,310.78,278.07
27.71759,68.79276,,1.23,1.1,2026-07-13,440,Terra,MODIS,76,6.1NRT,,21.16,D,MODIS_NRT,328.86,296.06
14.2899,76.65656,,1.0,1.0,2026-07-13,1533,Terra,MODIS,50,6.1NRT,,4.1,N,MODIS_NRT,304.56,294.2
15.1833,76.66554,,1.01,1.0,2026-07-13,1533,Terra,MODIS,44,6.1NRT,,4.66,N,MODIS_NRT,309.22,298.37
18.57971,72.23922,,1.25,1.11,2026-07-13,1533,Terra,MODIS,65,6.1NRT,,9.8,N,MODIS_NRT,310.09,296.31
18.60381,74.58351,,1.01,1.01,2026-07-13,1533,Terra,MODIS,59,6.1NRT,,4.85,N,MODIS_NRT,305.28,294.02
29.52989,72.16362,,1.01,1.0,2026-07-13,1537,Terra,MODIS,86,6.1NRT,,8.04,N,MODIS_NRT,313.01,296.82
29.53867,72.16194,,1.01,1.0,2026-07-13,1537,Terra,MODIS,93,6.1NRT,,10.68,N,MODIS_NRT,316.23,296.73
29.54011,72.17203,,1.01,1.0,2026-07-13,1537,Terra,MODIS,71,6.1NRT,,3.8,N,MODIS_NRT,307.17,296.36
34.40493,72.69193,,1.03,1.01,2026-07-13,1539,Terra,MODIS,53,6.1NRT,,14.47,N,MODIS_NRT,316.19,293.57
10.9729,78.1266,,1.06,1.03,2026-07-14,345,Terra,MODIS,53,6.1NRT,,5.21,D,MODIS_NRT,314.76,300.4
11.36002,78.69131,,1.11,1.05,2026-07-14,345,Terra,MODIS,39,6.1NRT,,6.06,D,MODIS_NRT,312.31,290.9
13.56576,79.70233,,1.17,1.08,2026-07-14,345,Terra,MODIS,48,6.1NRT,,6.53,D,MODIS_NRT,313.8,297.11
13.56735,79.69189,,1.17,1.08,2026-07-14,345,Terra,MODIS,61,6.1NRT,,7.18,D,MODIS_NRT,314.38,298.6
15.17536,76.65711,,1.02,1.01,2026-07-14,345,Terra,MODIS,27,6.1NRT,,5.22,D,MODIS_NRT,314.51,298.25
15.30099,76.93408,,1.01,1.01,2026-07-14,345,Terra,MODIS,57,6.1NRT,,5.3,D,MODIS_NRT,313.34,294.51
18.40055,78.66171,,1.0,1.0,2026-07-14,345,Terra,MODIS,81,6.1NRT,,15.19,D,MODIS_NRT,322.99,294.24
8.3932,77.9523,,1.1,1.04,2026-07-14,347,Terra,MODIS,78,6.1NRT,,13.82,D,MODIS_NRT,323.15,300.98
9.82388,78.21193,,1.09,1.04,2026-07-14,347,Terra,MODIS,59,6.1NRT,,6.54,D,MODIS_NRT,313.76,296.49
23.71515,84.55547,,1.0,1.0,2026-07-14,2210,Aqua,MODIS,53,6.1NRT,,6.7,N,MODIS_NRT,303.09,275.6
15.06825,76.66409,,1.85,1.33,2026-07-14,2212,Aqua,MODIS,55,6.1NRT,,12.57,N,MODIS_NRT,303.36,289.79
15.07023,76.64846,,1.85,1.33,2026-07-14,2212,Aqua,MODIS,37,6.1NRT,,9.62,N,MODIS_NRT,301.07,290.35
29.51834,72.04481,,1.02,1.01,2026-07-15,419,Terra,MODIS,56,6.1NRT,,7.48,D,MODIS_NRT,319.11,298.99
29.75806,72.29884,,1.03,1.01,2026-07-15,419,Terra,MODIS,78,6.1NRT,,18.13,D,MODIS_NRT,328.91,298.11
29.76061,72.41191,,1.04,1.02,2026-07-15,419,Terra,MODIS,74,6.1NRT,,14.44,D,MODIS_NRT,326.53,298.98
29.86157,72.10459,,1.02,1.01,2026-07-15,419,Terra,MODIS,63,6.1NRT,,8.47,D,MODIS_NRT,320.14,297.5
29.86189,72.04189,,1.02,1.01,2026-07-15,419,Terra,MODIS,71,6.1NRT,,12.23,D,MODIS_NRT,324.02,297.95
29.8634,72.03173,,1.02,1.01,2026-07-15,419,Terra,MODIS,59,6.1NRT,,6.72,D,MODIS_NRT,318.89,297.95
31.43039,72.5153,,1.02,1.01,2026-07-15,419,Terra,MODIS,46,6.1NRT,,5.36,D,MODIS_NRT,317.03,297.62
31.43918,72.51706,,1.02,1.01,2026-07-15,419,Terra,MODIS,66,6.1NRT,,9.24,D,MODIS_NRT,320.96,297.92
31.44073,72.50672,,1.02,1.01,2026-07-15,419,Terra,MODIS,75,6.1NRT,,15.25,D,MODIS_NRT,326.31,297.75
22.36611,91.37497,,1.13,1.06,2026-07-15,905,Aqua,MODIS,47,6.1NRT,,5.91,D,MODIS_NRT,311.27,294.32
24.60605,93.36723,,1.0,1.0,2026-07-15,905,Aqua,MODIS,76,6.1NRT,,13.46,D,MODIS_NRT,320.96,295.29
35.3525,84.54303,,1.64,1.26,2026-07-15,907,Aqua,MODIS,68,6.1NRT,,64.82,D,MODIS_NRT,337.46,284.07
35.35985,84.52285,,1.64,1.26,2026-07-15,907,Aqua,MODIS,92,6.1NRT,,126.3,D,MODIS_NRT,353.62,288.14
21.10203,72.6411,,1.29,1.13,2026-07-15,1043,Aqua,MODIS,0,6.1NRT,,17.53,D,MODIS_NRT,321.81,297.35
23.50623,69.25168,,1.01,1.0,2026-07-15,1043,Aqua,MODIS,73,6.1NRT,,11.42,D,MODIS_NRT,326.03,301.44
23.5076,69.26122,,1.01,1.0,2026-07-15,1043,Aqua,MODIS,78,6.1NRT,,16.11,D,MODIS_NRT,329.58,301.23
23.70253,68.56681,,1.0,1.0,2026-07-15,1043,Aqua,MODIS,74,6.1NRT,,11.49,D,MODIS_NRT,325.12,301.57
24.55857,69.24905,,1.02,1.01,2026-07-15,1043,Aqua,MODIS,38,6.1NRT,,7.76,D,MODIS_NRT,320.34,298.65
34.26305,71.39114,,1.63,1.26,2026-07-15,1045,Aqua,MODIS,81,6.1NRT,,31.58,D,MODIS_NRT,334.8,306.28
26.64188,79.48008,,1.02,1.01,2026-07-15,1516,Terra,MODIS,78,6.1NRT,,6.42,N,MODIS_NRT,310.39,295.7
31.02591,76.62051,,1.01,1.01,2026-07-15,1516,Terra,MODIS,84,6.1NRT,,7.59,N,MODIS_NRT,312.47,297.19
31.02444,76.62202,,1.0,1.0,2026-07-15,2246,Aqua,MODIS,82,6.1NRT,,7.7,N,MODIS_NRT,311.13,296.31
15.18082,76.6705,,1.47,1.2,2026-07-15,2250,Aqua,MODIS,61,6.1NRT,,7.86,N,MODIS_NRT,304.59,293.45
8.61445,80.64372,,2.34,1.48,2026-07-16,939,Aqua,MODIS,52,6.1NRT,,15.53,D,MODIS_NRT,311.92,298.49
23.7746,86.20593,,1.15,1.07,2026-07-16,941,Aqua,MODIS,69,6.1NRT,,9.41,D,MODIS_NRT,317.12,294.18
23.82066,84.57125,,1.02,1.01,2026-07-16,941,Aqua,MODIS,67,6.1NRT,,9.18,D,MODIS_NRT,317.32,294.13
23.76117,86.40491,,2.5,1.52,2026-07-16,1416,Terra,MODIS,15,6.1NRT,,13.82,N,MODIS_NRT,306.12,291.0
9.21293,77.28565,,1.67,1.27,2026-07-16,1550,Terra,MODIS,57,6.1NRT,,21.63,N,MODIS_NRT,312.14,291.77
9.21522,77.3039,,1.67,1.27,2026-07-16,1550,Terra,MODIS,100,6.1NRT,,67.05,N,MODIS_NRT,333.26,297.23
9.22641,77.30256,,1.67,1.27,2026-07-16,1550,Terra,MODIS,60,6.1NRT,,21.19,N,MODIS_NRT,312.78,295.26
22.931,69.69678,,1.0,1.0,2026-07-16,1554,Terra,MODIS,61,6.1NRT,,3.73,N,MODIS_NRT,307.17,294.58
23.01711,72.30412,,1.2,1.09,2026-07-16,1554,Terra,MODIS,71,6.1NRT,,5.94,N,MODIS_NRT,307.17,292.36
29.86222,68.26824,,1.0,1.0,2026-07-16,1556,Terra,MODIS,56,6.1NRT,,5.21,N,MODIS_NRT,310.01,294.91
23.65238,85.44102,,1.46,1.19,2026-07-16,2148,Aqua,MODIS,42,6.1NRT,,5.07,N,MODIS_NRT,301.81,287.84
29.86217,68.27941,,1.06,1.03,2026-07-16,2324,Aqua,MODIS,21,6.1NRT,,4.83,N,MODIS_NRT,304.42,292.21
29.86381,68.26936,,1.06,1.03,2026-07-16,2324,Aqua,MODIS,34,6.1NRT,,5.57,N,MODIS_NRT,305.22,292.2
34.77737,81.01499,,1.25,1.11,2026-07-17,357,Terra,MODIS,55,6.1NRT,,8.21,D,MODIS_NRT,304.31,284.98
34.80811,84.7424,,2.09,1.41,2026-07-17,357,Terra,MODIS,33,6.1NRT,,9.56,D,MODIS_NRT,300.32,284.43
34.81177,84.74918,,2.09,1.41,2026-07-17,357,Terra,MODIS,45,6.1NRT,,11.19,D,MODIS_NRT,301.77,284.49
34.91045,85.48769,,2.33,1.48,2026-07-17,357,Terra,MODIS,20,6.1NRT,,11.11,D,MODIS_NRT,300.16,283.4
35.11328,84.49902,,1.98,1.37,2026-07-17,357,Terra,MODIS,55,6.1NRT,,9.18,D,MODIS_NRT,303.15,285.96
35.95468,84.79179,,1.98,1.37,2026-07-17,357,Terra,MODIS,65,6.1NRT,,16.94,D,MODIS_NRT,308.88,284.85
35.95884,84.77144,,1.97,1.37,2026-07-17,357,Terra,MODIS,50,6.1NRT,,11.22,D,MODIS_NRT,305.31,286.42
35.97959,85.00571,,2.04,1.39,2026-07-17,357,Terra,MODIS,57,6.1NRT,,10.71,D,MODIS_NRT,305.38,287.07
35.98265,85.02255,,2.04,1.39,2026-07-17,357,Terra,MODIS,44,6.1NRT,,6.99,D,MODIS_NRT,303.11,286.92
36.04189,85.06939,,2.05,1.39,2026-07-17,357,Terra,MODIS,36,6.1NRT,,7.21,D,MODIS_NRT,302.16,285.67
36.15773,85.41973,,2.15,1.42,2026-07-17,357,Terra,MODIS,46,6.1NRT,,9.5,D,MODIS_NRT,302.76,288.39
36.1585,85.74242,,2.25,1.45,2026-07-17,357,Terra,MODIS,25,6.1NRT,,11.2,D,MODIS_NRT,303.56,283.96
36.22669,84.96,,2.0,1.38,2026-07-17,357,Terra,MODIS,57,6.1NRT,,8.98,D,MODIS_NRT,303.67,286.93
36.23033,85.84693,,2.28,1.46,2026-07-17,357,Terra,MODIS,25,6.1NRT,,9.05,D,MODIS_NRT,301.68,284.83
36.23531,85.82343,,2.27,1.46,2026-07-17,357,Terra,MODIS,29,6.1NRT,,8.31,D,MODIS_NRT,300.71,283.44
36.37987,84.97381,,1.98,1.37,2026-07-17,357,Terra,MODIS,47,6.1NRT,,10.02,D,MODIS_NRT,308.63,289.99
30.07867,71.98441,,1.4,1.17,2026-07-17,400,Terra,MODIS,77,6.1NRT,,25.14,D,MODIS_NRT,327.78,298.13
30.24145,73.22394,,1.21,1.09,2026-07-17,400,Terra,MODIS,55,6.1NRT,,7.91,D,MODIS_NRT,317.64,299.28
30.61582,72.91251,,1.26,1.12,2026-07-17,400,Terra,MODIS,53,6.1NRT,,7.97,D,MODIS_NRT,316.64,298.75
24.18183,69.32272,,1.76,1.3,2026-07-17,402,Terra,MODIS,48,6.1NRT,,23.08,D,MODIS_NRT,323.7,295.88
36.15592,88.773,,1.91,1.35,2026-07-17,845,Aqua,MODIS,27,6.1NRT,,12.97,D,MODIS_NRT,305.21,286.01
8.83703,80.9749,,1.31,1.14,2026-07-17,1017,Aqua,MODIS,69,6.1NRT,,12.05,D,MODIS_NRT,318.82,302.99
8.83866,80.98647,,1.32,1.14,2026-07-17,1017,Aqua,MODIS,74,6.1NRT,,17.08,D,MODIS_NRT,322.29,302.75
9.03521,80.10979,,1.18,1.08,2026-07-17,1017,Aqua,MODIS,73,6.1NRT,,14.4,D,MODIS_NRT,322.18,300.88
9.03666,80.12012,,1.18,1.08,2026-07-17,1017,Aqua,MODIS,65,6.1NRT,,10.3,D,MODIS_NRT,318.33,300.31
9.14817,80.70827,,1.28,1.12,2026-07-17,1017,Aqua,MODIS,91,6.1NRT,,56.95,D,MODIS_NRT,342.88,303.47
9.14975,80.71954,,1.28,1.12,2026-07-17,1017,Aqua,MODIS,93,6.1NRT,,66.42,D,MODIS_NRT,346.22,303.82
14.43626,78.0242,,1.07,1.03,2026-07-17,1017,Aqua,MODIS,67,6.1NRT,,10.57,D,MODIS_NRT,323.35,299.72
18.70281,72.34506,,1.26,1.11,2026-07-17,1019,Aqua,MODIS,53,6.1NRT,,11.5,D,MODIS_NRT,312.11,277.76
23.59868,69.05877,,1.69,1.28,2026-07-17,1019,Aqua,MODIS,71,6.1NRT,,24.63,D,MODIS_NRT,324.44,296.59
25.20361,73.54799,,1.0,1.0,2026-07-17,1019,Aqua,MODIS,54,6.1NRT,,10.27,D,MODIS_NRT,324.99,302.86
27.41929,70.94666,,1.13,1.06,2026-07-17,1021,Aqua,MODIS,37,6.1NRT,,9.06,D,MODIS_NRT,329.68,308.07
27.43931,70.62456,,1.17,1.08,2026-07-17,1021,Aqua,MODIS,89,6.1NRT,,44.29,D,MODIS_NRT,346.72,307.84
27.44121,70.63593,,1.17,1.08,2026-07-17,1021,Aqua,MODIS,70,6.1NRT,,19.29,D,MODIS_NRT,334.89,307.29
29.86471,72.40764,,1.0,1.0,2026-07-17,1021,Aqua,MODIS,86,6.1NRT,,28.87,D,MODIS_NRT,340.26,303.55
29.87151,72.08038,,1.01,1.0,2026-07-17,1021,Aqua,MODIS,66,6.1NRT,,8.57,D,MODIS_NRT,325.28,303.11
29.9718,72.81266,,1.0,1.0,2026-07-17,1021,Aqua,MODIS,54,6.1NRT,,7.59,D,MODIS_NRT,322.26,303.19
30.33401,73.14693,,1.01,1.0,2026-07-17,1021,Aqua,MODIS,67,6.1NRT,,9.68,D,MODIS_NRT,325.39,304.11
30.53387,73.78715,,1.03,1.02,2026-07-17,1021,Aqua,MODIS,64,6.1NRT,,8.93,D,MODIS_NRT,323.19,302.69
31.21453,72.71558,,1.0,1.0,2026-07-17,1021,Aqua,MODIS,64,6.1NRT,,8.92,D,MODIS_NRT,326.05,304.4
31.36771,72.55799,,1.0,1.0,2026-07-17,1021,Aqua,MODIS,68,6.1NRT,,11.99,D,MODIS_NRT,328.13,304.65
31.42458,72.68742,,1.0,1.0,2026-07-17,1021,Aqua,MODIS,52,6.1NRT,,6.69,D,MODIS_NRT,323.51,304.67
34.36856,72.80195,,1.04,1.02,2026-07-17,1024,Aqua,MODIS,43,6.1NRT,,8.87,D,MODIS_NRT,317.91,297.44
10.46616,77.39191,,1.0,1.0,2026-07-17,2229,Aqua,MODIS,59,6.1NRT,,5.35,N,MODIS_NRT,304.28,287.57
34.13057,95.80898,,1.28,1.12,2026-07-18,300,Terra,MODIS,29,6.1NRT,,14.78,D,MODIS_NRT,314.01,286.52
34.14023,95.81123,,1.28,1.12,2026-07-18,300,Terra,MODIS,47,6.1NRT,,16.33,D,MODIS_NRT,314.8,286.52
34.4847,89.79243,,1.12,1.05,2026-07-18,300,Terra,MODIS,24,6.1NRT,,3.05,D,MODIS_NRT,300.37,287.27
34.51643,87.70127,,1.42,1.18,2026-07-18,300,Terra,MODIS,44,6.1NRT,,6.54,D,MODIS_NRT,303.89,288.14
34.51796,87.68644,,1.43,1.18,2026-07-18,300,Terra,MODIS,47,6.1NRT,,7.63,D,MODIS_NRT,305.18,288.34
27.76573,69.22673,,1.27,1.12,2026-07-18,438,Terra,MODIS,25,6.1NRT,,8.93,D,MODIS_NRT,318.84,300.74
22.04738,88.09887,,1.07,1.03,2026-07-18,920,Aqua,MODIS,63,6.1NRT,,19.94,D,MODIS_NRT,327.81,294.85
22.04896,88.10887,,1.07,1.03,2026-07-18,920,Aqua,MODIS,0,6.1NRT,,5.48,D,MODIS_NRT,315.11,294.5
25.65675,84.70318,,1.43,1.18,2026-07-18,920,Aqua,MODIS,17,6.1NRT,,10.44,D,MODIS_NRT,314.18,291.67
24.04287,69.37414,,1.56,1.23,2026-07-18,1100,Aqua,MODIS,84,6.1NRT,,51.66,D,MODIS_NRT,337.12,299.89
24.05363,69.37264,,1.56,1.23,2026-07-18,1100,Aqua,MODIS,78,6.1NRT,,30.1,D,MODIS_NRT,330.5,299.7
24.07864,69.39939,,1.57,1.23,2026-07-18,1100,Aqua,MODIS,31,6.1NRT,,20.32,D,MODIS_NRT,328.97,299.9
24.08039,69.41431,,1.57,1.23,2026-07-18,1100,Aqua,MODIS,24,6.1NRT,,22.43,D,MODIS_NRT,329.26,299.72
24.08214,69.42927,,1.57,1.24,2026-07-18,1100,Aqua,MODIS,78,6.1NRT,,36.63,D,MODIS_NRT,333.75,300.11
24.0839,69.44426,,1.58,1.24,2026-07-18,1100,Aqua,MODIS,70,6.1NRT,,37.15,D,MODIS_NRT,334.48,300.23
24.08565,69.45928,,1.58,1.24,2026-07-18,1100,Aqua,MODIS,82,6.1NRT,,33.9,D,MODIS_NRT,333.04,299.78
24.08943,69.3979,,1.57,1.23,2026-07-18,1100,Aqua,MODIS,67,6.1NRT,,23.05,D,MODIS_NRT,331.84,300.19
24.09119,69.41283,,1.57,1.23,2026-07-18,1100,Aqua,MODIS,82,6.1NRT,,36.28,D,MODIS_NRT,334.44,300.01
24.09295,69.42778,,1.57,1.24,2026-07-18,1100,Aqua,MODIS,81,6.1NRT,,35.54,D,MODIS_NRT,334.07,300.01
24.09472,69.44277,,1.58,1.24,2026-07-18,1100,Aqua,MODIS,83,6.1NRT,,40.78,D,MODIS_NRT,336.87,300.07
24.09649,69.45779,,1.58,1.24,2026-07-18,1100,Aqua,MODIS,77,6.1NRT,,28.36,D,MODIS_NRT,331.84,300.16
31.39938,72.71523,,1.0,1.0,2026-07-18,1537,Terra,MODIS,84,6.1NRT,,8.78,N,MODIS_NRT,315.03,297.73
31.40077,72.72546,,1.0,1.0,2026-07-18,1537,Terra,MODIS,74,6.1NRT,,6.99,N,MODIS_NRT,312.69,296.79
34.82386,90.99701,,2.53,1.53,2026-07-19,336,Terra,MODIS,16,6.1NRT,,9.42,D,MODIS_NRT,303.03,289.28
31.47357,92.05962,,3.64,1.79,2026-07-19,338,Terra,MODIS,29,6.1NRT,,34.06,D,MODIS_NRT,306.37,290.28
8.96131,80.82018,,1.57,1.23,2026-07-19,345,Terra,MODIS,39,6.1NRT,,8.8,D,MODIS_NRT,311.3,295.65
9.30159,77.32509,,1.02,1.01,2026-07-19,345,Terra,MODIS,56,6.1NRT,,12.54,D,MODIS_NRT,317.73,287.91
9.31158,77.33302,,1.02,1.01,2026-07-19,345,Terra,MODIS,99,6.1NRT,,77.83,D,MODIS_NRT,358.48,291.8
9.31292,77.3239,,1.02,1.01,2026-07-19,345,Terra,MODIS,100,6.1NRT,,155.96,D,MODIS_NRT,380.81,293.36
9.32049,77.33385,,1.02,1.01,2026-07-19,345,Terra,MODIS,85,6.1NRT,,72.02,D,MODIS_NRT,356.22,284.23
9.34491,77.92272,,1.06,1.03,2026-07-19,345,Terra,MODIS,41,6.1NRT,,5.04,D,MODIS_NRT,313.86,287.16
36.74981,95.18407,,1.65,1.26,2026-07-19,824,Aqua,MODIS,60,6.1NRT,,26.05,D,MODIS_NRT,333.04,313.09
8.51566,80.81908,,1.19,1.09,2026-07-19,954,Aqua,MODIS,62,6.1NRT,,6.96,D,MODIS_NRT,312.98,287.3
8.51727,80.82948,,1.19,1.08,2026-07-19,954,Aqua,MODIS,75,6.1NRT,,14.95,D,MODIS_NRT,319.89,287.02
8.51888,80.83987,,1.19,1.08,2026-07-19,954,Aqua,MODIS,55,6.1NRT,,6.07,D,MODIS_NRT,311.94,286.38
8.99703,80.88197,,1.17,1.07,2026-07-19,954,Aqua,MODIS,61,6.1NRT,,10.88,D,MODIS_NRT,320.32,297.68
9.43623,80.6011,,1.19,1.09,2026-07-19,954,Aqua,MODIS,38,6.1NRT,,6.72,D,MODIS_NRT,312.21,287.0
16.97449,81.57519,,1.0,1.0,2026-07-19,956,Aqua,MODIS,59,6.1NRT,,7.09,D,MODIS_NRT,316.1,292.81
22.38178,87.27477,,1.12,1.06,2026-07-19,1433,Terra,MODIS,39,6.1NRT,,4.7,N,MODIS_NRT,304.91,288.12
27.97477,68.53999,,1.13,1.06,2026-07-20,419,Terra,MODIS,76,6.1NRT,,15.6,D,MODIS_NRT,325.26,293.43
29.77269,72.30719,,1.02,1.01,2026-07-20,419,Terra,MODIS,65,6.1NRT,,7.88,D,MODIS_NRT,321.0,298.0
30.32565,72.50522,,1.02,1.01,2026-07-20,419,Terra,MODIS,55,6.1NRT,,6.64,D,MODIS_NRT,318.06,295.08
23.78376,69.48953,,1.02,1.01,2026-07-20,1036,Aqua,MODIS,51,6.1NRT,,4.47,D,MODIS_NRT,314.16,291.38
23.78523,69.49917,,1.02,1.01,2026-07-20,1036,Aqua,MODIS,74,6.1NRT,,10.72,D,MODIS_NRT,321.05,294.25
27.58962,68.38998,,1.02,1.01,2026-07-20,1036,Aqua,MODIS,47,6.1NRT,,12.26,D,MODIS_NRT,326.41,301.34
27.59686,68.37825,,1.02,1.01,2026-07-20,1036,Aqua,MODIS,65,6.1NRT,,17.29,D,MODIS_NRT,330.7,299.69
27.85043,69.38797,,1.0,1.0,2026-07-20,1036,Aqua,MODIS,58,6.1NRT,,9.52,D,MODIS_NRT,324.51,300.01
25.78041,73.69474,,1.65,1.26,2026-07-20,1514,Terra,MODIS,56,6.1NRT,,7.67,N,MODIS_NRT,303.6,281.23
25.78403,73.70397,,1.64,1.26,2026-07-20,1514,Terra,MODIS,11,6.1NRT,,5.72,N,MODIS_NRT,302.42,281.23
32.88858,95.28143,,2.53,1.53,2026-07-21,317,Terra,MODIS,68,6.1NRT,,30.76,D,MODIS_NRT,309.23,290.86
33.19021,90.32614,,1.22,1.1,2026-07-21,317,Terra,MODIS,36,6.1NRT,,2.9,D,MODIS_NRT,301.27,286.54
34.12931,95.80347,,2.55,1.54,2026-07-21,317,Terra,MODIS,56,6.1NRT,,19.8,D,MODIS_NRT,308.38,292.83
34.49666,90.76936,,1.23,1.1,2026-07-21,317,Terra,MODIS,15,6.1NRT,,3.96,D,MODIS_NRT,301.94,286.6
28.91972,89.60075,,1.31,1.13,2026-07-21,319,Terra,MODIS,25,6.1NRT,,11.02,D,MODIS_NRT,312.08,292.7
9.15904,77.30912,,1.51,1.21,2026-07-21,325,Terra,MODIS,41,6.1NRT,,15.39,D,MODIS_NRT,309.81,276.26
9.17905,77.29632,,1.62,1.25,2026-07-21,1548,Terra,MODIS,75,6.1NRT,,21.96,N,MODIS_NRT,313.62,290.86
9.19004,77.29482,,1.62,1.25,2026-07-21,1548,Terra,MODIS,42,6.1NRT,,17.18,N,MODIS_NRT,309.76,290.43
32.4883,80.10841,,1.2,1.09,2026-07-22,357,Terra,MODIS,71,6.1NRT,,9.42,D,MODIS_NRT,317.85,297.7
29.04661,79.6894,,1.28,1.12,2026-07-22,400,Terra,MODIS,58,6.1NRT,,10.96,D,MODIS_NRT,314.28,291.39
8.84682,80.99203,,1.07,1.03,2026-07-22,1009,Aqua,MODIS,66,6.1NRT,,6.88,D,MODIS_NRT,314.28,294.21
29.54338,72.13275,,1.13,1.06,2026-07-22,1015,Aqua,MODIS,66,6.1NRT,,12.67,D,MODIS_NRT,323.0,292.96
32.66266,96.61241,,1.47,1.2,2026-07-23,258,Terra,MODIS,37,6.1NRT,,11.53,D,MODIS_NRT,306.1,288.62
34.12775,95.81025,,1.25,1.11,2026-07-23,258,Terra,MODIS,30,6.1NRT,,8.34,D,MODIS_NRT,314.03,294.8
9.49695,77.60567,,1.0,1.0,2026-07-23,1529,Terra,MODIS,77,6.1NRT,,6.4,N,MODIS_NRT,310.09,296.04
27.59125,72.23181,,2.87,1.62,2026-07-24,338,Terra,MODIS,66,6.1NRT,,33.12,D,MODIS_NRT,319.14,289.18
28.15813,73.14017,,2.51,1.52,2026-07-24,338,Terra,MODIS,48,6.1NRT,,32.96,D,MODIS_NRT,318.78,287.55
15.20471,78.90272,,1.02,1.01,2026-07-24,342,Terra,MODIS,68,6.1NRT,,7.38,D,MODIS_NRT,315.73,294.51
16.9029,80.76199,,1.16,1.07,2026-07-24,342,Terra,MODIS,61,6.1NRT,,9.2,D,MODIS_NRT,313.91,292.3
9.90106,78.1399,,1.05,1.02,2026-07-24,345,Terra,MODIS,72,6.1NRT,,11.48,D,MODIS_NRT,322.21,299.58
10.18056,77.55189,,1.01,1.01,2026-07-24,345,Terra,MODIS,58,6.1NRT,,5.66,D,MODIS_NRT,312.59,297.83
10.26789,78.84754,,1.11,1.05,2026-07-24,345,Terra,MODIS,60,6.1NRT,,6.19,D,MODIS_NRT,317.33,299.64
11.48059,77.69066,,1.01,1.0,2026-07-24,345,Terra,MODIS,53,6.1NRT,,6.27,D,MODIS_NRT,315.68,296.65
11.48188,77.68172,,1.01,1.0,2026-07-24,345,Terra,MODIS,64,6.1NRT,,8.44,D,MODIS_NRT,318.41,297.69
8.84709,80.89371,,1.51,1.21,2026-07-24,947,Aqua,MODIS,66,6.1NRT,,26.75,D,MODIS_NRT,324.42,301.72
9.02544,80.8523,,1.51,1.21,2026-07-24,947,Aqua,MODIS,48,6.1NRT,,15.5,D,MODIS_NRT,319.03,300.31
9.07797,80.53319,,1.59,1.24,2026-07-24,947,Aqua,MODIS,44,6.1NRT,,11.79,D,MODIS_NRT,315.18,299.07
21.91954,83.34805,,1.04,1.02,2026-07-24,952,Aqua,MODIS,0,6.1NRT,,7.24,D,MODIS_NRT,307.35,278.48
22.35274,82.30229,,1.0,1.0,2026-07-24,952,Aqua,MODIS,63,6.1NRT,,8.62,D,MODIS_NRT,315.89,293.83
27.24641,71.61391,,3.11,1.67,2026-07-24,954,Aqua,MODIS,0,6.1NRT,,19.68,D,MODIS_NRT,312.33,286.7
28.13305,76.88151,,1.3,1.13,2026-07-24,954,Aqua,MODIS,35,6.1NRT,,8.1,D,MODIS_NRT,314.95,295.08
31.44774,72.44175,,2.15,1.42,2026-07-24,954,Aqua,MODIS,73,6.1NRT,,37.95,D,MODIS_NRT,323.1,294.15
23.7414,86.4394,,1.03,1.02,2026-07-24,2157,Aqua,MODIS,16,6.1NRT,,4.23,N,MODIS_NRT,301.19,282.61
31.48537,95.242,,1.04,1.02,2026-07-25,238,Terra,MODIS,38,6.1NRT,,4.35,D,MODIS_NRT,306.15,291.05
33.50209,83.92603,,4.05,1.87,2026-07-25,414,Terra,MODIS,0,6.1NRT,,22.82,D,MODIS_NRT,302.38,282.24
23.85579,96.35756,,1.0,1.0,2026-07-25,852,Aqua,MODIS,71,6.1NRT,,6.2,D,MODIS_NRT,316.17,295.79
24.29309,90.38825,,1.98,1.37,2026-07-25,852,Aqua,MODIS,37,6.1NRT,,12.89,D,MODIS_NRT,313.0,294.07
25.76889,93.31934,,1.21,1.09,2026-07-25,852,Aqua,MODIS,66,6.1NRT,,7.63,D,MODIS_NRT,314.63,298.17
28.16891,94.79841,,1.02,1.01,2026-07-25,852,Aqua,MODIS,76,6.1NRT,,8.52,D,MODIS_NRT,319.49,304.34
29.60793,91.59556,,1.3,1.13,2026-07-25,854,Aqua,MODIS,67,6.1NRT,,21.95,D,MODIS_NRT,320.47,289.18
8.60333,77.6819,,1.13,1.06,2026-07-25,1024,Aqua,MODIS,65,6.1NRT,,13.82,D,MODIS_NRT,328.77,306.15
9.18866,77.52354,,1.12,1.06,2026-07-25,1024,Aqua,MODIS,75,6.1NRT,,8.88,D,MODIS_NRT,326.87,305.2
9.19003,77.53344,,1.12,1.06,2026-07-25,1024,Aqua,MODIS,81,6.1NRT,,16.26,D,MODIS_NRT,331.89,304.97
9.28995,77.38201,,1.11,1.05,2026-07-25,1024,Aqua,MODIS,53,6.1NRT,,6.29,D,MODIS_NRT,321.63,303.56
30.47425,71.97779,,1.05,1.03,2026-07-25,1032,Aqua,MODIS,70,6.1NRT,,8.05,D,MODIS_NRT,320.37,294.44
30.47567,71.98842,,1.06,1.03,2026-07-25,1032,Aqua,MODIS,59,6.1NRT,,5.01,D,MODIS_NRT,317.19,295.13
8.93568,80.57352,,1.14,1.06,2026-07-25,1509,Terra,MODIS,55,6.1NRT,,5.39,N,MODIS_NRT,307.21,295.45
10.66253,77.42379,,1.16,1.07,2026-07-25,2240,Aqua,MODIS,60,6.1NRT,,5.61,N,MODIS_NRT,304.35,290.9
28.71233,88.58939,,1.14,1.07,2026-07-26,317,Terra,MODIS,34,6.1NRT,,4.06,D,MODIS_NRT,303.99,289.31
29.2112,91.79563,,1.72,1.29,2026-07-26,317,Terra,MODIS,54,6.1NRT,,33.44,D,MODIS_NRT,323.88,298.13
31.71594,93.93228,,2.12,1.42,2026-07-26,317,Terra,MODIS,34,6.1NRT,,10.68,D,MODIS_NRT,302.12,287.67
31.8742,93.79625,,2.06,1.4,2026-07-26,317,Terra,MODIS,60,6.1NRT,,21.55,D,MODIS_NRT,311.44,293.38
31.87852,93.77408,,2.05,1.39,2026-07-26,317,Terra,MODIS,30,6.1NRT,,15.3,D,MODIS_NRT,308.6,295.06
31.88262,93.78204,,2.05,1.39,2026-07-26,317,Terra,MODIS,29,6.1NRT,,20.64,D,MODIS_NRT,312.14,295.32
31.91713,94.05293,,2.14,1.42,2026-07-26,317,Terra,MODIS,47,6.1NRT,,15.4,D,MODIS_NRT,306.88,292.02
31.92401,94.03951,,2.13,1.42,2026-07-26,317,Terra,MODIS,22,6.1NRT,,14.25,D,MODIS_NRT,307.55,292.14
32.07541,94.19716,,2.17,1.43,2026-07-26,317,Terra,MODIS,59,6.1NRT,,17.72,D,MODIS_NRT,305.97,291.3
32.89211,95.31001,,2.47,1.51,2026-07-26,317,Terra,MODIS,25,6.1NRT,,21.94,D,MODIS_NRT,308.2,291.34
34.14003,95.80328,,2.48,1.52,2026-07-26,317,Terra,MODIS,39,6.1NRT,,14.89,D,MODIS_NRT,310.57,294.74
34.693,94.88905,,2.09,1.41,2026-07-26,317,Terra,MODIS,19,6.1NRT,,8.5,D,MODIS_NRT,304.09,287.85
34.69737,94.86768,,2.08,1.4,2026-07-26,317,Terra,MODIS,20,6.1NRT,,9.39,D,MODIS_NRT,304.38,287.65
23.64766,85.43971,,1.01,1.0,2026-07-26,319,Terra,MODIS,60,6.1NRT,,5.92,D,MODIS_NRT,312.35,294.55
23.68102,86.39816,,1.06,1.03,2026-07-26,319,Terra,MODIS,0,6.1NRT,,7.41,D,MODIS_NRT,313.71,294.68
23.70218,86.07624,,1.04,1.02,2026-07-26,319,Terra,MODIS,61,6.1NRT,,8.88,D,MODIS_NRT,317.01,295.24
23.71037,86.45058,,1.06,1.03,2026-07-26,319,Terra,MODIS,50,6.1NRT,,6.91,D,MODIS_NRT,314.25,295.57
23.74036,86.43524,,1.06,1.03,2026-07-26,319,Terra,MODIS,31,6.1NRT,,5.03,D,MODIS_NRT,312.39,294.83
23.75342,85.85497,,1.02,1.01,2026-07-26,319,Terra,MODIS,64,6.1NRT,,6.59,D,MODIS_NRT,314.11,296.33
23.76287,86.40831,,1.06,1.03,2026-07-26,319,Terra,MODIS,54,6.1NRT,,6.65,D,MODIS_NRT,314.21,293.58
23.76439,86.39833,,1.06,1.03,2026-07-26,319,Terra,MODIS,66,6.1NRT,,8.68,D,MODIS_NRT,316.34,295.87
23.82024,84.56918,,1.0,1.0,2026-07-26,319,Terra,MODIS,57,6.1NRT,,5.24,D,MODIS_NRT,313.13,295.14
14.3941,79.81847,,1.24,1.11,2026-07-26,321,Terra,MODIS,60,6.1NRT,,7.48,D,MODIS_NRT,314.94,293.92
16.27576,80.28195,,1.23,1.1,2026-07-26,321,Terra,MODIS,49,6.1NRT,,7.53,D,MODIS_NRT,315.81,294.23
9.20549,77.77815,,1.44,1.19,2026-07-26,323,Terra,MODIS,70,6.1NRT,,11.43,D,MODIS_NRT,321.86,301.81
26.77068,71.39038,,1.46,1.19,2026-07-27,357,Terra,MODIS,39,6.1NRT,,19.42,D,MODIS_NRT,323.62,293.99
26.78118,71.39174,,1.46,1.19,2026-07-27,357,Terra,MODIS,46,6.1NRT,,19.31,D,MODIS_NRT,323.74,294.03
26.82709,71.41891,,1.46,1.19,2026-07-27,357,Terra,MODIS,75,6.1NRT,,23.46,D,MODIS_NRT,325.67,294.42
26.8714,71.49675,,1.44,1.19,2026-07-27,357,Terra,MODIS,67,6.1NRT,,19.51,D,MODIS_NRT,323.78,294.61
26.87302,71.48264,,1.45,1.19,2026-07-27,357,Terra,MODIS,25,6.1NRT,,15.58,D,MODIS_NRT,321.85,294.55
26.88026,77.47848,,1.07,1.03,2026-07-27,357,Terra,MODIS,65,6.1NRT,,6.63,D,MODIS_NRT,317.59,297.25
26.88803,71.50515,,1.44,1.19,2026-07-27,357,Terra,MODIS,63,6.1NRT,,18.54,D,MODIS_NRT,322.99,294.58
32.8525,95.5257,,1.42,1.18,2026-07-27,833,Aqua,MODIS,59,6.1NRT,,19.95,D,MODIS_NRT,317.52,298.4
8.17785,77.65081,,1.39,1.17,2026-07-27,1004,Aqua,MODIS,69,6.1NRT,,12.16,D,MODIS_NRT,321.6,301.04
8.17873,77.64345,,1.4,1.17,2026-07-27,1004,Aqua,MODIS,72,6.1NRT,,17.26,D,MODIS_NRT,323.9,300.13
8.41825,80.32434,,1.03,1.01,2026-07-27,1004,Aqua,MODIS,56,6.1NRT,,6.28,D,MODIS_NRT,316.42,301.26
8.60665,80.84334,,1.0,1.0,2026-07-27,1004,Aqua,MODIS,67,6.1NRT,,9.73,D,MODIS_NRT,320.77,302.38
8.7652,80.5448,,1.01,1.01,2026-07-27,1004,Aqua,MODIS,36,6.1NRT,,6.35,D,MODIS_NRT,316.63,300.63
8.78843,80.32561,,1.02,1.01,2026-07-27,1004,Aqua,MODIS,79,6.1NRT,,18.72,D,MODIS_NRT,327.29,302.05
8.78977,80.33458,,1.02,1.01,2026-07-27,1004,Aqua,MODIS,64,6.1NRT,,9.75,D,MODIS_NRT,318.83,300.96
10.58449,79.66574,,1.04,1.02,2026-07-27,1004,Aqua,MODIS,68,6.1NRT,,6.43,D,MODIS_NRT,321.97,299.34
23.67893,86.39359,,1.08,1.04,2026-07-27,1452,Terra,MODIS,31,6.1NRT,,6.92,N,MODIS_NRT,302.59,284.36
30.93625,95.96451,,1.41,1.17,2026-07-28,258,Terra,MODIS,24,6.1NRT,,7.51,D,MODIS_NRT,301.55,286.78
32.2617,96.82269,,1.5,1.21,2026-07-28,258,Terra,MODIS,70,6.1NRT,,14.64,D,MODIS_NRT,310.39,291.87
32.27222,96.82449,,1.5,1.21,2026-07-28,258,Terra,MODIS,34,6.1NRT,,7.73,D,MODIS_NRT,304.61,290.63
32.66383,96.60548,,1.43,1.18,2026-07-28,258,Terra,MODIS,43,6.1NRT,,11.32,D,MODIS_NRT,309.06,293.53
33.76563,96.76118,,1.39,1.17,2026-07-28,258,Terra,MODIS,35,6.1NRT,,6.45,D,MODIS_NRT,304.3,292.88
33.76817,96.74716,,1.39,1.17,2026-07-28,258,Terra,MODIS,68,6.1NRT,,12.61,D,MODIS_NRT,310.3,293.6
34.62662,95.47017,,1.16,1.07,2026-07-28,258,Terra,MODIS,16,6.1NRT,,3.28,D,MODIS_NRT,304.13,291.61
34.39202,73.72386,,1.68,1.28,2026-07-28,434,Terra,MODIS,27,6.1NRT,,10.92,D,MODIS_NRT,307.07,291.5
19.36296,71.35247,,2.42,1.5,2026-07-28,438,Terra,MODIS,62,6.1NRT,,24.05,D,MODIS_NRT,314.97,289.88
19.37319,71.36101,,2.42,1.5,2026-07-28,438,Terra,MODIS,70,6.1NRT,,38.1,D,MODIS_NRT,318.68,290.1
9.52107,77.78556,,2.2,1.44,2026-07-28,1041,Aqua,MODIS,67,6.1NRT,,25.53,D,MODIS_NRT,325.19,298.68
19.36592,71.35665,,1.11,1.05,2026-07-28,1043,Aqua,MODIS,47,6.1NRT,,7.18,D,MODIS_NRT,311.59,292.35
22.1284,95.88766,,1.38,1.16,2026-07-28,1355,Terra,MODIS,50,6.1NRT,,6.59,N,MODIS_NRT,307.25,292.56
8.40776,80.75702,,1.21,1.09,2026-07-28,1526,Terra,MODIS,63,6.1NRT,,5.87,N,MODIS_NRT,306.98,294.78
8.48806,80.81665,,1.22,1.1,2026-07-28,1526,Terra,MODIS,68,6.1NRT,,7.4,N,MODIS_NRT,308.48,294.61
8.6076,77.94223,,1.0,1.0,2026-07-28,1526,Terra,MODIS,66,6.1NRT,,4.08,N,MODIS_NRT,307.83,296.84
9.51728,77.78711,,1.0,1.0,2026-07-28,1529,Terra,MODIS,94,6.1NRT,,11.16,N,MODIS_NRT,317.12,290.54
9.52606,77.78585,,1.0,1.0,2026-07-28,1529,Terra,MODIS,76,6.1NRT,,5.39,N,MODIS_NRT,309.32,290.14
24.99842,75.1988,,1.67,1.27,2026-07-29,338,Terra,MODIS,54,6.1NRT,,11.4,D,MODIS_NRT,312.53,290.95
8.3913,77.94962,,1.05,1.02,2026-07-29,342,Terra,MODIS,77,6.1NRT,,12.04,D,MODIS_NRT,322.93,299.2
8.91225,80.44315,,1.39,1.17,2026-07-29,342,Terra,MODIS,58,6.1NRT,,9.78,D,MODIS_NRT,310.88,289.67
9.41587,78.71165,,1.09,1.04,2026-07-29,342,Terra,MODIS,70,6.1NRT,,7.81,D,MODIS_NRT,318.93,295.46
20.94587,86.04146,,1.1,1.05,2026-07-29,943,Aqua,MODIS,47,6.1NRT,,6.13,D,MODIS_NRT,314.33,293.68
20.96362,85.17407,,1.03,1.02,2026-07-29,943,Aqua,MODIS,64,6.1NRT,,10.6,D,MODIS_NRT,319.34,292.82
36.63548,73.63401,,1.76,1.3,2026-07-29,949,Aqua,MODIS,60,6.1NRT,,26.61,D,MODIS_NRT,317.63,296.93
36.63886,73.65053,,1.76,1.3,2026-07-29,949,Aqua,MODIS,84,6.1NRT,,65.1,D,MODIS_NRT,332.33,297.03
22.37561,87.27758,,1.17,1.08,2026-07-29,1431,Terra,MODIS,48,6.1NRT,,5.74,N,MODIS_NRT,303.49,281.13
23.679,86.40153,,1.21,1.09,2026-07-29,2153,Aqua,MODIS,30,6.1NRT,,5.64,N,MODIS_NRT,303.12,290.15
35.87055,87.76991,,2.13,1.42,2026-07-30,850,Aqua,MODIS,44,6.1NRT,,16.39,D,MODIS_NRT,308.28,289.82
8.26479,77.61663,,1.0,1.0,2026-07-30,1019,Aqua,MODIS,58,6.1NRT,,7.95,D,MODIS_NRT,321.65,300.71
8.60196,77.96186,,1.01,1.01,2026-07-30,1019,Aqua,MODIS,62,6.1NRT,,11.3,D,MODIS_NRT,325.35,302.31
8.62478,80.34215,,1.26,1.12,2026-07-30,1019,Aqua,MODIS,72,6.1NRT,,12.4,D,MODIS_NRT,319.67,297.54
9.09162,79.78848,,1.19,1.08,2026-07-30,1019,Aqua,MODIS,62,6.1NRT,,11.99,D,MODIS_NRT,319.93,296.29
9.42223,78.84657,,1.08,1.04,2026-07-30,1019,Aqua,MODIS,96,6.1NRT,,61.57,D,MODIS_NRT,352.7,300.93
9.42357,78.85609,,1.08,1.04,2026-07-30,1019,Aqua,MODIS,66,6.1NRT,,10.85,D,MODIS_NRT,324.92,299.9
9.62723,80.25657,,1.29,1.13,2026-07-30,1019,Aqua,MODIS,44,6.1NRT,,7.95,D,MODIS_NRT,316.78,297.97
9.62878,80.2679,,1.29,1.13,2026-07-30,1019,Aqua,MODIS,66,6.1NRT,,13.77,D,MODIS_NRT,321.14,297.97
9.69565,79.8045,,1.21,1.09,2026-07-30,1019,Aqua,MODIS,46,6.1NRT,,7.82,D,MODIS_NRT,311.04,294.38
10.77959,78.59415,,1.09,1.04,2026-07-30,1019,Aqua,MODIS,77,6.1NRT,,15.9,D,MODIS_NRT,324.45,291.3
10.78093,78.60376,,1.09,1.04,2026-07-30,1019,Aqua,MODIS,71,6.1NRT,,22.83,D,MODIS_NRT,329.58,290.32
29.70672,72.74747,,1.0,1.0,2026-07-30,1024,Aqua,MODIS,58,6.1NRT,,8.84,D,MODIS_NRT,320.19,292.65
30.41449,71.83112,,1.0,1.0,2026-07-30,1024,Aqua,MODIS,72,6.1NRT,,9.59,D,MODIS_NRT,323.99,300.88
30.47476,71.99489,,1.0,1.0,2026-07-30,1024,Aqua,MODIS,68,6.1NRT,,7.08,D,MODIS_NRT,321.46,299.44
30.63296,72.0545,,1.0,1.0,2026-07-30,1024,Aqua,MODIS,59,6.1NRT,,7.18,D,MODIS_NRT,318.99,296.44
9.39546,77.84373,,1.75,1.3,2026-07-30,1507,Terra,MODIS,70,6.1NRT,,7.87,N,MODIS_NRT,307.55,292.72
20.86258,84.99079,,1.56,1.23,2026-07-30,1509,Terra,MODIS,16,6.1NRT,,7.08,N,MODIS_NRT,301.7,288.61
20.96404,85.18328,,1.62,1.25,2026-07-30,1509,Terra,MODIS,43,6.1NRT,,8.48,N,MODIS_NRT,302.06,277.39
20.97339,85.16686,,1.61,1.25,2026-07-30,1509,Terra,MODIS,37,6.1NRT,,10.24,N,MODIS_NRT,303.7,279.71
22.36233,82.3022,,1.13,1.06,2026-07-30,1512,Terra,MODIS,33,6.1NRT,,6.7,N,MODIS_NRT,305.24,287.39
23.16779,82.33232,,1.15,1.07,2026-07-30,1512,Terra,MODIS,58,6.1NRT,,4.78,N,MODIS_NRT,303.95,291.14
23.16916,82.34328,,1.16,1.07,2026-07-30,1512,Terra,MODIS,66,6.1NRT,,6.17,N,MODIS_NRT,305.88,291.14
20.96851,85.18414,,1.97,1.37,2026-07-30,2229,Aqua,MODIS,82,6.1NRT,,22.72,N,MODIS_NRT,311.08,289.81
20.97185,85.16621,,1.96,1.37,2026-07-30,2229,Aqua,MODIS,61,6.1NRT,,10.7,N,MODIS_NRT,304.55,289.17
21.74694,83.84995,,1.53,1.22,2026-07-30,2229,Aqua,MODIS,88,6.1NRT,,19.43,N,MODIS_NRT,313.82,287.83
21.74946,83.83587,,1.52,1.22,2026-07-30,2229,Aqua,MODIS,45,6.1NRT,,7.12,N,MODIS_NRT,304.19,287.86
21.75746,83.85217,,1.53,1.22,2026-07-30,2229,Aqua,MODIS,43,6.1NRT,,6.31,N,MODIS_NRT,303.64,288.33
33.85427,95.62451,,2.38,1.49,2026-07-31,315,Terra,MODIS,70,6.1NRT,,27.35,D,MODIS_NRT,311.0,288.32
34.12338,95.80791,,2.41,1.5,2026-07-31,315,Terra,MODIS,51,6.1NRT,,17.46,D,MODIS_NRT,305.0,288.54
34.12573,95.80209,,2.41,1.5,2026-07-31,315,Terra,MODIS,45,6.1NRT,,21.81,D,MODIS_NRT,307.55,288.3
34.13617,95.81146,,2.41,1.5,2026-07-31,315,Terra,MODIS,68,6.1NRT,,27.04,D,MODIS_NRT,309.18,288.73
20.75848,85.29699,,1.02,1.01,2026-07-31,319,Terra,MODIS,53,6.1NRT,,6.13,D,MODIS_NRT,309.63,287.39
20.79197,85.25395,,1.02,1.01,2026-07-31,319,Terra,MODIS,77,6.1NRT,,14.22,D,MODIS_NRT,320.88,291.82
20.88777,84.98588,,1.01,1.0,2026-07-31,319,Terra,MODIS,38,6.1NRT,,5.07,D,MODIS_NRT,312.17,292.72
20.95019,86.05215,,1.07,1.03,2026-07-31,319,Terra,MODIS,63,6.1NRT,,4.89,D,MODIS_NRT,310.25,290.99
20.95958,85.18722,,1.01,1.01,2026-07-31,319,Terra,MODIS,37,6.1NRT,,9.11,D,MODIS_NRT,317.66,293.0
20.96519,86.01401,,1.06,1.03,2026-07-31,319,Terra,MODIS,70,6.1NRT,,8.28,D,MODIS_NRT,313.45,292.21
20.96668,86.00411,,1.06,1.03,2026-07-31,319,Terra,MODIS,67,6.1NRT,,7.42,D,MODIS_NRT,312.74,291.52
20.96978,85.17921,,1.01,1.01,2026-07-31,319,Terra,MODIS,58,6.1NRT,,11.7,D,MODIS_NRT,320.37,292.69
21.75056,83.84386,,1.01,1.01,2026-07-31,319,Terra,MODIS,47,6.1NRT,,4.25,D,MODIS_NRT,309.31,289.57
11.38369,79.68633,,1.2,1.09,2026-07-31,321,Terra,MODIS,66,6.1NRT,,10.56,D,MODIS_NRT,319.57,297.75
35.06465,71.39431,,2.35,1.48,2026-07-31,453,Terra,MODIS,31,6.1NRT,,15.79,D,MODIS_NRT,307.81,286.7
20.78433,85.25417,,1.52,1.22,2026-07-31,922,Aqua,MODIS,40,6.1NRT,,10.1,D,MODIS_NRT,312.74,292.24
20.79488,85.2521,,1.52,1.22,2026-07-31,922,Aqua,MODIS,27,6.1NRT,,11.55,D,MODIS_NRT,313.15,292.01
25.94016,72.18948,,1.19,1.09,2026-07-31,1552,Terra,MODIS,100,6.1NRT,,16.77,N,MODIS_NRT,320.36,293.76
35.18431,85.43597,,2.09,1.41,2026-08-01,353,Terra,MODIS,66,6.1NRT,,20.24,D,MODIS_NRT,308.87,285.97
35.25787,85.72018,,2.17,1.43,2026-08-01,353,Terra,MODIS,18,6.1NRT,,10.82,D,MODIS_NRT,302.64,285.14
35.52025,85.93858,,2.21,1.44,2026-08-01,353,Terra,MODIS,51,6.1NRT,,11.49,D,MODIS_NRT,304.51,289.13
35.58039,86.86158,,2.53,1.53,2026-08-01,353,Terra,MODIS,47,6.1NRT,,11.42,D,MODIS_NRT,303.55,285.65
35.59331,86.86589,,2.53,1.53,2026-08-01,353,Terra,MODIS,39,6.1NRT,,10.51,D,MODIS_NRT,303.19,285.39
35.79637,86.48041,,2.36,1.48,2026-08-01,353,Terra,MODIS,33,6.1NRT,,9.2,D,MODIS_NRT,303.53,287.7
35.89323,86.96346,,2.52,1.53,2026-08-01,353,Terra,MODIS,17,6.1NRT,,11.52,D,MODIS_NRT,303.85,287.32
35.91067,86.31857,,2.29,1.46,2026-08-01,353,Terra,MODIS,37,6.1NRT,,10.21,D,MODIS_NRT,304.9,287.88
35.9876,86.39981,,2.3,1.47,2026-08-01,353,Terra,MODIS,30,6.1NRT,,7.51,D,MODIS_NRT,303.11,286.38
36.03054,85.79888,,2.1,1.41,2026-08-01,353,Terra,MODIS,39,6.1NRT,,9.48,D,MODIS_NRT,307.0,290.57
36.06458,86.22986,,2.23,1.45,2026-08-01,353,Terra,MODIS,59,6.1NRT,,9.72,D,MODIS_NRT,306.15,290.44
36.06945,86.20682,,2.23,1.45,2026-08-01,353,Terra,MODIS,55,6.1NRT,,7.65,D,MODIS_NRT,304.94,289.92
36.1951,86.05586,,2.16,1.43,2026-08-01,353,Terra,MODIS,58,6.1NRT,,10.16,D,MODIS_NRT,307.05,290.42
36.29189,86.16604,,2.19,1.43,2026-08-01,353,Terra,MODIS,27,6.1NRT,,10.26,D,MODIS_NRT,304.55,288.44
36.63146,86.01038,,2.09,1.41,2026-08-01,353,Terra,MODIS,47,6.1NRT,,8.85,D,MODIS_NRT,307.26,291.39
36.72166,87.23903,,2.5,1.52,2026-08-01,353,Terra,MODIS,26,6.1NRT,,13.3,D,MODIS_NRT,301.79,283.57
17.36847,75.56014,,1.08,1.04,2026-08-01,400,Terra,MODIS,57,6.1NRT,,7.1,D,MODIS_NRT,315.28,296.22
8.33755,80.57024,,1.18,1.08,2026-08-01,956,Aqua,MODIS,40,6.1NRT,,7.52,D,MODIS_NRT,313.99,291.04
8.75313,80.42727,,1.18,1.08,2026-08-01,956,Aqua,MODIS,73,6.1NRT,,10.56,D,MODIS_NRT,320.16,294.13
8.96165,80.5816,,1.16,1.07,2026-08-01,956,Aqua,MODIS,49,6.1NRT,,7.67,D,MODIS_NRT,314.98,295.4
8.9632,80.59173,,1.15,1.07,2026-08-01,956,Aqua,MODIS,42,6.1NRT,,7.5,D,MODIS_NRT,314.53,295.24
12.3302,79.6273,,1.18,1.08,2026-08-01,958,Aqua,MODIS,75,6.1NRT,,12.59,D,MODIS_NRT,324.87,297.92
22.20941,84.86211,,1.0,1.0,2026-08-01,1452,Terra,MODIS,78,6.1NRT,,6.05,N,MODIS_NRT,309.64,292.01
23.78041,86.21564,,1.01,1.01,2026-08-01,2208,Aqua,MODIS,70,6.1NRT,,5.48,N,MODIS_NRT,307.05,290.94
23.82097,84.57587,,1.02,1.01,2026-08-01,2208,Aqua,MODIS,43,6.1NRT,,7.73,N,MODIS_NRT,305.25,286.99
21.19598,81.41913,,1.31,1.13,2026-08-01,2210,Aqua,MODIS,67,6.1NRT,,7.79,N,MODIS_NRT,306.22,289.61
8.76382,78.18868,,1.43,1.18,2026-08-01,2212,Aqua,MODIS,29,6.1NRT,,11.67,N,MODIS_NRT,306.42,290.02
8.8271,78.08819,,1.46,1.19,2026-08-01,2212,Aqua,MODIS,99,6.1NRT,,27.64,N,MODIS_NRT,319.79,289.46
36.12087,94.83595,,1.05,1.02,2026-08-02,253,Terra,MODIS,26,6.1NRT,,5.79,D,MODIS_NRT,308.48,293.63
32.88978,95.28013,,1.18,1.08,2026-08-02,256,Terra,MODIS,60,6.1NRT,,8.97,D,MODIS_NRT,307.02,289.47
32.8918,95.26808,,1.18,1.08,2026-08-02,256,Terra,MODIS,47,6.1NRT,,8.42,D,MODIS_NRT,306.7,289.39
34.473,90.86129,,1.07,1.03,2026-08-02,256,Terra,MODIS,30,6.1NRT,,4.9,D,MODIS_NRT,300.83,287.74
34.51662,87.69991,,1.54,1.22,2026-08-02,256,Terra,MODIS,60,6.1NRT,,8.62,D,MODIS_NRT,305.67,289.65
34.51827,87.68382,,1.54,1.22,2026-08-02,256,Terra,MODIS,56,6.1NRT,,8.32,D,MODIS_NRT,305.32,288.69
34.52206,87.69199,,1.54,1.22,2026-08-02,256,Terra,MODIS,63,6.1NRT,,11.5,D,MODIS_NRT,308.36,289.2
29.91421,72.93804,,1.46,1.19,2026-08-02,1043,Aqua,MODIS,55,6.1NRT,,10.83,D,MODIS_NRT,318.93,296.41
11.11728,79.25729,,1.07,1.03,2026-08-02,1526,Terra,MODIS,82,6.1NRT,,8.58,N,MODIS_NRT,311.23,286.52
14.08998,78.12283,,1.03,1.01,2026-08-02,1526,Terra,MODIS,70,6.1NRT,,5.0,N,MODIS_NRT,307.09,293.44
31.47098,92.05641,,3.32,1.72,2026-08-03,334,Terra,MODIS,31,6.1NRT,,33.98,D,MODIS_NRT,307.75,290.75
31.47157,92.05095,,3.32,1.72,2026-08-03,334,Terra,MODIS,31,6.1NRT,,28.32,D,MODIS_NRT,305.65,290.78
31.57397,88.36755,,1.85,1.33,2026-08-03,334,Terra,MODIS,63,6.1NRT,,11.52,D,MODIS_NRT,306.09,290.94
32.45388,86.31998,,1.32,1.14,2026-08-03,334,Terra,MODIS,32,6.1NRT,,3.59,D,MODIS_NRT,302.87,288.06
33.18902,90.32688,,2.29,1.47,2026-08-03,334,Terra,MODIS,36,6.1NRT,,7.09,D,MODIS_NRT,302.9,288.57
34.54657,86.8942,,1.31,1.13,2026-08-03,334,Terra,MODIS,61,6.1NRT,,7.94,D,MODIS_NRT,306.53,286.66
20.70657,78.62365,,1.02,1.01,2026-08-03,336,Terra,MODIS,63,6.1NRT,,4.99,D,MODIS_NRT,308.53,285.98
20.96492,85.17709,,1.82,1.32,2026-08-03,336,Terra,MODIS,66,6.1NRT,,16.58,D,MODIS_NRT,313.15,285.03
22.14031,72.23269,,2.61,1.55,2026-08-03,336,Terra,MODIS,45,6.1NRT,,32.57,D,MODIS_NRT,312.84,285.47
24.07264,69.48524,,3.28,1.71,2026-08-03,1117,Aqua,MODIS,79,6.1NRT,,87.99,D,MODIS_NRT,325.57,290.78
24.0728,69.47696,,3.28,1.71,2026-08-03,1117,Aqua,MODIS,80,6.1NRT,,94.41,D,MODIS_NRT,326.64,290.92
30.59292,92.06293,,1.5,1.21,2026-08-04,236,Terra,MODIS,22,6.1NRT,,5.05,D,MODIS_NRT,301.51,285.92
20.19533,95.04415,,1.02,1.01,2026-08-04,238,Terra,MODIS,49,6.1NRT,,4.02,D,MODIS_NRT,309.44,283.99
32.49059,80.11896,,2.24,1.45,2026-08-04,414,Terra,MODIS,37,6.1NRT,,16.13,D,MODIS_NRT,313.13,292.79
19.38214,73.21275,,1.38,1.16,2026-08-04,417,Terra,MODIS,38,6.1NRT,,8.64,D,MODIS_NRT,310.99,291.43
29.54562,93.26515,,1.7,1.28,2026-08-04,839,Aqua,MODIS,46,6.1NRT,,10.84,D,MODIS_NRT,305.14,288.18
29.5965,93.47331,,1.65,1.26,2026-08-04,839,Aqua,MODIS,49,6.1NRT,,13.76,D,MODIS_NRT,307.19,287.43
29.64182,93.33691,,1.68,1.27,2026-08-04,839,Aqua,MODIS,64,6.1NRT,,17.4,D,MODIS_NRT,308.66,286.71
30.25122,91.37466,,2.21,1.44,2026-08-04,839,Aqua,MODIS,35,6.1NRT,,20.57,D,MODIS_NRT,308.67,291.45
12.71933,79.76971,,1.07,1.03,2026-08-04,1013,Aqua,MODIS,73,6.1NRT,,11.34,D,MODIS_NRT,323.68,298.82
29.90848,72.41945,,1.06,1.03,2026-08-04,1019,Aqua,MODIS,74,6.1NRT,,13.6,D,MODIS_NRT,325.28,296.05
22.09747,96.603,328.11,0.44,0.46,2026-09-12,625,N20,VIIRS,n,2.0NRT,295.82,1.34,D,VIIRS_NOAA20_NRT,,
27.91693,96.77547,336.1,0.52,0.41,2026-09-12,625,N20,VIIRS,n,2.0NRT,296.38,14.51,D,VIIRS_NOAA20_NRT,,
28.06338,95.35677,330.03,0.41,0.45,2026-09-12,625,N20,VIIRS,l,2.0NRT,300.16,6.32,D,VIIRS_NOAA20_NRT,,
28.15213,95.35768,344.99,0.4,0.45,2026-09-12,625,N20,VIIRS,n,2.0NRT,293.15,4.78,D,VIIRS_NOAA20_NRT,,
29.31271,91.27133,338.43,0.33,0.56,2026-09-12,627,N20,VIIRS,n,2.0NRT,300.7,2.79,D,VIIRS_NOAA20_NRT,,
8.00146,81.08263,337.48,0.38,0.36,2026-09-12,803,N20,VIIRS,n,2.0NRT,304.39,8.49,D,VIIRS_NOAA20_NRT,,
8.00199,81.08609,341.5,0.38,0.36,2026-09-12,803,N20,VIIRS,n,2.0NRT,307.35,11.73,D,VIIRS_NOAA20_NRT,,
8.0084,80.95048,336.07,0.38,0.36,2026-09-12,803,N20,VIIRS,n,2.0NRT,303.05,3.75,D,VIIRS_NOAA20_NRT,,
8.02892,81.08554,333.58,0.38,0.36,2026-09-12,803,N20,VIIRS,l,2.0NRT,305.63,4.67,D,VIIRS_NOAA20_NRT,,
8.03081,80.12262,332.65,0.39,0.36,2026-09-12,803,N20,VIIRS,l,2.0NRT,302.98,2.11,D,VIIRS_NOAA20_NRT,,
8.03435,81.43699,338.82,0.39,0.36,2026-09-12,803,N20,VIIRS,n,2.0NRT,302.79,6.29,D,VIIRS_NOAA20_NRT,,
8.05453,80.12251,332.73,0.39,0.36,2026-09-12,803,N20,VIIRS,n,2.0NRT,302.12,1.9,D,VIIRS_NOAA20_NRT,,
8.06548,80.37035,332.79,0.39,0.36,2026-09-12,803,N20,VIIRS,n,2.0NRT,301.98,2.7,D,VIIRS_NOAA20_NRT,,
8.07796,81.38718,342.67,0.39,0.36,2026-09-12,803,N20,VIIRS,n,2.0NRT,304.17,4.75,D,VIIRS_NOAA20_NRT,,
8.07848,81.39066,335.67,0.39,0.36,2026-09-12,803,N20,VIIRS,n,2.0NRT,301.89,4.75,D,VIIRS_NOAA20_NRT,,
8.10972,80.17076,330.13,0.39,0.36,2026-09-12,803,N20,VIIRS,l,2.0NRT,303.02,5.25,D,VIIRS_NOAA20_NRT,,
8.11203,81.11818,347.27,0.38,0.36,2026-09-12,803,N20,VIIRS,n,2.0NRT,308.12,8.25,D,VIIRS_NOAA20_NRT,,
8.12876,80.09634,334.13,0.39,0.36,2026-09-12,803,N20,VIIRS,l,2.0NRT,307.73,2.64,D,VIIRS_NOAA20_NRT,,
8.12938,80.07833,344.31,0.39,0.36,2026-09-12,803,N20,VIIRS,n,2.0NRT,304.62,2.44,D,VIIRS_NOAA20_NRT,,
8.1327,80.07781,334.61,0.39,0.36,2026-09-12,803,N20,VIIRS,n,2.0NRT,301.2,2.44,D,VIIRS_NOAA20_NRT,,
8.13949,80.5183,355.62,0.38,0.36,2026-09-12,803,N20,VIIRS,n,2.0NRT,306.21,14.07,D,VIIRS_NOAA20_NRT,,
8.14085,80.10876,347.78,0.39,0.36,2026-09-12,803,N20,VIIRS,n,2.0NRT,304.75,7.08,D,VIIRS_NOAA20_NRT,,
8.15586,80.02999,333.34,0.39,0.36,2026-09-12,803,N20,VIIRS,l,2.0NRT,304.42,13.25,D,VIIRS_NOAA20_NRT,,
8.16437,80.15157,348.84,0.39,0.36,2026-09-12,803,N20,VIIRS,n,2.0NRT,305.12,10.2,D,VIIRS_NOAA20_NRT,,
8.18969,81.09564,342.34,0.38,0.36,2026-09-12,803,N20,VIIRS,n,2.0NRT,310.06,7.72,D,VIIRS_NOAA20_NRT,,
8.20304,80.64674,341.43,0.38,0.36,2026-09-12,803,N20,VIIRS,n,2.0NRT,307.75,9.57,D,VIIRS_NOAA20_NRT,,
8.20328,81.11841,339.84,0.38,0.36,2026-09-12,803,N20,VIIRS,n,2.0NRT,309.36,4.26,D,VIIRS_NOAA20_NRT,,
8.20514,81.08619,352.23,0.38,0.36,2026-09-12,803,N20,VIIRS,n,2.0NRT,306.63,6.45,D,VIIRS_NOAA20_NRT,,
8.20659,81.1179,346.37,0.38,0.36,2026-09-12,803,N20,VIIRS,n,2.0NRT,312.25,10.22,D,VIIRS_NOAA20_NRT,,
8.20952,81.08865,335.07,0.38,0.36,2026-09-12,803,N20,VIIRS,l,2.0NRT,307.84,4.97,D,VIIRS_NOAA20_NRT,,
8.21417,81.05246,336.42,0.38,0.36,2026-09-12,803,N20,VIIRS,n,2.0NRT,301.34,1.02,D,VIIRS_NOAA20_NRT,,
8.22325,81.0901,341.02,0.38,0.36,2026-09-12,803,N20,VIIRS,n,2.0NRT,306.53,6.9,D,VIIRS_NOAA20_NRT,,
8.22866,81.10347,340.57,0.38,0.36,2026-09-12,803,N20,VIIRS,n,2.0NRT,307.56,5.53,D,VIIRS_NOAA20_NRT,,
8.23196,81.10297,339.51,0.38,0.36,2026-09-12,803,N20,VIIRS,n,2.0NRT,307.4,5.86,D,VIIRS_NOAA20_NRT,,
8.23579,81.10593,338.95,0.38,0.36,2026-09-12,803,N20,VIIRS,n,2.0NRT,307.48,7.43,D,VIIRS_NOAA20_NRT,,
8.25638,80.15388,343.22,0.39,0.36,2026-09-12,803,N20,VIIRS,n,2.0NRT,308.44,3.82,D,VIIRS_NOAA20_NRT,,
8.25911,80.50208,343.97,0.38,0.36,2026-09-12,803,N20,VIIRS,n,2.0NRT,301.65,6.85,D,VIIRS_NOAA20_NRT,,
8.25969,80.15337,335.18,0.39,0.36,2026-09-12,803,N20,VIIRS,l,2.0NRT,307.14,3.82,D,VIIRS_NOAA20_NRT,,
8.25974,80.68276,337.71,0.38,0.36,2026-09-12,803,N20,VIIRS,n,2.0NRT,306.59,19.77,D,VIIRS_NOAA20_NRT,,
8.26309,80.1314,335.55,0.39,0.36,2026-09-12,803,N20,VIIRS,n,2.0NRT,304.3,5.25,D,VIIRS_NOAA20_NRT,,
8.28788,80.24884,336.56,0.39,0.36,2026-09-12,803,N20,VIIRS,n,2.0NRT,303.39,1.8,D,VIIRS_NOAA20_NRT,,
8.29346,80.55,332.19,0.38,0.36,2026-09-12,803,N20,VIIRS,l,2.0NRT,303.82,3.28,D,VIIRS_NOAA20_NRT,,
8.30035,81.15289,333.71,0.39,0.36,2026-09-12,803,N20,VIIRS,n,2.0NRT,290.3,3.41,D,VIIRS_NOAA20_NRT,,
8.3079,80.71078,337.01,0.38,0.36,2026-09-12,803,N20,VIIRS,n,2.0NRT,301.9,11.07,D,VIIRS_NOAA20_NRT,,
8.30843,80.71424,355.65,0.38,0.36,2026-09-12,803,N20,VIIRS,n,2.0NRT,306.92,11.07,D,VIIRS_NOAA20_NRT,,
8.34444,81.2409,337.59,0.39,0.36,2026-09-12,803,N20,VIIRS,n,2.0NRT,294.6,5.91,D,VIIRS_NOAA20_NRT,,
8.34827,81.24388,330.5,0.39,0.36,2026-09-12,803,N20,VIIRS,n,2.0NRT,292.57,3.19,D,VIIRS_NOAA20_NRT,,
8.37424,80.2351,338.51,0.39,0.36,2026-09-12,803,N20,VIIRS,n,2.0NRT,306.39,5.06,D,VIIRS_NOAA20_NRT,,
8.37945,80.18082,342.66,0.39,0.36,2026-09-12,803,N20,VIIRS,n,2.0NRT,299.06,5.29,D,VIIRS_NOAA20_NRT,,
8.38575,80.46442,334.91,0.38,0.36,2026-09-12,803,N20,VIIRS,n,2.0NRT,300.24,2.16,D,VIIRS_NOAA20_NRT,,
8.40706,80.20441,335.35,0.39,0.36,2026-09-12,803,N20,VIIRS,l,2.0NRT,306.76,3.74,D,VIIRS_NOAA20_NRT,,
8.40991,80.46778,339.26,0.38,0.36,2026-09-12,803,N20,VIIRS,n,2.0NRT,303.94,4.27,D,VIIRS_NOAA20_NRT,,
8.41037,80.2039,334.51,0.39,0.36,2026-09-12,803,N20,VIIRS,n,2.0NRT,303.45,3.74,D,VIIRS_NOAA20_NRT,,
8.43218,80.79048,336.47,0.38,0.36,2026-09-12,803,N20,VIIRS,l,2.0NRT,307.49,3.88,D,VIIRS_NOAA20_NRT,,
8.45244,80.49953,338.55,0.38,0.36,2026-09-12,803,N20,VIIRS,n,2.0NRT,299.91,4.04,D,VIIRS_NOAA20_NRT,,
8.46608,80.81363,337.18,0.38,0.36,2026-09-12,803,N20,VIIRS,n,2.0NRT,306.92,4.42,D,VIIRS_NOAA20_NRT,,
8.48084,80.53062,333.26,0.38,0.36,2026-09-12,803,N20,VIIRS,n,2.0NRT,299.46,1.95,D,VIIRS_NOAA20_NRT,,
8.49279,80.74149,340.29,0.38,0.36,2026-09-12,803,N20,VIIRS,n,2.0NRT,305.43,9.53,D,VIIRS_NOAA20_NRT,,
8.50295,80.1428,330.27,0.39,0.36,2026-09-12,803,N20,VIIRS,l,2.0NRT,301.94,2.17,D,VIIRS_NOAA20_NRT,,
8.50381,80.54836,334.62,0.38,0.36,2026-09-12,803,N20,VIIRS,n,2.0NRT,300.28,3.55,D,VIIRS_NOAA20_NRT,,
8.51863,80.82257,339.78,0.38,0.36,2026-09-12,803,N20,VIIRS,n,2.0NRT,306.33,4.72,D,VIIRS_NOAA20_NRT,,
8.53772,80.25856,333.47,0.39,0.36,2026-09-12,803,N20,VIIRS,n,2.0NRT,299.66,2.33,D,VIIRS_NOAA20_NRT,,
8.58275,80.68466,339.16,0.38,0.36,2026-09-12,803,N20,VIIRS,n,2.0NRT,304.15,4.45,D,VIIRS_NOAA20_NRT,,
8.58544,80.50341,353.28,0.38,0.36,2026-09-12,803,N20,VIIRS,n,2.0NRT,303.35,14.37,D,VIIRS_NOAA20_NRT,,
8.61444,80.31782,347.16,0.39,0.36,2026-09-12,803,N20,VIIRS,n,2.0NRT,306.31,5.29,D,VIIRS_NOAA20_NRT,,
8.61774,80.31731,349.53,0.39,0.36,2026-09-12,803,N20,VIIRS,n,2.0NRT,305.94,5.29,D,VIIRS_NOAA20_NRT,,
8.63169,80.67358,346.72,0.38,0.36,2026-09-12,803,N20,VIIRS,n,2.0NRT,308.29,8.71,D,VIIRS_NOAA20_NRT,,
8.64835,80.4511,344.94,0.38,0.36,2026-09-12,803,N20,VIIRS,n,2.0NRT,305.96,12.37,D,VIIRS_NOAA20_NRT,,
8.64843,80.62846,340.33,0.38,0.36,2026-09-12,803,N20,VIIRS,n,2.0NRT,306.49,8.04,D,VIIRS_NOAA20_NRT,,
8.69567,80.80559,330.27,0.38,0.36,2026-09-12,803,N20,VIIRS,n,2.0NRT,298.65,5.44,D,VIIRS_NOAA20_NRT,,
8.71605,81.14002,333.77,0.39,0.36,2026-09-12,803,N20,VIIRS,n,2.0NRT,285.53,3.38,D,VIIRS_NOAA20_NRT,,
8.86818,80.68862,337.45,0.38,0.36,2026-09-12,803,N20,VIIRS,n,2.0NRT,299.32,6.06,D,VIIRS_NOAA20_NRT,,
8.89602,80.71627,339.85,0.38,0.36,2026-09-12,803,N20,VIIRS,n,2.0NRT,301.58,4.52,D,VIIRS_NOAA20_NRT,,
8.89931,80.71577,338.73,0.38,0.36,2026-09-12,803,N20,VIIRS,n,2.0NRT,304.07,4.84,D,VIIRS_NOAA20_NRT,,
8.91587,80.04765,335.87,0.39,0.36,2026-09-12,803,N20,VIIRS,n,2.0NRT,303.33,3.28,D,VIIRS_NOAA20_NRT,,
8.91849,80.41753,335.18,0.38,0.36,2026-09-12,803,N20,VIIRS,n,2.0NRT,300.35,4.7,D,VIIRS_NOAA20_NRT,,
8.98668,80.06483,345.73,0.39,0.36,2026-09-12,803,N20,VIIRS,n,2.0NRT,307.21,5.91,D,VIIRS_NOAA20_NRT,,
8.98721,80.06832,334.23,0.39,0.36,2026-09-12,803,N20,VIIRS,l,2.0NRT,305.03,2.04,D,VIIRS_NOAA20_NRT,,
8.99315,80.79646,336.83,0.38,0.36,2026-09-12,803,N20,VIIRS,n,2.0NRT,296.97,4.09,D,VIIRS_NOAA20_NRT,,
9.01222,79.85607,346.51,0.39,0.36,2026-09-12,803,N20,VIIRS,n,2.0NRT,302.11,25.87,D,VIIRS_NOAA20_NRT,,
9.17077,80.66854,338.34,0.38,0.36,2026-09-12,803,N20,VIIRS,n,2.0NRT,301.43,2.91,D,VIIRS_NOAA20_NRT,,
9.1998,80.68183,338.42,0.38,0.36,2026-09-12,803,N20,VIIRS,n,2.0NRT,304.47,4.33,D,VIIRS_NOAA20_NRT,,
9.39939,80.43265,340.14,0.38,0.36,2026-09-12,803,N20,VIIRS,n,2.0NRT,303.44,8.68,D,VIIRS_NOAA20_NRT,,
9.39992,80.43612,339.1,0.38,0.36,2026-09-12,803,N20,VIIRS,n,2.0NRT,304.64,7.39,D,VIIRS_NOAA20_NRT,,
9.41784,80.39386,339.74,0.38,0.36,2026-09-12,803,N20,VIIRS,n,2.0NRT,305.16,8.0,D,VIIRS_NOAA20_NRT,,
9.62736,78.63781,332.68,0.41,0.37,2026-09-12,803,N20,VIIRS,l,2.0NRT,294.49,6.84,D,VIIRS_NOAA20_NRT,,
9.91416,77.86312,339.06,0.43,0.38,2026-09-12,803,N20,VIIRS,n,2.0NRT,304.69,8.22,D,VIIRS_NOAA20_NRT,,
9.74164,76.45773,331.79,0.51,0.41,2026-09-12,805,N20,VIIRS,n,2.0NRT,288.04,3.38,D,VIIRS_NOAA20_NRT,,
12.04175,79.63104,339.52,0.38,0.36,2026-09-12,805,N20,VIIRS,n,2.0NRT,304.19,2.55,D,VIIRS_NOAA20_NRT,,
16.17542,76.03835,333.17,0.45,0.39,2026-09-12,805,N20,VIIRS,n,2.0NRT,296.24,3.49,D,VIIRS_NOAA20_NRT,,
23.68421,86.39342,332.97,0.34,0.56,2026-09-12,805,N20,VIIRS,n,2.0NRT,290.19,3.79,D,VIIRS_NOAA20_NRT,,
24.40428,69.38643,334.96,0.52,0.5,2026-09-12,807,N20,VIIRS,n,2.0NRT,301.19,3.99,D,VIIRS_NOAA20_NRT,,
24.55512,69.40336,344.61,0.51,0.49,2026-09-12,807,N20,VIIRS,n,2.0NRT,301.63,5.17,D,VIIRS_NOAA20_NRT,,
24.83396,68.07536,349.63,0.61,0.53,2026-09-12,807,N20,VIIRS,n,2.0NRT,311.23,19.75,D,VIIRS_NOAA20_NRT,,
24.92797,68.14256,337.69,0.6,0.53,2026-09-12,807,N20,VIIRS,n,2.0NRT,305.03,4.87,D,VIIRS_NOAA20_NRT,,
26.22407,68.2117,335.06,0.56,0.51,2026-09-12,807,N20,VIIRS,n,2.0NRT,306.83,3.29,D,VIIRS_NOAA20_NRT,,
27.6089,68.41288,343.6,0.51,0.49,2026-09-12,807,N20,VIIRS,n,2.0NRT,304.55,9.22,D,VIIRS_NOAA20_NRT,,
28.05118,69.36864,343.81,0.44,0.46,2026-09-12,807,N20,VIIRS,n,2.0NRT,308.63,7.05,D,VIIRS_NOAA20_NRT,,
30.26534,75.17442,332.85,0.38,0.36,2026-09-12,807,N20,VIIRS,n,2.0NRT,301.72,5.51,D,VIIRS_NOAA20_NRT,,
30.45998,73.82776,333.32,0.4,0.37,2026-09-12,807,N20,VIIRS,n,2.0NRT,299.86,3.2,D,VIIRS_NOAA20_NRT,,
30.48032,73.85346,336.88,0.4,0.37,2026-09-12,807,N20,VIIRS,n,2.0NRT,301.48,3.46,D,VIIRS_NOAA20_NRT,,
30.97437,74.74274,334.95,0.38,0.36,2026-09-12,807,N20,VIIRS,n,2.0NRT,299.08,15.5,D,VIIRS_NOAA20_NRT,,
31.04552,74.45963,332.44,0.39,0.36,2026-09-12,807,N20,VIIRS,n,2.0NRT,299.79,2.21,D,VIIRS_NOAA20_NRT,,
31.06057,74.46884,334.7,0.39,0.36,2026-09-12,807,N20,VIIRS,n,2.0NRT,299.11,4.66,D,VIIRS_NOAA20_NRT,,
31.09269,74.28425,340.24,0.39,0.36,2026-09-12,807,N20,VIIRS,n,2.0NRT,303.35,3.86,D,VIIRS_NOAA20_NRT,,
31.13036,74.63187,339.35,0.39,0.36,2026-09-12,807,N20,VIIRS,n,2.0NRT,299.6,4.11,D,VIIRS_NOAA20_NRT,,
31.19292,74.89988,345.62,0.38,0.36,2026-09-12,807,N20,VIIRS,n,2.0NRT,298.67,5.6,D,VIIRS_NOAA20_NRT,,
31.39639,74.7634,343.71,0.38,0.36,2026-09-12,807,N20,VIIRS,n,2.0NRT,298.53,4.21,D,VIIRS_NOAA20_NRT,,
31.38206,74.58451,334.6,0.39,0.36,2026-09-12,809,N20,VIIRS,n,2.0NRT,299.1,3.15,D,VIIRS_NOAA20_NRT,,
31.39197,72.4937,336.25,0.42,0.38,2026-09-12,809,N20,VIIRS,n,2.0NRT,299.98,4.53,D,VIIRS_NOAA20_NRT,,
31.4488,74.51225,333.07,0.39,0.36,2026-09-12,809,N20,VIIRS,n,2.0NRT,298.2,2.35,D,VIIRS_NOAA20_NRT,,
31.51891,75.03113,344.5,0.38,0.36,2026-09-12,809,N20,VIIRS,n,2.0NRT,299.59,12.89,D,VIIRS_NOAA20_NRT,,
31.54696,74.81409,341.55,0.38,0.36,2026-09-12,809,N20,VIIRS,n,2.0NRT,297.1,3.34,D,VIIRS_NOAA20_NRT,,
31.59005,74.82984,346.25,0.38,0.36,2026-09-12,809,N20,VIIRS,n,2.0NRT,301.63,10.83,D,VIIRS_NOAA20_NRT,,
31.6007,75.00967,341.26,0.38,0.36,2026-09-12,809,N20,VIIRS,n,2.0NRT,297.72,3.27,D,VIIRS_NOAA20_NRT,,
31.65354,74.51465,335.29,0.39,0.36,2026-09-12,809,N20,VIIRS,n,2.0NRT,301.33,3.63,D,VIIRS_NOAA20_NRT,,
31.65417,74.51865,330.63,0.39,0.36,2026-09-12,809,N20,VIIRS,n,2.0NRT,299.48,3.63,D,VIIRS_NOAA20_NRT,,
31.73861,74.97749,337.18,0.38,0.36,2026-09-12,809,N20,VIIRS,n,2.0NRT,300.56,3.39,D,VIIRS_NOAA20_NRT,,
31.87992,74.7001,349.42,0.38,0.36,2026-09-12,809,N20,VIIRS,n,2.0NRT,296.8,8.58,D,VIIRS_NOAA20_NRT,,
31.89338,73.83667,334.57,0.39,0.36,2026-09-12,809,N20,VIIRS,n,2.0NRT,302.59,3.03,D,VIIRS_NOAA20_NRT,,
31.98851,73.14387,332.1,0.4,0.37,2026-09-12,809,N20,VIIRS,n,2.0NRT,296.29,2.23,D,VIIRS_NOAA20_NRT,,
22.35524,96.70047,308.35,0.44,0.46,2026-09-12,1853,N20,VIIRS,n,2.0NRT,289.98,1.44,N,VIIRS_NOAA20_NRT,,
35.99197,94.82884,296.5,0.48,0.65,2026-09-12,2029,N20,VIIRS,n,2.0NRT,276.24,0.98,N,VIIRS_NOAA20_NRT,,
30.26565,75.1722,307.0,0.5,0.41,2026-09-12,2032,N20,VIIRS,n,2.0NRT,294.07,1.19,N,VIIRS_NOAA20_NRT,,
32.13039,74.17719,309.35,0.4,0.44,2026-09-12,2032,N20,VIIRS,n,2.0NRT,294.43,0.93,N,VIIRS_NOAA20_NRT,,
32.57822,72.56348,308.99,0.49,0.49,2026-09-12,2032,N20,VIIRS,n,2.0NRT,295.36,2.91,N,VIIRS_NOAA20_NRT,,
33.21928,71.4856,331.93,0.58,0.52,2026-09-12,2032,N20,VIIRS,n,2.0NRT,292.94,4.86,N,VIIRS_NOAA20_NRT,,
33.22337,71.4869,310.71,0.58,0.52,2026-09-12,2032,N20,VIIRS,n,2.0NRT,292.38,1.14,N,VIIRS_NOAA20_NRT,,
33.68769,72.7106,304.68,0.5,0.49,2026-09-12,2032,N20,VIIRS,n,2.0NRT,293.41,1.22,N,VIIRS_NOAA20_NRT,,
33.71325,73.99043,305.48,0.42,0.45,2026-09-12,2032,N20,VIIRS,n,2.0NRT,289.55,0.94,N,VIIRS_NOAA20_NRT,,
33.71378,73.98541,300.62,0.42,0.45,2026-09-12,2032,N20,VIIRS,n,2.0NRT,289.36,1.02,N,VIIRS_NOAA20_NRT,,
33.71745,73.99083,302.57,0.42,0.45,2026-09-12,2032,N20,VIIRS,n,2.0NRT,289.04,0.94,N,VIIRS_NOAA20_NRT,,
35.43689,73.60106,296.88,0.47,0.47,2026-09-12,2032,N20,VIIRS,n,2.0NRT,278.24,0.83,N,VIIRS_NOAA20_NRT,,
35.96993,68.68449,304.95,0.45,0.63,2026-09-12,2032,N20,VIIRS,n,2.0NRT,291.28,1.2,N,VIIRS_NOAA20_NRT,,
35.97005,68.68221,302.9,0.45,0.63,2026-09-12,2032,N20,VIIRS,n,2.0NRT,289.99,1.08,N,VIIRS_NOAA20_NRT,,
20.76129,85.29542,316.87,0.58,0.52,2026-09-12,2034,N20,VIIRS,n,2.0NRT,289.55,3.11,N,VIIRS_NOAA20_NRT,,
20.78703,85.26707,310.02,0.58,0.52,2026-09-12,2034,N20,VIIRS,n,2.0NRT,289.32,2.06,N,VIIRS_NOAA20_NRT,,
20.78816,85.26159,316.79,0.58,0.52,2026-09-12,2034,N20,VIIRS,n,2.0NRT,289.74,2.06,N,VIIRS_NOAA20_NRT,,
20.79517,85.25166,335.78,0.58,0.52,2026-09-12,2034,N20,VIIRS,n,2.0NRT,289.55,7.73,N,VIIRS_NOAA20_NRT,,
20.8093,85.25513,312.01,0.58,0.52,2026-09-12,2034,N20,VIIRS,n,2.0NRT,288.45,2.28,N,VIIRS_NOAA20_NRT,,
20.86423,84.98683,335.99,0.56,0.51,2026-09-12,2034,N20,VIIRS,n,2.0NRT,289.14,4.35,N,VIIRS_NOAA20_NRT,,
20.86778,84.99326,308.19,0.56,0.51,2026-09-12,2034,N20,VIIRS,n,2.0NRT,289.49,4.35,N,VIIRS_NOAA20_NRT,,
20.88487,84.98082,307.95,0.55,0.51,2026-09-12,2034,N20,VIIRS,n,2.0NRT,289.33,2.64,N,VIIRS_NOAA20_NRT,,
20.88685,84.98312,325.49,0.55,0.51,2026-09-12,2034,N20,VIIRS,n,2.0NRT,289.85,2.68,N,VIIRS_NOAA20_NRT,,
20.88796,84.97786,303.83,0.55,0.51,2026-09-12,2034,N20,VIIRS,n,2.0NRT,289.17,2.68,N,VIIRS_NOAA20_NRT,,
20.88949,84.98195,325.18,0.55,0.51,2026-09-12,2034,N20,VIIRS,n,2.0NRT,289.47,2.64,N,VIIRS_NOAA20_NRT,,
20.9432,86.06164,302.85,0.32,0.55,2026-09-12,2034,N20,VIIRS,n,2.0NRT,288.87,1.05,N,VIIRS_NOAA20_NRT,,
20.95144,86.04731,310.35,0.32,0.55,2026-09-12,2034,N20,VIIRS,n,2.0NRT,289.36,1.79,N,VIIRS_NOAA20_NRT,,
20.9521,86.04419,323.91,0.32,0.55,2026-09-12,2034,N20,VIIRS,n,2.0NRT,288.99,2.44,N,VIIRS_NOAA20_NRT,,
20.95872,85.01128,304.57,0.56,0.51,2026-09-12,2034,N20,VIIRS,n,2.0NRT,289.41,1.67,N,VIIRS_NOAA20_NRT,,
20.96209,85.16987,310.45,0.57,0.52,2026-09-12,2034,N20,VIIRS,n,2.0NRT,289.46,2.99,N,VIIRS_NOAA20_NRT,,
20.96244,85.18452,331.12,0.57,0.52,2026-09-12,2034,N20,VIIRS,n,2.0NRT,290.03,7.98,N,VIIRS_NOAA20_NRT,,
20.96321,85.16454,311.28,0.57,0.52,2026-09-12,2034,N20,VIIRS,n,2.0NRT,289.78,2.35,N,VIIRS_NOAA20_NRT,,
20.96338,85.18703,328.15,0.57,0.52,2026-09-12,2034,N20,VIIRS,n,2.0NRT,290.1,3.87,N,VIIRS_NOAA20_NRT,,
20.96346,86.01508,303.11,0.32,0.55,2026-09-12,2034,N20,VIIRS,n,2.0NRT,288.09,1.07,N,VIIRS_NOAA20_NRT,,
20.96451,85.18166,313.96,0.57,0.52,2026-09-12,2034,N20,VIIRS,n,2.0NRT,289.71,3.87,N,VIIRS_NOAA20_NRT,,
20.96462,85.17377,313.6,0.57,0.52,2026-09-12,2034,N20,VIIRS,n,2.0NRT,289.93,4.4,N,VIIRS_NOAA20_NRT,,
20.96474,86.00901,304.03,0.32,0.55,2026-09-12,2034,N20,VIIRS,n,2.0NRT,289.2,1.11,N,VIIRS_NOAA20_NRT,,
20.96538,86.00599,319.59,0.32,0.55,2026-09-12,2034,N20,VIIRS,n,2.0NRT,288.73,1.11,N,VIIRS_NOAA20_NRT,,
20.96564,85.17631,304.58,0.57,0.52,2026-09-12,2034,N20,VIIRS,n,2.0NRT,289.71,2.61,N,VIIRS_NOAA20_NRT,,
20.9657,85.16845,311.47,0.57,0.52,2026-09-12,2034,N20,VIIRS,n,2.0NRT,289.51,2.22,N,VIIRS_NOAA20_NRT,,
20.96603,86.00294,305.34,0.32,0.55,2026-09-12,2034,N20,VIIRS,n,2.0NRT,289.25,1.19,N,VIIRS_NOAA20_NRT,,
20.96676,85.171,306.65,0.57,0.52,2026-09-12,2034,N20,VIIRS,n,2.0NRT,289.58,2.61,N,VIIRS_NOAA20_NRT,,
20.96678,85.16314,304.18,0.57,0.52,2026-09-12,2034,N20,VIIRS,n,2.0NRT,289.41,2.22,N,VIIRS_NOAA20_NRT,,
20.96773,86.01938,307.07,0.32,0.55,2026-09-12,2034,N20,VIIRS,n,2.0NRT,288.58,1.03,N,VIIRS_NOAA20_NRT,,
20.96787,85.16571,305.8,0.57,0.52,2026-09-12,2034,N20,VIIRS,n,2.0NRT,289.36,1.69,N,VIIRS_NOAA20_NRT,,
20.96894,85.15248,317.6,0.57,0.52,2026-09-12,2034,N20,VIIRS,n,2.0NRT,289.36,3.31,N,VIIRS_NOAA20_NRT,,
20.96902,86.0133,308.95,0.32,0.55,2026-09-12,2034,N20,VIIRS,n,2.0NRT,288.86,1.61,N,VIIRS_NOAA20_NRT,,
20.96929,85.17493,333.06,0.57,0.52,2026-09-12,2034,N20,VIIRS,n,2.0NRT,290.55,4.4,N,VIIRS_NOAA20_NRT,,
20.96966,86.01028,307.83,0.32,0.55,2026-09-12,2034,N20,VIIRS,n,2.0NRT,289.74,2.15,N,VIIRS_NOAA20_NRT,,
20.97011,85.15508,306.65,0.57,0.52,2026-09-12,2034,N20,VIIRS,n,2.0NRT,289.53,1.55,N,VIIRS_NOAA20_NRT,,
20.97031,85.17744,306.12,0.57,0.52,2026-09-12,2034,N20,VIIRS,n,2.0NRT,289.31,2.61,N,VIIRS_NOAA20_NRT,,
20.97038,85.16959,308.29,0.57,0.52,2026-09-12,2034,N20,VIIRS,n,2.0NRT,289.65,2.22,N,VIIRS_NOAA20_NRT,,
20.97124,85.14972,308.82,0.57,0.52,2026-09-12,2034,N20,VIIRS,n,2.0NRT,289.14,1.55,N,VIIRS_NOAA20_NRT,,
20.97143,85.17213,336.94,0.57,0.52,2026-09-12,2034,N20,VIIRS,n,2.0NRT,290.21,2.61,N,VIIRS_NOAA20_NRT,,
20.97158,86.00114,306.67,0.32,0.55,2026-09-12,2034,N20,VIIRS,n,2.0NRT,288.67,1.0,N,VIIRS_NOAA20_NRT,,
20.97397,85.17606,305.91,0.57,0.52,2026-09-12,2034,N20,VIIRS,n,2.0NRT,289.54,1.59,N,VIIRS_NOAA20_NRT,,
20.97504,85.17075,311.95,0.57,0.52,2026-09-12,2034,N20,VIIRS,n,2.0NRT,289.34,1.93,N,VIIRS_NOAA20_NRT,,
20.97586,86.00541,303.43,0.32,0.55,2026-09-12,2034,N20,VIIRS,n,2.0NRT,288.52,1.0,N,VIIRS_NOAA20_NRT,,
20.9761,85.17328,307.63,0.57,0.52,2026-09-12,2034,N20,VIIRS,n,2.0NRT,289.45,1.89,N,VIIRS_NOAA20_NRT,,
20.97612,85.16544,304.3,0.57,0.52,2026-09-12,2034,N20,VIIRS,n,2.0NRT,289.0,1.93,N,VIIRS_NOAA20_NRT,,
20.97721,85.16798,313.89,0.57,0.52,2026-09-12,2034,N20,VIIRS,n,2.0NRT,289.36,2.56,N,VIIRS_NOAA20_NRT,,
20.97925,85.13492,310.9,0.56,0.52,2026-09-12,2034,N20,VIIRS,n,2.0NRT,289.85,3.21,N,VIIRS_NOAA20_NRT,,
20.9826,85.13337,303.95,0.57,0.52,2026-09-12,2034,N20,VIIRS,n,2.0NRT,289.1,2.43,N,VIIRS_NOAA20_NRT,,
21.07764,85.03637,307.5,0.55,0.51,2026-09-12,2034,N20,VIIRS,n,2.0NRT,289.78,2.1,N,VIIRS_NOAA20_NRT,,
21.08121,85.04266,303.59,0.55,0.51,2026-09-12,2034,N20,VIIRS,n,2.0NRT,288.97,0.69,N,VIIRS_NOAA20_NRT,,
21.67481,84.03996,304.05,0.47,0.48,2026-09-12,2034,N20,VIIRS,n,2.0NRT,286.74,1.88,N,VIIRS_NOAA20_NRT,,
21.67999,84.03656,306.46,0.47,0.48,2026-09-12,2034,N20,VIIRS,n,2.0NRT,286.79,1.13,N,VIIRS_NOAA20_NRT,,
21.68341,84.04195,304.06,0.47,0.48,2026-09-12,2034,N20,VIIRS,n,2.0NRT,287.13,0.93,N,VIIRS_NOAA20_NRT,,
21.71527,84.03994,303.24,0.47,0.48,2026-09-12,2034,N20,VIIRS,n,2.0NRT,287.64,0.69,N,VIIRS_NOAA20_NRT,,
21.75064,83.97409,306.92,0.46,0.47,2026-09-12,2034,N20,VIIRS,n,2.0NRT,287.86,1.94,N,VIIRS_NOAA20_NRT,,
21.75401,84.02554,304.17,0.47,0.47,2026-09-12,2034,N20,VIIRS,n,2.0NRT,288.62,1.58,N,VIIRS_NOAA20_NRT,,
21.75597,84.02402,311.27,0.47,0.47,2026-09-12,2034,N20,VIIRS,n,2.0NRT,289.15,2.03,N,VIIRS_NOAA20_NRT,,
21.76115,84.02059,329.98,0.46,0.47,2026-09-12,2034,N20,VIIRS,n,2.0NRT,289.06,2.81,N,VIIRS_NOAA20_NRT,,
21.76455,84.02598,303.26,0.47,0.47,2026-09-12,2034,N20,VIIRS,n,2.0NRT,288.69,2.81,N,VIIRS_NOAA20_NRT,,
21.76632,84.01719,312.82,0.46,0.47,2026-09-12,2034,N20,VIIRS,n,2.0NRT,288.83,2.55,N,VIIRS_NOAA20_NRT,,
21.77061,84.01817,307.49,0.46,0.47,2026-09-12,2034,N20,VIIRS,n,2.0NRT,288.43,0.92,N,VIIRS_NOAA20_NRT,,
22.05399,85.46494,299.66,0.57,0.52,2026-09-12,2034,N20,VIIRS,n,2.0NRT,286.91,0.9,N,VIIRS_NOAA20_NRT,,
22.13255,85.37953,305.29,0.56,0.51,2026-09-12,2034,N20,VIIRS,n,2.0NRT,288.05,1.35,N,VIIRS_NOAA20_NRT,,
22.1342,85.38361,308.55,0.56,0.51,2026-09-12,2034,N20,VIIRS,n,2.0NRT,288.4,1.19,N,VIIRS_NOAA20_NRT,,
22.36213,87.01799,307.74,0.35,0.57,2026-09-12,2034,N20,VIIRS,n,2.0NRT,288.47,0.99,N,VIIRS_NOAA20_NRT,,
22.36724,87.01922,304.33,0.35,0.57,2026-09-12,2034,N20,VIIRS,n,2.0NRT,288.46,0.99,N,VIIRS_NOAA20_NRT,,
22.36796,87.01592,311.69,0.35,0.57,2026-09-12,2034,N20,VIIRS,n,2.0NRT,288.02,0.99,N,VIIRS_NOAA20_NRT,,
22.57514,85.89776,314.7,0.59,0.53,2026-09-12,2034,N20,VIIRS,n,2.0NRT,289.22,1.99,N,VIIRS_NOAA20_NRT,,
22.57556,85.89582,317.5,0.59,0.53,2026-09-12,2034,N20,VIIRS,n,2.0NRT,289.63,3.32,N,VIIRS_NOAA20_NRT,,
22.57634,85.8922,306.67,0.59,0.53,2026-09-12,2034,N20,VIIRS,n,2.0NRT,288.96,1.99,N,VIIRS_NOAA20_NRT,,
22.57672,85.89025,304.21,0.59,0.53,2026-09-12,2034,N20,VIIRS,n,2.0NRT,288.8,1.09,N,VIIRS_NOAA20_NRT,,
22.61185,85.91271,303.9,0.59,0.53,2026-09-12,2034,N20,VIIRS,n,2.0NRT,288.6,1.18,N,VIIRS_NOAA20_NRT,,
22.78905,86.20403,312.57,0.61,0.53,2026-09-12,2034,N20,VIIRS,n,2.0NRT,289.35,2.52,N,VIIRS_NOAA20_NRT,,
22.79027,86.19831,311.97,0.61,0.53,2026-09-12,2034,N20,VIIRS,n,2.0NRT,289.49,2.52,N,VIIRS_NOAA20_NRT,,
22.79791,86.09149,307.79,0.6,0.53,2026-09-12,2034,N20,VIIRS,n,2.0NRT,288.26,1.24,N,VIIRS_NOAA20_NRT,,
22.87317,86.06378,306.76,0.59,0.53,2026-09-12,2034,N20,VIIRS,n,2.0NRT,285.42,2.05,N,VIIRS_NOAA20_NRT,,
22.87422,86.06267,307.01,0.59,0.53,2026-09-12,2034,N20,VIIRS,n,2.0NRT,285.42,1.67,N,VIIRS_NOAA20_NRT,,
23.48136,87.35798,297.81,0.35,0.57,2026-09-12,2034,N20,VIIRS,n,2.0NRT,282.57,0.25,N,VIIRS_NOAA20_NRT,,
23.4821,87.35466,298.55,0.35,0.57,2026-09-12,2034,N20,VIIRS,n,2.0NRT,281.65,0.25,N,VIIRS_NOAA20_NRT,,
23.55226,86.54237,303.13,0.62,0.54,2026-09-12,2034,N20,VIIRS,n,2.0NRT,288.47,1.16,N,VIIRS_NOAA20_NRT,,
23.56117,87.23957,308.87,0.34,0.56,2026-09-12,2034,N20,VIIRS,n,2.0NRT,287.24,1.27,N,VIIRS_NOAA20_NRT,,
23.5633,87.22988,299.09,0.34,0.56,2026-09-12,2034,N20,VIIRS,n,2.0NRT,286.88,0.73,N,VIIRS_NOAA20_NRT,,
23.56371,87.08363,313.72,0.33,0.55,2026-09-12,2034,N20,VIIRS,n,2.0NRT,287.65,1.36,N,VIIRS_NOAA20_NRT,,
23.58047,86.72559,303.99,0.63,0.54,2026-09-12,2034,N20,VIIRS,n,2.0NRT,287.92,1.35,N,VIIRS_NOAA20_NRT,,
23.58399,86.72726,304.22,0.63,0.54,2026-09-12,2034,N20,VIIRS,n,2.0NRT,288.09,1.03,N,VIIRS_NOAA20_NRT,,
23.66976,86.09146,301.96,0.57,0.52,2026-09-12,2034,N20,VIIRS,n,2.0NRT,288.15,1.73,N,VIIRS_NOAA20_NRT,,
23.67487,86.39609,304.5,0.6,0.53,2026-09-12,2034,N20,VIIRS,n,2.0NRT,289.07,2.13,N,VIIRS_NOAA20_NRT,,
23.67535,85.32213,303.05,0.51,0.5,2026-09-12,2034,N20,VIIRS,n,2.0NRT,288.69,1.1,N,VIIRS_NOAA20_NRT,,
23.67678,86.10487,311.74,0.58,0.52,2026-09-12,2034,N20,VIIRS,n,2.0NRT,288.11,2.45,N,VIIRS_NOAA20_NRT,,
23.67723,86.40231,308.47,0.6,0.53,2026-09-12,2034,N20,VIIRS,n,2.0NRT,288.82,2.92,N,VIIRS_NOAA20_NRT,,
23.67793,85.32582,304.09,0.51,0.5,2026-09-12,2034,N20,VIIRS,n,2.0NRT,288.95,0.75,N,VIIRS_NOAA20_NRT,,
23.67845,86.40302,304.05,0.6,0.53,2026-09-12,2034,N20,VIIRS,n,2.0NRT,288.59,2.13,N,VIIRS_NOAA20_NRT,,
23.6785,86.39651,315.04,0.6,0.53,2026-09-12,2034,N20,VIIRS,n,2.0NRT,289.28,3.06,N,VIIRS_NOAA20_NRT,,
23.67967,86.39721,314.24,0.6,0.53,2026-09-12,2034,N20,VIIRS,n,2.0NRT,289.31,2.13,N,VIIRS_NOAA20_NRT,,
23.67973,86.39085,311.15,0.6,0.53,2026-09-12,2034,N20,VIIRS,n,2.0NRT,288.35,3.06,N,VIIRS_NOAA20_NRT,,
23.68087,86.39153,312.45,0.6,0.53,2026-09-12,2034,N20,VIIRS,n,2.0NRT,288.34,2.13,N,VIIRS_NOAA20_NRT,,
23.68381,86.0951,301.78,0.57,0.52,2026-09-12,2034,N20,VIIRS,n,2.0NRT,288.07,2.64,N,VIIRS_NOAA20_NRT,,
23.68448,87.12971,299.91,0.33,0.56,2026-09-12,2034,N20,VIIRS,n,2.0NRT,287.17,1.05,N,VIIRS_NOAA20_NRT,,
23.68452,86.39198,309.33,0.6,0.53,2026-09-12,2034,N20,VIIRS,n,2.0NRT,288.41,2.57,N,VIIRS_NOAA20_NRT,,
23.68657,87.1202,301.72,0.33,0.55,2026-09-12,2034,N20,VIIRS,n,2.0NRT,287.07,1.16,N,VIIRS_NOAA20_NRT,,
23.69148,87.09779,303.33,0.33,0.55,2026-09-12,2034,N20,VIIRS,n,2.0NRT,287.6,1.12,N,VIIRS_NOAA20_NRT,,
23.69156,87.12146,311.11,0.33,0.55,2026-09-12,2034,N20,VIIRS,n,2.0NRT,287.53,1.16,N,VIIRS_NOAA20_NRT,,
23.69297,87.11505,310.51,0.33,0.55,2026-09-12,2034,N20,VIIRS,n,2.0NRT,287.43,2.41,N,VIIRS_NOAA20_NRT,,
23.69367,87.11185,300.64,0.33,0.55,2026-09-12,2034,N20,VIIRS,n,2.0NRT,287.65,1.06,N,VIIRS_NOAA20_NRT,,
23.69387,85.36833,312.18,0.52,0.5,2026-09-12,2034,N20,VIIRS,n,2.0NRT,288.67,1.69,N,VIIRS_NOAA20_NRT,,
23.69437,87.10867,302.22,0.33,0.55,2026-09-12,2034,N20,VIIRS,n,2.0NRT,287.68,1.06,N,VIIRS_NOAA20_NRT,,
23.69507,87.10546,308.23,0.33,0.55,2026-09-12,2034,N20,VIIRS,n,2.0NRT,287.84,1.59,N,VIIRS_NOAA20_NRT,,
23.696,85.29109,303.59,0.51,0.49,2026-09-12,2034,N20,VIIRS,n,2.0NRT,289.22,1.62,N,VIIRS_NOAA20_NRT,,
23.69836,85.3694,304.69,0.52,0.5,2026-09-12,2034,N20,VIIRS,n,2.0NRT,288.58,1.69,N,VIIRS_NOAA20_NRT,,
23.69865,87.11316,302.23,0.33,0.55,2026-09-12,2034,N20,VIIRS,n,2.0NRT,287.21,0.97,N,VIIRS_NOAA20_NRT,,
23.71045,85.28926,302.45,0.51,0.49,2026-09-12,2034,N20,VIIRS,n,2.0NRT,288.44,1.39,N,VIIRS_NOAA20_NRT,,
23.71148,85.28434,301.69,0.51,0.49,2026-09-12,2034,N20,VIIRS,n,2.0NRT,288.58,2.3,N,VIIRS_NOAA20_NRT,,
23.71285,86.44745,310.42,0.6,0.53,2026-09-12,2034,N20,VIIRS,n,2.0NRT,288.22,3.84,N,VIIRS_NOAA20_NRT,,
23.71303,86.42326,306.11,0.6,0.53,2026-09-12,2034,N20,VIIRS,n,2.0NRT,289.12,2.36,N,VIIRS_NOAA20_NRT,,
23.74141,85.00825,298.74,0.49,0.49,2026-09-12,2034,N20,VIIRS,n,2.0NRT,276.4,1.23,N,VIIRS_NOAA20_NRT,,
23.75745,86.40397,307.11,0.6,0.53,2026-09-12,2034,N20,VIIRS,n,2.0NRT,288.37,3.59,N,VIIRS_NOAA20_NRT,,
23.76221,86.40122,315.81,0.6,0.53,2026-09-12,2034,N20,VIIRS,n,2.0NRT,288.57,2.69,N,VIIRS_NOAA20_NRT,,
23.76224,86.40511,304.03,0.6,0.53,2026-09-12,2034,N20,VIIRS,n,2.0NRT,287.98,2.01,N,VIIRS_NOAA20_NRT,,
23.76343,86.39949,312.22,0.6,0.53,2026-09-12,2034,N20,VIIRS,n,2.0NRT,288.22,2.01,N,VIIRS_NOAA20_NRT,,
23.76346,86.39557,304.38,0.6,0.53,2026-09-12,2034,N20,VIIRS,n,2.0NRT,288.97,2.69,N,VIIRS_NOAA20_NRT,,
23.76464,86.39378,305.9,0.6,0.53,2026-09-12,2034,N20,VIIRS,n,2.0NRT,289.14,3.93,N,VIIRS_NOAA20_NRT,,
23.77574,86.36255,305.59,0.59,0.53,2026-09-12,2034,N20,VIIRS,n,2.0NRT,285.33,3.05,N,VIIRS_NOAA20_NRT,,
23.77668,86.36072,301.37,0.59,0.53,2026-09-12,2034,N20,VIIRS,n,2.0NRT,282.78,1.6,N,VIIRS_NOAA20_NRT,,
23.78871,85.55248,303.36,0.53,0.5,2026-09-12,2034,N20,VIIRS,n,2.0NRT,286.78,1.3,N,VIIRS_NOAA20_NRT,,
23.80292,86.33127,302.41,0.59,0.53,2026-09-12,2034,N20,VIIRS,n,2.0NRT,281.01,1.7,N,VIIRS_NOAA20_NRT,,
23.80345,86.32752,306.06,0.59,0.53,2026-09-12,2034,N20,VIIRS,n,2.0NRT,282.53,1.98,N,VIIRS_NOAA20_NRT,,
24.19762,82.71754,318.11,0.53,0.42,2026-09-12,2034,N20,VIIRS,n,2.0NRT,289.8,3.63,N,VIIRS_NOAA20_NRT,,
24.19953,82.71617,316.82,0.53,0.42,2026-09-12,2034,N20,VIIRS,n,2.0NRT,289.76,4.08,N,VIIRS_NOAA20_NRT,,
24.92476,91.19091,295.32,0.56,0.69,2026-09-12,2034,N20,VIIRS,n,2.0NRT,284.43,4.67,N,VIIRS_NOAA20_NRT,,
24.93197,84.14796,305.07,0.41,0.45,2026-09-12,2034,N20,VIIRS,n,2.0NRT,290.19,0.78,N,VIIRS_NOAA20_NRT,,
25.39087,68.58154,303.54,0.35,0.57,2026-09-12,2034,N20,VIIRS,n,2.0NRT,278.04,1.12,N,VIIRS_NOAA20_NRT,,
26.64324,79.4818,304.93,0.39,0.36,2026-09-12,2034,N20,VIIRS,n,2.0NRT,288.35,0.79,N,VIIRS_NOAA20_NRT,,
26.70413,77.8492,313.04,0.39,0.36,2026-09-12,2034,N20,VIIRS,n,2.0NRT,292.79,1.27,N,VIIRS_NOAA20_NRT,,
27.66804,76.12887,308.92,0.43,0.38,2026-09-12,2034,N20,VIIRS,n,2.0NRT,292.41,1.19,N,VIIRS_NOAA20_NRT,,
28.27847,77.27546,309.6,0.4,0.37,2026-09-12,2034,N20,VIIRS,n,2.0NRT,292.2,0.57,N,VIIRS_NOAA20_NRT,,
28.34673,77.25864,308.96,0.4,0.37,2026-09-12,2034,N20,VIIRS,n,2.0NRT,292.01,0.67,N,VIIRS_NOAA20_NRT,,
28.34751,77.22929,317.36,0.41,0.37,2026-09-12,2034,N20,VIIRS,n,2.0NRT,291.96,2.48,N,VIIRS_NOAA20_NRT,,
28.3507,77.25517,305.78,0.4,0.37,2026-09-12,2034,N20,VIIRS,n,2.0NRT,292.05,0.47,N,VIIRS_NOAA20_NRT,,
28.37236,77.22545,314.78,0.41,0.37,2026-09-12,2034,N20,VIIRS,n,2.0NRT,291.91,2.36,N,VIIRS_NOAA20_NRT,,
28.42789,69.69778,313.88,0.33,0.55,2026-09-12,2034,N20,VIIRS,n,2.0NRT,294.27,1.15,N,VIIRS_NOAA20_NRT,,
28.89478,78.85717,309.61,0.38,0.36,2026-09-12,2034,N20,VIIRS,n,2.0NRT,291.71,0.67,N,VIIRS_NOAA20_NRT,,
15.65909,73.98779,314.52,0.41,0.37,2026-09-12,2036,N20,VIIRS,n,2.0NRT,291.55,1.31,N,VIIRS_NOAA20_NRT,,
16.20432,75.20806,303.38,0.39,0.36,2026-09-12,2036,N20,VIIRS,n,2.0NRT,289.59,0.4,N,VIIRS_NOAA20_NRT,,
16.64992,74.31403,305.37,0.41,0.37,2026-09-12,2036,N20,VIIRS,n,2.0NRT,287.82,0.84,N,VIIRS_NOAA20_NRT,,
18.57665,72.23882,317.28,0.52,0.42,2026-09-12,2036,N20,VIIRS,n,2.0NRT,280.73,3.2,N,VIIRS_NOAA20_NRT,,
18.57721,72.24239,325.64,0.52,0.42,2026-09-12,2036,N20,VIIRS,n,2.0NRT,279.72,4.81,N,VIIRS_NOAA20_NRT,,
9.67025,77.23606,303.17,0.44,0.39,2026-09-12,2038,N20,VIIRS,n,2.0NRT,269.55,1.15,N,VIIRS_NOAA20_NRT,,
9.67075,77.23506,300.62,0.44,0.38,2026-09-12,2038,N20,VIIRS,n,2.0NRT,269.99,1.13,N,VIIRS_NOAA20_NRT,,
14.37411,77.81473,296.1,0.42,0.38,2026-09-12,2038,N20,VIIRS,n,2.0NRT,265.25,1.03,N,VIIRS_NOAA20_NRT,,
15.11071,76.80788,295.68,0.39,0.36,2026-09-12,2038,N20,VIIRS,n,2.0NRT,272.02,0.52,N,VIIRS_NOAA20_NRT,,
15.13652,76.71228,301.75,0.39,0.36,2026-09-12,2038,N20,VIIRS,n,2.0NRT,271.32,0.59,N,VIIRS_NOAA20_NRT,,
15.17,76.37931,304.35,0.39,0.36,2026-09-12,2038,N20,VIIRS,n,2.0NRT,281.69,1.4,N,VIIRS_NOAA20_NRT,,
15.17005,76.67367,298.74,0.39,0.36,2026-09-12,2038,N20,VIIRS,n,2.0NRT,269.71,0.59,N,VIIRS_NOAA20_NRT,,
15.17162,76.68502,300.15,0.39,0.36,2026-09-12,2038,N20,VIIRS,n,2.0NRT,269.96,0.68,N,VIIRS_NOAA20_NRT,,
15.17377,76.69279,312.95,0.39,0.36,2026-09-12,2038,N20,VIIRS,n,2.0NRT,270.96,1.52,N,VIIRS_NOAA20_NRT,,
15.17388,76.3763,300.55,0.39,0.36,2026-09-12,2038,N20,VIIRS,n,2.0NRT,280.09,0.34,N,VIIRS_NOAA20_NRT,,
15.17511,76.66346,298.04,0.39,0.36,2026-09-12,2038,N20,VIIRS,n,2.0NRT,270.58,0.84,N,VIIRS_NOAA20_NRT,,
15.1761,76.67841,299.57,0.39,0.36,2026-09-12,2038,N20,VIIRS,n,2.0NRT,270.84,0.73,N,VIIRS_NOAA20_NRT,,
15.17627,76.65626,318.01,0.39,0.36,2026-09-12,2038,N20,VIIRS,n,2.0NRT,273.57,1.05,N,VIIRS_NOAA20_NRT,,
15.17685,76.65266,304.83,0.39,0.36,2026-09-12,2038,N20,VIIRS,n,2.0NRT,272.17,1.05,N,VIIRS_NOAA20_NRT,,
15.17959,76.65682,301.52,0.39,0.36,2026-09-12,2038,N20,VIIRS,n,2.0NRT,272.74,1.05,N,VIIRS_NOAA20_NRT,,
15.18116,76.6682,299.44,0.39,0.36,2026-09-12,2038,N20,VIIRS,n,2.0NRT,270.29,0.65,N,VIIRS_NOAA20_NRT,,
15.18447,76.66877,303.32,0.39,0.36,2026-09-12,2038,N20,VIIRS,n,2.0NRT,270.7,0.65,N,VIIRS_NOAA20_NRT,,
15.18693,76.31628,305.75,0.39,0.36,2026-09-12,2038,N20,VIIRS,n,2.0NRT,279.91,0.48,N,VIIRS_NOAA20_NRT,,
33.22025,71.48903,305.63,0.73,0.76,2026-09-12,2212,N20,VIIRS,n,2.0NRT,289.16,2.03,N,VIIRS_NOAA20_NRT,,
33.22025,71.48994,303.02,0.73,0.76,2026-09-12,2212,N20,VIIRS,n,2.0NRT,289.38,1.68,N,VIIRS_NOAA20_NRT,,
33.22243,71.48267,307.7,0.73,0.76,2026-09-12,2212,N20,VIIRS,n,2.0NRT,289.37,1.68,N,VIIRS_NOAA20_NRT,,
33.22247,71.48177,307.06,0.73,0.76,2026-09-12,2212,N20,VIIRS,n,2.0NRT,289.33,1.9,N,VIIRS_NOAA20_NRT,,
33.2353,71.51316,302.62,0.73,0.76,2026-09-12,2212,N20,VIIRS,n,2.0NRT,289.54,0.63,N,VIIRS_NOAA20_NRT,,
33.23537,71.51422,303.98,0.74,0.76,2026-09-12,2212,N20,VIIRS,n,2.0NRT,289.42,0.95,N,VIIRS_NOAA20_NRT,,
33.2967,71.18514,302.9,0.7,0.75,2026-09-12,2212,N20,VIIRS,n,2.0NRT,289.4,0.66,N,VIIRS_NOAA20_NRT,,
33.29832,71.185,303.07,0.7,0.75,2026-09-12,2212,N20,VIIRS,n,2.0NRT,289.04,1.28,N,VIIRS_NOAA20_NRT,,
35.97094,68.68369,299.85,0.44,0.62,2026-09-12,2212,N20,VIIRS,n,2.0NRT,288.73,0.61,N,VIIRS_NOAA20_NRT,,
8.00037,80.64668,334.15,0.39,0.44,2026-09-13,744,N20,VIIRS,n,2.0NRT,295.79,4.87,D,VIIRS_NOAA20_NRT,,
8.01512,80.61188,330.69,0.39,0.44,2026-09-13,744,N20,VIIRS,n,2.0NRT,297.97,3.3,D,VIIRS_NOAA20_NRT,,
8.01569,80.61538,331.66,0.39,0.44,2026-09-13,744,N20,VIIRS,n,2.0NRT,296.66,3.3,D,VIIRS_NOAA20_NRT,,
8.02872,80.16144,344.81,0.41,0.45,2026-09-13,744,N20,VIIRS,n,2.0NRT,292.18,9.49,D,VIIRS_NOAA20_NRT,,
8.0315,81.33112,337.47,0.53,0.42,2026-09-13,744,N20,VIIRS,l,2.0NRT,299.21,11.11,D,VIIRS_NOAA20_NRT,,
8.04037,80.48084,346.18,0.4,0.44,2026-09-13,744,N20,VIIRS,n,2.0NRT,295.99,7.26,D,VIIRS_NOAA20_NRT,,
8.04661,81.31104,330.1,0.53,0.42,2026-09-13,744,N20,VIIRS,l,2.0NRT,298.1,7.78,D,VIIRS_NOAA20_NRT,,
8.04829,81.31364,334.6,0.53,0.42,2026-09-13,744,N20,VIIRS,l,2.0NRT,298.09,8.51,D,VIIRS_NOAA20_NRT,,
8.05279,81.32462,332.79,0.53,0.42,2026-09-13,744,N20,VIIRS,l,2.0NRT,298.7,7.92,D,VIIRS_NOAA20_NRT,,
8.06491,81.30315,335.7,0.53,0.42,2026-09-13,744,N20,VIIRS,n,2.0NRT,298.2,9.75,D,VIIRS_NOAA20_NRT,,
8.09512,80.23664,339.09,0.41,0.45,2026-09-13,744,N20,VIIRS,n,2.0NRT,294.89,2.95,D,VIIRS_NOAA20_NRT,,
8.1203,80.59051,331.46,0.39,0.44,2026-09-13,744,N20,VIIRS,n,2.0NRT,297.65,5.69,D,VIIRS_NOAA20_NRT,,
8.12292,80.02497,331.55,0.42,0.45,2026-09-13,744,N20,VIIRS,n,2.0NRT,293.52,4.8,D,VIIRS_NOAA20_NRT,,
8.19427,79.90376,343.01,0.43,0.46,2026-09-13,744,N20,VIIRS,n,2.0NRT,293.87,10.63,D,VIIRS_NOAA20_NRT,,
8.21463,80.25056,342.3,0.41,0.45,2026-09-13,744,N20,VIIRS,n,2.0NRT,296.93,17.03,D,VIIRS_NOAA20_NRT,,
8.21598,80.63712,338.35,0.38,0.44,2026-09-13,744,N20,VIIRS,n,2.0NRT,294.85,4.77,D,VIIRS_NOAA20_NRT,,
8.21641,81.0578,331.1,0.55,0.42,2026-09-13,744,N20,VIIRS,n,2.0NRT,299.78,5.64,D,VIIRS_NOAA20_NRT,,
8.21655,80.64058,338.2,0.38,0.44,2026-09-13,744,N20,VIIRS,n,2.0NRT,294.93,3.48,D,VIIRS_NOAA20_NRT,,
8.23792,80.69624,330.67,0.57,0.43,2026-09-13,744,N20,VIIRS,n,2.0NRT,295.88,6.37,D,VIIRS_NOAA20_NRT,,
8.24127,80.71667,330.19,0.57,0.43,2026-09-13,744,N20,VIIRS,n,2.0NRT,299.68,6.39,D,VIIRS_NOAA20_NRT,,
8.29418,80.20325,337.33,0.41,0.45,2026-09-13,744,N20,VIIRS,n,2.0NRT,298.57,24.32,D,VIIRS_NOAA20_NRT,,
8.29471,80.20333,337.91,0.41,0.45,2026-09-13,744,N20,VIIRS,n,2.0NRT,298.67,27.29,D,VIIRS_NOAA20_NRT,,
8.29575,80.73165,335.41,0.57,0.43,2026-09-13,744,N20,VIIRS,n,2.0NRT,298.74,5.01,D,VIIRS_NOAA20_NRT,,
8.30108,80.71509,331.91,0.57,0.43,2026-09-13,744,N20,VIIRS,n,2.0NRT,296.61,6.01,D,VIIRS_NOAA20_NRT,,
8.32963,80.56795,332.39,0.39,0.44,2026-09-13,744,N20,VIIRS,n,2.0NRT,290.46,3.05,D,VIIRS_NOAA20_NRT,,
8.33064,81.35947,340.82,0.52,0.42,2026-09-13,744,N20,VIIRS,n,2.0NRT,299.61,9.18,D,VIIRS_NOAA20_NRT,,
8.33279,81.2769,333.34,0.53,0.42,2026-09-13,744,N20,VIIRS,n,2.0NRT,300.16,5.11,D,VIIRS_NOAA20_NRT,,
8.3393,80.6517,340.5,0.38,0.43,2026-09-13,744,N20,VIIRS,n,2.0NRT,297.58,6.93,D,VIIRS_NOAA20_NRT,,
8.34121,81.30463,342.99,0.53,0.42,2026-09-13,744,N20,VIIRS,l,2.0NRT,297.77,11.8,D,VIIRS_NOAA20_NRT,,
8.34899,80.2052,347.49,0.41,0.45,2026-09-13,744,N20,VIIRS,n,2.0NRT,296.54,5.29,D,VIIRS_NOAA20_NRT,,
8.35608,81.28032,342.43,0.53,0.42,2026-09-13,744,N20,VIIRS,n,2.0NRT,299.28,5.62,D,VIIRS_NOAA20_NRT,,
8.37669,81.2866,338.6,0.53,0.42,2026-09-13,744,N20,VIIRS,l,2.0NRT,298.5,5.43,D,VIIRS_NOAA20_NRT,,
8.38591,80.7662,336.17,0.56,0.43,2026-09-13,744,N20,VIIRS,n,2.0NRT,300.35,7.11,D,VIIRS_NOAA20_NRT,,
8.38592,80.7635,334.1,0.56,0.43,2026-09-13,744,N20,VIIRS,n,2.0NRT,300.17,8.83,D,VIIRS_NOAA20_NRT,,
8.41342,80.31731,346.14,0.4,0.44,2026-09-13,744,N20,VIIRS,n,2.0NRT,299.51,8.9,D,VIIRS_NOAA20_NRT,,
8.42151,80.59116,344.34,0.38,0.44,2026-09-13,744,N20,VIIRS,n,2.0NRT,300.36,7.78,D,VIIRS_NOAA20_NRT,,
8.42999,80.56839,339.24,0.39,0.44,2026-09-13,744,N20,VIIRS,n,2.0NRT,299.16,3.01,D,VIIRS_NOAA20_NRT,,
8.43581,80.79926,337.93,0.56,0.43,2026-09-13,744,N20,VIIRS,n,2.0NRT,299.81,7.68,D,VIIRS_NOAA20_NRT,,
8.43671,80.65844,332.96,0.57,0.43,2026-09-13,744,N20,VIIRS,n,2.0NRT,295.35,4.26,D,VIIRS_NOAA20_NRT,,
8.44361,80.5518,333.0,0.39,0.44,2026-09-13,744,N20,VIIRS,n,2.0NRT,297.16,4.74,D,VIIRS_NOAA20_NRT,,
8.44672,80.79224,330.11,0.56,0.43,2026-09-13,744,N20,VIIRS,n,2.0NRT,295.16,4.44,D,VIIRS_NOAA20_NRT,,
8.47153,80.67694,331.42,0.57,0.43,2026-09-13,744,N20,VIIRS,n,2.0NRT,295.81,3.84,D,VIIRS_NOAA20_NRT,,
8.47515,80.81839,333.57,0.56,0.43,2026-09-13,744,N20,VIIRS,n,2.0NRT,298.28,3.63,D,VIIRS_NOAA20_NRT,,
8.49288,80.24091,355.15,0.4,0.44,2026-09-13,744,N20,VIIRS,n,2.0NRT,296.87,6.22,D,VIIRS_NOAA20_NRT,,
8.50055,80.87568,336.11,0.55,0.43,2026-09-13,744,N20,VIIRS,n,2.0NRT,295.02,8.25,D,VIIRS_NOAA20_NRT,,
8.51574,80.67472,333.79,0.57,0.43,2026-09-13,744,N20,VIIRS,n,2.0NRT,296.67,8.11,D,VIIRS_NOAA20_NRT,,
8.52674,80.59451,339.2,0.38,0.43,2026-09-13,744,N20,VIIRS,n,2.0NRT,298.48,4.63,D,VIIRS_NOAA20_NRT,,
8.57804,80.64075,338.53,0.57,0.43,2026-09-13,744,N20,VIIRS,n,2.0NRT,300.87,8.27,D,VIIRS_NOAA20_NRT,,
8.57941,80.64301,336.51,0.57,0.43,2026-09-13,744,N20,VIIRS,n,2.0NRT,300.14,5.67,D,VIIRS_NOAA20_NRT,,
8.58112,80.44196,330.52,0.39,0.44,2026-09-13,744,N20,VIIRS,n,2.0NRT,299.42,3.76,D,VIIRS_NOAA20_NRT,,
8.59029,80.56911,342.61,0.38,0.43,2026-09-13,744,N20,VIIRS,n,2.0NRT,296.7,3.86,D,VIIRS_NOAA20_NRT,,
8.62013,80.32974,332.9,0.4,0.44,2026-09-13,744,N20,VIIRS,n,2.0NRT,296.82,2.89,D,VIIRS_NOAA20_NRT,,
8.62592,80.33978,330.42,0.4,0.44,2026-09-13,744,N20,VIIRS,n,2.0NRT,296.94,4.39,D,VIIRS_NOAA20_NRT,,
8.67065,80.25404,334.09,0.4,0.44,2026-09-13,744,N20,VIIRS,n,2.0NRT,296.43,6.08,D,VIIRS_NOAA20_NRT,,
8.67397,81.1609,335.43,0.53,0.42,2026-09-13,744,N20,VIIRS,l,2.0NRT,298.1,7.5,D,VIIRS_NOAA20_NRT,,
8.82157,80.74731,334.89,0.56,0.43,2026-09-13,744,N20,VIIRS,n,2.0NRT,292.75,9.36,D,VIIRS_NOAA20_NRT,,
8.84975,80.77075,333.7,0.55,0.43,2026-09-13,744,N20,VIIRS,n,2.0NRT,293.35,9.94,D,VIIRS_NOAA20_NRT,,
8.9247,77.47625,340.88,0.61,0.53,2026-09-13,744,N20,VIIRS,n,2.0NRT,281.35,7.44,D,VIIRS_NOAA20_NRT,,
9.00483,79.8609,330.88,0.42,0.45,2026-09-13,744,N20,VIIRS,n,2.0NRT,294.33,2.98,D,VIIRS_NOAA20_NRT,,
9.04044,78.01642,334.02,0.55,0.51,2026-09-13,744,N20,VIIRS,n,2.0NRT,287.52,4.04,D,VIIRS_NOAA20_NRT,,
9.17532,80.79018,331.11,0.55,0.42,2026-09-13,744,N20,VIIRS,n,2.0NRT,291.27,3.98,D,VIIRS_NOAA20_NRT,,
9.26068,78.08923,331.03,0.54,0.51,2026-09-13,744,N20,VIIRS,n,2.0NRT,288.59,2.49,D,VIIRS_NOAA20_NRT,,
9.27156,77.96082,334.04,0.55,0.51,2026-09-13,744,N20,VIIRS,n,2.0NRT,293.04,3.3,D,VIIRS_NOAA20_NRT,,
9.4804,78.56238,330.46,0.5,0.49,2026-09-13,744,N20,VIIRS,n,2.0NRT,286.02,5.34,D,VIIRS_NOAA20_NRT,,
9.71538,78.94865,345.69,0.47,0.48,2026-09-13,744,N20,VIIRS,n,2.0NRT,287.89,5.89,D,VIIRS_NOAA20_NRT,,
9.79196,78.81851,336.33,0.47,0.48,2026-09-13,744,N20,VIIRS,n,2.0NRT,287.29,4.18,D,VIIRS_NOAA20_NRT,,
9.79553,78.81692,347.16,0.48,0.48,2026-09-13,744,N20,VIIRS,n,2.0NRT,291.34,25.56,D,VIIRS_NOAA20_NRT,,
9.79556,78.81348,338.25,0.48,0.48,2026-09-13,744,N20,VIIRS,n,2.0NRT,288.5,11.17,D,VIIRS_NOAA20_NRT,,
9.79632,78.81775,343.63,0.47,0.48,2026-09-13,744,N20,VIIRS,n,2.0NRT,288.4,11.17,D,VIIRS_NOAA20_NRT,,
15.33949,75.84409,330.0,0.6,0.53,2026-09-13,746,N20,VIIRS,n,2.0NRT,292.69,3.72,D,VIIRS_NOAA20_NRT,,
20.79236,85.25289,335.36,0.43,0.38,2026-09-13,746,N20,VIIRS,n,2.0NRT,299.53,8.65,D,VIIRS_NOAA20_NRT,,
20.86346,84.98604,332.29,0.43,0.38,2026-09-13,746,N20,VIIRS,n,2.0NRT,296.43,3.18,D,VIIRS_NOAA20_NRT,,
20.86404,84.99013,337.89,0.43,0.38,2026-09-13,746,N20,VIIRS,n,2.0NRT,297.84,3.18,D,VIIRS_NOAA20_NRT,,
20.86807,84.99368,331.67,0.43,0.38,2026-09-13,746,N20,VIIRS,n,2.0NRT,298.12,6.16,D,VIIRS_NOAA20_NRT,,
21.74421,83.84361,335.73,0.4,0.37,2026-09-13,748,N20,VIIRS,n,2.0NRT,298.66,5.75,D,VIIRS_NOAA20_NRT,,
21.74757,83.84306,343.67,0.4,0.37,2026-09-13,748,N20,VIIRS,n,2.0NRT,301.02,15.72,D,VIIRS_NOAA20_NRT,,
21.75484,83.84583,336.44,0.4,0.37,2026-09-13,748,N20,VIIRS,n,2.0NRT,298.6,5.49,D,VIIRS_NOAA20_NRT,,
21.7621,83.84857,342.11,0.4,0.37,2026-09-13,748,N20,VIIRS,n,2.0NRT,297.93,4.41,D,VIIRS_NOAA20_NRT,,
21.76278,84.02225,335.69,0.4,0.37,2026-09-13,748,N20,VIIRS,n,2.0NRT,296.88,8.75,D,VIIRS_NOAA20_NRT,,
23.7379,86.4327,330.5,0.53,0.42,2026-09-13,748,N20,VIIRS,n,2.0NRT,287.28,4.42,D,VIIRS_NOAA20_NRT,,
23.7615,86.40295,329.87,0.53,0.42,2026-09-13,748,N20,VIIRS,n,2.0NRT,292.0,8.14,D,VIIRS_NOAA20_NRT,,
23.77928,86.21056,338.3,0.52,0.41,2026-09-13,748,N20,VIIRS,n,2.0NRT,288.29,6.57,D,VIIRS_NOAA20_NRT,,
26.37966,78.60296,333.88,0.43,0.38,2026-09-13,748,N20,VIIRS,n,2.0NRT,295.53,2.6,D,VIIRS_NOAA20_NRT,,
25.35684,69.45549,340.33,0.48,0.65,2026-09-13,750,N20,VIIRS,n,2.0NRT,291.42,8.45,D,VIIRS_NOAA20_NRT,,
26.5857,68.04817,337.95,0.55,0.68,2026-09-13,750,N20,VIIRS,n,2.0NRT,293.26,4.01,D,VIIRS_NOAA20_NRT,,
28.04895,69.3718,337.3,0.42,0.61,2026-09-13,750,N20,VIIRS,n,2.0NRT,295.39,2.9,D,VIIRS_NOAA20_NRT,,
29.15567,70.58466,331.02,0.34,0.56,2026-09-13,750,N20,VIIRS,l,2.0NRT,301.16,3.89,D,VIIRS_NOAA20_NRT,,
30.62214,71.91431,330.5,0.52,0.5,2026-09-13,750,N20,VIIRS,l,2.0NRT,304.97,11.54,D,VIIRS_NOAA20_NRT,,
30.74162,72.92118,330.13,0.46,0.47,2026-09-13,750,N20,VIIRS,l,2.0NRT,304.74,7.1,D,VIIRS_NOAA20_NRT,,
30.79506,73.04732,330.58,0.45,0.47,2026-09-13,750,N20,VIIRS,l,2.0NRT,304.78,8.63,D,VIIRS_NOAA20_NRT,,
30.89852,73.22775,330.94,0.43,0.46,2026-09-13,750,N20,VIIRS,l,2.0NRT,305.55,4.59,D,VIIRS_NOAA20_NRT,,
30.95679,73.55623,330.06,0.42,0.45,2026-09-13,750,N20,VIIRS,n,2.0NRT,296.63,2.81,D,VIIRS_NOAA20_NRT,,
30.9613,76.23922,336.78,0.46,0.39,2026-09-13,750,N20,VIIRS,n,2.0NRT,295.62,4.73,D,VIIRS_NOAA20_NRT,,
31.02903,73.36982,333.14,0.42,0.46,2026-09-13,750,N20,VIIRS,l,2.0NRT,306.93,6.91,D,VIIRS_NOAA20_NRT,,
31.087,73.43144,330.45,0.42,0.45,2026-09-13,750,N20,VIIRS,l,2.0NRT,304.43,6.17,D,VIIRS_NOAA20_NRT,,
31.50462,74.80231,332.55,0.53,0.42,2026-09-13,750,N20,VIIRS,n,2.0NRT,298.25,2.69,D,VIIRS_NOAA20_NRT,,
31.50857,72.27821,331.44,0.48,0.48,2026-09-13,750,N20,VIIRS,n,2.0NRT,298.71,2.85,D,VIIRS_NOAA20_NRT,,
31.56671,74.80074,335.79,0.53,0.42,2026-09-13,750,N20,VIIRS,n,2.0NRT,299.19,3.18,D,VIIRS_NOAA20_NRT,,
31.65155,74.42772,335.65,0.55,0.42,2026-09-13,750,N20,VIIRS,n,2.0NRT,299.68,4.8,D,VIIRS_NOAA20_NRT,,
31.66412,74.43028,335.19,0.55,0.42,2026-09-13,750,N20,VIIRS,n,2.0NRT,300.88,20.37,D,VIIRS_NOAA20_NRT,,
32.56359,73.33797,338.1,0.4,0.44,2026-09-13,750,N20,VIIRS,n,2.0NRT,299.02,5.17,D,VIIRS_NOAA20_NRT,,
33.16922,72.48196,344.89,0.43,0.46,2026-09-13,750,N20,VIIRS,n,2.0NRT,300.25,9.1,D,VIIRS_NOAA20_NRT,,
33.17152,72.47919,342.24,0.43,0.46,2026-09-13,750,N20,VIIRS,n,2.0NRT,300.89,6.27,D,VIIRS_NOAA20_NRT,,
33.20197,72.66795,342.55,0.42,0.45,2026-09-13,750,N20,VIIRS,n,2.0NRT,300.47,6.56,D,VIIRS_NOAA20_NRT,,
33.2038,72.16916,331.61,0.45,0.47,2026-09-13,750,N20,VIIRS,l,2.0NRT,301.9,1.51,D,VIIRS_NOAA20_NRT,,
33.20827,72.65667,331.77,0.42,0.45,2026-09-13,750,N20,VIIRS,l,2.0NRT,301.86,2.63,D,VIIRS_NOAA20_NRT,,
25.32956,68.65936,367.0,0.54,0.68,2026-09-13,930,N20,VIIRS,h,2.0NRT,293.82,18.63,D,VIIRS_NOAA20_NRT,,
27.73727,68.51904,354.42,0.56,0.69,2026-09-13,930,N20,VIIRS,n,2.0NRT,293.98,14.34,D,VIIRS_NOAA20_NRT,,
27.73762,68.52478,354.19,0.56,0.69,2026-09-13,930,N20,VIIRS,n,2.0NRT,293.96,14.34,D,VIIRS_NOAA20_NRT,,
22.35633,96.70142,305.4,0.44,0.62,2026-09-13,1834,N20,VIIRS,n,2.0NRT,289.1,1.18,N,VIIRS_NOAA20_NRT,,
22.35735,96.70041,306.71,0.44,0.63,2026-09-13,1834,N20,VIIRS,n,2.0NRT,289.22,1.11,N,VIIRS_NOAA20_NRT,,
35.99068,94.82987,299.08,0.53,0.5,2026-09-13,2012,N20,VIIRS,n,2.0NRT,276.72,1.7,N,VIIRS_NOAA20_NRT,,
25.03747,87.38967,305.37,0.51,0.41,2026-09-13,2014,N20,VIIRS,n,2.0NRT,290.2,1.32,N,VIIRS_NOAA20_NRT,,
26.64438,79.4792,306.71,0.48,0.4,2026-09-13,2014,N20,VIIRS,n,2.0NRT,290.59,1.28,N,VIIRS_NOAA20_NRT,,
26.70487,77.8482,308.06,0.39,0.44,2026-09-13,2014,N20,VIIRS,n,2.0NRT,291.56,0.89,N,VIIRS_NOAA20_NRT,,
26.77095,94.50601,303.81,0.41,0.61,2026-09-13,2014,N20,VIIRS,n,2.0NRT,288.02,0.73,N,VIIRS_NOAA20_NRT,,
28.33777,77.21831,305.21,0.44,0.46,2026-09-13,2014,N20,VIIRS,n,2.0NRT,290.18,2.01,N,VIIRS_NOAA20_NRT,,
28.33894,77.22106,305.73,0.44,0.46,2026-09-13,2014,N20,VIIRS,n,2.0NRT,290.22,2.07,N,VIIRS_NOAA20_NRT,,
28.37197,77.22325,309.03,0.44,0.46,2026-09-13,2014,N20,VIIRS,n,2.0NRT,289.7,2.1,N,VIIRS_NOAA20_NRT,,
28.64985,77.58697,304.65,0.43,0.46,2026-09-13,2014,N20,VIIRS,n,2.0NRT,290.05,0.84,N,VIIRS_NOAA20_NRT,,
28.7119,76.83305,306.48,0.47,0.48,2026-09-13,2014,N20,VIIRS,n,2.0NRT,290.53,0.85,N,VIIRS_NOAA20_NRT,,
30.95447,75.87242,304.27,0.57,0.52,2026-09-13,2014,N20,VIIRS,n,2.0NRT,292.47,1.38,N,VIIRS_NOAA20_NRT,,
33.68861,72.70918,303.34,0.47,0.64,2026-09-13,2014,N20,VIIRS,n,2.0NRT,291.67,1.24,N,VIIRS_NOAA20_NRT,,
13.39368,80.10336,305.32,0.38,0.36,2026-09-13,2017,N20,VIIRS,n,2.0NRT,290.21,2.51,N,VIIRS_NOAA20_NRT,,
13.71089,79.61939,311.36,0.39,0.36,2026-09-13,2017,N20,VIIRS,n,2.0NRT,292.66,2.31,N,VIIRS_NOAA20_NRT,,
13.89906,76.56414,311.91,0.49,0.4,2026-09-13,2017,N20,VIIRS,n,2.0NRT,293.55,1.27,N,VIIRS_NOAA20_NRT,,
19.09722,82.16907,295.59,0.39,0.36,2026-09-13,2017,N20,VIIRS,n,2.0NRT,270.67,0.7,N,VIIRS_NOAA20_NRT,,
19.09781,82.16542,305.95,0.39,0.36,2026-09-13,2017,N20,VIIRS,n,2.0NRT,279.06,0.66,N,VIIRS_NOAA20_NRT,,
20.96832,86.01337,324.81,0.5,0.41,2026-09-13,2017,N20,VIIRS,n,2.0NRT,283.91,4.93,N,VIIRS_NOAA20_NRT,,
21.18381,81.38403,299.71,0.39,0.36,2026-09-13,2017,N20,VIIRS,n,2.0NRT,282.58,1.19,N,VIIRS_NOAA20_NRT,,
21.18654,81.38831,304.9,0.39,0.36,2026-09-13,2017,N20,VIIRS,n,2.0NRT,287.03,1.57,N,VIIRS_NOAA20_NRT,,
21.19196,81.19905,304.19,0.39,0.36,2026-09-13,2017,N20,VIIRS,n,2.0NRT,289.72,0.69,N,VIIRS_NOAA20_NRT,,
21.19339,81.38935,309.34,0.39,0.36,2026-09-13,2017,N20,VIIRS,n,2.0NRT,290.74,1.51,N,VIIRS_NOAA20_NRT,,
21.59524,96.22716,302.66,0.69,0.74,2026-09-13,2017,N20,VIIRS,n,2.0NRT,285.7,0.95,N,VIIRS_NOAA20_NRT,,
21.62337,81.7934,304.26,0.38,0.36,2026-09-13,2017,N20,VIIRS,n,2.0NRT,289.98,0.66,N,VIIRS_NOAA20_NRT,,
21.67938,84.03876,316.69,0.41,0.37,2026-09-13,2017,N20,VIIRS,n,2.0NRT,291.25,1.9,N,VIIRS_NOAA20_NRT,,
21.68277,84.03941,305.98,0.41,0.37,2026-09-13,2017,N20,VIIRS,n,2.0NRT,290.14,1.45,N,VIIRS_NOAA20_NRT,,
21.71387,84.0414,307.7,0.41,0.37,2026-09-13,2017,N20,VIIRS,n,2.0NRT,289.81,1.02,N,VIIRS_NOAA20_NRT,,
21.74391,83.84244,299.83,0.4,0.37,2026-09-13,2017,N20,VIIRS,n,2.0NRT,272.1,4.23,N,VIIRS_NOAA20_NRT,,
21.74728,83.8431,336.06,0.4,0.37,2026-09-13,2017,N20,VIIRS,n,2.0NRT,284.36,4.23,N,VIIRS_NOAA20_NRT,,
21.75064,83.84376,305.24,0.4,0.37,2026-09-13,2017,N20,VIIRS,n,2.0NRT,286.94,1.39,N,VIIRS_NOAA20_NRT,,
21.754,83.84441,313.14,0.4,0.37,2026-09-13,2017,N20,VIIRS,n,2.0NRT,287.46,1.39,N,VIIRS_NOAA20_NRT,,
21.75736,83.84506,323.35,0.4,0.37,2026-09-13,2017,N20,VIIRS,n,2.0NRT,287.61,1.71,N,VIIRS_NOAA20_NRT,,
21.76072,83.84571,303.93,0.4,0.37,2026-09-13,2017,N20,VIIRS,n,2.0NRT,286.65,1.71,N,VIIRS_NOAA20_NRT,,
21.76137,83.84184,305.49,0.4,0.37,2026-09-13,2017,N20,VIIRS,n,2.0NRT,286.76,1.96,N,VIIRS_NOAA20_NRT,,
21.76344,83.85023,323.76,0.4,0.37,2026-09-13,2017,N20,VIIRS,n,2.0NRT,288.12,2.02,N,VIIRS_NOAA20_NRT,,
21.76409,83.84636,314.53,0.4,0.37,2026-09-13,2017,N20,VIIRS,n,2.0NRT,286.69,2.02,N,VIIRS_NOAA20_NRT,,
21.79392,83.88322,309.15,0.4,0.37,2026-09-13,2017,N20,VIIRS,n,2.0NRT,289.75,0.91,N,VIIRS_NOAA20_NRT,,
21.82562,83.9013,306.15,0.4,0.37,2026-09-13,2017,N20,VIIRS,n,2.0NRT,290.04,1.24,N,VIIRS_NOAA20_NRT,,
21.95148,83.78162,302.37,0.4,0.37,2026-09-13,2017,N20,VIIRS,n,2.0NRT,281.97,1.06,N,VIIRS_NOAA20_NRT,,
21.96682,83.77269,299.16,0.4,0.37,2026-09-13,2017,N20,VIIRS,n,2.0NRT,278.48,1.08,N,VIIRS_NOAA20_NRT,,
22.01674,83.75377,302.08,0.4,0.37,2026-09-13,2017,N20,VIIRS,n,2.0NRT,274.85,1.08,N,VIIRS_NOAA20_NRT,,
22.21362,84.86377,302.6,0.43,0.38,2026-09-13,2017,N20,VIIRS,n,2.0NRT,275.59,1.06,N,VIIRS_NOAA20_NRT,,
22.21837,84.75424,309.35,0.43,0.38,2026-09-13,2017,N20,VIIRS,n,2.0NRT,291.05,1.33,N,VIIRS_NOAA20_NRT,,
22.31854,82.56168,315.78,0.38,0.36,2026-09-13,2017,N20,VIIRS,n,2.0NRT,291.68,2.97,N,VIIRS_NOAA20_NRT,,
22.32183,82.56229,307.09,0.38,0.36,2026-09-13,2017,N20,VIIRS,n,2.0NRT,290.96,2.26,N,VIIRS_NOAA20_NRT,,
22.3564,82.30225,329.39,0.38,0.36,2026-09-13,2017,N20,VIIRS,n,2.0NRT,292.2,3.01,N,VIIRS_NOAA20_NRT,,
22.35969,82.30286,330.24,0.38,0.36,2026-09-13,2017,N20,VIIRS,n,2.0NRT,292.58,3.01,N,VIIRS_NOAA20_NRT,,
22.36583,87.30506,305.79,0.56,0.43,2026-09-13,2017,N20,VIIRS,n,2.0NRT,289.81,1.55,N,VIIRS_NOAA20_NRT,,
22.36669,87.30187,320.8,0.56,0.43,2026-09-13,2017,N20,VIIRS,n,2.0NRT,290.24,3.57,N,VIIRS_NOAA20_NRT,,
22.36683,87.29973,319.26,0.56,0.43,2026-09-13,2017,N20,VIIRS,n,2.0NRT,290.79,3.89,N,VIIRS_NOAA20_NRT,,
22.3676,87.01613,307.36,0.54,0.42,2026-09-13,2017,N20,VIIRS,n,2.0NRT,289.27,1.78,N,VIIRS_NOAA20_NRT,,
22.37854,87.28229,315.97,0.56,0.43,2026-09-13,2017,N20,VIIRS,n,2.0NRT,289.76,2.9,N,VIIRS_NOAA20_NRT,,
22.37956,87.27699,323.64,0.56,0.43,2026-09-13,2017,N20,VIIRS,n,2.0NRT,289.64,3.85,N,VIIRS_NOAA20_NRT,,
22.47435,91.73457,303.27,0.35,0.56,2026-09-13,2017,N20,VIIRS,n,2.0NRT,288.02,0.93,N,VIIRS_NOAA20_NRT,,
23.1637,82.3357,317.6,0.38,0.36,2026-09-13,2017,N20,VIIRS,n,2.0NRT,290.1,1.55,N,VIIRS_NOAA20_NRT,,
23.16582,82.34374,314.92,0.38,0.36,2026-09-13,2017,N20,VIIRS,n,2.0NRT,289.98,2.45,N,VIIRS_NOAA20_NRT,,
23.16641,82.34003,331.39,0.38,0.36,2026-09-13,2017,N20,VIIRS,n,2.0NRT,291.78,2.45,N,VIIRS_NOAA20_NRT,,
23.16699,82.3363,302.45,0.38,0.36,2026-09-13,2017,N20,VIIRS,n,2.0NRT,289.84,0.48,N,VIIRS_NOAA20_NRT,,
23.55209,87.24442,309.38,0.53,0.42,2026-09-13,2017,N20,VIIRS,n,2.0NRT,290.35,2.71,N,VIIRS_NOAA20_NRT,,
23.55684,87.24017,304.8,0.53,0.42,2026-09-13,2017,N20,VIIRS,n,2.0NRT,289.77,1.29,N,VIIRS_NOAA20_NRT,,
23.56064,87.24101,335.71,0.53,0.42,2026-09-13,2017,N20,VIIRS,n,2.0NRT,289.65,6.52,N,VIIRS_NOAA20_NRT,,
23.56252,87.08316,307.83,0.52,0.42,2026-09-13,2017,N20,VIIRS,n,2.0NRT,287.06,1.76,N,VIIRS_NOAA20_NRT,,
23.583,86.72443,311.65,0.5,0.41,2026-09-13,2017,N20,VIIRS,n,2.0NRT,291.23,2.37,N,VIIRS_NOAA20_NRT,,
23.66244,87.15434,318.97,0.52,0.42,2026-09-13,2017,N20,VIIRS,n,2.0NRT,289.29,2.11,N,VIIRS_NOAA20_NRT,,
23.66528,87.16018,312.32,0.52,0.42,2026-09-13,2017,N20,VIIRS,n,2.0NRT,289.18,1.98,N,VIIRS_NOAA20_NRT,,
23.66621,87.15517,305.65,0.52,0.42,2026-09-13,2017,N20,VIIRS,n,2.0NRT,289.84,2.11,N,VIIRS_NOAA20_NRT,,
23.67704,86.4012,310.53,0.48,0.4,2026-09-13,2017,N20,VIIRS,n,2.0NRT,291.08,2.37,N,VIIRS_NOAA20_NRT,,
23.68315,87.12743,307.4,0.52,0.42,2026-09-13,2017,N20,VIIRS,n,2.0NRT,289.36,1.28,N,VIIRS_NOAA20_NRT,,
23.68785,87.12324,311.42,0.52,0.42,2026-09-13,2017,N20,VIIRS,n,2.0NRT,290.14,1.28,N,VIIRS_NOAA20_NRT,,
23.68876,87.09724,306.04,0.52,0.41,2026-09-13,2017,N20,VIIRS,n,2.0NRT,289.51,1.01,N,VIIRS_NOAA20_NRT,,
23.69162,87.12405,310.15,0.52,0.42,2026-09-13,2017,N20,VIIRS,n,2.0NRT,289.95,2.02,N,VIIRS_NOAA20_NRT,,
23.69252,87.09808,306.3,0.52,0.41,2026-09-13,2017,N20,VIIRS,n,2.0NRT,289.44,1.01,N,VIIRS_NOAA20_NRT,,
23.69255,87.11903,307.97,0.52,0.42,2026-09-13,2017,N20,VIIRS,n,2.0NRT,290.03,1.88,N,VIIRS_NOAA20_NRT,,
23.69348,87.11399,311.99,0.52,0.42,2026-09-13,2017,N20,VIIRS,n,2.0NRT,289.62,1.88,N,VIIRS_NOAA20_NRT,,
23.69535,87.10394,306.01,0.52,0.41,2026-09-13,2017,N20,VIIRS,n,2.0NRT,289.57,2.06,N,VIIRS_NOAA20_NRT,,
23.69721,87.09389,309.38,0.52,0.41,2026-09-13,2017,N20,VIIRS,n,2.0NRT,289.38,1.8,N,VIIRS_NOAA20_NRT,,
23.71446,86.42363,306.46,0.48,0.4,2026-09-13,2017,N20,VIIRS,n,2.0NRT,291.3,2.39,N,VIIRS_NOAA20_NRT,,
23.73479,86.43514,305.57,0.48,0.4,2026-09-13,2017,N20,VIIRS,n,2.0NRT,291.2,1.85,N,VIIRS_NOAA20_NRT,,
23.73565,86.43049,309.19,0.48,0.4,2026-09-13,2017,N20,VIIRS,n,2.0NRT,290.86,1.85,N,VIIRS_NOAA20_NRT,,
23.73842,86.43591,317.4,0.48,0.4,2026-09-13,2017,N20,VIIRS,n,2.0NRT,292.02,1.85,N,VIIRS_NOAA20_NRT,,
23.73928,86.43127,321.52,0.48,0.4,2026-09-13,2017,N20,VIIRS,n,2.0NRT,291.41,1.85,N,VIIRS_NOAA20_NRT,,
23.75979,86.40193,328.7,0.48,0.4,2026-09-13,2017,N20,VIIRS,n,2.0NRT,291.31,6.42,N,VIIRS_NOAA20_NRT,,
23.76342,86.4027,313.75,0.48,0.4,2026-09-13,2017,N20,VIIRS,n,2.0NRT,290.93,3.75,N,VIIRS_NOAA20_NRT,,
23.76511,86.39349,310.42,0.48,0.4,2026-09-13,2017,N20,VIIRS,n,2.0NRT,292.01,5.72,N,VIIRS_NOAA20_NRT,,
23.76704,86.40348,320.06,0.48,0.4,2026-09-13,2017,N20,VIIRS,n,2.0NRT,291.22,3.75,N,VIIRS_NOAA20_NRT,,
23.77466,86.36198,318.19,0.48,0.4,2026-09-13,2017,N20,VIIRS,n,2.0NRT,287.33,2.72,N,VIIRS_NOAA20_NRT,,
23.77988,86.21108,323.28,0.47,0.4,2026-09-13,2017,N20,VIIRS,n,2.0NRT,284.89,4.32,N,VIIRS_NOAA20_NRT,,
23.78047,86.39191,307.02,0.48,0.4,2026-09-13,2017,N20,VIIRS,n,2.0NRT,290.6,4.81,N,VIIRS_NOAA20_NRT,,
23.78071,86.20657,304.36,0.47,0.4,2026-09-13,2017,N20,VIIRS,n,2.0NRT,280.22,3.03,N,VIIRS_NOAA20_NRT,,
23.79528,86.35204,314.38,0.48,0.4,2026-09-13,2017,N20,VIIRS,n,2.0NRT,290.81,4.46,N,VIIRS_NOAA20_NRT,,
24.01022,80.52802,303.75,0.42,0.37,2026-09-13,2017,N20,VIIRS,n,2.0NRT,290.2,0.96,N,VIIRS_NOAA20_NRT,,
24.05381,80.61304,308.66,0.41,0.37,2026-09-13,2017,N20,VIIRS,n,2.0NRT,291.0,1.02,N,VIIRS_NOAA20_NRT,,
24.16139,82.56535,312.67,0.38,0.36,2026-09-13,2017,N20,VIIRS,n,2.0NRT,290.98,1.41,N,VIIRS_NOAA20_NRT,,
24.16173,82.63041,305.9,0.38,0.36,2026-09-13,2017,N20,VIIRS,n,2.0NRT,290.59,1.22,N,VIIRS_NOAA20_NRT,,
24.16948,82.62415,308.89,0.38,0.36,2026-09-13,2017,N20,VIIRS,n,2.0NRT,290.65,0.5,N,VIIRS_NOAA20_NRT,,
24.17007,82.62039,304.32,0.38,0.36,2026-09-13,2017,N20,VIIRS,n,2.0NRT,290.61,0.5,N,VIIRS_NOAA20_NRT,,
24.18298,82.64589,308.16,0.38,0.36,2026-09-13,2017,N20,VIIRS,n,2.0NRT,291.01,0.94,N,VIIRS_NOAA20_NRT,,
24.18391,82.66151,312.91,0.38,0.36,2026-09-13,2017,N20,VIIRS,n,2.0NRT,290.96,1.03,N,VIIRS_NOAA20_NRT,,
24.19867,82.7183,306.55,0.38,0.36,2026-09-13,2017,N20,VIIRS,n,2.0NRT,291.18,1.25,N,VIIRS_NOAA20_NRT,,
24.19926,82.71455,318.61,0.38,0.36,2026-09-13,2017,N20,VIIRS,n,2.0NRT,291.5,2.05,N,VIIRS_NOAA20_NRT,,
24.20314,82.71143,305.62,0.38,0.36,2026-09-13,2017,N20,VIIRS,n,2.0NRT,291.52,1.74,N,VIIRS_NOAA20_NRT,,
24.20374,82.70767,307.35,0.38,0.36,2026-09-13,2017,N20,VIIRS,n,2.0NRT,291.17,1.24,N,VIIRS_NOAA20_NRT,,
24.20509,82.52657,305.03,0.38,0.36,2026-09-13,2017,N20,VIIRS,n,2.0NRT,291.23,0.65,N,VIIRS_NOAA20_NRT,,
24.32689,81.32841,310.64,0.4,0.37,2026-09-13,2017,N20,VIIRS,n,2.0NRT,290.86,1.08,N,VIIRS_NOAA20_NRT,,
24.45079,83.03911,306.69,0.38,0.36,2026-09-13,2017,N20,VIIRS,n,2.0NRT,292.24,0.74,N,VIIRS_NOAA20_NRT,,
24.52959,81.16929,305.49,0.4,0.37,2026-09-13,2017,N20,VIIRS,n,2.0NRT,287.01,0.81,N,VIIRS_NOAA20_NRT,,
24.92246,84.1568,314.11,0.39,0.36,2026-09-13,2017,N20,VIIRS,n,2.0NRT,292.26,0.88,N,VIIRS_NOAA20_NRT,,
24.92707,84.14976,309.37,0.39,0.36,2026-09-13,2017,N20,VIIRS,n,2.0NRT,292.05,1.13,N,VIIRS_NOAA20_NRT,,
24.93103,84.14657,308.52,0.39,0.36,2026-09-13,2017,N20,VIIRS,n,2.0NRT,292.41,0.57,N,VIIRS_NOAA20_NRT,,
8.1115,79.96591,308.51,0.39,0.36,2026-09-13,2019,N20,VIIRS,n,2.0NRT,290.42,1.01,N,VIIRS_NOAA20_NRT,,
8.96177,80.04871,301.39,0.39,0.36,2026-09-13,2019,N20,VIIRS,n,2.0NRT,284.3,0.94,N,VIIRS_NOAA20_NRT,,
11.17756,79.0885,309.51,0.39,0.36,2026-09-13,2019,N20,VIIRS,n,2.0NRT,290.37,1.59,N,VIIRS_NOAA20_NRT,,
11.26758,80.00294,309.78,0.39,0.36,2026-09-13,2019,N20,VIIRS,n,2.0NRT,289.13,1.86,N,VIIRS_NOAA20_NRT,,
17.59694,83.19299,299.96,0.42,0.37,2026-09-13,2019,N20,VIIRS,n,2.0NRT,277.31,0.61,N,VIIRS_NOAA20_NRT,,
17.60587,83.2026,296.19,0.42,0.37,2026-09-13,2019,N20,VIIRS,n,2.0NRT,263.76,0.76,N,VIIRS_NOAA20_NRT,,
17.60928,83.20323,295.08,0.42,0.37,2026-09-13,2019,N20,VIIRS,n,2.0NRT,262.08,0.76,N,VIIRS_NOAA20_NRT,,
17.95855,80.79545,311.16,0.39,0.36,2026-09-13,2019,N20,VIIRS,n,2.0NRT,284.27,1.68,N,VIIRS_NOAA20_NRT,,
28.42577,69.70049,311.97,0.41,0.61,2026-09-13,2155,N20,VIIRS,n,2.0NRT,295.4,1.18,N,VIIRS_NOAA20_NRT,,
32.88911,71.61409,305.36,0.41,0.61,2026-09-13,2155,N20,VIIRS,n,2.0NRT,290.91,5.04,N,VIIRS_NOAA20_NRT,,
33.26739,71.309,304.14,0.39,0.59,2026-09-13,2155,N20,VIIRS,n,2.0NRT,290.09,0.34,N,VIIRS_NOAA20_NRT,,
33.80112,72.09616,302.97,0.42,0.61,2026-09-13,2155,N20,VIIRS,n,2.0NRT,289.8,0.7,N,VIIRS_NOAA20_NRT,,
8.22415,79.97695,330.92,0.45,0.63,2026-09-14,724,N20,VIIRS,n,2.0NRT,287.37,5.57,D,VIIRS_NOAA20_NRT,,
8.45503,80.46314,335.77,0.41,0.61,2026-09-14,726,N20,VIIRS,n,2.0NRT,278.85,4.66,D,VIIRS_NOAA20_NRT,,
8.48418,80.15503,328.29,0.43,0.62,2026-09-14,726,N20,VIIRS,n,2.0NRT,282.49,5.79,D,VIIRS_NOAA20_NRT,,
13.00628,76.33424,332.81,0.64,0.72,2026-09-14,726,N20,VIIRS,n,2.0NRT,294.19,6.84,D,VIIRS_NOAA20_NRT,,
13.7262,78.37474,338.71,0.45,0.63,2026-09-14,726,N20,VIIRS,n,2.0NRT,294.68,5.2,D,VIIRS_NOAA20_NRT,,
13.86769,77.41703,333.07,0.52,0.67,2026-09-14,726,N20,VIIRS,n,2.0NRT,299.56,2.31,D,VIIRS_NOAA20_NRT,,
13.99228,78.13817,330.44,0.47,0.64,2026-09-14,726,N20,VIIRS,n,2.0NRT,296.45,2.38,D,VIIRS_NOAA20_NRT,,
15.33649,77.07091,335.28,0.52,0.66,2026-09-14,726,N20,VIIRS,n,2.0NRT,301.57,3.2,D,VIIRS_NOAA20_NRT,,
15.77269,80.34946,332.88,0.61,0.54,2026-09-14,726,N20,VIIRS,n,2.0NRT,297.04,5.65,D,VIIRS_NOAA20_NRT,,
15.77378,80.35506,339.5,0.61,0.53,2026-09-14,726,N20,VIIRS,n,2.0NRT,297.86,5.65,D,VIIRS_NOAA20_NRT,,
15.82252,79.83504,331.43,0.33,0.55,2026-09-14,726,N20,VIIRS,n,2.0NRT,296.42,1.17,D,VIIRS_NOAA20_NRT,,
15.37245,75.97004,344.0,0.61,0.71,2026-09-14,729,N20,VIIRS,n,2.0NRT,297.95,8.72,D,VIIRS_NOAA20_NRT,,
15.44206,76.75722,334.14,0.54,0.68,2026-09-14,729,N20,VIIRS,n,2.0NRT,301.45,8.24,D,VIIRS_NOAA20_NRT,,
16.31328,78.44664,330.84,0.4,0.6,2026-09-14,729,N20,VIIRS,n,2.0NRT,293.75,2.49,D,VIIRS_NOAA20_NRT,,
16.76907,79.8007,336.26,0.32,0.54,2026-09-14,729,N20,VIIRS,n,2.0NRT,285.51,3.38,D,VIIRS_NOAA20_NRT,,
17.60026,83.18597,332.11,0.56,0.43,2026-09-14,729,N20,VIIRS,n,2.0NRT,295.73,8.15,D,VIIRS_NOAA20_NRT,,
20.76038,85.29754,332.34,0.41,0.37,2026-09-14,729,N20,VIIRS,l,2.0NRT,299.6,6.72,D,VIIRS_NOAA20_NRT,,
20.80654,85.25679,334.62,0.41,0.37,2026-09-14,729,N20,VIIRS,n,2.0NRT,298.33,6.6,D,VIIRS_NOAA20_NRT,,
20.96188,85.17567,330.55,0.42,0.37,2026-09-14,729,N20,VIIRS,l,2.0NRT,292.96,7.25,D,VIIRS_NOAA20_NRT,,
20.96382,85.1875,340.46,0.41,0.37,2026-09-14,729,N20,VIIRS,n,2.0NRT,296.01,4.19,D,VIIRS_NOAA20_NRT,,
20.96415,85.16737,330.24,0.42,0.37,2026-09-14,729,N20,VIIRS,l,2.0NRT,295.53,6.18,D,VIIRS_NOAA20_NRT,,
20.96446,85.19142,335.87,0.41,0.37,2026-09-14,729,N20,VIIRS,l,2.0NRT,294.96,4.19,D,VIIRS_NOAA20_NRT,,
20.96887,85.17462,344.28,0.42,0.37,2026-09-14,729,N20,VIIRS,n,2.0NRT,296.5,11.07,D,VIIRS_NOAA20_NRT,,
20.96953,85.17858,332.44,0.41,0.37,2026-09-14,729,N20,VIIRS,l,2.0NRT,294.49,5.06,D,VIIRS_NOAA20_NRT,,
21.18651,81.39293,327.52,0.42,0.45,2026-09-14,729,N20,VIIRS,n,2.0NRT,296.12,5.23,D,VIIRS_NOAA20_NRT,,
21.74111,83.84176,329.9,0.46,0.39,2026-09-14,729,N20,VIIRS,l,2.0NRT,300.28,8.82,D,VIIRS_NOAA20_NRT,,
21.74897,83.84466,337.72,0.46,0.39,2026-09-14,729,N20,VIIRS,l,2.0NRT,300.29,13.46,D,VIIRS_NOAA20_NRT,,
21.75607,83.84324,332.02,0.46,0.39,2026-09-14,729,N20,VIIRS,l,2.0NRT,298.25,4.11,D,VIIRS_NOAA20_NRT,,
21.75962,83.84253,329.08,0.46,0.39,2026-09-14,729,N20,VIIRS,l,2.0NRT,299.47,4.11,D,VIIRS_NOAA20_NRT,,
21.76114,83.85121,330.32,0.46,0.39,2026-09-14,729,N20,VIIRS,l,2.0NRT,299.72,9.38,D,VIIRS_NOAA20_NRT,,
21.91828,83.35252,338.5,0.48,0.4,2026-09-14,729,N20,VIIRS,n,2.0NRT,298.83,6.14,D,VIIRS_NOAA20_NRT,,
21.92191,83.35178,337.88,0.48,0.4,2026-09-14,729,N20,VIIRS,n,2.0NRT,297.99,6.14,D,VIIRS_NOAA20_NRT,,
21.92598,85.22399,330.49,0.41,0.37,2026-09-14,729,N20,VIIRS,l,2.0NRT,300.67,4.47,D,VIIRS_NOAA20_NRT,,
22.3624,87.01753,331.04,0.38,0.36,2026-09-14,729,N20,VIIRS,n,2.0NRT,299.91,7.04,D,VIIRS_NOAA20_NRT,,
22.36448,87.30244,340.49,0.38,0.36,2026-09-14,729,N20,VIIRS,n,2.0NRT,301.11,6.57,D,VIIRS_NOAA20_NRT,,
22.66937,88.2926,332.94,0.4,0.37,2026-09-14,729,N20,VIIRS,n,2.0NRT,297.25,2.69,D,VIIRS_NOAA20_NRT,,
23.58181,86.72641,333.7,0.38,0.36,2026-09-14,729,N20,VIIRS,n,2.0NRT,300.71,4.53,D,VIIRS_NOAA20_NRT,,
23.60655,95.80695,339.73,0.34,0.56,2026-09-14,729,N20,VIIRS,n,2.0NRT,295.73,2.73,D,VIIRS_NOAA20_NRT,,
23.66315,87.15356,334.41,0.39,0.36,2026-09-14,729,N20,VIIRS,n,2.0NRT,300.1,2.67,D,VIIRS_NOAA20_NRT,,
23.66371,87.15732,332.04,0.39,0.36,2026-09-14,729,N20,VIIRS,n,2.0NRT,299.37,2.67,D,VIIRS_NOAA20_NRT,,
23.67817,86.39843,341.07,0.38,0.36,2026-09-14,729,N20,VIIRS,n,2.0NRT,302.81,9.2,D,VIIRS_NOAA20_NRT,,
23.6817,86.09404,336.79,0.39,0.36,2026-09-14,729,N20,VIIRS,n,2.0NRT,299.71,4.63,D,VIIRS_NOAA20_NRT,,
23.68417,86.39351,348.25,0.38,0.36,2026-09-14,729,N20,VIIRS,n,2.0NRT,302.5,9.73,D,VIIRS_NOAA20_NRT,,
23.68909,87.09878,330.64,0.39,0.36,2026-09-14,729,N20,VIIRS,l,2.0NRT,301.73,3.82,D,VIIRS_NOAA20_NRT,,
23.73768,86.43369,340.67,0.38,0.36,2026-09-14,729,N20,VIIRS,n,2.0NRT,296.56,2.75,D,VIIRS_NOAA20_NRT,,
23.75655,85.85595,330.51,0.39,0.36,2026-09-14,729,N20,VIIRS,n,2.0NRT,299.15,6.25,D,VIIRS_NOAA20_NRT,,
23.77256,86.19659,333.33,0.39,0.36,2026-09-14,729,N20,VIIRS,n,2.0NRT,300.82,6.94,D,VIIRS_NOAA20_NRT,,
23.77818,86.21096,345.7,0.38,0.36,2026-09-14,729,N20,VIIRS,n,2.0NRT,300.72,8.81,D,VIIRS_NOAA20_NRT,,
23.78147,86.21036,334.04,0.38,0.36,2026-09-14,729,N20,VIIRS,n,2.0NRT,299.88,3.98,D,VIIRS_NOAA20_NRT,,
23.97384,95.82313,332.3,0.34,0.56,2026-09-14,729,N20,VIIRS,n,2.0NRT,295.96,2.02,D,VIIRS_NOAA20_NRT,,
24.00687,95.93203,332.51,0.35,0.56,2026-09-14,729,N20,VIIRS,n,2.0NRT,294.86,1.8,D,VIIRS_NOAA20_NRT,,
24.11526,86.86087,330.01,0.38,0.36,2026-09-14,729,N20,VIIRS,n,2.0NRT,298.67,1.85,D,VIIRS_NOAA20_NRT,,
24.29694,93.70903,333.51,0.5,0.49,2026-09-14,729,N20,VIIRS,n,2.0NRT,296.18,7.95,D,VIIRS_NOAA20_NRT,,
24.29748,93.71398,339.7,0.5,0.49,2026-09-14,729,N20,VIIRS,n,2.0NRT,294.87,7.95,D,VIIRS_NOAA20_NRT,,
24.29876,93.71069,348.55,0.5,0.49,2026-09-14,729,N20,VIIRS,n,2.0NRT,296.22,14.63,D,VIIRS_NOAA20_NRT,,
27.37669,95.33676,331.75,0.35,0.56,2026-09-14,731,N20,VIIRS,n,2.0NRT,291.71,1.78,D,VIIRS_NOAA20_NRT,,
31.06017,74.48428,331.28,0.34,0.56,2026-09-14,731,N20,VIIRS,n,2.0NRT,294.98,1.86,D,VIIRS_NOAA20_NRT,,
31.12562,74.64755,345.55,0.33,0.56,2026-09-14,731,N20,VIIRS,n,2.0NRT,295.32,4.55,D,VIIRS_NOAA20_NRT,,
31.33463,74.84099,367.0,0.32,0.55,2026-09-14,731,N20,VIIRS,h,2.0NRT,294.8,7.82,D,VIIRS_NOAA20_NRT,,
31.67763,75.00666,336.6,0.62,0.54,2026-09-14,731,N20,VIIRS,n,2.0NRT,292.92,8.17,D,VIIRS_NOAA20_NRT,,
31.70946,74.51023,346.0,0.33,0.55,2026-09-14,731,N20,VIIRS,n,2.0NRT,294.4,3.99,D,VIIRS_NOAA20_NRT,,
34.30787,73.85091,325.83,0.63,0.54,2026-09-14,731,N20,VIIRS,n,2.0NRT,295.22,5.89,D,VIIRS_NOAA20_NRT,,
34.30952,73.84903,331.02,0.63,0.54,2026-09-14,731,N20,VIIRS,n,2.0NRT,295.64,5.9,D,VIIRS_NOAA20_NRT,,
12.98791,76.12696,355.38,0.59,0.7,2026-09-14,905,N20,VIIRS,n,2.0NRT,293.23,12.4,D,VIIRS_NOAA20_NRT,,
25.47149,68.55921,330.37,0.54,0.51,2026-09-14,909,N20,VIIRS,n,2.0NRT,298.81,5.21,D,VIIRS_NOAA20_NRT,,
27.43555,70.56192,338.3,0.38,0.59,2026-09-14,909,N20,VIIRS,n,2.0NRT,303.82,4.29,D,VIIRS_NOAA20_NRT,,
28.04908,69.3703,346.61,0.32,0.55,2026-09-14,911,N20,VIIRS,n,2.0NRT,300.03,4.02,D,VIIRS_NOAA20_NRT,,
28.05325,69.36923,333.37,0.32,0.55,2026-09-14,911,N20,VIIRS,n,2.0NRT,300.12,3.89,D,VIIRS_NOAA20_NRT,,
31.50081,72.2029,334.43,0.52,0.67,2026-09-14,911,N20,VIIRS,n,2.0NRT,293.85,2.96,D,VIIRS_NOAA20_NRT,,
31.50962,72.14935,344.17,0.52,0.67,2026-09-14,911,N20,VIIRS,n,2.0NRT,294.29,5.2,D,VIIRS_NOAA20_NRT,,
31.51035,72.15237,335.9,0.52,0.67,2026-09-14,911,N20,VIIRS,n,2.0NRT,293.88,4.62,D,VIIRS_NOAA20_NRT,,
21.59441,96.22866,309.06,0.35,0.56,2026-09-14,1955,N20,VIIRS,n,2.0NRT,290.17,1.15,N,VIIRS_NOAA20_NRT,,
22.05192,88.12705,322.65,0.39,0.36,2026-09-14,1955,N20,VIIRS,n,2.0NRT,294.01,1.14,N,VIIRS_NOAA20_NRT,,
22.05254,88.12328,309.43,0.39,0.36,2026-09-14,1955,N20,VIIRS,n,2.0NRT,294.85,1.14,N,VIIRS_NOAA20_NRT,,
22.05586,88.12392,314.06,0.39,0.36,2026-09-14,1955,N20,VIIRS,n,2.0NRT,295.95,1.36,N,VIIRS_NOAA20_NRT,,
22.24318,87.38964,323.37,0.38,0.36,2026-09-14,1955,N20,VIIRS,n,2.0NRT,293.61,1.41,N,VIIRS_NOAA20_NRT,,
22.35765,87.2919,308.64,0.38,0.36,2026-09-14,1955,N20,VIIRS,n,2.0NRT,293.55,0.98,N,VIIRS_NOAA20_NRT,,
22.35824,87.2882,317.28,0.38,0.36,2026-09-14,1955,N20,VIIRS,n,2.0NRT,294.41,0.98,N,VIIRS_NOAA20_NRT,,
22.36043,87.01834,310.86,0.38,0.36,2026-09-14,1955,N20,VIIRS,n,2.0NRT,293.56,1.58,N,VIIRS_NOAA20_NRT,,
22.36305,87.30051,316.79,0.38,0.36,2026-09-14,1955,N20,VIIRS,n,2.0NRT,294.07,1.42,N,VIIRS_NOAA20_NRT,,
22.36372,87.01894,315.69,0.38,0.36,2026-09-14,1955,N20,VIIRS,n,2.0NRT,293.29,1.37,N,VIIRS_NOAA20_NRT,,
22.36575,87.30482,310.97,0.38,0.36,2026-09-14,1955,N20,VIIRS,n,2.0NRT,294.44,0.87,N,VIIRS_NOAA20_NRT,,
22.36634,87.30112,329.04,0.38,0.36,2026-09-14,1955,N20,VIIRS,n,2.0NRT,295.67,1.64,N,VIIRS_NOAA20_NRT,,
22.36693,87.29742,307.24,0.38,0.36,2026-09-14,1955,N20,VIIRS,n,2.0NRT,293.72,1.64,N,VIIRS_NOAA20_NRT,,
22.3676,87.01585,313.48,0.38,0.36,2026-09-14,1955,N20,VIIRS,n,2.0NRT,293.71,1.37,N,VIIRS_NOAA20_NRT,,
22.36963,87.30173,310.8,0.38,0.36,2026-09-14,1955,N20,VIIRS,n,2.0NRT,294.42,1.64,N,VIIRS_NOAA20_NRT,,
22.37647,87.28014,334.06,0.38,0.36,2026-09-14,1955,N20,VIIRS,n,2.0NRT,296.8,2.55,N,VIIRS_NOAA20_NRT,,
22.37706,87.27643,322.39,0.38,0.36,2026-09-14,1955,N20,VIIRS,n,2.0NRT,294.77,2.55,N,VIIRS_NOAA20_NRT,,
22.38035,87.27704,314.35,0.38,0.36,2026-09-14,1955,N20,VIIRS,n,2.0NRT,293.82,2.55,N,VIIRS_NOAA20_NRT,,
22.38128,87.29245,308.43,0.38,0.36,2026-09-14,1955,N20,VIIRS,n,2.0NRT,293.22,0.42,N,VIIRS_NOAA20_NRT,,
22.38904,87.28626,312.56,0.38,0.36,2026-09-14,1955,N20,VIIRS,n,2.0NRT,293.49,0.82,N,VIIRS_NOAA20_NRT,,
22.57377,85.89711,327.19,0.39,0.36,2026-09-14,1955,N20,VIIRS,n,2.0NRT,294.47,2.62,N,VIIRS_NOAA20_NRT,,
22.57434,85.8933,312.0,0.39,0.36,2026-09-14,1955,N20,VIIRS,n,2.0NRT,293.01,2.62,N,VIIRS_NOAA20_NRT,,
22.57491,85.8895,307.62,0.39,0.36,2026-09-14,1955,N20,VIIRS,n,2.0NRT,292.71,2.17,N,VIIRS_NOAA20_NRT,,
22.58987,85.90381,308.17,0.39,0.36,2026-09-14,1955,N20,VIIRS,n,2.0NRT,292.49,1.38,N,VIIRS_NOAA20_NRT,,
22.5932,85.90439,306.7,0.39,0.36,2026-09-14,1955,N20,VIIRS,n,2.0NRT,291.88,1.38,N,VIIRS_NOAA20_NRT,,
22.78595,86.20171,308.41,0.39,0.36,2026-09-14,1955,N20,VIIRS,n,2.0NRT,293.37,1.37,N,VIIRS_NOAA20_NRT,,
22.78927,86.2023,308.22,0.39,0.36,2026-09-14,1955,N20,VIIRS,n,2.0NRT,293.14,2.06,N,VIIRS_NOAA20_NRT,,
22.78985,86.19852,311.64,0.39,0.36,2026-09-14,1955,N20,VIIRS,n,2.0NRT,293.33,2.79,N,VIIRS_NOAA20_NRT,,
22.79042,86.19474,330.12,0.39,0.36,2026-09-14,1955,N20,VIIRS,n,2.0NRT,293.37,2.79,N,VIIRS_NOAA20_NRT,,
22.79144,86.21043,307.89,0.39,0.36,2026-09-14,1955,N20,VIIRS,n,2.0NRT,292.61,1.34,N,VIIRS_NOAA20_NRT,,
22.79317,86.19911,312.8,0.39,0.36,2026-09-14,1955,N20,VIIRS,n,2.0NRT,291.92,2.79,N,VIIRS_NOAA20_NRT,,
22.79649,86.19969,309.57,0.39,0.36,2026-09-14,1955,N20,VIIRS,n,2.0NRT,293.02,1.3,N,VIIRS_NOAA20_NRT,,
22.79866,86.20781,328.95,0.39,0.36,2026-09-14,1955,N20,VIIRS,n,2.0NRT,293.03,3.0,N,VIIRS_NOAA20_NRT,,
22.80987,86.08942,306.81,0.39,0.36,2026-09-14,1955,N20,VIIRS,n,2.0NRT,292.91,0.86,N,VIIRS_NOAA20_NRT,,
22.81044,86.08564,314.23,0.39,0.36,2026-09-14,1955,N20,VIIRS,n,2.0NRT,293.12,0.99,N,VIIRS_NOAA20_NRT,,
22.81709,86.08681,305.88,0.39,0.36,2026-09-14,1955,N20,VIIRS,n,2.0NRT,292.49,0.92,N,VIIRS_NOAA20_NRT,,
22.87232,88.21236,310.16,0.39,0.36,2026-09-14,1955,N20,VIIRS,n,2.0NRT,294.02,0.77,N,VIIRS_NOAA20_NRT,,
22.87489,86.06116,311.58,0.39,0.36,2026-09-14,1955,N20,VIIRS,n,2.0NRT,293.01,1.94,N,VIIRS_NOAA20_NRT,,
22.90076,88.40873,306.99,0.39,0.36,2026-09-14,1955,N20,VIIRS,n,2.0NRT,293.43,0.83,N,VIIRS_NOAA20_NRT,,
23.16425,82.34084,311.08,0.55,0.43,2026-09-14,1955,N20,VIIRS,n,2.0NRT,290.8,1.54,N,VIIRS_NOAA20_NRT,,
23.16492,82.33553,310.88,0.55,0.43,2026-09-14,1955,N20,VIIRS,n,2.0NRT,290.82,1.46,N,VIIRS_NOAA20_NRT,,
23.16815,82.34149,310.4,0.55,0.43,2026-09-14,1955,N20,VIIRS,n,2.0NRT,291.19,1.55,N,VIIRS_NOAA20_NRT,,
23.48277,87.36163,312.0,0.38,0.36,2026-09-14,1955,N20,VIIRS,n,2.0NRT,294.83,1.42,N,VIIRS_NOAA20_NRT,,
23.54859,86.54581,307.19,0.39,0.36,2026-09-14,1955,N20,VIIRS,n,2.0NRT,293.4,0.6,N,VIIRS_NOAA20_NRT,,
23.54917,86.54203,306.69,0.39,0.36,2026-09-14,1955,N20,VIIRS,n,2.0NRT,292.94,0.6,N,VIIRS_NOAA20_NRT,,
23.55199,87.24723,307.63,0.38,0.36,2026-09-14,1955,N20,VIIRS,n,2.0NRT,294.06,1.07,N,VIIRS_NOAA20_NRT,,
23.55258,87.24349,310.98,0.38,0.36,2026-09-14,1955,N20,VIIRS,n,2.0NRT,293.99,1.07,N,VIIRS_NOAA20_NRT,,
23.55306,86.53885,308.1,0.39,0.36,2026-09-14,1955,N20,VIIRS,n,2.0NRT,292.81,0.3,N,VIIRS_NOAA20_NRT,,
23.55646,87.24037,310.16,0.38,0.36,2026-09-14,1955,N20,VIIRS,n,2.0NRT,293.74,0.81,N,VIIRS_NOAA20_NRT,,
23.56034,87.23724,308.25,0.38,0.36,2026-09-14,1955,N20,VIIRS,n,2.0NRT,292.76,1.03,N,VIIRS_NOAA20_NRT,,
23.5607,87.08363,318.35,0.38,0.36,2026-09-14,1955,N20,VIIRS,n,2.0NRT,294.06,1.59,N,VIIRS_NOAA20_NRT,,
23.56151,87.22978,312.29,0.38,0.36,2026-09-14,1955,N20,VIIRS,n,2.0NRT,293.06,0.77,N,VIIRS_NOAA20_NRT,,
23.58211,86.72605,319.28,0.39,0.36,2026-09-14,1955,N20,VIIRS,n,2.0NRT,294.32,2.33,N,VIIRS_NOAA20_NRT,,
23.61179,87.14686,309.96,0.38,0.36,2026-09-14,1955,N20,VIIRS,n,2.0NRT,294.12,0.98,N,VIIRS_NOAA20_NRT,,
23.61374,86.78528,307.35,0.39,0.36,2026-09-14,1955,N20,VIIRS,n,2.0NRT,293.22,1.67,N,VIIRS_NOAA20_NRT,,
23.61646,86.7896,307.76,0.39,0.36,2026-09-14,1955,N20,VIIRS,n,2.0NRT,293.7,1.01,N,VIIRS_NOAA20_NRT,,
23.6332,86.83508,308.02,0.39,0.36,2026-09-14,1955,N20,VIIRS,n,2.0NRT,293.41,1.35,N,VIIRS_NOAA20_NRT,,
23.64636,85.43737,316.1,0.41,0.37,2026-09-14,1955,N20,VIIRS,n,2.0NRT,291.87,1.25,N,VIIRS_NOAA20_NRT,,
23.64975,85.43797,320.04,0.41,0.37,2026-09-14,1955,N20,VIIRS,n,2.0NRT,292.32,1.49,N,VIIRS_NOAA20_NRT,,
23.65033,85.43398,314.88,0.41,0.37,2026-09-14,1955,N20,VIIRS,n,2.0NRT,291.7,1.49,N,VIIRS_NOAA20_NRT,,
23.65681,85.50849,308.55,0.41,0.37,2026-09-14,1955,N20,VIIRS,n,2.0NRT,292.17,1.03,N,VIIRS_NOAA20_NRT,,
23.6617,87.15578,312.85,0.38,0.36,2026-09-14,1955,N20,VIIRS,n,2.0NRT,293.23,1.25,N,VIIRS_NOAA20_NRT,,
23.66229,87.15203,311.01,0.38,0.36,2026-09-14,1955,N20,VIIRS,n,2.0NRT,293.0,0.92,N,VIIRS_NOAA20_NRT,,
23.66408,84.99677,306.13,0.42,0.38,2026-09-14,1955,N20,VIIRS,n,2.0NRT,290.69,1.0,N,VIIRS_NOAA20_NRT,,
23.66441,87.16012,316.83,0.38,0.36,2026-09-14,1955,N20,VIIRS,n,2.0NRT,293.55,1.25,N,VIIRS_NOAA20_NRT,,
23.66446,86.91793,310.27,0.39,0.36,2026-09-14,1955,N20,VIIRS,n,2.0NRT,293.67,1.35,N,VIIRS_NOAA20_NRT,,
23.665,87.15638,319.94,0.38,0.36,2026-09-14,1955,N20,VIIRS,n,2.0NRT,294.62,1.25,N,VIIRS_NOAA20_NRT,,
23.66558,87.15264,310.53,0.38,0.36,2026-09-14,1955,N20,VIIRS,n,2.0NRT,293.73,0.92,N,VIIRS_NOAA20_NRT,,
23.66753,84.99735,306.29,0.42,0.38,2026-09-14,1955,N20,VIIRS,n,2.0NRT,291.12,1.0,N,VIIRS_NOAA20_NRT,,
23.66872,86.93414,308.05,0.39,0.36,2026-09-14,1955,N20,VIIRS,n,2.0NRT,292.72,0.64,N,VIIRS_NOAA20_NRT,,
23.67195,86.11424,307.49,0.39,0.37,2026-09-14,1955,N20,VIIRS,n,2.0NRT,292.49,1.0,N,VIIRS_NOAA20_NRT,,
23.67202,86.93475,307.15,0.39,0.36,2026-09-14,1955,N20,VIIRS,n,2.0NRT,293.42,0.64,N,VIIRS_NOAA20_NRT,,
23.67582,86.40054,324.47,0.39,0.36,2026-09-14,1955,N20,VIIRS,n,2.0NRT,295.57,3.33,N,VIIRS_NOAA20_NRT,,
23.676,86.08732,332.52,0.4,0.37,2026-09-14,1955,N20,VIIRS,n,2.0NRT,293.28,3.74,N,VIIRS_NOAA20_NRT,,
23.6764,86.39674,321.09,0.39,0.36,2026-09-14,1955,N20,VIIRS,n,2.0NRT,294.83,1.89,N,VIIRS_NOAA20_NRT,,
23.67658,86.08347,306.11,0.4,0.37,2026-09-14,1955,N20,VIIRS,n,2.0NRT,292.72,1.26,N,VIIRS_NOAA20_NRT,,
23.67687,85.32369,310.58,0.41,0.37,2026-09-14,1955,N20,VIIRS,n,2.0NRT,291.52,1.47,N,VIIRS_NOAA20_NRT,,
23.67697,86.39292,314.46,0.39,0.36,2026-09-14,1955,N20,VIIRS,n,2.0NRT,292.81,1.89,N,VIIRS_NOAA20_NRT,,
23.67972,86.39734,323.79,0.39,0.36,2026-09-14,1955,N20,VIIRS,n,2.0NRT,295.04,1.89,N,VIIRS_NOAA20_NRT,,
23.67992,86.08406,315.5,0.4,0.37,2026-09-14,1955,N20,VIIRS,n,2.0NRT,293.52,1.26,N,VIIRS_NOAA20_NRT,,
23.68152,86.09618,310.41,0.39,0.37,2026-09-14,1955,N20,VIIRS,n,2.0NRT,292.68,2.16,N,VIIRS_NOAA20_NRT,,
23.6821,86.09234,331.1,0.4,0.37,2026-09-14,1955,N20,VIIRS,n,2.0NRT,293.77,3.13,N,VIIRS_NOAA20_NRT,,
23.68284,87.1289,312.53,0.38,0.36,2026-09-14,1955,N20,VIIRS,n,2.0NRT,293.38,1.24,N,VIIRS_NOAA20_NRT,,
23.68326,86.08464,309.54,0.4,0.37,2026-09-14,1955,N20,VIIRS,n,2.0NRT,293.06,1.23,N,VIIRS_NOAA20_NRT,,
23.68361,86.39413,329.76,0.39,0.36,2026-09-14,1955,N20,VIIRS,n,2.0NRT,294.67,1.9,N,VIIRS_NOAA20_NRT,,
23.68419,86.39031,309.85,0.39,0.36,2026-09-14,1955,N20,VIIRS,n,2.0NRT,292.22,1.45,N,VIIRS_NOAA20_NRT,,
23.68693,86.39473,306.34,0.39,0.36,2026-09-14,1955,N20,VIIRS,n,2.0NRT,292.32,1.9,N,VIIRS_NOAA20_NRT,,
23.68731,87.12202,322.2,0.38,0.36,2026-09-14,1955,N20,VIIRS,n,2.0NRT,293.73,1.42,N,VIIRS_NOAA20_NRT,,
23.68751,86.39091,321.85,0.39,0.36,2026-09-14,1955,N20,VIIRS,n,2.0NRT,293.19,1.45,N,VIIRS_NOAA20_NRT,,
23.6906,87.12263,315.67,0.38,0.36,2026-09-14,1955,N20,VIIRS,n,2.0NRT,293.91,1.42,N,VIIRS_NOAA20_NRT,,
23.69081,87.09959,320.4,0.38,0.36,2026-09-14,1955,N20,VIIRS,n,2.0NRT,293.94,2.09,N,VIIRS_NOAA20_NRT,,
23.69235,87.11142,310.79,0.38,0.36,2026-09-14,1955,N20,VIIRS,n,2.0NRT,293.57,1.2,N,VIIRS_NOAA20_NRT,,
23.69389,87.12325,320.48,0.38,0.36,2026-09-14,1955,N20,VIIRS,n,2.0NRT,293.98,1.61,N,VIIRS_NOAA20_NRT,,
23.69485,85.37053,308.89,0.41,0.37,2026-09-14,1955,N20,VIIRS,n,2.0NRT,291.85,1.3,N,VIIRS_NOAA20_NRT,,
23.69506,87.11576,310.97,0.38,0.36,2026-09-14,1955,N20,VIIRS,n,2.0NRT,293.48,1.8,N,VIIRS_NOAA20_NRT,,
23.69527,87.09272,312.61,0.38,0.36,2026-09-14,1955,N20,VIIRS,n,2.0NRT,292.87,1.43,N,VIIRS_NOAA20_NRT,,
23.6958,85.28976,313.18,0.41,0.37,2026-09-14,1955,N20,VIIRS,n,2.0NRT,291.96,1.79,N,VIIRS_NOAA20_NRT,,
23.69657,85.35851,310.03,0.41,0.37,2026-09-14,1955,N20,VIIRS,n,2.0NRT,291.41,0.65,N,VIIRS_NOAA20_NRT,,
23.69682,87.10455,308.1,0.38,0.36,2026-09-14,1955,N20,VIIRS,n,2.0NRT,293.15,0.78,N,VIIRS_NOAA20_NRT,,
23.69883,85.36712,309.97,0.41,0.37,2026-09-14,1955,N20,VIIRS,n,2.0NRT,290.89,0.78,N,VIIRS_NOAA20_NRT,,
23.70931,86.4495,316.67,0.39,0.36,2026-09-14,1955,N20,VIIRS,n,2.0NRT,294.33,2.28,N,VIIRS_NOAA20_NRT,,
23.71032,85.28665,307.2,0.41,0.37,2026-09-14,1955,N20,VIIRS,n,2.0NRT,290.99,1.23,N,VIIRS_NOAA20_NRT,,
23.71262,86.4501,328.41,0.39,0.36,2026-09-14,1955,N20,VIIRS,n,2.0NRT,295.14,2.28,N,VIIRS_NOAA20_NRT,,
23.71335,86.42291,314.99,0.39,0.36,2026-09-14,1955,N20,VIIRS,n,2.0NRT,294.77,1.44,N,VIIRS_NOAA20_NRT,,
23.71609,86.42729,308.81,0.39,0.36,2026-09-14,1955,N20,VIIRS,n,2.0NRT,294.22,1.44,N,VIIRS_NOAA20_NRT,,
23.7171,86.4431,315.07,0.39,0.36,2026-09-14,1955,N20,VIIRS,n,2.0NRT,294.04,1.3,N,VIIRS_NOAA20_NRT,,
23.71725,86.4197,310.96,0.39,0.36,2026-09-14,1955,N20,VIIRS,n,2.0NRT,293.04,0.81,N,VIIRS_NOAA20_NRT,,
23.71767,86.43929,307.4,0.39,0.36,2026-09-14,1955,N20,VIIRS,n,2.0NRT,293.16,1.3,N,VIIRS_NOAA20_NRT,,
23.71865,85.01022,303.81,0.42,0.38,2026-09-14,1955,N20,VIIRS,n,2.0NRT,290.57,1.24,N,VIIRS_NOAA20_NRT,,
23.72306,90.48756,302.06,0.45,0.39,2026-09-14,1955,N20,VIIRS,n,2.0NRT,282.92,1.08,N,VIIRS_NOAA20_NRT,,
23.72388,86.42089,310.97,0.39,0.36,2026-09-14,1955,N20,VIIRS,n,2.0NRT,295.83,1.83,N,VIIRS_NOAA20_NRT,,
23.72431,86.4405,316.95,0.39,0.36,2026-09-14,1955,N20,VIIRS,n,2.0NRT,294.61,2.26,N,VIIRS_NOAA20_NRT,,
23.73484,86.43849,310.21,0.39,0.36,2026-09-14,1955,N20,VIIRS,n,2.0NRT,295.71,1.39,N,VIIRS_NOAA20_NRT,,
23.73542,86.43468,310.09,0.39,0.36,2026-09-14,1955,N20,VIIRS,n,2.0NRT,294.1,1.39,N,VIIRS_NOAA20_NRT,,
23.736,86.43089,324.67,0.39,0.36,2026-09-14,1955,N20,VIIRS,n,2.0NRT,294.3,1.49,N,VIIRS_NOAA20_NRT,,
23.73658,86.42709,309.25,0.39,0.36,2026-09-14,1955,N20,VIIRS,n,2.0NRT,292.82,1.49,N,VIIRS_NOAA20_NRT,,
23.73874,86.43528,332.35,0.39,0.36,2026-09-14,1955,N20,VIIRS,n,2.0NRT,295.26,2.96,N,VIIRS_NOAA20_NRT,,
23.73932,86.43148,312.82,0.39,0.36,2026-09-14,1955,N20,VIIRS,n,2.0NRT,293.57,1.59,N,VIIRS_NOAA20_NRT,,
23.73992,85.00963,314.35,0.42,0.38,2026-09-14,1955,N20,VIIRS,n,2.0NRT,292.04,2.31,N,VIIRS_NOAA20_NRT,,
23.7449,85.5061,306.09,0.41,0.37,2026-09-14,1955,N20,VIIRS,n,2.0NRT,292.15,0.62,N,VIIRS_NOAA20_NRT,,
23.74827,86.41747,308.12,0.39,0.36,2026-09-14,1955,N20,VIIRS,n,2.0NRT,293.24,1.02,N,VIIRS_NOAA20_NRT,,
23.75159,86.41808,319.4,0.39,0.36,2026-09-14,1955,N20,VIIRS,n,2.0NRT,294.26,1.02,N,VIIRS_NOAA20_NRT,,
23.75217,86.41427,309.18,0.39,0.36,2026-09-14,1955,N20,VIIRS,n,2.0NRT,292.66,1.02,N,VIIRS_NOAA20_NRT,,
23.75394,85.85365,317.72,0.4,0.37,2026-09-14,1955,N20,VIIRS,n,2.0NRT,293.46,2.35,N,VIIRS_NOAA20_NRT,,
23.75449,86.39904,307.26,0.39,0.36,2026-09-14,1955,N20,VIIRS,n,2.0NRT,293.2,0.91,N,VIIRS_NOAA20_NRT,,
23.75691,86.40297,321.75,0.39,0.36,2026-09-14,1955,N20,VIIRS,n,2.0NRT,293.87,1.87,N,VIIRS_NOAA20_NRT,,
23.7573,85.85424,314.51,0.4,0.37,2026-09-14,1955,N20,VIIRS,n,2.0NRT,293.7,1.33,N,VIIRS_NOAA20_NRT,,
23.75787,85.85034,308.18,0.4,0.37,2026-09-14,1955,N20,VIIRS,n,2.0NRT,291.82,0.86,N,VIIRS_NOAA20_NRT,,
23.76023,86.40357,319.17,0.39,0.36,2026-09-14,1955,N20,VIIRS,n,2.0NRT,293.83,1.87,N,VIIRS_NOAA20_NRT,,
23.76066,85.85484,306.9,0.4,0.37,2026-09-14,1955,N20,VIIRS,n,2.0NRT,292.44,1.33,N,VIIRS_NOAA20_NRT,,
23.76081,86.39976,325.42,0.39,0.36,2026-09-14,1955,N20,VIIRS,n,2.0NRT,293.71,1.87,N,VIIRS_NOAA20_NRT,,
23.76355,86.40417,338.04,0.39,0.36,2026-09-14,1955,N20,VIIRS,n,2.0NRT,294.84,2.35,N,VIIRS_NOAA20_NRT,,
23.76413,86.40035,310.36,0.39,0.36,2026-09-14,1955,N20,VIIRS,n,2.0NRT,293.19,2.35,N,VIIRS_NOAA20_NRT,,
23.76528,86.39273,314.76,0.39,0.36,2026-09-14,1955,N20,VIIRS,n,2.0NRT,295.37,3.31,N,VIIRS_NOAA20_NRT,,
23.76687,86.40476,332.1,0.39,0.36,2026-09-14,1955,N20,VIIRS,n,2.0NRT,294.83,2.35,N,VIIRS_NOAA20_NRT,,
23.76745,86.40095,316.26,0.39,0.36,2026-09-14,1955,N20,VIIRS,n,2.0NRT,294.47,2.35,N,VIIRS_NOAA20_NRT,,
23.77077,86.40155,312.71,0.39,0.36,2026-09-14,1955,N20,VIIRS,n,2.0NRT,293.23,1.38,N,VIIRS_NOAA20_NRT,,
23.77131,86.19798,317.14,0.39,0.36,2026-09-14,1955,N20,VIIRS,n,2.0NRT,293.08,1.84,N,VIIRS_NOAA20_NRT,,
23.77189,86.19415,308.28,0.39,0.36,2026-09-14,1955,N20,VIIRS,n,2.0NRT,292.69,1.48,N,VIIRS_NOAA20_NRT,,
23.77294,86.40977,309.0,0.39,0.36,2026-09-14,1955,N20,VIIRS,n,2.0NRT,292.96,0.66,N,VIIRS_NOAA20_NRT,,
23.77319,86.36283,334.23,0.39,0.36,2026-09-14,1955,N20,VIIRS,n,2.0NRT,293.97,3.83,N,VIIRS_NOAA20_NRT,,
23.77405,85.99674,308.69,0.4,0.37,2026-09-14,1955,N20,VIIRS,n,2.0NRT,292.34,1.17,N,VIIRS_NOAA20_NRT,,
23.77522,86.19475,315.16,0.39,0.36,2026-09-14,1955,N20,VIIRS,n,2.0NRT,293.06,1.36,N,VIIRS_NOAA20_NRT,,
23.77623,86.21069,310.68,0.39,0.36,2026-09-14,1955,N20,VIIRS,n,2.0NRT,294.24,1.49,N,VIIRS_NOAA20_NRT,,
23.77639,86.38692,316.73,0.39,0.36,2026-09-14,1955,N20,VIIRS,n,2.0NRT,294.25,2.17,N,VIIRS_NOAA20_NRT,,
23.77651,86.36343,317.2,0.39,0.36,2026-09-14,1955,N20,VIIRS,n,2.0NRT,293.75,1.63,N,VIIRS_NOAA20_NRT,,
23.77681,86.20685,311.48,0.39,0.36,2026-09-14,1955,N20,VIIRS,n,2.0NRT,294.24,1.49,N,VIIRS_NOAA20_NRT,,
23.7788,86.34817,309.4,0.39,0.36,2026-09-14,1955,N20,VIIRS,n,2.0NRT,292.81,0.6,N,VIIRS_NOAA20_NRT,,
23.77883,86.14807,314.52,0.39,0.37,2026-09-14,1955,N20,VIIRS,n,2.0NRT,291.84,1.24,N,VIIRS_NOAA20_NRT,,
23.77913,86.39132,317.46,0.39,0.36,2026-09-14,1955,N20,VIIRS,n,2.0NRT,294.6,1.92,N,VIIRS_NOAA20_NRT,,
23.77956,86.2113,340.95,0.39,0.36,2026-09-14,1955,N20,VIIRS,n,2.0NRT,294.94,3.63,N,VIIRS_NOAA20_NRT,,
23.77971,86.38751,331.25,0.39,0.36,2026-09-14,1955,N20,VIIRS,n,2.0NRT,294.41,1.92,N,VIIRS_NOAA20_NRT,,
23.78014,86.20746,315.05,0.39,0.36,2026-09-14,1955,N20,VIIRS,n,2.0NRT,293.98,3.63,N,VIIRS_NOAA20_NRT,,
23.78057,85.57623,307.42,0.41,0.37,2026-09-14,1955,N20,VIIRS,n,2.0NRT,293.51,1.06,N,VIIRS_NOAA20_NRT,,
23.78201,86.37225,315.51,0.39,0.36,2026-09-14,1955,N20,VIIRS,n,2.0NRT,293.27,1.36,N,VIIRS_NOAA20_NRT,,
23.78213,86.34876,308.77,0.39,0.36,2026-09-14,1955,N20,VIIRS,n,2.0NRT,292.96,0.6,N,VIIRS_NOAA20_NRT,,
23.78246,86.39192,309.95,0.39,0.36,2026-09-14,1955,N20,VIIRS,n,2.0NRT,293.99,1.92,N,VIIRS_NOAA20_NRT,,
23.78328,86.34113,308.32,0.39,0.36,2026-09-14,1955,N20,VIIRS,n,2.0NRT,293.28,1.61,N,VIIRS_NOAA20_NRT,,
23.784,85.55246,304.3,0.41,0.37,2026-09-14,1955,N20,VIIRS,n,2.0NRT,291.41,0.58,N,VIIRS_NOAA20_NRT,,
23.78739,85.55305,318.04,0.41,0.37,2026-09-14,1955,N20,VIIRS,n,2.0NRT,292.33,1.63,N,VIIRS_NOAA20_NRT,,
23.79153,86.35437,308.16,0.39,0.36,2026-09-14,1955,N20,VIIRS,n,2.0NRT,293.3,1.21,N,VIIRS_NOAA20_NRT,,
23.79485,86.35497,308.51,0.39,0.36,2026-09-14,1955,N20,VIIRS,n,2.0NRT,293.23,1.21,N,VIIRS_NOAA20_NRT,,
23.79521,86.28439,306.75,0.39,0.36,2026-09-14,1955,N20,VIIRS,n,2.0NRT,292.88,1.3,N,VIIRS_NOAA20_NRT,,
23.79543,86.35114,322.88,0.39,0.36,2026-09-14,1955,N20,VIIRS,n,2.0NRT,293.57,1.21,N,VIIRS_NOAA20_NRT,,
23.796,86.23342,311.17,0.39,0.36,2026-09-14,1955,N20,VIIRS,n,2.0NRT,293.03,1.25,N,VIIRS_NOAA20_NRT,,
23.79933,86.34792,309.7,0.39,0.36,2026-09-14,1955,N20,VIIRS,n,2.0NRT,293.7,1.18,N,VIIRS_NOAA20_NRT,,
23.80162,86.33266,309.54,0.39,0.36,2026-09-14,1955,N20,VIIRS,n,2.0NRT,293.19,2.56,N,VIIRS_NOAA20_NRT,,
23.8022,86.32884,334.46,0.39,0.36,2026-09-14,1955,N20,VIIRS,n,2.0NRT,294.68,2.56,N,VIIRS_NOAA20_NRT,,
23.80277,86.32502,308.2,0.39,0.36,2026-09-14,1955,N20,VIIRS,n,2.0NRT,293.45,1.53,N,VIIRS_NOAA20_NRT,,
23.80335,86.32118,317.25,0.39,0.36,2026-09-14,1955,N20,VIIRS,n,2.0NRT,293.07,1.53,N,VIIRS_NOAA20_NRT,,
23.80552,86.32944,328.77,0.39,0.36,2026-09-14,1955,N20,VIIRS,n,2.0NRT,295.72,2.56,N,VIIRS_NOAA20_NRT,,
23.80577,86.64161,307.39,0.39,0.36,2026-09-14,1955,N20,VIIRS,n,2.0NRT,292.81,0.55,N,VIIRS_NOAA20_NRT,,
23.82372,85.49413,305.46,0.41,0.37,2026-09-14,1955,N20,VIIRS,n,2.0NRT,292.13,1.13,N,VIIRS_NOAA20_NRT,,
23.82654,85.49871,306.58,0.41,0.37,2026-09-14,1955,N20,VIIRS,n,2.0NRT,292.63,1.13,N,VIIRS_NOAA20_NRT,,
23.82684,84.93796,305.16,0.43,0.38,2026-09-14,1955,N20,VIIRS,n,2.0NRT,291.88,0.95,N,VIIRS_NOAA20_NRT,,
23.82831,84.5709,306.56,0.44,0.38,2026-09-14,1955,N20,VIIRS,n,2.0NRT,288.12,0.4,N,VIIRS_NOAA20_NRT,,
23.83739,85.47194,307.75,0.41,0.37,2026-09-14,1955,N20,VIIRS,n,2.0NRT,291.56,0.79,N,VIIRS_NOAA20_NRT,,
23.83796,85.46795,308.0,0.41,0.37,2026-09-14,1955,N20,VIIRS,n,2.0NRT,293.33,1.15,N,VIIRS_NOAA20_NRT,,
23.83949,84.94859,306.99,0.42,0.38,2026-09-14,1955,N20,VIIRS,n,2.0NRT,291.19,1.16,N,VIIRS_NOAA20_NRT,,
24.1155,86.8586,321.82,0.39,0.36,2026-09-14,1955,N20,VIIRS,n,2.0NRT,293.63,2.33,N,VIIRS_NOAA20_NRT,,
24.11783,86.35113,307.69,0.39,0.36,2026-09-14,1955,N20,VIIRS,n,2.0NRT,292.63,0.68,N,VIIRS_NOAA20_NRT,,
24.12174,86.8633,308.29,0.39,0.36,2026-09-14,1955,N20,VIIRS,n,2.0NRT,292.29,0.32,N,VIIRS_NOAA20_NRT,,
24.18168,82.66037,307.43,0.54,0.42,2026-09-14,1955,N20,VIIRS,n,2.0NRT,290.96,1.79,N,VIIRS_NOAA20_NRT,,
24.19838,82.71709,314.81,0.54,0.42,2026-09-14,1955,N20,VIIRS,n,2.0NRT,290.88,2.27,N,VIIRS_NOAA20_NRT,,
24.92374,84.15817,307.1,0.47,0.39,2026-09-14,1955,N20,VIIRS,n,2.0NRT,292.25,1.06,N,VIIRS_NOAA20_NRT,,
24.92924,84.14492,307.38,0.47,0.4,2026-09-14,1955,N20,VIIRS,n,2.0NRT,292.36,1.23,N,VIIRS_NOAA20_NRT,,
25.03652,87.3879,304.7,0.38,0.36,2026-09-14,1955,N20,VIIRS,n,2.0NRT,289.17,0.82,N,VIIRS_NOAA20_NRT,,
25.47734,94.44224,298.62,0.45,0.47,2026-09-14,1955,N20,VIIRS,n,2.0NRT,282.46,0.64,N,VIIRS_NOAA20_NRT,,
25.54233,91.23698,300.63,0.46,0.39,2026-09-14,1955,N20,VIIRS,n,2.0NRT,281.36,0.6,N,VIIRS_NOAA20_NRT,,
25.57481,92.52072,308.61,0.53,0.42,2026-09-14,1955,N20,VIIRS,n,2.0NRT,280.78,2.01,N,VIIRS_NOAA20_NRT,,
25.81141,88.88337,305.47,0.39,0.36,2026-09-14,1955,N20,VIIRS,n,2.0NRT,291.54,0.24,N,VIIRS_NOAA20_NRT,,
26.64508,79.47594,305.63,0.6,0.53,2026-09-14,1955,N20,VIIRS,n,2.0NRT,288.76,1.62,N,VIIRS_NOAA20_NRT,,
28.34835,77.23116,304.86,0.43,0.62,2026-09-14,1955,N20,VIIRS,n,2.0NRT,289.98,1.35,N,VIIRS_NOAA20_NRT,,
28.3487,77.22671,305.14,0.43,0.62,2026-09-14,1955,N20,VIIRS,n,2.0NRT,289.95,1.16,N,VIIRS_NOAA20_NRT,,
28.34993,77.22858,313.44,0.43,0.62,2026-09-14,1955,N20,VIIRS,n,2.0NRT,290.17,1.34,N,VIIRS_NOAA20_NRT,,
28.37349,77.22219,309.57,0.43,0.62,2026-09-14,1955,N20,VIIRS,n,2.0NRT,290.31,1.02,N,VIIRS_NOAA20_NRT,,
28.70955,76.85361,304.59,0.46,0.64,2026-09-14,1955,N20,VIIRS,n,2.0NRT,289.47,0.7,N,VIIRS_NOAA20_NRT,,
28.74599,76.92405,307.18,0.46,0.63,2026-09-14,1955,N20,VIIRS,n,2.0NRT,289.64,0.94,N,VIIRS_NOAA20_NRT,,
28.89683,78.85297,306.34,0.35,0.57,2026-09-14,1955,N20,VIIRS,n,2.0NRT,289.13,0.69,N,VIIRS_NOAA20_NRT,,
29.22365,88.34803,301.3,0.39,0.36,2026-09-14,1955,N20,VIIRS,n,2.0NRT,279.42,0.75,N,VIIRS_NOAA20_NRT,,
17.0629,76.97771,306.95,0.33,0.55,2026-09-14,1957,N20,VIIRS,n,2.0NRT,289.9,1.04,N,VIIRS_NOAA20_NRT,,
17.60141,83.18453,330.48,0.44,0.38,2026-09-14,1957,N20,VIIRS,n,2.0NRT,292.66,4.94,N,VIIRS_NOAA20_NRT,,
17.60687,83.20081,305.2,0.44,0.38,2026-09-14,1957,N20,VIIRS,n,2.0NRT,292.07,0.81,N,VIIRS_NOAA20_NRT,,
20.76032,85.29698,323.5,0.4,0.37,2026-09-14,1957,N20,VIIRS,n,2.0NRT,292.77,2.56,N,VIIRS_NOAA20_NRT,,
20.76089,85.29318,317.12,0.4,0.37,2026-09-14,1957,N20,VIIRS,n,2.0NRT,292.47,1.32,N,VIIRS_NOAA20_NRT,,
20.78483,85.26149,307.46,0.4,0.37,2026-09-14,1957,N20,VIIRS,n,2.0NRT,291.98,1.44,N,VIIRS_NOAA20_NRT,,
20.78762,85.26586,316.03,0.4,0.37,2026-09-14,1957,N20,VIIRS,n,2.0NRT,292.35,1.44,N,VIIRS_NOAA20_NRT,,
20.78874,85.25827,307.28,0.4,0.37,2026-09-14,1957,N20,VIIRS,n,2.0NRT,291.75,1.05,N,VIIRS_NOAA20_NRT,,
20.79266,85.25506,315.6,0.4,0.37,2026-09-14,1957,N20,VIIRS,n,2.0NRT,292.19,2.89,N,VIIRS_NOAA20_NRT,,
20.79322,85.25127,319.02,0.4,0.37,2026-09-14,1957,N20,VIIRS,n,2.0NRT,291.45,1.0,N,VIIRS_NOAA20_NRT,,
20.79658,85.25183,306.3,0.4,0.37,2026-09-14,1957,N20,VIIRS,n,2.0NRT,291.47,1.0,N,VIIRS_NOAA20_NRT,,
20.7988,85.25999,318.82,0.4,0.37,2026-09-14,1957,N20,VIIRS,n,2.0NRT,291.66,1.86,N,VIIRS_NOAA20_NRT,,
20.80607,85.25732,325.35,0.4,0.37,2026-09-14,1957,N20,VIIRS,n,2.0NRT,292.97,1.41,N,VIIRS_NOAA20_NRT,,
20.80943,85.25788,306.17,0.4,0.37,2026-09-14,1957,N20,VIIRS,n,2.0NRT,291.78,1.41,N,VIIRS_NOAA20_NRT,,
20.86321,84.98853,314.15,0.4,0.37,2026-09-14,1957,N20,VIIRS,n,2.0NRT,292.33,1.92,N,VIIRS_NOAA20_NRT,,
20.86601,84.99296,325.2,0.4,0.37,2026-09-14,1957,N20,VIIRS,n,2.0NRT,291.98,4.01,N,VIIRS_NOAA20_NRT,,
20.86658,84.98912,308.61,0.4,0.37,2026-09-14,1957,N20,VIIRS,n,2.0NRT,291.57,1.57,N,VIIRS_NOAA20_NRT,,
20.88519,84.98035,311.31,0.4,0.37,2026-09-14,1957,N20,VIIRS,n,2.0NRT,291.78,2.19,N,VIIRS_NOAA20_NRT,,
20.88857,84.98091,332.37,0.4,0.37,2026-09-14,1957,N20,VIIRS,n,2.0NRT,292.17,3.79,N,VIIRS_NOAA20_NRT,,
20.8987,84.98262,313.29,0.4,0.37,2026-09-14,1957,N20,VIIRS,n,2.0NRT,291.32,1.12,N,VIIRS_NOAA20_NRT,,
20.95106,86.04834,333.37,0.39,0.36,2026-09-14,1957,N20,VIIRS,n,2.0NRT,293.24,6.89,N,VIIRS_NOAA20_NRT,,
20.95163,86.04465,330.54,0.39,0.36,2026-09-14,1957,N20,VIIRS,n,2.0NRT,292.48,5.23,N,VIIRS_NOAA20_NRT,,
20.95462,85.01124,305.07,0.4,0.37,2026-09-14,1957,N20,VIIRS,n,2.0NRT,291.62,1.75,N,VIIRS_NOAA20_NRT,,
20.958,85.0118,309.82,0.4,0.37,2026-09-14,1957,N20,VIIRS,n,2.0NRT,292.17,2.15,N,VIIRS_NOAA20_NRT,,
20.96159,85.17394,312.88,0.4,0.37,2026-09-14,1957,N20,VIIRS,n,2.0NRT,291.7,1.28,N,VIIRS_NOAA20_NRT,,
20.96267,85.18979,329.2,0.4,0.37,2026-09-14,1957,N20,VIIRS,n,2.0NRT,293.64,3.62,N,VIIRS_NOAA20_NRT,,
20.96324,85.18597,330.91,0.4,0.37,2026-09-14,1957,N20,VIIRS,n,2.0NRT,292.76,2.77,N,VIIRS_NOAA20_NRT,,
20.96381,85.18216,309.96,0.4,0.37,2026-09-14,1957,N20,VIIRS,n,2.0NRT,292.21,2.77,N,VIIRS_NOAA20_NRT,,
20.96428,86.05065,309.2,0.39,0.36,2026-09-14,1957,N20,VIIRS,n,2.0NRT,292.58,2.66,N,VIIRS_NOAA20_NRT,,
20.96438,85.17833,308.22,0.4,0.37,2026-09-14,1957,N20,VIIRS,n,2.0NRT,292.37,1.28,N,VIIRS_NOAA20_NRT,,
20.96495,85.17451,311.57,0.4,0.37,2026-09-14,1957,N20,VIIRS,n,2.0NRT,292.3,1.28,N,VIIRS_NOAA20_NRT,,
20.96603,85.19035,314.0,0.4,0.37,2026-09-14,1957,N20,VIIRS,n,2.0NRT,291.93,1.68,N,VIIRS_NOAA20_NRT,,
20.96832,85.17507,340.1,0.4,0.37,2026-09-14,1957,N20,VIIRS,n,2.0NRT,292.93,3.45,N,VIIRS_NOAA20_NRT,,
20.96839,85.15151,306.13,0.4,0.37,2026-09-14,1957,N20,VIIRS,n,2.0NRT,292.49,1.45,N,VIIRS_NOAA20_NRT,,
20.96885,86.02109,312.1,0.39,0.36,2026-09-14,1957,N20,VIIRS,n,2.0NRT,291.6,2.59,N,VIIRS_NOAA20_NRT,,
20.96889,85.17123,308.91,0.4,0.37,2026-09-14,1957,N20,VIIRS,n,2.0NRT,291.89,2.81,N,VIIRS_NOAA20_NRT,,
20.97168,85.17564,319.94,0.4,0.37,2026-09-14,1957,N20,VIIRS,n,2.0NRT,292.65,3.45,N,VIIRS_NOAA20_NRT,,
20.97171,86.0026,321.83,0.39,0.36,2026-09-14,1957,N20,VIIRS,n,2.0NRT,293.14,4.13,N,VIIRS_NOAA20_NRT,,
20.97445,86.00687,317.82,0.39,0.36,2026-09-14,1957,N20,VIIRS,n,2.0NRT,292.46,1.83,N,VIIRS_NOAA20_NRT,,
20.97562,85.17236,318.63,0.4,0.37,2026-09-14,1957,N20,VIIRS,n,2.0NRT,292.25,2.05,N,VIIRS_NOAA20_NRT,,
20.97619,85.16854,316.16,0.4,0.37,2026-09-14,1957,N20,VIIRS,n,2.0NRT,292.24,2.05,N,VIIRS_NOAA20_NRT,,
20.99771,86.01077,313.11,0.39,0.36,2026-09-14,1957,N20,VIIRS,n,2.0NRT,291.88,2.37,N,VIIRS_NOAA20_NRT,,
21.00206,86.02672,320.36,0.39,0.36,2026-09-14,1957,N20,VIIRS,n,2.0NRT,292.2,2.44,N,VIIRS_NOAA20_NRT,,
21.07247,85.04134,311.08,0.4,0.37,2026-09-14,1957,N20,VIIRS,n,2.0NRT,291.78,1.45,N,VIIRS_NOAA20_NRT,,
21.07413,85.05354,310.03,0.4,0.37,2026-09-14,1957,N20,VIIRS,n,2.0NRT,291.65,1.92,N,VIIRS_NOAA20_NRT,,
21.07527,85.04578,306.56,0.4,0.37,2026-09-14,1957,N20,VIIRS,n,2.0NRT,291.78,1.05,N,VIIRS_NOAA20_NRT,,
21.07584,85.04191,312.61,0.4,0.37,2026-09-14,1957,N20,VIIRS,n,2.0NRT,291.77,1.05,N,VIIRS_NOAA20_NRT,,
21.07642,85.03804,317.39,0.4,0.37,2026-09-14,1957,N20,VIIRS,n,2.0NRT,293.63,1.8,N,VIIRS_NOAA20_NRT,,
21.07922,85.04247,307.88,0.4,0.37,2026-09-14,1957,N20,VIIRS,n,2.0NRT,292.28,1.05,N,VIIRS_NOAA20_NRT,,
21.07979,85.0386,311.24,0.4,0.37,2026-09-14,1957,N20,VIIRS,n,2.0NRT,292.75,1.8,N,VIIRS_NOAA20_NRT,,
21.08037,85.03474,317.15,0.4,0.37,2026-09-14,1957,N20,VIIRS,n,2.0NRT,293.78,1.8,N,VIIRS_NOAA20_NRT,,
21.17941,81.38498,337.67,0.39,0.44,2026-09-14,1957,N20,VIIRS,n,2.0NRT,290.85,4.27,N,VIIRS_NOAA20_NRT,,
21.18344,81.38557,315.64,0.39,0.44,2026-09-14,1957,N20,VIIRS,n,2.0NRT,291.27,2.33,N,VIIRS_NOAA20_NRT,,
21.19571,81.41805,310.42,0.39,0.44,2026-09-14,1957,N20,VIIRS,n,2.0NRT,290.04,1.33,N,VIIRS_NOAA20_NRT,,
21.19675,81.41791,311.62,0.39,0.44,2026-09-14,1957,N20,VIIRS,n,2.0NRT,289.96,1.38,N,VIIRS_NOAA20_NRT,,
21.29738,81.60661,315.02,0.38,0.43,2026-09-14,1957,N20,VIIRS,n,2.0NRT,290.59,2.23,N,VIIRS_NOAA20_NRT,,
21.31166,81.58982,303.83,0.38,0.44,2026-09-14,1957,N20,VIIRS,n,2.0NRT,289.17,1.17,N,VIIRS_NOAA20_NRT,,
21.37123,81.68391,306.82,0.57,0.43,2026-09-14,1957,N20,VIIRS,n,2.0NRT,291.46,2.07,N,VIIRS_NOAA20_NRT,,
21.37296,81.68235,306.04,0.57,0.43,2026-09-14,1957,N20,VIIRS,n,2.0NRT,291.5,1.84,N,VIIRS_NOAA20_NRT,,
21.37588,81.67898,311.42,0.57,0.43,2026-09-14,1957,N20,VIIRS,n,2.0NRT,292.28,2.07,N,VIIRS_NOAA20_NRT,,
21.37765,81.67741,305.83,0.57,0.43,2026-09-14,1957,N20,VIIRS,n,2.0NRT,290.71,1.91,N,VIIRS_NOAA20_NRT,,
21.37986,81.67954,305.46,0.57,0.43,2026-09-14,1957,N20,VIIRS,n,2.0NRT,290.89,2.03,N,VIIRS_NOAA20_NRT,,
21.4859,81.76768,308.17,0.57,0.43,2026-09-14,1957,N20,VIIRS,n,2.0NRT,291.65,1.39,N,VIIRS_NOAA20_NRT,,
21.48854,81.76844,308.62,0.57,0.43,2026-09-14,1957,N20,VIIRS,n,2.0NRT,291.44,1.52,N,VIIRS_NOAA20_NRT,,
21.67317,82.07784,309.77,0.55,0.42,2026-09-14,1957,N20,VIIRS,n,2.0NRT,291.87,1.75,N,VIIRS_NOAA20_NRT,,
21.679,84.04017,309.05,0.44,0.38,2026-09-14,1957,N20,VIIRS,n,2.0NRT,293.21,1.62,N,VIIRS_NOAA20_NRT,,
21.68252,84.04074,312.44,0.44,0.38,2026-09-14,1957,N20,VIIRS,n,2.0NRT,293.15,1.89,N,VIIRS_NOAA20_NRT,,
21.6984,84.03032,305.8,0.44,0.38,2026-09-14,1957,N20,VIIRS,n,2.0NRT,292.25,1.07,N,VIIRS_NOAA20_NRT,,
21.71478,84.04164,307.49,0.44,0.38,2026-09-14,1957,N20,VIIRS,n,2.0NRT,292.62,1.39,N,VIIRS_NOAA20_NRT,,
21.71542,84.03973,308.17,0.44,0.38,2026-09-14,1957,N20,VIIRS,n,2.0NRT,292.39,1.18,N,VIIRS_NOAA20_NRT,,
21.73892,83.84233,309.4,0.45,0.39,2026-09-14,1957,N20,VIIRS,n,2.0NRT,293.58,1.77,N,VIIRS_NOAA20_NRT,,
21.73983,83.84025,310.81,0.45,0.39,2026-09-14,1957,N20,VIIRS,n,2.0NRT,293.84,1.87,N,VIIRS_NOAA20_NRT,,
21.74247,83.84288,317.88,0.45,0.39,2026-09-14,1957,N20,VIIRS,n,2.0NRT,293.74,1.77,N,VIIRS_NOAA20_NRT,,
21.74338,83.84081,315.87,0.45,0.39,2026-09-14,1957,N20,VIIRS,n,2.0NRT,293.64,1.87,N,VIIRS_NOAA20_NRT,,
21.74603,83.84344,328.95,0.45,0.39,2026-09-14,1957,N20,VIIRS,n,2.0NRT,293.42,3.06,N,VIIRS_NOAA20_NRT,,
21.74958,83.84399,331.07,0.45,0.39,2026-09-14,1957,N20,VIIRS,n,2.0NRT,293.84,3.06,N,VIIRS_NOAA20_NRT,,
21.75017,83.83968,306.34,0.45,0.39,2026-09-14,1957,N20,VIIRS,n,2.0NRT,292.81,3.06,N,VIIRS_NOAA20_NRT,,
21.75372,83.84024,306.48,0.45,0.39,2026-09-14,1957,N20,VIIRS,n,2.0NRT,292.41,2.04,N,VIIRS_NOAA20_NRT,,
21.75669,83.84512,320.84,0.45,0.39,2026-09-14,1957,N20,VIIRS,n,2.0NRT,293.58,2.04,N,VIIRS_NOAA20_NRT,,
21.76024,83.84568,309.99,0.45,0.39,2026-09-14,1957,N20,VIIRS,n,2.0NRT,292.59,1.42,N,VIIRS_NOAA20_NRT,,
21.76083,83.84135,312.65,0.45,0.39,2026-09-14,1957,N20,VIIRS,n,2.0NRT,292.77,1.42,N,VIIRS_NOAA20_NRT,,
21.76122,84.02117,306.64,0.44,0.38,2026-09-14,1957,N20,VIIRS,n,2.0NRT,293.38,2.16,N,VIIRS_NOAA20_NRT,,
21.7632,83.85056,318.57,0.45,0.39,2026-09-14,1957,N20,VIIRS,n,2.0NRT,293.51,2.77,N,VIIRS_NOAA20_NRT,,
21.76379,83.84625,317.01,0.45,0.39,2026-09-14,1957,N20,VIIRS,n,2.0NRT,292.85,1.42,N,VIIRS_NOAA20_NRT,,
21.76534,84.01748,314.91,0.44,0.38,2026-09-14,1957,N20,VIIRS,n,2.0NRT,293.34,2.19,N,VIIRS_NOAA20_NRT,,
21.76617,85.57978,306.27,0.4,0.37,2026-09-14,1957,N20,VIIRS,n,2.0NRT,291.69,0.73,N,VIIRS_NOAA20_NRT,,
21.76887,84.01805,312.64,0.44,0.38,2026-09-14,1957,N20,VIIRS,n,2.0NRT,293.55,2.19,N,VIIRS_NOAA20_NRT,,
21.79509,83.88219,309.68,0.45,0.39,2026-09-14,1957,N20,VIIRS,n,2.0NRT,292.44,1.47,N,VIIRS_NOAA20_NRT,,
21.79864,83.88277,306.3,0.45,0.39,2026-09-14,1957,N20,VIIRS,n,2.0NRT,292.48,1.7,N,VIIRS_NOAA20_NRT,,
21.80175,82.03972,308.15,0.55,0.43,2026-09-14,1957,N20,VIIRS,n,2.0NRT,291.25,1.26,N,VIIRS_NOAA20_NRT,,
21.81893,83.99564,306.23,0.44,0.39,2026-09-14,1957,N20,VIIRS,n,2.0NRT,292.12,1.04,N,VIIRS_NOAA20_NRT,,
21.82246,83.99621,306.44,0.44,0.39,2026-09-14,1957,N20,VIIRS,n,2.0NRT,292.41,1.04,N,VIIRS_NOAA20_NRT,,
21.85909,83.96539,313.58,0.44,0.39,2026-09-14,1957,N20,VIIRS,n,2.0NRT,293.0,1.54,N,VIIRS_NOAA20_NRT,,
21.87725,83.55487,309.87,0.46,0.39,2026-09-14,1957,N20,VIIRS,n,2.0NRT,292.59,1.36,N,VIIRS_NOAA20_NRT,,
21.87811,83.49553,309.72,0.47,0.39,2026-09-14,1957,N20,VIIRS,n,2.0NRT,292.47,1.65,N,VIIRS_NOAA20_NRT,,
21.8785,83.54595,305.78,0.46,0.39,2026-09-14,1957,N20,VIIRS,n,2.0NRT,292.69,1.09,N,VIIRS_NOAA20_NRT,,
21.92039,83.35188,325.68,0.47,0.4,2026-09-14,1957,N20,VIIRS,n,2.0NRT,294.63,2.56,N,VIIRS_NOAA20_NRT,,
21.92058,83.34965,335.26,0.47,0.4,2026-09-14,1957,N20,VIIRS,n,2.0NRT,295.1,5.93,N,VIIRS_NOAA20_NRT,,
21.92099,83.34732,316.38,0.47,0.4,2026-09-14,1957,N20,VIIRS,n,2.0NRT,293.21,2.56,N,VIIRS_NOAA20_NRT,,
21.92403,83.35246,313.35,0.47,0.4,2026-09-14,1957,N20,VIIRS,n,2.0NRT,293.26,2.56,N,VIIRS_NOAA20_NRT,,
21.92414,85.22384,314.86,0.4,0.37,2026-09-14,1957,N20,VIIRS,n,2.0NRT,292.03,2.01,N,VIIRS_NOAA20_NRT,,
21.92586,83.33874,321.4,0.47,0.4,2026-09-14,1957,N20,VIIRS,n,2.0NRT,293.92,3.59,N,VIIRS_NOAA20_NRT,,
21.93147,85.22112,313.03,0.4,0.37,2026-09-14,1957,N20,VIIRS,n,2.0NRT,291.56,1.1,N,VIIRS_NOAA20_NRT,,
21.95358,83.80848,305.9,0.45,0.39,2026-09-14,1957,N20,VIIRS,n,2.0NRT,292.02,0.98,N,VIIRS_NOAA20_NRT,,
21.95369,83.78178,309.99,0.45,0.39,2026-09-14,1957,N20,VIIRS,n,2.0NRT,292.49,1.38,N,VIIRS_NOAA20_NRT,,
21.96464,83.77308,306.16,0.45,0.39,2026-09-14,1957,N20,VIIRS,n,2.0NRT,293.08,1.16,N,VIIRS_NOAA20_NRT,,
21.96761,85.3142,304.0,0.4,0.37,2026-09-14,1957,N20,VIIRS,n,2.0NRT,291.42,0.69,N,VIIRS_NOAA20_NRT,,
21.98517,83.23044,316.14,0.48,0.4,2026-09-14,1957,N20,VIIRS,n,2.0NRT,292.8,2.18,N,VIIRS_NOAA20_NRT,,
22.00541,82.67143,310.61,0.51,0.41,2026-09-14,1957,N20,VIIRS,n,2.0NRT,291.91,3.11,N,VIIRS_NOAA20_NRT,,
22.00583,82.66965,314.88,0.51,0.41,2026-09-14,1957,N20,VIIRS,n,2.0NRT,292.03,3.93,N,VIIRS_NOAA20_NRT,,
22.01469,83.75424,315.25,0.46,0.39,2026-09-14,1957,N20,VIIRS,n,2.0NRT,292.93,1.78,N,VIIRS_NOAA20_NRT,,
22.03081,83.74337,309.52,0.46,0.39,2026-09-14,1957,N20,VIIRS,n,2.0NRT,292.12,0.95,N,VIIRS_NOAA20_NRT,,
22.03919,83.73569,307.05,0.46,0.39,2026-09-14,1957,N20,VIIRS,n,2.0NRT,293.07,2.36,N,VIIRS_NOAA20_NRT,,
22.0398,83.73129,334.31,0.46,0.39,2026-09-14,1957,N20,VIIRS,n,2.0NRT,294.63,2.36,N,VIIRS_NOAA20_NRT,,
22.03989,83.35033,311.91,0.47,0.4,2026-09-14,1957,N20,VIIRS,n,2.0NRT,292.2,1.67,N,VIIRS_NOAA20_NRT,,
22.06559,83.70383,314.8,0.46,0.39,2026-09-14,1957,N20,VIIRS,n,2.0NRT,291.96,1.32,N,VIIRS_NOAA20_NRT,,
22.20306,84.57677,307.66,0.42,0.38,2026-09-14,1957,N20,VIIRS,n,2.0NRT,291.53,1.19,N,VIIRS_NOAA20_NRT,,
22.20712,84.5481,305.27,0.43,0.38,2026-09-14,1957,N20,VIIRS,n,2.0NRT,291.09,0.82,N,VIIRS_NOAA20_NRT,,
22.20712,84.86789,307.25,0.42,0.37,2026-09-14,1957,N20,VIIRS,n,2.0NRT,292.01,1.35,N,VIIRS_NOAA20_NRT,,
22.20828,84.85986,310.24,0.42,0.37,2026-09-14,1957,N20,VIIRS,n,2.0NRT,292.15,2.01,N,VIIRS_NOAA20_NRT,,
22.21113,84.86445,323.91,0.42,0.37,2026-09-14,1957,N20,VIIRS,n,2.0NRT,292.17,2.01,N,VIIRS_NOAA20_NRT,,
22.21397,84.86902,312.16,0.42,0.37,2026-09-14,1957,N20,VIIRS,n,2.0NRT,291.6,2.11,N,VIIRS_NOAA20_NRT,,
22.21455,84.86501,307.16,0.42,0.37,2026-09-14,1957,N20,VIIRS,n,2.0NRT,291.8,1.62,N,VIIRS_NOAA20_NRT,,
22.32064,82.59141,315.68,0.52,0.42,2026-09-14,1957,N20,VIIRS,n,2.0NRT,291.49,3.31,N,VIIRS_NOAA20_NRT,,
22.33008,82.60823,305.54,0.52,0.42,2026-09-14,1957,N20,VIIRS,n,2.0NRT,291.09,1.94,N,VIIRS_NOAA20_NRT,,
22.33075,82.60315,310.23,0.52,0.42,2026-09-14,1957,N20,VIIRS,n,2.0NRT,291.05,1.94,N,VIIRS_NOAA20_NRT,,
22.33343,82.6058,306.22,0.52,0.42,2026-09-14,1957,N20,VIIRS,n,2.0NRT,291.17,0.76,N,VIIRS_NOAA20_NRT,,
22.35838,82.30328,326.57,0.54,0.42,2026-09-14,1957,N20,VIIRS,n,2.0NRT,292.14,3.74,N,VIIRS_NOAA20_NRT,,
13.16004,80.2841,310.74,0.54,0.42,2026-09-14,2000,N20,VIIRS,n,2.0NRT,289.18,1.93,N,VIIRS_NOAA20_NRT,,
13.16077,80.28572,305.87,0.54,0.42,2026-09-14,2000,N20,VIIRS,n,2.0NRT,290.26,1.03,N,VIIRS_NOAA20_NRT,,
13.39378,80.10087,305.5,0.56,0.43,2026-09-14,2000,N20,VIIRS,n,2.0NRT,289.29,0.99,N,VIIRS_NOAA20_NRT,,
13.71147,79.61788,308.68,0.4,0.45,2026-09-14,2000,N20,VIIRS,n,2.0NRT,290.63,1.61,N,VIIRS_NOAA20_NRT,,
14.99337,76.84843,304.31,0.32,0.54,2026-09-14,2000,N20,VIIRS,n,2.0NRT,292.48,0.33,N,VIIRS_NOAA20_NRT,,
15.01271,76.89837,304.88,0.63,0.54,2026-09-14,2000,N20,VIIRS,n,2.0NRT,292.04,1.33,N,VIIRS_NOAA20_NRT,,
15.023,78.01126,309.63,0.53,0.5,2026-09-14,2000,N20,VIIRS,n,2.0NRT,291.64,5.5,N,VIIRS_NOAA20_NRT,,
15.11007,76.80601,304.96,0.32,0.55,2026-09-14,2000,N20,VIIRS,n,2.0NRT,292.52,0.75,N,VIIRS_NOAA20_NRT,,
15.11075,76.8046,304.25,0.32,0.55,2026-09-14,2000,N20,VIIRS,n,2.0NRT,292.08,1.09,N,VIIRS_NOAA20_NRT,,
15.13698,76.70712,304.8,0.33,0.55,2026-09-14,2000,N20,VIIRS,n,2.0NRT,291.97,0.86,N,VIIRS_NOAA20_NRT,,
15.16838,76.37855,312.64,0.34,0.56,2026-09-14,2000,N20,VIIRS,n,2.0NRT,291.72,1.5,N,VIIRS_NOAA20_NRT,,
15.16967,76.37977,305.84,0.35,0.56,2026-09-14,2000,N20,VIIRS,n,2.0NRT,291.91,1.33,N,VIIRS_NOAA20_NRT,,
15.17004,76.37653,309.12,0.35,0.56,2026-09-14,2000,N20,VIIRS,n,2.0NRT,291.42,1.36,N,VIIRS_NOAA20_NRT,,
15.17071,76.68352,305.12,0.33,0.55,2026-09-14,2000,N20,VIIRS,n,2.0NRT,291.96,1.01,N,VIIRS_NOAA20_NRT,,
15.17437,76.65262,304.29,0.33,0.55,2026-09-14,2000,N20,VIIRS,n,2.0NRT,291.69,1.12,N,VIIRS_NOAA20_NRT,,
15.17524,76.37719,305.45,0.35,0.56,2026-09-14,2000,N20,VIIRS,n,2.0NRT,291.53,0.83,N,VIIRS_NOAA20_NRT,,
15.17911,76.6563,309.92,0.33,0.55,2026-09-14,2000,N20,VIIRS,n,2.0NRT,293.14,2.44,N,VIIRS_NOAA20_NRT,,
15.17948,76.65322,313.71,0.33,0.55,2026-09-14,2000,N20,VIIRS,n,2.0NRT,293.34,1.12,N,VIIRS_NOAA20_NRT,,
15.18201,76.67534,312.21,0.33,0.55,2026-09-14,2000,N20,VIIRS,n,2.0NRT,292.79,1.93,N,VIIRS_NOAA20_NRT,,
15.18311,76.66614,367.0,0.33,0.55,2026-09-14,2000,N20,VIIRS,h,2.0NRT,293.95,7.01,N,VIIRS_NOAA20_NRT,,
15.2271,76.76077,307.8,0.33,0.55,2026-09-14,2000,N20,VIIRS,n,2.0NRT,292.52,1.2,N,VIIRS_NOAA20_NRT,,
15.22818,76.76203,306.14,0.33,0.55,2026-09-14,2000,N20,VIIRS,n,2.0NRT,292.96,1.18,N,VIIRS_NOAA20_NRT,,
31.26199,76.92695,298.68,0.49,0.65,2026-09-14,2133,N20,VIIRS,n,2.0NRT,286.56,0.66,N,VIIRS_NOAA20_NRT,,
32.37965,72.13676,306.47,0.49,0.49,2026-09-14,2133,N20,VIIRS,n,2.0NRT,292.67,2.13,N,VIIRS_NOAA20_NRT,,
32.89085,71.61639,310.79,0.45,0.47,2026-09-14,2133,N20,VIIRS,n,2.0NRT,292.41,3.21,N,VIIRS_NOAA20_NRT,,
33.40903,71.93821,303.6,0.46,0.47,2026-09-14,2133,N20,VIIRS,n,2.0NRT,290.79,0.6,N,VIIRS_NOAA20_NRT,,
33.54659,71.55164,306.8,0.43,0.46,2026-09-14,2133,N20,VIIRS,n,2.0NRT,292.06,1.03,N,VIIRS_NOAA20_NRT,,
35.1719,73.26257,308.13,0.49,0.49,2026-09-14,2133,N20,VIIRS,n,2.0NRT,285.78,1.08,N,VIIRS_NOAA20_NRT,,
27.28814,73.83852,309.23,0.4,0.6,2026-09-14,2136,N20,VIIRS,n,2.0NRT,292.46,0.78,N,VIIRS_NOAA20_NRT,,
27.67011,76.13142,302.78,0.54,0.68,2026-09-14,2136,N20,VIIRS,n,2.0NRT,289.95,1.19,N,VIIRS_NOAA20_NRT,,
28.42591,69.69917,312.33,0.43,0.46,2026-09-14,2136,N20,VIIRS,n,2.0NRT,288.48,1.41,N,VIIRS_NOAA20_NRT,,
30.44533,70.56808,310.53,0.44,0.46,2026-09-14,2136,N20,VIIRS,n,2.0NRT,294.98,0.81,N,VIIRS_NOAA20_NRT,,
18.68981,73.04929,300.85,0.55,0.68,2026-09-14,2138,N20,VIIRS,n,2.0NRT,287.61,1.18,N,VIIRS_NOAA20_NRT,,
18.69143,73.03685,301.9,0.55,0.68,2026-09-14,2138,N20,VIIRS,n,2.0NRT,286.77,1.6,N,VIIRS_NOAA20_NRT,,
18.69209,73.03918,300.36,0.55,0.68,2026-09-14,2138,N20,VIIRS,n,2.0NRT,286.58,0.73,N,VIIRS_NOAA20_NRT,,
25.38876,68.58475,302.1,0.42,0.45,2026-09-14,2138,N20,VIIRS,n,2.0NRT,274.95,0.51,N,VIIRS_NOAA20_NRT,,
25.38959,68.58064,299.43,0.42,0.45,2026-09-14,2138,N20,VIIRS,n,2.0NRT,275.0,0.51,N,VIIRS_NOAA20_NRT,,
18.17067,96.48276,341.72,0.49,0.4,2026-09-15,707,N20,VIIRS,n,2.0NRT,286.18,5.7,D,VIIRS_NOAA20_NRT,,
18.26642,83.81508,340.96,0.33,0.56,2026-09-15,707,N20,VIIRS,n,2.0NRT,292.54,2.77,D,VIIRS_NOAA20_NRT,,
18.33665,83.59914,343.55,0.34,0.56,2026-09-15,707,N20,VIIRS,n,2.0NRT,292.3,3.31,D,VIIRS_NOAA20_NRT,,
20.79487,85.25347,339.81,0.48,0.48,2026-09-15,709,N20,VIIRS,n,2.0NRT,292.89,4.44,D,VIIRS_NOAA20_NRT,,
20.96461,85.18983,328.34,0.48,0.48,2026-09-15,709,N20,VIIRS,n,2.0NRT,295.73,6.03,D,VIIRS_NOAA20_NRT,,
20.96544,85.17064,329.06,0.48,0.48,2026-09-15,709,N20,VIIRS,n,2.0NRT,296.29,7.83,D,VIIRS_NOAA20_NRT,,
20.96633,85.17522,333.26,0.48,0.48,2026-09-15,709,N20,VIIRS,n,2.0NRT,296.79,5.32,D,VIIRS_NOAA20_NRT,,
20.96721,85.1798,329.22,0.48,0.48,2026-09-15,709,N20,VIIRS,n,2.0NRT,295.55,5.32,D,VIIRS_NOAA20_NRT,,
21.07578,85.03834,332.53,0.49,0.49,2026-09-15,709,N20,VIIRS,n,2.0NRT,297.75,9.68,D,VIIRS_NOAA20_NRT,,
21.07682,85.04054,328.42,0.49,0.49,2026-09-15,709,N20,VIIRS,n,2.0NRT,296.46,10.74,D,VIIRS_NOAA20_NRT,,
22.05166,88.12596,334.83,0.48,0.4,2026-09-15,709,N20,VIIRS,n,2.0NRT,303.46,5.39,D,VIIRS_NOAA20_NRT,,
22.36595,87.3029,331.71,0.52,0.41,2026-09-15,709,N20,VIIRS,n,2.0NRT,298.97,6.88,D,VIIRS_NOAA20_NRT,,
22.50912,96.6494,332.47,0.56,0.43,2026-09-15,709,N20,VIIRS,n,2.0NRT,296.04,5.4,D,VIIRS_NOAA20_NRT,,
23.64991,96.19326,330.81,0.54,0.42,2026-09-15,709,N20,VIIRS,l,2.0NRT,303.56,6.25,D,VIIRS_NOAA20_NRT,,
23.65745,94.19962,333.22,0.44,0.38,2026-09-15,709,N20,VIIRS,n,2.0NRT,298.54,4.14,D,VIIRS_NOAA20_NRT,,
23.68025,86.09666,340.72,0.57,0.43,2026-09-15,709,N20,VIIRS,n,2.0NRT,295.57,9.88,D,VIIRS_NOAA20_NRT,,
23.68293,86.39462,331.61,0.55,0.43,2026-09-15,709,N20,VIIRS,n,2.0NRT,299.09,9.82,D,VIIRS_NOAA20_NRT,,
23.75433,85.85395,331.1,0.39,0.44,2026-09-15,709,N20,VIIRS,n,2.0NRT,298.99,4.64,D,VIIRS_NOAA20_NRT,,
23.77818,86.21,330.69,0.56,0.43,2026-09-15,709,N20,VIIRS,n,2.0NRT,299.83,9.39,D,VIIRS_NOAA20_NRT,,
23.88021,89.10262,330.25,0.42,0.37,2026-09-15,709,N20,VIIRS,l,2.0NRT,303.26,5.2,D,VIIRS_NOAA20_NRT,,
24.14082,91.33749,333.21,0.38,0.36,2026-09-15,709,N20,VIIRS,l,2.0NRT,306.95,6.43,D,VIIRS_NOAA20_NRT,,
24.24245,90.39415,330.83,0.39,0.36,2026-09-15,709,N20,VIIRS,l,2.0NRT,303.26,4.28,D,VIIRS_NOAA20_NRT,,
24.31642,94.83137,332.8,0.47,0.4,2026-09-15,709,N20,VIIRS,n,2.0NRT,302.73,11.47,D,VIIRS_NOAA20_NRT,,
24.40702,96.22237,332.0,0.56,0.43,2026-09-15,709,N20,VIIRS,n,2.0NRT,294.09,5.35,D,VIIRS_NOAA20_NRT,,
26.18641,91.80682,334.02,0.39,0.36,2026-09-15,709,N20,VIIRS,n,2.0NRT,302.34,3.99,D,VIIRS_NOAA20_NRT,,
26.18697,91.81071,336.48,0.39,0.36,2026-09-15,709,N20,VIIRS,n,2.0NRT,302.57,3.37,D,VIIRS_NOAA20_NRT,,
10.94027,79.13068,337.5,0.42,0.61,2026-09-15,848,N20,VIIRS,n,2.0NRT,296.73,3.47,D,VIIRS_NOAA20_NRT,,
11.01853,79.29785,348.19,0.44,0.62,2026-09-15,848,N20,VIIRS,n,2.0NRT,294.42,3.96,D,VIIRS_NOAA20_NRT,,
13.64157,78.19299,333.21,0.4,0.6,2026-09-15,848,N20,VIIRS,n,2.0NRT,296.96,2.35,D,VIIRS_NOAA20_NRT,,
13.88449,77.36561,338.62,0.35,0.57,2026-09-15,848,N20,VIIRS,n,2.0NRT,301.83,4.75,D,VIIRS_NOAA20_NRT,,
13.97427,76.72482,331.44,0.32,0.55,2026-09-15,848,N20,VIIRS,l,2.0NRT,302.77,2.36,D,VIIRS_NOAA20_NRT,,
14.1806,77.80692,343.1,0.38,0.59,2026-09-15,848,N20,VIIRS,n,2.0NRT,293.81,3.62,D,VIIRS_NOAA20_NRT,,
14.21171,78.99509,341.25,0.46,0.63,2026-09-15,848,N20,VIIRS,n,2.0NRT,294.03,2.8,D,VIIRS_NOAA20_NRT,,
14.2123,78.99494,339.41,0.46,0.63,2026-09-15,848,N20,VIIRS,n,2.0NRT,294.03,3.21,D,VIIRS_NOAA20_NRT,,
14.27295,77.98591,339.45,0.39,0.6,2026-09-15,848,N20,VIIRS,n,2.0NRT,297.24,2.64,D,VIIRS_NOAA20_NRT,,
14.81022,79.02113,338.61,0.47,0.64,2026-09-15,848,N20,VIIRS,n,2.0NRT,299.73,3.33,D,VIIRS_NOAA20_NRT,,
15.16145,77.52394,336.22,0.38,0.58,2026-09-15,848,N20,VIIRS,n,2.0NRT,300.81,8.48,D,VIIRS_NOAA20_NRT,,
15.16314,76.842,334.22,0.34,0.56,2026-09-15,848,N20,VIIRS,n,2.0NRT,300.97,2.35,D,VIIRS_NOAA20_NRT,,
15.68701,77.96647,336.26,0.41,0.61,2026-09-15,848,N20,VIIRS,n,2.0NRT,298.64,3.79,D,VIIRS_NOAA20_NRT,,
15.6878,77.96606,339.03,0.41,0.6,2026-09-15,848,N20,VIIRS,n,2.0NRT,299.1,3.58,D,VIIRS_NOAA20_NRT,,
15.75832,76.96716,335.34,0.35,0.57,2026-09-15,848,N20,VIIRS,l,2.0NRT,305.39,1.91,D,VIIRS_NOAA20_NRT,,
15.97017,77.58376,333.92,0.39,0.59,2026-09-15,848,N20,VIIRS,n,2.0NRT,299.24,2.8,D,VIIRS_NOAA20_NRT,,
17.75296,75.41536,331.59,0.59,0.53,2026-09-15,850,N20,VIIRS,n,2.0NRT,299.21,4.84,D,VIIRS_NOAA20_NRT,,
19.61807,74.08401,333.84,0.51,0.49,2026-09-15,850,N20,VIIRS,n,2.0NRT,299.35,1.85,D,VIIRS_NOAA20_NRT,,
28.42538,69.70016,330.65,0.54,0.42,2026-09-15,852,N20,VIIRS,l,2.0NRT,303.06,5.05,D,VIIRS_NOAA20_NRT,,
30.05656,75.32955,331.29,0.4,0.6,2026-09-15,852,N20,VIIRS,n,2.0NRT,292.88,4.32,D,VIIRS_NOAA20_NRT,,
30.06161,75.3306,331.67,0.4,0.6,2026-09-15,852,N20,VIIRS,n,2.0NRT,292.69,3.17,D,VIIRS_NOAA20_NRT,,
30.9396,74.53114,342.11,0.37,0.58,2026-09-15,852,N20,VIIRS,n,2.0NRT,292.01,4.12,D,VIIRS_NOAA20_NRT,,
30.94169,74.53141,341.96,0.37,0.58,2026-09-15,852,N20,VIIRS,n,2.0NRT,291.84,4.06,D,VIIRS_NOAA20_NRT,,
35.78586,69.03277,340.54,0.4,0.45,2026-09-15,854,N20,VIIRS,l,2.0NRT,311.73,4.21,D,VIIRS_NOAA20_NRT,,
35.78684,69.03587,342.91,0.4,0.45,2026-09-15,854,N20,VIIRS,n,2.0NRT,308.69,3.52,D,VIIRS_NOAA20_NRT,,
35.99038,94.82843,297.91,0.39,0.36,2026-09-15,1934,N20,VIIRS,n,2.0NRT,276.18,1.36,N,VIIRS_NOAA20_NRT,,
20.76071,85.29557,315.57,0.44,0.46,2026-09-15,1938,N20,VIIRS,n,2.0NRT,289.97,3.59,N,VIIRS_NOAA20_NRT,,
20.76093,85.29747,313.93,0.44,0.46,2026-09-15,1938,N20,VIIRS,n,2.0NRT,289.95,1.54,N,VIIRS_NOAA20_NRT,,
20.76121,85.29135,309.63,0.44,0.46,2026-09-15,1938,N20,VIIRS,n,2.0NRT,289.65,2.87,N,VIIRS_NOAA20_NRT,,
20.76146,85.29321,311.54,0.44,0.46,2026-09-15,1938,N20,VIIRS,n,2.0NRT,290.31,2.41,N,VIIRS_NOAA20_NRT,,
20.78643,85.26057,306.12,0.44,0.46,2026-09-15,1938,N20,VIIRS,n,2.0NRT,289.71,2.05,N,VIIRS_NOAA20_NRT,,
20.79593,85.2534,335.92,0.44,0.46,2026-09-15,1938,N20,VIIRS,n,2.0NRT,290.34,6.82,N,VIIRS_NOAA20_NRT,,
20.94143,86.06127,306.35,0.39,0.44,2026-09-15,1938,N20,VIIRS,n,2.0NRT,292.04,1.66,N,VIIRS_NOAA20_NRT,,
20.95142,86.0474,330.33,0.4,0.44,2026-09-15,1938,N20,VIIRS,n,2.0NRT,291.97,2.26,N,VIIRS_NOAA20_NRT,,
20.9519,86.04359,306.21,0.4,0.44,2026-09-15,1938,N20,VIIRS,n,2.0NRT,291.36,2.26,N,VIIRS_NOAA20_NRT,,
20.9584,85.01168,305.72,0.46,0.47,2026-09-15,1938,N20,VIIRS,n,2.0NRT,286.77,2.52,N,VIIRS_NOAA20_NRT,,
20.96106,85.17135,302.39,0.45,0.47,2026-09-15,1938,N20,VIIRS,n,2.0NRT,286.46,1.48,N,VIIRS_NOAA20_NRT,,
20.96325,85.18907,319.4,0.45,0.47,2026-09-15,1938,N20,VIIRS,n,2.0NRT,287.89,2.78,N,VIIRS_NOAA20_NRT,,
20.96358,86.04916,307.65,0.4,0.44,2026-09-15,1938,N20,VIIRS,n,2.0NRT,292.15,1.34,N,VIIRS_NOAA20_NRT,,
20.96377,85.18481,314.15,0.45,0.47,2026-09-15,1938,N20,VIIRS,n,2.0NRT,287.95,2.78,N,VIIRS_NOAA20_NRT,,
20.96436,86.01044,306.55,0.4,0.44,2026-09-15,1938,N20,VIIRS,n,2.0NRT,291.88,2.19,N,VIIRS_NOAA20_NRT,,
20.96484,86.00661,338.94,0.4,0.44,2026-09-15,1938,N20,VIIRS,n,2.0NRT,292.44,2.19,N,VIIRS_NOAA20_NRT,,
20.96532,86.00282,316.08,0.4,0.44,2026-09-15,1938,N20,VIIRS,n,2.0NRT,291.79,4.35,N,VIIRS_NOAA20_NRT,,
20.96535,85.17191,306.33,0.45,0.47,2026-09-15,1938,N20,VIIRS,n,2.0NRT,287.58,1.48,N,VIIRS_NOAA20_NRT,,
20.96587,85.16759,313.27,0.45,0.47,2026-09-15,1938,N20,VIIRS,n,2.0NRT,288.36,1.48,N,VIIRS_NOAA20_NRT,,
20.9664,85.16325,310.65,0.45,0.47,2026-09-15,1938,N20,VIIRS,n,2.0NRT,289.03,3.56,N,VIIRS_NOAA20_NRT,,
20.96842,86.01099,318.0,0.4,0.44,2026-09-15,1938,N20,VIIRS,n,2.0NRT,292.61,2.19,N,VIIRS_NOAA20_NRT,,
20.9691,85.17682,318.34,0.45,0.47,2026-09-15,1938,N20,VIIRS,n,2.0NRT,289.02,2.16,N,VIIRS_NOAA20_NRT,,
20.96963,85.17247,314.38,0.45,0.47,2026-09-15,1938,N20,VIIRS,n,2.0NRT,288.93,2.43,N,VIIRS_NOAA20_NRT,,
20.97016,85.16815,308.0,0.45,0.47,2026-09-15,1938,N20,VIIRS,n,2.0NRT,289.26,2.43,N,VIIRS_NOAA20_NRT,,
20.97152,86.01918,321.0,0.4,0.44,2026-09-15,1938,N20,VIIRS,n,2.0NRT,292.41,1.97,N,VIIRS_NOAA20_NRT,,
20.97175,85.15517,306.12,0.45,0.47,2026-09-15,1938,N20,VIIRS,n,2.0NRT,289.98,2.7,N,VIIRS_NOAA20_NRT,,
20.97339,85.17737,305.8,0.45,0.47,2026-09-15,1938,N20,VIIRS,n,2.0NRT,289.24,2.16,N,VIIRS_NOAA20_NRT,,
20.97345,86.00394,311.93,0.4,0.44,2026-09-15,1938,N20,VIIRS,n,2.0NRT,292.51,2.92,N,VIIRS_NOAA20_NRT,,
20.97874,85.16927,311.51,0.45,0.47,2026-09-15,1938,N20,VIIRS,n,2.0NRT,290.28,3.55,N,VIIRS_NOAA20_NRT,,
21.08006,85.03837,306.85,0.46,0.47,2026-09-15,1938,N20,VIIRS,n,2.0NRT,289.17,2.23,N,VIIRS_NOAA20_NRT,,
21.08059,85.03398,305.07,0.46,0.47,2026-09-15,1938,N20,VIIRS,n,2.0NRT,289.22,3.28,N,VIIRS_NOAA20_NRT,,
21.18263,81.38305,310.86,0.4,0.6,2026-09-15,1938,N20,VIIRS,n,2.0NRT,289.13,2.11,N,VIIRS_NOAA20_NRT,,
21.18748,81.38891,310.27,0.39,0.6,2026-09-15,1938,N20,VIIRS,n,2.0NRT,289.56,1.11,N,VIIRS_NOAA20_NRT,,
21.18778,81.38754,310.75,0.39,0.6,2026-09-15,1938,N20,VIIRS,n,2.0NRT,289.33,2.21,N,VIIRS_NOAA20_NRT,,
21.19298,81.38953,305.13,0.39,0.6,2026-09-15,1938,N20,VIIRS,n,2.0NRT,288.87,1.11,N,VIIRS_NOAA20_NRT,,
21.19578,81.41678,336.64,0.39,0.6,2026-09-15,1938,N20,VIIRS,n,2.0NRT,288.99,3.81,N,VIIRS_NOAA20_NRT,,
21.19616,81.41302,323.62,0.39,0.6,2026-09-15,1938,N20,VIIRS,n,2.0NRT,288.35,3.81,N,VIIRS_NOAA20_NRT,,
21.19627,81.41553,349.86,0.39,0.6,2026-09-15,1938,N20,VIIRS,n,2.0NRT,289.28,7.4,N,VIIRS_NOAA20_NRT,,
21.248,79.22052,302.01,0.55,0.68,2026-09-15,1938,N20,VIIRS,n,2.0NRT,285.98,0.82,N,VIIRS_NOAA20_NRT,,
21.31347,81.5891,310.72,0.38,0.59,2026-09-15,1938,N20,VIIRS,n,2.0NRT,289.15,0.86,N,VIIRS_NOAA20_NRT,,
21.33626,78.96352,305.17,0.57,0.69,2026-09-15,1938,N20,VIIRS,n,2.0NRT,286.16,1.61,N,VIIRS_NOAA20_NRT,,
21.3647,81.68159,305.24,0.38,0.59,2026-09-15,1938,N20,VIIRS,n,2.0NRT,289.64,0.85,N,VIIRS_NOAA20_NRT,,
21.3673,81.67506,305.56,0.38,0.59,2026-09-15,1938,N20,VIIRS,n,2.0NRT,289.25,1.14,N,VIIRS_NOAA20_NRT,,
21.37201,81.68308,307.08,0.38,0.59,2026-09-15,1938,N20,VIIRS,n,2.0NRT,289.4,1.93,N,VIIRS_NOAA20_NRT,,
21.37591,81.67908,314.14,0.38,0.59,2026-09-15,1938,N20,VIIRS,n,2.0NRT,290.07,1.05,N,VIIRS_NOAA20_NRT,,
21.37623,81.63842,311.33,0.38,0.59,2026-09-15,1938,N20,VIIRS,n,2.0NRT,289.87,1.57,N,VIIRS_NOAA20_NRT,,
21.37628,81.67537,305.42,0.38,0.59,2026-09-15,1938,N20,VIIRS,n,2.0NRT,289.2,1.05,N,VIIRS_NOAA20_NRT,,
21.37778,81.67998,309.28,0.38,0.59,2026-09-15,1938,N20,VIIRS,n,2.0NRT,290.01,1.73,N,VIIRS_NOAA20_NRT,,
21.37814,81.67628,308.69,0.38,0.59,2026-09-15,1938,N20,VIIRS,n,2.0NRT,289.47,1.6,N,VIIRS_NOAA20_NRT,,
21.38006,81.63827,306.6,0.38,0.59,2026-09-15,1938,N20,VIIRS,n,2.0NRT,289.57,1.94,N,VIIRS_NOAA20_NRT,,
21.38132,81.67967,306.7,0.38,0.59,2026-09-15,1938,N20,VIIRS,n,2.0NRT,289.8,0.75,N,VIIRS_NOAA20_NRT,,
21.39217,81.64408,308.62,0.38,0.59,2026-09-15,1938,N20,VIIRS,n,2.0NRT,289.58,0.76,N,VIIRS_NOAA20_NRT,,
21.45871,81.80084,305.53,0.37,0.58,2026-09-15,1938,N20,VIIRS,n,2.0NRT,289.4,0.69,N,VIIRS_NOAA20_NRT,,
21.48659,81.76733,312.43,0.38,0.58,2026-09-15,1938,N20,VIIRS,n,2.0NRT,289.64,0.98,N,VIIRS_NOAA20_NRT,,
21.67421,82.07891,313.45,0.36,0.57,2026-09-15,1938,N20,VIIRS,n,2.0NRT,290.59,1.27,N,VIIRS_NOAA20_NRT,,
21.68052,84.03606,315.81,0.54,0.51,2026-09-15,1938,N20,VIIRS,n,2.0NRT,291.06,4.05,N,VIIRS_NOAA20_NRT,,
21.73029,82.2121,304.79,0.35,0.57,2026-09-15,1938,N20,VIIRS,n,2.0NRT,289.57,0.68,N,VIIRS_NOAA20_NRT,,
21.74957,83.8408,311.54,0.56,0.51,2026-09-15,1938,N20,VIIRS,n,2.0NRT,290.43,2.81,N,VIIRS_NOAA20_NRT,,
21.75745,84.02518,306.6,0.54,0.51,2026-09-15,1938,N20,VIIRS,n,2.0NRT,290.75,1.31,N,VIIRS_NOAA20_NRT,,
21.75903,83.84194,309.79,0.56,0.51,2026-09-15,1938,N20,VIIRS,n,2.0NRT,290.69,2.46,N,VIIRS_NOAA20_NRT,,
21.76272,84.02053,305.81,0.54,0.51,2026-09-15,1938,N20,VIIRS,n,2.0NRT,291.15,3.32,N,VIIRS_NOAA20_NRT,,
21.76315,83.84791,315.68,0.55,0.51,2026-09-15,1938,N20,VIIRS,n,2.0NRT,290.72,2.46,N,VIIRS_NOAA20_NRT,,
21.76569,84.01688,312.85,0.54,0.51,2026-09-15,1938,N20,VIIRS,n,2.0NRT,291.22,3.06,N,VIIRS_NOAA20_NRT,,
21.76799,84.01585,312.64,0.54,0.51,2026-09-15,1938,N20,VIIRS,n,2.0NRT,290.52,4.15,N,VIIRS_NOAA20_NRT,,
21.77036,84.01751,309.63,0.54,0.51,2026-09-15,1938,N20,VIIRS,n,2.0NRT,290.83,1.65,N,VIIRS_NOAA20_NRT,,
21.80056,82.03632,304.83,0.36,0.58,2026-09-15,1938,N20,VIIRS,n,2.0NRT,289.1,1.29,N,VIIRS_NOAA20_NRT,,
21.88827,95.26868,297.45,0.47,0.4,2026-09-15,1938,N20,VIIRS,n,2.0NRT,273.28,1.05,N,VIIRS_NOAA20_NRT,,
21.91945,83.35227,305.92,0.6,0.53,2026-09-15,1938,N20,VIIRS,n,2.0NRT,289.93,2.12,N,VIIRS_NOAA20_NRT,,
21.92009,83.34645,311.3,0.6,0.53,2026-09-15,1938,N20,VIIRS,n,2.0NRT,289.37,2.12,N,VIIRS_NOAA20_NRT,,
21.92497,83.34708,310.3,0.6,0.53,2026-09-15,1938,N20,VIIRS,n,2.0NRT,289.26,2.12,N,VIIRS_NOAA20_NRT,,
21.92579,85.2202,304.88,0.46,0.47,2026-09-15,1938,N20,VIIRS,n,2.0NRT,289.38,0.94,N,VIIRS_NOAA20_NRT,,
21.92625,83.33532,311.24,0.6,0.53,2026-09-15,1938,N20,VIIRS,n,2.0NRT,289.52,3.43,N,VIIRS_NOAA20_NRT,,
21.95755,83.80554,304.04,0.56,0.52,2026-09-15,1938,N20,VIIRS,n,2.0NRT,289.63,1.06,N,VIIRS_NOAA20_NRT,,
21.96964,85.31309,303.71,0.45,0.47,2026-09-15,1938,N20,VIIRS,n,2.0NRT,290.22,0.83,N,VIIRS_NOAA20_NRT,,
21.98432,83.23046,305.21,0.61,0.54,2026-09-15,1938,N20,VIIRS,n,2.0NRT,290.09,2.26,N,VIIRS_NOAA20_NRT,,
21.98818,82.01297,306.97,0.37,0.58,2026-09-15,1938,N20,VIIRS,n,2.0NRT,289.54,0.82,N,VIIRS_NOAA20_NRT,,
21.99,82.01399,304.44,0.37,0.58,2026-09-15,1938,N20,VIIRS,n,2.0NRT,289.2,0.88,N,VIIRS_NOAA20_NRT,,
22.00239,82.66645,307.33,0.33,0.56,2026-09-15,1938,N20,VIIRS,n,2.0NRT,289.26,0.91,N,VIIRS_NOAA20_NRT,,
22.00716,82.67042,309.08,0.33,0.55,2026-09-15,1938,N20,VIIRS,n,2.0NRT,290.39,1.44,N,VIIRS_NOAA20_NRT,,
22.00751,82.66712,304.85,0.33,0.56,2026-09-15,1938,N20,VIIRS,n,2.0NRT,289.57,0.91,N,VIIRS_NOAA20_NRT,,
22.01656,83.75213,305.23,0.57,0.52,2026-09-15,1938,N20,VIIRS,n,2.0NRT,289.79,1.19,N,VIIRS_NOAA20_NRT,,
22.01679,83.75307,306.44,0.57,0.52,2026-09-15,1938,N20,VIIRS,n,2.0NRT,290.07,1.45,N,VIIRS_NOAA20_NRT,,
22.03012,83.3624,303.06,0.6,0.53,2026-09-15,1938,N20,VIIRS,n,2.0NRT,288.33,0.96,N,VIIRS_NOAA20_NRT,,
22.03226,83.74393,304.81,0.57,0.52,2026-09-15,1938,N20,VIIRS,n,2.0NRT,289.59,1.3,N,VIIRS_NOAA20_NRT,,
22.03821,83.73348,304.59,0.57,0.52,2026-09-15,1938,N20,VIIRS,n,2.0NRT,290.08,2.2,N,VIIRS_NOAA20_NRT,,
22.04116,83.35213,305.98,0.6,0.53,2026-09-15,1938,N20,VIIRS,n,2.0NRT,289.01,2.86,N,VIIRS_NOAA20_NRT,,
22.04358,83.72851,310.77,0.57,0.52,2026-09-15,1938,N20,VIIRS,n,2.0NRT,289.53,1.8,N,VIIRS_NOAA20_NRT,,
22.056,88.12343,311.78,0.47,0.4,2026-09-15,1938,N20,VIIRS,n,2.0NRT,293.96,2.61,N,VIIRS_NOAA20_NRT,,
22.06568,83.70325,304.34,0.57,0.52,2026-09-15,1938,N20,VIIRS,n,2.0NRT,289.55,1.32,N,VIIRS_NOAA20_NRT,,
22.13425,85.38187,305.7,0.45,0.47,2026-09-15,1938,N20,VIIRS,n,2.0NRT,289.36,0.95,N,VIIRS_NOAA20_NRT,,
22.209,84.85824,304.89,0.49,0.48,2026-09-15,1938,N20,VIIRS,n,2.0NRT,290.76,1.07,N,VIIRS_NOAA20_NRT,,
22.20985,84.86052,307.08,0.48,0.48,2026-09-15,1938,N20,VIIRS,n,2.0NRT,291.15,1.57,N,VIIRS_NOAA20_NRT,,
22.21239,84.86828,307.9,0.48,0.48,2026-09-15,1938,N20,VIIRS,n,2.0NRT,290.87,1.37,N,VIIRS_NOAA20_NRT,,
22.21292,84.86356,307.01,0.49,0.48,2026-09-15,1938,N20,VIIRS,n,2.0NRT,291.36,1.37,N,VIIRS_NOAA20_NRT,,
22.21374,84.86582,313.01,0.48,0.48,2026-09-15,1938,N20,VIIRS,n,2.0NRT,290.74,2.58,N,VIIRS_NOAA20_NRT,,
22.22273,84.75129,305.11,0.49,0.49,2026-09-15,1938,N20,VIIRS,n,2.0NRT,291.11,2.8,N,VIIRS_NOAA20_NRT,,
22.22558,84.74934,305.54,0.49,0.49,2026-09-15,1938,N20,VIIRS,n,2.0NRT,290.84,2.04,N,VIIRS_NOAA20_NRT,,
22.31684,82.56249,309.93,0.34,0.56,2026-09-15,1938,N20,VIIRS,n,2.0NRT,289.86,1.32,N,VIIRS_NOAA20_NRT,,
22.32202,82.5631,318.4,0.34,0.56,2026-09-15,1938,N20,VIIRS,n,2.0NRT,289.99,2.03,N,VIIRS_NOAA20_NRT,,
22.32449,82.59015,342.67,0.34,0.56,2026-09-15,1938,N20,VIIRS,n,2.0NRT,290.19,3.81,N,VIIRS_NOAA20_NRT,,
22.33345,82.60462,312.14,0.34,0.56,2026-09-15,1938,N20,VIIRS,n,2.0NRT,289.01,1.99,N,VIIRS_NOAA20_NRT,,
22.35838,87.28748,310.28,0.53,0.42,2026-09-15,1938,N20,VIIRS,n,2.0NRT,293.06,4.44,N,VIIRS_NOAA20_NRT,,
22.35899,82.30254,309.71,0.36,0.57,2026-09-15,1938,N20,VIIRS,n,2.0NRT,290.21,0.9,N,VIIRS_NOAA20_NRT,,
22.35934,82.29905,304.03,0.36,0.57,2026-09-15,1938,N20,VIIRS,n,2.0NRT,289.72,0.9,N,VIIRS_NOAA20_NRT,,
22.36395,87.01678,312.23,0.54,0.42,2026-09-15,1938,N20,VIIRS,n,2.0NRT,292.26,4.49,N,VIIRS_NOAA20_NRT,,
22.36474,87.29884,323.16,0.53,0.42,2026-09-15,1938,N20,VIIRS,n,2.0NRT,293.98,6.59,N,VIIRS_NOAA20_NRT,,
22.36784,87.01738,311.31,0.54,0.42,2026-09-15,1938,N20,VIIRS,n,2.0NRT,292.2,3.57,N,VIIRS_NOAA20_NRT,,
22.36857,87.29942,308.46,0.53,0.42,2026-09-15,1938,N20,VIIRS,n,2.0NRT,293.36,3.49,N,VIIRS_NOAA20_NRT,,
22.37884,87.28017,330.72,0.53,0.42,2026-09-15,1938,N20,VIIRS,n,2.0NRT,295.13,7.39,N,VIIRS_NOAA20_NRT,,
22.3795,87.27507,318.11,0.53,0.42,2026-09-15,1938,N20,VIIRS,n,2.0NRT,292.96,4.82,N,VIIRS_NOAA20_NRT,,
22.57524,85.89445,313.08,0.42,0.45,2026-09-15,1938,N20,VIIRS,n,2.0NRT,291.39,2.2,N,VIIRS_NOAA20_NRT,,
22.57574,85.8903,323.52,0.42,0.45,2026-09-15,1938,N20,VIIRS,n,2.0NRT,291.34,2.2,N,VIIRS_NOAA20_NRT,,
22.59097,85.90501,311.62,0.42,0.45,2026-09-15,1938,N20,VIIRS,n,2.0NRT,291.11,1.85,N,VIIRS_NOAA20_NRT,,
22.61135,85.91209,306.81,0.42,0.45,2026-09-15,1938,N20,VIIRS,n,2.0NRT,290.76,1.19,N,VIIRS_NOAA20_NRT,,
22.79152,86.19492,307.0,0.41,0.45,2026-09-15,1938,N20,VIIRS,n,2.0NRT,291.9,1.43,N,VIIRS_NOAA20_NRT,,
22.79827,86.20798,338.99,0.41,0.45,2026-09-15,1938,N20,VIIRS,n,2.0NRT,291.66,7.32,N,VIIRS_NOAA20_NRT,,
22.80028,86.09002,317.27,0.41,0.45,2026-09-15,1938,N20,VIIRS,n,2.0NRT,291.18,2.44,N,VIIRS_NOAA20_NRT,,
22.85702,86.05544,307.73,0.42,0.45,2026-09-15,1938,N20,VIIRS,n,2.0NRT,290.67,1.78,N,VIIRS_NOAA20_NRT,,
22.86622,89.53715,314.19,0.42,0.38,2026-09-15,1938,N20,VIIRS,n,2.0NRT,294.09,0.66,N,VIIRS_NOAA20_NRT,,
22.87315,86.06185,311.13,0.42,0.45,2026-09-15,1938,N20,VIIRS,n,2.0NRT,290.52,1.62,N,VIIRS_NOAA20_NRT,,
23.16776,82.34019,310.35,0.36,0.57,2026-09-15,1938,N20,VIIRS,n,2.0NRT,288.16,1.23,N,VIIRS_NOAA20_NRT,,
23.1681,82.33666,304.43,0.36,0.57,2026-09-15,1938,N20,VIIRS,n,2.0NRT,287.68,1.27,N,VIIRS_NOAA20_NRT,,
23.48156,87.36407,306.04,0.54,0.42,2026-09-15,1938,N20,VIIRS,n,2.0NRT,289.93,2.43,N,VIIRS_NOAA20_NRT,,
23.55322,87.24133,307.45,0.55,0.42,2026-09-15,1938,N20,VIIRS,n,2.0NRT,287.58,2.55,N,VIIRS_NOAA20_NRT,,
23.56072,87.08282,309.97,0.56,0.43,2026-09-15,1938,N20,VIIRS,n,2.0NRT,290.96,3.53,N,VIIRS_NOAA20_NRT,,
23.56147,87.08172,311.84,0.56,0.43,2026-09-15,1938,N20,VIIRS,n,2.0NRT,291.34,4.05,N,VIIRS_NOAA20_NRT,,
23.58224,86.72574,311.4,0.39,0.44,2026-09-15,1938,N20,VIIRS,n,2.0NRT,286.66,1.01,N,VIIRS_NOAA20_NRT,,
23.61113,85.67373,295.55,0.45,0.47,2026-09-15,1938,N20,VIIRS,n,2.0NRT,270.66,0.28,N,VIIRS_NOAA20_NRT,,
23.6317,86.8323,304.11,0.38,0.44,2026-09-15,1938,N20,VIIRS,n,2.0NRT,284.68,0.78,N,VIIRS_NOAA20_NRT,,
23.64788,85.43715,318.3,0.47,0.47,2026-09-15,1938,N20,VIIRS,n,2.0NRT,284.07,3.42,N,VIIRS_NOAA20_NRT,,
23.64847,85.44003,304.93,0.47,0.47,2026-09-15,1938,N20,VIIRS,n,2.0NRT,283.38,1.3,N,VIIRS_NOAA20_NRT,,
23.64897,85.43548,321.09,0.47,0.47,2026-09-15,1938,N20,VIIRS,n,2.0NRT,284.27,2.67,N,VIIRS_NOAA20_NRT,,
23.6632,87.15923,304.86,0.55,0.43,2026-09-15,1938,N20,VIIRS,n,2.0NRT,289.05,2.09,N,VIIRS_NOAA20_NRT,,
23.66357,87.15556,320.11,0.55,0.43,2026-09-15,1938,N20,VIIRS,n,2.0NRT,290.17,4.03,N,VIIRS_NOAA20_NRT,,
23.6639,87.15378,317.86,0.55,0.43,2026-09-15,1938,N20,VIIRS,n,2.0NRT,290.06,2.09,N,VIIRS_NOAA20_NRT,,
23.66678,85.00001,304.67,0.5,0.49,2026-09-15,1938,N20,VIIRS,n,2.0NRT,285.28,1.99,N,VIIRS_NOAA20_NRT,,
23.67561,86.40017,312.23,0.41,0.45,2026-09-15,1938,N20,VIIRS,n,2.0NRT,288.3,1.81,N,VIIRS_NOAA20_NRT,,
23.67608,86.39618,311.78,0.41,0.45,2026-09-15,1938,N20,VIIRS,n,2.0NRT,287.91,1.81,N,VIIRS_NOAA20_NRT,,
23.68018,86.39684,315.71,0.41,0.45,2026-09-15,1938,N20,VIIRS,n,2.0NRT,288.67,2.7,N,VIIRS_NOAA20_NRT,,
23.68261,87.13074,305.34,0.56,0.43,2026-09-15,1938,N20,VIIRS,n,2.0NRT,288.19,0.78,N,VIIRS_NOAA20_NRT,,
23.68477,86.39345,321.91,0.41,0.45,2026-09-15,1938,N20,VIIRS,n,2.0NRT,288.89,2.15,N,VIIRS_NOAA20_NRT,,
23.68526,86.38937,310.33,0.41,0.45,2026-09-15,1938,N20,VIIRS,n,2.0NRT,287.73,2.15,N,VIIRS_NOAA20_NRT,,
23.68789,87.1204,312.69,0.56,0.43,2026-09-15,1938,N20,VIIRS,n,2.0NRT,288.59,2.73,N,VIIRS_NOAA20_NRT,,
23.69057,87.09863,310.22,0.56,0.43,2026-09-15,1938,N20,VIIRS,n,2.0NRT,288.35,1.98,N,VIIRS_NOAA20_NRT,,
23.69182,87.12102,309.88,0.56,0.43,2026-09-15,1938,N20,VIIRS,n,2.0NRT,287.37,1.39,N,VIIRS_NOAA20_NRT,,
23.69249,87.11557,304.26,0.56,0.43,2026-09-15,1938,N20,VIIRS,n,2.0NRT,287.26,1.39,N,VIIRS_NOAA20_NRT,,
23.69316,87.11013,305.44,0.56,0.43,2026-09-15,1938,N20,VIIRS,n,2.0NRT,287.92,1.39,N,VIIRS_NOAA20_NRT,,
23.69518,87.09375,305.87,0.56,0.43,2026-09-15,1938,N20,VIIRS,n,2.0NRT,289.56,1.79,N,VIIRS_NOAA20_NRT,,
23.69575,87.12162,306.49,0.56,0.43,2026-09-15,1938,N20,VIIRS,n,2.0NRT,288.17,1.39,N,VIIRS_NOAA20_NRT,,
23.69655,85.36749,306.04,0.47,0.48,2026-09-15,1938,N20,VIIRS,n,2.0NRT,285.03,1.02,N,VIIRS_NOAA20_NRT,,
23.69662,85.28715,305.23,0.48,0.48,2026-09-15,1938,N20,VIIRS,n,2.0NRT,282.69,1.92,N,VIIRS_NOAA20_NRT,,
23.71132,86.45026,305.29,0.41,0.45,2026-09-15,1938,N20,VIIRS,n,2.0NRT,288.1,1.38,N,VIIRS_NOAA20_NRT,,
23.71472,86.42231,309.4,0.41,0.45,2026-09-15,1938,N20,VIIRS,n,2.0NRT,288.56,1.61,N,VIIRS_NOAA20_NRT,,
23.71541,86.45088,313.8,0.41,0.45,2026-09-15,1938,N20,VIIRS,n,2.0NRT,288.65,1.74,N,VIIRS_NOAA20_NRT,,
23.71638,86.44289,311.54,0.41,0.45,2026-09-15,1938,N20,VIIRS,n,2.0NRT,288.36,2.47,N,VIIRS_NOAA20_NRT,,
23.71931,86.41893,310.29,0.41,0.45,2026-09-15,1938,N20,VIIRS,n,2.0NRT,287.93,3.27,N,VIIRS_NOAA20_NRT,,
23.72507,86.44012,314.91,0.41,0.45,2026-09-15,1938,N20,VIIRS,n,2.0NRT,289.15,2.57,N,VIIRS_NOAA20_NRT,,
23.73376,86.43733,306.37,0.41,0.45,2026-09-15,1938,N20,VIIRS,n,2.0NRT,289.75,1.65,N,VIIRS_NOAA20_NRT,,
23.73834,86.43395,334.41,0.41,0.45,2026-09-15,1938,N20,VIIRS,n,2.0NRT,290.6,3.2,N,VIIRS_NOAA20_NRT,,
23.73884,86.42997,311.4,0.41,0.45,2026-09-15,1938,N20,VIIRS,n,2.0NRT,288.95,3.2,N,VIIRS_NOAA20_NRT,,
23.75215,86.41496,321.93,0.41,0.45,2026-09-15,1938,N20,VIIRS,n,2.0NRT,288.42,3.0,N,VIIRS_NOAA20_NRT,,
23.75678,85.85427,315.67,0.44,0.46,2026-09-15,1938,N20,VIIRS,n,2.0NRT,289.48,3.26,N,VIIRS_NOAA20_NRT,,
23.75767,86.4035,314.74,0.41,0.45,2026-09-15,1938,N20,VIIRS,n,2.0NRT,288.51,2.75,N,VIIRS_NOAA20_NRT,,
23.76177,86.40413,308.51,0.41,0.45,2026-09-15,1938,N20,VIIRS,n,2.0NRT,288.26,2.08,N,VIIRS_NOAA20_NRT,,
23.76225,86.40008,319.88,0.41,0.45,2026-09-15,1938,N20,VIIRS,n,2.0NRT,288.57,2.08,N,VIIRS_NOAA20_NRT,,
23.7632,86.39199,308.75,0.41,0.45,2026-09-15,1938,N20,VIIRS,n,2.0NRT,289.28,1.8,N,VIIRS_NOAA20_NRT,,
23.76589,86.40473,333.02,0.41,0.45,2026-09-15,1938,N20,VIIRS,n,2.0NRT,289.66,2.08,N,VIIRS_NOAA20_NRT,,
23.76636,86.40068,312.13,0.41,0.45,2026-09-15,1938,N20,VIIRS,n,2.0NRT,288.28,2.08,N,VIIRS_NOAA20_NRT,,
23.76731,86.39262,307.44,0.41,0.45,2026-09-15,1938,N20,VIIRS,n,2.0NRT,289.14,1.8,N,VIIRS_NOAA20_NRT,,
23.77047,86.40128,314.28,0.41,0.45,2026-09-15,1938,N20,VIIRS,n,2.0NRT,288.31,2.15,N,VIIRS_NOAA20_NRT,,
23.77131,86.19947,303.87,0.42,0.45,2026-09-15,1938,N20,VIIRS,n,2.0NRT,287.72,1.0,N,VIIRS_NOAA20_NRT,,
23.7718,86.19537,305.21,0.42,0.45,2026-09-15,1938,N20,VIIRS,n,2.0NRT,287.52,1.0,N,VIIRS_NOAA20_NRT,,
23.77302,86.19869,306.26,0.42,0.45,2026-09-15,1938,N20,VIIRS,n,2.0NRT,288.24,0.9,N,VIIRS_NOAA20_NRT,,
23.7735,86.19456,307.35,0.42,0.45,2026-09-15,1938,N20,VIIRS,n,2.0NRT,288.0,0.9,N,VIIRS_NOAA20_NRT,,
23.77454,85.99607,304.26,0.43,0.46,2026-09-15,1938,N20,VIIRS,n,2.0NRT,288.54,1.0,N,VIIRS_NOAA20_NRT,,
23.77474,86.36501,325.59,0.41,0.45,2026-09-15,1938,N20,VIIRS,n,2.0NRT,288.62,2.26,N,VIIRS_NOAA20_NRT,,
23.77522,86.36095,309.92,0.41,0.45,2026-09-15,1938,N20,VIIRS,n,2.0NRT,287.63,2.26,N,VIIRS_NOAA20_NRT,,
23.77648,86.38588,313.96,0.41,0.45,2026-09-15,1938,N20,VIIRS,n,2.0NRT,288.08,2.66,N,VIIRS_NOAA20_NRT,,
23.77872,86.14909,302.49,0.42,0.45,2026-09-15,1938,N20,VIIRS,n,2.0NRT,286.26,0.52,N,VIIRS_NOAA20_NRT,,
23.77991,86.2124,308.67,0.42,0.45,2026-09-15,1938,N20,VIIRS,n,2.0NRT,288.43,1.64,N,VIIRS_NOAA20_NRT,,
23.78012,86.39052,324.86,0.41,0.45,2026-09-15,1938,N20,VIIRS,n,2.0NRT,289.14,2.71,N,VIIRS_NOAA20_NRT,,
23.78039,86.20827,318.02,0.42,0.45,2026-09-15,1938,N20,VIIRS,n,2.0NRT,289.27,4.14,N,VIIRS_NOAA20_NRT,,
23.78059,86.38651,315.52,0.41,0.45,2026-09-15,1938,N20,VIIRS,n,2.0NRT,287.56,2.71,N,VIIRS_NOAA20_NRT,,
23.78125,86.34534,306.16,0.41,0.45,2026-09-15,1938,N20,VIIRS,n,2.0NRT,287.84,1.06,N,VIIRS_NOAA20_NRT,,
23.79727,86.35186,317.19,0.41,0.45,2026-09-15,1938,N20,VIIRS,n,2.0NRT,288.23,1.64,N,VIIRS_NOAA20_NRT,,
23.79776,86.34778,306.57,0.41,0.45,2026-09-15,1938,N20,VIIRS,n,2.0NRT,288.28,1.64,N,VIIRS_NOAA20_NRT,,
23.80188,86.34842,306.91,0.41,0.45,2026-09-15,1938,N20,VIIRS,n,2.0NRT,287.36,1.2,N,VIIRS_NOAA20_NRT,,
23.8038,86.33228,306.55,0.41,0.45,2026-09-15,1938,N20,VIIRS,n,2.0NRT,287.41,1.66,N,VIIRS_NOAA20_NRT,,
23.80429,86.32819,326.59,0.41,0.45,2026-09-15,1938,N20,VIIRS,n,2.0NRT,288.72,2.25,N,VIIRS_NOAA20_NRT,,
23.80477,86.3241,308.76,0.41,0.45,2026-09-15,1938,N20,VIIRS,n,2.0NRT,287.87,2.25,N,VIIRS_NOAA20_NRT,,
23.82603,84.57309,310.15,0.53,0.5,2026-09-15,1938,N20,VIIRS,n,2.0NRT,291.05,2.4,N,VIIRS_NOAA20_NRT,,
23.8266,84.56788,304.03,0.53,0.5,2026-09-15,1938,N20,VIIRS,n,2.0NRT,290.38,1.38,N,VIIRS_NOAA20_NRT,,
23.84087,84.94847,303.0,0.5,0.49,2026-09-15,1938,N20,VIIRS,n,2.0NRT,283.09,1.26,N,VIIRS_NOAA20_NRT,,
24.11612,86.8584,303.4,0.39,0.44,2026-09-15,1938,N20,VIIRS,n,2.0NRT,270.73,0.68,N,VIIRS_NOAA20_NRT,,
24.11966,86.86281,295.35,0.39,0.44,2026-09-15,1938,N20,VIIRS,n,2.0NRT,271.36,0.3,N,VIIRS_NOAA20_NRT,,
24.12106,86.86262,296.73,0.39,0.44,2026-09-15,1938,N20,VIIRS,n,2.0NRT,273.64,0.28,N,VIIRS_NOAA20_NRT,,
24.14663,82.7072,303.27,0.35,0.57,2026-09-15,1938,N20,VIIRS,n,2.0NRT,288.51,0.67,N,VIIRS_NOAA20_NRT,,
24.14696,82.70762,305.99,0.35,0.57,2026-09-15,1938,N20,VIIRS,n,2.0NRT,288.63,0.78,N,VIIRS_NOAA20_NRT,,
24.1991,82.71645,306.9,0.35,0.57,2026-09-15,1938,N20,VIIRS,n,2.0NRT,288.48,1.36,N,VIIRS_NOAA20_NRT,,
24.19944,82.7128,305.5,0.35,0.57,2026-09-15,1938,N20,VIIRS,n,2.0NRT,288.44,1.07,N,VIIRS_NOAA20_NRT,,
24.20503,82.70969,308.77,0.35,0.57,2026-09-15,1938,N20,VIIRS,n,2.0NRT,288.81,1.07,N,VIIRS_NOAA20_NRT,,
24.20638,82.52489,303.84,0.36,0.57,2026-09-15,1938,N20,VIIRS,n,2.0NRT,288.81,0.86,N,VIIRS_NOAA20_NRT,,
25.54105,91.23599,301.25,0.4,0.37,2026-09-15,1938,N20,VIIRS,n,2.0NRT,276.43,0.6,N,VIIRS_NOAA20_NRT,,
26.76022,83.19787,305.27,0.35,0.57,2026-09-15,1938,N20,VIIRS,n,2.0NRT,287.15,1.25,N,VIIRS_NOAA20_NRT,,
26.76047,83.19716,305.48,0.35,0.57,2026-09-15,1938,N20,VIIRS,n,2.0NRT,287.54,1.29,N,VIIRS_NOAA20_NRT,,
16.87441,80.0199,306.37,0.43,0.62,2026-09-15,1940,N20,VIIRS,n,2.0NRT,287.2,0.81,N,VIIRS_NOAA20_NRT,,
17.46418,80.65249,312.43,0.4,0.6,2026-09-15,1940,N20,VIIRS,n,2.0NRT,288.38,1.09,N,VIIRS_NOAA20_NRT,,
17.6075,83.19999,306.95,0.54,0.51,2026-09-15,1940,N20,VIIRS,n,2.0NRT,289.68,4.54,N,VIIRS_NOAA20_NRT,,
17.61217,83.20061,306.34,0.54,0.51,2026-09-15,1940,N20,VIIRS,n,2.0NRT,289.29,2.77,N,VIIRS_NOAA20_NRT,,
17.958,80.7953,304.85,0.39,0.6,2026-09-15,1940,N20,VIIRS,n,2.0NRT,289.41,1.05,N,VIIRS_NOAA20_NRT,,
31.25937,76.92343,301.1,0.52,0.5,2026-09-15,2116,N20,VIIRS,n,2.0NRT,287.21,0.74,N,VIIRS_NOAA20_NRT,,
32.37989,72.1368,304.75,0.44,0.38,2026-09-15,2116,N20,VIIRS,n,2.0NRT,293.41,0.65,N,VIIRS_NOAA20_NRT,,
32.71795,72.77655,306.76,0.46,0.39,2026-09-15,2116,N20,VIIRS,n,2.0NRT,291.53,0.97,N,VIIRS_NOAA20_NRT,,
32.88864,71.61567,308.32,0.41,0.37,2026-09-15,2116,N20,VIIRS,n,2.0NRT,292.4,0.81,N,VIIRS_NOAA20_NRT,,
33.27819,72.14376,303.47,0.43,0.38,2026-09-15,2116,N20,VIIRS,n,2.0NRT,291.02,0.53,N,VIIRS_NOAA20_NRT,,
33.29597,71.18385,302.81,0.4,0.37,2026-09-15,2116,N20,VIIRS,n,2.0NRT,291.15,0.52,N,VIIRS_NOAA20_NRT,,
33.40685,71.94025,304.03,0.42,0.38,2026-09-15,2116,N20,VIIRS,n,2.0NRT,292.42,0.33,N,VIIRS_NOAA20_NRT,,
33.5469,71.5495,308.99,0.41,0.37,2026-09-15,2116,N20,VIIRS,n,2.0NRT,292.77,0.78,N,VIIRS_NOAA20_NRT,,
34.25066,71.48108,304.12,0.4,0.37,2026-09-15,2116,N20,VIIRS,n,2.0NRT,291.62,0.51,N,VIIRS_NOAA20_NRT,,
22.68412,75.71892,303.7,0.33,0.56,2026-09-15,2118,N20,VIIRS,n,2.0NRT,287.61,0.51,N,VIIRS_NOAA20_NRT,,
24.93603,74.63187,305.27,0.51,0.5,2026-09-15,2118,N20,VIIRS,n,2.0NRT,288.39,1.22,N,VIIRS_NOAA20_NRT,,
26.64374,79.47883,308.59,0.47,0.64,2026-09-15,2118,N20,VIIRS,n,2.0NRT,287.3,0.99,N,VIIRS_NOAA20_NRT,,
27.28961,73.841,309.22,0.42,0.45,2026-09-15,2118,N20,VIIRS,n,2.0NRT,293.69,2.45,N,VIIRS_NOAA20_NRT,,
28.42472,69.7008,323.17,0.4,0.37,2026-09-15,2118,N20,VIIRS,n,2.0NRT,297.87,3.97,N,VIIRS_NOAA20_NRT,,
18.68207,73.03561,317.4,0.54,0.51,2026-09-15,2121,N20,VIIRS,n,2.0NRT,290.27,4.17,N,VIIRS_NOAA20_NRT,,
18.68306,73.03061,306.61,0.54,0.51,2026-09-15,2121,N20,VIIRS,n,2.0NRT,289.79,1.71,N,VIIRS_NOAA20_NRT,,
18.68665,73.03661,303.15,0.54,0.51,2026-09-15,2121,N20,VIIRS,n,2.0NRT,290.21,1.95,N,VIIRS_NOAA20_NRT,,
18.68764,73.03162,309.3,0.54,0.51,2026-09-15,2121,N20,VIIRS,n,2.0NRT,289.84,2.24,N,VIIRS_NOAA20_NRT,,
18.69124,73.03762,302.05,0.54,0.51,2026-09-15,2121,N20,VIIRS,n,2.0NRT,289.65,1.95,N,VIIRS_NOAA20_NRT,,
21.25378,79.20564,305.03,0.6,0.7,2026-09-15,2121,N20,VIIRS,n,2.0NRT,286.63,0.67,N,VIIRS_NOAA20_NRT,,
21.33772,78.96626,301.66,0.57,0.69,2026-09-15,2121,N20,VIIRS,n,2.0NRT,286.31,0.78,N,VIIRS_NOAA20_NRT,,
22.26368,75.13278,306.69,0.63,0.54,2026-09-15,2121,N20,VIIRS,n,2.0NRT,288.85,1.51,N,VIIRS_NOAA20_NRT,,
22.33068,69.75075,301.6,0.46,0.39,2026-09-15,2121,N20,VIIRS,n,2.0NRT,287.42,1.32,N,VIIRS_NOAA20_NRT,,
20.96582,85.17863,329.8,0.49,0.65,2026-09-16,650,N20,VIIRS,n,2.0NRT,290.71,5.33,D,VIIRS_NOAA20_NRT,,
20.96792,85.18008,330.05,0.49,0.65,2026-09-16,650,N20,VIIRS,n,2.0NRT,290.89,4.62,D,VIIRS_NOAA20_NRT,,
22.24767,96.70548,342.59,0.38,0.36,2026-09-16,650,N20,VIIRS,n,2.0NRT,298.09,3.78,D,VIIRS_NOAA20_NRT,,
22.37662,87.28043,337.08,0.33,0.56,2026-09-16,650,N20,VIIRS,n,2.0NRT,293.41,4.42,D,VIIRS_NOAA20_NRT,,
23.55662,87.24003,343.7,0.32,0.54,2026-09-16,652,N20,VIIRS,n,2.0NRT,293.18,6.34,D,VIIRS_NOAA20_NRT,,
23.64812,85.43896,328.65,0.41,0.61,2026-09-16,652,N20,VIIRS,n,2.0NRT,291.63,3.99,D,VIIRS_NOAA20_NRT,,
23.64861,85.44005,328.39,0.41,0.61,2026-09-16,652,N20,VIIRS,n,2.0NRT,290.68,4.77,D,VIIRS_NOAA20_NRT,,
23.68799,86.09071,332.29,0.37,0.58,2026-09-16,652,N20,VIIRS,n,2.0NRT,291.89,3.09,D,VIIRS_NOAA20_NRT,,
23.68923,86.09087,330.92,0.37,0.58,2026-09-16,652,N20,VIIRS,n,2.0NRT,291.86,4.35,D,VIIRS_NOAA20_NRT,,
29.56093,91.05977,331.84,0.46,0.39,2026-09-16,652,N20,VIIRS,n,2.0NRT,298.6,2.53,D,VIIRS_NOAA20_NRT,,
29.61558,91.05692,332.96,0.46,0.39,2026-09-16,652,N20,VIIRS,n,2.0NRT,294.79,2.78,D,VIIRS_NOAA20_NRT,,
29.64319,91.29392,337.33,0.45,0.39,2026-09-16,652,N20,VIIRS,n,2.0NRT,298.64,9.19,D,VIIRS_NOAA20_NRT,,
29.64794,91.03633,336.4,0.46,0.39,2026-09-16,652,N20,VIIRS,n,2.0NRT,297.02,3.31,D,VIIRS_NOAA20_NRT,,
29.65652,91.16412,326.58,0.45,0.39,2026-09-16,652,N20,VIIRS,n,2.0NRT,295.43,2.09,D,VIIRS_NOAA20_NRT,,
29.66486,91.21,337.19,0.45,0.39,2026-09-16,652,N20,VIIRS,n,2.0NRT,289.37,3.83,D,VIIRS_NOAA20_NRT,,
29.70883,91.10911,325.47,0.45,0.39,2026-09-16,652,N20,VIIRS,l,2.0NRT,297.87,3.62,D,VIIRS_NOAA20_NRT,,
8.49682,77.3105,334.95,0.45,0.39,2026-09-16,828,N20,VIIRS,n,2.0NRT,299.04,4.23,D,VIIRS_NOAA20_NRT,,
8.60506,77.97533,337.34,0.49,0.4,2026-09-16,828,N20,VIIRS,n,2.0NRT,302.48,4.11,D,VIIRS_NOAA20_NRT,,
8.93097,78.16671,337.0,0.5,0.41,2026-09-16,828,N20,VIIRS,n,2.0NRT,302.83,7.34,D,VIIRS_NOAA20_NRT,,
8.96156,77.6789,343.05,0.48,0.4,2026-09-16,828,N20,VIIRS,n,2.0NRT,302.28,5.28,D,VIIRS_NOAA20_NRT,,
8.98199,77.7689,336.97,0.48,0.4,2026-09-16,828,N20,VIIRS,n,2.0NRT,303.94,8.05,D,VIIRS_NOAA20_NRT,,
9.04229,77.30936,330.49,0.46,0.39,2026-09-16,828,N20,VIIRS,l,2.0NRT,302.73,2.15,D,VIIRS_NOAA20_NRT,,
9.58507,78.57467,338.12,0.54,0.42,2026-09-16,828,N20,VIIRS,n,2.0NRT,298.42,5.78,D,VIIRS_NOAA20_NRT,,
10.68734,79.37804,336.84,0.42,0.45,2026-09-16,828,N20,VIIRS,n,2.0NRT,300.28,5.53,D,VIIRS_NOAA20_NRT,,
10.83984,79.61513,342.39,0.43,0.46,2026-09-16,828,N20,VIIRS,n,2.0NRT,299.24,3.08,D,VIIRS_NOAA20_NRT,,
10.84407,78.67319,337.34,0.57,0.43,2026-09-16,828,N20,VIIRS,n,2.0NRT,301.31,4.53,D,VIIRS_NOAA20_NRT,,
10.86347,78.58108,331.06,0.56,0.43,2026-09-16,828,N20,VIIRS,l,2.0NRT,301.52,2.12,D,VIIRS_NOAA20_NRT,,
10.96033,78.12535,333.99,0.53,0.42,2026-09-16,828,N20,VIIRS,n,2.0NRT,301.41,3.99,D,VIIRS_NOAA20_NRT,,
10.96226,79.10973,335.51,0.41,0.45,2026-09-16,828,N20,VIIRS,n,2.0NRT,300.65,3.59,D,VIIRS_NOAA20_NRT,,
10.96275,79.11342,343.42,0.41,0.45,2026-09-16,828,N20,VIIRS,n,2.0NRT,300.84,3.59,D,VIIRS_NOAA20_NRT,,
12.41216,79.09631,337.06,0.42,0.45,2026-09-16,828,N20,VIIRS,n,2.0NRT,300.06,3.39,D,VIIRS_NOAA20_NRT,,
12.52822,76.39294,332.52,0.45,0.39,2026-09-16,828,N20,VIIRS,n,2.0NRT,299.49,5.12,D,VIIRS_NOAA20_NRT,,
12.56592,79.88382,340.22,0.48,0.48,2026-09-16,828,N20,VIIRS,n,2.0NRT,298.62,3.21,D,VIIRS_NOAA20_NRT,,
12.56632,79.88676,336.86,0.48,0.48,2026-09-16,828,N20,VIIRS,n,2.0NRT,298.37,2.56,D,VIIRS_NOAA20_NRT,,
12.89211,76.46473,333.98,0.46,0.39,2026-09-16,828,N20,VIIRS,n,2.0NRT,297.23,2.72,D,VIIRS_NOAA20_NRT,,
13.11887,76.05314,337.89,0.44,0.38,2026-09-16,830,N20,VIIRS,n,2.0NRT,304.96,4.72,D,VIIRS_NOAA20_NRT,,
13.11896,76.04971,331.85,0.44,0.38,2026-09-16,830,N20,VIIRS,n,2.0NRT,301.58,5.6,D,VIIRS_NOAA20_NRT,,
13.53701,76.91315,337.97,0.49,0.4,2026-09-16,830,N20,VIIRS,n,2.0NRT,302.72,3.98,D,VIIRS_NOAA20_NRT,,
13.67614,79.59966,344.06,0.47,0.48,2026-09-16,830,N20,VIIRS,n,2.0NRT,296.82,5.46,D,VIIRS_NOAA20_NRT,,
13.74191,79.65913,348.77,0.48,0.48,2026-09-16,830,N20,VIIRS,n,2.0NRT,298.82,10.54,D,VIIRS_NOAA20_NRT,,
13.76149,79.74277,334.03,0.49,0.48,2026-09-16,830,N20,VIIRS,n,2.0NRT,300.61,4.58,D,VIIRS_NOAA20_NRT,,
13.7839,77.77302,338.37,0.55,0.43,2026-09-16,830,N20,VIIRS,n,2.0NRT,303.72,5.45,D,VIIRS_NOAA20_NRT,,
13.78421,77.76974,338.6,0.55,0.43,2026-09-16,830,N20,VIIRS,n,2.0NRT,303.86,4.96,D,VIIRS_NOAA20_NRT,,
13.86639,79.54579,341.86,0.47,0.48,2026-09-16,830,N20,VIIRS,n,2.0NRT,301.18,4.4,D,VIIRS_NOAA20_NRT,,
14.08946,77.4809,339.89,0.53,0.42,2026-09-16,830,N20,VIIRS,n,2.0NRT,306.21,9.87,D,VIIRS_NOAA20_NRT,,
14.88767,77.7773,331.98,0.57,0.43,2026-09-16,830,N20,VIIRS,n,2.0NRT,298.14,3.89,D,VIIRS_NOAA20_NRT,,
15.16456,77.42062,338.85,0.55,0.42,2026-09-16,830,N20,VIIRS,n,2.0NRT,305.55,7.47,D,VIIRS_NOAA20_NRT,,
15.175,76.65633,344.39,0.5,0.41,2026-09-16,830,N20,VIIRS,n,2.0NRT,308.28,11.3,D,VIIRS_NOAA20_NRT,,
15.18058,76.66963,336.63,0.5,0.41,2026-09-16,830,N20,VIIRS,n,2.0NRT,304.61,6.49,D,VIIRS_NOAA20_NRT,,
15.27137,75.19524,340.59,0.43,0.38,2026-09-16,830,N20,VIIRS,n,2.0NRT,305.01,3.89,D,VIIRS_NOAA20_NRT,,
15.27343,75.1951,339.94,0.43,0.38,2026-09-16,830,N20,VIIRS,n,2.0NRT,301.0,4.39,D,VIIRS_NOAA20_NRT,,
15.38805,76.60542,331.42,0.49,0.41,2026-09-16,830,N20,VIIRS,l,2.0NRT,305.75,7.36,D,VIIRS_NOAA20_NRT,,
15.44618,75.32449,341.77,0.43,0.38,2026-09-16,830,N20,VIIRS,n,2.0NRT,307.3,16.69,D,VIIRS_NOAA20_NRT,,
15.9438,76.58031,348.82,0.5,0.41,2026-09-16,830,N20,VIIRS,n,2.0NRT,309.86,12.3,D,VIIRS_NOAA20_NRT,,
16.3295,77.34757,340.46,0.56,0.43,2026-09-16,830,N20,VIIRS,n,2.0NRT,304.21,9.66,D,VIIRS_NOAA20_NRT,,
16.32977,77.35065,339.63,0.56,0.43,2026-09-16,830,N20,VIIRS,n,2.0NRT,305.97,7.5,D,VIIRS_NOAA20_NRT,,
16.42689,78.57488,330.41,0.44,0.46,2026-09-16,830,N20,VIIRS,n,2.0NRT,298.06,3.22,D,VIIRS_NOAA20_NRT,,
16.6308,77.83151,335.01,0.4,0.44,2026-09-16,830,N20,VIIRS,n,2.0NRT,303.82,2.59,D,VIIRS_NOAA20_NRT,,
17.5842,78.69642,337.91,0.47,0.48,2026-09-16,830,N20,VIIRS,n,2.0NRT,294.15,3.89,D,VIIRS_NOAA20_NRT,,
18.42752,74.5407,330.01,0.43,0.38,2026-09-16,830,N20,VIIRS,l,2.0NRT,301.21,1.61,D,VIIRS_NOAA20_NRT,,
19.36845,71.35399,345.02,0.39,0.36,2026-09-16,833,N20,VIIRS,n,2.0NRT,292.23,3.53,D,VIIRS_NOAA20_NRT,,
21.10281,72.63559,345.34,0.39,0.37,2026-09-16,833,N20,VIIRS,n,2.0NRT,297.27,7.84,D,VIIRS_NOAA20_NRT,,
21.10445,72.64693,336.15,0.39,0.37,2026-09-16,833,N20,VIIRS,n,2.0NRT,299.03,22.73,D,VIIRS_NOAA20_NRT,,
21.67873,84.04028,328.43,0.59,0.7,2026-09-16,833,N20,VIIRS,n,2.0NRT,290.61,5.85,D,VIIRS_NOAA20_NRT,,
21.7489,83.84554,341.9,0.57,0.69,2026-09-16,833,N20,VIIRS,n,2.0NRT,290.92,7.51,D,VIIRS_NOAA20_NRT,,
21.7553,83.84509,333.09,0.57,0.69,2026-09-16,833,N20,VIIRS,n,2.0NRT,290.98,7.51,D,VIIRS_NOAA20_NRT,,
21.91929,83.35159,328.14,0.53,0.67,2026-09-16,833,N20,VIIRS,n,2.0NRT,290.14,6.16,D,VIIRS_NOAA20_NRT,,
22.35844,82.30445,336.07,0.46,0.64,2026-09-16,833,N20,VIIRS,n,2.0NRT,292.39,5.04,D,VIIRS_NOAA20_NRT,,
27.92851,68.94833,336.69,0.39,0.36,2026-09-16,835,N20,VIIRS,n,2.0NRT,306.6,3.86,D,VIIRS_NOAA20_NRT,,
27.98114,69.00202,341.13,0.39,0.36,2026-09-16,835,N20,VIIRS,n,2.0NRT,304.14,9.68,D,VIIRS_NOAA20_NRT,,
28.0518,69.36802,337.29,0.38,0.36,2026-09-16,835,N20,VIIRS,n,2.0NRT,304.91,3.92,D,VIIRS_NOAA20_NRT,,
28.42594,69.70258,333.42,0.38,0.36,2026-09-16,835,N20,VIIRS,l,2.0NRT,304.64,2.44,D,VIIRS_NOAA20_NRT,,
29.79357,72.82716,331.74,0.47,0.39,2026-09-16,835,N20,VIIRS,n,2.0NRT,300.17,4.04,D,VIIRS_NOAA20_NRT,,
29.8404,72.17225,331.89,0.44,0.38,2026-09-16,835,N20,VIIRS,n,2.0NRT,301.35,2.06,D,VIIRS_NOAA20_NRT,,
30.42869,71.52204,331.78,0.42,0.38,2026-09-16,835,N20,VIIRS,l,2.0NRT,304.12,3.83,D,VIIRS_NOAA20_NRT,,
30.58067,76.67072,339.26,0.51,0.49,2026-09-16,835,N20,VIIRS,n,2.0NRT,294.98,3.69,D,VIIRS_NOAA20_NRT,,
31.32667,74.97182,334.99,0.41,0.45,2026-09-16,835,N20,VIIRS,n,2.0NRT,294.62,3.39,D,VIIRS_NOAA20_NRT,,
31.35779,75.91885,341.24,0.47,0.48,2026-09-16,835,N20,VIIRS,n,2.0NRT,294.33,5.66,D,VIIRS_NOAA20_NRT,,
31.60238,70.66931,331.49,0.41,0.37,2026-09-16,835,N20,VIIRS,n,2.0NRT,300.61,2.72,D,VIIRS_NOAA20_NRT,,
31.71229,75.0233,336.99,0.42,0.45,2026-09-16,835,N20,VIIRS,n,2.0NRT,299.16,2.15,D,VIIRS_NOAA20_NRT,,
31.8091,72.33929,333.79,0.47,0.39,2026-09-16,835,N20,VIIRS,n,2.0NRT,298.5,1.77,D,VIIRS_NOAA20_NRT,,
31.87643,74.70545,339.99,0.41,0.45,2026-09-16,835,N20,VIIRS,n,2.0NRT,298.04,6.14,D,VIIRS_NOAA20_NRT,,
31.89927,74.76359,337.23,0.41,0.45,2026-09-16,835,N20,VIIRS,n,2.0NRT,296.92,3.85,D,VIIRS_NOAA20_NRT,,
31.98503,70.50095,330.11,0.41,0.37,2026-09-16,835,N20,VIIRS,l,2.0NRT,302.88,1.87,D,VIIRS_NOAA20_NRT,,
34.00264,75.51482,342.96,0.48,0.48,2026-09-16,835,N20,VIIRS,n,2.0NRT,302.5,7.43,D,VIIRS_NOAA20_NRT,,
35.43485,73.60477,328.3,0.39,0.44,2026-09-16,837,N20,VIIRS,n,2.0NRT,298.76,2.14,D,VIIRS_NOAA20_NRT,,
29.66235,90.90552,298.22,0.5,0.49,2026-09-16,1915,N20,VIIRS,n,2.0NRT,281.89,0.67,N,VIIRS_NOAA20_NRT,,
30.06927,96.97752,304.99,0.4,0.37,2026-09-16,1915,N20,VIIRS,n,2.0NRT,283.44,0.98,N,VIIRS_NOAA20_NRT,,
23.83909,85.4687,303.63,0.47,0.64,2026-09-16,1917,N20,VIIRS,n,2.0NRT,286.89,1.2,N,VIIRS_NOAA20_NRT,,
17.61333,83.20241,298.48,0.56,0.69,2026-09-16,1919,N20,VIIRS,n,2.0NRT,274.73,0.72,N,VIIRS_NOAA20_NRT,,
20.76298,85.29638,311.66,0.44,0.63,2026-09-16,1919,N20,VIIRS,n,2.0NRT,285.61,1.9,N,VIIRS_NOAA20_NRT,,
20.76338,85.29202,308.08,0.44,0.63,2026-09-16,1919,N20,VIIRS,n,2.0NRT,285.74,2.46,N,VIIRS_NOAA20_NRT,,
20.78933,85.2644,303.51,0.45,0.63,2026-09-16,1919,N20,VIIRS,n,2.0NRT,284.62,0.87,N,VIIRS_NOAA20_NRT,,
20.78973,85.26014,302.06,0.45,0.63,2026-09-16,1919,N20,VIIRS,n,2.0NRT,284.82,1.46,N,VIIRS_NOAA20_NRT,,
20.79013,85.25584,301.71,0.45,0.63,2026-09-16,1919,N20,VIIRS,n,2.0NRT,284.43,1.46,N,VIIRS_NOAA20_NRT,,
20.79632,85.25225,326.27,0.45,0.63,2026-09-16,1919,N20,VIIRS,n,2.0NRT,286.02,4.02,N,VIIRS_NOAA20_NRT,,
20.80793,85.2534,308.9,0.45,0.63,2026-09-16,1919,N20,VIIRS,n,2.0NRT,286.67,1.5,N,VIIRS_NOAA20_NRT,,
20.86289,84.98431,309.04,0.47,0.64,2026-09-16,1919,N20,VIIRS,n,2.0NRT,285.2,1.38,N,VIIRS_NOAA20_NRT,,
20.8673,84.98212,306.54,0.47,0.64,2026-09-16,1919,N20,VIIRS,n,2.0NRT,285.02,0.87,N,VIIRS_NOAA20_NRT,,
20.88543,84.97926,310.17,0.47,0.64,2026-09-16,1919,N20,VIIRS,n,2.0NRT,285.0,1.13,N,VIIRS_NOAA20_NRT,,
20.88693,84.98219,304.56,0.47,0.64,2026-09-16,1919,N20,VIIRS,n,2.0NRT,284.92,1.97,N,VIIRS_NOAA20_NRT,,
20.88736,84.97774,302.01,0.47,0.64,2026-09-16,1919,N20,VIIRS,n,2.0NRT,284.54,1.69,N,VIIRS_NOAA20_NRT,,
20.89134,84.97982,302.58,0.47,0.64,2026-09-16,1919,N20,VIIRS,n,2.0NRT,285.16,1.13,N,VIIRS_NOAA20_NRT,,
20.94222,86.05765,318.58,0.4,0.6,2026-09-16,1919,N20,VIIRS,n,2.0NRT,288.46,1.53,N,VIIRS_NOAA20_NRT,,
20.95437,86.04774,328.43,0.4,0.6,2026-09-16,1919,N20,VIIRS,n,2.0NRT,288.5,3.43,N,VIIRS_NOAA20_NRT,,
20.95475,86.04396,307.65,0.4,0.6,2026-09-16,1919,N20,VIIRS,n,2.0NRT,288.36,2.98,N,VIIRS_NOAA20_NRT,,
20.96122,85.18494,304.56,0.45,0.63,2026-09-16,1919,N20,VIIRS,n,2.0NRT,289.21,1.3,N,VIIRS_NOAA20_NRT,,
20.96225,85.1706,305.45,0.45,0.63,2026-09-16,1919,N20,VIIRS,n,2.0NRT,289.31,1.65,N,VIIRS_NOAA20_NRT,,
20.96249,85.17177,307.54,0.45,0.63,2026-09-16,1919,N20,VIIRS,n,2.0NRT,289.4,1.26,N,VIIRS_NOAA20_NRT,,
20.96291,85.16737,305.36,0.45,0.63,2026-09-16,1919,N20,VIIRS,n,2.0NRT,289.86,1.26,N,VIIRS_NOAA20_NRT,,
20.96373,86.00972,311.33,0.4,0.6,2026-09-16,1919,N20,VIIRS,n,2.0NRT,288.93,1.71,N,VIIRS_NOAA20_NRT,,
20.96412,86.00587,321.39,0.4,0.6,2026-09-16,1919,N20,VIIRS,n,2.0NRT,288.75,2.34,N,VIIRS_NOAA20_NRT,,
20.9645,86.00201,327.41,0.4,0.6,2026-09-16,1919,N20,VIIRS,n,2.0NRT,288.69,2.34,N,VIIRS_NOAA20_NRT,,
20.96651,85.18881,309.73,0.45,0.63,2026-09-16,1919,N20,VIIRS,n,2.0NRT,289.35,1.41,N,VIIRS_NOAA20_NRT,,
20.96663,85.18992,306.16,0.45,0.63,2026-09-16,1919,N20,VIIRS,n,2.0NRT,288.95,1.3,N,VIIRS_NOAA20_NRT,,
20.9669,85.18446,304.39,0.45,0.63,2026-09-16,1919,N20,VIIRS,n,2.0NRT,288.88,1.41,N,VIIRS_NOAA20_NRT,,
20.96769,85.17564,309.47,0.45,0.63,2026-09-16,1919,N20,VIIRS,n,2.0NRT,289.26,3.29,N,VIIRS_NOAA20_NRT,,
20.9679,85.17679,307.03,0.45,0.63,2026-09-16,1919,N20,VIIRS,n,2.0NRT,289.08,3.27,N,VIIRS_NOAA20_NRT,,
20.96809,85.17117,305.26,0.45,0.63,2026-09-16,1919,N20,VIIRS,n,2.0NRT,289.35,1.65,N,VIIRS_NOAA20_NRT,,
20.96833,85.17233,311.0,0.45,0.63,2026-09-16,1919,N20,VIIRS,n,2.0NRT,289.21,1.26,N,VIIRS_NOAA20_NRT,,
20.96849,85.1667,310.99,0.45,0.63,2026-09-16,1919,N20,VIIRS,n,2.0NRT,289.26,1.65,N,VIIRS_NOAA20_NRT,,
20.96851,86.01801,307.71,0.4,0.6,2026-09-16,1919,N20,VIIRS,n,2.0NRT,288.64,1.21,N,VIIRS_NOAA20_NRT,,
20.96876,85.16788,309.74,0.45,0.63,2026-09-16,1919,N20,VIIRS,n,2.0NRT,289.44,1.26,N,VIIRS_NOAA20_NRT,,
20.96889,85.16222,304.49,0.45,0.63,2026-09-16,1919,N20,VIIRS,n,2.0NRT,289.26,2.91,N,VIIRS_NOAA20_NRT,,
20.96928,86.01028,308.94,0.4,0.6,2026-09-16,1919,N20,VIIRS,n,2.0NRT,288.33,1.71,N,VIIRS_NOAA20_NRT,,
20.96966,86.0064,303.92,0.4,0.6,2026-09-16,1919,N20,VIIRS,n,2.0NRT,288.48,2.34,N,VIIRS_NOAA20_NRT,,
20.97353,85.17622,306.31,0.45,0.63,2026-09-16,1919,N20,VIIRS,n,2.0NRT,288.99,0.89,N,VIIRS_NOAA20_NRT,,
21.00104,86.02441,304.96,0.4,0.6,2026-09-16,1919,N20,VIIRS,n,2.0NRT,288.51,0.66,N,VIIRS_NOAA20_NRT,,
21.00251,86.00888,303.22,0.4,0.6,2026-09-16,1919,N20,VIIRS,n,2.0NRT,288.18,0.34,N,VIIRS_NOAA20_NRT,,
21.00289,86.01031,306.17,0.4,0.6,2026-09-16,1919,N20,VIIRS,n,2.0NRT,288.29,1.01,N,VIIRS_NOAA20_NRT,,
21.0792,85.04084,307.14,0.46,0.64,2026-09-16,1919,N20,VIIRS,n,2.0NRT,288.83,1.72,N,VIIRS_NOAA20_NRT,,
21.07959,85.0363,309.59,0.46,0.64,2026-09-16,1919,N20,VIIRS,n,2.0NRT,289.45,1.56,N,VIIRS_NOAA20_NRT,,
21.07998,85.03182,309.24,0.47,0.64,2026-09-16,1919,N20,VIIRS,n,2.0NRT,289.01,1.56,N,VIIRS_NOAA20_NRT,,
21.08137,85.03482,309.94,0.46,0.64,2026-09-16,1919,N20,VIIRS,n,2.0NRT,289.14,2.41,N,VIIRS_NOAA20_NRT,,
21.38017,81.6739,304.65,0.77,0.77,2026-09-16,1919,N20,VIIRS,n,2.0NRT,284.94,2.2,N,VIIRS_NOAA20_NRT,,
21.67456,82.0742,304.91,0.73,0.76,2026-09-16,1919,N20,VIIRS,n,2.0NRT,284.47,2.43,N,VIIRS_NOAA20_NRT,,
21.67726,84.03349,304.59,0.55,0.68,2026-09-16,1919,N20,VIIRS,n,2.0NRT,287.06,2.3,N,VIIRS_NOAA20_NRT,,
21.67977,84.0369,305.97,0.55,0.68,2026-09-16,1919,N20,VIIRS,n,2.0NRT,287.49,2.33,N,VIIRS_NOAA20_NRT,,
21.75463,84.02014,307.76,0.55,0.68,2026-09-16,1919,N20,VIIRS,n,2.0NRT,286.69,1.63,N,VIIRS_NOAA20_NRT,,
21.76093,84.02087,305.37,0.55,0.68,2026-09-16,1919,N20,VIIRS,n,2.0NRT,287.31,1.63,N,VIIRS_NOAA20_NRT,,
21.76265,83.84477,304.59,0.56,0.69,2026-09-16,1919,N20,VIIRS,n,2.0NRT,285.87,2.52,N,VIIRS_NOAA20_NRT,,
21.80278,82.03368,304.42,0.74,0.76,2026-09-16,1919,N20,VIIRS,n,2.0NRT,284.3,1.05,N,VIIRS_NOAA20_NRT,,
21.92046,83.34522,306.9,0.61,0.71,2026-09-16,1919,N20,VIIRS,n,2.0NRT,286.98,1.88,N,VIIRS_NOAA20_NRT,,
21.92798,83.3338,303.28,0.61,0.71,2026-09-16,1919,N20,VIIRS,n,2.0NRT,286.89,1.47,N,VIIRS_NOAA20_NRT,,
21.98774,83.22835,304.51,0.62,0.72,2026-09-16,1919,N20,VIIRS,n,2.0NRT,286.45,1.18,N,VIIRS_NOAA20_NRT,,
22.00819,82.66542,302.74,0.68,0.74,2026-09-16,1919,N20,VIIRS,n,2.0NRT,281.63,2.32,N,VIIRS_NOAA20_NRT,,
22.03819,83.35056,304.7,0.61,0.71,2026-09-16,1919,N20,VIIRS,n,2.0NRT,286.58,1.9,N,VIIRS_NOAA20_NRT,,
22.05389,88.12543,297.92,0.6,0.53,2026-09-16,1919,N20,VIIRS,n,2.0NRT,268.22,1.52,N,VIIRS_NOAA20_NRT,,
22.06939,83.70183,301.8,0.58,0.7,2026-09-16,1919,N20,VIIRS,n,2.0NRT,285.93,0.61,N,VIIRS_NOAA20_NRT,,
22.21553,84.8644,295.81,0.49,0.65,2026-09-16,1919,N20,VIIRS,n,2.0NRT,268.38,1.41,N,VIIRS_NOAA20_NRT,,
22.32125,82.56095,308.19,0.69,0.74,2026-09-16,1919,N20,VIIRS,n,2.0NRT,285.84,2.9,N,VIIRS_NOAA20_NRT,,
22.32141,82.55987,307.41,0.69,0.74,2026-09-16,1919,N20,VIIRS,n,2.0NRT,285.95,2.24,N,VIIRS_NOAA20_NRT,,
22.32615,82.58831,308.27,0.69,0.74,2026-09-16,1919,N20,VIIRS,n,2.0NRT,283.85,2.1,N,VIIRS_NOAA20_NRT,,
22.32649,82.58727,305.53,0.69,0.74,2026-09-16,1919,N20,VIIRS,n,2.0NRT,283.52,1.64,N,VIIRS_NOAA20_NRT,,
22.33202,82.60254,304.84,0.69,0.74,2026-09-16,1919,N20,VIIRS,n,2.0NRT,285.26,1.97,N,VIIRS_NOAA20_NRT,,
22.33244,82.60157,304.5,0.69,0.74,2026-09-16,1919,N20,VIIRS,n,2.0NRT,285.88,1.08,N,VIIRS_NOAA20_NRT,,
22.57494,85.89629,303.41,0.42,0.61,2026-09-16,1919,N20,VIIRS,n,2.0NRT,283.95,1.25,N,VIIRS_NOAA20_NRT,,
22.57533,85.8921,300.89,0.42,0.61,2026-09-16,1919,N20,VIIRS,n,2.0NRT,282.69,1.48,N,VIIRS_NOAA20_NRT,,
22.5916,85.90221,301.99,0.42,0.61,2026-09-16,1919,N20,VIIRS,n,2.0NRT,281.34,0.73,N,VIIRS_NOAA20_NRT,,
23.64867,85.43787,309.07,0.47,0.64,2026-09-16,1919,N20,VIIRS,n,2.0NRT,282.84,1.49,N,VIIRS_NOAA20_NRT,,
23.64905,85.4333,312.23,0.47,0.64,2026-09-16,1919,N20,VIIRS,n,2.0NRT,282.99,1.49,N,VIIRS_NOAA20_NRT,,
23.69738,85.28756,303.28,0.48,0.65,2026-09-16,1919,N20,VIIRS,n,2.0NRT,284.24,0.98,N,VIIRS_NOAA20_NRT,,
35.9675,68.68446,300.36,0.4,0.44,2026-09-16,2055,N20,VIIRS,n,2.0NRT,289.42,0.62,N,VIIRS_NOAA20_NRT,,
35.97157,68.68496,299.51,0.4,0.44,2026-09-16,2055,N20,VIIRS,n,2.0NRT,288.52,0.75,N,VIIRS_NOAA20_NRT,,
36.99757,80.19321,301.27,0.51,0.41,2026-09-16,2055,N20,VIIRS,n,2.0NRT,288.85,1.7,N,VIIRS_NOAA20_NRT,,
23.76287,86.39735,300.76,0.74,0.76,2026-09-16,2057,N20,VIIRS,n,2.0NRT,267.93,3.15,N,VIIRS_NOAA20_NRT,,
23.76341,86.39781,300.13,0.74,0.76,2026-09-16,2057,N20,VIIRS,n,2.0NRT,268.03,2.5,N,VIIRS_NOAA20_NRT,,
23.77298,86.19218,299.99,0.72,0.75,2026-09-16,2057,N20,VIIRS,n,2.0NRT,278.57,1.52,N,VIIRS_NOAA20_NRT,,
23.77355,86.19236,299.82,0.72,0.75,2026-09-16,2057,N20,VIIRS,n,2.0NRT,278.8,1.82,N,VIIRS_NOAA20_NRT,,
23.783,86.20944,310.37,0.72,0.76,2026-09-16,2057,N20,VIIRS,n,2.0NRT,278.9,3.69,N,VIIRS_NOAA20_NRT,,
23.78351,86.2095,307.27,0.72,0.75,2026-09-16,2057,N20,VIIRS,n,2.0NRT,278.72,1.84,N,VIIRS_NOAA20_NRT,,
23.78533,86.20263,298.07,0.72,0.75,2026-09-16,2057,N20,VIIRS,n,2.0NRT,278.33,1.84,N,VIIRS_NOAA20_NRT,,
23.79788,86.34793,297.08,0.73,0.76,2026-09-16,2057,N20,VIIRS,n,2.0NRT,271.92,2.77,N,VIIRS_NOAA20_NRT,,
26.64292,79.47828,310.26,0.48,0.48,2026-09-16,2057,N20,VIIRS,n,2.0NRT,293.38,2.87,N,VIIRS_NOAA20_NRT,,
29.97354,77.5223,295.85,0.5,0.41,2026-09-16,2057,N20,VIIRS,n,2.0NRT,276.81,0.63,N,VIIRS_NOAA20_NRT,,
30.4476,70.56883,307.79,0.43,0.38,2026-09-16,2057,N20,VIIRS,n,2.0NRT,293.05,0.6,N,VIIRS_NOAA20_NRT,,
31.25072,76.92822,295.48,0.45,0.39,2026-09-16,2057,N20,VIIRS,n,2.0NRT,276.24,0.3,N,VIIRS_NOAA20_NRT,,
33.68983,72.71297,307.56,0.4,0.37,2026-09-16,2057,N20,VIIRS,n,2.0NRT,285.78,1.44,N,VIIRS_NOAA20_NRT,,
19.10005,82.16497,302.8,0.51,0.66,2026-09-16,2059,N20,VIIRS,n,2.0NRT,284.24,1.81,N,VIIRS_NOAA20_NRT,,
20.35771,72.94888,313.99,0.42,0.38,2026-09-16,2059,N20,VIIRS,n,2.0NRT,291.1,1.11,N,VIIRS_NOAA20_NRT,,
20.76372,85.29387,303.46,0.74,0.76,2026-09-16,2059,N20,VIIRS,n,2.0NRT,281.3,1.31,N,VIIRS_NOAA20_NRT,,
20.76439,85.2942,303.58,0.74,0.76,2026-09-16,2059,N20,VIIRS,n,2.0NRT,281.25,1.39,N,VIIRS_NOAA20_NRT,,
20.79624,85.25153,312.37,0.73,0.76,2026-09-16,2059,N20,VIIRS,n,2.0NRT,280.62,2.38,N,VIIRS_NOAA20_NRT,,
20.7966,85.25189,313.06,0.73,0.76,2026-09-16,2059,N20,VIIRS,n,2.0NRT,280.6,3.99,N,VIIRS_NOAA20_NRT,,
20.86193,84.98901,300.21,0.7,0.75,2026-09-16,2059,N20,VIIRS,n,2.0NRT,280.15,1.26,N,VIIRS_NOAA20_NRT,,
20.86667,70.56642,307.37,0.38,0.36,2026-09-16,2059,N20,VIIRS,n,2.0NRT,292.75,1.07,N,VIIRS_NOAA20_NRT,,
20.8687,84.99061,302.0,0.7,0.75,2026-09-16,2059,N20,VIIRS,n,2.0NRT,280.91,1.26,N,VIIRS_NOAA20_NRT,,
20.96375,85.1627,300.07,0.72,0.75,2026-09-16,2059,N20,VIIRS,n,2.0NRT,277.86,1.42,N,VIIRS_NOAA20_NRT,,
20.96552,85.18462,310.31,0.72,0.76,2026-09-16,2059,N20,VIIRS,n,2.0NRT,278.23,3.11,N,VIIRS_NOAA20_NRT,,
20.96882,85.17133,312.83,0.72,0.76,2026-09-16,2059,N20,VIIRS,n,2.0NRT,277.66,3.28,N,VIIRS_NOAA20_NRT,,
20.97554,85.17336,300.16,0.72,0.76,2026-09-16,2059,N20,VIIRS,n,2.0NRT,277.28,3.28,N,VIIRS_NOAA20_NRT,,
20.97717,85.16679,303.54,0.72,0.75,2026-09-16,2059,N20,VIIRS,n,2.0NRT,276.75,4.14,N,VIIRS_NOAA20_NRT,,
20.97756,85.16721,303.65,0.72,0.75,2026-09-16,2059,N20,VIIRS,n,2.0NRT,276.95,1.96,N,VIIRS_NOAA20_NRT,,
20.97872,85.13143,301.06,0.71,0.75,2026-09-16,2059,N20,VIIRS,n,2.0NRT,279.1,2.48,N,VIIRS_NOAA20_NRT,,
21.10112,72.63636,330.33,0.41,0.37,2026-09-16,2059,N20,VIIRS,n,2.0NRT,293.13,6.98,N,VIIRS_NOAA20_NRT,,
21.10449,72.63702,323.88,0.41,0.37,2026-09-16,2059,N20,VIIRS,n,2.0NRT,292.23,1.97,N,VIIRS_NOAA20_NRT,,
21.10654,72.64538,312.31,0.41,0.37,2026-09-16,2059,N20,VIIRS,n,2.0NRT,291.88,3.09,N,VIIRS_NOAA20_NRT,,
21.10786,72.63766,308.3,0.41,0.37,2026-09-16,2059,N20,VIIRS,n,2.0NRT,293.24,1.97,N,VIIRS_NOAA20_NRT,,
21.18223,81.38342,309.47,0.41,0.61,2026-09-16,2059,N20,VIIRS,n,2.0NRT,288.32,2.3,N,VIIRS_NOAA20_NRT,,
21.18682,81.38865,325.9,0.41,0.61,2026-09-16,2059,N20,VIIRS,n,2.0NRT,288.89,2.3,N,VIIRS_NOAA20_NRT,,
21.25175,79.20641,308.88,0.59,0.53,2026-09-16,2059,N20,VIIRS,n,2.0NRT,289.83,1.27,N,VIIRS_NOAA20_NRT,,
21.30925,81.5888,307.59,0.42,0.61,2026-09-16,2059,N20,VIIRS,n,2.0NRT,287.78,1.04,N,VIIRS_NOAA20_NRT,,
21.3138,81.58978,305.82,0.42,0.61,2026-09-16,2059,N20,VIIRS,n,2.0NRT,287.93,1.1,N,VIIRS_NOAA20_NRT,,
21.33635,78.96861,306.6,0.57,0.52,2026-09-16,2059,N20,VIIRS,n,2.0NRT,290.18,1.71,N,VIIRS_NOAA20_NRT,,
21.34993,81.66181,306.67,0.42,0.61,2026-09-16,2059,N20,VIIRS,n,2.0NRT,287.41,1.05,N,VIIRS_NOAA20_NRT,,
21.37486,81.6808,306.56,0.42,0.61,2026-09-16,2059,N20,VIIRS,n,2.0NRT,288.25,2.1,N,VIIRS_NOAA20_NRT,,
21.37554,81.65169,305.1,0.42,0.61,2026-09-16,2059,N20,VIIRS,n,2.0NRT,287.76,1.09,N,VIIRS_NOAA20_NRT,,
21.37575,81.67684,306.1,0.42,0.61,2026-09-16,2059,N20,VIIRS,n,2.0NRT,288.2,1.5,N,VIIRS_NOAA20_NRT,,
21.37819,81.63983,310.21,0.42,0.61,2026-09-16,2059,N20,VIIRS,n,2.0NRT,288.13,2.0,N,VIIRS_NOAA20_NRT,,
21.45712,81.80067,305.89,0.43,0.62,2026-09-16,2059,N20,VIIRS,n,2.0NRT,287.93,0.64,N,VIIRS_NOAA20_NRT,,
21.48653,81.76577,305.03,0.43,0.62,2026-09-16,2059,N20,VIIRS,n,2.0NRT,287.55,1.59,N,VIIRS_NOAA20_NRT,,
21.48825,81.76633,303.07,0.43,0.62,2026-09-16,2059,N20,VIIRS,n,2.0NRT,287.43,1.46,N,VIIRS_NOAA20_NRT,,
21.49399,81.81,303.64,0.43,0.62,2026-09-16,2059,N20,VIIRS,n,2.0NRT,287.49,0.4,N,VIIRS_NOAA20_NRT,,
21.50045,81.80745,304.89,0.43,0.62,2026-09-16,2059,N20,VIIRS,n,2.0NRT,287.46,0.61,N,VIIRS_NOAA20_NRT,,
21.5636,72.91458,305.19,0.41,0.37,2026-09-16,2059,N20,VIIRS,n,2.0NRT,291.24,1.62,N,VIIRS_NOAA20_NRT,,
21.62496,81.79198,303.78,0.43,0.62,2026-09-16,2059,N20,VIIRS,n,2.0NRT,287.95,1.19,N,VIIRS_NOAA20_NRT,,
21.6741,82.08178,306.12,0.44,0.63,2026-09-16,2059,N20,VIIRS,n,2.0NRT,287.88,1.0,N,VIIRS_NOAA20_NRT,,
21.68258,84.03684,313.14,0.59,0.7,2026-09-16,2059,N20,VIIRS,n,2.0NRT,286.63,3.16,N,VIIRS_NOAA20_NRT,,
21.74345,83.83869,311.19,0.57,0.69,2026-09-16,2059,N20,VIIRS,n,2.0NRT,286.67,4.27,N,VIIRS_NOAA20_NRT,,
21.74626,83.84127,329.13,0.57,0.69,2026-09-16,2059,N20,VIIRS,n,2.0NRT,287.21,3.71,N,VIIRS_NOAA20_NRT,,
21.74759,83.83586,312.46,0.57,0.69,2026-09-16,2059,N20,VIIRS,n,2.0NRT,286.31,2.99,N,VIIRS_NOAA20_NRT,,
21.7496,83.84057,336.74,0.57,0.69,2026-09-16,2059,N20,VIIRS,n,2.0NRT,287.08,4.27,N,VIIRS_NOAA20_NRT,,
21.75241,83.84314,304.91,0.57,0.69,2026-09-16,2059,N20,VIIRS,n,2.0NRT,286.73,3.71,N,VIIRS_NOAA20_NRT,,
21.75374,83.8377,304.4,0.57,0.69,2026-09-16,2059,N20,VIIRS,n,2.0NRT,286.67,2.99,N,VIIRS_NOAA20_NRT,,
21.75495,84.02281,307.54,0.59,0.7,2026-09-16,2059,N20,VIIRS,n,2.0NRT,286.87,2.07,N,VIIRS_NOAA20_NRT,,
21.75576,83.84245,322.3,0.57,0.69,2026-09-16,2059,N20,VIIRS,n,2.0NRT,287.17,3.92,N,VIIRS_NOAA20_NRT,,
21.75858,83.84489,317.47,0.57,0.69,2026-09-16,2059,N20,VIIRS,n,2.0NRT,286.59,3.04,N,VIIRS_NOAA20_NRT,,
21.7599,83.83954,313.3,0.57,0.69,2026-09-16,2059,N20,VIIRS,n,2.0NRT,286.7,4.34,N,VIIRS_NOAA20_NRT,,
21.76193,83.84421,319.72,0.57,0.69,2026-09-16,2059,N20,VIIRS,n,2.0NRT,286.72,3.92,N,VIIRS_NOAA20_NRT,,
21.76253,84.01905,306.7,0.58,0.7,2026-09-16,2059,N20,VIIRS,n,2.0NRT,286.91,2.07,N,VIIRS_NOAA20_NRT,,
21.76477,83.84663,312.02,0.57,0.69,2026-09-16,2059,N20,VIIRS,n,2.0NRT,286.42,3.04,N,VIIRS_NOAA20_NRT,,
21.77009,84.0154,304.71,0.58,0.7,2026-09-16,2059,N20,VIIRS,n,2.0NRT,286.65,1.64,N,VIIRS_NOAA20_NRT,,
21.80483,82.03971,309.89,0.44,0.62,2026-09-16,2059,N20,VIIRS,n,2.0NRT,287.84,1.38,N,VIIRS_NOAA20_NRT,,
21.82166,83.99483,305.23,0.58,0.7,2026-09-16,2059,N20,VIIRS,n,2.0NRT,286.85,1.17,N,VIIRS_NOAA20_NRT,,
21.87636,83.49432,303.67,0.54,0.68,2026-09-16,2059,N20,VIIRS,n,2.0NRT,286.95,1.04,N,VIIRS_NOAA20_NRT,,
21.92325,83.35231,304.39,0.53,0.67,2026-09-16,2059,N20,VIIRS,n,2.0NRT,287.01,1.97,N,VIIRS_NOAA20_NRT,,
21.92443,83.34735,304.02,0.53,0.67,2026-09-16,2059,N20,VIIRS,n,2.0NRT,286.92,3.11,N,VIIRS_NOAA20_NRT,,
21.92678,83.33752,318.06,0.53,0.67,2026-09-16,2059,N20,VIIRS,n,2.0NRT,287.17,2.54,N,VIIRS_NOAA20_NRT,,
21.96556,83.76841,302.48,0.56,0.69,2026-09-16,2059,N20,VIIRS,n,2.0NRT,286.48,1.2,N,VIIRS_NOAA20_NRT,,
21.98808,82.01474,304.71,0.43,0.62,2026-09-16,2059,N20,VIIRS,n,2.0NRT,287.22,0.71,N,VIIRS_NOAA20_NRT,,
22.00567,82.67139,304.39,0.48,0.64,2026-09-16,2059,N20,VIIRS,n,2.0NRT,287.48,1.07,N,VIIRS_NOAA20_NRT,,
22.00669,82.66699,306.96,0.48,0.64,2026-09-16,2059,N20,VIIRS,n,2.0NRT,287.53,1.07,N,VIIRS_NOAA20_NRT,,
22.01601,83.74875,303.14,0.56,0.68,2026-09-16,2059,N20,VIIRS,n,2.0NRT,286.5,0.78,N,VIIRS_NOAA20_NRT,,
22.03908,83.72644,305.55,0.55,0.68,2026-09-16,2059,N20,VIIRS,n,2.0NRT,286.56,1.54,N,VIIRS_NOAA20_NRT,,
22.03977,83.34985,310.22,0.52,0.67,2026-09-16,2059,N20,VIIRS,n,2.0NRT,286.81,2.06,N,VIIRS_NOAA20_NRT,,
22.08998,83.11211,303.86,0.5,0.66,2026-09-16,2059,N20,VIIRS,n,2.0NRT,286.78,0.87,N,VIIRS_NOAA20_NRT,,
22.10658,83.12169,306.24,0.5,0.66,2026-09-16,2059,N20,VIIRS,n,2.0NRT,287.09,0.99,N,VIIRS_NOAA20_NRT,,
22.22422,84.75076,305.56,0.63,0.72,2026-09-16,2059,N20,VIIRS,n,2.0NRT,285.54,2.13,N,VIIRS_NOAA20_NRT,,
22.22556,84.75036,305.14,0.63,0.72,2026-09-16,2059,N20,VIIRS,n,2.0NRT,285.14,2.8,N,VIIRS_NOAA20_NRT,,
22.26626,75.13531,305.39,0.49,0.4,2026-09-16,2059,N20,VIIRS,n,2.0NRT,292.06,1.15,N,VIIRS_NOAA20_NRT,,
22.31767,82.53176,303.91,0.46,0.63,2026-09-16,2059,N20,VIIRS,n,2.0NRT,286.97,1.62,N,VIIRS_NOAA20_NRT,,
22.33584,69.86693,307.4,0.4,0.37,2026-09-16,2059,N20,VIIRS,n,2.0NRT,292.29,1.69,N,VIIRS_NOAA20_NRT,,
22.33755,69.85546,304.96,0.4,0.37,2026-09-16,2059,N20,VIIRS,n,2.0NRT,292.49,1.48,N,VIIRS_NOAA20_NRT,,
22.3409,69.85604,308.19,0.4,0.37,2026-09-16,2059,N20,VIIRS,n,2.0NRT,292.47,1.48,N,VIIRS_NOAA20_NRT,,
22.35728,82.30228,328.28,0.44,0.63,2026-09-16,2059,N20,VIIRS,n,2.0NRT,287.71,2.43,N,VIIRS_NOAA20_NRT,,
22.35823,82.2981,319.12,0.44,0.63,2026-09-16,2059,N20,VIIRS,n,2.0NRT,287.15,2.43,N,VIIRS_NOAA20_NRT,,
22.35912,82.30338,315.38,0.44,0.63,2026-09-16,2059,N20,VIIRS,n,2.0NRT,287.55,3.89,N,VIIRS_NOAA20_NRT,,
22.3601,82.29922,335.09,0.44,0.63,2026-09-16,2059,N20,VIIRS,n,2.0NRT,287.25,5.25,N,VIIRS_NOAA20_NRT,,
22.36386,82.29951,302.9,0.44,0.63,2026-09-16,2059,N20,VIIRS,n,2.0NRT,287.36,2.43,N,VIIRS_NOAA20_NRT,,
22.57446,85.89532,307.19,0.73,0.76,2026-09-16,2059,N20,VIIRS,n,2.0NRT,283.55,2.33,N,VIIRS_NOAA20_NRT,,
22.57501,85.89182,303.59,0.73,0.76,2026-09-16,2059,N20,VIIRS,n,2.0NRT,283.97,2.12,N,VIIRS_NOAA20_NRT,,
22.61384,85.9109,300.8,0.73,0.76,2026-09-16,2059,N20,VIIRS,n,2.0NRT,284.06,1.36,N,VIIRS_NOAA20_NRT,,
22.7858,86.19986,297.78,0.76,0.77,2026-09-16,2059,N20,VIIRS,n,2.0NRT,270.27,1.46,N,VIIRS_NOAA20_NRT,,
22.78736,86.19874,297.61,0.76,0.77,2026-09-16,2059,N20,VIIRS,n,2.0NRT,269.39,1.38,N,VIIRS_NOAA20_NRT,,
22.80104,86.08878,304.3,0.75,0.77,2026-09-16,2059,N20,VIIRS,n,2.0NRT,282.42,3.26,N,VIIRS_NOAA20_NRT,,
23.16481,82.34061,309.86,0.43,0.62,2026-09-16,2059,N20,VIIRS,n,2.0NRT,286.82,1.72,N,VIIRS_NOAA20_NRT,,
23.16578,82.33643,319.91,0.43,0.62,2026-09-16,2059,N20,VIIRS,n,2.0NRT,286.87,3.71,N,VIIRS_NOAA20_NRT,,
23.17039,82.34191,315.5,0.43,0.62,2026-09-16,2059,N20,VIIRS,n,2.0NRT,287.06,1.72,N,VIIRS_NOAA20_NRT,,
23.31552,70.48505,304.9,0.39,0.36,2026-09-16,2059,N20,VIIRS,n,2.0NRT,291.76,0.83,N,VIIRS_NOAA20_NRT,,
23.49726,68.57574,304.66,0.44,0.38,2026-09-16,2059,N20,VIIRS,n,2.0NRT,291.42,0.92,N,VIIRS_NOAA20_NRT,,
23.65064,85.4359,299.91,0.65,0.73,2026-09-16,2059,N20,VIIRS,n,2.0NRT,284.17,1.51,N,VIIRS_NOAA20_NRT,,
23.68495,86.3896,295.62,0.74,0.76,2026-09-16,2059,N20,VIIRS,n,2.0NRT,264.88,1.11,N,VIIRS_NOAA20_NRT,,
23.69552,85.36996,306.88,0.64,0.72,2026-09-16,2059,N20,VIIRS,n,2.0NRT,284.41,2.02,N,VIIRS_NOAA20_NRT,,
23.69725,85.36816,311.28,0.64,0.72,2026-09-16,2059,N20,VIIRS,n,2.0NRT,284.36,1.77,N,VIIRS_NOAA20_NRT,,
23.70238,86.07531,299.08,0.71,0.75,2026-09-16,2059,N20,VIIRS,n,2.0NRT,277.95,0.69,N,VIIRS_NOAA20_NRT,,
23.78572,85.55286,301.21,0.66,0.73,2026-09-16,2059,N20,VIIRS,n,2.0NRT,284.29,1.81,N,VIIRS_NOAA20_NRT,,
23.78726,85.54689,300.44,0.66,0.73,2026-09-16,2059,N20,VIIRS,n,2.0NRT,284.55,1.52,N,VIIRS_NOAA20_NRT,,
23.79381,85.54864,300.28,0.66,0.73,2026-09-16,2059,N20,VIIRS,n,2.0NRT,284.43,1.68,N,VIIRS_NOAA20_NRT,,
24.05548,80.61336,305.39,0.32,0.55,2026-09-16,2059,N20,VIIRS,n,2.0NRT,288.63,0.93,N,VIIRS_NOAA20_NRT,,
24.19716,82.71645,302.86,0.43,0.62,2026-09-16,2059,N20,VIIRS,n,2.0NRT,286.16,0.9,N,VIIRS_NOAA20_NRT,,
24.19786,80.79628,303.74,0.33,0.55,2026-09-16,2059,N20,VIIRS,n,2.0NRT,288.5,0.35,N,VIIRS_NOAA20_NRT,,
24.19808,82.7125,302.34,0.43,0.62,2026-09-16,2059,N20,VIIRS,n,2.0NRT,284.17,0.9,N,VIIRS_NOAA20_NRT,,
24.20679,82.52486,306.13,0.42,0.61,2026-09-16,2059,N20,VIIRS,n,2.0NRT,285.29,0.87,N,VIIRS_NOAA20_NRT,,
24.65938,73.87926,305.21,0.41,0.37,2026-09-16,2059,N20,VIIRS,n,2.0NRT,291.12,0.59,N,VIIRS_NOAA20_NRT,,
24.66203,74.63422,304.93,0.44,0.38,2026-09-16,2059,N20,VIIRS,n,2.0NRT,291.53,1.1,N,VIIRS_NOAA20_NRT,,
24.69119,74.67901,306.35,0.44,0.38,2026-09-16,2059,N20,VIIRS,n,2.0NRT,290.71,0.8,N,VIIRS_NOAA20_NRT,,
24.69178,73.00111,308.83,0.39,0.36,2026-09-16,2059,N20,VIIRS,n,2.0NRT,291.01,1.29,N,VIIRS_NOAA20_NRT,,
24.81997,73.09322,312.16,0.39,0.37,2026-09-16,2059,N20,VIIRS,n,2.0NRT,291.92,1.65,N,VIIRS_NOAA20_NRT,,
24.93228,74.63466,305.85,0.43,0.38,2026-09-16,2059,N20,VIIRS,n,2.0NRT,291.53,0.63,N,VIIRS_NOAA20_NRT,,
24.93575,74.6354,304.02,0.43,0.38,2026-09-16,2059,N20,VIIRS,n,2.0NRT,291.13,0.37,N,VIIRS_NOAA20_NRT,,
25.96787,71.27215,299.44,0.39,0.36,2026-09-16,2059,N20,VIIRS,n,2.0NRT,283.03,0.58,N,VIIRS_NOAA20_NRT,,
13.08856,79.98178,304.1,0.48,0.65,2026-09-16,2101,N20,VIIRS,n,2.0NRT,284.23,2.79,N,VIIRS_NOAA20_NRT,,
13.15904,80.28638,305.93,0.5,0.66,2026-09-16,2101,N20,VIIRS,n,2.0NRT,288.39,2.77,N,VIIRS_NOAA20_NRT,,
13.71095,79.61896,306.28,0.44,0.63,2026-09-16,2101,N20,VIIRS,n,2.0NRT,290.67,2.47,N,VIIRS_NOAA20_NRT,,
15.11166,76.80593,306.92,0.54,0.51,2026-09-16,2101,N20,VIIRS,n,2.0NRT,289.63,1.64,N,VIIRS_NOAA20_NRT,,
15.17834,76.65773,321.32,0.53,0.5,2026-09-16,2101,N20,VIIRS,n,2.0NRT,290.14,3.15,N,VIIRS_NOAA20_NRT,,
15.18011,76.67323,304.79,0.53,0.5,2026-09-16,2101,N20,VIIRS,n,2.0NRT,290.36,1.73,N,VIIRS_NOAA20_NRT,,
15.18103,76.66838,306.37,0.53,0.5,2026-09-16,2101,N20,VIIRS,n,2.0NRT,290.31,1.73,N,VIIRS_NOAA20_NRT,,
15.18196,76.66354,307.09,0.53,0.5,2026-09-16,2101,N20,VIIRS,n,2.0NRT,290.26,3.15,N,VIIRS_NOAA20_NRT,,
15.33556,76.28365,304.03,0.5,0.49,2026-09-16,2101,N20,VIIRS,n,2.0NRT,290.15,1.28,N,VIIRS_NOAA20_NRT,,
15.35781,76.71009,313.24,0.53,0.5,2026-09-16,2101,N20,VIIRS,n,2.0NRT,289.73,1.09,N,VIIRS_NOAA20_NRT,,
15.68581,78.45654,304.49,0.34,0.56,2026-09-16,2101,N20,VIIRS,n,2.0NRT,290.24,1.74,N,VIIRS_NOAA20_NRT,,
17.9599,80.79063,308.19,0.44,0.62,2026-09-16,2101,N20,VIIRS,n,2.0NRT,284.33,2.28,N,VIIRS_NOAA20_NRT,,
18.72222,79.53536,300.98,0.35,0.57,2026-09-16,2101,N20,VIIRS,n,2.0NRT,278.16,0.5,N,VIIRS_NOAA20_NRT,,
19.1771,70.94566,314.78,0.39,0.36,2026-09-16,2101,N20,VIIRS,n,2.0NRT,293.08,2.29,N,VIIRS_NOAA20_NRT,,
19.27949,71.42653,308.19,0.39,0.36,2026-09-16,2101,N20,VIIRS,n,2.0NRT,292.21,2.28,N,VIIRS_NOAA20_NRT,,
19.28492,71.43511,308.19,0.39,0.36,2026-09-16,2101,N20,VIIRS,n,2.0NRT,292.44,1.96,N,VIIRS_NOAA20_NRT,,
19.36942,71.35551,308.42,0.39,0.36,2026-09-16,2101,N20,VIIRS,n,2.0NRT,292.58,4.26,N,VIIRS_NOAA20_NRT,,
19.37003,71.35184,330.29,0.39,0.36,2026-09-16,2101,N20,VIIRS,n,2.0NRT,292.86,5.57,N,VIIRS_NOAA20_NRT,,
19.41825,71.39088,309.56,0.39,0.36,2026-09-16,2101,N20,VIIRS,n,2.0NRT,292.98,2.53,N,VIIRS_NOAA20_NRT,,
11.18126,79.09764,305.03,0.46,0.63,2026-09-16,2104,N20,VIIRS,n,2.0NRT,286.41,1.02,N,VIIRS_NOAA20_NRT,,
11.18605,79.09898,304.55,0.46,0.63,2026-09-16,2104,N20,VIIRS,n,2.0NRT,286.83,1.27,N,VIIRS_NOAA20_NRT,,
18.01782,96.84088,329.19,0.4,0.44,2026-09-17,629,N20,VIIRS,n,2.0NRT,292.55,2.12,D,VIIRS_NOAA20_NRT,,
29.63853,90.97781,327.8,0.55,0.51,2026-09-17,633,N20,VIIRS,n,2.0NRT,295.45,2.88,D,VIIRS_NOAA20_NRT,,
29.66612,90.99818,330.73,0.55,0.51,2026-09-17,633,N20,VIIRS,n,2.0NRT,293.53,4.77,D,VIIRS_NOAA20_NRT,,
30.73368,96.85163,326.38,0.41,0.37,2026-09-17,633,N20,VIIRS,n,2.0NRT,292.69,3.45,D,VIIRS_NOAA20_NRT,,
8.01484,81.17714,335.02,0.41,0.37,2026-09-17,807,N20,VIIRS,n,2.0NRT,297.01,2.97,D,VIIRS_NOAA20_NRT,,
8.06168,80.99552,332.99,0.41,0.37,2026-09-17,807,N20,VIIRS,n,2.0NRT,296.04,1.78,D,VIIRS_NOAA20_NRT,,
8.16434,80.74431,343.37,0.4,0.37,2026-09-17,807,N20,VIIRS,n,2.0NRT,298.68,9.01,D,VIIRS_NOAA20_NRT,,
8.26178,80.57768,331.77,0.4,0.37,2026-09-17,807,N20,VIIRS,n,2.0NRT,296.4,2.0,D,VIIRS_NOAA20_NRT,,
8.28268,80.31037,338.05,0.39,0.36,2026-09-17,807,N20,VIIRS,n,2.0NRT,285.4,3.63,D,VIIRS_NOAA20_NRT,,
8.28724,80.29514,342.06,0.39,0.36,2026-09-17,807,N20,VIIRS,n,2.0NRT,290.86,4.09,D,VIIRS_NOAA20_NRT,,
8.3588,80.75512,335.3,0.4,0.37,2026-09-17,807,N20,VIIRS,n,2.0NRT,292.13,3.85,D,VIIRS_NOAA20_NRT,,
8.39059,80.41449,342.42,0.4,0.37,2026-09-17,807,N20,VIIRS,n,2.0NRT,276.44,5.64,D,VIIRS_NOAA20_NRT,,
8.40667,80.75173,331.22,0.4,0.37,2026-09-17,807,N20,VIIRS,n,2.0NRT,286.39,1.86,D,VIIRS_NOAA20_NRT,,
8.5663,77.67852,342.02,0.4,0.37,2026-09-17,809,N20,VIIRS,l,2.0NRT,302.09,12.27,D,VIIRS_NOAA20_NRT,,
8.96939,78.08468,339.81,0.39,0.36,2026-09-17,809,N20,VIIRS,n,2.0NRT,303.19,6.39,D,VIIRS_NOAA20_NRT,,
9.20377,77.60506,342.97,0.4,0.37,2026-09-17,809,N20,VIIRS,l,2.0NRT,307.05,7.04,D,VIIRS_NOAA20_NRT,,
9.36763,78.66145,340.12,0.38,0.36,2026-09-17,809,N20,VIIRS,n,2.0NRT,303.37,3.77,D,VIIRS_NOAA20_NRT,,
10.18152,79.01118,337.28,0.38,0.36,2026-09-17,809,N20,VIIRS,n,2.0NRT,301.41,2.49,D,VIIRS_NOAA20_NRT,,
11.09428,79.68581,337.71,0.39,0.36,2026-09-17,809,N20,VIIRS,n,2.0NRT,301.79,3.46,D,VIIRS_NOAA20_NRT,,
11.24191,79.22221,336.72,0.39,0.36,2026-09-17,809,N20,VIIRS,n,2.0NRT,302.5,2.74,D,VIIRS_NOAA20_NRT,,
11.35926,79.14574,330.7,0.39,0.36,2026-09-17,809,N20,VIIRS,l,2.0NRT,302.32,1.09,D,VIIRS_NOAA20_NRT,,
11.3841,79.24224,330.97,0.39,0.36,2026-09-17,809,N20,VIIRS,n,2.0NRT,296.14,2.53,D,VIIRS_NOAA20_NRT,,
11.83979,79.02193,332.35,0.39,0.36,2026-09-17,809,N20,VIIRS,l,2.0NRT,303.26,1.59,D,VIIRS_NOAA20_NRT,,
11.86072,79.55096,333.64,0.39,0.37,2026-09-17,809,N20,VIIRS,n,2.0NRT,298.38,2.2,D,VIIRS_NOAA20_NRT,,
12.24176,78.89575,341.02,0.39,0.36,2026-09-17,809,N20,VIIRS,n,2.0NRT,301.91,3.97,D,VIIRS_NOAA20_NRT,,
12.80843,79.95606,330.89,0.41,0.37,2026-09-17,809,N20,VIIRS,l,2.0NRT,303.79,2.21,D,VIIRS_NOAA20_NRT,,
12.81724,79.27477,331.45,0.39,0.36,2026-09-17,809,N20,VIIRS,n,2.0NRT,298.68,0.9,D,VIIRS_NOAA20_NRT,,
12.83739,79.94018,333.21,0.41,0.37,2026-09-17,809,N20,VIIRS,l,2.0NRT,306.31,3.61,D,VIIRS_NOAA20_NRT,,
13.04103,79.82522,332.88,0.41,0.37,2026-09-17,809,N20,VIIRS,n,2.0NRT,302.03,1.51,D,VIIRS_NOAA20_NRT,,
13.13913,78.67795,332.92,0.39,0.36,2026-09-17,809,N20,VIIRS,n,2.0NRT,298.78,1.98,D,VIIRS_NOAA20_NRT,,
13.36552,79.74826,333.65,0.41,0.37,2026-09-17,809,N20,VIIRS,n,2.0NRT,302.69,2.33,D,VIIRS_NOAA20_NRT,,
13.90979,78.02409,342.08,0.38,0.36,2026-09-17,809,N20,VIIRS,n,2.0NRT,310.55,11.33,D,VIIRS_NOAA20_NRT,,
13.93903,76.37608,337.11,0.4,0.37,2026-09-17,809,N20,VIIRS,n,2.0NRT,297.2,2.74,D,VIIRS_NOAA20_NRT,,
14.19979,77.30349,343.52,0.39,0.36,2026-09-17,809,N20,VIIRS,n,2.0NRT,303.21,6.29,D,VIIRS_NOAA20_NRT,,
14.25162,77.7949,334.47,0.38,0.36,2026-09-17,809,N20,VIIRS,n,2.0NRT,302.77,3.15,D,VIIRS_NOAA20_NRT,,
14.47381,78.25481,348.35,0.39,0.36,2026-09-17,809,N20,VIIRS,n,2.0NRT,305.24,9.03,D,VIIRS_NOAA20_NRT,,
14.68365,79.56946,338.51,0.41,0.37,2026-09-17,809,N20,VIIRS,n,2.0NRT,301.69,6.08,D,VIIRS_NOAA20_NRT,,
14.68519,78.71561,336.56,0.39,0.36,2026-09-17,809,N20,VIIRS,n,2.0NRT,305.3,2.56,D,VIIRS_NOAA20_NRT,,
15.17633,76.65498,338.85,0.39,0.36,2026-09-17,809,N20,VIIRS,n,2.0NRT,302.32,5.53,D,VIIRS_NOAA20_NRT,,
15.1764,76.67712,341.35,0.39,0.36,2026-09-17,809,N20,VIIRS,n,2.0NRT,301.45,6.19,D,VIIRS_NOAA20_NRT,,
15.1769,76.65858,334.28,0.39,0.36,2026-09-17,809,N20,VIIRS,n,2.0NRT,301.43,4.36,D,VIIRS_NOAA20_NRT,,
15.1819,76.66882,338.26,0.39,0.36,2026-09-17,809,N20,VIIRS,n,2.0NRT,301.16,5.67,D,VIIRS_NOAA20_NRT,,
15.21725,77.55807,337.66,0.38,0.36,2026-09-17,809,N20,VIIRS,n,2.0NRT,305.68,11.01,D,VIIRS_NOAA20_NRT,,
15.30656,78.99467,343.45,0.4,0.37,2026-09-17,809,N20,VIIRS,n,2.0NRT,304.44,5.76,D,VIIRS_NOAA20_NRT,,
15.45431,78.59286,337.79,0.39,0.36,2026-09-17,809,N20,VIIRS,n,2.0NRT,303.22,2.06,D,VIIRS_NOAA20_NRT,,
15.60386,79.72147,344.78,0.42,0.38,2026-09-17,809,N20,VIIRS,n,2.0NRT,304.54,7.82,D,VIIRS_NOAA20_NRT,,
15.71909,78.20542,338.41,0.39,0.36,2026-09-17,809,N20,VIIRS,n,2.0NRT,306.43,6.91,D,VIIRS_NOAA20_NRT,,
15.72596,78.38895,334.73,0.39,0.36,2026-09-17,809,N20,VIIRS,n,2.0NRT,300.94,3.66,D,VIIRS_NOAA20_NRT,,
15.73049,77.62545,339.89,0.38,0.36,2026-09-17,809,N20,VIIRS,n,2.0NRT,303.96,3.94,D,VIIRS_NOAA20_NRT,,
15.76998,79.61227,341.93,0.42,0.38,2026-09-17,809,N20,VIIRS,n,2.0NRT,304.97,12.62,D,VIIRS_NOAA20_NRT,,
15.7703,79.61181,339.02,0.42,0.38,2026-09-17,809,N20,VIIRS,n,2.0NRT,305.01,6.12,D,VIIRS_NOAA20_NRT,,
15.77087,79.61572,339.22,0.42,0.38,2026-09-17,809,N20,VIIRS,n,2.0NRT,303.91,6.12,D,VIIRS_NOAA20_NRT,,
15.81911,79.63673,341.28,0.42,0.38,2026-09-17,809,N20,VIIRS,n,2.0NRT,307.62,7.68,D,VIIRS_NOAA20_NRT,,
16.12972,78.29749,335.96,0.39,0.36,2026-09-17,809,N20,VIIRS,n,2.0NRT,300.88,2.16,D,VIIRS_NOAA20_NRT,,
16.19424,78.20566,337.49,0.39,0.36,2026-09-17,809,N20,VIIRS,n,2.0NRT,305.84,4.15,D,VIIRS_NOAA20_NRT,,
16.19478,78.20927,338.43,0.39,0.36,2026-09-17,809,N20,VIIRS,n,2.0NRT,305.0,3.88,D,VIIRS_NOAA20_NRT,,
16.46015,79.59711,342.74,0.42,0.38,2026-09-17,809,N20,VIIRS,n,2.0NRT,306.26,4.27,D,VIIRS_NOAA20_NRT,,
16.46238,79.61291,333.2,0.42,0.38,2026-09-17,809,N20,VIIRS,l,2.0NRT,303.86,2.56,D,VIIRS_NOAA20_NRT,,
16.46874,79.60792,337.27,0.42,0.38,2026-09-17,809,N20,VIIRS,n,2.0NRT,304.13,3.12,D,VIIRS_NOAA20_NRT,,
16.39025,78.04082,334.64,0.39,0.36,2026-09-17,811,N20,VIIRS,n,2.0NRT,303.9,2.47,D,VIIRS_NOAA20_NRT,,
16.54817,78.65103,332.84,0.4,0.37,2026-09-17,811,N20,VIIRS,l,2.0NRT,303.31,3.94,D,VIIRS_NOAA20_NRT,,
16.82669,79.29771,342.13,0.42,0.37,2026-09-17,811,N20,VIIRS,n,2.0NRT,301.34,6.58,D,VIIRS_NOAA20_NRT,,
17.02206,81.39456,337.19,0.52,0.41,2026-09-17,811,N20,VIIRS,n,2.0NRT,301.19,5.13,D,VIIRS_NOAA20_NRT,,
17.2099,75.13897,343.58,0.41,0.37,2026-09-17,811,N20,VIIRS,l,2.0NRT,309.35,11.0,D,VIIRS_NOAA20_NRT,,
18.36654,79.31262,334.64,0.43,0.38,2026-09-17,811,N20,VIIRS,n,2.0NRT,295.28,3.56,D,VIIRS_NOAA20_NRT,,
18.6126,74.1996,336.32,0.43,0.38,2026-09-17,811,N20,VIIRS,n,2.0NRT,295.74,4.09,D,VIIRS_NOAA20_NRT,,
18.69051,79.77713,331.47,0.45,0.39,2026-09-17,811,N20,VIIRS,l,2.0NRT,305.02,8.98,D,VIIRS_NOAA20_NRT,,
18.7725,78.96606,333.08,0.42,0.38,2026-09-17,811,N20,VIIRS,n,2.0NRT,298.5,3.69,D,VIIRS_NOAA20_NRT,,
19.10127,82.16602,342.3,0.41,0.45,2026-09-17,811,N20,VIIRS,n,2.0NRT,297.83,7.5,D,VIIRS_NOAA20_NRT,,
20.86523,84.99087,330.24,0.32,0.55,2026-09-17,811,N20,VIIRS,n,2.0NRT,293.25,4.48,D,VIIRS_NOAA20_NRT,,
20.86555,84.9941,329.46,0.32,0.55,2026-09-17,811,N20,VIIRS,n,2.0NRT,293.18,7.13,D,VIIRS_NOAA20_NRT,,
20.88987,84.98194,330.59,0.32,0.55,2026-09-17,811,N20,VIIRS,n,2.0NRT,293.39,4.37,D,VIIRS_NOAA20_NRT,,
20.96734,85.15282,333.16,0.33,0.55,2026-09-17,811,N20,VIIRS,n,2.0NRT,291.93,5.38,D,VIIRS_NOAA20_NRT,,
20.96945,85.15335,331.42,0.33,0.55,2026-09-17,811,N20,VIIRS,n,2.0NRT,291.75,4.8,D,VIIRS_NOAA20_NRT,,
20.97797,85.13622,328.6,0.33,0.55,2026-09-17,811,N20,VIIRS,n,2.0NRT,292.47,5.23,D,VIIRS_NOAA20_NRT,,
21.10134,72.63634,338.6,0.47,0.4,2026-09-17,811,N20,VIIRS,n,2.0NRT,299.58,10.25,D,VIIRS_NOAA20_NRT,,
21.10291,72.64526,332.05,0.47,0.4,2026-09-17,811,N20,VIIRS,l,2.0NRT,297.72,4.29,D,VIIRS_NOAA20_NRT,,
21.23342,79.63266,330.12,0.47,0.4,2026-09-17,811,N20,VIIRS,l,2.0NRT,301.37,5.89,D,VIIRS_NOAA20_NRT,,
21.33563,78.96835,332.55,0.44,0.38,2026-09-17,811,N20,VIIRS,n,2.0NRT,299.41,2.91,D,VIIRS_NOAA20_NRT,,
21.91995,83.35087,336.08,0.52,0.5,2026-09-17,811,N20,VIIRS,n,2.0NRT,293.81,8.97,D,VIIRS_NOAA20_NRT,,
22.03638,83.35259,330.4,0.52,0.5,2026-09-17,811,N20,VIIRS,n,2.0NRT,295.07,4.67,D,VIIRS_NOAA20_NRT,,
23.77656,86.21241,342.93,0.42,0.61,2026-09-17,813,N20,VIIRS,n,2.0NRT,290.46,7.74,D,VIIRS_NOAA20_NRT,,
26.60652,72.62699,355.96,0.41,0.37,2026-09-17,813,N20,VIIRS,l,2.0NRT,300.68,6.43,D,VIIRS_NOAA20_NRT,,
26.60991,72.62629,331.69,0.41,0.37,2026-09-17,813,N20,VIIRS,n,2.0NRT,300.69,6.43,D,VIIRS_NOAA20_NRT,,
26.89047,68.18754,332.0,0.44,0.46,2026-09-17,813,N20,VIIRS,l,2.0NRT,306.35,4.44,D,VIIRS_NOAA20_NRT,,
27.55,68.30003,336.95,0.42,0.45,2026-09-17,813,N20,VIIRS,n,2.0NRT,302.0,13.76,D,VIIRS_NOAA20_NRT,,
27.55084,68.3042,343.53,0.42,0.45,2026-09-17,813,N20,VIIRS,n,2.0NRT,305.2,13.76,D,VIIRS_NOAA20_NRT,,
27.72952,68.95703,333.76,0.38,0.43,2026-09-17,813,N20,VIIRS,n,2.0NRT,300.22,1.85,D,VIIRS_NOAA20_NRT,,
27.74411,68.72311,338.06,0.39,0.44,2026-09-17,813,N20,VIIRS,n,2.0NRT,299.38,3.01,D,VIIRS_NOAA20_NRT,,
27.79975,68.88025,335.52,0.39,0.44,2026-09-17,813,N20,VIIRS,n,2.0NRT,302.29,3.52,D,VIIRS_NOAA20_NRT,,
31.37225,72.34303,331.13,0.39,0.36,2026-09-17,816,N20,VIIRS,n,2.0NRT,298.35,2.04,D,VIIRS_NOAA20_NRT,,
31.37997,72.47573,343.27,0.39,0.36,2026-09-17,816,N20,VIIRS,n,2.0NRT,297.34,4.92,D,VIIRS_NOAA20_NRT,,
34.61415,69.715,339.27,0.43,0.38,2026-09-17,816,N20,VIIRS,n,2.0NRT,306.76,2.63,D,VIIRS_NOAA20_NRT,,
26.18773,91.80371,310.21,0.39,0.6,2026-09-17,1858,N20,VIIRS,n,2.0NRT,285.0,1.75,N,VIIRS_NOAA20_NRT,,
26.18784,91.80407,305.52,0.39,0.6,2026-09-17,1858,N20,VIIRS,n,2.0NRT,284.98,0.83,N,VIIRS_NOAA20_NRT,,
27.32638,95.27419,304.12,0.49,0.49,2026-09-17,1858,N20,VIIRS,n,2.0NRT,287.25,0.87,N,VIIRS_NOAA20_NRT,,
27.37704,95.3333,315.95,0.49,0.49,2026-09-17,1858,N20,VIIRS,n,2.0NRT,287.83,2.11,N,VIIRS_NOAA20_NRT,,
27.46026,95.47594,301.97,0.48,0.48,2026-09-17,1858,N20,VIIRS,n,2.0NRT,285.1,0.67,N,VIIRS_NOAA20_NRT,,
27.60635,95.40232,311.84,0.49,0.48,2026-09-17,1858,N20,VIIRS,n,2.0NRT,287.98,1.09,N,VIIRS_NOAA20_NRT,,
21.57677,96.23169,304.56,0.55,0.43,2026-09-17,1900,N20,VIIRS,n,2.0NRT,288.45,1.52,N,VIIRS_NOAA20_NRT,,
22.3539,96.70092,299.09,0.53,0.42,2026-09-17,1900,N20,VIIRS,n,2.0NRT,284.63,1.28,N,VIIRS_NOAA20_NRT,,
22.35558,96.70333,304.77,0.53,0.42,2026-09-17,1900,N20,VIIRS,n,2.0NRT,285.19,1.12,N,VIIRS_NOAA20_NRT,,
22.47599,91.73322,316.43,0.36,0.57,2026-09-17,1900,N20,VIIRS,n,2.0NRT,288.1,1.08,N,VIIRS_NOAA20_NRT,,
22.47695,91.7329,316.41,0.36,0.57,2026-09-17,1900,N20,VIIRS,n,2.0NRT,288.05,1.17,N,VIIRS_NOAA20_NRT,,
24.66848,91.59605,305.24,0.39,0.59,2026-09-17,1900,N20,VIIRS,n,2.0NRT,285.75,0.63,N,VIIRS_NOAA20_NRT,,
24.66882,91.59215,303.87,0.39,0.59,2026-09-17,1900,N20,VIIRS,n,2.0NRT,285.21,0.63,N,VIIRS_NOAA20_NRT,,
25.53968,91.23481,297.25,0.42,0.61,2026-09-17,1900,N20,VIIRS,n,2.0NRT,285.18,0.85,N,VIIRS_NOAA20_NRT,,
25.54534,91.23536,304.34,0.42,0.61,2026-09-17,1900,N20,VIIRS,n,2.0NRT,285.16,0.85,N,VIIRS_NOAA20_NRT,,
29.22739,88.34835,301.58,0.38,0.58,2026-09-17,2038,N20,VIIRS,n,2.0NRT,277.32,0.91,N,VIIRS_NOAA20_NRT,,
31.25132,76.9297,305.91,0.39,0.37,2026-09-17,2038,N20,VIIRS,n,2.0NRT,287.97,0.37,N,VIIRS_NOAA20_NRT,,
31.25922,76.9226,298.71,0.4,0.37,2026-09-17,2038,N20,VIIRS,n,2.0NRT,287.71,0.36,N,VIIRS_NOAA20_NRT,,
31.32764,76.89212,300.44,0.4,0.37,2026-09-17,2038,N20,VIIRS,n,2.0NRT,287.93,0.74,N,VIIRS_NOAA20_NRT,,
32.57564,72.56055,308.46,0.4,0.44,2026-09-17,2038,N20,VIIRS,n,2.0NRT,293.99,1.2,N,VIIRS_NOAA20_NRT,,
32.71747,72.7738,305.91,0.39,0.44,2026-09-17,2038,N20,VIIRS,n,2.0NRT,290.76,0.84,N,VIIRS_NOAA20_NRT,,
33.27617,72.142,301.3,0.43,0.46,2026-09-17,2038,N20,VIIRS,n,2.0NRT,290.67,0.63,N,VIIRS_NOAA20_NRT,,
33.29574,71.18478,301.61,0.49,0.48,2026-09-17,2038,N20,VIIRS,n,2.0NRT,289.66,0.5,N,VIIRS_NOAA20_NRT,,
33.68886,72.71241,309.96,0.41,0.45,2026-09-17,2038,N20,VIIRS,n,2.0NRT,291.33,1.38,N,VIIRS_NOAA20_NRT,,
33.80328,72.09634,304.92,0.44,0.46,2026-09-17,2038,N20,VIIRS,n,2.0NRT,291.79,0.62,N,VIIRS_NOAA20_NRT,,
33.81603,72.71948,302.41,0.41,0.45,2026-09-17,2038,N20,VIIRS,n,2.0NRT,290.2,0.8,N,VIIRS_NOAA20_NRT,,
21.74357,83.84077,295.19,0.57,0.52,2026-09-17,2040,N20,VIIRS,n,2.0NRT,260.0,1.11,N,VIIRS_NOAA20_NRT,,
21.74437,83.84262,295.77,0.57,0.52,2026-09-17,2040,N20,VIIRS,n,2.0NRT,258.07,0.92,N,VIIRS_NOAA20_NRT,,
21.74824,83.84196,309.49,0.57,0.52,2026-09-17,2040,N20,VIIRS,n,2.0NRT,259.41,1.11,N,VIIRS_NOAA20_NRT,,
21.74904,83.8438,306.22,0.57,0.52,2026-09-17,2040,N20,VIIRS,n,2.0NRT,259.75,0.92,N,VIIRS_NOAA20_NRT,,
21.75019,83.83836,295.1,0.57,0.52,2026-09-17,2040,N20,VIIRS,n,2.0NRT,260.0,0.92,N,VIIRS_NOAA20_NRT,,
21.75838,83.8461,296.22,0.57,0.52,2026-09-17,2040,N20,VIIRS,n,2.0NRT,261.17,1.92,N,VIIRS_NOAA20_NRT,,
21.76306,83.84723,300.59,0.57,0.52,2026-09-17,2040,N20,VIIRS,n,2.0NRT,261.76,0.64,N,VIIRS_NOAA20_NRT,,
21.87531,83.49414,297.36,0.54,0.51,2026-09-17,2040,N20,VIIRS,n,2.0NRT,269.82,1.15,N,VIIRS_NOAA20_NRT,,
21.9189,83.35088,300.63,0.53,0.5,2026-09-17,2040,N20,VIIRS,n,2.0NRT,269.93,1.44,N,VIIRS_NOAA20_NRT,,
21.92343,83.35194,306.03,0.53,0.5,2026-09-17,2040,N20,VIIRS,n,2.0NRT,270.93,1.47,N,VIIRS_NOAA20_NRT,,
21.92444,83.34694,301.16,0.53,0.5,2026-09-17,2040,N20,VIIRS,n,2.0NRT,270.87,1.47,N,VIIRS_NOAA20_NRT,,
21.92646,83.33701,306.89,0.53,0.5,2026-09-17,2040,N20,VIIRS,n,2.0NRT,273.41,2.92,N,VIIRS_NOAA20_NRT,,
21.92686,85.22198,321.89,0.35,0.56,2026-09-17,2040,N20,VIIRS,n,2.0NRT,288.41,1.26,N,VIIRS_NOAA20_NRT,,
21.93195,85.22318,305.51,0.35,0.56,2026-09-17,2040,N20,VIIRS,n,2.0NRT,287.68,1.26,N,VIIRS_NOAA20_NRT,,
21.93269,85.21979,307.74,0.35,0.56,2026-09-17,2040,N20,VIIRS,n,2.0NRT,287.17,1.26,N,VIIRS_NOAA20_NRT,,
21.96637,83.77272,295.7,0.56,0.51,2026-09-17,2040,N20,VIIRS,n,2.0NRT,270.42,0.93,N,VIIRS_NOAA20_NRT,,
21.96809,85.31332,306.09,0.35,0.57,2026-09-17,2040,N20,VIIRS,n,2.0NRT,286.7,0.66,N,VIIRS_NOAA20_NRT,,
21.97152,85.31306,302.59,0.35,0.57,2026-09-17,2040,N20,VIIRS,n,2.0NRT,286.1,0.71,N,VIIRS_NOAA20_NRT,,
22.00608,82.67045,309.72,0.48,0.48,2026-09-17,2040,N20,VIIRS,n,2.0NRT,283.28,1.43,N,VIIRS_NOAA20_NRT,,
22.01649,83.75307,296.19,0.56,0.51,2026-09-17,2040,N20,VIIRS,n,2.0NRT,266.77,0.91,N,VIIRS_NOAA20_NRT,,
22.03734,83.35365,301.07,0.52,0.5,2026-09-17,2040,N20,VIIRS,n,2.0NRT,276.31,1.0,N,VIIRS_NOAA20_NRT,,
22.03835,83.34867,300.23,0.52,0.5,2026-09-17,2040,N20,VIIRS,n,2.0NRT,275.23,1.0,N,VIIRS_NOAA20_NRT,,
22.04154,83.72599,296.19,0.55,0.51,2026-09-17,2040,N20,VIIRS,n,2.0NRT,259.57,1.53,N,VIIRS_NOAA20_NRT,,
22.05411,85.46326,302.11,0.36,0.57,2026-09-17,2040,N20,VIIRS,n,2.0NRT,283.63,0.76,N,VIIRS_NOAA20_NRT,,
22.10691,83.1247,297.61,0.51,0.49,2026-09-17,2040,N20,VIIRS,n,2.0NRT,272.82,0.39,N,VIIRS_NOAA20_NRT,,
22.1322,85.3826,302.04,0.35,0.57,2026-09-17,2040,N20,VIIRS,n,2.0NRT,285.07,0.64,N,VIIRS_NOAA20_NRT,,
22.24635,87.38915,304.83,0.47,0.64,2026-09-17,2040,N20,VIIRS,n,2.0NRT,280.94,0.93,N,VIIRS_NOAA20_NRT,,
22.31569,82.53184,307.82,0.46,0.47,2026-09-17,2040,N20,VIIRS,n,2.0NRT,284.52,1.75,N,VIIRS_NOAA20_NRT,,
22.31904,82.56017,310.75,0.46,0.47,2026-09-17,2040,N20,VIIRS,n,2.0NRT,284.33,2.56,N,VIIRS_NOAA20_NRT,,
22.3246,82.58791,304.34,0.46,0.47,2026-09-17,2040,N20,VIIRS,n,2.0NRT,283.84,0.84,N,VIIRS_NOAA20_NRT,,
22.33046,82.60316,300.35,0.46,0.47,2026-09-17,2040,N20,VIIRS,n,2.0NRT,280.15,0.62,N,VIIRS_NOAA20_NRT,,
22.35646,82.30215,318.59,0.45,0.47,2026-09-17,2040,N20,VIIRS,n,2.0NRT,282.0,2.35,N,VIIRS_NOAA20_NRT,,
22.36068,82.30308,330.59,0.45,0.47,2026-09-17,2040,N20,VIIRS,n,2.0NRT,282.9,2.43,N,VIIRS_NOAA20_NRT,,
22.36151,82.29885,306.94,0.44,0.46,2026-09-17,2040,N20,VIIRS,n,2.0NRT,281.25,2.43,N,VIIRS_NOAA20_NRT,,
22.36355,87.01802,300.67,0.44,0.62,2026-09-17,2040,N20,VIIRS,n,2.0NRT,277.36,1.6,N,VIIRS_NOAA20_NRT,,
22.36754,87.01622,303.63,0.44,0.62,2026-09-17,2040,N20,VIIRS,n,2.0NRT,276.2,1.79,N,VIIRS_NOAA20_NRT,,
22.61144,85.91396,298.33,0.37,0.58,2026-09-17,2040,N20,VIIRS,n,2.0NRT,275.47,0.85,N,VIIRS_NOAA20_NRT,,
22.61238,85.91438,299.02,0.37,0.58,2026-09-17,2040,N20,VIIRS,n,2.0NRT,275.74,1.31,N,VIIRS_NOAA20_NRT,,
22.78903,86.00588,304.52,0.37,0.58,2026-09-17,2040,N20,VIIRS,n,2.0NRT,282.24,0.7,N,VIIRS_NOAA20_NRT,,
22.87488,86.06194,303.4,0.37,0.58,2026-09-17,2040,N20,VIIRS,n,2.0NRT,274.08,0.98,N,VIIRS_NOAA20_NRT,,
23.16396,82.33904,313.23,0.43,0.46,2026-09-17,2040,N20,VIIRS,n,2.0NRT,287.01,1.88,N,VIIRS_NOAA20_NRT,,
23.16481,82.33479,314.37,0.43,0.46,2026-09-17,2040,N20,VIIRS,n,2.0NRT,287.1,1.38,N,VIIRS_NOAA20_NRT,,
23.16729,82.34409,313.53,0.43,0.46,2026-09-17,2040,N20,VIIRS,n,2.0NRT,287.11,2.04,N,VIIRS_NOAA20_NRT,,
23.16813,82.33993,319.6,0.43,0.46,2026-09-17,2040,N20,VIIRS,n,2.0NRT,287.33,2.04,N,VIIRS_NOAA20_NRT,,
24.14799,82.65558,302.29,0.43,0.46,2026-09-17,2040,N20,VIIRS,n,2.0NRT,282.63,0.59,N,VIIRS_NOAA20_NRT,,
24.15559,82.59526,298.67,0.43,0.46,2026-09-17,2040,N20,VIIRS,n,2.0NRT,279.24,0.47,N,VIIRS_NOAA20_NRT,,
24.1831,82.65797,298.49,0.43,0.46,2026-09-17,2040,N20,VIIRS,n,2.0NRT,277.45,0.42,N,VIIRS_NOAA20_NRT,,
24.19782,82.71439,313.91,0.44,0.46,2026-09-17,2040,N20,VIIRS,n,2.0NRT,285.42,1.67,N,VIIRS_NOAA20_NRT,,
24.20579,82.52459,300.1,0.42,0.46,2026-09-17,2040,N20,VIIRS,n,2.0NRT,282.42,0.5,N,VIIRS_NOAA20_NRT,,
24.58007,74.80331,302.63,0.4,0.37,2026-09-17,2040,N20,VIIRS,n,2.0NRT,284.36,1.0,N,VIIRS_NOAA20_NRT,,
24.7653,74.60944,313.42,0.41,0.37,2026-09-17,2040,N20,VIIRS,n,2.0NRT,291.11,1.6,N,VIIRS_NOAA20_NRT,,
25.35143,68.6405,308.07,0.56,0.51,2026-09-17,2040,N20,VIIRS,n,2.0NRT,294.47,1.58,N,VIIRS_NOAA20_NRT,,
25.39097,68.58313,308.01,0.56,0.52,2026-09-17,2040,N20,VIIRS,n,2.0NRT,294.87,1.82,N,VIIRS_NOAA20_NRT,,
25.5425,91.2329,296.72,0.68,0.74,2026-09-17,2040,N20,VIIRS,n,2.0NRT,283.25,0.58,N,VIIRS_NOAA20_NRT,,
26.09319,68.87891,306.56,0.55,0.51,2026-09-17,2040,N20,VIIRS,n,2.0NRT,294.98,0.57,N,VIIRS_NOAA20_NRT,,
26.60677,73.68204,303.98,0.46,0.39,2026-09-17,2040,N20,VIIRS,n,2.0NRT,292.91,0.84,N,VIIRS_NOAA20_NRT,,
26.87862,73.51378,304.77,0.47,0.39,2026-09-17,2040,N20,VIIRS,n,2.0NRT,292.77,1.2,N,VIIRS_NOAA20_NRT,,
27.28753,73.84012,308.53,0.46,0.39,2026-09-17,2040,N20,VIIRS,n,2.0NRT,293.38,1.07,N,VIIRS_NOAA20_NRT,,
27.66867,76.13344,304.03,0.39,0.36,2026-09-17,2040,N20,VIIRS,n,2.0NRT,293.07,0.66,N,VIIRS_NOAA20_NRT,,
27.66926,76.12948,314.63,0.39,0.36,2026-09-17,2040,N20,VIIRS,n,2.0NRT,293.72,1.34,N,VIIRS_NOAA20_NRT,,
28.04142,69.668,327.86,0.52,0.5,2026-09-17,2040,N20,VIIRS,n,2.0NRT,295.19,6.26,N,VIIRS_NOAA20_NRT,,
28.3721,77.2253,309.97,0.38,0.36,2026-09-17,2040,N20,VIIRS,n,2.0NRT,293.17,0.84,N,VIIRS_NOAA20_NRT,,
28.65198,77.58755,308.68,0.38,0.36,2026-09-17,2040,N20,VIIRS,n,2.0NRT,294.27,2.19,N,VIIRS_NOAA20_NRT,,
28.65855,77.58888,306.73,0.38,0.36,2026-09-17,2040,N20,VIIRS,n,2.0NRT,293.5,1.69,N,VIIRS_NOAA20_NRT,,
28.78523,76.94955,303.8,0.39,0.36,2026-09-17,2040,N20,VIIRS,n,2.0NRT,293.12,0.5,N,VIIRS_NOAA20_NRT,,
28.83806,77.13728,298.65,0.39,0.36,2026-09-17,2040,N20,VIIRS,n,2.0NRT,279.03,1.62,N,VIIRS_NOAA20_NRT,,
17.6084,83.20306,310.25,0.62,0.54,2026-09-17,2042,N20,VIIRS,n,2.0NRT,290.37,3.61,N,VIIRS_NOAA20_NRT,,
17.61131,83.20342,320.01,0.62,0.54,2026-09-17,2042,N20,VIIRS,n,2.0NRT,290.48,5.03,N,VIIRS_NOAA20_NRT,,
17.61328,83.20416,314.2,0.62,0.54,2026-09-17,2042,N20,VIIRS,n,2.0NRT,290.16,2.59,N,VIIRS_NOAA20_NRT,,
17.95674,80.79336,317.84,0.43,0.46,2026-09-17,2042,N20,VIIRS,n,2.0NRT,289.07,2.41,N,VIIRS_NOAA20_NRT,,
17.98169,80.82668,308.21,0.43,0.46,2026-09-17,2042,N20,VIIRS,n,2.0NRT,289.76,1.6,N,VIIRS_NOAA20_NRT,,
18.27058,83.54146,304.6,0.32,0.54,2026-09-17,2042,N20,VIIRS,n,2.0NRT,287.32,0.4,N,VIIRS_NOAA20_NRT,,
18.61457,73.72221,328.28,0.4,0.37,2026-09-17,2042,N20,VIIRS,n,2.0NRT,290.44,2.63,N,VIIRS_NOAA20_NRT,,
18.68297,73.03413,315.29,0.41,0.37,2026-09-17,2042,N20,VIIRS,n,2.0NRT,290.14,3.53,N,VIIRS_NOAA20_NRT,,
18.68581,73.03858,310.57,0.41,0.37,2026-09-17,2042,N20,VIIRS,n,2.0NRT,290.02,2.92,N,VIIRS_NOAA20_NRT,,
18.68696,73.03078,306.54,0.41,0.37,2026-09-17,2042,N20,VIIRS,n,2.0NRT,286.31,3.43,N,VIIRS_NOAA20_NRT,,
18.80173,74.25227,315.34,0.39,0.36,2026-09-17,2042,N20,VIIRS,n,2.0NRT,287.78,1.36,N,VIIRS_NOAA20_NRT,,
18.88155,72.96802,303.98,0.42,0.37,2026-09-17,2042,N20,VIIRS,n,2.0NRT,291.42,1.77,N,VIIRS_NOAA20_NRT,,
20.25931,86.6023,312.9,0.46,0.63,2026-09-17,2042,N20,VIIRS,n,2.0NRT,286.11,2.14,N,VIIRS_NOAA20_NRT,,
20.26007,86.60085,311.6,0.46,0.63,2026-09-17,2042,N20,VIIRS,n,2.0NRT,286.68,1.52,N,VIIRS_NOAA20_NRT,,
20.69678,78.6378,315.39,0.45,0.39,2026-09-17,2042,N20,VIIRS,n,2.0NRT,291.81,2.17,N,VIIRS_NOAA20_NRT,,
20.70334,78.62141,307.91,0.45,0.39,2026-09-17,2042,N20,VIIRS,n,2.0NRT,291.39,1.71,N,VIIRS_NOAA20_NRT,,
20.79362,85.25126,312.34,0.37,0.58,2026-09-17,2042,N20,VIIRS,n,2.0NRT,276.16,1.78,N,VIIRS_NOAA20_NRT,,
20.80919,85.25526,301.84,0.37,0.58,2026-09-17,2042,N20,VIIRS,n,2.0NRT,275.58,1.41,N,VIIRS_NOAA20_NRT,,
20.86232,84.98704,310.78,0.35,0.57,2026-09-17,2042,N20,VIIRS,n,2.0NRT,276.09,1.44,N,VIIRS_NOAA20_NRT,,
20.86673,84.99152,305.93,0.35,0.57,2026-09-17,2042,N20,VIIRS,n,2.0NRT,276.37,2.93,N,VIIRS_NOAA20_NRT,,
20.86747,84.98816,309.88,0.35,0.57,2026-09-17,2042,N20,VIIRS,n,2.0NRT,275.42,1.44,N,VIIRS_NOAA20_NRT,,
20.95037,86.04699,310.86,0.41,0.61,2026-09-17,2042,N20,VIIRS,n,2.0NRT,280.91,2.06,N,VIIRS_NOAA20_NRT,,
20.95123,86.04317,312.13,0.41,0.6,2026-09-17,2042,N20,VIIRS,n,2.0NRT,280.67,2.04,N,VIIRS_NOAA20_NRT,,
20.95583,86.04829,307.72,0.41,0.61,2026-09-17,2042,N20,VIIRS,n,2.0NRT,282.88,1.81,N,VIIRS_NOAA20_NRT,,
20.96119,85.18557,303.42,0.36,0.57,2026-09-17,2042,N20,VIIRS,n,2.0NRT,278.96,1.46,N,VIIRS_NOAA20_NRT,,
20.96193,85.18216,302.33,0.36,0.57,2026-09-17,2042,N20,VIIRS,n,2.0NRT,277.96,1.17,N,VIIRS_NOAA20_NRT,,
20.96412,85.17205,299.21,0.36,0.57,2026-09-17,2042,N20,VIIRS,n,2.0NRT,273.09,1.0,N,VIIRS_NOAA20_NRT,,
20.96484,85.16872,297.5,0.36,0.57,2026-09-17,2042,N20,VIIRS,n,2.0NRT,271.96,0.89,N,VIIRS_NOAA20_NRT,,
20.96557,85.16537,304.45,0.36,0.57,2026-09-17,2042,N20,VIIRS,n,2.0NRT,270.92,0.89,N,VIIRS_NOAA20_NRT,,
20.96636,85.18684,316.9,0.36,0.57,2026-09-17,2042,N20,VIIRS,n,2.0NRT,274.93,1.46,N,VIIRS_NOAA20_NRT,,
20.96709,85.18346,299.83,0.36,0.57,2026-09-17,2042,N20,VIIRS,n,2.0NRT,272.86,1.17,N,VIIRS_NOAA20_NRT,,
20.9681,86.0192,304.33,0.41,0.6,2026-09-17,2042,N20,VIIRS,n,2.0NRT,281.91,2.4,N,VIIRS_NOAA20_NRT,,
20.96855,85.17671,299.32,0.36,0.57,2026-09-17,2042,N20,VIIRS,n,2.0NRT,272.08,1.0,N,VIIRS_NOAA20_NRT,,
20.96927,85.17339,314.3,0.36,0.57,2026-09-17,2042,N20,VIIRS,n,2.0NRT,271.53,1.0,N,VIIRS_NOAA20_NRT,,
20.96982,86.01156,326.89,0.41,0.6,2026-09-17,2042,N20,VIIRS,n,2.0NRT,277.9,5.49,N,VIIRS_NOAA20_NRT,,
20.96999,85.17004,305.41,0.36,0.57,2026-09-17,2042,N20,VIIRS,n,2.0NRT,269.92,0.89,N,VIIRS_NOAA20_NRT,,
20.97442,85.17469,300.82,0.36,0.57,2026-09-17,2042,N20,VIIRS,n,2.0NRT,269.07,1.82,N,VIIRS_NOAA20_NRT,,
20.97514,85.17139,299.63,0.36,0.57,2026-09-17,2042,N20,VIIRS,n,2.0NRT,268.81,1.25,N,VIIRS_NOAA20_NRT,,
21.10249,72.63761,326.39,0.45,0.39,2026-09-17,2042,N20,VIIRS,n,2.0NRT,292.8,5.13,N,VIIRS_NOAA20_NRT,,
21.10309,72.63332,329.67,0.45,0.39,2026-09-17,2042,N20,VIIRS,n,2.0NRT,292.41,5.13,N,VIIRS_NOAA20_NRT,,
21.10484,72.64675,328.42,0.45,0.39,2026-09-17,2042,N20,VIIRS,n,2.0NRT,293.67,3.87,N,VIIRS_NOAA20_NRT,,
21.10544,72.64247,317.69,0.45,0.39,2026-09-17,2042,N20,VIIRS,n,2.0NRT,291.83,3.87,N,VIIRS_NOAA20_NRT,,
21.10839,72.64732,328.65,0.45,0.39,2026-09-17,2042,N20,VIIRS,n,2.0NRT,294.05,3.87,N,VIIRS_NOAA20_NRT,,
21.11018,72.63446,309.32,0.45,0.39,2026-09-17,2042,N20,VIIRS,n,2.0NRT,293.2,2.05,N,VIIRS_NOAA20_NRT,,
21.11373,72.63503,306.88,0.45,0.39,2026-09-17,2042,N20,VIIRS,n,2.0NRT,292.5,0.8,N,VIIRS_NOAA20_NRT,,
21.18292,81.38786,316.76,0.41,0.45,2026-09-17,2042,N20,VIIRS,n,2.0NRT,290.03,2.02,N,VIIRS_NOAA20_NRT,,
21.18367,81.38398,324.54,0.41,0.45,2026-09-17,2042,N20,VIIRS,n,2.0NRT,289.89,3.37,N,VIIRS_NOAA20_NRT,,
21.18699,81.38876,311.9,0.41,0.45,2026-09-17,2042,N20,VIIRS,n,2.0NRT,290.32,2.02,N,VIIRS_NOAA20_NRT,,
21.19468,81.4149,319.56,0.41,0.45,2026-09-17,2042,N20,VIIRS,n,2.0NRT,288.53,2.24,N,VIIRS_NOAA20_NRT,,
21.19512,81.39056,305.04,0.41,0.45,2026-09-17,2042,N20,VIIRS,n,2.0NRT,289.49,1.62,N,VIIRS_NOAA20_NRT,,
21.23491,79.62936,313.7,0.49,0.41,2026-09-17,2042,N20,VIIRS,n,2.0NRT,291.99,2.23,N,VIIRS_NOAA20_NRT,,
21.25003,79.20966,313.97,0.47,0.4,2026-09-17,2042,N20,VIIRS,n,2.0NRT,290.09,2.34,N,VIIRS_NOAA20_NRT,,
21.30691,81.5783,304.88,0.42,0.45,2026-09-17,2042,N20,VIIRS,n,2.0NRT,289.64,0.83,N,VIIRS_NOAA20_NRT,,
21.30873,81.59119,308.11,0.42,0.45,2026-09-17,2042,N20,VIIRS,n,2.0NRT,289.88,1.08,N,VIIRS_NOAA20_NRT,,
21.31101,81.59064,311.33,0.42,0.45,2026-09-17,2042,N20,VIIRS,n,2.0NRT,289.9,1.48,N,VIIRS_NOAA20_NRT,,
21.31283,81.59209,305.28,0.42,0.45,2026-09-17,2042,N20,VIIRS,n,2.0NRT,289.6,0.67,N,VIIRS_NOAA20_NRT,,
21.32647,81.57745,304.06,0.42,0.45,2026-09-17,2042,N20,VIIRS,n,2.0NRT,288.08,0.48,N,VIIRS_NOAA20_NRT,,
21.34782,81.66554,306.58,0.42,0.46,2026-09-17,2042,N20,VIIRS,n,2.0NRT,290.18,1.36,N,VIIRS_NOAA20_NRT,,
21.37513,81.67995,312.31,0.43,0.46,2026-09-17,2042,N20,VIIRS,n,2.0NRT,290.71,2.0,N,VIIRS_NOAA20_NRT,,
21.37797,81.643,309.67,0.42,0.45,2026-09-17,2042,N20,VIIRS,n,2.0NRT,290.35,1.55,N,VIIRS_NOAA20_NRT,,
21.37925,81.6809,307.19,0.43,0.46,2026-09-17,2042,N20,VIIRS,n,2.0NRT,290.06,1.31,N,VIIRS_NOAA20_NRT,,
21.39032,81.64574,310.87,0.42,0.45,2026-09-17,2042,N20,VIIRS,n,2.0NRT,289.64,1.6,N,VIIRS_NOAA20_NRT,,
21.43363,72.97715,322.1,0.44,0.38,2026-09-17,2042,N20,VIIRS,n,2.0NRT,291.22,2.92,N,VIIRS_NOAA20_NRT,,
21.48916,81.76804,307.35,0.43,0.46,2026-09-17,2042,N20,VIIRS,n,2.0NRT,284.84,1.2,N,VIIRS_NOAA20_NRT,,
21.5756,82.02209,306.96,0.44,0.46,2026-09-17,2042,N20,VIIRS,n,2.0NRT,285.63,1.34,N,VIIRS_NOAA20_NRT,,
21.6732,82.0811,308.89,0.44,0.46,2026-09-17,2042,N20,VIIRS,n,2.0NRT,286.34,1.15,N,VIIRS_NOAA20_NRT,,
21.80421,82.03961,309.1,0.44,0.46,2026-09-17,2042,N20,VIIRS,n,2.0NRT,284.57,1.08,N,VIIRS_NOAA20_NRT,,
22.41816,69.03714,308.9,0.49,0.48,2026-09-17,2042,N20,VIIRS,n,2.0NRT,291.12,1.15,N,VIIRS_NOAA20_NRT,,
23.12075,70.08455,313.99,0.43,0.46,2026-09-17,2042,N20,VIIRS,n,2.0NRT,287.1,1.05,N,VIIRS_NOAA20_NRT,,
23.12153,70.08297,310.86,0.43,0.46,2026-09-17,2042,N20,VIIRS,n,2.0NRT,285.08,3.22,N,VIIRS_NOAA20_NRT,,
8.67233,77.99185,305.26,0.41,0.45,2026-09-17,2044,N20,VIIRS,n,2.0NRT,291.35,1.01,N,VIIRS_NOAA20_NRT,,
9.84807,78.13154,312.88,0.4,0.44,2026-09-17,2044,N20,VIIRS,n,2.0NRT,289.28,2.38,N,VIIRS_NOAA20_NRT,,
9.84887,78.13198,309.75,0.4,0.44,2026-09-17,2044,N20,VIIRS,n,2.0NRT,288.78,2.07,N,VIIRS_NOAA20_NRT,,
12.748,77.61738,298.13,0.51,0.41,2026-09-17,2044,N20,VIIRS,n,2.0NRT,264.17,0.44,N,VIIRS_NOAA20_NRT,,
15.65898,73.98971,311.45,0.38,0.36,2026-09-17,2044,N20,VIIRS,n,2.0NRT,290.19,0.76,N,VIIRS_NOAA20_NRT,,
24.06387,96.67159,329.67,0.63,0.54,2026-09-18,614,N20,VIIRS,n,2.0NRT,290.91,3.78,D,VIIRS_NOAA20_NRT,,
25.84576,93.44328,335.14,0.46,0.63,2026-09-18,614,N20,VIIRS,n,2.0NRT,290.03,5.22,D,VIIRS_NOAA20_NRT,,
25.84696,93.44416,346.35,0.46,0.63,2026-09-18,614,N20,VIIRS,n,2.0NRT,290.5,5.68,D,VIIRS_NOAA20_NRT,,
8.02517,80.61441,335.3,0.47,0.4,2026-09-18,750,N20,VIIRS,n,2.0NRT,298.05,7.93,D,VIIRS_NOAA20_NRT,,
8.1304,81.01141,333.16,0.45,0.39,2026-09-18,750,N20,VIIRS,n,2.0NRT,292.14,3.17,D,VIIRS_NOAA20_NRT,,
8.29097,80.24873,334.09,0.49,0.4,2026-09-18,750,N20,VIIRS,n,2.0NRT,295.97,5.13,D,VIIRS_NOAA20_NRT,,
8.29219,80.24799,330.91,0.49,0.4,2026-09-18,750,N20,VIIRS,l,2.0NRT,295.5,2.84,D,VIIRS_NOAA20_NRT,,
8.38226,77.55321,343.78,0.48,0.48,2026-09-18,750,N20,VIIRS,n,2.0NRT,299.74,10.49,D,VIIRS_NOAA20_NRT,,
8.383,77.55364,344.1,0.48,0.48,2026-09-18,750,N20,VIIRS,n,2.0NRT,299.42,10.71,D,VIIRS_NOAA20_NRT,,
8.75914,77.37657,343.8,0.48,0.48,2026-09-18,750,N20,VIIRS,n,2.0NRT,300.24,5.85,D,VIIRS_NOAA20_NRT,,
8.77212,77.99081,334.4,0.44,0.46,2026-09-18,750,N20,VIIRS,n,2.0NRT,299.95,2.92,D,VIIRS_NOAA20_NRT,,
8.81132,80.06059,339.03,0.5,0.41,2026-09-18,750,N20,VIIRS,n,2.0NRT,299.02,7.45,D,VIIRS_NOAA20_NRT,,
8.81336,80.06372,333.22,0.5,0.41,2026-09-18,750,N20,VIIRS,l,2.0NRT,299.36,5.97,D,VIIRS_NOAA20_NRT,,
9.14517,77.5752,336.75,0.46,0.47,2026-09-18,750,N20,VIIRS,n,2.0NRT,299.57,6.57,D,VIIRS_NOAA20_NRT,,
9.26795,77.466,338.75,0.47,0.48,2026-09-18,750,N20,VIIRS,n,2.0NRT,297.54,4.39,D,VIIRS_NOAA20_NRT,,
9.35173,78.81602,335.87,0.38,0.43,2026-09-18,750,N20,VIIRS,n,2.0NRT,299.58,2.15,D,VIIRS_NOAA20_NRT,,
9.3523,78.81947,332.78,0.38,0.43,2026-09-18,750,N20,VIIRS,n,2.0NRT,299.16,4.53,D,VIIRS_NOAA20_NRT,,
9.54265,77.79662,336.61,0.44,0.46,2026-09-18,750,N20,VIIRS,n,2.0NRT,297.82,2.33,D,VIIRS_NOAA20_NRT,,
9.58262,78.56652,341.58,0.39,0.44,2026-09-18,750,N20,VIIRS,n,2.0NRT,301.94,7.41,D,VIIRS_NOAA20_NRT,,
9.60665,78.4635,335.43,0.4,0.44,2026-09-18,750,N20,VIIRS,n,2.0NRT,300.05,4.88,D,VIIRS_NOAA20_NRT,,
9.60725,78.46708,349.76,0.4,0.44,2026-09-18,750,N20,VIIRS,n,2.0NRT,300.69,4.88,D,VIIRS_NOAA20_NRT,,
9.64359,78.43144,339.35,0.4,0.44,2026-09-18,750,N20,VIIRS,n,2.0NRT,302.35,4.65,D,VIIRS_NOAA20_NRT,,
9.80334,78.26556,337.05,0.41,0.45,2026-09-18,750,N20,VIIRS,n,2.0NRT,297.07,5.55,D,VIIRS_NOAA20_NRT,,
9.85383,77.73679,336.64,0.44,0.46,2026-09-18,750,N20,VIIRS,n,2.0NRT,301.58,8.35,D,VIIRS_NOAA20_NRT,,
9.88316,78.21815,330.53,0.41,0.45,2026-09-18,750,N20,VIIRS,n,2.0NRT,298.89,2.19,D,VIIRS_NOAA20_NRT,,
9.95489,79.10921,341.58,0.54,0.42,2026-09-18,750,N20,VIIRS,n,2.0NRT,299.51,7.04,D,VIIRS_NOAA20_NRT,,
9.95874,79.10856,340.2,0.54,0.42,2026-09-18,750,N20,VIIRS,n,2.0NRT,300.08,9.6,D,VIIRS_NOAA20_NRT,,
10.43074,78.34257,333.9,0.39,0.44,2026-09-18,750,N20,VIIRS,n,2.0NRT,299.67,3.49,D,VIIRS_NOAA20_NRT,,
10.52222,78.59944,333.55,0.57,0.43,2026-09-18,750,N20,VIIRS,n,2.0NRT,298.55,2.12,D,VIIRS_NOAA20_NRT,,
10.52314,78.60123,331.68,0.57,0.43,2026-09-18,750,N20,VIIRS,n,2.0NRT,297.86,2.95,D,VIIRS_NOAA20_NRT,,
10.65016,79.35047,335.81,0.51,0.41,2026-09-18,750,N20,VIIRS,n,2.0NRT,300.14,5.09,D,VIIRS_NOAA20_NRT,,
10.73061,77.30718,331.61,0.45,0.47,2026-09-18,750,N20,VIIRS,n,2.0NRT,298.83,2.28,D,VIIRS_NOAA20_NRT,,
10.84016,79.23045,334.18,0.52,0.41,2026-09-18,750,N20,VIIRS,l,2.0NRT,298.98,11.38,D,VIIRS_NOAA20_NRT,,
10.84071,79.23258,343.1,0.52,0.41,2026-09-18,750,N20,VIIRS,n,2.0NRT,299.01,11.63,D,VIIRS_NOAA20_NRT,,
10.85049,78.27798,330.71,0.39,0.44,2026-09-18,750,N20,VIIRS,n,2.0NRT,297.04,2.06,D,VIIRS_NOAA20_NRT,,
11.01254,76.9098,337.66,0.48,0.48,2026-09-18,750,N20,VIIRS,n,2.0NRT,294.04,4.17,D,VIIRS_NOAA20_NRT,,
11.16329,78.00385,333.61,0.4,0.44,2026-09-18,750,N20,VIIRS,n,2.0NRT,298.15,2.34,D,VIIRS_NOAA20_NRT,,
11.8101,77.92343,337.67,0.4,0.44,2026-09-18,752,N20,VIIRS,n,2.0NRT,300.38,4.4,D,VIIRS_NOAA20_NRT,,
12.06794,76.77995,337.75,0.47,0.47,2026-09-18,752,N20,VIIRS,n,2.0NRT,298.16,4.96,D,VIIRS_NOAA20_NRT,,
15.16262,76.38349,339.95,0.44,0.46,2026-09-18,752,N20,VIIRS,n,2.0NRT,298.67,7.58,D,VIIRS_NOAA20_NRT,,
16.04443,77.69267,337.8,0.53,0.42,2026-09-18,752,N20,VIIRS,n,2.0NRT,298.32,5.28,D,VIIRS_NOAA20_NRT,,
16.83365,80.56961,341.94,0.4,0.37,2026-09-18,752,N20,VIIRS,n,2.0NRT,302.07,8.93,D,VIIRS_NOAA20_NRT,,
16.91403,80.82314,330.74,0.39,0.36,2026-09-18,752,N20,VIIRS,n,2.0NRT,300.58,2.29,D,VIIRS_NOAA20_NRT,,
17.67155,82.91898,334.64,0.39,0.36,2026-09-18,752,N20,VIIRS,n,2.0NRT,294.96,2.04,D,VIIRS_NOAA20_NRT,,
17.77936,82.11382,332.57,0.39,0.36,2026-09-18,752,N20,VIIRS,n,2.0NRT,293.0,1.93,D,VIIRS_NOAA20_NRT,,
17.93654,82.02854,331.23,0.38,0.36,2026-09-18,752,N20,VIIRS,n,2.0NRT,299.53,3.2,D,VIIRS_NOAA20_NRT,,
17.95729,80.79605,336.05,0.39,0.36,2026-09-18,752,N20,VIIRS,n,2.0NRT,301.34,4.36,D,VIIRS_NOAA20_NRT,,
18.23346,83.33955,330.28,0.41,0.37,2026-09-18,752,N20,VIIRS,n,2.0NRT,298.72,2.31,D,VIIRS_NOAA20_NRT,,
18.52764,83.64092,337.35,0.42,0.37,2026-09-18,752,N20,VIIRS,n,2.0NRT,298.53,3.98,D,VIIRS_NOAA20_NRT,,
19.09788,82.16865,336.35,0.39,0.36,2026-09-18,752,N20,VIIRS,n,2.0NRT,298.09,4.41,D,VIIRS_NOAA20_NRT,,
20.79439,85.25246,333.69,0.51,0.41,2026-09-18,754,N20,VIIRS,n,2.0NRT,297.1,6.93,D,VIIRS_NOAA20_NRT,,
20.86535,84.99236,336.1,0.5,0.41,2026-09-18,754,N20,VIIRS,n,2.0NRT,298.47,9.44,D,VIIRS_NOAA20_NRT,,
20.8697,84.99664,342.02,0.5,0.41,2026-09-18,754,N20,VIIRS,n,2.0NRT,298.14,10.28,D,VIIRS_NOAA20_NRT,,
20.88713,84.98437,334.88,0.5,0.41,2026-09-18,754,N20,VIIRS,n,2.0NRT,299.83,7.62,D,VIIRS_NOAA20_NRT,,
20.95571,85.01369,330.77,0.5,0.41,2026-09-18,754,N20,VIIRS,n,2.0NRT,299.71,5.45,D,VIIRS_NOAA20_NRT,,
20.96666,85.15228,332.8,0.51,0.41,2026-09-18,754,N20,VIIRS,n,2.0NRT,299.18,6.47,D,VIIRS_NOAA20_NRT,,
20.96935,85.17483,342.18,0.51,0.41,2026-09-18,754,N20,VIIRS,n,2.0NRT,295.42,7.66,D,VIIRS_NOAA20_NRT,,
20.96972,85.17674,338.11,0.51,0.41,2026-09-18,754,N20,VIIRS,n,2.0NRT,297.04,8.53,D,VIIRS_NOAA20_NRT,,
21.0789,85.03456,337.48,0.5,0.41,2026-09-18,754,N20,VIIRS,n,2.0NRT,300.68,6.44,D,VIIRS_NOAA20_NRT,,
21.07951,85.03941,333.64,0.5,0.41,2026-09-18,754,N20,VIIRS,n,2.0NRT,299.39,8.8,D,VIIRS_NOAA20_NRT,,
21.33603,78.9675,332.78,0.41,0.37,2026-09-18,754,N20,VIIRS,n,2.0NRT,299.11,4.52,D,VIIRS_NOAA20_NRT,,
21.67838,84.03827,334.63,0.46,0.39,2026-09-18,754,N20,VIIRS,n,2.0NRT,298.68,7.93,D,VIIRS_NOAA20_NRT,,
21.74926,83.84478,333.95,0.45,0.39,2026-09-18,754,N20,VIIRS,n,2.0NRT,296.27,9.14,D,VIIRS_NOAA20_NRT,,
21.75638,83.8437,336.21,0.45,0.39,2026-09-18,754,N20,VIIRS,n,2.0NRT,296.56,7.42,D,VIIRS_NOAA20_NRT,,
21.91956,83.3521,332.0,0.43,0.38,2026-09-18,754,N20,VIIRS,n,2.0NRT,297.44,5.15,D,VIIRS_NOAA20_NRT,,
21.92057,83.3487,336.58,0.43,0.38,2026-09-18,754,N20,VIIRS,n,2.0NRT,297.54,4.39,D,VIIRS_NOAA20_NRT,,
21.92113,83.35287,332.49,0.43,0.38,2026-09-18,754,N20,VIIRS,n,2.0NRT,297.15,4.39,D,VIIRS_NOAA20_NRT,,
22.04,83.7285,336.26,0.45,0.39,2026-09-18,754,N20,VIIRS,n,2.0NRT,296.51,6.2,D,VIIRS_NOAA20_NRT,,
22.35595,82.3028,340.86,0.4,0.37,2026-09-18,754,N20,VIIRS,n,2.0NRT,301.63,5.7,D,VIIRS_NOAA20_NRT,,
22.35932,82.30225,340.12,0.4,0.37,2026-09-18,754,N20,VIIRS,n,2.0NRT,294.06,5.7,D,VIIRS_NOAA20_NRT,,
23.68199,86.09631,330.96,0.41,0.45,2026-09-18,754,N20,VIIRS,n,2.0NRT,296.76,4.74,D,VIIRS_NOAA20_NRT,,
23.69667,86.07796,335.0,0.41,0.45,2026-09-18,754,N20,VIIRS,n,2.0NRT,297.01,3.87,D,VIIRS_NOAA20_NRT,,
23.73722,86.43517,336.96,0.43,0.46,2026-09-18,754,N20,VIIRS,n,2.0NRT,293.01,5.88,D,VIIRS_NOAA20_NRT,,
23.75917,86.40201,331.19,0.43,0.46,2026-09-18,754,N20,VIIRS,n,2.0NRT,294.22,6.68,D,VIIRS_NOAA20_NRT,,
23.77969,86.21221,341.31,0.42,0.45,2026-09-18,754,N20,VIIRS,n,2.0NRT,295.46,5.0,D,VIIRS_NOAA20_NRT,,
23.80231,86.33196,340.11,0.43,0.46,2026-09-18,754,N20,VIIRS,n,2.0NRT,292.26,6.88,D,VIIRS_NOAA20_NRT,,
23.80277,86.32876,334.31,0.43,0.46,2026-09-18,754,N20,VIIRS,n,2.0NRT,295.14,2.67,D,VIIRS_NOAA20_NRT,,
23.80324,86.33295,331.97,0.43,0.46,2026-09-18,754,N20,VIIRS,n,2.0NRT,293.51,2.67,D,VIIRS_NOAA20_NRT,,
29.13114,75.77167,343.32,0.44,0.38,2026-09-18,756,N20,VIIRS,n,2.0NRT,301.56,4.96,D,VIIRS_NOAA20_NRT,,
29.64321,91.29465,327.87,0.51,0.66,2026-09-18,756,N20,VIIRS,n,2.0NRT,295.74,6.64,D,VIIRS_NOAA20_NRT,,
30.43399,76.88471,330.98,0.4,0.37,2026-09-18,756,N20,VIIRS,n,2.0NRT,302.2,2.04,D,VIIRS_NOAA20_NRT,,
31.52291,73.38667,344.04,0.52,0.41,2026-09-18,756,N20,VIIRS,n,2.0NRT,300.57,4.05,D,VIIRS_NOAA20_NRT,,
33.26694,71.31107,332.44,0.41,0.45,2026-09-18,758,N20,VIIRS,n,2.0NRT,297.14,2.83,D,VIIRS_NOAA20_NRT,,
26.77519,94.50269,304.45,0.54,0.68,2026-09-18,1841,N20,VIIRS,n,2.0NRT,288.61,0.74,N,VIIRS_NOAA20_NRT,,
27.22418,95.34475,309.11,0.56,0.69,2026-09-18,2019,N20,VIIRS,n,2.0NRT,287.46,1.12,N,VIIRS_NOAA20_NRT,,
27.32657,95.27476,302.52,0.56,0.69,2026-09-18,2019,N20,VIIRS,n,2.0NRT,287.21,0.4,N,VIIRS_NOAA20_NRT,,
27.46378,95.47552,306.27,0.57,0.69,2026-09-18,2019,N20,VIIRS,n,2.0NRT,286.62,0.6,N,VIIRS_NOAA20_NRT,,
27.60517,95.39863,308.17,0.56,0.69,2026-09-18,2019,N20,VIIRS,n,2.0NRT,286.62,1.11,N,VIIRS_NOAA20_NRT,,
27.60678,95.4006,309.12,0.56,0.69,2026-09-18,2019,N20,VIIRS,n,2.0NRT,286.2,0.91,N,VIIRS_NOAA20_NRT,,
27.99864,76.42101,306.79,0.4,0.44,2026-09-18,2019,N20,VIIRS,n,2.0NRT,293.34,0.55,N,VIIRS_NOAA20_NRT,,
28.37514,77.22363,306.13,0.54,0.42,2026-09-18,2019,N20,VIIRS,n,2.0NRT,294.69,1.12,N,VIIRS_NOAA20_NRT,,
28.70895,76.85532,312.81,0.38,0.43,2026-09-18,2019,N20,VIIRS,n,2.0NRT,295.32,1.18,N,VIIRS_NOAA20_NRT,,
28.7775,76.94783,308.63,0.57,0.43,2026-09-18,2019,N20,VIIRS,n,2.0NRT,294.99,1.18,N,VIIRS_NOAA20_NRT,,
28.77929,76.94665,304.58,0.57,0.43,2026-09-18,2019,N20,VIIRS,n,2.0NRT,294.43,0.99,N,VIIRS_NOAA20_NRT,,
28.8396,77.13964,305.93,0.56,0.43,2026-09-18,2019,N20,VIIRS,n,2.0NRT,294.96,1.2,N,VIIRS_NOAA20_NRT,,
31.26049,76.92435,301.91,0.41,0.45,2026-09-18,2019,N20,VIIRS,n,2.0NRT,290.61,0.89,N,VIIRS_NOAA20_NRT,,
32.57811,72.56197,305.89,0.38,0.59,2026-09-18,2019,N20,VIIRS,n,2.0NRT,294.82,1.82,N,VIIRS_NOAA20_NRT,,
32.71998,72.77346,305.98,0.37,0.58,2026-09-18,2019,N20,VIIRS,n,2.0NRT,292.74,0.62,N,VIIRS_NOAA20_NRT,,
32.88951,71.61317,305.92,0.43,0.62,2026-09-18,2019,N20,VIIRS,n,2.0NRT,292.58,0.89,N,VIIRS_NOAA20_NRT,,
33.29845,71.18378,304.21,0.46,0.64,2026-09-18,2019,N20,VIIRS,n,2.0NRT,290.4,1.01,N,VIIRS_NOAA20_NRT,,
33.30016,71.18195,301.63,0.46,0.64,2026-09-18,2019,N20,VIIRS,n,2.0NRT,289.84,0.87,N,VIIRS_NOAA20_NRT,,
33.4072,71.93546,303.59,0.42,0.61,2026-09-18,2019,N20,VIIRS,n,2.0NRT,291.25,0.52,N,VIIRS_NOAA20_NRT,,
33.6904,72.71104,304.14,0.38,0.59,2026-09-18,2019,N20,VIIRS,n,2.0NRT,292.88,1.09,N,VIIRS_NOAA20_NRT,,
33.80132,72.09457,304.88,0.41,0.61,2026-09-18,2019,N20,VIIRS,n,2.0NRT,292.05,0.59,N,VIIRS_NOAA20_NRT,,
20.96965,85.15266,329.07,0.55,0.42,2026-09-18,2021,N20,VIIRS,n,2.0NRT,284.9,7.28,N,VIIRS_NOAA20_NRT,,
21.0752,85.04401,309.36,0.54,0.42,2026-09-18,2021,N20,VIIRS,n,2.0NRT,290.37,2.17,N,VIIRS_NOAA20_NRT,,
21.07614,85.03896,309.43,0.54,0.42,2026-09-18,2021,N20,VIIRS,n,2.0NRT,290.71,2.17,N,VIIRS_NOAA20_NRT,,
21.07996,85.03977,314.39,0.54,0.42,2026-09-18,2021,N20,VIIRS,n,2.0NRT,290.5,3.57,N,VIIRS_NOAA20_NRT,,
21.0809,85.03469,324.49,0.54,0.42,2026-09-18,2021,N20,VIIRS,n,2.0NRT,291.12,4.42,N,VIIRS_NOAA20_NRT,,
21.57645,82.02164,298.28,0.4,0.37,2026-09-18,2021,N20,VIIRS,n,2.0NRT,272.9,0.44,N,VIIRS_NOAA20_NRT,,
21.67248,84.04161,303.9,0.47,0.4,2026-09-18,2021,N20,VIIRS,n,2.0NRT,285.58,0.63,N,VIIRS_NOAA20_NRT,,
21.67687,84.0379,304.84,0.47,0.4,2026-09-18,2021,N20,VIIRS,n,2.0NRT,284.4,1.21,N,VIIRS_NOAA20_NRT,,
21.68047,84.03864,312.99,0.47,0.4,2026-09-18,2021,N20,VIIRS,n,2.0NRT,284.16,1.21,N,VIIRS_NOAA20_NRT,,
21.68406,84.03939,298.87,0.47,0.4,2026-09-18,2021,N20,VIIRS,n,2.0NRT,282.15,0.61,N,VIIRS_NOAA20_NRT,,
21.74181,83.84029,305.66,0.46,0.39,2026-09-18,2021,N20,VIIRS,n,2.0NRT,288.73,1.73,N,VIIRS_NOAA20_NRT,,
21.74537,83.84103,316.21,0.46,0.39,2026-09-18,2021,N20,VIIRS,n,2.0NRT,289.7,1.73,N,VIIRS_NOAA20_NRT,,
21.74893,83.84178,336.85,0.46,0.39,2026-09-18,2021,N20,VIIRS,n,2.0NRT,290.69,4.28,N,VIIRS_NOAA20_NRT,,
21.75248,83.84253,308.11,0.46,0.39,2026-09-18,2021,N20,VIIRS,n,2.0NRT,289.76,4.28,N,VIIRS_NOAA20_NRT,,
21.75604,83.84326,331.5,0.46,0.39,2026-09-18,2021,N20,VIIRS,n,2.0NRT,291.2,3.47,N,VIIRS_NOAA20_NRT,,
21.7596,83.844,317.24,0.46,0.39,2026-09-18,2021,N20,VIIRS,n,2.0NRT,289.56,3.47,N,VIIRS_NOAA20_NRT,,
21.76239,83.84912,322.29,0.46,0.39,2026-09-18,2021,N20,VIIRS,n,2.0NRT,288.64,4.11,N,VIIRS_NOAA20_NRT,,
21.76742,84.0174,300.71,0.47,0.39,2026-09-18,2021,N20,VIIRS,n,2.0NRT,281.76,0.48,N,VIIRS_NOAA20_NRT,,
21.80186,82.04004,295.3,0.4,0.37,2026-09-18,2021,N20,VIIRS,n,2.0NRT,265.92,0.43,N,VIIRS_NOAA20_NRT,,
21.85809,83.96709,308.47,0.46,0.39,2026-09-18,2021,N20,VIIRS,n,2.0NRT,290.56,1.45,N,VIIRS_NOAA20_NRT,,
21.86017,83.96596,307.49,0.46,0.39,2026-09-18,2021,N20,VIIRS,n,2.0NRT,290.57,1.26,N,VIIRS_NOAA20_NRT,,
21.92273,83.34934,305.38,0.44,0.38,2026-09-18,2021,N20,VIIRS,n,2.0NRT,262.16,0.91,N,VIIRS_NOAA20_NRT,,
21.92468,85.22163,310.43,0.53,0.42,2026-09-18,2021,N20,VIIRS,n,2.0NRT,287.95,2.0,N,VIIRS_NOAA20_NRT,,
21.96462,83.77411,305.69,0.45,0.39,2026-09-18,2021,N20,VIIRS,n,2.0NRT,284.47,1.0,N,VIIRS_NOAA20_NRT,,
21.98596,83.23334,295.97,0.43,0.38,2026-09-18,2021,N20,VIIRS,n,2.0NRT,262.85,0.44,N,VIIRS_NOAA20_NRT,,
22.00496,82.66972,302.48,0.41,0.37,2026-09-18,2021,N20,VIIRS,n,2.0NRT,285.81,0.89,N,VIIRS_NOAA20_NRT,,
22.01475,83.75571,306.82,0.45,0.39,2026-09-18,2021,N20,VIIRS,n,2.0NRT,286.6,1.16,N,VIIRS_NOAA20_NRT,,
22.01553,83.75137,312.62,0.45,0.39,2026-09-18,2021,N20,VIIRS,n,2.0NRT,286.33,1.74,N,VIIRS_NOAA20_NRT,,
22.03911,83.35,298.67,0.43,0.38,2026-09-18,2021,N20,VIIRS,n,2.0NRT,272.14,1.02,N,VIIRS_NOAA20_NRT,,
22.04058,83.73418,305.12,0.45,0.39,2026-09-18,2021,N20,VIIRS,n,2.0NRT,286.19,1.84,N,VIIRS_NOAA20_NRT,,
22.04134,83.72987,308.02,0.45,0.39,2026-09-18,2021,N20,VIIRS,n,2.0NRT,285.84,2.62,N,VIIRS_NOAA20_NRT,,
22.06785,83.70411,300.25,0.45,0.39,2026-09-18,2021,N20,VIIRS,n,2.0NRT,276.39,0.84,N,VIIRS_NOAA20_NRT,,
22.09017,83.11742,297.69,0.43,0.38,2026-09-18,2021,N20,VIIRS,n,2.0NRT,272.22,1.05,N,VIIRS_NOAA20_NRT,,
22.13323,85.38306,302.32,0.54,0.42,2026-09-18,2021,N20,VIIRS,n,2.0NRT,286.92,1.12,N,VIIRS_NOAA20_NRT,,
22.20955,84.86233,323.82,0.51,0.41,2026-09-18,2021,N20,VIIRS,n,2.0NRT,289.12,2.04,N,VIIRS_NOAA20_NRT,,
22.21044,84.8575,308.55,0.5,0.41,2026-09-18,2021,N20,VIIRS,n,2.0NRT,288.23,2.04,N,VIIRS_NOAA20_NRT,,
22.21062,84.8776,307.02,0.51,0.41,2026-09-18,2021,N20,VIIRS,n,2.0NRT,288.43,1.83,N,VIIRS_NOAA20_NRT,,
22.31346,82.52953,309.34,0.41,0.37,2026-09-18,2021,N20,VIIRS,n,2.0NRT,289.92,1.24,N,VIIRS_NOAA20_NRT,,
22.31618,82.53408,308.43,0.41,0.37,2026-09-18,2021,N20,VIIRS,n,2.0NRT,289.51,0.82,N,VIIRS_NOAA20_NRT,,
22.31683,82.53017,305.3,0.41,0.37,2026-09-18,2021,N20,VIIRS,n,2.0NRT,290.49,0.82,N,VIIRS_NOAA20_NRT,,
22.31832,82.56278,312.05,0.41,0.37,2026-09-18,2021,N20,VIIRS,n,2.0NRT,290.59,1.5,N,VIIRS_NOAA20_NRT,,
22.31898,82.55887,317.64,0.41,0.37,2026-09-18,2021,N20,VIIRS,n,2.0NRT,289.81,1.61,N,VIIRS_NOAA20_NRT,,
22.32169,82.56345,312.13,0.41,0.37,2026-09-18,2021,N20,VIIRS,n,2.0NRT,290.24,1.5,N,VIIRS_NOAA20_NRT,,
22.32228,82.58666,328.46,0.41,0.37,2026-09-18,2021,N20,VIIRS,n,2.0NRT,289.94,2.5,N,VIIRS_NOAA20_NRT,,
22.32294,82.5625,305.21,0.41,0.37,2026-09-18,2021,N20,VIIRS,n,2.0NRT,289.85,1.07,N,VIIRS_NOAA20_NRT,,
22.32973,82.60435,311.91,0.41,0.37,2026-09-18,2021,N20,VIIRS,n,2.0NRT,289.84,0.93,N,VIIRS_NOAA20_NRT,,
22.33311,82.60501,308.75,0.41,0.37,2026-09-18,2021,N20,VIIRS,n,2.0NRT,289.66,0.93,N,VIIRS_NOAA20_NRT,,
22.35857,82.30184,346.87,0.4,0.37,2026-09-18,2021,N20,VIIRS,n,2.0NRT,290.66,6.69,N,VIIRS_NOAA20_NRT,,
22.35895,87.28751,306.67,0.46,0.47,2026-09-18,2021,N20,VIIRS,n,2.0NRT,289.8,0.96,N,VIIRS_NOAA20_NRT,,
22.36071,87.27876,305.72,0.46,0.47,2026-09-18,2021,N20,VIIRS,n,2.0NRT,288.26,0.66,N,VIIRS_NOAA20_NRT,,
22.36193,82.30247,305.25,0.4,0.37,2026-09-18,2021,N20,VIIRS,n,2.0NRT,287.81,0.81,N,VIIRS_NOAA20_NRT,,
22.36484,87.30264,306.52,0.46,0.47,2026-09-18,2021,N20,VIIRS,n,2.0NRT,290.02,1.72,N,VIIRS_NOAA20_NRT,,
22.36572,87.29826,306.38,0.46,0.47,2026-09-18,2021,N20,VIIRS,n,2.0NRT,289.83,1.34,N,VIIRS_NOAA20_NRT,,
22.36999,87.29924,319.83,0.46,0.47,2026-09-18,2021,N20,VIIRS,n,2.0NRT,289.98,2.3,N,VIIRS_NOAA20_NRT,,
22.37863,87.27834,323.93,0.46,0.47,2026-09-18,2021,N20,VIIRS,n,2.0NRT,291.04,3.74,N,VIIRS_NOAA20_NRT,,
23.16319,82.33646,311.38,0.4,0.37,2026-09-18,2021,N20,VIIRS,n,2.0NRT,288.35,0.98,N,VIIRS_NOAA20_NRT,,
23.16588,82.34096,333.44,0.4,0.37,2026-09-18,2021,N20,VIIRS,n,2.0NRT,290.6,1.66,N,VIIRS_NOAA20_NRT,,
23.16652,82.33711,307.06,0.4,0.37,2026-09-18,2021,N20,VIIRS,n,2.0NRT,289.26,1.66,N,VIIRS_NOAA20_NRT,,
23.16922,82.3416,304.71,0.4,0.37,2026-09-18,2021,N20,VIIRS,n,2.0NRT,288.3,1.66,N,VIIRS_NOAA20_NRT,,
23.56066,87.23972,314.68,0.43,0.46,2026-09-18,2021,N20,VIIRS,n,2.0NRT,285.08,1.88,N,VIIRS_NOAA20_NRT,,
23.58348,86.72461,304.48,0.4,0.45,2026-09-18,2021,N20,VIIRS,n,2.0NRT,283.13,1.04,N,VIIRS_NOAA20_NRT,,
23.61726,86.78941,300.73,0.41,0.45,2026-09-18,2021,N20,VIIRS,n,2.0NRT,282.61,0.68,N,VIIRS_NOAA20_NRT,,
23.64625,85.43697,300.52,0.52,0.41,2026-09-18,2021,N20,VIIRS,n,2.0NRT,286.1,1.16,N,VIIRS_NOAA20_NRT,,
23.65,85.43777,313.1,0.52,0.41,2026-09-18,2021,N20,VIIRS,n,2.0NRT,287.87,1.16,N,VIIRS_NOAA20_NRT,,
23.65616,85.50867,303.97,0.52,0.41,2026-09-18,2021,N20,VIIRS,n,2.0NRT,290.69,1.21,N,VIIRS_NOAA20_NRT,,
23.65679,85.50679,305.7,0.52,0.41,2026-09-18,2021,N20,VIIRS,n,2.0NRT,291.04,1.15,N,VIIRS_NOAA20_NRT,,
23.66324,87.15958,303.05,0.43,0.46,2026-09-18,2021,N20,VIIRS,n,2.0NRT,285.03,1.14,N,VIIRS_NOAA20_NRT,,
23.66403,87.1555,314.19,0.43,0.46,2026-09-18,2021,N20,VIIRS,n,2.0NRT,285.69,2.99,N,VIIRS_NOAA20_NRT,,
23.66499,87.15926,313.84,0.43,0.46,2026-09-18,2021,N20,VIIRS,n,2.0NRT,285.77,1.17,N,VIIRS_NOAA20_NRT,,
23.66581,87.1552,314.35,0.43,0.46,2026-09-18,2021,N20,VIIRS,n,2.0NRT,286.44,2.58,N,VIIRS_NOAA20_NRT,,
23.66617,84.99722,304.74,0.49,0.4,2026-09-18,2021,N20,VIIRS,n,2.0NRT,290.02,1.08,N,VIIRS_NOAA20_NRT,,
23.66954,86.09238,302.43,0.56,0.43,2026-09-18,2021,N20,VIIRS,n,2.0NRT,283.26,1.95,N,VIIRS_NOAA20_NRT,,
23.68117,86.09504,313.07,0.56,0.43,2026-09-18,2021,N20,VIIRS,n,2.0NRT,277.43,2.75,N,VIIRS_NOAA20_NRT,,
23.68397,87.12936,304.94,0.42,0.46,2026-09-18,2021,N20,VIIRS,n,2.0NRT,287.6,1.28,N,VIIRS_NOAA20_NRT,,
23.68491,86.39425,311.83,0.39,0.44,2026-09-18,2021,N20,VIIRS,n,2.0NRT,279.06,1.19,N,VIIRS_NOAA20_NRT,,
23.68561,86.3906,308.62,0.39,0.44,2026-09-18,2021,N20,VIIRS,n,2.0NRT,280.63,1.19,N,VIIRS_NOAA20_NRT,,
23.6922,87.10985,304.73,0.42,0.45,2026-09-18,2021,N20,VIIRS,n,2.0NRT,287.28,1.7,N,VIIRS_NOAA20_NRT,,
23.69378,85.37215,314.29,0.51,0.41,2026-09-18,2021,N20,VIIRS,n,2.0NRT,289.99,2.04,N,VIIRS_NOAA20_NRT,,
23.69385,87.12309,305.28,0.42,0.46,2026-09-18,2021,N20,VIIRS,n,2.0NRT,288.22,1.12,N,VIIRS_NOAA20_NRT,,
23.69657,85.35738,304.68,0.51,0.41,2026-09-18,2021,N20,VIIRS,n,2.0NRT,290.09,0.69,N,VIIRS_NOAA20_NRT,,
23.69677,85.28903,311.37,0.51,0.41,2026-09-18,2021,N20,VIIRS,n,2.0NRT,290.89,2.01,N,VIIRS_NOAA20_NRT,,
23.69742,85.29133,306.35,0.51,0.41,2026-09-18,2021,N20,VIIRS,n,2.0NRT,290.7,1.52,N,VIIRS_NOAA20_NRT,,
23.69844,85.368,306.84,0.51,0.41,2026-09-18,2021,N20,VIIRS,n,2.0NRT,289.35,0.99,N,VIIRS_NOAA20_NRT,,
23.70949,86.4488,305.21,0.39,0.44,2026-09-18,2021,N20,VIIRS,n,2.0NRT,283.39,0.93,N,VIIRS_NOAA20_NRT,,
23.71022,86.44508,306.84,0.39,0.44,2026-09-18,2021,N20,VIIRS,n,2.0NRT,282.29,1.67,N,VIIRS_NOAA20_NRT,,
23.71345,86.44968,308.02,0.39,0.44,2026-09-18,2021,N20,VIIRS,n,2.0NRT,281.65,0.93,N,VIIRS_NOAA20_NRT,,
23.71959,86.43938,302.5,0.39,0.44,2026-09-18,2021,N20,VIIRS,n,2.0NRT,285.27,1.04,N,VIIRS_NOAA20_NRT,,
23.72109,85.00909,306.8,0.49,0.4,2026-09-18,2021,N20,VIIRS,n,2.0NRT,289.48,1.1,N,VIIRS_NOAA20_NRT,,
23.72428,86.43655,301.57,0.39,0.44,2026-09-18,2021,N20,VIIRS,n,2.0NRT,280.62,1.04,N,VIIRS_NOAA20_NRT,,
23.73687,86.4355,308.53,0.39,0.44,2026-09-18,2021,N20,VIIRS,n,2.0NRT,288.25,2.39,N,VIIRS_NOAA20_NRT,,
23.7376,86.43176,326.55,0.39,0.44,2026-09-18,2021,N20,VIIRS,n,2.0NRT,289.69,2.39,N,VIIRS_NOAA20_NRT,,
23.74026,85.00828,307.99,0.49,0.4,2026-09-18,2021,N20,VIIRS,n,2.0NRT,289.38,2.06,N,VIIRS_NOAA20_NRT,,
23.75307,86.41576,306.38,0.39,0.44,2026-09-18,2021,N20,VIIRS,n,2.0NRT,289.74,1.07,N,VIIRS_NOAA20_NRT,,
23.75567,85.85268,298.27,0.54,0.42,2026-09-18,2021,N20,VIIRS,n,2.0NRT,271.37,2.48,N,VIIRS_NOAA20_NRT,,
23.75917,86.40551,313.7,0.39,0.44,2026-09-18,2021,N20,VIIRS,n,2.0NRT,289.81,3.0,N,VIIRS_NOAA20_NRT,,
23.75989,86.40182,330.75,0.39,0.44,2026-09-18,2021,N20,VIIRS,n,2.0NRT,290.6,4.03,N,VIIRS_NOAA20_NRT,,
23.76383,86.4027,334.17,0.39,0.44,2026-09-18,2021,N20,VIIRS,n,2.0NRT,291.0,4.03,N,VIIRS_NOAA20_NRT,,
23.76598,86.39161,307.91,0.38,0.44,2026-09-18,2021,N20,VIIRS,n,2.0NRT,290.57,2.85,N,VIIRS_NOAA20_NRT,,
23.76778,86.40362,324.97,0.39,0.44,2026-09-18,2021,N20,VIIRS,n,2.0NRT,291.2,2.11,N,VIIRS_NOAA20_NRT,,
23.76849,86.39991,309.48,0.38,0.44,2026-09-18,2021,N20,VIIRS,n,2.0NRT,290.97,2.11,N,VIIRS_NOAA20_NRT,,
23.77496,86.40906,310.03,0.39,0.44,2026-09-18,2021,N20,VIIRS,n,2.0NRT,289.96,1.42,N,VIIRS_NOAA20_NRT,,
23.77562,86.36292,321.3,0.38,0.43,2026-09-18,2021,N20,VIIRS,n,2.0NRT,286.76,3.12,N,VIIRS_NOAA20_NRT,,
23.77853,86.39048,306.05,0.38,0.44,2026-09-18,2021,N20,VIIRS,n,2.0NRT,288.85,1.27,N,VIIRS_NOAA20_NRT,,
23.77925,86.38676,309.71,0.38,0.43,2026-09-18,2021,N20,VIIRS,n,2.0NRT,287.04,1.27,N,VIIRS_NOAA20_NRT,,
23.78088,86.20848,308.62,0.56,0.43,2026-09-18,2021,N20,VIIRS,n,2.0NRT,271.72,1.99,N,VIIRS_NOAA20_NRT,,
23.78157,85.57005,306.94,0.52,0.42,2026-09-18,2021,N20,VIIRS,n,2.0NRT,291.85,2.36,N,VIIRS_NOAA20_NRT,,
23.78207,86.37206,308.56,0.38,0.43,2026-09-18,2021,N20,VIIRS,n,2.0NRT,283.46,1.74,N,VIIRS_NOAA20_NRT,,
23.78247,86.39137,304.91,0.38,0.44,2026-09-18,2021,N20,VIIRS,n,2.0NRT,287.52,1.27,N,VIIRS_NOAA20_NRT,,
23.78398,86.34081,300.7,0.57,0.43,2026-09-18,2021,N20,VIIRS,n,2.0NRT,279.57,1.09,N,VIIRS_NOAA20_NRT,,
23.78914,85.55077,311.9,0.52,0.41,2026-09-18,2021,N20,VIIRS,n,2.0NRT,291.88,2.24,N,VIIRS_NOAA20_NRT,,
23.79366,86.35445,298.36,0.57,0.43,2026-09-18,2021,N20,VIIRS,n,2.0NRT,276.64,1.1,N,VIIRS_NOAA20_NRT,,
23.79759,86.35534,296.84,0.57,0.43,2026-09-18,2021,N20,VIIRS,n,2.0NRT,275.48,1.1,N,VIIRS_NOAA20_NRT,,
23.80182,86.33322,296.43,0.57,0.43,2026-09-18,2021,N20,VIIRS,n,2.0NRT,275.48,0.85,N,VIIRS_NOAA20_NRT,,
23.80287,86.32772,308.27,0.57,0.43,2026-09-18,2021,N20,VIIRS,n,2.0NRT,275.63,0.85,N,VIIRS_NOAA20_NRT,,
23.80679,86.32861,303.02,0.57,0.43,2026-09-18,2021,N20,VIIRS,n,2.0NRT,278.45,1.13,N,VIIRS_NOAA20_NRT,,
23.81108,84.84582,303.66,0.48,0.4,2026-09-18,2021,N20,VIIRS,n,2.0NRT,289.8,0.93,N,VIIRS_NOAA20_NRT,,
23.82296,85.49564,305.5,0.52,0.41,2026-09-18,2021,N20,VIIRS,n,2.0NRT,292.17,1.96,N,VIIRS_NOAA20_NRT,,
23.8281,84.57011,304.27,0.47,0.39,2026-09-18,2021,N20,VIIRS,n,2.0NRT,290.82,1.4,N,VIIRS_NOAA20_NRT,,
24.01206,80.53008,308.37,0.39,0.36,2026-09-18,2021,N20,VIIRS,n,2.0NRT,292.34,1.1,N,VIIRS_NOAA20_NRT,,
24.05321,80.61503,305.36,0.39,0.36,2026-09-18,2021,N20,VIIRS,n,2.0NRT,292.36,1.29,N,VIIRS_NOAA20_NRT,,
24.19878,80.79496,306.55,0.38,0.36,2026-09-18,2021,N20,VIIRS,n,2.0NRT,292.06,0.56,N,VIIRS_NOAA20_NRT,,
24.52835,81.16773,310.41,0.38,0.36,2026-09-18,2021,N20,VIIRS,n,2.0NRT,291.62,1.01,N,VIIRS_NOAA20_NRT,,
24.76467,74.60897,304.14,0.46,0.47,2026-09-18,2021,N20,VIIRS,n,2.0NRT,291.22,2.02,N,VIIRS_NOAA20_NRT,,
25.38798,68.57791,312.05,0.56,0.69,2026-09-18,2021,N20,VIIRS,n,2.0NRT,293.08,1.12,N,VIIRS_NOAA20_NRT,,
25.39241,68.57805,311.26,0.56,0.69,2026-09-18,2021,N20,VIIRS,n,2.0NRT,292.96,1.0,N,VIIRS_NOAA20_NRT,,
25.69134,85.25214,316.86,0.47,0.4,2026-09-18,2021,N20,VIIRS,n,2.0NRT,285.98,1.63,N,VIIRS_NOAA20_NRT,,
26.75971,83.1983,315.29,0.4,0.37,2026-09-18,2021,N20,VIIRS,n,2.0NRT,293.55,1.81,N,VIIRS_NOAA20_NRT,,
28.04306,69.66914,306.0,0.51,0.66,2026-09-18,2021,N20,VIIRS,n,2.0NRT,293.77,3.07,N,VIIRS_NOAA20_NRT,,
28.04339,69.66386,319.19,0.51,0.66,2026-09-18,2021,N20,VIIRS,n,2.0NRT,293.22,3.21,N,VIIRS_NOAA20_NRT,,
28.04344,69.66579,326.96,0.51,0.66,2026-09-18,2021,N20,VIIRS,n,2.0NRT,293.31,4.08,N,VIIRS_NOAA20_NRT,,
13.39152,80.10026,305.48,0.4,0.37,2026-09-18,2023,N20,VIIRS,n,2.0NRT,287.21,0.62,N,VIIRS_NOAA20_NRT,,
14.46209,77.73476,330.36,0.39,0.36,2026-09-18,2023,N20,VIIRS,n,2.0NRT,289.41,3.59,N,VIIRS_NOAA20_NRT,,
15.02358,78.01276,295.45,0.39,0.36,2026-09-18,2023,N20,VIIRS,n,2.0NRT,265.27,0.72,N,VIIRS_NOAA20_NRT,,
15.16933,76.67095,304.75,0.42,0.38,2026-09-18,2023,N20,VIIRS,n,2.0NRT,279.42,1.09,N,VIIRS_NOAA20_NRT,,
15.17333,76.6916,316.88,0.42,0.38,2026-09-18,2023,N20,VIIRS,n,2.0NRT,279.69,1.67,N,VIIRS_NOAA20_NRT,,
15.17395,76.66364,303.7,0.42,0.38,2026-09-18,2023,N20,VIIRS,n,2.0NRT,279.8,1.35,N,VIIRS_NOAA20_NRT,,
15.17512,76.65579,308.1,0.42,0.38,2026-09-18,2023,N20,VIIRS,n,2.0NRT,280.03,1.1,N,VIIRS_NOAA20_NRT,,
15.17566,76.67592,318.94,0.42,0.38,2026-09-18,2023,N20,VIIRS,n,2.0NRT,279.96,1.39,N,VIIRS_NOAA20_NRT,,
15.1757,76.65188,311.34,0.42,0.38,2026-09-18,2023,N20,VIIRS,n,2.0NRT,279.2,1.1,N,VIIRS_NOAA20_NRT,,
15.17858,76.65633,317.41,0.42,0.38,2026-09-18,2023,N20,VIIRS,n,2.0NRT,280.53,2.25,N,VIIRS_NOAA20_NRT,,
15.17912,76.67645,304.44,0.42,0.38,2026-09-18,2023,N20,VIIRS,n,2.0NRT,280.38,1.39,N,VIIRS_NOAA20_NRT,,
15.18316,76.67306,305.04,0.42,0.38,2026-09-18,2023,N20,VIIRS,n,2.0NRT,280.4,1.35,N,VIIRS_NOAA20_NRT,,
15.18433,76.66523,308.57,0.42,0.38,2026-09-18,2023,N20,VIIRS,n,2.0NRT,279.88,0.73,N,VIIRS_NOAA20_NRT,,
15.18602,76.31545,295.87,0.44,0.38,2026-09-18,2023,N20,VIIRS,n,2.0NRT,268.01,0.46,N,VIIRS_NOAA20_NRT,,
15.22551,76.76241,302.35,0.42,0.38,2026-09-18,2023,N20,VIIRS,n,2.0NRT,277.36,0.79,N,VIIRS_NOAA20_NRT,,
15.65979,73.98689,315.49,0.39,0.44,2026-09-18,2023,N20,VIIRS,n,2.0NRT,289.83,1.08,N,VIIRS_NOAA20_NRT,,
16.30605,77.35918,299.73,0.41,0.37,2026-09-18,2023,N20,VIIRS,n,2.0NRT,281.39,0.49,N,VIIRS_NOAA20_NRT,,
17.06521,76.98033,306.95,0.43,0.38,2026-09-18,2023,N20,VIIRS,n,2.0NRT,286.77,1.28,N,VIIRS_NOAA20_NRT,,
17.14056,77.18233,307.35,0.42,0.38,2026-09-18,2023,N20,VIIRS,n,2.0NRT,290.81,1.1,N,VIIRS_NOAA20_NRT,,
17.14172,77.17446,306.24,0.42,0.38,2026-09-18,2023,N20,VIIRS,n,2.0NRT,290.3,0.59,N,VIIRS_NOAA20_NRT,,
17.14703,78.2242,297.81,0.39,0.37,2026-09-18,2023,N20,VIIRS,n,2.0NRT,278.82,0.45,N,VIIRS_NOAA20_NRT,,
17.37127,77.4441,305.3,0.41,0.37,2026-09-18,2023,N20,VIIRS,n,2.0NRT,290.0,0.84,N,VIIRS_NOAA20_NRT,,
17.46403,80.65314,305.2,0.39,0.36,2026-09-18,2023,N20,VIIRS,n,2.0NRT,279.85,0.55,N,VIIRS_NOAA20_NRT,,
17.60492,83.20241,308.35,0.48,0.4,2026-09-18,2023,N20,VIIRS,n,2.0NRT,284.51,1.19,N,VIIRS_NOAA20_NRT,,
17.60856,83.20312,310.11,0.48,0.4,2026-09-18,2023,N20,VIIRS,n,2.0NRT,284.96,1.19,N,VIIRS_NOAA20_NRT,,
17.61221,83.20382,307.4,0.48,0.4,2026-09-18,2023,N20,VIIRS,n,2.0NRT,284.24,1.01,N,VIIRS_NOAA20_NRT,,
19.09953,82.16559,316.87,0.42,0.38,2026-09-18,2023,N20,VIIRS,n,2.0NRT,283.05,1.49,N,VIIRS_NOAA20_NRT,,
19.10229,82.1702,300.05,0.42,0.38,2026-09-18,2023,N20,VIIRS,n,2.0NRT,278.77,1.49,N,VIIRS_NOAA20_NRT,,
19.10295,82.16624,323.09,0.42,0.38,2026-09-18,2023,N20,VIIRS,n,2.0NRT,278.98,1.49,N,VIIRS_NOAA20_NRT,,
19.41844,71.38637,316.23,0.64,0.54,2026-09-18,2023,N20,VIIRS,n,2.0NRT,289.21,4.08,N,VIIRS_NOAA20_NRT,,
9.52154,78.82174,301.36,0.39,0.37,2026-09-18,2025,N20,VIIRS,n,2.0NRT,274.18,0.48,N,VIIRS_NOAA20_NRT,,
11.18351,79.10081,309.35,0.39,0.36,2026-09-18,2025,N20,VIIRS,n,2.0NRT,286.21,1.06,N,VIIRS_NOAA20_NRT,,
11.26782,80.00361,329.97,0.41,0.37,2026-09-18,2025,N20,VIIRS,n,2.0NRT,291.08,4.98,N,VIIRS_NOAA20_NRT,,
33.80205,72.09599,301.54,0.51,0.66,2026-09-18,2159,N20,VIIRS,n,2.0NRT,289.86,1.04,N,VIIRS_NOAA20_NRT,,
33.8032,72.09807,303.19,0.51,0.66,2026-09-18,2159,N20,VIIRS,n,2.0NRT,290.48,0.72,N,VIIRS_NOAA20_NRT,,
25.38593,68.5823,308.39,0.51,0.66,2026-09-18,2201,N20,VIIRS,n,2.0NRT,292.71,1.24,N,VIIRS_NOAA20_NRT,,
28.03806,69.6739,312.22,0.52,0.67,2026-09-18,2201,N20,VIIRS,n,2.0NRT,295.0,2.07,N,VIIRS_NOAA20_NRT,,
28.03937,69.66884,313.57,0.52,0.67,2026-09-18,2201,N20,VIIRS,n,2.0NRT,294.77,2.07,N,VIIRS_NOAA20_NRT,,
22.31366,69.71953,309.87,0.71,0.75,2026-09-18,2203,N20,VIIRS,n,2.0NRT,290.94,0.99,N,VIIRS_NOAA20_NRT,,
27.96155,96.96573,325.24,0.48,0.65,2026-09-19,555,N20,VIIRS,n,2.0NRT,292.04,6.43,D,VIIRS_NOAA20_NRT,,
27.9627,96.9637,337.76,0.49,0.65,2026-09-19,555,N20,VIIRS,n,2.0NRT,292.48,7.44,D,VIIRS_NOAA20_NRT,,
12.18199,79.82413,335.75,0.6,0.53,2026-09-19,731,N20,VIIRS,n,2.0NRT,286.24,6.04,D,VIIRS_NOAA20_NRT,,
12.18393,79.82592,338.86,0.6,0.53,2026-09-19,731,N20,VIIRS,n,2.0NRT,286.16,7.06,D,VIIRS_NOAA20_NRT,,
15.33001,75.15749,337.87,0.54,0.68,2026-09-19,733,N20,VIIRS,n,2.0NRT,291.65,5.98,D,VIIRS_NOAA20_NRT,,
16.34855,81.40465,339.23,0.4,0.45,2026-09-19,733,N20,VIIRS,n,2.0NRT,289.08,4.86,D,VIIRS_NOAA20_NRT,,
16.8331,80.56978,340.22,0.45,0.47,2026-09-19,733,N20,VIIRS,n,2.0NRT,291.72,6.4,D,VIIRS_NOAA20_NRT,,
16.99668,80.46586,333.2,0.45,0.47,2026-09-19,733,N20,VIIRS,n,2.0NRT,281.92,3.9,D,VIIRS_NOAA20_NRT,,
17.61078,83.20345,330.92,0.46,0.39,2026-09-19,733,N20,VIIRS,l,2.0NRT,294.69,4.85,D,VIIRS_NOAA20_NRT,,
18.28274,74.9763,340.34,0.49,0.65,2026-09-19,733,N20,VIIRS,n,2.0NRT,290.25,4.78,D,VIIRS_NOAA20_NRT,,
18.69297,79.77984,328.16,0.46,0.47,2026-09-19,733,N20,VIIRS,n,2.0NRT,298.15,9.94,D,VIIRS_NOAA20_NRT,,
18.70479,79.79536,329.41,0.46,0.47,2026-09-19,733,N20,VIIRS,n,2.0NRT,298.47,13.53,D,VIIRS_NOAA20_NRT,,
18.70559,79.79967,328.88,0.46,0.47,2026-09-19,733,N20,VIIRS,l,2.0NRT,298.91,9.85,D,VIIRS_NOAA20_NRT,,
18.82722,79.45525,329.56,0.48,0.48,2026-09-19,733,N20,VIIRS,n,2.0NRT,299.27,9.26,D,VIIRS_NOAA20_NRT,,
18.83596,79.45341,328.45,0.48,0.48,2026-09-19,733,N20,VIIRS,n,2.0NRT,298.25,5.01,D,VIIRS_NOAA20_NRT,,
18.83948,79.44798,329.85,0.48,0.48,2026-09-19,733,N20,VIIRS,n,2.0NRT,298.27,6.0,D,VIIRS_NOAA20_NRT,,
19.08439,74.61549,352.35,0.49,0.65,2026-09-19,733,N20,VIIRS,n,2.0NRT,293.88,8.92,D,VIIRS_NOAA20_NRT,,
19.08609,74.61241,339.98,0.49,0.65,2026-09-19,733,N20,VIIRS,n,2.0NRT,295.16,9.47,D,VIIRS_NOAA20_NRT,,
19.08708,74.61694,334.05,0.49,0.65,2026-09-19,733,N20,VIIRS,n,2.0NRT,293.13,5.98,D,VIIRS_NOAA20_NRT,,
20.75985,85.29922,338.47,0.39,0.36,2026-09-19,733,N20,VIIRS,n,2.0NRT,300.46,5.4,D,VIIRS_NOAA20_NRT,,
20.78493,85.26463,337.92,0.39,0.36,2026-09-19,733,N20,VIIRS,n,2.0NRT,299.56,3.15,D,VIIRS_NOAA20_NRT,,
20.7855,85.26831,332.52,0.39,0.36,2026-09-19,733,N20,VIIRS,n,2.0NRT,298.41,3.15,D,VIIRS_NOAA20_NRT,,
20.79095,85.25981,339.01,0.39,0.36,2026-09-19,733,N20,VIIRS,n,2.0NRT,299.72,7.22,D,VIIRS_NOAA20_NRT,,
20.79368,85.25556,334.34,0.39,0.36,2026-09-19,733,N20,VIIRS,n,2.0NRT,299.07,4.79,D,VIIRS_NOAA20_NRT,,
20.79754,85.25865,334.64,0.39,0.36,2026-09-19,733,N20,VIIRS,n,2.0NRT,299.44,4.79,D,VIIRS_NOAA20_NRT,,
20.80743,85.25691,337.1,0.39,0.36,2026-09-19,733,N20,VIIRS,n,2.0NRT,299.97,4.6,D,VIIRS_NOAA20_NRT,,
20.8644,84.9897,337.59,0.39,0.36,2026-09-19,733,N20,VIIRS,n,2.0NRT,296.74,4.6,D,VIIRS_NOAA20_NRT,,
20.86556,84.99707,334.95,0.39,0.36,2026-09-19,733,N20,VIIRS,n,2.0NRT,297.05,5.34,D,VIIRS_NOAA20_NRT,,
20.94066,86.06125,339.31,0.38,0.36,2026-09-19,733,N20,VIIRS,n,2.0NRT,298.71,3.37,D,VIIRS_NOAA20_NRT,,
20.96262,86.04996,337.31,0.38,0.36,2026-09-19,733,N20,VIIRS,n,2.0NRT,298.86,3.02,D,VIIRS_NOAA20_NRT,,
20.9629,85.18401,336.87,0.39,0.36,2026-09-19,733,N20,VIIRS,n,2.0NRT,299.93,6.67,D,VIIRS_NOAA20_NRT,,
20.96312,86.00847,336.22,0.38,0.36,2026-09-19,733,N20,VIIRS,n,2.0NRT,296.2,5.28,D,VIIRS_NOAA20_NRT,,
20.96348,85.18768,347.73,0.39,0.36,2026-09-19,733,N20,VIIRS,n,2.0NRT,301.35,6.22,D,VIIRS_NOAA20_NRT,,
20.9639,85.1687,333.61,0.39,0.36,2026-09-19,733,N20,VIIRS,n,2.0NRT,298.65,3.96,D,VIIRS_NOAA20_NRT,,
20.96405,85.19135,332.07,0.39,0.36,2026-09-19,733,N20,VIIRS,n,2.0NRT,300.12,6.22,D,VIIRS_NOAA20_NRT,,
20.96752,86.01524,338.64,0.38,0.36,2026-09-19,733,N20,VIIRS,n,2.0NRT,301.07,7.12,D,VIIRS_NOAA20_NRT,,
20.96819,85.15282,336.34,0.39,0.36,2026-09-19,733,N20,VIIRS,n,2.0NRT,299.02,4.69,D,VIIRS_NOAA20_NRT,,
20.96835,85.17548,354.07,0.39,0.36,2026-09-19,733,N20,VIIRS,n,2.0NRT,301.24,9.59,D,VIIRS_NOAA20_NRT,,
20.97494,85.17431,329.92,0.39,0.36,2026-09-19,733,N20,VIIRS,n,2.0NRT,298.88,4.0,D,VIIRS_NOAA20_NRT,,
20.97766,85.17005,332.54,0.39,0.36,2026-09-19,733,N20,VIIRS,n,2.0NRT,299.71,2.82,D,VIIRS_NOAA20_NRT,,
21.00001,86.0248,331.69,0.38,0.36,2026-09-19,733,N20,VIIRS,n,2.0NRT,298.77,4.07,D,VIIRS_NOAA20_NRT,,
21.07896,85.03475,336.31,0.39,0.36,2026-09-19,733,N20,VIIRS,n,2.0NRT,299.11,4.16,D,VIIRS_NOAA20_NRT,,
21.74931,83.84415,334.93,0.4,0.37,2026-09-19,733,N20,VIIRS,n,2.0NRT,297.27,3.99,D,VIIRS_NOAA20_NRT,,
21.76399,83.84932,332.32,0.4,0.37,2026-09-19,733,N20,VIIRS,n,2.0NRT,297.12,6.54,D,VIIRS_NOAA20_NRT,,
21.92123,83.35309,330.41,0.41,0.37,2026-09-19,733,N20,VIIRS,n,2.0NRT,297.48,4.71,D,VIIRS_NOAA20_NRT,,
22.01506,83.75526,339.26,0.4,0.37,2026-09-19,733,N20,VIIRS,n,2.0NRT,302.23,4.51,D,VIIRS_NOAA20_NRT,,
22.03757,83.73522,330.79,0.4,0.37,2026-09-19,733,N20,VIIRS,l,2.0NRT,301.18,4.52,D,VIIRS_NOAA20_NRT,,
22.05187,88.12589,339.09,0.43,0.38,2026-09-19,733,N20,VIIRS,n,2.0NRT,300.15,6.82,D,VIIRS_NOAA20_NRT,,
22.24403,87.38852,330.49,0.41,0.37,2026-09-19,733,N20,VIIRS,n,2.0NRT,296.27,1.87,D,VIIRS_NOAA20_NRT,,
22.31942,82.56376,332.88,0.44,0.38,2026-09-19,733,N20,VIIRS,n,2.0NRT,300.04,3.84,D,VIIRS_NOAA20_NRT,,
22.32023,82.58955,341.71,0.44,0.38,2026-09-19,733,N20,VIIRS,n,2.0NRT,297.87,5.69,D,VIIRS_NOAA20_NRT,,
22.33003,82.60485,331.48,0.44,0.38,2026-09-19,733,N20,VIIRS,n,2.0NRT,298.5,3.44,D,VIIRS_NOAA20_NRT,,
22.35839,82.30309,340.14,0.45,0.39,2026-09-19,733,N20,VIIRS,n,2.0NRT,299.98,9.1,D,VIIRS_NOAA20_NRT,,
22.37578,87.27885,332.07,0.41,0.37,2026-09-19,733,N20,VIIRS,n,2.0NRT,295.36,4.29,D,VIIRS_NOAA20_NRT,,
24.134,96.5943,329.8,0.48,0.65,2026-09-19,733,N20,VIIRS,n,2.0NRT,288.43,2.79,D,VIIRS_NOAA20_NRT,,
24.13675,96.5915,335.19,0.48,0.65,2026-09-19,733,N20,VIIRS,n,2.0NRT,288.63,5.31,D,VIIRS_NOAA20_NRT,,
21.10073,72.64504,333.4,0.6,0.7,2026-09-19,735,N20,VIIRS,n,2.0NRT,290.01,15.29,D,VIIRS_NOAA20_NRT,,
21.10207,72.65056,345.14,0.6,0.7,2026-09-19,735,N20,VIIRS,n,2.0NRT,290.3,13.62,D,VIIRS_NOAA20_NRT,,
21.106,72.64601,367.0,0.6,0.7,2026-09-19,735,N20,VIIRS,h,2.0NRT,291.02,18.45,D,VIIRS_NOAA20_NRT,,
24.1971,82.71725,330.53,0.42,0.37,2026-09-19,735,N20,VIIRS,n,2.0NRT,296.19,3.04,D,VIIRS_NOAA20_NRT,,
25.93916,72.19282,333.74,0.5,0.65,2026-09-19,735,N20,VIIRS,n,2.0NRT,295.76,1.59,D,VIIRS_NOAA20_NRT,,
25.94218,72.19012,340.57,0.5,0.65,2026-09-19,735,N20,VIIRS,n,2.0NRT,295.45,2.11,D,VIIRS_NOAA20_NRT,,
27.60807,96.0425,329.74,0.48,0.65,2026-09-19,735,N20,VIIRS,n,2.0NRT,291.2,2.04,D,VIIRS_NOAA20_NRT,,
29.4409,90.16986,335.06,0.45,0.47,2026-09-19,735,N20,VIIRS,n,2.0NRT,298.57,1.91,D,VIIRS_NOAA20_NRT,,
28.66101,77.51159,335.49,0.42,0.45,2026-09-19,737,N20,VIIRS,n,2.0NRT,301.25,1.56,D,VIIRS_NOAA20_NRT,,
29.136,76.68733,331.5,0.45,0.47,2026-09-19,737,N20,VIIRS,n,2.0NRT,302.38,2.3,D,VIIRS_NOAA20_NRT,,
30.48769,76.58208,331.99,0.43,0.46,2026-09-19,737,N20,VIIRS,l,2.0NRT,303.21,3.44,D,VIIRS_NOAA20_NRT,,
30.98733,75.99974,331.29,0.46,0.47,2026-09-19,737,N20,VIIRS,n,2.0NRT,300.41,2.14,D,VIIRS_NOAA20_NRT,,
31.0306,74.98357,331.95,0.52,0.5,2026-09-19,737,N20,VIIRS,n,2.0NRT,298.55,5.07,D,VIIRS_NOAA20_NRT,,
31.57391,75.10573,334.84,0.5,0.49,2026-09-19,737,N20,VIIRS,n,2.0NRT,301.79,4.11,D,VIIRS_NOAA20_NRT,,
31.57627,75.10245,332.32,0.5,0.49,2026-09-19,737,N20,VIIRS,n,2.0NRT,301.78,4.0,D,VIIRS_NOAA20_NRT,,
31.7276,75.01198,330.42,0.5,0.49,2026-09-19,737,N20,VIIRS,n,2.0NRT,300.22,3.65,D,VIIRS_NOAA20_NRT,,
33.23038,72.57105,331.99,0.32,0.54,2026-09-19,737,N20,VIIRS,n,2.0NRT,298.0,3.35,D,VIIRS_NOAA20_NRT,,
33.7948,74.92818,329.39,0.46,0.47,2026-09-19,737,N20,VIIRS,l,2.0NRT,300.75,4.69,D,VIIRS_NOAA20_NRT,,
21.09832,72.63757,330.46,0.55,0.68,2026-09-19,915,N20,VIIRS,n,2.0NRT,291.64,3.22,D,VIIRS_NOAA20_NRT,,
21.10209,72.64481,345.83,0.55,0.68,2026-09-19,915,N20,VIIRS,n,2.0NRT,292.65,7.5,D,VIIRS_NOAA20_NRT,,
21.10252,72.65022,335.15,0.55,0.68,2026-09-19,915,N20,VIIRS,n,2.0NRT,292.13,7.5,D,VIIRS_NOAA20_NRT,,
21.10557,72.64782,367.0,0.55,0.68,2026-09-19,915,N20,VIIRS,h,2.0NRT,292.81,16.34,D,VIIRS_NOAA20_NRT,,
25.02271,68.22942,341.02,0.64,0.54,2026-09-19,915,N20,VIIRS,n,2.0NRT,304.36,10.02,D,VIIRS_NOAA20_NRT,,
25.02316,68.23416,334.59,0.32,0.54,2026-09-19,915,N20,VIIRS,n,2.0NRT,301.86,6.28,D,VIIRS_NOAA20_NRT,,
25.93881,72.19713,345.1,0.58,0.7,2026-09-19,915,N20,VIIRS,n,2.0NRT,296.15,4.39,D,VIIRS_NOAA20_NRT,,
26.11261,69.00893,332.68,0.37,0.58,2026-09-19,915,N20,VIIRS,n,2.0NRT,301.38,2.61,D,VIIRS_NOAA20_NRT,,
26.14895,68.93132,330.42,0.36,0.58,2026-09-19,915,N20,VIIRS,l,2.0NRT,303.41,3.68,D,VIIRS_NOAA20_NRT,,
28.72903,71.18502,334.89,0.53,0.67,2026-09-19,917,N20,VIIRS,n,2.0NRT,298.91,2.58,D,VIIRS_NOAA20_NRT,,
32.57927,72.55834,303.99,0.72,0.75,2026-09-19,2000,N20,VIIRS,n,2.0NRT,292.89,1.54,N,VIIRS_NOAA20_NRT,,
34.73103,73.10603,301.54,0.69,0.75,2026-09-19,2000,N20,VIIRS,n,2.0NRT,283.93,1.53,N,VIIRS_NOAA20_NRT,,
23.54783,86.54443,307.25,0.39,0.36,2026-09-19,2002,N20,VIIRS,n,2.0NRT,291.09,1.67,N,VIIRS_NOAA20_NRT,,
23.55486,87.24089,307.94,0.4,0.37,2026-09-19,2002,N20,VIIRS,n,2.0NRT,291.08,1.71,N,VIIRS_NOAA20_NRT,,
23.5582,87.24155,320.9,0.4,0.37,2026-09-19,2002,N20,VIIRS,n,2.0NRT,290.91,1.71,N,VIIRS_NOAA20_NRT,,
23.55885,87.23769,312.46,0.4,0.37,2026-09-19,2002,N20,VIIRS,n,2.0NRT,290.72,1.96,N,VIIRS_NOAA20_NRT,,
23.56404,87.08371,306.52,0.4,0.37,2026-09-19,2002,N20,VIIRS,n,2.0NRT,289.51,2.04,N,VIIRS_NOAA20_NRT,,
23.61467,85.65952,305.09,0.38,0.36,2026-09-19,2002,N20,VIIRS,n,2.0NRT,292.32,0.91,N,VIIRS_NOAA20_NRT,,
23.61623,86.79081,305.76,0.39,0.36,2026-09-19,2002,N20,VIIRS,n,2.0NRT,290.97,0.84,N,VIIRS_NOAA20_NRT,,
23.6328,86.29356,306.68,0.39,0.36,2026-09-19,2002,N20,VIIRS,n,2.0NRT,291.53,1.4,N,VIIRS_NOAA20_NRT,,
23.63315,86.83328,305.58,0.39,0.36,2026-09-19,2002,N20,VIIRS,n,2.0NRT,291.01,1.14,N,VIIRS_NOAA20_NRT,,
23.64587,85.43847,304.89,0.38,0.36,2026-09-19,2002,N20,VIIRS,n,2.0NRT,291.65,0.73,N,VIIRS_NOAA20_NRT,,
23.64917,85.43907,322.4,0.38,0.36,2026-09-19,2002,N20,VIIRS,n,2.0NRT,292.44,1.68,N,VIIRS_NOAA20_NRT,,
23.64975,85.43533,318.2,0.38,0.36,2026-09-19,2002,N20,VIIRS,n,2.0NRT,292.21,1.68,N,VIIRS_NOAA20_NRT,,
23.66371,86.91772,306.69,0.39,0.36,2026-09-19,2002,N20,VIIRS,n,2.0NRT,287.16,1.08,N,VIIRS_NOAA20_NRT,,
23.66413,87.15843,318.56,0.4,0.37,2026-09-19,2002,N20,VIIRS,n,2.0NRT,291.29,1.41,N,VIIRS_NOAA20_NRT,,
23.66478,87.15459,329.49,0.4,0.37,2026-09-19,2002,N20,VIIRS,n,2.0NRT,292.79,3.75,N,VIIRS_NOAA20_NRT,,
23.66747,87.15908,307.3,0.4,0.37,2026-09-19,2002,N20,VIIRS,n,2.0NRT,291.06,1.41,N,VIIRS_NOAA20_NRT,,
23.66856,86.09215,311.71,0.38,0.36,2026-09-19,2002,N20,VIIRS,n,2.0NRT,292.49,1.21,N,VIIRS_NOAA20_NRT,,
23.67262,87.12836,309.11,0.4,0.37,2026-09-19,2002,N20,VIIRS,n,2.0NRT,290.52,1.41,N,VIIRS_NOAA20_NRT,,
23.67275,86.10834,317.04,0.38,0.36,2026-09-19,2002,N20,VIIRS,n,2.0NRT,291.73,1.47,N,VIIRS_NOAA20_NRT,,
23.67327,87.12452,310.29,0.4,0.37,2026-09-19,2002,N20,VIIRS,n,2.0NRT,290.47,1.39,N,VIIRS_NOAA20_NRT,,
23.67389,86.39743,305.87,0.39,0.36,2026-09-19,2002,N20,VIIRS,n,2.0NRT,292.82,1.71,N,VIIRS_NOAA20_NRT,,
23.67633,86.08591,330.41,0.38,0.36,2026-09-19,2002,N20,VIIRS,n,2.0NRT,292.81,1.95,N,VIIRS_NOAA20_NRT,,
23.67657,86.40181,314.68,0.39,0.36,2026-09-19,2002,N20,VIIRS,n,2.0NRT,293.16,2.38,N,VIIRS_NOAA20_NRT,,
23.67709,85.32479,311.11,0.39,0.36,2026-09-19,2002,N20,VIIRS,n,2.0NRT,291.72,1.37,N,VIIRS_NOAA20_NRT,,
23.67718,86.39806,325.28,0.39,0.36,2026-09-19,2002,N20,VIIRS,n,2.0NRT,293.62,1.71,N,VIIRS_NOAA20_NRT,,
23.67779,86.3943,319.8,0.39,0.36,2026-09-19,2002,N20,VIIRS,n,2.0NRT,292.34,1.71,N,VIIRS_NOAA20_NRT,,
23.67962,86.08653,308.17,0.38,0.36,2026-09-19,2002,N20,VIIRS,n,2.0NRT,292.4,1.95,N,VIIRS_NOAA20_NRT,,
23.68048,86.39867,312.16,0.39,0.36,2026-09-19,2002,N20,VIIRS,n,2.0NRT,292.37,1.22,N,VIIRS_NOAA20_NRT,,
23.68109,86.39494,307.31,0.39,0.36,2026-09-19,2002,N20,VIIRS,n,2.0NRT,292.39,1.22,N,VIIRS_NOAA20_NRT,,
23.68172,86.09463,330.65,0.38,0.36,2026-09-19,2002,N20,VIIRS,n,2.0NRT,292.57,4.41,N,VIIRS_NOAA20_NRT,,
23.68232,86.0909,306.91,0.38,0.36,2026-09-19,2002,N20,VIIRS,n,2.0NRT,292.12,1.18,N,VIIRS_NOAA20_NRT,,
23.68262,87.1303,311.92,0.4,0.37,2026-09-19,2002,N20,VIIRS,n,2.0NRT,291.38,1.55,N,VIIRS_NOAA20_NRT,,
23.68351,86.08343,310.49,0.38,0.36,2026-09-19,2002,N20,VIIRS,n,2.0NRT,292.39,1.14,N,VIIRS_NOAA20_NRT,,
23.68439,86.39555,319.91,0.39,0.36,2026-09-19,2002,N20,VIIRS,n,2.0NRT,292.8,1.22,N,VIIRS_NOAA20_NRT,,
23.685,86.39181,332.03,0.39,0.36,2026-09-19,2002,N20,VIIRS,n,2.0NRT,293.17,3.65,N,VIIRS_NOAA20_NRT,,
23.68787,87.11945,314.67,0.4,0.37,2026-09-19,2002,N20,VIIRS,n,2.0NRT,290.95,1.79,N,VIIRS_NOAA20_NRT,,
23.69109,87.10024,315.99,0.4,0.37,2026-09-19,2002,N20,VIIRS,n,2.0NRT,291.87,2.16,N,VIIRS_NOAA20_NRT,,
23.6912,87.1201,315.36,0.4,0.37,2026-09-19,2002,N20,VIIRS,n,2.0NRT,291.31,1.26,N,VIIRS_NOAA20_NRT,,
23.69249,87.11242,307.05,0.4,0.37,2026-09-19,2002,N20,VIIRS,n,2.0NRT,291.27,2.36,N,VIIRS_NOAA20_NRT,,
23.69377,85.37024,306.83,0.39,0.36,2026-09-19,2002,N20,VIIRS,n,2.0NRT,292.15,1.17,N,VIIRS_NOAA20_NRT,,
23.6939,87.12458,313.35,0.4,0.37,2026-09-19,2002,N20,VIIRS,n,2.0NRT,290.72,2.25,N,VIIRS_NOAA20_NRT,,
23.69454,87.12075,311.66,0.4,0.37,2026-09-19,2002,N20,VIIRS,n,2.0NRT,291.97,1.26,N,VIIRS_NOAA20_NRT,,
23.69518,87.11691,310.58,0.4,0.37,2026-09-19,2002,N20,VIIRS,n,2.0NRT,291.6,1.26,N,VIIRS_NOAA20_NRT,,
23.6957,87.09322,313.08,0.4,0.37,2026-09-19,2002,N20,VIIRS,n,2.0NRT,290.96,2.5,N,VIIRS_NOAA20_NRT,,
23.69609,85.28969,316.44,0.39,0.36,2026-09-19,2002,N20,VIIRS,n,2.0NRT,292.05,1.85,N,VIIRS_NOAA20_NRT,,
23.69667,85.28593,306.97,0.39,0.36,2026-09-19,2002,N20,VIIRS,n,2.0NRT,291.9,0.93,N,VIIRS_NOAA20_NRT,,
23.69765,85.36709,317.83,0.39,0.36,2026-09-19,2002,N20,VIIRS,n,2.0NRT,291.81,1.17,N,VIIRS_NOAA20_NRT,,
23.69787,86.07843,317.3,0.38,0.36,2026-09-19,2002,N20,VIIRS,n,2.0NRT,292.29,1.34,N,VIIRS_NOAA20_NRT,,
23.69847,86.07469,311.46,0.38,0.36,2026-09-19,2002,N20,VIIRS,n,2.0NRT,291.61,1.34,N,VIIRS_NOAA20_NRT,,
23.71005,86.44691,321.48,0.39,0.36,2026-09-19,2002,N20,VIIRS,n,2.0NRT,292.44,2.8,N,VIIRS_NOAA20_NRT,,
23.71274,86.45129,327.5,0.39,0.36,2026-09-19,2002,N20,VIIRS,n,2.0NRT,292.79,1.95,N,VIIRS_NOAA20_NRT,,
23.71335,86.44753,309.19,0.39,0.36,2026-09-19,2002,N20,VIIRS,n,2.0NRT,291.96,1.95,N,VIIRS_NOAA20_NRT,,
23.71371,86.42436,307.93,0.39,0.36,2026-09-19,2002,N20,VIIRS,n,2.0NRT,293.38,2.02,N,VIIRS_NOAA20_NRT,,
23.71762,86.42124,310.64,0.39,0.36,2026-09-19,2002,N20,VIIRS,n,2.0NRT,291.79,1.5,N,VIIRS_NOAA20_NRT,,
23.71787,86.44065,314.22,0.39,0.36,2026-09-19,2002,N20,VIIRS,n,2.0NRT,292.03,2.04,N,VIIRS_NOAA20_NRT,,
23.71911,85.00756,310.04,0.39,0.36,2026-09-19,2002,N20,VIIRS,n,2.0NRT,288.96,1.28,N,VIIRS_NOAA20_NRT,,
23.72421,86.4225,309.64,0.39,0.36,2026-09-19,2002,N20,VIIRS,n,2.0NRT,293.34,2.16,N,VIIRS_NOAA20_NRT,,
23.72507,86.43816,313.44,0.39,0.36,2026-09-19,2002,N20,VIIRS,n,2.0NRT,292.07,2.02,N,VIIRS_NOAA20_NRT,,
23.73619,86.43253,320.31,0.39,0.36,2026-09-19,2002,N20,VIIRS,n,2.0NRT,292.21,1.66,N,VIIRS_NOAA20_NRT,,
23.73679,86.42877,312.06,0.39,0.36,2026-09-19,2002,N20,VIIRS,n,2.0NRT,291.47,1.66,N,VIIRS_NOAA20_NRT,,
23.73948,86.43315,318.52,0.39,0.36,2026-09-19,2002,N20,VIIRS,n,2.0NRT,292.54,1.66,N,VIIRS_NOAA20_NRT,,
23.74418,85.50636,308.87,0.38,0.36,2026-09-19,2002,N20,VIIRS,n,2.0NRT,292.02,0.5,N,VIIRS_NOAA20_NRT,,
23.75241,86.41626,323.31,0.39,0.36,2026-09-19,2002,N20,VIIRS,n,2.0NRT,292.26,3.03,N,VIIRS_NOAA20_NRT,,
23.7543,85.85372,310.6,0.38,0.36,2026-09-19,2002,N20,VIIRS,n,2.0NRT,291.0,1.26,N,VIIRS_NOAA20_NRT,,
23.75753,86.40562,320.98,0.39,0.36,2026-09-19,2002,N20,VIIRS,n,2.0NRT,292.06,1.95,N,VIIRS_NOAA20_NRT,,
23.75759,85.85434,310.98,0.38,0.36,2026-09-19,2002,N20,VIIRS,n,2.0NRT,293.17,1.26,N,VIIRS_NOAA20_NRT,,
23.75814,86.40186,315.96,0.39,0.36,2026-09-19,2002,N20,VIIRS,n,2.0NRT,292.31,1.95,N,VIIRS_NOAA20_NRT,,
23.75818,85.8506,307.48,0.38,0.36,2026-09-19,2002,N20,VIIRS,n,2.0NRT,291.99,1.03,N,VIIRS_NOAA20_NRT,,
23.75875,86.39812,306.99,0.39,0.36,2026-09-19,2002,N20,VIIRS,n,2.0NRT,292.06,1.97,N,VIIRS_NOAA20_NRT,,
23.76028,85.85869,312.97,0.38,0.36,2026-09-19,2002,N20,VIIRS,n,2.0NRT,292.14,1.44,N,VIIRS_NOAA20_NRT,,
23.76143,86.4025,324.03,0.39,0.36,2026-09-19,2002,N20,VIIRS,n,2.0NRT,292.21,2.57,N,VIIRS_NOAA20_NRT,,
23.76204,86.39875,312.65,0.39,0.36,2026-09-19,2002,N20,VIIRS,n,2.0NRT,292.02,1.87,N,VIIRS_NOAA20_NRT,,
23.76265,86.395,307.77,0.39,0.36,2026-09-19,2002,N20,VIIRS,n,2.0NRT,292.65,1.87,N,VIIRS_NOAA20_NRT,,
23.76413,86.40688,307.85,0.39,0.36,2026-09-19,2002,N20,VIIRS,n,2.0NRT,292.23,2.57,N,VIIRS_NOAA20_NRT,,
23.76473,86.40313,340.62,0.39,0.36,2026-09-19,2002,N20,VIIRS,n,2.0NRT,293.77,2.57,N,VIIRS_NOAA20_NRT,,
23.76655,86.39187,315.82,0.39,0.36,2026-09-19,2002,N20,VIIRS,n,2.0NRT,294.17,2.24,N,VIIRS_NOAA20_NRT,,
23.76803,86.40376,331.65,0.39,0.36,2026-09-19,2002,N20,VIIRS,n,2.0NRT,293.37,3.7,N,VIIRS_NOAA20_NRT,,
23.76863,86.4,309.81,0.39,0.36,2026-09-19,2002,N20,VIIRS,n,2.0NRT,292.97,2.28,N,VIIRS_NOAA20_NRT,,
23.77045,86.38873,305.68,0.39,0.36,2026-09-19,2002,N20,VIIRS,n,2.0NRT,292.31,2.13,N,VIIRS_NOAA20_NRT,,
23.77097,86.19568,307.7,0.38,0.36,2026-09-19,2002,N20,VIIRS,n,2.0NRT,291.93,1.04,N,VIIRS_NOAA20_NRT,,
23.77366,86.20004,306.49,0.38,0.36,2026-09-19,2002,N20,VIIRS,n,2.0NRT,292.36,1.27,N,VIIRS_NOAA20_NRT,,
23.77408,86.36622,314.84,0.39,0.36,2026-09-19,2002,N20,VIIRS,n,2.0NRT,292.21,2.3,N,VIIRS_NOAA20_NRT,,
23.77426,86.19629,314.01,0.38,0.36,2026-09-19,2002,N20,VIIRS,n,2.0NRT,292.54,1.27,N,VIIRS_NOAA20_NRT,,
23.77435,86.38561,306.85,0.39,0.36,2026-09-19,2002,N20,VIIRS,n,2.0NRT,292.5,1.3,N,VIIRS_NOAA20_NRT,,
23.77469,86.36246,329.02,0.39,0.36,2026-09-19,2002,N20,VIIRS,n,2.0NRT,292.49,3.62,N,VIIRS_NOAA20_NRT,,
23.77513,85.99998,309.93,0.38,0.36,2026-09-19,2002,N20,VIIRS,n,2.0NRT,292.22,1.0,N,VIIRS_NOAA20_NRT,,
23.77515,86.21189,308.23,0.39,0.36,2026-09-19,2002,N20,VIIRS,n,2.0NRT,292.61,1.15,N,VIIRS_NOAA20_NRT,,
23.77572,85.99624,308.11,0.38,0.36,2026-09-19,2002,N20,VIIRS,n,2.0NRT,292.46,1.0,N,VIIRS_NOAA20_NRT,,
23.77739,86.38979,317.88,0.39,0.36,2026-09-19,2002,N20,VIIRS,n,2.0NRT,292.69,2.14,N,VIIRS_NOAA20_NRT,,
23.778,86.38602,312.07,0.39,0.36,2026-09-19,2002,N20,VIIRS,n,2.0NRT,291.89,2.37,N,VIIRS_NOAA20_NRT,,
23.77844,86.21251,317.83,0.39,0.36,2026-09-19,2002,N20,VIIRS,n,2.0NRT,292.68,2.45,N,VIIRS_NOAA20_NRT,,
23.77876,86.14702,307.8,0.38,0.36,2026-09-19,2002,N20,VIIRS,n,2.0NRT,291.5,0.64,N,VIIRS_NOAA20_NRT,,
23.77904,86.20876,324.36,0.39,0.36,2026-09-19,2002,N20,VIIRS,n,2.0NRT,293.53,2.77,N,VIIRS_NOAA20_NRT,,
23.7804,86.34808,311.61,0.39,0.36,2026-09-19,2002,N20,VIIRS,n,2.0NRT,291.91,1.8,N,VIIRS_NOAA20_NRT,,
23.78044,86.37102,306.3,0.39,0.36,2026-09-19,2002,N20,VIIRS,n,2.0NRT,292.37,1.6,N,VIIRS_NOAA20_NRT,,
23.78069,86.3904,321.61,0.39,0.36,2026-09-19,2002,N20,VIIRS,n,2.0NRT,293.79,2.14,N,VIIRS_NOAA20_NRT,,
23.78092,85.57468,308.65,0.38,0.36,2026-09-19,2002,N20,VIIRS,n,2.0NRT,293.87,1.53,N,VIIRS_NOAA20_NRT,,
23.78151,85.57095,305.51,0.38,0.36,2026-09-19,2002,N20,VIIRS,n,2.0NRT,292.45,1.59,N,VIIRS_NOAA20_NRT,,
23.78233,86.20939,323.42,0.39,0.36,2026-09-19,2002,N20,VIIRS,n,2.0NRT,293.17,2.77,N,VIIRS_NOAA20_NRT,,
23.78312,86.3754,309.13,0.39,0.36,2026-09-19,2002,N20,VIIRS,n,2.0NRT,292.17,1.51,N,VIIRS_NOAA20_NRT,,
23.78399,86.39103,304.69,0.39,0.36,2026-09-19,2002,N20,VIIRS,n,2.0NRT,291.85,1.67,N,VIIRS_NOAA20_NRT,,
23.7853,86.34102,310.38,0.39,0.36,2026-09-19,2002,N20,VIIRS,n,2.0NRT,292.03,1.4,N,VIIRS_NOAA20_NRT,,
23.78773,85.55286,316.62,0.38,0.36,2026-09-19,2002,N20,VIIRS,n,2.0NRT,292.87,1.75,N,VIIRS_NOAA20_NRT,,
23.79519,86.23499,310.01,0.39,0.36,2026-09-19,2002,N20,VIIRS,n,2.0NRT,292.3,1.69,N,VIIRS_NOAA20_NRT,,
23.79666,86.35478,314.39,0.39,0.36,2026-09-19,2002,N20,VIIRS,n,2.0NRT,292.26,1.9,N,VIIRS_NOAA20_NRT,,
23.79726,86.35102,318.34,0.39,0.36,2026-09-19,2002,N20,VIIRS,n,2.0NRT,292.3,3.52,N,VIIRS_NOAA20_NRT,,
23.80003,86.3129,305.73,0.39,0.36,2026-09-19,2002,N20,VIIRS,n,2.0NRT,292.29,1.17,N,VIIRS_NOAA20_NRT,,
23.80359,86.33289,307.73,0.39,0.36,2026-09-19,2002,N20,VIIRS,n,2.0NRT,292.22,1.59,N,VIIRS_NOAA20_NRT,,
23.8042,86.32915,328.47,0.39,0.36,2026-09-19,2002,N20,VIIRS,n,2.0NRT,293.89,4.47,N,VIIRS_NOAA20_NRT,,
23.80749,86.32977,306.35,0.39,0.36,2026-09-19,2002,N20,VIIRS,n,2.0NRT,291.86,1.27,N,VIIRS_NOAA20_NRT,,
23.8238,85.49728,311.72,0.38,0.36,2026-09-19,2002,N20,VIIRS,n,2.0NRT,294.39,1.11,N,VIIRS_NOAA20_NRT,,
23.826,84.57253,307.21,0.39,0.37,2026-09-19,2002,N20,VIIRS,n,2.0NRT,291.27,1.36,N,VIIRS_NOAA20_NRT,,
23.8271,85.49789,310.14,0.38,0.36,2026-09-19,2002,N20,VIIRS,n,2.0NRT,293.95,1.11,N,VIIRS_NOAA20_NRT,,
23.82933,84.57312,308.44,0.39,0.37,2026-09-19,2002,N20,VIIRS,n,2.0NRT,290.96,1.27,N,VIIRS_NOAA20_NRT,,
23.83834,85.46913,315.1,0.38,0.36,2026-09-19,2002,N20,VIIRS,n,2.0NRT,294.38,1.73,N,VIIRS_NOAA20_NRT,,
23.84023,85.30353,303.97,0.39,0.36,2026-09-19,2002,N20,VIIRS,n,2.0NRT,290.94,0.71,N,VIIRS_NOAA20_NRT,,
24.11587,86.86164,309.48,0.39,0.36,2026-09-19,2002,N20,VIIRS,n,2.0NRT,292.01,1.33,N,VIIRS_NOAA20_NRT,,
24.11649,86.85783,312.92,0.39,0.36,2026-09-19,2002,N20,VIIRS,n,2.0NRT,291.66,1.33,N,VIIRS_NOAA20_NRT,,
24.16338,82.63012,302.01,0.46,0.39,2026-09-19,2002,N20,VIIRS,n,2.0NRT,287.94,0.39,N,VIIRS_NOAA20_NRT,,
24.18481,82.66078,305.66,0.46,0.39,2026-09-19,2002,N20,VIIRS,n,2.0NRT,290.5,0.9,N,VIIRS_NOAA20_NRT,,
24.1989,82.71764,316.4,0.45,0.39,2026-09-19,2002,N20,VIIRS,n,2.0NRT,290.96,3.05,N,VIIRS_NOAA20_NRT,,
24.20372,82.70918,309.88,0.45,0.39,2026-09-19,2002,N20,VIIRS,n,2.0NRT,290.46,1.24,N,VIIRS_NOAA20_NRT,,
24.2068,82.52649,306.38,0.46,0.39,2026-09-19,2002,N20,VIIRS,n,2.0NRT,290.86,1.17,N,VIIRS_NOAA20_NRT,,
24.20728,82.70983,306.33,0.45,0.39,2026-09-19,2002,N20,VIIRS,n,2.0NRT,291.04,0.98,N,VIIRS_NOAA20_NRT,,
24.44998,83.03934,305.56,0.44,0.39,2026-09-19,2002,N20,VIIRS,n,2.0NRT,291.42,1.42,N,VIIRS_NOAA20_NRT,,
24.92492,84.15405,306.5,0.41,0.37,2026-09-19,2002,N20,VIIRS,n,2.0NRT,292.15,2.57,N,VIIRS_NOAA20_NRT,,
25.03702,87.38866,310.24,0.39,0.36,2026-09-19,2002,N20,VIIRS,n,2.0NRT,289.2,1.18,N,VIIRS_NOAA20_NRT,,
25.57505,85.24626,308.07,0.39,0.36,2026-09-19,2002,N20,VIIRS,n,2.0NRT,293.5,0.38,N,VIIRS_NOAA20_NRT,,
25.81226,88.88365,305.82,0.43,0.38,2026-09-19,2002,N20,VIIRS,n,2.0NRT,291.87,1.62,N,VIIRS_NOAA20_NRT,,
26.76043,83.19894,312.52,0.46,0.39,2026-09-19,2002,N20,VIIRS,n,2.0NRT,293.22,6.61,N,VIIRS_NOAA20_NRT,,
28.323,77.21689,304.51,0.35,0.56,2026-09-19,2002,N20,VIIRS,n,2.0NRT,293.74,0.36,N,VIIRS_NOAA20_NRT,,
28.34594,77.25532,314.61,0.34,0.56,2026-09-19,2002,N20,VIIRS,n,2.0NRT,294.19,1.11,N,VIIRS_NOAA20_NRT,,
28.37594,77.22356,307.94,0.35,0.56,2026-09-19,2002,N20,VIIRS,n,2.0NRT,293.98,0.55,N,VIIRS_NOAA20_NRT,,
28.70909,76.85545,306.37,0.37,0.58,2026-09-19,2002,N20,VIIRS,n,2.0NRT,294.17,0.49,N,VIIRS_NOAA20_NRT,,
28.77491,76.94707,322.46,0.36,0.58,2026-09-19,2002,N20,VIIRS,n,2.0NRT,294.16,1.51,N,VIIRS_NOAA20_NRT,,
28.78024,76.94765,308.57,0.36,0.58,2026-09-19,2002,N20,VIIRS,n,2.0NRT,293.94,0.52,N,VIIRS_NOAA20_NRT,,
29.1234,75.77717,305.55,0.43,0.62,2026-09-19,2002,N20,VIIRS,n,2.0NRT,294.91,0.84,N,VIIRS_NOAA20_NRT,,
29.12507,75.77593,308.72,0.43,0.62,2026-09-19,2002,N20,VIIRS,n,2.0NRT,295.01,0.86,N,VIIRS_NOAA20_NRT,,
29.22525,88.3516,301.51,0.39,0.36,2026-09-19,2002,N20,VIIRS,n,2.0NRT,281.35,1.04,N,VIIRS_NOAA20_NRT,,
29.37581,91.15088,299.66,0.47,0.4,2026-09-19,2002,N20,VIIRS,n,2.0NRT,282.82,1.12,N,VIIRS_NOAA20_NRT,,
31.25935,76.91826,300.04,0.39,0.59,2026-09-19,2002,N20,VIIRS,n,2.0NRT,289.72,0.5,N,VIIRS_NOAA20_NRT,,
31.37157,76.35206,306.86,0.42,0.61,2026-09-19,2002,N20,VIIRS,n,2.0NRT,292.38,0.87,N,VIIRS_NOAA20_NRT,,
17.60665,83.20277,313.5,0.39,0.36,2026-09-19,2004,N20,VIIRS,n,2.0NRT,282.82,1.43,N,VIIRS_NOAA20_NRT,,
17.60998,83.20332,318.7,0.39,0.36,2026-09-19,2004,N20,VIIRS,n,2.0NRT,282.56,1.43,N,VIIRS_NOAA20_NRT,,
17.69589,83.23974,304.85,0.39,0.36,2026-09-19,2004,N20,VIIRS,n,2.0NRT,282.13,1.1,N,VIIRS_NOAA20_NRT,,
19.09713,82.16763,298.97,0.43,0.38,2026-09-19,2004,N20,VIIRS,n,2.0NRT,280.66,1.5,N,VIIRS_NOAA20_NRT,,
20.69686,78.63512,296.85,0.46,0.47,2026-09-19,2004,N20,VIIRS,n,2.0NRT,263.36,1.6,N,VIIRS_NOAA20_NRT,,
20.75995,85.29889,320.66,0.38,0.36,2026-09-19,2004,N20,VIIRS,n,2.0NRT,291.64,1.88,N,VIIRS_NOAA20_NRT,,
20.76054,85.29523,316.08,0.38,0.36,2026-09-19,2004,N20,VIIRS,n,2.0NRT,290.81,1.88,N,VIIRS_NOAA20_NRT,,
20.77387,85.33908,305.47,0.38,0.36,2026-09-19,2004,N20,VIIRS,n,2.0NRT,290.14,0.84,N,VIIRS_NOAA20_NRT,,
20.78554,85.26583,311.01,0.38,0.36,2026-09-19,2004,N20,VIIRS,n,2.0NRT,290.97,1.52,N,VIIRS_NOAA20_NRT,,
20.78612,85.26218,326.49,0.38,0.36,2026-09-19,2004,N20,VIIRS,n,2.0NRT,291.61,1.52,N,VIIRS_NOAA20_NRT,,
20.7867,85.25852,309.63,0.38,0.36,2026-09-19,2004,N20,VIIRS,n,2.0NRT,290.92,1.29,N,VIIRS_NOAA20_NRT,,
20.78883,85.26643,306.17,0.38,0.36,2026-09-19,2004,N20,VIIRS,n,2.0NRT,290.36,1.52,N,VIIRS_NOAA20_NRT,,
20.79445,85.25238,333.35,0.38,0.36,2026-09-19,2004,N20,VIIRS,n,2.0NRT,291.78,5.53,N,VIIRS_NOAA20_NRT,,
20.8004,85.25996,306.37,0.38,0.36,2026-09-19,2004,N20,VIIRS,n,2.0NRT,289.81,0.77,N,VIIRS_NOAA20_NRT,,
20.80428,85.2569,306.11,0.38,0.36,2026-09-19,2004,N20,VIIRS,n,2.0NRT,290.31,0.77,N,VIIRS_NOAA20_NRT,,
20.80757,85.25748,326.54,0.38,0.36,2026-09-19,2004,N20,VIIRS,n,2.0NRT,291.82,2.62,N,VIIRS_NOAA20_NRT,,
20.80816,85.25383,305.79,0.38,0.36,2026-09-19,2004,N20,VIIRS,n,2.0NRT,290.16,1.4,N,VIIRS_NOAA20_NRT,,
20.86363,84.98898,305.59,0.38,0.36,2026-09-19,2004,N20,VIIRS,n,2.0NRT,290.94,2.0,N,VIIRS_NOAA20_NRT,,
20.86421,84.98531,311.15,0.38,0.36,2026-09-19,2004,N20,VIIRS,n,2.0NRT,290.17,1.06,N,VIIRS_NOAA20_NRT,,
20.86635,84.99323,332.4,0.38,0.36,2026-09-19,2004,N20,VIIRS,n,2.0NRT,291.68,2.0,N,VIIRS_NOAA20_NRT,,
20.86692,84.98956,323.24,0.38,0.36,2026-09-19,2004,N20,VIIRS,n,2.0NRT,291.67,2.0,N,VIIRS_NOAA20_NRT,,
20.88512,84.98151,309.67,0.38,0.36,2026-09-19,2004,N20,VIIRS,n,2.0NRT,290.95,1.32,N,VIIRS_NOAA20_NRT,,
20.88841,84.98209,318.74,0.38,0.36,2026-09-19,2004,N20,VIIRS,n,2.0NRT,291.48,1.32,N,VIIRS_NOAA20_NRT,,
20.95193,86.04904,335.54,0.39,0.36,2026-09-19,2004,N20,VIIRS,n,2.0NRT,289.9,5.36,N,VIIRS_NOAA20_NRT,,
20.95526,85.01274,310.3,0.38,0.36,2026-09-19,2004,N20,VIIRS,n,2.0NRT,291.68,1.03,N,VIIRS_NOAA20_NRT,,
20.95855,85.01331,308.78,0.38,0.36,2026-09-19,2004,N20,VIIRS,n,2.0NRT,291.6,1.03,N,VIIRS_NOAA20_NRT,,
20.96156,85.18717,316.07,0.38,0.36,2026-09-19,2004,N20,VIIRS,n,2.0NRT,291.27,3.1,N,VIIRS_NOAA20_NRT,,
20.96214,85.1835,314.27,0.38,0.36,2026-09-19,2004,N20,VIIRS,n,2.0NRT,291.48,1.25,N,VIIRS_NOAA20_NRT,,
20.96388,85.17252,323.31,0.38,0.36,2026-09-19,2004,N20,VIIRS,n,2.0NRT,291.83,1.49,N,VIIRS_NOAA20_NRT,,
20.96446,85.16885,321.04,0.38,0.36,2026-09-19,2004,N20,VIIRS,n,2.0NRT,292.38,1.68,N,VIIRS_NOAA20_NRT,,
20.96485,85.18776,334.99,0.38,0.36,2026-09-19,2004,N20,VIIRS,n,2.0NRT,292.34,3.1,N,VIIRS_NOAA20_NRT,,
20.96504,85.16519,320.28,0.38,0.36,2026-09-19,2004,N20,VIIRS,n,2.0NRT,291.91,1.68,N,VIIRS_NOAA20_NRT,,
20.96518,86.0515,307.58,0.39,0.36,2026-09-19,2004,N20,VIIRS,n,2.0NRT,289.68,2.05,N,VIIRS_NOAA20_NRT,,
20.96543,85.1841,314.42,0.38,0.36,2026-09-19,2004,N20,VIIRS,n,2.0NRT,291.76,1.25,N,VIIRS_NOAA20_NRT,,
20.96562,85.16152,309.74,0.38,0.36,2026-09-19,2004,N20,VIIRS,n,2.0NRT,291.4,1.69,N,VIIRS_NOAA20_NRT,,
20.96601,85.18044,315.36,0.38,0.36,2026-09-19,2004,N20,VIIRS,n,2.0NRT,291.43,1.25,N,VIIRS_NOAA20_NRT,,
20.96659,85.17677,306.75,0.38,0.36,2026-09-19,2004,N20,VIIRS,n,2.0NRT,291.76,1.49,N,VIIRS_NOAA20_NRT,,
20.96678,85.15421,307.01,0.38,0.36,2026-09-19,2004,N20,VIIRS,n,2.0NRT,291.05,1.9,N,VIIRS_NOAA20_NRT,,
20.96717,85.17311,311.39,0.38,0.36,2026-09-19,2004,N20,VIIRS,n,2.0NRT,291.57,1.49,N,VIIRS_NOAA20_NRT,,
20.96775,85.16944,310.04,0.38,0.36,2026-09-19,2004,N20,VIIRS,n,2.0NRT,291.57,1.68,N,VIIRS_NOAA20_NRT,,
20.96793,86.01374,317.94,0.39,0.36,2026-09-19,2004,N20,VIIRS,n,2.0NRT,288.93,2.25,N,VIIRS_NOAA20_NRT,,
20.96989,85.17736,322.22,0.38,0.36,2026-09-19,2004,N20,VIIRS,n,2.0NRT,291.81,2.66,N,VIIRS_NOAA20_NRT,,
20.97008,85.15479,326.0,0.38,0.36,2026-09-19,2004,N20,VIIRS,n,2.0NRT,292.1,1.9,N,VIIRS_NOAA20_NRT,,
20.97047,85.1737,343.18,0.38,0.36,2026-09-19,2004,N20,VIIRS,n,2.0NRT,292.94,2.66,N,VIIRS_NOAA20_NRT,,
20.97124,86.01436,305.42,0.39,0.36,2026-09-19,2004,N20,VIIRS,n,2.0NRT,289.06,1.88,N,VIIRS_NOAA20_NRT,,
20.97376,85.17429,308.63,0.38,0.36,2026-09-19,2004,N20,VIIRS,n,2.0NRT,291.75,2.66,N,VIIRS_NOAA20_NRT,,
20.97763,85.17122,323.79,0.38,0.36,2026-09-19,2004,N20,VIIRS,n,2.0NRT,292.53,1.49,N,VIIRS_NOAA20_NRT,,
20.97821,85.16756,309.49,0.38,0.36,2026-09-19,2004,N20,VIIRS,n,2.0NRT,291.43,1.49,N,VIIRS_NOAA20_NRT,,
20.97956,85.13765,308.97,0.38,0.36,2026-09-19,2004,N20,VIIRS,n,2.0NRT,292.08,1.41,N,VIIRS_NOAA20_NRT,,
20.98014,85.134,310.26,0.38,0.36,2026-09-19,2004,N20,VIIRS,n,2.0NRT,292.2,2.43,N,VIIRS_NOAA20_NRT,,
20.99563,86.01121,312.28,0.39,0.36,2026-09-19,2004,N20,VIIRS,n,2.0NRT,288.9,1.73,N,VIIRS_NOAA20_NRT,,
20.99984,86.0273,307.54,0.39,0.36,2026-09-19,2004,N20,VIIRS,n,2.0NRT,290.41,1.85,N,VIIRS_NOAA20_NRT,,
21.00368,86.02402,306.57,0.39,0.36,2026-09-19,2004,N20,VIIRS,n,2.0NRT,289.6,1.38,N,VIIRS_NOAA20_NRT,,
21.0731,85.04089,310.77,0.38,0.36,2026-09-19,2004,N20,VIIRS,n,2.0NRT,291.36,1.02,N,VIIRS_NOAA20_NRT,,
21.07524,85.04881,313.59,0.38,0.36,2026-09-19,2004,N20,VIIRS,n,2.0NRT,292.02,1.58,N,VIIRS_NOAA20_NRT,,
21.07581,85.04514,307.37,0.38,0.36,2026-09-19,2004,N20,VIIRS,n,2.0NRT,292.17,1.02,N,VIIRS_NOAA20_NRT,,
21.07639,85.04147,312.17,0.38,0.36,2026-09-19,2004,N20,VIIRS,n,2.0NRT,291.56,1.02,N,VIIRS_NOAA20_NRT,,
21.07697,85.03781,342.93,0.38,0.36,2026-09-19,2004,N20,VIIRS,n,2.0NRT,293.54,7.5,N,VIIRS_NOAA20_NRT,,
21.07969,85.04206,308.21,0.38,0.36,2026-09-19,2004,N20,VIIRS,n,2.0NRT,291.51,1.04,N,VIIRS_NOAA20_NRT,,
21.08026,85.0384,329.82,0.38,0.36,2026-09-19,2004,N20,VIIRS,n,2.0NRT,292.01,2.28,N,VIIRS_NOAA20_NRT,,
21.08084,85.03472,328.31,0.38,0.36,2026-09-19,2004,N20,VIIRS,n,2.0NRT,292.54,2.28,N,VIIRS_NOAA20_NRT,,
21.23272,79.62821,298.76,0.4,0.44,2026-09-19,2004,N20,VIIRS,n,2.0NRT,273.83,0.57,N,VIIRS_NOAA20_NRT,,
21.33582,78.96758,305.39,0.44,0.46,2026-09-19,2004,N20,VIIRS,n,2.0NRT,278.72,1.28,N,VIIRS_NOAA20_NRT,,
21.75605,83.84505,309.9,0.4,0.37,2026-09-19,2004,N20,VIIRS,n,2.0NRT,280.45,2.13,N,VIIRS_NOAA20_NRT,,
21.7594,83.84563,305.35,0.4,0.37,2026-09-19,2004,N20,VIIRS,n,2.0NRT,281.1,0.88,N,VIIRS_NOAA20_NRT,,
21.75998,83.8418,303.63,0.4,0.37,2026-09-19,2004,N20,VIIRS,n,2.0NRT,281.31,0.88,N,VIIRS_NOAA20_NRT,,
21.76218,83.85002,307.22,0.4,0.37,2026-09-19,2004,N20,VIIRS,n,2.0NRT,280.83,2.01,N,VIIRS_NOAA20_NRT,,
21.76276,83.8462,302.27,0.4,0.37,2026-09-19,2004,N20,VIIRS,n,2.0NRT,280.62,0.88,N,VIIRS_NOAA20_NRT,,
21.76328,84.01814,309.62,0.4,0.37,2026-09-19,2004,N20,VIIRS,n,2.0NRT,288.89,1.38,N,VIIRS_NOAA20_NRT,,
21.76662,84.01871,320.21,0.4,0.37,2026-09-19,2004,N20,VIIRS,n,2.0NRT,289.73,1.58,N,VIIRS_NOAA20_NRT,,
21.76664,85.57968,305.79,0.38,0.36,2026-09-19,2004,N20,VIIRS,n,2.0NRT,290.41,0.79,N,VIIRS_NOAA20_NRT,,
21.76997,84.01929,307.44,0.4,0.37,2026-09-19,2004,N20,VIIRS,n,2.0NRT,289.01,1.58,N,VIIRS_NOAA20_NRT,,
21.81857,83.99249,306.11,0.4,0.37,2026-09-19,2004,N20,VIIRS,n,2.0NRT,286.73,1.71,N,VIIRS_NOAA20_NRT,,
21.85997,83.96833,306.31,0.4,0.37,2026-09-19,2004,N20,VIIRS,n,2.0NRT,286.2,0.65,N,VIIRS_NOAA20_NRT,,
21.87498,83.49529,303.79,0.41,0.37,2026-09-19,2004,N20,VIIRS,n,2.0NRT,283.91,0.81,N,VIIRS_NOAA20_NRT,,
21.87992,83.55631,301.34,0.41,0.37,2026-09-19,2004,N20,VIIRS,n,2.0NRT,278.94,0.65,N,VIIRS_NOAA20_NRT,,
21.91668,83.35292,304.58,0.41,0.37,2026-09-19,2004,N20,VIIRS,n,2.0NRT,287.53,0.63,N,VIIRS_NOAA20_NRT,,
21.92009,83.3535,320.73,0.41,0.37,2026-09-19,2004,N20,VIIRS,n,2.0NRT,288.8,2.1,N,VIIRS_NOAA20_NRT,,
21.92067,83.34953,323.96,0.41,0.37,2026-09-19,2004,N20,VIIRS,n,2.0NRT,289.22,2.1,N,VIIRS_NOAA20_NRT,,
21.92408,83.35011,317.81,0.41,0.37,2026-09-19,2004,N20,VIIRS,n,2.0NRT,288.75,2.1,N,VIIRS_NOAA20_NRT,,
21.92493,85.22456,309.13,0.38,0.36,2026-09-19,2004,N20,VIIRS,n,2.0NRT,290.96,1.43,N,VIIRS_NOAA20_NRT,,
21.92582,83.33821,315.63,0.41,0.37,2026-09-19,2004,N20,VIIRS,n,2.0NRT,288.78,1.43,N,VIIRS_NOAA20_NRT,,
21.95477,83.80692,305.3,0.4,0.37,2026-09-19,2004,N20,VIIRS,n,2.0NRT,281.88,0.63,N,VIIRS_NOAA20_NRT,,
21.95535,83.80306,304.19,0.4,0.37,2026-09-19,2004,N20,VIIRS,n,2.0NRT,281.4,0.63,N,VIIRS_NOAA20_NRT,,
22.01607,83.75348,314.82,0.4,0.37,2026-09-19,2004,N20,VIIRS,n,2.0NRT,279.56,1.69,N,VIIRS_NOAA20_NRT,,
22.03915,83.3522,297.8,0.41,0.37,2026-09-19,2004,N20,VIIRS,n,2.0NRT,270.7,1.05,N,VIIRS_NOAA20_NRT,,
22.0397,83.73368,312.12,0.4,0.37,2026-09-19,2004,N20,VIIRS,n,2.0NRT,285.38,1.66,N,VIIRS_NOAA20_NRT,,
22.04027,83.7298,316.48,0.4,0.37,2026-09-19,2004,N20,VIIRS,n,2.0NRT,284.63,1.66,N,VIIRS_NOAA20_NRT,,
22.06451,83.70605,304.72,0.4,0.37,2026-09-19,2004,N20,VIIRS,n,2.0NRT,279.87,1.2,N,VIIRS_NOAA20_NRT,,
22.13448,85.38329,307.12,0.38,0.36,2026-09-19,2004,N20,VIIRS,n,2.0NRT,291.2,1.0,N,VIIRS_NOAA20_NRT,,
22.20452,84.84786,308.2,0.39,0.36,2026-09-19,2004,N20,VIIRS,n,2.0NRT,289.35,1.55,N,VIIRS_NOAA20_NRT,,
22.2094,84.86019,307.65,0.39,0.36,2026-09-19,2004,N20,VIIRS,n,2.0NRT,289.88,2.21,N,VIIRS_NOAA20_NRT,,
22.2096,84.5503,304.8,0.39,0.36,2026-09-19,2004,N20,VIIRS,n,2.0NRT,283.28,0.63,N,VIIRS_NOAA20_NRT,,
22.21213,84.8645,331.22,0.39,0.36,2026-09-19,2004,N20,VIIRS,n,2.0NRT,290.53,2.21,N,VIIRS_NOAA20_NRT,,
22.21701,84.87682,306.19,0.39,0.36,2026-09-19,2004,N20,VIIRS,n,2.0NRT,289.77,1.17,N,VIIRS_NOAA20_NRT,,
22.31545,84.76791,305.71,0.39,0.36,2026-09-19,2004,N20,VIIRS,n,2.0NRT,291.03,1.43,N,VIIRS_NOAA20_NRT,,
22.31886,82.56233,300.53,0.44,0.38,2026-09-19,2004,N20,VIIRS,n,2.0NRT,274.26,0.86,N,VIIRS_NOAA20_NRT,,
22.57358,85.89606,309.11,0.38,0.36,2026-09-19,2004,N20,VIIRS,n,2.0NRT,292.07,2.44,N,VIIRS_NOAA20_NRT,,
22.59275,85.90345,305.03,0.38,0.36,2026-09-19,2004,N20,VIIRS,n,2.0NRT,289.41,1.27,N,VIIRS_NOAA20_NRT,,
22.78869,86.20778,306.49,0.39,0.36,2026-09-19,2004,N20,VIIRS,n,2.0NRT,289.89,1.01,N,VIIRS_NOAA20_NRT,,
22.7893,86.20404,308.66,0.39,0.36,2026-09-19,2004,N20,VIIRS,n,2.0NRT,289.55,2.09,N,VIIRS_NOAA20_NRT,,
22.79051,86.19659,337.09,0.39,0.36,2026-09-19,2004,N20,VIIRS,n,2.0NRT,291.85,4.01,N,VIIRS_NOAA20_NRT,,
22.79139,86.21214,313.54,0.39,0.36,2026-09-19,2004,N20,VIIRS,n,2.0NRT,290.49,1.93,N,VIIRS_NOAA20_NRT,,
22.79919,86.20592,325.3,0.39,0.36,2026-09-19,2004,N20,VIIRS,n,2.0NRT,290.49,1.15,N,VIIRS_NOAA20_NRT,,
22.7998,86.20219,309.7,0.39,0.36,2026-09-19,2004,N20,VIIRS,n,2.0NRT,291.05,1.15,N,VIIRS_NOAA20_NRT,,
22.80078,86.09097,306.39,0.39,0.36,2026-09-19,2004,N20,VIIRS,n,2.0NRT,292.65,1.12,N,VIIRS_NOAA20_NRT,,
22.81127,86.08908,307.82,0.39,0.36,2026-09-19,2004,N20,VIIRS,n,2.0NRT,292.22,0.86,N,VIIRS_NOAA20_NRT,,
22.81516,86.08597,306.19,0.39,0.36,2026-09-19,2004,N20,VIIRS,n,2.0NRT,291.6,1.18,N,VIIRS_NOAA20_NRT,,
22.81846,86.08659,307.4,0.39,0.36,2026-09-19,2004,N20,VIIRS,n,2.0NRT,291.5,0.6,N,VIIRS_NOAA20_NRT,,
22.85781,86.0544,304.33,0.39,0.36,2026-09-19,2004,N20,VIIRS,n,2.0NRT,291.17,0.69,N,VIIRS_NOAA20_NRT,,
22.87368,86.06121,311.09,0.39,0.36,2026-09-19,2004,N20,VIIRS,n,2.0NRT,292.08,1.42,N,VIIRS_NOAA20_NRT,,
23.16543,82.33973,309.15,0.46,0.39,2026-09-19,2004,N20,VIIRS,n,2.0NRT,275.54,2.12,N,VIIRS_NOAA20_NRT,,
23.16604,82.33529,298.07,0.46,0.39,2026-09-19,2004,N20,VIIRS,n,2.0NRT,274.14,1.17,N,VIIRS_NOAA20_NRT,,
24.66176,74.63097,303.82,0.46,0.63,2026-09-19,2004,N20,VIIRS,n,2.0NRT,287.87,1.67,N,VIIRS_NOAA20_NRT,,
24.66305,74.62963,303.55,0.46,0.63,2026-09-19,2004,N20,VIIRS,n,2.0NRT,287.72,1.36,N,VIIRS_NOAA20_NRT,,
24.76331,74.60503,305.56,0.46,0.64,2026-09-19,2004,N20,VIIRS,n,2.0NRT,287.83,1.41,N,VIIRS_NOAA20_NRT,,
24.7646,74.60448,308.05,0.46,0.64,2026-09-19,2004,N20,VIIRS,n,2.0NRT,288.22,1.4,N,VIIRS_NOAA20_NRT,,
12.87542,79.88532,295.03,0.47,0.4,2026-09-19,2006,N20,VIIRS,n,2.0NRT,270.94,1.28,N,VIIRS_NOAA20_NRT,,
15.66084,73.98598,302.79,0.4,0.6,2026-09-19,2006,N20,VIIRS,n,2.0NRT,277.06,0.56,N,VIIRS_NOAA20_NRT,,
8.46172,80.40818,329.78,0.41,0.37,2026-09-19,2008,N20,VIIRS,n,2.0NRT,290.91,1.87,N,VIIRS_NOAA20_NRT,,
8.46512,80.4087,308.93,0.41,0.37,2026-09-19,2008,N20,VIIRS,n,2.0NRT,291.01,1.87,N,VIIRS_NOAA20_NRT,,
8.66998,77.99268,297.68,0.53,0.42,2026-09-19,2008,N20,VIIRS,n,2.0NRT,273.35,0.62,N,VIIRS_NOAA20_NRT,,
30.78486,70.03537,304.86,0.5,0.49,2026-09-19,2142,N20,VIIRS,n,2.0NRT,287.42,1.16,N,VIIRS_NOAA20_NRT,,
31.26162,76.92526,300.32,0.6,0.71,2026-09-19,2142,N20,VIIRS,n,2.0NRT,287.99,1.11,N,VIIRS_NOAA20_NRT,,
31.36614,76.35643,301.96,0.55,0.68,2026-09-19,2142,N20,VIIRS,n,2.0NRT,291.53,0.65,N,VIIRS_NOAA20_NRT,,
31.77139,70.10714,307.73,0.48,0.48,2026-09-19,2142,N20,VIIRS,n,2.0NRT,292.56,0.77,N,VIIRS_NOAA20_NRT,,
32.72392,72.92401,305.62,0.33,0.55,2026-09-19,2142,N20,VIIRS,n,2.0NRT,293.06,0.65,N,VIIRS_NOAA20_NRT,,
32.89003,71.61552,309.48,0.55,0.51,2026-09-19,2142,N20,VIIRS,n,2.0NRT,292.99,1.52,N,VIIRS_NOAA20_NRT,,
33.29682,71.18546,307.84,0.51,0.49,2026-09-19,2142,N20,VIIRS,n,2.0NRT,292.45,1.19,N,VIIRS_NOAA20_NRT,,
21.10038,72.63519,303.85,0.58,0.7,2026-09-19,2144,N20,VIIRS,n,2.0NRT,285.78,2.14,N,VIIRS_NOAA20_NRT,,
21.10389,72.63309,313.29,0.58,0.7,2026-09-19,2144,N20,VIIRS,n,2.0NRT,285.52,4.43,N,VIIRS_NOAA20_NRT,,
21.10405,72.64779,301.83,0.58,0.7,2026-09-19,2144,N20,VIIRS,n,2.0NRT,285.96,3.04,N,VIIRS_NOAA20_NRT,,
21.10533,72.64235,315.96,0.58,0.7,2026-09-19,2144,N20,VIIRS,n,2.0NRT,286.21,3.04,N,VIIRS_NOAA20_NRT,,
21.10661,72.63691,302.71,0.58,0.7,2026-09-19,2144,N20,VIIRS,n,2.0NRT,286.17,2.14,N,VIIRS_NOAA20_NRT,,
21.10751,72.64562,318.76,0.58,0.7,2026-09-19,2144,N20,VIIRS,n,2.0NRT,286.67,7.25,N,VIIRS_NOAA20_NRT,,
22.2677,75.13026,300.85,0.78,0.78,2026-09-19,2144,N20,VIIRS,n,2.0NRT,287.33,1.06,N,VIIRS_NOAA20_NRT,,
22.33166,69.74821,305.26,0.36,0.57,2026-09-19,2144,N20,VIIRS,n,2.0NRT,293.53,1.34,N,VIIRS_NOAA20_NRT,,
22.41432,69.03868,309.71,0.32,0.55,2026-09-19,2144,N20,VIIRS,n,2.0NRT,293.81,1.0,N,VIIRS_NOAA20_NRT,,
22.41924,69.03994,312.8,0.32,0.55,2026-09-19,2144,N20,VIIRS,n,2.0NRT,293.76,0.91,N,VIIRS_NOAA20_NRT,,
22.9341,69.69615,306.45,0.35,0.56,2026-09-19,2144,N20,VIIRS,n,2.0NRT,293.49,0.95,N,VIIRS_NOAA20_NRT,,
23.4079,72.41495,304.23,0.5,0.66,2026-09-19,2144,N20,VIIRS,n,2.0NRT,288.61,0.46,N,VIIRS_NOAA20_NRT,,
23.49803,68.57835,309.77,0.57,0.52,2026-09-19,2144,N20,VIIRS,n,2.0NRT,295.89,1.71,N,VIIRS_NOAA20_NRT,,
25.39002,68.58538,310.77,0.52,0.5,2026-09-19,2144,N20,VIIRS,n,2.0NRT,295.97,1.94,N,VIIRS_NOAA20_NRT,,
25.39012,68.58351,315.33,0.53,0.5,2026-09-19,2144,N20,VIIRS,n,2.0NRT,296.25,2.07,N,VIIRS_NOAA20_NRT,,
26.26021,74.09663,303.17,0.55,0.68,2026-09-19,2144,N20,VIIRS,n,2.0NRT,290.32,0.99,N,VIIRS_NOAA20_NRT,,
18.68424,73.03368,298.73,0.69,0.74,2026-09-19,2146,N20,VIIRS,n,2.0NRT,279.04,2.77,N,VIIRS_NOAA20_NRT,,
18.68578,73.02732,300.36,0.69,0.74,2026-09-19,2146,N20,VIIRS,n,2.0NRT,279.86,1.72,N,VIIRS_NOAA20_NRT,,
20.75905,85.29786,328.64,0.39,0.44,2026-09-20,716,N20,VIIRS,n,2.0NRT,295.4,3.53,D,VIIRS_NOAA20_NRT,,
20.78524,85.26197,336.54,0.39,0.44,2026-09-20,716,N20,VIIRS,n,2.0NRT,296.47,5.01,D,VIIRS_NOAA20_NRT,,
20.7925,85.25673,326.89,0.39,0.44,2026-09-20,716,N20,VIIRS,n,2.0NRT,295.22,5.45,D,VIIRS_NOAA20_NRT,,
20.80503,85.25785,327.56,0.39,0.44,2026-09-20,716,N20,VIIRS,n,2.0NRT,296.15,3.8,D,VIIRS_NOAA20_NRT,,
20.86439,84.98729,331.39,0.4,0.44,2026-09-20,716,N20,VIIRS,n,2.0NRT,289.22,4.78,D,VIIRS_NOAA20_NRT,,
20.95098,86.04514,327.25,0.52,0.42,2026-09-20,716,N20,VIIRS,n,2.0NRT,294.12,4.34,D,VIIRS_NOAA20_NRT,,
20.95185,86.05006,326.98,0.52,0.42,2026-09-20,716,N20,VIIRS,n,2.0NRT,294.01,4.34,D,VIIRS_NOAA20_NRT,,
20.96442,86.01403,327.74,0.52,0.42,2026-09-20,716,N20,VIIRS,n,2.0NRT,293.75,4.96,D,VIIRS_NOAA20_NRT,,
20.99555,86.01286,335.65,0.52,0.42,2026-09-20,716,N20,VIIRS,n,2.0NRT,294.14,5.03,D,VIIRS_NOAA20_NRT,,
21.07588,85.03978,343.94,0.39,0.44,2026-09-20,716,N20,VIIRS,n,2.0NRT,293.26,6.79,D,VIIRS_NOAA20_NRT,,
21.07986,85.03893,329.45,0.39,0.44,2026-09-20,716,N20,VIIRS,n,2.0NRT,291.7,6.79,D,VIIRS_NOAA20_NRT,,
22.3185,82.56506,327.59,0.53,0.5,2026-09-20,716,N20,VIIRS,n,2.0NRT,292.96,3.93,D,VIIRS_NOAA20_NRT,,
22.31906,82.59113,340.98,0.53,0.5,2026-09-20,716,N20,VIIRS,n,2.0NRT,292.36,6.55,D,VIIRS_NOAA20_NRT,,
22.32356,82.58999,340.61,0.53,0.5,2026-09-20,716,N20,VIIRS,n,2.0NRT,292.45,7.09,D,VIIRS_NOAA20_NRT,,
27.74538,96.12411,335.28,0.5,0.49,2026-09-20,716,N20,VIIRS,n,2.0NRT,289.21,4.89,D,VIIRS_NOAA20_NRT,,
27.81976,96.31673,337.89,0.51,0.49,2026-09-20,716,N20,VIIRS,n,2.0NRT,289.48,3.52,D,VIIRS_NOAA20_NRT,,
31.75117,74.22893,349.18,0.52,0.67,2026-09-20,720,N20,VIIRS,n,2.0NRT,297.32,7.49,D,VIIRS_NOAA20_NRT,,
31.75249,74.22868,348.8,0.52,0.67,2026-09-20,720,N20,VIIRS,n,2.0NRT,297.21,6.78,D,VIIRS_NOAA20_NRT,,
9.1461,78.24368,330.47,0.45,0.63,2026-09-20,854,N20,VIIRS,n,2.0NRT,284.85,2.19,D,VIIRS_NOAA20_NRT,,
9.14637,78.24123,337.47,0.45,0.63,2026-09-20,854,N20,VIIRS,n,2.0NRT,285.3,3.6,D,VIIRS_NOAA20_NRT,,
9.40093,78.90057,332.37,0.5,0.66,2026-09-20,854,N20,VIIRS,n,2.0NRT,280.85,3.1,D,VIIRS_NOAA20_NRT,,
10.91339,77.24493,331.87,0.4,0.6,2026-09-20,854,N20,VIIRS,n,2.0NRT,290.83,1.84,D,VIIRS_NOAA20_NRT,,
12.10892,76.93208,331.79,0.4,0.6,2026-09-20,854,N20,VIIRS,n,2.0NRT,284.49,3.04,D,VIIRS_NOAA20_NRT,,
12.3654,76.82854,328.11,0.4,0.6,2026-09-20,854,N20,VIIRS,n,2.0NRT,278.75,1.36,D,VIIRS_NOAA20_NRT,,
15.81305,74.9028,332.5,0.33,0.55,2026-09-20,856,N20,VIIRS,n,2.0NRT,301.71,4.83,D,VIIRS_NOAA20_NRT,,
17.01515,74.87876,342.38,0.34,0.56,2026-09-20,856,N20,VIIRS,n,2.0NRT,298.67,4.15,D,VIIRS_NOAA20_NRT,,
18.54101,74.30173,334.78,0.32,0.55,2026-09-20,856,N20,VIIRS,n,2.0NRT,294.73,2.06,D,VIIRS_NOAA20_NRT,,
19.36772,71.35377,338.79,0.43,0.46,2026-09-20,856,N20,VIIRS,n,2.0NRT,291.43,5.58,D,VIIRS_NOAA20_NRT,,
22.80204,70.89408,334.53,0.44,0.46,2026-09-20,858,N20,VIIRS,n,2.0NRT,295.93,1.83,D,VIIRS_NOAA20_NRT,,
23.11944,70.08595,330.85,0.4,0.44,2026-09-20,858,N20,VIIRS,n,2.0NRT,297.67,2.01,D,VIIRS_NOAA20_NRT,,
24.8516,69.21294,341.49,0.56,0.43,2026-09-20,858,N20,VIIRS,n,2.0NRT,303.04,6.61,D,VIIRS_NOAA20_NRT,,
24.9751,68.16383,339.78,0.5,0.41,2026-09-20,858,N20,VIIRS,l,2.0NRT,310.67,15.16,D,VIIRS_NOAA20_NRT,,
24.97656,68.16115,352.86,0.5,0.41,2026-09-20,858,N20,VIIRS,n,2.0NRT,313.07,30.9,D,VIIRS_NOAA20_NRT,,
31.12047,74.68233,331.04,0.47,0.64,2026-09-20,900,N20,VIIRS,n,2.0NRT,298.8,5.38,D,VIIRS_NOAA20_NRT,,
31.12261,74.68405,343.39,0.47,0.64,2026-09-20,900,N20,VIIRS,n,2.0NRT,299.84,4.68,D,VIIRS_NOAA20_NRT,,
31.35372,72.94551,334.92,0.37,0.58,2026-09-20,900,N20,VIIRS,n,2.0NRT,299.45,2.15,D,VIIRS_NOAA20_NRT,,
31.4519,74.87649,338.6,0.49,0.65,2026-09-20,900,N20,VIIRS,n,2.0NRT,299.07,4.05,D,VIIRS_NOAA20_NRT,,
31.45558,74.87454,332.77,0.48,0.65,2026-09-20,900,N20,VIIRS,n,2.0NRT,298.68,5.64,D,VIIRS_NOAA20_NRT,,
31.53168,74.529,335.08,0.46,0.64,2026-09-20,900,N20,VIIRS,n,2.0NRT,298.29,4.0,D,VIIRS_NOAA20_NRT,,
31.53196,74.53394,337.15,0.46,0.64,2026-09-20,900,N20,VIIRS,n,2.0NRT,298.81,4.0,D,VIIRS_NOAA20_NRT,,
31.53327,74.53089,355.55,0.46,0.64,2026-09-20,900,N20,VIIRS,n,2.0NRT,299.57,6.73,D,VIIRS_NOAA20_NRT,,
31.66455,77.31993,331.51,0.68,0.74,2026-09-20,900,N20,VIIRS,n,2.0NRT,294.41,9.43,D,VIIRS_NOAA20_NRT,,
31.66479,77.32564,327.04,0.68,0.74,2026-09-20,900,N20,VIIRS,n,2.0NRT,293.84,8.0,D,VIIRS_NOAA20_NRT,,
31.66543,77.31978,339.54,0.68,0.74,2026-09-20,900,N20,VIIRS,n,2.0NRT,294.42,11.91,D,VIIRS_NOAA20_NRT,,
31.87234,74.7244,331.7,0.48,0.65,2026-09-20,900,N20,VIIRS,n,2.0NRT,298.66,4.09,D,VIIRS_NOAA20_NRT,,
31.92649,70.50484,330.04,0.54,0.51,2026-09-20,900,N20,VIIRS,n,2.0NRT,297.54,1.72,D,VIIRS_NOAA20_NRT,,
35.4362,73.61758,333.61,0.45,0.63,2026-09-20,900,N20,VIIRS,n,2.0NRT,297.67,4.47,D,VIIRS_NOAA20_NRT,,
35.99115,94.8314,308.3,0.39,0.36,2026-09-20,1940,N20,VIIRS,n,2.0NRT,277.07,1.84,N,VIIRS_NOAA20_NRT,,
36.80498,93.41615,296.0,0.39,0.36,2026-09-20,1940,N20,VIIRS,n,2.0NRT,272.84,0.65,N,VIIRS_NOAA20_NRT,,
29.37791,91.15096,301.51,0.39,0.36,2026-09-20,1942,N20,VIIRS,n,2.0NRT,279.31,1.69,N,VIIRS_NOAA20_NRT,,
20.53217,85.9052,304.58,0.49,0.4,2026-09-20,1945,N20,VIIRS,n,2.0NRT,284.63,0.55,N,VIIRS_NOAA20_NRT,,
20.78831,85.26603,308.23,0.53,0.42,2026-09-20,1945,N20,VIIRS,n,2.0NRT,288.74,1.75,N,VIIRS_NOAA20_NRT,,
20.79417,85.25134,325.55,0.53,0.42,2026-09-20,1945,N20,VIIRS,n,2.0NRT,288.39,2.96,N,VIIRS_NOAA20_NRT,,
20.80506,85.25813,309.35,0.53,0.42,2026-09-20,1945,N20,VIIRS,n,2.0NRT,288.69,2.0,N,VIIRS_NOAA20_NRT,,
20.80892,85.25868,306.2,0.53,0.42,2026-09-20,1945,N20,VIIRS,n,2.0NRT,288.62,1.56,N,VIIRS_NOAA20_NRT,,
20.8096,85.25357,307.29,0.53,0.42,2026-09-20,1945,N20,VIIRS,n,2.0NRT,288.38,1.39,N,VIIRS_NOAA20_NRT,,
20.87114,84.99854,304.04,0.55,0.43,2026-09-20,1945,N20,VIIRS,n,2.0NRT,289.58,1.78,N,VIIRS_NOAA20_NRT,,
20.87126,84.99799,304.62,0.55,0.43,2026-09-20,1945,N20,VIIRS,n,2.0NRT,290.05,3.49,N,VIIRS_NOAA20_NRT,,
20.9419,86.06066,305.06,0.49,0.4,2026-09-20,1945,N20,VIIRS,n,2.0NRT,286.26,1.37,N,VIIRS_NOAA20_NRT,,
20.95113,86.0479,311.19,0.49,0.4,2026-09-20,1945,N20,VIIRS,n,2.0NRT,287.25,2.37,N,VIIRS_NOAA20_NRT,,
20.95174,86.04324,324.61,0.49,0.4,2026-09-20,1945,N20,VIIRS,n,2.0NRT,287.69,3.44,N,VIIRS_NOAA20_NRT,,
20.96261,85.19024,320.07,0.54,0.42,2026-09-20,1945,N20,VIIRS,n,2.0NRT,289.96,3.47,N,VIIRS_NOAA20_NRT,,
20.96327,85.1851,319.42,0.54,0.42,2026-09-20,1945,N20,VIIRS,n,2.0NRT,289.06,2.52,N,VIIRS_NOAA20_NRT,,
20.96393,85.17992,307.33,0.54,0.42,2026-09-20,1945,N20,VIIRS,n,2.0NRT,288.9,2.52,N,VIIRS_NOAA20_NRT,,
20.96412,86.00692,326.78,0.49,0.4,2026-09-20,1945,N20,VIIRS,n,2.0NRT,279.51,3.72,N,VIIRS_NOAA20_NRT,,
20.96459,85.17471,315.36,0.54,0.42,2026-09-20,1945,N20,VIIRS,n,2.0NRT,289.55,2.35,N,VIIRS_NOAA20_NRT,,
20.96526,85.16948,309.05,0.54,0.42,2026-09-20,1945,N20,VIIRS,n,2.0NRT,288.99,2.35,N,VIIRS_NOAA20_NRT,,
20.9659,86.05021,311.95,0.49,0.4,2026-09-20,1945,N20,VIIRS,n,2.0NRT,287.42,1.78,N,VIIRS_NOAA20_NRT,,
20.96592,85.16428,311.33,0.54,0.42,2026-09-20,1945,N20,VIIRS,n,2.0NRT,288.35,3.23,N,VIIRS_NOAA20_NRT,,
20.96848,85.17528,327.91,0.54,0.42,2026-09-20,1945,N20,VIIRS,n,2.0NRT,288.76,2.35,N,VIIRS_NOAA20_NRT,,
20.96914,85.17005,306.98,0.54,0.42,2026-09-20,1945,N20,VIIRS,n,2.0NRT,289.16,2.35,N,VIIRS_NOAA20_NRT,,
20.97114,85.15437,308.91,0.54,0.42,2026-09-20,1945,N20,VIIRS,n,2.0NRT,286.21,2.14,N,VIIRS_NOAA20_NRT,,
20.97236,85.17583,307.46,0.54,0.42,2026-09-20,1945,N20,VIIRS,n,2.0NRT,286.4,1.62,N,VIIRS_NOAA20_NRT,,
20.97691,85.17117,314.89,0.54,0.42,2026-09-20,1945,N20,VIIRS,n,2.0NRT,288.71,1.62,N,VIIRS_NOAA20_NRT,,
21.07769,85.03757,335.4,0.55,0.43,2026-09-20,1945,N20,VIIRS,n,2.0NRT,290.41,4.31,N,VIIRS_NOAA20_NRT,,
21.07798,85.03616,335.65,0.55,0.43,2026-09-20,1945,N20,VIIRS,n,2.0NRT,290.89,4.68,N,VIIRS_NOAA20_NRT,,
21.07835,85.03228,302.35,0.55,0.43,2026-09-20,1945,N20,VIIRS,n,2.0NRT,289.54,4.31,N,VIIRS_NOAA20_NRT,,
21.08161,85.03815,305.5,0.55,0.43,2026-09-20,1945,N20,VIIRS,n,2.0NRT,289.27,1.13,N,VIIRS_NOAA20_NRT,,
21.08189,85.03674,310.77,0.55,0.43,2026-09-20,1945,N20,VIIRS,n,2.0NRT,289.62,4.68,N,VIIRS_NOAA20_NRT,,
21.08228,85.03286,302.53,0.55,0.43,2026-09-20,1945,N20,VIIRS,n,2.0NRT,289.28,1.13,N,VIIRS_NOAA20_NRT,,
21.18114,81.38513,314.44,0.62,0.54,2026-09-20,1945,N20,VIIRS,n,2.0NRT,287.01,2.23,N,VIIRS_NOAA20_NRT,,
21.1861,81.38574,305.08,0.62,0.54,2026-09-20,1945,N20,VIIRS,n,2.0NRT,287.1,2.23,N,VIIRS_NOAA20_NRT,,
21.20059,81.40125,334.12,0.62,0.54,2026-09-20,1945,N20,VIIRS,n,2.0NRT,286.59,4.18,N,VIIRS_NOAA20_NRT,,
21.31235,81.58861,304.07,0.61,0.53,2026-09-20,1945,N20,VIIRS,n,2.0NRT,286.7,1.26,N,VIIRS_NOAA20_NRT,,
21.36642,81.68433,303.11,0.6,0.53,2026-09-20,1945,N20,VIIRS,n,2.0NRT,286.42,1.8,N,VIIRS_NOAA20_NRT,,
21.37653,81.63822,304.87,0.6,0.53,2026-09-20,1945,N20,VIIRS,n,2.0NRT,287.07,1.08,N,VIIRS_NOAA20_NRT,,
21.37683,81.67972,307.87,0.6,0.53,2026-09-20,1945,N20,VIIRS,n,2.0NRT,286.1,2.16,N,VIIRS_NOAA20_NRT,,
21.37888,81.64006,304.58,0.6,0.53,2026-09-20,1945,N20,VIIRS,n,2.0NRT,287.12,1.93,N,VIIRS_NOAA20_NRT,,
21.37949,81.68157,305.79,0.6,0.53,2026-09-20,1945,N20,VIIRS,n,2.0NRT,286.19,1.44,N,VIIRS_NOAA20_NRT,,
21.487,81.76641,305.06,0.59,0.53,2026-09-20,1945,N20,VIIRS,n,2.0NRT,285.66,1.47,N,VIIRS_NOAA20_NRT,,
21.74767,83.84072,310.24,0.44,0.46,2026-09-20,1945,N20,VIIRS,n,2.0NRT,279.18,2.13,N,VIIRS_NOAA20_NRT,,
21.75554,83.84048,300.51,0.44,0.46,2026-09-20,1945,N20,VIIRS,n,2.0NRT,278.5,1.08,N,VIIRS_NOAA20_NRT,,
21.7562,83.84184,306.27,0.44,0.46,2026-09-20,1945,N20,VIIRS,n,2.0NRT,278.88,1.64,N,VIIRS_NOAA20_NRT,,
21.758,83.81921,301.53,0.44,0.46,2026-09-20,1945,N20,VIIRS,n,2.0NRT,279.95,0.58,N,VIIRS_NOAA20_NRT,,
21.7598,83.84106,300.93,0.44,0.46,2026-09-20,1945,N20,VIIRS,n,2.0NRT,278.73,1.08,N,VIIRS_NOAA20_NRT,,
21.76046,83.84241,302.27,0.44,0.46,2026-09-20,1945,N20,VIIRS,n,2.0NRT,278.49,1.18,N,VIIRS_NOAA20_NRT,,
21.76308,83.85017,308.46,0.44,0.46,2026-09-20,1945,N20,VIIRS,n,2.0NRT,278.76,1.23,N,VIIRS_NOAA20_NRT,,
21.76357,83.84593,301.38,0.44,0.46,2026-09-20,1945,N20,VIIRS,n,2.0NRT,278.9,0.74,N,VIIRS_NOAA20_NRT,,
21.76419,83.84727,308.07,0.44,0.46,2026-09-20,1945,N20,VIIRS,n,2.0NRT,278.97,1.18,N,VIIRS_NOAA20_NRT,,
21.87476,83.49566,300.22,0.47,0.47,2026-09-20,1945,N20,VIIRS,n,2.0NRT,279.71,0.64,N,VIIRS_NOAA20_NRT,,
21.87912,83.49628,300.48,0.47,0.47,2026-09-20,1945,N20,VIIRS,n,2.0NRT,279.42,0.64,N,VIIRS_NOAA20_NRT,,
21.88086,83.55597,298.93,0.46,0.47,2026-09-20,1945,N20,VIIRS,n,2.0NRT,276.45,0.45,N,VIIRS_NOAA20_NRT,,
21.91836,83.35081,299.89,0.48,0.48,2026-09-20,1945,N20,VIIRS,n,2.0NRT,278.96,1.61,N,VIIRS_NOAA20_NRT,,
21.91895,83.34888,299.17,0.48,0.48,2026-09-20,1945,N20,VIIRS,n,2.0NRT,278.11,2.48,N,VIIRS_NOAA20_NRT,,
21.92277,83.35143,321.59,0.48,0.48,2026-09-20,1945,N20,VIIRS,n,2.0NRT,280.21,1.61,N,VIIRS_NOAA20_NRT,,
21.92329,83.34681,304.44,0.48,0.48,2026-09-20,1945,N20,VIIRS,n,2.0NRT,278.65,1.61,N,VIIRS_NOAA20_NRT,,
21.92335,83.34949,325.0,0.48,0.48,2026-09-20,1945,N20,VIIRS,n,2.0NRT,279.93,2.48,N,VIIRS_NOAA20_NRT,,
21.98576,83.23212,300.59,0.49,0.48,2026-09-20,1945,N20,VIIRS,n,2.0NRT,271.2,0.23,N,VIIRS_NOAA20_NRT,,
22.00775,82.67078,295.44,0.53,0.5,2026-09-20,1945,N20,VIIRS,n,2.0NRT,269.21,0.83,N,VIIRS_NOAA20_NRT,,
22.01481,83.75535,304.24,0.45,0.47,2026-09-20,1945,N20,VIIRS,n,2.0NRT,277.21,1.5,N,VIIRS_NOAA20_NRT,,
22.01859,83.3367,306.35,0.48,0.48,2026-09-20,1945,N20,VIIRS,n,2.0NRT,285.73,1.12,N,VIIRS_NOAA20_NRT,,
22.03295,83.36681,306.18,0.48,0.48,2026-09-20,1945,N20,VIIRS,n,2.0NRT,288.11,1.88,N,VIIRS_NOAA20_NRT,,
22.03296,83.36491,306.55,0.48,0.48,2026-09-20,1945,N20,VIIRS,n,2.0NRT,287.8,2.49,N,VIIRS_NOAA20_NRT,,
22.03892,83.35176,311.66,0.48,0.48,2026-09-20,1945,N20,VIIRS,n,2.0NRT,285.93,3.06,N,VIIRS_NOAA20_NRT,,
22.039,83.35371,308.07,0.48,0.48,2026-09-20,1945,N20,VIIRS,n,2.0NRT,286.43,2.36,N,VIIRS_NOAA20_NRT,,
22.0394,83.73211,308.34,0.45,0.47,2026-09-20,1945,N20,VIIRS,n,2.0NRT,283.92,2.23,N,VIIRS_NOAA20_NRT,,
22.03955,83.34908,307.96,0.48,0.48,2026-09-20,1945,N20,VIIRS,n,2.0NRT,286.01,1.36,N,VIIRS_NOAA20_NRT,,
22.0646,83.70432,302.81,0.45,0.47,2026-09-20,1945,N20,VIIRS,n,2.0NRT,281.93,1.02,N,VIIRS_NOAA20_NRT,,
22.20257,84.57671,305.3,0.4,0.45,2026-09-20,1945,N20,VIIRS,n,2.0NRT,282.47,1.03,N,VIIRS_NOAA20_NRT,,
22.20756,84.86973,298.08,0.39,0.44,2026-09-20,1945,N20,VIIRS,n,2.0NRT,267.78,0.46,N,VIIRS_NOAA20_NRT,,
22.20896,84.85838,296.83,0.39,0.44,2026-09-20,1945,N20,VIIRS,n,2.0NRT,270.84,0.49,N,VIIRS_NOAA20_NRT,,
22.20932,84.54865,305.55,0.41,0.45,2026-09-20,1945,N20,VIIRS,n,2.0NRT,283.63,0.87,N,VIIRS_NOAA20_NRT,,
22.21011,84.54993,304.41,0.41,0.45,2026-09-20,1945,N20,VIIRS,n,2.0NRT,282.91,0.94,N,VIIRS_NOAA20_NRT,,
22.21532,84.84,303.95,0.39,0.44,2026-09-20,1945,N20,VIIRS,n,2.0NRT,274.52,0.75,N,VIIRS_NOAA20_NRT,,
22.22494,83.48114,303.03,0.47,0.48,2026-09-20,1945,N20,VIIRS,n,2.0NRT,287.08,0.91,N,VIIRS_NOAA20_NRT,,
22.32206,82.56409,302.94,0.54,0.51,2026-09-20,1945,N20,VIIRS,n,2.0NRT,280.71,1.4,N,VIIRS_NOAA20_NRT,,
22.32247,82.58744,305.05,0.54,0.51,2026-09-20,1945,N20,VIIRS,n,2.0NRT,279.32,1.53,N,VIIRS_NOAA20_NRT,,
22.32377,82.59079,309.68,0.54,0.51,2026-09-20,1945,N20,VIIRS,n,2.0NRT,279.57,1.72,N,VIIRS_NOAA20_NRT,,
22.33013,82.60429,303.26,0.54,0.51,2026-09-20,1945,N20,VIIRS,n,2.0NRT,275.78,1.36,N,VIIRS_NOAA20_NRT,,
22.3313,82.60766,303.11,0.54,0.51,2026-09-20,1945,N20,VIIRS,n,2.0NRT,275.35,0.86,N,VIIRS_NOAA20_NRT,,
22.36094,82.30264,305.11,0.56,0.52,2026-09-20,1945,N20,VIIRS,n,2.0NRT,273.75,1.53,N,VIIRS_NOAA20_NRT,,
22.36229,82.29918,300.1,0.56,0.52,2026-09-20,1945,N20,VIIRS,n,2.0NRT,273.33,0.64,N,VIIRS_NOAA20_NRT,,
22.3775,87.28081,300.07,0.44,0.39,2026-09-20,1945,N20,VIIRS,n,2.0NRT,269.91,1.16,N,VIIRS_NOAA20_NRT,,
22.37811,87.27651,305.3,0.44,0.39,2026-09-20,1945,N20,VIIRS,n,2.0NRT,269.51,1.16,N,VIIRS_NOAA20_NRT,,
22.4723,91.73542,305.48,0.4,0.37,2026-09-20,1945,N20,VIIRS,n,2.0NRT,284.1,0.6,N,VIIRS_NOAA20_NRT,,
22.47799,90.70917,298.26,0.39,0.36,2026-09-20,1945,N20,VIIRS,n,2.0NRT,273.29,0.61,N,VIIRS_NOAA20_NRT,,
22.87329,88.21214,305.2,0.42,0.37,2026-09-20,1945,N20,VIIRS,n,2.0NRT,285.01,0.82,N,VIIRS_NOAA20_NRT,,
23.16778,82.3417,303.57,0.57,0.52,2026-09-20,1945,N20,VIIRS,n,2.0NRT,281.75,1.96,N,VIIRS_NOAA20_NRT,,
23.55557,87.24114,305.9,0.46,0.39,2026-09-20,1945,N20,VIIRS,n,2.0NRT,282.76,1.85,N,VIIRS_NOAA20_NRT,,
23.55915,87.24172,304.37,0.46,0.39,2026-09-20,1945,N20,VIIRS,n,2.0NRT,282.47,1.31,N,VIIRS_NOAA20_NRT,,
23.6326,86.2952,302.8,0.51,0.41,2026-09-20,1945,N20,VIIRS,n,2.0NRT,285.99,1.12,N,VIIRS_NOAA20_NRT,,
23.6637,87.16022,302.03,0.46,0.39,2026-09-20,1945,N20,VIIRS,n,2.0NRT,284.58,1.15,N,VIIRS_NOAA20_NRT,,
23.66432,87.15569,305.89,0.46,0.39,2026-09-20,1945,N20,VIIRS,n,2.0NRT,283.67,1.15,N,VIIRS_NOAA20_NRT,,
23.67452,85.3241,301.51,0.57,0.43,2026-09-20,1945,N20,VIIRS,n,2.0NRT,286.89,1.33,N,VIIRS_NOAA20_NRT,,
23.67607,86.40242,307.95,0.5,0.41,2026-09-20,1945,N20,VIIRS,n,2.0NRT,286.42,2.0,N,VIIRS_NOAA20_NRT,,
23.67672,86.39754,318.41,0.5,0.41,2026-09-20,1945,N20,VIIRS,n,2.0NRT,287.09,3.73,N,VIIRS_NOAA20_NRT,,
23.67891,90.39069,299.54,0.38,0.36,2026-09-20,1945,N20,VIIRS,n,2.0NRT,273.9,0.83,N,VIIRS_NOAA20_NRT,,
23.67918,86.08229,300.0,0.52,0.42,2026-09-20,1945,N20,VIIRS,n,2.0NRT,280.64,0.86,N,VIIRS_NOAA20_NRT,,
23.68046,86.39816,312.07,0.5,0.41,2026-09-20,1945,N20,VIIRS,n,2.0NRT,286.7,2.61,N,VIIRS_NOAA20_NRT,,
23.68169,86.09304,310.28,0.52,0.42,2026-09-20,1945,N20,VIIRS,n,2.0NRT,281.5,2.14,N,VIIRS_NOAA20_NRT,,
23.68299,86.08285,301.79,0.52,0.42,2026-09-20,1945,N20,VIIRS,n,2.0NRT,280.63,1.19,N,VIIRS_NOAA20_NRT,,
23.68485,86.39384,322.16,0.5,0.41,2026-09-20,1945,N20,VIIRS,n,2.0NRT,287.43,2.61,N,VIIRS_NOAA20_NRT,,
23.68551,86.38887,305.44,0.5,0.41,2026-09-20,1945,N20,VIIRS,n,2.0NRT,285.69,1.43,N,VIIRS_NOAA20_NRT,,
23.69546,85.28608,306.61,0.38,0.43,2026-09-20,1945,N20,VIIRS,n,2.0NRT,287.52,1.37,N,VIIRS_NOAA20_NRT,,
23.69955,86.07495,301.47,0.52,0.42,2026-09-20,1945,N20,VIIRS,n,2.0NRT,280.56,1.05,N,VIIRS_NOAA20_NRT,,
23.7091,86.44958,305.48,0.5,0.41,2026-09-20,1945,N20,VIIRS,n,2.0NRT,281.45,1.18,N,VIIRS_NOAA20_NRT,,
23.71234,85.28109,302.49,0.38,0.43,2026-09-20,1945,N20,VIIRS,n,2.0NRT,287.92,0.84,N,VIIRS_NOAA20_NRT,,
23.71283,86.45017,313.8,0.5,0.41,2026-09-20,1945,N20,VIIRS,n,2.0NRT,281.98,2.8,N,VIIRS_NOAA20_NRT,,
23.71661,86.42076,303.26,0.5,0.41,2026-09-20,1945,N20,VIIRS,n,2.0NRT,283.49,0.95,N,VIIRS_NOAA20_NRT,,
23.71782,86.44097,307.45,0.5,0.41,2026-09-20,1945,N20,VIIRS,n,2.0NRT,282.07,1.45,N,VIIRS_NOAA20_NRT,,
23.72035,86.42136,308.39,0.5,0.41,2026-09-20,1945,N20,VIIRS,n,2.0NRT,283.53,0.95,N,VIIRS_NOAA20_NRT,,
23.72219,86.43666,303.32,0.5,0.41,2026-09-20,1945,N20,VIIRS,n,2.0NRT,281.92,1.29,N,VIIRS_NOAA20_NRT,,
23.72593,86.43726,302.65,0.5,0.41,2026-09-20,1945,N20,VIIRS,n,2.0NRT,281.91,1.29,N,VIIRS_NOAA20_NRT,,
23.73778,86.43414,324.79,0.5,0.41,2026-09-20,1945,N20,VIIRS,n,2.0NRT,282.42,2.14,N,VIIRS_NOAA20_NRT,,
23.73842,86.42925,306.0,0.5,0.41,2026-09-20,1945,N20,VIIRS,n,2.0NRT,282.61,2.14,N,VIIRS_NOAA20_NRT,,
23.75155,86.41637,322.14,0.5,0.41,2026-09-20,1945,N20,VIIRS,n,2.0NRT,284.13,3.08,N,VIIRS_NOAA20_NRT,,
23.75722,86.40218,310.12,0.5,0.41,2026-09-20,1945,N20,VIIRS,n,2.0NRT,284.72,1.49,N,VIIRS_NOAA20_NRT,,
23.76096,86.40279,309.62,0.5,0.41,2026-09-20,1945,N20,VIIRS,n,2.0NRT,283.92,1.49,N,VIIRS_NOAA20_NRT,,
23.76161,86.39783,312.3,0.5,0.41,2026-09-20,1945,N20,VIIRS,n,2.0NRT,285.1,2.67,N,VIIRS_NOAA20_NRT,,
23.76471,86.40338,328.14,0.5,0.41,2026-09-20,1945,N20,VIIRS,n,2.0NRT,285.78,3.69,N,VIIRS_NOAA20_NRT,,
23.766,86.3935,308.03,0.5,0.41,2026-09-20,1945,N20,VIIRS,n,2.0NRT,287.33,1.88,N,VIIRS_NOAA20_NRT,,
23.76846,86.40396,325.52,0.5,0.41,2026-09-20,1945,N20,VIIRS,n,2.0NRT,286.12,3.69,N,VIIRS_NOAA20_NRT,,
23.76857,86.37383,305.97,0.5,0.41,2026-09-20,1945,N20,VIIRS,n,2.0NRT,286.56,1.87,N,VIIRS_NOAA20_NRT,,
23.7691,86.39902,305.77,0.5,0.41,2026-09-20,1945,N20,VIIRS,n,2.0NRT,286.5,1.88,N,VIIRS_NOAA20_NRT,,
23.77233,86.19633,307.68,0.51,0.41,2026-09-20,1945,N20,VIIRS,n,2.0NRT,282.67,2.35,N,VIIRS_NOAA20_NRT,,
23.77362,86.36451,325.14,0.5,0.41,2026-09-20,1945,N20,VIIRS,n,2.0NRT,286.89,3.42,N,VIIRS_NOAA20_NRT,,
23.77478,86.38489,306.06,0.5,0.41,2026-09-20,1945,N20,VIIRS,n,2.0NRT,286.88,1.81,N,VIIRS_NOAA20_NRT,,
23.77738,86.3651,304.18,0.5,0.41,2026-09-20,1945,N20,VIIRS,n,2.0NRT,286.35,2.28,N,VIIRS_NOAA20_NRT,,
23.77788,86.39042,319.52,0.5,0.41,2026-09-20,1945,N20,VIIRS,n,2.0NRT,287.27,1.81,N,VIIRS_NOAA20_NRT,,
23.77853,86.38549,310.15,0.5,0.41,2026-09-20,1945,N20,VIIRS,n,2.0NRT,286.48,1.81,N,VIIRS_NOAA20_NRT,,
23.78163,86.39102,313.47,0.5,0.41,2026-09-20,1945,N20,VIIRS,n,2.0NRT,286.61,2.38,N,VIIRS_NOAA20_NRT,,
23.80513,86.32904,298.68,0.51,0.41,2026-09-20,1945,N20,VIIRS,n,2.0NRT,278.8,1.54,N,VIIRS_NOAA20_NRT,,
23.83944,85.4709,305.16,0.56,0.43,2026-09-20,1945,N20,VIIRS,n,2.0NRT,288.81,1.42,N,VIIRS_NOAA20_NRT,,
24.20085,82.71344,303.89,0.56,0.51,2026-09-20,1945,N20,VIIRS,n,2.0NRT,286.97,2.45,N,VIIRS_NOAA20_NRT,,
24.20616,82.70859,306.13,0.56,0.51,2026-09-20,1945,N20,VIIRS,n,2.0NRT,287.84,1.75,N,VIIRS_NOAA20_NRT,,
24.20635,82.52219,303.82,0.57,0.52,2026-09-20,1945,N20,VIIRS,n,2.0NRT,288.9,1.2,N,VIIRS_NOAA20_NRT,,
24.91128,91.82921,306.7,0.39,0.36,2026-09-20,1945,N20,VIIRS,n,2.0NRT,292.28,0.43,N,VIIRS_NOAA20_NRT,,
26.64161,79.47361,301.31,0.48,0.64,2026-09-20,1945,N20,VIIRS,n,2.0NRT,284.46,0.99,N,VIIRS_NOAA20_NRT,,
26.64429,79.47345,304.5,0.47,0.64,2026-09-20,1945,N20,VIIRS,n,2.0NRT,286.39,1.09,N,VIIRS_NOAA20_NRT,,
26.76138,83.19637,306.12,0.56,0.51,2026-09-20,1945,N20,VIIRS,n,2.0NRT,288.63,1.41,N,VIIRS_NOAA20_NRT,,
17.14744,78.22325,299.99,0.45,0.63,2026-09-20,1947,N20,VIIRS,n,2.0NRT,284.4,0.79,N,VIIRS_NOAA20_NRT,,
17.14758,78.22117,301.44,0.45,0.63,2026-09-20,1947,N20,VIIRS,n,2.0NRT,284.56,1.0,N,VIIRS_NOAA20_NRT,,
18.54161,83.34273,316.55,0.43,0.46,2026-09-20,1947,N20,VIIRS,n,2.0NRT,289.58,1.75,N,VIIRS_NOAA20_NRT,,
24.66118,74.63342,309.66,0.33,0.55,2026-09-20,2123,N20,VIIRS,n,2.0NRT,291.64,0.9,N,VIIRS_NOAA20_NRT,,
24.66187,74.63026,303.42,0.33,0.55,2026-09-20,2123,N20,VIIRS,n,2.0NRT,290.6,0.9,N,VIIRS_NOAA20_NRT,,
24.68979,73.00032,306.98,0.52,0.5,2026-09-20,2123,N20,VIIRS,n,2.0NRT,292.58,2.05,N,VIIRS_NOAA20_NRT,,
24.69055,73.00314,308.96,0.52,0.5,2026-09-20,2123,N20,VIIRS,n,2.0NRT,293.75,1.73,N,VIIRS_NOAA20_NRT,,
24.69253,74.67904,305.61,0.33,0.55,2026-09-20,2123,N20,VIIRS,n,2.0NRT,290.29,0.86,N,VIIRS_NOAA20_NRT,,
24.81949,73.09024,303.93,0.52,0.5,2026-09-20,2123,N20,VIIRS,n,2.0NRT,292.59,1.31,N,VIIRS_NOAA20_NRT,,
24.93293,74.63299,312.14,0.32,0.55,2026-09-20,2123,N20,VIIRS,n,2.0NRT,291.41,0.89,N,VIIRS_NOAA20_NRT,,
25.38799,68.58089,322.49,0.44,0.38,2026-09-20,2123,N20,VIIRS,n,2.0NRT,295.43,1.46,N,VIIRS_NOAA20_NRT,,
25.94247,72.19097,311.8,0.44,0.46,2026-09-20,2123,N20,VIIRS,n,2.0NRT,296.62,1.25,N,VIIRS_NOAA20_NRT,,
26.26045,74.09645,307.01,0.56,0.52,2026-09-20,2123,N20,VIIRS,n,2.0NRT,295.7,1.4,N,VIIRS_NOAA20_NRT,,
26.62944,72.69261,311.88,0.45,0.47,2026-09-20,2123,N20,VIIRS,n,2.0NRT,294.98,1.15,N,VIIRS_NOAA20_NRT,,
26.63058,72.69504,319.89,0.45,0.47,2026-09-20,2123,N20,VIIRS,n,2.0NRT,295.43,1.65,N,VIIRS_NOAA20_NRT,,
26.63367,72.6937,308.82,0.45,0.47,2026-09-20,2123,N20,VIIRS,n,2.0NRT,295.09,1.15,N,VIIRS_NOAA20_NRT,,
26.8769,73.51711,308.34,0.5,0.49,2026-09-20,2123,N20,VIIRS,n,2.0NRT,295.78,3.05,N,VIIRS_NOAA20_NRT,,
28.42508,69.70034,311.39,0.45,0.39,2026-09-20,2123,N20,VIIRS,n,2.0NRT,297.74,1.09,N,VIIRS_NOAA20_NRT,,
31.26117,76.92439,300.39,0.32,0.55,2026-09-20,2123,N20,VIIRS,n,2.0NRT,288.29,0.56,N,VIIRS_NOAA20_NRT,,
31.7701,70.10849,308.63,0.43,0.38,2026-09-20,2123,N20,VIIRS,n,2.0NRT,294.55,1.37,N,VIIRS_NOAA20_NRT,,
32.29096,70.73861,309.17,0.44,0.39,2026-09-20,2123,N20,VIIRS,n,2.0NRT,296.93,2.82,N,VIIRS_NOAA20_NRT,,
32.88885,71.61877,313.77,0.47,0.4,2026-09-20,2123,N20,VIIRS,n,2.0NRT,296.52,2.71,N,VIIRS_NOAA20_NRT,,
32.89026,71.6165,312.52,0.47,0.4,2026-09-20,2123,N20,VIIRS,n,2.0NRT,296.26,2.72,N,VIIRS_NOAA20_NRT,,
33.24231,71.52038,303.86,0.46,0.39,2026-09-20,2123,N20,VIIRS,n,2.0NRT,293.33,0.46,N,VIIRS_NOAA20_NRT,,
33.29792,71.18826,310.48,0.45,0.39,2026-09-20,2123,N20,VIIRS,n,2.0NRT,294.08,1.64,N,VIIRS_NOAA20_NRT,,
33.29866,71.18613,316.61,0.45,0.39,2026-09-20,2123,N20,VIIRS,n,2.0NRT,293.79,1.88,N,VIIRS_NOAA20_NRT,,
33.54577,71.55003,308.46,0.46,0.39,2026-09-20,2123,N20,VIIRS,n,2.0NRT,294.1,1.27,N,VIIRS_NOAA20_NRT,,
33.80251,72.09717,305.96,0.48,0.4,2026-09-20,2123,N20,VIIRS,n,2.0NRT,295.08,1.1,N,VIIRS_NOAA20_NRT,,
34.23056,71.64503,311.8,0.45,0.39,2026-09-20,2123,N20,VIIRS,n,2.0NRT,293.67,1.36,N,VIIRS_NOAA20_NRT,,
35.43604,73.60377,316.63,0.53,0.42,2026-09-20,2123,N20,VIIRS,n,2.0NRT,284.93,2.98,N,VIIRS_NOAA20_NRT,,
35.97099,68.68607,301.9,0.38,0.36,2026-09-20,2123,N20,VIIRS,n,2.0NRT,291.49,0.74,N,VIIRS_NOAA20_NRT,,
20.86759,70.5662,303.39,0.43,0.46,2026-09-20,2125,N20,VIIRS,n,2.0NRT,290.03,0.82,N,VIIRS_NOAA20_NRT,,
20.91101,71.45655,305.53,0.49,0.49,2026-09-20,2125,N20,VIIRS,n,2.0NRT,291.49,1.2,N,VIIRS_NOAA20_NRT,,
21.10324,72.63805,323.26,0.58,0.52,2026-09-20,2125,N20,VIIRS,n,2.0NRT,293.09,5.12,N,VIIRS_NOAA20_NRT,,
21.10437,72.63262,322.98,0.58,0.52,2026-09-20,2125,N20,VIIRS,n,2.0NRT,292.55,5.12,N,VIIRS_NOAA20_NRT,,
21.10682,72.64461,344.04,0.58,0.52,2026-09-20,2125,N20,VIIRS,n,2.0NRT,293.72,13.41,N,VIIRS_NOAA20_NRT,,
21.11379,72.63484,312.92,0.58,0.52,2026-09-20,2125,N20,VIIRS,n,2.0NRT,293.3,3.08,N,VIIRS_NOAA20_NRT,,
21.24951,79.20467,299.52,0.75,0.77,2026-09-20,2125,N20,VIIRS,n,2.0NRT,274.83,0.83,N,VIIRS_NOAA20_NRT,,
22.26448,75.13186,302.22,0.39,0.6,2026-09-20,2125,N20,VIIRS,n,2.0NRT,280.68,0.54,N,VIIRS_NOAA20_NRT,,
22.34098,69.85423,306.58,0.56,0.43,2026-09-20,2125,N20,VIIRS,n,2.0NRT,292.05,2.93,N,VIIRS_NOAA20_NRT,,
22.93171,69.7038,304.53,0.54,0.42,2026-09-20,2125,N20,VIIRS,n,2.0NRT,284.7,1.15,N,VIIRS_NOAA20_NRT,,
22.93444,69.70137,309.46,0.54,0.42,2026-09-20,2125,N20,VIIRS,n,2.0NRT,283.69,0.92,N,VIIRS_NOAA20_NRT,,
23.31494,70.48695,305.07,0.39,0.44,2026-09-20,2125,N20,VIIRS,n,2.0NRT,291.65,0.91,N,VIIRS_NOAA20_NRT,,
23.4961,68.57761,307.41,0.46,0.39,2026-09-20,2125,N20,VIIRS,n,2.0NRT,295.33,1.52,N,VIIRS_NOAA20_NRT,,
23.49967,68.57837,307.69,0.46,0.39,2026-09-20,2125,N20,VIIRS,n,2.0NRT,295.16,1.52,N,VIIRS_NOAA20_NRT,,
28.34867,77.22992,308.09,0.39,0.59,2026-09-20,2125,N20,VIIRS,n,2.0NRT,292.0,0.6,N,VIIRS_NOAA20_NRT,,
28.37262,77.22483,308.09,0.39,0.59,2026-09-20,2125,N20,VIIRS,n,2.0NRT,291.7,0.67,N,VIIRS_NOAA20_NRT,,
28.37494,77.22557,306.21,0.39,0.59,2026-09-20,2125,N20,VIIRS,n,2.0NRT,291.98,0.39,N,VIIRS_NOAA20_NRT,,
28.85372,77.14367,303.35,0.38,0.58,2026-09-20,2125,N20,VIIRS,n,2.0NRT,292.24,0.52,N,VIIRS_NOAA20_NRT,,
29.43201,69.88608,307.78,0.45,0.39,2026-09-20,2125,N20,VIIRS,n,2.0NRT,294.54,2.01,N,VIIRS_NOAA20_NRT,,
30.44595,70.56657,307.96,0.46,0.39,2026-09-20,2125,N20,VIIRS,n,2.0NRT,295.91,1.86,N,VIIRS_NOAA20_NRT,,
30.44704,70.56906,307.34,0.46,0.39,2026-09-20,2125,N20,VIIRS,n,2.0NRT,295.68,1.58,N,VIIRS_NOAA20_NRT,,
23.67505,86.3981,327.42,0.57,0.52,2026-09-21,659,N20,VIIRS,n,2.0NRT,289.24,6.96,D,VIIRS_NOAA20_NRT,,
25.19009,96.66959,331.98,0.43,0.38,2026-09-21,659,N20,VIIRS,n,2.0NRT,296.48,2.97,D,VIIRS_NOAA20_NRT,,
27.37653,95.3359,340.34,0.4,0.37,2026-09-21,659,N20,VIIRS,n,2.0NRT,295.14,3.14,D,VIIRS_NOAA20_NRT,,
29.5523,90.99751,328.35,0.41,0.37,2026-09-21,659,N20,VIIRS,l,2.0NRT,298.94,6.04,D,VIIRS_NOAA20_NRT,,
29.6341,90.98811,331.64,0.41,0.37,2026-09-21,659,N20,VIIRS,n,2.0NRT,298.14,3.35,D,VIIRS_NOAA20_NRT,,
29.6416,90.96119,333.23,0.41,0.37,2026-09-21,659,N20,VIIRS,n,2.0NRT,301.02,2.92,D,VIIRS_NOAA20_NRT,,
29.6562,91.16256,329.78,0.4,0.37,2026-09-21,659,N20,VIIRS,n,2.0NRT,299.46,2.6,D,VIIRS_NOAA20_NRT,,
29.66133,90.99556,342.53,0.41,0.37,2026-09-21,659,N20,VIIRS,n,2.0NRT,298.49,4.97,D,VIIRS_NOAA20_NRT,,
29.66395,91.09312,339.57,0.4,0.37,2026-09-21,659,N20,VIIRS,n,2.0NRT,300.85,5.99,D,VIIRS_NOAA20_NRT,,
29.68295,91.14432,332.29,0.4,0.37,2026-09-21,659,N20,VIIRS,n,2.0NRT,301.39,1.82,D,VIIRS_NOAA20_NRT,,
29.68685,90.89967,327.21,0.41,0.37,2026-09-21,659,N20,VIIRS,l,2.0NRT,297.7,4.59,D,VIIRS_NOAA20_NRT,,
8.24919,80.6834,337.85,0.6,0.53,2026-09-21,835,N20,VIIRS,n,2.0NRT,293.02,6.83,D,VIIRS_NOAA20_NRT,,
8.35608,81.29126,341.94,0.33,0.55,2026-09-21,835,N20,VIIRS,n,2.0NRT,289.73,3.27,D,VIIRS_NOAA20_NRT,,
8.35649,81.29428,337.61,0.33,0.55,2026-09-21,835,N20,VIIRS,n,2.0NRT,289.9,6.36,D,VIIRS_NOAA20_NRT,,
8.36118,81.2906,331.33,0.33,0.55,2026-09-21,835,N20,VIIRS,n,2.0NRT,289.63,3.27,D,VIIRS_NOAA20_NRT,,
8.69219,80.45532,340.95,0.59,0.53,2026-09-21,835,N20,VIIRS,n,2.0NRT,292.0,8.85,D,VIIRS_NOAA20_NRT,,
8.69292,80.46066,339.34,0.59,0.53,2026-09-21,835,N20,VIIRS,n,2.0NRT,291.68,7.86,D,VIIRS_NOAA20_NRT,,
8.75376,78.03644,343.62,0.41,0.45,2026-09-21,835,N20,VIIRS,n,2.0NRT,298.83,6.37,D,VIIRS_NOAA20_NRT,,
8.87008,78.15746,337.82,0.42,0.45,2026-09-21,835,N20,VIIRS,n,2.0NRT,295.35,2.36,D,VIIRS_NOAA20_NRT,,
8.87311,78.08807,345.56,0.41,0.45,2026-09-21,835,N20,VIIRS,n,2.0NRT,299.9,5.3,D,VIIRS_NOAA20_NRT,,
10.81165,78.77667,331.37,0.49,0.48,2026-09-21,835,N20,VIIRS,n,2.0NRT,293.0,2.39,D,VIIRS_NOAA20_NRT,,
15.33654,76.27684,330.54,0.39,0.44,2026-09-21,835,N20,VIIRS,n,2.0NRT,284.79,2.71,D,VIIRS_NOAA20_NRT,,
16.12881,79.88101,332.3,0.34,0.56,2026-09-21,835,N20,VIIRS,n,2.0NRT,287.49,2.39,D,VIIRS_NOAA20_NRT,,
17.26535,74.54819,331.95,0.49,0.4,2026-09-21,835,N20,VIIRS,n,2.0NRT,296.64,1.66,D,VIIRS_NOAA20_NRT,,
14.17258,79.77721,339.26,0.63,0.54,2026-09-21,837,N20,VIIRS,n,2.0NRT,290.06,5.77,D,VIIRS_NOAA20_NRT,,
18.53189,74.21118,336.39,0.49,0.4,2026-09-21,837,N20,VIIRS,n,2.0NRT,296.32,4.32,D,VIIRS_NOAA20_NRT,,
18.5752,74.20631,333.2,0.49,0.4,2026-09-21,837,N20,VIIRS,n,2.0NRT,295.62,3.94,D,VIIRS_NOAA20_NRT,,
19.36872,71.35416,331.01,0.39,0.36,2026-09-21,837,N20,VIIRS,n,2.0NRT,296.44,6.95,D,VIIRS_NOAA20_NRT,,
21.10139,72.63651,338.31,0.44,0.38,2026-09-21,837,N20,VIIRS,n,2.0NRT,297.41,11.76,D,VIIRS_NOAA20_NRT,,
21.10254,72.64495,331.9,0.44,0.38,2026-09-21,837,N20,VIIRS,n,2.0NRT,296.04,5.61,D,VIIRS_NOAA20_NRT,,
21.10606,72.64441,331.29,0.44,0.38,2026-09-21,837,N20,VIIRS,n,2.0NRT,298.28,5.61,D,VIIRS_NOAA20_NRT,,
21.10663,72.64863,337.23,0.44,0.38,2026-09-21,837,N20,VIIRS,n,2.0NRT,297.72,7.84,D,VIIRS_NOAA20_NRT,,
22.41591,69.03825,334.83,0.39,0.36,2026-09-21,837,N20,VIIRS,n,2.0NRT,300.93,1.84,D,VIIRS_NOAA20_NRT,,
23.05485,75.49236,330.6,0.43,0.46,2026-09-21,837,N20,VIIRS,n,2.0NRT,299.96,3.13,D,VIIRS_NOAA20_NRT,,
23.31939,68.85848,332.03,0.39,0.36,2026-09-21,837,N20,VIIRS,l,2.0NRT,302.98,1.63,D,VIIRS_NOAA20_NRT,,
23.49692,68.57902,330.39,0.39,0.36,2026-09-21,837,N20,VIIRS,l,2.0NRT,304.77,2.09,D,VIIRS_NOAA20_NRT,,
25.01584,68.24071,346.93,0.39,0.36,2026-09-21,839,N20,VIIRS,n,2.0NRT,308.03,6.68,D,VIIRS_NOAA20_NRT,,
25.38877,68.58386,332.64,0.38,0.36,2026-09-21,839,N20,VIIRS,l,2.0NRT,306.05,3.25,D,VIIRS_NOAA20_NRT,,
25.53825,68.73872,342.07,0.38,0.36,2026-09-21,839,N20,VIIRS,n,2.0NRT,306.89,5.15,D,VIIRS_NOAA20_NRT,,
26.09283,68.87831,341.11,0.38,0.36,2026-09-21,839,N20,VIIRS,l,2.0NRT,313.46,4.33,D,VIIRS_NOAA20_NRT,,
26.78736,72.00406,343.41,0.47,0.4,2026-09-21,839,N20,VIIRS,n,2.0NRT,310.75,28.28,D,VIIRS_NOAA20_NRT,,
27.98956,78.0635,343.51,0.36,0.57,2026-09-21,839,N20,VIIRS,n,2.0NRT,292.8,2.88,D,VIIRS_NOAA20_NRT,,
28.05268,69.37067,340.51,0.4,0.37,2026-09-21,839,N20,VIIRS,n,2.0NRT,308.61,4.04,D,VIIRS_NOAA20_NRT,,
28.08778,76.76397,331.16,0.6,0.53,2026-09-21,839,N20,VIIRS,n,2.0NRT,299.65,4.5,D,VIIRS_NOAA20_NRT,,
29.309,70.6216,335.34,0.44,0.38,2026-09-21,839,N20,VIIRS,l,2.0NRT,307.66,3.26,D,VIIRS_NOAA20_NRT,,
29.85072,72.76357,335.83,0.55,0.43,2026-09-21,839,N20,VIIRS,n,2.0NRT,307.22,3.25,D,VIIRS_NOAA20_NRT,,
29.85735,73.49307,338.52,0.4,0.44,2026-09-21,839,N20,VIIRS,l,2.0NRT,309.99,1.54,D,VIIRS_NOAA20_NRT,,
30.61767,76.83537,336.04,0.32,0.55,2026-09-21,839,N20,VIIRS,n,2.0NRT,298.68,1.83,D,VIIRS_NOAA20_NRT,,
30.63943,73.62744,342.94,0.42,0.45,2026-09-21,839,N20,VIIRS,n,2.0NRT,304.34,6.56,D,VIIRS_NOAA20_NRT,,
30.68269,74.2888,334.25,0.46,0.47,2026-09-21,839,N20,VIIRS,n,2.0NRT,298.16,2.03,D,VIIRS_NOAA20_NRT,,
30.96133,74.4906,334.36,0.47,0.48,2026-09-21,839,N20,VIIRS,n,2.0NRT,302.93,3.81,D,VIIRS_NOAA20_NRT,,
30.96164,74.49416,330.2,0.47,0.48,2026-09-21,839,N20,VIIRS,l,2.0NRT,303.02,6.72,D,VIIRS_NOAA20_NRT,,
31.12406,74.65575,337.36,0.49,0.48,2026-09-21,839,N20,VIIRS,n,2.0NRT,297.85,6.04,D,VIIRS_NOAA20_NRT,,
31.61766,72.48067,331.81,0.56,0.43,2026-09-21,839,N20,VIIRS,n,2.0NRT,300.84,3.77,D,VIIRS_NOAA20_NRT,,
31.6198,74.80424,337.8,0.5,0.49,2026-09-21,839,N20,VIIRS,n,2.0NRT,299.07,3.68,D,VIIRS_NOAA20_NRT,,
31.6217,74.80744,341.5,0.5,0.49,2026-09-21,839,N20,VIIRS,n,2.0NRT,298.73,6.74,D,VIIRS_NOAA20_NRT,,
31.86408,74.67642,337.54,0.5,0.49,2026-09-21,839,N20,VIIRS,n,2.0NRT,298.27,4.2,D,VIIRS_NOAA20_NRT,,
31.87112,73.95075,335.6,0.45,0.47,2026-09-21,839,N20,VIIRS,n,2.0NRT,300.17,6.12,D,VIIRS_NOAA20_NRT,,
32.27012,75.37944,341.02,0.55,0.51,2026-09-21,839,N20,VIIRS,n,2.0NRT,296.6,7.02,D,VIIRS_NOAA20_NRT,,
33.49643,70.35924,342.77,0.47,0.4,2026-09-21,841,N20,VIIRS,n,2.0NRT,304.57,3.58,D,VIIRS_NOAA20_NRT,,
33.50005,70.35862,336.33,0.47,0.4,2026-09-21,841,N20,VIIRS,n,2.0NRT,303.65,5.93,D,VIIRS_NOAA20_NRT,,
24.22151,96.82368,327.16,0.4,0.37,2026-09-21,1923,N20,VIIRS,n,2.0NRT,293.59,3.45,N,VIIRS_NOAA20_NRT,,
25.54404,91.23402,310.64,0.52,0.42,2026-09-21,1923,N20,VIIRS,n,2.0NRT,287.54,1.43,N,VIIRS_NOAA20_NRT,,
26.76107,83.19776,304.18,0.55,0.68,2026-09-21,1923,N20,VIIRS,n,2.0NRT,286.79,1.33,N,VIIRS_NOAA20_NRT,,
27.31803,95.26731,310.05,0.39,0.36,2026-09-21,1923,N20,VIIRS,n,2.0NRT,292.2,2.79,N,VIIRS_NOAA20_NRT,,
27.32679,95.27703,311.46,0.39,0.36,2026-09-21,1923,N20,VIIRS,n,2.0NRT,291.97,3.04,N,VIIRS_NOAA20_NRT,,
21.18554,81.38233,303.29,0.63,0.72,2026-09-21,1925,N20,VIIRS,n,2.0NRT,285.72,2.68,N,VIIRS_NOAA20_NRT,,
21.19633,81.41444,333.65,0.63,0.72,2026-09-21,1925,N20,VIIRS,n,2.0NRT,285.64,4.87,N,VIIRS_NOAA20_NRT,,
21.20035,81.41666,318.91,0.63,0.72,2026-09-21,1925,N20,VIIRS,n,2.0NRT,285.6,2.77,N,VIIRS_NOAA20_NRT,,
21.20082,81.41054,307.1,0.63,0.72,2026-09-21,1925,N20,VIIRS,n,2.0NRT,285.62,2.77,N,VIIRS_NOAA20_NRT,,
21.76513,83.84686,297.17,0.45,0.63,2026-09-21,1925,N20,VIIRS,n,2.0NRT,267.34,0.49,N,VIIRS_NOAA20_NRT,,
21.92085,83.35049,305.05,0.48,0.65,2026-09-21,1925,N20,VIIRS,n,2.0NRT,276.69,2.04,N,VIIRS_NOAA20_NRT,,
21.92126,83.34576,302.56,0.48,0.65,2026-09-21,1925,N20,VIIRS,n,2.0NRT,275.16,1.88,N,VIIRS_NOAA20_NRT,,
21.92808,83.33693,297.23,0.48,0.65,2026-09-21,1925,N20,VIIRS,n,2.0NRT,269.26,0.71,N,VIIRS_NOAA20_NRT,,
21.95664,83.80552,303.49,0.45,0.63,2026-09-21,1925,N20,VIIRS,n,2.0NRT,285.15,1.19,N,VIIRS_NOAA20_NRT,,
21.98777,83.23145,298.24,0.49,0.65,2026-09-21,1925,N20,VIIRS,n,2.0NRT,273.64,0.99,N,VIIRS_NOAA20_NRT,,
22.00417,82.66705,306.21,0.53,0.67,2026-09-21,1925,N20,VIIRS,n,2.0NRT,281.18,1.49,N,VIIRS_NOAA20_NRT,,
22.01427,83.75391,302.69,0.46,0.63,2026-09-21,1925,N20,VIIRS,n,2.0NRT,285.81,0.72,N,VIIRS_NOAA20_NRT,,
22.03123,83.3621,305.5,0.48,0.65,2026-09-21,1925,N20,VIIRS,n,2.0NRT,282.44,2.55,N,VIIRS_NOAA20_NRT,,
22.03253,83.7412,302.28,0.46,0.63,2026-09-21,1925,N20,VIIRS,n,2.0NRT,285.27,1.59,N,VIIRS_NOAA20_NRT,,
22.03302,83.74253,304.56,0.46,0.63,2026-09-21,1925,N20,VIIRS,n,2.0NRT,285.77,1.71,N,VIIRS_NOAA20_NRT,,
22.03843,83.34879,308.43,0.48,0.65,2026-09-21,1925,N20,VIIRS,n,2.0NRT,280.87,2.64,N,VIIRS_NOAA20_NRT,,
22.03915,83.73281,305.33,0.46,0.63,2026-09-21,1925,N20,VIIRS,n,2.0NRT,285.74,0.79,N,VIIRS_NOAA20_NRT,,
22.03953,83.72834,303.28,0.46,0.63,2026-09-21,1925,N20,VIIRS,n,2.0NRT,285.82,0.79,N,VIIRS_NOAA20_NRT,,
22.03969,83.73418,304.02,0.46,0.63,2026-09-21,1925,N20,VIIRS,n,2.0NRT,285.88,1.04,N,VIIRS_NOAA20_NRT,,
22.04011,83.72971,306.5,0.46,0.63,2026-09-21,1925,N20,VIIRS,n,2.0NRT,285.31,1.04,N,VIIRS_NOAA20_NRT,,
22.06528,83.70401,306.74,0.46,0.63,2026-09-21,1925,N20,VIIRS,n,2.0NRT,285.45,0.79,N,VIIRS_NOAA20_NRT,,
23.48737,87.36256,313.36,0.55,0.51,2026-09-21,1925,N20,VIIRS,n,2.0NRT,288.32,4.3,N,VIIRS_NOAA20_NRT,,
23.48857,87.36375,305.55,0.55,0.51,2026-09-21,1925,N20,VIIRS,n,2.0NRT,288.43,2.95,N,VIIRS_NOAA20_NRT,,
23.60892,85.67416,303.66,0.36,0.57,2026-09-21,1925,N20,VIIRS,n,2.0NRT,286.26,0.73,N,VIIRS_NOAA20_NRT,,
23.63469,86.29431,302.2,0.33,0.55,2026-09-21,1925,N20,VIIRS,n,2.0NRT,279.0,0.63,N,VIIRS_NOAA20_NRT,,
23.66593,84.99664,308.09,0.4,0.6,2026-09-21,1925,N20,VIIRS,n,2.0NRT,287.4,1.37,N,VIIRS_NOAA20_NRT,,
23.66987,86.09123,306.82,0.34,0.56,2026-09-21,1925,N20,VIIRS,n,2.0NRT,284.06,0.79,N,VIIRS_NOAA20_NRT,,
23.67179,84.99335,303.06,0.4,0.6,2026-09-21,1925,N20,VIIRS,n,2.0NRT,287.3,1.08,N,VIIRS_NOAA20_NRT,,
23.67439,85.32388,302.05,0.38,0.58,2026-09-21,1925,N20,VIIRS,n,2.0NRT,285.65,0.73,N,VIIRS_NOAA20_NRT,,
23.67919,86.10237,306.71,0.34,0.56,2026-09-21,1925,N20,VIIRS,n,2.0NRT,283.85,1.76,N,VIIRS_NOAA20_NRT,,
23.67984,86.09573,312.27,0.34,0.56,2026-09-21,1925,N20,VIIRS,n,2.0NRT,284.05,1.27,N,VIIRS_NOAA20_NRT,,
23.68016,86.09242,309.08,0.34,0.56,2026-09-21,1925,N20,VIIRS,n,2.0NRT,284.09,1.27,N,VIIRS_NOAA20_NRT,,
23.68048,86.08911,303.7,0.34,0.56,2026-09-21,1925,N20,VIIRS,n,2.0NRT,284.36,1.22,N,VIIRS_NOAA20_NRT,,
23.6808,86.08578,303.65,0.34,0.56,2026-09-21,1925,N20,VIIRS,n,2.0NRT,284.5,1.22,N,VIIRS_NOAA20_NRT,,
23.68113,86.08246,312.48,0.34,0.56,2026-09-21,1925,N20,VIIRS,n,2.0NRT,284.62,1.89,N,VIIRS_NOAA20_NRT,,
23.68618,86.3941,307.12,0.32,0.55,2026-09-21,1925,N20,VIIRS,n,2.0NRT,283.75,0.96,N,VIIRS_NOAA20_NRT,,
23.68652,86.39082,312.64,0.32,0.55,2026-09-21,1925,N20,VIIRS,n,2.0NRT,283.85,1.47,N,VIIRS_NOAA20_NRT,,
23.69622,85.28735,308.64,0.38,0.59,2026-09-21,1925,N20,VIIRS,n,2.0NRT,286.75,1.12,N,VIIRS_NOAA20_NRT,,
23.69954,85.28898,304.4,0.38,0.59,2026-09-21,1925,N20,VIIRS,n,2.0NRT,286.76,0.94,N,VIIRS_NOAA20_NRT,,
23.71337,86.42272,310.17,0.32,0.55,2026-09-21,1925,N20,VIIRS,n,2.0NRT,289.2,1.77,N,VIIRS_NOAA20_NRT,,
23.71563,86.45193,310.37,0.32,0.55,2026-09-21,1925,N20,VIIRS,n,2.0NRT,288.98,0.94,N,VIIRS_NOAA20_NRT,,
23.71594,86.44875,305.93,0.32,0.55,2026-09-21,1925,N20,VIIRS,n,2.0NRT,289.0,0.94,N,VIIRS_NOAA20_NRT,,
23.71655,86.44241,307.72,0.32,0.55,2026-09-21,1925,N20,VIIRS,n,2.0NRT,289.0,2.15,N,VIIRS_NOAA20_NRT,,
23.71871,86.42021,320.8,0.32,0.55,2026-09-21,1925,N20,VIIRS,n,2.0NRT,289.21,2.43,N,VIIRS_NOAA20_NRT,,
23.72189,86.4399,307.11,0.32,0.55,2026-09-21,1925,N20,VIIRS,n,2.0NRT,289.03,0.98,N,VIIRS_NOAA20_NRT,,
23.7222,86.43671,306.37,0.32,0.55,2026-09-21,1925,N20,VIIRS,n,2.0NRT,289.17,0.98,N,VIIRS_NOAA20_NRT,,
23.72723,86.43736,305.92,0.32,0.55,2026-09-21,1925,N20,VIIRS,n,2.0NRT,288.85,1.71,N,VIIRS_NOAA20_NRT,,
23.7379,86.43235,333.95,0.32,0.55,2026-09-21,1925,N20,VIIRS,n,2.0NRT,289.38,3.48,N,VIIRS_NOAA20_NRT,,
23.73821,86.4292,310.29,0.32,0.55,2026-09-21,1925,N20,VIIRS,n,2.0NRT,288.75,2.17,N,VIIRS_NOAA20_NRT,,
23.74952,86.41791,306.01,0.32,0.55,2026-09-21,1925,N20,VIIRS,n,2.0NRT,288.87,1.18,N,VIIRS_NOAA20_NRT,,
23.74983,86.41476,306.37,0.32,0.55,2026-09-21,1925,N20,VIIRS,n,2.0NRT,288.58,1.18,N,VIIRS_NOAA20_NRT,,
23.75487,86.41542,323.06,0.32,0.55,2026-09-21,1925,N20,VIIRS,n,2.0NRT,288.8,1.18,N,VIIRS_NOAA20_NRT,,
23.7562,85.8521,313.66,0.35,0.57,2026-09-21,1925,N20,VIIRS,n,2.0NRT,288.08,1.46,N,VIIRS_NOAA20_NRT,,
23.75678,86.39617,306.41,0.32,0.55,2026-09-21,1925,N20,VIIRS,n,2.0NRT,289.39,1.32,N,VIIRS_NOAA20_NRT,,
23.75694,85.85099,312.16,0.35,0.57,2026-09-21,1925,N20,VIIRS,n,2.0NRT,287.34,1.46,N,VIIRS_NOAA20_NRT,,
23.76041,85.86296,304.36,0.35,0.57,2026-09-21,1925,N20,VIIRS,n,2.0NRT,286.46,1.3,N,VIIRS_NOAA20_NRT,,
23.76075,85.85957,310.48,0.35,0.57,2026-09-21,1925,N20,VIIRS,n,2.0NRT,286.77,0.87,N,VIIRS_NOAA20_NRT,,
23.76108,85.85617,304.71,0.35,0.57,2026-09-21,1925,N20,VIIRS,n,2.0NRT,286.92,0.87,N,VIIRS_NOAA20_NRT,,
23.76118,86.40331,313.49,0.32,0.55,2026-09-21,1925,N20,VIIRS,n,2.0NRT,289.26,2.74,N,VIIRS_NOAA20_NRT,,
23.76122,85.86187,313.02,0.35,0.57,2026-09-21,1925,N20,VIIRS,n,2.0NRT,286.9,1.46,N,VIIRS_NOAA20_NRT,,
23.7615,86.40008,314.51,0.32,0.55,2026-09-21,1925,N20,VIIRS,n,2.0NRT,289.59,2.37,N,VIIRS_NOAA20_NRT,,
23.76622,86.40395,337.5,0.32,0.55,2026-09-21,1925,N20,VIIRS,n,2.0NRT,290.46,2.74,N,VIIRS_NOAA20_NRT,,
23.76654,86.40072,314.57,0.32,0.55,2026-09-21,1925,N20,VIIRS,n,2.0NRT,289.4,2.37,N,VIIRS_NOAA20_NRT,,
23.76749,86.39116,307.29,0.32,0.55,2026-09-21,1925,N20,VIIRS,n,2.0NRT,289.92,2.27,N,VIIRS_NOAA20_NRT,,
23.77126,86.40455,305.15,0.32,0.55,2026-09-21,1925,N20,VIIRS,n,2.0NRT,288.94,1.31,N,VIIRS_NOAA20_NRT,,
23.77158,86.40134,310.08,0.32,0.55,2026-09-21,1925,N20,VIIRS,n,2.0NRT,289.25,1.44,N,VIIRS_NOAA20_NRT,,
23.77475,85.99794,305.08,0.34,0.56,2026-09-21,1925,N20,VIIRS,n,2.0NRT,285.43,0.53,N,VIIRS_NOAA20_NRT,,
23.77507,85.99459,303.35,0.34,0.56,2026-09-21,1925,N20,VIIRS,n,2.0NRT,285.77,0.53,N,VIIRS_NOAA20_NRT,,
23.77509,86.3663,312.23,0.32,0.55,2026-09-21,1925,N20,VIIRS,n,2.0NRT,289.22,2.34,N,VIIRS_NOAA20_NRT,,
23.77541,86.36308,326.63,0.32,0.55,2026-09-21,1925,N20,VIIRS,n,2.0NRT,289.25,2.98,N,VIIRS_NOAA20_NRT,,
23.77789,86.3894,321.49,0.32,0.55,2026-09-21,1925,N20,VIIRS,n,2.0NRT,289.77,2.29,N,VIIRS_NOAA20_NRT,,
23.77821,86.38622,322.75,0.32,0.55,2026-09-21,1925,N20,VIIRS,n,2.0NRT,289.5,2.29,N,VIIRS_NOAA20_NRT,,
23.78026,86.21015,310.71,0.33,0.55,2026-09-21,1925,N20,VIIRS,n,2.0NRT,287.44,1.46,N,VIIRS_NOAA20_NRT,,
23.78058,86.20688,311.99,0.33,0.55,2026-09-21,1925,N20,VIIRS,n,2.0NRT,287.09,1.08,N,VIIRS_NOAA20_NRT,,
23.78091,86.20359,305.06,0.33,0.55,2026-09-21,1925,N20,VIIRS,n,2.0NRT,287.2,1.08,N,VIIRS_NOAA20_NRT,,
23.78125,86.14713,301.72,0.33,0.56,2026-09-21,1925,N20,VIIRS,n,2.0NRT,283.6,0.35,N,VIIRS_NOAA20_NRT,,
23.78293,86.39007,318.06,0.32,0.55,2026-09-21,1925,N20,VIIRS,n,2.0NRT,289.57,1.06,N,VIIRS_NOAA20_NRT,,
23.78325,86.3869,305.28,0.32,0.55,2026-09-21,1925,N20,VIIRS,n,2.0NRT,288.94,1.06,N,VIIRS_NOAA20_NRT,,
23.79693,86.35282,311.24,0.32,0.55,2026-09-21,1925,N20,VIIRS,n,2.0NRT,289.16,1.37,N,VIIRS_NOAA20_NRT,,
23.79725,86.34958,333.26,0.32,0.55,2026-09-21,1925,N20,VIIRS,n,2.0NRT,289.65,1.37,N,VIIRS_NOAA20_NRT,,
23.80231,86.35027,307.72,0.32,0.55,2026-09-21,1925,N20,VIIRS,n,2.0NRT,289.17,1.37,N,VIIRS_NOAA20_NRT,,
23.80425,86.33111,315.86,0.33,0.55,2026-09-21,1925,N20,VIIRS,n,2.0NRT,289.64,2.15,N,VIIRS_NOAA20_NRT,,
23.80458,86.32787,321.69,0.33,0.55,2026-09-21,1925,N20,VIIRS,n,2.0NRT,289.38,4.02,N,VIIRS_NOAA20_NRT,,
23.80524,86.32131,325.54,0.33,0.55,2026-09-21,1925,N20,VIIRS,n,2.0NRT,288.76,2.77,N,VIIRS_NOAA20_NRT,,
23.8247,85.4623,302.78,0.37,0.58,2026-09-21,1925,N20,VIIRS,n,2.0NRT,288.04,0.51,N,VIIRS_NOAA20_NRT,,
23.82629,84.57082,307.89,0.42,0.61,2026-09-21,1925,N20,VIIRS,n,2.0NRT,286.88,1.8,N,VIIRS_NOAA20_NRT,,
23.82723,84.93855,303.67,0.4,0.6,2026-09-21,1925,N20,VIIRS,n,2.0NRT,287.46,1.08,N,VIIRS_NOAA20_NRT,,
23.84043,85.4679,305.31,0.37,0.58,2026-09-21,1925,N20,VIIRS,n,2.0NRT,288.68,1.17,N,VIIRS_NOAA20_NRT,,
23.84303,84.94594,306.59,0.4,0.6,2026-09-21,1925,N20,VIIRS,n,2.0NRT,287.36,0.9,N,VIIRS_NOAA20_NRT,,
24.11657,86.85859,313.92,0.61,0.53,2026-09-21,1925,N20,VIIRS,n,2.0NRT,289.38,2.62,N,VIIRS_NOAA20_NRT,,
24.12167,86.34879,304.97,0.33,0.55,2026-09-21,1925,N20,VIIRS,n,2.0NRT,288.24,0.74,N,VIIRS_NOAA20_NRT,,
28.3468,77.2799,305.5,0.41,0.45,2026-09-21,2104,N20,VIIRS,n,2.0NRT,295.3,1.06,N,VIIRS_NOAA20_NRT,,
28.34697,77.2583,305.14,0.41,0.45,2026-09-21,2104,N20,VIIRS,n,2.0NRT,294.78,0.62,N,VIIRS_NOAA20_NRT,,
28.34797,77.23263,305.08,0.41,0.45,2026-09-21,2104,N20,VIIRS,n,2.0NRT,294.65,0.71,N,VIIRS_NOAA20_NRT,,
28.37472,77.22655,318.41,0.41,0.45,2026-09-21,2104,N20,VIIRS,n,2.0NRT,294.4,1.57,N,VIIRS_NOAA20_NRT,,
28.64898,77.56065,303.9,0.42,0.45,2026-09-21,2104,N20,VIIRS,n,2.0NRT,293.18,0.41,N,VIIRS_NOAA20_NRT,,
28.65606,77.58929,304.25,0.42,0.45,2026-09-21,2104,N20,VIIRS,n,2.0NRT,293.6,0.45,N,VIIRS_NOAA20_NRT,,
28.67351,77.56715,306.04,0.42,0.45,2026-09-21,2104,N20,VIIRS,n,2.0NRT,293.57,0.83,N,VIIRS_NOAA20_NRT,,
28.83649,77.13825,315.63,0.4,0.44,2026-09-21,2104,N20,VIIRS,n,2.0NRT,293.9,1.35,N,VIIRS_NOAA20_NRT,,
28.88255,77.03365,305.65,0.39,0.44,2026-09-21,2104,N20,VIIRS,n,2.0NRT,293.8,0.7,N,VIIRS_NOAA20_NRT,,
30.16984,70.9278,312.65,0.39,0.36,2026-09-21,2104,N20,VIIRS,n,2.0NRT,296.02,1.54,N,VIIRS_NOAA20_NRT,,
31.24974,76.92843,302.18,0.53,0.42,2026-09-21,2104,N20,VIIRS,n,2.0NRT,290.02,0.61,N,VIIRS_NOAA20_NRT,,
31.25829,76.92533,302.13,0.53,0.42,2026-09-21,2104,N20,VIIRS,n,2.0NRT,290.49,1.2,N,VIIRS_NOAA20_NRT,,
31.76981,70.10918,306.62,0.41,0.37,2026-09-21,2104,N20,VIIRS,n,2.0NRT,295.86,1.3,N,VIIRS_NOAA20_NRT,,
32.29099,70.73847,309.76,0.4,0.37,2026-09-21,2104,N20,VIIRS,n,2.0NRT,297.63,1.99,N,VIIRS_NOAA20_NRT,,
32.57619,72.56449,308.47,0.38,0.36,2026-09-21,2104,N20,VIIRS,n,2.0NRT,297.72,1.42,N,VIIRS_NOAA20_NRT,,
32.57684,72.56044,316.02,0.38,0.36,2026-09-21,2104,N20,VIIRS,n,2.0NRT,297.8,1.42,N,VIIRS_NOAA20_NRT,,
32.71949,72.77539,310.58,0.38,0.36,2026-09-21,2104,N20,VIIRS,n,2.0NRT,294.84,1.02,N,VIIRS_NOAA20_NRT,,
32.89037,71.61703,318.49,0.39,0.36,2026-09-21,2104,N20,VIIRS,n,2.0NRT,297.59,2.35,N,VIIRS_NOAA20_NRT,,
33.29814,71.18507,313.97,0.39,0.37,2026-09-21,2104,N20,VIIRS,n,2.0NRT,295.39,1.67,N,VIIRS_NOAA20_NRT,,
33.54606,71.55159,313.19,0.39,0.36,2026-09-21,2104,N20,VIIRS,n,2.0NRT,295.95,1.03,N,VIIRS_NOAA20_NRT,,
33.69063,72.71301,308.67,0.38,0.36,2026-09-21,2104,N20,VIIRS,n,2.0NRT,294.93,0.98,N,VIIRS_NOAA20_NRT,,
35.9683,68.68382,306.61,0.5,0.41,2026-09-21,2104,N20,VIIRS,n,2.0NRT,292.41,1.52,N,VIIRS_NOAA20_NRT,,
20.70655,78.62124,320.73,0.35,0.57,2026-09-21,2106,N20,VIIRS,n,2.0NRT,284.87,1.62,N,VIIRS_NOAA20_NRT,,
21.24798,79.22184,298.87,0.38,0.58,2026-09-21,2106,N20,VIIRS,n,2.0NRT,278.8,0.47,N,VIIRS_NOAA20_NRT,,
21.25109,79.20773,312.8,0.37,0.58,2026-09-21,2106,N20,VIIRS,n,2.0NRT,283.13,1.27,N,VIIRS_NOAA20_NRT,,
21.43414,81.45409,295.71,0.52,0.67,2026-09-21,2106,N20,VIIRS,n,2.0NRT,285.51,1.68,N,VIIRS_NOAA20_NRT,,
21.43612,81.45298,296.76,0.52,0.66,2026-09-21,2106,N20,VIIRS,n,2.0NRT,285.67,4.06,N,VIIRS_NOAA20_NRT,,
21.80349,82.03969,308.65,0.55,0.68,2026-09-21,2106,N20,VIIRS,n,2.0NRT,284.23,1.7,N,VIIRS_NOAA20_NRT,,
22.00515,82.67095,304.18,0.6,0.7,2026-09-21,2106,N20,VIIRS,n,2.0NRT,278.92,2.23,N,VIIRS_NOAA20_NRT,,
22.15615,82.09446,302.99,0.55,0.68,2026-09-21,2106,N20,VIIRS,n,2.0NRT,285.24,0.66,N,VIIRS_NOAA20_NRT,,
22.15702,82.09418,303.05,0.55,0.68,2026-09-21,2106,N20,VIIRS,n,2.0NRT,284.68,0.71,N,VIIRS_NOAA20_NRT,,
22.26583,75.13088,304.65,0.4,0.44,2026-09-21,2106,N20,VIIRS,n,2.0NRT,292.79,2.74,N,VIIRS_NOAA20_NRT,,
22.31189,69.71835,314.59,0.38,0.36,2026-09-21,2106,N20,VIIRS,n,2.0NRT,291.74,1.78,N,VIIRS_NOAA20_NRT,,
22.31516,82.52596,302.0,0.58,0.69,2026-09-21,2106,N20,VIIRS,n,2.0NRT,282.1,1.74,N,VIIRS_NOAA20_NRT,,
22.33082,69.74847,304.98,0.38,0.36,2026-09-21,2106,N20,VIIRS,n,2.0NRT,290.86,1.63,N,VIIRS_NOAA20_NRT,,
22.41488,69.03958,315.1,0.39,0.36,2026-09-21,2106,N20,VIIRS,n,2.0NRT,293.56,1.83,N,VIIRS_NOAA20_NRT,,
22.41818,69.04017,325.62,0.39,0.36,2026-09-21,2106,N20,VIIRS,n,2.0NRT,293.49,2.63,N,VIIRS_NOAA20_NRT,,
22.42991,69.83396,306.11,0.38,0.36,2026-09-21,2106,N20,VIIRS,n,2.0NRT,289.6,1.21,N,VIIRS_NOAA20_NRT,,
22.65495,70.98211,308.66,0.4,0.37,2026-09-21,2106,N20,VIIRS,n,2.0NRT,293.2,1.46,N,VIIRS_NOAA20_NRT,,
22.93129,69.69586,308.78,0.38,0.36,2026-09-21,2106,N20,VIIRS,n,2.0NRT,296.11,0.62,N,VIIRS_NOAA20_NRT,,
22.93341,69.7039,310.9,0.38,0.36,2026-09-21,2106,N20,VIIRS,n,2.0NRT,296.27,1.16,N,VIIRS_NOAA20_NRT,,
22.93399,69.70019,313.54,0.38,0.36,2026-09-21,2106,N20,VIIRS,n,2.0NRT,296.29,1.16,N,VIIRS_NOAA20_NRT,,
22.93458,69.69647,335.79,0.38,0.36,2026-09-21,2106,N20,VIIRS,n,2.0NRT,296.31,3.6,N,VIIRS_NOAA20_NRT,,
22.97935,72.56383,306.35,0.44,0.38,2026-09-21,2106,N20,VIIRS,n,2.0NRT,293.77,0.84,N,VIIRS_NOAA20_NRT,,
23.0578,69.99329,306.65,0.38,0.36,2026-09-21,2106,N20,VIIRS,n,2.0NRT,294.97,0.16,N,VIIRS_NOAA20_NRT,,
23.16578,82.33973,312.99,0.54,0.68,2026-09-21,2106,N20,VIIRS,n,2.0NRT,275.97,3.2,N,VIIRS_NOAA20_NRT,,
23.16705,82.33451,304.59,0.54,0.68,2026-09-21,2106,N20,VIIRS,n,2.0NRT,276.82,2.77,N,VIIRS_NOAA20_NRT,,
23.26708,70.25806,309.99,0.39,0.36,2026-09-21,2106,N20,VIIRS,n,2.0NRT,296.77,0.77,N,VIIRS_NOAA20_NRT,,
23.30656,70.47691,308.87,0.39,0.36,2026-09-21,2106,N20,VIIRS,n,2.0NRT,297.31,0.62,N,VIIRS_NOAA20_NRT,,
23.31524,70.48627,311.4,0.39,0.36,2026-09-21,2106,N20,VIIRS,n,2.0NRT,297.14,0.97,N,VIIRS_NOAA20_NRT,,
23.40797,72.41836,306.31,0.43,0.38,2026-09-21,2106,N20,VIIRS,n,2.0NRT,293.89,0.4,N,VIIRS_NOAA20_NRT,,
24.05352,80.61334,302.98,0.4,0.6,2026-09-21,2106,N20,VIIRS,n,2.0NRT,287.06,0.68,N,VIIRS_NOAA20_NRT,,
24.16731,80.69353,301.4,0.4,0.6,2026-09-21,2106,N20,VIIRS,n,2.0NRT,286.78,0.43,N,VIIRS_NOAA20_NRT,,
24.1955,82.71491,296.58,0.54,0.68,2026-09-21,2106,N20,VIIRS,n,2.0NRT,277.51,1.52,N,VIIRS_NOAA20_NRT,,
24.19624,82.71214,296.82,0.54,0.68,2026-09-21,2106,N20,VIIRS,n,2.0NRT,276.8,0.68,N,VIIRS_NOAA20_NRT,,
24.20258,82.71246,295.76,0.54,0.68,2026-09-21,2106,N20,VIIRS,n,2.0NRT,276.84,1.16,N,VIIRS_NOAA20_NRT,,
24.68986,73.00354,312.84,0.44,0.38,2026-09-21,2106,N20,VIIRS,n,2.0NRT,296.47,1.81,N,VIIRS_NOAA20_NRT,,
24.81981,73.09165,309.3,0.44,0.38,2026-09-21,2106,N20,VIIRS,n,2.0NRT,297.0,1.17,N,VIIRS_NOAA20_NRT,,
24.82328,73.09241,308.59,0.44,0.38,2026-09-21,2106,N20,VIIRS,n,2.0NRT,297.89,1.19,N,VIIRS_NOAA20_NRT,,
24.93276,74.63294,309.21,0.51,0.41,2026-09-21,2106,N20,VIIRS,n,2.0NRT,295.73,1.52,N,VIIRS_NOAA20_NRT,,
25.389,68.58334,324.86,0.4,0.37,2026-09-21,2106,N20,VIIRS,n,2.0NRT,297.89,2.29,N,VIIRS_NOAA20_NRT,,
26.09525,68.87827,315.56,0.4,0.37,2026-09-21,2106,N20,VIIRS,n,2.0NRT,299.72,1.13,N,VIIRS_NOAA20_NRT,,
26.25848,74.09664,310.76,0.46,0.39,2026-09-21,2106,N20,VIIRS,n,2.0NRT,297.91,1.37,N,VIIRS_NOAA20_NRT,,
26.70294,77.84972,307.33,0.48,0.48,2026-09-21,2106,N20,VIIRS,n,2.0NRT,293.23,1.09,N,VIIRS_NOAA20_NRT,,
26.87334,73.51772,309.03,0.43,0.38,2026-09-21,2106,N20,VIIRS,n,2.0NRT,296.88,1.53,N,VIIRS_NOAA20_NRT,,
26.87756,73.51419,311.53,0.43,0.38,2026-09-21,2106,N20,VIIRS,n,2.0NRT,296.74,2.54,N,VIIRS_NOAA20_NRT,,
26.92882,73.4678,308.43,0.43,0.38,2026-09-21,2106,N20,VIIRS,n,2.0NRT,296.88,1.95,N,VIIRS_NOAA20_NRT,,
27.082,73.81743,309.84,0.44,0.38,2026-09-21,2106,N20,VIIRS,n,2.0NRT,299.18,1.59,N,VIIRS_NOAA20_NRT,,
28.05446,69.36945,310.29,0.4,0.37,2026-09-21,2106,N20,VIIRS,n,2.0NRT,299.27,0.67,N,VIIRS_NOAA20_NRT,,
28.42489,69.70122,312.06,0.4,0.37,2026-09-21,2106,N20,VIIRS,n,2.0NRT,298.96,1.17,N,VIIRS_NOAA20_NRT,,
15.66,73.98991,311.53,0.44,0.46,2026-09-21,2108,N20,VIIRS,n,2.0NRT,287.33,1.52,N,VIIRS_NOAA20_NRT,,
18.58697,71.03342,311.46,0.42,0.38,2026-09-21,2108,N20,VIIRS,n,2.0NRT,286.98,1.88,N,VIIRS_NOAA20_NRT,,
18.68243,73.04094,300.89,0.52,0.42,2026-09-21,2108,N20,VIIRS,n,2.0NRT,282.47,1.68,N,VIIRS_NOAA20_NRT,,
18.68331,73.03606,309.33,0.52,0.42,2026-09-21,2108,N20,VIIRS,n,2.0NRT,283.5,1.43,N,VIIRS_NOAA20_NRT,,
18.68419,73.03121,302.18,0.52,0.42,2026-09-21,2108,N20,VIIRS,n,2.0NRT,282.63,1.43,N,VIIRS_NOAA20_NRT,,
18.68796,73.03196,302.9,0.52,0.42,2026-09-21,2108,N20,VIIRS,n,2.0NRT,283.35,1.7,N,VIIRS_NOAA20_NRT,,
19.37243,71.3558,328.36,0.43,0.38,2026-09-21,2108,N20,VIIRS,n,2.0NRT,293.55,2.63,N,VIIRS_NOAA20_NRT,,
19.37312,71.35178,313.35,0.43,0.38,2026-09-21,2108,N20,VIIRS,n,2.0NRT,292.89,2.63,N,VIIRS_NOAA20_NRT,,
19.41666,71.38923,309.7,0.43,0.38,2026-09-21,2108,N20,VIIRS,n,2.0NRT,292.47,0.6,N,VIIRS_NOAA20_NRT,,
19.53002,71.30115,311.16,0.42,0.38,2026-09-21,2108,N20,VIIRS,n,2.0NRT,292.72,0.95,N,VIIRS_NOAA20_NRT,,
19.57177,71.36225,321.74,0.43,0.38,2026-09-21,2108,N20,VIIRS,n,2.0NRT,292.57,1.99,N,VIIRS_NOAA20_NRT,,
19.78572,79.14767,302.44,0.4,0.6,2026-09-21,2108,N20,VIIRS,n,2.0NRT,282.16,0.61,N,VIIRS_NOAA20_NRT,,
19.9305,79.12119,295.19,0.39,0.6,2026-09-21,2108,N20,VIIRS,n,2.0NRT,271.14,0.63,N,VIIRS_NOAA20_NRT,,
19.93583,73.71186,310.14,0.54,0.42,2026-09-21,2108,N20,VIIRS,n,2.0NRT,287.98,2.14,N,VIIRS_NOAA20_NRT,,
20.35523,72.95116,313.28,0.49,0.4,2026-09-21,2108,N20,VIIRS,n,2.0NRT,289.89,1.39,N,VIIRS_NOAA20_NRT,,
20.86711,70.5666,307.48,0.4,0.37,2026-09-21,2108,N20,VIIRS,n,2.0NRT,292.31,1.05,N,VIIRS_NOAA20_NRT,,
20.91079,71.45905,308.19,0.42,0.38,2026-09-21,2108,N20,VIIRS,n,2.0NRT,291.06,1.41,N,VIIRS_NOAA20_NRT,,
21.10137,72.63644,331.93,0.46,0.39,2026-09-21,2108,N20,VIIRS,n,2.0NRT,292.65,2.42,N,VIIRS_NOAA20_NRT,,
21.10336,72.64594,319.02,0.46,0.39,2026-09-21,2108,N20,VIIRS,n,2.0NRT,291.77,2.8,N,VIIRS_NOAA20_NRT,,
21.10494,72.63717,306.68,0.46,0.39,2026-09-21,2108,N20,VIIRS,n,2.0NRT,292.0,2.42,N,VIIRS_NOAA20_NRT,,
21.10694,72.64667,343.91,0.46,0.39,2026-09-21,2108,N20,VIIRS,n,2.0NRT,293.7,9.7,N,VIIRS_NOAA20_NRT,,
21.10851,72.63789,309.48,0.46,0.39,2026-09-21,2108,N20,VIIRS,n,2.0NRT,292.63,1.27,N,VIIRS_NOAA20_NRT,,
21.1093,72.63351,319.2,0.46,0.39,2026-09-21,2108,N20,VIIRS,n,2.0NRT,292.04,2.11,N,VIIRS_NOAA20_NRT,,
21.11209,72.63861,311.76,0.46,0.39,2026-09-21,2108,N20,VIIRS,n,2.0NRT,292.31,1.27,N,VIIRS_NOAA20_NRT,,
21.7441,83.84272,,1.14,1.07,2026-09-12,328,Terra,MODIS,76,6.1NRT,,15.24,D,MODIS_NRT,318.07,285.75
8.12449,80.29391,,1.09,1.04,2026-09-12,330,Terra,MODIS,45,6.1NRT,,5.22,D,MODIS_NRT,312.25,296.28
8.21682,80.04468,,1.07,1.03,2026-09-12,330,Terra,MODIS,56,6.1NRT,,8.24,D,MODIS_NRT,315.78,295.5
10.86789,77.49973,,1.07,1.03,2026-09-12,330,Terra,MODIS,61,6.1NRT,,6.39,D,MODIS_NRT,311.07,284.17
11.50691,78.01083,,1.04,1.02,2026-09-12,330,Terra,MODIS,69,6.1NRT,,8.65,D,MODIS_NRT,314.49,287.61
12.20675,79.5255,,1.0,1.0,2026-09-12,330,Terra,MODIS,63,6.1NRT,,8.6,D,MODIS_NRT,315.43,289.19
13.93189,78.47188,,1.04,1.02,2026-09-12,330,Terra,MODIS,72,6.1NRT,,8.63,D,MODIS_NRT,320.82,299.95
24.49007,89.00456,,3.92,1.84,2026-09-12,850,Aqua,MODIS,29,6.1NRT,,32.22,D,MODIS_NRT,310.58,287.23
26.92788,94.99763,,1.32,1.14,2026-09-12,850,Aqua,MODIS,64,6.1NRT,,7.33,D,MODIS_NRT,310.39,293.52
28.02926,96.06071,,1.12,1.06,2026-09-12,850,Aqua,MODIS,25,6.1NRT,,5.73,D,MODIS_NRT,311.94,294.88
33.09256,84.50216,,4.82,2.0,2026-09-12,850,Aqua,MODIS,35,6.1NRT,,19.08,D,MODIS_NRT,301.56,287.63
33.18841,90.32264,,1.96,1.37,2026-09-12,850,Aqua,MODIS,19,6.1NRT,,6.4,D,MODIS_NRT,300.6,286.83
34.12476,89.01239,,2.27,1.46,2026-09-12,850,Aqua,MODIS,22,6.1NRT,,10.67,D,MODIS_NRT,300.56,285.84
35.11228,89.17841,,2.09,1.41,2026-09-12,850,Aqua,MODIS,46,6.1NRT,,8.35,D,MODIS_NRT,302.7,287.06
8.03006,81.33431,,1.24,1.11,2026-09-12,1021,Aqua,MODIS,41,6.1NRT,,6.7,D,MODIS_NRT,315.65,297.15
8.03315,81.32704,,1.24,1.11,2026-09-12,1021,Aqua,MODIS,41,6.1NRT,,8.19,D,MODIS_NRT,317.01,297.93
8.11234,80.10625,,1.08,1.04,2026-09-12,1021,Aqua,MODIS,71,6.1NRT,,9.01,D,MODIS_NRT,320.2,302.28
8.47405,80.31352,,1.11,1.05,2026-09-12,1021,Aqua,MODIS,69,6.1NRT,,7.17,D,MODIS_NRT,319.58,302.94
8.50044,80.17126,,1.1,1.04,2026-09-12,1021,Aqua,MODIS,73,6.1NRT,,12.16,D,MODIS_NRT,322.56,301.7
8.61176,80.30764,,1.12,1.05,2026-09-12,1021,Aqua,MODIS,52,6.1NRT,,7.29,D,MODIS_NRT,318.74,300.45
8.61317,80.31743,,1.12,1.05,2026-09-12,1021,Aqua,MODIS,84,6.1NRT,,25.23,D,MODIS_NRT,332.81,302.52
8.64177,80.32677,,1.12,1.05,2026-09-12,1021,Aqua,MODIS,68,6.1NRT,,16.16,D,MODIS_NRT,327.19,302.58
8.79635,80.57291,,1.15,1.07,2026-09-12,1021,Aqua,MODIS,46,6.1NRT,,7.55,D,MODIS_NRT,319.74,301.68
8.94762,80.85014,,1.2,1.09,2026-09-12,1021,Aqua,MODIS,25,6.1NRT,,6.3,D,MODIS_NRT,314.35,295.05
9.63119,77.46328,,1.01,1.01,2026-09-12,1021,Aqua,MODIS,33,6.1NRT,,5.81,D,MODIS_NRT,310.97,290.73
11.30953,78.57574,,1.02,1.01,2026-09-12,1021,Aqua,MODIS,70,6.1NRT,,10.4,D,MODIS_NRT,321.27,299.28
11.78687,79.59202,,1.11,1.05,2026-09-12,1021,Aqua,MODIS,56,6.1NRT,,4.6,D,MODIS_NRT,311.6,288.85
12.60968,76.29048,,1.04,1.02,2026-09-12,1021,Aqua,MODIS,61,6.1NRT,,3.82,D,MODIS_NRT,313.04,295.2
29.78107,72.78116,,1.01,1.0,2026-09-12,1026,Aqua,MODIS,48,6.1NRT,,6.0,D,MODIS_NRT,316.78,301.84
30.62865,72.08572,,1.02,1.01,2026-09-12,1026,Aqua,MODIS,39,6.1NRT,,5.38,D,MODIS_NRT,315.31,300.81
31.11804,74.62901,,1.06,1.03,2026-09-12,1026,Aqua,MODIS,52,6.1NRT,,6.21,D,MODIS_NRT,314.48,299.96
31.55921,75.3336,,1.14,1.06,2026-09-12,1026,Aqua,MODIS,39,6.1NRT,,8.06,D,MODIS_NRT,313.01,299.71
31.70009,74.9928,,1.1,1.05,2026-09-12,1026,Aqua,MODIS,46,6.1NRT,,6.32,D,MODIS_NRT,314.54,299.8
31.77139,75.03778,,1.11,1.05,2026-09-12,1026,Aqua,MODIS,65,6.1NRT,,7.63,D,MODIS_NRT,315.94,299.22
31.56544,72.56394,,1.0,1.0,2026-09-12,1028,Aqua,MODIS,45,6.1NRT,,5.91,D,MODIS_NRT,316.29,299.39
33.2713,71.58834,,1.01,1.01,2026-09-12,1028,Aqua,MODIS,50,6.1NRT,,7.13,D,MODIS_NRT,319.22,303.24
20.96693,85.18732,,1.67,1.27,2026-09-12,2231,Aqua,MODIS,61,6.1NRT,,12.92,N,MODIS_NRT,306.25,288.13
20.9697,85.17201,,1.67,1.27,2026-09-12,2231,Aqua,MODIS,72,6.1NRT,,13.84,N,MODIS_NRT,307.49,290.12
22.21165,84.86924,,1.5,1.21,2026-09-12,2231,Aqua,MODIS,56,6.1NRT,,7.64,N,MODIS_NRT,303.66,291.65
23.77925,86.20953,,1.74,1.29,2026-09-12,2231,Aqua,MODIS,34,6.1NRT,,9.17,N,MODIS_NRT,302.11,289.25
33.21834,71.49055,,1.18,1.08,2026-09-13,402,Terra,MODIS,53,6.1NRT,,6.3,D,MODIS_NRT,315.12,298.35
19.10175,82.16541,,1.01,1.0,2026-09-13,1459,Terra,MODIS,55,6.1NRT,,4.72,N,MODIS_NRT,303.33,289.27
20.97322,86.0125,,1.37,1.16,2026-09-13,1459,Terra,MODIS,74,6.1NRT,,9.23,N,MODIS_NRT,308.25,291.4
26.88008,73.51734,,1.05,1.02,2026-09-13,2309,Aqua,MODIS,63,6.1NRT,,4.34,N,MODIS_NRT,305.16,291.65
24.13647,91.33692,,1.46,1.19,2026-09-14,304,Terra,MODIS,66,6.1NRT,,9.45,D,MODIS_NRT,313.81,296.75
24.25327,92.8651,,1.85,1.33,2026-09-14,304,Terra,MODIS,30,6.1NRT,,10.13,D,MODIS_NRT,309.13,293.51
26.77024,92.75946,,1.62,1.25,2026-09-14,304,Terra,MODIS,64,6.1NRT,,8.45,D,MODIS_NRT,309.71,293.74
22.75826,88.3037,,1.06,1.03,2026-09-14,306,Terra,MODIS,54,6.1NRT,,4.73,D,MODIS_NRT,310.73,295.7
23.58123,90.64874,,1.35,1.15,2026-09-14,306,Terra,MODIS,56,6.1NRT,,7.55,D,MODIS_NRT,310.77,294.19
23.76407,86.409,,1.01,1.0,2026-09-14,306,Terra,MODIS,38,6.1NRT,,5.78,D,MODIS_NRT,313.99,295.22
23.80383,86.33302,,1.01,1.0,2026-09-14,306,Terra,MODIS,71,6.1NRT,,9.15,D,MODIS_NRT,317.3,294.64
23.80516,86.32338,,1.01,1.0,2026-09-14,306,Terra,MODIS,66,6.1NRT,,6.7,D,MODIS_NRT,314.19,295.34
36.9864,78.80074,,4.68,1.98,2026-09-14,440,Terra,MODIS,20,6.1NRT,,28.31,D,MODIS_NRT,300.11,283.48
8.32979,81.27854,,1.22,1.1,2026-09-14,958,Aqua,MODIS,68,6.1NRT,,10.57,D,MODIS_NRT,317.77,295.48
8.38569,80.50906,,1.36,1.16,2026-09-14,958,Aqua,MODIS,59,6.1NRT,,13.35,D,MODIS_NRT,314.12,283.16
17.60619,83.20116,,1.04,1.02,2026-09-14,1002,Aqua,MODIS,61,6.1NRT,,5.19,D,MODIS_NRT,313.71,298.69
19.09433,82.1663,,1.01,1.0,2026-09-14,1002,Aqua,MODIS,75,6.1NRT,,11.3,D,MODIS_NRT,319.37,299.83
20.96334,85.16265,,1.42,1.18,2026-09-14,1002,Aqua,MODIS,18,6.1NRT,,11.65,D,MODIS_NRT,316.64,296.63
20.96498,85.17587,,1.42,1.18,2026-09-14,1002,Aqua,MODIS,52,6.1NRT,,14.19,D,MODIS_NRT,318.16,296.53
21.74407,83.84457,,1.21,1.09,2026-09-14,1002,Aqua,MODIS,62,6.1NRT,,15.24,D,MODIS_NRT,322.85,298.61
21.75702,84.01762,,1.24,1.11,2026-09-14,1002,Aqua,MODIS,71,6.1NRT,,11.75,D,MODIS_NRT,317.49,298.05
21.91599,83.35078,,1.15,1.07,2026-09-14,1002,Aqua,MODIS,70,6.1NRT,,10.06,D,MODIS_NRT,317.07,299.01
31.54508,75.07439,,1.25,1.11,2026-09-14,1004,Aqua,MODIS,52,6.1NRT,,7.75,D,MODIS_NRT,313.76,297.04
21.0099,94.90014,,1.12,1.05,2026-09-14,1359,Terra,MODIS,68,6.1NRT,,8.04,N,MODIS_NRT,306.48,289.94
18.4959,74.25183,,1.04,1.02,2026-09-14,1537,Terra,MODIS,57,6.1NRT,,5.0,N,MODIS_NRT,303.8,291.48
18.50484,74.25053,,1.04,1.02,2026-09-14,1537,Terra,MODIS,100,6.1NRT,,22.08,N,MODIS_NRT,323.72,291.73
18.68763,74.38463,,1.06,1.03,2026-09-14,1537,Terra,MODIS,50,6.1NRT,,4.25,N,MODIS_NRT,302.64,291.66
20.95177,86.04572,,1.0,1.0,2026-09-14,2210,Aqua,MODIS,46,6.1NRT,,4.26,N,MODIS_NRT,304.91,293.22
21.75264,83.84534,,1.12,1.05,2026-09-14,2210,Aqua,MODIS,84,6.1NRT,,10.21,N,MODIS_NRT,312.46,293.41
21.76184,83.84674,,1.12,1.05,2026-09-14,2210,Aqua,MODIS,71,6.1NRT,,6.86,N,MODIS_NRT,308.13,293.37
21.92101,83.35252,,1.18,1.08,2026-09-14,2210,Aqua,MODIS,63,6.1NRT,,6.08,N,MODIS_NRT,305.96,292.95
22.04348,83.73772,,1.14,1.06,2026-09-14,2210,Aqua,MODIS,62,6.1NRT,,5.68,N,MODIS_NRT,305.35,293.72
22.36833,87.30132,,1.03,1.02,2026-09-14,2210,Aqua,MODIS,59,6.1NRT,,5.04,N,MODIS_NRT,307.52,294.6
22.38021,87.28359,,1.03,1.02,2026-09-14,2210,Aqua,MODIS,72,6.1NRT,,6.48,N,MODIS_NRT,309.49,294.93
22.7967,86.20923,,1.0,1.0,2026-09-14,2210,Aqua,MODIS,76,6.1NRT,,6.81,N,MODIS_NRT,309.44,293.55
23.65057,85.44037,,1.02,1.01,2026-09-14,2210,Aqua,MODIS,58,6.1NRT,,4.44,N,MODIS_NRT,303.97,292.19
23.68418,86.08914,,1.0,1.0,2026-09-14,2210,Aqua,MODIS,60,6.1NRT,,3.86,N,MODIS_NRT,304.42,293.38
23.68531,86.39695,,1.0,1.0,2026-09-14,2210,Aqua,MODIS,85,6.1NRT,,9.3,N,MODIS_NRT,312.64,294.19
23.69386,87.12473,,1.01,1.01,2026-09-14,2210,Aqua,MODIS,66,6.1NRT,,5.5,N,MODIS_NRT,307.62,293.94
23.713,86.45029,,1.0,1.0,2026-09-14,2210,Aqua,MODIS,41,6.1NRT,,4.51,N,MODIS_NRT,306.74,293.82
23.7571,85.85487,,1.01,1.0,2026-09-14,2210,Aqua,MODIS,59,6.1NRT,,3.87,N,MODIS_NRT,304.18,293.22
23.75922,86.40601,,1.0,1.0,2026-09-14,2210,Aqua,MODIS,17,6.1NRT,,4.74,N,MODIS_NRT,307.68,293.61
23.76792,86.40753,,1.0,1.0,2026-09-14,2210,Aqua,MODIS,89,6.1NRT,,9.73,N,MODIS_NRT,314.79,294.38
23.76935,86.39807,,1.0,1.0,2026-09-14,2210,Aqua,MODIS,17,6.1NRT,,5.2,N,MODIS_NRT,308.63,294.61
23.77891,86.21526,,1.0,1.0,2026-09-14,2210,Aqua,MODIS,77,6.1NRT,,7.0,N,MODIS_NRT,309.42,294.0
23.78032,86.20579,,1.0,1.0,2026-09-14,2210,Aqua,MODIS,63,6.1NRT,,4.44,N,MODIS_NRT,305.36,294.32
23.80544,86.33644,,1.0,1.0,2026-09-14,2210,Aqua,MODIS,50,6.1NRT,,4.52,N,MODIS_NRT,306.78,293.75
23.80686,86.32697,,1.0,1.0,2026-09-14,2210,Aqua,MODIS,76,6.1NRT,,6.48,N,MODIS_NRT,309.23,294.29
20.75928,80.65412,,1.46,1.2,2026-09-15,345,Terra,MODIS,65,6.1NRT,,11.94,D,MODIS_NRT,312.36,293.02
20.96037,85.18401,,3.13,1.68,2026-09-15,345,Terra,MODIS,62,6.1NRT,,26.52,D,MODIS_NRT,311.42,290.54
20.96077,85.19082,,3.13,1.68,2026-09-15,345,Terra,MODIS,55,6.1NRT,,21.4,D,MODIS_NRT,310.48,290.46
20.96582,85.15552,,3.11,1.67,2026-09-15,345,Terra,MODIS,58,6.1NRT,,22.07,D,MODIS_NRT,310.1,290.86
20.96644,85.16231,,3.11,1.67,2026-09-15,345,Terra,MODIS,61,6.1NRT,,25.79,D,MODIS_NRT,311.34,290.93
21.73956,83.85016,,2.39,1.49,2026-09-15,345,Terra,MODIS,55,6.1NRT,,15.82,D,MODIS_NRT,310.47,292.71
21.75249,83.853,,2.39,1.49,2026-09-15,345,Terra,MODIS,48,6.1NRT,,13.97,D,MODIS_NRT,309.86,292.43
13.98073,82.98015,,2.96,1.64,2026-09-15,347,Terra,MODIS,0,6.1NRT,,21.41,D,MODIS_NRT,311.45,292.14
15.1791,76.64234,,1.06,1.03,2026-09-15,347,Terra,MODIS,47,6.1NRT,,6.67,D,MODIS_NRT,318.04,301.43
17.69876,78.59283,,1.22,1.1,2026-09-15,347,Terra,MODIS,46,6.1NRT,,5.23,D,MODIS_NRT,308.57,294.14
18.68233,73.04897,,1.22,1.1,2026-09-15,347,Terra,MODIS,39,6.1NRT,,6.78,D,MODIS_NRT,311.03,296.6
18.69345,73.03898,,1.23,1.1,2026-09-15,347,Terra,MODIS,0,6.1NRT,,7.32,D,MODIS_NRT,311.68,296.67
19.92477,83.27883,,2.36,1.48,2026-09-15,347,Terra,MODIS,50,6.1NRT,,17.13,D,MODIS_NRT,309.21,290.42
19.92662,83.2734,,2.36,1.48,2026-09-15,347,Terra,MODIS,47,6.1NRT,,12.81,D,MODIS_NRT,306.65,290.37
10.47621,77.94318,,1.41,1.17,2026-09-15,349,Terra,MODIS,34,6.1NRT,,9.13,D,MODIS_NRT,312.08,287.5
10.47947,77.93777,,1.41,1.17,2026-09-15,349,Terra,MODIS,68,6.1NRT,,15.44,D,MODIS_NRT,316.7,290.57
11.01151,78.06417,,1.41,1.17,2026-09-15,349,Terra,MODIS,52,6.1NRT,,9.65,D,MODIS_NRT,317.68,295.97
12.30221,78.41755,,1.42,1.18,2026-09-15,349,Terra,MODIS,54,6.1NRT,,6.71,D,MODIS_NRT,310.94,294.54
24.26568,93.83005,,1.07,1.03,2026-09-15,905,Aqua,MODIS,75,6.1NRT,,14.67,D,MODIS_NRT,319.3,295.96
29.2863,88.86763,,1.66,1.27,2026-09-15,905,Aqua,MODIS,38,6.1NRT,,11.67,D,MODIS_NRT,307.7,292.3
29.64425,91.2835,,1.18,1.08,2026-09-15,905,Aqua,MODIS,38,6.1NRT,,5.8,D,MODIS_NRT,304.05,288.83
32.14081,86.79548,,1.98,1.37,2026-09-15,905,Aqua,MODIS,49,6.1NRT,,9.03,D,MODIS_NRT,301.74,287.11
14.43588,77.26526,,1.47,1.2,2026-09-15,1038,Aqua,MODIS,56,6.1NRT,,22.67,D,MODIS_NRT,326.84,302.39
14.44635,77.26385,,1.47,1.2,2026-09-15,1038,Aqua,MODIS,44,6.1NRT,,13.39,D,MODIS_NRT,321.62,299.2
15.44818,75.32012,,1.16,1.07,2026-09-15,1038,Aqua,MODIS,78,6.1NRT,,12.46,D,MODIS_NRT,328.04,307.59
20.79465,85.24844,,1.11,1.05,2026-09-15,1440,Terra,MODIS,68,6.1NRT,,6.28,N,MODIS_NRT,307.47,288.37
20.7962,85.25871,,1.1,1.05,2026-09-15,1440,Terra,MODIS,67,6.1NRT,,6.22,N,MODIS_NRT,307.63,290.64
21.07717,85.03223,,1.12,1.06,2026-09-15,1440,Terra,MODIS,71,6.1NRT,,6.63,N,MODIS_NRT,308.75,293.81
21.07873,85.04266,,1.12,1.06,2026-09-15,1440,Terra,MODIS,65,6.1NRT,,5.5,N,MODIS_NRT,307.21,293.61
21.7478,83.84496,,1.26,1.12,2026-09-15,1440,Terra,MODIS,19,6.1NRT,,5.81,N,MODIS_NRT,307.69,293.65
21.74914,83.83895,,1.26,1.12,2026-09-15,1440,Terra,MODIS,24,6.1NRT,,6.59,N,MODIS_NRT,308.54,293.79
21.76076,83.84886,,1.26,1.12,2026-09-15,1440,Terra,MODIS,52,6.1NRT,,7.73,N,MODIS_NRT,309.39,293.96
22.03969,83.73022,,1.27,1.12,2026-09-15,1440,Terra,MODIS,59,6.1NRT,,6.88,N,MODIS_NRT,306.74,292.98
22.36227,87.29712,,1.0,1.0,2026-09-15,1440,Terra,MODIS,59,6.1NRT,,4.14,N,MODIS_NRT,307.54,296.18
22.37726,87.27539,,1.0,1.0,2026-09-15,1440,Terra,MODIS,76,6.1NRT,,6.66,N,MODIS_NRT,311.43,296.42
22.79132,86.20373,,1.01,1.0,2026-09-15,1440,Terra,MODIS,82,6.1NRT,,8.4,N,MODIS_NRT,311.9,291.76
22.80145,86.21175,,1.01,1.0,2026-09-15,1440,Terra,MODIS,93,6.1NRT,,11.67,N,MODIS_NRT,316.39,291.64
20.9652,85.17408,,3.23,1.7,2026-09-15,2246,Aqua,MODIS,44,6.1NRT,,16.74,N,MODIS_NRT,301.8,288.08
21.75339,83.85629,,2.47,1.51,2026-09-15,2246,Aqua,MODIS,58,6.1NRT,,15.27,N,MODIS_NRT,304.13,290.6
22.36108,82.3073,,1.83,1.33,2026-09-15,2246,Aqua,MODIS,56,6.1NRT,,9.34,N,MODIS_NRT,303.62,291.32
20.78954,85.26179,,1.97,1.37,2026-09-16,247,Terra,MODIS,56,6.1NRT,,12.51,D,MODIS_NRT,310.1,290.98
20.968,85.18233,,2.01,1.38,2026-09-16,247,Terra,MODIS,44,6.1NRT,,13.37,D,MODIS_NRT,310.57,291.15
21.14422,95.15034,,1.37,1.16,2026-09-16,247,Terra,MODIS,68,6.1NRT,,8.7,D,MODIS_NRT,313.77,294.63
22.02227,96.75842,,1.7,1.28,2026-09-16,247,Terra,MODIS,12,6.1NRT,,8.32,D,MODIS_NRT,307.51,292.25
36.28425,70.7265,,1.0,1.0,2026-09-16,419,Terra,MODIS,28,6.1NRT,,4.36,D,MODIS_NRT,301.41,286.97
26.58342,68.03273,,1.0,1.0,2026-09-16,423,Terra,MODIS,66,6.1NRT,,14.35,D,MODIS_NRT,325.25,299.89
26.58481,68.02299,,1.0,1.0,2026-09-16,423,Terra,MODIS,60,6.1NRT,,13.33,D,MODIS_NRT,324.48,300.81
26.59219,68.03425,,1.0,1.0,2026-09-16,423,Terra,MODIS,65,6.1NRT,,11.15,D,MODIS_NRT,321.89,299.46
26.59358,68.0245,,1.0,1.0,2026-09-16,423,Terra,MODIS,63,6.1NRT,,13.56,D,MODIS_NRT,324.17,300.19
21.02876,70.47346,,1.37,1.16,2026-09-16,425,Terra,MODIS,56,6.1NRT,,6.24,D,MODIS_NRT,308.93,292.02
9.92692,79.88382,,3.95,1.85,2026-09-16,937,Aqua,MODIS,0,6.1NRT,,39.81,D,MODIS_NRT,310.37,291.27
9.94501,79.84969,,3.97,1.85,2026-09-16,937,Aqua,MODIS,12,6.1NRT,,36.5,D,MODIS_NRT,310.09,290.94
20.62916,78.06312,,3.23,1.7,2026-09-16,939,Aqua,MODIS,44,6.1NRT,,31.74,D,MODIS_NRT,314.6,293.58
20.88293,84.98697,,1.09,1.04,2026-09-16,939,Aqua,MODIS,30,6.1NRT,,7.67,D,MODIS_NRT,314.43,299.05
21.07696,85.04229,,1.08,1.04,2026-09-16,939,Aqua,MODIS,56,6.1NRT,,7.75,D,MODIS_NRT,315.86,299.07
21.67533,84.04078,,1.17,1.08,2026-09-16,939,Aqua,MODIS,68,6.1NRT,,9.15,D,MODIS_NRT,315.18,299.23
21.74402,83.84072,,1.2,1.09,2026-09-16,939,Aqua,MODIS,52,6.1NRT,,9.7,D,MODIS_NRT,319.67,298.93
21.76394,84.01836,,1.17,1.08,2026-09-16,939,Aqua,MODIS,65,6.1NRT,,8.29,D,MODIS_NRT,315.57,299.18
22.03424,83.73176,,1.2,1.09,2026-09-16,939,Aqua,MODIS,37,6.1NRT,,8.69,D,MODIS_NRT,315.96,298.15
22.36186,87.30132,,1.02,1.01,2026-09-16,939,Aqua,MODIS,25,6.1NRT,,7.58,D,MODIS_NRT,315.89,291.86
22.18583,76.48415,,3.9,1.84,2026-09-16,941,Aqua,MODIS,49,6.1NRT,,36.8,D,MODIS_NRT,313.13,292.25
23.68981,87.10044,,1.02,1.01,2026-09-16,941,Aqua,MODIS,54,6.1NRT,,5.7,D,MODIS_NRT,313.43,297.37
23.75637,86.40142,,1.0,1.0,2026-09-16,941,Aqua,MODIS,16,6.1NRT,,11.3,D,MODIS_NRT,316.45,291.56
24.34863,75.42268,,4.14,1.88,2026-09-16,941,Aqua,MODIS,0,6.1NRT,,30.98,D,MODIS_NRT,310.06,287.81
15.1802,76.65447,,1.12,1.05,2026-09-16,1516,Terra,MODIS,62,6.1NRT,,6.43,N,MODIS_NRT,311.4,296.6
20.97248,85.1703,,2.68,1.57,2026-09-16,1516,Terra,MODIS,48,6.1NRT,,17.39,N,MODIS_NRT,304.13,285.53
21.10752,72.63074,,1.59,1.24,2026-09-16,1516,Terra,MODIS,69,6.1NRT,,10.47,N,MODIS_NRT,307.74,292.09
21.10998,72.64548,,1.59,1.24,2026-09-16,1516,Terra,MODIS,90,6.1NRT,,21.2,N,MODIS_NRT,315.09,292.39
21.7528,83.8354,,2.17,1.43,2026-09-16,1516,Terra,MODIS,73,6.1NRT,,18.71,N,MODIS_NRT,308.9,292.4
23.68965,87.10133,,1.62,1.25,2026-09-17,323,Terra,MODIS,60,6.1NRT,,9.97,D,MODIS_NRT,311.57,293.42
23.75976,86.40481,,1.45,1.19,2026-09-17,323,Terra,MODIS,55,6.1NRT,,13.92,D,MODIS_NRT,316.46,294.14
23.77298,86.19793,,1.41,1.17,2026-09-17,323,Terra,MODIS,57,6.1NRT,,7.55,D,MODIS_NRT,310.6,295.21
23.78102,86.21317,,1.41,1.18,2026-09-17,323,Terra,MODIS,64,6.1NRT,,9.98,D,MODIS_NRT,312.93,295.03
23.80003,86.3347,,1.43,1.18,2026-09-17,323,Terra,MODIS,56,6.1NRT,,7.34,D,MODIS_NRT,310.65,293.8
20.16999,85.65109,,1.49,1.21,2026-09-17,325,Terra,MODIS,64,6.1NRT,,10.64,D,MODIS_NRT,312.65,294.23
20.78953,85.25719,,1.37,1.16,2026-09-17,325,Terra,MODIS,68,6.1NRT,,13.05,D,MODIS_NRT,315.91,295.97
20.86306,84.99372,,1.32,1.14,2026-09-17,325,Terra,MODIS,44,6.1NRT,,7.36,D,MODIS_NRT,312.33,295.76
20.88496,84.98513,,1.32,1.14,2026-09-17,325,Terra,MODIS,50,6.1NRT,,7.84,D,MODIS_NRT,312.9,296.41
20.96565,85.18463,,1.35,1.15,2026-09-17,325,Terra,MODIS,34,6.1NRT,,8.24,D,MODIS_NRT,313.17,295.24
20.96769,85.17211,,1.35,1.15,2026-09-17,325,Terra,MODIS,69,6.1NRT,,14.6,D,MODIS_NRT,318.4,296.1
21.34626,81.66821,,1.0,1.0,2026-09-17,325,Terra,MODIS,56,6.1NRT,,4.17,D,MODIS_NRT,310.75,294.55
21.67419,84.04524,,1.14,1.07,2026-09-17,325,Terra,MODIS,36,6.1NRT,,5.94,D,MODIS_NRT,310.42,295.51
21.92077,83.35213,,1.07,1.03,2026-09-17,325,Terra,MODIS,66,6.1NRT,,9.74,D,MODIS_NRT,316.65,296.31
21.92229,83.34212,,1.07,1.03,2026-09-17,325,Terra,MODIS,54,6.1NRT,,6.21,D,MODIS_NRT,312.61,296.37
21.92656,85.22421,,1.31,1.14,2026-09-17,325,Terra,MODIS,54,6.1NRT,,7.24,D,MODIS_NRT,309.23,293.62
21.9847,83.23624,,1.06,1.03,2026-09-17,325,Terra,MODIS,55,6.1NRT,,5.75,D,MODIS_NRT,311.35,295.83
22.01582,83.75686,,1.1,1.05,2026-09-17,325,Terra,MODIS,42,6.1NRT,,6.01,D,MODIS_NRT,312.45,296.18
22.03892,83.72906,,1.1,1.05,2026-09-17,325,Terra,MODIS,57,6.1NRT,,7.07,D,MODIS_NRT,314.19,296.02
22.3211,82.5882,,1.02,1.01,2026-09-17,325,Terra,MODIS,65,6.1NRT,,6.53,D,MODIS_NRT,313.37,294.81
22.35399,82.30132,,1.01,1.0,2026-09-17,325,Terra,MODIS,70,6.1NRT,,9.6,D,MODIS_NRT,316.01,295.44
22.36141,91.36697,,3.55,1.77,2026-09-17,325,Terra,MODIS,42,6.1NRT,,40.97,D,MODIS_NRT,312.89,291.08
23.16212,82.33585,,1.0,1.0,2026-09-17,325,Terra,MODIS,53,6.1NRT,,4.74,D,MODIS_NRT,309.41,293.75
14.54418,80.11646,,1.0,1.0,2026-09-17,328,Terra,MODIS,64,6.1NRT,,8.4,D,MODIS_NRT,318.89,298.32
14.69715,79.3685,,1.01,1.01,2026-09-17,328,Terra,MODIS,41,6.1NRT,,6.31,D,MODIS_NRT,319.35,299.41
14.9226,79.67085,,1.01,1.0,2026-09-17,328,Terra,MODIS,74,6.1NRT,,11.62,D,MODIS_NRT,324.41,299.59
15.10863,76.89393,,1.3,1.13,2026-09-17,328,Terra,MODIS,70,6.1NRT,,13.09,D,MODIS_NRT,321.75,297.74
17.00994,80.88245,,1.0,1.0,2026-09-17,328,Terra,MODIS,58,6.1NRT,,4.77,D,MODIS_NRT,312.75,297.21
19.96235,79.33615,,1.1,1.04,2026-09-17,328,Terra,MODIS,65,6.1NRT,,7.92,D,MODIS_NRT,314.32,295.7
15.24094,93.20966,,4.25,1.91,2026-09-17,839,Aqua,MODIS,0,6.1NRT,,57.83,D,MODIS_NRT,310.65,287.96
8.88427,78.06263,,1.12,1.05,2026-09-17,1015,Aqua,MODIS,47,6.1NRT,,6.13,D,MODIS_NRT,311.69,274.09
11.76757,78.84091,,1.01,1.0,2026-09-17,1017,Aqua,MODIS,62,6.1NRT,,6.14,D,MODIS_NRT,316.59,298.15
15.13041,76.5501,,1.13,1.06,2026-09-17,1017,Aqua,MODIS,40,6.1NRT,,7.22,D,MODIS_NRT,316.13,298.93
15.21151,79.94859,,1.05,1.02,2026-09-17,1017,Aqua,MODIS,63,6.1NRT,,13.33,D,MODIS_NRT,322.42,298.58
15.66732,77.69792,,1.02,1.01,2026-09-17,1017,Aqua,MODIS,78,6.1NRT,,16.92,D,MODIS_NRT,330.95,305.23
18.85272,79.38637,,1.06,1.03,2026-09-17,1017,Aqua,MODIS,0,6.1NRT,,10.34,D,MODIS_NRT,319.47,301.62
19.09453,82.16382,,1.53,1.22,2026-09-17,1017,Aqua,MODIS,55,6.1NRT,,13.28,D,MODIS_NRT,313.94,295.46
29.68422,76.81583,,1.06,1.03,2026-09-17,1019,Aqua,MODIS,88,6.1NRT,,35.77,D,MODIS_NRT,335.96,296.34
19.3669,71.35478,,1.3,1.13,2026-09-17,1556,Terra,MODIS,35,6.1NRT,,5.25,N,MODIS_NRT,305.66,292.81
21.10493,72.63567,,1.68,1.27,2026-09-17,1556,Terra,MODIS,74,6.1NRT,,17.55,N,MODIS_NRT,310.78,292.58
21.10654,72.64468,,1.68,1.27,2026-09-17,1556,Terra,MODIS,82,6.1NRT,,17.29,N,MODIS_NRT,311.25,292.77
20.96127,85.17673,,1.27,1.12,2026-09-17,2225,Aqua,MODIS,13,6.1NRT,,4.43,N,MODIS_NRT,303.79,288.94
20.96898,85.19031,,1.27,1.12,2026-09-17,2225,Aqua,MODIS,11,6.1NRT,,6.07,N,MODIS_NRT,305.83,290.03
20.97096,85.17862,,1.27,1.12,2026-09-17,2225,Aqua,MODIS,81,6.1NRT,,11.19,N,MODIS_NRT,311.17,290.62
20.97167,86.00903,,1.42,1.18,2026-09-17,2225,Aqua,MODIS,56,6.1NRT,,5.87,N,MODIS_NRT,303.53,290.09
21.07824,85.0378,,1.24,1.11,2026-09-17,2225,Aqua,MODIS,32,6.1NRT,,5.85,N,MODIS_NRT,301.26,286.35
21.74792,83.8476,,1.07,1.03,2026-09-17,2225,Aqua,MODIS,33,6.1NRT,,5.83,N,MODIS_NRT,304.05,281.15
21.92052,83.35065,,1.03,1.02,2026-09-17,2225,Aqua,MODIS,63,6.1NRT,,6.05,N,MODIS_NRT,305.16,284.09
22.04461,83.736,,1.06,1.03,2026-09-17,2225,Aqua,MODIS,50,6.1NRT,,4.29,N,MODIS_NRT,302.58,288.35
22.32014,82.56484,,1.0,1.0,2026-09-17,2225,Aqua,MODIS,64,6.1NRT,,5.26,N,MODIS_NRT,305.34,288.78
22.35999,82.30284,,1.0,1.0,2026-09-17,2225,Aqua,MODIS,79,6.1NRT,,8.11,N,MODIS_NRT,310.07,290.54
23.16951,82.34401,,1.0,1.0,2026-09-17,2225,Aqua,MODIS,62,6.1NRT,,5.36,N,MODIS_NRT,304.86,290.2
15.18772,76.66929,,1.44,1.19,2026-09-17,2227,Aqua,MODIS,59,6.1NRT,,10.74,N,MODIS_NRT,304.13,276.8
32.48978,80.11551,,1.68,1.27,2026-09-18,402,Terra,MODIS,42,6.1NRT,,6.49,D,MODIS_NRT,305.34,289.68
20.51686,79.1099,,2.56,1.54,2026-09-18,404,Terra,MODIS,56,6.1NRT,,14.68,D,MODIS_NRT,308.46,289.51
20.52456,79.11807,,2.56,1.54,2026-09-18,404,Terra,MODIS,45,6.1NRT,,16.4,D,MODIS_NRT,309.96,289.89
20.98086,75.59861,,1.4,1.17,2026-09-18,404,Terra,MODIS,63,6.1NRT,,8.42,D,MODIS_NRT,313.81,296.52
22.16657,79.19482,,2.4,1.49,2026-09-18,404,Terra,MODIS,38,6.1NRT,,13.53,D,MODIS_NRT,308.04,290.11
26.25578,68.87582,,1.39,1.17,2026-09-18,404,Terra,MODIS,46,6.1NRT,,9.36,D,MODIS_NRT,316.92,301.06
23.76181,86.39532,,1.74,1.29,2026-09-18,920,Aqua,MODIS,32,6.1NRT,,15.73,D,MODIS_NRT,315.33,296.49
21.76366,84.02135,,1.08,1.04,2026-09-18,1457,Terra,MODIS,49,6.1NRT,,5.06,N,MODIS_NRT,302.36,274.25
22.20898,84.85649,,1.18,1.08,2026-09-18,1457,Terra,MODIS,52,6.1NRT,,6.15,N,MODIS_NRT,302.96,282.05
22.35567,82.30043,,1.0,1.0,2026-09-18,1457,Terra,MODIS,71,6.1NRT,,6.36,N,MODIS_NRT,307.22,284.65
23.16357,82.33758,,1.0,1.0,2026-09-18,1457,Terra,MODIS,68,6.1NRT,,5.77,N,MODIS_NRT,306.44,291.41
21.1021,72.64684,,1.0,1.0,2026-09-18,2303,Aqua,MODIS,73,6.1NRT,,9.09,N,MODIS_NRT,313.2,294.99
21.10351,72.63756,,1.0,1.0,2026-09-18,2303,Aqua,MODIS,83,6.1NRT,,10.01,N,MODIS_NRT,314.34,294.93
21.11081,72.64832,,1.0,1.0,2026-09-18,2303,Aqua,MODIS,76,6.1NRT,,6.87,N,MODIS_NRT,308.82,295.87
15.17284,76.66437,,1.87,1.34,2026-09-18,2305,Aqua,MODIS,39,6.1NRT,,7.33,N,MODIS_NRT,301.57,289.07
15.17758,76.65806,,1.87,1.34,2026-09-18,2305,Aqua,MODIS,18,6.1NRT,,7.41,N,MODIS_NRT,302.05,289.14
20.79225,85.26087,,1.04,1.02,2026-09-19,304,Terra,MODIS,63,6.1NRT,,7.02,D,MODIS_NRT,314.17,295.07
20.79356,85.25119,,1.04,1.02,2026-09-19,304,Terra,MODIS,23,6.1NRT,,4.3,D,MODIS_NRT,310.94,294.18
20.9511,86.05216,,1.01,1.0,2026-09-19,304,Terra,MODIS,68,6.1NRT,,8.09,D,MODIS_NRT,315.93,295.8
20.96017,85.17321,,1.05,1.02,2026-09-19,304,Terra,MODIS,54,6.1NRT,,6.86,D,MODIS_NRT,314.27,294.81
20.96515,86.01594,,1.01,1.0,2026-09-19,304,Terra,MODIS,66,6.1NRT,,7.5,D,MODIS_NRT,314.78,296.23
20.96646,86.00654,,1.01,1.0,2026-09-19,304,Terra,MODIS,66,6.1NRT,,7.28,D,MODIS_NRT,314.6,295.54
21.08061,85.03307,,1.06,1.03,2026-09-19,304,Terra,MODIS,57,6.1NRT,,5.63,D,MODIS_NRT,311.04,293.86
21.7569,84.02402,,1.18,1.08,2026-09-19,304,Terra,MODIS,56,6.1NRT,,5.42,D,MODIS_NRT,310.07,293.6
21.76206,84.02004,,1.18,1.08,2026-09-19,304,Terra,MODIS,58,6.1NRT,,6.36,D,MODIS_NRT,311.36,293.31
22.03974,83.73628,,1.23,1.1,2026-09-19,304,Terra,MODIS,37,6.1NRT,,6.52,D,MODIS_NRT,311.63,294.79
22.22052,84.75867,,1.1,1.05,2026-09-19,304,Terra,MODIS,63,6.1NRT,,6.1,D,MODIS_NRT,312.14,295.76
22.36236,87.01967,,1.0,1.0,2026-09-19,304,Terra,MODIS,61,6.1NRT,,6.49,D,MODIS_NRT,312.34,295.47
22.38115,87.28025,,1.0,1.0,2026-09-19,304,Terra,MODIS,28,6.1NRT,,6.32,D,MODIS_NRT,313.73,295.92
23.6641,87.16128,,1.0,1.0,2026-09-19,304,Terra,MODIS,59,6.1NRT,,5.35,D,MODIS_NRT,312.01,295.17
23.67917,86.39482,,1.01,1.01,2026-09-19,304,Terra,MODIS,0,6.1NRT,,4.39,D,MODIS_NRT,309.92,294.72
23.68708,87.12609,,1.0,1.0,2026-09-19,304,Terra,MODIS,50,6.1NRT,,4.61,D,MODIS_NRT,311.8,295.63
23.68801,86.39623,,1.01,1.01,2026-09-19,304,Terra,MODIS,0,6.1NRT,,5.09,D,MODIS_NRT,310.46,295.26
23.73701,86.43362,,1.01,1.01,2026-09-19,304,Terra,MODIS,56,6.1NRT,,8.34,D,MODIS_NRT,317.01,296.28
23.76114,86.40398,,1.01,1.01,2026-09-19,304,Terra,MODIS,78,6.1NRT,,13.31,D,MODIS_NRT,322.85,296.54
23.77874,86.20846,,1.02,1.01,2026-09-19,304,Terra,MODIS,65,6.1NRT,,7.53,D,MODIS_NRT,314.01,295.99
28.73567,88.56084,,1.0,1.0,2026-09-19,304,Terra,MODIS,31,6.1NRT,,6.79,D,MODIS_NRT,304.92,288.9
8.40819,81.08068,,1.21,1.09,2026-09-19,308,Terra,MODIS,65,6.1NRT,,8.32,D,MODIS_NRT,316.33,296.53
8.67231,80.49162,,1.32,1.14,2026-09-19,308,Terra,MODIS,64,6.1NRT,,10.38,D,MODIS_NRT,316.22,294.22
28.04467,96.95777,,2.99,1.64,2026-09-19,820,Aqua,MODIS,49,6.1NRT,,41.41,D,MODIS_NRT,310.15,288.84
28.04925,96.97885,,2.97,1.64,2026-09-19,820,Aqua,MODIS,79,6.1NRT,,84.6,D,MODIS_NRT,320.69,287.23
18.38567,80.4651,,1.26,1.12,2026-09-19,954,Aqua,MODIS,0,6.1NRT,,10.92,D,MODIS_NRT,318.92,300.82
20.79156,85.25499,,1.13,1.06,2026-09-19,956,Aqua,MODIS,75,6.1NRT,,14.26,D,MODIS_NRT,320.22,292.38
20.91483,78.23975,,1.6,1.24,2026-09-19,956,Aqua,MODIS,27,6.1NRT,,9.52,D,MODIS_NRT,312.32,293.14
20.96504,85.17321,,1.12,1.06,2026-09-19,956,Aqua,MODIS,44,6.1NRT,,12.92,D,MODIS_NRT,320.76,296.73
21.37337,77.81451,,1.68,1.27,2026-09-19,956,Aqua,MODIS,55,6.1NRT,,8.18,D,MODIS_NRT,310.09,293.93
21.678,78.03727,,1.6,1.24,2026-09-19,956,Aqua,MODIS,61,6.1NRT,,8.49,D,MODIS_NRT,310.29,292.7
23.16157,82.33663,,1.0,1.0,2026-09-19,956,Aqua,MODIS,43,6.1NRT,,4.55,D,MODIS_NRT,308.9,293.08
23.65145,76.92212,,1.75,1.3,2026-09-19,956,Aqua,MODIS,54,6.1NRT,,9.63,D,MODIS_NRT,311.33,294.84
23.92524,76.70633,,1.79,1.31,2026-09-19,956,Aqua,MODIS,28,6.1NRT,,11.73,D,MODIS_NRT,311.75,294.91
24.57694,76.70499,,1.73,1.29,2026-09-19,956,Aqua,MODIS,66,6.1NRT,,12.73,D,MODIS_NRT,311.35,293.71
24.60482,76.9808,,1.65,1.26,2026-09-19,956,Aqua,MODIS,44,6.1NRT,,10.08,D,MODIS_NRT,310.24,293.63
31.11938,74.68237,,1.72,1.29,2026-09-19,958,Aqua,MODIS,71,6.1NRT,,25.0,D,MODIS_NRT,319.31,300.05
27.37855,95.32977,,1.0,1.0,2026-09-19,1359,Terra,MODIS,98,6.1NRT,,13.95,N,MODIS_NRT,319.43,294.98
27.37994,95.33962,,1.0,1.0,2026-09-19,1359,Terra,MODIS,80,6.1NRT,,7.29,N,MODIS_NRT,311.54,295.27
28.05111,96.97276,,1.04,1.02,2026-09-19,1359,Terra,MODIS,59,6.1NRT,,5.98,N,MODIS_NRT,304.63,291.85
19.37453,71.35497,,1.07,1.03,2026-09-19,1537,Terra,MODIS,86,6.1NRT,,10.24,N,MODIS_NRT,314.54,296.94
21.10998,72.6471,,1.0,1.0,2026-09-19,1537,Terra,MODIS,90,6.1NRT,,0.0,N,MODIS_NRT,320.25,295.48
23.76583,86.40189,,1.09,1.04,2026-09-19,2201,Aqua,MODIS,34,6.1NRT,,4.85,N,MODIS_NRT,301.63,272.71
23.78244,86.21316,,1.11,1.05,2026-09-19,2201,Aqua,MODIS,53,6.1NRT,,4.92,N,MODIS_NRT,303.09,285.41
23.80316,86.33384,,1.1,1.04,2026-09-19,2201,Aqua,MODIS,20,6.1NRT,,3.56,N,MODIS_NRT,300.48,280.78
20.79672,85.25616,,1.14,1.06,2026-09-19,2203,Aqua,MODIS,67,6.1NRT,,6.43,N,MODIS_NRT,306.45,290.83
20.95435,86.04905,,1.06,1.03,2026-09-19,2203,Aqua,MODIS,61,6.1NRT,,5.06,N,MODIS_NRT,305.54,290.41
20.96369,85.1746,,1.16,1.07,2026-09-19,2203,Aqua,MODIS,30,6.1NRT,,5.76,N,MODIS_NRT,306.5,290.75
20.96894,86.01091,,1.07,1.03,2026-09-19,2203,Aqua,MODIS,66,6.1NRT,,6.06,N,MODIS_NRT,306.78,290.25
20.97304,85.17599,,1.16,1.07,2026-09-19,2203,Aqua,MODIS,38,6.1NRT,,7.07,N,MODIS_NRT,308.25,290.41
21.08373,85.04369,,1.18,1.08,2026-09-19,2203,Aqua,MODIS,76,6.1NRT,,9.35,N,MODIS_NRT,309.31,290.37
21.75163,83.84743,,2.29,1.47,2026-09-20,345,Terra,MODIS,60,6.1NRT,,16.41,D,MODIS_NRT,310.39,290.03
21.75282,83.84095,,2.29,1.47,2026-09-20,345,Terra,MODIS,30,6.1NRT,,13.83,D,MODIS_NRT,309.53,290.04
29.54836,90.99655,,1.57,1.23,2026-09-20,858,Aqua,MODIS,70,6.1NRT,,19.95,D,MODIS_NRT,317.26,293.39
18.69651,74.24017,,1.0,1.0,2026-09-20,1034,Aqua,MODIS,70,6.1NRT,,11.15,D,MODIS_NRT,322.17,298.15
24.97569,68.15984,,1.47,1.2,2026-09-20,1034,Aqua,MODIS,39,6.1NRT,,10.69,D,MODIS_NRT,321.12,306.6
31.32736,72.41862,,1.05,1.02,2026-09-20,1036,Aqua,MODIS,62,6.1NRT,,8.12,D,MODIS_NRT,319.7,304.05
31.62117,75.05044,,1.39,1.17,2026-09-20,1036,Aqua,MODIS,66,6.1NRT,,8.43,D,MODIS_NRT,315.87,302.5
21.07974,85.04008,,1.15,1.07,2026-09-20,1437,Terra,MODIS,60,6.1NRT,,8.77,N,MODIS_NRT,308.48,283.5
22.36745,87.2964,,1.0,1.0,2026-09-20,1437,Terra,MODIS,32,6.1NRT,,3.6,N,MODIS_NRT,305.45,290.76
23.66589,87.15499,,1.0,1.0,2026-09-20,1437,Terra,MODIS,66,6.1NRT,,5.36,N,MODIS_NRT,307.18,289.89
23.68316,86.39922,,1.0,1.0,2026-09-20,1437,Terra,MODIS,62,6.1NRT,,4.05,N,MODIS_NRT,304.89,291.09
23.76641,86.39826,,1.0,1.0,2026-09-20,1437,Terra,MODIS,85,6.1NRT,,9.2,N,MODIS_NRT,312.49,291.84
23.76775,86.40783,,1.0,1.0,2026-09-20,1437,Terra,MODIS,53,6.1NRT,,5.55,N,MODIS_NRT,307.25,291.23
23.77581,86.21033,,1.01,1.0,2026-09-20,1437,Terra,MODIS,57,6.1NRT,,6.33,N,MODIS_NRT,306.81,292.27
22.36185,82.30754,,1.37,1.16,2026-09-20,2242,Aqua,MODIS,69,6.1NRT,,9.37,N,MODIS_NRT,306.75,291.0
15.17984,76.65913,,1.0,1.0,2026-09-20,2244,Aqua,MODIS,15,6.1NRT,,4.96,N,MODIS_NRT,303.77,280.74
27.37398,95.33369,,1.12,1.05,2026-09-21,243,Terra,MODIS,65,6.1NRT,,5.85,D,MODIS_NRT,310.77,293.71
34.59762,76.36568,,1.76,1.3,2026-09-21,419,Terra,MODIS,20,6.1NRT,,10.39,D,MODIS_NRT,300.72,282.89
36.96214,81.34286,,3.18,1.69,2026-09-21,419,Terra,MODIS,73,6.1NRT,,77.25,D,MODIS_NRT,319.88,292.02
22.97287,72.73323,,1.74,1.29,2026-09-21,421,Terra,MODIS,50,6.1NRT,,10.63,D,MODIS_NRT,311.98,295.19
24.33499,71.94505,,1.45,1.19,2026-09-21,421,Terra,MODIS,58,6.1NRT,,10.16,D,MODIS_NRT,314.75,298.15
30.03029,73.90575,,1.52,1.22,2026-09-21,421,Terra,MODIS,62,6.1NRT,,11.04,D,MODIS_NRT,315.83,303.18
21.1346,71.43203,,1.53,1.22,2026-09-21,423,Terra,MODIS,54,6.1NRT,,7.28,D,MODIS_NRT,310.0,295.49
21.62934,71.72777,,1.57,1.23,2026-09-21,423,Terra,MODIS,49,6.1NRT,,7.74,D,MODIS_NRT,310.3,296.74
22.46771,71.45141,,1.45,1.19,2026-09-21,423,Terra,MODIS,31,6.1NRT,,6.31,D,MODIS_NRT,311.48,296.17
22.58227,72.24683,,1.64,1.26,2026-09-21,423,Terra,MODIS,61,6.1NRT,,11.59,D,MODIS_NRT,314.33,295.36
22.37404,87.28043,,1.03,1.01,2026-09-21,934,Aqua,MODIS,70,6.1NRT,,8.11,D,MODIS_NRT,315.33,293.72
21.10767,72.64565,,1.41,1.17,2026-09-21,2318,Aqua,MODIS,89,6.1NRT,,17.79,N,MODIS_NRT,314.24,292.44
22.4216,69.04202,,1.0,1.0,2026-09-21,2318,Aqua,MODIS,49,6.1NRT,,3.41,N,MODIS_NRT,303.32,290.19
