latitude,longitude,brightness,scan,track,acq_date,acq_time,satellite,instrument,confidence,version,bright_t31,frp,daynight,type
28.0048,94.806,300.9,2.1,1.4,2026-04-19,319,Terra,MODIS,31,61.03,286.9,8.6,D,0
28.5677,92.737,306.2,1.5,1.2,2026-04-19,319,Terra,MODIS,55,61.03,289.8,12.4,D,0
29.3833,90.1038,314.9,1.1,1,2026-04-19,319,Terra,MODIS,58,61.03,299.2,5.8,D,0
29.556,90.9981,312,1.2,1.1,2026-04-19,319,Terra,MODIS,65,61.03,291.5,7.7,D,0
29.5949,90.9944,311.9,1.2,1.1,2026-04-19,319,Terra,MODIS,50,61.03,294.2,7.5,D,0
29.6003,91.0015,317.9,1.2,1.1,2026-04-19,319,Terra,MODIS,74,61.03,291.5,11.8,D,0
29.63,90.9959,313.9,1.2,1.1,2026-04-19,319,Terra,MODIS,49,61.03,291.1,6.4,D,0
29.6449,91.2924,310.5,1.2,1.1,2026-04-19,319,Terra,MODIS,55,61.03,290.5,6.9,D,0
29.6678,91.2128,312.1,1.2,1.1,2026-04-19,319,Terra,MODIS,70,61.03,289.7,8.4,D,0
29.6817,90.9127,315.6,1.1,1.1,2026-04-19,319,Terra,MODIS,46,61.03,291.2,11,D,0
24.9816,84.1115,325.2,1.2,1.1,2026-04-19,320,Terra,MODIS,62,61.03,311.8,9.5,D,0
24.9995,83.8795,327.7,1.3,1.1,2026-04-19,320,Terra,MODIS,63,61.03,312.8,10.7,D,0
25.0153,83.8314,324.4,1.3,1.1,2026-04-19,320,Terra,MODIS,7,61.03,311.2,7.6,D,0
25.0678,83.8133,328.4,1.3,1.1,2026-04-19,320,Terra,MODIS,60,61.03,313.8,13.3,D,0
25.0696,83.8071,326.7,1.3,1.1,2026-04-19,320,Terra,MODIS,52,61.03,312.9,9.9,D,0
25.0852,85.9002,320,1,1,2026-04-19,320,Terra,MODIS,59,61.03,306.7,6.5,D,0
25.1079,83.825,330.2,1.3,1.1,2026-04-19,320,Terra,MODIS,74,61.03,314.4,14.3,D,0
25.1342,83.4251,328.7,1.4,1.2,2026-04-19,320,Terra,MODIS,63,61.03,312.2,16.1,D,0
25.1459,83.4132,330,1.4,1.2,2026-04-19,320,Terra,MODIS,73,61.03,312,18.6,D,0
25.1519,84.2208,327.1,1.2,1.1,2026-04-19,320,Terra,MODIS,69,61.03,311.7,13.2,D,0
25.1632,83.4423,334.3,1.4,1.2,2026-04-19,320,Terra,MODIS,79,61.03,312.5,26.6,D,0
25.1731,84.3674,324,1.2,1.1,2026-04-19,320,Terra,MODIS,60,61.03,310.8,10,D,0
25.1827,84.3688,343.1,1.2,1.1,2026-04-19,320,Terra,MODIS,89,61.03,311,45.2,D,0
25.1842,84.3571,337.9,1.2,1.1,2026-04-19,320,Terra,MODIS,84,61.03,310.3,33.8,D,0
25.1859,84.3753,322.7,1.2,1.1,2026-04-19,320,Terra,MODIS,56,61.03,309.1,8.5,D,0
25.1873,84.3636,335.7,1.2,1.1,2026-04-19,320,Terra,MODIS,82,61.03,309.9,29.9,D,0
25.2048,84.192,346.1,1.2,1.1,2026-04-19,320,Terra,MODIS,91,61.03,314.9,49.2,D,0
25.2063,84.1801,344.9,1.2,1.1,2026-04-19,320,Terra,MODIS,90,61.03,313.2,46,D,0
25.207,84.1984,328.2,1.2,1.1,2026-04-19,320,Terra,MODIS,66,61.03,313.6,13.1,D,0
25.2085,84.1865,359.6,1.2,1.1,2026-04-19,320,Terra,MODIS,99,61.03,314.5,93.4,D,0
25.2276,83.7589,327.3,1.3,1.1,2026-04-19,320,Terra,MODIS,68,61.03,312.4,12.7,D,0
25.2414,83.8119,326.3,1.3,1.1,2026-04-19,320,Terra,MODIS,66,61.03,312.7,10.2,D,0
25.2998,83.8389,326.9,1.3,1.1,2026-04-19,320,Terra,MODIS,69,61.03,311.2,12.6,D,0
25.3157,83.7899,325.4,1.3,1.1,2026-04-19,320,Terra,MODIS,54,61.03,311.5,10.9,D,0
25.3257,83.7913,328.4,1.3,1.1,2026-04-19,320,Terra,MODIS,72,61.03,312.4,16.6,D,0
25.3345,83.5449,326.7,1.3,1.2,2026-04-19,320,Terra,MODIS,68,61.03,311.4,15.2,D,0
25.4297,84.3633,331.9,1.2,1.1,2026-04-19,320,Terra,MODIS,79,61.03,311,23.7,D,0
25.4639,84.0008,321.6,1.3,1.1,2026-04-19,320,Terra,MODIS,56,61.03,307.5,10.3,D,0
25.4653,83.9885,330.8,1.3,1.1,2026-04-19,320,Terra,MODIS,77,61.03,308.2,25.3,D,0
26.379,83.4993,325.3,1.4,1.2,2026-04-19,320,Terra,MODIS,71,61.03,306.9,17.1,D,0
26.4062,83.8743,320.3,1.3,1.1,2026-04-19,320,Terra,MODIS,61,61.03,306.4,9.6,D,0
26.4332,83.7314,326.6,1.4,1.2,2026-04-19,320,Terra,MODIS,74,61.03,306.8,18.2,D,0
27.0245,82.7697,326.6,1.6,1.2,2026-04-19,320,Terra,MODIS,75,61.03,303.6,26.4,D,0
27.1467,82.9953,325.1,1.5,1.2,2026-04-19,320,Terra,MODIS,73,61.03,303.2,22.5,D,0
27.1484,82.9801,323,1.5,1.2,2026-04-19,320,Terra,MODIS,69,61.03,303.5,18.2,D,0
27.2094,82.8536,322.2,1.6,1.2,2026-04-19,320,Terra,MODIS,64,61.03,303.3,15.6,D,0
27.3032,82.9352,319.5,1.6,1.2,2026-04-19,320,Terra,MODIS,62,61.03,302.7,11.1,D,0
27.3048,82.9198,327,1.6,1.2,2026-04-19,320,Terra,MODIS,76,61.03,302.7,27,D,0
27.5211,83.2584,316.9,1.5,1.2,2026-04-19,320,Terra,MODIS,62,61.03,299.4,10.5,D,0
27.5375,82.6572,317.8,1.6,1.3,2026-04-19,320,Terra,MODIS,58,61.03,301.2,12.6,D,0
27.5392,82.641,317.4,1.6,1.3,2026-04-19,320,Terra,MODIS,56,61.03,301,11.9,D,0
27.5607,82.9874,319.4,1.6,1.2,2026-04-19,320,Terra,MODIS,66,61.03,299.6,15.5,D,0
27.5623,82.972,317.2,1.6,1.2,2026-04-19,320,Terra,MODIS,61,61.03,299.9,11.4,D,0
27.5743,82.6289,317.8,1.7,1.3,2026-04-19,320,Terra,MODIS,55,61.03,301.4,12.8,D,0
27.5764,82.6188,318.5,1.7,1.3,2026-04-19,320,Terra,MODIS,57,61.03,301,13,D,0
20.8079,92.8307,313.1,2.2,1.4,2026-04-19,321,Terra,MODIS,53,61.03,295.5,21.5,D,0
20.8716,92.5443,316.5,2,1.4,2026-04-19,321,Terra,MODIS,63,61.03,297.2,24.5,D,0
20.9665,86.0094,321.4,1,1,2026-04-19,321,Terra,MODIS,69,61.03,303.4,9.3,D,2
22.0025,79.3736,324.6,2.4,1.5,2026-04-19,321,Terra,MODIS,56,61.03,309.2,25.1,D,0
22.0362,83.7376,322.4,1.2,1.1,2026-04-19,321,Terra,MODIS,58,61.03,306.3,10.5,D,2
22.0956,79.3281,328.6,2.4,1.5,2026-04-19,321,Terra,MODIS,68,61.03,311.5,34.9,D,0
22.187,79.7238,323.8,2.3,1.5,2026-04-19,321,Terra,MODIS,66,61.03,308.4,24.2,D,0
22.3657,79.4906,324.3,2.4,1.5,2026-04-19,321,Terra,MODIS,66,61.03,309.4,21.3,D,0
23.1065,75.5742,321,4.8,2,2026-04-19,321,Terra,MODIS,59,61.03,301.8,66.6,D,0
23.1073,75.58,322,4.8,2,2026-04-19,321,Terra,MODIS,63,61.03,301.9,75.6,D,2
23.6807,86.3944,322.8,1,1,2026-04-19,321,Terra,MODIS,0,61.03,306.6,11.2,D,2
23.7092,86.448,320.2,1,1,2026-04-19,321,Terra,MODIS,64,61.03,305.7,8.4,D,2
23.7625,86.4042,327.1,1,1,2026-04-19,321,Terra,MODIS,69,61.03,307.7,13,D,2
23.7803,86.2103,322.4,1,1,2026-04-19,321,Terra,MODIS,68,61.03,307.2,10.3,D,2
23.7969,86.3508,321.9,1,1,2026-04-19,321,Terra,MODIS,49,61.03,307.2,8.7,D,2
23.8214,84.5776,322.7,1.1,1.1,2026-04-19,321,Terra,MODIS,64,61.03,309.5,9.3,D,0
24.1183,77.4045,323.7,3.6,1.8,2026-04-19,321,Terra,MODIS,61,61.03,306.4,51.8,D,0
16.0484,94.5037,328.7,3.6,1.8,2026-04-19,322,Terra,MODIS,62,61.03,297.6,114.7,D,0
17.6147,82.7054,315.1,1.2,1.1,2026-04-19,322,Terra,MODIS,57,61.03,300.3,6.8,D,0
17.8269,81.8242,315.6,1.4,1.2,2026-04-19,322,Terra,MODIS,56,61.03,300.6,9,D,0
18.3589,82.3829,317,1.3,1.1,2026-04-19,322,Terra,MODIS,59,61.03,301.4,8.6,D,0
20.4139,83.9692,317.9,1.1,1.1,2026-04-19,322,Terra,MODIS,58,61.03,301.8,6.8,D,0
20.794,85.2601,318.9,1,1,2026-04-19,322,Terra,MODIS,63,61.03,302,7.8,D,2
20.8666,84.9953,318.1,1,1,2026-04-19,322,Terra,MODIS,41,61.03,301.5,6.6,D,2
20.9562,85.0146,318.8,1,1,2026-04-19,322,Terra,MODIS,63,61.03,302.3,7.5,D,0
20.962,85.1802,319.2,1,1,2026-04-19,322,Terra,MODIS,35,61.03,301,7.8,D,2
20.9633,85.1706,323.9,1,1,2026-04-19,322,Terra,MODIS,64,61.03,301.5,12.3,D,2
21.2329,83.0723,323.4,1.3,1.1,2026-04-19,322,Terra,MODIS,69,61.03,305.9,11.4,D,0
21.2343,83.0602,321.2,1.3,1.1,2026-04-19,322,Terra,MODIS,59,61.03,306.1,7.5,D,0
15.1223,79.6651,319.4,1.8,1.3,2026-04-19,323,Terra,MODIS,55,61.03,301.3,16.7,D,0
16.1455,79.1133,320.8,2.1,1.4,2026-04-19,323,Terra,MODIS,58,61.03,305.5,19.2,D,0
17.2543,82.2408,314.8,1.3,1.1,2026-04-19,323,Terra,MODIS,29,61.03,298.1,7.3,D,0
17.2726,82.2552,316.7,1.3,1.1,2026-04-19,323,Terra,MODIS,28,61.03,298.1,10,D,0
9.8504,77.805,320.5,2.1,1.4,2026-04-19,325,Terra,MODIS,67,61.03,301.6,17.7,D,0
9.8528,77.8114,320.5,2.1,1.4,2026-04-19,325,Terra,MODIS,67,61.03,302,17.8,D,0
34.4319,69.1482,304.1,1.3,1.1,2026-04-19,456,Terra,MODIS,46,61.03,287.4,5.1,D,0
35.1388,69.3096,310.3,1.3,1.1,2026-04-19,456,Terra,MODIS,70,61.03,290.6,11.8,D,0
29.5688,72.3837,317.7,2.8,1.6,2026-04-19,457,Terra,MODIS,36,61.03,295.4,37.9,D,0
24.1778,69.4877,323.8,2.3,1.5,2026-04-19,459,Terra,MODIS,46,61.03,306,24.3,D,0
24.1785,69.4821,323.2,2.3,1.5,2026-04-19,459,Terra,MODIS,65,61.03,306.3,24.9,D,0
27.5877,96.2704,308.5,3.7,1.8,2026-04-19,756,Aqua,MODIS,55,61.03,291.7,37.2,D,0
27.9616,94.5935,304.6,4.7,2,2026-04-19,757,Aqua,MODIS,45,61.03,288.7,49.6,D,0
28.1323,95.0898,304.7,4.3,1.9,2026-04-19,757,Aqua,MODIS,24,61.03,289,36.8,D,0
10.4452,79.5922,323.2,2.2,1.4,2026-04-19,930,Aqua,MODIS,69,61.03,307.1,29.3,D,0
10.4461,79.5872,324.9,2.2,1.4,2026-04-19,930,Aqua,MODIS,73,61.03,306.8,34.1,D,0
11.4734,76.5677,346.2,3.7,1.8,2026-04-19,930,Aqua,MODIS,92,61.03,295.2,320.9,D,0
11.4779,76.5741,356.6,3.7,1.8,2026-04-19,930,Aqua,MODIS,98,61.03,296.3,475.2,D,0
11.4795,76.6005,362.7,3.7,1.8,2026-04-19,930,Aqua,MODIS,100,61.03,296.6,575.5,D,0
11.4837,76.607,348.1,3.7,1.8,2026-04-19,930,Aqua,MODIS,93,61.03,295.1,343.6,D,0
12.2996,78.406,322.6,2.5,1.5,2026-04-19,931,Aqua,MODIS,58,61.03,307.2,23.4,D,0
13.8874,79.1516,328.5,2,1.4,2026-04-19,931,Aqua,MODIS,75,61.03,304.8,42.9,D,0
13.8954,79.1544,324.7,2,1.4,2026-04-19,931,Aqua,MODIS,70,61.03,305.8,30.3,D,0
14.3545,78.7415,328.2,2.2,1.4,2026-04-19,931,Aqua,MODIS,54,61.03,309.4,31.3,D,0
14.3563,78.7361,327.1,2.2,1.4,2026-04-19,931,Aqua,MODIS,44,61.03,309.2,21.7,D,0
14.5711,78.9235,322.9,2.1,1.4,2026-04-19,931,Aqua,MODIS,36,61.03,305.1,22.2,D,0
14.5832,78.9214,349.8,2.1,1.4,2026-04-19,931,Aqua,MODIS,94,61.03,305.7,141.5,D,0
14.5863,78.9392,343.3,2.1,1.4,2026-04-19,931,Aqua,MODIS,89,61.03,306.5,103,D,0
14.5867,78.9155,335.4,2.1,1.4,2026-04-19,931,Aqua,MODIS,81,61.03,304.4,68.5,D,0
14.59,78.9336,352.4,2.1,1.4,2026-04-19,931,Aqua,MODIS,95,61.03,305.9,157.9,D,0
16.13,80.4067,328.1,1.5,1.2,2026-04-19,931,Aqua,MODIS,71,61.03,307.1,20.4,D,0
16.5605,80.8981,329.8,1.4,1.2,2026-04-19,932,Aqua,MODIS,79,61.03,305,20.8,D,0
17.1308,81.7997,322.5,1.2,1.1,2026-04-19,932,Aqua,MODIS,66,61.03,307.1,9.4,D,0
17.32,81.5213,317.1,1.2,1.1,2026-04-19,932,Aqua,MODIS,37,61.03,301.7,8.1,D,0
17.3242,81.4863,319.7,1.2,1.1,2026-04-19,932,Aqua,MODIS,58,61.03,302.8,9.7,D,0
17.3556,81.3482,320.4,1.2,1.1,2026-04-19,932,Aqua,MODIS,59,61.03,303.1,11,D,0
17.3708,81.5622,329.1,1.2,1.1,2026-04-19,932,Aqua,MODIS,77,61.03,302.9,22.5,D,0
17.3875,81.4233,340.8,1.2,1.1,2026-04-19,932,Aqua,MODIS,88,61.03,303.5,47.3,D,0
17.4144,81.4065,322.9,1.2,1.1,2026-04-19,932,Aqua,MODIS,46,61.03,304,12.4,D,0
17.4186,81.4113,321.2,1.2,1.1,2026-04-19,932,Aqua,MODIS,33,61.03,304.4,9.4,D,0
17.4304,81.9893,327,1.1,1.1,2026-04-19,932,Aqua,MODIS,75,61.03,303.8,17.4,D,0
17.446,81.6045,318.7,1.2,1.1,2026-04-19,932,Aqua,MODIS,52,61.03,302.8,8.2,D,0
17.4512,81.6093,319.5,1.2,1.1,2026-04-19,932,Aqua,MODIS,53,61.03,302.6,10.2,D,0
17.4519,81.3127,321.3,1.2,1.1,2026-04-19,932,Aqua,MODIS,60,61.03,304.4,9.5,D,0
17.4808,80.8581,324.5,1.3,1.1,2026-04-19,932,Aqua,MODIS,70,61.03,305.4,13.7,D,0
17.5058,82.3432,321.3,1.1,1,2026-04-19,932,Aqua,MODIS,64,61.03,303.4,10.6,D,0
17.5177,81.8397,318.4,1.2,1.1,2026-04-19,932,Aqua,MODIS,51,61.03,304.9,7,D,0
17.5377,81.5083,319.6,1.2,1.1,2026-04-19,932,Aqua,MODIS,55,61.03,303.1,9.6,D,0
17.5387,81.9112,334.3,1.2,1.1,2026-04-19,932,Aqua,MODIS,83,61.03,305.5,28.9,D,0
17.5603,81.745,318.2,1.2,1.1,2026-04-19,932,Aqua,MODIS,49,61.03,302.3,9.2,D,0
17.5991,81.4641,325.5,1.2,1.1,2026-04-19,932,Aqua,MODIS,61,61.03,304.7,14,D,0
17.6021,82.3103,317.6,1.1,1,2026-04-19,932,Aqua,MODIS,35,61.03,304.2,5.9,D,0
17.6037,82.3202,326.3,1.1,1,2026-04-19,932,Aqua,MODIS,74,61.03,304.2,16.4,D,0
17.606,81.4229,325.1,1.2,1.1,2026-04-19,932,Aqua,MODIS,52,61.03,303.6,13.4,D,0
17.6082,82.0491,318.4,1.1,1.1,2026-04-19,932,Aqua,MODIS,43,61.03,303,7.6,D,0
17.6134,81.4675,327.3,1.2,1.1,2026-04-19,932,Aqua,MODIS,73,61.03,304,17.9,D,0
17.6137,82.2046,323.3,1.1,1.1,2026-04-19,932,Aqua,MODIS,68,61.03,305,11.8,D,0
17.6414,81.5192,323.6,1.2,1.1,2026-04-19,932,Aqua,MODIS,67,61.03,303.1,12.5,D,0
17.6508,81.5171,323,1.2,1.1,2026-04-19,932,Aqua,MODIS,57,61.03,303.1,11.3,D,0
17.7031,82.1213,329.6,1.1,1.1,2026-04-19,932,Aqua,MODIS,78,61.03,305.9,23.1,D,0
17.7047,82.1314,321.6,1.1,1.1,2026-04-19,932,Aqua,MODIS,64,61.03,305.3,12.6,D,0
17.7968,81.7837,324.5,1.2,1.1,2026-04-19,932,Aqua,MODIS,63,61.03,302.3,14.5,D,0
17.8062,81.7825,329.4,1.2,1.1,2026-04-19,932,Aqua,MODIS,77,61.03,303.9,22.1,D,0
17.8079,81.7932,322.5,1.2,1.1,2026-04-19,932,Aqua,MODIS,29,61.03,303.7,11.3,D,0
17.8123,82.5869,326.8,1.1,1,2026-04-19,932,Aqua,MODIS,75,61.03,302.1,18.2,D,0
17.8351,81.7227,322.8,1.2,1.1,2026-04-19,932,Aqua,MODIS,52,61.03,302,12.4,D,0
17.8369,80.7076,326.2,1.3,1.1,2026-04-19,932,Aqua,MODIS,69,61.03,305,17.7,D,0
17.8395,81.7156,320,1.2,1.1,2026-04-19,932,Aqua,MODIS,35,61.03,303.1,9.7,D,0
17.8704,81.9057,325.5,1.1,1.1,2026-04-19,932,Aqua,MODIS,70,61.03,300.2,19,D,0
17.9302,81.8626,318.3,1.1,1.1,2026-04-19,932,Aqua,MODIS,32,61.03,301.2,9.2,D,0
17.9551,81.8996,320.6,1.1,1.1,2026-04-19,932,Aqua,MODIS,56,61.03,301.3,12,D,0
17.9568,81.9104,318.8,1.1,1.1,2026-04-19,932,Aqua,MODIS,43,61.03,300.3,9.8,D,0
17.9841,81.8554,328.8,1.1,1.1,2026-04-19,932,Aqua,MODIS,56,61.03,304.3,19.9,D,0
17.9858,81.8658,328.4,1.1,1.1,2026-04-19,932,Aqua,MODIS,56,61.03,303.4,19.6,D,0
17.9874,81.8763,320.5,1.1,1.1,2026-04-19,932,Aqua,MODIS,23,61.03,302.5,8.8,D,0
18.0073,82.0004,319.6,1.1,1.1,2026-04-19,932,Aqua,MODIS,46,61.03,301.4,8.8,D,0
18.0106,82.9111,322,1,1,2026-04-19,932,Aqua,MODIS,68,61.03,302.5,10.9,D,0
18.0296,81.9019,322.5,1.1,1.1,2026-04-19,932,Aqua,MODIS,48,61.03,301.3,11.6,D,0
18.0306,82.028,320,1.1,1.1,2026-04-19,932,Aqua,MODIS,43,61.03,301.8,9.1,D,0
18.0312,81.9119,340.6,1.1,1.1,2026-04-19,932,Aqua,MODIS,88,61.03,302,40.8,D,0
18.0404,81.9105,332.6,1.1,1.1,2026-04-19,932,Aqua,MODIS,80,61.03,302.7,25.8,D,0
18.0421,81.9208,321.6,1.1,1.1,2026-04-19,932,Aqua,MODIS,26,61.03,302,9.9,D,0
18.0664,81.9121,325.5,1.1,1.1,2026-04-19,932,Aqua,MODIS,68,61.03,302.9,15.9,D,0
18.068,81.9224,320.3,1.1,1.1,2026-04-19,932,Aqua,MODIS,38,61.03,301.5,9.6,D,0
18.0821,81.9512,320.4,1.1,1.1,2026-04-19,932,Aqua,MODIS,48,61.03,302.3,10.9,D,0
18.0837,81.9612,320.1,1.1,1.1,2026-04-19,932,Aqua,MODIS,45,61.03,301.6,10.7,D,0
18.2778,81.2587,325.1,1.2,1.1,2026-04-19,932,Aqua,MODIS,46,61.03,303.1,13.4,D,0
18.2873,81.2568,322.9,1.2,1.1,2026-04-19,932,Aqua,MODIS,50,61.03,302.5,10.4,D,0
18.3053,80.741,327.1,1.3,1.1,2026-04-19,932,Aqua,MODIS,68,61.03,305.6,16.6,D,0
18.3132,80.7271,325.3,1.3,1.1,2026-04-19,932,Aqua,MODIS,64,61.03,306.8,13.4,D,0
18.3151,80.7391,334.3,1.3,1.1,2026-04-19,932,Aqua,MODIS,81,61.03,306.4,30.3,D,0
18.4232,81.254,319.9,1.2,1.1,2026-04-19,932,Aqua,MODIS,22,61.03,301.3,5.3,D,0
18.5619,81.1783,323.1,1.2,1.1,2026-04-19,932,Aqua,MODIS,52,61.03,304.3,11.4,D,0
18.5637,81.1896,322.2,1.2,1.1,2026-04-19,932,Aqua,MODIS,38,61.03,303.8,10.1,D,0
18.6615,81.9792,343.7,1.1,1.1,2026-04-19,932,Aqua,MODIS,90,61.03,305.8,44.9,D,0
18.6935,80.9086,323.9,1.3,1.1,2026-04-19,932,Aqua,MODIS,66,61.03,304.9,10.4,D,0
18.81,82.1529,321.8,1.1,1,2026-04-19,932,Aqua,MODIS,61,61.03,303.4,10.6,D,0
18.828,81.9793,318.9,1.1,1,2026-04-19,932,Aqua,MODIS,44,61.03,304.4,8.5,D,0
18.8766,81.0154,321.4,1.2,1.1,2026-04-19,932,Aqua,MODIS,44,61.03,304.6,8.1,D,0
18.9273,82.6096,333.1,1,1,2026-04-19,932,Aqua,MODIS,82,61.03,307.1,23.1,D,0
18.9288,82.6193,321.5,1,1,2026-04-19,932,Aqua,MODIS,64,61.03,307.7,8.1,D,0
18.9448,82.1275,320.7,1.1,1,2026-04-19,932,Aqua,MODIS,57,61.03,304.6,8.7,D,0
18.9766,82.1525,323.5,1.1,1,2026-04-19,932,Aqua,MODIS,60,61.03,304.5,10.4,D,0
18.9841,82.141,326.3,1.1,1,2026-04-19,932,Aqua,MODIS,68,61.03,304.5,14.1,D,0
18.9857,82.1509,322.5,1.1,1,2026-04-19,932,Aqua,MODIS,45,61.03,304.4,9.2,D,0
19.0172,82.7799,323.9,1,1,2026-04-19,932,Aqua,MODIS,70,61.03,308.1,9.1,D,0
19.0439,84.3227,323.3,1,1,2026-04-19,932,Aqua,MODIS,73,61.03,302.8,11.5,D,0
19.073,82.7733,363.3,1,1,2026-04-19,932,Aqua,MODIS,75,61.03,309.7,87.5,D,0
19.0745,82.7828,359.7,1,1,2026-04-19,932,Aqua,MODIS,94,61.03,308.7,77.2,D,0
19.0945,80.5863,326.1,1.3,1.1,2026-04-19,932,Aqua,MODIS,69,61.03,306.2,14.3,D,0
19.1582,81.152,328.3,1.2,1.1,2026-04-19,932,Aqua,MODIS,73,61.03,305.8,19.3,D,0
19.1885,80.9163,322.1,1.2,1.1,2026-04-19,932,Aqua,MODIS,50,61.03,306.4,10.4,D,0
19.2557,80.945,330.1,1.2,1.1,2026-04-19,932,Aqua,MODIS,76,61.03,307.8,21.7,D,0
19.2672,80.9546,322.6,1.2,1.1,2026-04-19,932,Aqua,MODIS,60,61.03,304.7,10.4,D,0
19.269,80.9662,320.3,1.2,1.1,2026-04-19,932,Aqua,MODIS,39,61.03,303.7,7.5,D,0
19.3082,83.2208,321.9,1,1,2026-04-19,932,Aqua,MODIS,65,61.03,303.4,8.7,D,0
19.3313,81.0171,329.9,1.2,1.1,2026-04-19,932,Aqua,MODIS,76,61.03,307.5,17.5,D,0
19.3331,81.0283,328.1,1.2,1.1,2026-04-19,932,Aqua,MODIS,72,61.03,307,15.7,D,0
19.335,81.0395,323.3,1.2,1.1,2026-04-19,932,Aqua,MODIS,25,61.03,304.9,9.4,D,0
19.3408,81.0153,324.6,1.2,1.1,2026-04-19,932,Aqua,MODIS,32,61.03,307.5,9.6,D,0
19.3933,81.0125,324.2,1.2,1.1,2026-04-19,932,Aqua,MODIS,53,61.03,304.4,11,D,0
19.407,80.917,323.2,1.2,1.1,2026-04-19,932,Aqua,MODIS,64,61.03,305.3,11.9,D,0
19.4086,80.986,325.3,1.2,1.1,2026-04-19,932,Aqua,MODIS,49,61.03,304.6,12.8,D,0
19.4107,80.9396,320.2,1.2,1.1,2026-04-19,932,Aqua,MODIS,31,61.03,305.1,7.2,D,0
19.4156,81.0877,326,1.2,1.1,2026-04-19,932,Aqua,MODIS,34,61.03,305.2,13.9,D,0
19.4174,81.0987,325.5,1.2,1.1,2026-04-19,932,Aqua,MODIS,28,61.03,306,14.5,D,0
19.4269,81.097,324.4,1.2,1.1,2026-04-19,932,Aqua,MODIS,29,61.03,304.9,12.9,D,0
19.4641,80.8179,322.2,1.2,1.1,2026-04-19,932,Aqua,MODIS,62,61.03,305.9,10.1,D,0
19.4671,81.0442,343.9,1.2,1.1,2026-04-19,932,Aqua,MODIS,90,61.03,307,48.3,D,0
19.4689,81.0552,335.2,1.2,1.1,2026-04-19,932,Aqua,MODIS,83,61.03,305.5,29.5,D,0
19.4698,80.8524,324.4,1.2,1.1,2026-04-19,932,Aqua,MODIS,67,61.03,305,12.8,D,0
19.4748,81.0313,324.3,1.2,1.1,2026-04-19,932,Aqua,MODIS,64,61.03,306.5,10.4,D,0
19.4766,81.0424,322.9,1.2,1.1,2026-04-19,932,Aqua,MODIS,49,61.03,306.2,8.6,D,0
19.4771,83.8573,327.9,1,1,2026-04-19,932,Aqua,MODIS,78,61.03,304.5,16.3,D,0
19.4775,80.8391,325.6,1.2,1.1,2026-04-19,932,Aqua,MODIS,22,61.03,305.5,12.8,D,0
19.4929,80.8125,321,1.2,1.1,2026-04-19,932,Aqua,MODIS,32,61.03,304.6,8.4,D,0
19.4948,80.8241,322,1.2,1.1,2026-04-19,932,Aqua,MODIS,31,61.03,305.5,9,D,0
19.4977,81.0204,325.9,1.2,1.1,2026-04-19,932,Aqua,MODIS,63,61.03,307.2,13.2,D,0
19.4996,81.0315,323.6,1.2,1.1,2026-04-19,932,Aqua,MODIS,56,61.03,305.9,10.2,D,0
19.6001,80.9035,327.2,1.2,1.1,2026-04-19,932,Aqua,MODIS,72,61.03,305.3,18.4,D,0
19.6019,80.9146,321.8,1.2,1.1,2026-04-19,932,Aqua,MODIS,59,61.03,305.1,10.5,D,0
19.6109,82.9534,320.8,1,1,2026-04-19,932,Aqua,MODIS,55,61.03,306.8,6.2,D,0
19.6181,80.772,323.4,1.2,1.1,2026-04-19,932,Aqua,MODIS,59,61.03,305.4,11.8,D,0
19.6274,80.829,321.6,1.2,1.1,2026-04-19,932,Aqua,MODIS,46,61.03,304,9.9,D,0
19.659,80.8743,334,1.2,1.1,2026-04-19,932,Aqua,MODIS,81,61.03,304.3,29.4,D,0
19.6609,80.8857,326,1.2,1.1,2026-04-19,932,Aqua,MODIS,65,61.03,303.8,14.3,D,0
19.6661,83.0204,324.8,1,1,2026-04-19,932,Aqua,MODIS,68,61.03,308.4,8.9,D,0
19.6933,80.9031,323.5,1.2,1.1,2026-04-19,932,Aqua,MODIS,32,61.03,305.2,11.3,D,0
19.6951,80.9139,323.4,1.2,1.1,2026-04-19,932,Aqua,MODIS,48,61.03,304.6,11.6,D,0
19.7421,80.9621,320.7,1.2,1.1,2026-04-19,932,Aqua,MODIS,50,61.03,304.5,9,D,0
19.7439,80.9734,322.5,1.2,1.1,2026-04-19,932,Aqua,MODIS,59,61.03,304.1,11.3,D,0
19.7484,83.1346,323.8,1,1,2026-04-19,932,Aqua,MODIS,66,61.03,305.4,9.5,D,0
19.7662,80.9641,323.8,1.2,1.1,2026-04-19,932,Aqua,MODIS,63,61.03,305.3,12.8,D,0
19.8305,83.2634,321.6,1,1,2026-04-19,932,Aqua,MODIS,53,61.03,307,6.4,D,0
19.8725,83.6065,327.4,1,1,2026-04-19,932,Aqua,MODIS,68,61.03,304.1,12.9,D,0
19.8812,83.6051,329.9,1,1,2026-04-19,932,Aqua,MODIS,76,61.03,305.8,15.7,D,0
19.9517,83.6337,324.6,1,1,2026-04-19,932,Aqua,MODIS,66,61.03,307,10.1,D,0
20.0177,83.5793,331.4,1,1,2026-04-19,932,Aqua,MODIS,78,61.03,304,17,D,0
20.0191,83.5885,324.4,1,1,2026-04-19,932,Aqua,MODIS,15,61.03,303.2,8.9,D,0
20.0243,85.7093,321.3,1.1,1,2026-04-19,932,Aqua,MODIS,68,61.03,302,11,D,0
20.0264,83.5778,324,1,1,2026-04-19,932,Aqua,MODIS,23,61.03,304.9,8.1,D,0
20.1074,84.1317,338.3,1,1,2026-04-19,932,Aqua,MODIS,85,61.03,301.5,29.9,D,0
20.1087,84.141,327.8,1,1,2026-04-19,932,Aqua,MODIS,73,61.03,300,15.3,D,0
20.1434,83.7405,324.3,1,1,2026-04-19,932,Aqua,MODIS,64,61.03,307,8.8,D,0
20.1561,83.5056,326.6,1,1,2026-04-19,932,Aqua,MODIS,68,61.03,309.5,9.4,D,0
20.1845,84.0839,320.3,1,1,2026-04-19,932,Aqua,MODIS,45,61.03,305.7,5.4,D,0
20.1858,84.0931,322.2,1,1,2026-04-19,932,Aqua,MODIS,57,61.03,305.9,7.5,D,0
20.1899,83.6135,324,1,1,2026-04-19,932,Aqua,MODIS,64,61.03,308.5,7.2,D,0
20.2094,83.686,322.4,1,1,2026-04-19,932,Aqua,MODIS,31,61.03,307.6,6.9,D,0
20.2369,83.6908,322.5,1,1,2026-04-19,932,Aqua,MODIS,59,61.03,306.2,7,D,0
20.2381,83.577,325,1,1,2026-04-19,932,Aqua,MODIS,67,61.03,309.1,8.2,D,0
20.2383,83.7,323.3,1,1,2026-04-19,932,Aqua,MODIS,61,61.03,306.3,8,D,0
20.2449,83.6232,324.6,1,1,2026-04-19,932,Aqua,MODIS,66,61.03,309.7,8.3,D,0
20.1287,80.3559,327.6,1.3,1.1,2026-04-19,933,Aqua,MODIS,63,61.03,307.7,18.2,D,0
20.293,80.0495,328.7,1.3,1.1,2026-04-19,933,Aqua,MODIS,66,61.03,311.6,14.7,D,0
20.4852,77.9743,340.4,1.9,1.3,2026-04-19,933,Aqua,MODIS,75,61.03,310,70.9,D,0
20.5459,79.8413,328.8,1.4,1.2,2026-04-19,933,Aqua,MODIS,65,61.03,310.3,15,D,0
20.6302,83.4608,326.8,1,1,2026-04-19,933,Aqua,MODIS,65,61.03,312.2,7.9,D,0
20.6756,83.4056,327.5,1,1,2026-04-19,933,Aqua,MODIS,64,61.03,310.6,9,D,0
20.6813,81.4525,332.4,1.1,1.1,2026-04-19,933,Aqua,MODIS,75,61.03,314.3,13.8,D,0
20.7327,84.2918,326.3,1,1,2026-04-19,933,Aqua,MODIS,64,61.03,308.6,8.2,D,0
20.734,84.3013,332.4,1,1,2026-04-19,933,Aqua,MODIS,76,61.03,309.6,16.2,D,0
20.7501,82.1255,325.6,1.1,1,2026-04-19,933,Aqua,MODIS,55,61.03,312.7,7.3,D,0
20.7919,85.2566,324.6,1.1,1,2026-04-19,933,Aqua,MODIS,51,61.03,307.2,9,D,2
20.8241,81.3568,329.7,1.1,1.1,2026-04-19,933,Aqua,MODIS,66,61.03,314,10.7,D,0
20.8258,81.3671,332.8,1.1,1.1,2026-04-19,933,Aqua,MODIS,75,61.03,314.9,15.9,D,0
20.8778,79.1318,330.9,1.5,1.2,2026-04-19,933,Aqua,MODIS,62,61.03,314.2,19.9,D,0
20.8778,81.2865,329.5,1.1,1.1,2026-04-19,933,Aqua,MODIS,55,61.03,315.1,11.1,D,0
20.9328,81.749,333.1,1.1,1,2026-04-19,933,Aqua,MODIS,75,61.03,314.6,11.9,D,0
20.9418,81.7473,332.6,1.1,1,2026-04-19,933,Aqua,MODIS,74,61.03,317.6,10.9,D,0
20.9513,85.0063,324,1.1,1,2026-04-19,933,Aqua,MODIS,50,61.03,305.4,6,D,0
20.9585,86.0031,324.5,1.2,1.1,2026-04-19,933,Aqua,MODIS,50,61.03,308.1,9,D,2
20.964,85.1661,328.8,1.1,1,2026-04-19,933,Aqua,MODIS,41,61.03,307.6,12.6,D,2
20.9652,81.6605,331.3,1.1,1,2026-04-19,933,Aqua,MODIS,68,61.03,317.6,10.6,D,0
20.9653,85.176,330,1.1,1,2026-04-19,933,Aqua,MODIS,62,61.03,306.3,15.2,D,2
20.9656,86.0065,324.8,1.2,1.1,2026-04-19,933,Aqua,MODIS,61,61.03,308.7,10.1,D,2
21.0396,84.7757,329.9,1,1,2026-04-19,933,Aqua,MODIS,74,61.03,308.8,16.1,D,0
21.0827,83.4584,333,1,1,2026-04-19,933,Aqua,MODIS,78,61.03,312.4,17.1,D,0
21.1451,83.4574,327.4,1,1,2026-04-19,933,Aqua,MODIS,68,61.03,310.3,10.9,D,0
21.2632,81.3191,327.4,1.1,1.1,2026-04-19,933,Aqua,MODIS,62,61.03,313,7.3,D,0
21.32,83.1225,336.2,1,1,2026-04-19,933,Aqua,MODIS,82,61.03,315.1,16.5,D,0
21.3213,83.1319,330.8,1,1,2026-04-19,933,Aqua,MODIS,73,61.03,313.3,8.7,D,0
21.3731,81.8995,333.1,1.1,1,2026-04-19,933,Aqua,MODIS,75,61.03,319.5,10.7,D,0
21.4408,80.6991,328.8,1.2,1.1,2026-04-19,933,Aqua,MODIS,65,61.03,312.8,16.2,D,0
21.4746,85.5313,339.7,1.1,1.1,2026-04-19,933,Aqua,MODIS,87,61.03,307.9,38,D,0
21.5165,80.7689,326.2,1.2,1.1,2026-04-19,933,Aqua,MODIS,53,61.03,311.6,11.8,D,0
21.5166,82.6475,326.4,1,1,2026-04-19,933,Aqua,MODIS,53,61.03,312.5,9.1,D,0
21.5309,84.1403,323.7,1,1,2026-04-19,933,Aqua,MODIS,62,61.03,309.5,6.5,D,0
21.5461,82.0567,334.8,1,1,2026-04-19,933,Aqua,MODIS,76,61.03,318.7,13.6,D,0
21.5476,82.0664,337.2,1,1,2026-04-19,933,Aqua,MODIS,80,61.03,318,17.9,D,0
21.5653,81.5913,340.8,1.1,1,2026-04-19,933,Aqua,MODIS,85,61.03,318.6,26.4,D,0
21.5668,81.6013,342.3,1.1,1,2026-04-19,933,Aqua,MODIS,85,61.03,316,29.9,D,0
21.5755,81.2474,341.2,1.1,1.1,2026-04-19,933,Aqua,MODIS,85,61.03,318.8,26.3,D,0
21.5979,82.3931,332.3,1,1,2026-04-19,933,Aqua,MODIS,47,61.03,314.5,17.6,D,0
21.6962,81.4825,343.8,1.1,1,2026-04-19,933,Aqua,MODIS,87,61.03,319.3,32.2,D,0
21.6978,80.4466,326.7,1.2,1.1,2026-04-19,933,Aqua,MODIS,55,61.03,313.5,11.2,D,0
21.737,83.8372,330.9,1,1,2026-04-19,933,Aqua,MODIS,56,61.03,317,10,D,0
21.7531,81.4303,332.3,1.1,1,2026-04-19,933,Aqua,MODIS,72,61.03,318.8,10.5,D,0
21.7901,80.7431,327.6,1.2,1.1,2026-04-19,933,Aqua,MODIS,61,61.03,311.4,13.5,D,0
21.7948,81.4576,348.8,1.1,1,2026-04-19,933,Aqua,MODIS,92,61.03,319.8,39.6,D,0
21.8341,81.4712,349.6,1.1,1,2026-04-19,933,Aqua,MODIS,93,61.03,320.6,41.3,D,0
21.9415,81.7436,332.3,1.1,1,2026-04-19,933,Aqua,MODIS,73,61.03,319.7,10.4,D,0
21.9582,81.7912,330.4,1.1,1,2026-04-19,933,Aqua,MODIS,68,61.03,317.9,8.4,D,0
22.0111,81.0197,328.8,1.1,1.1,2026-04-19,933,Aqua,MODIS,66,61.03,316.3,12.2,D,0
22.0129,81.0303,330.6,1.1,1.1,2026-04-19,933,Aqua,MODIS,70,61.03,313.4,15.3,D,0
22.0172,79.5149,326.3,1.4,1.2,2026-04-19,933,Aqua,MODIS,41,61.03,308,15.2,D,0
22.0273,80.3131,328,1.2,1.1,2026-04-19,933,Aqua,MODIS,67,61.03,311.7,15.4,D,0
22.0291,80.3245,328.7,1.2,1.1,2026-04-19,933,Aqua,MODIS,68,61.03,311.6,16.8,D,0
22.038,79.5756,326.5,1.3,1.1,2026-04-19,933,Aqua,MODIS,64,61.03,311.1,14.2,D,0
22.1732,81.0365,332.7,1.1,1.1,2026-04-19,933,Aqua,MODIS,76,61.03,312.8,21.4,D,0
22.1749,81.0469,326.9,1.1,1.1,2026-04-19,933,Aqua,MODIS,63,61.03,311,12.4,D,0
22.1811,81.0402,326.4,1.1,1.1,2026-04-19,933,Aqua,MODIS,62,61.03,310.8,12.3,D,0
22.2118,83.5951,322.9,1,1,2026-04-19,933,Aqua,MODIS,45,61.03,309.8,6.9,D,0
22.2246,80.5618,328.3,1.2,1.1,2026-04-19,933,Aqua,MODIS,60,61.03,313.1,15.5,D,0
22.2762,79.8801,328.4,1.3,1.1,2026-04-19,933,Aqua,MODIS,67,61.03,313.5,13.7,D,0
22.2874,80.4416,326.2,1.2,1.1,2026-04-19,933,Aqua,MODIS,61,61.03,314.6,8.1,D,0
22.3062,80.9446,327.5,1.1,1.1,2026-04-19,933,Aqua,MODIS,53,61.03,315.6,9.5,D,0
22.3189,85.3672,325.4,1.1,1.1,2026-04-19,933,Aqua,MODIS,67,61.03,309.3,12.3,D,0
22.3244,81.8215,328.3,1,1,2026-04-19,933,Aqua,MODIS,68,61.03,310.6,13.5,D,0
22.3281,79.7084,328.9,1.3,1.1,2026-04-19,933,Aqua,MODIS,67,61.03,313.6,12.6,D,0
22.3333,81.8199,331.2,1,1,2026-04-19,933,Aqua,MODIS,74,61.03,310.3,16.8,D,0
22.3344,79.8069,329.5,1.3,1.1,2026-04-19,933,Aqua,MODIS,65,61.03,314.4,13.9,D,0
22.3383,79.8307,330.3,1.3,1.1,2026-04-19,933,Aqua,MODIS,69,61.03,313.5,15.8,D,0
22.3403,79.8427,326.6,1.3,1.1,2026-04-19,933,Aqua,MODIS,52,61.03,313.1,10.3,D,0
22.3588,85.3226,324.1,1.1,1.1,2026-04-19,933,Aqua,MODIS,63,61.03,309.8,10.2,D,0
22.3735,79.49,339,1.3,1.1,2026-04-19,933,Aqua,MODIS,79,61.03,314.5,33.3,D,0
22.409,79.7616,337.6,1.3,1.1,2026-04-19,933,Aqua,MODIS,66,61.03,313.4,31.5,D,0
22.4437,79.7732,330.1,1.3,1.1,2026-04-19,933,Aqua,MODIS,63,61.03,311.2,13.9,D,0
22.4439,81.4621,326,1.1,1,2026-04-19,933,Aqua,MODIS,42,61.03,314.7,6.8,D,0
22.4458,79.7852,331.3,1.3,1.1,2026-04-19,933,Aqua,MODIS,71,61.03,311.6,16.6,D,0
22.4494,79.7471,343.2,1.3,1.1,2026-04-19,933,Aqua,MODIS,87,61.03,314.7,40.4,D,0
22.4515,79.7592,356.2,1.3,1.1,2026-04-19,933,Aqua,MODIS,97,61.03,315.6,80.4,D,0
22.4523,85.4588,322.7,1.1,1.1,2026-04-19,933,Aqua,MODIS,59,61.03,309.8,8,D,0
22.4533,80.8829,325.6,1.1,1.1,2026-04-19,933,Aqua,MODIS,48,61.03,313.4,7.1,D,0
22.4783,85.5365,322.3,1.1,1.1,2026-04-19,933,Aqua,MODIS,59,61.03,307.2,8.1,D,0
22.4912,85.4906,324.5,1.1,1.1,2026-04-19,933,Aqua,MODIS,66,61.03,311.2,9.9,D,0
22.5217,81.7228,327.6,1,1,2026-04-19,933,Aqua,MODIS,63,61.03,312.5,13,D,0
22.5793,79.7905,351.7,1.3,1.1,2026-04-19,933,Aqua,MODIS,94,61.03,316.8,65.1,D,0
22.5871,79.7767,345.2,1.3,1.1,2026-04-19,933,Aqua,MODIS,89,61.03,318.9,44.2,D,0
22.5891,79.7886,342.7,1.3,1.1,2026-04-19,933,Aqua,MODIS,86,61.03,318.1,37.8,D,0
22.6358,81.2695,331.9,1.1,1,2026-04-19,933,Aqua,MODIS,58,61.03,316.4,17.6,D,0
22.8101,81.0236,348.6,1.1,1,2026-04-19,933,Aqua,MODIS,92,61.03,314.7,45.7,D,0
22.8173,80.7229,331.5,1.1,1.1,2026-04-19,933,Aqua,MODIS,59,61.03,319.1,9.3,D,0
22.9389,80.2145,330,1.2,1.1,2026-04-19,933,Aqua,MODIS,43,61.03,317.2,9.5,D,0
22.9779,84.1154,338.3,1,1,2026-04-19,933,Aqua,MODIS,85,61.03,307.2,27.5,D,0
23.0579,80.0497,337.5,1.2,1.1,2026-04-19,933,Aqua,MODIS,81,61.03,316.6,25.4,D,0
23.0598,82.5027,333,1,1,2026-04-19,933,Aqua,MODIS,75,61.03,315.4,14.4,D,0
23.0606,84.1156,321.8,1,1,2026-04-19,933,Aqua,MODIS,50,61.03,309.5,6.5,D,0
23.073,80.6458,328.7,1.1,1.1,2026-04-19,933,Aqua,MODIS,60,61.03,315.2,7.8,D,0
23.0903,82.5264,329.6,1,1,2026-04-19,933,Aqua,MODIS,68,61.03,315.8,9.6,D,0
23.1521,82.1482,327.9,1,1,2026-04-19,933,Aqua,MODIS,60,61.03,316.6,8.9,D,0
23.2276,83.5869,327.1,1,1,2026-04-19,933,Aqua,MODIS,65,61.03,313.3,9,D,0
23.2386,83.3519,328.1,1,1,2026-04-19,933,Aqua,MODIS,67,61.03,313.3,9.5,D,0
23.3252,81.0579,330.1,1.1,1,2026-04-19,933,Aqua,MODIS,59,61.03,316.4,11.9,D,0
23.416,81.2805,335.5,1.1,1,2026-04-19,933,Aqua,MODIS,78,61.03,316.9,19.6,D,0
23.4172,81.4651,330.5,1.1,1,2026-04-19,933,Aqua,MODIS,69,61.03,316.6,10.4,D,0
23.4175,81.2905,327.7,1.1,1,2026-04-19,933,Aqua,MODIS,53,61.03,315.8,7.5,D,0
23.4188,81.4749,333.2,1.1,1,2026-04-19,933,Aqua,MODIS,75,61.03,317.4,13.6,D,0
23.4256,83.1813,344.4,1,1,2026-04-19,933,Aqua,MODIS,89,61.03,311.9,36.1,D,0
23.427,83.1908,323.4,1,1,2026-04-19,933,Aqua,MODIS,44,61.03,310.9,5.6,D,0
23.4766,79.2378,333.4,1.3,1.1,2026-04-19,933,Aqua,MODIS,66,61.03,315.8,18.6,D,0
23.4788,79.2502,336.9,1.3,1.1,2026-04-19,933,Aqua,MODIS,79,61.03,315.7,25.7,D,0
23.4858,83.5988,325.5,1,1,2026-04-19,933,Aqua,MODIS,61,61.03,311.1,11.5,D,0
23.4859,84.4551,321.7,1.1,1,2026-04-19,933,Aqua,MODIS,35,61.03,308.2,9.1,D,0
23.4866,79.2358,335.9,1.3,1.1,2026-04-19,933,Aqua,MODIS,78,61.03,316.2,25.1,D,0
23.4872,83.6083,326.6,1,1,2026-04-19,933,Aqua,MODIS,64,61.03,310.4,12.8,D,0
23.4872,84.4648,327.5,1.1,1,2026-04-19,933,Aqua,MODIS,69,61.03,307.5,16.4,D,0
23.4887,79.2482,331.2,1.3,1.1,2026-04-19,933,Aqua,MODIS,69,61.03,316.6,14.5,D,0
23.4923,83.0091,325.1,1,1,2026-04-19,933,Aqua,MODIS,57,61.03,312.5,7.1,D,0
23.5013,80.6476,328.1,1.1,1.1,2026-04-19,933,Aqua,MODIS,63,61.03,314.1,11.8,D,0
23.5031,84.3032,328.7,1,1,2026-04-19,933,Aqua,MODIS,71,61.03,311.4,13.9,D,0
23.5052,83.2201,326.8,1,1,2026-04-19,933,Aqua,MODIS,64,61.03,312.1,8.8,D,0
23.5095,81.4003,332.1,1.1,1,2026-04-19,933,Aqua,MODIS,73,61.03,314.9,13.8,D,0
23.513,80.7212,327.6,1.1,1.1,2026-04-19,933,Aqua,MODIS,61,61.03,314.9,9.6,D,0
23.5398,80.0991,340.7,1.2,1.1,2026-04-19,933,Aqua,MODIS,84,61.03,313.9,35.3,D,0
23.5582,83.9068,323.6,1,1,2026-04-19,933,Aqua,MODIS,33,61.03,308.5,7.6,D,0
23.5643,80.5183,331.2,1.1,1.1,2026-04-19,933,Aqua,MODIS,71,61.03,314.9,16.2,D,0
23.6195,84.0867,327.6,1,1,2026-04-19,933,Aqua,MODIS,68,61.03,311.9,11.7,D,0
23.6263,84.1357,327.4,1,1,2026-04-19,933,Aqua,MODIS,67,61.03,311.6,12.5,D,0
23.6276,84.1454,324,1,1,2026-04-19,933,Aqua,MODIS,55,61.03,310.8,8.3,D,0
23.6406,84.043,323.2,1,1,2026-04-19,933,Aqua,MODIS,49,61.03,311,6.7,D,0
23.6797,86.3937,326.6,1.3,1.1,2026-04-19,933,Aqua,MODIS,0,61.03,311.5,16.3,D,2
23.7001,82.6531,331,1,1,2026-04-19,933,Aqua,MODIS,72,61.03,313.9,14.6,D,0
23.7015,82.6625,328.7,1,1,2026-04-19,933,Aqua,MODIS,67,61.03,314.6,10.9,D,0
23.7617,86.4012,330.4,1.3,1.1,2026-04-19,933,Aqua,MODIS,68,61.03,315,16.8,D,2
23.7743,84.2003,326.2,1,1,2026-04-19,933,Aqua,MODIS,61,61.03,313.3,9.8,D,0
23.8179,83.2584,326.8,1,1,2026-04-19,933,Aqua,MODIS,60,61.03,315,8.6,D,0
23.8362,82.6846,327.9,1,1,2026-04-19,933,Aqua,MODIS,59,61.03,315.3,7.6,D,0
23.8436,82.9425,327.1,1,1,2026-04-19,933,Aqua,MODIS,61,61.03,313.1,7.8,D,0
23.8672,82.8345,330.2,1,1,2026-04-19,933,Aqua,MODIS,69,61.03,312.8,10.6,D,0
23.8685,85.3829,332.8,1.2,1.1,2026-04-19,933,Aqua,MODIS,77,61.03,312.8,21,D,0
23.8686,82.844,332.9,1,1,2026-04-19,933,Aqua,MODIS,74,61.03,312.5,14.3,D,0
23.8747,83.0081,328.8,1,1,2026-04-19,933,Aqua,MODIS,62,61.03,312.9,9.3,D,0
23.8761,83.0176,327.8,1,1,2026-04-19,933,Aqua,MODIS,55,61.03,312.3,8.1,D,0
23.8848,83.0161,328.4,1,1,2026-04-19,933,Aqua,MODIS,56,61.03,312.6,9,D,0
23.992,83.9803,326.8,1,1,2026-04-19,933,Aqua,MODIS,57,61.03,314.6,7.6,D,0
24.0172,85.2572,324,1.2,1.1,2026-04-19,933,Aqua,MODIS,37,61.03,310.6,7.4,D,0
24.0186,85.2681,328.6,1.2,1.1,2026-04-19,933,Aqua,MODIS,67,61.03,310.7,14,D,0
24.0279,85.2667,327.5,1.2,1.1,2026-04-19,933,Aqua,MODIS,55,61.03,312.5,11.7,D,0
24.0403,83.8552,340.6,1,1,2026-04-19,933,Aqua,MODIS,85,61.03,317.3,27,D,0
24.0835,82.9885,327,1,1,2026-04-19,933,Aqua,MODIS,50,61.03,313.8,7.5,D,0
24.1108,83.4505,328.7,1,1,2026-04-19,933,Aqua,MODIS,62,61.03,315.3,8.1,D,0
24.1653,84.2955,328,1.1,1,2026-04-19,933,Aqua,MODIS,60,61.03,316.5,8.5,D,0
24.2437,84.122,327.6,1,1,2026-04-19,933,Aqua,MODIS,57,61.03,314.6,7.8,D,0
23.5995,79.1155,331.5,1.4,1.2,2026-04-19,934,Aqua,MODIS,54,61.03,317.3,19.3,D,0
23.6016,79.1282,328.3,1.3,1.2,2026-04-19,934,Aqua,MODIS,24,61.03,314.6,12.3,D,0
23.61,79.784,330.8,1.2,1.1,2026-04-19,934,Aqua,MODIS,58,61.03,316.4,12.4,D,0
23.6119,79.7956,332.3,1.2,1.1,2026-04-19,934,Aqua,MODIS,60,61.03,317.7,15.9,D,0
23.6572,80.1271,328.9,1.2,1.1,2026-04-19,934,Aqua,MODIS,59,61.03,314,12.7,D,0
23.659,80.1382,330.1,1.2,1.1,2026-04-19,934,Aqua,MODIS,66,61.03,314.7,13.5,D,0
23.6757,79.3135,347.2,1.3,1.1,2026-04-19,934,Aqua,MODIS,86,61.03,317.1,53.8,D,0
23.6876,79.3236,335.2,1.3,1.1,2026-04-19,934,Aqua,MODIS,64,61.03,317.6,22.2,D,0
23.7032,78.5783,341.8,1.5,1.2,2026-04-19,934,Aqua,MODIS,85,61.03,314.9,45.9,D,0
23.7097,78.5702,339.5,1.5,1.2,2026-04-19,934,Aqua,MODIS,69,61.03,316.2,38.3,D,0
23.7756,79.1193,334,1.3,1.1,2026-04-19,934,Aqua,MODIS,74,61.03,314.4,23.9,D,0
23.8436,79.755,359.5,1.2,1.1,2026-04-19,934,Aqua,MODIS,99,61.03,319.1,84.8,D,0
23.8456,79.7667,340.4,1.2,1.1,2026-04-19,934,Aqua,MODIS,84,61.03,314.7,29.4,D,0
23.8532,79.753,332.8,1.2,1.1,2026-04-19,934,Aqua,MODIS,56,61.03,316.7,14.2,D,0
23.8795,80.174,328.2,1.2,1.1,2026-04-19,934,Aqua,MODIS,57,61.03,314.5,9.6,D,0
23.9066,80.2817,330,1.2,1.1,2026-04-19,934,Aqua,MODIS,57,61.03,314.9,10.3,D,0
23.9133,80.2861,327.7,1.2,1.1,2026-04-19,934,Aqua,MODIS,39,61.03,314.1,6.1,D,0
23.9818,80.2949,331.8,1.2,1.1,2026-04-19,934,Aqua,MODIS,70,61.03,314.7,14.8,D,0
24.0063,81.5614,333.2,1,1,2026-04-19,934,Aqua,MODIS,73,61.03,315,17.2,D,0
24.0207,75.067,331.7,2.5,1.5,2026-04-19,934,Aqua,MODIS,72,61.03,313.9,47,D,0
24.0584,82.0202,330.1,1,1,2026-04-19,934,Aqua,MODIS,66,61.03,318.9,7.9,D,0
24.0764,82.4972,328.5,1,1,2026-04-19,934,Aqua,MODIS,56,61.03,314.8,7.9,D,0
24.1304,83.1267,331.2,1,1,2026-04-19,934,Aqua,MODIS,69,61.03,317.1,9.9,D,0
24.1318,83.1363,333.1,1,1,2026-04-19,934,Aqua,MODIS,73,61.03,317.5,12.5,D,0
24.1584,82.6287,329,1,1,2026-04-19,934,Aqua,MODIS,61,61.03,314.9,9.1,D,0
24.1676,83.1985,337.6,1,1,2026-04-19,934,Aqua,MODIS,81,61.03,316.9,19.8,D,0
24.169,83.2081,330.5,1,1,2026-04-19,934,Aqua,MODIS,67,61.03,315.6,9.6,D,0
24.1746,83.045,333.5,1,1,2026-04-19,934,Aqua,MODIS,71,61.03,317.8,15.3,D,0
24.176,83.0545,333.1,1,1,2026-04-19,934,Aqua,MODIS,73,61.03,317,14.2,D,0
24.1847,80.066,338.4,1.2,1.1,2026-04-19,934,Aqua,MODIS,81,61.03,317.4,26.8,D,0
24.1996,83.5472,345.9,1,1,2026-04-19,934,Aqua,MODIS,89,61.03,317.1,36.7,D,0
24.2145,82.6804,332.5,1,1,2026-04-19,934,Aqua,MODIS,71,61.03,316.7,12.4,D,0
24.2196,82.5333,338.5,1,1,2026-04-19,934,Aqua,MODIS,81,61.03,316.7,20.9,D,0
24.221,82.5428,355.7,1,1,2026-04-19,934,Aqua,MODIS,97,61.03,316.3,55.2,D,0
24.2215,82.7279,331,1,1,2026-04-19,934,Aqua,MODIS,67,61.03,317,9.9,D,0
24.2217,82.3669,335.9,1,1,2026-04-19,934,Aqua,MODIS,78,61.03,319.8,17.4,D,0
24.2219,80.1158,352.8,1.2,1.1,2026-04-19,934,Aqua,MODIS,95,61.03,318.1,61.1,D,0
24.2237,80.1269,387.5,1.2,1.1,2026-04-19,934,Aqua,MODIS,100,61.03,321.7,208.5,D,0
24.2312,80.1141,355.2,1.2,1.1,2026-04-19,934,Aqua,MODIS,96,61.03,317.7,67.9,D,0
24.233,80.125,349.8,1.2,1.1,2026-04-19,934,Aqua,MODIS,92,61.03,316.1,52.7,D,0
24.233,82.4431,330.3,1,1,2026-04-19,934,Aqua,MODIS,66,61.03,315.3,11.4,D,0
24.2344,82.4526,340.1,1,1,2026-04-19,934,Aqua,MODIS,83,61.03,316.6,25.4,D,0
24.2488,82.489,330.4,1,1,2026-04-19,934,Aqua,MODIS,66,61.03,316.6,9.5,D,0
24.2692,82.7487,339.9,1,1,2026-04-19,934,Aqua,MODIS,83,61.03,317.2,22,D,0
24.2697,84.179,328.9,1.1,1,2026-04-19,934,Aqua,MODIS,63,61.03,316.1,8.5,D,0
24.2711,84.189,327.4,1.1,1,2026-04-19,934,Aqua,MODIS,56,61.03,315.5,7.1,D,0
24.2765,82.7376,336.9,1,1,2026-04-19,934,Aqua,MODIS,79,61.03,318.9,17.2,D,0
24.2779,82.7471,349.3,1,1,2026-04-19,934,Aqua,MODIS,92,61.03,319.8,40,D,0
24.2793,82.7566,338.2,1,1,2026-04-19,934,Aqua,MODIS,81,61.03,318.1,19,D,0
24.2811,80.8275,328.8,1.1,1,2026-04-19,934,Aqua,MODIS,33,61.03,313.8,8.6,D,0
24.2856,79.5017,331.5,1.3,1.1,2026-04-19,934,Aqua,MODIS,68,61.03,317.7,12.6,D,0
24.2885,80.8154,350.9,1.1,1,2026-04-19,934,Aqua,MODIS,93,61.03,316.9,51.1,D,0
24.2901,80.8257,360.7,1.1,1,2026-04-19,934,Aqua,MODIS,100,61.03,317.3,77.7,D,0
24.2918,80.836,330.5,1.1,1,2026-04-19,934,Aqua,MODIS,52,61.03,314.3,10.9,D,0
24.3162,80.6395,332.1,1.1,1,2026-04-19,934,Aqua,MODIS,53,61.03,318.4,12.7,D,0
24.3253,80.6377,336.5,1.1,1,2026-04-19,934,Aqua,MODIS,78,61.03,319.1,20.6,D,0
24.3337,81.2825,332.9,1,1,2026-04-19,934,Aqua,MODIS,56,61.03,318.1,14,D,0
24.3352,81.2924,333.6,1,1,2026-04-19,934,Aqua,MODIS,48,61.03,316,14.5,D,0
24.3567,82.2714,330.9,1,1,2026-04-19,934,Aqua,MODIS,67,61.03,314.1,9.6,D,0
24.359,82.7954,335.4,1,1,2026-04-19,934,Aqua,MODIS,76,61.03,317.3,15.8,D,0
24.3735,83.0175,327.2,1,1,2026-04-19,934,Aqua,MODIS,45,61.03,313.6,6.3,D,0
24.3798,82.9382,330.1,1,1,2026-04-19,934,Aqua,MODIS,64,61.03,317.6,7.9,D,0
24.3964,83.239,328.3,1,1,2026-04-19,934,Aqua,MODIS,54,61.03,317.4,7.9,D,0
24.4185,83.2057,334.7,1,1,2026-04-19,934,Aqua,MODIS,75,61.03,318.9,16.1,D,0
24.4679,82.7206,328.7,1,1,2026-04-19,934,Aqua,MODIS,48,61.03,314.8,7.5,D,0
24.4971,80.0994,333.1,1.2,1.1,2026-04-19,934,Aqua,MODIS,72,61.03,315.9,15.1,D,0
24.523,80.9476,332.6,1.1,1,2026-04-19,934,Aqua,MODIS,71,61.03,316.8,14.7,D,0
24.5246,80.9578,343.2,1.1,1,2026-04-19,934,Aqua,MODIS,86,61.03,317,33,D,0
24.5266,85.4215,325.2,1.2,1.1,2026-04-19,934,Aqua,MODIS,51,61.03,312.7,9.5,D,0
24.54,80.304,331.5,1.1,1.1,2026-04-19,934,Aqua,MODIS,68,61.03,315,12.2,D,0
24.5664,82.4366,330.2,1,1,2026-04-19,934,Aqua,MODIS,63,61.03,315.3,8.6,D,0
24.5678,82.4462,340.5,1,1,2026-04-19,934,Aqua,MODIS,83,61.03,316.5,23.6,D,0
24.6515,78.5736,336.7,1.4,1.2,2026-04-19,934,Aqua,MODIS,77,61.03,315.9,30.8,D,0
24.6873,82.2457,335.7,1,1,2026-04-19,934,Aqua,MODIS,76,61.03,317.5,17.2,D,0
24.6887,82.2553,333.3,1,1,2026-04-19,934,Aqua,MODIS,72,61.03,316.1,13.8,D,0
24.6891,83.8135,340.9,1,1,2026-04-19,934,Aqua,MODIS,84,61.03,317.3,26.5,D,0
24.706,84.7476,325.8,1.1,1.1,2026-04-19,934,Aqua,MODIS,50,61.03,314.1,8.1,D,0
24.7406,85.232,326.1,1.2,1.1,2026-04-19,934,Aqua,MODIS,56,61.03,314,8.8,D,0
24.7407,80.977,337,1.1,1,2026-04-19,934,Aqua,MODIS,79,61.03,316.3,20.2,D,0
24.7423,80.9871,354.1,1.1,1,2026-04-19,934,Aqua,MODIS,96,61.03,317.6,56.6,D,0
24.7449,84.0189,332.6,1,1,2026-04-19,934,Aqua,MODIS,72,61.03,318.4,13.8,D,2
24.7737,83.8843,330.2,1,1,2026-04-19,934,Aqua,MODIS,66,61.03,318.1,10.3,D,0
24.7773,79.9899,332.7,1.2,1.1,2026-04-19,934,Aqua,MODIS,70,61.03,314.9,15.8,D,0
24.7806,84.2026,332.7,1.1,1,2026-04-19,934,Aqua,MODIS,73,61.03,316,16.3,D,0
24.8211,79.987,330.1,1.2,1.1,2026-04-19,934,Aqua,MODIS,62,61.03,316,11.6,D,0
24.8258,83.4073,337.2,1,1,2026-04-19,934,Aqua,MODIS,79,61.03,320.2,18.6,D,0
24.8331,84.1835,327.5,1.1,1,2026-04-19,934,Aqua,MODIS,58,61.03,314.5,9.5,D,0
24.8629,80.4137,330.6,1.1,1.1,2026-04-19,934,Aqua,MODIS,63,61.03,317.1,12.5,D,0
24.8672,84.3665,330.2,1.1,1,2026-04-19,934,Aqua,MODIS,68,61.03,314.6,13.4,D,0
24.8818,83.8712,342.5,1,1,2026-04-19,934,Aqua,MODIS,86,61.03,318.1,30.4,D,0
24.8832,83.8812,405.5,1,1,2026-04-19,934,Aqua,MODIS,100,61.03,324.3,285.9,D,0
24.8842,83.6107,333.3,1,1,2026-04-19,934,Aqua,MODIS,73,61.03,319.4,15.2,D,0
24.8845,83.8912,328.2,1,1,2026-04-19,934,Aqua,MODIS,59,61.03,316.4,8.8,D,0
24.8855,83.6204,347.5,1,1,2026-04-19,934,Aqua,MODIS,91,61.03,318.9,39.9,D,0
24.8907,83.8698,341.9,1,1,2026-04-19,934,Aqua,MODIS,86,61.03,317.8,29.1,D,0
24.8921,83.8797,352.4,1,1,2026-04-19,934,Aqua,MODIS,95,61.03,318.8,51.7,D,0
24.9442,76.2561,333.8,2,1.4,2026-04-19,934,Aqua,MODIS,78,61.03,315,36.5,D,0
24.9539,81.2129,333.5,1,1,2026-04-19,934,Aqua,MODIS,72,61.03,313.7,15.1,D,0
24.9555,81.223,336,1,1,2026-04-19,934,Aqua,MODIS,77,61.03,312.1,19.6,D,0
24.9581,83.5579,330.6,1,1,2026-04-19,934,Aqua,MODIS,66,61.03,316.9,11.8,D,0
24.9587,83.9539,327.6,1,1,2026-04-19,934,Aqua,MODIS,24,61.03,313,8.5,D,0
24.9628,81.2113,330.2,1,1,2026-04-19,934,Aqua,MODIS,46,61.03,313.4,10.2,D,0
24.9643,81.2213,346.5,1,1,2026-04-19,934,Aqua,MODIS,90,61.03,313.7,38.8,D,0
24.9663,83.9424,330.3,1,1,2026-04-19,934,Aqua,MODIS,42,61.03,315.3,11.7,D,0
24.967,77.7714,332.4,1.6,1.2,2026-04-19,934,Aqua,MODIS,69,61.03,314.8,19.9,D,0
24.9677,83.9524,353.5,1,1,2026-04-19,934,Aqua,MODIS,95,61.03,317.1,55.9,D,0
24.9808,84.1155,338.7,1.1,1,2026-04-19,934,Aqua,MODIS,82,61.03,316.3,25.4,D,0
24.9859,83.7553,334.3,1,1,2026-04-19,934,Aqua,MODIS,75,61.03,316.1,15.1,D,0
24.9898,84.114,371.6,1.1,1,2026-04-19,934,Aqua,MODIS,100,61.03,317,113.5,D,0
24.9911,84.1242,327.2,1.1,1,2026-04-19,934,Aqua,MODIS,56,61.03,314.3,8,D,0
24.9976,85.7355,325.4,1.3,1.1,2026-04-19,934,Aqua,MODIS,54,61.03,310.6,9.1,D,0
24.998,84.0401,327.9,1.1,1,2026-04-19,934,Aqua,MODIS,59,61.03,316.6,8.4,D,0
25.0003,83.788,333.4,1,1,2026-04-19,934,Aqua,MODIS,53,61.03,316.3,14.8,D,0
25.0031,83.8079,327.9,1,1,2026-04-19,934,Aqua,MODIS,30,61.03,314.1,8,D,0
25.0044,83.8178,332.6,1,1,2026-04-19,934,Aqua,MODIS,72,61.03,315.3,15.4,D,0
25.0069,85.161,330.2,1.2,1.1,2026-04-19,934,Aqua,MODIS,71,61.03,314,14.9,D,0
25.0276,83.7224,345,1,1,2026-04-19,934,Aqua,MODIS,89,61.03,317.1,32.1,D,0
25.029,83.7323,362.4,1,1,2026-04-19,934,Aqua,MODIS,100,61.03,316.8,75.1,D,0
25.0365,83.7209,371,1,1,2026-04-19,934,Aqua,MODIS,100,61.03,319.3,102.1,D,0
25.0378,83.7308,379.8,1,1,2026-04-19,934,Aqua,MODIS,100,61.03,318,137.8,D,0
25.0413,82.0777,331.4,1,1,2026-04-19,934,Aqua,MODIS,67,61.03,317,11.6,D,0
25.0427,82.0873,330.6,1,1,2026-04-19,934,Aqua,MODIS,65,61.03,315.5,10.3,D,0
25.0591,85.2681,328,1.2,1.1,2026-04-19,934,Aqua,MODIS,66,61.03,313.1,12,D,0
25.0595,83.6259,327.9,1,1,2026-04-19,934,Aqua,MODIS,48,61.03,315.9,8.5,D,0
25.0608,83.6357,330.2,1,1,2026-04-19,934,Aqua,MODIS,65,61.03,316,11.1,D,0
25.0613,84.1695,331.1,1.1,1,2026-04-19,934,Aqua,MODIS,69,61.03,314.7,14.6,D,0
25.0627,84.1797,332.2,1.1,1,2026-04-19,934,Aqua,MODIS,72,61.03,314.2,16.6,D,0
25.0679,85.3366,331,1.2,1.1,2026-04-19,934,Aqua,MODIS,73,61.03,313.7,16.6,D,0
25.0694,85.3481,329.4,1.2,1.1,2026-04-19,934,Aqua,MODIS,70,61.03,313,14.1,D,0
25.0711,83.6273,327.8,1,1,2026-04-19,934,Aqua,MODIS,54,61.03,315.6,8.1,D,0
25.0922,83.7149,349,1,1,2026-04-19,934,Aqua,MODIS,92,61.03,316.3,41.8,D,0
25.0936,83.7248,331.6,1,1,2026-04-19,934,Aqua,MODIS,65,61.03,315,11.1,D,0
25.1004,83.6425,331.9,1,1,2026-04-19,934,Aqua,MODIS,70,61.03,316.4,12.9,D,0
25.1059,76.1269,337.9,2,1.4,2026-04-19,934,Aqua,MODIS,83,61.03,319.4,50.9,D,0
25.1126,83.6,328.8,1,1,2026-04-19,934,Aqua,MODIS,60,61.03,315.6,9.4,D,0
25.1142,83.4188,345.3,1,1,2026-04-19,934,Aqua,MODIS,89,61.03,316.8,31.8,D,0
25.1146,76.1378,334.7,2,1.4,2026-04-19,934,Aqua,MODIS,59,61.03,316.2,35.5,D,0
25.1163,79.7934,327.4,1.2,1.1,2026-04-19,934,Aqua,MODIS,21,61.03,314.2,9.1,D,0
25.1202,83.3221,342.4,1,1,2026-04-19,934,Aqua,MODIS,86,61.03,318.3,26.7,D,0
25.1216,83.3319,358.8,1,1,2026-04-19,934,Aqua,MODIS,99,61.03,319.5,63.3,D,0
25.1229,84.1489,336,1.1,1,2026-04-19,934,Aqua,MODIS,79,61.03,315.3,19.8,D,0
25.123,83.3416,347.3,1,1,2026-04-19,934,Aqua,MODIS,90,61.03,316.2,38,D,0
25.1243,84.1591,352.1,1.1,1,2026-04-19,934,Aqua,MODIS,94,61.03,316.6,53.2,D,2
25.1249,84.0964,334,1.1,1,2026-04-19,934,Aqua,MODIS,75,61.03,316.4,16.9,D,0
25.1258,84.3061,326.4,1.1,1,2026-04-19,934,Aqua,MODIS,51,61.03,313.9,8.8,D,0
25.1263,84.1066,357.2,1.1,1,2026-04-19,934,Aqua,MODIS,98,61.03,318.2,65.6,D,0
25.1276,83.3109,331.8,1,1,2026-04-19,934,Aqua,MODIS,69,61.03,317.1,11.5,D,0
25.1279,77.7542,359.3,1.6,1.2,2026-04-19,934,Aqua,MODIS,99,61.03,317.4,121.7,D,0
25.129,83.3206,364.9,1,1,2026-04-19,934,Aqua,MODIS,100,61.03,319.2,81.6,D,0
25.1304,83.3304,349.6,1,1,2026-04-19,934,Aqua,MODIS,92,61.03,316.9,41.9,D,0
25.1305,77.7689,348.6,1.5,1.2,2026-04-19,934,Aqua,MODIS,91,61.03,315.6,73.5,D,0
25.1364,83.3094,328.7,1,1,2026-04-19,934,Aqua,MODIS,52,61.03,316,7.7,D,0
25.1377,83.5856,382.9,1,1,2026-04-19,934,Aqua,MODIS,100,61.03,322,152.5,D,0
25.1385,77.6903,332.4,1.6,1.2,2026-04-19,934,Aqua,MODIS,68,61.03,315.2,23.1,D,0
25.1391,83.5955,363.9,1,1,2026-04-19,934,Aqua,MODIS,100,61.03,317.6,81,D,0
25.1395,84.1289,341.3,1.1,1,2026-04-19,934,Aqua,MODIS,85,61.03,316.3,28.7,D,0
25.1441,83.428,331.1,1,1,2026-04-19,934,Aqua,MODIS,67,61.03,318.4,10,D,0
25.1465,83.5841,333.8,1,1,2026-04-19,934,Aqua,MODIS,74,61.03,316.2,15.8,D,0
25.1471,84.1172,328.3,1.1,1,2026-04-19,934,Aqua,MODIS,60,61.03,316,8.7,D,0
25.1485,84.1274,332.4,1.1,1,2026-04-19,934,Aqua,MODIS,72,61.03,316.3,15,D,0
25.1495,83.4672,334.8,1,1,2026-04-19,934,Aqua,MODIS,76,61.03,317.4,15.6,D,0
25.1518,77.6202,332.8,1.6,1.2,2026-04-19,934,Aqua,MODIS,43,61.03,316.4,22.3,D,0
25.1567,84.1889,375.1,1.1,1,2026-04-19,934,Aqua,MODIS,100,61.03,320.3,128.2,D,0
25.1576,83.3957,331.6,1,1,2026-04-19,934,Aqua,MODIS,69,61.03,317.5,11.2,D,0
25.1581,84.1992,333.5,1.1,1,2026-04-19,934,Aqua,MODIS,74,61.03,315.5,16.5,D,0
25.1615,83.8871,331.5,1,1,2026-04-19,934,Aqua,MODIS,70,61.03,317,11.3,D,0
25.1753,83.203,337.6,1,1,2026-04-19,934,Aqua,MODIS,80,61.03,316.4,20.6,D,0
25.1827,83.1918,331,1,1,2026-04-19,934,Aqua,MODIS,67,61.03,316.2,11.4,D,0
25.1841,83.2015,340.6,1,1,2026-04-19,934,Aqua,MODIS,84,61.03,316.9,25.7,D,0
25.1895,83.4303,331.7,1,1,2026-04-19,934,Aqua,MODIS,69,61.03,316.8,10.3,D,0
25.1947,83.7938,337.5,1,1,2026-04-19,934,Aqua,MODIS,80,61.03,316.9,20.4,D,0
25.2052,84.1389,341.1,1.1,1,2026-04-19,934,Aqua,MODIS,85,61.03,314.5,28.4,D,0
25.2066,84.1492,355.1,1.1,1,2026-04-19,934,Aqua,MODIS,97,61.03,315.6,59.7,D,0
25.2091,79.5274,328.4,1.2,1.1,2026-04-19,934,Aqua,MODIS,30,61.03,314.1,11.7,D,0
25.213,76.517,334.5,1.9,1.3,2026-04-19,934,Aqua,MODIS,78,61.03,315.5,37,D,0
25.2142,84.1374,333.8,1.1,1,2026-04-19,934,Aqua,MODIS,75,61.03,315,17.9,D,0
25.2156,84.1477,332.3,1.1,1,2026-04-19,934,Aqua,MODIS,72,61.03,314.3,15.3,D,0
25.2176,84.0951,327.4,1.1,1,2026-04-19,934,Aqua,MODIS,46,61.03,314.3,9.3,D,0
25.2279,83.427,329.5,1,1,2026-04-19,934,Aqua,MODIS,62,61.03,317.6,9.2,D,0
25.2292,83.5846,340.5,1,1,2026-04-19,934,Aqua,MODIS,84,61.03,316.3,26.2,D,0
25.2293,83.4368,331,1,1,2026-04-19,934,Aqua,MODIS,68,61.03,317.2,11.5,D,0
25.2306,83.5945,328.8,1,1,2026-04-19,934,Aqua,MODIS,60,61.03,315.6,8.6,D,0
25.2324,83.8695,327,1,1,2026-04-19,934,Aqua,MODIS,52,61.03,314.6,6.8,D,0
25.235,83.7564,350.4,1,1,2026-04-19,934,Aqua,MODIS,93,61.03,315.1,44.7,D,0
25.2439,83.7549,331.8,1,1,2026-04-19,934,Aqua,MODIS,48,61.03,314.3,11.7,D,0
25.2528,83.7533,342.8,1,1,2026-04-19,934,Aqua,MODIS,87,61.03,316,30.5,D,0
25.2566,83.6341,334.4,1,1,2026-04-19,934,Aqua,MODIS,76,61.03,316,17,D,0
25.258,83.644,327.5,1,1,2026-04-19,934,Aqua,MODIS,48,61.03,315,7.6,D,0
25.2617,83.7518,348.2,1,1,2026-04-19,934,Aqua,MODIS,91,61.03,315.1,41.2,D,0
25.2655,83.6326,327.5,1,1,2026-04-19,934,Aqua,MODIS,20,61.03,314.5,6.8,D,0
25.2714,83.8219,366.6,1,1,2026-04-19,934,Aqua,MODIS,100,61.03,318.8,86.7,D,0
25.2772,83.9963,335.4,1.1,1,2026-04-19,934,Aqua,MODIS,77,61.03,315.4,18.4,D,0
25.2806,83.9542,330.4,1.1,1,2026-04-19,934,Aqua,MODIS,64,61.03,314,11.1,D,0
25.284,83.8337,335.4,1,1,2026-04-19,934,Aqua,MODIS,15,61.03,318,13.7,D,0
25.2894,83.7405,328.6,1,1,2026-04-19,934,Aqua,MODIS,60,61.03,315.9,9,D,0
25.294,84.1186,328,1.1,1,2026-04-19,934,Aqua,MODIS,60,61.03,315.2,8.9,D,0
25.2956,83.8522,339.3,1,1,2026-04-19,934,Aqua,MODIS,60,61.03,317.6,20.2,D,0
25.2983,83.739,330.8,1,1,2026-04-19,934,Aqua,MODIS,68,61.03,316.3,11.7,D,0
25.2984,83.8724,336.7,1,1,2026-04-19,934,Aqua,MODIS,80,61.03,316.7,19.9,D,0
25.2995,83.6166,350.1,1,1,2026-04-19,934,Aqua,MODIS,81,61.03,316.9,40.9,D,0
25.2998,83.8825,339.3,1,1,2026-04-19,934,Aqua,MODIS,83,61.03,315.8,24.8,D,0
25.3011,84.3073,328,1.1,1,2026-04-19,934,Aqua,MODIS,56,61.03,314.4,9.2,D,0
25.3066,84.2111,328.9,1.1,1,2026-04-19,934,Aqua,MODIS,64,61.03,315.1,10.9,D,0
25.308,84.2214,332.2,1.1,1,2026-04-19,934,Aqua,MODIS,72,61.03,313.5,15.7,D,0
25.3107,83.8291,335.1,1,1,2026-04-19,934,Aqua,MODIS,41,61.03,318.9,13.2,D,0
25.3121,77.9265,331.6,1.5,1.2,2026-04-19,934,Aqua,MODIS,67,61.03,315.3,19.6,D,0
25.3192,84.3043,328.7,1.1,1,2026-04-19,934,Aqua,MODIS,61,61.03,314.9,10.1,D,0
25.3259,84.0753,335.4,1.1,1,2026-04-19,934,Aqua,MODIS,50,61.03,315.7,18,D,0
25.3273,84.0855,334.3,1.1,1,2026-04-19,934,Aqua,MODIS,43,61.03,314.9,16.4,D,0
25.3279,83.888,329.6,1.1,1,2026-04-19,934,Aqua,MODIS,66,61.03,316.4,10.5,D,0
25.3299,75.769,331.9,2.1,1.4,2026-04-19,934,Aqua,MODIS,77,61.03,316.6,34.2,D,0
25.3299,78.9095,330.3,1.3,1.1,2026-04-19,934,Aqua,MODIS,62,61.03,316.6,12.7,D,0
25.3422,83.793,346.2,1,1,2026-04-19,934,Aqua,MODIS,90,61.03,317.4,35.7,D,0
25.3436,83.8031,352.3,1,1,2026-04-19,934,Aqua,MODIS,95,61.03,317.3,49.4,D,0
25.3497,83.7815,337.2,1,1,2026-04-19,934,Aqua,MODIS,80,61.03,316.5,20.8,D,0
25.3511,83.7915,353.5,1,1,2026-04-19,934,Aqua,MODIS,95,61.03,317.9,53.9,D,0
25.3561,83.8936,331.4,1.1,1,2026-04-19,934,Aqua,MODIS,70,61.03,314.3,13.9,D,0
25.3575,83.9037,335.1,1.1,1,2026-04-19,934,Aqua,MODIS,77,61.03,315,19.6,D,0
25.3599,78.967,332,1.3,1.1,2026-04-19,934,Aqua,MODIS,67,61.03,317.7,14,D,0
25.4092,84.0139,337.5,1.1,1,2026-04-19,934,Aqua,MODIS,81,61.03,315.2,22,D,0
25.4243,83.9905,333.1,1.1,1,2026-04-19,934,Aqua,MODIS,75,61.03,315.2,15.7,D,0
25.4285,84.0211,328.8,1.1,1,2026-04-19,934,Aqua,MODIS,65,61.03,315.2,9.8,D,0
25.4291,83.9585,330.6,1.1,1,2026-04-19,934,Aqua,MODIS,70,61.03,315.3,11.8,D,0
25.4305,83.9687,339.3,1.1,1,2026-04-19,934,Aqua,MODIS,83,61.03,315.9,24.8,D,0
25.4335,78.8561,331.8,1.3,1.1,2026-04-19,934,Aqua,MODIS,67,61.03,316.5,14.4,D,0
25.4767,83.9714,330.2,1.1,1,2026-04-19,934,Aqua,MODIS,69,61.03,316,11.7,D,0
25.477,83.6964,331.9,1,1,2026-04-19,934,Aqua,MODIS,72,61.03,315.8,13.5,D,0
25.4784,83.7064,354.5,1,1,2026-04-19,934,Aqua,MODIS,96,61.03,316.4,57.5,D,0
25.4797,83.7164,331.9,1,1,2026-04-19,934,Aqua,MODIS,72,61.03,313.9,13.5,D,0
25.5247,84.3223,336.1,1.1,1,2026-04-19,934,Aqua,MODIS,80,61.03,314.8,20.9,D,0
25.5679,83.8916,326.3,1.1,1,2026-04-19,934,Aqua,MODIS,57,61.03,314.4,7.7,D,0
25.5867,78.5418,331.9,1.4,1.2,2026-04-19,934,Aqua,MODIS,68,61.03,315.3,17.3,D,0
25.589,78.5547,328.7,1.4,1.2,2026-04-19,934,Aqua,MODIS,55,61.03,314.2,11.1,D,0
25.608,78.6038,332.8,1.3,1.1,2026-04-19,934,Aqua,MODIS,43,61.03,314.3,20.3,D,0
25.617,84.9635,328.3,1.2,1.1,2026-04-19,934,Aqua,MODIS,70,61.03,312.6,12.9,D,0
25.6468,83.7889,328.5,1,1,2026-04-19,934,Aqua,MODIS,65,61.03,314.5,9.8,D,0
25.7004,82.9348,334.4,1,1,2026-04-19,934,Aqua,MODIS,76,61.03,316.5,16.5,D,0
25.7204,79.3124,334.8,1.2,1.1,2026-04-19,934,Aqua,MODIS,51,61.03,317.9,17.9,D,0
25.7315,78.545,358.2,1.3,1.1,2026-04-19,934,Aqua,MODIS,98,61.03,319,92.5,D,0
25.7337,78.5578,344.7,1.3,1.1,2026-04-19,934,Aqua,MODIS,88,61.03,316.2,46,D,0
25.746,78.9816,340.7,1.3,1.1,2026-04-19,934,Aqua,MODIS,75,61.03,317,35.6,D,0
25.7557,78.9796,333.1,1.3,1.1,2026-04-19,934,Aqua,MODIS,58,61.03,315.3,18.6,D,0
25.7764,83.0044,329.2,1,1,2026-04-19,934,Aqua,MODIS,65,61.03,314.1,10,D,0
25.7778,83.0141,341.4,1,1,2026-04-19,934,Aqua,MODIS,85,61.03,313.7,28.6,D,0
25.7907,83.2324,328.6,1,1,2026-04-19,934,Aqua,MODIS,44,61.03,316,7.8,D,0
25.7981,83.221,328.9,1,1,2026-04-19,934,Aqua,MODIS,65,61.03,316.6,8.5,D,0
25.7995,83.2308,330.9,1,1,2026-04-19,934,Aqua,MODIS,70,61.03,316.5,11.1,D,0
25.8301,82.9893,337.3,1,1,2026-04-19,934,Aqua,MODIS,81,61.03,316.6,20.4,D,0
25.8375,82.978,329.8,1,1,2026-04-19,934,Aqua,MODIS,67,61.03,316.7,10.4,D,0
25.8389,82.9877,334.6,1,1,2026-04-19,934,Aqua,MODIS,77,61.03,316.2,17.2,D,0
25.8747,82.7756,334.4,1,1,2026-04-19,934,Aqua,MODIS,77,61.03,316.8,15.4,D,0
25.8761,82.7853,339.9,1,1,2026-04-19,934,Aqua,MODIS,84,61.03,315.6,23.8,D,0
25.8835,82.774,330.2,1,1,2026-04-19,934,Aqua,MODIS,36,61.03,316.5,9.8,D,0
25.919,83.0871,327.7,1,1,2026-04-19,934,Aqua,MODIS,61,61.03,315.1,7.9,D,0
25.9287,82.9653,327.4,1,1,2026-04-19,934,Aqua,MODIS,60,61.03,315,7.7,D,0
25.929,83.2429,345.2,1,1,2026-04-19,934,Aqua,MODIS,89,61.03,316.5,34.9,D,0
25.9304,83.2527,351.2,1,1,2026-04-19,934,Aqua,MODIS,94,61.03,316.4,47.7,D,0
25.9764,84.2488,327.5,1.1,1,2026-04-19,934,Aqua,MODIS,0,61.03,311.4,11.5,D,0
25.9834,83.4195,348.3,1,1,2026-04-19,934,Aqua,MODIS,92,61.03,315.8,41.1,D,0
25.9909,83.4081,335.2,1,1,2026-04-19,934,Aqua,MODIS,79,61.03,315.2,18.2,D,0
25.9924,83.2253,328.9,1,1,2026-04-19,934,Aqua,MODIS,66,61.03,314.1,9.5,D,0
26.0325,82.2196,330,1,1,2026-04-19,934,Aqua,MODIS,67,61.03,317.1,10,D,0
26.0384,78.4675,336.2,1.3,1.1,2026-04-19,934,Aqua,MODIS,79,61.03,316.9,25.5,D,0
26.0406,78.4803,332.7,1.3,1.1,2026-04-19,934,Aqua,MODIS,73,61.03,313.7,17.4,D,0
26.0672,83.6308,325.9,1,1,2026-04-19,934,Aqua,MODIS,58,61.03,312.9,8.2,D,0
26.0837,78.4313,340.7,1.3,1.2,2026-04-19,934,Aqua,MODIS,84,61.03,316.4,41.1,D,0
26.0968,83.4453,330.1,1,1,2026-04-19,934,Aqua,MODIS,70,61.03,314.4,12.6,D,0
26.1498,83.4193,330.4,1,1,2026-04-19,934,Aqua,MODIS,71,61.03,315,12.5,D,0
26.1512,83.4293,363.4,1,1,2026-04-19,934,Aqua,MODIS,100,61.03,316.2,82.7,D,0
26.1846,82.6326,329,1,1,2026-04-19,934,Aqua,MODIS,65,61.03,315.5,10.1,D,0
26.1852,81.6266,329.3,1,1,2026-04-19,934,Aqua,MODIS,66,61.03,316.6,9.7,D,0
26.1901,83.7913,328.2,1.1,1,2026-04-19,934,Aqua,MODIS,68,61.03,312.9,12.7,D,0
26.196,83.3602,330.4,1,1,2026-04-19,934,Aqua,MODIS,71,61.03,313.7,13.4,D,0
26.1974,83.3702,339.3,1,1,2026-04-19,934,Aqua,MODIS,84,61.03,314.2,26.9,D,0
26.1991,78.9667,334.9,1.3,1.1,2026-04-19,934,Aqua,MODIS,38,61.03,314.8,23.1,D,0
26.2087,78.9646,331,1.3,1.1,2026-04-19,934,Aqua,MODIS,48,61.03,314.7,15.8,D,0
26.2206,78.6834,331.1,1.3,1.1,2026-04-19,934,Aqua,MODIS,70,61.03,316.2,14.8,D,0
26.2621,83.7726,326.7,1.1,1,2026-04-19,934,Aqua,MODIS,55,61.03,311.1,9.4,D,0
26.2978,83.3676,331.5,1,1,2026-04-19,934,Aqua,MODIS,69,61.03,314.5,15.5,D,0
26.2992,83.3775,326.8,1,1,2026-04-19,934,Aqua,MODIS,29,61.03,313.8,9.2,D,0
26.3136,83.416,326.4,1,1,2026-04-19,934,Aqua,MODIS,28,61.03,313.6,6.7,D,0
26.3253,83.4346,331.1,1,1,2026-04-19,934,Aqua,MODIS,37,61.03,313.7,12.1,D,0
26.329,83.9987,332.2,1.1,1,2026-04-19,934,Aqua,MODIS,76,61.03,310.4,16.8,D,0
26.3367,83.4362,328.6,1,1,2026-04-19,934,Aqua,MODIS,63,61.03,310.8,10.2,D,0
26.3377,83.7226,327,1.1,1,2026-04-19,934,Aqua,MODIS,64,61.03,313,7.2,D,0
26.338,83.9972,341.6,1.1,1,2026-04-19,934,Aqua,MODIS,87,61.03,312.4,32.8,D,0
26.3456,83.4347,330.6,1,1,2026-04-19,934,Aqua,MODIS,72,61.03,311.7,13.4,D,0
26.355,83.3715,334.8,1,1,2026-04-19,934,Aqua,MODIS,79,61.03,314.2,19.7,D,0
26.3572,82.6093,328.2,1,1,2026-04-19,934,Aqua,MODIS,63,61.03,315.6,9,D,0
26.378,83.6048,341.5,1,1,2026-04-19,934,Aqua,MODIS,82,61.03,314.1,29,D,0
26.3794,83.615,334.8,1,1,2026-04-19,934,Aqua,MODIS,55,61.03,313.1,16.6,D,0
26.3804,83.9688,338.5,1.1,1,2026-04-19,934,Aqua,MODIS,84,61.03,313.3,26.5,D,0
26.3855,83.5932,331.6,1,1,2026-04-19,934,Aqua,MODIS,65,61.03,312.5,14.8,D,0
26.3869,80.9509,334.5,1,1,2026-04-19,934,Aqua,MODIS,77,61.03,314.1,18.4,D,0
26.3885,80.9609,326.9,1,1,2026-04-19,934,Aqua,MODIS,57,61.03,313.7,8.3,D,0
26.3942,80.9391,340.5,1,1,2026-04-19,934,Aqua,MODIS,85,61.03,313.6,27.7,D,0
26.3958,80.9491,342.6,1,1,2026-04-19,934,Aqua,MODIS,87,61.03,314.4,32,D,0
26.3986,83.6221,332,1,1,2026-04-19,934,Aqua,MODIS,75,61.03,312.4,13.8,D,0
26.3998,83.3023,330.6,1,1,2026-04-19,934,Aqua,MODIS,71,61.03,313,12.9,D,0
26.4,83.6323,349.2,1.1,1,2026-04-19,934,Aqua,MODIS,93,61.03,314.2,45,D,0
26.4075,83.6206,329.4,1,1,2026-04-19,934,Aqua,MODIS,61,61.03,313,10.3,D,0
26.4089,83.6308,341.2,1.1,1,2026-04-19,934,Aqua,MODIS,86,61.03,314,28.9,D,0
26.409,83.2951,327.9,1,1,2026-04-19,934,Aqua,MODIS,66,61.03,314.9,10.4,D,0
26.4285,82.8565,334,1,1,2026-04-19,934,Aqua,MODIS,77,61.03,315.3,17.5,D,0
26.4446,78.3675,330.7,1.3,1.1,2026-04-19,934,Aqua,MODIS,44,61.03,315.3,15.2,D,0
26.4468,78.3804,358.8,1.3,1.1,2026-04-19,934,Aqua,MODIS,99,61.03,318,97.4,D,0
26.4681,83.2644,336.2,1,1,2026-04-19,934,Aqua,MODIS,81,61.03,315.1,20.6,D,0
26.47,83.8091,337.6,1.1,1,2026-04-19,934,Aqua,MODIS,83,61.03,314.4,24.6,D,0
26.4876,78.4314,347,1.3,1.1,2026-04-19,934,Aqua,MODIS,91,61.03,319.6,55.1,D,0
26.4898,78.4441,375.2,1.3,1.1,2026-04-19,934,Aqua,MODIS,100,61.03,319.1,173.1,D,0
26.4975,78.4292,349,1.3,1.1,2026-04-19,934,Aqua,MODIS,92,61.03,316.7,61.5,D,0
26.4997,78.4419,357,1.3,1.1,2026-04-19,934,Aqua,MODIS,98,61.03,316.1,88.7,D,0
26.5049,83.4634,326.5,1,1,2026-04-19,934,Aqua,MODIS,62,61.03,313.5,8,D,0
26.5207,83.2997,337.5,1,1,2026-04-19,934,Aqua,MODIS,82,61.03,313.5,23.3,D,0
26.5221,83.3097,334.1,1,1,2026-04-19,934,Aqua,MODIS,78,61.03,311.6,18,D,0
26.5224,81.4075,333.8,1,1,2026-04-19,934,Aqua,MODIS,77,61.03,314.5,16.9,D,0
26.5586,83.043,342.7,1,1,2026-04-19,934,Aqua,MODIS,88,61.03,314.7,31.6,D,0
26.56,83.0528,332.9,1,1,2026-04-19,934,Aqua,MODIS,76,61.03,313.6,15.7,D,0
26.5644,83.686,329.8,1.1,1,2026-04-19,934,Aqua,MODIS,72,61.03,314.7,11.7,D,0
26.5657,83.6963,331,1.1,1,2026-04-19,934,Aqua,MODIS,74,61.03,314.7,13.3,D,0
26.5661,83.0315,328.7,1,1,2026-04-19,934,Aqua,MODIS,65,61.03,313.9,9.9,D,0
26.5674,83.0414,342.1,1,1,2026-04-19,934,Aqua,MODIS,87,61.03,314.4,30.3,D,0
26.5965,83.2501,343,1,1,2026-04-19,934,Aqua,MODIS,88,61.03,316.6,32.2,D,0
26.5978,83.2601,331,1,1,2026-04-19,934,Aqua,MODIS,73,61.03,316.5,12.6,D,0
26.6147,83.1856,330.2,1,1,2026-04-19,934,Aqua,MODIS,72,61.03,315.3,11.9,D,0
26.616,83.1956,326.7,1,1,2026-04-19,934,Aqua,MODIS,63,61.03,314.7,7.2,D,0
26.6551,83.2809,327.2,1,1,2026-04-19,934,Aqua,MODIS,58,61.03,314.5,7.1,D,0
26.6621,83.3311,350.8,1,1,2026-04-19,934,Aqua,MODIS,94,61.03,317.3,45.8,D,0
26.6635,83.3411,398.6,1,1,2026-04-19,934,Aqua,MODIS,100,61.03,319.8,237.2,D,0
26.6676,83.7048,331.8,1.1,1,2026-04-19,934,Aqua,MODIS,76,61.03,314.6,15,D,0
26.669,83.7151,326.6,1.1,1,2026-04-19,934,Aqua,MODIS,66,61.03,313,7.9,D,0
26.6709,83.3295,332.8,1,1,2026-04-19,934,Aqua,MODIS,77,61.03,314,14.4,D,0
26.6808,83.1878,328.6,1,1,2026-04-19,934,Aqua,MODIS,69,61.03,316.1,9.9,D,0
26.7423,82.9071,329.6,1,1,2026-04-19,934,Aqua,MODIS,70,61.03,315.6,11.3,D,0
26.7839,83.2051,339.5,1,1,2026-04-19,934,Aqua,MODIS,85,61.03,314.3,25.1,D,0
26.8114,83.6737,334.5,1.1,1,2026-04-19,934,Aqua,MODIS,80,61.03,311.6,17.9,D,0
26.8189,83.6618,331.6,1.1,1,2026-04-19,934,Aqua,MODIS,76,61.03,311.7,13.8,D,0
26.8203,83.6721,334.9,1.1,1,2026-04-19,934,Aqua,MODIS,81,61.03,310.8,18.7,D,0
26.8325,83.6961,325.8,1.1,1,2026-04-19,934,Aqua,MODIS,65,61.03,311.2,7.1,D,0
26.846,82.9834,344.3,1,1,2026-04-19,934,Aqua,MODIS,89,61.03,317.3,32.2,D,0
26.8548,82.9818,341.2,1,1,2026-04-19,934,Aqua,MODIS,86,61.03,315.9,26.4,D,0
26.8754,83.3266,327.3,1,1,2026-04-19,934,Aqua,MODIS,61,61.03,312.9,8.4,D,0
26.8815,83.3049,341.2,1,1,2026-04-19,934,Aqua,MODIS,86,61.03,313.9,28.6,D,0
26.8829,83.315,334.7,1,1,2026-04-19,934,Aqua,MODIS,79,61.03,312.3,18.3,D,0
26.9058,83.6942,324.4,1.1,1,2026-04-19,934,Aqua,MODIS,60,61.03,309.3,7.3,D,0
26.9166,83.165,331.8,1,1,2026-04-19,934,Aqua,MODIS,71,61.03,311.6,11.8,D,0
26.9182,83.5064,345.6,1.1,1,2026-04-19,934,Aqua,MODIS,90,61.03,314.4,37,D,0
26.9229,83.4742,331.3,1,1,2026-04-19,934,Aqua,MODIS,75,61.03,312.8,12.9,D,0
27,82.7007,325.8,1,1,2026-04-19,934,Aqua,MODIS,44,61.03,313.1,6.2,D,0
27.0666,82.7133,328.4,1,1,2026-04-19,934,Aqua,MODIS,68,61.03,315.1,8.5,D,0
27.0746,83.3004,328.7,1,1,2026-04-19,934,Aqua,MODIS,58,61.03,309.9,12,D,0
27.076,83.3105,325.3,1,1,2026-04-19,934,Aqua,MODIS,28,61.03,312,6.6,D,0
27.0975,83.2033,326.6,1,1,2026-04-19,934,Aqua,MODIS,43,61.03,311.8,9,D,0
27.1315,83.5837,329.4,1.1,1,2026-04-19,934,Aqua,MODIS,73,61.03,310.6,10,D,0
27.1329,83.594,328,1.1,1,2026-04-19,934,Aqua,MODIS,68,61.03,309.9,7.9,D,0
27.1434,83.1998,332.5,1,1,2026-04-19,934,Aqua,MODIS,73,61.03,312.5,15.5,D,0
27.2058,83.127,329,1,1,2026-04-19,934,Aqua,MODIS,71,61.03,313,10.5,D,0
27.2072,83.137,336.1,1,1,2026-04-19,934,Aqua,MODIS,82,61.03,313.9,20.4,D,0
27.2193,83.0769,327.5,1,1,2026-04-19,934,Aqua,MODIS,54,61.03,314.1,7.1,D,0
27.2266,83.6784,330.5,1.1,1,2026-04-19,934,Aqua,MODIS,77,61.03,308.7,13.7,D,0
27.2328,83.6561,329.5,1.1,1,2026-04-19,934,Aqua,MODIS,70,61.03,307.5,11,D,0
27.2348,83.6025,334.3,1.1,1,2026-04-19,934,Aqua,MODIS,81,61.03,309.2,18.2,D,0
27.2388,82.4985,331.9,1,1,2026-04-19,934,Aqua,MODIS,75,61.03,313.8,15.3,D,0
27.2536,83.6738,327.5,1.1,1,2026-04-19,934,Aqua,MODIS,72,61.03,307.5,10.4,D,0
27.266,84.8337,320,1.2,1.1,2026-04-19,934,Aqua,MODIS,54,61.03,301.6,10,D,0
27.285,82.5707,337.1,1,1,2026-04-19,934,Aqua,MODIS,62,61.03,312.4,21.9,D,0
27.2893,84.8655,319.6,1.2,1.1,2026-04-19,934,Aqua,MODIS,58,61.03,301.6,11,D,0
27.2909,82.5495,333,1,1,2026-04-19,934,Aqua,MODIS,58,61.03,312.7,16,D,0
27.2923,82.5593,326.6,1,1,2026-04-19,934,Aqua,MODIS,41,61.03,312.8,7.4,D,0
27.296,82.9038,327.9,1,1,2026-04-19,934,Aqua,MODIS,65,61.03,315.3,7.8,D,0
27.2974,82.9138,342.2,1,1,2026-04-19,934,Aqua,MODIS,88,61.03,315.9,29.3,D,0
27.3075,83.6581,347,1.1,1,2026-04-19,934,Aqua,MODIS,92,61.03,308.8,44.6,D,0
27.3685,83.0345,333.9,1,1,2026-04-19,934,Aqua,MODIS,80,61.03,316.1,15.8,D,0
27.3699,83.0445,327,1,1,2026-04-19,934,Aqua,MODIS,47,61.03,313,5.9,D,0
27.376,83.2193,330.5,1,1,2026-04-19,934,Aqua,MODIS,69,61.03,314,10.8,D,0
27.4006,82.8581,340.3,1,1,2026-04-19,934,Aqua,MODIS,86,61.03,316.2,25.3,D,0
27.4238,82.8949,333.5,1,1,2026-04-19,934,Aqua,MODIS,79,61.03,314.8,16.6,D,0
27.4252,82.9049,345.9,1,1,2026-04-19,934,Aqua,MODIS,91,61.03,314.1,37.9,D,0
27.4302,82.812,326,1,1,2026-04-19,934,Aqua,MODIS,59,61.03,313.7,7.1,D,0
27.4611,83.0321,335.6,1,1,2026-04-19,934,Aqua,MODIS,82,61.03,313.6,19.1,D,0
27.4741,82.9212,330.7,1,1,2026-04-19,934,Aqua,MODIS,76,61.03,315.6,11,D,0
27.4977,83.4959,323.7,1.1,1,2026-04-19,934,Aqua,MODIS,65,61.03,307.5,7.5,D,0
27.4985,83.5702,324.8,1.1,1,2026-04-19,934,Aqua,MODIS,68,61.03,306.7,8.6,D,0
27.52,83.2548,325.8,1,1,2026-04-19,934,Aqua,MODIS,70,61.03,309.5,8,D,0
27.5277,84.2063,334.6,1.1,1.1,2026-04-19,934,Aqua,MODIS,83,61.03,301.6,32.5,D,0
27.5289,83.2532,328.6,1,1,2026-04-19,934,Aqua,MODIS,73,61.03,308.4,11.2,D,0
27.5372,82.9203,358.1,1,1,2026-04-19,934,Aqua,MODIS,99,61.03,314.2,66.2,D,0
27.5386,82.9303,332.1,1,1,2026-04-19,934,Aqua,MODIS,78,61.03,310.4,14.6,D,0
27.5388,83.1265,329.5,1,1,2026-04-19,934,Aqua,MODIS,75,61.03,312.3,9.7,D,0
27.5448,82.6975,328.9,1,1,2026-04-19,934,Aqua,MODIS,75,61.03,313.7,11.7,D,0
27.5992,82.6368,325.5,1,1,2026-04-19,934,Aqua,MODIS,62,61.03,313.6,8.9,D,0
27.5992,84.1879,317.5,1.1,1.1,2026-04-19,934,Aqua,MODIS,40,61.03,301.4,7.3,D,0
27.6007,84.1989,319.2,1.1,1.1,2026-04-19,934,Aqua,MODIS,57,61.03,301.9,9.1,D,0
27.6126,83.7383,317.9,1.1,1,2026-04-19,934,Aqua,MODIS,47,61.03,302.5,7.7,D,0
27.6272,82.5042,338.2,1,1,2026-04-19,934,Aqua,MODIS,86,61.03,310.6,25.8,D,0
27.6446,83.4901,322.4,1.1,1,2026-04-19,934,Aqua,MODIS,49,61.03,303.1,10.2,D,0
27.6721,82.567,323.3,1,1,2026-04-19,934,Aqua,MODIS,65,61.03,310.5,7,D,0
27.6777,82.6067,321.2,1,1,2026-04-19,934,Aqua,MODIS,47,61.03,309.1,5.7,D,0
27.6865,82.6051,331.1,1,1,2026-04-19,934,Aqua,MODIS,79,61.03,311,16.2,D,0
27.6879,82.615,334.7,1,1,2026-04-19,934,Aqua,MODIS,83,61.03,311.1,21.4,D,0
27.4501,79.9378,325.9,1.1,1,2026-04-19,935,Aqua,MODIS,59,61.03,312.9,7.1,D,0
27.755,81.7158,326.7,1,1,2026-04-19,935,Aqua,MODIS,64,61.03,315.1,7.5,D,0
27.7719,81.2888,328.4,1,1,2026-04-19,935,Aqua,MODIS,71,61.03,310.2,12.3,D,0
27.8025,82.5004,326,1,1,2026-04-19,935,Aqua,MODIS,64,61.03,308.9,10.1,D,0
27.8039,82.5103,341.9,1,1,2026-04-19,935,Aqua,MODIS,89,61.03,311.7,33.1,D,0
27.8126,82.5088,338.4,1,1,2026-04-19,935,Aqua,MODIS,87,61.03,312.1,26.3,D,0
27.8444,82.0815,325.2,1,1,2026-04-19,935,Aqua,MODIS,61,61.03,309.9,10.4,D,0
27.8679,81.936,327.4,1,1,2026-04-19,935,Aqua,MODIS,68,61.03,313.5,11.2,D,0
27.8758,82.7011,322.9,1,1,2026-04-19,935,Aqua,MODIS,51,61.03,309.2,9.8,D,0
27.9031,81.793,326,1,1,2026-04-19,935,Aqua,MODIS,70,61.03,311.9,9.4,D,0
27.9044,81.9237,323.7,1,1,2026-04-19,935,Aqua,MODIS,65,61.03,309.6,8.3,D,0
27.9058,81.9335,320.3,1,1,2026-04-19,935,Aqua,MODIS,41,61.03,309.4,5.1,D,0
27.9292,82.8699,321.8,1,1,2026-04-19,935,Aqua,MODIS,67,61.03,304.3,10.2,D,0
27.9305,82.8798,319,1,1,2026-04-19,935,Aqua,MODIS,59,61.03,304.2,7.5,D,0
27.9422,81.8158,322.2,1,1,2026-04-19,935,Aqua,MODIS,55,61.03,310.9,5.9,D,0
27.958,82.3578,323,1,1,2026-04-19,935,Aqua,MODIS,67,61.03,309.3,8.4,D,0
27.9701,82.2545,324,1,1,2026-04-19,935,Aqua,MODIS,39,61.03,311.6,7.9,D,0
27.9732,82.2135,323.4,1,1,2026-04-19,935,Aqua,MODIS,67,61.03,310.1,8.7,D,0
27.9737,82.0316,322.1,1,1,2026-04-19,935,Aqua,MODIS,62,61.03,308,8.9,D,0
27.9789,82.2529,331.7,1,1,2026-04-19,935,Aqua,MODIS,80,61.03,312.3,18.2,D,0
28.0027,82.6745,318.3,1,1,2026-04-19,935,Aqua,MODIS,54,61.03,303.5,7.8,D,0
28.0288,81.3326,322.2,1,1,2026-04-19,935,Aqua,MODIS,47,61.03,309.9,5.9,D,0
28.0302,81.3425,369.1,1,1,2026-04-19,935,Aqua,MODIS,100,61.03,315.2,99.6,D,0
28.0317,81.3523,339.1,1,1,2026-04-19,935,Aqua,MODIS,86,61.03,310.2,27.3,D,0
28.0375,81.3309,324.2,1,1,2026-04-19,935,Aqua,MODIS,60,61.03,312.3,8.5,D,0
28.039,81.3408,335.8,1,1,2026-04-19,935,Aqua,MODIS,83,61.03,311.7,23.2,D,0
28.0673,82.1586,331.4,1,1,2026-04-19,935,Aqua,MODIS,80,61.03,308.4,20.5,D,0
28.0687,82.1685,320.7,1,1,2026-04-19,935,Aqua,MODIS,46,61.03,307,7.3,D,0
28.0797,81.9187,322.2,1,1,2026-04-19,935,Aqua,MODIS,58,61.03,309.3,7,D,0
28.0857,81.7158,323.7,1,1,2026-04-19,935,Aqua,MODIS,35,61.03,313,7,D,0
28.0944,81.7141,324.1,1,1,2026-04-19,935,Aqua,MODIS,63,61.03,312,7.9,D,0
28.0959,81.724,326.5,1,1,2026-04-19,935,Aqua,MODIS,73,61.03,311.6,11.1,D,0
28.1072,81.9236,326.4,1,1,2026-04-19,935,Aqua,MODIS,47,61.03,313.3,10.3,D,0
28.1145,81.9122,335.4,1,1,2026-04-19,935,Aqua,MODIS,84,61.03,310.3,22.8,D,0
28.1159,81.922,331,1,1,2026-04-19,935,Aqua,MODIS,79,61.03,311.9,16.5,D,0
28.1563,82.0152,323.8,1,1,2026-04-19,935,Aqua,MODIS,70,61.03,306.7,11,D,0
28.1907,82.0426,319.6,1,1,2026-04-19,935,Aqua,MODIS,61,61.03,308,6.4,D,0
28.2158,81.8459,322.8,1,1,2026-04-19,935,Aqua,MODIS,51,61.03,311.1,8.6,D,0
28.2184,81.9869,323.3,1,1,2026-04-19,935,Aqua,MODIS,71,61.03,307.1,10.2,D,0
28.2611,80.8501,319.5,1,1,2026-04-19,935,Aqua,MODIS,43,61.03,302.7,5.9,D,0
28.287,81.8876,319.5,1,1,2026-04-19,935,Aqua,MODIS,49,61.03,306.4,6.7,D,0
28.2956,81.6165,323.7,1,1,2026-04-19,935,Aqua,MODIS,61,61.03,311.7,6.8,D,0
28.3158,81.4508,319.5,1,1,2026-04-19,935,Aqua,MODIS,43,61.03,306.8,5.1,D,0
28.3202,81.6017,326.1,1,1,2026-04-19,935,Aqua,MODIS,64,61.03,311.1,11.1,D,0
28.3463,81.536,324.2,1,1,2026-04-19,935,Aqua,MODIS,62,61.03,309,8.9,D,0
28.3463,81.5967,322.3,1,1,2026-04-19,935,Aqua,MODIS,61,61.03,307.4,9.1,D,0
28.3478,81.5459,322,1,1,2026-04-19,935,Aqua,MODIS,33,61.03,306,6.7,D,0
28.3695,81.5721,322.4,1,1,2026-04-19,935,Aqua,MODIS,44,61.03,303.6,8.6,D,0
28.3755,81.5349,319.3,1,1,2026-04-19,935,Aqua,MODIS,46,61.03,304.7,6.4,D,0
28.3766,81.8639,321.4,1,1,2026-04-19,935,Aqua,MODIS,60,61.03,306.6,9.5,D,0
28.3826,81.4017,344.9,1,1,2026-04-19,935,Aqua,MODIS,92,61.03,308.2,40.8,D,0
28.384,81.4116,328.7,1,1,2026-04-19,935,Aqua,MODIS,78,61.03,306.1,15.6,D,0
28.3884,81.4412,319.5,1,1,2026-04-19,935,Aqua,MODIS,51,61.03,302.5,6.5,D,0
28.3899,81.4511,322.9,1,1,2026-04-19,935,Aqua,MODIS,70,61.03,302.6,10.1,D,0
28.4044,81.4888,318.6,1,1,2026-04-19,935,Aqua,MODIS,43,61.03,303.7,6.4,D,0
28.4378,81.7759,324.3,1,1,2026-04-19,935,Aqua,MODIS,70,61.03,307.9,10.4,D,0
28.4392,81.7858,327.6,1,1,2026-04-19,935,Aqua,MODIS,78,61.03,309.4,13.5,D,0
28.4475,81.3928,316.6,1,1,2026-04-19,935,Aqua,MODIS,43,61.03,303.5,4.7,D,0
28.449,81.9763,328.3,1,1,2026-04-19,935,Aqua,MODIS,72,61.03,309.7,16.5,D,0
28.455,81.894,331.7,1,1,2026-04-19,935,Aqua,MODIS,83,61.03,307.3,20.4,D,0
28.4796,81.4879,317.2,1,1,2026-04-19,935,Aqua,MODIS,37,61.03,301.9,5.6,D,0
28.4853,81.4665,319.4,1,1,2026-04-19,935,Aqua,MODIS,47,61.03,303.4,7.2,D,0
28.5188,81.6323,319.3,1,1,2026-04-19,935,Aqua,MODIS,61,61.03,305.1,7.3,D,0
28.524,82.1245,321.4,1,1,2026-04-19,935,Aqua,MODIS,51,61.03,306.1,8.3,D,0
28.5315,81.9031,318.7,1,1,2026-04-19,935,Aqua,MODIS,21,61.03,303.2,8.1,D,0
28.5318,81.6602,321.3,1,1,2026-04-19,935,Aqua,MODIS,62,61.03,304.5,8.1,D,0
28.5333,81.67,321.6,1,1,2026-04-19,935,Aqua,MODIS,68,61.03,305.4,8.5,D,0
28.5341,82.1325,325.1,1,1,2026-04-19,935,Aqua,MODIS,68,61.03,305.3,13.1,D,0
28.5532,81.9295,321,1,1,2026-04-19,935,Aqua,MODIS,42,61.03,307.7,9.2,D,0
28.5624,80.8684,328.5,1,1,2026-04-19,935,Aqua,MODIS,58,61.03,309.8,15.3,D,0
28.5639,80.8784,340.2,1,1,2026-04-19,935,Aqua,MODIS,89,61.03,311.1,31.7,D,0
28.5655,80.8883,336.3,1,1,2026-04-19,935,Aqua,MODIS,84,61.03,310.3,24.6,D,0
28.5727,80.8766,328.3,1,1,2026-04-19,935,Aqua,MODIS,49,61.03,307.4,15.3,D,0
28.5742,80.8866,332.6,1,1,2026-04-19,935,Aqua,MODIS,71,61.03,308.9,20.5,D,0
28.5859,82.1571,320.5,1,1,2026-04-19,935,Aqua,MODIS,24,61.03,302.8,7.8,D,0
28.5861,82.0959,322.7,1,1,2026-04-19,935,Aqua,MODIS,73,61.03,305.6,10.6,D,0
28.5878,80.5636,367.1,1,1,2026-04-19,935,Aqua,MODIS,94,61.03,299.1,106.4,D,0
28.5893,80.5737,321.6,1,1,2026-04-19,935,Aqua,MODIS,44,61.03,296.6,15.1,D,0
28.5905,82.0646,318.4,1,1,2026-04-19,935,Aqua,MODIS,43,61.03,303.8,6.4,D,0
28.5996,81.88,319.4,1,1,2026-04-19,935,Aqua,MODIS,60,61.03,300.6,10.9,D,0
28.6064,82.1126,323.6,1,1,2026-04-19,935,Aqua,MODIS,51,61.03,307.9,9.8,D,0
28.6094,82.0713,320.1,1,1,2026-04-19,935,Aqua,MODIS,57,61.03,304.3,8.1,D,0
28.6152,82.1111,320.3,1,1,2026-04-19,935,Aqua,MODIS,57,61.03,308.6,6.9,D,0
28.6172,81.922,321.3,1,1,2026-04-19,935,Aqua,MODIS,71,61.03,306.3,9.3,D,0
28.6498,82.7402,321.3,1,1,2026-04-19,935,Aqua,MODIS,62,61.03,306.6,13.2,D,0
28.7288,81.7419,319,1,1,2026-04-19,935,Aqua,MODIS,64,61.03,305,8.3,D,0
28.7389,81.3082,318.5,1,1,2026-04-19,935,Aqua,MODIS,53,61.03,305.9,6,D,0
28.7574,81.1926,332.3,1,1,2026-04-19,935,Aqua,MODIS,85,61.03,306.8,22.9,D,0
28.8569,81.1155,318.5,1,1,2026-04-19,935,Aqua,MODIS,72,61.03,280.5,14.2,D,0
28.8938,81.363,320.6,1,1,2026-04-19,935,Aqua,MODIS,46,61.03,305,9.6,D,0
28.9449,81.449,322.6,1,1,2026-04-19,935,Aqua,MODIS,71,61.03,302.1,12.3,D,0
29.0834,78.7481,319.8,1.2,1.1,2026-04-19,935,Aqua,MODIS,59,61.03,302.4,11.9,D,0
29.7116,79.4539,319,1.1,1,2026-04-19,935,Aqua,MODIS,74,61.03,284.2,16.3,D,0
29.7675,80.0378,330.1,1,1,2026-04-19,935,Aqua,MODIS,64,61.03,299.6,26.6,D,0
29.8606,79.9274,308.6,1,1,2026-04-19,935,Aqua,MODIS,60,61.03,288.2,7.1,D,0
30.2886,78.8383,308.9,1.1,1.1,2026-04-19,935,Aqua,MODIS,58,61.03,283.3,10.2,D,0
30.3054,78.9391,323.1,1.1,1,2026-04-19,935,Aqua,MODIS,80,61.03,291.6,22.3,D,0
16.4393,94.7516,305,1.3,1.1,2026-04-19,1413,Terra,MODIS,47,61.03,294.3,5.7,N,0
17.3,96.5564,310.2,1,1,2026-04-19,1413,Terra,MODIS,73,61.03,298.2,7,N,0
17.3085,94.7816,307.6,1.3,1.1,2026-04-19,1413,Terra,MODIS,62,61.03,297.2,7.2,N,0
17.4206,96.2448,314.9,1.1,1,2026-04-19,1413,Terra,MODIS,88,61.03,298.9,11.1,N,0
18.802,95.0902,316.4,1.2,1.1,2026-04-19,1414,Terra,MODIS,91,61.03,300.3,11.9,N,0
18.8214,95.534,317.4,1.1,1,2026-04-19,1414,Terra,MODIS,94,61.03,298.8,12.7,N,0
18.8229,95.5441,310.3,1.1,1,2026-04-19,1414,Terra,MODIS,72,61.03,298.9,5.9,N,0
18.8424,94.3419,311.6,1.3,1.1,2026-04-19,1414,Terra,MODIS,78,61.03,295.9,12.7,N,0
18.9014,96.0091,309.8,1.1,1,2026-04-19,1414,Terra,MODIS,69,61.03,297.8,5.3,N,0
19.0871,96.2095,314.1,1,1,2026-04-19,1414,Terra,MODIS,84,61.03,297.4,9.1,N,0
19.6157,94.1691,317.4,1.3,1.1,2026-04-19,1414,Terra,MODIS,94,61.03,294.7,18.4,N,0
19.6171,94.1626,308.7,1.3,1.1,2026-04-19,1414,Terra,MODIS,72,61.03,294.4,9.6,N,0
19.619,94.1742,308.5,1.3,1.1,2026-04-19,1414,Terra,MODIS,72,61.03,294.8,9.4,N,0
20.2162,93.7936,309.8,1.3,1.1,2026-04-19,1414,Terra,MODIS,69,61.03,295.2,11,N,0
20.2262,93.7922,310.4,1.3,1.1,2026-04-19,1414,Terra,MODIS,77,61.03,295.1,11.5,N,0
20.2281,93.8042,305.9,1.3,1.1,2026-04-19,1414,Terra,MODIS,33,61.03,294.8,7,N,0
20.3711,96.4005,303.9,1,1,2026-04-19,1414,Terra,MODIS,58,61.03,292,4.4,N,0
20.6107,92.8095,305.9,1.5,1.2,2026-04-19,1414,Terra,MODIS,64,61.03,294.9,7.9,N,0
21.1368,93.3117,305.5,1.4,1.2,2026-04-19,1414,Terra,MODIS,65,61.03,295.3,6.5,N,0
21.4945,93.7586,300,1.3,1.1,2026-04-19,1414,Terra,MODIS,6,61.03,288.4,6.5,N,0
21.5963,96.5142,306.3,1,1,2026-04-19,1414,Terra,MODIS,36,61.03,294.7,3.8,N,0
22.921,95.629,308.6,1,1,2026-04-19,1415,Terra,MODIS,75,61.03,296.2,5.5,N,0
23.6815,92.1333,319.2,1.5,1.2,2026-04-19,1415,Terra,MODIS,98,61.03,289.5,28.3,N,0
23.6838,92.147,304.5,1.5,1.2,2026-04-19,1415,Terra,MODIS,60,61.03,285.2,9.1,N,0
23.8178,91.7119,309.1,1.6,1.2,2026-04-19,1415,Terra,MODIS,77,61.03,296.7,11.8,N,0
24.0819,96.4697,309.6,1,1,2026-04-19,1415,Terra,MODIS,77,61.03,295.2,6.6,N,0
24.0994,96.4668,309.4,1,1,2026-04-19,1415,Terra,MODIS,76,61.03,295.5,6.4,N,0
24.6692,94.7551,325,1.1,1,2026-04-19,1415,Terra,MODIS,100,61.03,294.2,21.3,N,0
24.6707,94.7651,327.1,1,1,2026-04-19,1415,Terra,MODIS,100,61.03,295.4,23.8,N,0
24.6795,94.8251,306.6,1,1,2026-04-19,1415,Terra,MODIS,68,61.03,294.7,4.1,N,0
23.6793,86.3973,307.1,1.1,1.1,2026-04-19,2139,Aqua,MODIS,63,61.03,296.3,7,N,2
23.6816,86.0959,306,1.2,1.1,2026-04-19,2139,Aqua,MODIS,66,61.03,290.7,7.3,N,2
23.7387,86.4345,310.7,1.1,1.1,2026-04-19,2139,Aqua,MODIS,60,61.03,298.5,8.1,N,2
23.7788,86.2072,302.6,1.2,1.1,2026-04-19,2139,Aqua,MODIS,50,61.03,289.7,5.5,N,2
23.7969,86.3553,305.6,1.1,1.1,2026-04-19,2139,Aqua,MODIS,52,61.03,291.9,6.2,N,2
23.5312,84.1968,310.5,1.5,1.2,2026-04-19,2140,Aqua,MODIS,80,61.03,293.2,15.4,N,0
23.5365,84.2054,308,1.5,1.2,2026-04-19,2140,Aqua,MODIS,73,61.03,293.8,11.9,N,0
20.6148,94.1619,320.3,2.3,1.5,2026-04-20,222,Terra,MODIS,58,61.03,303.3,22.1,D,0
20.6956,94.1333,319.1,2.3,1.5,2026-04-20,222,Terra,MODIS,65,61.03,302,21.7,D,0
28.6026,82.0683,315.2,1.3,1.1,2026-04-20,358,Terra,MODIS,70,61.03,300.6,12.5,D,0
28.7681,81.8181,309.3,1.3,1.1,2026-04-20,358,Terra,MODIS,41,61.03,298.3,7.2,D,0
28.7703,81.8049,309.6,1.3,1.1,2026-04-20,358,Terra,MODIS,46,61.03,299.6,7.6,D,0
28.8314,80.2754,317,1.1,1,2026-04-20,358,Terra,MODIS,60,61.03,302.1,9.1,D,0
28.8562,79.9958,323.2,1.1,1,2026-04-20,358,Terra,MODIS,72,61.03,301.4,16.8,D,0
28.9056,79.8547,317.7,1,1,2026-04-20,358,Terra,MODIS,54,61.03,305,6.4,D,0
28.9645,81.4542,308.6,1.2,1.1,2026-04-20,358,Terra,MODIS,32,61.03,297.8,4.5,D,0
29.2046,79.0333,321.6,1,1,2026-04-20,358,Terra,MODIS,68,61.03,307.2,7.9,D,0
29.2258,79.8218,311.5,1,1,2026-04-20,358,Terra,MODIS,24,61.03,300.9,3.9,D,0
29.2373,80.6411,308.5,1.1,1,2026-04-20,358,Terra,MODIS,39,61.03,297.7,5.8,D,0
29.2573,79.7956,311.2,1,1,2026-04-20,358,Terra,MODIS,25,61.03,297.7,5.5,D,0
29.5225,79.3236,322.4,1,1,2026-04-20,358,Terra,MODIS,75,61.03,298.6,17.1,D,0
29.7089,75.0809,322.4,1.3,1.1,2026-04-20,358,Terra,MODIS,57,61.03,309.5,7.8,D,0
29.803,79.5591,308.5,1,1,2026-04-20,358,Terra,MODIS,43,61.03,296.5,4.6,D,0
29.8306,79.6171,315.3,1,1,2026-04-20,358,Terra,MODIS,70,61.03,298.1,10.1,D,0
29.8533,80.3751,306.4,1.1,1,2026-04-20,358,Terra,MODIS,36,61.03,293.6,4.9,D,0
30.1735,75.2848,322.1,1.3,1.1,2026-04-20,358,Terra,MODIS,63,61.03,308.4,9.7,D,0
30.1951,78.8431,306.4,1,1,2026-04-20,358,Terra,MODIS,13,61.03,296.4,3.3,D,0
30.2827,75.4929,328.9,1.2,1.1,2026-04-20,358,Terra,MODIS,77,61.03,308.9,20.6,D,0
30.2935,75.3154,320,1.3,1.1,2026-04-20,358,Terra,MODIS,58,61.03,307.5,7.6,D,0
30.3211,74.4387,321.1,1.4,1.2,2026-04-20,358,Terra,MODIS,63,61.03,307.6,12.3,D,0
30.8895,75.54,320.8,1.2,1.1,2026-04-20,358,Terra,MODIS,66,61.03,305.7,12.2,D,0
31.5756,78.0799,303.2,1,1,2026-04-20,358,Terra,MODIS,9,61.03,291.6,7,D,0
31.8227,75.6544,315.8,1.3,1.1,2026-04-20,358,Terra,MODIS,63,61.03,303.2,7.8,D,0
31.8687,75.5154,317.4,1.3,1.1,2026-04-20,358,Terra,MODIS,66,61.03,303.9,9,D,0
24.9651,83.7795,325.9,2,1.4,2026-04-20,359,Terra,MODIS,45,61.03,309.3,20,D,0
24.9771,83.7822,327.1,2,1.4,2026-04-20,359,Terra,MODIS,49,61.03,310,22.4,D,0
25.0503,82.079,334.6,1.5,1.2,2026-04-20,359,Terra,MODIS,81,61.03,312.2,34.1,D,0
25.0752,84.1862,334.5,2.1,1.4,2026-04-20,359,Terra,MODIS,83,61.03,307.9,61.9,D,0
25.3259,83.5309,328.6,1.9,1.3,2026-04-20,359,Terra,MODIS,59,61.03,310.8,27.6,D,0
25.4713,79.0118,319.4,1.1,1,2026-04-20,359,Terra,MODIS,54,61.03,302.8,6.5,D,0
25.4803,79.0134,326.1,1.1,1,2026-04-20,359,Terra,MODIS,72,61.03,303.9,13.5,D,0
25.4843,78.617,328.2,1,1,2026-04-20,359,Terra,MODIS,76,61.03,307.7,15.1,D,0
25.5864,78.9247,322.6,1,1,2026-04-20,359,Terra,MODIS,44,61.03,308.3,7,D,0
25.648,76.5747,324.5,1,1,2026-04-20,359,Terra,MODIS,62,61.03,312.4,8,D,0
25.7019,76.5895,325.3,1,1,2026-04-20,359,Terra,MODIS,65,61.03,311.5,8.5,D,0
25.7361,76.0552,324.5,1.1,1,2026-04-20,359,Terra,MODIS,60,61.03,312.3,6.7,D,0
25.7432,77.9925,339.4,1,1,2026-04-20,359,Terra,MODIS,86,61.03,312.2,29,D,0
25.807,78.4466,322.9,1,1,2026-04-20,359,Terra,MODIS,61,61.03,310.1,7.1,D,0
25.8098,79.0987,323,1.1,1,2026-04-20,359,Terra,MODIS,30,61.03,309.9,6.9,D,0
25.8306,77.9646,327.5,1,1,2026-04-20,359,Terra,MODIS,70,61.03,313.2,10.8,D,0
25.8343,76.7588,325.9,1,1,2026-04-20,359,Terra,MODIS,66,61.03,312.3,10.1,D,0
25.8602,78.0256,329.7,1,1,2026-04-20,359,Terra,MODIS,74,61.03,313.1,12.5,D,0
25.8932,76.8046,330.6,1,1,2026-04-20,359,Terra,MODIS,75,61.03,312.2,14.8,D,0
25.8946,76.7947,326.4,1,1,2026-04-20,359,Terra,MODIS,67,61.03,312,9.8,D,0
27.9077,77.7722,323.4,1,1,2026-04-20,359,Terra,MODIS,62,61.03,309.5,7.8,D,0
27.9091,77.7624,323.6,1,1,2026-04-20,359,Terra,MODIS,63,61.03,310.9,7.9,D,0
27.9624,77.3134,321.6,1,1,2026-04-20,359,Terra,MODIS,52,61.03,308.6,6.3,D,0
28.0149,82.9022,311.9,1.5,1.2,2026-04-20,359,Terra,MODIS,57,61.03,299,10.9,D,0
28.0436,81.0882,318.3,1.2,1.1,2026-04-20,359,Terra,MODIS,56,61.03,305.5,8.2,D,0
28.0989,80.3307,319.8,1.1,1,2026-04-20,359,Terra,MODIS,56,61.03,307.5,7.1,D,0
28.1001,83.2803,308.4,1.6,1.2,2026-04-20,359,Terra,MODIS,52,61.03,296.6,10.2,D,0
28.1267,80.632,330.2,1.1,1.1,2026-04-20,359,Terra,MODIS,79,61.03,307.7,20.8,D,0
28.1711,80.6939,319.1,1.1,1.1,2026-04-20,359,Terra,MODIS,43,61.03,307.5,6.9,D,0
28.1721,81.8691,316.1,1.3,1.1,2026-04-20,359,Terra,MODIS,63,61.03,303.2,11.1,D,0
28.2665,81.8002,312.6,1.3,1.1,2026-04-20,359,Terra,MODIS,50,61.03,301.6,7.4,D,0
28.3229,81.6452,315.1,1.3,1.1,2026-04-20,359,Terra,MODIS,50,61.03,304.5,8.2,D,0
28.4005,81.3778,317.4,1.2,1.1,2026-04-20,359,Terra,MODIS,67,61.03,303.3,9.5,D,0
28.4583,82.2467,314.8,1.4,1.2,2026-04-20,359,Terra,MODIS,42,61.03,299.1,11.7,D,0
28.4605,81.932,317.5,1.3,1.1,2026-04-20,359,Terra,MODIS,62,61.03,302.9,13.8,D,0
28.4606,82.2335,313.2,1.4,1.2,2026-04-20,359,Terra,MODIS,29,61.03,298.7,10,D,0
28.4627,80.1441,319.4,1.1,1,2026-04-20,359,Terra,MODIS,61,61.03,307.9,7.4,D,0
28.4683,82.2489,312.3,1.4,1.2,2026-04-20,359,Terra,MODIS,33,61.03,299.2,9.6,D,0
28.4707,82.2349,322.3,1.4,1.2,2026-04-20,359,Terra,MODIS,78,61.03,298.7,24,D,0
28.4847,76.7215,324.7,1.1,1,2026-04-20,359,Terra,MODIS,65,61.03,311.2,8.4,D,0
28.6061,81.1998,317.2,1.2,1.1,2026-04-20,359,Terra,MODIS,66,61.03,302.7,10.2,D,0
28.6141,80.4201,315.6,1.1,1,2026-04-20,359,Terra,MODIS,54,61.03,304.6,6.1,D,0
28.6385,80.3243,316.4,1.1,1,2026-04-20,359,Terra,MODIS,51,61.03,304.4,7.2,D,0
29.1422,75.4619,322.6,1.2,1.1,2026-04-20,359,Terra,MODIS,53,61.03,309.5,7.7,D,0
29.147,75.4565,324,1.2,1.1,2026-04-20,359,Terra,MODIS,60,61.03,310,8.4,D,0
29.308,76.0398,321.6,1.1,1.1,2026-04-20,359,Terra,MODIS,55,61.03,308.5,6.4,D,0
29.368,74.5925,325,1.3,1.1,2026-04-20,359,Terra,MODIS,65,61.03,309.9,11.7,D,0
20.9601,85.1761,312.4,3.1,1.7,2026-04-20,400,Terra,MODIS,26,61.03,291.2,18.4,D,2
21.6121,83.1302,320.9,2.1,1.4,2026-04-20,400,Terra,MODIS,72,61.03,303.5,18.8,D,0
21.7442,83.845,318.8,2.4,1.5,2026-04-20,400,Terra,MODIS,70,61.03,298.6,30.1,D,2
21.7465,83.8401,316.4,2.4,1.5,2026-04-20,400,Terra,MODIS,49,61.03,298.8,20.4,D,2
21.9652,79.3424,326.9,1.2,1.1,2026-04-20,400,Terra,MODIS,77,61.03,274.2,32.1,D,0
21.9807,78.9624,312,1.1,1.1,2026-04-20,400,Terra,MODIS,45,61.03,285.7,9.6,D,0
22.0277,78.8902,312,1.1,1.1,2026-04-20,400,Terra,MODIS,57,61.03,286.4,8,D,0
22.1894,79.4635,322.2,1.2,1.1,2026-04-20,400,Terra,MODIS,73,61.03,286.5,21,D,0
22.2646,79.4493,319.1,1.2,1.1,2026-04-20,400,Terra,MODIS,19,61.03,295.7,10.5,D,0
22.2976,79.5184,321.1,1.2,1.1,2026-04-20,400,Terra,MODIS,67,61.03,300.2,10.2,D,0
22.3071,79.5201,334.2,1.2,1.1,2026-04-20,400,Terra,MODIS,87,61.03,301.8,30.2,D,0
22.3089,79.509,323.1,1.2,1.1,2026-04-20,400,Terra,MODIS,78,61.03,301.3,12.2,D,0
22.3196,79.1014,320.9,1.1,1.1,2026-04-20,400,Terra,MODIS,76,61.03,292.1,15.9,D,0
22.3704,79.7006,332.5,1.2,1.1,2026-04-20,400,Terra,MODIS,86,61.03,300.5,30.7,D,0
22.4095,79.8258,328.4,1.2,1.1,2026-04-20,400,Terra,MODIS,83,61.03,294.4,27.3,D,0
22.4127,79.7437,314.5,1.2,1.1,2026-04-20,400,Terra,MODIS,43,61.03,290,7.8,D,0
22.4305,79.8178,326.3,1.2,1.1,2026-04-20,400,Terra,MODIS,81,61.03,294.1,21.9,D,0
22.4331,79.824,320.5,1.2,1.1,2026-04-20,400,Terra,MODIS,74,61.03,293.2,14.2,D,0
22.435,79.8125,326.4,1.2,1.1,2026-04-20,400,Terra,MODIS,81,61.03,292.6,23.1,D,0
22.4542,79.816,326.4,1.2,1.1,2026-04-20,400,Terra,MODIS,81,61.03,292.3,24,D,0
22.8457,75.4202,322.8,1.1,1,2026-04-20,400,Terra,MODIS,39,61.03,307.7,9.8,D,0
23.0656,75.4965,329.3,1.1,1,2026-04-20,400,Terra,MODIS,78,61.03,310.6,15.3,D,0
23.1496,75.3515,326.9,1.1,1,2026-04-20,400,Terra,MODIS,75,61.03,308.3,13.2,D,0
23.151,75.3414,346,1.1,1,2026-04-20,400,Terra,MODIS,92,61.03,309.5,45.3,D,0
23.1613,76.3559,338.4,1,1,2026-04-20,400,Terra,MODIS,88,61.03,302.7,34.8,D,0
23.1766,75.1476,322.4,1.1,1,2026-04-20,400,Terra,MODIS,65,61.03,308.7,7.4,D,0
23.1988,75.3963,324.2,1.1,1,2026-04-20,400,Terra,MODIS,70,61.03,308.3,10.9,D,0
23.2001,75.3862,325.1,1.1,1,2026-04-20,400,Terra,MODIS,72,61.03,307.7,12,D,0
23.2202,75.7913,325.7,1,1,2026-04-20,400,Terra,MODIS,74,61.03,307.4,12.4,D,2
23.2536,75.7463,333.8,1,1,2026-04-20,400,Terra,MODIS,83,61.03,310.2,21.3,D,0
23.2625,75.7476,343.2,1,1,2026-04-20,400,Terra,MODIS,90,61.03,310.3,38,D,0
23.2703,75.4131,320.7,1.1,1,2026-04-20,400,Terra,MODIS,61,61.03,306.9,6.7,D,0
23.3231,75.1505,324.5,1.1,1,2026-04-20,400,Terra,MODIS,69,61.03,307.8,10.5,D,0
23.3244,75.1402,325.1,1.1,1,2026-04-20,400,Terra,MODIS,70,61.03,308.7,11.5,D,0
23.3804,75.8928,329,1,1,2026-04-20,400,Terra,MODIS,78,61.03,310.3,13.8,D,0
23.4126,75.9338,328.4,1,1,2026-04-20,400,Terra,MODIS,0,61.03,309.3,13.7,D,0
23.4339,75.977,339.3,1,1,2026-04-20,400,Terra,MODIS,88,61.03,307.8,31.1,D,0
23.5018,76.3504,321.3,1,1,2026-04-20,400,Terra,MODIS,66,61.03,303.3,10.7,D,0
23.5225,75.6649,330.7,1,1,2026-04-20,400,Terra,MODIS,80,61.03,308.8,18.1,D,0
23.5238,75.6549,324.4,1,1,2026-04-20,400,Terra,MODIS,40,61.03,308.3,10.6,D,0
23.6095,76.4487,317,1,1,2026-04-20,400,Terra,MODIS,18,61.03,295,11.8,D,0
23.7038,74.3218,350.1,1.2,1.1,2026-04-20,400,Terra,MODIS,94,61.03,309.8,65.1,D,0
23.7052,74.3103,321.4,1.2,1.1,2026-04-20,400,Terra,MODIS,55,61.03,307.4,8.6,D,0
23.7101,77.2969,321.2,1,1,2026-04-20,400,Terra,MODIS,70,61.03,291.3,13.3,D,0
23.7115,77.2874,315,1,1,2026-04-20,400,Terra,MODIS,41,61.03,290.1,7.7,D,0
23.725,75.0334,319.9,1.1,1,2026-04-20,400,Terra,MODIS,46,61.03,306.8,5.4,D,2
23.768,78.8352,341.9,1.1,1,2026-04-20,400,Terra,MODIS,92,61.03,287.7,48.3,D,0
23.7875,76.2859,327.1,1,1,2026-04-20,400,Terra,MODIS,71,61.03,310.3,12.1,D,0
23.8786,75.8261,325.3,1,1,2026-04-20,400,Terra,MODIS,69,61.03,310.2,9.8,D,0
24.019,74.966,331.6,1.1,1.1,2026-04-20,400,Terra,MODIS,77,61.03,308.7,21.2,D,0
24.0291,76.3432,329.7,1,1,2026-04-20,400,Terra,MODIS,78,61.03,310.1,14.3,D,0
24.0304,76.3335,325.3,1,1,2026-04-20,400,Terra,MODIS,71,61.03,310.9,8.9,D,0
24.0328,77.8822,311.4,1,1,2026-04-20,400,Terra,MODIS,19,61.03,289,5.5,D,0
24.1297,78.0341,318.6,1,1,2026-04-20,400,Terra,MODIS,68,61.03,296.3,9.3,D,0
24.1398,77.9664,314,1,1,2026-04-20,400,Terra,MODIS,60,61.03,286.2,6.8,D,0
24.1585,77.9004,327.2,1,1,2026-04-20,400,Terra,MODIS,80,61.03,279,23,D,0
24.2782,77.592,315.5,1,1,2026-04-20,400,Terra,MODIS,42,61.03,280.6,11.5,D,0
24.2834,78.1828,316.9,1,1,2026-04-20,400,Terra,MODIS,61,61.03,291.6,7.5,D,0
24.3101,78.9808,327,1.1,1,2026-04-20,400,Terra,MODIS,80,61.03,307.2,13.6,D,0
24.4222,75.825,323.2,1.1,1,2026-04-20,400,Terra,MODIS,61,61.03,309.8,7.5,D,2
24.4657,76.0461,331.9,1,1,2026-04-20,400,Terra,MODIS,79,61.03,312.8,17.9,D,0
24.467,76.0361,339.1,1,1,2026-04-20,400,Terra,MODIS,86,61.03,311.9,28.9,D,0
24.5867,76.6545,325.3,1,1,2026-04-20,400,Terra,MODIS,44,61.03,308.4,7.8,D,0
24.589,76.3601,338,1,1,2026-04-20,400,Terra,MODIS,85,61.03,312.5,25.9,D,0
24.6187,76.8769,328.6,1,1,2026-04-20,400,Terra,MODIS,74,61.03,310.2,11.2,D,0
24.6201,76.8673,328.3,1,1,2026-04-20,400,Terra,MODIS,75,61.03,309.8,11,D,0
24.6248,76.8976,324.5,1,1,2026-04-20,400,Terra,MODIS,24,61.03,309.4,6.5,D,0
24.6337,76.9153,332.3,1,1,2026-04-20,400,Terra,MODIS,80,61.03,313,15.8,D,0
24.6474,77.5323,317.6,1,1,2026-04-20,400,Terra,MODIS,55,61.03,286.1,11.3,D,0
24.6639,76.7624,334.4,1,1,2026-04-20,400,Terra,MODIS,81,61.03,311.8,19.3,D,0
24.6653,76.7527,333.3,1,1,2026-04-20,400,Terra,MODIS,80,61.03,312.4,17.2,D,0
24.6715,76.9018,352.2,1,1,2026-04-20,400,Terra,MODIS,95,61.03,311.4,51.8,D,0
24.6728,76.8922,332.6,1,1,2026-04-20,400,Terra,MODIS,80,61.03,310.5,16.6,D,0
24.6741,76.7542,328.5,1,1,2026-04-20,400,Terra,MODIS,73,61.03,311.6,11.7,D,0
24.6991,76.7681,324.6,1,1,2026-04-20,400,Terra,MODIS,63,61.03,309.6,8.1,D,0
24.7527,77.5664,320,1,1,2026-04-20,400,Terra,MODIS,62,61.03,302.5,8.8,D,0
24.767,76.3407,324.9,1,1,2026-04-20,400,Terra,MODIS,64,61.03,312.1,6.3,D,0
24.7684,76.3308,331.7,1,1,2026-04-20,400,Terra,MODIS,77,61.03,314,15,D,0
24.8048,76.9297,326.3,1,1,2026-04-20,400,Terra,MODIS,70,61.03,309.2,9.7,D,0
24.8259,76.9889,320.6,1,1,2026-04-20,400,Terra,MODIS,55,61.03,306.1,4.2,D,0
24.8272,76.9793,324.3,1,1,2026-04-20,400,Terra,MODIS,67,61.03,308.8,8.2,D,0
24.8379,76.6281,325.5,1,1,2026-04-20,400,Terra,MODIS,63,61.03,312.4,6.2,D,0
24.8688,78.3428,323.2,1,1,2026-04-20,400,Terra,MODIS,71,61.03,293,13.5,D,0
24.8702,78.333,318.1,1,1,2026-04-20,400,Terra,MODIS,57,61.03,291.2,8.5,D,0
24.8742,76.6404,327.3,1,1,2026-04-20,400,Terra,MODIS,71,61.03,313.2,8.8,D,0
24.8756,76.6307,327.8,1,1,2026-04-20,400,Terra,MODIS,71,61.03,314.5,9,D,0
24.9303,76.2277,327.2,1,1,2026-04-20,400,Terra,MODIS,67,61.03,313.3,9.5,D,0
24.9348,76.3296,324.7,1,1,2026-04-20,400,Terra,MODIS,62,61.03,312.1,8.3,D,0
24.9393,76.5612,326.7,1,1,2026-04-20,400,Terra,MODIS,69,61.03,312.8,8.9,D,0
24.9588,77.7912,320.5,1,1,2026-04-20,400,Terra,MODIS,35,61.03,299.4,8.5,D,0
24.9589,76.6303,326.8,1,1,2026-04-20,400,Terra,MODIS,70,61.03,312.6,9.1,D,0
24.9854,76.6346,325.5,1,1,2026-04-20,400,Terra,MODIS,64,61.03,312.5,8.6,D,0
24.9902,76.6653,326.6,1,1,2026-04-20,400,Terra,MODIS,70,61.03,311.5,9.9,D,0
24.9929,76.6458,331.2,1,1,2026-04-20,400,Terra,MODIS,75,61.03,309.6,15.5,D,0
24.9942,76.636,332,1,1,2026-04-20,400,Terra,MODIS,78,61.03,311.7,17,D,0
25.0008,76.1778,339.1,1,1,2026-04-20,400,Terra,MODIS,80,61.03,313.9,29.8,D,0
25.0113,76.1753,332.7,1,1,2026-04-20,400,Terra,MODIS,0,61.03,313.7,18.6,D,0
25.0315,76.5621,330.6,1,1,2026-04-20,400,Terra,MODIS,76,61.03,312.9,13.8,D,0
25.0326,76.4218,324.2,1,1,2026-04-20,400,Terra,MODIS,47,61.03,311.7,4.9,D,0
25.034,76.4119,327.5,1,1,2026-04-20,400,Terra,MODIS,67,61.03,313.9,8.7,D,0
25.0509,76.3541,345.4,1,1,2026-04-20,400,Terra,MODIS,91,61.03,313.5,38.2,D,0
25.054,76.5421,327.8,1,1,2026-04-20,400,Terra,MODIS,71,61.03,313.2,10.2,D,0
25.0586,76.9014,327.5,1,1,2026-04-20,400,Terra,MODIS,72,61.03,311.1,9.8,D,0
25.063,76.2649,326.6,1,1,2026-04-20,400,Terra,MODIS,67,61.03,313.1,9.3,D,0
25.0674,76.9028,328.3,1,1,2026-04-20,400,Terra,MODIS,73,61.03,312.1,10.8,D,0
25.0824,77.5128,329,1,1,2026-04-20,400,Terra,MODIS,77,61.03,310.9,13,D,0
25.1169,76.8873,346.8,1,1,2026-04-20,400,Terra,MODIS,92,61.03,311.8,40.1,D,0
25.1181,77.5943,323.8,1,1,2026-04-20,400,Terra,MODIS,68,61.03,306.4,8.5,D,0
25.1183,76.8776,333.9,1,1,2026-04-20,400,Terra,MODIS,81,61.03,312.4,18.3,D,0
25.1514,76.9623,326.7,1,1,2026-04-20,400,Terra,MODIS,71,61.03,311.9,9,D,0
25.155,77.6499,326.5,1,1,2026-04-20,400,Terra,MODIS,67,61.03,309.1,11.4,D,0
25.1577,76.5247,327.9,1,1,2026-04-20,400,Terra,MODIS,71,61.03,309.4,10.4,D,0
25.159,76.5149,360.2,1,1,2026-04-20,400,Terra,MODIS,100,61.03,313.6,73,D,0
25.1634,76.3379,328.3,1,1,2026-04-20,400,Terra,MODIS,71,61.03,311.1,12.5,D,0
25.1647,76.328,327.1,1,1,2026-04-20,400,Terra,MODIS,68,61.03,311.7,11.5,D,0
25.1947,77.0551,325.9,1,1,2026-04-20,400,Terra,MODIS,69,61.03,310,9.1,D,0
25.2621,76.1558,329.6,1,1,2026-04-20,400,Terra,MODIS,73,61.03,312.4,13.8,D,0
25.2639,75.8662,324.5,1.1,1,2026-04-20,400,Terra,MODIS,60,61.03,311.6,8.2,D,0
25.2693,77.0537,325.5,1,1,2026-04-20,400,Terra,MODIS,67,61.03,311.1,7.5,D,0
25.2706,77.0441,325.5,1,1,2026-04-20,400,Terra,MODIS,68,61.03,312.2,7.7,D,0
25.2753,77.0745,323.3,1,1,2026-04-20,400,Terra,MODIS,57,61.03,310.3,6.1,D,0
25.3096,75.7999,331.3,1.1,1,2026-04-20,400,Terra,MODIS,76,61.03,310.9,16.5,D,0
25.3711,78.208,336.5,1,1,2026-04-20,400,Terra,MODIS,64,61.03,311.2,23.2,D,0
25.3944,73.0015,323.9,1.5,1.2,2026-04-20,400,Terra,MODIS,49,61.03,308.7,11.7,D,0
25.4369,76.4371,324.1,1,1,2026-04-20,400,Terra,MODIS,61,61.03,310.5,6.3,D,0
25.439,76.2783,326.2,1,1,2026-04-20,400,Terra,MODIS,66,61.03,311.6,9.5,D,0
25.4404,76.2683,336.3,1,1,2026-04-20,400,Terra,MODIS,82,61.03,312.8,23.6,D,0
25.4476,76.3575,324.5,1,1,2026-04-20,400,Terra,MODIS,52,61.03,312.1,7.1,D,0
25.4763,76.7457,327.9,1,1,2026-04-20,400,Terra,MODIS,71,61.03,311.9,11,D,0
25.5288,76.2272,331.2,1,1,2026-04-20,400,Terra,MODIS,69,61.03,313,15,D,0
25.5629,76.6554,327.4,1,1,2026-04-20,400,Terra,MODIS,70,61.03,313.5,9.4,D,0
18.7022,78.6885,320.1,1.2,1.1,2026-04-20,401,Terra,MODIS,65,61.03,303.4,11,D,0
18.9383,78.4208,321.1,1.2,1.1,2026-04-20,401,Terra,MODIS,66,61.03,303.2,13.1,D,0
19.2716,76.2421,322.4,1,1,2026-04-20,401,Terra,MODIS,70,61.03,306.5,9.5,D,0
19.3322,74.0691,324,1.1,1,2026-04-20,401,Terra,MODIS,67,61.03,307.4,8.4,D,0
19.5448,79.9774,320.8,1.4,1.2,2026-04-20,401,Terra,MODIS,67,61.03,304.1,10.5,D,0
20.1362,73.9131,321.9,1.1,1.1,2026-04-20,401,Terra,MODIS,67,61.03,306.5,9.2,D,0
20.392,76.2994,325.7,1,1,2026-04-20,401,Terra,MODIS,20,61.03,308.4,8.8,D,0
20.4024,78.5226,317.5,1.1,1.1,2026-04-20,401,Terra,MODIS,47,61.03,294.5,10.4,D,0
20.421,76.0948,325.6,1,1,2026-04-20,401,Terra,MODIS,72,61.03,308.2,9.9,D,0
20.4851,76.6058,329.7,1,1,2026-04-20,401,Terra,MODIS,79,61.03,306.9,15.1,D,0
20.7531,77.2401,323.7,1,1,2026-04-20,401,Terra,MODIS,62,61.03,304.7,7.8,D,0
20.8788,73.7113,322.3,1.2,1.1,2026-04-20,401,Terra,MODIS,43,61.03,304.8,9.1,D,0
20.9167,73.6768,322.2,1.2,1.1,2026-04-20,401,Terra,MODIS,59,61.03,304.5,10.4,D,0
21.4492,74.059,326.3,1.2,1.1,2026-04-20,401,Terra,MODIS,71,61.03,307,13.8,D,0
21.7753,72.721,325.7,1.4,1.2,2026-04-20,401,Terra,MODIS,67,61.03,305.5,15.8,D,0
14.616,78.8695,323.4,1.4,1.2,2026-04-20,402,Terra,MODIS,64,61.03,303.2,18.8,D,0
14.9731,78.4921,338.2,1.3,1.1,2026-04-20,402,Terra,MODIS,85,61.03,308.4,37.3,D,0
14.9749,78.4803,333.9,1.3,1.1,2026-04-20,402,Terra,MODIS,80,61.03,306.9,27,D,0
15.1807,76.6804,322.4,1.1,1,2026-04-20,402,Terra,MODIS,58,61.03,305.3,9.1,D,2
15.2332,79.438,323.3,1.5,1.2,2026-04-20,402,Terra,MODIS,64,61.03,305,13.4,D,0
15.3739,78.6189,320.7,1.3,1.1,2026-04-20,402,Terra,MODIS,50,61.03,303.3,12.8,D,0
15.4483,78.7344,323.9,1.3,1.1,2026-04-20,402,Terra,MODIS,64,61.03,306.1,16.2,D,0
15.4501,78.7225,319.6,1.3,1.1,2026-04-20,402,Terra,MODIS,31,61.03,306,8.8,D,0
15.6646,78.4695,328.6,1.3,1.1,2026-04-20,402,Terra,MODIS,74,61.03,307.7,19.4,D,0
15.6664,78.458,323.6,1.3,1.1,2026-04-20,402,Terra,MODIS,63,61.03,307.6,11.2,D,0
15.7443,77.5425,325.5,1.1,1.1,2026-04-20,402,Terra,MODIS,70,61.03,306.2,12.8,D,0
15.9584,77.8953,322.7,1.2,1.1,2026-04-20,402,Terra,MODIS,51,61.03,308.2,6.7,D,0
16.0066,79.0334,321.4,1.4,1.2,2026-04-20,402,Terra,MODIS,63,61.03,306.6,12.9,D,0
16.2997,78.9379,322.1,1.3,1.1,2026-04-20,402,Terra,MODIS,64,61.03,306.2,11.2,D,0
16.6605,76.4891,316.1,1,1,2026-04-20,402,Terra,MODIS,47,61.03,300.6,7.2,D,0
16.8473,73.8532,317,1.1,1,2026-04-20,402,Terra,MODIS,43,61.03,301.3,7.7,D,0
16.8801,80.1837,318,1.6,1.2,2026-04-20,402,Terra,MODIS,54,61.03,299.6,13.4,D,0
17.4447,73.3151,318.8,1.1,1.1,2026-04-20,402,Terra,MODIS,67,61.03,300.4,10.2,D,0
17.4461,73.3046,319.2,1.2,1.1,2026-04-20,402,Terra,MODIS,68,61.03,300.2,11.1,D,0
18.0547,73.9135,322.8,1.1,1,2026-04-20,402,Terra,MODIS,71,61.03,306.4,7.9,D,0
10.9045,76.7192,317.4,1.2,1.1,2026-04-20,403,Terra,MODIS,58,61.03,297.4,14.3,D,0
11.4757,76.6099,315.4,1.1,1.1,2026-04-20,403,Terra,MODIS,57,61.03,297.4,10.9,D,0
11.4772,76.5998,317.3,1.1,1.1,2026-04-20,403,Terra,MODIS,62,61.03,297.4,13.7,D,0
11.4788,76.5898,314.5,1.1,1.1,2026-04-20,403,Terra,MODIS,50,61.03,299.3,10.7,D,0
13.9706,78.0041,321.6,1.3,1.1,2026-04-20,403,Terra,MODIS,61,61.03,305.2,9.8,D,0
9.5511,76.8957,316.1,1.2,1.1,2026-04-20,404,Terra,MODIS,60,61.03,298.1,11.4,D,0
16.3842,95.8722,320.1,1.4,1.2,2026-04-20,831,Aqua,MODIS,58,61.03,301.9,11.4,D,0
16.4611,95.4172,319.1,1.5,1.2,2026-04-20,831,Aqua,MODIS,55,61.03,302.3,10.5,D,0
16.5239,96.3996,322.6,1.3,1.1,2026-04-20,831,Aqua,MODIS,65,61.03,301.7,11.4,D,0
16.5865,95.7843,318.7,1.4,1.2,2026-04-20,831,Aqua,MODIS,51,61.03,300.8,10.2,D,0
16.5961,96.6563,322.4,1.2,1.1,2026-04-20,831,Aqua,MODIS,60,61.03,303.1,10,D,0
16.6231,96.0711,325.3,1.3,1.1,2026-04-20,831,Aqua,MODIS,71,61.03,304.9,14.3,D,0
16.6428,95.6885,321.7,1.4,1.2,2026-04-20,831,Aqua,MODIS,62,61.03,301.1,12.4,D,0
16.761,95.9712,321.3,1.4,1.2,2026-04-20,831,Aqua,MODIS,59,61.03,303.2,8.6,D,0
16.7809,95.8402,319.7,1.4,1.2,2026-04-20,831,Aqua,MODIS,38,61.03,300.8,10.8,D,0
16.8131,96.037,323.8,1.3,1.1,2026-04-20,831,Aqua,MODIS,65,61.03,305.4,10.5,D,0
16.8705,95.9448,346.8,1.4,1.2,2026-04-20,831,Aqua,MODIS,92,61.03,304.7,68.4,D,0
16.8726,95.957,331.4,1.4,1.2,2026-04-20,831,Aqua,MODIS,79,61.03,303.5,27.8,D,0
17.1214,96.0314,336.3,1.3,1.1,2026-04-20,831,Aqua,MODIS,85,61.03,304.7,40.2,D,0
17.1234,96.0434,323.9,1.3,1.1,2026-04-20,831,Aqua,MODIS,70,61.03,302.9,15.4,D,0
17.1429,95.724,325.1,1.4,1.2,2026-04-20,831,Aqua,MODIS,70,61.03,304.2,14.7,D,0
17.1432,95.7304,326.7,1.4,1.2,2026-04-20,831,Aqua,MODIS,70,61.03,303.6,19.1,D,0
17.145,95.7366,321.8,1.4,1.2,2026-04-20,831,Aqua,MODIS,37,61.03,302.3,10.7,D,0
17.1499,95.0431,324.5,1.5,1.2,2026-04-20,831,Aqua,MODIS,70,61.03,303.2,17,D,0
17.1512,95.8379,325.4,1.4,1.2,2026-04-20,831,Aqua,MODIS,73,61.03,302,17.5,D,0
17.2243,95.7155,322.8,1.4,1.2,2026-04-20,831,Aqua,MODIS,64,61.03,304.4,12,D,0
17.2605,95.1438,325.7,1.5,1.2,2026-04-20,831,Aqua,MODIS,72,61.03,305,19.4,D,0
17.4935,96.5957,323.4,1.2,1.1,2026-04-20,831,Aqua,MODIS,71,61.03,302.6,13.8,D,0
17.5521,96.8965,317.6,1.2,1.1,2026-04-20,831,Aqua,MODIS,54,61.03,297.9,7.9,D,0
17.5538,96.9072,334.5,1.2,1.1,2026-04-20,831,Aqua,MODIS,84,61.03,300.5,32.4,D,0
17.4092,94.8014,324.6,1.6,1.2,2026-04-20,832,Aqua,MODIS,71,61.03,298.4,32.5,D,0
17.5631,95.9574,325.5,1.3,1.1,2026-04-20,832,Aqua,MODIS,74,61.03,304.2,15.4,D,0
17.7131,95.9366,331.2,1.3,1.1,2026-04-20,832,Aqua,MODIS,81,61.03,303.9,27.7,D,0
17.8961,96.9088,320.8,1.2,1.1,2026-04-20,832,Aqua,MODIS,66,61.03,300.9,11.6,D,0
17.9635,96.2749,319.1,1.2,1.1,2026-04-20,832,Aqua,MODIS,63,61.03,300.6,12.7,D,0
17.9766,95.8448,331.1,1.3,1.1,2026-04-20,832,Aqua,MODIS,81,61.03,304.2,25,D,0
17.9786,95.8568,358.1,1.3,1.1,2026-04-20,832,Aqua,MODIS,99,61.03,305.1,102.8,D,0
18.3367,95.9641,347.5,1.3,1.1,2026-04-20,832,Aqua,MODIS,93,61.03,303.2,70.7,D,0
18.3386,95.9755,355.3,1.3,1.1,2026-04-20,832,Aqua,MODIS,97,61.03,303.2,94.9,D,0
18.3814,95.9916,334.2,1.3,1.1,2026-04-20,832,Aqua,MODIS,84,61.03,303.1,35.7,D,0
18.4039,95.1328,333.5,1.4,1.2,2026-04-20,832,Aqua,MODIS,82,61.03,306.2,32.2,D,0
18.722,94.4143,319.7,1.6,1.2,2026-04-20,832,Aqua,MODIS,58,61.03,298.5,23,D,0
19.0017,96.2431,333.7,1.2,1.1,2026-04-20,832,Aqua,MODIS,84,61.03,304.5,28.6,D,0
19.0035,96.254,324.2,1.2,1.1,2026-04-20,832,Aqua,MODIS,71,61.03,305.9,12.4,D,0
19.0505,96.302,326.3,1.2,1.1,2026-04-20,832,Aqua,MODIS,76,61.03,306.1,12.8,D,0
19.0673,95.5268,329.5,1.3,1.1,2026-04-20,832,Aqua,MODIS,79,61.03,311.6,15,D,0
19.0694,95.5389,330.8,1.3,1.1,2026-04-20,832,Aqua,MODIS,80,61.03,312,17.9,D,0
19.3334,94.4099,333.7,1.6,1.2,2026-04-20,832,Aqua,MODIS,80,61.03,301.6,51.2,D,0
19.337,94.4022,332.6,1.6,1.2,2026-04-20,832,Aqua,MODIS,79,61.03,301.7,48.9,D,0
19.3395,94.4164,321.7,1.6,1.2,2026-04-20,832,Aqua,MODIS,55,61.03,301.6,23.9,D,0
19.3792,96.1037,330.6,1.2,1.1,2026-04-20,832,Aqua,MODIS,80,61.03,304.1,25.1,D,0
19.4849,95.9384,321.1,1.2,1.1,2026-04-20,832,Aqua,MODIS,65,61.03,304.2,7.6,D,0
19.6743,94.1462,321.7,1.6,1.2,2026-04-20,832,Aqua,MODIS,57,61.03,298,23.9,D,0
19.6797,94.1139,319.9,1.6,1.3,2026-04-20,832,Aqua,MODIS,29,61.03,297.1,17.8,D,0
19.7014,94.1096,323.7,1.6,1.3,2026-04-20,832,Aqua,MODIS,65,61.03,299,25.9,D,0
19.7086,94.2141,323,1.6,1.2,2026-04-20,832,Aqua,MODIS,63,61.03,298.2,27.8,D,0
19.7768,96.6016,318.3,1.1,1.1,2026-04-20,832,Aqua,MODIS,54,61.03,295.3,11.7,D,0
19.7784,96.6117,316.3,1.1,1.1,2026-04-20,832,Aqua,MODIS,23,61.03,297.3,9,D,0
19.8117,95.9697,323.1,1.2,1.1,2026-04-20,832,Aqua,MODIS,68,61.03,303.7,13.6,D,0
19.9244,94.0671,321.8,1.6,1.2,2026-04-20,832,Aqua,MODIS,57,61.03,300.7,22.1,D,0
19.9272,94.0833,320.2,1.6,1.2,2026-04-20,832,Aqua,MODIS,48,61.03,299.3,18.8,D,0
19.929,94.0774,326.7,1.6,1.2,2026-04-20,832,Aqua,MODIS,70,61.03,299.9,33.6,D,0
19.951,94.0119,322.8,1.6,1.3,2026-04-20,832,Aqua,MODIS,60,61.03,299,25.2,D,0
19.9692,96.5862,320.6,1.1,1.1,2026-04-20,832,Aqua,MODIS,62,61.03,298.7,11.4,D,0
20.0847,93.9722,320.5,1.6,1.3,2026-04-20,832,Aqua,MODIS,44,61.03,299,23.8,D,0
20.2206,93.6336,319,1.7,1.3,2026-04-20,832,Aqua,MODIS,32,61.03,298.2,23.1,D,0
20.2611,96.6787,324.8,1.1,1.1,2026-04-20,832,Aqua,MODIS,72,61.03,298.4,18.6,D,0
20.2709,96.6277,317.3,1.1,1.1,2026-04-20,832,Aqua,MODIS,15,61.03,299.6,8.6,D,0
20.6824,92.85,326.8,1.9,1.3,2026-04-20,832,Aqua,MODIS,77,61.03,299,42.2,D,0
20.7003,94.9404,327,1.4,1.2,2026-04-20,832,Aqua,MODIS,73,61.03,301.2,14.6,D,0
20.7325,93.4455,321.3,1.7,1.3,2026-04-20,832,Aqua,MODIS,30,61.03,296.6,25.5,D,0
20.7437,93.4433,325,1.7,1.3,2026-04-20,832,Aqua,MODIS,63,61.03,296.3,34,D,0
21.4063,95.7845,331.4,1.2,1.1,2026-04-20,833,Aqua,MODIS,79,61.03,308.3,14,D,0
21.408,95.7955,346.3,1.2,1.1,2026-04-20,833,Aqua,MODIS,92,61.03,310.6,45.4,D,0
21.4403,93.6924,334.7,1.6,1.2,2026-04-20,833,Aqua,MODIS,79,61.03,297.6,64.1,D,0
21.479,92.4986,329.5,2,1.4,2026-04-20,833,Aqua,MODIS,82,61.03,296.9,56.7,D,0
21.5701,95.3846,350.1,1.2,1.1,2026-04-20,833,Aqua,MODIS,94,61.03,309.9,59.2,D,0
21.6424,93.8108,316.4,1.6,1.2,2026-04-20,833,Aqua,MODIS,30,61.03,299.2,18.4,D,0
21.6464,93.8039,318.4,1.6,1.2,2026-04-20,833,Aqua,MODIS,54,61.03,300,20.3,D,0
21.7278,92.5372,317.9,1.9,1.4,2026-04-20,833,Aqua,MODIS,67,61.03,297.7,22.5,D,0
21.898,92.9536,314.6,1.8,1.3,2026-04-20,833,Aqua,MODIS,51,61.03,297.3,13.5,D,0
21.9372,92.2286,318.3,2,1.4,2026-04-20,833,Aqua,MODIS,69,61.03,295.8,25.6,D,0
21.9407,92.2472,317.6,2,1.4,2026-04-20,833,Aqua,MODIS,68,61.03,295.9,23.8,D,0
22.1173,93.1997,321.6,1.7,1.3,2026-04-20,833,Aqua,MODIS,43,61.03,297.4,25.4,D,0
22.2799,93.3377,335.6,1.6,1.3,2026-04-20,833,Aqua,MODIS,85,61.03,300.6,62.6,D,0
22.2828,93.3539,316.4,1.6,1.3,2026-04-20,833,Aqua,MODIS,27,61.03,298.2,14.6,D,0
22.3274,95.2964,328.6,1.2,1.1,2026-04-20,833,Aqua,MODIS,77,61.03,307.6,13.7,D,0
22.3293,95.3078,324,1.2,1.1,2026-04-20,833,Aqua,MODIS,59,61.03,306.2,7,D,0
22.3636,93.2833,347,1.6,1.3,2026-04-20,833,Aqua,MODIS,93,61.03,297.1,107.7,D,0
22.3663,93.2983,351.2,1.6,1.3,2026-04-20,833,Aqua,MODIS,95,61.03,297.3,125.1,D,0
22.3909,96.1432,325.5,1.1,1.1,2026-04-20,833,Aqua,MODIS,70,61.03,307.7,8.6,D,0
22.3926,96.1536,328.6,1.1,1.1,2026-04-20,833,Aqua,MODIS,69,61.03,307.5,13.8,D,0
22.4822,93.1614,316.9,1.7,1.3,2026-04-20,833,Aqua,MODIS,44,61.03,297.8,17.4,D,0
22.4851,93.1772,333.8,1.7,1.3,2026-04-20,833,Aqua,MODIS,85,61.03,297.9,57,D,0
22.5561,93.1222,328.8,1.7,1.3,2026-04-20,833,Aqua,MODIS,81,61.03,297.6,44,D,0
22.559,93.1377,331.3,1.7,1.3,2026-04-20,833,Aqua,MODIS,83,61.03,297,50.1,D,0
22.5808,93.1327,320.3,1.7,1.3,2026-04-20,833,Aqua,MODIS,65,61.03,296.6,25.6,D,0
22.601,93.6375,333.8,1.5,1.2,2026-04-20,833,Aqua,MODIS,84,61.03,298.6,55.6,D,0
22.6121,96.7792,317.2,1.1,1,2026-04-20,833,Aqua,MODIS,61,61.03,297.7,11.2,D,0
22.6301,93.8031,332.4,1.5,1.2,2026-04-20,833,Aqua,MODIS,82,61.03,302.2,44.7,D,0
22.6369,93.8418,315.5,1.5,1.2,2026-04-20,833,Aqua,MODIS,21,61.03,298.5,10.8,D,0
22.7735,93.3739,333.9,1.6,1.2,2026-04-20,833,Aqua,MODIS,84,61.03,299.3,52.9,D,0
22.7758,93.368,318.5,1.6,1.2,2026-04-20,833,Aqua,MODIS,61,61.03,297.8,20.7,D,0
22.7972,95.9596,328.9,1.1,1.1,2026-04-20,833,Aqua,MODIS,0,61.03,308.2,12.4,D,0
22.8064,95.9579,338.6,1.1,1.1,2026-04-20,833,Aqua,MODIS,66,61.03,307.9,28.6,D,0
22.8416,92.3323,315.1,1.9,1.3,2026-04-20,833,Aqua,MODIS,44,61.03,297.7,12.7,D,0
22.8702,93.2492,335.6,1.6,1.3,2026-04-20,833,Aqua,MODIS,86,61.03,296.3,61.7,D,0
22.9177,93.5739,319.5,1.5,1.2,2026-04-20,833,Aqua,MODIS,65,61.03,298.1,24.2,D,0
22.9178,92.433,313.3,1.8,1.3,2026-04-20,833,Aqua,MODIS,44,61.03,294.8,14.1,D,0
22.9213,93.3473,319.3,1.6,1.2,2026-04-20,833,Aqua,MODIS,65,61.03,297.3,23.8,D,0
22.9318,93.3442,316.2,1.6,1.2,2026-04-20,833,Aqua,MODIS,41,61.03,296.1,17.9,D,0
22.9522,93.2535,323.2,1.6,1.2,2026-04-20,833,Aqua,MODIS,60,61.03,295.1,29,D,0
22.9878,93.3265,318.2,1.6,1.2,2026-04-20,833,Aqua,MODIS,59,61.03,293.5,19.9,D,0
23.0006,93.4595,328.9,1.6,1.2,2026-04-20,833,Aqua,MODIS,80,61.03,293.4,45.8,D,0
23.0233,93.7075,315.5,1.5,1.2,2026-04-20,833,Aqua,MODIS,43,61.03,294,17.7,D,0
23.0716,95.7033,327.1,1.1,1.1,2026-04-20,833,Aqua,MODIS,50,61.03,310.6,7.8,D,0
23.0781,94.7928,330,1.3,1.1,2026-04-20,833,Aqua,MODIS,78,61.03,304,24.9,D,0
23.0801,94.8048,338,1.3,1.1,2026-04-20,833,Aqua,MODIS,86,61.03,303.6,41.3,D,0
23.1459,94.5208,319,1.3,1.1,2026-04-20,833,Aqua,MODIS,54,61.03,300.2,9,D,0
23.2313,96.4137,324.1,1.1,1,2026-04-20,833,Aqua,MODIS,69,61.03,300.2,13.2,D,0
23.2565,96.1105,335.2,1.1,1,2026-04-20,833,Aqua,MODIS,85,61.03,307.7,24.5,D,0
23.2582,96.1208,323.4,1.1,1,2026-04-20,833,Aqua,MODIS,48,61.03,306.4,9,D,0
23.2766,92.1258,315.7,1.9,1.3,2026-04-20,833,Aqua,MODIS,55,61.03,297.6,16.6,D,0
23.2889,95.3833,331.2,1.2,1.1,2026-04-20,833,Aqua,MODIS,80,61.03,302.2,22.1,D,0
23.3854,94.1729,317.7,1.4,1.2,2026-04-20,833,Aqua,MODIS,35,61.03,301.2,5.8,D,0
23.4304,96.0966,326.6,1.1,1,2026-04-20,833,Aqua,MODIS,47,61.03,308.8,12.2,D,0
23.5463,92.0093,316.5,1.9,1.4,2026-04-20,833,Aqua,MODIS,68,61.03,293.3,25,D,0
23.5511,92.0153,313.6,1.9,1.4,2026-04-20,833,Aqua,MODIS,60,61.03,292.4,17,D,0
23.5622,95.0854,322.4,1.2,1.1,2026-04-20,833,Aqua,MODIS,56,61.03,303.1,10.7,D,0
23.5641,95.0967,325.8,1.2,1.1,2026-04-20,833,Aqua,MODIS,75,61.03,300.3,15.4,D,0
23.6413,92.0217,327.1,1.9,1.3,2026-04-20,833,Aqua,MODIS,68,61.03,293.7,46.1,D,0
23.6546,92.0912,322.5,1.9,1.3,2026-04-20,833,Aqua,MODIS,63,61.03,292.1,32.1,D,0
23.667,92.2033,317.8,1.8,1.3,2026-04-20,833,Aqua,MODIS,70,61.03,293.6,23.8,D,0
23.6728,92.1236,327.4,1.9,1.3,2026-04-20,833,Aqua,MODIS,67,61.03,293.8,45.5,D,0
23.6859,92.193,316.5,1.8,1.3,2026-04-20,833,Aqua,MODIS,68,61.03,293.8,20.8,D,0
23.6957,96.3064,329.8,1.1,1,2026-04-20,833,Aqua,MODIS,81,61.03,307,17.7,D,0
23.6973,96.3165,321.4,1.1,1,2026-04-20,833,Aqua,MODIS,70,61.03,306.1,7.4,D,0
23.7288,92.1664,325.1,1.9,1.3,2026-04-20,833,Aqua,MODIS,79,61.03,291.8,42.6,D,0
23.7419,91.8018,311.4,2,1.4,2026-04-20,833,Aqua,MODIS,53,61.03,292.5,13.3,D,0
23.7484,92.1432,313,1.9,1.3,2026-04-20,833,Aqua,MODIS,40,61.03,290.8,16.6,D,0
23.7509,92.2857,327.8,1.8,1.3,2026-04-20,833,Aqua,MODIS,81,61.03,293.3,50.6,D,0
23.7539,92.3018,323.8,1.8,1.3,2026-04-20,833,Aqua,MODIS,78,61.03,293.1,39.6,D,0
23.76,92.1528,311.1,1.9,1.3,2026-04-20,833,Aqua,MODIS,40,61.03,290.5,14,D,0
23.7952,96.4049,323.3,1.1,1,2026-04-20,833,Aqua,MODIS,73,61.03,304.6,8.3,D,0
23.8062,91.7822,313.5,2,1.4,2026-04-20,833,Aqua,MODIS,62,61.03,292.7,17.5,D,0
23.8078,96.3094,327.5,1.1,1,2026-04-20,833,Aqua,MODIS,60,61.03,306.8,10.8,D,0
23.8264,96.3106,327.2,1.1,1,2026-04-20,833,Aqua,MODIS,78,61.03,307.2,13.4,D,0
23.8323,92.1558,323.2,1.8,1.3,2026-04-20,833,Aqua,MODIS,77,61.03,292.5,40.2,D,0
23.8415,96.7017,314.6,1,1,2026-04-20,833,Aqua,MODIS,50,61.03,298.8,4.8,D,0
23.845,91.7924,311.3,2,1.4,2026-04-20,833,Aqua,MODIS,56,61.03,293.4,14,D,0
23.8504,91.8859,312.4,1.9,1.4,2026-04-20,833,Aqua,MODIS,60,61.03,294,14.7,D,0
23.9171,96.1204,318.6,1.1,1,2026-04-20,833,Aqua,MODIS,49,61.03,302.7,5.8,D,0
23.9834,92.1598,312,1.8,1.3,2026-04-20,833,Aqua,MODIS,40,61.03,295.7,11.3,D,0
24.1211,96.4112,338,1.1,1,2026-04-20,833,Aqua,MODIS,88,61.03,304.4,29.6,D,0
24.1227,96.4211,324.5,1,1,2026-04-20,833,Aqua,MODIS,76,61.03,303.8,10.5,D,0
24.1895,95.7959,316,1.1,1,2026-04-20,833,Aqua,MODIS,60,61.03,299.4,8.4,D,0
24.2563,93.9556,314,1.4,1.2,2026-04-20,833,Aqua,MODIS,61,61.03,297.4,12.7,D,0
24.2586,93.9691,311.6,1.4,1.2,2026-04-20,833,Aqua,MODIS,51,61.03,296.1,9.6,D,0
24.2797,93.9706,318.6,1.4,1.2,2026-04-20,833,Aqua,MODIS,70,61.03,297.6,18.5,D,0
24.2821,93.9842,328.6,1.4,1.2,2026-04-20,833,Aqua,MODIS,82,61.03,296.7,35.1,D,0
24.3034,96.334,316.7,1.1,1,2026-04-20,833,Aqua,MODIS,54,61.03,299.2,5.5,D,0
24.3222,96.453,331.7,1,1,2026-04-20,833,Aqua,MODIS,84,61.03,297.2,22.6,D,0
24.3302,96.8117,316.9,1,1,2026-04-20,833,Aqua,MODIS,66,61.03,298.2,6.3,D,0
24.3495,94.7415,315.7,1.2,1.1,2026-04-20,833,Aqua,MODIS,64,61.03,297.8,8.4,D,0
24.3514,94.753,316.2,1.2,1.1,2026-04-20,833,Aqua,MODIS,66,61.03,298.6,9,D,0
24.3517,96.2323,324.2,1.1,1,2026-04-20,833,Aqua,MODIS,77,61.03,297.5,16.7,D,0
24.398,96.8823,316,1,1,2026-04-20,833,Aqua,MODIS,63,61.03,296.9,7.9,D,0
24.402,96.4323,326.9,1,1,2026-04-20,833,Aqua,MODIS,80,61.03,300.8,15.8,D,0
24.4035,96.4422,326.5,1,1,2026-04-20,833,Aqua,MODIS,76,61.03,300.9,15.7,D,0
24.4343,96.4059,317.5,1,1,2026-04-20,833,Aqua,MODIS,61,61.03,297.6,7.9,D,0
24.4461,96.7833,317.4,1,1,2026-04-20,833,Aqua,MODIS,68,61.03,296.1,7.7,D,0
24.4476,96.7931,327.1,1,1,2026-04-20,833,Aqua,MODIS,80,61.03,294.9,18.3,D,0
24.4611,95.5878,317.7,1.1,1.1,2026-04-20,833,Aqua,MODIS,68,61.03,299.1,8.6,D,0
24.4903,94.79,315.8,1.2,1.1,2026-04-20,833,Aqua,MODIS,65,61.03,298.2,6.8,D,0
24.518,94.4026,318.9,1.3,1.1,2026-04-20,833,Aqua,MODIS,63,61.03,298.8,14.2,D,0
24.5201,94.4153,320.9,1.3,1.1,2026-04-20,833,Aqua,MODIS,72,61.03,297.5,16.9,D,0
24.5202,94.8848,317.1,1.2,1.1,2026-04-20,833,Aqua,MODIS,63,61.03,299.4,7.5,D,0
24.5276,94.8125,326.5,1.2,1.1,2026-04-20,833,Aqua,MODIS,80,61.03,300,19.7,D,0
24.5351,94.7992,324.4,1.2,1.1,2026-04-20,833,Aqua,MODIS,78,61.03,299.6,17,D,0
24.5621,94.3493,323.3,1.3,1.1,2026-04-20,833,Aqua,MODIS,76,61.03,298.7,22,D,0
24.5643,94.3622,312,1.3,1.1,2026-04-20,833,Aqua,MODIS,53,61.03,297.9,7.3,D,0
24.5822,94.4081,322.1,1.3,1.1,2026-04-20,833,Aqua,MODIS,75,61.03,298.3,19.5,D,0
24.5841,94.4194,332.8,1.3,1.1,2026-04-20,833,Aqua,MODIS,85,61.03,299.3,37.1,D,0
24.6564,95.1806,317.7,1.2,1.1,2026-04-20,833,Aqua,MODIS,66,61.03,302.7,7.5,D,0
24.6756,94.8466,320,1.2,1.1,2026-04-20,833,Aqua,MODIS,72,61.03,302.2,10.8,D,0
24.6985,94.4907,318.2,1.3,1.1,2026-04-20,833,Aqua,MODIS,47,61.03,299.6,14,D,0
24.7004,94.5015,318.4,1.3,1.1,2026-04-20,833,Aqua,MODIS,41,61.03,300,14.5,D,0
24.7082,94.4889,336,1.3,1.1,2026-04-20,833,Aqua,MODIS,87,61.03,297.7,42.5,D,0
24.7101,94.5004,336,1.3,1.1,2026-04-20,833,Aqua,MODIS,87,61.03,298.7,42.4,D,0
24.7313,94.4275,313.7,1.3,1.1,2026-04-20,833,Aqua,MODIS,61,61.03,298.9,10.1,D,0
24.7412,94.4267,310.9,1.3,1.1,2026-04-20,833,Aqua,MODIS,47,61.03,297.7,7.1,D,0
24.8929,96.7395,319.8,1,1,2026-04-20,833,Aqua,MODIS,74,61.03,294.6,12.8,D,0
24.7801,94.4798,325.8,1.3,1.1,2026-04-20,834,Aqua,MODIS,80,61.03,298.3,26.1,D,0
24.8655,94.5553,311,1.2,1.1,2026-04-20,834,Aqua,MODIS,53,61.03,297.6,7.6,D,0
24.867,94.2697,407,1.3,1.1,2026-04-20,834,Aqua,MODIS,94,61.03,306.1,420.3,D,0
24.869,94.2818,402.6,1.3,1.1,2026-04-20,834,Aqua,MODIS,100,61.03,302.8,377.8,D,0
24.8846,94.6099,328.5,1.2,1.1,2026-04-20,834,Aqua,MODIS,79,61.03,301.2,27.7,D,0
24.9357,94.5348,407.9,1.2,1.1,2026-04-20,834,Aqua,MODIS,94,61.03,302.5,406.3,D,0
24.9381,94.3746,319.5,1.3,1.1,2026-04-20,834,Aqua,MODIS,67,61.03,297,17.5,D,0
24.94,94.3854,362.6,1.3,1.1,2026-04-20,834,Aqua,MODIS,100,61.03,300.3,124.2,D,0
24.9474,94.1329,316.5,1.3,1.1,2026-04-20,834,Aqua,MODIS,69,61.03,298.4,13.2,D,0
24.9475,94.1271,312.3,1.3,1.1,2026-04-20,834,Aqua,MODIS,43,61.03,298.3,8.6,D,0
24.9496,94.3835,341.5,1.3,1.1,2026-04-20,834,Aqua,MODIS,91,61.03,299.1,55.2,D,0
24.9499,94.1405,310.7,1.3,1.1,2026-04-20,834,Aqua,MODIS,42,61.03,297,6.8,D,0
24.9711,94.3928,322.8,1.3,1.1,2026-04-20,834,Aqua,MODIS,77,61.03,296,21.6,D,0
24.973,94.4039,322.3,1.3,1.1,2026-04-20,834,Aqua,MODIS,77,61.03,297.1,21.8,D,0
25.1221,94.5376,310.1,1.2,1.1,2026-04-20,834,Aqua,MODIS,45,61.03,287.9,10.1,D,0
25.1452,96.035,312.3,1.1,1,2026-04-20,834,Aqua,MODIS,39,61.03,296.2,5.6,D,0
25.1564,94.5658,332.3,1.2,1.1,2026-04-20,834,Aqua,MODIS,75,61.03,291.7,37.8,D,0
25.1754,94.562,324.8,1.2,1.1,2026-04-20,834,Aqua,MODIS,80,61.03,292.8,26.1,D,0
25.2023,92.9846,312.2,1.5,1.2,2026-04-20,834,Aqua,MODIS,67,61.03,296.7,12.4,D,0
25.2046,92.9975,327.3,1.5,1.2,2026-04-20,834,Aqua,MODIS,83,61.03,298,38.7,D,0
25.2649,95.9683,320.6,1.1,1,2026-04-20,834,Aqua,MODIS,69,61.03,297.7,13,D,0
25.279,92.6227,306.4,1.6,1.2,2026-04-20,834,Aqua,MODIS,25,61.03,292.8,10.5,D,0
25.2853,92.987,316.3,1.5,1.2,2026-04-20,834,Aqua,MODIS,72,61.03,297.7,16.9,D,0
25.288,93.0022,318.7,1.5,1.2,2026-04-20,834,Aqua,MODIS,75,61.03,297.4,20.6,D,0
25.4068,93.028,320.9,1.5,1.2,2026-04-20,834,Aqua,MODIS,65,61.03,297.6,20.9,D,0
25.4122,93.02,318.2,1.5,1.2,2026-04-20,834,Aqua,MODIS,46,61.03,297.9,15,D,0
25.4391,96.0738,317.1,1.1,1,2026-04-20,834,Aqua,MODIS,71,61.03,297,9.9,D,0
25.4409,92.9989,316.6,1.5,1.2,2026-04-20,834,Aqua,MODIS,59,61.03,297.4,12.5,D,0
25.4515,96.8779,322.8,1,1,2026-04-20,834,Aqua,MODIS,78,61.03,295.7,15.5,D,0
25.453,96.8875,319.2,1,1,2026-04-20,834,Aqua,MODIS,73,61.03,296.6,11.9,D,0
25.4599,93.342,324.6,1.4,1.2,2026-04-20,834,Aqua,MODIS,81,61.03,297.7,27.7,D,0
25.4602,96.8762,342.6,1,1,2026-04-20,834,Aqua,MODIS,92,61.03,294.1,42.2,D,0
25.4606,93.228,312.9,1.4,1.2,2026-04-20,834,Aqua,MODIS,67,61.03,297.7,10.5,D,0
25.4617,96.8859,332,1,1,2026-04-20,834,Aqua,MODIS,85,61.03,295.8,25.6,D,0
25.4624,93.3558,315.6,1.4,1.2,2026-04-20,834,Aqua,MODIS,69,61.03,297.2,13,D,0
25.4665,92.8704,313.9,1.5,1.2,2026-04-20,834,Aqua,MODIS,68,61.03,298.1,11.7,D,0
25.4724,96.1651,314.6,1,1,2026-04-20,834,Aqua,MODIS,60,61.03,292.9,8.3,D,0
25.4965,96.2019,312.4,1,1,2026-04-20,834,Aqua,MODIS,59,61.03,292.6,6.7,D,0
25.4981,96.2119,325.2,1,1,2026-04-20,834,Aqua,MODIS,80,61.03,295,19.6,D,0
25.5175,95.2933,316.9,1.1,1.1,2026-04-20,834,Aqua,MODIS,73,61.03,296.6,11.2,D,0
25.5192,95.3041,348.8,1.1,1.1,2026-04-20,834,Aqua,MODIS,95,61.03,297.6,64,D,0
25.5266,95.2915,348.2,1.1,1.1,2026-04-20,834,Aqua,MODIS,95,61.03,297.3,62.2,D,0
25.5284,95.3022,342.5,1.1,1.1,2026-04-20,834,Aqua,MODIS,92,61.03,297.1,49.5,D,0
25.5423,92.8663,316.8,1.5,1.2,2026-04-20,834,Aqua,MODIS,45,61.03,298.8,12.4,D,0
25.5504,92.8499,329.4,1.5,1.2,2026-04-20,834,Aqua,MODIS,84,61.03,298.6,36.1,D,0
25.5629,92.826,329.1,1.5,1.2,2026-04-20,834,Aqua,MODIS,84,61.03,298.7,38.3,D,0
25.5656,92.8402,325.4,1.5,1.2,2026-04-20,834,Aqua,MODIS,81,61.03,297.7,29.8,D,0
25.5874,93.1801,353.3,1.4,1.2,2026-04-20,834,Aqua,MODIS,97,61.03,293.7,99.8,D,0
25.6004,96.6978,315.5,1,1,2026-04-20,834,Aqua,MODIS,58,61.03,298.2,5.7,D,0
25.6133,96.6051,317.8,1,1,2026-04-20,834,Aqua,MODIS,68,61.03,297,8,D,0
25.7619,91.1007,310.8,2,1.4,2026-04-20,834,Aqua,MODIS,49,61.03,296,13.6,D,0
29.6818,91.6134,303.4,1.5,1.2,2026-04-20,835,Aqua,MODIS,36,61.03,288.1,9.8,D,0
8.9408,78.0554,328.3,1.1,1,2026-04-20,1008,Aqua,MODIS,77,61.03,309.9,9,D,0
9.4508,78.591,330.7,1.1,1.1,2026-04-20,1008,Aqua,MODIS,76,61.03,306.8,15.6,D,0
10.4461,79.6212,321.1,1.3,1.1,2026-04-20,1008,Aqua,MODIS,47,61.03,305.1,10.2,D,0
11.4739,76.5952,331.4,1,1,2026-04-20,1008,Aqua,MODIS,65,61.03,296.1,24.3,D,0
11.4752,76.604,337.2,1,1,2026-04-20,1008,Aqua,MODIS,81,61.03,297.2,32.1,D,0
11.484,76.6027,322.5,1,1,2026-04-20,1008,Aqua,MODIS,70,61.03,297.6,14.7,D,0
12.2905,79.8673,325.1,1.4,1.2,2026-04-20,1008,Aqua,MODIS,62,61.03,306.8,17.9,D,0
12.3149,78.6179,324,1.2,1.1,2026-04-20,1008,Aqua,MODIS,58,61.03,309.2,10.8,D,0
12.4297,77.8632,327.9,1.1,1,2026-04-20,1008,Aqua,MODIS,72,61.03,307.4,16.9,D,0
12.4311,77.873,321,1.1,1,2026-04-20,1008,Aqua,MODIS,35,61.03,305.2,8.1,D,0
12.6065,75.1176,316.8,1,1,2026-04-20,1009,Aqua,MODIS,66,61.03,296.8,8,D,0
12.6078,75.1267,312.9,1,1,2026-04-20,1009,Aqua,MODIS,55,61.03,296.4,4.7,D,0
12.9205,78.6193,325.3,1.2,1.1,2026-04-20,1009,Aqua,MODIS,66,61.03,310.1,12.4,D,0
12.922,78.6302,323.3,1.2,1.1,2026-04-20,1009,Aqua,MODIS,59,61.03,309.8,9.8,D,0
12.9369,80.0558,321.1,1.5,1.2,2026-04-20,1009,Aqua,MODIS,43,61.03,305,13.7,D,0
13.0172,78.1558,324.4,1.2,1.1,2026-04-20,1009,Aqua,MODIS,64,61.03,309.1,8.7,D,0
13.1067,77.8819,339.4,1.1,1.1,2026-04-20,1009,Aqua,MODIS,86,61.03,311.5,33.5,D,0
13.387,79.8122,323.1,1.5,1.2,2026-04-20,1009,Aqua,MODIS,56,61.03,306.2,15.8,D,0
13.3887,79.8254,324.2,1.5,1.2,2026-04-20,1009,Aqua,MODIS,61,61.03,307.6,17.9,D,0
13.3974,78.3747,326.4,1.2,1.1,2026-04-20,1009,Aqua,MODIS,69,61.03,308.4,12.1,D,0
13.3988,78.3852,325.7,1.2,1.1,2026-04-20,1009,Aqua,MODIS,67,61.03,308,10.8,D,0
13.8308,78.7744,327.9,1.3,1.1,2026-04-20,1009,Aqua,MODIS,62,61.03,309.4,13.1,D,0
13.9523,78.6052,325,1.3,1.1,2026-04-20,1009,Aqua,MODIS,53,61.03,309.1,9.2,D,0
14.293,78.0446,330.9,1.2,1.1,2026-04-20,1009,Aqua,MODIS,71,61.03,312.9,13.1,D,0
14.999,78.5647,331.3,1.3,1.1,2026-04-20,1009,Aqua,MODIS,70,61.03,310.4,15,D,0
15.0622,77.7495,331.1,1.2,1.1,2026-04-20,1009,Aqua,MODIS,68,61.03,313.3,10.2,D,0
15.3465,74.2055,320.9,1,1,2026-04-20,1009,Aqua,MODIS,56,61.03,305.1,8.3,D,0
15.367,75.0209,328.1,1,1,2026-04-20,1009,Aqua,MODIS,74,61.03,309,12.4,D,0
15.4337,78.7468,325.8,1.3,1.1,2026-04-20,1009,Aqua,MODIS,51,61.03,306.8,13,D,0
15.6539,78.3271,339.2,1.3,1.1,2026-04-20,1009,Aqua,MODIS,83,61.03,312.1,33.5,D,0
15.9358,78.9993,328.8,1.4,1.2,2026-04-20,1009,Aqua,MODIS,64,61.03,306.5,20,D,0
15.9375,79.0124,331.9,1.4,1.2,2026-04-20,1009,Aqua,MODIS,70,61.03,306.6,26.2,D,0
16.0062,76.9771,331.8,1.1,1,2026-04-20,1009,Aqua,MODIS,71,61.03,314.8,10.9,D,0
16.4889,73.9291,323.6,1,1,2026-04-20,1010,Aqua,MODIS,51,61.03,305.7,8.7,D,0
17.1183,78.4268,327.5,1.3,1.1,2026-04-20,1010,Aqua,MODIS,67,61.03,307,16,D,0
17.5656,81.5318,321.2,2.3,1.5,2026-04-20,1010,Aqua,MODIS,52,61.03,302.3,28,D,0
17.5678,81.5432,324.4,2.3,1.5,2026-04-20,1010,Aqua,MODIS,61,61.03,300.9,39,D,0
17.5711,73.6835,327,1,1,2026-04-20,1010,Aqua,MODIS,67,61.03,305,13.8,D,0
17.5726,73.6929,334.9,1,1,2026-04-20,1010,Aqua,MODIS,81,61.03,304.2,25.6,D,0
17.5894,73.506,333.4,1,1,2026-04-20,1010,Aqua,MODIS,79,61.03,305.2,20.7,D,0
17.5909,73.5154,325.5,1,1,2026-04-20,1010,Aqua,MODIS,44,61.03,305,9.6,D,0
17.6057,81.7619,320.6,2.4,1.5,2026-04-20,1010,Aqua,MODIS,53,61.03,300.9,33.7,D,0
17.6346,80.4039,326.3,1.9,1.3,2026-04-20,1010,Aqua,MODIS,69,61.03,303.4,20.8,D,0
17.8785,81.7734,321.2,2.4,1.5,2026-04-20,1010,Aqua,MODIS,33,61.03,303.2,24.6,D,0
17.8825,81.7787,321,2.4,1.5,2026-04-20,1010,Aqua,MODIS,24,61.03,302.9,23.9,D,0
17.9598,81.9006,320.6,2.5,1.5,2026-04-20,1010,Aqua,MODIS,32,61.03,302.3,29.4,D,0
17.9874,73.5692,333.2,1,1,2026-04-20,1010,Aqua,MODIS,78,61.03,307.7,18,D,0
18.0373,74.6989,325,1,1,2026-04-20,1010,Aqua,MODIS,48,61.03,310,5.9,D,0
18.1802,81.1968,330.2,2.2,1.4,2026-04-20,1010,Aqua,MODIS,77,61.03,303.5,44.9,D,0
18.1804,81.2019,329.9,2.2,1.4,2026-04-20,1010,Aqua,MODIS,76,61.03,303.3,43.7,D,0
18.4708,73.2164,325.1,1,1,2026-04-20,1010,Aqua,MODIS,64,61.03,305.6,10.2,D,0
18.4775,73.5564,323.9,1,1,2026-04-20,1010,Aqua,MODIS,47,61.03,304.9,10,D,0
18.4789,73.5656,324.3,1,1,2026-04-20,1010,Aqua,MODIS,52,61.03,305.4,9.5,D,0
18.5065,81.1968,320.9,2.3,1.5,2026-04-20,1010,Aqua,MODIS,46,61.03,301.2,18.5,D,0
18.5355,81.2268,321.3,2.3,1.5,2026-04-20,1010,Aqua,MODIS,48,61.03,299.3,26.7,D,0
18.5362,81.231,320.2,2.3,1.5,2026-04-20,1010,Aqua,MODIS,36,61.03,299,23.6,D,0
18.5809,73.0273,326.1,1.1,1,2026-04-20,1010,Aqua,MODIS,65,61.03,304.7,14.2,D,0
18.8342,73.5857,322.9,1,1,2026-04-20,1010,Aqua,MODIS,41,61.03,306.9,5,D,0
19.0702,73.7433,335,1,1,2026-04-20,1010,Aqua,MODIS,82,61.03,310.3,20,D,0
19.0716,73.7527,333.6,1,1,2026-04-20,1010,Aqua,MODIS,80,61.03,308.2,18,D,0
19.1233,73.4206,336.8,1,1,2026-04-20,1010,Aqua,MODIS,83,61.03,311,21.3,D,0
19.1247,73.43,331.5,1,1,2026-04-20,1010,Aqua,MODIS,76,61.03,309.1,14,D,0
19.2551,73.2499,326.8,1,1,2026-04-20,1010,Aqua,MODIS,65,61.03,311,7.9,D,0
19.4547,73.7202,327.7,1,1,2026-04-20,1010,Aqua,MODIS,62,61.03,309.2,13.6,D,0
19.7707,75.7807,334.2,1.1,1,2026-04-20,1010,Aqua,MODIS,73,61.03,316.7,11.5,D,0
19.7878,83.2625,317.4,3.4,1.7,2026-04-20,1010,Aqua,MODIS,45,61.03,297.5,23.2,D,0
19.7891,83.2708,322.3,3.4,1.7,2026-04-20,1010,Aqua,MODIS,64,61.03,297.6,47.8,D,0
19.7911,83.2965,323.6,3.4,1.7,2026-04-20,1010,Aqua,MODIS,69,61.03,298.6,60.8,D,0
19.7926,83.3046,320.6,3.4,1.7,2026-04-20,1010,Aqua,MODIS,42,61.03,298.8,38.8,D,0
19.981,83.9015,317.8,3.8,1.8,2026-04-20,1010,Aqua,MODIS,48,61.03,296.3,42.1,D,0
19.371,71.3527,318.7,1.2,1.1,2026-04-20,1011,Aqua,MODIS,70,61.03,298.8,12.4,D,3
19.5705,73.3811,332.8,1,1,2026-04-20,1011,Aqua,MODIS,76,61.03,313.6,11.8,D,0
19.593,73.2319,327.7,1,1,2026-04-20,1011,Aqua,MODIS,62,61.03,310.3,9.4,D,0
19.6276,73.4003,337.8,1,1,2026-04-20,1011,Aqua,MODIS,83,61.03,313.8,22,D,0
19.9106,73.6114,324.6,1,1,2026-04-20,1011,Aqua,MODIS,43,61.03,309.3,6.1,D,0
20.0046,75.665,331.8,1.1,1,2026-04-20,1011,Aqua,MODIS,47,61.03,315.8,11.7,D,0
20.2527,72.8223,339.9,1,1,2026-04-20,1011,Aqua,MODIS,85,61.03,310.1,31.3,D,0
20.3964,76.0357,332.5,1.1,1,2026-04-20,1011,Aqua,MODIS,67,61.03,315.3,10.9,D,0
20.4612,76.3094,337.8,1.1,1.1,2026-04-20,1011,Aqua,MODIS,78,61.03,315,19.3,D,0
20.4705,76.308,335,1.1,1.1,2026-04-20,1011,Aqua,MODIS,73,61.03,316,15.3,D,2
20.6241,73.7924,325.6,1,1,2026-04-20,1011,Aqua,MODIS,39,61.03,308.4,8.3,D,0
20.6921,73.6322,324.6,1,1,2026-04-20,1011,Aqua,MODIS,43,61.03,308.9,8.3,D,0
20.6935,73.6415,329.7,1,1,2026-04-20,1011,Aqua,MODIS,69,61.03,308.5,14.8,D,0
20.6942,73.5267,325.2,1,1,2026-04-20,1011,Aqua,MODIS,53,61.03,310.7,7.2,D,0
20.7218,73.5315,336.9,1,1,2026-04-20,1011,Aqua,MODIS,81,61.03,311.9,22.3,D,0
20.7232,73.5408,330.1,1,1,2026-04-20,1011,Aqua,MODIS,71,61.03,309.6,13.1,D,0
20.7568,73.5255,327.4,1,1,2026-04-20,1011,Aqua,MODIS,60,61.03,310.7,9.6,D,0
20.7623,73.5629,325,1,1,2026-04-20,1011,Aqua,MODIS,48,61.03,310.9,7,D,0
20.7693,73.5263,325.9,1,1,2026-04-20,1011,Aqua,MODIS,54,61.03,312.4,8.7,D,0
20.7833,73.6194,324.5,1,1,2026-04-20,1011,Aqua,MODIS,34,61.03,309.7,6.8,D,0
20.8095,73.6149,329,1,1,2026-04-20,1011,Aqua,MODIS,67,61.03,311.5,11.1,D,0
20.8158,73.5374,328.9,1,1,2026-04-20,1011,Aqua,MODIS,67,61.03,311.1,11.1,D,0
20.8172,73.5467,328.8,1,1,2026-04-20,1011,Aqua,MODIS,67,61.03,310.3,10.4,D,0
20.8182,73.6134,341.9,1,1,2026-04-20,1011,Aqua,MODIS,87,61.03,312.1,29.5,D,0
20.8388,70.6366,323.4,1.3,1.1,2026-04-20,1011,Aqua,MODIS,51,61.03,308.1,12.8,D,0
20.8406,73.5235,326.5,1,1,2026-04-20,1011,Aqua,MODIS,59,61.03,310.8,8.5,D,0
20.8568,73.6927,327.1,1,1,2026-04-20,1011,Aqua,MODIS,47,61.03,311.4,8.2,D,0
20.8655,73.6911,326,1,1,2026-04-20,1011,Aqua,MODIS,31,61.03,311.5,7.2,D,0
20.8759,73.4447,341.4,1,1,2026-04-20,1011,Aqua,MODIS,86,61.03,313.6,28.6,D,0
20.8983,73.5939,329.9,1,1,2026-04-20,1011,Aqua,MODIS,68,61.03,311.8,11.7,D,0
20.8997,73.6032,328.6,1,1,2026-04-20,1011,Aqua,MODIS,65,61.03,311.8,10.2,D,0
20.9723,73.791,327.2,1,1,2026-04-20,1011,Aqua,MODIS,58,61.03,312.9,7,D,0
21.0446,73.7722,328.5,1,1,2026-04-20,1011,Aqua,MODIS,62,61.03,313.5,8.1,D,0
21.0579,73.7413,326.5,1,1,2026-04-20,1011,Aqua,MODIS,42,61.03,312.4,7.5,D,0
21.0775,73.675,325.8,1,1,2026-04-20,1011,Aqua,MODIS,44,61.03,310.8,8.5,D,0
21.3033,73.5282,326.7,1,1,2026-04-20,1011,Aqua,MODIS,31,61.03,311,7.8,D,0
21.3134,73.5361,331.4,1,1,2026-04-20,1011,Aqua,MODIS,70,61.03,312,14.1,D,0
21.3959,74.5938,332.6,1,1,2026-04-20,1011,Aqua,MODIS,51,61.03,312.4,15,D,0
21.494,74.3782,327.9,1,1,2026-04-20,1011,Aqua,MODIS,27,61.03,314.7,8.8,D,0
21.571,73.7597,329.7,1,1,2026-04-20,1011,Aqua,MODIS,64,61.03,313.1,10.3,D,0
21.573,71.9063,333.4,1.1,1,2026-04-20,1011,Aqua,MODIS,66,61.03,316.6,11.7,D,2
21.5746,71.9165,331.6,1.1,1,2026-04-20,1011,Aqua,MODIS,52,61.03,316,8.7,D,0
21.5821,71.9046,333.8,1.1,1,2026-04-20,1011,Aqua,MODIS,64,61.03,318,12.7,D,0
21.5975,74.713,334.8,1,1,2026-04-20,1011,Aqua,MODIS,74,61.03,317.9,12.6,D,0
21.7363,73.3261,328.8,1,1,2026-04-20,1011,Aqua,MODIS,62,61.03,312.9,7.9,D,0
21.8447,70.3557,331.1,1.3,1.1,2026-04-20,1011,Aqua,MODIS,39,61.03,317.8,11.2,D,0
21.9495,72.9608,343.9,1,1,2026-04-20,1011,Aqua,MODIS,87,61.03,312.3,33.3,D,0
22.0754,70.3232,337.6,1.3,1.1,2026-04-20,1011,Aqua,MODIS,76,61.03,317.4,24.8,D,0
22.2698,73.9332,340.2,1,1,2026-04-20,1011,Aqua,MODIS,83,61.03,317.5,24.3,D,0
22.2712,73.9426,332.4,1,1,2026-04-20,1011,Aqua,MODIS,71,61.03,317.2,12.1,D,0
22.3099,76.435,333.1,1.2,1.1,2026-04-20,1011,Aqua,MODIS,54,61.03,314.5,17.2,D,0
22.3553,76.4856,330.1,1.2,1.1,2026-04-20,1011,Aqua,MODIS,71,61.03,315.3,10.8,D,0
22.3568,76.4968,336.7,1.2,1.1,2026-04-20,1011,Aqua,MODIS,82,61.03,315.5,23.6,D,0
22.5207,74.9803,333.7,1,1,2026-04-20,1011,Aqua,MODIS,72,61.03,318.2,10.7,D,0
22.522,74.9901,338.8,1,1,2026-04-20,1011,Aqua,MODIS,81,61.03,318.6,19.1,D,0
22.623,72.037,344.9,1.1,1,2026-04-20,1011,Aqua,MODIS,88,61.03,313.1,36.2,D,0
22.7429,76.1557,329.9,1.2,1.1,2026-04-20,1011,Aqua,MODIS,64,61.03,316.2,10.1,D,0
22.7455,73.333,326.8,1,1,2026-04-20,1011,Aqua,MODIS,52,61.03,314.4,7.3,D,0
22.7464,75.2779,332.7,1.1,1,2026-04-20,1011,Aqua,MODIS,70,61.03,317.6,12.7,D,0
22.7814,72.3456,335.9,1,1,2026-04-20,1011,Aqua,MODIS,78,61.03,313,21.9,D,0
22.8173,75.8715,329.9,1.1,1.1,2026-04-20,1011,Aqua,MODIS,61,61.03,315.6,9.9,D,0
22.9015,72.1606,333.2,1,1,2026-04-20,1011,Aqua,MODIS,74,61.03,317.6,12,D,0
23.0948,74.534,330.3,1,1,2026-04-20,1011,Aqua,MODIS,64,61.03,318,7.8,D,0
23.1322,77.6244,335.2,1.4,1.2,2026-04-20,1011,Aqua,MODIS,75,61.03,308.9,38.3,D,0
23.1451,74.1061,327.7,1,1,2026-04-20,1011,Aqua,MODIS,48,61.03,315.9,7.2,D,0
23.1658,75.6512,329.8,1.1,1.1,2026-04-20,1011,Aqua,MODIS,41,61.03,315.4,11.8,D,0
23.1672,75.6618,347.3,1.1,1.1,2026-04-20,1011,Aqua,MODIS,91,61.03,317.3,43.4,D,0
23.1713,75.2206,330,1.1,1,2026-04-20,1011,Aqua,MODIS,61,61.03,316.8,8.9,D,0
23.1727,75.2308,338.2,1.1,1,2026-04-20,1011,Aqua,MODIS,80,61.03,317,22.5,D,0
23.207,77.5655,326.4,1.4,1.2,2026-04-20,1011,Aqua,MODIS,52,61.03,308,15.6,D,0
23.2954,75.8659,331.3,1.1,1.1,2026-04-20,1011,Aqua,MODIS,69,61.03,317.4,10.4,D,0
23.3696,74.7096,334.8,1,1,2026-04-20,1011,Aqua,MODIS,75,61.03,319.7,14,D,0
23.441,77.6311,328.1,1.5,1.2,2026-04-20,1011,Aqua,MODIS,68,61.03,312,15.7,D,0
23.4472,77.7238,339.1,1.5,1.2,2026-04-20,1011,Aqua,MODIS,85,61.03,314.3,43.3,D,0
23.4513,77.7146,330.5,1.5,1.2,2026-04-20,1011,Aqua,MODIS,72,61.03,313.6,20.1,D,0
23.4719,74.9203,329.9,1.1,1,2026-04-20,1011,Aqua,MODIS,62,61.03,315.6,9.7,D,0
23.4732,74.9303,331.8,1.1,1,2026-04-20,1011,Aqua,MODIS,68,61.03,316,12.2,D,0
23.5001,76.2425,334.8,1.2,1.1,2026-04-20,1011,Aqua,MODIS,77,61.03,316.5,19.5,D,0
23.5185,76.3098,331.5,1.2,1.1,2026-04-20,1011,Aqua,MODIS,72,61.03,318.2,11.4,D,0
23.6526,77.6394,333.2,1.5,1.2,2026-04-20,1011,Aqua,MODIS,79,61.03,314.3,25.5,D,0
22.9993,71.1468,327.6,1.1,1.1,2026-04-20,1012,Aqua,MODIS,53,61.03,314.5,9.6,D,0
23.001,71.1574,327.4,1.1,1.1,2026-04-20,1012,Aqua,MODIS,51,61.03,315.5,9.6,D,0
23.1899,71.7551,331.2,1.1,1,2026-04-20,1012,Aqua,MODIS,59,61.03,317.6,10.1,D,0
23.4652,74.3487,334.7,1,1,2026-04-20,1012,Aqua,MODIS,76,61.03,317.2,17.4,D,0
23.4666,74.3584,332.2,1,1,2026-04-20,1012,Aqua,MODIS,70,61.03,315.8,13.6,D,0
23.4876,69.8285,333,1.3,1.1,2026-04-20,1012,Aqua,MODIS,72,61.03,317.8,15.5,D,0
23.5665,75.4175,329.4,1.1,1,2026-04-20,1012,Aqua,MODIS,57,61.03,316.6,9.8,D,0
23.5693,73.6365,334,1,1,2026-04-20,1012,Aqua,MODIS,74,61.03,315.1,15.3,D,0
23.6224,75.625,330.7,1.1,1.1,2026-04-20,1012,Aqua,MODIS,65,61.03,317.3,10.3,D,0
23.6524,69.4627,330.3,1.4,1.2,2026-04-20,1012,Aqua,MODIS,68,61.03,315.6,14.1,D,0
23.6938,74.3212,339.9,1,1,2026-04-20,1012,Aqua,MODIS,83,61.03,315.2,25.7,D,0
23.7013,74.31,328.8,1,1,2026-04-20,1012,Aqua,MODIS,58,61.03,315.2,9.6,D,0
23.7027,74.3196,330.4,1,1,2026-04-20,1012,Aqua,MODIS,64,61.03,315.5,11.6,D,0
23.7112,75.1911,328.9,1.1,1,2026-04-20,1012,Aqua,MODIS,55,61.03,316.3,9.1,D,0
23.7618,76.6962,332.2,1.3,1.1,2026-04-20,1012,Aqua,MODIS,74,61.03,317.7,16.6,D,0
23.7727,75.6547,333.2,1.1,1.1,2026-04-20,1012,Aqua,MODIS,71,61.03,316.9,13.9,D,0
23.7745,75.8885,329,1.2,1.1,2026-04-20,1012,Aqua,MODIS,59,61.03,316.8,8.6,D,0
23.7992,75.0863,331.1,1.1,1,2026-04-20,1012,Aqua,MODIS,65,61.03,316.4,11.2,D,0
23.8183,75.5708,328.9,1.1,1.1,2026-04-20,1012,Aqua,MODIS,56,61.03,316.8,9.8,D,0
23.8806,75.6975,328.5,1.1,1.1,2026-04-20,1012,Aqua,MODIS,52,61.03,316.1,8.2,D,0
23.882,75.7083,329.5,1.1,1.1,2026-04-20,1012,Aqua,MODIS,59,61.03,316.1,9.9,D,0
23.8992,74.8773,328.8,1.1,1,2026-04-20,1012,Aqua,MODIS,55,61.03,317.2,9.1,D,0
24.172,75.8932,340.5,1.2,1.1,2026-04-20,1012,Aqua,MODIS,83,61.03,318.3,29.7,D,0
24.2278,74.7164,333.5,1.1,1,2026-04-20,1012,Aqua,MODIS,73,61.03,317,14.3,D,0
24.2362,78.0234,332.7,1.6,1.2,2026-04-20,1012,Aqua,MODIS,78,61.03,315.6,24.8,D,0
24.3547,77.4613,335.6,1.5,1.2,2026-04-20,1012,Aqua,MODIS,79,61.03,316.1,28.8,D,0
24.473,72.8057,326.2,1,1,2026-04-20,1012,Aqua,MODIS,57,61.03,314,6.6,D,0
24.5735,73.3057,330.4,1,1,2026-04-20,1012,Aqua,MODIS,70,61.03,309.8,17.1,D,0
24.5838,76.8111,334.3,1.3,1.1,2026-04-20,1012,Aqua,MODIS,75,61.03,320.2,19.9,D,0
24.5844,74.4279,331.8,1,1,2026-04-20,1012,Aqua,MODIS,69,61.03,314.3,12.3,D,0
24.6082,76.926,334.3,1.4,1.2,2026-04-20,1012,Aqua,MODIS,69,61.03,319.4,20.6,D,0
24.6238,76.3201,332.7,1.3,1.1,2026-04-20,1012,Aqua,MODIS,70,61.03,319.8,16,D,0
24.6652,72.9741,328.8,1,1,2026-04-20,1012,Aqua,MODIS,65,61.03,313.9,9,D,0
24.68,76.9364,335.9,1.4,1.2,2026-04-20,1012,Aqua,MODIS,77,61.03,318.8,26.7,D,0
24.719,76.2623,328.9,1.3,1.1,2026-04-20,1012,Aqua,MODIS,54,61.03,318.8,9.1,D,0
24.7695,77.8808,327.4,1.6,1.2,2026-04-20,1012,Aqua,MODIS,51,61.03,314.6,12.6,D,0
24.8164,77.3924,331.2,1.5,1.2,2026-04-20,1012,Aqua,MODIS,67,61.03,317.4,20,D,0
24.8214,76.5905,331.5,1.3,1.1,2026-04-20,1012,Aqua,MODIS,66,61.03,319.3,15.5,D,0
24.8391,76.4111,331.4,1.3,1.1,2026-04-20,1012,Aqua,MODIS,65,61.03,319.8,12.8,D,0
24.8502,76.157,334.5,1.2,1.1,2026-04-20,1012,Aqua,MODIS,70,61.03,319.7,17.2,D,0
24.8517,76.1688,335.6,1.2,1.1,2026-04-20,1012,Aqua,MODIS,75,61.03,320.6,18.8,D,0
24.8527,76.5986,347.7,1.3,1.1,2026-04-20,1012,Aqua,MODIS,90,61.03,319.6,53.5,D,0
24.8736,73.9213,337.2,1,1,2026-04-20,1012,Aqua,MODIS,80,61.03,318.4,18.3,D,0
24.8753,75.4172,330.3,1.1,1.1,2026-04-20,1012,Aqua,MODIS,62,61.03,318.1,10.6,D,0
24.8851,73.9393,376.4,1,1,2026-04-20,1012,Aqua,MODIS,100,61.03,322.7,121.1,D,0
24.8858,75.283,335.7,1.1,1.1,2026-04-20,1012,Aqua,MODIS,76,61.03,317.7,18.5,D,0
24.8863,76.4472,331.6,1.3,1.1,2026-04-20,1012,Aqua,MODIS,62,61.03,319.1,15.3,D,0
24.8865,73.949,333.3,1,1,2026-04-20,1012,Aqua,MODIS,74,61.03,316.8,13,D,0
24.8872,75.2937,339.4,1.1,1.1,2026-04-20,1012,Aqua,MODIS,82,61.03,317.5,25.6,D,0
24.9321,76.3225,338.8,1.3,1.1,2026-04-20,1012,Aqua,MODIS,81,61.03,319.6,29.4,D,0
24.9419,76.321,355.5,1.3,1.1,2026-04-20,1012,Aqua,MODIS,97,61.03,320.7,76.7,D,0
24.945,77.8132,330,1.6,1.2,2026-04-20,1012,Aqua,MODIS,64,61.03,315.3,18.4,D,0
24.9454,73.3819,336.5,1,1,2026-04-20,1012,Aqua,MODIS,79,61.03,313,20.5,D,0
24.9609,73.2419,328.6,1,1,2026-04-20,1012,Aqua,MODIS,46,61.03,313.9,7.7,D,0
25.0247,76.3458,352.7,1.3,1.1,2026-04-20,1012,Aqua,MODIS,91,61.03,319,61.8,D,0
25.0267,76.3386,360.3,1.3,1.1,2026-04-20,1012,Aqua,MODIS,100,61.03,320.4,88.8,D,0
25.0281,76.3508,343.5,1.3,1.1,2026-04-20,1012,Aqua,MODIS,36,61.03,317.6,33.6,D,0
25.0409,76.3739,343.7,1.3,1.1,2026-04-20,1012,Aqua,MODIS,87,61.03,319.8,39.8,D,0
25.0447,76.1635,331.1,1.2,1.1,2026-04-20,1012,Aqua,MODIS,39,61.03,317.9,11.7,D,0
25.0759,76.6624,332.5,1.3,1.1,2026-04-20,1012,Aqua,MODIS,69,61.03,318.9,16.9,D,0
25.091,76.4545,334.8,1.3,1.1,2026-04-20,1012,Aqua,MODIS,74,61.03,319.7,20.3,D,0
25.0925,76.467,338.3,1.3,1.1,2026-04-20,1012,Aqua,MODIS,80,61.03,318.4,29,D,0
25.0984,77.6786,334.9,1.6,1.2,2026-04-20,1012,Aqua,MODIS,76,61.03,316.9,29.5,D,0
25.1012,77.6726,349.1,1.6,1.2,2026-04-20,1012,Aqua,MODIS,92,61.03,317.7,78.4,D,0
25.1029,77.6875,333.3,1.6,1.2,2026-04-20,1012,Aqua,MODIS,72,61.03,316.7,26.8,D,0
25.1124,76.8815,331.1,1.4,1.2,2026-04-20,1012,Aqua,MODIS,65,61.03,317.8,16.5,D,0
25.1366,76.329,335.2,1.3,1.1,2026-04-20,1012,Aqua,MODIS,75,61.03,317.4,21.2,D,0
25.1532,77.6503,330.8,1.5,1.2,2026-04-20,1012,Aqua,MODIS,64,61.03,317.3,19.2,D,0
25.1549,77.6651,333.8,1.6,1.2,2026-04-20,1012,Aqua,MODIS,73,61.03,315.1,26.9,D,0
25.1641,76.1519,331.1,1.2,1.1,2026-04-20,1012,Aqua,MODIS,65,61.03,316.7,15.5,D,0
25.1656,76.1639,340.1,1.3,1.1,2026-04-20,1012,Aqua,MODIS,83,61.03,316.1,34.3,D,0
25.1697,76.0418,355.3,1.2,1.1,2026-04-20,1012,Aqua,MODIS,96,61.03,320.1,72.4,D,0
25.1731,76.0344,338.7,1.2,1.1,2026-04-20,1012,Aqua,MODIS,81,61.03,320.4,28.2,D,0
25.1745,76.0463,350.2,1.2,1.1,2026-04-20,1012,Aqua,MODIS,93,61.03,317.6,57.3,D,0
25.2252,76.2963,330.8,1.3,1.1,2026-04-20,1012,Aqua,MODIS,62,61.03,318.3,13.8,D,0
25.288,76.6449,333.6,1.3,1.1,2026-04-20,1012,Aqua,MODIS,72,61.03,314.7,23,D,0
25.2965,76.6305,342.4,1.3,1.1,2026-04-20,1012,Aqua,MODIS,85,61.03,318.3,42.2,D,0
25.3191,76.0792,334.8,1.2,1.1,2026-04-20,1012,Aqua,MODIS,75,61.03,316.7,21.3,D,0
25.3289,75.6553,332.2,1.2,1.1,2026-04-20,1012,Aqua,MODIS,70,61.03,319.2,14.9,D,0
25.3303,75.6667,333.3,1.2,1.1,2026-04-20,1012,Aqua,MODIS,72,61.03,318.4,16.9,D,0
25.3485,75.7338,331.5,1.2,1.1,2026-04-20,1012,Aqua,MODIS,68,61.03,317.3,14.7,D,0
25.3516,73.0526,333.9,1,1,2026-04-20,1012,Aqua,MODIS,72,61.03,313.6,15.4,D,0
25.353,73.0622,340.4,1,1,2026-04-20,1012,Aqua,MODIS,83,61.03,314.2,25.5,D,0
25.3544,73.0718,337.6,1,1,2026-04-20,1012,Aqua,MODIS,79,61.03,313.4,21.1,D,0
25.424,76.0199,342.3,1.2,1.1,2026-04-20,1012,Aqua,MODIS,86,61.03,319.7,36.5,D,0
25.4613,76.2357,351.5,1.3,1.1,2026-04-20,1012,Aqua,MODIS,94,61.03,319.3,64.5,D,0
25.4938,76.5757,328.7,1.3,1.1,2026-04-20,1012,Aqua,MODIS,36,61.03,315,13.1,D,0
25.4979,76.4454,336.9,1.3,1.1,2026-04-20,1012,Aqua,MODIS,56,61.03,317,24.7,D,0
25.4981,77.6526,328.7,1.6,1.2,2026-04-20,1012,Aqua,MODIS,60,61.03,314.7,17.9,D,0
25.5007,76.5486,336.9,1.3,1.1,2026-04-20,1012,Aqua,MODIS,74,61.03,314.3,29,D,0
25.5022,76.5613,331.1,1.3,1.1,2026-04-20,1012,Aqua,MODIS,47,61.03,314.7,17.3,D,0
25.5095,76.5416,330,1.3,1.1,2026-04-20,1012,Aqua,MODIS,56,61.03,314.9,15.4,D,0
25.5106,76.5471,336.6,1.3,1.1,2026-04-20,1012,Aqua,MODIS,71,61.03,315.2,28,D,0
25.511,76.5544,336.4,1.3,1.1,2026-04-20,1012,Aqua,MODIS,78,61.03,314.9,29,D,0
25.5532,76.2411,336.3,1.3,1.1,2026-04-20,1012,Aqua,MODIS,78,61.03,316.8,22.4,D,0
25.5548,76.2534,337,1.3,1.1,2026-04-20,1012,Aqua,MODIS,78,61.03,317.7,24.5,D,0
25.565,75.5362,343.3,1.2,1.1,2026-04-20,1012,Aqua,MODIS,87,61.03,317.8,37.2,D,0
25.5665,75.5475,358,1.2,1.1,2026-04-20,1012,Aqua,MODIS,98,61.03,317.3,77.5,D,0
25.5683,76.6908,347.5,1.4,1.2,2026-04-20,1012,Aqua,MODIS,91,61.03,315.2,61.7,D,0
25.5689,76.6113,335.5,1.3,1.1,2026-04-20,1012,Aqua,MODIS,77,61.03,317.3,26.1,D,0
25.5705,75.5412,351.1,1.2,1.1,2026-04-20,1012,Aqua,MODIS,94,61.03,318.1,57.5,D,0
25.5705,76.6242,335.2,1.3,1.1,2026-04-20,1012,Aqua,MODIS,76,61.03,316.6,24.7,D,0
25.5719,75.5525,334.8,1.2,1.1,2026-04-20,1012,Aqua,MODIS,75,61.03,315.6,20.5,D,0
25.5795,78.9949,332.9,2,1.4,2026-04-20,1012,Aqua,MODIS,75,61.03,315.5,31.5,D,0
25.5816,79.0136,329.7,2,1.4,2026-04-20,1012,Aqua,MODIS,69,61.03,315.9,20.5,D,0
25.5845,76.2295,332.3,1.3,1.1,2026-04-20,1012,Aqua,MODIS,71,61.03,319.1,14.4,D,0
25.6111,78.5617,338.3,1.8,1.3,2026-04-20,1012,Aqua,MODIS,82,61.03,316.5,49.4,D,0
25.6228,78.1409,337.8,1.7,1.3,2026-04-20,1012,Aqua,MODIS,81,61.03,314.9,47.1,D,0
25.6707,76.6026,355.7,1.3,1.1,2026-04-20,1012,Aqua,MODIS,97,61.03,316.7,84.8,D,0
25.6723,76.6156,335.5,1.3,1.2,2026-04-20,1012,Aqua,MODIS,77,61.03,315.5,24.3,D,0
25.6807,76.6011,330.7,1.3,1.1,2026-04-20,1012,Aqua,MODIS,67,61.03,315.6,14.5,D,0
25.8168,78.0358,333.3,1.7,1.3,2026-04-20,1012,Aqua,MODIS,74,61.03,316.7,29.4,D,0
27.7062,82.4209,323.3,3.7,1.8,2026-04-20,1012,Aqua,MODIS,51,61.03,308.5,54.8,D,0
27.9367,82.2428,322.5,3.6,1.8,2026-04-20,1012,Aqua,MODIS,59,61.03,306.9,54.3,D,0
28.4672,76.7066,330,1.5,1.2,2026-04-20,1013,Aqua,MODIS,68,61.03,314.1,16.9,D,0
28.5293,70.6272,324.9,1,1,2026-04-20,1013,Aqua,MODIS,43,61.03,309.7,8.1,D,0
28.6398,76.6633,324.6,1.5,1.2,2026-04-20,1013,Aqua,MODIS,32,61.03,310.6,13.3,D,0
28.6414,76.6781,331.2,1.5,1.2,2026-04-20,1013,Aqua,MODIS,71,61.03,310.4,28.1,D,0
28.646,76.668,334.9,1.5,1.2,2026-04-20,1013,Aqua,MODIS,78,61.03,311.3,36.9,D,0
28.6478,76.6828,326.4,1.5,1.2,2026-04-20,1013,Aqua,MODIS,56,61.03,310.9,17.4,D,0
28.7848,80.4252,324.6,2.8,1.6,2026-04-20,1013,Aqua,MODIS,68,61.03,307.7,40.7,D,0
28.7872,80.4525,323,2.8,1.6,2026-04-20,1013,Aqua,MODIS,64,61.03,306.4,32.4,D,0
28.9574,81.4408,320.1,3.3,1.7,2026-04-20,1013,Aqua,MODIS,56,61.03,302,47.7,D,0
28.993,81.1079,319.3,3.1,1.7,2026-04-20,1013,Aqua,MODIS,50,61.03,300.7,39.9,D,0
29.0055,81.1152,318.4,3.1,1.7,2026-04-20,1013,Aqua,MODIS,35,61.03,301.2,34.9,D,0
29.1589,71.216,329.5,1,1,2026-04-20,1013,Aqua,MODIS,69,61.03,311.1,10.7,D,0
29.2239,76.7863,325.3,1.5,1.2,2026-04-20,1013,Aqua,MODIS,60,61.03,310.6,14.1,D,0
29.4545,77.4405,322.1,1.7,1.3,2026-04-20,1013,Aqua,MODIS,54,61.03,307.1,16.2,D,0
29.6281,71.3182,328.1,1,1,2026-04-20,1013,Aqua,MODIS,73,61.03,313.5,8.4,D,0
29.7538,71.5953,331.1,1,1,2026-04-20,1013,Aqua,MODIS,78,61.03,308.8,16.1,D,0
29.7863,71.8763,323.7,1,1,2026-04-20,1013,Aqua,MODIS,68,61.03,307.4,7.5,D,0
29.8513,71.6935,323.3,1,1,2026-04-20,1013,Aqua,MODIS,64,61.03,309.5,6.2,D,0
29.8528,71.7035,326.3,1,1,2026-04-20,1013,Aqua,MODIS,71,61.03,310.4,9.2,D,0
29.9009,71.8482,325.1,1,1,2026-04-20,1013,Aqua,MODIS,60,61.03,309.6,6.8,D,0
30.1904,71.8653,327.6,1,1,2026-04-20,1013,Aqua,MODIS,73,61.03,309.4,10.8,D,0
30.212,72.2645,326.8,1,1,2026-04-20,1013,Aqua,MODIS,74,61.03,308.8,11,D,0
30.2135,72.2746,327.6,1,1,2026-04-20,1013,Aqua,MODIS,75,61.03,307.4,12,D,0
30.2464,75.9139,330,1.4,1.2,2026-04-20,1013,Aqua,MODIS,77,61.03,313,21.9,D,0
30.2557,72.2561,325.3,1,1,2026-04-20,1013,Aqua,MODIS,72,61.03,309.7,8.7,D,0
30.2834,72.0585,326.9,1,1,2026-04-20,1013,Aqua,MODIS,73,61.03,311.8,10.5,D,0
30.4307,75.2168,322.3,1.3,1.1,2026-04-20,1013,Aqua,MODIS,58,61.03,306.1,10.8,D,0
30.6859,70.6105,333.3,1,1,2026-04-20,1014,Aqua,MODIS,79,61.03,312.6,18,D,0
30.6956,71.7083,323.6,1,1,2026-04-20,1014,Aqua,MODIS,61,61.03,309.2,7.1,D,0
31.5435,72.2802,323,1,1,2026-04-20,1014,Aqua,MODIS,55,61.03,309.2,6.5,D,0
31.7583,72.3014,322,1,1,2026-04-20,1014,Aqua,MODIS,56,61.03,308.7,8,D,0
32.0321,72.4141,322.9,1,1,2026-04-20,1014,Aqua,MODIS,62,61.03,309.3,8.4,D,0
32.172,72.3532,320.4,1,1,2026-04-20,1014,Aqua,MODIS,50,61.03,304.7,6.9,D,0
32.8566,71.513,321.9,1,1,2026-04-20,1014,Aqua,MODIS,56,61.03,309.7,7.4,D,0
18.711,81.2287,310.7,2.2,1.4,2026-04-20,1453,Terra,MODIS,76,61.03,294.7,21.4,N,0
18.7129,81.2233,311.1,2.2,1.4,2026-04-20,1453,Terra,MODIS,78,61.03,294.2,22.7,N,0
19.6876,93.98,316.5,2.2,1.4,2026-04-20,1453,Terra,MODIS,93,61.03,294.9,38.2,N,0
19.7898,83.2858,307.9,1.5,1.2,2026-04-20,1453,Terra,MODIS,64,61.03,296.5,6.9,N,0
19.7978,83.2924,307.6,1.5,1.2,2026-04-20,1453,Terra,MODIS,59,61.03,296.8,6.4,N,0
19.801,83.6211,316.4,1.4,1.2,2026-04-20,1453,Terra,MODIS,92,61.03,296.5,16.7,N,0
19.8996,93.9015,306.6,2.1,1.4,2026-04-20,1453,Terra,MODIS,65,61.03,294.7,16.6,N,0
20.2156,93.7988,314.1,2.1,1.4,2026-04-20,1453,Terra,MODIS,88,61.03,293.5,35.5,N,0
20.7503,93.4428,306.9,2,1.4,2026-04-20,1453,Terra,MODIS,70,61.03,292.7,17.2,N,0
20.7944,85.2545,315.6,1.1,1,2026-04-20,1453,Terra,MODIS,88,61.03,299.8,10.5,N,2
20.9652,85.16,311.9,1.1,1,2026-04-20,1453,Terra,MODIS,25,61.03,300.3,5.6,N,2
20.9667,85.1703,321.6,1.1,1,2026-04-20,1453,Terra,MODIS,100,61.03,301.2,15.6,N,2
20.9683,85.1806,313.1,1.1,1,2026-04-20,1453,Terra,MODIS,47,61.03,300,7.1,N,2
21.0524,84.7673,311.8,1.2,1.1,2026-04-20,1453,Terra,MODIS,74,61.03,299.6,7.5,N,0
21.0541,84.7777,309.8,1.1,1.1,2026-04-20,1453,Terra,MODIS,65,61.03,299.3,5.7,N,0
21.0772,85.0385,312.8,1.1,1.1,2026-04-20,1453,Terra,MODIS,77,61.03,301.5,7.2,N,2
21.9156,92.9555,304.8,1.9,1.4,2026-04-20,1453,Terra,MODIS,58,61.03,294.5,10.4,N,0
21.7148,82.2365,311.8,1.6,1.2,2026-04-20,1454,Terra,MODIS,82,61.03,297.5,12,N,0
21.8973,79.1626,302.8,2.7,1.6,2026-04-20,1454,Terra,MODIS,51,61.03,292.2,16.4,N,0
22.1429,79.0657,301.5,2.7,1.6,2026-04-20,1454,Terra,MODIS,41,61.03,291.3,14.6,N,0
22.2682,79.8748,303.2,2.3,1.5,2026-04-20,1454,Terra,MODIS,42,61.03,291.8,13.3,N,0
22.2691,79.8798,304,2.3,1.5,2026-04-20,1454,Terra,MODIS,26,61.03,291.9,13.5,N,0
22.2696,79.7393,301.9,2.4,1.5,2026-04-20,1454,Terra,MODIS,35,61.03,291.6,12.1,N,0
22.281,79.872,305,2.3,1.5,2026-04-20,1454,Terra,MODIS,62,61.03,291.6,18.5,N,0
22.3076,85.4213,307.5,1.1,1,2026-04-20,1454,Terra,MODIS,72,61.03,296.4,4.7,N,0
22.3442,79.7845,301.9,2.3,1.5,2026-04-20,1454,Terra,MODIS,24,61.03,290.1,11.8,N,0
22.3636,79.5271,303.9,2.5,1.5,2026-04-20,1454,Terra,MODIS,57,61.03,292.7,16.9,N,0
22.3657,79.7572,303.5,2.4,1.5,2026-04-20,1454,Terra,MODIS,56,61.03,290.8,15.8,N,0
22.3688,79.9191,313.4,2.3,1.5,2026-04-20,1454,Terra,MODIS,87,61.03,292.9,35.9,N,0
22.3721,79.934,325.1,2.3,1.5,2026-04-20,1454,Terra,MODIS,100,61.03,292.9,74.4,N,0
22.3726,79.9403,320.2,2.3,1.5,2026-04-20,1454,Terra,MODIS,100,61.03,292.5,56.7,N,0
22.3734,79.4482,306.3,2.5,1.5,2026-04-20,1454,Terra,MODIS,67,61.03,292.2,21.7,N,0
22.3772,79.4529,305.8,2.5,1.5,2026-04-20,1454,Terra,MODIS,66,61.03,292.3,19.6,N,0
22.479,79.4428,303.7,2.5,1.5,2026-04-20,1454,Terra,MODIS,53,61.03,291.1,18.3,N,0
22.9367,95.0364,309.6,2.9,1.6,2026-04-20,1454,Terra,MODIS,78,61.03,297.5,23,N,0
23.2356,85.1305,306.9,1.1,1,2026-04-20,1454,Terra,MODIS,66,61.03,294.4,6.4,N,0
23.6095,84.236,309.6,1.1,1.1,2026-04-20,1454,Terra,MODIS,72,61.03,296.8,6.1,N,0
23.6262,84.2207,310,1.1,1.1,2026-04-20,1454,Terra,MODIS,45,61.03,297.8,6.3,N,0
23.6655,79.1917,305.3,2.4,1.5,2026-04-20,1454,Terra,MODIS,48,61.03,292.6,18.4,N,0
23.7113,86.4471,314.1,1,1,2026-04-20,1454,Terra,MODIS,70,61.03,300.4,7.8,N,2
23.7585,86.4003,316.2,1,1,2026-04-20,1454,Terra,MODIS,70,61.03,302.4,8,N,2
23.7672,86.3988,317.3,1,1,2026-04-20,1454,Terra,MODIS,86,61.03,303.3,9.5,N,2
23.7789,86.2054,313.5,1,1,2026-04-20,1454,Terra,MODIS,77,61.03,299.7,9.7,N,2
23.7972,78.8348,305.3,2.6,1.5,2026-04-20,1454,Terra,MODIS,55,61.03,293.6,19.3,N,0
23.827,84.5727,312.9,1.1,1,2026-04-20,1454,Terra,MODIS,84,61.03,298.6,10.3,N,0
23.9092,79.2875,306.1,2.4,1.5,2026-04-20,1454,Terra,MODIS,67,61.03,294.6,17.7,N,0
25.0298,85.7181,310.1,1,1,2026-04-20,1454,Terra,MODIS,76,61.03,297.8,6.2,N,0
25.0343,87.3723,314,1,1,2026-04-20,1454,Terra,MODIS,84,61.03,301.6,8.5,N,2
23.8864,77.8389,304.9,3,1.7,2026-04-20,1455,Terra,MODIS,56,61.03,294.7,22.3,N,0
24.0984,77.4366,304.3,3.2,1.7,2026-04-20,1455,Terra,MODIS,49,61.03,294.2,23.8,N,0
24.1117,78.205,307.8,2.8,1.6,2026-04-20,1455,Terra,MODIS,69,61.03,294.8,31.2,N,0
24.9534,81.2412,313.3,1.6,1.3,2026-04-20,1455,Terra,MODIS,86,61.03,300.8,14.7,N,0
24.9581,83.9774,310.6,1.1,1.1,2026-04-20,1455,Terra,MODIS,80,61.03,297.5,8.2,N,0
24.9642,81.2386,312.9,1.6,1.3,2026-04-20,1455,Terra,MODIS,85,61.03,300.8,13.5,N,0
25.01,83.7142,307.1,1.2,1.1,2026-04-20,1455,Terra,MODIS,59,61.03,292.8,7.4,N,0
25.0117,83.7253,306.1,1.2,1.1,2026-04-20,1455,Terra,MODIS,47,61.03,293.1,6.7,N,0
25.0228,83.8588,308.3,1.1,1.1,2026-04-20,1455,Terra,MODIS,5,61.03,288.4,9.6,N,0
25.0936,85.7705,312.4,1,1,2026-04-20,1455,Terra,MODIS,66,61.03,295.8,8.9,N,0
25.0944,76.93,307.5,3.3,1.7,2026-04-20,1455,Terra,MODIS,65,61.03,296.4,34.2,N,0
25.1251,83.3899,315.2,1.2,1.1,2026-04-20,1455,Terra,MODIS,91,61.03,297.2,13.6,N,0
25.1269,83.4014,309.6,1.2,1.1,2026-04-20,1455,Terra,MODIS,78,61.03,297.4,7.8,N,0
25.152,85.4058,308,1,1,2026-04-20,1455,Terra,MODIS,70,61.03,297.3,5.2,N,0
25.1589,83.8936,308.7,1.1,1.1,2026-04-20,1455,Terra,MODIS,75,61.03,297.3,6.8,N,0
25.1882,84.0373,308.7,1.1,1.1,2026-04-20,1455,Terra,MODIS,74,61.03,298.4,6.6,N,0
25.2176,83.9211,308.9,1.1,1.1,2026-04-20,1455,Terra,MODIS,75,61.03,297.9,6.6,N,0
25.2321,83.6644,311.3,1.2,1.1,2026-04-20,1455,Terra,MODIS,81,61.03,298.4,8.9,N,0
25.2342,84.2139,315.1,1.1,1,2026-04-20,1455,Terra,MODIS,90,61.03,298.1,11.6,N,0
25.2417,84.2017,307.7,1.1,1,2026-04-20,1455,Terra,MODIS,69,61.03,296.9,5.7,N,0
25.2418,83.7872,308.7,1.1,1.1,2026-04-20,1455,Terra,MODIS,74,61.03,298.5,6.9,N,0
25.2433,84.2122,307.1,1.1,1,2026-04-20,1455,Terra,MODIS,67,61.03,296.8,5.3,N,0
25.2436,83.7981,316.9,1.1,1.1,2026-04-20,1455,Terra,MODIS,94,61.03,298.9,14.8,N,0
25.3006,84.0427,307.3,1.1,1.1,2026-04-20,1455,Terra,MODIS,44,61.03,296.5,5.5,N,0
25.3019,84.1733,302.8,1.1,1,2026-04-20,1455,Terra,MODIS,32,61.03,290.3,3.7,N,0
25.3107,83.9857,309.6,1.1,1.1,2026-04-20,1455,Terra,MODIS,76,61.03,297.6,8,N,0
25.3201,83.8619,308.9,1.1,1.1,2026-04-20,1455,Terra,MODIS,74,61.03,298.2,6.8,N,0
25.3266,84.2119,306.4,1.1,1,2026-04-20,1455,Terra,MODIS,63,61.03,293.9,6,N,2
25.3398,83.4533,301.6,1.2,1.1,2026-04-20,1455,Terra,MODIS,18,61.03,286.1,5,N,0
25.3485,85.6776,307.1,1,1,2026-04-20,1455,Terra,MODIS,64,61.03,296.6,4.9,N,0
25.434,77.7683,307.2,2.8,1.6,2026-04-20,1455,Terra,MODIS,64,61.03,296.6,24,N,0
25.4483,84.0963,310.2,1.1,1,2026-04-20,1455,Terra,MODIS,77,61.03,297.6,8.2,N,0
25.4793,84.0622,318.2,1.1,1,2026-04-20,1455,Terra,MODIS,96,61.03,298.3,15.2,N,0
25.4835,84.0286,309.8,1.1,1,2026-04-20,1455,Terra,MODIS,75,61.03,297.5,7.4,N,0
25.4868,84.0499,309.8,1.1,1,2026-04-20,1455,Terra,MODIS,74,61.03,297.8,7.3,N,0
25.7356,83.6167,309.2,1.1,1.1,2026-04-20,1455,Terra,MODIS,74,61.03,298,7.7,N,0
25.8843,78.1659,304.8,2.6,1.5,2026-04-20,1455,Terra,MODIS,53,61.03,294.5,19.6,N,0
25.9201,83.0835,303.9,1.2,1.1,2026-04-20,1455,Terra,MODIS,44,61.03,293.8,4.1,N,0
25.9265,82.7331,305.4,1.3,1.1,2026-04-20,1455,Terra,MODIS,57,61.03,288.3,8.3,N,0
26.4545,83.842,312.4,1.1,1,2026-04-20,1455,Terra,MODIS,83,61.03,298.2,10,N,0
26.476,83.2672,313.3,1.2,1.1,2026-04-20,1455,Terra,MODIS,85,61.03,298.6,11.4,N,0
26.4803,83.5814,313.5,1.1,1.1,2026-04-20,1455,Terra,MODIS,57,61.03,287.1,15.1,N,0
26.5088,83.9517,308.3,1.1,1,2026-04-20,1455,Terra,MODIS,35,61.03,296.8,7.5,N,0
26.5089,83.3532,308.7,1.2,1.1,2026-04-20,1455,Terra,MODIS,72,61.03,298.7,7.2,N,0
26.5354,83.1796,303.2,1.2,1.1,2026-04-20,1455,Terra,MODIS,35,61.03,292.8,3.9,N,0
26.6918,83.1537,308.7,1.2,1.1,2026-04-20,1455,Terra,MODIS,49,61.03,295.2,7.8,N,0
26.7895,83.1869,304.6,1.2,1.1,2026-04-20,1455,Terra,MODIS,53,61.03,292.5,5.1,N,0
26.8075,83.1419,305.8,1.2,1.1,2026-04-20,1455,Terra,MODIS,60,61.03,295.6,5.8,N,0
26.8562,83.6179,307.5,1.1,1.1,2026-04-20,1455,Terra,MODIS,66,61.03,297.2,6.5,N,0
26.871,83.7148,313,1.1,1,2026-04-20,1455,Terra,MODIS,84,61.03,297.7,10.2,N,0
26.8848,83.4487,310.6,1.1,1.1,2026-04-20,1455,Terra,MODIS,78,61.03,298.2,8.5,N,0
26.9077,83.6571,308.9,1.1,1,2026-04-20,1455,Terra,MODIS,72,61.03,297.5,6.6,N,0
26.9148,82.7438,309.5,1.2,1.1,2026-04-20,1455,Terra,MODIS,75,61.03,296.9,8.9,N,0
26.9183,82.8282,306.1,1.2,1.1,2026-04-20,1455,Terra,MODIS,62,61.03,296,5.8,N,0
26.941,82.8478,311.9,1.2,1.1,2026-04-20,1455,Terra,MODIS,82,61.03,296.7,10.8,N,0
26.9464,82.8524,307.2,1.2,1.1,2026-04-20,1455,Terra,MODIS,66,61.03,296.3,7.4,N,0
26.9998,83.1845,309,1.2,1.1,2026-04-20,1455,Terra,MODIS,73,61.03,297.8,8.3,N,0
27.0313,82.6835,305.9,1.2,1.1,2026-04-20,1455,Terra,MODIS,52,61.03,286.3,9.6,N,0
27.0973,83.6854,309,1.1,1,2026-04-20,1455,Terra,MODIS,35,61.03,294.5,7.3,N,0
27.1181,83.6371,307,1.1,1,2026-04-20,1455,Terra,MODIS,56,61.03,296,5.2,N,0
27.1197,83.6479,307.5,1.1,1,2026-04-20,1455,Terra,MODIS,45,61.03,296.6,5.6,N,0
27.1298,83.5904,311.6,1.1,1.1,2026-04-20,1455,Terra,MODIS,81,61.03,296.8,9.6,N,0
27.1651,82.9986,311.2,1.2,1.1,2026-04-20,1455,Terra,MODIS,80,61.03,298.1,9.8,N,0
27.1811,83.1591,309.3,1.2,1.1,2026-04-20,1455,Terra,MODIS,74,61.03,297.9,8.2,N,0
27.2527,83.5539,303.8,1.1,1.1,2026-04-20,1455,Terra,MODIS,44,61.03,293.4,4.1,N,0
27.2788,82.8868,309.6,1.2,1.1,2026-04-20,1455,Terra,MODIS,75,61.03,299.4,7.7,N,0
27.3705,83.288,306.4,1.1,1.1,2026-04-20,1455,Terra,MODIS,20,61.03,293.3,5.8,N,0
27.4067,83.1711,316.7,1.1,1.1,2026-04-20,1455,Terra,MODIS,93,61.03,299.7,14.4,N,0
27.4303,85.7851,304.4,1,1,2026-04-20,1455,Terra,MODIS,47,61.03,287,6.6,N,0
27.4426,82.9951,312.1,1.2,1.1,2026-04-20,1455,Terra,MODIS,82,61.03,299.1,10,N,0
27.4556,83.016,309.1,1.2,1.1,2026-04-20,1455,Terra,MODIS,73,61.03,298.2,7,N,0
27.4574,83.0273,310.5,1.2,1.1,2026-04-20,1455,Terra,MODIS,78,61.03,298.5,8.3,N,0
27.4598,83.512,303.3,1.1,1,2026-04-20,1455,Terra,MODIS,30,61.03,288.8,4.5,N,0
27.4761,83.0235,315.2,1.2,1.1,2026-04-20,1455,Terra,MODIS,90,61.03,298.8,13.1,N,0
27.4779,83.0349,309.3,1.2,1.1,2026-04-20,1455,Terra,MODIS,74,61.03,299,7.4,N,0
27.503,83.548,315.6,1.1,1,2026-04-20,1455,Terra,MODIS,49,61.03,296.8,12.9,N,0
27.5371,84.3963,329,1,1,2026-04-20,1455,Terra,MODIS,100,61.03,296.8,26.9,N,0
27.5503,84.2302,303.1,1,1,2026-04-20,1455,Terra,MODIS,53,61.03,285.3,4.8,N,0
27.6863,83.7209,309.2,1.1,1,2026-04-20,1455,Terra,MODIS,77,61.03,297.8,6.7,N,0
27.6987,82.6138,316,1.2,1.1,2026-04-20,1455,Terra,MODIS,92,61.03,303.6,10.9,N,0
27.7001,82.8655,313.1,1.2,1.1,2026-04-20,1455,Terra,MODIS,83,61.03,303.1,9,N,0
27.7108,82.4215,313.2,1.2,1.1,2026-04-20,1455,Terra,MODIS,69,61.03,302.4,8.6,N,0
27.7184,82.4073,317.7,1.2,1.1,2026-04-20,1455,Terra,MODIS,91,61.03,302.1,13.6,N,0
27.7205,82.4199,317.4,1.2,1.1,2026-04-20,1455,Terra,MODIS,95,61.03,302.2,13.4,N,0
27.7243,82.8962,315.9,1.2,1.1,2026-04-20,1455,Terra,MODIS,92,61.03,303.4,10.8,N,0
27.738,82.4664,315.6,1.2,1.1,2026-04-20,1455,Terra,MODIS,91,61.03,301.7,12.6,N,0
27.7606,82.3615,313.5,1.2,1.1,2026-04-20,1455,Terra,MODIS,86,61.03,302.4,9.5,N,0
27.7659,83.3898,306.8,1.1,1.1,2026-04-20,1455,Terra,MODIS,65,61.03,296.3,5.4,N,0
27.7742,83.3934,308.3,1.1,1.1,2026-04-20,1455,Terra,MODIS,74,61.03,296.9,7.2,N,0
27.8514,82.7464,310.2,1.2,1.1,2026-04-20,1455,Terra,MODIS,50,61.03,299.8,8.1,N,0
27.8719,83.4261,304.4,1.1,1,2026-04-20,1455,Terra,MODIS,60,61.03,293,6,N,0
27.9164,82.5704,310.8,1.2,1.1,2026-04-20,1455,Terra,MODIS,28,61.03,299.8,7.2,N,0
27.9454,82.2339,314.8,1.3,1.1,2026-04-20,1455,Terra,MODIS,90,61.03,300.2,12.9,N,0
27.9474,82.2463,315.7,1.3,1.1,2026-04-20,1455,Terra,MODIS,92,61.03,300.3,14.3,N,0
27.9617,82.5809,308.2,1.2,1.1,2026-04-20,1455,Terra,MODIS,74,61.03,297.9,6.6,N,0
27.9747,82.2727,310.6,1.2,1.1,2026-04-20,1455,Terra,MODIS,80,61.03,300.3,8.7,N,0
27.9844,82.2712,310.7,1.2,1.1,2026-04-20,1455,Terra,MODIS,81,61.03,300.2,9.1,N,0
28.0101,82.8839,316.8,1.2,1.1,2026-04-20,1455,Terra,MODIS,94,61.03,295.5,15.6,N,0
28.0696,82.6143,315.5,1.2,1.1,2026-04-20,1455,Terra,MODIS,91,61.03,295.2,15.9,N,0
28.079,82.6119,306.5,1.2,1.1,2026-04-20,1455,Terra,MODIS,68,61.03,294.8,7.5,N,0
28.0912,83.2814,309.4,1.1,1.1,2026-04-20,1455,Terra,MODIS,77,61.03,293.2,9.3,N,0
28.0972,82.0262,310.6,1.3,1.1,2026-04-20,1455,Terra,MODIS,13,61.03,298.4,6.7,N,0
28.0985,83.2673,311,1.1,1.1,2026-04-20,1455,Terra,MODIS,27,61.03,294.4,9.1,N,0
28.1003,83.2791,312.4,1.1,1.1,2026-04-20,1455,Terra,MODIS,47,61.03,294.1,10.2,N,0
28.1049,82.0114,313.8,1.3,1.1,2026-04-20,1455,Terra,MODIS,79,61.03,298.7,10.4,N,0
28.1069,82.0237,317.9,1.3,1.1,2026-04-20,1455,Terra,MODIS,96,61.03,298.8,15.6,N,0
28.1079,82.0173,318.1,1.3,1.1,2026-04-20,1455,Terra,MODIS,96,61.03,298.7,17,N,0
28.1184,83.2739,308.6,1.1,1.1,2026-04-20,1455,Terra,MODIS,75,61.03,295.1,8.3,N,0
28.18,83.2562,309.1,1.1,1.1,2026-04-20,1455,Terra,MODIS,76,61.03,293.9,9.2,N,0
28.1892,83.2545,303.6,1.1,1.1,2026-04-20,1455,Terra,MODIS,50,61.03,293.4,5,N,0
28.2097,82.0857,309.1,1.3,1.1,2026-04-20,1455,Terra,MODIS,76,61.03,298.2,8.9,N,0
28.2236,82.1547,307.1,1.3,1.1,2026-04-20,1455,Terra,MODIS,70,61.03,297,8,N,0
28.2404,82.0745,309.2,1.3,1.1,2026-04-20,1455,Terra,MODIS,77,61.03,296.9,9.6,N,0
28.2672,81.7996,310.2,1.3,1.1,2026-04-20,1456,Terra,MODIS,60,61.03,299.6,7.2,N,0
28.3044,81.6543,317.6,1.3,1.1,2026-04-20,1456,Terra,MODIS,95,61.03,302.4,17,N,0
28.3767,81.593,311.1,1.3,1.1,2026-04-20,1456,Terra,MODIS,18,61.03,299.6,8.4,N,0
28.3789,81.6063,313.7,1.3,1.1,2026-04-20,1456,Terra,MODIS,39,61.03,300.2,11.6,N,0
28.3888,81.6037,309.8,1.3,1.1,2026-04-20,1456,Terra,MODIS,57,61.03,298.8,8.5,N,0
28.3892,81.4814,310.7,1.4,1.2,2026-04-20,1456,Terra,MODIS,81,61.03,300.5,7.6,N,0
28.3898,81.4889,310.5,1.4,1.2,2026-04-20,1456,Terra,MODIS,80,61.03,300.5,7.9,N,0
28.3904,81.4316,312.3,1.4,1.2,2026-04-20,1456,Terra,MODIS,85,61.03,301.7,9.7,N,0
28.3953,81.7671,306.9,1.3,1.1,2026-04-20,1456,Terra,MODIS,66,61.03,296.7,6.6,N,0
28.4088,81.9094,305.9,1.3,1.1,2026-04-20,1456,Terra,MODIS,39,61.03,295.8,6.7,N,0
28.4184,81.9064,309,1.3,1.1,2026-04-20,1456,Terra,MODIS,71,61.03,296.9,9.6,N,0
28.4219,81.4944,311.5,1.4,1.2,2026-04-20,1456,Terra,MODIS,79,61.03,299.2,11.2,N,0
28.4407,82.2247,320.7,1.2,1.1,2026-04-20,1456,Terra,MODIS,100,61.03,292.9,23.7,N,0
28.4427,82.2368,304.7,1.2,1.1,2026-04-20,1456,Terra,MODIS,30,61.03,292.5,7.1,N,0
28.4448,82.2495,307,1.2,1.1,2026-04-20,1456,Terra,MODIS,68,61.03,292.8,9.4,N,0
28.4751,81.9925,308.3,1.3,1.1,2026-04-20,1456,Terra,MODIS,68,61.03,296.9,7.9,N,0
28.5192,82.1378,304.4,1.2,1.1,2026-04-20,1456,Terra,MODIS,60,61.03,294.2,6.7,N,0
28.5693,82.1401,304.1,1.2,1.1,2026-04-20,1456,Terra,MODIS,55,61.03,293.4,5.7,N,0
28.5809,82.212,309.8,1.2,1.1,2026-04-20,1456,Terra,MODIS,78,61.03,294.2,10.6,N,0
28.596,82.1823,312,1.2,1.1,2026-04-20,1456,Terra,MODIS,54,61.03,295.4,10.4,N,0
28.5984,82.1756,307.5,1.2,1.1,2026-04-20,1456,Terra,MODIS,55,61.03,295.2,7.3,N,0
28.6006,82.1889,310.3,1.2,1.1,2026-04-20,1456,Terra,MODIS,80,61.03,295.4,10.4,N,0
28.707,81.722,306.8,1.3,1.1,2026-04-20,1456,Terra,MODIS,48,61.03,293.5,8.8,N,0
28.7095,81.7291,305.2,1.3,1.1,2026-04-20,1456,Terra,MODIS,10,61.03,292.9,7,N,0
28.7283,81.6596,306.1,1.3,1.1,2026-04-20,1456,Terra,MODIS,67,61.03,292.9,8.7,N,0
28.7302,81.671,305.2,1.3,1.1,2026-04-20,1456,Terra,MODIS,63,61.03,294.2,7.7,N,0
28.7392,81.7243,317.4,1.3,1.1,2026-04-20,1456,Terra,MODIS,95,61.03,293,21.2,N,0
28.8659,81.4956,304.4,1.3,1.1,2026-04-20,1456,Terra,MODIS,60,61.03,293.5,6.1,N,0
28.9218,81.3983,314.6,1.3,1.2,2026-04-20,1456,Terra,MODIS,89,61.03,296.1,16.8,N,0
28.9506,81.016,309.5,1.4,1.2,2026-04-20,1456,Terra,MODIS,22,61.03,297.4,8.7,N,0
28.9719,81.451,314.3,1.3,1.1,2026-04-20,1456,Terra,MODIS,89,61.03,294.5,17.4,N,0
29.0063,80.7977,305.9,1.5,1.2,2026-04-20,1456,Terra,MODIS,28,61.03,292.4,8.8,N,0
29.0076,81.1152,308.7,1.4,1.2,2026-04-20,1456,Terra,MODIS,55,61.03,295.9,8.9,N,0
29.0099,81.1289,309.2,1.4,1.2,2026-04-20,1456,Terra,MODIS,77,61.03,296.3,9.5,N,0
29.0118,80.7884,308.8,1.5,1.2,2026-04-20,1456,Terra,MODIS,73,61.03,293,12.5,N,0
29.0141,81.2144,307,1.4,1.2,2026-04-20,1456,Terra,MODIS,69,61.03,295,9.3,N,0
29.0165,81.2284,306.3,1.4,1.2,2026-04-20,1456,Terra,MODIS,68,61.03,293.9,9.1,N,0
29.0507,80.8267,301.6,1.5,1.2,2026-04-20,1456,Terra,MODIS,40,61.03,291.2,7.1,N,0
29.1817,81.2249,306.1,1.4,1.2,2026-04-20,1456,Terra,MODIS,48,61.03,295.5,7,N,0
29.1825,81.234,309.7,1.4,1.2,2026-04-20,1456,Terra,MODIS,74,61.03,295.4,11.4,N,0
29.1949,80.4643,304.1,1.5,1.2,2026-04-20,1456,Terra,MODIS,58,61.03,290.5,11.2,N,0
29.5119,80.09,310.1,1.6,1.2,2026-04-20,1456,Terra,MODIS,79,61.03,295.6,14.2,N,0
29.5384,80.0501,305.5,1.6,1.2,2026-04-20,1456,Terra,MODIS,44,61.03,295.1,8.5,N,0
29.5408,80.0438,306.1,1.6,1.2,2026-04-20,1456,Terra,MODIS,67,61.03,294.9,10.5,N,0
29.8287,80.3044,307,1.5,1.2,2026-04-20,1456,Terra,MODIS,70,61.03,292.1,12.3,N,0
29.8316,80.3211,301.5,1.5,1.2,2026-04-20,1456,Terra,MODIS,34,61.03,290.9,6.1,N,0
30.3399,79.1354,308.7,1.8,1.3,2026-04-20,1456,Terra,MODIS,75,61.03,292.7,19.2,N,0
30.3514,79.1342,302.1,1.8,1.3,2026-04-20,1456,Terra,MODIS,18,61.03,291.2,10.7,N,0
31.1102,77.3892,300.3,2.2,1.4,2026-04-20,1456,Terra,MODIS,25,61.03,286.3,17.6,N,0
19.3773,71.3549,307.1,3.1,1.7,2026-04-20,1631,Terra,MODIS,51,61.03,296,24,N,3
27.7184,82.4095,313.1,1.1,1,2026-04-20,2216,Aqua,MODIS,77,61.03,300.2,9.7,N,0
27.7545,82.3615,314.5,1.1,1,2026-04-20,2216,Aqua,MODIS,89,61.03,301,13.3,N,0
27.7563,82.3509,309.9,1.1,1,2026-04-20,2216,Aqua,MODIS,78,61.03,299.5,9.4,N,0
27.7613,82.369,311.5,1.1,1,2026-04-20,2216,Aqua,MODIS,27,61.03,300.7,7.4,N,0
27.763,82.3586,315.3,1.1,1,2026-04-20,2216,Aqua,MODIS,85,61.03,301.2,11.4,N,0
27.7721,82.3603,311.1,1.1,1,2026-04-20,2216,Aqua,MODIS,71,61.03,300.1,7.5,N,0
27.9347,80.4028,326.8,1,1,2026-04-20,2216,Aqua,MODIS,100,61.03,293.9,25.6,N,0
28.0461,82.8826,305.8,1.1,1.1,2026-04-20,2216,Aqua,MODIS,66,61.03,290.7,9,N,0
28.0742,82.6187,303,1.1,1.1,2026-04-20,2216,Aqua,MODIS,53,61.03,290.2,7,N,0
28.086,82.0338,312,1.1,1,2026-04-20,2216,Aqua,MODIS,60,61.03,299.6,9.8,N,0
28.0894,83.2858,301.5,1.2,1.1,2026-04-20,2216,Aqua,MODIS,41,61.03,289.1,7.1,N,0
28.0987,82.0197,313,1.1,1,2026-04-20,2216,Aqua,MODIS,83,61.03,297.7,9.4,N,0
28.1249,81.9723,311,1.1,1,2026-04-20,2216,Aqua,MODIS,81,61.03,299.7,7.8,N,0
28.1339,81.9737,314.4,1.1,1,2026-04-20,2216,Aqua,MODIS,89,61.03,298.5,10.9,N,0
28.3619,81.8826,305.7,1,1,2026-04-20,2216,Aqua,MODIS,65,61.03,293.7,7,N,0
28.3874,81.4396,309.6,1,1,2026-04-20,2216,Aqua,MODIS,59,61.03,298.2,7.6,N,0
28.3883,81.4912,310.8,1,1,2026-04-20,2216,Aqua,MODIS,81,61.03,299.5,7.3,N,0
28.3899,81.4811,315,1,1,2026-04-20,2216,Aqua,MODIS,90,61.03,299.8,10.6,N,0
28.4568,81.4016,308.1,1,1,2026-04-20,2216,Aqua,MODIS,65,61.03,297.1,7,N,0
28.5063,81.5001,308.1,1,1,2026-04-20,2216,Aqua,MODIS,73,61.03,297.3,6.4,N,0
28.5299,81.7093,305.9,1,1,2026-04-20,2216,Aqua,MODIS,66,61.03,291.4,8.2,N,0
28.5519,79.9902,307.5,1,1,2026-04-20,2216,Aqua,MODIS,72,61.03,294,8.1,N,0
28.5876,82.2053,304,1.1,1,2026-04-20,2216,Aqua,MODIS,29,61.03,290.2,6.4,N,0
28.5982,82.197,302.6,1.1,1,2026-04-20,2216,Aqua,MODIS,34,61.03,290.4,5.7,N,0
28.5999,82.1868,305.9,1.1,1,2026-04-20,2216,Aqua,MODIS,66,61.03,290.4,7.9,N,0
28.7401,81.6694,301.3,1,1,2026-04-20,2216,Aqua,MODIS,40,61.03,290.5,5.5,N,0
29.0617,80.7394,301.1,1,1,2026-04-20,2216,Aqua,MODIS,38,61.03,289.4,5.3,N,0
29.2595,80.8923,301.1,1,1,2026-04-20,2216,Aqua,MODIS,38,61.03,290.3,4.8,N,0
29.3106,80.868,303.5,1,1,2026-04-20,2216,Aqua,MODIS,55,61.03,291.1,6.3,N,0
24.1692,82.6327,308.4,1.3,1.1,2026-04-20,2217,Aqua,MODIS,74,61.03,297.2,8.3,N,0
24.2828,79.5075,309.9,1,1,2026-04-20,2217,Aqua,MODIS,79,61.03,296.1,8.3,N,0
24.9482,76.6321,305.7,1.2,1.1,2026-04-20,2217,Aqua,MODIS,65,61.03,294.7,8.4,N,0
24.9706,83.7236,307.5,1.4,1.2,2026-04-20,2217,Aqua,MODIS,72,61.03,295.9,10.7,N,0
25.0318,76.369,310.5,1.3,1.1,2026-04-20,2217,Aqua,MODIS,78,61.03,292.1,13.2,N,0
25.0348,76.3751,305.3,1.3,1.1,2026-04-20,2217,Aqua,MODIS,64,61.03,292,9.1,N,0
25.0363,76.3632,306.7,1.3,1.1,2026-04-20,2217,Aqua,MODIS,69,61.03,291.5,10,N,0
25.0628,76.4644,307.2,1.2,1.1,2026-04-20,2217,Aqua,MODIS,71,61.03,293.3,10.2,N,0
25.0895,76.957,309.1,1.2,1.1,2026-04-20,2217,Aqua,MODIS,76,61.03,292.2,10.9,N,0
25.0925,76.9346,303.2,1.2,1.1,2026-04-20,2217,Aqua,MODIS,29,61.03,292.4,5.9,N,0
25.1459,76.3743,303.6,1.3,1.1,2026-04-20,2217,Aqua,MODIS,56,61.03,293.3,7.6,N,0
25.1718,83.8783,304.9,1.4,1.2,2026-04-20,2217,Aqua,MODIS,62,61.03,294.4,8.6,N,0
25.1753,77.0106,302,1.2,1.1,2026-04-20,2217,Aqua,MODIS,46,61.03,291.2,6.2,N,0
20.9669,85.1875,310.1,2.2,1.4,2026-04-20,2218,Aqua,MODIS,79,61.03,295.6,21.8,N,2
20.9707,85.1677,309.1,2.2,1.4,2026-04-20,2218,Aqua,MODIS,76,61.03,295.5,19.1,N,2
21.7513,83.8482,303.1,1.7,1.3,2026-04-20,2218,Aqua,MODIS,44,61.03,288.6,8.3,N,2
22.0209,78.9765,303.7,1,1,2026-04-20,2218,Aqua,MODIS,57,61.03,290.4,6,N,0
22.0561,79.0975,306.8,1,1,2026-04-20,2218,Aqua,MODIS,69,61.03,292.4,7.4,N,0
22.0769,79.4531,303.3,1,1,2026-04-20,2218,Aqua,MODIS,46,61.03,291.4,5.9,N,0
22.0842,79.464,314.4,1,1,2026-04-20,2218,Aqua,MODIS,52,61.03,289,14.4,N,0
22.0856,79.4546,318.9,1,1,2026-04-20,2218,Aqua,MODIS,76,61.03,291.7,18,N,0
22.2001,75.4262,307.3,1.3,1.1,2026-04-20,2218,Aqua,MODIS,71,61.03,292.7,10.4,N,0
22.3397,79.664,307.1,1,1,2026-04-20,2218,Aqua,MODIS,70,61.03,292.7,8,N,0
22.3608,79.7223,301.9,1,1,2026-04-20,2218,Aqua,MODIS,45,61.03,291.8,5,N,0
22.4478,79.8128,313.5,1,1,2026-04-20,2218,Aqua,MODIS,87,61.03,289.8,13,N,0
22.4493,79.8033,301,1,1,2026-04-20,2218,Aqua,MODIS,36,61.03,290,4.4,N,0
22.567,76.2035,308.7,1.2,1.1,2026-04-20,2218,Aqua,MODIS,75,61.03,297.5,7.9,N,0
22.9531,77.603,308.3,1.1,1,2026-04-20,2218,Aqua,MODIS,74,61.03,293.3,7.4,N,0
23.163,77.6189,302.2,1.1,1,2026-04-20,2218,Aqua,MODIS,47,61.03,290.8,5.4,N,0
23.1669,82.3378,308.1,1.3,1.1,2026-04-20,2218,Aqua,MODIS,74,61.03,296.9,8.5,N,2
23.4592,77.3553,306.2,1.1,1,2026-04-20,2218,Aqua,MODIS,67,61.03,294.1,7.1,N,0
23.4682,77.3568,310.4,1.1,1,2026-04-20,2218,Aqua,MODIS,80,61.03,293.6,9.9,N,0
23.5378,78.2326,315.7,1,1,2026-04-20,2218,Aqua,MODIS,92,61.03,294.5,13.1,N,0
23.5381,77.6436,304.3,1.1,1,2026-04-20,2218,Aqua,MODIS,51,61.03,292.4,5.2,N,0
23.6219,78.2235,305.2,1,1,2026-04-20,2218,Aqua,MODIS,63,61.03,294.9,5.5,N,0
23.6368,78.0567,302.2,1,1,2026-04-20,2218,Aqua,MODIS,48,61.03,291.1,5.5,N,0
23.6494,77.7084,306.3,1.1,1,2026-04-20,2218,Aqua,MODIS,68,61.03,293.3,6.9,N,0
23.659,77.7065,316.4,1.1,1,2026-04-20,2218,Aqua,MODIS,93,61.03,294.3,15,N,0
23.6604,77.6965,317.8,1.1,1,2026-04-20,2218,Aqua,MODIS,96,61.03,293.8,16.3,N,0
23.6788,77.7607,302.8,1.1,1,2026-04-20,2218,Aqua,MODIS,51,61.03,292.2,5.4,N,0
23.7073,78.024,303.6,1,1,2026-04-20,2218,Aqua,MODIS,56,61.03,291.3,6.1,N,0
23.7226,77.645,303.7,1.1,1,2026-04-20,2218,Aqua,MODIS,57,61.03,291.4,6.3,N,0
23.799,77.6323,306.8,1.1,1,2026-04-20,2218,Aqua,MODIS,69,61.03,296.2,6,N,0
23.8127,77.6654,307.7,1.1,1,2026-04-20,2218,Aqua,MODIS,72,61.03,296,6.4,N,0
23.8133,79.1153,309.9,1,1,2026-04-20,2218,Aqua,MODIS,78,61.03,294.3,8.7,N,0
23.9514,77.7314,310.2,1.1,1,2026-04-20,2218,Aqua,MODIS,79,61.03,295.3,9.1,N,0
23.9712,77.7859,322.1,1.1,1,2026-04-20,2218,Aqua,MODIS,100,61.03,296.7,19.7,N,0
23.9763,77.8787,310,1.1,1,2026-04-20,2218,Aqua,MODIS,79,61.03,296.5,8.3,N,0
24.1293,77.444,308.6,1.1,1,2026-04-20,2218,Aqua,MODIS,75,61.03,294,8.9,N,0
18.5686,73.4021,300.5,1.6,1.2,2026-04-20,2219,Aqua,MODIS,22,61.03,290.3,8.5,N,0
14.6141,78.9385,309.8,1.1,1,2026-04-20,2220,Aqua,MODIS,72,61.03,297.2,7.9,N,0
15.1772,76.6579,306.9,1,1,2026-04-20,2220,Aqua,MODIS,47,61.03,291.4,5.1,N,2
16.1932,78.8619,349.1,1.1,1,2026-04-20,2220,Aqua,MODIS,100,61.03,298.6,62,N,0
16.1947,78.8523,333.4,1.1,1,2026-04-20,2220,Aqua,MODIS,100,61.03,296.9,32.7,N,0
11.4852,76.5975,303.7,1,1,2026-04-20,2221,Aqua,MODIS,56,61.03,286.6,7.2,N,0
11.4925,76.6077,301.5,1,1,2026-04-20,2221,Aqua,MODIS,22,61.03,286.8,5.8,N,0
24.1028,94.2638,314.7,1.1,1.1,2026-04-21,300,Terra,MODIS,46,61.03,302.4,6.6,D,0
24.1044,94.2531,315.1,1.1,1.1,2026-04-21,300,Terra,MODIS,58,61.03,302.5,7.1,D,0
25.0297,85.7206,332.2,2.1,1.4,2026-04-21,300,Terra,MODIS,80,61.03,307.9,47.7,D,0
25.0374,85.7346,324,2.1,1.4,2026-04-21,300,Terra,MODIS,54,61.03,307.2,16.8,D,0
25.2482,84.2211,322.2,2.7,1.6,2026-04-21,300,Terra,MODIS,59,61.03,307.4,26.5,D,0
25.2918,83.7301,329.8,2.9,1.6,2026-04-21,300,Terra,MODIS,76,61.03,306.8,73.1,D,0
25.2945,83.7366,325.3,2.9,1.6,2026-04-21,300,Terra,MODIS,69,61.03,306.9,46.2,D,0
25.5714,92.9367,312,1,1,2026-04-21,300,Terra,MODIS,66,61.03,299.5,5.6,D,0
20.2116,93.7934,316.7,1.2,1.1,2026-04-21,301,Terra,MODIS,65,61.03,296,12.5,D,0
20.3187,93.2984,319.1,1.1,1.1,2026-04-21,301,Terra,MODIS,61,61.03,301.9,8.2,D,0
20.6109,94.3718,322.1,1.3,1.1,2026-04-21,301,Terra,MODIS,53,61.03,307.1,7.9,D,0
20.613,94.1525,324.4,1.2,1.1,2026-04-21,301,Terra,MODIS,39,61.03,306.7,13.6,D,0
20.7473,93.4558,314.4,1.1,1.1,2026-04-21,301,Terra,MODIS,60,61.03,296.1,9.9,D,0
20.7489,93.4452,310.9,1.1,1.1,2026-04-21,301,Terra,MODIS,38,61.03,296.4,6.3,D,0
20.852,94.0858,318.7,1.2,1.1,2026-04-21,301,Terra,MODIS,46,61.03,306.3,8.7,D,0
21.0754,93.9057,311.7,1.2,1.1,2026-04-21,301,Terra,MODIS,37,61.03,299.5,7.3,D,0
21.3707,94.4394,319.5,1.2,1.1,2026-04-21,301,Terra,MODIS,71,61.03,306.9,7.2,D,0
21.5711,93.5751,328.8,1.1,1.1,2026-04-21,301,Terra,MODIS,82,61.03,293.9,30.1,D,0
21.8056,92.7102,315.3,1,1,2026-04-21,301,Terra,MODIS,66,61.03,297.7,7.9,D,0
22.4524,94.4398,315,1.2,1.1,2026-04-21,301,Terra,MODIS,54,61.03,302.5,7.4,D,0
22.6017,93.3745,311.6,1.1,1,2026-04-21,301,Terra,MODIS,49,61.03,298.4,7.3,D,0
22.7345,92.6816,312.8,1,1,2026-04-21,301,Terra,MODIS,61,61.03,296.7,6.7,D,0
22.7618,93.8374,310.5,1.1,1.1,2026-04-21,301,Terra,MODIS,28,61.03,297.7,4.8,D,0
22.8373,93.8257,315.2,1.1,1.1,2026-04-21,301,Terra,MODIS,42,61.03,300.7,6.3,D,0
22.8763,94.991,320.3,1.3,1.1,2026-04-21,301,Terra,MODIS,70,61.03,305.6,7.9,D,0
22.9819,93.2498,313.4,1.1,1,2026-04-21,301,Terra,MODIS,27,61.03,298.3,8.5,D,0
23.0618,94.5614,319.2,1.2,1.1,2026-04-21,301,Terra,MODIS,70,61.03,302.5,10.2,D,0
23.0636,94.5501,320.7,1.2,1.1,2026-04-21,301,Terra,MODIS,72,61.03,302.9,11.9,D,0
23.135,95.6139,324.3,1.4,1.2,2026-04-21,301,Terra,MODIS,76,61.03,304.4,15.6,D,0
23.1366,95.6673,322.1,1.4,1.2,2026-04-21,301,Terra,MODIS,73,61.03,303.8,12.2,D,0
23.4907,95.1388,318.1,1.3,1.1,2026-04-21,301,Terra,MODIS,69,61.03,303.2,9.1,D,0
17.0952,95.0518,319.4,1.6,1.2,2026-04-21,302,Terra,MODIS,67,61.03,303.3,11.9,D,0
19.9677,94.3405,319.7,1.3,1.1,2026-04-21,302,Terra,MODIS,69,61.03,299.1,18.6,D,0
16.6444,80.0986,315.8,4.3,1.9,2026-04-21,303,Terra,MODIS,61,61.03,297.2,57.8,D,0
16.6484,80.1064,313.8,4.3,1.9,2026-04-21,303,Terra,MODIS,26,61.03,297,39.6,D,0
36.9574,75.9035,306,1.5,1.2,2026-04-21,435,Terra,MODIS,21,61.03,290.3,9.6,D,0
33.159,75.3437,303.1,1.7,1.3,2026-04-21,436,Terra,MODIS,37,61.03,291.7,7,D,0
29.1917,75.2975,325.6,2,1.4,2026-04-21,437,Terra,MODIS,70,61.03,309.8,23.3,D,0
29.7262,71.3517,324.4,1.2,1.1,2026-04-21,437,Terra,MODIS,70,61.03,306.9,12.6,D,0
29.9009,71.7465,326.6,1.2,1.1,2026-04-21,437,Terra,MODIS,74,61.03,305.5,16.3,D,0
30.3036,72.1157,322.8,1.2,1.1,2026-04-21,437,Terra,MODIS,67,61.03,308.5,9.3,D,0
30.3056,72.1034,323.7,1.2,1.1,2026-04-21,437,Terra,MODIS,69,61.03,308.5,10.9,D,0
30.5685,71.5814,321.1,1.1,1.1,2026-04-21,437,Terra,MODIS,43,61.03,308.5,7.2,D,0
30.6428,71.4193,323.3,1.1,1.1,2026-04-21,437,Terra,MODIS,55,61.03,310.1,6.1,D,0
30.652,71.4213,324.6,1.1,1.1,2026-04-21,437,Terra,MODIS,64,61.03,310.5,8.1,D,0
30.7397,70.6878,320.2,1.1,1,2026-04-21,437,Terra,MODIS,64,61.03,306.8,7.6,D,0
30.7702,71.9855,317.5,1.2,1.1,2026-04-21,437,Terra,MODIS,35,61.03,305.8,6.8,D,0
30.7766,70.6291,319.8,1.1,1,2026-04-21,437,Terra,MODIS,59,61.03,307.2,5,D,0
31.3525,70.8586,318.7,1.1,1,2026-04-21,437,Terra,MODIS,60,61.03,305.1,7.4,D,0
31.3934,70.8338,316.5,1.1,1,2026-04-21,437,Terra,MODIS,42,61.03,303.6,6.7,D,0
31.526,72.2032,321.9,1.2,1.1,2026-04-21,437,Terra,MODIS,67,61.03,306.9,11.5,D,0
32.3549,71.792,325.9,1.1,1.1,2026-04-21,437,Terra,MODIS,65,61.03,305.9,17.2,D,0
25.0245,76.3506,324.4,3,1.7,2026-04-21,438,Terra,MODIS,58,61.03,309.6,35.9,D,0
25.0267,76.3563,325.6,3,1.7,2026-04-21,438,Terra,MODIS,63,61.03,309.8,41.3,D,0
25.0318,76.4777,339.3,3.1,1.7,2026-04-21,438,Terra,MODIS,85,61.03,309.9,132.1,D,0
25.0329,76.701,323.4,3.2,1.7,2026-04-21,438,Terra,MODIS,57,61.03,308,33.5,D,0
25.1112,76.3249,324.1,3,1.6,2026-04-21,438,Terra,MODIS,60,61.03,309.5,33.6,D,0
25.1941,77.0418,325.8,3.4,1.7,2026-04-21,438,Terra,MODIS,66,61.03,309.2,43,D,0
25.2383,76.4509,324.6,3,1.7,2026-04-21,438,Terra,MODIS,62,61.03,309.8,35,D,0
25.2815,75.5868,327.2,2.6,1.6,2026-04-21,438,Terra,MODIS,69,61.03,308.4,40.8,D,0
25.2884,75.5953,330.6,2.6,1.6,2026-04-21,438,Terra,MODIS,75,61.03,307.7,58.2,D,0
25.342,75.6083,325,2.6,1.6,2026-04-21,438,Terra,MODIS,63,61.03,307,33.6,D,0
25.3494,75.6155,328.1,2.6,1.6,2026-04-21,438,Terra,MODIS,71,61.03,307.6,47.2,D,0
25.3544,75.5908,337.3,2.6,1.6,2026-04-21,438,Terra,MODIS,84,61.03,308,98.3,D,0
25.3554,75.6116,327.8,2.6,1.6,2026-04-21,438,Terra,MODIS,70,61.03,307.5,46,D,0
25.3602,75.5869,326.1,2.6,1.6,2026-04-21,438,Terra,MODIS,66,61.03,307.3,37.8,D,0
25.3968,75.7317,322.1,2.7,1.6,2026-04-21,438,Terra,MODIS,50,61.03,306.7,24.3,D,0
25.6485,78.7146,323.3,4.3,1.9,2026-04-21,438,Terra,MODIS,59,61.03,309,50.9,D,0
25.6531,76.4601,326.3,3,1.6,2026-04-21,438,Terra,MODIS,68,61.03,311.3,41.2,D,0
25.6553,76.4675,326.1,3,1.6,2026-04-21,438,Terra,MODIS,59,61.03,311.2,41.2,D,0
25.7991,76.6586,328.3,3,1.7,2026-04-21,438,Terra,MODIS,72,61.03,310.5,55.5,D,0
25.8005,76.6656,328.8,3,1.7,2026-04-21,438,Terra,MODIS,73,61.03,310.6,57.2,D,0
28.0283,77.5866,327.9,3.1,1.7,2026-04-21,438,Terra,MODIS,72,61.03,307.1,70.8,D,0
28.0286,77.5933,324.4,3.1,1.7,2026-04-21,438,Terra,MODIS,64,61.03,306.7,47.1,D,0
28.0345,77.5566,340,3.1,1.7,2026-04-21,438,Terra,MODIS,87,61.03,307.6,161.9,D,0
28.035,77.5634,341.1,3.1,1.7,2026-04-21,438,Terra,MODIS,83,61.03,307.8,169.8,D,0
28.0414,77.5334,323.3,3.1,1.7,2026-04-21,438,Terra,MODIS,52,61.03,306.4,40.8,D,0
28.0553,69.9009,326.5,1.1,1,2026-04-21,438,Terra,MODIS,63,61.03,312.4,9.1,D,0
28.1007,77.613,322.7,3.1,1.7,2026-04-21,438,Terra,MODIS,57,61.03,306,41.6,D,0
28.1012,77.6183,322.7,3.1,1.7,2026-04-21,438,Terra,MODIS,58,61.03,306.1,41.3,D,0
28.1886,69.6358,326.2,1,1,2026-04-21,438,Terra,MODIS,66,61.03,311.3,10.8,D,0
28.2381,69.5507,323.1,1,1,2026-04-21,438,Terra,MODIS,55,61.03,309.8,7.7,D,0
28.2751,69.6162,324,1,1,2026-04-21,438,Terra,MODIS,56,61.03,309.9,8.9,D,0
28.3673,70.3345,326.6,1.1,1,2026-04-21,438,Terra,MODIS,61,61.03,308.6,13.7,D,0
28.7857,70.1469,324.5,1.1,1,2026-04-21,438,Terra,MODIS,62,61.03,309.5,9,D,0
28.8071,71.1213,326.5,1.2,1.1,2026-04-21,438,Terra,MODIS,67,61.03,307.9,13.1,D,0
28.8086,70.1189,328.5,1.1,1,2026-04-21,438,Terra,MODIS,72,61.03,309.1,14.8,D,0
29.19,71.1666,321.9,1.1,1.1,2026-04-21,438,Terra,MODIS,54,61.03,307.7,7.5,D,0
29.2499,70.3793,327.6,1.1,1,2026-04-21,438,Terra,MODIS,72,61.03,308.1,15.3,D,0
29.2526,71.2927,321.4,1.2,1.1,2026-04-21,438,Terra,MODIS,54,61.03,307.6,8,D,0
29.2979,70.8939,322.7,1.1,1.1,2026-04-21,438,Terra,MODIS,61,61.03,305.9,12.1,D,0
29.3015,70.5835,321.5,1.1,1,2026-04-21,438,Terra,MODIS,49,61.03,308.1,7.5,D,0
29.3332,70.2599,322.7,1.1,1,2026-04-21,438,Terra,MODIS,55,61.03,307.7,8,D,0
29.3348,70.2493,327.1,1.1,1,2026-04-21,438,Terra,MODIS,68,61.03,309.1,12.5,D,0
29.3599,70.3261,323.1,1.1,1,2026-04-21,438,Terra,MODIS,64,61.03,307.9,9.7,D,0
29.3612,71.8805,332.6,1.2,1.1,2026-04-21,438,Terra,MODIS,80,61.03,311.7,21.3,D,0
29.3806,70.5503,320,1.1,1,2026-04-21,438,Terra,MODIS,47,61.03,306.1,7.5,D,0
29.3812,70.606,326.8,1.1,1,2026-04-21,438,Terra,MODIS,71,61.03,308,13.7,D,0
29.4813,70.4991,325.4,1.1,1,2026-04-21,438,Terra,MODIS,70,61.03,307.7,12.4,D,0
29.4882,70.3358,320.3,1.1,1,2026-04-21,438,Terra,MODIS,57,61.03,307.8,6.1,D,0
29.5207,71.3554,319.6,1.2,1.1,2026-04-21,438,Terra,MODIS,32,61.03,305.9,7,D,0
29.6457,71.43,323,1.2,1.1,2026-04-21,438,Terra,MODIS,55,61.03,307,8.3,D,0
21.9465,76.5801,326,3.7,1.8,2026-04-21,439,Terra,MODIS,60,61.03,307.5,63.9,D,0
23.6603,68.5635,321.7,1,1,2026-04-21,439,Terra,MODIS,43,61.03,307.3,7.8,D,0
23.6618,68.5537,319.9,1,1,2026-04-21,439,Terra,MODIS,15,61.03,307.2,6.3,D,0
23.7972,75.5409,324.6,2.8,1.6,2026-04-21,439,Terra,MODIS,63,61.03,311.7,33.7,D,0
24.0963,78.3722,325.1,4.4,1.9,2026-04-21,439,Terra,MODIS,62,61.03,308.9,58.4,D,0
24.5884,77.5552,324.8,3.8,1.8,2026-04-21,439,Terra,MODIS,62,61.03,310.5,45.7,D,0
24.7602,76.5154,324.3,3.1,1.7,2026-04-21,439,Terra,MODIS,60,61.03,308.3,38.3,D,0
24.8974,76.3722,325.5,3,1.7,2026-04-21,439,Terra,MODIS,64,61.03,309,42,D,0
24.9031,76.1964,325.1,3,1.6,2026-04-21,439,Terra,MODIS,63,61.03,307.1,42.6,D,0
24.9047,76.351,325.9,3,1.7,2026-04-21,439,Terra,MODIS,62,61.03,308.7,41.9,D,0
21.332,70.1596,321.7,1.3,1.1,2026-04-21,440,Terra,MODIS,55,61.03,309.6,9.7,D,0
16.0953,95.5723,323.2,1.8,1.3,2026-04-21,909,Aqua,MODIS,67,61.03,302.6,18.2,D,0
16.1869,95.4707,323.8,1.8,1.3,2026-04-21,909,Aqua,MODIS,69,61.03,302,23.5,D,0
16.1996,94.7324,325.8,1.6,1.2,2026-04-21,909,Aqua,MODIS,74,61.03,304.6,21,D,0
16.2013,94.7466,322.3,1.6,1.2,2026-04-21,909,Aqua,MODIS,50,61.03,304.4,15.4,D,0
16.2067,94.7382,333.6,1.6,1.2,2026-04-21,909,Aqua,MODIS,83,61.03,305.4,40.6,D,0
16.2427,95.0154,319.1,1.7,1.3,2026-04-21,909,Aqua,MODIS,25,61.03,299.8,13.2,D,0
16.2526,95.4563,320.8,1.8,1.3,2026-04-21,909,Aqua,MODIS,64,61.03,301.5,20.8,D,0
16.2546,95.4725,318.2,1.8,1.3,2026-04-21,909,Aqua,MODIS,50,61.03,301.6,13.4,D,0
16.317,95.786,318.9,1.9,1.3,2026-04-21,909,Aqua,MODIS,61,61.03,299.5,20.7,D,0
16.3492,95.852,324.7,1.9,1.4,2026-04-21,909,Aqua,MODIS,39,61.03,300.6,25.6,D,0
16.3586,95.8615,320.6,1.9,1.4,2026-04-21,909,Aqua,MODIS,31,61.03,300.2,16.7,D,0
16.5014,95.6218,319.9,1.9,1.3,2026-04-21,909,Aqua,MODIS,62,61.03,301.3,18.7,D,0
16.5044,95.6284,319.1,1.9,1.3,2026-04-21,909,Aqua,MODIS,52,61.03,301,16.6,D,0
16.5051,95.084,318.6,1.7,1.3,2026-04-21,909,Aqua,MODIS,42,61.03,302,13.1,D,0
16.5139,94.9692,321.9,1.7,1.3,2026-04-21,909,Aqua,MODIS,56,61.03,303.4,16,D,0
16.6462,94.7493,319.5,1.6,1.2,2026-04-21,909,Aqua,MODIS,41,61.03,303.5,12.1,D,0
16.6859,94.6941,318.8,1.6,1.2,2026-04-21,909,Aqua,MODIS,0,61.03,302.3,12.6,D,0
16.6967,94.7814,321.5,1.6,1.3,2026-04-21,909,Aqua,MODIS,63,61.03,302.6,15.3,D,0
16.7672,94.5165,328,1.6,1.2,2026-04-21,909,Aqua,MODIS,76,61.03,302,33.8,D,0
16.8878,95.7624,320,1.9,1.4,2026-04-21,909,Aqua,MODIS,38,61.03,302.1,19.6,D,0
16.9593,95.0554,321.8,1.7,1.3,2026-04-21,909,Aqua,MODIS,65,61.03,305.9,13.7,D,0
17.0027,94.9334,319.6,1.7,1.3,2026-04-21,909,Aqua,MODIS,59,61.03,303.7,14.2,D,0
17.0612,95.511,318.5,1.9,1.3,2026-04-21,909,Aqua,MODIS,45,61.03,302.5,13.7,D,0
17.0841,95.8684,320.2,2,1.4,2026-04-21,909,Aqua,MODIS,39,61.03,301.2,16.1,D,0
17.0877,95.7346,331.2,1.9,1.4,2026-04-21,909,Aqua,MODIS,80,61.03,303.9,47.2,D,0
17.1177,95.0376,320.7,1.7,1.3,2026-04-21,909,Aqua,MODIS,62,61.03,304.1,13.6,D,0
17.1338,95.3607,330.9,1.8,1.3,2026-04-21,909,Aqua,MODIS,80,61.03,304.6,41.1,D,0
17.1514,95.4088,351.4,1.8,1.3,2026-04-21,909,Aqua,MODIS,95,61.03,304,127.9,D,0
17.1534,95.4255,331.6,1.8,1.3,2026-04-21,909,Aqua,MODIS,81,61.03,302.8,45.1,D,0
17.1614,95.4925,331.3,1.9,1.3,2026-04-21,909,Aqua,MODIS,61,61.03,302.4,46.2,D,0
17.1761,94.9443,327.3,1.7,1.3,2026-04-21,909,Aqua,MODIS,71,61.03,303.7,30.1,D,0
17.1779,94.9596,323,1.7,1.3,2026-04-21,909,Aqua,MODIS,69,61.03,303.7,19.7,D,0
17.2172,95.0015,321.2,1.7,1.3,2026-04-21,909,Aqua,MODIS,65,61.03,305.1,15.5,D,0
17.2176,95.0969,323.3,1.7,1.3,2026-04-21,909,Aqua,MODIS,69,61.03,304.2,20.7,D,0
17.247,94.9661,322.2,1.7,1.3,2026-04-21,909,Aqua,MODIS,58,61.03,304.4,17,D,0
17.2868,94.8308,331.7,1.7,1.3,2026-04-21,909,Aqua,MODIS,81,61.03,303.4,44.4,D,0
17.2924,95.7133,329.4,1.9,1.4,2026-04-21,909,Aqua,MODIS,79,61.03,303.2,35.2,D,0
17.4339,95.7729,324.1,2,1.4,2026-04-21,909,Aqua,MODIS,0,61.03,303.9,16.2,D,0
17.4989,94.6761,320.7,1.6,1.3,2026-04-21,909,Aqua,MODIS,54,61.03,300.3,20.4,D,0
17.9455,94.585,356.9,1.6,1.3,2026-04-21,910,Aqua,MODIS,98,61.03,300.6,145.1,D,0
18.0303,94.5216,317.1,1.6,1.3,2026-04-21,910,Aqua,MODIS,27,61.03,300.6,14.5,D,0
18.0807,95.875,324.1,2.1,1.4,2026-04-21,910,Aqua,MODIS,61,61.03,305.9,23.7,D,0
18.0838,95.8692,323.8,2.1,1.4,2026-04-21,910,Aqua,MODIS,55,61.03,305.5,21.6,D,0
18.4339,94.4571,321.2,1.6,1.3,2026-04-21,910,Aqua,MODIS,63,61.03,301,21.4,D,0
18.617,96.2034,316.7,2.2,1.4,2026-04-21,910,Aqua,MODIS,48,61.03,299.4,16.3,D,0
19.068,93.8264,321.1,1.5,1.2,2026-04-21,910,Aqua,MODIS,56,61.03,303.3,12.7,D,0
19.1754,94.049,318.4,1.6,1.2,2026-04-21,910,Aqua,MODIS,0,61.03,301.6,13.7,D,0
19.2551,95.0168,326.1,1.8,1.3,2026-04-21,910,Aqua,MODIS,68,61.03,307.5,16.7,D,0
19.2907,94.0559,324.5,1.6,1.2,2026-04-21,910,Aqua,MODIS,0,61.03,300.1,25.4,D,0
19.3267,94.1691,318.4,1.6,1.2,2026-04-21,910,Aqua,MODIS,31,61.03,300.4,13.5,D,0
19.3862,94.1839,344.9,1.6,1.2,2026-04-21,910,Aqua,MODIS,91,61.03,300.5,88.5,D,0
19.511,94.0859,320.8,1.6,1.2,2026-04-21,910,Aqua,MODIS,57,61.03,299.8,20.1,D,0
19.5831,94.2957,334.2,1.6,1.3,2026-04-21,910,Aqua,MODIS,82,61.03,299.5,56.7,D,0
19.5979,94.0535,343.7,1.6,1.2,2026-04-21,910,Aqua,MODIS,90,61.03,301.8,81.4,D,0
19.5995,94.0668,339.5,1.6,1.2,2026-04-21,910,Aqua,MODIS,87,61.03,300.9,68.2,D,0
19.6032,94.0605,342.7,1.6,1.2,2026-04-21,910,Aqua,MODIS,89,61.03,302.3,78.3,D,0
19.61,94.1187,325.3,1.6,1.2,2026-04-21,910,Aqua,MODIS,70,61.03,300,31.1,D,0
19.6301,94.1014,332.9,1.6,1.2,2026-04-21,910,Aqua,MODIS,81,61.03,300.7,49.6,D,0
19.6568,94.8178,325.3,1.8,1.3,2026-04-21,910,Aqua,MODIS,70,61.03,305.5,20.4,D,0
19.7373,93.9637,318.8,1.6,1.2,2026-04-21,910,Aqua,MODIS,36,61.03,300.3,14.3,D,0
19.7445,93.933,333.3,1.6,1.2,2026-04-21,910,Aqua,MODIS,81,61.03,300.6,47.2,D,0
19.7463,93.9475,342.7,1.6,1.2,2026-04-21,910,Aqua,MODIS,89,61.03,300.1,74.7,D,0
19.8109,96.404,319,2.4,1.5,2026-04-21,910,Aqua,MODIS,54,61.03,302.6,27,D,0
19.8872,93.9589,338.2,1.6,1.2,2026-04-21,910,Aqua,MODIS,86,61.03,298.3,62,D,0
19.889,93.9744,343.3,1.6,1.2,2026-04-21,910,Aqua,MODIS,90,61.03,298.6,78.8,D,0
19.9231,94.0741,339.5,1.6,1.2,2026-04-21,910,Aqua,MODIS,87,61.03,296.8,68.9,D,0
19.9235,93.8963,319.2,1.6,1.2,2026-04-21,910,Aqua,MODIS,41,61.03,298.7,16.7,D,0
19.9375,94.0111,355.4,1.6,1.2,2026-04-21,910,Aqua,MODIS,97,61.03,299.4,128.5,D,0
19.9394,94.0264,356,1.6,1.2,2026-04-21,910,Aqua,MODIS,97,61.03,298.2,131.3,D,0
19.9612,94.0238,320.2,1.6,1.2,2026-04-21,910,Aqua,MODIS,52,61.03,298.5,19.6,D,0
20.0811,93.687,322.4,1.5,1.2,2026-04-21,910,Aqua,MODIS,61,61.03,297.9,23,D,0
20.0918,93.6859,321.9,1.5,1.2,2026-04-21,910,Aqua,MODIS,59,61.03,297.7,21.9,D,0
20.1452,93.6306,325.5,1.5,1.2,2026-04-21,910,Aqua,MODIS,69,61.03,298.8,27.2,D,0
20.1513,93.86,324.8,1.6,1.2,2026-04-21,910,Aqua,MODIS,68,61.03,297.5,30.7,D,0
20.2068,93.7786,324.8,1.5,1.2,2026-04-21,910,Aqua,MODIS,68,61.03,298.2,28,D,0
20.2086,93.7932,345.7,1.5,1.2,2026-04-21,910,Aqua,MODIS,91,61.03,299.2,86.1,D,0
20.2115,93.7868,339.2,1.5,1.2,2026-04-21,910,Aqua,MODIS,87,61.03,300.1,63.7,D,0
20.2133,93.8016,322.2,1.6,1.2,2026-04-21,910,Aqua,MODIS,58,61.03,298.1,21.6,D,0
20.4979,94.2834,320.5,1.7,1.3,2026-04-21,910,Aqua,MODIS,43,61.03,303.2,14.2,D,0
20.4996,94.2985,325.8,1.7,1.3,2026-04-21,910,Aqua,MODIS,71,61.03,303.9,24.6,D,0
20.6555,93.4772,318.9,1.5,1.2,2026-04-21,910,Aqua,MODIS,43,61.03,296.9,17,D,0
20.7425,93.4454,336.1,1.5,1.2,2026-04-21,910,Aqua,MODIS,84,61.03,297.4,52.6,D,0
20.7443,93.4598,324.5,1.5,1.2,2026-04-21,910,Aqua,MODIS,68,61.03,295,26.2,D,0
20.7532,93.4448,320.9,1.5,1.2,2026-04-21,910,Aqua,MODIS,51,61.03,294.9,18.4,D,0
20.8095,93.4665,323.9,1.5,1.2,2026-04-21,910,Aqua,MODIS,67,61.03,299.3,24.6,D,0
20.8168,93.4725,320.7,1.5,1.2,2026-04-21,910,Aqua,MODIS,51,61.03,298.3,18.4,D,0
21.0021,84.8027,330.2,1.5,1.2,2026-04-21,911,Aqua,MODIS,77,61.03,304.2,30,D,0
21.0576,84.7706,326.9,1.5,1.2,2026-04-21,911,Aqua,MODIS,65,61.03,306.8,19.9,D,0
21.0586,84.7143,323.7,1.5,1.2,2026-04-21,911,Aqua,MODIS,66,61.03,304.2,17.6,D,0
21.7698,92.249,317,1.3,1.1,2026-04-21,911,Aqua,MODIS,61,61.03,298.2,8.8,D,0
21.7707,92.1753,315.9,1.3,1.1,2026-04-21,911,Aqua,MODIS,57,61.03,298.2,7.8,D,0
21.971,79.0044,326.2,3.8,1.8,2026-04-21,911,Aqua,MODIS,69,61.03,309.9,49.3,D,0
21.9966,93.975,321.9,1.7,1.3,2026-04-21,911,Aqua,MODIS,66,61.03,304.7,14.8,D,0
22.0239,92.2484,316,1.3,1.1,2026-04-21,911,Aqua,MODIS,54,61.03,296.2,9.7,D,0
22.0587,92.7706,317.1,1.4,1.2,2026-04-21,911,Aqua,MODIS,61,61.03,298.7,11.9,D,0
22.0603,92.7836,315.4,1.4,1.2,2026-04-21,911,Aqua,MODIS,52,61.03,298.3,10.1,D,0
22.0648,93.2279,321.7,1.5,1.2,2026-04-21,911,Aqua,MODIS,65,61.03,297.5,22.6,D,0
22.069,92.769,343.9,1.4,1.2,2026-04-21,911,Aqua,MODIS,91,61.03,299.5,68.5,D,0
22.0706,92.7821,326.8,1.4,1.2,2026-04-21,911,Aqua,MODIS,73,61.03,297.3,27.5,D,0
22.0721,93.2349,326.9,1.5,1.2,2026-04-21,911,Aqua,MODIS,38,61.03,298.2,27.1,D,0
22.0756,93.228,339.9,1.5,1.2,2026-04-21,911,Aqua,MODIS,88,61.03,300.6,62.4,D,0
22.0792,92.7677,338.5,1.4,1.2,2026-04-21,911,Aqua,MODIS,88,61.03,299.2,53.5,D,0
22.0811,93.22,321.1,1.5,1.2,2026-04-21,911,Aqua,MODIS,59,61.03,299.9,19.8,D,0
22.0828,93.2346,323.1,1.5,1.2,2026-04-21,911,Aqua,MODIS,71,61.03,299.4,22.7,D,0
22.1639,93.2434,326.2,1.5,1.2,2026-04-21,911,Aqua,MODIS,72,61.03,298.5,30,D,0
22.1652,93.2544,326.1,1.5,1.2,2026-04-21,911,Aqua,MODIS,74,61.03,296.4,31.1,D,0
22.169,93.2348,327.2,1.5,1.2,2026-04-21,911,Aqua,MODIS,69,61.03,299.8,30.4,D,0
22.1705,93.2469,350.7,1.5,1.2,2026-04-21,911,Aqua,MODIS,95,61.03,301.9,102.6,D,0
22.173,93.2286,324.5,1.5,1.2,2026-04-21,911,Aqua,MODIS,74,61.03,299.9,26.5,D,0
22.1745,93.2418,369.6,1.5,1.2,2026-04-21,911,Aqua,MODIS,100,61.03,303.1,198.6,D,0
22.1759,93.2536,331.6,1.5,1.2,2026-04-21,911,Aqua,MODIS,82,61.03,296.7,43.7,D,0
22.2828,85.3554,320,1.3,1.1,2026-04-21,911,Aqua,MODIS,36,61.03,306.3,6.9,D,0
22.2917,92.1913,344.6,1.3,1.1,2026-04-21,911,Aqua,MODIS,92,61.03,298.9,62.1,D,0
22.3141,85.3611,325.9,1.3,1.1,2026-04-21,911,Aqua,MODIS,70,61.03,308.6,16.1,D,0
22.3143,79.7526,333.3,3.3,1.7,2026-04-21,911,Aqua,MODIS,72,61.03,309.5,85.6,D,0
22.3188,92.0695,326.9,1.3,1.1,2026-04-21,911,Aqua,MODIS,79,61.03,296.7,25.8,D,0
22.3203,92.0816,326.9,1.3,1.1,2026-04-21,911,Aqua,MODIS,79,61.03,296.5,25.8,D,0
22.3418,85.5278,324,1.3,1.1,2026-04-21,911,Aqua,MODIS,66,61.03,309.2,12.5,D,0
22.355,93.3426,321.5,1.5,1.2,2026-04-21,911,Aqua,MODIS,66,61.03,301.8,20,D,0
22.3579,93.3358,325.6,1.5,1.2,2026-04-21,911,Aqua,MODIS,73,61.03,302.3,28.5,D,0
22.3736,87.281,321.6,1.1,1,2026-04-21,911,Aqua,MODIS,53,61.03,308.7,9.8,D,2
22.4477,85.5501,338.5,1.3,1.1,2026-04-21,911,Aqua,MODIS,86,61.03,308.5,38.7,D,0
22.4501,85.5429,325.9,1.3,1.1,2026-04-21,911,Aqua,MODIS,70,61.03,308.6,15.5,D,0
22.4521,85.5546,326.3,1.3,1.1,2026-04-21,911,Aqua,MODIS,70,61.03,307.7,16,D,0
22.4731,85.502,320.1,1.3,1.1,2026-04-21,911,Aqua,MODIS,48,61.03,307.9,7.6,D,0
22.483,93.4287,319.3,1.6,1.2,2026-04-21,911,Aqua,MODIS,62,61.03,302.2,19.2,D,0
22.4846,93.4424,323.7,1.6,1.2,2026-04-21,911,Aqua,MODIS,71,61.03,302,29.1,D,0
22.5056,93.2511,319,1.5,1.2,2026-04-21,911,Aqua,MODIS,61,61.03,299.9,17.8,D,0
22.5143,92.1638,319.3,1.3,1.1,2026-04-21,911,Aqua,MODIS,69,61.03,296.4,12.6,D,0
22.5964,79.9066,331.3,3.1,1.7,2026-04-21,911,Aqua,MODIS,74,61.03,309.7,66.8,D,0
22.673,91.8829,315.6,1.3,1.1,2026-04-21,911,Aqua,MODIS,63,61.03,297.5,8.9,D,0
22.7229,93.4423,319.1,1.6,1.2,2026-04-21,911,Aqua,MODIS,55,61.03,295.3,22.2,D,0
22.729,93.3765,321.1,1.6,1.2,2026-04-21,911,Aqua,MODIS,53,61.03,298.4,23.1,D,0
22.7375,93.3815,340.1,1.6,1.2,2026-04-21,911,Aqua,MODIS,89,61.03,297.6,70.9,D,0
22.7378,93.3583,348.8,1.6,1.2,2026-04-21,911,Aqua,MODIS,94,61.03,297.8,100.8,D,0
22.7398,93.3757,344.4,1.6,1.2,2026-04-21,911,Aqua,MODIS,92,61.03,296.6,84.3,D,0
22.7421,93.3007,335.8,1.6,1.2,2026-04-21,911,Aqua,MODIS,86,61.03,302.9,57.8,D,0
22.7437,93.3141,369.7,1.6,1.2,2026-04-21,911,Aqua,MODIS,100,61.03,308,209.2,D,0
22.7452,93.3274,331.1,1.6,1.2,2026-04-21,911,Aqua,MODIS,82,61.03,297.1,45.3,D,0
22.7528,93.2988,336.5,1.6,1.2,2026-04-21,911,Aqua,MODIS,86,61.03,302,60.7,D,0
22.7544,93.3128,357.4,1.6,1.2,2026-04-21,911,Aqua,MODIS,98,61.03,303.2,141.3,D,0
22.7853,86.2048,326.8,1.1,1.1,2026-04-21,911,Aqua,MODIS,55,61.03,311.7,11.9,D,2
22.8067,92.3061,317.6,1.3,1.1,2026-04-21,911,Aqua,MODIS,62,61.03,298.8,10,D,0
22.8168,94.4491,338.7,1.9,1.3,2026-04-21,911,Aqua,MODIS,88,61.03,305.1,70.7,D,0
22.8189,94.4672,322.3,1.9,1.3,2026-04-21,911,Aqua,MODIS,70,61.03,304.4,14.4,D,0
22.821,93.3207,337.4,1.6,1.2,2026-04-21,911,Aqua,MODIS,87,61.03,299.6,63.4,D,0
22.8229,93.4265,343.3,1.6,1.2,2026-04-21,911,Aqua,MODIS,91,61.03,300.5,82.4,D,0
22.8245,93.4405,338.5,1.6,1.2,2026-04-21,911,Aqua,MODIS,88,61.03,299.2,67.5,D,0
22.825,93.3129,335.2,1.6,1.2,2026-04-21,911,Aqua,MODIS,85,61.03,299.5,56,D,0
22.8263,93.4193,315,1.6,1.2,2026-04-21,911,Aqua,MODIS,26,61.03,298.1,11.9,D,0
22.8269,93.3289,341.6,1.6,1.2,2026-04-21,911,Aqua,MODIS,90,61.03,298.8,76.3,D,0
22.8279,93.434,325.2,1.6,1.2,2026-04-21,911,Aqua,MODIS,75,61.03,299.9,32.7,D,0
22.8376,93.3269,322.2,1.6,1.2,2026-04-21,911,Aqua,MODIS,71,61.03,297.5,27.2,D,0
22.8403,92.4968,317.5,1.4,1.2,2026-04-21,911,Aqua,MODIS,63,61.03,297.2,11.4,D,0
22.8404,93.1649,328.7,1.5,1.2,2026-04-21,911,Aqua,MODIS,79,61.03,298.6,34.7,D,0
22.8421,93.1797,351.7,1.5,1.2,2026-04-21,911,Aqua,MODIS,96,61.03,300.8,108,D,0
22.8467,93.3115,328.8,1.6,1.2,2026-04-21,911,Aqua,MODIS,73,61.03,299,37.5,D,0
22.848,93.4169,332.5,1.6,1.2,2026-04-21,911,Aqua,MODIS,83,61.03,299.3,50.3,D,0
22.8484,93.3253,351.6,1.6,1.2,2026-04-21,911,Aqua,MODIS,96,61.03,300.3,113.6,D,0
22.8496,93.4306,345.6,1.6,1.2,2026-04-21,911,Aqua,MODIS,92,61.03,298.1,93.8,D,0
22.8529,93.1791,376.9,1.5,1.2,2026-04-21,911,Aqua,MODIS,100,61.03,303.4,248.4,D,0
22.8574,93.3094,347.4,1.6,1.2,2026-04-21,911,Aqua,MODIS,93,61.03,299.7,95.4,D,0
22.8582,93.1336,380.3,1.5,1.2,2026-04-21,911,Aqua,MODIS,100,61.03,306.4,269.4,D,0
22.8588,93.4147,315.6,1.6,1.2,2026-04-21,911,Aqua,MODIS,50,61.03,296.3,16.5,D,0
22.859,93.3229,373.8,1.6,1.2,2026-04-21,911,Aqua,MODIS,100,61.03,300.7,237.3,D,0
22.8598,93.1464,375.1,1.5,1.2,2026-04-21,911,Aqua,MODIS,100,61.03,301.3,230.8,D,0
22.8604,93.4282,328.6,1.6,1.2,2026-04-21,911,Aqua,MODIS,79,61.03,296,44,D,0
22.8682,93.3076,366.7,1.6,1.2,2026-04-21,911,Aqua,MODIS,100,61.03,299.9,192.4,D,0
22.869,93.1327,350.3,1.5,1.2,2026-04-21,911,Aqua,MODIS,95,61.03,302.6,99.8,D,0
22.8698,93.3214,381.7,1.6,1.2,2026-04-21,911,Aqua,MODIS,100,61.03,300.4,300.7,D,0
22.9627,93.1565,348.3,1.5,1.2,2026-04-21,911,Aqua,MODIS,94,61.03,302.2,92.8,D,0
22.9642,93.1689,372.8,1.5,1.2,2026-04-21,911,Aqua,MODIS,100,61.03,302.1,221.4,D,0
22.972,93.1435,355.7,1.5,1.2,2026-04-21,911,Aqua,MODIS,98,61.03,303.1,121.9,D,0
22.9731,93.2426,317.6,1.6,1.2,2026-04-21,911,Aqua,MODIS,61,61.03,299.2,17.5,D,0
22.9735,93.1555,380.5,1.5,1.2,2026-04-21,911,Aqua,MODIS,100,61.03,304.8,272.2,D,0
22.9749,93.1674,363.3,1.5,1.2,2026-04-21,911,Aqua,MODIS,100,61.03,301.9,164.3,D,0
22.9769,93.1353,338.4,1.5,1.2,2026-04-21,911,Aqua,MODIS,88,61.03,301.7,58.1,D,0
22.9786,93.1497,342.8,1.5,1.2,2026-04-21,911,Aqua,MODIS,91,61.03,297.2,70.2,D,0
22.98,93.1616,337.9,1.5,1.2,2026-04-21,911,Aqua,MODIS,88,61.03,299.5,60.8,D,0
22.9806,93.1249,328.6,1.5,1.2,2026-04-21,911,Aqua,MODIS,80,61.03,298.8,34.4,D,0
22.9813,93.1733,321,1.5,1.2,2026-04-21,911,Aqua,MODIS,53,61.03,296.1,22.7,D,0
22.982,94.6169,323.1,2,1.4,2026-04-21,911,Aqua,MODIS,52,61.03,303.3,19.1,D,0
22.9827,93.1418,369.3,1.5,1.2,2026-04-21,911,Aqua,MODIS,100,61.03,299.9,194.5,D,0
22.9876,93.134,364.3,1.5,1.2,2026-04-21,911,Aqua,MODIS,100,61.03,301.7,166.3,D,0
22.9906,93.1597,328,1.5,1.2,2026-04-21,911,Aqua,MODIS,52,61.03,296.7,33.4,D,0
22.9983,93.1331,316,1.5,1.2,2026-04-21,911,Aqua,MODIS,37,61.03,298.2,11.4,D,0
23.0343,93.3478,318.1,1.6,1.2,2026-04-21,911,Aqua,MODIS,63,61.03,297.4,17.6,D,0
23.0423,93.5135,325.9,1.6,1.3,2026-04-21,911,Aqua,MODIS,76,61.03,296.7,38.4,D,0
23.0697,92.3658,317.8,1.4,1.2,2026-04-21,911,Aqua,MODIS,57,61.03,295.5,12.6,D,0
23.0819,87.0707,323.7,1.1,1,2026-04-21,911,Aqua,MODIS,69,61.03,310.2,9.3,D,0
23.0957,93.4006,327.8,1.6,1.2,2026-04-21,911,Aqua,MODIS,78,61.03,300.6,35.4,D,0
23.0973,93.3945,326.1,1.6,1.2,2026-04-21,911,Aqua,MODIS,77,61.03,301.1,30.6,D,0
23.0991,93.4103,326.4,1.6,1.2,2026-04-21,911,Aqua,MODIS,77,61.03,299.1,32.4,D,0
23.1066,93.3999,329.6,1.6,1.2,2026-04-21,911,Aqua,MODIS,80,61.03,300.7,38.9,D,0
23.2504,84.3767,321,1.4,1.2,2026-04-21,911,Aqua,MODIS,27,61.03,307.5,9.3,D,0
23.2811,95.7424,325.3,2.4,1.5,2026-04-21,911,Aqua,MODIS,75,61.03,304.5,26.7,D,0
23.2825,95.7498,324.1,2.4,1.5,2026-04-21,911,Aqua,MODIS,61,61.03,304.5,21,D,0
23.3388,92.3211,314.2,1.4,1.2,2026-04-21,911,Aqua,MODIS,48,61.03,297,7.2,D,0
23.3395,92.3134,314.1,1.4,1.2,2026-04-21,911,Aqua,MODIS,28,61.03,297.1,7.9,D,0
23.367,92.3838,314,1.4,1.2,2026-04-21,911,Aqua,MODIS,59,61.03,295.9,8.3,D,0
23.4159,91.9439,317,1.3,1.1,2026-04-21,911,Aqua,MODIS,67,61.03,297.4,10.7,D,0
23.4397,92.0541,327.9,1.3,1.1,2026-04-21,911,Aqua,MODIS,81,61.03,296.5,28.5,D,0
23.4407,92.3128,319.1,1.4,1.2,2026-04-21,911,Aqua,MODIS,70,61.03,296.4,16.6,D,0
23.4423,92.3261,313.6,1.4,1.2,2026-04-21,911,Aqua,MODIS,58,61.03,296.5,9.1,D,0
23.4653,91.9364,314.1,1.3,1.1,2026-04-21,911,Aqua,MODIS,59,61.03,297,6.4,D,0
23.5011,84.2796,321.2,1.4,1.2,2026-04-21,911,Aqua,MODIS,55,61.03,305.6,13.6,D,0
23.5136,92.2361,317.7,1.4,1.2,2026-04-21,911,Aqua,MODIS,29,61.03,296.8,12.1,D,0
23.5303,92.2155,323.3,1.4,1.2,2026-04-21,911,Aqua,MODIS,73,61.03,297,21.1,D,0
23.6211,92.1174,339.9,1.3,1.1,2026-04-21,911,Aqua,MODIS,90,61.03,297.6,56.1,D,0
23.6226,92.1301,318.2,1.3,1.1,2026-04-21,911,Aqua,MODIS,68,61.03,296.6,14.4,D,0
23.6311,92.1159,317.9,1.3,1.1,2026-04-21,911,Aqua,MODIS,47,61.03,296.3,13.4,D,0
23.6326,92.1285,326.6,1.3,1.1,2026-04-21,911,Aqua,MODIS,79,61.03,296.3,27.9,D,0
23.6363,92.076,327.3,1.3,1.1,2026-04-21,911,Aqua,MODIS,80,61.03,296.8,27.9,D,0
23.6377,92.5138,311.4,1.4,1.2,2026-04-21,911,Aqua,MODIS,25,61.03,296,7.8,D,0
23.6669,92.2395,330.9,1.4,1.2,2026-04-21,911,Aqua,MODIS,83,61.03,295,36.8,D,0
23.676,91.8247,314.8,1.3,1.1,2026-04-21,911,Aqua,MODIS,62,61.03,295.9,8.5,D,0
23.6784,86.3927,327.6,1.1,1,2026-04-21,911,Aqua,MODIS,0,61.03,313.2,13.8,D,2
23.704,84.1939,321.2,1.4,1.2,2026-04-21,911,Aqua,MODIS,51,61.03,308.4,11.3,D,0
23.7377,92.1589,325.2,1.4,1.2,2026-04-21,911,Aqua,MODIS,49,61.03,296.4,22.7,D,0
23.7479,91.8197,314.6,1.3,1.1,2026-04-21,911,Aqua,MODIS,47,61.03,295.7,8.8,D,0
23.7503,92.2612,317.4,1.4,1.2,2026-04-21,911,Aqua,MODIS,67,61.03,295.2,14,D,0
23.7637,86.402,330.2,1.1,1,2026-04-21,911,Aqua,MODIS,63,61.03,313.5,12.4,D,2
23.7926,91.7758,357.1,1.3,1.1,2026-04-21,911,Aqua,MODIS,98,61.03,296.4,101.8,D,0
23.7941,91.7879,387.1,1.3,1.1,2026-04-21,911,Aqua,MODIS,100,61.03,298.2,255.4,D,0
23.8024,91.7743,315,1.3,1.1,2026-04-21,911,Aqua,MODIS,23,61.03,295.7,8.3,D,0
23.8039,91.7865,318.6,1.3,1.1,2026-04-21,911,Aqua,MODIS,62,61.03,296,13,D,0
23.8164,91.8848,313.5,1.3,1.1,2026-04-21,911,Aqua,MODIS,57,61.03,296.3,7.4,D,0
23.8173,96.3078,325.3,2.7,1.6,2026-04-21,911,Aqua,MODIS,67,61.03,303.1,35.2,D,0
23.8198,96.3332,325.6,2.7,1.6,2026-04-21,911,Aqua,MODIS,70,61.03,303.3,37.5,D,0
23.8207,92.1649,321.3,1.4,1.2,2026-04-21,911,Aqua,MODIS,73,61.03,294.9,19.5,D,0
23.8216,91.8463,315.9,1.3,1.1,2026-04-21,911,Aqua,MODIS,61,61.03,296,10.1,D,0
23.8336,96.3317,337.2,2.7,1.6,2026-04-21,911,Aqua,MODIS,87,61.03,303.6,106.2,D,0
23.8359,92.2043,312.9,1.4,1.2,2026-04-21,911,Aqua,MODIS,43,61.03,296.1,7.3,D,0
23.8474,96.3302,321.9,2.7,1.6,2026-04-21,911,Aqua,MODIS,44,61.03,303,25,D,0
23.8611,92.1595,312.7,1.4,1.2,2026-04-21,911,Aqua,MODIS,53,61.03,295.2,7.7,D,0
23.8749,92.1142,324,1.3,1.2,2026-04-21,911,Aqua,MODIS,63,61.03,296.1,21.5,D,0
23.8766,96.4837,320.8,2.8,1.6,2026-04-21,911,Aqua,MODIS,65,61.03,302.4,28.2,D,0
23.8792,96.5101,319.1,2.8,1.6,2026-04-21,911,Aqua,MODIS,50,61.03,301.3,22.4,D,0
23.8854,96.5014,324.2,2.8,1.6,2026-04-21,911,Aqua,MODIS,63,61.03,301.6,41.5,D,0
23.9066,92.1223,322.1,1.4,1.2,2026-04-21,911,Aqua,MODIS,50,61.03,295.8,18.5,D,0
23.9129,92.1741,313.4,1.4,1.2,2026-04-21,911,Aqua,MODIS,56,61.03,295.9,9,D,0
23.9145,92.1872,314.5,1.4,1.2,2026-04-21,911,Aqua,MODIS,60,61.03,295.6,10.1,D,0
23.9275,96.4973,320.8,2.8,1.6,2026-04-21,911,Aqua,MODIS,0,61.03,301.9,27.2,D,0
23.945,96.9976,319.5,3,1.7,2026-04-21,911,Aqua,MODIS,63,61.03,302.5,37.1,D,0
23.9984,96.7891,324.3,2.9,1.6,2026-04-21,911,Aqua,MODIS,58,61.03,300.6,56,D,0
24.0002,92.301,314.7,1.4,1.2,2026-04-21,911,Aqua,MODIS,60,61.03,296.2,12.5,D,0
24.0293,96.7813,322.3,2.9,1.6,2026-04-21,911,Aqua,MODIS,69,61.03,300.2,44.2,D,0
24.0419,92.1354,348.3,1.4,1.2,2026-04-21,911,Aqua,MODIS,94,61.03,297.3,75.4,D,0
24.0499,92.1287,327.7,1.4,1.2,2026-04-21,911,Aqua,MODIS,69,61.03,296.9,26.2,D,0
24.0515,92.1416,323.5,1.4,1.2,2026-04-21,911,Aqua,MODIS,57,61.03,296.9,19.5,D,0
24.0834,92.1502,314.1,1.4,1.2,2026-04-21,911,Aqua,MODIS,42,61.03,296.1,8.1,D,0
24.085,92.1632,316.1,1.4,1.2,2026-04-21,911,Aqua,MODIS,54,61.03,296.1,10.8,D,0
24.1068,92.1735,314.3,1.4,1.2,2026-04-21,911,Aqua,MODIS,32,61.03,294.1,9,D,0
24.1142,91.7278,316.3,1.3,1.1,2026-04-21,911,Aqua,MODIS,65,61.03,296.3,11.4,D,0
24.1557,92.2395,325.5,1.4,1.2,2026-04-21,911,Aqua,MODIS,78,61.03,296.9,27.1,D,0
24.1572,92.2461,352,1.4,1.2,2026-04-21,911,Aqua,MODIS,96,61.03,297.4,97.7,D,0
24.1572,92.2526,336.9,1.4,1.2,2026-04-21,911,Aqua,MODIS,88,61.03,296.7,51.5,D,0
24.1585,95.9398,316.8,2.5,1.5,2026-04-21,911,Aqua,MODIS,50,61.03,299.9,14.9,D,0
24.1588,92.259,313.8,1.4,1.2,2026-04-21,911,Aqua,MODIS,58,61.03,296,9.6,D,0
24.2,92.4372,323.8,1.4,1.2,2026-04-21,911,Aqua,MODIS,76,61.03,295.6,26.6,D,0
24.2309,92.4325,318.3,1.4,1.2,2026-04-21,911,Aqua,MODIS,69,61.03,295.6,17,D,0
24.2355,94.3879,323.1,2,1.4,2026-04-21,911,Aqua,MODIS,74,61.03,302.7,22.9,D,0
24.2475,92.0739,313.1,1.4,1.2,2026-04-21,911,Aqua,MODIS,58,61.03,296.8,8.7,D,0
24.268,92.4215,327.3,1.4,1.2,2026-04-21,911,Aqua,MODIS,80,61.03,295.8,32.4,D,0
24.2695,92.4341,315,1.4,1.2,2026-04-21,911,Aqua,MODIS,59,61.03,295.1,11.5,D,0
24.2723,92.4267,334.6,1.4,1.2,2026-04-21,911,Aqua,MODIS,86,61.03,295.9,48.1,D,0
24.3097,92.5973,313.7,1.5,1.2,2026-04-21,911,Aqua,MODIS,57,61.03,295.2,11.6,D,0
24.3179,94.4288,321.7,2,1.4,2026-04-21,911,Aqua,MODIS,73,61.03,304,22.3,D,0
24.3254,94.4334,330.4,2,1.4,2026-04-21,911,Aqua,MODIS,82,61.03,304.6,49.3,D,0
24.33,94.4272,321.5,2,1.4,2026-04-21,911,Aqua,MODIS,72,61.03,304.6,21.3,D,0
24.3475,88.4042,321.1,1,1,2026-04-21,911,Aqua,MODIS,43,61.03,305.8,5.3,D,0
24.3592,94.2493,333.1,1.9,1.4,2026-04-21,911,Aqua,MODIS,85,61.03,299.9,66.5,D,0
24.3611,94.2674,313.4,1.9,1.4,2026-04-21,911,Aqua,MODIS,44,61.03,298.4,11.3,D,0
24.4713,94.3198,321.9,2,1.4,2026-04-21,911,Aqua,MODIS,73,61.03,298.3,33.5,D,0
24.5042,94.3487,322.8,2,1.4,2026-04-21,911,Aqua,MODIS,74,61.03,299.2,34.4,D,0
24.5143,94.6853,319.8,2.1,1.4,2026-04-21,911,Aqua,MODIS,44,61.03,304.8,17.5,D,0
24.5437,94.8709,323.5,2.1,1.4,2026-04-21,911,Aqua,MODIS,75,61.03,305.3,25.7,D,0
24.545,94.8653,326.1,2.1,1.4,2026-04-21,911,Aqua,MODIS,78,61.03,305.4,34.2,D,0
24.5473,94.7877,320.9,2.1,1.4,2026-04-21,911,Aqua,MODIS,72,61.03,305.2,19.3,D,0
24.5491,94.7819,319.9,2.1,1.4,2026-04-21,911,Aqua,MODIS,70,61.03,305.2,16.9,D,0
24.5649,94.5758,317.5,2,1.4,2026-04-21,911,Aqua,MODIS,52,61.03,302.6,15.1,D,0
24.6644,94.8852,321.4,2.2,1.4,2026-04-21,911,Aqua,MODIS,71,61.03,303.8,23.4,D,0
24.7031,94.7509,318.2,2.1,1.4,2026-04-21,911,Aqua,MODIS,59,61.03,302.6,17.9,D,0
24.9612,95.5016,323.6,2.4,1.5,2026-04-21,911,Aqua,MODIS,76,61.03,299.4,45.8,D,0
23.3085,80.0747,321.6,2.9,1.6,2026-04-21,912,Aqua,MODIS,28,61.03,307.4,24.8,D,0
23.3124,80.0666,324.4,2.9,1.6,2026-04-21,912,Aqua,MODIS,59,61.03,308,39.4,D,0
23.4148,77.7884,329.4,4.3,1.9,2026-04-21,912,Aqua,MODIS,69,61.03,308.8,89.2,D,0
23.4198,77.7828,327.8,4.3,1.9,2026-04-21,912,Aqua,MODIS,63,61.03,309.3,72.1,D,0
23.4234,77.8275,330.1,4.3,1.9,2026-04-21,912,Aqua,MODIS,70,61.03,308.5,96.4,D,0
23.4287,77.822,330.6,4.3,1.9,2026-04-21,912,Aqua,MODIS,70,61.03,309.1,98,D,0
23.4734,81.1192,325.1,2.4,1.5,2026-04-21,912,Aqua,MODIS,62,61.03,311.9,23.4,D,0
23.5265,79.9156,324.2,3,1.6,2026-04-21,912,Aqua,MODIS,53,61.03,308.1,30.9,D,0
23.5301,78.271,326.8,3.9,1.8,2026-04-21,912,Aqua,MODIS,58,61.03,308.3,60.5,D,0
23.5328,77.669,328.1,4.3,1.9,2026-04-21,912,Aqua,MODIS,64,61.03,306.5,84,D,0
23.5378,77.6601,332.6,4.3,1.9,2026-04-21,912,Aqua,MODIS,74,61.03,306.7,133.1,D,0
23.5379,78.2733,328.9,3.9,1.8,2026-04-21,912,Aqua,MODIS,40,61.03,308.2,78.6,D,0
23.5477,77.5263,331.1,4.4,1.9,2026-04-21,912,Aqua,MODIS,62,61.03,307.4,113.7,D,0
23.5492,77.6646,327.9,4.3,1.9,2026-04-21,912,Aqua,MODIS,63,61.03,306.1,83.1,D,0
23.5513,77.4864,340.4,4.5,1.9,2026-04-21,912,Aqua,MODIS,80,61.03,308.1,237.1,D,0
23.5549,77.4813,329.8,4.5,1.9,2026-04-21,912,Aqua,MODIS,64,61.03,306.9,100,D,0
23.5604,77.5273,332.2,4.4,1.9,2026-04-21,912,Aqua,MODIS,69,61.03,307.7,128.6,D,0
23.5643,77.5222,326.4,4.4,1.9,2026-04-21,912,Aqua,MODIS,47,61.03,308,64.8,D,0
23.6196,79.919,332.9,3,1.6,2026-04-21,912,Aqua,MODIS,76,61.03,310.2,80.7,D,0
23.6232,79.911,330,3,1.6,2026-04-21,912,Aqua,MODIS,71,61.03,310.6,62.7,D,0
23.6315,78.5052,325.7,3.8,1.8,2026-04-21,912,Aqua,MODIS,42,61.03,306.3,49.6,D,0
23.6831,77.7416,335.3,4.3,1.9,2026-04-21,912,Aqua,MODIS,78,61.03,306.4,157.3,D,0
23.6904,79.8072,327.3,3,1.6,2026-04-21,912,Aqua,MODIS,60,61.03,311.3,42.4,D,0
23.6929,79.8018,326.2,3,1.6,2026-04-21,912,Aqua,MODIS,59,61.03,311.3,38.2,D,0
23.6987,79.8295,325.9,3,1.6,2026-04-21,912,Aqua,MODIS,58,61.03,310.9,35.3,D,0
23.7663,80.0115,326.9,2.9,1.6,2026-04-21,912,Aqua,MODIS,58,61.03,309.9,44.4,D,0
23.7915,78.8095,338.1,3.5,1.8,2026-04-21,912,Aqua,MODIS,67,61.03,311,148.1,D,0
23.8644,79.2256,334.2,3.3,1.7,2026-04-21,912,Aqua,MODIS,77,61.03,307.6,99.1,D,0
23.8801,83.789,324.9,1.5,1.2,2026-04-21,912,Aqua,MODIS,63,61.03,312.3,12.2,D,0
23.9275,81.8029,324,2.1,1.4,2026-04-21,912,Aqua,MODIS,45,61.03,309.5,24.7,D,0
24.006,77.2031,328.3,4.6,2,2026-04-21,912,Aqua,MODIS,62,61.03,307.5,86.8,D,0
24.0124,83.7336,331.5,1.5,1.2,2026-04-21,912,Aqua,MODIS,75,61.03,311.9,27.5,D,0
24.0153,77.2451,326.1,4.5,2,2026-04-21,912,Aqua,MODIS,47,61.03,307.9,63,D,0
24.0187,77.2361,328.3,4.5,2,2026-04-21,912,Aqua,MODIS,62,61.03,307.8,89.2,D,0
24.07,80.7845,326.1,2.5,1.5,2026-04-21,912,Aqua,MODIS,53,61.03,311.5,24.2,D,0
24.0906,85.2387,327.1,1.2,1.1,2026-04-21,912,Aqua,MODIS,66,61.03,309.6,14.8,D,0
24.1105,77.7194,328.8,4.2,1.9,2026-04-21,912,Aqua,MODIS,64,61.03,309.4,74.6,D,0
24.1202,77.7244,327,4.2,1.9,2026-04-21,912,Aqua,MODIS,51,61.03,309.7,55.6,D,0
24.1293,85.4096,324.1,1.2,1.1,2026-04-21,912,Aqua,MODIS,50,61.03,309.5,11.2,D,0
24.1311,80.9421,328.9,2.4,1.5,2026-04-21,912,Aqua,MODIS,67,61.03,312.3,36.2,D,0
24.1312,85.4211,333.5,1.2,1.1,2026-04-21,912,Aqua,MODIS,78,61.03,310.8,26.9,D,0
24.1329,80.9603,328,2.4,1.5,2026-04-21,912,Aqua,MODIS,64,61.03,313.8,35,D,0
24.21,84.4932,325.8,1.4,1.2,2026-04-21,912,Aqua,MODIS,61,61.03,313.3,10.4,D,0
24.2293,84.0239,336.7,1.5,1.2,2026-04-21,912,Aqua,MODIS,82,61.03,314,35.1,D,0
24.2306,84.0159,346.5,1.5,1.2,2026-04-21,912,Aqua,MODIS,91,61.03,315.4,66.1,D,0
24.233,84.0297,327.6,1.5,1.2,2026-04-21,912,Aqua,MODIS,49,61.03,314,14.9,D,0
24.2362,84.5877,327,1.3,1.1,2026-04-21,912,Aqua,MODIS,62,61.03,313.8,12.9,D,0
24.2373,84.5929,334.9,1.3,1.1,2026-04-21,912,Aqua,MODIS,79,61.03,313.5,27.9,D,0
24.2377,80.8807,341.2,2.4,1.5,2026-04-21,912,Aqua,MODIS,85,61.03,312.9,99,D,0
24.2384,84.6004,327.4,1.3,1.1,2026-04-21,912,Aqua,MODIS,65,61.03,312,13.6,D,0
24.2422,80.9032,339.7,2.4,1.5,2026-04-21,912,Aqua,MODIS,84,61.03,312.5,89.7,D,0
24.2607,83.9598,337.5,1.5,1.2,2026-04-21,912,Aqua,MODIS,83,61.03,313.6,39.4,D,0
24.3525,84.0765,330.8,1.4,1.2,2026-04-21,912,Aqua,MODIS,73,61.03,314.5,21.8,D,0
24.3792,85.1248,326,1.2,1.1,2026-04-21,912,Aqua,MODIS,59,61.03,311.8,10.2,D,0
24.47,87.4216,324.7,1,1,2026-04-21,912,Aqua,MODIS,64,61.03,310.1,9.1,D,0
24.5204,85.2927,332.8,1.2,1.1,2026-04-21,912,Aqua,MODIS,76,61.03,312.4,21.1,D,0
24.5441,85.8905,325.1,1.1,1.1,2026-04-21,912,Aqua,MODIS,54,61.03,312.2,8.2,D,0
24.5754,80.4526,331.7,2.6,1.5,2026-04-21,912,Aqua,MODIS,71,61.03,313.6,49.2,D,0
24.5804,80.4558,332.2,2.6,1.5,2026-04-21,912,Aqua,MODIS,72,61.03,313.7,51.7,D,0
24.6447,80.657,330.8,2.5,1.5,2026-04-21,912,Aqua,MODIS,69,61.03,313.9,45.4,D,0
24.6494,80.68,328.2,2.5,1.5,2026-04-21,912,Aqua,MODIS,61,61.03,313.3,33.1,D,0
24.6791,80.6244,325.3,2.5,1.5,2026-04-21,912,Aqua,MODIS,36,61.03,311.9,22.4,D,0
24.7086,83.8065,328.7,1.5,1.2,2026-04-21,912,Aqua,MODIS,67,61.03,315.2,14.8,D,0
24.7357,79.9822,327.3,2.8,1.6,2026-04-21,912,Aqua,MODIS,59,61.03,312.8,38.4,D,0
24.7409,80.0077,324.8,2.7,1.6,2026-04-21,912,Aqua,MODIS,31,61.03,311.1,26.4,D,0
24.7414,87.3829,324.8,1,1,2026-04-21,912,Aqua,MODIS,65,61.03,311.4,7.5,D,0
24.7502,87.3813,326.9,1,1,2026-04-21,912,Aqua,MODIS,70,61.03,311.6,10.1,D,0
24.7729,86.395,328.3,1.1,1,2026-04-21,912,Aqua,MODIS,68,61.03,312.1,11.6,D,0
24.7804,83.983,332.1,1.4,1.2,2026-04-21,912,Aqua,MODIS,62,61.03,313.9,22.5,D,0
24.781,83.9754,328.7,1.4,1.2,2026-04-21,912,Aqua,MODIS,46,61.03,313.2,16.4,D,0
24.7833,83.9888,333.6,1.4,1.2,2026-04-21,912,Aqua,MODIS,65,61.03,314.5,26.8,D,0
24.8344,81.0014,332.4,2.3,1.5,2026-04-21,912,Aqua,MODIS,73,61.03,314.8,46.3,D,0
24.8389,81.2874,327.9,2.2,1.4,2026-04-21,912,Aqua,MODIS,48,61.03,314.3,23,D,0
24.8495,81.2917,332.2,2.2,1.4,2026-04-21,912,Aqua,MODIS,72,61.03,315.3,40.4,D,0
24.8549,85.306,328.3,1.2,1.1,2026-04-21,912,Aqua,MODIS,68,61.03,309.7,13.5,D,0
24.9223,83.9024,335.4,1.4,1.2,2026-04-21,912,Aqua,MODIS,79,61.03,315.8,31.3,D,0
24.9343,87.6715,323.1,1,1,2026-04-21,912,Aqua,MODIS,63,61.03,311.6,7.3,D,0
24.9576,87.6476,324.5,1,1,2026-04-21,912,Aqua,MODIS,64,61.03,311.3,8,D,0
24.9692,87.6652,326.7,1,1,2026-04-21,912,Aqua,MODIS,52,61.03,311.1,10,D,0
24.9707,87.6748,322.7,1,1,2026-04-21,912,Aqua,MODIS,32,61.03,309.9,6.1,D,0
24.9774,86.9887,328.8,1,1,2026-04-21,912,Aqua,MODIS,73,61.03,310.6,12.7,D,0
24.978,85.7611,327.3,1.1,1.1,2026-04-21,912,Aqua,MODIS,67,61.03,312.5,10.8,D,0
24.9797,85.7719,326.6,1.1,1.1,2026-04-21,912,Aqua,MODIS,65,61.03,312.4,9.6,D,0
25.0041,87.6588,323.7,1,1,2026-04-21,912,Aqua,MODIS,65,61.03,309.4,8.3,D,0
25.0151,85.7147,330.1,1.1,1.1,2026-04-21,912,Aqua,MODIS,33,61.03,313.4,11.8,D,0
25.0243,85.7128,333.8,1.1,1.1,2026-04-21,912,Aqua,MODIS,78,61.03,314.3,18.5,D,0
25.0477,85.3479,334.4,1.2,1.1,2026-04-21,912,Aqua,MODIS,79,61.03,314,21.1,D,0
25.0526,84.1722,342,1.4,1.2,2026-04-21,912,Aqua,MODIS,87,61.03,315.8,47,D,0
25.0548,83.6606,334.6,1.5,1.2,2026-04-21,912,Aqua,MODIS,78,61.03,315.8,28,D,0
25.0558,86.3636,329.5,1.1,1,2026-04-21,912,Aqua,MODIS,72,61.03,310.1,17.3,D,0
25.057,85.404,328.6,1.2,1.1,2026-04-21,912,Aqua,MODIS,69,61.03,313.8,13.2,D,0
25.0574,86.3737,322.1,1.1,1,2026-04-21,912,Aqua,MODIS,41,61.03,310.3,7.5,D,0
25.0614,77.8724,327.3,3.8,1.8,2026-04-21,912,Aqua,MODIS,59,61.03,313.4,50.3,D,0
25.0753,85.9676,327,1.1,1,2026-04-21,912,Aqua,MODIS,66,61.03,312.4,9.7,D,0
25.077,85.9782,325.1,1.1,1,2026-04-21,912,Aqua,MODIS,60,61.03,311.7,7.3,D,0
25.0856,85.856,327.7,1.1,1.1,2026-04-21,912,Aqua,MODIS,67,61.03,313.2,10.8,D,0
25.0873,85.8666,332.7,1.1,1.1,2026-04-21,912,Aqua,MODIS,77,61.03,312.6,18.4,D,0
25.0893,87.6661,326,1,1,2026-04-21,912,Aqua,MODIS,70,61.03,309.9,11.4,D,0
25.1097,85.2829,332.5,1.2,1.1,2026-04-21,912,Aqua,MODIS,76,61.03,313.8,18.4,D,0
25.1116,85.2942,333.6,1.2,1.1,2026-04-21,912,Aqua,MODIS,78,61.03,313.5,20.1,D,0
25.1282,83.6085,328.5,1.5,1.2,2026-04-21,912,Aqua,MODIS,51,61.03,314.2,14.2,D,0
25.1331,87.5832,321.3,1,1,2026-04-21,912,Aqua,MODIS,57,61.03,309.1,6,D,0
25.1519,87.5897,322.3,1,1,2026-04-21,912,Aqua,MODIS,61,61.03,308.8,7,D,0
25.1546,83.8756,333.7,1.4,1.2,2026-04-21,912,Aqua,MODIS,76,61.03,315.8,22,D,0
25.1751,87.6249,322.9,1,1,2026-04-21,912,Aqua,MODIS,49,61.03,310.5,6.7,D,0
25.1766,87.6345,323.1,1,1,2026-04-21,912,Aqua,MODIS,60,61.03,310.5,6.8,D,0
25.178,87.6441,326.4,1,1,2026-04-21,912,Aqua,MODIS,71,61.03,310.8,10.2,D,0
25.1849,85.2674,326.9,1.2,1.1,2026-04-21,912,Aqua,MODIS,64,61.03,311.7,10,D,0
25.1991,85.3164,325.2,1.2,1.1,2026-04-21,912,Aqua,MODIS,59,61.03,311.4,8.4,D,0
25.1997,84.3089,327.7,1.3,1.1,2026-04-21,912,Aqua,MODIS,46,61.03,312.9,13,D,0
25.2003,83.8938,347.5,1.4,1.2,2026-04-21,912,Aqua,MODIS,91,61.03,315.7,62.8,D,0
25.2019,84.3217,326.8,1.3,1.1,2026-04-21,912,Aqua,MODIS,33,61.03,312.9,11.3,D,0
25.2326,83.8533,340.3,1.4,1.2,2026-04-21,912,Aqua,MODIS,85,61.03,312.9,41.2,D,0
25.2508,84.0628,327.8,1.4,1.2,2026-04-21,912,Aqua,MODIS,63,61.03,314,13,D,2
25.2511,83.7785,328.5,1.4,1.2,2026-04-21,912,Aqua,MODIS,65,61.03,315.1,12.4,D,0
25.2531,84.076,339.7,1.4,1.2,2026-04-21,912,Aqua,MODIS,84,61.03,314.1,40.3,D,0
25.2638,84.0273,330.6,1.4,1.2,2026-04-21,912,Aqua,MODIS,71,61.03,314.1,16.3,D,0
25.2811,84.1783,332.4,1.4,1.2,2026-04-21,912,Aqua,MODIS,56,61.03,312.8,21.2,D,0
25.2833,84.1912,331.6,1.4,1.2,2026-04-21,912,Aqua,MODIS,52,61.03,312.1,19.7,D,0
25.2979,84.1018,344.5,1.4,1.2,2026-04-21,912,Aqua,MODIS,89,61.03,314.7,51.1,D,0
25.3079,84.0997,334.6,1.4,1.2,2026-04-21,912,Aqua,MODIS,75,61.03,313.7,24.3,D,0
25.3216,85.5325,328.4,1.1,1.1,2026-04-21,912,Aqua,MODIS,70,61.03,313.1,12.1,D,0
25.3234,85.5435,332,1.1,1.1,2026-04-21,912,Aqua,MODIS,76,61.03,312.7,17.7,D,0
25.3413,84.0516,336.7,1.4,1.2,2026-04-21,912,Aqua,MODIS,81,61.03,315.9,31.2,D,0
25.3436,84.0647,333.9,1.4,1.2,2026-04-21,912,Aqua,MODIS,77,61.03,314.9,25.2,D,0
25.3439,83.44,334.3,1.5,1.2,2026-04-21,912,Aqua,MODIS,78,61.03,314.2,27.7,D,0
25.3449,83.7796,327,1.4,1.2,2026-04-21,912,Aqua,MODIS,61,61.03,314.3,13,D,0
25.3531,92.8997,323.6,1.6,1.2,2026-04-21,912,Aqua,MODIS,77,61.03,299.1,29.9,D,0
25.3569,83.5113,332.4,1.5,1.2,2026-04-21,912,Aqua,MODIS,55,61.03,314.6,21,D,0
25.3648,83.4948,334.4,1.5,1.2,2026-04-21,912,Aqua,MODIS,58,61.03,314.2,25.9,D,0
25.3783,88.3101,326.3,1,1,2026-04-21,912,Aqua,MODIS,75,61.03,310.2,12.6,D,0
25.3785,92.9288,315.7,1.6,1.2,2026-04-21,912,Aqua,MODIS,61,61.03,299.5,13.6,D,0
25.3797,88.3197,332,1,1,2026-04-21,912,Aqua,MODIS,82,61.03,310.4,20.1,D,0
25.3927,84.956,333.9,1.2,1.1,2026-04-21,912,Aqua,MODIS,78,61.03,313.6,22.9,D,0
25.3996,79.3718,329.9,2.9,1.6,2026-04-21,912,Aqua,MODIS,67,61.03,311.5,53.8,D,0
25.4034,79.3642,325.4,2.9,1.6,2026-04-21,912,Aqua,MODIS,43,61.03,311,31.7,D,0
25.4147,84.0561,333.9,1.4,1.2,2026-04-21,912,Aqua,MODIS,74,61.03,315.9,23.5,D,0
25.4303,84.5715,337.7,1.3,1.1,2026-04-21,912,Aqua,MODIS,83,61.03,315.6,31.9,D,0
25.4542,92.9928,324.3,1.6,1.3,2026-04-21,912,Aqua,MODIS,78,61.03,301.1,27.3,D,0
25.4693,78.6584,328.2,3.3,1.7,2026-04-21,912,Aqua,MODIS,63,61.03,312.9,55.1,D,0
25.4979,84.181,338.8,1.3,1.2,2026-04-21,912,Aqua,MODIS,84,61.03,314.9,35,D,0
25.5019,88.4438,318.6,1,1,2026-04-21,912,Aqua,MODIS,64,61.03,308.1,6.9,D,0
25.5034,84.1531,334.6,1.4,1.2,2026-04-21,912,Aqua,MODIS,79,61.03,315.6,26.2,D,0
25.5176,78.7379,328.8,3.2,1.7,2026-04-21,912,Aqua,MODIS,57,61.03,312,53.6,D,0
25.5181,78.7422,330.9,3.2,1.7,2026-04-21,912,Aqua,MODIS,53,61.03,312,68.7,D,0
25.5226,88.4006,328.1,1,1,2026-04-21,912,Aqua,MODIS,79,61.03,309.2,14.4,D,0
25.5245,84.2151,327.4,1.3,1.1,2026-04-21,912,Aqua,MODIS,67,61.03,314.7,12,D,0
25.5272,92.951,374.7,1.6,1.2,2026-04-21,912,Aqua,MODIS,100,61.03,304.8,248.8,D,0
25.5291,92.9668,352.5,1.6,1.3,2026-04-21,912,Aqua,MODIS,96,61.03,303.1,115.7,D,0
25.5294,93.0398,333.5,1.6,1.3,2026-04-21,912,Aqua,MODIS,86,61.03,300.6,48.3,D,0
25.5317,92.9595,375.7,1.6,1.3,2026-04-21,912,Aqua,MODIS,100,61.03,303.8,253.2,D,0
25.5365,93.0298,390.2,1.6,1.3,2026-04-21,912,Aqua,MODIS,100,61.03,304.2,386.6,D,0
25.5383,93.0455,378.6,1.6,1.3,2026-04-21,912,Aqua,MODIS,100,61.03,301.8,283.4,D,0
25.5404,93.0382,400.3,1.6,1.3,2026-04-21,912,Aqua,MODIS,100,61.03,303.6,503.8,D,0
25.5479,93.0054,328.2,1.6,1.3,2026-04-21,912,Aqua,MODIS,65,61.03,301.5,29.8,D,0
25.5518,92.941,365.2,1.6,1.2,2026-04-21,912,Aqua,MODIS,100,61.03,303.3,182.9,D,0
25.5536,92.9568,364.1,1.6,1.3,2026-04-21,912,Aqua,MODIS,100,61.03,302.1,174.6,D,0
25.554,92.8623,314.2,1.6,1.2,2026-04-21,912,Aqua,MODIS,63,61.03,300.8,10.2,D,0
25.5583,78.4246,330.3,3.4,1.7,2026-04-21,912,Aqua,MODIS,70,61.03,312.8,68.4,D,0
25.5601,78.4311,328.5,3.4,1.7,2026-04-21,912,Aqua,MODIS,65,61.03,312.6,55.2,D,0
25.5699,93.0025,322.9,1.6,1.3,2026-04-21,912,Aqua,MODIS,70,61.03,301,19.7,D,0
25.5737,92.9384,321.8,1.6,1.2,2026-04-21,912,Aqua,MODIS,59,61.03,301.2,19.5,D,0
25.5755,92.954,335.8,1.6,1.3,2026-04-21,912,Aqua,MODIS,87,61.03,301.3,53.5,D,0
25.5791,92.9853,329,1.6,1.3,2026-04-21,912,Aqua,MODIS,82,61.03,301.5,34.1,D,0
25.5809,93.0008,359.5,1.6,1.3,2026-04-21,912,Aqua,MODIS,99,61.03,302.9,152.7,D,0
25.584,93.1281,323.4,1.7,1.3,2026-04-21,912,Aqua,MODIS,51,61.03,298.4,26.1,D,0
25.5865,92.9527,330.3,1.6,1.3,2026-04-21,912,Aqua,MODIS,83,61.03,301.6,39.5,D,0
25.5951,93.1264,334.8,1.7,1.3,2026-04-21,912,Aqua,MODIS,80,61.03,298.9,55.7,D,0
25.5957,92.8407,314.5,1.6,1.2,2026-04-21,912,Aqua,MODIS,63,61.03,299.2,10.8,D,0
25.5969,93.1424,336.5,1.7,1.3,2026-04-21,912,Aqua,MODIS,81,61.03,298.4,60.1,D,0
25.5974,92.8347,318.2,1.6,1.2,2026-04-21,912,Aqua,MODIS,66,61.03,299.3,16.4,D,0
25.6228,93.1716,312.1,1.7,1.3,2026-04-21,912,Aqua,MODIS,56,61.03,297.6,10.9,D,0
25.6517,92.8273,317.5,1.6,1.2,2026-04-21,912,Aqua,MODIS,69,61.03,300.2,16.3,D,0
25.6535,92.8429,327.4,1.6,1.2,2026-04-21,912,Aqua,MODIS,81,61.03,300.7,36.6,D,0
25.6549,78.1529,332.1,3.6,1.8,2026-04-21,912,Aqua,MODIS,74,61.03,311.4,91.4,D,0
25.6645,92.7473,316.9,1.6,1.2,2026-04-21,912,Aqua,MODIS,68,61.03,299.9,16.2,D,0
25.6663,92.7628,312.5,1.6,1.2,2026-04-21,912,Aqua,MODIS,58,61.03,300,9,D,0
25.6664,78.1418,333.2,3.6,1.8,2026-04-21,912,Aqua,MODIS,76,61.03,310.9,99.2,D,0
25.6709,93.095,317.6,1.7,1.3,2026-04-21,912,Aqua,MODIS,69,61.03,299,16.7,D,0
25.6727,93.5321,314.6,1.8,1.3,2026-04-21,912,Aqua,MODIS,61,61.03,301.2,11.6,D,0
25.7402,92.6048,317.6,1.5,1.2,2026-04-21,912,Aqua,MODIS,69,61.03,300,15.5,D,0
25.7476,92.6675,318.5,1.6,1.2,2026-04-21,912,Aqua,MODIS,68,61.03,300.9,15.5,D,0
25.7493,92.6823,346.1,1.6,1.2,2026-04-21,912,Aqua,MODIS,93,61.03,302.2,89.4,D,0
25.7529,92.5287,312.9,1.5,1.2,2026-04-21,912,Aqua,MODIS,52,61.03,299.8,8.8,D,0
25.7564,85.1419,325.7,1.2,1.1,2026-04-21,912,Aqua,MODIS,66,61.03,311,11.9,D,0
25.7564,92.6497,316.2,1.6,1.2,2026-04-21,912,Aqua,MODIS,46,61.03,300.7,11.2,D,0
25.7581,92.537,312.8,1.5,1.2,2026-04-21,912,Aqua,MODIS,57,61.03,299.6,9.1,D,0
25.7639,85.1286,330.9,1.2,1.1,2026-04-21,912,Aqua,MODIS,76,61.03,310.8,19.2,D,0
25.7658,85.1399,331.3,1.2,1.1,2026-04-21,912,Aqua,MODIS,76,61.03,310,20,D,0
25.7663,93.5372,315.7,1.8,1.3,2026-04-21,912,Aqua,MODIS,52,61.03,298.9,15.5,D,0
25.7682,93.5546,320.8,1.8,1.3,2026-04-21,912,Aqua,MODIS,74,61.03,299.2,26,D,0
25.7813,78.518,325.8,3.3,1.7,2026-04-21,912,Aqua,MODIS,58,61.03,310.1,38.2,D,0
25.7822,78.5254,327.3,3.3,1.7,2026-04-21,912,Aqua,MODIS,63,61.03,310,46.8,D,0
25.7898,92.6249,317.6,1.5,1.2,2026-04-21,912,Aqua,MODIS,52,61.03,300.2,14.4,D,0
25.7987,92.6079,318.9,1.5,1.2,2026-04-21,912,Aqua,MODIS,60,61.03,299.2,17.3,D,0
25.8005,92.6233,328.4,1.5,1.2,2026-04-21,912,Aqua,MODIS,81,61.03,299.9,36.3,D,0
25.8827,93.2519,314.4,1.7,1.3,2026-04-21,912,Aqua,MODIS,58,61.03,297.6,12.3,D,0
25.9305,84.1099,327.3,1.3,1.1,2026-04-21,912,Aqua,MODIS,70,61.03,312.7,13.1,D,0
25.9429,84.4259,327.9,1.3,1.1,2026-04-21,912,Aqua,MODIS,71,61.03,312.8,15,D,0
25.9526,84.4238,333.3,1.3,1.1,2026-04-21,912,Aqua,MODIS,79,61.03,312.9,23.2,D,0
25.9906,92.403,314.4,1.5,1.2,2026-04-21,912,Aqua,MODIS,59,61.03,300.4,9.9,D,0
25.9963,92.2083,320,1.5,1.2,2026-04-21,912,Aqua,MODIS,71,61.03,301.1,18.1,D,0
26.0011,92.4011,336.9,1.5,1.2,2026-04-21,912,Aqua,MODIS,88,61.03,301.6,56.7,D,0
26.0212,79.6772,326.6,2.7,1.6,2026-04-21,912,Aqua,MODIS,60,61.03,312.5,32.1,D,0
26.0466,83.8905,333.3,1.4,1.2,2026-04-21,912,Aqua,MODIS,80,61.03,314,25.4,D,0
26.0489,83.9036,335.5,1.4,1.2,2026-04-21,912,Aqua,MODIS,82,61.03,313.5,30.5,D,0
26.0506,78.9148,335.7,3.1,1.7,2026-04-21,912,Aqua,MODIS,80,61.03,311.6,104.5,D,0
26.0528,78.9072,329.5,3.1,1.7,2026-04-21,912,Aqua,MODIS,71,61.03,311.6,63.3,D,0
26.2242,83.9613,333.9,1.4,1.2,2026-04-21,912,Aqua,MODIS,81,61.03,311.5,26.1,D,0
26.2319,83.9462,338.1,1.4,1.2,2026-04-21,912,Aqua,MODIS,85,61.03,312.5,34.6,D,0
26.2342,83.9591,361.2,1.4,1.2,2026-04-21,912,Aqua,MODIS,100,61.03,313.2,112.3,D,0
26.2364,83.9721,328.8,1.3,1.2,2026-04-21,912,Aqua,MODIS,74,61.03,311.3,16.1,D,0
26.2528,83.8875,328.6,1.4,1.2,2026-04-21,912,Aqua,MODIS,73,61.03,312.6,15.2,D,0
26.2541,83.8943,336.2,1.4,1.2,2026-04-21,912,Aqua,MODIS,83,61.03,313.3,30.7,D,0
26.2551,83.9005,347.5,1.4,1.2,2026-04-21,912,Aqua,MODIS,92,61.03,312.8,62.5,D,0
26.2564,83.9074,335.6,1.4,1.2,2026-04-21,912,Aqua,MODIS,82,61.03,311.1,29.4,D,0
26.288,80.6076,341,2.3,1.5,2026-04-21,912,Aqua,MODIS,86,61.03,310.9,95.8,D,0
26.2924,80.6292,341.3,2.3,1.5,2026-04-21,912,Aqua,MODIS,86,61.03,310.2,96.6,D,0
26.2926,80.634,333.7,2.3,1.5,2026-04-21,912,Aqua,MODIS,77,61.03,309.9,56.4,D,0
26.3692,83.9041,328.7,1.4,1.2,2026-04-21,912,Aqua,MODIS,73,61.03,313.1,14.8,D,0
26.3715,83.9171,326.6,1.4,1.2,2026-04-21,912,Aqua,MODIS,69,61.03,312.1,10.9,D,0
26.373,83.9837,331,1.3,1.1,2026-04-21,912,Aqua,MODIS,77,61.03,312.1,19.7,D,0
26.3806,83.9687,329.5,1.3,1.1,2026-04-21,912,Aqua,MODIS,75,61.03,312.2,15.8,D,0
26.3829,83.9816,335.2,1.3,1.1,2026-04-21,912,Aqua,MODIS,82,61.03,311.3,27.9,D,0
26.4248,83.749,329,1.4,1.2,2026-04-21,912,Aqua,MODIS,74,61.03,313.3,15.4,D,0
26.4581,83.878,326,1.4,1.2,2026-04-21,912,Aqua,MODIS,69,61.03,312.7,11.6,D,0
26.5192,83.9317,327,1.3,1.1,2026-04-21,912,Aqua,MODIS,65,61.03,312,12.1,D,0
26.547,83.7985,330,1.4,1.2,2026-04-21,912,Aqua,MODIS,76,61.03,312.6,17.5,D,0
26.5824,83.7633,333,1.4,1.2,2026-04-21,912,Aqua,MODIS,80,61.03,314,23.5,D,0
26.5924,83.7611,333.9,1.4,1.2,2026-04-21,912,Aqua,MODIS,73,61.03,313.8,24,D,0
26.6142,83.7087,333.7,1.4,1.2,2026-04-21,912,Aqua,MODIS,62,61.03,313.6,21.8,D,0
26.6166,83.7219,335.1,1.4,1.2,2026-04-21,912,Aqua,MODIS,63,61.03,313.1,24.3,D,0
26.6177,83.8442,327.6,1.4,1.2,2026-04-21,912,Aqua,MODIS,52,61.03,312.7,14.6,D,0
26.6183,83.8504,333,1.4,1.2,2026-04-21,912,Aqua,MODIS,70,61.03,312.5,24.1,D,0
26.629,83.7328,356.2,1.4,1.2,2026-04-21,912,Aqua,MODIS,98,61.03,315.1,91.6,D,0
26.6683,83.7787,326,1.4,1.2,2026-04-21,912,Aqua,MODIS,69,61.03,311.3,10.4,D,0
26.6706,83.7918,329.7,1.4,1.2,2026-04-21,912,Aqua,MODIS,76,61.03,311.4,17.1,D,0
26.6814,83.7349,339.8,1.4,1.2,2026-04-21,912,Aqua,MODIS,87,61.03,313.1,39.3,D,0
26.6894,83.7277,342.2,1.4,1.2,2026-04-21,912,Aqua,MODIS,89,61.03,314.6,45.8,D,0
26.6914,83.7326,352.4,1.4,1.2,2026-04-21,912,Aqua,MODIS,95,61.03,314.2,78.7,D,0
26.6917,83.7409,339.5,1.4,1.2,2026-04-21,912,Aqua,MODIS,87,61.03,312.2,38.4,D,0
26.7041,84.3529,344.3,1.3,1.1,2026-04-21,912,Aqua,MODIS,90,61.03,311.2,51.3,D,0
26.7063,84.346,325.9,1.3,1.1,2026-04-21,912,Aqua,MODIS,69,61.03,310.2,14.3,D,0
26.7085,84.3582,328.7,1.3,1.1,2026-04-21,912,Aqua,MODIS,74,61.03,309.9,19.1,D,0
26.7643,84.3335,324.6,1.3,1.1,2026-04-21,912,Aqua,MODIS,50,61.03,309.8,12.4,D,0
26.8231,84.0195,326.5,1.3,1.1,2026-04-21,912,Aqua,MODIS,71,61.03,311.5,13.4,D,0
26.8484,83.6856,327.1,1.4,1.2,2026-04-21,912,Aqua,MODIS,72,61.03,310.2,13.1,D,0
26.8507,83.6987,342.9,1.4,1.2,2026-04-21,912,Aqua,MODIS,89,61.03,311,50.1,D,0
26.8507,85.3532,323.8,1.1,1.1,2026-04-21,912,Aqua,MODIS,68,61.03,311.4,9.6,D,0
26.853,83.7119,325.7,1.4,1.2,2026-04-21,912,Aqua,MODIS,57,61.03,310.5,10.5,D,0
27.1164,85.1548,322.8,1.1,1.1,2026-04-21,912,Aqua,MODIS,69,61.03,308.7,11.2,D,0
27.1182,85.1659,324.8,1.1,1.1,2026-04-21,912,Aqua,MODIS,73,61.03,308.5,13.6,D,0
27.1219,83.7159,324.1,1.3,1.2,2026-04-21,912,Aqua,MODIS,67,61.03,311.2,10.9,D,0
27.1238,85.1593,325.5,1.1,1.1,2026-04-21,912,Aqua,MODIS,74,61.03,308.6,15.5,D,0
27.1284,83.4598,361.2,1.4,1.2,2026-04-21,912,Aqua,MODIS,100,61.03,311.5,121.6,D,0
27.1311,85.2031,320.9,1.1,1.1,2026-04-21,912,Aqua,MODIS,67,61.03,309.1,9.3,D,0
27.1361,83.444,321.8,1.4,1.2,2026-04-21,912,Aqua,MODIS,33,61.03,309,9,D,0
27.1415,84.189,324,1.3,1.1,2026-04-21,912,Aqua,MODIS,69,61.03,310.8,11,D,0
27.154,83.7222,325.3,1.3,1.1,2026-04-21,912,Aqua,MODIS,57,61.03,310.3,12.2,D,0
27.1558,83.7287,327.2,1.3,1.1,2026-04-21,912,Aqua,MODIS,69,61.03,309.6,16.4,D,0
27.1696,83.8061,326.9,1.3,1.1,2026-04-21,912,Aqua,MODIS,75,61.03,309.6,18,D,0
27.1696,83.8128,334,1.3,1.1,2026-04-21,912,Aqua,MODIS,82,61.03,309.3,30.9,D,0
27.1719,83.8189,322.2,1.3,1.1,2026-04-21,912,Aqua,MODIS,66,61.03,308.7,10.3,D,0
27.1867,85.0201,322.5,1.1,1.1,2026-04-21,912,Aqua,MODIS,69,61.03,308.2,11.1,D,0
27.1885,85.0313,320.8,1.1,1.1,2026-04-21,912,Aqua,MODIS,66,61.03,308,9,D,0
27.1978,83.7328,326.1,1.3,1.1,2026-04-21,912,Aqua,MODIS,73,61.03,310.4,14.7,D,0
27.2352,84.9223,324.3,1.2,1.1,2026-04-21,912,Aqua,MODIS,66,61.03,309.4,11.7,D,0
27.2479,83.9603,357.3,1.3,1.1,2026-04-21,912,Aqua,MODIS,98,61.03,310.6,95.4,D,0
27.2651,84.7222,326.9,1.2,1.1,2026-04-21,912,Aqua,MODIS,76,61.03,308.7,16.2,D,0
27.267,84.7337,321.7,1.2,1.1,2026-04-21,912,Aqua,MODIS,68,61.03,308.1,9.5,D,0
27.2975,84.8574,325.2,1.2,1.1,2026-04-21,912,Aqua,MODIS,74,61.03,308.7,13.1,D,0
27.2994,84.8687,333.2,1.2,1.1,2026-04-21,912,Aqua,MODIS,83,61.03,308.7,26.1,D,0
27.3037,84.5145,325.4,1.2,1.1,2026-04-21,912,Aqua,MODIS,75,61.03,311.3,12.2,D,0
27.3068,84.8554,334.3,1.2,1.1,2026-04-21,912,Aqua,MODIS,84,61.03,309.9,27.7,D,0
27.3074,83.5942,328.2,1.4,1.2,2026-04-21,912,Aqua,MODIS,77,61.03,308.6,22.9,D,0
27.3087,84.8668,354.9,1.2,1.1,2026-04-21,912,Aqua,MODIS,97,61.03,310.5,76.7,D,0
27.3097,83.6073,331.2,1.4,1.2,2026-04-21,912,Aqua,MODIS,80,61.03,308,28,D,0
27.3152,84.5243,323.8,1.2,1.1,2026-04-21,912,Aqua,MODIS,66,61.03,311.4,9.9,D,0
27.3154,84.1772,319.6,1.3,1.1,2026-04-21,912,Aqua,MODIS,61,61.03,308.1,8.7,D,0
27.3169,83.5305,327.6,1.4,1.2,2026-04-21,912,Aqua,MODIS,72,61.03,308.1,20.7,D,0
27.318,83.7139,328.2,1.3,1.1,2026-04-21,912,Aqua,MODIS,71,61.03,311.7,17,D,0
27.318,84.8648,339,1.2,1.1,2026-04-21,912,Aqua,MODIS,88,61.03,308.4,38.7,D,0
27.3193,83.5438,324.4,1.4,1.2,2026-04-21,912,Aqua,MODIS,72,61.03,307.9,16.5,D,0
27.3276,84.424,320.8,1.2,1.1,2026-04-21,912,Aqua,MODIS,66,61.03,309.3,9.9,D,0
27.3281,84.4851,322.1,1.2,1.1,2026-04-21,912,Aqua,MODIS,66,61.03,310.1,9,D,0
27.3333,84.2236,325.2,1.3,1.1,2026-04-21,912,Aqua,MODIS,69,61.03,310.5,14.8,D,0
27.3353,84.2358,330.9,1.3,1.1,2026-04-21,912,Aqua,MODIS,80,61.03,309.6,24.3,D,0
27.337,84.23,328.4,1.3,1.1,2026-04-21,912,Aqua,MODIS,78,61.03,310.5,21,D,0
27.3464,83.5788,322.1,1.4,1.2,2026-04-21,912,Aqua,MODIS,28,61.03,307.9,12.1,D,0
27.351,83.6051,325.7,1.4,1.2,2026-04-21,912,Aqua,MODIS,46,61.03,309.6,16.3,D,0
27.3534,83.6182,353.9,1.4,1.2,2026-04-21,912,Aqua,MODIS,97,61.03,312.5,89.3,D,0
27.3557,83.6313,343.4,1.4,1.2,2026-04-21,912,Aqua,MODIS,91,61.03,310.3,54.7,D,0
27.3578,84.6603,330.3,1.2,1.1,2026-04-21,912,Aqua,MODIS,35,61.03,308.4,18.9,D,0
27.3598,84.6718,332.3,1.2,1.1,2026-04-21,912,Aqua,MODIS,53,61.03,307.6,21.4,D,0
27.3617,84.6833,333.7,1.2,1.1,2026-04-21,912,Aqua,MODIS,59,61.03,307.8,24.1,D,0
27.3653,84.0459,323.3,1.3,1.1,2026-04-21,912,Aqua,MODIS,71,61.03,309.3,14.7,D,0
27.3653,84.6468,330.2,1.2,1.1,2026-04-21,912,Aqua,MODIS,64,61.03,308.6,20.2,D,0
27.3863,83.5699,323.8,1.4,1.2,2026-04-21,912,Aqua,MODIS,41,61.03,309.4,11.4,D,0
27.3916,84.6295,321.6,1.2,1.1,2026-04-21,912,Aqua,MODIS,47,61.03,306.5,10.6,D,0
27.3974,84.6643,324.7,1.2,1.1,2026-04-21,912,Aqua,MODIS,33,61.03,306.6,14.5,D,0
27.405,84.7102,326.5,1.2,1.1,2026-04-21,912,Aqua,MODIS,77,61.03,308.1,19.3,D,0
27.4062,84.5732,317.7,1.2,1.1,2026-04-21,912,Aqua,MODIS,50,61.03,306.4,7.3,D,0
27.4099,84.3646,320,1.2,1.1,2026-04-21,912,Aqua,MODIS,33,61.03,308,8.4,D,0
27.4191,84.5343,332.3,1.2,1.1,2026-04-21,912,Aqua,MODIS,83,61.03,307.4,29.4,D,0
27.4547,84.8013,314.2,1.2,1.1,2026-04-21,912,Aqua,MODIS,49,61.03,304,6.9,D,0
27.4876,84.6514,316.8,1.2,1.1,2026-04-21,912,Aqua,MODIS,58,61.03,305.5,8.9,D,0
27.5002,84.2878,346.7,1.2,1.1,2026-04-21,912,Aqua,MODIS,93,61.03,311.5,59.3,D,0
27.5023,84.2999,342.9,1.2,1.1,2026-04-21,912,Aqua,MODIS,91,61.03,309.5,48.5,D,0
27.5098,84.2858,337.8,1.2,1.1,2026-04-21,912,Aqua,MODIS,87,61.03,308.9,38.6,D,0
27.5118,84.2979,321.3,1.2,1.1,2026-04-21,912,Aqua,MODIS,34,61.03,308.3,9.4,D,0
27.5205,84.4074,321.5,1.2,1.1,2026-04-21,912,Aqua,MODIS,68,61.03,306.3,12.3,D,0
27.5225,84.4192,321.5,1.2,1.1,2026-04-21,912,Aqua,MODIS,64,61.03,306.2,12.5,D,0
27.526,84.3815,338,1.2,1.1,2026-04-21,912,Aqua,MODIS,80,61.03,307.7,36.5,D,0
27.532,84.4169,356,1.2,1.1,2026-04-21,912,Aqua,MODIS,98,61.03,307.2,86.8,D,0
26.4379,77.3226,325,3.9,1.8,2026-04-21,913,Aqua,MODIS,37,61.03,310.3,47.6,D,0
26.4465,77.3128,330.3,3.9,1.8,2026-04-21,913,Aqua,MODIS,74,61.03,310.3,94,D,0
26.8161,79.2167,326.7,2.8,1.6,2026-04-21,913,Aqua,MODIS,66,61.03,309.7,41.4,D,0
27.3382,83.1373,332.6,1.4,1.2,2026-04-21,913,Aqua,MODIS,81,61.03,313.4,26.1,D,0
27.394,83.5543,336.2,1.4,1.2,2026-04-21,913,Aqua,MODIS,85,61.03,310.6,36,D,0
27.3963,83.5675,326.5,1.4,1.2,2026-04-21,913,Aqua,MODIS,65,61.03,309.6,15.1,D,0
27.4385,83.4001,330,1.4,1.2,2026-04-21,913,Aqua,MODIS,79,61.03,314.3,21.5,D,0
27.4892,83.8633,323.3,1.3,1.1,2026-04-21,913,Aqua,MODIS,53,61.03,313.1,11.5,D,0
27.518,83.5554,325.7,1.4,1.2,2026-04-21,913,Aqua,MODIS,75,61.03,314.9,12.2,D,0
27.5315,84.3555,340.7,1.2,1.1,2026-04-21,913,Aqua,MODIS,89,61.03,310.1,42,D,0
27.5335,84.3674,376.5,1.2,1.1,2026-04-21,913,Aqua,MODIS,100,61.03,312.3,168.4,D,0
27.5355,84.3792,338.2,1.2,1.1,2026-04-21,913,Aqua,MODIS,62,61.03,307.7,35.6,D,0
27.5375,84.3911,331.5,1.2,1.1,2026-04-21,913,Aqua,MODIS,27,61.03,307.7,23.8,D,0
27.5395,84.4029,338.2,1.2,1.1,2026-04-21,913,Aqua,MODIS,88,61.03,307.2,38.7,D,0
27.5524,83.876,322.2,1.3,1.1,2026-04-21,913,Aqua,MODIS,56,61.03,310.4,12.7,D,0
27.5533,83.8694,321.8,1.3,1.1,2026-04-21,913,Aqua,MODIS,36,61.03,309.9,10.7,D,0
27.5707,84.3905,327.2,1.2,1.1,2026-04-21,913,Aqua,MODIS,78,61.03,308.7,19.7,D,0
27.5727,84.4023,317.9,1.2,1.1,2026-04-21,913,Aqua,MODIS,54,61.03,307.8,7.2,D,0
27.5936,83.925,343.6,1.3,1.1,2026-04-21,913,Aqua,MODIS,91,61.03,314.1,52,D,0
27.5945,83.8725,325.1,1.3,1.1,2026-04-21,913,Aqua,MODIS,37,61.03,312.7,13.8,D,0
27.5957,83.9375,404.3,1.3,1.1,2026-04-21,913,Aqua,MODIS,100,61.03,321.3,384.4,D,0
27.5968,83.8853,324.3,1.3,1.1,2026-04-21,913,Aqua,MODIS,43,61.03,310.6,11.8,D,0
27.5979,83.9499,391.2,1.3,1.1,2026-04-21,913,Aqua,MODIS,100,61.03,315.7,277.3,D,0
27.6055,83.9354,379,1.3,1.1,2026-04-21,913,Aqua,MODIS,100,61.03,314.3,196.6,D,0
27.6076,83.9478,355,1.3,1.1,2026-04-21,913,Aqua,MODIS,97,61.03,310.2,88.2,D,0
27.6109,83.9084,334.8,1.3,1.1,2026-04-21,913,Aqua,MODIS,85,61.03,310.6,31.1,D,0
27.6115,83.0412,337.8,1.5,1.2,2026-04-21,913,Aqua,MODIS,88,61.03,314.5,44.3,D,0
27.6131,83.9209,332.4,1.3,1.1,2026-04-21,913,Aqua,MODIS,83,61.03,309.9,27.2,D,0
27.614,83.0552,322.1,1.4,1.2,2026-04-21,913,Aqua,MODIS,28,61.03,311.3,9.4,D,0
27.6283,83.8918,322.2,1.3,1.1,2026-04-21,913,Aqua,MODIS,20,61.03,308.6,10.2,D,0
27.6317,84.2593,328.7,1.2,1.1,2026-04-21,913,Aqua,MODIS,80,61.03,309.4,22.3,D,0
27.6493,82.7428,324.1,1.5,1.2,2026-04-21,913,Aqua,MODIS,73,61.03,311.2,12.6,D,0
27.6614,82.5698,327.2,1.6,1.2,2026-04-21,913,Aqua,MODIS,53,61.03,311.9,19.8,D,0
27.6652,82.7696,323.3,1.5,1.2,2026-04-21,913,Aqua,MODIS,73,61.03,311.3,12.4,D,0
27.6684,82.4255,331.8,1.6,1.2,2026-04-21,913,Aqua,MODIS,82,61.03,313.7,30.8,D,0
27.6714,82.4181,330.9,1.6,1.2,2026-04-21,913,Aqua,MODIS,81,61.03,313.6,30.3,D,0
27.6743,82.4335,340.5,1.6,1.2,2026-04-21,913,Aqua,MODIS,89,61.03,313.5,58.4,D,0
27.6769,83.6386,328.8,1.3,1.1,2026-04-21,913,Aqua,MODIS,80,61.03,306.3,26.2,D,0
27.6826,82.565,327.6,1.6,1.2,2026-04-21,913,Aqua,MODIS,73,61.03,312.5,20.9,D,0
27.6865,82.9448,324.3,1.5,1.2,2026-04-21,913,Aqua,MODIS,71,61.03,308.9,16.6,D,0
27.7072,82.94,328.4,1.5,1.2,2026-04-21,913,Aqua,MODIS,46,61.03,309.6,23.1,D,0
27.7085,82.3773,328.9,1.6,1.2,2026-04-21,913,Aqua,MODIS,78,61.03,312.4,26.1,D,0
27.7097,82.8949,324.7,1.5,1.2,2026-04-21,913,Aqua,MODIS,59,61.03,309.8,17.7,D,0
27.7175,82.9377,327.2,1.5,1.2,2026-04-21,913,Aqua,MODIS,62,61.03,309.6,21.7,D,0
27.7231,84.022,316.4,1.3,1.1,2026-04-21,913,Aqua,MODIS,63,61.03,305,9.2,D,0
27.728,82.8159,332,1.5,1.2,2026-04-21,913,Aqua,MODIS,83,61.03,310.6,32.8,D,0
27.7334,82.8086,321.5,1.5,1.2,2026-04-21,913,Aqua,MODIS,62,61.03,310.1,13.6,D,0
27.7361,82.8229,327.2,1.5,1.2,2026-04-21,913,Aqua,MODIS,79,61.03,311,24.9,D,0
27.7458,82.3805,327,1.6,1.2,2026-04-21,913,Aqua,MODIS,32,61.03,312.1,23.2,D,0
27.7462,82.7011,321,1.5,1.2,2026-04-21,913,Aqua,MODIS,67,61.03,308.3,14.7,D,0
27.7515,82.368,333.6,1.6,1.2,2026-04-21,913,Aqua,MODIS,84,61.03,312.6,38.7,D,0
27.7516,85.6427,319.1,1.1,1,2026-04-21,913,Aqua,MODIS,73,61.03,304.3,9.8,D,0
27.7812,83.7595,314.5,1.3,1.1,2026-04-21,913,Aqua,MODIS,55,61.03,301.4,10.4,D,0
27.8154,82.3333,319.2,1.6,1.2,2026-04-21,913,Aqua,MODIS,66,61.03,307.4,14.3,D,0
27.8213,82.4262,320.5,1.6,1.2,2026-04-21,913,Aqua,MODIS,57,61.03,309.6,10.8,D,0
27.8261,82.1903,322.8,1.6,1.3,2026-04-21,913,Aqua,MODIS,73,61.03,310.6,18.4,D,0
27.8401,82.8254,320,1.5,1.2,2026-04-21,913,Aqua,MODIS,68,61.03,307.9,12.1,D,0
27.8404,83.0406,314.5,1.4,1.2,2026-04-21,913,Aqua,MODIS,58,61.03,303.5,11,D,0
27.8693,82.9835,323.2,1.4,1.2,2026-04-21,913,Aqua,MODIS,76,61.03,304.4,22.6,D,0
27.8811,82.6326,323.5,1.5,1.2,2026-04-21,913,Aqua,MODIS,69,61.03,307.7,19.3,D,0
27.8892,82.7976,322.8,1.5,1.2,2026-04-21,913,Aqua,MODIS,64,61.03,308.5,17,D,0
27.8918,82.8119,321.6,1.5,1.2,2026-04-21,913,Aqua,MODIS,73,61.03,308.4,14.6,D,0
27.9022,82.8099,320.5,1.5,1.2,2026-04-21,913,Aqua,MODIS,48,61.03,307.5,12.7,D,0
27.9064,82.1842,317.4,1.6,1.3,2026-04-21,913,Aqua,MODIS,31,61.03,306.1,10.1,D,0
27.9172,82.1815,320.6,1.6,1.3,2026-04-21,913,Aqua,MODIS,64,61.03,306.6,16.4,D,0
27.9228,82.6479,321.8,1.5,1.2,2026-04-21,913,Aqua,MODIS,73,61.03,306.7,19.2,D,0
27.9285,82.0608,326.4,1.7,1.3,2026-04-21,913,Aqua,MODIS,78,61.03,308.8,26.9,D,0
27.9336,82.647,317.3,1.5,1.2,2026-04-21,913,Aqua,MODIS,25,61.03,305,10.2,D,0
27.9347,82.2741,325.2,1.6,1.2,2026-04-21,913,Aqua,MODIS,77,61.03,309.1,21.3,D,0
27.9542,81.9529,323.2,1.7,1.3,2026-04-21,913,Aqua,MODIS,70,61.03,308.7,18.5,D,0
27.9722,82.0505,323.1,1.7,1.3,2026-04-21,913,Aqua,MODIS,74,61.03,308.7,21.9,D,0
28.0039,82.2032,321.1,1.6,1.3,2026-04-21,913,Aqua,MODIS,72,61.03,309.2,15.8,D,0
28.0083,82.3082,320.2,1.6,1.2,2026-04-21,913,Aqua,MODIS,70,61.03,308,13.2,D,0
28.0091,82.0513,321.9,1.7,1.3,2026-04-21,913,Aqua,MODIS,60,61.03,309.4,15.6,D,0
28.0488,82.8876,319.7,1.5,1.2,2026-04-21,913,Aqua,MODIS,67,61.03,304.1,16.1,D,0
28.0515,82.9026,324.9,1.5,1.2,2026-04-21,913,Aqua,MODIS,79,61.03,302.8,25.6,D,0
28.0519,81.2999,329.2,1.9,1.3,2026-04-21,913,Aqua,MODIS,80,61.03,310.7,38.2,D,0
28.0742,82.611,324.2,1.5,1.2,2026-04-21,913,Aqua,MODIS,77,61.03,302.9,27.6,D,0
28.0787,82.049,318.7,1.6,1.3,2026-04-21,913,Aqua,MODIS,26,61.03,306.5,12.3,D,0
28.0792,82.6034,318.3,1.5,1.2,2026-04-21,913,Aqua,MODIS,60,61.03,302.3,17.1,D,0
28.0794,81.4419,326.4,1.8,1.3,2026-04-21,913,Aqua,MODIS,64,61.03,309.2,25.1,D,0
28.0817,82.6168,316.7,1.5,1.2,2026-04-21,913,Aqua,MODIS,49,61.03,302.7,14,D,0
28.0828,81.4595,330.8,1.8,1.3,2026-04-21,913,Aqua,MODIS,81,61.03,308.5,37.3,D,0
28.0833,82.0132,322.2,1.7,1.3,2026-04-21,913,Aqua,MODIS,58,61.03,307.5,18.8,D,0
28.0888,83.2728,324.3,1.4,1.2,2026-04-21,913,Aqua,MODIS,78,61.03,302.1,25.5,D,0
28.0908,81.4391,325.7,1.8,1.3,2026-04-21,913,Aqua,MODIS,46,61.03,310.6,21.8,D,0
28.0912,83.2867,312.9,1.4,1.2,2026-04-21,913,Aqua,MODIS,23,61.03,301,8.4,D,0
28.0941,81.4567,329.3,1.8,1.3,2026-04-21,913,Aqua,MODIS,80,61.03,309.2,32.4,D,0
28.1065,83.2049,319.3,1.4,1.2,2026-04-21,913,Aqua,MODIS,73,61.03,303.9,16.6,D,0
28.1225,81.9172,326.3,1.7,1.3,2026-04-21,913,Aqua,MODIS,78,61.03,309.3,27.9,D,0
28.2124,81.9586,320.2,1.7,1.3,2026-04-21,913,Aqua,MODIS,54,61.03,308,16.4,D,0
28.2241,82.1428,319.3,1.6,1.3,2026-04-21,913,Aqua,MODIS,41,61.03,303.2,18.6,D,0
28.2447,79.9949,321.9,2.3,1.5,2026-04-21,913,Aqua,MODIS,66,61.03,308,19.5,D,0
28.291,82.3234,314.1,1.6,1.2,2026-04-21,913,Aqua,MODIS,61,61.03,301.6,13.4,D,0
28.2939,81.6474,323.5,1.7,1.3,2026-04-21,913,Aqua,MODIS,74,61.03,309.8,20.2,D,0
28.3338,79.7766,322,2.3,1.5,2026-04-21,913,Aqua,MODIS,67,61.03,309.8,21.8,D,0
28.3553,81.4844,332.8,1.8,1.3,2026-04-21,913,Aqua,MODIS,84,61.03,311.7,44.9,D,0
28.3711,81.444,332.9,1.8,1.3,2026-04-21,913,Aqua,MODIS,84,61.03,310.6,45.5,D,0
28.3897,81.602,324.9,1.7,1.3,2026-04-21,913,Aqua,MODIS,60,61.03,308.7,24,D,0
28.4441,81.766,325.8,1.7,1.3,2026-04-21,913,Aqua,MODIS,71,61.03,308.1,24.6,D,0
28.455,81.7628,326.9,1.7,1.3,2026-04-21,913,Aqua,MODIS,70,61.03,308.5,26.9,D,0
28.4756,81.934,314.5,1.6,1.3,2026-04-21,913,Aqua,MODIS,27,61.03,302.3,12.1,D,0
28.494,82.0929,318.9,1.6,1.2,2026-04-21,913,Aqua,MODIS,51,61.03,305.5,16.5,D,0
28.5137,81.9556,318,1.6,1.3,2026-04-21,913,Aqua,MODIS,47,61.03,306.4,15.9,D,0
28.526,81.7035,327.6,1.7,1.3,2026-04-21,913,Aqua,MODIS,80,61.03,308,32.4,D,0
28.5282,81.413,316.9,1.8,1.3,2026-04-21,913,Aqua,MODIS,42,61.03,305,14.5,D,0
28.5292,81.7201,321.5,1.7,1.3,2026-04-21,913,Aqua,MODIS,43,61.03,307.2,18.1,D,0
28.5387,80.5828,320.9,2,1.4,2026-04-21,913,Aqua,MODIS,56,61.03,306.2,24.3,D,0
28.5439,80.889,328.4,1.9,1.4,2026-04-21,913,Aqua,MODIS,80,61.03,310.8,36,D,0
28.5625,80.5765,317.3,2,1.4,2026-04-21,913,Aqua,MODIS,22,61.03,304.5,14.7,D,0
28.5693,80.8579,328.3,1.9,1.4,2026-04-21,913,Aqua,MODIS,79,61.03,309.3,36.4,D,0
28.5753,80.8612,323.7,1.9,1.4,2026-04-21,913,Aqua,MODIS,74,61.03,308.1,24.3,D,0
28.5784,82.162,322.2,1.6,1.2,2026-04-21,913,Aqua,MODIS,67,61.03,305.5,20.9,D,0
28.5795,82.2269,315.8,1.6,1.2,2026-04-21,913,Aqua,MODIS,35,61.03,303.7,12.5,D,0
28.5811,82.1765,320.3,1.6,1.2,2026-04-21,913,Aqua,MODIS,64,61.03,305.9,17.6,D,0
28.5841,82.1924,320.7,1.6,1.2,2026-04-21,913,Aqua,MODIS,27,61.03,305.6,17.3,D,0
28.6075,82.1387,320.3,1.6,1.2,2026-04-21,913,Aqua,MODIS,74,61.03,305.3,16.7,D,0
28.6081,80.8677,332,1.9,1.4,2026-04-21,913,Aqua,MODIS,83,61.03,308.5,51.6,D,0
28.6118,80.8864,336.2,1.9,1.4,2026-04-21,913,Aqua,MODIS,86,61.03,307.9,66.8,D,0
28.6118,82.0408,322.7,1.6,1.2,2026-04-21,913,Aqua,MODIS,64,61.03,304.7,19.7,D,0
28.6149,82.0576,321.1,1.6,1.2,2026-04-21,913,Aqua,MODIS,51,61.03,303.8,16.8,D,0
28.6168,82.0519,323.8,1.6,1.2,2026-04-21,913,Aqua,MODIS,48,61.03,303.7,20,D,0
28.6713,81.3102,317.8,1.8,1.3,2026-04-21,913,Aqua,MODIS,56,61.03,304.8,16.5,D,0
28.6742,81.315,317.1,1.8,1.3,2026-04-21,913,Aqua,MODIS,38,61.03,304.3,14.9,D,0
28.7158,81.7206,319.1,1.7,1.3,2026-04-21,913,Aqua,MODIS,68,61.03,301.2,21.7,D,0
28.7212,81.9889,311.9,1.6,1.3,2026-04-21,913,Aqua,MODIS,37,61.03,300.7,7.8,D,0
28.8327,81.5361,315.8,1.7,1.3,2026-04-21,913,Aqua,MODIS,60,61.03,304.5,13.9,D,0
28.8499,81.0855,320.8,1.8,1.3,2026-04-21,913,Aqua,MODIS,64,61.03,307.4,21.9,D,0
28.8562,76.9384,325.4,3.6,1.8,2026-04-21,913,Aqua,MODIS,74,61.03,305.1,63.7,D,0
28.8606,76.9412,328,3.6,1.8,2026-04-21,913,Aqua,MODIS,78,61.03,305.7,83.4,D,0
28.8712,81.4947,319,1.7,1.3,2026-04-21,913,Aqua,MODIS,48,61.03,302.7,16.6,D,0
28.882,81.4902,322.8,1.7,1.3,2026-04-21,913,Aqua,MODIS,75,61.03,303,24.6,D,0
28.8838,81.5006,322.1,1.7,1.3,2026-04-21,913,Aqua,MODIS,28,61.03,303.8,21.2,D,0
28.9518,81.4308,321.3,1.7,1.3,2026-04-21,913,Aqua,MODIS,73,61.03,303.7,24.9,D,0
28.9716,82.6023,312.9,1.5,1.2,2026-04-21,913,Aqua,MODIS,48,61.03,294.8,15.9,D,0
29.099,81.2238,313.3,1.8,1.3,2026-04-21,913,Aqua,MODIS,48,61.03,300.6,14.4,D,0
29.1453,76.2879,329.1,3.9,1.8,2026-04-21,913,Aqua,MODIS,79,61.03,302.9,103.9,D,0
29.2055,76.7385,326.1,3.6,1.8,2026-04-21,913,Aqua,MODIS,76,61.03,305.3,66.5,D,0
29.2159,76.7317,325.7,3.6,1.8,2026-04-21,913,Aqua,MODIS,76,61.03,305.5,63.2,D,0
29.631,79.9964,318.2,2.1,1.4,2026-04-21,913,Aqua,MODIS,59,61.03,302.8,29.1,D,0
29.6344,79.9891,318.9,2.1,1.4,2026-04-21,913,Aqua,MODIS,67,61.03,302.3,32.1,D,0
29.6825,78.449,318,2.7,1.6,2026-04-21,913,Aqua,MODIS,66,61.03,305.6,21.2,D,0
29.8742,79.6676,323.5,2.2,1.4,2026-04-21,913,Aqua,MODIS,76,61.03,300.2,51.1,D,0
31.0086,74.9456,322.4,4.3,1.9,2026-04-21,914,Aqua,MODIS,77,61.03,305.6,62.9,D,0
31.0202,74.946,321.5,4.3,1.9,2026-04-21,914,Aqua,MODIS,76,61.03,305.3,55.4,D,0
19.5588,71.3502,316.1,2.2,1.4,2026-04-21,1048,Aqua,MODIS,65,61.03,297.1,32.8,D,3
19.5608,71.3423,313.7,2.2,1.4,2026-04-21,1048,Aqua,MODIS,59,61.03,297.1,28.8,D,3
19.5631,71.3626,311.5,2.2,1.4,2026-04-21,1048,Aqua,MODIS,49,61.03,297,23.8,D,3
20.8128,73.5342,322.6,3.4,1.7,2026-04-21,1049,Aqua,MODIS,49,61.03,303.7,43.3,D,0
21.5107,71.0743,334.1,2.2,1.5,2026-04-21,1049,Aqua,MODIS,77,61.03,313,43.4,D,0
21.512,71.067,330.6,2.2,1.5,2026-04-21,1049,Aqua,MODIS,70,61.03,313,27.1,D,0
22.3277,72.3187,350.4,2.9,1.6,2026-04-21,1049,Aqua,MODIS,93,61.03,308.9,215.5,D,0
22.8188,69.7085,325.5,1.9,1.3,2026-04-21,1049,Aqua,MODIS,39,61.03,313.4,20.1,D,0
23.6492,68.5614,335.4,1.6,1.2,2026-04-21,1050,Aqua,MODIS,81,61.03,311.8,43.7,D,0
23.6801,69.4452,347.9,1.8,1.3,2026-04-21,1050,Aqua,MODIS,92,61.03,318.8,85.7,D,0
23.7162,69.4686,333.5,1.8,1.3,2026-04-21,1050,Aqua,MODIS,70,61.03,315.2,38.6,D,0
17.1468,95.9661,307.9,2.4,1.5,2026-04-21,1353,Terra,MODIS,66,61.03,297.2,17.9,N,0
18.0182,95.8092,313.1,2.3,1.5,2026-04-21,1353,Terra,MODIS,84,61.03,298.1,27.8,N,0
19.1333,95.2387,311.7,2.5,1.5,2026-04-21,1354,Terra,MODIS,80,61.03,298.5,23.5,N,0
19.3663,96.9807,305.7,1.8,1.3,2026-04-21,1354,Terra,MODIS,57,61.03,292,15.7,N,0
19.3667,96.9921,325.7,1.8,1.3,2026-04-21,1354,Terra,MODIS,100,61.03,292.3,55,N,0
19.3693,96.9991,324,1.8,1.3,2026-04-21,1354,Terra,MODIS,100,61.03,292,51.2,N,0
19.8076,93.9446,304.4,3,1.6,2026-04-21,1354,Terra,MODIS,37,61.03,293,19.5,N,0
19.8179,96.9151,312.6,1.8,1.3,2026-04-21,1354,Terra,MODIS,82,61.03,294.1,24,N,0
19.8218,93.9417,303.6,3,1.6,2026-04-21,1354,Terra,MODIS,11,61.03,292.8,16.9,N,0
19.8273,96.9078,317.9,1.8,1.3,2026-04-21,1354,Terra,MODIS,95,61.03,293.8,34.9,N,0
19.8291,96.912,314.4,1.8,1.3,2026-04-21,1354,Terra,MODIS,87,61.03,294.3,27.4,N,0
19.8298,96.9223,307.3,1.8,1.3,2026-04-21,1354,Terra,MODIS,63,61.03,294.9,14.8,N,0
19.8452,94.0419,312,2.9,1.6,2026-04-21,1354,Terra,MODIS,80,61.03,292.9,44.2,N,0
19.8508,94.0183,307,2.9,1.6,2026-04-21,1354,Terra,MODIS,59,61.03,292.8,27.3,N,0
19.8557,94.0449,317,2.9,1.6,2026-04-21,1354,Terra,MODIS,93,61.03,292.9,63.7,N,0
19.8593,94.0391,310.8,2.9,1.6,2026-04-21,1354,Terra,MODIS,76,61.03,292.7,40.3,N,0
20.0785,93.6705,307.8,3.1,1.7,2026-04-21,1354,Terra,MODIS,62,61.03,292.1,32.4,N,0
20.0837,93.6983,306.4,3.1,1.7,2026-04-21,1354,Terra,MODIS,53,61.03,292.2,28,N,0
20.0853,93.692,310.2,3.1,1.7,2026-04-21,1354,Terra,MODIS,73,61.03,292.1,41.9,N,0
20.1417,96.7082,303.1,1.8,1.3,2026-04-21,1354,Terra,MODIS,40,61.03,291.3,12.2,N,0
20.1503,96.7009,302.2,1.8,1.3,2026-04-21,1354,Terra,MODIS,7,61.03,291.1,10.5,N,0
20.2062,93.7796,306,3,1.7,2026-04-21,1354,Terra,MODIS,37,61.03,292.2,29.5,N,0
24.0832,96.3738,309.8,1.6,1.2,2026-04-21,1355,Terra,MODIS,77,61.03,296.4,11.8,N,0
24.0838,96.3958,310.3,1.6,1.2,2026-04-21,1355,Terra,MODIS,69,61.03,296.4,11.4,N,0
24.0885,96.4042,311.4,1.6,1.2,2026-04-21,1355,Terra,MODIS,81,61.03,296.5,13.1,N,0
24.0895,96.363,305.8,1.6,1.2,2026-04-21,1355,Terra,MODIS,55,61.03,295.7,6.8,N,0
24.0921,96.3783,309.9,1.6,1.2,2026-04-21,1355,Terra,MODIS,78,61.03,296.5,11.9,N,0
24.1072,96.447,308.4,1.6,1.2,2026-04-21,1355,Terra,MODIS,72,61.03,297.4,9.3,N,0
24.7972,94.3407,303.3,2.2,1.4,2026-04-21,1355,Terra,MODIS,45,61.03,292.4,14.5,N,0
11.1851,76.5513,300.7,1.3,1.1,2026-04-21,1530,Terra,MODIS,26,61.03,284.9,7.1,N,0
11.4701,76.6037,302.7,1.2,1.1,2026-04-21,1530,Terra,MODIS,46,61.03,288.5,8,N,0
11.4781,76.5913,300.9,1.2,1.1,2026-04-21,1530,Terra,MODIS,35,61.03,288,6.7,N,0
11.4938,76.7922,325.5,1.2,1.1,2026-04-21,1530,Terra,MODIS,100,61.03,282,32.3,N,0
11.4954,76.8029,318.8,1.2,1.1,2026-04-21,1530,Terra,MODIS,97,61.03,281.3,23.4,N,0
13.2504,79.8985,328.9,1,1,2026-04-21,1530,Terra,MODIS,100,61.03,293.2,25.7,N,0
13.2517,79.9076,318.1,1,1,2026-04-21,1530,Terra,MODIS,96,61.03,293.2,13.9,N,0
13.4477,78.7719,305.5,1,1,2026-04-21,1531,Terra,MODIS,44,61.03,286.4,6.2,N,0
13.5096,78.4903,305.4,1,1,2026-04-21,1531,Terra,MODIS,60,61.03,292.9,5,N,0
13.5109,78.4993,312.9,1,1,2026-04-21,1531,Terra,MODIS,85,61.03,293.7,10.4,N,0
13.5157,78.3419,307.3,1,1,2026-04-21,1531,Terra,MODIS,69,61.03,295,5.6,N,0
13.6773,78.37,307.7,1,1,2026-04-21,1531,Terra,MODIS,66,61.03,295.4,5.3,N,0
13.8186,79.4583,305.6,1,1,2026-04-21,1531,Terra,MODIS,53,61.03,294,3.7,N,0
14.3782,79.11,311.5,1,1,2026-04-21,1531,Terra,MODIS,71,61.03,301.3,5.2,N,0
14.3857,79.0997,311.9,1,1,2026-04-21,1531,Terra,MODIS,73,61.03,301.8,4.9,N,0
14.3869,79.1087,314.6,1,1,2026-04-21,1531,Terra,MODIS,84,61.03,301.8,7.1,N,0
14.4168,78.9148,309.9,1,1,2026-04-21,1531,Terra,MODIS,61,61.03,298.1,4.5,N,0
14.4243,78.9046,311.7,1,1,2026-04-21,1531,Terra,MODIS,72,61.03,299,5.5,N,0
14.4912,78.9801,311.9,1,1,2026-04-21,1531,Terra,MODIS,68,61.03,299.5,5.2,N,0
14.5,78.9788,310.8,1,1,2026-04-21,1531,Terra,MODIS,53,61.03,299,4.4,N,0
14.5012,78.9878,311.5,1,1,2026-04-21,1531,Terra,MODIS,70,61.03,300,5.3,N,0
14.5734,78.9069,310,1,1,2026-04-21,1531,Terra,MODIS,46,61.03,299.2,5.2,N,0
14.5809,78.8966,312.6,1,1,2026-04-21,1531,Terra,MODIS,66,61.03,298.5,6.6,N,0
14.5821,78.9056,314.8,1,1,2026-04-21,1531,Terra,MODIS,84,61.03,299.2,8.6,N,0
14.5909,78.9043,312.5,1,1,2026-04-21,1531,Terra,MODIS,75,61.03,298.3,6.8,N,0
14.6109,78.9197,321.1,1,1,2026-04-21,1531,Terra,MODIS,100,61.03,299.5,14.3,N,0
14.6133,78.9377,311.3,1,1,2026-04-21,1531,Terra,MODIS,50,61.03,299.4,5.5,N,0
14.6221,78.9364,318.1,1,1,2026-04-21,1531,Terra,MODIS,94,61.03,300.6,10.9,N,0
15.0251,78.7722,316.5,1,1,2026-04-21,1531,Terra,MODIS,90,61.03,300.2,9.8,N,0
15.0263,78.7813,313,1,1,2026-04-21,1531,Terra,MODIS,79,61.03,300.3,7,N,0
16.0048,80.3923,313.2,1.1,1,2026-04-21,1531,Terra,MODIS,84,61.03,298,9.3,N,0
17.5553,81.5223,309.5,1.3,1.1,2026-04-21,1532,Terra,MODIS,29,61.03,297.4,6.6,N,0
17.5667,81.5326,309.4,1.3,1.1,2026-04-21,1532,Terra,MODIS,28,61.03,297.3,7.2,N,0
17.6007,81.5569,306.3,1.3,1.1,2026-04-21,1532,Terra,MODIS,61,61.03,295.4,5.8,N,0
17.7959,81.656,309.2,1.3,1.1,2026-04-21,1532,Terra,MODIS,75,61.03,297.6,7.9,N,0
17.8469,81.8246,313.3,1.4,1.2,2026-04-21,1532,Terra,MODIS,86,61.03,293.7,16.8,N,0
17.8484,81.8365,320.1,1.4,1.2,2026-04-21,1532,Terra,MODIS,100,61.03,293,26.9,N,0
17.8716,80.683,310.2,1.2,1.1,2026-04-21,1532,Terra,MODIS,75,61.03,297,6,N,0
17.8812,80.682,308.9,1.2,1.1,2026-04-21,1532,Terra,MODIS,70,61.03,297.2,5,N,0
17.8943,81.8006,304.7,1.4,1.2,2026-04-21,1532,Terra,MODIS,38,61.03,292.4,5.7,N,0
18.3046,81.3036,309.1,1.3,1.1,2026-04-21,1532,Terra,MODIS,76,61.03,287.6,9.3,N,0
18.5063,81.2042,309.7,1.3,1.1,2026-04-21,1532,Terra,MODIS,78,61.03,293.4,8.4,N,0
18.6211,81.1461,309.3,1.3,1.1,2026-04-21,1532,Terra,MODIS,77,61.03,294.9,7.4,N,0
20.0943,75.9852,306.9,1.1,1,2026-04-21,1532,Terra,MODIS,59,61.03,296.1,5.4,N,0
21.1012,72.6331,313,1.6,1.2,2026-04-21,1533,Terra,MODIS,82,61.03,298.6,16.2,N,2
21.1064,72.641,321.5,1.6,1.2,2026-04-21,1533,Terra,MODIS,100,61.03,299.6,30.8,N,2
21.2075,79.3416,307.8,1.1,1,2026-04-21,1533,Terra,MODIS,68,61.03,297.1,4.6,N,0
21.2166,79.3402,314.6,1.1,1,2026-04-21,1533,Terra,MODIS,88,61.03,297,10.4,N,0
21.2232,79.3182,314.6,1.1,1,2026-04-21,1533,Terra,MODIS,88,61.03,297.2,10.7,N,0
21.2284,79.4336,319.5,1.1,1.1,2026-04-21,1533,Terra,MODIS,99,61.03,294.6,16.8,N,0
21.2297,79.4441,307.6,1.1,1.1,2026-04-21,1533,Terra,MODIS,66,61.03,292.2,5.8,N,0
21.235,79.4859,314,1.1,1.1,2026-04-21,1533,Terra,MODIS,87,61.03,295.1,11.5,N,0
21.2363,79.4218,318.3,1.1,1.1,2026-04-21,1533,Terra,MODIS,96,61.03,296.3,14.9,N,0
21.2376,79.4323,321.1,1.1,1.1,2026-04-21,1533,Terra,MODIS,100,61.03,296.3,18.3,N,0
21.2442,79.4845,309.2,1.1,1.1,2026-04-21,1533,Terra,MODIS,73,61.03,294.6,7.5,N,0
21.2667,79.4386,334.5,1.1,1.1,2026-04-21,1533,Terra,MODIS,100,61.03,298.7,37.5,N,0
21.2731,79.4319,325.9,1.1,1.1,2026-04-21,1533,Terra,MODIS,100,61.03,297.1,24.9,N,0
21.2743,79.4424,321.3,1.1,1.1,2026-04-21,1533,Terra,MODIS,100,61.03,298.3,19.1,N,0
21.3114,79.2889,308.5,1.1,1,2026-04-21,1533,Terra,MODIS,71,61.03,297.7,6.8,N,0
21.3412,74.9883,311.6,1.1,1.1,2026-04-21,1533,Terra,MODIS,71,61.03,301.5,6.1,N,0
21.3428,74.999,319.7,1.1,1.1,2026-04-21,1533,Terra,MODIS,99,61.03,301.6,14.3,N,0
21.4328,80.6879,309.8,1.3,1.1,2026-04-21,1533,Terra,MODIS,72,61.03,296.4,8.5,N,0
21.4342,80.6999,312,1.3,1.1,2026-04-21,1533,Terra,MODIS,80,61.03,296.5,10.7,N,0
21.7513,83.8395,312.4,2.2,1.4,2026-04-21,1533,Terra,MODIS,83,61.03,296.8,23.1,N,0
21.7521,83.8339,309.8,2.2,1.4,2026-04-21,1533,Terra,MODIS,68,61.03,296.4,17,N,0
21.7905,75.5785,310.9,1.1,1,2026-04-21,1533,Terra,MODIS,70,61.03,299.4,6.8,N,0
21.9592,79.3197,306.2,1.1,1.1,2026-04-21,1533,Terra,MODIS,64,61.03,290.6,6.1,N,0
22.018,80.2834,303.6,1.3,1.1,2026-04-21,1533,Terra,MODIS,45,61.03,284.8,5.5,N,0
22.0339,79.5633,305,1.2,1.1,2026-04-21,1533,Terra,MODIS,60,61.03,293.1,5.8,N,0
22.046,79.4302,301.1,1.1,1.1,2026-04-21,1533,Terra,MODIS,27,61.03,290,3.6,N,0
22.1046,75.0188,311.4,1.1,1.1,2026-04-21,1533,Terra,MODIS,71,61.03,299.7,6.8,N,0
22.1437,76.1598,315.1,1,1,2026-04-21,1533,Terra,MODIS,86,61.03,298.9,10,N,0
22.1583,79.0806,301,1.1,1,2026-04-21,1533,Terra,MODIS,31,61.03,289.3,3.6,N,0
22.1662,79.6602,301.8,1.2,1.1,2026-04-21,1533,Terra,MODIS,38,61.03,291.5,4.2,N,0
22.2383,79.577,309.2,1.2,1.1,2026-04-21,1533,Terra,MODIS,77,61.03,294.8,8.5,N,0
22.2409,79.6773,313.1,1.2,1.1,2026-04-21,1533,Terra,MODIS,86,61.03,296.4,12.2,N,0
22.2411,79.4443,307.5,1.1,1.1,2026-04-21,1533,Terra,MODIS,72,61.03,278.2,10.8,N,0
22.2855,79.7274,306.5,1.2,1.1,2026-04-21,1533,Terra,MODIS,68,61.03,292.5,7.4,N,0
22.3616,79.6761,309.4,1.2,1.1,2026-04-21,1533,Terra,MODIS,70,61.03,286.4,10.8,N,0
22.3711,79.7541,327.8,1.2,1.1,2026-04-21,1533,Terra,MODIS,100,61.03,281.5,34,N,0
22.3765,79.7193,308,1.2,1.1,2026-04-21,1533,Terra,MODIS,69,61.03,281.1,10.3,N,0
22.3778,79.7304,308.8,1.2,1.1,2026-04-21,1533,Terra,MODIS,76,61.03,280.5,11.2,N,0
22.3903,79.9939,305.5,1.2,1.1,2026-04-21,1533,Terra,MODIS,65,61.03,279.2,9.7,N,0
22.4247,78.6385,302.6,1.1,1,2026-04-21,1533,Terra,MODIS,5,61.03,292.5,3,N,0
22.4375,79.7844,303,1.2,1.1,2026-04-21,1533,Terra,MODIS,53,61.03,278.2,7.9,N,0
22.4389,79.7956,302.7,1.2,1.1,2026-04-21,1533,Terra,MODIS,51,61.03,280.7,7.6,N,0
22.473,76.9939,323.1,1,1,2026-04-21,1533,Terra,MODIS,100,61.03,296.8,18.2,N,0
22.6339,76.8879,316.2,1,1,2026-04-21,1533,Terra,MODIS,90,61.03,297.2,11.4,N,0
22.8547,76.2316,309.8,1,1,2026-04-21,1533,Terra,MODIS,59,61.03,298.3,6.7,N,0
22.9303,70.105,308.9,2.2,1.4,2026-04-21,1533,Terra,MODIS,71,61.03,297.4,19.8,N,0
22.9638,75.9552,317.6,1,1,2026-04-21,1533,Terra,MODIS,94,61.03,296.8,13.7,N,0
23.006,75.2975,312.4,1.1,1,2026-04-21,1533,Terra,MODIS,80,61.03,298.4,9,N,0
23.056,76.7971,309.4,1,1,2026-04-21,1533,Terra,MODIS,70,61.03,296.9,6.4,N,0
23.0573,76.8065,307.6,1,1,2026-04-21,1533,Terra,MODIS,62,61.03,295.4,5.2,N,0
23.0818,75.2468,319,1.1,1,2026-04-21,1533,Terra,MODIS,97,61.03,296.8,15.7,N,0
23.1143,75.4052,312.5,1.1,1,2026-04-21,1533,Terra,MODIS,80,61.03,296.7,9.2,N,0
23.1186,75.2447,322.1,1.1,1,2026-04-21,1533,Terra,MODIS,100,61.03,297.4,18.9,N,0
23.141,75.3332,311.5,1.1,1,2026-04-21,1533,Terra,MODIS,76,61.03,296.5,8.6,N,0
23.1664,82.3333,300.3,1.8,1.3,2026-04-21,1533,Terra,MODIS,14,61.03,283.9,4.5,N,2
23.1665,75.2568,312.1,1.1,1,2026-04-21,1533,Terra,MODIS,78,61.03,297.9,8.7,N,0
23.1687,82.3397,300.9,1.8,1.3,2026-04-21,1533,Terra,MODIS,11,61.03,284.3,4.7,N,2
23.1821,77.1091,309.4,1,1,2026-04-21,1533,Terra,MODIS,71,61.03,296.7,6,N,0
23.1931,81.0192,300.2,1.4,1.2,2026-04-21,1533,Terra,MODIS,14,61.03,285.6,4.8,N,0
23.2199,77.1901,307.2,1,1,2026-04-21,1533,Terra,MODIS,61,61.03,295.5,5.7,N,0
23.2349,76.4353,313.4,1,1,2026-04-21,1533,Terra,MODIS,84,61.03,298.4,8.3,N,0
23.2901,78.0702,313,1,1,2026-04-21,1533,Terra,MODIS,83,61.03,294.7,10.4,N,0
23.3166,80.065,303,1.3,1.1,2026-04-21,1533,Terra,MODIS,27,61.03,292.4,5,N,0
23.3224,79.347,317.4,1.2,1.1,2026-04-21,1533,Terra,MODIS,94,61.03,297.1,16.1,N,0
23.3363,78.0673,305.1,1,1,2026-04-21,1533,Terra,MODIS,48,61.03,293.1,5.4,N,0
23.3375,78.0771,306.9,1,1,2026-04-21,1533,Terra,MODIS,55,61.03,293.1,6.3,N,0
23.3477,78.0855,305.6,1,1,2026-04-21,1533,Terra,MODIS,28,61.03,293.2,5.1,N,0
23.349,78.0954,306.7,1,1,2026-04-21,1533,Terra,MODIS,49,61.03,294,5.7,N,0
23.3495,75.6792,312.3,1,1,2026-04-21,1533,Terra,MODIS,80,61.03,297.4,9,N,0
23.3519,75.4471,308.5,1,1,2026-04-21,1533,Terra,MODIS,64,61.03,296,6.2,N,0
23.354,75.7841,311.3,1,1,2026-04-21,1533,Terra,MODIS,76,61.03,297.4,7.8,N,0
23.3704,77.4224,305.2,1,1,2026-04-21,1533,Terra,MODIS,51,61.03,292.7,4.9,N,0
23.4169,78.0483,306.2,1,1,2026-04-21,1533,Terra,MODIS,52,61.03,293.8,5.5,N,0
23.4267,75.0153,315.4,1.1,1,2026-04-21,1533,Terra,MODIS,88,61.03,298.9,11.5,N,0
23.4537,76.2145,310.3,1,1,2026-04-21,1533,Terra,MODIS,74,61.03,298,6.7,N,0
23.4645,76.4175,311.6,1,1,2026-04-21,1533,Terra,MODIS,79,61.03,298.6,7.4,N,0
23.4694,77.7449,306,1,1,2026-04-21,1533,Terra,MODIS,58,61.03,295.6,5.3,N,0
23.5382,78.2768,308.2,1.1,1,2026-04-21,1533,Terra,MODIS,68,61.03,295.2,6.7,N,0
23.5421,78.2353,309,1.1,1,2026-04-21,1533,Terra,MODIS,71,61.03,297.4,6.8,N,0
23.5564,79.1603,308.5,1.1,1.1,2026-04-21,1533,Terra,MODIS,73,61.03,296.9,7,N,0
23.5657,79.159,311.6,1.1,1.1,2026-04-21,1533,Terra,MODIS,82,61.03,297.2,9.2,N,0
23.5673,77.5158,306.9,1,1,2026-04-21,1533,Terra,MODIS,55,61.03,296.7,5.2,N,0
23.5953,75.9125,321.6,1,1,2026-04-21,1533,Terra,MODIS,100,61.03,298.1,17,N,0
23.6101,75.7014,324.9,1,1,2026-04-21,1533,Terra,MODIS,100,61.03,299.8,20,N,0
23.6195,79.0025,307.9,1.1,1.1,2026-04-21,1533,Terra,MODIS,71,61.03,296.8,6.7,N,0
23.6315,75.7113,325.5,1,1,2026-04-21,1533,Terra,MODIS,100,61.03,298.4,21,N,0
23.6381,74.8855,308.4,1.1,1,2026-04-21,1533,Terra,MODIS,65,61.03,298,6,N,0
23.6605,77.5245,304.7,1,1,2026-04-21,1533,Terra,MODIS,49,61.03,293.3,4.9,N,0
23.6623,78.1699,309.3,1,1,2026-04-21,1533,Terra,MODIS,73,61.03,298.3,6.7,N,0
23.6636,78.1799,308.5,1.1,1,2026-04-21,1533,Terra,MODIS,69,61.03,298.2,6.3,N,0
23.7049,76.2216,309.2,1,1,2026-04-21,1533,Terra,MODIS,70,61.03,297.1,6.2,N,0
23.7062,76.2311,311.4,1,1,2026-04-21,1533,Terra,MODIS,78,61.03,297.6,7.7,N,0
23.7215,77.224,309,1,1,2026-04-21,1533,Terra,MODIS,71,61.03,294.1,7.1,N,0
23.7277,77.6755,304.3,1,1,2026-04-21,1533,Terra,MODIS,46,61.03,293.7,4.9,N,0
23.7311,77.497,306.5,1,1,2026-04-21,1533,Terra,MODIS,60,61.03,295.2,5.5,N,0
23.7454,77.7423,317.6,1,1,2026-04-21,1533,Terra,MODIS,95,61.03,296.7,14.1,N,0
23.7467,77.752,314.7,1,1,2026-04-21,1533,Terra,MODIS,88,61.03,296.3,11.6,N,0
23.7625,76.7829,328,1,1,2026-04-21,1533,Terra,MODIS,100,61.03,296.5,24.4,N,0
23.7638,76.7924,318.8,1,1,2026-04-21,1533,Terra,MODIS,97,61.03,297.2,14.8,N,0
23.7689,77.5107,307.3,1,1,2026-04-21,1533,Terra,MODIS,64,61.03,296.6,5.8,N,0
23.7915,76.1813,316.5,1,1,2026-04-21,1533,Terra,MODIS,92,61.03,297.9,11.5,N,0
23.7973,77.7241,308,1,1,2026-04-21,1533,Terra,MODIS,67,61.03,294,6.8,N,0
23.8029,76.199,306.9,1,1,2026-04-21,1533,Terra,MODIS,45,61.03,296.4,4.3,N,0
23.8212,76.2643,309.1,1,1,2026-04-21,1533,Terra,MODIS,70,61.03,297.6,6.7,N,0
23.8387,77.7514,309.1,1,1,2026-04-21,1533,Terra,MODIS,71,61.03,296.3,7.2,N,0
23.8426,76.0352,308.3,1,1,2026-04-21,1533,Terra,MODIS,65,61.03,297.8,5.2,N,0
23.8453,76.7142,312.9,1,1,2026-04-21,1533,Terra,MODIS,83,61.03,297.1,9.2,N,0
23.8527,76.4249,308,1,1,2026-04-21,1533,Terra,MODIS,65,61.03,296.3,6.1,N,0
23.8717,77.7962,308.1,1,1,2026-04-21,1533,Terra,MODIS,68,61.03,295,6.6,N,0
23.8893,77.7235,304.5,1,1,2026-04-21,1533,Terra,MODIS,48,61.03,293.9,4.9,N,0
23.9358,77.7198,305,1,1,2026-04-21,1533,Terra,MODIS,51,61.03,294.1,5.4,N,0
23.9368,77.1024,308.7,1,1,2026-04-21,1533,Terra,MODIS,69,61.03,295.5,6.4,N,0
23.9381,77.1119,321.4,1,1,2026-04-21,1533,Terra,MODIS,100,61.03,296.9,17.3,N,0
23.9631,78.883,306.5,1.1,1.1,2026-04-21,1533,Terra,MODIS,61,61.03,295.7,5.7,N,0
23.9727,77.8642,309.2,1,1,2026-04-21,1533,Terra,MODIS,72,61.03,296,7.4,N,0
23.9777,78.7725,311.2,1.1,1,2026-04-21,1533,Terra,MODIS,79,61.03,297.9,9.2,N,0
23.979,78.7831,331.1,1.1,1.1,2026-04-21,1533,Terra,MODIS,100,61.03,299.2,32.7,N,0
23.987,78.1872,311.1,1.1,1,2026-04-21,1533,Terra,MODIS,78,61.03,297.3,8.6,N,0
24.0304,77.809,322,1,1,2026-04-21,1533,Terra,MODIS,100,61.03,296,18.1,N,0
24.0994,77.9901,308.3,1,1,2026-04-21,1533,Terra,MODIS,67,61.03,297.9,6.2,N,0
24.1028,77.4522,310.5,1,1,2026-04-21,1533,Terra,MODIS,75,61.03,296.4,8.4,N,0
24.1122,77.7295,308.2,1,1,2026-04-21,1533,Terra,MODIS,67,61.03,296.7,6.7,N,0
24.3142,77.9378,309.6,1,1,2026-04-21,1533,Terra,MODIS,61,61.03,295.9,7.1,N,0
24.327,77.9664,307.1,1,1,2026-04-21,1533,Terra,MODIS,30,61.03,296.2,5.5,N,0
24.4627,80.1958,307.1,1.3,1.1,2026-04-21,1533,Terra,MODIS,63,61.03,295.7,8.5,N,0
24.5634,80.5476,308.4,1.4,1.2,2026-04-21,1533,Terra,MODIS,69,61.03,295.3,10.7,N,0
24.6127,80.7068,313.4,1.4,1.2,2026-04-21,1533,Terra,MODIS,85,61.03,294.2,18.3,N,0
24.1593,75.7283,339,1,1,2026-04-21,1534,Terra,MODIS,100,61.03,298.6,40.5,N,0
24.1606,75.7381,311.9,1,1,2026-04-21,1534,Terra,MODIS,78,61.03,297.7,8.3,N,0
24.2083,75.8029,314.9,1,1,2026-04-21,1534,Terra,MODIS,87,61.03,297.8,10.9,N,0
24.2857,77.5098,309,1,1,2026-04-21,1534,Terra,MODIS,69,61.03,295.2,7.4,N,0
24.2881,77.4597,307,1,1,2026-04-21,1534,Terra,MODIS,60,61.03,295.2,6.2,N,0
24.3174,77.5445,319.1,1,1,2026-04-21,1534,Terra,MODIS,98,61.03,295,15.5,N,0
24.3187,77.5543,308.2,1,1,2026-04-21,1534,Terra,MODIS,66,61.03,295.5,6.5,N,0
24.3363,77.5515,305.5,1,1,2026-04-21,1534,Terra,MODIS,51,61.03,295.1,4.9,N,0
24.4957,77.8462,307,1,1,2026-04-21,1534,Terra,MODIS,60,61.03,296.8,5.3,N,0
24.5293,75.6689,310.2,1,1,2026-04-21,1534,Terra,MODIS,72,61.03,298.2,6.7,N,0
24.5979,74.9331,310.8,1.1,1,2026-04-21,1534,Terra,MODIS,75,61.03,296.9,8.9,N,0
24.6018,76.7833,306.9,1,1,2026-04-21,1534,Terra,MODIS,58,61.03,296.9,4.6,N,0
24.6275,78.159,311.8,1.1,1,2026-04-21,1534,Terra,MODIS,80,61.03,299,7.9,N,0
24.6601,76.7972,306.2,1,1,2026-04-21,1534,Terra,MODIS,52,61.03,295.8,4.8,N,0
24.6637,77.0225,307,1,1,2026-04-21,1534,Terra,MODIS,58,61.03,296.1,5.2,N,0
24.6647,76.9633,306.6,1,1,2026-04-21,1534,Terra,MODIS,56,61.03,296,5.1,N,0
24.7212,76.3101,306.6,1,1,2026-04-21,1534,Terra,MODIS,55,61.03,296.3,5.2,N,0
24.7748,77.0965,315,1,1,2026-04-21,1534,Terra,MODIS,88,61.03,296.7,11.1,N,0
24.8132,76.9817,309.6,1,1,2026-04-21,1534,Terra,MODIS,71,61.03,296.2,6.4,N,0
24.8235,76.5124,318.1,1,1,2026-04-21,1534,Terra,MODIS,95,61.03,296.4,14.3,N,0
24.8459,80.1648,310.2,1.3,1.1,2026-04-21,1534,Terra,MODIS,75,61.03,298.5,10.7,N,0
24.847,80.1706,313.1,1.3,1.1,2026-04-21,1534,Terra,MODIS,84,61.03,298.4,13.4,N,0
24.8575,76.2845,320.2,1,1,2026-04-21,1534,Terra,MODIS,100,61.03,295.4,16.1,N,0
24.8588,76.2941,319.6,1,1,2026-04-21,1534,Terra,MODIS,99,61.03,295.7,15.5,N,0
24.8675,76.2926,316.9,1,1,2026-04-21,1534,Terra,MODIS,93,61.03,295.9,13.1,N,0
24.9515,77.1742,306.5,1,1,2026-04-21,1534,Terra,MODIS,56,61.03,295.3,5.3,N,0
25.0066,76.5674,306.1,1,1,2026-04-21,1534,Terra,MODIS,52,61.03,296,5.1,N,0
25.0087,77.3345,313.5,1,1,2026-04-21,1534,Terra,MODIS,84,61.03,297.7,9.2,N,0
25.0167,77.1238,316.4,1,1,2026-04-21,1534,Terra,MODIS,92,61.03,296.6,12.4,N,0
25.0346,76.3599,306,1,1,2026-04-21,1534,Terra,MODIS,52,61.03,296,5.1,N,0
25.0453,76.9845,309.7,1,1,2026-04-21,1534,Terra,MODIS,71,61.03,296.1,7.4,N,0
25.0817,76.3125,305.4,1,1,2026-04-21,1534,Terra,MODIS,47,61.03,294.4,5,N,0
25.0831,76.3221,311.2,1,1,2026-04-21,1534,Terra,MODIS,77,61.03,295.2,9,N,0
25.096,76.546,309.5,1,1,2026-04-21,1534,Terra,MODIS,71,61.03,295.9,7.1,N,0
25.1003,77.8265,309.6,1,1,2026-04-21,1534,Terra,MODIS,71,61.03,296.7,7.4,N,0
25.1169,73.4827,321.4,1.2,1.1,2026-04-21,1534,Terra,MODIS,100,61.03,298.6,21.4,N,0
25.1188,73.4946,308.6,1.2,1.1,2026-04-21,1534,Terra,MODIS,60,61.03,298,7.5,N,0
25.1289,76.505,312.9,1,1,2026-04-21,1534,Terra,MODIS,82,61.03,296.8,9.9,N,0
25.159,84.2192,309.4,2.6,1.6,2026-04-21,1534,Terra,MODIS,74,61.03,295.7,30.9,N,0
25.1652,84.2251,310.1,2.6,1.6,2026-04-21,1534,Terra,MODIS,76,61.03,295.7,32.5,N,2
25.1946,76.5923,311.6,1,1,2026-04-21,1534,Terra,MODIS,78,61.03,296.8,8.3,N,0
25.1955,83.5846,307.7,2.3,1.5,2026-04-21,1534,Terra,MODIS,68,61.03,296.5,18.9,N,0
25.1973,83.5901,313.1,2.3,1.5,2026-04-21,1534,Terra,MODIS,85,61.03,296.7,31.7,N,0
25.1975,83.6072,317,2.3,1.5,2026-04-21,1534,Terra,MODIS,94,61.03,297.4,42.7,N,0
25.1994,83.6128,312.6,2.3,1.5,2026-04-21,1534,Terra,MODIS,83,61.03,297.3,29.7,N,0
25.2234,75.9408,326,1,1,2026-04-21,1534,Terra,MODIS,100,61.03,295.8,22.4,N,0
25.235,75.8142,323.7,1,1,2026-04-21,1534,Terra,MODIS,100,61.03,296,19.9,N,0
25.2472,76.4984,308.4,1,1,2026-04-21,1534,Terra,MODIS,65,61.03,297,6.4,N,2
25.2961,75.6578,322.4,1,1,2026-04-21,1534,Terra,MODIS,100,61.03,295.9,17.8,N,0
25.2975,75.6675,314.1,1,1,2026-04-21,1534,Terra,MODIS,86,61.03,295.7,10.3,N,0
25.3146,77.2003,320.6,1,1,2026-04-21,1534,Terra,MODIS,100,61.03,298.1,15.6,N,0
25.3158,77.2101,313.7,1,1,2026-04-21,1534,Terra,MODIS,85,61.03,297.8,9.6,N,0
25.3225,76.4404,310.5,1,1,2026-04-21,1534,Terra,MODIS,75,61.03,295.6,8.2,N,0
25.3628,79.1895,308.4,1.2,1.1,2026-04-21,1534,Terra,MODIS,68,61.03,297,8.2,N,0
25.3728,76.4811,307.9,1,1,2026-04-21,1534,Terra,MODIS,31,61.03,296,5.1,N,0
25.3741,76.4907,318.2,1,1,2026-04-21,1534,Terra,MODIS,96,61.03,296.9,13.5,N,0
25.3774,75.7231,309.2,1,1,2026-04-21,1534,Terra,MODIS,71,61.03,296.9,7,N,0
25.3909,75.675,308.9,1,1,2026-04-21,1534,Terra,MODIS,69,61.03,297.1,6.8,N,0
25.4126,75.7011,311.7,1,1,2026-04-21,1534,Terra,MODIS,79,61.03,298.6,7.7,N,0
25.414,75.7108,318.8,1,1,2026-04-21,1534,Terra,MODIS,97,61.03,299.3,13.3,N,0
25.4313,78.918,317.9,1.2,1.1,2026-04-21,1534,Terra,MODIS,95,61.03,296.8,16.2,N,0
25.4374,78.9227,309.4,1.2,1.1,2026-04-21,1534,Terra,MODIS,72,61.03,297.2,8.4,N,0
25.4796,77.6227,311.9,1,1,2026-04-21,1534,Terra,MODIS,80,61.03,296.7,9.3,N,0
25.5437,76.1671,311.2,1,1,2026-04-21,1534,Terra,MODIS,77,61.03,296.5,7.7,N,0
25.5451,76.1767,323.5,1,1,2026-04-21,1534,Terra,MODIS,100,61.03,298,18.7,N,0
25.556,78.0798,311.2,1.1,1,2026-04-21,1534,Terra,MODIS,78,61.03,297,8.5,N,0
25.5944,78.9852,307.2,1.2,1.1,2026-04-21,1534,Terra,MODIS,64,61.03,295.5,6.8,N,0
25.6066,78.0443,307.1,1.1,1,2026-04-21,1534,Terra,MODIS,62,61.03,295.9,5.5,N,0
25.6299,78.0831,305.9,1.1,1,2026-04-21,1534,Terra,MODIS,55,61.03,295.4,4.7,N,0
25.6338,78.1144,306.5,1.1,1,2026-04-21,1534,Terra,MODIS,59,61.03,295.8,5.6,N,0
25.6592,78.6849,306.3,1.1,1.1,2026-04-21,1534,Terra,MODIS,59,61.03,296.2,5.6,N,0
25.6949,76.0758,311.1,1,1,2026-04-21,1534,Terra,MODIS,76,61.03,297.9,7.9,N,0
25.7311,78.2327,306.8,1.1,1,2026-04-21,1534,Terra,MODIS,61,61.03,295.9,5.6,N,0
25.743,76.6213,307.5,1,1,2026-04-21,1534,Terra,MODIS,60,61.03,296.3,5.7,N,0
25.7443,76.631,311.7,1,1,2026-04-21,1534,Terra,MODIS,78,61.03,296.8,8.6,N,0
25.7691,78.5443,316.6,1.1,1.1,2026-04-21,1534,Terra,MODIS,93,61.03,296.4,15.3,N,0
25.7757,78.599,308.9,1.1,1.1,2026-04-21,1534,Terra,MODIS,72,61.03,296.6,7.9,N,0
25.7784,78.5429,316.3,1.1,1.1,2026-04-21,1534,Terra,MODIS,92,61.03,295.3,14.9,N,0
25.8153,78.2458,309.4,1.1,1,2026-04-21,1534,Terra,MODIS,73,61.03,295.2,8.3,N,0
25.8415,78.3069,306.5,1.1,1,2026-04-21,1534,Terra,MODIS,61,61.03,296.2,5.6,N,0
25.8467,78.2735,306.7,1.1,1,2026-04-21,1534,Terra,MODIS,56,61.03,294.9,6,N,0
25.8494,78.2948,309.8,1.1,1,2026-04-21,1534,Terra,MODIS,67,61.03,294.8,7.9,N,0
25.8507,78.3055,320.7,1.1,1,2026-04-21,1534,Terra,MODIS,100,61.03,295.9,18.7,N,0
25.8701,78.1618,307,1.1,1,2026-04-21,1534,Terra,MODIS,63,61.03,294.7,6.8,N,0
25.9454,78.4056,310,1.1,1.1,2026-04-21,1534,Terra,MODIS,75,61.03,297.2,9.1,N,0
26.6326,83.6905,306.1,2.5,1.5,2026-04-21,1534,Terra,MODIS,65,61.03,295.9,17.1,N,0
27.2861,82.8742,306.8,2.2,1.4,2026-04-21,1534,Terra,MODIS,69,61.03,296.1,18.4,N,0
27.3072,83.5693,314.2,2.5,1.5,2026-04-21,1534,Terra,MODIS,89,61.03,299.8,33.7,N,0
27.309,83.7003,308.2,2.5,1.5,2026-04-21,1534,Terra,MODIS,70,61.03,297.8,19,N,0
27.3092,83.5939,310.1,2.5,1.5,2026-04-21,1534,Terra,MODIS,79,61.03,300,21.9,N,0
27.3702,83.7324,307.6,2.6,1.5,2026-04-21,1534,Terra,MODIS,17,61.03,296.9,19.5,N,0
27.3736,83.7124,309.7,2.5,1.5,2026-04-21,1534,Terra,MODIS,78,61.03,296.7,26.1,N,0
27.5137,84.3037,308.2,2.8,1.6,2026-04-21,1534,Terra,MODIS,57,61.03,297.1,25.2,N,0
27.5181,84.2968,307.5,2.8,1.6,2026-04-21,1534,Terra,MODIS,16,61.03,296.7,21.7,N,0
27.7471,82.8075,311.5,2.2,1.4,2026-04-21,1534,Terra,MODIS,83,61.03,298.7,21.3,N,0
27.7477,82.8008,312.8,2.2,1.4,2026-04-21,1534,Terra,MODIS,86,61.03,298.8,24,N,0
27.7487,82.3774,312.6,2.1,1.4,2026-04-21,1534,Terra,MODIS,85,61.03,300.4,21.7,N,0
27.955,82.6544,305.3,2.2,1.4,2026-04-21,1534,Terra,MODIS,64,61.03,295.1,13.5,N,0
28.0413,82.9032,303.6,2.3,1.5,2026-04-21,1534,Terra,MODIS,56,61.03,293.2,15.4,N,0
28.0418,82.9081,303.8,2.3,1.5,2026-04-21,1534,Terra,MODIS,57,61.03,293.2,15.2,N,0
28.0809,82.0303,313.7,2,1.4,2026-04-21,1534,Terra,MODIS,88,61.03,299.5,23.8,N,0
28.0825,82.0476,309.9,2,1.4,2026-04-21,1534,Terra,MODIS,40,61.03,298.3,16,N,0
28.0845,83.2668,302.7,2.4,1.5,2026-04-21,1534,Terra,MODIS,51,61.03,291.3,18.5,N,0
28.0911,82.0083,316.2,2,1.4,2026-04-21,1534,Terra,MODIS,84,61.03,299,28.1,N,0
28.1029,82.0046,310.5,2,1.4,2026-04-21,1534,Terra,MODIS,36,61.03,297.8,15.4,N,0
28.1149,82.0035,311.4,2,1.4,2026-04-21,1534,Terra,MODIS,79,61.03,297.8,18.1,N,0
28.1351,81.9612,308.9,2,1.4,2026-04-21,1534,Terra,MODIS,75,61.03,297.7,13.6,N,0
28.2896,82.3284,301.6,2.1,1.4,2026-04-21,1534,Terra,MODIS,42,61.03,290.8,14,N,0
28.3733,81.5125,310.3,1.8,1.3,2026-04-21,1534,Terra,MODIS,38,61.03,299.3,12.8,N,0
28.3768,81.5177,308.8,1.8,1.3,2026-04-21,1534,Terra,MODIS,54,61.03,298.5,10.6,N,0
28.1276,77.4611,311,1.1,1,2026-04-21,1535,Terra,MODIS,81,61.03,295.1,10,N,0
28.4096,68.1156,303.8,2.3,1.5,2026-04-21,1535,Terra,MODIS,28,61.03,287.8,11.2,N,0
28.4223,68.1123,304.4,2.3,1.5,2026-04-21,1535,Terra,MODIS,16,61.03,289.9,12.5,N,0
28.5296,81.5791,308.7,1.9,1.3,2026-04-21,1535,Terra,MODIS,75,61.03,296.7,16,N,0
28.5971,80.3271,303.5,1.5,1.2,2026-04-21,1535,Terra,MODIS,55,61.03,292.2,9.6,N,0
28.8319,80.2611,312.5,1.5,1.2,2026-04-21,1535,Terra,MODIS,85,61.03,295.2,18.9,N,0
28.9347,81.0593,307.4,1.7,1.3,2026-04-21,1535,Terra,MODIS,71,61.03,290.1,15.7,N,0
28.9494,80.9767,303.7,1.7,1.3,2026-04-21,1535,Terra,MODIS,55,61.03,287.8,8.3,N,0
28.9988,80.7874,311.4,1.7,1.3,2026-04-21,1535,Terra,MODIS,82,61.03,290.1,22.2,N,0
29.0003,80.8028,313.7,1.7,1.3,2026-04-21,1535,Terra,MODIS,88,61.03,290.7,25.7,N,0
29.0419,80.53,303.7,1.6,1.2,2026-04-21,1535,Terra,MODIS,57,61.03,291.5,9.7,N,0
29.0435,80.546,308.8,1.6,1.2,2026-04-21,1535,Terra,MODIS,76,61.03,292.4,16.4,N,0
29.0634,75.9414,302.4,1,1,2026-04-21,1535,Terra,MODIS,16,61.03,290.8,3,N,0
29.3018,74.4719,300.9,1,1,2026-04-21,1535,Terra,MODIS,35,61.03,287.8,3.9,N,0
29.3018,80.8521,304.1,1.7,1.3,2026-04-21,1535,Terra,MODIS,58,61.03,293.6,8.9,N,0
29.512,80.0826,308.4,1.5,1.2,2026-04-21,1535,Terra,MODIS,75,61.03,294.3,12.2,N,0
29.8541,78.8868,311.4,1.3,1.1,2026-04-21,1535,Terra,MODIS,82,61.03,291.9,15.7,N,0
30.256,78.7535,306.9,1.3,1.1,2026-04-21,1535,Terra,MODIS,70,61.03,293.4,8.9,N,0
30.2574,78.7657,320.6,1.3,1.1,2026-04-21,1535,Terra,MODIS,100,61.03,294.5,24.9,N,0
30.3331,79.3588,303,1.4,1.2,2026-04-21,1535,Terra,MODIS,52,61.03,289.8,8.6,N,0
33.4608,71.9721,309.7,1.1,1.1,2026-04-21,1536,Terra,MODIS,78,61.03,289.3,10.6,N,0
23.8895,96.8512,308.9,1.1,1.1,2026-04-21,2117,Aqua,MODIS,63,61.03,288.9,11.9,N,0
24.4095,96.3435,307.9,1.1,1,2026-04-21,2117,Aqua,MODIS,73,61.03,281.1,8.8,N,0
25.8791,92.4228,302.9,1.1,1.1,2026-04-21,2117,Aqua,MODIS,52,61.03,290.8,6.8,N,0
19.3673,96.9983,308.1,1.4,1.2,2026-04-21,2118,Aqua,MODIS,74,61.03,290.3,14.6,N,0
20.1552,93.8698,305.5,1,1,2026-04-21,2118,Aqua,MODIS,63,61.03,293.5,5.6,N,0
20.4401,96.4989,305.3,1.2,1.1,2026-04-21,2118,Aqua,MODIS,63,61.03,292.8,7.7,N,0
20.4441,96.5042,303.7,1.2,1.1,2026-04-21,2118,Aqua,MODIS,57,61.03,292.3,6.6,N,0
20.4458,96.4943,303.3,1.2,1.1,2026-04-21,2118,Aqua,MODIS,54,61.03,292.8,6.1,N,0
21.0743,93.9164,302.8,1,1,2026-04-21,2118,Aqua,MODIS,52,61.03,291.3,4.8,N,0
22.5707,96.6751,303.2,1.2,1.1,2026-04-21,2118,Aqua,MODIS,54,61.03,292,5.5,N,0
22.9073,94.8187,306.7,1,1,2026-04-21,2118,Aqua,MODIS,69,61.03,295.8,4.2,N,0
23.8073,77.6486,304.8,2.7,1.6,2026-04-21,2255,Aqua,MODIS,62,61.03,294.3,24.9,N,0
23.938,77.7396,304.2,2.7,1.6,2026-04-21,2255,Aqua,MODIS,59,61.03,292.6,22.3,N,0
21.1099,72.6463,311.7,1.3,1.1,2026-04-21,2256,Aqua,MODIS,62,61.03,298.8,12.6,N,2
22.6292,75.5733,321.4,2,1.4,2026-04-21,2256,Aqua,MODIS,100,61.03,293.4,52.5,N,2
19.3677,71.3577,315.6,1.2,1.1,2026-04-21,2257,Aqua,MODIS,89,61.03,298.4,13.5,N,3
29.1036,80.6244,316.3,1.2,1.1,2026-04-22,338,Terra,MODIS,57,61.03,300.4,11.2,D,0
29.1156,81.5383,315,1.1,1,2026-04-22,338,Terra,MODIS,49,61.03,301.8,8.6,D,0
29.1947,80.9098,315.8,1.1,1.1,2026-04-22,338,Terra,MODIS,69,61.03,299.1,11.8,D,0
29.2235,88.8922,310.5,1.7,1.3,2026-04-22,338,Terra,MODIS,53,61.03,291.9,9.8,D,0
29.6833,90.8998,313.4,2.3,1.5,2026-04-22,338,Terra,MODIS,39,61.03,292.6,28.4,D,0
29.9953,79.4554,310.9,1.4,1.2,2026-04-22,338,Terra,MODIS,45,61.03,297.2,10.2,D,0
24.9252,85.1282,326.1,1.2,1.1,2026-04-22,339,Terra,MODIS,64,61.03,311.7,12.3,D,0
24.9347,85.13,326.6,1.2,1.1,2026-04-22,339,Terra,MODIS,66,61.03,310.6,13.1,D,0
24.9364,85.6918,328.2,1.3,1.1,2026-04-22,339,Terra,MODIS,72,61.03,310.1,18.2,D,0
24.9383,85.6797,322.7,1.3,1.1,2026-04-22,339,Terra,MODIS,56,61.03,309.9,9.4,D,0
25.0272,83.9447,339.9,1.1,1,2026-04-22,339,Terra,MODIS,86,61.03,315.4,26.4,D,0
25.0344,84.0192,326.5,1.1,1,2026-04-22,339,Terra,MODIS,59,61.03,313.6,7,D,0
25.0362,83.9464,347.2,1.1,1,2026-04-22,339,Terra,MODIS,92,61.03,315.5,40.7,D,2
25.06,84.2734,326.1,1.1,1,2026-04-22,339,Terra,MODIS,64,61.03,311.6,9.5,D,0
25.0616,84.263,335,1.1,1,2026-04-22,339,Terra,MODIS,80,61.03,312.7,22.5,D,0
25.0653,85.7296,332.7,1.3,1.1,2026-04-22,339,Terra,MODIS,79,61.03,310.5,25.1,D,0
25.068,84.0418,329.1,1.1,1,2026-04-22,339,Terra,MODIS,71,61.03,311.3,11.7,D,0
25.0979,83.7872,332,1,1,2026-04-22,339,Terra,MODIS,76,61.03,314.2,14.4,D,0
25.1127,84.2896,334,1.1,1,2026-04-22,339,Terra,MODIS,79,61.03,312.7,20.6,D,0
25.1278,85.2919,328.5,1.2,1.1,2026-04-22,339,Terra,MODIS,71,61.03,312,15.7,D,0
25.1281,83.649,326.8,1,1,2026-04-22,339,Terra,MODIS,35,61.03,312.5,8,D,0
25.1354,85.3052,324.8,1.2,1.1,2026-04-22,339,Terra,MODIS,44,61.03,310.5,9.8,D,0
25.1408,83.8674,337.7,1.1,1,2026-04-22,339,Terra,MODIS,83,61.03,314.9,22.8,D,0
25.1423,83.8573,340.5,1,1,2026-04-22,339,Terra,MODIS,86,61.03,315.1,27.5,D,0
25.1497,83.869,337.5,1.1,1,2026-04-22,339,Terra,MODIS,83,61.03,313.9,22.6,D,0
25.1513,83.8589,340.7,1,1,2026-04-22,339,Terra,MODIS,86,61.03,313.7,28.2,D,0
25.1842,85.4521,322.2,1.2,1.1,2026-04-22,339,Terra,MODIS,53,61.03,308.7,9.5,D,0
25.1919,83.589,331.8,1,1,2026-04-22,339,Terra,MODIS,76,61.03,312.7,17.1,D,0
25.1934,83.5791,327.6,1,1,2026-04-22,339,Terra,MODIS,68,61.03,312.6,11.4,D,0
25.1965,82.4966,324.8,1,1,2026-04-22,339,Terra,MODIS,58,61.03,309.7,8.9,D,0
25.2022,83.4589,326.1,1,1,2026-04-22,339,Terra,MODIS,63,61.03,312.7,7.7,D,0
25.2085,84.9138,325,1.1,1.1,2026-04-22,339,Terra,MODIS,63,61.03,309.9,11.1,D,0
25.2131,84.2395,325.3,1.1,1,2026-04-22,339,Terra,MODIS,47,61.03,311.9,7.7,D,2
25.2493,84.0665,328,1.1,1,2026-04-22,339,Terra,MODIS,69,61.03,311.5,10.1,D,2
25.2512,83.6878,336.4,1,1,2026-04-22,339,Terra,MODIS,82,61.03,312.2,23.3,D,0
25.2641,83.8505,340.3,1,1,2026-04-22,339,Terra,MODIS,86,61.03,313.9,27.3,D,2
25.273,83.8521,327.9,1,1,2026-04-22,339,Terra,MODIS,69,61.03,313.7,8.5,D,0
25.2938,85.6506,322.3,1.2,1.1,2026-04-22,339,Terra,MODIS,57,61.03,309.8,9.1,D,0
25.2958,85.6386,324.2,1.2,1.1,2026-04-22,339,Terra,MODIS,64,61.03,310,11.5,D,0
25.3001,83.4221,328.9,1,1,2026-04-22,339,Terra,MODIS,62,61.03,312.4,11.6,D,2
25.3015,83.4122,333,1,1,2026-04-22,339,Terra,MODIS,78,61.03,312.8,17.3,D,2
25.3024,83.9612,334.1,1.1,1,2026-04-22,339,Terra,MODIS,80,61.03,312.4,18,D,2
25.3036,84.0136,325.7,1.1,1,2026-04-22,339,Terra,MODIS,62,61.03,311.7,7.5,D,0
25.3039,83.9511,334.8,1.1,1,2026-04-22,339,Terra,MODIS,80,61.03,313,19.3,D,0
25.3054,83.9409,327.3,1.1,1,2026-04-22,339,Terra,MODIS,67,61.03,312.9,8.6,D,0
25.3089,83.4236,326.5,1,1,2026-04-22,339,Terra,MODIS,51,61.03,311.1,8.6,D,0
25.3104,83.4138,328.9,1,1,2026-04-22,339,Terra,MODIS,71,61.03,311.9,12,D,0
25.3141,83.4609,331.6,1,1,2026-04-22,339,Terra,MODIS,76,61.03,311.6,15,D,0
25.3172,83.9847,325.6,1.1,1,2026-04-22,339,Terra,MODIS,63,61.03,311.4,8.1,D,0
25.3511,84.1864,345.7,1.1,1,2026-04-22,339,Terra,MODIS,91,61.03,313.5,41.2,D,0
25.3527,84.1761,326.8,1.1,1,2026-04-22,339,Terra,MODIS,48,61.03,312.3,9,D,0
25.354,83.4376,324.4,1,1,2026-04-22,339,Terra,MODIS,59,61.03,311.6,6.8,D,0
25.3584,83.5905,323.9,1,1,2026-04-22,339,Terra,MODIS,57,61.03,310.8,7.1,D,0
25.3599,83.5806,324.7,1,1,2026-04-22,339,Terra,MODIS,60,61.03,311.5,7.9,D,0
25.3673,83.5312,326.6,1,1,2026-04-22,339,Terra,MODIS,66,61.03,311.4,10.2,D,0
25.3687,83.5213,327.3,1,1,2026-04-22,339,Terra,MODIS,68,61.03,311.4,10.8,D,0
25.3703,84.0008,328.7,1.1,1,2026-04-22,339,Terra,MODIS,71,61.03,311.2,12.6,D,0
25.3848,84.0872,324.9,1.1,1,2026-04-22,339,Terra,MODIS,53,61.03,311.2,7.9,D,0
25.3886,83.9416,323.7,1.1,1,2026-04-22,339,Terra,MODIS,52,61.03,310.3,6.6,D,0
25.3954,84.0786,327.1,1.1,1,2026-04-22,339,Terra,MODIS,66,61.03,312,10.7,D,0
25.4099,84.2245,327.7,1.1,1,2026-04-22,339,Terra,MODIS,70,61.03,312,12.2,D,0
25.4115,84.2142,335.4,1.1,1,2026-04-22,339,Terra,MODIS,82,61.03,312.1,23.3,D,0
25.4176,83.7506,332.4,1,1,2026-04-22,339,Terra,MODIS,77,61.03,311.2,19,D,0
25.4191,83.7407,323.9,1,1,2026-04-22,339,Terra,MODIS,58,61.03,310.4,7.7,D,0
25.4482,85.0923,325.2,1.2,1.1,2026-04-22,339,Terra,MODIS,66,61.03,310.1,11.9,D,0
25.4611,84.013,326.9,1.1,1,2026-04-22,339,Terra,MODIS,68,61.03,311.1,10.5,D,0
25.4817,81.3029,338.8,1,1,2026-04-22,339,Terra,MODIS,85,61.03,310.8,28,D,0
25.4921,84.1719,337.3,1.1,1,2026-04-22,339,Terra,MODIS,84,61.03,311.2,25.8,D,0
25.4937,84.1617,339.7,1.1,1,2026-04-22,339,Terra,MODIS,86,61.03,311.8,29.9,D,0
25.5043,84.1531,327.3,1.1,1,2026-04-22,339,Terra,MODIS,70,61.03,312.3,12.1,D,0
25.5202,84.23,335.9,1.1,1,2026-04-22,339,Terra,MODIS,82,61.03,311.1,25.2,D,0
25.5263,84.0104,325.7,1.1,1,2026-04-22,339,Terra,MODIS,66,61.03,310.9,10.4,D,0
25.5278,84.0003,330.5,1.1,1,2026-04-22,339,Terra,MODIS,75,61.03,311.4,16.6,D,0
25.5744,78.872,328.5,1.3,1.1,2026-04-22,339,Terra,MODIS,71,61.03,310.9,18.3,D,0
25.5759,78.8591,325.3,1.3,1.1,2026-04-22,339,Terra,MODIS,62,61.03,310.7,12.5,D,0
25.6169,79.2902,325.8,1.3,1.1,2026-04-22,339,Terra,MODIS,64,61.03,310.7,12,D,0
25.6267,78.7742,334.9,1.3,1.1,2026-04-22,339,Terra,MODIS,81,61.03,311.7,30.1,D,0
25.6423,78.8158,324.2,1.3,1.1,2026-04-22,339,Terra,MODIS,58,61.03,309.9,10,D,0
25.6438,78.8029,323.9,1.3,1.1,2026-04-22,339,Terra,MODIS,57,61.03,310.5,9.5,D,0
25.6553,78.1565,328.9,1.5,1.2,2026-04-22,339,Terra,MODIS,67,61.03,310,24.2,D,0
25.6731,78.7207,327.7,1.4,1.2,2026-04-22,339,Terra,MODIS,69,61.03,310.9,16.1,D,0
25.6746,78.7076,327.2,1.4,1.2,2026-04-22,339,Terra,MODIS,68,61.03,311.2,15.4,D,0
25.6808,84.2086,326.2,1.1,1,2026-04-22,339,Terra,MODIS,68,61.03,309.5,12,D,0
25.7368,78.5263,326.7,1.4,1.2,2026-04-22,339,Terra,MODIS,67,61.03,311,15.4,D,0
25.7981,76.6828,326.8,1.9,1.3,2026-04-22,339,Terra,MODIS,68,61.03,310.6,25.2,D,0
25.8151,84.5347,325.1,1.1,1,2026-04-22,339,Terra,MODIS,59,61.03,309.1,11.5,D,0
25.8167,84.5242,322.7,1.1,1,2026-04-22,339,Terra,MODIS,54,61.03,308.7,8.1,D,0
25.8301,78.0841,326.4,1.5,1.2,2026-04-22,339,Terra,MODIS,57,61.03,309.7,16,D,0
25.8347,78.0907,328.8,1.5,1.2,2026-04-22,339,Terra,MODIS,72,61.03,310.3,22.9,D,0
25.8853,78.2139,342.9,1.5,1.2,2026-04-22,339,Terra,MODIS,89,61.03,310.6,59.9,D,0
25.8859,77.9195,334,1.5,1.2,2026-04-22,339,Terra,MODIS,80,61.03,311.2,36.9,D,0
25.9037,83.5326,328.7,1,1,2026-04-22,339,Terra,MODIS,73,61.03,310.2,13.8,D,0
25.9388,83.3571,325.4,1,1,2026-04-22,339,Terra,MODIS,66,61.03,311.1,9.5,D,0
26.1141,82.7255,343.8,1,1,2026-04-22,339,Terra,MODIS,89,61.03,311.3,35.8,D,0
26.1439,83.9016,332,1,1,2026-04-22,339,Terra,MODIS,59,61.03,311.1,17.8,D,0
26.1443,83.7783,322.7,1,1,2026-04-22,339,Terra,MODIS,60,61.03,310.4,6.9,D,0
26.2299,80.7303,322.9,1.1,1,2026-04-22,339,Terra,MODIS,57,61.03,309.9,7.8,D,0
26.28,81.6001,322.4,1,1,2026-04-22,339,Terra,MODIS,56,61.03,309.6,5.8,D,0
26.3169,83.679,324.1,1,1,2026-04-22,339,Terra,MODIS,56,61.03,311.3,6.7,D,0
26.3263,84.0406,324.1,1,1,2026-04-22,339,Terra,MODIS,65,61.03,311.9,8.6,D,0
26.3375,82.912,328.2,1,1,2026-04-22,339,Terra,MODIS,72,61.03,310.2,12.8,D,0
26.3389,82.9023,323.5,1,1,2026-04-22,339,Terra,MODIS,60,61.03,310.4,7.5,D,0
26.3806,83.8705,326,1,1,2026-04-22,339,Terra,MODIS,69,61.03,312.5,7.9,D,0
26.3851,82.4519,331.2,1,1,2026-04-22,339,Terra,MODIS,77,61.03,310.1,16.5,D,0
26.3991,83.3699,328.6,1,1,2026-04-22,339,Terra,MODIS,73,61.03,310.5,12.6,D,0
26.4117,83.8454,331.8,1,1,2026-04-22,339,Terra,MODIS,78,61.03,313,15.4,D,0
26.4327,83.5231,330.6,1,1,2026-04-22,339,Terra,MODIS,69,61.03,314.2,12.1,D,0
26.4342,83.5133,334.8,1,1,2026-04-22,339,Terra,MODIS,81,61.03,313.3,17.9,D,0
26.4411,83.9602,325.5,1,1,2026-04-22,339,Terra,MODIS,68,61.03,312.9,7.3,D,0
26.4415,83.5247,327.5,1,1,2026-04-22,339,Terra,MODIS,64,61.03,314.2,8.3,D,0
26.4427,83.9502,334.7,1,1,2026-04-22,339,Terra,MODIS,82,61.03,313.7,19.8,D,0
26.443,83.4542,327.4,1,1,2026-04-22,339,Terra,MODIS,71,61.03,311.6,10.1,D,0
26.443,83.5149,330.8,1,1,2026-04-22,339,Terra,MODIS,76,61.03,312.8,12.8,D,0
26.4458,83.8003,328.8,1,1,2026-04-22,339,Terra,MODIS,74,61.03,312,11.8,D,0
26.4473,83.7903,330.5,1,1,2026-04-22,339,Terra,MODIS,76,61.03,312.8,13.7,D,0
26.4663,83.3576,325.8,1,1,2026-04-22,339,Terra,MODIS,67,61.03,311.8,8,D,0
26.4678,83.4082,332.5,1,1,2026-04-22,339,Terra,MODIS,79,61.03,312.6,16.7,D,0
26.5198,83.9231,325.6,1,1,2026-04-22,339,Terra,MODIS,68,61.03,312.7,9,D,0
26.5203,83.4948,331.4,1,1,2026-04-22,339,Terra,MODIS,77,61.03,312.5,15,D,0
26.5233,83.3376,325.7,1,1,2026-04-22,339,Terra,MODIS,67,61.03,312.1,7.4,D,0
26.527,78.2993,341.8,1.5,1.2,2026-04-22,339,Terra,MODIS,88,61.03,311.6,55.4,D,0
26.5321,78.3062,332.5,1.5,1.2,2026-04-22,339,Terra,MODIS,78,61.03,310.2,30.9,D,0
26.5336,78.2917,326.6,1.5,1.2,2026-04-22,339,Terra,MODIS,67,61.03,310.6,17.9,D,0
26.5527,83.9558,328.6,1,1,2026-04-22,339,Terra,MODIS,74,61.03,312.4,13.2,D,0
26.5665,83.8041,327.7,1,1,2026-04-22,339,Terra,MODIS,73,61.03,311.1,10.8,D,0
26.5876,81.3691,325.1,1,1,2026-04-22,339,Terra,MODIS,67,61.03,308.6,11,D,0
26.5951,83.4779,324.6,1,1,2026-04-22,339,Terra,MODIS,46,61.03,311.6,8,D,0
26.6076,83.2084,323.9,1,1,2026-04-22,339,Terra,MODIS,62,61.03,312.1,6,D,0
26.6158,83.0896,324.9,1,1,2026-04-22,339,Terra,MODIS,65,61.03,311.9,7.4,D,0
26.6286,83.0018,330.2,1,1,2026-04-22,339,Terra,MODIS,75,61.03,311.6,14.5,D,0
26.6464,83.0649,326.2,1,1,2026-04-22,339,Terra,MODIS,68,61.03,312.3,8.7,D,0
26.6644,83.8284,326.1,1,1,2026-04-22,339,Terra,MODIS,71,61.03,312.4,9.2,D,0
26.6716,83.9016,323.2,1,1,2026-04-22,339,Terra,MODIS,64,61.03,309.9,8.2,D,0
26.6731,83.8915,325.3,1,1,2026-04-22,339,Terra,MODIS,69,61.03,310.6,10.8,D,0
26.7399,81.8085,322.1,1,1,2026-04-22,339,Terra,MODIS,56,61.03,310,7.5,D,0
26.8784,83.6349,323.7,1,1,2026-04-22,339,Terra,MODIS,29,61.03,310.3,5.8,D,0
26.9351,82.7336,322.5,1,1,2026-04-22,339,Terra,MODIS,59,61.03,310.1,5.6,D,0
26.9642,82.7186,329,1,1,2026-04-22,339,Terra,MODIS,75,61.03,310.8,14.2,D,0
27.0314,83.2241,324.8,1,1,2026-04-22,339,Terra,MODIS,52,61.03,310.5,8.8,D,0
27.0328,83.2143,325.9,1,1,2026-04-22,339,Terra,MODIS,0,61.03,310.4,10.6,D,0
27.0367,82.6674,333.7,1,1,2026-04-22,339,Terra,MODIS,81,61.03,310.6,19.9,D,0
27.0381,82.6576,323.9,1,1,2026-04-22,339,Terra,MODIS,64,61.03,310.2,8,D,0
27.1047,86.7186,311.9,1.3,1.1,2026-04-22,339,Terra,MODIS,62,61.03,299.9,8.5,D,0
27.1062,86.7114,314,1.3,1.1,2026-04-22,339,Terra,MODIS,67,61.03,300.2,10.9,D,0
27.1366,83.2593,328.1,1,1,2026-04-22,339,Terra,MODIS,75,61.03,306.2,16.6,D,0
27.1601,82.9721,336,1,1,2026-04-22,339,Terra,MODIS,79,61.03,309.8,23.1,D,0
27.1782,83.6671,329.9,1,1,2026-04-22,339,Terra,MODIS,78,61.03,310.2,14.9,D,0
27.1937,86.4977,321.2,1.3,1.1,2026-04-22,339,Terra,MODIS,78,61.03,298.8,21.1,D,0
27.2162,84.989,312.5,1.1,1,2026-04-22,339,Terra,MODIS,58,61.03,300.5,6.8,D,0
27.229,83.7644,320,1,1,2026-04-22,339,Terra,MODIS,57,61.03,308.2,6.5,D,0
27.2348,84.8717,315,1.1,1,2026-04-22,339,Terra,MODIS,64,61.03,302.3,7.2,D,0
27.2432,83.2238,322.4,1,1,2026-04-22,339,Terra,MODIS,65,61.03,310.2,5.8,D,0
27.2446,84.9283,317.2,1.1,1,2026-04-22,339,Terra,MODIS,69,61.03,302.1,9.9,D,0
27.2463,84.9176,327,1.1,1,2026-04-22,339,Terra,MODIS,81,61.03,302.4,20.8,D,0
27.2531,84.7556,316.2,1.1,1,2026-04-22,339,Terra,MODIS,66,61.03,301,9.6,D,0
27.2672,83.6288,322.8,1,1,2026-04-22,339,Terra,MODIS,43,61.03,309.6,7.8,D,0
27.2802,83.0293,322.5,1,1,2026-04-22,339,Terra,MODIS,64,61.03,309.2,5.8,D,0
27.2816,83.0195,327.2,1,1,2026-04-22,339,Terra,MODIS,74,61.03,310.2,10.9,D,0
27.3339,82.3945,323.9,1,1,2026-04-22,339,Terra,MODIS,66,61.03,308.2,10.4,D,0
27.3352,82.3846,320.8,1,1,2026-04-22,339,Terra,MODIS,56,61.03,308.2,7.1,D,0
27.3354,84.3447,315.2,1,1,2026-04-22,339,Terra,MODIS,61,61.03,301,8.6,D,0
27.3626,83.161,322.8,1,1,2026-04-22,339,Terra,MODIS,65,61.03,308.8,7.1,D,0
27.3634,83.0304,323.7,1,1,2026-04-22,339,Terra,MODIS,68,61.03,310.2,7.9,D,0
27.3637,82.6317,322.9,1,1,2026-04-22,339,Terra,MODIS,64,61.03,308.7,7.8,D,0
27.3688,83.2427,323.2,1,1,2026-04-22,339,Terra,MODIS,68,61.03,306.9,8.2,D,0
27.3691,84.4242,315.2,1,1,2026-04-22,339,Terra,MODIS,59,61.03,302.7,7.7,D,0
27.3701,82.5219,321.3,1,1,2026-04-22,339,Terra,MODIS,50,61.03,308,6.3,D,0
27.3702,83.2328,322.5,1,1,2026-04-22,339,Terra,MODIS,66,61.03,308,7.3,D,0
27.3709,84.6545,311.1,1.1,1,2026-04-22,339,Terra,MODIS,42,61.03,299.8,4.6,D,0
27.3799,82.6611,323.6,1,1,2026-04-22,339,Terra,MODIS,67,61.03,308.8,8,D,0
27.3813,82.6513,333.9,1,1,2026-04-22,339,Terra,MODIS,82,61.03,309.1,21,D,0
27.3821,82.5809,322.5,1,1,2026-04-22,339,Terra,MODIS,65,61.03,308.2,7.2,D,0
27.3824,84.6996,316.1,1.1,1,2026-04-22,339,Terra,MODIS,59,61.03,301,8.4,D,0
27.3835,82.571,326.1,1,1,2026-04-22,339,Terra,MODIS,72,61.03,309.1,11.4,D,0
27.4021,82.6951,320.8,1,1,2026-04-22,339,Terra,MODIS,56,61.03,307.5,5.9,D,0
27.4034,82.6853,323.5,1,1,2026-04-22,339,Terra,MODIS,67,61.03,308.4,8.9,D,0
27.4223,84.262,314.1,1,1,2026-04-22,339,Terra,MODIS,32,61.03,302.5,6,D,0
27.4417,84.255,314.1,1,1,2026-04-22,339,Terra,MODIS,45,61.03,301.3,6.2,D,0
27.4924,83.1059,322.6,1,1,2026-04-22,339,Terra,MODIS,69,61.03,307.3,6.6,D,0
27.4938,83.0961,345.8,1,1,2026-04-22,339,Terra,MODIS,92,61.03,309.1,40.3,D,0
27.4993,83.873,313.8,1,1,2026-04-22,339,Terra,MODIS,47,61.03,303.1,5.5,D,0
27.4994,83.0568,320.4,1,1,2026-04-22,339,Terra,MODIS,60,61.03,307.2,5.5,D,0
27.5116,83.1596,322.3,1,1,2026-04-22,339,Terra,MODIS,70,61.03,306.5,7.3,D,0
27.5181,84.36,322.1,1,1,2026-04-22,339,Terra,MODIS,76,61.03,300.7,13.7,D,0
27.5208,84.4026,314.3,1,1,2026-04-22,339,Terra,MODIS,60,61.03,300.3,6.8,D,0
27.5249,83.1922,326.6,1,1,2026-04-22,339,Terra,MODIS,77,61.03,304.9,13.6,D,0
27.5263,83.1824,330.7,1,1,2026-04-22,339,Terra,MODIS,81,61.03,306.4,18.1,D,0
27.5551,82.6635,326.8,1,1,2026-04-22,339,Terra,MODIS,76,61.03,307.5,13.5,D,0
27.5565,82.6537,327.7,1,1,2026-04-22,339,Terra,MODIS,77,61.03,308.1,14.3,D,0
27.6207,83.9225,315.7,1,1,2026-04-22,339,Terra,MODIS,66,61.03,300.3,8.7,D,0
27.6347,82.9455,315.5,1,1,2026-04-22,339,Terra,MODIS,43,61.03,301.7,5.8,D,0
27.642,82.9569,317.2,1,1,2026-04-22,339,Terra,MODIS,57,61.03,301.5,7.4,D,0
27.6535,82.0802,324.3,1,1,2026-04-22,339,Terra,MODIS,71,61.03,307.9,11,D,0
27.6824,83.6271,315.2,1,1,2026-04-22,339,Terra,MODIS,64,61.03,301.5,7.8,D,0
27.7258,82.8268,315.6,1,1,2026-04-22,339,Terra,MODIS,57,61.03,303.9,5.6,D,0
27.7389,84.2462,311.1,1,1,2026-04-22,339,Terra,MODIS,58,61.03,300.7,4.6,D,0
27.7721,83.0065,312.9,1,1,2026-04-22,339,Terra,MODIS,43,61.03,301.2,5.8,D,0
27.774,83.3863,313.3,1,1,2026-04-22,339,Terra,MODIS,60,61.03,299,7.5,D,0
27.7825,82.8065,319.5,1,1,2026-04-22,339,Terra,MODIS,69,61.03,300.5,9.9,D,0
27.7844,82.3407,318.5,1,1,2026-04-22,339,Terra,MODIS,65,61.03,303.3,8.3,D,0
27.8292,82.2767,315.8,1,1,2026-04-22,339,Terra,MODIS,55,61.03,302.9,6.3,D,0
27.8525,81.9711,318.3,1,1,2026-04-22,339,Terra,MODIS,53,61.03,306,6.3,D,0
27.872,82.294,313.5,1,1,2026-04-22,339,Terra,MODIS,41,61.03,302.7,5.3,D,0
27.8936,82.8016,313.5,1,1,2026-04-22,339,Terra,MODIS,53,61.03,302.2,5.7,D,0
27.8968,82.8592,319.4,1,1,2026-04-22,339,Terra,MODIS,72,61.03,301.8,9.5,D,0
27.8982,82.8493,315,1,1,2026-04-22,339,Terra,MODIS,51,61.03,301.3,5.5,D,0
27.9052,82.8,313.1,1,1,2026-04-22,339,Terra,MODIS,50,61.03,300.7,4.9,D,0
27.9056,82.8607,318.3,1,1,2026-04-22,339,Terra,MODIS,59,61.03,301.6,8.2,D,0
27.9162,82.9132,315.7,1,1,2026-04-22,339,Terra,MODIS,59,61.03,301,7.5,D,0
27.9231,82.6717,312.5,1,1,2026-04-22,339,Terra,MODIS,44,61.03,299.4,5,D,0
27.9282,82.5542,314,1,1,2026-04-22,339,Terra,MODIS,52,61.03,301.2,5.9,D,0
27.9333,82.6634,313.7,1,1,2026-04-22,339,Terra,MODIS,59,61.03,300.8,5.8,D,0
27.9678,80.8092,319.8,1.1,1.1,2026-04-22,339,Terra,MODIS,61,61.03,306.9,7.8,D,0
27.9868,82.275,313.9,1,1,2026-04-22,339,Terra,MODIS,57,61.03,301.7,5,D,0
28.0113,82.5551,313.7,1,1,2026-04-22,339,Terra,MODIS,54,61.03,300.1,6.5,D,0
28.0335,80.7921,319.5,1.1,1.1,2026-04-22,339,Terra,MODIS,61,61.03,306.4,7.7,D,0
28.0373,82.9001,309.6,1,1,2026-04-22,339,Terra,MODIS,42,61.03,298,4.1,D,0
28.0402,80.3105,319.8,1.2,1.1,2026-04-22,339,Terra,MODIS,58,61.03,306.3,9.3,D,0
28.0468,82.0994,312.5,1,1,2026-04-22,339,Terra,MODIS,46,61.03,301.4,4.8,D,0
28.0523,82.0588,313.6,1,1,2026-04-22,339,Terra,MODIS,41,61.03,301.4,5.5,D,0
28.0687,81.9366,318,1,1,2026-04-22,339,Terra,MODIS,62,61.03,301.5,9.7,D,0
28.0727,82.0417,315.8,1,1,2026-04-22,339,Terra,MODIS,16,61.03,302.1,6.2,D,0
28.079,81.0851,325.8,1.1,1,2026-04-22,339,Terra,MODIS,75,61.03,305.8,15.3,D,0
28.0871,82.0025,315.7,1,1,2026-04-22,339,Terra,MODIS,46,61.03,300.2,7.3,D,0
28.1293,81.9006,332.4,1,1,2026-04-22,339,Terra,MODIS,84,61.03,301.6,26.7,D,0
28.1307,81.8903,318.8,1,1,2026-04-22,339,Terra,MODIS,69,61.03,300.9,10.6,D,0
28.1355,81.9226,335.7,1,1,2026-04-22,339,Terra,MODIS,87,61.03,304,30.8,D,0
28.1369,81.9123,350.3,1,1,2026-04-22,339,Terra,MODIS,95,61.03,303.9,57.6,D,0
28.1382,81.9021,325.8,1,1,2026-04-22,339,Terra,MODIS,78,61.03,302,16.8,D,0
28.1388,81.9661,314.4,1,1,2026-04-22,339,Terra,MODIS,34,61.03,301.7,5.5,D,0
28.1464,81.8404,313,1,1,2026-04-22,339,Terra,MODIS,50,61.03,300.4,5.9,D,0
28.1478,81.8301,315.1,1,1,2026-04-22,339,Terra,MODIS,60,61.03,300.2,7.6,D,0
28.1725,81.9184,315,1,1,2026-04-22,339,Terra,MODIS,59,61.03,302,5.9,D,0
28.2308,82.102,317.2,1,1,2026-04-22,339,Terra,MODIS,68,61.03,302.6,8.3,D,0
28.2328,81.8829,312.4,1,1,2026-04-22,339,Terra,MODIS,47,61.03,300.8,4.6,D,0
28.2824,82.3343,311.3,1,1,2026-04-22,339,Terra,MODIS,57,61.03,296.1,6.4,D,0
28.2838,82.3242,321.6,1,1,2026-04-22,339,Terra,MODIS,76,61.03,297.2,15.2,D,0
28.2852,82.3141,334.2,1,1,2026-04-22,339,Terra,MODIS,87,61.03,298.1,30.8,D,0
28.2866,82.304,312.4,1,1,2026-04-22,339,Terra,MODIS,46,61.03,297.2,6.4,D,0
28.3404,82.3202,307.5,1,1,2026-04-22,339,Terra,MODIS,19,61.03,295.6,3.4,D,0
28.3418,82.3101,310.1,1,1,2026-04-22,339,Terra,MODIS,49,61.03,295.8,5.2,D,0
28.4216,81.9172,317.3,1,1,2026-04-22,339,Terra,MODIS,70,61.03,299,9.7,D,0
28.4362,81.8764,313.5,1,1,2026-04-22,339,Terra,MODIS,60,61.03,299.8,5.5,D,0
28.4536,81.6042,312.7,1.1,1,2026-04-22,339,Terra,MODIS,57,61.03,299.9,5.8,D,0
28.4721,80.2142,322.6,1.2,1.1,2026-04-22,339,Terra,MODIS,71,61.03,306.7,12.8,D,0
28.4787,82.2469,310.3,1,1,2026-04-22,339,Terra,MODIS,52,61.03,297.5,5.5,D,0
28.4856,81.5002,315.4,1.1,1,2026-04-22,339,Terra,MODIS,64,61.03,302.6,6.9,D,0
28.5157,81.6938,312.6,1.1,1,2026-04-22,339,Terra,MODIS,60,61.03,298.3,6.4,D,0
28.5315,81.4319,313.2,1.1,1,2026-04-22,339,Terra,MODIS,57,61.03,301.5,6.5,D,0
28.5899,81.9689,321.7,1,1,2026-04-22,339,Terra,MODIS,77,61.03,302.5,13.3,D,0
28.6874,81.646,326.5,1.1,1,2026-04-22,339,Terra,MODIS,81,61.03,298.3,21.8,D,0
28.7136,82.0056,314.2,1,1,2026-04-22,339,Terra,MODIS,68,61.03,300.9,7.8,D,0
28.7341,81.7127,313.8,1.1,1,2026-04-22,339,Terra,MODIS,55,61.03,297.2,7.1,D,0
28.7574,80.2141,318.3,1.2,1.1,2026-04-22,339,Terra,MODIS,59,61.03,304,10.5,D,0
28.8146,81.0857,310.1,1.1,1.1,2026-04-22,339,Terra,MODIS,35,61.03,299.5,5.4,D,0
28.8424,81.0892,312,1.1,1.1,2026-04-22,339,Terra,MODIS,53,61.03,299.3,6.2,D,0
28.8671,80.5835,318.4,1.2,1.1,2026-04-22,339,Terra,MODIS,68,61.03,303.4,10.3,D,0
28.922,81.3951,315.3,1.1,1,2026-04-22,339,Terra,MODIS,61,61.03,301.8,6.1,D,0
28.9269,81.4301,316.9,1.1,1,2026-04-22,339,Terra,MODIS,71,61.03,302.4,8.7,D,0
28.9276,81.067,310.5,1.1,1.1,2026-04-22,339,Terra,MODIS,44,61.03,298.6,5.2,D,0
28.9472,80.9874,310.5,1.1,1.1,2026-04-22,339,Terra,MODIS,44,61.03,298.8,4.5,D,0
28.9948,80.808,312,1.1,1.1,2026-04-22,339,Terra,MODIS,57,61.03,299.9,6.2,D,0
29.0555,80.5442,314.2,1.2,1.1,2026-04-22,339,Terra,MODIS,61,61.03,302.6,7,D,0
29.0738,80.6318,326.3,1.2,1.1,2026-04-22,339,Terra,MODIS,80,61.03,300.6,22.3,D,0
20.9644,85.1771,328.1,1.4,1.2,2026-04-22,340,Terra,MODIS,61,61.03,308.7,18.8,D,2
20.9661,85.1717,328.9,1.4,1.2,2026-04-22,340,Terra,MODIS,38,61.03,308.8,19.6,D,2
20.9822,85.0077,326.7,1.3,1.1,2026-04-22,340,Terra,MODIS,75,61.03,307.8,17.5,D,0
20.9842,84.9954,325.6,1.3,1.1,2026-04-22,340,Terra,MODIS,74,61.03,307.9,16.2,D,0
21.3518,84.4945,321.6,1.2,1.1,2026-04-22,340,Terra,MODIS,66,61.03,304.1,15.8,D,0
21.408,82.1785,322.7,1,1,2026-04-22,340,Terra,MODIS,58,61.03,306.6,7.5,D,0
21.6865,80.064,321.1,1.1,1,2026-04-22,340,Terra,MODIS,54,61.03,308.4,6.4,D,0
21.7338,84.6904,317.3,1.2,1.1,2026-04-22,340,Terra,MODIS,44,61.03,305.7,7.2,D,0
21.7466,83.8492,323.1,1.1,1.1,2026-04-22,340,Terra,MODIS,29,61.03,307.5,8.1,D,2
21.8354,81.4649,328.8,1,1,2026-04-22,340,Terra,MODIS,74,61.03,313.7,10.2,D,0
21.9658,79.2644,327.6,1.1,1.1,2026-04-22,340,Terra,MODIS,73,61.03,310,13.8,D,0
22.0418,83.7376,324.8,1.1,1,2026-04-22,340,Terra,MODIS,72,61.03,311.6,10.6,D,2
22.1043,79.4714,337.6,1.1,1.1,2026-04-22,340,Terra,MODIS,85,61.03,306.1,31.5,D,0
22.1056,79.4608,339.4,1.1,1.1,2026-04-22,340,Terra,MODIS,87,61.03,309.2,33.8,D,0
22.1462,79.5851,329.6,1.1,1.1,2026-04-22,340,Terra,MODIS,76,61.03,301.4,19.2,D,0
22.1643,79.647,320.5,1.1,1,2026-04-22,340,Terra,MODIS,48,61.03,300.1,6.9,D,0
22.1657,79.6365,321.2,1.1,1.1,2026-04-22,340,Terra,MODIS,55,61.03,300.6,7.5,D,0
22.1735,79.6482,331.6,1.1,1,2026-04-22,340,Terra,MODIS,79,61.03,302.1,21.3,D,0
22.1749,79.6378,338.4,1.1,1.1,2026-04-22,340,Terra,MODIS,86,61.03,303.3,32.7,D,0
22.1855,79.2091,325.3,1.2,1.1,2026-04-22,340,Terra,MODIS,57,61.03,312.3,9.5,D,0
22.1866,79.6925,324.3,1.1,1,2026-04-22,340,Terra,MODIS,65,61.03,302.9,11.2,D,0
22.1869,79.1982,326.1,1.2,1.1,2026-04-22,340,Terra,MODIS,59,61.03,311.8,10.9,D,0
22.1879,79.6821,325,1.1,1,2026-04-22,340,Terra,MODIS,66,61.03,301.1,11.8,D,0
22.2033,79.7794,324.1,1.1,1,2026-04-22,340,Terra,MODIS,58,61.03,306.4,10.3,D,0
22.2119,79.0784,322.1,1.2,1.1,2026-04-22,340,Terra,MODIS,56,61.03,307.6,7.6,D,0
22.2125,79.7807,324.3,1.1,1,2026-04-22,340,Terra,MODIS,42,61.03,307.3,9.1,D,0
22.2134,79.0673,323.1,1.2,1.1,2026-04-22,340,Terra,MODIS,63,61.03,306.9,9.1,D,0
22.2356,75.8599,322.2,1.9,1.3,2026-04-22,340,Terra,MODIS,60,61.03,305.3,16.5,D,0
22.2617,79.4784,321.1,1.1,1.1,2026-04-22,340,Terra,MODIS,39,61.03,307.2,6,D,0
22.2827,75.7551,330.2,1.9,1.4,2026-04-22,340,Terra,MODIS,77,61.03,308.9,35.5,D,0
22.3418,79.7699,328.9,1.1,1,2026-04-22,340,Terra,MODIS,75,61.03,311.2,11.5,D,0
22.3432,79.7596,340.6,1.1,1,2026-04-22,340,Terra,MODIS,87,61.03,310.7,31.3,D,0
22.3604,79.6984,326,1.1,1,2026-04-22,340,Terra,MODIS,61,61.03,308.2,9.4,D,0
22.3619,79.972,327.2,1.1,1,2026-04-22,340,Terra,MODIS,72,61.03,308.9,13,D,0
22.3633,79.9618,333.2,1.1,1,2026-04-22,340,Terra,MODIS,80,61.03,309.1,20.6,D,0
22.3656,79.7311,323.9,1.1,1,2026-04-22,340,Terra,MODIS,36,61.03,308.4,5.9,D,0
22.3821,79.5299,324.5,1.1,1.1,2026-04-22,340,Terra,MODIS,66,61.03,309.5,8.8,D,0
22.3835,79.5193,325.3,1.1,1.1,2026-04-22,340,Terra,MODIS,68,61.03,310.7,9.8,D,0
22.4079,79.6948,324.6,1.1,1,2026-04-22,340,Terra,MODIS,65,61.03,310,8.6,D,0
22.4433,79.6958,329.4,1.1,1.1,2026-04-22,340,Terra,MODIS,75,61.03,309,15.6,D,0
22.4446,79.2651,326,1.2,1.1,2026-04-22,340,Terra,MODIS,69,61.03,308.4,13,D,0
22.4447,79.6853,332.8,1.1,1.1,2026-04-22,340,Terra,MODIS,80,61.03,310,21.1,D,0
22.4487,79.6538,320.8,1.1,1.1,2026-04-22,340,Terra,MODIS,41,61.03,307.4,4.7,D,0
22.454,79.9715,323.9,1.1,1,2026-04-22,340,Terra,MODIS,64,61.03,308.5,9.1,D,0
22.4816,79.6907,324.9,1.1,1.1,2026-04-22,340,Terra,MODIS,66,61.03,308.5,10.3,D,0
22.4895,82.1793,318.6,1,1,2026-04-22,340,Terra,MODIS,46,61.03,306.6,5.3,D,0
22.5186,81.6466,322.4,1,1,2026-04-22,340,Terra,MODIS,55,61.03,307.6,11.2,D,0
22.5365,81.791,318.7,1,1,2026-04-22,340,Terra,MODIS,49,61.03,307.2,5.9,D,0
22.6165,75.5753,324.5,2,1.4,2026-04-22,340,Terra,MODIS,63,61.03,307,19.2,D,0
22.6249,75.5702,324.5,2,1.4,2026-04-22,340,Terra,MODIS,64,61.03,308.2,19.5,D,2
22.8841,76.2183,326,1.8,1.3,2026-04-22,340,Terra,MODIS,65,61.03,310.3,17.7,D,0
22.897,83.353,322.6,1.1,1,2026-04-22,340,Terra,MODIS,61,61.03,306.9,10.9,D,0
22.8971,84.0182,318.8,1.1,1.1,2026-04-22,340,Terra,MODIS,9,61.03,306.4,6.8,D,0
22.9047,84.0303,321.8,1.1,1.1,2026-04-22,340,Terra,MODIS,58,61.03,305.2,10,D,0
22.931,84.0307,321.7,1.1,1.1,2026-04-22,340,Terra,MODIS,49,61.03,305.1,9.7,D,0
23.0537,78.3064,329.2,1.3,1.1,2026-04-22,340,Terra,MODIS,68,61.03,313.7,15.3,D,0
23.0542,78.2998,331.9,1.3,1.1,2026-04-22,340,Terra,MODIS,77,61.03,313.7,21,D,0
23.1949,77.6299,326.1,1.5,1.2,2026-04-22,340,Terra,MODIS,57,61.03,311.1,13.5,D,0
23.1965,77.6158,347.9,1.5,1.2,2026-04-22,340,Terra,MODIS,92,61.03,312.4,73.9,D,0
23.212,77.5749,324.8,1.5,1.2,2026-04-22,340,Terra,MODIS,61,61.03,310.7,13.4,D,0
23.2144,77.6465,343.1,1.5,1.2,2026-04-22,340,Terra,MODIS,89,61.03,311.7,57.9,D,0
23.2357,77.6988,323.7,1.5,1.2,2026-04-22,340,Terra,MODIS,55,61.03,310.5,11.4,D,0
23.2373,77.6846,333.9,1.5,1.2,2026-04-22,340,Terra,MODIS,79,61.03,311.3,33.2,D,0
23.2504,77.7567,328.7,1.4,1.2,2026-04-22,340,Terra,MODIS,71,61.03,311.9,19.7,D,0
23.2753,77.8158,326.3,1.4,1.2,2026-04-22,340,Terra,MODIS,62,61.03,311.2,14.6,D,0
23.294,79.8118,322.8,1.1,1.1,2026-04-22,340,Terra,MODIS,52,61.03,308.4,10.2,D,0
23.3148,77.9917,327.3,1.4,1.2,2026-04-22,340,Terra,MODIS,67,61.03,311.6,15.7,D,0
23.3828,77.8288,325.8,1.4,1.2,2026-04-22,340,Terra,MODIS,60,61.03,312.3,13.1,D,0
23.3928,77.9267,327.1,1.4,1.2,2026-04-22,340,Terra,MODIS,65,61.03,313.6,15.3,D,0
23.4412,78.8042,332.5,1.3,1.1,2026-04-22,340,Terra,MODIS,77,61.03,313.9,22.6,D,0
23.49,77.7302,328.9,1.5,1.2,2026-04-22,340,Terra,MODIS,64,61.03,312.7,19.1,D,0
23.4932,84.2895,317.1,1.1,1.1,2026-04-22,340,Terra,MODIS,42,61.03,305.7,6.1,D,0
23.4954,77.7368,331.8,1.5,1.2,2026-04-22,340,Terra,MODIS,74,61.03,313.7,25.3,D,0
23.5123,77.6821,328.2,1.5,1.2,2026-04-22,340,Terra,MODIS,66,61.03,311.7,18.4,D,0
23.5168,78.2716,325.6,1.4,1.2,2026-04-22,340,Terra,MODIS,44,61.03,312.1,11.5,D,0
23.5253,80.7779,335.1,1,1,2026-04-22,340,Terra,MODIS,81,61.03,311.7,21.7,D,0
23.5259,79.6614,329.8,1.1,1.1,2026-04-22,340,Terra,MODIS,72,61.03,311.5,15.9,D,0
23.5273,79.6505,328.5,1.1,1.1,2026-04-22,340,Terra,MODIS,70,61.03,311.8,13.7,D,0
23.5612,78.9179,331.5,1.2,1.1,2026-04-22,340,Terra,MODIS,75,61.03,311.8,21.8,D,0
23.596,79.1433,330.1,1.2,1.1,2026-04-22,340,Terra,MODIS,72,61.03,313.3,16.1,D,0
23.6056,79.1447,328,1.2,1.1,2026-04-22,340,Terra,MODIS,68,61.03,313.4,12.2,D,0
23.6147,76.2121,329.5,1.9,1.3,2026-04-22,340,Terra,MODIS,71,61.03,311,28.8,D,0
23.6198,78.4283,328,1.3,1.1,2026-04-22,340,Terra,MODIS,67,61.03,312,17.1,D,0
23.6524,78.4969,327.2,1.3,1.1,2026-04-22,340,Terra,MODIS,65,61.03,312.6,14.7,D,0
23.6699,74.8947,331,2.4,1.5,2026-04-22,340,Terra,MODIS,76,61.03,309.6,53.7,D,0
23.7552,78.9942,326.4,1.2,1.1,2026-04-22,340,Terra,MODIS,63,61.03,313.2,11,D,0
23.7582,75.5822,328.1,2.1,1.4,2026-04-22,340,Terra,MODIS,70,61.03,311.4,28.7,D,0
23.7591,77.8329,326.3,1.5,1.2,2026-04-22,340,Terra,MODIS,56,61.03,312.4,12.3,D,0
23.7686,77.6993,328.8,1.5,1.2,2026-04-22,340,Terra,MODIS,60,61.03,312.7,17.5,D,0
23.7701,77.7349,327.8,1.5,1.2,2026-04-22,340,Terra,MODIS,61,61.03,314.4,14.2,D,0
23.7748,77.6925,336.1,1.5,1.2,2026-04-22,340,Terra,MODIS,80,61.03,313.4,34,D,0
23.7764,77.6783,339.8,1.5,1.2,2026-04-22,340,Terra,MODIS,85,61.03,312.8,43,D,0
23.7783,86.2079,321.3,1.4,1.2,2026-04-22,340,Terra,MODIS,65,61.03,308,14.1,D,2
23.8008,77.6525,330.6,1.5,1.2,2026-04-22,340,Terra,MODIS,72,61.03,314.1,19.9,D,0
23.8025,77.6382,331.6,1.5,1.2,2026-04-22,340,Terra,MODIS,74,61.03,314.8,22.9,D,0
23.817,78.3107,324.6,1.4,1.2,2026-04-22,340,Terra,MODIS,51,61.03,312.9,9.1,D,0
23.8706,77.9378,324.2,1.4,1.2,2026-04-22,340,Terra,MODIS,46,61.03,311.9,11.2,D,2
23.8722,77.9241,325.2,1.4,1.2,2026-04-22,340,Terra,MODIS,55,61.03,312.1,14,D,0
23.8795,78.3058,327.7,1.4,1.2,2026-04-22,340,Terra,MODIS,65,61.03,312.5,15,D,0
23.9329,77.6757,328.1,1.5,1.2,2026-04-22,340,Terra,MODIS,66,61.03,313.8,17.8,D,0
23.9518,78.8885,328.9,1.3,1.1,2026-04-22,340,Terra,MODIS,69,61.03,313.1,15.6,D,0
23.9591,78.8281,326.7,1.3,1.1,2026-04-22,340,Terra,MODIS,63,61.03,314.2,12.4,D,0
23.9987,78.0506,334.9,1.4,1.2,2026-04-22,340,Terra,MODIS,79,61.03,312.6,31.8,D,0
24.0009,78.0585,325.1,1.4,1.2,2026-04-22,340,Terra,MODIS,53,61.03,312.3,11.4,D,0
24.0025,78.045,330.4,1.4,1.2,2026-04-22,340,Terra,MODIS,71,61.03,312.4,22.9,D,0
24.0128,78.2027,326.2,1.4,1.2,2026-04-22,340,Terra,MODIS,53,61.03,312.2,14,D,0
24.0144,78.1894,327.4,1.4,1.2,2026-04-22,340,Terra,MODIS,61,61.03,313.1,16.6,D,0
24.0276,82.4633,325.5,1,1,2026-04-22,340,Terra,MODIS,67,61.03,311,8.2,D,0
24.0608,77.5879,325.9,1.5,1.2,2026-04-22,340,Terra,MODIS,58,61.03,313.6,13.6,D,0
24.1417,78.24,326.4,1.4,1.2,2026-04-22,340,Terra,MODIS,60,61.03,313.1,13.6,D,0
24.1604,82.6354,323.1,1,1,2026-04-22,340,Terra,MODIS,56,61.03,309.6,6.7,D,2
24.1618,82.6258,324.8,1,1,2026-04-22,340,Terra,MODIS,63,61.03,309.3,8.2,D,0
24.2685,79.8045,328.7,1.1,1.1,2026-04-22,340,Terra,MODIS,70,61.03,310.8,14,D,0
24.2901,77.4646,327.2,1.6,1.2,2026-04-22,340,Terra,MODIS,63,61.03,314.3,16.6,D,0
24.2991,82.6261,335.3,1,1,2026-04-22,340,Terra,MODIS,81,61.03,313.7,20.5,D,0
24.3004,82.6165,340.7,1,1,2026-04-22,340,Terra,MODIS,87,61.03,312.9,29.1,D,0
24.3449,81.3298,328.4,1,1,2026-04-22,340,Terra,MODIS,70,61.03,308.6,12.1,D,0
24.3462,81.32,323.3,1,1,2026-04-22,340,Terra,MODIS,35,61.03,310.1,5.8,D,0
24.3806,79.8715,328.6,1.1,1.1,2026-04-22,340,Terra,MODIS,70,61.03,313.1,12.9,D,0
24.389,79.0664,330.7,1.2,1.1,2026-04-22,340,Terra,MODIS,73,61.03,312.3,20.4,D,0
24.4095,79.942,325.4,1.1,1.1,2026-04-22,340,Terra,MODIS,47,61.03,313.3,7.4,D,0
24.4324,79.963,333.5,1.1,1.1,2026-04-22,340,Terra,MODIS,78,61.03,314,18.8,D,0
24.4666,78.9359,323.3,1.3,1.1,2026-04-22,340,Terra,MODIS,45,61.03,311.1,8.5,D,0
24.4681,78.9236,324.4,1.3,1.1,2026-04-22,340,Terra,MODIS,54,61.03,311.6,10.4,D,0
24.506,81.6953,327.9,1,1,2026-04-22,340,Terra,MODIS,69,61.03,313,10.4,D,0
24.5251,78.0968,324.8,1.4,1.2,2026-04-22,340,Terra,MODIS,54,61.03,313,12,D,0
24.5267,78.083,344.9,1.4,1.2,2026-04-22,340,Terra,MODIS,90,61.03,313.4,62.4,D,0
24.5399,81.8552,349.8,1,1,2026-04-22,340,Terra,MODIS,93,61.03,313.1,46.2,D,0
24.5413,81.8455,325.8,1,1,2026-04-22,340,Terra,MODIS,58,61.03,312.3,7.3,D,0
24.5516,80.4679,331.1,1.1,1,2026-04-22,340,Terra,MODIS,74,61.03,314.3,14.4,D,0
24.553,80.4576,327.3,1.1,1,2026-04-22,340,Terra,MODIS,54,61.03,314,9.1,D,0
24.5539,78.3668,328.1,1.4,1.2,2026-04-22,340,Terra,MODIS,67,61.03,311.9,18.1,D,0
24.5554,78.3536,333.1,1.4,1.2,2026-04-22,340,Terra,MODIS,77,61.03,313.2,28.6,D,0
24.5607,80.4693,334.8,1.1,1,2026-04-22,340,Terra,MODIS,78,61.03,313.2,19,D,0
24.5803,78.138,324.5,1.4,1.2,2026-04-22,340,Terra,MODIS,53,61.03,312.5,11.1,D,0
24.6636,82.5361,337.4,1,1,2026-04-22,340,Terra,MODIS,83,61.03,313.7,23.2,D,0
24.6681,77.8867,326.7,1.5,1.2,2026-04-22,340,Terra,MODIS,60,61.03,312.1,14.6,D,0
24.6846,77.601,326.5,1.6,1.2,2026-04-22,340,Terra,MODIS,63,61.03,312.7,17.1,D,0
24.7183,77.6272,324,1.5,1.2,2026-04-22,340,Terra,MODIS,51,61.03,312,11.4,D,0
24.7755,80.5886,340.6,1.1,1,2026-04-22,340,Terra,MODIS,86,61.03,311.2,30.7,D,0
24.7769,80.5783,388.6,1.1,1,2026-04-22,340,Terra,MODIS,100,61.03,319,195.1,D,0
24.7783,80.568,325.9,1.1,1,2026-04-22,340,Terra,MODIS,63,61.03,313.2,8.6,D,0
24.8024,84.1437,322.1,1.1,1,2026-04-22,340,Terra,MODIS,36,61.03,309.8,8.4,D,0
24.8279,83.5495,324.9,1,1,2026-04-22,340,Terra,MODIS,57,61.03,310.8,8.5,D,0
24.8342,78.1346,325,1.4,1.2,2026-04-22,340,Terra,MODIS,57,61.03,310.9,14,D,0
24.8426,84.0028,324.9,1.1,1,2026-04-22,340,Terra,MODIS,62,61.03,311.9,8.5,D,0
24.8973,77.6626,335.9,1.5,1.2,2026-04-22,340,Terra,MODIS,81,61.03,312.1,39.3,D,0
24.9081,77.664,334.8,1.5,1.2,2026-04-22,340,Terra,MODIS,79,61.03,313.6,37.5,D,0
24.9098,77.649,327.4,1.6,1.2,2026-04-22,340,Terra,MODIS,65,61.03,313.1,18.7,D,0
24.9629,81.791,332.6,1,1,2026-04-22,340,Terra,MODIS,76,61.03,313.8,15.9,D,0
25.1541,76.9691,329.6,1.7,1.3,2026-04-22,340,Terra,MODIS,71,61.03,312.6,24.8,D,0
25.2767,77.1091,329.1,1.7,1.3,2026-04-22,340,Terra,MODIS,70,61.03,312.7,27.6,D,0
25.3216,79.3758,331.8,1.2,1.1,2026-04-22,340,Terra,MODIS,66,61.03,310.3,21.5,D,0
25.4647,76.7267,327.5,1.8,1.3,2026-04-22,340,Terra,MODIS,68,61.03,313.7,20.3,D,0
25.4913,78.6164,327.1,1.4,1.2,2026-04-22,340,Terra,MODIS,67,61.03,310.7,16.2,D,0
25.4921,78.6232,324.5,1.4,1.2,2026-04-22,340,Terra,MODIS,52,61.03,310,11.9,D,0
17.8269,81.7813,325.8,1,1,2026-04-22,341,Terra,MODIS,77,61.03,300.8,16.6,D,0
17.839,81.8221,316.8,1,1,2026-04-22,341,Terra,MODIS,60,61.03,300.5,7.4,D,0
17.9081,81.734,313.6,1,1,2026-04-22,341,Terra,MODIS,40,61.03,298.5,5.7,D,0
18.0179,80.7164,321.4,1,1,2026-04-22,341,Terra,MODIS,68,61.03,303.1,6.3,D,0
18.6113,79.9822,320,1,1,2026-04-22,341,Terra,MODIS,53,61.03,302.5,5.1,D,0
18.6207,81.1439,315.5,1,1,2026-04-22,341,Terra,MODIS,44,61.03,300.5,6,D,0
18.7972,80.233,320.4,1,1,2026-04-22,341,Terra,MODIS,66,61.03,302.2,6.9,D,0
18.9145,79.8526,321.7,1,1,2026-04-22,341,Terra,MODIS,55,61.03,303.7,8,D,0
19.0993,82.1699,314.9,1,1,2026-04-22,341,Terra,MODIS,60,61.03,300.5,7.3,D,2
19.1556,78.7997,320.6,1.1,1.1,2026-04-22,341,Terra,MODIS,55,61.03,304.7,7.4,D,0
19.1636,78.8116,319.8,1.1,1.1,2026-04-22,341,Terra,MODIS,47,61.03,304,6.1,D,0
19.6698,79.0904,321.3,1.1,1.1,2026-04-22,341,Terra,MODIS,45,61.03,306,6.9,D,0
19.7134,80.9351,317.3,1,1,2026-04-22,341,Terra,MODIS,43,61.03,303.3,5.4,D,0
19.7177,79.5655,325.5,1.1,1,2026-04-22,341,Terra,MODIS,66,61.03,306.3,10.3,D,0
19.7191,79.5556,324.1,1.1,1,2026-04-22,341,Terra,MODIS,61,61.03,307.6,9.3,D,0
19.7854,80.9524,319.3,1,1,2026-04-22,341,Terra,MODIS,59,61.03,303.7,6.8,D,0
19.8055,78.4116,326.1,1.2,1.1,2026-04-22,341,Terra,MODIS,66,61.03,309.3,10.9,D,0
20.0388,83.8921,315.4,1.2,1.1,2026-04-22,341,Terra,MODIS,32,61.03,302.3,6.7,D,0
20.0741,77.1364,327.5,1.4,1.2,2026-04-22,341,Terra,MODIS,70,61.03,308.6,17.8,D,0
20.1979,83.6893,316.5,1.2,1.1,2026-04-22,341,Terra,MODIS,46,61.03,303.4,6.5,D,0
20.3523,83.5389,321.5,1.1,1.1,2026-04-22,341,Terra,MODIS,66,61.03,305.9,8.2,D,0
20.687,82.7407,320.7,1,1,2026-04-22,341,Terra,MODIS,48,61.03,307.2,6.7,D,0
20.728,77.2089,326.1,1.5,1.2,2026-04-22,341,Terra,MODIS,61,61.03,309.6,12.5,D,0
20.7566,80.2618,317.2,1,1,2026-04-22,341,Terra,MODIS,32,61.03,301.6,6.1,D,0
21.1674,83.0506,323.6,1.1,1,2026-04-22,341,Terra,MODIS,68,61.03,308.4,8.2,D,0
21.1951,81.4248,322.4,1,1,2026-04-22,341,Terra,MODIS,66,61.03,301.1,10.4,D,2
21.1964,81.4154,332.4,1,1,2026-04-22,341,Terra,MODIS,81,61.03,301.5,22.1,D,2
21.2503,78.4579,328.8,1.2,1.1,2026-04-22,341,Terra,MODIS,74,61.03,309.5,16.4,D,0
21.2901,82.2301,326.8,1,1,2026-04-22,341,Terra,MODIS,72,61.03,307.2,12.5,D,0
21.2975,80.7588,318.9,1,1,2026-04-22,341,Terra,MODIS,54,61.03,303.3,5.5,D,0
21.8228,77.244,322.9,1.5,1.2,2026-04-22,341,Terra,MODIS,55,61.03,307.7,11.4,D,0
14.5358,79.6394,318.4,1,1,2026-04-22,342,Terra,MODIS,38,61.03,305.4,5.5,D,0
14.5371,79.6303,321.4,1,1,2026-04-22,342,Terra,MODIS,57,61.03,305.8,8.1,D,0
14.6176,78.9226,322.2,1,1,2026-04-22,342,Terra,MODIS,62,61.03,304.9,10.8,D,0
14.7548,77.9751,325.4,1.1,1.1,2026-04-22,342,Terra,MODIS,70,61.03,308.5,8.9,D,0
14.9691,78.5751,322.9,1.1,1,2026-04-22,342,Terra,MODIS,52,61.03,307.2,6.9,D,2
14.9704,78.5654,322.8,1.1,1,2026-04-22,342,Terra,MODIS,40,61.03,307.2,6,D,0
15.1194,78.2137,322.6,1.1,1,2026-04-22,342,Terra,MODIS,64,61.03,305.8,8.6,D,0
15.1289,78.4819,325,1.1,1,2026-04-22,342,Terra,MODIS,47,61.03,309.9,8.6,D,0
15.3968,79.4201,324.4,1,1,2026-04-22,342,Terra,MODIS,58,61.03,307.9,8.1,D,0
15.5749,79.2698,325.9,1,1,2026-04-22,342,Terra,MODIS,70,61.03,305.4,12.9,D,0
15.5988,77.9279,325.6,1.1,1.1,2026-04-22,342,Terra,MODIS,75,61.03,309.1,8.5,D,0
15.6794,78.497,324.9,1.1,1,2026-04-22,342,Terra,MODIS,72,61.03,305.1,10.8,D,0
15.699,78.4897,325,1.1,1,2026-04-22,342,Terra,MODIS,66,61.03,304.6,10.2,D,0
15.7141,78.1804,327.6,1.1,1.1,2026-04-22,342,Terra,MODIS,77,61.03,304.8,13.2,D,0
15.7154,78.1703,347.4,1.1,1.1,2026-04-22,342,Terra,MODIS,93,61.03,306.6,50.3,D,0
15.7858,78.5283,321.3,1.1,1,2026-04-22,342,Terra,MODIS,56,61.03,303.7,5.9,D,0
15.7872,78.5185,322,1.1,1,2026-04-22,342,Terra,MODIS,61,61.03,304.4,6.8,D,0
16.0161,80.3889,320.8,1,1,2026-04-22,342,Terra,MODIS,61,61.03,305.2,6.6,D,0
16.0448,80.1243,321.7,1,1,2026-04-22,342,Terra,MODIS,64,61.03,306.8,6.5,D,0
16.6277,80.1086,323.1,1,1,2026-04-22,342,Terra,MODIS,19,61.03,305.4,7.6,D,0
16.6403,80.0825,326,1,1,2026-04-22,342,Terra,MODIS,60,61.03,306.2,12.7,D,0
16.6491,80.0838,329,1,1,2026-04-22,342,Terra,MODIS,21,61.03,307.7,14.8,D,0
16.6581,80.1009,334.1,1,1,2026-04-22,342,Terra,MODIS,75,61.03,306.5,19.8,D,0
16.6593,80.0918,339.9,1,1,2026-04-22,342,Terra,MODIS,87,61.03,306.9,30.2,D,0
16.7054,78.3938,322,1.1,1.1,2026-04-22,342,Terra,MODIS,69,61.03,302.9,12.1,D,0
16.78,80.2091,315.9,1,1,2026-04-22,342,Terra,MODIS,40,61.03,302.1,6.3,D,0
16.9972,78.7705,322.3,1.1,1,2026-04-22,342,Terra,MODIS,68,61.03,305.3,7.7,D,0
17.0554,80.409,317.6,1,1,2026-04-22,342,Terra,MODIS,58,61.03,302.3,6.2,D,0
17.2419,80.5395,316.9,1,1,2026-04-22,342,Terra,MODIS,55,61.03,301.3,5.6,D,0
17.4419,81.1971,320.6,1,1,2026-04-22,342,Terra,MODIS,63,61.03,302.3,7.9,D,0
17.5412,80.4448,322.4,1,1,2026-04-22,342,Terra,MODIS,69,61.03,302.1,8.4,D,0
17.6494,80.1231,325.8,1,1,2026-04-22,342,Terra,MODIS,75,61.03,302.5,12.8,D,0
17.6507,80.1139,326.9,1,1,2026-04-22,342,Terra,MODIS,76,61.03,302.4,14.4,D,0
17.658,81.5519,314.6,1,1,2026-04-22,342,Terra,MODIS,24,61.03,295.8,4.9,D,0
17.8427,80.0605,320.7,1,1,2026-04-22,342,Terra,MODIS,50,61.03,303.3,6.8,D,0
17.9451,79.6612,323.1,1,1,2026-04-22,342,Terra,MODIS,70,61.03,302.2,10.6,D,0
18.0014,79.0384,315.8,1.1,1,2026-04-22,342,Terra,MODIS,31,61.03,297.1,6.3,D,0
11.3826,76.6341,327.6,1.2,1.1,2026-04-22,343,Terra,MODIS,78,61.03,295.8,30,D,0
11.384,76.6236,319.8,1.2,1.1,2026-04-22,343,Terra,MODIS,62,61.03,294.9,19.6,D,0
13.3448,78.2563,318.7,1.1,1,2026-04-22,343,Terra,MODIS,54,61.03,306.5,6.7,D,0
13.3461,78.2468,319.8,1.1,1,2026-04-22,343,Terra,MODIS,58,61.03,307.2,7.8,D,0
13.8553,78.3643,326.3,1.1,1,2026-04-22,343,Terra,MODIS,71,61.03,308.4,12.5,D,0
13.9073,78.1854,321.7,1.1,1,2026-04-22,343,Terra,MODIS,59,61.03,309.1,6.1,D,0
13.9743,77.5414,322.5,1.2,1.1,2026-04-22,343,Terra,MODIS,53,61.03,310.4,8.3,D,0
14.1155,79.077,320,1,1,2026-04-22,343,Terra,MODIS,44,61.03,306.7,5.4,D,0
14.1168,79.0679,322.6,1,1,2026-04-22,343,Terra,MODIS,63,61.03,306.9,8.2,D,0
8.8735,79.9811,320.2,1,1,2026-04-22,344,Terra,MODIS,72,61.03,302.2,7.6,D,0
8.8749,79.972,322.9,1,1,2026-04-22,344,Terra,MODIS,75,61.03,302.5,10,D,0
9.1314,78.3146,327.3,1,1,2026-04-22,344,Terra,MODIS,76,61.03,301,11,D,0
9.1514,80.8596,315.2,1.1,1.1,2026-04-22,344,Terra,MODIS,0,61.03,300.5,9.4,D,0
9.2718,77.8444,325,1,1,2026-04-22,344,Terra,MODIS,75,61.03,305.4,8.7,D,0
9.7752,77.673,325.2,1,1,2026-04-22,344,Terra,MODIS,74,61.03,304,12,D,0
9.7989,78.3669,318.4,1,1,2026-04-22,344,Terra,MODIS,48,61.03,302.6,5.4,D,0
10.03,77.3617,316.2,1.1,1,2026-04-22,344,Terra,MODIS,32,61.03,300.8,7.2,D,0
16.3926,96.0557,320.7,3.6,1.8,2026-04-22,809,Aqua,MODIS,0,61.03,301.2,46.5,D,0
16.4407,96.0709,322.9,3.6,1.8,2026-04-22,809,Aqua,MODIS,54,61.03,301,48.2,D,0
17.155,95.0027,320.5,4.2,1.9,2026-04-22,810,Aqua,MODIS,67,61.03,299.9,56.2,D,0
18.5375,96.1458,320.3,3.2,1.7,2026-04-22,810,Aqua,MODIS,68,61.03,295.1,52.8,D,0
18.5379,96.1415,323.8,3.2,1.7,2026-04-22,810,Aqua,MODIS,74,61.03,295.2,75.7,D,0
19.329,94.3615,315.4,4.2,1.9,2026-04-22,810,Aqua,MODIS,39,61.03,295.6,57.5,D,0
19.3382,94.3646,318.7,4.2,1.9,2026-04-22,810,Aqua,MODIS,61,61.03,295.8,86.3,D,0
19.8036,94.0126,316.4,4.3,1.9,2026-04-22,810,Aqua,MODIS,49,61.03,294.4,56.7,D,0
19.8131,96.8886,316.9,2.6,1.6,2026-04-22,810,Aqua,MODIS,50,61.03,298.4,30.9,D,0
19.8175,96.9113,319.6,2.6,1.6,2026-04-22,810,Aqua,MODIS,59,61.03,299.8,39.9,D,0
19.8605,96.5792,314.5,2.8,1.6,2026-04-22,810,Aqua,MODIS,43,61.03,297.2,25.5,D,0
19.8653,96.6035,314.4,2.7,1.6,2026-04-22,810,Aqua,MODIS,41,61.03,296.7,27.2,D,0
22.5388,93.1563,313,4.3,1.9,2026-04-22,811,Aqua,MODIS,32,61.03,289,48.4,D,0
22.6826,93.07,316.1,4.3,1.9,2026-04-22,811,Aqua,MODIS,44,61.03,292.6,76,D,0
22.69,93.1038,343.5,4.3,1.9,2026-04-22,811,Aqua,MODIS,86,61.03,291.8,362.2,D,0
22.695,93.0991,344.8,4.3,1.9,2026-04-22,811,Aqua,MODIS,92,61.03,292.2,380.5,D,0
22.8276,93.2722,361.2,4.2,1.9,2026-04-22,811,Aqua,MODIS,94,61.03,294.1,643.2,D,0
22.837,93.2767,370.4,4.2,1.9,2026-04-22,811,Aqua,MODIS,94,61.03,295.9,868,D,0
22.8435,93.267,337.9,4.2,1.9,2026-04-22,811,Aqua,MODIS,66,61.03,294.6,261.4,D,0
22.9556,93.3928,319.9,4.1,1.9,2026-04-22,811,Aqua,MODIS,20,61.03,290.9,84.8,D,0
23.0506,93.4827,329.9,4,1.9,2026-04-22,811,Aqua,MODIS,63,61.03,294.4,179,D,0
23.0588,93.4733,324,4,1.9,2026-04-22,811,Aqua,MODIS,67,61.03,290.8,126.4,D,0
23.0678,93.5141,318.1,3.9,1.8,2026-04-22,811,Aqua,MODIS,45,61.03,288.4,83,D,0
23.4156,92.1823,312.2,4.8,2,2026-04-22,811,Aqua,MODIS,44,61.03,292.1,47.3,D,0
23.4866,92.258,312.1,4.7,2,2026-04-22,811,Aqua,MODIS,39,61.03,290.5,49.7,D,0
23.6492,93.8197,323.8,3.6,1.8,2026-04-22,811,Aqua,MODIS,75,61.03,293.6,116.9,D,0
23.6972,96.2987,322.9,2.4,1.5,2026-04-22,811,Aqua,MODIS,74,61.03,304.3,28,D,0
23.7434,96.9484,318.7,2.1,1.4,2026-04-22,811,Aqua,MODIS,64,61.03,302.9,19.7,D,0
23.7564,96.8834,320.1,2.1,1.4,2026-04-22,811,Aqua,MODIS,71,61.03,302.9,27.5,D,0
23.7602,96.9033,316.9,2.1,1.4,2026-04-22,811,Aqua,MODIS,57,61.03,301.9,16.3,D,0
23.7631,96.8957,322.3,2.1,1.4,2026-04-22,811,Aqua,MODIS,74,61.03,302.5,31.3,D,0
23.8393,96.8125,319.7,2.2,1.4,2026-04-22,811,Aqua,MODIS,57,61.03,302.2,26.5,D,0
23.8609,96.459,320.8,2.3,1.5,2026-04-22,811,Aqua,MODIS,53,61.03,305,20.4,D,0
23.8678,96.8269,321.5,2.1,1.4,2026-04-22,811,Aqua,MODIS,42,61.03,301.2,30.7,D,0
23.871,96.9937,317.8,2.1,1.4,2026-04-22,811,Aqua,MODIS,57,61.03,301.6,19.4,D,0
23.8841,96.8452,318.2,2.1,1.4,2026-04-22,811,Aqua,MODIS,53,61.03,299.8,23.4,D,0
23.9154,96.3937,322.6,2.3,1.5,2026-04-22,811,Aqua,MODIS,74,61.03,305.3,21.8,D,0
23.9197,96.4151,337,2.3,1.5,2026-04-22,811,Aqua,MODIS,88,61.03,307.1,84.4,D,0
23.9238,96.4365,321.7,2.3,1.5,2026-04-22,811,Aqua,MODIS,71,61.03,305.3,18.3,D,0
23.9255,96.727,320,2.2,1.4,2026-04-22,811,Aqua,MODIS,70,61.03,302.4,24,D,0
23.9274,96.7193,316.5,2.2,1.4,2026-04-22,811,Aqua,MODIS,55,61.03,302.4,15.1,D,0
23.9436,96.8011,330.6,2.1,1.4,2026-04-22,811,Aqua,MODIS,83,61.03,302.6,60.9,D,0
23.9493,96.7851,321.8,2.2,1.4,2026-04-22,811,Aqua,MODIS,33,61.03,303.2,27.8,D,0
23.9676,96.9488,316.7,2.1,1.4,2026-04-22,811,Aqua,MODIS,46,61.03,300.3,21.2,D,0
23.9925,96.7893,318.3,2.1,1.4,2026-04-22,811,Aqua,MODIS,68,61.03,303,22.3,D,0
24.0222,96.6761,319.8,2.2,1.4,2026-04-22,811,Aqua,MODIS,45,61.03,302.7,19.7,D,0
24.0235,96.6712,320.3,2.2,1.4,2026-04-22,811,Aqua,MODIS,72,61.03,302.5,21.8,D,0
24.0432,96.8364,323.7,2.1,1.4,2026-04-22,811,Aqua,MODIS,73,61.03,303.6,33.5,D,0
24.047,96.8557,320,2.1,1.4,2026-04-22,811,Aqua,MODIS,64,61.03,303.3,23.6,D,0
24.3278,96.8191,324.2,2.1,1.4,2026-04-22,811,Aqua,MODIS,77,61.03,301.2,34.8,D,0
23.6949,92.1852,311.1,4.7,2,2026-04-22,812,Aqua,MODIS,38,61.03,293.9,48.2,D,0
24.3576,96.1402,321.5,2.3,1.5,2026-04-22,812,Aqua,MODIS,74,61.03,301.8,26.9,D,0
24.3587,96.1471,319.5,2.3,1.5,2026-04-22,812,Aqua,MODIS,71,61.03,301.1,21,D,0
24.561,94.808,318.1,2.9,1.6,2026-04-22,812,Aqua,MODIS,60,61.03,303.1,26.3,D,0
24.5933,96.2603,316.4,2.3,1.5,2026-04-22,812,Aqua,MODIS,41,61.03,300.9,21,D,0
24.6064,94.4398,347.9,3.1,1.7,2026-04-22,812,Aqua,MODIS,94,61.03,298.5,265.9,D,0
24.6206,94.4358,344.7,3.1,1.7,2026-04-22,812,Aqua,MODIS,93,61.03,297.4,234.5,D,0
24.6321,94.1977,309.9,3.2,1.7,2026-04-22,812,Aqua,MODIS,36,61.03,293.6,32,D,0
24.6321,94.2015,311.8,3.2,1.7,2026-04-22,812,Aqua,MODIS,53,61.03,293.9,40.1,D,0
24.6359,96.3343,323.6,2.2,1.5,2026-04-22,812,Aqua,MODIS,72,61.03,299.3,46.5,D,0
24.6519,94.3693,378.9,3.1,1.7,2026-04-22,812,Aqua,MODIS,100,61.03,301.7,745.9,D,0
24.6528,94.3645,371.9,3.1,1.7,2026-04-22,812,Aqua,MODIS,100,61.03,301.9,611.8,D,0
24.6579,94.3983,362.3,3.1,1.7,2026-04-22,812,Aqua,MODIS,100,61.03,298,445.6,D,0
24.6592,94.3938,374.7,3.1,1.7,2026-04-22,812,Aqua,MODIS,100,61.03,298.5,656.3,D,0
24.6665,94.3672,322.1,3.1,1.7,2026-04-22,812,Aqua,MODIS,75,61.03,299,73.2,D,0
24.6668,94.7521,319.6,2.9,1.6,2026-04-22,812,Aqua,MODIS,50,61.03,301,34.6,D,0
24.6708,94.7441,325.7,2.9,1.6,2026-04-22,812,Aqua,MODIS,60,61.03,300.6,65.9,D,0
24.6727,94.3967,313,3.1,1.7,2026-04-22,812,Aqua,MODIS,58,61.03,296.6,28.4,D,0
24.6789,94.2738,324.2,3.2,1.7,2026-04-22,812,Aqua,MODIS,78,61.03,297.6,96.3,D,0
24.6847,94.3009,320.6,3.2,1.7,2026-04-22,812,Aqua,MODIS,73,61.03,297.9,69.8,D,0
24.6962,94.3552,316.5,3.1,1.7,2026-04-22,812,Aqua,MODIS,44,61.03,298,42.9,D,0
24.7028,94.3862,324.3,3.1,1.7,2026-04-22,812,Aqua,MODIS,78,61.03,297.8,84.2,D,0
24.7699,96.7386,319.5,2.1,1.4,2026-04-22,812,Aqua,MODIS,73,61.03,297.9,29.4,D,0
24.7715,94.4269,314.9,3.1,1.7,2026-04-22,812,Aqua,MODIS,64,61.03,297.7,43.3,D,0
24.7737,94.42,313.4,3.1,1.7,2026-04-22,812,Aqua,MODIS,60,61.03,297.4,38.8,D,0
24.7797,94.4478,313.6,3.1,1.7,2026-04-22,812,Aqua,MODIS,60,61.03,298.3,37.5,D,0
24.8006,94.2618,318.6,3.2,1.7,2026-04-22,812,Aqua,MODIS,71,61.03,296.5,68.6,D,0
24.8011,94.257,321,3.2,1.7,2026-04-22,812,Aqua,MODIS,75,61.03,296.4,77.1,D,0
24.8116,94.3862,323.9,3.1,1.7,2026-04-22,812,Aqua,MODIS,78,61.03,296.9,85.8,D,0
24.8166,94.4095,347,3.1,1.7,2026-04-22,812,Aqua,MODIS,94,61.03,297.7,262.3,D,0
24.8258,94.3819,323.9,3.1,1.7,2026-04-22,812,Aqua,MODIS,78,61.03,297.3,86.7,D,0
24.8309,94.4065,334,3.1,1.7,2026-04-22,812,Aqua,MODIS,86,61.03,298,150.9,D,0
24.8792,94.2673,336.1,3.1,1.7,2026-04-22,812,Aqua,MODIS,88,61.03,297,175.1,D,0
24.8859,94.2988,350.9,3.1,1.7,2026-04-22,812,Aqua,MODIS,96,61.03,296.3,311.6,D,0
24.894,94.2655,323.9,3.1,1.7,2026-04-22,812,Aqua,MODIS,78,61.03,296.5,97.4,D,0
24.9,94.2942,327.3,3.1,1.7,2026-04-22,812,Aqua,MODIS,81,61.03,296.7,114,D,0
24.9831,93.9515,314.3,3.3,1.7,2026-04-22,812,Aqua,MODIS,65,61.03,294.4,45.9,D,0
25.1296,94.5703,313.9,3,1.6,2026-04-22,812,Aqua,MODIS,26,61.03,288.8,46.7,D,0
25.1433,94.5656,322.4,3,1.6,2026-04-22,812,Aqua,MODIS,57,61.03,290.7,83.3,D,0
25.1524,94.9886,316.2,2.7,1.6,2026-04-22,812,Aqua,MODIS,64,61.03,299.6,26.8,D,0
25.1567,94.5589,331.2,3,1.6,2026-04-22,812,Aqua,MODIS,51,61.03,293.6,125.4,D,0
25.1583,94.9829,316.4,2.7,1.6,2026-04-22,812,Aqua,MODIS,69,61.03,299.8,29.9,D,0
25.1601,94.5491,335.8,3,1.6,2026-04-22,812,Aqua,MODIS,70,61.03,295.2,153.7,D,0
25.1705,94.5548,330.6,3,1.6,2026-04-22,812,Aqua,MODIS,84,61.03,293.2,123.6,D,0
25.1804,94.5754,318.6,2.9,1.6,2026-04-22,812,Aqua,MODIS,38,61.03,292.5,61.9,D,0
25.1905,94.5803,326,2.9,1.6,2026-04-22,812,Aqua,MODIS,80,61.03,293.3,102.3,D,0
25.3396,94.4709,311.4,3,1.6,2026-04-22,812,Aqua,MODIS,45,61.03,290.1,38,D,0
25.3425,94.46,312.2,3,1.6,2026-04-22,812,Aqua,MODIS,47,61.03,290.4,41.4,D,0
25.4006,96.912,314.9,2,1.4,2026-04-22,812,Aqua,MODIS,67,61.03,298.6,20.9,D,0
25.4043,96.9317,313.9,2,1.4,2026-04-22,812,Aqua,MODIS,59,61.03,297.2,18.8,D,0
25.4633,93.0325,318.7,3.7,1.8,2026-04-22,812,Aqua,MODIS,41,61.03,295.7,58.4,D,0
25.4923,92.9917,321.9,3.8,1.8,2026-04-22,812,Aqua,MODIS,51,61.03,295.9,76.5,D,0
25.4996,93.0255,322.7,3.7,1.8,2026-04-22,812,Aqua,MODIS,69,61.03,295.2,82.3,D,0
25.5229,96.7381,315.8,2,1.4,2026-04-22,812,Aqua,MODIS,49,61.03,300,15.6,D,0
25.5275,96.7322,316.1,2,1.4,2026-04-22,812,Aqua,MODIS,64,61.03,300.3,16.6,D,0
25.54,93.01,331.2,3.7,1.8,2026-04-22,812,Aqua,MODIS,83,61.03,294.2,143.4,D,0
25.5554,93.1532,318.4,3.6,1.8,2026-04-22,812,Aqua,MODIS,49,61.03,292,65.6,D,0
25.5575,92.9609,320.6,3.8,1.8,2026-04-22,812,Aqua,MODIS,67,61.03,295.6,74.5,D,0
25.563,92.9664,322.8,3.8,1.8,2026-04-22,812,Aqua,MODIS,72,61.03,295.7,89.9,D,0
25.5707,93.0013,320.4,3.7,1.8,2026-04-22,812,Aqua,MODIS,70,61.03,294.1,72.4,D,0
25.7538,92.5604,333.4,4,1.9,2026-04-22,812,Aqua,MODIS,87,61.03,292.8,201.7,D,0
25.7617,92.5959,322,3.9,1.8,2026-04-22,812,Aqua,MODIS,49,61.03,292.9,89.1,D,0
25.7853,92.6588,322.6,3.9,1.8,2026-04-22,812,Aqua,MODIS,63,61.03,293.4,100.3,D,0
25.823,92.4125,310.8,4.1,1.9,2026-04-22,812,Aqua,MODIS,37,61.03,293,41.2,D,0
25.8242,92.6099,310.7,3.9,1.8,2026-04-22,812,Aqua,MODIS,61,61.03,293.6,37.1,D,0
25.8313,92.4166,322.9,4.1,1.9,2026-04-22,812,Aqua,MODIS,79,61.03,293.5,122.2,D,0
25.8387,92.407,316.6,4.1,1.9,2026-04-22,812,Aqua,MODIS,55,61.03,293.7,70.1,D,0
25.8481,92.5216,310.2,4,1.9,2026-04-22,812,Aqua,MODIS,60,61.03,294.3,36.8,D,0
25.8701,92.3964,317.4,4.1,1.9,2026-04-22,812,Aqua,MODIS,56,61.03,294.7,71.8,D,0
25.877,92.3902,316.2,4.1,1.9,2026-04-22,812,Aqua,MODIS,42,61.03,294.8,61.8,D,0
25.9183,92.4609,312.7,4,1.9,2026-04-22,812,Aqua,MODIS,41,61.03,294.6,44.5,D,0
25.9256,92.4547,313.8,4,1.9,2026-04-22,812,Aqua,MODIS,56,61.03,294.6,50.4,D,0
26.0422,93.3811,310.3,3.4,1.7,2026-04-22,812,Aqua,MODIS,59,61.03,292.5,26.5,D,0
26.0764,94.0494,310.9,3,1.7,2026-04-22,812,Aqua,MODIS,62,61.03,294.5,31.8,D,0
26.1203,94.1877,310.1,3,1.6,2026-04-22,812,Aqua,MODIS,59,61.03,294.6,27.9,D,0
26.1229,94.1817,308.9,3,1.6,2026-04-22,812,Aqua,MODIS,55,61.03,294.5,23.9,D,0
26.1347,93.3809,317,3.4,1.7,2026-04-22,812,Aqua,MODIS,73,61.03,293,64.5,D,0
26.137,93.3854,315.8,3.4,1.7,2026-04-22,812,Aqua,MODIS,71,61.03,292.7,58,D,0
26.1735,93.6996,309.7,3.2,1.7,2026-04-22,812,Aqua,MODIS,59,61.03,291.3,33.9,D,0
26.1782,93.2251,313.6,3.5,1.8,2026-04-22,812,Aqua,MODIS,62,61.03,293.5,41.4,D,0
26.1808,93.232,314.5,3.5,1.8,2026-04-22,812,Aqua,MODIS,64,61.03,293.1,45.6,D,0
26.1857,93.2583,310.3,3.4,1.7,2026-04-22,812,Aqua,MODIS,44,61.03,291.5,29.7,D,0
26.2273,94.3961,308.9,2.9,1.6,2026-04-22,812,Aqua,MODIS,53,61.03,293.3,22.3,D,0
26.419,95.5259,322.3,2.3,1.5,2026-04-22,812,Aqua,MODIS,0,61.03,286.9,53.9,D,0
26.4905,95.6177,318.3,2.3,1.5,2026-04-22,812,Aqua,MODIS,53,61.03,292.4,39,D,0
26.4993,95.5952,325.7,2.3,1.5,2026-04-22,812,Aqua,MODIS,77,61.03,294.4,62.1,D,0
26.5035,95.6166,331.4,2.3,1.5,2026-04-22,812,Aqua,MODIS,79,61.03,295.1,83.7,D,0
26.5037,95.6106,338.2,2.3,1.5,2026-04-22,812,Aqua,MODIS,86,61.03,295.5,114.6,D,0
8.8873,79.9574,322.9,1.2,1.1,2026-04-22,946,Aqua,MODIS,76,61.03,301,11.3,D,0
10.3178,77.5527,323.3,1.6,1.2,2026-04-22,946,Aqua,MODIS,68,61.03,300.9,29.4,D,0
10.3202,77.5677,317.8,1.6,1.2,2026-04-22,946,Aqua,MODIS,40,61.03,299.2,19.8,D,0
10.3211,77.5445,320,1.6,1.2,2026-04-22,946,Aqua,MODIS,36,61.03,301,20.2,D,0
10.3238,77.5605,342.7,1.6,1.2,2026-04-22,946,Aqua,MODIS,89,61.03,300.9,80.5,D,0
10.3286,77.5515,332.2,1.6,1.2,2026-04-22,946,Aqua,MODIS,81,61.03,299.8,48.1,D,0
10.3308,77.5653,319.2,1.6,1.2,2026-04-22,946,Aqua,MODIS,39,61.03,299.4,20.2,D,0
10.951,78.9513,326.9,1.2,1.1,2026-04-22,946,Aqua,MODIS,57,61.03,312.4,13.3,D,0
11.2104,79.0247,328.8,1.2,1.1,2026-04-22,946,Aqua,MODIS,69,61.03,311.4,12.1,D,0
11.5574,76.6408,324.3,1.8,1.3,2026-04-22,946,Aqua,MODIS,54,61.03,309,19,D,0
11.559,76.6457,323.3,1.8,1.3,2026-04-22,946,Aqua,MODIS,50,61.03,308.6,16,D,0
11.7242,78.6385,334.5,1.3,1.1,2026-04-22,946,Aqua,MODIS,82,61.03,306.1,34,D,0
11.7259,78.6495,332.3,1.3,1.1,2026-04-22,946,Aqua,MODIS,79,61.03,307.4,29.8,D,0
11.7338,78.6367,324.9,1.3,1.1,2026-04-22,946,Aqua,MODIS,67,61.03,305.3,17.1,D,0
11.7356,78.6477,342.5,1.3,1.1,2026-04-22,946,Aqua,MODIS,89,61.03,307.2,53.3,D,0
11.7374,78.6588,319.6,1.3,1.1,2026-04-22,946,Aqua,MODIS,27,61.03,305.1,9.3,D,0
11.7773,79.4966,325.2,1.1,1.1,2026-04-22,946,Aqua,MODIS,62,61.03,309.8,12.4,D,0
11.8179,78.5798,325.1,1.3,1.1,2026-04-22,946,Aqua,MODIS,60,61.03,309.9,14.4,D,0
11.8197,78.5913,322.4,1.3,1.1,2026-04-22,946,Aqua,MODIS,31,61.03,310.1,10.2,D,0
11.8275,78.5776,328.4,1.3,1.1,2026-04-22,946,Aqua,MODIS,75,61.03,309.4,20,D,0
11.862,78.7324,319.1,1.2,1.1,2026-04-22,946,Aqua,MODIS,37,61.03,306.1,8.2,D,0
11.8682,78.5821,328.2,1.3,1.1,2026-04-22,946,Aqua,MODIS,74,61.03,309.4,19.3,D,0
11.9761,78.6835,329.3,1.2,1.1,2026-04-22,946,Aqua,MODIS,76,61.03,309.2,20.9,D,0
12.3042,79.8534,322.6,1.1,1,2026-04-22,946,Aqua,MODIS,47,61.03,310.8,6.7,D,0
12.2465,77.3982,333.1,1.5,1.2,2026-04-22,947,Aqua,MODIS,81,61.03,305.9,37,D,0
12.2511,77.3918,326.6,1.5,1.2,2026-04-22,947,Aqua,MODIS,72,61.03,305.9,21.3,D,0
12.2794,77.5618,327.9,1.5,1.2,2026-04-22,947,Aqua,MODIS,71,61.03,310,21.4,D,0
12.2815,77.5749,328.5,1.5,1.2,2026-04-22,947,Aqua,MODIS,65,61.03,309.3,20.9,D,0
12.3139,77.8224,326.7,1.4,1.2,2026-04-22,947,Aqua,MODIS,71,61.03,308.8,22.3,D,0
12.3212,77.8152,332.2,1.4,1.2,2026-04-22,947,Aqua,MODIS,77,61.03,306.4,33.9,D,0
12.4868,79.5329,333,1.1,1.1,2026-04-22,947,Aqua,MODIS,78,61.03,308.2,21,D,0
12.5934,79.9249,323.6,1.1,1,2026-04-22,947,Aqua,MODIS,59,61.03,310.5,7.1,D,0
12.7948,78.5274,324,1.2,1.1,2026-04-22,947,Aqua,MODIS,52,61.03,309.1,9.7,D,0
12.797,78.5214,324.5,1.2,1.1,2026-04-22,947,Aqua,MODIS,54,61.03,309.9,10.8,D,0
13.0164,79.6696,354.1,1.1,1,2026-04-22,947,Aqua,MODIS,96,61.03,303.3,67.5,D,0
13.1286,79.7333,328.9,1.1,1,2026-04-22,947,Aqua,MODIS,73,61.03,312.5,12,D,0
13.2546,78.9439,322.7,1.2,1.1,2026-04-22,947,Aqua,MODIS,54,61.03,310.1,9,D,0
13.3674,79.784,321.3,1.1,1,2026-04-22,947,Aqua,MODIS,39,61.03,307.9,8.2,D,0
13.3926,78.8629,325,1.2,1.1,2026-04-22,947,Aqua,MODIS,63,61.03,307.1,14.8,D,0
13.8887,77.7649,332.1,1.3,1.1,2026-04-22,947,Aqua,MODIS,73,61.03,314.1,18.6,D,0
13.8907,77.7767,331.4,1.3,1.1,2026-04-22,947,Aqua,MODIS,72,61.03,314.7,17.1,D,0
14.0494,79.1668,328.4,1.1,1.1,2026-04-22,947,Aqua,MODIS,66,61.03,314.2,11.2,D,0
14.0759,78.558,328.1,1.2,1.1,2026-04-22,947,Aqua,MODIS,63,61.03,312.8,10.1,D,0
14.1025,79.3891,328.5,1.1,1,2026-04-22,947,Aqua,MODIS,66,61.03,311.7,13.4,D,0
14.1161,79.0576,326.2,1.1,1.1,2026-04-22,947,Aqua,MODIS,35,61.03,311.2,6.8,D,0
14.1191,79.0772,332.8,1.1,1.1,2026-04-22,947,Aqua,MODIS,75,61.03,313.2,16.8,D,0
14.3042,79.1364,326.1,1.1,1,2026-04-22,947,Aqua,MODIS,54,61.03,310.2,8.8,D,0
14.3378,79.2913,340.1,1.1,1,2026-04-22,947,Aqua,MODIS,85,61.03,313.9,30.2,D,0
14.3469,79.29,332.3,1.1,1,2026-04-22,947,Aqua,MODIS,74,61.03,312.6,18,D,0
14.3484,79.3001,325.4,1.1,1,2026-04-22,947,Aqua,MODIS,40,61.03,310.6,9,D,0
14.39,79.096,329,1.1,1.1,2026-04-22,947,Aqua,MODIS,50,61.03,311.4,11.1,D,0
14.3916,79.1061,330.9,1.1,1,2026-04-22,947,Aqua,MODIS,62,61.03,310.5,15.3,D,0
14.3991,79.0946,333.5,1.1,1.1,2026-04-22,947,Aqua,MODIS,75,61.03,311,18.3,D,0
14.5859,79.2238,336.2,1.1,1,2026-04-22,947,Aqua,MODIS,79,61.03,309.3,27.8,D,0
14.6213,78.917,331.4,1.1,1.1,2026-04-22,947,Aqua,MODIS,69,61.03,307.8,22,D,0
14.6436,78.8186,326.6,1.1,1.1,2026-04-22,947,Aqua,MODIS,48,61.03,311.6,9,D,0
14.7472,79.544,326.1,1.1,1,2026-04-22,947,Aqua,MODIS,30,61.03,312.8,5.2,D,0
14.8607,78.7802,327.7,1.1,1.1,2026-04-22,947,Aqua,MODIS,57,61.03,312.9,10.6,D,0
15.1551,79.0721,327.5,1.1,1,2026-04-22,947,Aqua,MODIS,50,61.03,308.6,12.6,D,0
15.1641,79.0705,325.9,1.1,1,2026-04-22,947,Aqua,MODIS,26,61.03,308.4,10.5,D,0
15.2923,78.2973,332.7,1.2,1.1,2026-04-22,947,Aqua,MODIS,61,61.03,317,11.7,D,0
15.398,78.3819,330.7,1.2,1.1,2026-04-22,947,Aqua,MODIS,54,61.03,313.5,10.4,D,0
15.4429,78.8925,334.1,1.1,1,2026-04-22,947,Aqua,MODIS,76,61.03,312,18.5,D,0
15.4759,78.2866,331.3,1.2,1.1,2026-04-22,947,Aqua,MODIS,71,61.03,313.1,14.2,D,0
16.0094,80.369,327,1,1,2026-04-22,947,Aqua,MODIS,65,61.03,311.7,9.6,D,0
16.0215,80.33,338.3,1,1,2026-04-22,947,Aqua,MODIS,84,61.03,312,24.2,D,0
16.0687,80.2701,328.3,1,1,2026-04-22,947,Aqua,MODIS,70,61.03,313.4,8.1,D,0
16.0724,79.7953,325.6,1,1,2026-04-22,947,Aqua,MODIS,61,61.03,310.6,8.1,D,0
16.1003,80.3022,334.3,1,1,2026-04-22,947,Aqua,MODIS,79,61.03,312.2,16.6,D,0
16.2464,80.6609,327.7,1,1,2026-04-22,947,Aqua,MODIS,70,61.03,311.1,9.8,D,0
16.2477,80.6699,333.7,1,1,2026-04-22,947,Aqua,MODIS,79,61.03,311.2,17.6,D,0
16.1641,79.7933,326.7,1,1,2026-04-22,948,Aqua,MODIS,65,61.03,310,10.7,D,0
16.2103,80.0393,324.2,1,1,2026-04-22,948,Aqua,MODIS,55,61.03,307.9,7.5,D,0
16.2783,80.6778,332,1,1,2026-04-22,948,Aqua,MODIS,78,61.03,310.2,15.6,D,0
16.2796,80.6869,338.3,1,1,2026-04-22,948,Aqua,MODIS,85,61.03,309.8,25.2,D,0
16.2809,79.8901,327,1,1,2026-04-22,948,Aqua,MODIS,69,61.03,308.8,12.8,D,0
16.2864,79.9268,332.7,1,1,2026-04-22,948,Aqua,MODIS,79,61.03,306.4,20.5,D,0
16.2897,79.8887,328.8,1,1,2026-04-22,948,Aqua,MODIS,71,61.03,308,14.3,D,0
16.2943,79.8597,324.9,1,1,2026-04-22,948,Aqua,MODIS,53,61.03,308.1,8.8,D,0
16.5267,80.7461,325.3,1,1,2026-04-22,948,Aqua,MODIS,69,61.03,306.4,8,D,0
16.5821,79.9914,328.6,1,1,2026-04-22,948,Aqua,MODIS,59,61.03,311.1,9.7,D,0
16.6378,77.6312,331.9,1.2,1.1,2026-04-22,948,Aqua,MODIS,75,61.03,313.7,17,D,0
16.6381,80.0664,329,1,1,2026-04-22,948,Aqua,MODIS,63,61.03,307.1,11.2,D,0
16.6394,80.0754,356.2,1,1,2026-04-22,948,Aqua,MODIS,97,61.03,311.3,60.1,D,0
16.7774,80.1804,323.5,1,1,2026-04-22,948,Aqua,MODIS,57,61.03,307.2,9.3,D,0
16.8425,80.4392,322.4,1,1,2026-04-22,948,Aqua,MODIS,44,61.03,304.2,5,D,0
16.9647,80.3943,327.5,1,1,2026-04-22,948,Aqua,MODIS,72,61.03,308.6,8.2,D,0
17.1299,81.79,324.1,1,1,2026-04-22,948,Aqua,MODIS,67,61.03,304.5,9.7,D,0
17.1611,79.9719,324,1,1,2026-04-22,948,Aqua,MODIS,62,61.03,305,8.4,D,0
17.29,81.4249,318.7,1,1,2026-04-22,948,Aqua,MODIS,46,61.03,301.1,7.1,D,0
17.2922,80.1678,323.2,1,1,2026-04-22,948,Aqua,MODIS,43,61.03,305.4,5.7,D,0
17.3516,81.2768,322.4,1,1,2026-04-22,948,Aqua,MODIS,50,61.03,303.1,7.2,D,0
17.3843,81.4424,318.1,1,1,2026-04-22,948,Aqua,MODIS,37,61.03,300.8,6.5,D,0
17.3905,81.3397,320.4,1,1,2026-04-22,948,Aqua,MODIS,53,61.03,302,7.7,D,0
17.4032,81.3661,318.9,1,1,2026-04-22,948,Aqua,MODIS,30,61.03,300.6,6.5,D,0
17.416,81.3928,325.1,1,1,2026-04-22,948,Aqua,MODIS,70,61.03,302.7,12.4,D,0
17.4168,81.5269,319,1,1,2026-04-22,948,Aqua,MODIS,50,61.03,301.8,7.6,D,0
17.4181,81.5363,318.6,1,1,2026-04-22,948,Aqua,MODIS,47,61.03,301.6,7,D,0
17.4394,81.3038,324.3,1,1,2026-04-22,948,Aqua,MODIS,45,61.03,303.8,8.3,D,0
17.443,81.4559,322.3,1,1,2026-04-22,948,Aqua,MODIS,33,61.03,303.7,8.4,D,0
17.4518,81.4545,324.5,1,1,2026-04-22,948,Aqua,MODIS,50,61.03,304,10.6,D,0
17.4642,81.6062,349.9,1,1,2026-04-22,948,Aqua,MODIS,94,61.03,302.6,54.1,D,0
17.4655,81.6156,322.1,1,1,2026-04-22,948,Aqua,MODIS,64,61.03,301.1,9.5,D,0
17.4699,81.712,323.4,1,1,2026-04-22,948,Aqua,MODIS,67,61.03,300.2,13.4,D,0
17.4757,80.4606,326.9,1,1,2026-04-22,948,Aqua,MODIS,68,61.03,302.9,10.8,D,0
17.4844,80.4592,326,1,1,2026-04-22,948,Aqua,MODIS,65,61.03,303.4,9.9,D,0
17.5166,80.4354,326,1,1,2026-04-22,948,Aqua,MODIS,65,61.03,306.6,7.6,D,0
17.5212,81.5534,319.6,1,1,2026-04-22,948,Aqua,MODIS,50,61.03,303,6.8,D,0
17.5261,81.5234,323.3,1,1,2026-04-22,948,Aqua,MODIS,43,61.03,304.1,9,D,0
17.5301,81.5519,325.6,1,1,2026-04-22,948,Aqua,MODIS,62,61.03,303.2,12.6,D,0
17.5426,81.3202,321.6,1,1,2026-04-22,948,Aqua,MODIS,58,61.03,304.3,6.1,D,0
17.5541,81.5289,323.6,1,1,2026-04-22,948,Aqua,MODIS,44,61.03,303.7,9.7,D,0
17.5673,81.4307,320.6,1,1,2026-04-22,948,Aqua,MODIS,52,61.03,304.1,6.2,D,0
17.5737,82.3968,319.1,1.1,1.1,2026-04-22,948,Aqua,MODIS,49,61.03,301.3,7.3,D,0
17.59,81.5905,330.6,1,1,2026-04-22,948,Aqua,MODIS,78,61.03,301.8,21.3,D,0
17.5913,81.6,319.5,1,1,2026-04-22,948,Aqua,MODIS,43,61.03,300.6,8.8,D,0
17.5948,81.5606,323.1,1,1,2026-04-22,948,Aqua,MODIS,65,61.03,301,11.2,D,0
17.5971,81.4959,319.4,1,1,2026-04-22,948,Aqua,MODIS,12,61.03,301.9,5,D,0
17.5989,81.5892,343.5,1,1,2026-04-22,948,Aqua,MODIS,90,61.03,302.9,42.3,D,0
17.6002,81.5986,323.2,1,1,2026-04-22,948,Aqua,MODIS,65,61.03,301.6,12.6,D,0
17.6257,80.4055,329,1,1,2026-04-22,948,Aqua,MODIS,41,61.03,305.9,13.1,D,0
17.6374,81.4608,329.8,1,1,2026-04-22,948,Aqua,MODIS,72,61.03,304,15.3,D,0
17.6388,81.4702,330.6,1,1,2026-04-22,948,Aqua,MODIS,71,61.03,303.5,16.2,D,0
17.6476,81.4689,324.3,1,1,2026-04-22,948,Aqua,MODIS,48,61.03,304,9.2,D,0
17.6597,81.554,325.7,1,1,2026-04-22,948,Aqua,MODIS,44,61.03,304.5,11.2,D,0
17.661,81.5633,325.4,1,1,2026-04-22,948,Aqua,MODIS,46,61.03,303.6,11.3,D,0
17.6966,81.5521,321.9,1,1,2026-04-22,948,Aqua,MODIS,44,61.03,305,7.3,D,0
17.7166,80.6613,353.9,1,1,2026-04-22,948,Aqua,MODIS,0,61.03,307.1,56.7,D,0
17.7179,80.6704,344.6,1,1,2026-04-22,948,Aqua,MODIS,78,61.03,306.8,37.2,D,0
17.7366,81.4497,322.3,1,1,2026-04-22,948,Aqua,MODIS,34,61.03,304.8,5.2,D,0
17.7507,80.7118,324,1,1,2026-04-22,948,Aqua,MODIS,60,61.03,303.8,7.9,D,0
17.769,81.7448,329.9,1.1,1,2026-04-22,948,Aqua,MODIS,75,61.03,301.7,21.7,D,0
17.7825,80.7291,331.3,1,1,2026-04-22,948,Aqua,MODIS,76,61.03,306,16.2,D,0
17.7928,81.6539,327.1,1,1,2026-04-22,948,Aqua,MODIS,52,61.03,306.3,12.3,D,0
17.8051,81.6645,323.9,1,1,2026-04-22,948,Aqua,MODIS,36,61.03,305.1,9.7,D,0
17.8456,81.8249,321,1.1,1,2026-04-22,948,Aqua,MODIS,35,61.03,303.8,8.1,D,0
17.8776,81.791,336.3,1.1,1,2026-04-22,948,Aqua,MODIS,83,61.03,305.4,26.8,D,0
17.8878,81.7989,325.3,1.1,1,2026-04-22,948,Aqua,MODIS,47,61.03,305.6,11.3,D,0
17.8891,81.8081,325.4,1.1,1,2026-04-22,948,Aqua,MODIS,43,61.03,305.6,11.7,D,0
17.9124,81.8438,324.3,1.1,1,2026-04-22,948,Aqua,MODIS,44,61.03,304.7,9.7,D,0
17.9219,81.8468,322,1.1,1,2026-04-22,948,Aqua,MODIS,52,61.03,305.2,9,D,0
17.9508,79.8611,331.6,1,1,2026-04-22,948,Aqua,MODIS,77,61.03,308.8,16,D,0
18.0519,83.5407,318.7,1.3,1.1,2026-04-22,948,Aqua,MODIS,52,61.03,302.7,8.2,D,0
18.1617,78.1643,329.6,1.1,1.1,2026-04-22,948,Aqua,MODIS,62,61.03,308.6,16.4,D,0
18.2507,80.9785,323.3,1,1,2026-04-22,948,Aqua,MODIS,58,61.03,304.6,7.3,D,0
18.252,80.9878,323.6,1,1,2026-04-22,948,Aqua,MODIS,61,61.03,305.2,7.3,D,0
18.2685,80.3801,322.2,1,1,2026-04-22,948,Aqua,MODIS,44,61.03,306.5,7.9,D,0
18.289,81.3742,322.8,1,1,2026-04-22,948,Aqua,MODIS,32,61.03,302,11.3,D,0
18.3234,82.3482,322.1,1.1,1.1,2026-04-22,948,Aqua,MODIS,46,61.03,304.9,7.3,D,0
18.3947,80.2406,330.1,1,1,2026-04-22,948,Aqua,MODIS,76,61.03,306.2,12.9,D,0
18.396,80.2498,325,1,1,2026-04-22,948,Aqua,MODIS,66,61.03,306.5,6.9,D,0
18.4074,80.2666,328.2,1,1,2026-04-22,948,Aqua,MODIS,64,61.03,306.8,10.4,D,0
18.5197,79.9551,327.3,1,1,2026-04-22,948,Aqua,MODIS,62,61.03,309.6,8.2,D,0
18.5714,80.2462,324.7,1,1,2026-04-22,948,Aqua,MODIS,55,61.03,305.6,11.2,D,0
18.6281,81.9477,323,1.1,1,2026-04-22,948,Aqua,MODIS,34,61.03,306.6,8.4,D,0
18.6418,81.1302,319.1,1,1,2026-04-22,948,Aqua,MODIS,41,61.03,301.7,10.4,D,0
18.6879,82.248,321.8,1.1,1.1,2026-04-22,948,Aqua,MODIS,52,61.03,305.2,6.7,D,0
18.7267,80.3493,326.7,1,1,2026-04-22,948,Aqua,MODIS,68,61.03,309.5,7.4,D,0
18.908,79.7007,326.3,1,1,2026-04-22,948,Aqua,MODIS,59,61.03,312.2,8.8,D,0
19.0334,80.0652,332.5,1,1,2026-04-22,948,Aqua,MODIS,77,61.03,312.6,13.1,D,0
19.047,79.7085,327.8,1,1,2026-04-22,948,Aqua,MODIS,66,61.03,313.1,7.8,D,0
19.0735,79.9486,325.1,1,1,2026-04-22,948,Aqua,MODIS,57,61.03,311.2,6.5,D,0
19.1316,79.9615,328.7,1,1,2026-04-22,948,Aqua,MODIS,68,61.03,314.3,9.9,D,0
19.157,78.7833,328.3,1,1,2026-04-22,948,Aqua,MODIS,31,61.03,310.3,9.3,D,0
19.1585,78.7927,356.8,1,1,2026-04-22,948,Aqua,MODIS,98,61.03,311.6,63.7,D,0
19.1881,83.2311,328.3,1.3,1.1,2026-04-22,948,Aqua,MODIS,76,61.03,304.8,20,D,0
19.2495,83.3898,323.2,1.3,1.1,2026-04-22,948,Aqua,MODIS,57,61.03,307.8,11.6,D,0
19.2832,81.0176,328.5,1,1,2026-04-22,948,Aqua,MODIS,69,61.03,309.6,13.4,D,0
19.2845,81.027,327.5,1,1,2026-04-22,948,Aqua,MODIS,67,61.03,309.4,12.2,D,0
19.3232,79.2018,333.5,1,1,2026-04-22,948,Aqua,MODIS,61,61.03,316.3,12.5,D,0
19.3244,84.3779,321.9,1.5,1.2,2026-04-22,948,Aqua,MODIS,61,61.03,303.8,15,D,0
19.3279,81.0781,326.7,1,1,2026-04-22,948,Aqua,MODIS,65,61.03,306,12.7,D,0
19.3292,81.0876,330.2,1,1,2026-04-22,948,Aqua,MODIS,73,61.03,305.2,17.8,D,0
19.4145,80.0812,362.7,1,1,2026-04-22,948,Aqua,MODIS,100,61.03,317.6,73.5,D,0
19.4158,80.0904,338.8,1,1,2026-04-22,948,Aqua,MODIS,84,61.03,313.8,21.3,D,0
19.4604,83.9975,328.1,1.4,1.2,2026-04-22,948,Aqua,MODIS,55,61.03,307.6,22.9,D,0
19.5064,83.8907,328.9,1.4,1.2,2026-04-22,948,Aqua,MODIS,77,61.03,307.8,22.3,D,0
19.518,81.1821,323.5,1,1,2026-04-22,948,Aqua,MODIS,48,61.03,308.8,8,D,0
19.5429,80.0006,327.5,1,1,2026-04-22,948,Aqua,MODIS,49,61.03,312.2,7.2,D,0
19.5575,83.1656,320.2,1.3,1.1,2026-04-22,948,Aqua,MODIS,33,61.03,303.3,11.8,D,0
19.5681,83.3233,323.8,1.3,1.1,2026-04-22,948,Aqua,MODIS,47,61.03,308.3,10.3,D,0
19.5875,83.3154,325.2,1.3,1.1,2026-04-22,948,Aqua,MODIS,72,61.03,308.2,14.2,D,0
19.588,83.3208,328.6,1.3,1.1,2026-04-22,948,Aqua,MODIS,68,61.03,307.9,18,D,0
19.5937,80.9301,327.1,1,1,2026-04-22,948,Aqua,MODIS,66,61.03,310.9,11.8,D,0
19.6216,79.6604,340.1,1,1,2026-04-22,948,Aqua,MODIS,80,61.03,311.7,29,D,0
19.6389,83.9567,319.4,1.4,1.2,2026-04-22,948,Aqua,MODIS,37,61.03,302.8,9.2,D,0
19.6439,83.9967,321.3,1.5,1.2,2026-04-22,948,Aqua,MODIS,64,61.03,304.5,13.9,D,0
19.651,83.4159,321.7,1.3,1.1,2026-04-22,948,Aqua,MODIS,65,61.03,304,14.7,D,0
19.6614,81.153,333.5,1,1,2026-04-22,948,Aqua,MODIS,78,61.03,306.8,21.4,D,0
19.6716,81.1553,324.7,1,1,2026-04-22,948,Aqua,MODIS,39,61.03,305.4,10.1,D,0
19.7043,80.9358,337.3,1,1,2026-04-22,948,Aqua,MODIS,42,61.03,309.9,26.4,D,0
19.7465,83.6001,323.8,1.4,1.2,2026-04-22,948,Aqua,MODIS,67,61.03,306.9,12,D,0
19.749,79.5134,366.4,1,1,2026-04-22,948,Aqua,MODIS,100,61.03,316.3,85.4,D,0
19.7504,79.5226,337.8,1,1,2026-04-22,948,Aqua,MODIS,81,61.03,313.3,20.4,D,0
19.7519,79.982,326.7,1,1,2026-04-22,948,Aqua,MODIS,28,61.03,312.6,5.9,D,0
19.7577,79.5119,333.9,1,1,2026-04-22,948,Aqua,MODIS,76,61.03,314.2,15.4,D,0
19.7592,79.9714,332.4,1,1,2026-04-22,948,Aqua,MODIS,75,61.03,314.5,13.5,D,0
19.7606,79.9806,327.4,1,1,2026-04-22,948,Aqua,MODIS,63,61.03,313,7.2,D,0
19.7993,81.0794,322.6,1,1,2026-04-22,948,Aqua,MODIS,41,61.03,307.5,6.5,D,0
19.8006,81.089,329.5,1,1,2026-04-22,948,Aqua,MODIS,72,61.03,308.6,14.6,D,0
19.8197,83.6227,325.9,1.4,1.2,2026-04-22,948,Aqua,MODIS,53,61.03,305.5,17.2,D,0
19.8214,83.6359,328,1.4,1.2,2026-04-22,948,Aqua,MODIS,56,61.03,305.6,22.2,D,0
19.8299,83.6214,336.6,1.4,1.2,2026-04-22,948,Aqua,MODIS,85,61.03,302.7,41.1,D,0
19.8553,80.8895,329.4,1,1,2026-04-22,948,Aqua,MODIS,72,61.03,309.7,15,D,0
19.8812,83.8657,322.5,1.4,1.2,2026-04-22,948,Aqua,MODIS,65,61.03,306.5,12.3,D,0
19.9151,80.2644,325,1,1,2026-04-22,948,Aqua,MODIS,53,61.03,311.6,6.9,D,0
19.9276,83.8995,331.3,1.4,1.2,2026-04-22,948,Aqua,MODIS,67,61.03,306.2,26.8,D,0
19.9295,81.2901,328.2,1.1,1,2026-04-22,948,Aqua,MODIS,70,61.03,310.1,14.6,D,0
19.9347,83.8914,333.9,1.4,1.2,2026-04-22,948,Aqua,MODIS,82,61.03,307.8,31,D,0
19.938,83.8977,327.2,1.4,1.2,2026-04-22,948,Aqua,MODIS,45,61.03,307.5,17.8,D,0
19.7892,78.8701,359.4,1,1,2026-04-22,949,Aqua,MODIS,99,61.03,315.5,69,D,0
20.1762,79.7195,326.6,1,1,2026-04-22,949,Aqua,MODIS,49,61.03,312.9,7.7,D,0
20.2397,79.7695,328.4,1,1,2026-04-22,949,Aqua,MODIS,49,61.03,313.1,9.3,D,0
20.2411,79.7787,338.6,1,1,2026-04-22,949,Aqua,MODIS,83,61.03,312.8,23,D,0
20.3625,82.4382,322.2,1.2,1.1,2026-04-22,949,Aqua,MODIS,42,61.03,303.7,8.4,D,0
20.3888,80.0317,340.4,1,1,2026-04-22,949,Aqua,MODIS,85,61.03,314.8,25.7,D,0
20.3902,80.041,329.5,1,1,2026-04-22,949,Aqua,MODIS,68,61.03,314.7,9.3,D,0
20.4214,82.4122,332,1.2,1.1,2026-04-22,949,Aqua,MODIS,79,61.03,315.3,18.6,D,0
20.4228,82.4233,339.1,1.2,1.1,2026-04-22,949,Aqua,MODIS,86,61.03,314.7,32.4,D,0
20.493,79.7839,326.3,1,1,2026-04-22,949,Aqua,MODIS,50,61.03,311.4,8.4,D,0
20.4943,79.7931,328.9,1,1,2026-04-22,949,Aqua,MODIS,62,61.03,311.2,10.8,D,0
20.5145,79.8087,329.2,1,1,2026-04-22,949,Aqua,MODIS,65,61.03,312.9,9.7,D,0
20.6271,79.585,328,1,1,2026-04-22,949,Aqua,MODIS,42,61.03,312.7,7.5,D,0
20.6358,79.5835,330.9,1,1,2026-04-22,949,Aqua,MODIS,67,61.03,313.5,10.9,D,0
20.7077,79.6217,326.9,1,1,2026-04-22,949,Aqua,MODIS,53,61.03,311.9,8.7,D,0
20.7091,79.631,331.6,1,1,2026-04-22,949,Aqua,MODIS,70,61.03,313.4,14.4,D,0
20.719,82.6492,330.4,1.2,1.1,2026-04-22,949,Aqua,MODIS,69,61.03,310.2,16.3,D,0
20.7355,81.31,335.2,1.1,1,2026-04-22,949,Aqua,MODIS,79,61.03,318.3,18.2,D,0
20.7539,81.045,329.7,1.1,1,2026-04-22,949,Aqua,MODIS,69,61.03,317.7,9.3,D,0
20.7941,78.1776,331.5,1.1,1,2026-04-22,949,Aqua,MODIS,38,61.03,312.7,9.6,D,0
20.8375,81.3189,331.2,1.1,1,2026-04-22,949,Aqua,MODIS,66,61.03,316.7,11.3,D,0
20.9654,85.1709,328,1.8,1.3,2026-04-22,949,Aqua,MODIS,56,61.03,310.1,23.8,D,2
21.0305,83.255,331.4,1.4,1.2,2026-04-22,949,Aqua,MODIS,77,61.03,312.3,20.5,D,0
21.165,79.4094,328.9,1,1,2026-04-22,949,Aqua,MODIS,39,61.03,313.3,7.6,D,0
21.1683,82.8952,332.5,1.3,1.1,2026-04-22,949,Aqua,MODIS,78,61.03,315,20.9,D,0
21.1783,80.5743,334.4,1,1,2026-04-22,949,Aqua,MODIS,77,61.03,315.3,17.1,D,0
21.2967,80.7659,324.9,1,1,2026-04-22,949,Aqua,MODIS,32,61.03,312.2,6.4,D,0
21.3221,78.1164,334.1,1,1,2026-04-22,949,Aqua,MODIS,66,61.03,317.6,14.4,D,0
21.3275,79.56,328.7,1,1,2026-04-22,949,Aqua,MODIS,65,61.03,313.6,10.2,D,0
21.3373,75.0128,334.6,1.5,1.2,2026-04-22,949,Aqua,MODIS,75,61.03,317.4,22.5,D,0
21.3748,79.431,349.3,1,1,2026-04-22,949,Aqua,MODIS,93,61.03,312.5,41,D,0
21.4101,80.6522,340,1,1,2026-04-22,949,Aqua,MODIS,84,61.03,314.1,29.1,D,0
21.4137,85.5741,323.7,2,1.4,2026-04-22,949,Aqua,MODIS,69,61.03,305.5,26.2,D,0
21.4394,77.7391,340.1,1.1,1,2026-04-22,949,Aqua,MODIS,84,61.03,317.4,27.5,D,0
21.4409,77.7492,331.1,1.1,1,2026-04-22,949,Aqua,MODIS,69,61.03,315.2,12.6,D,0
21.493,78.0239,339.6,1.1,1,2026-04-22,949,Aqua,MODIS,83,61.03,316.9,24.4,D,0
21.5119,80.6597,332.3,1,1,2026-04-22,949,Aqua,MODIS,73,61.03,312.6,17,D,0
21.5132,80.6693,326.6,1,1,2026-04-22,949,Aqua,MODIS,48,61.03,310.9,9.7,D,0
21.5375,77.3658,337.6,1.1,1,2026-04-22,949,Aqua,MODIS,80,61.03,314.1,29,D,0
21.6111,77.3022,329.9,1.1,1.1,2026-04-22,949,Aqua,MODIS,58,61.03,313.4,14.6,D,0
21.6163,82.396,329.7,1.2,1.1,2026-04-22,949,Aqua,MODIS,53,61.03,317.3,12.8,D,0
21.628,79.7771,329.3,1,1,2026-04-22,949,Aqua,MODIS,69,61.03,312,12.1,D,0
21.6294,79.7864,324.3,1,1,2026-04-22,949,Aqua,MODIS,45,61.03,309.3,5.9,D,0
21.6438,78.1543,341.9,1,1,2026-04-22,949,Aqua,MODIS,81,61.03,314.9,28.6,D,0
21.668,76.8495,336.3,1.2,1.1,2026-04-22,949,Aqua,MODIS,77,61.03,314.7,23,D,0
21.7009,77.4543,329.8,1.1,1,2026-04-22,949,Aqua,MODIS,25,61.03,315.6,10.9,D,0
21.7025,77.4645,345.3,1.1,1,2026-04-22,949,Aqua,MODIS,89,61.03,317.3,38.1,D,0
21.7096,77.4576,344.2,1.1,1,2026-04-22,949,Aqua,MODIS,88,61.03,317.2,33.1,D,0
21.7113,77.4679,336,1.1,1,2026-04-22,949,Aqua,MODIS,77,61.03,314.6,17.6,D,0
21.7409,81.249,331.6,1.1,1,2026-04-22,949,Aqua,MODIS,73,61.03,318.8,10.9,D,0
21.7426,77.4304,339.5,1.1,1,2026-04-22,949,Aqua,MODIS,82,61.03,316.1,24.3,D,0
21.7649,77.3946,335.6,1.1,1,2026-04-22,949,Aqua,MODIS,77,61.03,316.6,18.6,D,0
21.7854,81.029,339,1.1,1,2026-04-22,949,Aqua,MODIS,84,61.03,317.4,24.2,D,0
21.7868,81.0391,330.5,1.1,1,2026-04-22,949,Aqua,MODIS,35,61.03,316.3,10.5,D,0
21.793,78.6567,329,1,1,2026-04-22,949,Aqua,MODIS,62,61.03,315.3,8.5,D,0
21.7944,78.6661,328.2,1,1,2026-04-22,949,Aqua,MODIS,56,61.03,314,7.8,D,0
21.7945,81.0275,334.8,1.1,1,2026-04-22,949,Aqua,MODIS,79,61.03,316,18.8,D,0
21.7958,81.0375,331.2,1.1,1,2026-04-22,949,Aqua,MODIS,72,61.03,314.9,13.1,D,0
21.8024,81.4282,333.7,1.1,1,2026-04-22,949,Aqua,MODIS,77,61.03,317.5,13.3,D,0
21.8093,84.756,326.2,1.8,1.3,2026-04-22,949,Aqua,MODIS,70,61.03,307.5,25.6,D,0
21.8115,81.4267,332.5,1.1,1,2026-04-22,949,Aqua,MODIS,75,61.03,316.3,11.4,D,0
21.8481,80.7499,323.5,1,1,2026-04-22,949,Aqua,MODIS,38,61.03,309.6,6,D,0
21.8748,80.7455,325.1,1,1,2026-04-22,949,Aqua,MODIS,45,61.03,311.1,7,D,0
21.8797,81.0491,327.4,1.1,1,2026-04-22,949,Aqua,MODIS,64,61.03,312.1,8,D,0
21.9339,76.9463,331.9,1.1,1.1,2026-04-22,949,Aqua,MODIS,62,61.03,312.5,14.6,D,0
21.9407,81.7666,337.1,1.2,1.1,2026-04-22,949,Aqua,MODIS,82,61.03,319.4,21.4,D,0
21.9449,79.5359,332.6,1,1,2026-04-22,949,Aqua,MODIS,66,61.03,313.6,16,D,0
21.9491,81.0172,329.9,1.1,1,2026-04-22,949,Aqua,MODIS,70,61.03,312.9,13.9,D,0
21.9507,75.5146,334.1,1.4,1.2,2026-04-22,949,Aqua,MODIS,74,61.03,320.6,14.7,D,0
21.954,80.5167,326.3,1,1,2026-04-22,949,Aqua,MODIS,48,61.03,313.3,8.6,D,0
21.9554,80.5264,331.8,1,1,2026-04-22,949,Aqua,MODIS,75,61.03,314.3,15.9,D,0
21.9743,78.632,327.6,1,1,2026-04-22,949,Aqua,MODIS,47,61.03,314.4,6.9,D,0
21.9751,80.2716,327,1,1,2026-04-22,949,Aqua,MODIS,59,61.03,312,10.3,D,0
21.9765,80.2811,328.1,1,1,2026-04-22,949,Aqua,MODIS,63,61.03,310.9,11.4,D,0
21.9814,78.978,338.9,1,1,2026-04-22,949,Aqua,MODIS,82,61.03,318.3,19.4,D,0
21.9853,80.2797,332.5,1,1,2026-04-22,949,Aqua,MODIS,54,61.03,312,15.8,D,0
21.989,79.1493,334.3,1,1,2026-04-22,949,Aqua,MODIS,76,61.03,314.7,15.2,D,0
21.9977,79.1478,330.6,1,1,2026-04-22,949,Aqua,MODIS,45,61.03,314.4,9.7,D,0
22.0131,80.2849,334.9,1,1,2026-04-22,949,Aqua,MODIS,77,61.03,312,20.1,D,0
22.0209,75.9897,332.4,1.3,1.1,2026-04-22,949,Aqua,MODIS,69,61.03,318.6,9.2,D,0
22.0234,79.2008,338.4,1,1,2026-04-22,949,Aqua,MODIS,82,61.03,315.5,19.1,D,0
22.0247,79.2102,342.2,1,1,2026-04-22,949,Aqua,MODIS,86,61.03,318.5,25.7,D,0
22.0367,79.9243,336.7,1,1,2026-04-22,949,Aqua,MODIS,81,61.03,316.1,20.6,D,0
22.0455,79.9229,332.8,1,1,2026-04-22,949,Aqua,MODIS,75,61.03,314.8,15.4,D,0
22.0783,79.1847,336.8,1,1,2026-04-22,949,Aqua,MODIS,80,61.03,315.7,17.9,D,0
22.0883,81.0232,324.2,1.1,1,2026-04-22,949,Aqua,MODIS,41,61.03,312.1,7.7,D,0
22.098,79.4659,339.4,1,1,2026-04-22,949,Aqua,MODIS,84,61.03,317,21.1,D,0
22.0993,79.4753,346.7,1,1,2026-04-22,949,Aqua,MODIS,91,61.03,316.3,34.5,D,0
22.1095,78.3618,327.1,1,1,2026-04-22,949,Aqua,MODIS,50,61.03,312.9,8.5,D,0
22.1108,79.4666,328.9,1,1,2026-04-22,949,Aqua,MODIS,47,61.03,315.6,8.2,D,0
22.1149,77.9677,340.6,1,1,2026-04-22,949,Aqua,MODIS,84,61.03,314.7,27.4,D,0
22.1164,77.9774,351.1,1,1,2026-04-22,949,Aqua,MODIS,94,61.03,315.6,48.7,D,0
22.1222,79.4838,337.1,1,1,2026-04-22,949,Aqua,MODIS,73,61.03,314.8,19.7,D,0
22.1467,79.6525,331.8,1,1,2026-04-22,949,Aqua,MODIS,41,61.03,317,11.1,D,0
22.1524,79.8414,330.2,1,1,2026-04-22,949,Aqua,MODIS,70,61.03,314.9,12.8,D,0
22.1538,79.8508,331.4,1,1,2026-04-22,949,Aqua,MODIS,72,61.03,314.5,13.6,D,0
22.1602,79.7465,339.4,1,1,2026-04-22,949,Aqua,MODIS,83,61.03,314.5,25.4,D,0
22.1641,79.6495,331.9,1,1,2026-04-22,949,Aqua,MODIS,62,61.03,317.3,10.4,D,0
22.1677,79.8611,327.9,1,1,2026-04-22,949,Aqua,MODIS,61,61.03,315.5,9.5,D,0
22.1689,79.745,328.4,1,1,2026-04-22,949,Aqua,MODIS,62,61.03,314.5,8.8,D,0
22.1889,79.6357,329.7,1,1,2026-04-22,949,Aqua,MODIS,65,61.03,316.5,8.9,D,0
22.1941,77.7665,331.6,1.1,1,2026-04-22,949,Aqua,MODIS,70,61.03,311.6,16.9,D,0
22.206,79.816,339.3,1,1,2026-04-22,949,Aqua,MODIS,83,61.03,315.6,24,D,0
22.207,78.7464,330.8,1,1,2026-04-22,949,Aqua,MODIS,67,61.03,313.4,13.3,D,0
22.2084,78.7558,336.8,1,1,2026-04-22,949,Aqua,MODIS,79,61.03,313.8,21.9,D,0
22.212,79.7957,331.3,1,1,2026-04-22,949,Aqua,MODIS,71,61.03,316.3,12,D,0
22.2147,79.8145,328.3,1,1,2026-04-22,949,Aqua,MODIS,48,61.03,315,8.1,D,0
22.2147,80.1935,328.2,1,1,2026-04-22,949,Aqua,MODIS,63,61.03,314.9,10.9,D,0
22.2368,81.1595,330.4,1.1,1,2026-04-22,949,Aqua,MODIS,72,61.03,317.7,11.8,D,0
22.2452,80.2179,331.9,1,1,2026-04-22,949,Aqua,MODIS,72,61.03,314.8,14.7,D,0
22.2465,80.2275,330.3,1,1,2026-04-22,949,Aqua,MODIS,69,61.03,313.8,12.4,D,0
22.2484,82.3879,325.6,1.3,1.1,2026-04-22,949,Aqua,MODIS,58,61.03,309.5,11.9,D,0
22.2582,79.5415,331.8,1,1,2026-04-22,949,Aqua,MODIS,71,61.03,317.8,10.6,D,0
22.259,79.6087,333.6,1,1,2026-04-22,949,Aqua,MODIS,74,61.03,320.1,11.8,D,0
22.2604,79.6181,338.6,1,1,2026-04-22,949,Aqua,MODIS,82,61.03,318.9,19.5,D,0
22.2706,79.0528,328.9,1,1,2026-04-22,949,Aqua,MODIS,55,61.03,315.3,7.2,D,0
22.2726,79.1868,333,1,1,2026-04-22,949,Aqua,MODIS,72,61.03,317.9,12.1,D,0
22.274,79.1962,329.9,1,1,2026-04-22,949,Aqua,MODIS,64,61.03,315.9,7.9,D,0
22.2832,79.6527,334.4,1,1,2026-04-22,949,Aqua,MODIS,54,61.03,318.2,11.5,D,0
22.2838,79.5949,333.4,1,1,2026-04-22,949,Aqua,MODIS,74,61.03,319.3,11.2,D,0
22.2846,79.6621,364.8,1,1,2026-04-22,949,Aqua,MODIS,100,61.03,318.8,76.6,D,0
22.2852,79.6043,334.5,1,1,2026-04-22,949,Aqua,MODIS,76,61.03,318.6,13,D,0
22.2887,79.6903,331,1,1,2026-04-22,949,Aqua,MODIS,58,61.03,318.5,8.6,D,0
22.2933,79.6607,339.2,1,1,2026-04-22,949,Aqua,MODIS,81,61.03,318.7,17.8,D,0
22.3122,85.4383,324.2,2,1.4,2026-04-22,949,Aqua,MODIS,65,61.03,310.6,18.7,D,0
22.3196,85.4494,325.1,2,1.4,2026-04-22,949,Aqua,MODIS,49,61.03,310.8,20.2,D,0
22.323,79.2261,331.4,1,1,2026-04-22,949,Aqua,MODIS,67,61.03,317.5,9.8,D,0
22.3345,81.8132,325.4,1.2,1.1,2026-04-22,949,Aqua,MODIS,37,61.03,312.9,9.4,D,0
22.337,79.7527,332.8,1,1,2026-04-22,949,Aqua,MODIS,47,61.03,316,12.6,D,0
22.3403,81.8181,335.1,1.2,1.1,2026-04-22,949,Aqua,MODIS,80,61.03,313.8,24.6,D,0
22.3417,81.8292,335.6,1.2,1.1,2026-04-22,949,Aqua,MODIS,80,61.03,311.2,25.5,D,0
22.343,79.7323,341.5,1,1,2026-04-22,949,Aqua,MODIS,67,61.03,317.2,22.9,D,0
22.3443,79.7417,362.1,1,1,2026-04-22,949,Aqua,MODIS,100,61.03,319.2,70.3,D,0
22.3497,81.8168,326.5,1.2,1.1,2026-04-22,949,Aqua,MODIS,54,61.03,313.6,11.7,D,0
22.3517,79.7308,344.4,1,1,2026-04-22,949,Aqua,MODIS,83,61.03,318.7,27.3,D,2
22.3531,79.7403,341.5,1,1,2026-04-22,949,Aqua,MODIS,57,61.03,319.1,22.5,D,0
22.3618,79.7388,334.4,1,1,2026-04-22,949,Aqua,MODIS,73,61.03,318.3,12.6,D,0
22.3632,79.7482,338.4,1,1,2026-04-22,949,Aqua,MODIS,81,61.03,318.2,19.1,D,0
22.3734,80.0085,329.8,1,1,2026-04-22,949,Aqua,MODIS,23,61.03,315.4,9.9,D,0
22.3739,79.6981,331,1,1,2026-04-22,949,Aqua,MODIS,61,61.03,317.4,8,D,0
22.3808,79.9975,334.3,1,1,2026-04-22,949,Aqua,MODIS,75,61.03,316.4,16,D,0
22.3821,80.0071,328.2,1,1,2026-04-22,949,Aqua,MODIS,39,61.03,314.8,8,D,0
22.3921,79.7627,342,1,1,2026-04-22,949,Aqua,MODIS,85,61.03,316.7,26.4,D,0
22.3935,79.7721,380.4,1,1,2026-04-22,949,Aqua,MODIS,100,61.03,319.7,135.7,D,0
22.394,79.2658,332.4,1,1,2026-04-22,949,Aqua,MODIS,71,61.03,319.2,10.5,D,2
22.3953,79.2752,401.3,1,1,2026-04-22,949,Aqua,MODIS,100,61.03,324.9,239.8,D,0
22.3967,79.2845,358.2,1,1,2026-04-22,949,Aqua,MODIS,98,61.03,317.5,59.6,D,0
22.4001,79.6937,333,1,1,2026-04-22,949,Aqua,MODIS,65,61.03,317.5,11.1,D,0
22.4014,79.7031,338.5,1,1,2026-04-22,949,Aqua,MODIS,81,61.03,317.8,20.4,D,0
22.4041,79.2737,338.3,1,1,2026-04-22,949,Aqua,MODIS,81,61.03,318.1,18.9,D,0
22.4071,79.9931,334.2,1,1,2026-04-22,949,Aqua,MODIS,75,61.03,317.7,14.5,D,0
22.4074,79.6828,332.8,1,1,2026-04-22,949,Aqua,MODIS,71,61.03,319.2,11,D,0
22.4088,79.6922,338,1,1,2026-04-22,949,Aqua,MODIS,80,61.03,317.9,18.6,D,0
22.4131,79.8463,331.8,1,1,2026-04-22,949,Aqua,MODIS,69,61.03,319.1,10.6,D,0
22.4144,79.8558,343,1,1,2026-04-22,949,Aqua,MODIS,86,61.03,317.8,28.3,D,0
22.4145,79.9822,330.2,1,1,2026-04-22,949,Aqua,MODIS,33,61.03,317.1,9.2,D,0
22.4159,79.9917,345.8,1,1,2026-04-22,949,Aqua,MODIS,89,61.03,317.9,34.5,D,0
22.4301,80.0283,331.6,1,1,2026-04-22,949,Aqua,MODIS,69,61.03,316.6,11.6,D,2
22.4351,83.305,326.4,1.4,1.2,2026-04-22,949,Aqua,MODIS,41,61.03,313.1,11.8,D,0
22.4392,81.7186,328.7,1.2,1.1,2026-04-22,949,Aqua,MODIS,69,61.03,316,11.8,D,0
22.4393,79.8266,375.6,1,1,2026-04-22,949,Aqua,MODIS,100,61.03,322.1,114,D,0
22.4407,79.8361,361.8,1,1,2026-04-22,949,Aqua,MODIS,100,61.03,316.1,69.6,D,0
22.4426,83.2971,331.8,1.4,1.2,2026-04-22,949,Aqua,MODIS,76,61.03,313.7,23.5,D,0
22.4434,79.855,336.7,1,1,2026-04-22,949,Aqua,MODIS,66,61.03,316.5,16,D,0
22.4447,79.8645,331.3,1,1,2026-04-22,949,Aqua,MODIS,15,61.03,315.8,8.1,D,0
22.445,81.3353,325.5,1.1,1.1,2026-04-22,949,Aqua,MODIS,58,61.03,313.4,7.2,D,0
22.4461,79.874,351.1,1,1,2026-04-22,949,Aqua,MODIS,94,61.03,319.8,44.4,D,0
22.4463,80.8088,350.4,1.1,1,2026-04-22,949,Aqua,MODIS,93,61.03,314.7,50.1,D,0
22.4464,80.143,332.7,1,1,2026-04-22,949,Aqua,MODIS,72,61.03,317.9,14.1,D,0
22.4465,81.346,327.4,1.1,1.1,2026-04-22,949,Aqua,MODIS,65,61.03,313,10,D,0
22.4469,80.8801,325.9,1.1,1,2026-04-22,949,Aqua,MODIS,52,61.03,313.1,7.7,D,0
22.4474,79.8835,343,1,1,2026-04-22,949,Aqua,MODIS,86,61.03,316.4,27.6,D,0
22.4477,80.1526,346.5,1,1,2026-04-22,949,Aqua,MODIS,90,61.03,315.9,37.5,D,0
22.4481,79.8251,352.3,1,1,2026-04-22,949,Aqua,MODIS,94,61.03,317.8,45.7,D,0
22.4482,80.8902,327.1,1.1,1,2026-04-22,949,Aqua,MODIS,59,61.03,314.2,9.1,D,0
22.4483,79.9668,332.4,1,1,2026-04-22,949,Aqua,MODIS,66,61.03,317.1,11.8,D,0
22.4508,79.8441,338.6,1,1,2026-04-22,949,Aqua,MODIS,79,61.03,316.7,19.4,D,0
22.4521,79.8536,337.6,1,1,2026-04-22,949,Aqua,MODIS,68,61.03,317.5,17.4,D,0
22.4541,79.8047,335.2,1,1,2026-04-22,949,Aqua,MODIS,74,61.03,318.1,14.3,D,0
22.4553,80.6752,327.1,1.1,1,2026-04-22,949,Aqua,MODIS,58,61.03,315.3,7.6,D,0
22.4555,79.8142,337.6,1,1,2026-04-22,949,Aqua,MODIS,80,61.03,317.5,18.4,D,0
22.4595,79.8426,333.8,1,1,2026-04-22,949,Aqua,MODIS,61,61.03,317.4,12.7,D,0
22.4649,80.0071,335.6,1,1,2026-04-22,949,Aqua,MODIS,77,61.03,316.1,17.1,D,0
22.4766,81.3784,327.4,1.1,1.1,2026-04-22,949,Aqua,MODIS,60,61.03,314.8,10.4,D,0
22.4864,80.4929,327.4,1,1,2026-04-22,949,Aqua,MODIS,57,61.03,314.8,9.5,D,0
22.4966,80.1683,331.2,1,1,2026-04-22,949,Aqua,MODIS,68,61.03,318.2,11.4,D,0
22.5019,79.8257,356.6,1,1,2026-04-22,949,Aqua,MODIS,97,61.03,320.3,56.6,D,0
22.5066,81.6801,324.2,1.2,1.1,2026-04-22,949,Aqua,MODIS,42,61.03,312.2,8.5,D,0
22.508,81.0566,328.4,1.1,1,2026-04-22,949,Aqua,MODIS,65,61.03,311.9,13.6,D,0
22.5093,82.1868,326.3,1.2,1.1,2026-04-22,949,Aqua,MODIS,57,61.03,313.4,10.3,D,0
22.5102,80.0093,342.2,1,1,2026-04-22,949,Aqua,MODIS,86,61.03,315.8,29.2,D,0
22.5115,80.0189,344.9,1,1,2026-04-22,949,Aqua,MODIS,88,61.03,314.6,35,D,0
22.5116,81.6457,324.9,1.2,1.1,2026-04-22,949,Aqua,MODIS,48,61.03,313,9.9,D,0
22.5138,82.2218,326.9,1.2,1.1,2026-04-22,949,Aqua,MODIS,64,61.03,313,13.4,D,0
22.5152,82.2331,326,1.2,1.1,2026-04-22,949,Aqua,MODIS,61,61.03,311.9,12.9,D,0
22.5229,81.7328,324.9,1.2,1.1,2026-04-22,949,Aqua,MODIS,55,61.03,310.9,10.1,D,0
22.5277,79.3611,331.1,1,1,2026-04-22,949,Aqua,MODIS,68,61.03,319.1,9.2,D,0
22.53,81.7874,324.9,1.2,1.1,2026-04-22,949,Aqua,MODIS,52,61.03,310.2,10.2,D,0
22.5417,79.5802,330.7,1,1,2026-04-22,949,Aqua,MODIS,66,61.03,318.4,8.7,D,0
22.548,81.8525,326.1,1.2,1.1,2026-04-22,949,Aqua,MODIS,39,61.03,314.1,8.5,D,0
22.5555,79.8004,338.7,1,1,2026-04-22,949,Aqua,MODIS,81,61.03,317.2,21.3,D,0
22.5568,79.8098,344,1,1,2026-04-22,949,Aqua,MODIS,87,61.03,316.5,29.9,D,0
22.5574,81.8511,327.8,1.2,1.1,2026-04-22,949,Aqua,MODIS,56,61.03,314.8,10.8,D,0
22.5642,79.7989,340.6,1,1,2026-04-22,949,Aqua,MODIS,84,61.03,317.5,25,D,0
22.5642,80.5245,349.9,1,1,2026-04-22,949,Aqua,MODIS,93,61.03,317.8,45.9,D,0
22.5656,79.8084,331.9,1,1,2026-04-22,949,Aqua,MODIS,69,61.03,316,11.1,D,0
22.5994,81.732,326.4,1.2,1.1,2026-04-22,949,Aqua,MODIS,62,61.03,312.1,12,D,0
22.6012,80.3985,328,1,1,2026-04-22,949,Aqua,MODIS,46,61.03,316.3,8.5,D,0
22.6026,80.4082,327.7,1,1,2026-04-22,949,Aqua,MODIS,52,61.03,316.5,7.2,D,0
22.6129,81.9797,327.2,1.2,1.1,2026-04-22,949,Aqua,MODIS,62,61.03,315.5,10.6,D,0
22.6143,81.9908,326.7,1.2,1.1,2026-04-22,949,Aqua,MODIS,63,61.03,314.3,10.5,D,0
22.628,81.7542,327.1,1.2,1.1,2026-04-22,949,Aqua,MODIS,61,61.03,312.3,13.2,D,0
22.6631,78.5869,330.1,1,1,2026-04-22,949,Aqua,MODIS,60,61.03,313.4,10.6,D,0
22.6733,78.5947,328.4,1,1,2026-04-22,949,Aqua,MODIS,44,61.03,316.5,9,D,0
22.6734,81.7347,327.9,1.2,1.1,2026-04-22,949,Aqua,MODIS,65,61.03,309.5,17,D,0
22.6759,81.9748,327.3,1.2,1.1,2026-04-22,949,Aqua,MODIS,64,61.03,315.7,11.4,D,0
22.6781,80.61,329.6,1.1,1,2026-04-22,949,Aqua,MODIS,62,61.03,315.2,9.5,D,0
22.6813,81.7221,332.7,1.2,1.1,2026-04-22,949,Aqua,MODIS,70,61.03,309.6,25.2,D,0
22.6827,81.733,344.7,1.2,1.1,2026-04-22,949,Aqua,MODIS,89,61.03,309.4,48.3,D,0
22.6897,82.3142,333.6,1.3,1.1,2026-04-22,949,Aqua,MODIS,78,61.03,315.9,20.8,D,0
22.7372,81.2537,330.1,1.1,1.1,2026-04-22,949,Aqua,MODIS,63,61.03,312.8,17.4,D,0
22.7386,81.2641,328.1,1.1,1.1,2026-04-22,949,Aqua,MODIS,52,61.03,313.6,14.3,D,0
22.7581,79.2265,334.9,1,1,2026-04-22,949,Aqua,MODIS,76,61.03,319,15.8,D,0
22.7934,79.1626,328.5,1,1,2026-04-22,949,Aqua,MODIS,58,61.03,316.4,8.1,D,0
22.8129,82.2543,328.8,1.2,1.1,2026-04-22,949,Aqua,MODIS,68,61.03,315.7,13.2,D,0
22.8144,82.2661,329.9,1.3,1.1,2026-04-22,949,Aqua,MODIS,71,61.03,315.9,14.7,D,0
22.8458,83.3352,324,1.5,1.2,2026-04-22,949,Aqua,MODIS,53,61.03,311.3,12.7,D,0
22.8582,80.1132,333.4,1,1,2026-04-22,949,Aqua,MODIS,68,61.03,317.5,13.7,D,0
22.8595,80.1228,336.2,1,1,2026-04-22,949,Aqua,MODIS,78,61.03,317.8,18,D,0
22.8883,80.7984,330.4,1.1,1,2026-04-22,949,Aqua,MODIS,62,61.03,316.4,10.4,D,0
22.8892,79.8236,330.7,1,1,2026-04-22,949,Aqua,MODIS,61,61.03,318.8,9.6,D,0
23.0214,81.726,332.4,1.2,1.1,2026-04-22,949,Aqua,MODIS,73,61.03,314.5,17.9,D,0
23.0459,78.1149,328.3,1,1,2026-04-22,949,Aqua,MODIS,59,61.03,315.5,7.7,D,0
23.0474,78.1245,333,1,1,2026-04-22,949,Aqua,MODIS,73,61.03,315.6,13.8,D,0
23.0713,80.7876,326.4,1.1,1,2026-04-22,949,Aqua,MODIS,22,61.03,314.1,6.1,D,0
23.0778,81.2471,329.7,1.1,1.1,2026-04-22,949,Aqua,MODIS,62,61.03,314.2,12.6,D,0
23.0826,78.1773,329.6,1,1,2026-04-22,949,Aqua,MODIS,64,61.03,317.1,9.5,D,0
23.0834,85.0301,324.2,1.9,1.4,2026-04-22,949,Aqua,MODIS,64,61.03,310,17.8,D,0
23.1226,81.1686,326.5,1.1,1.1,2026-04-22,949,Aqua,MODIS,44,61.03,312.5,9.9,D,0
23.1298,77.4638,346.4,1.1,1,2026-04-22,949,Aqua,MODIS,90,61.03,317.6,39.2,D,0
23.1314,77.4738,328,1.1,1,2026-04-22,949,Aqua,MODIS,55,61.03,315.5,7.8,D,0
23.157,82.8751,328,1.4,1.2,2026-04-22,949,Aqua,MODIS,67,61.03,312.3,15.9,D,0
23.1675,83.8279,324.4,1.6,1.2,2026-04-22,949,Aqua,MODIS,58,61.03,308.6,16.5,D,0
23.1782,78.4385,341.6,1,1,2026-04-22,949,Aqua,MODIS,85,61.03,319,26.6,D,0
23.2202,79.4054,371.4,1,1,2026-04-22,949,Aqua,MODIS,100,61.03,323,101.5,D,0
23.2221,80.4744,330.2,1.1,1,2026-04-22,949,Aqua,MODIS,68,61.03,317.5,8.7,D,0
23.2257,77.6038,335.5,1,1,2026-04-22,949,Aqua,MODIS,77,61.03,315,18.4,D,0
23.2289,79.404,351.4,1,1,2026-04-22,949,Aqua,MODIS,94,61.03,320.7,43.2,D,0
23.2349,79.3835,333,1,1,2026-04-22,949,Aqua,MODIS,61,61.03,320.2,9.8,D,0
23.2354,80.8426,328.2,1.1,1,2026-04-22,949,Aqua,MODIS,63,61.03,315.8,8.4,D,0
23.2384,77.743,335.1,1,1,2026-04-22,949,Aqua,MODIS,61,61.03,315.8,15.2,D,0
23.2467,81.5609,331.9,1.2,1.1,2026-04-22,949,Aqua,MODIS,72,61.03,315.2,16.1,D,0
23.2561,77.7397,334.9,1,1,2026-04-22,949,Aqua,MODIS,53,61.03,316.9,15,D,0
23.2796,80.0979,330.3,1,1,2026-04-22,949,Aqua,MODIS,68,61.03,315.1,12,D,0
23.2809,80.1076,333,1,1,2026-04-22,949,Aqua,MODIS,74,61.03,314.8,16.2,D,0
23.2895,78.0132,341.3,1,1,2026-04-22,949,Aqua,MODIS,84,61.03,317.3,24.4,D,0
23.2925,78.0325,347.6,1,1,2026-04-22,949,Aqua,MODIS,91,61.03,317.8,37.6,D,0
23.2932,80.0659,333,1,1,2026-04-22,949,Aqua,MODIS,64,61.03,315.3,16.3,D,0
23.2945,80.0756,352.5,1,1,2026-04-22,949,Aqua,MODIS,89,61.03,316.3,52.3,D,0
23.2953,77.9923,331.6,1,1,2026-04-22,949,Aqua,MODIS,46,61.03,317.9,10.2,D,0
23.2968,78.002,332.8,1,1,2026-04-22,949,Aqua,MODIS,71,61.03,317.1,11.9,D,0
23.2983,78.0116,331.6,1,1,2026-04-22,949,Aqua,MODIS,44,61.03,317.1,9.8,D,0
23.3013,78.0309,346.4,1,1,2026-04-22,949,Aqua,MODIS,89,61.03,317.6,35,D,0
23.3027,78.0406,331.6,1,1,2026-04-22,949,Aqua,MODIS,67,61.03,316.1,10.3,D,0
23.3077,80.0866,345.9,1,1,2026-04-22,949,Aqua,MODIS,90,61.03,314.6,39.4,D,0
23.3084,77.9601,337.3,1,1,2026-04-22,949,Aqua,MODIS,79,61.03,317.3,20.4,D,0
23.3144,79.75,335.2,1,1,2026-04-22,949,Aqua,MODIS,77,61.03,314.8,18.3,D,0
23.3213,80.4626,332.1,1.1,1,2026-04-22,949,Aqua,MODIS,73,61.03,316.9,13.5,D,0
23.3231,79.7485,332.2,1,1,2026-04-22,949,Aqua,MODIS,72,61.03,314.4,15,D,0
23.3245,79.7581,326.1,1,1,2026-04-22,949,Aqua,MODIS,47,61.03,313.9,7.4,D,0
23.3519,82.7164,325.9,1.4,1.2,2026-04-22,949,Aqua,MODIS,57,61.03,311.6,13.2,D,0
23.3525,78.0116,349.7,1,1,2026-04-22,949,Aqua,MODIS,92,61.03,319.4,41.7,D,0
23.354,78.0212,342,1,1,2026-04-22,949,Aqua,MODIS,85,61.03,318.9,26,D,0
23.3847,79.142,330.9,1,1,2026-04-22,949,Aqua,MODIS,66,61.03,318,9.4,D,0
23.3905,81.1092,331,1.1,1.1,2026-04-22,949,Aqua,MODIS,71,61.03,314.6,14.9,D,0
23.3919,81.1198,327.5,1.1,1.1,2026-04-22,949,Aqua,MODIS,61,61.03,314.6,10,D,0
23.4019,78.7558,330.7,1,1,2026-04-22,949,Aqua,MODIS,64,61.03,319,8.4,D,0
23.4252,81.7762,327.1,1.2,1.1,2026-04-22,949,Aqua,MODIS,60,61.03,314,10.2,D,0
23.45,80.3889,328.1,1.1,1,2026-04-22,949,Aqua,MODIS,60,61.03,314,9.6,D,0
23.452,79.0956,339.7,1,1,2026-04-22,949,Aqua,MODIS,82,61.03,318.9,22.2,D,0
23.4533,79.1051,332.2,1,1,2026-04-22,949,Aqua,MODIS,69,61.03,317.2,10.9,D,0
23.4797,79.8672,329.1,1,1,2026-04-22,949,Aqua,MODIS,61,61.03,316.2,10.3,D,0
23.4958,79.3986,347.9,1,1,2026-04-22,949,Aqua,MODIS,91,61.03,322.8,37.1,D,0
23.4972,79.4081,347.4,1,1,2026-04-22,949,Aqua,MODIS,90,61.03,322.7,35.4,D,0
23.5152,79.6743,352.8,1,1,2026-04-22,949,Aqua,MODIS,95,61.03,320.2,47.6,D,0
23.5166,79.6839,337.9,1,1,2026-04-22,949,Aqua,MODIS,80,61.03,317.6,19.2,D,0
23.5229,83.9268,322.6,1.6,1.3,2026-04-22,949,Aqua,MODIS,43,61.03,308.3,13.1,D,0
23.5252,79.667,338.9,1,1,2026-04-22,949,Aqua,MODIS,82,61.03,320.3,21.8,D,0
23.5265,79.6766,339.1,1,1,2026-04-22,949,Aqua,MODIS,82,61.03,318.6,22.8,D,0
23.5678,79.7777,331.4,1,1,2026-04-22,949,Aqua,MODIS,68,61.03,319.3,10.5,D,0
23.5697,84.2434,343.3,1.7,1.3,2026-04-22,949,Aqua,MODIS,89,61.03,309.5,83.3,D,0
23.5744,83.1149,326.5,1.4,1.2,2026-04-22,949,Aqua,MODIS,60,61.03,312,12.5,D,0
23.5746,80.691,328.6,1.1,1,2026-04-22,949,Aqua,MODIS,63,61.03,315.1,12.2,D,0
23.5756,79.5801,331.9,1,1,2026-04-22,949,Aqua,MODIS,69,61.03,317.3,12,D,0
23.5957,82.4687,333.7,1.3,1.1,2026-04-22,949,Aqua,MODIS,77,61.03,310.1,30,D,0
23.6004,80.5417,327.8,1.1,1,2026-04-22,949,Aqua,MODIS,59,61.03,316.8,10,D,0
23.6279,82.4702,331.6,1.3,1.1,2026-04-22,949,Aqua,MODIS,74,61.03,310.8,25,D,0
23.6361,80.4682,326.5,1.1,1,2026-04-22,949,Aqua,MODIS,50,61.03,313.2,8.7,D,0
23.6467,80.3443,333.6,1.1,1,2026-04-22,949,Aqua,MODIS,74,61.03,316.6,16.4,D,0
23.648,80.3543,337.6,1.1,1,2026-04-22,949,Aqua,MODIS,81,61.03,315.2,23.2,D,0
23.6899,80.4597,328.6,1.1,1,2026-04-22,949,Aqua,MODIS,62,61.03,314.7,9.2,D,0
23.6913,80.4698,334.8,1.1,1,2026-04-22,949,Aqua,MODIS,77,61.03,315.9,17.6,D,0
23.7175,82.3761,324.4,1.3,1.1,2026-04-22,949,Aqua,MODIS,48,61.03,309.7,12.8,D,0
23.7176,80.7985,335.2,1.1,1,2026-04-22,949,Aqua,MODIS,78,61.03,317.5,19.8,D,0
23.719,80.8088,344.4,1.1,1,2026-04-22,949,Aqua,MODIS,88,61.03,316.5,36.8,D,0
23.7214,82.9862,331,1.4,1.2,2026-04-22,949,Aqua,MODIS,73,61.03,312.8,22.8,D,0
23.7301,82.9711,334.1,1.4,1.2,2026-04-22,949,Aqua,MODIS,78,61.03,313.4,28.8,D,0
23.7317,82.9848,328.2,1.4,1.2,2026-04-22,949,Aqua,MODIS,61,61.03,313.1,15.9,D,0
23.7979,81.2601,348.9,1.1,1.1,2026-04-22,949,Aqua,MODIS,92,61.03,318.4,48,D,0
23.7993,81.2709,331.7,1.1,1.1,2026-04-22,949,Aqua,MODIS,48,61.03,316.2,13.3,D,0
23.8004,82.8872,329.4,1.4,1.2,2026-04-22,949,Aqua,MODIS,70,61.03,314.3,16.2,D,0
23.8072,81.2586,332.3,1.1,1.1,2026-04-22,949,Aqua,MODIS,57,61.03,316.4,14.1,D,0
23.8309,83.8203,328.3,1.6,1.3,2026-04-22,949,Aqua,MODIS,69,61.03,310.3,23,D,0
23.8327,83.8357,324.2,1.6,1.3,2026-04-22,949,Aqua,MODIS,52,61.03,309.6,13.2,D,0
23.8528,82.9005,328.1,1.4,1.2,2026-04-22,949,Aqua,MODIS,66,61.03,312.9,14.6,D,0
23.9913,82.862,336.1,1.4,1.2,2026-04-22,949,Aqua,MODIS,80,61.03,313.4,30.8,D,0
24.0055,83.0668,343.8,1.5,1.2,2026-04-22,949,Aqua,MODIS,88,61.03,311.5,57.5,D,0
24.0678,83.6926,326.4,1.6,1.2,2026-04-22,949,Aqua,MODIS,61,61.03,311.9,16.3,D,0
22.9432,75.1001,329.8,1.4,1.2,2026-04-22,950,Aqua,MODIS,63,61.03,317.5,13.2,D,0
22.9455,75.1133,331,1.4,1.2,2026-04-22,950,Aqua,MODIS,67,61.03,318.7,14.9,D,0
23.0787,74.4733,329.2,1.5,1.2,2026-04-22,950,Aqua,MODIS,60,61.03,316.1,13.6,D,0
23.153,76.5164,339.4,1.2,1.1,2026-04-22,950,Aqua,MODIS,41,61.03,315.7,29.7,D,0
23.2901,75.5599,336.7,1.3,1.1,2026-04-22,950,Aqua,MODIS,77,61.03,317.4,26,D,0
23.3598,78.0003,330.6,1,1,2026-04-22,950,Aqua,MODIS,36,61.03,316.3,9,D,0
23.3613,78.01,339.3,1,1,2026-04-22,950,Aqua,MODIS,62,61.03,318.3,21.9,D,0
23.4243,75.1987,333.9,1.4,1.2,2026-04-22,950,Aqua,MODIS,72,61.03,315.3,24.4,D,0
23.4368,77.5928,344.4,1,1,2026-04-22,950,Aqua,MODIS,88,61.03,316.8,32.1,D,0
23.4383,77.6027,346.5,1,1,2026-04-22,950,Aqua,MODIS,90,61.03,316,36.6,D,0
23.4457,77.5912,341.1,1,1,2026-04-22,950,Aqua,MODIS,84,61.03,318,26.8,D,0
23.4472,77.601,331.5,1,1,2026-04-22,950,Aqua,MODIS,35,61.03,314.8,11.1,D,0
23.453,77.5796,332.2,1,1,2026-04-22,950,Aqua,MODIS,61,61.03,316,12.6,D,0
23.4546,77.5895,331.8,1,1,2026-04-22,950,Aqua,MODIS,60,61.03,315,12.4,D,0
23.4628,77.7595,329.6,1,1,2026-04-22,950,Aqua,MODIS,59,61.03,315.1,8.9,D,0
23.4643,77.7693,331.6,1,1,2026-04-22,950,Aqua,MODIS,68,61.03,316.2,11.7,D,0
23.4946,78.2749,333.1,1,1,2026-04-22,950,Aqua,MODIS,71,61.03,315.6,13.2,D,0
23.5105,78.1288,331,1,1,2026-04-22,950,Aqua,MODIS,65,61.03,316.2,11.1,D,0
23.5134,78.0887,351.4,1,1,2026-04-22,950,Aqua,MODIS,94,61.03,316.7,47.9,D,0
23.5149,78.0983,372.5,1,1,2026-04-22,950,Aqua,MODIS,100,61.03,318.2,108.7,D,0
23.5161,77.8698,331.6,1,1,2026-04-22,950,Aqua,MODIS,68,61.03,318.9,10.7,D,0
23.5367,77.8694,346,1,1,2026-04-22,950,Aqua,MODIS,89,61.03,319,35,D,0
23.5498,77.837,337.9,1,1,2026-04-22,950,Aqua,MODIS,80,61.03,317.7,21.9,D,0
23.568,78.5684,329.2,1,1,2026-04-22,950,Aqua,MODIS,57,61.03,316.6,8.7,D,0
23.5784,77.6105,335.2,1,1,2026-04-22,950,Aqua,MODIS,75,61.03,317,16.5,D,0
23.5799,77.6203,337.2,1,1,2026-04-22,950,Aqua,MODIS,79,61.03,317.3,19.5,D,0
23.5817,78.3612,331.5,1,1,2026-04-22,950,Aqua,MODIS,34,61.03,317.4,10.2,D,0
23.5857,77.5934,329.1,1,1,2026-04-22,950,Aqua,MODIS,56,61.03,317,7.7,D,0
23.589,78.3501,336,1,1,2026-04-22,950,Aqua,MODIS,74,61.03,315.9,16.8,D,0
23.5895,79.094,329.7,1,1,2026-04-22,950,Aqua,MODIS,60,61.03,318.7,8.4,D,0
23.5908,79.1035,332.5,1,1,2026-04-22,950,Aqua,MODIS,69,61.03,319.2,12,D,0
23.6035,78.3866,333,1,1,2026-04-22,950,Aqua,MODIS,63,61.03,315.5,12.8,D,0
23.6038,77.6507,328.1,1,1,2026-04-22,950,Aqua,MODIS,40,61.03,315,6.9,D,0
23.6048,77.3652,352.1,1.1,1,2026-04-22,950,Aqua,MODIS,94,61.03,317.3,51.9,D,0
23.6048,79.5097,339.6,1,1,2026-04-22,950,Aqua,MODIS,82,61.03,321.1,21.5,D,0
23.6049,78.3961,332.6,1,1,2026-04-22,950,Aqua,MODIS,68,61.03,314.2,12.6,D,0
23.6059,78.5227,334.4,1,1,2026-04-22,950,Aqua,MODIS,74,61.03,318.7,15.6,D,0
23.6062,79.5192,364.2,1,1,2026-04-22,950,Aqua,MODIS,100,61.03,323.4,76.3,D,0
23.6064,77.3752,353.6,1.1,1,2026-04-22,950,Aqua,MODIS,95,61.03,316.6,56.2,D,0
23.6075,74.8874,336.4,1.4,1.2,2026-04-22,950,Aqua,MODIS,77,61.03,316.1,31.6,D,0
23.6075,79.5288,345.1,1,1,2026-04-22,950,Aqua,MODIS,86,61.03,320.8,29.1,D,0
23.6133,77.7696,355.8,1,1,2026-04-22,950,Aqua,MODIS,97,61.03,320.4,57.2,D,0
23.6143,77.2498,330.7,1.1,1,2026-04-22,950,Aqua,MODIS,63,61.03,318.1,9.3,D,0
23.6146,78.378,331.6,1,1,2026-04-22,950,Aqua,MODIS,66,61.03,316.4,12.7,D,0
23.6148,77.7793,398.8,1,1,2026-04-22,950,Aqua,MODIS,100,61.03,324.5,236.3,D,0
23.6149,79.5177,344.3,1,1,2026-04-22,950,Aqua,MODIS,85,61.03,323.2,27.4,D,0
23.6163,79.5272,347.5,1,1,2026-04-22,950,Aqua,MODIS,90,61.03,322.5,34,D,0
23.6176,79.5368,332.6,1,1,2026-04-22,950,Aqua,MODIS,70,61.03,320.7,11.6,D,0
23.6221,77.768,331.5,1,1,2026-04-22,950,Aqua,MODIS,57,61.03,317.8,11.4,D,0
23.631,79.5052,335.9,1,1,2026-04-22,950,Aqua,MODIS,77,61.03,321.2,16.6,D,0
23.6459,79.2978,337.6,1,1,2026-04-22,950,Aqua,MODIS,79,61.03,322.5,17.6,D,0
23.6473,79.3073,339.5,1,1,2026-04-22,950,Aqua,MODIS,82,61.03,321.5,20.8,D,0
23.6544,77.7419,331.5,1,1,2026-04-22,950,Aqua,MODIS,60,61.03,317.4,10.7,D,0
23.6668,79.0556,330.3,1,1,2026-04-22,950,Aqua,MODIS,48,61.03,319.1,9.1,D,0
23.6705,79.783,331.6,1,1,2026-04-22,950,Aqua,MODIS,49,61.03,317.9,10.2,D,0
23.6745,78.2398,330.4,1,1,2026-04-22,950,Aqua,MODIS,62,61.03,317.1,10.1,D,0
23.6755,79.054,335.8,1,1,2026-04-22,950,Aqua,MODIS,76,61.03,317.6,16.5,D,0
23.6769,79.0635,339.1,1,1,2026-04-22,950,Aqua,MODIS,81,61.03,318.3,22.1,D,0
23.6793,79.7815,337.2,1,1,2026-04-22,950,Aqua,MODIS,79,61.03,319.6,19.4,D,0
23.6822,77.6865,352.7,1,1,2026-04-22,950,Aqua,MODIS,95,61.03,319.6,49.3,D,0
23.6837,77.6963,343.5,1,1,2026-04-22,950,Aqua,MODIS,86,61.03,317.3,30.1,D,0
23.6845,78.1734,331.5,1,1,2026-04-22,950,Aqua,MODIS,66,61.03,317.4,11.1,D,0
23.6848,79.8201,339.4,1,1,2026-04-22,950,Aqua,MODIS,82,61.03,319.1,22,D,0
23.6861,79.8298,329.4,1,1,2026-04-22,950,Aqua,MODIS,60,61.03,318.5,7.2,D,0
23.6875,79.8395,330.6,1,1,2026-04-22,950,Aqua,MODIS,65,61.03,318.5,8.8,D,0
23.6922,77.6781,359.6,1,1,2026-04-22,950,Aqua,MODIS,99,61.03,318.6,69,D,0
23.6937,77.6879,358.3,1,1,2026-04-22,950,Aqua,MODIS,98,61.03,317.2,65.9,D,0
23.6964,77.647,330.1,1,1,2026-04-22,950,Aqua,MODIS,44,61.03,317.7,9.8,D,0
23.7046,80.0257,330,1,1,2026-04-22,950,Aqua,MODIS,63,61.03,317.5,10.1,D,0
23.7087,80.055,327.9,1,1,2026-04-22,950,Aqua,MODIS,28,61.03,315.7,8.6,D,0
23.7112,79.8158,331.9,1,1,2026-04-22,950,Aqua,MODIS,69,61.03,318.1,9.8,D,0
23.7126,79.8255,333,1,1,2026-04-22,950,Aqua,MODIS,71,61.03,318.4,11.8,D,0
23.7306,77.6911,344.6,1,1,2026-04-22,950,Aqua,MODIS,88,61.03,319.5,33.1,D,0
23.7321,77.7008,390.5,1,1,2026-04-22,950,Aqua,MODIS,100,61.03,323.7,190.1,D,0
23.7336,77.7106,346.2,1,1,2026-04-22,950,Aqua,MODIS,89,61.03,317.4,35.8,D,0
23.7382,77.7399,330.1,1,1,2026-04-22,950,Aqua,MODIS,60,61.03,317.4,9.2,D,0
23.7486,79.8138,339.8,1,1,2026-04-22,950,Aqua,MODIS,83,61.03,321.5,22.7,D,0
23.75,79.8234,333.5,1,1,2026-04-22,950,Aqua,MODIS,73,61.03,320.2,12.4,D,0
23.7527,79.9721,332.4,1,1,2026-04-22,950,Aqua,MODIS,70,61.03,316.8,12.8,D,0
23.757,78.9748,336,1,1,2026-04-22,950,Aqua,MODIS,66,61.03,321.1,14,D,0
23.7571,77.6861,333.6,1,1,2026-04-22,950,Aqua,MODIS,66,61.03,317.3,12.8,D,0
23.7583,78.9843,338,1,1,2026-04-22,950,Aqua,MODIS,80,61.03,320.8,17,D,0
23.7601,79.9609,331.5,1,1,2026-04-22,950,Aqua,MODIS,68,61.03,318.1,11.7,D,0
23.7615,79.9706,338.9,1,1,2026-04-22,950,Aqua,MODIS,81,61.03,317.3,22.9,D,0
23.7636,78.8377,332.4,1,1,2026-04-22,950,Aqua,MODIS,68,61.03,319,11.7,D,0
23.7681,73.8607,330.3,1.6,1.3,2026-04-22,950,Aqua,MODIS,64,61.03,314.7,23.9,D,0
23.7733,77.6731,334.2,1,1,2026-04-22,950,Aqua,MODIS,54,61.03,317.5,13.1,D,0
23.7774,76.873,337.3,1.1,1,2026-04-22,950,Aqua,MODIS,78,61.03,318.5,20.4,D,0
23.7791,76.8833,331.7,1.1,1,2026-04-22,950,Aqua,MODIS,55,61.03,315.8,11.8,D,0
23.7839,77.6756,330.7,1,1,2026-04-22,950,Aqua,MODIS,62,61.03,318.4,8.7,D,0
23.7865,76.8712,348.1,1.1,1,2026-04-22,950,Aqua,MODIS,91,61.03,319,41.5,D,0
23.7867,77.6347,331.1,1,1,2026-04-22,950,Aqua,MODIS,45,61.03,318.1,8.5,D,0
23.7881,76.8816,337.7,1.1,1,2026-04-22,950,Aqua,MODIS,75,61.03,315.9,20.2,D,0
23.7981,79.8451,334.4,1,1,2026-04-22,950,Aqua,MODIS,74,61.03,321.1,14.5,D,0
23.8113,78.9014,358.1,1,1,2026-04-22,950,Aqua,MODIS,98,61.03,321.7,59.7,D,0
23.8127,78.9108,354.9,1,1,2026-04-22,950,Aqua,MODIS,96,61.03,321.9,51.7,D,0
23.8265,76.4319,331,1.1,1.1,2026-04-22,950,Aqua,MODIS,34,61.03,316,13.9,D,0
23.8281,77.6673,332.1,1,1,2026-04-22,950,Aqua,MODIS,67,61.03,318.6,10.8,D,0
23.8296,77.6771,342.1,1,1,2026-04-22,950,Aqua,MODIS,85,61.03,318.5,27.2,D,0
23.8342,77.3444,333.6,1.1,1,2026-04-22,950,Aqua,MODIS,71,61.03,318.8,13.9,D,0
23.8357,75.5494,331.6,1.3,1.1,2026-04-22,950,Aqua,MODIS,66,61.03,315.8,17.4,D,0
23.8524,79.5727,331.8,1,1,2026-04-22,950,Aqua,MODIS,68,61.03,317.8,11.5,D,0
23.855,80.4514,327.6,1.1,1,2026-04-22,950,Aqua,MODIS,54,61.03,315.3,9.7,D,0
23.8772,77.8684,330.8,1,1,2026-04-22,950,Aqua,MODIS,62,61.03,317.9,10.6,D,0
23.8788,77.9378,342.4,1,1,2026-04-22,950,Aqua,MODIS,63,61.03,318.7,26.1,D,0
23.8803,77.9474,358,1,1,2026-04-22,950,Aqua,MODIS,98,61.03,320.1,60.6,D,0
23.8818,77.9571,336.1,1,1,2026-04-22,950,Aqua,MODIS,56,61.03,318.8,15.6,D,0
23.8861,77.9265,331.9,1,1,2026-04-22,950,Aqua,MODIS,42,61.03,318,11.6,D,0
23.8872,77.2724,337.6,1.1,1,2026-04-22,950,Aqua,MODIS,79,61.03,319.3,20.8,D,0
23.8876,77.9361,338.2,1,1,2026-04-22,950,Aqua,MODIS,80,61.03,318.3,20.9,D,0
23.8877,79.6947,328.7,1,1,2026-04-22,950,Aqua,MODIS,54,61.03,318.5,7.5,D,0
23.8891,77.9458,334.5,1,1,2026-04-22,950,Aqua,MODIS,46,61.03,317.2,13.9,D,0
23.8891,79.7044,330.9,1,1,2026-04-22,950,Aqua,MODIS,66,61.03,317.9,10.1,D,0
23.9005,81.7832,325.9,1.2,1.1,2026-04-22,950,Aqua,MODIS,37,61.03,313.4,11.5,D,0
23.9067,78.0614,335.2,1,1,2026-04-22,950,Aqua,MODIS,74,61.03,317.7,16.7,D,0
23.9149,77.3907,334.5,1.1,1,2026-04-22,950,Aqua,MODIS,73,61.03,319.3,14.3,D,0
23.9189,76.2491,330.1,1.2,1.1,2026-04-22,950,Aqua,MODIS,60,61.03,315.8,11.2,D,0
23.9326,77.6816,331.4,1,1,2026-04-22,950,Aqua,MODIS,60,61.03,318.8,9.5,D,0
23.9341,77.6913,344.7,1,1,2026-04-22,950,Aqua,MODIS,87,61.03,318,31.9,D,0
23.9401,80.4618,327.3,1.1,1,2026-04-22,950,Aqua,MODIS,52,61.03,317,7.7,D,0
23.9414,77.6799,331.8,1,1,2026-04-22,950,Aqua,MODIS,66,61.03,318.6,10.7,D,0
23.9498,81.7874,328.3,1.2,1.1,2026-04-22,950,Aqua,MODIS,62,61.03,313.2,14.1,D,0
23.956,80.5109,331.9,1.1,1,2026-04-22,950,Aqua,MODIS,70,61.03,318.1,12.4,D,0
23.9632,81.3329,332.5,1.2,1.1,2026-04-22,950,Aqua,MODIS,73,61.03,314.4,16.5,D,0
23.965,80.5095,330.7,1.1,1,2026-04-22,950,Aqua,MODIS,66,61.03,318.8,10.6,D,0
23.9669,77.2515,338.5,1.1,1,2026-04-22,950,Aqua,MODIS,80,61.03,318.9,22.6,D,0
23.9854,75.5863,339.5,1.3,1.1,2026-04-22,950,Aqua,MODIS,81,61.03,314.2,31.7,D,0
23.9872,77.6153,373.4,1,1,2026-04-22,950,Aqua,MODIS,100,61.03,322,112.8,D,0
23.9887,77.6251,356.5,1,1,2026-04-22,950,Aqua,MODIS,97,61.03,318.1,59,D,0
23.989,77.9903,334.1,1,1,2026-04-22,950,Aqua,MODIS,72,61.03,318.4,15.4,D,0
23.9905,77.9999,339.4,1,1,2026-04-22,950,Aqua,MODIS,81,61.03,316.4,24.4,D,0
23.9938,77.7747,340.7,1,1,2026-04-22,950,Aqua,MODIS,83,61.03,319.9,24.3,D,0
23.9953,77.7844,341.3,1,1,2026-04-22,950,Aqua,MODIS,84,61.03,319.2,25.3,D,0
24.008,78.1152,330.3,1,1,2026-04-22,950,Aqua,MODIS,60,61.03,318.9,9.1,D,0
24.0091,76.2371,342.7,1.2,1.1,2026-04-22,950,Aqua,MODIS,85,61.03,318.2,34.7,D,0
24.0127,76.2185,345.8,1.2,1.1,2026-04-22,950,Aqua,MODIS,89,61.03,318.9,42.1,D,0
24.0137,78.2126,329.7,1,1,2026-04-22,950,Aqua,MODIS,38,61.03,317.6,8.9,D,0
24.0146,76.2295,360.2,1.2,1.1,2026-04-22,950,Aqua,MODIS,100,61.03,320,83.2,D,0
24.0152,78.1632,336.5,1,1,2026-04-22,950,Aqua,MODIS,77,61.03,318.2,18,D,0
24.0164,76.2405,347,1.2,1.1,2026-04-22,950,Aqua,MODIS,90,61.03,316.9,44.8,D,0
24.0204,81.2059,327,1.1,1.1,2026-04-22,950,Aqua,MODIS,49,61.03,314,9.9,D,0
24.0224,78.211,342.1,1,1,2026-04-22,950,Aqua,MODIS,85,61.03,317.5,26.1,D,0
24.0312,78.2094,343.1,1,1,2026-04-22,950,Aqua,MODIS,86,61.03,319.1,28.1,D,0
24.0367,74.9753,332.1,1.4,1.2,2026-04-22,950,Aqua,MODIS,68,61.03,316.1,22.1,D,0
24.0377,74.2068,330.6,1.5,1.2,2026-04-22,950,Aqua,MODIS,66,61.03,316.6,18.4,D,0
24.0389,74.9882,340.3,1.4,1.2,2026-04-22,950,Aqua,MODIS,83,61.03,316.2,41.4,D,0
24.0597,78.7608,336.6,1,1,2026-04-22,950,Aqua,MODIS,77,61.03,318.3,17.9,D,0
24.0892,80.8202,335.6,1.1,1,2026-04-22,950,Aqua,MODIS,55,61.03,317.5,16.8,D,0
24.0906,80.8307,338.9,1.1,1,2026-04-22,950,Aqua,MODIS,81,61.03,317,22.8,D,0
24.0919,80.8411,347.6,1.1,1,2026-04-22,950,Aqua,MODIS,91,61.03,316.2,40.3,D,0
24.0997,80.8292,336.3,1.1,1,2026-04-22,950,Aqua,MODIS,79,61.03,317.6,18.9,D,0
24.101,80.1567,333.4,1,1,2026-04-22,950,Aqua,MODIS,72,61.03,319.8,13.5,D,0
24.1011,80.8397,335,1.1,1,2026-04-22,950,Aqua,MODIS,76,61.03,317.2,16.4,D,0
24.1088,77.9163,333.2,1,1,2026-04-22,950,Aqua,MODIS,70,61.03,319.9,12.8,D,0
24.1393,77.2271,332.5,1.1,1,2026-04-22,950,Aqua,MODIS,68,61.03,318.8,11.8,D,0
24.1405,83.1549,326.7,1.5,1.2,2026-04-22,950,Aqua,MODIS,59,61.03,312.5,12.4,D,0
24.1423,78.8184,328.5,1,1,2026-04-22,950,Aqua,MODIS,47,61.03,317,7.7,D,0
24.1484,77.9388,331,1,1,2026-04-22,950,Aqua,MODIS,64,61.03,320.1,10.4,D,0
24.1501,77.4713,333.8,1,1,2026-04-22,950,Aqua,MODIS,72,61.03,317.1,14.3,D,0
24.1516,77.4812,330.9,1,1,2026-04-22,950,Aqua,MODIS,63,61.03,317.2,9.9,D,0
24.1525,74.6943,337.8,1.4,1.2,2026-04-22,950,Aqua,MODIS,80,61.03,319,32,D,0
24.1562,82.6234,329.4,1.4,1.2,2026-04-22,950,Aqua,MODIS,67,61.03,312.9,15.6,D,0
24.1566,78.8548,328.6,1,1,2026-04-22,950,Aqua,MODIS,49,61.03,317.3,6.9,D,0
24.1595,80.791,327.5,1.1,1,2026-04-22,950,Aqua,MODIS,50,61.03,315.7,7.9,D,0
24.1627,74.692,331.3,1.4,1.2,2026-04-22,950,Aqua,MODIS,60,61.03,317.9,15.8,D,0
24.1672,82.4651,331.8,1.3,1.1,2026-04-22,950,Aqua,MODIS,55,61.03,315.9,19.4,D,0
24.1902,83.9559,325.8,1.7,1.3,2026-04-22,950,Aqua,MODIS,57,61.03,312,14.9,D,0
24.1972,74.425,328.3,1.5,1.2,2026-04-22,950,Aqua,MODIS,39,61.03,315.2,14.6,D,0
24.2026,75.4623,330.1,1.3,1.1,2026-04-22,950,Aqua,MODIS,60,61.03,315.7,13.3,D,0
24.2046,75.4743,331.3,1.3,1.1,2026-04-22,950,Aqua,MODIS,65,61.03,317,15.2,D,0
24.208,84.2186,329.4,1.8,1.3,2026-04-22,950,Aqua,MODIS,69,61.03,312,25.7,D,0
24.2153,81.7885,340.4,1.2,1.1,2026-04-22,950,Aqua,MODIS,84,61.03,316.9,34.4,D,0
24.2155,74.4067,327.3,1.5,1.2,2026-04-22,950,Aqua,MODIS,6,61.03,314.9,12,D,0
24.2179,74.4206,330.2,1.5,1.2,2026-04-22,950,Aqua,MODIS,49,61.03,315.4,18.7,D,0
24.2393,84.6172,327,1.9,1.3,2026-04-22,950,Aqua,MODIS,64,61.03,311.7,19.5,D,0
24.2429,84.6241,325.4,1.9,1.3,2026-04-22,950,Aqua,MODIS,41,61.03,311.4,14.9,D,0
24.249,80.3002,363.1,1.1,1,2026-04-22,950,Aqua,MODIS,100,61.03,323.1,78.1,D,0
24.2505,80.3103,357.8,1.1,1,2026-04-22,950,Aqua,MODIS,98,61.03,321.6,63.8,D,0
24.2519,80.3205,335.4,1.1,1,2026-04-22,950,Aqua,MODIS,76,61.03,318.2,16.1,D,0
24.2605,78.0707,339.6,1,1,2026-04-22,950,Aqua,MODIS,71,61.03,319.4,24.9,D,0
24.2666,82.196,348.3,1.3,1.1,2026-04-22,950,Aqua,MODIS,92,61.03,317.8,57.3,D,0
24.2681,82.2082,333.9,1.3,1.1,2026-04-22,950,Aqua,MODIS,76,61.03,315.9,21.4,D,0
24.2956,82.2674,328,1.3,1.1,2026-04-22,950,Aqua,MODIS,62,61.03,313.3,11.7,D,0
24.3007,77.548,331.9,1,1,2026-04-22,950,Aqua,MODIS,67,61.03,318.6,12,D,0
24.3142,82.6685,328.5,1.4,1.2,2026-04-22,950,Aqua,MODIS,64,61.03,314.6,13,D,0
24.3209,77.9146,335.9,1,1,2026-04-22,950,Aqua,MODIS,76,61.03,319.8,17.7,D,0
24.3225,78.1022,340.9,1,1,2026-04-22,950,Aqua,MODIS,63,61.03,314.1,24.5,D,0
24.3228,80.0918,331.7,1,1,2026-04-22,950,Aqua,MODIS,68,61.03,319.2,12.3,D,0
24.3283,78.0814,338.1,1,1,2026-04-22,950,Aqua,MODIS,69,61.03,318.9,20.7,D,0
24.3286,82.5329,328,1.4,1.2,2026-04-22,950,Aqua,MODIS,63,61.03,314.1,13.3,D,0
24.3309,81.3295,336.2,1.2,1.1,2026-04-22,950,Aqua,MODIS,54,61.03,315.3,21.9,D,0
24.3318,77.506,333.1,1,1,2026-04-22,950,Aqua,MODIS,70,61.03,320.6,13.1,D,0
24.337,78.0798,348.8,1,1,2026-04-22,950,Aqua,MODIS,86,61.03,319.6,39.8,D,0
24.3385,78.0894,365.5,1,1,2026-04-22,950,Aqua,MODIS,87,61.03,320.5,82.2,D,0
24.3399,78.099,363.1,1,1,2026-04-22,950,Aqua,MODIS,0,61.03,318.7,76.2,D,0
24.3402,81.3275,330.9,1.2,1.1,2026-04-22,950,Aqua,MODIS,39,61.03,315.7,12.9,D,0
24.346,81.2258,332.1,1.2,1.1,2026-04-22,950,Aqua,MODIS,70,61.03,317.8,15.6,D,0
24.349,75.6583,330.9,1.2,1.1,2026-04-22,950,Aqua,MODIS,64,61.03,317.1,15,D,0
24.351,81.3369,336.3,1.2,1.1,2026-04-22,950,Aqua,MODIS,67,61.03,315,21.4,D,0
24.3581,78.8458,335.2,1,1,2026-04-22,950,Aqua,MODIS,75,61.03,316.6,17.7,D,0
24.3598,77.5108,329.9,1,1,2026-04-22,950,Aqua,MODIS,60,61.03,318.3,9.6,D,0
24.3614,77.5207,331.8,1,1,2026-04-22,950,Aqua,MODIS,67,61.03,318.9,12.4,D,0
24.3726,79.7142,335.4,1,1,2026-04-22,950,Aqua,MODIS,75,61.03,322.3,13.9,D,0
24.375,78.6574,328.6,1,1,2026-04-22,950,Aqua,MODIS,52,61.03,316.2,9.5,D,0
24.3764,78.6669,341.4,1,1,2026-04-22,950,Aqua,MODIS,79,61.03,318.9,28.3,D,0
24.3775,80.6268,332.3,1.1,1,2026-04-22,950,Aqua,MODIS,70,61.03,317.3,14.5,D,0
24.3946,74.6673,330,1.4,1.2,2026-04-22,950,Aqua,MODIS,64,61.03,315.7,14.6,D,0
24.3955,74.6585,341,1.4,1.2,2026-04-22,950,Aqua,MODIS,84,61.03,316.9,41.3,D,0
24.4007,83.216,327.3,1.5,1.2,2026-04-22,950,Aqua,MODIS,61,61.03,310.9,16.1,D,0
24.405,78.3523,338.7,1,1,2026-04-22,950,Aqua,MODIS,78,61.03,321.9,19.4,D,0
24.4064,78.3619,341.8,1,1,2026-04-22,950,Aqua,MODIS,52,61.03,322.2,23.1,D,0
24.418,78.3794,338.2,1,1,2026-04-22,950,Aqua,MODIS,49,61.03,319.3,17.6,D,0
24.4232,80.425,332.1,1.1,1,2026-04-22,950,Aqua,MODIS,69,61.03,319.7,12.5,D,0
24.4246,80.4352,331,1.1,1,2026-04-22,950,Aqua,MODIS,66,61.03,319.2,10.9,D,0
24.4252,81.0513,330.2,1.1,1.1,2026-04-22,950,Aqua,MODIS,64,61.03,316.8,12.3,D,0
24.453,78.9201,367.3,1,1,2026-04-22,950,Aqua,MODIS,100,61.03,322.2,86.7,D,0
24.4538,80.5142,330.5,1.1,1,2026-04-22,950,Aqua,MODIS,56,61.03,316.3,11.5,D,0
24.4544,78.9296,365.3,1,1,2026-04-22,950,Aqua,MODIS,100,61.03,320.9,79.9,D,0
24.4558,78.9391,361.8,1,1,2026-04-22,950,Aqua,MODIS,100,61.03,319.5,70.7,D,0
24.4572,78.9487,330.3,1,1,2026-04-22,950,Aqua,MODIS,63,61.03,316.9,9.7,D,0
24.4595,79.0265,334,1,1,2026-04-22,950,Aqua,MODIS,73,61.03,319.2,13.7,D,0
24.4617,78.9185,335.1,1,1,2026-04-22,950,Aqua,MODIS,75,61.03,319.1,15.6,D,0
24.4618,82.694,334.4,1.4,1.2,2026-04-22,950,Aqua,MODIS,77,61.03,314,25.6,D,0
24.4631,78.9281,339,1,1,2026-04-22,950,Aqua,MODIS,81,61.03,318.8,20.7,D,0
24.4635,82.7074,347.3,1.4,1.2,2026-04-22,950,Aqua,MODIS,91,61.03,314.3,61.3,D,0
24.4645,78.9376,340.8,1,1,2026-04-22,950,Aqua,MODIS,84,61.03,319.7,23.4,D,0
24.4682,79.0249,331.1,1,1,2026-04-22,950,Aqua,MODIS,57,61.03,319.7,9.7,D,0
24.4704,82.7005,328.8,1.4,1.2,2026-04-22,950,Aqua,MODIS,65,61.03,313,16.5,D,0
24.4749,81.0931,329.2,1.1,1.1,2026-04-22,950,Aqua,MODIS,60,61.03,315.9,11.7,D,0
24.4767,77.1901,332.1,1.1,1,2026-04-22,950,Aqua,MODIS,68,61.03,320.9,11.6,D,0
24.4769,77.7239,332.4,1,1,2026-04-22,950,Aqua,MODIS,69,61.03,318.7,13.5,D,0
24.4773,77.2518,331.6,1.1,1,2026-04-22,950,Aqua,MODIS,67,61.03,319.8,11.1,D,0
24.4776,83.3613,329.4,1.5,1.2,2026-04-22,950,Aqua,MODIS,68,61.03,314.6,18.2,D,0
24.479,73.801,328.3,1.6,1.2,2026-04-22,950,Aqua,MODIS,63,61.03,315.1,19.9,D,0
24.4923,80.5223,331.1,1.1,1,2026-04-22,950,Aqua,MODIS,66,61.03,317.1,12.4,D,0
24.4992,80.1681,338,1.1,1,2026-04-22,950,Aqua,MODIS,56,61.03,319.7,17.8,D,0
24.5126,81.7955,329.7,1.2,1.1,2026-04-22,950,Aqua,MODIS,65,61.03,316.8,12.1,D,0
24.5154,77.9754,330.9,1,1,2026-04-22,950,Aqua,MODIS,64,61.03,319.3,10.3,D,0
24.5212,78.0731,361.7,1,1,2026-04-22,950,Aqua,MODIS,100,61.03,321.5,71.1,D,0
24.5227,78.0827,344.8,1,1,2026-04-22,950,Aqua,MODIS,88,61.03,320.2,31.5,D,0
24.5313,81.8648,334.8,1.2,1.1,2026-04-22,950,Aqua,MODIS,67,61.03,317.1,20.3,D,0
24.5314,78.0811,330.1,1,1,2026-04-22,950,Aqua,MODIS,62,61.03,319.8,9.2,D,0
24.5354,80.4313,340.2,1.1,1,2026-04-22,950,Aqua,MODIS,83,61.03,319.7,25,D,0
24.5395,81.8517,332.7,1.2,1.1,2026-04-22,950,Aqua,MODIS,73,61.03,318.3,17,D,0
24.541,81.8635,335.6,1.2,1.1,2026-04-22,950,Aqua,MODIS,78,61.03,317.5,22.6,D,0
24.5411,83.7228,326.8,1.6,1.3,2026-04-22,950,Aqua,MODIS,60,61.03,313.4,16.7,D,0
24.5415,81.7914,341.5,1.2,1.1,2026-04-22,950,Aqua,MODIS,85,61.03,318.4,33.8,D,0
24.5431,81.8033,333.8,1.2,1.1,2026-04-22,950,Aqua,MODIS,75,61.03,318.1,17,D,0
24.5444,80.4298,332.4,1.1,1,2026-04-22,950,Aqua,MODIS,70,61.03,318.7,12.4,D,0
24.5445,77.5649,337.2,1,1,2026-04-22,950,Aqua,MODIS,78,61.03,318.4,21.4,D,0
24.548,80.9426,328.7,1.1,1.1,2026-04-22,950,Aqua,MODIS,58,61.03,315.5,11.7,D,0
24.55,81.0302,361.7,1.1,1.1,2026-04-22,950,Aqua,MODIS,100,61.03,316.9,87.9,D,0
24.5514,81.0411,331.4,1.1,1.1,2026-04-22,950,Aqua,MODIS,68,61.03,313.4,15,D,0
24.5546,78.1753,366,1,1,2026-04-22,950,Aqua,MODIS,100,61.03,321.3,84.6,D,0
24.5561,78.1849,334.3,1,1,2026-04-22,950,Aqua,MODIS,73,61.03,319,14.9,D,0
24.5652,80.452,331.5,1.1,1,2026-04-22,950,Aqua,MODIS,56,61.03,318.9,10.8,D,0
24.5678,78.025,347.1,1,1,2026-04-22,950,Aqua,MODIS,90,61.03,320.3,36.5,D,0
24.5768,80.6676,330.1,1.1,1,2026-04-22,950,Aqua,MODIS,57,61.03,317.6,9.7,D,0
24.585,76.8218,330.3,1.1,1,2026-04-22,950,Aqua,MODIS,58,61.03,319.2,7.6,D,0
24.5851,79.136,342.1,1,1,2026-04-22,950,Aqua,MODIS,85,61.03,321.4,26.9,D,0
24.5864,79.1455,352,1,1,2026-04-22,950,Aqua,MODIS,94,61.03,320.9,46.9,D,0
24.5923,76.8098,349.1,1.1,1,2026-04-22,950,Aqua,MODIS,92,61.03,321.8,43.3,D,0
24.594,76.82,335.6,1.1,1,2026-04-22,950,Aqua,MODIS,76,61.03,320.2,15.9,D,0
24.5999,80.4359,331.1,1.1,1,2026-04-22,950,Aqua,MODIS,36,61.03,318.2,9.7,D,0
24.603,74.9658,333.6,1.3,1.1,2026-04-22,950,Aqua,MODIS,73,61.03,315.4,24,D,0
24.6047,80.6787,328.7,1.1,1,2026-04-22,950,Aqua,MODIS,46,61.03,316.4,8,D,0
24.6099,78.6063,329.7,1,1,2026-04-22,950,Aqua,MODIS,60,61.03,319.3,9,D,0
24.6113,78.6158,332.7,1,1,2026-04-22,950,Aqua,MODIS,70,61.03,319,13.3,D,0
24.618,80.4329,333.4,1.1,1,2026-04-22,950,Aqua,MODIS,40,61.03,318.1,13.2,D,0
24.6193,80.4432,344.5,1.1,1,2026-04-22,950,Aqua,MODIS,88,61.03,319.6,32.7,D,0
24.6207,80.4535,351.3,1.1,1,2026-04-22,950,Aqua,MODIS,94,61.03,318.8,48.3,D,0
24.6221,80.4638,328.4,1.1,1,2026-04-22,950,Aqua,MODIS,32,61.03,316,7.8,D,0
24.6233,75.3202,330.7,1.3,1.1,2026-04-22,950,Aqua,MODIS,64,61.03,317.5,15.4,D,0
24.6255,79.1682,338.8,1,1,2026-04-22,950,Aqua,MODIS,81,61.03,321.2,21.8,D,0
24.6269,79.1778,366.2,1,1,2026-04-22,950,Aqua,MODIS,100,61.03,322.1,84.2,D,0
24.6284,80.4417,335.3,1.1,1,2026-04-22,950,Aqua,MODIS,75,61.03,317.1,17.1,D,0
24.6346,80.9779,333.4,1.1,1.1,2026-04-22,950,Aqua,MODIS,68,61.03,315.6,16.9,D,0
24.636,80.9888,337.5,1.1,1.1,2026-04-22,950,Aqua,MODIS,80,61.03,316.9,25,D,0
24.6374,80.9996,332.3,1.1,1.1,2026-04-22,950,Aqua,MODIS,57,61.03,315.4,15.4,D,0
24.6401,80.0504,338.8,1,1,2026-04-22,950,Aqua,MODIS,71,61.03,318,23.8,D,0
24.6472,78.9224,359.1,1,1,2026-04-22,950,Aqua,MODIS,99,61.03,320.9,64.5,D,0
24.6486,78.9319,352.1,1,1,2026-04-22,950,Aqua,MODIS,94,61.03,318.1,47.6,D,0
24.6546,76.268,334.9,1.1,1.1,2026-04-22,950,Aqua,MODIS,75,61.03,318.5,15.4,D,0
24.6614,77.7772,333.4,1,1,2026-04-22,950,Aqua,MODIS,71,61.03,320,14,D,0
24.6622,80.6908,333.8,1.1,1,2026-04-22,950,Aqua,MODIS,63,61.03,316.1,15.8,D,0
24.666,77.4546,329.3,1,1,2026-04-22,950,Aqua,MODIS,57,61.03,318.3,9.8,D,0
24.6671,80.6579,334,1.1,1,2026-04-22,950,Aqua,MODIS,68,61.03,316,15.4,D,0
24.6676,77.4644,329.7,1,1,2026-04-22,950,Aqua,MODIS,59,61.03,317.8,10.3,D,0
24.6679,81.1619,327.5,1.2,1.1,2026-04-22,950,Aqua,MODIS,44,61.03,313.8,9.9,D,0
24.6705,77.068,330.2,1.1,1,2026-04-22,950,Aqua,MODIS,62,61.03,318.1,11.5,D,0
24.6739,80.2295,332,1.1,1,2026-04-22,950,Aqua,MODIS,69,61.03,317.8,12.4,D,0
24.682,80.7026,328.6,1.1,1,2026-04-22,950,Aqua,MODIS,56,61.03,316.6,9.2,D,0
24.6834,80.7131,342.4,1.1,1,2026-04-22,950,Aqua,MODIS,86,61.03,317,33.2,D,0
24.6843,80.926,343.4,1.1,1.1,2026-04-22,950,Aqua,MODIS,87,61.03,317.4,34.7,D,0
24.6856,80.6591,332.1,1.1,1,2026-04-22,950,Aqua,MODIS,53,61.03,316.2,13.1,D,0
24.6858,80.9368,333.7,1.1,1.1,2026-04-22,950,Aqua,MODIS,65,61.03,314.9,16.8,D,0
24.6912,80.0871,334,1,1,2026-04-22,950,Aqua,MODIS,73,61.03,320.2,15.4,D,0
24.6919,80.6367,346.2,1.1,1,2026-04-22,950,Aqua,MODIS,89,61.03,316.8,38.2,D,0
24.6921,80.9138,331.2,1.1,1.1,2026-04-22,950,Aqua,MODIS,53,61.03,316,12.3,D,0
24.6933,80.6471,359,1.1,1,2026-04-22,950,Aqua,MODIS,99,61.03,317,72.2,D,0
24.6936,80.9246,334.2,1.1,1.1,2026-04-22,950,Aqua,MODIS,68,61.03,316,17.1,D,0
24.6947,80.6576,332.6,1.1,1,2026-04-22,950,Aqua,MODIS,71,61.03,316,14.7,D,0
24.6959,77.4636,328.8,1,1,2026-04-22,950,Aqua,MODIS,53,61.03,318,8.5,D,0
24.6975,77.4734,340.1,1,1,2026-04-22,950,Aqua,MODIS,82,61.03,318.4,25.6,D,0
24.701,80.6352,372,1.1,1,2026-04-22,950,Aqua,MODIS,100,61.03,320.5,116.6,D,0
24.7024,80.6457,344.8,1.1,1,2026-04-22,950,Aqua,MODIS,88,61.03,317.2,35.1,D,0
24.7048,77.4619,328.7,1,1,2026-04-22,950,Aqua,MODIS,53,61.03,317.7,8.3,D,0
24.7056,84.1746,333.9,1.8,1.3,2026-04-22,950,Aqua,MODIS,78,61.03,311.5,40.2,D,0
24.7075,84.1916,345.5,1.8,1.3,2026-04-22,950,Aqua,MODIS,90,61.03,311.8,84.4,D,0
24.7087,80.6233,330.4,1.1,1,2026-04-22,950,Aqua,MODIS,65,61.03,315.8,11.6,D,0
24.7101,80.6337,337.2,1.1,1,2026-04-22,950,Aqua,MODIS,79,61.03,317.2,22.1,D,0
24.7104,80.0942,341.4,1.1,1,2026-04-22,950,Aqua,MODIS,84,61.03,319.3,27.2,D,0
24.7123,78.4353,330.9,1,1,2026-04-22,950,Aqua,MODIS,65,61.03,319.2,10.9,D,0
24.7137,78.4449,344.6,1,1,2026-04-22,950,Aqua,MODIS,88,61.03,319.9,32.7,D,0
24.714,80.9477,342.6,1.1,1.1,2026-04-22,950,Aqua,MODIS,86,61.03,317.7,34,D,0
24.7154,80.9585,336.5,1.1,1.1,2026-04-22,950,Aqua,MODIS,78,61.03,314.8,20.5,D,0
24.7296,84.079,331,1.7,1.3,2026-04-22,950,Aqua,MODIS,73,61.03,311.7,28.6,D,0
24.7302,84.0861,327.6,1.7,1.3,2026-04-22,950,Aqua,MODIS,26,61.03,311.2,18.5,D,0
24.7342,76.8814,332.3,1.1,1,2026-04-22,950,Aqua,MODIS,69,61.03,319.2,13.2,D,0
24.7387,81.0657,329.7,1.1,1.1,2026-04-22,950,Aqua,MODIS,55,61.03,315.2,11.7,D,0
24.7401,81.0766,331.7,1.1,1.1,2026-04-22,950,Aqua,MODIS,69,61.03,314,14.9,D,0
24.7502,84.1616,333.4,1.8,1.3,2026-04-22,950,Aqua,MODIS,77,61.03,310.7,37.4,D,0
24.7523,76.243,341.5,1.1,1.1,2026-04-22,950,Aqua,MODIS,84,61.03,319,30.4,D,0
24.753,81.03,335.1,1.1,1.1,2026-04-22,950,Aqua,MODIS,46,61.03,315.5,18.1,D,0
24.7545,81.0409,365.2,1.1,1.1,2026-04-22,950,Aqua,MODIS,100,61.03,318.1,98.3,D,0
24.7581,80.9959,338.2,1.1,1.1,2026-04-22,950,Aqua,MODIS,80,61.03,316.6,23.6,D,0
24.7597,84.1432,339.4,1.8,1.3,2026-04-22,950,Aqua,MODIS,84,61.03,312.3,59.6,D,0
24.7603,76.2458,329.5,1.1,1.1,2026-04-22,950,Aqua,MODIS,48,61.03,317.7,9.5,D,0
24.7616,84.1601,327.1,1.8,1.3,2026-04-22,950,Aqua,MODIS,63,61.03,311.6,19.7,D,0
24.7623,81.0285,341.2,1.1,1.1,2026-04-22,950,Aqua,MODIS,73,61.03,316.9,29,D,0
24.7638,81.0394,338.5,1.1,1.1,2026-04-22,950,Aqua,MODIS,71,61.03,315.9,24.4,D,0
24.7675,80.1773,331.9,1.1,1,2026-04-22,950,Aqua,MODIS,67,61.03,319.8,11.2,D,0
24.7687,81.0053,331.7,1.1,1.1,2026-04-22,950,Aqua,MODIS,27,61.03,316,12.9,D,0
24.7689,80.1873,331.1,1.1,1,2026-04-22,950,Aqua,MODIS,59,61.03,319.3,9.3,D,0
24.7863,83.2843,329.8,1.5,1.2,2026-04-22,950,Aqua,MODIS,68,61.03,312,20.2,D,0
24.79,83.7015,327.4,1.6,1.3,2026-04-22,950,Aqua,MODIS,62,61.03,312.1,17.9,D,0
24.7953,75.2975,338.1,1.3,1.1,2026-04-22,950,Aqua,MODIS,80,61.03,319.3,29.5,D,0
24.7974,75.3095,328.1,1.3,1.1,2026-04-22,950,Aqua,MODIS,49,61.03,316,9.3,D,0
24.8078,76.3032,335.9,1.1,1.1,2026-04-22,950,Aqua,MODIS,76,61.03,319.2,19.8,D,0
24.8087,83.5714,337.3,1.6,1.2,2026-04-22,950,Aqua,MODIS,81,61.03,311.6,41.9,D,0
24.8096,76.3139,341.3,1.1,1.1,2026-04-22,950,Aqua,MODIS,84,61.03,318.9,29.6,D,0
24.8142,78.2968,332.6,1,1,2026-04-22,950,Aqua,MODIS,69,61.03,319.1,13.5,D,0
24.8182,81.0472,329.4,1.1,1.1,2026-04-22,950,Aqua,MODIS,61,61.03,316,10.3,D,0
24.8203,80.1519,339.9,1.1,1,2026-04-22,950,Aqua,MODIS,83,61.03,319,23.6,D,0
24.8217,80.162,336.8,1.1,1,2026-04-22,950,Aqua,MODIS,71,61.03,318,18.5,D,0
24.8293,80.1505,335.9,1.1,1,2026-04-22,950,Aqua,MODIS,77,61.03,320,16.6,D,0
24.8306,80.1606,335.2,1.1,1,2026-04-22,950,Aqua,MODIS,75,61.03,318.7,15.8,D,0
24.8389,75.0159,359,1.3,1.1,2026-04-22,950,Aqua,MODIS,99,61.03,316.2,96.9,D,0
24.8487,75.014,333.8,1.3,1.1,2026-04-22,950,Aqua,MODIS,58,61.03,316.4,22.1,D,0
24.8521,79.6525,329.7,1,1,2026-04-22,950,Aqua,MODIS,53,61.03,319,8.7,D,0
24.8604,81.1527,337.8,1.2,1.1,2026-04-22,950,Aqua,MODIS,70,61.03,313.9,25.8,D,0
24.8631,76.3089,329.5,1.1,1.1,2026-04-22,950,Aqua,MODIS,47,61.03,316.9,7.6,D,0
24.8652,76.264,333.8,1.1,1.1,2026-04-22,950,Aqua,MODIS,66,61.03,318.6,15,D,0
24.867,76.2748,343.1,1.1,1.1,2026-04-22,950,Aqua,MODIS,86,61.03,320.1,32.7,D,0
24.868,80.436,334.8,1.1,1,2026-04-22,950,Aqua,MODIS,75,61.03,317.6,16.4,D,0
24.8713,80.67,331.7,1.1,1,2026-04-22,950,Aqua,MODIS,68,61.03,318,11.8,D,0
24.8813,75.0842,332.9,1.3,1.1,2026-04-22,950,Aqua,MODIS,71,61.03,316.5,20.3,D,0
24.8864,76.1026,330.7,1.2,1.1,2026-04-22,950,Aqua,MODIS,63,61.03,318.2,11,D,0
24.8876,81.5175,343.9,1.2,1.1,2026-04-22,950,Aqua,MODIS,87,61.03,317.9,39.3,D,0
24.8957,81.5047,331.3,1.2,1.1,2026-04-22,950,Aqua,MODIS,68,61.03,316.8,13.3,D,0
24.8972,81.5162,340.8,1.2,1.1,2026-04-22,950,Aqua,MODIS,84,61.03,316.4,32.3,D,0
24.9106,76.5405,331.9,1.1,1,2026-04-22,950,Aqua,MODIS,45,61.03,318.3,11.6,D,0
24.9138,76.1535,362.3,1.1,1.1,2026-04-22,950,Aqua,MODIS,100,61.03,322.2,85.2,D,0
24.9147,85.1296,326.4,2.1,1.4,2026-04-22,950,Aqua,MODIS,67,61.03,308.6,26.2,D,0
24.9169,85.1239,326.8,2.1,1.4,2026-04-22,950,Aqua,MODIS,68,61.03,308.8,25.4,D,0
24.9245,77.9941,331.2,1,1,2026-04-22,950,Aqua,MODIS,64,61.03,320.5,9.5,D,0
24.9252,76.3407,329.9,1.1,1.1,2026-04-22,950,Aqua,MODIS,59,61.03,318.8,8.8,D,0
24.9264,76.4065,338.4,1.1,1.1,2026-04-22,950,Aqua,MODIS,80,61.03,318.8,23.5,D,0
24.9269,76.3514,332.6,1.1,1.1,2026-04-22,950,Aqua,MODIS,69,61.03,318.3,13.2,D,0
24.9274,75.4122,333.5,1.2,1.1,2026-04-22,950,Aqua,MODIS,72,61.03,318.1,19.2,D,0
24.9275,76.0763,331.8,1.2,1.1,2026-04-22,950,Aqua,MODIS,67,61.03,318,13.2,D,0
24.9283,81.2329,328.3,1.2,1.1,2026-04-22,950,Aqua,MODIS,44,61.03,315,10.1,D,0
24.9297,81.244,330.6,1.2,1.1,2026-04-22,950,Aqua,MODIS,62,61.03,313.7,14.2,D,0
24.9352,81.2365,329.8,1.2,1.1,2026-04-22,950,Aqua,MODIS,56,61.03,314.7,12.4,D,0
24.94,83.3108,330.4,1.6,1.2,2026-04-22,950,Aqua,MODIS,66,61.03,313.6,23,D,0
24.9406,76.6102,330.9,1.1,1,2026-04-22,950,Aqua,MODIS,63,61.03,318,9.8,D,0
24.9429,79.8325,329.8,1,1,2026-04-22,950,Aqua,MODIS,60,61.03,319.2,8.4,D,0
24.9438,76.1745,331.1,1.1,1.1,2026-04-22,950,Aqua,MODIS,64,61.03,317.9,12.9,D,0
24.9445,78.6949,332.2,1,1,2026-04-22,950,Aqua,MODIS,68,61.03,321.8,9.9,D,0
24.9468,80.6198,335.3,1.1,1,2026-04-22,950,Aqua,MODIS,76,61.03,315.9,19.3,D,0
24.9478,78.0139,331.5,1,1,2026-04-22,950,Aqua,MODIS,65,61.03,321,9.4,D,0
24.9492,78.0235,330.6,1,1,2026-04-22,950,Aqua,MODIS,60,61.03,319.5,8,D,0
24.952,76.5648,330.9,1.1,1,2026-04-22,950,Aqua,MODIS,63,61.03,320.1,9.5,D,0
24.9539,77.0986,333.9,1.1,1,2026-04-22,950,Aqua,MODIS,72,61.03,319,15.5,D,0
24.9727,81.534,331.6,1.2,1.1,2026-04-22,950,Aqua,MODIS,57,61.03,315.3,13.4,D,0
24.9741,81.5457,332.2,1.2,1.1,2026-04-22,950,Aqua,MODIS,63,61.03,315,14.4,D,0
24.9781,77.7401,331.3,1,1,2026-04-22,950,Aqua,MODIS,64,61.03,319.6,11.4,D,0
24.9791,79.4984,334.8,1,1,2026-04-22,950,Aqua,MODIS,74,61.03,321,15.2,D,0
24.9896,76.4529,336.1,1.1,1.1,2026-04-22,950,Aqua,MODIS,76,61.03,319.4,19.2,D,0
24.9914,76.4635,334.1,1.1,1,2026-04-22,950,Aqua,MODIS,72,61.03,320.1,16,D,0
24.9924,81.6143,335.7,1.2,1.1,2026-04-22,950,Aqua,MODIS,77,61.03,314.8,24.3,D,0
24.9934,76.7069,331.2,1.1,1,2026-04-22,950,Aqua,MODIS,64,61.03,319.1,11.5,D,0
24.9939,84.1862,326.9,1.8,1.3,2026-04-22,950,Aqua,MODIS,53,61.03,310.1,19.8,D,0
24.9949,75.4593,337.1,1.2,1.1,2026-04-22,950,Aqua,MODIS,79,61.03,319.7,25.4,D,0
24.9958,84.2034,327,1.8,1.3,2026-04-22,950,Aqua,MODIS,57,61.03,309.6,20.4,D,0
24.998,75.4522,330.4,1.2,1.1,2026-04-22,950,Aqua,MODIS,44,61.03,318.6,12.8,D,0
25.0028,75.5063,338.4,1.2,1.1,2026-04-22,950,Aqua,MODIS,80,61.03,317.2,27.7,D,0
25.006,75.4989,335.2,1.2,1.1,2026-04-22,950,Aqua,MODIS,76,61.03,318.3,23.1,D,0
25.008,75.5105,333.6,1.2,1.1,2026-04-22,950,Aqua,MODIS,72,61.03,315.9,19.9,D,0
25.0113,79.9331,337.1,1,1,2026-04-22,950,Aqua,MODIS,78,61.03,319.9,18.5,D,0
25.0116,81.7684,332.1,1.2,1.1,2026-04-22,950,Aqua,MODIS,71,61.03,315.2,18.2,D,0
25.0127,79.9431,340.9,1,1,2026-04-22,950,Aqua,MODIS,83,61.03,320.2,25.1,D,0
25.0231,76.1532,329.7,1.1,1.1,2026-04-22,950,Aqua,MODIS,56,61.03,317.8,10.4,D,0
25.0234,76.0403,335.9,1.2,1.1,2026-04-22,950,Aqua,MODIS,76,61.03,319.6,19.3,D,0
25.0253,76.0512,340.1,1.2,1.1,2026-04-22,950,Aqua,MODIS,83,61.03,319.4,27.7,D,0
25.0309,76.0274,340.1,1.2,1.1,2026-04-22,950,Aqua,MODIS,83,61.03,318.1,26.7,D,0
25.0327,76.0384,341.9,1.2,1.1,2026-04-22,950,Aqua,MODIS,85,61.03,317.3,30,D,0
25.0357,80.867,327.9,1.1,1.1,2026-04-22,950,Aqua,MODIS,51,61.03,315.2,8.9,D,0
25.0363,76.0603,330.6,1.2,1.1,2026-04-22,950,Aqua,MODIS,44,61.03,317.9,10.4,D,0
25.0519,80.7766,331.4,1.1,1.1,2026-04-22,950,Aqua,MODIS,67,61.03,314.9,14.8,D,0
25.059,76.313,337.6,1.1,1.1,2026-04-22,950,Aqua,MODIS,79,61.03,317.7,23.3,D,0
25.0608,76.3237,360.4,1.1,1.1,2026-04-22,950,Aqua,MODIS,100,61.03,318.7,79.4,D,0
25.0665,77.8862,333.6,1,1,2026-04-22,950,Aqua,MODIS,71,61.03,319.8,13.3,D,0
25.0678,76.3664,330.3,1.1,1.1,2026-04-22,950,Aqua,MODIS,51,61.03,319.3,9.9,D,0
25.0682,76.3112,343.9,1.1,1.1,2026-04-22,950,Aqua,MODIS,87,61.03,319.8,34.7,D,0
25.0683,75.9627,329.8,1.2,1.1,2026-04-22,950,Aqua,MODIS,56,61.03,316.4,9.8,D,0
25.069,76.7706,349.5,1.1,1,2026-04-22,950,Aqua,MODIS,92,61.03,318.2,47.2,D,0
25.0699,76.3219,340.7,1.1,1.1,2026-04-22,950,Aqua,MODIS,83,61.03,319.6,27.9,D,0
25.0701,75.9738,346,1.2,1.1,2026-04-22,950,Aqua,MODIS,89,61.03,317.7,42.6,D,0
25.0857,83.3922,331.8,1.6,1.2,2026-04-22,950,Aqua,MODIS,73,61.03,311.7,25.3,D,0
25.0962,84.3983,325.4,1.9,1.3,2026-04-22,950,Aqua,MODIS,56,61.03,308.7,20.8,D,0
25.1001,76.7326,335.6,1.1,1,2026-04-22,950,Aqua,MODIS,71,61.03,318.6,18.6,D,0
25.1086,81.5788,338.5,1.2,1.1,2026-04-22,950,Aqua,MODIS,81,61.03,315.5,27.4,D,0
25.1182,81.5773,331.1,1.2,1.1,2026-04-22,950,Aqua,MODIS,68,61.03,315.9,13.5,D,0
25.122,81.6851,331.2,1.2,1.1,2026-04-22,950,Aqua,MODIS,69,61.03,314.9,15,D,0
25.1235,81.697,331.6,1.2,1.1,2026-04-22,950,Aqua,MODIS,70,61.03,315,16,D,0
25.1264,83.2434,328.6,1.5,1.2,2026-04-22,950,Aqua,MODIS,65,61.03,312.5,17.4,D,0
25.1276,83.3498,336.9,1.6,1.2,2026-04-22,950,Aqua,MODIS,77,61.03,313.1,35.5,D,0
25.1283,76.507,332.2,1.1,1,2026-04-22,950,Aqua,MODIS,68,61.03,317.8,13.4,D,0
25.1384,83.3483,345,1.6,1.2,2026-04-22,950,Aqua,MODIS,89,61.03,314,63.1,D,0
25.1413,76.4718,337.2,1.1,1,2026-04-22,950,Aqua,MODIS,78,61.03,320.1,20.7,D,0
25.143,76.4823,331.9,1.1,1,2026-04-22,950,Aqua,MODIS,65,61.03,319,11,D,0
25.1572,77.0367,332.8,1.1,1,2026-04-22,950,Aqua,MODIS,68,61.03,317.4,14.1,D,0
25.168,80.9505,331.2,1.1,1.1,2026-04-22,950,Aqua,MODIS,67,61.03,316,12.7,D,0
25.1805,83.8205,327.7,1.7,1.3,2026-04-22,950,Aqua,MODIS,65,61.03,311.9,16.8,D,2
25.1857,87.5647,318.6,3.2,1.7,2026-04-22,950,Aqua,MODIS,21,61.03,303.2,28.3,D,0
25.2199,76.2629,329.2,1.1,1.1,2026-04-22,950,Aqua,MODIS,45,61.03,318.2,11.4,D,0
25.2474,75.7102,328.7,1.2,1.1,2026-04-22,950,Aqua,MODIS,41,61.03,318.1,12,D,0
25.2493,75.7216,329.5,1.2,1.1,2026-04-22,950,Aqua,MODIS,60,61.03,317.7,12.1,D,0
25.2588,75.8359,328.7,1.2,1.1,2026-04-22,950,Aqua,MODIS,55,61.03,317.5,11.4,D,0
25.2603,83.6072,327.6,1.6,1.3,2026-04-22,950,Aqua,MODIS,59,61.03,311.4,17.5,D,0
25.2607,75.7892,328.7,1.2,1.1,2026-04-22,950,Aqua,MODIS,55,61.03,316.7,11.8,D,0
25.2621,83.6231,331.5,1.6,1.3,2026-04-22,950,Aqua,MODIS,74,61.03,311.1,27.4,D,0
25.2633,84.1501,328,1.8,1.3,2026-04-22,950,Aqua,MODIS,68,61.03,309.8,22,D,0
25.2661,75.9788,331.8,1.2,1.1,2026-04-22,950,Aqua,MODIS,0,61.03,318.5,15.1,D,0
25.2662,83.4635,327.8,1.6,1.2,2026-04-22,950,Aqua,MODIS,64,61.03,310.2,18.5,D,0
25.2718,83.4158,348,1.6,1.2,2026-04-22,950,Aqua,MODIS,92,61.03,312.4,81.6,D,0
25.2809,84.1059,328.4,1.8,1.3,2026-04-22,950,Aqua,MODIS,69,61.03,310.6,22.2,D,0
25.2872,83.9503,343.7,1.7,1.3,2026-04-22,950,Aqua,MODIS,89,61.03,311.5,72.6,D,0
25.289,83.9671,327.7,1.7,1.3,2026-04-22,950,Aqua,MODIS,67,61.03,310.2,19.1,D,0
25.2981,78.3151,384.6,1,1,2026-04-22,950,Aqua,MODIS,100,61.03,326.6,150.8,D,0
25.2995,78.3247,406.8,1,1,2026-04-22,950,Aqua,MODIS,100,61.03,326.9,274.3,D,0
25.3027,83.49,328,1.6,1.3,2026-04-22,950,Aqua,MODIS,64,61.03,311.5,17.9,D,0
25.3037,83.4841,326.4,1.6,1.3,2026-04-22,950,Aqua,MODIS,60,61.03,311.4,14.8,D,0
25.3068,78.3135,339.5,1,1,2026-04-22,950,Aqua,MODIS,81,61.03,322.1,21.2,D,0
25.3082,78.3231,346.5,1,1,2026-04-22,950,Aqua,MODIS,89,61.03,321.1,34.4,D,0
25.3096,78.3327,337.2,1,1,2026-04-22,950,Aqua,MODIS,63,61.03,320.5,16.8,D,0
25.3129,75.871,339.1,1.2,1.1,2026-04-22,950,Aqua,MODIS,81,61.03,319.2,28.5,D,0
25.3158,76.1201,350.9,1.1,1.1,2026-04-22,950,Aqua,MODIS,93,61.03,321,55,D,0
25.3175,76.1309,338.2,1.1,1.1,2026-04-22,950,Aqua,MODIS,80,61.03,318.8,26.3,D,0
25.326,76.4663,341.3,1.1,1,2026-04-22,950,Aqua,MODIS,84,61.03,318.7,29.6,D,0
25.3276,76.4768,343.9,1.1,1,2026-04-22,950,Aqua,MODIS,87,61.03,319.7,34.2,D,0
25.3299,78.3487,333.6,1,1,2026-04-22,950,Aqua,MODIS,71,61.03,321.2,12,D,0
25.3305,84.1343,326.3,1.8,1.3,2026-04-22,950,Aqua,MODIS,55,61.03,309.8,14.4,D,0
25.3315,78.2991,332.5,1,1,2026-04-22,950,Aqua,MODIS,68,61.03,319.7,11.7,D,0
25.3374,76.4206,334.1,1.1,1,2026-04-22,950,Aqua,MODIS,73,61.03,318.9,17.4,D,0
25.3391,76.4312,330.7,1.1,1,2026-04-22,950,Aqua,MODIS,64,61.03,318.9,11.9,D,0
25.3401,76.496,333.6,1.1,1,2026-04-22,950,Aqua,MODIS,72,61.03,318.4,16.1,D,0
25.3401,83.5108,331.6,1.6,1.3,2026-04-22,950,Aqua,MODIS,74,61.03,311.4,25.7,D,0
25.3401,84.1155,326.5,1.8,1.3,2026-04-22,950,Aqua,MODIS,58,61.03,309.9,16.3,D,0
25.3416,75.7787,334.1,1.2,1.1,2026-04-22,950,Aqua,MODIS,73,61.03,317.8,19.6,D,0
25.3417,76.5064,334.3,1.1,1,2026-04-22,950,Aqua,MODIS,74,61.03,317.7,17.2,D,0
25.3435,75.79,330.8,1.2,1.1,2026-04-22,950,Aqua,MODIS,65,61.03,317.6,13.1,D,0
25.3472,79.3604,344.2,1,1,2026-04-22,950,Aqua,MODIS,87,61.03,320.9,30.5,D,0
25.349,78.9329,335.1,1,1,2026-04-22,950,Aqua,MODIS,74,61.03,320.6,14.3,D,0
25.3511,83.5093,329.5,1.6,1.3,2026-04-22,950,Aqua,MODIS,63,61.03,311.6,20.1,D,0
25.3517,84.2197,335.2,1.8,1.3,2026-04-22,950,Aqua,MODIS,81,61.03,310.2,46.9,D,0
25.3584,75.7053,332.9,1.2,1.1,2026-04-22,950,Aqua,MODIS,71,61.03,318.7,17.4,D,0
25.3696,75.8884,348.9,1.2,1.1,2026-04-22,950,Aqua,MODIS,92,61.03,320.4,49.6,D,0
25.3715,75.8995,333.8,1.2,1.1,2026-04-22,950,Aqua,MODIS,73,61.03,318.2,17,D,0
25.3772,75.8178,331.7,1.2,1.1,2026-04-22,950,Aqua,MODIS,68,61.03,319.1,14,D,0
25.379,75.8865,331.3,1.2,1.1,2026-04-22,950,Aqua,MODIS,67,61.03,318.3,12.3,D,0
25.3885,75.6522,336.8,1.2,1.1,2026-04-22,950,Aqua,MODIS,78,61.03,316.8,24.6,D,0
25.3987,83.7292,325,1.7,1.3,2026-04-22,950,Aqua,MODIS,57,61.03,310.1,15,D,0
25.4005,83.7454,324.5,1.7,1.3,2026-04-22,950,Aqua,MODIS,54,61.03,309.9,13.7,D,0
25.4183,79.1419,342,1,1,2026-04-22,950,Aqua,MODIS,85,61.03,321.7,25.4,D,0
25.4196,79.1516,331.2,1,1,2026-04-22,950,Aqua,MODIS,63,61.03,320.3,9.1,D,0
25.4211,84.0298,328.6,1.8,1.3,2026-04-22,950,Aqua,MODIS,60,61.03,311.3,20.1,D,0
25.4221,79.5082,339.3,1,1,2026-04-22,950,Aqua,MODIS,81,61.03,317.7,23.6,D,0
25.423,84.0469,330.1,1.8,1.3,2026-04-22,950,Aqua,MODIS,73,61.03,311.3,26.1,D,0
25.4234,76.2707,339.5,1.1,1.1,2026-04-22,950,Aqua,MODIS,82,61.03,320,26.6,D,0
25.4259,77.0396,334.7,1,1,2026-04-22,950,Aqua,MODIS,74,61.03,320.7,16.3,D,0
25.4345,84.1503,326.3,1.8,1.3,2026-04-22,950,Aqua,MODIS,65,61.03,310.6,18.4,D,2
25.4356,76.3451,339.2,1.1,1,2026-04-22,950,Aqua,MODIS,82,61.03,319.1,24.9,D,0
25.4395,76.5342,335.2,1.1,1,2026-04-22,950,Aqua,MODIS,75,61.03,318.9,19,D,0
25.4396,76.6519,332.5,1.1,1,2026-04-22,950,Aqua,MODIS,69,61.03,319.1,14.4,D,0
25.443,76.3327,333.1,1.1,1.1,2026-04-22,950,Aqua,MODIS,46,61.03,320.9,16.9,D,0
25.4447,76.3432,332.8,1.1,1,2026-04-22,950,Aqua,MODIS,62,61.03,320.4,14.2,D,0
25.4547,82.7335,328.9,1.4,1.2,2026-04-22,950,Aqua,MODIS,66,61.03,311.5,18.7,D,0
25.4571,75.8524,329.8,1.2,1.1,2026-04-22,950,Aqua,MODIS,59,61.03,319.7,11.7,D,0
25.4664,75.8505,328.5,1.2,1.1,2026-04-22,950,Aqua,MODIS,41,61.03,318.1,9.7,D,0
25.5,78.884,342.2,1,1,2026-04-22,950,Aqua,MODIS,85,61.03,319.7,25.9,D,0
25.5014,78.8936,335.8,1,1,2026-04-22,950,Aqua,MODIS,76,61.03,318.2,15.7,D,0
25.5066,76.4938,333.7,1.1,1,2026-04-22,950,Aqua,MODIS,72,61.03,320.1,15,D,0
25.5073,78.8728,341,1,1,2026-04-22,950,Aqua,MODIS,84,61.03,320.8,23.4,D,0
25.5078,76.1585,340.6,1.1,1.1,2026-04-22,950,Aqua,MODIS,83,61.03,320.6,26.5,D,0
25.5082,76.5042,337.9,1.1,1,2026-04-22,950,Aqua,MODIS,80,61.03,320.5,22.5,D,0
25.517,76.1566,333,1.1,1.1,2026-04-22,950,Aqua,MODIS,30,61.03,319.8,11.8,D,0
25.5188,76.1674,337.1,1.1,1.1,2026-04-22,950,Aqua,MODIS,72,61.03,319.4,19.4,D,0
25.5234,77.7907,335,1,1,2026-04-22,950,Aqua,MODIS,74,61.03,320.4,16.2,D,0
25.5249,77.8004,339,1,1,2026-04-22,950,Aqua,MODIS,81,61.03,319.8,23.5,D,0
25.5572,78.9463,332.5,1,1,2026-04-22,950,Aqua,MODIS,57,61.03,320.7,10.2,D,0
25.5596,84.2338,324.7,1.8,1.3,2026-04-22,950,Aqua,MODIS,62,61.03,309.3,16.4,D,0
25.5625,76.5513,341.4,1.1,1,2026-04-22,950,Aqua,MODIS,84,61.03,321.6,28.9,D,0
25.5631,82.455,326.9,1.4,1.2,2026-04-22,950,Aqua,MODIS,59,61.03,312.9,12.2,D,0
25.5638,84.3788,328.3,1.9,1.3,2026-04-22,950,Aqua,MODIS,72,61.03,309.4,27,D,0
25.5642,76.5617,342.8,1.1,1,2026-04-22,950,Aqua,MODIS,86,61.03,319.7,31.8,D,0
25.5646,78.9351,332.9,1,1,2026-04-22,950,Aqua,MODIS,31,61.03,320.9,11.2,D,0
25.5799,76.6014,335.4,1.1,1,2026-04-22,950,Aqua,MODIS,76,61.03,320.8,16.1,D,0
25.5913,78.2436,330.9,1,1,2026-04-22,950,Aqua,MODIS,64,61.03,319.1,8.7,D,0
25.5949,78.9594,332,1,1,2026-04-22,950,Aqua,MODIS,68,61.03,320.5,9.4,D,0
25.6026,79.4143,330.2,1,1,2026-04-22,950,Aqua,MODIS,62,61.03,318.2,10.7,D,0
25.604,79.4242,352.5,1,1,2026-04-22,950,Aqua,MODIS,94,61.03,320.5,50.4,D,0
25.6054,79.434,359.9,1,1,2026-04-22,950,Aqua,MODIS,99,61.03,318.7,68.9,D,0
25.6069,76.596,342.6,1.1,1,2026-04-22,950,Aqua,MODIS,86,61.03,322.8,29.3,D,0
25.6086,76.6064,352.5,1.1,1,2026-04-22,950,Aqua,MODIS,94,61.03,322.8,51.3,D,0
25.6132,79.554,330.6,1,1,2026-04-22,950,Aqua,MODIS,64,61.03,316.7,11.2,D,0
25.6145,78.0152,356.4,1,1,2026-04-22,950,Aqua,MODIS,97,61.03,321,57.1,D,0
25.616,78.0248,343.2,1,1,2026-04-22,950,Aqua,MODIS,86,61.03,319.2,29.4,D,0
25.6279,83.233,327.5,1.6,1.2,2026-04-22,950,Aqua,MODIS,65,61.03,310.8,17.5,D,0
25.6374,78.2284,332.2,1,1,2026-04-22,950,Aqua,MODIS,68,61.03,319.7,10.9,D,0
25.6482,78.8157,330.9,1,1,2026-04-22,950,Aqua,MODIS,65,61.03,317.9,9.6,D,0
25.6491,77.6949,345.8,1,1,2026-04-22,950,Aqua,MODIS,89,61.03,320.3,34.8,D,0
25.6506,77.7047,345.6,1,1,2026-04-22,950,Aqua,MODIS,89,61.03,318.8,34,D,0
25.6608,84.2441,327,1.9,1.3,2026-04-22,950,Aqua,MODIS,68,61.03,309.8,22.6,D,0
25.6619,84.233,332.1,1.8,1.3,2026-04-22,950,Aqua,MODIS,76,61.03,310.2,36.7,D,0
25.6639,84.2508,333.6,1.9,1.3,2026-04-22,950,Aqua,MODIS,79,61.03,310.5,41.6,D,0
25.6644,78.9913,330.3,1,1,2026-04-22,950,Aqua,MODIS,53,61.03,313.8,11,D,0
25.6674,80.9808,332.2,1.2,1.1,2026-04-22,950,Aqua,MODIS,72,61.03,314.8,15.4,D,0
25.6689,80.992,328.7,1.2,1.1,2026-04-22,950,Aqua,MODIS,62,61.03,314.4,9.8,D,0
25.6706,84.2247,326.1,1.8,1.3,2026-04-22,950,Aqua,MODIS,48,61.03,309.9,18.9,D,0
25.6713,79.0397,331.2,1,1,2026-04-22,950,Aqua,MODIS,66,61.03,318,11,D,0
25.6725,84.2425,337.4,1.9,1.3,2026-04-22,950,Aqua,MODIS,84,61.03,310.9,57.4,D,0
25.678,78.2605,346.9,1,1,2026-04-22,950,Aqua,MODIS,90,61.03,319.1,36,D,0
25.6989,77.8451,335.7,1,1,2026-04-22,950,Aqua,MODIS,76,61.03,320.1,16.8,D,0
25.7012,78.9351,330.7,1,1,2026-04-22,950,Aqua,MODIS,64,61.03,317,9.2,D,0
25.7025,78.9448,338.2,1,1,2026-04-22,950,Aqua,MODIS,80,61.03,318.9,20.7,D,0
25.7052,76.5173,331.5,1.1,1,2026-04-22,950,Aqua,MODIS,67,61.03,321.3,10.7,D,0
25.7099,78.9335,340.8,1,1,2026-04-22,950,Aqua,MODIS,84,61.03,318.6,23.7,D,0
25.7107,78.7285,331.8,1,1,2026-04-22,950,Aqua,MODIS,68,61.03,319.6,10.2,D,0
25.7237,78.4495,335.8,1,1,2026-04-22,950,Aqua,MODIS,64,61.03,320.2,15.1,D,0
25.7251,78.4591,342.1,1,1,2026-04-22,950,Aqua,MODIS,85,61.03,319.8,25.4,D,0
25.7265,78.4687,337.1,1,1,2026-04-22,950,Aqua,MODIS,79,61.03,319.3,16.4,D,0
25.727,78.3502,344.2,1,1,2026-04-22,950,Aqua,MODIS,87,61.03,319.4,31,D,0
25.7279,78.4784,343,1,1,2026-04-22,950,Aqua,MODIS,86,61.03,319,27.2,D,0
25.7336,78.0766,331,1,1,2026-04-22,950,Aqua,MODIS,66,61.03,318.8,10.6,D,0
25.735,78.5265,334,1,1,2026-04-22,950,Aqua,MODIS,49,61.03,319.7,11.5,D,0
25.7364,78.5361,337.1,1,1,2026-04-22,950,Aqua,MODIS,69,61.03,319.9,15.9,D,0
25.7378,78.5457,344.1,1,1,2026-04-22,950,Aqua,MODIS,87,61.03,319,27.9,D,0
25.7465,78.5441,335.2,1,1,2026-04-22,950,Aqua,MODIS,53,61.03,318.9,13.1,D,0
25.7605,85.1352,321.2,2.2,1.4,2026-04-22,950,Aqua,MODIS,49,61.03,306.5,18.9,D,0
25.7666,80.0576,334.3,1.1,1,2026-04-22,950,Aqua,MODIS,75,61.03,317.4,15.6,D,0
25.768,80.0679,339,1.1,1,2026-04-22,950,Aqua,MODIS,82,61.03,317.4,23.5,D,0
25.7712,77.0513,330.3,1,1,2026-04-22,950,Aqua,MODIS,63,61.03,317.9,12.2,D,0
25.7783,77.8137,332.6,1,1,2026-04-22,950,Aqua,MODIS,70,61.03,319.9,11.5,D,0
25.7798,77.8234,335.4,1,1,2026-04-22,950,Aqua,MODIS,76,61.03,318.5,15.6,D,0
25.79,76.6964,332.2,1.1,1,2026-04-22,950,Aqua,MODIS,60,61.03,319.2,11.2,D,0
25.7929,79.2416,329.5,1,1,2026-04-22,950,Aqua,MODIS,58,61.03,316.5,8,D,0
25.8007,78.4695,338.6,1,1,2026-04-22,950,Aqua,MODIS,81,61.03,317,22.3,D,0
25.8166,82.8729,326.3,1.5,1.2,2026-04-22,950,Aqua,MODIS,61,61.03,311,13.9,D,0
25.8262,78.0727,338.5,1,1,2026-04-22,950,Aqua,MODIS,81,61.03,319.7,20.2,D,0
25.8276,78.0823,336.9,1,1,2026-04-22,950,Aqua,MODIS,79,61.03,319,17.8,D,0
25.8336,78.5722,338.2,1,1,2026-04-22,950,Aqua,MODIS,81,61.03,318.4,20.9,D,0
25.835,78.5818,333,1,1,2026-04-22,950,Aqua,MODIS,72,61.03,317.4,12.9,D,0
25.84,78.347,332.4,1,1,2026-04-22,950,Aqua,MODIS,71,61.03,316.3,13.8,D,0
25.8511,77.864,329.7,1,1,2026-04-22,950,Aqua,MODIS,49,61.03,318.2,9,D,0
25.8534,82.9118,326.1,1.5,1.2,2026-04-22,950,Aqua,MODIS,57,61.03,310.9,12.5,D,0
25.8568,82.9409,327.1,1.5,1.2,2026-04-22,950,Aqua,MODIS,60,61.03,311.5,15,D,0
25.8586,82.9556,327.7,1.5,1.2,2026-04-22,950,Aqua,MODIS,66,61.03,311.1,17.8,D,0
25.8752,78.222,333.3,1,1,2026-04-22,950,Aqua,MODIS,28,61.03,320.2,10.8,D,0
25.9238,78.4306,331.3,1,1,2026-04-22,950,Aqua,MODIS,58,61.03,317.8,9.8,D,0
25.9375,78.3236,368.7,1,1,2026-04-22,950,Aqua,MODIS,100,61.03,319.4,90.9,D,0
25.945,78.823,329.4,1,1,2026-04-22,950,Aqua,MODIS,62,61.03,317.5,8.9,D,0
25.9476,78.3316,364,1,1,2026-04-22,950,Aqua,MODIS,100,61.03,319.2,77,D,0
25.949,78.3412,333.9,1,1,2026-04-22,950,Aqua,MODIS,74,61.03,315.2,14.1,D,0
25.9549,78.3204,337.3,1,1,2026-04-22,950,Aqua,MODIS,73,61.03,316,17.5,D,0
25.9838,83.2357,330.2,1.6,1.2,2026-04-22,950,Aqua,MODIS,73,61.03,310.9,23.7,D,0
25.987,78.1496,329.3,1,1,2026-04-22,950,Aqua,MODIS,61,61.03,317.9,9.4,D,0
25.9884,78.1592,327,1,1,2026-04-22,950,Aqua,MODIS,44,61.03,315.7,6.4,D,0
26.0129,78.6563,339.6,1,1,2026-04-22,950,Aqua,MODIS,83,61.03,318.1,21.5,D,0
26.0188,78.6354,330.7,1,1,2026-04-22,950,Aqua,MODIS,48,61.03,317.7,9.4,D,0
26.0202,78.6451,333.7,1,1,2026-04-22,950,Aqua,MODIS,74,61.03,317.3,13.7,D,0
26.0216,78.6548,332.6,1,1,2026-04-22,950,Aqua,MODIS,68,61.03,316.9,11.8,D,0
26.0365,78.0017,327.6,1,1,2026-04-22,950,Aqua,MODIS,14,61.03,316.2,7.8,D,0
26.073,78.7383,340.9,1,1,2026-04-22,950,Aqua,MODIS,84,61.03,316.1,25.1,D,0
26.0921,79.0207,331.7,1,1,2026-04-22,950,Aqua,MODIS,70,61.03,313.8,14.2,D,0
26.1143,78.3284,328.5,1,1,2026-04-22,950,Aqua,MODIS,49,61.03,316,7.3,D,0
26.1262,83.5732,326,1.7,1.3,2026-04-22,950,Aqua,MODIS,64,61.03,310.6,15.7,D,0
26.1423,83.9362,339.7,1.8,1.3,2026-04-22,950,Aqua,MODIS,0,61.03,310.9,62.2,D,0
26.178,80.8051,326.4,1.2,1.1,2026-04-22,950,Aqua,MODIS,56,61.03,312.6,9,D,0
26.2024,80.8467,325.9,1.2,1.1,2026-04-22,950,Aqua,MODIS,53,61.03,312.8,8.6,D,0
26.2041,83.7647,326.6,1.7,1.3,2026-04-22,950,Aqua,MODIS,63,61.03,309.6,20.2,D,0
26.2208,84.0248,325.2,1.8,1.3,2026-04-22,950,Aqua,MODIS,65,61.03,309.3,19.7,D,0
26.2249,83.8481,324.3,1.8,1.3,2026-04-22,950,Aqua,MODIS,52,61.03,308.6,13.9,D,0
26.24,83.7771,323.7,1.7,1.3,2026-04-22,950,Aqua,MODIS,30,61.03,307.7,11.7,D,0
26.2419,83.794,326.1,1.8,1.3,2026-04-22,950,Aqua,MODIS,60,61.03,309.1,17.9,D,0
26.2533,83.7925,334.8,1.8,1.3,2026-04-22,950,Aqua,MODIS,61,61.03,309.7,40.7,D,0
26.2589,80.7978,330.9,1.2,1.1,2026-04-22,950,Aqua,MODIS,71,61.03,312.4,15.9,D,0
26.3362,80.6767,325.9,1.1,1.1,2026-04-22,950,Aqua,MODIS,56,61.03,312.8,9,D,0
26.3364,84.0402,330,1.8,1.3,2026-04-22,950,Aqua,MODIS,75,61.03,309.4,34.5,D,0
26.3934,78.9829,330.4,1,1,2026-04-22,950,Aqua,MODIS,67,61.03,313.4,11.5,D,0
26.4002,83.3702,326.2,1.6,1.3,2026-04-22,950,Aqua,MODIS,58,61.03,310.8,14.8,D,0
26.4481,83.299,334.1,1.6,1.3,2026-04-22,950,Aqua,MODIS,79,61.03,311.7,35,D,0
26.4522,83.8522,328.8,1.8,1.3,2026-04-22,950,Aqua,MODIS,73,61.03,312.2,25.6,D,0
26.5164,83.2826,327.9,1.6,1.3,2026-04-22,950,Aqua,MODIS,65,61.03,312.2,17.1,D,0
26.5199,78.3885,351.4,1,1,2026-04-22,950,Aqua,MODIS,94,61.03,319.2,43.2,D,0
26.5213,78.3982,332.5,1,1,2026-04-22,950,Aqua,MODIS,64,61.03,314.7,11,D,0
26.5258,78.3676,335.4,1,1,2026-04-22,950,Aqua,MODIS,75,61.03,318.9,13.6,D,0
26.5272,78.3773,344.9,1,1,2026-04-22,950,Aqua,MODIS,88,61.03,319.1,29.2,D,0
26.5304,83.941,328.8,1.8,1.3,2026-04-22,950,Aqua,MODIS,74,61.03,310.9,25.8,D,0
26.5322,83.9586,324.8,1.8,1.3,2026-04-22,950,Aqua,MODIS,65,61.03,310.4,15.2,D,0
26.5325,83.9478,333.9,1.8,1.3,2026-04-22,950,Aqua,MODIS,80,61.03,310.8,42,D,0
26.541,78.534,331.4,1,1,2026-04-22,950,Aqua,MODIS,68,61.03,318.1,9,D,0
26.5967,83.4952,327,1.7,1.3,2026-04-22,950,Aqua,MODIS,60,61.03,312.3,17.7,D,0
26.6209,84.019,324.9,1.8,1.3,2026-04-22,950,Aqua,MODIS,66,61.03,309.6,18.8,D,0
26.6282,84.0125,328.1,1.8,1.3,2026-04-22,950,Aqua,MODIS,73,61.03,309.7,26.3,D,0
26.6323,80.6899,339.9,1.1,1.1,2026-04-22,950,Aqua,MODIS,85,61.03,313,33.1,D,0
26.6348,83.0015,334.1,1.6,1.2,2026-04-22,950,Aqua,MODIS,80,61.03,313.1,32.9,D,0
26.7433,82.965,331.3,1.6,1.2,2026-04-22,950,Aqua,MODIS,76,61.03,311.7,26.7,D,0
26.7937,83.7172,330,1.8,1.3,2026-04-22,950,Aqua,MODIS,63,61.03,310.8,25.7,D,0
26.8026,83.7102,324.7,1.8,1.3,2026-04-22,950,Aqua,MODIS,59,61.03,310,13.2,D,0
26.8048,83.6235,332.8,1.7,1.3,2026-04-22,950,Aqua,MODIS,80,61.03,311,35,D,0
26.8425,83.6529,327.7,1.7,1.3,2026-04-22,950,Aqua,MODIS,72,61.03,311,20.3,D,0
26.8426,83.5501,325.3,1.7,1.3,2026-04-22,950,Aqua,MODIS,67,61.03,309.8,14.5,D,0
26.8762,83.1278,343.6,1.6,1.2,2026-04-22,950,Aqua,MODIS,78,61.03,312.3,65.8,D,0
26.937,84.2314,324.2,1.9,1.4,2026-04-22,950,Aqua,MODIS,47,61.03,308.8,22.2,D,0
26.9877,83.5179,324.6,1.7,1.3,2026-04-22,950,Aqua,MODIS,31,61.03,309.9,14.6,D,0
27.0257,82.6476,325.1,1.5,1.2,2026-04-22,950,Aqua,MODIS,63,61.03,311.8,12.2,D,2
27.0607,81.9229,326.3,1.4,1.2,2026-04-22,950,Aqua,MODIS,65,61.03,313.6,12.3,D,0
27.0623,81.9361,325.9,1.4,1.2,2026-04-22,950,Aqua,MODIS,63,61.03,312.6,12.1,D,0
27.0748,83.2653,324.3,1.7,1.3,2026-04-22,950,Aqua,MODIS,58,61.03,310.7,14.8,D,0
27.1018,83.7207,323.3,1.8,1.3,2026-04-22,950,Aqua,MODIS,64,61.03,308.7,16.2,D,0
27.1054,82.4908,333,1.5,1.2,2026-04-22,950,Aqua,MODIS,74,61.03,313,27.2,D,0
27.1078,82.4827,329.7,1.5,1.2,2026-04-22,950,Aqua,MODIS,57,61.03,312.3,18.7,D,0
27.1174,84.6374,320.3,2.1,1.4,2026-04-22,950,Aqua,MODIS,58,61.03,305.6,16.1,D,0
27.1209,83.2698,333.1,1.7,1.3,2026-04-22,950,Aqua,MODIS,80,61.03,310.4,35.9,D,0
27.1286,86.3576,315.9,2.8,1.6,2026-04-22,950,Aqua,MODIS,35,61.03,297.9,34.4,D,0
27.1302,83.2519,322.7,1.7,1.3,2026-04-22,950,Aqua,MODIS,38,61.03,309.2,12.1,D,0
27.132,83.2682,331,1.7,1.3,2026-04-22,950,Aqua,MODIS,78,61.03,308.9,31.4,D,0
27.1328,83.0738,328,1.6,1.2,2026-04-22,950,Aqua,MODIS,73,61.03,310.9,20.8,D,0
27.1911,83.2931,332.8,1.7,1.3,2026-04-22,950,Aqua,MODIS,80,61.03,311.4,35.3,D,0
27.1925,83.2861,326.2,1.7,1.3,2026-04-22,950,Aqua,MODIS,65,61.03,311.2,17.1,D,0
27.1942,83.3024,331,1.7,1.3,2026-04-22,950,Aqua,MODIS,78,61.03,311.3,28.8,D,0
27.2061,82.7144,323.7,1.5,1.2,2026-04-22,950,Aqua,MODIS,54,61.03,309.7,9.5,D,0
27.2517,86.3896,318,2.8,1.6,2026-04-22,950,Aqua,MODIS,58,61.03,298.6,33.1,D,0
27.2557,86.3826,317.6,2.8,1.6,2026-04-22,950,Aqua,MODIS,55,61.03,298.6,34.8,D,0
27.2592,84.7567,320,2.1,1.4,2026-04-22,950,Aqua,MODIS,55,61.03,303.7,22.7,D,0
27.2609,84.7511,319.9,2.1,1.4,2026-04-22,950,Aqua,MODIS,55,61.03,303.6,21.6,D,0
27.2938,84.8308,319.1,2.2,1.4,2026-04-22,950,Aqua,MODIS,49,61.03,303.5,22.3,D,0
27.3101,82.4928,342.1,1.5,1.2,2026-04-22,950,Aqua,MODIS,88,61.03,310.9,56.7,D,0
27.3117,82.5073,352.1,1.5,1.2,2026-04-22,950,Aqua,MODIS,95,61.03,311.7,91.7,D,0
27.3215,84.4294,319.6,2,1.4,2026-04-22,950,Aqua,MODIS,54,61.03,305.2,18.7,D,0
27.3378,84.347,318.7,2,1.4,2026-04-22,950,Aqua,MODIS,46,61.03,305.5,14.5,D,0
27.3439,84.2877,320.3,2,1.4,2026-04-22,950,Aqua,MODIS,56,61.03,306.9,18.4,D,0
27.3641,80.2162,328.8,1.1,1.1,2026-04-22,950,Aqua,MODIS,71,61.03,312.3,13.4,D,0
27.3655,80.2271,339.9,1.1,1.1,2026-04-22,950,Aqua,MODIS,86,61.03,311.4,32.3,D,0
27.3732,80.2147,340.3,1.1,1.1,2026-04-22,950,Aqua,MODIS,86,61.03,313.7,32.3,D,0
27.3809,83.5599,327,1.8,1.3,2026-04-22,950,Aqua,MODIS,73,61.03,307.2,28.6,D,0
27.3973,82.6898,329.9,1.5,1.2,2026-04-22,950,Aqua,MODIS,76,61.03,311.4,23,D,0
27.3991,82.7048,337.5,1.5,1.2,2026-04-22,950,Aqua,MODIS,85,61.03,311.3,42.9,D,0
27.4023,82.6987,333.4,1.5,1.2,2026-04-22,950,Aqua,MODIS,81,61.03,311.2,31.9,D,0
27.408,82.6883,334.9,1.5,1.2,2026-04-22,950,Aqua,MODIS,82,61.03,310.9,36,D,0
27.4113,82.6822,330.6,1.5,1.2,2026-04-22,950,Aqua,MODIS,74,61.03,310.3,25.5,D,0
27.413,82.6972,325,1.5,1.2,2026-04-22,950,Aqua,MODIS,20,61.03,309.6,12.7,D,0
27.4264,82.8185,323.1,1.6,1.2,2026-04-22,950,Aqua,MODIS,64,61.03,309.7,12.4,D,0
27.4311,82.886,349,1.6,1.2,2026-04-22,950,Aqua,MODIS,94,61.03,312.3,88.1,D,0
27.4329,82.9014,335.9,1.6,1.2,2026-04-22,950,Aqua,MODIS,84,61.03,310.9,42.7,D,0
27.4331,82.88,334.3,1.6,1.2,2026-04-22,950,Aqua,MODIS,82,61.03,311.8,37.4,D,0
27.4348,82.8955,348.6,1.6,1.2,2026-04-22,950,Aqua,MODIS,93,61.03,311.3,85.3,D,0
27.4965,84.3022,318,2,1.4,2026-04-22,950,Aqua,MODIS,41,61.03,302.4,17.9,D,0
27.5969,83.0251,331.3,1.6,1.3,2026-04-22,950,Aqua,MODIS,79,61.03,308.3,35.7,D,0
27.5987,83.041,326.3,1.6,1.3,2026-04-22,950,Aqua,MODIS,72,61.03,307.7,23.6,D,0
27.6125,82.4601,321.9,1.5,1.2,2026-04-22,950,Aqua,MODIS,54,61.03,307.8,11.1,D,0
27.6346,83.8892,321.3,1.9,1.3,2026-04-22,950,Aqua,MODIS,43,61.03,303.7,20.1,D,0
27.6359,83.699,319.8,1.8,1.3,2026-04-22,950,Aqua,MODIS,55,61.03,304.4,18.8,D,0
27.6449,83.899,320.2,1.9,1.3,2026-04-22,950,Aqua,MODIS,59,61.03,303.2,19.6,D,0
27.6826,82.6917,321.9,1.5,1.2,2026-04-22,950,Aqua,MODIS,13,61.03,308,11.8,D,0
27.6843,82.5622,324,1.5,1.2,2026-04-22,950,Aqua,MODIS,69,61.03,310.4,13.3,D,0
27.7038,82.8376,321.8,1.6,1.2,2026-04-22,950,Aqua,MODIS,65,61.03,306.1,14.4,D,0
27.7055,82.8531,324.5,1.6,1.2,2026-04-22,950,Aqua,MODIS,71,61.03,306.7,20.1,D,0
27.7433,82.7976,318.5,1.6,1.2,2026-04-22,950,Aqua,MODIS,45,61.03,305.3,9.9,D,0
27.7064,82.38,329.9,1.5,1.2,2026-04-22,951,Aqua,MODIS,78,61.03,310.3,25,D,0
27.7433,82.4709,324.2,1.5,1.2,2026-04-22,951,Aqua,MODIS,41,61.03,308.2,15.2,D,0
27.7497,82.4759,324.3,1.5,1.2,2026-04-22,951,Aqua,MODIS,43,61.03,308,15.2,D,0
27.7611,82.4387,322.4,1.5,1.2,2026-04-22,951,Aqua,MODIS,30,61.03,307.3,12.7,D,0
27.7684,82.9218,318.6,1.6,1.2,2026-04-22,951,Aqua,MODIS,47,61.03,304.6,12.6,D,0
27.7722,82.348,321.7,1.5,1.2,2026-04-22,951,Aqua,MODIS,50,61.03,307.8,10.3,D,0
27.7805,82.4209,321.2,1.5,1.2,2026-04-22,951,Aqua,MODIS,46,61.03,307.5,11.4,D,0
27.784,76.8818,339.6,1,1,2026-04-22,951,Aqua,MODIS,48,61.03,317.3,21,D,0
27.7855,76.8918,367.9,1,1,2026-04-22,951,Aqua,MODIS,100,61.03,321.2,91.1,D,0
27.7871,76.9019,342.2,1,1,2026-04-22,951,Aqua,MODIS,65,61.03,314.8,27.4,D,0
27.7914,78.1682,332.6,1,1,2026-04-22,951,Aqua,MODIS,75,61.03,312.8,17,D,0
27.7927,76.8801,335.7,1,1,2026-04-22,951,Aqua,MODIS,58,61.03,317.6,15.5,D,0
27.8015,76.8783,334.2,1,1,2026-04-22,951,Aqua,MODIS,52,61.03,317.5,13.4,D,0
27.8031,76.8883,335.6,1,1,2026-04-22,951,Aqua,MODIS,60,61.03,317.5,16.3,D,0
27.8393,77.4214,339.8,1,1,2026-04-22,951,Aqua,MODIS,84,61.03,316.1,25.5,D,0
27.8408,77.4312,327.7,1,1,2026-04-22,951,Aqua,MODIS,60,61.03,314,8.4,D,0
27.8463,77.3492,331.3,1,1,2026-04-22,951,Aqua,MODIS,71,61.03,315.7,12.2,D,0
27.8478,77.359,328.9,1,1,2026-04-22,951,Aqua,MODIS,64,61.03,315.5,8.8,D,0
27.8499,82.8403,321.6,1.6,1.2,2026-04-22,951,Aqua,MODIS,67,61.03,304.6,16.4,D,0
27.8618,82.1413,322.3,1.4,1.2,2026-04-22,951,Aqua,MODIS,66,61.03,308.9,13.3,D,0
27.875,81.9229,324.5,1.4,1.2,2026-04-22,951,Aqua,MODIS,67,61.03,310.4,13.9,D,0
27.8795,81.7847,326.5,1.4,1.2,2026-04-22,951,Aqua,MODIS,73,61.03,309.6,17.6,D,0
27.8825,82.7982,320.5,1.6,1.2,2026-04-22,951,Aqua,MODIS,51,61.03,305.1,14.2,D,0
27.8852,82.6249,327.5,1.5,1.2,2026-04-22,951,Aqua,MODIS,77,61.03,305.7,28.3,D,0
27.8874,82.8439,318.9,1.6,1.2,2026-04-22,951,Aqua,MODIS,60,61.03,304.5,11.5,D,0
27.8892,82.5638,330.3,1.5,1.2,2026-04-22,951,Aqua,MODIS,80,61.03,307.6,32.8,D,0
27.8908,82.5779,327.6,1.5,1.2,2026-04-22,951,Aqua,MODIS,77,61.03,306.1,26.8,D,0
27.8962,82.2006,320.1,1.4,1.2,2026-04-22,951,Aqua,MODIS,31,61.03,305.5,10.2,D,0
27.9146,81.5574,325.5,1.3,1.1,2026-04-22,951,Aqua,MODIS,71,61.03,312.6,11.5,D,0
27.9194,82.5443,321.7,1.5,1.2,2026-04-22,951,Aqua,MODIS,56,61.03,307.3,12.7,D,0
27.92,82.0419,321.6,1.4,1.2,2026-04-22,951,Aqua,MODIS,48,61.03,308,10,D,0
27.9241,82.1681,320.4,1.4,1.2,2026-04-22,951,Aqua,MODIS,49,61.03,305.8,10.7,D,0
27.9329,81.8862,330.3,1.4,1.2,2026-04-22,951,Aqua,MODIS,79,61.03,311.5,23.5,D,0
27.9329,82.6621,316.7,1.6,1.2,2026-04-22,951,Aqua,MODIS,51,61.03,302.5,10.8,D,0
27.9376,82.4752,325,1.5,1.2,2026-04-22,951,Aqua,MODIS,73,61.03,307.9,18.1,D,0
27.9435,82.6592,315.7,1.6,1.2,2026-04-22,951,Aqua,MODIS,38,61.03,301.5,9,D,0
27.9552,82.4404,324.8,1.5,1.2,2026-04-22,951,Aqua,MODIS,73,61.03,307.4,18.8,D,0
27.9577,82.0072,333.9,1.4,1.2,2026-04-22,951,Aqua,MODIS,69,61.03,307.6,31.4,D,0
27.9657,79.6158,344.8,1.1,1,2026-04-22,951,Aqua,MODIS,90,61.03,315,38,D,0
27.9658,81.8192,323.6,1.4,1.2,2026-04-22,951,Aqua,MODIS,53,61.03,310.8,10.6,D,0
27.9659,80.0272,331.6,1.1,1.1,2026-04-22,951,Aqua,MODIS,76,61.03,314.6,17.3,D,0
27.9671,79.6263,342.9,1.1,1,2026-04-22,951,Aqua,MODIS,89,61.03,313.8,33.9,D,0
27.9673,80.0382,327.5,1.1,1.1,2026-04-22,951,Aqua,MODIS,69,61.03,313.6,11.1,D,0
27.9733,79.6037,330.9,1.1,1,2026-04-22,951,Aqua,MODIS,75,61.03,315.7,14.2,D,0
27.9747,79.6142,341,1.1,1,2026-04-22,951,Aqua,MODIS,87,61.03,316,30.7,D,0
27.9762,79.6247,335.6,1.1,1,2026-04-22,951,Aqua,MODIS,82,61.03,314.6,20.6,D,0
27.9778,78.3031,329.3,1,1,2026-04-22,951,Aqua,MODIS,69,61.03,313.4,13.2,D,0
27.9977,81.8272,323.3,1.4,1.2,2026-04-22,951,Aqua,MODIS,31,61.03,309.1,11.3,D,0
28.0175,82.1763,322.1,1.4,1.2,2026-04-22,951,Aqua,MODIS,68,61.03,308,13.8,D,0
28.0242,81.9631,319.5,1.4,1.2,2026-04-22,951,Aqua,MODIS,52,61.03,307.4,8.4,D,0
28.0389,82.8943,326.2,1.6,1.2,2026-04-22,951,Aqua,MODIS,76,61.03,302.8,34,D,0
28.0443,82.0445,319.9,1.4,1.2,2026-04-22,951,Aqua,MODIS,47,61.03,307.3,8.4,D,0
28.0459,82.0584,324.8,1.4,1.2,2026-04-22,951,Aqua,MODIS,72,61.03,307.9,16.4,D,0
28.0492,82.0862,321.7,1.4,1.2,2026-04-22,951,Aqua,MODIS,63,61.03,307.7,12,D,0
28.0601,81.9383,322.6,1.4,1.2,2026-04-22,951,Aqua,MODIS,53,61.03,309.6,12,D,0
28.0703,81.9367,323.8,1.4,1.2,2026-04-22,951,Aqua,MODIS,34,61.03,310.2,13.3,D,0
28.0782,82.0049,328.2,1.4,1.2,2026-04-22,951,Aqua,MODIS,33,61.03,309.2,21.3,D,0
28.0805,81.9351,341.8,1.4,1.2,2026-04-22,951,Aqua,MODIS,90,61.03,312.6,52.9,D,0
28.082,82.1299,318.5,1.4,1.2,2026-04-22,951,Aqua,MODIS,59,61.03,306.1,9.9,D,0
28.0821,81.9488,341.8,1.4,1.2,2026-04-22,951,Aqua,MODIS,90,61.03,309.1,52.9,D,0
28.0833,80.5997,322.7,1.2,1.1,2026-04-22,951,Aqua,MODIS,60,61.03,311.5,7.8,D,0
28.089,77.6743,329.9,1,1,2026-04-22,951,Aqua,MODIS,68,61.03,315.8,11.1,D,0
28.0908,81.9334,337.9,1.4,1.2,2026-04-22,951,Aqua,MODIS,87,61.03,311.6,43.1,D,0
28.1121,79.6707,327.1,1.1,1,2026-04-22,951,Aqua,MODIS,68,61.03,314.3,10.4,D,0
28.1442,81.9564,322,1.4,1.2,2026-04-22,951,Aqua,MODIS,46,61.03,305,13.6,D,0
28.1447,81.9494,320.9,1.4,1.2,2026-04-22,951,Aqua,MODIS,25,61.03,305.4,10,D,0
28.1705,81.9131,320.3,1.4,1.2,2026-04-22,951,Aqua,MODIS,60,61.03,307.6,10.3,D,0
28.1953,81.7721,333.2,1.4,1.2,2026-04-22,951,Aqua,MODIS,83,61.03,310.7,31.6,D,0
28.2038,81.7571,323.8,1.4,1.2,2026-04-22,951,Aqua,MODIS,57,61.03,310.4,12.9,D,0
28.2054,81.7706,349.1,1.4,1.2,2026-04-22,951,Aqua,MODIS,94,61.03,313.1,75.3,D,0
28.207,81.784,337.8,1.4,1.2,2026-04-22,951,Aqua,MODIS,87,61.03,311,42.7,D,0
28.2906,79.8363,326.2,1.1,1,2026-04-22,951,Aqua,MODIS,67,61.03,312.3,10.3,D,0
28.2907,81.6356,323.8,1.4,1.2,2026-04-22,951,Aqua,MODIS,33,61.03,310.5,12,D,0
28.2947,76.7639,346.1,1,1,2026-04-22,951,Aqua,MODIS,90,61.03,317.3,36.6,D,0
28.2962,76.7739,333.8,1,1,2026-04-22,951,Aqua,MODIS,74,61.03,316.2,15.8,D,0
28.303,81.5661,323.8,1.3,1.1,2026-04-22,951,Aqua,MODIS,57,61.03,309.8,11.1,D,0
28.3119,79.5855,324.4,1.1,1,2026-04-22,951,Aqua,MODIS,61,61.03,312.6,7.6,D,0
28.3252,81.4958,336.2,1.3,1.1,2026-04-22,951,Aqua,MODIS,85,61.03,311.2,35.5,D,0
28.3377,81.3486,333.8,1.3,1.1,2026-04-22,951,Aqua,MODIS,83,61.03,310.1,31.6,D,0
28.3387,82.3085,319.8,1.5,1.2,2026-04-22,951,Aqua,MODIS,63,61.03,299.2,19.1,D,0
28.3392,81.3615,322.7,1.3,1.1,2026-04-22,951,Aqua,MODIS,67,61.03,309.3,12,D,0
28.3401,80.8726,324.2,1.2,1.1,2026-04-22,951,Aqua,MODIS,68,61.03,311,10.3,D,0
28.3511,82.3229,314.9,1.5,1.2,2026-04-22,951,Aqua,MODIS,23,61.03,300.6,12.5,D,0
28.3527,82.3369,317.6,1.5,1.2,2026-04-22,951,Aqua,MODIS,54,61.03,299.4,18.2,D,0
28.357,81.9404,319.8,1.4,1.2,2026-04-22,951,Aqua,MODIS,63,61.03,305.6,14.1,D,0
28.3613,82.319,336.4,1.5,1.2,2026-04-22,951,Aqua,MODIS,86,61.03,298.9,55.8,D,0
28.3628,82.3324,348.8,1.5,1.2,2026-04-22,951,Aqua,MODIS,94,61.03,297.2,97.2,D,0
28.3679,81.4304,323.3,1.3,1.1,2026-04-22,951,Aqua,MODIS,35,61.03,309.5,9.1,D,0
28.3732,79.9841,323,1.1,1.1,2026-04-22,951,Aqua,MODIS,58,61.03,311.4,10.3,D,0
28.3868,81.3353,325.7,1.3,1.1,2026-04-22,951,Aqua,MODIS,72,61.03,311.3,14.2,D,0
28.3872,76.7594,328.7,1,1,2026-04-22,951,Aqua,MODIS,61,61.03,316.2,7.7,D,0
28.402,81.879,323.4,1.4,1.2,2026-04-22,951,Aqua,MODIS,68,61.03,306.8,15.9,D,0
28.4032,81.5577,322.9,1.3,1.1,2026-04-22,951,Aqua,MODIS,69,61.03,309.5,12.7,D,0
28.4036,81.8924,325.5,1.4,1.2,2026-04-22,951,Aqua,MODIS,74,61.03,306.7,19.3,D,0
28.4103,81.8858,326.2,1.4,1.2,2026-04-22,951,Aqua,MODIS,49,61.03,307,18.4,D,0
28.4249,81.7427,319.6,1.4,1.2,2026-04-22,951,Aqua,MODIS,61,61.03,305.8,10.3,D,0
28.4266,81.757,319.4,1.4,1.2,2026-04-22,951,Aqua,MODIS,61,61.03,306.1,9.2,D,0
28.439,81.4323,319.6,1.3,1.1,2026-04-22,951,Aqua,MODIS,59,61.03,308.3,8.2,D,0
28.4454,77.5207,329.8,1,1,2026-04-22,951,Aqua,MODIS,70,61.03,314.2,12.6,D,2
28.4569,77.4779,325,1,1,2026-04-22,951,Aqua,MODIS,50,61.03,313.8,6.5,D,0
28.458,76.4478,331.1,1,1,2026-04-22,951,Aqua,MODIS,64,61.03,314.3,12.2,D,0
28.4658,80.116,333,1.1,1.1,2026-04-22,951,Aqua,MODIS,80,61.03,310.4,25.5,D,0
28.4785,81.4986,320.2,1.3,1.1,2026-04-22,951,Aqua,MODIS,58,61.03,308,9.9,D,0
28.4845,76.4423,335.3,1,1,2026-04-22,951,Aqua,MODIS,65,61.03,317.3,17.1,D,0
28.4861,76.4525,339.6,1,1,2026-04-22,951,Aqua,MODIS,81,61.03,315,24.7,D,0
28.4933,76.4405,335.4,1,1,2026-04-22,951,Aqua,MODIS,75,61.03,318.8,17,D,0
28.4949,76.4507,332.6,1,1,2026-04-22,951,Aqua,MODIS,60,61.03,316.1,13.3,D,0
28.4987,81.6707,318.5,1.4,1.2,2026-04-22,951,Aqua,MODIS,54,61.03,305.9,9.1,D,0
28.5002,81.6837,317.7,1.4,1.2,2026-04-22,951,Aqua,MODIS,52,61.03,304.4,7.6,D,0
28.5212,81.3469,334.1,1.3,1.1,2026-04-22,951,Aqua,MODIS,83,61.03,309.7,32,D,0
28.5257,82.0904,321.7,1.5,1.2,2026-04-22,951,Aqua,MODIS,64,61.03,304.9,15.2,D,0
28.5283,80.598,324.4,1.2,1.1,2026-04-22,951,Aqua,MODIS,42,61.03,308.5,13.6,D,0
28.5298,80.6098,321,1.2,1.1,2026-04-22,951,Aqua,MODIS,21,61.03,307.5,9.1,D,0
28.5344,80.6023,323.8,1.2,1.1,2026-04-22,951,Aqua,MODIS,62,61.03,308.3,12.4,D,0
28.551,81.6771,325,1.4,1.2,2026-04-22,951,Aqua,MODIS,73,61.03,307.8,18.8,D,0
28.5525,81.6903,319.9,1.4,1.2,2026-04-22,951,Aqua,MODIS,63,61.03,306.9,10,D,0
28.5599,80.5742,328.2,1.2,1.1,2026-04-22,951,Aqua,MODIS,75,61.03,307.8,20.5,D,0
28.5614,80.5859,339.9,1.2,1.1,2026-04-22,951,Aqua,MODIS,87,61.03,309.9,41.6,D,0
28.5661,81.9821,322.6,1.4,1.2,2026-04-22,951,Aqua,MODIS,63,61.03,305.1,15.9,D,0
28.5765,80.4758,319.5,1.2,1.1,2026-04-22,951,Aqua,MODIS,43,61.03,308.7,6.5,D,0
28.58,80.8149,328.3,1.2,1.1,2026-04-22,951,Aqua,MODIS,76,61.03,311.2,17,D,0
28.5804,81.68,324.3,1.4,1.2,2026-04-22,951,Aqua,MODIS,72,61.03,306.5,18.3,D,0
28.5917,82.0207,321,1.4,1.2,2026-04-22,951,Aqua,MODIS,64,61.03,306.3,14,D,0
28.5986,80.8865,329.9,1.2,1.1,2026-04-22,951,Aqua,MODIS,32,61.03,309.2,17.7,D,0
28.6109,80.7483,326.7,1.2,1.1,2026-04-22,951,Aqua,MODIS,74,61.03,310,14.6,D,0
28.6112,81.3383,321,1.3,1.1,2026-04-22,951,Aqua,MODIS,62,61.03,308,11.9,D,0
28.6182,81.5647,324.4,1.4,1.2,2026-04-22,951,Aqua,MODIS,72,61.03,306.3,19.3,D,0
28.632,82.0396,317.1,1.4,1.2,2026-04-22,951,Aqua,MODIS,51,61.03,304.1,8.2,D,0
28.6368,82.0827,317,1.5,1.2,2026-04-22,951,Aqua,MODIS,56,61.03,304,10,D,0
28.6394,81.2229,323.9,1.3,1.1,2026-04-22,951,Aqua,MODIS,64,61.03,310.7,13.2,D,0
28.6517,80.736,328,1.2,1.1,2026-04-22,951,Aqua,MODIS,76,61.03,310,16.9,D,0
28.6532,81.3383,319.8,1.3,1.1,2026-04-22,951,Aqua,MODIS,42,61.03,307.5,10.6,D,0
28.6732,80.8315,321.8,1.2,1.1,2026-04-22,951,Aqua,MODIS,64,61.03,309.4,9.1,D,0
28.6805,80.7314,321.8,1.2,1.1,2026-04-22,951,Aqua,MODIS,61,61.03,309.4,9.3,D,0
28.6882,81.6343,315.9,1.4,1.2,2026-04-22,951,Aqua,MODIS,47,61.03,299.3,11.5,D,0
28.69,81.65,323.7,1.4,1.2,2026-04-22,951,Aqua,MODIS,72,61.03,300.7,23.1,D,0
28.6928,79.5387,326.7,1.1,1,2026-04-22,951,Aqua,MODIS,71,61.03,313.2,10.7,D,0
28.7289,79.7422,347,1.1,1,2026-04-22,951,Aqua,MODIS,92,61.03,313.7,47.8,D,0
28.7303,79.7531,358.7,1.1,1,2026-04-22,951,Aqua,MODIS,99,61.03,314,79.1,D,0
28.7375,81.2814,322.5,1.3,1.1,2026-04-22,951,Aqua,MODIS,69,61.03,309.5,11.1,D,0
28.7379,77.6787,323.9,1,1,2026-04-22,951,Aqua,MODIS,52,61.03,311.7,6.9,D,0
28.7403,76.5285,330.8,1,1,2026-04-22,951,Aqua,MODIS,61,61.03,314.5,11.9,D,0
28.7418,76.5386,332.7,1,1,2026-04-22,951,Aqua,MODIS,70,61.03,316.5,14.7,D,0
28.7457,80.4355,324.6,1.2,1.1,2026-04-22,951,Aqua,MODIS,71,61.03,310.9,10.9,D,0
28.7468,76.7454,341.1,1,1,2026-04-22,951,Aqua,MODIS,85,61.03,315.2,28.3,D,0
28.7491,76.5267,330.2,1,1,2026-04-22,951,Aqua,MODIS,44,61.03,316.2,10.5,D,0
28.7492,81.7138,319.4,1.4,1.2,2026-04-22,951,Aqua,MODIS,47,61.03,305.5,10.8,D,0
28.7508,81.7271,324.2,1.4,1.2,2026-04-22,951,Aqua,MODIS,73,61.03,305.3,20.9,D,0
28.754,76.7336,331.9,1,1,2026-04-22,951,Aqua,MODIS,72,61.03,315.4,14.4,D,0
28.7555,76.7437,327.4,1,1,2026-04-22,951,Aqua,MODIS,55,61.03,315.2,9,D,0
28.7566,80.2216,320.7,1.2,1.1,2026-04-22,951,Aqua,MODIS,44,61.03,308.8,8,D,0
28.7627,81.1577,316.9,1.3,1.1,2026-04-22,951,Aqua,MODIS,47,61.03,306.1,8.8,D,0
28.7676,80.4557,322.5,1.2,1.1,2026-04-22,951,Aqua,MODIS,58,61.03,310.1,8.1,D,0
28.7692,81.2102,325.2,1.3,1.1,2026-04-22,951,Aqua,MODIS,73,61.03,307.3,17,D,0
28.7769,81.5273,322.3,1.4,1.2,2026-04-22,951,Aqua,MODIS,70,61.03,306.6,15.4,D,0
28.7782,81.5385,321.6,1.4,1.2,2026-04-22,951,Aqua,MODIS,68,61.03,305.4,14,D,0
28.7868,81.5245,321.2,1.4,1.2,2026-04-22,951,Aqua,MODIS,50,61.03,305.6,12.8,D,0
28.8142,80.8254,322,1.2,1.1,2026-04-22,951,Aqua,MODIS,68,61.03,308.4,11.4,D,0
28.8155,81.0773,319.8,1.3,1.1,2026-04-22,951,Aqua,MODIS,57,61.03,305.4,11.9,D,0
28.8172,81.0909,320.6,1.3,1.1,2026-04-22,951,Aqua,MODIS,60,61.03,306,12.3,D,0
28.8434,80.26,318.4,1.2,1.1,2026-04-22,951,Aqua,MODIS,52,61.03,307.6,6.8,D,0
28.8928,78.0507,326.8,1,1,2026-04-22,951,Aqua,MODIS,67,61.03,311.4,10.3,D,0
28.9024,78.9666,324.8,1,1,2026-04-22,951,Aqua,MODIS,67,61.03,313.1,8.1,D,0
28.9143,81.225,319.1,1.3,1.1,2026-04-22,951,Aqua,MODIS,65,61.03,304.6,11.1,D,0
28.9183,76.3646,330.9,1,1,2026-04-22,951,Aqua,MODIS,68,61.03,315.7,13,D,2
28.9283,77.1556,328.6,1,1,2026-04-22,951,Aqua,MODIS,67,61.03,313.9,10.9,D,0
28.929,81.4348,318.6,1.3,1.1,2026-04-22,951,Aqua,MODIS,65,61.03,303.4,9.9,D,0
28.9298,77.1655,351.5,1,1,2026-04-22,951,Aqua,MODIS,94,61.03,312.8,50.1,D,0
28.9363,79.7055,325.8,1.1,1,2026-04-22,951,Aqua,MODIS,72,61.03,311.8,12.4,D,2
28.9377,79.7164,336.1,1.1,1,2026-04-22,951,Aqua,MODIS,84,61.03,311.7,27.2,D,0
28.9392,81.4344,327.7,1.3,1.1,2026-04-22,951,Aqua,MODIS,79,61.03,303.7,24.5,D,0
28.9441,80.9767,321.3,1.3,1.1,2026-04-22,951,Aqua,MODIS,44,61.03,308.5,9.9,D,0
28.9447,81.0619,319.6,1.3,1.1,2026-04-22,951,Aqua,MODIS,34,61.03,304.2,10.6,D,0
28.9454,79.7039,337.9,1.1,1,2026-04-22,951,Aqua,MODIS,86,61.03,311.8,30.6,D,0
28.9469,79.7149,348.4,1.1,1,2026-04-22,951,Aqua,MODIS,93,61.03,312,51.9,D,0
28.9478,80.9815,322.2,1.3,1.1,2026-04-22,951,Aqua,MODIS,51,61.03,307.8,11.5,D,0
28.98,81.0013,322.2,1.3,1.1,2026-04-22,951,Aqua,MODIS,71,61.03,307.3,14.1,D,0
28.9815,81.0138,319.6,1.3,1.1,2026-04-22,951,Aqua,MODIS,63,61.03,306.8,10.5,D,0
29.0177,80.8256,318.4,1.2,1.1,2026-04-22,951,Aqua,MODIS,62,61.03,303.4,10.4,D,0
29.0637,80.6999,320.3,1.2,1.1,2026-04-22,951,Aqua,MODIS,65,61.03,302.3,13.3,D,0
29.0652,80.7119,331.3,1.2,1.1,2026-04-22,951,Aqua,MODIS,82,61.03,302.7,30.5,D,0
29.0658,80.6382,323.1,1.2,1.1,2026-04-22,951,Aqua,MODIS,53,61.03,305.5,13.4,D,0
29.0673,80.6505,323,1.2,1.1,2026-04-22,951,Aqua,MODIS,56,61.03,303.3,13.8,D,0
29.0753,80.6366,324.8,1.2,1.1,2026-04-22,951,Aqua,MODIS,52,61.03,304.6,15.3,D,0
29.0856,81.1218,319.6,1.3,1.1,2026-04-22,951,Aqua,MODIS,67,61.03,306.2,10.1,D,0
29.091,81.1672,330.9,1.3,1.1,2026-04-22,951,Aqua,MODIS,82,61.03,302.2,31.9,D,0
29.0924,81.1794,314.4,1.3,1.1,2026-04-22,951,Aqua,MODIS,37,61.03,300,6.9,D,0
29.1018,81.5208,317.3,1.4,1.2,2026-04-22,951,Aqua,MODIS,56,61.03,302.4,10.8,D,0
29.1023,81.5118,317.6,1.4,1.2,2026-04-22,951,Aqua,MODIS,62,61.03,302.3,11.4,D,0
29.1064,80.6116,314.4,1.2,1.1,2026-04-22,951,Aqua,MODIS,33,61.03,302.2,6.3,D,0
29.1181,79.9768,319.8,1.1,1.1,2026-04-22,951,Aqua,MODIS,62,61.03,303.7,10.4,D,0
29.1182,80.3951,338.6,1.2,1.1,2026-04-22,951,Aqua,MODIS,88,61.03,307.4,39,D,0
29.1196,79.9885,317.7,1.1,1.1,2026-04-22,951,Aqua,MODIS,55,61.03,303.6,7.9,D,0
29.1999,79.8186,325,1.1,1.1,2026-04-22,951,Aqua,MODIS,73,61.03,305.9,16.5,D,0
29.2219,81.6724,316.4,1.4,1.2,2026-04-22,951,Aqua,MODIS,55,61.03,303.4,10.1,D,0
29.2233,81.6843,317.7,1.4,1.2,2026-04-22,951,Aqua,MODIS,42,61.03,302.9,12.9,D,0
29.2476,80.8605,317.3,1.3,1.1,2026-04-22,951,Aqua,MODIS,43,61.03,305.8,6.1,D,0
29.2886,77.0289,327.8,1,1,2026-04-22,951,Aqua,MODIS,68,61.03,312.8,10.1,D,0
29.2895,79.8777,318.7,1.1,1.1,2026-04-22,951,Aqua,MODIS,46,61.03,305.2,9.5,D,0
29.295,80.8429,327.6,1.3,1.1,2026-04-22,951,Aqua,MODIS,73,61.03,311.4,17.1,D,0
29.2966,80.8552,330.6,1.3,1.1,2026-04-22,951,Aqua,MODIS,82,61.03,310.9,21.7,D,0
29.2987,79.8759,332,1.1,1.1,2026-04-22,951,Aqua,MODIS,82,61.03,305.2,27,D,0
29.2991,80.8479,327.1,1.3,1.1,2026-04-22,951,Aqua,MODIS,38,61.03,311.2,15.3,D,0
29.3383,81.0937,318.7,1.3,1.1,2026-04-22,951,Aqua,MODIS,60,61.03,298.6,17.9,D,0
29.3398,81.1064,312.6,1.3,1.1,2026-04-22,951,Aqua,MODIS,19,61.03,297.3,10.8,D,0
29.3511,79.8438,315.2,1.1,1.1,2026-04-22,951,Aqua,MODIS,25,61.03,303.7,6.5,D,0
29.3601,73.8017,332.1,1.3,1.1,2026-04-22,951,Aqua,MODIS,74,61.03,315.1,18.1,D,0
29.3621,79.5075,320.5,1.1,1,2026-04-22,951,Aqua,MODIS,60,61.03,305.2,11.3,D,0
29.3632,73.8078,331.6,1.3,1.1,2026-04-22,951,Aqua,MODIS,74,61.03,315.3,16.5,D,0
29.3698,79.495,318.9,1.1,1,2026-04-22,951,Aqua,MODIS,40,61.03,304.3,9.9,D,0
29.408,80.6692,320.2,1.2,1.1,2026-04-22,951,Aqua,MODIS,68,61.03,306.7,12.5,D,0
29.4632,78.5483,322.7,1,1,2026-04-22,951,Aqua,MODIS,65,61.03,309.6,5.6,D,0
29.4829,78.6921,324.3,1,1,2026-04-22,951,Aqua,MODIS,69,61.03,312.9,8.5,D,0
29.4871,80.8019,322.3,1.3,1.1,2026-04-22,951,Aqua,MODIS,48,61.03,308.2,14.7,D,0
29.4879,78.5963,319.8,1,1,2026-04-22,951,Aqua,MODIS,40,61.03,308.9,4.4,D,0
29.508,77.1373,324.1,1,1,2026-04-22,951,Aqua,MODIS,65,61.03,309.2,7.7,D,0
29.5377,78.6292,323,1,1,2026-04-22,951,Aqua,MODIS,60,61.03,310.4,8.8,D,0
29.5392,78.6395,324,1,1,2026-04-22,951,Aqua,MODIS,64,61.03,310.2,10.1,D,0
29.5811,78.4676,326,1,1,2026-04-22,951,Aqua,MODIS,72,61.03,312.1,9.5,D,0
29.6476,79.9944,322,1.2,1.1,2026-04-22,951,Aqua,MODIS,62,61.03,307.8,9.8,D,0
29.6576,79.2337,321.5,1.1,1,2026-04-22,951,Aqua,MODIS,68,61.03,306.9,11.2,D,0
29.6685,79.9636,322.8,1.1,1.1,2026-04-22,951,Aqua,MODIS,65,61.03,309.3,11.2,D,0
29.7031,80.0118,319.9,1.2,1.1,2026-04-22,951,Aqua,MODIS,57,61.03,302.2,12,D,0
29.721,78.4884,336.1,1,1,2026-04-22,951,Aqua,MODIS,85,61.03,310.8,25.3,D,0
29.7224,78.4987,322,1,1,2026-04-22,951,Aqua,MODIS,65,61.03,308.3,6.7,D,0
29.7524,78.3712,321.3,1,1,2026-04-22,951,Aqua,MODIS,64,61.03,308.3,7.5,D,0
29.7736,79.9119,316.3,1.1,1.1,2026-04-22,951,Aqua,MODIS,50,61.03,304.2,6.1,D,0
29.7806,78.9215,318.4,1.1,1,2026-04-22,951,Aqua,MODIS,58,61.03,301.6,9.5,D,0
29.7814,78.7135,318.6,1,1,2026-04-22,951,Aqua,MODIS,59,61.03,306.2,7.3,D,0
29.7855,79.7835,315.8,1.1,1.1,2026-04-22,951,Aqua,MODIS,53,61.03,304,5.8,D,0
29.8068,79.5326,318.3,1.1,1,2026-04-22,951,Aqua,MODIS,50,61.03,301,11.5,D,0
29.8485,78.8718,318.8,1.1,1,2026-04-22,951,Aqua,MODIS,59,61.03,305.5,9,D,0
29.8541,78.9128,317.7,1.1,1,2026-04-22,951,Aqua,MODIS,58,61.03,303.7,9,D,0
29.8749,79.4148,315.8,1.1,1,2026-04-22,951,Aqua,MODIS,42,61.03,305.3,6.4,D,0
29.8834,80.398,311.8,1.2,1.1,2026-04-22,951,Aqua,MODIS,19,61.03,301.4,7.2,D,0
29.9022,79.41,333.6,1.1,1,2026-04-22,951,Aqua,MODIS,84,61.03,305.8,28.3,D,0
29.9035,79.4206,316.9,1.1,1,2026-04-22,951,Aqua,MODIS,52,61.03,303.1,7.1,D,0
29.9676,79.9147,317.6,1.2,1.1,2026-04-22,951,Aqua,MODIS,62,61.03,304.8,8.7,D,0
30.0009,78.703,317.8,1,1,2026-04-22,951,Aqua,MODIS,60,61.03,306.3,7.7,D,0
30.0797,73.3588,331.4,1.3,1.1,2026-04-22,951,Aqua,MODIS,74,61.03,311.6,24.2,D,0
30.0924,77.2724,328.5,1,1,2026-04-22,951,Aqua,MODIS,77,61.03,310.1,13.4,D,0
30.1678,78.8418,321.5,1.1,1,2026-04-22,951,Aqua,MODIS,67,61.03,302.7,11.7,D,0
30.208,78.8685,319.2,1.1,1,2026-04-22,951,Aqua,MODIS,47,61.03,308.2,8,D,0
30.2697,78.8509,316.1,1.1,1,2026-04-22,951,Aqua,MODIS,43,61.03,305.5,4.9,D,0
30.3191,78.3322,316.8,1,1,2026-04-22,951,Aqua,MODIS,55,61.03,303.1,8.7,D,0
30.3289,78.8827,314.5,1.1,1,2026-04-22,951,Aqua,MODIS,33,61.03,302.6,7.1,D,0
30.3378,78.7344,319.2,1.1,1,2026-04-22,951,Aqua,MODIS,56,61.03,304.6,9.9,D,0
30.369,75.1624,327.4,1.1,1,2026-04-22,951,Aqua,MODIS,65,61.03,314.4,8.8,D,0
30.3798,75.5778,331.5,1.1,1,2026-04-22,951,Aqua,MODIS,75,61.03,313.6,15.1,D,0
30.3815,75.5884,327.5,1.1,1,2026-04-22,951,Aqua,MODIS,67,61.03,314.2,9.8,D,0
30.4246,78.1523,314.6,1,1,2026-04-22,951,Aqua,MODIS,47,61.03,302.3,6.3,D,0
30.6183,77.769,321.6,1,1,2026-04-22,951,Aqua,MODIS,68,61.03,306.5,9.7,D,0
30.3057,73.698,328.1,1.3,1.1,2026-04-22,952,Aqua,MODIS,69,61.03,310.4,16.8,D,0
30.5425,74.2472,325.6,1.2,1.1,2026-04-22,952,Aqua,MODIS,63,61.03,312.4,9.1,D,0
31.0532,75.7258,327.3,1,1,2026-04-22,952,Aqua,MODIS,74,61.03,311.3,11.1,D,0
31.0573,73.3895,321.8,1.3,1.1,2026-04-22,952,Aqua,MODIS,44,61.03,309,10.4,D,0
31.0579,73.3841,321.4,1.3,1.1,2026-04-22,952,Aqua,MODIS,47,61.03,308.5,10.4,D,0
31.062,75.7239,342.5,1,1,2026-04-22,952,Aqua,MODIS,89,61.03,312.2,34.5,D,0
31.1604,73.1484,321.7,1.3,1.1,2026-04-22,952,Aqua,MODIS,57,61.03,308.3,9.6,D,0
31.9162,75.4873,347.3,1,1,2026-04-22,952,Aqua,MODIS,93,61.03,310.8,44.2,D,0
31.9179,75.4978,353.3,1,1,2026-04-22,952,Aqua,MODIS,96,61.03,311,58,D,0
31.9283,75.6798,333,1,1,2026-04-22,952,Aqua,MODIS,84,61.03,313.5,17.7,D,0
31.9371,75.6779,335.2,1,1,2026-04-22,952,Aqua,MODIS,85,61.03,313.4,20.1,D,0
31.997,73.0248,323.1,1.3,1.1,2026-04-22,952,Aqua,MODIS,65,61.03,307.6,13.8,D,0
16.8091,96.094,310,1.2,1.1,2026-04-22,1432,Terra,MODIS,71,61.03,298.4,8.4,N,0
17.1271,96.1955,319.3,1.3,1.1,2026-04-22,1432,Terra,MODIS,98,61.03,298.4,19.1,N,0
17.2131,95.7255,311.1,1.2,1.1,2026-04-22,1432,Terra,MODIS,76,61.03,297.7,9.4,N,0
17.368,94.7662,318.7,1.1,1,2026-04-22,1432,Terra,MODIS,97,61.03,296.3,15.9,N,0
17.507,94.8418,310.2,1.1,1,2026-04-22,1432,Terra,MODIS,71,61.03,296.8,8,N,0
19.6579,94.034,315.1,1.1,1,2026-04-22,1433,Terra,MODIS,89,61.03,295.2,13.2,N,0
19.7411,93.9657,321.8,1.1,1,2026-04-22,1433,Terra,MODIS,100,61.03,293.2,21,N,0
19.7423,93.9756,306.9,1.1,1,2026-04-22,1433,Terra,MODIS,63,61.03,292.3,7.6,N,0
19.8177,96.895,309.8,1.5,1.2,2026-04-22,1433,Terra,MODIS,72,61.03,290.2,17.5,N,0
19.8194,96.9102,307.4,1.5,1.2,2026-04-22,1433,Terra,MODIS,62,61.03,291.5,14.1,N,0
19.9368,93.4163,306.4,1,1,2026-04-22,1433,Terra,MODIS,68,61.03,295.5,4.7,N,0
20.121,93.3471,308.7,1,1,2026-04-22,1433,Terra,MODIS,74,61.03,295.4,6.4,N,0
20.6142,92.8304,316.4,1,1,2026-04-22,1433,Terra,MODIS,93,61.03,295.1,11.7,N,0
20.6155,92.8398,306.4,1,1,2026-04-22,1433,Terra,MODIS,67,61.03,295,4.2,N,0
20.623,92.829,306.3,1,1,2026-04-22,1433,Terra,MODIS,66,61.03,295,4,N,0
21.4423,92.9558,308.3,1,1,2026-04-22,1433,Terra,MODIS,26,61.03,295.7,5.3,N,0
21.4436,92.9653,312.5,1,1,2026-04-22,1433,Terra,MODIS,69,61.03,296.1,8.6,N,0
21.4511,92.9545,327.6,1,1,2026-04-22,1433,Terra,MODIS,100,61.03,295.8,22.5,N,0
21.4524,92.964,346.8,1,1,2026-04-22,1433,Terra,MODIS,100,61.03,296.8,53.5,N,0
21.6012,92.9149,309.3,1,1,2026-04-22,1433,Terra,MODIS,74,61.03,295.5,6.4,N,0
21.9556,93.7217,312.9,1.1,1,2026-04-22,1433,Terra,MODIS,86,61.03,298.2,9.6,N,0
22.5756,92.7549,314.8,1,1,2026-04-22,1434,Terra,MODIS,89,61.03,297.1,10.8,N,0
23.1518,91.7579,307.2,1,1,2026-04-22,1434,Terra,MODIS,63,61.03,296.7,5.3,N,0
23.4314,93.9812,311.5,1.1,1.1,2026-04-22,1434,Terra,MODIS,82,61.03,299.4,7.6,N,0
23.4486,93.9669,309.9,1.1,1.1,2026-04-22,1434,Terra,MODIS,77,61.03,299.3,6.5,N,0
23.5504,94.0465,308.8,1.1,1.1,2026-04-22,1434,Terra,MODIS,73,61.03,297.3,7.4,N,0
23.5853,94.2536,316.5,1.2,1.1,2026-04-22,1434,Terra,MODIS,93,61.03,299,14.2,N,0
23.6695,94.27,309.7,1.2,1.1,2026-04-22,1434,Terra,MODIS,48,61.03,298.3,5.7,N,0
23.6771,86.0866,311.6,1.8,1.3,2026-04-22,1434,Terra,MODIS,80,61.03,299.9,17.3,N,2
23.7657,86.4012,314.8,1.7,1.3,2026-04-22,1434,Terra,MODIS,26,61.03,302.7,16.6,N,2
23.8068,94.2052,306.7,1.2,1.1,2026-04-22,1434,Terra,MODIS,67,61.03,296.2,6.8,N,0
23.8439,96.4025,304.8,1.6,1.2,2026-04-22,1434,Terra,MODIS,61,61.03,294.7,6.9,N,0
23.8456,96.4178,310.1,1.6,1.2,2026-04-22,1434,Terra,MODIS,79,61.03,294.8,13.8,N,0
23.9328,94.3293,312.7,1.2,1.1,2026-04-22,1434,Terra,MODIS,85,61.03,299.6,9.8,N,0
23.9369,94.3638,314.3,1.2,1.1,2026-04-22,1434,Terra,MODIS,89,61.03,299.8,10.9,N,0
23.9478,94.3741,311.8,1.2,1.1,2026-04-22,1434,Terra,MODIS,83,61.03,299.7,8.5,N,0
24.0182,94.441,311.6,1.2,1.1,2026-04-22,1434,Terra,MODIS,83,61.03,300.2,8.4,N,0
24.1353,96.4572,309.3,1.6,1.3,2026-04-22,1434,Terra,MODIS,77,61.03,295.7,13.9,N,0
24.1381,96.4661,308,1.6,1.3,2026-04-22,1434,Terra,MODIS,73,61.03,295.6,11.5,N,0
24.1571,94.5084,309.1,1.2,1.1,2026-04-22,1434,Terra,MODIS,38,61.03,298.5,6.1,N,0
24.2232,94.4574,312.3,1.2,1.1,2026-04-22,1434,Terra,MODIS,83,61.03,298.6,10.4,N,0
24.3835,96.7485,305.5,1.7,1.3,2026-04-22,1434,Terra,MODIS,64,61.03,294.8,9.5,N,0
24.4078,96.3385,305.4,1.6,1.3,2026-04-22,1434,Terra,MODIS,44,61.03,294.7,9.7,N,0
24.4158,96.7279,312.6,1.7,1.3,2026-04-22,1434,Terra,MODIS,85,61.03,295,20.9,N,0
24.4341,96.7926,306.7,1.7,1.3,2026-04-22,1434,Terra,MODIS,69,61.03,294.5,12.6,N,0
24.4358,96.8088,305.8,1.7,1.3,2026-04-22,1434,Terra,MODIS,66,61.03,294.5,11.5,N,0
24.5564,95.8868,311.3,1.5,1.2,2026-04-22,1434,Terra,MODIS,82,61.03,297.5,14.9,N,0
24.8822,95.6672,308.6,1.5,1.2,2026-04-22,1434,Terra,MODIS,66,61.03,297.8,9,N,0
25.4297,93.8738,314.9,1.2,1.1,2026-04-22,1434,Terra,MODIS,90,61.03,284.4,21.3,N,0
25.4309,93.8843,323.4,1.2,1.1,2026-04-22,1434,Terra,MODIS,100,61.03,285.1,31.3,N,0
24.734,86.0991,312.3,1.7,1.3,2026-04-22,1435,Terra,MODIS,80,61.03,298.8,15.7,N,0
25.0337,84.1254,309.1,2.3,1.5,2026-04-22,1435,Terra,MODIS,71,61.03,295.9,22.4,N,0
25.0341,84.1308,309.4,2.3,1.5,2026-04-22,1435,Terra,MODIS,65,61.03,296,21.1,N,0
25.0921,84.0144,308,2.3,1.5,2026-04-22,1435,Terra,MODIS,68,61.03,296.7,19.5,N,0
25.1257,84.1198,310.4,2.3,1.5,2026-04-22,1435,Terra,MODIS,76,61.03,296.8,25.7,N,0
25.126,84.1262,311.5,2.3,1.5,2026-04-22,1435,Terra,MODIS,79,61.03,296.8,27.7,N,0
25.1973,83.5994,308.1,2.5,1.5,2026-04-22,1435,Terra,MODIS,68,61.03,296.8,20.5,N,0
25.339,83.9159,308.8,2.3,1.5,2026-04-22,1435,Terra,MODIS,71,61.03,296.2,20.3,N,0
25.4192,83.9883,307.1,2.3,1.5,2026-04-22,1435,Terra,MODIS,55,61.03,296.2,13.7,N,0
25.4689,84.0376,307.2,2.3,1.5,2026-04-22,1435,Terra,MODIS,55,61.03,296.5,14.7,N,0
27.2568,86.3982,301.7,1.4,1.2,2026-04-22,1435,Terra,MODIS,39,61.03,290.7,6.1,N,0
27.3339,84.3469,309.2,2,1.4,2026-04-22,1435,Terra,MODIS,56,61.03,297.2,15.8,N,0
28.1486,81.955,308.1,2.8,1.6,2026-04-22,1436,Terra,MODIS,73,61.03,296.8,20.6,N,0
28.6236,81.9636,304.6,2.7,1.6,2026-04-22,1436,Terra,MODIS,61,61.03,293.7,21.2,N,0
28.9374,79.9203,305.7,3.7,1.8,2026-04-22,1436,Terra,MODIS,65,61.03,295.5,34.1,N,0
28.9451,79.9558,309.6,3.7,1.8,2026-04-22,1436,Terra,MODIS,78,61.03,295.8,49.4,N,0
28.955,79.9464,316.5,3.7,1.8,2026-04-22,1436,Terra,MODIS,93,61.03,295.7,88.2,N,0
15.0067,78.7584,313.6,4.2,1.9,2026-04-22,1610,Terra,MODIS,86,61.03,293.4,78.4,N,0
15.0174,78.7632,317.9,4.2,1.9,2026-04-22,1610,Terra,MODIS,94,61.03,293,111.5,N,0
19.4519,74.0544,308.2,2.1,1.4,2026-04-22,1611,Terra,MODIS,74,61.03,294.9,16.3,N,0
22.9287,70.1013,326.8,1.2,1.1,2026-04-22,1612,Terra,MODIS,100,61.03,299.5,29.2,N,0
22.9301,70.113,317.9,1.2,1.1,2026-04-22,1612,Terra,MODIS,95,61.03,298.5,16.9,N,0
23.6795,77.6736,304.4,4.4,1.9,2026-04-22,1612,Terra,MODIS,53,61.03,292.6,42.5,N,0
23.6835,77.6681,303.6,4.4,1.9,2026-04-22,1612,Terra,MODIS,47,61.03,292.6,38.7,N,0
24.5989,74.4255,307.9,2.6,1.5,2026-04-22,1613,Terra,MODIS,70,61.03,295.4,24.8,N,0
25.1165,76.0855,317.7,3.5,1.8,2026-04-22,1613,Terra,MODIS,95,61.03,295.7,89.1,N,0
25.119,76.1194,312.4,3.5,1.8,2026-04-22,1613,Terra,MODIS,84,61.03,295.2,62,N,0
25.1202,76.0921,323.9,3.5,1.8,2026-04-22,1613,Terra,MODIS,100,61.03,296,126.5,N,0
25.123,76.126,305.4,3.5,1.8,2026-04-22,1613,Terra,MODIS,61,61.03,294.8,31.9,N,0
25.417,76.2833,310.8,3.6,1.8,2026-04-22,1613,Terra,MODIS,80,61.03,292.7,62.8,N,0
27.7616,86.2114,301,1,1,2026-04-22,2154,Aqua,MODIS,36,61.03,288.3,5.5,N,0
28.0772,82.0132,308.2,1.4,1.2,2026-04-22,2154,Aqua,MODIS,63,61.03,297.5,9.5,N,0
28.0788,81.9996,309.1,1.4,1.2,2026-04-22,2154,Aqua,MODIS,62,61.03,297.1,10.9,N,0
28.0988,82.0049,311.4,1.4,1.2,2026-04-22,2154,Aqua,MODIS,10,61.03,298.2,11.6,N,0
28.1356,81.9562,308,1.4,1.2,2026-04-22,2154,Aqua,MODIS,12,61.03,297.4,8.1,N,0
28.1551,81.9642,309.1,1.4,1.2,2026-04-22,2154,Aqua,MODIS,34,61.03,296.5,10.1,N,0
28.5597,81.9956,307.9,1.4,1.2,2026-04-22,2154,Aqua,MODIS,73,61.03,292.8,13.5,N,0
28.5611,81.9835,315.3,1.4,1.2,2026-04-22,2154,Aqua,MODIS,91,61.03,292.3,22.5,N,0
28.7014,81.6568,303.4,1.5,1.2,2026-04-22,2154,Aqua,MODIS,55,61.03,290.6,11.1,N,0
23.6781,86.3998,309.8,1.1,1,2026-04-22,2155,Aqua,MODIS,78,61.03,298.7,9,N,2
23.7365,86.4381,311.5,1.1,1,2026-04-22,2155,Aqua,MODIS,72,61.03,299.2,8.5,N,2
23.7609,86.4014,309.1,1.1,1,2026-04-22,2155,Aqua,MODIS,19,61.03,298.9,6.3,N,2
23.7698,86.4031,311.4,1.1,1,2026-04-22,2155,Aqua,MODIS,28,61.03,300.8,7.6,N,2
23.7824,86.2111,310.2,1,1,2026-04-22,2155,Aqua,MODIS,79,61.03,297.6,9.2,N,2
24.6802,80.6843,302.6,1.5,1.2,2026-04-22,2155,Aqua,MODIS,50,61.03,290.7,9.7,N,0
25.0682,84.1436,304.2,1,1,2026-04-22,2155,Aqua,MODIS,59,61.03,293.8,5.3,N,0
27.3311,84.3503,308.5,1,1,2026-04-22,2155,Aqua,MODIS,75,61.03,297.8,6.3,N,0
27.4532,82.6021,304.3,1.2,1.1,2026-04-22,2155,Aqua,MODIS,59,61.03,293.2,8.4,N,0
27.9305,82.9302,305.5,1.2,1.1,2026-04-22,2155,Aqua,MODIS,35,61.03,293.5,6.9,N,0
20.3957,83.9606,307.7,1,1,2026-04-22,2156,Aqua,MODIS,70,61.03,297.2,6.5,N,0
20.868,84.9906,308.3,1,1,2026-04-22,2156,Aqua,MODIS,71,61.03,296.3,6.5,N,2
20.9578,85.0122,308.8,1,1,2026-04-22,2156,Aqua,MODIS,72,61.03,298.5,6.7,N,0
20.9671,85.1954,308.4,1,1,2026-04-22,2156,Aqua,MODIS,68,61.03,298.4,6.2,N,2
20.9686,85.1859,311.4,1,1,2026-04-22,2156,Aqua,MODIS,69,61.03,298.3,7.9,N,2
20.9701,85.1764,319.5,1,1,2026-04-22,2156,Aqua,MODIS,99,61.03,299.8,14.5,N,2
21.0509,84.0534,311.1,1,1,2026-04-22,2156,Aqua,MODIS,81,61.03,300,7.8,N,0
21.0611,84.7667,313.5,1,1,2026-04-22,2156,Aqua,MODIS,86,61.03,298.8,10,N,0
21.0625,84.7574,312.2,1,1,2026-04-22,2156,Aqua,MODIS,83,61.03,298.2,8.9,N,0
21.7461,83.8506,310.1,1,1,2026-04-22,2156,Aqua,MODIS,48,61.03,298.1,7,N,2
21.7475,83.8412,313.7,1,1,2026-04-22,2156,Aqua,MODIS,88,61.03,297.9,9.5,N,2
21.921,83.3515,308.4,1,1,2026-04-22,2156,Aqua,MODIS,74,61.03,296.7,7.4,N,2
22.0413,83.7346,310.3,1,1,2026-04-22,2156,Aqua,MODIS,80,61.03,298.7,8.7,N,2
22.2597,82.3912,305.8,1.1,1.1,2026-04-22,2156,Aqua,MODIS,59,61.03,289.4,7,N,0
22.3347,82.5778,302.3,1.1,1,2026-04-22,2156,Aqua,MODIS,32,61.03,290.6,4.1,N,2
22.6426,82.3589,300.5,1.1,1.1,2026-04-22,2156,Aqua,MODIS,13,61.03,286.7,4.3,N,0
22.6518,82.3605,301.5,1.1,1.1,2026-04-22,2156,Aqua,MODIS,29,61.03,286.7,4.8,N,0
23.0031,83.6641,300.2,1,1,2026-04-22,2156,Aqua,MODIS,20,61.03,289.4,3.9,N,0
23.5156,83.5617,301.4,1,1,2026-04-22,2156,Aqua,MODIS,27,61.03,290.5,3.9,N,0
23.517,83.5518,302,1,1,2026-04-22,2156,Aqua,MODIS,32,61.03,291.4,4.4,N,0
23.5771,77.5991,306.4,2.4,1.5,2026-04-22,2156,Aqua,MODIS,49,61.03,293.9,21.1,N,0
23.6049,82.4592,302.4,1.1,1.1,2026-04-22,2156,Aqua,MODIS,38,61.03,291.7,4.9,N,0
23.6802,86.0887,307.8,1,1,2026-04-22,2156,Aqua,MODIS,73,61.03,294.7,7.5,N,2
23.6862,79.7936,305.5,1.6,1.3,2026-04-22,2156,Aqua,MODIS,65,61.03,295.5,10.5,N,0
23.6973,79.7946,310.2,1.6,1.3,2026-04-22,2156,Aqua,MODIS,79,61.03,296.6,16.9,N,0
23.725,77.6748,300.4,2.4,1.5,2026-04-22,2156,Aqua,MODIS,6,61.03,289.2,12.4,N,0
23.738,77.6765,300.9,2.4,1.5,2026-04-22,2156,Aqua,MODIS,21,61.03,289.7,13.7,N,0
23.8123,78.9039,309.1,1.9,1.4,2026-04-22,2156,Aqua,MODIS,76,61.03,290.1,24.5,N,0
23.8293,84.5789,303.3,1,1,2026-04-22,2156,Aqua,MODIS,54,61.03,292.6,5.3,N,0
23.881,77.9286,305.8,2.3,1.5,2026-04-22,2156,Aqua,MODIS,66,61.03,292.4,20.6,N,0
23.925,77.7567,305.8,2.3,1.5,2026-04-22,2156,Aqua,MODIS,66,61.03,293.6,21,N,0
23.9274,77.7344,308.8,2.4,1.5,2026-04-22,2156,Aqua,MODIS,76,61.03,293.2,27.9,N,0
24.0009,77.2295,302.9,2.6,1.5,2026-04-22,2156,Aqua,MODIS,52,61.03,290.7,21.2,N,0
24.1359,82.6226,302.2,1.1,1.1,2026-04-22,2156,Aqua,MODIS,31,61.03,290.6,5.1,N,2
24.1622,82.6379,301,1.1,1.1,2026-04-22,2156,Aqua,MODIS,34,61.03,286.9,4.4,N,2
24.1637,82.6272,301.5,1.1,1.1,2026-04-22,2156,Aqua,MODIS,42,61.03,287,5,N,0
24.3331,81.338,307.1,1.3,1.1,2026-04-22,2156,Aqua,MODIS,22,61.03,297,9.1,N,0
24.3347,81.3256,309.9,1.3,1.1,2026-04-22,2156,Aqua,MODIS,69,61.03,297.8,11.5,N,0
24.7552,76.2279,310.2,3.1,1.7,2026-04-22,2156,Aqua,MODIS,79,61.03,292.1,51,N,0
24.7574,76.2331,312.8,3.1,1.7,2026-04-22,2156,Aqua,MODIS,86,61.03,292,61.8,N,0
17.6616,81.4738,306.6,1.1,1,2026-04-22,2157,Aqua,MODIS,45,61.03,295.2,5.5,N,0
19.0948,82.1752,306.3,1.1,1,2026-04-22,2157,Aqua,MODIS,68,61.03,293.3,7.7,N,2
19.0962,82.1655,302.9,1.1,1,2026-04-22,2157,Aqua,MODIS,52,61.03,292.7,5.5,N,2
14.6316,78.9301,307.8,1.4,1.2,2026-04-22,2158,Aqua,MODIS,69,61.03,297.1,9.2,N,0
15.0328,78.7639,307.1,1.5,1.2,2026-04-22,2158,Aqua,MODIS,39,61.03,296.2,8.4,N,0
10.3159,77.4228,301,1.6,1.2,2026-04-22,2159,Aqua,MODIS,29,61.03,288.1,9.9,N,0
11.4911,76.8076,312.4,1.8,1.3,2026-04-22,2159,Aqua,MODIS,85,61.03,288.7,30.2,N,0
11.4932,76.7922,301.1,1.8,1.3,2026-04-22,2159,Aqua,MODIS,38,61.03,287.7,12.8,N,0
23.9084,96.4997,315.2,1,1,2026-04-23,240,Terra,MODIS,67,61.03,300.3,5.5,D,0
23.9292,96.4148,319,1,1,2026-04-23,240,Terra,MODIS,73,61.03,303.7,6.6,D,0
24.1834,96.9122,310.9,1,1,2026-04-23,240,Terra,MODIS,51,61.03,298.1,4.5,D,0
24.3958,96.5705,314.3,1,1,2026-04-23,240,Terra,MODIS,61,61.03,298.2,7.2,D,0
24.4452,96.8111,312.3,1,1,2026-04-23,240,Terra,MODIS,63,61.03,296,7.5,D,0
24.45,96.2598,308,1,1,2026-04-23,240,Terra,MODIS,32,61.03,295.6,3.9,D,0
24.5323,94.8056,326.7,1.1,1.1,2026-04-23,240,Terra,MODIS,81,61.03,299.5,20.6,D,0
25.9438,95.1997,308.1,1.1,1.1,2026-04-23,240,Terra,MODIS,52,61.03,296,5.8,D,0
26.0872,95.7229,375.8,1.1,1,2026-04-23,240,Terra,MODIS,100,61.03,300.2,143.9,D,0
26.0886,95.7125,339.2,1.1,1,2026-04-23,240,Terra,MODIS,91,61.03,297.1,39.8,D,0
20.5339,94.2024,321.7,1.1,1,2026-04-23,241,Terra,MODIS,66,61.03,307.5,10.2,D,0
20.6011,94.2497,320.4,1.1,1,2026-04-23,241,Terra,MODIS,53,61.03,305.3,6.4,D,0
20.6119,94.1675,324.3,1.1,1,2026-04-23,241,Terra,MODIS,50,61.03,308,9.6,D,0
20.6132,94.1573,328.5,1.1,1,2026-04-23,241,Terra,MODIS,76,61.03,307.8,16,D,0
20.6145,94.1471,325,1.1,1,2026-04-23,241,Terra,MODIS,52,61.03,306.9,12.2,D,0
20.7995,96.1675,321.4,1,1,2026-04-23,241,Terra,MODIS,65,61.03,304.2,5.8,D,0
21.1854,95.5846,328.9,1,1,2026-04-23,241,Terra,MODIS,77,61.03,308.7,12.7,D,0
21.7082,93.7317,319.8,1.2,1.1,2026-04-23,241,Terra,MODIS,66,61.03,303.9,12.2,D,0
21.749,93.7543,320,1.2,1.1,2026-04-23,241,Terra,MODIS,67,61.03,305.1,11.6,D,0
21.7719,93.8028,317.6,1.2,1.1,2026-04-23,241,Terra,MODIS,61,61.03,302.5,9.2,D,0
21.8749,93.7904,314.5,1.2,1.1,2026-04-23,241,Terra,MODIS,46,61.03,302,8.1,D,0
22.7287,95.8914,320.4,1,1,2026-04-23,241,Terra,MODIS,63,61.03,302.1,7.3,D,0
22.9101,93.9412,316.7,1.2,1.1,2026-04-23,241,Terra,MODIS,61,61.03,302.1,8.7,D,0
22.9725,93.2493,313.9,1.3,1.1,2026-04-23,241,Terra,MODIS,52,61.03,300.7,11.1,D,0
23.0498,93.9478,312.6,1.2,1.1,2026-04-23,241,Terra,MODIS,43,61.03,298.2,8.4,D,0
23.2176,96.2899,313.5,1,1,2026-04-23,241,Terra,MODIS,57,61.03,299.7,5.3,D,0
23.4411,94.2604,313.8,1.2,1.1,2026-04-23,241,Terra,MODIS,35,61.03,300.1,5.6,D,0
23.4548,95.5068,319.8,1,1,2026-04-23,241,Terra,MODIS,65,61.03,304.2,6.1,D,0
23.4562,95.4969,337.9,1,1,2026-04-23,241,Terra,MODIS,88,61.03,304.2,31.2,D,0
23.5588,94.0528,320.3,1.2,1.1,2026-04-23,241,Terra,MODIS,66,61.03,306,9.6,D,0
23.6134,94.0051,311.8,1.2,1.1,2026-04-23,241,Terra,MODIS,53,61.03,300.3,6.7,D,0
23.6269,95.8676,315.5,1,1,2026-04-23,241,Terra,MODIS,63,61.03,302.3,5.2,D,0
23.6684,96.2361,324.5,1,1,2026-04-23,241,Terra,MODIS,79,61.03,301.9,14.2,D,0
23.7938,96.3375,335.9,1,1,2026-04-23,241,Terra,MODIS,88,61.03,301.3,28.1,D,0
23.9002,96.4298,316.6,1,1,2026-04-23,241,Terra,MODIS,66,61.03,301.2,5.2,D,0
23.9015,96.4202,320,1,1,2026-04-23,241,Terra,MODIS,74,61.03,302.2,8.2,D,0
24.0155,94.459,312.9,1.2,1.1,2026-04-23,241,Terra,MODIS,63,61.03,299.4,6.5,D,0
16.6432,95.4743,317.8,1,1,2026-04-23,242,Terra,MODIS,25,61.03,302.9,5.1,D,0
16.9134,95.127,323.1,1,1,2026-04-23,242,Terra,MODIS,67,61.03,303.1,9.3,D,0
16.9137,95.3134,321,1,1,2026-04-23,242,Terra,MODIS,68,61.03,303.4,8.7,D,0
16.9941,94.8271,319,1,1,2026-04-23,242,Terra,MODIS,54,61.03,302.9,6.6,D,0
17.0826,95.1088,320.9,1,1,2026-04-23,242,Terra,MODIS,67,61.03,303.2,7.4,D,0
17.1546,95.1256,328.9,1,1,2026-04-23,242,Terra,MODIS,79,61.03,305,15,D,0
17.2293,95.5632,318.5,1,1,2026-04-23,242,Terra,MODIS,44,61.03,304,4.5,D,0
17.2306,95.5541,318.1,1,1,2026-04-23,242,Terra,MODIS,45,61.03,303.6,4.2,D,0
17.2517,95.0905,322,1,1,2026-04-23,242,Terra,MODIS,68,61.03,306.2,8.7,D,0
17.3994,95.6016,318.8,1,1,2026-04-23,242,Terra,MODIS,61,61.03,303,7.2,D,0
17.5362,96.6257,313.7,1,1,2026-04-23,242,Terra,MODIS,39,61.03,299.3,6,D,0
17.5376,96.6162,316,1,1,2026-04-23,242,Terra,MODIS,57,61.03,299.4,8,D,0
17.5754,94.885,316.2,1,1,2026-04-23,242,Terra,MODIS,48,61.03,302.3,6,D,0
18.8622,94.9164,319.6,1,1,2026-04-23,242,Terra,MODIS,66,61.03,304.4,6.9,D,0
18.9113,95.4815,328.9,1,1,2026-04-23,242,Terra,MODIS,80,61.03,305.2,13.6,D,0
18.9126,95.4723,322.6,1,1,2026-04-23,242,Terra,MODIS,47,61.03,304.4,7,D,0
19.2842,94.0481,315.1,1.1,1,2026-04-23,242,Terra,MODIS,0,61.03,298.1,6.5,D,0
19.3008,96.7604,312,1,1,2026-04-23,242,Terra,MODIS,42,61.03,296.4,6.9,D,0
19.3316,95.7092,320.2,1,1,2026-04-23,242,Terra,MODIS,62,61.03,303,6.7,D,0
19.4943,96.6252,315.3,1,1,2026-04-23,242,Terra,MODIS,57,61.03,300.7,8.8,D,0
19.5358,94.9744,322.2,1,1,2026-04-23,242,Terra,MODIS,69,61.03,303.6,7.8,D,0
19.8053,96.9008,311.5,1,1,2026-04-23,242,Terra,MODIS,29,61.03,295.3,6.2,D,0
28.6197,80.3686,325,2.1,1.4,2026-04-23,417,Terra,MODIS,79,61.03,304.8,42.5,D,0
28.6219,80.3747,318.1,2.1,1.4,2026-04-23,417,Terra,MODIS,71,61.03,304.5,21.2,D,0
28.9939,79.9361,318,2,1.4,2026-04-23,417,Terra,MODIS,71,61.03,304.7,15.5,D,0
29.1104,80.3923,309.6,2.1,1.4,2026-04-23,417,Terra,MODIS,62,61.03,298.2,11.4,D,0
29.1326,80.6064,306.7,2.2,1.4,2026-04-23,417,Terra,MODIS,56,61.03,296.5,13,D,0
29.2677,76.5024,322.2,1.2,1.1,2026-04-23,417,Terra,MODIS,57,61.03,308.5,8.2,D,0
29.5161,77.1753,321.8,1.3,1.1,2026-04-23,417,Terra,MODIS,55,61.03,308.1,10.1,D,0
29.6109,74.9286,322.1,1,1,2026-04-23,417,Terra,MODIS,44,61.03,307.2,6.6,D,0
29.637,74.817,324.2,1,1,2026-04-23,417,Terra,MODIS,58,61.03,309.1,7.8,D,0
29.638,74.8702,329.3,1,1,2026-04-23,417,Terra,MODIS,72,61.03,307.9,14.8,D,0
29.6663,76.4542,323.4,1.2,1.1,2026-04-23,417,Terra,MODIS,59,61.03,309,9,D,0
29.6861,74.4903,326.2,1,1,2026-04-23,417,Terra,MODIS,66,61.03,308.8,9.6,D,0
29.7086,74.9543,323.3,1,1,2026-04-23,417,Terra,MODIS,52,61.03,308.8,6.8,D,0
29.7102,74.9439,322.5,1,1,2026-04-23,417,Terra,MODIS,44,61.03,308.1,5.7,D,0
29.7395,74.251,326.7,1,1,2026-04-23,417,Terra,MODIS,68,61.03,311.4,7.9,D,0
29.8382,75.0778,324.7,1,1,2026-04-23,417,Terra,MODIS,59,61.03,310.3,7.4,D,0
29.8677,73.0977,321.8,1,1,2026-04-23,417,Terra,MODIS,46,61.03,307,6.9,D,0
29.885,74.4574,326.4,1,1,2026-04-23,417,Terra,MODIS,66,61.03,310.1,8.7,D,0
29.9027,72.7064,322.4,1,1,2026-04-23,417,Terra,MODIS,62,61.03,303.2,10.6,D,0
30.0005,73.3413,322.4,1,1,2026-04-23,417,Terra,MODIS,60,61.03,307.2,6.7,D,0
30.017,75.2984,326.3,1.1,1,2026-04-23,417,Terra,MODIS,66,61.03,309.8,10.2,D,0
30.0362,78.8175,313.9,1.6,1.2,2026-04-23,417,Terra,MODIS,65,61.03,298.8,13.8,D,0
30.0693,73.3641,326.6,1,1,2026-04-23,417,Terra,MODIS,71,61.03,305.6,12.9,D,0
30.0988,75.7798,330.5,1.1,1,2026-04-23,417,Terra,MODIS,76,61.03,308.3,17.7,D,0
30.103,74.3554,322.8,1,1,2026-04-23,417,Terra,MODIS,58,61.03,309.3,6.5,D,0
30.1449,75.3084,344.2,1,1,2026-04-23,417,Terra,MODIS,90,61.03,312,36.7,D,0
30.1571,75.2892,325.2,1,1,2026-04-23,417,Terra,MODIS,63,61.03,310.2,8.3,D,0
30.1587,71.947,321.4,1.1,1,2026-04-23,417,Terra,MODIS,62,61.03,302.4,8.1,D,0
30.1719,79.3568,306.9,1.7,1.3,2026-04-23,417,Terra,MODIS,60,61.03,295.1,9.7,D,0
30.1828,73.6146,327.1,1,1,2026-04-23,417,Terra,MODIS,72,61.03,307,12.4,D,0
30.2045,75.4031,326.1,1.1,1,2026-04-23,417,Terra,MODIS,67,61.03,309.9,10.2,D,0
30.2591,75.047,325,1,1,2026-04-23,417,Terra,MODIS,63,61.03,309,9.5,D,0
30.2623,78.9881,307.2,1.6,1.2,2026-04-23,417,Terra,MODIS,49,61.03,295.1,9,D,0
30.2626,75.388,323.1,1.1,1,2026-04-23,417,Terra,MODIS,58,61.03,308.7,6.4,D,0
30.2738,73.8137,323.7,1,1,2026-04-23,417,Terra,MODIS,65,61.03,308.3,8,D,0
30.2931,73.8854,324.3,1,1,2026-04-23,417,Terra,MODIS,67,61.03,309.2,7.6,D,0
30.3267,73.9642,347.9,1,1,2026-04-23,417,Terra,MODIS,93,61.03,310.7,43.2,D,0
30.335,79.162,312.7,1.6,1.3,2026-04-23,417,Terra,MODIS,71,61.03,296.1,16.5,D,0
30.3895,74.1691,323.6,1,1,2026-04-23,417,Terra,MODIS,65,61.03,309,8.2,D,0
30.3977,75.4109,326.3,1.1,1,2026-04-23,417,Terra,MODIS,69,61.03,308.4,11.2,D,0
30.5486,70.7953,325.5,1.2,1.1,2026-04-23,417,Terra,MODIS,64,61.03,303.9,17.2,D,0
30.562,75.0615,328,1,1,2026-04-23,417,Terra,MODIS,73,61.03,308.6,13.4,D,0
30.5864,74.9597,323.8,1,1,2026-04-23,417,Terra,MODIS,65,61.03,307.8,8.7,D,0
30.5901,74.57,323.3,1,1,2026-04-23,417,Terra,MODIS,65,61.03,308.8,6.4,D,0
30.6508,74.9046,321.3,1,1,2026-04-23,417,Terra,MODIS,58,61.03,307.8,5.8,D,0
30.6554,74.1235,321,1,1,2026-04-23,417,Terra,MODIS,28,61.03,307.8,5.9,D,0
30.9145,74.5575,326.7,1,1,2026-04-23,417,Terra,MODIS,74,61.03,307.5,13.1,D,0
30.916,74.5473,336.6,1,1,2026-04-23,417,Terra,MODIS,85,61.03,308.5,26.5,D,0
30.9363,74.8523,325.5,1,1,2026-04-23,417,Terra,MODIS,72,61.03,307.6,10.2,D,0
30.9451,74.854,323.1,1,1,2026-04-23,417,Terra,MODIS,65,61.03,308.4,7.8,D,0
30.9841,70.6517,327.8,1.2,1.1,2026-04-23,417,Terra,MODIS,76,61.03,305,18.6,D,0
31.1257,74.7013,320.4,1,1,2026-04-23,417,Terra,MODIS,36,61.03,307.9,6.1,D,0
31.1691,71.5043,328.7,1.1,1.1,2026-04-23,417,Terra,MODIS,77,61.03,305.7,14.8,D,0
31.483,73.9604,320,1,1,2026-04-23,417,Terra,MODIS,62,61.03,305.8,5.8,D,0
31.6606,75.5709,321.3,1,1,2026-04-23,417,Terra,MODIS,70,61.03,307.1,6.5,D,0
31.6623,75.5603,326.7,1,1,2026-04-23,417,Terra,MODIS,77,61.03,307.4,12.9,D,0
31.7435,72.7876,316.7,1,1,2026-04-23,417,Terra,MODIS,49,61.03,300.7,6.9,D,0
32.467,73.0975,328.9,1,1,2026-04-23,417,Terra,MODIS,80,61.03,302.4,18.8,D,2
32.4684,73.0868,319.7,1,1,2026-04-23,417,Terra,MODIS,68,61.03,301.9,8.2,D,2
32.5219,73.1029,318.3,1,1,2026-04-23,417,Terra,MODIS,65,61.03,301.9,7.2,D,0
24.7717,80.6973,325.9,2.8,1.6,2026-04-23,418,Terra,MODIS,68,61.03,312.4,33,D,0
25.2933,84.2091,324.3,4.8,2,2026-04-23,418,Terra,MODIS,57,61.03,306.4,71.5,D,0
25.294,84.2164,324.4,4.8,2,2026-04-23,418,Terra,MODIS,56,61.03,305.9,72.6,D,0
25.3377,79.1271,343.3,2.1,1.4,2026-04-23,418,Terra,MODIS,89,61.03,312.5,96,D,0
25.3426,79.1429,327.2,2.1,1.4,2026-04-23,418,Terra,MODIS,68,61.03,312.2,27,D,0
25.3462,79.1234,332,2.1,1.4,2026-04-23,418,Terra,MODIS,77,61.03,312.1,43.7,D,0
25.5174,76.4221,331.1,1.3,1.1,2026-04-23,418,Terra,MODIS,63,61.03,316.5,18.1,D,0
25.5512,76.3431,333.6,1.3,1.1,2026-04-23,418,Terra,MODIS,78,61.03,317.5,20.3,D,0
25.6457,78.6092,326.6,1.9,1.3,2026-04-23,418,Terra,MODIS,67,61.03,312,20.3,D,0
25.6621,76.3584,337.8,1.3,1.1,2026-04-23,418,Terra,MODIS,83,61.03,317.9,31.6,D,0
25.854,78.2346,331.2,1.7,1.3,2026-04-23,418,Terra,MODIS,76,61.03,312.9,31.7,D,0
25.9162,78.0839,336.5,1.7,1.3,2026-04-23,418,Terra,MODIS,82,61.03,313.4,45.7,D,0
26.0813,78.7017,326.5,1.8,1.3,2026-04-23,418,Terra,MODIS,68,61.03,312.7,23.9,D,0
26.3588,83.5178,323.2,4,1.9,2026-04-23,418,Terra,MODIS,65,61.03,308.1,55.1,D,0
26.9751,81.2342,318,2.7,1.6,2026-04-23,418,Terra,MODIS,24,61.03,305.6,25.2,D,0
27.6083,77.4586,330.8,1.4,1.2,2026-04-23,418,Terra,MODIS,75,61.03,311.7,24.7,D,0
27.756,69.4067,323.8,1.3,1.1,2026-04-23,418,Terra,MODIS,59,61.03,306.5,11.5,D,0
27.9295,82.862,312.6,3.3,1.7,2026-04-23,418,Terra,MODIS,52,61.03,299,35.6,D,0
27.9309,82.857,313,3.3,1.7,2026-04-23,418,Terra,MODIS,52,61.03,299.1,39,D,0
27.9485,80.1369,321.5,2.1,1.4,2026-04-23,418,Terra,MODIS,65,61.03,305.4,23.9,D,0
28.0018,81.5435,319.2,2.7,1.6,2026-04-23,418,Terra,MODIS,57,61.03,307.2,27,D,0
28.0078,69.1665,320.5,1.4,1.2,2026-04-23,418,Terra,MODIS,44,61.03,301.5,13,D,0
28.0223,69.8313,327.1,1.3,1.1,2026-04-23,418,Terra,MODIS,68,61.03,308.1,15,D,0
28.0238,69.8187,322.4,1.3,1.1,2026-04-23,418,Terra,MODIS,47,61.03,306.4,8,D,0
28.0924,81.9411,318,2.8,1.6,2026-04-23,418,Terra,MODIS,67,61.03,302.8,39.4,D,0
28.1101,77.246,323.6,1.4,1.2,2026-04-23,418,Terra,MODIS,51,61.03,310.8,9.2,D,0
28.1842,69.5793,326.1,1.3,1.1,2026-04-23,418,Terra,MODIS,67,61.03,305.5,17.7,D,0
28.2116,80.1561,319.4,2.1,1.4,2026-04-23,418,Terra,MODIS,65,61.03,305.5,18.3,D,0
28.2717,80.0438,323.6,2.1,1.4,2026-04-23,418,Terra,MODIS,73,61.03,307.7,26.4,D,0
28.2755,80.0238,320.8,2.1,1.4,2026-04-23,418,Terra,MODIS,68,61.03,307.5,18.3,D,0
28.3835,68.0265,323,1.7,1.3,2026-04-23,418,Terra,MODIS,65,61.03,304.6,15.5,D,0
28.6979,79.5276,322.7,1.9,1.3,2026-04-23,418,Terra,MODIS,73,61.03,308.7,20.9,D,0
28.7857,76.4918,324.7,1.2,1.1,2026-04-23,418,Terra,MODIS,64,61.03,307.9,12.6,D,0
28.7877,76.4799,323.2,1.2,1.1,2026-04-23,418,Terra,MODIS,58,61.03,307.6,10.4,D,0
28.8307,76.6379,321.4,1.2,1.1,2026-04-23,418,Terra,MODIS,48,61.03,307.5,8.2,D,0
28.8596,70.1697,341.6,1.2,1.1,2026-04-23,418,Terra,MODIS,88,61.03,305.9,45.7,D,0
28.9035,76.1307,322.1,1.2,1.1,2026-04-23,418,Terra,MODIS,49,61.03,308,8.8,D,0
28.9347,71.0748,322.7,1.1,1.1,2026-04-23,418,Terra,MODIS,52,61.03,305.8,8.4,D,0
28.962,75.9271,327.7,1.1,1.1,2026-04-23,418,Terra,MODIS,70,61.03,308.7,14.6,D,0
29.0634,71.0081,322.4,1.1,1.1,2026-04-23,418,Terra,MODIS,52,61.03,304.6,10,D,0
29.1382,73.4834,326.1,1,1,2026-04-23,418,Terra,MODIS,55,61.03,311.5,8.5,D,0
29.2105,70.4729,321.9,1.2,1.1,2026-04-23,418,Terra,MODIS,55,61.03,303.7,10.7,D,0
29.2614,75.7491,320.3,1.1,1,2026-04-23,418,Terra,MODIS,24,61.03,306.7,7,D,0
29.2992,74.3603,322.2,1,1,2026-04-23,418,Terra,MODIS,46,61.03,307.6,6,D,0
29.3144,74.9907,326.4,1,1,2026-04-23,418,Terra,MODIS,67,61.03,308.8,10.5,D,0
29.349,70.6051,323.2,1.2,1.1,2026-04-23,418,Terra,MODIS,62,61.03,304.7,11.3,D,0
29.3893,71.564,321.6,1.1,1,2026-04-23,418,Terra,MODIS,50,61.03,305,8.6,D,0
29.4169,74.0517,323.4,1,1,2026-04-23,418,Terra,MODIS,53,61.03,309.3,6.8,D,0
29.4189,71.1819,320.2,1.1,1.1,2026-04-23,418,Terra,MODIS,41,61.03,305.4,8,D,0
29.4754,70.3937,327.2,1.2,1.1,2026-04-23,418,Terra,MODIS,73,61.03,305.5,16.8,D,0
29.5333,72.2941,324.8,1,1,2026-04-23,418,Terra,MODIS,66,61.03,307,7.7,D,0
29.5553,71.5585,320.2,1.1,1,2026-04-23,418,Terra,MODIS,44,61.03,304.1,8.6,D,0
29.5716,74.1965,323.3,1,1,2026-04-23,418,Terra,MODIS,57,61.03,308.6,6.3,D,0
29.5922,71.5485,319.5,1.1,1,2026-04-23,418,Terra,MODIS,45,61.03,303.2,6.9,D,0
29.6053,74.0892,324.5,1,1,2026-04-23,418,Terra,MODIS,62,61.03,309.1,7.4,D,0
29.6154,74.0976,327.7,1,1,2026-04-23,418,Terra,MODIS,70,61.03,308.8,10.6,D,0
29.6523,71.5919,322,1.1,1,2026-04-23,418,Terra,MODIS,60,61.03,305.5,9.1,D,0
29.6863,71.473,345.1,1.1,1,2026-04-23,418,Terra,MODIS,91,61.03,306.4,47.1,D,0
29.6872,71.5247,319.8,1.1,1,2026-04-23,418,Terra,MODIS,46,61.03,300.5,7.2,D,0
29.726,70.3292,331.9,1.3,1.1,2026-04-23,418,Terra,MODIS,80,61.03,306.4,23,D,0
29.7709,71.5899,320.3,1.1,1,2026-04-23,418,Terra,MODIS,58,61.03,300.2,8.3,D,0
29.965,70.5494,326.7,1.2,1.1,2026-04-23,418,Terra,MODIS,75,61.03,305.7,16.3,D,0
21.3106,79.3631,336.2,2.6,1.6,2026-04-23,419,Terra,MODIS,84,61.03,312.3,79.9,D,0
21.3169,79.3579,337,2.6,1.6,2026-04-23,419,Terra,MODIS,85,61.03,312.2,81.2,D,0
21.8752,75.714,329,1.4,1.2,2026-04-23,419,Terra,MODIS,73,61.03,312.4,16.9,D,0
21.9444,79.0301,326.1,2.4,1.5,2026-04-23,419,Terra,MODIS,64,61.03,304.8,42.9,D,0
21.9456,79.3672,328.2,2.5,1.5,2026-04-23,419,Terra,MODIS,77,61.03,307.2,49.7,D,0
21.9502,79.3628,326.7,2.5,1.5,2026-04-23,419,Terra,MODIS,76,61.03,307.5,42.6,D,0
21.994,79.1155,337.2,2.4,1.5,2026-04-23,419,Terra,MODIS,86,61.03,308.8,90.8,D,0
21.9968,79.1106,341.7,2.4,1.5,2026-04-23,419,Terra,MODIS,89,61.03,309.1,118.3,D,0
21.9983,79.093,326.5,2.4,1.5,2026-04-23,419,Terra,MODIS,75,61.03,308.8,38.2,D,0
22.1912,79.0549,336,2.4,1.5,2026-04-23,419,Terra,MODIS,85,61.03,307.4,82.2,D,0
22.1932,79.0499,330.9,2.4,1.5,2026-04-23,419,Terra,MODIS,80,61.03,307.6,56.8,D,0
22.1962,79.4403,333.2,2.5,1.5,2026-04-23,419,Terra,MODIS,82,61.03,310.5,61.9,D,0
22.2223,79.5198,325,2.6,1.5,2026-04-23,419,Terra,MODIS,67,61.03,307.4,37.4,D,0
22.3108,79.4169,324.1,2.5,1.5,2026-04-23,419,Terra,MODIS,56,61.03,308.6,28.3,D,0
22.3241,79.8082,324.5,2.7,1.6,2026-04-23,419,Terra,MODIS,59,61.03,301.2,38.9,D,0
22.3313,79.803,328.8,2.7,1.6,2026-04-23,419,Terra,MODIS,77,61.03,302.8,59.9,D,0
22.3528,79.6611,334.2,2.6,1.6,2026-04-23,419,Terra,MODIS,0,61.03,306.7,79.3,D,0
22.3544,79.6801,343,2.6,1.6,2026-04-23,419,Terra,MODIS,78,61.03,306.5,135,D,0
22.3615,79.6885,324.3,2.6,1.6,2026-04-23,419,Terra,MODIS,52,61.03,305.5,33.3,D,0
22.4978,75.4386,325.4,1.3,1.1,2026-04-23,419,Terra,MODIS,64,61.03,311.7,9.5,D,0
22.7347,75.3088,324.4,1.3,1.1,2026-04-23,419,Terra,MODIS,59,61.03,311.2,7,D,0
22.7882,75.4246,333.3,1.3,1.1,2026-04-23,419,Terra,MODIS,78,61.03,313,23.8,D,0
23.1223,75.463,324.5,1.3,1.1,2026-04-23,419,Terra,MODIS,53,61.03,311,9,D,0
23.1439,75.3928,329.2,1.3,1.1,2026-04-23,419,Terra,MODIS,70,61.03,310.1,17.5,D,0
23.2759,76.4551,329.8,1.5,1.2,2026-04-23,419,Terra,MODIS,72,61.03,312.8,23.3,D,0
23.5287,75.553,334,1.3,1.1,2026-04-23,419,Terra,MODIS,78,61.03,315.7,21.9,D,0
23.5597,77.5644,334.5,1.7,1.3,2026-04-23,419,Terra,MODIS,80,61.03,313.3,38.7,D,0
23.5699,77.5723,329.2,1.7,1.3,2026-04-23,419,Terra,MODIS,49,61.03,314.4,20.6,D,0
23.5709,77.5666,331.9,1.7,1.3,2026-04-23,419,Terra,MODIS,76,61.03,313.9,31,D,0
23.6311,77.6871,333.3,1.8,1.3,2026-04-23,419,Terra,MODIS,78,61.03,314.1,34.4,D,0
23.6632,68.7821,324,1.3,1.1,2026-04-23,419,Terra,MODIS,62,61.03,307.1,12.8,D,0
23.7026,75.3773,326.8,1.2,1.1,2026-04-23,419,Terra,MODIS,62,61.03,313.3,11.8,D,0
23.7211,78.2931,325.9,1.9,1.4,2026-04-23,419,Terra,MODIS,66,61.03,312,21.2,D,0
23.7245,76.18,327.4,1.4,1.2,2026-04-23,419,Terra,MODIS,33,61.03,312.9,11.9,D,0
23.7266,76.1669,330.5,1.4,1.2,2026-04-23,419,Terra,MODIS,70,61.03,313.4,17.6,D,0
23.7304,72.1781,322.3,1,1,2026-04-23,419,Terra,MODIS,51,61.03,309.4,5.3,D,0
23.768,79.0007,327.6,2.2,1.4,2026-04-23,419,Terra,MODIS,73,61.03,312.3,29.6,D,0
23.8129,76.3188,327.8,1.4,1.2,2026-04-23,419,Terra,MODIS,63,61.03,313.2,13.8,D,0
23.8423,76.2699,327.8,1.4,1.2,2026-04-23,419,Terra,MODIS,63,61.03,313.9,15,D,0
23.9132,77.7309,335.2,1.7,1.3,2026-04-23,419,Terra,MODIS,79,61.03,313.1,40.6,D,0
24.0881,80.7969,326.9,2.9,1.6,2026-04-23,419,Terra,MODIS,73,61.03,311.5,51.5,D,0
24.1268,77.5693,333.4,1.7,1.3,2026-04-23,419,Terra,MODIS,77,61.03,314.1,36.8,D,0
24.1268,77.575,327.3,1.7,1.3,2026-04-23,419,Terra,MODIS,36,61.03,313.9,16.7,D,0
24.1296,77.5534,327.3,1.7,1.3,2026-04-23,419,Terra,MODIS,65,61.03,314.7,20.2,D,0
24.1297,77.5592,335.9,1.7,1.3,2026-04-23,419,Terra,MODIS,81,61.03,314.7,41.8,D,0
24.1839,79.2466,324.4,2.2,1.4,2026-04-23,419,Terra,MODIS,66,61.03,310.8,22.4,D,0
24.1847,79.2521,326.4,2.2,1.4,2026-04-23,419,Terra,MODIS,71,61.03,310.6,28.5,D,0
24.2124,80.6348,324.8,2.8,1.6,2026-04-23,419,Terra,MODIS,69,61.03,310.6,42.6,D,0
24.323,77.5082,333,1.7,1.3,2026-04-23,419,Terra,MODIS,76,61.03,314.4,33.2,D,0
24.3236,77.5142,328.4,1.7,1.3,2026-04-23,419,Terra,MODIS,57,61.03,314.4,19.4,D,0
24.3239,77.8998,326.3,1.8,1.3,2026-04-23,419,Terra,MODIS,62,61.03,314.2,16.4,D,0
24.3264,77.4987,328.8,1.6,1.3,2026-04-23,419,Terra,MODIS,68,61.03,313.3,20.2,D,0
24.3268,77.8832,327,1.8,1.3,2026-04-23,419,Terra,MODIS,64,61.03,314.3,18.2,D,0
24.4971,77.5734,328.8,1.7,1.3,2026-04-23,419,Terra,MODIS,68,61.03,313.9,22.5,D,0
24.4998,77.5577,331.3,1.7,1.3,2026-04-23,419,Terra,MODIS,73,61.03,314.6,29.2,D,0
24.5006,77.5635,335.3,1.7,1.3,2026-04-23,419,Terra,MODIS,79,61.03,314.3,38.1,D,0
24.5014,80.1486,334,2.5,1.5,2026-04-23,419,Terra,MODIS,81,61.03,311.6,70,D,0
24.5061,80.1248,332.1,2.5,1.5,2026-04-23,419,Terra,MODIS,79,61.03,312,59.6,D,0
24.5066,80.1431,333.5,2.5,1.5,2026-04-23,419,Terra,MODIS,81,61.03,311.9,66,D,0
24.5121,80.3794,329.6,2.6,1.6,2026-04-23,419,Terra,MODIS,76,61.03,311.9,50.3,D,0
24.5345,78.0158,326.6,1.8,1.3,2026-04-23,419,Terra,MODIS,63,61.03,313.8,17.7,D,0
24.5716,78.0061,326.4,1.8,1.3,2026-04-23,419,Terra,MODIS,62,61.03,314.5,17.1,D,0
24.5964,80.4639,331.1,2.7,1.6,2026-04-23,419,Terra,MODIS,77,61.03,310.6,57.5,D,0
24.6035,80.4589,337.8,2.7,1.6,2026-04-23,419,Terra,MODIS,85,61.03,311.7,101.1,D,0
24.61,80.4672,326.2,2.7,1.6,2026-04-23,419,Terra,MODIS,69,61.03,311.1,34.9,D,0
24.7455,76.2302,335.3,1.3,1.1,2026-04-23,419,Terra,MODIS,79,61.03,316.2,28.4,D,0
24.784,76.1852,333.5,1.3,1.1,2026-04-23,419,Terra,MODIS,77,61.03,316.7,23.7,D,0
24.7941,76.9253,330,1.5,1.2,2026-04-23,419,Terra,MODIS,70,61.03,314.5,19.5,D,0
24.8015,76.918,335.5,1.5,1.2,2026-04-23,419,Terra,MODIS,79,61.03,315.5,31.8,D,0
24.8021,73.3755,322.1,1,1,2026-04-23,419,Terra,MODIS,50,61.03,308.6,7.8,D,0
24.8366,75.0274,328.2,1.2,1.1,2026-04-23,419,Terra,MODIS,69,61.03,310.7,14.2,D,0
24.8383,75.0165,323.6,1.2,1.1,2026-04-23,419,Terra,MODIS,46,61.03,310.9,8.4,D,0
24.8426,77.5903,331.8,1.6,1.3,2026-04-23,419,Terra,MODIS,74,61.03,314,30.3,D,0
24.8432,75.0236,332.3,1.2,1.1,2026-04-23,419,Terra,MODIS,76,61.03,311.3,20.9,D,0
24.8589,76.5898,330.9,1.4,1.2,2026-04-23,419,Terra,MODIS,57,61.03,315.3,16.5,D,0
24.8621,76.5846,328.4,1.4,1.2,2026-04-23,419,Terra,MODIS,36,61.03,315.6,13,D,0
25.0222,77.6893,326.8,1.6,1.3,2026-04-23,419,Terra,MODIS,63,61.03,315,16.1,D,0
25.063,76.3659,339.4,1.4,1.2,2026-04-23,419,Terra,MODIS,84,61.03,318.5,34.7,D,0
25.2653,75.6999,325.6,1.2,1.1,2026-04-23,419,Terra,MODIS,53,61.03,314.6,8.9,D,0
25.2736,76.6439,327.6,1.4,1.2,2026-04-23,419,Terra,MODIS,40,61.03,315.6,16.1,D,0
25.3075,75.8869,330.9,1.3,1.1,2026-04-23,419,Terra,MODIS,74,61.03,315.8,17.5,D,0
25.3084,76.1269,332.6,1.3,1.1,2026-04-23,419,Terra,MODIS,76,61.03,317.3,20.6,D,0
25.3086,76.1329,328.1,1.3,1.1,2026-04-23,419,Terra,MODIS,39,61.03,316,13.3,D,0
25.3107,76.1205,328,1.3,1.1,2026-04-23,419,Terra,MODIS,36,61.03,316.6,13.2,D,0
25.3242,73.1062,323.1,1,1,2026-04-23,419,Terra,MODIS,52,61.03,310.4,6.7,D,0
25.3352,72.9527,331.4,1,1,2026-04-23,419,Terra,MODIS,76,61.03,311.3,15.1,D,0
25.3366,72.9431,323.8,1,1,2026-04-23,419,Terra,MODIS,58,61.03,310.9,6.3,D,0
25.3558,75.5914,329.6,1.2,1.1,2026-04-23,419,Terra,MODIS,72,61.03,315.9,14.9,D,0
25.3596,73.1719,326.7,1,1,2026-04-23,419,Terra,MODIS,67,61.03,311.4,9,D,0
25.3608,76.0035,328.1,1.3,1.1,2026-04-23,419,Terra,MODIS,68,61.03,315.4,12.6,D,0
25.3729,75.9307,329.1,1.3,1.1,2026-04-23,419,Terra,MODIS,66,61.03,314,12.7,D,0
25.3831,75.8089,341.5,1.2,1.1,2026-04-23,419,Terra,MODIS,87,61.03,316.8,39.4,D,0
25.3851,75.797,325.9,1.2,1.1,2026-04-23,419,Terra,MODIS,41,61.03,314.4,9.5,D,0
25.4001,75.9486,330,1.3,1.1,2026-04-23,419,Terra,MODIS,72,61.03,314.1,16,D,0
25.4622,75.831,333.6,1.2,1.1,2026-04-23,419,Terra,MODIS,78,61.03,315,21.8,D,0
25.5085,76.1087,334.1,1.3,1.1,2026-04-23,419,Terra,MODIS,79,61.03,315.6,22.8,D,0
25.696,68.7408,321,1.4,1.2,2026-04-23,419,Terra,MODIS,54,61.03,300.8,16.9,D,0
18.8032,74.301,321.3,1.3,1.1,2026-04-23,420,Terra,MODIS,60,61.03,305.5,7.9,D,0
19.249,77.8429,323.2,2.2,1.4,2026-04-23,420,Terra,MODIS,70,61.03,304.7,22.7,D,0
19.8433,75.1803,322.1,1.4,1.2,2026-04-23,420,Terra,MODIS,56,61.03,306.8,9.3,D,0
20.7864,70.8023,327,1,1,2026-04-23,420,Terra,MODIS,80,61.03,306.7,15.1,D,0
20.9135,70.6143,321.6,1,1,2026-04-23,420,Terra,MODIS,63,61.03,306.2,8.6,D,0
20.9434,73.6357,321.9,1.1,1,2026-04-23,420,Terra,MODIS,65,61.03,301.8,12.6,D,0
20.9475,75.8459,342.1,1.5,1.2,2026-04-23,420,Terra,MODIS,88,61.03,311.1,51.8,D,0
21.0434,71.6629,323.3,1,1,2026-04-23,420,Terra,MODIS,62,61.03,309.8,6.8,D,0
21.1022,72.6494,324.8,1,1,2026-04-23,420,Terra,MODIS,0,61.03,307.9,9.4,D,2
21.224,79.2828,324.6,2.6,1.5,2026-04-23,420,Terra,MODIS,25,61.03,308.8,33.7,D,0
21.2418,71.7548,324.7,1,1,2026-04-23,420,Terra,MODIS,66,61.03,310.2,8.6,D,0
21.3403,71.9171,324.4,1,1,2026-04-23,420,Terra,MODIS,65,61.03,311.6,7.5,D,0
21.705,72.1356,341.4,1,1,2026-04-23,420,Terra,MODIS,88,61.03,310.3,32.5,D,0
21.7063,72.1262,335.9,1,1,2026-04-23,420,Terra,MODIS,82,61.03,310.9,23.7,D,2
22.4049,72.0137,323.5,1,1,2026-04-23,420,Terra,MODIS,59,61.03,311.6,6.1,D,0
14.1708,79.4676,318.9,3.8,1.8,2026-04-23,421,Terra,MODIS,48,61.03,300.4,59.2,D,0
14.6995,75.837,319,1.9,1.3,2026-04-23,421,Terra,MODIS,60,61.03,300.2,16.9,D,0
15.3535,78.2087,321.4,2.8,1.6,2026-04-23,421,Terra,MODIS,60,61.03,303.4,31.9,D,0
15.7399,78.4382,327.6,2.9,1.6,2026-04-23,421,Terra,MODIS,74,61.03,303.1,63.1,D,0
15.955,74.0482,316.8,1.3,1.2,2026-04-23,421,Terra,MODIS,42,61.03,302.4,8.7,D,0
17.7995,74.276,320.3,1.3,1.1,2026-04-23,421,Terra,MODIS,60,61.03,304.5,8.4,D,0
11.4806,76.6059,312.5,2.5,1.5,2026-04-23,422,Terra,MODIS,49,61.03,297.1,31.1,D,0
15.9716,95.5264,318.5,1,1,2026-04-23,847,Aqua,MODIS,49,61.03,302.7,5.7,D,0
15.973,95.5355,323.1,1,1,2026-04-23,847,Aqua,MODIS,71,61.03,303,10.3,D,0
16.1048,95.6843,324.3,1,1,2026-04-23,847,Aqua,MODIS,55,61.03,304.2,10.1,D,0
16.1154,94.8778,321.8,1,1,2026-04-23,847,Aqua,MODIS,47,61.03,304.4,8.1,D,0
16.129,95.5814,326,1,1,2026-04-23,847,Aqua,MODIS,75,61.03,307,10.1,D,0
16.1313,94.685,365.1,1,1,2026-04-23,847,Aqua,MODIS,87,61.03,305.6,93.5,D,0
16.1402,94.6835,326.9,1,1,2026-04-23,847,Aqua,MODIS,55,61.03,304.5,12.6,D,0
16.1869,94.7362,321.7,1,1,2026-04-23,847,Aqua,MODIS,31,61.03,304.4,7.2,D,0
16.22,95.3941,315.9,1,1,2026-04-23,847,Aqua,MODIS,35,61.03,300.8,6.2,D,0
16.2274,95.5042,324.2,1,1,2026-04-23,847,Aqua,MODIS,72,61.03,302.2,11.4,D,0
16.2287,95.5133,321.9,1,1,2026-04-23,847,Aqua,MODIS,68,61.03,299.8,9.4,D,0
16.2608,95.7302,320.3,1,1,2026-04-23,847,Aqua,MODIS,0,61.03,303,8.8,D,0
16.3886,95.9067,319.5,1,1,2026-04-23,847,Aqua,MODIS,50,61.03,301.4,7.2,D,0
16.4015,95.371,320.5,1,1,2026-04-23,847,Aqua,MODIS,56,61.03,303.5,7.6,D,0
16.4061,95.2214,317.6,1,1,2026-04-23,847,Aqua,MODIS,52,61.03,300.5,5.9,D,0
16.4165,94.9699,320.1,1,1,2026-04-23,847,Aqua,MODIS,0,61.03,303.2,9.1,D,0
16.4521,96.0356,322.1,1,1,2026-04-23,847,Aqua,MODIS,66,61.03,303.6,8.6,D,0
16.4534,96.0447,326.3,1,1,2026-04-23,847,Aqua,MODIS,74,61.03,304,13,D,0
16.458,95.9363,327.3,1,1,2026-04-23,847,Aqua,MODIS,75,61.03,304.3,13.9,D,0
16.4678,94.952,318,1,1,2026-04-23,847,Aqua,MODIS,55,61.03,300.5,4.8,D,0
16.4692,94.9612,317.1,1,1,2026-04-23,847,Aqua,MODIS,30,61.03,300.8,3.9,D,0
16.4744,95.804,320.9,1,1,2026-04-23,847,Aqua,MODIS,0,61.03,304.4,8.6,D,0
16.4754,95.4825,323.1,1,1,2026-04-23,847,Aqua,MODIS,33,61.03,303.2,8.4,D,0
16.4841,95.4811,324.9,1,1,2026-04-23,847,Aqua,MODIS,57,61.03,304.3,10.6,D,0
16.5015,95.5988,324.9,1,1,2026-04-23,847,Aqua,MODIS,71,61.03,302.3,12.9,D,0
16.5029,95.6078,321.2,1,1,2026-04-23,847,Aqua,MODIS,63,61.03,301.3,8.5,D,0
16.5215,95.7344,322.3,1,1,2026-04-23,847,Aqua,MODIS,57,61.03,302.5,9.9,D,0
16.5512,95.5722,320.9,1,1,2026-04-23,847,Aqua,MODIS,58,61.03,301.9,8.5,D,0
16.5702,94.7622,318.7,1,1,2026-04-23,847,Aqua,MODIS,40,61.03,302.8,7,D,0
16.597,96.6532,324.3,1,1,2026-04-23,847,Aqua,MODIS,69,61.03,305,7.9,D,0
16.6186,96.6783,325.4,1,1,2026-04-23,847,Aqua,MODIS,62,61.03,305.2,9.4,D,0
16.6204,94.5479,317.4,1,1,2026-04-23,847,Aqua,MODIS,39,61.03,301.7,6.4,D,0
16.6294,95.4797,322.1,1,1,2026-04-23,847,Aqua,MODIS,65,61.03,302.6,8.9,D,0
16.6308,95.4887,324.7,1,1,2026-04-23,847,Aqua,MODIS,71,61.03,302.2,11.2,D,0
16.6327,94.9972,318.8,1,1,2026-04-23,847,Aqua,MODIS,52,61.03,302.4,6.6,D,0
16.6338,95.1841,318.9,1,1,2026-04-23,847,Aqua,MODIS,41,61.03,301.9,5.8,D,0
16.6402,95.4315,330.2,1,1,2026-04-23,847,Aqua,MODIS,74,61.03,301.2,16.4,D,0
16.6502,94.7432,319.7,1,1,2026-04-23,847,Aqua,MODIS,49,61.03,302.8,6.4,D,0
16.6509,95.504,323.7,1,1,2026-04-23,847,Aqua,MODIS,68,61.03,302.1,9.6,D,0
16.6522,95.5131,328,1,1,2026-04-23,847,Aqua,MODIS,76,61.03,301.8,15,D,0
16.6829,96.0274,324,1,1,2026-04-23,847,Aqua,MODIS,49,61.03,306.1,8.8,D,0
16.6873,94.6895,318.9,1,1,2026-04-23,847,Aqua,MODIS,49,61.03,301.9,7.3,D,0
16.6884,94.9352,317.9,1,1,2026-04-23,847,Aqua,MODIS,52,61.03,300.9,7.1,D,0
16.6887,94.6988,321.8,1,1,2026-04-23,847,Aqua,MODIS,53,61.03,302.5,10.1,D,0
16.6929,94.7266,327.9,1,1,2026-04-23,847,Aqua,MODIS,0,61.03,300.4,15.6,D,0
16.6937,95.6481,322.6,1,1,2026-04-23,847,Aqua,MODIS,61,61.03,301.2,9.2,D,0
16.7045,94.7436,321.7,1,1,2026-04-23,847,Aqua,MODIS,36,61.03,302.8,8.2,D,0
16.7059,94.7529,327.8,1,1,2026-04-23,847,Aqua,MODIS,72,61.03,302.3,15.4,D,0
16.7189,94.7792,320.4,1,1,2026-04-23,847,Aqua,MODIS,61,61.03,301.8,8,D,0
16.733,95.2926,332.7,1,1,2026-04-23,847,Aqua,MODIS,81,61.03,303.2,20.8,D,0
16.7344,95.3016,321.4,1,1,2026-04-23,847,Aqua,MODIS,55,61.03,303,7.3,D,0
16.7505,95.2897,337.7,1,1,2026-04-23,847,Aqua,MODIS,86,61.03,300.5,28.1,D,0
16.7615,94.8035,322.6,1,1,2026-04-23,847,Aqua,MODIS,57,61.03,302.1,11,D,0
16.7785,94.6774,325.1,1,1,2026-04-23,847,Aqua,MODIS,72,61.03,300.2,14.3,D,0
16.7842,96.0233,321.9,1,1,2026-04-23,847,Aqua,MODIS,55,61.03,303.9,5.2,D,0
16.785,95.9674,324.6,1,1,2026-04-23,847,Aqua,MODIS,67,61.03,306.5,6,D,0
16.7975,95.3657,325.4,1,1,2026-04-23,847,Aqua,MODIS,29,61.03,305.3,9.9,D,0
16.8246,95.8532,321.3,1,1,2026-04-23,847,Aqua,MODIS,31,61.03,305.1,8.3,D,0
16.8259,95.8623,326.2,1,1,2026-04-23,847,Aqua,MODIS,65,61.03,304.2,13.6,D,0
16.833,95.2791,326.5,1,1,2026-04-23,847,Aqua,MODIS,63,61.03,303.7,11.7,D,0
16.8362,94.4514,317.4,1,1,2026-04-23,847,Aqua,MODIS,47,61.03,298.5,9.7,D,0
16.8515,95.0427,318.5,1,1,2026-04-23,847,Aqua,MODIS,45,61.03,301.5,6.8,D,0
16.9126,95.3163,325.3,1,1,2026-04-23,847,Aqua,MODIS,60,61.03,302.5,10.3,D,0
16.927,95.0527,325.1,1,1,2026-04-23,847,Aqua,MODIS,71,61.03,304.3,10.7,D,0
16.961,95.7227,321,1,1,2026-04-23,847,Aqua,MODIS,47,61.03,305,8.1,D,0
16.9668,95.1396,325,1,1,2026-04-23,847,Aqua,MODIS,58,61.03,306,7.6,D,0
16.9676,95.2048,324.3,1,1,2026-04-23,847,Aqua,MODIS,57,61.03,304.8,8.5,D,0
16.9787,94.8969,318,1,1,2026-04-23,847,Aqua,MODIS,34,61.03,302.6,5.1,D,0
16.9801,94.9061,320.4,1,1,2026-04-23,847,Aqua,MODIS,54,61.03,303.5,7.4,D,0
16.9881,95.139,324.5,1,1,2026-04-23,847,Aqua,MODIS,56,61.03,305.8,8.1,D,0
16.994,94.819,331.4,1,1,2026-04-23,847,Aqua,MODIS,69,61.03,304.5,19.4,D,0
17.0003,95.7292,323.2,1,1,2026-04-23,847,Aqua,MODIS,45,61.03,306,7.9,D,0
17.0114,94.9949,321.8,1,1,2026-04-23,847,Aqua,MODIS,62,61.03,304.6,7.6,D,0
17.0352,95.0939,323,1,1,2026-04-23,847,Aqua,MODIS,65,61.03,305.3,7.4,D,0
17.0592,94.9999,357.9,1,1,2026-04-23,847,Aqua,MODIS,98,61.03,306.7,69.8,D,0
17.0597,96.1389,321.3,1,1,2026-04-23,847,Aqua,MODIS,56,61.03,305.1,5.7,D,2
17.0606,95.009,356,1,1,2026-04-23,847,Aqua,MODIS,98,61.03,305.5,64.8,D,0
17.061,96.1481,321.4,1,1,2026-04-23,847,Aqua,MODIS,49,61.03,304.3,6.1,D,0
17.0619,95.7844,327.1,1,1,2026-04-23,847,Aqua,MODIS,74,61.03,305.8,12.5,D,0
17.0884,95.3928,327.2,1,1,2026-04-23,847,Aqua,MODIS,73,61.03,302.2,13,D,0
17.1089,95.3929,331,1,1,2026-04-23,847,Aqua,MODIS,78,61.03,301.6,17.8,D,0
17.1117,94.9912,344.5,1,1,2026-04-23,847,Aqua,MODIS,91,61.03,306.6,38.7,D,0
17.1131,95.0004,333.4,1,1,2026-04-23,847,Aqua,MODIS,81,61.03,304.8,20.6,D,0
17.1314,95.0629,322.9,1,1,2026-04-23,847,Aqua,MODIS,64,61.03,306.1,6.3,D,0
17.1324,95.3705,324.8,1,1,2026-04-23,847,Aqua,MODIS,50,61.03,304.2,9.3,D,0
17.1391,95.7375,335.2,1,1,2026-04-23,847,Aqua,MODIS,83,61.03,306.9,22.5,D,0
17.1404,95.7466,346.9,1,1,2026-04-23,847,Aqua,MODIS,92,61.03,304.7,43.5,D,0
17.1438,95.3873,321.8,1,1,2026-04-23,847,Aqua,MODIS,30,61.03,300.7,6.4,D,0
17.1451,95.3963,322.6,1,1,2026-04-23,847,Aqua,MODIS,61,61.03,302.4,7.9,D,0
17.1457,95.2194,324,1,1,2026-04-23,847,Aqua,MODIS,67,61.03,303.8,6.8,D,0
17.1478,95.7361,340.2,1,1,2026-04-23,847,Aqua,MODIS,87,61.03,305.9,30.1,D,0
17.1492,95.7452,347.6,1,1,2026-04-23,847,Aqua,MODIS,93,61.03,304.7,44.9,D,0
17.1822,95.02,322.9,1,1,2026-04-23,847,Aqua,MODIS,64,61.03,305.7,7.1,D,0
17.191,95.0186,322.3,1,1,2026-04-23,847,Aqua,MODIS,58,61.03,304.8,6.5,D,0
17.1927,95.5373,321.8,1,1,2026-04-23,847,Aqua,MODIS,58,61.03,305.5,5.2,D,0
17.2106,95.7204,327.7,1,1,2026-04-23,847,Aqua,MODIS,74,61.03,307.4,11.7,D,0
17.2257,96.588,322.9,1,1,2026-04-23,847,Aqua,MODIS,65,61.03,303.1,10.2,D,0
17.2273,95.7735,324.3,1,1,2026-04-23,847,Aqua,MODIS,66,61.03,304.8,9.1,D,0
17.2545,95.3255,330.3,1,1,2026-04-23,847,Aqua,MODIS,77,61.03,303,14.4,D,0
17.2584,96.5638,319.4,1,1,2026-04-23,847,Aqua,MODIS,49,61.03,303,5.7,D,0
17.2598,96.5732,334.5,1,1,2026-04-23,847,Aqua,MODIS,83,61.03,303.8,24.4,D,0
17.2722,96.7247,331.4,1,1,2026-04-23,847,Aqua,MODIS,80,61.03,304.9,18.5,D,0
17.2864,95.3425,326.5,1,1,2026-04-23,847,Aqua,MODIS,60,61.03,302.5,10.3,D,0
17.3669,95.5248,336.2,1,1,2026-04-23,847,Aqua,MODIS,84,61.03,307.7,19.6,D,0
17.3682,95.5339,328.7,1,1,2026-04-23,847,Aqua,MODIS,70,61.03,304.8,10,D,0
17.3756,95.5234,333.9,1,1,2026-04-23,847,Aqua,MODIS,81,61.03,307.4,16.7,D,0
17.476,96.3405,326.6,1,1,2026-04-23,847,Aqua,MODIS,72,61.03,306.8,10.8,D,0
17.4901,96.5671,323,1,1,2026-04-23,847,Aqua,MODIS,61,61.03,304.2,10.1,D,0
17.5335,96.6179,324.4,1,1,2026-04-23,847,Aqua,MODIS,69,61.03,302.3,14.5,D,0
17.5348,96.6273,318.2,1,1,2026-04-23,847,Aqua,MODIS,47,61.03,301.7,7.7,D,0
17.5545,96.8962,355.2,1.1,1,2026-04-23,847,Aqua,MODIS,97,61.03,304.9,68.1,D,0
17.5558,96.9058,352,1.1,1,2026-04-23,847,Aqua,MODIS,96,61.03,306.2,60.3,D,0
17.3477,94.6504,351.1,1,1,2026-04-23,848,Aqua,MODIS,95,61.03,300.8,59.3,D,0
17.3491,94.6596,337.9,1,1,2026-04-23,848,Aqua,MODIS,85,61.03,298.3,34.2,D,0
17.351,94.7919,336.7,1,1,2026-04-23,848,Aqua,MODIS,84,61.03,301.9,30.6,D,0
17.3565,94.6489,339.7,1,1,2026-04-23,848,Aqua,MODIS,87,61.03,297.4,38,D,0
17.3579,94.6582,324.6,1,1,2026-04-23,848,Aqua,MODIS,66,61.03,296.6,16.9,D,0
17.3787,94.7967,321.1,1,1,2026-04-23,848,Aqua,MODIS,55,61.03,300.7,11,D,0
17.3801,94.806,326.4,1,1,2026-04-23,848,Aqua,MODIS,71,61.03,300.3,16.8,D,0
17.4058,94.8432,330.3,1,1,2026-04-23,848,Aqua,MODIS,77,61.03,301.2,20.4,D,0
17.4076,94.7958,365.7,1,1,2026-04-23,848,Aqua,MODIS,100,61.03,302.5,96.8,D,0
17.409,94.805,354.8,1,1,2026-04-23,848,Aqua,MODIS,97,61.03,301.4,66.4,D,0
17.4233,94.8403,320.2,1,1,2026-04-23,848,Aqua,MODIS,48,61.03,301.2,9.5,D,0
17.432,94.6592,323.3,1,1,2026-04-23,848,Aqua,MODIS,62,61.03,299.3,15.7,D,0
17.4338,94.97,322.1,1,1,2026-04-23,848,Aqua,MODIS,59,61.03,304.5,6.6,D,0
17.4747,94.6834,333.3,1,1,2026-04-23,848,Aqua,MODIS,80,61.03,300.6,26.7,D,0
17.4761,94.6927,325.6,1,1,2026-04-23,848,Aqua,MODIS,69,61.03,300.7,17,D,0
17.4779,94.645,328.3,1,1,2026-04-23,848,Aqua,MODIS,73,61.03,300,18.5,D,0
17.4971,94.831,322,1,1,2026-04-23,848,Aqua,MODIS,53,61.03,301.3,11.8,D,0
17.5086,94.8479,328,1,1,2026-04-23,848,Aqua,MODIS,73,61.03,301.9,17.8,D,0
17.5424,96.6166,328.9,1,1,2026-04-23,848,Aqua,MODIS,77,61.03,303.8,18.9,D,0
17.5437,96.626,331,1,1,2026-04-23,848,Aqua,MODIS,79,61.03,303.1,21.5,D,0
17.6343,96.6728,328,1,1,2026-04-23,848,Aqua,MODIS,76,61.03,306.4,13.1,D,0
17.7692,96.7075,325.3,1,1,2026-04-23,848,Aqua,MODIS,72,61.03,306.9,9.2,D,0
18.1271,95.9141,331.4,1,1,2026-04-23,848,Aqua,MODIS,81,61.03,302.1,19.3,D,0
18.4143,95.7926,327.1,1,1,2026-04-23,848,Aqua,MODIS,72,61.03,305.6,9.4,D,0
18.4156,95.8018,334.6,1,1,2026-04-23,848,Aqua,MODIS,84,61.03,305.9,19.3,D,0
18.4244,95.8004,330.9,1,1,2026-04-23,848,Aqua,MODIS,80,61.03,306.4,13.4,D,0
18.6003,94.306,317.6,1,1,2026-04-23,848,Aqua,MODIS,68,61.03,291.4,8.3,D,0
18.6844,93.7038,316.4,1.1,1,2026-04-23,848,Aqua,MODIS,45,61.03,294.8,7.3,D,0
18.7239,93.6617,319.3,1.1,1,2026-04-23,848,Aqua,MODIS,62,61.03,295.5,9.4,D,0
18.7656,93.5741,317.8,1.1,1,2026-04-23,848,Aqua,MODIS,0,61.03,301.7,7.3,D,0
18.9622,95.9996,319.8,1,1,2026-04-23,848,Aqua,MODIS,62,61.03,300.7,8.9,D,0
19.0283,96.878,319.1,1.1,1,2026-04-23,848,Aqua,MODIS,66,61.03,301.1,9.9,D,0
19.0587,94.0849,336.3,1,1,2026-04-23,848,Aqua,MODIS,75,61.03,306.6,27.3,D,0
19.0773,95.7851,323,1,1,2026-04-23,848,Aqua,MODIS,43,61.03,304,8.2,D,0
19.1326,95.5236,328.8,1,1,2026-04-23,848,Aqua,MODIS,78,61.03,308.3,10.5,D,0
19.2783,94.0736,347.3,1,1,2026-04-23,848,Aqua,MODIS,0,61.03,306.3,45.5,D,0
19.2798,94.083,333.9,1,1,2026-04-23,848,Aqua,MODIS,72,61.03,304.4,21.4,D,0
19.3251,94.3826,372.7,1,1,2026-04-23,848,Aqua,MODIS,100,61.03,307.2,119.9,D,0
19.3325,94.3719,337.2,1,1,2026-04-23,848,Aqua,MODIS,86,61.03,303.1,31.2,D,0
19.3338,94.381,350.5,1,1,2026-04-23,848,Aqua,MODIS,95,61.03,306.4,56.2,D,0
19.3352,94.3903,320.8,1,1,2026-04-23,848,Aqua,MODIS,62,61.03,304.1,10,D,0
19.3567,96.9799,331.6,1.1,1,2026-04-23,848,Aqua,MODIS,82,61.03,302.5,26,D,0
19.3581,96.9899,324.1,1.1,1,2026-04-23,848,Aqua,MODIS,69,61.03,301.1,15.9,D,0
19.3614,94.3706,318.7,1,1,2026-04-23,848,Aqua,MODIS,41,61.03,301.8,9,D,0
19.3636,96.9727,323.6,1.1,1,2026-04-23,848,Aqua,MODIS,73,61.03,302.8,16.5,D,0
19.365,96.9829,327.8,1.1,1,2026-04-23,848,Aqua,MODIS,79,61.03,302.4,22.4,D,0
19.3975,94.9282,325.8,1,1,2026-04-23,848,Aqua,MODIS,45,61.03,302.6,11,D,0
19.4327,96.463,321.3,1.1,1,2026-04-23,848,Aqua,MODIS,55,61.03,303.7,10.8,D,0
19.4962,93.6861,323.1,1,1,2026-04-23,848,Aqua,MODIS,68,61.03,306,9.2,D,0
19.5499,94.3932,320.2,1,1,2026-04-23,848,Aqua,MODIS,58,61.03,302.3,10.3,D,0
19.5513,94.4024,321.4,1,1,2026-04-23,848,Aqua,MODIS,62,61.03,302.3,11.6,D,0
19.5587,94.3916,328.3,1,1,2026-04-23,848,Aqua,MODIS,76,61.03,303.3,18.8,D,0
19.5601,94.4009,319.6,1,1,2026-04-23,848,Aqua,MODIS,41,61.03,302.5,9.4,D,0
19.5603,94.0461,332,1,1,2026-04-23,848,Aqua,MODIS,81,61.03,304.5,22.7,D,0
19.5618,94.0556,349.2,1,1,2026-04-23,848,Aqua,MODIS,94,61.03,304.4,53.5,D,0
19.5691,94.0445,328.1,1,1,2026-04-23,848,Aqua,MODIS,76,61.03,304.5,17.6,D,0
19.5706,94.054,348.1,1,1,2026-04-23,848,Aqua,MODIS,93,61.03,304.5,50.8,D,0
19.596,93.9071,321,1,1,2026-04-23,848,Aqua,MODIS,46,61.03,306.1,7.2,D,0
19.6001,94.0519,335.9,1,1,2026-04-23,848,Aqua,MODIS,84,61.03,305.5,27.9,D,0
19.6109,96.683,323.5,1.1,1,2026-04-23,848,Aqua,MODIS,68,61.03,306.4,12,D,0
19.6122,96.6926,323.3,1.1,1,2026-04-23,848,Aqua,MODIS,66,61.03,305,11.7,D,0
19.7144,94.2571,327.5,1,1,2026-04-23,848,Aqua,MODIS,71,61.03,306.8,17.7,D,0
19.7159,94.2665,366.6,1,1,2026-04-23,848,Aqua,MODIS,100,61.03,309.2,99.3,D,0
19.717,93.9775,321,1,1,2026-04-23,848,Aqua,MODIS,53,61.03,305.7,9.1,D,0
19.7393,94.2433,332.8,1,1,2026-04-23,848,Aqua,MODIS,79,61.03,305.5,23.9,D,0
19.7561,96.6046,324.3,1.1,1,2026-04-23,848,Aqua,MODIS,70,61.03,302.6,14.3,D,0
19.7795,96.6349,324.4,1.1,1,2026-04-23,848,Aqua,MODIS,71,61.03,304.7,13.6,D,0
19.7809,96.6448,318.6,1.1,1,2026-04-23,848,Aqua,MODIS,23,61.03,301.5,6.9,D,0
19.8062,96.8998,353.4,1.1,1,2026-04-23,848,Aqua,MODIS,96,61.03,302.7,73.1,D,0
19.8076,96.9101,318,1.1,1,2026-04-23,848,Aqua,MODIS,46,61.03,302.3,10.2,D,0
19.8098,93.9164,321.6,1,1,2026-04-23,848,Aqua,MODIS,52,61.03,304.5,10.9,D,0
19.8383,93.8568,334.3,1,1,2026-04-23,848,Aqua,MODIS,81,61.03,304.6,26.9,D,0
19.8575,93.8048,333,1,1,2026-04-23,848,Aqua,MODIS,75,61.03,303.8,24.8,D,0
19.9438,94.4914,329.6,1,1,2026-04-23,848,Aqua,MODIS,43,61.03,311.2,12.9,D,0
19.9535,94.5562,335.6,1,1,2026-04-23,848,Aqua,MODIS,80,61.03,316,18.8,D,0
19.9822,93.9517,325.8,1,1,2026-04-23,848,Aqua,MODIS,67,61.03,305,14.7,D,0
19.9837,93.9611,348.7,1,1,2026-04-23,848,Aqua,MODIS,93,61.03,306.5,52,D,0
19.989,94.1147,342.8,1,1,2026-04-23,848,Aqua,MODIS,89,61.03,307.1,40,D,0
19.9905,94.124,328.8,1,1,2026-04-23,848,Aqua,MODIS,73,61.03,305.1,18.9,D,0
20.0234,93.9253,322.9,1,1,2026-04-23,848,Aqua,MODIS,59,61.03,303.9,12.1,D,0
20.0402,93.9651,359.3,1,1,2026-04-23,848,Aqua,MODIS,99,61.03,305.7,77.9,D,0
20.0417,93.9747,365,1,1,2026-04-23,848,Aqua,MODIS,100,61.03,304.8,94.4,D,0
20.0435,93.5735,327.8,1,1,2026-04-23,848,Aqua,MODIS,74,61.03,303.5,17.5,D,0
20.0516,96.9389,330.6,1.1,1.1,2026-04-23,848,Aqua,MODIS,80,61.03,303,25.1,D,0
20.0768,93.9683,323.1,1,1,2026-04-23,848,Aqua,MODIS,61,61.03,304.7,12.4,D,0
20.0963,93.6662,318.8,1,1,2026-04-23,848,Aqua,MODIS,44,61.03,304.2,8.2,D,0
20.1373,93.9319,325.7,1,1,2026-04-23,848,Aqua,MODIS,69,61.03,303.6,14.9,D,0
20.1387,93.9413,336.2,1,1,2026-04-23,848,Aqua,MODIS,83,61.03,304.2,29.1,D,0
20.1433,93.8533,334.9,1,1,2026-04-23,848,Aqua,MODIS,82,61.03,305.6,26.4,D,0
20.1443,94.2362,321.7,1,1,2026-04-23,848,Aqua,MODIS,49,61.03,301.7,12.3,D,0
20.1447,93.8627,358.4,1,1,2026-04-23,848,Aqua,MODIS,99,61.03,307.2,73.7,D,0
20.1495,93.5977,322.8,1,1,2026-04-23,848,Aqua,MODIS,65,61.03,304.7,12,D,0
20.1536,93.8612,337.5,1,1,2026-04-23,848,Aqua,MODIS,85,61.03,306.9,29.6,D,0
20.1538,93.6855,327.1,1,1,2026-04-23,848,Aqua,MODIS,73,61.03,304.8,16.6,D,0
20.155,93.8706,322.8,1,1,2026-04-23,848,Aqua,MODIS,36,61.03,306.5,10,D,0
20.1565,93.8801,321.4,1,1,2026-04-23,848,Aqua,MODIS,37,61.03,306,9,D,0
20.1627,93.684,336.2,1,1,2026-04-23,848,Aqua,MODIS,84,61.03,304.8,29.7,D,0
20.1642,93.6936,318.8,1,1,2026-04-23,848,Aqua,MODIS,34,61.03,303,7.8,D,0
20.1821,93.6256,319.4,1,1,2026-04-23,848,Aqua,MODIS,49,61.03,303.6,8.5,D,0
20.2,96.6743,328.3,1.1,1,2026-04-23,848,Aqua,MODIS,76,61.03,299.1,23.2,D,0
20.2072,93.7878,361.2,1,1,2026-04-23,848,Aqua,MODIS,100,61.03,303.8,84.2,D,0
20.2073,93.6705,337,1,1,2026-04-23,848,Aqua,MODIS,85,61.03,307.4,30.7,D,0
20.2084,93.3825,322.1,1.1,1,2026-04-23,848,Aqua,MODIS,49,61.03,305.6,9.6,D,0
20.2088,93.6802,334.2,1,1,2026-04-23,848,Aqua,MODIS,82,61.03,305,26.8,D,0
20.2161,93.6689,336,1,1,2026-04-23,848,Aqua,MODIS,84,61.03,306.5,29.4,D,0
20.2176,93.6785,333.2,1,1,2026-04-23,848,Aqua,MODIS,81,61.03,305,25.7,D,0
20.2925,93.6194,325.1,1,1,2026-04-23,848,Aqua,MODIS,70,61.03,305.6,15.3,D,0
20.3014,93.7356,321.3,1,1,2026-04-23,848,Aqua,MODIS,58,61.03,305.9,10.9,D,0
20.3457,93.5451,320.5,1,1,2026-04-23,848,Aqua,MODIS,59,61.03,305.1,10.2,D,0
20.4091,96.9953,320.3,1.1,1.1,2026-04-23,848,Aqua,MODIS,62,61.03,300.6,11.7,D,0
20.4094,93.6627,319.3,1,1,2026-04-23,848,Aqua,MODIS,48,61.03,303.5,10.1,D,0
20.4108,93.6721,353,1,1,2026-04-23,848,Aqua,MODIS,96,61.03,305.2,64.9,D,0
20.4634,93.4685,322.7,1,1,2026-04-23,848,Aqua,MODIS,66,61.03,304.6,12.4,D,0
20.5049,93.4412,318.4,1,1,2026-04-23,848,Aqua,MODIS,49,61.03,304.9,8.2,D,0
20.5106,93.4146,325.5,1,1,2026-04-23,848,Aqua,MODIS,71,61.03,305.3,15.6,D,0
20.5121,93.4244,338.6,1,1,2026-04-23,848,Aqua,MODIS,86,61.03,305.5,34.7,D,0
20.5353,93.2798,322.6,1.1,1,2026-04-23,848,Aqua,MODIS,58,61.03,308.5,7.6,D,0
20.5775,92.8364,321.8,1.1,1,2026-04-23,848,Aqua,MODIS,67,61.03,304.3,12.3,D,0
20.648,93.4639,318.7,1,1,2026-04-23,848,Aqua,MODIS,42,61.03,303.7,8.6,D,0
20.6494,93.4735,327.7,1,1,2026-04-23,848,Aqua,MODIS,74,61.03,304.1,18.7,D,0
20.6537,94.8496,334.9,1,1,2026-04-23,848,Aqua,MODIS,72,61.03,316.1,13.3,D,0
20.6562,93.2214,322.9,1.1,1,2026-04-23,848,Aqua,MODIS,60,61.03,306.5,9.1,D,0
20.6996,93.4386,350.9,1,1,2026-04-23,848,Aqua,MODIS,95,61.03,306.3,58,D,0
20.7011,93.4481,323.3,1,1,2026-04-23,848,Aqua,MODIS,59,61.03,303.3,11.7,D,0
20.707,93.4271,327.8,1,1,2026-04-23,848,Aqua,MODIS,49,61.03,306.7,15.8,D,0
20.7081,93.7963,324.4,1,1,2026-04-23,848,Aqua,MODIS,65,61.03,305.5,14.2,D,0
20.7085,93.4369,340.8,1,1,2026-04-23,848,Aqua,MODIS,88,61.03,307.1,35.7,D,0
20.7277,93.4435,323.2,1,1,2026-04-23,848,Aqua,MODIS,65,61.03,304.6,11.3,D,0
20.7293,93.4534,320.5,1,1,2026-04-23,848,Aqua,MODIS,52,61.03,303.6,9,D,0
20.8319,93.8276,328.1,1,1,2026-04-23,848,Aqua,MODIS,63,61.03,305.4,16.4,D,0
20.8351,93.1213,324.4,1.1,1,2026-04-23,849,Aqua,MODIS,71,61.03,304.7,11.6,D,0
20.8691,92.8077,323.9,1.1,1,2026-04-23,849,Aqua,MODIS,71,61.03,303.6,13.5,D,0
20.8829,93.1328,321.7,1.1,1,2026-04-23,849,Aqua,MODIS,66,61.03,303.4,9.6,D,0
20.8845,93.1427,338.3,1.1,1,2026-04-23,849,Aqua,MODIS,87,61.03,304.6,33,D,0
20.8966,92.5106,325.9,1.1,1.1,2026-04-23,849,Aqua,MODIS,77,61.03,306.7,15.1,D,0
20.9176,92.7608,338.1,1.1,1,2026-04-23,849,Aqua,MODIS,88,61.03,304.6,35.4,D,0
20.9192,92.7711,340.5,1.1,1,2026-04-23,849,Aqua,MODIS,89,61.03,303.9,39.8,D,0
20.9341,92.7473,349.8,1.1,1,2026-04-23,849,Aqua,MODIS,95,61.03,305.5,60.4,D,0
20.9357,92.7577,336.8,1.1,1,2026-04-23,849,Aqua,MODIS,87,61.03,304.3,33.6,D,0
20.9854,93.3686,336.4,1,1,2026-04-23,849,Aqua,MODIS,85,61.03,304.7,30.5,D,0
20.9869,93.3782,369.5,1,1,2026-04-23,849,Aqua,MODIS,94,61.03,299.3,112.1,D,0
21.1126,92.1262,317,1.2,1.1,2026-04-23,849,Aqua,MODIS,53,61.03,301.8,9.4,D,0
21.1956,92.587,318.7,1.1,1,2026-04-23,849,Aqua,MODIS,66,61.03,302.8,8.5,D,0
21.2325,94.3283,324.4,1,1,2026-04-23,849,Aqua,MODIS,62,61.03,310.7,6.8,D,0
21.2647,92.9685,328.5,1.1,1,2026-04-23,849,Aqua,MODIS,74,61.03,296.4,22.4,D,0
21.3232,92.2831,314.7,1.1,1.1,2026-04-23,849,Aqua,MODIS,27,61.03,299.9,5.4,D,0
21.3472,92.61,327.2,1.1,1,2026-04-23,849,Aqua,MODIS,79,61.03,304.4,18.7,D,0
21.4399,94.6622,330,1,1,2026-04-23,849,Aqua,MODIS,69,61.03,312.7,9.1,D,0
21.4413,94.6715,329.4,1,1,2026-04-23,849,Aqua,MODIS,62,61.03,312.6,8.6,D,0
21.4774,92.3836,324.8,1.1,1.1,2026-04-23,849,Aqua,MODIS,76,61.03,302,17.1,D,0
21.479,92.3935,317.5,1.1,1.1,2026-04-23,849,Aqua,MODIS,63,61.03,302.7,7.9,D,0
21.6206,92.1814,319.3,1.1,1.1,2026-04-23,849,Aqua,MODIS,67,61.03,301.5,10.8,D,0
21.6768,95.4147,344.9,1,1,2026-04-23,849,Aqua,MODIS,90,61.03,318,30.7,D,2
21.6782,95.4242,336,1,1,2026-04-23,849,Aqua,MODIS,81,61.03,317.8,14.3,D,0
21.7179,92.4338,317.4,1.1,1,2026-04-23,849,Aqua,MODIS,62,61.03,302.2,8.4,D,0
21.8215,93.0942,326.5,1,1,2026-04-23,849,Aqua,MODIS,76,61.03,305.7,15.9,D,0
21.823,93.1038,322.9,1,1,2026-04-23,849,Aqua,MODIS,71,61.03,307.1,11.7,D,0
21.833,92.9234,317.6,1.1,1,2026-04-23,849,Aqua,MODIS,39,61.03,303.5,7,D,0
21.9134,92.7906,317.3,1.1,1,2026-04-23,849,Aqua,MODIS,39,61.03,300.2,7.9,D,0
21.9845,93.3025,322.3,1,1,2026-04-23,849,Aqua,MODIS,53,61.03,304.4,12.9,D,0
21.9861,93.3126,322.5,1,1,2026-04-23,849,Aqua,MODIS,67,61.03,301.9,13.7,D,0
22.1234,94.3584,322.1,1,1,2026-04-23,849,Aqua,MODIS,58,61.03,303.6,10.8,D,0
22.1529,93.7352,325.8,1,1,2026-04-23,849,Aqua,MODIS,73,61.03,306,14.6,D,0
22.1544,93.7448,319.5,1,1,2026-04-23,849,Aqua,MODIS,59,61.03,303,7.9,D,0
22.1703,93.2475,315.1,1,1,2026-04-23,849,Aqua,MODIS,30,61.03,299.7,6.6,D,0
22.3826,93.6147,314.9,1,1,2026-04-23,849,Aqua,MODIS,15,61.03,301.3,7.3,D,0
22.4349,94.3857,318.6,1,1,2026-04-23,849,Aqua,MODIS,35,61.03,303.2,6.2,D,0
22.4362,93.6574,322.6,1,1,2026-04-23,849,Aqua,MODIS,59,61.03,305.7,11.4,D,0
22.4436,94.3842,325.2,1,1,2026-04-23,849,Aqua,MODIS,70,61.03,304.6,12.4,D,0
22.4523,94.3827,319.6,1,1,2026-04-23,849,Aqua,MODIS,40,61.03,304.1,6.6,D,0
22.4869,93.4375,319.9,1,1,2026-04-23,849,Aqua,MODIS,66,61.03,301.6,12.5,D,0
22.5318,96.8894,319.3,1.2,1.1,2026-04-23,849,Aqua,MODIS,56,61.03,303,10.7,D,0
22.5568,93.5422,319.8,1,1,2026-04-23,849,Aqua,MODIS,63,61.03,303.8,10.2,D,0
22.5637,93.6481,316.7,1,1,2026-04-23,849,Aqua,MODIS,53,61.03,299.9,8.6,D,0
22.5745,92.7487,314.2,1.1,1,2026-04-23,849,Aqua,MODIS,50,61.03,300.7,6.5,D,0
22.6028,93.7127,315.3,1,1,2026-04-23,849,Aqua,MODIS,33,61.03,302,6.9,D,0
22.6064,93.1867,339.9,1,1,2026-04-23,849,Aqua,MODIS,88,61.03,304.5,35.5,D,0
22.6079,93.1963,368.4,1,1,2026-04-23,849,Aqua,MODIS,100,61.03,307.3,106.2,D,0
22.6137,93.1751,328,1,1,2026-04-23,849,Aqua,MODIS,73,61.03,302,18.5,D,0
22.6152,93.185,444.9,1,1,2026-04-23,849,Aqua,MODIS,100,61.03,334.1,666,D,0
22.6168,93.1948,490.3,1,1,2026-04-23,849,Aqua,MODIS,100,61.03,400.1,1440.8,D,0
22.6182,93.2045,389.8,1,1,2026-04-23,849,Aqua,MODIS,100,61.03,305.9,197.9,D,0
22.6241,93.1837,383.9,1,1,2026-04-23,849,Aqua,MODIS,100,61.03,309.1,167.2,D,0
22.6256,93.1935,404.9,1,1,2026-04-23,849,Aqua,MODIS,100,61.03,310.3,286.6,D,0
22.6271,93.2032,321.4,1,1,2026-04-23,849,Aqua,MODIS,67,61.03,299.2,12.6,D,0
22.6405,94.0242,325.7,1,1,2026-04-23,849,Aqua,MODIS,71,61.03,308.5,8.8,D,0
22.6763,92.2805,317.9,1.1,1,2026-04-23,849,Aqua,MODIS,64,61.03,301,6.8,D,0
22.7047,93.2971,315.5,1,1,2026-04-23,849,Aqua,MODIS,52,61.03,301.1,7.6,D,0
22.7062,93.3069,320,1,1,2026-04-23,849,Aqua,MODIS,67,61.03,303.3,11.9,D,0
22.7276,93.258,314.8,1,1,2026-04-23,849,Aqua,MODIS,46,61.03,299.6,8.6,D,0
22.7294,96.8463,316,1.2,1.1,2026-04-23,849,Aqua,MODIS,45,61.03,299.5,10.3,D,0
22.7304,93.1584,335.8,1,1,2026-04-23,849,Aqua,MODIS,76,61.03,297.3,29.8,D,0
22.7319,93.1681,327.7,1,1,2026-04-23,849,Aqua,MODIS,34,61.03,295.7,18.5,D,0
22.7391,93.1566,331.8,1,1,2026-04-23,849,Aqua,MODIS,69,61.03,299.4,23.9,D,0
22.7438,93.3635,321.3,1,1,2026-04-23,849,Aqua,MODIS,69,61.03,300.3,13.6,D,0
22.7453,93.3141,319.1,1,1,2026-04-23,849,Aqua,MODIS,64,61.03,304.8,11.6,D,0
22.7657,93.3887,320.3,1,1,2026-04-23,849,Aqua,MODIS,36,61.03,303,9.9,D,0
22.7895,94.0397,326,1,1,2026-04-23,849,Aqua,MODIS,74,61.03,308.7,8.7,D,0
22.7909,94.0491,326.4,1,1,2026-04-23,849,Aqua,MODIS,74,61.03,309.5,8.9,D,0
22.8189,93.3042,328.2,1,1,2026-04-23,849,Aqua,MODIS,75,61.03,301.4,19.8,D,0
22.8203,93.3134,320.1,1,1,2026-04-23,849,Aqua,MODIS,35,61.03,301.5,10.7,D,0
22.8214,94.2558,320.1,1,1,2026-04-23,849,Aqua,MODIS,59,61.03,300.9,11,D,0
22.8232,93.3322,316.7,1,1,2026-04-23,849,Aqua,MODIS,30,61.03,300.8,7.9,D,0
22.8276,93.3024,338.9,1,1,2026-04-23,849,Aqua,MODIS,88,61.03,303.7,33.7,D,0
22.829,93.3116,341.9,1,1,2026-04-23,849,Aqua,MODIS,90,61.03,304.2,39.1,D,0
22.8334,93.2226,315.3,1,1,2026-04-23,849,Aqua,MODIS,51,61.03,301.3,8,D,0
22.8378,93.3099,328.4,1,1,2026-04-23,849,Aqua,MODIS,79,61.03,302.6,18.2,D,0
22.8655,93.1368,323.6,1,1,2026-04-23,849,Aqua,MODIS,73,61.03,306.9,13,D,0
22.867,93.1467,317.3,1,1,2026-04-23,849,Aqua,MODIS,36,61.03,302.6,6.2,D,0
22.8764,94.4489,323.8,1,1,2026-04-23,849,Aqua,MODIS,67,61.03,309.6,7.1,D,0
22.8904,93.3599,319.5,1,1,2026-04-23,849,Aqua,MODIS,65,61.03,299.7,12,D,0
22.9134,93.2613,320.6,1,1,2026-04-23,849,Aqua,MODIS,53,61.03,302,10.7,D,0
22.9178,93.3492,338.6,1,1,2026-04-23,849,Aqua,MODIS,88,61.03,299.8,34.8,D,0
22.9189,94.2333,317.3,1,1,2026-04-23,849,Aqua,MODIS,37,61.03,301.6,7.6,D,0
22.9253,94.1551,318.5,1,1,2026-04-23,849,Aqua,MODIS,54,61.03,305,5.8,D,0
22.9266,93.3476,323.2,1,1,2026-04-23,849,Aqua,MODIS,71,61.03,302.1,15.3,D,0
22.9362,92.3979,321.3,1.1,1,2026-04-23,849,Aqua,MODIS,74,61.03,298.5,12.6,D,0
22.9381,95.0015,326,1,1,2026-04-23,849,Aqua,MODIS,68,61.03,309.1,8.5,D,0
22.9464,93.6713,318.7,1,1,2026-04-23,849,Aqua,MODIS,36,61.03,306,6.7,D,0
22.9542,93.4108,344.4,1,1,2026-04-23,849,Aqua,MODIS,92,61.03,305.7,44.3,D,0
22.973,94.3331,319.8,1,1,2026-04-23,849,Aqua,MODIS,41,61.03,304.6,5.3,D,0
22.9747,93.2497,319.2,1,1,2026-04-23,849,Aqua,MODIS,64,61.03,304.7,10.6,D,0
22.9752,93.1749,318.6,1,1,2026-04-23,849,Aqua,MODIS,36,61.03,301.8,8.7,D,0
22.979,93.3964,321.8,1,1,2026-04-23,849,Aqua,MODIS,47,61.03,306.7,11.5,D,0
22.9873,93.6294,317.3,1,1,2026-04-23,849,Aqua,MODIS,33,61.03,303.4,5.8,D,0
22.9879,93.3363,315.9,1,1,2026-04-23,849,Aqua,MODIS,27,61.03,302,6.1,D,0
23.0088,96.6785,319.6,1.2,1.1,2026-04-23,849,Aqua,MODIS,62,61.03,303.3,12.6,D,0
23.0294,93.3516,316.3,1,1,2026-04-23,849,Aqua,MODIS,56,61.03,300.9,6.7,D,0
23.0516,94.1207,323.9,1,1,2026-04-23,849,Aqua,MODIS,64,61.03,309.6,6.9,D,0
23.0658,93.414,314.8,1,1,2026-04-23,849,Aqua,MODIS,52,61.03,301.6,6.4,D,0
23.1483,94.1455,325.3,1,1,2026-04-23,849,Aqua,MODIS,67,61.03,308.9,9.9,D,0
23.1584,93.9118,316.1,1,1,2026-04-23,849,Aqua,MODIS,53,61.03,303.4,5.1,D,0
23.1631,94.517,321.1,1,1,2026-04-23,849,Aqua,MODIS,61,61.03,306.1,7.2,D,0
23.1645,94.9649,320.4,1,1,2026-04-23,849,Aqua,MODIS,52,61.03,305.3,6.7,D,0
23.2224,94.6555,320.9,1,1,2026-04-23,849,Aqua,MODIS,58,61.03,307.4,6.5,D,0
23.2395,94.2013,322.6,1,1,2026-04-23,849,Aqua,MODIS,65,61.03,307.4,7.7,D,0
23.2527,92.113,315.6,1.1,1,2026-04-23,849,Aqua,MODIS,64,61.03,300.3,6.7,D,0
23.2626,92.7116,322.3,1,1,2026-04-23,849,Aqua,MODIS,75,61.03,299,14.8,D,0
23.2843,96.0978,328.8,1.1,1,2026-04-23,849,Aqua,MODIS,75,61.03,310.4,12.4,D,0
23.2861,94.5224,319,1,1,2026-04-23,849,Aqua,MODIS,58,61.03,305.2,6.6,D,0
23.3073,96.8484,318.2,1.2,1.1,2026-04-23,849,Aqua,MODIS,46,61.03,300.4,11.8,D,0
23.3086,93.7382,320.1,1,1,2026-04-23,849,Aqua,MODIS,65,61.03,294.9,14,D,0
23.3236,96.2671,326.7,1.1,1.1,2026-04-23,849,Aqua,MODIS,75,61.03,307,15.7,D,0
23.3319,96.3309,319.3,1.1,1.1,2026-04-23,849,Aqua,MODIS,60,61.03,306.3,6.8,D,0
23.3333,94.6017,319.6,1,1,2026-04-23,849,Aqua,MODIS,59,61.03,303.5,8,D,0
23.3343,94.7965,318.9,1,1,2026-04-23,849,Aqua,MODIS,54,61.03,304.5,7,D,0
23.3443,93.8573,317.6,1,1,2026-04-23,849,Aqua,MODIS,39,61.03,303.2,8.7,D,0
23.3619,94.2798,321.3,1,1,2026-04-23,849,Aqua,MODIS,68,61.03,306,8.1,D,0
23.3871,94.7029,317.5,1,1,2026-04-23,849,Aqua,MODIS,45,61.03,303.9,5.7,D,0
23.3877,94.6442,316.3,1,1,2026-04-23,849,Aqua,MODIS,34,61.03,304,5.3,D,0
23.3958,94.7014,318.3,1,1,2026-04-23,849,Aqua,MODIS,54,61.03,304.5,6.7,D,0
23.4016,94.5542,316.8,1,1,2026-04-23,849,Aqua,MODIS,44,61.03,303.8,4.9,D,0
23.4104,94.5527,316.8,1,1,2026-04-23,849,Aqua,MODIS,44,61.03,303.6,4.7,D,0
23.424,92.2591,314.3,1.1,1,2026-04-23,849,Aqua,MODIS,62,61.03,299.5,6.6,D,0
23.4406,94.2507,320.7,1,1,2026-04-23,849,Aqua,MODIS,22,61.03,302.7,7.2,D,0
23.442,94.2601,322.7,1,1,2026-04-23,849,Aqua,MODIS,51,61.03,303.2,8.8,D,0
23.4425,95.505,335.4,1.1,1,2026-04-23,849,Aqua,MODIS,75,61.03,309.3,19.7,D,0
23.4526,93.9678,317.9,1,1,2026-04-23,849,Aqua,MODIS,61,61.03,301.9,6.9,D,0
23.459,95.4922,332.1,1,1,2026-04-23,849,Aqua,MODIS,66,61.03,310.8,16,D,0
23.4603,95.5021,331.7,1.1,1,2026-04-23,849,Aqua,MODIS,79,61.03,311.9,14.5,D,0
23.4718,96.8907,314.7,1.2,1.1,2026-04-23,849,Aqua,MODIS,39,61.03,302.5,6.4,D,0
23.4929,92.2299,318.6,1.1,1,2026-04-23,849,Aqua,MODIS,71,61.03,299.8,10.4,D,0
23.5173,91.7454,313,1.1,1.1,2026-04-23,849,Aqua,MODIS,44,61.03,297.7,5.6,D,0
23.5354,94.1404,322.1,1,1,2026-04-23,849,Aqua,MODIS,71,61.03,307.1,6.6,D,0
23.5368,94.334,324.9,1,1,2026-04-23,849,Aqua,MODIS,75,61.03,306,11.3,D,0
23.5881,94.2571,319.2,1,1,2026-04-23,849,Aqua,MODIS,59,61.03,303.2,7.5,D,0
23.6145,93.7265,317.2,1,1,2026-04-23,849,Aqua,MODIS,63,61.03,301.8,7.7,D,0
23.6496,92.0503,319.4,1.1,1,2026-04-23,849,Aqua,MODIS,72,61.03,297.8,12.7,D,0
23.6522,94.25,319.3,1,1,2026-04-23,849,Aqua,MODIS,50,61.03,303.5,7,D,0
23.6718,96.2368,331.1,1.1,1.1,2026-04-23,849,Aqua,MODIS,80,61.03,308.4,19.5,D,0
23.6911,94.2464,316.7,1,1,2026-04-23,849,Aqua,MODIS,56,61.03,303.1,4.5,D,0
23.6912,94.4574,321.7,1,1,2026-04-23,849,Aqua,MODIS,70,61.03,305.8,6.9,D,0
23.6919,95.0426,317.4,1,1,2026-04-23,849,Aqua,MODIS,48,61.03,304,5.8,D,0
23.7261,96.7173,317.1,1.2,1.1,2026-04-23,849,Aqua,MODIS,49,61.03,303.4,7,D,0
23.7354,92.2969,320.2,1.1,1,2026-04-23,849,Aqua,MODIS,73,61.03,299.5,12.2,D,0
23.7362,96.6479,320.1,1.2,1.1,2026-04-23,849,Aqua,MODIS,65,61.03,304.6,9.9,D,0
23.737,92.3071,313.9,1.1,1,2026-04-23,849,Aqua,MODIS,61,61.03,300,5.7,D,0
23.7394,96.8192,315.7,1.2,1.1,2026-04-23,849,Aqua,MODIS,47,61.03,303.2,7,D,0
23.7444,93.3595,315.2,1,1,2026-04-23,849,Aqua,MODIS,63,61.03,299.7,8.5,D,0
23.7809,92.2293,322.9,1.1,1,2026-04-23,849,Aqua,MODIS,76,61.03,300,15.5,D,0
23.7825,92.2396,313.8,1.1,1,2026-04-23,849,Aqua,MODIS,60,61.03,299.7,6.4,D,0
23.7828,96.9001,316.3,1.2,1.1,2026-04-23,849,Aqua,MODIS,54,61.03,299.9,9.8,D,0
23.7872,96.7818,314.5,1.2,1.1,2026-04-23,849,Aqua,MODIS,14,61.03,301.2,5.8,D,0
23.8073,93.7186,314.7,1,1,2026-04-23,849,Aqua,MODIS,61,61.03,302.1,6.6,D,0
23.821,92.1902,312.7,1.1,1,2026-04-23,849,Aqua,MODIS,58,61.03,297.2,6.2,D,0
23.8353,96.7065,319.3,1.2,1.1,2026-04-23,849,Aqua,MODIS,53,61.03,305.7,8.5,D,0
23.8368,96.7176,318,1.2,1.1,2026-04-23,849,Aqua,MODIS,52,61.03,304.8,7.3,D,0
23.8372,94.3126,320,1,1,2026-04-23,849,Aqua,MODIS,70,61.03,305.8,6.5,D,0
23.8378,93.9851,317.7,1,1,2026-04-23,849,Aqua,MODIS,49,61.03,303.7,8.3,D,0
23.8449,96.5849,322.6,1.2,1.1,2026-04-23,849,Aqua,MODIS,70,61.03,306.7,10.4,D,0
23.8464,96.596,324.8,1.2,1.1,2026-04-23,849,Aqua,MODIS,74,61.03,307,13.6,D,0
23.8486,96.8077,317.5,1.2,1.1,2026-04-23,849,Aqua,MODIS,56,61.03,302.5,9.2,D,0
23.8502,96.8192,317.2,1.2,1.1,2026-04-23,849,Aqua,MODIS,54,61.03,302.1,9.1,D,0
23.8546,96.8117,326.4,1.2,1.1,2026-04-23,849,Aqua,MODIS,77,61.03,302.6,21.2,D,0
23.8637,96.4359,336.7,1.1,1.1,2026-04-23,849,Aqua,MODIS,86,61.03,308.5,28.8,D,0
23.8661,92.3016,341.3,1.1,1,2026-04-23,849,Aqua,MODIS,91,61.03,298.8,44.4,D,0
23.8677,92.3117,336.6,1.1,1,2026-04-23,849,Aqua,MODIS,88,61.03,298.7,35.8,D,0
23.8679,96.7636,318.4,1.2,1.1,2026-04-23,849,Aqua,MODIS,62,61.03,303.2,9.2,D,0
23.8689,94.3461,324.5,1,1,2026-04-23,849,Aqua,MODIS,76,61.03,304.9,11.1,D,0
23.873,96.4344,326,1.1,1.1,2026-04-23,849,Aqua,MODIS,74,61.03,307.7,11.5,D,0
23.8751,96.8199,316.6,1.2,1.1,2026-04-23,849,Aqua,MODIS,40,61.03,302.1,9,D,0
23.8839,93.4363,309.9,1,1,2026-04-23,849,Aqua,MODIS,27,61.03,297.5,5.2,D,0
23.9091,94.3519,325.5,1,1,2026-04-23,849,Aqua,MODIS,78,61.03,305.4,12.4,D,0
23.9259,93.8376,319.3,1,1,2026-04-23,849,Aqua,MODIS,63,61.03,295.2,12.6,D,0
23.9273,93.8471,313.8,1,1,2026-04-23,849,Aqua,MODIS,25,61.03,296.5,8.1,D,0
23.9291,94.5539,319.6,1,1,2026-04-23,849,Aqua,MODIS,69,61.03,305.8,5.8,D,0
23.9293,94.3679,327.4,1,1,2026-04-23,849,Aqua,MODIS,75,61.03,305,13.6,D,0
23.9306,93.7492,316.7,1,1,2026-04-23,849,Aqua,MODIS,44,61.03,297.8,8.6,D,0
23.9359,94.6018,319.2,1,1,2026-04-23,849,Aqua,MODIS,38,61.03,305.7,6.4,D,0
23.9427,95.996,318,1.1,1,2026-04-23,849,Aqua,MODIS,47,61.03,303.3,6.3,D,0
23.9435,96.7929,318.6,1.2,1.1,2026-04-23,849,Aqua,MODIS,64,61.03,303.5,10,D,0
23.9449,96.804,317.2,1.2,1.1,2026-04-23,849,Aqua,MODIS,60,61.03,302.9,8.5,D,0
23.9492,96.8668,318.5,1.2,1.1,2026-04-23,849,Aqua,MODIS,63,61.03,301,12.4,D,0
23.9605,96.5499,323,1.2,1.1,2026-04-23,849,Aqua,MODIS,72,61.03,306.8,10.1,D,0
23.9706,96.6276,321.8,1.2,1.1,2026-04-23,849,Aqua,MODIS,70,61.03,304.7,11.8,D,0
23.9763,94.3054,324,1,1,2026-04-23,849,Aqua,MODIS,76,61.03,305.3,10.5,D,0
23.9766,95.167,318.8,1,1,2026-04-23,849,Aqua,MODIS,62,61.03,301.9,8.9,D,0
23.9844,96.8097,322,1.2,1.1,2026-04-23,849,Aqua,MODIS,65,61.03,303.6,13.2,D,0
23.9933,92.1659,315.3,1.1,1,2026-04-23,849,Aqua,MODIS,64,61.03,297.2,7.6,D,0
23.9945,95.4278,316,1.1,1,2026-04-23,849,Aqua,MODIS,44,61.03,302.5,5.2,D,0
23.9976,96.7612,324.7,1.2,1.1,2026-04-23,849,Aqua,MODIS,75,61.03,303.5,15.9,D,0
24.0019,96.7949,331.4,1.2,1.1,2026-04-23,849,Aqua,MODIS,82,61.03,303.7,26.1,D,0
24.0027,96.7258,316.8,1.2,1.1,2026-04-23,849,Aqua,MODIS,51,61.03,303.2,6.1,D,0
24.0042,96.8882,317,1.2,1.1,2026-04-23,849,Aqua,MODIS,60,61.03,301.9,9.1,D,0
24.0056,94.4467,320.6,1,1,2026-04-23,849,Aqua,MODIS,60,61.03,303.7,7.3,D,0
24.0057,96.8998,317.3,1.2,1.1,2026-04-23,849,Aqua,MODIS,61,61.03,301.9,9.5,D,0
24.0107,96.713,333.9,1.2,1.1,2026-04-23,849,Aqua,MODIS,84,61.03,305.2,30.3,D,0
24.0132,96.9582,315.5,1.2,1.1,2026-04-23,849,Aqua,MODIS,50,61.03,301.2,8.2,D,0
24.0143,94.4452,331.8,1,1,2026-04-23,849,Aqua,MODIS,84,61.03,305.2,19.7,D,0
24.0145,92.1828,316.6,1.1,1,2026-04-23,849,Aqua,MODIS,67,61.03,298.3,8.6,D,0
24.0157,94.4548,327.1,1,1,2026-04-23,849,Aqua,MODIS,77,61.03,304.2,14.2,D,0
24.0192,96.659,319.9,1.2,1.1,2026-04-23,849,Aqua,MODIS,67,61.03,303.5,9.5,D,0
24.0206,96.6704,319.1,1.2,1.1,2026-04-23,849,Aqua,MODIS,58,61.03,303.8,8.1,D,0
24.0266,96.1339,317.9,1.1,1.1,2026-04-23,849,Aqua,MODIS,57,61.03,304.3,6.3,D,0
24.0363,96.7949,324.1,1.2,1.1,2026-04-23,849,Aqua,MODIS,14,61.03,305.3,13.9,D,0
24.0382,94.1775,317.4,1,1,2026-04-23,849,Aqua,MODIS,66,61.03,302.4,7.3,D,0
24.0396,94.187,316.4,1,1,2026-04-23,849,Aqua,MODIS,64,61.03,301.3,6.2,D,0
24.052,94.4583,321.8,1,1,2026-04-23,849,Aqua,MODIS,73,61.03,304.8,9.3,D,0
24.0661,94.2831,327.7,1,1,2026-04-23,849,Aqua,MODIS,80,61.03,303.8,12.5,D,0
24.0891,94.3182,321,1,1,2026-04-23,849,Aqua,MODIS,39,61.03,302.7,7.7,D,0
24.0947,96.4602,334.8,1.2,1.1,2026-04-23,849,Aqua,MODIS,85,61.03,309.7,26.5,D,0
24.1144,96.948,324,1.2,1.1,2026-04-23,849,Aqua,MODIS,64,61.03,304.6,16.7,D,0
24.1206,93.7226,311.3,1,1,2026-04-23,849,Aqua,MODIS,41,61.03,296.8,6.1,D,0
24.1229,91.8736,311.2,1.1,1,2026-04-23,849,Aqua,MODIS,46,61.03,296.6,4.4,D,0
24.1255,96.9581,323.3,1.2,1.1,2026-04-23,849,Aqua,MODIS,27,61.03,304.2,14.8,D,0
24.1297,96.8395,327.6,1.2,1.1,2026-04-23,849,Aqua,MODIS,78,61.03,303.8,19.8,D,0
24.1321,96.4544,328.7,1.2,1.1,2026-04-23,849,Aqua,MODIS,79,61.03,306.9,17.8,D,0
24.1324,96.8335,326.5,1.2,1.1,2026-04-23,849,Aqua,MODIS,67,61.03,304.3,16.7,D,0
24.1331,94.4376,319.3,1,1,2026-04-23,849,Aqua,MODIS,69,61.03,304.1,7.1,D,0
24.1336,96.4654,326.5,1.2,1.1,2026-04-23,849,Aqua,MODIS,77,61.03,306.7,14.3,D,0
24.1339,96.845,325.9,1.2,1.1,2026-04-23,849,Aqua,MODIS,68,61.03,303.7,16.7,D,0
24.1363,94.2122,317.6,1,1,2026-04-23,849,Aqua,MODIS,36,61.03,301.3,7,D,0
24.1377,94.2217,324.9,1,1,2026-04-23,849,Aqua,MODIS,77,61.03,302,13.8,D,0
24.1407,92.5766,310.7,1,1,2026-04-23,849,Aqua,MODIS,50,61.03,298.6,4.6,D,0
24.144,94.5141,317.6,1,1,2026-04-23,849,Aqua,MODIS,61,61.03,301.2,6.1,D,0
24.1568,93.7259,311.3,1,1,2026-04-23,849,Aqua,MODIS,47,61.03,296.4,6.3,D,0
24.1632,94.3193,328.5,1,1,2026-04-23,849,Aqua,MODIS,81,61.03,306.7,13.9,D,0
24.1776,94.4984,319.7,1,1,2026-04-23,849,Aqua,MODIS,53,61.03,303.2,7.8,D,0
24.1824,96.9197,322.2,1.2,1.1,2026-04-23,849,Aqua,MODIS,51,61.03,303.4,11.1,D,0
24.1886,91.9412,312.9,1.1,1,2026-04-23,849,Aqua,MODIS,56,61.03,297.9,6.3,D,0
24.1958,96.8711,321.4,1.2,1.1,2026-04-23,849,Aqua,MODIS,58,61.03,305.9,9.7,D,0
24.2026,91.9703,310.9,1.1,1,2026-04-23,849,Aqua,MODIS,46,61.03,297.8,4.4,D,0
24.2029,95.4017,316.4,1.1,1,2026-04-23,849,Aqua,MODIS,49,61.03,302.7,5.8,D,0
24.2098,93.8168,319.3,1,1,2026-04-23,849,Aqua,MODIS,71,61.03,299.1,10.4,D,0
24.2107,94.5264,318.6,1,1,2026-04-23,849,Aqua,MODIS,61,61.03,303.3,7,D,0
24.2112,93.8263,315.8,1,1,2026-04-23,849,Aqua,MODIS,60,61.03,299.5,7.2,D,0
24.2198,94.8573,317,1,1,2026-04-23,849,Aqua,MODIS,61,61.03,303.5,5.8,D,0
24.2256,92.114,312.3,1.1,1,2026-04-23,849,Aqua,MODIS,56,61.03,298.8,5.7,D,0
24.2408,94.7388,316.4,1,1,2026-04-23,849,Aqua,MODIS,60,61.03,303.4,5.3,D,0
24.2449,94.452,320.8,1,1,2026-04-23,849,Aqua,MODIS,43,61.03,304.2,7.2,D,0
24.2521,94.628,318.2,1,1,2026-04-23,849,Aqua,MODIS,49,61.03,303.8,5.6,D,0
24.2608,94.6265,318.7,1,1,2026-04-23,849,Aqua,MODIS,45,61.03,303.8,6.2,D,0
24.2617,95.9695,318,1.1,1,2026-04-23,849,Aqua,MODIS,53,61.03,302.7,6.6,D,0
24.2709,95.9684,320.6,1.1,1,2026-04-23,849,Aqua,MODIS,68,61.03,302.6,9.5,D,0
24.2773,94.7425,324.6,1,1,2026-04-23,849,Aqua,MODIS,57,61.03,304.7,12.8,D,0
24.2787,94.7522,321.5,1,1,2026-04-23,849,Aqua,MODIS,54,61.03,304.2,9.5,D,0
24.2801,96.3963,327.4,1.2,1.1,2026-04-23,849,Aqua,MODIS,79,61.03,306.4,15.7,D,0
24.2803,94.488,324,1,1,2026-04-23,849,Aqua,MODIS,76,61.03,303.2,11.7,D,0
24.2816,94.4976,321.3,1,1,2026-04-23,849,Aqua,MODIS,72,61.03,302.7,9.4,D,0
24.3021,94.6422,318.1,1,1,2026-04-23,849,Aqua,MODIS,66,61.03,303.3,6.3,D,0
24.3085,96.7707,318.1,1.2,1.1,2026-04-23,849,Aqua,MODIS,46,61.03,303.4,7.2,D,0
24.3157,95.0154,315.1,1,1,2026-04-23,849,Aqua,MODIS,53,61.03,302,5.4,D,0
24.3182,94.9048,318.8,1,1,2026-04-23,849,Aqua,MODIS,46,61.03,302,6.8,D,0
24.3305,96.7907,332.9,1.2,1.1,2026-04-23,849,Aqua,MODIS,84,61.03,303.8,29.2,D,0
24.3407,96.8722,316.7,1.2,1.1,2026-04-23,849,Aqua,MODIS,63,61.03,301.7,8.8,D,0
24.3422,96.8839,319.8,1.2,1.1,2026-04-23,849,Aqua,MODIS,69,61.03,302,12.4,D,0
24.3429,96.9677,317.6,1.2,1.1,2026-04-23,849,Aqua,MODIS,63,61.03,301.6,8.1,D,0
24.3506,94.6039,324.8,1,1,2026-04-23,849,Aqua,MODIS,77,61.03,302,15.7,D,0
24.352,94.6136,314.4,1,1,2026-04-23,849,Aqua,MODIS,38,61.03,301.5,5,D,0
24.3548,95.4982,315.6,1.1,1,2026-04-23,849,Aqua,MODIS,53,61.03,302.3,5.8,D,0
24.3557,93.6128,311.9,1,1,2026-04-23,849,Aqua,MODIS,52,61.03,296.3,6.3,D,0
24.3571,93.6224,311.8,1,1,2026-04-23,849,Aqua,MODIS,52,61.03,295.8,6.7,D,0
24.3591,96.7863,329.5,1.2,1.1,2026-04-23,849,Aqua,MODIS,81,61.03,303.3,24.6,D,0
24.3606,96.7975,326.4,1.2,1.1,2026-04-23,849,Aqua,MODIS,76,61.03,301.3,20.5,D,0
24.3628,96.739,319,1.2,1.1,2026-04-23,849,Aqua,MODIS,67,61.03,303.3,9.1,D,0
24.3743,94.378,320.8,1,1,2026-04-23,849,Aqua,MODIS,72,61.03,304.4,7.1,D,0
24.3759,94.5154,322.4,1,1,2026-04-23,849,Aqua,MODIS,74,61.03,304.7,10.4,D,0
24.3787,94.7383,327.3,1,1,2026-04-23,849,Aqua,MODIS,67,61.03,305.1,14.8,D,0
24.3879,96.782,332.8,1.2,1.1,2026-04-23,849,Aqua,MODIS,84,61.03,302.3,30.7,D,0
24.3895,94.6115,325.6,1,1,2026-04-23,849,Aqua,MODIS,65,61.03,301.7,14.2,D,0
24.3935,94.7158,318.7,1,1,2026-04-23,849,Aqua,MODIS,53,61.03,303.8,5.3,D,0
24.3959,96.769,329.8,1.2,1.1,2026-04-23,849,Aqua,MODIS,73,61.03,303.2,24.4,D,0
24.3974,96.7804,348,1.2,1.1,2026-04-23,849,Aqua,MODIS,94,61.03,303.1,64.3,D,0
24.3983,94.6099,324.8,1,1,2026-04-23,849,Aqua,MODIS,77,61.03,301.3,14.2,D,0
24.3993,96.9467,326.3,1.2,1.1,2026-04-23,849,Aqua,MODIS,78,61.03,301.8,23.1,D,0
24.4007,96.958,316,1.2,1.1,2026-04-23,849,Aqua,MODIS,62,61.03,300.9,8.5,D,0
24.4014,96.773,335.2,1.2,1.1,2026-04-23,849,Aqua,MODIS,86,61.03,303.2,35.9,D,0
24.4028,96.7843,322.7,1.2,1.1,2026-04-23,849,Aqua,MODIS,74,61.03,300.7,16.4,D,0
24.4052,96.7256,321.5,1.2,1.1,2026-04-23,849,Aqua,MODIS,33,61.03,303,12,D,0
24.4101,92.8101,317.9,1,1,2026-04-23,849,Aqua,MODIS,71,61.03,299.2,10.3,D,0
24.4116,92.8199,315.3,1,1,2026-04-23,849,Aqua,MODIS,66,61.03,299.1,7.9,D,0
24.4147,96.7242,320.6,1.2,1.1,2026-04-23,849,Aqua,MODIS,57,61.03,303.1,11.1,D,0
24.4151,94.5382,320.5,1,1,2026-04-23,849,Aqua,MODIS,44,61.03,302.9,7.8,D,0
24.4161,96.7354,319.6,1.2,1.1,2026-04-23,849,Aqua,MODIS,54,61.03,301.9,10.4,D,0
24.4163,92.909,314.4,1,1,2026-04-23,849,Aqua,MODIS,64,61.03,297.8,8.2,D,0
24.4246,94.6054,314.6,1,1,2026-04-23,849,Aqua,MODIS,23,61.03,300.3,4.3,D,0
24.4306,94.5847,313.6,1,1,2026-04-23,849,Aqua,MODIS,28,61.03,299.1,3.7,D,0
24.4316,96.7802,326.6,1.2,1.1,2026-04-23,849,Aqua,MODIS,79,61.03,301.9,20.4,D,0
24.4361,94.6234,316.4,1,1,2026-04-23,849,Aqua,MODIS,57,61.03,301.9,6,D,0
24.4367,96.2574,317.7,1.1,1.1,2026-04-23,849,Aqua,MODIS,51,61.03,304,9.3,D,0
24.4382,92.875,311.7,1,1,2026-04-23,849,Aqua,MODIS,56,61.03,297.5,5.3,D,0
24.4441,96.8019,317.8,1.2,1.1,2026-04-23,849,Aqua,MODIS,54,61.03,302.4,9.2,D,0
24.4455,96.8132,319.6,1.2,1.1,2026-04-23,849,Aqua,MODIS,69,61.03,301.5,12.3,D,0
24.4467,95.767,317.4,1.1,1,2026-04-23,849,Aqua,MODIS,58,61.03,301.6,7.2,D,0
24.4695,96.5131,322.1,1.2,1.1,2026-04-23,849,Aqua,MODIS,73,61.03,305.6,11.7,D,0
24.4709,96.5244,317.9,1.2,1.1,2026-04-23,849,Aqua,MODIS,48,61.03,304.6,6.8,D,0
24.5135,94.8327,319.6,1,1,2026-04-23,849,Aqua,MODIS,54,61.03,303.6,5.7,D,0
24.5182,94.8018,324.6,1,1,2026-04-23,849,Aqua,MODIS,77,61.03,304.4,10.4,D,0
24.5196,94.8116,325.7,1,1,2026-04-23,849,Aqua,MODIS,78,61.03,304.7,11.5,D,0
24.5331,94.4619,324.7,1,1,2026-04-23,849,Aqua,MODIS,77,61.03,302.6,12.9,D,0
24.5661,95.493,316.2,1.1,1,2026-04-23,849,Aqua,MODIS,52,61.03,302.7,6.5,D,0
24.5882,94.85,324,1,1,2026-04-23,849,Aqua,MODIS,69,61.03,303.8,12.3,D,0
24.6043,94.2566,331.8,1,1,2026-04-23,849,Aqua,MODIS,84,61.03,302,26.1,D,0
24.6057,94.2661,322.8,1,1,2026-04-23,849,Aqua,MODIS,75,61.03,300.5,14.8,D,0
24.607,96.2689,319.9,1.1,1.1,2026-04-23,849,Aqua,MODIS,69,61.03,302.2,11.1,D,0
24.617,94.2574,327.4,1,1,2026-04-23,849,Aqua,MODIS,80,61.03,300.6,21,D,0
24.6415,95.5684,319.2,1.1,1,2026-04-23,849,Aqua,MODIS,63,61.03,302.5,8.8,D,0
24.6417,94.2429,319.5,1,1,2026-04-23,849,Aqua,MODIS,71,61.03,296.8,13.5,D,0
24.6623,95.5859,317.8,1.1,1,2026-04-23,849,Aqua,MODIS,54,61.03,302.9,6.9,D,0
24.6745,95.3384,313.6,1.1,1,2026-04-23,849,Aqua,MODIS,37,61.03,298.8,5.3,D,0
24.6779,96.3308,328.2,1.2,1.1,2026-04-23,849,Aqua,MODIS,80,61.03,305.3,21.1,D,0
24.7255,96.3508,317.9,1.2,1.1,2026-04-23,849,Aqua,MODIS,55,61.03,303.3,8.8,D,0
24.5814,93.2695,355.6,1,1,2026-04-23,850,Aqua,MODIS,98,61.03,298.2,71.1,D,0
24.5828,93.279,341.5,1,1,2026-04-23,850,Aqua,MODIS,91,61.03,295.5,41.7,D,0
24.6232,83.2926,326.7,4.1,1.9,2026-04-23,850,Aqua,MODIS,60,61.03,309.9,76.2,D,0
24.6265,93.2116,326.3,1,1,2026-04-23,850,Aqua,MODIS,80,61.03,296.8,19.9,D,0
24.655,93.1405,361,1,1,2026-04-23,850,Aqua,MODIS,100,61.03,298.3,84.3,D,0
24.6594,93.11,312.3,1,1,2026-04-23,850,Aqua,MODIS,50,61.03,297,5.1,D,0
24.6608,93.1196,313.1,1,1,2026-04-23,850,Aqua,MODIS,47,61.03,297.5,5.6,D,0
24.706,93.0618,316.6,1,1,2026-04-23,850,Aqua,MODIS,68,61.03,297,9.7,D,0
24.7075,93.0714,314,1,1,2026-04-23,850,Aqua,MODIS,62,61.03,296.1,7.3,D,0
24.735,93.1795,310.4,1,1,2026-04-23,850,Aqua,MODIS,52,61.03,293.5,5.3,D,0
24.7365,93.1891,309.1,1,1,2026-04-23,850,Aqua,MODIS,42,61.03,293.3,4.4,D,0
24.7535,93.4377,315.2,1,1,2026-04-23,850,Aqua,MODIS,53,61.03,295,8.5,D,0
24.7622,93.4362,380.1,1,1,2026-04-23,850,Aqua,MODIS,100,61.03,298.5,149.1,D,0
24.8034,94.7351,316,1,1,2026-04-23,850,Aqua,MODIS,52,61.03,300.9,6.2,D,0
24.8434,93.4845,311,1,1,2026-04-23,850,Aqua,MODIS,48,61.03,295.3,6.4,D,0
24.8454,83.7912,326.6,3.7,1.8,2026-04-23,850,Aqua,MODIS,70,61.03,309.5,65.6,D,0
24.8508,83.7943,328.8,3.7,1.8,2026-04-23,850,Aqua,MODIS,74,61.03,310.1,82.3,D,0
24.9041,95.1335,314.8,1,1,2026-04-23,850,Aqua,MODIS,51,61.03,298.7,6.7,D,0
24.9055,95.1436,320.1,1,1,2026-04-23,850,Aqua,MODIS,71,61.03,299.2,11.9,D,0
24.907,94.8113,319.9,1,1,2026-04-23,850,Aqua,MODIS,72,61.03,300.6,9.4,D,0
24.9083,94.8212,324.2,1,1,2026-04-23,850,Aqua,MODIS,78,61.03,300.6,13.7,D,0
24.9174,94.2356,312.9,1,1,2026-04-23,850,Aqua,MODIS,61,61.03,295.6,8.4,D,0
24.9261,94.2341,341.7,1,1,2026-04-23,850,Aqua,MODIS,91,61.03,298,42.9,D,0
24.9275,94.2437,326.4,1,1,2026-04-23,850,Aqua,MODIS,80,61.03,295.6,20.9,D,0
24.9294,83.8042,324,3.7,1.8,2026-04-23,850,Aqua,MODIS,51,61.03,305.5,41.5,D,0
24.9367,83.838,325.3,3.6,1.8,2026-04-23,850,Aqua,MODIS,45,61.03,307.5,50.7,D,0
24.9403,94.2712,320.7,1,1,2026-04-23,850,Aqua,MODIS,74,61.03,298.1,14.5,D,0
24.9475,83.2297,325.9,4,1.9,2026-04-23,850,Aqua,MODIS,25,61.03,308.6,60.6,D,0
24.9544,83.2226,325.2,4,1.9,2026-04-23,850,Aqua,MODIS,63,61.03,307.9,59.6,D,0
24.9715,93.1038,319.1,1,1,2026-04-23,850,Aqua,MODIS,74,61.03,291.7,12.2,D,0
24.973,93.1133,341.3,1,1,2026-04-23,850,Aqua,MODIS,91,61.03,291.7,41.4,D,0
24.9817,93.1118,321.4,1,1,2026-04-23,850,Aqua,MODIS,67,61.03,290.8,16,D,0
24.9873,93.9516,317.6,1,1,2026-04-23,850,Aqua,MODIS,68,61.03,297.2,10.7,D,0
24.9893,94.6801,320.9,1,1,2026-04-23,850,Aqua,MODIS,74,61.03,299.6,13.3,D,0
25.0354,94.9458,314.5,1,1,2026-04-23,850,Aqua,MODIS,62,61.03,299.7,5.3,D,0
25.0475,96.3396,316.8,1.2,1.1,2026-04-23,850,Aqua,MODIS,56,61.03,301.3,8.6,D,0
25.0593,84.0438,335.8,3.5,1.8,2026-04-23,850,Aqua,MODIS,83,61.03,309.2,120.2,D,2
25.0687,93.9414,313.6,1,1,2026-04-23,850,Aqua,MODIS,61,61.03,295.4,7.3,D,0
25.0753,83.6364,329.2,3.7,1.8,2026-04-23,850,Aqua,MODIS,68,61.03,306,80.3,D,0
25.0806,83.6422,335.5,3.7,1.8,2026-04-23,850,Aqua,MODIS,83,61.03,305.3,140.5,D,0
25.0871,84.1723,332.3,3.4,1.7,2026-04-23,850,Aqua,MODIS,79,61.03,310.4,93,D,0
25.1001,94.9383,318.6,1,1,2026-04-23,850,Aqua,MODIS,55,61.03,298.7,8.5,D,0
25.1009,94.2898,308.3,1,1,2026-04-23,850,Aqua,MODIS,44,61.03,293.1,4.6,D,0
25.1075,94.9267,322.2,1,1,2026-04-23,850,Aqua,MODIS,76,61.03,297.6,13.1,D,0
25.1439,94.5299,319,1,1,2026-04-23,850,Aqua,MODIS,68,61.03,298.5,13.4,D,0
25.144,84.152,326.2,3.4,1.7,2026-04-23,850,Aqua,MODIS,67,61.03,310.1,41,D,0
25.1465,84.1562,327.9,3.4,1.7,2026-04-23,850,Aqua,MODIS,50,61.03,310.3,49.1,D,0
25.1509,84.1837,328.6,3.4,1.7,2026-04-23,850,Aqua,MODIS,74,61.03,309.5,59.5,D,0
25.1604,96.8837,314.5,1.3,1.1,2026-04-23,850,Aqua,MODIS,60,61.03,300.6,7.6,D,0
25.1702,93.877,315.3,1,1,2026-04-23,850,Aqua,MODIS,33,61.03,289.1,9.5,D,0
25.1789,93.8756,326,1,1,2026-04-23,850,Aqua,MODIS,77,61.03,292.1,19.3,D,0
25.1803,93.8851,390.2,1,1,2026-04-23,850,Aqua,MODIS,100,61.03,294.6,195.7,D,0
25.1872,94.5821,328,1,1,2026-04-23,850,Aqua,MODIS,77,61.03,298.2,23.9,D,0
25.1885,94.5915,343.4,1,1,2026-04-23,850,Aqua,MODIS,80,61.03,293.9,47.9,D,0
25.1937,95.0191,323.3,1,1,2026-04-23,850,Aqua,MODIS,77,61.03,301.6,14.1,D,0
25.2047,94.493,323.4,1,1,2026-04-23,850,Aqua,MODIS,66,61.03,296.6,16.1,D,0
25.21,96.7294,326.2,1.2,1.1,2026-04-23,850,Aqua,MODIS,76,61.03,301.1,21.7,D,0
25.2549,95.2676,320,1.1,1,2026-04-23,850,Aqua,MODIS,72,61.03,302.7,9.2,D,0
25.2616,96.0041,319.4,1.1,1.1,2026-04-23,850,Aqua,MODIS,25,61.03,304.6,8.2,D,0
25.263,96.015,335.8,1.1,1.1,2026-04-23,850,Aqua,MODIS,87,61.03,305.3,32.5,D,0
25.2673,96.4664,323.8,1.2,1.1,2026-04-23,850,Aqua,MODIS,63,61.03,304.1,13.6,D,0
25.2723,96.0135,324.8,1.1,1.1,2026-04-23,850,Aqua,MODIS,73,61.03,302.5,16.1,D,0
25.2948,84.2703,326.1,3.3,1.7,2026-04-23,850,Aqua,MODIS,55,61.03,309.4,41.4,D,0
25.3036,95.964,319.2,1.1,1.1,2026-04-23,850,Aqua,MODIS,63,61.03,305.3,7,D,0
25.3133,93.9572,310.6,1,1,2026-04-23,850,Aqua,MODIS,48,61.03,295.2,7.1,D,0
25.3214,93.8281,318,1,1,2026-04-23,850,Aqua,MODIS,0,61.03,287.9,13.9,D,0
25.3357,84.3889,324.1,3.2,1.7,2026-04-23,850,Aqua,MODIS,64,61.03,309,33,D,2
25.3381,93.9432,307.5,1,1,2026-04-23,850,Aqua,MODIS,23,61.03,293.8,5,D,0
25.3422,84.4191,325.8,3.2,1.7,2026-04-23,850,Aqua,MODIS,68,61.03,309.5,42,D,0
25.3615,84.1491,327.9,3.4,1.7,2026-04-23,850,Aqua,MODIS,72,61.03,309,54.2,D,0
25.368,93.7806,314.2,1,1,2026-04-23,850,Aqua,MODIS,70,61.03,298.2,9.1,D,0
25.3864,95.281,320.8,1.1,1,2026-04-23,850,Aqua,MODIS,73,61.03,301.7,10.9,D,0
25.3878,95.2912,333.1,1.1,1,2026-04-23,850,Aqua,MODIS,85,61.03,301.6,27,D,0
25.4185,93.864,324.6,1,1,2026-04-23,850,Aqua,MODIS,81,61.03,292.8,19.3,D,0
25.4191,84.1263,339.3,3.4,1.7,2026-04-23,850,Aqua,MODIS,86,61.03,311.9,147.1,D,0
25.4206,84.1331,337.8,3.4,1.7,2026-04-23,850,Aqua,MODIS,85,61.03,311.9,132.2,D,0
25.4404,84.2269,325,3.3,1.7,2026-04-23,850,Aqua,MODIS,66,61.03,309.4,36.8,D,0
25.4463,84.2509,332.3,3.3,1.7,2026-04-23,850,Aqua,MODIS,79,61.03,309.6,90.6,D,0
25.4469,84.2578,330.3,3.3,1.7,2026-04-23,850,Aqua,MODIS,76,61.03,309.4,74.6,D,0
25.4625,93.3478,363.8,1,1,2026-04-23,850,Aqua,MODIS,100,61.03,299.5,90.6,D,0
25.464,93.3574,313.6,1,1,2026-04-23,850,Aqua,MODIS,68,61.03,297.7,5.6,D,0
25.467,93.3174,332.5,1,1,2026-04-23,850,Aqua,MODIS,86,61.03,298.5,26.8,D,0
25.4684,93.327,351.4,1,1,2026-04-23,850,Aqua,MODIS,96,61.03,299,59.7,D,0
25.4763,84.1066,326.2,3.4,1.7,2026-04-23,850,Aqua,MODIS,47,61.03,310,42.2,D,0
25.4889,93.2682,339.3,1,1,2026-04-23,850,Aqua,MODIS,90,61.03,297,37.3,D,0
25.4891,96.1912,326.3,1.2,1.1,2026-04-23,850,Aqua,MODIS,79,61.03,298.8,22.7,D,0
25.5196,93.0546,318.1,1,1,2026-04-23,850,Aqua,MODIS,0,61.03,290.5,11.2,D,0
25.5203,96.5854,316.9,1.2,1.1,2026-04-23,850,Aqua,MODIS,66,61.03,302.6,10,D,0
25.5218,96.5972,315.6,1.2,1.1,2026-04-23,850,Aqua,MODIS,53,61.03,302.9,8.1,D,0
25.5438,92.9541,347.1,1,1,2026-04-23,850,Aqua,MODIS,94,61.03,294.9,51.5,D,0
25.5452,92.9638,326.3,1,1,2026-04-23,850,Aqua,MODIS,81,61.03,295.6,18.8,D,0
25.5464,96.7144,320.2,1.2,1.1,2026-04-23,850,Aqua,MODIS,61,61.03,304,8.5,D,0
25.5706,93.5787,314,1,1,2026-04-23,850,Aqua,MODIS,67,61.03,298.4,5.7,D,0
25.572,93.5883,325.3,1,1,2026-04-23,850,Aqua,MODIS,81,61.03,298.6,16.6,D,0
25.5743,92.9185,316.2,1,1,2026-04-23,850,Aqua,MODIS,70,61.03,297.5,7.7,D,0
25.5758,92.9282,323.4,1,1,2026-04-23,850,Aqua,MODIS,79,61.03,297.6,14.5,D,0
25.5889,92.9556,337.1,1,1,2026-04-23,850,Aqua,MODIS,89,61.03,298.3,32,D,0
25.5903,92.9653,315,1,1,2026-04-23,850,Aqua,MODIS,68,61.03,298.2,6.3,D,0
25.5951,84.3674,331.5,3.2,1.7,2026-04-23,850,Aqua,MODIS,78,61.03,309.9,84.4,D,0
25.6338,92.8819,312.1,1,1,2026-04-23,850,Aqua,MODIS,62,61.03,297.4,4.5,D,0
25.6576,94.7033,313.8,1,1,2026-04-23,850,Aqua,MODIS,65,61.03,299.8,6.6,D,0
25.6986,96.6178,323.8,1.2,1.1,2026-04-23,850,Aqua,MODIS,77,61.03,305.1,17.3,D,0
25.7001,96.6297,338.8,1.2,1.1,2026-04-23,850,Aqua,MODIS,89,61.03,303.6,43,D,0
25.7402,96.6356,332.9,1.2,1.1,2026-04-23,850,Aqua,MODIS,85,61.03,303.4,29.4,D,0
25.7417,96.6475,344,1.2,1.1,2026-04-23,850,Aqua,MODIS,92,61.03,303.6,53.4,D,0
25.7485,94.7633,324.2,1,1,2026-04-23,850,Aqua,MODIS,48,61.03,304,15.8,D,0
25.7564,96.6088,328.1,1.2,1.1,2026-04-23,850,Aqua,MODIS,81,61.03,302.5,22.9,D,0
25.758,96.6207,317.8,1.2,1.1,2026-04-23,850,Aqua,MODIS,24,61.03,303.1,7.5,D,0
25.76,96.6147,328,1.2,1.1,2026-04-23,850,Aqua,MODIS,81,61.03,303.1,22,D,0
25.7604,96.7172,331.2,1.2,1.1,2026-04-23,850,Aqua,MODIS,84,61.03,301.7,31.6,D,0
25.7913,96.322,335.2,1.2,1.1,2026-04-23,850,Aqua,MODIS,87,61.03,299.5,40,D,0
25.8085,92.5766,319.7,1,1,2026-04-23,850,Aqua,MODIS,70,61.03,293.4,13,D,0
25.8303,92.5421,316.5,1,1,2026-04-23,850,Aqua,MODIS,70,61.03,291.6,9.3,D,0
25.8329,92.4241,308.7,1,1,2026-04-23,850,Aqua,MODIS,20,61.03,292.6,4.6,D,0
25.839,92.4633,335.5,1,1,2026-04-23,850,Aqua,MODIS,88,61.03,294.2,32.8,D,0
25.8566,92.4599,341.5,1,1,2026-04-23,850,Aqua,MODIS,79,61.03,291.2,42.1,D,0
25.8646,92.6295,314.2,1,1,2026-04-23,850,Aqua,MODIS,36,61.03,290.4,7,D,0
25.8743,93.3705,318.1,1,1,2026-04-23,850,Aqua,MODIS,72,61.03,297.5,10.2,D,0
25.8822,92.6263,315.8,1,1,2026-04-23,850,Aqua,MODIS,43,61.03,294,9,D,0
25.8824,91.5675,310.9,1.1,1,2026-04-23,850,Aqua,MODIS,52,61.03,296.9,5.2,D,0
25.8837,92.636,315.7,1,1,2026-04-23,850,Aqua,MODIS,42,61.03,292.9,8.7,D,0
25.8846,95.9171,322.3,1.1,1.1,2026-04-23,850,Aqua,MODIS,76,61.03,301.6,14.2,D,0
25.8942,82.726,325.4,4.1,1.9,2026-04-23,850,Aqua,MODIS,69,61.03,307.1,57.1,D,0
25.8982,91.6074,315.5,1.1,1,2026-04-23,850,Aqua,MODIS,56,61.03,296.5,7.9,D,0
25.9039,82.7269,324.9,4.1,1.9,2026-04-23,850,Aqua,MODIS,67,61.03,307.3,53.8,D,0
25.9072,91.6057,321.4,1.1,1,2026-04-23,850,Aqua,MODIS,75,61.03,297.9,14.5,D,0
25.9089,91.6162,345.6,1.1,1,2026-04-23,850,Aqua,MODIS,93,61.03,298.1,52.9,D,0
25.9165,95.4522,316.1,1.1,1,2026-04-23,850,Aqua,MODIS,38,61.03,301.5,8.1,D,0
25.9203,92.452,322.2,1,1,2026-04-23,850,Aqua,MODIS,76,61.03,295.7,15.7,D,0
25.9252,92.3087,310.9,1,1,2026-04-23,850,Aqua,MODIS,54,61.03,296.8,4.8,D,0
25.9264,92.4911,313.2,1,1,2026-04-23,850,Aqua,MODIS,50,61.03,296.5,6.3,D,0
25.9468,95.2645,317.4,1.1,1,2026-04-23,850,Aqua,MODIS,70,61.03,302.7,11.8,D,0
25.9497,92.4664,314.4,1,1,2026-04-23,850,Aqua,MODIS,62,61.03,296.1,7,D,0
25.9511,93.2606,318.4,1,1,2026-04-23,850,Aqua,MODIS,72,61.03,296.1,10.3,D,0
25.9512,92.4762,334.8,1,1,2026-04-23,850,Aqua,MODIS,87,61.03,296.8,30.1,D,0
25.9541,93.2205,316.3,1,1,2026-04-23,850,Aqua,MODIS,68,61.03,295.7,7.8,D,0
25.9584,92.4647,312.9,1,1,2026-04-23,850,Aqua,MODIS,60,61.03,296.3,6.1,D,0
25.9599,92.4744,312.3,1,1,2026-04-23,850,Aqua,MODIS,46,61.03,296.6,5.3,D,0
25.9646,95.4646,315.5,1.1,1,2026-04-23,850,Aqua,MODIS,63,61.03,299.1,9.1,D,0
25.9908,95.6596,318.2,1.1,1.1,2026-04-23,850,Aqua,MODIS,46,61.03,300.7,8.7,D,0
26.0023,92.2048,318.9,1,1,2026-04-23,850,Aqua,MODIS,72,61.03,297,10.9,D,0
26.0332,93.4534,320.7,1,1,2026-04-23,850,Aqua,MODIS,75,61.03,296.2,13.8,D,0
26.0448,95.5888,318.7,1.1,1.1,2026-04-23,850,Aqua,MODIS,72,61.03,303.1,11.1,D,0
26.0598,93.3736,312.3,1,1,2026-04-23,850,Aqua,MODIS,59,61.03,296.3,5.7,D,0
26.0729,93.3415,328.5,1,1,2026-04-23,850,Aqua,MODIS,82,61.03,295.8,20.9,D,0
26.0816,93.3399,315.7,1,1,2026-04-23,850,Aqua,MODIS,59,61.03,296.4,8.1,D,0
26.0838,83.5496,324.9,3.6,1.8,2026-04-23,850,Aqua,MODIS,70,61.03,309.6,46.6,D,0
26.102,93.2965,326.9,1,1,2026-04-23,850,Aqua,MODIS,57,61.03,294.3,16.7,D,0
26.1031,93.4251,313.6,1,1,2026-04-23,850,Aqua,MODIS,63,61.03,295.8,7.5,D,0
26.1045,93.4347,325.9,1,1,2026-04-23,850,Aqua,MODIS,80,61.03,296.6,19.3,D,0
26.1047,93.3753,317.7,1,1,2026-04-23,850,Aqua,MODIS,57,61.03,295.4,9.9,D,0
26.1048,93.3158,319.9,1,1,2026-04-23,850,Aqua,MODIS,38,61.03,294,11.3,D,0
26.1061,93.3849,319.5,1,1,2026-04-23,850,Aqua,MODIS,73,61.03,295.6,12,D,0
26.1064,93.2659,326.5,1,1,2026-04-23,850,Aqua,MODIS,41,61.03,295.2,15.3,D,0
26.1137,93.2547,339.4,1,1,2026-04-23,850,Aqua,MODIS,85,61.03,294.7,33.1,D,0
26.1151,93.2643,346.5,1,1,2026-04-23,850,Aqua,MODIS,94,61.03,293.4,46.1,D,0
26.1179,95.7262,321.1,1.1,1.1,2026-04-23,850,Aqua,MODIS,75,61.03,301.6,12.4,D,0
26.1294,93.3608,321.9,1,1,2026-04-23,850,Aqua,MODIS,76,61.03,295.3,13.9,D,0
26.1525,93.3104,352.1,1,1,2026-04-23,850,Aqua,MODIS,96,61.03,295.7,59.8,D,0
26.2008,92.8983,330.6,1,1,2026-04-23,850,Aqua,MODIS,83,61.03,296.9,24.3,D,0
26.2023,92.908,315.2,1,1,2026-04-23,850,Aqua,MODIS,64,61.03,296.1,7.6,D,0
26.2096,92.8967,317.3,1,1,2026-04-23,850,Aqua,MODIS,68,61.03,296.5,10,D,0
26.2343,96.7317,320.3,1.3,1.1,2026-04-23,850,Aqua,MODIS,74,61.03,302.3,13.1,D,0
26.2383,93.269,312.1,1,1,2026-04-23,850,Aqua,MODIS,21,61.03,293.4,4.9,D,0
26.2456,93.2578,326,1,1,2026-04-23,850,Aqua,MODIS,80,61.03,294.7,17.9,D,0
26.2554,94.4251,309,1,1,2026-04-23,850,Aqua,MODIS,48,61.03,294.7,5.7,D,0
26.2923,92.1093,317.4,1,1,2026-04-23,850,Aqua,MODIS,69,61.03,298.6,7.4,D,0
26.3073,96.7581,319.7,1.3,1.1,2026-04-23,850,Aqua,MODIS,73,61.03,301.1,13.7,D,0
26.3131,96.0872,315.3,1.2,1.1,2026-04-23,850,Aqua,MODIS,59,61.03,298.6,9,D,0
26.3146,96.0987,311.6,1.2,1.1,2026-04-23,850,Aqua,MODIS,24,61.03,297.1,5.4,D,0
26.3437,93.7461,330.3,1,1,2026-04-23,850,Aqua,MODIS,84,61.03,297.6,23.4,D,0
26.3451,93.7558,314.1,1,1,2026-04-23,850,Aqua,MODIS,63,61.03,297.2,6.5,D,0
26.356,95.51,312.2,1.1,1.1,2026-04-23,850,Aqua,MODIS,47,61.03,296.8,6.5,D,0
26.3591,83.2364,326.1,3.7,1.8,2026-04-23,850,Aqua,MODIS,69,61.03,307.5,64.2,D,0
26.3746,96.5679,317.7,1.2,1.1,2026-04-23,850,Aqua,MODIS,52,61.03,302.5,10.4,D,0
26.3992,93.61,312.4,1,1,2026-04-23,850,Aqua,MODIS,52,61.03,294.9,6.4,D,0
26.4064,95.5372,348.4,1.1,1.1,2026-04-23,850,Aqua,MODIS,95,61.03,300.9,61.1,D,0
26.4093,95.7031,323,1.1,1.1,2026-04-23,850,Aqua,MODIS,55,61.03,299.5,16.4,D,0
26.4107,95.7138,344.2,1.1,1.1,2026-04-23,850,Aqua,MODIS,93,61.03,300.8,53,D,0
26.424,94.3744,317.8,1,1,2026-04-23,850,Aqua,MODIS,71,61.03,296.9,10.8,D,0
26.4383,95.5654,314.5,1.1,1.1,2026-04-23,850,Aqua,MODIS,66,61.03,297.8,9.4,D,0
26.455,94.3385,321.9,1,1,2026-04-23,850,Aqua,MODIS,76,61.03,297.2,14.3,D,0
26.4771,95.7292,309.2,1.1,1.1,2026-04-23,850,Aqua,MODIS,50,61.03,297.2,5.3,D,0
26.4817,95.6185,313.5,1.1,1.1,2026-04-23,850,Aqua,MODIS,61,61.03,300.6,6.7,D,0
26.5035,93.1812,317.3,1,1,2026-04-23,850,Aqua,MODIS,67,61.03,296.3,10.5,D,0
26.5195,93.6821,341.6,1,1,2026-04-23,850,Aqua,MODIS,91,61.03,297.8,39.7,D,0
26.5282,93.6805,317,1,1,2026-04-23,850,Aqua,MODIS,62,61.03,294.9,8.1,D,0
26.5301,94.3394,316.5,1,1,2026-04-23,850,Aqua,MODIS,69,61.03,298,8.8,D,0
26.5442,93.6677,316.8,1,1,2026-04-23,850,Aqua,MODIS,48,61.03,296.5,8.1,D,0
26.5677,94.6093,310.4,1,1,2026-04-23,850,Aqua,MODIS,48,61.03,297.2,4.5,D,0
26.5771,96.5296,312.7,1.2,1.1,2026-04-23,850,Aqua,MODIS,63,61.03,299.6,6.4,D,0
26.5785,93.6948,313.9,1,1,2026-04-23,850,Aqua,MODIS,59,61.03,295.3,6.3,D,0
26.6593,96.3762,312.2,1.2,1.1,2026-04-23,850,Aqua,MODIS,62,61.03,298.9,6,D,0
26.7014,84.3702,319.8,3,1.7,2026-04-23,850,Aqua,MODIS,60,61.03,305.6,27.5,D,0
27.2572,90.0493,325.6,1.2,1.1,2026-04-23,850,Aqua,MODIS,84,61.03,300.4,24.9,D,0
27.2596,90.0636,323,1.2,1.1,2026-04-23,850,Aqua,MODIS,82,61.03,296.2,21.2,D,0
27.3427,89.6956,305.4,1.3,1.1,2026-04-23,850,Aqua,MODIS,61,61.03,293,8.7,D,0
27.345,89.7088,309.7,1.3,1.1,2026-04-23,850,Aqua,MODIS,69,61.03,294.4,13.4,D,0
26.6181,82.8749,324.4,3.9,1.8,2026-04-23,851,Aqua,MODIS,74,61.03,308.5,48.1,D,0
26.6249,82.8801,325.4,3.9,1.8,2026-04-23,851,Aqua,MODIS,74,61.03,308.7,56.2,D,0
27.3281,84.4029,314.8,2.9,1.6,2026-04-23,851,Aqua,MODIS,61,61.03,299.8,22.9,D,0
27.402,82.4789,322.5,3.9,1.8,2026-04-23,851,Aqua,MODIS,76,61.03,309,53.3,D,0
27.4117,82.6367,321.9,3.8,1.8,2026-04-23,851,Aqua,MODIS,69,61.03,307,39.4,D,0
27.4163,86.0041,316,2.2,1.4,2026-04-23,851,Aqua,MODIS,64,61.03,297.7,26.8,D,0
27.4203,82.6305,323,3.8,1.8,2026-04-23,851,Aqua,MODIS,77,61.03,307.9,52.2,D,0
27.498,83.024,322.8,3.6,1.8,2026-04-23,851,Aqua,MODIS,76,61.03,304.5,38.8,D,0
27.6425,81.7556,324,4.4,1.9,2026-04-23,851,Aqua,MODIS,80,61.03,309.4,66.5,D,0
28.4765,81.7157,314.1,4.2,1.9,2026-04-23,851,Aqua,MODIS,62,61.03,301.7,40.9,D,0
28.5571,81.9892,313.1,4,1.9,2026-04-23,851,Aqua,MODIS,59,61.03,300.3,36.9,D,0
28.7243,82.0074,316.3,3.9,1.8,2026-04-23,851,Aqua,MODIS,50,61.03,299.4,59.1,D,0
28.732,82.008,321.3,3.9,1.8,2026-04-23,851,Aqua,MODIS,79,61.03,299.5,101.3,D,0
9.6032,76.4753,321.1,1.4,1.2,2026-04-23,1024,Aqua,MODIS,57,61.03,295.4,19,D,0
9.7343,77.382,324.1,1.7,1.3,2026-04-23,1024,Aqua,MODIS,29,61.03,306,18.5,D,0
9.7474,77.3956,337.8,1.7,1.3,2026-04-23,1024,Aqua,MODIS,86,61.03,307.7,55.1,D,0
11.4696,76.6023,327.3,1.6,1.2,2026-04-23,1024,Aqua,MODIS,41,61.03,297.4,33.5,D,0
11.4803,76.6005,320.2,1.6,1.2,2026-04-23,1024,Aqua,MODIS,39,61.03,292.2,20.8,D,0
11.8133,78.6988,323.8,2.3,1.5,2026-04-23,1024,Aqua,MODIS,69,61.03,303.9,37.2,D,0
13.3465,79.4857,322.7,2.8,1.6,2026-04-23,1025,Aqua,MODIS,59,61.03,301.8,40.3,D,0
13.5773,77.9588,330.9,2.1,1.4,2026-04-23,1025,Aqua,MODIS,78,61.03,311,42.2,D,0
13.7744,79.1899,325.9,2.7,1.6,2026-04-23,1025,Aqua,MODIS,67,61.03,303.3,52.9,D,0
13.7806,79.1955,320.3,2.7,1.6,2026-04-23,1025,Aqua,MODIS,45,61.03,302.3,29.9,D,0
14.1767,79.4551,323.2,2.9,1.6,2026-04-23,1025,Aqua,MODIS,52,61.03,300.6,40.5,D,0
14.5918,78.8729,328.5,2.6,1.6,2026-04-23,1025,Aqua,MODIS,60,61.03,304.7,49.1,D,0
14.6338,78.9334,327.2,2.7,1.6,2026-04-23,1025,Aqua,MODIS,62,61.03,304.7,46.9,D,0
14.675,75.644,327.1,1.5,1.2,2026-04-23,1025,Aqua,MODIS,72,61.03,306.9,17.3,D,0
15.2612,74.5776,319.1,1.3,1.1,2026-04-23,1025,Aqua,MODIS,59,61.03,302.3,10.2,D,0
15.7212,78.8751,329.3,2.7,1.6,2026-04-23,1025,Aqua,MODIS,69,61.03,304.6,67.8,D,0
15.7221,78.4363,330.3,2.5,1.5,2026-04-23,1025,Aqua,MODIS,77,61.03,307.4,43.4,D,0
15.723,78.421,333.6,2.5,1.5,2026-04-23,1025,Aqua,MODIS,81,61.03,308.4,60.7,D,0
17.2448,73.427,325,1.2,1.1,2026-04-23,1026,Aqua,MODIS,41,61.03,302.7,13.6,D,0
18.2991,73.5103,328.5,1.2,1.1,2026-04-23,1026,Aqua,MODIS,40,61.03,308.9,15.5,D,0
18.3087,73.5095,329.3,1.2,1.1,2026-04-23,1026,Aqua,MODIS,57,61.03,310.1,16.7,D,0
19.2927,73.3696,331.6,1.2,1.1,2026-04-23,1026,Aqua,MODIS,73,61.03,315.3,10.8,D,0
19.6714,73.1905,345.3,1.2,1.1,2026-04-23,1027,Aqua,MODIS,89,61.03,312.5,45.7,D,0
19.6728,73.2017,330,1.2,1.1,2026-04-23,1027,Aqua,MODIS,69,61.03,311,13.8,D,0
19.7642,72.9795,330.7,1.2,1.1,2026-04-23,1027,Aqua,MODIS,71,61.03,312.7,13.7,D,0
20.0394,73.3725,326.7,1.3,1.1,2026-04-23,1027,Aqua,MODIS,54,61.03,310.7,9.2,D,0
20.2932,73.5798,330.4,1.3,1.1,2026-04-23,1027,Aqua,MODIS,68,61.03,312.1,17.1,D,0
20.3161,73.601,391.1,1.3,1.1,2026-04-23,1027,Aqua,MODIS,100,61.03,318.3,275.3,D,0
20.3176,73.6126,370.2,1.3,1.1,2026-04-23,1027,Aqua,MODIS,100,61.03,313.6,147.5,D,0
20.6169,73.5644,326.9,1.3,1.1,2026-04-23,1027,Aqua,MODIS,52,61.03,311.1,10.9,D,0
20.7359,74.0106,327.2,1.4,1.2,2026-04-23,1027,Aqua,MODIS,35,61.03,310.9,12.5,D,0
20.8132,70.6772,327.3,1,1,2026-04-23,1027,Aqua,MODIS,66,61.03,309.7,12.8,D,0
20.8219,70.6758,324.4,1,1,2026-04-23,1027,Aqua,MODIS,47,61.03,308.4,9.4,D,0
21.1168,71.1974,328.7,1,1,2026-04-23,1027,Aqua,MODIS,50,61.03,313.4,7.4,D,0
21.3767,73.4246,328.6,1.3,1.1,2026-04-23,1027,Aqua,MODIS,62,61.03,311.3,15.9,D,0
21.453,69.9287,329.7,1,1,2026-04-23,1027,Aqua,MODIS,56,61.03,314.1,10.7,D,0
21.638,77.4274,328.9,2.6,1.5,2026-04-23,1027,Aqua,MODIS,64,61.03,311.3,40.7,D,0
21.6429,72.9364,326.7,1.2,1.1,2026-04-23,1027,Aqua,MODIS,38,61.03,313,10.4,D,0
21.6505,72.8413,328.3,1.2,1.1,2026-04-23,1027,Aqua,MODIS,49,61.03,314.5,15.8,D,0
21.7219,70.6975,330.2,1,1,2026-04-23,1027,Aqua,MODIS,41,61.03,317.2,6.8,D,0
21.7232,70.707,333.2,1,1,2026-04-23,1027,Aqua,MODIS,67,61.03,317.9,11.1,D,0
22.0706,79.2883,328.4,3.6,1.8,2026-04-23,1027,Aqua,MODIS,63,61.03,311.4,54.5,D,0
22.0733,79.2588,327.6,3.6,1.8,2026-04-23,1027,Aqua,MODIS,60,61.03,311.9,47.1,D,0
22.0766,79.2927,327.6,3.6,1.8,2026-04-23,1027,Aqua,MODIS,60,61.03,311.3,47.3,D,0
22.1825,72.6081,330.5,1.2,1.1,2026-04-23,1027,Aqua,MODIS,62,61.03,317.8,10,D,0
22.2816,79.7249,325.5,3.9,1.8,2026-04-23,1027,Aqua,MODIS,44,61.03,309.2,49.6,D,0
22.4336,79.9637,338.5,4.1,1.9,2026-04-23,1027,Aqua,MODIS,83,61.03,310.3,191.2,D,0
22.6305,72.0802,340.2,1.1,1.1,2026-04-23,1027,Aqua,MODIS,80,61.03,318.2,29,D,0
22.8121,75.5996,323.5,2,1.4,2026-04-23,1027,Aqua,MODIS,42,61.03,304.8,14,D,0
22.927,69.1458,326.6,1,1,2026-04-23,1028,Aqua,MODIS,63,61.03,312.7,9.5,D,0
23.0669,72.3311,342.5,1.2,1.1,2026-04-23,1028,Aqua,MODIS,86,61.03,320.1,36,D,0
23.0684,72.3424,345,1.2,1.1,2026-04-23,1028,Aqua,MODIS,88,61.03,317.3,43.1,D,0
23.0817,71.7434,336.6,1.1,1.1,2026-04-23,1028,Aqua,MODIS,78,61.03,321.9,15.3,D,0
23.4679,69.4107,332.3,1,1,2026-04-23,1028,Aqua,MODIS,76,61.03,316.3,13.2,D,0
23.484,73.7001,336.5,1.5,1.2,2026-04-23,1028,Aqua,MODIS,66,61.03,319.1,27.2,D,0
23.4892,73.6937,334.1,1.5,1.2,2026-04-23,1028,Aqua,MODIS,66,61.03,318.7,22.4,D,0
23.4908,73.7076,332.2,1.5,1.2,2026-04-23,1028,Aqua,MODIS,51,61.03,317.8,17.8,D,0
23.5347,69.0527,327.7,1,1,2026-04-23,1028,Aqua,MODIS,67,61.03,314.9,7.2,D,0
23.5913,72.1904,337,1.2,1.1,2026-04-23,1028,Aqua,MODIS,77,61.03,317.2,23.3,D,0
23.5928,72.2018,329.7,1.2,1.1,2026-04-23,1028,Aqua,MODIS,56,61.03,316,10,D,0
23.6215,75.8272,328.1,2.1,1.4,2026-04-23,1028,Aqua,MODIS,53,61.03,311.7,19.4,D,0
23.6513,69.4786,332.1,1,1,2026-04-23,1028,Aqua,MODIS,75,61.03,315.2,10.6,D,0
23.6947,75.699,336,2,1.4,2026-04-23,1028,Aqua,MODIS,79,61.03,316.3,47.9,D,0
23.6979,75.6933,334.2,2,1.4,2026-04-23,1028,Aqua,MODIS,73,61.03,316.4,36.9,D,0
23.7385,75.6103,342.2,2,1.4,2026-04-23,1028,Aqua,MODIS,86,61.03,312.8,77.7,D,0
23.8004,76.3242,331.2,2.3,1.5,2026-04-23,1028,Aqua,MODIS,65,61.03,313.1,36.7,D,0
23.9117,77.3148,324.9,2.7,1.6,2026-04-23,1028,Aqua,MODIS,26,61.03,297.9,56.4,D,0
24.01,78.208,332,3.2,1.7,2026-04-23,1028,Aqua,MODIS,73,61.03,312,78.4,D,0
24.014,75.0711,329.9,1.9,1.3,2026-04-23,1028,Aqua,MODIS,64,61.03,316.3,21.4,D,0
24.0457,78.7814,331,3.5,1.8,2026-04-23,1028,Aqua,MODIS,71,61.03,312.5,77.3,D,0
24.1134,74.8514,333,1.8,1.3,2026-04-23,1028,Aqua,MODIS,72,61.03,317.2,30.5,D,0
24.4947,73.8059,331.3,1.5,1.2,2026-04-23,1028,Aqua,MODIS,67,61.03,317.9,19.1,D,0
24.4965,73.8206,334.2,1.5,1.2,2026-04-23,1028,Aqua,MODIS,76,61.03,317.3,27.2,D,0
24.5204,73.1923,327.5,1.4,1.2,2026-04-23,1028,Aqua,MODIS,59,61.03,315.1,11.3,D,0
24.5328,73.8992,329.2,1.6,1.2,2026-04-23,1028,Aqua,MODIS,64,61.03,316,16.3,D,0
24.5687,69.2887,334.1,1,1,2026-04-23,1028,Aqua,MODIS,75,61.03,315.2,14.6,D,0
24.6006,80.1101,325.8,4.5,2,2026-04-23,1028,Aqua,MODIS,54,61.03,309.8,78,D,0
24.6042,80.1534,329,4.5,2,2026-04-23,1028,Aqua,MODIS,66,61.03,307.6,107.6,D,0
24.6085,80.1441,332.6,4.5,2,2026-04-23,1028,Aqua,MODIS,74,61.03,308.1,153.4,D,0
24.6122,75.359,333.5,2,1.4,2026-04-23,1028,Aqua,MODIS,71,61.03,314.8,37,D,0
24.6863,73.6407,327.5,1.5,1.2,2026-04-23,1028,Aqua,MODIS,56,61.03,313.7,15.2,D,0
24.6879,73.6546,331.6,1.5,1.2,2026-04-23,1028,Aqua,MODIS,71,61.03,313.2,25.1,D,0
24.7234,72.9233,329.5,1.4,1.2,2026-04-23,1028,Aqua,MODIS,56,61.03,314.7,15,D,0
24.8322,75.0362,339.3,1.9,1.3,2026-04-23,1028,Aqua,MODIS,82,61.03,314.3,56.7,D,0
24.84,75.0277,333.8,1.9,1.3,2026-04-23,1028,Aqua,MODIS,74,61.03,314.9,38.4,D,0
25.0626,76.335,331.6,2.4,1.5,2026-04-23,1028,Aqua,MODIS,35,61.03,314.3,33.3,D,0
25.0656,76.3398,337.9,2.4,1.5,2026-04-23,1028,Aqua,MODIS,58,61.03,314.2,59.7,D,0
25.0661,73.3884,336,1.5,1.2,2026-04-23,1028,Aqua,MODIS,77,61.03,315.9,33.6,D,0
25.0756,76.3335,331.6,2.4,1.5,2026-04-23,1028,Aqua,MODIS,20,61.03,313.3,32.6,D,0
25.1888,73.657,328.9,1.5,1.2,2026-04-23,1028,Aqua,MODIS,58,61.03,312.9,20.9,D,0
25.3343,73.0881,333.9,1.4,1.2,2026-04-23,1028,Aqua,MODIS,73,61.03,314.1,23.5,D,0
25.3368,73.0946,331.7,1.4,1.2,2026-04-23,1028,Aqua,MODIS,68,61.03,313.6,19.3,D,0
25.3793,73.0264,330.1,1.4,1.2,2026-04-23,1028,Aqua,MODIS,63,61.03,313.9,15.8,D,0
25.5402,76.154,330.1,2.3,1.5,2026-04-23,1028,Aqua,MODIS,67,61.03,315.2,29,D,0
25.6631,78.6841,332.4,3.6,1.8,2026-04-23,1028,Aqua,MODIS,72,61.03,314.8,86.2,D,0
25.7664,77.0538,328.7,2.8,1.6,2026-04-23,1028,Aqua,MODIS,62,61.03,312.8,45.2,D,0
25.7737,77.0611,337.4,2.8,1.6,2026-04-23,1028,Aqua,MODIS,80,61.03,312.7,95.5,D,0
25.8469,76.6526,338.2,2.6,1.5,2026-04-23,1028,Aqua,MODIS,81,61.03,314.8,82.4,D,0
26.1683,78.0551,337.6,3.3,1.7,2026-04-23,1028,Aqua,MODIS,81,61.03,315.8,124.5,D,0
28.2265,68.003,343.8,1,1,2026-04-23,1029,Aqua,MODIS,89,61.03,311.8,33.2,D,0
28.7906,71.1187,329.9,1.2,1.1,2026-04-23,1029,Aqua,MODIS,61,61.03,311.8,13.4,D,0
29.2854,70.8616,330.2,1.2,1.1,2026-04-23,1029,Aqua,MODIS,63,61.03,310.3,15.1,D,0
29.301,70.8643,327.6,1.2,1.1,2026-04-23,1029,Aqua,MODIS,61,61.03,310,10.9,D,0
29.3151,70.4477,328.6,1.1,1.1,2026-04-23,1029,Aqua,MODIS,65,61.03,311.6,10.6,D,0
29.6889,71.6379,330.9,1.3,1.1,2026-04-23,1029,Aqua,MODIS,73,61.03,312.5,17.6,D,0
29.8648,71.7479,330,1.3,1.2,2026-04-23,1029,Aqua,MODIS,73,61.03,311.8,17.2,D,0
29.9453,71.7354,330.3,1.3,1.2,2026-04-23,1029,Aqua,MODIS,73,61.03,310.3,17.7,D,0
29.9464,71.7422,326.7,1.4,1.2,2026-04-23,1029,Aqua,MODIS,67,61.03,310.6,11.9,D,0
29.9811,73.443,330.3,1.7,1.3,2026-04-23,1029,Aqua,MODIS,73,61.03,304.7,31.1,D,0
32.1021,71.2669,331,1.4,1.2,2026-04-23,1030,Aqua,MODIS,78,61.03,313.7,17.1,D,0
24.3846,96.8412,304.4,3.4,1.7,2026-04-23,1335,Terra,MODIS,55,61.03,294,23.6,N,0
14.4652,79.3234,309.5,1.6,1.2,2026-04-23,1511,Terra,MODIS,62,61.03,298,9.1,N,0
14.5191,79.1481,309.3,1.6,1.2,2026-04-23,1511,Terra,MODIS,62,61.03,298.3,8.5,N,0
14.591,78.8736,311.1,1.7,1.3,2026-04-23,1511,Terra,MODIS,72,61.03,299.3,10.1,N,0
14.5912,78.8672,310.7,1.7,1.3,2026-04-23,1511,Terra,MODIS,71,61.03,299.5,9.6,N,0
14.6367,78.937,312.4,1.7,1.3,2026-04-23,1511,Terra,MODIS,77,61.03,298.8,13.4,N,0
14.6388,78.9506,316,1.7,1.3,2026-04-23,1511,Terra,MODIS,89,61.03,298.9,20.1,N,0
14.6455,78.9217,314.3,1.7,1.3,2026-04-23,1511,Terra,MODIS,84,61.03,297.8,17,N,0
15.0384,78.7823,309.6,1.7,1.3,2026-04-23,1511,Terra,MODIS,23,61.03,298.6,8.8,N,0
15.0389,78.7769,309.3,1.7,1.3,2026-04-23,1511,Terra,MODIS,31,61.03,298.5,8.9,N,0
15.7957,78.5311,313,1.7,1.3,2026-04-23,1511,Terra,MODIS,83,61.03,297.9,16.1,N,0
17.4923,81.5788,308.9,1.1,1,2026-04-23,1512,Terra,MODIS,60,61.03,298.3,5,N,0
17.6106,83.2014,310.4,1,1,2026-04-23,1512,Terra,MODIS,69,61.03,298.2,5.8,N,2
17.8887,81.0727,310.7,1.1,1,2026-04-23,1512,Terra,MODIS,72,61.03,299.9,5.5,N,0
17.9505,81.2368,311.7,1.1,1,2026-04-23,1512,Terra,MODIS,67,61.03,300,5.9,N,0
17.9676,79.93,306.6,1.3,1.1,2026-04-23,1512,Terra,MODIS,62,61.03,295.3,6.4,N,0
18.269,80.8289,310.9,1.1,1.1,2026-04-23,1512,Terra,MODIS,75,61.03,300.1,5.8,N,0
18.3271,81.9837,315.2,1,1,2026-04-23,1512,Terra,MODIS,88,61.03,298.5,9.3,N,0
18.6753,82.1672,311.2,1,1,2026-04-23,1512,Terra,MODIS,80,61.03,298.6,6.3,N,0
18.9508,76.7419,309.9,2,1.4,2026-04-23,1512,Terra,MODIS,77,61.03,296.9,17.1,N,0
19.1005,82.1641,311.8,1,1,2026-04-23,1512,Terra,MODIS,83,61.03,296.5,8.4,N,2
19.2627,84.3912,312.8,1.1,1,2026-04-23,1512,Terra,MODIS,80,61.03,300.3,7.6,N,0
19.4224,83.2242,318.7,1,1,2026-04-23,1512,Terra,MODIS,97,61.03,298.7,13.4,N,0
19.4236,83.2336,311.2,1,1,2026-04-23,1512,Terra,MODIS,77,61.03,298.1,6.9,N,0
19.7172,83.6464,306,1,1,2026-04-23,1512,Terra,MODIS,47,61.03,292.1,4.6,N,0
19.7406,79.4976,315.9,1.3,1.1,2026-04-23,1512,Terra,MODIS,66,61.03,293.9,14.4,N,0
19.7424,79.5092,331.7,1.3,1.1,2026-04-23,1512,Terra,MODIS,100,61.03,295.4,37.4,N,0
19.746,79.5323,326.6,1.3,1.1,2026-04-23,1512,Terra,MODIS,100,61.03,293.5,28.2,N,0
19.7478,79.5438,323.7,1.2,1.1,2026-04-23,1512,Terra,MODIS,100,61.03,293.4,23.7,N,0
19.7487,83.2604,310.5,1,1,2026-04-23,1512,Terra,MODIS,76,61.03,298.9,5.9,N,0
19.7521,79.5074,321.1,1.3,1.1,2026-04-23,1512,Terra,MODIS,97,61.03,292.1,22,N,0
19.7557,79.5305,307.4,1.3,1.1,2026-04-23,1512,Terra,MODIS,27,61.03,290.2,7,N,0
19.8115,83.5809,315.1,1,1,2026-04-23,1512,Terra,MODIS,52,61.03,299.2,8.7,N,0
19.8118,83.6641,306.4,1,1,2026-04-23,1512,Terra,MODIS,33,61.03,292.8,3.9,N,0
19.8193,83.858,306.6,1,1,2026-04-23,1512,Terra,MODIS,37,61.03,286.4,6.3,N,0
19.8216,83.5892,308.5,1,1,2026-04-23,1512,Terra,MODIS,25,61.03,296.8,4.3,N,0
19.841,83.8844,307.9,1,1,2026-04-23,1512,Terra,MODIS,63,61.03,285.2,7.6,N,0
19.8494,83.5943,310.4,1,1,2026-04-23,1512,Terra,MODIS,43,61.03,298.2,5.6,N,0
19.8659,83.5823,306.2,1,1,2026-04-23,1512,Terra,MODIS,45,61.03,295.8,3.7,N,0
19.8726,83.0771,316.8,1,1,2026-04-23,1512,Terra,MODIS,93,61.03,301.2,10.5,N,0
19.8767,85.491,328.4,1.2,1.1,2026-04-23,1512,Terra,MODIS,100,61.03,298.8,31.6,N,3
19.8884,83.8909,307.3,1,1,2026-04-23,1512,Terra,MODIS,60,61.03,289.3,6.7,N,0
19.9061,83.5988,308.3,1,1,2026-04-23,1512,Terra,MODIS,66,61.03,294.3,6.3,N,0
19.9073,83.6083,307,1,1,2026-04-23,1512,Terra,MODIS,60,61.03,293.9,5.6,N,0
19.9266,83.3454,311.1,1,1,2026-04-23,1512,Terra,MODIS,78,61.03,301,6.1,N,0
19.928,83.9149,305.2,1,1,2026-04-23,1512,Terra,MODIS,44,61.03,288.4,5.3,N,0
19.9288,83.634,308.7,1,1,2026-04-23,1512,Terra,MODIS,66,61.03,296.2,6.3,N,0
19.9705,83.8137,305.2,1,1,2026-04-23,1512,Terra,MODIS,40,61.03,290,4.3,N,0
19.9726,81.0996,316.1,1.1,1,2026-04-23,1512,Terra,MODIS,91,61.03,300.5,11,N,0
19.9795,83.6072,309.6,1,1,2026-04-23,1512,Terra,MODIS,47,61.03,298.3,5.3,N,0
20.0067,84.7417,306.8,1.1,1.1,2026-04-23,1512,Terra,MODIS,57,61.03,296.7,4.3,N,0
20.033,83.8673,307.1,1,1,2026-04-23,1512,Terra,MODIS,55,61.03,293.2,5.8,N,0
20.0457,83.8947,315.9,1,1,2026-04-23,1512,Terra,MODIS,90,61.03,292.1,12.5,N,0
20.0546,83.8934,314.8,1,1,2026-04-23,1512,Terra,MODIS,88,61.03,291.8,11.6,N,0
20.138,83.8256,304.7,1,1,2026-04-23,1512,Terra,MODIS,32,61.03,292.4,3.8,N,0
20.1572,83.7639,310.1,1,1,2026-04-23,1512,Terra,MODIS,42,61.03,298.8,5.3,N,0
20.1585,83.7733,309.8,1,1,2026-04-23,1512,Terra,MODIS,70,61.03,298.5,5.2,N,0
20.1713,83.7325,310.7,1,1,2026-04-23,1512,Terra,MODIS,76,61.03,299.4,6.1,N,0
20.1801,83.6623,315.5,1,1,2026-04-23,1512,Terra,MODIS,90,61.03,300.8,9.1,N,0
20.2913,84.8866,314.6,1.1,1.1,2026-04-23,1512,Terra,MODIS,87,61.03,301.6,10.6,N,0
20.4026,83.9525,309.7,1.1,1,2026-04-23,1512,Terra,MODIS,72,61.03,297.5,5.9,N,0
20.5699,84.2503,310.7,1.1,1,2026-04-23,1512,Terra,MODIS,74,61.03,299.6,6,N,0
20.5933,84.1444,308.9,1.1,1,2026-04-23,1512,Terra,MODIS,41,61.03,298.3,4.2,N,0
20.9599,85.1736,311,1.2,1.1,2026-04-23,1512,Terra,MODIS,30,61.03,299.8,7.3,N,2
20.96,85.0146,304.7,1.2,1.1,2026-04-23,1512,Terra,MODIS,28,61.03,291.7,4.4,N,0
20.9613,85.1849,313.8,1.2,1.1,2026-04-23,1512,Terra,MODIS,84,61.03,299.1,11,N,2
20.9677,86.014,309.1,1.4,1.2,2026-04-23,1512,Terra,MODIS,47,61.03,294.4,7.9,N,2
20.9682,85.1611,311.4,1.2,1.1,2026-04-23,1512,Terra,MODIS,33,61.03,300.1,6.9,N,2
20.9695,85.1723,319.7,1.2,1.1,2026-04-23,1512,Terra,MODIS,99,61.03,300.3,16.8,N,2
19.9704,76.5327,307,2,1.4,2026-04-23,1513,Terra,MODIS,66,61.03,296,11.8,N,0
21.2323,79.992,310.5,1.1,1.1,2026-04-23,1513,Terra,MODIS,55,61.03,297.5,8.4,N,0
21.3835,84.7993,305,1.2,1.1,2026-04-23,1513,Terra,MODIS,54,61.03,287.3,5.1,N,0
21.3853,80.7125,303.9,1.1,1,2026-04-23,1513,Terra,MODIS,34,61.03,288.1,4,N,0
21.3867,80.7224,313.2,1.1,1,2026-04-23,1513,Terra,MODIS,85,61.03,290.8,10.9,N,0
21.424,80.726,308.9,1.1,1,2026-04-23,1513,Terra,MODIS,70,61.03,295.2,5.7,N,0
21.6528,81.4065,301.8,1,1,2026-04-23,1513,Terra,MODIS,42,61.03,288.2,3.4,N,0
21.6971,76.5412,315.1,1.8,1.3,2026-04-23,1513,Terra,MODIS,87,61.03,297.6,24.5,N,0
21.6975,76.5291,311.7,1.8,1.3,2026-04-23,1513,Terra,MODIS,77,61.03,298.2,17.5,N,0
21.7004,76.5461,309.9,1.8,1.3,2026-04-23,1513,Terra,MODIS,70,61.03,297.5,14.3,N,0
21.7108,84.7056,309,1.2,1.1,2026-04-23,1513,Terra,MODIS,53,61.03,298.1,7,N,0
21.7421,83.8445,317.1,1.1,1,2026-04-23,1513,Terra,MODIS,94,61.03,302.1,11.8,N,2
21.7512,83.8432,315.2,1.1,1,2026-04-23,1513,Terra,MODIS,90,61.03,301.8,9.7,N,2
21.7602,83.8418,318.4,1.1,1,2026-04-23,1513,Terra,MODIS,97,61.03,301.1,12.5,N,2
21.7687,76.4735,308.1,1.9,1.3,2026-04-23,1513,Terra,MODIS,61,61.03,298,12.2,N,0
21.7868,81.4462,304.6,1,1,2026-04-23,1513,Terra,MODIS,59,61.03,279.7,6.6,N,0
21.8558,79.3528,315.5,1.2,1.1,2026-04-23,1513,Terra,MODIS,89,61.03,296.8,14.2,N,0
21.8575,79.3639,311.6,1.2,1.1,2026-04-23,1513,Terra,MODIS,79,61.03,296.2,10.3,N,0
21.8613,79.8703,311.8,1.1,1.1,2026-04-23,1513,Terra,MODIS,79,61.03,300.2,8.2,N,0
21.8687,80.4189,304.7,1.1,1,2026-04-23,1513,Terra,MODIS,38,61.03,292.8,3.9,N,0
21.9187,83.3555,306.3,1,1,2026-04-23,1513,Terra,MODIS,38,61.03,294.3,4.6,N,2
21.9423,79.2497,313.8,1.2,1.1,2026-04-23,1513,Terra,MODIS,85,61.03,296.8,12.9,N,0
21.9518,79.248,307.4,1.2,1.1,2026-04-23,1513,Terra,MODIS,63,61.03,297.2,7.5,N,0
21.9621,79.0997,306.4,1.2,1.1,2026-04-23,1513,Terra,MODIS,58,61.03,294.3,7.2,N,0
21.9989,77.8126,305.6,1.5,1.2,2026-04-23,1513,Terra,MODIS,47,61.03,295.5,8.1,N,0
22.0059,79.1271,322.9,1.2,1.1,2026-04-23,1513,Terra,MODIS,100,61.03,294.2,24.7,N,0
22.0077,79.1385,327.4,1.2,1.1,2026-04-23,1513,Terra,MODIS,100,61.03,294.9,31.6,N,0
22.0099,79.404,306,1.2,1.1,2026-04-23,1513,Terra,MODIS,57,61.03,295.2,6.1,N,0
22.0116,79.4151,307.1,1.2,1.1,2026-04-23,1513,Terra,MODIS,63,61.03,295.5,7,N,0
22.0155,79.1253,305.4,1.2,1.1,2026-04-23,1513,Terra,MODIS,27,61.03,294.5,5.8,N,0
22.0409,83.7341,314.5,1.1,1,2026-04-23,1513,Terra,MODIS,89,61.03,303.4,10.5,N,2
22.0489,79.1248,332.1,1.2,1.1,2026-04-23,1513,Terra,MODIS,100,61.03,297.4,39.4,N,0
22.0561,79.4524,310.5,1.2,1.1,2026-04-23,1513,Terra,MODIS,76,61.03,294.7,11.1,N,0
22.0585,79.123,309.6,1.2,1.1,2026-04-23,1513,Terra,MODIS,73,61.03,296.4,9.3,N,0
22.0603,79.1343,307.1,1.2,1.1,2026-04-23,1513,Terra,MODIS,59,61.03,296.1,7.1,N,0
22.0721,79.2719,315.5,1.2,1.1,2026-04-23,1513,Terra,MODIS,90,61.03,295.4,15.6,N,0
22.0739,79.2831,318.3,1.2,1.1,2026-04-23,1513,Terra,MODIS,96,61.03,296.4,18.9,N,0
22.09,79.1989,308.2,1.2,1.1,2026-04-23,1513,Terra,MODIS,67,61.03,294.7,8.6,N,0
22.1446,79.2066,308.5,1.2,1.1,2026-04-23,1513,Terra,MODIS,69,61.03,296.4,8.5,N,0
22.1464,79.2179,310.2,1.2,1.1,2026-04-23,1513,Terra,MODIS,75,61.03,297.9,10,N,0
22.1637,79.0151,307.9,1.2,1.1,2026-04-23,1513,Terra,MODIS,66,61.03,294.6,8,N,0
22.1664,79.5048,312.5,1.2,1.1,2026-04-23,1513,Terra,MODIS,82,61.03,294.5,12.2,N,0
22.1756,79.1542,307,1.2,1.1,2026-04-23,1513,Terra,MODIS,62,61.03,296.8,7.1,N,0
22.1885,77.099,307.1,1.6,1.3,2026-04-23,1513,Terra,MODIS,54,61.03,296.2,11.1,N,0
22.1991,78.9665,311.2,1.2,1.1,2026-04-23,1513,Terra,MODIS,78,61.03,295.6,10.8,N,0
22.2009,78.9781,308.6,1.2,1.1,2026-04-23,1513,Terra,MODIS,69,61.03,295.7,8.7,N,0
22.2044,79.5256,310.5,1.2,1.1,2026-04-23,1513,Terra,MODIS,76,61.03,296.3,10.4,N,0
22.2424,79.5854,305.8,1.2,1.1,2026-04-23,1513,Terra,MODIS,56,61.03,295.5,6.1,N,0
22.2495,79.6942,307.9,1.1,1.1,2026-04-23,1513,Terra,MODIS,62,61.03,296.8,6.5,N,0
22.2505,79.8246,311.3,1.1,1.1,2026-04-23,1513,Terra,MODIS,79,61.03,294.6,10.4,N,0
22.258,85.1148,309.2,1.2,1.1,2026-04-23,1513,Terra,MODIS,64,61.03,293.7,9.9,N,0
22.2675,79.2126,306.3,1.2,1.1,2026-04-23,1513,Terra,MODIS,58,61.03,295.6,7,N,0
22.2725,79.9068,308.6,1.1,1.1,2026-04-23,1513,Terra,MODIS,54,61.03,296,7.1,N,0
22.2867,79.4594,308.6,1.2,1.1,2026-04-23,1513,Terra,MODIS,69,61.03,295.4,8.2,N,0
22.3277,79.8476,304.9,1.1,1.1,2026-04-23,1513,Terra,MODIS,39,61.03,294.1,5.1,N,0
22.3293,79.8581,306.3,1.1,1.1,2026-04-23,1513,Terra,MODIS,51,61.03,294,6.2,N,0
22.3419,79.6932,314.3,1.1,1.1,2026-04-23,1513,Terra,MODIS,87,61.03,297,12.4,N,0
22.3435,79.7038,313.9,1.1,1.1,2026-04-23,1513,Terra,MODIS,86,61.03,297.6,12.1,N,0
22.3473,79.7901,315,1.1,1.1,2026-04-23,1513,Terra,MODIS,89,61.03,295.1,14,N,0
22.3641,79.7762,314.1,1.1,1.1,2026-04-23,1513,Terra,MODIS,86,61.03,295.2,13.1,N,0
22.3898,79.6954,313.4,1.1,1.1,2026-04-23,1513,Terra,MODIS,85,61.03,297,11.5,N,0
22.413,80.2241,307.1,1.1,1,2026-04-23,1513,Terra,MODIS,64,61.03,295.9,6.1,N,0
22.4276,79.8346,347.3,1.1,1.1,2026-04-23,1513,Terra,MODIS,100,61.03,298.4,64.4,N,0
22.4292,79.8451,308.8,1.1,1.1,2026-04-23,1513,Terra,MODIS,51,61.03,296.1,7.5,N,0
22.4368,79.833,311.5,1.1,1.1,2026-04-23,1513,Terra,MODIS,79,61.03,296,10.2,N,0
22.443,80.0509,304.8,1.1,1,2026-04-23,1513,Terra,MODIS,51,61.03,294,5.2,N,0
22.4468,79.9597,309.6,1.1,1,2026-04-23,1513,Terra,MODIS,73,61.03,297,8.1,N,0
22.4479,79.6571,315.2,1.1,1.1,2026-04-23,1513,Terra,MODIS,89,61.03,295.4,13.2,N,0
22.4818,79.5236,328.4,1.2,1.1,2026-04-23,1513,Terra,MODIS,100,61.03,299.5,29.8,N,0
22.4881,79.6873,309.7,1.1,1.1,2026-04-23,1513,Terra,MODIS,64,61.03,295.5,7.7,N,0
22.5123,82.2089,309.6,1,1,2026-04-23,1513,Terra,MODIS,75,61.03,298.2,5.6,N,0
22.5548,80.3071,309.1,1.1,1,2026-04-23,1513,Terra,MODIS,72,61.03,296.3,6.7,N,0
22.5561,82.2018,305.5,1,1,2026-04-23,1513,Terra,MODIS,30,61.03,294.5,3.2,N,0
22.6411,82.3462,316.2,1,1,2026-04-23,1513,Terra,MODIS,92,61.03,301.5,9.7,N,0
22.6524,82.3637,324.9,1,1,2026-04-23,1513,Terra,MODIS,100,61.03,302.2,18.8,N,0
22.6724,78.5911,311.4,1.3,1.1,2026-04-23,1513,Terra,MODIS,77,61.03,301.2,7.8,N,0
22.6971,80.1454,320.8,1.1,1,2026-04-23,1513,Terra,MODIS,100,61.03,296.6,18,N,0
22.6987,80.1556,315.5,1.1,1,2026-04-23,1513,Terra,MODIS,90,61.03,296.3,12.5,N,0
22.7062,80.1438,305.6,1.1,1,2026-04-23,1513,Terra,MODIS,52,61.03,295.4,4.9,N,0
22.7071,81.5517,316,1,1,2026-04-23,1513,Terra,MODIS,91,61.03,295.4,12.8,N,0
22.7084,81.5612,328.2,1,1,2026-04-23,1513,Terra,MODIS,100,61.03,297.2,25.3,N,0
22.8011,77.0338,304.2,1.6,1.2,2026-04-23,1513,Terra,MODIS,5,61.03,289.2,7.9,N,0
22.803,77.0272,305.3,1.6,1.2,2026-04-23,1513,Terra,MODIS,31,61.03,289.4,10.7,N,0
22.8402,81.5231,307.9,1,1,2026-04-23,1513,Terra,MODIS,68,61.03,296.3,6.2,N,0
22.85,75.2404,332.4,2.2,1.4,2026-04-23,1513,Terra,MODIS,100,61.03,296.1,92.7,N,0
22.8517,75.2334,324.2,2.2,1.4,2026-04-23,1513,Terra,MODIS,100,61.03,295.4,61.5,N,0
22.8554,75.2535,317.4,2.2,1.4,2026-04-23,1513,Terra,MODIS,94,61.03,295.7,40.2,N,0
22.8708,77.7818,305.8,1.4,1.2,2026-04-23,1513,Terra,MODIS,44,61.03,292.4,9.1,N,0
22.9708,80.429,308.2,1.1,1,2026-04-23,1513,Terra,MODIS,66,61.03,296.9,6.4,N,0
23.0491,79.9633,306.2,1.1,1,2026-04-23,1513,Terra,MODIS,56,61.03,296,5.5,N,0
23.1668,82.3413,313.3,1,1,2026-04-23,1513,Terra,MODIS,85,61.03,299.7,8.5,N,2
23.186,77.0957,311.8,1.6,1.2,2026-04-23,1513,Terra,MODIS,80,61.03,296.7,14.1,N,0
23.2606,77.2754,305.3,1.5,1.2,2026-04-23,1513,Terra,MODIS,33,61.03,292.9,9.3,N,0
23.263,77.2896,322.4,1.5,1.2,2026-04-23,1513,Terra,MODIS,100,61.03,294.4,33.9,N,0
23.3324,77.9596,311.8,1.4,1.2,2026-04-23,1513,Terra,MODIS,80,61.03,295.4,11.7,N,0
23.3346,77.9725,344.9,1.4,1.2,2026-04-23,1513,Terra,MODIS,100,61.03,298.4,77.1,N,0
23.3467,77.9833,306.5,1.4,1.2,2026-04-23,1513,Terra,MODIS,12,61.03,295.5,6.4,N,0
23.3504,77.9428,323.3,1.4,1.2,2026-04-23,1513,Terra,MODIS,100,61.03,297,29.1,N,0
23.3526,77.9557,331.6,1.4,1.2,2026-04-23,1513,Terra,MODIS,100,61.03,298.2,44,N,0
23.3569,79.7987,302.9,1.1,1,2026-04-23,1513,Terra,MODIS,28,61.03,289.3,5.4,N,0
23.3869,77.9754,320.8,1.4,1.2,2026-04-23,1513,Terra,MODIS,62,61.03,296.4,22.4,N,0
23.405,77.9585,308.3,1.4,1.2,2026-04-23,1513,Terra,MODIS,22,61.03,295.1,8.5,N,0
23.4197,77.9897,307.5,1.4,1.2,2026-04-23,1513,Terra,MODIS,39,61.03,295.6,8,N,0
23.4543,76.3752,306.4,1.7,1.3,2026-04-23,1513,Terra,MODIS,64,61.03,283.5,14.5,N,0
23.4778,77.965,308.1,1.4,1.2,2026-04-23,1513,Terra,MODIS,69,61.03,295.6,10,N,0
23.4854,77.8837,306.6,1.4,1.2,2026-04-23,1513,Terra,MODIS,62,61.03,295.5,8.4,N,0
23.4875,77.8966,313,1.4,1.2,2026-04-23,1513,Terra,MODIS,84,61.03,294.9,15.7,N,0
23.5268,77.7613,307.1,1.4,1.2,2026-04-23,1513,Terra,MODIS,67,61.03,294.1,9.7,N,0
23.5447,84.283,307,1.2,1.1,2026-04-23,1513,Terra,MODIS,23,61.03,297,5.9,N,0
23.5802,84.6549,307.6,1.2,1.1,2026-04-23,1513,Terra,MODIS,71,61.03,295.3,7.5,N,0
23.582,84.2271,307.3,1.2,1.1,2026-04-23,1513,Terra,MODIS,30,61.03,290.8,6.4,N,0
23.5832,84.2374,315.3,1.2,1.1,2026-04-23,1513,Terra,MODIS,80,61.03,296.4,13.2,N,0
23.5859,84.2598,308.3,1.2,1.1,2026-04-23,1513,Terra,MODIS,23,61.03,297.9,6.9,N,0
23.6041,82.4516,307.6,1,1,2026-04-23,1513,Terra,MODIS,57,61.03,296.9,4.5,N,0
23.625,79.0751,310.1,1.2,1.1,2026-04-23,1513,Terra,MODIS,76,61.03,296.5,8.9,N,0
23.6641,77.5985,304,1.4,1.2,2026-04-23,1513,Terra,MODIS,34,61.03,288.7,7.7,N,0
23.6993,77.619,303.9,1.4,1.2,2026-04-23,1513,Terra,MODIS,35,61.03,284.7,8.2,N,0
23.708,78.0517,307.9,1.3,1.1,2026-04-23,1513,Terra,MODIS,71,61.03,295.7,8.6,N,0
23.7115,86.0719,305.7,1.5,1.2,2026-04-23,1513,Terra,MODIS,62,61.03,292.7,8.6,N,0
23.7483,79.1478,310.9,1.2,1.1,2026-04-23,1513,Terra,MODIS,79,61.03,297.1,9.9,N,0
23.7802,86.2078,310.9,1.5,1.2,2026-04-23,1513,Terra,MODIS,80,61.03,298.8,14.1,N,2
23.9055,78.2563,303.1,1.3,1.1,2026-04-23,1513,Terra,MODIS,46,61.03,288.4,6.4,N,0
23.9237,79.0234,318.2,1.2,1.1,2026-04-23,1513,Terra,MODIS,96,61.03,296.2,17,N,0
23.9254,79.0345,330.6,1.2,1.1,2026-04-23,1513,Terra,MODIS,100,61.03,296,34.4,N,0
24.1619,82.6231,312.2,1,1,2026-04-23,1513,Terra,MODIS,80,61.03,300.5,7.2,N,0
24.1632,82.6329,313.6,1,1,2026-04-23,1513,Terra,MODIS,84,61.03,301.3,7.9,N,0
24.3266,81.3148,319.5,1,1,2026-04-23,1513,Terra,MODIS,99,61.03,299.8,13.8,N,0
24.3279,81.3243,314.1,1,1,2026-04-23,1513,Terra,MODIS,86,61.03,297.9,8.8,N,0
24.3494,81.35,307.9,1,1,2026-04-23,1513,Terra,MODIS,15,61.03,296.8,4.2,N,0
24.7481,84.1201,310.4,1.2,1.1,2026-04-23,1513,Terra,MODIS,73,61.03,297.2,9,N,0
24.7495,84.1314,309.1,1.2,1.1,2026-04-23,1513,Terra,MODIS,68,61.03,296.6,7.8,N,0
25.0314,87.3687,304.3,1.9,1.3,2026-04-23,1513,Terra,MODIS,50,61.03,294.2,7.8,N,2
23.5828,75.7127,306.9,1.9,1.4,2026-04-23,1514,Terra,MODIS,62,61.03,295,13.8,N,0
23.9273,77.7523,305.7,1.4,1.2,2026-04-23,1514,Terra,MODIS,46,61.03,283,9.9,N,0
23.9693,77.506,315.9,1.4,1.2,2026-04-23,1514,Terra,MODIS,92,61.03,295.1,19.7,N,0
23.9895,77.0035,303.5,1.5,1.2,2026-04-23,1514,Terra,MODIS,39,61.03,287.3,5.7,N,0
24.0019,76.9199,336.6,1.6,1.2,2026-04-23,1514,Terra,MODIS,100,61.03,297.6,66.3,N,0
24.002,78.0214,304.6,1.3,1.1,2026-04-23,1514,Terra,MODIS,58,61.03,291.5,7.2,N,0
24.283,77.5431,304.1,1.4,1.2,2026-04-23,1514,Terra,MODIS,44,61.03,293.1,6.7,N,0
24.3144,78.0442,304,1.3,1.1,2026-04-23,1514,Terra,MODIS,44,61.03,293.2,5.3,N,0
24.328,77.5613,303.7,1.4,1.2,2026-04-23,1514,Terra,MODIS,39,61.03,291,6.4,N,0
24.3709,78.7349,304.7,1.2,1.1,2026-04-23,1514,Terra,MODIS,55,61.03,290.5,6.3,N,0
24.3793,77.619,302.8,1.4,1.2,2026-04-23,1514,Terra,MODIS,21,61.03,287.7,6.2,N,0
24.4323,80.0602,310.8,1.1,1,2026-04-23,1514,Terra,MODIS,81,61.03,291,9.8,N,0
24.502,81.7872,315.9,1,1,2026-04-23,1514,Terra,MODIS,79,61.03,302.2,9.5,N,0
24.5402,77.4173,313.6,1.4,1.2,2026-04-23,1514,Terra,MODIS,85,61.03,294.2,17.1,N,0
24.5618,74.5233,320.3,2.3,1.5,2026-04-23,1514,Terra,MODIS,100,61.03,298.8,50.8,N,0
24.562,74.5167,314.2,2.3,1.5,2026-04-23,1514,Terra,MODIS,86,61.03,298.7,32.7,N,0
24.5661,74.5377,313.1,2.2,1.5,2026-04-23,1514,Terra,MODIS,83,61.03,298.3,28.9,N,0
24.5678,78.3439,308,1.2,1.1,2026-04-23,1514,Terra,MODIS,68,61.03,295.1,8.2,N,0
24.5697,78.3557,309.4,1.2,1.1,2026-04-23,1514,Terra,MODIS,73,61.03,295.5,9.6,N,0
24.6389,77.5149,303.2,1.4,1.2,2026-04-23,1514,Terra,MODIS,13,61.03,287.4,6.7,N,0
24.6916,78.0216,308,1.3,1.1,2026-04-23,1514,Terra,MODIS,66,61.03,297.4,7.1,N,0
24.7011,77.8864,315.1,1.3,1.1,2026-04-23,1514,Terra,MODIS,29,61.03,294,14.4,N,0
24.7105,77.3769,304.7,1.4,1.2,2026-04-23,1514,Terra,MODIS,46,61.03,294.4,7,N,0
24.7146,80.9819,305.4,1,1,2026-04-23,1514,Terra,MODIS,53,61.03,294.5,4.6,N,0
24.7706,76.8171,313.3,1.5,1.2,2026-04-23,1514,Terra,MODIS,84,61.03,295.9,17.3,N,0
24.7708,80.1656,320.2,1,1,2026-04-23,1514,Terra,MODIS,100,61.03,302.1,15,N,0
24.7725,76.6732,309.2,1.6,1.2,2026-04-23,1514,Terra,MODIS,70,61.03,297,12.6,N,0
24.7731,76.8316,306.7,1.5,1.2,2026-04-23,1514,Terra,MODIS,59,61.03,295.8,8.3,N,0
24.78,77.2527,311.1,1.4,1.2,2026-04-23,1514,Terra,MODIS,77,61.03,297.5,12.1,N,0
24.78,80.1576,310.2,1,1,2026-04-23,1514,Terra,MODIS,75,61.03,300.2,6.5,N,0
24.7815,80.1677,321.6,1,1,2026-04-23,1514,Terra,MODIS,100,61.03,301.6,17,N,0
24.7817,76.3397,309.3,1.6,1.3,2026-04-23,1514,Terra,MODIS,70,61.03,298.3,13.5,N,0
24.7827,79.743,305.4,1.1,1,2026-04-23,1514,Terra,MODIS,54,61.03,294.3,5.4,N,0
24.8588,76.5091,314.6,1.6,1.2,2026-04-23,1514,Terra,MODIS,87,61.03,299,20.1,N,0
24.8905,76.6272,320.1,1.6,1.2,2026-04-23,1514,Terra,MODIS,100,61.03,298.8,29.4,N,0
24.8931,76.642,322,1.6,1.2,2026-04-23,1514,Terra,MODIS,100,61.03,299.2,32.4,N,0
24.8961,77.2646,308.6,1.4,1.2,2026-04-23,1514,Terra,MODIS,67,61.03,298.2,9.2,N,0
24.9286,76.3769,314.1,1.6,1.3,2026-04-23,1514,Terra,MODIS,86,61.03,297.4,22.4,N,0
24.956,76.2087,307.5,1.7,1.3,2026-04-23,1514,Terra,MODIS,61,61.03,295.8,11.9,N,0
25.0172,83.942,310.8,1.2,1.1,2026-04-23,1514,Terra,MODIS,75,61.03,298.1,9.1,N,0
25.0194,76.5781,336.9,1.6,1.2,2026-04-23,1514,Terra,MODIS,100,61.03,299.2,70.7,N,0
25.0219,76.593,309,1.6,1.2,2026-04-23,1514,Terra,MODIS,69,61.03,298.2,12.5,N,0
25.0563,77.1773,307.8,1.4,1.2,2026-04-23,1514,Terra,MODIS,64,61.03,297.1,9.4,N,0
25.071,83.9909,308.6,1.2,1.1,2026-04-23,1514,Terra,MODIS,65,61.03,298.2,7,N,0
25.0826,76.2738,310.1,1.6,1.3,2026-04-23,1514,Terra,MODIS,44,61.03,296.1,13.1,N,0
25.0836,76.2671,308.6,1.6,1.3,2026-04-23,1514,Terra,MODIS,57,61.03,295.7,12.5,N,0
25.0929,84.1722,307.9,1.2,1.1,2026-04-23,1514,Terra,MODIS,62,61.03,297.2,7.1,N,0
25.1109,83.8765,313,1.2,1.1,2026-04-23,1514,Terra,MODIS,82,61.03,298.9,11,N,0
25.1336,83.9867,313.8,1.2,1.1,2026-04-23,1514,Terra,MODIS,84,61.03,298.2,11.9,N,0
25.1455,83.7703,317.8,1.1,1.1,2026-04-23,1514,Terra,MODIS,95,61.03,298.3,14.9,N,0
25.1467,83.7033,311.5,1.1,1.1,2026-04-23,1514,Terra,MODIS,77,61.03,298.7,8.8,N,0
25.1597,76.3792,315,1.6,1.2,2026-04-23,1514,Terra,MODIS,88,61.03,296.8,23.8,N,0
25.1629,75.9961,306.6,1.7,1.3,2026-04-23,1514,Terra,MODIS,27,61.03,295.9,10.4,N,0
25.1712,83.4632,308.5,1.1,1,2026-04-23,1514,Terra,MODIS,65,61.03,298.2,6.5,N,0
25.1813,85.3797,311,1.4,1.2,2026-04-23,1514,Terra,MODIS,75,61.03,297.6,12.2,N,0
25.1827,85.3932,320.4,1.4,1.2,2026-04-23,1514,Terra,MODIS,100,61.03,298.1,25.2,N,0
25.2004,83.7005,343.7,1.1,1.1,2026-04-23,1514,Terra,MODIS,100,61.03,302.1,55.5,N,0
25.203,83.6447,310.1,1.1,1.1,2026-04-23,1514,Terra,MODIS,72,61.03,298.5,7.1,N,0
25.2095,83.5447,311.8,1.1,1.1,2026-04-23,1514,Terra,MODIS,79,61.03,299.4,9,N,0
25.2281,83.6188,318,1.1,1.1,2026-04-23,1514,Terra,MODIS,95,61.03,298.4,13.8,N,0
25.2314,76.5149,307,1.6,1.2,2026-04-23,1514,Terra,MODIS,60,61.03,296.2,11,N,0
25.2349,83.6731,313.3,1.1,1.1,2026-04-23,1514,Terra,MODIS,83,61.03,298.5,10.5,N,0
25.2403,83.7168,309.8,1.1,1.1,2026-04-23,1514,Terra,MODIS,71,61.03,298.2,7.7,N,0
25.3027,75.8686,315.1,1.7,1.3,2026-04-23,1514,Terra,MODIS,89,61.03,295.4,26.6,N,0
25.3078,84.2697,307.5,1.2,1.1,2026-04-23,1514,Terra,MODIS,60,61.03,296.7,7.2,N,0
25.3278,83.4705,308.6,1.1,1.1,2026-04-23,1514,Terra,MODIS,66,61.03,298.2,6.2,N,0
25.337,83.4691,316,1.1,1.1,2026-04-23,1514,Terra,MODIS,90,61.03,298.9,12.5,N,0
25.3452,84.1399,308,1.2,1.1,2026-04-23,1514,Terra,MODIS,62,61.03,296.8,7.2,N,0
25.4353,85.097,309.5,1.4,1.2,2026-04-23,1514,Terra,MODIS,70,61.03,297.2,10.1,N,0
25.7337,78.9397,306.3,1.1,1.1,2026-04-23,1514,Terra,MODIS,60,61.03,295.3,6.5,N,0
25.8294,77.9782,307.5,1.2,1.1,2026-04-23,1514,Terra,MODIS,65,61.03,296.2,8.1,N,0
25.8368,78.044,306.6,1.2,1.1,2026-04-23,1514,Terra,MODIS,62,61.03,295.6,7.1,N,0
25.8659,78.2026,307.9,1.2,1.1,2026-04-23,1514,Terra,MODIS,68,61.03,295.4,8.6,N,0
25.8701,78.2554,308.2,1.2,1.1,2026-04-23,1514,Terra,MODIS,69,61.03,295.3,8.6,N,0
25.8887,84.4394,323.8,1.3,1.1,2026-04-23,1514,Terra,MODIS,100,61.03,297.2,26.3,N,0
25.8901,84.4516,335.4,1.3,1.1,2026-04-23,1514,Terra,MODIS,100,61.03,298.4,46.7,N,0
25.8919,84.4449,329.9,1.3,1.1,2026-04-23,1514,Terra,MODIS,100,61.03,298.1,37.1,N,0
25.9225,78.3108,307.2,1.2,1.1,2026-04-23,1514,Terra,MODIS,65,61.03,295.6,7.6,N,0
25.9283,78.2859,305.4,1.2,1.1,2026-04-23,1514,Terra,MODIS,53,61.03,295,6.1,N,0
25.9976,79.5163,310.7,1.1,1,2026-04-23,1514,Terra,MODIS,79,61.03,297.8,8.7,N,0
26.4121,83.6067,308.6,1.2,1.1,2026-04-23,1514,Terra,MODIS,68,61.03,297.8,6.8,N,0
26.6875,82.7145,312.1,1.1,1,2026-04-23,1514,Terra,MODIS,81,61.03,297,9.8,N,0
26.6888,82.7249,313.3,1.1,1,2026-04-23,1514,Terra,MODIS,84,61.03,297.3,10.8,N,0
26.7066,83.7643,308.9,1.2,1.1,2026-04-23,1514,Terra,MODIS,69,61.03,298.1,7.7,N,0
26.7096,83.1881,311.5,1.1,1.1,2026-04-23,1514,Terra,MODIS,79,61.03,297.2,9.5,N,0
26.7596,83.7617,309,1.2,1.1,2026-04-23,1514,Terra,MODIS,70,61.03,297.9,7.7,N,0
27.1464,83.1567,308.2,1.1,1.1,2026-04-23,1514,Terra,MODIS,68,61.03,297.2,7.3,N,0
27.2614,82.4524,311.3,1.1,1,2026-04-23,1514,Terra,MODIS,79,61.03,297.5,9,N,0
27.3001,82.4673,313.1,1.1,1,2026-04-23,1514,Terra,MODIS,84,61.03,297.1,10.8,N,0
27.3316,84.3984,311.2,1.3,1.1,2026-04-23,1514,Terra,MODIS,81,61.03,297.5,10,N,0
27.333,84.4111,308.9,1.3,1.1,2026-04-23,1514,Terra,MODIS,75,61.03,297.7,7.6,N,0
27.4547,83.1916,310.3,1.1,1.1,2026-04-23,1514,Terra,MODIS,77,61.03,297.1,9.3,N,0
27.4712,83.0369,307.9,1.1,1.1,2026-04-23,1514,Terra,MODIS,68,61.03,296.7,7.7,N,0
27.4725,83.0478,307.5,1.1,1.1,2026-04-23,1514,Terra,MODIS,67,61.03,296.5,7.5,N,0
27.5678,83.1341,313.1,1.1,1.1,2026-04-23,1514,Terra,MODIS,85,61.03,298.6,10.9,N,0
27.7218,82.5276,311.9,1.1,1,2026-04-23,1514,Terra,MODIS,81,61.03,301.5,6.9,N,0
27.7591,82.4575,311.7,1.1,1,2026-04-23,1514,Terra,MODIS,66,61.03,300.2,6.8,N,0
27.7724,82.4925,313.9,1.1,1,2026-04-23,1514,Terra,MODIS,87,61.03,300,9.7,N,0
27.8015,83.0991,308.5,1.1,1.1,2026-04-23,1514,Terra,MODIS,26,61.03,297.8,5.7,N,0
27.812,83.1076,308,1.1,1.1,2026-04-23,1514,Terra,MODIS,46,61.03,295.5,6.3,N,0
27.8234,82.3126,311.8,1.1,1,2026-04-23,1514,Terra,MODIS,68,61.03,300.9,5.9,N,0
27.8434,82.25,313.7,1.1,1,2026-04-23,1514,Terra,MODIS,81,61.03,300.8,8.7,N,0
27.8535,82.7732,309.4,1.1,1,2026-04-23,1514,Terra,MODIS,75,61.03,298.4,6.5,N,0
27.8738,82.1294,311.9,1,1,2026-04-23,1514,Terra,MODIS,82,61.03,301.1,7.7,N,0
27.8853,82.5867,312.5,1.1,1,2026-04-23,1514,Terra,MODIS,84,61.03,300.6,9.2,N,0
27.8966,82.0942,311.1,1,1,2026-04-23,1514,Terra,MODIS,80,61.03,299.9,7.2,N,0
27.8968,82.5301,312.8,1.1,1,2026-04-23,1514,Terra,MODIS,85,61.03,299.6,9.1,N,0
27.8993,82.1146,311,1,1,2026-04-23,1514,Terra,MODIS,80,61.03,300.7,6.4,N,0
27.9059,82.529,313.3,1.1,1,2026-04-23,1514,Terra,MODIS,86,61.03,299.3,9.6,N,0
27.9082,82.1072,311.5,1,1,2026-04-23,1514,Terra,MODIS,49,61.03,301,7.1,N,0
27.9197,82.1259,320.7,1,1,2026-04-23,1514,Terra,MODIS,100,61.03,300.9,15.4,N,0
27.921,82.136,319.4,1,1,2026-04-23,1514,Terra,MODIS,98,61.03,300.9,13.7,N,0
27.9893,82.2415,311.4,1.1,1,2026-04-23,1514,Terra,MODIS,82,61.03,300.4,7.3,N,0
28.0436,82.0888,311.9,1,1,2026-04-23,1514,Terra,MODIS,83,61.03,299.6,7.7,N,0
28.0611,82.0124,313.9,1,1,2026-04-23,1514,Terra,MODIS,74,61.03,299.7,8.8,N,0
28.0687,82.0006,312.3,1,1,2026-04-23,1514,Terra,MODIS,21,61.03,300.4,7.2,N,0
28.0778,81.9932,311.1,1,1,2026-04-23,1514,Terra,MODIS,54,61.03,300.8,6.4,N,0
28.093,81.9698,313.9,1,1,2026-04-23,1514,Terra,MODIS,31,61.03,300.3,7.6,N,0
28.0956,81.99,313.7,1,1,2026-04-23,1514,Terra,MODIS,25,61.03,301.8,7.7,N,0
28.098,81.9376,309.3,1,1,2026-04-23,1514,Terra,MODIS,31,61.03,298.6,5.3,N,0
28.0993,81.9479,315.2,1,1,2026-04-23,1514,Terra,MODIS,80,61.03,299.3,9.5,N,0
28.1019,81.9682,349.3,1,1,2026-04-23,1514,Terra,MODIS,100,61.03,302.6,58.3,N,0
28.1032,81.9782,335.3,1,1,2026-04-23,1514,Terra,MODIS,100,61.03,302.4,32.4,N,0
28.1069,81.9361,311.1,1,1,2026-04-23,1514,Terra,MODIS,46,61.03,298.2,6.5,N,0
28.1121,81.9766,317.2,1,1,2026-04-23,1514,Terra,MODIS,95,61.03,301.5,10,N,0
28.1223,81.9852,317,1,1,2026-04-23,1514,Terra,MODIS,74,61.03,300.7,10.2,N,0
28.126,81.943,322.1,1,1,2026-04-23,1514,Terra,MODIS,100,61.03,301.2,15.5,N,0
28.1273,81.953,324.9,1,1,2026-04-23,1514,Terra,MODIS,100,61.03,301.6,18.5,N,0
28.1555,81.8799,314.1,1,1,2026-04-23,1514,Terra,MODIS,71,61.03,299.9,8.8,N,0
28.1606,81.9203,314.5,1,1,2026-04-23,1514,Terra,MODIS,42,61.03,300.4,8.6,N,0
28.1646,81.9512,312.1,1,1,2026-04-23,1514,Terra,MODIS,41,61.03,298.9,7.2,N,0
28.2314,81.8351,314.7,1,1,2026-04-23,1515,Terra,MODIS,90,61.03,300.2,9,N,0
28.2327,81.8451,316.9,1,1,2026-04-23,1515,Terra,MODIS,94,61.03,300.2,10.6,N,0
28.234,81.8552,311.5,1,1,2026-04-23,1515,Terra,MODIS,83,61.03,299.3,6.4,N,0
28.2353,81.8654,309.6,1,1,2026-04-23,1515,Terra,MODIS,78,61.03,299.2,5.2,N,0
28.2774,81.7595,312,1,1,2026-04-23,1515,Terra,MODIS,58,61.03,301,6,N,0
28.291,82.0072,307.3,1,1,2026-04-23,1515,Terra,MODIS,71,61.03,296.8,5.9,N,0
28.329,81.9483,308,1,1,2026-04-23,1515,Terra,MODIS,73,61.03,297.4,5.9,N,0
28.3303,81.9587,310.1,1,1,2026-04-23,1515,Terra,MODIS,79,61.03,297.4,7.7,N,0
28.3392,82.2432,310.1,1.1,1,2026-04-23,1515,Terra,MODIS,79,61.03,293.7,9.6,N,0
28.3912,82.2164,315.8,1.1,1,2026-04-23,1515,Terra,MODIS,92,61.03,294,13.8,N,0
28.4002,82.2153,308.6,1.1,1,2026-04-23,1515,Terra,MODIS,54,61.03,293.4,8,N,0
28.4476,80.7594,319.4,1,1,2026-04-23,1515,Terra,MODIS,98,61.03,298.2,14.3,N,0
28.4478,81.8643,308.5,1,1,2026-04-23,1515,Terra,MODIS,75,61.03,296.6,6.9,N,0
28.4733,81.9213,306.8,1,1,2026-04-23,1515,Terra,MODIS,68,61.03,294.7,6.1,N,0
28.5061,81.4634,310.2,1,1,2026-04-23,1515,Terra,MODIS,57,61.03,300,5.3,N,0
28.5569,81.9978,308.9,1,1,2026-04-23,1515,Terra,MODIS,76,61.03,296.4,7.2,N,0
28.6311,81.5078,308.4,1,1,2026-04-23,1515,Terra,MODIS,74,61.03,296.6,6.3,N,0
28.6319,81.9356,308.7,1,1,2026-04-23,1515,Terra,MODIS,75,61.03,294,7.4,N,0
28.6407,81.9337,305.4,1,1,2026-04-23,1515,Terra,MODIS,41,61.03,292.5,5,N,0
28.7124,82.2114,321.1,1.1,1,2026-04-23,1515,Terra,MODIS,100,61.03,295.5,19.2,N,0
28.7137,82.2214,308.8,1.1,1,2026-04-23,1515,Terra,MODIS,76,61.03,294.1,8,N,0
28.7163,81.2338,309.3,1,1,2026-04-23,1515,Terra,MODIS,77,61.03,298.8,5.9,N,0
28.751,79.7568,312.8,1,1,2026-04-23,1515,Terra,MODIS,84,61.03,296.9,9.8,N,0
28.7735,81.5336,306.4,1,1,2026-04-23,1515,Terra,MODIS,68,61.03,295.9,5.4,N,0
28.7755,81.6895,304.7,1,1,2026-04-23,1515,Terra,MODIS,57,61.03,294.5,5.2,N,0
28.8374,80.761,311.7,1,1,2026-04-23,1515,Terra,MODIS,41,61.03,300.7,6.6,N,0
28.8402,81.1342,310,1,1,2026-04-23,1515,Terra,MODIS,79,61.03,298.1,6.5,N,0
28.849,81.1327,318.9,1,1,2026-04-23,1515,Terra,MODIS,98,61.03,298.5,14.1,N,0
28.9044,81.4841,312.1,1,1,2026-04-23,1515,Terra,MODIS,84,61.03,295.5,8.8,N,0
28.9106,81.1055,310.2,1,1,2026-04-23,1515,Terra,MODIS,75,61.03,295.3,7,N,0
28.9119,81.1154,318.1,1,1,2026-04-23,1515,Terra,MODIS,96,61.03,296.2,13.6,N,0
28.9133,81.4826,309.3,1,1,2026-04-23,1515,Terra,MODIS,77,61.03,295.2,7.3,N,0
28.9214,81.0519,307.3,1,1,2026-04-23,1515,Terra,MODIS,71,61.03,295.2,5.2,N,0
28.9415,81.4084,311.4,1,1,2026-04-23,1515,Terra,MODIS,82,61.03,293.3,8.9,N,0
28.9482,80.7648,304.9,1,1,2026-04-23,1515,Terra,MODIS,62,61.03,293.1,5.2,N,0
28.9503,81.4073,327.6,1,1,2026-04-23,1515,Terra,MODIS,100,61.03,295.1,24.9,N,0
28.9517,81.4176,310.3,1,1,2026-04-23,1515,Terra,MODIS,80,61.03,294.5,8,N,0
28.9885,80.7987,305.4,1,1,2026-04-23,1515,Terra,MODIS,64,61.03,295.3,4.9,N,0
28.9942,80.5574,306.6,1,1,2026-04-23,1515,Terra,MODIS,52,61.03,296.1,4.9,N,0
29.0146,81.0595,304.1,1,1,2026-04-23,1515,Terra,MODIS,58,61.03,292.5,4.7,N,0
29.0326,81.2629,306.4,1,1,2026-04-23,1515,Terra,MODIS,68,61.03,294.8,5.7,N,0
29.108,80.3878,309.7,1,1,2026-04-23,1515,Terra,MODIS,78,61.03,298,6,N,0
29.1213,80.3548,308.8,1,1,2026-04-23,1515,Terra,MODIS,74,61.03,297.9,5.8,N,0
29.1333,79.846,309.4,1,1,2026-04-23,1515,Terra,MODIS,77,61.03,298.3,6.9,N,0
29.2527,79.9097,311,1,1,2026-04-23,1515,Terra,MODIS,81,61.03,294.7,9.1,N,0
29.2541,79.9196,305.7,1,1,2026-04-23,1515,Terra,MODIS,65,61.03,294.7,5.4,N,0
29.2806,80.9129,307.8,1,1,2026-04-23,1515,Terra,MODIS,72,61.03,295.3,5.8,N,0
29.2934,79.9885,306.1,1,1,2026-04-23,1515,Terra,MODIS,67,61.03,292,6.3,N,0
29.4057,78.9855,308,1,1,2026-04-23,1515,Terra,MODIS,72,61.03,297.2,6.2,N,0
29.6859,79.9621,305.6,1,1,2026-04-23,1515,Terra,MODIS,65,61.03,294.9,5,N,0
29.7707,78.8208,304,1,1,2026-04-23,1515,Terra,MODIS,58,61.03,293.8,4.7,N,0
30.1093,79.5002,301.8,1,1,2026-04-23,1515,Terra,MODIS,44,61.03,290.3,4.8,N,0
30.178,79.3344,300.3,1,1,2026-04-23,1515,Terra,MODIS,11,61.03,274,3.9,N,0
30.3552,76.4193,321.4,1.3,1.1,2026-04-23,1515,Terra,MODIS,100,61.03,300.3,22.2,N,2
30.9825,74.4784,306.1,1.6,1.3,2026-04-23,1516,Terra,MODIS,65,61.03,295.2,10.5,N,0
24.0102,96.7981,305.4,1.3,1.1,2026-04-23,2055,Aqua,MODIS,64,61.03,294.1,7.5,N,0
24.3825,96.8413,307.8,1.3,1.1,2026-04-23,2055,Aqua,MODIS,72,61.03,285,12.5,N,0
19.9138,96.6475,304.3,1.1,1.1,2026-04-23,2056,Aqua,MODIS,31,61.03,292.6,4.9,N,0
28.1108,81.985,309.4,1.7,1.3,2026-04-23,2232,Aqua,MODIS,43,61.03,297.5,13.1,N,0
28.1628,81.8951,308.4,1.7,1.3,2026-04-23,2232,Aqua,MODIS,72,61.03,297.1,13.2,N,0
28.4019,82.2273,303.3,1.8,1.3,2026-04-23,2232,Aqua,MODIS,54,61.03,290.4,14.5,N,0
30.2881,78.9043,302,1.1,1,2026-04-23,2232,Aqua,MODIS,46,61.03,291.1,5.1,N,0
30.3469,79.1702,302.1,1.1,1,2026-04-23,2232,Aqua,MODIS,47,61.03,289.7,6.2,N,0
24.9289,77.1445,305.4,1.1,1,2026-04-23,2233,Aqua,MODIS,64,61.03,292.1,7.6,N,0
24.9378,77.1463,314.6,1.1,1,2026-04-23,2233,Aqua,MODIS,90,61.03,294,14.2,N,0
25.0835,76.2915,302.6,1,1,2026-04-23,2233,Aqua,MODIS,50,61.03,292.3,5,N,0
25.147,75.9973,308.8,1,1,2026-04-23,2233,Aqua,MODIS,75,61.03,294,8.4,N,0
25.1577,76.335,309.4,1,1,2026-04-23,2233,Aqua,MODIS,77,61.03,293.1,9,N,0
25.3893,76.4062,302.3,1,1,2026-04-23,2233,Aqua,MODIS,48,61.03,291.3,5.2,N,0
25.8605,76.6616,307.2,1,1,2026-04-23,2233,Aqua,MODIS,70,61.03,292.3,7.3,N,0
25.8677,76.673,308.6,1,1,2026-04-23,2233,Aqua,MODIS,68,61.03,292.8,8.2,N,0
25.8692,76.6633,302.8,1,1,2026-04-23,2233,Aqua,MODIS,3,61.03,292.4,4.5,N,0
20.9698,85.1882,304,4.3,1.9,2026-04-23,2234,Aqua,MODIS,58,61.03,293.4,40.6,N,2
21.2405,79.9969,305.4,1.7,1.3,2026-04-23,2234,Aqua,MODIS,64,61.03,295.4,12.6,N,0
21.3054,77.2292,305.6,1.2,1.1,2026-04-23,2234,Aqua,MODIS,64,61.03,295.5,5.8,N,0
21.3792,77.3487,312.7,1.2,1.1,2026-04-23,2234,Aqua,MODIS,85,61.03,298,11.4,N,0
22.2843,79.6349,305.5,1.6,1.2,2026-04-23,2234,Aqua,MODIS,64,61.03,292.5,12.8,N,0
22.2921,79.6296,302.6,1.6,1.2,2026-04-23,2234,Aqua,MODIS,50,61.03,290.9,9.5,N,0
22.3796,77.569,309.5,1.2,1.1,2026-04-23,2234,Aqua,MODIS,78,61.03,297.7,8.4,N,0
22.3814,77.5579,314.9,1.2,1.1,2026-04-23,2234,Aqua,MODIS,90,61.03,298.1,13.5,N,0
22.4,80.1399,302.7,1.7,1.3,2026-04-23,2234,Aqua,MODIS,51,61.03,290.9,11.8,N,0
22.4236,76.0358,310.9,1,1,2026-04-23,2234,Aqua,MODIS,81,61.03,298.8,7.7,N,0
22.4251,76.0262,311,1,1,2026-04-23,2234,Aqua,MODIS,81,61.03,298.4,7.6,N,0
23.1834,78.6556,306.9,1.3,1.1,2026-04-23,2234,Aqua,MODIS,70,61.03,296.8,7.9,N,0
23.297,77.696,320.4,1.2,1.1,2026-04-23,2234,Aqua,MODIS,100,61.03,296.4,19.8,N,0
23.369,77.989,305,1.2,1.1,2026-04-23,2234,Aqua,MODIS,63,61.03,290.8,8.2,N,0
23.3709,77.9779,302.7,1.2,1.1,2026-04-23,2234,Aqua,MODIS,51,61.03,290.4,6.4,N,0
23.3784,77.9909,304.4,1.2,1.1,2026-04-23,2234,Aqua,MODIS,42,61.03,291.3,7.2,N,0
23.5243,77.9974,302.4,1.2,1.1,2026-04-23,2234,Aqua,MODIS,49,61.03,290.7,6.4,N,0
23.7058,77.4157,303.8,1.1,1.1,2026-04-23,2234,Aqua,MODIS,57,61.03,293.5,5.1,N,0
23.8036,77.7257,304.5,1.1,1.1,2026-04-23,2234,Aqua,MODIS,60,61.03,291.5,7.3,N,0
23.9512,77.6126,318.9,1.1,1.1,2026-04-23,2234,Aqua,MODIS,98,61.03,292.4,19.5,N,0
23.953,77.602,302.9,1.1,1.1,2026-04-23,2234,Aqua,MODIS,52,61.03,291.1,5.6,N,0
23.9938,78.0288,302.7,1.2,1.1,2026-04-23,2234,Aqua,MODIS,25,61.03,291.4,5.5,N,0
24.0013,78.0417,305.3,1.2,1.1,2026-04-23,2234,Aqua,MODIS,48,61.03,292.2,7.2,N,0
24.0031,78.0307,310,1.2,1.1,2026-04-23,2234,Aqua,MODIS,79,61.03,292,11.2,N,0
20.3508,74.218,310.1,1,1,2026-04-23,2235,Aqua,MODIS,79,61.03,298,6.5,N,0
20.3682,74.221,306.2,1,1,2026-04-23,2235,Aqua,MODIS,67,61.03,296,4.6,N,0
20.3696,74.2118,306.8,1,1,2026-04-23,2235,Aqua,MODIS,69,61.03,295.8,5,N,0
20.9555,73.6349,306.4,1,1,2026-04-23,2235,Aqua,MODIS,68,61.03,295.6,5.9,N,0
14.1865,79.4823,307,2.2,1.4,2026-04-23,2236,Aqua,MODIS,66,61.03,295.5,18.2,N,0
10.2658,77.3188,305.7,1.8,1.3,2026-04-23,2237,Aqua,MODIS,58,61.03,292.1,16.5,N,0
10.2679,77.3137,306.4,1.8,1.3,2026-04-23,2237,Aqua,MODIS,38,61.03,292.9,16.7,N,0
10.2772,77.3206,311.2,1.8,1.3,2026-04-23,2237,Aqua,MODIS,82,61.03,291.5,24.8,N,0
10.2794,77.3075,303,1.8,1.3,2026-04-23,2237,Aqua,MODIS,40,61.03,292.5,11.2,N,0
11.4666,76.6277,316.2,1.5,1.2,2026-04-23,2237,Aqua,MODIS,93,61.03,284.3,30.7,N,0