latitude,longitude,brightness,scan,track,acq_date,acq_time,satellite,instrument,confidence,version,bright_t31,frp,daynight,type
30.2066,74.8436,319.7,3.8,1.8,2026-04-29,455,Terra,MODIS,58,61.03,298.5,41.4,D,0
16.0273,94.4963,319.2,2.2,1.5,2026-04-29,919,Aqua,MODIS,49,61.03,292.1,27.4,D,0
16.0297,94.5166,324.2,2.3,1.5,2026-04-29,919,Aqua,MODIS,77,61.03,291.3,43.1,D,0
17.1715,81.0473,323,2.3,1.5,2026-04-29,920,Aqua,MODIS,64,61.03,298.7,36,D,0
17.9978,82.0349,327.4,1.8,1.3,2026-04-29,920,Aqua,MODIS,74,61.03,301.6,38.2,D,0
18.0472,95.8553,319.4,3.1,1.7,2026-04-29,920,Aqua,MODIS,62,61.03,291.8,38.2,D,0
18.4422,77.6269,336.6,3.9,1.8,2026-04-29,920,Aqua,MODIS,82,61.03,309.4,130.5,D,0
18.4493,77.6613,337.2,3.9,1.8,2026-04-29,920,Aqua,MODIS,83,61.03,308.6,141.4,D,0
18.905,82.6327,322.2,1.6,1.2,2026-04-29,920,Aqua,MODIS,65,61.03,302.8,17,D,0
18.9074,82.6465,318,1.6,1.2,2026-04-29,920,Aqua,MODIS,27,61.03,302.4,8.7,D,0
18.9998,84.4836,322.3,1.2,1.1,2026-04-29,920,Aqua,MODIS,67,61.03,300.8,14.9,D,0
19.536,83.9701,323.9,1.3,1.1,2026-04-29,920,Aqua,MODIS,72,61.03,305.1,14.7,D,0
18.6425,77.7518,331.7,3.8,1.8,2026-04-29,921,Aqua,MODIS,60,61.03,311.1,78.7,D,0
18.7354,78.7071,325.7,3.2,1.7,2026-04-29,921,Aqua,MODIS,64,61.03,306.1,45,D,0
19.1799,78.8385,325.9,3,1.7,2026-04-29,921,Aqua,MODIS,47,61.03,306.2,50.7,D,0
19.2194,80.9467,330.3,2.1,1.4,2026-04-29,921,Aqua,MODIS,75,61.03,302.1,54.8,D,0
19.4556,82.7194,320.4,1.5,1.2,2026-04-29,921,Aqua,MODIS,30,61.03,305.1,12.2,D,0
19.7268,77.6372,331.7,3.6,1.8,2026-04-29,921,Aqua,MODIS,71,61.03,308.9,71.3,D,0
19.7316,77.6403,332.1,3.6,1.8,2026-04-29,921,Aqua,MODIS,72,61.03,309.6,75.7,D,0
19.9086,83.426,331,1.3,1.2,2026-04-29,921,Aqua,MODIS,80,61.03,307.7,27.5,D,0
19.9606,79.4463,328,2.6,1.6,2026-04-29,921,Aqua,MODIS,48,61.03,307.7,44.9,D,0
19.9649,79.3957,328.1,2.6,1.6,2026-04-29,921,Aqua,MODIS,49,61.03,306.6,43.7,D,0
20.0223,83.4863,329.5,1.3,1.1,2026-04-29,921,Aqua,MODIS,78,61.03,311.4,21,D,0
20.0244,83.499,347.7,1.3,1.1,2026-04-29,921,Aqua,MODIS,93,61.03,311,65.6,D,0
20.134,80.0102,325.4,2.3,1.5,2026-04-29,921,Aqua,MODIS,51,61.03,307.5,23.6,D,0
20.2658,83.6523,323.4,1.3,1.1,2026-04-29,921,Aqua,MODIS,52,61.03,306.3,10.8,D,0
20.2663,83.6462,321.4,1.3,1.1,2026-04-29,921,Aqua,MODIS,43,61.03,306.3,7.9,D,0
20.3713,83.7944,325.8,1.3,1.1,2026-04-29,921,Aqua,MODIS,72,61.03,309.6,13.3,D,0
20.8023,79.4912,328.2,2.5,1.5,2026-04-29,921,Aqua,MODIS,20,61.03,311.4,35.6,D,0
20.806,79.495,328.5,2.5,1.5,2026-04-29,921,Aqua,MODIS,43,61.03,311.6,38.2,D,0
20.9624,86.0075,327.7,1,1,2026-04-29,921,Aqua,MODIS,69,61.03,309.3,10,D,2
21.0439,82.8784,330.2,1.4,1.2,2026-04-29,921,Aqua,MODIS,71,61.03,310.6,20.1,D,0
21.1149,82.9371,329.4,1.4,1.2,2026-04-29,921,Aqua,MODIS,74,61.03,312.6,14.8,D,0
21.158,83.0075,328.1,1.4,1.2,2026-04-29,921,Aqua,MODIS,61,61.03,312.4,11.4,D,0
21.4105,77.9095,324.4,3.2,1.7,2026-04-29,921,Aqua,MODIS,29,61.03,308,35,D,0
21.5241,85.505,337,1,1,2026-04-29,921,Aqua,MODIS,85,61.03,308.8,26.5,D,0
21.5998,78.154,328.9,3,1.7,2026-04-29,921,Aqua,MODIS,68,61.03,314.3,44.1,D,0
21.6914,77.4758,327,3.4,1.7,2026-04-29,921,Aqua,MODIS,43,61.03,311.3,46.7,D,0
21.6932,77.4797,326.3,3.4,1.7,2026-04-29,921,Aqua,MODIS,42,61.03,311.9,45.8,D,0
21.7411,83.8389,330.3,1.2,1.1,2026-04-29,921,Aqua,MODIS,63,61.03,311.9,12.6,D,0
21.7784,78.6849,326.8,2.7,1.6,2026-04-29,921,Aqua,MODIS,60,61.03,312.9,30.9,D,0
21.9671,79.4621,329.9,2.4,1.5,2026-04-29,921,Aqua,MODIS,60,61.03,313.4,34.9,D,0
21.9714,79.4841,330.3,2.3,1.5,2026-04-29,921,Aqua,MODIS,64,61.03,311,37,D,0
22.0007,79.5669,336.6,2.3,1.5,2026-04-29,921,Aqua,MODIS,81,61.03,313.3,67,D,0
22.0283,81.074,327.4,1.8,1.3,2026-04-29,921,Aqua,MODIS,63,61.03,310.5,24.9,D,0
22.122,82.7886,333.9,1.4,1.2,2026-04-29,921,Aqua,MODIS,78,61.03,314,27,D,0
22.2321,85.4075,323.3,1,1,2026-04-29,921,Aqua,MODIS,53,61.03,310.4,7.2,D,0
22.3663,80.7097,332.4,1.9,1.3,2026-04-29,921,Aqua,MODIS,75,61.03,313.3,37.4,D,0
22.3862,80.1889,334.4,2,1.4,2026-04-29,921,Aqua,MODIS,77,61.03,313.3,48,D,0
22.418,85.4112,321.1,1,1,2026-04-29,921,Aqua,MODIS,26,61.03,307.8,4.9,D,0
22.4785,81.2521,326.3,1.7,1.3,2026-04-29,921,Aqua,MODIS,61,61.03,309,25.7,D,0
22.5006,80.3703,333.5,2,1.4,2026-04-29,921,Aqua,MODIS,75,61.03,314.1,36.9,D,0
22.504,80.3884,332.4,2,1.4,2026-04-29,921,Aqua,MODIS,68,61.03,314.5,34.3,D,0
22.5059,85.5134,325,1,1,2026-04-29,921,Aqua,MODIS,67,61.03,310.4,8,D,0
22.5677,85.6624,328.5,1,1,2026-04-29,921,Aqua,MODIS,74,61.03,307.3,14.4,D,0
22.5692,85.6133,322.9,1,1,2026-04-29,921,Aqua,MODIS,46,61.03,309,5.8,D,0
22.5922,81.7578,326.4,1.6,1.2,2026-04-29,921,Aqua,MODIS,63,61.03,312,18.7,D,0
22.7393,88.2806,315.7,1.1,1,2026-04-29,921,Aqua,MODIS,65,61.03,298,8.1,D,0
22.7864,86.2087,323.1,1,1,2026-04-29,921,Aqua,MODIS,39,61.03,308.1,7.2,D,2
23.0431,82.2684,331.1,1.4,1.2,2026-04-29,921,Aqua,MODIS,72,61.03,317.7,16.5,D,0
22.8335,79.4738,330.5,2.3,1.5,2026-04-29,922,Aqua,MODIS,71,61.03,315.9,31.2,D,0
23.0568,81.3003,328.8,1.6,1.3,2026-04-29,922,Aqua,MODIS,63,61.03,313.9,17.3,D,0
23.316,79.2174,349,2.3,1.5,2026-04-29,922,Aqua,MODIS,92,61.03,311.9,141.1,D,0
23.3473,78.8382,328.1,2.4,1.5,2026-04-29,922,Aqua,MODIS,41,61.03,312.1,19.3,D,0
23.3546,77.7307,347,3,1.6,2026-04-29,922,Aqua,MODIS,91,61.03,314.4,180.4,D,0
23.3582,77.7227,344.7,3,1.6,2026-04-29,922,Aqua,MODIS,89,61.03,314.3,158.4,D,0
23.3603,78.8354,330.7,2.4,1.5,2026-04-29,922,Aqua,MODIS,69,61.03,312.1,33.1,D,0
23.4591,77.5483,335.1,3,1.7,2026-04-29,922,Aqua,MODIS,73,61.03,315,82.3,D,0
23.4648,77.576,334.4,3,1.7,2026-04-29,922,Aqua,MODIS,76,61.03,314.7,77.4,D,0
23.5696,77.6299,337.5,3,1.6,2026-04-29,922,Aqua,MODIS,81,61.03,315.7,88.8,D,0
23.5948,77.6808,330.1,2.9,1.6,2026-04-29,922,Aqua,MODIS,68,61.03,314.3,38.7,D,0
23.598,77.6755,332,2.9,1.6,2026-04-29,922,Aqua,MODIS,37,61.03,314.8,44.2,D,0
23.6003,77.7079,333.9,2.9,1.6,2026-04-29,922,Aqua,MODIS,76,61.03,314.1,62.9,D,0
23.6037,77.7025,351.4,2.9,1.6,2026-04-29,922,Aqua,MODIS,94,61.03,315,205.7,D,0
23.6088,77.6775,342.1,2.9,1.6,2026-04-29,922,Aqua,MODIS,86,61.03,316.7,119.5,D,0
23.6143,77.7045,349.3,2.9,1.6,2026-04-29,922,Aqua,MODIS,93,61.03,316.4,184.8,D,0
23.8563,82.7312,330.1,1.3,1.1,2026-04-29,922,Aqua,MODIS,72,61.03,316.9,12.1,D,0
23.8584,82.7433,330.5,1.3,1.1,2026-04-29,922,Aqua,MODIS,73,61.03,317.4,12.9,D,0
23.9043,81.1063,340.7,1.6,1.3,2026-04-29,922,Aqua,MODIS,85,61.03,313.8,58.2,D,0
23.9057,81.1009,333.7,1.6,1.3,2026-04-29,922,Aqua,MODIS,76,61.03,314.2,35.1,D,0
23.9407,82.8748,331.1,1.3,1.1,2026-04-29,922,Aqua,MODIS,74,61.03,316.3,13.5,D,0
24.1307,80.9429,345.6,1.7,1.3,2026-04-29,922,Aqua,MODIS,90,61.03,312.9,71,D,0
24.3986,80.8157,356.9,1.7,1.3,2026-04-29,922,Aqua,MODIS,98,61.03,316,122.7,D,0
24.4014,80.8313,338.1,1.7,1.3,2026-04-29,922,Aqua,MODIS,81,61.03,312.8,41.2,D,0
24.5427,77.6613,337.9,2.8,1.6,2026-04-29,922,Aqua,MODIS,70,61.03,316.6,86.2,D,0
24.5515,77.664,335.6,2.8,1.6,2026-04-29,922,Aqua,MODIS,67,61.03,316.1,71.5,D,0
24.7964,78.7635,326.9,2.3,1.5,2026-04-29,922,Aqua,MODIS,46,61.03,310.4,21.9,D,0
25.0326,87.3721,314.8,1.1,1,2026-04-29,922,Aqua,MODIS,37,61.03,298,6.1,D,2
25.3443,83.4065,331.8,1.1,1.1,2026-04-29,922,Aqua,MODIS,76,61.03,310.5,14.7,D,0
25.5881,84.0549,327.9,1.1,1,2026-04-29,922,Aqua,MODIS,71,61.03,308.6,10.2,D,0
25.5897,84.0651,331.4,1.1,1,2026-04-29,922,Aqua,MODIS,77,61.03,310.3,15.2,D,0
25.6827,78.6027,332.1,2.3,1.5,2026-04-29,922,Aqua,MODIS,76,61.03,307.4,40.8,D,0
25.6869,78.6239,329.8,2.2,1.5,2026-04-29,922,Aqua,MODIS,72,61.03,307.2,31.9,D,0
25.6871,78.6191,331.3,2.2,1.5,2026-04-29,922,Aqua,MODIS,75,61.03,307.2,38.1,D,0
25.7695,78.1726,330.7,2.4,1.5,2026-04-29,922,Aqua,MODIS,69,61.03,304,43.7,D,0
25.8422,84.6114,322.9,1,1,2026-04-29,922,Aqua,MODIS,64,61.03,304.8,6.8,D,0
25.8796,78.1854,331.6,2.4,1.5,2026-04-29,922,Aqua,MODIS,77,61.03,304.8,44.4,D,0
25.8812,78.192,332.3,2.4,1.5,2026-04-29,922,Aqua,MODIS,78,61.03,304.6,44.9,D,0
25.8924,78.1822,332.7,2.4,1.5,2026-04-29,922,Aqua,MODIS,79,61.03,305,47.8,D,0
25.9552,78.2324,328.3,2.4,1.5,2026-04-29,922,Aqua,MODIS,61,61.03,303,24.9,D,0
25.957,78.2367,328.1,2.4,1.5,2026-04-29,922,Aqua,MODIS,62,61.03,303,24,D,0
26.009,78.1008,327.2,2.4,1.5,2026-04-29,922,Aqua,MODIS,69,61.03,304.4,26.2,D,0
26.4417,83.1886,325.3,1.1,1.1,2026-04-29,922,Aqua,MODIS,63,61.03,305,6.8,D,0
26.4508,83.1867,327.6,1.1,1.1,2026-04-29,922,Aqua,MODIS,72,61.03,305.3,9.9,D,0
26.5017,83.4413,333.9,1.1,1,2026-04-29,922,Aqua,MODIS,81,61.03,305.5,18.7,D,0
26.5359,83.085,329.2,1.1,1.1,2026-04-29,922,Aqua,MODIS,74,61.03,306.5,12.8,D,0
26.5451,83.0831,334.5,1.1,1.1,2026-04-29,922,Aqua,MODIS,81,61.03,305.5,20.7,D,0
26.7551,82.7806,337.2,1.2,1.1,2026-04-29,922,Aqua,MODIS,85,61.03,306.5,27,D,0
27.203,83.0719,325.9,1.1,1.1,2026-04-29,923,Aqua,MODIS,71,61.03,303.7,8.3,D,0
27.4003,82.3118,322.3,1.2,1.1,2026-04-29,923,Aqua,MODIS,68,61.03,301.2,9.1,D,0
27.9095,82.2326,323.7,1.2,1.1,2026-04-29,923,Aqua,MODIS,71,61.03,300.2,15.4,D,0
27.9882,81.947,315.7,1.2,1.1,2026-04-29,923,Aqua,MODIS,45,61.03,298.9,7.7,D,0
28.6407,76.3783,324.4,2.8,1.6,2026-04-29,923,Aqua,MODIS,61,61.03,305.3,26.2,D,0
28.6466,76.3695,326.1,2.8,1.6,2026-04-29,923,Aqua,MODIS,69,61.03,305.9,32.3,D,0
29.0697,75.6267,326.4,3,1.7,2026-04-29,923,Aqua,MODIS,62,61.03,305.3,39.1,D,0
29.072,75.6189,326.1,3,1.7,2026-04-29,923,Aqua,MODIS,61,61.03,305.4,37.9,D,0
29.1295,76.5404,328.5,2.6,1.6,2026-04-29,923,Aqua,MODIS,70,61.03,306.5,36.6,D,0
29.412,76.5508,326.4,2.6,1.5,2026-04-29,923,Aqua,MODIS,57,61.03,304.6,29.4,D,0
29.4147,76.7583,326.9,2.5,1.5,2026-04-29,923,Aqua,MODIS,65,61.03,304.6,33.9,D,0
29.4185,76.7618,327.5,2.5,1.5,2026-04-29,923,Aqua,MODIS,66,61.03,304.4,36.6,D,0
29.4468,76.5338,328,2.6,1.5,2026-04-29,923,Aqua,MODIS,61,61.03,304,34.3,D,0
29.4514,76.5396,327,2.6,1.5,2026-04-29,923,Aqua,MODIS,60,61.03,304.6,29.2,D,0
29.6211,76.4726,326.1,2.6,1.5,2026-04-29,924,Aqua,MODIS,60,61.03,303.2,35.2,D,0
29.6731,75.9551,329.8,2.8,1.6,2026-04-29,924,Aqua,MODIS,75,61.03,305.4,48,D,0
29.7201,76.1329,324.2,2.7,1.6,2026-04-29,924,Aqua,MODIS,52,61.03,299.5,27.5,D,2
29.7268,76.1379,323.1,2.7,1.6,2026-04-29,924,Aqua,MODIS,42,61.03,299,23.7,D,0
29.8219,75.7469,326.9,2.9,1.6,2026-04-29,924,Aqua,MODIS,72,61.03,303.2,38.3,D,0
29.8404,75.8295,325.8,2.8,1.6,2026-04-29,924,Aqua,MODIS,65,61.03,303.1,31.2,D,0
29.8664,75.9155,332,2.8,1.6,2026-04-29,924,Aqua,MODIS,79,61.03,304.5,67.7,D,0
29.8722,75.907,331.4,2.8,1.6,2026-04-29,924,Aqua,MODIS,79,61.03,303.8,64.5,D,0
29.9527,76.2533,328.3,2.6,1.6,2026-04-29,924,Aqua,MODIS,44,61.03,302.8,45.4,D,0
32.5161,74.7086,320.6,2.9,1.6,2026-04-29,924,Aqua,MODIS,72,61.03,296.1,45.6,D,0
32.5258,74.7096,323.4,2.9,1.6,2026-04-29,924,Aqua,MODIS,75,61.03,296.2,59.2,D,0
16.8655,95.2663,305.7,1.2,1.1,2026-04-29,1411,Terra,MODIS,61,61.03,294,5.1,N,0
17.9503,95.3582,305.4,1.2,1.1,2026-04-29,1412,Terra,MODIS,64,61.03,293.6,5.3,N,0
18.8778,95.5462,308.1,1.1,1.1,2026-04-29,1412,Terra,MODIS,73,61.03,295.2,5.5,N,0
19.0282,95.2115,308.8,1.2,1.1,2026-04-29,1412,Terra,MODIS,75,61.03,295,6.8,N,0
19.1598,95.2154,308.9,1.2,1.1,2026-04-29,1412,Terra,MODIS,76,61.03,294.9,7,N,0
19.1614,95.2261,310.1,1.2,1.1,2026-04-29,1412,Terra,MODIS,79,61.03,295.4,8,N,0
19.7359,96.3597,305,1,1,2026-04-29,1412,Terra,MODIS,62,61.03,293.1,4.1,N,0
13.4829,74.7611,304.9,1,1,2026-04-29,1549,Terra,MODIS,61,61.03,285.7,4.3,N,0
15.1791,76.658,313.8,1.2,1.1,2026-04-29,1549,Terra,MODIS,69,61.03,300.1,8.9,N,2
17.2211,78.9195,315,1.8,1.3,2026-04-29,1550,Terra,MODIS,80,61.03,293.7,31.9,N,0
17.2229,78.9364,307.3,1.8,1.3,2026-04-29,1550,Terra,MODIS,23,61.03,292.1,18.5,N,0
19.8239,75.7341,314.6,1.2,1.1,2026-04-29,1550,Terra,MODIS,85,61.03,297.8,13.3,N,0
20.0439,73.5725,309.3,1,1,2026-04-29,1551,Terra,MODIS,66,61.03,296.5,7.1,N,0
20.1599,75.4024,314.1,1.2,1.1,2026-04-29,1551,Terra,MODIS,84,61.03,297.7,11.7,N,0
20.2998,74.9784,311.9,1.1,1.1,2026-04-29,1551,Terra,MODIS,76,61.03,300.8,8,N,0
21.406,77.9106,319.6,1.8,1.3,2026-04-29,1551,Terra,MODIS,99,61.03,302.1,28.1,N,0
21.4077,77.9268,317.9,1.8,1.3,2026-04-29,1551,Terra,MODIS,94,61.03,302.3,24.1,N,0
21.4174,77.9087,311,1.8,1.3,2026-04-29,1551,Terra,MODIS,72,61.03,300.8,12.5,N,0
21.7082,78.1843,309.8,1.9,1.3,2026-04-29,1551,Terra,MODIS,68,61.03,295.8,18.7,N,0
21.7237,78.2182,313,1.9,1.3,2026-04-29,1551,Terra,MODIS,81,61.03,296.9,23.1,N,0
21.9087,79.1468,309.3,2.2,1.4,2026-04-29,1551,Terra,MODIS,68,61.03,295.8,24.1,N,0
22.0248,78.994,308.9,2.2,1.4,2026-04-29,1551,Terra,MODIS,67,61.03,296.7,18.9,N,0
22.2291,77.4902,311.6,1.7,1.3,2026-04-29,1551,Terra,MODIS,76,61.03,300.8,13.3,N,0
22.5445,76.5996,305.9,1.5,1.2,2026-04-29,1551,Terra,MODIS,42,61.03,292.4,8.4,N,0
22.5987,77.0971,307.1,1.6,1.2,2026-04-29,1551,Terra,MODIS,55,61.03,296.7,11.8,N,0
22.9218,79.1409,309.3,2.3,1.5,2026-04-29,1551,Terra,MODIS,72,61.03,295.1,23.9,N,0
23.0491,75.395,310.9,1.3,1.1,2026-04-29,1551,Terra,MODIS,70,61.03,299.3,9.1,N,0
23.352,76.8886,310.3,1.6,1.2,2026-04-29,1551,Terra,MODIS,70,61.03,299.7,11.1,N,0
23.4032,75.9937,310.3,1.4,1.2,2026-04-29,1551,Terra,MODIS,68,61.03,299.4,9.8,N,0
23.5893,79.0605,309.3,2.3,1.5,2026-04-29,1551,Terra,MODIS,70,61.03,298.6,19.6,N,0
23.5995,77.5976,313,1.8,1.3,2026-04-29,1551,Terra,MODIS,81,61.03,298.8,19.1,N,0
23.6668,77.48,310.3,1.8,1.3,2026-04-29,1551,Terra,MODIS,70,61.03,296.9,15,N,0
23.7148,78.3196,313.6,2.1,1.4,2026-04-29,1551,Terra,MODIS,83,61.03,298.1,26,N,0
23.7967,77.7384,308.2,1.9,1.3,2026-04-29,1551,Terra,MODIS,59,61.03,297.1,11.9,N,0
23.8644,77.5122,308.7,1.8,1.3,2026-04-29,1551,Terra,MODIS,62,61.03,296.8,11.1,N,0
23.4444,69.6007,310.7,1.1,1.1,2026-04-29,1552,Terra,MODIS,69,61.03,299.6,7.5,N,0
24.0849,74.8383,309.4,1.2,1.1,2026-04-29,1552,Terra,MODIS,67,61.03,298.2,7.1,N,0
24.5107,74.7226,305.1,1.2,1.1,2026-04-29,1552,Terra,MODIS,17,61.03,287.2,7.6,N,0
24.8038,80.2526,310.1,3,1.6,2026-04-29,1552,Terra,MODIS,77,61.03,297.1,30.1,N,0
24.8065,80.2468,310.1,3,1.6,2026-04-29,1552,Terra,MODIS,76,61.03,297.1,30.3,N,0
24.8472,77.9107,309.7,2,1.4,2026-04-29,1552,Terra,MODIS,71,61.03,296.8,14.2,N,0
24.8541,77.9166,313.8,2,1.4,2026-04-29,1552,Terra,MODIS,85,61.03,296.6,22.7,N,0
28.4123,68.0801,309.7,1.2,1.1,2026-04-29,1553,Terra,MODIS,67,61.03,298.1,7.3,N,0
28.4441,68.0973,309.5,1.2,1.1,2026-04-29,1553,Terra,MODIS,66,61.03,299.3,6.1,N,0
29.7721,75.8109,314.5,1.6,1.3,2026-04-29,1553,Terra,MODIS,89,61.03,295.1,21.7,N,0
20.9654,85.186,304.6,2.1,1.4,2026-04-29,2128,Aqua,MODIS,52,61.03,292.5,12.7,N,2
20.9677,85.1669,304.4,2.1,1.4,2026-04-29,2128,Aqua,MODIS,58,61.03,292.9,11.3,N,2
20.9703,85.1747,308,2.1,1.4,2026-04-29,2128,Aqua,MODIS,73,61.03,293,18.5,N,2
30.6408,76.9124,308.9,2.3,1.5,2026-04-29,2304,Aqua,MODIS,76,61.03,290.9,32.1,N,0
16.776,96.2927,322.2,1.5,1.2,2026-04-30,222,Terra,MODIS,61,61.03,300.3,12.8,D,0
29.6671,80.1184,308.4,1,1,2026-04-30,356,Terra,MODIS,45,61.03,294.7,4.6,D,0
29.8698,76.9794,320,1.1,1,2026-04-30,356,Terra,MODIS,58,61.03,302.5,7.6,D,0
29.8788,76.9809,322.8,1.1,1,2026-04-30,356,Terra,MODIS,69,61.03,302.6,10.8,D,0
30.1424,75.8837,325.3,1.2,1.1,2026-04-30,356,Terra,MODIS,69,61.03,307.4,9.7,D,0
30.2163,77.2162,321.5,1.1,1,2026-04-30,356,Terra,MODIS,68,61.03,301.5,10.1,D,0
30.2984,75.1512,325.1,1.3,1.1,2026-04-30,356,Terra,MODIS,53,61.03,304.1,14.5,D,0
30.3355,75.5465,326.6,1.3,1.1,2026-04-30,356,Terra,MODIS,72,61.03,305.3,14.7,D,0
30.375,75.8823,322,1.2,1.1,2026-04-30,356,Terra,MODIS,59,61.03,305.7,7.5,D,0
30.4568,75.2814,323.2,1.3,1.1,2026-04-30,356,Terra,MODIS,40,61.03,304.8,7.6,D,0
30.4664,75.3762,330,1.3,1.1,2026-04-30,356,Terra,MODIS,77,61.03,306.5,19.3,D,0
30.4782,75.2711,324.9,1.3,1.1,2026-04-30,356,Terra,MODIS,69,61.03,305.5,10.7,D,0
30.536,75.3926,325.3,1.3,1.1,2026-04-30,356,Terra,MODIS,70,61.03,305.9,11.8,D,0
30.6089,76.8824,322.5,1.1,1,2026-04-30,356,Terra,MODIS,70,61.03,304,10.6,D,0
30.6388,76.9281,319.8,1.1,1,2026-04-30,356,Terra,MODIS,50,61.03,302.2,6.8,D,0
30.6402,76.9169,327.3,1.1,1,2026-04-30,356,Terra,MODIS,78,61.03,303,16.9,D,0
30.6416,76.9058,319.2,1.1,1,2026-04-30,356,Terra,MODIS,37,61.03,301.7,7,D,0
30.9109,76.6742,321.7,1.1,1.1,2026-04-30,356,Terra,MODIS,72,61.03,303.2,11.5,D,0
31.0684,74.9933,321.6,1.4,1.2,2026-04-30,356,Terra,MODIS,65,61.03,301,10.5,D,0
31.1709,74.5364,324.8,1.5,1.2,2026-04-30,356,Terra,MODIS,65,61.03,305.6,15,D,0
31.5282,75.3445,320,1.3,1.1,2026-04-30,356,Terra,MODIS,56,61.03,301.7,11.5,D,0
32.5937,74.8062,326.6,1.5,1.2,2026-04-30,356,Terra,MODIS,78,61.03,303.5,20.9,D,0
25.9415,78.5661,328.6,1,1,2026-04-30,357,Terra,MODIS,75,61.03,306.6,11.1,D,0
25.9548,78.5986,325.1,1,1,2026-04-30,357,Terra,MODIS,64,61.03,306.3,7.8,D,0
25.9562,78.5888,335.6,1,1,2026-04-30,357,Terra,MODIS,84,61.03,307.1,21.6,D,0
25.9587,78.7673,324.1,1,1,2026-04-30,357,Terra,MODIS,71,61.03,304.9,7.9,D,0
26.0294,78.2276,328.2,1,1,2026-04-30,357,Terra,MODIS,75,61.03,306.9,10.3,D,0
26.0308,78.2179,326,1,1,2026-04-30,357,Terra,MODIS,71,61.03,307.2,7.9,D,0
26.0364,78.179,324.2,1,1,2026-04-30,357,Terra,MODIS,60,61.03,307,6.6,D,0
26.0421,78.1402,328.3,1,1,2026-04-30,357,Terra,MODIS,75,61.03,307.1,11.8,D,0
26.0656,78.7318,324.3,1,1,2026-04-30,357,Terra,MODIS,73,61.03,301.7,9.5,D,0
26.2555,78.5,324,1,1,2026-04-30,357,Terra,MODIS,70,61.03,305.5,8.7,D,0
26.2569,78.4902,324.2,1,1,2026-04-30,357,Terra,MODIS,71,61.03,305.7,8.9,D,0
26.2946,78.1068,322,1,1,2026-04-30,357,Terra,MODIS,63,61.03,304.8,5.9,D,0
26.296,78.0971,324.6,1,1,2026-04-30,357,Terra,MODIS,69,61.03,305.1,8.5,D,0
26.4099,78.3993,324.1,1,1,2026-04-30,357,Terra,MODIS,67,61.03,305.9,8.3,D,0
26.4113,78.3896,321.9,1,1,2026-04-30,357,Terra,MODIS,61,61.03,305.7,5.9,D,0
27.4518,81.2888,311.7,1.2,1.1,2026-04-30,357,Terra,MODIS,36,61.03,290,9,D,0
27.6809,79.7909,324.2,1.1,1,2026-04-30,357,Terra,MODIS,75,61.03,293.3,14.9,D,0
27.6899,79.7926,322.6,1.1,1,2026-04-30,357,Terra,MODIS,73,61.03,293.4,12.7,D,0
27.6906,80.0287,316.4,1.1,1,2026-04-30,357,Terra,MODIS,61,61.03,300.1,6,D,0
27.7438,77.4517,325.6,1,1,2026-04-30,357,Terra,MODIS,48,61.03,296.1,16.5,D,0
27.9001,80.1094,316.6,1.1,1,2026-04-30,357,Terra,MODIS,61,61.03,300.3,6.1,D,0
27.9057,79.8951,317.8,1.1,1,2026-04-30,357,Terra,MODIS,63,61.03,300.5,7.2,D,2
27.9321,80.0831,317.7,1.1,1,2026-04-30,357,Terra,MODIS,52,61.03,300,7.1,D,0
27.9337,80.0726,319.9,1.1,1,2026-04-30,357,Terra,MODIS,68,61.03,300.1,9.6,D,0
27.9416,79.902,318.1,1.1,1,2026-04-30,357,Terra,MODIS,64,61.03,299.5,7.7,D,0
27.9432,79.8916,334.4,1.1,1,2026-04-30,357,Terra,MODIS,85,61.03,299.4,28.2,D,0
27.9738,79.8123,316.6,1,1,2026-04-30,357,Terra,MODIS,55,61.03,300.3,5.3,D,0
28.0397,81.096,314.7,1.2,1.1,2026-04-30,357,Terra,MODIS,62,61.03,297,7.5,D,0
28.1352,80.027,319.4,1.1,1,2026-04-30,357,Terra,MODIS,69,61.03,295.7,9.3,D,0
28.1368,80.0165,314.9,1.1,1,2026-04-30,357,Terra,MODIS,52,61.03,294.7,4.7,D,0
28.1531,81.2089,316.5,1.2,1.1,2026-04-30,357,Terra,MODIS,63,61.03,298.8,9.4,D,0
28.157,79.9453,317.6,1.1,1,2026-04-30,357,Terra,MODIS,65,61.03,298.1,7.2,D,0
28.1946,80.0019,318,1.1,1,2026-04-30,357,Terra,MODIS,66,61.03,299,7.6,D,0
28.2087,80.2103,312.6,1.1,1,2026-04-30,357,Terra,MODIS,35,61.03,295.6,4.6,D,0
28.2572,79.2201,316.7,1,1,2026-04-30,357,Terra,MODIS,58,61.03,300.8,5.5,D,0
28.3165,80.1721,318.1,1.1,1,2026-04-30,357,Terra,MODIS,67,61.03,299.2,8.2,D,0
28.352,80.2399,321.1,1.1,1,2026-04-30,357,Terra,MODIS,72,61.03,300.2,10.2,D,0
28.3799,80.3001,314.7,1.1,1,2026-04-30,357,Terra,MODIS,48,61.03,299.2,6.3,D,0
28.5925,80.7175,320.1,1.1,1.1,2026-04-30,357,Terra,MODIS,73,61.03,301,10.2,D,0
28.6169,80.4426,313.9,1.1,1,2026-04-30,357,Terra,MODIS,52,61.03,298.5,5.5,D,0
28.617,76.4891,325.6,1.1,1,2026-04-30,357,Terra,MODIS,69,61.03,305.5,11.5,D,0
28.6186,80.0125,318.6,1.1,1,2026-04-30,357,Terra,MODIS,63,61.03,298.6,11.1,D,0
28.6255,80.149,315.9,1.1,1,2026-04-30,357,Terra,MODIS,61,61.03,299.4,5.8,D,0
28.6626,76.7771,329.8,1.1,1,2026-04-30,357,Terra,MODIS,77,61.03,305.7,17.2,D,0
28.7081,80.5115,318.3,1.1,1,2026-04-30,357,Terra,MODIS,71,61.03,296.8,9.8,D,0
28.7417,81.9613,306.1,1.3,1.1,2026-04-30,357,Terra,MODIS,24,61.03,287.5,4.1,D,0
28.8562,78.8555,312.1,1,1,2026-04-30,357,Terra,MODIS,45,61.03,296.8,4.1,D,0
28.9229,76.4004,320.2,1.1,1,2026-04-30,357,Terra,MODIS,37,61.03,300.4,5,D,0
29.0416,80.3904,307.2,1.1,1,2026-04-30,357,Terra,MODIS,54,61.03,291.5,4,D,0
29.0435,76.962,322.1,1.1,1,2026-04-30,357,Terra,MODIS,66,61.03,303.1,7.9,D,0
29.0526,76.9635,322.4,1.1,1,2026-04-30,357,Terra,MODIS,66,61.03,303.9,7.9,D,0
29.0698,76.4702,324.9,1.1,1,2026-04-30,357,Terra,MODIS,69,61.03,306.7,8.9,D,0
29.1874,76.9874,323.3,1.1,1,2026-04-30,357,Terra,MODIS,69,61.03,304.8,8.7,D,0
29.3192,75.2552,327.1,1.3,1.1,2026-04-30,357,Terra,MODIS,70,61.03,307.6,12.4,D,0
29.3346,76.9195,322.8,1.1,1,2026-04-30,357,Terra,MODIS,68,61.03,304.4,8.7,D,0
29.3596,78.7538,321.2,1,1,2026-04-30,357,Terra,MODIS,74,61.03,298.5,12.2,D,0
29.3995,76.2671,323.5,1.1,1.1,2026-04-30,357,Terra,MODIS,38,61.03,304.5,9.6,D,0
29.4267,78.6797,322.2,1,1,2026-04-30,357,Terra,MODIS,76,61.03,298.6,12.5,D,0
29.475,78.736,315.8,1,1,2026-04-30,357,Terra,MODIS,66,61.03,298.4,5.3,D,0
30.0746,74.6185,324.5,1.4,1.2,2026-04-30,357,Terra,MODIS,68,61.03,304.5,12.4,D,0
21.7296,81.4854,327.2,1.6,1.2,2026-04-30,358,Terra,MODIS,74,61.03,309.5,14.9,D,0
21.7426,83.8377,319.3,2.3,1.5,2026-04-30,358,Terra,MODIS,51,61.03,298.7,20.8,D,0
21.7792,81.2607,333.7,1.5,1.2,2026-04-30,358,Terra,MODIS,82,61.03,310.7,29.9,D,0
22.0386,83.7382,317.8,2.2,1.4,2026-04-30,358,Terra,MODIS,61,61.03,298.9,18,D,2
22.1003,79.186,326.2,1.1,1.1,2026-04-30,358,Terra,MODIS,61,61.03,311.4,9.7,D,0
22.1734,79.2487,330.2,1.1,1.1,2026-04-30,358,Terra,MODIS,76,61.03,310.4,14.8,D,0
22.4175,77.717,322.8,1,1,2026-04-30,358,Terra,MODIS,61,61.03,306.5,7.2,D,0
22.5686,75.7897,321.7,1,1,2026-04-30,358,Terra,MODIS,45,61.03,307.5,6.8,D,0
22.5699,75.7798,322.5,1,1,2026-04-30,358,Terra,MODIS,52,61.03,306.5,7.9,D,2
22.9133,77.9787,323.7,1,1,2026-04-30,358,Terra,MODIS,58,61.03,307.5,9.4,D,0
23.0474,77.6937,326.3,1,1,2026-04-30,358,Terra,MODIS,64,61.03,309.3,8,D,0
23.0621,78.2911,327.2,1,1,2026-04-30,358,Terra,MODIS,70,61.03,308.8,10,D,0
23.0636,78.2814,328.4,1,1,2026-04-30,358,Terra,MODIS,72,61.03,308.4,11.8,D,0
23.1453,77.9777,328.6,1,1,2026-04-30,358,Terra,MODIS,72,61.03,309.9,10,D,0
23.1621,76.2337,324.5,1,1,2026-04-30,358,Terra,MODIS,45,61.03,307.4,7.9,D,0
23.1663,78.3953,335.9,1,1,2026-04-30,358,Terra,MODIS,82,61.03,309.8,22.3,D,0
23.2319,77.5712,330.2,1,1,2026-04-30,358,Terra,MODIS,71,61.03,309.7,12.8,D,0
23.3188,75.4833,324.8,1.1,1,2026-04-30,358,Terra,MODIS,63,61.03,306.8,9.7,D,0
23.3553,76.0367,323.9,1,1,2026-04-30,358,Terra,MODIS,57,61.03,307.5,7.6,D,0
23.373,77.4999,326.3,1,1,2026-04-30,358,Terra,MODIS,60,61.03,309.5,7.8,D,0
23.4158,75.0296,329.5,1.1,1.1,2026-04-30,358,Terra,MODIS,74,61.03,306.1,18.5,D,0
23.4402,77.3457,328.3,1,1,2026-04-30,358,Terra,MODIS,66,61.03,310.3,9.4,D,0
23.5173,78.4002,335.8,1,1,2026-04-30,358,Terra,MODIS,80,61.03,311.1,21,D,0
23.5376,76.5907,328.4,1,1,2026-04-30,358,Terra,MODIS,68,61.03,308.9,10.8,D,0
23.5604,77.7292,324.5,1,1,2026-04-30,358,Terra,MODIS,41,61.03,308.6,6.2,D,0
23.5706,77.5356,327.1,1,1,2026-04-30,358,Terra,MODIS,61,61.03,311.2,8.4,D,0
23.5743,77.8196,324.9,1,1,2026-04-30,358,Terra,MODIS,38,61.03,308.7,6,D,0
23.5865,78.7945,329.2,1.1,1,2026-04-30,358,Terra,MODIS,69,61.03,310.1,12,D,0
23.7765,76.8633,337.7,1,1,2026-04-30,358,Terra,MODIS,82,61.03,309.9,21.7,D,0
23.7841,78.8934,325.1,1.1,1,2026-04-30,358,Terra,MODIS,57,61.03,309.8,7.9,D,0
23.8011,77.6706,330,1,1,2026-04-30,358,Terra,MODIS,69,61.03,311.5,10,D,0
23.8422,77.6971,330.6,1,1,2026-04-30,358,Terra,MODIS,70,61.03,310.9,10.5,D,0
23.8436,77.6876,328.6,1,1,2026-04-30,358,Terra,MODIS,65,61.03,312.4,8,D,0
23.8482,79.1409,327.7,1.1,1,2026-04-30,358,Terra,MODIS,68,61.03,308.4,12.8,D,0
23.8498,79.1306,328.6,1.1,1,2026-04-30,358,Terra,MODIS,70,61.03,308.5,13.8,D,0
23.9569,78.0533,327.3,1,1,2026-04-30,358,Terra,MODIS,62,61.03,311,8.3,D,0
23.9625,78.8758,323.7,1.1,1,2026-04-30,358,Terra,MODIS,57,61.03,308.8,6.4,D,0
23.9708,76.3869,327.4,1,1,2026-04-30,358,Terra,MODIS,65,61.03,307.4,10,D,0
23.9889,78.8864,324.9,1.1,1,2026-04-30,358,Terra,MODIS,64,61.03,309.3,6.7,D,0
24.0207,76.9022,333.7,1,1,2026-04-30,358,Terra,MODIS,77,61.03,309.7,16.5,D,0
24.0221,76.8926,327.9,1,1,2026-04-30,358,Terra,MODIS,64,61.03,309.4,8.9,D,0
24.047,77.5581,330.8,1,1,2026-04-30,358,Terra,MODIS,71,61.03,312.2,10.7,D,0
24.2016,77.8907,329.7,1,1,2026-04-30,358,Terra,MODIS,69,61.03,313,10.6,D,0
24.2029,77.8811,331.4,1,1,2026-04-30,358,Terra,MODIS,73,61.03,311.7,13,D,0
24.3751,77.6576,327.7,1,1,2026-04-30,358,Terra,MODIS,66,61.03,311.7,8.2,D,0
24.3971,77.5045,327.2,1,1,2026-04-30,358,Terra,MODIS,65,61.03,311.5,7.1,D,0
24.3985,77.495,331.8,1,1,2026-04-30,358,Terra,MODIS,75,61.03,312.3,12.7,D,0
24.5013,77.4205,329.6,1,1,2026-04-30,358,Terra,MODIS,71,61.03,312,10,D,0
24.5027,77.411,331.6,1,1,2026-04-30,358,Terra,MODIS,75,61.03,312.6,12.5,D,0
24.5857,76.8831,342.8,1,1,2026-04-30,358,Terra,MODIS,88,61.03,311,30,D,0
24.6127,76.4111,328.8,1,1,2026-04-30,358,Terra,MODIS,70,61.03,308.7,11.2,D,0
24.7033,78.0039,328.6,1,1,2026-04-30,358,Terra,MODIS,69,61.03,310.6,9.7,D,0
24.8229,76.3618,328.2,1,1,2026-04-30,358,Terra,MODIS,70,61.03,310.2,8.6,D,0
24.8242,76.3518,334.1,1,1,2026-04-30,358,Terra,MODIS,80,61.03,310.4,16.8,D,0
24.8525,76.9549,333.4,1,1,2026-04-30,358,Terra,MODIS,77,61.03,313.1,14.7,D,0
24.8538,76.9452,332.5,1,1,2026-04-30,358,Terra,MODIS,76,61.03,311.4,13.6,D,0
24.8937,79.5014,322.6,1.1,1,2026-04-30,358,Terra,MODIS,57,61.03,306.4,7,D,0
24.9313,79.0146,325.3,1,1,2026-04-30,358,Terra,MODIS,64,61.03,307.7,7.3,D,0
24.9398,77.0548,326.5,1,1,2026-04-30,358,Terra,MODIS,63,61.03,310.2,6.6,D,0
24.9574,77.1864,328.3,1,1,2026-04-30,358,Terra,MODIS,67,61.03,309.2,9.7,D,0
25.1504,76.5236,327.3,1,1,2026-04-30,358,Terra,MODIS,68,61.03,307.2,9.8,D,0
25.1517,76.5137,329.9,1,1,2026-04-30,358,Terra,MODIS,74,61.03,308.9,12.8,D,0
25.1544,77.0329,328.4,1,1,2026-04-30,358,Terra,MODIS,70,61.03,309.9,8.8,D,0
25.2254,76.5827,326.6,1,1,2026-04-30,358,Terra,MODIS,62,61.03,306.9,10,D,0
25.3495,76.4147,331.2,1,1,2026-04-30,358,Terra,MODIS,77,61.03,306.2,15.1,D,0
25.3499,79.3621,324.3,1.1,1,2026-04-30,358,Terra,MODIS,64,61.03,306.5,7.6,D,0
25.4235,75.9956,322.7,1.1,1,2026-04-30,358,Terra,MODIS,61,61.03,306,6.7,D,0
25.4982,78.6942,329.9,1,1,2026-04-30,358,Terra,MODIS,74,61.03,307.9,12.2,D,0
25.5203,78.6073,327,1,1,2026-04-30,358,Terra,MODIS,66,61.03,307.2,9,D,0
25.5292,78.6089,326.3,1,1,2026-04-30,358,Terra,MODIS,62,61.03,308.2,7.7,D,0
25.5459,76.6691,328.4,1,1,2026-04-30,358,Terra,MODIS,71,61.03,307.2,9.6,D,0
25.5579,78.029,325.3,1,1,2026-04-30,358,Terra,MODIS,62,61.03,307,8.4,D,0
25.5726,78.3159,327.2,1,1,2026-04-30,358,Terra,MODIS,69,61.03,307.7,9.3,D,0
25.5727,79.656,325,1.1,1,2026-04-30,358,Terra,MODIS,62,61.03,302.9,11.1,D,0
25.574,78.3061,325.5,1,1,2026-04-30,358,Terra,MODIS,64,61.03,308.6,7.2,D,0
25.5976,78.7083,346.2,1,1,2026-04-30,358,Terra,MODIS,91,61.03,307.7,38.6,D,0
25.5991,78.6984,349.2,1,1,2026-04-30,358,Terra,MODIS,93,61.03,309.1,44.9,D,0
25.608,78.0734,323.7,1,1,2026-04-30,358,Terra,MODIS,57,61.03,306.6,6.7,D,0
25.6975,76.5668,327.4,1,1,2026-04-30,358,Terra,MODIS,70,61.03,307,8.5,D,0
25.7015,78.875,325.5,1,1,2026-04-30,358,Terra,MODIS,69,61.03,304.6,9.6,D,0
25.7167,76.566,331.9,1,1,2026-04-30,358,Terra,MODIS,78,61.03,308.2,13.1,D,0
25.7564,78.9424,327,1,1,2026-04-30,358,Terra,MODIS,73,61.03,303.9,12.1,D,0
25.7573,76.6033,327.6,1,1,2026-04-30,358,Terra,MODIS,71,61.03,308.9,8,D,0
25.7727,78.9556,331.1,1,1,2026-04-30,358,Terra,MODIS,79,61.03,303.1,18.5,D,0
25.8275,78.772,324,1,1,2026-04-30,358,Terra,MODIS,66,61.03,304.6,8,D,0
25.9313,78.1882,329.5,1,1,2026-04-30,358,Terra,MODIS,74,61.03,309,11.3,D,0
25.9529,78.1183,327.4,1,1,2026-04-30,358,Terra,MODIS,71,61.03,308.9,8,D,0
25.9715,78.0518,347.1,1,1,2026-04-30,358,Terra,MODIS,92,61.03,310,39.1,D,0
25.9729,78.0422,326.3,1,1,2026-04-30,358,Terra,MODIS,65,61.03,308.4,6.8,D,0
18.651,77.8677,321.6,1.1,1,2026-04-30,359,Terra,MODIS,46,61.03,307.6,7.3,D,0
18.7599,77.8819,327.7,1.1,1,2026-04-30,359,Terra,MODIS,67,61.03,310.9,11.4,D,0
18.8914,78.1725,325,1.1,1,2026-04-30,359,Terra,MODIS,50,61.03,307.8,11.3,D,0
18.8929,78.1624,326.9,1.1,1,2026-04-30,359,Terra,MODIS,61,61.03,308.1,13.7,D,0
18.946,77.9921,324.6,1.1,1,2026-04-30,359,Terra,MODIS,57,61.03,310.1,8.2,D,0
19.1397,76.4344,326.3,1,1,2026-04-30,359,Terra,MODIS,67,61.03,310.2,10.4,D,0
19.2446,76.0317,321.6,1,1,2026-04-30,359,Terra,MODIS,55,61.03,306.8,7,D,0
19.5193,78.176,332.2,1.1,1,2026-04-30,359,Terra,MODIS,75,61.03,308.9,18.1,D,0
19.5208,78.166,323.8,1.1,1,2026-04-30,359,Terra,MODIS,48,61.03,309.2,6.7,D,0
19.6851,78.6535,325.5,1.1,1.1,2026-04-30,359,Terra,MODIS,51,61.03,310.8,8,D,0
19.6927,78.436,336.1,1.1,1,2026-04-30,359,Terra,MODIS,81,61.03,311,24.1,D,0
19.7019,78.4375,335.5,1.1,1,2026-04-30,359,Terra,MODIS,80,61.03,312.1,23.1,D,0
20.2991,77.2292,325.9,1,1,2026-04-30,359,Terra,MODIS,57,61.03,311.2,7.8,D,0
20.3074,79.1216,328.9,1.2,1.1,2026-04-30,359,Terra,MODIS,63,61.03,311.6,14.4,D,0
20.3758,76.2431,332.5,1,1,2026-04-30,359,Terra,MODIS,75,61.03,313.5,16,D,0
20.4917,78.3467,327.2,1.1,1,2026-04-30,359,Terra,MODIS,63,61.03,312.2,8,D,0
20.6986,77.7736,329.4,1,1,2026-04-30,359,Terra,MODIS,67,61.03,312.1,11.8,D,0
20.7121,79.6133,329.8,1.2,1.1,2026-04-30,359,Terra,MODIS,73,61.03,308.5,19.1,D,0
20.8627,78.159,327.7,1.1,1,2026-04-30,359,Terra,MODIS,62,61.03,312.5,7.6,D,0
20.925,77.8694,327.3,1,1,2026-04-30,359,Terra,MODIS,60,61.03,312.3,8.2,D,0
20.9653,85.1853,316.8,3,1.7,2026-04-30,359,Terra,MODIS,48,61.03,293.1,31,D,2
20.9723,85.165,315.2,3,1.6,2026-04-30,359,Terra,MODIS,53,61.03,293.8,26.7,D,2
21.0711,78.3077,326.1,1.1,1,2026-04-30,359,Terra,MODIS,60,61.03,310.5,9.5,D,0
21.2355,79.6275,327.1,1.2,1.1,2026-04-30,359,Terra,MODIS,67,61.03,309.3,12.8,D,0
21.236,79.3198,330.9,1.2,1.1,2026-04-30,359,Terra,MODIS,57,61.03,310.9,13.3,D,0
21.2471,79.3105,350.8,1.2,1.1,2026-04-30,359,Terra,MODIS,94,61.03,311.9,55.5,D,0
21.2489,79.2997,328.4,1.2,1.1,2026-04-30,359,Terra,MODIS,28,61.03,311.4,9,D,0
21.2565,79.3122,331.8,1.2,1.1,2026-04-30,359,Terra,MODIS,76,61.03,310.7,14.8,D,0
21.4458,78.0334,325,1,1,2026-04-30,359,Terra,MODIS,57,61.03,310,8.4,D,0
21.4667,77.7635,325.2,1,1,2026-04-30,359,Terra,MODIS,58,61.03,311.3,9,D,0
21.5054,78.0632,324.8,1,1,2026-04-30,359,Terra,MODIS,56,61.03,311.3,7.4,D,0
21.9944,78.0141,324.1,1,1,2026-04-30,359,Terra,MODIS,64,61.03,306.8,10.4,D,0
22.026,79.0696,326.8,1.1,1.1,2026-04-30,359,Terra,MODIS,70,61.03,310,9.9,D,0
22.0771,76.8177,325.4,1,1,2026-04-30,359,Terra,MODIS,58,61.03,304.3,10.7,D,0
22.1377,76.0451,329.8,1,1,2026-04-30,359,Terra,MODIS,73,61.03,308.8,13.5,D,0
22.1675,75.6928,322.5,1,1,2026-04-30,359,Terra,MODIS,0,61.03,307.9,7.1,D,0
22.224,77.578,325.5,1,1,2026-04-30,359,Terra,MODIS,67,61.03,306.5,9.8,D,0
22.2328,77.5794,338.8,1,1,2026-04-30,359,Terra,MODIS,86,61.03,307.5,27.7,D,0
22.5185,75.8222,323.1,1,1,2026-04-30,359,Terra,MODIS,56,61.03,308.4,6.4,D,0
22.5288,75.8137,322,1,1,2026-04-30,359,Terra,MODIS,42,61.03,307.6,5.3,D,0
14.8186,77.8927,319,1.2,1.1,2026-04-30,400,Terra,MODIS,42,61.03,301.5,6.3,D,0
15.0187,78.4507,330.3,1.3,1.1,2026-04-30,400,Terra,MODIS,76,61.03,303.7,18,D,0
15.0464,78.5965,323.3,1.3,1.1,2026-04-30,400,Terra,MODIS,62,61.03,302,10.8,D,0
15.0482,78.5849,334.6,1.3,1.1,2026-04-30,400,Terra,MODIS,81,61.03,303.6,30.9,D,0
15.1786,78.2085,329.9,1.2,1.1,2026-04-30,400,Terra,MODIS,76,61.03,303.3,17.1,D,0
15.1865,78.221,323.8,1.2,1.1,2026-04-30,400,Terra,MODIS,41,61.03,303.2,8.9,D,0
15.6976,78.375,318.1,1.2,1.1,2026-04-30,400,Terra,MODIS,45,61.03,298.6,7.1,D,0
15.8498,78.5844,323.6,1.3,1.1,2026-04-30,400,Terra,MODIS,69,61.03,300.2,12.1,D,0
15.8569,78.5393,321.6,1.2,1.1,2026-04-30,400,Terra,MODIS,64,61.03,300.3,9.5,D,0
15.9682,77.8194,321.7,1.1,1.1,2026-04-30,400,Terra,MODIS,64,61.03,300.8,7.6,D,0
16.1655,78.9935,318.1,1.3,1.1,2026-04-30,400,Terra,MODIS,57,61.03,298.1,11.9,D,0
16.3387,73.5675,322.6,1.1,1.1,2026-04-30,400,Terra,MODIS,69,61.03,304.1,12,D,0
16.5384,76.799,324.1,1,1,2026-04-30,400,Terra,MODIS,66,61.03,304.9,9.4,D,0
16.6355,75.2265,319.2,1,1,2026-04-30,400,Terra,MODIS,59,61.03,302.9,8.2,D,0
16.9358,75.5855,322.6,1,1,2026-04-30,400,Terra,MODIS,62,61.03,307.7,6,D,0
17.5451,77.4168,324.5,1.1,1,2026-04-30,400,Terra,MODIS,63,61.03,308.7,7.6,D,0
17.5878,75.9391,331.2,1,1,2026-04-30,400,Terra,MODIS,77,61.03,309.9,15.3,D,0
18.9938,73.6716,323,1.2,1.1,2026-04-30,400,Terra,MODIS,60,61.03,308.3,9.2,D,0
12.462,79.1113,320.6,1.5,1.2,2026-04-30,401,Terra,MODIS,67,61.03,298.6,15.7,D,0
12.6643,77.8,313,1.2,1.1,2026-04-30,401,Terra,MODIS,30,61.03,297.4,5.5,D,0
14.1123,78.4648,324.6,1.3,1.1,2026-04-30,401,Terra,MODIS,58,61.03,304,13.1,D,0
14.1222,78.4664,323,1.3,1.1,2026-04-30,401,Terra,MODIS,47,61.03,303.9,11.3,D,0
14.4689,77.4742,328,1.1,1.1,2026-04-30,401,Terra,MODIS,76,61.03,303.1,16.4,D,0
10.3334,77.6459,324.3,1.1,1.1,2026-04-30,956,Aqua,MODIS,70,61.03,291.6,22.3,D,0
10.3426,77.6447,345.6,1.1,1.1,2026-04-30,956,Aqua,MODIS,92,61.03,296.7,58.1,D,0
11.0212,78.8818,328.5,1,1,2026-04-30,956,Aqua,MODIS,44,61.03,307.2,9.7,D,0
11.2096,79.0477,331.9,1,1,2026-04-30,956,Aqua,MODIS,75,61.03,306.3,13.6,D,0
11.3894,78.9528,327.4,1,1,2026-04-30,956,Aqua,MODIS,45,61.03,307.1,10.5,D,0
11.4992,76.2203,312.1,1.3,1.1,2026-04-30,956,Aqua,MODIS,45,61.03,294.6,7.3,D,0
12.4542,79.6382,330.1,1,1,2026-04-30,957,Aqua,MODIS,77,61.03,299.4,18.9,D,0
12.5658,79.8994,322,1,1,2026-04-30,957,Aqua,MODIS,53,61.03,302.2,6.3,D,0
12.5776,77.7399,327.7,1.1,1,2026-04-30,957,Aqua,MODIS,74,61.03,305.7,12.4,D,0
13.4935,78.4765,323.9,1,1,2026-04-30,957,Aqua,MODIS,68,61.03,304,7.9,D,0
13.6993,79.2415,325.2,1,1,2026-04-30,957,Aqua,MODIS,70,61.03,301.8,12.6,D,0
13.7006,79.2505,320.8,1,1,2026-04-30,957,Aqua,MODIS,55,61.03,300.7,8.3,D,0
13.8826,79.2926,328.2,1,1,2026-04-30,957,Aqua,MODIS,72,61.03,301.2,16.9,D,0
13.8839,79.3015,327.2,1,1,2026-04-30,957,Aqua,MODIS,70,61.03,301.8,14.8,D,0
14.3043,79.4046,323.9,1,1,2026-04-30,957,Aqua,MODIS,35,61.03,298.2,9.9,D,0
14.4595,77.9481,328.1,1,1,2026-04-30,957,Aqua,MODIS,60,61.03,308.1,8.7,D,0
14.6636,78.2558,331.2,1,1,2026-04-30,957,Aqua,MODIS,71,61.03,308.9,11.2,D,0
15.1735,76.7447,335.3,1.1,1,2026-04-30,957,Aqua,MODIS,81,61.03,308.4,21.2,D,0
15.1751,76.7546,344.5,1.1,1,2026-04-30,957,Aqua,MODIS,90,61.03,307.6,37.5,D,0
15.3248,78.1719,337.2,1,1,2026-04-30,957,Aqua,MODIS,82,61.03,307.6,19.8,D,0
15.3336,78.1705,330.9,1,1,2026-04-30,957,Aqua,MODIS,73,61.03,309.5,11,D,0
15.4762,78.4454,326.4,1,1,2026-04-30,957,Aqua,MODIS,62,61.03,306.5,7.3,D,0
15.5723,78.5349,329.6,1,1,2026-04-30,957,Aqua,MODIS,71,61.03,305.8,13.3,D,0
15.5736,78.5439,323.7,1,1,2026-04-30,957,Aqua,MODIS,46,61.03,305.3,6.7,D,0
15.6883,78.9989,337.5,1,1,2026-04-30,957,Aqua,MODIS,83,61.03,306.9,22.2,D,0
15.8638,80.1741,323.8,1.1,1,2026-04-30,957,Aqua,MODIS,56,61.03,304.7,6.7,D,0
15.8652,80.1838,325.4,1.1,1,2026-04-30,957,Aqua,MODIS,62,61.03,305.4,8.6,D,0
15.8942,80.2593,326.7,1.1,1,2026-04-30,957,Aqua,MODIS,66,61.03,304.7,11.2,D,0
15.9051,78.5865,328.7,1,1,2026-04-30,958,Aqua,MODIS,58,61.03,308.6,8.6,D,0
15.9063,80.1478,324.8,1.1,1,2026-04-30,958,Aqua,MODIS,60,61.03,304.2,9,D,0
15.9077,80.1575,347,1.1,1,2026-04-30,958,Aqua,MODIS,92,61.03,305,45.7,D,0
16.0495,80.3852,324.3,1.1,1,2026-04-30,958,Aqua,MODIS,54,61.03,304,8.5,D,0
16.0966,80.3883,332.1,1.1,1,2026-04-30,958,Aqua,MODIS,78,61.03,302,19.2,D,0
16.1796,80.4623,334.1,1.1,1.1,2026-04-30,958,Aqua,MODIS,82,61.03,305.7,21,D,0
16.181,80.4724,330.4,1.1,1.1,2026-04-30,958,Aqua,MODIS,77,61.03,305.7,15,D,0
16.2845,76.8628,328.2,1.1,1,2026-04-30,958,Aqua,MODIS,59,61.03,311.3,9.3,D,0
16.3097,80.6654,330,1.1,1.1,2026-04-30,958,Aqua,MODIS,78,61.03,304.3,14.2,D,0
16.3111,80.6757,333.4,1.1,1.1,2026-04-30,958,Aqua,MODIS,82,61.03,304.3,19.5,D,0
16.3259,77.0121,325.7,1.1,1,2026-04-30,958,Aqua,MODIS,33,61.03,310.4,7.2,D,0
16.4826,76.6487,327.1,1.1,1,2026-04-30,958,Aqua,MODIS,50,61.03,310.3,9.7,D,0
16.5061,76.9209,332.2,1.1,1,2026-04-30,958,Aqua,MODIS,46,61.03,313.6,10.5,D,0
16.5353,79.4382,333.9,1,1,2026-04-30,958,Aqua,MODIS,78,61.03,312.7,15.9,D,0
16.6145,76.5442,326.3,1.1,1,2026-04-30,958,Aqua,MODIS,33,61.03,311.5,9.3,D,0
16.7447,77.0915,334.7,1,1,2026-04-30,958,Aqua,MODIS,75,61.03,310.8,16.7,D,0
16.7689,80.1161,329.3,1.1,1,2026-04-30,958,Aqua,MODIS,63,61.03,307.8,13.3,D,0
16.9047,76.6268,332.8,1.1,1,2026-04-30,958,Aqua,MODIS,68,61.03,317.1,10.1,D,0
17.0825,80.2549,341.5,1.1,1.1,2026-04-30,958,Aqua,MODIS,87,61.03,308.6,34.7,D,0
17.1547,80.31,330.9,1.1,1.1,2026-04-30,958,Aqua,MODIS,75,61.03,306.3,18.4,D,0
17.3722,81.4161,321.7,1.3,1.1,2026-04-30,958,Aqua,MODIS,60,61.03,302.1,12.3,D,0
17.4267,80.749,329.1,1.2,1.1,2026-04-30,958,Aqua,MODIS,74,61.03,303.5,20.6,D,0
17.4687,79.8396,339.4,1.1,1,2026-04-30,958,Aqua,MODIS,84,61.03,310.9,28.3,D,0
17.5193,80.2097,338.2,1.1,1.1,2026-04-30,958,Aqua,MODIS,84,61.03,309,26.1,D,0
17.5285,80.2083,340,1.1,1.1,2026-04-30,958,Aqua,MODIS,86,61.03,308.9,29.7,D,0
17.5298,80.2185,332.7,1.1,1.1,2026-04-30,958,Aqua,MODIS,57,61.03,307.8,17.1,D,0
17.5363,80.1967,328.7,1.1,1.1,2026-04-30,958,Aqua,MODIS,48,61.03,308.9,10.5,D,0
17.5377,80.2069,336.3,1.1,1.1,2026-04-30,958,Aqua,MODIS,82,61.03,309.6,23.7,D,0
17.6203,79.3405,330.5,1,1,2026-04-30,958,Aqua,MODIS,71,61.03,316.1,10,D,0
17.6216,79.35,328,1,1,2026-04-30,958,Aqua,MODIS,59,61.03,313.5,6.6,D,0
17.6316,81.851,317.2,1.4,1.2,2026-04-30,958,Aqua,MODIS,30,61.03,297.3,11.6,D,0
17.6626,80.2449,331.9,1.1,1.1,2026-04-30,958,Aqua,MODIS,76,61.03,309,15.5,D,0
17.6716,79.7062,331.6,1.1,1,2026-04-30,958,Aqua,MODIS,74,61.03,309.2,17.7,D,0
17.673,79.716,333.9,1.1,1,2026-04-30,958,Aqua,MODIS,78,61.03,307.4,20.8,D,0
17.712,80.0648,331.8,1.1,1,2026-04-30,958,Aqua,MODIS,75,61.03,310.7,15.9,D,0
17.7149,80.2934,332.7,1.1,1.1,2026-04-30,958,Aqua,MODIS,77,61.03,308.3,18.9,D,0
17.7242,80.292,348.5,1.1,1.1,2026-04-30,958,Aqua,MODIS,92,61.03,309.8,50.5,D,0
17.7256,80.3024,335.2,1.1,1.1,2026-04-30,958,Aqua,MODIS,80,61.03,307.5,23.1,D,0
17.7335,80.2905,338.6,1.1,1.1,2026-04-30,958,Aqua,MODIS,84,61.03,308,29,D,0
17.7349,80.301,334,1.1,1.1,2026-04-30,958,Aqua,MODIS,79,61.03,307.1,21.2,D,0
17.7955,80.2123,325.6,1.1,1.1,2026-04-30,958,Aqua,MODIS,32,61.03,307.8,11.9,D,0
17.8279,79.9732,326.5,1.1,1,2026-04-30,958,Aqua,MODIS,51,61.03,310,9.1,D,0
17.8759,78.3404,327.4,1,1,2026-04-30,958,Aqua,MODIS,32,61.03,314.5,10.1,D,0
17.908,80.5745,324.1,1.2,1.1,2026-04-30,958,Aqua,MODIS,44,61.03,305.3,9.9,D,0
17.9193,81.6155,327.9,1.4,1.2,2026-04-30,958,Aqua,MODIS,75,61.03,304.8,16.3,D,0
17.9209,81.6276,334.4,1.4,1.2,2026-04-30,958,Aqua,MODIS,83,61.03,303.8,29.8,D,0
17.9309,81.6255,322.9,1.4,1.2,2026-04-30,958,Aqua,MODIS,64,61.03,303.6,9,D,0
17.9701,81.9281,320.2,1.4,1.2,2026-04-30,958,Aqua,MODIS,56,61.03,299.3,11.8,D,0
17.9772,78.3361,327.9,1,1,2026-04-30,958,Aqua,MODIS,61,61.03,312.5,7.5,D,0
18.1441,78.2128,328.3,1,1,2026-04-30,958,Aqua,MODIS,43,61.03,313.6,9.7,D,0
18.1515,78.2022,328.6,1,1,2026-04-30,958,Aqua,MODIS,53,61.03,312,9.2,D,0
18.1923,73.3217,327.5,1.6,1.2,2026-04-30,958,Aqua,MODIS,58,61.03,310.9,14.9,D,0
18.2181,78.7276,331.8,1,1,2026-04-30,958,Aqua,MODIS,72,61.03,314.3,13.9,D,0
18.2709,77.8156,327.6,1,1,2026-04-30,958,Aqua,MODIS,38,61.03,314.1,8.3,D,0
18.3637,77.7011,332.8,1,1,2026-04-30,958,Aqua,MODIS,66,61.03,319,10.6,D,0
18.3948,81.1062,329.4,1.3,1.1,2026-04-30,958,Aqua,MODIS,74,61.03,306,16.8,D,0
18.4075,78.5715,330,1,1,2026-04-30,958,Aqua,MODIS,66,61.03,314.6,11.6,D,0
18.4207,77.6384,330.9,1,1,2026-04-30,958,Aqua,MODIS,63,61.03,317.2,9.9,D,0
18.4437,78.3715,330.4,1,1,2026-04-30,958,Aqua,MODIS,62,61.03,314.7,10.4,D,0
18.4451,78.3807,332,1,1,2026-04-30,958,Aqua,MODIS,70,61.03,315.5,12.3,D,0
18.4474,80.1875,325.5,1.1,1.1,2026-04-30,958,Aqua,MODIS,61,61.03,307.2,8.6,D,0
18.456,73.297,324.8,1.6,1.2,2026-04-30,958,Aqua,MODIS,49,61.03,308.1,13.3,D,0
18.4785,77.788,342.7,1,1,2026-04-30,958,Aqua,MODIS,85,61.03,313.2,30,D,0
18.5251,78.6896,326.5,1,1,2026-04-30,958,Aqua,MODIS,45,61.03,312,6.9,D,0
18.5265,78.6989,333.5,1,1,2026-04-30,958,Aqua,MODIS,74,61.03,312.8,16.1,D,0
18.5495,78.925,327.4,1,1,2026-04-30,958,Aqua,MODIS,57,61.03,313,7.8,D,0
18.5774,77.7753,330.4,1,1,2026-04-30,958,Aqua,MODIS,55,61.03,314.9,12.3,D,0
18.5859,78.4647,332.2,1,1,2026-04-30,958,Aqua,MODIS,71,61.03,312.9,14.8,D,0
18.6059,80.4723,328.6,1.2,1.1,2026-04-30,958,Aqua,MODIS,71,61.03,307.5,9.2,D,0
18.616,78.802,327.7,1,1,2026-04-30,958,Aqua,MODIS,57,61.03,312.1,8.3,D,0
18.6284,78.4333,331,1,1,2026-04-30,958,Aqua,MODIS,68,61.03,315.2,12.3,D,0
18.6372,80.1576,337.1,1.1,1.1,2026-04-30,958,Aqua,MODIS,82,61.03,312.1,24.6,D,0
18.6387,78.3185,328.4,1,1,2026-04-30,958,Aqua,MODIS,58,61.03,311,10,D,0
18.6461,78.9513,327.6,1,1,2026-04-30,958,Aqua,MODIS,59,61.03,312.8,8.7,D,0
18.6902,77.7876,340.6,1,1,2026-04-30,958,Aqua,MODIS,83,61.03,314.7,25.4,D,0
18.6915,77.7968,332.9,1,1,2026-04-30,958,Aqua,MODIS,70,61.03,313.4,13.7,D,0
18.7416,77.8765,350.9,1,1,2026-04-30,958,Aqua,MODIS,93,61.03,316.3,44.2,D,0
18.7463,77.8476,335.7,1,1,2026-04-30,958,Aqua,MODIS,75,61.03,316.1,15.7,D,0
18.7503,77.8751,373.4,1,1,2026-04-30,958,Aqua,MODIS,100,61.03,319.6,107.3,D,0
18.7516,77.8842,333.9,1,1,2026-04-30,958,Aqua,MODIS,65,61.03,313.6,14.2,D,0
18.7696,78.0688,328,1,1,2026-04-30,958,Aqua,MODIS,52,61.03,312,9.5,D,0
18.807,77.2674,331.8,1,1,2026-04-30,958,Aqua,MODIS,54,61.03,317.9,9.3,D,0
18.8188,77.4069,335,1,1,2026-04-30,958,Aqua,MODIS,74,61.03,319.5,12.2,D,0
18.8267,78.0313,333.4,1,1,2026-04-30,958,Aqua,MODIS,72,61.03,315.3,15.6,D,0
18.828,78.0405,334.9,1,1,2026-04-30,958,Aqua,MODIS,75,61.03,314.8,18.3,D,0
18.9078,78.1336,330,1,1,2026-04-30,958,Aqua,MODIS,63,61.03,314.5,11.7,D,0
19.1828,81.1953,326.9,1.3,1.1,2026-04-30,958,Aqua,MODIS,69,61.03,303.1,21,D,0
19.1835,81.2017,364.9,1.3,1.1,2026-04-30,958,Aqua,MODIS,100,61.03,305.4,136.1,D,0
19.1844,81.2075,394.8,1.3,1.1,2026-04-30,958,Aqua,MODIS,100,61.03,306.6,322.8,D,0
19.1851,81.2145,359.7,1.3,1.1,2026-04-30,958,Aqua,MODIS,99,61.03,303,115.5,D,0
19.1935,81.2002,369.5,1.3,1.1,2026-04-30,958,Aqua,MODIS,100,61.03,306.3,157.9,D,0
19.1951,81.213,348.2,1.3,1.1,2026-04-30,958,Aqua,MODIS,93,61.03,302.3,74.5,D,0
19.2203,81.1717,331.3,1.3,1.1,2026-04-30,958,Aqua,MODIS,76,61.03,304.4,27.8,D,0
19.2218,81.1838,358.2,1.3,1.1,2026-04-30,958,Aqua,MODIS,99,61.03,305.1,105.1,D,0
19.2302,81.1702,322.8,1.3,1.1,2026-04-30,958,Aqua,MODIS,55,61.03,303.3,14.8,D,0
19.2318,81.1824,322.7,1.3,1.1,2026-04-30,958,Aqua,MODIS,55,61.03,302,14.5,D,0
19.2327,81.2693,320.5,1.3,1.1,2026-04-30,958,Aqua,MODIS,21,61.03,301.2,12.6,D,0
19.2344,81.2821,322.5,1.3,1.1,2026-04-30,958,Aqua,MODIS,55,61.03,301.4,15.8,D,0
19.2352,78.806,344,1,1,2026-04-30,958,Aqua,MODIS,87,61.03,313.9,33,D,0
19.2365,78.8155,345.9,1,1,2026-04-30,958,Aqua,MODIS,89,61.03,312.7,36.9,D,0
19.2402,81.1688,330.8,1.3,1.1,2026-04-30,958,Aqua,MODIS,76,61.03,301.9,27.9,D,0
19.2417,81.1809,348.5,1.3,1.1,2026-04-30,958,Aqua,MODIS,93,61.03,303.5,72,D,0
19.244,78.8046,330.8,1,1,2026-04-30,958,Aqua,MODIS,63,61.03,311.8,12.5,D,0
19.2591,80.205,326.4,1.2,1.1,2026-04-30,958,Aqua,MODIS,48,61.03,310.5,7.2,D,0
19.2803,79.1313,327.9,1.1,1,2026-04-30,958,Aqua,MODIS,46,61.03,312.5,7.7,D,0
19.3876,80.964,393,1.3,1.1,2026-04-30,958,Aqua,MODIS,100,61.03,314.1,293.6,D,0
19.3891,80.9758,348.1,1.3,1.1,2026-04-30,958,Aqua,MODIS,92,61.03,305.8,67,D,0
19.3918,79.0679,331.2,1.1,1,2026-04-30,958,Aqua,MODIS,65,61.03,315.3,11.1,D,0
19.3959,80.9511,327.7,1.3,1.1,2026-04-30,958,Aqua,MODIS,60,61.03,304.3,19.4,D,0
19.3975,80.9629,325.9,1.3,1.1,2026-04-30,958,Aqua,MODIS,54,61.03,303.5,16.5,D,0
19.6661,80.9778,327.9,1.3,1.1,2026-04-30,958,Aqua,MODIS,68,61.03,301.9,22,D,0
19.1215,73.3865,327.5,1.5,1.2,2026-04-30,959,Aqua,MODIS,60,61.03,311,13.6,D,0
19.1275,73.3907,327.4,1.5,1.2,2026-04-30,959,Aqua,MODIS,61,61.03,312,14.1,D,0
19.5446,78.129,359.6,1,1,2026-04-30,959,Aqua,MODIS,99,61.03,316,66.8,D,0
19.5459,78.1383,345.5,1,1,2026-04-30,959,Aqua,MODIS,88,61.03,313.6,34.6,D,0
19.5475,79.3988,329.7,1.1,1,2026-04-30,959,Aqua,MODIS,51,61.03,312.7,10.9,D,0
19.6078,76.6789,333,1,1,2026-04-30,959,Aqua,MODIS,69,61.03,316.2,11.1,D,2
19.6439,74.8083,326.3,1.2,1.1,2026-04-30,959,Aqua,MODIS,46,61.03,314.1,10.4,D,0
19.6457,74.8193,325.9,1.2,1.1,2026-04-30,959,Aqua,MODIS,40,61.03,313.7,9.8,D,0
19.6519,79.5509,329.2,1.1,1,2026-04-30,959,Aqua,MODIS,56,61.03,312.6,11.1,D,0
19.6596,79.5395,328.6,1.1,1,2026-04-30,959,Aqua,MODIS,57,61.03,311.7,10.1,D,0
19.7084,75.7203,330.4,1.1,1,2026-04-30,959,Aqua,MODIS,62,61.03,319.2,9.2,D,0
19.7289,79.5128,330.2,1.1,1,2026-04-30,959,Aqua,MODIS,64,61.03,314.2,9.5,D,0
19.8008,79.4952,346.3,1.1,1,2026-04-30,959,Aqua,MODIS,90,61.03,314.5,40.4,D,0
19.8012,79.5676,326.6,1.1,1,2026-04-30,959,Aqua,MODIS,40,61.03,311,9.2,D,0
19.8022,79.5053,328.2,1.1,1,2026-04-30,959,Aqua,MODIS,42,61.03,311.2,8.7,D,0
19.8211,75.2673,353,1.1,1.1,2026-04-30,959,Aqua,MODIS,95,61.03,317.2,61,D,0
19.8303,76.9257,332.4,1,1,2026-04-30,959,Aqua,MODIS,63,61.03,319.3,8.8,D,0
19.8444,79.4061,327,1.1,1,2026-04-30,959,Aqua,MODIS,34,61.03,311.8,8.6,D,0
19.9361,79.4066,337.5,1.1,1,2026-04-30,959,Aqua,MODIS,75,61.03,309.8,25.8,D,0
19.9535,79.4658,347.2,1.1,1,2026-04-30,959,Aqua,MODIS,90,61.03,313,44.4,D,0
19.9549,79.4759,336.2,1.1,1,2026-04-30,959,Aqua,MODIS,78,61.03,311.6,22.7,D,0
19.9626,79.4643,335.8,1.1,1,2026-04-30,959,Aqua,MODIS,77,61.03,311.3,23.5,D,0
19.964,79.4745,330.7,1.1,1,2026-04-30,959,Aqua,MODIS,62,61.03,311.7,15.4,D,0
19.9702,79.3844,327.2,1.1,1,2026-04-30,959,Aqua,MODIS,45,61.03,312.3,9.4,D,0
19.9716,76.1559,332.5,1,1,2026-04-30,959,Aqua,MODIS,65,61.03,320.6,10.2,D,0
19.9739,79.3428,329.3,1.1,1,2026-04-30,959,Aqua,MODIS,59,61.03,312.8,11.5,D,0
19.9759,76.0657,338.5,1.1,1,2026-04-30,959,Aqua,MODIS,79,61.03,320.8,18.9,D,0
19.9774,76.0754,343,1.1,1,2026-04-30,959,Aqua,MODIS,85,61.03,319.8,27.3,D,0
20.03,77.5302,334.9,1,1,2026-04-30,959,Aqua,MODIS,69,61.03,319.6,12.8,D,0
20.1163,79.035,331.9,1.1,1,2026-04-30,959,Aqua,MODIS,68,61.03,315.8,11.2,D,0
20.1177,79.0448,335.9,1.1,1,2026-04-30,959,Aqua,MODIS,77,61.03,316.3,16.7,D,0
20.1625,79.855,327,1.1,1.1,2026-04-30,959,Aqua,MODIS,47,61.03,311.9,7.7,D,0
20.2013,77.3758,334.1,1,1,2026-04-30,959,Aqua,MODIS,67,61.03,320,10.7,D,0
20.2026,77.3851,333,1,1,2026-04-30,959,Aqua,MODIS,62,61.03,319.6,9.5,D,0
20.219,78.6562,338.8,1,1,2026-04-30,959,Aqua,MODIS,80,61.03,317.4,20.4,D,0
20.5654,75.6851,335.1,1.1,1,2026-04-30,959,Aqua,MODIS,71,61.03,318.6,14.4,D,0
20.5936,79.6285,331.8,1.1,1.1,2026-04-30,959,Aqua,MODIS,62,61.03,313.7,14,D,0
20.7106,78.5997,334,1,1,2026-04-30,959,Aqua,MODIS,73,61.03,317.3,11.7,D,0
20.9482,78.5887,352.4,1,1,2026-04-30,959,Aqua,MODIS,71,61.03,305.6,55.1,D,0
20.9609,85.1655,322.9,2.8,1.6,2026-04-30,959,Aqua,MODIS,63,61.03,296.4,43.3,D,2
20.9635,80.2679,330.8,1.2,1.1,2026-04-30,959,Aqua,MODIS,71,61.03,311.4,17.1,D,0
20.9819,79.9952,328.5,1.2,1.1,2026-04-30,959,Aqua,MODIS,61,61.03,309.1,14.5,D,0
21.1872,78.7713,328.4,1.1,1,2026-04-30,959,Aqua,MODIS,56,61.03,308.6,10.1,D,0
21.2394,79.3587,330.8,1.1,1.1,2026-04-30,959,Aqua,MODIS,71,61.03,314.1,10.2,D,0
21.3103,80.0296,332.6,1.2,1.1,2026-04-30,959,Aqua,MODIS,73,61.03,307.6,23.9,D,0
21.3118,80.0407,337.5,1.2,1.1,2026-04-30,959,Aqua,MODIS,84,61.03,307.7,33,D,0
21.3149,73.4683,324.1,1.4,1.2,2026-04-30,959,Aqua,MODIS,41,61.03,309.9,11.3,D,0
21.3198,80.0283,329.2,1.2,1.1,2026-04-30,959,Aqua,MODIS,72,61.03,308,17.6,D,0
21.3213,80.0395,325.3,1.2,1.1,2026-04-30,959,Aqua,MODIS,59,61.03,308,10.8,D,0
21.3749,73.2794,323,1.4,1.2,2026-04-30,959,Aqua,MODIS,29,61.03,308.7,10.3,D,0
21.413,77.3759,326.7,1,1,2026-04-30,959,Aqua,MODIS,33,61.03,312.1,6.7,D,0
21.4491,79.6155,330.4,1.2,1.1,2026-04-30,959,Aqua,MODIS,38,61.03,312.3,15.6,D,0
21.4584,79.614,345.5,1.2,1.1,2026-04-30,959,Aqua,MODIS,90,61.03,312.1,43.9,D,0
21.4599,79.6247,359.2,1.2,1.1,2026-04-30,959,Aqua,MODIS,99,61.03,312.4,82.4,D,0
21.4611,77.7699,335,1,1,2026-04-30,959,Aqua,MODIS,38,61.03,313.7,16.4,D,0
21.4889,74.2686,330.3,1.2,1.1,2026-04-30,959,Aqua,MODIS,67,61.03,313.6,16.1,D,0
21.4958,78.6735,332.2,1.1,1,2026-04-30,959,Aqua,MODIS,64,61.03,314.4,12.7,D,0
21.5196,75.6848,330.6,1.1,1,2026-04-30,959,Aqua,MODIS,57,61.03,316.4,8.1,D,0
21.531,77.1626,337.2,1,1,2026-04-30,959,Aqua,MODIS,78,61.03,317,18.2,D,0
21.5581,77.0434,332.6,1,1,2026-04-30,959,Aqua,MODIS,68,61.03,316.2,10.4,D,0
21.6093,73.6237,326.6,1.3,1.1,2026-04-30,959,Aqua,MODIS,57,61.03,312.4,9.5,D,0
21.782,77.1687,339.2,1,1,2026-04-30,959,Aqua,MODIS,81,61.03,316.6,20.8,D,0
21.7925,77.6901,330.4,1,1,2026-04-30,959,Aqua,MODIS,63,61.03,314.9,8.4,D,0
21.8251,77.2187,340.9,1,1,2026-04-30,959,Aqua,MODIS,83,61.03,316.9,22.8,D,0
21.8565,78.0773,338.4,1,1,2026-04-30,959,Aqua,MODIS,81,61.03,313.9,20.7,D,0
21.8578,78.0869,337.7,1,1,2026-04-30,959,Aqua,MODIS,76,61.03,311.7,19.7,D,0
21.8653,78.0759,338.2,1,1,2026-04-30,959,Aqua,MODIS,81,61.03,314.9,21.4,D,0
21.8666,78.0854,332.2,1,1,2026-04-30,959,Aqua,MODIS,66,61.03,312.6,12.3,D,0
21.9072,79.1195,335.2,1.1,1,2026-04-30,959,Aqua,MODIS,80,61.03,313,19.3,D,0
21.9086,79.1299,329.7,1.1,1,2026-04-30,959,Aqua,MODIS,66,61.03,312.1,10.6,D,0
21.9708,77.1337,340.9,1,1,2026-04-30,959,Aqua,MODIS,83,61.03,318.5,23,D,0
21.9988,77.3876,337,1,1,2026-04-30,959,Aqua,MODIS,78,61.03,316,16.9,D,0
22.1128,77.8709,330.1,1,1,2026-04-30,959,Aqua,MODIS,67,61.03,314,11.8,D,0
22.1511,78.3381,341.6,1,1,2026-04-30,959,Aqua,MODIS,86,61.03,315,28,D,0
22.1525,78.3479,358.3,1,1,2026-04-30,959,Aqua,MODIS,99,61.03,314.8,66.3,D,0
22.1699,78.9432,330.2,1.1,1,2026-04-30,959,Aqua,MODIS,73,61.03,310.1,12.4,D,0
22.2048,75.8078,330,1,1,2026-04-30,959,Aqua,MODIS,65,61.03,316.7,8.5,D,0
22.2135,77.799,340.7,1,1,2026-04-30,959,Aqua,MODIS,85,61.03,313.6,26.3,D,0
22.2148,77.8086,333,1,1,2026-04-30,959,Aqua,MODIS,75,61.03,313.6,14,D,0
22.2223,77.7976,334,1,1,2026-04-30,959,Aqua,MODIS,76,61.03,314.6,15.7,D,0
22.2301,77.5867,331,1,1,2026-04-30,959,Aqua,MODIS,72,61.03,312,11.7,D,0
22.2321,76.3425,331.1,1,1,2026-04-30,959,Aqua,MODIS,70,61.03,315.3,9,D,0
22.2844,76.3914,331.9,1,1,2026-04-30,959,Aqua,MODIS,72,61.03,313.6,11.1,D,0
22.289,75.2745,332.6,1.1,1,2026-04-30,959,Aqua,MODIS,70,61.03,317.3,11.5,D,0
22.4114,80.1547,330.7,1.3,1.1,2026-04-30,959,Aqua,MODIS,74,61.03,304.9,22.4,D,0
22.4924,79.5814,330.2,1.2,1.1,2026-04-30,959,Aqua,MODIS,72,61.03,311.9,12.1,D,0
22.5633,80.3838,325.2,1.3,1.1,2026-04-30,959,Aqua,MODIS,52,61.03,303.8,15,D,0
22.5649,80.3961,326.3,1.3,1.1,2026-04-30,959,Aqua,MODIS,39,61.03,305.5,16.9,D,0
22.5756,79.7743,331.6,1.2,1.1,2026-04-30,959,Aqua,MODIS,70,61.03,313.1,14.5,D,0
23.065,80.148,327.8,1.3,1.1,2026-04-30,959,Aqua,MODIS,70,61.03,310.1,11,D,0
23.0085,76.282,337.3,1,1,2026-04-30,1000,Aqua,MODIS,80,61.03,313.9,20.1,D,0
23.0589,75.0966,330.1,1.1,1,2026-04-30,1000,Aqua,MODIS,65,61.03,314,9.6,D,0
23.1082,75.293,326.8,1.1,1,2026-04-30,1000,Aqua,MODIS,45,61.03,311.3,7.8,D,0
23.1359,75.4703,333,1,1,2026-04-30,1000,Aqua,MODIS,72,61.03,313.5,14.4,D,0
23.4252,78.8179,326.1,1.1,1.1,2026-04-30,1000,Aqua,MODIS,45,61.03,308.5,11.3,D,0
23.5567,77.63,355.1,1,1,2026-04-30,1000,Aqua,MODIS,97,61.03,308.1,63,D,0
23.5581,77.6397,331.3,1,1,2026-04-30,1000,Aqua,MODIS,76,61.03,307,16.7,D,0
23.5655,77.6286,346.9,1,1,2026-04-30,1000,Aqua,MODIS,92,61.03,307.7,45.4,D,0
23.7459,69.2858,328.4,2.4,1.5,2026-04-30,1000,Aqua,MODIS,81,61.03,312.2,29.2,D,0
23.8119,76.1409,336,1,1,2026-04-30,1000,Aqua,MODIS,54,61.03,313.1,17,D,0
23.8514,74.3737,326.9,1.1,1.1,2026-04-30,1000,Aqua,MODIS,55,61.03,310.4,8.3,D,0
24.3709,73.3587,325.7,1.2,1.1,2026-04-30,1000,Aqua,MODIS,49,61.03,307.7,10.5,D,0
24.3728,73.3699,338.4,1.2,1.1,2026-04-30,1000,Aqua,MODIS,83,61.03,310.2,33.9,D,0
24.4261,78.0353,336.6,1.1,1,2026-04-30,1000,Aqua,MODIS,71,61.03,314.5,19,D,0
24.6597,73.8041,340.1,1.2,1.1,2026-04-30,1000,Aqua,MODIS,85,61.03,311.5,33.4,D,0
24.6952,73.6875,325,1.2,1.1,2026-04-30,1000,Aqua,MODIS,33,61.03,309.7,7.8,D,0
24.6957,77.7874,353.4,1,1,2026-04-30,1000,Aqua,MODIS,96,61.03,316.2,51,D,0
24.697,77.7974,350.9,1,1,2026-04-30,1000,Aqua,MODIS,94,61.03,315.7,44.8,D,0
24.7046,73.6857,324.1,1.2,1.1,2026-04-30,1000,Aqua,MODIS,52,61.03,309.1,7,D,0
24.7046,77.7859,334.8,1,1,2026-04-30,1000,Aqua,MODIS,79,61.03,314.9,14.6,D,0
24.7065,73.697,327.5,1.2,1.1,2026-04-30,1000,Aqua,MODIS,67,61.03,310.6,12.4,D,0
25.0593,76.3846,330.8,1,1,2026-04-30,1000,Aqua,MODIS,58,61.03,316.6,7.7,D,0
25.167,80.7237,322.3,1.5,1.2,2026-04-30,1000,Aqua,MODIS,59,61.03,304.1,9.7,D,0
25.2931,76.5106,347.5,1,1,2026-04-30,1000,Aqua,MODIS,91,61.03,319.7,35.1,D,0
25.3018,76.5091,351.3,1,1,2026-04-30,1000,Aqua,MODIS,94,61.03,319,42.2,D,0
25.4772,76.5049,341.6,1,1,2026-04-30,1000,Aqua,MODIS,86,61.03,316.1,24.3,D,0
25.5343,76.6529,335.4,1,1,2026-04-30,1000,Aqua,MODIS,78,61.03,316.3,13.1,D,0
25.6824,78.8819,327.7,1.2,1.1,2026-04-30,1000,Aqua,MODIS,69,61.03,306,10.5,D,0
25.7741,78.8851,328,1.2,1.1,2026-04-30,1000,Aqua,MODIS,70,61.03,305.7,12.7,D,0
25.7894,78.8064,329.9,1.2,1.1,2026-04-30,1000,Aqua,MODIS,74,61.03,308.1,12.4,D,0
25.8977,78.7145,327,1.2,1.1,2026-04-30,1000,Aqua,MODIS,69,61.03,308,7.9,D,0
25.9352,78.7085,331.2,1.2,1.1,2026-04-30,1000,Aqua,MODIS,76,61.03,309.2,14.6,D,0
25.9408,77.7837,343.7,1.1,1,2026-04-30,1000,Aqua,MODIS,88,61.03,313.3,33.7,D,0
25.9538,78.6531,328.2,1.2,1.1,2026-04-30,1000,Aqua,MODIS,39,61.03,308,12,D,0
26.094,78.963,325.4,1.2,1.1,2026-04-30,1000,Aqua,MODIS,66,61.03,307.1,9.6,D,0
27.7133,77.452,329.8,1.1,1,2026-04-30,1001,Aqua,MODIS,77,61.03,308.1,14.1,D,0
27.8325,78.1619,324.2,1.2,1.1,2026-04-30,1001,Aqua,MODIS,64,61.03,304.5,9.9,D,0
27.9043,80.0198,322.7,1.5,1.2,2026-04-30,1001,Aqua,MODIS,62,61.03,303,13,D,0
27.9176,77.5403,325.5,1.1,1,2026-04-30,1001,Aqua,MODIS,66,61.03,305.5,10.8,D,0
27.9592,80.0641,327.1,1.5,1.2,2026-04-30,1001,Aqua,MODIS,73,61.03,303.4,21.2,D,0
28.0655,80.0132,323.7,1.5,1.2,2026-04-30,1001,Aqua,MODIS,66,61.03,302.7,14.6,D,0
28.0742,81.3415,318.9,1.8,1.3,2026-04-30,1001,Aqua,MODIS,29,61.03,300.9,13.5,D,0
28.1621,79.7747,323.2,1.4,1.2,2026-04-30,1001,Aqua,MODIS,66,61.03,303.6,12.8,D,0
28.1724,79.7731,324.6,1.4,1.2,2026-04-30,1001,Aqua,MODIS,69,61.03,302.6,15.3,D,0
28.1925,79.9438,323,1.5,1.2,2026-04-30,1001,Aqua,MODIS,66,61.03,302.9,12.6,D,0
28.2202,79.9986,323,1.5,1.2,2026-04-30,1001,Aqua,MODIS,66,61.03,301.5,13.2,D,0
28.222,79.6889,332.4,1.4,1.2,2026-04-30,1001,Aqua,MODIS,81,61.03,300,33.7,D,0
28.2267,80.0067,321.2,1.5,1.2,2026-04-30,1001,Aqua,MODIS,57,61.03,301.9,10.5,D,0
28.2283,77.3047,321.1,1.1,1,2026-04-30,1001,Aqua,MODIS,31,61.03,302.9,9.1,D,0
28.2297,77.3153,325.8,1.1,1,2026-04-30,1001,Aqua,MODIS,66,61.03,304.2,14.1,D,0
28.2338,81.2355,318.8,1.8,1.3,2026-04-30,1001,Aqua,MODIS,37,61.03,299.3,18,D,0
28.2603,80.2126,321.7,1.5,1.2,2026-04-30,1001,Aqua,MODIS,57,61.03,300.9,14.5,D,0
28.2727,79.6886,329.8,1.4,1.2,2026-04-30,1001,Aqua,MODIS,79,61.03,303.6,25.2,D,0
28.2743,79.7026,341.5,1.4,1.2,2026-04-30,1001,Aqua,MODIS,89,61.03,303.5,53.8,D,0
28.2751,79.6951,353.9,1.4,1.2,2026-04-30,1001,Aqua,MODIS,97,61.03,304.6,96.8,D,0
28.2767,79.7091,324.9,1.4,1.2,2026-04-30,1001,Aqua,MODIS,72,61.03,302.8,15.9,D,0
28.3357,80.596,323.3,1.6,1.3,2026-04-30,1001,Aqua,MODIS,51,61.03,300.8,19.9,D,0
28.4309,80.0994,322,1.5,1.2,2026-04-30,1001,Aqua,MODIS,68,61.03,298.7,17.9,D,0
28.4959,80.1969,322.4,1.5,1.2,2026-04-30,1001,Aqua,MODIS,44,61.03,301,18,D,0
28.5226,79.8115,321.3,1.4,1.2,2026-04-30,1001,Aqua,MODIS,68,61.03,301.9,12.4,D,0
28.5403,76.8194,331.1,1,1,2026-04-30,1001,Aqua,MODIS,37,61.03,307.7,13.9,D,0
28.5925,76.4694,328.7,1,1,2026-04-30,1001,Aqua,MODIS,58,61.03,314.1,9,D,0
28.6169,76.5623,352.8,1,1,2026-04-30,1001,Aqua,MODIS,95,61.03,315,50.4,D,0
28.6183,76.5725,332.3,1,1,2026-04-30,1001,Aqua,MODIS,68,61.03,312.5,11.3,D,0
28.6197,76.5827,328.6,1,1,2026-04-30,1001,Aqua,MODIS,51,61.03,312.3,6.8,D,0
28.6285,76.5811,338.8,1,1,2026-04-30,1001,Aqua,MODIS,82,61.03,314,21.5,D,0
28.6794,76.6873,329.6,1,1,2026-04-30,1001,Aqua,MODIS,64,61.03,310.6,12.7,D,0
28.7292,76.2562,326.9,1,1,2026-04-30,1001,Aqua,MODIS,46,61.03,312.7,7,D,0
28.7353,76.4935,328.8,1,1,2026-04-30,1001,Aqua,MODIS,61,61.03,311.5,10.3,D,0
28.7947,76.6609,331.9,1,1,2026-04-30,1001,Aqua,MODIS,71,61.03,310.1,12.8,D,0
28.7967,76.5281,327.6,1,1,2026-04-30,1001,Aqua,MODIS,51,61.03,311.8,8.4,D,0
28.7968,77.0117,330.7,1.1,1,2026-04-30,1001,Aqua,MODIS,73,61.03,301,22.3,D,2
28.7973,76.9472,327.1,1.1,1,2026-04-30,1001,Aqua,MODIS,64,61.03,303.9,15.6,D,0
28.8246,76.5335,332.3,1,1,2026-04-30,1001,Aqua,MODIS,72,61.03,311.6,14,D,0
28.8886,76.464,330.8,1,1,2026-04-30,1001,Aqua,MODIS,68,61.03,310.6,12.6,D,0
28.89,76.2144,339.4,1,1,2026-04-30,1001,Aqua,MODIS,82,61.03,311.6,25.9,D,0
28.945,76.3495,326.7,1,1,2026-04-30,1001,Aqua,MODIS,35,61.03,309.9,8.4,D,0
28.9471,75.9605,329.9,1,1,2026-04-30,1001,Aqua,MODIS,63,61.03,313.5,10.1,D,0
28.9569,76.3512,331.9,1,1,2026-04-30,1001,Aqua,MODIS,63,61.03,309.6,16.7,D,0
28.9686,76.3699,330.2,1,1,2026-04-30,1001,Aqua,MODIS,66,61.03,309.3,13.8,D,0
28.9774,76.3683,328.7,1,1,2026-04-30,1001,Aqua,MODIS,45,61.03,308,12.1,D,0
28.9843,79.7564,317.3,1.5,1.2,2026-04-30,1001,Aqua,MODIS,0,61.03,294.5,15,D,0
29.0081,76.394,328.8,1,1,2026-04-30,1001,Aqua,MODIS,25,61.03,307.1,10,D,0
29.0095,76.4041,348.9,1,1,2026-04-30,1001,Aqua,MODIS,92,61.03,309.4,44.1,D,0
29.0211,76.4229,350.6,1,1,2026-04-30,1001,Aqua,MODIS,93,61.03,311,49.7,D,0
29.0225,76.4331,347.7,1,1,2026-04-30,1001,Aqua,MODIS,91,61.03,310.4,43.3,D,0
29.0783,75.5247,339.7,1,1,2026-04-30,1001,Aqua,MODIS,75,61.03,312.7,25,D,0
29.0905,76.134,351.1,1,1,2026-04-30,1001,Aqua,MODIS,94,61.03,311,49,D,0
29.0919,76.1441,346.4,1,1,2026-04-30,1001,Aqua,MODIS,90,61.03,309.9,39.3,D,0
29.1208,76.5459,341.1,1,1,2026-04-30,1001,Aqua,MODIS,86,61.03,301.3,35.2,D,0
29.1234,76.3044,329.2,1,1,2026-04-30,1001,Aqua,MODIS,64,61.03,310.6,10.8,D,0
29.1249,76.3146,344.9,1,1,2026-04-30,1001,Aqua,MODIS,89,61.03,311.6,36.2,D,0
29.1296,76.5443,335.2,1,1,2026-04-30,1001,Aqua,MODIS,76,61.03,301.7,28.9,D,0
29.1385,76.5427,345,1,1,2026-04-30,1001,Aqua,MODIS,75,61.03,300.7,47.2,D,0
29.1932,75.9995,327,1,1,2026-04-30,1001,Aqua,MODIS,57,61.03,310.7,7.9,D,0
29.2571,76.3932,356.8,1,1,2026-04-30,1001,Aqua,MODIS,85,61.03,304.3,67.2,D,0
29.3024,76.4586,322.8,1,1,2026-04-30,1001,Aqua,MODIS,31,61.03,303.8,9.4,D,0
29.3038,76.4689,350,1,1,2026-04-30,1001,Aqua,MODIS,94,61.03,305.6,52.6,D,0
29.3047,76.2798,324.8,1,1,2026-04-30,1001,Aqua,MODIS,45,61.03,308.5,9.3,D,0
29.3052,76.4792,325.5,1,1,2026-04-30,1001,Aqua,MODIS,55,61.03,304.8,10.9,D,0
29.3618,74.4461,335,1,1,2026-04-30,1001,Aqua,MODIS,76,61.03,312.3,17.1,D,0
29.3921,75.9088,333.2,1,1,2026-04-30,1001,Aqua,MODIS,78,61.03,309,18.8,D,0
29.4009,74.9422,331,1,1,2026-04-30,1001,Aqua,MODIS,43,61.03,312.6,12.8,D,0
29.4043,74.4892,327.7,1,1,2026-04-30,1001,Aqua,MODIS,49,61.03,311.7,6.3,D,0
29.4059,74.4992,328.6,1,1,2026-04-30,1001,Aqua,MODIS,55,61.03,314.2,7.5,D,0
29.4593,74.1118,331.5,1,1,2026-04-30,1001,Aqua,MODIS,53,61.03,314.7,11.8,D,0
29.4681,74.1099,340.1,1,1,2026-04-30,1001,Aqua,MODIS,84,61.03,314.4,24.9,D,0
29.4855,74.5281,335.2,1,1,2026-04-30,1001,Aqua,MODIS,77,61.03,313.5,16.6,D,0
29.5262,75.3678,342.7,1,1,2026-04-30,1001,Aqua,MODIS,88,61.03,311.1,30.8,D,0
29.5276,75.3777,331.4,1,1,2026-04-30,1001,Aqua,MODIS,74,61.03,310.2,13,D,0
29.5467,74.5618,327.7,1,1,2026-04-30,1001,Aqua,MODIS,59,61.03,310.1,9.2,D,0
29.5539,74.55,327.7,1,1,2026-04-30,1001,Aqua,MODIS,57,61.03,310.5,8.9,D,0
29.5554,74.56,353.2,1,1,2026-04-30,1001,Aqua,MODIS,95,61.03,309.9,52.9,D,0
29.6343,76.6564,323.1,1.1,1,2026-04-30,1001,Aqua,MODIS,67,61.03,302.1,10.6,D,0
29.6363,74.3611,328.6,1,1,2026-04-30,1001,Aqua,MODIS,63,61.03,313.6,7.5,D,0
29.6379,74.3711,329.9,1,1,2026-04-30,1001,Aqua,MODIS,67,61.03,314.7,8.9,D,0
29.6551,75.996,330.2,1,1,2026-04-30,1001,Aqua,MODIS,73,61.03,309.3,12.1,D,0
29.7064,74.9448,328.6,1,1,2026-04-30,1001,Aqua,MODIS,65,61.03,310.5,8.8,D,0
29.7403,75.3586,326.9,1,1,2026-04-30,1001,Aqua,MODIS,61,61.03,310.3,7.8,D,0
29.7417,75.3686,329.6,1,1,2026-04-30,1001,Aqua,MODIS,69,61.03,310.3,10.9,D,0
29.7666,75.6278,324.7,1,1,2026-04-30,1001,Aqua,MODIS,48,61.03,306.8,6.4,D,0
29.768,75.6378,326.9,1,1,2026-04-30,1001,Aqua,MODIS,63,61.03,307.9,9,D,0
29.7732,75.9267,342.3,1,1,2026-04-30,1001,Aqua,MODIS,88,61.03,310.2,30.3,D,0
29.7807,75.1455,327.1,1,1,2026-04-30,1001,Aqua,MODIS,51,61.03,309.9,7.7,D,0
29.7822,74.6568,336.3,1,1,2026-04-30,1001,Aqua,MODIS,69,61.03,310.5,21.2,D,2
29.7936,75.9437,338.1,1,1,2026-04-30,1001,Aqua,MODIS,84,61.03,313,21.3,D,0
29.795,75.9539,333.6,1,1,2026-04-30,1001,Aqua,MODIS,67,61.03,310.7,14.2,D,0
29.8,76.1832,338.6,1,1,2026-04-30,1001,Aqua,MODIS,74,61.03,311.3,26.9,D,0
29.8012,75.1462,333.2,1,1,2026-04-30,1001,Aqua,MODIS,76,61.03,310.5,15,D,0
29.8052,75.9624,329.5,1,1,2026-04-30,1001,Aqua,MODIS,72,61.03,311,10.1,D,0
29.8292,75.9199,327.5,1,1,2026-04-30,1001,Aqua,MODIS,68,61.03,309.7,9,D,0
29.83,75.0379,327.6,1,1,2026-04-30,1001,Aqua,MODIS,62,61.03,310.2,7.1,D,0
29.8651,75.3391,326.9,1,1,2026-04-30,1001,Aqua,MODIS,60,61.03,310.6,7.5,D,0
29.8936,75.8662,337,1,1,2026-04-30,1001,Aqua,MODIS,82,61.03,310.4,21.3,D,0
29.8999,75.2707,328.1,1,1,2026-04-30,1001,Aqua,MODIS,65,61.03,310.3,9.8,D,0
29.9125,75.0869,330.1,1,1,2026-04-30,1001,Aqua,MODIS,49,61.03,310.8,13.7,D,0
29.913,75.4843,327,1,1,2026-04-30,1001,Aqua,MODIS,56,61.03,309.2,9.5,D,0
29.927,75.1252,327,1,1,2026-04-30,1001,Aqua,MODIS,61,61.03,308.7,8.6,D,0
29.9516,75.0484,331.5,1,1,2026-04-30,1001,Aqua,MODIS,73,61.03,309.7,12.9,D,0
29.9558,75.0168,329.5,1,1,2026-04-30,1001,Aqua,MODIS,68,61.03,309.2,10.2,D,0
29.9573,75.0267,335.4,1,1,2026-04-30,1001,Aqua,MODIS,79,61.03,308.7,17.9,D,0
30.0169,74.9888,335.9,1,1,2026-04-30,1001,Aqua,MODIS,80,61.03,310.2,18.6,D,0
30.0241,74.9771,327.5,1,1,2026-04-30,1001,Aqua,MODIS,62,61.03,309.2,7.4,D,0
30.0339,74.5976,332.3,1,1,2026-04-30,1001,Aqua,MODIS,73,61.03,311.2,13.2,D,0
30.0354,74.6077,333,1,1,2026-04-30,1001,Aqua,MODIS,75,61.03,311.1,14.1,D,0
30.0535,75.3624,328.1,1,1,2026-04-30,1001,Aqua,MODIS,66,61.03,309.7,8.9,D,0
30.055,75.3724,332.4,1,1,2026-04-30,1001,Aqua,MODIS,75,61.03,310.2,14.6,D,0
30.057,74.5723,330.6,1,1,2026-04-30,1001,Aqua,MODIS,69,61.03,309.9,11.5,D,0
30.0821,75.1648,328,1,1,2026-04-30,1001,Aqua,MODIS,51,61.03,307.3,9.7,D,0
30.0875,74.5811,328.5,1,1,2026-04-30,1001,Aqua,MODIS,64,61.03,311.1,8.6,D,0
30.0897,75.5517,327.5,1,1,2026-04-30,1001,Aqua,MODIS,48,61.03,308.6,9.4,D,0
30.0941,75.5198,326.6,1,1,2026-04-30,1001,Aqua,MODIS,62,61.03,308.6,8.7,D,0
30.0955,75.5299,328,1,1,2026-04-30,1001,Aqua,MODIS,66,61.03,308,9.8,D,0
30.0963,74.5794,341.3,1,1,2026-04-30,1001,Aqua,MODIS,86,61.03,310.9,26.9,D,0
30.0978,74.5894,334.2,1,1,2026-04-30,1001,Aqua,MODIS,77,61.03,310.6,15.5,D,0
30.1206,75.9623,329.4,1,1,2026-04-30,1001,Aqua,MODIS,73,61.03,308.9,11.7,D,0
30.1221,75.9726,326.9,1,1,2026-04-30,1001,Aqua,MODIS,57,61.03,309,8.9,D,0
30.1372,75.1128,326.5,1,1,2026-04-30,1001,Aqua,MODIS,60,61.03,309.2,6.7,D,0
30.1401,75.1328,329.7,1,1,2026-04-30,1001,Aqua,MODIS,53,61.03,310,10.6,D,0
30.2099,75.4128,328.5,1,1,2026-04-30,1001,Aqua,MODIS,49,61.03,310.3,9.9,D,0
30.2113,75.4229,330.3,1,1,2026-04-30,1001,Aqua,MODIS,69,61.03,309.4,12.6,D,0
30.217,75.6035,330.7,1,1,2026-04-30,1001,Aqua,MODIS,73,61.03,310.5,13.5,D,0
30.243,75.5826,342.8,1,1,2026-04-30,1001,Aqua,MODIS,88,61.03,310.2,32,D,0
30.3072,76.0415,331.9,1,1,2026-04-30,1001,Aqua,MODIS,76,61.03,310.3,16.2,D,0
30.3087,76.0518,328.9,1,1,2026-04-30,1001,Aqua,MODIS,57,61.03,308.8,12.4,D,0
29.9298,70.5683,326.3,1.4,1.2,2026-04-30,1002,Aqua,MODIS,62,61.03,310.4,13.3,D,0
30.0498,74.215,326.7,1,1,2026-04-30,1002,Aqua,MODIS,57,61.03,308,9.6,D,0
30.0581,74.0351,334.9,1,1,2026-04-30,1002,Aqua,MODIS,78,61.03,308.4,22,D,0
30.0606,74.2858,325.7,1,1,2026-04-30,1002,Aqua,MODIS,51,61.03,311.1,7.3,D,0
30.1812,73.3372,333.7,1.1,1,2026-04-30,1002,Aqua,MODIS,68,61.03,308.2,20.2,D,0
30.1829,73.3477,325.1,1.1,1,2026-04-30,1002,Aqua,MODIS,56,61.03,309.1,8.2,D,0
30.1953,75.1267,327.3,1,1,2026-04-30,1002,Aqua,MODIS,63,61.03,309.9,7.3,D,0
30.2229,75.1934,333.1,1,1,2026-04-30,1002,Aqua,MODIS,76,61.03,310.4,15.1,D,0
30.2694,75.3909,348.4,1,1,2026-04-30,1002,Aqua,MODIS,92,61.03,311.6,40.9,D,0
30.2761,75.0424,326.8,1,1,2026-04-30,1002,Aqua,MODIS,60,61.03,310.1,7.1,D,0
30.2767,75.3792,340.1,1,1,2026-04-30,1002,Aqua,MODIS,85,61.03,311.2,25.6,D,0
30.285,75.2883,326.8,1,1,2026-04-30,1002,Aqua,MODIS,61,61.03,309.4,8.3,D,0
30.2868,75.5119,327.1,1,1,2026-04-30,1002,Aqua,MODIS,64,61.03,310.3,9,D,0
30.2908,74.2263,329,1,1,2026-04-30,1002,Aqua,MODIS,68,61.03,310.7,10.1,D,0
30.3032,74.8617,327.1,1,1,2026-04-30,1002,Aqua,MODIS,61,61.03,309.3,8.1,D,0
30.3142,75.7043,323.5,1,1,2026-04-30,1002,Aqua,MODIS,44,61.03,306.7,5,D,0
30.3429,75.0545,328.8,1,1,2026-04-30,1002,Aqua,MODIS,67,61.03,311.4,8.6,D,0
30.3807,75.1296,335.2,1,1,2026-04-30,1002,Aqua,MODIS,79,61.03,310.2,18.3,D,0
30.405,74.9287,329.2,1,1,2026-04-30,1002,Aqua,MODIS,68,61.03,310.9,9.5,D,0
30.4084,75.2586,335.6,1,1,2026-04-30,1002,Aqua,MODIS,80,61.03,311.2,19,D,0
30.4171,75.319,328.7,1,1,2026-04-30,1002,Aqua,MODIS,67,61.03,311.6,8.6,D,0
30.4338,74.9782,327.4,1,1,2026-04-30,1002,Aqua,MODIS,64,61.03,310.1,8.1,D,0
30.4425,74.1826,330.9,1,1,2026-04-30,1002,Aqua,MODIS,74,61.03,308.9,13.6,D,0
30.466,75.2614,330.8,1,1,2026-04-30,1002,Aqua,MODIS,73,61.03,311.3,12.2,D,0
30.4729,74.5614,326.4,1,1,2026-04-30,1002,Aqua,MODIS,56,61.03,305.9,8.4,D,0
30.4773,74.9696,331.5,1,1,2026-04-30,1002,Aqua,MODIS,74,61.03,306.3,13.5,D,0
30.486,75.8691,328.8,1,1,2026-04-30,1002,Aqua,MODIS,58,61.03,309.5,12.3,D,0
30.4941,74.4637,325.8,1,1,2026-04-30,1002,Aqua,MODIS,63,61.03,308.4,6.6,D,0
30.4956,74.4738,328.6,1,1,2026-04-30,1002,Aqua,MODIS,70,61.03,308.7,10.1,D,0
30.5253,74.2322,326.5,1,1,2026-04-30,1002,Aqua,MODIS,66,61.03,308.9,8,D,0
30.5356,75.1856,324.8,1,1,2026-04-30,1002,Aqua,MODIS,54,61.03,308.3,5.6,D,0
30.5443,75.4954,331.2,1,1,2026-04-30,1002,Aqua,MODIS,74,61.03,308.8,13.9,D,0
30.5817,74.3666,325.4,1,1,2026-04-30,1002,Aqua,MODIS,57,61.03,308.2,7.3,D,0
30.6045,74.1473,325.3,1,1,2026-04-30,1002,Aqua,MODIS,62,61.03,309.3,7,D,0
30.6082,74.4236,335,1,1,2026-04-30,1002,Aqua,MODIS,80,61.03,308.8,16.9,D,0
30.6199,74.4259,328.8,1,1,2026-04-30,1002,Aqua,MODIS,36,61.03,310.1,10.3,D,0
30.6444,74.4104,330.9,1,1,2026-04-30,1002,Aqua,MODIS,75,61.03,310.6,11.4,D,0
30.6645,75.1688,328.4,1,1,2026-04-30,1002,Aqua,MODIS,66,61.03,305.9,11,D,0
30.6657,76.5043,325.9,1.1,1,2026-04-30,1002,Aqua,MODIS,64,61.03,308,11.4,D,0
30.6732,74.3629,327.9,1,1,2026-04-30,1002,Aqua,MODIS,70,61.03,309.7,8.5,D,0
30.6848,74.2393,326.3,1,1,2026-04-30,1002,Aqua,MODIS,58,61.03,309.5,7.1,D,0
30.6863,74.2494,327.8,1,1,2026-04-30,1002,Aqua,MODIS,63,61.03,309.2,8.2,D,0
30.7084,74.2762,334.9,1,1,2026-04-30,1002,Aqua,MODIS,81,61.03,310.5,18.6,D,0
30.7169,74.4515,329,1,1,2026-04-30,1002,Aqua,MODIS,72,61.03,310.6,9.4,D,0
30.7259,74.7157,328.1,1,1,2026-04-30,1002,Aqua,MODIS,70,61.03,309.3,8.6,D,0
30.7274,74.7258,336.4,1,1,2026-04-30,1002,Aqua,MODIS,82,61.03,310.2,20,D,0
30.7326,75.0667,326.2,1,1,2026-04-30,1002,Aqua,MODIS,64,61.03,309,8.4,D,0
30.7347,74.5102,326.2,1,1,2026-04-30,1002,Aqua,MODIS,66,61.03,309.8,6.5,D,0
30.7563,74.4746,331.1,1,1,2026-04-30,1002,Aqua,MODIS,76,61.03,311.2,12.3,D,0
30.8091,75.0139,328.3,1,1,2026-04-30,1002,Aqua,MODIS,71,61.03,309.5,10.2,D,0
30.8106,75.0239,352.8,1,1,2026-04-30,1002,Aqua,MODIS,96,61.03,310.8,51.9,D,0
30.812,75.034,334.8,1,1,2026-04-30,1002,Aqua,MODIS,81,61.03,308.8,18,D,0
30.8241,74.6893,336.9,1,1,2026-04-30,1002,Aqua,MODIS,83,61.03,311.8,19.7,D,0
30.8586,74.6039,333.2,1,1,2026-04-30,1002,Aqua,MODIS,79,61.03,311.4,15.1,D,0
30.8661,74.6543,332.1,1,1,2026-04-30,1002,Aqua,MODIS,78,61.03,311.4,13,D,0
30.875,76.5528,328.4,1.1,1,2026-04-30,1002,Aqua,MODIS,71,61.03,308.2,13.9,D,0
30.8764,76.5636,344.9,1.1,1,2026-04-30,1002,Aqua,MODIS,90,61.03,308.2,42,D,0
30.8814,73.4265,325.9,1,1,2026-04-30,1002,Aqua,MODIS,66,61.03,309.3,11.7,D,0
30.9179,76.6669,331,1.1,1,2026-04-30,1002,Aqua,MODIS,64,61.03,307.6,20.9,D,0
30.9249,74.8709,328.8,1,1,2026-04-30,1002,Aqua,MODIS,73,61.03,310.2,9.5,D,0
30.9376,74.5085,327.7,1,1,2026-04-30,1002,Aqua,MODIS,71,61.03,307.8,11.9,D,0
30.9391,74.5186,325.3,1,1,2026-04-30,1002,Aqua,MODIS,53,61.03,307.7,9.5,D,0
30.9822,74.749,328.5,1,1,2026-04-30,1002,Aqua,MODIS,73,61.03,310.6,9.7,D,0
31.0096,75.5219,326.7,1,1,2026-04-30,1002,Aqua,MODIS,69,61.03,305.8,11.6,D,0
31.024,74.6517,326.3,1,1,2026-04-30,1002,Aqua,MODIS,68,61.03,311.5,7,D,0
31.0919,75.1168,325.4,1,1,2026-04-30,1002,Aqua,MODIS,67,61.03,309.1,6.9,D,0
31.1122,75.1337,324.8,1,1,2026-04-30,1002,Aqua,MODIS,0,61.03,307.7,7.3,D,0
31.1254,74.7077,337.8,1,1,2026-04-30,1002,Aqua,MODIS,84,61.03,311.6,22,D,0
31.1326,74.6959,333.7,1,1,2026-04-30,1002,Aqua,MODIS,80,61.03,312.2,15.2,D,0
31.1341,74.706,362.8,1,1,2026-04-30,1002,Aqua,MODIS,100,61.03,312.6,76.1,D,0
31.2032,74.5511,358.2,1,1,2026-04-30,1002,Aqua,MODIS,99,61.03,315.4,60.7,D,0
31.2047,74.5612,331.9,1,1,2026-04-30,1002,Aqua,MODIS,19,61.03,312.5,10.3,D,0
31.2395,74.5541,327.6,1,1,2026-04-30,1002,Aqua,MODIS,70,61.03,311.1,7.2,D,0
31.2398,74.6166,329.8,1,1,2026-04-30,1002,Aqua,MODIS,74,61.03,310.6,10.7,D,0
31.2495,74.9273,328.1,1,1,2026-04-30,1002,Aqua,MODIS,54,61.03,307.1,11.1,D,0
31.251,74.9374,342.3,1,1,2026-04-30,1002,Aqua,MODIS,77,61.03,308.7,31.9,D,0
31.2582,74.9256,328.5,1,1,2026-04-30,1002,Aqua,MODIS,72,61.03,308.1,11.5,D,0
31.2597,74.9357,334.8,1,1,2026-04-30,1002,Aqua,MODIS,81,61.03,309,19.9,D,0
31.3177,72.6739,329.7,1.1,1,2026-04-30,1002,Aqua,MODIS,71,61.03,304.7,17.9,D,0
31.319,73.8538,327.5,1,1,2026-04-30,1002,Aqua,MODIS,69,61.03,308.5,11.4,D,0
31.3382,73.609,327.1,1,1,2026-04-30,1002,Aqua,MODIS,68,61.03,308.2,10.4,D,0
31.3398,73.6193,327.3,1,1,2026-04-30,1002,Aqua,MODIS,68,61.03,307.6,10.8,D,0
31.5182,75.6575,322.4,1,1,2026-04-30,1002,Aqua,MODIS,63,61.03,307,5.6,D,0
31.528,75.5223,323.9,1,1,2026-04-30,1002,Aqua,MODIS,67,61.03,306.6,7.5,D,0
31.5471,72.1979,324,1.1,1.1,2026-04-30,1002,Aqua,MODIS,60,61.03,305.9,9.8,D,0
31.5728,72.1391,323.2,1.1,1.1,2026-04-30,1002,Aqua,MODIS,54,61.03,303.8,9.9,D,0
31.584,72.3649,323,1.1,1,2026-04-30,1002,Aqua,MODIS,56,61.03,306.2,9.6,D,0
31.6141,72.3292,323.6,1.1,1,2026-04-30,1002,Aqua,MODIS,59,61.03,305.7,9.7,D,0
31.6351,75.4948,339.1,1,1,2026-04-30,1002,Aqua,MODIS,87,61.03,305.4,27.9,D,0
31.6439,75.4931,324.5,1,1,2026-04-30,1002,Aqua,MODIS,27,61.03,306.6,8.1,D,0
31.6509,74.9585,324.5,1,1,2026-04-30,1002,Aqua,MODIS,66,61.03,308.4,7.4,D,0
31.6541,75.5017,328.3,1,1,2026-04-30,1002,Aqua,MODIS,71,61.03,305.4,12.2,D,0
31.6556,75.5121,331.9,1,1,2026-04-30,1002,Aqua,MODIS,80,61.03,306.6,17.7,D,0
31.7326,75.4065,329.7,1,1,2026-04-30,1002,Aqua,MODIS,78,61.03,307.5,15.4,D,0
31.7409,74.1309,324.4,1,1,2026-04-30,1002,Aqua,MODIS,65,61.03,308,8,D,0
31.7851,75.5882,330.3,1,1,2026-04-30,1002,Aqua,MODIS,67,61.03,307.7,14.1,D,0
31.7939,75.5865,326.9,1,1,2026-04-30,1002,Aqua,MODIS,0,61.03,308.5,11.3,D,0
31.8713,74.6222,326.3,1,1,2026-04-30,1002,Aqua,MODIS,70,61.03,305.9,11.4,D,0
31.8728,74.6324,327.9,1,1,2026-04-30,1002,Aqua,MODIS,73,61.03,305.5,13.2,D,0
31.8738,74.0801,324.3,1,1,2026-04-30,1002,Aqua,MODIS,66,61.03,307.3,8,D,0
31.8753,74.0904,331.9,1,1,2026-04-30,1002,Aqua,MODIS,79,61.03,307.5,17.1,D,0
31.9025,75.6985,324.5,1,1,2026-04-30,1002,Aqua,MODIS,72,61.03,308.7,8.2,D,0
31.9063,75.4561,331,1,1,2026-04-30,1002,Aqua,MODIS,72,61.03,305.7,16.4,D,0
31.9151,75.4544,327,1,1,2026-04-30,1002,Aqua,MODIS,54,61.03,307.1,11.3,D,0
31.9166,75.4648,337,1,1,2026-04-30,1002,Aqua,MODIS,85,61.03,308.8,24.9,D,0
31.9208,75.5604,335.6,1,1,2026-04-30,1002,Aqua,MODIS,74,61.03,308.7,21.4,D,0
31.9222,75.5708,327.3,1,1,2026-04-30,1002,Aqua,MODIS,68,61.03,308.3,9.5,D,0
31.9282,75.5482,325.8,1,1,2026-04-30,1002,Aqua,MODIS,42,61.03,308.3,9,D,0
31.9514,75.6512,325.6,1,1,2026-04-30,1002,Aqua,MODIS,65,61.03,307.6,7.7,D,0
31.9634,75.4771,324.5,1,1,2026-04-30,1002,Aqua,MODIS,66,61.03,307.4,9,D,0
31.972,75.6688,328.1,1,1,2026-04-30,1002,Aqua,MODIS,77,61.03,308.3,11.4,D,0
31.9781,74.9264,324.2,1,1,2026-04-30,1002,Aqua,MODIS,62,61.03,308.3,7.6,D,0
32.0131,75.6866,326.3,1,1,2026-04-30,1002,Aqua,MODIS,74,61.03,308.1,10.2,D,0
32.0164,75.4494,330.4,1,1,2026-04-30,1002,Aqua,MODIS,79,61.03,308.6,15.1,D,0
32.3377,75.362,327.4,1,1,2026-04-30,1002,Aqua,MODIS,76,61.03,306.9,11.5,D,0
32.3596,75.3255,336.5,1,1,2026-04-30,1002,Aqua,MODIS,85,61.03,307.8,23.3,D,0
32.3726,74.5842,321.9,1,1,2026-04-30,1002,Aqua,MODIS,65,61.03,306.7,5.5,D,0
32.4108,75.3691,323.3,1,1,2026-04-30,1002,Aqua,MODIS,70,61.03,308.8,6.8,D,0
32.4481,75.1738,323.3,1,1,2026-04-30,1002,Aqua,MODIS,70,61.03,307.7,7.5,D,0
32.4496,75.1842,322.5,1,1,2026-04-30,1002,Aqua,MODIS,68,61.03,306.8,6.6,D,0
32.4821,74.9472,335.8,1,1,2026-04-30,1002,Aqua,MODIS,82,61.03,310.9,20,D,0
32.4895,74.9989,340.9,1,1,2026-04-30,1002,Aqua,MODIS,89,61.03,309.9,28.8,D,0
32.4997,75.0075,338.2,1,1,2026-04-30,1002,Aqua,MODIS,87,61.03,309.7,23.4,D,0
32.504,74.9747,331.8,1,1,2026-04-30,1002,Aqua,MODIS,68,61.03,309.3,14.4,D,0
32.5096,74.8885,325.6,1,1,2026-04-30,1002,Aqua,MODIS,74,61.03,308.4,7.8,D,0
32.5099,75.0161,327.7,1,1,2026-04-30,1002,Aqua,MODIS,73,61.03,309.3,9.1,D,0
32.5472,74.8222,334.9,1,1,2026-04-30,1002,Aqua,MODIS,85,61.03,310.4,17.2,D,0
32.5718,74.8066,329.7,1,1,2026-04-30,1002,Aqua,MODIS,43,61.03,310.6,9.2,D,0
32.5733,74.8169,336.2,1,1,2026-04-30,1002,Aqua,MODIS,86,61.03,310.4,19,D,0
32.5806,74.8048,334.8,1,1,2026-04-30,1002,Aqua,MODIS,77,61.03,308.1,16.4,D,0
32.582,74.8151,331.1,1,1,2026-04-30,1002,Aqua,MODIS,63,61.03,308,11.8,D,0
32.5865,74.8461,326.8,1,1,2026-04-30,1002,Aqua,MODIS,66,61.03,307.4,8.6,D,0
32.5878,74.7927,343.6,1,1,2026-04-30,1002,Aqua,MODIS,91,61.03,310.6,32.4,D,0
32.5879,74.8565,325.9,1,1,2026-04-30,1002,Aqua,MODIS,69,61.03,308,8.1,D,0
32.5893,74.8031,367.6,1,1,2026-04-30,1002,Aqua,MODIS,100,61.03,311.3,91.2,D,0
32.6222,74.8215,326.7,1,1,2026-04-30,1002,Aqua,MODIS,58,61.03,307.2,10.4,D,0
32.7897,74.6369,326.1,1,1,2026-04-30,1002,Aqua,MODIS,66,61.03,306.3,10.9,D,0
32.7912,74.6472,332.5,1,1,2026-04-30,1002,Aqua,MODIS,83,61.03,306.1,19.1,D,0
17.529,80.435,308.2,2.8,1.6,2026-04-30,1451,Terra,MODIS,73,61.03,298,17.5,N,0
17.5334,80.4595,309.5,2.7,1.6,2026-04-30,1451,Terra,MODIS,77,61.03,297.9,21.8,N,0
17.5393,80.4518,313,2.7,1.6,2026-04-30,1451,Terra,MODIS,85,61.03,297.8,31.9,N,0
20.5759,79.6203,316.5,2.7,1.6,2026-04-30,1452,Terra,MODIS,92,61.03,302.3,38.6,N,0
20.7412,79.7069,310.2,2.7,1.6,2026-04-30,1452,Terra,MODIS,72,61.03,297.5,25.3,N,0
20.7479,79.699,308,2.7,1.6,2026-04-30,1452,Terra,MODIS,42,61.03,296.2,18,N,0
22.0891,78.1793,308.7,3.3,1.7,2026-04-30,1452,Terra,MODIS,74,61.03,296.4,30.4,N,0
23.2931,79.3438,306.7,2.5,1.5,2026-04-30,1452,Terra,MODIS,22,61.03,291.3,26.6,N,0
23.8263,84.5674,303.3,1.1,1.1,2026-04-30,1452,Terra,MODIS,54,61.03,292.3,5.6,N,0
23.829,79.2162,304.7,2.5,1.5,2026-04-30,1453,Terra,MODIS,19,61.03,292,19.4,N,0
26.9727,82.8504,306.2,1.2,1.1,2026-04-30,1453,Terra,MODIS,67,61.03,294.7,7.4,N,0
28.4335,76.6138,306.4,3,1.7,2026-04-30,1454,Terra,MODIS,68,61.03,292.2,28.5,N,0
28.4358,76.608,303.8,3,1.7,2026-04-30,1454,Terra,MODIS,57,61.03,292.1,22.2,N,0
28.6055,76.4564,305.8,3.1,1.7,2026-04-30,1454,Terra,MODIS,24,61.03,292.6,23.2,N,0
28.6179,76.5151,308.2,3,1.7,2026-04-30,1454,Terra,MODIS,48,61.03,292.4,29.7,N,0
28.624,76.5442,308.3,3,1.7,2026-04-30,1454,Terra,MODIS,67,61.03,292.8,32,N,0
28.7757,76.4647,302.5,3,1.7,2026-04-30,1454,Terra,MODIS,50,61.03,291.8,18.9,N,0
28.811,76.3181,304.2,3.1,1.7,2026-04-30,1454,Terra,MODIS,59,61.03,292.7,23.6,N,0
28.9282,76.2165,305.7,3.1,1.7,2026-04-30,1454,Terra,MODIS,65,61.03,293.1,29,N,0
22.0571,79.2369,303.2,1.2,1.1,2026-04-30,2206,Aqua,MODIS,54,61.03,292.1,6.6,N,2
22.1298,79.5178,301.3,1.2,1.1,2026-04-30,2206,Aqua,MODIS,40,61.03,290.7,5.9,N,0
23.1659,82.3473,302.6,1,1,2026-04-30,2206,Aqua,MODIS,50,61.03,291.7,4.7,N,2
23.1673,82.3379,304.5,1,1,2026-04-30,2206,Aqua,MODIS,60,61.03,291.8,5.7,N,2
23.6823,86.1004,302.5,1.3,1.1,2026-04-30,2206,Aqua,MODIS,50,61.03,290.9,7.4,N,2
23.7638,86.4026,304.9,1.4,1.2,2026-04-30,2206,Aqua,MODIS,56,61.03,291.8,8.8,N,2
19.7062,78.7582,325.8,1.2,1.1,2026-04-30,2207,Aqua,MODIS,100,61.03,298.4,28.1,N,0
19.9503,79.3928,309.9,1.1,1.1,2026-04-30,2207,Aqua,MODIS,74,61.03,295.5,9.3,N,0
14.3063,79.4098,329.4,1,1,2026-04-30,2208,Aqua,MODIS,100,61.03,293.8,25.7,N,0
14.3164,79.402,305.8,1,1,2026-04-30,2208,Aqua,MODIS,32,61.03,292.8,3.1,N,0
14.3253,79.4031,319.7,1,1,2026-04-30,2208,Aqua,MODIS,99,61.03,294,14,N,0
17.2331,95.7706,320.8,1.7,1.3,2026-05-01,300,Terra,MODIS,51,61.03,300.2,14.4,D,0
18.9118,96.6388,310.3,1.9,1.3,2026-05-01,300,Terra,MODIS,44,61.03,293.8,13.2,D,0
16.1021,95.5527,328.1,1.7,1.3,2026-05-01,301,Terra,MODIS,80,61.03,297.6,36,D,0
29.7194,75.3564,320.6,1.9,1.4,2026-05-01,435,Terra,MODIS,68,61.03,303.6,16.3,D,0
29.8065,75.7129,322,2,1.4,2026-05-01,435,Terra,MODIS,72,61.03,303,22.4,D,0
29.8103,75.6928,322.9,2,1.4,2026-05-01,435,Terra,MODIS,73,61.03,303.1,24.1,D,0
29.814,75.7004,328,2,1.4,2026-05-01,435,Terra,MODIS,79,61.03,303.5,40.8,D,0
29.8296,75.6208,322.3,2,1.4,2026-05-01,435,Terra,MODIS,72,61.03,303.1,21.9,D,0
29.8653,75.9771,320.4,2.1,1.4,2026-05-01,435,Terra,MODIS,71,61.03,303,17.7,D,0
30.1246,75.4436,320.6,1.9,1.4,2026-05-01,435,Terra,MODIS,70,61.03,303.1,16.6,D,0
30.2275,75.6851,318.8,2,1.4,2026-05-01,435,Terra,MODIS,69,61.03,302.8,15.3,D,0
30.2685,75.9543,320.3,2.1,1.4,2026-05-01,435,Terra,MODIS,73,61.03,302.3,20.1,D,0
30.4191,76.2027,316.6,2.1,1.4,2026-05-01,435,Terra,MODIS,66,61.03,300.5,17.3,D,0
30.4454,70.7533,320.8,1.1,1,2026-05-01,435,Terra,MODIS,61,61.03,306.5,7,D,0
30.5195,70.7529,319.1,1.1,1,2026-05-01,435,Terra,MODIS,56,61.03,304.1,7,D,0
30.6884,74.407,338,1.6,1.2,2026-05-01,435,Terra,MODIS,87,61.03,307.6,50.7,D,0
30.6932,74.3973,324.4,1.6,1.2,2026-05-01,435,Terra,MODIS,73,61.03,306.8,15.1,D,0
30.8106,70.7869,322,1.1,1,2026-05-01,435,Terra,MODIS,57,61.03,306.1,7.8,D,0
30.9344,70.7639,319.4,1,1,2026-05-01,435,Terra,MODIS,53,61.03,304.4,6.5,D,0
31.1676,75.8736,317.4,1.9,1.4,2026-05-01,435,Terra,MODIS,75,61.03,301.4,13.6,D,0
31.2794,76.0967,318.8,2,1.4,2026-05-01,435,Terra,MODIS,77,61.03,300.5,21.9,D,0
31.443,75.7966,314.1,1.9,1.3,2026-05-01,435,Terra,MODIS,66,61.03,299.9,12.2,D,0
31.6032,75.5572,323,1.8,1.3,2026-05-01,435,Terra,MODIS,75,61.03,303.4,19.9,D,0
32.5409,71.6935,318.6,1.1,1,2026-05-01,435,Terra,MODIS,47,61.03,301.4,8.6,D,0
33.1439,75.3754,303.6,1.6,1.3,2026-05-01,435,Terra,MODIS,39,61.03,289.3,9.2,D,0
33.1471,75.3585,301.6,1.6,1.3,2026-05-01,435,Terra,MODIS,14,61.03,289.3,6.8,D,0
27.3421,68.1662,323.6,1,1,2026-05-01,436,Terra,MODIS,42,61.03,309.9,7.8,D,0
27.564,68.1733,329.9,1,1,2026-05-01,436,Terra,MODIS,73,61.03,310.7,13.6,D,0
27.9209,68.0679,333.2,1,1,2026-05-01,436,Terra,MODIS,79,61.03,310.6,18.5,D,0
28.2923,68.6249,325.2,1,1,2026-05-01,436,Terra,MODIS,60,61.03,307.6,9.2,D,0
28.3263,68.0001,325.6,1,1,2026-05-01,436,Terra,MODIS,68,61.03,310,9.2,D,0
28.4087,68.0715,332.3,1,1,2026-05-01,436,Terra,MODIS,79,61.03,308.9,18.5,D,0
28.4932,68.0619,328.2,1,1,2026-05-01,436,Terra,MODIS,73,61.03,310,12.7,D,0
28.4946,68.0519,328.3,1,1,2026-05-01,436,Terra,MODIS,73,61.03,309.1,12.6,D,0
28.502,68.0634,330.1,1,1,2026-05-01,436,Terra,MODIS,76,61.03,309.9,13.8,D,0
28.5034,68.0534,334.5,1,1,2026-05-01,436,Terra,MODIS,81,61.03,309.8,19.7,D,0
28.8082,71.1463,336.6,1.1,1.1,2026-05-01,436,Terra,MODIS,82,61.03,309.3,27.4,D,0
28.81,71.1351,327.2,1.1,1.1,2026-05-01,436,Terra,MODIS,68,61.03,309,11.9,D,0
28.8506,71.1033,328,1.1,1.1,2026-05-01,436,Terra,MODIS,70,61.03,310.9,10.9,D,0
28.939,71.0869,327.2,1.1,1.1,2026-05-01,436,Terra,MODIS,68,61.03,309.9,13.5,D,0
29.2447,70.2523,330.6,1,1,2026-05-01,436,Terra,MODIS,76,61.03,307.4,17.7,D,0
29.2463,70.2419,326.1,1,1,2026-05-01,436,Terra,MODIS,68,61.03,307.4,11.2,D,0
29.4497,70.4846,328.5,1.1,1,2026-05-01,436,Terra,MODIS,74,61.03,305.8,16.9,D,0
29.4513,70.4741,322.8,1.1,1,2026-05-01,436,Terra,MODIS,62,61.03,305.6,9.9,D,0
29.5664,70.4487,320.1,1.1,1,2026-05-01,436,Terra,MODIS,53,61.03,305.9,6.4,D,0
29.8194,71.6552,319.6,1.2,1.1,2026-05-01,436,Terra,MODIS,56,61.03,305,6.5,D,0
29.9676,71.9421,323.8,1.2,1.1,2026-05-01,436,Terra,MODIS,69,61.03,305.3,11.7,D,0
30.1104,70.821,331.5,1.1,1,2026-05-01,436,Terra,MODIS,80,61.03,306.5,21.3,D,0
30.1315,70.6274,321.9,1.1,1,2026-05-01,436,Terra,MODIS,66,61.03,306.3,8.7,D,0
30.191,70.6613,318.6,1.1,1,2026-05-01,436,Terra,MODIS,54,61.03,305,6.1,D,0
30.1975,70.6189,322.7,1.1,1,2026-05-01,436,Terra,MODIS,67,61.03,306.3,9.7,D,0
30.3337,70.6371,320.1,1.1,1,2026-05-01,436,Terra,MODIS,60,61.03,305.6,5.9,D,0
23.4037,77.544,325.3,3.9,1.8,2026-05-01,437,Terra,MODIS,67,61.03,300.1,71.4,D,0
23.4119,77.5509,322.9,3.9,1.8,2026-05-01,437,Terra,MODIS,56,61.03,300.1,52.5,D,0
24.0116,69.5522,322.3,1.1,1,2026-05-01,437,Terra,MODIS,63,61.03,305.9,7.6,D,0
24.0132,69.5417,324.6,1.1,1,2026-05-01,437,Terra,MODIS,69,61.03,306.1,10.3,D,0
18.9079,74.8147,322.9,3,1.7,2026-05-01,438,Terra,MODIS,61,61.03,307.7,36.7,D,0
18.9511,73.3403,320.5,2.3,1.5,2026-05-01,438,Terra,MODIS,44,61.03,303.8,24.8,D,0
15.7982,95.3049,316.2,1.1,1,2026-05-01,857,Aqua,MODIS,62,61.03,299.5,6.7,D,0
15.9438,95.4164,324.4,1.1,1,2026-05-01,857,Aqua,MODIS,75,61.03,302,8.9,D,0
16.0879,94.4003,316.3,1,1,2026-05-01,857,Aqua,MODIS,48,61.03,295.2,5.7,D,0
16.0967,94.3989,330.3,1,1,2026-05-01,857,Aqua,MODIS,82,61.03,295,20.7,D,0
16.1032,94.7177,332.9,1,1,2026-05-01,857,Aqua,MODIS,84,61.03,297.7,21.3,D,0
16.1584,94.3893,317.2,1,1,2026-05-01,857,Aqua,MODIS,63,61.03,296.1,7.4,D,0
16.1844,94.6987,327.7,1,1,2026-05-01,857,Aqua,MODIS,72,61.03,299.5,12.3,D,0
16.2397,95.5574,321.5,1.1,1.1,2026-05-01,857,Aqua,MODIS,67,61.03,290,16.8,D,0
16.4097,94.2758,315.6,1,1,2026-05-01,857,Aqua,MODIS,46,61.03,293.1,5.9,D,0
16.422,94.4248,313.6,1,1,2026-05-01,857,Aqua,MODIS,37,61.03,292.6,5.4,D,0
16.4234,94.4341,318.1,1,1,2026-05-01,857,Aqua,MODIS,61,61.03,293.1,9.2,D,0
16.5752,95.5862,317.1,1.1,1.1,2026-05-01,857,Aqua,MODIS,58,61.03,295.4,7.3,D,0
16.5883,94.3583,320.7,1,1,2026-05-01,857,Aqua,MODIS,52,61.03,292.3,11.6,D,0
16.6358,95.4877,314.8,1.1,1.1,2026-05-01,857,Aqua,MODIS,0,61.03,290.9,6.5,D,0
16.6387,94.7139,316.8,1,1,2026-05-01,857,Aqua,MODIS,0,61.03,296.3,5.9,D,0
16.64,94.7234,319.8,1,1,2026-05-01,857,Aqua,MODIS,0,61.03,295,8.8,D,0
16.6714,95.6804,317.6,1.1,1.1,2026-05-01,857,Aqua,MODIS,51,61.03,295.4,8.1,D,0
16.702,94.6977,321.3,1,1,2026-05-01,857,Aqua,MODIS,59,61.03,297.5,9.4,D,0
16.7051,95.2569,325.7,1.1,1,2026-05-01,857,Aqua,MODIS,22,61.03,302.6,11.7,D,0
16.7318,94.7804,321.4,1.1,1,2026-05-01,857,Aqua,MODIS,68,61.03,296.1,8.5,D,0
16.7527,94.4059,321.6,1,1,2026-05-01,857,Aqua,MODIS,66,61.03,293.4,12.1,D,0
16.7615,94.4045,319.1,1,1,2026-05-01,857,Aqua,MODIS,47,61.03,294.7,9.2,D,0
16.8208,94.5675,316.1,1,1,2026-05-01,857,Aqua,MODIS,44,61.03,291.7,6,D,0
16.9056,95.3059,328.4,1.1,1,2026-05-01,857,Aqua,MODIS,78,61.03,302.1,14.5,D,0
16.9114,95.8785,320,1.2,1.1,2026-05-01,857,Aqua,MODIS,32,61.03,295.1,9.7,D,0
16.9139,95.3661,327.3,1.1,1.1,2026-05-01,857,Aqua,MODIS,65,61.03,303.7,13.6,D,0
16.9243,94.8364,320.9,1.1,1,2026-05-01,857,Aqua,MODIS,65,61.03,296.5,9.3,D,0
16.9302,95.8757,318.7,1.2,1.1,2026-05-01,857,Aqua,MODIS,39,61.03,295.9,9.2,D,0
16.952,95.3707,327.1,1.1,1.1,2026-05-01,857,Aqua,MODIS,66,61.03,304.5,11.7,D,0
16.9551,95.9536,323.7,1.2,1.1,2026-05-01,857,Aqua,MODIS,50,61.03,295.5,12.8,D,0
16.967,95.2798,326.8,1.1,1,2026-05-01,857,Aqua,MODIS,75,61.03,303.5,13.9,D,0
16.9759,94.8777,328.4,1.1,1,2026-05-01,857,Aqua,MODIS,77,61.03,296.6,16,D,0
16.9773,94.8873,324.1,1.1,1,2026-05-01,857,Aqua,MODIS,41,61.03,295.1,10.2,D,0
16.984,94.8707,321.2,1.1,1,2026-05-01,857,Aqua,MODIS,64,61.03,295.6,7.8,D,0
16.9875,95.2258,323.1,1.1,1,2026-05-01,857,Aqua,MODIS,64,61.03,300.3,10.9,D,0
16.9933,94.9384,322,1.1,1,2026-05-01,857,Aqua,MODIS,51,61.03,295.5,9,D,0
17.0063,94.9662,325.6,1.1,1,2026-05-01,857,Aqua,MODIS,73,61.03,299,13,D,0
17.0523,95.0992,328.9,1.1,1,2026-05-01,857,Aqua,MODIS,78,61.03,300.8,18.8,D,0
17.0796,95.5052,337,1.1,1.1,2026-05-01,857,Aqua,MODIS,65,61.03,303.5,30.9,D,0
17.1108,95.8476,329,1.2,1.1,2026-05-01,857,Aqua,MODIS,78,61.03,301.3,17.4,D,0
17.0327,94.487,319.4,1,1,2026-05-01,858,Aqua,MODIS,59,61.03,295.3,11.1,D,0
17.0777,95.0151,328.1,1.1,1,2026-05-01,858,Aqua,MODIS,77,61.03,299.1,17.6,D,0
17.0901,94.9668,320.8,1.1,1,2026-05-01,858,Aqua,MODIS,62,61.03,298.5,7.4,D,0
17.0914,94.9766,319.8,1.1,1,2026-05-01,858,Aqua,MODIS,50,61.03,298,6.5,D,0
17.1678,94.9949,319.4,1.1,1,2026-05-01,858,Aqua,MODIS,60,61.03,295.3,7.1,D,0
17.2046,95.7456,339.4,1.2,1.1,2026-05-01,858,Aqua,MODIS,88,61.03,303.3,35.4,D,0
17.2311,94.5211,320.2,1,1,2026-05-01,858,Aqua,MODIS,46,61.03,293.8,11.2,D,0
17.235,95.019,323,1.1,1,2026-05-01,858,Aqua,MODIS,47,61.03,299.1,11.1,D,0
17.2529,95.7493,324.2,1.2,1.1,2026-05-01,858,Aqua,MODIS,42,61.03,302.3,12.2,D,0
17.2794,96.416,319.5,1.3,1.1,2026-05-01,858,Aqua,MODIS,59,61.03,294.7,11.8,D,0
17.2809,94.7469,318.3,1.1,1,2026-05-01,858,Aqua,MODIS,55,61.03,294.9,10.2,D,0
17.2809,96.4275,321.7,1.3,1.1,2026-05-01,858,Aqua,MODIS,67,61.03,295.2,13.7,D,0
17.2831,96.4204,325.8,1.3,1.1,2026-05-01,858,Aqua,MODIS,75,61.03,295.2,19.2,D,0
17.3029,95.7255,331.4,1.2,1.1,2026-05-01,858,Aqua,MODIS,81,61.03,300.6,23,D,0
17.3043,95.7361,332.5,1.2,1.1,2026-05-01,858,Aqua,MODIS,82,61.03,300.8,24.5,D,0
17.3245,95.7439,325.7,1.2,1.1,2026-05-01,858,Aqua,MODIS,65,61.03,300.4,15,D,0
17.4899,94.595,325.7,1.1,1,2026-05-01,858,Aqua,MODIS,72,61.03,295,18,D,0
17.5078,95.7369,324.8,1.2,1.1,2026-05-01,858,Aqua,MODIS,55,61.03,303.2,10.5,D,0
17.5122,96.2348,323.5,1.2,1.1,2026-05-01,858,Aqua,MODIS,71,61.03,300.2,15.1,D,0
17.5329,94.573,318.5,1,1,2026-05-01,858,Aqua,MODIS,54,61.03,295.8,10.3,D,0
17.5511,94.8357,316.1,1.1,1,2026-05-01,858,Aqua,MODIS,31,61.03,297.3,7.7,D,0
17.7575,94.8612,347.1,1.1,1,2026-05-01,858,Aqua,MODIS,93,61.03,296.8,55.1,D,0
17.7666,94.8599,345,1.1,1,2026-05-01,858,Aqua,MODIS,92,61.03,297.7,50.5,D,0
17.8701,94.7373,324.7,1.1,1,2026-05-01,858,Aqua,MODIS,76,61.03,297.9,18.6,D,0
17.8715,94.7473,328.8,1.1,1,2026-05-01,858,Aqua,MODIS,80,61.03,298.1,23.7,D,0
18.9705,93.9683,306.4,1,1,2026-05-01,858,Aqua,MODIS,38,61.03,280.3,5.2,D,0
20.9583,85.1599,318,2.4,1.5,2026-05-01,859,Aqua,MODIS,46,61.03,298.3,18.9,D,2
20.9613,85.164,318.8,2.4,1.5,2026-05-01,859,Aqua,MODIS,17,61.03,298.4,19.4,D,2
25.0808,83.084,320.5,2.8,1.6,2026-05-01,900,Aqua,MODIS,52,61.03,298.5,21.8,D,0
27.5265,79.8827,319.2,4.1,1.9,2026-05-01,901,Aqua,MODIS,72,61.03,295.9,53.8,D,0
27.5355,79.9215,317.8,4.1,1.9,2026-05-01,901,Aqua,MODIS,66,61.03,296.3,47.1,D,0
11.7187,78.7435,315.4,3.5,1.8,2026-05-01,1034,Aqua,MODIS,55,61.03,293,33.5,D,0
14.2414,77.4609,325.6,3,1.7,2026-05-01,1035,Aqua,MODIS,72,61.03,301.7,55.8,D,0
14.2921,79.4301,321.1,4.4,1.9,2026-05-01,1035,Aqua,MODIS,51,61.03,300.2,70.4,D,0
15.1625,76.7569,327.1,2.8,1.6,2026-05-01,1035,Aqua,MODIS,71,61.03,305.3,38.3,D,0
15.8184,75.7671,335.2,2.4,1.5,2026-05-01,1036,Aqua,MODIS,82,61.03,308.7,71.1,D,0
15.8289,75.7444,324.1,2.3,1.5,2026-05-01,1036,Aqua,MODIS,47,61.03,308.4,25.5,D,0
16.3938,74.0034,323.3,1.8,1.3,2026-05-01,1036,Aqua,MODIS,56,61.03,306,22.1,D,0
17.8511,73.2707,323.4,1.6,1.3,2026-05-01,1036,Aqua,MODIS,53,61.03,305,19.4,D,0
18.1531,73.2095,326,1.6,1.3,2026-05-01,1036,Aqua,MODIS,61,61.03,305.2,24.3,D,0
19.3681,71.3531,313.2,1.3,1.1,2026-05-01,1037,Aqua,MODIS,57,61.03,298.8,10.9,D,3
20.7696,73.646,325.7,1.9,1.4,2026-05-01,1037,Aqua,MODIS,52,61.03,308.9,19.5,D,0
20.7715,73.6633,324.7,1.9,1.4,2026-05-01,1037,Aqua,MODIS,39,61.03,307.9,15.7,D,0
21.3921,77.0036,325.1,3.6,1.8,2026-05-01,1037,Aqua,MODIS,46,61.03,306.9,46.6,D,0
21.6851,70.3939,328,1.2,1.1,2026-05-01,1037,Aqua,MODIS,58,61.03,311.9,10.1,D,0
22.4072,69.8807,332.8,1.2,1.1,2026-05-01,1037,Aqua,MODIS,73,61.03,314.8,18.3,D,0
23.3088,70.3667,333.7,1.3,1.1,2026-05-01,1038,Aqua,MODIS,76,61.03,312.8,19.3,D,0
27.5552,68.0468,335.5,1.1,1,2026-05-01,1039,Aqua,MODIS,74,61.03,316.8,15.1,D,0
28.2397,68.2124,330.4,1.1,1.1,2026-05-01,1039,Aqua,MODIS,63,61.03,317,9.5,D,0
29.4866,71.0374,323.5,1.7,1.3,2026-05-01,1039,Aqua,MODIS,0,61.03,307.1,13.8,D,0
29.7232,76.0418,324.2,3.8,1.8,2026-05-01,1039,Aqua,MODIS,30,61.03,303.4,46.6,D,0
29.9178,70.5754,328.3,1.6,1.2,2026-05-01,1039,Aqua,MODIS,71,61.03,308.3,19.8,D,0
30.1293,75.2504,326.6,3.4,1.7,2026-05-01,1039,Aqua,MODIS,67,61.03,303.4,53.4,D,0
30.6283,74.2918,326,2.9,1.6,2026-05-01,1040,Aqua,MODIS,69,61.03,302.5,43.8,D,0
30.7805,71.7488,326,2,1.4,2026-05-01,1040,Aqua,MODIS,63,61.03,306,20.2,D,0
30.7816,74.5076,325.3,3.1,1.7,2026-05-01,1040,Aqua,MODIS,67,61.03,304.4,39.9,D,0
11.4536,79.2512,309.3,1,1,2026-05-01,1528,Terra,MODIS,63,61.03,294.6,4.9,N,0
13.3072,79.988,308.8,1,1,2026-05-01,1529,Terra,MODIS,61,61.03,297.4,4.8,N,0
13.7457,79.2966,307.6,1,1,2026-05-01,1529,Terra,MODIS,52,61.03,297.5,4.6,N,0
13.8462,79.2696,311.1,1,1,2026-05-01,1529,Terra,MODIS,71,61.03,299,6.3,N,0
13.8562,79.2773,312.4,1,1,2026-05-01,1529,Terra,MODIS,77,61.03,299.8,6.8,N,0
13.8574,79.2862,316.9,1,1,2026-05-01,1529,Terra,MODIS,91,61.03,300.7,10.2,N,0
13.8586,79.2952,318.4,1,1,2026-05-01,1529,Terra,MODIS,96,61.03,300.6,11.5,N,0
13.8649,79.276,311.9,1,1,2026-05-01,1529,Terra,MODIS,75,61.03,299.3,5.8,N,0
13.8661,79.285,323.4,1,1,2026-05-01,1529,Terra,MODIS,100,61.03,300.2,16.1,N,0
14.2966,79.408,312.8,1,1,2026-05-01,1529,Terra,MODIS,39,61.03,298.6,5.6,N,0
14.2978,79.4169,320.1,1,1,2026-05-01,1529,Terra,MODIS,100,61.03,298.1,12.1,N,0
14.299,79.426,324.5,1,1,2026-05-01,1529,Terra,MODIS,100,61.03,299.5,16.9,N,0
14.3053,79.4066,310.2,1,1,2026-05-01,1529,Terra,MODIS,28,61.03,297.9,3.4,N,0
14.3065,79.4156,321.4,1,1,2026-05-01,1529,Terra,MODIS,100,61.03,298.7,13,N,0
14.3141,79.4053,312,1,1,2026-05-01,1529,Terra,MODIS,66,61.03,297.9,4.7,N,0
14.3153,79.4144,317.1,1,1,2026-05-01,1529,Terra,MODIS,91,61.03,299.3,9.3,N,0
14.6622,79.8496,321.8,1,1,2026-05-01,1529,Terra,MODIS,100,61.03,297.1,15.7,N,0
14.6698,79.8391,310.5,1,1,2026-05-01,1529,Terra,MODIS,60,61.03,297.2,5.3,N,0
14.671,79.8483,319.1,1,1,2026-05-01,1529,Terra,MODIS,97,61.03,297.1,12.9,N,0
15.18,76.6521,312.6,1.1,1.1,2026-05-01,1529,Terra,MODIS,61,61.03,301.2,6.6,N,2
15.5162,78.8197,309.6,1,1,2026-05-01,1529,Terra,MODIS,54,61.03,299.2,4.8,N,0
15.8999,80.1548,310.3,1.1,1,2026-05-01,1529,Terra,MODIS,69,61.03,298.2,5.9,N,0
15.9129,80.114,313.8,1.1,1,2026-05-01,1529,Terra,MODIS,82,61.03,297.8,9.2,N,0
15.9142,80.1235,308.1,1.1,1,2026-05-01,1529,Terra,MODIS,56,61.03,297.9,4.6,N,0
16.1141,80.3882,306.5,1.1,1,2026-05-01,1529,Terra,MODIS,50,61.03,291.1,4.3,N,0
16.2076,78.8054,308.8,1,1,2026-05-01,1529,Terra,MODIS,60,61.03,297.6,4.9,N,0
16.3574,80.7073,310.8,1.1,1.1,2026-05-01,1529,Terra,MODIS,74,61.03,290.7,9.2,N,2
16.3667,80.706,305,1.1,1.1,2026-05-01,1529,Terra,MODIS,30,61.03,290.4,4.6,N,0
16.7106,77.1359,314.1,1.1,1,2026-05-01,1530,Terra,MODIS,83,61.03,297.2,10.5,N,0
17.0517,80.2333,310.8,1.1,1,2026-05-01,1530,Terra,MODIS,75,61.03,293.2,8.3,N,0
17.053,80.2431,313.9,1.1,1,2026-05-01,1530,Terra,MODIS,85,61.03,294.1,10.9,N,0
17.0802,79.3212,314.2,1,1,2026-05-01,1530,Terra,MODIS,85,61.03,297.2,9.6,N,0
17.0998,80.2465,313.9,1.1,1,2026-05-01,1530,Terra,MODIS,85,61.03,294.7,10.4,N,0
17.1235,80.077,312.1,1.1,1,2026-05-01,1530,Terra,MODIS,79,61.03,295.8,9.2,N,0
17.1386,80.2655,310.2,1.1,1,2026-05-01,1530,Terra,MODIS,73,61.03,295.4,7.2,N,0
17.1477,80.2642,307,1.1,1,2026-05-01,1530,Terra,MODIS,12,61.03,295.3,4.6,N,0
17.2071,80.3,304.3,1.1,1,2026-05-01,1530,Terra,MODIS,23,61.03,292.9,3.7,N,0
17.2894,80.4317,310.5,1.1,1.1,2026-05-01,1530,Terra,MODIS,73,61.03,295.8,7.2,N,0
17.2907,80.4418,308.7,1.1,1.1,2026-05-01,1530,Terra,MODIS,66,61.03,295.3,6.1,N,0
17.3306,80.3276,308.6,1.1,1,2026-05-01,1530,Terra,MODIS,53,61.03,297.5,4.9,N,0
17.5178,80.207,306.5,1.1,1,2026-05-01,1530,Terra,MODIS,50,61.03,293.3,4.6,N,0
17.6793,79.3291,315.6,1,1,2026-05-01,1530,Terra,MODIS,89,61.03,297.3,11.4,N,0
17.6805,79.3385,313.6,1,1,2026-05-01,1530,Terra,MODIS,83,61.03,297.6,9.7,N,0
17.7125,80.2893,305,1.1,1,2026-05-01,1530,Terra,MODIS,27,61.03,292.5,4.7,N,0
17.7138,80.2995,312.9,1.1,1,2026-05-01,1530,Terra,MODIS,81,61.03,293.1,10.9,N,0
17.7881,80.018,308.1,1.1,1,2026-05-01,1530,Terra,MODIS,62,61.03,296.3,5.6,N,0
17.7894,80.0277,310.5,1.1,1,2026-05-01,1530,Terra,MODIS,73,61.03,297.9,7.4,N,0
17.8159,79.8782,304.9,1.1,1,2026-05-01,1530,Terra,MODIS,36,61.03,293.9,4.5,N,0
17.8171,79.888,306.9,1.1,1,2026-05-01,1530,Terra,MODIS,55,61.03,294.3,5.9,N,0
18.058,76.808,307.8,1.1,1,2026-05-01,1530,Terra,MODIS,50,61.03,297,5.7,N,0
18.4034,80.0085,308.6,1.1,1,2026-05-01,1530,Terra,MODIS,64,61.03,298.5,4.9,N,0
18.634,77.8618,310.7,1,1,2026-05-01,1530,Terra,MODIS,72,61.03,297.9,6.6,N,0
18.7153,77.8679,328.7,1,1,2026-05-01,1530,Terra,MODIS,100,61.03,299.2,23.6,N,0
18.7199,79.5369,311.1,1.1,1,2026-05-01,1530,Terra,MODIS,71,61.03,301,5.9,N,2
19.1114,77.4632,314.2,1,1,2026-05-01,1530,Terra,MODIS,83,61.03,299.5,8,N,0
19.1127,77.4725,326.3,1,1,2026-05-01,1530,Terra,MODIS,100,61.03,300.6,19.9,N,0
19.2135,81.1876,306.7,1.3,1.1,2026-05-01,1530,Terra,MODIS,58,61.03,295,6.9,N,0
19.4221,77.1125,310.7,1,1,2026-05-01,1530,Terra,MODIS,63,61.03,300.4,5.2,N,0
19.4661,78.3517,308.7,1,1,2026-05-01,1530,Terra,MODIS,50,61.03,296.7,5.2,N,0
19.568,76.9032,313.7,1,1,2026-05-01,1530,Terra,MODIS,78,61.03,301.8,6.9,N,0
19.5693,76.9127,316.5,1,1,2026-05-01,1530,Terra,MODIS,89,61.03,301.9,9.4,N,2
19.9428,79.3809,311.6,1.1,1,2026-05-01,1530,Terra,MODIS,72,61.03,298.1,6.5,N,0
19.9518,79.3795,321.6,1.1,1,2026-05-01,1530,Terra,MODIS,100,61.03,298.8,16.1,N,0
20.7918,85.251,306.8,2.6,1.6,2026-05-01,1530,Terra,MODIS,65,61.03,294.9,20.3,N,2
20.7983,85.256,305.2,2.6,1.6,2026-05-01,1530,Terra,MODIS,58,61.03,295,14.9,N,2
19.8937,75.7262,311.5,1.1,1.1,2026-05-01,1531,Terra,MODIS,72,61.03,300.6,6.6,N,0
19.9667,76.0869,309.4,1.1,1,2026-05-01,1531,Terra,MODIS,60,61.03,299.2,5.6,N,0
20.1317,75.5136,319.4,1.1,1.1,2026-05-01,1531,Terra,MODIS,98,61.03,298.3,16.4,N,0
20.2062,76.2065,312.7,1.1,1,2026-05-01,1531,Terra,MODIS,76,61.03,299.1,8.1,N,0
20.9658,85.1701,311.8,2.6,1.6,2026-05-01,1531,Terra,MODIS,81,61.03,296.4,31.8,N,2
20.9719,85.1751,309.3,2.6,1.6,2026-05-01,1531,Terra,MODIS,60,61.03,295.9,21.4,N,2
21.1059,72.6435,310.9,1.6,1.3,2026-05-01,1531,Terra,MODIS,74,61.03,296.5,19,N,2
21.2234,79.4601,312.5,1.1,1,2026-05-01,1531,Terra,MODIS,80,61.03,297.3,9.3,N,0
21.2595,79.3865,308.4,1.1,1,2026-05-01,1531,Terra,MODIS,64,61.03,297.2,6.5,N,0
21.397,77.0304,312.8,1,1,2026-05-01,1531,Terra,MODIS,74,61.03,302.1,6.6,N,0
21.3983,77.0398,313.2,1,1,2026-05-01,1531,Terra,MODIS,46,61.03,301.9,6.7,N,0
21.42,77.9316,311.7,1,1,2026-05-01,1531,Terra,MODIS,59,61.03,301.2,5.7,N,0
21.4287,77.9303,312.8,1,1,2026-05-01,1531,Terra,MODIS,73,61.03,300.6,6.5,N,0
21.6457,78.241,309.3,1,1,2026-05-01,1531,Terra,MODIS,66,61.03,296,6.4,N,0
21.7463,83.8492,307.7,2.1,1.4,2026-05-01,1531,Terra,MODIS,67,61.03,296.4,16.6,N,2
21.7486,83.8433,310.1,2.1,1.4,2026-05-01,1531,Terra,MODIS,76,61.03,296.5,21.7,N,2
21.7739,75.9965,318.1,1.1,1,2026-05-01,1531,Terra,MODIS,94,61.03,302.3,11.5,N,0
21.8083,76.4862,313.1,1,1,2026-05-01,1531,Terra,MODIS,76,61.03,301.7,6.7,N,0
21.8157,76.4752,314.7,1,1,2026-05-01,1531,Terra,MODIS,83,61.03,301.5,7.7,N,0
21.8953,79.3217,316.6,1.1,1,2026-05-01,1531,Terra,MODIS,93,61.03,295.6,14.7,N,0
21.9005,79.3629,306.2,1.1,1,2026-05-01,1531,Terra,MODIS,45,61.03,295.4,5.3,N,0
21.9162,79.3396,305.8,1.1,1,2026-05-01,1531,Terra,MODIS,57,61.03,294.7,5.3,N,0
22.0358,83.7302,307,2.1,1.4,2026-05-01,1531,Terra,MODIS,66,61.03,296.6,16.2,N,2
22.0805,76.9136,315,1,1,2026-05-01,1531,Terra,MODIS,84,61.03,300.2,8.7,N,0
22.0894,78.1801,324.6,1,1,2026-05-01,1531,Terra,MODIS,100,61.03,300.4,19.7,N,0
22.0907,78.1896,319.3,1,1,2026-05-01,1531,Terra,MODIS,98,61.03,300.3,13.8,N,0
22.0919,78.1991,330.3,1,1,2026-05-01,1531,Terra,MODIS,100,61.03,301.2,26.6,N,0
22.1169,75.0764,326.1,1.1,1.1,2026-05-01,1531,Terra,MODIS,100,61.03,303,22.3,N,0
22.1185,75.087,320.8,1.1,1.1,2026-05-01,1531,Terra,MODIS,100,61.03,302.9,15.6,N,0
22.1429,77.1472,309.6,1,1,2026-05-01,1531,Terra,MODIS,56,61.03,298.2,5.7,N,0
22.1495,79.2973,309.9,1.1,1,2026-05-01,1531,Terra,MODIS,75,61.03,296,8.1,N,0
22.1508,79.3076,306.5,1.1,1,2026-05-01,1531,Terra,MODIS,61,61.03,296.3,5.5,N,0
22.2077,75.0648,323.8,1.1,1.1,2026-05-01,1531,Terra,MODIS,100,61.03,303.1,19.1,N,0
22.2201,79.2656,312.6,1.1,1,2026-05-01,1531,Terra,MODIS,83,61.03,295.4,10.3,N,0
22.2798,75.5388,318.4,1.1,1,2026-05-01,1531,Terra,MODIS,94,61.03,303.2,11.5,N,0
22.294,79.8514,308.2,1.2,1.1,2026-05-01,1531,Terra,MODIS,71,61.03,294.9,7.9,N,0
22.2954,79.8624,310.1,1.2,1.1,2026-05-01,1531,Terra,MODIS,77,61.03,295,9.4,N,0
22.3002,79.8553,310.6,1.2,1.1,2026-05-01,1531,Terra,MODIS,78,61.03,294.9,9.8,N,0
22.3031,79.7213,329.7,1.2,1.1,2026-05-01,1531,Terra,MODIS,100,61.03,297,31.6,N,0
22.3607,79.8019,306.3,1.2,1.1,2026-05-01,1531,Terra,MODIS,63,61.03,295.6,5.9,N,0
22.4033,79.712,309.7,1.2,1.1,2026-05-01,1531,Terra,MODIS,75,61.03,297,7.5,N,0
22.4112,79.8559,324.1,1.2,1.1,2026-05-01,1531,Terra,MODIS,100,61.03,296.3,24.3,N,0
22.4125,79.867,353.9,1.2,1.1,2026-05-01,1531,Terra,MODIS,100,61.03,298.6,86.2,N,0
22.4436,79.8849,307,1.2,1.1,2026-05-01,1531,Terra,MODIS,66,61.03,296.4,5.4,N,0
22.4764,80.2374,307.2,1.2,1.1,2026-05-01,1531,Terra,MODIS,69,61.03,295.8,6.4,N,0
22.5335,79.4291,309.1,1.1,1.1,2026-05-01,1531,Terra,MODIS,69,61.03,294.8,7.7,N,0
22.5533,79.795,314.8,1.2,1.1,2026-05-01,1531,Terra,MODIS,89,61.03,295.7,13.4,N,0
22.5547,79.2233,308.2,1.1,1,2026-05-01,1531,Terra,MODIS,58,61.03,296.7,5.2,N,0
22.5547,79.806,313.9,1.2,1.1,2026-05-01,1531,Terra,MODIS,86,61.03,295.9,12.2,N,0
22.556,79.2336,309.3,1.1,1,2026-05-01,1531,Terra,MODIS,69,61.03,297.1,5.9,N,0
22.7775,77.4113,310.5,1,1,2026-05-01,1531,Terra,MODIS,67,61.03,297.9,6.5,N,0
23.1413,75.5494,312.3,1.1,1,2026-05-01,1531,Terra,MODIS,73,61.03,301.7,6.5,N,0
23.1773,76.8999,313.1,1,1,2026-05-01,1531,Terra,MODIS,78,61.03,299,7.9,N,0
23.2665,75.0872,313.1,1.1,1,2026-05-01,1531,Terra,MODIS,76,61.03,300.8,8.3,N,0
23.2732,77.1196,308.3,1,1,2026-05-01,1531,Terra,MODIS,50,61.03,298.1,5.1,N,0
23.2745,77.1291,310.1,1,1,2026-05-01,1531,Terra,MODIS,64,61.03,298.4,6.3,N,0
23.2891,76.051,311.9,1,1,2026-05-01,1531,Terra,MODIS,73,61.03,301.5,6.5,N,0
23.3542,77.6504,320.6,1,1,2026-05-01,1531,Terra,MODIS,100,61.03,300.1,13.5,N,0
23.3555,77.6599,315.1,1,1,2026-05-01,1531,Terra,MODIS,86,61.03,300.8,8.6,N,0
23.3637,78.0624,308.4,1,1,2026-05-01,1531,Terra,MODIS,50,61.03,297.5,4.4,N,0
23.3719,78.2068,308.2,1,1,2026-05-01,1531,Terra,MODIS,62,61.03,297,5.3,N,0
23.422,77.5359,308.8,1,1,2026-05-01,1531,Terra,MODIS,58,61.03,298.6,4.2,N,0
23.4828,77.2377,315.7,1,1,2026-05-01,1531,Terra,MODIS,88,61.03,299,10.2,N,0
23.489,77.2173,308,1,1,2026-05-01,1531,Terra,MODIS,51,61.03,297.6,4.7,N,0
23.4947,76.9778,308.1,1,1,2026-05-01,1531,Terra,MODIS,52,61.03,298,5.1,N,0
23.5164,77.4852,307.8,1,1,2026-05-01,1531,Terra,MODIS,52,61.03,297,4.8,N,0
23.5245,77.6794,318.9,1,1,2026-05-01,1531,Terra,MODIS,97,61.03,298.6,13.5,N,0
23.5419,77.608,315.3,1,1,2026-05-01,1531,Terra,MODIS,87,61.03,298.3,9.6,N,0
23.5506,77.6066,309.3,1,1,2026-05-01,1531,Terra,MODIS,63,61.03,297.8,5.5,N,0
23.5612,77.2676,310.1,1,1,2026-05-01,1531,Terra,MODIS,66,61.03,297.7,6.3,N,0
23.5977,77.7403,310.6,1,1,2026-05-01,1531,Terra,MODIS,71,61.03,298.1,6.8,N,0
23.8299,78.8346,316,1.1,1,2026-05-01,1531,Terra,MODIS,91,61.03,298.7,12.4,N,0
23.4861,75.8851,313,1,1,2026-05-01,1532,Terra,MODIS,76,61.03,300.4,7,N,0
23.562,76.5423,314.5,1,1,2026-05-01,1532,Terra,MODIS,84,61.03,301.6,7.5,N,0
23.607,76.671,315.5,1,1,2026-05-01,1532,Terra,MODIS,87,61.03,300.9,8.7,N,0
23.6608,76.4611,315.5,1,1,2026-05-01,1532,Terra,MODIS,87,61.03,301.7,8.3,N,0
23.6645,75.5834,316.1,1,1,2026-05-01,1532,Terra,MODIS,88,61.03,300.8,9.9,N,0
23.7387,75.9027,310.5,1,1,2026-05-01,1532,Terra,MODIS,63,61.03,300.2,5.2,N,0
23.7847,77.1603,310.3,1,1,2026-05-01,1532,Terra,MODIS,68,61.03,299.3,6.3,N,0
23.8115,76.1578,311.3,1,1,2026-05-01,1532,Terra,MODIS,70,61.03,300.8,4.9,N,0
23.8495,75.7164,317.3,1,1,2026-05-01,1532,Terra,MODIS,92,61.03,301.2,10.3,N,0
23.9097,79.1015,308.9,1.1,1.1,2026-05-01,1532,Terra,MODIS,70,61.03,297.2,6.9,N,0
23.9111,79.1122,312.5,1.1,1.1,2026-05-01,1532,Terra,MODIS,82,61.03,297.1,10,N,0
23.9172,75.2318,311.2,1.1,1,2026-05-01,1532,Terra,MODIS,62,61.03,301,5.6,N,0
23.9299,78.6768,309.7,1.1,1,2026-05-01,1532,Terra,MODIS,72,61.03,299.3,6.2,N,0
23.9337,77.4947,307.9,1,1,2026-05-01,1532,Terra,MODIS,57,61.03,297.4,5.6,N,0
23.9797,77.3696,307.9,1,1,2026-05-01,1532,Terra,MODIS,56,61.03,296.8,5.3,N,0
23.9846,76.0762,318.4,1,1,2026-05-01,1532,Terra,MODIS,95,61.03,301.6,10.4,N,0
23.9965,76.3499,312.9,1,1,2026-05-01,1532,Terra,MODIS,77,61.03,300.9,6.6,N,0
24.0733,76.8349,315.2,1,1,2026-05-01,1532,Terra,MODIS,86,61.03,298.5,9.6,N,0
24.0921,78.3599,313.3,1.1,1,2026-05-01,1532,Terra,MODIS,83,61.03,298.8,9.5,N,0
24.1243,75.7002,314.9,1,1,2026-05-01,1532,Terra,MODIS,83,61.03,301.3,7.9,N,0
24.1298,75.5412,311.5,1,1,2026-05-01,1532,Terra,MODIS,66,61.03,300.4,5.4,N,0
24.1312,75.5511,312.6,1,1,2026-05-01,1532,Terra,MODIS,72,61.03,300.8,6.2,N,0
24.1611,75.4438,319.8,1,1,2026-05-01,1532,Terra,MODIS,99,61.03,300.9,13.1,N,0
24.2569,77.7799,310.5,1,1,2026-05-01,1532,Terra,MODIS,71,61.03,299.2,6.4,N,0
24.3834,78.1164,311,1,1,2026-05-01,1532,Terra,MODIS,75,61.03,298.8,6.9,N,0
24.3848,78.2036,310.4,1,1,2026-05-01,1532,Terra,MODIS,72,61.03,297.9,6.7,N,0
24.3924,78.115,308.9,1,1,2026-05-01,1532,Terra,MODIS,66,61.03,298.7,5.4,N,0
24.4982,78.7334,309.5,1.1,1,2026-05-01,1532,Terra,MODIS,70,61.03,298.5,6.7,N,0
24.5192,78.8268,309.5,1.1,1,2026-05-01,1532,Terra,MODIS,69,61.03,298.1,7.1,N,0
24.8294,76.4266,315.1,1,1,2026-05-01,1532,Terra,MODIS,86,61.03,301,8.8,N,0
24.8318,77.4018,317,1,1,2026-05-01,1532,Terra,MODIS,92,61.03,299.3,11.8,N,0
24.8331,77.4115,309,1,1,2026-05-01,1532,Terra,MODIS,65,61.03,298,5.5,N,0
24.8381,76.4251,323.1,1,1,2026-05-01,1532,Terra,MODIS,100,61.03,300.1,16.3,N,0
24.8744,77.2998,322.1,1,1,2026-05-01,1532,Terra,MODIS,100,61.03,298.4,16.6,N,0
24.8973,76.9842,316.6,1,1,2026-05-01,1532,Terra,MODIS,91,61.03,298.4,11.8,N,0
24.8986,76.9939,309.2,1,1,2026-05-01,1532,Terra,MODIS,65,61.03,299.2,6,N,0
24.9395,76.3624,317.6,1,1,2026-05-01,1532,Terra,MODIS,94,61.03,300.2,11.8,N,0
24.9429,76.4504,318.8,1,1,2026-05-01,1532,Terra,MODIS,97,61.03,299.8,13.1,N,0
24.9726,77.2775,315,1,1,2026-05-01,1532,Terra,MODIS,87,61.03,298.5,9.1,N,0
24.9866,77.3148,308.4,1,1,2026-05-01,1532,Terra,MODIS,33,61.03,298,4.2,N,0
25.0055,77.3216,309.2,1,1,2026-05-01,1532,Terra,MODIS,66,61.03,298.3,5.2,N,0
25.0388,73.1982,316.2,1.3,1.1,2026-05-01,1532,Terra,MODIS,88,61.03,299.7,13.8,N,0
25.1702,76.0967,313.2,1,1,2026-05-01,1532,Terra,MODIS,81,61.03,297.3,9.1,N,0
25.2156,76.9622,313.1,1,1,2026-05-01,1532,Terra,MODIS,82,61.03,299.5,8.4,N,0
25.2687,77.6304,307.1,1,1,2026-05-01,1532,Terra,MODIS,54,61.03,296.7,5.1,N,0
25.3159,77.0872,309.1,1,1,2026-05-01,1532,Terra,MODIS,68,61.03,298.4,5.4,N,0
25.3273,75.8383,306.9,1,1,2026-05-01,1532,Terra,MODIS,50,61.03,296.8,4.9,N,0
25.4196,76.4954,307.2,1,1,2026-05-01,1532,Terra,MODIS,56,61.03,297.1,5,N,0
25.5408,78.3189,308.8,1.1,1,2026-05-01,1532,Terra,MODIS,64,61.03,298.7,6.1,N,0
25.6549,79.1743,310.9,1.2,1.1,2026-05-01,1532,Terra,MODIS,75,61.03,299.3,9,N,0
25.6796,75.9708,317.7,1,1,2026-05-01,1532,Terra,MODIS,94,61.03,301.1,11.4,N,0
25.9009,78.0375,308.6,1.1,1,2026-05-01,1532,Terra,MODIS,65,61.03,297.3,5.9,N,0
28.4294,68.1333,314.8,2.4,1.5,2026-05-01,1533,Terra,MODIS,86,61.03,299.2,30.4,N,0
28.4314,68.1508,325.3,2.4,1.5,2026-05-01,1533,Terra,MODIS,100,61.03,299.3,67.9,N,0
28.4339,68.1567,320.3,2.4,1.5,2026-05-01,1533,Terra,MODIS,100,61.03,299.1,48.2,N,0
22.1863,75.7587,315.4,1.2,1.1,2026-05-01,2244,Aqua,MODIS,90,61.03,298.5,14.8,N,0
22.9281,70.1043,314.5,1.2,1.1,2026-05-01,2244,Aqua,MODIS,88,61.03,299.5,12.7,N,0
23.7143,78.5836,303.5,1.8,1.3,2026-05-01,2244,Aqua,MODIS,55,61.03,292.9,8.6,N,0
23.7149,78.5734,305.9,1.8,1.3,2026-05-01,2244,Aqua,MODIS,66,61.03,293.1,12.5,N,0
23.7173,78.5671,303.4,1.8,1.3,2026-05-01,2244,Aqua,MODIS,54,61.03,293.3,8.4,N,0
21.1048,72.6428,331.3,1,1,2026-05-01,2245,Aqua,MODIS,100,61.03,298.9,0,N,2
21.1062,72.6335,322.7,1,1,2026-05-01,2245,Aqua,MODIS,92,61.03,298.4,0,N,2
21.7415,71.1391,308.8,1.1,1,2026-05-01,2245,Aqua,MODIS,70,61.03,297.7,7,N,0
15.2313,79.1132,302,3,1.6,2026-05-01,2246,Aqua,MODIS,46,61.03,288.4,14,N,0
30.2505,75.3557,320.6,2.7,1.6,2026-05-02,336,Terra,MODIS,68,61.03,301.7,25.5,D,0
30.371,75.4082,319.9,2.7,1.6,2026-05-02,336,Terra,MODIS,67,61.03,301,23.3,D,0
25.9369,81.1142,323.3,1.1,1,2026-05-02,337,Terra,MODIS,70,61.03,301.2,11.4,D,0
26.2557,79.8206,321.6,1.2,1.1,2026-05-02,337,Terra,MODIS,63,61.03,302.8,10.4,D,0
26.282,80.8594,317,1.1,1,2026-05-02,337,Terra,MODIS,52,61.03,299.7,6.2,D,0
27.0697,79.312,318,1.3,1.1,2026-05-02,337,Terra,MODIS,60,61.03,299.1,10.8,D,0
27.1079,80.201,320.8,1.2,1.1,2026-05-02,337,Terra,MODIS,71,61.03,300.6,12,D,0
29.0027,79.938,317.7,1.3,1.1,2026-05-02,337,Terra,MODIS,60,61.03,296.7,10.6,D,0
21.9185,83.3533,320.6,1.1,1,2026-05-02,338,Terra,MODIS,63,61.03,304,7,D,2
22.0358,83.7358,322.1,1.1,1,2026-05-02,338,Terra,MODIS,70,61.03,302,10.5,D,2
22.0679,81.8927,320.2,1,1,2026-05-02,338,Terra,MODIS,60,61.03,304.3,6.4,D,0
22.4644,79.6673,326.6,1.1,1.1,2026-05-02,338,Terra,MODIS,70,61.03,307.5,10.8,D,0
22.4682,79.7615,326.7,1.1,1.1,2026-05-02,338,Terra,MODIS,70,61.03,307.7,10.1,D,0
22.4702,80.2495,325.7,1.1,1,2026-05-02,338,Terra,MODIS,67,61.03,307.5,9.9,D,0
22.4799,79.8173,324,1.1,1.1,2026-05-02,338,Terra,MODIS,63,61.03,307,6.5,D,0
22.502,80.425,323.5,1.1,1,2026-05-02,338,Terra,MODIS,52,61.03,306.2,8.9,D,0
22.5373,80.0134,337.1,1.1,1,2026-05-02,338,Terra,MODIS,84,61.03,307.8,26.4,D,0
23.2251,75.4168,319.5,2.2,1.4,2026-05-02,338,Terra,MODIS,46,61.03,300.4,17.9,D,0
23.2257,75.4231,321.2,2.2,1.4,2026-05-02,338,Terra,MODIS,56,61.03,300.5,22.3,D,0
23.2749,79.3431,322.3,1.2,1.1,2026-05-02,338,Terra,MODIS,60,61.03,304.6,8.1,D,0
23.6502,79.1965,353.5,1.2,1.1,2026-05-02,338,Terra,MODIS,96,61.03,307.9,74.7,D,0
23.6545,77.4732,325.7,1.6,1.2,2026-05-02,338,Terra,MODIS,64,61.03,307.4,13.8,D,0
23.7777,86.2157,311.6,1.4,1.2,2026-05-02,338,Terra,MODIS,47,61.03,296.6,7.2,D,2
23.8793,77.7849,330,1.5,1.2,2026-05-02,338,Terra,MODIS,74,61.03,306.9,21.3,D,0
23.8831,77.7916,328.5,1.5,1.2,2026-05-02,338,Terra,MODIS,72,61.03,307.1,17.6,D,0
23.9009,78.8882,328.6,1.3,1.1,2026-05-02,338,Terra,MODIS,74,61.03,307.7,15.3,D,0
24.0471,78.1563,324.4,1.4,1.2,2026-05-02,338,Terra,MODIS,63,61.03,306.3,12.4,D,0
24.0609,77.7022,324.2,1.5,1.2,2026-05-02,338,Terra,MODIS,62,61.03,306.1,12.2,D,0
24.168,79.6259,337,1.2,1.1,2026-05-02,338,Terra,MODIS,84,61.03,307.3,31.9,D,0
24.2046,82.7108,321,1,1,2026-05-02,338,Terra,MODIS,62,61.03,304.3,6.9,D,0
24.2223,78.8432,324.8,1.3,1.1,2026-05-02,338,Terra,MODIS,60,61.03,305.5,11.4,D,0
24.3702,77.6149,325.7,1.6,1.2,2026-05-02,338,Terra,MODIS,63,61.03,309.6,12.6,D,0
24.4189,78.7264,328.9,1.3,1.1,2026-05-02,338,Terra,MODIS,71,61.03,309.2,15.3,D,0
24.4207,78.7199,326,1.3,1.1,2026-05-02,338,Terra,MODIS,56,61.03,309.7,10.6,D,0
24.5612,78.1278,330.7,1.5,1.2,2026-05-02,338,Terra,MODIS,75,61.03,310.3,22.4,D,0
24.8131,77.0944,325.4,1.7,1.3,2026-05-02,338,Terra,MODIS,64,61.03,308.6,16.5,D,0
24.873,77.1757,326.1,1.7,1.3,2026-05-02,338,Terra,MODIS,67,61.03,308.4,17.4,D,0
24.8743,77.1698,325.8,1.7,1.3,2026-05-02,338,Terra,MODIS,56,61.03,308.5,16.8,D,0
25.2742,75.9786,325.8,2.1,1.4,2026-05-02,338,Terra,MODIS,34,61.03,303.1,26.7,D,0
25.2757,75.9857,323.4,2.1,1.4,2026-05-02,338,Terra,MODIS,46,61.03,303.2,21.3,D,0
25.2777,75.965,322.4,2.1,1.4,2026-05-02,338,Terra,MODIS,37,61.03,302.4,19.4,D,0
25.5512,81.1761,321,1.1,1,2026-05-02,338,Terra,MODIS,62,61.03,302.6,7.5,D,0
25.5814,78.7169,325.1,1.4,1.2,2026-05-02,338,Terra,MODIS,58,61.03,308.3,11,D,0
25.6389,79.4426,322.1,1.3,1.1,2026-05-02,338,Terra,MODIS,59,61.03,306.4,9.6,D,0
25.6403,79.4303,324,1.3,1.1,2026-05-02,338,Terra,MODIS,65,61.03,305.4,13.1,D,0
18.9572,77.7977,324.2,1.3,1.1,2026-05-02,339,Terra,MODIS,64,61.03,308.3,9.7,D,0
19.0228,79.9258,321,1,1,2026-05-02,339,Terra,MODIS,36,61.03,302.5,7,D,0
19.2458,78.8097,320.7,1.2,1.1,2026-05-02,339,Terra,MODIS,32,61.03,304.5,7.8,D,0
19.2472,78.799,325.8,1.2,1.1,2026-05-02,339,Terra,MODIS,66,61.03,304.9,14,D,0
19.3946,79.767,320.5,1.1,1,2026-05-02,339,Terra,MODIS,35,61.03,303.7,6.9,D,0
19.5727,78.4136,327.4,1.2,1.1,2026-05-02,339,Terra,MODIS,65,61.03,312,11.5,D,0
19.6025,79.3085,327.1,1.1,1,2026-05-02,339,Terra,MODIS,43,61.03,308.7,7.9,D,0
19.6131,79.2995,328.3,1.1,1.1,2026-05-02,339,Terra,MODIS,60,61.03,308.3,9.2,D,0
19.6144,79.2893,327.3,1.1,1.1,2026-05-02,339,Terra,MODIS,49,61.03,309.1,8.1,D,0
19.9583,78.3506,327.4,1.2,1.1,2026-05-02,339,Terra,MODIS,61,61.03,311.3,11,D,0
20.7006,79.4983,327.7,1.1,1.1,2026-05-02,339,Terra,MODIS,69,61.03,310.4,8.3,D,0
20.9629,85.1843,323,1.3,1.1,2026-05-02,339,Terra,MODIS,70,61.03,301.5,15.3,D,2
20.9649,85.172,326.8,1.3,1.1,2026-05-02,339,Terra,MODIS,78,61.03,301.7,21,D,2
20.9667,86.0148,320.8,1.5,1.2,2026-05-02,339,Terra,MODIS,61,61.03,303.5,14.9,D,2
21.0796,85.0369,318.1,1.3,1.1,2026-05-02,339,Terra,MODIS,65,61.03,301.6,10.3,D,2
21.2217,81.2253,322.1,1,1,2026-05-02,339,Terra,MODIS,56,61.03,305.2,6.7,D,0
21.5393,81.2709,333,1,1,2026-05-02,339,Terra,MODIS,80,61.03,308.8,15.4,D,0
21.543,81.6273,334.1,1,1,2026-05-02,339,Terra,MODIS,81,61.03,308.4,20,D,0
21.7414,83.845,323.6,1.1,1,2026-05-02,339,Terra,MODIS,74,61.03,301.5,13.3,D,2
21.8496,76.1204,325.7,1.9,1.3,2026-05-02,339,Terra,MODIS,65,61.03,304.5,18.8,D,0
22.1647,79.329,331.1,1.2,1.1,2026-05-02,339,Terra,MODIS,78,61.03,309.3,16.9,D,0
22.1809,79.6516,328.6,1.1,1.1,2026-05-02,339,Terra,MODIS,74,61.03,307.8,14,D,0
22.7081,75.1343,322.1,2.3,1.5,2026-05-02,339,Terra,MODIS,64,61.03,304,20.4,D,0
15.0684,78.5245,326.2,1.1,1,2026-05-02,340,Terra,MODIS,66,61.03,306.1,10.2,D,0
15.1176,78.1629,326.5,1.1,1.1,2026-05-02,340,Terra,MODIS,68,61.03,307.5,12.2,D,0
15.1244,78.16,326.9,1.1,1.1,2026-05-02,340,Terra,MODIS,67,61.03,307.7,11.1,D,0
15.1257,78.2225,325.7,1.1,1.1,2026-05-02,340,Terra,MODIS,67,61.03,308.2,10.2,D,0
15.1511,78.1741,331.2,1.1,1.1,2026-05-02,340,Terra,MODIS,77,61.03,308.3,17.7,D,0
15.1524,78.1638,344.6,1.1,1.1,2026-05-02,340,Terra,MODIS,90,61.03,309,43.3,D,0
15.1659,78.1343,327.5,1.1,1.1,2026-05-02,340,Terra,MODIS,67,61.03,307.1,13.5,D,0
15.2783,78.1243,321.9,1.1,1.1,2026-05-02,340,Terra,MODIS,56,61.03,305.4,7.1,D,0
15.3762,79.2365,321.5,1,1,2026-05-02,340,Terra,MODIS,57,61.03,305.6,6.8,D,0
15.3888,78.5337,321.2,1.1,1,2026-05-02,340,Terra,MODIS,51,61.03,304.4,7.1,D,0
15.4007,79.1247,320,1,1,2026-05-02,340,Terra,MODIS,44,61.03,303.2,6.4,D,0
15.5242,78.8265,327.5,1.1,1,2026-05-02,340,Terra,MODIS,72,61.03,300,17.2,D,0
15.5654,78.4485,323.6,1.1,1.1,2026-05-02,340,Terra,MODIS,64,61.03,303.6,10.6,D,0
15.7181,78.5437,321.2,1.1,1,2026-05-02,340,Terra,MODIS,55,61.03,301.2,8.9,D,0
15.8565,78.4773,329.7,1.1,1.1,2026-05-02,340,Terra,MODIS,76,61.03,304.2,16.3,D,0
16.1335,80.4792,319.8,1,1,2026-05-02,340,Terra,MODIS,59,61.03,301.4,5.9,D,0
16.3366,80.0933,321.4,1,1,2026-05-02,340,Terra,MODIS,64,61.03,300.8,8.3,D,0
16.4838,78.4628,320,1.1,1.1,2026-05-02,340,Terra,MODIS,54,61.03,301.5,8.2,D,0
16.531,80.0219,320.6,1,1,2026-05-02,340,Terra,MODIS,64,61.03,299.3,7.5,D,0
16.6823,80.1158,320.3,1,1,2026-05-02,340,Terra,MODIS,54,61.03,300.6,6.4,D,0
16.7091,78.2189,321.7,1.2,1.1,2026-05-02,340,Terra,MODIS,55,61.03,304.8,8.7,D,0
16.8121,80.503,316.6,1,1,2026-05-02,340,Terra,MODIS,57,61.03,295.7,6.5,D,2
16.8268,80.2716,315.2,1,1,2026-05-02,340,Terra,MODIS,46,61.03,294.3,5.1,D,0
16.9233,80.5135,321.3,1,1,2026-05-02,340,Terra,MODIS,70,61.03,295,10.1,D,0
17.3754,80.3059,314.3,1,1,2026-05-02,340,Terra,MODIS,36,61.03,291.7,4.7,D,0
17.4955,79.7106,318.4,1,1,2026-05-02,340,Terra,MODIS,59,61.03,298.3,6.3,D,0
17.7461,80.3579,314.6,1,1,2026-05-02,340,Terra,MODIS,43,61.03,292.1,4.5,D,0
17.863,78.6856,323,1.1,1.1,2026-05-02,340,Terra,MODIS,56,61.03,305.7,11.4,D,0
17.8878,80.2116,319.6,1,1,2026-05-02,340,Terra,MODIS,64,61.03,295,8.2,D,0
18.0223,79.9024,317.1,1,1,2026-05-02,340,Terra,MODIS,42,61.03,298.1,5.9,D,0
18.0391,79.7786,318.3,1,1,2026-05-02,340,Terra,MODIS,57,61.03,298,6.6,D,0
18.0404,79.7691,326.2,1,1,2026-05-02,340,Terra,MODIS,75,61.03,298.6,15.4,D,0
18.4792,78.8251,323.9,1.1,1.1,2026-05-02,340,Terra,MODIS,62,61.03,307.1,9.8,D,0
18.4937,77.2556,325,1.4,1.2,2026-05-02,340,Terra,MODIS,63,61.03,308.7,11.6,D,0
18.7398,78.1508,321.6,1.2,1.1,2026-05-02,340,Terra,MODIS,52,61.03,307,9.5,D,0
18.7579,77.8439,326.2,1.3,1.1,2026-05-02,340,Terra,MODIS,68,61.03,307.9,12,D,0
13.5497,80.147,312.2,1,1,2026-05-02,341,Terra,MODIS,53,61.03,298.8,6.6,D,3
13.8367,79.2983,320.4,1,1,2026-05-02,341,Terra,MODIS,62,61.03,301.2,9,D,0
13.8582,79.2735,320.2,1,1,2026-05-02,341,Terra,MODIS,57,61.03,301.5,8,D,0
13.8642,79.3084,321.2,1,1,2026-05-02,341,Terra,MODIS,62,61.03,301.4,8.1,D,0
14.2024,79.974,319.3,1,1,2026-05-02,341,Terra,MODIS,46,61.03,301.5,7.2,D,0
14.2893,79.4227,322.7,1,1,2026-05-02,341,Terra,MODIS,48,61.03,302.2,10.3,D,0
14.297,79.4327,320.7,1,1,2026-05-02,341,Terra,MODIS,21,61.03,303.3,7.5,D,0
14.3183,79.4231,322.6,1,1,2026-05-02,341,Terra,MODIS,46,61.03,304.4,8.8,D,0
14.3195,79.4142,330.4,1,1,2026-05-02,341,Terra,MODIS,78,61.03,304.5,18.1,D,0
14.3309,79.3973,318.7,1,1,2026-05-02,341,Terra,MODIS,27,61.03,303.5,5.9,D,0
14.6544,79.8496,322.4,1,1,2026-05-02,341,Terra,MODIS,59,61.03,305.1,6.6,D,0
14.7721,79.2683,333.9,1,1,2026-05-02,341,Terra,MODIS,81,61.03,307.2,21.5,D,0
14.8651,78.663,323.2,1.1,1,2026-05-02,341,Terra,MODIS,56,61.03,305.1,9.5,D,0
14.8664,78.6533,334.5,1.1,1,2026-05-02,341,Terra,MODIS,81,61.03,306.4,24.9,D,0
14.9067,79.1672,322.6,1,1,2026-05-02,341,Terra,MODIS,55,61.03,305.6,9.6,D,0
14.908,79.1582,321.4,1,1,2026-05-02,341,Terra,MODIS,46,61.03,305.4,8.5,D,0
14.9574,77.8426,323.2,1.2,1.1,2026-05-02,341,Terra,MODIS,61,61.03,305.1,9.6,D,0
14.9697,77.8228,321.9,1.2,1.1,2026-05-02,341,Terra,MODIS,43,61.03,305.8,8,D,0
15.012,78.5267,325.3,1.1,1,2026-05-02,341,Terra,MODIS,65,61.03,307.8,7.5,D,0
10.3832,77.4149,313.9,1.1,1,2026-05-02,342,Terra,MODIS,46,61.03,296.4,5.9,D,0
10.7445,79.0506,318.2,1,1,2026-05-02,342,Terra,MODIS,56,61.03,297.6,5.8,D,0
11.0169,79.017,319.6,1,1,2026-05-02,342,Terra,MODIS,56,61.03,298,6.1,D,0
13.9766,76.96,325.3,2.7,1.6,2026-05-02,935,Aqua,MODIS,68,61.03,306.6,31.2,D,0
14.3227,79.4055,320.7,1.7,1.3,2026-05-02,935,Aqua,MODIS,32,61.03,300.1,11.5,D,0
14.359,78.7339,328.7,1.9,1.4,2026-05-02,935,Aqua,MODIS,70,61.03,306.7,27.1,D,0
16.0416,80.2964,326.8,1.4,1.2,2026-05-02,936,Aqua,MODIS,69,61.03,303.8,10.8,D,0
16.2172,80.4236,327.9,1.4,1.2,2026-05-02,936,Aqua,MODIS,73,61.03,304.8,15.6,D,2
16.3197,80.1125,324.4,1.4,1.2,2026-05-02,936,Aqua,MODIS,51,61.03,303.3,10.1,D,0
16.3218,80.1251,324.4,1.4,1.2,2026-05-02,936,Aqua,MODIS,54,61.03,303.1,10.7,D,0
16.3772,80.58,331.6,1.3,1.1,2026-05-02,936,Aqua,MODIS,77,61.03,305.6,20.3,D,0
16.3792,80.5918,328.8,1.3,1.1,2026-05-02,936,Aqua,MODIS,61,61.03,305.2,15.9,D,0
16.4879,80.7455,326.1,1.3,1.1,2026-05-02,936,Aqua,MODIS,71,61.03,305.2,10.8,D,0
16.6312,81.3225,319.4,1.2,1.1,2026-05-02,936,Aqua,MODIS,54,61.03,301,11.2,D,0
16.9473,80.3555,326.6,1.3,1.1,2026-05-02,936,Aqua,MODIS,62,61.03,306.1,13,D,0
16.9528,79.8886,325.3,1.4,1.2,2026-05-02,936,Aqua,MODIS,67,61.03,302.3,14.3,D,0
17.0452,80.1381,326.4,1.4,1.2,2026-05-02,936,Aqua,MODIS,70,61.03,304.9,14.1,D,0
17.2348,80.2849,325.7,1.3,1.1,2026-05-02,936,Aqua,MODIS,52,61.03,303.1,11.6,D,0
17.3701,81.4267,317.4,1.1,1.1,2026-05-02,936,Aqua,MODIS,45,61.03,300,7.9,D,0
17.4208,81.6272,323,1.1,1.1,2026-05-02,936,Aqua,MODIS,60,61.03,300,13.5,D,0
17.4224,81.6373,320.7,1.1,1.1,2026-05-02,936,Aqua,MODIS,64,61.03,298.4,11,D,0
17.4623,81.6045,317.2,1.1,1.1,2026-05-02,936,Aqua,MODIS,46,61.03,298.8,6.2,D,0
17.5105,81.7303,331.3,1.1,1,2026-05-02,936,Aqua,MODIS,81,61.03,299.9,25.6,D,0
17.5139,79.8542,325.5,1.4,1.2,2026-05-02,936,Aqua,MODIS,66,61.03,305.5,12.5,D,0
17.5146,81.6373,316.4,1.1,1.1,2026-05-02,936,Aqua,MODIS,33,61.03,299,6.8,D,0
17.5559,81.6612,317.3,1.1,1.1,2026-05-02,936,Aqua,MODIS,52,61.03,299.2,8.1,D,0
17.6056,83.2038,318.2,1,1,2026-05-02,936,Aqua,MODIS,57,61.03,300.1,7,D,2
17.6458,83.2094,319.8,1,1,2026-05-02,936,Aqua,MODIS,69,61.03,299.6,9.3,D,0
17.7688,82.8566,317.2,1,1,2026-05-02,936,Aqua,MODIS,63,61.03,300.1,6.2,D,0
17.8174,81.7928,322.1,1.1,1,2026-05-02,936,Aqua,MODIS,52,61.03,296.4,14.7,D,0
17.8892,81.7222,318.2,1.1,1,2026-05-02,936,Aqua,MODIS,57,61.03,301.1,7.4,D,0
17.9093,80.0013,332.1,1.4,1.2,2026-05-02,936,Aqua,MODIS,78,61.03,305.9,25.9,D,0
17.9141,79.7899,330.3,1.4,1.2,2026-05-02,936,Aqua,MODIS,75,61.03,304.4,22.7,D,0
18.0363,80.5756,329.2,1.2,1.1,2026-05-02,936,Aqua,MODIS,73,61.03,306.8,15.4,D,0
18.1453,81.9989,321.3,1.1,1,2026-05-02,936,Aqua,MODIS,46,61.03,300,8.3,D,0
18.1659,81.8877,322.6,1.1,1,2026-05-02,936,Aqua,MODIS,38,61.03,304.4,7.4,D,0
18.4791,80.4705,327.8,1.2,1.1,2026-05-02,936,Aqua,MODIS,61,61.03,308.5,9,D,0
18.7875,83.8163,314.9,1,1,2026-05-02,936,Aqua,MODIS,36,61.03,300,4,D,0
19.097,82.166,327,1,1,2026-05-02,936,Aqua,MODIS,70,61.03,309.4,11.2,D,2
19.1883,80.906,328.5,1.2,1.1,2026-05-02,936,Aqua,MODIS,73,61.03,304.5,20.4,D,0
19.1896,81.1525,362.9,1.1,1.1,2026-05-02,936,Aqua,MODIS,100,61.03,307.1,98.2,D,0
19.1899,80.9162,321.6,1.2,1.1,2026-05-02,936,Aqua,MODIS,29,61.03,305,10.6,D,0
19.1912,81.1627,341.2,1.1,1.1,2026-05-02,936,Aqua,MODIS,88,61.03,304.5,40.2,D,0
19.1971,81.1405,319.6,1.1,1.1,2026-05-02,936,Aqua,MODIS,25,61.03,304,7.8,D,0
19.2063,81.1389,327.5,1.1,1.1,2026-05-02,936,Aqua,MODIS,72,61.03,304.9,17.3,D,0
19.2165,80.5058,324.9,1.2,1.1,2026-05-02,936,Aqua,MODIS,58,61.03,307.6,10.2,D,0
19.2252,81.1988,325,1.1,1.1,2026-05-02,936,Aqua,MODIS,67,61.03,305.1,13,D,0
19.3892,80.9443,329.3,1.1,1.1,2026-05-02,936,Aqua,MODIS,72,61.03,305.1,21.2,D,0
19.6828,82.98,349.4,1,1,2026-05-02,936,Aqua,MODIS,94,61.03,300.7,52.2,D,0
19.6842,82.9892,332.3,1,1,2026-05-02,936,Aqua,MODIS,83,61.03,304,22.5,D,0
19.2515,78.8082,326.5,1.5,1.2,2026-05-02,937,Aqua,MODIS,24,61.03,305.8,18.3,D,0
19.2856,80.0365,328.5,1.3,1.1,2026-05-02,937,Aqua,MODIS,57,61.03,313.3,10.8,D,0
19.4655,79.8811,326.1,1.3,1.1,2026-05-02,937,Aqua,MODIS,51,61.03,310.4,9,D,0
19.6388,79.3742,335.8,1.4,1.2,2026-05-02,937,Aqua,MODIS,75,61.03,314.9,27.2,D,0
19.845,80.792,360.1,1.1,1.1,2026-05-02,937,Aqua,MODIS,100,61.03,309.8,90.7,D,0
19.9122,80.8554,344.5,1.1,1.1,2026-05-02,937,Aqua,MODIS,89,61.03,308.5,47.2,D,0
19.9215,80.8539,345.2,1.1,1.1,2026-05-02,937,Aqua,MODIS,90,61.03,309.6,48.4,D,0
20.1135,80.1689,326,1.2,1.1,2026-05-02,937,Aqua,MODIS,26,61.03,311.7,7.1,D,0
20.1779,82.2633,325.8,1,1,2026-05-02,937,Aqua,MODIS,46,61.03,311.9,9.7,D,0
20.1852,79.7456,329.8,1.3,1.1,2026-05-02,937,Aqua,MODIS,66,61.03,312,17,D,0
20.2743,79.5985,327.1,1.3,1.1,2026-05-02,937,Aqua,MODIS,34,61.03,310.8,14.7,D,0
20.4284,79.5322,333.3,1.3,1.1,2026-05-02,937,Aqua,MODIS,47,61.03,312.7,24.7,D,0
20.4498,82.4822,325.5,1,1,2026-05-02,937,Aqua,MODIS,33,61.03,310,6.9,D,0
20.4512,82.4915,351,1,1,2026-05-02,937,Aqua,MODIS,95,61.03,312.5,48.9,D,0
20.4526,82.5008,344.1,1,1,2026-05-02,937,Aqua,MODIS,90,61.03,310.2,34.5,D,0
20.46,82.49,325.3,1,1,2026-05-02,937,Aqua,MODIS,41,61.03,309,6.8,D,0
20.5892,79.6256,332.7,1.3,1.1,2026-05-02,937,Aqua,MODIS,42,61.03,314.8,19.5,D,0
20.7345,79.7016,327.9,1.3,1.1,2026-05-02,937,Aqua,MODIS,42,61.03,311.9,15.2,D,0
20.7692,82.941,331.8,1,1,2026-05-02,937,Aqua,MODIS,73,61.03,312.9,13.3,D,0
20.8669,78.6089,332.7,1.5,1.2,2026-05-02,937,Aqua,MODIS,72,61.03,315.4,14.8,D,0
21.2185,83.2408,332,1,1,2026-05-02,937,Aqua,MODIS,79,61.03,312.1,14.1,D,0
21.2532,82.6412,331.2,1,1,2026-05-02,937,Aqua,MODIS,76,61.03,309.1,16.1,D,0
21.7387,83.8417,331.1,1,1,2026-05-02,937,Aqua,MODIS,74,61.03,312.5,14,D,0
21.7475,83.8402,328.7,1,1,2026-05-02,937,Aqua,MODIS,55,61.03,312.5,10,D,2
21.9112,79.3289,327,1.3,1.1,2026-05-02,937,Aqua,MODIS,36,61.03,311.6,9.5,D,0
22.0086,79.3524,328.6,1.3,1.1,2026-05-02,937,Aqua,MODIS,53,61.03,312.6,9.4,D,0
22.0379,83.7286,329.2,1,1,2026-05-02,937,Aqua,MODIS,69,61.03,315.9,12.8,D,2
22.1531,78.7532,327.1,1.4,1.2,2026-05-02,937,Aqua,MODIS,57,61.03,309.7,11.9,D,0
22.1788,79.4589,330.7,1.3,1.1,2026-05-02,937,Aqua,MODIS,77,61.03,315,12.2,D,0
22.1806,79.289,342.7,1.3,1.1,2026-05-02,937,Aqua,MODIS,89,61.03,317,36.5,D,0
22.1958,79.0037,331.3,1.3,1.1,2026-05-02,937,Aqua,MODIS,76,61.03,315.6,14.5,D,0
22.2411,79.3921,331.2,1.3,1.1,2026-05-02,937,Aqua,MODIS,67,61.03,314.1,15.3,D,0
22.328,79.5366,338.9,1.2,1.1,2026-05-02,937,Aqua,MODIS,79,61.03,310.5,36.9,D,0
22.4758,79.8034,330.1,1.2,1.1,2026-05-02,937,Aqua,MODIS,57,61.03,310.6,16.5,D,0
23.7369,83.3298,327.9,1,1,2026-05-02,938,Aqua,MODIS,73,61.03,310.1,12,D,0
24.0078,82.9685,326.9,1,1,2026-05-02,938,Aqua,MODIS,68,61.03,310.6,6.8,D,0
24.0696,75.808,330.3,2,1.4,2026-05-02,938,Aqua,MODIS,70,61.03,313.4,24.1,D,0
24.2086,78.8261,341.5,1.3,1.1,2026-05-02,938,Aqua,MODIS,86,61.03,305.4,44.6,D,0
24.2521,79.767,338,1.1,1.1,2026-05-02,938,Aqua,MODIS,82,61.03,314,26,D,0
24.2538,79.7777,327.5,1.1,1.1,2026-05-02,938,Aqua,MODIS,62,61.03,312.9,8.9,D,0
24.4387,81.058,339,1,1,2026-05-02,938,Aqua,MODIS,84,61.03,313.4,23.4,D,0
24.4428,78.9967,324.6,1.2,1.1,2026-05-02,938,Aqua,MODIS,60,61.03,307.3,11,D,0
24.4523,78.9947,329.4,1.2,1.1,2026-05-02,938,Aqua,MODIS,72,61.03,307.3,18.1,D,0
24.4682,80.2994,328,1.1,1,2026-05-02,938,Aqua,MODIS,67,61.03,312.9,9.3,D,0
24.4698,80.3096,328.5,1.1,1,2026-05-02,938,Aqua,MODIS,68,61.03,312.8,9.8,D,0
24.4772,80.2977,327,1.1,1,2026-05-02,938,Aqua,MODIS,49,61.03,312.4,7.3,D,0
24.5025,78.979,324.4,1.2,1.1,2026-05-02,938,Aqua,MODIS,60,61.03,307.2,10.8,D,0
24.5241,80.7735,330.1,1,1,2026-05-02,938,Aqua,MODIS,71,61.03,310.4,12.9,D,0
24.5807,80.6041,327.1,1,1,2026-05-02,938,Aqua,MODIS,61,61.03,310.3,7.7,D,0
24.705,80.6864,331.6,1,1,2026-05-02,938,Aqua,MODIS,75,61.03,311.8,13.9,D,0
25.0286,84.1496,327.4,1.1,1.1,2026-05-02,938,Aqua,MODIS,68,61.03,306.3,9.5,D,0
25.0476,83.8165,326,1.1,1,2026-05-02,938,Aqua,MODIS,59,61.03,305.9,9.1,D,0
25.0654,76.4401,333.1,1.7,1.3,2026-05-02,938,Aqua,MODIS,76,61.03,310.1,27.3,D,0
25.0998,77.074,332,1.6,1.2,2026-05-02,938,Aqua,MODIS,76,61.03,310.7,17.8,D,0
25.1025,77.0889,330.9,1.6,1.2,2026-05-02,938,Aqua,MODIS,68,61.03,309.9,15.1,D,0
25.1374,73.4364,328.2,2.9,1.6,2026-05-02,938,Aqua,MODIS,64,61.03,311.5,46.4,D,0
25.1621,83.909,326.4,1.1,1,2026-05-02,938,Aqua,MODIS,65,61.03,306.4,7.7,D,2
25.2158,83.6281,328.7,1.1,1,2026-05-02,938,Aqua,MODIS,71,61.03,306.4,12.6,D,0
25.2843,76.9423,331.7,1.6,1.2,2026-05-02,938,Aqua,MODIS,76,61.03,312.8,18.8,D,0
25.4218,85.7115,321.8,1.4,1.2,2026-05-02,938,Aqua,MODIS,65,61.03,302.8,10,D,0
25.4762,83.6402,322.1,1.1,1,2026-05-02,938,Aqua,MODIS,58,61.03,304,7.1,D,0
25.6413,81.1618,326.4,1,1,2026-05-02,938,Aqua,MODIS,65,61.03,307.8,7.9,D,0
25.7215,80.0743,326.9,1.1,1,2026-05-02,938,Aqua,MODIS,60,61.03,305.6,9.6,D,0
25.7304,80.0725,330.1,1.1,1,2026-05-02,938,Aqua,MODIS,75,61.03,306.5,13,D,0
25.8137,80.6653,324.9,1,1,2026-05-02,938,Aqua,MODIS,62,61.03,307,8,D,0
26.0112,80.5586,326.9,1,1,2026-05-02,938,Aqua,MODIS,69,61.03,307.8,10.1,D,0
26.1731,81.6278,327.5,1,1,2026-05-02,938,Aqua,MODIS,69,61.03,308,9.2,D,0
26.2222,83.7048,319.7,1.1,1,2026-05-02,938,Aqua,MODIS,58,61.03,303,6.7,D,0
26.2325,78.8838,320.3,1.2,1.1,2026-05-02,938,Aqua,MODIS,62,61.03,297.9,7.2,D,0
26.2549,78.9024,327.3,1.2,1.1,2026-05-02,938,Aqua,MODIS,76,61.03,298.2,16,D,0
26.2568,78.9137,326.9,1.2,1.1,2026-05-02,938,Aqua,MODIS,75,61.03,299,15.8,D,0
26.339,82.7296,323.9,1,1,2026-05-02,938,Aqua,MODIS,66,61.03,306,7.3,D,0
26.3403,82.7396,326.3,1,1,2026-05-02,938,Aqua,MODIS,71,61.03,306.2,10,D,0
26.9223,82.8811,327.8,1,1,2026-05-02,938,Aqua,MODIS,77,61.03,305.7,11.9,D,0
27.4706,81.3414,322,1,1,2026-05-02,939,Aqua,MODIS,64,61.03,303.4,8.7,D,0
27.4721,81.3511,356.5,1,1,2026-05-02,939,Aqua,MODIS,74,61.03,304.6,66.2,D,0
27.6989,83.1026,313.6,1.1,1,2026-05-02,939,Aqua,MODIS,56,61.03,299.7,5.6,D,0
28.6263,79.4993,326,1,1,2026-05-02,939,Aqua,MODIS,74,61.03,306.4,13.4,D,0
28.6466,79.5695,323.4,1,1,2026-05-02,939,Aqua,MODIS,69,61.03,304.9,10,D,0
28.7374,79.0911,323.4,1.1,1,2026-05-02,939,Aqua,MODIS,67,61.03,306.5,10.3,D,0
28.7692,80.1813,324.1,1,1,2026-05-02,939,Aqua,MODIS,62,61.03,298.4,12.7,D,0
28.8448,79.7068,322.8,1,1,2026-05-02,939,Aqua,MODIS,57,61.03,305,6.8,D,0
28.8883,76.3393,332.2,1.5,1.2,2026-05-02,939,Aqua,MODIS,78,61.03,310.7,22.4,D,0
28.8896,79.7606,323.1,1,1,2026-05-02,939,Aqua,MODIS,32,61.03,303.9,9.2,D,0
28.9079,79.4007,323.5,1.1,1,2026-05-02,939,Aqua,MODIS,70,61.03,305.2,10.3,D,0
28.9135,79.7976,321,1,1,2026-05-02,939,Aqua,MODIS,32,61.03,304,8.5,D,0
28.9687,76.2066,330.4,1.5,1.2,2026-05-02,939,Aqua,MODIS,75,61.03,312.6,17.2,D,0
29.0063,79.0933,322.2,1.1,1,2026-05-02,939,Aqua,MODIS,67,61.03,305.3,7.8,D,0
29.0745,79.2246,321.1,1.1,1,2026-05-02,939,Aqua,MODIS,68,61.03,303.7,5.9,D,0
29.1687,78.051,320.4,1.2,1.1,2026-05-02,939,Aqua,MODIS,57,61.03,304.4,8.1,D,0
29.1832,77.0021,322.5,1.3,1.1,2026-05-02,939,Aqua,MODIS,62,61.03,304.8,9.5,D,0
29.2369,79.0802,319.4,1.1,1,2026-05-02,939,Aqua,MODIS,66,61.03,303.9,6.8,D,0
29.7194,78.3913,323,1.1,1.1,2026-05-02,939,Aqua,MODIS,74,61.03,301.4,15.1,D,0
30.0911,76.9838,323.1,1.3,1.1,2026-05-02,940,Aqua,MODIS,73,61.03,306.6,10.5,D,0
30.1932,75.8831,328.8,1.5,1.2,2026-05-02,940,Aqua,MODIS,76,61.03,308.4,19.1,D,0
30.2101,76.4906,326.6,1.4,1.2,2026-05-02,940,Aqua,MODIS,77,61.03,307.6,14.5,D,0
30.2657,76.6865,324.3,1.3,1.1,2026-05-02,940,Aqua,MODIS,69,61.03,304.1,10.4,D,0
30.6607,74.2312,331.3,1.9,1.3,2026-05-02,940,Aqua,MODIS,78,61.03,309.3,32.2,D,0
30.6867,74.258,327.2,1.9,1.3,2026-05-02,940,Aqua,MODIS,72,61.03,309,18,D,0
30.9126,76.5969,324.6,1.3,1.1,2026-05-02,940,Aqua,MODIS,79,61.03,307,14.3,D,0
31.3324,77.2099,311.2,1.2,1.1,2026-05-02,940,Aqua,MODIS,61,61.03,297.6,7.8,D,0
31.6524,75.5242,354.7,1.5,1.2,2026-05-02,940,Aqua,MODIS,97,61.03,308.1,101.4,D,0
32.0127,75.4531,330.9,1.5,1.2,2026-05-02,940,Aqua,MODIS,64,61.03,309,24.8,D,0
32.3732,75.3451,323.9,1.5,1.2,2026-05-02,940,Aqua,MODIS,76,61.03,306.7,12.3,D,0
32.3777,75.3492,323.1,1.5,1.2,2026-05-02,940,Aqua,MODIS,72,61.03,306.6,10.1,D,0
32.5376,75.0545,323.2,1.5,1.2,2026-05-02,940,Aqua,MODIS,66,61.03,307.4,13.1,D,0
16.3925,95.3762,305.8,1.1,1,2026-05-02,1430,Terra,MODIS,50,61.03,294.5,4.5,N,0
21.6185,95.405,322.7,1.3,1.1,2026-05-02,1431,Terra,MODIS,100,61.03,293.1,27,N,0
23.7629,86.3977,308.5,1.7,1.3,2026-05-02,1432,Terra,MODIS,52,61.03,292.9,13.4,N,2
23.7761,86.2072,304.1,1.8,1.3,2026-05-02,1432,Terra,MODIS,58,61.03,292.3,9.9,N,2
20.1276,75.5495,306.2,2.6,1.6,2026-05-02,1610,Terra,MODIS,51,61.03,295.8,18.2,N,0
22.9279,70.1058,333.4,1.2,1.1,2026-05-02,1610,Terra,MODIS,100,61.03,301.2,38.4,N,0
23.8698,76.3986,306.6,3.4,1.7,2026-05-02,1611,Terra,MODIS,57,61.03,294.1,27.4,N,0
23.8728,76.4051,308.6,3.4,1.7,2026-05-02,1611,Terra,MODIS,67,61.03,294.2,34.7,N,0
28.3897,68.1004,309.4,1.1,1,2026-05-02,1612,Terra,MODIS,62,61.03,298.3,5.8,N,0
28.4002,68.1099,310.1,1.1,1,2026-05-02,1612,Terra,MODIS,67,61.03,298.7,6.2,N,0
28.4372,68.1205,309.9,1.1,1,2026-05-02,1612,Terra,MODIS,65,61.03,298.6,6.4,N,0
28.4386,68.1314,311.4,1.1,1,2026-05-02,1612,Terra,MODIS,73,61.03,298.1,7.7,N,0
28.4477,68.13,312.7,1.1,1,2026-05-02,1612,Terra,MODIS,78,61.03,298.3,8.4,N,0
23.6633,87.1596,302,1,1,2026-05-02,2144,Aqua,MODIS,46,61.03,290.8,4.2,N,2
23.6885,86.3965,304.3,1.1,1,2026-05-02,2144,Aqua,MODIS,25,61.03,292.7,5.1,N,2
23.7384,86.4358,309.1,1.1,1,2026-05-02,2144,Aqua,MODIS,56,61.03,294.3,7.9,N,2
23.7696,86.4059,308.2,1.1,1,2026-05-02,2144,Aqua,MODIS,48,61.03,293.1,7.2,N,2
23.7792,86.2115,307.9,1.1,1,2026-05-02,2144,Aqua,MODIS,73,61.03,294.1,9.4,N,2
17.2372,95.5549,321.4,1,1,2026-05-03,240,Terra,MODIS,68,61.03,298.5,12.3,D,0
17.4737,95.7119,329.7,1,1,2026-05-03,240,Terra,MODIS,80,61.03,300.4,16.2,D,0
17.783,95.3559,321.1,1,1,2026-05-03,240,Terra,MODIS,66,61.03,299.1,7,D,0
16.643,95.5863,316.4,1,1,2026-05-03,241,Terra,MODIS,43,61.03,297.3,5.4,D,0
16.86,94.8959,324.5,1,1,2026-05-03,241,Terra,MODIS,70,61.03,297.7,15,D,0
16.8755,94.7849,314.3,1,1,2026-05-03,241,Terra,MODIS,33,61.03,295.9,6.8,D,0
29.8375,76.6354,316.4,1.2,1.1,2026-05-03,415,Terra,MODIS,45,61.03,289.5,10.8,D,0
30.0832,75.3111,320.4,1,1,2026-05-03,415,Terra,MODIS,68,61.03,299.9,8.5,D,0
30.1233,75.1754,325.3,1,1,2026-05-03,415,Terra,MODIS,76,61.03,299.9,13.4,D,0
30.1436,75.5844,318,1.1,1,2026-05-03,415,Terra,MODIS,66,61.03,298.1,7.1,D,0
30.2109,75.7466,315,1.1,1,2026-05-03,415,Terra,MODIS,60,61.03,289.8,9.5,D,0
30.214,74.4311,324.6,1,1,2026-05-03,415,Terra,MODIS,74,61.03,301.6,12.5,D,0
30.2314,75.1925,317.5,1,1,2026-05-03,415,Terra,MODIS,64,61.03,299.6,5.8,D,0
30.233,75.1822,319.5,1,1,2026-05-03,415,Terra,MODIS,68,61.03,300.1,7.8,D,0
30.2545,74.8586,324.5,1,1,2026-05-03,415,Terra,MODIS,75,61.03,300.4,12.3,D,0
30.2612,73.787,326,1,1,2026-05-03,415,Terra,MODIS,76,61.03,302.4,14,D,0
30.2626,73.7769,324.5,1,1,2026-05-03,415,Terra,MODIS,74,61.03,302.2,12.8,D,0
30.2648,74.0156,321.9,1,1,2026-05-03,415,Terra,MODIS,70,61.03,301.4,10.1,D,0
30.2968,73.9343,321,1,1,2026-05-03,415,Terra,MODIS,68,61.03,302.8,8.4,D,0
30.2988,74.2974,316.7,1,1,2026-05-03,415,Terra,MODIS,57,61.03,300.8,5,D,0
30.3037,75.2663,317.5,1,1,2026-05-03,415,Terra,MODIS,65,61.03,299.6,6.6,D,0
30.3184,74.6719,322.6,1,1,2026-05-03,415,Terra,MODIS,72,61.03,301.3,9.8,D,0
30.3199,74.6617,321,1,1,2026-05-03,415,Terra,MODIS,70,61.03,301.7,8.6,D,0
30.3227,75.442,324.1,1,1,2026-05-03,415,Terra,MODIS,76,61.03,298.7,14.1,D,0
30.3243,75.4315,317.5,1,1,2026-05-03,415,Terra,MODIS,65,61.03,298.7,7,D,0
30.333,74.6956,318.5,1,1,2026-05-03,415,Terra,MODIS,65,61.03,301,5.9,D,0
30.3728,73.9691,325.9,1,1,2026-05-03,415,Terra,MODIS,76,61.03,301.7,14.5,D,0
30.3742,73.959,325.5,1,1,2026-05-03,415,Terra,MODIS,75,61.03,302.3,14.2,D,0
30.3767,74.7204,321,1,1,2026-05-03,415,Terra,MODIS,71,61.03,301.4,8.8,D,0
30.4098,74.8632,321.6,1,1,2026-05-03,415,Terra,MODIS,72,61.03,301.1,9.4,D,0
30.4219,73.8288,326,1,1,2026-05-03,415,Terra,MODIS,76,61.03,301.9,15.6,D,0
30.4233,73.8187,323,1,1,2026-05-03,415,Terra,MODIS,72,61.03,301.7,12.1,D,0
30.4516,74.8988,319.2,1,1,2026-05-03,415,Terra,MODIS,69,61.03,301.1,7,D,0
30.4531,74.6306,324.5,1,1,2026-05-03,415,Terra,MODIS,75,61.03,301.8,12.5,D,0
30.4998,73.9947,328.3,1,1,2026-05-03,415,Terra,MODIS,79,61.03,301.2,17.5,D,0
30.5013,73.9846,321.6,1,1,2026-05-03,415,Terra,MODIS,70,61.03,300.9,10.1,D,0
30.5398,74.8063,318.9,1,1,2026-05-03,415,Terra,MODIS,69,61.03,301,6.9,D,0
30.5944,71.3886,322,1.2,1.1,2026-05-03,415,Terra,MODIS,67,61.03,305.5,7.8,D,0
30.6037,74.1659,320,1,1,2026-05-03,415,Terra,MODIS,68,61.03,301.7,8.1,D,0
30.6608,74.2243,328.8,1,1,2026-05-03,415,Terra,MODIS,80,61.03,302,17.3,D,0
30.6623,74.2141,322.9,1,1,2026-05-03,415,Terra,MODIS,74,61.03,301.4,10.8,D,0
30.6967,71.9695,319,1.1,1,2026-05-03,415,Terra,MODIS,60,61.03,301.6,8.8,D,0
30.7064,71.7396,320,1.1,1.1,2026-05-03,415,Terra,MODIS,62,61.03,303.5,8,D,0
30.7381,74.4536,324.8,1,1,2026-05-03,415,Terra,MODIS,78,61.03,302.1,12.6,D,0
30.7396,74.4435,326.4,1,1,2026-05-03,415,Terra,MODIS,79,61.03,302,14.2,D,0
30.7629,71.1084,320.1,1.2,1.1,2026-05-03,415,Terra,MODIS,61,61.03,304.1,7,D,0
30.8225,72.2075,318.6,1.1,1,2026-05-03,415,Terra,MODIS,59,61.03,301.7,7.3,D,0
30.9435,72.1997,322.4,1.1,1,2026-05-03,415,Terra,MODIS,69,61.03,302.9,11.2,D,0
30.9896,70.6331,327.9,1.3,1.1,2026-05-03,415,Terra,MODIS,76,61.03,303.8,20,D,0
30.9898,70.6397,325.6,1.3,1.1,2026-05-03,415,Terra,MODIS,72,61.03,303.8,16.5,D,0
30.9912,70.6266,320.5,1.3,1.1,2026-05-03,415,Terra,MODIS,61,61.03,303.4,8.2,D,0
31.3196,72.2077,317.9,1.1,1,2026-05-03,415,Terra,MODIS,57,61.03,301.7,8,D,0
31.3746,72.6403,314.9,1.1,1,2026-05-03,415,Terra,MODIS,45,61.03,298.9,6.2,D,0
31.8171,72.3401,316.8,1.1,1,2026-05-03,415,Terra,MODIS,55,61.03,299.7,7.6,D,0
31.841,72.4471,315.6,1.1,1,2026-05-03,415,Terra,MODIS,46,61.03,300.4,5.8,D,0
31.9861,71.0053,319.6,1.3,1.1,2026-05-03,415,Terra,MODIS,0,61.03,300,12.7,D,0
25.6306,79.4339,327.8,2.1,1.4,2026-05-03,416,Terra,MODIS,76,61.03,303.5,37.7,D,0
28.5937,76.805,322.4,1.2,1.1,2026-05-03,416,Terra,MODIS,37,61.03,301.7,10.1,D,0
28.6521,76.5704,338.8,1.2,1.1,2026-05-03,416,Terra,MODIS,86,61.03,305,34.8,D,0
28.7669,76.8792,324,1.2,1.1,2026-05-03,416,Terra,MODIS,56,61.03,301.7,15.3,D,0
28.8103,76.6771,321.9,1.2,1.1,2026-05-03,416,Terra,MODIS,58,61.03,302.7,7.6,D,0
28.8533,76.0166,320.8,1.1,1.1,2026-05-03,416,Terra,MODIS,42,61.03,302.2,7.3,D,0
28.9283,76.1882,327.2,1.1,1.1,2026-05-03,416,Terra,MODIS,71,61.03,301.5,16.9,D,0
28.9294,76.0612,320.2,1.1,1.1,2026-05-03,416,Terra,MODIS,41,61.03,301.4,7.2,D,0
28.9688,76.2145,324.3,1.1,1.1,2026-05-03,416,Terra,MODIS,66,61.03,302.5,10.2,D,0
28.974,75.8992,320.3,1.1,1,2026-05-03,416,Terra,MODIS,41,61.03,301.6,7,D,0
29.0225,76.3371,322.1,1.1,1.1,2026-05-03,416,Terra,MODIS,62,61.03,300.6,8.5,D,0
29.0537,76.1452,322.4,1.1,1.1,2026-05-03,416,Terra,MODIS,63,61.03,301,9.7,D,0
29.056,76.6379,332.3,1.2,1.1,2026-05-03,416,Terra,MODIS,81,61.03,301.2,25.1,D,0
29.0648,76.7622,321.8,1.2,1.1,2026-05-03,416,Terra,MODIS,64,61.03,302.3,8.2,D,0
29.0933,76.7682,322.5,1.2,1.1,2026-05-03,416,Terra,MODIS,66,61.03,301.7,9.3,D,0
29.1153,75.7604,318.8,1.1,1,2026-05-03,416,Terra,MODIS,45,61.03,299.5,6.9,D,0
29.1409,73.3492,323.9,1,1,2026-05-03,416,Terra,MODIS,49,61.03,308.9,6.6,D,0
29.1445,76.275,328.1,1.1,1.1,2026-05-03,416,Terra,MODIS,76,61.03,300.8,16.7,D,0
29.2186,76.569,319.5,1.2,1.1,2026-05-03,416,Terra,MODIS,51,61.03,299.7,8.3,D,0
29.2271,76.7842,322.5,1.2,1.1,2026-05-03,416,Terra,MODIS,69,61.03,302,9.4,D,0
29.2602,76.0734,319.3,1.1,1.1,2026-05-03,416,Terra,MODIS,58,61.03,298.8,6.6,D,0
29.275,74.1617,323.5,1,1,2026-05-03,416,Terra,MODIS,57,61.03,306.1,5.9,D,0
29.2895,74.0617,328.6,1,1,2026-05-03,416,Terra,MODIS,73,61.03,307.2,12.1,D,0
29.3579,70.3045,346.2,1.3,1.1,2026-05-03,416,Terra,MODIS,92,61.03,303.7,63.5,D,0
29.3678,70.306,332.7,1.3,1.1,2026-05-03,416,Terra,MODIS,82,61.03,304,31.5,D,0
29.4043,74.9051,318.8,1,1,2026-05-03,416,Terra,MODIS,48,61.03,300.1,7.2,D,0
29.4555,73.8003,323.9,1,1,2026-05-03,416,Terra,MODIS,66,61.03,306.2,8,D,0
29.4777,73.9752,319,1,1,2026-05-03,416,Terra,MODIS,52,61.03,301.7,5.6,D,0
29.4897,74.2038,319.4,1,1,2026-05-03,416,Terra,MODIS,54,61.03,303.1,6.1,D,0
29.4946,76.1227,314.6,1.1,1.1,2026-05-03,416,Terra,MODIS,38,61.03,294.9,5.8,D,0
29.4998,74.8243,317,1,1,2026-05-03,416,Terra,MODIS,31,61.03,299.9,5.3,D,0
29.5029,74.8039,317.5,1,1,2026-05-03,416,Terra,MODIS,39,61.03,300,5.5,D,0
29.5094,76.6432,314.5,1.2,1.1,2026-05-03,416,Terra,MODIS,54,61.03,294.1,7,D,0
29.5208,75.2376,318.1,1,1,2026-05-03,416,Terra,MODIS,54,61.03,299.1,7.1,D,0
29.5667,70.3544,318.6,1.3,1.1,2026-05-03,416,Terra,MODIS,63,61.03,303.5,8,D,0
29.5756,73.9375,320,1,1,2026-05-03,416,Terra,MODIS,60,61.03,303.2,6.1,D,0
29.6056,75.2282,324.5,1,1,2026-05-03,416,Terra,MODIS,72,61.03,299.9,13.3,D,0
29.6091,75.6255,316.4,1.1,1,2026-05-03,416,Terra,MODIS,42,61.03,295.2,10.1,D,0
29.6188,73.7602,321.7,1,1,2026-05-03,416,Terra,MODIS,66,61.03,303.3,7.9,D,0
29.6533,75.7005,315.5,1.1,1,2026-05-03,416,Terra,MODIS,39,61.03,296.8,6.5,D,0
29.6636,75.214,316.7,1,1,2026-05-03,416,Terra,MODIS,53,61.03,299.5,5.3,D,0
29.6709,73.6461,324.6,1,1,2026-05-03,416,Terra,MODIS,72,61.03,304.4,10.4,D,0
29.6941,75.6157,324.2,1.1,1,2026-05-03,416,Terra,MODIS,74,61.03,298.1,13.9,D,0
29.7429,73.4695,320.5,1,1,2026-05-03,416,Terra,MODIS,64,61.03,304.3,6.5,D,0
29.7587,75.4976,321.9,1.1,1,2026-05-03,416,Terra,MODIS,70,61.03,298.3,10.7,D,0
29.7603,75.487,324.4,1.1,1,2026-05-03,416,Terra,MODIS,74,61.03,298.5,13.6,D,0
29.7683,75.9705,316.9,1.1,1,2026-05-03,416,Terra,MODIS,30,61.03,294.5,10.9,D,0
29.7977,75.1823,320.2,1,1,2026-05-03,416,Terra,MODIS,57,61.03,299.5,8.1,D,0
29.835,75.9564,323.6,1.1,1,2026-05-03,416,Terra,MODIS,74,61.03,295.8,13.8,D,0
29.8689,74.5857,318.2,1,1,2026-05-03,416,Terra,MODIS,57,61.03,301.3,5.8,D,0
29.8721,75.5436,319.2,1.1,1,2026-05-03,416,Terra,MODIS,66,61.03,297.8,8.3,D,0
29.8941,74.4761,319,1,1,2026-05-03,416,Terra,MODIS,60,61.03,301.9,6,D,0
29.9033,72.9722,315.8,1,1,2026-05-03,416,Terra,MODIS,40,61.03,302.2,5.3,D,0
29.9266,75.0016,318.4,1,1,2026-05-03,416,Terra,MODIS,60,61.03,300.3,6.3,D,0
29.9669,73.9727,325.5,1,1,2026-05-03,416,Terra,MODIS,74,61.03,303.3,13,D,0
29.9684,73.9626,317.9,1,1,2026-05-03,416,Terra,MODIS,56,61.03,302.7,5.3,D,0
29.9935,73.1204,320.7,1,1,2026-05-03,416,Terra,MODIS,65,61.03,302.6,9.2,D,0
29.9949,73.1102,316.6,1,1,2026-05-03,416,Terra,MODIS,45,61.03,302.2,5.7,D,0
30.0253,74.9002,316.5,1,1,2026-05-03,416,Terra,MODIS,54,61.03,299.8,5.2,D,0
30.0259,74.7743,322.7,1,1,2026-05-03,416,Terra,MODIS,71,61.03,301.2,10,D,0
30.0271,74.1969,316.7,1,1,2026-05-03,416,Terra,MODIS,50,61.03,301.7,5.2,D,0
30.0943,74.1843,318,1,1,2026-05-03,416,Terra,MODIS,59,61.03,301.5,6.5,D,0
30.1095,74.6506,318.1,1,1,2026-05-03,416,Terra,MODIS,61,61.03,301.8,5.8,D,0
30.1109,72.0173,318.1,1.1,1,2026-05-03,416,Terra,MODIS,58,61.03,303.8,7.2,D,0
30.1154,73.5093,324.3,1,1,2026-05-03,416,Terra,MODIS,73,61.03,302.5,12.5,D,0
30.1168,73.4992,324.9,1,1,2026-05-03,416,Terra,MODIS,73,61.03,302.1,13.4,D,0
30.1455,73.6973,319.2,1,1,2026-05-03,416,Terra,MODIS,63,61.03,303.2,5.7,D,0
30.192,74.2092,319.6,1,1,2026-05-03,416,Terra,MODIS,65,61.03,301.6,7.5,D,0
30.2376,71.9653,318.5,1.1,1,2026-05-03,416,Terra,MODIS,60,61.03,303.9,6.6,D,0
30.245,70.6419,323.1,1.3,1.1,2026-05-03,416,Terra,MODIS,70,61.03,305.2,14.5,D,0
30.2465,70.6292,318.6,1.3,1.1,2026-05-03,416,Terra,MODIS,60,61.03,304.1,8.1,D,0
30.2557,73.4885,316,1,1,2026-05-03,416,Terra,MODIS,44,61.03,300,6.5,D,0
30.4422,71.7246,320.3,1.1,1.1,2026-05-03,416,Terra,MODIS,65,61.03,300.6,11.9,D,0
30.4751,71.7647,316.1,1.1,1.1,2026-05-03,416,Terra,MODIS,48,61.03,301.6,6.8,D,0
22.8087,75.3395,326.6,1.2,1.1,2026-05-03,417,Terra,MODIS,67,61.03,311.4,12.7,D,0
22.8106,75.3279,323.7,1.2,1.1,2026-05-03,417,Terra,MODIS,57,61.03,311.2,8.5,D,0
23.0314,76.4238,325.3,1.4,1.2,2026-05-03,417,Terra,MODIS,67,61.03,310.5,13.1,D,0
23.0336,76.4105,324.1,1.4,1.2,2026-05-03,417,Terra,MODIS,64,61.03,310.3,10.9,D,0
23.0679,75.4546,324.8,1.2,1.1,2026-05-03,417,Terra,MODIS,60,61.03,310.9,11,D,0
23.4638,69.399,326.9,1.2,1.1,2026-05-03,417,Terra,MODIS,71,61.03,307.3,14.8,D,0
23.4653,69.3873,324,1.2,1.1,2026-05-03,417,Terra,MODIS,51,61.03,306.9,10.9,D,0
23.4735,69.4003,327.2,1.2,1.1,2026-05-03,417,Terra,MODIS,71,61.03,307.5,14.8,D,0
23.475,69.3886,323.3,1.2,1.1,2026-05-03,417,Terra,MODIS,37,61.03,307.4,9.3,D,0
23.5084,72.0644,325.2,1,1,2026-05-03,417,Terra,MODIS,63,61.03,311.3,7.4,D,0
23.5126,76.9631,325.3,1.5,1.2,2026-05-03,417,Terra,MODIS,68,61.03,309.4,11.9,D,0
23.559,74.8844,322.2,1.1,1.1,2026-05-03,417,Terra,MODIS,50,61.03,307.8,8.4,D,0
23.7087,76.8051,327.5,1.5,1.2,2026-05-03,417,Terra,MODIS,72,61.03,306.7,17.1,D,0
23.8433,76.5564,329.3,1.4,1.2,2026-05-03,417,Terra,MODIS,74,61.03,306.5,22,D,0
23.9403,79.1888,319.8,2.1,1.4,2026-05-03,417,Terra,MODIS,41,61.03,300.8,16.1,D,0
24.2981,74.8927,321.3,1.1,1.1,2026-05-03,417,Terra,MODIS,50,61.03,304.2,8.7,D,0
24.6717,74.272,324.5,1.1,1,2026-05-03,417,Terra,MODIS,69,61.03,303.6,12.5,D,0
24.7024,77.8381,328.4,1.7,1.3,2026-05-03,417,Terra,MODIS,75,61.03,308.4,23.7,D,0
24.9984,76.544,317.6,1.3,1.1,2026-05-03,417,Terra,MODIS,13,61.03,300.6,10.3,D,0
25.3485,75.7951,322.7,1.2,1.1,2026-05-03,417,Terra,MODIS,62,61.03,304.9,9.4,D,0
25.3521,72.9985,324.1,1,1,2026-05-03,417,Terra,MODIS,59,61.03,309.7,7.2,D,0
25.3743,73.032,323.5,1,1,2026-05-03,417,Terra,MODIS,57,61.03,308.8,6.4,D,0
25.464,75.7758,322.4,1.2,1.1,2026-05-03,417,Terra,MODIS,61,61.03,304.3,9.9,D,0
25.9106,73.9693,330.7,1,1,2026-05-03,417,Terra,MODIS,76,61.03,311.6,14.6,D,0
18.5573,77.7554,326.4,2.2,1.4,2026-05-03,418,Terra,MODIS,66,61.03,307.2,29,D,0
18.5588,77.7612,323.5,2.2,1.4,2026-05-03,418,Terra,MODIS,63,61.03,306.7,19.8,D,0
19.3733,71.3547,312.3,1,1,2026-05-03,418,Terra,MODIS,53,61.03,299.2,6.7,D,3
20.0487,76.6735,327.7,1.7,1.3,2026-05-03,418,Terra,MODIS,66,61.03,313.1,17.1,D,0
21.2755,79.3984,336.3,2.5,1.5,2026-05-03,418,Terra,MODIS,83,61.03,309.2,74.5,D,0
21.3824,74.6019,321.4,1.2,1.1,2026-05-03,418,Terra,MODIS,50,61.03,308.1,8,D,0
22.0757,73.2149,328.1,1,1,2026-05-03,418,Terra,MODIS,72,61.03,307,16.2,D,0
22.2048,75.4477,324.4,1.3,1.1,2026-05-03,418,Terra,MODIS,59,61.03,309.1,10.4,D,2
22.2365,75.8143,325.1,1.3,1.1,2026-05-03,418,Terra,MODIS,63,61.03,310.2,11.9,D,0
22.2386,75.8017,335.7,1.3,1.1,2026-05-03,418,Terra,MODIS,82,61.03,310.2,32.2,D,0
22.5832,72.018,324.5,1,1,2026-05-03,418,Terra,MODIS,63,61.03,312.4,5.8,D,0
22.6751,71.3607,330.7,1,1,2026-05-03,418,Terra,MODIS,75,61.03,311.4,15.9,D,0
22.8258,71.1326,323.3,1,1,2026-05-03,418,Terra,MODIS,58,61.03,310.7,7.9,D,0
14.2733,79.4488,319.2,3.6,1.8,2026-05-03,419,Terra,MODIS,67,61.03,294.8,59.2,D,0
15.1644,76.7666,324.2,2.1,1.4,2026-05-03,419,Terra,MODIS,72,61.03,305.1,26.1,D,0
15.1676,76.7476,325.7,2.1,1.4,2026-05-03,419,Terra,MODIS,75,61.03,304.8,32.7,D,0
15.2412,75.6928,318.2,1.7,1.3,2026-05-03,419,Terra,MODIS,48,61.03,300.3,17.3,D,0
17.8702,75.0284,323.5,1.4,1.2,2026-05-03,419,Terra,MODIS,62,61.03,307.9,15.2,D,0
14.2783,79.4419,321.8,3.6,1.8,2026-05-03,420,Terra,MODIS,72,61.03,294.5,77.4,D,0
16.8819,94.5781,316.4,1.5,1.2,2026-05-03,836,Aqua,MODIS,65,61.03,288.5,17.3,D,0
16.8925,94.5762,312.2,1.5,1.2,2026-05-03,836,Aqua,MODIS,14,61.03,286.7,9.9,D,0
17.0035,95.354,329.8,1.3,1.2,2026-05-03,836,Aqua,MODIS,84,61.03,285,33.9,D,0
17.0055,95.3662,314.9,1.3,1.1,2026-05-03,836,Aqua,MODIS,66,61.03,285.3,9.8,D,0
17.2335,95.3748,316.8,1.3,1.1,2026-05-03,836,Aqua,MODIS,68,61.03,283.1,12.9,D,0
17.2387,95.1025,316,1.4,1.2,2026-05-03,836,Aqua,MODIS,38,61.03,286.9,9.1,D,0
17.4616,95.6959,323.5,1.3,1.1,2026-05-03,836,Aqua,MODIS,42,61.03,293.3,12.7,D,0
17.4814,95.6331,323.4,1.3,1.1,2026-05-03,836,Aqua,MODIS,75,61.03,292.2,13.6,D,0
17.4911,95.6314,319.7,1.3,1.1,2026-05-03,836,Aqua,MODIS,54,61.03,292.4,8.4,D,0
19.0354,95.1787,333.2,1.3,1.1,2026-05-03,836,Aqua,MODIS,81,61.03,297.5,30.3,D,0
19.0401,96.4608,324.7,1.1,1,2026-05-03,836,Aqua,MODIS,66,61.03,301,13.6,D,0
19.0452,95.1769,328.4,1.3,1.1,2026-05-03,836,Aqua,MODIS,59,61.03,297.8,23.5,D,0
19.0472,95.1886,333.7,1.3,1.1,2026-05-03,836,Aqua,MODIS,84,61.03,296.8,34.1,D,0
23.2259,96.2726,321.9,1,1,2026-05-03,837,Aqua,MODIS,76,61.03,299.7,13.1,D,0
31.4283,91.9807,309,1.2,1.1,2026-05-03,840,Aqua,MODIS,65,61.03,293.3,6.2,D,0
31.4305,91.9932,313.3,1.2,1.1,2026-05-03,840,Aqua,MODIS,73,61.03,293.9,10.3,D,0
9.2707,77.9415,334.2,1.1,1,2026-05-03,1012,Aqua,MODIS,86,61.03,306.1,18.4,D,0
12.2884,79.7656,323.5,1.6,1.2,2026-05-03,1012,Aqua,MODIS,61,61.03,303.4,13.8,D,0
12.2963,79.9075,327.1,1.6,1.2,2026-05-03,1012,Aqua,MODIS,61,61.03,303.6,24.2,D,0
12.311,79.9345,326.4,1.6,1.2,2026-05-03,1012,Aqua,MODIS,60,61.03,302.8,21.7,D,0
12.07,75.2409,316.4,1,1,2026-05-03,1013,Aqua,MODIS,64,61.03,289.8,7.7,D,0
12.3072,77.2867,325.2,1.1,1,2026-05-03,1013,Aqua,MODIS,39,61.03,307.9,8.9,D,0
12.3163,77.2852,327.5,1.1,1,2026-05-03,1013,Aqua,MODIS,53,61.03,309.3,12.6,D,0
12.3254,77.2838,325.7,1.1,1,2026-05-03,1013,Aqua,MODIS,37,61.03,308.4,10.4,D,0
12.4192,77.1676,324.9,1.1,1,2026-05-03,1013,Aqua,MODIS,74,61.03,306,12.6,D,0
12.5458,79.9565,321.3,1.6,1.3,2026-05-03,1013,Aqua,MODIS,56,61.03,304.1,12.1,D,0
13.1119,77.9803,320.3,1.2,1.1,2026-05-03,1013,Aqua,MODIS,44,61.03,301.5,11,D,0
13.1996,78.7915,332.3,1.4,1.2,2026-05-03,1013,Aqua,MODIS,72,61.03,307.7,26.3,D,0
13.5634,79.1356,324,1.5,1.2,2026-05-03,1013,Aqua,MODIS,68,61.03,306.3,12.9,D,0
13.5809,74.7096,315.1,1,1,2026-05-03,1013,Aqua,MODIS,48,61.03,294,4.7,D,0
14.0241,79.4008,321.6,1.6,1.2,2026-05-03,1013,Aqua,MODIS,62,61.03,299.9,14.6,D,0
14.4271,75.315,321.5,1,1,2026-05-03,1013,Aqua,MODIS,54,61.03,303.8,8.8,D,0
15.0115,78.5823,327.8,1.4,1.2,2026-05-03,1013,Aqua,MODIS,66,61.03,306.5,12.2,D,0
15.1832,74.0483,318.6,1,1,2026-05-03,1013,Aqua,MODIS,33,61.03,304.9,5.4,D,0
15.2206,75.6917,327.8,1,1,2026-05-03,1013,Aqua,MODIS,35,61.03,309.5,14.1,D,0
15.2294,75.6903,334.7,1,1,2026-05-03,1013,Aqua,MODIS,79,61.03,311.8,22.6,D,0
15.2307,75.6995,324.7,1,1,2026-05-03,1013,Aqua,MODIS,40,61.03,308.2,9.5,D,0
15.5482,78.8465,325.5,1.5,1.2,2026-05-03,1013,Aqua,MODIS,59,61.03,299.8,17.2,D,0
15.5587,78.8451,321,1.5,1.2,2026-05-03,1013,Aqua,MODIS,21,61.03,298.8,9.4,D,0
15.6563,77.7994,327.3,1.3,1.1,2026-05-03,1013,Aqua,MODIS,51,61.03,306.7,12.4,D,0
15.8592,79.4891,322.8,1.7,1.3,2026-05-03,1013,Aqua,MODIS,55,61.03,292.5,13.7,D,0
15.878,74.0455,325,1,1,2026-05-03,1014,Aqua,MODIS,58,61.03,305.9,11.8,D,0
16.2768,76.9939,329,1.2,1.1,2026-05-03,1014,Aqua,MODIS,65,61.03,313.4,10.2,D,0
16.3536,76.5943,327.7,1.1,1.1,2026-05-03,1014,Aqua,MODIS,59,61.03,311.6,9.4,D,0
16.6265,75.1875,325.2,1,1,2026-05-03,1014,Aqua,MODIS,25,61.03,312.8,7.2,D,0
17.7445,79.9934,330.1,2,1.4,2026-05-03,1014,Aqua,MODIS,59,61.03,296.5,48.2,D,0
18.1539,78.1437,328.2,1.5,1.2,2026-05-03,1014,Aqua,MODIS,45,61.03,308.3,15.9,D,0
18.1678,78.169,345.2,1.5,1.2,2026-05-03,1014,Aqua,MODIS,77,61.03,311.3,60.6,D,0
18.176,78.1745,341.2,1.5,1.2,2026-05-03,1014,Aqua,MODIS,85,61.03,311.6,47.2,D,0
18.2114,74.0042,345,1,1,2026-05-03,1014,Aqua,MODIS,89,61.03,314.6,32.8,D,0
18.2435,74.1016,339.9,1,1,2026-05-03,1014,Aqua,MODIS,55,61.03,313.1,25.6,D,0
18.2449,74.1107,342.3,1,1,2026-05-03,1014,Aqua,MODIS,65,61.03,311,30.1,D,0
18.2704,77.784,331,1.4,1.2,2026-05-03,1014,Aqua,MODIS,66,61.03,314.8,16,D,0
18.2721,77.7967,333.7,1.4,1.2,2026-05-03,1014,Aqua,MODIS,72,61.03,314.6,23,D,0
18.3106,77.863,334.2,1.4,1.2,2026-05-03,1014,Aqua,MODIS,73,61.03,311.9,28.4,D,0
18.3571,78.2116,334.4,1.5,1.2,2026-05-03,1014,Aqua,MODIS,68,61.03,312.9,25.9,D,0
18.3788,78.2436,332.7,1.5,1.2,2026-05-03,1014,Aqua,MODIS,44,61.03,312.8,23.4,D,0
18.3805,78.2574,330.4,1.5,1.2,2026-05-03,1014,Aqua,MODIS,36,61.03,313.2,19.9,D,0
18.5397,77.7274,333.9,1.4,1.2,2026-05-03,1014,Aqua,MODIS,73,61.03,317.1,19.2,D,0
18.5413,77.7401,332.8,1.4,1.2,2026-05-03,1014,Aqua,MODIS,70,61.03,315.1,18.6,D,0
18.5735,72.2414,316.1,1.1,1,2026-05-03,1014,Aqua,MODIS,65,61.03,300.2,10,D,3
18.611,75.0456,333.5,1,1,2026-05-03,1014,Aqua,MODIS,74,61.03,316.1,13.6,D,0
18.6265,78.1566,331.6,1.5,1.2,2026-05-03,1014,Aqua,MODIS,69,61.03,311.7,21.9,D,0
18.6311,78.1502,328.1,1.5,1.2,2026-05-03,1014,Aqua,MODIS,56,61.03,312.3,14.3,D,0
18.7382,77.9244,328.1,1.4,1.2,2026-05-03,1014,Aqua,MODIS,53,61.03,312.6,12.5,D,0
18.8299,78.0141,336.7,1.5,1.2,2026-05-03,1014,Aqua,MODIS,78,61.03,314.8,33.1,D,0
19.0518,75.0223,331.8,1,1,2026-05-03,1014,Aqua,MODIS,69,61.03,317,11.1,D,0
19.2431,75.9415,327.9,1.1,1.1,2026-05-03,1014,Aqua,MODIS,36,61.03,315.3,10.2,D,0
19.4562,79.8812,325.6,2.1,1.4,2026-05-03,1014,Aqua,MODIS,42,61.03,307.5,18.3,D,0
19.1259,73.0531,326,1,1,2026-05-03,1015,Aqua,MODIS,38,61.03,311,9.5,D,0
19.2028,73.3249,326.7,1,1,2026-05-03,1015,Aqua,MODIS,49,61.03,313.4,8.9,D,0
19.211,73.3802,330.1,1,1,2026-05-03,1015,Aqua,MODIS,36,61.03,313.7,9.5,D,0
19.2158,73.8,328.7,1,1,2026-05-03,1015,Aqua,MODIS,65,61.03,312.7,10.8,D,0
19.2171,73.8092,338.5,1,1,2026-05-03,1015,Aqua,MODIS,83,61.03,311.6,24.7,D,0
19.2197,73.3787,327.9,1,1,2026-05-03,1015,Aqua,MODIS,31,61.03,314.2,7.4,D,0
19.3681,71.3498,314.2,1.2,1.1,2026-05-03,1015,Aqua,MODIS,60,61.03,300.4,8.2,D,3
19.3787,74.2184,340.5,1,1,2026-05-03,1015,Aqua,MODIS,85,61.03,317.1,24.5,D,0
19.4485,74.4385,331.7,1,1,2026-05-03,1015,Aqua,MODIS,71,61.03,317.1,11.5,D,0
19.4637,74.0223,330.8,1,1,2026-05-03,1015,Aqua,MODIS,71,61.03,310.9,13.1,D,0
19.5071,73.2081,328.3,1,1,2026-05-03,1015,Aqua,MODIS,62,61.03,316.1,7.3,D,0
19.7144,73.1542,331.3,1,1,2026-05-03,1015,Aqua,MODIS,72,61.03,314.4,12.1,D,0
19.7249,72.7352,326.6,1,1,2026-05-03,1015,Aqua,MODIS,59,61.03,308.9,12.9,D,0
19.7263,72.7446,330.3,1,1,2026-05-03,1015,Aqua,MODIS,70,61.03,308.1,16.7,D,0
19.7308,77.6229,354.7,1.4,1.2,2026-05-03,1015,Aqua,MODIS,84,61.03,314.2,91.1,D,0
19.7901,73.4821,329.6,1,1,2026-05-03,1015,Aqua,MODIS,67,61.03,314.1,11.7,D,0
19.7914,73.4913,328.1,1,1,2026-05-03,1015,Aqua,MODIS,62,61.03,312.9,10.1,D,0
19.8902,75.1513,328.8,1.1,1,2026-05-03,1015,Aqua,MODIS,56,61.03,317,8.2,D,0
20.1631,79.1842,333.4,1.9,1.3,2026-05-03,1015,Aqua,MODIS,41,61.03,307.9,48.3,D,0
20.2212,76.1806,343.1,1.2,1.1,2026-05-03,1015,Aqua,MODIS,85,61.03,317.9,35.1,D,0
20.3305,79.5363,328.8,2,1.4,2026-05-03,1015,Aqua,MODIS,62,61.03,311.3,26.3,D,0
20.551,73.5037,331.3,1,1,2026-05-03,1015,Aqua,MODIS,69,61.03,315.8,12.1,D,0
20.5678,75.6574,333.4,1.1,1.1,2026-05-03,1015,Aqua,MODIS,66,61.03,318.1,12,D,0
20.6127,73.7247,327.5,1,1,2026-05-03,1015,Aqua,MODIS,47,61.03,317,7.9,D,0
20.6132,73.5444,328.5,1,1,2026-05-03,1015,Aqua,MODIS,58,61.03,314.4,8.1,D,0
20.6219,73.5429,329.8,1,1,2026-05-03,1015,Aqua,MODIS,66,61.03,315.9,9.8,D,0
20.6737,73.9617,327.9,1,1,2026-05-03,1015,Aqua,MODIS,49,61.03,316.3,7.8,D,0
20.7071,73.5505,344.1,1,1,2026-05-03,1015,Aqua,MODIS,88,61.03,316,32.6,D,0
20.7273,73.5661,327.9,1,1,2026-05-03,1015,Aqua,MODIS,59,61.03,315.4,8.3,D,0
20.7286,73.5753,331.1,1,1,2026-05-03,1015,Aqua,MODIS,69,61.03,316.2,12.4,D,0
20.8241,74.5589,347.8,1,1,2026-05-03,1015,Aqua,MODIS,91,61.03,323.5,37.8,D,0
20.8255,74.5685,366.4,1,1,2026-05-03,1015,Aqua,MODIS,100,61.03,322.7,87.1,D,0
20.833,74.5575,347.1,1,1,2026-05-03,1015,Aqua,MODIS,90,61.03,321.9,37.2,D,0
20.8343,74.5672,342.8,1,1,2026-05-03,1015,Aqua,MODIS,86,61.03,319.8,28.6,D,0
20.8469,73.5119,333.4,1,1,2026-05-03,1015,Aqua,MODIS,75,61.03,316,15.4,D,0
20.9189,75.8831,333.8,1.2,1.1,2026-05-03,1015,Aqua,MODIS,67,61.03,320.4,12.3,D,0
20.9203,75.8939,355,1.2,1.1,2026-05-03,1015,Aqua,MODIS,96,61.03,321.1,62.1,D,0
20.9544,73.6108,331.7,1,1,2026-05-03,1015,Aqua,MODIS,71,61.03,315.6,14.2,D,0
21.0795,76.4098,332.7,1.2,1.1,2026-05-03,1015,Aqua,MODIS,66,61.03,317.6,15.5,D,0
21.2746,78.1377,334.7,1.6,1.3,2026-05-03,1015,Aqua,MODIS,46,61.03,315.7,28.3,D,0
21.3747,71.0848,331.4,1.1,1.1,2026-05-03,1015,Aqua,MODIS,72,61.03,317.2,14.3,D,0
21.6611,76.8209,332.2,1.3,1.1,2026-05-03,1015,Aqua,MODIS,67,61.03,317.4,14.1,D,0
21.6874,78.2187,334.1,1.7,1.3,2026-05-03,1015,Aqua,MODIS,76,61.03,312.3,30.4,D,0
21.8937,73.7756,329.8,1,1,2026-05-03,1015,Aqua,MODIS,66,61.03,316.5,8.8,D,0
21.895,73.785,339.7,1,1,2026-05-03,1015,Aqua,MODIS,83,61.03,315.5,23,D,0
21.9328,75.4521,331.2,1.1,1.1,2026-05-03,1015,Aqua,MODIS,62,61.03,315.9,6,D,0
21.9524,77.0194,332.6,1.4,1.2,2026-05-03,1015,Aqua,MODIS,68,61.03,317.1,14.2,D,0
21.9736,79.3568,329.8,2,1.4,2026-05-03,1015,Aqua,MODIS,50,61.03,310.3,28.7,D,0
21.9841,77.1885,330.1,1.4,1.2,2026-05-03,1015,Aqua,MODIS,29,61.03,314.3,14.6,D,0
21.9919,77.1952,337.4,1.4,1.2,2026-05-03,1015,Aqua,MODIS,79,61.03,313.8,31.5,D,0
21.9944,77.1871,338.2,1.4,1.2,2026-05-03,1015,Aqua,MODIS,80,61.03,314.3,33.2,D,0
21.9961,77.2004,331.3,1.4,1.2,2026-05-03,1015,Aqua,MODIS,52,61.03,313.8,16.7,D,0
22.0686,75.3002,338.5,1.1,1.1,2026-05-03,1015,Aqua,MODIS,80,61.03,321.2,21.5,D,0
22.07,75.3107,332.7,1.1,1.1,2026-05-03,1015,Aqua,MODIS,69,61.03,319.9,11,D,0
22.1655,75.9642,331.8,1.2,1.1,2026-05-03,1015,Aqua,MODIS,64,61.03,318.7,16,D,0
22.2022,75.4034,333.6,1.1,1.1,2026-05-03,1015,Aqua,MODIS,71,61.03,318.9,12.9,D,0
22.2138,76.9118,329,1.4,1.2,2026-05-03,1015,Aqua,MODIS,63,61.03,315.8,15.3,D,0
22.2141,75.8589,331.7,1.2,1.1,2026-05-03,1015,Aqua,MODIS,69,61.03,320.9,11.7,D,0
22.9855,76.3065,337.3,1.3,1.1,2026-05-03,1015,Aqua,MODIS,79,61.03,314.3,25.4,D,0
22.5079,70.7483,342.1,1.1,1.1,2026-05-03,1016,Aqua,MODIS,85,61.03,313.3,32.3,D,0
22.5886,72.0833,355,1,1,2026-05-03,1016,Aqua,MODIS,96,61.03,318.5,53,D,0
22.6486,72.0627,334,1,1,2026-05-03,1016,Aqua,MODIS,74,61.03,317.4,12.5,D,0
22.9029,75.0599,329.9,1.1,1.1,2026-05-03,1016,Aqua,MODIS,57,61.03,317,9,D,0
23.2134,75.3087,328.8,1.2,1.1,2026-05-03,1016,Aqua,MODIS,49,61.03,315.2,9.9,D,0
23.4689,69.3915,327.9,1.3,1.1,2026-05-03,1016,Aqua,MODIS,62,61.03,309.6,13.3,D,0
23.5435,74.8981,327.4,1.1,1.1,2026-05-03,1016,Aqua,MODIS,46,61.03,310,8.5,D,0
23.623,77.8453,332.6,1.7,1.3,2026-05-03,1016,Aqua,MODIS,73,61.03,309.8,29.2,D,0
23.6261,77.8541,328.8,1.7,1.3,2026-05-03,1016,Aqua,MODIS,53,61.03,308.7,19.7,D,0
23.7258,73.8574,333.2,1,1,2026-05-03,1016,Aqua,MODIS,72,61.03,314,15.2,D,0
24.0257,76.3728,328.8,1.4,1.2,2026-05-03,1016,Aqua,MODIS,52,61.03,310.5,12,D,2
24.3573,75.9164,328.1,1.3,1.1,2026-05-03,1016,Aqua,MODIS,54,61.03,312.8,10.4,D,0
24.7787,77.0429,326.9,1.5,1.2,2026-05-03,1016,Aqua,MODIS,54,61.03,308.9,12.1,D,0
24.8883,76.5978,342.7,1.4,1.2,2026-05-03,1016,Aqua,MODIS,86,61.03,317.1,44.2,D,0
24.9175,73.9338,330.1,1.1,1,2026-05-03,1016,Aqua,MODIS,66,61.03,316,9.5,D,0
24.9195,74.0164,330.2,1.1,1,2026-05-03,1016,Aqua,MODIS,66,61.03,315,10,D,0
24.9209,74.0265,334.3,1.1,1,2026-05-03,1016,Aqua,MODIS,76,61.03,314.7,16.5,D,0
24.9742,76.4543,332.3,1.4,1.2,2026-05-03,1016,Aqua,MODIS,71,61.03,316.5,16.2,D,0
25.0037,76.3547,331.3,1.4,1.2,2026-05-03,1016,Aqua,MODIS,56,61.03,314.9,15.1,D,0
25.0101,76.0824,333.1,1.3,1.1,2026-05-03,1016,Aqua,MODIS,72,61.03,317.6,16.6,D,0
25.0201,76.0809,343.1,1.3,1.1,2026-05-03,1016,Aqua,MODIS,87,61.03,317.6,39.6,D,0
25.039,76.2364,330.2,1.4,1.2,2026-05-03,1016,Aqua,MODIS,62,61.03,312.9,11.9,D,0
25.0715,76.6862,331.4,1.5,1.2,2026-05-03,1016,Aqua,MODIS,68,61.03,313.4,18.1,D,0
25.1088,73.5045,326.8,1,1,2026-05-03,1016,Aqua,MODIS,29,61.03,312.9,8.9,D,0
25.1183,73.443,357.1,1,1,2026-05-03,1016,Aqua,MODIS,98,61.03,316,61.4,D,0
25.1271,73.4416,331.9,1,1,2026-05-03,1016,Aqua,MODIS,69,61.03,315.7,11.9,D,0
25.1591,73.4766,330,1,1,2026-05-03,1016,Aqua,MODIS,61,61.03,314.3,9.7,D,0
25.2259,76.0118,337.7,1.3,1.1,2026-05-03,1016,Aqua,MODIS,76,61.03,316.2,27.1,D,0
25.2401,75.785,335.6,1.3,1.1,2026-05-03,1016,Aqua,MODIS,77,61.03,315.8,23.9,D,0
25.2683,75.934,332,1.3,1.1,2026-05-03,1016,Aqua,MODIS,51,61.03,317.7,14.5,D,0
25.269,76.4485,337.8,1.4,1.2,2026-05-03,1016,Aqua,MODIS,80,61.03,316.9,29.3,D,0
25.2707,76.0376,331.2,1.3,1.1,2026-05-03,1016,Aqua,MODIS,35,61.03,314.6,12.2,D,0
25.2738,76.0633,332,1.3,1.1,2026-05-03,1016,Aqua,MODIS,60,61.03,317.4,14.9,D,0
25.3282,72.9693,330,1,1,2026-05-03,1016,Aqua,MODIS,59,61.03,315.5,8,D,0
25.3296,72.979,336,1,1,2026-05-03,1016,Aqua,MODIS,76,61.03,316.5,16.5,D,0
25.3324,74.976,330.4,1.2,1.1,2026-05-03,1016,Aqua,MODIS,67,61.03,315.9,10.8,D,0
25.3622,73.0828,330.7,1,1,2026-05-03,1016,Aqua,MODIS,62,61.03,316,9.7,D,0
25.3702,76.2627,336.7,1.4,1.2,2026-05-03,1016,Aqua,MODIS,74,61.03,312.6,28.5,D,0
25.3884,76.4107,337.6,1.4,1.2,2026-05-03,1016,Aqua,MODIS,80,61.03,316.1,27.7,D,0
25.8758,78.397,326.5,2,1.4,2026-05-03,1016,Aqua,MODIS,41,61.03,307.8,17.7,D,0
25.8795,78.3844,328.2,2,1.4,2026-05-03,1016,Aqua,MODIS,68,61.03,309.3,24.9,D,0
25.9797,78.345,327.6,2,1.4,2026-05-03,1016,Aqua,MODIS,66,61.03,309.1,18.7,D,0
26.0182,78.2011,328.9,1.9,1.4,2026-05-03,1016,Aqua,MODIS,69,61.03,308.8,22.2,D,0
26.3562,78.171,332.1,1.9,1.4,2026-05-03,1016,Aqua,MODIS,76,61.03,308.1,32.8,D,0
27.6697,77.2102,334.1,1.7,1.3,2026-05-03,1017,Aqua,MODIS,80,61.03,304.9,37.8,D,0
27.6713,77.2157,332.9,1.7,1.3,2026-05-03,1017,Aqua,MODIS,78,61.03,305,35,D,0
28.1928,76.8695,325.1,1.7,1.3,2026-05-03,1017,Aqua,MODIS,62,61.03,305.6,14.8,D,2
28.6388,76.4447,326.1,1.6,1.2,2026-05-03,1017,Aqua,MODIS,63,61.03,304.3,18.9,D,0
28.65,76.3484,328.1,1.6,1.2,2026-05-03,1017,Aqua,MODIS,68,61.03,305.6,20.9,D,0
28.6909,76.4955,325.4,1.6,1.2,2026-05-03,1017,Aqua,MODIS,60,61.03,303.6,16,D,0
28.7143,76.5082,325.6,1.6,1.2,2026-05-03,1017,Aqua,MODIS,63,61.03,305,17.2,D,0
28.7199,76.9806,320.8,1.7,1.3,2026-05-03,1017,Aqua,MODIS,45,61.03,302.7,12.4,D,0
28.886,76.7238,324,1.7,1.3,2026-05-03,1017,Aqua,MODIS,63,61.03,302.7,17.8,D,0
28.8878,76.7403,324,1.7,1.3,2026-05-03,1017,Aqua,MODIS,63,61.03,302.6,18.1,D,0
29.0358,76.1998,321.9,1.5,1.2,2026-05-03,1017,Aqua,MODIS,50,61.03,302.6,10.9,D,0
29.0375,76.2151,320.6,1.5,1.2,2026-05-03,1017,Aqua,MODIS,30,61.03,301.8,8.4,D,0
29.0387,76.7572,326.6,1.7,1.3,2026-05-03,1017,Aqua,MODIS,72,61.03,303.2,23.9,D,0
29.0462,76.7224,321.2,1.7,1.3,2026-05-03,1017,Aqua,MODIS,56,61.03,302.5,11.4,D,0
29.0903,75.7618,331.5,1.4,1.2,2026-05-03,1017,Aqua,MODIS,76,61.03,303.6,30.4,D,0
29.092,75.7762,327.7,1.5,1.2,2026-05-03,1017,Aqua,MODIS,69,61.03,303.6,22.4,D,0
29.1024,75.7747,331.5,1.5,1.2,2026-05-03,1017,Aqua,MODIS,76,61.03,303.1,31.3,D,0
29.1178,76.2506,322.3,1.6,1.2,2026-05-03,1017,Aqua,MODIS,55,61.03,302.7,12,D,0
29.1219,76.2431,321.9,1.6,1.2,2026-05-03,1017,Aqua,MODIS,54,61.03,302.6,10.5,D,0
29.1309,76.773,322.7,1.7,1.3,2026-05-03,1017,Aqua,MODIS,64,61.03,303.3,14.7,D,0
29.1587,76.8205,323.2,1.7,1.3,2026-05-03,1017,Aqua,MODIS,65,61.03,303.7,15.7,D,0
29.1934,76.2962,322.8,1.6,1.2,2026-05-03,1017,Aqua,MODIS,59,61.03,302.9,13.4,D,0
29.2235,76.568,323.2,1.6,1.3,2026-05-03,1017,Aqua,MODIS,63,61.03,304.1,15,D,0
29.2365,76.0652,329,1.5,1.2,2026-05-03,1017,Aqua,MODIS,73,61.03,303.4,26.3,D,0
29.2479,75.8812,324.7,1.5,1.2,2026-05-03,1017,Aqua,MODIS,62,61.03,302.4,17.5,D,0
29.2533,71.0926,326.6,1,1,2026-05-03,1017,Aqua,MODIS,65,61.03,310.3,10.3,D,0
29.3199,75.9847,321,1.5,1.2,2026-05-03,1017,Aqua,MODIS,43,61.03,302.9,10.8,D,0
29.36,74.3563,332.4,1.2,1.1,2026-05-03,1017,Aqua,MODIS,76,61.03,307.5,20,D,0
29.3622,74.5303,330.3,1.2,1.1,2026-05-03,1017,Aqua,MODIS,73,61.03,307.5,16.8,D,0
29.3627,74.3502,328.7,1.2,1.1,2026-05-03,1017,Aqua,MODIS,70,61.03,307.2,14,D,0
29.3641,74.3623,327.5,1.2,1.1,2026-05-03,1017,Aqua,MODIS,67,61.03,308,12.2,D,0
29.3679,76.4198,329.5,1.6,1.2,2026-05-03,1017,Aqua,MODIS,76,61.03,305.1,28.7,D,0
29.3696,76.4359,329,1.6,1.3,2026-05-03,1017,Aqua,MODIS,75,61.03,304.4,27,D,0
29.4755,74.4368,325.7,1.2,1.1,2026-05-03,1017,Aqua,MODIS,65,61.03,306.4,10.7,D,0
29.5637,75.4432,322.9,1.4,1.2,2026-05-03,1017,Aqua,MODIS,57,61.03,303.4,12.2,D,0
29.5814,71.5631,324.2,1,1,2026-05-03,1017,Aqua,MODIS,65,61.03,308.7,8.6,D,0
29.5937,76.6084,321.8,1.7,1.3,2026-05-03,1017,Aqua,MODIS,65,61.03,304.7,13.8,D,0
29.6184,76.1093,323.4,1.6,1.2,2026-05-03,1017,Aqua,MODIS,65,61.03,304.7,14,D,0
29.6202,76.1248,326.9,1.6,1.2,2026-05-03,1017,Aqua,MODIS,73,61.03,304.5,21.4,D,0
29.6218,75.601,323.3,1.4,1.2,2026-05-03,1017,Aqua,MODIS,62,61.03,302.7,13.5,D,0
29.6602,75.8488,321.8,1.5,1.2,2026-05-03,1017,Aqua,MODIS,60,61.03,303.4,10.6,D,0
29.6733,75.6817,327.4,1.5,1.2,2026-05-03,1017,Aqua,MODIS,57,61.03,302.3,22.4,D,0
29.7445,74.3878,320.2,1.2,1.1,2026-05-03,1017,Aqua,MODIS,39,61.03,298,7.6,D,0
29.7601,76.3554,324.2,1.6,1.3,2026-05-03,1017,Aqua,MODIS,70,61.03,305.3,18.2,D,0
29.7788,75.8106,321.6,1.5,1.2,2026-05-03,1017,Aqua,MODIS,59,61.03,302.7,10.7,D,0
29.7826,75.7496,321.2,1.5,1.2,2026-05-03,1017,Aqua,MODIS,58,61.03,299.4,12.1,D,0
29.797,74.9981,334.6,1.3,1.1,2026-05-03,1017,Aqua,MODIS,81,61.03,303.8,33,D,0
29.817,76.6673,323,1.7,1.3,2026-05-03,1017,Aqua,MODIS,70,61.03,304.2,15.3,D,0
29.8653,75.0641,322.9,1.3,1.1,2026-05-03,1017,Aqua,MODIS,60,61.03,303.6,11,D,0
29.9304,75.6254,325.5,1.5,1.2,2026-05-03,1017,Aqua,MODIS,70,61.03,303.4,19.2,D,0
29.9746,74.7776,327.8,1.3,1.1,2026-05-03,1017,Aqua,MODIS,65,61.03,299.1,21.3,D,0
30.0267,75.7545,323,1.5,1.2,2026-05-03,1017,Aqua,MODIS,66,61.03,303.1,11.9,D,0
30.0284,75.7695,324.5,1.5,1.2,2026-05-03,1017,Aqua,MODIS,69,61.03,303.2,14.6,D,0
30.0312,74.4745,327.6,1.3,1.1,2026-05-03,1017,Aqua,MODIS,73,61.03,300.7,17.8,D,0
30.0564,73.703,325.7,1.2,1.1,2026-05-03,1017,Aqua,MODIS,72,61.03,303,11.2,D,0
30.0688,75.7483,330.4,1.5,1.2,2026-05-03,1017,Aqua,MODIS,78,61.03,304.1,27.3,D,0
30.0714,76.0593,326.4,1.6,1.2,2026-05-03,1017,Aqua,MODIS,73,61.03,305,20,D,0
30.0732,75.7419,324.1,1.5,1.2,2026-05-03,1017,Aqua,MODIS,68,61.03,304.1,13.4,D,0
30.0748,75.7569,326.3,1.5,1.2,2026-05-03,1017,Aqua,MODIS,72,61.03,303.2,18.3,D,0
30.0953,74.5936,326.5,1.3,1.1,2026-05-03,1017,Aqua,MODIS,71,61.03,302.8,15.2,D,0
30.1223,75.2568,324.3,1.4,1.2,2026-05-03,1017,Aqua,MODIS,68,61.03,305.6,11.2,D,0
30.123,75.1717,327.4,1.4,1.2,2026-05-03,1017,Aqua,MODIS,73,61.03,304.4,17.8,D,0
30.1379,76.1402,332.9,1.6,1.2,2026-05-03,1017,Aqua,MODIS,82,61.03,306.2,34.9,D,0
30.1479,74.6056,323.3,1.3,1.1,2026-05-03,1017,Aqua,MODIS,64,61.03,301.3,10.6,D,0
30.1999,75.14,322.7,1.4,1.2,2026-05-03,1017,Aqua,MODIS,63,61.03,303.8,9.4,D,0
30.2078,75.2094,324.6,1.4,1.2,2026-05-03,1017,Aqua,MODIS,68,61.03,305.6,11.9,D,0
30.2122,75.7758,328.4,1.5,1.2,2026-05-03,1017,Aqua,MODIS,76,61.03,305.3,21.2,D,0
30.2145,75.9942,334.1,1.6,1.2,2026-05-03,1017,Aqua,MODIS,82,61.03,305.6,37.8,D,0
30.2148,75.18,372.3,1.4,1.2,2026-05-03,1017,Aqua,MODIS,100,61.03,308.6,174.7,D,0
30.2164,75.1939,341.9,1.4,1.2,2026-05-03,1017,Aqua,MODIS,89,61.03,305.5,49.9,D,0
30.2173,75.3572,336.2,1.4,1.2,2026-05-03,1017,Aqua,MODIS,84,61.03,305.9,36.4,D,0
30.2237,75.3504,323.8,1.4,1.2,2026-05-03,1017,Aqua,MODIS,60,61.03,304.8,10.5,D,0
30.2249,75.1784,327.6,1.4,1.2,2026-05-03,1017,Aqua,MODIS,74,61.03,304.6,16.2,D,0
30.2272,75.5318,326.6,1.5,1.2,2026-05-03,1017,Aqua,MODIS,73,61.03,306.1,16.3,D,0
30.2374,75.5691,325.7,1.5,1.2,2026-05-03,1017,Aqua,MODIS,71,61.03,305.6,13.3,D,0
30.2381,75.9118,325.1,1.5,1.2,2026-05-03,1017,Aqua,MODIS,54,61.03,305.3,14,D,0
30.2388,75.3917,324.2,1.4,1.2,2026-05-03,1017,Aqua,MODIS,68,61.03,305.6,11.1,D,0
30.241,75.5595,326.7,1.5,1.2,2026-05-03,1017,Aqua,MODIS,73,61.03,306.5,15.8,D,0
30.2683,75.8545,324.7,1.5,1.2,2026-05-03,1017,Aqua,MODIS,69,61.03,306.1,13.8,D,0
30.29,75.472,326.7,1.4,1.2,2026-05-03,1017,Aqua,MODIS,73,61.03,305.1,17.5,D,0
30.2963,75.6203,324.7,1.5,1.2,2026-05-03,1017,Aqua,MODIS,69,61.03,306.4,13.5,D,0
30.3113,74.9489,327.2,1.3,1.1,2026-05-03,1017,Aqua,MODIS,73,61.03,304.8,16.6,D,0
30.3193,75.0169,322.4,1.4,1.2,2026-05-03,1017,Aqua,MODIS,62,61.03,304,8.7,D,0
30.3305,75.8298,324.7,1.5,1.2,2026-05-03,1017,Aqua,MODIS,69,61.03,306.1,13.5,D,0
30.336,75.7824,334.6,1.5,1.2,2026-05-03,1017,Aqua,MODIS,83,61.03,306.4,36.8,D,0
30.3522,75.4856,326.4,1.4,1.2,2026-05-03,1017,Aqua,MODIS,72,61.03,305.8,15.3,D,0
30.3593,76.2931,327.2,1.6,1.3,2026-05-03,1017,Aqua,MODIS,74,61.03,303.7,24.9,D,0
30.3871,75.4212,326.1,1.4,1.2,2026-05-03,1017,Aqua,MODIS,71,61.03,305.9,15.1,D,0
30.3943,75.7672,327.3,1.5,1.2,2026-05-03,1017,Aqua,MODIS,74,61.03,306.1,20.3,D,0
30.396,75.7825,328.1,1.5,1.2,2026-05-03,1017,Aqua,MODIS,75,61.03,305.7,22.4,D,0
30.4,76.0186,327.4,1.6,1.2,2026-05-03,1017,Aqua,MODIS,74,61.03,304.2,24.4,D,0
30.4142,75.6568,327.3,1.5,1.2,2026-05-03,1017,Aqua,MODIS,74,61.03,306,18.2,D,0
30.4297,76.1933,327,1.6,1.2,2026-05-03,1017,Aqua,MODIS,74,61.03,302.7,25.9,D,0
29.9518,71.9594,326.4,1,1,2026-05-03,1018,Aqua,MODIS,73,61.03,307.1,11.3,D,0
30.2818,70.6599,352.2,1,1,2026-05-03,1018,Aqua,MODIS,95,61.03,312.1,52.8,D,0
30.3176,74.664,324.5,1.3,1.1,2026-05-03,1018,Aqua,MODIS,67,61.03,303.9,11.1,D,0
30.3333,74.5372,324.6,1.3,1.1,2026-05-03,1018,Aqua,MODIS,68,61.03,302.9,12.3,D,0
30.3343,74.023,323.1,1.2,1.1,2026-05-03,1018,Aqua,MODIS,66,61.03,303.5,9.6,D,0
30.3355,70.6434,324.8,1,1,2026-05-03,1018,Aqua,MODIS,62,61.03,309.7,6.7,D,0
30.3404,74.6813,352.9,1.3,1.1,2026-05-03,1018,Aqua,MODIS,96,61.03,305.1,78.6,D,0
30.3431,73.7066,324.1,1.2,1.1,2026-05-03,1018,Aqua,MODIS,68,61.03,303.5,12.1,D,0
30.3438,74.0214,325.2,1.2,1.1,2026-05-03,1018,Aqua,MODIS,70,61.03,302.5,11.7,D,0
30.3502,74.6797,327.4,1.3,1.1,2026-05-03,1018,Aqua,MODIS,73,61.03,304.5,15.8,D,0
30.3709,74.0046,322.5,1.2,1.1,2026-05-03,1018,Aqua,MODIS,64,61.03,303.5,7.7,D,0
30.3724,74.0166,324.7,1.2,1.1,2026-05-03,1018,Aqua,MODIS,69,61.03,303.6,10.9,D,0
30.3858,75.2555,326.2,1.4,1.2,2026-05-03,1018,Aqua,MODIS,72,61.03,304.9,15,D,0
30.3869,73.9773,325.1,1.2,1.1,2026-05-03,1018,Aqua,MODIS,70,61.03,304.8,11.4,D,0
30.3894,75.2607,327.3,1.4,1.2,2026-05-03,1018,Aqua,MODIS,73,61.03,304.7,18.5,D,0
30.4047,75.2382,324.8,1.4,1.2,2026-05-03,1018,Aqua,MODIS,70,61.03,305.7,13.4,D,0
30.4242,75.6039,325.8,1.5,1.2,2026-05-03,1018,Aqua,MODIS,71,61.03,305.5,14.8,D,0
30.4468,75.3331,329.5,1.4,1.2,2026-05-03,1018,Aqua,MODIS,77,61.03,305.8,22.2,D,0
30.4478,75.7226,323.8,1.5,1.2,2026-05-03,1018,Aqua,MODIS,68,61.03,305.9,12,D,0
30.449,74.819,324.9,1.3,1.1,2026-05-03,1018,Aqua,MODIS,70,61.03,305.6,12,D,0
30.4495,75.7378,324.6,1.5,1.2,2026-05-03,1018,Aqua,MODIS,69,61.03,306.1,13.6,D,2
30.4513,75.4648,324.6,1.4,1.2,2026-05-03,1018,Aqua,MODIS,69,61.03,305,12.8,D,0
30.4543,75.8206,322.6,1.5,1.2,2026-05-03,1018,Aqua,MODIS,64,61.03,305.1,11.7,D,0
30.4584,75.721,327.8,1.5,1.2,2026-05-03,1018,Aqua,MODIS,71,61.03,305.9,19.2,D,0
30.4687,75.0792,330.1,1.4,1.2,2026-05-03,1018,Aqua,MODIS,78,61.03,306.2,22.5,D,0
30.4703,75.0931,324,1.4,1.2,2026-05-03,1018,Aqua,MODIS,69,61.03,306.1,10.9,D,0
30.4868,74.8814,329.6,1.3,1.1,2026-05-03,1018,Aqua,MODIS,77,61.03,306,20.2,D,0
30.4948,75.3844,323.6,1.4,1.2,2026-05-03,1018,Aqua,MODIS,67,61.03,305.3,10.8,D,0
30.5037,75.391,327.3,1.4,1.2,2026-05-03,1018,Aqua,MODIS,64,61.03,305.5,16.7,D,0
30.5072,74.7962,324.2,1.3,1.1,2026-05-03,1018,Aqua,MODIS,68,61.03,303.7,12.4,D,0
30.5102,75.4493,333.9,1.4,1.2,2026-05-03,1018,Aqua,MODIS,83,61.03,305.7,33.5,D,0
30.5118,75.4639,325.5,1.5,1.2,2026-05-03,1018,Aqua,MODIS,72,61.03,305.2,14.8,D,0
30.5125,75.375,325.8,1.4,1.2,2026-05-03,1018,Aqua,MODIS,72,61.03,305.8,14.1,D,0
30.5206,75.1706,326.9,1.4,1.2,2026-05-03,1018,Aqua,MODIS,74,61.03,306.1,16.1,D,0
30.5223,74.4161,324.7,1.3,1.1,2026-05-03,1018,Aqua,MODIS,69,61.03,306.3,10.7,D,0
30.5228,75.3734,324.4,1.4,1.2,2026-05-03,1018,Aqua,MODIS,56,61.03,305.1,11,D,0
30.5244,75.3879,334.8,1.4,1.2,2026-05-03,1018,Aqua,MODIS,83,61.03,305.9,34.3,D,0
30.5373,74.1009,323.1,1.2,1.1,2026-05-03,1018,Aqua,MODIS,67,61.03,304.9,9.1,D,0
30.5419,75.3558,323.6,1.4,1.2,2026-05-03,1018,Aqua,MODIS,68,61.03,304.7,10.1,D,0
30.5519,74.3338,328.6,1.3,1.1,2026-05-03,1018,Aqua,MODIS,76,61.03,305.3,16.5,D,0
30.5535,74.3464,333.7,1.3,1.1,2026-05-03,1018,Aqua,MODIS,82,61.03,305.5,25.9,D,0
30.5561,74.3391,332.5,1.3,1.1,2026-05-03,1018,Aqua,MODIS,81,61.03,305.8,23.8,D,0
30.5622,74.5803,323,1.3,1.1,2026-05-03,1018,Aqua,MODIS,66,61.03,304.6,8.4,D,0
30.5759,75.4691,323.9,1.5,1.2,2026-05-03,1018,Aqua,MODIS,69,61.03,305.9,12.5,D,0
30.5776,75.4838,331.2,1.5,1.2,2026-05-03,1018,Aqua,MODIS,80,61.03,305.6,27.9,D,0
30.5798,74.986,325.4,1.4,1.2,2026-05-03,1018,Aqua,MODIS,72,61.03,305.5,13.6,D,0
30.5861,75.9469,322.4,1.6,1.2,2026-05-03,1018,Aqua,MODIS,67,61.03,304.1,12.8,D,0
30.5912,75.6026,334.5,1.5,1.2,2026-05-03,1018,Aqua,MODIS,83,61.03,305.8,37,D,0
30.5929,75.6176,331.2,1.5,1.2,2026-05-03,1018,Aqua,MODIS,80,61.03,305.4,28.6,D,0
30.6066,75.311,328.4,1.4,1.2,2026-05-03,1018,Aqua,MODIS,77,61.03,304.7,22.2,D,0
30.6082,75.3254,326.3,1.4,1.2,2026-05-03,1018,Aqua,MODIS,74,61.03,304.2,17.7,D,0
30.6116,74.2275,334.4,1.2,1.1,2026-05-03,1018,Aqua,MODIS,83,61.03,306.6,26.5,D,0
30.617,75.8312,338.9,1.5,1.2,2026-05-03,1018,Aqua,MODIS,87,61.03,304.8,52.7,D,0
30.6213,74.226,327.5,1.2,1.1,2026-05-03,1018,Aqua,MODIS,75,61.03,306.3,13.9,D,0
30.6254,74.1564,326.9,1.2,1.1,2026-05-03,1018,Aqua,MODIS,34,61.03,305.3,13.2,D,0
30.6256,75.2934,327.4,1.4,1.2,2026-05-03,1018,Aqua,MODIS,76,61.03,304.6,19.8,D,0
30.6268,74.1688,328.8,1.2,1.1,2026-05-03,1018,Aqua,MODIS,76,61.03,305.4,16.6,D,0
30.6273,75.3078,336.4,1.4,1.2,2026-05-03,1018,Aqua,MODIS,85,61.03,305.3,40.3,D,0
30.6275,74.2761,336.3,1.2,1.1,2026-05-03,1018,Aqua,MODIS,84,61.03,307.3,29.5,D,0
30.635,74.1548,328.1,1.2,1.1,2026-05-03,1018,Aqua,MODIS,67,61.03,303.9,16.9,D,0
30.6431,74.4027,326.1,1.3,1.1,2026-05-03,1018,Aqua,MODIS,72,61.03,306.7,11.9,D,0
30.6849,74.5749,330.3,1.3,1.1,2026-05-03,1018,Aqua,MODIS,79,61.03,305.7,19.2,D,0
30.7244,71.7372,326.6,1,1,2026-05-03,1018,Aqua,MODIS,67,61.03,307.6,10,D,0
30.7405,74.8788,326.8,1.3,1.2,2026-05-03,1018,Aqua,MODIS,75,61.03,304.5,16.6,D,0
30.7436,74.6459,325.7,1.3,1.1,2026-05-03,1018,Aqua,MODIS,73,61.03,305.1,13.9,D,0
30.7463,71.7645,325,1,1,2026-05-03,1018,Aqua,MODIS,62,61.03,307.8,7.6,D,0
30.775,71.3758,331.4,1,1,2026-05-03,1018,Aqua,MODIS,76,61.03,312.1,12.3,D,0
30.793,74.5373,327.9,1.3,1.1,2026-05-03,1018,Aqua,MODIS,76,61.03,304.9,14.8,D,0
30.8257,74.5587,325.8,1.3,1.1,2026-05-03,1018,Aqua,MODIS,56,61.03,304.9,9.5,D,0
30.8273,74.5718,341.9,1.3,1.1,2026-05-03,1018,Aqua,MODIS,89,61.03,306.7,43.6,D,0
30.8372,74.5703,325.9,1.3,1.1,2026-05-03,1018,Aqua,MODIS,49,61.03,304.2,10,D,0
30.8383,74.6644,326.2,1.3,1.1,2026-05-03,1018,Aqua,MODIS,74,61.03,305.2,12.8,D,0
30.8569,74.5671,327.4,1.3,1.1,2026-05-03,1018,Aqua,MODIS,48,61.03,305.2,13.1,D,0
30.8582,74.5748,328.1,1.3,1.1,2026-05-03,1018,Aqua,MODIS,56,61.03,305.1,14.8,D,0
30.8666,74.56,324,1.3,1.1,2026-05-03,1018,Aqua,MODIS,56,61.03,304.5,9.6,D,0
30.8672,74.4799,325.3,1.3,1.1,2026-05-03,1018,Aqua,MODIS,73,61.03,305.1,12.5,D,0
30.8687,74.493,323.8,1.3,1.1,2026-05-03,1018,Aqua,MODIS,70,61.03,305.1,10,D,0
30.8743,74.6261,330.8,1.3,1.1,2026-05-03,1018,Aqua,MODIS,80,61.03,305.5,21.9,D,0
30.9381,74.7385,330.2,1.3,1.1,2026-05-03,1018,Aqua,MODIS,80,61.03,303.1,24.5,D,0
31.0144,72.2341,327.5,1,1,2026-05-03,1018,Aqua,MODIS,71,61.03,306.7,12.7,D,0
31.0334,74.6754,323.7,1.3,1.1,2026-05-03,1018,Aqua,MODIS,71,61.03,304.7,11.3,D,0
31.035,74.6888,322.5,1.3,1.1,2026-05-03,1018,Aqua,MODIS,63,61.03,304.2,9.3,D,0
31.0414,71.9541,324.7,1,1,2026-05-03,1018,Aqua,MODIS,44,61.03,306.8,7.8,D,0
31.0429,71.9645,322,1,1,2026-05-03,1018,Aqua,MODIS,23,61.03,305.9,5.4,D,0
31.0433,74.6738,328.9,1.3,1.1,2026-05-03,1018,Aqua,MODIS,78,61.03,304.2,20.6,D,0
31.124,70.6627,334.8,1,1,2026-05-03,1018,Aqua,MODIS,80,61.03,309.9,20.7,D,0
31.4284,75.1876,326.4,1.4,1.2,2026-05-03,1018,Aqua,MODIS,0,61.03,299.9,25.1,D,0
31.5028,74.9505,322.1,1.4,1.2,2026-05-03,1018,Aqua,MODIS,68,61.03,303.4,13.2,D,0
31.8534,73.7056,320.9,1.2,1.1,2026-05-03,1018,Aqua,MODIS,61,61.03,303.4,7.7,D,0
31.8563,73.6993,325.4,1.2,1.1,2026-05-03,1018,Aqua,MODIS,71,61.03,304.1,14.4,D,0
32.4009,75.3137,325.9,1.5,1.2,2026-05-03,1018,Aqua,MODIS,75,61.03,303.7,20.1,D,0
32.4259,75.3043,322.5,1.5,1.2,2026-05-03,1018,Aqua,MODIS,63,61.03,305,12.3,D,0
32.4749,74.9057,324.9,1.4,1.2,2026-05-03,1018,Aqua,MODIS,38,61.03,306.2,12.9,D,0
32.4824,74.7858,321.8,1.4,1.2,2026-05-03,1018,Aqua,MODIS,69,61.03,305.2,10.4,D,0
32.5268,74.8084,323.6,1.4,1.2,2026-05-03,1018,Aqua,MODIS,72,61.03,305.8,12.6,D,0
32.6101,74.8343,327.3,1.4,1.2,2026-05-03,1018,Aqua,MODIS,77,61.03,306,19,D,0
17.6114,83.2022,308,1,1,2026-05-03,1510,Terra,MODIS,72,61.03,296.4,4.9,N,2
18.5539,77.7337,315.6,1.8,1.3,2026-05-03,1510,Terra,MODIS,90,61.03,294.6,25.2,N,0
18.5566,77.7499,307.4,1.8,1.3,2026-05-03,1510,Terra,MODIS,64,61.03,294.6,11.1,N,0
20.3337,79.5235,311.4,1.3,1.1,2026-05-03,1511,Terra,MODIS,78,61.03,299.5,8.5,N,0
20.3355,79.5352,316.8,1.3,1.1,2026-05-03,1511,Terra,MODIS,93,61.03,300.6,15.1,N,0
20.6931,79.3254,313.9,1.3,1.1,2026-05-03,1511,Terra,MODIS,82,61.03,300.3,11,N,0
20.9491,80.167,311.8,1.1,1.1,2026-05-03,1511,Terra,MODIS,69,61.03,299.7,7.1,N,0
20.9619,85.1734,311.5,1.2,1.1,2026-05-03,1511,Terra,MODIS,35,61.03,300.4,8.2,N,2
20.9633,85.1845,314,1.2,1.1,2026-05-03,1511,Terra,MODIS,78,61.03,300.2,11.2,N,2
20.9677,86.0081,309.9,1.3,1.1,2026-05-03,1511,Terra,MODIS,63,61.03,298.1,9.4,N,2
20.9678,86.0017,309.2,1.3,1.1,2026-05-03,1511,Terra,MODIS,66,61.03,297.9,8.8,N,2
20.9714,85.1721,320.5,1.2,1.1,2026-05-03,1511,Terra,MODIS,100,61.03,300.3,18.4,N,2
21.076,85.0398,310.1,1.2,1.1,2026-05-03,1511,Terra,MODIS,72,61.03,300,7.9,N,2
21.5557,77.4147,305.9,1.7,1.3,2026-05-03,1511,Terra,MODIS,18,61.03,295.3,8.3,N,0
21.9214,79.3405,310.2,1.2,1.1,2026-05-03,1511,Terra,MODIS,76,61.03,295.5,9.7,N,0
21.9265,79.1848,307.2,1.3,1.1,2026-05-03,1511,Terra,MODIS,64,61.03,294.8,7.5,N,0
21.9284,79.1965,311.8,1.3,1.1,2026-05-03,1511,Terra,MODIS,81,61.03,294.7,12.1,N,0
21.931,79.3387,311.4,1.2,1.1,2026-05-03,1511,Terra,MODIS,65,61.03,295.6,12,N,0
21.934,79.4204,306.7,1.2,1.1,2026-05-03,1511,Terra,MODIS,62,61.03,295.7,5.7,N,0
21.9496,79.2046,310.2,1.3,1.1,2026-05-03,1511,Terra,MODIS,75,61.03,293.4,10.2,N,0
21.9543,78.9048,309.5,1.3,1.1,2026-05-03,1511,Terra,MODIS,72,61.03,297.7,8.9,N,0
21.9993,79.5247,307.5,1.2,1.1,2026-05-03,1511,Terra,MODIS,65,61.03,296.5,6.4,N,0
22.001,79.5359,306,1.2,1.1,2026-05-03,1511,Terra,MODIS,58,61.03,295.9,5.3,N,0
22.0158,78.837,309.3,1.3,1.1,2026-05-03,1511,Terra,MODIS,70,61.03,295.1,10.2,N,0
22.032,79.2674,308.9,1.2,1.1,2026-05-03,1511,Terra,MODIS,70,61.03,294.9,9.1,N,0
22.0761,79.4237,310,1.2,1.1,2026-05-03,1511,Terra,MODIS,43,61.03,291.3,11.3,N,0
22.0862,79.2748,306.4,1.2,1.1,2026-05-03,1511,Terra,MODIS,42,61.03,293,8,N,0
22.1002,79.4246,307,1.2,1.1,2026-05-03,1511,Terra,MODIS,33,61.03,292.9,7,N,0
22.1336,79.1345,313.3,1.3,1.1,2026-05-03,1511,Terra,MODIS,84,61.03,295.2,12.9,N,0
22.2016,76.9892,310,1.7,1.3,2026-05-03,1511,Terra,MODIS,69,61.03,295.8,17.5,N,0
22.2131,76.8526,309,1.8,1.3,2026-05-03,1511,Terra,MODIS,64,61.03,298,13.4,N,0
22.2225,76.8442,308,1.8,1.3,2026-05-03,1511,Terra,MODIS,37,61.03,297.6,11.3,N,0
22.2656,79.6403,322.9,1.2,1.1,2026-05-03,1511,Terra,MODIS,100,61.03,296.9,22.4,N,0
22.2673,79.6512,314.1,1.2,1.1,2026-05-03,1511,Terra,MODIS,86,61.03,296.8,11.8,N,0
22.2785,79.5357,308.4,1.2,1.1,2026-05-03,1511,Terra,MODIS,58,61.03,296,6.9,N,0
22.3005,79.6789,320.1,1.2,1.1,2026-05-03,1511,Terra,MODIS,100,61.03,298.5,18,N,0
22.3021,79.6898,307.6,1.2,1.1,2026-05-03,1511,Terra,MODIS,55,61.03,296.4,4.6,N,0
22.3094,79.7998,310,1.2,1.1,2026-05-03,1511,Terra,MODIS,74,61.03,297.8,7.3,N,0
22.3098,79.6771,313.7,1.2,1.1,2026-05-03,1511,Terra,MODIS,73,61.03,298.2,10.7,N,0
22.3394,79.2043,306.3,1.2,1.1,2026-05-03,1511,Terra,MODIS,54,61.03,295.2,6.2,N,0
22.4007,80.2171,306.5,1.1,1,2026-05-03,1511,Terra,MODIS,59,61.03,296.3,4.4,N,0
22.4089,80.1561,312.7,1.1,1,2026-05-03,1511,Terra,MODIS,83,61.03,295.9,10.4,N,0
22.5763,79.8545,310.7,1.1,1.1,2026-05-03,1511,Terra,MODIS,74,61.03,297.8,7.7,N,0
22.5957,75.3384,309.8,2.2,1.5,2026-05-03,1511,Terra,MODIS,67,61.03,299.6,18.2,N,0
22.5994,75.359,310.2,2.2,1.4,2026-05-03,1511,Terra,MODIS,69,61.03,299.6,18.9,N,0
22.5999,75.3535,314,2.2,1.4,2026-05-03,1511,Terra,MODIS,84,61.03,299.6,27.3,N,0
22.6185,79.945,310.1,1.1,1.1,2026-05-03,1511,Terra,MODIS,73,61.03,298.1,6.7,N,0
22.6222,76.873,312.8,1.7,1.3,2026-05-03,1511,Terra,MODIS,81,61.03,297.3,19.4,N,0
22.625,76.8891,314,1.7,1.3,2026-05-03,1511,Terra,MODIS,84,61.03,297.8,21.4,N,0
22.6844,79.8946,308.8,1.1,1.1,2026-05-03,1511,Terra,MODIS,67,61.03,297.6,6,N,0
22.7228,79.3536,319.9,1.2,1.1,2026-05-03,1511,Terra,MODIS,99,61.03,298.4,18.7,N,0
23.1653,82.3398,314.2,1,1,2026-05-03,1511,Terra,MODIS,89,61.03,297.1,10.4,N,2
23.736,86.4354,307.8,1.5,1.2,2026-05-03,1511,Terra,MODIS,32,61.03,293.6,9.7,N,2
23.7647,86.4023,306.3,1.5,1.2,2026-05-03,1511,Terra,MODIS,38,61.03,292.4,6.6,N,2
23.7809,86.2066,309.3,1.5,1.2,2026-05-03,1511,Terra,MODIS,77,61.03,295.1,11.5,N,2
23.2312,75.7797,312.5,2,1.4,2026-05-03,1512,Terra,MODIS,82,61.03,299.1,19.5,N,0
23.2357,75.7734,316.2,2,1.4,2026-05-03,1512,Terra,MODIS,91,61.03,299.1,27.3,N,0
23.2498,75.8146,327.1,2,1.4,2026-05-03,1512,Terra,MODIS,100,61.03,299.5,58.6,N,0
23.2545,75.8084,322.6,2,1.4,2026-05-03,1512,Terra,MODIS,100,61.03,299.1,44.4,N,0
23.3544,75.8833,311.1,2,1.4,2026-05-03,1512,Terra,MODIS,78,61.03,299.4,14.2,N,0
23.5873,77.8,305.3,1.4,1.2,2026-05-03,1512,Terra,MODIS,34,61.03,290.9,5.2,N,0
23.604,77.791,306.8,1.4,1.2,2026-05-03,1512,Terra,MODIS,53,61.03,294.7,7.3,N,0
23.6237,78.3421,304.9,1.3,1.1,2026-05-03,1512,Terra,MODIS,62,61.03,293.9,7,N,0
23.6277,77.8694,320.1,1.4,1.2,2026-05-03,1512,Terra,MODIS,100,61.03,296.8,23.5,N,0
23.6413,75.3385,307.7,2.1,1.4,2026-05-03,1512,Terra,MODIS,57,61.03,297.7,12.3,N,0
23.6558,75.3289,312.8,2.1,1.4,2026-05-03,1512,Terra,MODIS,80,61.03,297.7,22.7,N,0
23.6683,75.9048,312.1,1.9,1.4,2026-05-03,1512,Terra,MODIS,79,61.03,298.5,17.6,N,0
23.6688,75.7713,310.3,2,1.4,2026-05-03,1512,Terra,MODIS,72,61.03,298.3,14.8,N,0
23.7182,77.5349,308.9,1.5,1.2,2026-05-03,1512,Terra,MODIS,75,61.03,298.1,8.8,N,0
23.7245,77.8299,308,1.4,1.2,2026-05-03,1512,Terra,MODIS,73,61.03,297.2,7,N,0
23.7469,77.6436,310.5,1.5,1.2,2026-05-03,1512,Terra,MODIS,80,61.03,296.7,10.9,N,0
23.748,77.6093,319.3,1.5,1.2,2026-05-03,1512,Terra,MODIS,98,61.03,297.9,22.4,N,0
23.7491,77.6573,325.3,1.5,1.2,2026-05-03,1512,Terra,MODIS,100,61.03,296.2,35,N,0
23.7504,77.623,312.6,1.5,1.2,2026-05-03,1512,Terra,MODIS,85,61.03,297.2,12.3,N,0
23.7527,77.614,338.6,1.5,1.2,2026-05-03,1512,Terra,MODIS,100,61.03,298.4,65.2,N,0
23.755,77.6504,310.5,1.5,1.2,2026-05-03,1512,Terra,MODIS,70,61.03,296.3,11.4,N,0
23.7584,77.6072,318.6,1.5,1.2,2026-05-03,1512,Terra,MODIS,97,61.03,297.7,21.3,N,0
23.7607,77.621,313.3,1.5,1.2,2026-05-03,1512,Terra,MODIS,86,61.03,297.7,13.3,N,0
23.7755,77.1915,310.2,1.6,1.2,2026-05-03,1512,Terra,MODIS,78,61.03,296.6,11,N,0
23.7787,77.1846,306.9,1.6,1.2,2026-05-03,1512,Terra,MODIS,67,61.03,296.6,7.4,N,0
23.8266,75.549,309.4,2,1.4,2026-05-03,1512,Terra,MODIS,65,61.03,298.7,14.5,N,0
23.9153,78.1101,314.5,1.4,1.2,2026-05-03,1512,Terra,MODIS,72,61.03,289.7,22,N,0
23.9212,76.4117,314.7,1.8,1.3,2026-05-03,1512,Terra,MODIS,86,61.03,298.4,19.8,N,0
23.9228,76.417,311.9,1.8,1.3,2026-05-03,1512,Terra,MODIS,78,61.03,298.3,14.5,N,0
23.9753,78.421,307,1.3,1.1,2026-05-03,1512,Terra,MODIS,70,61.03,294.6,6.7,N,0
23.9774,77.5509,313.1,1.5,1.2,2026-05-03,1512,Terra,MODIS,85,61.03,296.6,14.2,N,0
24.1538,78.0573,307.3,1.4,1.2,2026-05-03,1512,Terra,MODIS,68,61.03,296.8,7.2,N,0
24.2026,82.7128,308.7,1,1,2026-05-03,1512,Terra,MODIS,66,61.03,298,5.1,N,0
24.2581,77.9379,315.6,1.4,1.2,2026-05-03,1512,Terra,MODIS,91,61.03,297.1,16.8,N,0
24.5553,76.0581,311,1.8,1.3,2026-05-03,1512,Terra,MODIS,75,61.03,300.6,12.6,N,0
24.612,77.4643,307,1.4,1.2,2026-05-03,1512,Terra,MODIS,57,61.03,295.9,8.1,N,0
24.8002,77.2497,311.8,1.5,1.2,2026-05-03,1512,Terra,MODIS,80,61.03,297.1,13.4,N,0
24.8027,77.2638,310.5,1.5,1.2,2026-05-03,1512,Terra,MODIS,75,61.03,297.5,11.6,N,0
24.8054,77.2544,323.6,1.5,1.2,2026-05-03,1512,Terra,MODIS,100,61.03,297.7,32.3,N,0
24.9159,82.6694,307,1,1,2026-05-03,1512,Terra,MODIS,54,61.03,296.9,4.6,N,0
24.9298,77.0839,309.7,1.5,1.2,2026-05-03,1512,Terra,MODIS,72,61.03,297.8,11.2,N,0
24.9403,77.0816,310.9,1.5,1.2,2026-05-03,1512,Terra,MODIS,76,61.03,297.7,12.3,N,0
24.9796,76.162,315.3,1.7,1.3,2026-05-03,1512,Terra,MODIS,88,61.03,298.1,21.7,N,0
24.9808,76.1674,311.8,1.7,1.3,2026-05-03,1512,Terra,MODIS,77,61.03,298.2,15.7,N,0
25.0069,77.3096,308.6,1.5,1.2,2026-05-03,1512,Terra,MODIS,66,61.03,296.8,10.1,N,0
25.0271,82.3196,308.8,1,1,2026-05-03,1512,Terra,MODIS,64,61.03,297.7,5.5,N,0
25.0947,76.4871,312,1.6,1.3,2026-05-03,1512,Terra,MODIS,79,61.03,299.4,14,N,0
25.1453,79.7722,307.6,1.1,1,2026-05-03,1512,Terra,MODIS,57,61.03,281.7,8.5,N,0
25.2934,76.2277,321.7,1.7,1.3,2026-05-03,1512,Terra,MODIS,100,61.03,297.7,34.5,N,0
25.3102,76.2574,307.4,1.7,1.3,2026-05-03,1512,Terra,MODIS,66,61.03,297.2,8.5,N,0
25.3377,76.218,307.9,1.7,1.3,2026-05-03,1512,Terra,MODIS,68,61.03,297.2,9.7,N,0
25.3626,76.1618,311.9,1.7,1.3,2026-05-03,1512,Terra,MODIS,81,61.03,298.2,14.2,N,0
25.3648,76.1726,308.1,1.7,1.3,2026-05-03,1512,Terra,MODIS,70,61.03,297.7,9,N,0
25.3711,76.2717,310.6,1.7,1.3,2026-05-03,1512,Terra,MODIS,76,61.03,298.4,11.5,N,0
25.3951,76.5482,309,1.6,1.2,2026-05-03,1512,Terra,MODIS,72,61.03,297.2,10.4,N,0
25.5681,79.7538,313.2,1.1,1,2026-05-03,1512,Terra,MODIS,83,61.03,283.1,12.3,N,0
25.7964,79.1878,306.4,1.1,1.1,2026-05-03,1512,Terra,MODIS,64,61.03,284,7.2,N,0
25.7981,79.1986,302.2,1.1,1.1,2026-05-03,1512,Terra,MODIS,36,61.03,284.5,4.3,N,0
25.8257,79.1934,305.6,1.1,1.1,2026-05-03,1512,Terra,MODIS,60,61.03,285.9,6.1,N,0
26.5039,78.4453,312.8,1.2,1.1,2026-05-03,1512,Terra,MODIS,80,61.03,298.3,9.9,N,0
29.4807,77.9873,316.7,1.1,1.1,2026-05-03,1513,Terra,MODIS,94,61.03,294.5,16.7,N,0
30.68,74.3858,305.2,1.8,1.3,2026-05-03,1514,Terra,MODIS,62,61.03,293.7,9.3,N,0
30.7323,74.2923,303,1.8,1.3,2026-05-03,1514,Terra,MODIS,53,61.03,292.7,8.3,N,0
20.9503,80.1801,307.6,1.1,1.1,2026-05-03,2222,Aqua,MODIS,69,61.03,297.1,6,N,0
21.7495,83.8433,309.1,1.8,1.3,2026-05-03,2222,Aqua,MODIS,62,61.03,294.3,15.6,N,2
21.7505,83.8541,304.3,1.9,1.3,2026-05-03,2222,Aqua,MODIS,19,61.03,294.1,8.6,N,2
21.9214,83.3551,305.3,1.7,1.3,2026-05-03,2222,Aqua,MODIS,64,61.03,295.1,9.4,N,2
22.0602,79.2694,306,1,1,2026-05-03,2222,Aqua,MODIS,66,61.03,293.4,6.5,N,0
22.0621,79.5031,303.8,1,1,2026-05-03,2222,Aqua,MODIS,57,61.03,293,5.1,N,0
22.096,79.5192,305.6,1,1,2026-05-03,2222,Aqua,MODIS,65,61.03,292.5,6.3,N,2
22.1049,79.5208,303,1,1,2026-05-03,2222,Aqua,MODIS,52,61.03,292.3,4.6,N,2
22.2369,79.3825,309.5,1,1,2026-05-03,2222,Aqua,MODIS,77,61.03,293.1,9.1,N,0
23.1638,82.3407,300.2,1.4,1.2,2026-05-03,2222,Aqua,MODIS,8,61.03,287,8.2,N,2
23.3803,77.771,306,1,1,2026-05-03,2222,Aqua,MODIS,67,61.03,296,5.2,N,0
23.7538,77.6216,311.1,1,1,2026-05-03,2222,Aqua,MODIS,82,61.03,293,10.1,N,0
23.7802,76.9187,309.7,1.1,1,2026-05-03,2222,Aqua,MODIS,78,61.03,295.8,8.7,N,0
19.7647,78.0752,302.2,1,1,2026-05-03,2223,Aqua,MODIS,47,61.03,283.6,4.1,N,0
21.1041,72.6449,321.6,1.8,1.3,2026-05-03,2223,Aqua,MODIS,100,61.03,297.4,40.3,N,2
21.8074,72.0096,309.4,2,1.4,2026-05-03,2223,Aqua,MODIS,76,61.03,296,18.8,N,0
21.8195,72.0111,323.8,2,1.4,2026-05-03,2223,Aqua,MODIS,100,61.03,296.7,53.3,N,0
21.8295,72.0315,310.9,2,1.4,2026-05-03,2223,Aqua,MODIS,79,61.03,296.8,20.3,N,0
21.8317,72.0126,333.5,2,1.4,2026-05-03,2223,Aqua,MODIS,100,61.03,297,86.1,N,0
15.1804,76.6808,307,1,1,2026-05-03,2224,Aqua,MODIS,36,61.03,294.2,4.7,N,2
15.1818,76.6718,309.9,1,1,2026-05-03,2224,Aqua,MODIS,78,61.03,293.3,6.5,N,2