latitude,longitude,brightness,scan,track,acq_date,acq_time,satellite,instrument,confidence,version,bright_t31,frp,daynight,type
31.7735,95.0479,301.9,1.7,1.3,2026-05-04,315,Terra,MODIS,39,61.03,289.6,13.1,D,0
31.9213,94.0519,309.6,1.5,1.2,2026-05-04,315,Terra,MODIS,53,61.03,287,17,D,0
29.1992,91.7651,314.7,1.2,1.1,2026-05-04,316,Terra,MODIS,40,61.03,294.4,9.4,D,0
31.4843,94.6665,300.8,1.7,1.3,2026-05-04,316,Terra,MODIS,33,61.03,287.6,9.3,D,0
31.5433,95.2738,307.5,1.8,1.3,2026-05-04,316,Terra,MODIS,37,61.03,293.4,11.8,D,0
22.3639,87.0191,314.1,1,1,2026-05-04,318,Terra,MODIS,61,61.03,300,6.4,D,0
22.3799,87.2827,316.8,1,1,2026-05-04,318,Terra,MODIS,45,61.03,300.4,7.3,D,0
23.6499,85.4411,317.1,1.1,1,2026-05-04,318,Terra,MODIS,61,61.03,301.8,6.5,D,0
24.9674,83.3861,321.4,1.4,1.2,2026-05-04,318,Terra,MODIS,63,61.03,300.2,15.2,D,0
25.3775,84.1479,321.9,1.3,1.1,2026-05-04,318,Terra,MODIS,69,61.03,301.1,12.4,D,0
18.9522,95.538,320,3.6,1.8,2026-05-04,319,Terra,MODIS,0,61.03,296.1,44.5,D,0
19.7437,78.6253,323.2,2.7,1.6,2026-05-04,319,Terra,MODIS,70,61.03,303.6,31,D,0
19.7498,78.6321,322.5,2.7,1.6,2026-05-04,319,Terra,MODIS,55,61.03,302.1,26.8,D,0
20.4904,84.8975,315.1,1.1,1,2026-05-04,319,Terra,MODIS,43,61.03,301.2,8.3,D,0
20.864,84.9939,318.2,1.1,1,2026-05-04,319,Terra,MODIS,57,61.03,301.5,7.3,D,2
20.9534,85.0135,321.9,1.1,1,2026-05-04,319,Terra,MODIS,68,61.03,302.4,9.8,D,0
20.9652,86.0083,316.2,1,1,2026-05-04,319,Terra,MODIS,58,61.03,297.5,7.3,D,2
20.9685,85.1776,326.6,1.1,1,2026-05-04,319,Terra,MODIS,59,61.03,302.5,14.2,D,2
21.0793,85.0379,320,1.1,1,2026-05-04,319,Terra,MODIS,68,61.03,302.5,8.8,D,2
21.7451,83.8454,321,1.2,1.1,2026-05-04,319,Terra,MODIS,58,61.03,301.5,8.1,D,0
35.1311,69.314,315.3,1.3,1.1,2026-05-04,453,Terra,MODIS,35,61.03,299.8,11.7,D,0
30.0951,75.1704,317.2,4,1.9,2026-05-04,454,Terra,MODIS,54,61.03,297.6,40.6,D,0
30.1038,75.1676,319.2,4,1.9,2026-05-04,454,Terra,MODIS,62,61.03,298,54.5,D,0
30.104,75.1319,316.8,3.9,1.8,2026-05-04,454,Terra,MODIS,52,61.03,297.7,40.3,D,0
30.3609,74.7801,320.3,3.7,1.8,2026-05-04,454,Terra,MODIS,64,61.03,298.9,48.2,D,0
30.6216,74.7242,319.1,3.6,1.8,2026-05-04,454,Terra,MODIS,61,61.03,298.4,42.7,D,0
30.6316,74.734,320.9,3.6,1.8,2026-05-04,454,Terra,MODIS,64,61.03,298.4,51,D,0
31.757,74.7425,315.1,3.4,1.7,2026-05-04,454,Terra,MODIS,57,61.03,291.5,37.9,D,0
31.8727,73.8773,316.7,2.9,1.6,2026-05-04,454,Terra,MODIS,65,61.03,296.6,27,D,0
33.1422,74.1848,305.9,2.9,1.6,2026-05-04,454,Terra,MODIS,18,61.03,288.3,13.1,D,0
33.1462,74.1915,305.8,2.9,1.6,2026-05-04,454,Terra,MODIS,39,61.03,288.9,12.2,D,0
21.8122,72.0184,322.7,3.8,1.8,2026-05-04,457,Terra,MODIS,45,61.03,300.6,56.6,D,0
21.8186,72.0146,326.8,3.8,1.8,2026-05-04,457,Terra,MODIS,71,61.03,300.9,92.7,D,0
16.346,94.264,318.5,1.6,1.3,2026-05-04,913,Aqua,MODIS,46,61.03,297,13.8,D,0
16.6263,96.2806,324.5,2.3,1.5,2026-05-04,913,Aqua,MODIS,0,61.03,301.2,28.1,D,0
16.6284,96.2855,323.5,2.3,1.5,2026-05-04,913,Aqua,MODIS,0,61.03,300.9,27.2,D,0
16.3089,80.6911,327.7,3.4,1.7,2026-05-04,914,Aqua,MODIS,66,61.03,290.7,70.8,D,0
16.311,80.6948,328.4,3.4,1.7,2026-05-04,914,Aqua,MODIS,57,61.03,290.8,71.8,D,0
16.3388,80.6848,329.7,3.4,1.7,2026-05-04,914,Aqua,MODIS,45,61.03,290.2,87.1,D,0
16.3581,80.7044,339,3.4,1.7,2026-05-04,914,Aqua,MODIS,0,61.03,291.9,175.2,D,2
17.1506,80.2626,323.4,3.5,1.8,2026-05-04,914,Aqua,MODIS,67,61.03,297.2,51.2,D,0
17.4606,95.7046,325.9,2.2,1.4,2026-05-04,914,Aqua,MODIS,57,61.03,302.1,21.8,D,0
18.9297,94.1145,320.7,1.7,1.3,2026-05-04,914,Aqua,MODIS,50,61.03,299.9,21.6,D,0
19.0375,94.1594,318.4,1.7,1.3,2026-05-04,914,Aqua,MODIS,60,61.03,299.8,13.2,D,0
19.1351,94.1072,318.3,1.7,1.3,2026-05-04,914,Aqua,MODIS,0,61.03,300,14.2,D,0
19.1843,94.1437,316.9,1.8,1.3,2026-05-04,914,Aqua,MODIS,52,61.03,298.4,12.4,D,0
19.2218,94.067,322.3,1.7,1.3,2026-05-04,914,Aqua,MODIS,0,61.03,299.6,25,D,0
19.35,94.0929,317,1.7,1.3,2026-05-04,914,Aqua,MODIS,58,61.03,296.3,15.3,D,0
19.3968,94.0963,317.1,1.8,1.3,2026-05-04,914,Aqua,MODIS,48,61.03,297.4,16.3,D,0
20.0248,93.6032,339.8,1.6,1.3,2026-05-04,914,Aqua,MODIS,89,61.03,297.7,73,D,0
19.2116,80.9757,331.8,2.8,1.6,2026-05-04,915,Aqua,MODIS,81,61.03,296.2,100.8,D,0
19.2192,80.9799,332.9,2.8,1.6,2026-05-04,915,Aqua,MODIS,83,61.03,295.5,111.4,D,0
19.225,80.9713,323.3,2.8,1.6,2026-05-04,915,Aqua,MODIS,70,61.03,295.3,56.5,D,0
19.3692,80.9055,324.1,2.8,1.6,2026-05-04,915,Aqua,MODIS,57,61.03,295.8,61.9,D,0
20.1654,79.1823,326.8,3.6,1.8,2026-05-04,915,Aqua,MODIS,44,61.03,305.7,55.4,D,0
20.7849,85.2606,322.1,1.3,1.1,2026-05-04,915,Aqua,MODIS,69,61.03,303.6,10.4,D,2
20.9569,85.1789,324.5,1.3,1.1,2026-05-04,915,Aqua,MODIS,60,61.03,305.5,13,D,2
20.9589,85.1907,323.1,1.3,1.1,2026-05-04,915,Aqua,MODIS,70,61.03,304.5,11.6,D,2
20.9647,85.1652,326.7,1.3,1.1,2026-05-04,915,Aqua,MODIS,35,61.03,305.1,15.2,D,2
22.7267,85.3378,325.8,1.2,1.1,2026-05-04,915,Aqua,MODIS,76,61.03,299.1,21,D,0
22.7285,85.3485,316.3,1.2,1.1,2026-05-04,915,Aqua,MODIS,55,61.03,299.4,9,D,0
22.4226,79.693,339.2,3,1.6,2026-05-04,916,Aqua,MODIS,86,61.03,309.7,114,D,0
23.6851,86.3934,318.6,1.1,1,2026-05-04,916,Aqua,MODIS,0,61.03,303.5,7.7,D,2
23.7615,86.4032,325.6,1,1,2026-05-04,916,Aqua,MODIS,68,61.03,304.7,12.2,D,2
23.7774,86.2098,323.4,1.1,1,2026-05-04,916,Aqua,MODIS,73,61.03,304.2,12.5,D,2
23.7778,86.3899,323.3,1,1,2026-05-04,916,Aqua,MODIS,67,61.03,303.7,10.4,D,2
24.3173,78.9478,324.9,3,1.7,2026-05-04,916,Aqua,MODIS,62,61.03,304.5,32.9,D,0
25.0298,87.3772,315.6,1,1,2026-05-04,916,Aqua,MODIS,56,61.03,299.7,6.1,D,0
25.1717,83.8077,338.5,1.3,1.1,2026-05-04,916,Aqua,MODIS,89,61.03,303.7,42.7,D,0
25.3717,85.5071,321.4,1.1,1,2026-05-04,916,Aqua,MODIS,70,61.03,302.5,8.8,D,0
26.215,78.9596,322.6,2.7,1.6,2026-05-04,917,Aqua,MODIS,62,61.03,301.9,28,D,0
30.0733,75.0801,321.7,4.1,1.9,2026-05-04,918,Aqua,MODIS,71,61.03,298.7,52.2,D,0
30.6228,74.4207,323.9,4.4,1.9,2026-05-04,918,Aqua,MODIS,74,61.03,300.2,69.4,D,0
30.6273,74.4112,323.3,4.4,1.9,2026-05-04,918,Aqua,MODIS,74,61.03,300.2,61.1,D,0
30.7022,74.3363,322.8,4.4,1.9,2026-05-04,918,Aqua,MODIS,74,61.03,298.7,62.3,D,0
30.8103,74.3458,317.5,4.4,1.9,2026-05-04,918,Aqua,MODIS,43,61.03,297.1,41.7,D,0
30.9822,74.6331,318,4.1,1.9,2026-05-04,918,Aqua,MODIS,63,61.03,298.1,42.4,D,0
31.0588,74.7363,321.2,4.1,1.9,2026-05-04,918,Aqua,MODIS,73,61.03,297.5,61.9,D,0
31.0683,74.7755,320.8,4,1.9,2026-05-04,918,Aqua,MODIS,73,61.03,297.6,60,D,0
31.219,75.0078,319.4,3.8,1.8,2026-05-04,918,Aqua,MODIS,38,61.03,297.7,45.5,D,0
32.0438,75.3077,317.5,3.5,1.8,2026-05-04,918,Aqua,MODIS,65,61.03,298.2,35.3,D,0
16.9108,95.8177,309.6,1.2,1.1,2026-05-04,1410,Terra,MODIS,68,61.03,296.8,6.8,N,0
16.9124,95.8283,309.9,1.2,1.1,2026-05-04,1410,Terra,MODIS,70,61.03,297,7,N,0
17.1626,96.0098,316.4,1.1,1.1,2026-05-04,1410,Terra,MODIS,91,61.03,297.2,12.4,N,0
17.1641,96.0201,310,1.1,1.1,2026-05-04,1410,Terra,MODIS,70,61.03,297.2,6.4,N,0
17.3132,96.3413,309.4,1.1,1,2026-05-04,1410,Terra,MODIS,67,61.03,297,6.5,N,0
17.4621,96.9849,314.1,1,1,2026-05-04,1410,Terra,MODIS,85,61.03,297.3,9.2,N,0
17.4684,95.7101,312.8,1.2,1.1,2026-05-04,1410,Terra,MODIS,81,61.03,295.8,9.7,N,0
17.498,95.6507,314.8,1.2,1.1,2026-05-04,1410,Terra,MODIS,87,61.03,296.3,11.8,N,0
18.0695,95.4677,307.9,1.2,1.1,2026-05-04,1411,Terra,MODIS,73,61.03,296.4,5.7,N,0
19.1,95.9245,311.2,1.1,1,2026-05-04,1411,Terra,MODIS,82,61.03,293.5,8.7,N,0
19.1015,95.9346,308.7,1.1,1,2026-05-04,1411,Terra,MODIS,75,61.03,293.5,6.4,N,0
19.1713,95.8449,310.3,1.1,1,2026-05-04,1411,Terra,MODIS,80,61.03,293,8.9,N,0
19.1728,95.855,307.9,1.1,1,2026-05-04,1411,Terra,MODIS,73,61.03,293.1,7,N,0
19.3354,95.0883,305.8,1.2,1.1,2026-05-04,1411,Terra,MODIS,60,61.03,294.6,4.2,N,0
19.7635,94.0037,311.9,1.4,1.2,2026-05-04,1411,Terra,MODIS,83,61.03,294.5,13.1,N,0
20.5753,94.7284,305.1,1.2,1.1,2026-05-04,1411,Terra,MODIS,62,61.03,290.8,4.6,N,0
20.5769,94.7395,336.5,1.2,1.1,2026-05-04,1411,Terra,MODIS,100,61.03,295.2,45.9,N,0
23.5938,95.7548,305.7,1,1,2026-05-04,1412,Terra,MODIS,62,61.03,293.2,5.3,N,0
23.6817,95.7232,308.2,1,1,2026-05-04,1412,Terra,MODIS,73,61.03,292.9,6.6,N,0
23.6831,95.7329,304,1,1,2026-05-04,1412,Terra,MODIS,55,61.03,291.9,3.8,N,0
23.8552,96.3572,303.4,1,1,2026-05-04,1412,Terra,MODIS,55,61.03,290.5,3.5,N,0
23.9149,96.3798,307.6,1,1,2026-05-04,1412,Terra,MODIS,72,61.03,293.4,5.9,N,0
23.9236,96.3783,305.9,1,1,2026-05-04,1412,Terra,MODIS,66,61.03,293.2,4.7,N,0
23.9303,96.426,304.9,1,1,2026-05-04,1412,Terra,MODIS,62,61.03,293.7,4.3,N,0
24.135,96.506,304.6,1,1,2026-05-04,1412,Terra,MODIS,61,61.03,292.9,4.1,N,0
27.378,95.3361,311,1,1,2026-05-04,1413,Terra,MODIS,81,61.03,292.4,9,N,0
15.178,76.6552,311.1,1.2,1.1,2026-05-04,1548,Terra,MODIS,75,61.03,296.1,8.7,N,2
15.8311,78.4936,308.2,1.6,1.2,2026-05-04,1548,Terra,MODIS,70,61.03,290.7,11.5,N,0
15.8328,78.5081,307.5,1.6,1.2,2026-05-04,1548,Terra,MODIS,67,61.03,290.9,10.4,N,0
16.0501,77.3621,305.9,1.3,1.1,2026-05-04,1548,Terra,MODIS,57,61.03,294.3,6,N,0
17.2521,80.2974,310.9,2.3,1.5,2026-05-04,1549,Terra,MODIS,80,61.03,295.9,23.1,N,0
17.6589,76.1046,311,1.2,1.1,2026-05-04,1549,Terra,MODIS,75,61.03,299.2,8.8,N,0
18.3171,76.8807,307.7,1.3,1.1,2026-05-04,1549,Terra,MODIS,57,61.03,297.5,7.6,N,0
18.6818,73.038,312.4,1,1,2026-05-04,1549,Terra,MODIS,81,61.03,300.5,7.4,N,2
18.6952,75.0022,308.3,1.1,1,2026-05-04,1549,Terra,MODIS,62,61.03,297.9,5,N,0
19.4015,74.9123,309.5,1.1,1,2026-05-04,1549,Terra,MODIS,68,61.03,299.4,6.2,N,0
19.3731,71.3547,316,1.1,1,2026-05-04,1550,Terra,MODIS,90,61.03,299.3,11.7,N,3
19.5879,73.9462,307.4,1,1,2026-05-04,1550,Terra,MODIS,57,61.03,296.7,5.8,N,0
19.8122,75.7587,309.3,1.2,1.1,2026-05-04,1550,Terra,MODIS,63,61.03,299.1,5.6,N,0
19.9299,75.7754,307.9,1.2,1.1,2026-05-04,1550,Terra,MODIS,55,61.03,297.8,5,N,0
19.9573,75.6022,310.4,1.2,1.1,2026-05-04,1550,Terra,MODIS,70,61.03,299.4,6.6,N,0
20.0789,75.2542,309.8,1.1,1.1,2026-05-04,1550,Terra,MODIS,68,61.03,298.1,6.8,N,0
20.9587,80.1647,310.4,2.5,1.5,2026-05-04,1550,Terra,MODIS,73,61.03,297.2,21.8,N,0
21.6343,71.5269,313.7,1,1,2026-05-04,1550,Terra,MODIS,81,61.03,302.6,6.7,N,0
21.8391,72.6455,309.3,1,1,2026-05-04,1550,Terra,MODIS,59,61.03,298.6,5.1,N,0
21.8656,78.3626,305.1,1.9,1.3,2026-05-04,1550,Terra,MODIS,49,61.03,294.7,12.1,N,0
21.8715,76.5272,311.5,1.4,1.2,2026-05-04,1550,Terra,MODIS,74,61.03,299,10.3,N,0
22.0249,79.1368,308.5,2.2,1.4,2026-05-04,1550,Terra,MODIS,71,61.03,294.9,20.4,N,0
22.0261,79.13,308.6,2.2,1.4,2026-05-04,1550,Terra,MODIS,72,61.03,294.8,19.6,N,0
22.1153,77.0774,307.5,1.6,1.2,2026-05-04,1550,Terra,MODIS,54,61.03,296,10.4,N,0
22.2318,76.9092,312.5,1.5,1.2,2026-05-04,1550,Terra,MODIS,78,61.03,298.1,14.8,N,0
23.0498,75.4362,312.7,1.3,1.1,2026-05-04,1550,Terra,MODIS,83,61.03,296,12.3,N,0
23.0512,75.4481,307.4,1.3,1.1,2026-05-04,1550,Terra,MODIS,66,61.03,295.9,7.1,N,0
23.1636,75.6229,315.8,1.3,1.1,2026-05-04,1550,Terra,MODIS,91,61.03,295.3,17.1,N,0
22.9224,70.1054,313.9,1.1,1.1,2026-05-04,1551,Terra,MODIS,81,61.03,299.7,9.7,N,0
23.4371,75.2728,305.3,1.2,1.1,2026-05-04,1551,Terra,MODIS,59,61.03,295.3,5.4,N,2
23.5857,75.2278,311.1,1.2,1.1,2026-05-04,1551,Terra,MODIS,81,61.03,295.4,11.2,N,0
23.5928,75.3722,309.7,1.3,1.1,2026-05-04,1551,Terra,MODIS,78,61.03,294.7,10.4,N,2
28.1715,69.5169,310.5,1.1,1,2026-05-04,1552,Terra,MODIS,75,61.03,298.5,7.6,N,0
28.3856,68.0918,314.2,1.2,1.1,2026-05-04,1552,Terra,MODIS,86,61.03,298.1,12.4,N,0
28.444,68.0916,308.7,1.2,1.1,2026-05-04,1552,Terra,MODIS,67,61.03,297.6,7.2,N,0
19.3729,71.3532,311.6,1.3,1.1,2026-05-04,2301,Aqua,MODIS,76,61.03,299.2,10.2,N,3
17.6236,96.6712,327.6,1.4,1.2,2026-05-05,220,Terra,MODIS,78,61.03,300.4,19.2,D,0
17.6252,96.658,335.4,1.4,1.2,2026-05-05,220,Terra,MODIS,85,61.03,300.5,37.1,D,0
17.247,95.6991,322,1.7,1.3,2026-05-05,221,Terra,MODIS,34,61.03,300.1,10.4,D,0
27.7549,85.6426,301,2.3,1.5,2026-05-05,356,Terra,MODIS,21,61.03,286,8.7,D,0
22.3376,79.235,325.2,1.1,1.1,2026-05-05,357,Terra,MODIS,71,61.03,307.4,9.4,D,0
22.3501,79.8663,328.3,1.2,1.1,2026-05-05,357,Terra,MODIS,76,61.03,306.8,15.7,D,0
22.3519,79.8551,325.6,1.2,1.1,2026-05-05,357,Terra,MODIS,71,61.03,306.5,11.2,D,0
22.6701,77.0632,325.9,1,1,2026-05-05,357,Terra,MODIS,73,61.03,310.2,8.6,D,0
22.7625,76.3379,322.6,1,1,2026-05-05,357,Terra,MODIS,64,61.03,305.6,6.7,D,0
22.9869,77.0522,326.3,1,1,2026-05-05,357,Terra,MODIS,67,61.03,309.6,8.4,D,0
23.1735,75.6814,323.7,1.1,1,2026-05-05,357,Terra,MODIS,71,61.03,302.7,9.5,D,0
23.1748,75.6712,318.1,1.1,1,2026-05-05,357,Terra,MODIS,40,61.03,299.8,3.9,D,0
23.1931,75.3963,319.5,1.1,1,2026-05-05,357,Terra,MODIS,50,61.03,293.8,12.5,D,0
23.2708,75.6404,331.3,1.1,1,2026-05-05,357,Terra,MODIS,80,61.03,301.3,20,D,0
23.2722,75.6302,335.2,1.1,1,2026-05-05,357,Terra,MODIS,84,61.03,301.1,26.1,D,0
23.2799,75.6418,323.7,1.1,1,2026-05-05,357,Terra,MODIS,70,61.03,301.4,10.3,D,0
23.2812,75.6315,326.6,1.1,1,2026-05-05,357,Terra,MODIS,74,61.03,301.2,14.4,D,0
23.2954,75.6649,321.1,1.1,1,2026-05-05,357,Terra,MODIS,55,61.03,300.6,7.4,D,0
23.3831,77.634,320.6,1,1,2026-05-05,357,Terra,MODIS,42,61.03,306.8,5.6,D,0
23.4002,77.9496,328.8,1,1,2026-05-05,357,Terra,MODIS,76,61.03,310.3,12.1,D,0
23.4122,76.5033,321.1,1,1,2026-05-05,357,Terra,MODIS,50,61.03,304.9,6.8,D,0
23.4733,76.3998,323.3,1,1,2026-05-05,357,Terra,MODIS,63,61.03,304.7,8,D,0
23.4742,75.9817,323.2,1,1,2026-05-05,357,Terra,MODIS,64,61.03,304.3,8.5,D,0
23.4746,76.3901,332.5,1,1,2026-05-05,357,Terra,MODIS,80,61.03,304.3,19.7,D,0
23.4928,75.6342,328.6,1.1,1,2026-05-05,357,Terra,MODIS,75,61.03,303.5,16.2,D,0
23.5343,78.913,320.1,1.1,1,2026-05-05,357,Terra,MODIS,56,61.03,304.8,6.3,D,0
23.5943,76.9245,324.2,1,1,2026-05-05,357,Terra,MODIS,67,61.03,306,7.5,D,0
23.611,74.9403,323.5,1.1,1.1,2026-05-05,357,Terra,MODIS,66,61.03,304.8,9.4,D,0
23.6314,79.0046,320.8,1.1,1,2026-05-05,357,Terra,MODIS,60,61.03,304.5,6.1,D,0
23.6537,79.0397,326.9,1.1,1,2026-05-05,357,Terra,MODIS,76,61.03,306,12.8,D,0
24.0052,75.5203,324.7,1.1,1,2026-05-05,357,Terra,MODIS,59,61.03,306.7,9.1,D,0
25.3496,73.0805,320.1,1.6,1.2,2026-05-05,357,Terra,MODIS,64,61.03,299.8,11.8,D,0
25.3512,73.0654,322.2,1.6,1.2,2026-05-05,357,Terra,MODIS,69,61.03,299.8,15.7,D,0
25.3736,78.167,323.7,1,1,2026-05-05,357,Terra,MODIS,74,61.03,302.6,9.6,D,0
25.505,72.9991,321.8,1.6,1.2,2026-05-05,357,Terra,MODIS,68,61.03,300.2,14.7,D,0
25.572,79.6195,319.3,1.1,1,2026-05-05,357,Terra,MODIS,61,61.03,300.6,7.4,D,0
25.5736,79.6092,319.4,1.1,1,2026-05-05,357,Terra,MODIS,62,61.03,300.9,7.3,D,0
25.7173,76.0012,327.4,1.1,1,2026-05-05,357,Terra,MODIS,77,61.03,309.2,13.1,D,0
25.7333,79.6559,323,1.1,1,2026-05-05,357,Terra,MODIS,70,61.03,301.6,10.5,D,0
25.7909,80.1131,321.7,1.1,1.1,2026-05-05,357,Terra,MODIS,70,61.03,302.1,8.3,D,0
25.7911,79.6408,327.8,1.1,1,2026-05-05,357,Terra,MODIS,78,61.03,302.1,15.9,D,0
18.7385,78.1039,325.3,1.1,1,2026-05-05,358,Terra,MODIS,64,61.03,307.1,13.4,D,0
18.8141,77.9095,328.4,1.1,1,2026-05-05,358,Terra,MODIS,67,61.03,312,11.8,D,0
18.8156,77.8997,330.4,1.1,1,2026-05-05,358,Terra,MODIS,65,61.03,311.6,14.1,D,0
18.8943,77.9289,331,1.1,1,2026-05-05,358,Terra,MODIS,76,61.03,313.7,13.9,D,0
18.9275,77.9545,328.3,1.1,1,2026-05-05,358,Terra,MODIS,66,61.03,312.4,10.6,D,0
19.0712,75.8248,324,1,1,2026-05-05,358,Terra,MODIS,59,61.03,308.7,7.6,D,0
19.2367,76.935,324.5,1,1,2026-05-05,358,Terra,MODIS,60,61.03,308.2,7.3,D,0
19.237,77.8634,327.1,1.1,1,2026-05-05,358,Terra,MODIS,67,61.03,311.9,8,D,0
19.5428,76.983,328.8,1,1,2026-05-05,358,Terra,MODIS,68,61.03,310.5,10.6,D,0
19.5826,78.2041,327.1,1.1,1,2026-05-05,358,Terra,MODIS,64,61.03,310.3,10.4,D,0
19.8255,77.5733,328.4,1,1,2026-05-05,358,Terra,MODIS,65,61.03,311.6,8.1,D,0
19.9127,76.2723,326,1,1,2026-05-05,358,Terra,MODIS,62,61.03,308.9,7.6,D,0
19.9203,73.6131,328.4,1.2,1.1,2026-05-05,358,Terra,MODIS,75,61.03,307.8,19.1,D,0
19.9334,74.2232,320.6,1.1,1.1,2026-05-05,358,Terra,MODIS,53,61.03,305.7,8.2,D,0
19.9809,79.3861,326.9,1.2,1.1,2026-05-05,358,Terra,MODIS,67,61.03,304.6,16.6,D,0
20.0011,76.9443,324.5,1,1,2026-05-05,358,Terra,MODIS,47,61.03,308,6.2,D,0
20.0075,76.2549,326,1,1,2026-05-05,358,Terra,MODIS,62,61.03,308.8,8.5,D,0
20.0657,79.2197,326.5,1.2,1.1,2026-05-05,358,Terra,MODIS,62,61.03,304,18.5,D,0
20.1164,77.542,327.5,1,1,2026-05-05,358,Terra,MODIS,58,61.03,310.5,8.9,D,0
20.4877,77.222,328.9,1,1,2026-05-05,358,Terra,MODIS,67,61.03,305.6,11.7,D,0
21.1676,77.2407,325.4,1,1,2026-05-05,358,Terra,MODIS,57,61.03,310.2,7,D,0
21.3063,83.1728,318.4,2.1,1.4,2026-05-05,358,Terra,MODIS,53,61.03,297,15.8,D,0
21.321,76.3541,324.4,1,1,2026-05-05,358,Terra,MODIS,58,61.03,307.3,9.3,D,0
21.3223,76.3447,326.9,1,1,2026-05-05,358,Terra,MODIS,66,61.03,307.8,12.2,D,0
21.6503,76.7162,330.4,1,1,2026-05-05,358,Terra,MODIS,73,61.03,309.2,14.6,D,0
21.7218,74.3922,324.3,1.2,1.1,2026-05-05,358,Terra,MODIS,62,61.03,303.8,10.8,D,0
21.7684,72.0956,321.3,1.6,1.3,2026-05-05,358,Terra,MODIS,44,61.03,305,13.3,D,2
21.8982,79.4929,330.1,1.2,1.1,2026-05-05,358,Terra,MODIS,77,61.03,307.4,19.6,D,0
22.0607,75.7426,327.5,1,1,2026-05-05,358,Terra,MODIS,69,61.03,307.5,9.9,D,0
22.1493,75.0664,321.2,1.1,1,2026-05-05,358,Terra,MODIS,34,61.03,298.7,6.2,D,0
22.1706,76.952,324.7,1,1,2026-05-05,358,Terra,MODIS,68,61.03,305.7,10.6,D,0
22.1719,76.9426,337.9,1,1,2026-05-05,358,Terra,MODIS,85,61.03,308,27.4,D,0
22.1843,75.5044,324.9,1.1,1,2026-05-05,358,Terra,MODIS,68,61.03,306.3,8.7,D,0
22.1856,75.4943,325.6,1.1,1,2026-05-05,358,Terra,MODIS,70,61.03,306.6,9.1,D,0
22.1867,79.0152,326.2,1.1,1,2026-05-05,358,Terra,MODIS,71,61.03,307.9,11.1,D,0
22.1883,79.0049,333.5,1.1,1,2026-05-05,358,Terra,MODIS,81,61.03,307.2,21.7,D,0
22.1967,79.543,329.1,1.2,1.1,2026-05-05,358,Terra,MODIS,77,61.03,308,16.3,D,0
22.2932,77.0549,325.9,1,1,2026-05-05,358,Terra,MODIS,70,61.03,309.1,10.9,D,0
22.3376,75.8738,333.9,1,1,2026-05-05,358,Terra,MODIS,83,61.03,300.8,21.1,D,0
22.5679,77.0697,330.1,1,1,2026-05-05,358,Terra,MODIS,78,61.03,308.3,19.4,D,0
22.5692,77.0603,327.5,1,1,2026-05-05,358,Terra,MODIS,75,61.03,307.1,14.8,D,0
22.7167,75.7249,316.9,1.1,1,2026-05-05,358,Terra,MODIS,29,61.03,293.1,8.2,D,0
15.001,78.5154,329.8,1.3,1.1,2026-05-05,359,Terra,MODIS,77,61.03,303,16.3,D,0
15.0303,78.5201,323.3,1.3,1.1,2026-05-05,359,Terra,MODIS,54,61.03,301.1,7.2,D,0
15.0891,78.6059,322.4,1.3,1.1,2026-05-05,359,Terra,MODIS,64,61.03,302.9,9.9,D,0
15.1983,78.2249,325.6,1.2,1.1,2026-05-05,359,Terra,MODIS,62,61.03,304.4,11,D,0
15.3772,78.1996,324.2,1.2,1.1,2026-05-05,359,Terra,MODIS,68,61.03,303.2,10.8,D,0
15.4075,78.537,320.7,1.2,1.1,2026-05-05,359,Terra,MODIS,54,61.03,302.2,7.9,D,0
15.8343,78.3597,326.1,1.2,1.1,2026-05-05,359,Terra,MODIS,71,61.03,301.7,12,D,0
15.8869,78.3637,321.8,1.2,1.1,2026-05-05,359,Terra,MODIS,54,61.03,301.4,8,D,0
15.925,78.37,326.2,1.2,1.1,2026-05-05,359,Terra,MODIS,62,61.03,302.2,14.9,D,0
15.9478,77.49,326.6,1.1,1,2026-05-05,359,Terra,MODIS,71,61.03,304.9,13.5,D,0
16.0746,77.8721,327.1,1.1,1.1,2026-05-05,359,Terra,MODIS,73,61.03,305.7,12.3,D,0
16.0761,77.8619,328,1.1,1.1,2026-05-05,359,Terra,MODIS,74,61.03,307,13.4,D,0
16.1945,74.8393,322.2,1,1,2026-05-05,359,Terra,MODIS,66,61.03,303.3,11.2,D,0
16.302,77.0987,324.1,1,1,2026-05-05,359,Terra,MODIS,65,61.03,302.5,10.4,D,0
16.3853,77.2845,320.3,1.1,1,2026-05-05,359,Terra,MODIS,30,61.03,303.6,4.1,D,0
16.4741,77.4303,321.2,1.1,1,2026-05-05,359,Terra,MODIS,48,61.03,304.7,6.4,D,0
16.5095,78.3976,324,1.2,1.1,2026-05-05,359,Terra,MODIS,65,61.03,305.1,12.3,D,0
16.5111,78.3869,327.5,1.2,1.1,2026-05-05,359,Terra,MODIS,72,61.03,305.3,17.5,D,0
16.7787,78.2907,324.8,1.2,1.1,2026-05-05,359,Terra,MODIS,65,61.03,305.4,14,D,0
16.838,76.8533,327.6,1,1,2026-05-05,359,Terra,MODIS,70,61.03,310.9,10,D,0
16.9923,76.4948,328.5,1,1,2026-05-05,359,Terra,MODIS,71,61.03,309.3,13,D,0
18.4614,75.3752,324.7,1,1,2026-05-05,359,Terra,MODIS,65,61.03,310.8,8.2,D,0
18.6327,78.1311,326.4,1.1,1,2026-05-05,359,Terra,MODIS,67,61.03,309,12.4,D,0
18.6388,78.3252,325,1.1,1.1,2026-05-05,359,Terra,MODIS,64,61.03,308.5,11.5,D,0
18.652,77.8201,327.2,1.1,1,2026-05-05,359,Terra,MODIS,58,61.03,310.5,10.3,D,0
18.6866,78.2602,325.5,1.1,1,2026-05-05,359,Terra,MODIS,56,61.03,310.1,10.4,D,0
18.6942,77.8471,325.7,1.1,1,2026-05-05,359,Terra,MODIS,64,61.03,308.8,9.4,D,0
18.6957,77.8373,331.8,1.1,1,2026-05-05,359,Terra,MODIS,77,61.03,310,17.4,D,0
19.5651,71.3585,317.1,1.7,1.3,2026-05-05,359,Terra,MODIS,67,61.03,299.2,24.8,D,3
19.5657,71.3494,313.2,1.7,1.3,2026-05-05,359,Terra,MODIS,57,61.03,299.1,16.3,D,3
12.3042,78.4201,314.9,1.4,1.2,2026-05-05,400,Terra,MODIS,63,61.03,296.2,8.2,D,0
13.3774,74.9892,315,1,1,2026-05-05,400,Terra,MODIS,69,61.03,296.4,6.7,D,0
14.1151,78.4605,320.7,1.3,1.1,2026-05-05,400,Terra,MODIS,65,61.03,300.2,9.4,D,0
14.5653,77.882,322.5,1.2,1.1,2026-05-05,400,Terra,MODIS,51,61.03,302.2,9.7,D,0
14.6758,77.2224,322.5,1.1,1,2026-05-05,400,Terra,MODIS,64,61.03,304,7.1,D,0
14.6773,77.2126,324.9,1.1,1,2026-05-05,400,Terra,MODIS,70,61.03,304.4,9.5,D,0
15.1617,76.7526,326,1,1,2026-05-05,400,Terra,MODIS,71,61.03,305,12.1,D,0
17.1152,95.5172,322.3,3.4,1.7,2026-05-05,814,Aqua,MODIS,0,61.03,296.4,47.8,D,0
17.1221,94.9831,318,3.8,1.8,2026-05-05,814,Aqua,MODIS,27,61.03,293.8,46.5,D,0
19.8686,94.0642,314.9,3.8,1.8,2026-05-05,815,Aqua,MODIS,39,61.03,291,51.6,D,0
19.8774,94.0585,313.5,3.8,1.8,2026-05-05,815,Aqua,MODIS,33,61.03,292.7,37.9,D,0
25.1608,96.0932,314.3,2.1,1.4,2026-05-05,816,Aqua,MODIS,67,61.03,295.7,18.3,D,0
12.3632,79.7982,312,1,1,2026-05-05,951,Aqua,MODIS,53,61.03,274.7,7.1,D,0
12.7588,79.786,318.5,1,1,2026-05-05,951,Aqua,MODIS,65,61.03,287.1,9.4,D,0
14.0553,79.4765,323.5,1,1,2026-05-05,951,Aqua,MODIS,46,61.03,301.5,9,D,0
14.6276,79.9689,328.4,1,1,2026-05-05,951,Aqua,MODIS,76,61.03,302.5,13.9,D,0
14.7739,79.59,329.2,1,1,2026-05-05,951,Aqua,MODIS,77,61.03,303.3,12.9,D,0
14.7753,79.5991,328.4,1,1,2026-05-05,951,Aqua,MODIS,76,61.03,303.7,12.1,D,0
15.904,80.1642,325.8,1,1,2026-05-05,952,Aqua,MODIS,72,61.03,304.3,9.7,D,0
15.9145,80.1568,327.1,1,1,2026-05-05,952,Aqua,MODIS,74,61.03,303.6,11.3,D,0
15.9308,80.025,330.9,1,1,2026-05-05,952,Aqua,MODIS,79,61.03,305.3,15.6,D,0
16.0589,80.0811,330.6,1,1,2026-05-05,952,Aqua,MODIS,70,61.03,305.4,14.6,D,0
16.1481,80.6314,347.1,1,1,2026-05-05,952,Aqua,MODIS,92,61.03,305.1,40.5,D,0
16.1494,80.6405,343.3,1,1,2026-05-05,952,Aqua,MODIS,90,61.03,304,33.4,D,0
16.1499,80.7056,326,1,1,2026-05-05,952,Aqua,MODIS,50,61.03,304.3,7.9,D,0
16.1512,80.7148,327.4,1,1,2026-05-05,952,Aqua,MODIS,43,61.03,303,9.2,D,0
16.1568,80.63,339.9,1,1,2026-05-05,952,Aqua,MODIS,87,61.03,304,26.4,D,0
16.1582,80.6391,328,1,1,2026-05-05,952,Aqua,MODIS,75,61.03,303.2,9.5,D,0
16.1595,80.6482,327.3,1,1,2026-05-05,952,Aqua,MODIS,67,61.03,303.4,9.4,D,0
16.1697,80.6409,328.2,1,1,2026-05-05,952,Aqua,MODIS,76,61.03,304.3,10.7,D,2
16.171,80.65,328.8,1,1,2026-05-05,952,Aqua,MODIS,76,61.03,303.9,11.5,D,0
16.1713,80.7303,323.7,1,1,2026-05-05,952,Aqua,MODIS,67,61.03,302.6,6.5,D,0
16.1727,80.7394,324,1,1,2026-05-05,952,Aqua,MODIS,68,61.03,302.7,6.8,D,0
16.1758,80.6213,326.8,1,1,2026-05-05,952,Aqua,MODIS,66,61.03,304.4,7.6,D,0
16.1766,80.7668,331.3,1,1,2026-05-05,952,Aqua,MODIS,79,61.03,303.7,15.5,D,0
16.2244,80.7723,324.1,1,1,2026-05-05,952,Aqua,MODIS,16,61.03,298.5,9,D,0
16.2476,80.6846,326.2,1,1,2026-05-05,952,Aqua,MODIS,68,61.03,304.8,7.7,D,0
16.2519,79.2543,324.8,1,1,2026-05-05,952,Aqua,MODIS,67,61.03,301.4,10,D,0
16.2712,76.8486,327.9,1.3,1.1,2026-05-05,952,Aqua,MODIS,55,61.03,312.3,12.5,D,0
16.2727,80.7115,327.8,1,1,2026-05-05,952,Aqua,MODIS,54,61.03,304.1,8.8,D,0
16.2815,80.7101,340.5,1,1,2026-05-05,952,Aqua,MODIS,88,61.03,303.8,26.8,D,0
16.2991,80.7074,330.3,1,1,2026-05-05,952,Aqua,MODIS,73,61.03,301.5,11,D,0
16.349,80.6808,331.7,1,1,2026-05-05,952,Aqua,MODIS,78,61.03,303.7,14.3,D,0
16.3936,78.3742,326.5,1.1,1,2026-05-05,952,Aqua,MODIS,60,61.03,306.9,11.5,D,0
16.4616,76.6946,328.8,1.3,1.1,2026-05-05,952,Aqua,MODIS,45,61.03,313.7,12.4,D,0
16.4855,76.5266,335.6,1.3,1.1,2026-05-05,952,Aqua,MODIS,79,61.03,313.3,27.4,D,0
16.4894,76.6721,335.5,1.3,1.1,2026-05-05,952,Aqua,MODIS,78,61.03,315,22.6,D,0
16.556,80.6958,328.7,1,1,2026-05-05,952,Aqua,MODIS,73,61.03,301,14.3,D,0
16.5591,76.5313,327.4,1.3,1.1,2026-05-05,952,Aqua,MODIS,55,61.03,310.8,13,D,0
16.5611,76.5432,327.6,1.3,1.1,2026-05-05,952,Aqua,MODIS,42,61.03,311.5,12.2,D,0
16.5829,76.5516,344.5,1.3,1.1,2026-05-05,952,Aqua,MODIS,89,61.03,315.2,48,D,0
16.5851,80.1913,335.7,1,1,2026-05-05,952,Aqua,MODIS,84,61.03,306.2,19,D,0
16.5869,76.514,332.3,1.3,1.1,2026-05-05,952,Aqua,MODIS,73,61.03,313.7,20.3,D,0
16.7279,78.2588,346.9,1.1,1,2026-05-05,952,Aqua,MODIS,91,61.03,311.1,44.4,D,0
16.7322,77.1015,329.4,1.2,1.1,2026-05-05,952,Aqua,MODIS,46,61.03,314.5,9.1,D,0
16.8486,79.9181,325.1,1,1,2026-05-05,952,Aqua,MODIS,65,61.03,302.5,8.8,D,0
16.8499,80.4343,324.5,1,1,2026-05-05,952,Aqua,MODIS,68,61.03,303.8,9,D,0
16.9489,80.4223,326.3,1,1,2026-05-05,952,Aqua,MODIS,65,61.03,305.6,9.3,D,0
16.9825,80.3823,326.8,1,1,2026-05-05,952,Aqua,MODIS,71,61.03,305.3,7.6,D,2
17.1133,80.2813,350.4,1,1,2026-05-05,952,Aqua,MODIS,94,61.03,304.1,50.2,D,0
17.1147,80.2904,327.1,1,1,2026-05-05,952,Aqua,MODIS,71,61.03,302.8,12,D,0
17.1154,80.2344,335.5,1,1,2026-05-05,952,Aqua,MODIS,82,61.03,305.2,22.6,D,0
17.1819,80.2357,327.3,1,1,2026-05-05,952,Aqua,MODIS,71,61.03,303.4,11.9,D,0
17.1855,80.0769,327,1,1,2026-05-05,952,Aqua,MODIS,70,61.03,304,11.3,D,0
17.2141,80.5206,324.4,1,1,2026-05-05,952,Aqua,MODIS,62,61.03,304.2,7.8,D,0
17.2162,80.4733,323.6,1,1,2026-05-05,952,Aqua,MODIS,62,61.03,303.4,6.9,D,0
17.2539,80.2839,327.2,1,1,2026-05-05,952,Aqua,MODIS,62,61.03,304.3,10.4,D,0
17.2657,80.5537,325.7,1,1,2026-05-05,952,Aqua,MODIS,70,61.03,302.9,12.3,D,0
17.3661,80.2313,325.9,1,1,2026-05-05,952,Aqua,MODIS,68,61.03,305.1,8.7,D,0
17.3882,80.5089,330,1,1,2026-05-05,952,Aqua,MODIS,77,61.03,304.8,14.5,D,0
17.4201,80.4192,329,1,1,2026-05-05,952,Aqua,MODIS,75,61.03,304.3,13.8,D,0
17.4215,80.4284,330.2,1,1,2026-05-05,952,Aqua,MODIS,76,61.03,306.7,14.8,D,0
17.4688,80.3683,327.5,1,1,2026-05-05,952,Aqua,MODIS,72,61.03,304.9,10.2,D,0
17.5189,80.5298,324.8,1,1,2026-05-05,952,Aqua,MODIS,65,61.03,304.8,8.3,D,0
17.5593,80.6019,323.3,1,1,2026-05-05,952,Aqua,MODIS,61,61.03,304,6.4,D,2
17.5606,80.6112,323.8,1,1,2026-05-05,952,Aqua,MODIS,61,61.03,304.7,7.2,D,2
17.5882,79.7957,322.6,1,1,2026-05-05,952,Aqua,MODIS,50,61.03,305.1,6.1,D,0
17.6387,80.1417,337.8,1,1,2026-05-05,952,Aqua,MODIS,84,61.03,306.5,24.2,D,0
17.6969,78.6018,328.9,1,1,2026-05-05,952,Aqua,MODIS,69,61.03,311.6,10.7,D,0
17.7092,81.6143,316.9,1.1,1,2026-05-05,952,Aqua,MODIS,42,61.03,295.5,6.5,D,0
17.8076,80.093,328.2,1,1,2026-05-05,952,Aqua,MODIS,72,61.03,306.4,11.1,D,0
17.8155,79.4512,335.4,1,1,2026-05-05,952,Aqua,MODIS,82,61.03,309.9,19.9,D,0
18.0272,79.6932,327.8,1,1,2026-05-05,952,Aqua,MODIS,71,61.03,307.1,11.2,D,0
18.0285,79.7023,342.9,1,1,2026-05-05,952,Aqua,MODIS,89,61.03,307.8,33.7,D,0
18.0806,79.9366,332.5,1,1,2026-05-05,952,Aqua,MODIS,69,61.03,308.7,17.3,D,0
18.1273,77.7886,328.3,1.1,1,2026-05-05,952,Aqua,MODIS,65,61.03,311.5,12.6,D,0
18.1743,78.1515,331.4,1.1,1,2026-05-05,952,Aqua,MODIS,72,61.03,314.8,12.3,D,0
18.2125,78.1592,335.1,1.1,1,2026-05-05,952,Aqua,MODIS,74,61.03,314.1,19.9,D,0
18.214,78.1688,333.3,1.1,1,2026-05-05,952,Aqua,MODIS,72,61.03,312.9,16.7,D,0
18.361,77.6887,333,1.1,1,2026-05-05,952,Aqua,MODIS,65,61.03,315,17.7,D,0
18.3626,77.6987,330.3,1.1,1,2026-05-05,952,Aqua,MODIS,57,61.03,314.4,12.1,D,0
18.5023,78.6023,326.9,1,1,2026-05-05,952,Aqua,MODIS,42,61.03,308.1,10.5,D,0
18.5971,78.4353,330.9,1,1,2026-05-05,952,Aqua,MODIS,70,61.03,313.7,11.9,D,0
18.6382,77.9748,328.9,1.1,1,2026-05-05,952,Aqua,MODIS,38,61.03,311,11.4,D,0
18.6406,77.814,347.9,1.1,1,2026-05-05,952,Aqua,MODIS,91,61.03,315.5,43.7,D,0
18.6422,77.8238,335.2,1.1,1,2026-05-05,952,Aqua,MODIS,68,61.03,313.6,19.1,D,0
18.6831,78.1451,332.2,1,1,2026-05-05,952,Aqua,MODIS,69,61.03,312.4,16,D,0
18.6842,77.8567,332.2,1.1,1,2026-05-05,952,Aqua,MODIS,45,61.03,308.9,17.7,D,0
18.7245,78.6097,331.5,1,1,2026-05-05,952,Aqua,MODIS,71,61.03,315,12,D,0
18.7259,78.619,333,1,1,2026-05-05,952,Aqua,MODIS,74,61.03,315.4,14.1,D,0
18.7779,78.1624,328.7,1,1,2026-05-05,952,Aqua,MODIS,57,61.03,312.6,9.3,D,0
18.7912,78.1895,330.9,1,1,2026-05-05,952,Aqua,MODIS,54,61.03,313.5,11.5,D,0
18.8157,78.4666,334.3,1,1,2026-05-05,952,Aqua,MODIS,76,61.03,316.2,15.4,D,0
18.8172,78.476,335.8,1,1,2026-05-05,952,Aqua,MODIS,78,61.03,315.9,17.4,D,0
19.0892,79.7367,326.6,1,1,2026-05-05,952,Aqua,MODIS,62,61.03,308,7.9,D,0
19.2305,81.1442,343.9,1.1,1,2026-05-05,952,Aqua,MODIS,90,61.03,304.7,46.1,D,0
19.5951,82.9717,318.1,1.4,1.2,2026-05-05,952,Aqua,MODIS,68,61.03,300.3,9.7,D,0
19.6335,82.9607,326.4,1.4,1.2,2026-05-05,952,Aqua,MODIS,79,61.03,302.5,22.4,D,0
19.5023,74.0442,326.6,1.8,1.3,2026-05-05,953,Aqua,MODIS,64,61.03,309.2,21.8,D,0
19.6357,78.3763,342.9,1,1,2026-05-05,953,Aqua,MODIS,75,61.03,316,30.3,D,0
20.5856,79.225,326.8,1,1,2026-05-05,953,Aqua,MODIS,24,61.03,307.8,12.7,D,0
21.0238,78.6924,335.2,1,1,2026-05-05,953,Aqua,MODIS,72,61.03,310.7,21.5,D,0
21.2752,79.9186,323.9,1,1,2026-05-05,953,Aqua,MODIS,45,61.03,305,8.2,D,0
21.3058,77.3854,330.5,1.1,1,2026-05-05,953,Aqua,MODIS,54,61.03,316.9,8.7,D,0
21.3732,81.5273,330.1,1.2,1.1,2026-05-05,953,Aqua,MODIS,49,61.03,309.4,14.2,D,0
21.3746,81.5383,335.3,1.2,1.1,2026-05-05,953,Aqua,MODIS,80,61.03,308.2,23.5,D,0
21.4022,78.8699,330.7,1,1,2026-05-05,953,Aqua,MODIS,72,61.03,313.8,8.9,D,0
21.7406,81.4469,328.4,1.2,1.1,2026-05-05,953,Aqua,MODIS,71,61.03,310,8,D,0
21.9882,78.838,330,1,1,2026-05-05,953,Aqua,MODIS,68,61.03,314.3,8.9,D,0
22.0399,79.1937,328.8,1,1,2026-05-05,953,Aqua,MODIS,66,61.03,310.4,9.9,D,0
22.0734,78.2841,325.6,1,1,2026-05-05,953,Aqua,MODIS,52,61.03,311.4,8.1,D,0
22.2425,75.8184,336.3,1.2,1.1,2026-05-05,953,Aqua,MODIS,78,61.03,318.2,19,D,0
22.2455,78.3765,330.3,1,1,2026-05-05,953,Aqua,MODIS,73,61.03,311.3,12.7,D,0
22.2607,75.5504,333.4,1.2,1.1,2026-05-05,953,Aqua,MODIS,71,61.03,317.9,12.1,D,0
22.3003,79.5199,332.8,1,1,2026-05-05,953,Aqua,MODIS,45,61.03,306.7,20.4,D,0
22.3036,79.6074,324.8,1,1,2026-05-05,953,Aqua,MODIS,42,61.03,301.5,12.8,D,0
22.3229,77.0137,326.6,1.1,1,2026-05-05,953,Aqua,MODIS,59,61.03,309.5,9.3,D,0
22.6049,77.0348,328.8,1.1,1,2026-05-05,953,Aqua,MODIS,56,61.03,311.7,7.3,D,0
23.058,76.3272,332,1.1,1.1,2026-05-05,954,Aqua,MODIS,65,61.03,314.3,10.9,D,0
23.2069,77.271,333.4,1,1,2026-05-05,954,Aqua,MODIS,65,61.03,315.5,11.3,D,0
23.2401,80.0396,325.8,1.1,1,2026-05-05,954,Aqua,MODIS,67,61.03,309.3,10.1,D,0
23.2415,80.0497,325.6,1.1,1,2026-05-05,954,Aqua,MODIS,67,61.03,309.1,9.3,D,0
23.4064,77.5985,327.5,1,1,2026-05-05,954,Aqua,MODIS,14,61.03,312.2,6.7,D,0
23.4359,79.2663,362.9,1,1,2026-05-05,954,Aqua,MODIS,100,61.03,317,75.7,D,0
23.4373,79.2759,342.4,1,1,2026-05-05,954,Aqua,MODIS,87,61.03,313.5,27.2,D,0
23.4447,79.2648,358.8,1,1,2026-05-05,954,Aqua,MODIS,99,61.03,317.2,65.2,D,0
23.4461,79.2744,331.8,1,1,2026-05-05,954,Aqua,MODIS,74,61.03,314.7,11.1,D,0
23.5714,78.8587,343.6,1,1,2026-05-05,954,Aqua,MODIS,88,61.03,313.1,30.4,D,0
23.5728,78.8682,346,1,1,2026-05-05,954,Aqua,MODIS,90,61.03,313.4,35,D,0
23.5925,77.7453,329.5,1,1,2026-05-05,954,Aqua,MODIS,56,61.03,311.6,7.6,D,0
23.5939,77.7548,342.4,1,1,2026-05-05,954,Aqua,MODIS,86,61.03,311.9,27.4,D,0
23.6688,75.9155,333.5,1.1,1.1,2026-05-05,954,Aqua,MODIS,74,61.03,318,13.7,D,0
23.7189,79.0364,331.2,1,1,2026-05-05,954,Aqua,MODIS,72,61.03,312.8,11.1,D,0
23.7195,78.9774,341.9,1,1,2026-05-05,954,Aqua,MODIS,86,61.03,316.4,25.5,D,0
23.826,75.6816,330.3,1.2,1.1,2026-05-05,954,Aqua,MODIS,62,61.03,313.7,11.8,D,0
24.1092,74.7066,328.8,1.3,1.1,2026-05-05,954,Aqua,MODIS,67,61.03,311.9,9.8,D,0
24.4931,75.0726,336.8,1.2,1.1,2026-05-05,954,Aqua,MODIS,83,61.03,310.1,30.3,D,0
24.6093,77.4767,321.1,1,1,2026-05-05,954,Aqua,MODIS,44,61.03,304.6,5.2,D,0
24.6873,76.7796,339.1,1,1,2026-05-05,954,Aqua,MODIS,85,61.03,308.3,27.5,D,0
24.9906,76.9968,327.3,1,1,2026-05-05,954,Aqua,MODIS,68,61.03,310.3,8.3,D,0
25.1096,76.8779,328.7,1,1,2026-05-05,954,Aqua,MODIS,71,61.03,312.4,9,D,0
25.1107,77.1787,325.2,1,1,2026-05-05,954,Aqua,MODIS,61,61.03,309.6,8.3,D,0
25.1221,77.0767,326.8,1,1,2026-05-05,954,Aqua,MODIS,66,61.03,309.6,8,D,0
25.1831,76.8674,328.9,1,1,2026-05-05,954,Aqua,MODIS,72,61.03,310.3,9.8,D,0
25.1937,76.936,334.5,1,1,2026-05-05,954,Aqua,MODIS,80,61.03,312,16.8,D,0
25.2578,76.9887,335.8,1,1,2026-05-05,954,Aqua,MODIS,82,61.03,312.2,19.9,D,0
25.2834,76.3225,332.7,1.1,1,2026-05-05,954,Aqua,MODIS,74,61.03,313.2,14.3,D,0
25.2932,76.2683,339.4,1.1,1,2026-05-05,954,Aqua,MODIS,86,61.03,313.8,23.8,D,0
25.2948,76.2784,339.7,1.1,1,2026-05-05,954,Aqua,MODIS,77,61.03,312.7,24.7,D,0
25.346,76.2524,331.2,1.1,1,2026-05-05,954,Aqua,MODIS,77,61.03,311.1,13.1,D,0
25.3939,76.264,333.6,1.1,1,2026-05-05,954,Aqua,MODIS,80,61.03,313.4,15.6,D,0
25.3955,76.2742,332.8,1.1,1,2026-05-05,954,Aqua,MODIS,79,61.03,312.6,14.1,D,0
25.4561,76.4741,333.1,1,1,2026-05-05,954,Aqua,MODIS,53,61.03,313.1,14.7,D,0
25.5507,76.3154,331.4,1.1,1,2026-05-05,954,Aqua,MODIS,72,61.03,308.7,17.5,D,0
25.6047,76.5427,331.2,1,1,2026-05-05,954,Aqua,MODIS,77,61.03,313.5,12.8,D,0
25.632,78.5866,325.3,1,1,2026-05-05,954,Aqua,MODIS,47,61.03,306.5,9.7,D,0
25.6373,78.2325,338.6,1,1,2026-05-05,954,Aqua,MODIS,85,61.03,311.5,22.9,D,0
25.6387,78.2421,332.4,1,1,2026-05-05,954,Aqua,MODIS,69,61.03,309.6,13.4,D,0
25.6405,79.4477,334.3,1.1,1,2026-05-05,954,Aqua,MODIS,81,61.03,309.2,18,D,0
25.6433,79.4682,331,1.1,1,2026-05-05,954,Aqua,MODIS,76,61.03,307.4,13.1,D,0
25.6474,78.2406,331.6,1,1,2026-05-05,954,Aqua,MODIS,77,61.03,308.2,13.1,D,0
25.6558,79.5607,326.6,1.1,1,2026-05-05,954,Aqua,MODIS,69,61.03,307.2,7.8,D,0
25.992,79.8616,326.4,1.1,1,2026-05-05,954,Aqua,MODIS,56,61.03,302.6,14.5,D,0
26.0942,79.4561,327.1,1.1,1,2026-05-05,954,Aqua,MODIS,79,61.03,297.2,18.5,D,0
26.0956,79.4665,336.4,1.1,1,2026-05-05,954,Aqua,MODIS,87,61.03,298.2,32.3,D,0
26.2573,79.7127,315.4,1.1,1,2026-05-05,954,Aqua,MODIS,56,61.03,290.6,12.6,D,0
26.4331,78.2503,320.4,1,1,2026-05-05,954,Aqua,MODIS,67,61.03,302.5,5.8,D,0
26.6052,78.811,319.1,1,1,2026-05-05,954,Aqua,MODIS,65,61.03,300,7.4,D,0
26.6913,77.9095,323.9,1,1,2026-05-05,955,Aqua,MODIS,65,61.03,304.1,8.3,D,2
27.914,68.8697,321.3,2.7,1.6,2026-05-05,955,Aqua,MODIS,43,61.03,304.8,24.8,D,0
28.245,76.9061,331.8,1,1,2026-05-05,955,Aqua,MODIS,81,61.03,301.1,19.5,D,0
28.8637,76.467,326.6,1,1,2026-05-05,955,Aqua,MODIS,71,61.03,306.1,10.1,D,0
28.9054,76.3711,325.6,1,1,2026-05-05,955,Aqua,MODIS,68,61.03,307.8,7.7,D,0
29.0978,76.2999,323,1,1,2026-05-05,955,Aqua,MODIS,50,61.03,304.8,7.4,D,0
29.1278,76.2977,326.1,1,1,2026-05-05,955,Aqua,MODIS,71,61.03,307.6,10.2,D,0
29.3835,74.0212,328.5,1.2,1.1,2026-05-05,955,Aqua,MODIS,58,61.03,311.7,11.5,D,0
29.4112,74.868,329.6,1.1,1,2026-05-05,955,Aqua,MODIS,66,61.03,309.9,12.6,D,0
29.4129,74.8787,324.6,1.1,1,2026-05-05,955,Aqua,MODIS,41,61.03,308.6,7.3,D,0
29.5379,75.1318,329,1.1,1,2026-05-05,955,Aqua,MODIS,53,61.03,307.2,16.4,D,0
29.5403,74.6932,327.4,1.1,1,2026-05-05,955,Aqua,MODIS,66,61.03,309.8,11.7,D,0
29.5421,74.704,326.8,1.1,1,2026-05-05,955,Aqua,MODIS,56,61.03,309.2,11.5,D,0
29.564,74.5516,326.9,1.1,1.1,2026-05-05,955,Aqua,MODIS,67,61.03,308.2,10.9,D,0
29.5658,74.5626,325.6,1.1,1.1,2026-05-05,955,Aqua,MODIS,63,61.03,307.4,9,D,0
29.905,75.1052,323.2,1.1,1,2026-05-05,955,Aqua,MODIS,14,61.03,302.3,10.6,D,0
29.9133,76.5338,323,1,1,2026-05-05,955,Aqua,MODIS,69,61.03,304.2,8.3,D,0
30.0328,75.2132,323.1,1,1,2026-05-05,955,Aqua,MODIS,57,61.03,304.8,8.6,D,0
30.1147,76.2233,325.3,1,1,2026-05-05,955,Aqua,MODIS,72,61.03,307.1,8,D,0
30.1865,76.3271,324.3,1,1,2026-05-05,955,Aqua,MODIS,71,61.03,306.3,7.2,D,0
29.8686,73.3433,323.8,1.3,1.1,2026-05-05,956,Aqua,MODIS,64,61.03,306.8,14.2,D,0
30.1462,74.7041,324.8,1.1,1,2026-05-05,956,Aqua,MODIS,67,61.03,306.4,11.5,D,0
30.1987,76.1695,328,1,1,2026-05-05,956,Aqua,MODIS,76,61.03,306.4,11.5,D,0
30.3275,76.1519,321.7,1,1,2026-05-05,956,Aqua,MODIS,64,61.03,305.6,6.2,D,0
30.3622,75.3606,323.5,1,1,2026-05-05,956,Aqua,MODIS,66,61.03,306.7,8.3,D,0
30.3701,76.0185,323.9,1,1,2026-05-05,956,Aqua,MODIS,69,61.03,307.5,6.9,D,0
30.3968,75.2835,322.3,1,1,2026-05-05,956,Aqua,MODIS,63,61.03,307.1,6.1,D,0
30.4047,76.0464,321.4,1,1,2026-05-05,956,Aqua,MODIS,53,61.03,304.3,5.6,D,0
30.4093,76.0766,323.2,1,1,2026-05-05,956,Aqua,MODIS,67,61.03,307.8,7.9,D,0
30.4519,75.1573,322.5,1,1,2026-05-05,956,Aqua,MODIS,63,61.03,306.5,8.1,D,0
30.4607,75.8101,328.4,1,1,2026-05-05,956,Aqua,MODIS,76,61.03,307.7,12.2,D,0
30.4623,75.8203,324,1,1,2026-05-05,956,Aqua,MODIS,69,61.03,306.5,7.3,D,0
30.5308,76.2123,323.3,1,1,2026-05-05,956,Aqua,MODIS,65,61.03,306.8,10.9,D,0
30.5311,76.0357,326.5,1,1,2026-05-05,956,Aqua,MODIS,73,61.03,308.4,9.6,D,0
30.5319,75.7257,331,1,1,2026-05-05,956,Aqua,MODIS,72,61.03,310.6,12.8,D,0
30.5351,75.7461,328.7,1,1,2026-05-05,956,Aqua,MODIS,76,61.03,310.5,10.8,D,0
30.5404,75.8393,327.5,1,1,2026-05-05,956,Aqua,MODIS,68,61.03,308.7,11,D,0
30.5644,75.7609,330.1,1,1,2026-05-05,956,Aqua,MODIS,78,61.03,308.6,12.2,D,0
30.58,75.0373,324.3,1,1,2026-05-05,956,Aqua,MODIS,68,61.03,308.8,7.8,D,0
30.5836,75.3491,325.8,1,1,2026-05-05,956,Aqua,MODIS,66,61.03,305.8,8.8,D,0
30.5937,75.2398,325.5,1,1,2026-05-05,956,Aqua,MODIS,57,61.03,306.3,10.4,D,0
30.5953,75.2502,326,1,1,2026-05-05,956,Aqua,MODIS,65,61.03,307.8,10.9,D,0
30.6127,75.7823,326.3,1,1,2026-05-05,956,Aqua,MODIS,72,61.03,308.6,8.2,D,0
30.6196,75.6386,337,1,1,2026-05-05,956,Aqua,MODIS,85,61.03,309.9,22.9,D,0
30.6212,75.6488,334.6,1,1,2026-05-05,956,Aqua,MODIS,83,61.03,309.9,19.5,D,0
30.6299,75.2965,328.9,1,1,2026-05-05,956,Aqua,MODIS,76,61.03,307.8,14.4,D,0
30.632,75.8356,328.7,1,1,2026-05-05,956,Aqua,MODIS,56,61.03,310,11.5,D,0
30.6407,75.8338,335.9,1,1,2026-05-05,956,Aqua,MODIS,84,61.03,309,21.4,D,0
30.6441,75.7387,323.2,1,1,2026-05-05,956,Aqua,MODIS,42,61.03,306.1,6.6,D,0
30.6457,75.7488,324.1,1,1,2026-05-05,956,Aqua,MODIS,56,61.03,306.4,7.4,D,0
30.6544,75.747,327.8,1,1,2026-05-05,956,Aqua,MODIS,63,61.03,306.9,12.1,D,0
30.6722,75.3773,333.7,1,1,2026-05-05,956,Aqua,MODIS,82,61.03,307,21.6,D,0
30.6781,75.183,324.4,1,1,2026-05-05,956,Aqua,MODIS,70,61.03,306.8,8.3,D,0
30.7034,75.4026,325.5,1,1,2026-05-05,956,Aqua,MODIS,52,61.03,306.4,10.4,D,0
30.7161,75.0718,328.1,1,1,2026-05-05,956,Aqua,MODIS,77,61.03,305.1,13.7,D,0
30.7353,74.9041,320,1.1,1,2026-05-05,956,Aqua,MODIS,60,61.03,300.6,8.4,D,0
30.8053,75.6402,323,1,1,2026-05-05,956,Aqua,MODIS,69,61.03,301.8,11.8,D,0
30.9296,74.9589,319.1,1,1,2026-05-05,956,Aqua,MODIS,55,61.03,301.6,5.8,D,0
30.9686,75.3814,323.6,1,1,2026-05-05,956,Aqua,MODIS,46,61.03,301.9,9.7,D,0
31.0646,75.1076,322.2,1,1,2026-05-05,956,Aqua,MODIS,17,61.03,304.2,8.9,D,0
31.0795,75.4365,324,1,1,2026-05-05,956,Aqua,MODIS,73,61.03,305.1,10,D,0
31.0866,75.9156,320.8,1,1,2026-05-05,956,Aqua,MODIS,37,61.03,303.5,6.2,D,0
31.1033,75.8847,325.7,1,1,2026-05-05,956,Aqua,MODIS,74,61.03,306.3,11.8,D,0
31.1445,75.2032,320.9,1,1,2026-05-05,956,Aqua,MODIS,64,61.03,304.3,7.6,D,0
31.3388,75.0128,327.4,1,1,2026-05-05,956,Aqua,MODIS,77,61.03,306,12.9,D,0
31.3768,75.0803,319.2,1,1,2026-05-05,956,Aqua,MODIS,48,61.03,301.5,5.6,D,0
31.4843,75.4214,322.3,1,1,2026-05-05,956,Aqua,MODIS,43,61.03,305.6,7.7,D,0
31.4845,75.7176,342.1,1,1,2026-05-05,956,Aqua,MODIS,91,61.03,306.7,35.1,D,0
31.4859,75.4317,323.9,1,1,2026-05-05,956,Aqua,MODIS,57,61.03,305.9,9.2,D,0
31.4861,75.7278,323.1,1,1,2026-05-05,956,Aqua,MODIS,74,61.03,306.7,8.7,D,0
31.5366,74.8594,330.1,1,1,2026-05-05,956,Aqua,MODIS,80,61.03,309,14.4,D,0
31.545,75.0856,323.7,1,1,2026-05-05,956,Aqua,MODIS,59,61.03,305.2,11.4,D,0
31.6008,75.5012,327.2,1,1,2026-05-05,956,Aqua,MODIS,78,61.03,303.5,16.3,D,0
31.6055,75.0075,322.3,1,1,2026-05-05,956,Aqua,MODIS,69,61.03,307.4,6.9,D,0
31.6096,74.739,327.3,1,1,2026-05-05,956,Aqua,MODIS,76,61.03,308.2,12.2,D,0
31.6109,74.517,320,1.1,1,2026-05-05,956,Aqua,MODIS,47,61.03,303.4,7.3,D,0
31.6147,75.1244,323.1,1,1,2026-05-05,956,Aqua,MODIS,71,61.03,307.6,6.6,D,0
31.6277,75.559,326,1,1,2026-05-05,956,Aqua,MODIS,67,61.03,304.3,10.9,D,0
31.652,74.9483,324.7,1,1,2026-05-05,956,Aqua,MODIS,73,61.03,309.2,8.6,D,0
31.6546,75.1961,323.1,1,1,2026-05-05,956,Aqua,MODIS,69,61.03,307,6.3,D,0
31.6646,75.0863,322,1,1,2026-05-05,956,Aqua,MODIS,69,61.03,307.1,6,D,0
31.6834,74.974,324.4,1,1,2026-05-05,956,Aqua,MODIS,72,61.03,308.3,8.1,D,0
31.6848,74.6825,323.4,1.1,1,2026-05-05,956,Aqua,MODIS,38,61.03,304.3,8.8,D,0
31.6865,74.6932,324.9,1.1,1,2026-05-05,956,Aqua,MODIS,66,61.03,303.8,9.3,D,0
31.6875,74.8138,322.2,1,1,2026-05-05,956,Aqua,MODIS,61,61.03,304.9,6,D,0
31.7208,74.1631,331.3,1.1,1,2026-05-05,956,Aqua,MODIS,74,61.03,302.9,22.4,D,0
31.7279,75.5532,327.3,1,1,2026-05-05,956,Aqua,MODIS,43,61.03,302.1,12.2,D,0
31.736,75.371,324.6,1,1,2026-05-05,956,Aqua,MODIS,74,61.03,306.8,7.8,D,0
31.7376,75.3813,325.4,1,1,2026-05-05,956,Aqua,MODIS,75,61.03,306.4,8.6,D,0
31.7704,74.8119,329.1,1,1,2026-05-05,956,Aqua,MODIS,59,61.03,309.9,12.8,D,0
31.7713,75.3461,322.5,1,1,2026-05-05,956,Aqua,MODIS,70,61.03,305.2,7.5,D,0
31.8019,74.8377,326.2,1,1,2026-05-05,956,Aqua,MODIS,74,61.03,307.5,9.7,D,0
31.828,74.6561,324.5,1.1,1,2026-05-05,956,Aqua,MODIS,36,61.03,308.2,10.5,D,0
31.8297,74.6668,336.2,1.1,1,2026-05-05,956,Aqua,MODIS,85,61.03,308.2,26.5,D,0
31.8417,74.9161,326.6,1,1,2026-05-05,956,Aqua,MODIS,75,61.03,308.4,11.3,D,0
31.8433,74.9267,324.1,1,1,2026-05-05,956,Aqua,MODIS,71,61.03,308.2,8.5,D,0
31.8476,74.196,321.4,1.1,1,2026-05-05,956,Aqua,MODIS,60,61.03,305.6,7.5,D,0
31.8772,74.7816,321.4,1,1,2026-05-05,956,Aqua,MODIS,52,61.03,305.6,4.7,D,0
31.897,75.3881,324.2,1,1,2026-05-05,956,Aqua,MODIS,72,61.03,307.4,7.7,D,0
31.9073,75.3965,331.7,1,1,2026-05-05,956,Aqua,MODIS,82,61.03,307.6,16.8,D,0
31.9144,75.1316,328.6,1,1,2026-05-05,956,Aqua,MODIS,31,61.03,307.3,12.4,D,0
31.916,75.142,329.8,1,1,2026-05-05,956,Aqua,MODIS,42,61.03,307.2,13.8,D,0
31.927,75.0966,341.2,1,1,2026-05-05,956,Aqua,MODIS,89,61.03,304.1,34.4,D,0
31.9287,75.477,329.7,1,1,2026-05-05,956,Aqua,MODIS,80,61.03,306.9,14.9,D,0
31.9507,75.0158,323.7,1,1,2026-05-05,956,Aqua,MODIS,26,61.03,303.3,9.7,D,0
31.9633,75.2712,321.3,1,1,2026-05-05,956,Aqua,MODIS,67,61.03,305.1,5.9,D,0
31.9649,75.3989,324,1,1,2026-05-05,956,Aqua,MODIS,68,61.03,307,7.8,D,0
31.9789,74.6103,328.8,1.1,1,2026-05-05,956,Aqua,MODIS,77,61.03,306.2,16.2,D,0
31.9792,75.4915,327.2,1,1,2026-05-05,956,Aqua,MODIS,51,61.03,305.7,13.8,D,0
31.9903,75.3295,325.7,1,1,2026-05-05,956,Aqua,MODIS,54,61.03,309.1,8.6,D,0
31.999,75.3276,327.3,1,1,2026-05-05,956,Aqua,MODIS,76,61.03,308.4,10.6,D,0
32.0157,75.3773,340.3,1,1,2026-05-05,956,Aqua,MODIS,89,61.03,307.5,30.3,D,0
32.0299,74.3466,323.2,1.1,1,2026-05-05,956,Aqua,MODIS,62,61.03,306.8,8,D,0
32.0317,74.3575,324.4,1.1,1,2026-05-05,956,Aqua,MODIS,67,61.03,306.8,9.4,D,0
32.0406,74.3554,325.2,1.1,1,2026-05-05,956,Aqua,MODIS,66,61.03,306.4,10.2,D,0
32.0517,75.6138,331.5,1,1,2026-05-05,956,Aqua,MODIS,82,61.03,307.5,17.1,D,0
32.0557,75.3311,324.8,1,1,2026-05-05,956,Aqua,MODIS,57,61.03,305.7,8.3,D,0
32.0644,75.3292,336.6,1,1,2026-05-05,956,Aqua,MODIS,86,61.03,307.4,23.4,D,0
32.0646,74.2766,323.9,1.1,1,2026-05-05,956,Aqua,MODIS,69,61.03,306.9,10,D,0
32.065,75.1578,322.1,1,1,2026-05-05,956,Aqua,MODIS,67,61.03,307,6.8,D,0
32.0666,75.1682,323.2,1,1,2026-05-05,956,Aqua,MODIS,69,61.03,306.1,8.1,D,0
32.0835,75.3358,338.2,1,1,2026-05-05,956,Aqua,MODIS,86,61.03,304.2,28.4,D,0
32.1003,74.325,322.7,1.1,1,2026-05-05,956,Aqua,MODIS,66,61.03,305.8,8.7,D,0
32.1075,74.2555,323.7,1.1,1,2026-05-05,956,Aqua,MODIS,68,61.03,306.1,9.6,D,0
32.1088,75.3837,323.6,1,1,2026-05-05,956,Aqua,MODIS,71,61.03,306.9,9.3,D,0
32.2208,74.4926,327.3,1.1,1,2026-05-05,956,Aqua,MODIS,74,61.03,307.4,12.6,D,0
32.3088,74.5228,328.4,1.1,1,2026-05-05,956,Aqua,MODIS,76,61.03,306.8,14,D,0
32.3616,74.5663,323.2,1,1,2026-05-05,956,Aqua,MODIS,63,61.03,307.7,7.4,D,0
32.3991,74.6176,322.9,1,1,2026-05-05,956,Aqua,MODIS,54,61.03,308.1,8.8,D,0
32.4609,74.6037,321.1,1,1,2026-05-05,956,Aqua,MODIS,62,61.03,308,6.3,D,0
32.4816,74.8513,323,1,1,2026-05-05,956,Aqua,MODIS,62,61.03,306.7,7,D,0
32.5623,73.6858,322.1,1.1,1.1,2026-05-05,956,Aqua,MODIS,65,61.03,307.7,9.2,D,0
32.5682,73.7784,324.6,1.1,1,2026-05-05,956,Aqua,MODIS,71,61.03,308.9,10.4,D,0
32.7586,74.6006,325.9,1,1,2026-05-05,956,Aqua,MODIS,65,61.03,308.9,11,D,0
32.7603,74.6113,327.5,1,1,2026-05-05,956,Aqua,MODIS,74,61.03,309.1,12.4,D,0
32.7762,74.5967,329.9,1,1,2026-05-05,956,Aqua,MODIS,63,61.03,309.3,14.5,D,0
32.7779,74.6073,330.3,1,1,2026-05-05,956,Aqua,MODIS,65,61.03,308.4,14.5,D,0
32.7796,74.6179,330.8,1,1,2026-05-05,956,Aqua,MODIS,68,61.03,307.7,15.1,D,0
32.7833,74.584,330,1,1,2026-05-05,956,Aqua,MODIS,79,61.03,308.7,17,D,0
32.785,74.5947,333.7,1,1,2026-05-05,956,Aqua,MODIS,83,61.03,308.2,21.6,D,0
34.1069,72.6433,322,1.2,1.1,2026-05-05,957,Aqua,MODIS,72,61.03,309.4,8.4,D,0
20.0608,93.8597,310.1,2,1.4,2026-05-05,1450,Terra,MODIS,79,61.03,284.2,28.3,N,0
21.0776,85.0375,308.2,1.2,1.1,2026-05-05,1451,Terra,MODIS,74,61.03,294.1,8.3,N,2
21.9987,79.1706,304.9,2.8,1.6,2026-05-05,1451,Terra,MODIS,62,61.03,293.7,22.3,N,0
23.6652,87.1505,305.5,1,1,2026-05-05,1451,Terra,MODIS,62,61.03,294.8,4.7,N,2
23.6792,86.3928,310.9,1,1,2026-05-05,1451,Terra,MODIS,80,61.03,296.3,8,N,2
23.6823,86.0813,308.4,1,1,2026-05-05,1451,Terra,MODIS,74,61.03,295.1,6,N,2
23.7167,86.4486,306.8,1,1,2026-05-05,1451,Terra,MODIS,18,61.03,295.8,4.4,N,2
23.7416,86.4345,307.2,1,1,2026-05-05,1451,Terra,MODIS,30,61.03,295.6,4.6,N,2
23.7638,86.4014,315,1,1,2026-05-05,1451,Terra,MODIS,90,61.03,296.1,10,N,2
23.7747,86.2074,306.7,1,1,2026-05-05,1451,Terra,MODIS,69,61.03,296.1,4.8,N,2
23.776,86.3602,306.1,1,1,2026-05-05,1451,Terra,MODIS,27,61.03,295.2,3.8,N,2
23.78,86.3889,312.4,1,1,2026-05-05,1451,Terra,MODIS,84,61.03,296,8.1,N,2
23.7834,86.2059,306.3,1,1,2026-05-05,1451,Terra,MODIS,67,61.03,295.5,4.6,N,2
23.7951,86.3511,309.5,1,1,2026-05-05,1451,Terra,MODIS,77,61.03,295.9,6.6,N,2
25.0309,87.372,303.8,1,1,2026-05-05,1452,Terra,MODIS,57,61.03,291.4,3.9,N,2
27.9139,68.035,310.5,2.1,1.4,2026-05-05,1631,Terra,MODIS,79,61.03,296.6,23.8,N,0
22.3345,82.5793,303.1,1,1,2026-05-05,2200,Aqua,MODIS,53,61.03,292,4.4,N,2
23.17,82.3467,302.5,1.1,1,2026-05-05,2200,Aqua,MODIS,49,61.03,291.8,5.6,N,2
23.684,86.3954,311,1.1,1.1,2026-05-05,2200,Aqua,MODIS,44,61.03,292.7,11.3,N,2
23.7428,86.4338,306,1.1,1.1,2026-05-05,2200,Aqua,MODIS,44,61.03,294.2,5.5,N,2
19.1031,82.1716,301,1,1,2026-05-05,2201,Aqua,MODIS,35,61.03,290.7,4.6,N,2
27.7873,95.7919,303.9,1.1,1.1,2026-05-06,257,Terra,MODIS,37,61.03,287.8,2.7,D,0
17.1576,95.4331,316.9,1.6,1.2,2026-05-06,259,Terra,MODIS,57,61.03,286.4,12.6,D,0
20.9595,85.1771,314.5,2.1,1.4,2026-05-06,259,Terra,MODIS,25,61.03,297.6,15.6,D,2
20.9614,85.1842,314.6,2.1,1.4,2026-05-06,259,Terra,MODIS,61,61.03,297.7,17,D,2
20.9634,85.1644,314.7,2.1,1.4,2026-05-06,259,Terra,MODIS,61,61.03,297.7,16.7,D,2
30.6004,70.7792,321.3,1,1,2026-05-06,434,Terra,MODIS,60,61.03,306.5,7.3,D,0
31.104,76.0695,318.2,2,1.4,2026-05-06,434,Terra,MODIS,75,61.03,300.9,17,D,0
31.2702,70.938,321.1,1,1,2026-05-06,434,Terra,MODIS,59,61.03,307.5,6.9,D,0
31.2718,70.9274,334.5,1,1,2026-05-06,434,Terra,MODIS,83,61.03,307.1,23.9,D,0
31.4951,72.323,322.1,1.2,1.1,2026-05-06,434,Terra,MODIS,66,61.03,303.8,10.1,D,0
31.5044,72.3251,321.8,1.2,1.1,2026-05-06,434,Terra,MODIS,65,61.03,304.2,9.9,D,0
31.9858,70.862,321.1,1,1,2026-05-06,434,Terra,MODIS,60,61.03,306,7.8,D,0
32.0435,72.4337,317.8,1.2,1.1,2026-05-06,434,Terra,MODIS,48,61.03,304.2,7,D,0
32.1816,71.4535,321.8,1.1,1,2026-05-06,434,Terra,MODIS,64,61.03,307,6,D,0
32.6042,71.4176,319.6,1.1,1,2026-05-06,434,Terra,MODIS,54,61.03,304.2,7.8,D,0
32.6166,71.3979,318,1.1,1,2026-05-06,434,Terra,MODIS,22,61.03,303.7,7,D,0
32.7731,71.5227,317.8,1.1,1,2026-05-06,434,Terra,MODIS,59,61.03,303.1,6.6,D,0
27.2752,68.1969,322.3,1,1,2026-05-06,435,Terra,MODIS,37,61.03,308.1,6,D,0
27.3116,68.0015,326.3,1,1,2026-05-06,435,Terra,MODIS,66,61.03,310.2,9.8,D,0
27.871,68.0232,323.3,1,1,2026-05-06,435,Terra,MODIS,62,61.03,309.1,6.1,D,0
27.8984,69.0642,327.8,1,1,2026-05-06,435,Terra,MODIS,68,61.03,309.2,14.1,D,0
28.9001,70.9875,330.7,1.1,1,2026-05-06,435,Terra,MODIS,75,61.03,306.8,22.3,D,0
29.5307,70.2056,321.3,1,1,2026-05-06,435,Terra,MODIS,58,61.03,307.4,6.9,D,0
29.5659,71.4606,321.9,1.1,1.1,2026-05-06,435,Terra,MODIS,62,61.03,305.6,9.6,D,0
29.645,71.1438,320.7,1.1,1,2026-05-06,435,Terra,MODIS,59,61.03,305.7,9.2,D,0
30.2304,70.6578,322.1,1,1,2026-05-06,435,Terra,MODIS,66,61.03,306.4,8.6,D,0
30.2321,70.6472,349.3,1,1,2026-05-06,435,Terra,MODIS,94,61.03,308.2,52.5,D,0
30.241,70.649,333.2,1,1,2026-05-06,435,Terra,MODIS,82,61.03,308,22.2,D,0
30.2726,70.6229,321.1,1,1,2026-05-06,435,Terra,MODIS,63,61.03,306.9,6.9,D,0
30.2792,70.7002,324.1,1,1,2026-05-06,435,Terra,MODIS,70,61.03,307.1,10.6,D,0
30.2808,70.6897,327,1,1,2026-05-06,435,Terra,MODIS,75,61.03,307.1,14,D,0
30.5603,70.7978,320.7,1.1,1,2026-05-06,435,Terra,MODIS,0,61.03,304.9,9.2,D,0
23.4512,77.61,324.6,3.8,1.8,2026-05-06,436,Terra,MODIS,52,61.03,307.2,50.6,D,0
23.688,78.5783,324.3,4.4,1.9,2026-05-06,436,Terra,MODIS,62,61.03,306.2,78.5,D,0
23.2609,68.7927,325.5,1,1,2026-05-06,437,Terra,MODIS,66,61.03,309.3,9.5,D,0
16.0904,95.5668,318.8,1,1,2026-05-06,851,Aqua,MODIS,20,61.03,299.2,5.1,D,0
16.1349,95.6643,327.1,1,1,2026-05-06,851,Aqua,MODIS,78,61.03,303.9,10.6,D,0
16.5187,95.5141,329.3,1,1,2026-05-06,851,Aqua,MODIS,77,61.03,304.1,15.8,D,0
16.519,95.3935,325,1,1,2026-05-06,851,Aqua,MODIS,65,61.03,304.9,7.8,D,0
16.5203,95.4025,331.7,1,1,2026-05-06,851,Aqua,MODIS,80,61.03,304.4,16.2,D,0
16.6051,95.6624,324.9,1,1,2026-05-06,851,Aqua,MODIS,71,61.03,304.1,9.8,D,0
16.8039,95.2401,333.7,1,1,2026-05-06,851,Aqua,MODIS,82,61.03,302.7,20.8,D,0
16.8596,95.835,324,1,1,2026-05-06,851,Aqua,MODIS,57,61.03,304.5,8.6,D,0
16.8643,95.0856,327.2,1,1,2026-05-06,851,Aqua,MODIS,74,61.03,301.3,14.4,D,0
16.8697,95.2017,326.7,1,1,2026-05-06,851,Aqua,MODIS,65,61.03,305.8,10.1,D,0
16.8756,95.3029,331.3,1,1,2026-05-06,851,Aqua,MODIS,62,61.03,308.2,15,D,0
16.9082,95.2641,334.3,1,1,2026-05-06,851,Aqua,MODIS,82,61.03,304,21.2,D,0
16.9365,95.2132,339.5,1,1,2026-05-06,851,Aqua,MODIS,87,61.03,302.6,32.3,D,0
16.9534,95.4522,327.3,1,1,2026-05-06,851,Aqua,MODIS,44,61.03,302.2,13.3,D,0
16.9703,95.8961,323.4,1,1,2026-05-06,851,Aqua,MODIS,44,61.03,304.4,9.7,D,0
17.0366,94.9992,329.1,1,1,2026-05-06,851,Aqua,MODIS,57,61.03,300.7,13.6,D,0
17.0453,94.9978,324.1,1,1,2026-05-06,851,Aqua,MODIS,57,61.03,302.5,7.8,D,0
17.0472,95.0717,345.2,1,1,2026-05-06,851,Aqua,MODIS,69,61.03,299.9,40.5,D,0
17.0897,95.4426,328.4,1,1,2026-05-06,851,Aqua,MODIS,55,61.03,300.4,17.1,D,0
17.1198,95.9648,327.3,1,1,2026-05-06,851,Aqua,MODIS,73,61.03,307.3,10.5,D,0
17.1211,95.9741,336.9,1,1,2026-05-06,851,Aqua,MODIS,85,61.03,306.5,24,D,0
17.2707,96.7122,324.6,1.1,1,2026-05-06,851,Aqua,MODIS,54,61.03,302.7,7.7,D,0
17.0701,94.9845,324.4,1,1,2026-05-06,852,Aqua,MODIS,67,61.03,303.4,8.1,D,0
17.0767,95.0299,326.5,1,1,2026-05-06,852,Aqua,MODIS,72,61.03,303.9,10.4,D,0
17.0949,94.9712,347,1,1,2026-05-06,852,Aqua,MODIS,92,61.03,304.1,42.3,D,0
17.1016,95.0166,334.2,1,1,2026-05-06,852,Aqua,MODIS,82,61.03,304.8,20.1,D,0
17.1103,95.0152,327.3,1,1,2026-05-06,852,Aqua,MODIS,73,61.03,303.7,11,D,0
17.1109,95.3869,331.6,1,1,2026-05-06,852,Aqua,MODIS,69,61.03,306.2,17.4,D,0
17.1236,95.4128,327.4,1,1,2026-05-06,852,Aqua,MODIS,0,61.03,303.1,14,D,0
17.2171,95.354,328.9,1,1,2026-05-06,852,Aqua,MODIS,75,61.03,304.4,11.8,D,0
17.2184,95.3632,323.7,1,1,2026-05-06,852,Aqua,MODIS,34,61.03,303.1,6.7,D,0
17.3074,94.7693,345.7,1,1,2026-05-06,852,Aqua,MODIS,91,61.03,301.8,45,D,0
17.3088,94.7784,377,1,1,2026-05-06,852,Aqua,MODIS,100,61.03,303.4,132.8,D,0
17.3161,94.7679,327.9,1,1,2026-05-06,852,Aqua,MODIS,73,61.03,300.5,18.3,D,0
17.3175,94.777,362.7,1,1,2026-05-06,852,Aqua,MODIS,100,61.03,302.7,85.6,D,0
17.3188,94.7861,337.8,1,1,2026-05-06,852,Aqua,MODIS,85,61.03,300.6,30.8,D,0
17.3695,95.4642,325.5,1,1,2026-05-06,852,Aqua,MODIS,48,61.03,303.4,11.1,D,0
17.3846,96.0103,326.5,1,1,2026-05-06,852,Aqua,MODIS,72,61.03,306.3,10,D,0
17.4668,95.7434,328.7,1,1,2026-05-06,852,Aqua,MODIS,75,61.03,307.2,9,D,0
17.4826,95.6653,337.4,1,1,2026-05-06,852,Aqua,MODIS,85,61.03,304.7,21.5,D,0
17.5457,94.6286,339.1,1,1,2026-05-06,852,Aqua,MODIS,86,61.03,301.3,34.3,D,0
17.5471,94.6378,321.4,1,1,2026-05-06,852,Aqua,MODIS,52,61.03,299.6,11.4,D,0
17.5574,94.8466,323.3,1,1,2026-05-06,852,Aqua,MODIS,61,61.03,302.5,12.4,D,0
17.58,94.8,320.3,1,1,2026-05-06,852,Aqua,MODIS,45,61.03,300.3,11,D,0
17.6371,96.6923,327.4,1.1,1,2026-05-06,852,Aqua,MODIS,65,61.03,304.1,8.5,D,0
17.6385,96.7022,328,1.1,1,2026-05-06,852,Aqua,MODIS,61,61.03,304.1,9.8,D,0
17.7046,95.0153,325.6,1,1,2026-05-06,852,Aqua,MODIS,53,61.03,304.6,8.3,D,0
17.7548,94.6101,326.4,1,1,2026-05-06,852,Aqua,MODIS,70,61.03,301.2,16.8,D,0
17.7555,94.7964,328.7,1,1,2026-05-06,852,Aqua,MODIS,75,61.03,302.1,19.5,D,0
17.8024,94.7515,332.7,1,1,2026-05-06,852,Aqua,MODIS,80,61.03,300.7,24.9,D,0
17.8038,94.7606,326.8,1,1,2026-05-06,852,Aqua,MODIS,71,61.03,301,17.4,D,0
17.8233,94.6856,332.2,1,1,2026-05-06,852,Aqua,MODIS,79,61.03,300.9,25.2,D,0
17.893,94.7954,322.1,1,1,2026-05-06,852,Aqua,MODIS,60,61.03,300,12.6,D,0
17.9807,95.3985,327.4,1,1,2026-05-06,852,Aqua,MODIS,60,61.03,304.4,8.9,D,0
18.0021,94.5226,319.7,1,1,2026-05-06,852,Aqua,MODIS,45,61.03,302.5,7.7,D,0
18.0164,96.0321,323.6,1,1,2026-05-06,852,Aqua,MODIS,67,61.03,303.2,12,D,0
18.053,95.3249,331.9,1,1,2026-05-06,852,Aqua,MODIS,62,61.03,307,14,D,0
18.1384,95.5217,332.6,1,1,2026-05-06,852,Aqua,MODIS,78,61.03,307.9,14.8,D,0
18.3652,94.4757,332.4,1,1,2026-05-06,852,Aqua,MODIS,81,61.03,300.9,22.6,D,0
18.4459,94.4003,317.9,1,1,2026-05-06,852,Aqua,MODIS,41,61.03,300.3,5.6,D,0
18.4473,94.4095,320.6,1,1,2026-05-06,852,Aqua,MODIS,59,61.03,299.8,8.4,D,0
18.6446,94.2517,318.9,1,1,2026-05-06,852,Aqua,MODIS,49,61.03,300.5,6.1,D,0
19.1202,95.2217,330.9,1,1,2026-05-06,852,Aqua,MODIS,80,61.03,306.4,13,D,0
19.1215,95.231,330.1,1,1,2026-05-06,852,Aqua,MODIS,79,61.03,306.7,11.6,D,0
19.2593,94.0867,319,1,1,2026-05-06,852,Aqua,MODIS,44,61.03,298.9,6.4,D,0
19.2905,93.8008,316.8,1,1,2026-05-06,852,Aqua,MODIS,51,61.03,299.6,5.8,D,0
19.2919,93.8101,320.5,1,1,2026-05-06,852,Aqua,MODIS,64,61.03,300.1,9.3,D,0
19.3756,95.8546,322,1.1,1,2026-05-06,852,Aqua,MODIS,0,61.03,298.5,10.3,D,0
19.4111,93.7451,321.7,1,1,2026-05-06,852,Aqua,MODIS,69,61.03,301,10.1,D,0
19.4125,93.7544,318.8,1,1,2026-05-06,852,Aqua,MODIS,37,61.03,300.1,6.8,D,0
19.424,94.3362,332.2,1,1,2026-05-06,852,Aqua,MODIS,81,61.03,296.9,25.2,D,0
19.5756,96.5063,325.6,1.1,1.1,2026-05-06,852,Aqua,MODIS,73,61.03,299.7,19.6,D,0
19.6108,94.0219,317.8,1,1,2026-05-06,852,Aqua,MODIS,44,61.03,296.8,6.7,D,0
19.6804,94.0518,333.4,1,1,2026-05-06,852,Aqua,MODIS,82,61.03,298.4,25.9,D,0
19.6818,94.061,325.5,1,1,2026-05-06,852,Aqua,MODIS,71,61.03,298.2,15.9,D,0
19.7227,96.3679,318.8,1.1,1,2026-05-06,852,Aqua,MODIS,33,61.03,300.9,8.1,D,0
19.7882,93.9702,319.2,1,1,2026-05-06,852,Aqua,MODIS,57,61.03,299.6,8.2,D,0
19.849,93.8213,322.4,1,1,2026-05-06,852,Aqua,MODIS,70,61.03,298.6,11.9,D,0
19.8854,94.0048,344.7,1,1,2026-05-06,852,Aqua,MODIS,91,61.03,301.2,42.2,D,0
19.8867,94.0141,343.4,1,1,2026-05-06,852,Aqua,MODIS,91,61.03,300.4,40,D,0
19.9182,93.8411,319.2,1,1,2026-05-06,852,Aqua,MODIS,63,61.03,299.5,9.1,D,0
19.9477,93.9784,331.5,1,1,2026-05-06,852,Aqua,MODIS,81,61.03,300.8,22.5,D,0
20.0216,93.5598,319.3,1,1,2026-05-06,852,Aqua,MODIS,64,61.03,302,8.5,D,0
20.0493,93.5648,317.1,1,1,2026-05-06,852,Aqua,MODIS,50,61.03,299.7,6.5,D,0
20.0507,93.5742,335.2,1,1,2026-05-06,852,Aqua,MODIS,85,61.03,298.4,28.3,D,0
20.0636,93.8391,364.1,1,1,2026-05-06,852,Aqua,MODIS,100,61.03,300.8,91.6,D,0
20.065,93.8484,372,1,1,2026-05-06,852,Aqua,MODIS,100,61.03,300.9,116.5,D,0
20.0837,93.5331,329.7,1,1,2026-05-06,852,Aqua,MODIS,80,61.03,299.3,20.9,D,0
20.0861,96.6003,317.3,1.1,1.1,2026-05-06,852,Aqua,MODIS,47,61.03,299.8,10.2,D,0
20.1468,93.3429,323.9,1,1,2026-05-06,852,Aqua,MODIS,74,61.03,299.8,14.1,D,0
20.2263,93.3129,334.3,1,1,2026-05-06,852,Aqua,MODIS,74,61.03,297.9,26.9,D,0
20.2439,93.3099,330.8,1,1,2026-05-06,852,Aqua,MODIS,82,61.03,297.2,21.9,D,0
20.3675,93.3986,314.7,1,1,2026-05-06,852,Aqua,MODIS,30,61.03,297,7.2,D,0
20.381,96.4009,317.8,1.1,1.1,2026-05-06,852,Aqua,MODIS,59,61.03,299.2,10.3,D,0
20.3893,93.4237,315.8,1,1,2026-05-06,852,Aqua,MODIS,39,61.03,295.6,8.6,D,0
20.3907,93.4331,365.8,1,1,2026-05-06,852,Aqua,MODIS,94,61.03,296.8,100.8,D,0
20.7467,93.279,318.7,1,1,2026-05-06,853,Aqua,MODIS,62,61.03,295.1,10.4,D,0
20.7504,93.048,317.5,1,1,2026-05-06,853,Aqua,MODIS,66,61.03,298.1,5.7,D,0
20.7518,93.0575,318.9,1,1,2026-05-06,853,Aqua,MODIS,69,61.03,298.7,7,D,0
20.8047,93.0482,319.7,1,1,2026-05-06,853,Aqua,MODIS,70,61.03,298.6,7.2,D,0
20.8465,93.0743,323.2,1,1,2026-05-06,853,Aqua,MODIS,28,61.03,300.4,9.9,D,0
20.8492,94.8428,338,1,1,2026-05-06,853,Aqua,MODIS,86,61.03,310.6,17.8,D,0
20.8671,93.0315,318.6,1,1,2026-05-06,853,Aqua,MODIS,70,61.03,299.3,6.1,D,0
20.9083,93.047,321.3,1,1,2026-05-06,853,Aqua,MODIS,29,61.03,299.6,8.6,D,0
20.923,93.0249,323.2,1,1,2026-05-06,853,Aqua,MODIS,62,61.03,299,10.1,D,0
20.9584,85.1676,316,3.3,1.7,2026-05-06,853,Aqua,MODIS,51,61.03,296.8,28.1,D,2
23.0999,93.4023,318.3,1,1,2026-05-06,853,Aqua,MODIS,71,61.03,298.9,11.1,D,0
23.7119,96.3041,319.4,1.2,1.1,2026-05-06,853,Aqua,MODIS,56,61.03,298.7,8.7,D,0
23.8035,96.2951,323.9,1.2,1.1,2026-05-06,853,Aqua,MODIS,75,61.03,300.8,11.5,D,0
24.3492,93.153,356.3,1,1,2026-05-06,854,Aqua,MODIS,93,61.03,294.7,73,D,0
24.3506,93.1625,312.4,1,1,2026-05-06,854,Aqua,MODIS,59,61.03,290.8,7.6,D,0
25.1052,92.958,346.5,1,1,2026-05-06,854,Aqua,MODIS,94,61.03,297.5,50.4,D,0
25.1067,92.9675,334.3,1,1,2026-05-06,854,Aqua,MODIS,87,61.03,296.9,29.8,D,0
26.006,95.7638,312.7,1.2,1.1,2026-05-06,854,Aqua,MODIS,64,61.03,294.7,7.6,D,0
26.0074,95.7754,317.9,1.2,1.1,2026-05-06,854,Aqua,MODIS,74,61.03,296,13.2,D,0
26.309,96.2439,343.7,1.3,1.1,2026-05-06,854,Aqua,MODIS,93,61.03,294.8,63.1,D,0
15.9193,74.1132,330.6,1.3,1.1,2026-05-06,1030,Aqua,MODIS,71,61.03,304.4,31.2,D,0
16.1175,73.9887,323.1,1.3,1.1,2026-05-06,1030,Aqua,MODIS,46,61.03,307.4,13.9,D,0
19.0094,73.1928,326.3,1.3,1.1,2026-05-06,1030,Aqua,MODIS,56,61.03,308.4,11.4,D,0
19.0863,73.4766,329.8,1.3,1.1,2026-05-06,1030,Aqua,MODIS,68,61.03,314.6,12.2,D,0
19.0879,73.4889,352.5,1.3,1.1,2026-05-06,1030,Aqua,MODIS,95,61.03,315.2,73.8,D,0
19.6128,73.2021,325.1,1.3,1.1,2026-05-06,1031,Aqua,MODIS,43,61.03,307.3,6.4,D,0
19.6144,73.2143,326.6,1.3,1.1,2026-05-06,1031,Aqua,MODIS,56,61.03,309.3,9.2,D,0
21.8789,72.7004,335.6,1.3,1.1,2026-05-06,1031,Aqua,MODIS,77,61.03,315.4,23.7,D,2
23.1853,69.6398,330.4,1,1,2026-05-06,1032,Aqua,MODIS,68,61.03,312.6,10.8,D,0
23.2545,68.7818,327.9,1,1,2026-05-06,1032,Aqua,MODIS,57,61.03,311.3,9.5,D,0
23.4582,69.8606,334.1,1,1,2026-05-06,1032,Aqua,MODIS,75,61.03,319.2,11.2,D,0
23.5993,69.1773,335.3,1,1,2026-05-06,1032,Aqua,MODIS,79,61.03,314.9,15.4,D,0
23.6007,69.1868,332.4,1,1,2026-05-06,1032,Aqua,MODIS,75,61.03,315.6,10.9,D,0
23.6665,69.3159,331.3,1,1,2026-05-06,1032,Aqua,MODIS,69,61.03,314.2,9.6,D,0
23.6738,69.3049,332.2,1,1,2026-05-06,1032,Aqua,MODIS,57,61.03,315,10.3,D,0
23.6752,69.3144,344.7,1,1,2026-05-06,1032,Aqua,MODIS,89,61.03,315.2,30.4,D,0
23.6766,69.3239,341.9,1,1,2026-05-06,1032,Aqua,MODIS,87,61.03,312.9,24.8,D,0
23.6826,69.3034,344.4,1,1,2026-05-06,1032,Aqua,MODIS,89,61.03,314.8,29,D,0
23.684,69.3129,357.7,1,1,2026-05-06,1032,Aqua,MODIS,98,61.03,314.3,58.2,D,0
25.0956,76.0942,328.6,2.5,1.5,2026-05-06,1032,Aqua,MODIS,70,61.03,312.4,33.7,D,0
25.0979,76.1187,332.8,2.5,1.5,2026-05-06,1032,Aqua,MODIS,77,61.03,311.9,54.7,D,0
25.0993,76.1014,335.4,2.5,1.5,2026-05-06,1032,Aqua,MODIS,81,61.03,313.1,68.6,D,0
27.7387,68.1894,332,1,1,2026-05-06,1033,Aqua,MODIS,70,61.03,319,10.4,D,0
27.875,69.3662,335.2,1.1,1,2026-05-06,1033,Aqua,MODIS,74,61.03,318.3,17.5,D,0
29.2497,75.8908,323.8,2.8,1.6,2026-05-06,1033,Aqua,MODIS,56,61.03,302.7,35.9,D,0
29.5706,74.5228,326.4,2.2,1.5,2026-05-06,1033,Aqua,MODIS,65,61.03,304,28.2,D,0
29.9777,75.7619,323.7,2.8,1.6,2026-05-06,1033,Aqua,MODIS,60,61.03,303.8,28.6,D,0
30.0525,75.261,323.7,2.6,1.5,2026-05-06,1033,Aqua,MODIS,62,61.03,302.7,29.3,D,0
30.1616,76.5838,325.9,3.2,1.7,2026-05-06,1033,Aqua,MODIS,68,61.03,302.2,59.9,D,0
30.2617,70.634,325.5,1.3,1.1,2026-05-06,1034,Aqua,MODIS,62,61.03,309.1,9.8,D,0
30.5899,75.5127,323.8,2.7,1.6,2026-05-06,1034,Aqua,MODIS,48,61.03,300.6,37.2,D,0
30.6667,70.7838,323.8,1.3,1.1,2026-05-06,1034,Aqua,MODIS,34,61.03,310,8.2,D,0
31.2339,74.8117,324.5,2.5,1.5,2026-05-06,1034,Aqua,MODIS,69,61.03,303.3,28.5,D,0
31.4628,72.1729,323.4,1.6,1.3,2026-05-06,1034,Aqua,MODIS,57,61.03,308.8,12.4,D,0
32.7766,74.5463,321.8,2.5,1.5,2026-05-06,1034,Aqua,MODIS,46,61.03,301,25.2,D,0
19.0234,95.2107,312.8,2.6,1.6,2026-05-06,1351,Terra,MODIS,84,61.03,294.3,32.4,N,0
19.0297,95.216,312.3,2.6,1.6,2026-05-06,1351,Terra,MODIS,81,61.03,294.3,30.7,N,0
24.0628,96.3861,304.3,1.7,1.3,2026-05-06,1352,Terra,MODIS,55,61.03,291.9,9.7,N,0
9.5692,80.3656,316.7,1,1,2026-05-06,1527,Terra,MODIS,92,61.03,292.7,11.8,N,0
15.3383,76.2772,308.4,1.2,1.1,2026-05-06,1528,Terra,MODIS,63,61.03,297.3,5.8,N,0
15.6787,78.8323,315.1,1,1,2026-05-06,1528,Terra,MODIS,89,61.03,295.8,10.4,N,0
15.6875,78.831,326.5,1,1,2026-05-06,1528,Terra,MODIS,100,61.03,296.2,21.4,N,0
15.6887,78.84,307.6,1,1,2026-05-06,1528,Terra,MODIS,64,61.03,296.3,4.4,N,0
15.7618,78.4436,310.9,1,1,2026-05-06,1528,Terra,MODIS,35,61.03,294.5,6.9,N,0
16.8406,80.4972,314.2,1.1,1,2026-05-06,1529,Terra,MODIS,84,61.03,297.3,9.6,N,0
17.2071,80.1989,316.3,1.1,1,2026-05-06,1529,Terra,MODIS,90,61.03,298.5,11.7,N,0
17.2447,80.2773,314.3,1.1,1,2026-05-06,1529,Terra,MODIS,85,61.03,298,9.7,N,0
17.2576,80.3056,309.3,1.1,1,2026-05-06,1529,Terra,MODIS,65,61.03,298.1,5.2,N,0
17.2654,80.2944,309.8,1.1,1,2026-05-06,1529,Terra,MODIS,67,61.03,298,5.6,N,0
17.52,80.773,311.8,1.1,1.1,2026-05-06,1529,Terra,MODIS,78,61.03,297.9,7.8,N,0
17.8339,79.9203,308.4,1.1,1,2026-05-06,1529,Terra,MODIS,65,61.03,297.7,5.1,N,0
18.4672,77.926,314.1,1,1,2026-05-06,1529,Terra,MODIS,84,61.03,299.2,8,N,0
18.4961,76.9538,316.7,1,1,2026-05-06,1529,Terra,MODIS,92,61.03,298.9,12,N,0
18.5502,77.7123,310.9,1,1,2026-05-06,1529,Terra,MODIS,71,61.03,299.3,5.7,N,0
18.5515,77.7215,310.3,1,1,2026-05-06,1529,Terra,MODIS,68,61.03,299.3,5.5,N,0
18.6019,77.7607,309.1,1,1,2026-05-06,1529,Terra,MODIS,61,61.03,298.2,5.2,N,0
18.7001,77.7394,310.5,1,1,2026-05-06,1529,Terra,MODIS,69,61.03,299.8,5.8,N,2
18.7282,77.8763,308.7,1,1,2026-05-06,1529,Terra,MODIS,53,61.03,298.7,4.3,N,0
19.5322,78.1374,316.1,1,1,2026-05-06,1529,Terra,MODIS,90,61.03,297.7,10.4,N,0
19.5335,78.1466,316.3,1,1,2026-05-06,1529,Terra,MODIS,90,61.03,297.4,10.6,N,0
19.6338,78.3577,309.6,1,1,2026-05-06,1529,Terra,MODIS,65,61.03,299.4,3.9,N,0
19.6351,78.367,317.3,1,1,2026-05-06,1529,Terra,MODIS,93,61.03,299.7,10,N,0
19.6406,78.1902,314.2,1,1,2026-05-06,1529,Terra,MODIS,85,61.03,298.7,8.9,N,0
19.6507,78.3966,311.9,1,1,2026-05-06,1529,Terra,MODIS,77,61.03,299.2,6.2,N,0
19.743,79.8743,309.6,1.1,1,2026-05-06,1529,Terra,MODIS,71,61.03,296.8,5.7,N,0
19.4876,74.0153,306.2,1.4,1.2,2026-05-06,1530,Terra,MODIS,51,61.03,295.7,5.8,N,0
20.1767,75.9364,320.5,1.1,1,2026-05-06,1530,Terra,MODIS,100,61.03,297.3,17.3,N,0
20.4018,78.2311,310.8,1,1,2026-05-06,1530,Terra,MODIS,81,61.03,299.7,4.6,N,0
20.9632,85.1636,307.3,2.5,1.5,2026-05-06,1530,Terra,MODIS,42,61.03,295.7,16.5,N,2
20.9684,85.1687,311.6,2.5,1.5,2026-05-06,1530,Terra,MODIS,81,61.03,295.7,30,N,2
20.9725,86.0033,305,3,1.6,2026-05-06,1530,Terra,MODIS,55,61.03,294.1,17.2,N,0
21.7189,78.1597,305.7,1,1,2026-05-06,1530,Terra,MODIS,58,61.03,293.8,5.8,N,0
21.7447,83.8448,309.6,2.1,1.4,2026-05-06,1530,Terra,MODIS,78,61.03,296,20,N,0
21.7481,83.8386,310.1,2.1,1.4,2026-05-06,1530,Terra,MODIS,79,61.03,295.8,19.5,N,2
21.8024,75.9269,309.9,1.1,1,2026-05-06,1530,Terra,MODIS,66,61.03,298.3,6.3,N,0
21.8114,75.9254,314.4,1.1,1,2026-05-06,1530,Terra,MODIS,84,61.03,298.4,9.5,N,0
21.8962,79.2279,309.6,1.1,1,2026-05-06,1530,Terra,MODIS,78,61.03,293.5,9.6,N,0
22.1166,79.0798,308.4,1.1,1,2026-05-06,1530,Terra,MODIS,74,61.03,294.1,7.9,N,0
22.1179,79.0899,310.8,1.1,1,2026-05-06,1530,Terra,MODIS,81,61.03,295.2,9.9,N,0
22.1505,79.2706,315,1.1,1,2026-05-06,1530,Terra,MODIS,90,61.03,295.3,13.8,N,0
22.1559,76.9025,307.3,1,1,2026-05-06,1530,Terra,MODIS,54,61.03,296.7,5.3,N,0
22.229,76.8942,313.4,1,1,2026-05-06,1530,Terra,MODIS,82,61.03,297.1,9.4,N,0
22.2703,77.6631,307.6,1,1,2026-05-06,1530,Terra,MODIS,62,61.03,296.9,4.9,N,0
22.3244,79.1225,307,1.1,1,2026-05-06,1530,Terra,MODIS,67,61.03,293.9,7.4,N,0
22.3397,77.024,314,1,1,2026-05-06,1530,Terra,MODIS,84,61.03,297,10.3,N,0
22.3405,76.9659,307.9,1,1,2026-05-06,1530,Terra,MODIS,60,61.03,296.4,5.5,N,0
22.341,77.0334,316.6,1,1,2026-05-06,1530,Terra,MODIS,92,61.03,296.3,12.6,N,0
22.5474,79.2125,310.4,1.1,1,2026-05-06,1530,Terra,MODIS,77,61.03,297,8.3,N,0
22.5648,76.5312,311.4,1,1,2026-05-06,1530,Terra,MODIS,66,61.03,296.5,8.9,N,0
22.7581,77.0557,309,1,1,2026-05-06,1530,Terra,MODIS,69,61.03,296.9,6.1,N,0
22.7664,76.9867,311.3,1,1,2026-05-06,1530,Terra,MODIS,78,61.03,298.8,6.5,N,0
22.9465,76.8709,309.6,1,1,2026-05-06,1530,Terra,MODIS,71,61.03,298.1,6,N,0
23.0968,75.4287,320.6,1.1,1,2026-05-06,1530,Terra,MODIS,100,61.03,297.9,17.3,N,0
23.0983,75.4389,315.8,1.1,1,2026-05-06,1530,Terra,MODIS,90,61.03,298.4,12.3,N,0
23.105,76.5596,307.1,1,1,2026-05-06,1530,Terra,MODIS,61,61.03,296.8,5.3,N,0
23.1062,75.4316,314.5,1.1,1,2026-05-06,1530,Terra,MODIS,87,61.03,298.1,11,N,0
23.1161,75.251,308.6,1.1,1,2026-05-06,1530,Terra,MODIS,67,61.03,297.6,6.3,N,2
23.2629,76.8964,311.3,1,1,2026-05-06,1530,Terra,MODIS,78,61.03,296.5,8.3,N,0
23.2987,77.2198,312.7,1,1,2026-05-06,1530,Terra,MODIS,83,61.03,296.5,9.4,N,0
23.4081,78.1694,305.6,1,1,2026-05-06,1530,Terra,MODIS,55,61.03,295,5.1,N,0
23.4453,78.8184,309.1,1.1,1,2026-05-06,1530,Terra,MODIS,72,61.03,295.8,7.4,N,0
23.4604,77.2487,312.4,1,1,2026-05-06,1530,Terra,MODIS,82,61.03,297.2,8.8,N,0
23.4733,77.3436,317.1,1,1,2026-05-06,1530,Terra,MODIS,94,61.03,296.1,13.3,N,0
23.4992,77.2714,309,1,1,2026-05-06,1530,Terra,MODIS,71,61.03,295.7,6.6,N,0
23.5479,79.0478,307.3,1.1,1,2026-05-06,1530,Terra,MODIS,66,61.03,296.2,5.6,N,0
23.557,79.0465,307.3,1.1,1,2026-05-06,1530,Terra,MODIS,66,61.03,296.3,5.6,N,0
23.5828,78.3864,304.8,1,1,2026-05-06,1530,Terra,MODIS,52,61.03,294.5,5.2,N,0
23.5841,78.3963,321.1,1,1,2026-05-06,1530,Terra,MODIS,100,61.03,294.3,18.8,N,0
23.6135,78.0554,309.9,1,1,2026-05-06,1530,Terra,MODIS,75,61.03,296,7.7,N,0
23.6379,78.311,309.1,1,1,2026-05-06,1530,Terra,MODIS,73,61.03,295.7,7.3,N,0
23.6994,79.0874,314,1.1,1,2026-05-06,1530,Terra,MODIS,87,61.03,295.6,12.5,N,0
23.549,75.3005,308.6,1.1,1,2026-05-06,1531,Terra,MODIS,65,61.03,296.7,6.1,N,0
23.5868,75.3668,307.3,1.1,1,2026-05-06,1531,Terra,MODIS,59,61.03,297.2,4.8,N,0
23.5914,75.3973,308.3,1.1,1,2026-05-06,1531,Terra,MODIS,64,61.03,298.1,5.2,N,0
23.6004,75.3957,308.7,1.1,1,2026-05-06,1531,Terra,MODIS,66,61.03,298.1,5.5,N,0
23.6484,76.885,308.5,1,1,2026-05-06,1531,Terra,MODIS,69,61.03,296.3,6.2,N,0
23.6497,76.8945,321.1,1,1,2026-05-06,1531,Terra,MODIS,100,61.03,296.3,16.7,N,0
23.6807,76.7764,307.7,1,1,2026-05-06,1531,Terra,MODIS,65,61.03,297.6,5.5,N,0
23.6911,75.6312,315.2,1.1,1,2026-05-06,1531,Terra,MODIS,89,61.03,297.7,10.7,N,0
23.6926,75.6412,311.3,1.1,1,2026-05-06,1531,Terra,MODIS,77,61.03,298,7.3,N,0
23.7136,75.411,308.2,1.1,1,2026-05-06,1531,Terra,MODIS,64,61.03,298,4.9,N,2
23.8124,78.8841,305.3,1.1,1,2026-05-06,1531,Terra,MODIS,57,61.03,295.2,5.2,N,0
23.9134,76.6078,309.9,1,1,2026-05-06,1531,Terra,MODIS,74,61.03,296.2,7.3,N,0
23.9941,77.5205,316.9,1,1,2026-05-06,1531,Terra,MODIS,93,61.03,295.5,13.1,N,0
24.0702,75.5701,310.4,1,1,2026-05-06,1531,Terra,MODIS,73,61.03,297.8,7.2,N,0
24.0872,76.5953,319,1,1,2026-05-06,1531,Terra,MODIS,98,61.03,298.2,13.8,N,0
24.2165,75.8116,312.2,1,1,2026-05-06,1531,Terra,MODIS,80,61.03,296.9,9.2,N,0
24.2632,75.8837,311.2,1,1,2026-05-06,1531,Terra,MODIS,77,61.03,296.3,8.3,N,0
24.3039,77.5006,306.2,1,1,2026-05-06,1531,Terra,MODIS,60,61.03,295.9,5.3,N,0
25.0873,77.0902,321.1,1,1,2026-05-06,1531,Terra,MODIS,100,61.03,296.5,16.4,N,0
25.0886,77.0998,310.7,1,1,2026-05-06,1531,Terra,MODIS,77,61.03,296.2,7.6,N,0
25.2132,76.1934,309.4,1,1,2026-05-06,1531,Terra,MODIS,72,61.03,295.9,6.9,N,0
25.3363,76.5414,307.2,1,1,2026-05-06,1531,Terra,MODIS,61,61.03,297.1,5.1,N,0
25.3474,77.7926,320.1,1,1,2026-05-06,1531,Terra,MODIS,100,61.03,296.6,16.6,N,0
25.6455,76.1765,311.2,1,1,2026-05-06,1531,Terra,MODIS,77,61.03,298.1,6.9,N,0
25.7118,76.1189,308.4,1,1,2026-05-06,1531,Terra,MODIS,66,61.03,297.9,5.5,N,0
29.6099,74.4501,307.6,1,1,2026-05-06,1532,Terra,MODIS,70,61.03,296.9,6.3,N,0
31.7023,75.6031,304.1,1,1,2026-05-06,1533,Terra,MODIS,58,61.03,291.1,5.6,N,0
32.0674,75.3557,302.6,1,1,2026-05-06,1533,Terra,MODIS,50,61.03,292,4.5,N,0
32.1589,75.417,305.2,1,1,2026-05-06,1533,Terra,MODIS,63,61.03,291.9,5.4,N,0
32.1602,75.4274,302.1,1,1,2026-05-06,1533,Terra,MODIS,42,61.03,291.7,3.6,N,0
32.169,75.4257,302.3,1,1,2026-05-06,1533,Terra,MODIS,27,61.03,291.3,3.6,N,0
32.1828,75.529,301.9,1,1,2026-05-06,1533,Terra,MODIS,45,61.03,291.9,3.7,N,0
32.1976,75.505,327.7,1,1,2026-05-06,1533,Terra,MODIS,100,61.03,293.5,23.8,N,0
32.2036,75.4827,309.6,1,1,2026-05-06,1533,Terra,MODIS,53,61.03,292.3,7.6,N,0
17.321,94.7826,311.9,1.3,1.1,2026-05-06,2101,Aqua,MODIS,81,61.03,294.6,12.2,N,0
17.3226,94.7713,305.8,1.3,1.1,2026-05-06,2101,Aqua,MODIS,60,61.03,294.2,6.5,N,0
22.0704,76.8731,301.2,1.2,1.1,2026-05-06,2238,Aqua,MODIS,38,61.03,290.8,3.9,N,0
19.3738,71.3572,319.4,1.1,1.1,2026-05-06,2239,Aqua,MODIS,98,61.03,300.1,16.4,N,3
20.7694,75.1192,316.8,1,1,2026-05-06,2239,Aqua,MODIS,94,61.03,294.6,14.5,N,0
21.1122,72.6445,318.9,1.1,1,2026-05-06,2239,Aqua,MODIS,97,61.03,300.3,14.5,N,2
15.083,78.5892,306.1,2,1.4,2026-05-06,2240,Aqua,MODIS,67,61.03,294.1,13.5,N,0
29.1543,89.0507,308.3,1.6,1.3,2026-05-07,335,Terra,MODIS,28,61.03,289.2,14.2,D,0
29.1551,89.0574,313,1.6,1.3,2026-05-07,335,Terra,MODIS,73,61.03,289.4,20.9,D,0
29.5526,90.9931,314.1,2.2,1.4,2026-05-07,335,Terra,MODIS,66,61.03,293.4,20.6,D,0
29.6322,90.9965,318,2.2,1.4,2026-05-07,335,Terra,MODIS,33,61.03,293.6,24.5,D,0
28.7987,76.8306,319.1,2.1,1.4,2026-05-07,336,Terra,MODIS,60,61.03,299.2,15.6,D,0
29.3893,75.1266,320.4,2.8,1.6,2026-05-07,336,Terra,MODIS,64,61.03,303,25.4,D,0
29.6726,76.3067,319.2,2.3,1.5,2026-05-07,336,Terra,MODIS,65,61.03,299,20.9,D,0
29.7303,76.0932,321.8,2.4,1.5,2026-05-07,336,Terra,MODIS,70,61.03,299.6,32.4,D,0
21.8374,84.3879,316.2,1.1,1.1,2026-05-07,337,Terra,MODIS,59,61.03,304.4,6.5,D,0
22.0402,83.7357,323.5,1.1,1,2026-05-07,337,Terra,MODIS,73,61.03,305.5,12.8,D,2
22.5784,79.6322,327.9,1.2,1.1,2026-05-07,337,Terra,MODIS,64,61.03,309.8,13.3,D,0
22.6841,79.896,324.6,1.1,1.1,2026-05-07,337,Terra,MODIS,68,61.03,311.9,8.6,D,0
22.7895,77.4565,324.6,1.6,1.2,2026-05-07,337,Terra,MODIS,51,61.03,307.7,15.3,D,0
23.0371,75.4151,329.8,2.2,1.4,2026-05-07,337,Terra,MODIS,73,61.03,310.8,34.7,D,0
23.0453,79.5715,330.6,1.2,1.1,2026-05-07,337,Terra,MODIS,77,61.03,305.7,25.1,D,0
23.0467,79.5603,320.4,1.2,1.1,2026-05-07,337,Terra,MODIS,49,61.03,304.9,10.9,D,0
23.1614,82.3413,320.8,1,1,2026-05-07,337,Terra,MODIS,41,61.03,307.1,7.4,D,2
23.2498,76.6073,325.5,1.8,1.3,2026-05-07,337,Terra,MODIS,63,61.03,310.7,15.4,D,0
23.2605,75.3874,327.3,2.3,1.5,2026-05-07,337,Terra,MODIS,67,61.03,312,24.4,D,0
23.3017,78.106,324.2,1.4,1.2,2026-05-07,337,Terra,MODIS,56,61.03,309.2,12.3,D,0
23.3761,77.3219,328.4,1.6,1.3,2026-05-07,337,Terra,MODIS,69,61.03,311.2,18.2,D,0
23.3785,77.3123,325.8,1.6,1.3,2026-05-07,337,Terra,MODIS,59,61.03,311.2,12.9,D,0
23.4057,78.1825,327,1.4,1.2,2026-05-07,337,Terra,MODIS,65,61.03,311.2,15.1,D,0
23.4299,78.5835,329,1.4,1.2,2026-05-07,337,Terra,MODIS,71,61.03,309.8,20.6,D,0
23.45,79.2681,332.3,1.2,1.1,2026-05-07,337,Terra,MODIS,77,61.03,313.2,21.3,D,0
23.4597,79.2694,349,1.2,1.1,2026-05-07,337,Terra,MODIS,93,61.03,313.5,59.1,D,0
23.4612,79.2576,335.3,1.2,1.1,2026-05-07,337,Terra,MODIS,81,61.03,311.4,26.1,D,0
23.5699,76.9146,326.7,1.8,1.3,2026-05-07,337,Terra,MODIS,63,61.03,312,15.9,D,0
23.5762,78.8985,325.9,1.3,1.1,2026-05-07,337,Terra,MODIS,64,61.03,311.9,11.9,D,0
23.5896,78.7857,329.4,1.3,1.1,2026-05-07,337,Terra,MODIS,72,61.03,311.5,19,D,0
23.6372,78.0414,327,1.5,1.2,2026-05-07,337,Terra,MODIS,64,61.03,311.6,13.9,D,0
23.6828,77.2406,325,1.7,1.3,2026-05-07,337,Terra,MODIS,56,61.03,308.3,14.6,D,0
23.7209,78.9626,327.2,1.3,1.1,2026-05-07,337,Terra,MODIS,68,61.03,313,13,D,0
23.7722,78.086,332.4,1.5,1.2,2026-05-07,337,Terra,MODIS,76,61.03,313.1,26.4,D,0
23.8106,79.9863,324.8,1.1,1.1,2026-05-07,337,Terra,MODIS,65,61.03,307.9,12,D,0
23.8249,84.5756,320.4,1.1,1.1,2026-05-07,337,Terra,MODIS,63,61.03,305.8,8.3,D,0
24.0258,79.1419,327.3,1.3,1.1,2026-05-07,337,Terra,MODIS,69,61.03,308.9,17.2,D,0
24.0273,79.1297,346.8,1.3,1.1,2026-05-07,337,Terra,MODIS,92,61.03,309.6,60.4,D,0
24.1382,76.3706,324.9,2,1.4,2026-05-07,337,Terra,MODIS,62,61.03,310.1,18.4,D,0
24.14,76.3518,349.3,2,1.4,2026-05-07,337,Terra,MODIS,93,61.03,312.3,121.3,D,0
24.3391,75.9011,329.3,2.1,1.4,2026-05-07,337,Terra,MODIS,64,61.03,310,39.2,D,0
24.3407,75.9084,325.7,2.1,1.4,2026-05-07,337,Terra,MODIS,58,61.03,309.5,25.4,D,0
24.3906,80.0633,329.6,1.2,1.1,2026-05-07,337,Terra,MODIS,78,61.03,306.8,17.9,D,0
24.392,80.0522,327.9,1.2,1.1,2026-05-07,337,Terra,MODIS,76,61.03,306.8,15.2,D,0
24.394,78.7822,323.5,1.4,1.2,2026-05-07,337,Terra,MODIS,59,61.03,306.6,12.3,D,0
24.3944,78.7887,328.5,1.4,1.2,2026-05-07,337,Terra,MODIS,73,61.03,306.2,19.3,D,0
24.4793,77.6837,324.7,1.6,1.2,2026-05-07,337,Terra,MODIS,64,61.03,309.8,15.5,D,0
24.5091,79.3516,330.4,1.3,1.1,2026-05-07,337,Terra,MODIS,78,61.03,301.9,26.4,D,0
24.5106,79.3395,334.9,1.3,1.1,2026-05-07,337,Terra,MODIS,83,61.03,302.2,34.9,D,0
24.5117,79.3462,346.9,1.3,1.1,2026-05-07,337,Terra,MODIS,92,61.03,302.9,63.3,D,0
24.6111,80.567,321.9,1.1,1,2026-05-07,337,Terra,MODIS,69,61.03,304.1,8.3,D,0
24.7346,76.2423,324.2,2,1.4,2026-05-07,337,Terra,MODIS,61,61.03,308.6,18.4,D,0
24.7551,76.2843,325.3,2,1.4,2026-05-07,337,Terra,MODIS,29,61.03,308.9,18.4,D,0
24.765,77.8785,323.9,1.6,1.2,2026-05-07,337,Terra,MODIS,58,61.03,306.1,16.3,D,0
24.773,76.2725,324.9,2,1.4,2026-05-07,337,Terra,MODIS,68,61.03,308.6,18.7,D,0
25.0273,76.7071,323.2,1.9,1.3,2026-05-07,337,Terra,MODIS,65,61.03,306.3,16.8,D,0
25.0958,77.1555,346.5,1.8,1.3,2026-05-07,337,Terra,MODIS,92,61.03,307.9,92.4,D,0
25.1073,77.1568,352.7,1.8,1.3,2026-05-07,337,Terra,MODIS,96,61.03,308.1,122.3,D,0
25.177,77.6794,325.1,1.6,1.3,2026-05-07,337,Terra,MODIS,72,61.03,300.9,22.7,D,0
25.3279,83.3845,320.6,1,1,2026-05-07,337,Terra,MODIS,62,61.03,305.7,5.9,D,0
25.3293,83.3748,322.6,1,1,2026-05-07,337,Terra,MODIS,67,61.03,305.9,8.2,D,0
19.096,82.1695,316.5,1,1,2026-05-07,338,Terra,MODIS,65,61.03,301.1,6.6,D,2
19.201,79.6474,322.5,1.1,1,2026-05-07,338,Terra,MODIS,69,61.03,301.8,8.1,D,0
19.6006,79.4828,326.3,1.1,1,2026-05-07,338,Terra,MODIS,71,61.03,297.4,17,D,0
19.7506,79.876,332.4,1.1,1,2026-05-07,338,Terra,MODIS,83,61.03,302.6,22,D,0
19.752,79.8661,324.9,1.1,1,2026-05-07,338,Terra,MODIS,75,61.03,302.3,11.7,D,0
19.8073,78.123,328.1,1.3,1.1,2026-05-07,338,Terra,MODIS,73,61.03,301.8,15.9,D,0
19.8173,78.1243,330.9,1.3,1.1,2026-05-07,338,Terra,MODIS,77,61.03,301.9,21.8,D,0
20.0398,79.7117,321,1.1,1,2026-05-07,338,Terra,MODIS,42,61.03,301.9,7.3,D,0
20.175,79.9385,319.8,1.1,1,2026-05-07,338,Terra,MODIS,56,61.03,301.6,6.7,D,0
20.1837,75.9387,325.8,1.9,1.3,2026-05-07,338,Terra,MODIS,66,61.03,307.9,18.6,D,0
20.4096,75.8719,327.3,1.9,1.3,2026-05-07,338,Terra,MODIS,68,61.03,307.1,24,D,0
20.6003,84.4813,317.6,1.2,1.1,2026-05-07,338,Terra,MODIS,60,61.03,302.5,8.3,D,0
20.9944,81.2905,323.8,1,1,2026-05-07,338,Terra,MODIS,71,61.03,308.2,6.1,D,0
21.1635,79.4934,323.3,1.1,1.1,2026-05-07,338,Terra,MODIS,64,61.03,305.9,7.4,D,0
21.3119,83.1091,324.2,1,1,2026-05-07,338,Terra,MODIS,48,61.03,309.2,7.8,D,0
21.3314,79.2429,335.3,1.2,1.1,2026-05-07,338,Terra,MODIS,83,61.03,306.7,25.7,D,0
21.3401,81.2631,328.4,1,1,2026-05-07,338,Terra,MODIS,77,61.03,309.2,11.2,D,0
21.7371,83.8419,321.3,1.1,1,2026-05-07,338,Terra,MODIS,48,61.03,305.5,9.2,D,0
21.7462,83.8435,325,1.1,1,2026-05-07,338,Terra,MODIS,75,61.03,305.8,13.2,D,2
21.7642,84.0218,318.8,1.1,1,2026-05-07,338,Terra,MODIS,65,61.03,304.9,8.2,D,2
21.8425,76.1227,331.4,1.9,1.3,2026-05-07,338,Terra,MODIS,76,61.03,310.6,29.6,D,0
21.8487,76.1295,331.3,1.9,1.3,2026-05-07,338,Terra,MODIS,75,61.03,310.6,28.9,D,0
21.8544,76.1241,327.9,1.9,1.3,2026-05-07,338,Terra,MODIS,69,61.03,310.1,19.8,D,0
21.9941,79.0836,328.4,1.2,1.1,2026-05-07,338,Terra,MODIS,76,61.03,308.5,18.3,D,0
21.9955,79.0721,326.7,1.2,1.1,2026-05-07,338,Terra,MODIS,73,61.03,307.4,15.3,D,0
22.0526,77.6807,328.4,1.5,1.2,2026-05-07,338,Terra,MODIS,72,61.03,305.2,24.4,D,0
22.0573,77.6875,322.2,1.5,1.2,2026-05-07,338,Terra,MODIS,54,61.03,304.4,12.2,D,0
22.0589,77.6735,322,1.5,1.2,2026-05-07,338,Terra,MODIS,53,61.03,305.2,11.9,D,0
22.1468,76.065,324.9,1.9,1.4,2026-05-07,338,Terra,MODIS,63,61.03,307.4,16.1,D,0
22.1521,76.0725,328,1.9,1.4,2026-05-07,338,Terra,MODIS,72,61.03,307.3,25.4,D,0
22.247,79.0021,325,1.2,1.1,2026-05-07,338,Terra,MODIS,70,61.03,309.3,10.5,D,0
22.3332,79.466,325.1,1.2,1.1,2026-05-07,338,Terra,MODIS,70,61.03,310.9,7.7,D,0
15.17,78.5323,330.5,1.1,1,2026-05-07,339,Terra,MODIS,80,61.03,304,19.7,D,0
15.3204,78.0148,319.3,1.2,1.1,2026-05-07,339,Terra,MODIS,34,61.03,296.5,7.2,D,0
15.3723,78.2036,322.9,1.1,1.1,2026-05-07,339,Terra,MODIS,69,61.03,303.4,9.5,D,0
15.4294,79.1349,321.7,1.1,1,2026-05-07,339,Terra,MODIS,54,61.03,302.9,8.9,D,0
15.8623,77.8329,327.7,1.2,1.1,2026-05-07,339,Terra,MODIS,69,61.03,300.7,19.6,D,0
15.8771,77.9749,323.5,1.2,1.1,2026-05-07,339,Terra,MODIS,72,61.03,301.4,11.5,D,0
16.6038,76.5128,322.5,1.5,1.2,2026-05-07,339,Terra,MODIS,54,61.03,300.8,14,D,0
16.9503,80.6587,325.9,1,1,2026-05-07,339,Terra,MODIS,76,61.03,303.1,12.7,D,0
16.9984,80.2535,318.2,1,1,2026-05-07,339,Terra,MODIS,39,61.03,300.2,8,D,0
17.1413,79.7567,317.5,1,1,2026-05-07,339,Terra,MODIS,39,61.03,299.7,6.7,D,0
17.2946,80.3067,318.9,1,1,2026-05-07,339,Terra,MODIS,46,61.03,301.2,8.3,D,0
17.3096,82.1929,314,1,1,2026-05-07,339,Terra,MODIS,53,61.03,298.8,5.9,D,0
17.3585,82.3572,316.9,1.1,1,2026-05-07,339,Terra,MODIS,56,61.03,299.6,7.5,D,0
17.6807,77.3482,319.6,1.4,1.2,2026-05-07,339,Terra,MODIS,52,61.03,301.5,8.8,D,0
17.706,80.0018,320,1,1,2026-05-07,339,Terra,MODIS,58,61.03,300.4,8.4,D,0
17.7083,81.6795,317.1,1,1,2026-05-07,339,Terra,MODIS,61,61.03,298.5,8.7,D,0
17.7097,81.6702,320.8,1,1,2026-05-07,339,Terra,MODIS,70,61.03,298.6,12.1,D,0
17.7746,79.5037,323.2,1.1,1,2026-05-07,339,Terra,MODIS,67,61.03,301.9,12.1,D,0
17.7827,79.5108,320.7,1.1,1,2026-05-07,339,Terra,MODIS,55,61.03,300.6,7.5,D,0
17.784,79.5011,322.2,1.1,1,2026-05-07,339,Terra,MODIS,62,61.03,301.6,9.7,D,0
17.9329,79.5587,319.6,1.1,1,2026-05-07,339,Terra,MODIS,33,61.03,300.9,9,D,0
18.3657,78.8623,319.2,1.1,1.1,2026-05-07,339,Terra,MODIS,53,61.03,302,7.3,D,0
18.6076,78.4118,329.6,1.2,1.1,2026-05-07,339,Terra,MODIS,77,61.03,304.4,20.6,D,2
18.6969,77.7824,320.9,1.3,1.1,2026-05-07,339,Terra,MODIS,42,61.03,301.2,7.2,D,0
18.7359,77.88,324,1.3,1.1,2026-05-07,339,Terra,MODIS,65,61.03,303.4,11,D,0
13.2264,79.8004,317.1,1,1,2026-05-07,340,Terra,MODIS,43,61.03,297.8,7.8,D,0
13.585,76.3473,319.2,1.4,1.2,2026-05-07,340,Terra,MODIS,55,61.03,299.9,10.5,D,0
13.592,76.3544,324.2,1.4,1.2,2026-05-07,340,Terra,MODIS,76,61.03,300.1,18.4,D,0
14.3312,78.2729,321.4,1.1,1.1,2026-05-07,340,Terra,MODIS,64,61.03,303.2,7.5,D,0
14.8352,79.5725,324.2,1,1,2026-05-07,340,Terra,MODIS,70,61.03,302,9.4,D,0
14.9974,78.5161,326.1,1.1,1,2026-05-07,340,Terra,MODIS,73,61.03,304.8,10.1,D,0
15.0343,78.5212,333.4,1.1,1,2026-05-07,340,Terra,MODIS,82,61.03,305.1,21.2,D,0
15.0618,78.5824,323.9,1.1,1,2026-05-07,340,Terra,MODIS,67,61.03,303.8,8.5,D,0
15.0722,78.6444,324.3,1.1,1,2026-05-07,340,Terra,MODIS,54,61.03,302,11.8,D,0
31.0936,70.6962,318.2,4,1.9,2026-05-07,513,Terra,MODIS,52,61.03,301.4,39.8,D,0
31.1023,70.6935,318.2,4,1.9,2026-05-07,513,Terra,MODIS,51,61.03,301.1,38.8,D,0
15.8917,80.128,322.1,1.9,1.3,2026-05-07,930,Aqua,MODIS,39,61.03,300.6,15.1,D,0
16.1103,80.7884,336.5,1.7,1.3,2026-05-07,930,Aqua,MODIS,85,61.03,300.8,54.5,D,0
16.1585,80.7258,322.5,1.7,1.3,2026-05-07,930,Aqua,MODIS,46,61.03,295.5,22.1,D,0
16.1611,80.7409,332.7,1.7,1.3,2026-05-07,930,Aqua,MODIS,82,61.03,294.9,47.4,D,0
17.3495,80.8543,321.3,1.6,1.2,2026-05-07,930,Aqua,MODIS,53,61.03,302.2,13.3,D,0
17.728,80.3596,323,1.7,1.3,2026-05-07,930,Aqua,MODIS,41,61.03,301.3,19.1,D,0
17.826,79.8552,328,1.8,1.3,2026-05-07,930,Aqua,MODIS,75,61.03,303.7,32.7,D,0
17.8288,79.8716,326.5,1.8,1.3,2026-05-07,930,Aqua,MODIS,67,61.03,299.2,28.7,D,0
18.0709,81.538,327,1.4,1.2,2026-05-07,930,Aqua,MODIS,76,61.03,302.3,23.1,D,0
18.6699,83.7545,318.8,1,1,2026-05-07,930,Aqua,MODIS,67,61.03,298.7,10,D,0
18.6945,78.767,325.1,2.1,1.4,2026-05-07,930,Aqua,MODIS,52,61.03,303.3,35.7,D,0
18.7624,83.8103,320.8,1,1,2026-05-07,930,Aqua,MODIS,47,61.03,301.1,11.9,D,0
19.2081,94.0641,319.8,3.5,1.8,2026-05-07,930,Aqua,MODIS,54,61.03,295.4,50.3,D,0
19.6692,83.9226,319.8,1,1,2026-05-07,930,Aqua,MODIS,67,61.03,298.1,13.4,D,0
19.6748,84.0186,314.6,1,1,2026-05-07,930,Aqua,MODIS,58,61.03,298.4,6.9,D,0
19.6762,84.0278,315.8,1,1,2026-05-07,930,Aqua,MODIS,62,61.03,299.6,8,D,0
19.916,83.9011,328.8,1,1,2026-05-07,931,Aqua,MODIS,82,61.03,303.9,18.3,D,0
19.9175,83.9105,335.6,1,1,2026-05-07,931,Aqua,MODIS,87,61.03,303.2,27.9,D,0
20.0754,81.0127,323.9,1.4,1.2,2026-05-07,931,Aqua,MODIS,55,61.03,307.8,13.3,D,0
20.779,80.233,326.3,1.5,1.2,2026-05-07,931,Aqua,MODIS,67,61.03,308.8,17.8,D,0
20.7813,80.2468,324.4,1.5,1.2,2026-05-07,931,Aqua,MODIS,61,61.03,309,13.9,D,0
21.2126,83.2378,327.5,1,1,2026-05-07,931,Aqua,MODIS,25,61.03,303.4,15.4,D,0
21.3551,84.3798,319.8,1,1,2026-05-07,931,Aqua,MODIS,54,61.03,306.8,6.9,D,0
21.5691,85.1351,315,1,1,2026-05-07,931,Aqua,MODIS,48,61.03,283.8,12.5,D,0
21.5704,85.1445,342.4,1,1,2026-05-07,931,Aqua,MODIS,90,61.03,286.7,47.6,D,0
21.625,83.9453,325.8,1,1,2026-05-07,931,Aqua,MODIS,0,61.03,312.1,7.3,D,0
21.7384,83.842,328.1,1,1,2026-05-07,931,Aqua,MODIS,69,61.03,310.9,10.7,D,2
21.8435,80.8545,325.6,1.3,1.1,2026-05-07,931,Aqua,MODIS,60,61.03,311.7,11.5,D,0
22.2333,85.3398,322.9,1,1,2026-05-07,931,Aqua,MODIS,72,61.03,307.1,10.8,D,0
22.7412,85.2685,313,1,1,2026-05-07,931,Aqua,MODIS,21,61.03,297.5,7.1,D,0
22.7977,81.1194,342.7,1.2,1.1,2026-05-07,931,Aqua,MODIS,89,61.03,311.8,47.1,D,0
23.0493,81.2787,325.5,1.2,1.1,2026-05-07,931,Aqua,MODIS,59,61.03,309.7,13.2,D,0
23.0512,81.2901,325.6,1.2,1.1,2026-05-07,931,Aqua,MODIS,67,61.03,310.6,12.9,D,0
23.6066,80.3004,329.7,1.3,1.1,2026-05-07,932,Aqua,MODIS,75,61.03,310.7,21.7,D,0
23.7106,80.7903,326,1.2,1.1,2026-05-07,932,Aqua,MODIS,70,61.03,308.8,13.8,D,0
23.9662,79.9916,328.3,1.4,1.2,2026-05-07,932,Aqua,MODIS,72,61.03,308,18.2,D,0
23.9971,82.7902,323.9,1,1,2026-05-07,932,Aqua,MODIS,57,61.03,307.9,9.6,D,0
24.209,80.7545,326.8,1.2,1.1,2026-05-07,932,Aqua,MODIS,72,61.03,308.9,13.6,D,0
24.2109,80.7661,342.9,1.2,1.1,2026-05-07,932,Aqua,MODIS,89,61.03,310.2,45.6,D,0
25.1972,84.3439,327.2,1,1,2026-05-07,932,Aqua,MODIS,64,61.03,303.9,12.7,D,0
25.2059,84.3423,330.7,1,1,2026-05-07,932,Aqua,MODIS,79,61.03,302.4,15.7,D,0
25.3186,83.3858,326.9,1,1,2026-05-07,932,Aqua,MODIS,73,61.03,306.7,7.8,D,0
25.3273,83.3842,328.5,1,1,2026-05-07,932,Aqua,MODIS,75,61.03,306.4,9.9,D,0
25.354,84.9996,320.9,1.1,1,2026-05-07,932,Aqua,MODIS,60,61.03,303.8,7,D,0
25.4077,83.2457,326,1,1,2026-05-07,932,Aqua,MODIS,72,61.03,305.3,9.5,D,0
25.46,83.6005,325.9,1,1,2026-05-07,932,Aqua,MODIS,72,61.03,306.2,8.4,D,0
25.4782,81.7144,338.4,1.1,1,2026-05-07,932,Aqua,MODIS,87,61.03,310.1,27.9,D,0
25.4871,81.7126,335.7,1.1,1,2026-05-07,932,Aqua,MODIS,84,61.03,309.5,23.1,D,0
25.4949,81.7056,324.7,1.1,1,2026-05-07,932,Aqua,MODIS,69,61.03,308.8,10.4,D,0
25.5421,83.648,324.5,1,1,2026-05-07,932,Aqua,MODIS,67,61.03,305.4,7.7,D,0
25.8118,79.6691,325.4,1.3,1.1,2026-05-07,932,Aqua,MODIS,76,61.03,303.9,16.8,D,0
26.9373,82.7069,320.5,1,1,2026-05-07,932,Aqua,MODIS,58,61.03,300.5,8,D,0
26.9387,82.7167,325.8,1,1,2026-05-07,932,Aqua,MODIS,75,61.03,300.9,13.4,D,0
28.0885,81.3323,325,1,1,2026-05-07,933,Aqua,MODIS,81,61.03,298.9,17.1,D,0
28.3799,81.1199,317,1.1,1,2026-05-07,933,Aqua,MODIS,71,61.03,300.9,8.1,D,0
30.0423,74.476,324.4,2.4,1.5,2026-05-07,934,Aqua,MODIS,63,61.03,308.1,24.1,D,0
30.0668,74.1562,323.1,2.5,1.5,2026-05-07,934,Aqua,MODIS,59,61.03,307.7,25.5,D,0
30.1718,74.583,323.7,2.4,1.5,2026-05-07,934,Aqua,MODIS,65,61.03,307,23.7,D,0
30.479,74.8414,323.1,2.2,1.4,2026-05-07,934,Aqua,MODIS,64,61.03,301.3,29.5,D,0
30.48,74.834,319.9,2.2,1.4,2026-05-07,934,Aqua,MODIS,51,61.03,301.3,17.4,D,0
30.5175,74.635,322.5,2.3,1.5,2026-05-07,934,Aqua,MODIS,64,61.03,305.4,23.2,D,0
31.0647,74.8161,321.9,2.2,1.4,2026-05-07,934,Aqua,MODIS,68,61.03,301.2,23,D,0
31.4705,74.6535,319.2,2.2,1.4,2026-05-07,934,Aqua,MODIS,22,61.03,299,12.9,D,0
32.5241,73.8625,319.5,2.3,1.5,2026-05-07,934,Aqua,MODIS,56,61.03,301,18.2,D,0
34.707,71.9275,308.4,2.7,1.6,2026-05-07,935,Aqua,MODIS,26,61.03,297.6,15,D,0
17.242,96.514,318.5,1.3,1.1,2026-05-07,1429,Terra,MODIS,97,61.03,292.7,18.6,N,0
17.3676,94.8029,313.9,1.1,1,2026-05-07,1429,Terra,MODIS,84,61.03,295.7,9.8,N,0
17.3774,94.805,305.7,1.1,1,2026-05-07,1429,Terra,MODIS,32,61.03,295.4,3.8,N,0
17.3902,94.8327,306.8,1.1,1,2026-05-07,1429,Terra,MODIS,47,61.03,295.8,4.3,N,0
17.3992,94.8314,309.8,1.1,1,2026-05-07,1429,Terra,MODIS,67,61.03,295.8,6.7,N,0
17.4798,94.8137,307.5,1.1,1,2026-05-07,1429,Terra,MODIS,52,61.03,295.8,5.3,N,0
17.481,94.8234,308.9,1.1,1,2026-05-07,1429,Terra,MODIS,61,61.03,295.9,6.2,N,0
17.7506,95.9267,309.5,1.2,1.1,2026-05-07,1429,Terra,MODIS,69,61.03,296.9,6.4,N,0
17.9301,95.3867,311.8,1.1,1.1,2026-05-07,1430,Terra,MODIS,76,61.03,297.7,8.2,N,0
17.9394,95.3854,311.3,1.1,1.1,2026-05-07,1430,Terra,MODIS,74,61.03,297.5,7.8,N,0
18.306,96.201,309.3,1.3,1.1,2026-05-07,1430,Terra,MODIS,52,61.03,296.5,6.9,N,0
18.3074,96.2124,319.2,1.3,1.1,2026-05-07,1430,Terra,MODIS,98,61.03,297.6,18,N,0
18.9807,95.1699,310.8,1.1,1.1,2026-05-07,1430,Terra,MODIS,75,61.03,297.7,6.3,N,0
18.988,95.1736,310.8,1.1,1.1,2026-05-07,1430,Terra,MODIS,74,61.03,297.8,6.6,N,0
19.0119,95.1385,310.8,1.1,1.1,2026-05-07,1430,Terra,MODIS,74,61.03,297.8,6.5,N,0
19.0132,95.1489,322.9,1.1,1.1,2026-05-07,1430,Terra,MODIS,100,61.03,298.3,19.4,N,0
19.1265,95.2433,309.8,1.1,1.1,2026-05-07,1430,Terra,MODIS,70,61.03,298.5,5.2,N,0
19.3773,93.4898,308.7,1,1,2026-05-07,1430,Terra,MODIS,65,61.03,296.2,5.2,N,0
19.8313,96.6,326.2,1.4,1.2,2026-05-07,1430,Terra,MODIS,100,61.03,294.5,35.6,N,0
19.8328,96.613,317,1.4,1.2,2026-05-07,1430,Terra,MODIS,94,61.03,295.1,20.5,N,0
19.9836,93.9595,304.1,1,1,2026-05-07,1430,Terra,MODIS,40,61.03,293.5,3.8,N,0
20.0289,93.8094,306.5,1,1,2026-05-07,1430,Terra,MODIS,59,61.03,290.5,5,N,0
20.0301,93.8187,306.6,1,1,2026-05-07,1430,Terra,MODIS,63,61.03,289.2,5.2,N,0
20.973,85.174,307.5,2.5,1.5,2026-05-07,1431,Terra,MODIS,5,61.03,295.5,24.2,N,2
23.7608,86.3977,305.9,1.8,1.3,2026-05-07,1431,Terra,MODIS,30,61.03,294.6,12.1,N,2
23.7817,86.3879,304.2,1.8,1.3,2026-05-07,1431,Terra,MODIS,23,61.03,293.9,9.7,N,2
19.373,71.3541,311,1.3,1.1,2026-05-07,1609,Terra,MODIS,73,61.03,298.6,9.9,N,3
21.1098,72.6449,311.5,1.6,1.2,2026-05-07,1609,Terra,MODIS,74,61.03,300.4,13.3,N,2
22.9285,70.1055,313.5,1.2,1.1,2026-05-07,1610,Terra,MODIS,81,61.03,300.5,10.6,N,0
23.7013,76.1916,307.3,3.2,1.7,2026-05-07,1610,Terra,MODIS,65,61.03,294.6,29.3,N,0
23.702,76.1984,305.3,3.2,1.7,2026-05-07,1610,Terra,MODIS,53,61.03,294.4,21.9,N,0
24.1532,75.4717,305.9,2.9,1.6,2026-05-07,1610,Terra,MODIS,59,61.03,293.8,21.3,N,0
29.4324,70.3449,309,1.5,1.2,2026-05-07,1611,Terra,MODIS,68,61.03,298,10.3,N,0
23.7968,86.3589,301.5,1.3,1.1,2026-05-07,2138,Aqua,MODIS,28,61.03,291.4,5.8,N,2
17.3766,94.809,330.8,1,1,2026-05-08,239,Terra,MODIS,80,61.03,297.2,21.9,D,0
17.3779,94.7996,321.3,1,1,2026-05-08,239,Terra,MODIS,64,61.03,297.6,10.9,D,0
17.5685,96.6969,323.7,1,1,2026-05-08,239,Terra,MODIS,74,61.03,299.5,7.4,D,0
18.9849,95.1774,327.4,1,1,2026-05-08,239,Terra,MODIS,69,61.03,301.8,12.3,D,0
19.0255,95.2124,355.8,1,1,2026-05-08,239,Terra,MODIS,98,61.03,304.2,61.9,D,0
19.0268,95.2029,336.1,1,1,2026-05-08,239,Terra,MODIS,86,61.03,303.6,22.4,D,0
19.0494,95.4432,334.9,1,1,2026-05-08,239,Terra,MODIS,85,61.03,302.4,21.9,D,0
19.3384,96.3276,324.6,1,1,2026-05-08,239,Terra,MODIS,70,61.03,300.8,8.8,D,0
17.1924,95.7827,321.8,1,1,2026-05-08,240,Terra,MODIS,39,61.03,298.7,6.9,D,0
30.0437,76.1432,325.8,1.1,1,2026-05-08,414,Terra,MODIS,75,61.03,304.2,13.7,D,0
30.1994,76.6255,321.8,1.1,1.1,2026-05-08,414,Terra,MODIS,70,61.03,300.1,12,D,0
30.2444,75.2023,320.3,1,1,2026-05-08,414,Terra,MODIS,63,61.03,304.4,7.1,D,0
30.2584,75.8983,319.4,1.1,1,2026-05-08,414,Terra,MODIS,62,61.03,303.2,6.1,D,0
30.2601,75.8876,320.3,1.1,1,2026-05-08,414,Terra,MODIS,65,61.03,303.5,7.3,D,0
30.2678,76.5989,321.1,1.1,1.1,2026-05-08,414,Terra,MODIS,69,61.03,301.3,10,D,0
30.3169,75.2756,319.4,1,1,2026-05-08,414,Terra,MODIS,61,61.03,303.4,6.9,D,0
30.3213,76.6637,321.9,1.1,1.1,2026-05-08,414,Terra,MODIS,70,61.03,300.6,11.6,D,0
30.3231,76.6523,319.8,1.1,1.1,2026-05-08,414,Terra,MODIS,66,61.03,300.2,9.2,D,0
30.3257,75.2773,325.7,1,1,2026-05-08,414,Terra,MODIS,74,61.03,303.8,13.1,D,0
30.3978,75.1706,319.2,1,1,2026-05-08,414,Terra,MODIS,61,61.03,303.4,6.4,D,0
30.4919,75.0997,323.8,1,1,2026-05-08,414,Terra,MODIS,71,61.03,303.4,10.2,D,0
30.572,75.1219,318.7,1,1,2026-05-08,414,Terra,MODIS,60,61.03,303.3,5.7,D,0
30.6698,75.1472,321.7,1,1,2026-05-08,414,Terra,MODIS,68,61.03,303.1,8.2,D,0
30.6963,74.8471,319.4,1,1,2026-05-08,414,Terra,MODIS,64,61.03,303.6,5.5,D,0
30.7255,76.5178,318.4,1.1,1,2026-05-08,414,Terra,MODIS,67,61.03,299.1,8.3,D,0
30.7492,75.5969,322.2,1,1,2026-05-08,414,Terra,MODIS,69,61.03,301.7,10.2,D,0
30.751,75.2227,318.8,1,1,2026-05-08,414,Terra,MODIS,62,61.03,302.2,6.7,D,0
30.7824,75.6854,319.6,1,1,2026-05-08,414,Terra,MODIS,65,61.03,300.2,9.4,D,0
30.9899,72.2922,320.8,1.1,1,2026-05-08,414,Terra,MODIS,64,61.03,303.4,9.3,D,0
31.0265,75.1153,319.8,1,1,2026-05-08,414,Terra,MODIS,66,61.03,302.3,6.5,D,0
31.055,74.9836,319,1,1,2026-05-08,414,Terra,MODIS,65,61.03,302.9,6.1,D,0
31.0616,75.5554,320.3,1,1,2026-05-08,414,Terra,MODIS,70,61.03,302,7.6,D,0
31.068,75.5137,321.5,1,1,2026-05-08,414,Terra,MODIS,71,61.03,301.8,8.8,D,0
31.0899,75.0537,318.1,1,1,2026-05-08,414,Terra,MODIS,62,61.03,302.3,5.3,D,0
31.0914,75.0435,327,1,1,2026-05-08,414,Terra,MODIS,78,61.03,302.7,14.8,D,0
31.1042,74.7095,320.8,1,1,2026-05-08,414,Terra,MODIS,56,61.03,302.4,9.8,D,0
31.186,74.6584,321.2,1,1,2026-05-08,414,Terra,MODIS,69,61.03,302.6,8.3,D,0
31.2399,75.1063,316.5,1,1,2026-05-08,414,Terra,MODIS,43,61.03,300.4,6,D,0
31.2824,75.1253,325.1,1,1,2026-05-08,414,Terra,MODIS,0,61.03,301.3,14.7,D,0
31.3058,75.0412,318.5,1,1,2026-05-08,414,Terra,MODIS,64,61.03,301.9,5.7,D,0
31.3543,75.019,318.7,1,1,2026-05-08,414,Terra,MODIS,64,61.03,301.1,6.3,D,0
31.3621,75.2112,319.8,1,1,2026-05-08,414,Terra,MODIS,64,61.03,300.7,10,D,0
31.4021,74.6285,318.7,1,1,2026-05-08,414,Terra,MODIS,65,61.03,302.2,5.8,D,0
31.4503,74.6857,323.1,1,1,2026-05-08,414,Terra,MODIS,73,61.03,302.7,9.5,D,0
31.5092,74.9774,320.4,1,1,2026-05-08,414,Terra,MODIS,68,61.03,301.1,8,D,0
31.5254,74.9278,322.6,1,1,2026-05-08,414,Terra,MODIS,72,61.03,302.2,9.7,D,0
31.5545,74.9757,318,1,1,2026-05-08,414,Terra,MODIS,62,61.03,301.5,6,D,0
31.5667,75.1534,316.5,1,1,2026-05-08,414,Terra,MODIS,59,61.03,300.6,5.2,D,0
31.5751,75.2188,317.1,1,1,2026-05-08,414,Terra,MODIS,58,61.03,300.2,5.9,D,0
31.6657,74.9718,318.2,1,1,2026-05-08,414,Terra,MODIS,63,61.03,301.1,6.1,D,0
31.6729,74.9838,325.6,1,1,2026-05-08,414,Terra,MODIS,76,61.03,300.9,13.3,D,0
31.7329,74.8965,318.2,1,1,2026-05-08,414,Terra,MODIS,62,61.03,301.4,5.7,D,0
31.741,72.318,318.1,1.1,1,2026-05-08,414,Terra,MODIS,57,61.03,301.7,6.5,D,0
31.7524,74.6367,319.3,1,1,2026-05-08,414,Terra,MODIS,65,61.03,302.8,5.9,D,0
31.7701,75.0895,320.7,1,1,2026-05-08,414,Terra,MODIS,69,61.03,301.2,7.9,D,0
31.7874,74.7067,320.9,1,1,2026-05-08,414,Terra,MODIS,68,61.03,302.2,7.4,D,0
31.7962,74.7084,325.2,1,1,2026-05-08,414,Terra,MODIS,75,61.03,302.4,12,D,0
31.8007,74.6144,318.3,1,1,2026-05-08,414,Terra,MODIS,63,61.03,300.4,6.5,D,0
31.8021,74.6041,316.9,1,1,2026-05-08,414,Terra,MODIS,58,61.03,300.6,5.4,D,0
31.8167,74.7077,329.8,1,1,2026-05-08,414,Terra,MODIS,80,61.03,302.9,17.3,D,0
31.8451,75.009,320.2,1,1,2026-05-08,414,Terra,MODIS,68,61.03,301,8.1,D,2
31.8837,74.8051,318.9,1,1,2026-05-08,414,Terra,MODIS,55,61.03,302.3,6.6,D,0
31.9025,75.1858,323.5,1,1,2026-05-08,414,Terra,MODIS,74,61.03,301.3,11.4,D,0
31.9041,75.1755,318.1,1,1,2026-05-08,414,Terra,MODIS,64,61.03,301.4,6,D,0
31.9044,75.1118,318.6,1,1,2026-05-08,414,Terra,MODIS,64,61.03,300.9,5.9,D,0
31.9158,75.3543,320.2,1,1,2026-05-08,414,Terra,MODIS,69,61.03,299.8,8.9,D,0
31.9394,70.835,318.6,1.3,1.1,2026-05-08,414,Terra,MODIS,39,61.03,302.8,8.7,D,0
31.9729,70.9005,320.2,1.3,1.1,2026-05-08,414,Terra,MODIS,56,61.03,303.8,9.2,D,0
31.9801,75.1647,319.7,1,1,2026-05-08,414,Terra,MODIS,68,61.03,301.6,6.9,D,0
31.9828,70.902,319.7,1.3,1.1,2026-05-08,414,Terra,MODIS,47,61.03,303.2,8.5,D,0
32.0215,75.0667,333.7,1,1,2026-05-08,414,Terra,MODIS,85,61.03,302.1,24,D,0
32.11,74.2587,321.1,1,1,2026-05-08,414,Terra,MODIS,70,61.03,301.1,9.5,D,0
32.1101,74.3223,320,1,1,2026-05-08,414,Terra,MODIS,67,61.03,302,7.9,D,0
32.1224,75.0083,316.1,1,1,2026-05-08,414,Terra,MODIS,61,61.03,300.8,4.9,D,0
32.1292,74.3788,322.2,1,1,2026-05-08,414,Terra,MODIS,71,61.03,302.2,9.3,D,0
32.1583,74.6342,319.4,1,1,2026-05-08,414,Terra,MODIS,67,61.03,301.9,7.4,D,0
32.2106,74.2629,315.4,1,1,2026-05-08,414,Terra,MODIS,52,61.03,300.6,5.4,D,0
32.2196,74.5992,317.3,1,1,2026-05-08,414,Terra,MODIS,60,61.03,301.7,5.7,D,0
32.2327,74.4429,318,1,1,2026-05-08,414,Terra,MODIS,64,61.03,301.4,5.8,D,0
32.2342,74.4325,317.5,1,1,2026-05-08,414,Terra,MODIS,62,61.03,300.7,5.7,D,0
32.2781,74.5045,320.1,1,1,2026-05-08,414,Terra,MODIS,68,61.03,301.5,7,D,0
32.2795,74.4942,324,1,1,2026-05-08,414,Terra,MODIS,75,61.03,302.9,11,D,0
32.4049,74.3228,316,1,1,2026-05-08,414,Terra,MODIS,59,61.03,299.7,5.4,D,0
32.4779,74.6044,323.1,1,1,2026-05-08,414,Terra,MODIS,74,61.03,302.4,10.8,D,0
33.7967,74.9289,308.5,1,1,2026-05-08,414,Terra,MODIS,52,61.03,297.3,5.2,D,0
28.3637,76.8956,319.8,1.2,1.1,2026-05-08,415,Terra,MODIS,29,61.03,302.5,7.9,D,2
28.6284,76.8581,320.2,1.2,1.1,2026-05-08,415,Terra,MODIS,54,61.03,304.8,7.6,D,0
28.6583,76.4692,321.3,1.2,1.1,2026-05-08,415,Terra,MODIS,53,61.03,305.3,8.9,D,0
28.6751,76.4252,325.8,1.2,1.1,2026-05-08,415,Terra,MODIS,68,61.03,305.4,14.2,D,0
28.7431,76.4575,321.8,1.2,1.1,2026-05-08,415,Terra,MODIS,58,61.03,304.5,9.1,D,0
28.7926,76.3676,320.4,1.1,1.1,2026-05-08,415,Terra,MODIS,53,61.03,305.3,7.3,D,0
28.9549,75.9366,319.5,1.1,1,2026-05-08,415,Terra,MODIS,45,61.03,302.8,7.7,D,0
28.9626,76.581,318.7,1.2,1.1,2026-05-08,415,Terra,MODIS,51,61.03,303,6.7,D,0
29.1049,76.052,321,1.1,1,2026-05-08,415,Terra,MODIS,58,61.03,304.2,8.7,D,0
29.1129,76.0488,320.1,1.1,1,2026-05-08,415,Terra,MODIS,55,61.03,303.3,7,D,0
29.1408,76.1113,321.4,1.1,1.1,2026-05-08,415,Terra,MODIS,62,61.03,303.3,9.1,D,0
29.1587,76.6345,319.7,1.2,1.1,2026-05-08,415,Terra,MODIS,59,61.03,301.6,9.1,D,0
29.1606,76.6229,324.5,1.2,1.1,2026-05-08,415,Terra,MODIS,71,61.03,302,15.3,D,0
29.2019,76.0728,319.1,1.1,1,2026-05-08,415,Terra,MODIS,54,61.03,302.5,7.2,D,0
29.3394,76.0281,320.9,1.1,1,2026-05-08,415,Terra,MODIS,62,61.03,302.8,9.4,D,0
29.3682,74.4491,323.1,1,1,2026-05-08,415,Terra,MODIS,53,61.03,306.7,7.4,D,0
29.3957,75.8493,320.8,1.1,1,2026-05-08,415,Terra,MODIS,61,61.03,303.5,8.1,D,0
29.4164,74.5512,326.9,1,1,2026-05-08,415,Terra,MODIS,71,61.03,308.3,11.6,D,0
29.475,74.475,321.4,1,1,2026-05-08,415,Terra,MODIS,55,61.03,306.7,6.6,D,0
29.4797,75.0033,320.2,1,1,2026-05-08,415,Terra,MODIS,52,61.03,305.1,6.4,D,0
29.4938,74.8487,322.2,1,1,2026-05-08,415,Terra,MODIS,60,61.03,305,10.4,D,0
29.4954,74.8385,319.1,1,1,2026-05-08,415,Terra,MODIS,37,61.03,304,7.4,D,0
29.4959,75.5029,319.6,1.1,1,2026-05-08,415,Terra,MODIS,55,61.03,304.2,7.1,D,0
29.4972,74.7658,320,1,1,2026-05-08,415,Terra,MODIS,49,61.03,305.3,7.6,D,0
29.5005,76.0621,319.7,1.1,1,2026-05-08,415,Terra,MODIS,59,61.03,302.8,7.6,D,0
29.5349,73.4707,325.2,1,1,2026-05-08,415,Terra,MODIS,67,61.03,309.2,8.9,D,0
29.5859,74.4712,328.4,1,1,2026-05-08,415,Terra,MODIS,74,61.03,307,14.6,D,0
29.5951,74.7904,322.6,1,1,2026-05-08,415,Terra,MODIS,62,61.03,305.8,8.3,D,0
29.6139,75.4572,319.1,1,1,2026-05-08,415,Terra,MODIS,51,61.03,304.5,5.8,D,0
29.6284,74.4275,321,1,1,2026-05-08,415,Terra,MODIS,54,61.03,306.9,6.1,D,0
29.6423,75.7518,320.8,1.1,1,2026-05-08,415,Terra,MODIS,61,61.03,304.9,7,D,0
29.6563,75.7217,325.7,1.1,1,2026-05-08,415,Terra,MODIS,72,61.03,304.7,13.2,D,0
29.6911,74.5695,321.5,1,1,2026-05-08,415,Terra,MODIS,58,61.03,306.6,6.2,D,0
29.7346,76.2193,318.1,1.1,1,2026-05-08,415,Terra,MODIS,57,61.03,303.1,6,D,0
29.7352,75.0292,327.9,1,1,2026-05-08,415,Terra,MODIS,74,61.03,306.4,13.9,D,0
29.7367,75.0189,322.6,1,1,2026-05-08,415,Terra,MODIS,63,61.03,306.1,7.8,D,0
29.795,75.7232,323.2,1.1,1,2026-05-08,415,Terra,MODIS,68,61.03,304.8,9.9,D,0
29.8001,75.0207,321,1,1,2026-05-08,415,Terra,MODIS,58,61.03,306.3,6.4,D,0
29.8342,76.2349,318.9,1.1,1,2026-05-08,415,Terra,MODIS,61,61.03,303.2,6.7,D,0
29.9091,75.7038,320.6,1.1,1,2026-05-08,415,Terra,MODIS,62,61.03,305,6.8,D,0
29.9153,72.7043,323.9,1,1,2026-05-08,415,Terra,MODIS,67,61.03,303.9,12.4,D,0
29.9166,72.6938,321.2,1,1,2026-05-08,415,Terra,MODIS,60,61.03,304.3,9.2,D,0
29.9515,76.1404,319.5,1.1,1,2026-05-08,415,Terra,MODIS,62,61.03,303.4,7,D,0
29.9567,74.2143,322.4,1,1,2026-05-08,415,Terra,MODIS,65,61.03,306.7,7.5,D,0
30.0166,75.1238,321.1,1,1,2026-05-08,415,Terra,MODIS,61,61.03,304.9,6.9,D,0
30.0383,74.0848,322,1,1,2026-05-08,415,Terra,MODIS,64,61.03,305.8,8.9,D,0
30.0397,74.0747,322.6,1,1,2026-05-08,415,Terra,MODIS,65,61.03,305.9,9.6,D,0
30.0505,73.5483,320.5,1,1,2026-05-08,415,Terra,MODIS,50,61.03,303.5,8.8,D,0
30.0527,75.0043,319.7,1,1,2026-05-08,415,Terra,MODIS,56,61.03,304.6,5.5,D,0
30.1174,74.3187,323.1,1,1,2026-05-08,415,Terra,MODIS,68,61.03,306.2,8.6,D,0
30.1189,74.3086,325.2,1,1,2026-05-08,415,Terra,MODIS,72,61.03,306.5,10.8,D,0
30.1236,73.2791,319.8,1,1,2026-05-08,415,Terra,MODIS,50,61.03,304.5,7.1,D,0
30.1955,74.8491,319.7,1,1,2026-05-08,415,Terra,MODIS,57,61.03,304.7,5.9,D,0
30.1958,74.7864,323.8,1,1,2026-05-08,415,Terra,MODIS,69,61.03,305.6,9.2,D,0
30.2105,74.7474,320.3,1,1,2026-05-08,415,Terra,MODIS,60,61.03,305.1,5.9,D,0
30.6191,71.3402,326.4,1.2,1.1,2026-05-08,415,Terra,MODIS,72,61.03,308.2,11.6,D,0
22.8356,75.2335,332.4,1.2,1.1,2026-05-08,416,Terra,MODIS,75,61.03,313.7,19.3,D,0
23.3336,77.8115,325.1,1.7,1.3,2026-05-08,416,Terra,MODIS,58,61.03,309.8,16.7,D,0
23.3949,77.9255,328.2,1.7,1.3,2026-05-08,416,Terra,MODIS,71,61.03,310,24.7,D,0
23.4359,73.6808,331.7,1,1,2026-05-08,416,Terra,MODIS,74,61.03,314.4,15.1,D,0
23.4911,75.2475,332.1,1.2,1.1,2026-05-08,416,Terra,MODIS,74,61.03,312.5,18.7,D,0
23.5955,78.676,330.8,2,1.4,2026-05-08,416,Terra,MODIS,77,61.03,303.4,43.2,D,0
23.5977,75.3727,328.7,1.2,1.1,2026-05-08,416,Terra,MODIS,66,61.03,314.2,12.3,D,0
23.6137,77.6033,334.6,1.6,1.3,2026-05-08,416,Terra,MODIS,80,61.03,311.2,38.6,D,0
23.6368,70.9592,330.1,1.1,1,2026-05-08,416,Terra,MODIS,73,61.03,313.8,12.7,D,0
23.6869,78.6833,322.4,2,1.4,2026-05-08,416,Terra,MODIS,58,61.03,305.8,18.2,D,0
23.707,78.2588,324.6,1.8,1.3,2026-05-08,416,Terra,MODIS,63,61.03,308.5,16.4,D,0
23.8018,77.719,324.7,1.7,1.3,2026-05-08,416,Terra,MODIS,60,61.03,309.6,14.7,D,0
23.9165,77.1462,326.4,1.5,1.2,2026-05-08,416,Terra,MODIS,64,61.03,308.5,17.5,D,0
24.0058,76.2098,325.9,1.3,1.1,2026-05-08,416,Terra,MODIS,57,61.03,311.3,11,D,0
24.3674,74.1876,326.1,1.1,1,2026-05-08,416,Terra,MODIS,62,61.03,313.4,7.9,D,0
24.6305,77.0877,324.4,1.5,1.2,2026-05-08,416,Terra,MODIS,65,61.03,308.9,12.2,D,0
24.638,76.6813,323.9,1.4,1.2,2026-05-08,416,Terra,MODIS,61,61.03,309.7,11,D,0
24.6789,76.9284,325.6,1.4,1.2,2026-05-08,416,Terra,MODIS,68,61.03,310.6,11.6,D,0
24.6812,76.9149,328,1.4,1.2,2026-05-08,416,Terra,MODIS,72,61.03,310.5,16.4,D,0
24.7559,76.7717,323.9,1.4,1.2,2026-05-08,416,Terra,MODIS,62,61.03,309.2,10.9,D,0
25.0289,82.0537,318.5,3.2,1.7,2026-05-08,416,Terra,MODIS,65,61.03,299,36.6,D,0
25.0297,82.0473,318.6,3.2,1.7,2026-05-08,416,Terra,MODIS,70,61.03,298.7,38.6,D,0
25.2436,76.3184,326.3,1.3,1.1,2026-05-08,416,Terra,MODIS,59,61.03,310.4,13.1,D,0
25.274,72.993,326.8,1,1,2026-05-08,416,Terra,MODIS,64,61.03,312.6,8.3,D,0
25.2754,72.9834,327.6,1,1,2026-05-08,416,Terra,MODIS,66,61.03,312.3,9.1,D,0
25.3623,73.0837,330.7,1,1,2026-05-08,416,Terra,MODIS,73,61.03,313.4,13.2,D,0
25.364,76.4054,329,1.3,1.1,2026-05-08,416,Terra,MODIS,74,61.03,310.2,16.4,D,0
25.3844,76.2834,328,1.3,1.1,2026-05-08,416,Terra,MODIS,73,61.03,310,15.4,D,0
25.6554,76.0059,321.8,1.2,1.1,2026-05-08,416,Terra,MODIS,56,61.03,306,8.7,D,0
18.766,79.9658,316.8,3.1,1.7,2026-05-08,417,Terra,MODIS,41,61.03,298.5,33.6,D,0
18.7669,79.9728,317.6,3.1,1.7,2026-05-08,417,Terra,MODIS,29,61.03,298.9,34.8,D,0
19.5258,71.2954,310.3,1,1,2026-05-08,417,Terra,MODIS,36,61.03,299.3,5.4,D,3
20.8184,77.6849,326.5,1.9,1.3,2026-05-08,417,Terra,MODIS,69,61.03,306.5,22.8,D,0
21.1034,72.6466,329.6,1,1,2026-05-08,417,Terra,MODIS,56,61.03,305.5,15.2,D,2
21.1048,72.6372,324.3,1,1,2026-05-08,417,Terra,MODIS,45,61.03,305.5,9,D,2
21.7211,78.134,325.7,2,1.4,2026-05-08,417,Terra,MODIS,69,61.03,305.3,27.5,D,0
21.7698,72.0089,326.5,1,1,2026-05-08,417,Terra,MODIS,60,61.03,312.6,9.1,D,0
22.105,72.1677,336.2,1,1,2026-05-08,417,Terra,MODIS,81,61.03,315.5,18.8,D,0
22.6032,74.1103,324.7,1.1,1,2026-05-08,417,Terra,MODIS,57,61.03,312.2,8.5,D,0
22.7409,70.4915,326.7,1.1,1,2026-05-08,417,Terra,MODIS,60,61.03,310.9,11.6,D,0
18.5771,72.2388,314.2,1,1,2026-05-08,418,Terra,MODIS,60,61.03,298.8,8.1,D,3
16.8641,95.8058,328.7,1.6,1.3,2026-05-08,830,Aqua,MODIS,82,61.03,297.9,31.6,D,0
17.0771,95.7687,323.1,1.6,1.3,2026-05-08,830,Aqua,MODIS,69,61.03,298.8,16.4,D,0
18.6041,96.8804,321.9,1.3,1.1,2026-05-08,830,Aqua,MODIS,79,61.03,291.7,22.5,D,0
19.8748,94.3959,320,1.8,1.3,2026-05-08,830,Aqua,MODIS,50,61.03,291.7,31.3,D,0
19.9799,93.9559,326.4,2,1.4,2026-05-08,830,Aqua,MODIS,73,61.03,299.5,43.4,D,0
20.0262,93.8732,327.4,2,1.4,2026-05-08,830,Aqua,MODIS,75,61.03,298.3,48.1,D,0
24.4833,93.5391,313.2,1.7,1.3,2026-05-08,832,Aqua,MODIS,60,61.03,295.6,18.4,D,0
24.9979,93.8055,321,1.6,1.2,2026-05-08,832,Aqua,MODIS,67,61.03,289.9,34.1,D,0
25.5969,96.7152,332.6,1.1,1,2026-05-08,832,Aqua,MODIS,86,61.03,302.7,24.6,D,0
25.946,94.0808,320.3,1.5,1.2,2026-05-08,832,Aqua,MODIS,77,61.03,293,25.9,D,0
26.174,93.2346,321.1,1.6,1.3,2026-05-08,832,Aqua,MODIS,79,61.03,296.9,28.1,D,0
26.4208,95.4476,312.7,1.2,1.1,2026-05-08,832,Aqua,MODIS,68,61.03,298.8,9.3,D,0
26.6632,95.6377,316.5,1.2,1.1,2026-05-08,832,Aqua,MODIS,75,61.03,298.6,13.5,D,0
26.6652,95.6496,314.4,1.2,1.1,2026-05-08,832,Aqua,MODIS,72,61.03,296.2,11.1,D,0
27.1869,95.6443,321.7,1.1,1.1,2026-05-08,832,Aqua,MODIS,78,61.03,298,18.6,D,0
27.2677,95.747,317.8,1.1,1.1,2026-05-08,832,Aqua,MODIS,72,61.03,297.2,11.4,D,0
27.4369,96.0951,318.3,1.1,1,2026-05-08,832,Aqua,MODIS,67,61.03,293.4,12.3,D,0
12.6847,77.9911,321.2,1,1,2026-05-08,1007,Aqua,MODIS,61,61.03,295.9,8.8,D,0
14.1045,76.0738,325.2,1,1,2026-05-08,1007,Aqua,MODIS,70,61.03,303.3,8.2,D,0
14.1742,77.2972,332.7,1,1,2026-05-08,1007,Aqua,MODIS,79,61.03,309.2,14.4,D,0
14.1755,77.3062,335.9,1,1,2026-05-08,1007,Aqua,MODIS,83,61.03,309.5,19,D,0
14.6182,79.9713,322.8,1.3,1.1,2026-05-08,1007,Aqua,MODIS,67,61.03,286.5,22.2,D,0
14.9539,78.7147,323.3,1.1,1.1,2026-05-08,1007,Aqua,MODIS,57,61.03,298.3,15.3,D,0
14.9618,78.7033,337.5,1.1,1.1,2026-05-08,1007,Aqua,MODIS,85,61.03,299.8,35.9,D,0
14.9632,78.7133,343.9,1.1,1.1,2026-05-08,1007,Aqua,MODIS,90,61.03,298.7,49.1,D,0
15.0628,79.0946,320,1.2,1.1,2026-05-08,1007,Aqua,MODIS,55,61.03,297.7,11.6,D,0
15.1155,78.1395,335.7,1.1,1,2026-05-08,1007,Aqua,MODIS,72,61.03,302.9,24.6,D,0
15.4424,78.2925,324.9,1.1,1,2026-05-08,1007,Aqua,MODIS,61,61.03,304.4,9.1,D,0
15.6261,78.4892,332,1.1,1.1,2026-05-08,1007,Aqua,MODIS,80,61.03,306.5,15.4,D,0
15.6727,74.3906,318.5,1.1,1,2026-05-08,1008,Aqua,MODIS,42,61.03,297.4,10.3,D,0
16.2181,79.8575,334.1,1.4,1.2,2026-05-08,1008,Aqua,MODIS,80,61.03,296,37.2,D,0
16.3547,75.8912,331.1,1,1,2026-05-08,1008,Aqua,MODIS,0,61.03,304.9,15.5,D,0
16.392,77.3647,324.8,1,1,2026-05-08,1008,Aqua,MODIS,26,61.03,306.7,7.4,D,0
16.5094,77.4181,333.2,1,1,2026-05-08,1008,Aqua,MODIS,79,61.03,308.5,15.9,D,0
16.8985,76.8398,333.9,1,1,2026-05-08,1008,Aqua,MODIS,78,61.03,313.7,12.3,D,0
16.9847,80.871,336.4,1.7,1.3,2026-05-08,1008,Aqua,MODIS,85,61.03,298.7,56.1,D,0
16.9863,80.8639,325.4,1.7,1.3,2026-05-08,1008,Aqua,MODIS,71,61.03,298.4,24.5,D,0
16.9881,80.8791,327,1.7,1.3,2026-05-08,1008,Aqua,MODIS,73,61.03,298.5,28.9,D,0
17.3689,74.2167,325.4,1.1,1,2026-05-08,1008,Aqua,MODIS,52,61.03,304.1,14.5,D,0
17.6286,79.7728,327.7,1.4,1.2,2026-05-08,1008,Aqua,MODIS,59,61.03,300.3,22.3,D,0
17.7357,79.335,330.7,1.3,1.1,2026-05-08,1008,Aqua,MODIS,77,61.03,304.9,23.2,D,0
17.9251,73.457,333,1.1,1.1,2026-05-08,1008,Aqua,MODIS,75,61.03,304.3,24.1,D,0
17.9835,73.5355,325.8,1.1,1.1,2026-05-08,1008,Aqua,MODIS,65,61.03,305.3,15.9,D,0
18.2188,78.1801,325.8,1.2,1.1,2026-05-08,1008,Aqua,MODIS,65,61.03,307.2,9.4,D,0
18.5047,78.4355,326.7,1.2,1.1,2026-05-08,1008,Aqua,MODIS,61,61.03,309.1,12.1,D,0
18.519,77.7384,331.9,1.1,1.1,2026-05-08,1008,Aqua,MODIS,77,61.03,306.8,17.4,D,0
18.572,72.2364,318.7,1.3,1.1,2026-05-08,1008,Aqua,MODIS,70,61.03,299.3,12.2,D,3
18.7114,73.2727,328.4,1.1,1.1,2026-05-08,1008,Aqua,MODIS,73,61.03,306,13.8,D,0
18.9728,79.426,322.9,1.4,1.2,2026-05-08,1008,Aqua,MODIS,37,61.03,305.6,9.5,D,0
19.4155,78.5046,330.8,1.3,1.1,2026-05-08,1008,Aqua,MODIS,75,61.03,308.8,15.5,D,0
19.3467,73.0724,337.7,1.1,1.1,2026-05-08,1009,Aqua,MODIS,83,61.03,308.1,27.6,D,0
20.6213,73.6264,330.1,1.1,1,2026-05-08,1009,Aqua,MODIS,67,61.03,312.3,11.2,D,0
20.6658,73.5579,331.4,1.1,1,2026-05-08,1009,Aqua,MODIS,71,61.03,311.8,12.1,D,0
20.6684,73.3991,328.4,1.1,1,2026-05-08,1009,Aqua,MODIS,60,61.03,313.6,10.4,D,0
20.702,73.4949,327.4,1.1,1,2026-05-08,1009,Aqua,MODIS,54,61.03,311.8,7.3,D,0
20.8822,72.8163,331.1,1.1,1.1,2026-05-08,1009,Aqua,MODIS,54,61.03,310.1,19.4,D,0
20.9358,73.5111,332.6,1.1,1,2026-05-08,1009,Aqua,MODIS,71,61.03,309.8,16.6,D,0
20.9374,73.5209,334.1,1.1,1,2026-05-08,1009,Aqua,MODIS,74,61.03,310.8,18.9,D,0
21.2029,79.5482,330.4,1.5,1.2,2026-05-08,1009,Aqua,MODIS,69,61.03,313.3,16.8,D,0
21.6985,77.2501,337.8,1.1,1.1,2026-05-08,1009,Aqua,MODIS,82,61.03,319.8,19.5,D,0
21.7084,77.3248,331.2,1.2,1.1,2026-05-08,1009,Aqua,MODIS,49,61.03,314.2,10.5,D,0
21.7383,83.8358,321.6,3.3,1.7,2026-05-08,1009,Aqua,MODIS,60,61.03,302.1,43.5,D,0
21.8754,72.0792,331.7,1.2,1.1,2026-05-08,1009,Aqua,MODIS,57,61.03,315.6,12.9,D,0
21.8773,72.0903,330.6,1.2,1.1,2026-05-08,1009,Aqua,MODIS,46,61.03,315.7,10.6,D,0
22.1143,72.1687,333.9,1.2,1.1,2026-05-08,1009,Aqua,MODIS,66,61.03,319.7,12,D,0
22.2328,75.5642,336.7,1,1,2026-05-08,1009,Aqua,MODIS,77,61.03,319.8,12.3,D,2
22.3423,76.2811,332.3,1.1,1,2026-05-08,1009,Aqua,MODIS,72,61.03,315.2,10.1,D,0
23.094,80.1389,327.4,1.8,1.3,2026-05-08,1009,Aqua,MODIS,72,61.03,306.7,21.8,D,0
23.4534,79.8785,326.6,1.8,1.3,2026-05-08,1009,Aqua,MODIS,71,61.03,309.4,23.1,D,0
23.0958,72.3446,337.9,1.1,1.1,2026-05-08,1010,Aqua,MODIS,78,61.03,317.1,22.4,D,0
23.1872,69.6422,330.4,1.6,1.2,2026-05-08,1010,Aqua,MODIS,48,61.03,316.2,22.2,D,0
23.4354,73.6785,336,1,1,2026-05-08,1010,Aqua,MODIS,75,61.03,319.6,16.2,D,0
23.445,78.2906,334.7,1.4,1.2,2026-05-08,1010,Aqua,MODIS,78,61.03,312.9,24.5,D,0
23.4466,78.3034,330.6,1.4,1.2,2026-05-08,1010,Aqua,MODIS,71,61.03,311,16,D,0
23.4544,79.8882,326.8,1.8,1.3,2026-05-08,1010,Aqua,MODIS,53,61.03,310,24.2,D,0
23.5462,77.7173,334.5,1.3,1.1,2026-05-08,1010,Aqua,MODIS,73,61.03,315.3,17.9,D,0
23.579,75.3547,351.3,1,1,2026-05-08,1010,Aqua,MODIS,92,61.03,315.3,47.7,D,0
23.6128,77.5907,344.6,1.3,1.1,2026-05-08,1010,Aqua,MODIS,88,61.03,316.8,42.7,D,0
23.7297,74.2279,335.3,1,1,2026-05-08,1010,Aqua,MODIS,74,61.03,319.1,15.4,D,0
23.7311,74.2373,330.1,1,1,2026-05-08,1010,Aqua,MODIS,56,61.03,318.3,8.5,D,0
23.7817,74.3197,332.8,1,1,2026-05-08,1010,Aqua,MODIS,67,61.03,320.1,9.8,D,0
24.0989,74.0833,333.4,1,1,2026-05-08,1010,Aqua,MODIS,72,61.03,319.4,10.6,D,0
24.1746,74.2937,331,1,1,2026-05-08,1010,Aqua,MODIS,64,61.03,319.3,8.7,D,0
24.3238,74.4945,333.3,1,1,2026-05-08,1010,Aqua,MODIS,39,61.03,317.7,10.8,D,0
24.4045,74.0876,336,1,1,2026-05-08,1010,Aqua,MODIS,77,61.03,319.5,14.8,D,0
24.4593,80.5813,328,2.1,1.4,2026-05-08,1010,Aqua,MODIS,69,61.03,308.1,28.6,D,0
24.5432,73.7767,327.1,1,1,2026-05-08,1010,Aqua,MODIS,51,61.03,313.7,6.9,D,0
24.877,79.8347,329.5,1.8,1.3,2026-05-08,1010,Aqua,MODIS,74,61.03,307.8,24.7,D,0
24.8789,79.8523,326.1,1.8,1.3,2026-05-08,1010,Aqua,MODIS,67,61.03,307.1,14.4,D,0
24.9109,76.1103,332.7,1.1,1,2026-05-08,1010,Aqua,MODIS,71,61.03,316.6,10.7,D,0
25.075,82.034,324.2,2.7,1.6,2026-05-08,1010,Aqua,MODIS,65,61.03,304.4,32.5,D,0
25.2481,76.3696,330.6,1.1,1.1,2026-05-08,1010,Aqua,MODIS,61,61.03,315.6,11.1,D,0
25.2495,73.6083,329,1,1,2026-05-08,1010,Aqua,MODIS,54,61.03,315.6,9.9,D,0
25.2537,76.4133,331,1.1,1.1,2026-05-08,1010,Aqua,MODIS,69,61.03,314,10.6,D,0
25.2628,72.9723,330.8,1,1,2026-05-08,1010,Aqua,MODIS,47,61.03,317.8,8.3,D,0
25.2666,76.2232,336,1.1,1.1,2026-05-08,1010,Aqua,MODIS,77,61.03,315,17.5,D,0
25.2803,72.969,335.3,1,1,2026-05-08,1010,Aqua,MODIS,73,61.03,318.6,14.3,D,0
25.3075,75.9831,334.9,1.1,1,2026-05-08,1010,Aqua,MODIS,76,61.03,316.2,16,D,0
25.3159,73.083,330.7,1,1,2026-05-08,1010,Aqua,MODIS,60,61.03,317.1,8.7,D,0
25.3166,75.9817,332.4,1.1,1,2026-05-08,1010,Aqua,MODIS,71,61.03,315.4,11.7,D,0
25.349,76.2263,332.8,1.1,1.1,2026-05-08,1010,Aqua,MODIS,73,61.03,315.6,13.4,D,0
25.4359,75.9019,340.4,1.1,1,2026-05-08,1010,Aqua,MODIS,84,61.03,314.4,26.9,D,0
25.4373,75.9124,336.5,1.1,1,2026-05-08,1010,Aqua,MODIS,79,61.03,314.4,20.3,D,0
25.4617,76.5256,336.2,1.2,1.1,2026-05-08,1010,Aqua,MODIS,79,61.03,315.9,19.9,D,0
25.4632,76.5367,334.1,1.2,1.1,2026-05-08,1010,Aqua,MODIS,76,61.03,315.2,16.5,D,0
25.4897,75.7595,330.6,1.1,1,2026-05-08,1010,Aqua,MODIS,65,61.03,313.6,12.5,D,0
25.7129,76.5995,341.3,1.2,1.1,2026-05-08,1010,Aqua,MODIS,86,61.03,313.1,33,D,0
25.7144,76.6109,348.3,1.2,1.1,2026-05-08,1010,Aqua,MODIS,92,61.03,310.1,49.2,D,0
25.9675,78.3397,326.8,1.5,1.2,2026-05-08,1010,Aqua,MODIS,67,61.03,306.5,14.6,D,0
28.9718,76.6614,323.4,1.3,1.1,2026-05-08,1011,Aqua,MODIS,55,61.03,305.9,8.1,D,0
29.0322,76.7443,322.4,1.3,1.1,2026-05-08,1011,Aqua,MODIS,51,61.03,305,8.6,D,0
29.1052,76.8479,330.1,1.3,1.1,2026-05-08,1011,Aqua,MODIS,76,61.03,304.1,22.7,D,0
29.2762,76.7416,324.5,1.3,1.1,2026-05-08,1011,Aqua,MODIS,66,61.03,305.8,11.4,D,0
29.2857,75.9793,335.7,1.2,1.1,2026-05-08,1011,Aqua,MODIS,81,61.03,310.1,27.5,D,0
29.2872,75.9913,326.9,1.2,1.1,2026-05-08,1011,Aqua,MODIS,65,61.03,308.8,12,D,0
29.3371,75.8922,324.9,1.2,1.1,2026-05-08,1011,Aqua,MODIS,56,61.03,308.4,9,D,0
29.445,74.7925,328.2,1.1,1,2026-05-08,1011,Aqua,MODIS,54,61.03,313.8,8.5,D,0
29.4466,74.0518,329.7,1,1,2026-05-08,1011,Aqua,MODIS,62,61.03,313,9.5,D,0
29.4602,74.49,327.9,1.1,1,2026-05-08,1011,Aqua,MODIS,56,61.03,313.8,7.3,D,0
29.5148,74.2184,332.8,1,1,2026-05-08,1011,Aqua,MODIS,72,61.03,314.4,13.1,D,0
29.5237,74.2168,331.8,1,1,2026-05-08,1011,Aqua,MODIS,65,61.03,314.7,11.9,D,0
29.5414,74.2136,336.8,1,1,2026-05-08,1011,Aqua,MODIS,79,61.03,311,20.1,D,0
29.5664,75.6666,329.5,1.2,1.1,2026-05-08,1011,Aqua,MODIS,71,61.03,310.9,14,D,0
29.5835,75.4981,327.7,1.2,1.1,2026-05-08,1011,Aqua,MODIS,66,61.03,310.2,11.3,D,0
29.584,74.5918,333.5,1.1,1,2026-05-08,1011,Aqua,MODIS,74,61.03,312.5,15.9,D,0
29.5844,76.2497,328.2,1.3,1.1,2026-05-08,1011,Aqua,MODIS,72,61.03,306.2,16.2,D,0
29.5854,74.6024,336.3,1.1,1,2026-05-08,1011,Aqua,MODIS,79,61.03,313.4,20.4,D,0
29.6232,75.2422,330.1,1.1,1.1,2026-05-08,1011,Aqua,MODIS,70,61.03,310.2,14,D,0
29.6246,75.2534,328.9,1.1,1.1,2026-05-08,1011,Aqua,MODIS,67,61.03,309.8,12.3,D,0
29.636,75.5363,327.4,1.2,1.1,2026-05-08,1011,Aqua,MODIS,66,61.03,309.2,10.8,D,0
29.6436,75.1815,325.2,1.1,1.1,2026-05-08,1011,Aqua,MODIS,50,61.03,309.4,7.3,D,0
29.6704,75.6915,324.3,1.2,1.1,2026-05-08,1011,Aqua,MODIS,56,61.03,308.1,7.9,D,0
29.6719,75.7033,328.4,1.2,1.1,2026-05-08,1011,Aqua,MODIS,70,61.03,308.6,14.2,D,0
29.745,75.4702,327.9,1.2,1.1,2026-05-08,1011,Aqua,MODIS,66,61.03,307.8,11.5,D,0
29.7784,76.0919,324,1.2,1.1,2026-05-08,1011,Aqua,MODIS,61,61.03,306.3,8.8,D,0
29.7792,75.9418,328.8,1.2,1.1,2026-05-08,1011,Aqua,MODIS,72,61.03,307.7,15,D,0
29.829,75.0463,331.5,1.1,1,2026-05-08,1011,Aqua,MODIS,72,61.03,311.9,14.1,D,0
29.8468,76.7374,322.1,1.3,1.1,2026-05-08,1011,Aqua,MODIS,61,61.03,303.7,9.9,D,0
29.852,76.6956,322.1,1.3,1.1,2026-05-08,1011,Aqua,MODIS,61,61.03,304,9.8,D,0
29.8557,76.0472,322.8,1.2,1.1,2026-05-08,1011,Aqua,MODIS,55,61.03,305.1,7.3,D,0
29.8593,74.8543,327.7,1.1,1,2026-05-08,1011,Aqua,MODIS,59,61.03,310.2,9,D,0
29.8851,75.8626,326,1.2,1.1,2026-05-08,1011,Aqua,MODIS,65,61.03,307.5,9.4,D,0
29.9326,75.274,329.9,1.1,1.1,2026-05-08,1011,Aqua,MODIS,70,61.03,310.8,13.2,D,0
29.9461,74.8894,327.8,1.1,1,2026-05-08,1011,Aqua,MODIS,62,61.03,311.4,9.3,D,0
29.9583,73.821,329.8,1,1,2026-05-08,1011,Aqua,MODIS,69,61.03,313.7,9,D,0
29.9587,74.3526,325.2,1.1,1,2026-05-08,1011,Aqua,MODIS,42,61.03,309.8,7,D,0
29.966,76.2019,323.3,1.3,1.1,2026-05-08,1011,Aqua,MODIS,60,61.03,305.7,8.5,D,0
29.9713,75.7312,325.6,1.2,1.1,2026-05-08,1011,Aqua,MODIS,63,61.03,307.7,10,D,0
29.995,74.4871,330,1.1,1,2026-05-08,1011,Aqua,MODIS,69,61.03,311.7,10.4,D,0
30.0157,74.9223,331.1,1.1,1,2026-05-08,1011,Aqua,MODIS,71,61.03,309.5,15.6,D,0
30.0318,75.0442,325.4,1.1,1.1,2026-05-08,1011,Aqua,MODIS,52,61.03,308.3,8.3,D,0
30.0388,74.677,325.9,1.1,1,2026-05-08,1011,Aqua,MODIS,56,61.03,310,8.1,D,0
30.0428,74.5004,330.1,1.1,1,2026-05-08,1011,Aqua,MODIS,69,61.03,310.5,12.5,D,0
30.0474,74.9553,328.4,1.1,1,2026-05-08,1011,Aqua,MODIS,66,61.03,309.9,10.9,D,0
30.0608,74.0287,327.4,1,1,2026-05-08,1011,Aqua,MODIS,65,61.03,309.5,11.2,D,0
30.0687,73.4853,327.3,1,1,2026-05-08,1011,Aqua,MODIS,68,61.03,309.7,10.5,D,0
30.0702,73.4954,327.9,1,1,2026-05-08,1011,Aqua,MODIS,69,61.03,308.7,11.8,D,0
30.0866,74.4869,327.6,1.1,1,2026-05-08,1011,Aqua,MODIS,54,61.03,310.3,8.2,D,0
30.0927,74.464,330.6,1.1,1,2026-05-08,1011,Aqua,MODIS,72,61.03,310.3,11.9,D,0
30.1117,74.5372,333.4,1.1,1,2026-05-08,1011,Aqua,MODIS,77,61.03,310.1,17.3,D,0
30.119,75.2181,327.3,1.1,1.1,2026-05-08,1011,Aqua,MODIS,65,61.03,309,9.8,D,0
30.1234,75.4763,325.3,1.2,1.1,2026-05-08,1011,Aqua,MODIS,61,61.03,308.4,9.6,D,0
30.1475,75.5923,326.4,1.2,1.1,2026-05-08,1011,Aqua,MODIS,66,61.03,306.9,12.5,D,0
30.1531,74.6401,339.1,1.1,1,2026-05-08,1011,Aqua,MODIS,84,61.03,310,27.2,D,0
30.1546,74.6509,334.3,1.1,1,2026-05-08,1011,Aqua,MODIS,78,61.03,310.1,19,D,0
30.1572,75.1712,328.3,1.1,1.1,2026-05-08,1011,Aqua,MODIS,69,61.03,309,11.6,D,0
30.1753,74.7362,335.1,1.1,1,2026-05-08,1011,Aqua,MODIS,79,61.03,311.1,20.6,D,0
30.1811,74.7799,331.5,1.1,1,2026-05-08,1011,Aqua,MODIS,74,61.03,309.8,15.3,D,0
30.194,75.9672,326.2,1.2,1.1,2026-05-08,1011,Aqua,MODIS,68,61.03,305.9,11.4,D,0
30.2009,75.292,338.9,1.1,1.1,2026-05-08,1011,Aqua,MODIS,85,61.03,307.8,29.4,D,0
30.2087,75.279,328.3,1.1,1.1,2026-05-08,1011,Aqua,MODIS,44,61.03,308.4,11.4,D,0
30.214,75.1731,324.9,1.1,1.1,2026-05-08,1011,Aqua,MODIS,46,61.03,307.8,6.9,D,0
30.216,74.8344,332.6,1.1,1,2026-05-08,1011,Aqua,MODIS,77,61.03,310,17.2,D,0
30.2203,74.8675,325.8,1.1,1,2026-05-08,1011,Aqua,MODIS,62,61.03,309,8.5,D,0
30.2307,75.2284,326,1.1,1.1,2026-05-08,1011,Aqua,MODIS,63,61.03,308.4,9.1,D,0
30.2309,75.9485,324.6,1.2,1.1,2026-05-08,1011,Aqua,MODIS,64,61.03,306.5,9,D,0
30.2403,76.5214,324.8,1.3,1.1,2026-05-08,1011,Aqua,MODIS,67,61.03,304,13.9,D,0
30.2433,74.8296,327,1.1,1,2026-05-08,1011,Aqua,MODIS,65,61.03,309.1,9.8,D,0
30.2557,75.2173,331.1,1.1,1.1,2026-05-08,1011,Aqua,MODIS,75,61.03,309,16.6,D,2
30.2602,75.0313,324.5,1.1,1.1,2026-05-08,1011,Aqua,MODIS,54,61.03,309.1,9.3,D,0
30.2651,75.7257,325.4,1.2,1.1,2026-05-08,1011,Aqua,MODIS,65,61.03,307.4,9.8,D,0
30.2956,76.7325,324,1.4,1.2,2026-05-08,1011,Aqua,MODIS,66,61.03,303.6,13.1,D,0
30.2972,76.7462,326.7,1.4,1.2,2026-05-08,1011,Aqua,MODIS,72,61.03,303.3,18.6,D,0
30.3146,75.1606,328.7,1.1,1.1,2026-05-08,1011,Aqua,MODIS,70,61.03,307.6,13.9,D,0
30.3461,76.1416,321.4,1.3,1.1,2026-05-08,1011,Aqua,MODIS,52,61.03,303.9,9.1,D,0
30.3668,76.2295,321.9,1.3,1.1,2026-05-08,1011,Aqua,MODIS,57,61.03,303.7,8.7,D,0
30.4267,76.0441,324.1,1.3,1.1,2026-05-08,1011,Aqua,MODIS,64,61.03,303.6,12.3,D,0
30.441,76.4097,321.7,1.3,1.1,2026-05-08,1011,Aqua,MODIS,58,61.03,303.5,8.8,D,0
30.4547,76.6119,324.1,1.3,1.1,2026-05-08,1011,Aqua,MODIS,66,61.03,303,14.9,D,0
30.46,76.2337,323.2,1.3,1.1,2026-05-08,1011,Aqua,MODIS,62,61.03,303.8,11.1,D,0
30.5009,76.4894,324.6,1.3,1.1,2026-05-08,1011,Aqua,MODIS,67,61.03,305.1,12.4,D,0
30.5025,76.5028,325.3,1.3,1.1,2026-05-08,1011,Aqua,MODIS,69,61.03,304.5,13.9,D,0
30.0823,72.0606,323.7,1,1,2026-05-08,1012,Aqua,MODIS,57,61.03,309.9,5.7,D,0
30.0838,72.0707,323.6,1,1,2026-05-08,1012,Aqua,MODIS,56,61.03,310,5.5,D,0
30.2547,74.4334,325.4,1.1,1,2026-05-08,1012,Aqua,MODIS,62,61.03,309.1,8.1,D,0
30.3365,74.4889,329.2,1.1,1,2026-05-08,1012,Aqua,MODIS,73,61.03,307,13.2,D,0
30.3379,74.4997,324.6,1.1,1,2026-05-08,1012,Aqua,MODIS,59,61.03,307.1,6.8,D,0
30.3635,75.1233,325.3,1.1,1.1,2026-05-08,1012,Aqua,MODIS,63,61.03,307.8,9.2,D,0
30.3819,74.4149,328.1,1.1,1,2026-05-08,1012,Aqua,MODIS,70,61.03,308.7,12.4,D,0
30.3878,74.6683,325.6,1.1,1,2026-05-08,1012,Aqua,MODIS,64,61.03,308.2,8.4,D,0
30.3893,75.1771,332.6,1.1,1.1,2026-05-08,1012,Aqua,MODIS,78,61.03,306.6,20.9,D,0
30.4043,73.9726,327.8,1,1,2026-05-08,1012,Aqua,MODIS,71,61.03,308.9,10.1,D,0
30.4214,74.3692,321.6,1.1,1,2026-05-08,1012,Aqua,MODIS,40,61.03,305.7,5.5,D,0
30.4259,75.5398,330,1.2,1.1,2026-05-08,1012,Aqua,MODIS,75,61.03,306.6,16.7,D,0
30.4323,75.2333,326,1.1,1.1,2026-05-08,1012,Aqua,MODIS,66,61.03,308,10.4,D,0
30.4358,75.1857,333.2,1.1,1.1,2026-05-08,1012,Aqua,MODIS,79,61.03,307.5,21.2,D,0
30.4376,75.4052,326.7,1.2,1.1,2026-05-08,1012,Aqua,MODIS,68,61.03,307.4,11.8,D,0
30.4409,74.0407,324.1,1,1,2026-05-08,1012,Aqua,MODIS,39,61.03,307.7,6.7,D,0
30.4484,74.0286,324.8,1,1,2026-05-08,1012,Aqua,MODIS,60,61.03,307,7.8,D,0
30.4622,74.7505,324.3,1.1,1,2026-05-08,1012,Aqua,MODIS,62,61.03,306.1,7.7,D,0
30.4693,75.4531,333.2,1.2,1.1,2026-05-08,1012,Aqua,MODIS,79,61.03,307.2,21.1,D,0
30.4816,76.2379,326.5,1.3,1.1,2026-05-08,1012,Aqua,MODIS,71,61.03,304.5,16.2,D,0
30.4831,76.2509,326.2,1.3,1.1,2026-05-08,1012,Aqua,MODIS,70,61.03,304,15.8,D,0
30.4919,74.8359,324.9,1.1,1,2026-05-08,1012,Aqua,MODIS,62,61.03,307.9,9.2,D,0
30.498,75.0297,328.8,1.1,1.1,2026-05-08,1012,Aqua,MODIS,73,61.03,308.2,15.2,D,0
30.4985,74.9604,343.7,1.1,1.1,2026-05-08,1012,Aqua,MODIS,89,61.03,307.5,38.8,D,0
30.5018,75.2568,328.1,1.1,1.1,2026-05-08,1012,Aqua,MODIS,71,61.03,308.2,12.9,D,0
30.5054,75.435,324.6,1.2,1.1,2026-05-08,1012,Aqua,MODIS,58,61.03,307.2,8.7,D,0
30.5098,74.0645,325.9,1,1,2026-05-08,1012,Aqua,MODIS,68,61.03,309,9.1,D,0
30.5109,76.4879,337,1.3,1.1,2026-05-08,1012,Aqua,MODIS,84,61.03,304.9,36.8,D,0
30.5124,76.5013,327.3,1.3,1.1,2026-05-08,1012,Aqua,MODIS,72,61.03,304.3,17.1,D,0
30.5141,74.096,324.7,1,1,2026-05-08,1012,Aqua,MODIS,65,61.03,308.4,7.1,D,0
30.5169,74.9572,326.1,1.1,1.1,2026-05-08,1012,Aqua,MODIS,47,61.03,306.4,9.4,D,0
30.5362,74.1243,325.2,1,1,2026-05-08,1012,Aqua,MODIS,66,61.03,307.1,8.1,D,0
30.5469,75.0444,324.5,1.1,1.1,2026-05-08,1012,Aqua,MODIS,58,61.03,305.1,7.5,D,0
30.5578,74.2833,324.4,1.1,1,2026-05-08,1012,Aqua,MODIS,64,61.03,307.5,7.4,D,0
30.5599,74.9267,327.4,1.1,1.1,2026-05-08,1012,Aqua,MODIS,65,61.03,306.4,11,D,0
30.5613,74.938,327.3,1.1,1.1,2026-05-08,1012,Aqua,MODIS,68,61.03,307.7,11.2,D,0
30.5619,75.7314,323.6,1.2,1.1,2026-05-08,1012,Aqua,MODIS,62,61.03,306,8.4,D,0
30.5639,75.0298,345.9,1.1,1.1,2026-05-08,1012,Aqua,MODIS,91,61.03,305.2,44.2,D,0
30.5691,76.465,323.4,1.3,1.1,2026-05-08,1012,Aqua,MODIS,64,61.03,304.3,10.6,D,0
30.5709,75.1569,323.5,1.1,1.1,2026-05-08,1012,Aqua,MODIS,44,61.03,306,7.5,D,0
30.5711,74.5899,326.7,1.1,1,2026-05-08,1012,Aqua,MODIS,70,61.03,307.8,8.9,D,0
30.5724,75.1684,328.8,1.1,1.1,2026-05-08,1012,Aqua,MODIS,73,61.03,305.2,14.3,D,0
30.5726,74.6009,337.5,1.1,1,2026-05-08,1012,Aqua,MODIS,84,61.03,308.8,25.6,D,0
30.5731,75.0282,330.6,1.1,1.1,2026-05-08,1012,Aqua,MODIS,76,61.03,305.5,16.5,D,0
30.5784,74.8596,326.2,1.1,1,2026-05-08,1012,Aqua,MODIS,68,61.03,307.6,10,D,0
30.5824,75.0266,325.3,1.1,1.1,2026-05-08,1012,Aqua,MODIS,65,61.03,305.3,9.8,D,0
30.5925,75.634,325,1.2,1.1,2026-05-08,1012,Aqua,MODIS,61,61.03,306.3,8.6,D,0
30.5992,75.9524,325.5,1.2,1.1,2026-05-08,1012,Aqua,MODIS,67,61.03,305.6,11.3,D,0
30.6085,75.6067,324.8,1.2,1.1,2026-05-08,1012,Aqua,MODIS,64,61.03,306.6,8.5,D,0
30.6145,75.6551,333.8,1.2,1.1,2026-05-08,1012,Aqua,MODIS,80,61.03,306.2,24.6,D,0
30.624,75.6535,325.8,1.2,1.1,2026-05-08,1012,Aqua,MODIS,67,61.03,305.8,11.4,D,0
30.6282,74.3304,325.1,1.1,1,2026-05-08,1012,Aqua,MODIS,67,61.03,307.1,7.4,D,0
30.6344,75.5045,337.7,1.2,1.1,2026-05-08,1012,Aqua,MODIS,84,61.03,307.7,29.5,D,0
30.6359,75.5164,326.3,1.2,1.1,2026-05-08,1012,Aqua,MODIS,68,61.03,307.2,10.2,D,0
30.6461,75.6746,321.7,1.2,1.1,2026-05-08,1012,Aqua,MODIS,52,61.03,303.8,7.1,D,0
30.6476,75.6868,322.9,1.2,1.1,2026-05-08,1012,Aqua,MODIS,58,61.03,304.6,8.9,D,0
30.6534,75.0774,326.3,1.1,1.1,2026-05-08,1012,Aqua,MODIS,69,61.03,308.1,10.2,D,0
30.6584,76.0142,321.6,1.3,1.1,2026-05-08,1012,Aqua,MODIS,49,61.03,303.2,7.9,D,0
30.6771,74.9168,324.6,1.1,1.1,2026-05-08,1012,Aqua,MODIS,51,61.03,306.1,8.4,D,0
30.6785,74.9281,325.6,1.1,1.1,2026-05-08,1012,Aqua,MODIS,62,61.03,307.7,9.2,D,0
30.6852,75.8309,328.5,1.2,1.1,2026-05-08,1012,Aqua,MODIS,73,61.03,305.4,17.9,D,0
30.7088,71.7936,324.6,1,1,2026-05-08,1012,Aqua,MODIS,58,61.03,308.8,8.3,D,0
30.7103,71.8037,325.7,1,1,2026-05-08,1012,Aqua,MODIS,62,61.03,308.2,9.8,D,0
30.7134,74.9798,330.2,1.1,1.1,2026-05-08,1012,Aqua,MODIS,76,61.03,306.5,14.9,D,0
30.7637,74.4429,326.6,1.1,1,2026-05-08,1012,Aqua,MODIS,71,61.03,306.5,11,D,0
30.7717,75.5177,320.3,1.2,1.1,2026-05-08,1012,Aqua,MODIS,42,61.03,302,8.4,D,0
30.8007,70.792,334.2,1.1,1,2026-05-08,1012,Aqua,MODIS,0,61.03,309.7,21,D,0
30.8018,74.9462,325.9,1.1,1.1,2026-05-08,1012,Aqua,MODIS,70,61.03,306.9,9.3,D,0
30.8231,71.8795,325.3,1,1,2026-05-08,1012,Aqua,MODIS,61,61.03,309.6,8.6,D,0
30.8239,74.8271,327.8,1.1,1.1,2026-05-08,1012,Aqua,MODIS,73,61.03,309,11.4,D,0
30.8342,74.9059,327.7,1.1,1.1,2026-05-08,1012,Aqua,MODIS,73,61.03,308.1,11.1,D,0
30.8456,75.0669,325.1,1.1,1.1,2026-05-08,1012,Aqua,MODIS,69,61.03,307.5,8.5,D,0
30.8553,70.73,323.7,1.1,1,2026-05-08,1012,Aqua,MODIS,44,61.03,307.5,7,D,0
30.8956,75.266,321.8,1.2,1.1,2026-05-08,1012,Aqua,MODIS,62,61.03,304.5,7.1,D,0
30.8976,75.5514,319.4,1.2,1.1,2026-05-08,1012,Aqua,MODIS,43,61.03,303.3,8.4,D,0
30.899,72.0834,322.4,1,1,2026-05-08,1012,Aqua,MODIS,45,61.03,306.1,7.7,D,0
30.922,74.7402,325.3,1.1,1,2026-05-08,1012,Aqua,MODIS,69,61.03,305.2,9.4,D,0
30.9243,71.8728,327.6,1,1,2026-05-08,1012,Aqua,MODIS,67,61.03,307.9,11.2,D,0
30.932,74.8187,328.5,1.1,1.1,2026-05-08,1012,Aqua,MODIS,75,61.03,307.5,12.2,D,0
30.9444,75.4272,323.8,1.2,1.1,2026-05-08,1012,Aqua,MODIS,66,61.03,304.8,11.5,D,0
30.9495,74.4528,325.1,1.1,1,2026-05-08,1012,Aqua,MODIS,67,61.03,305.8,10.8,D,0
30.9523,74.7577,328.1,1.1,1,2026-05-08,1012,Aqua,MODIS,75,61.03,306.1,12.1,D,0
30.9643,74.7785,325.2,1.1,1.1,2026-05-08,1012,Aqua,MODIS,70,61.03,306.1,8.8,D,0
30.9658,74.7897,331.9,1.1,1.1,2026-05-08,1012,Aqua,MODIS,80,61.03,306.3,18.5,D,0
30.9736,74.9971,328.2,1.1,1.1,2026-05-08,1012,Aqua,MODIS,76,61.03,305.4,13.4,D,2
30.9935,75.2307,323,1.2,1.1,2026-05-08,1012,Aqua,MODIS,67,61.03,304.7,7.8,D,0
31.012,75.0022,326.1,1.1,1.1,2026-05-08,1012,Aqua,MODIS,51,61.03,304.7,10,D,0
31.0135,75.0137,326.7,1.1,1.1,2026-05-08,1012,Aqua,MODIS,70,61.03,304.9,11.4,D,0
31.0146,75.096,322.2,1.1,1.1,2026-05-08,1012,Aqua,MODIS,65,61.03,304.5,7.6,D,0
31.0228,75.0121,324.1,1.1,1.1,2026-05-08,1012,Aqua,MODIS,69,61.03,304.9,8.8,D,0
31.0232,74.6707,331.2,1.1,1,2026-05-08,1012,Aqua,MODIS,80,61.03,306.7,16.7,D,0
31.0272,75.0466,332.6,1.1,1.1,2026-05-08,1012,Aqua,MODIS,81,61.03,306.3,21.4,D,0
31.0501,74.9546,323.5,1.1,1.1,2026-05-08,1012,Aqua,MODIS,32,61.03,304.8,7.7,D,0
31.0604,75.2312,323,1.2,1.1,2026-05-08,1012,Aqua,MODIS,67,61.03,304,11.2,D,0
31.0619,75.243,321.7,1.2,1.1,2026-05-08,1012,Aqua,MODIS,63,61.03,303.6,9.4,D,0
31.0641,75.1411,324,1.2,1.1,2026-05-08,1012,Aqua,MODIS,70,61.03,305,8.8,D,0
31.0701,74.9628,325.3,1.1,1.1,2026-05-08,1012,Aqua,MODIS,69,61.03,306.3,10.1,D,0
31.0871,75.1729,322.5,1.2,1.1,2026-05-08,1012,Aqua,MODIS,55,61.03,303.9,10,D,0
31.0886,75.1847,323.5,1.2,1.1,2026-05-08,1012,Aqua,MODIS,65,61.03,304.1,12.2,D,0
31.1092,74.7635,326.1,1.1,1.1,2026-05-08,1012,Aqua,MODIS,71,61.03,304.5,13.5,D,0
31.1454,76.0735,319.8,1.3,1.1,2026-05-08,1012,Aqua,MODIS,57,61.03,300.9,9.9,D,0
31.2721,75.1048,321,1.2,1.1,2026-05-08,1012,Aqua,MODIS,0,61.03,303.7,7.4,D,0
31.2993,73.701,326.6,1,1,2026-05-08,1012,Aqua,MODIS,71,61.03,305.7,11.1,D,0
31.3221,75.0484,322.4,1.1,1.1,2026-05-08,1012,Aqua,MODIS,68,61.03,304.6,7.6,D,0
31.3271,72.2043,322.1,1,1,2026-05-08,1012,Aqua,MODIS,37,61.03,307.6,7,D,0
31.4075,73.8797,322.1,1,1,2026-05-08,1012,Aqua,MODIS,60,61.03,305.1,6.6,D,0
31.4548,73.9583,323,1.1,1,2026-05-08,1012,Aqua,MODIS,64,61.03,305.9,7.6,D,0
31.5269,75.0055,322.8,1.1,1.1,2026-05-08,1012,Aqua,MODIS,69,61.03,303.4,9.4,D,0
31.538,74.651,325.2,1.1,1.1,2026-05-08,1012,Aqua,MODIS,50,61.03,303.1,13.3,D,0
31.5437,74.7663,324.1,1.1,1.1,2026-05-08,1012,Aqua,MODIS,70,61.03,305.1,8.9,D,0
31.544,75.2199,322.3,1.2,1.1,2026-05-08,1012,Aqua,MODIS,62,61.03,304.1,10,D,2
31.5469,70.5833,328.8,1.1,1,2026-05-08,1012,Aqua,MODIS,69,61.03,310.8,11.5,D,0
31.5522,74.9059,323.5,1.1,1.1,2026-05-08,1012,Aqua,MODIS,68,61.03,304.4,7.4,D,2
31.5641,75.4642,321,1.2,1.1,2026-05-08,1012,Aqua,MODIS,44,61.03,301.1,9.5,D,0
31.5658,74.0243,323.1,1.1,1,2026-05-08,1012,Aqua,MODIS,65,61.03,306,8.3,D,0
31.592,74.1525,320.8,1.1,1,2026-05-08,1012,Aqua,MODIS,59,61.03,304.7,7.2,D,0
31.6268,75.1513,320.7,1.2,1.1,2026-05-08,1012,Aqua,MODIS,58,61.03,301.6,7.4,D,0
31.653,75.2078,323.8,1.2,1.1,2026-05-08,1012,Aqua,MODIS,70,61.03,301.2,10.6,D,0
31.6891,75.1894,322.7,1.2,1.1,2026-05-08,1012,Aqua,MODIS,53,61.03,303,9.5,D,0
31.6975,73.4329,321.3,1,1,2026-05-08,1012,Aqua,MODIS,58,61.03,304.2,7.4,D,0
31.6975,74.7501,324.3,1.1,1.1,2026-05-08,1012,Aqua,MODIS,70,61.03,305,8.5,D,0
31.699,70.776,326.1,1.1,1,2026-05-08,1012,Aqua,MODIS,61,61.03,308.7,11.5,D,0
31.7034,75.1503,325.1,1.2,1.1,2026-05-08,1012,Aqua,MODIS,71,61.03,302.7,13.4,D,0
31.7082,72.2165,321.5,1,1,2026-05-08,1012,Aqua,MODIS,33,61.03,306.5,6.4,D,0
31.7088,75.1425,327.1,1.2,1.1,2026-05-08,1012,Aqua,MODIS,76,61.03,302.1,15.5,D,0
31.7105,74.1474,325.9,1.1,1,2026-05-08,1012,Aqua,MODIS,72,61.03,306.3,10.6,D,0
31.7238,74.1785,327.2,1.1,1,2026-05-08,1012,Aqua,MODIS,74,61.03,306,12.1,D,0
31.731,75.09,321.7,1.2,1.1,2026-05-08,1012,Aqua,MODIS,42,61.03,303.6,8.4,D,0
31.7325,75.1019,323.7,1.2,1.1,2026-05-08,1012,Aqua,MODIS,70,61.03,302,10.2,D,0
31.7334,74.957,329.5,1.1,1.1,2026-05-08,1012,Aqua,MODIS,78,61.03,303.9,18.3,D,0
31.7348,74.9688,333.3,1.1,1.1,2026-05-08,1012,Aqua,MODIS,82,61.03,304.9,24.5,D,0
31.735,75.1992,327.2,1.2,1.1,2026-05-08,1012,Aqua,MODIS,76,61.03,302.1,15.7,D,0
31.7427,74.9554,328.5,1.1,1.1,2026-05-08,1012,Aqua,MODIS,77,61.03,302.8,16.7,D,0
31.7433,74.8126,323.6,1.1,1.1,2026-05-08,1012,Aqua,MODIS,68,61.03,303.9,9.1,D,0
31.7442,74.9671,342.7,1.1,1.1,2026-05-08,1012,Aqua,MODIS,90,61.03,303.6,42.6,D,0
31.7517,75.4957,327.3,1.2,1.1,2026-05-08,1012,Aqua,MODIS,77,61.03,302,18.1,D,0
31.7625,75.0361,323.7,1.2,1.1,2026-05-08,1012,Aqua,MODIS,53,61.03,303.3,12,D,0
31.7714,74.1855,327.7,1.1,1,2026-05-08,1012,Aqua,MODIS,75,61.03,305,13.3,D,0
31.785,73.8062,324.5,1,1,2026-05-08,1012,Aqua,MODIS,69,61.03,304.8,10.7,D,0
31.7881,74.6698,324.6,1.1,1.1,2026-05-08,1012,Aqua,MODIS,63,61.03,303.4,10.8,D,0
31.7995,75.0605,321.3,1.2,1.1,2026-05-08,1012,Aqua,MODIS,57,61.03,302.8,8.3,D,0
31.801,75.0723,325.1,1.2,1.1,2026-05-08,1012,Aqua,MODIS,72,61.03,302.7,12.9,D,0
31.803,75.0115,321.9,1.2,1.1,2026-05-08,1012,Aqua,MODIS,42,61.03,302.9,9.7,D,0
31.8133,75.0945,326,1.2,1.1,2026-05-08,1012,Aqua,MODIS,74,61.03,303.9,13.6,D,0
31.8148,75.1065,323.4,1.2,1.1,2026-05-08,1012,Aqua,MODIS,52,61.03,304,10,D,0
31.8448,75.0405,323.1,1.2,1.1,2026-05-08,1012,Aqua,MODIS,68,61.03,301.9,11.8,D,0
31.8459,75.1255,321.7,1.2,1.1,2026-05-08,1012,Aqua,MODIS,53,61.03,303,9.2,D,0
31.8558,73.7872,321.6,1,1,2026-05-08,1012,Aqua,MODIS,54,61.03,304.9,7.1,D,0
31.8572,73.7979,325.1,1,1,2026-05-08,1012,Aqua,MODIS,70,61.03,303.8,11.2,D,0
31.8586,74.7917,323.8,1.1,1.1,2026-05-08,1012,Aqua,MODIS,69,61.03,302.2,10.4,D,0
31.8741,75.1206,325.8,1.2,1.1,2026-05-08,1012,Aqua,MODIS,73,61.03,302.6,14.5,D,0
31.8756,75.1326,326.3,1.2,1.1,2026-05-08,1012,Aqua,MODIS,58,61.03,303.3,14.7,D,0
31.9019,74.7604,317.7,1.1,1.1,2026-05-08,1012,Aqua,MODIS,46,61.03,300.9,5.4,D,0
31.9431,74.8601,319.6,1.1,1.1,2026-05-08,1012,Aqua,MODIS,31,61.03,302.6,8.3,D,0
31.9719,75.0847,324.4,1.2,1.1,2026-05-08,1012,Aqua,MODIS,51,61.03,302.7,11.5,D,0
31.9903,75.0393,324.6,1.2,1.1,2026-05-08,1012,Aqua,MODIS,67,61.03,301.8,14,D,0
32.0442,74.1625,323.3,1.1,1,2026-05-08,1012,Aqua,MODIS,65,61.03,304.3,10.4,D,0
32.0486,70.9263,325.7,1,1,2026-05-08,1012,Aqua,MODIS,60,61.03,309.6,9.4,D,0
32.0523,75.1512,322.2,1.2,1.1,2026-05-08,1012,Aqua,MODIS,51,61.03,300.9,10.8,D,0
32.0861,73.4413,322.4,1,1,2026-05-08,1012,Aqua,MODIS,62,61.03,304.8,7.1,D,0
32.1327,73.716,320.5,1,1,2026-05-08,1012,Aqua,MODIS,58,61.03,303.8,6.7,D,0
32.145,74.5814,321.1,1.1,1.1,2026-05-08,1012,Aqua,MODIS,58,61.03,303,8.4,D,0
32.1578,71.3345,325.7,1,1,2026-05-08,1012,Aqua,MODIS,50,61.03,310.3,7,D,0
32.1593,71.3448,339.3,1,1,2026-05-08,1012,Aqua,MODIS,85,61.03,309.4,26.3,D,0
32.1636,73.6715,319.3,1,1,2026-05-08,1012,Aqua,MODIS,30,61.03,303.6,5.9,D,0
32.1651,73.6822,322.8,1,1,2026-05-08,1012,Aqua,MODIS,57,61.03,303.5,10,D,0
32.2018,74.4478,326.3,1.1,1,2026-05-08,1012,Aqua,MODIS,74,61.03,300.2,14.2,D,0
32.2155,73.6506,320.7,1,1,2026-05-08,1012,Aqua,MODIS,59,61.03,304.4,7,D,0
32.2375,73.7456,321.6,1.1,1,2026-05-08,1012,Aqua,MODIS,63,61.03,303.7,8.5,D,0
32.2399,74.4525,327.2,1.1,1,2026-05-08,1012,Aqua,MODIS,65,61.03,304.8,14.4,D,0
32.2414,74.4639,322.6,1.1,1.1,2026-05-08,1012,Aqua,MODIS,37,61.03,301.6,8,D,0
32.3069,74.4813,321.7,1.1,1.1,2026-05-08,1012,Aqua,MODIS,51,61.03,300.1,9.8,D,0
32.3525,71.8928,325.9,1,1,2026-05-08,1012,Aqua,MODIS,67,61.03,307.1,10.5,D,0
32.3853,74.5899,325.1,1.1,1.1,2026-05-08,1012,Aqua,MODIS,64,61.03,303.2,13.6,D,0
32.4417,71.671,333.7,1,1,2026-05-08,1012,Aqua,MODIS,81,61.03,308,18.5,D,0
32.5176,74.3958,334,1.1,1.1,2026-05-08,1012,Aqua,MODIS,83,61.03,304.4,26.6,D,0
32.5191,74.4072,328,1.1,1.1,2026-05-08,1012,Aqua,MODIS,70,61.03,304,17.5,D,0
32.5661,73.5812,318.9,1,1,2026-05-08,1012,Aqua,MODIS,56,61.03,303.2,5.9,D,0
32.6015,71.4436,321.5,1,1,2026-05-08,1012,Aqua,MODIS,27,61.03,307.8,7.2,D,0
32.6324,71.2333,322.8,1,1,2026-05-08,1012,Aqua,MODIS,37,61.03,308,6.4,D,0
32.8201,74.4694,319.3,1.1,1.1,2026-05-08,1012,Aqua,MODIS,65,61.03,302.9,8.5,D,0
15.8434,78.5968,306.6,1.8,1.3,2026-05-08,1508,Terra,MODIS,63,61.03,290.6,10.6,N,0
16.2106,80.5789,308.2,1.3,1.1,2026-05-08,1509,Terra,MODIS,71,61.03,294.7,8.1,N,0
16.5552,80.4134,314.7,1.3,1.1,2026-05-08,1509,Terra,MODIS,89,61.03,289.2,15,N,0
16.7427,78.6482,308.4,1.7,1.3,2026-05-08,1509,Terra,MODIS,71,61.03,295.9,9.6,N,0
17.0616,80.2309,309,1.3,1.1,2026-05-08,1509,Terra,MODIS,76,61.03,291.8,9.8,N,0
17.2017,80.2671,305.8,1.3,1.1,2026-05-08,1509,Terra,MODIS,64,61.03,293.2,6.4,N,0
17.249,80.247,305.3,1.3,1.1,2026-05-08,1509,Terra,MODIS,61,61.03,293.3,5.4,N,0
17.5149,80.7785,305.6,1.2,1.1,2026-05-08,1509,Terra,MODIS,60,61.03,293.6,6,N,0
17.9243,79.6987,308.1,1.4,1.2,2026-05-08,1509,Terra,MODIS,69,61.03,296.7,6.9,N,0
17.9333,79.8232,306.5,1.3,1.1,2026-05-08,1509,Terra,MODIS,60,61.03,296,5.7,N,0
18.0765,79.9469,311.3,1.3,1.1,2026-05-08,1509,Terra,MODIS,79,61.03,295.9,11.3,N,0
19.0959,82.1654,311.6,1,1,2026-05-08,1509,Terra,MODIS,83,61.03,295.1,9.5,N,2
20.7896,85.2635,307.5,1.2,1.1,2026-05-08,1510,Terra,MODIS,16,61.03,295.7,6.6,N,2
20.9634,85.182,308.8,1.2,1.1,2026-05-08,1510,Terra,MODIS,49,61.03,289.4,9.9,N,2
21.0101,77.9359,313.3,1.6,1.2,2026-05-08,1510,Terra,MODIS,81,61.03,298,16,N,0
21.0126,77.9505,313.3,1.6,1.2,2026-05-08,1510,Terra,MODIS,81,61.03,298.5,15.4,N,0
21.5902,77.124,308.8,1.8,1.3,2026-05-08,1510,Terra,MODIS,68,61.03,297.4,10.5,N,0
21.591,77.1346,308,1.8,1.3,2026-05-08,1510,Terra,MODIS,64,61.03,297.2,10,N,0
21.7405,83.836,310,1,1,2026-05-08,1510,Terra,MODIS,77,61.03,296.7,5.9,N,0
21.7417,83.8458,311.1,1,1,2026-05-08,1510,Terra,MODIS,81,61.03,296.9,7.1,N,2
21.7507,83.8445,311.2,1,1,2026-05-08,1510,Terra,MODIS,81,61.03,296.9,6.8,N,2
21.7596,83.8431,310.5,1,1,2026-05-08,1510,Terra,MODIS,67,61.03,296.5,6,N,2
21.7901,78.3392,305.7,1.4,1.2,2026-05-08,1510,Terra,MODIS,57,61.03,295.3,7.4,N,0
21.8788,79.2162,309.8,1.3,1.1,2026-05-08,1510,Terra,MODIS,77,61.03,293.3,12.2,N,0
21.925,83.3453,307.2,1,1,2026-05-08,1510,Terra,MODIS,50,61.03,292.5,5.4,N,2
22.0398,83.7258,309,1,1,2026-05-08,1510,Terra,MODIS,76,61.03,295.1,6.2,N,2
22.0411,83.7356,311.8,1,1,2026-05-08,1510,Terra,MODIS,83,61.03,296.2,8.4,N,2
22.2095,79.5523,308.6,1.2,1.1,2026-05-08,1510,Terra,MODIS,75,61.03,292.9,10.4,N,0
22.2218,76.8948,312.1,1.8,1.3,2026-05-08,1510,Terra,MODIS,79,61.03,297.4,15.8,N,0
22.2247,76.9113,308.9,1.8,1.3,2026-05-08,1510,Terra,MODIS,67,61.03,296.4,11.1,N,0
22.2784,77.0192,308.4,1.7,1.3,2026-05-08,1510,Terra,MODIS,64,61.03,295.8,11.7,N,0
22.3052,77.3092,305.6,1.7,1.3,2026-05-08,1510,Terra,MODIS,48,61.03,295.6,8.5,N,0
22.3078,77.3246,306.5,1.7,1.3,2026-05-08,1510,Terra,MODIS,55,61.03,296.2,9,N,0
22.387,80.226,304.6,1.1,1.1,2026-05-08,1510,Terra,MODIS,61,61.03,294.4,5.5,N,0
22.4134,76.9964,311.4,1.7,1.3,2026-05-08,1510,Terra,MODIS,77,61.03,297,15.8,N,0
22.5469,76.8951,305.6,1.8,1.3,2026-05-08,1510,Terra,MODIS,50,61.03,295.4,8.6,N,0
22.6452,79.2534,306.3,1.2,1.1,2026-05-08,1510,Terra,MODIS,60,61.03,295,6.5,N,0
22.7043,77.068,313.7,1.7,1.3,2026-05-08,1510,Terra,MODIS,43,61.03,294,24.8,N,0
23.1635,82.3376,311.1,1,1,2026-05-08,1510,Terra,MODIS,82,61.03,296.6,7.9,N,2
23.7368,86.4336,307.4,1.5,1.2,2026-05-08,1510,Terra,MODIS,70,61.03,293.5,10.9,N,2
23.4136,77.9597,308.7,1.4,1.2,2026-05-08,1511,Terra,MODIS,72,61.03,295.5,10.4,N,0
23.5327,78.0546,309,1.4,1.2,2026-05-08,1511,Terra,MODIS,35,61.03,294.1,11.9,N,0
23.5949,78.1778,311,1.4,1.2,2026-05-08,1511,Terra,MODIS,79,61.03,296.6,11.1,N,0
23.6418,77.7268,310,1.5,1.2,2026-05-08,1511,Terra,MODIS,45,61.03,297.1,10.4,N,0
23.6739,74.963,314.8,2.3,1.5,2026-05-08,1511,Terra,MODIS,88,61.03,297.5,31.5,N,0
23.7108,79.3708,312.3,1.2,1.1,2026-05-08,1511,Terra,MODIS,82,61.03,296.3,10,N,0
23.7144,76.7441,311.2,1.7,1.3,2026-05-08,1511,Terra,MODIS,79,61.03,297.3,15.6,N,0
24.3077,77.8856,308,1.4,1.2,2026-05-08,1511,Terra,MODIS,69,61.03,296.9,7.6,N,0
24.3104,77.8913,307.3,1.4,1.2,2026-05-08,1511,Terra,MODIS,68,61.03,297,6.8,N,0
24.5525,77.1492,308.6,1.5,1.2,2026-05-08,1511,Terra,MODIS,71,61.03,297.5,8.1,N,0
24.5572,77.1395,310.6,1.6,1.2,2026-05-08,1511,Terra,MODIS,79,61.03,296.9,11,N,0
24.6835,76.7884,309.9,1.6,1.3,2026-05-08,1511,Terra,MODIS,74,61.03,298.3,10.2,N,0
24.6849,76.7819,309.9,1.6,1.3,2026-05-08,1511,Terra,MODIS,75,61.03,298.1,11,N,0
24.6876,76.7973,311.7,1.6,1.3,2026-05-08,1511,Terra,MODIS,80,61.03,298.3,13.6,N,0
24.9678,81.9752,305.7,1,1,2026-05-08,1511,Terra,MODIS,57,61.03,295.3,4.6,N,0
25.0032,82.0381,306.5,1,1,2026-05-08,1511,Terra,MODIS,61,61.03,295.6,4.8,N,0
25.0045,82.0477,308.4,1,1,2026-05-08,1511,Terra,MODIS,69,61.03,295.7,5.9,N,0
25.0131,82.2435,306.7,1,1,2026-05-08,1511,Terra,MODIS,62,61.03,296.3,4.3,N,0
25.0676,82.0313,314.5,1,1,2026-05-08,1511,Terra,MODIS,88,61.03,296.2,10.3,N,0
25.0689,82.0409,310.2,1,1,2026-05-08,1511,Terra,MODIS,75,61.03,296.1,6.9,N,0
25.1735,83.2571,306.4,1.1,1,2026-05-08,1511,Terra,MODIS,63,61.03,295.6,5.2,N,0
25.1748,83.2673,313.7,1.1,1,2026-05-08,1511,Terra,MODIS,86,61.03,295.9,10.9,N,0
25.6519,76.344,316.9,1.7,1.3,2026-05-08,1511,Terra,MODIS,93,61.03,297.9,25.7,N,0
26.2278,80.8241,310.4,1,1,2026-05-08,1511,Terra,MODIS,77,61.03,297.6,7.2,N,0
23.6814,86.3988,302.9,1.9,1.4,2026-05-08,2215,Aqua,MODIS,52,61.03,292.3,13.5,N,2
23.7768,86.215,302,1.9,1.3,2026-05-08,2215,Aqua,MODIS,46,61.03,291.1,11.4,N,2
20.9672,85.1828,306.6,1.8,1.3,2026-05-08,2216,Aqua,MODIS,44,61.03,289.2,19.4,N,2
20.9702,85.1663,307.1,1.8,1.3,2026-05-08,2216,Aqua,MODIS,43,61.03,291.6,19,N,2
21.1926,81.4214,304.6,1.1,1,2026-05-08,2216,Aqua,MODIS,61,61.03,294.5,4.9,N,2
21.7518,83.8463,306.8,1.4,1.2,2026-05-08,2216,Aqua,MODIS,42,61.03,289,11.9,N,2
22.0401,83.7348,306.3,1.4,1.2,2026-05-08,2216,Aqua,MODIS,67,61.03,294.6,9.6,N,2
23.1253,77.6266,305.2,1.2,1.1,2026-05-08,2216,Aqua,MODIS,18,61.03,294.9,5.4,N,0
23.1665,82.3487,303.8,1.1,1.1,2026-05-08,2216,Aqua,MODIS,57,61.03,293.7,5.6,N,2
23.1683,82.3382,307.2,1.1,1.1,2026-05-08,2216,Aqua,MODIS,71,61.03,294.3,7.9,N,2
15.1838,76.675,306,1.1,1,2026-05-08,2218,Aqua,MODIS,38,61.03,294.5,4.7,N,2