latitude,longitude,brightness,scan,track,acq_date,acq_time,satellite,instrument,confidence,version,bright_t31,frp,daynight,type
32.8548,95.5295,309.7,1.7,1.3,2026-05-19,312,Terra,MODIS,67,61.03,288.4,19.3,D,0
28.5312,92.8867,303.9,1.4,1.2,2026-05-19,313,Terra,MODIS,32,61.03,291.4,7.5,D,0
28.5671,92.7409,303.7,1.4,1.2,2026-05-19,313,Terra,MODIS,42,61.03,291.5,7.2,D,0
29.1507,92.5302,303.8,1.3,1.1,2026-05-19,313,Terra,MODIS,49,61.03,288.4,6.3,D,0
29.5526,90.9988,314,1.1,1,2026-05-19,313,Terra,MODIS,56,61.03,296,6.6,D,0
29.6341,91.2408,311.4,1.1,1,2026-05-19,313,Terra,MODIS,45,61.03,295.8,4.9,D,0
29.6452,91.2884,313.4,1.1,1,2026-05-19,313,Terra,MODIS,72,61.03,294.6,7.6,D,0
29.6666,91.2136,316.4,1.1,1,2026-05-19,313,Terra,MODIS,77,61.03,292.2,10.2,D,0
29.6684,91.2024,313.5,1.1,1,2026-05-19,313,Terra,MODIS,61,61.03,293.4,7.8,D,0
29.6968,91.379,310.3,1.1,1.1,2026-05-19,313,Terra,MODIS,68,61.03,294.2,5.8,D,0
31.4349,91.986,306.4,1.1,1.1,2026-05-19,313,Terra,MODIS,59,61.03,291.2,3.2,D,0
31.482,93.6764,305.6,1.4,1.2,2026-05-19,313,Terra,MODIS,59,61.03,287.9,10.8,D,0
31.7294,93.7971,302.5,1.4,1.2,2026-05-19,313,Terra,MODIS,35,61.03,288.4,6.9,D,0
31.8041,92.8302,306.2,1.2,1.1,2026-05-19,313,Terra,MODIS,53,61.03,292.6,5.1,D,0
32.1068,92.3023,307.1,1.1,1.1,2026-05-19,313,Terra,MODIS,64,61.03,289.6,6.1,D,0
32.1087,92.2905,306.1,1.1,1.1,2026-05-19,313,Terra,MODIS,60,61.03,292.3,5.3,D,0
23.414,83.6183,319.3,1.4,1.2,2026-05-19,315,Terra,MODIS,54,61.03,304,12.2,D,0
23.6605,87.1572,315,1,1,2026-05-19,315,Terra,MODIS,60,61.03,297.9,5.6,D,2
23.6729,86.3992,317.5,1,1,2026-05-19,315,Terra,MODIS,21,61.03,302.4,6.8,D,2
23.6772,86.0944,323.9,1.1,1,2026-05-19,315,Terra,MODIS,69,61.03,303.4,12.8,D,2
23.7329,86.4347,322.7,1,1,2026-05-19,315,Terra,MODIS,38,61.03,304.2,9.2,D,2
23.7726,86.2072,316.7,1.1,1,2026-05-19,315,Terra,MODIS,25,61.03,302.2,6.3,D,2
23.7816,86.2087,323.1,1.1,1,2026-05-19,315,Terra,MODIS,73,61.03,303.5,12.8,D,2
23.7997,86.3506,320.3,1,1,2026-05-19,315,Terra,MODIS,47,61.03,303.9,7.6,D,2
23.8023,86.3307,320.7,1,1,2026-05-19,315,Terra,MODIS,52,61.03,304.4,8.2,D,2
25.0329,87.3813,315.7,1,1,2026-05-19,315,Terra,MODIS,48,61.03,298.8,6,D,0
25.0343,87.3716,314.8,1,1,2026-05-19,315,Terra,MODIS,39,61.03,298.9,5,D,2
20.962,86.0048,318,1,1,2026-05-19,316,Terra,MODIS,41,61.03,297.4,5.7,D,2
20.9625,85.186,324,1.1,1,2026-05-19,316,Terra,MODIS,36,61.03,302.2,10.8,D,2
20.9638,85.1758,327.3,1.1,1,2026-05-19,316,Terra,MODIS,60,61.03,302,14.4,D,2
21.0734,85.0418,319.3,1.1,1,2026-05-19,316,Terra,MODIS,63,61.03,299.9,8.3,D,2
18.2996,84.0827,318.3,1.1,1.1,2026-05-19,317,Terra,MODIS,43,61.03,302.1,6.6,D,0
18.3185,84.0101,321.9,1.2,1.1,2026-05-19,317,Terra,MODIS,68,61.03,303.1,9.6,D,0
14.8912,78.1154,317.3,2.7,1.6,2026-05-19,318,Terra,MODIS,34,61.03,292.8,22.7,D,0
16.8625,94.8743,313.8,1,1,2026-05-19,855,Aqua,MODIS,52,61.03,293.9,6.7,D,0
17.3031,94.9942,316.4,1,1,2026-05-19,855,Aqua,MODIS,62,61.03,299,5.7,D,0
17.3037,96.1727,324.9,1.1,1,2026-05-19,855,Aqua,MODIS,77,61.03,301.1,15.8,D,0
17.4235,95.9726,319.1,1.1,1,2026-05-19,855,Aqua,MODIS,65,61.03,298.5,9.6,D,0
19.2211,93.745,339.6,1,1,2026-05-19,856,Aqua,MODIS,89,61.03,295.6,36.5,D,0
19.9779,83.6333,318.4,4.1,1.9,2026-05-19,857,Aqua,MODIS,58,61.03,294.6,62.3,D,0
19.985,83.6238,316.2,4.1,1.9,2026-05-19,857,Aqua,MODIS,43,61.03,294.7,45.7,D,0
23.9404,92.3232,313.9,1,1,2026-05-19,857,Aqua,MODIS,65,61.03,296.5,6.8,D,0
24.2863,96.1671,320.7,1.3,1.1,2026-05-19,857,Aqua,MODIS,73,61.03,294.8,16.5,D,0
24.7863,95.2609,328.2,1.2,1.1,2026-05-19,857,Aqua,MODIS,81,61.03,300.1,20,D,0
24.7957,95.2594,334.2,1.2,1.1,2026-05-19,857,Aqua,MODIS,86,61.03,299.9,29.5,D,0
24.7972,95.2706,319.5,1.2,1.1,2026-05-19,857,Aqua,MODIS,71,61.03,299.3,7.4,D,0
24.9828,93.9669,308.2,1,1,2026-05-19,857,Aqua,MODIS,32,61.03,293.7,4.1,D,0
25.2521,95.8777,315.6,1.3,1.1,2026-05-19,857,Aqua,MODIS,65,61.03,296.4,8.9,D,0
25.2536,95.89,315.1,1.3,1.1,2026-05-19,857,Aqua,MODIS,62,61.03,295.9,7.9,D,0
23.7726,86.2065,319.7,2.2,1.4,2026-05-19,858,Aqua,MODIS,63,61.03,302.4,23.4,D,2
25.7631,94.6979,311.2,1.1,1.1,2026-05-19,858,Aqua,MODIS,26,61.03,296,5.1,D,0
29.4471,93.4316,302.8,1.1,1,2026-05-19,859,Aqua,MODIS,35,61.03,290.3,3.7,D,0
29.5107,81.1319,312.3,3.6,1.8,2026-05-19,859,Aqua,MODIS,49,61.03,295.6,39.1,D,0
29.5148,81.1381,312.8,3.6,1.8,2026-05-19,859,Aqua,MODIS,45,61.03,295.7,39.5,D,0
30.2929,79.182,312.9,4.7,2,2026-05-19,900,Aqua,MODIS,30,61.03,297.8,42.5,D,0
9.3254,77.6296,316.8,2.1,1.4,2026-05-19,1032,Aqua,MODIS,56,61.03,289.9,17.5,D,0
22.2954,72.0884,331.9,1.3,1.1,2026-05-19,1035,Aqua,MODIS,48,61.03,314.7,11.6,D,0
22.3053,72.087,334.8,1.3,1.1,2026-05-19,1035,Aqua,MODIS,73,61.03,316.5,16.8,D,0
22.9091,72.4289,325.6,1.4,1.2,2026-05-19,1035,Aqua,MODIS,61,61.03,303,11.8,D,2
22.9568,70.0249,340.3,1.1,1,2026-05-19,1035,Aqua,MODIS,87,61.03,313.6,29.9,D,0
23.6805,75.7149,335.4,2.5,1.5,2026-05-19,1035,Aqua,MODIS,76,61.03,315.8,50.9,D,0
23.0518,69.0622,325.4,1,1,2026-05-19,1036,Aqua,MODIS,51,61.03,309.4,6.6,D,0
23.0531,69.0717,335.9,1,1,2026-05-19,1036,Aqua,MODIS,80,61.03,309.6,20.5,D,0
23.4021,69.3714,344,1,1,2026-05-19,1036,Aqua,MODIS,88,61.03,313.2,34.3,D,0
23.8678,73.8914,328.7,1.8,1.3,2026-05-19,1036,Aqua,MODIS,58,61.03,312,20.3,D,0
24.0838,69.5668,327.3,1,1,2026-05-19,1036,Aqua,MODIS,69,61.03,313.3,8.3,D,0
24.2583,73.9041,369.1,1.9,1.3,2026-05-19,1036,Aqua,MODIS,100,61.03,310.5,244.3,D,0
24.2602,73.9215,345.6,1.9,1.3,2026-05-19,1036,Aqua,MODIS,89,61.03,308.9,96.7,D,0
24.4171,74.076,328.6,1.9,1.4,2026-05-19,1036,Aqua,MODIS,52,61.03,308.9,24.6,D,0
25.9944,77.1907,328.6,3.4,1.7,2026-05-19,1036,Aqua,MODIS,53,61.03,309.6,58.6,D,0
25.9983,77.1955,328.4,3.4,1.7,2026-05-19,1036,Aqua,MODIS,51,61.03,309.5,57.6,D,0
30.7859,74.7319,334.1,2.6,1.6,2026-05-19,1037,Aqua,MODIS,79,61.03,320.3,47.7,D,0
30.7911,74.7389,333.9,2.6,1.6,2026-05-19,1037,Aqua,MODIS,77,61.03,319.7,44.8,D,0
23.7592,94.4662,313.3,1.2,1.1,2026-05-19,1409,Terra,MODIS,85,61.03,296.2,10.3,N,0
23.9332,96.3279,305.6,1,1,2026-05-19,1409,Terra,MODIS,55,61.03,295.3,3.5,N,0
27.3749,95.3338,306.9,1,1,2026-05-19,1410,Terra,MODIS,68,61.03,295.1,5,N,0
15.4699,79.2727,311.8,1.7,1.3,2026-05-19,1545,Terra,MODIS,74,61.03,297.4,10.9,N,0
15.4713,79.2818,311.3,1.7,1.3,2026-05-19,1545,Terra,MODIS,73,61.03,297.4,10.3,N,0
15.7054,78.6393,309.5,1.5,1.2,2026-05-19,1545,Terra,MODIS,65,61.03,294.7,8.7,N,0
15.7071,78.6532,309,1.5,1.2,2026-05-19,1545,Terra,MODIS,63,61.03,295,8,N,0
16.7102,78.245,310.6,1.5,1.2,2026-05-19,1546,Terra,MODIS,46,61.03,287.3,13.8,N,0
16.7119,78.2586,311.7,1.5,1.2,2026-05-19,1546,Terra,MODIS,73,61.03,289.4,14.7,N,0
18.1992,79.0464,307.1,1.8,1.3,2026-05-19,1546,Terra,MODIS,60,61.03,288.5,10.2,N,0
18.1998,79.0363,309.9,1.8,1.3,2026-05-19,1546,Terra,MODIS,72,61.03,288.3,13.2,N,0
19.3732,71.3545,312,1.1,1.1,2026-05-19,1547,Terra,MODIS,77,61.03,297.1,8,N,3
20.1075,75.8414,308.7,1.2,1.1,2026-05-19,1547,Terra,MODIS,58,61.03,296,5.2,N,0
20.2997,74.973,306.2,1.1,1,2026-05-19,1547,Terra,MODIS,36,61.03,293.2,4,N,0
21.1156,76.2204,315.1,1.3,1.1,2026-05-19,1547,Terra,MODIS,86,61.03,301.9,10,N,0
21.789,75.9593,312.3,1.2,1.1,2026-05-19,1547,Terra,MODIS,71,61.03,301.6,7.8,N,0
21.7903,75.9709,312,1.2,1.1,2026-05-19,1547,Terra,MODIS,70,61.03,301.9,7.6,N,0
21.8218,76.5907,314,1.4,1.2,2026-05-19,1547,Terra,MODIS,82,61.03,302.5,9.6,N,0
21.9599,78.7715,308,1.9,1.4,2026-05-19,1547,Terra,MODIS,63,61.03,292.8,12.6,N,0
22.0266,78.1081,305.5,1.7,1.3,2026-05-19,1547,Terra,MODIS,29,61.03,279.1,11.5,N,0
22.1432,76.9016,315.4,1.4,1.2,2026-05-19,1547,Terra,MODIS,87,61.03,298,14.5,N,0
22.2748,76.9131,328.5,1.4,1.2,2026-05-19,1547,Terra,MODIS,100,61.03,301.4,35.4,N,0
22.2763,76.9267,325.1,1.4,1.2,2026-05-19,1547,Terra,MODIS,100,61.03,301.5,28.9,N,0
22.3601,76.9508,316.3,1.4,1.2,2026-05-19,1547,Terra,MODIS,89,61.03,300.4,15.5,N,0
22.3616,76.9645,316.5,1.5,1.2,2026-05-19,1547,Terra,MODIS,89,61.03,300.5,15.6,N,0
22.5474,76.6141,314.1,1.4,1.2,2026-05-19,1547,Terra,MODIS,81,61.03,301.4,10.5,N,0
22.6955,75.9686,312.8,1.3,1.1,2026-05-19,1547,Terra,MODIS,76,61.03,298.2,10.8,N,0
22.698,75.9747,310.9,1.3,1.1,2026-05-19,1547,Terra,MODIS,52,61.03,296.6,9.9,N,0
23.5626,78.1636,310.9,1.8,1.3,2026-05-19,1547,Terra,MODIS,67,61.03,296.8,14.2,N,0
22.9275,70.107,315.6,1.2,1.1,2026-05-19,1548,Terra,MODIS,86,61.03,301.2,11.9,N,0
23.5725,78.1738,310,1.8,1.3,2026-05-19,1548,Terra,MODIS,60,61.03,296.1,13.6,N,0
23.6425,77.4109,312.7,1.6,1.3,2026-05-19,1548,Terra,MODIS,75,61.03,299.3,13.3,N,0
23.7167,75.9779,311.8,1.3,1.1,2026-05-19,1548,Terra,MODIS,73,61.03,300.7,8.1,N,0
23.8796,76.1564,312.8,1.3,1.2,2026-05-19,1548,Terra,MODIS,77,61.03,298.8,9.6,N,0
23.8876,76.4084,312.7,1.4,1.2,2026-05-19,1548,Terra,MODIS,77,61.03,301.6,9.2,N,0
24.2591,73.9133,323.9,1.1,1,2026-05-19,1548,Terra,MODIS,100,61.03,298.4,19,N,0
24.2604,73.9233,310.9,1.1,1,2026-05-19,1548,Terra,MODIS,67,61.03,298.3,6,N,0
30.3567,77.6674,311.6,2.1,1.4,2026-05-19,1549,Terra,MODIS,83,61.03,301.2,16.4,N,0
30.8419,70.7467,312.9,1,1,2026-05-19,1550,Terra,MODIS,79,61.03,300.8,7.6,N,0
25.6277,96.3047,323.9,1.2,1.1,2026-05-19,2103,Aqua,MODIS,100,61.03,294.4,27.5,N,0
32.5495,75.5197,310.9,1,1,2026-05-19,2239,Aqua,MODIS,81,61.03,297.5,8.4,N,0
29.8146,79.0333,302.3,1.2,1.1,2026-05-19,2240,Aqua,MODIS,48,61.03,291.6,6.5,N,0
30.3132,79.0685,307.9,1.2,1.1,2026-05-19,2240,Aqua,MODIS,73,61.03,293,10,N,0
30.4629,77.8657,310.2,1.1,1,2026-05-19,2240,Aqua,MODIS,79,61.03,298.4,9.4,N,0
20.6366,75.841,306.7,1.1,1.1,2026-05-19,2242,Aqua,MODIS,64,61.03,295.7,5.5,N,0
21.105,72.6451,324.2,1,1,2026-05-19,2242,Aqua,MODIS,94,61.03,297.8,0,N,2
22.071,78.1929,320.5,1.5,1.2,2026-05-19,2242,Aqua,MODIS,100,61.03,298.5,28,N,0
22.2495,77.4723,308.9,1.3,1.1,2026-05-19,2242,Aqua,MODIS,72,61.03,297.4,9.3,N,0
19.3686,71.3563,311.4,1.1,1,2026-05-19,2243,Aqua,MODIS,75,61.03,294.9,8.4,N,3
29.2983,88.8826,313.4,3.3,1.7,2026-05-20,352,Terra,MODIS,35,61.03,298.6,25.4,D,0
30.0126,81.6811,305.2,1.1,1.1,2026-05-20,352,Terra,MODIS,52,61.03,292,8.5,D,0
30.0147,81.6686,306.1,1.1,1.1,2026-05-20,352,Terra,MODIS,60,61.03,287.8,9.3,D,0
30.0886,78.8341,318.8,1,1,2026-05-20,352,Terra,MODIS,69,61.03,302.4,8.6,D,0
30.2119,79.3344,313.2,1,1,2026-05-20,352,Terra,MODIS,59,61.03,300.5,5.5,D,0
30.2133,79.3244,312.4,1,1,2026-05-20,352,Terra,MODIS,62,61.03,300.5,5,D,0
30.2829,79.1508,315.6,1,1,2026-05-20,352,Terra,MODIS,44,61.03,302.9,7.5,D,0
30.2832,79.2294,326.8,1,1,2026-05-20,352,Terra,MODIS,82,61.03,303.7,17.5,D,0
30.2846,79.2194,354.7,1,1,2026-05-20,352,Terra,MODIS,97,61.03,304.3,65.8,D,0
30.2909,79.3654,321.1,1,1,2026-05-20,352,Terra,MODIS,78,61.03,300.1,13.3,D,0
30.3045,79.0778,315.7,1,1,2026-05-20,352,Terra,MODIS,69,61.03,302.2,6.3,D,0
30.3059,79.0677,325.4,1,1,2026-05-20,352,Terra,MODIS,80,61.03,301.4,15.8,D,0
30.3891,77.4767,322.6,1.1,1,2026-05-20,352,Terra,MODIS,19,61.03,310,7.2,D,0
30.3968,77.4893,327.5,1.1,1,2026-05-20,352,Terra,MODIS,72,61.03,311,14.4,D,0
30.4233,78.6093,318.1,1,1,2026-05-20,352,Terra,MODIS,69,61.03,302.4,8.9,D,0
31.101,75.9864,329.4,1.3,1.1,2026-05-20,352,Terra,MODIS,75,61.03,314.3,13.9,D,0
32.2564,74.9037,324.8,1.5,1.2,2026-05-20,352,Terra,MODIS,69,61.03,309.2,14.8,D,0
32.7744,74.6454,325.9,1.6,1.3,2026-05-20,352,Terra,MODIS,74,61.03,308.4,16.7,D,0
26.3812,79.1816,332.9,1,1,2026-05-20,353,Terra,MODIS,75,61.03,310.2,17.2,D,0
26.4055,79.5178,327.8,1,1,2026-05-20,353,Terra,MODIS,65,61.03,312.4,9.8,D,0
26.4447,80.229,334,1.1,1,2026-05-20,353,Terra,MODIS,79,61.03,308.5,21.4,D,0
26.8939,79.22,327.4,1,1,2026-05-20,353,Terra,MODIS,69,61.03,309.7,9.7,D,0
28.0082,81.5189,319.8,1.2,1.1,2026-05-20,353,Terra,MODIS,49,61.03,302.4,7.1,D,0
28.639,81.4143,314.4,1.1,1.1,2026-05-20,353,Terra,MODIS,45,61.03,300.3,6.3,D,0
28.902,77.4492,322.8,1.1,1,2026-05-20,353,Terra,MODIS,53,61.03,309,8.1,D,0
29.596,79.3725,314.1,1,1,2026-05-20,353,Terra,MODIS,55,61.03,301.5,5.5,D,0
29.7163,79.1133,319,1,1,2026-05-20,353,Terra,MODIS,62,61.03,306.7,7.7,D,0
29.7946,79.4179,319.7,1,1,2026-05-20,353,Terra,MODIS,72,61.03,301.9,11.5,D,0
29.8022,79.0321,316.5,1,1,2026-05-20,353,Terra,MODIS,52,61.03,301.4,9.4,D,0
22.9741,77.6549,331.8,1,1,2026-05-20,354,Terra,MODIS,78,61.03,310.3,14.9,D,0
23.1407,76.1825,326.7,1.1,1,2026-05-20,354,Terra,MODIS,58,61.03,310.1,7.7,D,0
23.1448,75.3139,324.9,1.1,1.1,2026-05-20,354,Terra,MODIS,53,61.03,309.2,8.9,D,0
23.2027,77.598,330.6,1,1,2026-05-20,354,Terra,MODIS,74,61.03,311.6,12.2,D,0
23.5006,75.6801,332.2,1.1,1,2026-05-20,354,Terra,MODIS,64,61.03,310.6,17.4,D,0
23.6287,79.1654,329.2,1,1,2026-05-20,354,Terra,MODIS,68,61.03,313.9,8,D,0
23.66,78.2077,328.3,1,1,2026-05-20,354,Terra,MODIS,63,61.03,313.7,8.1,D,0
23.7037,76.6507,335.5,1,1,2026-05-20,354,Terra,MODIS,78,61.03,312.2,19.7,D,0
23.705,76.6409,330.7,1,1,2026-05-20,354,Terra,MODIS,69,61.03,312.6,12.7,D,0
23.7506,78.481,326.1,1,1,2026-05-20,354,Terra,MODIS,51,61.03,310.1,7.3,D,0
23.9569,78.2729,327.6,1,1,2026-05-20,354,Terra,MODIS,57,61.03,312.4,6.8,D,0
24.0047,80.5493,327.7,1.2,1.1,2026-05-20,354,Terra,MODIS,64,61.03,310.9,11.7,D,0
24.0155,69.5441,319.6,2.9,1.6,2026-05-20,354,Terra,MODIS,50,61.03,301.7,26.2,D,0
24.1424,76.4042,328.5,1.1,1,2026-05-20,354,Terra,MODIS,64,61.03,312.1,9.2,D,0
24.3044,75.6643,328,1.1,1.1,2026-05-20,354,Terra,MODIS,62,61.03,312.2,10.9,D,0
24.5108,77.0907,325.5,1,1,2026-05-20,354,Terra,MODIS,40,61.03,311.6,7.4,D,0
24.622,80.8028,328.1,1.2,1.1,2026-05-20,354,Terra,MODIS,60,61.03,312.8,8.5,D,0
24.6985,78.8823,328.7,1,1,2026-05-20,354,Terra,MODIS,64,61.03,311.2,10.8,D,0
24.715,79.2588,327.4,1,1,2026-05-20,354,Terra,MODIS,58,61.03,312.4,7.8,D,0
24.7806,78.2459,325.9,1,1,2026-05-20,354,Terra,MODIS,54,61.03,310.5,7.9,D,0
24.8261,80.566,328.8,1.2,1.1,2026-05-20,354,Terra,MODIS,63,61.03,312,11.6,D,0
25.1211,77.1354,333.7,1,1,2026-05-20,354,Terra,MODIS,75,61.03,312.8,17.2,D,0
25.1225,77.1255,333.3,1,1,2026-05-20,354,Terra,MODIS,75,61.03,312.8,16.7,D,0
25.2186,77.6337,325.8,1,1,2026-05-20,354,Terra,MODIS,47,61.03,312.1,7,D,0
25.5,79.8149,329.8,1.1,1,2026-05-20,354,Terra,MODIS,67,61.03,312.7,10.5,D,0
25.6054,78.225,328.8,1,1,2026-05-20,354,Terra,MODIS,64,61.03,312,9.3,D,0
25.6057,76.3292,330.4,1.1,1,2026-05-20,354,Terra,MODIS,70,61.03,312.3,12.4,D,0
25.673,81.0576,323.9,1.2,1.1,2026-05-20,354,Terra,MODIS,32,61.03,308.8,7.3,D,0
25.6749,81.0462,324.7,1.2,1.1,2026-05-20,354,Terra,MODIS,48,61.03,309.5,8.5,D,0
25.8367,80.2113,329.5,1.1,1,2026-05-20,354,Terra,MODIS,69,61.03,313.1,10.5,D,0
25.897,77.9951,324.7,1,1,2026-05-20,354,Terra,MODIS,40,61.03,310.6,5.6,D,0
25.8983,77.9854,332,1,1,2026-05-20,354,Terra,MODIS,73,61.03,310.9,15,D,0
25.957,77.2309,326.7,1,1,2026-05-20,354,Terra,MODIS,59,61.03,309.7,9.7,D,0
25.9754,78.2831,332.2,1,1,2026-05-20,354,Terra,MODIS,73,61.03,313.7,13.5,D,0
25.9924,79.31,329.5,1,1,2026-05-20,354,Terra,MODIS,68,61.03,311.4,12,D,0
26.1183,79.146,327,1,1,2026-05-20,354,Terra,MODIS,60,61.03,310.9,9.3,D,0
26.2746,77.5411,327.6,1,1,2026-05-20,354,Terra,MODIS,61,61.03,312.6,8.2,D,0
18.8465,79.0008,322.1,1.1,1.1,2026-05-20,355,Terra,MODIS,63,61.03,298.6,10.4,D,0
18.9627,78.8449,318.3,1.1,1.1,2026-05-20,355,Terra,MODIS,38,61.03,297.4,6.2,D,0
19.0434,78.0035,327.4,1,1,2026-05-20,355,Terra,MODIS,72,61.03,302.3,12.5,D,0
19.0524,78.0049,328.6,1,1,2026-05-20,355,Terra,MODIS,74,61.03,302,13.3,D,0
19.0624,77.9378,323.6,1,1,2026-05-20,355,Terra,MODIS,54,61.03,302.3,7.2,D,0
19.0645,78.0463,324,1,1,2026-05-20,355,Terra,MODIS,64,61.03,302.3,7.9,D,0
19.0692,78.0767,325.9,1,1,2026-05-20,355,Terra,MODIS,70,61.03,301.8,10.7,D,0
19.0703,78.0079,333.8,1,1,2026-05-20,355,Terra,MODIS,81,61.03,303.2,19.6,D,0
19.0746,77.9791,326.7,1,1,2026-05-20,355,Terra,MODIS,43,61.03,302.7,9.9,D,0
19.0749,78.0382,327.9,1,1,2026-05-20,355,Terra,MODIS,64,61.03,303.2,10.8,D,0
19.0925,78.0475,325.9,1,1,2026-05-20,355,Terra,MODIS,69,61.03,303,9.8,D,0
19.1614,78.2636,326.8,1.1,1,2026-05-20,355,Terra,MODIS,70,61.03,304.4,13.3,D,0
19.1673,78.1647,324.8,1.1,1,2026-05-20,355,Terra,MODIS,65,61.03,304.7,9,D,0
19.1745,78.051,324.7,1,1,2026-05-20,355,Terra,MODIS,66,61.03,305.2,7.6,D,0
19.1746,78.1163,325.1,1,1,2026-05-20,355,Terra,MODIS,62,61.03,304.6,8.3,D,0
19.1748,77.8648,326.9,1,1,2026-05-20,355,Terra,MODIS,26,61.03,305.1,8.6,D,0
19.1808,77.8853,328.2,1,1,2026-05-20,355,Terra,MODIS,60,61.03,306.4,10.1,D,0
19.1836,78.1178,326.2,1,1,2026-05-20,355,Terra,MODIS,69,61.03,305.6,9.6,D,0
19.1879,78.0889,331.4,1,1,2026-05-20,355,Terra,MODIS,77,61.03,306.2,14.6,D,0
19.205,78.2807,323.9,1.1,1,2026-05-20,355,Terra,MODIS,62,61.03,304.3,8.9,D,0
19.2108,77.8766,329.8,1,1,2026-05-20,355,Terra,MODIS,75,61.03,307.7,12,D,0
19.2468,77.9411,328.5,1,1,2026-05-20,355,Terra,MODIS,73,61.03,307.1,10,D,0
19.2476,78.244,331.1,1.1,1,2026-05-20,355,Terra,MODIS,73,61.03,305,17.7,D,0
19.256,78.0014,325.4,1,1,2026-05-20,355,Terra,MODIS,67,61.03,307,7.5,D,0
19.2788,78.1596,326,1,1,2026-05-20,355,Terra,MODIS,68,61.03,305.5,9.1,D,0
19.358,78.3081,322.8,1.1,1,2026-05-20,355,Terra,MODIS,47,61.03,304.5,5.9,D,0
19.3701,78.3503,324.6,1.1,1,2026-05-20,355,Terra,MODIS,27,61.03,306,7.9,D,0
19.3716,78.3404,331,1.1,1,2026-05-20,355,Terra,MODIS,77,61.03,306.4,15.8,D,0
19.4093,78.7618,320,1.1,1,2026-05-20,355,Terra,MODIS,47,61.03,300,7.8,D,0
19.431,78.1904,326.5,1,1,2026-05-20,355,Terra,MODIS,68,61.03,302.8,12.1,D,0
19.4324,78.1808,327.3,1,1,2026-05-20,355,Terra,MODIS,70,61.03,303.4,13.7,D,0
19.5317,78.1343,322.8,1,1,2026-05-20,355,Terra,MODIS,56,61.03,304.3,6,D,0
19.6253,79.9412,322.6,1.2,1.1,2026-05-20,355,Terra,MODIS,67,61.03,300.6,11.3,D,0
19.6289,79.9358,326.6,1.2,1.1,2026-05-20,355,Terra,MODIS,74,61.03,301,16.7,D,0
19.6724,80.0386,322,1.3,1.1,2026-05-20,355,Terra,MODIS,62,61.03,301.8,11.5,D,0
19.6834,78.6612,329.6,1.1,1,2026-05-20,355,Terra,MODIS,74,61.03,305.9,15.4,D,0
19.6956,78.4596,324.1,1.1,1,2026-05-20,355,Terra,MODIS,53,61.03,305.6,8.4,D,0
20.0529,78.357,328.9,1.1,1,2026-05-20,355,Terra,MODIS,61,61.03,309.4,11.7,D,0
20.2159,80.1122,325.5,1.3,1.1,2026-05-20,355,Terra,MODIS,70,61.03,303.3,13.7,D,0
20.278,77.9631,327.3,1,1,2026-05-20,355,Terra,MODIS,67,61.03,309.4,8.5,D,0
20.2794,77.9536,326.1,1,1,2026-05-20,355,Terra,MODIS,63,61.03,309.2,7,D,0
20.2795,79.3014,323.9,1.1,1.1,2026-05-20,355,Terra,MODIS,45,61.03,302.4,11.2,D,0
20.4906,80.3916,330.8,1.3,1.1,2026-05-20,355,Terra,MODIS,78,61.03,304.6,24.4,D,0
20.7755,78.1016,330.5,1,1,2026-05-20,355,Terra,MODIS,70,61.03,310.8,11.6,D,0
21.0243,78.5971,342.2,1.1,1,2026-05-20,355,Terra,MODIS,87,61.03,310.8,33.2,D,0
21.0258,78.5874,326.3,1.1,1,2026-05-20,355,Terra,MODIS,61,61.03,309.2,8.4,D,0
21.0942,78.8081,335.4,1.1,1,2026-05-20,355,Terra,MODIS,80,61.03,312.4,21,D,0
21.0957,78.7981,334.4,1.1,1,2026-05-20,355,Terra,MODIS,79,61.03,311.6,19.3,D,0
21.1895,78.7286,327.2,1.1,1,2026-05-20,355,Terra,MODIS,66,61.03,310.7,8.8,D,0
21.3566,71.3805,325.3,1.9,1.4,2026-05-20,355,Terra,MODIS,68,61.03,306.3,17.8,D,0
21.4896,77.3765,327.9,1,1,2026-05-20,355,Terra,MODIS,67,61.03,306.8,12.6,D,0
21.5771,77.923,325.9,1,1,2026-05-20,355,Terra,MODIS,59,61.03,310,7.6,D,0
21.6821,77.1318,331.6,1,1,2026-05-20,355,Terra,MODIS,74,61.03,308.2,15.7,D,0
22.0396,77.5468,326.5,1,1,2026-05-20,355,Terra,MODIS,66,61.03,309.9,8.2,D,0
22.1154,73.4977,323.8,1.4,1.2,2026-05-20,355,Terra,MODIS,52,61.03,304.1,12.7,D,0
22.2196,78.8264,328.6,1,1,2026-05-20,355,Terra,MODIS,73,61.03,311.4,11.6,D,0
22.2514,79.8112,341.9,1.1,1.1,2026-05-20,355,Terra,MODIS,88,61.03,310.4,38.7,D,0
22.2531,79.8006,340.8,1.1,1.1,2026-05-20,355,Terra,MODIS,87,61.03,311.2,35.3,D,0
22.3331,79.5331,328.1,1.1,1,2026-05-20,355,Terra,MODIS,68,61.03,312.4,8.8,D,0
22.3423,79.5347,327.5,1.1,1,2026-05-20,355,Terra,MODIS,67,61.03,311.9,8.4,D,0
22.3873,79.4256,328.2,1.1,1,2026-05-20,355,Terra,MODIS,72,61.03,309.9,11.6,D,0
22.3957,79.4231,326.1,1.1,1,2026-05-20,355,Terra,MODIS,62,61.03,310.9,8.3,D,0
22.6295,77.0836,322.9,1,1,2026-05-20,355,Terra,MODIS,35,61.03,308,4.8,D,0
15.8219,80.1349,326.2,1.5,1.2,2026-05-20,356,Terra,MODIS,77,61.03,301.6,17.5,D,2
15.8324,80.1367,329.9,1.5,1.2,2026-05-20,356,Terra,MODIS,81,61.03,302.2,25.8,D,0
15.8911,78.1302,327.2,1.1,1.1,2026-05-20,356,Terra,MODIS,79,61.03,294.5,16.9,D,0
16.4553,78.4216,324,1.1,1.1,2026-05-20,356,Terra,MODIS,74,61.03,296.9,12.9,D,0
16.5007,79.6266,320,1.3,1.1,2026-05-20,356,Terra,MODIS,61,61.03,296.4,11.4,D,0
16.6742,78.5119,320.5,1.1,1.1,2026-05-20,356,Terra,MODIS,66,61.03,298.4,9.3,D,0
16.7859,82.0285,328.3,1.9,1.4,2026-05-20,356,Terra,MODIS,77,61.03,298.6,36.5,D,0
16.7922,82.0233,326.6,1.9,1.4,2026-05-20,356,Terra,MODIS,75,61.03,299.1,30.1,D,0
16.8748,82.0089,319.8,1.9,1.4,2026-05-20,356,Terra,MODIS,62,61.03,298.8,14.2,D,0
17.5848,80.1059,328.8,1.4,1.2,2026-05-20,356,Terra,MODIS,79,61.03,304.2,20.5,D,0
17.5869,80.0935,332.2,1.4,1.2,2026-05-20,356,Terra,MODIS,83,61.03,304.2,27.1,D,0
17.612,79.1515,319.7,1.2,1.1,2026-05-20,356,Terra,MODIS,67,61.03,293,10.4,D,0
17.761,79.8418,320.3,1.3,1.1,2026-05-20,356,Terra,MODIS,68,61.03,295.3,10.8,D,0
17.8615,80.5017,323.4,1.4,1.2,2026-05-20,356,Terra,MODIS,72,61.03,295,19.5,D,0
17.9122,79.159,315.4,1.2,1.1,2026-05-20,356,Terra,MODIS,49,61.03,290.1,5.5,D,0
17.9139,79.1481,315.3,1.2,1.1,2026-05-20,356,Terra,MODIS,50,61.03,289.6,5.9,D,0
18.0261,79.8566,321.5,1.3,1.1,2026-05-20,356,Terra,MODIS,65,61.03,300.3,8.9,D,0
18.2765,79.3817,326.3,1.2,1.1,2026-05-20,356,Terra,MODIS,75,61.03,295.3,17.6,D,0
18.2782,79.3707,320.5,1.2,1.1,2026-05-20,356,Terra,MODIS,63,61.03,295.3,10,D,0
18.2825,79.4056,323.8,1.2,1.1,2026-05-20,356,Terra,MODIS,71,61.03,294.9,15.6,D,0
18.3296,79.4432,318.1,1.2,1.1,2026-05-20,356,Terra,MODIS,40,61.03,294.6,7.2,D,0
18.3875,79.0175,319.1,1.2,1.1,2026-05-20,356,Terra,MODIS,25,61.03,295,7,D,0
18.3969,79.0191,318.5,1.2,1.1,2026-05-20,356,Terra,MODIS,20,61.03,294.5,6.5,D,0
18.549,78.4635,320.8,1.1,1,2026-05-20,356,Terra,MODIS,55,61.03,293.5,10.5,D,0
18.6123,79.1333,321.1,1.2,1.1,2026-05-20,356,Terra,MODIS,62,61.03,299.4,8.4,D,0
18.6443,79.2108,328.7,1.2,1.1,2026-05-20,356,Terra,MODIS,67,61.03,300.2,20,D,0
18.6469,79.2557,326.2,1.2,1.1,2026-05-20,356,Terra,MODIS,73,61.03,298.6,16.5,D,0
18.8273,78.3954,318.8,1.1,1,2026-05-20,356,Terra,MODIS,37,61.03,297.4,5.6,D,0
18.9214,77.7661,321.7,1,1,2026-05-20,356,Terra,MODIS,57,61.03,300.8,5.8,D,0
13.8054,79.3874,320.1,1.4,1.2,2026-05-20,357,Terra,MODIS,68,61.03,298.1,15.6,D,0
14.5845,78.151,320.3,1.2,1.1,2026-05-20,357,Terra,MODIS,62,61.03,296.5,8.6,D,0
14.8381,78.0133,324.5,1.1,1.1,2026-05-20,357,Terra,MODIS,71,61.03,298.3,11.5,D,0
9.8835,78.8217,325.8,1.5,1.2,2026-05-20,358,Terra,MODIS,79,61.03,297.7,25,D,0
10.4793,77.9402,314,1.3,1.1,2026-05-20,358,Terra,MODIS,57,61.03,293.7,7.2,D,0
26.6298,96.2382,318.7,4.3,1.9,2026-05-20,758,Aqua,MODIS,72,61.03,293.5,89.8,D,0
26.6407,96.2419,316.3,4.3,1.9,2026-05-20,758,Aqua,MODIS,56,61.03,293.6,71.6,D,0
28.6577,96.0226,300.6,4,1.9,2026-05-20,759,Aqua,MODIS,24,61.03,287.8,21.4,D,0
13.8582,79.2325,320.2,2.2,1.4,2026-05-20,933,Aqua,MODIS,65,61.03,295.9,29.6,D,0
13.8588,79.2278,319.2,2.2,1.4,2026-05-20,933,Aqua,MODIS,61,61.03,295.8,28.7,D,0
15.9565,79.3469,323.7,2,1.4,2026-05-20,934,Aqua,MODIS,58,61.03,299.2,14.9,D,0
16.2303,79.986,326.4,1.8,1.3,2026-05-20,934,Aqua,MODIS,68,61.03,300.8,23.8,D,0
16.338,80.6079,340.7,1.6,1.2,2026-05-20,934,Aqua,MODIS,87,61.03,304.8,47.5,D,2
16.4242,80.0337,333.6,1.7,1.3,2026-05-20,934,Aqua,MODIS,80,61.03,303.9,37.2,D,0
16.6784,81.5863,339.3,1.3,1.1,2026-05-20,934,Aqua,MODIS,85,61.03,306.5,40.9,D,0
16.6804,81.5982,344,1.3,1.1,2026-05-20,934,Aqua,MODIS,89,61.03,305.4,53.2,D,0
16.7306,81.2162,324.1,1.4,1.2,2026-05-20,934,Aqua,MODIS,47,61.03,302.4,17.3,D,0
16.7548,82.1913,321.4,1.2,1.1,2026-05-20,934,Aqua,MODIS,46,61.03,293.9,9.8,D,0
16.7594,82.1962,320.7,1.2,1.1,2026-05-20,934,Aqua,MODIS,36,61.03,293.3,9.7,D,0
16.7723,82.034,328.2,1.2,1.1,2026-05-20,934,Aqua,MODIS,71,61.03,303.6,14.7,D,0
16.7742,82.0452,334.4,1.2,1.1,2026-05-20,934,Aqua,MODIS,80,61.03,303.5,26,D,0
16.7765,81.9986,327,1.3,1.1,2026-05-20,934,Aqua,MODIS,68,61.03,305.2,11,D,0
16.7838,82.0435,325.1,1.2,1.1,2026-05-20,934,Aqua,MODIS,57,61.03,303.3,9,D,0
16.7892,82.0771,335,1.2,1.1,2026-05-20,934,Aqua,MODIS,81,61.03,303.5,28.1,D,0
16.8459,82.0948,328,1.2,1.1,2026-05-20,934,Aqua,MODIS,70,61.03,300.6,16.8,D,0
17.0895,80.9554,329.7,1.4,1.2,2026-05-20,934,Aqua,MODIS,75,61.03,303.2,22.6,D,0
17.197,81.6083,326,1.3,1.1,2026-05-20,934,Aqua,MODIS,29,61.03,303,11.3,D,0
17.3518,80.8636,330.6,1.4,1.2,2026-05-20,934,Aqua,MODIS,78,61.03,307.1,25.8,D,0
17.354,80.8766,328.6,1.4,1.2,2026-05-20,934,Aqua,MODIS,75,61.03,306.5,21.1,D,0
18.0212,79.7524,326.8,1.7,1.3,2026-05-20,934,Aqua,MODIS,64,61.03,302,20.5,D,0
18.3168,79.2584,328,1.8,1.3,2026-05-20,934,Aqua,MODIS,72,61.03,301.9,25.4,D,0
19.1262,78.0317,330.4,2.2,1.4,2026-05-20,934,Aqua,MODIS,70,61.03,307.2,27.4,D,0
19.1737,78.0822,327.3,2.1,1.4,2026-05-20,934,Aqua,MODIS,51,61.03,304.4,17,D,0
19.2494,79.7349,328.7,1.6,1.2,2026-05-20,934,Aqua,MODIS,71,61.03,305.3,17.5,D,0
19.4246,81.0009,325.6,1.3,1.1,2026-05-20,934,Aqua,MODIS,66,61.03,303.3,18.8,D,0
19.4266,81.013,327.9,1.3,1.1,2026-05-20,934,Aqua,MODIS,71,61.03,303.4,22.9,D,0
19.823,83.5272,319.9,1,1,2026-05-20,934,Aqua,MODIS,68,61.03,291,9.3,D,0
19.8244,83.5365,316.4,1,1,2026-05-20,934,Aqua,MODIS,53,61.03,292.4,5.8,D,0
20.0972,80.4595,326.5,1.4,1.2,2026-05-20,935,Aqua,MODIS,57,61.03,308.7,12.6,D,0
20.4871,80.3854,328.9,1.4,1.2,2026-05-20,935,Aqua,MODIS,63,61.03,311.7,14,D,0
20.6862,81.5801,335.2,1.2,1.1,2026-05-20,935,Aqua,MODIS,79,61.03,312.2,22,D,0
20.76,81.8607,330.9,1.1,1.1,2026-05-20,935,Aqua,MODIS,65,61.03,312.2,12,D,0
20.7617,81.8712,332.8,1.1,1.1,2026-05-20,935,Aqua,MODIS,66,61.03,310.6,16.2,D,0
20.9041,82.0134,331.6,1.1,1,2026-05-20,935,Aqua,MODIS,69,61.03,312.8,13.2,D,0
20.9049,81.9604,337.7,1.1,1.1,2026-05-20,935,Aqua,MODIS,81,61.03,315.3,23.7,D,0
20.9115,81.8847,336.8,1.1,1.1,2026-05-20,935,Aqua,MODIS,80,61.03,314.3,22.8,D,0
20.9207,81.883,336,1.1,1.1,2026-05-20,935,Aqua,MODIS,79,61.03,312.1,20.8,D,0
20.9224,81.8934,333.6,1.1,1.1,2026-05-20,935,Aqua,MODIS,75,61.03,311.6,15.8,D,0
20.9626,82.0867,331,1.1,1,2026-05-20,935,Aqua,MODIS,70,61.03,313.7,9.7,D,0
20.963,81.9708,335.6,1.1,1.1,2026-05-20,935,Aqua,MODIS,73,61.03,310.2,20,D,0
20.97,85.1729,325.6,1,1,2026-05-20,935,Aqua,MODIS,42,61.03,295.9,10.2,D,2
21.0292,81.9848,330.3,1.1,1,2026-05-20,935,Aqua,MODIS,68,61.03,314.8,11.1,D,0
21.3423,80.6827,330.3,1.3,1.1,2026-05-20,935,Aqua,MODIS,61,61.03,310.1,19.3,D,0
21.3443,80.6947,341,1.3,1.1,2026-05-20,935,Aqua,MODIS,85,61.03,309.9,43.3,D,0
21.3464,80.7066,328.4,1.3,1.1,2026-05-20,935,Aqua,MODIS,64,61.03,309.1,17.6,D,0
21.5575,83.4837,330.7,1,1,2026-05-20,935,Aqua,MODIS,74,61.03,313.8,10.5,D,0
21.6798,85.0968,329.8,1,1,2026-05-20,935,Aqua,MODIS,78,61.03,306.4,18,D,0
21.6812,85.1066,332.5,1,1,2026-05-20,935,Aqua,MODIS,81,61.03,307.3,21.4,D,0
21.6995,85.1728,336.1,1,1,2026-05-20,935,Aqua,MODIS,85,61.03,306.1,28.3,D,0
21.7108,83.7767,325.9,1,1,2026-05-20,935,Aqua,MODIS,42,61.03,304.2,8.7,D,0
21.7172,85.1699,321.9,1,1,2026-05-20,935,Aqua,MODIS,64,61.03,305.7,9.8,D,0
21.7371,81.7729,329,1.1,1.1,2026-05-20,935,Aqua,MODIS,41,61.03,309.5,9.6,D,0
21.9164,83.3486,330.9,1,1,2026-05-20,935,Aqua,MODIS,69,61.03,315.4,10.4,D,2
21.9353,83.5948,329.5,1,1,2026-05-20,935,Aqua,MODIS,71,61.03,313,11,D,0
22.0842,83.1136,326,1,1,2026-05-20,935,Aqua,MODIS,48,61.03,311.3,7.2,D,0
22.2118,84.8747,323.3,1,1,2026-05-20,935,Aqua,MODIS,51,61.03,307.4,7.7,D,2
22.2391,77.7107,331.7,2,1.4,2026-05-20,935,Aqua,MODIS,69,61.03,310.2,34.4,D,0
23.2406,83.3427,327.9,1,1,2026-05-20,935,Aqua,MODIS,62,61.03,308.1,11.6,D,0
23.242,83.3521,324.8,1,1,2026-05-20,935,Aqua,MODIS,47,61.03,307.4,8,D,0
23.4618,83.1653,325.2,1,1,2026-05-20,935,Aqua,MODIS,66,61.03,308.9,8.1,D,0
23.6945,82.9202,325.5,1,1,2026-05-20,935,Aqua,MODIS,64,61.03,309.8,7.4,D,0
23.7601,86.3973,323.5,1.2,1.1,2026-05-20,935,Aqua,MODIS,62,61.03,301,12.4,D,2
23.7749,86.2073,328.5,1.2,1.1,2026-05-20,935,Aqua,MODIS,77,61.03,305.6,19.7,D,2
23.4875,77.793,333.7,1.8,1.3,2026-05-20,936,Aqua,MODIS,59,61.03,315.7,24.8,D,0
23.9183,78.0501,333.6,1.7,1.3,2026-05-20,936,Aqua,MODIS,69,61.03,317.3,20.3,D,0
24.2295,83.5341,337.1,1,1,2026-05-20,936,Aqua,MODIS,82,61.03,314.8,19.5,D,0
24.5485,79.2149,335.9,1.4,1.2,2026-05-20,936,Aqua,MODIS,75,61.03,317.5,23.9,D,0
24.636,83.1479,331.2,1,1,2026-05-20,936,Aqua,MODIS,69,61.03,310.6,14.4,D,0
24.8784,74.8868,337.1,2.8,1.6,2026-05-20,936,Aqua,MODIS,79,61.03,315.7,86,D,0
24.8841,74.8811,330.3,2.8,1.6,2026-05-20,936,Aqua,MODIS,65,61.03,315.3,45.4,D,0
26.0136,79.934,331.3,1.2,1.1,2026-05-20,936,Aqua,MODIS,63,61.03,315.3,9.9,D,0
26.137,78.2709,331,1.5,1.2,2026-05-20,936,Aqua,MODIS,58,61.03,313.7,15.5,D,0
26.1396,78.2851,337.1,1.5,1.2,2026-05-20,936,Aqua,MODIS,77,61.03,314.6,30.5,D,0
26.3941,79.1859,332.7,1.3,1.1,2026-05-20,936,Aqua,MODIS,70,61.03,315.2,18.2,D,0
26.8883,79.7245,342.1,1.2,1.1,2026-05-20,936,Aqua,MODIS,87,61.03,315.6,38.5,D,0
27.4809,80.2205,327.6,1.1,1.1,2026-05-20,937,Aqua,MODIS,65,61.03,314,10.1,D,0
28.3292,81.0585,328.6,1,1,2026-05-20,937,Aqua,MODIS,64,61.03,307.4,15.4,D,0
28.4247,82.1799,320.1,1,1,2026-05-20,937,Aqua,MODIS,65,61.03,302.2,9.9,D,0
28.4261,82.1897,320.9,1,1,2026-05-20,937,Aqua,MODIS,67,61.03,302.3,10.2,D,0
28.5069,79.7891,324.1,1.1,1.1,2026-05-20,937,Aqua,MODIS,59,61.03,312.5,7.2,D,0
28.6353,81.4131,318.8,1,1,2026-05-20,937,Aqua,MODIS,56,61.03,304.3,6.8,D,0
28.7152,80.7914,320.7,1,1,2026-05-20,937,Aqua,MODIS,46,61.03,305.6,6.2,D,0
28.7257,80.7999,321.2,1,1,2026-05-20,937,Aqua,MODIS,25,61.03,305.6,6.2,D,0
29.1715,81.3416,317,1,1,2026-05-20,937,Aqua,MODIS,57,61.03,304.8,6.6,D,0
29.2818,80.7973,325.4,1,1,2026-05-20,937,Aqua,MODIS,74,61.03,309.2,12,D,0
29.2835,80.8079,343.3,1,1,2026-05-20,937,Aqua,MODIS,91,61.03,309,39.1,D,0
29.2858,80.533,315.7,1,1,2026-05-20,937,Aqua,MODIS,56,61.03,303.4,7.3,D,0
29.2978,80.8994,321.3,1,1,2026-05-20,937,Aqua,MODIS,65,61.03,306.8,8.2,D,0
29.3664,80.5747,315,1,1,2026-05-20,937,Aqua,MODIS,41,61.03,300.5,7.4,D,0
29.4286,80.6085,320.3,1,1,2026-05-20,937,Aqua,MODIS,66,61.03,302.5,11.4,D,0
29.4994,79.9508,317.3,1.1,1,2026-05-20,937,Aqua,MODIS,60,61.03,304.4,6.1,D,0
29.5073,79.2703,319.6,1.2,1.1,2026-05-20,937,Aqua,MODIS,57,61.03,302,13.1,D,0
29.5499,78.603,325.5,1.2,1.1,2026-05-20,937,Aqua,MODIS,63,61.03,311.9,12.9,D,0
29.6317,79.7952,315.6,1.1,1,2026-05-20,937,Aqua,MODIS,53,61.03,303.2,7.3,D,0
29.6397,79.7872,327.7,1.1,1,2026-05-20,937,Aqua,MODIS,79,61.03,303.2,22.1,D,0
29.6415,79.7983,336,1.1,1,2026-05-20,937,Aqua,MODIS,86,61.03,301.2,35.3,D,0
29.645,79.6493,319,1.1,1.1,2026-05-20,937,Aqua,MODIS,63,61.03,305.2,8.9,D,0
29.6655,79.2192,336.3,1.2,1.1,2026-05-20,937,Aqua,MODIS,86,61.03,308,33.4,D,0
29.6674,79.2301,322.7,1.2,1.1,2026-05-20,937,Aqua,MODIS,70,61.03,307.7,12.3,D,0
29.6881,80.4925,314.6,1,1,2026-05-20,937,Aqua,MODIS,62,61.03,302.4,6.1,D,0
29.7126,79.3859,317.8,1.1,1.1,2026-05-20,937,Aqua,MODIS,54,61.03,306.1,6.4,D,0
29.7191,79.7585,320.9,1.1,1,2026-05-20,937,Aqua,MODIS,69,61.03,301.9,14.4,D,0
29.7262,79.7514,325.6,1.1,1,2026-05-20,937,Aqua,MODIS,77,61.03,304.2,17.5,D,0
29.7279,79.7617,326.9,1.1,1,2026-05-20,937,Aqua,MODIS,78,61.03,303.4,19,D,0
29.7339,79.9653,324.3,1.1,1,2026-05-20,937,Aqua,MODIS,76,61.03,308.7,12.8,D,0
29.7358,79.9769,338.3,1.1,1,2026-05-20,937,Aqua,MODIS,88,61.03,308.1,33.7,D,0
29.7551,79.252,318.5,1.1,1.1,2026-05-20,937,Aqua,MODIS,59,61.03,307.2,6.7,D,0
29.7614,79.0621,340.7,1.2,1.1,2026-05-20,937,Aqua,MODIS,89,61.03,305.7,47.5,D,0
29.7693,79.4496,316,1.1,1.1,2026-05-20,937,Aqua,MODIS,41,61.03,302.7,7.4,D,0
29.7776,79.9514,322.4,1.1,1,2026-05-20,937,Aqua,MODIS,74,61.03,306.2,12.1,D,0
29.7855,79.7713,314.3,1.1,1,2026-05-20,937,Aqua,MODIS,47,61.03,303.7,5.2,D,0
29.8378,78.649,319.5,1.2,1.1,2026-05-20,937,Aqua,MODIS,66,61.03,307.6,10.2,D,0
29.8392,78.9174,326.7,1.2,1.1,2026-05-20,937,Aqua,MODIS,77,61.03,306.5,20.7,D,0
29.8402,78.6627,325.3,1.2,1.1,2026-05-20,937,Aqua,MODIS,76,61.03,306.5,19.1,D,0
29.8405,79.7077,320.5,1.1,1,2026-05-20,937,Aqua,MODIS,70,61.03,303.5,12.5,D,0
29.8414,78.9306,326.7,1.2,1.1,2026-05-20,937,Aqua,MODIS,77,61.03,303.7,20.2,D,0
29.8443,79.3455,314.9,1.1,1.1,2026-05-20,937,Aqua,MODIS,42,61.03,304,4.1,D,0
29.8451,78.9526,319.1,1.2,1.1,2026-05-20,937,Aqua,MODIS,64,61.03,304.6,11,D,0
29.8697,75.8699,333.3,1.8,1.3,2026-05-20,937,Aqua,MODIS,70,61.03,318.1,19.9,D,0
29.896,79.4275,314.9,1.1,1.1,2026-05-20,937,Aqua,MODIS,43,61.03,303.6,5.6,D,0
29.907,79.4369,315.4,1.1,1.1,2026-05-20,937,Aqua,MODIS,27,61.03,303.6,6.7,D,0
29.9198,78.9557,317.6,1.2,1.1,2026-05-20,937,Aqua,MODIS,63,61.03,299.2,13.4,D,0
29.9216,78.9666,314.6,1.2,1.1,2026-05-20,937,Aqua,MODIS,53,61.03,300.5,10.8,D,0
29.9332,79.3184,331,1.1,1.1,2026-05-20,937,Aqua,MODIS,83,61.03,307.1,25.1,D,0
29.935,79.2727,324.1,1.1,1.1,2026-05-20,937,Aqua,MODIS,76,61.03,305.8,15.5,D,0
29.935,79.3291,321.9,1.1,1.1,2026-05-20,937,Aqua,MODIS,73,61.03,306.8,12.4,D,0
29.9368,78.5722,315.8,1.2,1.1,2026-05-20,937,Aqua,MODIS,50,61.03,304.6,7.4,D,0
29.9378,79.1762,325.1,1.2,1.1,2026-05-20,937,Aqua,MODIS,77,61.03,307.8,16.7,D,0
29.939,78.5853,318.5,1.2,1.1,2026-05-20,937,Aqua,MODIS,64,61.03,301.8,11.4,D,0
30.0618,78.8112,318.2,1.2,1.1,2026-05-20,937,Aqua,MODIS,51,61.03,305.6,7.4,D,0
30.0826,78.819,322.7,1.2,1.1,2026-05-20,937,Aqua,MODIS,74,61.03,305.8,14,D,0
30.0951,79.4504,317.5,1.1,1.1,2026-05-20,937,Aqua,MODIS,49,61.03,305.7,8,D,0
30.1303,78.7281,320.6,1.2,1.1,2026-05-20,937,Aqua,MODIS,56,61.03,305.6,10.8,D,0
30.1331,79.3443,325,1.1,1.1,2026-05-20,937,Aqua,MODIS,54,61.03,305.1,17.5,D,0
30.1348,79.3547,345.7,1.1,1.1,2026-05-20,937,Aqua,MODIS,93,61.03,307.8,53.6,D,0
30.1514,79.3407,322.4,1.1,1.1,2026-05-20,937,Aqua,MODIS,65,61.03,304.1,12.2,D,0
30.1877,78.6635,323.2,1.2,1.1,2026-05-20,937,Aqua,MODIS,73,61.03,308.4,11.8,D,0
30.2104,78.8554,318.5,1.2,1.1,2026-05-20,937,Aqua,MODIS,37,61.03,306,7.6,D,0
30.2142,78.5013,318.8,1.2,1.1,2026-05-20,937,Aqua,MODIS,55,61.03,303.5,13.1,D,0
30.2642,78.8498,318.2,1.2,1.1,2026-05-20,937,Aqua,MODIS,56,61.03,305.3,6.8,D,0
30.2683,79.0432,319,1.2,1.1,2026-05-20,937,Aqua,MODIS,61,61.03,303.3,10.9,D,0
30.2702,79.0545,318.1,1.2,1.1,2026-05-20,937,Aqua,MODIS,46,61.03,303.9,9.3,D,0
30.2781,78.7599,320,1.2,1.1,2026-05-20,937,Aqua,MODIS,62,61.03,306.5,9,D,0
30.3011,79.0675,333.6,1.2,1.1,2026-05-20,937,Aqua,MODIS,85,61.03,309.1,26.6,D,0
30.3031,79.0792,338.9,1.2,1.1,2026-05-20,937,Aqua,MODIS,89,61.03,308.8,36.7,D,0
30.3266,79.2761,315.8,1.1,1.1,2026-05-20,937,Aqua,MODIS,52,61.03,301.5,6.7,D,0
30.345,79.007,318.1,1.2,1.1,2026-05-20,937,Aqua,MODIS,54,61.03,305.4,9,D,0
30.3454,78.5546,331.8,1.2,1.1,2026-05-20,937,Aqua,MODIS,83,61.03,306,27.6,D,0
30.3475,78.5669,331,1.2,1.1,2026-05-20,937,Aqua,MODIS,73,61.03,305.8,25.8,D,0
30.3494,78.5778,326.5,1.2,1.1,2026-05-20,937,Aqua,MODIS,59,61.03,305.8,19.3,D,0
30.3513,78.5889,325.7,1.2,1.1,2026-05-20,937,Aqua,MODIS,59,61.03,306.5,18.7,D,0
30.3898,78.6104,320.7,1.2,1.1,2026-05-20,937,Aqua,MODIS,47,61.03,308.1,10.8,D,0
30.3965,77.4837,327.2,1.4,1.2,2026-05-20,937,Aqua,MODIS,74,61.03,311.3,18.1,D,0
30.4159,78.5912,325.7,1.2,1.1,2026-05-20,937,Aqua,MODIS,72,61.03,307.7,17.8,D,0
30.5966,78.5026,313.6,1.2,1.1,2026-05-20,937,Aqua,MODIS,59,61.03,301.1,8.3,D,0
30.5997,78.2156,319.4,1.3,1.1,2026-05-20,937,Aqua,MODIS,57,61.03,303.6,15.4,D,0
30.6242,78.2983,317.3,1.2,1.1,2026-05-20,937,Aqua,MODIS,56,61.03,306.1,6.1,D,0
30.6337,78.2959,327.8,1.2,1.1,2026-05-20,937,Aqua,MODIS,81,61.03,307.8,21,D,0
30.6356,78.307,331.4,1.2,1.1,2026-05-20,937,Aqua,MODIS,84,61.03,309.3,27.4,D,0
30.6559,78.2522,323.4,1.2,1.1,2026-05-20,937,Aqua,MODIS,76,61.03,307.9,14.9,D,0
30.6708,77.8014,321.7,1.3,1.1,2026-05-20,937,Aqua,MODIS,58,61.03,307.9,12.2,D,0
31.1818,75.9518,334.8,1.7,1.3,2026-05-20,938,Aqua,MODIS,83,61.03,318,26.9,D,0
31.188,75.6758,334.6,1.7,1.3,2026-05-20,938,Aqua,MODIS,83,61.03,317.2,27.7,D,0
32.1963,73.7812,328.1,2.2,1.4,2026-05-20,938,Aqua,MODIS,71,61.03,312.1,25.1,D,0
33.7616,79.196,300.4,1,1,2026-05-20,938,Aqua,MODIS,0,61.03,280.6,5.3,D,0
17.072,80.8215,306.1,2.9,1.6,2026-05-20,1447,Terra,MODIS,49,61.03,279.3,25.3,N,0
17.0762,80.8141,314.8,2.9,1.6,2026-05-20,1447,Terra,MODIS,90,61.03,280.5,55.4,N,0
17.086,80.8187,318.3,2.9,1.6,2026-05-20,1447,Terra,MODIS,97,61.03,281.3,66.4,N,0
17.0902,80.8113,315.1,2.9,1.6,2026-05-20,1447,Terra,MODIS,90,61.03,282.1,56.2,N,0
20.882,81.9554,307.9,2,1.4,2026-05-20,1448,Terra,MODIS,64,61.03,294.2,11.8,N,0
20.9542,86.0483,307.4,1.1,1,2026-05-20,1448,Terra,MODIS,68,61.03,287.7,5.8,N,0
20.9664,86.0046,308.1,1.1,1,2026-05-20,1448,Terra,MODIS,70,61.03,289.6,6,N,2
20.9685,85.1769,306.7,1.2,1.1,2026-05-20,1448,Terra,MODIS,41,61.03,278.5,8.7,N,2
22.2107,76.9303,315.6,4.3,1.9,2026-05-20,1448,Terra,MODIS,89,61.03,295.4,76.3,N,0
22.215,76.9224,316.1,4.3,1.9,2026-05-20,1448,Terra,MODIS,90,61.03,295.4,79.8,N,0
22.5765,85.8941,308.4,1.1,1,2026-05-20,1448,Terra,MODIS,59,61.03,294.5,5,N,0
23.7771,86.2087,313.8,1,1,2026-05-20,1448,Terra,MODIS,85,61.03,289.5,10.8,N,2
23.8263,84.5732,309.1,1.2,1.1,2026-05-20,1448,Terra,MODIS,61,61.03,298.9,6.5,N,0
25.5689,94.6798,319.2,2.6,1.6,2026-05-20,1449,Terra,MODIS,98,61.03,291.4,64.3,N,0
25.5731,94.6641,306.7,2.6,1.5,2026-05-20,1449,Terra,MODIS,69,61.03,291.8,26.5,N,0
25.5748,94.6841,324.3,2.6,1.6,2026-05-20,1449,Terra,MODIS,100,61.03,291.2,88,N,0
25.5826,94.6783,307.9,2.6,1.6,2026-05-20,1449,Terra,MODIS,52,61.03,291.3,28.1,N,0
27.2003,86.3883,304.4,1,1,2026-05-20,1449,Terra,MODIS,37,61.03,292.1,4.3,N,0
27.2029,86.4079,304.1,1,1,2026-05-20,1449,Terra,MODIS,48,61.03,290.5,4.5,N,0
28.3604,82.2512,304.4,1.3,1.2,2026-05-20,1450,Terra,MODIS,60,61.03,293.4,6.5,N,0
29.3815,77.0569,314.6,2.9,1.6,2026-05-20,1450,Terra,MODIS,88,61.03,299.7,43.8,N,0
29.3873,77.0848,312.3,2.9,1.6,2026-05-20,1450,Terra,MODIS,82,61.03,299.5,36.5,N,0
29.7137,79.7475,304.1,1.8,1.3,2026-05-20,1450,Terra,MODIS,31,61.03,292.5,10.3,N,0
29.7278,79.7587,309,1.8,1.3,2026-05-20,1450,Terra,MODIS,76,61.03,294.9,17.3,N,0
29.7878,79.7739,307.5,1.8,1.3,2026-05-20,1450,Terra,MODIS,72,61.03,294.6,14,N,0
29.8017,79.0307,305.3,2.1,1.4,2026-05-20,1450,Terra,MODIS,64,61.03,293.4,15.9,N,0
29.8576,79.8292,304.9,1.8,1.3,2026-05-20,1450,Terra,MODIS,62,61.03,294.7,9.5,N,0
30.0875,79.4306,305.8,1.9,1.3,2026-05-20,1450,Terra,MODIS,65,61.03,294,14.4,N,0
30.0943,79.424,303.9,1.9,1.3,2026-05-20,1450,Terra,MODIS,47,61.03,293.6,11.2,N,0
30.117,79.4152,305.5,1.9,1.3,2026-05-20,1450,Terra,MODIS,46,61.03,295.1,13.2,N,0
30.127,79.3392,325.9,1.9,1.4,2026-05-20,1450,Terra,MODIS,100,61.03,294.2,59.1,N,0
30.13,79.3549,326.5,1.9,1.4,2026-05-20,1450,Terra,MODIS,100,61.03,296.2,59.6,N,0
30.2618,79.0665,307.4,2,1.4,2026-05-20,1450,Terra,MODIS,55,61.03,294.7,16.8,N,0
30.3469,78.5396,306.3,2.2,1.4,2026-05-20,1450,Terra,MODIS,56,61.03,294.6,13.4,N,0
30.1781,75.6884,309.3,3.4,1.7,2026-05-20,1451,Terra,MODIS,77,61.03,299,35.2,N,0
30.1807,75.6941,311.8,3.4,1.7,2026-05-20,1451,Terra,MODIS,83,61.03,299.1,43.1,N,0
31.5336,76.4202,311.3,2.8,1.6,2026-05-20,1451,Terra,MODIS,82,61.03,296.1,36.3,N,0
31.5383,76.4136,309.3,2.8,1.6,2026-05-20,1451,Terra,MODIS,77,61.03,295.7,30.7,N,0
31.5399,76.4503,304.8,2.8,1.6,2026-05-20,1451,Terra,MODIS,62,61.03,293.8,17.3,N,0
31.5448,76.444,309.4,2.8,1.6,2026-05-20,1451,Terra,MODIS,77,61.03,293.9,31.6,N,0
19.3761,71.3544,307.3,2.7,1.6,2026-05-20,1626,Terra,MODIS,53,61.03,292.4,20,N,3
23.6825,86.0909,305.1,1.3,1.1,2026-05-20,2141,Aqua,MODIS,63,61.03,291.1,7,N,2
23.6859,86.3955,306.8,1.2,1.1,2026-05-20,2141,Aqua,MODIS,69,61.03,292.5,8.2,N,2
23.7665,86.4031,309.1,1.2,1.1,2026-05-20,2141,Aqua,MODIS,56,61.03,291.3,8.8,N,2
23.781,86.215,307.5,1.2,1.1,2026-05-20,2141,Aqua,MODIS,72,61.03,289.5,9.3,N,2
32.0418,73.6884,300.7,2,1.4,2026-05-20,2317,Aqua,MODIS,32,61.03,289.8,8.1,N,0
19.3717,71.3643,307.2,2.7,1.6,2026-05-20,2321,Aqua,MODIS,52,61.03,290.8,23.5,N,3
25.7024,94.8214,313.3,1.1,1,2026-05-21,254,Terra,MODIS,52,61.03,295.8,8.9,D,0
26.0668,95.7421,315.3,1.2,1.1,2026-05-21,254,Terra,MODIS,51,61.03,299.4,7.8,D,0
26.5994,95.7085,312.1,1.1,1.1,2026-05-21,254,Terra,MODIS,49,61.03,298.8,8.3,D,0
21.4106,93.9138,317.6,1.1,1,2026-05-21,255,Terra,MODIS,65,61.03,301.3,11.2,D,0
23.7753,86.2121,317.4,2.1,1.4,2026-05-21,255,Terra,MODIS,63,61.03,299.8,21.2,D,2
20.9667,85.1745,320.2,2.3,1.5,2026-05-21,256,Terra,MODIS,67,61.03,299.6,26.9,D,2
30.842,70.76,331.2,1,1,2026-05-21,431,Terra,MODIS,78,61.03,307.5,19.1,D,0
30.8436,70.7497,331.2,1,1,2026-05-21,431,Terra,MODIS,79,61.03,308.6,18.9,D,0
30.9762,72.7884,323.6,1.2,1.1,2026-05-21,431,Terra,MODIS,58,61.03,305.5,10.9,D,0
31.5522,70.7168,320,1,1,2026-05-21,431,Terra,MODIS,59,61.03,302.7,8.6,D,0
31.5913,70.5756,320.1,1,1,2026-05-21,431,Terra,MODIS,59,61.03,302.5,5.2,D,0
27.7827,68.078,322.8,1,1,2026-05-21,432,Terra,MODIS,59,61.03,308.3,6.6,D,0
28.4757,68.7439,322.7,1,1,2026-05-21,432,Terra,MODIS,58,61.03,308.7,7.3,D,0
28.477,68.7339,321.6,1,1,2026-05-21,432,Terra,MODIS,52,61.03,308.4,6.4,D,0
28.4847,69.6388,321.2,1,1,2026-05-21,432,Terra,MODIS,37,61.03,306.8,5.5,D,0
29.0738,72.2701,326,1.2,1.1,2026-05-21,432,Terra,MODIS,69,61.03,309,9.3,D,0
29.8716,75.8063,325.8,1.9,1.3,2026-05-21,432,Terra,MODIS,68,61.03,307.7,16,D,0
30.5193,70.8165,318.3,1,1,2026-05-21,432,Terra,MODIS,42,61.03,304.2,5.9,D,0
30.6407,70.6862,322.2,1,1,2026-05-21,432,Terra,MODIS,64,61.03,307,7,D,0
30.7243,70.6242,322.5,1,1,2026-05-21,432,Terra,MODIS,64,61.03,306.6,6.7,D,0
30.7259,70.6139,321.6,1,1,2026-05-21,432,Terra,MODIS,62,61.03,306.4,5.7,D,0
23.6462,68.5483,332.9,1,1,2026-05-21,433,Terra,MODIS,77,61.03,308.3,20.9,D,0
25.2324,74.7564,325,2,1.4,2026-05-21,433,Terra,MODIS,58,61.03,313.1,22.4,D,0
21.9622,69.2371,325.4,1.1,1,2026-05-21,434,Terra,MODIS,52,61.03,309.3,9.5,D,0
23.1998,69.3687,323.4,1.1,1,2026-05-21,434,Terra,MODIS,53,61.03,311.1,8,D,0
24.0348,96.6234,319.7,1.1,1,2026-05-21,835,Aqua,MODIS,69,61.03,299.9,9.9,D,0
24.1242,96.5993,317.5,1.1,1,2026-05-21,835,Aqua,MODIS,55,61.03,300.1,5.5,D,0
26.3249,96.9819,322.8,1,1,2026-05-21,836,Aqua,MODIS,79,61.03,295,14.9,D,0
27.2851,95.8887,315.8,1.1,1,2026-05-21,836,Aqua,MODIS,72,61.03,296.3,9.6,D,0
27.5364,96.2487,318.8,1,1,2026-05-21,836,Aqua,MODIS,75,61.03,295.1,12.7,D,0
27.5985,96.2817,320.7,1,1,2026-05-21,836,Aqua,MODIS,77,61.03,297.3,13.3,D,0
27.6581,96.3056,340.6,1,1,2026-05-21,836,Aqua,MODIS,91,61.03,297.7,40.1,D,0
27.6668,96.3038,312.5,1,1,2026-05-21,836,Aqua,MODIS,62,61.03,297.3,5.3,D,0
27.7021,96.2967,322.5,1,1,2026-05-21,836,Aqua,MODIS,79,61.03,299,13.9,D,0
27.7102,96.2324,312.1,1,1,2026-05-21,836,Aqua,MODIS,66,61.03,296.7,4.4,D,0
27.7118,96.2425,318.8,1,1,2026-05-21,836,Aqua,MODIS,75,61.03,297,10.2,D,0
28.7475,95.8661,326.4,1,1,2026-05-21,836,Aqua,MODIS,82,61.03,292.8,23.3,D,0
9.1815,78.5803,322.6,1.1,1,2026-05-21,1010,Aqua,MODIS,51,61.03,299.7,9.3,D,0
11.3037,76.3385,314.2,1,1,2026-05-21,1010,Aqua,MODIS,55,61.03,294.5,6.9,D,0
11.8981,78.9323,325.8,1.2,1.1,2026-05-21,1010,Aqua,MODIS,66,61.03,302.3,14.9,D,2
12.5026,80.0092,326.4,1.4,1.2,2026-05-21,1010,Aqua,MODIS,0,61.03,303.3,17.6,D,0
13.8414,79.2351,323.1,1.3,1.1,2026-05-21,1011,Aqua,MODIS,48,61.03,303.3,13.6,D,0
13.8511,79.2339,322.8,1.3,1.1,2026-05-21,1011,Aqua,MODIS,45,61.03,304,12.7,D,0
14.2274,79.2164,331,1.3,1.1,2026-05-21,1011,Aqua,MODIS,75,61.03,304.7,20.7,D,0
14.2299,79.2222,327.2,1.3,1.1,2026-05-21,1011,Aqua,MODIS,67,61.03,304.5,14.9,D,0
14.8393,77.3192,328.8,1.1,1,2026-05-21,1011,Aqua,MODIS,69,61.03,303.8,11.6,D,0
14.8988,78.8069,325,1.2,1.1,2026-05-21,1011,Aqua,MODIS,46,61.03,304.4,9.9,D,0
15.3104,78.4526,331.4,1.2,1.1,2026-05-21,1011,Aqua,MODIS,71,61.03,307.5,13.1,D,0
15.3119,78.4632,335.1,1.2,1.1,2026-05-21,1011,Aqua,MODIS,78,61.03,307.5,20.8,D,0
15.3809,78.645,325.5,1.2,1.1,2026-05-21,1011,Aqua,MODIS,41,61.03,303.4,10.6,D,0
15.7237,78.5259,332.5,1.2,1.1,2026-05-21,1011,Aqua,MODIS,73,61.03,304.9,17.3,D,0
15.8411,80.0683,331.7,1.5,1.2,2026-05-21,1011,Aqua,MODIS,74,61.03,305.3,26,D,0
16.0752,79.5697,329.3,1.4,1.2,2026-05-21,1011,Aqua,MODIS,68,61.03,306.2,20.2,D,0
16.1799,79.9267,327.6,1.5,1.2,2026-05-21,1011,Aqua,MODIS,62,61.03,304.7,19.9,D,0
16.1965,76.2189,325.1,1,1,2026-05-21,1011,Aqua,MODIS,36,61.03,304.4,4,D,0
16.3993,80.1254,329.9,1.6,1.2,2026-05-21,1011,Aqua,MODIS,69,61.03,307.3,19.3,D,0
16.4099,80.951,330.1,1.8,1.3,2026-05-21,1011,Aqua,MODIS,73,61.03,302.8,28.7,D,0
16.458,77.4129,329.8,1.1,1,2026-05-21,1012,Aqua,MODIS,57,61.03,309.8,9.7,D,0
16.5504,78.151,328.6,1.2,1.1,2026-05-21,1012,Aqua,MODIS,61,61.03,308.8,11.2,D,0
16.5561,76.5891,327.8,1,1,2026-05-21,1012,Aqua,MODIS,59,61.03,304,10.1,D,0
16.5702,78.3692,328.3,1.2,1.1,2026-05-21,1012,Aqua,MODIS,60,61.03,306.9,11.3,D,0
16.7327,74.5241,344,1,1,2026-05-21,1012,Aqua,MODIS,89,61.03,305,36.8,D,0
16.8525,74.8188,326.3,1,1,2026-05-21,1012,Aqua,MODIS,61,61.03,303.7,7.9,D,0
16.9457,76.8762,333.4,1.1,1,2026-05-21,1012,Aqua,MODIS,73,61.03,312.3,9.6,D,0
16.9543,79.504,327.5,1.4,1.2,2026-05-21,1012,Aqua,MODIS,28,61.03,306.9,14.7,D,0
16.9773,80.5297,329.4,1.7,1.3,2026-05-21,1012,Aqua,MODIS,70,61.03,306.2,22.4,D,0
16.9779,80.5398,328.7,1.7,1.3,2026-05-21,1012,Aqua,MODIS,69,61.03,306.9,20.9,D,0
17.0326,80.6124,329,1.7,1.3,2026-05-21,1012,Aqua,MODIS,70,61.03,304.9,23.3,D,0
17.0699,80.2566,328.9,1.6,1.3,2026-05-21,1012,Aqua,MODIS,69,61.03,307.8,16.6,D,0
17.0927,79.7105,331.5,1.5,1.2,2026-05-21,1012,Aqua,MODIS,74,61.03,307.8,22,D,0
17.0944,79.7243,327.7,1.5,1.2,2026-05-21,1012,Aqua,MODIS,66,61.03,307.5,13.9,D,0
17.0981,80.7665,324.7,1.8,1.3,2026-05-21,1012,Aqua,MODIS,57,61.03,302.2,16.2,D,0
17.3297,80.8837,322.1,1.9,1.3,2026-05-21,1012,Aqua,MODIS,46,61.03,289,26.9,D,0
17.3984,77.7481,339.7,1.2,1.1,2026-05-21,1012,Aqua,MODIS,82,61.03,310.4,24,D,0
17.5568,79.6566,330.4,1.5,1.2,2026-05-21,1012,Aqua,MODIS,72,61.03,308.2,20.9,D,0
17.6752,80.1461,326.7,1.6,1.3,2026-05-21,1012,Aqua,MODIS,57,61.03,307,15.3,D,0
17.8475,79.6973,330.8,1.5,1.2,2026-05-21,1012,Aqua,MODIS,72,61.03,311.1,21.9,D,0
17.8777,79.6789,329.9,1.5,1.2,2026-05-21,1012,Aqua,MODIS,70,61.03,311,18.4,D,0
17.8825,79.2438,328.2,1.4,1.2,2026-05-21,1012,Aqua,MODIS,65,61.03,309.9,15.4,D,0
17.8826,79.6713,331.5,1.5,1.2,2026-05-21,1012,Aqua,MODIS,73,61.03,311,21.8,D,0
17.8854,78.0838,326.1,1.2,1.1,2026-05-21,1012,Aqua,MODIS,44,61.03,308.3,8.4,D,0
18.0372,79.6588,330.5,1.5,1.2,2026-05-21,1012,Aqua,MODIS,71,61.03,311.2,18.8,D,2
18.039,79.6729,333.5,1.5,1.2,2026-05-21,1012,Aqua,MODIS,77,61.03,311.4,26.9,D,0
18.0608,78.0913,329,1.2,1.1,2026-05-21,1012,Aqua,MODIS,43,61.03,307.6,11.7,D,0
18.062,78.2518,327.2,1.2,1.1,2026-05-21,1012,Aqua,MODIS,51,61.03,307.9,9,D,0
18.0821,77.8863,330.4,1.2,1.1,2026-05-21,1012,Aqua,MODIS,67,61.03,310.3,12.5,D,0
18.1043,79.6286,330.9,1.5,1.2,2026-05-21,1012,Aqua,MODIS,72,61.03,309.3,22.9,D,0
18.1478,79.4204,329.4,1.5,1.2,2026-05-21,1012,Aqua,MODIS,68,61.03,310.3,19.2,D,0
18.1495,79.4341,338.6,1.5,1.2,2026-05-21,1012,Aqua,MODIS,83,61.03,308.8,43.1,D,0
18.1573,79.6732,327.4,1.6,1.2,2026-05-21,1012,Aqua,MODIS,63,61.03,309.5,13.8,D,0
18.1672,79.8672,330.2,1.6,1.2,2026-05-21,1012,Aqua,MODIS,68,61.03,310.2,22.7,D,0
18.1701,79.5999,333.2,1.5,1.2,2026-05-21,1012,Aqua,MODIS,76,61.03,310.9,25.2,D,0
18.1772,79.5706,329.5,1.5,1.2,2026-05-21,1012,Aqua,MODIS,68,61.03,309.5,17.2,D,0
18.1782,78.7646,329.3,1.3,1.1,2026-05-21,1012,Aqua,MODIS,65,61.03,310.3,16.2,D,0
18.1879,79.5691,328.7,1.5,1.2,2026-05-21,1012,Aqua,MODIS,65,61.03,310.2,15.8,D,0
18.2288,79.5001,351,1.5,1.2,2026-05-21,1012,Aqua,MODIS,94,61.03,310.1,85.3,D,0
18.235,79.2919,334.3,1.5,1.2,2026-05-21,1012,Aqua,MODIS,77,61.03,311.2,28.2,D,0
18.2394,79.4987,332.9,1.5,1.2,2026-05-21,1012,Aqua,MODIS,75,61.03,309.4,27.1,D,0
18.2606,79.4959,327,1.5,1.2,2026-05-21,1012,Aqua,MODIS,54,61.03,309.2,12.5,D,0
18.2696,79.3969,332.5,1.5,1.2,2026-05-21,1012,Aqua,MODIS,74,61.03,310.3,24.8,D,0
18.2831,78.871,328.3,1.4,1.2,2026-05-21,1012,Aqua,MODIS,61,61.03,311.1,11.6,D,0
18.2847,78.8837,331,1.4,1.2,2026-05-21,1012,Aqua,MODIS,69,61.03,310.1,17.5,D,0
18.2941,79.4214,332,1.5,1.2,2026-05-21,1012,Aqua,MODIS,73,61.03,309.7,24.3,D,0
18.2986,79.4151,330.7,1.5,1.2,2026-05-21,1012,Aqua,MODIS,67,61.03,310.7,19.1,D,0
18.3003,79.4288,332.1,1.5,1.2,2026-05-21,1012,Aqua,MODIS,74,61.03,310.2,23.2,D,0
18.3029,79.4063,332.1,1.5,1.2,2026-05-21,1012,Aqua,MODIS,69,61.03,310.5,21.5,D,0
18.3047,79.4199,339.8,1.5,1.2,2026-05-21,1012,Aqua,MODIS,80,61.03,311.3,43.5,D,0
18.3092,79.4136,337.6,1.5,1.2,2026-05-21,1012,Aqua,MODIS,77,61.03,311.2,35,D,0
18.3108,79.4274,341.3,1.5,1.2,2026-05-21,1012,Aqua,MODIS,86,61.03,311,46.4,D,0
18.3205,79.5955,329.5,1.5,1.2,2026-05-21,1012,Aqua,MODIS,69,61.03,310.2,17.9,D,0
18.3261,79.5861,334.3,1.5,1.2,2026-05-21,1012,Aqua,MODIS,77,61.03,310.1,29.6,D,0
18.3279,79.6002,331,1.5,1.2,2026-05-21,1012,Aqua,MODIS,72,61.03,309.6,21.5,D,0
18.3311,79.5941,331.2,1.5,1.2,2026-05-21,1012,Aqua,MODIS,72,61.03,310,21.2,D,0
18.3505,78.7537,331.7,1.4,1.2,2026-05-21,1012,Aqua,MODIS,70,61.03,312.6,17.3,D,0
18.3688,79.4615,328,1.5,1.2,2026-05-21,1012,Aqua,MODIS,44,61.03,309.6,12.1,D,0
18.3922,79.4233,328.6,1.5,1.2,2026-05-21,1012,Aqua,MODIS,42,61.03,310.8,14.8,D,0
18.397,79.4296,328.1,1.5,1.2,2026-05-21,1012,Aqua,MODIS,37,61.03,309.9,13.1,D,0
18.4129,79.5049,330.7,1.5,1.2,2026-05-21,1012,Aqua,MODIS,68,61.03,310.7,18.8,D,0
18.4133,79.4205,332.1,1.5,1.2,2026-05-21,1012,Aqua,MODIS,74,61.03,311,23.4,D,0
18.4304,79.5594,333.2,1.5,1.2,2026-05-21,1012,Aqua,MODIS,76,61.03,311,24.9,D,0
18.4418,79.3056,329.8,1.5,1.2,2026-05-21,1012,Aqua,MODIS,68,61.03,310.2,18.5,D,0
18.4433,79.0971,338.2,1.4,1.2,2026-05-21,1012,Aqua,MODIS,77,61.03,312,34.9,D,2
18.4457,79.0891,338.9,1.4,1.2,2026-05-21,1012,Aqua,MODIS,0,61.03,311.7,36.3,D,0
18.4474,79.1021,332.5,1.4,1.2,2026-05-21,1012,Aqua,MODIS,64,61.03,311.4,20.5,D,2
18.4838,79.4669,333.2,1.5,1.2,2026-05-21,1012,Aqua,MODIS,66,61.03,310.5,26.3,D,0
18.4872,79.4102,340.8,1.5,1.2,2026-05-21,1012,Aqua,MODIS,85,61.03,311.1,44.1,D,0
18.4894,79.4747,328.6,1.5,1.2,2026-05-21,1012,Aqua,MODIS,57,61.03,311.1,13.9,D,0
18.4899,79.3902,330.4,1.5,1.2,2026-05-21,1012,Aqua,MODIS,20,61.03,310.8,17.7,D,0
18.5161,79.4287,344.5,1.5,1.2,2026-05-21,1012,Aqua,MODIS,89,61.03,311.8,57.9,D,0
18.524,79.1527,328.3,1.4,1.2,2026-05-21,1012,Aqua,MODIS,58,61.03,310.6,14.2,D,0
18.5291,79.1925,336.3,1.5,1.2,2026-05-21,1012,Aqua,MODIS,69,61.03,310,33.9,D,0
18.5752,72.2342,311.7,1.2,1.1,2026-05-21,1012,Aqua,MODIS,51,61.03,295.6,6.6,D,3
18.6033,79.8685,329.8,1.6,1.3,2026-05-21,1012,Aqua,MODIS,70,61.03,309.9,19.4,D,0
18.6226,78.5715,334.8,1.3,1.1,2026-05-21,1012,Aqua,MODIS,75,61.03,311.9,24.1,D,0
18.6353,79.1651,330.4,1.5,1.2,2026-05-21,1012,Aqua,MODIS,67,61.03,310,18.8,D,0
18.6369,79.1783,346.9,1.5,1.2,2026-05-21,1012,Aqua,MODIS,85,61.03,309.8,65.3,D,0
18.6401,79.17,351.7,1.5,1.2,2026-05-21,1012,Aqua,MODIS,94,61.03,310.6,83.2,D,0
18.6418,79.1833,337,1.5,1.2,2026-05-21,1012,Aqua,MODIS,70,61.03,308.8,36.2,D,0
18.6627,79.3456,330.9,1.5,1.2,2026-05-21,1012,Aqua,MODIS,70,61.03,310,21.6,D,0
18.8193,78.9141,331.7,1.4,1.2,2026-05-21,1012,Aqua,MODIS,44,61.03,311.1,18.1,D,0
18.8707,79.9821,341.8,1.7,1.3,2026-05-21,1012,Aqua,MODIS,75,61.03,310.9,58.9,D,0
18.8889,79.1316,328.1,1.5,1.2,2026-05-21,1012,Aqua,MODIS,51,61.03,310.6,13.5,D,0
18.9371,78.0117,331.5,1.2,1.1,2026-05-21,1012,Aqua,MODIS,60,61.03,312.1,11.9,D,0
19.0332,79.5404,344.2,1.6,1.2,2026-05-21,1012,Aqua,MODIS,89,61.03,312.1,60.9,D,0
19.035,79.5548,331.6,1.6,1.2,2026-05-21,1012,Aqua,MODIS,73,61.03,311.5,23.1,D,0
19.1413,78.9425,328.8,1.4,1.2,2026-05-21,1012,Aqua,MODIS,61,61.03,310.8,13,D,0
19.1421,79.1159,328.9,1.5,1.2,2026-05-21,1012,Aqua,MODIS,63,61.03,311.6,14.1,D,0
19.1943,77.8626,335.6,1.2,1.1,2026-05-21,1012,Aqua,MODIS,74,61.03,313.2,17.2,D,0
19.9851,80.6949,327.7,2,1.4,2026-05-21,1012,Aqua,MODIS,64,61.03,310.3,21.1,D,0
20.2385,79.5275,343.1,1.6,1.3,2026-05-21,1012,Aqua,MODIS,87,61.03,311.6,59.8,D,0
20.2449,79.5182,335.8,1.6,1.3,2026-05-21,1012,Aqua,MODIS,77,61.03,310.4,36.4,D,0
20.2468,79.5332,341.5,1.6,1.3,2026-05-21,1012,Aqua,MODIS,85,61.03,311.4,54.1,D,0
20.317,79.5323,333.1,1.6,1.3,2026-05-21,1012,Aqua,MODIS,68,61.03,310.3,27.4,D,0
20.3943,79.9942,327.8,1.8,1.3,2026-05-21,1012,Aqua,MODIS,60,61.03,308.9,17.9,D,0
20.3947,79.9832,331.7,1.8,1.3,2026-05-21,1012,Aqua,MODIS,54,61.03,309.7,26.5,D,0
20.3943,73.4621,329.8,1,1,2026-05-21,1013,Aqua,MODIS,66,61.03,304.5,12.5,D,0
20.7034,80.0854,336.5,1.8,1.3,2026-05-21,1013,Aqua,MODIS,79,61.03,309.1,46.8,D,0
20.7053,80.1022,327.4,1.8,1.3,2026-05-21,1013,Aqua,MODIS,31,61.03,307.9,17.2,D,0
20.7149,80.084,332.7,1.8,1.3,2026-05-21,1013,Aqua,MODIS,72,61.03,310.4,33.3,D,0
20.7264,80.0825,334.7,1.8,1.3,2026-05-21,1013,Aqua,MODIS,76,61.03,309.6,41.4,D,0
20.7284,80.0993,328.7,1.8,1.3,2026-05-21,1013,Aqua,MODIS,47,61.03,309,21.5,D,0
20.7526,81.8295,325.6,2.5,1.5,2026-05-21,1013,Aqua,MODIS,57,61.03,305.2,31.3,D,0
20.8053,79.9816,329.3,1.8,1.3,2026-05-21,1013,Aqua,MODIS,62,61.03,309.9,25.6,D,0
20.9827,73.1361,334,1.1,1,2026-05-21,1013,Aqua,MODIS,77,61.03,303.4,23.3,D,0
21.1811,70.9886,327.3,1.3,1.1,2026-05-21,1013,Aqua,MODIS,46,61.03,304.9,12.3,D,0
21.3187,79.2974,341.6,1.6,1.3,2026-05-21,1013,Aqua,MODIS,84,61.03,312.9,46.9,D,0
21.3213,79.29,338.2,1.6,1.3,2026-05-21,1013,Aqua,MODIS,70,61.03,312.6,35.7,D,0
21.649,77.0725,330.6,1.2,1.1,2026-05-21,1013,Aqua,MODIS,56,61.03,312.1,12.1,D,0
21.7082,77.0473,335.1,1.2,1.1,2026-05-21,1013,Aqua,MODIS,72,61.03,313.8,15.8,D,0
21.7151,77.2515,335.2,1.2,1.1,2026-05-21,1013,Aqua,MODIS,73,61.03,314,15.4,D,0
21.8978,72.0109,329.8,1.1,1.1,2026-05-21,1013,Aqua,MODIS,39,61.03,310.4,10,D,0
21.8995,72.0215,341.6,1.1,1.1,2026-05-21,1013,Aqua,MODIS,83,61.03,310.5,31.5,D,0
21.9639,77.2242,328.9,1.2,1.1,2026-05-21,1013,Aqua,MODIS,37,61.03,309.9,10.2,D,0
21.9735,77.2227,334.2,1.2,1.1,2026-05-21,1013,Aqua,MODIS,71,61.03,311.9,19.2,D,0
22.1023,77.4038,331.2,1.3,1.1,2026-05-21,1013,Aqua,MODIS,63,61.03,312.7,12.2,D,0
22.2491,77.3638,334.6,1.3,1.1,2026-05-21,1013,Aqua,MODIS,74,61.03,312.1,19.9,D,0
22.2724,76.0845,330.5,1.1,1,2026-05-21,1013,Aqua,MODIS,54,61.03,311.4,9.5,D,0
22.2738,76.0945,339.9,1.1,1,2026-05-21,1013,Aqua,MODIS,83,61.03,312.4,25.1,D,0
22.2752,76.1048,344.8,1.1,1,2026-05-21,1013,Aqua,MODIS,88,61.03,311,34.3,D,0
22.2815,76.083,335.7,1.1,1,2026-05-21,1013,Aqua,MODIS,77,61.03,312.2,16.9,D,0
22.2829,76.0931,346.4,1.1,1,2026-05-21,1013,Aqua,MODIS,90,61.03,312.7,37.5,D,0
22.2843,76.1034,332.9,1.1,1,2026-05-21,1013,Aqua,MODIS,68,61.03,309.9,12.2,D,0
23.3731,76.11,332.4,1.1,1.1,2026-05-21,1013,Aqua,MODIS,60,61.03,316.3,9,D,0
23.521,75.7039,334.1,1.1,1,2026-05-21,1013,Aqua,MODIS,67,61.03,317.1,11.8,D,0
23.7328,79.3701,332.1,1.8,1.3,2026-05-21,1013,Aqua,MODIS,67,61.03,316.5,21.8,D,0
23.2124,72.0518,333.6,1.1,1,2026-05-21,1014,Aqua,MODIS,68,61.03,319.2,11.2,D,0
23.7508,69.2628,349,1.5,1.2,2026-05-21,1014,Aqua,MODIS,92,61.03,318.9,72.9,D,0
23.8518,74.4963,333.6,1,1,2026-05-21,1014,Aqua,MODIS,66,61.03,319.7,10.2,D,0
23.8679,74.4837,334.2,1,1,2026-05-21,1014,Aqua,MODIS,68,61.03,318.3,11.3,D,0
23.9041,73.3457,333.6,1,1,2026-05-21,1014,Aqua,MODIS,68,61.03,317.6,13.6,D,0
24.1043,73.9565,343.3,1,1,2026-05-21,1014,Aqua,MODIS,85,61.03,321.6,26.9,D,0
24.1347,73.3937,327.9,1,1,2026-05-21,1014,Aqua,MODIS,31,61.03,316,6.6,D,0
24.349,73.7287,331.8,1,1,2026-05-21,1014,Aqua,MODIS,60,61.03,318.1,9.7,D,0
24.4017,74.0901,338,1,1,2026-05-21,1014,Aqua,MODIS,78,61.03,320.5,17.9,D,0
24.4031,74.0996,332.6,1,1,2026-05-21,1014,Aqua,MODIS,65,61.03,320.2,9.9,D,0
24.4193,78.3574,331.3,1.5,1.2,2026-05-21,1014,Aqua,MODIS,55,61.03,319.8,15.7,D,0
24.4573,73.8403,333,1,1,2026-05-21,1014,Aqua,MODIS,67,61.03,319.3,11.8,D,0
24.5753,77.2512,333.9,1.3,1.1,2026-05-21,1014,Aqua,MODIS,66,61.03,321.2,15.3,D,0
24.8227,75.2429,331.5,1.1,1,2026-05-21,1014,Aqua,MODIS,54,61.03,321.1,8.4,D,0
24.8241,75.2531,335.8,1.1,1,2026-05-21,1014,Aqua,MODIS,72,61.03,321.2,14.8,D,0
24.8338,76.2239,331.1,1.2,1.1,2026-05-21,1014,Aqua,MODIS,37,61.03,320.2,9.1,D,0
24.8832,74.8768,330.2,1,1,2026-05-21,1014,Aqua,MODIS,45,61.03,318.9,8,D,0
25.2592,76.2939,331.3,1.2,1.1,2026-05-21,1014,Aqua,MODIS,33,61.03,319,9.8,D,0
25.3129,76.1525,332.9,1.2,1.1,2026-05-21,1014,Aqua,MODIS,62,61.03,322.1,11.2,D,0
25.3181,78.3284,335.3,1.6,1.2,2026-05-21,1014,Aqua,MODIS,59,61.03,319.1,24.9,D,0
25.3218,78.3377,335.5,1.6,1.2,2026-05-21,1014,Aqua,MODIS,56,61.03,319.1,24.7,D,0
25.3289,78.327,335,1.6,1.2,2026-05-21,1014,Aqua,MODIS,49,61.03,319.3,23.3,D,0
25.3826,79.825,334.3,2,1.4,2026-05-21,1014,Aqua,MODIS,72,61.03,315.2,35,D,0
25.3878,79.8171,335,2,1.4,2026-05-21,1014,Aqua,MODIS,64,61.03,316.9,33.2,D,0
25.3905,76.9976,334.7,1.3,1.1,2026-05-21,1014,Aqua,MODIS,68,61.03,322,17.3,D,0
25.5155,73.0984,330.5,1,1,2026-05-21,1014,Aqua,MODIS,48,61.03,319.9,5.9,D,0
25.6321,76.3282,331.8,1.2,1.1,2026-05-21,1014,Aqua,MODIS,52,61.03,320.9,9.1,D,0
25.7587,76.5733,334,1.2,1.1,2026-05-21,1014,Aqua,MODIS,67,61.03,323.9,11,D,0
25.9188,77.9878,330.7,1.5,1.2,2026-05-21,1014,Aqua,MODIS,44,61.03,316.6,14,D,0
26.0671,78.0608,330.7,1.6,1.2,2026-05-21,1014,Aqua,MODIS,58,61.03,314.9,16.1,D,0
26.1058,78.3049,329.7,1.6,1.3,2026-05-21,1014,Aqua,MODIS,47,61.03,315.6,14.2,D,0
26.1662,78.8465,333.1,1.8,1.3,2026-05-21,1014,Aqua,MODIS,70,61.03,314.4,26.9,D,0
26.3183,77.6634,335,1.5,1.2,2026-05-21,1014,Aqua,MODIS,72,61.03,318.5,18.7,D,0
26.397,79.2924,328.2,1.9,1.4,2026-05-21,1014,Aqua,MODIS,49,61.03,310.5,19.5,D,0
26.4085,79.0687,332.1,1.9,1.3,2026-05-21,1014,Aqua,MODIS,68,61.03,312.6,30,D,0
28.52,76.5432,332.6,1.3,1.2,2026-05-21,1015,Aqua,MODIS,59,61.03,313,15.2,D,0
29.0274,76.6143,337.5,1.4,1.2,2026-05-21,1015,Aqua,MODIS,79,61.03,310.4,29.2,D,0
29.2784,79.8505,318,2.3,1.5,2026-05-21,1015,Aqua,MODIS,47,61.03,298.3,23.7,D,0
29.2818,74.3152,332.6,1.1,1,2026-05-21,1015,Aqua,MODIS,45,61.03,312.5,12.6,D,0
29.3181,79.7284,317,2.3,1.5,2026-05-21,1015,Aqua,MODIS,32,61.03,302.1,21.2,D,0
29.3191,79.7342,317.1,2.3,1.5,2026-05-21,1015,Aqua,MODIS,19,61.03,301.9,19.7,D,0
29.5957,79.2313,319,2.1,1.4,2026-05-21,1015,Aqua,MODIS,45,61.03,303.7,19.5,D,0
29.5977,79.2516,320,2.1,1.4,2026-05-21,1015,Aqua,MODIS,57,61.03,301.8,23.6,D,0
29.7218,79.7424,318.4,2.3,1.5,2026-05-21,1015,Aqua,MODIS,55,61.03,302.8,26.4,D,0
29.7655,79.6407,318.8,2.3,1.5,2026-05-21,1015,Aqua,MODIS,58,61.03,302.5,29,D,0
29.8229,78.6576,324.1,1.9,1.4,2026-05-21,1015,Aqua,MODIS,67,61.03,305.7,27.3,D,0
29.83,78.6488,327.6,1.9,1.4,2026-05-21,1015,Aqua,MODIS,72,61.03,307.1,36.3,D,0
29.8688,78.8688,320.6,2,1.4,2026-05-21,1015,Aqua,MODIS,53,61.03,305.4,19.5,D,0
29.8762,78.8781,321.2,2,1.4,2026-05-21,1015,Aqua,MODIS,62,61.03,304.3,22.3,D,0
30.0176,78.778,323.7,2,1.4,2026-05-21,1015,Aqua,MODIS,67,61.03,308.6,26.2,D,0
30.1661,78.807,322.6,2,1.4,2026-05-21,1015,Aqua,MODIS,44,61.03,307.3,23.1,D,0
30.2269,78.7366,325,2,1.4,2026-05-21,1015,Aqua,MODIS,70,61.03,307.9,25.1,D,0
30.3281,74.2739,330.7,1.1,1,2026-05-21,1015,Aqua,MODIS,66,61.03,312.2,10,D,0
30.3675,79.1392,317,2.1,1.4,2026-05-21,1015,Aqua,MODIS,29,61.03,300.1,22.3,D,0
30.3768,78.6047,320.5,2,1.4,2026-05-21,1015,Aqua,MODIS,32,61.03,305.9,17,D,0
30.4325,75.9938,328.9,1.3,1.1,2026-05-21,1015,Aqua,MODIS,64,61.03,311.9,11.7,D,0
30.6131,75.6123,328.6,1.3,1.1,2026-05-21,1015,Aqua,MODIS,64,61.03,310,10.7,D,0
30.853,75.1588,330.6,1.2,1.1,2026-05-21,1015,Aqua,MODIS,70,61.03,311.8,11.3,D,0
30.9399,77.0324,326.2,1.6,1.2,2026-05-21,1015,Aqua,MODIS,69,61.03,304.6,25.4,D,0
30.9441,77.0254,324.5,1.6,1.2,2026-05-21,1015,Aqua,MODIS,66,61.03,304.9,21.6,D,0
30.9458,77.0413,324.3,1.6,1.2,2026-05-21,1015,Aqua,MODIS,65,61.03,303.7,21.6,D,0
31.0271,78.0596,320.7,1.8,1.3,2026-05-21,1015,Aqua,MODIS,34,61.03,306.3,17,D,0
31.0377,76.0198,332.5,1.4,1.2,2026-05-21,1015,Aqua,MODIS,77,61.03,311.9,18.8,D,0
31.1622,75.8696,345.1,1.3,1.1,2026-05-21,1015,Aqua,MODIS,90,61.03,312.9,48.8,D,0
30.9421,74.0432,332.5,1.1,1,2026-05-21,1016,Aqua,MODIS,75,61.03,308.4,18.4,D,0
31.0948,75.2324,326.7,1.2,1.1,2026-05-21,1016,Aqua,MODIS,62,61.03,309.1,11.4,D,0
31.441,73.9846,330.6,1.1,1,2026-05-21,1016,Aqua,MODIS,67,61.03,314.5,10.3,D,0
31.8894,74.7721,332.8,1.2,1.1,2026-05-21,1016,Aqua,MODIS,74,61.03,313.2,15.1,D,0
31.9113,74.7933,329.8,1.2,1.1,2026-05-21,1016,Aqua,MODIS,58,61.03,313.1,9.8,D,0
31.9424,74.4498,328.9,1.2,1.1,2026-05-21,1016,Aqua,MODIS,62,61.03,312.7,9.1,D,0
31.9438,74.4616,333.3,1.2,1.1,2026-05-21,1016,Aqua,MODIS,75,61.03,312.6,16.2,D,0
31.9532,74.46,329,1.2,1.1,2026-05-21,1016,Aqua,MODIS,65,61.03,313.1,9.7,D,0
32.0289,75.163,327.2,1.3,1.1,2026-05-21,1016,Aqua,MODIS,60,61.03,310.6,8,D,0
32.2649,75.2698,328.8,1.3,1.1,2026-05-21,1016,Aqua,MODIS,67,61.03,310.9,11.7,D,0
32.2676,75.3772,330.1,1.3,1.1,2026-05-21,1016,Aqua,MODIS,71,61.03,311.6,14.9,D,0
32.4074,74.6891,331,1.2,1.1,2026-05-21,1016,Aqua,MODIS,73,61.03,313.7,14.1,D,0
32.6102,73.7607,329.7,1.1,1,2026-05-21,1016,Aqua,MODIS,71,61.03,311.1,9.5,D,0
15.1729,76.6605,310.8,1.2,1.1,2026-05-21,1525,Terra,MODIS,54,61.03,297.4,5.8,N,2
16.7406,74.5244,323.7,1.6,1.2,2026-05-21,1526,Terra,MODIS,100,61.03,294.8,35.2,N,0
17.0724,80.2611,315.7,1,1,2026-05-21,1526,Terra,MODIS,79,61.03,300.5,7.9,N,0
17.0737,80.2707,316.6,1,1,2026-05-21,1526,Terra,MODIS,62,61.03,300.6,9.4,N,0
17.0749,80.2802,315.5,1,1,2026-05-21,1526,Terra,MODIS,53,61.03,299,8.8,N,0
17.2098,80.0449,312.6,1,1,2026-05-21,1526,Terra,MODIS,82,61.03,301.7,4.8,N,0
17.2842,79.9795,312.6,1,1,2026-05-21,1526,Terra,MODIS,80,61.03,301.5,5.1,N,0
18.2847,79.5283,311,1,1,2026-05-21,1526,Terra,MODIS,74,61.03,296.1,6.2,N,0
18.312,79.7353,306.4,1,1,2026-05-21,1526,Terra,MODIS,34,61.03,281.2,5.5,N,0
18.3203,79.3233,315.5,1,1,2026-05-21,1526,Terra,MODIS,88,61.03,299.6,8.9,N,0
18.3463,79.7206,306.9,1,1,2026-05-21,1526,Terra,MODIS,53,61.03,283.5,5.1,N,0
18.4247,79.5493,315.6,1,1,2026-05-21,1526,Terra,MODIS,89,61.03,297.6,9.5,N,0
18.8629,78.8958,308.4,1,1,2026-05-21,1526,Terra,MODIS,54,61.03,296.1,3.4,N,0
18.9762,78.8532,322.4,1,1,2026-05-21,1526,Terra,MODIS,100,61.03,301.7,14,N,0
19.0595,78.0552,315.8,1,1,2026-05-21,1526,Terra,MODIS,49,61.03,300.5,9.2,N,0
19.0711,78.1385,313.3,1,1,2026-05-21,1526,Terra,MODIS,85,61.03,299.5,6.5,N,0
19.139,78.9579,310.3,1,1,2026-05-21,1526,Terra,MODIS,67,61.03,299.1,4.2,N,0
19.1477,78.9566,313.8,1,1,2026-05-21,1526,Terra,MODIS,82,61.03,298.6,6.6,N,0
19.3592,78.3487,315.1,1,1,2026-05-21,1526,Terra,MODIS,90,61.03,299,7.6,N,0
20.1307,75.3534,310.5,1.2,1.1,2026-05-21,1527,Terra,MODIS,68,61.03,297.2,6.3,N,0
20.2701,76.4575,313.7,1.1,1,2026-05-21,1527,Terra,MODIS,78,61.03,298.7,7.7,N,0
20.3912,75.9092,310.9,1.1,1.1,2026-05-21,1527,Terra,MODIS,61,61.03,299.2,5.7,N,0
21.1118,72.6428,311.7,1.8,1.3,2026-05-21,1527,Terra,MODIS,70,61.03,297.5,15.1,N,2
21.2566,75.1747,313.8,1.2,1.1,2026-05-21,1527,Terra,MODIS,75,61.03,301.5,6.5,N,0
21.3386,79.3657,315.4,1,1,2026-05-21,1527,Terra,MODIS,83,61.03,302.3,8.2,N,0
21.8346,78.4415,313.2,1,1,2026-05-21,1527,Terra,MODIS,79,61.03,298.9,7.4,N,0
21.919,75.804,317,1.1,1,2026-05-21,1527,Terra,MODIS,89,61.03,301.3,9.7,N,0
22.0147,78.3429,308.7,1,1,2026-05-21,1527,Terra,MODIS,53,61.03,297.9,5.3,N,0
22.0774,76.9343,312.6,1,1,2026-05-21,1527,Terra,MODIS,67,61.03,300.6,6.1,N,0
22.0885,78.0749,309,1,1,2026-05-21,1527,Terra,MODIS,52,61.03,298,5.1,N,0
22.1021,78.8654,312,1,1,2026-05-21,1527,Terra,MODIS,74,61.03,297.4,7.9,N,0
22.2782,76.0992,315.7,1.1,1,2026-05-21,1527,Terra,MODIS,84,61.03,302.5,7.8,N,0
22.2796,76.1091,316.2,1.1,1,2026-05-21,1527,Terra,MODIS,86,61.03,302,7.9,N,0
22.3199,76.9595,311,1,1,2026-05-21,1527,Terra,MODIS,59,61.03,298.9,5.4,N,0
22.344,76.861,310.4,1,1,2026-05-21,1527,Terra,MODIS,54,61.03,298.6,5.1,N,0
22.3952,79.7142,314.5,1.1,1,2026-05-21,1527,Terra,MODIS,83,61.03,301,9.2,N,0
22.3965,79.7246,317.3,1.1,1,2026-05-21,1527,Terra,MODIS,93,61.03,300.6,12.3,N,0
22.3973,77.3162,309.8,1,1,2026-05-21,1527,Terra,MODIS,50,61.03,299,5.4,N,0
22.4056,79.7232,310.8,1.1,1,2026-05-21,1527,Terra,MODIS,68,61.03,300.3,6.5,N,0
22.4182,78.7423,317.6,1,1,2026-05-21,1527,Terra,MODIS,93,61.03,299.6,11.4,N,0
22.5156,76.7703,313.1,1,1,2026-05-21,1527,Terra,MODIS,74,61.03,300.4,6.5,N,0
22.6439,79.8567,311.4,1.1,1.1,2026-05-21,1527,Terra,MODIS,70,61.03,299.7,7.4,N,0
22.6453,79.8672,315,1.1,1.1,2026-05-21,1527,Terra,MODIS,85,61.03,299.8,10.8,N,0
22.7843,79.4477,310.6,1.1,1,2026-05-21,1527,Terra,MODIS,64,61.03,299.6,5.7,N,0
23.0059,79.6767,312.1,1.1,1,2026-05-21,1527,Terra,MODIS,76,61.03,300.4,7,N,0
23.0664,79.6358,309.7,1.1,1,2026-05-21,1527,Terra,MODIS,64,61.03,299,6.5,N,0
23.1267,77.2525,310,1,1,2026-05-21,1527,Terra,MODIS,55,61.03,299.4,4.7,N,0
23.128,77.262,312.1,1,1,2026-05-21,1527,Terra,MODIS,70,61.03,300.2,6.2,N,0
23.226,76.9018,317.9,1,1,2026-05-21,1527,Terra,MODIS,93,61.03,300.5,11.6,N,0
23.2613,79.7235,310,1.1,1.1,2026-05-21,1527,Terra,MODIS,64,61.03,298.2,7.3,N,0
23.5314,79.0988,310.9,1.1,1,2026-05-21,1527,Terra,MODIS,70,61.03,300.6,6.6,N,0
23.3255,77.0155,314.1,1,1,2026-05-21,1528,Terra,MODIS,80,61.03,298.2,8.3,N,0
23.4915,76.6311,318.3,1,1,2026-05-21,1528,Terra,MODIS,95,61.03,301.9,10.6,N,0
23.5875,77.5722,311,1,1,2026-05-21,1528,Terra,MODIS,67,61.03,300.1,5.4,N,0
23.6693,79.5349,315.6,1.1,1,2026-05-21,1528,Terra,MODIS,88,61.03,300.6,11.6,N,0
23.6868,78.7354,309.1,1,1,2026-05-21,1528,Terra,MODIS,61,61.03,297.7,6.4,N,0
23.7036,76.8877,311.7,1,1,2026-05-21,1528,Terra,MODIS,69,61.03,300,6.5,N,0
23.7855,76.5459,316,1,1,2026-05-21,1528,Terra,MODIS,88,61.03,301.4,9.4,N,0
23.8827,77.1675,308.7,1,1,2026-05-21,1528,Terra,MODIS,53,61.03,298.7,4.8,N,0
23.9184,78.1752,310.9,1,1,2026-05-21,1528,Terra,MODIS,71,61.03,299.7,6.6,N,0
24.1964,77.37,311.3,1,1,2026-05-21,1528,Terra,MODIS,72,61.03,299,7.1,N,0
24.1977,77.3795,313,1,1,2026-05-21,1528,Terra,MODIS,79,61.03,298.9,8.5,N,0
24.5931,77.0963,308.7,1,1,2026-05-21,1528,Terra,MODIS,62,61.03,298.5,6.3,N,0
24.6352,74.9207,322.5,1.1,1.1,2026-05-21,1528,Terra,MODIS,100,61.03,303.9,19,N,0
24.6368,74.9316,354.4,1.1,1.1,2026-05-21,1528,Terra,MODIS,100,61.03,306.1,81,N,0
24.6428,74.9242,329.7,1.1,1.1,2026-05-21,1528,Terra,MODIS,100,61.03,303.9,28.4,N,0
24.6445,74.935,332.5,1.1,1.1,2026-05-21,1528,Terra,MODIS,100,61.03,303.7,32.8,N,0
25.4867,75.6039,315.4,1,1,2026-05-21,1528,Terra,MODIS,88,61.03,299.3,12.2,N,0
25.6165,73.1781,314.7,1.3,1.2,2026-05-21,1528,Terra,MODIS,84,61.03,302.6,13.4,N,0
27.8654,68.051,307.5,2.7,1.6,2026-05-21,1529,Terra,MODIS,56,61.03,295.9,19.1,N,0
27.8711,68.0429,309.4,2.7,1.6,2026-05-21,1529,Terra,MODIS,68,61.03,296.1,23.6,N,0
29.0347,76.6123,331.3,1,1,2026-05-21,1529,Terra,MODIS,100,61.03,301.6,27.1,N,0
29.4303,74.4529,317.1,1.1,1,2026-05-21,1529,Terra,MODIS,92,61.03,300,12.2,N,0
29.4319,74.4634,316.3,1.1,1,2026-05-21,1529,Terra,MODIS,90,61.03,301,11.4,N,0
29.6441,80.6685,300.8,1.5,1.2,2026-05-21,1529,Terra,MODIS,33,61.03,290.6,5.7,N,0
29.7924,79.7625,305.3,1.3,1.1,2026-05-21,1529,Terra,MODIS,59,61.03,293.8,6.6,N,0
29.7931,79.7702,307.7,1.3,1.1,2026-05-21,1529,Terra,MODIS,72,61.03,294.3,8.4,N,0
29.7959,78.9617,308.5,1.2,1.1,2026-05-21,1529,Terra,MODIS,74,61.03,294.4,8.3,N,0
29.8056,78.9613,306.4,1.2,1.1,2026-05-21,1529,Terra,MODIS,61,61.03,295,6.4,N,0
29.8275,79.9974,303.9,1.4,1.2,2026-05-21,1529,Terra,MODIS,54,61.03,293,6.8,N,0
29.8355,79.6931,305.3,1.3,1.1,2026-05-21,1529,Terra,MODIS,59,61.03,292.7,7.4,N,0
29.8403,79.8297,304.1,1.3,1.1,2026-05-21,1529,Terra,MODIS,59,61.03,293.3,5.9,N,0
29.8445,79.3978,305.6,1.3,1.1,2026-05-21,1529,Terra,MODIS,65,61.03,295,6.6,N,0
29.8457,79.4091,305.1,1.3,1.1,2026-05-21,1529,Terra,MODIS,63,61.03,293.8,6.1,N,0
30.1813,78.5394,306,1.2,1.1,2026-05-21,1529,Terra,MODIS,47,61.03,295.3,5.6,N,0
30.1912,79.3288,312.8,1.3,1.1,2026-05-21,1529,Terra,MODIS,86,61.03,296.1,12.4,N,0
30.2783,78.7487,311,1.2,1.1,2026-05-21,1529,Terra,MODIS,82,61.03,296.4,9.3,N,0
30.3453,78.5362,305.4,1.2,1.1,2026-05-21,1529,Terra,MODIS,64,61.03,294.2,5,N,0
30.4181,78.3754,303.7,1.1,1.1,2026-05-21,1529,Terra,MODIS,54,61.03,293,5.4,N,0
30.6219,77.7046,307.4,1.1,1,2026-05-21,1529,Terra,MODIS,58,61.03,294.8,5.5,N,0
30.8069,77.345,308.3,1.1,1,2026-05-21,1529,Terra,MODIS,74,61.03,294.4,7.4,N,0
30.9521,77.0363,311.2,1,1,2026-05-21,1530,Terra,MODIS,82,61.03,296.1,8.8,N,0
30.9535,77.047,305.2,1,1,2026-05-21,1530,Terra,MODIS,63,61.03,295.2,4.6,N,0
31.4719,76.3625,311.7,1,1,2026-05-21,1530,Terra,MODIS,83,61.03,300.6,6.1,N,0
32.4558,76.0691,303.4,1,1,2026-05-21,1530,Terra,MODIS,55,61.03,288.6,5.8,N,0
33.1731,74.3033,308.5,1,1,2026-05-21,1530,Terra,MODIS,75,61.03,295.7,5.9,N,0
29.2807,80.8132,305.2,1,1,2026-05-21,2218,Aqua,MODIS,63,61.03,293.1,5.3,N,0
30.0747,78.7568,305.9,1.2,1.1,2026-05-21,2218,Aqua,MODIS,27,61.03,289.1,10.1,N,0
23.7774,86.2145,303.6,2,1.4,2026-05-21,2219,Aqua,MODIS,56,61.03,289.3,10.5,N,2
25.4352,77.8801,311,1.1,1.1,2026-05-21,2219,Aqua,MODIS,81,61.03,299.8,8.1,N,0
20.9642,85.1835,308.9,2,1.4,2026-05-21,2220,Aqua,MODIS,76,61.03,292.2,16.3,N,2
20.9676,85.1654,308,2,1.4,2026-05-21,2220,Aqua,MODIS,66,61.03,292.2,14.4,N,2
21.2529,79.2151,305.5,1,1,2026-05-21,2220,Aqua,MODIS,57,61.03,289.4,4.3,N,0
22.0784,79.523,301.5,1,1,2026-05-21,2220,Aqua,MODIS,34,61.03,290.4,3.8,N,0
23.1691,82.3385,302.6,1.2,1.1,2026-05-21,2220,Aqua,MODIS,49,61.03,284.1,5.1,N,2
17.9498,80.7892,309.5,1.1,1.1,2026-05-21,2221,Aqua,MODIS,72,61.03,298.9,5.8,N,2
31.4658,92.0658,312,2.2,1.4,2026-05-22,332,Terra,MODIS,41,61.03,294.1,14.5,D,0
31.4782,92.0693,312.8,2.2,1.4,2026-05-22,332,Terra,MODIS,42,61.03,293.5,17.7,D,2
28.6336,83.6642,301.4,1,1,2026-05-22,333,Terra,MODIS,12,61.03,288.4,3.3,D,0
28.6892,81.5062,314.3,1.1,1.1,2026-05-22,333,Terra,MODIS,54,61.03,299.8,5.7,D,0
28.6906,81.4952,319,1.1,1.1,2026-05-22,333,Terra,MODIS,69,61.03,299.9,10.4,D,0
29.6474,80.6761,313.1,1.3,1.1,2026-05-22,333,Terra,MODIS,63,61.03,296.3,9.6,D,0
23.3227,80.3355,319.4,1.1,1.1,2026-05-22,334,Terra,MODIS,22,61.03,296,8.8,D,0
23.3716,77.8682,325.9,1.6,1.2,2026-05-22,334,Terra,MODIS,59,61.03,309.2,12.7,D,0
23.3944,83.6745,317.9,1,1,2026-05-22,334,Terra,MODIS,61,61.03,294.7,7.4,D,0
23.3957,76.1032,324.5,2.1,1.4,2026-05-22,334,Terra,MODIS,59,61.03,306.9,20.9,D,0
23.4074,79.8551,326.1,1.2,1.1,2026-05-22,334,Terra,MODIS,63,61.03,301.8,14.7,D,0
23.4266,79.8578,321.9,1.2,1.1,2026-05-22,334,Terra,MODIS,49,61.03,300.7,10.4,D,0
23.5097,79.7413,323.7,1.2,1.1,2026-05-22,334,Terra,MODIS,58,61.03,304.6,9.7,D,0
23.6686,86.9234,318.9,1.4,1.2,2026-05-22,334,Terra,MODIS,68,61.03,293.9,15.6,D,2
23.7779,86.2106,319.3,1.3,1.1,2026-05-22,334,Terra,MODIS,61,61.03,295.5,12.9,D,2
23.7784,86.2166,315,1.3,1.1,2026-05-22,334,Terra,MODIS,33,61.03,294,6.8,D,2
23.9644,80.6981,325.8,1.1,1.1,2026-05-22,334,Terra,MODIS,59,61.03,310.9,9.2,D,0
24.4933,79.2884,328.3,1.3,1.1,2026-05-22,334,Terra,MODIS,59,61.03,316,12.5,D,0
24.5045,79.3677,330.9,1.3,1.1,2026-05-22,334,Terra,MODIS,66,61.03,316.1,18.5,D,0
24.6306,81.095,332.4,1.1,1,2026-05-22,334,Terra,MODIS,74,61.03,313.3,15.6,D,0
24.7051,81.0955,330.8,1.1,1,2026-05-22,334,Terra,MODIS,68,61.03,314.2,14.1,D,0
24.8673,82.2256,324.2,1,1,2026-05-22,334,Terra,MODIS,48,61.03,307.8,6.6,D,0
25.095,82.8371,323.2,1,1,2026-05-22,334,Terra,MODIS,32,61.03,307.8,5.8,D,0
25.4361,77.8805,328.2,1.7,1.3,2026-05-22,334,Terra,MODIS,41,61.03,313.9,25.4,D,0
25.6318,80.9712,325.4,1.1,1.1,2026-05-22,334,Terra,MODIS,52,61.03,310.7,7.8,D,0
26.3377,79.1105,329,1.4,1.2,2026-05-22,334,Terra,MODIS,68,61.03,311.9,19.1,D,0
26.3433,79.1179,335,1.4,1.2,2026-05-22,334,Terra,MODIS,79,61.03,312.1,31.6,D,0
19.1228,79.6586,327.1,1.1,1.1,2026-05-22,335,Terra,MODIS,72,61.03,301.6,12.5,D,0
19.2615,77.8012,322.9,1.4,1.2,2026-05-22,335,Terra,MODIS,61,61.03,301.1,11.8,D,0
19.2635,77.9594,323.5,1.4,1.2,2026-05-22,335,Terra,MODIS,59,61.03,300.6,9.2,D,0
19.2663,78.1899,323.1,1.3,1.1,2026-05-22,335,Terra,MODIS,46,61.03,302.3,9.1,D,0
19.3019,78.3141,325.4,1.3,1.1,2026-05-22,335,Terra,MODIS,66,61.03,304.5,11.1,D,0
19.4399,78.684,325.2,1.3,1.1,2026-05-22,335,Terra,MODIS,64,61.03,305.1,9.5,D,0
19.5354,78.1557,323.5,1.4,1.2,2026-05-22,335,Terra,MODIS,33,61.03,301.6,12.3,D,0
19.6627,78.4482,326,1.3,1.1,2026-05-22,335,Terra,MODIS,58,61.03,306,10.1,D,0
19.6733,79.6688,333.9,1.1,1.1,2026-05-22,335,Terra,MODIS,81,61.03,306.2,20.4,D,0
20.3489,79.4936,332,1.2,1.1,2026-05-22,335,Terra,MODIS,77,61.03,307.6,20.8,D,0
20.6422,80.356,323.8,1.1,1,2026-05-22,335,Terra,MODIS,63,61.03,303.4,9.2,D,0
20.7067,80.0119,321.6,1.1,1.1,2026-05-22,335,Terra,MODIS,53,61.03,302.9,8,D,0
20.8509,81.9274,326.4,1,1,2026-05-22,335,Terra,MODIS,69,61.03,304,10.8,D,0
20.8522,81.918,326.7,1,1,2026-05-22,335,Terra,MODIS,70,61.03,304,10.9,D,0
20.9483,81.1617,323.1,1,1,2026-05-22,335,Terra,MODIS,60,61.03,302.7,7.4,D,0
20.9606,85.1833,320.6,1.2,1.1,2026-05-22,335,Terra,MODIS,34,61.03,297.1,10.9,D,2
20.9624,85.1718,323.1,1.2,1.1,2026-05-22,335,Terra,MODIS,53,61.03,297.1,13.8,D,2
20.9721,85.1736,323,1.2,1.1,2026-05-22,335,Terra,MODIS,35,61.03,296.4,12.8,D,2
21.075,85.0457,316.4,1.2,1.1,2026-05-22,335,Terra,MODIS,59,61.03,296.1,7.1,D,2
21.1235,79.2555,328.2,1.2,1.1,2026-05-22,335,Terra,MODIS,67,61.03,295.8,18.5,D,0
21.5425,78.8329,332.4,1.3,1.1,2026-05-22,335,Terra,MODIS,79,61.03,305.4,22.4,D,0
21.6439,81.5326,325.8,1,1,2026-05-22,335,Terra,MODIS,69,61.03,303.8,9.3,D,0
21.742,83.8434,323.6,1.1,1,2026-05-22,335,Terra,MODIS,72,61.03,302.4,10.1,D,0
21.7424,82.9746,319.7,1,1,2026-05-22,335,Terra,MODIS,53,61.03,296.1,6.7,D,0
21.7582,83.1135,318.3,1,1,2026-05-22,335,Terra,MODIS,41,61.03,295.6,6.5,D,0
22.0807,83.9878,320.1,1.1,1,2026-05-22,335,Terra,MODIS,67,61.03,299.6,8.1,D,0
22.2844,79.7535,328,1.2,1.1,2026-05-22,335,Terra,MODIS,75,61.03,301.7,14.7,D,0
22.2858,79.7423,333.9,1.2,1.1,2026-05-22,335,Terra,MODIS,82,61.03,302.5,24.5,D,0
15.8261,80.0618,327.3,1,1,2026-05-22,336,Terra,MODIS,79,61.03,300.9,15,D,0
15.8273,80.0525,322,1,1,2026-05-22,336,Terra,MODIS,68,61.03,300.4,9.3,D,0
16.1922,80.0159,322.4,1,1,2026-05-22,336,Terra,MODIS,68,61.03,300.7,9.2,D,0
16.3427,80.6601,325.8,1,1,2026-05-22,336,Terra,MODIS,71,61.03,302,9,D,2
16.3447,80.3885,324.9,1,1,2026-05-22,336,Terra,MODIS,70,61.03,302.7,10.3,D,0
16.3505,80.6051,324.1,1,1,2026-05-22,336,Terra,MODIS,68,61.03,301.4,8.6,D,2
16.4658,80.3749,322.8,1,1,2026-05-22,336,Terra,MODIS,67,61.03,302.8,6.8,D,0
16.5748,79.3702,322.1,1.1,1,2026-05-22,336,Terra,MODIS,59,61.03,296.4,10.8,D,0
16.6568,81.2999,317.6,1,1,2026-05-22,336,Terra,MODIS,52,61.03,297.8,7.6,D,0
16.7721,82.0399,338.3,1,1,2026-05-22,336,Terra,MODIS,87,61.03,301.6,28.4,D,0
16.7735,82.0306,323.2,1,1,2026-05-22,336,Terra,MODIS,67,61.03,301.1,7.8,D,0
16.8902,82.1118,318.7,1,1,2026-05-22,336,Terra,MODIS,59,61.03,299.9,5.8,D,0
17.0296,79.8929,323.2,1,1,2026-05-22,336,Terra,MODIS,70,61.03,302.3,9.3,D,0
17.0532,80.1259,324.1,1,1,2026-05-22,336,Terra,MODIS,71,61.03,301.8,10.4,D,0
17.067,80.2241,324.2,1,1,2026-05-22,336,Terra,MODIS,71,61.03,301.8,9.3,D,0
17.0966,80.1419,323.1,1,1,2026-05-22,336,Terra,MODIS,55,61.03,303.1,7.5,D,0
17.1019,80.2449,322.3,1,1,2026-05-22,336,Terra,MODIS,67,61.03,303.3,6.8,D,0
17.1031,80.2355,326.5,1,1,2026-05-22,336,Terra,MODIS,74,61.03,302.8,11.6,D,0
17.1335,80.6832,321.7,1,1,2026-05-22,336,Terra,MODIS,63,61.03,301.1,7,D,0
17.1348,80.674,321.7,1,1,2026-05-22,336,Terra,MODIS,63,61.03,301.9,7,D,0
17.311,80.4599,322.9,1,1,2026-05-22,336,Terra,MODIS,67,61.03,303.8,7.6,D,0
17.6584,80.6784,321.1,1,1,2026-05-22,336,Terra,MODIS,61,61.03,303.5,6.4,D,0
17.8556,79.7101,329,1.1,1,2026-05-22,336,Terra,MODIS,77,61.03,305.4,15.2,D,0
17.8827,79.7844,324.6,1.1,1,2026-05-22,336,Terra,MODIS,70,61.03,305.7,9.3,D,0
17.9165,79.8053,326.5,1.1,1,2026-05-22,336,Terra,MODIS,73,61.03,305.7,11.7,D,0
17.9323,79.6865,326.1,1.1,1,2026-05-22,336,Terra,MODIS,73,61.03,305.2,11.3,D,0
17.9494,80.7844,321.3,1,1,2026-05-22,336,Terra,MODIS,60,61.03,303.1,7,D,2
18.0386,80.5976,324.8,1,1,2026-05-22,336,Terra,MODIS,71,61.03,304.2,9.3,D,0
18.2261,79.4801,321.6,1.1,1.1,2026-05-22,336,Terra,MODIS,61,61.03,300.1,9,D,0
18.2275,79.4699,322.3,1.1,1.1,2026-05-22,336,Terra,MODIS,60,61.03,300.8,10.1,D,0
18.2394,80.0064,328.4,1.1,1,2026-05-22,336,Terra,MODIS,76,61.03,305.6,13.7,D,0
18.2556,79.7514,322.9,1.1,1,2026-05-22,336,Terra,MODIS,65,61.03,303.4,8.3,D,0
18.257,79.7415,335.1,1.1,1,2026-05-22,336,Terra,MODIS,83,61.03,303.4,25.3,D,0
18.2705,79.6412,331.3,1.1,1,2026-05-22,336,Terra,MODIS,79,61.03,303.1,19.1,D,0
18.2939,79.3954,324,1.1,1.1,2026-05-22,336,Terra,MODIS,39,61.03,296.4,13.4,D,0
18.2953,79.3851,334.2,1.1,1.1,2026-05-22,336,Terra,MODIS,72,61.03,300.8,28.3,D,0
18.3245,79.7163,327.7,1.1,1,2026-05-22,336,Terra,MODIS,75,61.03,303.6,14.2,D,0
18.3879,79.6498,324.4,1.1,1,2026-05-22,336,Terra,MODIS,68,61.03,305.3,8.4,D,0
18.4076,79.6423,328.3,1.1,1,2026-05-22,336,Terra,MODIS,76,61.03,305,12.9,D,0
18.8828,78.7337,324.5,1.2,1.1,2026-05-22,336,Terra,MODIS,68,61.03,299.4,14,D,0
18.8842,78.7223,321.2,1.2,1.1,2026-05-22,336,Terra,MODIS,55,61.03,299.1,9.3,D,0
12.528,79.982,317.7,1,1,2026-05-22,337,Terra,MODIS,54,61.03,301.5,5.1,D,0
18.0527,79.9378,336,4.4,1.9,2026-05-22,912,Aqua,MODIS,85,61.03,298.1,187.4,D,0
18.056,79.9814,326.4,4.3,1.9,2026-05-22,912,Aqua,MODIS,70,61.03,297.2,77.4,D,0
18.0608,79.9766,328.9,4.3,1.9,2026-05-22,912,Aqua,MODIS,77,61.03,297.6,104.1,D,0
18.2889,79.4854,325.9,4.7,2,2026-05-22,912,Aqua,MODIS,59,61.03,299.3,72.3,D,0
18.3394,79.6436,326.1,4.5,2,2026-05-22,912,Aqua,MODIS,74,61.03,301.1,62.8,D,0
18.3427,79.639,327.2,4.5,2,2026-05-22,912,Aqua,MODIS,75,61.03,301.1,75.3,D,0
18.4177,79.3196,326.7,4.8,2,2026-05-22,912,Aqua,MODIS,74,61.03,299,88.2,D,0
18.4197,79.312,330.1,4.8,2,2026-05-22,912,Aqua,MODIS,79,61.03,299.4,125.7,D,0
18.4449,79.2614,323.8,4.8,2,2026-05-22,912,Aqua,MODIS,65,61.03,297.9,55.9,D,0
18.4461,79.257,324.3,4.8,2,2026-05-22,912,Aqua,MODIS,70,61.03,297.8,61.2,D,0
19.7808,83.5678,317.2,2.1,1.4,2026-05-22,912,Aqua,MODIS,56,61.03,296.6,18.5,D,0
19.7878,83.5796,316.4,2.1,1.4,2026-05-22,912,Aqua,MODIS,50,61.03,296.4,18,D,0
19.9828,83.6274,335.7,2.1,1.4,2026-05-22,912,Aqua,MODIS,85,61.03,294.6,87.9,D,0
19.9874,83.6143,320.7,2.1,1.4,2026-05-22,912,Aqua,MODIS,66,61.03,294,36.3,D,0
19.9905,83.6314,324.4,2.1,1.4,2026-05-22,912,Aqua,MODIS,73,61.03,294.6,44.6,D,0
20.7815,81.1684,326.7,3.1,1.7,2026-05-22,913,Aqua,MODIS,66,61.03,303.7,43.1,D,0
20.7897,81.1886,328.9,3,1.7,2026-05-22,913,Aqua,MODIS,74,61.03,303.1,54.1,D,0
20.9455,86.0455,320.6,1.3,1.1,2026-05-22,913,Aqua,MODIS,36,61.03,299.6,9.8,D,0
20.9608,85.1737,325.4,1.5,1.2,2026-05-22,913,Aqua,MODIS,61,61.03,299.4,18.3,D,2
23.3819,81.3602,338,2.6,1.5,2026-05-22,913,Aqua,MODIS,85,61.03,304.8,96.8,D,0
23.3952,81.3569,329.9,2.6,1.5,2026-05-22,913,Aqua,MODIS,75,61.03,303.9,50.1,D,0
23.6676,86.9168,323.6,1.1,1,2026-05-22,913,Aqua,MODIS,69,61.03,303.8,11.9,D,2
23.7756,86.2035,326.6,1.2,1.1,2026-05-22,913,Aqua,MODIS,76,61.03,304.7,17.2,D,2
25.4602,76.947,328.2,4.8,2,2026-05-22,914,Aqua,MODIS,57,61.03,309.5,79.5,D,0
29.223,79.924,317.6,2.4,1.5,2026-05-22,915,Aqua,MODIS,61,61.03,296.8,33.7,D,0
29.2251,79.9277,316.5,2.4,1.5,2026-05-22,915,Aqua,MODIS,56,61.03,296.8,30.5,D,0
29.9915,78.7447,315.6,2.8,1.6,2026-05-22,915,Aqua,MODIS,52,61.03,298.4,27.5,D,0
21.7884,72.0347,328.5,2.4,1.5,2026-05-22,1051,Aqua,MODIS,51,61.03,301.5,32.3,D,0
24.0089,69.5521,335,1.7,1.3,2026-05-22,1052,Aqua,MODIS,81,61.03,312.5,33.3,D,0
24.0915,69.5669,332.4,1.7,1.3,2026-05-22,1052,Aqua,MODIS,77,61.03,313.9,27.6,D,0
24.1234,69.5461,328.5,1.7,1.3,2026-05-22,1052,Aqua,MODIS,70,61.03,313.9,18.1,D,0
24.1308,69.4143,336.7,1.7,1.3,2026-05-22,1052,Aqua,MODIS,82,61.03,312.9,39.5,D,0
24.1323,69.4248,327.8,1.7,1.3,2026-05-22,1052,Aqua,MODIS,29,61.03,312.7,15,D,0
24.177,69.3221,336.6,1.7,1.3,2026-05-22,1052,Aqua,MODIS,82,61.03,311.7,40.9,D,0
20.9664,85.1682,311.2,2.6,1.6,2026-05-22,1428,Terra,MODIS,74,61.03,294.7,24.3,N,2
29.2328,80.9878,302.6,3.4,1.7,2026-05-22,1430,Terra,MODIS,15,61.03,291.4,28.2,N,0
29.9021,78.992,303.2,4.5,2,2026-05-22,1430,Terra,MODIS,54,61.03,290.5,48.9,N,0
21.1063,72.6349,316.3,1.5,1.2,2026-05-22,1606,Terra,MODIS,90,61.03,293.9,19.3,N,2
21.7927,72.0361,314.4,1.4,1.2,2026-05-22,1606,Terra,MODIS,80,61.03,299.1,12.2,N,0
25.9954,73.5798,313.2,2.1,1.4,2026-05-22,1607,Terra,MODIS,79,61.03,301.3,22.5,N,0
27.8685,68.0481,311.3,1,1,2026-05-22,1608,Terra,MODIS,65,61.03,300.7,5.3,N,0
23.6578,94.0615,302,1,1,2026-05-22,2119,Aqua,MODIS,46,61.03,289.8,4.3,N,0
19.8998,75.411,306.3,2,1.4,2026-05-22,2258,Aqua,MODIS,68,61.03,292.1,12.8,N,0
19.9024,75.4251,306.2,2,1.4,2026-05-22,2258,Aqua,MODIS,67,61.03,293.1,13.9,N,0
21.1088,72.6408,321.7,1.2,1.1,2026-05-22,2258,Aqua,MODIS,91,61.03,296.1,0,N,2
21.7943,72.0345,305.3,1.1,1.1,2026-05-22,2258,Aqua,MODIS,45,61.03,294.3,4.3,N,0
22.3376,69.7393,317.9,1,1,2026-05-22,2258,Aqua,MODIS,95,61.03,296.4,12.6,N,2
19.3714,71.3613,305.9,1.1,1.1,2026-05-22,2259,Aqua,MODIS,38,61.03,293.2,4.2,N,3
29.8034,78.9787,308.1,1.5,1.2,2026-05-23,411,Terra,MODIS,15,61.03,297.5,6.3,D,0
30.1497,79.3672,310.4,1.5,1.2,2026-05-23,411,Terra,MODIS,59,61.03,298.5,8.4,D,0
31.4811,75.7109,321.7,1,1,2026-05-23,411,Terra,MODIS,69,61.03,306.2,7,D,0
31.6209,75.2048,326.8,1,1,2026-05-23,411,Terra,MODIS,73,61.03,310.8,9.7,D,0
31.666,76.2633,319.2,1,1,2026-05-23,411,Terra,MODIS,72,61.03,301.5,10,D,0
31.7719,75.437,321.9,1,1,2026-05-23,411,Terra,MODIS,67,61.03,307.3,5.8,D,0
32.7632,71.3067,322.2,1.3,1.1,2026-05-23,411,Terra,MODIS,64,61.03,303.5,10.4,D,0
32.7975,74.6579,324.1,1,1,2026-05-23,411,Terra,MODIS,75,61.03,307.1,7.3,D,0
33.1018,74.1763,322.3,1,1,2026-05-23,411,Terra,MODIS,70,61.03,301.1,12.3,D,0
33.1092,74.1887,322,1,1,2026-05-23,411,Terra,MODIS,71,61.03,301.1,12,D,0
33.1106,74.1781,331.8,1,1,2026-05-23,411,Terra,MODIS,83,61.03,303.5,23.7,D,0
27.8528,76.3599,330.5,1.1,1.1,2026-05-23,412,Terra,MODIS,70,61.03,310.7,12.8,D,0
30.1835,74.1499,328,1,1,2026-05-23,412,Terra,MODIS,70,61.03,307.5,10.8,D,0
30.4032,73.6836,324.3,1,1,2026-05-23,412,Terra,MODIS,55,61.03,303.9,10.9,D,0
30.7834,70.8191,322.3,1.3,1.1,2026-05-23,412,Terra,MODIS,25,61.03,305.4,16.8,D,0
22.4019,78.9389,317.3,2,1.4,2026-05-23,413,Terra,MODIS,30,61.03,294.6,15.4,D,0
22.421,79.559,322.1,2.3,1.5,2026-05-23,413,Terra,MODIS,59,61.03,298.5,27.3,D,0
23.288,76.8702,326,1.4,1.2,2026-05-23,413,Terra,MODIS,66,61.03,307.6,11.7,D,0
23.889,73.858,323.6,1,1,2026-05-23,413,Terra,MODIS,54,61.03,309.5,6.9,D,0
24.4421,71.5651,324.4,1.1,1,2026-05-23,413,Terra,MODIS,60,61.03,309.5,8,D,0
24.8816,72.6722,327.4,1,1,2026-05-23,413,Terra,MODIS,67,61.03,310.9,9.7,D,0
24.883,72.6625,328.9,1,1,2026-05-23,413,Terra,MODIS,70,61.03,310.6,11.6,D,0
24.9582,80.9213,327.9,2.5,1.5,2026-05-23,413,Terra,MODIS,69,61.03,302.9,46.9,D,0
24.9628,80.9168,326.7,2.5,1.5,2026-05-23,413,Terra,MODIS,66,61.03,302.6,41.8,D,0
25.4679,77.8062,328.1,1.5,1.2,2026-05-23,413,Terra,MODIS,60,61.03,310.9,17.5,D,0
25.5386,76.5884,327.3,1.2,1.1,2026-05-23,413,Terra,MODIS,65,61.03,310.7,9.5,D,0
19.3445,78.3497,326.3,2.1,1.4,2026-05-23,414,Terra,MODIS,77,61.03,287.2,49.2,D,0
19.3569,78.3521,325.9,2.1,1.4,2026-05-23,414,Terra,MODIS,77,61.03,287.5,48.4,D,0
19.4293,73.1517,323.5,1,1,2026-05-23,414,Terra,MODIS,66,61.03,301,7.3,D,0
19.6636,73.3106,322.5,1,1,2026-05-23,414,Terra,MODIS,36,61.03,302.4,9.7,D,0
19.693,74.9356,320.1,1.2,1.1,2026-05-23,414,Terra,MODIS,64,61.03,301.1,8.8,D,0
20.3388,77.3713,321.1,1.7,1.3,2026-05-23,414,Terra,MODIS,61,61.03,298.7,14.3,D,0
21.1012,72.6487,324,1,1,2026-05-23,414,Terra,MODIS,0,61.03,300.3,9.6,D,2
21.3564,71.9636,326.1,1,1,2026-05-23,414,Terra,MODIS,67,61.03,302.9,8.2,D,0
21.3577,71.9542,342.3,1,1,2026-05-23,414,Terra,MODIS,88,61.03,303.2,31.4,D,0
21.3665,71.9556,328.9,1,1,2026-05-23,414,Terra,MODIS,73,61.03,303.7,11.3,D,0
22.1673,72.61,326,1,1,2026-05-23,414,Terra,MODIS,46,61.03,305,6.8,D,0
22.3161,75.7121,326.8,1.2,1.1,2026-05-23,414,Terra,MODIS,68,61.03,308.4,11,D,0
22.4679,69.135,312.3,1.3,1.1,2026-05-23,414,Terra,MODIS,36,61.03,299.3,8.6,D,3
22.4988,71.769,326.5,1,1,2026-05-23,414,Terra,MODIS,67,61.03,304.6,7,D,0
23.2118,69.9732,327.3,1.2,1.1,2026-05-23,414,Terra,MODIS,70,61.03,307.5,12.9,D,0
18.2675,79.5792,324.5,2.8,1.6,2026-05-23,415,Terra,MODIS,77,61.03,297.1,46.5,D,0
18.2723,79.5868,326.7,2.8,1.6,2026-05-23,415,Terra,MODIS,80,61.03,296,57.8,D,0
18.4412,77.6285,314.8,2,1.4,2026-05-23,415,Terra,MODIS,43,61.03,285,14.3,D,0
15.0364,80.0079,349.9,1.1,1,2026-05-23,949,Aqua,MODIS,89,61.03,296.3,56.8,D,0
15.3831,80.0329,327.2,1.1,1,2026-05-23,949,Aqua,MODIS,74,61.03,302.9,10.3,D,0
15.3846,80.0424,326.5,1.1,1,2026-05-23,949,Aqua,MODIS,73,61.03,302.7,9.8,D,0
15.8569,79.9814,346.4,1.1,1,2026-05-23,949,Aqua,MODIS,86,61.03,305.8,42,D,0
16.7401,81.9534,328.6,1,1,2026-05-23,949,Aqua,MODIS,61,61.03,302.5,14.5,D,0
16.7767,82.008,326.6,1,1,2026-05-23,949,Aqua,MODIS,78,61.03,304.9,11.9,D,0
16.6707,78.2158,327.3,1.2,1.1,2026-05-23,950,Aqua,MODIS,70,61.03,301.6,14.4,D,0
16.9737,80.0199,330.1,1,1,2026-05-23,950,Aqua,MODIS,77,61.03,306.3,11.9,D,0
16.9779,80.0479,327.7,1,1,2026-05-23,950,Aqua,MODIS,74,61.03,306.6,8.6,D,0
17.1953,79.5973,332.4,1.1,1,2026-05-23,950,Aqua,MODIS,79,61.03,305.9,16.2,D,0
17.1968,79.6069,330.9,1.1,1,2026-05-23,950,Aqua,MODIS,77,61.03,305.7,13.8,D,0
17.2598,80.4516,333.2,1,1,2026-05-23,950,Aqua,MODIS,80,61.03,302.3,18.9,D,0
17.3004,80.4675,338.8,1,1,2026-05-23,950,Aqua,MODIS,86,61.03,304.7,30.1,D,0
17.3246,80.8884,335.7,1,1,2026-05-23,950,Aqua,MODIS,83,61.03,310.8,20.4,D,0
17.3513,80.8693,335,1,1,2026-05-23,950,Aqua,MODIS,83,61.03,311.9,19.8,D,0
17.3526,80.8783,335.6,1,1,2026-05-23,950,Aqua,MODIS,83,61.03,310.2,20.7,D,0
17.5655,79.7145,331.3,1,1,2026-05-23,950,Aqua,MODIS,60,61.03,306.4,13.3,D,0
17.6852,79.5905,329.8,1,1,2026-05-23,950,Aqua,MODIS,67,61.03,296.4,18.1,D,0
17.7147,79.9041,333.3,1,1,2026-05-23,950,Aqua,MODIS,77,61.03,307.8,17.3,D,0
17.7161,79.9134,334.4,1,1,2026-05-23,950,Aqua,MODIS,83,61.03,308.4,18.8,D,0
17.8553,80.2261,333.4,1,1,2026-05-23,950,Aqua,MODIS,82,61.03,306,18.6,D,0
18.2726,79.0741,350.8,1.1,1,2026-05-23,950,Aqua,MODIS,95,61.03,298.5,58.2,D,0
18.3493,79.4474,331.3,1,1,2026-05-23,950,Aqua,MODIS,73,61.03,307.1,16.3,D,0
18.3857,79.6839,330.9,1,1,2026-05-23,950,Aqua,MODIS,78,61.03,305.8,15.6,D,0
18.4513,79.5119,326.1,1,1,2026-05-23,950,Aqua,MODIS,68,61.03,305.1,10.6,D,0
18.4662,79.4314,332.1,1,1,2026-05-23,950,Aqua,MODIS,80,61.03,297.8,22.7,D,0
18.4765,79.4394,335.6,1,1,2026-05-23,950,Aqua,MODIS,84,61.03,298,27.1,D,0
18.7395,78.6865,320.1,1.1,1,2026-05-23,950,Aqua,MODIS,48,61.03,295.9,7.1,D,0
18.8052,78.5115,316.3,1.1,1.1,2026-05-23,950,Aqua,MODIS,18,61.03,282.5,9.7,D,0
18.8079,81.2223,325.5,1,1,2026-05-23,950,Aqua,MODIS,51,61.03,302.9,12,D,0
19.2651,83.2699,325.3,1.2,1.1,2026-05-23,950,Aqua,MODIS,66,61.03,310,12.2,D,0
19.3492,78.33,329.1,1.1,1.1,2026-05-23,950,Aqua,MODIS,68,61.03,294.2,18.3,D,0
19.3584,78.3284,344.2,1.1,1.1,2026-05-23,950,Aqua,MODIS,86,61.03,303.4,46.2,D,0
19.3676,78.3267,339,1.1,1.1,2026-05-23,950,Aqua,MODIS,70,61.03,304,36.1,D,0
19.3755,81.0651,322.7,1,1,2026-05-23,950,Aqua,MODIS,47,61.03,306,7.9,D,0
19.3843,81.0637,363.8,1,1,2026-05-23,950,Aqua,MODIS,100,61.03,310.1,85.6,D,0
19.3856,81.073,322.6,1,1,2026-05-23,950,Aqua,MODIS,38,61.03,307,8,D,0
19.4173,80.2085,332.4,1,1,2026-05-23,950,Aqua,MODIS,79,61.03,312.1,14.2,D,0
19.5592,80.6686,328.9,1,1,2026-05-23,950,Aqua,MODIS,72,61.03,310.9,12.3,D,0
19.6539,83.278,327.9,1.2,1.1,2026-05-23,950,Aqua,MODIS,73,61.03,310.2,14.7,D,0
19.6693,82.0935,327.4,1.1,1,2026-05-23,950,Aqua,MODIS,69,61.03,311.9,10.2,D,0
19.7699,79.8345,323.5,1,1,2026-05-23,950,Aqua,MODIS,59,61.03,302.9,8.2,D,0
19.8624,79.9138,330.2,1,1,2026-05-23,950,Aqua,MODIS,75,61.03,307.3,12.6,D,0
19.9088,80.5296,332.9,1,1,2026-05-23,950,Aqua,MODIS,78,61.03,312.9,13.5,D,0
19.9168,80.8305,329.6,1,1,2026-05-23,950,Aqua,MODIS,73,61.03,310.3,13.9,D,0
19.9603,79.4542,325.9,1,1,2026-05-23,950,Aqua,MODIS,55,61.03,285.4,15.1,D,0
19.9691,79.4527,346.6,1,1,2026-05-23,950,Aqua,MODIS,92,61.03,288.1,48,D,0
20.0024,82.9105,324.1,1.2,1.1,2026-05-23,950,Aqua,MODIS,50,61.03,309.1,9.5,D,0
20.115,80.8617,328.9,1,1,2026-05-23,950,Aqua,MODIS,69,61.03,312.2,10.8,D,0
20.1185,79.9464,334.6,1,1,2026-05-23,950,Aqua,MODIS,69,61.03,314.8,12.9,D,0
20.2144,80.6585,337.6,1,1,2026-05-23,950,Aqua,MODIS,84,61.03,313.6,22.4,D,0
20.36,79.8872,337.2,1,1,2026-05-23,950,Aqua,MODIS,83,61.03,315.6,19.7,D,0
20.4123,80.3615,330.3,1,1,2026-05-23,950,Aqua,MODIS,65,61.03,314.1,9.5,D,0
20.6892,84.3475,327.5,1.5,1.2,2026-05-23,950,Aqua,MODIS,42,61.03,310.4,13,D,0
20.9611,85.18,330.3,1.7,1.3,2026-05-23,950,Aqua,MODIS,54,61.03,311.9,25.8,D,2
20.5495,80.2373,341.9,1,1,2026-05-23,951,Aqua,MODIS,87,61.03,315.2,26.9,D,0
20.6524,80.1033,331.7,1,1,2026-05-23,951,Aqua,MODIS,71,61.03,312.9,13.9,D,0
20.7041,80.1515,334.2,1,1,2026-05-23,951,Aqua,MODIS,76,61.03,315.8,14.5,D,0
20.7055,80.1607,335.6,1,1,2026-05-23,951,Aqua,MODIS,78,61.03,315.3,16.3,D,0
20.8657,82.1459,329,1.1,1,2026-05-23,951,Aqua,MODIS,67,61.03,304,15.7,D,0
20.8732,81.7957,330.2,1.1,1,2026-05-23,951,Aqua,MODIS,60,61.03,308.3,12.7,D,0
20.8762,82.1547,332.4,1.1,1,2026-05-23,951,Aqua,MODIS,75,61.03,306.5,20.2,D,0
20.8786,81.9681,328.8,1.1,1,2026-05-23,951,Aqua,MODIS,43,61.03,307.5,11.4,D,0
20.8876,81.9667,333.6,1.1,1,2026-05-23,951,Aqua,MODIS,66,61.03,310.4,17,D,0
20.8981,81.9753,330.7,1.1,1,2026-05-23,951,Aqua,MODIS,62,61.03,311.6,12.8,D,0
20.908,81.9774,331,1.1,1,2026-05-23,951,Aqua,MODIS,46,61.03,310.5,14.3,D,0
20.9418,82.792,347.2,1.2,1.1,2026-05-23,951,Aqua,MODIS,91,61.03,315.5,47.7,D,0
20.9432,82.8029,331,1.2,1.1,2026-05-23,951,Aqua,MODIS,73,61.03,314.4,13.7,D,0
20.9451,81.9101,331.6,1.1,1,2026-05-23,951,Aqua,MODIS,72,61.03,312.9,14.8,D,0
20.9464,81.9201,332.4,1.1,1,2026-05-23,951,Aqua,MODIS,74,61.03,313.4,15.9,D,0
20.9624,81.9689,351.4,1.1,1,2026-05-23,951,Aqua,MODIS,94,61.03,312.2,53.8,D,0
20.9638,81.979,341.1,1.1,1,2026-05-23,951,Aqua,MODIS,85,61.03,310.1,31.4,D,0
20.97,80.8953,331.6,1,1,2026-05-23,951,Aqua,MODIS,71,61.03,314.7,12.1,D,0
20.9728,81.9776,333.2,1.1,1,2026-05-23,951,Aqua,MODIS,74,61.03,308.2,18.2,D,0
20.9819,81.9762,328.4,1.1,1,2026-05-23,951,Aqua,MODIS,52,61.03,309.1,11.1,D,0
21.0282,81.9838,331.3,1.1,1,2026-05-23,951,Aqua,MODIS,65,61.03,314.6,14,D,0
21.0328,80.0523,344.5,1,1,2026-05-23,951,Aqua,MODIS,88,61.03,315.6,29.9,D,0
21.0722,81.9667,339.6,1.1,1,2026-05-23,951,Aqua,MODIS,83,61.03,314.3,29.3,D,0
21.0792,82.0173,332,1.1,1,2026-05-23,951,Aqua,MODIS,33,61.03,315.9,13.7,D,0
21.0866,80.8802,339.4,1,1,2026-05-23,951,Aqua,MODIS,83,61.03,319.5,20.3,D,0
21.1497,81.9892,336.3,1.1,1,2026-05-23,951,Aqua,MODIS,79,61.03,309.6,24.1,D,0
21.1511,81.9994,331.9,1.1,1,2026-05-23,951,Aqua,MODIS,62,61.03,311.9,16.7,D,0
21.223,83.1623,334.1,1.2,1.1,2026-05-23,951,Aqua,MODIS,78,61.03,315.2,21.9,D,0
21.2281,78.7169,333.8,1,1,2026-05-23,951,Aqua,MODIS,76,61.03,298.6,19.4,D,0
21.2612,82.8944,334.3,1.2,1.1,2026-05-23,951,Aqua,MODIS,71,61.03,314.7,18.1,D,0
21.2627,82.9056,349.8,1.2,1.1,2026-05-23,951,Aqua,MODIS,93,61.03,314.9,53.7,D,0
21.2722,82.9042,333,1.2,1.1,2026-05-23,951,Aqua,MODIS,69,61.03,314.9,15.8,D,0
21.3581,81.7636,338.6,1.1,1,2026-05-23,951,Aqua,MODIS,82,61.03,317.1,20.4,D,0
21.4491,79.4441,331.3,1,1,2026-05-23,951,Aqua,MODIS,73,61.03,310,13.9,D,0
21.6294,77.0473,331.6,1.2,1.1,2026-05-23,951,Aqua,MODIS,61,61.03,312.2,14.1,D,0
21.72,82.8875,333.9,1.2,1.1,2026-05-23,951,Aqua,MODIS,75,61.03,315.8,17.5,D,0
21.7215,82.8989,387.7,1.2,1.1,2026-05-23,951,Aqua,MODIS,94,61.03,320.2,223.4,D,0
21.723,82.9103,360.6,1.2,1.1,2026-05-23,951,Aqua,MODIS,75,61.03,313.7,90.5,D,0
21.727,81.7628,335.9,1.1,1,2026-05-23,951,Aqua,MODIS,71,61.03,316.3,16.6,D,0
21.7296,82.8861,341.3,1.2,1.1,2026-05-23,951,Aqua,MODIS,85,61.03,315.9,32,D,0
21.7311,82.8975,382.7,1.2,1.1,2026-05-23,951,Aqua,MODIS,100,61.03,317.7,191.9,D,0
21.7325,82.9089,350.4,1.2,1.1,2026-05-23,951,Aqua,MODIS,88,61.03,314.5,56.8,D,0
21.7392,82.8847,343.9,1.2,1.1,2026-05-23,951,Aqua,MODIS,88,61.03,314.6,38.8,D,0
21.7406,82.896,335.8,1.2,1.1,2026-05-23,951,Aqua,MODIS,78,61.03,313.1,21.1,D,0
21.7481,82.9533,333,1.2,1.1,2026-05-23,951,Aqua,MODIS,69,61.03,313.3,15.9,D,0
21.7496,82.9648,336.1,1.2,1.1,2026-05-23,951,Aqua,MODIS,79,61.03,313.6,21.6,D,0
21.7577,82.9518,336.3,1.2,1.1,2026-05-23,951,Aqua,MODIS,76,61.03,313.3,21.5,D,0
21.7593,82.9633,335.2,1.2,1.1,2026-05-23,951,Aqua,MODIS,74,61.03,312.8,18.8,D,0
21.8298,81.9063,331.7,1.1,1,2026-05-23,951,Aqua,MODIS,68,61.03,317.2,11.1,D,0
21.8312,81.9166,331,1.1,1,2026-05-23,951,Aqua,MODIS,66,61.03,317.1,9.7,D,0
21.8652,83.3752,338.8,1.3,1.1,2026-05-23,951,Aqua,MODIS,83,61.03,314.4,32.5,D,0
21.8787,79.3381,331.5,1,1,2026-05-23,951,Aqua,MODIS,61,61.03,314,10.4,D,0
22.0292,82.508,327.6,1.2,1.1,2026-05-23,951,Aqua,MODIS,51,61.03,312.4,12.6,D,0
22.0374,80.2307,330.9,1,1,2026-05-23,951,Aqua,MODIS,70,61.03,312.8,13.2,D,0
22.0877,83.1158,329.3,1.3,1.1,2026-05-23,951,Aqua,MODIS,67,61.03,315.1,13.6,D,0
22.2533,73.9503,330.4,1.9,1.3,2026-05-23,951,Aqua,MODIS,67,61.03,307.5,28,D,0
22.3151,76.3853,338.3,1.3,1.1,2026-05-23,951,Aqua,MODIS,78,61.03,314,31.6,D,0
22.4034,81.0472,330.5,1,1,2026-05-23,951,Aqua,MODIS,70,61.03,307.9,17.7,D,0
22.4229,79.5619,333.3,1,1,2026-05-23,951,Aqua,MODIS,70,61.03,317.2,10.4,D,0
22.4719,79.5918,333.1,1,1,2026-05-23,951,Aqua,MODIS,70,61.03,316.3,10.4,D,0
22.5701,81.4472,324.9,1.1,1,2026-05-23,951,Aqua,MODIS,45,61.03,309.6,10.4,D,0
22.929,80.5026,331.7,1,1,2026-05-23,951,Aqua,MODIS,67,61.03,317.5,10.8,D,0
23.16,82.868,327.8,1.3,1.1,2026-05-23,951,Aqua,MODIS,64,61.03,312.7,10.7,D,0
23.2536,79.3708,334.3,1,1,2026-05-23,951,Aqua,MODIS,78,61.03,317,11.6,D,0
23.2755,79.5795,330.6,1,1,2026-05-23,951,Aqua,MODIS,68,61.03,312.2,9.4,D,0
23.2776,82.195,329.3,1.2,1.1,2026-05-23,951,Aqua,MODIS,66,61.03,311.6,13.5,D,0
23.2782,78.7365,335.5,1,1,2026-05-23,951,Aqua,MODIS,78,61.03,315.1,13.3,D,0
23.498,82.9589,327.9,1.3,1.1,2026-05-23,951,Aqua,MODIS,54,61.03,312.7,11.3,D,0
23.5083,80.1726,332.1,1,1,2026-05-23,951,Aqua,MODIS,72,61.03,313.7,16.2,D,0
23.5096,80.1821,341.3,1,1,2026-05-23,951,Aqua,MODIS,85,61.03,310.1,31,D,0
23.5919,81.1582,328.7,1.1,1,2026-05-23,951,Aqua,MODIS,66,61.03,315.1,9.8,D,0
23.6417,81.3896,333.1,1.1,1,2026-05-23,951,Aqua,MODIS,76,61.03,316.4,13.4,D,0
23.7971,80.1083,333.5,1,1,2026-05-23,951,Aqua,MODIS,69,61.03,318.2,13.5,D,0
23.8459,79.6851,332.9,1,1,2026-05-23,951,Aqua,MODIS,67,61.03,317,11.2,D,0
23.8899,81.0503,326.3,1.1,1,2026-05-23,951,Aqua,MODIS,32,61.03,310.1,7.1,D,0
23.9897,81.6473,326.6,1.1,1.1,2026-05-23,951,Aqua,MODIS,43,61.03,309.4,9.5,D,0
24.0008,81.1813,331.7,1.1,1,2026-05-23,951,Aqua,MODIS,71,61.03,310.1,16,D,0
24.0299,81.8207,325.4,1.1,1.1,2026-05-23,951,Aqua,MODIS,44,61.03,308.2,8.9,D,0
24.1334,79.9378,328.4,1,1,2026-05-23,951,Aqua,MODIS,45,61.03,312.4,6.9,D,0
24.1422,81.0005,335.9,1.1,1,2026-05-23,951,Aqua,MODIS,45,61.03,313.2,19.3,D,0
24.3978,83.6388,328.4,1.5,1.2,2026-05-23,951,Aqua,MODIS,69,61.03,310.8,17.6,D,0
24.4617,82.0916,328.6,1.2,1.1,2026-05-23,952,Aqua,MODIS,51,61.03,309.2,12.8,D,0
24.4631,82.1029,336.6,1.2,1.1,2026-05-23,952,Aqua,MODIS,80,61.03,310.2,26.7,D,0
24.9435,80.9281,337.2,1.1,1,2026-05-23,952,Aqua,MODIS,80,61.03,310.6,22.9,D,0
24.9449,80.9384,335.2,1.1,1,2026-05-23,952,Aqua,MODIS,78,61.03,310.6,19.3,D,0
24.9525,80.9266,335.8,1.1,1,2026-05-23,952,Aqua,MODIS,68,61.03,311.6,22.1,D,0
25.193,77.8744,332.8,1,1,2026-05-23,952,Aqua,MODIS,67,61.03,315.9,9.6,D,0
25.4013,78.4356,332.1,1,1,2026-05-23,952,Aqua,MODIS,41,61.03,316.3,8.6,D,0
25.4043,76.1486,331.4,1.2,1.1,2026-05-23,952,Aqua,MODIS,49,61.03,312.8,14.8,D,0
25.4063,76.1601,338,1.2,1.1,2026-05-23,952,Aqua,MODIS,81,61.03,313,25.9,D,0
25.4406,77.7988,336.4,1,1,2026-05-23,952,Aqua,MODIS,71,61.03,315.1,13.8,D,0
25.4421,77.8088,356.6,1,1,2026-05-23,952,Aqua,MODIS,97,61.03,315.7,56.7,D,0
25.4509,77.8071,339.1,1,1,2026-05-23,952,Aqua,MODIS,70,61.03,314.7,19.8,D,0
25.4598,77.8054,337.7,1,1,2026-05-23,952,Aqua,MODIS,67,61.03,313.9,19,D,0
25.4955,78.2728,340.4,1,1,2026-05-23,952,Aqua,MODIS,83,61.03,317.8,21.1,D,0
25.6901,78.453,335,1,1,2026-05-23,952,Aqua,MODIS,76,61.03,317.7,14.7,D,0
25.6916,78.4627,337,1,1,2026-05-23,952,Aqua,MODIS,79,61.03,316.3,17.4,D,0
25.6989,78.4514,376.7,1,1,2026-05-23,952,Aqua,MODIS,100,61.03,321.8,118.8,D,0
25.7003,78.461,381.3,1,1,2026-05-23,952,Aqua,MODIS,100,61.03,319.7,137.2,D,0
25.7767,79.421,332,1,1,2026-05-23,952,Aqua,MODIS,66,61.03,316.2,10.9,D,0
25.8401,79.7382,330.8,1,1,2026-05-23,952,Aqua,MODIS,45,61.03,314.5,7.3,D,0
25.8415,79.7479,335.6,1,1,2026-05-23,952,Aqua,MODIS,76,61.03,315.1,14.5,D,0
25.8488,79.7366,333.2,1,1,2026-05-23,952,Aqua,MODIS,71,61.03,314.7,11.2,D,0
25.8502,79.7464,331.7,1,1,2026-05-23,952,Aqua,MODIS,66,61.03,315,9.6,D,0
25.8956,77.9751,335.9,1,1,2026-05-23,952,Aqua,MODIS,62,61.03,312.6,17.5,D,0
25.9043,77.9734,340.6,1,1,2026-05-23,952,Aqua,MODIS,85,61.03,312.8,25.6,D,0
26.1878,79.0098,335.9,1,1,2026-05-23,952,Aqua,MODIS,80,61.03,312.4,19,D,0
26.1892,79.0194,339.5,1,1,2026-05-23,952,Aqua,MODIS,84,61.03,307.9,24.3,D,0
27.2162,78.757,326.6,1,1,2026-05-23,952,Aqua,MODIS,67,61.03,310.7,8,D,0
27.3797,81.3932,347.4,1.2,1.1,2026-05-23,952,Aqua,MODIS,0,61.03,308.1,54.3,D,0
28.624,76.6381,327.6,1.1,1,2026-05-23,953,Aqua,MODIS,66,61.03,310.5,7.6,D,0
29.2453,80.9863,323.6,1.2,1.1,2026-05-23,953,Aqua,MODIS,77,61.03,307.3,10.8,D,0
29.2725,81.0822,322,1.2,1.1,2026-05-23,953,Aqua,MODIS,60,61.03,306.6,14.1,D,0
29.2866,80.5398,313.3,1.1,1.1,2026-05-23,953,Aqua,MODIS,46,61.03,300.8,7.2,D,0
29.381,75.131,334.4,1.2,1.1,2026-05-23,953,Aqua,MODIS,72,61.03,316,17.5,D,0
29.3904,75.1288,338.5,1.2,1.1,2026-05-23,953,Aqua,MODIS,80,61.03,317.6,25.1,D,0
29.6703,79.3925,317,1,1,2026-05-23,953,Aqua,MODIS,57,61.03,305,5.9,D,0
29.6957,78.2019,327.1,1,1,2026-05-23,953,Aqua,MODIS,69,61.03,309.5,12.7,D,0
29.7159,79.7952,316.3,1.1,1,2026-05-23,953,Aqua,MODIS,49,61.03,303.5,7.6,D,0
29.7169,79.2624,316.8,1,1,2026-05-23,953,Aqua,MODIS,37,61.03,303.6,5.9,D,0
29.7173,79.806,325,1.1,1,2026-05-23,953,Aqua,MODIS,76,61.03,303.9,16.6,D,0
29.7974,78.8355,315.3,1,1,2026-05-23,953,Aqua,MODIS,40,61.03,302.8,5.1,D,0
29.813,78.5019,317.2,1,1,2026-05-23,953,Aqua,MODIS,51,61.03,306.3,4.8,D,0
29.8734,79.1243,315.7,1,1,2026-05-23,953,Aqua,MODIS,43,61.03,303,5.4,D,0
29.8777,79.4224,315.1,1.1,1,2026-05-23,953,Aqua,MODIS,19,61.03,303.6,5.9,D,0
29.8882,79.1004,327,1,1,2026-05-23,953,Aqua,MODIS,77,61.03,302.6,17.1,D,0
29.8896,79.1108,316.6,1,1,2026-05-23,953,Aqua,MODIS,26,61.03,302.2,5.6,D,0
29.8987,79.3754,324.5,1,1,2026-05-23,953,Aqua,MODIS,75,61.03,303.5,13.7,D,0
29.8992,78.7067,316.4,1,1,2026-05-23,953,Aqua,MODIS,48,61.03,304,5.2,D,0
29.9006,79.3222,319.2,1,1,2026-05-23,953,Aqua,MODIS,65,61.03,306.1,7.2,D,0
29.9134,79.4164,319.1,1.1,1,2026-05-23,953,Aqua,MODIS,65,61.03,304.5,8.9,D,0
29.9148,79.4266,317.9,1.1,1,2026-05-23,953,Aqua,MODIS,52,61.03,304.7,7.3,D,0
29.9167,79.5767,317.1,1.1,1,2026-05-23,953,Aqua,MODIS,55,61.03,302.9,6.3,D,0
29.9174,79.1805,319.5,1,1,2026-05-23,953,Aqua,MODIS,61,61.03,305.6,7.2,D,0
29.9181,79.5876,319.7,1.1,1,2026-05-23,953,Aqua,MODIS,68,61.03,302.8,8.4,D,0
29.938,79.7372,320,1.1,1,2026-05-23,953,Aqua,MODIS,69,61.03,302.4,10.7,D,0
29.9757,79.6752,316.4,1.1,1,2026-05-23,953,Aqua,MODIS,61,61.03,302,7.9,D,0
29.987,78.3638,322.5,1,1,2026-05-23,953,Aqua,MODIS,69,61.03,310.1,7.9,D,0
30.0086,74.6781,336.5,1.2,1.1,2026-05-23,953,Aqua,MODIS,79,61.03,313.2,24,D,0
30.0574,78.7955,319.3,1,1,2026-05-23,953,Aqua,MODIS,64,61.03,303.4,7.5,D,0
30.0675,78.8674,321.3,1,1,2026-05-23,953,Aqua,MODIS,65,61.03,303.6,8.5,D,0
30.07,78.9497,315.8,1,1,2026-05-23,953,Aqua,MODIS,49,61.03,301.8,6.4,D,0
30.087,78.8566,318.3,1,1,2026-05-23,953,Aqua,MODIS,41,61.03,304.2,7.1,D,0
30.0884,78.8669,319.7,1,1,2026-05-23,953,Aqua,MODIS,51,61.03,302.8,8.4,D,0
30.1063,78.7376,323.9,1,1,2026-05-23,953,Aqua,MODIS,70,61.03,302.2,13.9,D,0
30.112,78.7782,316.7,1,1,2026-05-23,953,Aqua,MODIS,45,61.03,303.1,7,D,0
30.12,76.5839,331.4,1,1,2026-05-23,953,Aqua,MODIS,73,61.03,314.5,12.9,D,0
30.1406,78.983,314.7,1,1,2026-05-23,953,Aqua,MODIS,45,61.03,302.8,5.3,D,0
30.1574,78.6395,319.5,1,1,2026-05-23,953,Aqua,MODIS,51,61.03,305.9,5.6,D,0
30.2534,79.1365,319.2,1,1,2026-05-23,953,Aqua,MODIS,59,61.03,305.2,9.5,D,0
30.264,79.0817,318.7,1,1,2026-05-23,953,Aqua,MODIS,47,61.03,306.2,7.6,D,0
30.3047,78.8348,317.5,1,1,2026-05-23,953,Aqua,MODIS,51,61.03,303.2,7.4,D,0
30.3292,78.9463,324,1,1,2026-05-23,953,Aqua,MODIS,74,61.03,302.4,13,D,0
30.3335,79.3095,321.1,1.1,1,2026-05-23,953,Aqua,MODIS,71,61.03,299.8,10.8,D,0
30.3381,78.9451,327.4,1,1,2026-05-23,953,Aqua,MODIS,78,61.03,305.1,16.3,D,0
30.3463,78.2281,316.8,1,1,2026-05-23,953,Aqua,MODIS,40,61.03,303,7.7,D,0
30.3583,79.026,328,1,1,2026-05-23,953,Aqua,MODIS,79,61.03,305.4,16.7,D,0
30.3597,79.0363,319.7,1,1,2026-05-23,953,Aqua,MODIS,67,61.03,304.4,7.8,D,0
30.3651,78.4842,334.9,1,1,2026-05-23,953,Aqua,MODIS,84,61.03,309.6,25.4,D,0
30.3665,78.4939,321.7,1,1,2026-05-23,953,Aqua,MODIS,59,61.03,306.4,8.9,D,0
30.3706,77.4377,320.5,1,1,2026-05-23,953,Aqua,MODIS,37,61.03,309,4.6,D,0
30.397,77.4945,324.8,1,1,2026-05-23,953,Aqua,MODIS,58,61.03,311.1,9.1,D,0
30.463,76.5361,335.6,1,1,2026-05-23,953,Aqua,MODIS,81,61.03,315.1,18.6,D,0
30.4695,77.2971,328.7,1,1,2026-05-23,953,Aqua,MODIS,74,61.03,311.4,13.2,D,0
30.4711,77.3072,321.5,1,1,2026-05-23,953,Aqua,MODIS,38,61.03,309.4,5.2,D,0
30.4782,77.2954,324.6,1,1,2026-05-23,953,Aqua,MODIS,52,61.03,310,8.3,D,0
30.4995,78.5076,320.8,1,1,2026-05-23,953,Aqua,MODIS,26,61.03,305.2,9.8,D,0
30.5009,78.5174,324.6,1,1,2026-05-23,953,Aqua,MODIS,72,61.03,300.5,14.5,D,0
30.5909,78.3071,324.1,1,1,2026-05-23,953,Aqua,MODIS,72,61.03,304.2,10.5,D,0
30.6746,77.7918,331.7,1,1,2026-05-23,953,Aqua,MODIS,81,61.03,307.8,19.4,D,0
30.6761,77.8018,324.9,1,1,2026-05-23,953,Aqua,MODIS,67,61.03,308.3,11.5,D,0
30.7095,76.6778,329,1,1,2026-05-23,953,Aqua,MODIS,74,61.03,314.7,10.5,D,0
30.7115,77.4792,326.1,1,1,2026-05-23,953,Aqua,MODIS,74,61.03,308.7,13.7,D,0
30.7315,77.1951,342.8,1,1,2026-05-23,953,Aqua,MODIS,90,61.03,305.9,39.7,D,0
30.733,77.2051,324.8,1,1,2026-05-23,953,Aqua,MODIS,70,61.03,304.9,13.8,D,0
30.8838,77.0367,320,1,1,2026-05-23,953,Aqua,MODIS,58,61.03,304.3,9.5,D,0
31.0172,75.9279,333.2,1.1,1,2026-05-23,953,Aqua,MODIS,78,61.03,315.4,16.4,D,0
31.1239,76.608,336.4,1,1,2026-05-23,953,Aqua,MODIS,85,61.03,310.8,23.8,D,0
31.2314,77.1801,325.6,1,1,2026-05-23,953,Aqua,MODIS,61,61.03,308.3,13.4,D,0
31.24,77.1782,325.6,1,1,2026-05-23,953,Aqua,MODIS,62,61.03,307.9,12.5,D,0
31.2476,77.2288,321.3,1,1,2026-05-23,953,Aqua,MODIS,68,61.03,306.8,9.2,D,0
30.938,75.1066,333.7,1.1,1.1,2026-05-23,954,Aqua,MODIS,76,61.03,316.4,15.5,D,0
31.0867,75.5531,333.1,1.1,1,2026-05-23,954,Aqua,MODIS,77,61.03,315.5,16.1,D,0
31.1461,75.5738,330.9,1.1,1,2026-05-23,954,Aqua,MODIS,74,61.03,315.2,12.2,D,0
31.1863,75.0899,327.3,1.1,1.1,2026-05-23,954,Aqua,MODIS,66,61.03,311.5,8.8,D,0
31.2036,75.6457,329.8,1.1,1,2026-05-23,954,Aqua,MODIS,74,61.03,315.6,10.3,D,0
31.3654,75.7821,330.9,1.1,1,2026-05-23,954,Aqua,MODIS,77,61.03,315.3,12.9,D,0
31.6551,76.2594,327.2,1,1,2026-05-23,954,Aqua,MODIS,72,61.03,305.8,13.6,D,0
31.6622,76.2469,327.9,1,1,2026-05-23,954,Aqua,MODIS,74,61.03,307.1,14.3,D,0
31.6638,76.2574,326.6,1,1,2026-05-23,954,Aqua,MODIS,71,61.03,306.7,13.3,D,0
31.9226,76.3013,339.7,1,1,2026-05-23,954,Aqua,MODIS,86,61.03,308.1,32.7,D,0
31.9242,76.3116,323.2,1,1,2026-05-23,954,Aqua,MODIS,58,61.03,305.9,10,D,0
31.9634,76.3887,319.8,1,1,2026-05-23,954,Aqua,MODIS,28,61.03,307.3,7,D,0
32.1273,75.2662,325.4,1.1,1,2026-05-23,954,Aqua,MODIS,48,61.03,311.4,8,D,0
32.4538,75.104,325.8,1.1,1,2026-05-23,954,Aqua,MODIS,61,61.03,312.1,7,D,0
32.6326,73.0686,331.1,1.4,1.2,2026-05-23,954,Aqua,MODIS,41,61.03,307.8,23.3,D,0
32.7537,74.6673,338.1,1.1,1.1,2026-05-23,954,Aqua,MODIS,87,61.03,317.1,25.8,D,0
32.7557,74.6788,331.4,1.1,1.1,2026-05-23,954,Aqua,MODIS,71,61.03,313.2,14.8,D,0
33.1242,74.1576,337.8,1.2,1.1,2026-05-23,954,Aqua,MODIS,87,61.03,307.9,34.1,D,0
33.1336,74.1556,337.6,1.2,1.1,2026-05-23,954,Aqua,MODIS,87,61.03,304.4,34.4,D,0
33.5729,73.7433,321.2,1.2,1.1,2026-05-23,954,Aqua,MODIS,74,61.03,304,11,D,0
16.0171,80.1819,312.5,1.4,1.2,2026-05-23,1505,Terra,MODIS,74,61.03,301.1,7.6,N,0
16.0192,80.1948,317.3,1.4,1.2,2026-05-23,1505,Terra,MODIS,92,61.03,301.3,14.2,N,0
16.1589,79.7758,316.7,1.5,1.2,2026-05-23,1506,Terra,MODIS,91,61.03,298.5,17.4,N,0
17.0208,80.2924,311.4,1.4,1.2,2026-05-23,1506,Terra,MODIS,78,61.03,298.9,8.8,N,0
17.6066,83.204,311,1,1,2026-05-23,1506,Terra,MODIS,70,61.03,299.2,5.3,N,2
18.7813,82.0557,311.6,1.1,1,2026-05-23,1506,Terra,MODIS,74,61.03,300.4,6,N,0
19.3469,78.4075,306.3,1.7,1.3,2026-05-23,1506,Terra,MODIS,54,61.03,292.7,6.1,N,0
19.3494,78.4227,310.7,1.7,1.3,2026-05-23,1506,Terra,MODIS,75,61.03,293.8,12.1,N,0
19.3562,78.3264,305.2,1.7,1.3,2026-05-23,1506,Terra,MODIS,45,61.03,290.3,5.3,N,0
19.3588,78.3419,307,1.7,1.3,2026-05-23,1506,Terra,MODIS,59,61.03,291.8,7.6,N,0
19.4564,78.1653,309.1,1.7,1.3,2026-05-23,1506,Terra,MODIS,35,61.03,294.9,8.4,N,0
19.4577,78.1713,310.9,1.7,1.3,2026-05-23,1506,Terra,MODIS,62,61.03,295,10.1,N,0
20.6402,80.3561,308.9,1.2,1.1,2026-05-23,1507,Terra,MODIS,32,61.03,298.1,5.4,N,0
20.6657,80.0132,311.4,1.3,1.1,2026-05-23,1507,Terra,MODIS,68,61.03,300.1,7,N,0
20.6675,80.0248,312.9,1.2,1.1,2026-05-23,1507,Terra,MODIS,75,61.03,300.6,8.4,N,0
20.6754,80.0114,310.7,1.3,1.1,2026-05-23,1507,Terra,MODIS,63,61.03,300.6,6.3,N,0
20.8244,81.8783,309.5,1,1,2026-05-23,1507,Terra,MODIS,66,61.03,297,6.5,N,0
20.8472,81.9731,308.9,1,1,2026-05-23,1507,Terra,MODIS,63,61.03,297.9,5.8,N,0
20.9471,86.0472,311.4,1.2,1.1,2026-05-23,1507,Terra,MODIS,74,61.03,298.4,8.7,N,2
20.9509,81.9892,313.7,1,1,2026-05-23,1507,Terra,MODIS,80,61.03,299,8.5,N,0
20.9512,85.0617,308,1.1,1,2026-05-23,1507,Terra,MODIS,60,61.03,292.4,4.9,N,0
20.9567,86.0458,313.1,1.2,1.1,2026-05-23,1507,Terra,MODIS,81,61.03,297.9,10.6,N,2
20.9642,85.1654,316.5,1.1,1.1,2026-05-23,1507,Terra,MODIS,91,61.03,296.4,11,N,2
20.9655,85.1758,316.9,1.1,1.1,2026-05-23,1507,Terra,MODIS,92,61.03,297.2,11.5,N,2
20.9661,86.0147,309,1.2,1.1,2026-05-23,1507,Terra,MODIS,63,61.03,298.4,7.4,N,2
20.9668,85.1862,315.3,1.1,1.1,2026-05-23,1507,Terra,MODIS,88,61.03,297,10,N,2
20.9721,85.1537,311.6,1.1,1.1,2026-05-23,1507,Terra,MODIS,76,61.03,294.9,6.5,N,2
20.9747,85.1745,316.8,1.1,1.1,2026-05-23,1507,Terra,MODIS,92,61.03,296.2,11.7,N,2
20.9781,81.9783,316.7,1,1,2026-05-23,1507,Terra,MODIS,91,61.03,298.3,11.1,N,0
20.9788,85.1315,311.9,1.1,1.1,2026-05-23,1507,Terra,MODIS,77,61.03,294.3,7.2,N,2
20.9795,81.9879,312.2,1,1,2026-05-23,1507,Terra,MODIS,75,61.03,299.1,7.1,N,0
21.0471,82.0158,310.7,1,1,2026-05-23,1507,Terra,MODIS,68,61.03,299.5,6.1,N,0
21.681,77.6964,308,1.7,1.3,2026-05-23,1507,Terra,MODIS,42,61.03,297.6,9,N,0
21.742,83.8408,315.6,1,1,2026-05-23,1507,Terra,MODIS,88,61.03,301.3,7.9,N,0
21.7661,84.0243,311.8,1,1,2026-05-23,1507,Terra,MODIS,77,61.03,297.7,6.5,N,2
21.8239,83.9005,312.2,1,1,2026-05-23,1507,Terra,MODIS,78,61.03,301,5.8,N,0
21.8309,78.2435,314.8,1.6,1.2,2026-05-23,1507,Terra,MODIS,84,61.03,293.1,19.7,N,0
21.8333,78.2579,312,1.5,1.2,2026-05-23,1507,Terra,MODIS,73,61.03,293.7,15.6,N,0
21.865,83.3815,311.6,1,1,2026-05-23,1507,Terra,MODIS,74,61.03,299.7,6.2,N,0
21.9784,79.3957,315.2,1.3,1.1,2026-05-23,1507,Terra,MODIS,87,61.03,298.3,14.8,N,0
22.01,79.3397,310.4,1.3,1.1,2026-05-23,1507,Terra,MODIS,68,61.03,298.1,9.4,N,0
22.0395,83.7271,312.5,1,1,2026-05-23,1507,Terra,MODIS,79,61.03,301.8,6.7,N,2
22.0669,78.9885,309.7,1.4,1.2,2026-05-23,1507,Terra,MODIS,64,61.03,299.1,8.7,N,0
22.0877,83.1153,313.1,1,1,2026-05-23,1507,Terra,MODIS,80,61.03,301.6,7,N,0
22.101,78.064,311.9,1.6,1.2,2026-05-23,1507,Terra,MODIS,74,61.03,297.5,13.4,N,0
22.1958,78.8986,308.9,1.4,1.2,2026-05-23,1507,Terra,MODIS,58,61.03,298.1,8.1,N,0
22.2104,79.5618,307.3,1.3,1.1,2026-05-23,1507,Terra,MODIS,50,61.03,296.5,5.9,N,0
22.3733,76.894,312.9,1.9,1.3,2026-05-23,1507,Terra,MODIS,77,61.03,296.9,19.6,N,0
22.3781,76.8995,310.7,1.9,1.3,2026-05-23,1507,Terra,MODIS,67,61.03,296.7,15.9,N,0
22.5559,77.3283,308.6,1.7,1.3,2026-05-23,1507,Terra,MODIS,24,61.03,296.6,15.1,N,0
22.5574,77.3392,307.8,1.7,1.3,2026-05-23,1507,Terra,MODIS,49,61.03,296.4,13.2,N,0
22.7649,77.0623,312.1,1.8,1.3,2026-05-23,1507,Terra,MODIS,73,61.03,299,12.6,N,0
22.8926,79.4629,312.7,1.2,1.1,2026-05-23,1507,Terra,MODIS,77,61.03,298.3,9,N,0
22.9023,79.461,312,1.2,1.1,2026-05-23,1507,Terra,MODIS,74,61.03,299.2,8.6,N,0
23.0654,83.0461,306.6,1,1,2026-05-23,1507,Terra,MODIS,41,61.03,296,5.4,N,0
23.3491,82.4223,310.1,1,1,2026-05-23,1507,Terra,MODIS,69,61.03,298.3,5.6,N,0
23.5508,80.8126,313.1,1.1,1,2026-05-23,1507,Terra,MODIS,80,61.03,300.4,8.2,N,0
23.7598,86.4005,310.2,1.4,1.2,2026-05-23,1507,Terra,MODIS,44,61.03,291.3,7.8,N,2
23.78,86.2102,308.8,1.4,1.2,2026-05-23,1507,Terra,MODIS,68,61.03,287.8,9.1,N,2
23.2275,77.0578,308.7,1.8,1.3,2026-05-23,1508,Terra,MODIS,54,61.03,298.4,9.6,N,0
23.355,77.2611,308.7,1.7,1.3,2026-05-23,1508,Terra,MODIS,57,61.03,297.4,9.9,N,0
23.3577,77.277,307.5,1.7,1.3,2026-05-23,1508,Terra,MODIS,46,61.03,297.3,7.9,N,0
23.4419,78.8401,309.8,1.3,1.1,2026-05-23,1508,Terra,MODIS,38,61.03,298.6,6.3,N,0
23.4733,79.1009,310.6,1.3,1.1,2026-05-23,1508,Terra,MODIS,67,61.03,300.5,7.3,N,0
23.5482,78.8591,308.1,1.3,1.1,2026-05-23,1508,Terra,MODIS,55,61.03,296.4,6.1,N,0
23.5487,78.8647,313.4,1.3,1.1,2026-05-23,1508,Terra,MODIS,80,61.03,297.1,11.3,N,0
23.5719,78.8157,310.4,1.3,1.1,2026-05-23,1508,Terra,MODIS,69,61.03,296.3,9.6,N,0
23.7144,79.0604,308.2,1.3,1.1,2026-05-23,1508,Terra,MODIS,58,61.03,296.3,6.7,N,0
23.8967,80.5265,307.9,1.1,1,2026-05-23,1508,Terra,MODIS,49,61.03,296.3,5,N,0
24.2068,82.7092,312.4,1,1,2026-05-23,1508,Terra,MODIS,68,61.03,302.1,5.5,N,0
24.3971,77.0512,310.5,1.7,1.3,2026-05-23,1508,Terra,MODIS,66,61.03,299.8,10.8,N,0
24.4534,77.3761,309.4,1.6,1.2,2026-05-23,1508,Terra,MODIS,62,61.03,299.1,8.3,N,0
24.5592,79.3159,310.8,1.2,1.1,2026-05-23,1508,Terra,MODIS,72,61.03,300,7.2,N,0
24.7872,80.0585,310.4,1.1,1,2026-05-23,1508,Terra,MODIS,68,61.03,298.2,6,N,0
24.9183,80.4353,326.6,1.1,1,2026-05-23,1508,Terra,MODIS,100,61.03,297.2,22,N,0
25.0043,81.8664,316.9,1,1,2026-05-23,1508,Terra,MODIS,91,61.03,296.9,11,N,0
25.2116,76.6698,311.7,1.7,1.3,2026-05-23,1508,Terra,MODIS,68,61.03,301.4,10.7,N,0
26.0639,80.1803,315.5,1.1,1,2026-05-23,1508,Terra,MODIS,87,61.03,300,9.8,N,0
29.249,80.9897,308,1,1,2026-05-23,1509,Terra,MODIS,73,61.03,295.2,6.3,N,0
29.2504,80.9996,306.5,1,1,2026-05-23,1509,Terra,MODIS,68,61.03,294.2,5.4,N,0
29.2518,81.0096,310.7,1,1,2026-05-23,1509,Terra,MODIS,81,61.03,294.1,8.1,N,0
29.2806,80.8303,306.5,1,1,2026-05-23,1509,Terra,MODIS,68,61.03,295.4,4.7,N,0
29.281,79.7375,306.3,1,1,2026-05-23,1509,Terra,MODIS,68,61.03,294.6,6.3,N,0
29.4765,79.4345,309.9,1.1,1,2026-05-23,1509,Terra,MODIS,79,61.03,292.3,9.7,N,0
29.5606,80.8521,303.9,1,1,2026-05-23,1509,Terra,MODIS,57,61.03,291.3,5.4,N,0
29.7546,79.7517,307.1,1,1,2026-05-23,1509,Terra,MODIS,70,61.03,292.7,7,N,0
29.8361,79.6776,305.8,1,1,2026-05-23,1509,Terra,MODIS,66,61.03,289.7,7.2,N,0
29.8563,80.1255,305.9,1,1,2026-05-23,1509,Terra,MODIS,32,61.03,292,7,N,0
29.8656,79.6918,303,1,1,2026-05-23,1509,Terra,MODIS,53,61.03,292.2,4.2,N,0
29.9025,79.3781,304.1,1.1,1,2026-05-23,1509,Terra,MODIS,58,61.03,292.9,4.8,N,0
29.9051,79.826,305,1,1,2026-05-23,1509,Terra,MODIS,63,61.03,292.7,5.5,N,0
29.9143,79.5803,303.8,1,1,2026-05-23,1509,Terra,MODIS,57,61.03,290.6,5.5,N,0
29.9245,79.8962,307.9,1,1,2026-05-23,1509,Terra,MODIS,45,61.03,289.4,8.7,N,0
29.9246,79.5886,300.8,1,1,2026-05-23,1509,Terra,MODIS,16,61.03,290.7,3.3,N,0
29.946,79.7336,304.9,1,1,2026-05-23,1509,Terra,MODIS,61,61.03,291.6,5.4,N,0
29.9475,79.7441,303,1,1,2026-05-23,1509,Terra,MODIS,51,61.03,291.5,4.3,N,0
30.064,78.7966,304.9,1.1,1,2026-05-23,1509,Terra,MODIS,62,61.03,292.8,6.3,N,0
30.0756,78.8717,305.8,1.1,1,2026-05-23,1509,Terra,MODIS,66,61.03,294.9,5.7,N,0
30.1011,78.733,302,1.1,1,2026-05-23,1509,Terra,MODIS,46,61.03,291,4.8,N,0
30.1012,78.8562,310.8,1.1,1,2026-05-23,1509,Terra,MODIS,81,61.03,293.1,9.8,N,0
30.1028,78.8664,311.2,1.1,1,2026-05-23,1509,Terra,MODIS,82,61.03,294,9.9,N,0
30.1177,78.8416,302.7,1.1,1,2026-05-23,1509,Terra,MODIS,51,61.03,292.6,4.9,N,0
30.1226,79.4234,309.2,1,1,2026-05-23,1509,Terra,MODIS,77,61.03,290.4,10.4,N,0
30.1243,79.4347,307.6,1,1,2026-05-23,1509,Terra,MODIS,72,61.03,288.6,9.7,N,0
30.1973,78.8177,314.5,1.1,1,2026-05-23,1509,Terra,MODIS,89,61.03,294.3,12.1,N,0
30.2196,78.7265,311.8,1.1,1,2026-05-23,1509,Terra,MODIS,83,61.03,296.3,8.9,N,0
30.3012,78.8925,304,1.1,1,2026-05-23,1509,Terra,MODIS,56,61.03,291.1,5.3,N,0
30.4741,77.3045,315.8,1.3,1.1,2026-05-23,1509,Terra,MODIS,92,61.03,301,12.9,N,0
30.5614,77.9579,303.8,1.2,1.1,2026-05-23,1509,Terra,MODIS,12,61.03,289.2,6.3,N,0
30.6244,77.4118,311,1.2,1.1,2026-05-23,1509,Terra,MODIS,81,61.03,296,10.2,N,0
30.7431,78.3977,306.4,1.1,1.1,2026-05-23,1509,Terra,MODIS,12,61.03,292.5,9.2,N,0
33.135,74.1361,307.3,1.7,1.3,2026-05-23,1510,Terra,MODIS,66,61.03,295.5,11,N,0
33.1371,74.1491,327.7,1.7,1.3,2026-05-23,1510,Terra,MODIS,100,61.03,297.5,53.4,N,0
33.1384,74.1544,331.6,1.7,1.3,2026-05-23,1510,Terra,MODIS,100,61.03,298,63.6,N,0
33.1404,74.1663,307.5,1.7,1.3,2026-05-23,1510,Terra,MODIS,72,61.03,296.9,12.5,N,0
33.1483,74.1463,312.2,1.7,1.3,2026-05-23,1510,Terra,MODIS,84,61.03,295.5,19.8,N,0
33.1589,74.6384,307,1.6,1.2,2026-05-23,1510,Terra,MODIS,67,61.03,293.4,12,N,0
33.1847,74.1534,307.4,1.7,1.3,2026-05-23,1510,Terra,MODIS,71,61.03,296.5,12.2,N,0