latitude,longitude,brightness,scan,track,acq_date,acq_time,satellite,instrument,confidence,version,bright_t31,frp,daynight,type
28.5645,82.0517,324.1,1.8,1.3,2026-04-14,320,Terra,MODIS,79,61.03,296.7,38.5,D,0
28.572,82.0598,314,1.8,1.3,2026-04-14,320,Terra,MODIS,53,61.03,295.7,16.5,D,0
29.5518,90.9952,313.4,1.2,1.1,2026-04-14,320,Terra,MODIS,74,61.03,293.4,8.6,D,0
29.6339,91.2362,308.7,1.2,1.1,2026-04-14,320,Terra,MODIS,49,61.03,292.3,5.8,D,0
29.6349,90.9955,313.6,1.2,1.1,2026-04-14,320,Terra,MODIS,43,61.03,291.7,6.9,D,0
29.645,91.2875,311.7,1.2,1.1,2026-04-14,320,Terra,MODIS,68,61.03,291.9,9.4,D,0
29.6679,91.2067,313.1,1.2,1.1,2026-04-14,320,Terra,MODIS,67,61.03,289.7,10.5,D,0
29.6732,91.3241,307.5,1.2,1.1,2026-04-14,320,Terra,MODIS,39,61.03,291.1,5.6,D,0
23.0013,93.9113,309.4,2.4,1.5,2026-04-14,321,Terra,MODIS,45,61.03,296.9,17.9,D,0
24.1259,94.275,311.3,2.4,1.5,2026-04-14,321,Terra,MODIS,59,61.03,297.6,17.2,D,0
24.1282,94.2698,311.4,2.4,1.5,2026-04-14,321,Terra,MODIS,51,61.03,297.4,16.8,D,0
24.9396,83.7592,323.2,1.3,1.1,2026-04-14,321,Terra,MODIS,64,61.03,309.1,11.6,D,0
24.972,85.1394,325.5,1.1,1,2026-04-14,321,Terra,MODIS,71,61.03,306.9,14.3,D,0
24.9733,85.1288,325.5,1.1,1,2026-04-14,321,Terra,MODIS,71,61.03,307.7,14.6,D,0
24.9977,83.9592,322.5,1.2,1.1,2026-04-14,321,Terra,MODIS,38,61.03,309.4,7.8,D,0
25.001,85.7594,320.3,1,1,2026-04-14,321,Terra,MODIS,60,61.03,308.9,7,D,0
25.0144,85.8639,325.1,1,1,2026-04-14,321,Terra,MODIS,72,61.03,309,12.5,D,0
25.0347,87.3778,319.8,1,1,2026-04-14,321,Terra,MODIS,67,61.03,304,9.3,D,2
25.0762,85.3323,320.5,1.1,1,2026-04-14,321,Terra,MODIS,59,61.03,307.3,7.4,D,0
25.0775,85.3219,320,1.1,1,2026-04-14,321,Terra,MODIS,57,61.03,308.4,7,D,0
25.1041,83.9192,334.2,1.3,1.1,2026-04-14,321,Terra,MODIS,82,61.03,310.5,27.2,D,0
25.1139,83.9206,323.1,1.3,1.1,2026-04-14,321,Terra,MODIS,58,61.03,310,9.8,D,0
25.1384,83.7995,322.9,1.3,1.1,2026-04-14,321,Terra,MODIS,63,61.03,310.5,9.9,D,0
25.1513,84.1272,323.4,1.2,1.1,2026-04-14,321,Terra,MODIS,66,61.03,309.6,11.1,D,0
25.1599,83.9517,322,1.3,1.1,2026-04-14,321,Terra,MODIS,53,61.03,308.4,8.5,D,0
25.1614,83.9396,325.7,1.3,1.1,2026-04-14,321,Terra,MODIS,70,61.03,308.8,14.3,D,0
25.1701,85.2465,318.9,1.1,1,2026-04-14,321,Terra,MODIS,53,61.03,307.1,7.1,D,0
25.1897,83.8877,326.1,1.3,1.1,2026-04-14,321,Terra,MODIS,68,61.03,310.2,12.9,D,0
25.1925,84.1931,322.9,1.2,1.1,2026-04-14,321,Terra,MODIS,64,61.03,310.3,10.3,D,0
25.2006,83.9635,327.4,1.3,1.1,2026-04-14,321,Terra,MODIS,73,61.03,308.2,16.9,D,0
25.202,83.9514,335.1,1.3,1.1,2026-04-14,321,Terra,MODIS,83,61.03,310,31.5,D,0
25.2055,85.3966,319.3,1.1,1,2026-04-14,321,Terra,MODIS,57,61.03,307.2,7,D,0
25.2196,84.052,333.1,1.2,1.1,2026-04-14,321,Terra,MODIS,81,61.03,309.1,27.7,D,0
25.2406,84.0427,337,1.2,1.1,2026-04-14,321,Terra,MODIS,85,61.03,309.2,35.2,D,0
25.336,85.0236,320,1.1,1.1,2026-04-14,321,Terra,MODIS,59,61.03,307.6,8.1,D,0
26.0925,83.3903,324.2,1.4,1.2,2026-04-14,321,Terra,MODIS,70,61.03,308.2,15.3,D,0
26.3618,83.7952,323.1,1.3,1.1,2026-04-14,321,Terra,MODIS,61,61.03,308.6,10.3,D,0
26.4085,83.7423,322.3,1.3,1.1,2026-04-14,321,Terra,MODIS,54,61.03,309.4,8.6,D,0
26.4224,83.529,321,1.4,1.2,2026-04-14,321,Terra,MODIS,65,61.03,308.5,10.9,D,0
26.429,83.3993,324.4,1.4,1.2,2026-04-14,321,Terra,MODIS,71,61.03,309,14.4,D,0
26.465,83.6969,320.7,1.3,1.1,2026-04-14,321,Terra,MODIS,65,61.03,307.6,10,D,0
26.5048,83.519,321.5,1.4,1.2,2026-04-14,321,Terra,MODIS,41,61.03,307,10.1,D,0
26.5073,83.5132,326.7,1.4,1.2,2026-04-14,321,Terra,MODIS,75,61.03,307.5,19.8,D,0
26.6407,83.3068,325.2,1.4,1.2,2026-04-14,321,Terra,MODIS,64,61.03,308.1,16.2,D,0
26.8296,82.9124,321.2,1.5,1.2,2026-04-14,321,Terra,MODIS,45,61.03,305.9,10.9,D,0
26.8337,83.2161,326.7,1.5,1.2,2026-04-14,321,Terra,MODIS,72,61.03,308.5,18.9,D,0
26.8778,82.9102,322.4,1.5,1.2,2026-04-14,321,Terra,MODIS,52,61.03,308.3,10.6,D,0
26.919,82.9307,321.9,1.5,1.2,2026-04-14,321,Terra,MODIS,49,61.03,307.5,10.8,D,0
26.9257,82.8707,321.6,1.5,1.2,2026-04-14,321,Terra,MODIS,52,61.03,308.5,11,D,0
26.9458,82.925,321.1,1.5,1.2,2026-04-14,321,Terra,MODIS,64,61.03,306.6,11.7,D,0
26.9523,82.828,323.1,1.6,1.2,2026-04-14,321,Terra,MODIS,71,61.03,306.7,16.9,D,0
26.9544,83.0467,320.7,1.5,1.2,2026-04-14,321,Terra,MODIS,67,61.03,306.6,12.6,D,0
26.9676,83.1227,323,1.5,1.2,2026-04-14,321,Terra,MODIS,66,61.03,307.4,15.7,D,0
27.0166,83.5935,315.8,1.4,1.2,2026-04-14,321,Terra,MODIS,55,61.03,302.7,8.4,D,0
27.0243,82.9046,323.7,1.5,1.2,2026-04-14,321,Terra,MODIS,72,61.03,306.8,17.9,D,0
27.0632,82.886,327.8,1.5,1.2,2026-04-14,321,Terra,MODIS,78,61.03,308.6,23.9,D,0
27.0864,83.0709,326,1.5,1.2,2026-04-14,321,Terra,MODIS,60,61.03,306.1,21.6,D,0
27.0897,82.8431,328.3,1.6,1.2,2026-04-14,321,Terra,MODIS,78,61.03,308.4,25.5,D,0
27.1063,82.8915,324.6,1.5,1.2,2026-04-14,321,Terra,MODIS,74,61.03,307.2,17.4,D,0
27.1074,83.1244,319.3,1.5,1.2,2026-04-14,321,Terra,MODIS,56,61.03,303.4,13.7,D,0
27.1106,82.7523,328,1.6,1.2,2026-04-14,321,Terra,MODIS,39,61.03,308.6,20,D,0
27.1169,83.0359,318.7,1.5,1.2,2026-04-14,321,Terra,MODIS,63,61.03,304.9,11.4,D,0
27.1185,83.3164,314.9,1.4,1.2,2026-04-14,321,Terra,MODIS,41,61.03,302.1,8.4,D,0
27.1211,82.9547,328.1,1.5,1.2,2026-04-14,321,Terra,MODIS,78,61.03,306.6,24.4,D,0
27.1248,82.9612,321.3,1.5,1.2,2026-04-14,321,Terra,MODIS,62,61.03,306.3,12.3,D,0
27.1264,82.9461,328,1.5,1.2,2026-04-14,321,Terra,MODIS,78,61.03,306.8,25.7,D,0
27.1273,82.8013,328.2,1.6,1.2,2026-04-14,321,Terra,MODIS,78,61.03,308.5,24.7,D,0
27.1445,82.6677,322.2,1.6,1.2,2026-04-14,321,Terra,MODIS,59,61.03,308.2,12.4,D,0
27.1485,82.8412,328.8,1.6,1.2,2026-04-14,321,Terra,MODIS,79,61.03,305.6,29.5,D,0
27.1652,82.8898,327.2,1.5,1.2,2026-04-14,321,Terra,MODIS,77,61.03,307.4,25.8,D,0
27.1668,82.8746,324.3,1.6,1.2,2026-04-14,321,Terra,MODIS,73,61.03,305.5,19.3,D,0
27.1883,83.0753,317.1,1.5,1.2,2026-04-14,321,Terra,MODIS,57,61.03,303.8,10.4,D,0
27.2214,84.6321,313.9,1.2,1.1,2026-04-14,321,Terra,MODIS,62,61.03,299.2,7.4,D,0
27.2305,82.6945,321.1,1.6,1.2,2026-04-14,321,Terra,MODIS,48,61.03,304.9,14.8,D,0
27.2711,82.9564,328.8,1.5,1.2,2026-04-14,321,Terra,MODIS,79,61.03,303.1,34.9,D,0
27.2719,82.8484,323.1,1.6,1.2,2026-04-14,321,Terra,MODIS,72,61.03,305.6,18.9,D,0
27.2826,82.6441,325.6,1.6,1.2,2026-04-14,321,Terra,MODIS,65,61.03,305.8,22.2,D,0
27.286,82.6123,319.2,1.6,1.3,2026-04-14,321,Terra,MODIS,35,61.03,303.8,12.3,D,0
27.3046,82.6469,331.3,1.6,1.2,2026-04-14,321,Terra,MODIS,82,61.03,306.1,33.7,D,0
27.3101,84.8211,313.8,1.2,1.1,2026-04-14,321,Terra,MODIS,47,61.03,297.3,8.5,D,0
27.3155,83.0899,322.3,1.5,1.2,2026-04-14,321,Terra,MODIS,72,61.03,301.3,20.7,D,0
27.3191,82.6165,319.3,1.6,1.3,2026-04-14,321,Terra,MODIS,49,61.03,305.8,12.2,D,0
27.3197,84.8226,313.4,1.2,1.1,2026-04-14,321,Terra,MODIS,50,61.03,297.7,8.5,D,0
27.3208,82.6005,327.3,1.6,1.3,2026-04-14,321,Terra,MODIS,77,61.03,305.7,30.9,D,0
27.3241,82.9078,317.5,1.6,1.2,2026-04-14,321,Terra,MODIS,61,61.03,301.7,13.4,D,0
27.3262,83.0912,316.5,1.5,1.2,2026-04-14,321,Terra,MODIS,26,61.03,301.6,10.1,D,0
27.332,83.137,323.7,1.5,1.2,2026-04-14,321,Terra,MODIS,74,61.03,301.4,23.1,D,0
27.3598,83.0806,319.5,1.5,1.2,2026-04-14,321,Terra,MODIS,67,61.03,300.5,16.4,D,0
27.4123,83.1393,317.5,1.5,1.2,2026-04-14,321,Terra,MODIS,45,61.03,302.5,9.9,D,0
27.4229,83.1407,321.1,1.5,1.2,2026-04-14,321,Terra,MODIS,68,61.03,301.9,16.6,D,0
27.4294,83.0813,318.9,1.5,1.2,2026-04-14,321,Terra,MODIS,67,61.03,301.8,13.1,D,0
27.431,83.0663,327.2,1.5,1.2,2026-04-14,321,Terra,MODIS,79,61.03,302.2,30.2,D,0
27.4499,83.1891,316.9,1.5,1.2,2026-04-14,321,Terra,MODIS,46,61.03,301.3,10.8,D,0
20.7579,85.2996,314.6,1,1,2026-04-14,322,Terra,MODIS,40,61.03,301,5.2,D,0
20.792,85.2623,314.8,1,1,2026-04-14,322,Terra,MODIS,35,61.03,300.1,4.5,D,2
20.7933,85.2528,317.6,1,1,2026-04-14,322,Terra,MODIS,59,61.03,301,6.8,D,2
20.955,85.0093,318.9,1,1,2026-04-14,322,Terra,MODIS,61,61.03,303,6.9,D,0
20.958,85.1866,318,1,1,2026-04-14,322,Terra,MODIS,50,61.03,303,6.9,D,2
20.9593,85.177,319.9,1,1,2026-04-14,322,Terra,MODIS,64,61.03,303.1,8.9,D,2
20.9606,85.1674,320.8,1,1,2026-04-14,322,Terra,MODIS,57,61.03,303.1,9.4,D,2
20.9632,86.019,321.1,1,1,2026-04-14,322,Terra,MODIS,68,61.03,303,9.8,D,2
20.9646,86.0097,327.8,1,1,2026-04-14,322,Terra,MODIS,78,61.03,303,16.9,D,2
20.9702,85.1751,326.5,1,1,2026-04-14,322,Terra,MODIS,69,61.03,303.4,13.7,D,2
21.7441,83.8443,323.8,1.2,1.1,2026-04-14,322,Terra,MODIS,72,61.03,305.8,12.2,D,0
21.8507,83.6516,315.4,1.2,1.1,2026-04-14,322,Terra,MODIS,28,61.03,302.4,5.7,D,0
22.2225,79.395,332.1,2.4,1.5,2026-04-14,322,Terra,MODIS,80,61.03,308.5,64.3,D,0
22.29,79.498,326.7,2.3,1.5,2026-04-14,322,Terra,MODIS,73,61.03,307,40.4,D,0
22.2919,79.4911,327.8,2.3,1.5,2026-04-14,322,Terra,MODIS,75,61.03,307.1,42.1,D,0
22.3378,79.2789,326.6,2.4,1.5,2026-04-14,322,Terra,MODIS,73,61.03,308.7,37.3,D,0
22.3655,87.3047,319,1,1,2026-04-14,322,Terra,MODIS,65,61.03,303.9,9.1,D,2
22.3785,87.2775,315.2,1,1,2026-04-14,322,Terra,MODIS,29,61.03,302.7,6.7,D,2
22.4925,85.5044,316.2,1,1,2026-04-14,322,Terra,MODIS,57,61.03,303.9,5.8,D,0
23.4469,76.656,320,3.9,1.8,2026-04-14,322,Terra,MODIS,50,61.03,304.9,42.6,D,0
23.5265,84.1366,317.2,1.2,1.1,2026-04-14,322,Terra,MODIS,55,61.03,302.3,9.2,D,0
23.6788,86.3972,322.5,1,1,2026-04-14,322,Terra,MODIS,0,61.03,307.7,12,D,2
23.6824,86.0971,317.2,1,1,2026-04-14,322,Terra,MODIS,39,61.03,304.9,5.7,D,2
23.7363,86.4358,324.4,1,1,2026-04-14,322,Terra,MODIS,53,61.03,308.9,11.6,D,2
23.7787,86.2135,320.9,1,1,2026-04-14,322,Terra,MODIS,67,61.03,307,10.2,D,2
23.7952,86.3535,322.4,1,1,2026-04-14,322,Terra,MODIS,63,61.03,307.1,10.1,D,2
23.7993,86.3247,320.1,1,1,2026-04-14,322,Terra,MODIS,59,61.03,305.2,8.4,D,2
24.9419,77.0113,323.6,3.9,1.8,2026-04-14,322,Terra,MODIS,65,61.03,304.4,73.9,D,0
17.6853,82.587,326.4,1.2,1.1,2026-04-14,323,Terra,MODIS,78,61.03,303.6,21.5,D,0
17.6867,82.5757,316.9,1.2,1.1,2026-04-14,323,Terra,MODIS,62,61.03,303.7,8.9,D,0
18.6382,83.8805,316.5,1.1,1,2026-04-14,323,Terra,MODIS,42,61.03,301.1,7.3,D,0
19.269,80.8037,316.3,1.7,1.3,2026-04-14,323,Terra,MODIS,44,61.03,300.4,11.8,D,0
19.545,80.8904,318.5,1.7,1.3,2026-04-14,323,Terra,MODIS,52,61.03,301.3,15.5,D,0
20.0218,82.0097,318.1,1.4,1.2,2026-04-14,323,Terra,MODIS,57,61.03,300.4,8.9,D,0
20.1841,82.9405,319.5,1.3,1.1,2026-04-14,323,Terra,MODIS,63,61.03,304.5,8.1,D,0
13.9283,79.2297,321.3,1.9,1.3,2026-04-14,324,Terra,MODIS,65,61.03,306.1,23.1,D,0
13.9437,79.0981,322.3,1.9,1.3,2026-04-14,324,Terra,MODIS,67,61.03,305.2,24.9,D,0
13.9537,79.1156,328.2,1.9,1.3,2026-04-14,324,Terra,MODIS,77,61.03,306.9,38,D,0
13.9557,79.0989,321.5,1.9,1.3,2026-04-14,324,Terra,MODIS,45,61.03,306.9,20.3,D,0
14.0012,79.1193,322.9,1.9,1.3,2026-04-14,324,Terra,MODIS,66,61.03,306.7,21.3,D,0
14.0079,79.1262,324.4,1.9,1.3,2026-04-14,324,Terra,MODIS,69,61.03,307.8,24.8,D,0
14.0099,79.109,322,1.9,1.3,2026-04-14,324,Terra,MODIS,43,61.03,305.8,19.7,D,0
16.4897,80.3066,321.8,1.7,1.3,2026-04-14,324,Terra,MODIS,68,61.03,303.2,17.6,D,0
16.4915,80.2914,321,1.7,1.3,2026-04-14,324,Terra,MODIS,67,61.03,303.7,16.5,D,0
16.6622,80.1042,320,1.7,1.3,2026-04-14,324,Terra,MODIS,61,61.03,302.5,17,D,0
12.54,78.5944,319.5,2,1.4,2026-04-14,325,Terra,MODIS,62,61.03,302,22.6,D,0
13.1492,78.9576,315.9,1.9,1.3,2026-04-14,325,Terra,MODIS,52,61.03,303.6,12.6,D,0
35.1324,69.3076,308.5,1.3,1.2,2026-04-14,457,Terra,MODIS,39,61.03,292.1,8.5,D,0
29.0714,72.1113,320.2,2.8,1.6,2026-04-14,458,Terra,MODIS,60,61.03,304.6,27.3,D,0
20.9241,70.6892,318.3,3.4,1.7,2026-04-14,501,Terra,MODIS,69,61.03,306.9,33.3,D,0
20.9261,70.6839,321.2,3.4,1.7,2026-04-14,501,Terra,MODIS,74,61.03,307.1,50.5,D,0
18.7764,96.287,321.3,4.6,2,2026-04-14,800,Aqua,MODIS,72,61.03,298.5,109.7,D,0
18.7796,96.2784,316.6,4.6,2,2026-04-14,800,Aqua,MODIS,51,61.03,298.1,69.6,D,0
18.7878,96.3164,317.9,4.5,2,2026-04-14,800,Aqua,MODIS,60,61.03,299.5,73,D,0
19.6339,96.6467,336.9,4.1,1.9,2026-04-14,800,Aqua,MODIS,83,61.03,292.8,258.4,D,0
22.7074,96.6096,313.4,3.5,1.8,2026-04-14,801,Aqua,MODIS,58,61.03,291.8,50.1,D,0
22.7144,96.6428,316.6,3.5,1.8,2026-04-14,801,Aqua,MODIS,67,61.03,294.9,65.5,D,0
22.9083,96.6797,310.3,3.4,1.7,2026-04-14,801,Aqua,MODIS,39,61.03,289.6,39.4,D,0
23.0821,96.4052,344.9,3.6,1.8,2026-04-14,801,Aqua,MODIS,87,61.03,294.8,286.6,D,0
23.0855,96.4113,339.4,3.6,1.8,2026-04-14,801,Aqua,MODIS,84,61.03,294.6,224.7,D,0
23.3072,96.8798,314.9,3.2,1.7,2026-04-14,801,Aqua,MODIS,62,61.03,295.1,47.7,D,0
23.7707,96.3562,316.7,3.4,1.7,2026-04-14,801,Aqua,MODIS,62,61.03,300,32.2,D,0
24.088,94.2417,314.6,4.8,2,2026-04-14,801,Aqua,MODIS,67,61.03,294.1,51.1,D,0
24.6474,94.2595,309.9,4.7,2,2026-04-14,802,Aqua,MODIS,47,61.03,292.1,55.5,D,0
25.0226,96.4724,315.5,3.2,1.7,2026-04-14,802,Aqua,MODIS,61,61.03,295.3,45.8,D,0
25.023,96.4678,313.5,3.2,1.7,2026-04-14,802,Aqua,MODIS,34,61.03,295.5,37,D,0
25.354,94.4713,315.3,4.3,1.9,2026-04-14,802,Aqua,MODIS,72,61.03,287.5,96.4,D,0
25.4849,96.16,316.2,3.2,1.7,2026-04-14,802,Aqua,MODIS,71,61.03,296.1,50.5,D,0
25.7286,96.4251,310.7,3.1,1.7,2026-04-14,802,Aqua,MODIS,66,61.03,293.8,31.1,D,0
25.8859,94.0446,309,4.5,2,2026-04-14,802,Aqua,MODIS,63,61.03,291.8,50.5,D,0
25.8896,94.0362,311.4,4.5,2,2026-04-14,802,Aqua,MODIS,67,61.03,291.8,64.6,D,0
25.8915,93.992,309.2,4.5,2,2026-04-14,802,Aqua,MODIS,55,61.03,291.4,48.5,D,0
25.8948,93.983,306.8,4.5,2,2026-04-14,802,Aqua,MODIS,30,61.03,291.3,33.4,D,0
10.1933,77.2378,313.7,2.5,1.5,2026-04-14,936,Aqua,MODIS,52,61.03,292.4,36.4,D,0
11.4904,76.6028,316.4,2.7,1.6,2026-04-14,936,Aqua,MODIS,51,61.03,299.9,39,D,0
11.4969,76.6087,317.3,2.7,1.6,2026-04-14,936,Aqua,MODIS,48,61.03,299.5,42.6,D,0
11.6865,77.1763,315.9,2.4,1.5,2026-04-14,936,Aqua,MODIS,35,61.03,301.2,24.4,D,0
12.2841,77.5837,353.5,2.2,1.4,2026-04-14,936,Aqua,MODIS,96,61.03,310.5,173.1,D,0
12.2871,77.6012,328.3,2.2,1.4,2026-04-14,936,Aqua,MODIS,67,61.03,313.5,38.6,D,0
12.3745,77.8956,318,2,1.4,2026-04-14,936,Aqua,MODIS,36,61.03,305.8,18.7,D,0
12.3905,77.8876,326.2,2,1.4,2026-04-14,936,Aqua,MODIS,73,61.03,303.8,42.8,D,0
13.0062,78.7095,327.7,1.7,1.3,2026-04-14,937,Aqua,MODIS,74,61.03,310.6,29.8,D,0
13.7979,79.1437,323.3,1.5,1.2,2026-04-14,937,Aqua,MODIS,59,61.03,310,15.7,D,0
13.8503,79.0624,327.5,1.6,1.2,2026-04-14,937,Aqua,MODIS,71,61.03,311.8,20.2,D,0
13.8557,79.0706,325.2,1.6,1.2,2026-04-14,937,Aqua,MODIS,53,61.03,310.8,14.1,D,0
13.8975,79.1225,334.2,1.5,1.2,2026-04-14,937,Aqua,MODIS,80,61.03,310.3,40.7,D,0
13.908,79.1203,323.4,1.5,1.2,2026-04-14,937,Aqua,MODIS,54,61.03,308.8,15.6,D,0
13.9235,79.213,326.1,1.5,1.2,2026-04-14,937,Aqua,MODIS,47,61.03,310.3,20.4,D,0
13.9257,79.2263,327,1.5,1.2,2026-04-14,937,Aqua,MODIS,62,61.03,310.8,22.1,D,0
13.9354,79.0867,332.6,1.6,1.2,2026-04-14,937,Aqua,MODIS,78,61.03,310.3,36.9,D,0
13.9377,79.1009,328.2,1.5,1.2,2026-04-14,937,Aqua,MODIS,71,61.03,309.8,25.5,D,0
13.9505,79.1121,333,1.5,1.2,2026-04-14,937,Aqua,MODIS,79,61.03,310.9,33.9,D,0
13.957,79.1178,334.6,1.5,1.2,2026-04-14,937,Aqua,MODIS,80,61.03,311.1,34.9,D,0
13.9593,79.1313,332.4,1.5,1.2,2026-04-14,937,Aqua,MODIS,77,61.03,310.5,28.2,D,0
13.9595,79.9915,326.5,1.3,1.1,2026-04-14,937,Aqua,MODIS,68,61.03,310.7,14.7,D,0
13.9615,80.0034,328.3,1.3,1.1,2026-04-14,937,Aqua,MODIS,71,61.03,311.4,18.1,D,0
13.9632,79.1231,339.7,1.5,1.2,2026-04-14,937,Aqua,MODIS,86,61.03,311.1,49.6,D,0
14.0116,79.0509,328.3,1.6,1.2,2026-04-14,937,Aqua,MODIS,22,61.03,309.6,22.7,D,0
14.0138,79.0646,350.2,1.6,1.2,2026-04-14,937,Aqua,MODIS,94,61.03,312.4,90.6,D,0
14.0182,79.0912,334.5,1.5,1.2,2026-04-14,937,Aqua,MODIS,65,61.03,314.2,33.6,D,0
14.0206,79.1052,328,1.5,1.2,2026-04-14,937,Aqua,MODIS,45,61.03,314.4,17.1,D,0
14.0289,79.0893,360.9,1.5,1.2,2026-04-14,937,Aqua,MODIS,100,61.03,313.3,135.9,D,0
14.0312,79.1032,337,1.5,1.2,2026-04-14,937,Aqua,MODIS,83,61.03,312.1,41,D,0
14.3383,79.0508,331.1,1.5,1.2,2026-04-14,937,Aqua,MODIS,74,61.03,316.5,20.4,D,0
14.3406,79.0646,343.2,1.5,1.2,2026-04-14,937,Aqua,MODIS,88,61.03,317.1,55.6,D,0
14.3475,78.9092,327.3,1.6,1.2,2026-04-14,937,Aqua,MODIS,19,61.03,313.3,17.4,D,0
14.3489,79.0488,343.4,1.5,1.2,2026-04-14,937,Aqua,MODIS,89,61.03,315.5,55.3,D,0
14.3502,79.3583,323.2,1.5,1.2,2026-04-14,937,Aqua,MODIS,46,61.03,310.3,14.5,D,0
14.3512,79.0628,354.9,1.5,1.2,2026-04-14,937,Aqua,MODIS,97,61.03,316.6,100.2,D,0
14.3582,78.9072,327.8,1.6,1.2,2026-04-14,937,Aqua,MODIS,48,61.03,313.2,19,D,0
14.5249,78.9934,334.8,1.5,1.2,2026-04-14,937,Aqua,MODIS,79,61.03,310.8,40.8,D,0
14.5271,79.0061,333,1.5,1.2,2026-04-14,937,Aqua,MODIS,77,61.03,313,34,D,0
14.8813,76.6366,325.1,2.3,1.5,2026-04-14,937,Aqua,MODIS,68,61.03,301.4,32.4,D,0
15.0556,79.0764,328.1,1.5,1.2,2026-04-14,937,Aqua,MODIS,45,61.03,311,18.3,D,0
15.0613,79.0682,326.7,1.5,1.2,2026-04-14,937,Aqua,MODIS,27,61.03,311.4,15.4,D,0
15.066,79.0746,331.8,1.5,1.2,2026-04-14,937,Aqua,MODIS,56,61.03,310.6,25.2,D,0
15.492,79.2335,324.2,1.4,1.2,2026-04-14,937,Aqua,MODIS,35,61.03,309.7,12.7,D,0
15.5102,78.7937,328.5,1.5,1.2,2026-04-14,937,Aqua,MODIS,72,61.03,306.5,25.8,D,0
15.6017,79.3385,333.8,1.4,1.2,2026-04-14,937,Aqua,MODIS,79,61.03,311.2,28.7,D,0
15.6019,78.7849,335.8,1.5,1.2,2026-04-14,937,Aqua,MODIS,82,61.03,306.5,44.1,D,0
15.6621,78.8853,323.6,1.5,1.2,2026-04-14,937,Aqua,MODIS,53,61.03,307.5,10.9,D,0
15.6722,78.8813,331.1,1.5,1.2,2026-04-14,937,Aqua,MODIS,76,61.03,309.2,26.1,D,0
16.1534,78.563,324.2,1.5,1.2,2026-04-14,937,Aqua,MODIS,59,61.03,304.4,20.4,D,0
16.398,79.6686,325.2,1.3,1.1,2026-04-14,937,Aqua,MODIS,54,61.03,308,12.1,D,0
16.3998,79.6798,322.8,1.3,1.1,2026-04-14,937,Aqua,MODIS,24,61.03,307.9,8.5,D,0
16.4799,80.9242,325.8,1.1,1,2026-04-14,937,Aqua,MODIS,63,61.03,310.1,10.7,D,0
16.4958,80.7872,323,1.1,1.1,2026-04-14,937,Aqua,MODIS,56,61.03,306.2,6.3,D,0
16.4974,80.7973,333,1.1,1.1,2026-04-14,937,Aqua,MODIS,81,61.03,309.4,19.8,D,0
16.6125,79.9668,324.5,1.2,1.1,2026-04-14,937,Aqua,MODIS,41,61.03,307.7,12.7,D,0
16.8177,79.9072,333.3,1.2,1.1,2026-04-14,938,Aqua,MODIS,80,61.03,308.7,27.1,D,0
17.3012,81.5081,316.8,1,1,2026-04-14,938,Aqua,MODIS,22,61.03,301.8,5.9,D,0
17.3126,81.5832,318.2,1,1,2026-04-14,938,Aqua,MODIS,51,61.03,301.7,7.7,D,0
17.3538,81.5411,318.9,1,1,2026-04-14,938,Aqua,MODIS,55,61.03,302,8.1,D,0
17.3559,81.376,318,1,1,2026-04-14,938,Aqua,MODIS,25,61.03,302.3,5.9,D,0
17.3573,81.3855,329,1,1,2026-04-14,938,Aqua,MODIS,77,61.03,302.8,18.7,D,0
17.3835,81.4974,318.7,1,1,2026-04-14,938,Aqua,MODIS,53,61.03,301.5,7.2,D,0
17.4224,81.388,326.8,1,1,2026-04-14,938,Aqua,MODIS,46,61.03,303.5,13.9,D,0
17.4327,81.3957,324,1,1,2026-04-14,938,Aqua,MODIS,55,61.03,303.5,10.2,D,0
17.4363,81.656,324.7,1,1,2026-04-14,938,Aqua,MODIS,71,61.03,301.5,14.2,D,0
17.437,81.424,320,1,1,2026-04-14,938,Aqua,MODIS,26,61.03,303.6,6.5,D,0
17.4391,81.1983,324.1,1.1,1,2026-04-14,938,Aqua,MODIS,68,61.03,306.6,8.9,D,0
17.4644,81.6032,318,1,1,2026-04-14,938,Aqua,MODIS,48,61.03,301.7,6.6,D,0
17.5411,80.4282,326.4,1.1,1.1,2026-04-14,938,Aqua,MODIS,69,61.03,310.2,11.6,D,0
17.5437,82.3082,316.7,1,1,2026-04-14,938,Aqua,MODIS,45,61.03,302.5,5.2,D,0
17.5772,79.8374,321.4,1.2,1.1,2026-04-14,938,Aqua,MODIS,41,61.03,306.6,8.8,D,0
17.5801,81.446,318.4,1,1,2026-04-14,938,Aqua,MODIS,41,61.03,303.6,6.7,D,0
17.5938,81.6038,318.7,1,1,2026-04-14,938,Aqua,MODIS,52,61.03,300.6,9.1,D,0
17.6139,81.4889,328.4,1,1,2026-04-14,938,Aqua,MODIS,76,61.03,303.8,17.6,D,0
17.63,81.5342,318.4,1,1,2026-04-14,938,Aqua,MODIS,43,61.03,302,6.2,D,0
17.6314,81.5436,317.4,1,1,2026-04-14,938,Aqua,MODIS,24,61.03,301.8,5.5,D,0
17.6388,81.5328,318,1,1,2026-04-14,938,Aqua,MODIS,24,61.03,301.5,5.3,D,0
17.6873,81.7924,330.9,1,1,2026-04-14,938,Aqua,MODIS,79,61.03,300.8,22.9,D,0
17.6887,81.8019,326.3,1,1,2026-04-14,938,Aqua,MODIS,73,61.03,300.2,17,D,0
17.6983,81.2539,320.4,1.1,1,2026-04-14,938,Aqua,MODIS,36,61.03,304.1,6.2,D,0
17.6998,81.2634,323.4,1,1,2026-04-14,938,Aqua,MODIS,61,61.03,304.6,9.5,D,0
17.7132,80.5227,326.5,1.1,1.1,2026-04-14,938,Aqua,MODIS,68,61.03,309,11,D,0
17.7311,80.6915,338.4,1.1,1,2026-04-14,938,Aqua,MODIS,85,61.03,309.9,29.7,D,0
17.7753,81.5797,324.2,1,1,2026-04-14,938,Aqua,MODIS,61,61.03,304.6,9.6,D,0
17.7758,80.2204,325.8,1.2,1.1,2026-04-14,938,Aqua,MODIS,65,61.03,307.8,13.4,D,0
17.7774,80.3484,325.6,1.1,1.1,2026-04-14,938,Aqua,MODIS,65,61.03,308.4,9.6,D,0
17.8085,82.0396,317.9,1,1,2026-04-14,938,Aqua,MODIS,39,61.03,300.3,7.6,D,0
17.8125,82.6344,321.4,1,1,2026-04-14,938,Aqua,MODIS,67,61.03,301.9,9.4,D,0
17.8139,82.6435,319.4,1,1,2026-04-14,938,Aqua,MODIS,62,61.03,301.4,7.1,D,0
17.8172,82.0381,322.1,1,1,2026-04-14,938,Aqua,MODIS,66,61.03,300,11.9,D,0
17.9071,82.7056,323.6,1,1,2026-04-14,938,Aqua,MODIS,72,61.03,301.6,11.2,D,0
17.9084,82.7148,323.5,1,1,2026-04-14,938,Aqua,MODIS,72,61.03,300.3,10.9,D,0
17.9441,82.1526,318,1,1,2026-04-14,938,Aqua,MODIS,38,61.03,297.3,7.7,D,0
17.996,80.497,322.1,1.1,1.1,2026-04-14,938,Aqua,MODIS,36,61.03,307.4,6.7,D,0
18.0041,80.3702,325.2,1.1,1.1,2026-04-14,938,Aqua,MODIS,64,61.03,308.4,10.2,D,0
18.127,80.4982,329.2,1.1,1.1,2026-04-14,938,Aqua,MODIS,73,61.03,309.7,14,D,0
18.1573,82.2827,325.7,1,1,2026-04-14,938,Aqua,MODIS,72,61.03,307.3,9.6,D,0
18.1649,81.7093,323.2,1,1,2026-04-14,938,Aqua,MODIS,64,61.03,304.6,7.6,D,0
18.19,80.3142,328.4,1.1,1.1,2026-04-14,938,Aqua,MODIS,72,61.03,309.1,14.3,D,0
18.2014,80.2058,324.8,1.1,1.1,2026-04-14,938,Aqua,MODIS,63,61.03,309.4,9.4,D,0
18.2173,81.6855,324.5,1,1,2026-04-14,938,Aqua,MODIS,66,61.03,303.7,11.3,D,0
18.2202,80.445,325.7,1.1,1.1,2026-04-14,938,Aqua,MODIS,51,61.03,309.1,10.5,D,0
18.2356,80.9565,324.5,1.1,1,2026-04-14,938,Aqua,MODIS,62,61.03,308.5,7.5,D,0
18.2592,80.4002,325.7,1.1,1.1,2026-04-14,938,Aqua,MODIS,54,61.03,309.5,12.4,D,0
18.2608,80.4104,323.8,1.1,1.1,2026-04-14,938,Aqua,MODIS,29,61.03,308.7,9.7,D,0
18.2888,80.29,342,1.1,1.1,2026-04-14,938,Aqua,MODIS,88,61.03,311.2,34.4,D,0
18.2905,80.3003,326.8,1.1,1.1,2026-04-14,938,Aqua,MODIS,52,61.03,309.5,7.9,D,0
18.2977,80.6422,326.5,1.1,1,2026-04-14,938,Aqua,MODIS,61,61.03,307.9,10.4,D,0
18.309,80.0779,331.8,1.2,1.1,2026-04-14,938,Aqua,MODIS,77,61.03,310.2,18.6,D,0
18.3342,81.3563,323.5,1,1,2026-04-14,938,Aqua,MODIS,57,61.03,304.8,10.7,D,0
18.3357,81.3657,325.1,1,1,2026-04-14,938,Aqua,MODIS,64,61.03,305.3,11.8,D,0
18.3423,80.5102,328.1,1.1,1,2026-04-14,938,Aqua,MODIS,71,61.03,309.5,11.6,D,0
18.3439,80.5202,325.7,1.1,1,2026-04-14,938,Aqua,MODIS,60,61.03,309.4,8.1,D,0
18.3769,81.2061,329,1,1,2026-04-14,938,Aqua,MODIS,30,61.03,308.3,11.4,D,0
18.384,80.1288,328.2,1.1,1.1,2026-04-14,938,Aqua,MODIS,72,61.03,309.3,13.2,D,0
18.3858,81.2045,328.9,1,1,2026-04-14,938,Aqua,MODIS,72,61.03,309.1,12.4,D,0
18.3873,81.2141,325.4,1,1,2026-04-14,938,Aqua,MODIS,38,61.03,308.3,8.3,D,0
18.4241,81.276,323.8,1,1,2026-04-14,938,Aqua,MODIS,58,61.03,307.3,8.8,D,0
18.4309,82.4339,322.3,1,1,2026-04-14,938,Aqua,MODIS,61,61.03,306.8,8,D,0
18.524,80.262,327.5,1.1,1.1,2026-04-14,938,Aqua,MODIS,70,61.03,309.6,12.1,D,0
18.5264,81.1651,321.4,1,1,2026-04-14,938,Aqua,MODIS,28,61.03,305.7,7,D,0
18.55,80.2468,328.3,1.1,1.1,2026-04-14,938,Aqua,MODIS,71,61.03,309.7,14.2,D,0
18.5548,80.6256,327,1.1,1,2026-04-14,938,Aqua,MODIS,69,61.03,311.1,10.8,D,0
18.5563,80.6354,325,1.1,1,2026-04-14,938,Aqua,MODIS,57,61.03,309.9,7.8,D,0
18.5615,81.0841,324.7,1,1,2026-04-14,938,Aqua,MODIS,63,61.03,306.1,10.7,D,0
18.563,81.0938,321.2,1,1,2026-04-14,938,Aqua,MODIS,41,61.03,304.7,7,D,0
18.5637,80.6284,324.7,1.1,1,2026-04-14,938,Aqua,MODIS,48,61.03,310.4,8.1,D,0
18.5705,80.317,324.7,1.1,1.1,2026-04-14,938,Aqua,MODIS,63,61.03,308.4,8.5,D,0
18.5735,80.1085,325.3,1.1,1.1,2026-04-14,938,Aqua,MODIS,59,61.03,308.2,8.8,D,0
18.5807,81.2086,323.7,1,1,2026-04-14,938,Aqua,MODIS,54,61.03,304.2,11.1,D,0
18.5885,80.4908,330.1,1.1,1,2026-04-14,938,Aqua,MODIS,71,61.03,311.7,11,D,0
18.5926,81.0491,321,1,1,2026-04-14,938,Aqua,MODIS,32,61.03,306,6.2,D,0
18.5945,80.4691,331.3,1.1,1,2026-04-14,938,Aqua,MODIS,76,61.03,311.4,13,D,0
18.6103,80.219,328.2,1.1,1.1,2026-04-14,938,Aqua,MODIS,71,61.03,309,11.8,D,0
18.612,80.2292,326.7,1.1,1.1,2026-04-14,938,Aqua,MODIS,65,61.03,308.9,9.6,D,0
18.6126,80.8214,329.9,1.1,1,2026-04-14,938,Aqua,MODIS,75,61.03,308.9,14.3,D,0
18.625,81.0181,322.4,1.1,1,2026-04-14,938,Aqua,MODIS,53,61.03,307.3,6.8,D,0
18.6291,80.0985,325,1.1,1.1,2026-04-14,938,Aqua,MODIS,63,61.03,309.4,8.5,D,0
18.6459,81.1522,328.5,1,1,2026-04-14,938,Aqua,MODIS,64,61.03,305.8,14.6,D,0
18.6533,81.1412,331.1,1,1,2026-04-14,938,Aqua,MODIS,71,61.03,307.2,18,D,0
18.6591,80.8834,332.8,1.1,1,2026-04-14,938,Aqua,MODIS,54,61.03,308.9,17.9,D,0
18.6755,80.9303,323.8,1.1,1,2026-04-14,938,Aqua,MODIS,30,61.03,306,7.3,D,0
18.6823,81.9361,320.5,1,1,2026-04-14,938,Aqua,MODIS,32,61.03,305.1,6,D,0
18.6859,81.1161,321.8,1,1,2026-04-14,938,Aqua,MODIS,49,61.03,305.8,8.4,D,0
18.6948,81.0556,322.8,1,1,2026-04-14,938,Aqua,MODIS,19,61.03,305.8,7.3,D,0
18.7022,81.0444,324.3,1,1,2026-04-14,938,Aqua,MODIS,60,61.03,306.3,9.6,D,0
18.7426,83.7764,323.3,1.1,1,2026-04-14,938,Aqua,MODIS,67,61.03,303.9,12.3,D,0
18.7439,83.7858,327.2,1.1,1,2026-04-14,938,Aqua,MODIS,74,61.03,303.6,17.1,D,0
18.7622,80.8291,324.7,1.1,1,2026-04-14,938,Aqua,MODIS,53,61.03,310,8.4,D,0
18.7637,80.8388,324.7,1.1,1,2026-04-14,938,Aqua,MODIS,62,61.03,310.1,7.7,D,0
18.7696,81.2324,320.9,1,1,2026-04-14,938,Aqua,MODIS,38,61.03,305.3,10.1,D,0
18.7822,81.8097,326.1,1,1,2026-04-14,938,Aqua,MODIS,69,61.03,307,11,D,0
18.789,82.1723,320.6,1,1,2026-04-14,938,Aqua,MODIS,39,61.03,306.5,7,D,0
18.7926,82.119,319.9,1,1,2026-04-14,938,Aqua,MODIS,40,61.03,303.5,6,D,0
18.7973,82.09,321.8,1,1,2026-04-14,938,Aqua,MODIS,51,61.03,303.2,8,D,0
18.8215,81.0901,321.9,1,1,2026-04-14,938,Aqua,MODIS,42,61.03,305.9,7.8,D,0
18.823,81.0997,328.5,1,1,2026-04-14,938,Aqua,MODIS,71,61.03,306.1,15.9,D,0
18.8292,80.072,324.7,1.1,1.1,2026-04-14,938,Aqua,MODIS,61,61.03,309.8,8.6,D,0
18.9251,80.1559,327.7,1.1,1.1,2026-04-14,938,Aqua,MODIS,66,61.03,311.7,9.4,D,0
18.9327,80.1441,325.9,1.1,1.1,2026-04-14,938,Aqua,MODIS,36,61.03,311.6,7.4,D,0
18.9781,80.6124,337.2,1.1,1,2026-04-14,938,Aqua,MODIS,83,61.03,310.8,25.8,D,0
19.0133,80.5386,334.6,1.1,1,2026-04-14,938,Aqua,MODIS,71,61.03,311.5,18.9,D,0
19.0149,80.5485,333,1.1,1,2026-04-14,938,Aqua,MODIS,50,61.03,310.5,15.6,D,0
19.0171,82.1447,327.4,1,1,2026-04-14,938,Aqua,MODIS,67,61.03,306,13.3,D,0
19.0223,80.5369,332,1.1,1,2026-04-14,938,Aqua,MODIS,76,61.03,312.4,16,D,0
19.0239,80.5469,329,1.1,1,2026-04-14,938,Aqua,MODIS,57,61.03,311.3,11,D,0
19.029,80.0613,326.4,1.1,1.1,2026-04-14,938,Aqua,MODIS,64,61.03,311.5,8.3,D,0
19.0389,82.7388,320.7,1,1,2026-04-14,938,Aqua,MODIS,52,61.03,306.2,7.3,D,0
19.0435,80.5536,333.7,1.1,1,2026-04-14,938,Aqua,MODIS,70,61.03,310.8,16.3,D,0
19.0517,79.2713,324.4,1.2,1.1,2026-04-14,938,Aqua,MODIS,48,61.03,308.2,10.6,D,0
19.0882,80.9563,325.2,1,1,2026-04-14,938,Aqua,MODIS,61,61.03,308.3,9.1,D,0
19.1255,79.0365,335.9,1.3,1.1,2026-04-14,938,Aqua,MODIS,79,61.03,309.6,29.8,D,0
19.1299,81.4218,323.4,1,1,2026-04-14,938,Aqua,MODIS,55,61.03,308.9,6.9,D,0
19.1351,82.8307,319.1,1,1,2026-04-14,938,Aqua,MODIS,40,61.03,305.7,5.7,D,0
19.1475,80.5702,331,1.1,1,2026-04-14,938,Aqua,MODIS,75,61.03,310.9,15.5,D,0
19.1505,80.8864,324.9,1.1,1,2026-04-14,938,Aqua,MODIS,41,61.03,307.4,9.1,D,0
19.1537,81.4401,324.5,1,1,2026-04-14,938,Aqua,MODIS,57,61.03,307.9,9.3,D,0
19.1711,80.8973,324,1.1,1,2026-04-14,938,Aqua,MODIS,55,61.03,308.6,9.8,D,0
19.1815,80.9642,334.5,1,1,2026-04-14,938,Aqua,MODIS,80,61.03,308.2,24,D,0
19.1818,79.0564,329.3,1.3,1.1,2026-04-14,938,Aqua,MODIS,66,61.03,308.9,17.6,D,0
19.1838,79.0682,325.2,1.3,1.1,2026-04-14,938,Aqua,MODIS,46,61.03,308.5,10.3,D,0
19.1904,80.9628,325.8,1,1,2026-04-14,938,Aqua,MODIS,65,61.03,307.1,13.5,D,0
19.1919,80.9725,323.6,1,1,2026-04-14,938,Aqua,MODIS,49,61.03,307.7,11.1,D,0
19.1978,80.8923,329.4,1.1,1,2026-04-14,938,Aqua,MODIS,73,61.03,308.2,15.7,D,0
19.2022,81.1564,324.5,1,1,2026-04-14,938,Aqua,MODIS,50,61.03,306.8,10.8,D,0
19.2036,81.1658,321.5,1,1,2026-04-14,938,Aqua,MODIS,21,61.03,305.3,7.5,D,0
19.2157,80.0695,325.5,1.1,1.1,2026-04-14,938,Aqua,MODIS,63,61.03,311.3,8.8,D,0
19.2174,84.3397,318.8,1.1,1.1,2026-04-14,938,Aqua,MODIS,49,61.03,301.7,10,D,0
19.2215,80.8086,323.6,1.1,1,2026-04-14,938,Aqua,MODIS,56,61.03,308.4,8.5,D,0
19.2302,81.1614,325.9,1,1,2026-04-14,938,Aqua,MODIS,59,61.03,307.2,12.5,D,0
19.2346,81.1314,323.9,1,1,2026-04-14,938,Aqua,MODIS,59,61.03,305.3,10.8,D,0
19.2347,80.1288,340,1.1,1.1,2026-04-14,938,Aqua,MODIS,86,61.03,312.5,28.5,D,0
19.239,81.1598,322.1,1,1,2026-04-14,938,Aqua,MODIS,42,61.03,306.2,8.2,D,0
19.2443,80.8279,325.3,1.1,1,2026-04-14,938,Aqua,MODIS,57,61.03,308.4,9.5,D,0
19.2462,81.207,323.4,1,1,2026-04-14,938,Aqua,MODIS,27,61.03,308.3,9.5,D,0
19.2477,81.2165,323.9,1,1,2026-04-14,938,Aqua,MODIS,37,61.03,308.3,10.6,D,0
19.2556,80.9712,325.5,1,1,2026-04-14,938,Aqua,MODIS,62,61.03,305.9,10.8,D,0
19.2569,81.0397,331.9,1,1,2026-04-14,938,Aqua,MODIS,77,61.03,306,20.3,D,0
19.2584,81.0493,334.5,1,1,2026-04-14,938,Aqua,MODIS,80,61.03,306.4,23.4,D,0
19.2635,80.7746,331.1,1.1,1,2026-04-14,938,Aqua,MODIS,76,61.03,309.1,17.2,D,0
19.2658,81.0381,337.8,1,1,2026-04-14,938,Aqua,MODIS,84,61.03,307.8,27.9,D,0
19.2671,81.1063,331.2,1,1,2026-04-14,938,Aqua,MODIS,56,61.03,309.1,15.8,D,0
19.2672,78.5817,335.8,1.4,1.2,2026-04-14,938,Aqua,MODIS,77,61.03,316.9,25.5,D,0
19.2672,81.0477,328.7,1,1,2026-04-14,938,Aqua,MODIS,66,61.03,306.1,14.1,D,0
19.268,80.804,337.4,1.1,1,2026-04-14,938,Aqua,MODIS,84,61.03,309,26.3,D,0
19.2683,80.9822,324.4,1,1,2026-04-14,938,Aqua,MODIS,40,61.03,307,9.7,D,0
19.2695,80.8136,338,1.1,1,2026-04-14,938,Aqua,MODIS,84,61.03,308.5,27.4,D,0
19.2709,83.193,336.8,1,1,2026-04-14,938,Aqua,MODIS,85,61.03,305.8,27.9,D,0
19.2745,81.0952,342.9,1,1,2026-04-14,938,Aqua,MODIS,89,61.03,309.3,34.5,D,0
19.2757,81.0298,343,1,1,2026-04-14,938,Aqua,MODIS,89,61.03,309.6,37.1,D,0
19.2772,81.0394,333.8,1,1,2026-04-14,938,Aqua,MODIS,80,61.03,307.6,21,D,0
19.2836,80.4932,327.9,1.1,1,2026-04-14,938,Aqua,MODIS,70,61.03,309.2,9.6,D,0
19.2852,80.5031,327.7,1.1,1,2026-04-14,938,Aqua,MODIS,69,61.03,309.9,9.3,D,0
19.2861,81.0378,322.4,1,1,2026-04-14,938,Aqua,MODIS,39,61.03,309,6.7,D,0
19.2873,78.5781,334.8,1.4,1.2,2026-04-14,938,Aqua,MODIS,76,61.03,316.5,22.2,D,0
19.2989,81.2558,323,1,1,2026-04-14,938,Aqua,MODIS,56,61.03,306.1,9.3,D,0
19.3003,81.2651,324.3,1,1,2026-04-14,938,Aqua,MODIS,62,61.03,305.6,11,D,0
19.3052,81.1029,325.5,1,1,2026-04-14,938,Aqua,MODIS,37,61.03,308.4,8.8,D,0
19.3071,81.3696,320.9,1,1,2026-04-14,938,Aqua,MODIS,38,61.03,306.2,7,D,0
19.3231,80.8041,331.2,1.1,1,2026-04-14,938,Aqua,MODIS,76,61.03,309.8,17.4,D,0
19.3329,83.3028,325.8,1,1,2026-04-14,938,Aqua,MODIS,67,61.03,308.7,11.3,D,0
19.3394,80.9105,326,1,1,2026-04-14,938,Aqua,MODIS,48,61.03,310.6,8.4,D,0
19.3435,81.1157,334.5,1,1,2026-04-14,938,Aqua,MODIS,81,61.03,307.4,22.1,D,0
19.3482,80.9035,333.1,1,1,2026-04-14,938,Aqua,MODIS,70,61.03,310.9,19.5,D,0
19.3482,80.9681,333.4,1,1,2026-04-14,938,Aqua,MODIS,79,61.03,309.8,19.1,D,0
19.3497,80.9132,347.2,1,1,2026-04-14,938,Aqua,MODIS,92,61.03,311.1,44.3,D,0
19.3498,80.2066,327.3,1.1,1,2026-04-14,938,Aqua,MODIS,68,61.03,311.8,9.6,D,0
19.3512,80.9227,344.3,1,1,2026-04-14,938,Aqua,MODIS,90,61.03,310.6,38.1,D,0
19.3526,80.9322,336,1,1,2026-04-14,938,Aqua,MODIS,76,61.03,309.7,23.1,D,0
19.3557,80.9517,327.6,1,1,2026-04-14,938,Aqua,MODIS,55,61.03,306.9,11.3,D,0
19.3573,83.0296,329.7,1,1,2026-04-14,938,Aqua,MODIS,77,61.03,305.5,18.6,D,0
19.3587,83.0389,336,1,1,2026-04-14,938,Aqua,MODIS,84,61.03,305.4,27.7,D,0
19.3601,80.9214,333.3,1,1,2026-04-14,938,Aqua,MODIS,75,61.03,307.9,21.1,D,0
19.3616,80.9309,340.7,1,1,2026-04-14,938,Aqua,MODIS,87,61.03,307.7,32.3,D,0
19.3675,80.9104,324.9,1,1,2026-04-14,938,Aqua,MODIS,37,61.03,306.7,10.9,D,0
19.369,80.9199,347.6,1,1,2026-04-14,938,Aqua,MODIS,92,61.03,308.2,48.1,D,0
19.3764,80.9678,328.8,1,1,2026-04-14,938,Aqua,MODIS,49,61.03,307.4,14.1,D,0
19.4133,80.7929,322.1,1.1,1,2026-04-14,938,Aqua,MODIS,45,61.03,306.6,7.7,D,0
19.4222,80.9692,333.6,1,1,2026-04-14,938,Aqua,MODIS,79,61.03,308.8,22.3,D,0
19.4277,81.1828,321.2,1,1,2026-04-14,938,Aqua,MODIS,15,61.03,305.2,6.5,D,0
19.4281,80.889,322.6,1,1,2026-04-14,938,Aqua,MODIS,42,61.03,307.7,7.5,D,0
19.4308,83.1454,319,1,1,2026-04-14,938,Aqua,MODIS,45,61.03,304.6,6.3,D,0
19.4398,81.0252,326.3,1,1,2026-04-14,938,Aqua,MODIS,63,61.03,306.7,12.5,D,0
19.4452,80.8697,322.7,1,1,2026-04-14,938,Aqua,MODIS,45,61.03,307,7.8,D,0
19.4467,80.8794,327.9,1,1,2026-04-14,938,Aqua,MODIS,69,61.03,306.7,13.5,D,0
19.4543,81.12,334.5,1,1,2026-04-14,938,Aqua,MODIS,81,61.03,307.7,24.4,D,0
19.4557,81.1294,322,1,1,2026-04-14,938,Aqua,MODIS,50,61.03,308.2,7.9,D,0
19.4584,81.2065,322.3,1,1,2026-04-14,938,Aqua,MODIS,55,61.03,305.2,9.9,D,0
19.4615,81.1674,322.4,1,1,2026-04-14,938,Aqua,MODIS,47,61.03,306.2,8.3,D,0
19.4617,81.0343,338.5,1,1,2026-04-14,938,Aqua,MODIS,85,61.03,309.1,30,D,0
19.4625,79.6367,325.9,1.2,1.1,2026-04-14,938,Aqua,MODIS,56,61.03,310.7,10.2,D,0
19.4749,80.8252,328.7,1.1,1,2026-04-14,938,Aqua,MODIS,72,61.03,309.7,16.7,D,0
19.4764,81.0121,330.7,1,1,2026-04-14,938,Aqua,MODIS,55,61.03,309.2,16.7,D,0
19.4912,80.872,334.5,1,1,2026-04-14,938,Aqua,MODIS,69,61.03,308.4,20.9,D,0
19.4919,83.1201,321.6,1,1,2026-04-14,938,Aqua,MODIS,49,61.03,305.9,7.3,D,0
19.4927,80.8816,331.2,1,1,2026-04-14,938,Aqua,MODIS,51,61.03,309.2,14.6,D,0
19.5102,82.8693,324.7,1,1,2026-04-14,938,Aqua,MODIS,67,61.03,303.8,12.3,D,0
19.5108,81.9125,328.2,1,1,2026-04-14,938,Aqua,MODIS,75,61.03,307.8,13.4,D,0
19.5115,82.8786,354,1,1,2026-04-14,938,Aqua,MODIS,96,61.03,304.4,61.2,D,0
19.5117,81.0645,333.4,1,1,2026-04-14,938,Aqua,MODIS,79,61.03,306.7,21.7,D,0
19.5132,81.074,323.6,1,1,2026-04-14,938,Aqua,MODIS,34,61.03,305.4,8.9,D,0
19.5179,80.8675,329.8,1,1,2026-04-14,938,Aqua,MODIS,45,61.03,306,14.1,D,0
19.5227,83.9396,351.1,1.1,1,2026-04-14,938,Aqua,MODIS,95,61.03,308.5,56.6,D,0
19.5241,83.9496,328.3,1.1,1,2026-04-14,938,Aqua,MODIS,76,61.03,306.2,13.9,D,0
19.525,80.791,324.6,1.1,1,2026-04-14,938,Aqua,MODIS,51,61.03,307.3,10.1,D,0
19.5256,82.9141,328.9,1,1,2026-04-14,938,Aqua,MODIS,76,61.03,302.7,16.6,D,0
19.5269,82.9233,357.9,1,1,2026-04-14,938,Aqua,MODIS,98,61.03,302.8,71.4,D,0
19.5295,80.8201,327.4,1,1,2026-04-14,938,Aqua,MODIS,70,61.03,307.7,14.2,D,0
19.5311,80.8299,327.8,1,1,2026-04-14,938,Aqua,MODIS,71,61.03,306.8,14.7,D,0
19.5386,80.878,337.5,1,1,2026-04-14,938,Aqua,MODIS,66,61.03,308.6,27,D,0
19.5489,80.9447,321.1,1,1,2026-04-14,938,Aqua,MODIS,36,61.03,306.8,6.8,D,0
19.5547,80.8053,327.7,1.1,1,2026-04-14,938,Aqua,MODIS,39,61.03,308.2,13.1,D,0
19.5578,80.8844,333.7,1,1,2026-04-14,938,Aqua,MODIS,52,61.03,306.1,21.3,D,0
19.5578,80.9432,340.1,1,1,2026-04-14,938,Aqua,MODIS,86,61.03,306,32.7,D,0
19.5667,80.8828,348.1,1,1,2026-04-14,938,Aqua,MODIS,93,61.03,307.7,49.3,D,0
19.5708,80.6728,326,1.1,1,2026-04-14,938,Aqua,MODIS,65,61.03,309.4,9.9,D,0
19.5755,80.9401,321.7,1,1,2026-04-14,938,Aqua,MODIS,26,61.03,304.7,7.1,D,0
19.5782,79.5432,330.4,1.2,1.1,2026-04-14,938,Aqua,MODIS,57,61.03,310.2,15.8,D,0
19.5828,80.6909,322.7,1.1,1,2026-04-14,938,Aqua,MODIS,40,61.03,308,6.6,D,0
19.5828,80.8102,333.1,1,1,2026-04-14,938,Aqua,MODIS,69,61.03,309,21.5,D,0
19.5829,80.9289,340.2,1,1,2026-04-14,938,Aqua,MODIS,86,61.03,306.5,33.3,D,0
19.5843,80.7008,343.4,1.1,1,2026-04-14,938,Aqua,MODIS,89,61.03,308.8,38.7,D,0
19.5844,80.9385,345.2,1,1,2026-04-14,938,Aqua,MODIS,91,61.03,307,42.7,D,0
19.5858,80.7107,327.6,1.1,1,2026-04-14,938,Aqua,MODIS,70,61.03,306.6,13.3,D,0
19.5858,80.948,325.6,1,1,2026-04-14,938,Aqua,MODIS,53,61.03,306,10.9,D,0
19.5873,80.7205,323,1.1,1,2026-04-14,938,Aqua,MODIS,56,61.03,306.9,8.6,D,0
19.5888,80.7302,321.5,1.1,1,2026-04-14,938,Aqua,MODIS,37,61.03,306.8,6.9,D,0
19.5906,79.523,326.8,1.2,1.1,2026-04-14,938,Aqua,MODIS,49,61.03,310.3,10.2,D,0
19.5926,84.4602,318.6,1.1,1.1,2026-04-14,938,Aqua,MODIS,50,61.03,301.8,7.8,D,0
19.5977,80.8474,322.8,1,1,2026-04-14,938,Aqua,MODIS,55,61.03,306.4,10.9,D,0
19.6201,80.6275,323,1.1,1,2026-04-14,938,Aqua,MODIS,47,61.03,309.3,7,D,0
19.6205,80.7476,329.9,1.1,1,2026-04-14,938,Aqua,MODIS,60,61.03,307.5,17.1,D,0
19.6282,80.9145,324,1,1,2026-04-14,938,Aqua,MODIS,58,61.03,306.1,10.1,D,0
19.6412,79.5362,327.3,1.2,1.1,2026-04-14,938,Aqua,MODIS,58,61.03,310.8,12.6,D,0
19.643,79.547,329,1.2,1.1,2026-04-14,938,Aqua,MODIS,43,61.03,310.5,13.4,D,0
19.6483,79.5795,332.4,1.2,1.1,2026-04-14,938,Aqua,MODIS,52,61.03,310.7,18.6,D,0
19.667,79.576,332,1.2,1.1,2026-04-14,938,Aqua,MODIS,72,61.03,312.1,18.4,D,0
19.677,80.8764,321.3,1,1,2026-04-14,938,Aqua,MODIS,37,61.03,305.7,7.1,D,0
19.6785,80.886,323.9,1,1,2026-04-14,938,Aqua,MODIS,61,61.03,306.6,10.3,D,0
19.7029,79.5861,328.9,1.2,1.1,2026-04-14,938,Aqua,MODIS,59,61.03,312.5,12.5,D,0
19.7032,81.1063,321.6,1,1,2026-04-14,938,Aqua,MODIS,43,61.03,306.4,7.5,D,0
19.7047,79.5968,329,1.2,1.1,2026-04-14,938,Aqua,MODIS,47,61.03,312.8,12.7,D,0
19.7192,83.8253,332.4,1.1,1,2026-04-14,938,Aqua,MODIS,81,61.03,308.6,19.8,D,0
19.7206,83.8351,372.3,1.1,1,2026-04-14,938,Aqua,MODIS,100,61.03,310.7,122.9,D,0
19.724,83.5947,322.4,1.1,1,2026-04-14,938,Aqua,MODIS,66,61.03,306.8,9.3,D,0
19.7283,83.8242,319.7,1.1,1,2026-04-14,938,Aqua,MODIS,36,61.03,303.5,4.1,D,0
19.7297,83.8341,326.6,1.1,1,2026-04-14,938,Aqua,MODIS,74,61.03,304.9,12.9,D,0
19.7363,80.8997,322.3,1,1,2026-04-14,938,Aqua,MODIS,25,61.03,307.2,8.1,D,0
19.7403,83.2522,334.2,1,1,2026-04-14,938,Aqua,MODIS,83,61.03,303,23.6,D,0
19.7411,83.6519,328.8,1.1,1,2026-04-14,938,Aqua,MODIS,77,61.03,308.6,16.4,D,0
19.7416,83.2616,332.7,1,1,2026-04-14,938,Aqua,MODIS,82,61.03,303.7,21.1,D,0
19.7424,83.6613,321.5,1.1,1,2026-04-14,938,Aqua,MODIS,54,61.03,306.6,7.2,D,0
19.7451,80.839,332.5,1,1,2026-04-14,938,Aqua,MODIS,74,61.03,307.2,21.1,D,0
19.7478,83.2414,323.4,1,1,2026-04-14,938,Aqua,MODIS,69,61.03,300.9,9.7,D,0
19.7491,83.2508,320.8,1,1,2026-04-14,938,Aqua,MODIS,44,61.03,301.2,7.8,D,0
19.7614,80.9444,325.2,1,1,2026-04-14,938,Aqua,MODIS,66,61.03,307.5,11.3,D,0
19.7643,80.9047,323.7,1,1,2026-04-14,938,Aqua,MODIS,33,61.03,307,8.2,D,0
19.7646,83.6224,326.8,1.1,1,2026-04-14,938,Aqua,MODIS,73,61.03,307.4,14.1,D,0
19.7659,83.6324,350.1,1.1,1,2026-04-14,938,Aqua,MODIS,95,61.03,309.1,54.5,D,0
19.7749,83.6309,322,1.1,1,2026-04-14,938,Aqua,MODIS,28,61.03,307.4,7.9,D,0
19.7783,80.1577,329.8,1.1,1,2026-04-14,938,Aqua,MODIS,71,61.03,313,13,D,0
19.7799,80.1679,327.4,1.1,1,2026-04-14,938,Aqua,MODIS,65,61.03,312.2,9.3,D,0
19.7867,80.161,332.9,1.1,1,2026-04-14,938,Aqua,MODIS,76,61.03,312.8,17.7,D,0
19.7938,80.978,326.5,1,1,2026-04-14,938,Aqua,MODIS,69,61.03,308.8,11.7,D,0
19.8259,80.8186,326.4,1,1,2026-04-14,938,Aqua,MODIS,68,61.03,309.2,12,D,0
19.8536,83.6608,356,1.1,1,2026-04-14,938,Aqua,MODIS,92,61.03,305.4,70.5,D,0
19.8563,80.1276,326.2,1.1,1,2026-04-14,938,Aqua,MODIS,49,61.03,311.3,9.7,D,0
19.8639,80.1158,334.7,1.1,1,2026-04-14,938,Aqua,MODIS,78,61.03,311.7,21.5,D,0
19.8655,80.126,334,1.1,1,2026-04-14,938,Aqua,MODIS,77,61.03,310.6,21,D,0
19.8836,80.8378,322.3,1,1,2026-04-14,938,Aqua,MODIS,53,61.03,307.4,8,D,0
19.8911,83.5355,327.5,1.1,1,2026-04-14,938,Aqua,MODIS,76,61.03,305.4,17,D,0
19.9145,83.5719,336,1.1,1,2026-04-14,938,Aqua,MODIS,85,61.03,306.9,29,D,0
19.9157,83.4469,326,1,1,2026-04-14,938,Aqua,MODIS,74,61.03,304.7,12,D,0
19.9447,83.3939,325.6,1,1,2026-04-14,938,Aqua,MODIS,73,61.03,308,9.7,D,0
19.9657,83.8804,328.7,1.1,1,2026-04-14,938,Aqua,MODIS,78,61.03,308.7,16.6,D,0
19.9681,83.8294,337.5,1.1,1,2026-04-14,938,Aqua,MODIS,86,61.03,308.2,30.3,D,0
19.9694,83.8394,343,1.1,1,2026-04-14,938,Aqua,MODIS,90,61.03,308.3,40.4,D,0
19.9698,83.5082,336.7,1.1,1,2026-04-14,938,Aqua,MODIS,86,61.03,306.2,26.3,D,0
19.9711,83.5178,344.6,1.1,1,2026-04-14,938,Aqua,MODIS,91,61.03,305.8,42.8,D,0
19.9748,83.8792,331.7,1.1,1,2026-04-14,938,Aqua,MODIS,81,61.03,309.4,20.4,D,0
19.985,83.4862,326.6,1.1,1,2026-04-14,938,Aqua,MODIS,72,61.03,308,12.5,D,0
19.9877,78.3308,332.3,1.4,1.2,2026-04-14,938,Aqua,MODIS,68,61.03,319.5,13.6,D,0
20.059,84.0201,331.1,1.1,1,2026-04-14,938,Aqua,MODIS,76,61.03,300.8,23.9,D,0
20.1001,83.7113,319.8,1.1,1,2026-04-14,938,Aqua,MODIS,60,61.03,304.1,7,D,0
20.1168,80.9063,325.9,1,1,2026-04-14,938,Aqua,MODIS,48,61.03,312.2,8.8,D,0
20.1723,83.7043,320.4,1.1,1,2026-04-14,938,Aqua,MODIS,55,61.03,303,8.3,D,0
20.1772,82.2459,325.8,1,1,2026-04-14,938,Aqua,MODIS,69,61.03,309.5,9.5,D,0
20.2234,83.2719,325.6,1,1,2026-04-14,938,Aqua,MODIS,58,61.03,305.2,11.4,D,0
20.2238,78.268,334,1.4,1.2,2026-04-14,938,Aqua,MODIS,71,61.03,318.9,19.8,D,0
20.3683,80.4962,328.1,1.1,1,2026-04-14,938,Aqua,MODIS,67,61.03,311.1,11.3,D,0
20.3906,79.8187,327,1.1,1.1,2026-04-14,938,Aqua,MODIS,57,61.03,312.1,10.4,D,0
20.4374,79.7567,325.5,1.1,1.1,2026-04-14,938,Aqua,MODIS,45,61.03,311.3,7.6,D,0
20.5333,84.5381,319.7,1.2,1.1,2026-04-14,938,Aqua,MODIS,49,61.03,303.5,9.5,D,0
20.5643,83.6701,324.2,1.1,1,2026-04-14,938,Aqua,MODIS,0,61.03,307,9,D,0
20.6307,81.9817,325,1,1,2026-04-14,938,Aqua,MODIS,61,61.03,310.9,8.1,D,0
20.6325,82.6928,326.3,1,1,2026-04-14,938,Aqua,MODIS,66,61.03,311.6,8.2,D,0
20.673,82.7246,324.9,1,1,2026-04-14,938,Aqua,MODIS,62,61.03,311.2,6.8,D,0
20.7569,81.644,326.8,1,1,2026-04-14,938,Aqua,MODIS,65,61.03,311.7,7.7,D,0
20.7762,81.5931,334.1,1,1,2026-04-14,938,Aqua,MODIS,79,61.03,312.8,16.8,D,0
20.9663,86.0104,321.2,1.5,1.2,2026-04-14,938,Aqua,MODIS,53,61.03,300.4,13.1,D,2
21.0772,83.9747,321.7,1.1,1.1,2026-04-14,938,Aqua,MODIS,51,61.03,307.7,6.8,D,0
21.1931,84.5879,327.6,1.2,1.1,2026-04-14,938,Aqua,MODIS,36,61.03,307.4,14.8,D,0
20.4779,78.0021,338.7,1.4,1.2,2026-04-14,939,Aqua,MODIS,77,61.03,321,28.9,D,0
20.4986,78.1827,345.2,1.4,1.2,2026-04-14,939,Aqua,MODIS,88,61.03,320.4,46.5,D,0
20.7918,81.6381,331,1,1,2026-04-14,939,Aqua,MODIS,74,61.03,313.4,11.8,D,0
20.7932,81.6474,332.1,1,1,2026-04-14,939,Aqua,MODIS,76,61.03,312.6,13.1,D,0
20.8149,80.2748,334.7,1.1,1,2026-04-14,939,Aqua,MODIS,77,61.03,316.6,20,D,0
20.8349,81.6878,336.5,1,1,2026-04-14,939,Aqua,MODIS,82,61.03,313.8,20.3,D,0
20.8363,81.6971,334.1,1,1,2026-04-14,939,Aqua,MODIS,79,61.03,312.8,16.8,D,0
20.8438,81.4224,333.7,1,1,2026-04-14,939,Aqua,MODIS,78,61.03,316.6,16.1,D,0
20.909,77.8744,332.3,1.4,1.2,2026-04-14,939,Aqua,MODIS,65,61.03,319,16.8,D,0
21.0515,78.7079,331.9,1.3,1.1,2026-04-14,939,Aqua,MODIS,68,61.03,316.4,16.8,D,0
21.0987,83.0604,325.3,1,1,2026-04-14,939,Aqua,MODIS,66,61.03,310.9,7.6,D,0
21.1536,82.9276,330,1,1,2026-04-14,939,Aqua,MODIS,75,61.03,315,11.7,D,0
21.1831,79.9614,328.4,1.1,1,2026-04-14,939,Aqua,MODIS,63,61.03,315.3,12.1,D,0
21.1847,79.9715,337.5,1.1,1,2026-04-14,939,Aqua,MODIS,81,61.03,315.1,25.8,D,0
21.1929,80.3241,325.5,1.1,1,2026-04-14,939,Aqua,MODIS,25,61.03,310.9,9.8,D,0
21.2026,84.5867,327.2,1.2,1.1,2026-04-14,939,Aqua,MODIS,53,61.03,308.2,13.5,D,0
21.2099,79.375,328.9,1.2,1.1,2026-04-14,939,Aqua,MODIS,53,61.03,309.1,12.4,D,0
21.2406,79.2853,328.7,1.2,1.1,2026-04-14,939,Aqua,MODIS,55,61.03,314,10.3,D,0
21.2575,79.2711,343.9,1.2,1.1,2026-04-14,939,Aqua,MODIS,80,61.03,315.7,34.6,D,0
21.2593,79.2818,357.4,1.2,1.1,2026-04-14,939,Aqua,MODIS,98,61.03,316.1,71.8,D,0
21.2695,79.5206,352.5,1.1,1.1,2026-04-14,939,Aqua,MODIS,95,61.03,310.9,61.4,D,0
21.2712,79.531,326.5,1.1,1.1,2026-04-14,939,Aqua,MODIS,51,61.03,307.8,9.7,D,0
21.2731,78.428,335.3,1.3,1.1,2026-04-14,939,Aqua,MODIS,76,61.03,320.7,20.3,D,0
21.2762,79.2675,332.3,1.2,1.1,2026-04-14,939,Aqua,MODIS,17,61.03,314.7,13.2,D,0
21.279,79.3444,331.2,1.2,1.1,2026-04-14,939,Aqua,MODIS,69,61.03,314.7,14.1,D,0
21.2808,79.355,331.2,1.2,1.1,2026-04-14,939,Aqua,MODIS,69,61.03,314.8,13.9,D,0
21.2873,78.5113,333.1,1.3,1.1,2026-04-14,939,Aqua,MODIS,71,61.03,318.6,17.7,D,0
21.2896,81.8746,329.2,1,1,2026-04-14,939,Aqua,MODIS,65,61.03,315.4,7.9,D,0
21.3081,77.1871,334.3,1.6,1.2,2026-04-14,939,Aqua,MODIS,67,61.03,314.4,36.8,D,0
21.3162,79.3374,332.4,1.2,1.1,2026-04-14,939,Aqua,MODIS,72,61.03,316.3,14.4,D,0
21.3236,82.3566,324.4,1,1,2026-04-14,939,Aqua,MODIS,44,61.03,312.1,6.7,D,0
21.3327,81.7855,326.7,1,1,2026-04-14,939,Aqua,MODIS,56,61.03,312.9,6.9,D,0
21.3483,80.6031,327.3,1,1,2026-04-14,939,Aqua,MODIS,60,61.03,312.2,10.5,D,0
21.3676,80.728,332.5,1,1,2026-04-14,939,Aqua,MODIS,74,61.03,313.5,17.2,D,0
21.3786,84.3778,326.4,1.2,1.1,2026-04-14,939,Aqua,MODIS,71,61.03,305,18.4,D,0
21.38,84.3885,322.7,1.2,1.1,2026-04-14,939,Aqua,MODIS,53,61.03,303.9,13.5,D,0
21.3867,80.7344,330.8,1,1,2026-04-14,939,Aqua,MODIS,43,61.03,314.3,14.1,D,0
21.4073,80.6916,325.9,1,1,2026-04-14,939,Aqua,MODIS,46,61.03,310.8,9.9,D,0
21.4381,85.4647,319.9,1.4,1.2,2026-04-14,939,Aqua,MODIS,57,61.03,306.6,10,D,0
21.4564,77.5109,328.7,1.5,1.2,2026-04-14,939,Aqua,MODIS,59,61.03,317.2,17.1,D,0
21.4598,81.9577,333.1,1,1,2026-04-14,939,Aqua,MODIS,74,61.03,315.5,12.9,D,0
21.4661,80.645,324.4,1,1,2026-04-14,939,Aqua,MODIS,29,61.03,310.9,8.7,D,0
21.4685,81.9562,343.7,1,1,2026-04-14,939,Aqua,MODIS,88,61.03,316.6,28.6,D,0
21.4764,78.0493,327.5,1.4,1.2,2026-04-14,939,Aqua,MODIS,55,61.03,314.3,12.5,D,0
21.5194,84.2666,321.3,1.2,1.1,2026-04-14,939,Aqua,MODIS,51,61.03,307.1,7.4,D,0
21.5208,84.2775,322.5,1.2,1.1,2026-04-14,939,Aqua,MODIS,59,61.03,307.1,9,D,0
21.5215,78.5022,332.7,1.3,1.1,2026-04-14,939,Aqua,MODIS,73,61.03,319.8,14.2,D,0
21.5235,78.5141,330.8,1.3,1.1,2026-04-14,939,Aqua,MODIS,62,61.03,317.8,10.4,D,0
21.5474,80.6931,325,1,1,2026-04-14,939,Aqua,MODIS,49,61.03,310.6,9.5,D,0
21.5644,83.2958,330.7,1.1,1,2026-04-14,939,Aqua,MODIS,73,61.03,313.1,13.7,D,0
21.5749,77.4327,329.6,1.5,1.2,2026-04-14,939,Aqua,MODIS,40,61.03,316.2,18.7,D,0
21.616,76.7607,335.7,1.6,1.3,2026-04-14,939,Aqua,MODIS,76,61.03,319.8,31.1,D,0
21.6176,83.1394,340.1,1.1,1,2026-04-14,939,Aqua,MODIS,85,61.03,315.4,26.5,D,0
21.6294,80.8158,325.4,1,1,2026-04-14,939,Aqua,MODIS,43,61.03,312.2,6.6,D,0
21.6369,78.3831,331.7,1.3,1.1,2026-04-14,939,Aqua,MODIS,71,61.03,319.4,12.7,D,0
21.6389,78.3948,330.5,1.3,1.1,2026-04-14,939,Aqua,MODIS,65,61.03,319,10.2,D,0
21.6493,81.3049,336.6,1,1,2026-04-14,939,Aqua,MODIS,81,61.03,316.6,17.6,D,0
21.6507,81.3143,330.8,1,1,2026-04-14,939,Aqua,MODIS,71,61.03,314.5,9.6,D,0
21.6599,82.2734,329.9,1,1,2026-04-14,939,Aqua,MODIS,67,61.03,315.4,8.9,D,0
21.6737,81.3486,339.9,1,1,2026-04-14,939,Aqua,MODIS,84,61.03,314.6,23.6,D,0
21.6805,77.5021,327.5,1.5,1.2,2026-04-14,939,Aqua,MODIS,43,61.03,314.2,15.5,D,0
21.7096,76.7678,333.1,1.6,1.3,2026-04-14,939,Aqua,MODIS,72,61.03,318.4,25.3,D,0
21.7193,81.4749,333.3,1,1,2026-04-14,939,Aqua,MODIS,76,61.03,315.4,12.9,D,0
21.7207,81.4843,333.3,1,1,2026-04-14,939,Aqua,MODIS,76,61.03,313.4,13,D,0
21.7345,77.7506,329.9,1.4,1.2,2026-04-14,939,Aqua,MODIS,62,61.03,318.5,12.2,D,0
21.7351,76.9771,332.1,1.6,1.2,2026-04-14,939,Aqua,MODIS,69,61.03,316.7,23.1,D,0
21.7381,79.5539,327.9,1.1,1.1,2026-04-14,939,Aqua,MODIS,64,61.03,311.9,11,D,0
21.7398,79.5642,332.7,1.1,1.1,2026-04-14,939,Aqua,MODIS,75,61.03,312,18.2,D,0
21.7404,83.8438,331.8,1.1,1.1,2026-04-14,939,Aqua,MODIS,77,61.03,312.2,16.1,D,2
21.7459,76.9752,327.8,1.6,1.2,2026-04-14,939,Aqua,MODIS,50,61.03,316.8,13,D,0
21.7575,77.3533,328.7,1.5,1.2,2026-04-14,939,Aqua,MODIS,51,61.03,317.6,12.4,D,0
21.7635,85.2121,319,1.3,1.1,2026-04-14,939,Aqua,MODIS,50,61.03,305.8,9.1,D,0
21.7751,77.3922,331.4,1.5,1.2,2026-04-14,939,Aqua,MODIS,68,61.03,317.1,16.8,D,0
21.8128,81.7202,331.1,1,1,2026-04-14,939,Aqua,MODIS,72,61.03,313.4,12.7,D,0
21.8267,78.4869,335.4,1.3,1.1,2026-04-14,939,Aqua,MODIS,77,61.03,319.7,20.7,D,0
21.8311,78.4915,331.6,1.3,1.1,2026-04-14,939,Aqua,MODIS,55,61.03,318.9,13.6,D,0
21.8682,77.2673,336,1.5,1.2,2026-04-14,939,Aqua,MODIS,77,61.03,317.2,32.5,D,0
21.8689,83.9801,325.4,1.1,1.1,2026-04-14,939,Aqua,MODIS,66,61.03,310.9,9.1,D,0
21.891,85.1684,319.3,1.3,1.1,2026-04-14,939,Aqua,MODIS,48,61.03,305.6,9.8,D,0
21.9028,80.5365,327.8,1,1,2026-04-14,939,Aqua,MODIS,66,61.03,311.6,11.7,D,0
21.9069,79.3927,328.7,1.1,1.1,2026-04-14,939,Aqua,MODIS,65,61.03,316.9,9.3,D,0
21.9086,79.4032,328.9,1.1,1.1,2026-04-14,939,Aqua,MODIS,66,61.03,316.4,9.6,D,0
21.9113,79.478,335.4,1.1,1.1,2026-04-14,939,Aqua,MODIS,79,61.03,316.8,20.6,D,0
21.9188,81.8785,331.8,1,1,2026-04-14,939,Aqua,MODIS,74,61.03,314,13.2,D,0
21.9319,77.1033,333.2,1.5,1.2,2026-04-14,939,Aqua,MODIS,72,61.03,318.2,25.1,D,0
21.9344,77.1175,328.4,1.5,1.2,2026-04-14,939,Aqua,MODIS,55,61.03,317.3,13.8,D,0
21.9438,79.5042,337.3,1.1,1.1,2026-04-14,939,Aqua,MODIS,81,61.03,317.2,24.8,D,0
21.9455,79.5146,343.9,1.1,1.1,2026-04-14,939,Aqua,MODIS,88,61.03,314.8,38,D,0
21.9548,80.272,332.2,1,1,2026-04-14,939,Aqua,MODIS,75,61.03,309.2,20.3,D,0
21.9908,76.8438,333.6,1.6,1.2,2026-04-14,939,Aqua,MODIS,73,61.03,320.5,21.7,D,0
21.9934,76.8585,332.5,1.6,1.2,2026-04-14,939,Aqua,MODIS,71,61.03,319.7,18.7,D,0
22.0021,73.8561,328,2.6,1.6,2026-04-14,939,Aqua,MODIS,59,61.03,314.3,37.1,D,0
22.0083,80.3223,325.7,1,1,2026-04-14,939,Aqua,MODIS,58,61.03,309.9,11.2,D,0
22.0084,73.8596,326.5,2.6,1.6,2026-04-14,939,Aqua,MODIS,51,61.03,313.9,29.8,D,0
22.0172,79.3218,327.6,1.1,1.1,2026-04-14,939,Aqua,MODIS,59,61.03,314.9,8.4,D,0
22.0189,79.3323,335.4,1.1,1.1,2026-04-14,939,Aqua,MODIS,79,61.03,316.2,21.2,D,0
22.0356,79.906,326.7,1.1,1,2026-04-14,939,Aqua,MODIS,61,61.03,311.9,9.3,D,0
22.0461,79.9142,323.7,1.1,1,2026-04-14,939,Aqua,MODIS,32,61.03,310,6.3,D,0
22.0474,79.392,331.7,1.1,1.1,2026-04-14,939,Aqua,MODIS,73,61.03,315,15.4,D,0
22.0574,79.336,332,1.1,1.1,2026-04-14,939,Aqua,MODIS,73,61.03,315.2,14.7,D,0
22.059,79.3465,344.4,1.1,1.1,2026-04-14,939,Aqua,MODIS,89,61.03,313.5,38.5,D,0
22.0604,81.0772,323.9,1,1,2026-04-14,939,Aqua,MODIS,43,61.03,311.5,6.3,D,0
22.0734,81.1039,325.6,1,1,2026-04-14,939,Aqua,MODIS,60,61.03,314.5,7.5,D,0
22.108,77.9458,327.9,1.3,1.1,2026-04-14,939,Aqua,MODIS,44,61.03,313.9,14.1,D,0
22.1145,79.8743,325.3,1.1,1,2026-04-14,939,Aqua,MODIS,24,61.03,309.7,8.7,D,0
22.1166,78.0583,330.3,1.3,1.1,2026-04-14,939,Aqua,MODIS,66,61.03,317.7,15.4,D,0
22.119,78.1335,327.5,1.3,1.1,2026-04-14,939,Aqua,MODIS,54,61.03,314.1,11.8,D,0
22.1222,78.3919,327.9,1.3,1.1,2026-04-14,939,Aqua,MODIS,57,61.03,315.3,12.5,D,0
22.1251,79.8827,332.9,1.1,1,2026-04-14,939,Aqua,MODIS,76,61.03,309.5,19,D,0
22.1308,79.2186,331,1.1,1.1,2026-04-14,939,Aqua,MODIS,71,61.03,314.2,13.6,D,0
22.1341,79.881,325.6,1.1,1,2026-04-14,939,Aqua,MODIS,39,61.03,310.2,9.1,D,0
22.1442,85.2352,317.9,1.3,1.1,2026-04-14,939,Aqua,MODIS,36,61.03,305.4,8.7,D,0
22.1543,79.1414,335.5,1.1,1.1,2026-04-14,939,Aqua,MODIS,71,61.03,315.2,24.5,D,0
22.1619,79.129,337.2,1.2,1.1,2026-04-14,939,Aqua,MODIS,81,61.03,316.9,24.7,D,0
22.1625,83.1528,327.3,1.1,1,2026-04-14,939,Aqua,MODIS,68,61.03,311.3,12.7,D,0
22.1627,78.8087,330.3,1.2,1.1,2026-04-14,939,Aqua,MODIS,67,61.03,314.2,15,D,0
22.1636,79.1397,380.7,1.1,1.1,2026-04-14,939,Aqua,MODIS,100,61.03,317.8,170.1,D,0
22.1645,78.8197,330.6,1.2,1.1,2026-04-14,939,Aqua,MODIS,68,61.03,312.7,15.4,D,0
22.1775,79.2251,330.9,1.1,1.1,2026-04-14,939,Aqua,MODIS,70,61.03,314.6,13.4,D,0
22.1852,77.8536,327.4,1.4,1.2,2026-04-14,939,Aqua,MODIS,41,61.03,312.3,13.3,D,0
22.1866,77.8588,331.9,1.4,1.2,2026-04-14,939,Aqua,MODIS,70,61.03,312.2,22.1,D,0
22.1888,78.8492,331.1,1.2,1.1,2026-04-14,939,Aqua,MODIS,69,61.03,316.9,16.2,D,0
22.2002,80.4245,325,1,1,2026-04-14,939,Aqua,MODIS,56,61.03,312.3,7.3,D,0
22.2263,79.4107,368.6,1.1,1.1,2026-04-14,939,Aqua,MODIS,100,61.03,319.1,107.2,D,0
22.228,79.421,347.3,1.1,1.1,2026-04-14,939,Aqua,MODIS,91,61.03,313.9,43,D,0
22.2355,79.4089,361.5,1.1,1.1,2026-04-14,939,Aqua,MODIS,100,61.03,317,82.3,D,0
22.2453,85.145,319.7,1.3,1.1,2026-04-14,939,Aqua,MODIS,44,61.03,307.5,9.1,D,0
22.2523,82.2664,331.8,1,1,2026-04-14,939,Aqua,MODIS,75,61.03,316,13,D,0
22.2643,81.2027,328,1,1,2026-04-14,939,Aqua,MODIS,68,61.03,314.2,8.7,D,0
22.2685,81.2308,325.5,1,1,2026-04-14,939,Aqua,MODIS,60,61.03,313.7,5.1,D,0
22.2689,79.6779,331.6,1.1,1,2026-04-14,939,Aqua,MODIS,72,61.03,314.6,14.1,D,0
22.273,85.3735,322.8,1.4,1.2,2026-04-14,939,Aqua,MODIS,58,61.03,309.3,12.3,D,0
22.2743,85.3801,323.2,1.4,1.2,2026-04-14,939,Aqua,MODIS,49,61.03,309,12.9,D,0
22.2747,79.6558,338.3,1.1,1,2026-04-14,939,Aqua,MODIS,83,61.03,314.7,23.9,D,0
22.288,77.4236,330.2,1.4,1.2,2026-04-14,939,Aqua,MODIS,21,61.03,317.4,15.9,D,0
22.2917,78.2367,330.2,1.3,1.1,2026-04-14,939,Aqua,MODIS,67,61.03,314.8,17.3,D,0
22.2943,77.417,334.2,1.4,1.2,2026-04-14,939,Aqua,MODIS,76,61.03,317,25.9,D,0
22.2966,77.4303,327.9,1.4,1.2,2026-04-14,939,Aqua,MODIS,53,61.03,315.2,11.4,D,0
22.2983,77.4217,336.6,1.4,1.2,2026-04-14,939,Aqua,MODIS,79,61.03,315.8,30.3,D,0
22.3071,79.7436,339.3,1.1,1,2026-04-14,939,Aqua,MODIS,84,61.03,313.2,28.3,D,0
22.3087,79.7537,363.4,1.1,1,2026-04-14,939,Aqua,MODIS,100,61.03,314.4,89,D,0
22.3163,79.7468,351.9,1.1,1,2026-04-14,939,Aqua,MODIS,94,61.03,315.9,55.5,D,0
22.3179,79.7569,336.9,1.1,1,2026-04-14,939,Aqua,MODIS,80,61.03,312.7,24.4,D,0
22.3249,85.4588,323,1.4,1.2,2026-04-14,939,Aqua,MODIS,66,61.03,307.7,13.5,D,0
22.3424,79.3834,331,1.1,1.1,2026-04-14,939,Aqua,MODIS,69,61.03,319.1,10.7,D,0
22.3434,80.0347,327.5,1.1,1,2026-04-14,939,Aqua,MODIS,62,61.03,314.2,9.4,D,0
22.3434,81.8875,325.4,1,1,2026-04-14,939,Aqua,MODIS,43,61.03,310.2,7.9,D,0
22.3507,81.8766,327.7,1,1,2026-04-14,939,Aqua,MODIS,66,61.03,311.2,12.3,D,0
22.3539,79.7501,335.7,1.1,1,2026-04-14,939,Aqua,MODIS,78,61.03,314.8,21.5,D,0
22.3677,80.8013,346.2,1,1,2026-04-14,939,Aqua,MODIS,91,61.03,313.9,39.2,D,0
22.392,77.615,338,1.4,1.2,2026-04-14,939,Aqua,MODIS,82,61.03,315.9,38.2,D,0
22.3943,77.6279,339.3,1.4,1.2,2026-04-14,939,Aqua,MODIS,83,61.03,315.3,40.9,D,0
22.407,78.6328,337.1,1.2,1.1,2026-04-14,939,Aqua,MODIS,80,61.03,312.7,30.4,D,0
22.4076,79.6187,335.4,1.1,1,2026-04-14,939,Aqua,MODIS,77,61.03,316.9,19.2,D,0
22.4078,78.8755,327.8,1.2,1.1,2026-04-14,939,Aqua,MODIS,57,61.03,315.3,10.8,D,0
22.4088,78.6441,328.5,1.2,1.1,2026-04-14,939,Aqua,MODIS,59,61.03,312.1,15.6,D,0
22.4297,81.7796,322,1,1,2026-04-14,939,Aqua,MODIS,38,61.03,310.3,6.3,D,0
22.4352,85.5314,324.4,1.4,1.2,2026-04-14,939,Aqua,MODIS,68,61.03,307.5,16.6,D,0
22.4627,82.2577,324.7,1,1,2026-04-14,939,Aqua,MODIS,59,61.03,312.1,7.9,D,0
22.4731,81.4492,326.6,1,1,2026-04-14,939,Aqua,MODIS,58,61.03,314.6,9.6,D,0
22.4906,79.3861,332,1.1,1.1,2026-04-14,939,Aqua,MODIS,70,61.03,316.4,13,D,0
22.4922,79.3965,330.9,1.1,1.1,2026-04-14,939,Aqua,MODIS,68,61.03,315.1,11.7,D,0
22.4929,85.5027,321.5,1.4,1.2,2026-04-14,939,Aqua,MODIS,31,61.03,308.2,9.4,D,0
22.498,79.4909,334.6,1.1,1,2026-04-14,939,Aqua,MODIS,76,61.03,316.1,16.9,D,0
22.5116,77.415,328.8,1.4,1.2,2026-04-14,939,Aqua,MODIS,63,61.03,314.7,14.7,D,0
22.5198,83.8787,325.1,1.1,1.1,2026-04-14,939,Aqua,MODIS,62,61.03,312.3,9.1,D,0
22.5249,82.83,321.8,1,1,2026-04-14,939,Aqua,MODIS,31,61.03,309.2,9.2,D,0
22.5433,81.5361,324,1,1,2026-04-14,939,Aqua,MODIS,46,61.03,306.6,10.3,D,0
22.5953,81.8934,324.6,1,1,2026-04-14,939,Aqua,MODIS,61,61.03,312.3,7.4,D,0
22.6075,81.9782,325.5,1,1,2026-04-14,939,Aqua,MODIS,64,61.03,312.8,8.4,D,0
22.6531,81.4153,335.7,1,1,2026-04-14,939,Aqua,MODIS,78,61.03,311.6,21,D,0
22.6704,82.23,324.8,1,1,2026-04-14,939,Aqua,MODIS,59,61.03,312.9,6.3,D,0
22.7199,79.4262,331.8,1.1,1,2026-04-14,939,Aqua,MODIS,71,61.03,315.9,12.6,D,0
22.7217,85.3622,332.2,1.4,1.2,2026-04-14,939,Aqua,MODIS,79,61.03,307.3,34,D,0
22.7629,79.229,326.8,1.1,1.1,2026-04-14,939,Aqua,MODIS,52,61.03,314.8,8.1,D,0
22.8658,83.1022,321.8,1.1,1,2026-04-14,939,Aqua,MODIS,51,61.03,308.9,8.4,D,0
22.8905,83.8953,328,1.2,1.1,2026-04-14,939,Aqua,MODIS,72,61.03,310.6,15.3,D,0
22.9201,83.6432,328.9,1.1,1.1,2026-04-14,939,Aqua,MODIS,73,61.03,311,15.7,D,0
22.9366,77.4812,331.8,1.4,1.2,2026-04-14,939,Aqua,MODIS,67,61.03,315.9,19.1,D,0
22.9497,77.5581,346.3,1.4,1.2,2026-04-14,939,Aqua,MODIS,89,61.03,317.4,54.2,D,0
22.9519,77.5709,340.6,1.4,1.2,2026-04-14,939,Aqua,MODIS,83,61.03,314.5,37.7,D,0
22.9619,77.5688,339.8,1.4,1.2,2026-04-14,939,Aqua,MODIS,82,61.03,316.7,34.5,D,0
22.9641,77.5816,335.9,1.4,1.2,2026-04-14,939,Aqua,MODIS,76,61.03,314.9,25.5,D,0
22.9676,77.5411,330.6,1.4,1.2,2026-04-14,939,Aqua,MODIS,39,61.03,316.2,13.2,D,0
22.9728,84.0446,322.9,1.2,1.1,2026-04-14,939,Aqua,MODIS,59,61.03,310,9.9,D,0
22.9977,80.195,327.5,1,1,2026-04-14,939,Aqua,MODIS,32,61.03,315.3,7.1,D,0
23.0376,77.5863,334.8,1.4,1.2,2026-04-14,939,Aqua,MODIS,40,61.03,317,21.9,D,0
23.0436,78.2924,332.6,1.2,1.1,2026-04-14,939,Aqua,MODIS,71,61.03,317.5,15.2,D,0
23.0476,77.5842,340.5,1.4,1.2,2026-04-14,939,Aqua,MODIS,48,61.03,315.8,33.2,D,0
23.0479,76.5812,330.3,1.6,1.2,2026-04-14,939,Aqua,MODIS,64,61.03,315.8,15.3,D,0
23.0497,77.5969,351.1,1.4,1.2,2026-04-14,939,Aqua,MODIS,92,61.03,314.7,66.3,D,0
23.0673,79.984,328.9,1,1,2026-04-14,939,Aqua,MODIS,64,61.03,316.2,10.2,D,0
23.0681,77.5875,339.5,1.4,1.2,2026-04-14,939,Aqua,MODIS,66,61.03,316.1,33.8,D,0
23.0697,77.5928,338.5,1.4,1.2,2026-04-14,939,Aqua,MODIS,55,61.03,315.2,31.1,D,0
23.0703,77.0552,336.5,1.5,1.2,2026-04-14,939,Aqua,MODIS,77,61.03,319.4,24.7,D,0
23.0774,85.0313,319.8,1.3,1.1,2026-04-14,939,Aqua,MODIS,34,61.03,307.8,7.9,D,0
23.082,78.2848,340.7,1.2,1.1,2026-04-14,939,Aqua,MODIS,84,61.03,317.9,32.3,D,0
23.0836,77.4384,333.6,1.4,1.2,2026-04-14,939,Aqua,MODIS,71,61.03,315.6,21.5,D,0
23.0859,77.4513,331.4,1.4,1.2,2026-04-14,939,Aqua,MODIS,65,61.03,315.8,16.9,D,0
23.0924,78.2042,328.8,1.2,1.1,2026-04-14,939,Aqua,MODIS,55,61.03,316.6,11.8,D,0
23.1108,84.0959,324.4,1.2,1.1,2026-04-14,939,Aqua,MODIS,64,61.03,308.1,14.1,D,0
23.1359,77.9873,332.3,1.3,1.1,2026-04-14,939,Aqua,MODIS,59,61.03,315.2,17.9,D,0
23.1422,77.9555,327.8,1.3,1.1,2026-04-14,939,Aqua,MODIS,15,61.03,313.6,11.4,D,0
23.1747,77.1814,333.4,1.4,1.2,2026-04-14,939,Aqua,MODIS,71,61.03,318.9,19.6,D,0
23.1804,77.6364,330.6,1.3,1.1,2026-04-14,939,Aqua,MODIS,62,61.03,315.2,16.8,D,0
23.2295,79.6597,329.7,1.1,1,2026-04-14,939,Aqua,MODIS,66,61.03,311.3,16.2,D,0
23.2429,81.385,328,1,1,2026-04-14,939,Aqua,MODIS,64,61.03,312.9,9.7,D,0
23.2535,77.7631,334.8,1.3,1.1,2026-04-14,939,Aqua,MODIS,58,61.03,314.1,24.3,D,0
23.2633,77.761,331.7,1.3,1.1,2026-04-14,939,Aqua,MODIS,58,61.03,315.5,18.2,D,0
23.2684,78.7015,330.1,1.2,1.1,2026-04-14,939,Aqua,MODIS,62,61.03,317.5,9.2,D,0
23.2864,77.0619,330,1.5,1.2,2026-04-14,939,Aqua,MODIS,61,61.03,316.3,14.5,D,0
23.2886,78.7653,332.3,1.2,1.1,2026-04-14,939,Aqua,MODIS,69,61.03,319.6,10.7,D,0
23.3203,80.1208,329.1,1,1,2026-04-14,939,Aqua,MODIS,65,61.03,310.8,14.9,D,0
23.321,79.4168,341.8,1.1,1,2026-04-14,939,Aqua,MODIS,85,61.03,319.7,27.1,D,0
23.3235,77.9996,330.9,1.3,1.1,2026-04-14,939,Aqua,MODIS,43,61.03,314.4,16.3,D,0
23.3255,78.0115,339.2,1.3,1.1,2026-04-14,939,Aqua,MODIS,81,61.03,314.2,33.6,D,0
23.3266,78.0058,334.3,1.3,1.1,2026-04-14,939,Aqua,MODIS,73,61.03,314.9,24.6,D,0
23.3317,79.4253,332.7,1.1,1,2026-04-14,939,Aqua,MODIS,56,61.03,316.6,12.1,D,0
23.3347,77.8172,339.3,1.3,1.1,2026-04-14,939,Aqua,MODIS,81,61.03,317.5,31.4,D,0
23.3368,77.8294,333.2,1.3,1.1,2026-04-14,939,Aqua,MODIS,71,61.03,315.7,18.7,D,0
23.3388,77.8416,331.4,1.3,1.1,2026-04-14,939,Aqua,MODIS,61,61.03,314.3,15.5,D,0
23.3418,83.416,327.1,1.1,1.1,2026-04-14,939,Aqua,MODIS,69,61.03,310.3,13.4,D,0
23.3433,83.2878,321.5,1.1,1,2026-04-14,939,Aqua,MODIS,42,61.03,308.8,6.1,D,0
23.4079,81.189,331.6,1,1,2026-04-14,939,Aqua,MODIS,65,61.03,314,13.1,D,0
23.4191,78.9338,339.9,1.1,1.1,2026-04-14,939,Aqua,MODIS,83,61.03,318.9,25.8,D,0
23.4337,81.2426,326.4,1,1,2026-04-14,939,Aqua,MODIS,55,61.03,312.6,8.6,D,0
23.4441,81.1923,332.5,1,1,2026-04-14,939,Aqua,MODIS,60,61.03,313.8,13.4,D,0
23.4444,81.3763,332.6,1,1,2026-04-14,939,Aqua,MODIS,76,61.03,318.8,12.5,D,0
23.4457,81.3857,355.1,1,1,2026-04-14,939,Aqua,MODIS,97,61.03,319.7,54.1,D,0
23.4471,76.859,335.1,1.5,1.2,2026-04-14,939,Aqua,MODIS,75,61.03,315.8,27.4,D,0
23.4496,76.8729,331.5,1.5,1.2,2026-04-14,939,Aqua,MODIS,67,61.03,315.7,18.4,D,0
23.4502,79.8828,332,1,1,2026-04-14,939,Aqua,MODIS,71,61.03,316.8,14,D,0
23.4518,79.8926,340,1,1,2026-04-14,939,Aqua,MODIS,83,61.03,317.3,26.8,D,0
23.4615,77.8354,355,1.3,1.1,2026-04-14,939,Aqua,MODIS,96,61.03,318.6,77,D,0
23.4635,77.8474,365.9,1.3,1.1,2026-04-14,939,Aqua,MODIS,100,61.03,318.1,119.8,D,0
23.4713,77.8334,357.5,1.3,1.1,2026-04-14,939,Aqua,MODIS,98,61.03,319.6,86.4,D,0
23.4733,77.8455,363.9,1.3,1.1,2026-04-14,939,Aqua,MODIS,100,61.03,317.8,111.2,D,0
23.4795,78.9549,330.9,1.1,1.1,2026-04-14,939,Aqua,MODIS,66,61.03,318.3,10.3,D,0
23.5022,78.3726,332.9,1.2,1.1,2026-04-14,939,Aqua,MODIS,70,61.03,317,17.2,D,0
23.5116,78.3706,331.9,1.2,1.1,2026-04-14,939,Aqua,MODIS,67,61.03,316.6,15.1,D,0
23.518,84.1427,325.1,1.2,1.1,2026-04-14,939,Aqua,MODIS,67,61.03,306.4,15.4,D,0
23.5377,85.0363,323.6,1.4,1.2,2026-04-14,939,Aqua,MODIS,64,61.03,311.7,12.1,D,0
23.5384,77.1362,333.2,1.4,1.2,2026-04-14,939,Aqua,MODIS,71,61.03,314.9,23.4,D,0
23.5473,82.7582,324.1,1.1,1,2026-04-14,939,Aqua,MODIS,54,61.03,312.9,8.9,D,0
23.5509,77.6974,341.8,1.3,1.1,2026-04-14,939,Aqua,MODIS,85,61.03,314.5,41.7,D,0
23.5515,77.6907,327.4,1.3,1.1,2026-04-14,939,Aqua,MODIS,36,61.03,314.6,11.4,D,0
23.5536,77.703,327.6,1.3,1.1,2026-04-14,939,Aqua,MODIS,41,61.03,313,11.6,D,0
23.554,77.5876,332.5,1.3,1.1,2026-04-14,939,Aqua,MODIS,69,61.03,315.5,21.9,D,0
23.5603,79.815,333,1,1,2026-04-14,939,Aqua,MODIS,73,61.03,315.6,14.8,D,0
23.566,79.0958,331.7,1.1,1.1,2026-04-14,939,Aqua,MODIS,69,61.03,317.1,11.8,D,0
23.5729,79.3719,338.3,1.1,1,2026-04-14,939,Aqua,MODIS,81,61.03,319,21.7,D,0
23.5744,78.0172,333.6,1.3,1.1,2026-04-14,939,Aqua,MODIS,71,61.03,317.6,18.2,D,0
23.5819,79.3701,335.2,1.1,1,2026-04-14,939,Aqua,MODIS,76,61.03,316.7,16,D,0
23.5835,77.8921,332.6,1.3,1.1,2026-04-14,939,Aqua,MODIS,45,61.03,316.4,17.1,D,0
23.5855,77.9041,344.9,1.3,1.1,2026-04-14,939,Aqua,MODIS,88,61.03,316.4,45.5,D,0
23.5872,77.8971,337,1.3,1.1,2026-04-14,939,Aqua,MODIS,78,61.03,317.4,26.2,D,0
23.5893,77.9091,333.8,1.3,1.1,2026-04-14,939,Aqua,MODIS,72,61.03,315.6,19,D,0
23.5933,82.5504,324.3,1,1,2026-04-14,939,Aqua,MODIS,59,61.03,310.2,9.6,D,0
23.5946,82.2995,326.1,1,1,2026-04-14,939,Aqua,MODIS,65,61.03,310.4,12,D,0
23.6069,82.3873,321.8,1,1,2026-04-14,939,Aqua,MODIS,36,61.03,310.8,6.4,D,0
23.6083,82.397,332,1,1,2026-04-14,939,Aqua,MODIS,77,61.03,311.4,19,D,0
23.6143,77.8792,329.5,1.3,1.1,2026-04-14,939,Aqua,MODIS,50,61.03,315,13.2,D,0
23.6152,82.5771,322,1,1,2026-04-14,939,Aqua,MODIS,38,61.03,310.7,6.6,D,0
23.6159,77.5305,332.6,1.3,1.1,2026-04-14,939,Aqua,MODIS,67,61.03,315.6,18.3,D,0
23.6164,77.8912,335.4,1.3,1.1,2026-04-14,939,Aqua,MODIS,75,61.03,315.7,24,D,0
23.617,77.5357,337,1.3,1.1,2026-04-14,939,Aqua,MODIS,78,61.03,315.4,28.1,D,0
23.6191,79.7779,326.4,1.1,1,2026-04-14,939,Aqua,MODIS,39,61.03,315,6,D,0
23.6227,80.2757,334,1,1,2026-04-14,939,Aqua,MODIS,75,61.03,315.5,17.7,D,0
23.6242,80.2854,334.3,1,1,2026-04-14,939,Aqua,MODIS,76,61.03,313.9,18.2,D,0
23.6258,77.5284,349.4,1.3,1.1,2026-04-14,939,Aqua,MODIS,92,61.03,318.1,62,D,0
23.6311,80.0947,335.5,1,1,2026-04-14,939,Aqua,MODIS,78,61.03,315.2,20.2,D,0
23.6326,80.1045,340.4,1,1,2026-04-14,939,Aqua,MODIS,84,61.03,315.1,28.4,D,0
23.6344,79.2903,333.5,1.1,1,2026-04-14,939,Aqua,MODIS,73,61.03,316.4,15.7,D,0
23.6351,79.237,340.5,1.1,1,2026-04-14,939,Aqua,MODIS,83,61.03,319.8,26.1,D,0
23.6368,79.2473,352.5,1.1,1,2026-04-14,939,Aqua,MODIS,95,61.03,318.5,53.1,D,0
23.6479,77.9589,330.1,1.3,1.1,2026-04-14,939,Aqua,MODIS,59,61.03,315.7,10.7,D,0
23.6606,78.3585,339.4,1.2,1.1,2026-04-14,939,Aqua,MODIS,82,61.03,312.9,30.8,D,0
23.6643,76.3919,328.2,1.6,1.2,2026-04-14,939,Aqua,MODIS,54,61.03,314.4,12,D,0
23.6647,78.351,327.7,1.2,1.1,2026-04-14,939,Aqua,MODIS,36,61.03,314.5,10.6,D,0
23.6667,78.3623,336.2,1.2,1.1,2026-04-14,939,Aqua,MODIS,77,61.03,312.6,26.4,D,0
23.6697,80.4056,329,1,1,2026-04-14,939,Aqua,MODIS,61,61.03,315.1,10.3,D,0
23.6711,80.4152,328.4,1,1,2026-04-14,939,Aqua,MODIS,63,61.03,313.7,9.6,D,0
23.6724,80.187,328.6,1,1,2026-04-14,939,Aqua,MODIS,62,61.03,315.3,9.6,D,0
23.6739,80.1967,336,1,1,2026-04-14,939,Aqua,MODIS,79,61.03,315.6,20.1,D,0
23.6828,77.0804,330.4,1.4,1.2,2026-04-14,939,Aqua,MODIS,62,61.03,315.9,18.9,D,0
23.6855,80.6287,328.3,1,1,2026-04-14,939,Aqua,MODIS,64,61.03,316.4,8.8,D,0
23.7044,78.413,333.3,1.2,1.1,2026-04-14,939,Aqua,MODIS,71,61.03,317.8,18.5,D,0
23.71,81.8731,329.9,1,1,2026-04-14,939,Aqua,MODIS,72,61.03,313.5,12.5,D,0
23.7113,81.8827,335.6,1,1,2026-04-14,939,Aqua,MODIS,80,61.03,313.8,20.4,D,0
23.7187,76.9411,336.5,1.5,1.2,2026-04-14,939,Aqua,MODIS,77,61.03,317.2,30.2,D,0
23.7318,82.0267,322.6,1,1,2026-04-14,939,Aqua,MODIS,30,61.03,311.1,5.3,D,0
23.7353,82.115,322.7,1,1,2026-04-14,939,Aqua,MODIS,38,61.03,311.2,7.1,D,0
23.7358,80.8441,339.1,1,1,2026-04-14,939,Aqua,MODIS,84,61.03,316.3,24,D,0
23.7372,80.8536,338.5,1,1,2026-04-14,939,Aqua,MODIS,83,61.03,316.8,23,D,0
23.7418,82.632,323.6,1.1,1,2026-04-14,939,Aqua,MODIS,54,61.03,310.4,6.9,D,0
23.7605,77.2363,332.5,1.4,1.2,2026-04-14,939,Aqua,MODIS,67,61.03,316.4,18.4,D,0
23.8308,77.823,336,1.3,1.1,2026-04-14,939,Aqua,MODIS,76,61.03,317.8,24,D,0
23.8328,77.835,360,1.3,1.1,2026-04-14,939,Aqua,MODIS,99,61.03,319.1,94.8,D,0
23.8348,77.847,349.5,1.3,1.1,2026-04-14,939,Aqua,MODIS,92,61.03,314.8,56.7,D,0
23.8429,79.2591,334,1.1,1,2026-04-14,939,Aqua,MODIS,73,61.03,319.4,14.5,D,0
23.8445,79.2694,334.4,1.1,1,2026-04-14,939,Aqua,MODIS,74,61.03,317.1,14.8,D,0
23.8452,79.8048,328.4,1,1,2026-04-14,939,Aqua,MODIS,59,61.03,314.3,9.2,D,0
23.8465,77.8569,340.9,1.3,1.1,2026-04-14,939,Aqua,MODIS,83,61.03,315.2,36.7,D,0
23.8486,77.8689,333.3,1.3,1.1,2026-04-14,939,Aqua,MODIS,71,61.03,314.4,20.4,D,0
23.8494,80.5476,327,1,1,2026-04-14,939,Aqua,MODIS,57,61.03,315.1,6.8,D,0
23.8665,82.8627,348.2,1.1,1,2026-04-14,939,Aqua,MODIS,92,61.03,314.5,47.5,D,0
23.8679,82.8728,339,1.1,1,2026-04-14,939,Aqua,MODIS,85,61.03,313.5,28.8,D,0
23.87,78.9149,331.2,1.1,1.1,2026-04-14,939,Aqua,MODIS,56,61.03,316.8,10.6,D,0
23.8729,85.5478,320.9,1.5,1.2,2026-04-14,939,Aqua,MODIS,52,61.03,308.4,11.4,D,0
23.8882,82.8222,335.7,1.1,1,2026-04-14,939,Aqua,MODIS,81,61.03,314.8,22.4,D,0
23.8903,83.0365,323.2,1.1,1,2026-04-14,939,Aqua,MODIS,49,61.03,309.9,7.7,D,0
23.9026,79.2315,329.9,1.1,1,2026-04-14,939,Aqua,MODIS,60,61.03,315.1,9.4,D,0
23.9201,85.2526,322.1,1.4,1.2,2026-04-14,939,Aqua,MODIS,53,61.03,309.4,11.7,D,0
23.9219,83.0047,330.4,1.1,1,2026-04-14,939,Aqua,MODIS,73,61.03,311.1,14.9,D,0
23.9235,82.8789,329,1.1,1,2026-04-14,939,Aqua,MODIS,70,61.03,314.1,11.9,D,0
23.9428,78.905,332.1,1.1,1.1,2026-04-14,939,Aqua,MODIS,68,61.03,318.1,11.8,D,0
23.9445,78.9156,330.1,1.1,1.1,2026-04-14,939,Aqua,MODIS,58,61.03,316.5,8.2,D,0
23.9447,82.6212,331.3,1.1,1,2026-04-14,939,Aqua,MODIS,50,61.03,313.9,13.2,D,0
23.9511,79.1262,331.7,1.1,1,2026-04-14,939,Aqua,MODIS,56,61.03,318.3,11.9,D,0
23.9522,82.6097,332.4,1.1,1,2026-04-14,939,Aqua,MODIS,70,61.03,315.4,14.9,D,0
23.9536,82.6197,338,1.1,1,2026-04-14,939,Aqua,MODIS,83,61.03,315.4,24,D,0
23.9657,78.9875,339,1.1,1.1,2026-04-14,939,Aqua,MODIS,81,61.03,318.4,24.5,D,0
23.9674,78.9981,334.3,1.1,1.1,2026-04-14,939,Aqua,MODIS,73,61.03,318.3,15.6,D,0
23.9806,83.1651,331.5,1.1,1,2026-04-14,939,Aqua,MODIS,75,61.03,312.9,16.1,D,0
23.9898,83.1637,327.2,1.1,1,2026-04-14,939,Aqua,MODIS,53,61.03,313.9,9.5,D,0
23.9985,81.8943,324.6,1,1,2026-04-14,939,Aqua,MODIS,37,61.03,312.3,6.7,D,0
24.0052,79.1731,330.6,1.1,1,2026-04-14,939,Aqua,MODIS,63,61.03,314,12.3,D,0
24.0333,83.2145,330.1,1.1,1,2026-04-14,939,Aqua,MODIS,62,61.03,315.6,12.5,D,0
24.0338,81.6166,324.8,1,1,2026-04-14,939,Aqua,MODIS,25,61.03,313.2,7.2,D,0
24.0361,83.2357,342.3,1.1,1.1,2026-04-14,939,Aqua,MODIS,87,61.03,316.1,33.4,D,0
24.0375,83.2463,333.9,1.1,1.1,2026-04-14,939,Aqua,MODIS,78,61.03,314.6,18.5,D,0
24.0425,83.2131,328.6,1.1,1,2026-04-14,939,Aqua,MODIS,41,61.03,315,9.8,D,0
24.0547,81.373,343,1,1,2026-04-14,939,Aqua,MODIS,83,61.03,313.3,31.7,D,0
24.0555,85.1865,330.8,1.4,1.2,2026-04-14,939,Aqua,MODIS,75,61.03,311.1,26.9,D,0
24.0722,83.7113,325,1.2,1.1,2026-04-14,939,Aqua,MODIS,56,61.03,311.8,10.1,D,0
24.0812,82.9563,325.3,1.1,1,2026-04-14,939,Aqua,MODIS,48,61.03,312.7,9.2,D,0
24.0957,80.1085,333.5,1,1,2026-04-14,939,Aqua,MODIS,73,61.03,318.7,13.5,D,0
24.1011,83.4433,328,1.1,1.1,2026-04-14,939,Aqua,MODIS,67,61.03,314.2,11.4,D,0
24.144,83.0095,331.7,1.1,1,2026-04-14,939,Aqua,MODIS,74,61.03,314.4,17.4,D,0
24.1447,83.0838,332.1,1.1,1,2026-04-14,939,Aqua,MODIS,75,61.03,313.7,17.4,D,0
24.1461,83.0943,325.3,1.1,1,2026-04-14,939,Aqua,MODIS,46,61.03,312.3,7.1,D,0
24.1489,83.1152,328,1.1,1,2026-04-14,939,Aqua,MODIS,66,61.03,313.4,10.7,D,0
24.1784,83.0571,335.1,1.1,1,2026-04-14,939,Aqua,MODIS,79,61.03,313.7,23.5,D,0
24.2256,82.9264,328.1,1.1,1,2026-04-14,939,Aqua,MODIS,51,61.03,313.9,9.9,D,0
24.227,82.9367,332.8,1.1,1,2026-04-14,939,Aqua,MODIS,75,61.03,314.6,16.9,D,0
24.2369,83.0095,324.3,1.1,1,2026-04-14,939,Aqua,MODIS,35,61.03,312.5,6.5,D,0
24.2417,83.1152,324.4,1.1,1,2026-04-14,939,Aqua,MODIS,46,61.03,313.2,7.2,D,0
24.2431,83.1256,326.8,1.1,1,2026-04-14,939,Aqua,MODIS,61,61.03,312.7,10.5,D,0
24.2558,84.0059,327.2,1.2,1.1,2026-04-14,939,Aqua,MODIS,59,61.03,314.5,10.9,D,0
24.3074,82.7187,329.5,1.1,1,2026-04-14,939,Aqua,MODIS,69,61.03,315.7,9.8,D,0
24.3087,82.7289,356.6,1.1,1,2026-04-14,939,Aqua,MODIS,98,61.03,316.9,64.6,D,0
24.41,83.0651,327.8,1.1,1,2026-04-14,939,Aqua,MODIS,64,61.03,313.2,10,D,0
24.4256,83.5977,328.2,1.2,1.1,2026-04-14,939,Aqua,MODIS,66,61.03,315.8,11.7,D,0
24.4373,82.9221,328.7,1.1,1,2026-04-14,939,Aqua,MODIS,67,61.03,314.8,11.2,D,0
24.5135,83.2264,333.7,1.1,1.1,2026-04-14,939,Aqua,MODIS,77,61.03,313.4,20.6,D,0
24.6156,83.0843,326.1,1.1,1,2026-04-14,939,Aqua,MODIS,58,61.03,314.5,8.7,D,0
24.617,83.0949,327.1,1.1,1.1,2026-04-14,939,Aqua,MODIS,62,61.03,314.5,10.2,D,0
24.7099,83.7282,326.9,1.2,1.1,2026-04-14,939,Aqua,MODIS,60,61.03,314.3,11.1,D,0
24.7209,83.7384,326.2,1.2,1.1,2026-04-14,939,Aqua,MODIS,48,61.03,313.9,9.8,D,0
24.7268,83.7837,326.5,1.2,1.1,2026-04-14,939,Aqua,MODIS,62,61.03,314.6,10.1,D,0
24.768,83.9249,328.3,1.2,1.1,2026-04-14,939,Aqua,MODIS,45,61.03,314.1,13,D,0
24.7689,83.8543,329.1,1.2,1.1,2026-04-14,939,Aqua,MODIS,69,61.03,314.5,14.4,D,0
24.7695,83.9366,327.2,1.2,1.1,2026-04-14,939,Aqua,MODIS,42,61.03,312.5,11,D,0
24.7791,83.9357,334.4,1.2,1.1,2026-04-14,939,Aqua,MODIS,75,61.03,313.9,23.8,D,0
24.7931,83.8149,327.6,1.2,1.1,2026-04-14,939,Aqua,MODIS,65,61.03,313.8,12.6,D,0
24.8276,85.3249,327.3,1.5,1.2,2026-04-14,939,Aqua,MODIS,69,61.03,313.5,18.4,D,0
24.8302,87.3809,327.3,2.1,1.4,2026-04-14,939,Aqua,MODIS,76,61.03,309.8,33.2,D,0
24.9974,85.768,327.6,1.6,1.2,2026-04-14,939,Aqua,MODIS,72,61.03,312.1,19.6,D,0
25.0627,85.7591,335.4,1.6,1.2,2026-04-14,939,Aqua,MODIS,82,61.03,312.8,39.1,D,0
25.0645,85.7744,345.2,1.6,1.2,2026-04-14,939,Aqua,MODIS,91,61.03,311.9,71.8,D,0
23.4816,74.4749,330.6,2.2,1.4,2026-04-14,940,Aqua,MODIS,70,61.03,314.5,36.1,D,0
23.8573,77.1957,334.6,1.4,1.2,2026-04-14,940,Aqua,MODIS,73,61.03,314.8,25.2,D,0
23.9659,77.8206,337.3,1.3,1.1,2026-04-14,940,Aqua,MODIS,78,61.03,315.8,27.5,D,0
23.968,77.8325,337.7,1.3,1.1,2026-04-14,940,Aqua,MODIS,79,61.03,316.3,29,D,0
24.0447,78.2269,332.9,1.2,1.1,2026-04-14,940,Aqua,MODIS,69,61.03,316,17.1,D,0
24.0492,77.8844,345.2,1.3,1.1,2026-04-14,940,Aqua,MODIS,88,61.03,317.6,45,D,0
24.0542,78.2249,331.2,1.2,1.1,2026-04-14,940,Aqua,MODIS,63,61.03,314.7,14.1,D,0
24.0926,77.7271,335.4,1.3,1.1,2026-04-14,940,Aqua,MODIS,75,61.03,316.5,23.4,D,0
24.1234,77.7141,348.2,1.3,1.1,2026-04-14,940,Aqua,MODIS,91,61.03,316.7,56.7,D,0
24.1464,77.6718,330,1.3,1.1,2026-04-14,940,Aqua,MODIS,60,61.03,316.7,13.2,D,0
24.1736,73.9941,339.3,2.3,1.5,2026-04-14,940,Aqua,MODIS,84,61.03,313,84.6,D,0
24.1736,74.001,350.4,2.3,1.5,2026-04-14,940,Aqua,MODIS,93,61.03,313.1,156.1,D,0
24.1778,74.0224,328.2,2.3,1.5,2026-04-14,940,Aqua,MODIS,65,61.03,312.6,32.7,D,0
24.1779,74.0156,340.2,2.3,1.5,2026-04-14,940,Aqua,MODIS,85,61.03,312.4,89,D,0
24.2061,77.5401,334.8,1.3,1.1,2026-04-14,940,Aqua,MODIS,74,61.03,317.2,22.5,D,0
24.2239,78.012,338.5,1.2,1.1,2026-04-14,940,Aqua,MODIS,80,61.03,317.2,27.7,D,0
24.2446,77.8813,333.3,1.2,1.1,2026-04-14,940,Aqua,MODIS,71,61.03,319.4,17.2,D,0
24.2766,79.5388,339,1.1,1,2026-04-14,940,Aqua,MODIS,81,61.03,320,19.6,D,0
24.284,79.5271,339.7,1.1,1,2026-04-14,940,Aqua,MODIS,82,61.03,320.4,21,D,0
24.2957,78.1821,334.3,1.2,1.1,2026-04-14,940,Aqua,MODIS,74,61.03,318.6,16.2,D,0
24.396,79.6543,335.2,1,1,2026-04-14,940,Aqua,MODIS,76,61.03,317,16.6,D,0
24.4138,77.0693,334.5,1.4,1.2,2026-04-14,940,Aqua,MODIS,73,61.03,317.7,23.7,D,0
24.4436,78.0984,343,1.2,1.1,2026-04-14,940,Aqua,MODIS,86,61.03,318.7,35.2,D,0
24.4455,78.1098,334.7,1.2,1.1,2026-04-14,940,Aqua,MODIS,74,61.03,318.8,17.6,D,0
24.4474,79.2118,328.7,1.1,1,2026-04-14,940,Aqua,MODIS,56,61.03,315.5,9.9,D,0
24.4484,79.6273,327.6,1,1,2026-04-14,940,Aqua,MODIS,51,61.03,315.4,7,D,0
24.4676,78.9352,340.8,1.1,1,2026-04-14,940,Aqua,MODIS,84,61.03,317.1,29.8,D,0
24.4693,78.9457,353.7,1.1,1,2026-04-14,940,Aqua,MODIS,95,61.03,316.2,59.8,D,0
24.4882,79.8232,335.3,1,1,2026-04-14,940,Aqua,MODIS,77,61.03,319.1,17.7,D,0
24.4897,79.833,338.9,1,1,2026-04-14,940,Aqua,MODIS,82,61.03,317.6,24,D,0
24.5409,80.2833,329.7,1,1,2026-04-14,940,Aqua,MODIS,60,61.03,316,8.9,D,0
24.5424,80.2929,345.4,1,1,2026-04-14,940,Aqua,MODIS,89,61.03,315.7,34.1,D,0
24.5497,80.2816,352.9,1,1,2026-04-14,940,Aqua,MODIS,95,61.03,318.9,49.9,D,0
24.5511,80.2913,359.5,1,1,2026-04-14,940,Aqua,MODIS,99,61.03,318.5,66.6,D,0
24.5536,80.0123,336.9,1,1,2026-04-14,940,Aqua,MODIS,79,61.03,317.4,19.8,D,0
24.5582,78.6423,330.2,1.1,1.1,2026-04-14,940,Aqua,MODIS,64,61.03,316.4,11.9,D,0
24.5599,80.2897,327.6,1,1,2026-04-14,940,Aqua,MODIS,57,61.03,315.9,7.6,D,0
24.5624,80.0107,335.8,1,1,2026-04-14,940,Aqua,MODIS,66,61.03,314.7,18.2,D,0
24.6012,78.5556,342.4,1.1,1.1,2026-04-14,940,Aqua,MODIS,86,61.03,315,34,D,0
24.6082,78.5989,331,1.1,1.1,2026-04-14,940,Aqua,MODIS,39,61.03,315.1,12.6,D,0
24.6139,78.5754,342.8,1.1,1.1,2026-04-14,940,Aqua,MODIS,86,61.03,316.8,33.2,D,0
24.6157,78.5863,361.7,1.1,1.1,2026-04-14,940,Aqua,MODIS,100,61.03,316.7,86.1,D,0
24.6174,78.5971,332.3,1.1,1.1,2026-04-14,940,Aqua,MODIS,60,61.03,314.1,15,D,0
24.6601,79.5028,328.3,1.1,1,2026-04-14,940,Aqua,MODIS,58,61.03,315.4,9.1,D,0
24.6607,79.3311,334.2,1.1,1,2026-04-14,940,Aqua,MODIS,75,61.03,316.8,16.6,D,0
24.6616,79.5128,332.5,1.1,1,2026-04-14,940,Aqua,MODIS,71,61.03,315.5,14.5,D,0
24.662,78.8741,349.4,1.1,1,2026-04-14,940,Aqua,MODIS,92,61.03,317.1,47.9,D,0
24.6637,78.8846,350.4,1.1,1,2026-04-14,940,Aqua,MODIS,93,61.03,316.7,50.5,D,0
24.6711,78.8723,341.2,1.1,1,2026-04-14,940,Aqua,MODIS,84,61.03,316.9,30.2,D,0
24.6728,78.8828,334.7,1.1,1,2026-04-14,940,Aqua,MODIS,75,61.03,314.7,18.5,D,0
24.7854,79.6577,333,1,1,2026-04-14,940,Aqua,MODIS,73,61.03,314.9,15.6,D,0
24.7943,79.656,331.8,1,1,2026-04-14,940,Aqua,MODIS,70,61.03,315.6,13.8,D,0
24.8248,83.6404,329.2,1.2,1.1,2026-04-14,940,Aqua,MODIS,37,61.03,315.6,16.1,D,0
24.8268,80.1627,327.6,1,1,2026-04-14,940,Aqua,MODIS,49,61.03,316,7.9,D,0
24.8351,76.6427,335.6,1.4,1.2,2026-04-14,940,Aqua,MODIS,76,61.03,317.7,25.5,D,0
24.8385,77.6861,334.9,1.3,1.1,2026-04-14,940,Aqua,MODIS,75,61.03,317.3,22.4,D,0
24.864,76.3385,332.3,1.5,1.2,2026-04-14,940,Aqua,MODIS,70,61.03,317.2,21.7,D,0
24.8967,78.0354,330.8,1.2,1.1,2026-04-14,940,Aqua,MODIS,65,61.03,317.7,11.4,D,0
24.9089,81.0294,326.3,1,1,2026-04-14,940,Aqua,MODIS,46,61.03,315.7,7.7,D,0
24.9135,77.8709,331.8,1.2,1.1,2026-04-14,940,Aqua,MODIS,68,61.03,317.2,14,D,0
24.9661,76.5737,346.9,1.5,1.2,2026-04-14,940,Aqua,MODIS,90,61.03,318.2,58.3,D,0
24.9719,82.6547,342.7,1.1,1,2026-04-14,940,Aqua,MODIS,87,61.03,315.4,34.6,D,0
24.9732,82.6651,336.4,1.1,1,2026-04-14,940,Aqua,MODIS,81,61.03,314.5,23.5,D,0
24.9764,76.5715,349.4,1.5,1.2,2026-04-14,940,Aqua,MODIS,92,61.03,317.5,67.3,D,0
24.977,73.2227,332.6,2.5,1.5,2026-04-14,940,Aqua,MODIS,76,61.03,312.1,63.2,D,0
25.001,83.926,353,1.2,1.1,2026-04-14,940,Aqua,MODIS,95,61.03,314.1,70.8,D,0
25.0025,83.9378,364.3,1.2,1.1,2026-04-14,940,Aqua,MODIS,100,61.03,313.8,110.7,D,0
25.007,83.9732,325.2,1.2,1.1,2026-04-14,940,Aqua,MODIS,23,61.03,311.4,9,D,0
25.0085,83.985,327.7,1.2,1.1,2026-04-14,940,Aqua,MODIS,62,61.03,312.2,13.9,D,0
25.01,83.9969,326.4,1.2,1.1,2026-04-14,940,Aqua,MODIS,33,61.03,312,12,D,0
25.0197,83.9954,345.4,1.2,1.1,2026-04-14,940,Aqua,MODIS,90,61.03,312.6,50,D,0
25.0307,82.0708,335.6,1,1,2026-04-14,940,Aqua,MODIS,79,61.03,314.2,19.8,D,0
25.0395,79.5597,331.9,1,1,2026-04-14,940,Aqua,MODIS,70,61.03,316.2,12.6,D,0
25.0396,82.0693,346.7,1,1,2026-04-14,940,Aqua,MODIS,91,61.03,316,40,D,0
25.04,84.0775,327.3,1.3,1.1,2026-04-14,940,Aqua,MODIS,65,61.03,310.5,15.9,D,0
25.0488,83.9599,327.2,1.2,1.1,2026-04-14,940,Aqua,MODIS,64,61.03,313.4,14.3,D,0
25.0511,83.8995,327.2,1.2,1.1,2026-04-14,940,Aqua,MODIS,56,61.03,313,11.2,D,0
25.0526,83.9112,348.2,1.2,1.1,2026-04-14,940,Aqua,MODIS,92,61.03,312.9,57.2,D,0
25.054,83.923,324.9,1.2,1.1,2026-04-14,940,Aqua,MODIS,37,61.03,310.5,9.3,D,0
25.0592,83.8862,335,1.2,1.1,2026-04-14,940,Aqua,MODIS,79,61.03,312.5,24.8,D,0
25.0675,85.7671,339.8,1.6,1.2,2026-04-14,940,Aqua,MODIS,66,61.03,312.9,54.1,D,0
25.0692,85.7825,324.2,1.6,1.2,2026-04-14,940,Aqua,MODIS,39,61.03,310.6,10.8,D,0
25.0842,83.7755,331.9,1.2,1.1,2026-04-14,940,Aqua,MODIS,70,61.03,312.1,18.6,D,0
25.0855,77.8472,330.6,1.2,1.1,2026-04-14,940,Aqua,MODIS,66,61.03,317.1,13.9,D,0
25.0931,83.8452,334.1,1.2,1.1,2026-04-14,940,Aqua,MODIS,78,61.03,312,23.8,D,0
25.0947,83.8569,332.3,1.2,1.1,2026-04-14,940,Aqua,MODIS,75,61.03,311.2,20.7,D,0
25.0964,84.0253,333,1.2,1.1,2026-04-14,940,Aqua,MODIS,77,61.03,312.2,23.9,D,0
25.0979,84.0373,330.4,1.2,1.1,2026-04-14,940,Aqua,MODIS,72,61.03,311.6,19.5,D,0
25.1027,83.8438,357,1.2,1.1,2026-04-14,940,Aqua,MODIS,98,61.03,314.8,80.9,D,0
25.1042,83.8554,346.2,1.2,1.1,2026-04-14,940,Aqua,MODIS,91,61.03,313.8,49.9,D,0
25.1275,83.7044,326.2,1.2,1.1,2026-04-14,940,Aqua,MODIS,31,61.03,313,9.7,D,0
25.129,83.7159,331.9,1.2,1.1,2026-04-14,940,Aqua,MODIS,75,61.03,312.4,18.4,D,0
25.1301,77.03,334,1.4,1.2,2026-04-14,940,Aqua,MODIS,71,61.03,317.4,20.7,D,0
25.1301,84.0568,384.7,1.3,1.1,2026-04-14,940,Aqua,MODIS,100,61.03,316.3,218.2,D,0
25.1316,84.0688,409.8,1.3,1.1,2026-04-14,940,Aqua,MODIS,100,61.03,319.3,419.9,D,0
25.137,83.7029,327.7,1.2,1.1,2026-04-14,940,Aqua,MODIS,27,61.03,313,11.5,D,0
25.1391,83.9526,339.4,1.2,1.1,2026-04-14,940,Aqua,MODIS,85,61.03,313.1,35.5,D,0
25.1398,84.0554,374.7,1.3,1.1,2026-04-14,940,Aqua,MODIS,100,61.03,316.3,159.3,D,0
25.1412,84.0496,347.2,1.3,1.1,2026-04-14,940,Aqua,MODIS,91,61.03,314.3,50,D,0
25.1413,84.0674,355.1,1.3,1.1,2026-04-14,940,Aqua,MODIS,97,61.03,313,78.8,D,0
25.1427,84.0617,350.8,1.3,1.1,2026-04-14,940,Aqua,MODIS,94,61.03,314.1,63.5,D,0
25.1462,81.3137,336.6,1,1,2026-04-14,940,Aqua,MODIS,47,61.03,317.7,16.6,D,0
25.1476,81.3234,341.8,1,1,2026-04-14,940,Aqua,MODIS,86,61.03,316.7,25.9,D,0
25.148,84.0242,363,1.2,1.1,2026-04-14,940,Aqua,MODIS,100,61.03,315.9,100.1,D,0
25.149,81.333,334.5,1,1,2026-04-14,940,Aqua,MODIS,36,61.03,315.1,13,D,0
25.1495,84.0361,362.9,1.2,1.1,2026-04-14,940,Aqua,MODIS,100,61.03,315.4,99.3,D,0
25.1577,81.3315,357,1,1,2026-04-14,940,Aqua,MODIS,98,61.03,318.3,57.8,D,0
25.1599,83.9616,326.1,1.2,1.1,2026-04-14,940,Aqua,MODIS,45,61.03,312.1,10.5,D,0
25.1605,83.7345,327.3,1.2,1.1,2026-04-14,940,Aqua,MODIS,64,61.03,313.9,12,D,0
25.1609,79.0344,337.9,1.1,1,2026-04-14,940,Aqua,MODIS,80,61.03,317.3,22.1,D,0
25.1643,83.8407,328.8,1.2,1.1,2026-04-14,940,Aqua,MODIS,61,61.03,312.9,14.1,D,0
25.1779,84.1055,331.1,1.3,1.1,2026-04-14,940,Aqua,MODIS,74,61.03,312.2,19.7,D,0
25.1786,84.1923,327.4,1.3,1.1,2026-04-14,940,Aqua,MODIS,60,61.03,313.7,13.4,D,0
25.1794,84.1176,331.1,1.3,1.1,2026-04-14,940,Aqua,MODIS,74,61.03,310.7,20.3,D,0
25.1799,83.8862,338.3,1.2,1.1,2026-04-14,940,Aqua,MODIS,68,61.03,314.3,28.7,D,0
25.1816,84.2168,326,1.3,1.1,2026-04-14,940,Aqua,MODIS,48,61.03,313.2,11.3,D,0
25.1831,84.2291,331,1.3,1.1,2026-04-14,940,Aqua,MODIS,74,61.03,312.2,21.4,D,0
25.1925,83.9083,341.1,1.2,1.1,2026-04-14,940,Aqua,MODIS,81,61.03,314.2,35.1,D,0
25.1928,84.0663,338.5,1.3,1.1,2026-04-14,940,Aqua,MODIS,84,61.03,311.4,32.1,D,0
25.1965,83.4438,326.2,1.2,1.1,2026-04-14,940,Aqua,MODIS,61,61.03,313.2,10.7,D,0
25.1991,83.769,328.5,1.2,1.1,2026-04-14,940,Aqua,MODIS,68,61.03,313,14.4,D,0
25.2022,83.9068,332.2,1.2,1.1,2026-04-14,940,Aqua,MODIS,68,61.03,313.3,18.6,D,2
25.2025,84.0648,327.3,1.3,1.1,2026-04-14,940,Aqua,MODIS,28,61.03,312.6,11.6,D,0
25.2031,83.9914,337.3,1.2,1.1,2026-04-14,940,Aqua,MODIS,82,61.03,313.6,31.4,D,0
25.2113,83.978,328.6,1.2,1.1,2026-04-14,940,Aqua,MODIS,68,61.03,313,14.8,D,0
25.2128,83.9899,339.1,1.2,1.1,2026-04-14,940,Aqua,MODIS,84,61.03,313.4,35.9,D,0
25.219,77.2467,330.9,1.3,1.1,2026-04-14,940,Aqua,MODIS,67,61.03,318.7,13.1,D,0
25.2205,84.0498,336.1,1.3,1.1,2026-04-14,940,Aqua,MODIS,81,61.03,314.1,27.6,D,0
25.2211,77.2591,336,1.3,1.1,2026-04-14,940,Aqua,MODIS,78,61.03,317.9,23.4,D,0
25.222,84.0619,341.8,1.3,1.1,2026-04-14,940,Aqua,MODIS,87,61.03,313.2,41.4,D,0
25.2285,83.8479,349.9,1.2,1.1,2026-04-14,940,Aqua,MODIS,93,61.03,314.5,61.5,D,0
25.23,83.8596,338,1.2,1.1,2026-04-14,940,Aqua,MODIS,83,61.03,312.7,31.9,D,0
25.2482,76.9992,342.6,1.4,1.2,2026-04-14,940,Aqua,MODIS,86,61.03,316.1,43.8,D,0
25.3775,79.2322,333.5,1.1,1,2026-04-14,940,Aqua,MODIS,74,61.03,318.6,15,D,0
25.4405,78.8695,332.2,1.1,1,2026-04-14,940,Aqua,MODIS,72,61.03,316.8,14.4,D,0
25.5613,85.1785,323.5,1.5,1.2,2026-04-14,940,Aqua,MODIS,65,61.03,309.8,14.4,D,0
25.5907,78.9409,332.9,1.1,1,2026-04-14,940,Aqua,MODIS,73,61.03,316.2,15.9,D,0
25.6269,79.2284,332,1.1,1,2026-04-14,940,Aqua,MODIS,67,61.03,316.8,12.1,D,0
25.6284,79.2385,329.6,1.1,1,2026-04-14,940,Aqua,MODIS,53,61.03,316.7,8.6,D,0
25.6358,79.2267,332.1,1.1,1,2026-04-14,940,Aqua,MODIS,50,61.03,316.4,11.8,D,0
25.9347,82.8996,330.7,1.1,1.1,2026-04-14,940,Aqua,MODIS,74,61.03,313.4,17.2,D,0
26.092,83.4024,328.5,1.2,1.1,2026-04-14,940,Aqua,MODIS,71,61.03,313.7,14.1,D,0
26.156,83.3398,331.9,1.2,1.1,2026-04-14,940,Aqua,MODIS,77,61.03,314.2,20.1,D,0
26.1575,83.3513,324.9,1.2,1.1,2026-04-14,940,Aqua,MODIS,54,61.03,312.1,9.1,D,0
26.2889,83.7744,333.3,1.2,1.1,2026-04-14,940,Aqua,MODIS,79,61.03,314.2,24.2,D,0
26.2905,83.7865,344.9,1.2,1.1,2026-04-14,940,Aqua,MODIS,90,61.03,314.1,50.7,D,0
26.323,83.8614,326.5,1.3,1.1,2026-04-14,940,Aqua,MODIS,68,61.03,311.7,13.4,D,0
26.338,83.8217,326.8,1.3,1.1,2026-04-14,940,Aqua,MODIS,69,61.03,312.2,13.3,D,0
26.3657,83.805,326.5,1.3,1.1,2026-04-14,940,Aqua,MODIS,41,61.03,312.4,11.4,D,0
26.3687,83.8294,325.3,1.3,1.1,2026-04-14,940,Aqua,MODIS,66,61.03,311.8,11.1,D,0
26.3737,83.0053,325.2,1.1,1.1,2026-04-14,940,Aqua,MODIS,63,61.03,313,8.8,D,0
26.4212,83.5224,346.5,1.2,1.1,2026-04-14,940,Aqua,MODIS,86,61.03,314.4,48,D,0
26.4227,83.5341,336,1.2,1.1,2026-04-14,940,Aqua,MODIS,60,61.03,311.7,24,D,0
26.4238,83.7782,333,1.3,1.1,2026-04-14,940,Aqua,MODIS,69,61.03,312.6,24.5,D,0
26.4283,83.9784,326.7,1.3,1.1,2026-04-14,940,Aqua,MODIS,57,61.03,313.5,12.7,D,0
26.4308,83.5209,353.9,1.2,1.1,2026-04-14,940,Aqua,MODIS,96,61.03,314.6,68.2,D,0
26.432,83.7645,324.8,1.3,1.1,2026-04-14,940,Aqua,MODIS,64,61.03,312.1,9.5,D,0
26.4323,83.5327,343.5,1.2,1.1,2026-04-14,940,Aqua,MODIS,80,61.03,314.6,39.4,D,0
26.4382,83.9769,334.8,1.3,1.1,2026-04-14,940,Aqua,MODIS,81,61.03,312.6,27.7,D,0
26.4404,83.5194,351.3,1.2,1.1,2026-04-14,940,Aqua,MODIS,95,61.03,313.9,59.8,D,0
26.4419,83.5312,338.5,1.2,1.1,2026-04-14,940,Aqua,MODIS,55,61.03,313.1,28.1,D,0
26.45,83.5179,346.2,1.2,1.1,2026-04-14,940,Aqua,MODIS,89,61.03,313.5,46,D,0
26.4605,83.3309,325,1.2,1.1,2026-04-14,940,Aqua,MODIS,64,61.03,313.2,8.7,D,0
26.4611,83.76,331.3,1.3,1.1,2026-04-14,940,Aqua,MODIS,77,61.03,313.7,20.5,D,0
26.4748,83.1423,331.2,1.2,1.1,2026-04-14,940,Aqua,MODIS,76,61.03,314,17.1,D,0
26.4759,83.531,347,1.2,1.1,2026-04-14,940,Aqua,MODIS,87,61.03,312.4,47.7,D,0
26.4788,83.3989,337.2,1.2,1.1,2026-04-14,940,Aqua,MODIS,70,61.03,313.3,27.2,D,0
26.4804,83.5665,331.1,1.2,1.1,2026-04-14,940,Aqua,MODIS,76,61.03,311.3,20.4,D,0
26.4827,83.1295,327.2,1.2,1.1,2026-04-14,940,Aqua,MODIS,44,61.03,313.8,10.3,D,0
26.484,83.5176,342.5,1.2,1.1,2026-04-14,940,Aqua,MODIS,76,61.03,314.3,39.2,D,0
26.4842,83.1408,358.1,1.2,1.1,2026-04-14,940,Aqua,MODIS,98,61.03,315.5,80.6,D,0
26.487,83.5413,334.8,1.2,1.1,2026-04-14,940,Aqua,MODIS,21,61.03,312.8,22.3,D,0
26.4883,83.3974,334.1,1.2,1.1,2026-04-14,940,Aqua,MODIS,73,61.03,314.5,22.3,D,0
26.4898,83.4091,330.8,1.2,1.1,2026-04-14,940,Aqua,MODIS,46,61.03,314.5,16.5,D,0
26.4921,83.5043,328.1,1.2,1.1,2026-04-14,940,Aqua,MODIS,26,61.03,312.9,12.5,D,0
26.4925,83.2789,326.6,1.2,1.1,2026-04-14,940,Aqua,MODIS,68,61.03,314,10.7,D,0
26.4966,83.5398,337.2,1.2,1.1,2026-04-14,940,Aqua,MODIS,82,61.03,313.3,28.6,D,0
26.5397,83.4673,325.6,1.2,1.1,2026-04-14,940,Aqua,MODIS,53,61.03,312.4,10.6,D,0
26.543,83.5204,333.9,1.2,1.1,2026-04-14,940,Aqua,MODIS,80,61.03,312.1,24,D,0
26.5455,83.5145,338.3,1.2,1.1,2026-04-14,940,Aqua,MODIS,85,61.03,313.1,33.6,D,0
26.547,83.5263,324.2,1.2,1.1,2026-04-14,940,Aqua,MODIS,43,61.03,311,8.6,D,0
26.5551,83.513,340.4,1.2,1.1,2026-04-14,940,Aqua,MODIS,87,61.03,312.6,38.5,D,0
26.577,80.7311,323.1,1,1,2026-04-14,940,Aqua,MODIS,55,61.03,311.1,6.8,D,0
26.5943,83.5917,326.4,1.2,1.1,2026-04-14,940,Aqua,MODIS,69,61.03,311.8,13.1,D,0
26.6131,82.9361,333.7,1.1,1.1,2026-04-14,940,Aqua,MODIS,80,61.03,314.4,21.8,D,0
26.6175,83.27,331.7,1.2,1.1,2026-04-14,940,Aqua,MODIS,78,61.03,314.6,18.9,D,0
26.6189,83.2816,335,1.2,1.1,2026-04-14,940,Aqua,MODIS,82,61.03,314,24.4,D,0
26.6333,85.8748,319.8,1.7,1.3,2026-04-14,940,Aqua,MODIS,64,61.03,303,13,D,0
26.6337,85.8863,324.6,1.7,1.3,2026-04-14,940,Aqua,MODIS,73,61.03,303.4,22.5,D,0
26.6352,85.8915,320.8,1.7,1.3,2026-04-14,940,Aqua,MODIS,67,61.03,303.1,15.3,D,0
26.6503,83.3002,332.7,1.2,1.1,2026-04-14,940,Aqua,MODIS,79,61.03,313.8,19.5,D,0
26.6517,83.3118,334.1,1.2,1.1,2026-04-14,940,Aqua,MODIS,81,61.03,313.8,22.3,D,0
26.6584,83.4417,321.5,1.2,1.1,2026-04-14,940,Aqua,MODIS,45,61.03,308.6,7,D,0
26.6597,83.2987,334.8,1.2,1.1,2026-04-14,940,Aqua,MODIS,81,61.03,314.5,23.5,D,0
26.6778,83.2135,326,1.2,1.1,2026-04-14,940,Aqua,MODIS,68,61.03,313.3,10,D,0
26.6897,83.3057,335.4,1.2,1.1,2026-04-14,940,Aqua,MODIS,82,61.03,312.4,25.8,D,0
26.6977,83.2926,325.1,1.2,1.1,2026-04-14,940,Aqua,MODIS,65,61.03,311.9,9.8,D,0
26.6992,83.3042,325.2,1.2,1.1,2026-04-14,940,Aqua,MODIS,65,61.03,311.5,10.2,D,0
26.7025,83.2981,326.4,1.2,1.1,2026-04-14,940,Aqua,MODIS,69,61.03,311.7,12.1,D,0
26.7402,83.6233,332.1,1.2,1.1,2026-04-14,940,Aqua,MODIS,79,61.03,312.1,22,D,0
26.7434,83.6295,329.6,1.2,1.1,2026-04-14,940,Aqua,MODIS,72,61.03,311.7,17.5,D,0
26.7848,82.9871,332.2,1.2,1.1,2026-04-14,940,Aqua,MODIS,78,61.03,314,20.3,D,0
26.785,83.2614,323.8,1.2,1.1,2026-04-14,940,Aqua,MODIS,52,61.03,311.5,8,D,0
26.7862,82.9984,325.3,1.2,1.1,2026-04-14,940,Aqua,MODIS,66,61.03,312.9,9.5,D,0
26.8063,80.9771,321.3,1,1,2026-04-14,940,Aqua,MODIS,44,61.03,309,6.7,D,2
26.8065,83.3104,337.6,1.2,1.1,2026-04-14,940,Aqua,MODIS,61,61.03,313.7,29.5,D,0
26.8198,82.8902,335.7,1.1,1.1,2026-04-14,940,Aqua,MODIS,82,61.03,314.3,25,D,0
26.8211,83.2725,334.3,1.2,1.1,2026-04-14,940,Aqua,MODIS,76,61.03,313.4,23.6,D,0
26.8283,83.1771,328.8,1.2,1.1,2026-04-14,940,Aqua,MODIS,74,61.03,314.2,14.4,D,0
26.8359,83.0133,324.9,1.2,1.1,2026-04-14,940,Aqua,MODIS,65,61.03,312.4,8.4,D,0
26.8374,83.0246,330.2,1.2,1.1,2026-04-14,940,Aqua,MODIS,75,61.03,312.6,16.4,D,0
26.8477,82.9141,327.9,1.1,1.1,2026-04-14,940,Aqua,MODIS,67,61.03,313.6,10.6,D,0
26.857,82.9125,331.5,1.1,1.1,2026-04-14,940,Aqua,MODIS,77,61.03,313.7,15.7,D,0
26.8592,82.8553,331.5,1.1,1.1,2026-04-14,940,Aqua,MODIS,77,61.03,315.4,15.5,D,0
26.8606,82.8664,340.3,1.1,1.1,2026-04-14,940,Aqua,MODIS,87,61.03,314.5,31.3,D,0
26.8931,83.1964,326.1,1.2,1.1,2026-04-14,940,Aqua,MODIS,69,61.03,311.2,14.3,D,0
26.8941,83.4647,322.1,1.2,1.1,2026-04-14,940,Aqua,MODIS,59,61.03,310.1,8.9,D,0
26.9086,82.87,330.3,1.1,1.1,2026-04-14,940,Aqua,MODIS,76,61.03,314.9,14.6,D,0
26.9424,83.5123,324.6,1.2,1.1,2026-04-14,940,Aqua,MODIS,67,61.03,311.6,11.8,D,0
26.9476,84.2202,327.4,1.3,1.2,2026-04-14,940,Aqua,MODIS,74,61.03,309.6,20.3,D,0
26.9492,84.2334,322.6,1.4,1.2,2026-04-14,940,Aqua,MODIS,65,61.03,307,12.4,D,0
26.9814,82.8628,326.6,1.1,1.1,2026-04-14,940,Aqua,MODIS,69,61.03,313.1,10.8,D,0
26.9868,83.1276,322.3,1.2,1.1,2026-04-14,940,Aqua,MODIS,58,61.03,310.1,8.5,D,0
26.9874,83.0574,336.2,1.2,1.1,2026-04-14,940,Aqua,MODIS,83,61.03,312.1,28.2,D,0
26.9882,83.1391,323.7,1.2,1.1,2026-04-14,940,Aqua,MODIS,63,61.03,310.8,10.4,D,0
26.9913,82.7931,324.6,1.1,1.1,2026-04-14,940,Aqua,MODIS,64,61.03,312.8,8.2,D,0
26.9927,82.8042,328.6,1.1,1.1,2026-04-14,940,Aqua,MODIS,73,61.03,313.1,13.6,D,0
27.0108,82.8694,328.9,1.1,1.1,2026-04-14,940,Aqua,MODIS,52,61.03,313.3,12.4,D,0
27.0109,83.5877,326.6,1.2,1.1,2026-04-14,940,Aqua,MODIS,45,61.03,309.3,13.3,D,0
27.0137,82.8918,333.1,1.1,1.1,2026-04-14,940,Aqua,MODIS,80,61.03,313.8,19,D,0
27.028,83.6154,320.7,1.2,1.1,2026-04-14,940,Aqua,MODIS,31,61.03,306.5,7.9,D,0
27.0435,83.5019,330,1.2,1.1,2026-04-14,940,Aqua,MODIS,55,61.03,309.4,18.2,D,0
27.0444,83.588,327,1.2,1.1,2026-04-14,940,Aqua,MODIS,63,61.03,307.3,15.6,D,0
27.048,82.8919,323.3,1.1,1.1,2026-04-14,940,Aqua,MODIS,54,61.03,311,6.2,D,0
27.0547,83.5124,326.1,1.2,1.1,2026-04-14,940,Aqua,MODIS,53,61.03,309.9,12.5,D,0
27.0683,83.6215,323.2,1.3,1.1,2026-04-14,940,Aqua,MODIS,65,61.03,307.8,12.7,D,0
27.0776,83.0489,331.7,1.2,1.1,2026-04-14,940,Aqua,MODIS,78,61.03,310.8,20.5,D,0
27.0836,83.5079,336.1,1.2,1.1,2026-04-14,940,Aqua,MODIS,84,61.03,309.9,31.5,D,0
27.0897,83.5562,328.4,1.2,1.1,2026-04-14,940,Aqua,MODIS,53,61.03,309.6,16.5,D,0
27.0951,82.8158,325.8,1.1,1.1,2026-04-14,940,Aqua,MODIS,68,61.03,313,8.1,D,0
27.0966,82.8269,328.8,1.1,1.1,2026-04-14,940,Aqua,MODIS,74,61.03,313.7,12.5,D,0
27.0994,83.5547,325.9,1.2,1.1,2026-04-14,940,Aqua,MODIS,17,61.03,308.5,12.5,D,0
27.1011,83.5488,326.3,1.2,1.1,2026-04-14,940,Aqua,MODIS,35,61.03,308.7,13.9,D,0
27.1028,82.8192,326.4,1.1,1.1,2026-04-14,940,Aqua,MODIS,43,61.03,312.5,8.7,D,0
27.1257,82.8497,336.4,1.1,1.1,2026-04-14,940,Aqua,MODIS,84,61.03,311.6,26.9,D,0
27.1257,82.9995,325,1.2,1.1,2026-04-14,940,Aqua,MODIS,68,61.03,310.5,11.1,D,0
27.1279,82.9413,324.4,1.2,1.1,2026-04-14,940,Aqua,MODIS,41,61.03,311.2,8.4,D,0
27.1322,82.9753,336,1.2,1.1,2026-04-14,940,Aqua,MODIS,84,61.03,312,27.3,D,0
27.1336,82.9866,368.5,1.2,1.1,2026-04-14,940,Aqua,MODIS,100,61.03,314.9,120.3,D,0
27.1351,82.998,337,1.2,1.1,2026-04-14,940,Aqua,MODIS,85,61.03,310.3,30.7,D,0
27.1416,82.9737,331.8,1.2,1.1,2026-04-14,940,Aqua,MODIS,76,61.03,310.9,20.6,D,0
27.1429,82.8355,332.3,1.1,1.1,2026-04-14,940,Aqua,MODIS,79,61.03,312.3,20.5,D,0
27.1566,82.8676,326.6,1.1,1.1,2026-04-14,940,Aqua,MODIS,65,61.03,312.2,11.3,D,0
27.1581,82.8788,324.8,1.2,1.1,2026-04-14,940,Aqua,MODIS,58,61.03,312.6,8.7,D,0
27.1749,83.085,323.9,1.2,1.1,2026-04-14,940,Aqua,MODIS,66,61.03,310.8,11.1,D,0
27.1783,84.8041,317.9,1.5,1.2,2026-04-14,940,Aqua,MODIS,33,61.03,302.7,8.1,D,0
27.1877,85.0333,323.5,1.5,1.2,2026-04-14,940,Aqua,MODIS,46,61.03,301.1,20.7,D,0
27.188,82.8167,325.8,1.1,1.1,2026-04-14,940,Aqua,MODIS,58,61.03,313.6,10.3,D,0
27.1894,84.7149,321.6,1.5,1.2,2026-04-14,940,Aqua,MODIS,56,61.03,304.3,12.8,D,0
27.1902,82.641,331.4,1.1,1.1,2026-04-14,940,Aqua,MODIS,76,61.03,312,17.8,D,0
27.191,84.7292,337.5,1.5,1.2,2026-04-14,940,Aqua,MODIS,86,61.03,304.6,48.6,D,0
27.1942,85.0406,323.4,1.5,1.2,2026-04-14,940,Aqua,MODIS,55,61.03,300.7,22.6,D,0
27.1994,82.6394,328.1,1.1,1.1,2026-04-14,940,Aqua,MODIS,30,61.03,311,12.4,D,0
27.2003,83.0575,327,1.2,1.1,2026-04-14,940,Aqua,MODIS,72,61.03,310.1,13.4,D,0
27.2017,83.0689,323.7,1.2,1.1,2026-04-14,940,Aqua,MODIS,49,61.03,310.4,8.9,D,0
27.205,82.538,324.4,1.1,1.1,2026-04-14,940,Aqua,MODIS,51,61.03,311.4,8.6,D,0
27.2064,82.5489,333.9,1.1,1.1,2026-04-14,940,Aqua,MODIS,81,61.03,310.8,22.3,D,0
27.2107,82.5816,337.5,1.1,1.1,2026-04-14,940,Aqua,MODIS,85,61.03,315.2,27.8,D,0
27.2121,82.5925,353,1.1,1.1,2026-04-14,940,Aqua,MODIS,96,61.03,314.9,62.6,D,0
27.215,82.6144,334.2,1.1,1.1,2026-04-14,940,Aqua,MODIS,81,61.03,313.9,22.6,D,0
27.2165,82.6254,326.6,1.1,1.1,2026-04-14,940,Aqua,MODIS,68,61.03,311.6,11.2,D,0
27.2166,82.9212,333.3,1.2,1.1,2026-04-14,940,Aqua,MODIS,81,61.03,310.4,22.1,D,0
27.2401,83.2165,319,1.2,1.1,2026-04-14,940,Aqua,MODIS,41,61.03,305.7,6.8,D,0
27.2432,82.5428,328.9,1.1,1.1,2026-04-14,940,Aqua,MODIS,68,61.03,312.9,14.8,D,0
27.2432,83.2104,320.8,1.2,1.1,2026-04-14,940,Aqua,MODIS,59,61.03,305.9,9.4,D,0
27.2504,82.5349,328.3,1.1,1.1,2026-04-14,940,Aqua,MODIS,74,61.03,312.5,16.2,D,0
27.2599,82.9605,337.5,1.2,1.1,2026-04-14,940,Aqua,MODIS,85,61.03,311.6,30.3,D,0
27.2613,82.9719,329,1.2,1.1,2026-04-14,940,Aqua,MODIS,58,61.03,309.8,15.7,D,0
27.276,84.9616,315.3,1.5,1.2,2026-04-14,940,Aqua,MODIS,29,61.03,300.1,9.5,D,0
27.2786,82.9575,334.7,1.2,1.1,2026-04-14,940,Aqua,MODIS,43,61.03,310.8,22.7,D,0
27.285,84.9452,317.5,1.5,1.2,2026-04-14,940,Aqua,MODIS,56,61.03,299.8,14.6,D,0
27.2959,82.9431,331.1,1.2,1.1,2026-04-14,940,Aqua,MODIS,55,61.03,310.5,18.5,D,0
27.3015,82.6384,347.7,1.1,1.1,2026-04-14,940,Aqua,MODIS,93,61.03,313.7,45.7,D,0
27.3064,82.6039,328,1.1,1.1,2026-04-14,940,Aqua,MODIS,22,61.03,313.3,11.3,D,0
27.3078,82.6149,344.4,1.1,1.1,2026-04-14,940,Aqua,MODIS,90,61.03,314.2,39.4,D,0
27.3093,82.6259,338.7,1.1,1.1,2026-04-14,940,Aqua,MODIS,86,61.03,314.2,26.9,D,0
27.3107,82.6369,330.4,1.1,1.1,2026-04-14,940,Aqua,MODIS,77,61.03,313.4,13.7,D,0
27.3122,82.6479,329.6,1.1,1.1,2026-04-14,940,Aqua,MODIS,76,61.03,312.5,13,D,0
27.3136,82.659,327,1.1,1.1,2026-04-14,940,Aqua,MODIS,57,61.03,313,8.9,D,0
27.3175,84.5116,319.1,1.4,1.2,2026-04-14,940,Aqua,MODIS,47,61.03,302.7,11.5,D,0
27.3318,82.8727,323.7,1.2,1.1,2026-04-14,940,Aqua,MODIS,65,61.03,311,8.9,D,0
27.3319,83.0239,324.8,1.2,1.1,2026-04-14,940,Aqua,MODIS,69,61.03,309.3,11.9,D,0
27.3361,82.9067,325.2,1.2,1.1,2026-04-14,940,Aqua,MODIS,70,61.03,309.8,12.1,D,0
27.3362,83.0584,326.5,1.2,1.1,2026-04-14,940,Aqua,MODIS,64,61.03,309.5,12.4,D,0
27.3408,84.8109,320,1.5,1.2,2026-04-14,940,Aqua,MODIS,44,61.03,300.2,17.2,D,0
27.3435,83.1163,335.7,1.2,1.1,2026-04-14,940,Aqua,MODIS,84,61.03,309.6,28,D,0
27.3515,83.1032,327.4,1.2,1.1,2026-04-14,940,Aqua,MODIS,52,61.03,310.2,11.9,D,0
27.3523,83.1863,327.6,1.2,1.1,2026-04-14,940,Aqua,MODIS,51,61.03,309.3,15.1,D,0
27.353,83.1148,341.4,1.2,1.1,2026-04-14,940,Aqua,MODIS,89,61.03,310.9,39,D,0
27.3561,83.4102,331.8,1.2,1.1,2026-04-14,940,Aqua,MODIS,80,61.03,308.2,22.3,D,0
27.3595,83.4029,328.7,1.2,1.1,2026-04-14,940,Aqua,MODIS,77,61.03,309.1,18.2,D,0
27.361,83.4149,326.9,1.2,1.1,2026-04-14,940,Aqua,MODIS,74,61.03,307.9,14.6,D,0
27.3706,83.4134,335.2,1.2,1.1,2026-04-14,940,Aqua,MODIS,84,61.03,309,28.2,D,0
27.3721,83.4254,342.8,1.2,1.1,2026-04-14,940,Aqua,MODIS,90,61.03,309.2,44.9,D,0
27.3772,83.2302,322.4,1.2,1.1,2026-04-14,940,Aqua,MODIS,47,61.03,307.4,9.3,D,0
27.38,82.8764,335.9,1.2,1.1,2026-04-14,940,Aqua,MODIS,84,61.03,311.2,27.5,D,0
27.3815,82.8878,334.8,1.2,1.1,2026-04-14,940,Aqua,MODIS,83,61.03,309.4,25.7,D,0
27.3825,82.9689,324.7,1.2,1.1,2026-04-14,940,Aqua,MODIS,69,61.03,310.7,11.8,D,0
27.3839,82.9804,341.5,1.2,1.1,2026-04-14,940,Aqua,MODIS,89,61.03,310.8,41,D,0
27.3859,82.9218,341.8,1.2,1.1,2026-04-14,940,Aqua,MODIS,89,61.03,310.4,41.5,D,0
27.386,82.8814,353.6,1.2,1.1,2026-04-14,940,Aqua,MODIS,96,61.03,311.7,69.7,D,0
27.3903,82.9155,325.8,1.2,1.1,2026-04-14,940,Aqua,MODIS,71,61.03,309.7,13.3,D,0
27.3917,82.9269,336.8,1.2,1.1,2026-04-14,940,Aqua,MODIS,85,61.03,310.3,31.9,D,0
27.3925,82.8572,324.9,1.2,1.1,2026-04-14,940,Aqua,MODIS,69,61.03,311.4,10.7,D,0
27.3939,82.8686,324.8,1.2,1.1,2026-04-14,940,Aqua,MODIS,69,61.03,310.4,10.8,D,0
27.4098,83.1057,330.4,1.2,1.1,2026-04-14,940,Aqua,MODIS,78,61.03,310.8,16.5,D,0
27.4137,83.4435,330,1.2,1.1,2026-04-14,940,Aqua,MODIS,79,61.03,308.2,21.7,D,0
27.491,83.2547,332.4,1.2,1.1,2026-04-14,940,Aqua,MODIS,81,61.03,308.1,26.3,D,0
27.5006,83.2532,333.3,1.2,1.1,2026-04-14,940,Aqua,MODIS,82,61.03,306.7,27.5,D,0
27.5137,82.6362,324.5,1.1,1.1,2026-04-14,940,Aqua,MODIS,69,61.03,311.6,10.8,D,0
27.5405,83.1438,333.3,1.2,1.1,2026-04-14,940,Aqua,MODIS,82,61.03,310.3,25.1,D,0
27.542,83.1555,330.3,1.2,1.1,2026-04-14,940,Aqua,MODIS,79,61.03,308.3,20.4,D,0
27.5822,83.9077,319.9,1.3,1.1,2026-04-14,940,Aqua,MODIS,64,61.03,303.1,13.3,D,0
27.6271,83.1841,319.4,1.2,1.1,2026-04-14,940,Aqua,MODIS,61,61.03,304.6,9.6,D,0
27.6654,82.6782,321.7,1.1,1.1,2026-04-14,940,Aqua,MODIS,30,61.03,306.4,9.6,D,0
27.6733,82.6654,320.2,1.1,1.1,2026-04-14,940,Aqua,MODIS,32,61.03,305.2,7.9,D,0
27.6759,82.5401,326.1,1.1,1.1,2026-04-14,940,Aqua,MODIS,74,61.03,309.1,13.7,D,0
27.6764,82.4725,323.5,1.1,1.1,2026-04-14,940,Aqua,MODIS,25,61.03,310.9,7.6,D,0
27.6803,82.5733,321.1,1.1,1.1,2026-04-14,940,Aqua,MODIS,57,61.03,309,8.3,D,0
27.6833,82.3821,321.8,1.1,1.1,2026-04-14,940,Aqua,MODIS,66,61.03,308.9,9.4,D,0
27.6847,82.393,320,1.1,1.1,2026-04-14,940,Aqua,MODIS,61,61.03,309,6.8,D,0
27.6968,82.6273,320.3,1.1,1.1,2026-04-14,940,Aqua,MODIS,64,61.03,307.2,8.1,D,0
27.6979,82.4403,327.5,1.1,1.1,2026-04-14,940,Aqua,MODIS,35,61.03,311.6,13.1,D,0
27.7099,82.7281,317.3,1.1,1.1,2026-04-14,940,Aqua,MODIS,34,61.03,304.9,6,D,0
27.7113,81.9781,325.6,1.1,1,2026-04-14,940,Aqua,MODIS,73,61.03,310.4,13.9,D,0
27.7114,82.7394,323.8,1.1,1.1,2026-04-14,940,Aqua,MODIS,71,61.03,304.9,14.7,D,0
27.7212,82.4029,326.9,1.1,1.1,2026-04-14,940,Aqua,MODIS,76,61.03,311,13.2,D,0
27.7303,82.4011,326.3,1.1,1.1,2026-04-14,940,Aqua,MODIS,69,61.03,310.9,12.7,D,0
27.767,82.3944,322.1,1.1,1.1,2026-04-14,940,Aqua,MODIS,57,61.03,307.2,10.6,D,0
27.7682,85.0694,315.4,1.6,1.2,2026-04-14,940,Aqua,MODIS,60,61.03,298.9,12.6,D,0
27.8554,82.0927,325.5,1.1,1,2026-04-14,940,Aqua,MODIS,74,61.03,307.1,15.7,D,0
27.8851,81.9683,324.9,1.1,1,2026-04-14,940,Aqua,MODIS,73,61.03,312.5,14.5,D,0
27.8903,82.0758,322.9,1.1,1,2026-04-14,940,Aqua,MODIS,70,61.03,306.5,12.8,D,0
27.902,82.9393,314,1.2,1.1,2026-04-14,940,Aqua,MODIS,38,61.03,300.6,6.5,D,0
27.9148,82.4028,318.8,1.1,1.1,2026-04-14,940,Aqua,MODIS,62,61.03,308.2,7.1,D,0
27.9229,82.8775,320.4,1.2,1.1,2026-04-14,940,Aqua,MODIS,68,61.03,301.4,13.2,D,0
27.9334,82.5466,321.3,1.1,1.1,2026-04-14,940,Aqua,MODIS,54,61.03,307.7,9.2,D,0
27.9383,82.5111,320.9,1.1,1.1,2026-04-14,940,Aqua,MODIS,62,61.03,307.8,8.6,D,0
27.9746,81.6727,322.5,1.1,1,2026-04-14,940,Aqua,MODIS,56,61.03,309.3,8.7,D,0
27.9822,81.6608,325.6,1.1,1,2026-04-14,940,Aqua,MODIS,74,61.03,309.2,13.1,D,0
27.9836,81.6712,345.5,1.1,1,2026-04-14,940,Aqua,MODIS,92,61.03,309.8,44.8,D,0
28.0341,83.4238,315.4,1.3,1.1,2026-04-14,940,Aqua,MODIS,26,61.03,294.4,9.9,D,0
28.1035,83.1559,315.2,1.2,1.1,2026-04-14,940,Aqua,MODIS,55,61.03,299.6,10.5,D,0
28.1222,80.482,323.9,1,1,2026-04-14,940,Aqua,MODIS,67,61.03,307.6,11.7,D,0
28.1237,80.4919,319.4,1,1,2026-04-14,940,Aqua,MODIS,49,61.03,307,7,D,0
28.1266,82.0479,318,1.1,1,2026-04-14,940,Aqua,MODIS,61,61.03,306.8,8.4,D,0
28.1301,82.9825,320.1,1.2,1.1,2026-04-14,940,Aqua,MODIS,68,61.03,301.2,15.4,D,0
28.1845,80.9187,318.2,1,1,2026-04-14,940,Aqua,MODIS,52,61.03,307.5,5.3,D,0
28.2035,82.0072,319.5,1.1,1,2026-04-14,940,Aqua,MODIS,56,61.03,306.7,8.9,D,0
28.2049,82.0176,317,1.1,1,2026-04-14,940,Aqua,MODIS,41,61.03,304.8,6.3,D,0
28.2324,81.8075,321.6,1.1,1,2026-04-14,940,Aqua,MODIS,70,61.03,308.9,10.7,D,0
28.2709,82.237,322.9,1.1,1.1,2026-04-14,940,Aqua,MODIS,73,61.03,303.8,15.7,D,0
28.2723,82.2474,320.6,1.1,1.1,2026-04-14,940,Aqua,MODIS,70,61.03,301.5,13,D,0
28.305,81.8634,322.5,1.1,1,2026-04-14,940,Aqua,MODIS,22,61.03,306.6,11.1,D,0
28.314,81.8613,324.2,1.1,1,2026-04-14,940,Aqua,MODIS,53,61.03,305.5,13.8,D,0
28.3444,82.1611,317.3,1.1,1,2026-04-14,940,Aqua,MODIS,63,61.03,301.6,9.8,D,0
28.3458,82.172,322.8,1.1,1,2026-04-14,940,Aqua,MODIS,73,61.03,301,15.7,D,0
28.3536,82.1602,325.1,1.1,1,2026-04-14,940,Aqua,MODIS,76,61.03,303.2,17.8,D,0
28.355,82.1711,330,1.1,1,2026-04-14,940,Aqua,MODIS,82,61.03,301.9,24.1,D,0
27.7454,77.7969,327.6,1.1,1.1,2026-04-14,941,Aqua,MODIS,70,61.03,311.8,12.3,D,0
28.3247,81.5335,328,1.1,1,2026-04-14,941,Aqua,MODIS,79,61.03,309.2,13.6,D,0
28.3445,81.4771,327.5,1,1,2026-04-14,941,Aqua,MODIS,78,61.03,309.6,15.2,D,0
28.3805,80.8707,331.6,1,1,2026-04-14,941,Aqua,MODIS,81,61.03,307.7,20.4,D,0
28.3878,80.8591,319.6,1,1,2026-04-14,941,Aqua,MODIS,61,61.03,306.7,7.8,D,0
28.3893,80.8691,317.9,1,1,2026-04-14,941,Aqua,MODIS,50,61.03,307.1,6,D,0
28.4034,81.428,320,1,1,2026-04-14,941,Aqua,MODIS,64,61.03,309.5,8.1,D,0
28.4058,77.5266,338.3,1.1,1.1,2026-04-14,941,Aqua,MODIS,85,61.03,310.8,33.5,D,0
28.4076,77.5377,322.6,1.1,1.1,2026-04-14,941,Aqua,MODIS,56,61.03,308,8.2,D,0
28.4103,81.6246,318.6,1.1,1,2026-04-14,941,Aqua,MODIS,52,61.03,307.2,7.2,D,0
28.4104,81.8287,339.4,1.1,1,2026-04-14,941,Aqua,MODIS,89,61.03,307.7,36.4,D,0
28.4277,81.5407,320.9,1.1,1,2026-04-14,941,Aqua,MODIS,69,61.03,309.1,9.6,D,0
28.4536,81.4617,320.6,1,1,2026-04-14,941,Aqua,MODIS,68,61.03,305.9,9.7,D,0
28.4572,81.3556,324.8,1,1,2026-04-14,941,Aqua,MODIS,75,61.03,307.4,13,D,0
28.4851,81.3554,320.1,1,1,2026-04-14,941,Aqua,MODIS,64,61.03,306.9,8,D,0
28.4939,81.6238,324.1,1.1,1,2026-04-14,941,Aqua,MODIS,74,61.03,306.3,14.1,D,0
28.5132,81.3609,317.3,1,1,2026-04-14,941,Aqua,MODIS,57,61.03,306.3,5.8,D,0
28.5382,80.8708,333.8,1,1,2026-04-14,941,Aqua,MODIS,84,61.03,310.1,23.6,D,0
28.5435,81.6525,316.9,1.1,1,2026-04-14,941,Aqua,MODIS,59,61.03,303.8,6.4,D,0
28.556,82.015,338.5,1.1,1,2026-04-14,941,Aqua,MODIS,88,61.03,311.7,32.8,D,0
28.5641,82.0179,320.1,1.1,1,2026-04-14,941,Aqua,MODIS,56,61.03,305.9,8.3,D,0
28.572,80.8543,327.1,1,1,2026-04-14,941,Aqua,MODIS,77,61.03,308.6,15.4,D,0
28.5883,81.4993,317.6,1.1,1,2026-04-14,941,Aqua,MODIS,57,61.03,303.5,8,D,0
28.5951,82.1129,314,1.1,1,2026-04-14,941,Aqua,MODIS,49,61.03,302.3,6.2,D,0
28.5965,82.1237,313.7,1.1,1,2026-04-14,941,Aqua,MODIS,40,61.03,302.7,5.6,D,0
28.6121,80.554,320.8,1,1,2026-04-14,941,Aqua,MODIS,37,61.03,306.1,8.9,D,0
28.6135,80.5639,323,1,1,2026-04-14,941,Aqua,MODIS,56,61.03,306.6,10.9,D,0
28.645,80.722,321.1,1,1,2026-04-14,941,Aqua,MODIS,67,61.03,309.8,8.2,D,0
28.6513,81.9745,319.3,1.1,1,2026-04-14,941,Aqua,MODIS,46,61.03,304,7.7,D,0
28.6702,76.6395,322.9,1.2,1.1,2026-04-14,941,Aqua,MODIS,55,61.03,310,8.9,D,0
28.6709,81.7728,313.3,1.1,1,2026-04-14,941,Aqua,MODIS,36,61.03,301.5,5.6,D,0
28.6918,81.7909,313.5,1.1,1,2026-04-14,941,Aqua,MODIS,43,61.03,301.9,6.8,D,0
28.7543,80.4437,328.9,1,1,2026-04-14,941,Aqua,MODIS,79,61.03,308,16.6,D,0
28.763,80.442,332,1,1,2026-04-14,941,Aqua,MODIS,80,61.03,308.1,19.9,D,0
28.8591,80.1364,315.8,1,1,2026-04-14,941,Aqua,MODIS,52,61.03,304.7,4.7,D,0
28.8603,80.2844,343.5,1,1,2026-04-14,941,Aqua,MODIS,91,61.03,307.8,40.5,D,0
28.8617,80.2944,333.3,1,1,2026-04-14,941,Aqua,MODIS,84,61.03,306.7,23.8,D,0
28.869,80.2828,321.8,1,1,2026-04-14,941,Aqua,MODIS,70,61.03,305.9,11.2,D,0
28.8704,80.2927,337.3,1,1,2026-04-14,941,Aqua,MODIS,87,61.03,306.7,30.7,D,0
28.8977,81.0599,316,1,1,2026-04-14,941,Aqua,MODIS,43,61.03,301.4,7.7,D,0
28.9126,81.0367,331,1,1,2026-04-14,941,Aqua,MODIS,83,61.03,304.5,23.1,D,0
28.9741,81.0885,315.1,1,1,2026-04-14,941,Aqua,MODIS,62,61.03,301.9,6.7,D,0
28.9947,80.5189,317.8,1,1,2026-04-14,941,Aqua,MODIS,66,61.03,302.5,9.9,D,0
29.0299,81.157,316.6,1,1,2026-04-14,941,Aqua,MODIS,55,61.03,303.5,7.1,D,0
29.0429,81.3875,321.6,1.1,1,2026-04-14,941,Aqua,MODIS,75,61.03,302.6,13.3,D,0
29.0472,80.6765,318.7,1,1,2026-04-14,941,Aqua,MODIS,69,61.03,299.9,11.5,D,0
29.0747,80.7444,312.2,1,1,2026-04-14,941,Aqua,MODIS,51,61.03,300.7,6,D,0
29.0905,79.635,317.8,1,1,2026-04-14,941,Aqua,MODIS,62,61.03,306.7,7.1,D,0
29.5055,81.1233,318.2,1,1,2026-04-14,941,Aqua,MODIS,74,61.03,304.5,10.7,D,0
29.5559,79.9796,318.2,1,1,2026-04-14,941,Aqua,MODIS,69,61.03,304.4,9,D,0
29.6097,71.3796,322.7,2.6,1.6,2026-04-14,941,Aqua,MODIS,63,61.03,307,28.2,D,0
29.6353,79.2037,320.6,1,1,2026-04-14,941,Aqua,MODIS,71,61.03,304.2,11.8,D,0
29.724,79.8016,340.4,1,1,2026-04-14,941,Aqua,MODIS,90,61.03,304.1,38.3,D,0
29.7254,79.8115,343,1,1,2026-04-14,941,Aqua,MODIS,92,61.03,303.2,42.5,D,0
29.7306,76.3298,321.5,1.2,1.1,2026-04-14,941,Aqua,MODIS,60,61.03,310.1,7.7,D,0
29.8937,78.8792,313.2,1,1,2026-04-14,941,Aqua,MODIS,45,61.03,299,6.7,D,0
30.2555,78.8216,314.3,1,1,2026-04-14,941,Aqua,MODIS,46,61.03,303.2,6.5,D,0
30.2683,78.9646,314.5,1,1,2026-04-14,941,Aqua,MODIS,47,61.03,302.7,6,D,0
30.2699,78.9747,320.3,1,1,2026-04-14,941,Aqua,MODIS,73,61.03,302.3,11.3,D,0
30.324,79.0362,318.3,1,1,2026-04-14,941,Aqua,MODIS,70,61.03,304.5,9.1,D,0
30.4221,77.9941,315.3,1,1,2026-04-14,941,Aqua,MODIS,60,61.03,301.5,8,D,0
16.5078,95.4313,308.7,1.2,1.1,2026-04-14,1414,Terra,MODIS,68,61.03,297.7,7.5,N,0
16.5793,96.0402,319.5,1.1,1,2026-04-14,1414,Terra,MODIS,99,61.03,297.8,16.7,N,0
16.6847,95.379,311.1,1.2,1.1,2026-04-14,1414,Terra,MODIS,77,61.03,297.8,9.1,N,0
16.6863,95.3896,313.9,1.2,1.1,2026-04-14,1414,Terra,MODIS,85,61.03,298.2,11.8,N,0
18.0009,96.7381,311.7,1,1,2026-04-14,1414,Terra,MODIS,77,61.03,299,7.1,N,0
18.3406,96.0799,321.7,1.1,1,2026-04-14,1414,Terra,MODIS,100,61.03,298.2,17.2,N,0
18.5251,96.6562,309.5,1,1,2026-04-14,1414,Terra,MODIS,68,61.03,299.1,5.2,N,0
19.0531,96.0231,310.6,1,1,2026-04-14,1415,Terra,MODIS,74,61.03,297.3,6.3,N,0
19.0649,96.0409,309.8,1,1,2026-04-14,1415,Terra,MODIS,71,61.03,297.4,6.2,N,0
19.1178,96.4699,311.6,1,1,2026-04-14,1415,Terra,MODIS,77,61.03,297.6,7,N,0
19.4081,96.6261,312.4,1,1,2026-04-14,1415,Terra,MODIS,81,61.03,294.2,10.4,N,0
19.4691,96.0285,308.2,1,1,2026-04-14,1415,Terra,MODIS,64,61.03,298.1,4.9,N,0
19.4705,96.0381,308.8,1,1,2026-04-14,1415,Terra,MODIS,66,61.03,297.9,5.2,N,0
19.4741,95.7442,312,1.1,1,2026-04-14,1415,Terra,MODIS,79,61.03,298.4,8.1,N,0
19.5464,95.8615,309.6,1.1,1,2026-04-14,1415,Terra,MODIS,71,61.03,298.3,6,N,0
19.8026,94.0664,307.5,1.3,1.1,2026-04-14,1415,Terra,MODIS,61,61.03,296,7.8,N,0
19.8362,94.0245,329.6,1.3,1.1,2026-04-14,1415,Terra,MODIS,100,61.03,296.4,37.2,N,0
19.8376,94.0181,315.7,1.3,1.1,2026-04-14,1415,Terra,MODIS,90,61.03,296,16.7,N,0
19.8394,94.0295,321.1,1.3,1.1,2026-04-14,1415,Terra,MODIS,100,61.03,296.2,23.6,N,0
19.8918,93.8506,319.5,1.3,1.1,2026-04-14,1415,Terra,MODIS,98,61.03,296.3,22,N,0
19.9233,93.9127,306.1,1.3,1.1,2026-04-14,1415,Terra,MODIS,53,61.03,296.1,6.7,N,0
19.9591,96.6052,306,1,1,2026-04-14,1415,Terra,MODIS,54,61.03,295.8,4.1,N,0
19.9679,96.6038,310.9,1,1,2026-04-14,1415,Terra,MODIS,77,61.03,296.4,7.6,N,0
20.0648,96.5723,309.7,1,1,2026-04-14,1415,Terra,MODIS,58,61.03,297.2,6.5,N,0
20.108,93.7827,312.8,1.3,1.1,2026-04-14,1415,Terra,MODIS,81,61.03,295.7,14.1,N,0
20.2107,93.7822,305.9,1.3,1.1,2026-04-14,1415,Terra,MODIS,45,61.03,295.8,6.5,N,0
20.7383,93.3491,306.4,1.3,1.2,2026-04-14,1415,Terra,MODIS,52,61.03,295.6,7.2,N,0
20.77,93.0329,310.5,1.4,1.2,2026-04-14,1415,Terra,MODIS,75,61.03,296.6,13.4,N,0
20.8764,93.9594,306.9,1.2,1.1,2026-04-14,1415,Terra,MODIS,56,61.03,296.3,7.8,N,0
20.896,93.1765,308.4,1.4,1.2,2026-04-14,1415,Terra,MODIS,66,61.03,296.8,8.8,N,0
21.1346,93.1282,306.7,1.4,1.2,2026-04-14,1415,Terra,MODIS,26,61.03,296.4,6.3,N,0
21.1367,93.1407,317.3,1.4,1.2,2026-04-14,1415,Terra,MODIS,94,61.03,297.1,19.1,N,0
21.1568,93.1367,307.2,1.4,1.2,2026-04-14,1415,Terra,MODIS,46,61.03,297.1,6.8,N,0
21.2473,94.0878,315,1.2,1.1,2026-04-14,1415,Terra,MODIS,88,61.03,297.6,13.1,N,0
21.4257,93.2746,308.2,1.3,1.1,2026-04-14,1415,Terra,MODIS,72,61.03,296.6,8.7,N,0
21.4641,93.0037,318,1.4,1.2,2026-04-14,1415,Terra,MODIS,96,61.03,296.3,21.6,N,0
21.4661,93.0162,323.4,1.4,1.2,2026-04-14,1415,Terra,MODIS,100,61.03,297.1,29.8,N,0
21.6527,94.0007,308.6,1.2,1.1,2026-04-14,1415,Terra,MODIS,72,61.03,297.1,7,N,0
21.6765,93.7493,303.7,1.2,1.1,2026-04-14,1415,Terra,MODIS,47,61.03,293.1,6.4,N,0
21.7367,93.9456,309.5,1.2,1.1,2026-04-14,1415,Terra,MODIS,62,61.03,297.8,7.5,N,0
21.7971,92.2825,315.8,1.5,1.2,2026-04-14,1415,Terra,MODIS,91,61.03,294.9,22.5,N,0
21.9235,92.6111,310.2,1.4,1.2,2026-04-14,1415,Terra,MODIS,78,61.03,293.1,13.3,N,0
22.1035,96.3736,306,1,1,2026-04-14,1415,Terra,MODIS,45,61.03,294.8,4.3,N,0
22.1161,92.4624,307.6,1.5,1.2,2026-04-14,1415,Terra,MODIS,70,61.03,293.9,10.6,N,0
22.1183,92.4756,308.8,1.5,1.2,2026-04-14,1415,Terra,MODIS,74,61.03,293.9,12.2,N,0
22.2875,93.8543,309.1,1.2,1.1,2026-04-14,1415,Terra,MODIS,73,61.03,298.2,7.1,N,0
22.3376,93.7699,307.5,1.2,1.1,2026-04-14,1415,Terra,MODIS,41,61.03,294.9,7.4,N,0
22.3472,93.7688,309.2,1.2,1.1,2026-04-14,1415,Terra,MODIS,74,61.03,295.1,8.8,N,0
22.3815,93.5238,301.7,1.2,1.1,2026-04-14,1415,Terra,MODIS,30,61.03,288.4,7,N,0
22.4583,94.4294,307,1.1,1.1,2026-04-14,1415,Terra,MODIS,65,61.03,296.7,5.6,N,0
22.4973,96.2104,306.9,1,1,2026-04-14,1415,Terra,MODIS,8,61.03,296.8,3.5,N,0
22.4986,96.2198,308.5,1,1,2026-04-14,1415,Terra,MODIS,52,61.03,297.6,4.6,N,0
22.5271,96.3599,320.2,1,1,2026-04-14,1415,Terra,MODIS,100,61.03,297.6,14,N,0
22.5285,96.3693,317.6,1,1,2026-04-14,1415,Terra,MODIS,95,61.03,296.8,12,N,0
22.5298,96.3787,307.3,1,1,2026-04-14,1415,Terra,MODIS,52,61.03,296.8,4.4,N,0
22.5372,96.3678,311,1,1,2026-04-14,1415,Terra,MODIS,80,61.03,297,6.7,N,0
22.6195,96.2319,308.8,1,1,2026-04-14,1415,Terra,MODIS,45,61.03,297,5.2,N,0
22.6208,96.2413,306.7,1,1,2026-04-14,1415,Terra,MODIS,15,61.03,296.3,3.9,N,0
22.6283,96.2304,317.7,1,1,2026-04-14,1415,Terra,MODIS,95,61.03,297.2,12.3,N,0
22.6296,96.2398,307.7,1,1,2026-04-14,1415,Terra,MODIS,12,61.03,296.2,4.5,N,0
22.6375,96.2965,311.5,1,1,2026-04-14,1415,Terra,MODIS,81,61.03,296.8,7.4,N,0
22.6388,96.306,307.1,1,1,2026-04-14,1415,Terra,MODIS,67,61.03,296.7,4.3,N,0
22.6598,96.2638,314,1,1,2026-04-14,1415,Terra,MODIS,87,61.03,297.3,9.1,N,0
22.8076,96.4494,304.9,1,1,2026-04-14,1415,Terra,MODIS,61,61.03,292.4,5.6,N,0
22.4898,93.8397,307.1,1.2,1.1,2026-04-14,1416,Terra,MODIS,60,61.03,296.4,6.6,N,0
22.5366,93.7338,304.2,1.2,1.1,2026-04-14,1416,Terra,MODIS,54,61.03,293.1,6.4,N,0
22.6027,94.3485,306.6,1.1,1.1,2026-04-14,1416,Terra,MODIS,61,61.03,296,5.4,N,0
22.8303,96.2911,307.2,1,1,2026-04-14,1416,Terra,MODIS,70,61.03,295.3,5.7,N,0
22.9815,93.9288,305.7,1.2,1.1,2026-04-14,1416,Terra,MODIS,51,61.03,295.6,5,N,0
22.9837,96.3889,302.6,1,1,2026-04-14,1416,Terra,MODIS,45,61.03,292.4,3.8,N,0
22.985,96.3983,307.5,1,1,2026-04-14,1416,Terra,MODIS,70,61.03,293.1,7.1,N,0
23.0036,94.7969,307.9,1.1,1,2026-04-14,1416,Terra,MODIS,67,61.03,297.7,4.8,N,0
23.0611,96.8889,306.1,1,1,2026-04-14,1416,Terra,MODIS,67,61.03,295.9,5,N,0
23.2358,96.7512,309.2,1,1,2026-04-14,1416,Terra,MODIS,76,61.03,294.5,6.9,N,0
23.4012,96.2019,307.7,1,1,2026-04-14,1416,Terra,MODIS,68,61.03,296.9,4.9,N,0
23.407,93.9139,306.6,1.2,1.1,2026-04-14,1416,Terra,MODIS,66,61.03,296.4,6.1,N,0
23.6404,93.8141,302.6,1.2,1.1,2026-04-14,1416,Terra,MODIS,49,61.03,287.5,7.7,N,0
23.7451,93.3634,301.5,1.2,1.1,2026-04-14,1416,Terra,MODIS,42,61.03,291.5,5.6,N,0
23.8807,93.6352,302.8,1.2,1.1,2026-04-14,1416,Terra,MODIS,52,61.03,289.5,7.2,N,0
24.0358,96.3999,309.9,1,1,2026-04-14,1416,Terra,MODIS,79,61.03,294.6,8.1,N,0
24.3502,94.3416,303.8,1.1,1,2026-04-14,1416,Terra,MODIS,50,61.03,292.5,4.4,N,0
24.4495,96.7977,310.4,1,1,2026-04-14,1416,Terra,MODIS,80,61.03,294.4,8.5,N,0
25.3241,93.8067,303,1.1,1.1,2026-04-14,1416,Terra,MODIS,53,61.03,288.8,7.5,N,0
25.5141,90.705,307.9,1.7,1.3,2026-04-14,1416,Terra,MODIS,73,61.03,292.8,14.9,N,0
25.8877,91.7278,303.1,1.4,1.2,2026-04-14,1417,Terra,MODIS,53,61.03,290.1,8.4,N,0
26.0113,92.0344,304.6,1.3,1.1,2026-04-14,1417,Terra,MODIS,61,61.03,291.3,8.8,N,0
10.2707,77.3199,307.6,1.2,1.1,2026-04-14,1551,Terra,MODIS,13,61.03,293.9,9.3,N,0
10.2719,77.3296,314.1,1.2,1.1,2026-04-14,1551,Terra,MODIS,74,61.03,292.5,16.5,N,0
11.4128,76.6056,302.4,1.1,1.1,2026-04-14,1551,Terra,MODIS,12,61.03,288.7,7.4,N,0
11.4221,76.6045,337,1.1,1.1,2026-04-14,1551,Terra,MODIS,100,61.03,290.5,48.1,N,0
11.4932,76.5886,347.2,1.1,1.1,2026-04-14,1551,Terra,MODIS,100,61.03,294.7,69.6,N,0
11.4945,76.5986,335.9,1.1,1.1,2026-04-14,1551,Terra,MODIS,100,61.03,294.1,46,N,0
11.4971,76.6187,321.3,1.1,1.1,2026-04-14,1551,Terra,MODIS,100,61.03,290.7,23.9,N,0
11.4985,76.6291,317.3,1.1,1.1,2026-04-14,1551,Terra,MODIS,94,61.03,290.6,19.2,N,0
11.7085,77.1654,314.6,1.2,1.1,2026-04-14,1551,Terra,MODIS,88,61.03,295,16,N,0
11.7099,77.1761,304.6,1.2,1.1,2026-04-14,1551,Terra,MODIS,52,61.03,293.5,6.5,N,0
13.9037,79.1148,310.4,1.8,1.3,2026-04-14,1551,Terra,MODIS,72,61.03,298.2,15.2,N,0
13.9055,79.1298,307.4,1.8,1.3,2026-04-14,1551,Terra,MODIS,51,61.03,297.3,10.6,N,0
13.9151,79.1121,310.3,1.8,1.3,2026-04-14,1551,Terra,MODIS,71,61.03,297.6,14.3,N,0
13.9171,79.129,308.4,1.8,1.3,2026-04-14,1551,Terra,MODIS,54,61.03,297.5,11.9,N,0
13.9364,79.0939,310.5,1.8,1.3,2026-04-14,1551,Terra,MODIS,41,61.03,298.2,13.7,N,0
13.9382,79.1097,313.2,1.8,1.3,2026-04-14,1551,Terra,MODIS,72,61.03,298,18.2,N,0
13.9498,79.1088,309.8,1.8,1.3,2026-04-14,1551,Terra,MODIS,69,61.03,298,13.3,N,0
13.9518,79.1252,312.2,1.8,1.3,2026-04-14,1551,Terra,MODIS,78,61.03,298.3,16.9,N,0
13.9539,79.1427,313.7,1.8,1.3,2026-04-14,1551,Terra,MODIS,83,61.03,299.2,19.3,N,0
13.9558,79.1585,313.9,1.8,1.3,2026-04-14,1551,Terra,MODIS,84,61.03,298.9,20.4,N,0
13.9993,79.0483,312.4,1.8,1.3,2026-04-14,1552,Terra,MODIS,62,61.03,299,15.5,N,0
14.0012,79.0645,315.1,1.8,1.3,2026-04-14,1552,Terra,MODIS,87,61.03,299.4,20.7,N,0
14.0127,79.0634,314.6,1.8,1.3,2026-04-14,1552,Terra,MODIS,86,61.03,299.7,19.7,N,0
14.0378,79.0779,314.2,1.8,1.3,2026-04-14,1552,Terra,MODIS,85,61.03,299.2,18.2,N,0
14.0396,79.0935,334.1,1.8,1.3,2026-04-14,1552,Terra,MODIS,100,61.03,301.6,70.4,N,0
14.0416,79.11,320.2,1.8,1.3,2026-04-14,1552,Terra,MODIS,100,61.03,300.5,32.8,N,0
14.0493,79.0764,313.7,1.8,1.3,2026-04-14,1552,Terra,MODIS,83,61.03,299.1,18.2,N,0
14.0512,79.0923,341.3,1.8,1.3,2026-04-14,1552,Terra,MODIS,100,61.03,301.7,97.9,N,0
14.0532,79.1091,311.2,1.8,1.3,2026-04-14,1552,Terra,MODIS,74,61.03,299.8,15.4,N,0
14.3498,78.9157,314.1,1.8,1.3,2026-04-14,1552,Terra,MODIS,83,61.03,300,17.6,N,0
14.5303,78.9945,309.5,1.8,1.3,2026-04-14,1552,Terra,MODIS,65,61.03,299.3,11.5,N,0
15.1793,76.654,311.5,1.3,1.1,2026-04-14,1552,Terra,MODIS,67,61.03,298.1,8.3,N,2
15.1821,76.6768,309.6,1.3,1.1,2026-04-14,1552,Terra,MODIS,66,61.03,298.3,6.6,N,2
15.5125,78.7865,315.5,1.8,1.3,2026-04-14,1552,Terra,MODIS,88,61.03,297.9,23.5,N,0
15.6058,78.8015,308.1,1.8,1.3,2026-04-14,1552,Terra,MODIS,57,61.03,297.6,11.1,N,0
19.0187,73.8704,309.9,1,1,2026-04-14,1553,Terra,MODIS,71,61.03,298.9,7,N,0
19.3719,71.3527,315.1,1,1,2026-04-14,1553,Terra,MODIS,87,61.03,300.7,10.2,N,3
19.5651,71.3481,311.7,1,1,2026-04-14,1553,Terra,MODIS,76,61.03,300.3,7.3,N,3
19.5665,71.3577,318.7,1,1,2026-04-14,1553,Terra,MODIS,96,61.03,300.6,13.5,N,3
19.5924,80.7005,309.3,2.9,1.6,2026-04-14,1553,Terra,MODIS,71,61.03,299.1,22.7,N,0
20.5429,74.2572,305.6,1.1,1,2026-04-14,1553,Terra,MODIS,51,61.03,294.8,5.6,N,0
21.3151,79.3319,307.2,2.4,1.5,2026-04-14,1553,Terra,MODIS,62,61.03,295.9,18.9,N,0
21.8942,70.6573,322.5,1.1,1,2026-04-14,1554,Terra,MODIS,100,61.03,300.7,17.7,N,0
21.9923,79.3646,312.3,2.5,1.5,2026-04-14,1554,Terra,MODIS,83,61.03,294.1,37.7,N,0
22.0705,79.3724,303.5,2.5,1.5,2026-04-14,1554,Terra,MODIS,48,61.03,292.7,16.4,N,0
22.0727,79.3955,320.4,2.5,1.5,2026-04-14,1554,Terra,MODIS,100,61.03,293.1,65.3,N,0
22.0794,79.3245,315.2,2.4,1.5,2026-04-14,1554,Terra,MODIS,90,61.03,293.9,46.2,N,0
22.1205,79.2219,305.2,2.4,1.5,2026-04-14,1554,Terra,MODIS,59,61.03,293.8,19.7,N,0
22.1233,79.2272,304.4,2.4,1.5,2026-04-14,1554,Terra,MODIS,46,61.03,293.8,16.7,N,0
22.1316,76.5188,322.8,1.5,1.2,2026-04-14,1554,Terra,MODIS,100,61.03,300.1,31.8,N,0
22.1354,79.3832,307.7,2.5,1.5,2026-04-14,1554,Terra,MODIS,62,61.03,292.2,25.2,N,0
22.1487,79.3816,307,2.5,1.5,2026-04-14,1554,Terra,MODIS,49,61.03,293.1,23.7,N,0
22.162,79.3802,303.1,2.5,1.5,2026-04-14,1554,Terra,MODIS,8,61.03,292.3,14.8,N,0
22.1679,76.4562,308.9,1.5,1.2,2026-04-14,1554,Terra,MODIS,66,61.03,298.1,10.4,N,0
22.2559,79.4103,304.3,2.5,1.5,2026-04-14,1554,Terra,MODIS,51,61.03,293.6,17.1,N,0
22.2581,79.4342,306.5,2.5,1.5,2026-04-14,1554,Terra,MODIS,63,61.03,292.9,22.4,N,0
22.8758,75.7114,318.3,1.4,1.2,2026-04-14,1554,Terra,MODIS,96,61.03,296.3,22.9,N,0
22.9037,76.3472,306.4,1.5,1.2,2026-04-14,1554,Terra,MODIS,60,61.03,295.8,8.3,N,0
22.9224,70.1067,311.6,1.1,1,2026-04-14,1554,Terra,MODIS,74,61.03,298.5,7.7,N,0
22.9275,76.171,315.8,1.5,1.2,2026-04-14,1554,Terra,MODIS,91,61.03,298.3,19.8,N,0
22.9291,76.1851,318.3,1.5,1.2,2026-04-14,1554,Terra,MODIS,96,61.03,298.2,24.2,N,0
22.9698,77.5316,309.3,1.8,1.3,2026-04-14,1554,Terra,MODIS,63,61.03,296.9,13.5,N,0
23.0036,76.2261,309.3,1.5,1.2,2026-04-14,1554,Terra,MODIS,73,61.03,298.7,11.1,N,0
23.0448,77.6063,304,1.9,1.3,2026-04-14,1554,Terra,MODIS,46,61.03,293.7,11,N,0
23.0494,77.6113,307,1.9,1.3,2026-04-14,1554,Terra,MODIS,48,61.03,293.7,14.5,N,0
23.073,75.4764,304.5,1.3,1.1,2026-04-14,1554,Terra,MODIS,50,61.03,294.5,6.6,N,0
23.0791,77.4773,311.4,1.8,1.3,2026-04-14,1554,Terra,MODIS,80,61.03,294.7,21.9,N,0
23.1731,77.6203,309.6,1.9,1.3,2026-04-14,1554,Terra,MODIS,75,61.03,294.2,19,N,0
23.1849,77.6189,316.6,1.9,1.3,2026-04-14,1554,Terra,MODIS,93,61.03,294.6,32.6,N,0
23.1903,76.4008,310.4,1.5,1.2,2026-04-14,1554,Terra,MODIS,76,61.03,299.1,11.3,N,0
23.2277,76.1127,306.7,1.5,1.2,2026-04-14,1554,Terra,MODIS,63,61.03,296,9.8,N,0
23.2295,76.9553,308,1.7,1.3,2026-04-14,1554,Terra,MODIS,69,61.03,295.9,13,N,0
23.2312,76.9714,318.5,1.7,1.3,2026-04-14,1554,Terra,MODIS,97,61.03,296.4,30.8,N,0
23.2551,75.4652,307.6,1.3,1.1,2026-04-14,1554,Terra,MODIS,66,61.03,294.3,10.3,N,0
23.2824,75.6989,313.1,1.4,1.2,2026-04-14,1554,Terra,MODIS,84,61.03,297.2,15.3,N,0
23.29,75.6913,314.6,1.4,1.2,2026-04-14,1554,Terra,MODIS,88,61.03,297,17.8,N,0
23.2915,75.7046,313.6,1.4,1.2,2026-04-14,1554,Terra,MODIS,86,61.03,296.3,17.1,N,0
23.2926,75.6975,314.1,1.4,1.2,2026-04-14,1554,Terra,MODIS,87,61.03,296.3,17.1,N,0
23.2941,76.608,309.2,1.6,1.2,2026-04-14,1554,Terra,MODIS,74,61.03,298,12,N,0
23.2958,76.6233,309.3,1.6,1.2,2026-04-14,1554,Terra,MODIS,74,61.03,297.9,12,N,0
23.2977,76.6174,315.4,1.6,1.2,2026-04-14,1554,Terra,MODIS,90,61.03,298.2,20.3,N,0
23.3268,75.7403,316.8,1.4,1.2,2026-04-14,1554,Terra,MODIS,93,61.03,294.6,22.2,N,0
23.3293,75.5794,310.5,1.4,1.2,2026-04-14,1554,Terra,MODIS,77,61.03,295.6,12.6,N,0
23.3308,75.5925,309.1,1.4,1.2,2026-04-14,1554,Terra,MODIS,72,61.03,295.9,11.1,N,0
23.3316,76.0724,309.8,1.5,1.2,2026-04-14,1554,Terra,MODIS,75,61.03,297.5,12.3,N,0
23.3331,76.0865,308.7,1.5,1.2,2026-04-14,1554,Terra,MODIS,71,61.03,297.4,10.8,N,0
23.334,75.7124,315.7,1.4,1.2,2026-04-14,1554,Terra,MODIS,91,61.03,295.2,20.1,N,0
23.3355,75.7256,317.1,1.4,1.2,2026-04-14,1554,Terra,MODIS,94,61.03,295.2,22.3,N,0
23.3367,76.0783,315.7,1.5,1.2,2026-04-14,1554,Terra,MODIS,91,61.03,297.5,19.3,N,2
23.3382,76.5813,308.3,1.6,1.2,2026-04-14,1554,Terra,MODIS,68,61.03,296.8,10.8,N,0
23.3385,75.7522,311.2,1.4,1.2,2026-04-14,1554,Terra,MODIS,79,61.03,296.5,14.3,N,0
23.3422,75.0737,313.2,1.3,1.1,2026-04-14,1554,Terra,MODIS,84,61.03,298.5,13.3,N,0
23.4043,75.6164,312.9,1.4,1.2,2026-04-14,1554,Terra,MODIS,84,61.03,296,15.8,N,0
23.4205,75.1311,307.6,1.3,1.1,2026-04-14,1554,Terra,MODIS,65,61.03,294.9,9.6,N,0
23.4247,75.1681,304.2,1.3,1.1,2026-04-14,1554,Terra,MODIS,36,61.03,293.9,6.5,N,0
23.4334,75.5992,313.3,1.4,1.2,2026-04-14,1554,Terra,MODIS,85,61.03,297.1,15.8,N,0
23.4449,75.9808,308.6,1.5,1.2,2026-04-14,1554,Terra,MODIS,71,61.03,294.2,12,N,0
23.4493,76.764,309.9,1.6,1.3,2026-04-14,1554,Terra,MODIS,71,61.03,298.3,12.8,N,0
23.5089,75.8266,316.5,1.4,1.2,2026-04-14,1554,Terra,MODIS,93,61.03,297.3,21.1,N,0
23.5369,75.1716,305.5,1.3,1.1,2026-04-14,1554,Terra,MODIS,54,61.03,295.1,7.5,N,0
23.5468,75.1702,307.1,1.3,1.1,2026-04-14,1554,Terra,MODIS,63,61.03,294.7,8.5,N,0
23.583,75.3955,314.6,1.3,1.1,2026-04-14,1554,Terra,MODIS,88,61.03,294.5,18.6,N,0
23.5925,77.9205,304.3,2,1.4,2026-04-14,1554,Terra,MODIS,54,61.03,293.8,12.7,N,0
23.6205,74.9299,307.5,1.3,1.1,2026-04-14,1554,Terra,MODIS,65,61.03,296,8.1,N,0
23.6307,75.722,307.9,1.4,1.2,2026-04-14,1554,Terra,MODIS,68,61.03,296.4,10.4,N,0
23.6372,75.873,307.2,1.4,1.2,2026-04-14,1554,Terra,MODIS,65,61.03,296,10,N,0
23.6632,76.9519,309.3,1.7,1.3,2026-04-14,1554,Terra,MODIS,53,61.03,295.8,13.9,N,0
23.6714,77.5661,305,1.9,1.3,2026-04-14,1554,Terra,MODIS,30,61.03,294.5,11.6,N,0
23.6737,76.3012,317.4,1.5,1.2,2026-04-14,1554,Terra,MODIS,94,61.03,296.1,25.4,N,0
23.7243,77.4262,311.8,1.9,1.3,2026-04-14,1554,Terra,MODIS,82,61.03,294.8,23,N,0
23.7318,75.4546,314.7,1.4,1.2,2026-04-14,1554,Terra,MODIS,88,61.03,295.8,17.5,N,0
23.7435,77.4961,306.6,1.9,1.3,2026-04-14,1554,Terra,MODIS,66,61.03,295,14.3,N,0
23.7521,77.5075,310.2,1.9,1.3,2026-04-14,1554,Terra,MODIS,78,61.03,295.6,19.5,N,0
23.7746,75.8423,308.4,1.4,1.2,2026-04-14,1554,Terra,MODIS,70,61.03,294.9,12.2,N,0
23.7857,77.031,305.8,1.7,1.3,2026-04-14,1554,Terra,MODIS,62,61.03,295.4,11.5,N,0
23.8084,77.8385,307.4,2,1.4,2026-04-14,1554,Terra,MODIS,56,61.03,293.7,15.8,N,0
23.8186,75.671,306.4,1.4,1.2,2026-04-14,1554,Terra,MODIS,60,61.03,295.8,8.3,N,0
23.8201,75.6845,316.5,1.4,1.2,2026-04-14,1554,Terra,MODIS,92,61.03,296.5,20.8,N,0
23.8428,77.8151,307.7,2,1.4,2026-04-14,1554,Terra,MODIS,67,61.03,294.1,16,N,0
23.8603,77.2034,306.2,1.8,1.3,2026-04-14,1554,Terra,MODIS,44,61.03,295.4,11.2,N,0
23.8861,77.3406,322.4,1.8,1.3,2026-04-14,1554,Terra,MODIS,100,61.03,296.2,44.5,N,0
23.9571,79.3084,310.2,2.6,1.5,2026-04-14,1554,Terra,MODIS,79,61.03,293,34.6,N,0
23.9584,77.8139,315.5,2,1.4,2026-04-14,1554,Terra,MODIS,91,61.03,293.7,34.6,N,0
23.9631,77.8076,307.5,2,1.4,2026-04-14,1554,Terra,MODIS,69,61.03,293.1,17.8,N,0
24.0894,77.2274,306.5,1.8,1.3,2026-04-14,1554,Terra,MODIS,63,61.03,294.6,12.6,N,0
24.0909,77.2153,306.9,1.8,1.3,2026-04-14,1554,Terra,MODIS,65,61.03,294.3,13.9,N,0
24.1786,79.4495,307.4,2.7,1.6,2026-04-14,1554,Terra,MODIS,70,61.03,296.2,24.1,N,0
24.429,79.0544,304.2,2.5,1.5,2026-04-14,1554,Terra,MODIS,56,61.03,292.7,19.2,N,0
24.5614,78.1016,305.6,2.1,1.4,2026-04-14,1554,Terra,MODIS,61,61.03,294.1,14.9,N,0
24.7019,76.4084,307.5,1.6,1.3,2026-04-14,1554,Terra,MODIS,66,61.03,296.6,11,N,0
24.8786,77.7807,303.7,2,1.4,2026-04-14,1554,Terra,MODIS,47,61.03,293.6,11.7,N,0
24.9519,76.9434,314.3,1.8,1.3,2026-04-14,1555,Terra,MODIS,87,61.03,295.3,24.7,N,0
24.981,76.564,318.4,1.7,1.3,2026-04-14,1555,Terra,MODIS,96,61.03,295.7,30.4,N,0
25.0017,77.3142,309.3,1.9,1.3,2026-04-14,1555,Terra,MODIS,73,61.03,294.5,17.1,N,0
25.1597,76.9873,305.6,1.8,1.3,2026-04-14,1555,Terra,MODIS,31,61.03,294.3,10.8,N,0
25.1629,76.9926,304.6,1.8,1.3,2026-04-14,1555,Terra,MODIS,51,61.03,293.9,10.3,N,0
25.4017,76.6632,308.2,1.7,1.3,2026-04-14,1555,Terra,MODIS,71,61.03,293.4,14.5,N,0
25.4505,76.691,307,1.7,1.3,2026-04-14,1555,Terra,MODIS,67,61.03,294,13.6,N,0
28.7795,70.1549,305.2,1,1,2026-04-14,1556,Terra,MODIS,61,61.03,292.6,5.7,N,0
28.8194,70.0557,304.9,1,1,2026-04-14,1556,Terra,MODIS,59,61.03,294.6,4.7,N,0
28.8208,70.0656,303.8,1,1,2026-04-14,1556,Terra,MODIS,53,61.03,293.7,4,N,0
23.6775,86.4018,309.1,1,1,2026-04-14,2145,Aqua,MODIS,52,61.03,297.8,8.3,N,2
23.6783,86.0864,306.2,1,1,2026-04-14,2145,Aqua,MODIS,67,61.03,293.6,6.8,N,2
23.6858,86.0975,305.8,1,1,2026-04-14,2145,Aqua,MODIS,32,61.03,295.1,6.3,N,2
23.7371,86.4383,310.7,1,1,2026-04-14,2145,Aqua,MODIS,43,61.03,298.5,8.2,N,2
23.769,86.4044,312.8,1,1,2026-04-14,2145,Aqua,MODIS,32,61.03,298.8,9.8,N,2
23.7795,86.2091,308.2,1,1,2026-04-14,2145,Aqua,MODIS,74,61.03,297.6,8.5,N,2
23.7972,86.356,309.2,1,1,2026-04-14,2145,Aqua,MODIS,77,61.03,296.3,8.4,N,2
23.8014,86.3272,306.8,1,1,2026-04-14,2145,Aqua,MODIS,59,61.03,294.8,6.8,N,2
23.8239,84.5728,300.9,1.2,1.1,2026-04-14,2145,Aqua,MODIS,34,61.03,290.2,5.9,N,0
25.0331,87.3799,308.7,1,1,2026-04-14,2145,Aqua,MODIS,75,61.03,296.8,7.4,N,0
26.7861,85.5689,305.7,1.1,1.1,2026-04-14,2145,Aqua,MODIS,65,61.03,293.7,7.8,N,0
26.8241,82.9063,304.6,1.6,1.2,2026-04-14,2145,Aqua,MODIS,61,61.03,290.6,13.5,N,0
27.0031,83.075,310.4,1.6,1.2,2026-04-14,2145,Aqua,MODIS,80,61.03,289.8,21.6,N,0
27.135,82.6078,304,1.7,1.3,2026-04-14,2145,Aqua,MODIS,50,61.03,290,13.3,N,0
27.1357,82.5984,309.9,1.7,1.3,2026-04-14,2145,Aqua,MODIS,79,61.03,290,22.8,N,0
27.1369,82.5912,301.5,1.7,1.3,2026-04-14,2145,Aqua,MODIS,29,61.03,289.6,10.4,N,0
27.2331,82.5437,317.4,1.7,1.3,2026-04-14,2145,Aqua,MODIS,95,61.03,291.2,36.1,N,0
27.2333,82.5492,312.7,1.7,1.3,2026-04-14,2145,Aqua,MODIS,85,61.03,290.7,28.5,N,0
27.2352,82.5323,306.1,1.7,1.3,2026-04-14,2145,Aqua,MODIS,67,61.03,290.2,18.4,N,0
20.792,85.2618,308.9,1,1,2026-04-14,2146,Aqua,MODIS,73,61.03,297.6,6.7,N,2
20.9578,85.0136,308.5,1.1,1,2026-04-14,2146,Aqua,MODIS,72,61.03,298.3,6.4,N,0
20.9624,85.1734,311.7,1,1,2026-04-14,2146,Aqua,MODIS,20,61.03,298.5,7.4,N,2
20.9685,85.1942,308.2,1,1,2026-04-14,2146,Aqua,MODIS,70,61.03,297.9,5.8,N,2
20.9686,86.0135,314.7,1,1,2026-04-14,2146,Aqua,MODIS,89,61.03,298,11,N,2
20.9699,85.1845,309.8,1,1,2026-04-14,2146,Aqua,MODIS,62,61.03,298,6.6,N,2
20.9713,85.1748,316.2,1,1,2026-04-14,2146,Aqua,MODIS,89,61.03,298.8,11.4,N,2
16.3674,82.3257,313.1,1.3,1.1,2026-04-14,2147,Aqua,MODIS,81,61.03,297.9,11.5,N,3
13.9385,79.1254,309.6,2,1.4,2026-04-14,2148,Aqua,MODIS,72,61.03,296.3,17.7,N,0
13.9407,79.1086,306,2,1.4,2026-04-14,2148,Aqua,MODIS,60,61.03,295.8,12.2,N,0
13.9821,79.1633,309.3,1.9,1.4,2026-04-14,2148,Aqua,MODIS,77,61.03,296.6,17.7,N,0
13.9872,79.1709,308.3,1.9,1.4,2026-04-14,2148,Aqua,MODIS,73,61.03,296.1,17.2,N,0
14.5287,79.0014,310.4,2,1.4,2026-04-14,2148,Aqua,MODIS,80,61.03,296.8,20.8,N,0
22.6125,96.2343,313.4,1.7,1.3,2026-04-15,223,Terra,MODIS,51,61.03,297.8,10.9,D,0
22.8535,93.8197,318.1,2.6,1.5,2026-04-15,223,Terra,MODIS,68,61.03,302.8,31.1,D,0
19.0881,96.5529,318.3,1.4,1.2,2026-04-15,224,Terra,MODIS,67,61.03,298.1,18.4,D,0
19.1482,96.9891,316.7,1.4,1.2,2026-04-15,224,Terra,MODIS,54,61.03,298,12.4,D,0
19.1585,96.9894,330,1.4,1.2,2026-04-15,224,Terra,MODIS,82,61.03,299.2,34.2,D,0
28.2272,82.0437,309.4,1.4,1.2,2026-04-15,359,Terra,MODIS,52,61.03,298.9,7.4,D,0
28.3196,81.6249,312.5,1.3,1.1,2026-04-15,359,Terra,MODIS,52,61.03,302.3,7.9,D,0
28.3343,81.5383,313.2,1.3,1.1,2026-04-15,359,Terra,MODIS,39,61.03,302.3,7.2,D,0
28.3933,80.0389,317.7,1.1,1,2026-04-15,359,Terra,MODIS,57,61.03,303.9,8.9,D,0
28.4007,81.6351,311.5,1.3,1.1,2026-04-15,359,Terra,MODIS,58,61.03,301.3,6.9,D,0
28.4209,81.3789,312.9,1.2,1.1,2026-04-15,359,Terra,MODIS,47,61.03,302.4,7.1,D,0
28.4229,81.3668,324.3,1.2,1.1,2026-04-15,359,Terra,MODIS,78,61.03,303,21.2,D,0
28.4251,81.3731,325.8,1.2,1.1,2026-04-15,359,Terra,MODIS,80,61.03,302.7,22.6,D,0
28.4391,80.5136,319.2,1.1,1.1,2026-04-15,359,Terra,MODIS,69,61.03,303.9,11.1,D,0
28.5504,82.0866,311.1,1.3,1.2,2026-04-15,359,Terra,MODIS,37,61.03,298.9,8.5,D,0
28.9666,81.0871,310.3,1.2,1.1,2026-04-15,359,Terra,MODIS,53,61.03,299.6,7.2,D,0
28.9761,81.0881,312.4,1.2,1.1,2026-04-15,359,Terra,MODIS,69,61.03,299.4,8.9,D,0
29.1387,79.3504,320.6,1,1,2026-04-15,359,Terra,MODIS,67,61.03,303.7,12.5,D,0
29.6706,77.2261,319.5,1,1,2026-04-15,359,Terra,MODIS,63,61.03,306.4,8.2,D,0
29.7203,79.1745,309.3,1,1,2026-04-15,359,Terra,MODIS,58,61.03,297.4,5.3,D,0
24.8831,78.3599,322.6,1,1,2026-04-15,400,Terra,MODIS,55,61.03,308.3,8.1,D,0
24.8845,78.3501,324.8,1,1,2026-04-15,400,Terra,MODIS,63,61.03,308.5,10.6,D,0
24.969,77.7169,330.2,1,1,2026-04-15,400,Terra,MODIS,75,61.03,309.8,15.4,D,0
24.9778,77.7184,322.2,1,1,2026-04-15,400,Terra,MODIS,51,61.03,309.8,6.5,D,0
24.9901,83.7462,324.7,2,1.4,2026-04-15,400,Terra,MODIS,70,61.03,307.4,25.2,D,0
24.9989,79.1768,328.6,1.1,1,2026-04-15,400,Terra,MODIS,72,61.03,311.3,13.8,D,0
25.0448,77.3163,347.8,1,1,2026-04-15,400,Terra,MODIS,92,61.03,310.4,43.6,D,0
25.0462,77.3067,328.3,1,1,2026-04-15,400,Terra,MODIS,71,61.03,310.4,12.7,D,0
25.1198,77.5618,322.9,1,1,2026-04-15,400,Terra,MODIS,56,61.03,310.4,7.1,D,0
25.1223,84.0345,324.8,2.1,1.4,2026-04-15,400,Terra,MODIS,55,61.03,307.7,20.2,D,0
25.1308,84.0574,328.4,2.1,1.4,2026-04-15,400,Terra,MODIS,77,61.03,308,33,D,0
25.1317,84.1211,322.2,2.2,1.4,2026-04-15,400,Terra,MODIS,55,61.03,307.5,19.5,D,0
25.1782,84.095,324.8,2.1,1.4,2026-04-15,400,Terra,MODIS,70,61.03,308.3,22.5,D,0
25.1886,76.4185,331.9,1,1,2026-04-15,400,Terra,MODIS,77,61.03,311.1,17.2,D,0
25.2141,84.0402,326.8,2.1,1.4,2026-04-15,400,Terra,MODIS,74,61.03,308.3,27.7,D,0
25.3333,78.4411,324.2,1,1,2026-04-15,400,Terra,MODIS,64,61.03,309.8,8.6,D,0
25.3504,79.4175,325.3,1.1,1,2026-04-15,400,Terra,MODIS,66,61.03,310.3,10.3,D,0
25.438,78.8513,322.7,1,1,2026-04-15,400,Terra,MODIS,58,61.03,310,7,D,0
25.4912,76.703,324.9,1,1,2026-04-15,400,Terra,MODIS,60,61.03,310.1,7.5,D,0
25.5377,76.7071,336.1,1,1,2026-04-15,400,Terra,MODIS,83,61.03,309.9,21.7,D,0
25.5479,76.6988,326.6,1,1,2026-04-15,400,Terra,MODIS,69,61.03,308.8,9.6,D,0
25.5879,76.7353,331.2,1,1,2026-04-15,400,Terra,MODIS,78,61.03,309,17.9,D,0
25.592,76.706,323,1,1,2026-04-15,400,Terra,MODIS,46,61.03,308.8,7.2,D,0
25.5934,76.6962,324.2,1,1,2026-04-15,400,Terra,MODIS,60,61.03,309.1,8.4,D,0
25.611,76.6991,323.3,1,1,2026-04-15,400,Terra,MODIS,46,61.03,306.7,7.1,D,0
25.8527,76.7572,325.6,1,1,2026-04-15,400,Terra,MODIS,68,61.03,308,10.3,D,0
25.8547,78.0423,323.6,1,1,2026-04-15,400,Terra,MODIS,62,61.03,310.3,7.3,D,0
25.8703,76.7601,324,1,1,2026-04-15,400,Terra,MODIS,54,61.03,308.6,9.6,D,0
25.8851,76.5205,322.4,1,1,2026-04-15,400,Terra,MODIS,59,61.03,309.2,6.6,D,0
26.9883,82.7975,322.3,1.6,1.2,2026-04-15,400,Terra,MODIS,72,61.03,304.5,18.1,D,0
27.0932,82.7314,331.1,1.6,1.2,2026-04-15,400,Terra,MODIS,82,61.03,305.2,35.2,D,0
27.096,82.7162,322.2,1.6,1.2,2026-04-15,400,Terra,MODIS,72,61.03,305.6,14.7,D,0
27.2205,82.9319,326.9,1.6,1.2,2026-04-15,400,Terra,MODIS,78,61.03,306.1,25.2,D,0
27.3279,83.4211,324.7,1.7,1.3,2026-04-15,400,Terra,MODIS,77,61.03,303.8,23.5,D,0
27.3289,83.4157,324.8,1.7,1.3,2026-04-15,400,Terra,MODIS,76,61.03,303.9,22.6,D,0
27.4485,76.2676,321.5,1.1,1,2026-04-15,400,Terra,MODIS,55,61.03,306.4,8.3,D,0
27.6535,82.5018,315.2,1.5,1.2,2026-04-15,400,Terra,MODIS,56,61.03,300.5,10.8,D,0
27.6823,77.5992,321,1,1,2026-04-15,400,Terra,MODIS,57,61.03,307.1,6.3,D,0
28.0225,77.4191,321.6,1,1,2026-04-15,400,Terra,MODIS,59,61.03,308.4,6.9,D,0
28.0466,80.2453,318.9,1.1,1.1,2026-04-15,400,Terra,MODIS,57,61.03,305.1,8.9,D,0
28.0571,80.6427,318.8,1.2,1.1,2026-04-15,400,Terra,MODIS,61,61.03,305.3,7.3,D,0
28.0707,77.5901,321,1,1,2026-04-15,400,Terra,MODIS,58,61.03,308.6,7.2,D,0
28.1303,77.3722,321.1,1,1,2026-04-15,400,Terra,MODIS,57,61.03,307.6,7,D,0
28.1479,80.7146,316,1.2,1.1,2026-04-15,400,Terra,MODIS,43,61.03,304.6,6.4,D,0
28.1497,80.7033,317.1,1.2,1.1,2026-04-15,400,Terra,MODIS,48,61.03,304.5,7.7,D,0
20.9615,85.1656,317,3.2,1.7,2026-04-15,401,Terra,MODIS,59,61.03,299,34.9,D,2
21.2087,79.3763,326.5,1.2,1.1,2026-04-15,401,Terra,MODIS,67,61.03,312.7,10.8,D,0
21.2422,79.2893,324,1.2,1.1,2026-04-15,401,Terra,MODIS,61,61.03,311.7,8.4,D,0
21.2661,79.2885,351,1.2,1.1,2026-04-15,401,Terra,MODIS,94,61.03,313.4,63.1,D,0
21.2702,79.324,325.1,1.2,1.1,2026-04-15,401,Terra,MODIS,47,61.03,312,7.9,D,0
21.2721,79.3127,334.3,1.2,1.1,2026-04-15,401,Terra,MODIS,81,61.03,312.2,23.4,D,0
21.2757,79.2902,336.7,1.2,1.1,2026-04-15,401,Terra,MODIS,83,61.03,313.2,27.5,D,0
21.2816,79.3144,335.1,1.2,1.1,2026-04-15,401,Terra,MODIS,81,61.03,313.6,24.4,D,0
21.3031,79.3647,331.6,1.2,1.1,2026-04-15,401,Terra,MODIS,77,61.03,312.5,18.4,D,0
21.3049,79.3534,335.1,1.2,1.1,2026-04-15,401,Terra,MODIS,81,61.03,312.5,24.7,D,0
21.3132,79.425,333.8,1.2,1.1,2026-04-15,401,Terra,MODIS,80,61.03,312.7,24.1,D,0
21.3495,79.2573,324.1,1.2,1.1,2026-04-15,401,Terra,MODIS,61,61.03,312.2,8.4,D,0
21.4647,79.1131,324.3,1.2,1.1,2026-04-15,401,Terra,MODIS,62,61.03,311.7,11.7,D,0
21.4707,77.4377,329.2,1,1,2026-04-15,401,Terra,MODIS,70,61.03,307.5,16.5,D,0
21.4721,77.4282,334,1,1,2026-04-15,401,Terra,MODIS,78,61.03,308.8,23.7,D,0
21.6001,76.6773,328.3,1,1,2026-04-15,401,Terra,MODIS,65,61.03,314,9,D,0
21.6983,78.0728,323.2,1.1,1,2026-04-15,401,Terra,MODIS,52,61.03,310.3,8.6,D,0
21.6998,78.0629,324.1,1.1,1,2026-04-15,401,Terra,MODIS,57,61.03,310.6,9.9,D,0
21.7488,83.8388,319.9,2.4,1.5,2026-04-15,401,Terra,MODIS,55,61.03,302.9,23.3,D,2
21.8613,79.2256,326.6,1.2,1.1,2026-04-15,401,Terra,MODIS,71,61.03,310.4,14,D,0
21.8646,78.2566,325.8,1.1,1,2026-04-15,401,Terra,MODIS,62,61.03,311,12.4,D,0
21.9076,77.3504,327.4,1,1,2026-04-15,401,Terra,MODIS,66,61.03,313.5,9.8,D,0
21.909,77.3409,325.8,1,1,2026-04-15,401,Terra,MODIS,53,61.03,313.7,7.4,D,0
21.9202,79.4369,322.2,1.2,1.1,2026-04-15,401,Terra,MODIS,61,61.03,309.3,6.9,D,0
22.0076,79.287,335.1,1.2,1.1,2026-04-15,401,Terra,MODIS,83,61.03,312.5,26.9,D,0
22.0156,79.5419,321.5,1.2,1.1,2026-04-15,401,Terra,MODIS,58,61.03,308.3,8.6,D,0
22.0174,79.5306,327.3,1.2,1.1,2026-04-15,401,Terra,MODIS,73,61.03,308.8,17.3,D,0
22.0182,79.221,338.4,1.2,1.1,2026-04-15,401,Terra,MODIS,86,61.03,311.9,31.8,D,0
22.0321,77.1929,332.6,1,1,2026-04-15,401,Terra,MODIS,78,61.03,314.2,17.8,D,0
22.0555,76.0052,334.4,1,1,2026-04-15,401,Terra,MODIS,79,61.03,315.7,18,D,0
22.0568,75.9957,335.1,1,1,2026-04-15,401,Terra,MODIS,80,61.03,314.2,18.9,D,0
22.0656,79.4118,330.1,1.2,1.1,2026-04-15,401,Terra,MODIS,51,61.03,310,15.5,D,0
22.0694,79.4183,327.8,1.2,1.1,2026-04-15,401,Terra,MODIS,73,61.03,309.7,15.2,D,0
22.0712,79.2531,333.6,1.2,1.1,2026-04-15,401,Terra,MODIS,81,61.03,310.5,23.4,D,0
22.0712,79.4071,326.2,1.2,1.1,2026-04-15,401,Terra,MODIS,60,61.03,310.8,11.6,D,0
22.0823,76.1352,325.9,1,1,2026-04-15,401,Terra,MODIS,61,61.03,313.7,8.3,D,0
22.0836,76.1258,333.2,1,1,2026-04-15,401,Terra,MODIS,77,61.03,313.2,17.5,D,0
22.0932,79.331,348.4,1.2,1.1,2026-04-15,401,Terra,MODIS,93,61.03,310,54.8,D,0
22.095,79.3199,344.3,1.2,1.1,2026-04-15,401,Terra,MODIS,90,61.03,311.1,44.7,D,0
22.096,79.4347,322.7,1.2,1.1,2026-04-15,401,Terra,MODIS,38,61.03,307,8.1,D,0
22.0978,79.4235,373.9,1.2,1.1,2026-04-15,401,Terra,MODIS,100,61.03,311,150.3,D,0
22.1027,79.3327,335.2,1.2,1.1,2026-04-15,401,Terra,MODIS,83,61.03,313.4,25.8,D,0
22.1045,79.3216,340.9,1.2,1.1,2026-04-15,401,Terra,MODIS,88,61.03,311.6,37.1,D,0
22.1057,77.9456,328.7,1,1,2026-04-15,401,Terra,MODIS,74,61.03,311.6,14.8,D,0
22.1073,79.4252,336.7,1.2,1.1,2026-04-15,401,Terra,MODIS,84,61.03,311,29.5,D,0
22.1091,79.414,334.1,1.2,1.1,2026-04-15,401,Terra,MODIS,82,61.03,311.4,23,D,0
22.1281,79.4175,333.9,1.2,1.1,2026-04-15,401,Terra,MODIS,81,61.03,310.1,23.9,D,0
22.1404,76.1218,328.6,1,1,2026-04-15,401,Terra,MODIS,70,61.03,312.9,11.7,D,0
22.153,79.4452,328,1.2,1.1,2026-04-15,401,Terra,MODIS,69,61.03,311.6,14.9,D,0
22.1548,79.434,331.1,1.2,1.1,2026-04-15,401,Terra,MODIS,73,61.03,312.4,19.2,D,0
22.1582,79.4411,342.5,1.2,1.1,2026-04-15,401,Terra,MODIS,89,61.03,312.7,41.6,D,0
22.1601,79.4299,334.9,1.2,1.1,2026-04-15,401,Terra,MODIS,80,61.03,311.9,24.6,D,0
22.1664,78.813,328,1.1,1.1,2026-04-15,401,Terra,MODIS,73,61.03,310.7,15.2,D,0
22.1792,79.2783,326.8,1.2,1.1,2026-04-15,401,Terra,MODIS,71,61.03,313.5,10.4,D,0
22.1962,77.837,323,1,1,2026-04-15,401,Terra,MODIS,59,61.03,309.8,8,D,0
22.2047,79.8456,319.1,1.3,1.1,2026-04-15,401,Terra,MODIS,46,61.03,307.2,8.1,D,0
22.2254,77.4576,335.8,1,1,2026-04-15,401,Terra,MODIS,82,61.03,314.5,22.4,D,0
22.2395,79.4213,326.9,1.2,1.1,2026-04-15,401,Terra,MODIS,37,61.03,312.5,10.4,D,0
22.2451,77.3245,343.4,1,1,2026-04-15,401,Terra,MODIS,89,61.03,313.6,34.5,D,0
22.2454,79.4455,331.5,1.2,1.1,2026-04-15,401,Terra,MODIS,79,61.03,311.8,20.4,D,0
22.2465,77.315,324.7,1,1,2026-04-15,401,Terra,MODIS,64,61.03,312.9,7.5,D,0
22.2472,79.4343,335.4,1.2,1.1,2026-04-15,401,Terra,MODIS,83,61.03,312.6,26.4,D,0
22.2509,75.7946,331.6,1,1,2026-04-15,401,Terra,MODIS,76,61.03,312.7,15.5,D,0
22.3133,75.7356,334.1,1,1,2026-04-15,401,Terra,MODIS,80,61.03,314.7,17.7,D,0
22.3574,79.9228,322.5,1.3,1.1,2026-04-15,401,Terra,MODIS,62,61.03,309.3,9.1,D,0
22.4076,79.7992,322.1,1.2,1.1,2026-04-15,401,Terra,MODIS,60,61.03,309.5,8.7,D,0
22.4097,79.8476,340.8,1.2,1.1,2026-04-15,401,Terra,MODIS,88,61.03,311,43.3,D,0
22.4116,79.8359,324.2,1.2,1.1,2026-04-15,401,Terra,MODIS,66,61.03,310,11.8,D,0
22.4224,79.6477,326.4,1.2,1.1,2026-04-15,401,Terra,MODIS,70,61.03,309.4,13.5,D,0
22.4242,79.6364,349.5,1.2,1.1,2026-04-15,401,Terra,MODIS,94,61.03,310.7,61.9,D,0
22.4611,79.7138,327.2,1.2,1.1,2026-04-15,401,Terra,MODIS,72,61.03,310.3,15.5,D,0
22.5638,75.7938,322.6,1,1,2026-04-15,401,Terra,MODIS,38,61.03,310.5,7,D,0
22.5641,75.4561,325.8,1,1,2026-04-15,401,Terra,MODIS,62,61.03,312.4,8,D,0
22.5747,76.5696,324.2,1,1,2026-04-15,401,Terra,MODIS,50,61.03,312.7,5.2,D,0
22.6401,77.0271,327.4,1,1,2026-04-15,401,Terra,MODIS,69,61.03,313.3,8.9,D,0
22.6703,76.2917,325.2,1,1,2026-04-15,401,Terra,MODIS,60,61.03,313.9,7.6,D,0
22.6737,78.2896,323.8,1.1,1,2026-04-15,401,Terra,MODIS,59,61.03,311,8.2,D,0
22.7038,75.9852,323.5,1,1,2026-04-15,401,Terra,MODIS,49,61.03,310,7,D,0
22.7321,77.0293,326.4,1,1,2026-04-15,401,Terra,MODIS,64,61.03,312.8,7.9,D,0
22.7326,77.0875,322.8,1,1,2026-04-15,401,Terra,MODIS,49,61.03,311.7,6.4,D,0
22.7335,77.0199,326.6,1,1,2026-04-15,401,Terra,MODIS,66,61.03,314.9,7.6,D,0
22.7436,78.1356,322.6,1,1,2026-04-15,401,Terra,MODIS,53,61.03,310.1,7.2,D,0
22.775,75.7302,328.1,1,1,2026-04-15,401,Terra,MODIS,66,61.03,310.7,12.3,D,0
22.8136,75.4462,337.7,1,1,2026-04-15,401,Terra,MODIS,83,61.03,312.1,26.5,D,0
22.815,75.4363,324.7,1,1,2026-04-15,401,Terra,MODIS,57,61.03,311.5,8.3,D,0
22.8435,76.69,326.1,1,1,2026-04-15,401,Terra,MODIS,64,61.03,314.1,8,D,0
22.9025,77.4975,322.6,1,1,2026-04-15,401,Terra,MODIS,36,61.03,310.4,5.9,D,0
22.9278,77.9524,326.4,1,1,2026-04-15,401,Terra,MODIS,67,61.03,312.4,9.8,D,0
22.9588,77.3764,324.1,1,1,2026-04-15,401,Terra,MODIS,59,61.03,312.7,7.1,D,0
22.9981,76.3299,330,1,1,2026-04-15,401,Terra,MODIS,72,61.03,310.2,15.3,D,0
23.0117,75.2753,326.8,1.1,1,2026-04-15,401,Terra,MODIS,66,61.03,311.4,11.4,D,0
23.0175,76.255,322.9,1,1,2026-04-15,401,Terra,MODIS,45,61.03,310.8,6.2,D,0
23.0337,76.588,324,1,1,2026-04-15,401,Terra,MODIS,56,61.03,312.1,6.1,D,0
23.035,76.5785,325.5,1,1,2026-04-15,401,Terra,MODIS,62,61.03,313.5,7.7,D,0
23.0489,75.4805,324.7,1,1,2026-04-15,401,Terra,MODIS,58,61.03,311.5,8.1,D,0
23.0572,76.1636,325.1,1,1,2026-04-15,401,Terra,MODIS,59,61.03,311.5,7.5,D,0
23.075,75.6255,328.8,1,1,2026-04-15,401,Terra,MODIS,70,61.03,309,14.2,D,0
23.0764,75.6156,333.2,1,1,2026-04-15,401,Terra,MODIS,77,61.03,309.7,20.1,D,0
23.0926,78.3942,335.5,1.1,1,2026-04-15,401,Terra,MODIS,82,61.03,311.7,23.9,D,0
23.094,76.497,328.4,1,1,2026-04-15,401,Terra,MODIS,69,61.03,313.4,10.7,D,0
23.1022,75.3564,322.6,1.1,1,2026-04-15,401,Terra,MODIS,46,61.03,310.2,7.4,D,0
23.1036,75.5559,324.2,1,1,2026-04-15,401,Terra,MODIS,56,61.03,310.3,7.8,D,0
23.1049,75.546,322.3,1,1,2026-04-15,401,Terra,MODIS,36,61.03,309.8,6.2,D,0
23.1204,75.7689,328.3,1,1,2026-04-15,401,Terra,MODIS,69,61.03,310.6,13,D,0
23.1234,75.6795,328.5,1,1,2026-04-15,401,Terra,MODIS,69,61.03,311.5,12.8,D,0
23.1247,75.6697,323.7,1,1,2026-04-15,401,Terra,MODIS,51,61.03,310.3,7,D,0
23.1605,77.1987,330.8,1,1,2026-04-15,401,Terra,MODIS,75,61.03,311.2,15.3,D,0
23.167,82.3434,318,1.8,1.3,2026-04-15,401,Terra,MODIS,40,61.03,305.5,12.9,D,2
23.1844,76.3818,325.9,1,1,2026-04-15,401,Terra,MODIS,63,61.03,312,8.8,D,0
23.1911,77.6203,341.6,1,1,2026-04-15,401,Terra,MODIS,88,61.03,312.5,32,D,0
23.2014,76.4527,324,1,1,2026-04-15,401,Terra,MODIS,55,61.03,311.2,7.4,D,0
23.2148,76.1619,325.4,1,1,2026-04-15,401,Terra,MODIS,61,61.03,312.2,7.8,D,0
23.2156,75.6796,330,1,1,2026-04-15,401,Terra,MODIS,72,61.03,310.5,13.9,D,0
23.2169,75.6698,324.7,1,1,2026-04-15,401,Terra,MODIS,58,61.03,310,8,D,0
23.253,77.7648,342.3,1,1,2026-04-15,401,Terra,MODIS,88,61.03,311.8,33.8,D,0
23.2531,78.7357,328.7,1.1,1,2026-04-15,401,Terra,MODIS,73,61.03,312.9,13.4,D,0
23.2545,77.7551,324.6,1,1,2026-04-15,401,Terra,MODIS,50,61.03,310.6,8.1,D,0
23.3006,75.7994,324,1,1,2026-04-15,401,Terra,MODIS,55,61.03,310.6,7.3,D,0
23.3014,77.7434,328.5,1,1,2026-04-15,401,Terra,MODIS,71,61.03,310.2,12,D,0
23.3029,77.7338,330.4,1,1,2026-04-15,401,Terra,MODIS,75,61.03,312,14.3,D,0
23.3066,75.6197,322.3,1,1,2026-04-15,401,Terra,MODIS,40,61.03,309.2,5.8,D,0
23.309,75.8705,326.8,1,1,2026-04-15,401,Terra,MODIS,65,61.03,312.2,9.5,D,0
23.3094,75.9994,328.3,1,1,2026-04-15,401,Terra,MODIS,69,61.03,310.4,12.9,D,0
23.3456,77.9457,325.7,1,1,2026-04-15,401,Terra,MODIS,65,61.03,311.6,9.9,D,0
23.3654,77.6918,331.8,1,1,2026-04-15,401,Terra,MODIS,76,61.03,313,16.5,D,0
23.3768,78.0409,375,1,1,2026-04-15,401,Terra,MODIS,100,61.03,313.4,124.2,D,0
23.3783,78.0312,384.1,1,1,2026-04-15,401,Terra,MODIS,100,61.03,316.1,163.2,D,0
23.3797,78.0214,328.5,1,1,2026-04-15,401,Terra,MODIS,72,61.03,311.1,12.7,D,0
23.3925,77.8743,323.1,1,1,2026-04-15,401,Terra,MODIS,54,61.03,310.3,6.7,D,0
23.3994,75.9502,325,1,1,2026-04-15,401,Terra,MODIS,56,61.03,309.4,9,D,0
23.401,77.3096,326.4,1,1,2026-04-15,401,Terra,MODIS,65,61.03,311.8,9.5,D,0
23.4165,76.363,328.4,1,1,2026-04-15,401,Terra,MODIS,70,61.03,311.8,11.6,D,0
23.4178,76.3534,339.9,1,1,2026-04-15,401,Terra,MODIS,86,61.03,312,28.1,D,0
23.4199,76.6134,343.8,1,1,2026-04-15,401,Terra,MODIS,89,61.03,312,34.6,D,0
23.4416,77.109,324.9,1,1,2026-04-15,401,Terra,MODIS,60,61.03,311.6,7.2,D,0
23.4605,78.2893,322.3,1,1,2026-04-15,401,Terra,MODIS,48,61.03,310,6.4,D,0
23.4624,75.6966,325.7,1,1,2026-04-15,401,Terra,MODIS,63,61.03,312.1,8.7,D,0
23.4679,77.1133,324.4,1,1,2026-04-15,401,Terra,MODIS,58,61.03,311.6,7.1,D,0
23.4694,78.2908,333.7,1,1,2026-04-15,401,Terra,MODIS,80,61.03,310.6,21.1,D,0
23.475,78.0639,322.8,1,1,2026-04-15,401,Terra,MODIS,39,61.03,308.1,7.6,D,0
23.4787,76.3202,324.8,1,1,2026-04-15,401,Terra,MODIS,59,61.03,310.9,6.5,D,0
23.4939,79.096,324.8,1.1,1.1,2026-04-15,401,Terra,MODIS,64,61.03,312.2,8.7,D,0
23.5052,76.6628,323.8,1,1,2026-04-15,401,Terra,MODIS,54,61.03,310.5,7,D,0
23.5065,76.6533,325.1,1,1,2026-04-15,401,Terra,MODIS,60,61.03,310.9,8.4,D,0
23.5123,77.3212,336.3,1,1,2026-04-15,401,Terra,MODIS,82,61.03,312.7,21.5,D,0
23.5137,77.3117,332.8,1,1,2026-04-15,401,Terra,MODIS,78,61.03,312,16.6,D,0
23.5211,77.3227,328.7,1,1,2026-04-15,401,Terra,MODIS,71,61.03,311.4,12.1,D,0
23.5534,76.4463,323.1,1,1,2026-04-15,401,Terra,MODIS,34,61.03,309.6,7.5,D,0
23.5548,76.4367,331.1,1,1,2026-04-15,401,Terra,MODIS,75,61.03,311.6,16,D,0
23.5643,76.9604,325.2,1,1,2026-04-15,401,Terra,MODIS,61,61.03,312,7.6,D,0
23.5735,79.4646,321.8,1.2,1.1,2026-04-15,401,Terra,MODIS,47,61.03,310.2,7,D,0
23.6015,77.9684,332.7,1,1,2026-04-15,401,Terra,MODIS,78,61.03,311.4,17.9,D,0
23.6055,78.9721,325.3,1.1,1,2026-04-15,401,Terra,MODIS,65,61.03,310.8,10,D,0
23.6071,78.9617,323.1,1.1,1,2026-04-15,401,Terra,MODIS,58,61.03,312,7,D,0
23.6075,77.3632,324.4,1,1,2026-04-15,401,Terra,MODIS,50,61.03,311.5,8.2,D,0
23.6189,75.6255,324.1,1,1,2026-04-15,401,Terra,MODIS,53,61.03,310.8,6.3,D,0
23.631,77.9536,332.2,1,1,2026-04-15,401,Terra,MODIS,77,61.03,312.2,16,D,0
23.6385,74.9845,323.3,1.1,1,2026-04-15,401,Terra,MODIS,54,61.03,310.5,8.2,D,0
23.6388,78.7556,321.3,1.1,1,2026-04-15,401,Terra,MODIS,36,61.03,310,5,D,0
23.6615,76.3324,331.8,1,1,2026-04-15,401,Terra,MODIS,76,61.03,312.4,15.2,D,0
23.6766,76.1574,326.9,1,1,2026-04-15,401,Terra,MODIS,65,61.03,310.9,10.3,D,2
23.6834,79.0673,323.1,1.1,1,2026-04-15,401,Terra,MODIS,56,61.03,310.7,8.3,D,0
23.6922,77.9805,324.1,1,1,2026-04-15,401,Terra,MODIS,58,61.03,311.8,7,D,0
23.6936,77.9708,324.5,1,1,2026-04-15,401,Terra,MODIS,60,61.03,311.7,7.4,D,0
23.6967,78.0712,323,1,1,2026-04-15,401,Terra,MODIS,52,61.03,310.6,6.7,D,0
23.7006,75.8364,325.5,1,1,2026-04-15,401,Terra,MODIS,61,61.03,311,8.2,D,0
23.7074,75.8636,323.7,1,1,2026-04-15,401,Terra,MODIS,48,61.03,309.5,6.4,D,0
23.7087,75.8538,341.4,1,1,2026-04-15,401,Terra,MODIS,87,61.03,310.9,31.9,D,0
23.7097,77.1719,330.2,1,1,2026-04-15,401,Terra,MODIS,74,61.03,310.2,15.4,D,0
23.7176,78.2962,325.1,1,1,2026-04-15,401,Terra,MODIS,62,61.03,311.6,9.3,D,0
23.7197,76.8951,330.7,1,1,2026-04-15,401,Terra,MODIS,74,61.03,311.8,14.2,D,0
23.7198,77.8562,323,1,1,2026-04-15,401,Terra,MODIS,51,61.03,308.3,8,D,0
23.7237,77.4473,342.2,1,1,2026-04-15,401,Terra,MODIS,88,61.03,309.6,34.4,D,0
23.725,77.4377,336.3,1,1,2026-04-15,401,Terra,MODIS,82,61.03,311.9,24.4,D,0
23.7312,78.2743,344.4,1,1,2026-04-15,401,Terra,MODIS,90,61.03,311,38.7,D,0
23.7327,78.2644,347.6,1,1,2026-04-15,401,Terra,MODIS,92,61.03,313.1,45.1,D,0
23.752,75.5975,330.3,1,1,2026-04-15,401,Terra,MODIS,73,61.03,311.2,14.5,D,0
23.7655,76.2471,325,1,1,2026-04-15,401,Terra,MODIS,59,61.03,311.7,8.1,D,0
23.7827,77.038,325.6,1,1,2026-04-15,401,Terra,MODIS,64,61.03,311.9,8.4,D,0
23.8032,77.8568,334.2,1,1,2026-04-15,401,Terra,MODIS,80,61.03,308.8,19.9,D,0
23.8046,77.8471,337.6,1,1,2026-04-15,401,Terra,MODIS,84,61.03,311.2,25.4,D,0
23.805,77.9662,324.3,1,1,2026-04-15,401,Terra,MODIS,59,61.03,311.7,6.7,D,0
23.8061,77.8375,324.1,1,1,2026-04-15,401,Terra,MODIS,43,61.03,310.8,7.5,D,0
23.8063,77.0614,328,1,1,2026-04-15,401,Terra,MODIS,66,61.03,310.8,11.3,D,0
23.8065,78.0163,325.8,1,1,2026-04-15,401,Terra,MODIS,64,61.03,310.4,9.3,D,0
23.8603,77.2033,326.4,1,1,2026-04-15,401,Terra,MODIS,66,61.03,310.6,10.8,D,0
23.8682,79.2392,337,1.1,1.1,2026-04-15,401,Terra,MODIS,84,61.03,311.2,28.8,D,0
23.9307,75.911,324.9,1,1,2026-04-15,401,Terra,MODIS,59,61.03,311.7,6.7,D,0
23.9362,77.8267,327.4,1,1,2026-04-15,401,Terra,MODIS,68,61.03,310.7,11.2,D,0
23.9372,78.6193,324.7,1.1,1,2026-04-15,401,Terra,MODIS,62,61.03,312.2,8.2,D,0
23.9376,77.8171,324.4,1,1,2026-04-15,401,Terra,MODIS,59,61.03,311.4,8,D,0
23.9387,78.6093,325.8,1.1,1,2026-04-15,401,Terra,MODIS,65,61.03,312.3,9.5,D,0
23.9462,79.3913,322.9,1.1,1.1,2026-04-15,401,Terra,MODIS,52,61.03,310.7,7,D,0
23.9687,77.9871,323.9,1,1,2026-04-15,401,Terra,MODIS,56,61.03,310.4,8.3,D,0
23.9817,77.9,323.3,1,1,2026-04-15,401,Terra,MODIS,52,61.03,310.9,6.4,D,0
23.9823,79.1035,327,1.1,1,2026-04-15,401,Terra,MODIS,69,61.03,313.4,12.8,D,0
23.9831,77.8903,326.9,1,1,2026-04-15,401,Terra,MODIS,67,61.03,310.8,10.7,D,0
24.0024,77.6212,325.6,1,1,2026-04-15,401,Terra,MODIS,59,61.03,310,9.7,D,0
24.0038,77.6116,326.9,1,1,2026-04-15,401,Terra,MODIS,67,61.03,310.8,11.5,D,0
24.0069,77.9738,328.1,1,1,2026-04-15,401,Terra,MODIS,70,61.03,311,12.6,D,0
24.0136,78.3022,324.9,1,1,2026-04-15,401,Terra,MODIS,61,61.03,311.9,8.7,D,0
24.0142,77.6194,326.4,1,1,2026-04-15,401,Terra,MODIS,57,61.03,310,9.5,D,0
24.0149,75.5581,328,1.1,1,2026-04-15,401,Terra,MODIS,69,61.03,310.9,12.5,D,0
24.0178,79.7031,322.9,1.2,1.1,2026-04-15,401,Terra,MODIS,57,61.03,310.7,8.9,D,0
24.0361,79.3482,324.6,1.1,1.1,2026-04-15,401,Terra,MODIS,62,61.03,307.1,11.7,D,0
24.115,77.4208,335.7,1,1,2026-04-15,401,Terra,MODIS,81,61.03,309.5,22,D,0
24.1164,77.4112,330.9,1,1,2026-04-15,401,Terra,MODIS,75,61.03,310.4,15.3,D,0
24.1238,77.4223,325.6,1,1,2026-04-15,401,Terra,MODIS,63,61.03,309.9,9.4,D,0
24.1724,77.4761,327.9,1,1,2026-04-15,401,Terra,MODIS,69,61.03,309.7,12,D,0
24.1798,77.4871,326.9,1,1,2026-04-15,401,Terra,MODIS,66,61.03,309.9,10.7,D,0
24.1812,77.4776,333.4,1,1,2026-04-15,401,Terra,MODIS,78,61.03,311.3,18.8,D,0
24.2208,77.4706,340.4,1,1,2026-04-15,401,Terra,MODIS,86,61.03,309.6,29.2,D,0
24.2222,77.4611,356,1,1,2026-04-15,401,Terra,MODIS,97,61.03,312.6,61,D,0
24.2309,77.4626,334.3,1,1,2026-04-15,401,Terra,MODIS,79,61.03,311.8,19.7,D,0
24.2974,78.503,323.4,1,1,2026-04-15,401,Terra,MODIS,55,61.03,311.4,6.8,D,0
24.324,75.0985,324,1.1,1,2026-04-15,401,Terra,MODIS,53,61.03,310.9,8.3,D,0
24.3254,75.088,327.4,1.1,1,2026-04-15,401,Terra,MODIS,68,61.03,311.6,12.8,D,0
24.3311,77.5939,323.1,1,1,2026-04-15,401,Terra,MODIS,50,61.03,311,6.7,D,0
24.4413,78.8933,327.4,1.1,1,2026-04-15,401,Terra,MODIS,69,61.03,311.4,12.9,D,0
24.4415,79.0688,326.2,1.1,1,2026-04-15,401,Terra,MODIS,67,61.03,310.7,10,D,0
24.4451,80.3156,325.1,1.2,1.1,2026-04-15,401,Terra,MODIS,66,61.03,312,11.5,D,0
24.5202,80.2817,323.9,1.2,1.1,2026-04-15,401,Terra,MODIS,62,61.03,311.4,9.2,D,0
24.5476,77.437,325.7,1,1,2026-04-15,401,Terra,MODIS,64,61.03,309.7,10.1,D,0
24.549,77.4275,331.6,1,1,2026-04-15,401,Terra,MODIS,76,61.03,311.3,17.3,D,0
24.5613,78.713,321.9,1.1,1,2026-04-15,401,Terra,MODIS,49,61.03,310.5,7.3,D,0
24.5629,78.703,336.1,1.1,1,2026-04-15,401,Terra,MODIS,82,61.03,311.1,26.3,D,0
24.6345,76.2924,327.8,1,1,2026-04-15,401,Terra,MODIS,69,61.03,311.3,10.5,D,0
24.6358,76.2826,328.4,1,1,2026-04-15,401,Terra,MODIS,70,61.03,312.7,11.4,D,0
24.6878,77.1039,330.2,1,1,2026-04-15,401,Terra,MODIS,74,61.03,310.9,14.8,D,0
24.708,77.0876,324.4,1,1,2026-04-15,401,Terra,MODIS,55,61.03,309,8.1,D,0
24.7286,76.3438,327.4,1,1,2026-04-15,401,Terra,MODIS,68,61.03,311.7,9.7,D,0
24.7889,76.3795,339.1,1,1,2026-04-15,401,Terra,MODIS,85,61.03,312,26.8,D,0
24.7946,76.5993,328.6,1,1,2026-04-15,401,Terra,MODIS,71,61.03,311.1,12.2,D,0
24.8283,76.6311,330.5,1,1,2026-04-15,401,Terra,MODIS,74,61.03,311.8,13.3,D,0
24.8297,76.6214,326.2,1,1,2026-04-15,401,Terra,MODIS,66,61.03,311.2,8.2,D,0
24.8516,77.124,339.2,1,1,2026-04-15,401,Terra,MODIS,85,61.03,310.9,27.6,D,0
24.853,77.1144,332.4,1,1,2026-04-15,401,Terra,MODIS,78,61.03,311.1,17.3,D,0
24.8565,78.3552,326.5,1,1,2026-04-15,401,Terra,MODIS,68,61.03,309.1,11.7,D,0
24.858,78.3453,322.4,1,1,2026-04-15,401,Terra,MODIS,54,61.03,308.9,7,D,0
25.0829,76.5157,323.5,1,1,2026-04-15,401,Terra,MODIS,58,61.03,308.7,7.3,D,2
25.0896,76.134,335.3,1,1,2026-04-15,401,Terra,MODIS,82,61.03,310.6,22.5,D,0
18.5048,79.044,320.5,1.3,1.1,2026-04-15,402,Terra,MODIS,48,61.03,307.9,10.2,D,0
18.5259,75.8899,324.8,1,1,2026-04-15,402,Terra,MODIS,61,61.03,311.9,8.1,D,2
18.5353,76.6023,322.2,1,1,2026-04-15,402,Terra,MODIS,41,61.03,310.5,5.4,D,0
18.7946,82.1786,314.3,2.1,1.4,2026-04-15,402,Terra,MODIS,45,61.03,300.9,15.8,D,0
18.8066,77.8645,337.6,1.1,1,2026-04-15,402,Terra,MODIS,85,61.03,311.5,27.9,D,0
18.9277,78.2136,318.7,1.1,1.1,2026-04-15,402,Terra,MODIS,41,61.03,306.1,8.1,D,0
18.9406,74.6485,323.6,1,1,2026-04-15,402,Terra,MODIS,56,61.03,312.4,5.2,D,0
19.2557,81.047,317.1,1.7,1.3,2026-04-15,402,Terra,MODIS,44,61.03,301.5,13.6,D,0
19.2669,81.0491,318.4,1.7,1.3,2026-04-15,402,Terra,MODIS,47,61.03,302.5,14.8,D,0
19.2701,81.0978,323.9,1.7,1.3,2026-04-15,402,Terra,MODIS,72,61.03,304,26.6,D,0
19.6677,78.1066,326.3,1.1,1,2026-04-15,402,Terra,MODIS,56,61.03,312.4,10.8,D,0
19.669,78.5746,325.2,1.2,1.1,2026-04-15,402,Terra,MODIS,61,61.03,311.2,9.8,D,0
19.689,75.9623,328.2,1,1,2026-04-15,402,Terra,MODIS,69,61.03,311.9,11.7,D,0
19.9148,76.3192,324.8,1,1,2026-04-15,402,Terra,MODIS,53,61.03,313.9,7,D,0
19.9275,74.5034,321.3,1.1,1,2026-04-15,402,Terra,MODIS,43,61.03,309,8,D,0
20.1376,78.1715,329,1.1,1,2026-04-15,402,Terra,MODIS,69,61.03,313,13.4,D,0
20.1392,78.1613,328,1.1,1,2026-04-15,402,Terra,MODIS,67,61.03,312.4,12.6,D,0
20.158,76.2433,339.3,1,1,2026-04-15,402,Terra,MODIS,84,61.03,314.4,26.3,D,2
20.1932,75.2693,328.6,1,1,2026-04-15,402,Terra,MODIS,69,61.03,314.8,12,D,0
20.2018,77.6945,328.8,1.1,1,2026-04-15,402,Terra,MODIS,67,61.03,315.6,10.8,D,0
20.2057,73.7308,320.9,1.2,1.1,2026-04-15,402,Terra,MODIS,30,61.03,310.3,6.8,D,0
20.2168,77.1058,328.8,1,1,2026-04-15,402,Terra,MODIS,67,61.03,315.8,10.1,D,0
20.2352,77.4709,327,1,1,2026-04-15,402,Terra,MODIS,61,61.03,313.6,8.9,D,0
20.2512,77.1794,326.5,1,1,2026-04-15,402,Terra,MODIS,51,61.03,314.1,8,D,0
20.261,77.6705,326.8,1.1,1,2026-04-15,402,Terra,MODIS,61,61.03,313.9,7.3,D,0
20.2821,76.146,331.9,1,1,2026-04-15,402,Terra,MODIS,74,61.03,315.6,12.9,D,0
20.2856,77.0687,330.4,1,1,2026-04-15,402,Terra,MODIS,70,61.03,315.1,12.3,D,0
20.2909,76.1473,329,1,1,2026-04-15,402,Terra,MODIS,68,61.03,317.2,8.8,D,0
20.3352,77.2971,329.2,1,1,2026-04-15,402,Terra,MODIS,68,61.03,315.3,10.6,D,0
20.3958,76.1223,325.9,1,1,2026-04-15,402,Terra,MODIS,58,61.03,314.9,7.4,D,0
20.3971,76.113,328.9,1,1,2026-04-15,402,Terra,MODIS,68,61.03,314.3,10.7,D,0
20.5281,78.632,326.6,1.1,1.1,2026-04-15,402,Terra,MODIS,60,61.03,314.6,8,D,0
20.5725,76.9415,328.1,1,1,2026-04-15,402,Terra,MODIS,55,61.03,314.7,9.3,D,0
20.5738,76.9321,336.1,1,1,2026-04-15,402,Terra,MODIS,80,61.03,317.3,20,D,0
20.6008,78.9387,328.4,1.2,1.1,2026-04-15,402,Terra,MODIS,68,61.03,314.8,11.9,D,0
20.6454,78.1224,327.4,1.1,1,2026-04-15,402,Terra,MODIS,60,61.03,314.8,8.8,D,0
20.6957,75.9594,324.3,1,1,2026-04-15,402,Terra,MODIS,40,61.03,312.9,7,D,0
20.7631,77.2231,328.3,1,1,2026-04-15,402,Terra,MODIS,61,61.03,316.9,6.9,D,0
20.8489,79.3103,322.4,1.2,1.1,2026-04-15,402,Terra,MODIS,33,61.03,310.5,6.7,D,2
20.8607,76.3505,327.5,1,1,2026-04-15,402,Terra,MODIS,52,61.03,316,9.3,D,0
20.9653,76.9053,329.9,1,1,2026-04-15,402,Terra,MODIS,68,61.03,317.5,9.1,D,0
21.6901,70.504,324.7,2,1.4,2026-04-15,402,Terra,MODIS,63,61.03,309.9,18.1,D,0
21.692,70.4854,324.5,2,1.4,2026-04-15,402,Terra,MODIS,62,61.03,309.9,18.2,D,0
21.6973,70.4979,327.7,2,1.4,2026-04-15,402,Terra,MODIS,71,61.03,310.2,27.7,D,0
21.7282,70.4896,325.6,2,1.4,2026-04-15,402,Terra,MODIS,65,61.03,309.7,23.3,D,0
13.9042,79.1454,317.5,1.5,1.2,2026-04-15,403,Terra,MODIS,39,61.03,302.7,13.6,D,0
13.9126,79.456,317.5,1.6,1.2,2026-04-15,403,Terra,MODIS,41,61.03,303.9,15.5,D,0
13.9321,79.1073,319.5,1.5,1.2,2026-04-15,403,Terra,MODIS,49,61.03,302.2,15.3,D,0
13.9405,79.1236,330.5,1.5,1.2,2026-04-15,403,Terra,MODIS,79,61.03,304.2,35.8,D,0
13.9446,79.1665,318.8,1.5,1.2,2026-04-15,403,Terra,MODIS,41,61.03,303,13.2,D,0
13.9467,79.1531,317.4,1.5,1.2,2026-04-15,403,Terra,MODIS,17,61.03,303.3,10.6,D,0
13.9552,79.1691,319.1,1.5,1.2,2026-04-15,403,Terra,MODIS,42,61.03,303.3,13,D,0
13.9875,79.0682,322.4,1.5,1.2,2026-04-15,403,Terra,MODIS,56,61.03,303.8,18.3,D,0
14.3514,78.9314,322.1,1.5,1.2,2026-04-15,403,Terra,MODIS,60,61.03,304.9,15.7,D,0
14.4109,78.6741,321.9,1.4,1.2,2026-04-15,403,Terra,MODIS,55,61.03,306.3,10.3,D,0
14.5149,78.9989,322.4,1.5,1.2,2026-04-15,403,Terra,MODIS,55,61.03,304.6,18,D,0
14.5161,76.1541,318.2,1,1,2026-04-15,403,Terra,MODIS,54,61.03,302.2,6.4,D,0
14.5255,78.9997,319.4,1.5,1.2,2026-04-15,403,Terra,MODIS,15,61.03,304.5,12.3,D,0
14.5509,77.2688,325.3,1.1,1.1,2026-04-15,403,Terra,MODIS,70,61.03,303.9,14.2,D,0
14.93,75.4171,319.8,1,1,2026-04-15,403,Terra,MODIS,66,61.03,303.3,6.1,D,0
14.9496,78.457,321.8,1.3,1.1,2026-04-15,403,Terra,MODIS,44,61.03,302.9,7.5,D,0
15.2111,78.4939,321.9,1.3,1.1,2026-04-15,403,Terra,MODIS,63,61.03,304.1,13.1,D,0
15.6022,78.8104,320.7,1.4,1.2,2026-04-15,403,Terra,MODIS,48,61.03,303.5,12.5,D,0
15.6123,78.8122,320.7,1.4,1.2,2026-04-15,403,Terra,MODIS,60,61.03,302.2,12.7,D,0
15.7244,78.0468,325.5,1.2,1.1,2026-04-15,403,Terra,MODIS,71,61.03,306,12,D,0
16.1534,78.5767,316.6,1.3,1.1,2026-04-15,403,Terra,MODIS,40,61.03,301.4,9.4,D,0
16.3292,78.9578,321.4,1.4,1.2,2026-04-15,403,Terra,MODIS,65,61.03,306.7,10.2,D,0
17.1406,78.7044,327.4,1.3,1.1,2026-04-15,403,Terra,MODIS,74,61.03,306.3,20.8,D,0
17.1969,77.3898,326.4,1.1,1,2026-04-15,403,Terra,MODIS,40,61.03,307.6,13.2,D,0
17.1984,77.3799,332.9,1.1,1,2026-04-15,403,Terra,MODIS,76,61.03,307.6,22.2,D,0
17.2617,78.7791,319.7,1.3,1.1,2026-04-15,403,Terra,MODIS,45,61.03,305.4,7.1,D,0
17.364,76.1991,326.7,1,1,2026-04-15,403,Terra,MODIS,65,61.03,310.6,7.9,D,0
10.2758,77.3418,313.3,1.3,1.1,2026-04-15,404,Terra,MODIS,40,61.03,294.6,12.2,D,0
10.2772,77.3374,320,1.3,1.1,2026-04-15,404,Terra,MODIS,66,61.03,296.4,20.5,D,0
10.2873,77.3381,315,1.3,1.1,2026-04-15,404,Terra,MODIS,30,61.03,296.2,13.6,D,0
11.4161,76.6113,339.3,1.2,1.1,2026-04-15,404,Terra,MODIS,89,61.03,296.9,48.5,D,0
11.4176,76.6013,345.7,1.2,1.1,2026-04-15,404,Terra,MODIS,93,61.03,298.2,62.5,D,0
11.4613,76.6288,312.3,1.2,1.1,2026-04-15,404,Terra,MODIS,45,61.03,298.1,8.7,D,0
11.4628,76.6186,316.4,1.2,1.1,2026-04-15,404,Terra,MODIS,64,61.03,298.1,13,D,0
11.4939,76.6028,311.9,1.2,1.1,2026-04-15,404,Terra,MODIS,23,61.03,299.2,7.2,D,0
11.4954,76.5927,318.5,1.2,1.1,2026-04-15,404,Terra,MODIS,68,61.03,299.3,14.7,D,0
11.4959,76.6306,317.7,1.2,1.1,2026-04-15,404,Terra,MODIS,67,61.03,299.1,13,D,0
11.4975,76.6201,319.3,1.2,1.1,2026-04-15,404,Terra,MODIS,70,61.03,299.1,14.5,D,0
12.4962,76.6944,316.4,1.1,1.1,2026-04-15,404,Terra,MODIS,62,61.03,299.3,9.7,D,0
12.4977,76.6843,316.9,1.1,1.1,2026-04-15,404,Terra,MODIS,63,61.03,299.1,9.7,D,0
13.0942,77.9734,318.8,1.3,1.1,2026-04-15,404,Terra,MODIS,63,61.03,303.6,9.4,D,0
16.0855,95.566,324.9,1.2,1.1,2026-04-15,837,Aqua,MODIS,71,61.03,305.3,12.6,D,0
16.0872,95.5766,322.4,1.2,1.1,2026-04-15,837,Aqua,MODIS,66,61.03,304.8,9.2,D,0
16.1331,95.6228,327.1,1.2,1.1,2026-04-15,837,Aqua,MODIS,75,61.03,305.1,16.1,D,0
16.1348,95.6333,327.2,1.2,1.1,2026-04-15,837,Aqua,MODIS,75,61.03,304.8,16.3,D,0
16.2698,95.6193,318.4,1.2,1.1,2026-04-15,837,Aqua,MODIS,42,61.03,302.5,7.3,D,0
16.2774,95.6072,340.6,1.2,1.1,2026-04-15,837,Aqua,MODIS,88,61.03,302.6,43.1,D,0
16.2791,95.6177,335.2,1.2,1.1,2026-04-15,837,Aqua,MODIS,84,61.03,303.3,32.1,D,0
16.2821,95.3325,320.8,1.2,1.1,2026-04-15,837,Aqua,MODIS,59,61.03,306.3,9,D,0
16.2868,95.6056,327.3,1.2,1.1,2026-04-15,837,Aqua,MODIS,70,61.03,300,20.7,D,0
16.339,95.4704,320.3,1.2,1.1,2026-04-15,837,Aqua,MODIS,48,61.03,300.1,9.8,D,0
16.3679,95.878,321.6,1.1,1.1,2026-04-15,837,Aqua,MODIS,64,61.03,303.3,9.8,D,0
16.3694,95.8881,324.2,1.1,1.1,2026-04-15,837,Aqua,MODIS,70,61.03,303.6,13,D,0
16.4379,95.2707,320.3,1.2,1.1,2026-04-15,837,Aqua,MODIS,0,61.03,300.7,13,D,0
16.4394,95.6796,318.2,1.1,1.1,2026-04-15,837,Aqua,MODIS,51,61.03,302.8,6.7,D,0
16.4778,95.5818,317.3,1.2,1.1,2026-04-15,837,Aqua,MODIS,21,61.03,301.4,8.5,D,0
16.5139,95.8093,321.3,1.1,1.1,2026-04-15,837,Aqua,MODIS,59,61.03,302.5,11.8,D,0
16.5283,95.6587,318,1.1,1.1,2026-04-15,837,Aqua,MODIS,23,61.03,299.9,6.3,D,0
16.6004,95.586,333.3,1.2,1.1,2026-04-15,837,Aqua,MODIS,82,61.03,306,26.6,D,0
16.6606,95.5054,334.3,1.2,1.1,2026-04-15,837,Aqua,MODIS,82,61.03,305.7,26.4,D,0
16.6622,95.5159,323.8,1.2,1.1,2026-04-15,837,Aqua,MODIS,67,61.03,305.6,10.1,D,0
16.6846,95.3747,332.6,1.2,1.1,2026-04-15,837,Aqua,MODIS,78,61.03,306.8,24.9,D,0
16.6863,95.3854,329,1.2,1.1,2026-04-15,837,Aqua,MODIS,53,61.03,305.4,17.8,D,0
16.8507,95.2562,324,1.2,1.1,2026-04-15,837,Aqua,MODIS,37,61.03,305.5,12.8,D,0
16.8601,95.2546,333.3,1.2,1.1,2026-04-15,837,Aqua,MODIS,81,61.03,302.9,27,D,0
16.8619,95.2653,323.7,1.2,1.1,2026-04-15,837,Aqua,MODIS,53,61.03,301.9,10.9,D,0
16.9775,95.9879,322.4,1.1,1,2026-04-15,837,Aqua,MODIS,38,61.03,307.4,9.3,D,0
17.0041,95.0602,321.6,1.2,1.1,2026-04-15,837,Aqua,MODIS,58,61.03,306.4,7.2,D,0
17.0059,95.0712,353,1.2,1.1,2026-04-15,837,Aqua,MODIS,96,61.03,307.8,73.5,D,0
17.1073,95.5787,324.4,1.1,1.1,2026-04-15,837,Aqua,MODIS,63,61.03,308.3,10.5,D,0
17.1083,95.8158,322.4,1.1,1.1,2026-04-15,837,Aqua,MODIS,0,61.03,307,10.1,D,0
17.1438,95.3517,324.4,1.2,1.1,2026-04-15,837,Aqua,MODIS,67,61.03,307.4,8.8,D,0
17.1455,95.3623,325.8,1.2,1.1,2026-04-15,837,Aqua,MODIS,70,61.03,307.6,11.7,D,0
17.211,95.0113,320.9,1.2,1.1,2026-04-15,837,Aqua,MODIS,57,61.03,306.3,8.3,D,0
17.2205,95.0096,328.1,1.2,1.1,2026-04-15,837,Aqua,MODIS,74,61.03,307.2,18.4,D,0
17.2221,95.7215,328.5,1.1,1.1,2026-04-15,837,Aqua,MODIS,75,61.03,307.2,15.8,D,0
17.2223,95.0206,328.9,1.2,1.1,2026-04-15,837,Aqua,MODIS,76,61.03,306.1,19.5,D,0
17.2589,95.3682,322.7,1.2,1.1,2026-04-15,837,Aqua,MODIS,37,61.03,306.3,7.1,D,0
17.287,95.3633,330.8,1.2,1.1,2026-04-15,837,Aqua,MODIS,78,61.03,308.2,17.9,D,0
17.2886,95.3738,325.6,1.2,1.1,2026-04-15,837,Aqua,MODIS,59,61.03,308.2,10.2,D,0
17.3181,95.0431,332,1.2,1.1,2026-04-15,837,Aqua,MODIS,80,61.03,305.4,23.2,D,0
17.3612,95.431,323.3,1.2,1.1,2026-04-15,837,Aqua,MODIS,39,61.03,305.6,7.2,D,0
17.4576,95.7411,326.9,1.1,1.1,2026-04-15,837,Aqua,MODIS,73,61.03,308.6,10.2,D,0
17.5711,95.9914,321.4,1.1,1,2026-04-15,837,Aqua,MODIS,63,61.03,307.5,7.1,D,0
17.6287,96.9158,323.2,1,1,2026-04-15,837,Aqua,MODIS,69,61.03,304.7,10.6,D,0
17.7101,94.8419,385.2,1.2,1.1,2026-04-15,837,Aqua,MODIS,100,61.03,303.5,227.2,D,0
17.7119,94.853,417.5,1.2,1.1,2026-04-15,837,Aqua,MODIS,100,61.03,304.7,494.3,D,0
17.7214,94.8511,317.3,1.2,1.1,2026-04-15,837,Aqua,MODIS,29,61.03,299.5,11.4,D,0
17.8068,94.7495,318.4,1.2,1.1,2026-04-15,837,Aqua,MODIS,47,61.03,300.1,14.5,D,0
17.9578,95.6275,325.7,1.1,1.1,2026-04-15,837,Aqua,MODIS,72,61.03,310.3,7.6,D,0
17.9614,96.0607,318,1.1,1,2026-04-15,837,Aqua,MODIS,40,61.03,303.4,7.1,D,0
17.9629,96.0704,319.5,1.1,1,2026-04-15,837,Aqua,MODIS,51,61.03,304.1,8.7,D,0
17.9719,95.9527,319.4,1.1,1,2026-04-15,837,Aqua,MODIS,58,61.03,304.6,7.6,D,0
17.9896,96.7353,327,1,1,2026-04-15,837,Aqua,MODIS,75,61.03,306.9,9.2,D,0
18.0889,94.5278,353.4,1.3,1.1,2026-04-15,838,Aqua,MODIS,96,61.03,301.5,89.5,D,0
18.1805,96.6364,324.7,1,1,2026-04-15,838,Aqua,MODIS,71,61.03,309.6,6.3,D,0
18.2102,96.9717,319,1,1,2026-04-15,838,Aqua,MODIS,59,61.03,299.1,10.9,D,0
18.3572,96.1666,323.9,1.1,1,2026-04-15,838,Aqua,MODIS,70,61.03,301.1,14,D,0
18.3776,96.118,316.7,1.1,1,2026-04-15,838,Aqua,MODIS,40,61.03,302.1,6.9,D,0
18.379,96.7245,329,1,1,2026-04-15,838,Aqua,MODIS,78,61.03,308,12.5,D,0
18.4328,96.7822,325.7,1,1,2026-04-15,838,Aqua,MODIS,73,61.03,303.2,13.8,D,0
18.4514,96.8457,322.1,1,1,2026-04-15,838,Aqua,MODIS,65,61.03,303.6,11.1,D,0
18.4742,95.8444,328.5,1.1,1,2026-04-15,838,Aqua,MODIS,71,61.03,312.5,9.6,D,0
18.6647,95.8191,331.3,1.1,1,2026-04-15,838,Aqua,MODIS,80,61.03,310.5,16.6,D,0
18.7435,96.8271,324,1,1,2026-04-15,838,Aqua,MODIS,72,61.03,296.7,18.3,D,0
18.8221,96.6578,328.5,1,1,2026-04-15,838,Aqua,MODIS,77,61.03,302,17.5,D,0
18.8236,96.6671,317,1,1,2026-04-15,838,Aqua,MODIS,33,61.03,303.3,5.7,D,0
18.8296,96.1728,318,1,1,2026-04-15,838,Aqua,MODIS,47,61.03,302.6,8.1,D,0
18.8296,96.9004,318.2,1,1,2026-04-15,838,Aqua,MODIS,59,61.03,298.8,11.7,D,0
18.8618,96.6222,319.2,1,1,2026-04-15,838,Aqua,MODIS,56,61.03,305.5,7.1,D,0
18.9519,96.1787,317.1,1,1,2026-04-15,838,Aqua,MODIS,29,61.03,301.4,5.9,D,0
19.0115,94.8024,326.7,1.2,1.1,2026-04-15,838,Aqua,MODIS,73,61.03,306.4,16.7,D,0
19.0355,95.8813,322,1.1,1,2026-04-15,838,Aqua,MODIS,67,61.03,304.1,11.1,D,0
19.037,95.891,316,1.1,1,2026-04-15,838,Aqua,MODIS,31,61.03,301.4,5.2,D,0
19.0457,96.3764,336.5,1,1,2026-04-15,838,Aqua,MODIS,85,61.03,307.3,23.9,D,0
19.054,96.4907,323.8,1,1,2026-04-15,838,Aqua,MODIS,50,61.03,308.3,8.9,D,0
19.0594,96.0357,319.2,1.1,1,2026-04-15,838,Aqua,MODIS,58,61.03,301.2,9.8,D,0
19.0638,96.1822,318.8,1,1,2026-04-15,838,Aqua,MODIS,54,61.03,301.4,6.9,D,0
19.0642,96.4986,323.7,1,1,2026-04-15,838,Aqua,MODIS,62,61.03,305.7,9.9,D,0
19.0834,96.5467,322.8,1,1,2026-04-15,838,Aqua,MODIS,67,61.03,303.7,11.7,D,0
19.0848,96.5561,319.4,1,1,2026-04-15,838,Aqua,MODIS,39,61.03,303.4,8.4,D,0
19.123,96.1466,320.5,1,1,2026-04-15,838,Aqua,MODIS,53,61.03,301.9,8.7,D,0
19.124,96.2789,324.5,1,1,2026-04-15,838,Aqua,MODIS,70,61.03,306.6,9.4,D,0
19.2567,94.3641,324.4,1.2,1.1,2026-04-15,838,Aqua,MODIS,67,61.03,299.9,22.1,D,0
19.4276,96.6332,328.2,1,1,2026-04-15,838,Aqua,MODIS,77,61.03,301.9,19.5,D,0
19.4286,96.4608,343,1,1,2026-04-15,838,Aqua,MODIS,90,61.03,301.8,42.1,D,0
19.43,96.4702,335.8,1,1,2026-04-15,838,Aqua,MODIS,85,61.03,300.5,30.4,D,0
19.4364,96.6318,323.4,1,1,2026-04-15,838,Aqua,MODIS,70,61.03,302,14.8,D,0
19.4378,96.6409,319.2,1,1,2026-04-15,838,Aqua,MODIS,59,61.03,301.6,11,D,0
19.4676,95.7452,321.8,1.1,1,2026-04-15,838,Aqua,MODIS,45,61.03,304.6,11.1,D,0
19.4736,96.6187,322.7,1,1,2026-04-15,838,Aqua,MODIS,67,61.03,304,13.3,D,0
19.475,96.628,318.5,1,1,2026-04-15,838,Aqua,MODIS,52,61.03,302.4,9.5,D,0
19.6115,94.0653,322.2,1.3,1.1,2026-04-15,838,Aqua,MODIS,45,61.03,298.7,16.5,D,0
19.6137,94.0783,330.7,1.3,1.1,2026-04-15,838,Aqua,MODIS,78,61.03,294.7,31.3,D,0
19.6213,94.0638,337.8,1.3,1.1,2026-04-15,838,Aqua,MODIS,85,61.03,298.2,43.6,D,0
19.631,94.0619,325.9,1.3,1.1,2026-04-15,838,Aqua,MODIS,56,61.03,297.6,20.8,D,0
19.6436,96.66,323.9,1,1,2026-04-15,838,Aqua,MODIS,45,61.03,306.2,11.3,D,0
19.6533,96.6424,327.2,1,1,2026-04-15,838,Aqua,MODIS,67,61.03,308.6,17.2,D,0
19.6852,94.0866,320.1,1.3,1.1,2026-04-15,838,Aqua,MODIS,51,61.03,298.4,15.1,D,0
19.8283,94.0123,330.8,1.3,1.1,2026-04-15,838,Aqua,MODIS,78,61.03,295.5,32.4,D,0
19.8301,94.0232,321.7,1.3,1.1,2026-04-15,838,Aqua,MODIS,61,61.03,295.3,16.6,D,0
19.8631,94.0411,330.9,1.3,1.1,2026-04-15,838,Aqua,MODIS,78,61.03,297.3,30.9,D,0
19.865,94.0525,326.9,1.3,1.1,2026-04-15,838,Aqua,MODIS,72,61.03,299.3,24,D,0
19.8728,94.0395,332.6,1.3,1.1,2026-04-15,838,Aqua,MODIS,80,61.03,295.5,34,D,0
19.8747,94.0508,326.5,1.3,1.1,2026-04-15,838,Aqua,MODIS,72,61.03,294.1,23,D,0
19.8921,94.0963,322.9,1.3,1.1,2026-04-15,838,Aqua,MODIS,64,61.03,297.9,18.8,D,0
19.9295,96.5773,319.9,1,1,2026-04-15,838,Aqua,MODIS,48,61.03,304.4,9.7,D,0
19.9473,95.7895,321.3,1.1,1,2026-04-15,838,Aqua,MODIS,57,61.03,306.7,8,D,0
19.9672,96.5897,320.6,1,1,2026-04-15,838,Aqua,MODIS,37,61.03,306.8,7.1,D,0
19.9686,96.599,328.3,1,1,2026-04-15,838,Aqua,MODIS,74,61.03,307.2,16.5,D,0
19.9701,96.6084,324.7,1,1,2026-04-15,838,Aqua,MODIS,63,61.03,303.9,12.2,D,0
19.9714,96.6176,318.7,1,1,2026-04-15,838,Aqua,MODIS,12,61.03,302.1,6.4,D,0
19.996,96.1059,326,1,1,2026-04-15,838,Aqua,MODIS,69,61.03,305.1,12.9,D,0
20.0471,93.9713,319.4,1.3,1.1,2026-04-15,838,Aqua,MODIS,45,61.03,298.5,15.5,D,0
20.049,93.9829,364.6,1.3,1.1,2026-04-15,838,Aqua,MODIS,100,61.03,299.4,132.2,D,0
20.1354,93.9478,328.1,1.3,1.1,2026-04-15,838,Aqua,MODIS,74,61.03,301.1,28.3,D,0
20.1373,93.9595,320.1,1.3,1.1,2026-04-15,838,Aqua,MODIS,50,61.03,300.7,16.3,D,0
20.2499,96.5611,323.9,1,1,2026-04-15,838,Aqua,MODIS,66,61.03,303.5,14.1,D,0
20.4493,93.4739,318.6,1.3,1.1,2026-04-15,838,Aqua,MODIS,47,61.03,300,14.7,D,0
20.4514,93.4862,322.5,1.3,1.1,2026-04-15,838,Aqua,MODIS,64,61.03,300.3,20.4,D,0
20.8354,93.4396,317.2,1.3,1.1,2026-04-15,838,Aqua,MODIS,32,61.03,300.2,11.6,D,0
20.9319,93.2214,318.2,1.4,1.2,2026-04-15,838,Aqua,MODIS,39,61.03,301.7,12.4,D,0
20.934,93.2339,322,1.4,1.2,2026-04-15,838,Aqua,MODIS,66,61.03,301.5,18.6,D,0
20.9559,93.8597,332.2,1.3,1.1,2026-04-15,838,Aqua,MODIS,69,61.03,304.5,29.1,D,0
21.006,93.8451,319.9,1.3,1.1,2026-04-15,838,Aqua,MODIS,42,61.03,303.6,12.6,D,0
21.0259,93.9054,326.6,1.2,1.1,2026-04-15,838,Aqua,MODIS,73,61.03,296.8,28.2,D,0
21.0312,93.9375,326,1.2,1.1,2026-04-15,838,Aqua,MODIS,72,61.03,299.6,23.9,D,0
21.0605,93.8752,340,1.2,1.1,2026-04-15,838,Aqua,MODIS,87,61.03,296.6,53,D,0
21.0622,93.8855,350,1.2,1.1,2026-04-15,838,Aqua,MODIS,94,61.03,298.3,79.5,D,0
21.0653,93.879,358.8,1.2,1.1,2026-04-15,838,Aqua,MODIS,99,61.03,302,109.2,D,0
21.0672,93.8899,325.8,1.2,1.1,2026-04-15,838,Aqua,MODIS,72,61.03,296.2,26.9,D,0
21.0817,93.7992,318.8,1.3,1.1,2026-04-15,838,Aqua,MODIS,52,61.03,303.5,12.2,D,0
21.0839,93.8122,352.9,1.3,1.1,2026-04-15,838,Aqua,MODIS,96,61.03,304.7,86.1,D,0
21.0858,93.8239,317.6,1.3,1.1,2026-04-15,838,Aqua,MODIS,23,61.03,300.6,12.6,D,0
21.182,93.6682,344.1,1.3,1.1,2026-04-15,838,Aqua,MODIS,91,61.03,300.6,65.6,D,0
21.1842,93.6812,337.8,1.3,1.1,2026-04-15,838,Aqua,MODIS,86,61.03,296.8,50.1,D,0
21.2152,93.6677,325.2,1.3,1.1,2026-04-15,838,Aqua,MODIS,71,61.03,298.2,25.9,D,0
21.2152,93.7481,338.6,1.3,1.1,2026-04-15,838,Aqua,MODIS,87,61.03,299.9,49.5,D,0
21.2169,93.7582,356.6,1.3,1.1,2026-04-15,838,Aqua,MODIS,98,61.03,302.3,99.5,D,0
21.2186,93.7683,349.9,1.3,1.1,2026-04-15,838,Aqua,MODIS,94,61.03,301.9,77.4,D,0
21.2248,93.7454,408,1.3,1.1,2026-04-15,838,Aqua,MODIS,100,61.03,304.9,418.9,D,0
21.2265,93.7563,392.2,1.3,1.1,2026-04-15,838,Aqua,MODIS,100,61.03,304.1,284.7,D,0
21.2282,93.7665,347.8,1.3,1.1,2026-04-15,838,Aqua,MODIS,93,61.03,303.1,71.1,D,0
21.2387,94.0707,323.9,1.2,1.1,2026-04-15,838,Aqua,MODIS,61,61.03,300,18.4,D,0
21.3253,96.6273,319.9,1,1,2026-04-15,838,Aqua,MODIS,52,61.03,302,11.2,D,0
21.347,93.8418,319.7,1.2,1.1,2026-04-15,838,Aqua,MODIS,57,61.03,301.8,15.2,D,0
21.3488,93.8528,328.4,1.2,1.1,2026-04-15,838,Aqua,MODIS,77,61.03,302.2,27.6,D,0
21.5024,96.9633,324.5,1,1,2026-04-15,838,Aqua,MODIS,51,61.03,310,7.8,D,0
21.3224,92.7234,319.6,1.4,1.2,2026-04-15,839,Aqua,MODIS,69,61.03,301.2,16.2,D,0
21.361,92.5981,324.9,1.5,1.2,2026-04-15,839,Aqua,MODIS,77,61.03,300,30.8,D,0
21.4072,92.9871,314.3,1.4,1.2,2026-04-15,839,Aqua,MODIS,34,61.03,298.7,10.3,D,0
21.4606,92.5717,313.5,1.5,1.2,2026-04-15,839,Aqua,MODIS,46,61.03,300.3,9.2,D,0
21.4622,93.0033,319.1,1.4,1.2,2026-04-15,839,Aqua,MODIS,66,61.03,300.3,15.9,D,0
21.4628,92.5848,314.3,1.5,1.2,2026-04-15,839,Aqua,MODIS,50,61.03,300.1,10,D,0
21.4643,93.016,317.3,1.4,1.2,2026-04-15,839,Aqua,MODIS,62,61.03,300.4,12.7,D,0
21.4865,93.8232,326,1.2,1.1,2026-04-15,839,Aqua,MODIS,74,61.03,296.2,29,D,0
21.4984,93.2798,321.2,1.3,1.1,2026-04-15,839,Aqua,MODIS,54,61.03,304.6,16,D,0
21.4993,92.5725,326.8,1.5,1.2,2026-04-15,839,Aqua,MODIS,78,61.03,300.1,30.3,D,0
21.5062,93.2652,338.3,1.3,1.1,2026-04-15,839,Aqua,MODIS,88,61.03,304.9,48.7,D,0
21.5083,93.2776,323.2,1.3,1.1,2026-04-15,839,Aqua,MODIS,60,61.03,304.3,18.8,D,0
21.5097,92.5702,317.3,1.5,1.2,2026-04-15,839,Aqua,MODIS,58,61.03,300.1,12.4,D,0
21.5161,93.2632,334.1,1.3,1.1,2026-04-15,839,Aqua,MODIS,84,61.03,304,38.1,D,0
21.5182,93.2756,331.5,1.3,1.1,2026-04-15,839,Aqua,MODIS,82,61.03,303.5,32.5,D,0
21.5183,93.269,335.5,1.3,1.1,2026-04-15,839,Aqua,MODIS,85,61.03,304.6,42.5,D,0
21.5622,93.2869,323.1,1.3,1.1,2026-04-15,839,Aqua,MODIS,59,61.03,303.3,19.6,D,0
21.5701,93.2729,335.8,1.3,1.1,2026-04-15,839,Aqua,MODIS,86,61.03,305.2,42.4,D,0
21.5722,93.2851,344.4,1.3,1.1,2026-04-15,839,Aqua,MODIS,92,61.03,305.6,63.3,D,0
21.5845,93.3581,355.6,1.3,1.1,2026-04-15,839,Aqua,MODIS,97,61.03,306,101.7,D,0
21.5868,93.3721,374.3,1.3,1.1,2026-04-15,839,Aqua,MODIS,100,61.03,304.9,185.1,D,0
21.6002,93.9529,341,1.2,1.1,2026-04-15,839,Aqua,MODIS,89,61.03,304.8,49.7,D,0
21.6184,93.6788,318.9,1.3,1.1,2026-04-15,839,Aqua,MODIS,55,61.03,297.3,16.9,D,0
21.6238,92.9846,314.1,1.4,1.2,2026-04-15,839,Aqua,MODIS,39,61.03,299.8,10.4,D,0
21.624,92.2902,318.2,1.5,1.2,2026-04-15,839,Aqua,MODIS,62,61.03,301.5,13.8,D,0
21.6268,93.9362,326.1,1.2,1.1,2026-04-15,839,Aqua,MODIS,74,61.03,304.4,20.6,D,0
21.6285,93.9469,319.5,1.2,1.1,2026-04-15,839,Aqua,MODIS,53,61.03,303.7,10.9,D,0
21.6307,93.929,318.9,1.2,1.1,2026-04-15,839,Aqua,MODIS,38,61.03,304.4,10.8,D,0
21.6308,92.2939,320.7,1.5,1.2,2026-04-15,839,Aqua,MODIS,71,61.03,302,18.1,D,0
21.6326,93.94,330.1,1.2,1.1,2026-04-15,839,Aqua,MODIS,79,61.03,304.3,26.8,D,0
21.6371,93.7905,320.8,1.2,1.1,2026-04-15,839,Aqua,MODIS,64,61.03,303.1,17.9,D,0
21.6423,92.7327,346,1.4,1.2,2026-04-15,839,Aqua,MODIS,93,61.03,303,76.8,D,0
21.6443,92.7442,341.4,1.4,1.2,2026-04-15,839,Aqua,MODIS,90,61.03,303.4,61,D,0
21.6509,92.2564,320,1.5,1.2,2026-04-15,839,Aqua,MODIS,70,61.03,301.2,19,D,0
21.6565,93.2379,397.9,1.3,1.1,2026-04-15,839,Aqua,MODIS,100,61.03,309.2,354.3,D,0
21.6585,92.8263,318.6,1.4,1.2,2026-04-15,839,Aqua,MODIS,56,61.03,299.3,13.9,D,0
21.6588,93.2517,354.2,1.3,1.1,2026-04-15,839,Aqua,MODIS,97,61.03,301,97.8,D,0
21.6607,92.8385,319.7,1.4,1.2,2026-04-15,839,Aqua,MODIS,30,61.03,299.7,16.2,D,0
21.6664,93.236,373.7,1.3,1.1,2026-04-15,839,Aqua,MODIS,100,61.03,308.2,184.3,D,0
21.6687,93.25,390.1,1.3,1.1,2026-04-15,839,Aqua,MODIS,100,61.03,305.9,289.4,D,0
21.6711,93.8175,322.4,1.2,1.1,2026-04-15,839,Aqua,MODIS,62,61.03,302.7,18.5,D,0
21.6785,93.2474,326.6,1.3,1.1,2026-04-15,839,Aqua,MODIS,76,61.03,300.5,26.3,D,0
21.6807,93.8161,325.5,1.2,1.1,2026-04-15,839,Aqua,MODIS,72,61.03,302.2,21.4,D,0
21.6984,93.665,319,1.3,1.1,2026-04-15,839,Aqua,MODIS,58,61.03,305.1,12.8,D,0
21.7121,93.8635,317,1.2,1.1,2026-04-15,839,Aqua,MODIS,30,61.03,301.7,9.8,D,0
21.7141,93.8755,320.3,1.2,1.1,2026-04-15,839,Aqua,MODIS,55,61.03,301,13.2,D,0
21.7229,92.5429,336.6,1.5,1.2,2026-04-15,839,Aqua,MODIS,87,61.03,303.7,49,D,0
21.7319,92.4711,324.8,1.5,1.2,2026-04-15,839,Aqua,MODIS,59,61.03,300,25,D,0
21.7344,92.4851,325.9,1.5,1.2,2026-04-15,839,Aqua,MODIS,66,61.03,302.2,27,D,0
21.7392,92.5129,320.2,1.5,1.2,2026-04-15,839,Aqua,MODIS,55,61.03,301,16.3,D,0
21.7422,93.8675,319,1.2,1.1,2026-04-15,839,Aqua,MODIS,54,61.03,305.1,10.5,D,0
21.7447,92.4827,329.6,1.5,1.2,2026-04-15,839,Aqua,MODIS,69,61.03,302.2,32.7,D,0
21.7703,93.9189,320.9,1.2,1.1,2026-04-15,839,Aqua,MODIS,40,61.03,305.7,11,D,0
21.8035,92.5921,319.5,1.4,1.2,2026-04-15,839,Aqua,MODIS,37,61.03,301,17,D,0
21.8063,92.8435,319.3,1.4,1.2,2026-04-15,839,Aqua,MODIS,66,61.03,300.5,15.7,D,0
21.8082,92.8548,319.2,1.4,1.2,2026-04-15,839,Aqua,MODIS,65,61.03,298.7,15.7,D,0
21.8116,92.6989,317.3,1.4,1.2,2026-04-15,839,Aqua,MODIS,57,61.03,301,12.5,D,0
21.8661,92.3607,346.8,1.5,1.2,2026-04-15,839,Aqua,MODIS,93,61.03,301.5,85.9,D,0
21.8848,92.3437,321.6,1.5,1.2,2026-04-15,839,Aqua,MODIS,72,61.03,300.5,21.8,D,0
21.9199,93.7612,318.6,1.2,1.1,2026-04-15,839,Aqua,MODIS,55,61.03,305.7,9.9,D,0
21.9371,92.4594,328,1.5,1.2,2026-04-15,839,Aqua,MODIS,72,61.03,299.9,31.5,D,0
21.9442,92.7479,321.6,1.4,1.2,2026-04-15,839,Aqua,MODIS,72,61.03,301.8,19.6,D,0
21.946,94.716,331.9,1.1,1,2026-04-15,839,Aqua,MODIS,79,61.03,310.4,17,D,0
21.9503,92.3087,326.9,1.5,1.2,2026-04-15,839,Aqua,MODIS,79,61.03,299.9,33.9,D,0
21.966,93.2986,324.6,1.3,1.1,2026-04-15,839,Aqua,MODIS,74,61.03,300.8,24.2,D,0
21.9759,93.2971,317.6,1.3,1.1,2026-04-15,839,Aqua,MODIS,36,61.03,300.7,13.9,D,0
21.9959,96.3056,320.5,1,1,2026-04-15,839,Aqua,MODIS,40,61.03,300.6,10.9,D,0
22.0049,92.4979,330.4,1.5,1.2,2026-04-15,839,Aqua,MODIS,82,61.03,300.4,38.4,D,0
22.0112,93.7487,321.2,1.2,1.1,2026-04-15,839,Aqua,MODIS,60,61.03,306.1,13.4,D,0
22.0159,93.107,371.8,1.3,1.1,2026-04-15,839,Aqua,MODIS,100,61.03,307.2,178.5,D,0
22.018,93.1199,322.3,1.3,1.1,2026-04-15,839,Aqua,MODIS,68,61.03,297.7,22.4,D,0
22.022,92.7793,319.6,1.4,1.2,2026-04-15,839,Aqua,MODIS,63,61.03,299.4,16.5,D,0
22.0232,93.0898,338.1,1.3,1.1,2026-04-15,839,Aqua,MODIS,88,61.03,305,51,D,0
22.0256,93.1039,371.8,1.3,1.1,2026-04-15,839,Aqua,MODIS,100,61.03,309.3,177.2,D,0
22.0313,94.8993,326.6,1.1,1,2026-04-15,839,Aqua,MODIS,68,61.03,310.1,8.8,D,0
22.044,93.7085,327.7,1.2,1.1,2026-04-15,839,Aqua,MODIS,66,61.03,305.1,24.4,D,0
22.0459,93.7201,319.4,1.2,1.1,2026-04-15,839,Aqua,MODIS,14,61.03,304.2,11.9,D,0
22.0611,93.7529,317.3,1.2,1.1,2026-04-15,839,Aqua,MODIS,32,61.03,304.9,10.2,D,0
22.0665,92.3207,325.9,1.5,1.2,2026-04-15,839,Aqua,MODIS,78,61.03,300.8,29.4,D,0
22.0752,92.2105,315.3,1.5,1.2,2026-04-15,839,Aqua,MODIS,56,61.03,299,12,D,0
22.1451,92.2977,318.8,1.5,1.2,2026-04-15,839,Aqua,MODIS,68,61.03,300.7,14.1,D,0
22.1475,92.3116,317.1,1.5,1.2,2026-04-15,839,Aqua,MODIS,65,61.03,300.8,11.5,D,0
22.151,93.7988,317.9,1.2,1.1,2026-04-15,839,Aqua,MODIS,55,61.03,303.3,8.9,D,0
22.1628,93.6631,316.3,1.2,1.1,2026-04-15,839,Aqua,MODIS,51,61.03,300.5,11.7,D,0
22.1689,95.2475,334.5,1.1,1,2026-04-15,839,Aqua,MODIS,76,61.03,313.2,18.6,D,2
22.1893,93.7034,320.2,1.2,1.1,2026-04-15,839,Aqua,MODIS,43,61.03,302.8,12.3,D,0
22.1905,94.2775,316.6,1.1,1.1,2026-04-15,839,Aqua,MODIS,31,61.03,304.8,5.9,D,0
22.1971,93.6912,318.9,1.2,1.1,2026-04-15,839,Aqua,MODIS,32,61.03,302.1,12.2,D,0
22.1989,93.7021,321.9,1.2,1.1,2026-04-15,839,Aqua,MODIS,68,61.03,302.6,15.5,D,0
22.226,93.1918,315.2,1.3,1.1,2026-04-15,839,Aqua,MODIS,36,61.03,301.6,10.1,D,0
22.2279,93.2029,331.7,1.3,1.1,2026-04-15,839,Aqua,MODIS,83,61.03,303.6,36.4,D,0
22.2376,93.2004,314.7,1.3,1.1,2026-04-15,839,Aqua,MODIS,36,61.03,301.4,9.2,D,0
22.2547,93.7773,326.6,1.2,1.1,2026-04-15,839,Aqua,MODIS,76,61.03,301.6,21,D,0
22.2755,93.843,318.9,1.2,1.1,2026-04-15,839,Aqua,MODIS,44,61.03,304.3,8.8,D,0
22.2798,93.693,317.3,1.2,1.1,2026-04-15,839,Aqua,MODIS,44,61.03,298.1,13.1,D,0
22.2831,93.8298,317.4,1.2,1.1,2026-04-15,839,Aqua,MODIS,31,61.03,304.7,7.7,D,0
22.3058,92.4439,323.1,1.5,1.2,2026-04-15,839,Aqua,MODIS,65,61.03,300.8,20.4,D,0
22.3138,92.0753,336.4,1.5,1.2,2026-04-15,839,Aqua,MODIS,87,61.03,300.8,56.9,D,0
22.3321,92.4875,322.2,1.4,1.2,2026-04-15,839,Aqua,MODIS,50,61.03,302.6,18.1,D,0
22.3346,92.5014,321.6,1.4,1.2,2026-04-15,839,Aqua,MODIS,42,61.03,301,18.1,D,0
22.3396,93.2527,315.8,1.3,1.1,2026-04-15,839,Aqua,MODIS,53,61.03,298.9,14.4,D,0
22.3563,92.565,318.8,1.4,1.2,2026-04-15,839,Aqua,MODIS,69,61.03,300.3,15.9,D,0
22.3692,92.8789,314.7,1.4,1.2,2026-04-15,839,Aqua,MODIS,57,61.03,299.1,10.4,D,0
22.3726,93.7483,320.5,1.2,1.1,2026-04-15,839,Aqua,MODIS,56,61.03,303.3,13.1,D,0
22.3744,93.7592,325.5,1.2,1.1,2026-04-15,839,Aqua,MODIS,74,61.03,304.9,20.2,D,0
22.3781,92.5074,317.1,1.4,1.2,2026-04-15,839,Aqua,MODIS,65,61.03,301.3,12.9,D,0
22.3814,93.9183,324.2,1.2,1.1,2026-04-15,839,Aqua,MODIS,72,61.03,305.9,14.6,D,0
22.4442,93.7995,321.6,1.2,1.1,2026-04-15,839,Aqua,MODIS,68,61.03,303.4,15.4,D,0
22.4459,93.8099,318.8,1.2,1.1,2026-04-15,839,Aqua,MODIS,61,61.03,303.7,11.9,D,0
22.4497,93.3598,336.9,1.3,1.1,2026-04-15,839,Aqua,MODIS,87,61.03,305.3,45.6,D,0
22.452,93.3733,327.9,1.3,1.1,2026-04-15,839,Aqua,MODIS,68,61.03,298.4,27.4,D,0
22.4649,93.7484,318.9,1.2,1.1,2026-04-15,839,Aqua,MODIS,37,61.03,306.1,10.2,D,0
22.4658,93.3754,322.4,1.3,1.1,2026-04-15,839,Aqua,MODIS,72,61.03,299.6,20.5,D,0
22.467,93.7606,339.7,1.2,1.1,2026-04-15,839,Aqua,MODIS,88,61.03,305.7,45.4,D,0
22.4744,93.7468,331.7,1.2,1.1,2026-04-15,839,Aqua,MODIS,82,61.03,306.3,29.1,D,0
22.4764,93.7586,371,1.2,1.1,2026-04-15,839,Aqua,MODIS,100,61.03,310.9,145.9,D,0
22.4842,94.3108,323.9,1.1,1.1,2026-04-15,839,Aqua,MODIS,70,61.03,304.9,15.1,D,0
22.4935,96.22,318.2,1,1,2026-04-15,839,Aqua,MODIS,32,61.03,304.1,6.9,D,0
22.4957,92.531,319.6,1.4,1.2,2026-04-15,839,Aqua,MODIS,70,61.03,299.1,15.5,D,0
22.5022,96.2184,320.6,1,1,2026-04-15,839,Aqua,MODIS,57,61.03,305.5,9.3,D,0
22.5099,93.8433,392.6,1.2,1.1,2026-04-15,839,Aqua,MODIS,100,61.03,311.1,262.1,D,0
22.5116,93.854,341.3,1.2,1.1,2026-04-15,839,Aqua,MODIS,89,61.03,305.1,46.4,D,0
22.5159,96.3703,326.9,1,1,2026-04-15,839,Aqua,MODIS,73,61.03,301.3,16.1,D,0
22.5179,92.547,319,1.4,1.2,2026-04-15,839,Aqua,MODIS,69,61.03,301.1,15.9,D,0
22.5246,96.3687,333.1,1,1,2026-04-15,839,Aqua,MODIS,81,61.03,304.4,24.3,D,0
22.5463,96.7593,324.1,1,1,2026-04-15,839,Aqua,MODIS,71,61.03,303.1,14,D,0
22.5477,96.7686,328.5,1,1,2026-04-15,839,Aqua,MODIS,78,61.03,302.8,19.6,D,0
22.5511,93.3479,315.4,1.3,1.1,2026-04-15,839,Aqua,MODIS,50,61.03,296.7,13,D,0
22.5544,93.3532,314.4,1.3,1.1,2026-04-15,839,Aqua,MODIS,41,61.03,297.2,11.9,D,0
22.5725,96.3056,327.5,1,1,2026-04-15,839,Aqua,MODIS,75,61.03,305.6,15.3,D,0
22.5739,96.315,319.1,1,1,2026-04-15,839,Aqua,MODIS,52,61.03,304,6.8,D,0
22.5801,96.869,325.1,1,1,2026-04-15,839,Aqua,MODIS,73,61.03,303.5,15.5,D,0
22.5914,92.3189,320,1.5,1.2,2026-04-15,839,Aqua,MODIS,50,61.03,300.5,16.1,D,0
22.5976,96.2337,321.5,1,1,2026-04-15,839,Aqua,MODIS,18,61.03,305.6,7.9,D,0
22.6111,92.3704,318.4,1.4,1.2,2026-04-15,839,Aqua,MODIS,69,61.03,300.3,13,D,0
22.615,96.2306,356.4,1,1,2026-04-15,839,Aqua,MODIS,98,61.03,309.9,64.8,D,0
22.6164,96.2399,348.5,1,1,2026-04-15,839,Aqua,MODIS,93,61.03,307.8,46.5,D,0
22.6237,96.229,336.2,1,1,2026-04-15,839,Aqua,MODIS,85,61.03,308.3,25.3,D,0
22.6311,96.2181,321.2,1,1,2026-04-15,839,Aqua,MODIS,30,61.03,307.1,7.8,D,0
22.6325,96.2275,337.9,1,1,2026-04-15,839,Aqua,MODIS,86,61.03,307.3,29.2,D,0
22.6603,96.4156,319,1,1,2026-04-15,839,Aqua,MODIS,57,61.03,301.8,11.1,D,0
22.6617,96.4249,321,1,1,2026-04-15,839,Aqua,MODIS,64,61.03,301.3,13.1,D,0
22.6658,96.2544,318.6,1,1,2026-04-15,839,Aqua,MODIS,36,61.03,306.3,6.1,D,0
22.6745,96.2529,319.8,1,1,2026-04-15,839,Aqua,MODIS,60,61.03,306,7.6,D,0
22.6991,96.9869,321.7,1,1,2026-04-15,839,Aqua,MODIS,70,61.03,302.2,12.8,D,0
22.7005,96.9962,314.8,1,1,2026-04-15,839,Aqua,MODIS,40,61.03,300,6.1,D,0
22.7008,93.8165,320.6,1.2,1.1,2026-04-15,839,Aqua,MODIS,50,61.03,303.6,12.5,D,0
22.7268,92.0345,320.2,1.5,1.2,2026-04-15,839,Aqua,MODIS,73,61.03,299.5,19.5,D,0
22.7398,93.7238,323.8,1.2,1.1,2026-04-15,839,Aqua,MODIS,64,61.03,302.4,17.6,D,0
22.7558,93.8782,334.8,1.2,1.1,2026-04-15,839,Aqua,MODIS,85,61.03,306.2,33.3,D,0
22.7619,93.8567,327.7,1.2,1.1,2026-04-15,839,Aqua,MODIS,78,61.03,303.6,22,D,0
22.7636,93.8669,323,1.2,1.1,2026-04-15,839,Aqua,MODIS,67,61.03,304.3,15,D,0
22.7652,93.8769,319.9,1.2,1.1,2026-04-15,839,Aqua,MODIS,57,61.03,305.1,10.7,D,0
22.7725,93.2496,320.4,1.3,1.1,2026-04-15,839,Aqua,MODIS,68,61.03,295.8,20.6,D,0
22.7803,93.2366,322.3,1.3,1.1,2026-04-15,839,Aqua,MODIS,72,61.03,291.4,23.7,D,0
22.7821,93.2472,327.5,1.3,1.1,2026-04-15,839,Aqua,MODIS,79,61.03,295.8,31.9,D,0
22.7944,94.6299,318.6,1.1,1,2026-04-15,839,Aqua,MODIS,43,61.03,306.2,5.5,D,0
22.8049,92.89,311.9,1.3,1.1,2026-04-15,839,Aqua,MODIS,36,61.03,299.9,7.5,D,0
22.8143,93.822,324.6,1.2,1.1,2026-04-15,839,Aqua,MODIS,44,61.03,304.8,14,D,0
22.8148,92.8881,313.7,1.3,1.1,2026-04-15,839,Aqua,MODIS,54,61.03,299.8,10.1,D,0
22.8245,96.1371,316.1,1,1,2026-04-15,839,Aqua,MODIS,17,61.03,304.1,5.4,D,0
22.8326,93.4907,355.9,1.2,1.1,2026-04-15,839,Aqua,MODIS,98,61.03,303.3,97.5,D,0
22.8403,93.4774,318.3,1.2,1.1,2026-04-15,839,Aqua,MODIS,31,61.03,295.5,15.4,D,0
22.8422,93.4889,361.7,1.2,1.1,2026-04-15,839,Aqua,MODIS,100,61.03,297.9,118.2,D,0
22.8518,93.5474,324.9,1.2,1.1,2026-04-15,839,Aqua,MODIS,71,61.03,293.6,25.6,D,0
22.8536,93.5582,353.6,1.2,1.1,2026-04-15,839,Aqua,MODIS,97,61.03,298.3,88.6,D,0
22.8935,94.6667,323.1,1.1,1,2026-04-15,839,Aqua,MODIS,63,61.03,309.3,8.4,D,0
22.8952,94.6769,325.6,1.1,1,2026-04-15,839,Aqua,MODIS,67,61.03,309.8,10.4,D,0
22.9103,93.4558,323.2,1.2,1.1,2026-04-15,839,Aqua,MODIS,67,61.03,301.1,22.6,D,0
22.9122,93.4677,338.6,1.2,1.1,2026-04-15,839,Aqua,MODIS,88,61.03,299.4,50.5,D,0
22.9198,93.4537,349,1.2,1.1,2026-04-15,839,Aqua,MODIS,94,61.03,302.7,75,D,0
22.9218,93.466,367,1.2,1.1,2026-04-15,839,Aqua,MODIS,100,61.03,304.4,138.4,D,0
22.9311,96.2279,317.2,1,1,2026-04-15,839,Aqua,MODIS,42,61.03,300.3,8.3,D,0
22.9356,93.9011,324.8,1.2,1.1,2026-04-15,839,Aqua,MODIS,50,61.03,303.8,17.8,D,0
22.9372,93.9109,335,1.2,1.1,2026-04-15,839,Aqua,MODIS,85,61.03,305.1,32.9,D,0
22.9627,92.3161,317.9,1.4,1.2,2026-04-15,839,Aqua,MODIS,47,61.03,300.1,12,D,0
22.9651,92.33,321.7,1.4,1.2,2026-04-15,839,Aqua,MODIS,72,61.03,299,18.6,D,0
22.9757,93.5888,321.5,1.2,1.1,2026-04-15,839,Aqua,MODIS,62,61.03,295.7,16.8,D,0
22.9874,93.9242,316.4,1.2,1.1,2026-04-15,839,Aqua,MODIS,46,61.03,300.8,7.9,D,0
22.9906,93.8258,315.4,1.2,1.1,2026-04-15,839,Aqua,MODIS,53,61.03,296.3,12.7,D,0
22.9959,92.3237,332.5,1.4,1.2,2026-04-15,839,Aqua,MODIS,85,61.03,300,38,D,0
22.9974,94.7983,322.8,1.1,1,2026-04-15,839,Aqua,MODIS,49,61.03,308,8,D,0
23,93.8242,333.5,1.2,1.1,2026-04-15,839,Aqua,MODIS,84,61.03,295.7,37.8,D,0
23.0064,94.7967,323.4,1.1,1,2026-04-15,839,Aqua,MODIS,58,61.03,307.1,9.1,D,0
23.0191,93.7902,317.9,1.2,1.1,2026-04-15,839,Aqua,MODIS,59,61.03,293.7,15.8,D,0
23.0323,93.7529,313.2,1.2,1.1,2026-04-15,839,Aqua,MODIS,16,61.03,297.9,9,D,0
23.0337,94.6767,321.4,1.1,1,2026-04-15,839,Aqua,MODIS,63,61.03,307.1,8.2,D,0
23.0342,93.7645,340.2,1.2,1.1,2026-04-15,839,Aqua,MODIS,89,61.03,297.8,49.8,D,0
23.0367,93.4833,336.7,1.2,1.1,2026-04-15,839,Aqua,MODIS,82,61.03,298.1,44.9,D,0
23.0386,93.495,313.6,1.2,1.1,2026-04-15,839,Aqua,MODIS,27,61.03,297.2,10.1,D,0
23.047,92.977,313.3,1.3,1.1,2026-04-15,839,Aqua,MODIS,40,61.03,299.5,8.9,D,0
23.047,92.9823,318.8,1.3,1.1,2026-04-15,839,Aqua,MODIS,68,61.03,299.4,15.7,D,0
23.0525,96.8731,318,1,1,2026-04-15,839,Aqua,MODIS,53,61.03,300.9,7.1,D,0
23.0566,92.3182,329.6,1.4,1.2,2026-04-15,839,Aqua,MODIS,67,61.03,299.9,30.6,D,0
23.0627,92.4133,317.5,1.4,1.2,2026-04-15,839,Aqua,MODIS,68,61.03,299.1,14.5,D,0
23.0643,92.302,325.5,1.4,1.2,2026-04-15,839,Aqua,MODIS,44,61.03,300,23.7,D,0
23.068,96.4105,325.3,1,1,2026-04-15,839,Aqua,MODIS,73,61.03,303.3,14.4,D,0
23.0746,92.2999,320.9,1.4,1.2,2026-04-15,839,Aqua,MODIS,74,61.03,299.1,18.6,D,0
23.0775,94.5993,323.2,1.1,1,2026-04-15,839,Aqua,MODIS,69,61.03,307.7,9.9,D,0
23.0835,93.8888,317.8,1.2,1.1,2026-04-15,839,Aqua,MODIS,50,61.03,301.5,12.5,D,0
23.0888,94.6704,318.2,1.1,1,2026-04-15,839,Aqua,MODIS,16,61.03,303.4,4.5,D,0
23.0907,94.5652,320.6,1.1,1,2026-04-15,839,Aqua,MODIS,63,61.03,306.8,6.9,D,0
23.1059,91.7659,312.6,1.6,1.2,2026-04-15,839,Aqua,MODIS,58,61.03,298,9.6,D,0
23.127,94.7363,320.8,1.1,1,2026-04-15,839,Aqua,MODIS,55,61.03,307.2,7.2,D,0
23.1302,93.4038,328,1.2,1.1,2026-04-15,839,Aqua,MODIS,63,61.03,297.7,25.2,D,0
23.1344,92.296,327.1,1.4,1.2,2026-04-15,839,Aqua,MODIS,81,61.03,299.8,30.4,D,0
23.1356,93.3773,317.5,1.2,1.1,2026-04-15,839,Aqua,MODIS,37,61.03,293.5,10.2,D,0
23.1376,93.3893,360.8,1.2,1.1,2026-04-15,839,Aqua,MODIS,94,61.03,304.3,109.7,D,0
23.1398,93.4021,380.8,1.2,1.1,2026-04-15,839,Aqua,MODIS,100,61.03,305,202.2,D,0
23.1652,92.2894,320.3,1.4,1.2,2026-04-15,839,Aqua,MODIS,70,61.03,300.4,16.6,D,0
23.1675,92.3027,321.7,1.4,1.2,2026-04-15,839,Aqua,MODIS,74,61.03,300.4,18.7,D,0
23.1912,92.2558,314.6,1.4,1.2,2026-04-15,839,Aqua,MODIS,63,61.03,299.9,9.2,D,0
23.196,91.9334,313.7,1.5,1.2,2026-04-15,839,Aqua,MODIS,61,61.03,299,9.8,D,0
23.2092,96.4952,319.5,1,1,2026-04-15,839,Aqua,MODIS,62,61.03,303.8,7.1,D,0
23.2199,94.6824,321,1.1,1,2026-04-15,839,Aqua,MODIS,50,61.03,304.7,9.4,D,0
23.2297,93.4394,315.5,1.2,1.1,2026-04-15,839,Aqua,MODIS,56,61.03,302.1,12.1,D,0
23.2313,92.255,328.6,1.4,1.2,2026-04-15,839,Aqua,MODIS,82,61.03,299.9,31.8,D,0
23.245,96.1155,323.2,1,1,2026-04-15,839,Aqua,MODIS,31,61.03,308.3,6.9,D,0
23.2524,92.3749,322.7,1.4,1.2,2026-04-15,839,Aqua,MODIS,75,61.03,298.9,22,D,0
23.2547,92.3881,320.8,1.4,1.2,2026-04-15,839,Aqua,MODIS,68,61.03,298.7,19.2,D,0
23.2659,92.3315,377.4,1.4,1.2,2026-04-15,839,Aqua,MODIS,100,61.03,301.6,225.1,D,0
23.2762,92.3295,372.1,1.4,1.2,2026-04-15,839,Aqua,MODIS,100,61.03,302,193.3,D,0
23.2784,92.3424,349.1,1.4,1.2,2026-04-15,839,Aqua,MODIS,95,61.03,297.6,85.9,D,0
23.2828,93.581,319.9,1.2,1.1,2026-04-15,839,Aqua,MODIS,70,61.03,301.5,14.8,D,0
23.284,92.3136,317.9,1.4,1.2,2026-04-15,839,Aqua,MODIS,23,61.03,299.7,14.1,D,0
23.2917,91.9519,312.8,1.5,1.2,2026-04-15,839,Aqua,MODIS,59,61.03,298,8.5,D,0
23.2922,93.9133,321.6,1.2,1.1,2026-04-15,839,Aqua,MODIS,71,61.03,306.3,13.9,D,0
23.2988,92.3383,332.2,1.4,1.2,2026-04-15,839,Aqua,MODIS,85,61.03,300.1,39.2,D,0
23.3,93.917,327.6,1.2,1.1,2026-04-15,839,Aqua,MODIS,79,61.03,306.3,22.9,D,0
23.3012,96.6188,319.1,1,1,2026-04-15,839,Aqua,MODIS,62,61.03,303.9,5.9,D,0
23.3019,93.9284,318.8,1.2,1.1,2026-04-15,839,Aqua,MODIS,39,61.03,301.7,10.3,D,0
23.3034,95.9431,321.7,1,1,2026-04-15,839,Aqua,MODIS,52,61.03,304.8,8.7,D,0
23.3127,96.6362,325.1,1,1,2026-04-15,839,Aqua,MODIS,74,61.03,304,12.1,D,0
23.3303,93.8685,323.5,1.2,1.1,2026-04-15,839,Aqua,MODIS,75,61.03,297.7,20.5,D,0
23.336,91.9572,320.2,1.5,1.2,2026-04-15,839,Aqua,MODIS,73,61.03,299.6,19.2,D,0
23.3416,92.2962,333.6,1.4,1.2,2026-04-15,839,Aqua,MODIS,83,61.03,299.4,42.7,D,0
23.3422,93.941,322,1.1,1.1,2026-04-15,839,Aqua,MODIS,61,61.03,306.3,12.9,D,0
23.3439,93.9513,320.3,1.1,1.1,2026-04-15,839,Aqua,MODIS,56,61.03,306.6,9.4,D,0
23.3449,92.2541,345.4,1.4,1.2,2026-04-15,839,Aqua,MODIS,93,61.03,299.5,76,D,0
23.3456,92.1976,322.6,1.4,1.2,2026-04-15,839,Aqua,MODIS,46,61.03,299.1,18.5,D,0
23.3521,92.1118,330,1.5,1.2,2026-04-15,839,Aqua,MODIS,83,61.03,298.3,39.2,D,0
23.3524,96.9107,313.5,1,1,2026-04-15,839,Aqua,MODIS,32,61.03,300.1,5.2,D,0
23.3601,93.9919,326.5,1.1,1.1,2026-04-15,839,Aqua,MODIS,67,61.03,311.4,12.4,D,0
23.3737,91.8255,318,1.5,1.2,2026-04-15,839,Aqua,MODIS,71,61.03,298.8,17.7,D,0
23.3742,96.2993,325.6,1,1,2026-04-15,839,Aqua,MODIS,74,61.03,300.1,13.7,D,0
23.3759,92.1423,325.7,1.5,1.2,2026-04-15,839,Aqua,MODIS,80,61.03,298.4,27.9,D,0
23.4012,93.9133,320.2,1.2,1.1,2026-04-15,839,Aqua,MODIS,50,61.03,306,10.5,D,0
23.4119,96.8647,313.4,1,1,2026-04-15,839,Aqua,MODIS,31,61.03,301.3,5.2,D,0
23.4308,92.2723,318.1,1.4,1.2,2026-04-15,839,Aqua,MODIS,71,61.03,296.8,16.7,D,0
23.4329,92.2844,316,1.4,1.2,2026-04-15,839,Aqua,MODIS,23,61.03,296,12.6,D,0
23.4381,93.7877,326.3,1.2,1.1,2026-04-15,839,Aqua,MODIS,79,61.03,296.2,24.9,D,0
23.4399,93.799,314.2,1.2,1.1,2026-04-15,839,Aqua,MODIS,55,61.03,296.9,10,D,0
23.4406,93.8613,316.1,1.2,1.1,2026-04-15,839,Aqua,MODIS,42,61.03,304.3,8.4,D,0
23.4423,93.8722,317.8,1.2,1.1,2026-04-15,839,Aqua,MODIS,58,61.03,302.8,10.2,D,0
23.4453,93.9491,325.3,1.1,1.1,2026-04-15,839,Aqua,MODIS,72,61.03,304.7,18.3,D,0
23.4462,95.1791,322.6,1,1,2026-04-15,839,Aqua,MODIS,68,61.03,306.5,7.4,D,0
23.45,92.3217,321.1,1.4,1.2,2026-04-15,839,Aqua,MODIS,75,61.03,296.7,20.5,D,0
23.455,92.0067,325.8,1.5,1.2,2026-04-15,839,Aqua,MODIS,61,61.03,299.8,25.8,D,0
23.4602,92.3196,330.4,1.4,1.2,2026-04-15,839,Aqua,MODIS,84,61.03,296.7,38.4,D,0
23.466,92.1884,311.8,1.4,1.2,2026-04-15,839,Aqua,MODIS,38,61.03,296.5,9.3,D,0
23.4709,91.975,328.7,1.5,1.2,2026-04-15,839,Aqua,MODIS,67,61.03,299.1,30.5,D,0
23.472,96.4605,316.7,1,1,2026-04-15,839,Aqua,MODIS,52,61.03,304,4.9,D,0
23.4729,94.1185,323.6,1.1,1.1,2026-04-15,839,Aqua,MODIS,75,61.03,306.5,11.2,D,0
23.4755,93.8995,313.6,1.2,1.1,2026-04-15,839,Aqua,MODIS,46,61.03,299.8,7.1,D,0
23.4977,92.3066,326.1,1.4,1.2,2026-04-15,839,Aqua,MODIS,73,61.03,297.1,29.7,D,0
23.4989,92.0117,326.6,1.5,1.2,2026-04-15,839,Aqua,MODIS,40,61.03,298.6,25.7,D,0
23.5,92.3196,362,1.4,1.2,2026-04-15,839,Aqua,MODIS,100,61.03,298.1,141.6,D,0
23.5045,91.9818,326.1,1.5,1.2,2026-04-15,839,Aqua,MODIS,53,61.03,298.7,25.4,D,0
23.5093,92.0095,326.7,1.5,1.2,2026-04-15,839,Aqua,MODIS,36,61.03,298.3,27.8,D,0
23.5415,91.9678,316.4,1.5,1.2,2026-04-15,839,Aqua,MODIS,52,61.03,298.3,12.9,D,0
23.5417,92.2566,328.6,1.4,1.2,2026-04-15,839,Aqua,MODIS,81,61.03,297.7,33.8,D,0
23.5447,96.1405,322.8,1,1,2026-04-15,839,Aqua,MODIS,55,61.03,306.7,7.7,D,0
23.5597,96.3027,323,1,1,2026-04-15,839,Aqua,MODIS,71,61.03,307.9,8.4,D,0
23.5601,92.2406,317,1.4,1.2,2026-04-15,839,Aqua,MODIS,55,61.03,296.6,14.6,D,0
23.5663,93.556,337.6,1.2,1.1,2026-04-15,839,Aqua,MODIS,88,61.03,297.6,45.1,D,0
23.5682,93.5672,329.4,1.2,1.1,2026-04-15,839,Aqua,MODIS,82,61.03,296.5,30.5,D,0
23.5691,94.1369,318.6,1.1,1.1,2026-04-15,839,Aqua,MODIS,39,61.03,303.7,6.7,D,0
23.5713,93.7608,338.2,1.2,1.1,2026-04-15,839,Aqua,MODIS,71,61.03,298.4,43.2,D,0
23.5718,96.4461,322.3,1,1,2026-04-15,839,Aqua,MODIS,69,61.03,306,9.3,D,0
23.5751,91.9746,321.5,1.5,1.2,2026-04-15,839,Aqua,MODIS,51,61.03,299.1,20.7,D,0
23.5862,91.9147,314.1,1.5,1.2,2026-04-15,839,Aqua,MODIS,36,61.03,299.3,9,D,0
23.5867,96.9202,316.4,1,1,2026-04-15,839,Aqua,MODIS,53,61.03,303.4,6.3,D,0
23.5887,91.9288,317.1,1.5,1.2,2026-04-15,839,Aqua,MODIS,69,61.03,299.2,13.7,D,0
23.5912,91.9432,321.9,1.5,1.2,2026-04-15,839,Aqua,MODIS,65,61.03,299.4,20.7,D,0
23.6052,94.303,315.6,1.1,1,2026-04-15,839,Aqua,MODIS,59,61.03,301.8,6.2,D,0
23.6151,93.8527,342.4,1.2,1.1,2026-04-15,839,Aqua,MODIS,88,61.03,298.2,49.3,D,0
23.6169,93.8632,348.4,1.2,1.1,2026-04-15,839,Aqua,MODIS,94,61.03,297.3,63.5,D,0
23.6178,93.5383,321.8,1.2,1.1,2026-04-15,839,Aqua,MODIS,50,61.03,296.9,18.1,D,0
23.6243,91.9733,323.2,1.5,1.2,2026-04-15,839,Aqua,MODIS,76,61.03,298.8,25.4,D,0
23.6488,93.8251,325.3,1.2,1.1,2026-04-15,839,Aqua,MODIS,39,61.03,296,21.9,D,0
23.652,91.7635,315.5,1.5,1.2,2026-04-15,839,Aqua,MODIS,38,61.03,298.1,12.5,D,0
23.6554,91.9668,322.2,1.5,1.2,2026-04-15,839,Aqua,MODIS,76,61.03,299.6,22.9,D,0
23.6565,93.8279,311.1,1.2,1.1,2026-04-15,839,Aqua,MODIS,29,61.03,294.3,8.4,D,0
23.6645,95.2166,324.3,1,1,2026-04-15,839,Aqua,MODIS,72,61.03,307.2,11.2,D,0
23.6756,92.0203,312.9,1.5,1.2,2026-04-15,839,Aqua,MODIS,59,61.03,297.7,9.8,D,0
23.6804,91.7658,328.4,1.5,1.2,2026-04-15,839,Aqua,MODIS,82,61.03,298.9,34.6,D,0
23.6821,92.1179,320.3,1.4,1.2,2026-04-15,839,Aqua,MODIS,74,61.03,297.4,22.4,D,0
23.6844,92.1309,313.2,1.4,1.2,2026-04-15,839,Aqua,MODIS,61,61.03,297,11.7,D,0
23.6906,95.1351,321.9,1,1,2026-04-15,839,Aqua,MODIS,63,61.03,305.5,7.9,D,0
23.6909,91.7636,348.5,1.5,1.2,2026-04-15,839,Aqua,MODIS,94,61.03,299.4,94.6,D,0
23.6913,96.3644,321.1,1,1,2026-04-15,839,Aqua,MODIS,63,61.03,307,7.2,D,0
23.6955,92.0728,311.1,1.4,1.2,2026-04-15,839,Aqua,MODIS,43,61.03,297,7.9,D,0
23.7061,91.8483,317.9,1.5,1.2,2026-04-15,839,Aqua,MODIS,59,61.03,298.6,16,D,0
23.7122,91.6992,320,1.5,1.2,2026-04-15,839,Aqua,MODIS,68,61.03,298.9,19.4,D,0
23.7212,92.2203,314.3,1.4,1.2,2026-04-15,839,Aqua,MODIS,61,61.03,297.6,11.6,D,0
23.7219,95.5929,324.7,1,1,2026-04-15,839,Aqua,MODIS,38,61.03,305.6,11.9,D,0
23.7305,92.0444,327.3,1.5,1.2,2026-04-15,839,Aqua,MODIS,31,61.03,298.3,25.7,D,0
23.7351,93.9001,318,1.1,1.1,2026-04-15,839,Aqua,MODIS,67,61.03,297.8,14.8,D,0
23.7375,91.8416,350.7,1.5,1.2,2026-04-15,839,Aqua,MODIS,96,61.03,298.2,103.4,D,0
23.7381,92.1343,311.6,1.4,1.2,2026-04-15,839,Aqua,MODIS,46,61.03,297.3,8.1,D,0
23.7393,92.2028,325.7,1.4,1.2,2026-04-15,839,Aqua,MODIS,62,61.03,298.2,26.5,D,0
23.74,91.8555,320,1.5,1.2,2026-04-15,839,Aqua,MODIS,65,61.03,297.7,19.2,D,0
23.7422,91.5362,315.7,1.6,1.2,2026-04-15,839,Aqua,MODIS,65,61.03,297.3,16,D,0
23.7445,92.1821,315.6,1.4,1.2,2026-04-15,839,Aqua,MODIS,35,61.03,298,12.3,D,0
23.7468,92.1949,325.5,1.4,1.2,2026-04-15,839,Aqua,MODIS,80,61.03,298.7,28.5,D,0
23.7469,93.8551,317,1.1,1.1,2026-04-15,839,Aqua,MODIS,53,61.03,292.9,14.8,D,0
23.7473,92.1877,321.7,1.4,1.2,2026-04-15,839,Aqua,MODIS,76,61.03,298.2,22.3,D,0
23.7495,92.2007,312.6,1.4,1.2,2026-04-15,839,Aqua,MODIS,21,61.03,297.7,8.2,D,0
23.7539,91.7498,325.7,1.5,1.2,2026-04-15,839,Aqua,MODIS,79,61.03,299.2,29.9,D,0
23.754,93.8585,310.4,1.1,1.1,2026-04-15,839,Aqua,MODIS,45,61.03,294.4,8,D,0
23.7542,91.9965,318.5,1.5,1.2,2026-04-15,839,Aqua,MODIS,65,61.03,297.3,16.9,D,0
23.7542,93.8022,319.4,1.2,1.1,2026-04-15,839,Aqua,MODIS,68,61.03,299.5,15.3,D,0
23.7562,93.8144,317.9,1.2,1.1,2026-04-15,839,Aqua,MODIS,69,61.03,296.2,13.7,D,0
23.7581,91.6237,312.7,1.5,1.2,2026-04-15,839,Aqua,MODIS,51,61.03,298,10.2,D,0
23.7581,93.9831,320.1,1.1,1.1,2026-04-15,839,Aqua,MODIS,55,61.03,295.6,16,D,0
23.7631,92.1076,317.3,1.4,1.2,2026-04-15,839,Aqua,MODIS,46,61.03,297.5,13.6,D,0
23.7682,91.8929,318.8,1.5,1.2,2026-04-15,839,Aqua,MODIS,48,61.03,297.7,15.6,D,0
23.7765,95.1537,319.6,1,1,2026-04-15,839,Aqua,MODIS,66,61.03,305.7,6.8,D,0
23.7775,95.043,315.7,1,1,2026-04-15,839,Aqua,MODIS,44,61.03,302.6,6,D,0
23.7841,91.7674,326,1.5,1.2,2026-04-15,839,Aqua,MODIS,80,61.03,298.1,31.3,D,0
23.789,91.8885,320.4,1.5,1.2,2026-04-15,839,Aqua,MODIS,20,61.03,298,18.2,D,0
23.791,93.3472,312.8,1.2,1.1,2026-04-15,839,Aqua,MODIS,59,61.03,300.3,8.2,D,0
23.7947,94.2109,323.5,1.1,1,2026-04-15,839,Aqua,MODIS,76,61.03,305.6,12.3,D,0
23.7963,94.2214,317.8,1.1,1,2026-04-15,839,Aqua,MODIS,68,61.03,304.5,6,D,0
23.7971,92.0583,322.5,1.4,1.2,2026-04-15,839,Aqua,MODIS,76,61.03,298.1,21.7,D,0
23.7995,92.0719,317.9,1.4,1.2,2026-04-15,839,Aqua,MODIS,47,61.03,297.7,12.8,D,0
23.8085,96.4159,323.6,1,1,2026-04-15,839,Aqua,MODIS,73,61.03,305,10.1,D,0
23.8134,96.7126,314.9,1,1,2026-04-15,839,Aqua,MODIS,52,61.03,301.6,5.3,D,0
23.8367,91.7568,325.6,1.5,1.2,2026-04-15,839,Aqua,MODIS,79,61.03,298.1,29.7,D,0
23.8465,94.3672,316.7,1.1,1,2026-04-15,839,Aqua,MODIS,66,61.03,301.1,6.6,D,0
23.8471,91.7542,321.3,1.5,1.2,2026-04-15,839,Aqua,MODIS,68,61.03,298.7,21.3,D,0
23.8474,96.8085,313.4,1,1,2026-04-15,839,Aqua,MODIS,45,61.03,300.2,5.6,D,0
23.8505,91.9577,311.4,1.5,1.2,2026-04-15,839,Aqua,MODIS,54,61.03,298.1,8,D,0
23.8597,91.7885,322.9,1.5,1.2,2026-04-15,839,Aqua,MODIS,38,61.03,298,23.1,D,0
23.8601,94.0436,310.8,1.1,1.1,2026-04-15,839,Aqua,MODIS,46,61.03,299,6.5,D,0
23.8645,96.9921,317.5,1,1,2026-04-15,839,Aqua,MODIS,65,61.03,301.7,8.4,D,0
23.865,94.0745,316.4,1.1,1.1,2026-04-15,839,Aqua,MODIS,66,61.03,298.8,10.9,D,0
23.8692,91.8803,323.2,1.5,1.2,2026-04-15,839,Aqua,MODIS,77,61.03,297.7,27.7,D,0
23.8713,93.7136,314.4,1.2,1.1,2026-04-15,839,Aqua,MODIS,50,61.03,299.3,8.1,D,0
23.8716,91.8942,317.1,1.5,1.2,2026-04-15,839,Aqua,MODIS,69,61.03,297.3,16.7,D,0
23.8751,93.9694,311.6,1.1,1.1,2026-04-15,839,Aqua,MODIS,49,61.03,298,7.7,D,0
23.8819,93.837,312.6,1.1,1.1,2026-04-15,839,Aqua,MODIS,57,61.03,296.1,9.3,D,0
23.8853,93.6232,325.2,1.2,1.1,2026-04-15,839,Aqua,MODIS,28,61.03,297.3,21.4,D,0
23.8912,93.4523,319.8,1.2,1.1,2026-04-15,839,Aqua,MODIS,66,61.03,299.4,16.4,D,0
23.8926,93.609,323.3,1.2,1.1,2026-04-15,839,Aqua,MODIS,44,61.03,296.5,18.4,D,0
23.8945,93.6206,347.1,1.2,1.1,2026-04-15,839,Aqua,MODIS,94,61.03,300.9,63.8,D,0
23.8963,93.6319,350,1.2,1.1,2026-04-15,839,Aqua,MODIS,95,61.03,300.6,71.5,D,0
23.8985,93.4959,334.8,1.2,1.1,2026-04-15,839,Aqua,MODIS,75,61.03,302.2,38.3,D,0
23.9004,93.5072,318.9,1.2,1.1,2026-04-15,839,Aqua,MODIS,65,61.03,297,13.9,D,0
23.9008,93.6249,342.7,1.2,1.1,2026-04-15,839,Aqua,MODIS,92,61.03,300.6,56.6,D,0
23.9027,93.6361,326.7,1.2,1.1,2026-04-15,839,Aqua,MODIS,80,61.03,296.2,26.9,D,0
23.9177,93.436,329,1.2,1.1,2026-04-15,839,Aqua,MODIS,82,61.03,298.5,28.4,D,0
23.9196,93.4472,325.3,1.2,1.1,2026-04-15,839,Aqua,MODIS,77,61.03,297.9,22.7,D,0
23.9246,93.7099,312.7,1.2,1.1,2026-04-15,839,Aqua,MODIS,54,61.03,296.3,8.2,D,0
23.9264,93.7208,311.7,1.2,1.1,2026-04-15,839,Aqua,MODIS,43,61.03,296.6,7.4,D,0
23.9272,93.4343,314.2,1.2,1.1,2026-04-15,839,Aqua,MODIS,57,61.03,298.2,9.8,D,0
23.929,93.4456,317.5,1.2,1.1,2026-04-15,839,Aqua,MODIS,69,61.03,297.9,13.6,D,0
23.9658,93.6101,314.3,1.2,1.1,2026-04-15,839,Aqua,MODIS,47,61.03,299.3,9.8,D,0
23.9805,93.9335,310.3,1.1,1.1,2026-04-15,839,Aqua,MODIS,41,61.03,295.4,7.7,D,0
23.9812,93.8215,312.9,1.1,1.1,2026-04-15,839,Aqua,MODIS,58,61.03,297,9.7,D,0
23.9815,96.091,325.3,1,1,2026-04-15,839,Aqua,MODIS,76,61.03,302.8,14,D,0
23.9821,93.9436,315.3,1.1,1.1,2026-04-15,839,Aqua,MODIS,64,61.03,296.2,12.2,D,0
23.9829,93.8321,332.5,1.1,1.1,2026-04-15,839,Aqua,MODIS,85,61.03,298,34.8,D,0
23.9836,91.9021,314.3,1.5,1.2,2026-04-15,839,Aqua,MODIS,64,61.03,297.7,11.7,D,0
23.9877,93.529,312.3,1.2,1.1,2026-04-15,839,Aqua,MODIS,24,61.03,299.3,6.4,D,0
23.988,93.4143,311.2,1.2,1.1,2026-04-15,839,Aqua,MODIS,44,61.03,297.3,8.5,D,0
23.9937,93.2728,336.2,1.2,1.1,2026-04-15,839,Aqua,MODIS,88,61.03,293.7,44.2,D,0
23.9992,93.3648,311.5,1.2,1.1,2026-04-15,839,Aqua,MODIS,33,61.03,298.8,8.7,D,0
24.0219,94.4743,316.7,1.1,1,2026-04-15,839,Aqua,MODIS,26,61.03,302.3,7.1,D,0
24.0388,96.9951,318.5,1,1,2026-04-15,839,Aqua,MODIS,67,61.03,301.6,8.6,D,0
24.0454,93.7025,326.9,1.2,1.1,2026-04-15,839,Aqua,MODIS,76,61.03,297,26,D,0
24.0471,93.7126,310.1,1.2,1.1,2026-04-15,839,Aqua,MODIS,37,61.03,293.9,6.6,D,0
24.0589,93.5496,358.5,1.2,1.1,2026-04-15,839,Aqua,MODIS,99,61.03,302.5,96.4,D,0
24.0606,93.56,320.9,1.2,1.1,2026-04-15,839,Aqua,MODIS,74,61.03,300.9,15,D,0
24.0751,96.1554,313.7,1,1,2026-04-15,839,Aqua,MODIS,35,61.03,300.8,4.2,D,0
24.095,93.3855,312,1.2,1.1,2026-04-15,839,Aqua,MODIS,55,61.03,294.6,7.7,D,0
24.0969,93.3972,322,1.2,1.1,2026-04-15,839,Aqua,MODIS,75,61.03,298.4,19.2,D,0
24.0985,93.5235,322.4,1.2,1.1,2026-04-15,839,Aqua,MODIS,76,61.03,301.4,17.4,D,0
24.1022,93.7191,317.8,1.2,1.1,2026-04-15,839,Aqua,MODIS,33,61.03,294.9,11.6,D,0
24.1144,94.0092,353.6,1.1,1.1,2026-04-15,839,Aqua,MODIS,97,61.03,300.6,77.7,D,0
24.1162,94.0201,384.5,1.1,1.1,2026-04-15,839,Aqua,MODIS,100,61.03,302.8,198.1,D,0
24.1163,94.4298,316.3,1.1,1,2026-04-15,839,Aqua,MODIS,64,61.03,303.7,6.2,D,0
24.1188,93.7039,321.5,1.2,1.1,2026-04-15,839,Aqua,MODIS,25,61.03,297.6,15.7,D,0
24.1215,93.2205,330.2,1.2,1.1,2026-04-15,839,Aqua,MODIS,82,61.03,298.3,33,D,0
24.1236,93.2325,351.7,1.2,1.1,2026-04-15,839,Aqua,MODIS,96,61.03,299.9,81.4,D,0
24.13,93.7137,343.7,1.2,1.1,2026-04-15,839,Aqua,MODIS,92,61.03,299.7,53.8,D,0
24.1304,94.0499,309.7,1.1,1.1,2026-04-15,839,Aqua,MODIS,21,61.03,297.6,6.6,D,0
24.1316,93.7236,340.9,1.2,1.1,2026-04-15,839,Aqua,MODIS,90,61.03,298.3,47.2,D,0
24.1396,93.5381,315.4,1.2,1.1,2026-04-15,839,Aqua,MODIS,61,61.03,299.7,9.7,D,0
24.1487,92.91,313.2,1.3,1.1,2026-04-15,839,Aqua,MODIS,61,61.03,297.7,9,D,0
24.1502,93.3321,383.8,1.2,1.1,2026-04-15,839,Aqua,MODIS,100,61.03,307.9,215.2,D,0
24.1507,92.9223,338.6,1.3,1.1,2026-04-15,839,Aqua,MODIS,89,61.03,298.5,50.4,D,0
24.1508,93.3935,310.9,1.2,1.1,2026-04-15,839,Aqua,MODIS,32,61.03,294.5,8.7,D,0
24.1519,92.916,326.4,1.3,1.1,2026-04-15,839,Aqua,MODIS,81,61.03,298.7,27.1,D,0
24.152,93.731,311.4,1.1,1.1,2026-04-15,839,Aqua,MODIS,52,61.03,297.1,7.6,D,0
24.1522,93.3442,390,1.2,1.1,2026-04-15,839,Aqua,MODIS,100,61.03,304.2,252.9,D,0
24.1524,93.4034,315.6,1.2,1.1,2026-04-15,839,Aqua,MODIS,57,61.03,293,13.5,D,0
24.1541,92.9286,317.9,1.3,1.1,2026-04-15,839,Aqua,MODIS,71,61.03,297.6,14.8,D,0
24.1577,93.9404,314.8,1.1,1.1,2026-04-15,839,Aqua,MODIS,63,61.03,298.8,10.5,D,0
24.1596,93.3301,313.7,1.2,1.1,2026-04-15,839,Aqua,MODIS,55,61.03,297.3,9.3,D,0
24.1625,96.1244,320.8,1,1,2026-04-15,839,Aqua,MODIS,70,61.03,303.8,8.5,D,0
24.1638,93.5682,314.8,1.2,1.1,2026-04-15,839,Aqua,MODIS,63,61.03,299.2,9.4,D,0
24.1712,96.1229,317.5,1,1,2026-04-15,839,Aqua,MODIS,63,61.03,303.1,5.1,D,0
24.1816,93.9127,320.2,1.1,1.1,2026-04-15,839,Aqua,MODIS,62,61.03,300.2,14.3,D,0
24.1834,93.9238,358.7,1.1,1.1,2026-04-15,839,Aqua,MODIS,86,61.03,301,92.1,D,0
24.1845,93.3033,346.8,1.2,1.1,2026-04-15,839,Aqua,MODIS,94,61.03,296.7,66.5,D,0
24.185,93.7578,317.9,1.1,1.1,2026-04-15,839,Aqua,MODIS,65,61.03,297.9,14,D,0
24.1863,93.3143,323.6,1.2,1.1,2026-04-15,839,Aqua,MODIS,69,61.03,296.9,21.1,D,0
24.1878,96.9968,312.7,1,1,2026-04-15,839,Aqua,MODIS,50,61.03,300.1,5.2,D,0
24.1939,93.3014,368.2,1.2,1.1,2026-04-15,839,Aqua,MODIS,100,61.03,297.6,137.7,D,0
24.1958,93.3127,339.3,1.2,1.1,2026-04-15,839,Aqua,MODIS,90,61.03,293.4,47.9,D,0
24.2225,93.7662,314.9,1.1,1.1,2026-04-15,839,Aqua,MODIS,61,61.03,296.1,11,D,0
24.2242,93.7767,325.5,1.1,1.1,2026-04-15,839,Aqua,MODIS,79,61.03,294.6,23.4,D,0
24.2319,93.7074,316.8,1.1,1.1,2026-04-15,839,Aqua,MODIS,67,61.03,298.3,13,D,0
24.2609,94.0009,328.7,1.1,1.1,2026-04-15,839,Aqua,MODIS,82,61.03,297.6,26.4,D,0
24.2734,94.0196,323.6,1.1,1.1,2026-04-15,839,Aqua,MODIS,77,61.03,298.5,20.4,D,0
24.297,96.9925,315,1,1,2026-04-15,839,Aqua,MODIS,40,61.03,301.9,4.6,D,0
24.303,93.2847,318.3,1.2,1.1,2026-04-15,839,Aqua,MODIS,71,61.03,295.6,14.8,D,0
24.3048,93.2953,342,1.2,1.1,2026-04-15,839,Aqua,MODIS,91,61.03,296.1,55.2,D,0
24.3091,93.2885,310.5,1.2,1.1,2026-04-15,839,Aqua,MODIS,40,61.03,293.4,6.5,D,0
24.3163,93.1567,334,1.2,1.1,2026-04-15,839,Aqua,MODIS,86,61.03,296.1,41.4,D,0
24.3182,93.1683,336.1,1.2,1.1,2026-04-15,839,Aqua,MODIS,88,61.03,294.9,44.9,D,0
24.3335,93.3171,309.2,1.2,1.1,2026-04-15,839,Aqua,MODIS,37,61.03,295.2,5,D,0
24.341,93.187,312.5,1.2,1.1,2026-04-15,839,Aqua,MODIS,60,61.03,295.5,10.2,D,0
24.3535,94.3439,318.1,1.1,1,2026-04-15,839,Aqua,MODIS,59,61.03,304.4,7.8,D,0
24.3549,96.4197,321.6,1,1,2026-04-15,839,Aqua,MODIS,68,61.03,304.4,7.7,D,0
24.362,92.8233,314.3,1.3,1.1,2026-04-15,839,Aqua,MODIS,66,61.03,296.2,11.7,D,0
24.3681,92.8591,311.5,1.3,1.1,2026-04-15,839,Aqua,MODIS,59,61.03,297,8,D,0
24.3701,92.8705,316.2,1.3,1.1,2026-04-15,839,Aqua,MODIS,69,61.03,297.3,13.3,D,0
24.3792,94.2184,317.8,1.1,1,2026-04-15,839,Aqua,MODIS,68,61.03,300.7,11.8,D,0
24.3806,95.9007,320.6,1,1,2026-04-15,839,Aqua,MODIS,71,61.03,304.2,7.7,D,0
24.3808,94.2284,320.9,1.1,1,2026-04-15,839,Aqua,MODIS,73,61.03,300.6,14.8,D,0
24.3922,93.0006,313.4,1.2,1.1,2026-04-15,839,Aqua,MODIS,53,61.03,298.4,8.6,D,0
24.4152,93.0197,347.4,1.2,1.1,2026-04-15,839,Aqua,MODIS,94,61.03,299.9,69.1,D,0
24.4153,94.0949,325.3,1.1,1,2026-04-15,839,Aqua,MODIS,78,61.03,297.2,21.8,D,0
24.4157,92.767,320.5,1.3,1.1,2026-04-15,839,Aqua,MODIS,75,61.03,297.6,18.1,D,0
24.4172,93.0313,391.7,1.2,1.1,2026-04-15,839,Aqua,MODIS,94,61.03,300.9,274.8,D,0
24.4244,94.0929,322.2,1.1,1,2026-04-15,839,Aqua,MODIS,75,61.03,296.9,18.4,D,0
24.4706,94.7926,322,1,1,2026-04-15,839,Aqua,MODIS,74,61.03,306.4,10.6,D,0
24.4722,94.8025,318,1,1,2026-04-15,839,Aqua,MODIS,64,61.03,306.2,6.3,D,0
24.5901,96.0659,313.4,1,1,2026-04-15,839,Aqua,MODIS,49,61.03,301.3,4.4,D,0
24.6061,95.7344,322.5,1,1,2026-04-15,839,Aqua,MODIS,74,61.03,303.2,13.6,D,0
24.6278,95.7598,314,1,1,2026-04-15,839,Aqua,MODIS,45,61.03,301.6,5.8,D,0
24.6311,94.7555,321.1,1,1,2026-04-15,839,Aqua,MODIS,43,61.03,305.6,7.7,D,0
24.643,94.7679,319.1,1,1,2026-04-15,839,Aqua,MODIS,43,61.03,304.6,6.9,D,0
24.6519,94.7663,321.4,1,1,2026-04-15,839,Aqua,MODIS,74,61.03,304.5,9.9,D,0
24.863,96.6732,315.4,1,1,2026-04-15,839,Aqua,MODIS,66,61.03,299.4,8.2,D,0
24.8643,96.6829,327.9,1,1,2026-04-15,839,Aqua,MODIS,82,61.03,299.5,20.8,D,0
25.3226,95.9539,316.4,1,1,2026-04-15,839,Aqua,MODIS,62,61.03,302.6,5.3,D,0
25.4046,95.0258,309.2,1,1,2026-04-15,839,Aqua,MODIS,34,61.03,291.8,4.8,D,0
25.4116,96.5703,325.7,1,1,2026-04-15,839,Aqua,MODIS,79,61.03,303.2,16.7,D,0
25.4634,96.2283,316,1,1,2026-04-15,839,Aqua,MODIS,68,61.03,294.3,10.8,D,0
25.4672,96.3166,312.9,1,1,2026-04-15,839,Aqua,MODIS,61,61.03,298.4,7,D,0
25.5085,96.1447,341.7,1,1,2026-04-15,839,Aqua,MODIS,86,61.03,299.2,39.6,D,0
25.5404,96.3663,320.1,1,1,2026-04-15,839,Aqua,MODIS,74,61.03,298.2,12.3,D,0
25.5491,96.3648,316.7,1,1,2026-04-15,839,Aqua,MODIS,69,61.03,298.1,9,D,0
25.5496,96.3053,316.4,1,1,2026-04-15,839,Aqua,MODIS,69,61.03,297.6,8.7,D,0
25.5505,96.3745,340.3,1,1,2026-04-15,839,Aqua,MODIS,90,61.03,299.3,38.6,D,0
25.2502,93.6941,307.2,1.1,1.1,2026-04-15,840,Aqua,MODIS,41,61.03,293.4,6,D,0
25.3258,90.9721,313.2,1.6,1.2,2026-04-15,840,Aqua,MODIS,66,61.03,295.5,15,D,0
25.3285,90.9868,312.6,1.6,1.2,2026-04-15,840,Aqua,MODIS,55,61.03,295.5,14.2,D,0
25.4128,90.6895,319.5,1.7,1.3,2026-04-15,840,Aqua,MODIS,74,61.03,295.6,27.7,D,0
25.4362,90.9412,318.1,1.6,1.2,2026-04-15,840,Aqua,MODIS,54,61.03,296.2,20.6,D,0
25.5123,90.7899,313.9,1.6,1.3,2026-04-15,840,Aqua,MODIS,50,61.03,297.2,14.2,D,0
25.6429,90.7331,313.6,1.6,1.3,2026-04-15,840,Aqua,MODIS,62,61.03,298,13.9,D,0
25.7605,91.7712,332,1.4,1.2,2026-04-15,840,Aqua,MODIS,86,61.03,295.8,43.6,D,0
25.7628,91.7846,322.4,1.4,1.2,2026-04-15,840,Aqua,MODIS,79,61.03,295.1,25.3,D,0
25.7766,96.6017,315.6,1,1,2026-04-15,840,Aqua,MODIS,58,61.03,300.4,7.4,D,0
25.7779,96.6115,320.8,1,1,2026-04-15,840,Aqua,MODIS,77,61.03,303.1,11.9,D,0
25.783,91.7802,338,1.4,1.2,2026-04-15,840,Aqua,MODIS,90,61.03,295.2,57,D,0
25.8035,92.2621,307.7,1.3,1.1,2026-04-15,840,Aqua,MODIS,52,61.03,293.3,6.6,D,0
25.8052,96.6771,322.9,1,1,2026-04-15,840,Aqua,MODIS,79,61.03,303.2,13.5,D,0
25.8067,92.2678,307.5,1.3,1.1,2026-04-15,840,Aqua,MODIS,51,61.03,293.3,6.4,D,0
25.8323,90.1269,310.6,1.8,1.3,2026-04-15,840,Aqua,MODIS,48,61.03,296.8,11.4,D,0
25.8366,93.362,307.8,1.1,1.1,2026-04-15,840,Aqua,MODIS,62,61.03,293.2,6.1,D,0
25.8465,92.3219,313,1.3,1.1,2026-04-15,840,Aqua,MODIS,67,61.03,293.7,11.5,D,0
25.8884,93.3288,322,1.1,1.1,2026-04-15,840,Aqua,MODIS,73,61.03,295.5,18,D,0
25.906,92.6683,317.6,1.2,1.1,2026-04-15,840,Aqua,MODIS,74,61.03,294.6,15.5,D,0
25.9066,93.3422,311.6,1.1,1.1,2026-04-15,840,Aqua,MODIS,52,61.03,294.6,8,D,0
25.9112,92.5822,316.3,1.2,1.1,2026-04-15,840,Aqua,MODIS,46,61.03,290.8,12.9,D,0
25.9223,92.5306,319.1,1.2,1.1,2026-04-15,840,Aqua,MODIS,52,61.03,292.9,14.9,D,0
25.9244,92.5427,328.5,1.2,1.1,2026-04-15,840,Aqua,MODIS,84,61.03,293.3,29.4,D,0
25.9344,92.4111,319.7,1.3,1.1,2026-04-15,840,Aqua,MODIS,76,61.03,293.2,18.5,D,0
25.9489,92.4949,312.3,1.3,1.1,2026-04-15,840,Aqua,MODIS,65,61.03,294.4,9.2,D,0
25.9604,93.2629,312.8,1.1,1.1,2026-04-15,840,Aqua,MODIS,36,61.03,295.4,7.6,D,0
25.9621,93.2739,313.7,1.1,1.1,2026-04-15,840,Aqua,MODIS,44,61.03,295.8,8.6,D,0
25.9624,93.2168,315.9,1.2,1.1,2026-04-15,840,Aqua,MODIS,69,61.03,296.1,10.3,D,0
25.9682,93.209,311.4,1.2,1.1,2026-04-15,840,Aqua,MODIS,56,61.03,296.3,6.5,D,0
25.9696,93.261,316.3,1.1,1.1,2026-04-15,840,Aqua,MODIS,64,61.03,295.9,10.7,D,0
25.9701,93.22,310.4,1.2,1.1,2026-04-15,840,Aqua,MODIS,52,61.03,295.7,5.7,D,0
25.9714,93.272,314.5,1.1,1.1,2026-04-15,840,Aqua,MODIS,58,61.03,295.9,9,D,0
26.2397,92.8805,312.8,1.2,1.1,2026-04-15,840,Aqua,MODIS,66,61.03,292.8,9.3,D,0
26.4621,83.9691,329,4.7,2,2026-04-15,840,Aqua,MODIS,81,61.03,304.4,136.6,D,0
26.4637,83.9655,329.2,4.7,2,2026-04-15,840,Aqua,MODIS,82,61.03,304.6,143.2,D,0
8.8987,77.8573,326.2,1.2,1.1,2026-04-15,1013,Aqua,MODIS,72,61.03,307.4,9.9,D,0
9.1414,77.8918,328.7,1.2,1.1,2026-04-15,1013,Aqua,MODIS,69,61.03,310.4,14,D,0
9.2407,77.8056,332.5,1.2,1.1,2026-04-15,1013,Aqua,MODIS,67,61.03,311.9,18.4,D,0
9.3327,76.4874,318,1.1,1,2026-04-15,1014,Aqua,MODIS,0,61.03,304,6.9,D,0
9.387,76.4833,316.6,1.1,1,2026-04-15,1014,Aqua,MODIS,30,61.03,303.2,6.9,D,0
9.413,76.5371,329.9,1.1,1,2026-04-15,1014,Aqua,MODIS,59,61.03,303.3,21.6,D,0
9.4257,76.4968,318.8,1.1,1,2026-04-15,1014,Aqua,MODIS,0,61.03,303.5,8.3,D,0
9.4348,76.4955,333.9,1.1,1,2026-04-15,1014,Aqua,MODIS,63,61.03,303.7,26.6,D,0
9.5085,78.0475,338.7,1.3,1.1,2026-04-15,1014,Aqua,MODIS,86,61.03,315.2,25.4,D,0
10.1861,77.2373,322.3,1.2,1.1,2026-04-15,1014,Aqua,MODIS,66,61.03,298.3,18.8,D,0
10.2697,77.3186,330,1.2,1.1,2026-04-15,1014,Aqua,MODIS,77,61.03,306.8,23.5,D,0
10.271,77.328,324.1,1.2,1.1,2026-04-15,1014,Aqua,MODIS,50,61.03,306.4,16.6,D,0
10.2805,77.3271,331.3,1.2,1.1,2026-04-15,1014,Aqua,MODIS,74,61.03,309.2,27,D,0
10.2818,77.3365,332.1,1.2,1.1,2026-04-15,1014,Aqua,MODIS,80,61.03,309.2,30.1,D,0
10.3268,77.591,327.5,1.2,1.1,2026-04-15,1014,Aqua,MODIS,74,61.03,302.2,27,D,0
11.0345,78.8901,326.6,1.5,1.2,2026-04-15,1014,Aqua,MODIS,54,61.03,312.2,11.7,D,0
11.4637,76.6188,327.4,1.1,1.1,2026-04-15,1014,Aqua,MODIS,76,61.03,302.6,22.6,D,0
11.5007,76.6137,333.2,1.1,1.1,2026-04-15,1014,Aqua,MODIS,83,61.03,301.2,30.6,D,0
11.5021,76.6236,340,1.1,1.1,2026-04-15,1014,Aqua,MODIS,88,61.03,301.1,42.8,D,0
11.5137,76.3777,326.3,1.1,1,2026-04-15,1014,Aqua,MODIS,75,61.03,301,20,D,0
11.5984,78.9009,325.1,1.6,1.2,2026-04-15,1014,Aqua,MODIS,57,61.03,311.7,10.9,D,0
11.6002,78.9148,325.9,1.6,1.2,2026-04-15,1014,Aqua,MODIS,61,61.03,312.2,13.3,D,0
11.6957,77.1766,325.5,1.2,1.1,2026-04-15,1014,Aqua,MODIS,72,61.03,303.5,20.2,D,0
11.6971,77.1873,328.6,1.2,1.1,2026-04-15,1014,Aqua,MODIS,77,61.03,303.3,25.9,D,0
12.0916,77.1629,323.9,1.2,1.1,2026-04-15,1014,Aqua,MODIS,51,61.03,311.1,10.7,D,0
12.3706,77.8677,331.7,1.4,1.2,2026-04-15,1014,Aqua,MODIS,77,61.03,307.1,31.7,D,0
12.3728,77.807,329.7,1.4,1.2,2026-04-15,1014,Aqua,MODIS,74,61.03,304.5,29,D,0
12.4213,77.8618,325.2,1.4,1.2,2026-04-15,1014,Aqua,MODIS,60,61.03,307,17.4,D,0
12.6395,74.9456,317.5,1,1,2026-04-15,1014,Aqua,MODIS,59,61.03,302.4,5.8,D,0
12.8235,78.1116,322.7,1.4,1.2,2026-04-15,1014,Aqua,MODIS,57,61.03,307.1,10.6,D,0
12.8269,78.9844,326.6,1.7,1.3,2026-04-15,1014,Aqua,MODIS,68,61.03,309.2,24.6,D,0
12.9216,76.2197,324.3,1.1,1.1,2026-04-15,1014,Aqua,MODIS,47,61.03,307.4,9.5,D,0
13.1492,78.8104,327.4,1.6,1.3,2026-04-15,1014,Aqua,MODIS,71,61.03,309.4,23,D,0
13.1511,78.8252,326.3,1.6,1.3,2026-04-15,1014,Aqua,MODIS,69,61.03,309.7,20.5,D,0
13.4931,78.3774,327.6,1.5,1.2,2026-04-15,1015,Aqua,MODIS,72,61.03,307.4,23.9,D,0
13.8537,78.5769,325.5,1.6,1.2,2026-04-15,1015,Aqua,MODIS,62,61.03,309.7,14.7,D,0
13.8875,79.115,323,1.8,1.3,2026-04-15,1015,Aqua,MODIS,38,61.03,305.8,17.6,D,0
13.9017,79.1368,327.9,1.8,1.3,2026-04-15,1015,Aqua,MODIS,24,61.03,306.7,27.8,D,0
13.9328,79.1992,323.2,1.8,1.3,2026-04-15,1015,Aqua,MODIS,29,61.03,307,15.7,D,0
13.9381,79.149,330,1.8,1.3,2026-04-15,1015,Aqua,MODIS,51,61.03,307.1,30.8,D,0
13.9633,79.164,328.2,1.8,1.3,2026-04-15,1015,Aqua,MODIS,68,61.03,308.4,23.5,D,0
13.9921,79.0402,351.3,1.8,1.3,2026-04-15,1015,Aqua,MODIS,94,61.03,307.4,111.6,D,0
13.9941,79.0564,340.6,1.8,1.3,2026-04-15,1015,Aqua,MODIS,86,61.03,309.1,64.5,D,0
14.0148,79.0375,330.1,1.8,1.3,2026-04-15,1015,Aqua,MODIS,57,61.03,306,27.9,D,0
14.0524,79.0597,342.1,1.8,1.3,2026-04-15,1015,Aqua,MODIS,87,61.03,308,70.4,D,0
14.0532,79.0666,363.1,1.8,1.3,2026-04-15,1015,Aqua,MODIS,100,61.03,309.5,179,D,0
14.0538,78.9775,326,1.7,1.3,2026-04-15,1015,Aqua,MODIS,26,61.03,307,16.4,D,0
14.054,78.9843,326.4,1.7,1.3,2026-04-15,1015,Aqua,MODIS,38,61.03,307.1,18.2,D,0
14.0543,79.0754,350.3,1.8,1.3,2026-04-15,1015,Aqua,MODIS,94,61.03,309.6,106,D,0
14.0552,79.0818,342.5,1.8,1.3,2026-04-15,1015,Aqua,MODIS,88,61.03,309.1,70.3,D,0
14.0562,79.0911,335.1,1.8,1.3,2026-04-15,1015,Aqua,MODIS,80,61.03,309.2,44.1,D,0
14.0573,79.0981,327.6,1.8,1.3,2026-04-15,1015,Aqua,MODIS,34,61.03,308.9,20.5,D,0
14.1131,76.907,349.8,1.3,1.1,2026-04-15,1015,Aqua,MODIS,94,61.03,307.6,63.9,D,0
14.1763,77.5305,330.5,1.4,1.2,2026-04-15,1015,Aqua,MODIS,73,61.03,310.7,17.7,D,0
14.3309,78.9081,334.8,1.7,1.3,2026-04-15,1015,Aqua,MODIS,79,61.03,308.9,42.9,D,0
14.3328,78.9233,323.9,1.7,1.3,2026-04-15,1015,Aqua,MODIS,26,61.03,308.2,12.3,D,0
14.3874,78.9006,327.9,1.7,1.3,2026-04-15,1015,Aqua,MODIS,67,61.03,309.8,21,D,0
14.5121,78.984,325.3,1.8,1.3,2026-04-15,1015,Aqua,MODIS,41,61.03,309.1,16.6,D,0
14.5147,78.9896,328,1.8,1.3,2026-04-15,1015,Aqua,MODIS,62,61.03,309.5,23.6,D,0
14.5347,78.9795,326.1,1.8,1.3,2026-04-15,1015,Aqua,MODIS,38,61.03,308.5,19.1,D,0
14.926,79.0835,347.6,1.8,1.3,2026-04-15,1015,Aqua,MODIS,91,61.03,309.5,97.4,D,0
14.9279,79.0991,342.2,1.8,1.3,2026-04-15,1015,Aqua,MODIS,87,61.03,307.7,73.9,D,0
14.9375,79.082,335.9,1.8,1.3,2026-04-15,1015,Aqua,MODIS,80,61.03,309,49.2,D,0
14.9395,79.0977,327,1.8,1.3,2026-04-15,1015,Aqua,MODIS,59,61.03,307.6,21.1,D,0
14.9491,79.0803,328.9,1.8,1.3,2026-04-15,1015,Aqua,MODIS,65,61.03,307.9,25.5,D,0
15.5077,78.7795,323.5,1.8,1.3,2026-04-15,1015,Aqua,MODIS,20,61.03,305.1,16.3,D,0
15.5097,78.796,325.2,1.8,1.3,2026-04-15,1015,Aqua,MODIS,54,61.03,305.5,22.6,D,0
15.5211,78.7945,326.5,1.8,1.3,2026-04-15,1015,Aqua,MODIS,53,61.03,303.4,24.7,D,0
15.5603,78.9235,331.5,1.8,1.3,2026-04-15,1015,Aqua,MODIS,74,61.03,310.9,30.8,D,0
15.5824,73.8209,321.1,1,1,2026-04-15,1015,Aqua,MODIS,52,61.03,303.6,8.2,D,0
15.6125,78.9649,326.7,1.8,1.3,2026-04-15,1015,Aqua,MODIS,54,61.03,309.7,17,D,0
15.7891,76.9707,333.6,1.3,1.1,2026-04-15,1015,Aqua,MODIS,75,61.03,309.4,24.1,D,0
15.9121,78.5286,334.1,1.7,1.3,2026-04-15,1015,Aqua,MODIS,78,61.03,312.6,31.1,D,0
15.9921,79.1056,324.7,1.9,1.3,2026-04-15,1015,Aqua,MODIS,59,61.03,306.5,20.4,D,0
15.9948,73.685,321,1,1,2026-04-15,1015,Aqua,MODIS,42,61.03,305.9,6.7,D,0
15.9961,73.694,321.3,1,1,2026-04-15,1015,Aqua,MODIS,44,61.03,305.9,7.2,D,0
15.9978,79.1109,325.3,1.9,1.3,2026-04-15,1015,Aqua,MODIS,47,61.03,306.2,20.1,D,0
16.2603,73.461,322.8,1,1,2026-04-15,1015,Aqua,MODIS,33,61.03,308.9,6.8,D,0
16.4321,73.8264,332.5,1,1,2026-04-15,1016,Aqua,MODIS,76,61.03,307.2,21.8,D,0
17.539,74.7983,336.3,1.1,1,2026-04-15,1016,Aqua,MODIS,77,61.03,321.1,14.1,D,0
17.8065,81.648,319.2,3.2,1.7,2026-04-15,1016,Aqua,MODIS,36,61.03,300.8,32.4,D,0
17.8205,81.6553,319.1,3.2,1.7,2026-04-15,1016,Aqua,MODIS,39,61.03,300.6,33.5,D,0
17.9886,73.8503,329.5,1,1,2026-04-15,1016,Aqua,MODIS,63,61.03,315.3,11.3,D,0
17.9899,73.8594,331.8,1,1,2026-04-15,1016,Aqua,MODIS,72,61.03,313.2,14.2,D,0
18.2283,73.7185,340.5,1,1,2026-04-15,1016,Aqua,MODIS,84,61.03,313,29.9,D,0
18.3213,73.5929,331.5,1,1,2026-04-15,1016,Aqua,MODIS,71,61.03,311.7,15.8,D,0
18.3714,73.7552,337.1,1,1,2026-04-15,1016,Aqua,MODIS,80,61.03,313,21.9,D,0
18.3728,73.7647,329.6,1,1,2026-04-15,1016,Aqua,MODIS,65,61.03,314.4,11.6,D,0
18.3878,73.4168,327.1,1,1,2026-04-15,1016,Aqua,MODIS,39,61.03,313.1,10.1,D,0
18.3978,73.4243,326.6,1,1,2026-04-15,1016,Aqua,MODIS,51,61.03,310.5,10.8,D,0
18.4034,73.3392,334.3,1,1,2026-04-15,1016,Aqua,MODIS,77,61.03,317.6,12.8,D,0
18.4715,73.5631,328.2,1,1,2026-04-15,1016,Aqua,MODIS,49,61.03,311.9,12,D,0
18.5098,73.4939,326.9,1,1,2026-04-15,1016,Aqua,MODIS,0,61.03,311.1,12.5,D,0
18.5408,79.8269,326.9,2.4,1.5,2026-04-15,1016,Aqua,MODIS,60,61.03,310.5,34.9,D,0
18.5417,79.8341,330.7,2.4,1.5,2026-04-15,1016,Aqua,MODIS,71,61.03,310.6,52.1,D,0
18.5953,78.5677,326.9,1.9,1.3,2026-04-15,1016,Aqua,MODIS,49,61.03,312,19.1,D,0
18.6169,81.0175,320.5,2.9,1.6,2026-04-15,1016,Aqua,MODIS,44,61.03,303.2,25.7,D,0
18.7948,73.242,326.3,1,1,2026-04-15,1016,Aqua,MODIS,33,61.03,314.3,5.8,D,0
18.8173,73.7114,330.2,1,1,2026-04-15,1016,Aqua,MODIS,57,61.03,314.9,13.2,D,0
18.8533,77.3745,333.3,1.6,1.2,2026-04-15,1016,Aqua,MODIS,71,61.03,320.1,18,D,0
18.9698,73.4847,331.3,1,1,2026-04-15,1016,Aqua,MODIS,62,61.03,313.1,11.7,D,0
19.0355,73.6931,328.7,1,1,2026-04-15,1016,Aqua,MODIS,59,61.03,315.1,11,D,0
19.0672,73.4533,332,1,1,2026-04-15,1016,Aqua,MODIS,65,61.03,315.8,10.8,D,0
19.076,73.4519,333.5,1,1,2026-04-15,1016,Aqua,MODIS,71,61.03,316.6,13,D,0
19.1941,81.0455,331.6,3,1.7,2026-04-15,1016,Aqua,MODIS,77,61.03,304,99.4,D,0
19.1976,81.0371,328.1,3,1.7,2026-04-15,1016,Aqua,MODIS,72,61.03,303.8,78.1,D,0
19.2821,78.563,328.6,1.9,1.4,2026-04-15,1016,Aqua,MODIS,63,61.03,313.3,18.7,D,0
19.2842,78.5806,330.4,1.9,1.4,2026-04-15,1016,Aqua,MODIS,68,61.03,313,25.9,D,0
19.365,71.352,314.3,1,1,2026-04-15,1016,Aqua,MODIS,61,61.03,300.3,8.7,D,3
19.3658,78.119,331.9,1.8,1.3,2026-04-15,1016,Aqua,MODIS,69,61.03,317.5,23.3,D,0
19.3741,73.4145,334,1,1,2026-04-15,1016,Aqua,MODIS,75,61.03,320.9,13.4,D,0
19.42,80.8661,323.7,2.9,1.6,2026-04-15,1016,Aqua,MODIS,57,61.03,305.7,41.8,D,0
19.4213,73.534,334.8,1,1,2026-04-15,1016,Aqua,MODIS,76,61.03,319.6,12.6,D,0
19.4228,80.893,326.8,3,1.6,2026-04-15,1016,Aqua,MODIS,67,61.03,307.2,59.5,D,0
19.4246,76.6412,332.1,1.4,1.2,2026-04-15,1016,Aqua,MODIS,64,61.03,318.8,14.2,D,0
19.4301,73.5326,344.6,1,1,2026-04-15,1016,Aqua,MODIS,88,61.03,320.7,29.4,D,0
19.4314,73.5419,334.5,1,1,2026-04-15,1016,Aqua,MODIS,76,61.03,317.8,12.4,D,0
19.4336,80.9981,328.9,3,1.7,2026-04-15,1016,Aqua,MODIS,34,61.03,305.3,71.5,D,0
19.4422,74.0212,331,1,1,2026-04-15,1016,Aqua,MODIS,68,61.03,319.4,12.5,D,0
19.458,73.4135,338.2,1,1,2026-04-15,1016,Aqua,MODIS,81,61.03,320.5,16.9,D,0
19.4812,81.0169,326.2,3,1.7,2026-04-15,1016,Aqua,MODIS,50,61.03,304.1,54.2,D,0
19.4823,73.9687,336.2,1,1,2026-04-15,1016,Aqua,MODIS,78,61.03,318.1,20.4,D,0
19.4836,73.9784,332.7,1,1,2026-04-15,1016,Aqua,MODIS,72,61.03,317.5,14.8,D,0
19.4911,73.3166,333.8,1,1,2026-04-15,1016,Aqua,MODIS,74,61.03,318.8,13.2,D,0
19.5058,80.99,338.5,3,1.7,2026-04-15,1016,Aqua,MODIS,85,61.03,304.2,136.3,D,0
19.5073,80.9849,339.7,3,1.7,2026-04-15,1016,Aqua,MODIS,85,61.03,304.3,150,D,0
19.5385,80.0074,327.3,2.5,1.5,2026-04-15,1016,Aqua,MODIS,64,61.03,311,29.3,D,0
19.5601,78.3212,328.4,1.9,1.3,2026-04-15,1016,Aqua,MODIS,41,61.03,313.2,12.6,D,0
19.5632,78.3087,330.4,1.9,1.3,2026-04-15,1016,Aqua,MODIS,47,61.03,313.9,18.9,D,0
19.5653,78.3258,331.6,1.9,1.3,2026-04-15,1016,Aqua,MODIS,63,61.03,313.3,22.7,D,0
19.5656,74.1738,332.7,1.1,1,2026-04-15,1016,Aqua,MODIS,72,61.03,314.7,18,D,0
19.5719,78.3196,328.9,1.9,1.3,2026-04-15,1016,Aqua,MODIS,57,61.03,313.9,14.5,D,0
19.6488,79.5938,331.3,2.4,1.5,2026-04-15,1016,Aqua,MODIS,72,61.03,306.8,52.7,D,0
19.6864,73.4537,330,1,1,2026-04-15,1016,Aqua,MODIS,64,61.03,319.3,11,D,0
19.7058,73.2123,331.2,1,1,2026-04-15,1016,Aqua,MODIS,69,61.03,319.6,10.3,D,0
19.7092,73.1738,328.2,1,1,2026-04-15,1016,Aqua,MODIS,54,61.03,317.4,6.9,D,0
19.7481,72.9239,331.4,1,1,2026-04-15,1016,Aqua,MODIS,70,61.03,315.9,12.7,D,0
19.9116,73.5493,326.7,1,1,2026-04-15,1016,Aqua,MODIS,37,61.03,315.6,8.1,D,0
19.9129,73.5587,339.4,1,1,2026-04-15,1016,Aqua,MODIS,83,61.03,315.7,27.1,D,0
20.0922,74.0443,328.3,1.1,1,2026-04-15,1016,Aqua,MODIS,56,61.03,315.8,10.2,D,0
20.0961,76.222,331.4,1.4,1.2,2026-04-15,1016,Aqua,MODIS,58,61.03,318.1,12.9,D,0
20.1314,75.4519,333.3,1.2,1.1,2026-04-15,1016,Aqua,MODIS,69,61.03,315.8,18.9,D,0
20.1328,75.4632,331.1,1.2,1.1,2026-04-15,1016,Aqua,MODIS,61,61.03,315.6,15.3,D,0
20.343,75.9903,331.5,1.3,1.1,2026-04-15,1016,Aqua,MODIS,59,61.03,319.6,13.1,D,0
20.3895,76.04,333.2,1.3,1.1,2026-04-15,1016,Aqua,MODIS,65,61.03,319.8,15.1,D,0
20.4112,78.6237,336.6,2,1.4,2026-04-15,1016,Aqua,MODIS,77,61.03,318.2,42.8,D,0
20.579,79.6434,330,2.5,1.5,2026-04-15,1016,Aqua,MODIS,57,61.03,312.9,40.8,D,0
20.2895,73.6098,327.2,1,1,2026-04-15,1017,Aqua,MODIS,47,61.03,313.6,6.4,D,0
20.2908,73.6193,339.2,1,1,2026-04-15,1017,Aqua,MODIS,82,61.03,315.9,24.2,D,0
20.361,74.798,332.7,1.1,1.1,2026-04-15,1017,Aqua,MODIS,67,61.03,322.2,10.2,D,0
20.3859,74.0391,328.9,1.1,1,2026-04-15,1017,Aqua,MODIS,57,61.03,313.7,11.7,D,0
20.3873,74.049,342.3,1.1,1,2026-04-15,1017,Aqua,MODIS,85,61.03,314.6,33.3,D,0
20.3999,73.6054,334.9,1,1,2026-04-15,1017,Aqua,MODIS,76,61.03,317.6,16.4,D,0
20.5547,73.2674,332.4,1,1,2026-04-15,1017,Aqua,MODIS,72,61.03,314.4,16.1,D,0
20.623,76.1104,334,1.4,1.2,2026-04-15,1017,Aqua,MODIS,67,61.03,321.6,16.5,D,0
20.6343,73.9612,326.8,1.1,1,2026-04-15,1017,Aqua,MODIS,22,61.03,315.1,8.9,D,0
20.6593,76.5707,351.7,1.5,1.2,2026-04-15,1017,Aqua,MODIS,93,61.03,322.4,73,D,0
20.661,76.5843,348.2,1.5,1.2,2026-04-15,1017,Aqua,MODIS,90,61.03,322.5,59.7,D,0
20.7768,73.5304,334.9,1,1,2026-04-15,1017,Aqua,MODIS,76,61.03,316.5,18.8,D,0
20.7781,73.54,336.6,1,1,2026-04-15,1017,Aqua,MODIS,79,61.03,314.7,21.4,D,0
20.8,75.8954,333.2,1.3,1.1,2026-04-15,1017,Aqua,MODIS,65,61.03,321.3,13,D,0
20.8063,73.5398,328.7,1,1,2026-04-15,1017,Aqua,MODIS,61,61.03,314.9,10.6,D,0
20.8874,73.9946,328.8,1.1,1,2026-04-15,1017,Aqua,MODIS,60,61.03,315.6,9.2,D,0
20.8888,73.6745,328.3,1,1,2026-04-15,1017,Aqua,MODIS,56,61.03,313.9,10.8,D,0
20.8974,70.6641,323.5,1.1,1,2026-04-15,1017,Aqua,MODIS,52,61.03,311.3,7.6,D,0
20.9374,79.11,331.6,2.3,1.5,2026-04-15,1017,Aqua,MODIS,69,61.03,317.9,27.2,D,0
20.9389,79.1257,340,2.3,1.5,2026-04-15,1017,Aqua,MODIS,83,61.03,318.2,69.2,D,0
20.9398,79.1307,337.6,2.3,1.5,2026-04-15,1017,Aqua,MODIS,80,61.03,317.9,56.4,D,0
20.9657,73.4234,331.7,1,1,2026-04-15,1017,Aqua,MODIS,68,61.03,316.6,12.7,D,0
21.0341,73.9191,343,1.1,1,2026-04-15,1017,Aqua,MODIS,87,61.03,317.7,31.1,D,0
21.042,75.705,330.3,1.3,1.1,2026-04-15,1017,Aqua,MODIS,47,61.03,318,11.8,D,0
21.2238,74.0875,337.2,1.1,1,2026-04-15,1017,Aqua,MODIS,80,61.03,318.2,20.8,D,0
21.2252,74.0975,349.7,1.1,1,2026-04-15,1017,Aqua,MODIS,93,61.03,318.2,46.4,D,0
21.2433,79.2869,332.2,2.4,1.5,2026-04-15,1017,Aqua,MODIS,71,61.03,313.2,39.6,D,0
21.2465,79.4444,328.9,2.4,1.5,2026-04-15,1017,Aqua,MODIS,62,61.03,312.2,30.7,D,0
21.2484,79.4518,331.4,2.4,1.5,2026-04-15,1017,Aqua,MODIS,69,61.03,312.1,40.3,D,0
21.2494,78.2826,343.7,2,1.4,2026-04-15,1017,Aqua,MODIS,87,61.03,319.1,72.2,D,0
21.2563,79.2853,337.8,2.4,1.5,2026-04-15,1017,Aqua,MODIS,81,61.03,312.5,67.2,D,0
21.2583,79.5586,326.1,2.5,1.5,2026-04-15,1017,Aqua,MODIS,26,61.03,309.2,27.3,D,0
21.2823,79.2822,332.6,2.4,1.5,2026-04-15,1017,Aqua,MODIS,72,61.03,311.9,40.4,D,0
21.2895,79.3485,330.7,2.4,1.5,2026-04-15,1017,Aqua,MODIS,67,61.03,312.1,34.1,D,0
21.2997,78.2956,332.5,2,1.4,2026-04-15,1017,Aqua,MODIS,70,61.03,319,23.5,D,0
21.3053,75.7709,328.3,1.3,1.1,2026-04-15,1017,Aqua,MODIS,42,61.03,315.8,8.8,D,0
21.317,70.5067,330.9,1.1,1,2026-04-15,1017,Aqua,MODIS,66,61.03,314.5,14.1,D,0
21.3197,79.5047,327.3,2.5,1.5,2026-04-15,1017,Aqua,MODIS,54,61.03,310.3,31.3,D,0
21.3257,79.339,328.4,2.4,1.5,2026-04-15,1017,Aqua,MODIS,59,61.03,312.3,26.6,D,0
21.3262,79.3216,329.6,2.4,1.5,2026-04-15,1017,Aqua,MODIS,39,61.03,312.1,28.4,D,0
21.3294,77.199,328.8,1.6,1.3,2026-04-15,1017,Aqua,MODIS,52,61.03,315.2,19.5,D,0
21.355,75.3551,332.3,1.3,1.1,2026-04-15,1017,Aqua,MODIS,66,61.03,318.4,12.9,D,0
21.3565,75.3668,340.2,1.3,1.1,2026-04-15,1017,Aqua,MODIS,82,61.03,319.4,29.6,D,0
21.3662,77.9105,331.9,1.9,1.3,2026-04-15,1017,Aqua,MODIS,66,61.03,318.8,23.3,D,0
21.3728,71.0412,330,1,1,2026-04-15,1017,Aqua,MODIS,64,61.03,318.3,9.4,D,0
21.3878,74.6183,331.8,1.1,1.1,2026-04-15,1017,Aqua,MODIS,65,61.03,316.4,15.7,D,0
21.4086,77.4704,341.9,1.7,1.3,2026-04-15,1017,Aqua,MODIS,85,61.03,318,53.1,D,0
21.4163,71.8742,326.7,1,1,2026-04-15,1017,Aqua,MODIS,50,61.03,314.5,6.5,D,0
21.4177,71.8835,338.5,1,1,2026-04-15,1017,Aqua,MODIS,82,61.03,315.9,22.5,D,0
21.418,77.4531,336.7,1.7,1.3,2026-04-15,1017,Aqua,MODIS,79,61.03,317.7,35.8,D,0
21.4198,77.4686,349.3,1.7,1.3,2026-04-15,1017,Aqua,MODIS,92,61.03,318.5,87.8,D,0
21.4217,74.2529,338.5,1.1,1,2026-04-15,1017,Aqua,MODIS,81,61.03,316.7,22.1,D,0
21.4221,76.4561,328.5,1.5,1.2,2026-04-15,1017,Aqua,MODIS,34,61.03,315.1,12.6,D,0
21.4231,74.2632,331.1,1.1,1,2026-04-15,1017,Aqua,MODIS,67,61.03,317.1,9.9,D,0
21.4236,71.8633,344.9,1,1,2026-04-15,1017,Aqua,MODIS,89,61.03,315.4,34.1,D,0
21.425,71.8726,339,1,1,2026-04-15,1017,Aqua,MODIS,82,61.03,316.6,23.7,D,0
21.4273,77.4343,330.1,1.7,1.3,2026-04-15,1017,Aqua,MODIS,16,61.03,316.8,16.2,D,0
21.4324,71.8618,346.2,1,1,2026-04-15,1017,Aqua,MODIS,90,61.03,315,36.5,D,0
21.4338,71.8711,355.4,1,1,2026-04-15,1017,Aqua,MODIS,97,61.03,314.5,56.5,D,0
21.5668,74.2392,328.8,1.1,1,2026-04-15,1017,Aqua,MODIS,57,61.03,312.7,13.6,D,2
21.6007,77.4495,333,1.7,1.3,2026-04-15,1017,Aqua,MODIS,70,61.03,317.9,25.8,D,0
21.6263,73.6671,331,1.1,1,2026-04-15,1017,Aqua,MODIS,68,61.03,315.1,11.3,D,0
21.7142,76.9491,331.1,1.6,1.2,2026-04-15,1017,Aqua,MODIS,61,61.03,317.4,15.2,D,0
21.7562,77.6085,337,1.8,1.3,2026-04-15,1017,Aqua,MODIS,75,61.03,317.7,35.1,D,0
21.7661,77.6004,335,1.8,1.3,2026-04-15,1017,Aqua,MODIS,63,61.03,319,28.4,D,0
21.7676,77.6071,333.6,1.8,1.3,2026-04-15,1017,Aqua,MODIS,22,61.03,318.5,22.7,D,0
21.8345,72.6565,338.7,1,1,2026-04-15,1017,Aqua,MODIS,81,61.03,318.9,19.7,D,0
21.8495,79.1061,333,2.3,1.5,2026-04-15,1017,Aqua,MODIS,40,61.03,317.1,36,D,0
21.9621,76.1296,333.6,1.4,1.2,2026-04-15,1017,Aqua,MODIS,70,61.03,318.9,15.5,D,0
22.0289,79.2229,337.8,2.4,1.5,2026-04-15,1017,Aqua,MODIS,82,61.03,316,68.4,D,0
22.032,79.2277,341.5,2.4,1.5,2026-04-15,1017,Aqua,MODIS,86,61.03,315.8,91.9,D,0
22.0441,70.6512,331.5,1.1,1,2026-04-15,1017,Aqua,MODIS,61,61.03,320.4,8,D,0
22.065,79.4085,328.5,2.5,1.5,2026-04-15,1017,Aqua,MODIS,22,61.03,311.9,30.6,D,0
22.0738,79.4022,338.4,2.5,1.5,2026-04-15,1017,Aqua,MODIS,80,61.03,311.7,78.7,D,0
22.0761,79.4256,354.1,2.5,1.5,2026-04-15,1017,Aqua,MODIS,96,61.03,310.7,195.4,D,0
22.0823,72.6346,330.7,1,1,2026-04-15,1017,Aqua,MODIS,66,61.03,317.6,10.3,D,0
22.0955,79.3531,334.6,2.5,1.5,2026-04-15,1017,Aqua,MODIS,42,61.03,314.4,51.5,D,0
22.1099,75.9958,334.1,1.4,1.2,2026-04-15,1017,Aqua,MODIS,73,61.03,318.8,20,D,0
22.1531,79.4095,334.3,2.5,1.5,2026-04-15,1017,Aqua,MODIS,77,61.03,315.9,58.7,D,0
22.1555,79.433,331.4,2.5,1.5,2026-04-15,1017,Aqua,MODIS,69,61.03,314.3,45.5,D,0
22.1559,79.4164,340.2,2.5,1.5,2026-04-15,1017,Aqua,MODIS,85,61.03,315.6,88.9,D,0
22.1913,77.8162,332.6,1.9,1.3,2026-04-15,1017,Aqua,MODIS,71,61.03,314.7,35.4,D,0
22.1933,77.8336,335.1,1.9,1.3,2026-04-15,1017,Aqua,MODIS,76,61.03,315.2,43.7,D,0
22.1941,79.8216,325.8,2.7,1.6,2026-04-15,1017,Aqua,MODIS,57,61.03,311.2,30.4,D,0
22.2,79.8281,328.8,2.7,1.6,2026-04-15,1017,Aqua,MODIS,67,61.03,311,42.9,D,0
22.2271,79.4721,330.9,2.5,1.5,2026-04-15,1017,Aqua,MODIS,66,61.03,314.5,41.2,D,0
22.2855,78.9332,333.6,2.3,1.5,2026-04-15,1017,Aqua,MODIS,76,61.03,315,43.1,D,0
22.2882,78.9476,332.1,2.3,1.5,2026-04-15,1017,Aqua,MODIS,74,61.03,315.1,38.7,D,0
22.3951,79.2449,339.3,2.4,1.5,2026-04-15,1017,Aqua,MODIS,84,61.03,317.1,76.3,D,0
22.4361,79.7306,328,2.7,1.6,2026-04-15,1017,Aqua,MODIS,64,61.03,312.8,30.9,D,0
22.5335,71.7409,336.7,1,1,2026-04-15,1017,Aqua,MODIS,77,61.03,320.3,15,D,0
22.5349,71.7503,344,1,1,2026-04-15,1017,Aqua,MODIS,87,61.03,320.5,27,D,0
22.6812,75.7482,330.9,1.4,1.2,2026-04-15,1017,Aqua,MODIS,63,61.03,314.5,16.8,D,0
22.77,70.6102,336.8,1,1,2026-04-15,1017,Aqua,MODIS,77,61.03,319.1,18.3,D,0
22.7715,70.6199,352.6,1,1,2026-04-15,1017,Aqua,MODIS,94,61.03,320.3,49.5,D,0
22.8871,77.8245,332.4,1.9,1.4,2026-04-15,1017,Aqua,MODIS,63,61.03,312.5,35.6,D,0
22.892,77.8311,330.6,1.9,1.4,2026-04-15,1017,Aqua,MODIS,55,61.03,312,27.6,D,0
23.0213,73.8799,330.1,1.1,1,2026-04-15,1017,Aqua,MODIS,66,61.03,313,13.6,D,0
23.0329,75.6204,333.3,1.4,1.2,2026-04-15,1017,Aqua,MODIS,70,61.03,313.9,21.4,D,0
23.0526,77.4479,329.5,1.8,1.3,2026-04-15,1017,Aqua,MODIS,62,61.03,314.3,22.6,D,0
23.0536,75.5392,336,1.3,1.2,2026-04-15,1017,Aqua,MODIS,76,61.03,315.3,26.4,D,0
23.0545,77.4652,337.4,1.8,1.3,2026-04-15,1017,Aqua,MODIS,80,61.03,312.6,49.6,D,0
23.0552,75.5519,346.2,1.4,1.2,2026-04-15,1017,Aqua,MODIS,89,61.03,316.5,52.7,D,0
23.103,75.6177,334.5,1.4,1.2,2026-04-15,1017,Aqua,MODIS,73,61.03,313.9,23.7,D,0
23.1449,77.572,331.9,1.9,1.3,2026-04-15,1017,Aqua,MODIS,70,61.03,312.3,34.6,D,0
23.1566,77.5706,332.7,1.9,1.3,2026-04-15,1017,Aqua,MODIS,71,61.03,310.9,36.1,D,0
23.2494,75.4724,334.6,1.3,1.1,2026-04-15,1017,Aqua,MODIS,73,61.03,314.3,22.5,D,0
23.325,78.0462,340.7,2,1.4,2026-04-15,1017,Aqua,MODIS,84,61.03,314,72.7,D,0
23.3268,75.6924,328.5,1.4,1.2,2026-04-15,1017,Aqua,MODIS,47,61.03,313.3,12.6,D,0
23.3271,78.0655,330.8,2,1.4,2026-04-15,1017,Aqua,MODIS,62,61.03,312.5,30.8,D,0
23.3291,76.2851,331.3,1.5,1.2,2026-04-15,1017,Aqua,MODIS,65,61.03,316.9,15.2,D,0
23.3867,75.1855,330.8,1.3,1.1,2026-04-15,1017,Aqua,MODIS,63,61.03,313.4,16,D,0
23.4641,75.1559,332.5,1.3,1.1,2026-04-15,1017,Aqua,MODIS,69,61.03,312.8,20.2,D,0
23.4688,75.9247,330.1,1.4,1.2,2026-04-15,1017,Aqua,MODIS,50,61.03,313,14.5,D,0
23.4852,77.8403,332,2,1.4,2026-04-15,1017,Aqua,MODIS,70,61.03,313.7,32.2,D,0
23.4859,76.6508,331.4,1.6,1.3,2026-04-15,1017,Aqua,MODIS,66,61.03,313.7,19.7,D,0
23.4885,76.6436,330.5,1.6,1.3,2026-04-15,1017,Aqua,MODIS,63,61.03,313.8,18.1,D,0
23.4903,76.659,337,1.6,1.3,2026-04-15,1017,Aqua,MODIS,78,61.03,313.8,37.4,D,0
23.5122,79.5831,331.3,2.7,1.6,2026-04-15,1017,Aqua,MODIS,72,61.03,312.9,43.5,D,0
23.5181,77.3213,329.7,1.8,1.3,2026-04-15,1017,Aqua,MODIS,62,61.03,314.8,19.2,D,0
23.5319,77.6607,354.5,1.9,1.4,2026-04-15,1017,Aqua,MODIS,96,61.03,311.5,144.1,D,0
23.5846,74.8916,340.5,1.3,1.1,2026-04-15,1017,Aqua,MODIS,83,61.03,314.9,34.6,D,0
23.5982,77.9358,330,2,1.4,2026-04-15,1017,Aqua,MODIS,42,61.03,313.3,24.4,D,0
23.6045,77.1654,338.6,1.8,1.3,2026-04-15,1017,Aqua,MODIS,81,61.03,316,50.1,D,0
23.7068,77.4792,356.1,1.9,1.3,2026-04-15,1017,Aqua,MODIS,97,61.03,315.7,142.1,D,0
23.7087,77.497,333.8,1.9,1.3,2026-04-15,1017,Aqua,MODIS,73,61.03,314.5,35.9,D,0
23.7509,77.2542,332.1,1.8,1.3,2026-04-15,1017,Aqua,MODIS,69,61.03,315.1,24.4,D,0
23.7749,75.5964,329.7,1.4,1.2,2026-04-15,1017,Aqua,MODIS,51,61.03,311.8,13.2,D,0
23.8085,79.7605,335.6,2.8,1.6,2026-04-15,1017,Aqua,MODIS,79,61.03,311.8,80.1,D,0
23.8162,79.7672,328.6,2.8,1.6,2026-04-15,1017,Aqua,MODIS,57,61.03,310.4,37.3,D,0
23.8632,77.8441,328.6,2,1.4,2026-04-15,1017,Aqua,MODIS,55,61.03,313.6,22.9,D,0
23.8685,75.6175,331.6,1.4,1.2,2026-04-15,1017,Aqua,MODIS,66,61.03,315.4,15.8,D,0
23.9195,78.1081,337.3,2.1,1.4,2026-04-15,1017,Aqua,MODIS,80,61.03,312.7,60.7,D,0
23.9632,77.711,329.9,2,1.4,2026-04-15,1017,Aqua,MODIS,61,61.03,314.3,22.9,D,0
23.9653,77.7297,338.2,2,1.4,2026-04-15,1017,Aqua,MODIS,81,61.03,314.5,56.3,D,0
24.0292,75.5146,330.1,1.4,1.2,2026-04-15,1017,Aqua,MODIS,46,61.03,312,13.4,D,0
24.0503,77.8856,328.7,2,1.4,2026-04-15,1017,Aqua,MODIS,58,61.03,312.4,21,D,0
24.4302,79.6787,330.9,2.8,1.6,2026-04-15,1017,Aqua,MODIS,68,61.03,314.4,45.9,D,0
23.517,68.6263,328.1,1.2,1.1,2026-04-15,1018,Aqua,MODIS,64,61.03,310.5,14.8,D,0
23.6327,69.3288,333.5,1.1,1.1,2026-04-15,1018,Aqua,MODIS,71,61.03,311.9,15.4,D,0
23.6401,69.3162,333.1,1.1,1.1,2026-04-15,1018,Aqua,MODIS,74,61.03,313.3,15.5,D,0
23.6419,69.327,352.7,1.1,1.1,2026-04-15,1018,Aqua,MODIS,95,61.03,315.7,58,D,0
23.6436,69.3377,393.8,1.1,1.1,2026-04-15,1018,Aqua,MODIS,100,61.03,317.9,238.8,D,0
23.6453,69.3484,342.3,1.1,1.1,2026-04-15,1018,Aqua,MODIS,87,61.03,306.8,34.1,D,0
23.6511,69.3252,359.4,1.1,1.1,2026-04-15,1018,Aqua,MODIS,99,61.03,312.3,77.5,D,0
23.6528,69.3359,353.7,1.1,1.1,2026-04-15,1018,Aqua,MODIS,96,61.03,312.4,61,D,0
23.691,69.5146,331.6,1.1,1.1,2026-04-15,1018,Aqua,MODIS,73,61.03,316.2,12,D,0
23.8694,73.3349,326.7,1.1,1,2026-04-15,1018,Aqua,MODIS,50,61.03,309.8,9.1,D,0
23.9392,73.5166,332.6,1.1,1,2026-04-15,1018,Aqua,MODIS,73,61.03,310.6,16.6,D,0
24.4713,77.4581,341.7,1.9,1.4,2026-04-15,1018,Aqua,MODIS,85,61.03,313.6,70.6,D,0
24.4733,77.4765,333.2,1.9,1.4,2026-04-15,1018,Aqua,MODIS,73,61.03,312.2,36.2,D,0
24.4806,77.4683,330,1.9,1.4,2026-04-15,1018,Aqua,MODIS,66,61.03,313,24.2,D,0
24.6534,74.9419,323.3,1.3,1.1,2026-04-15,1018,Aqua,MODIS,24,61.03,297.1,13.2,D,0
24.7433,77.0387,337.2,1.8,1.3,2026-04-15,1018,Aqua,MODIS,81,61.03,310.7,52.4,D,0
24.7452,77.0559,324.6,1.8,1.3,2026-04-15,1018,Aqua,MODIS,16,61.03,308.4,12.6,D,0
24.9184,80.7286,326.4,3.4,1.7,2026-04-15,1018,Aqua,MODIS,55,61.03,309.8,44,D,0
25.2191,76.0875,331.3,1.6,1.2,2026-04-15,1018,Aqua,MODIS,69,61.03,311.5,24.7,D,0
25.2907,77.1422,328.8,1.9,1.3,2026-04-15,1018,Aqua,MODIS,62,61.03,311.6,26.8,D,0
25.4139,76.6937,353.3,1.7,1.3,2026-04-15,1018,Aqua,MODIS,95,61.03,315.5,112.4,D,0
25.414,76.6824,332.4,1.7,1.3,2026-04-15,1018,Aqua,MODIS,72,61.03,313.9,26.3,D,0
25.4157,76.7104,332.2,1.7,1.3,2026-04-15,1018,Aqua,MODIS,73,61.03,314,27,D,0
25.4159,76.6991,354.5,1.7,1.3,2026-04-15,1018,Aqua,MODIS,96,61.03,315,117,D,0
25.5126,76.44,342.6,1.7,1.3,2026-04-15,1018,Aqua,MODIS,87,61.03,315.4,60.3,D,0
25.6184,77.7773,327.7,2.1,1.4,2026-04-15,1018,Aqua,MODIS,65,61.03,312.1,23.3,D,0
25.8782,76.7554,326.3,1.8,1.3,2026-04-15,1018,Aqua,MODIS,51,61.03,310.2,14.9,D,0
26.4363,77.2793,325.9,2,1.4,2026-04-15,1018,Aqua,MODIS,46,61.03,308.2,19.5,D,0
27.8317,78.9833,326,2.8,1.6,2026-04-15,1018,Aqua,MODIS,0,61.03,307.9,51.1,D,0
28.0503,69.8898,361.8,1,1,2026-04-15,1019,Aqua,MODIS,100,61.03,317.9,73.4,D,0
28.3917,77.1555,328.7,2.1,1.4,2026-04-15,1019,Aqua,MODIS,69,61.03,309.3,37.9,D,0
28.3937,77.1761,335.2,2.1,1.4,2026-04-15,1019,Aqua,MODIS,80,61.03,308.9,64.2,D,0
28.5738,69.9293,330,1,1,2026-04-15,1019,Aqua,MODIS,64,61.03,314.1,11.8,D,0
28.6057,72.7729,354.1,1.1,1.1,2026-04-15,1019,Aqua,MODIS,95,61.03,316.9,58.7,D,0
28.6106,70.9964,349.6,1,1,2026-04-15,1019,Aqua,MODIS,92,61.03,317.3,42.3,D,0
28.6115,72.7663,332.6,1.1,1.1,2026-04-15,1019,Aqua,MODIS,53,61.03,315.8,13,D,0
28.612,71.0063,357,1,1,2026-04-15,1019,Aqua,MODIS,98,61.03,317.1,59.1,D,0
28.638,71.0628,330.4,1,1,2026-04-15,1019,Aqua,MODIS,58,61.03,318.3,9.2,D,0
28.6943,70.0362,326.5,1,1,2026-04-15,1019,Aqua,MODIS,49,61.03,314.4,8.9,D,0
28.7578,69.9217,332,1,1,2026-04-15,1019,Aqua,MODIS,68,61.03,311.5,14.4,D,0
28.7876,70.1809,333.2,1,1,2026-04-15,1019,Aqua,MODIS,69,61.03,313.5,18.1,D,0
28.9214,81.0075,320.5,4,1.9,2026-04-15,1019,Aqua,MODIS,58,61.03,305.5,73.2,D,0
28.9467,71.4101,331.5,1,1,2026-04-15,1019,Aqua,MODIS,69,61.03,317.3,10.5,D,0
29.0302,71.0098,326.1,1,1,2026-04-15,1019,Aqua,MODIS,48,61.03,311.7,9.1,D,0
29.048,72.0826,331.6,1.1,1,2026-04-15,1019,Aqua,MODIS,68,61.03,316.4,11.6,D,0
29.0809,71.9198,330,1.1,1,2026-04-15,1019,Aqua,MODIS,61,61.03,318.5,8,D,0
29.1443,71.1688,328.3,1,1,2026-04-15,1019,Aqua,MODIS,62,61.03,315,7.9,D,0
29.1475,71.5921,330.4,1,1,2026-04-15,1019,Aqua,MODIS,69,61.03,316.7,11.7,D,0
29.1644,70.5318,326.7,1,1,2026-04-15,1019,Aqua,MODIS,62,61.03,313.7,10.3,D,0
29.2356,70.5126,323.8,1,1,2026-04-15,1019,Aqua,MODIS,52,61.03,312.1,6.3,D,0
29.2442,70.5723,325.8,1,1,2026-04-15,1019,Aqua,MODIS,61,61.03,312.8,7.8,D,0
29.2717,70.6386,334.1,1,1,2026-04-15,1019,Aqua,MODIS,79,61.03,313.1,18.6,D,0
29.4644,70.6306,322.4,1,1,2026-04-15,1019,Aqua,MODIS,43,61.03,310.7,6.9,D,0
29.6705,72.6101,334.5,1.1,1.1,2026-04-15,1019,Aqua,MODIS,80,61.03,313.4,22.4,D,0
29.6838,72.7126,325.5,1.1,1.1,2026-04-15,1019,Aqua,MODIS,62,61.03,312,9.5,D,0
29.6853,72.7241,325.6,1.1,1.1,2026-04-15,1019,Aqua,MODIS,62,61.03,311.7,9.7,D,0
29.7477,70.795,324.6,1,1,2026-04-15,1019,Aqua,MODIS,56,61.03,313.8,10.4,D,0
29.7483,71.6709,337.3,1.1,1,2026-04-15,1019,Aqua,MODIS,84,61.03,312.2,25.1,D,0
29.7492,70.8051,321.4,1,1,2026-04-15,1019,Aqua,MODIS,39,61.03,310.4,6.1,D,0
29.7677,71.5435,323.8,1,1,2026-04-15,1019,Aqua,MODIS,63,61.03,310.7,8.2,D,0
29.9785,73.4335,336,1.3,1.1,2026-04-15,1019,Aqua,MODIS,83,61.03,310.2,29.2,D,0
29.9798,73.4276,325,1.3,1.1,2026-04-15,1019,Aqua,MODIS,64,61.03,309.4,10.4,D,0
29.9813,73.4402,329.9,1.3,1.1,2026-04-15,1019,Aqua,MODIS,76,61.03,310.6,18.7,D,0
30.941,71.9073,321.5,1.1,1,2026-04-15,1019,Aqua,MODIS,63,61.03,305.9,8,D,0
30.9501,71.9057,318.7,1.1,1,2026-04-15,1019,Aqua,MODIS,46,61.03,304.3,4.7,D,0
13.9139,79.1344,313.7,3.9,1.8,2026-04-15,1453,Terra,MODIS,83,61.03,298.1,60.3,N,0
13.9152,79.1049,319.7,3.9,1.8,2026-04-15,1453,Terra,MODIS,99,61.03,298,97.8,N,0
13.9214,79.1393,311.9,3.9,1.8,2026-04-15,1453,Terra,MODIS,73,61.03,297.9,49.3,N,0
13.9229,79.0946,328.4,3.9,1.8,2026-04-15,1453,Terra,MODIS,100,61.03,298.3,167.8,N,0
13.9313,79.1025,317.3,3.9,1.8,2026-04-15,1453,Terra,MODIS,93,61.03,298.1,81.9,N,0
13.9515,79.1597,316,3.9,1.8,2026-04-15,1453,Terra,MODIS,90,61.03,299,72.6,N,0
13.9586,79.1638,312.9,3.9,1.8,2026-04-15,1453,Terra,MODIS,80,61.03,299.4,52.8,N,0
14.0363,79.0304,309.1,3.9,1.8,2026-04-15,1453,Terra,MODIS,28,61.03,299,29.8,N,0
14.0583,79.06,313.6,3.9,1.8,2026-04-15,1453,Terra,MODIS,62,61.03,300,49.8,N,0
14.0644,79.0936,312.7,3.9,1.8,2026-04-15,1453,Terra,MODIS,36,61.03,300.1,45.2,N,0
14.0742,79.0563,317.5,3.9,1.8,2026-04-15,1453,Terra,MODIS,94,61.03,299.9,77.1,N,0
19.6538,80.886,308.3,2.2,1.4,2026-04-15,1454,Terra,MODIS,60,61.03,298.2,13.4,N,0
20.794,85.255,314.9,1.1,1,2026-04-15,1454,Terra,MODIS,86,61.03,297.5,11.4,N,2
20.8659,84.9944,311.1,1.1,1.1,2026-04-15,1454,Terra,MODIS,72,61.03,299.5,7.4,N,2
20.9607,85.1887,311.5,1.1,1,2026-04-15,1454,Terra,MODIS,36,61.03,299,7.3,N,2
20.9664,85.1714,318.8,1.1,1,2026-04-15,1454,Terra,MODIS,97,61.03,299.4,14.7,N,2
20.9679,85.1816,309.3,1.1,1,2026-04-15,1454,Terra,MODIS,41,61.03,298.7,6,N,2
21.5028,93.2633,308.4,2.1,1.4,2026-04-15,1454,Terra,MODIS,74,61.03,294.8,18.4,N,0
21.5063,93.2566,313.7,2.1,1.4,2026-04-15,1454,Terra,MODIS,88,61.03,294.9,28.4,N,0
21.5082,93.2757,311.6,2.1,1.4,2026-04-15,1454,Terra,MODIS,83,61.03,294.8,23.7,N,0
21.5151,93.2622,315.6,2.1,1.4,2026-04-15,1454,Terra,MODIS,92,61.03,294.9,33.1,N,0
22.0804,92.3774,306.3,1.8,1.3,2026-04-15,1454,Terra,MODIS,68,61.03,295,12.7,N,0
22.0821,92.394,309.7,1.8,1.3,2026-04-15,1454,Terra,MODIS,78,61.03,295,18.2,N,0
21.2487,79.3183,306.2,2.6,1.6,2026-04-15,1455,Terra,MODIS,14,61.03,294.4,18.4,N,0
21.3109,79.4295,313.4,2.6,1.5,2026-04-15,1455,Terra,MODIS,83,61.03,295.2,39.7,N,0
21.3143,79.2483,305,2.7,1.6,2026-04-15,1455,Terra,MODIS,43,61.03,295,17.9,N,0
21.7436,83.8373,313,1.2,1.1,2026-04-15,1455,Terra,MODIS,81,61.03,300.3,8.9,N,0
21.8607,79.1221,308.1,2.7,1.6,2026-04-15,1455,Terra,MODIS,66,61.03,295,24.8,N,0
21.8676,79.1138,304.8,2.7,1.6,2026-04-15,1455,Terra,MODIS,42,61.03,293.9,16.7,N,0
21.984,79.4335,311.8,2.5,1.5,2026-04-15,1455,Terra,MODIS,80,61.03,295.5,35.9,N,0
22.0282,79.2487,311.6,2.6,1.5,2026-04-15,1455,Terra,MODIS,79,61.03,295.5,35.5,N,0
22.0381,83.7348,312.2,1.2,1.1,2026-04-15,1455,Terra,MODIS,80,61.03,301.1,9.5,N,2
22.0459,79.4149,328.6,2.5,1.5,2026-04-15,1455,Terra,MODIS,100,61.03,296.4,96.8,N,0
22.0497,79.4193,340.3,2.5,1.5,2026-04-15,1455,Terra,MODIS,100,61.03,297.1,159.8,N,0
22.0503,79.4377,326.3,2.5,1.5,2026-04-15,1455,Terra,MODIS,100,61.03,296.9,86.3,N,0
22.0539,79.4422,316.4,2.5,1.5,2026-04-15,1455,Terra,MODIS,92,61.03,295.2,47.7,N,0
22.0547,79.1678,304,2.6,1.6,2026-04-15,1455,Terra,MODIS,39,61.03,293,17.3,N,0
22.059,79.4119,308.6,2.5,1.5,2026-04-15,1455,Terra,MODIS,69,61.03,294.1,28.1,N,0
22.0592,79.2665,304.3,2.6,1.5,2026-04-15,1455,Terra,MODIS,43,61.03,293.9,16.9,N,0
22.0634,79.4348,304,2.5,1.5,2026-04-15,1455,Terra,MODIS,38,61.03,293.6,17.1,N,0
22.0891,79.1539,304.8,2.6,1.6,2026-04-15,1455,Terra,MODIS,49,61.03,293.5,20.6,N,0
22.0949,79.1591,307.2,2.6,1.6,2026-04-15,1455,Terra,MODIS,62,61.03,293.3,25.7,N,0
22.1075,79.3224,308,2.5,1.5,2026-04-15,1455,Terra,MODIS,67,61.03,293.2,27,N,0
22.112,79.3279,303.4,2.5,1.5,2026-04-15,1455,Terra,MODIS,9,61.03,293.2,15.3,N,0
22.1158,79.4231,308.8,2.5,1.5,2026-04-15,1455,Terra,MODIS,58,61.03,293.4,27.2,N,0
22.2074,79.4908,306.4,2.4,1.5,2026-04-15,1455,Terra,MODIS,59,61.03,293.4,21,N,0
22.2929,79.7411,306.6,2.3,1.5,2026-04-15,1455,Terra,MODIS,53,61.03,294.5,19.4,N,0
22.2941,79.7461,308.3,2.3,1.5,2026-04-15,1455,Terra,MODIS,60,61.03,294.7,23.1,N,0
22.3497,79.9049,306.5,2.3,1.5,2026-04-15,1455,Terra,MODIS,61,61.03,293.8,20.2,N,2
22.3849,79.8097,307.6,2.3,1.5,2026-04-15,1455,Terra,MODIS,30,61.03,294.9,20.2,N,0
22.3883,79.8246,318.1,2.3,1.5,2026-04-15,1455,Terra,MODIS,96,61.03,295,46.9,N,0
22.3887,79.8309,312.4,2.3,1.5,2026-04-15,1455,Terra,MODIS,79,61.03,294.7,30.6,N,0
23.019,75.4452,306.8,4.7,2,2026-04-15,1455,Terra,MODIS,63,61.03,296,45.8,N,0
23.0857,77.6134,310.9,3.2,1.7,2026-04-15,1455,Terra,MODIS,77,61.03,295.9,42.7,N,0
23.086,77.6198,309.3,3.2,1.7,2026-04-15,1455,Terra,MODIS,70,61.03,296.5,35.7,N,0
23.5721,77.6574,306.3,3.1,1.7,2026-04-15,1455,Terra,MODIS,58,61.03,294.2,29.6,N,0
23.5775,84.0365,307,1.2,1.1,2026-04-15,1455,Terra,MODIS,49,61.03,295.3,7.8,N,0
23.6014,77.9412,308,3,1.6,2026-04-15,1455,Terra,MODIS,52,61.03,296.1,27.9,N,0
23.6125,77.9434,310.5,3,1.6,2026-04-15,1455,Terra,MODIS,76,61.03,295.8,36.7,N,0
23.633,78.9737,314.8,2.5,1.5,2026-04-15,1455,Terra,MODIS,88,61.03,296.6,39.8,N,0
23.6369,78.9779,319.9,2.5,1.5,2026-04-15,1455,Terra,MODIS,99,61.03,296.6,56.1,N,0
23.6374,78.9967,307.3,2.5,1.5,2026-04-15,1455,Terra,MODIS,58,61.03,295,19.6,N,0
23.6759,86.0828,311.2,1,1,2026-04-15,1455,Terra,MODIS,79,61.03,299,6.7,N,2
23.6834,86.3932,315.3,1,1,2026-04-15,1455,Terra,MODIS,89,61.03,300.3,10.2,N,2
23.6901,87.1197,310.7,1,1,2026-04-15,1455,Terra,MODIS,73,61.03,300,5.5,N,2
23.7088,86.4473,313.2,1,1,2026-04-15,1455,Terra,MODIS,57,61.03,299.7,7.7,N,2
23.7369,86.4367,314.3,1,1,2026-04-15,1455,Terra,MODIS,87,61.03,301.9,8.5,N,2
23.7592,86.4038,314.4,1,1,2026-04-15,1455,Terra,MODIS,55,61.03,301.1,7.3,N,2
23.7679,86.4023,316.5,1,1,2026-04-15,1455,Terra,MODIS,68,61.03,301.8,8.7,N,2
23.7765,86.2062,314.4,1,1,2026-04-15,1455,Terra,MODIS,87,61.03,301.5,9.4,N,2
23.7963,86.3489,313.8,1,1,2026-04-15,1455,Terra,MODIS,85,61.03,301.4,7.7,N,2
23.8011,86.3189,310.6,1,1,2026-04-15,1455,Terra,MODIS,76,61.03,300.5,5.7,N,2
23.8024,86.3284,315,1,1,2026-04-15,1455,Terra,MODIS,88,61.03,301.7,9.1,N,2
23.8269,84.5703,305.8,1.1,1,2026-04-15,1455,Terra,MODIS,35,61.03,286.3,8.7,N,0
23.8342,82.752,307.1,1.3,1.1,2026-04-15,1455,Terra,MODIS,62,61.03,296.5,7.8,N,0
24.1035,79.352,307.2,2.3,1.5,2026-04-15,1455,Terra,MODIS,61,61.03,295.7,16.9,N,0
24.5266,83.4092,315.2,1.2,1.1,2026-04-15,1455,Terra,MODIS,89,61.03,301.1,12.1,N,0
24.5284,83.4209,325.2,1.2,1.1,2026-04-15,1455,Terra,MODIS,100,61.03,301.5,25,N,0
24.8491,85.103,307.2,1,1,2026-04-15,1455,Terra,MODIS,58,61.03,295.9,5.2,N,0
25.0229,83.8661,315,1.1,1.1,2026-04-15,1455,Terra,MODIS,88,61.03,297.5,12.7,N,0
25.0246,83.8769,327.9,1.1,1.1,2026-04-15,1455,Terra,MODIS,100,61.03,298.2,28.2,N,0
25.0321,87.3773,310.6,1,1,2026-04-15,1455,Terra,MODIS,76,61.03,298.9,7.1,N,2
25.0363,83.952,312,1.1,1.1,2026-04-15,1455,Terra,MODIS,80,61.03,296.4,9.8,N,0
25.043,83.8734,316.2,1.1,1.1,2026-04-15,1455,Terra,MODIS,91,61.03,296.9,13.1,N,0
25.0438,83.9396,307.1,1.1,1.1,2026-04-15,1455,Terra,MODIS,61,61.03,295.6,6.1,N,0
25.0615,83.8699,308.9,1.1,1.1,2026-04-15,1455,Terra,MODIS,46,61.03,296.7,6.5,N,0
25.0631,83.8807,307.5,1.1,1.1,2026-04-15,1455,Terra,MODIS,34,61.03,296.4,5.5,N,0
25.0664,83.9022,318.2,1.1,1.1,2026-04-15,1455,Terra,MODIS,96,61.03,296.7,15.6,N,0
25.0681,83.9129,308.6,1.1,1.1,2026-04-15,1455,Terra,MODIS,68,61.03,296,7,N,0
25.0756,83.9005,312.2,1.1,1.1,2026-04-15,1455,Terra,MODIS,65,61.03,296,9.2,N,0
25.0782,83.8556,320.8,1.1,1.1,2026-04-15,1455,Terra,MODIS,73,61.03,297.5,16.7,N,0
25.0842,83.8323,309.1,1.1,1.1,2026-04-15,1455,Terra,MODIS,31,61.03,296.4,7.1,N,2
25.0855,83.9647,311.1,1.1,1.1,2026-04-15,1455,Terra,MODIS,77,61.03,296.3,8.7,N,0
25.0858,83.8431,311.3,1.1,1.1,2026-04-15,1455,Terra,MODIS,69,61.03,296.6,8.8,N,0
25.0891,83.8647,311.5,1.1,1.1,2026-04-15,1455,Terra,MODIS,58,61.03,296.8,8.5,N,0
25.0934,83.8305,305.8,1.1,1.1,2026-04-15,1455,Terra,MODIS,12,61.03,295.4,4.8,N,0
25.0947,83.963,318.7,1.1,1.1,2026-04-15,1455,Terra,MODIS,97,61.03,297,16.6,N,0
25.1093,83.7653,306.6,1.1,1.1,2026-04-15,1455,Terra,MODIS,59,61.03,295.8,6,N,0
25.1141,83.9042,306.8,1.1,1.1,2026-04-15,1455,Terra,MODIS,15,61.03,295.9,4.9,N,0
25.1157,83.9149,321,1.1,1.1,2026-04-15,1455,Terra,MODIS,100,61.03,296.3,18.2,N,0
25.1203,83.8967,310.2,1.1,1.1,2026-04-15,1455,Terra,MODIS,27,61.03,296,7.3,N,0
25.1211,84.0128,317.9,1.1,1.1,2026-04-15,1455,Terra,MODIS,95,61.03,296.3,15.6,N,0
25.1225,85.4035,311.2,1,1,2026-04-15,1455,Terra,MODIS,77,61.03,297.2,7.4,N,0
25.1227,84.0234,327.7,1.1,1,2026-04-15,1455,Terra,MODIS,100,61.03,297.2,27.6,N,0
25.1239,85.4132,316.4,1,1,2026-04-15,1455,Terra,MODIS,92,61.03,297.7,11.6,N,0
25.1327,85.4117,312.9,1,1,2026-04-15,1455,Terra,MODIS,83,61.03,297.5,8.9,N,0
25.1337,83.8609,321.8,1.1,1.1,2026-04-15,1455,Terra,MODIS,100,61.03,296.3,20.1,N,2
25.1404,83.9039,309.9,1.1,1.1,2026-04-15,1455,Terra,MODIS,18,61.03,295.6,6.9,N,0
25.1712,83.9201,307.7,1.1,1.1,2026-04-15,1455,Terra,MODIS,56,61.03,295.7,6.2,N,0
25.1773,84.083,309.7,1.1,1,2026-04-15,1455,Terra,MODIS,73,61.03,296.1,7.9,N,0
25.1843,84.0054,308.3,1.1,1,2026-04-15,1455,Terra,MODIS,67,61.03,295.3,7.4,N,0
25.1934,84.188,310.3,1.1,1,2026-04-15,1455,Terra,MODIS,75,61.03,295.9,8.9,N,0
25.1949,84.1984,306.1,1.1,1,2026-04-15,1455,Terra,MODIS,56,61.03,295.9,5.7,N,0
25.2004,84.1111,311,1.1,1,2026-04-15,1455,Terra,MODIS,40,61.03,296.6,8,N,0
25.202,84.1217,319.4,1.1,1,2026-04-15,1455,Terra,MODIS,98,61.03,296.7,16.5,N,0
25.2036,84.1322,307.6,1.1,1,2026-04-15,1455,Terra,MODIS,39,61.03,295.6,6.2,N,0
24.5248,78.0852,305,2.8,1.6,2026-04-15,1456,Terra,MODIS,50,61.03,294.7,16.5,N,0
24.9645,77.6375,310.8,2.9,1.6,2026-04-15,1456,Terra,MODIS,77,61.03,293.8,37.8,N,0
24.9675,77.5792,305.6,2.9,1.6,2026-04-15,1456,Terra,MODIS,55,61.03,294.5,21.9,N,0
24.9914,77.0864,308.5,3.2,1.7,2026-04-15,1456,Terra,MODIS,69,61.03,292.1,33.9,N,0
24.9974,77.1163,319.2,3.2,1.7,2026-04-15,1456,Terra,MODIS,98,61.03,294.1,79.9,N,0
24.9976,77.1094,322.2,3.2,1.7,2026-04-15,1456,Terra,MODIS,100,61.03,293.3,93.8,N,0
25.1682,83.7764,309.7,1.1,1.1,2026-04-15,1456,Terra,MODIS,73,61.03,296.2,8.1,N,0
25.1699,83.7873,306.1,1.1,1.1,2026-04-15,1456,Terra,MODIS,19,61.03,295.6,5,N,2
25.1765,83.8306,306.5,1.1,1.1,2026-04-15,1456,Terra,MODIS,49,61.03,295.7,5.6,N,0
25.1942,83.7769,318.4,1.1,1.1,2026-04-15,1456,Terra,MODIS,96,61.03,297.2,16.5,N,0
25.1951,84.0143,313.3,1.1,1,2026-04-15,1456,Terra,MODIS,84,61.03,296.1,11.4,N,0
25.1998,83.6295,307.1,1.1,1.1,2026-04-15,1456,Terra,MODIS,62,61.03,295.9,6.2,N,0
25.2009,83.8201,306.6,1.1,1.1,2026-04-15,1456,Terra,MODIS,7,61.03,295.4,4.9,N,0
25.2034,83.7751,314.4,1.1,1.1,2026-04-15,1456,Terra,MODIS,87,61.03,296.8,12.6,N,0
25.2057,83.6057,306.5,1.2,1.1,2026-04-15,1456,Terra,MODIS,52,61.03,296.5,5.5,N,0
25.206,83.8525,312.1,1.1,1.1,2026-04-15,1456,Terra,MODIS,73,61.03,295.5,9.6,N,0
25.2079,84.0989,316.4,1.1,1,2026-04-15,1456,Terra,MODIS,92,61.03,296.6,13.5,N,0
25.2095,84.1094,337.7,1.1,1,2026-04-15,1456,Terra,MODIS,100,61.03,297.3,42.3,N,2
25.2194,83.8166,310.6,1.1,1.1,2026-04-15,1456,Terra,MODIS,65,61.03,296.6,8.3,N,0
25.2211,83.8274,308.3,1.1,1.1,2026-04-15,1456,Terra,MODIS,18,61.03,295.9,6.3,N,0
25.2294,83.8812,305.7,1.1,1.1,2026-04-15,1456,Terra,MODIS,54,61.03,295.3,5.4,N,0
25.2636,83.9188,326.4,1.1,1.1,2026-04-15,1456,Terra,MODIS,100,61.03,296.3,25.8,N,0
25.2652,83.9295,321.9,1.1,1.1,2026-04-15,1456,Terra,MODIS,100,61.03,296.6,19.9,N,0
25.2727,83.9171,318.7,1.1,1.1,2026-04-15,1456,Terra,MODIS,97,61.03,295.7,16.4,N,0
25.2728,84.1025,306.1,1.1,1,2026-04-15,1456,Terra,MODIS,57,61.03,295.5,5.8,N,0
25.2744,83.9278,322.4,1.1,1.1,2026-04-15,1456,Terra,MODIS,100,61.03,296.2,20.8,N,0
25.2835,83.926,305.8,1.1,1.1,2026-04-15,1456,Terra,MODIS,55,61.03,295.3,5.4,N,0
25.3433,78.9585,305.1,2.3,1.5,2026-04-15,1456,Terra,MODIS,53,61.03,295,13.4,N,0
25.7129,83.7694,307.1,1.1,1.1,2026-04-15,1456,Terra,MODIS,64,61.03,296.3,6.7,N,0
26.2942,83.7038,306.5,1.1,1.1,2026-04-15,1456,Terra,MODIS,38,61.03,295.2,6.2,N,0
26.3266,83.7306,305.2,1.1,1,2026-04-15,1456,Terra,MODIS,57,61.03,294.2,5.3,N,0
26.3367,83.5509,308.2,1.1,1.1,2026-04-15,1456,Terra,MODIS,71,61.03,294.5,8.5,N,0
26.3429,83.8371,304.5,1.1,1,2026-04-15,1456,Terra,MODIS,15,61.03,294.4,4.5,N,0
26.3745,83.7982,306.8,1.1,1,2026-04-15,1456,Terra,MODIS,27,61.03,294.6,5.8,N,0
26.4014,83.7978,310.3,1.1,1,2026-04-15,1456,Terra,MODIS,78,61.03,294.7,9.4,N,0
26.4031,83.8084,307.2,1.1,1,2026-04-15,1456,Terra,MODIS,68,61.03,294.7,6.9,N,0
26.4131,83.383,312.3,1.1,1.1,2026-04-15,1456,Terra,MODIS,84,61.03,295,11.4,N,0
26.4148,83.641,309.7,1.1,1.1,2026-04-15,1456,Terra,MODIS,76,61.03,295.1,8.5,N,0
26.4621,83.2874,311.6,1.2,1.1,2026-04-15,1456,Terra,MODIS,19,61.03,295.4,9.5,N,0
26.4638,83.2985,326.3,1.1,1.1,2026-04-15,1456,Terra,MODIS,100,61.03,296.9,26.1,N,0
26.4713,83.5908,305,1.1,1.1,2026-04-15,1456,Terra,MODIS,58,61.03,293.7,5.6,N,0
26.4769,83.9246,319.2,1.1,1,2026-04-15,1456,Terra,MODIS,98,61.03,296.1,16.8,N,0
26.4785,83.9351,310.8,1.1,1,2026-04-15,1456,Terra,MODIS,80,61.03,295.9,8.8,N,0
26.4859,83.9229,318.6,1.1,1,2026-04-15,1456,Terra,MODIS,97,61.03,294.9,16.6,N,0
26.5172,83.5818,310.2,1.1,1.1,2026-04-15,1456,Terra,MODIS,78,61.03,294.2,10,N,0
26.5532,83.4,310.8,1.1,1.1,2026-04-15,1456,Terra,MODIS,80,61.03,294.3,10.8,N,0
26.5631,83.3413,310.7,1.1,1.1,2026-04-15,1456,Terra,MODIS,80,61.03,295.1,10.6,N,0
26.8373,82.9137,304.4,1.2,1.1,2026-04-15,1456,Terra,MODIS,59,61.03,293.8,6.5,N,0
26.8695,83.1761,304.1,1.2,1.1,2026-04-15,1456,Terra,MODIS,58,61.03,293,5.6,N,0
26.9101,83.6691,305.7,1.1,1,2026-04-15,1456,Terra,MODIS,64,61.03,294.9,6.5,N,0
26.9104,83.5475,303.1,1.1,1.1,2026-04-15,1456,Terra,MODIS,51,61.03,292.7,5.4,N,0
26.9121,83.5583,305.1,1.1,1,2026-04-15,1456,Terra,MODIS,61,61.03,292.8,6.7,N,0
26.9471,83.6116,306.1,1.1,1,2026-04-15,1456,Terra,MODIS,66,61.03,293.7,6.9,N,0
26.9868,83.6259,307.1,1.1,1,2026-04-15,1456,Terra,MODIS,70,61.03,293.5,7.1,N,0
26.9903,82.8651,306.1,1.2,1.1,2026-04-15,1456,Terra,MODIS,67,61.03,293.7,7.6,N,0
27.0174,83.642,305.8,1.1,1,2026-04-15,1456,Terra,MODIS,21,61.03,294.1,5.6,N,0
27.0211,83.6134,306,1.1,1,2026-04-15,1456,Terra,MODIS,64,61.03,293.7,5.9,N,0
27.0355,83.2176,308.6,1.1,1.1,2026-04-15,1456,Terra,MODIS,75,61.03,293.4,9.6,N,0
27.0372,83.2287,304.5,1.1,1.1,2026-04-15,1456,Terra,MODIS,60,61.03,293.3,6.3,N,0
27.0401,83.4318,303.5,1.1,1.1,2026-04-15,1456,Terra,MODIS,54,61.03,292.5,5.4,N,0
27.089,83.0273,303.1,1.2,1.1,2026-04-15,1456,Terra,MODIS,53,61.03,292.7,5.5,N,0
27.0907,83.0386,305.1,1.2,1.1,2026-04-15,1456,Terra,MODIS,63,61.03,292.5,6.8,N,0
27.096,83.0724,303.6,1.2,1.1,2026-04-15,1456,Terra,MODIS,56,61.03,292.3,5.5,N,0
27.1,83.5252,307.8,1.1,1,2026-04-15,1456,Terra,MODIS,72,61.03,294.3,7.4,N,0
27.1101,82.636,309.9,1.2,1.1,2026-04-15,1456,Terra,MODIS,23,61.03,293.9,8.8,N,0
27.1121,83.2985,304.5,1.1,1.1,2026-04-15,1456,Terra,MODIS,41,61.03,293.3,5,N,0
27.1123,83.1154,305.5,1.2,1.1,2026-04-15,1456,Terra,MODIS,64,61.03,293.2,6.6,N,0
27.1264,83.3297,306.2,1.1,1.1,2026-04-15,1456,Terra,MODIS,67,61.03,292.5,6.8,N,0
27.1445,82.9752,308.6,1.2,1.1,2026-04-15,1456,Terra,MODIS,75,61.03,292.9,9.6,N,0
27.1463,82.9866,318.6,1.2,1.1,2026-04-15,1456,Terra,MODIS,97,61.03,293.6,19.8,N,0
27.1507,83.1365,319.9,1.1,1.1,2026-04-15,1456,Terra,MODIS,99,61.03,293.4,20.8,N,0
27.1645,83.0412,305.7,1.2,1.1,2026-04-15,1456,Terra,MODIS,65,61.03,293.5,7.4,N,0
27.1702,82.5562,304.1,1.2,1.1,2026-04-15,1456,Terra,MODIS,53,61.03,293.6,6.2,N,0
27.1763,83.1773,303.3,1.1,1.1,2026-04-15,1456,Terra,MODIS,54,61.03,292.6,5.1,N,0
27.178,83.1884,319.5,1.1,1.1,2026-04-15,1456,Terra,MODIS,99,61.03,293.6,19.8,N,0
27.1937,83.1048,304.9,1.1,1.1,2026-04-15,1456,Terra,MODIS,62,61.03,292.6,6.8,N,0
27.199,82.4265,308.7,1.2,1.1,2026-04-15,1456,Terra,MODIS,75,61.03,293.8,9.5,N,0
27.2001,83.0224,308.6,1.2,1.1,2026-04-15,1456,Terra,MODIS,75,61.03,294.2,8.5,N,0
27.2012,82.4205,306.7,1.2,1.1,2026-04-15,1456,Terra,MODIS,40,61.03,293.8,7.8,N,0
27.2018,83.0337,320.8,1.2,1.1,2026-04-15,1456,Terra,MODIS,100,61.03,295.1,21,N,0
27.2067,83.0264,312.5,1.2,1.1,2026-04-15,1456,Terra,MODIS,85,61.03,294.1,13,N,0
27.2085,83.0377,304.6,1.2,1.1,2026-04-15,1456,Terra,MODIS,37,61.03,293.6,5.9,N,0
27.2396,83.1124,305.8,1.1,1.1,2026-04-15,1456,Terra,MODIS,66,61.03,293.9,6.7,N,0
27.2448,82.9017,303.6,1.2,1.1,2026-04-15,1456,Terra,MODIS,56,61.03,293.3,6,N,0
27.261,82.4826,308.5,1.2,1.1,2026-04-15,1456,Terra,MODIS,75,61.03,292.9,10.7,N,0
27.2814,82.8531,311.5,1.2,1.1,2026-04-15,1456,Terra,MODIS,83,61.03,294.1,12.2,N,0
27.2854,83.1607,306.7,1.1,1.1,2026-04-15,1456,Terra,MODIS,29,61.03,294.5,6.7,N,0
27.3022,83.1459,308.5,1.1,1.1,2026-04-15,1456,Terra,MODIS,74,61.03,293.1,8.6,N,0
27.3038,82.8722,314.1,1.2,1.1,2026-04-15,1456,Terra,MODIS,88,61.03,294.2,14.5,N,0
27.3204,82.916,307.2,1.2,1.1,2026-04-15,1456,Terra,MODIS,71,61.03,294.1,8,N,0
27.3254,83.0085,307.9,1.2,1.1,2026-04-15,1456,Terra,MODIS,73,61.03,293.1,8.6,N,0
27.3554,82.6764,304.1,1.2,1.1,2026-04-15,1456,Terra,MODIS,39,61.03,293.9,5.8,N,0
27.3667,82.6861,325.7,1.2,1.1,2026-04-15,1456,Terra,MODIS,100,61.03,294.6,28.8,N,0
27.3681,82.8764,309.7,1.2,1.1,2026-04-15,1456,Terra,MODIS,39,61.03,294.5,9.4,N,0
27.3757,82.863,307.7,1.2,1.1,2026-04-15,1456,Terra,MODIS,29,61.03,294.3,7.8,N,0
27.3762,82.6842,305,1.2,1.1,2026-04-15,1456,Terra,MODIS,27,61.03,293.6,6.4,N,0
27.3938,82.9766,314.6,1.2,1.1,2026-04-15,1456,Terra,MODIS,90,61.03,293.3,14.2,N,0
27.3956,82.9879,309.1,1.2,1.1,2026-04-15,1456,Terra,MODIS,77,61.03,293,9.2,N,0
27.3974,82.9992,308,1.2,1.1,2026-04-15,1456,Terra,MODIS,57,61.03,293.5,8.3,N,0
27.4028,83.0329,305,1.2,1.1,2026-04-15,1456,Terra,MODIS,63,61.03,293.4,6.6,N,0
27.409,82.2519,304.3,1.3,1.1,2026-04-15,1456,Terra,MODIS,59,61.03,292.8,7.5,N,0
27.4107,83.1871,307.8,1.1,1.1,2026-04-15,1456,Terra,MODIS,73,61.03,293.3,8.3,N,0
27.4134,83.1,311.9,1.1,1.1,2026-04-15,1456,Terra,MODIS,84,61.03,293.2,12.8,N,0
27.419,82.8306,303.5,1.2,1.1,2026-04-15,1456,Terra,MODIS,56,61.03,293.2,5.9,N,0
27.4746,83.2475,306.8,1.1,1.1,2026-04-15,1456,Terra,MODIS,69,61.03,294.8,7.7,N,0
27.737,82.743,312.2,1.2,1.1,2026-04-15,1456,Terra,MODIS,84,61.03,299.9,9.8,N,0
27.7386,82.8133,311.9,1.2,1.1,2026-04-15,1456,Terra,MODIS,84,61.03,299.5,11.1,N,0
27.8237,82.9258,306.7,1.2,1.1,2026-04-15,1456,Terra,MODIS,69,61.03,293.2,7.3,N,0
27.8355,78.9913,311.1,2,1.4,2026-04-15,1456,Terra,MODIS,82,61.03,291.7,28.2,N,0
28.0022,82.2128,310.9,1.2,1.1,2026-04-15,1456,Terra,MODIS,81,61.03,298.3,11.1,N,0
28.2941,83.1571,304.6,1.1,1.1,2026-04-15,1456,Terra,MODIS,61,61.03,289.5,8,N,0
28.3557,82.2496,306.5,1.2,1.1,2026-04-15,1456,Terra,MODIS,68,61.03,290.6,10.1,N,0
28.3577,82.2622,301.2,1.2,1.1,2026-04-15,1456,Terra,MODIS,38,61.03,289.6,5.9,N,0
28.6095,81.9746,305.8,1.3,1.1,2026-04-15,1456,Terra,MODIS,66,61.03,293.9,7.7,N,0
28.6113,81.9678,306,1.3,1.1,2026-04-15,1456,Terra,MODIS,61,61.03,293.8,7.9,N,0
28.6036,80.4013,303.9,1.6,1.2,2026-04-15,1457,Terra,MODIS,57,61.03,292.9,10.1,N,0
28.6169,81.8811,302.7,1.3,1.1,2026-04-15,1457,Terra,MODIS,51,61.03,290.3,7.6,N,0
28.6188,81.8922,312.6,1.3,1.1,2026-04-15,1457,Terra,MODIS,85,61.03,292,16.6,N,0
28.654,81.9848,305.3,1.2,1.1,2026-04-15,1457,Terra,MODIS,57,61.03,293.2,7.4,N,0
28.656,81.9969,309.8,1.2,1.1,2026-04-15,1457,Terra,MODIS,78,61.03,293.9,11.1,N,0
29.3808,80.8448,303.9,1.4,1.2,2026-04-15,1457,Terra,MODIS,58,61.03,293.3,8.7,N,0
18.5775,72.2386,310.5,3.6,1.8,2026-04-15,1632,Terra,MODIS,71,61.03,298.7,44,N,3
27.1726,82.5441,303.9,1.4,1.2,2026-04-15,2222,Aqua,MODIS,57,61.03,290.8,10.2,N,0
28.0706,82.0899,305.4,1.3,1.1,2026-04-15,2222,Aqua,MODIS,57,61.03,295.3,8.3,N,0
28.0826,82.079,305.5,1.3,1.1,2026-04-15,2222,Aqua,MODIS,38,61.03,293.8,8.5,N,0
28.2674,82.0304,301,1.2,1.1,2026-04-15,2222,Aqua,MODIS,24,61.03,290.4,5.9,N,0
28.3417,81.5477,310.2,1.2,1.1,2026-04-15,2222,Aqua,MODIS,79,61.03,296.7,10.3,N,0
28.3512,82.2572,306.6,1.3,1.1,2026-04-15,2222,Aqua,MODIS,69,61.03,287.9,13.7,N,0
28.4041,81.408,306.5,1.2,1.1,2026-04-15,2222,Aqua,MODIS,57,61.03,296.1,7.9,N,0
29.8948,78.869,303.2,1,1,2026-04-15,2222,Aqua,MODIS,54,61.03,287.9,7.2,N,0
23.7233,78.5164,301.7,1,1,2026-04-15,2223,Aqua,MODIS,44,61.03,290.2,5.2,N,0
23.8569,77.7096,310,1,1,2026-04-15,2223,Aqua,MODIS,79,61.03,293.7,8.4,N,0
23.8598,77.749,308.5,1,1,2026-04-15,2223,Aqua,MODIS,75,61.03,293.3,7.3,N,0
23.86,77.8656,307.7,1,1,2026-04-15,2223,Aqua,MODIS,72,61.03,293,7,N,0
23.8613,77.7395,324.3,1,1,2026-04-15,2223,Aqua,MODIS,100,61.03,294.5,20.9,N,0
23.8614,77.8561,306.9,1,1,2026-04-15,2223,Aqua,MODIS,70,61.03,292.8,6.4,N,0
23.8627,77.7301,316.7,1,1,2026-04-15,2223,Aqua,MODIS,94,61.03,294.4,12.9,N,0
23.8641,77.7206,317.1,1,1,2026-04-15,2223,Aqua,MODIS,94,61.03,294.3,13.6,N,0
23.8642,77.7789,307.3,1,1,2026-04-15,2223,Aqua,MODIS,71,61.03,293.3,7,N,0
23.8656,77.7112,343.5,1,1,2026-04-15,2223,Aqua,MODIS,100,61.03,296.1,48.4,N,0
23.87,77.7411,343.1,1,1,2026-04-15,2223,Aqua,MODIS,100,61.03,296.3,47.4,N,0
23.8714,77.7316,343.1,1,1,2026-04-15,2223,Aqua,MODIS,100,61.03,295.4,47.2,N,0
23.8729,77.7804,316,1,1,2026-04-15,2223,Aqua,MODIS,92,61.03,293.8,13,N,0
23.8744,77.771,311.8,1,1,2026-04-15,2223,Aqua,MODIS,70,61.03,293.3,9.2,N,0
23.8875,77.8024,346.3,1,1,2026-04-15,2223,Aqua,MODIS,100,61.03,296,54,N,0
23.9105,77.7094,310.5,1,1,2026-04-15,2223,Aqua,MODIS,80,61.03,293,9.4,N,0
23.9508,77.2012,303.9,1,1,2026-04-15,2223,Aqua,MODIS,58,61.03,291.7,5.7,N,0
23.9522,77.1917,305,1,1,2026-04-15,2223,Aqua,MODIS,63,61.03,291.8,6.3,N,0
23.9798,77.1867,312.7,1,1,2026-04-15,2223,Aqua,MODIS,85,61.03,292.3,11.6,N,0
23.9812,77.1772,308.9,1,1,2026-04-15,2223,Aqua,MODIS,76,61.03,292.6,8.7,N,0
24.0175,77.5505,328.9,1,1,2026-04-15,2223,Aqua,MODIS,100,61.03,294.9,26.6,N,0
24.0244,77.4449,306.9,1,1,2026-04-15,2223,Aqua,MODIS,70,61.03,293.9,6.2,N,0
24.0331,77.4464,318.6,1,1,2026-04-15,2223,Aqua,MODIS,97,61.03,294.2,15.2,N,0
24.0593,76.327,304.7,1,1,2026-04-15,2223,Aqua,MODIS,61,61.03,292.9,6.2,N,0
24.0897,77.4521,304.5,1,1,2026-04-15,2223,Aqua,MODIS,60,61.03,292.6,5.7,N,0
24.1201,77.4282,316.8,1,1,2026-04-15,2223,Aqua,MODIS,94,61.03,292.9,14.7,N,0
24.1215,77.4187,310.1,1,1,2026-04-15,2223,Aqua,MODIS,79,61.03,292.6,9.3,N,0
24.1897,77.3984,305,1,1,2026-04-15,2223,Aqua,MODIS,62,61.03,292.1,6.4,N,0
24.6322,76.3876,303.6,1.1,1,2026-04-15,2223,Aqua,MODIS,56,61.03,292.6,5.6,N,0
24.6684,77.1094,331.5,1,1,2026-04-15,2223,Aqua,MODIS,100,61.03,294.6,30.7,N,0
24.6698,77.0998,314.7,1,1,2026-04-15,2223,Aqua,MODIS,90,61.03,293.7,12.6,N,0
24.6702,77.1591,308.5,1,1,2026-04-15,2223,Aqua,MODIS,75,61.03,294.2,6.7,N,0
24.6789,77.1606,305.8,1,1,2026-04-15,2223,Aqua,MODIS,57,61.03,295.1,4.8,N,0
24.7252,77.0895,306.3,1,1,2026-04-15,2223,Aqua,MODIS,68,61.03,293.1,6.8,N,0
24.7662,76.8075,303.7,1,1,2026-04-15,2223,Aqua,MODIS,56,61.03,291.9,5.2,N,0
24.8187,77.2013,306.3,1,1,2026-04-15,2223,Aqua,MODIS,67,61.03,293.1,6.5,N,0
24.8416,77.1063,318.2,1,1,2026-04-15,2223,Aqua,MODIS,96,61.03,293.1,16.1,N,0
24.9205,76.9564,309.6,1,1,2026-04-15,2223,Aqua,MODIS,78,61.03,293.8,8.2,N,0
24.9409,76.9399,305.4,1,1,2026-04-15,2223,Aqua,MODIS,60,61.03,294.6,5.2,N,0
25.0205,76.9,308,1,1,2026-04-15,2223,Aqua,MODIS,73,61.03,294.4,7.2,N,0
25.0501,83.9404,306.4,1.9,1.3,2026-04-15,2223,Aqua,MODIS,68,61.03,292.3,16.9,N,0
25.176,83.8288,302.9,1.9,1.3,2026-04-15,2223,Aqua,MODIS,52,61.03,291.5,12.7,N,0
25.4632,76.7221,303,1,1,2026-04-15,2223,Aqua,MODIS,52,61.03,292.3,5.1,N,0
20.3085,78.3504,307.5,1.1,1,2026-04-15,2224,Aqua,MODIS,71,61.03,297.3,6.4,N,0
20.31,78.3406,307.8,1.1,1,2026-04-15,2224,Aqua,MODIS,72,61.03,296.6,6.8,N,0
20.8507,74.3089,309,1.2,1.1,2026-04-15,2224,Aqua,MODIS,76,61.03,295.4,10.9,N,0
21.7428,83.8444,308.8,2.2,1.4,2026-04-15,2224,Aqua,MODIS,76,61.03,297.8,20.4,N,2
21.7433,83.8517,310,2.2,1.4,2026-04-15,2224,Aqua,MODIS,79,61.03,297.7,22.2,N,2
22.057,79.182,302.6,1.1,1,2026-04-15,2224,Aqua,MODIS,50,61.03,290.4,6.3,N,0
22.0587,79.1718,307.4,1.1,1,2026-04-15,2224,Aqua,MODIS,71,61.03,290.5,9.9,N,0
22.0692,79.2795,302.7,1.1,1.1,2026-04-15,2224,Aqua,MODIS,51,61.03,291,6.1,N,0
22.0876,79.1666,313.7,1.1,1,2026-04-15,2224,Aqua,MODIS,88,61.03,290.5,14.6,N,0
22.1156,79.3364,302.9,1.1,1.1,2026-04-15,2224,Aqua,MODIS,52,61.03,291.9,6.7,N,0
22.1173,79.326,310,1.1,1.1,2026-04-15,2224,Aqua,MODIS,79,61.03,291.4,11.9,N,0
22.1287,77.9072,308.9,1,1,2026-04-15,2224,Aqua,MODIS,76,61.03,297.7,7.6,N,0
22.1794,79.4519,308.4,1.1,1.1,2026-04-15,2224,Aqua,MODIS,74,61.03,289.9,10.8,N,0
22.1921,79.2126,301.9,1.1,1,2026-04-15,2224,Aqua,MODIS,45,61.03,290.9,5.5,N,0
22.2011,77.8675,310.3,1,1,2026-04-15,2224,Aqua,MODIS,80,61.03,298.6,7.1,N,0
22.3421,79.6474,305.1,1.1,1.1,2026-04-15,2224,Aqua,MODIS,63,61.03,293.4,7,N,0
22.393,79.5695,303,1.1,1.1,2026-04-15,2224,Aqua,MODIS,53,61.03,292.3,5.7,N,0
22.4179,79.8676,307,1.2,1.1,2026-04-15,2224,Aqua,MODIS,70,61.03,291,10,N,0
22.4197,79.8568,309.8,1.2,1.1,2026-04-15,2224,Aqua,MODIS,78,61.03,290.8,12.4,N,0
22.977,77.5225,311.1,1,1,2026-04-15,2224,Aqua,MODIS,82,61.03,296.9,7.9,N,0
23.1911,77.331,307.5,1,1,2026-04-15,2224,Aqua,MODIS,72,61.03,295.7,6.3,N,0
23.2095,77.5821,305.3,1,1,2026-04-15,2224,Aqua,MODIS,64,61.03,293,6,N,0
23.3579,78.0567,304.1,1,1,2026-04-15,2224,Aqua,MODIS,58,61.03,291,6.1,N,0
23.3594,78.0473,306.7,1,1,2026-04-15,2224,Aqua,MODIS,69,61.03,290.9,7.8,N,0
23.3666,78.0583,323.1,1,1,2026-04-15,2224,Aqua,MODIS,100,61.03,291.8,21,N,0
23.3899,77.9069,304.2,1,1,2026-04-15,2224,Aqua,MODIS,59,61.03,293.1,4.9,N,0
23.5496,77.9574,303.7,1,1,2026-04-15,2224,Aqua,MODIS,56,61.03,291.6,5.7,N,0
23.5578,75.9525,307.5,1.1,1,2026-04-15,2224,Aqua,MODIS,72,61.03,292.8,8.3,N,0
23.5606,75.9324,304.3,1.1,1,2026-04-15,2224,Aqua,MODIS,59,61.03,292.2,6.1,N,0
23.5638,77.6884,314.5,1,1,2026-04-15,2224,Aqua,MODIS,89,61.03,293.4,12.9,N,0
23.5725,77.6899,339.7,1,1,2026-04-15,2224,Aqua,MODIS,100,61.03,295.6,42.8,N,0
23.574,77.6805,324.4,1,1,2026-04-15,2224,Aqua,MODIS,100,61.03,294,21.9,N,0
23.581,78.9962,304.4,1.1,1,2026-04-15,2224,Aqua,MODIS,60,61.03,291.5,6.4,N,0
23.6406,77.6534,302.6,1,1,2026-04-15,2224,Aqua,MODIS,50,61.03,292,4.9,N,0
23.6664,77.5417,303.7,1,1,2026-04-15,2224,Aqua,MODIS,57,61.03,291.4,5.7,N,0
23.7498,77.8598,305.4,1,1,2026-04-15,2224,Aqua,MODIS,64,61.03,291.7,6.8,N,0
23.7958,77.24,303.9,1,1,2026-04-15,2224,Aqua,MODIS,57,61.03,291.5,5.8,N,0
18.29,73.9485,304.5,1.1,1.1,2026-04-15,2225,Aqua,MODIS,60,61.03,292,7.1,N,0
19.5117,73.8391,305.2,1.2,1.1,2026-04-15,2225,Aqua,MODIS,63,61.03,293.3,9,N,0
19.5214,73.8395,304.9,1.2,1.1,2026-04-15,2225,Aqua,MODIS,62,61.03,292.8,8.6,N,0
13.9235,79.1181,313.2,1.4,1.2,2026-04-15,2226,Aqua,MODIS,85,61.03,296.6,15.4,N,0
13.9337,79.1202,315.8,1.4,1.2,2026-04-15,2226,Aqua,MODIS,91,61.03,297.2,18.6,N,0
13.9416,79.1357,310.7,1.4,1.2,2026-04-15,2226,Aqua,MODIS,58,61.03,297.8,11.7,N,0
14.0272,79.1184,311.3,1.4,1.2,2026-04-15,2226,Aqua,MODIS,79,61.03,297.1,14,N,0
14.3233,78.6276,308.8,1.3,1.1,2026-04-15,2226,Aqua,MODIS,70,61.03,298.6,8.2,N,0
14.3256,78.6229,312.6,1.3,1.1,2026-04-15,2226,Aqua,MODIS,82,61.03,298.8,11.4,N,0
14.5524,78.9942,314.8,1.4,1.2,2026-04-15,2226,Aqua,MODIS,88,61.03,297.7,15.3,N,0
14.5545,78.9814,314.2,1.3,1.2,2026-04-15,2226,Aqua,MODIS,87,61.03,297.2,14.4,N,0
14.5835,77.7411,308.7,1.1,1.1,2026-04-15,2226,Aqua,MODIS,70,61.03,298.6,6.8,N,0
15.1812,76.6563,309.8,1,1,2026-04-15,2226,Aqua,MODIS,37,61.03,297.3,6,N,2
10.3066,77.4924,323.5,1.3,1.1,2026-04-15,2227,Aqua,MODIS,100,61.03,291.5,30.1,N,0
10.3083,77.4819,308.9,1.3,1.1,2026-04-15,2227,Aqua,MODIS,76,61.03,291.5,12,N,0
10.3163,77.4941,326,1.3,1.1,2026-04-15,2227,Aqua,MODIS,100,61.03,291.8,33.3,N,0
10.3179,77.4841,307.7,1.3,1.1,2026-04-15,2227,Aqua,MODIS,72,61.03,292.4,10.2,N,0
29.2077,72.4443,322.4,1.3,1.2,2026-04-16,438,Terra,MODIS,75,61.03,303.9,13.2,D,0
29.5348,72.4045,326.5,1.3,1.1,2026-04-16,438,Terra,MODIS,79,61.03,302.9,17.2,D,0
30.2004,72.0091,323.7,1.2,1.1,2026-04-16,438,Terra,MODIS,76,61.03,301.6,15.2,D,0
24.6632,76.8044,324.7,3.4,1.7,2026-04-16,439,Terra,MODIS,64,61.03,306.6,43.7,D,0
24.7697,76.668,324.4,3.3,1.7,2026-04-16,439,Terra,MODIS,63,61.03,307.3,37.5,D,0
24.7718,76.805,324.7,3.4,1.7,2026-04-16,439,Terra,MODIS,60,61.03,307.7,41.2,D,0
25.1008,77.0104,348.1,3.4,1.7,2026-04-16,439,Terra,MODIS,93,61.03,308.6,251.1,D,0
25.1035,77.0044,348.2,3.4,1.7,2026-04-16,439,Terra,MODIS,93,61.03,308.7,254.6,D,0
25.1074,76.9789,328.1,3.4,1.7,2026-04-16,439,Terra,MODIS,70,61.03,306.5,63.1,D,0
25.1677,77.1331,323.6,3.5,1.8,2026-04-16,439,Terra,MODIS,61,61.03,308.5,44.8,D,0
25.1707,77.1291,325.3,3.5,1.8,2026-04-16,439,Terra,MODIS,66,61.03,308.6,57.2,D,0
25.1747,77.1008,324,3.4,1.7,2026-04-16,439,Terra,MODIS,63,61.03,307.1,43.5,D,0
25.3799,77.0924,328.7,3.4,1.7,2026-04-16,439,Terra,MODIS,73,61.03,307.9,87.2,D,0
25.3842,77.0653,322.3,3.4,1.7,2026-04-16,439,Terra,MODIS,53,61.03,306.5,41,D,0
25.3865,77.0606,321.5,3.4,1.7,2026-04-16,439,Terra,MODIS,50,61.03,306.2,36.9,D,0
25.4351,75.7471,322.9,2.7,1.6,2026-04-16,439,Terra,MODIS,58,61.03,307.6,29.5,D,0
21.9255,70.3224,326.6,1.3,1.1,2026-04-16,440,Terra,MODIS,70,61.03,312.8,13.4,D,0
22.6119,70.8422,322.8,1.4,1.2,2026-04-16,440,Terra,MODIS,58,61.03,310.5,10.1,D,0
22.763,70.6135,324.4,1.3,1.1,2026-04-16,440,Terra,MODIS,64,61.03,309.5,13.2,D,0
23.1481,76.6582,324.2,3.6,1.8,2026-04-16,440,Terra,MODIS,63,61.03,308.4,39.4,D,0
23.1879,69.6365,320.6,1.2,1.1,2026-04-16,440,Terra,MODIS,53,61.03,309.8,7.6,D,0
23.3139,77.7416,323.3,4.3,1.9,2026-04-16,440,Terra,MODIS,42,61.03,305.9,55.7,D,0
23.322,77.7027,322.7,4.2,1.9,2026-04-16,440,Terra,MODIS,32,61.03,306.4,54.3,D,0
23.327,77.711,324.7,4.2,1.9,2026-04-16,440,Terra,MODIS,63,61.03,306.3,77.2,D,0
23.3971,77.8989,323.3,4.3,1.9,2026-04-16,440,Terra,MODIS,57,61.03,305.9,61.3,D,0
23.4108,69.7994,326.9,1.2,1.1,2026-04-16,440,Terra,MODIS,70,61.03,312.9,13.4,D,0
23.4126,69.7883,329.7,1.2,1.1,2026-04-16,440,Terra,MODIS,75,61.03,312.7,17.6,D,0
23.4529,75.0294,320.7,2.7,1.6,2026-04-16,440,Terra,MODIS,43,61.03,305.8,23.4,D,0
23.6339,68.6092,321.1,1.1,1,2026-04-16,440,Terra,MODIS,52,61.03,308.8,7.3,D,0
23.6367,77.6447,334.1,4.1,1.9,2026-04-16,440,Terra,MODIS,80,61.03,306.3,155.1,D,0
23.6428,77.6527,338.8,4.1,1.9,2026-04-16,440,Terra,MODIS,85,61.03,306.7,212.3,D,0
23.6511,77.615,324.5,4.1,1.9,2026-04-16,440,Terra,MODIS,62,61.03,305.5,58.6,D,0
23.6529,77.6488,325.7,4.1,1.9,2026-04-16,440,Terra,MODIS,66,61.03,306.1,76,D,0
23.6925,77.5403,322.3,4,1.9,2026-04-16,440,Terra,MODIS,53,61.03,305.7,44.4,D,0
23.739,77.4417,327.2,3.9,1.8,2026-04-16,440,Terra,MODIS,69,61.03,306.1,84.6,D,0
23.7474,77.4374,325.7,3.9,1.8,2026-04-16,440,Terra,MODIS,66,61.03,306.3,70.7,D,0
23.7701,77.7305,324.7,4.1,1.9,2026-04-16,440,Terra,MODIS,63,61.03,305.8,72.7,D,0
23.78,77.728,321.3,4.1,1.9,2026-04-16,440,Terra,MODIS,44,61.03,305.3,45.5,D,0
23.8649,77.7214,326,4.1,1.9,2026-04-16,440,Terra,MODIS,67,61.03,307.1,74.9,D,0
23.867,77.7555,324.2,4.1,1.9,2026-04-16,440,Terra,MODIS,59,61.03,306.1,57,D,0
23.8728,77.7638,324.2,4.1,1.9,2026-04-16,440,Terra,MODIS,58,61.03,305.6,56.9,D,0
24.1658,77.464,328.8,3.9,1.8,2026-04-16,440,Terra,MODIS,73,61.03,306.5,93.2,D,0
24.173,77.4611,324.4,3.9,1.8,2026-04-16,440,Terra,MODIS,59,61.03,306.8,57.6,D,0
24.6894,73.6115,320.5,2,1.4,2026-04-16,440,Terra,MODIS,39,61.03,303.9,17.5,D,0
21.5779,70.1825,323.6,1.3,1.1,2026-04-16,441,Terra,MODIS,62,61.03,311.7,10.3,D,0
21.6911,69.8584,323.4,1.3,1.1,2026-04-16,441,Terra,MODIS,49,61.03,312.1,11.7,D,0
21.6926,70.2987,323.1,1.3,1.1,2026-04-16,441,Terra,MODIS,61,61.03,311.4,10.6,D,0
21.6946,70.2863,322.1,1.3,1.1,2026-04-16,441,Terra,MODIS,57,61.03,310.7,9,D,0
21.7772,70.4109,325.8,1.3,1.2,2026-04-16,441,Terra,MODIS,62,61.03,311.7,15.5,D,0
13.9143,79.1286,320.4,4.2,1.9,2026-04-16,915,Aqua,MODIS,58,61.03,304.4,58.5,D,0
13.9203,79.1239,321.2,4.2,1.9,2026-04-16,915,Aqua,MODIS,72,61.03,304.1,64.5,D,0
13.9212,79.1648,330.1,4.2,1.9,2026-04-16,915,Aqua,MODIS,83,61.03,303.9,140.9,D,0
13.9273,79.1596,331.6,4.2,1.9,2026-04-16,915,Aqua,MODIS,84,61.03,304.4,155.7,D,0
14.0198,79.0222,324.4,4.3,1.9,2026-04-16,915,Aqua,MODIS,77,61.03,303.4,75.2,D,0
14.5325,78.948,319,4.2,1.9,2026-04-16,915,Aqua,MODIS,65,61.03,304,37.3,D,0
14.5428,78.9549,335.2,4.2,1.9,2026-04-16,915,Aqua,MODIS,87,61.03,304.7,187.3,D,0
14.5493,78.947,356.9,4.2,1.9,2026-04-16,915,Aqua,MODIS,98,61.03,305.4,524.9,D,0
14.5565,78.9837,332.1,4.2,1.9,2026-04-16,915,Aqua,MODIS,84,61.03,305.1,151.6,D,0
14.5595,78.9538,354,4.2,1.9,2026-04-16,915,Aqua,MODIS,97,61.03,304.8,471.2,D,0
16.4029,95.4219,318.3,2.4,1.5,2026-04-16,915,Aqua,MODIS,53,61.03,298.6,19.5,D,0
17.6524,96.6742,323.3,3.1,1.7,2026-04-16,915,Aqua,MODIS,70,61.03,301.5,41.8,D,0
17.7269,94.5713,318.5,2.2,1.4,2026-04-16,915,Aqua,MODIS,56,61.03,299.8,25.5,D,0
18.0591,81.9433,320,2.1,1.4,2026-04-16,916,Aqua,MODIS,44,61.03,304.6,19.5,D,0
18.5501,81.24,318.8,2.3,1.5,2026-04-16,916,Aqua,MODIS,50,61.03,303.8,22.5,D,0
18.808,80.2193,323.6,2.7,1.6,2026-04-16,916,Aqua,MODIS,61,61.03,306.5,30.3,D,0
19.0211,80.5075,328.6,2.5,1.5,2026-04-16,916,Aqua,MODIS,74,61.03,304.1,46.2,D,0
19.0254,80.5302,325.7,2.5,1.5,2026-04-16,916,Aqua,MODIS,66,61.03,306.1,32.3,D,0
19.0343,80.5045,323.6,2.5,1.5,2026-04-16,916,Aqua,MODIS,60,61.03,303.9,21.4,D,0
19.0858,96.2139,316.1,3,1.7,2026-04-16,916,Aqua,MODIS,22,61.03,295.8,23.9,D,0
19.1867,81.1732,334.7,2.2,1.5,2026-04-16,916,Aqua,MODIS,82,61.03,304,81.5,D,0
19.2128,81.1022,328.9,2.3,1.5,2026-04-16,916,Aqua,MODIS,74,61.03,302,56.2,D,0
19.2134,81.0957,327.1,2.3,1.5,2026-04-16,916,Aqua,MODIS,72,61.03,301.4,49.7,D,0
19.2194,81.2639,322.6,2.2,1.4,2026-04-16,916,Aqua,MODIS,39,61.03,302.4,31.3,D,0
19.2417,83.3454,318.5,1.5,1.2,2026-04-16,916,Aqua,MODIS,55,61.03,299.5,15.1,D,0
19.2493,81.303,321.1,2.2,1.4,2026-04-16,916,Aqua,MODIS,40,61.03,302.4,25.4,D,0
19.2512,81.2957,320.5,2.2,1.4,2026-04-16,916,Aqua,MODIS,20,61.03,302.3,24.1,D,0
19.4328,80.996,324,2.3,1.5,2026-04-16,916,Aqua,MODIS,50,61.03,306.2,34.1,D,0
19.4743,80.0833,325.2,2.7,1.6,2026-04-16,916,Aqua,MODIS,32,61.03,309.3,24.1,D,0
19.4808,80.0771,325.5,2.7,1.6,2026-04-16,916,Aqua,MODIS,53,61.03,308.5,27.2,D,0
19.6849,80.8573,323,2.3,1.5,2026-04-16,916,Aqua,MODIS,25,61.03,306.6,31.7,D,0
19.7423,93.9632,371.2,2.1,1.4,2026-04-16,916,Aqua,MODIS,100,61.03,303.8,319.1,D,0
19.7435,80.8825,324.7,2.3,1.5,2026-04-16,916,Aqua,MODIS,42,61.03,301.7,43.5,D,0
19.7644,84.9757,327.8,1.2,1.1,2026-04-16,916,Aqua,MODIS,78,61.03,304.3,22.3,D,0
19.7662,84.9868,321.4,1.2,1.1,2026-04-16,916,Aqua,MODIS,69,61.03,303.7,13.6,D,0
19.8081,83.2728,323.5,1.5,1.2,2026-04-16,916,Aqua,MODIS,69,61.03,307,17,D,0
19.856,83.02,322.6,1.6,1.2,2026-04-16,916,Aqua,MODIS,56,61.03,309.3,13.7,D,0
19.8873,94.0697,323.2,2.1,1.4,2026-04-16,916,Aqua,MODIS,65,61.03,300.2,34.7,D,0
19.8946,83.524,326.5,1.5,1.2,2026-04-16,916,Aqua,MODIS,74,61.03,306.7,23.7,D,0
19.9255,83.5399,323.3,1.5,1.2,2026-04-16,916,Aqua,MODIS,60,61.03,306.1,17.4,D,0
19.9373,83.8382,320.7,1.4,1.2,2026-04-16,916,Aqua,MODIS,62,61.03,306.9,11.1,D,0
19.9418,83.633,325.6,1.4,1.2,2026-04-16,916,Aqua,MODIS,42,61.03,308.2,16.4,D,0
19.9428,83.5775,326.6,1.4,1.2,2026-04-16,916,Aqua,MODIS,72,61.03,308.7,22,D,0
19.9463,83.6591,326.9,1.4,1.2,2026-04-16,916,Aqua,MODIS,35,61.03,306.5,19.1,D,0
19.9739,83.8785,321.8,1.4,1.2,2026-04-16,916,Aqua,MODIS,43,61.03,305.6,11.4,D,0
19.9769,83.6526,328.4,1.4,1.2,2026-04-16,916,Aqua,MODIS,58,61.03,307.4,23.6,D,0
19.979,83.6648,331.7,1.4,1.2,2026-04-16,916,Aqua,MODIS,80,61.03,307.7,31.1,D,0
19.9796,83.8509,333.4,1.4,1.2,2026-04-16,916,Aqua,MODIS,82,61.03,306.1,33.1,D,0
19.9863,83.583,331,1.4,1.2,2026-04-16,916,Aqua,MODIS,79,61.03,310.6,29.5,D,0
19.9886,83.5968,325.8,1.4,1.2,2026-04-16,916,Aqua,MODIS,66,61.03,310.1,19.1,D,0
20.0018,83.503,335.5,1.5,1.2,2026-04-16,916,Aqua,MODIS,84,61.03,313.7,34,D,0
20.0034,83.4955,351.8,1.5,1.2,2026-04-16,916,Aqua,MODIS,95,61.03,314.4,87.9,D,0
20.0057,83.5089,331.4,1.5,1.2,2026-04-16,916,Aqua,MODIS,80,61.03,312.9,25.2,D,0
20.0098,83.4873,328,1.5,1.2,2026-04-16,916,Aqua,MODIS,56,61.03,313.1,16.5,D,0
20.0121,83.5007,335.4,1.5,1.2,2026-04-16,916,Aqua,MODIS,83,61.03,313.9,33.9,D,0
20.0135,84.1087,331.6,1.3,1.1,2026-04-16,916,Aqua,MODIS,79,61.03,305.2,29.9,D,0
20.0178,83.6438,322.7,1.4,1.2,2026-04-16,916,Aqua,MODIS,63,61.03,308.5,13.5,D,0
20.0655,83.8678,325.3,1.4,1.2,2026-04-16,916,Aqua,MODIS,52,61.03,307.8,16.7,D,0
20.0668,83.8741,355.1,1.4,1.2,2026-04-16,916,Aqua,MODIS,97,61.03,308.7,96.9,D,0
20.0676,83.8805,343.9,1.4,1.2,2026-04-16,916,Aqua,MODIS,90,61.03,306.8,59.9,D,0
20.0689,83.8869,328.3,1.4,1.2,2026-04-16,916,Aqua,MODIS,66,61.03,305.7,21.2,D,0
20.0777,83.8786,324.9,1.4,1.2,2026-04-16,916,Aqua,MODIS,70,61.03,306,16.8,D,0
20.1417,83.7144,322.7,1.4,1.2,2026-04-16,916,Aqua,MODIS,52,61.03,308.8,10.5,D,0
20.1484,83.6314,330.2,1.4,1.2,2026-04-16,916,Aqua,MODIS,78,61.03,311.9,23.2,D,0
20.2252,84.8084,319,1.2,1.1,2026-04-16,916,Aqua,MODIS,52,61.03,300.9,9,D,0
20.2569,82.3385,327.4,1.7,1.3,2026-04-16,916,Aqua,MODIS,64,61.03,310.7,24.6,D,0
20.3669,84.0029,321.4,1.3,1.1,2026-04-16,916,Aqua,MODIS,54,61.03,308.2,8.2,D,0
20.761,85.2915,320.7,1.1,1.1,2026-04-16,916,Aqua,MODIS,52,61.03,306.2,8,D,0
21.3528,92.5969,318.4,1.7,1.3,2026-04-16,916,Aqua,MODIS,37,61.03,296.4,19.1,D,0
21.4734,92.5587,317,1.7,1.3,2026-04-16,916,Aqua,MODIS,31,61.03,297,16.1,D,0
21.587,92.3544,340.4,1.7,1.3,2026-04-16,916,Aqua,MODIS,89,61.03,298.3,75.3,D,0
21.5888,92.37,317.2,1.7,1.3,2026-04-16,916,Aqua,MODIS,45,61.03,297.1,14.1,D,0
21.5982,92.3531,343.3,1.7,1.3,2026-04-16,916,Aqua,MODIS,91,61.03,298.5,85.9,D,0
21.667,92.5456,316.3,1.7,1.3,2026-04-16,916,Aqua,MODIS,27,61.03,297.6,11,D,0
21.6721,92.1949,336.8,1.6,1.3,2026-04-16,916,Aqua,MODIS,86,61.03,296.5,63.2,D,0
21.7198,92.5055,351.9,1.7,1.3,2026-04-16,916,Aqua,MODIS,96,61.03,297.7,126.9,D,0
21.7369,92.5537,330.7,1.7,1.3,2026-04-16,916,Aqua,MODIS,80,61.03,296.5,46.3,D,0
21.7482,92.5515,316.3,1.7,1.3,2026-04-16,916,Aqua,MODIS,21,61.03,296.1,12,D,0
21.7594,92.453,318.4,1.7,1.3,2026-04-16,916,Aqua,MODIS,35,61.03,298.3,16.5,D,0
21.7688,92.5429,315.4,1.7,1.3,2026-04-16,916,Aqua,MODIS,24,61.03,295.5,11.9,D,0
21.7927,92.7314,347,1.8,1.3,2026-04-16,916,Aqua,MODIS,93,61.03,297.9,111.7,D,0
20.3673,78.172,329.2,3.6,1.8,2026-04-16,917,Aqua,MODIS,55,61.03,314.3,48.6,D,0
20.5713,82.4037,332.6,1.7,1.3,2026-04-16,917,Aqua,MODIS,76,61.03,313.1,34.3,D,0
20.6618,83.4396,326.5,1.4,1.2,2026-04-16,917,Aqua,MODIS,65,61.03,311.3,15.4,D,0
20.7309,84.2645,333.6,1.3,1.1,2026-04-16,917,Aqua,MODIS,79,61.03,312.1,24.8,D,0
20.7633,83.9691,330.6,1.3,1.1,2026-04-16,917,Aqua,MODIS,74,61.03,313,17.6,D,0
20.7912,85.259,322.3,1.1,1.1,2026-04-16,917,Aqua,MODIS,43,61.03,307.2,8.2,D,2
20.8743,82.8091,323.6,1.6,1.2,2026-04-16,917,Aqua,MODIS,29,61.03,310.6,12.6,D,0
20.9626,85.1721,331,1.1,1.1,2026-04-16,917,Aqua,MODIS,76,61.03,309.4,19.4,D,2
20.9644,86.0039,330.7,1.1,1,2026-04-16,917,Aqua,MODIS,77,61.03,308.7,16.3,D,2
20.9659,86.0136,326.6,1.1,1,2026-04-16,917,Aqua,MODIS,70,61.03,309.1,11.1,D,2
21.135,85.7837,320.5,1.1,1,2026-04-16,917,Aqua,MODIS,52,61.03,305.3,8.8,D,0
21.2008,79.4468,332.7,2.7,1.6,2026-04-16,917,Aqua,MODIS,73,61.03,314.1,58.2,D,0
21.2189,84.5889,325.6,1.2,1.1,2026-04-16,917,Aqua,MODIS,67,61.03,310.6,10.5,D,0
21.2191,84.5318,332.4,1.2,1.1,2026-04-16,917,Aqua,MODIS,79,61.03,311.4,22.5,D,0
21.221,84.5429,328.4,1.2,1.1,2026-04-16,917,Aqua,MODIS,73,61.03,311.2,15,D,0
21.2304,84.5409,324.1,1.2,1.1,2026-04-16,917,Aqua,MODIS,48,61.03,310.2,7.8,D,0
21.3064,80.0423,328.8,2.5,1.5,2026-04-16,917,Aqua,MODIS,63,61.03,308.4,45.7,D,0
21.3213,79.1946,334.8,2.8,1.6,2026-04-16,917,Aqua,MODIS,76,61.03,312,70.3,D,0
21.3266,79.2205,335.6,2.8,1.6,2026-04-16,917,Aqua,MODIS,78,61.03,310.9,77.8,D,0
21.3307,79.197,360,2.8,1.6,2026-04-16,917,Aqua,MODIS,99,61.03,314.2,303.2,D,0
21.3352,79.1914,344.2,2.8,1.6,2026-04-16,917,Aqua,MODIS,88,61.03,313.6,141.9,D,0
21.3358,79.223,338.4,2.8,1.6,2026-04-16,917,Aqua,MODIS,82,61.03,310.9,96.6,D,0
21.3404,79.2173,336.2,2.8,1.6,2026-04-16,917,Aqua,MODIS,79,61.03,310.8,83.3,D,0
21.3599,85.8013,322,1.1,1,2026-04-16,917,Aqua,MODIS,62,61.03,309.2,6.6,D,0
21.3669,84.3637,319.5,1.2,1.1,2026-04-16,917,Aqua,MODIS,31,61.03,307.9,8.8,D,0
21.5046,84.7269,326.3,1.2,1.1,2026-04-16,917,Aqua,MODIS,68,61.03,310.7,12.3,D,0
21.5063,84.7375,324.9,1.2,1.1,2026-04-16,917,Aqua,MODIS,58,61.03,310.8,9.4,D,0
21.5502,85.4831,320.6,1.1,1,2026-04-16,917,Aqua,MODIS,52,61.03,308.3,6.2,D,0
21.7163,85.6513,322.6,1.1,1,2026-04-16,917,Aqua,MODIS,56,61.03,305.4,7.5,D,0
21.7301,78.2532,330.9,3.3,1.7,2026-04-16,917,Aqua,MODIS,73,61.03,315.6,56.9,D,0
21.7309,78.2574,332,3.3,1.7,2026-04-16,917,Aqua,MODIS,75,61.03,315.6,60.7,D,0
21.7529,85.475,322.7,1.1,1,2026-04-16,917,Aqua,MODIS,65,61.03,309.4,7.9,D,0
21.8504,85.0436,322.1,1.1,1.1,2026-04-16,917,Aqua,MODIS,59,61.03,306.8,9.2,D,0
21.927,76.2451,331.1,4.6,2,2026-04-16,917,Aqua,MODIS,70,61.03,313.1,93.8,D,0
21.9374,79.3366,328.6,2.7,1.6,2026-04-16,917,Aqua,MODIS,57,61.03,312.4,33.2,D,0
21.9397,79.315,330.1,2.7,1.6,2026-04-16,917,Aqua,MODIS,46,61.03,312.3,40.7,D,0
21.9444,79.3396,334.9,2.7,1.6,2026-04-16,917,Aqua,MODIS,79,61.03,313,68,D,0
21.9509,79.3334,332.8,2.7,1.6,2026-04-16,917,Aqua,MODIS,76,61.03,313,56.6,D,0
22.0119,92.4655,324.8,1.7,1.3,2026-04-16,917,Aqua,MODIS,74,61.03,295.1,34.1,D,0
22.0397,85.3511,321,1.1,1,2026-04-16,917,Aqua,MODIS,58,61.03,308.6,7.5,D,0
22.0636,79.144,331.7,2.8,1.6,2026-04-16,917,Aqua,MODIS,42,61.03,312.9,43.5,D,0
22.065,79.2232,330.8,2.7,1.6,2026-04-16,917,Aqua,MODIS,60,61.03,315.4,41.2,D,0
22.0667,80.9737,323,2,1.4,2026-04-16,917,Aqua,MODIS,29,61.03,309.7,18.5,D,0
22.0699,79.2481,329,2.7,1.6,2026-04-16,917,Aqua,MODIS,68,61.03,314.9,35.1,D,2
22.0871,79.1912,338.2,2.7,1.6,2026-04-16,917,Aqua,MODIS,66,61.03,312.7,79.7,D,0
22.0929,79.185,333.1,2.7,1.6,2026-04-16,917,Aqua,MODIS,29,61.03,313.2,52.3,D,0
22.1114,93.1544,316.9,2,1.4,2026-04-16,917,Aqua,MODIS,54,61.03,299.7,21,D,0
22.1168,93.1625,335.1,2,1.4,2026-04-16,917,Aqua,MODIS,85,61.03,300.3,75.5,D,0
22.1181,79.3094,337.2,2.7,1.6,2026-04-16,917,Aqua,MODIS,82,61.03,314.5,73.7,D,0
22.1232,93.1515,355.5,2,1.4,2026-04-16,917,Aqua,MODIS,97,61.03,300.6,181.2,D,0
22.125,79.3127,337,2.7,1.6,2026-04-16,917,Aqua,MODIS,81,61.03,315.1,71.5,D,0
22.1559,93.3405,318.5,2,1.4,2026-04-16,917,Aqua,MODIS,53,61.03,302.6,19.6,D,0
22.158,93.3593,327.1,2,1.4,2026-04-16,917,Aqua,MODIS,77,61.03,304.4,43.5,D,0
22.1681,93.4524,327.9,2.1,1.4,2026-04-16,917,Aqua,MODIS,71,61.03,299.4,50.3,D,0
22.1811,79.158,338.1,2.7,1.6,2026-04-16,917,Aqua,MODIS,82,61.03,314.8,89.8,D,0
22.1861,79.1829,349.5,2.7,1.6,2026-04-16,917,Aqua,MODIS,93,61.03,314.7,179.4,D,0
22.1882,79.1632,349,2.7,1.6,2026-04-16,917,Aqua,MODIS,92,61.03,315.1,174.4,D,0
22.1931,79.1883,341.7,2.7,1.6,2026-04-16,917,Aqua,MODIS,86,61.03,314.6,113.5,D,0
22.2024,79.7142,349.8,2.5,1.5,2026-04-16,917,Aqua,MODIS,93,61.03,304.7,174.8,D,0
22.2038,79.3156,336.7,2.7,1.6,2026-04-16,917,Aqua,MODIS,76,61.03,315.7,70.3,D,0
22.2191,92.37,315.7,1.7,1.3,2026-04-16,917,Aqua,MODIS,54,61.03,297.6,11.3,D,0
22.221,92.3862,317.4,1.7,1.3,2026-04-16,917,Aqua,MODIS,60,61.03,297.4,15.5,D,0
22.2248,78.8476,328.4,2.9,1.6,2026-04-16,917,Aqua,MODIS,62,61.03,313.9,38.7,D,0
22.2384,85.1489,322.6,1.1,1,2026-04-16,917,Aqua,MODIS,55,61.03,309.3,10.3,D,0
22.2401,85.1593,322.9,1.1,1,2026-04-16,917,Aqua,MODIS,58,61.03,308.5,10.6,D,0
22.2669,85.3844,326.4,1.1,1,2026-04-16,917,Aqua,MODIS,71,61.03,309.2,12.7,D,0
22.2948,92.3381,316.5,1.7,1.3,2026-04-16,917,Aqua,MODIS,58,61.03,297,10.8,D,0
22.296,92.3435,321.5,1.7,1.3,2026-04-16,917,Aqua,MODIS,70,61.03,297.5,20.5,D,0
22.2963,92.4423,320,1.7,1.3,2026-04-16,917,Aqua,MODIS,61,61.03,298.4,19.3,D,0
22.2966,92.3541,318,1.7,1.3,2026-04-16,917,Aqua,MODIS,63,61.03,297.6,14,D,0
22.3024,92.5928,322.3,1.8,1.3,2026-04-16,917,Aqua,MODIS,71,61.03,296.4,27.3,D,0
22.3108,92.5862,333.4,1.8,1.3,2026-04-16,917,Aqua,MODIS,84,61.03,297.9,56.5,D,0
22.3139,92.5914,332.2,1.8,1.3,2026-04-16,917,Aqua,MODIS,83,61.03,298.1,53.5,D,0
22.3226,92.4833,324.4,1.8,1.3,2026-04-16,917,Aqua,MODIS,47,61.03,297.3,28,D,0
22.3267,92.3176,316.8,1.7,1.3,2026-04-16,917,Aqua,MODIS,60,61.03,296.8,10.4,D,0
22.334,92.4819,324.4,1.8,1.3,2026-04-16,917,Aqua,MODIS,45,61.03,293.1,27.6,D,0
22.3606,85.329,324.6,1.1,1,2026-04-16,917,Aqua,MODIS,67,61.03,309.2,10.9,D,0
22.3628,87.301,316.5,1,1,2026-04-16,917,Aqua,MODIS,22,61.03,300.7,6.8,D,2
22.3993,79.507,331.8,2.5,1.5,2026-04-16,917,Aqua,MODIS,72,61.03,310.5,52.2,D,0
22.4112,93.1775,326.8,2,1.4,2026-04-16,917,Aqua,MODIS,77,61.03,301.4,46.8,D,0
22.415,93.2126,319,2,1.4,2026-04-16,917,Aqua,MODIS,65,61.03,299.3,26.3,D,0
22.4162,93.711,316.6,2.2,1.4,2026-04-16,917,Aqua,MODIS,43,61.03,296.7,23,D,0
22.4754,79.6273,336.9,2.5,1.5,2026-04-16,917,Aqua,MODIS,80,61.03,313.3,76.9,D,0
22.631,93.7727,314.6,2.2,1.4,2026-04-16,917,Aqua,MODIS,41,61.03,294.9,20.9,D,0
22.7187,82.2722,325.9,1.6,1.2,2026-04-16,917,Aqua,MODIS,67,61.03,313.2,16.3,D,0
22.7273,85.361,327.9,1.1,1,2026-04-16,917,Aqua,MODIS,66,61.03,306.6,15.2,D,0
22.7289,85.3709,323.2,1.1,1,2026-04-16,917,Aqua,MODIS,64,61.03,305.6,9,D,0
22.7398,92.0211,312.5,1.6,1.3,2026-04-16,917,Aqua,MODIS,29,61.03,294.8,9.1,D,0
22.7452,85.3574,321.5,1.1,1,2026-04-16,917,Aqua,MODIS,59,61.03,307.3,8.1,D,0
22.7669,93.8168,316.9,2.2,1.5,2026-04-16,917,Aqua,MODIS,44,61.03,298.7,22.5,D,0
22.7934,93.7054,325.3,2.2,1.4,2026-04-16,917,Aqua,MODIS,76,61.03,300.9,48.8,D,0
22.7936,93.6997,327.1,2.2,1.4,2026-04-16,917,Aqua,MODIS,78,61.03,301.6,53.2,D,0
22.871,93.1994,336.2,2,1.4,2026-04-16,917,Aqua,MODIS,86,61.03,302.8,81,D,0
22.8812,93.1803,317.4,2,1.4,2026-04-16,917,Aqua,MODIS,37,61.03,299.6,18,D,0
22.883,93.1971,320.1,2,1.4,2026-04-16,917,Aqua,MODIS,61,61.03,299,26.1,D,0
22.8909,84.0365,320.8,1.2,1.1,2026-04-16,917,Aqua,MODIS,52,61.03,302.7,11.8,D,0
22.8934,93.4093,345.3,2.1,1.4,2026-04-16,917,Aqua,MODIS,92,61.03,302.4,136.4,D,0
22.9678,93.2599,320.2,2.1,1.4,2026-04-16,917,Aqua,MODIS,68,61.03,299.4,27.8,D,0
22.9776,93.2367,328.1,2,1.4,2026-04-16,917,Aqua,MODIS,79,61.03,299.3,53.2,D,0
22.98,93.2584,319.1,2.1,1.4,2026-04-16,917,Aqua,MODIS,66,61.03,299.2,24.3,D,0
23.0039,77.5208,334.8,3.5,1.8,2026-04-16,917,Aqua,MODIS,77,61.03,310.4,106.7,D,0
23.1603,83.6908,319.8,1.3,1.1,2026-04-16,917,Aqua,MODIS,51,61.03,304,8.2,D,0
23.3355,92.3304,318.4,1.8,1.3,2026-04-16,917,Aqua,MODIS,51,61.03,276.5,30.1,D,0
23.3836,83.5388,322.7,1.3,1.1,2026-04-16,917,Aqua,MODIS,62,61.03,307.2,11.6,D,0
23.3857,83.5508,319.7,1.3,1.1,2026-04-16,917,Aqua,MODIS,36,61.03,306.6,8.1,D,0
23.4054,81.196,324.6,1.8,1.3,2026-04-16,917,Aqua,MODIS,48,61.03,310.1,16.8,D,0
23.4086,81.2001,328.2,1.8,1.3,2026-04-16,917,Aqua,MODIS,65,61.03,310.3,27,D,0
23.4389,79.1884,336,2.5,1.5,2026-04-16,917,Aqua,MODIS,79,61.03,313.4,72.3,D,0
23.4436,79.2119,335.7,2.5,1.5,2026-04-16,917,Aqua,MODIS,78,61.03,312.8,70.3,D,0
23.4655,80.5372,325.5,2,1.4,2026-04-16,917,Aqua,MODIS,57,61.03,311.1,19.8,D,0
23.4693,79.6122,347.9,2.4,1.5,2026-04-16,917,Aqua,MODIS,91,61.03,314.9,131.7,D,0
23.4713,79.6167,362.5,2.4,1.5,2026-04-16,917,Aqua,MODIS,100,61.03,315.8,255.1,D,0
23.4732,80.5401,327.1,2,1.4,2026-04-16,917,Aqua,MODIS,64,61.03,311.7,24.8,D,0
23.4738,79.6342,375,2.4,1.5,2026-04-16,917,Aqua,MODIS,100,61.03,316.4,398.8,D,0
23.4755,79.6386,368.1,2.4,1.5,2026-04-16,917,Aqua,MODIS,100,61.03,316.1,314.5,D,0
23.4865,79.6311,347.4,2.4,1.5,2026-04-16,917,Aqua,MODIS,91,61.03,314.1,130.9,D,0
23.4882,79.6354,339.8,2.4,1.5,2026-04-16,917,Aqua,MODIS,84,61.03,313.5,79.8,D,0
23.4892,84.5027,324.7,1.1,1.1,2026-04-16,917,Aqua,MODIS,68,61.03,304.9,16,D,0
23.5103,84.1779,318.7,1.2,1.1,2026-04-16,917,Aqua,MODIS,32,61.03,306,7.1,D,0
23.5144,85.1231,325.1,1.1,1,2026-04-16,917,Aqua,MODIS,71,61.03,306,12.2,D,0
23.5471,82.5091,324.9,1.5,1.2,2026-04-16,917,Aqua,MODIS,63,61.03,304.9,21.6,D,0
23.5512,80.5957,325.3,2,1.4,2026-04-16,917,Aqua,MODIS,56,61.03,310.3,19.4,D,0
23.5557,82.5146,322.2,1.5,1.2,2026-04-16,917,Aqua,MODIS,38,61.03,305.3,15.4,D,0
23.556,84.0718,326.1,1.2,1.1,2026-04-16,917,Aqua,MODIS,71,61.03,307.5,14.7,D,0
23.5821,84.1702,323.1,1.2,1.1,2026-04-16,917,Aqua,MODIS,65,61.03,305.1,12.9,D,0
23.6617,82.7546,322.9,1.4,1.2,2026-04-16,917,Aqua,MODIS,54,61.03,308.9,11.7,D,0
23.7779,92.3098,311.8,1.8,1.3,2026-04-16,917,Aqua,MODIS,52,61.03,295.2,13,D,0
23.8814,82.952,326,1.4,1.2,2026-04-16,917,Aqua,MODIS,63,61.03,310.5,11.8,D,0
23.8892,82.937,328.1,1.4,1.2,2026-04-16,917,Aqua,MODIS,70,61.03,311.3,15.4,D,0
23.9228,82.777,329.8,1.4,1.2,2026-04-16,917,Aqua,MODIS,72,61.03,311.4,20.4,D,0
23.9662,82.9679,329,1.3,1.2,2026-04-16,917,Aqua,MODIS,71,61.03,312.6,17,D,0
23.9865,82.9041,327.9,1.4,1.2,2026-04-16,917,Aqua,MODIS,48,61.03,312.9,13.4,D,0
23.9874,82.9104,340.9,1.4,1.2,2026-04-16,917,Aqua,MODIS,86,61.03,313.5,42.7,D,0
23.9887,82.9169,335.8,1.4,1.2,2026-04-16,917,Aqua,MODIS,81,61.03,312.3,30.2,D,0
23.9987,82.9147,327.8,1.4,1.2,2026-04-16,917,Aqua,MODIS,57,61.03,312.5,13.8,D,0
24.0938,83.1677,325.7,1.3,1.1,2026-04-16,917,Aqua,MODIS,61,61.03,311.4,9.5,D,0
24.1003,83.7021,326,1.2,1.1,2026-04-16,917,Aqua,MODIS,64,61.03,311.6,9.6,D,0
24.1848,83.2192,328.4,1.3,1.1,2026-04-16,917,Aqua,MODIS,69,61.03,311.3,15.9,D,0
24.1869,83.2314,334,1.3,1.1,2026-04-16,917,Aqua,MODIS,78,61.03,311.5,26.7,D,0
25.3191,91.1729,320.8,1.6,1.2,2026-04-16,917,Aqua,MODIS,76,61.03,295.7,25.3,D,0
25.3208,91.1877,325.4,1.6,1.2,2026-04-16,917,Aqua,MODIS,80,61.03,295.3,35.2,D,0
23.2893,77.9209,327.3,3.2,1.7,2026-04-16,918,Aqua,MODIS,53,61.03,310.3,40.9,D,0
23.2894,77.9163,328.1,3.2,1.7,2026-04-16,918,Aqua,MODIS,57,61.03,310.3,44,D,0
23.342,78.0297,326.4,3.1,1.7,2026-04-16,918,Aqua,MODIS,40,61.03,309.7,30,D,0
23.3429,78.0249,328.2,3.1,1.7,2026-04-16,918,Aqua,MODIS,56,61.03,310,40.4,D,0
23.4074,78.1891,327.8,3,1.7,2026-04-16,918,Aqua,MODIS,55,61.03,311.4,33.3,D,0
23.4555,77.898,333,3.2,1.7,2026-04-16,918,Aqua,MODIS,72,61.03,311.8,72.7,D,0
23.6768,77.476,326.8,3.4,1.7,2026-04-16,918,Aqua,MODIS,32,61.03,309.2,37.7,D,0
23.697,77.4968,329.1,3.4,1.7,2026-04-16,918,Aqua,MODIS,53,61.03,310.1,51.3,D,0
23.698,77.503,332.3,3.4,1.7,2026-04-16,918,Aqua,MODIS,67,61.03,310,75.8,D,0
23.7035,77.5275,327.1,3.3,1.7,2026-04-16,918,Aqua,MODIS,37,61.03,309.4,39.2,D,0
23.7627,77.7414,333.7,3.2,1.7,2026-04-16,918,Aqua,MODIS,74,61.03,310.4,89.3,D,0
23.7633,77.7347,334.8,3.2,1.7,2026-04-16,918,Aqua,MODIS,76,61.03,310.4,98.3,D,0
23.7669,79.4984,360.7,2.4,1.5,2026-04-16,918,Aqua,MODIS,100,61.03,315.7,241.8,D,0
23.7797,79.4956,352.2,2.4,1.5,2026-04-16,918,Aqua,MODIS,94,61.03,316.9,167.2,D,0
23.836,78.174,330,3,1.6,2026-04-16,918,Aqua,MODIS,64,61.03,313.6,44.4,D,0
23.8416,78.2014,328.9,3,1.6,2026-04-16,918,Aqua,MODIS,60,61.03,313,35.2,D,0
23.8452,78.1938,331.8,3,1.6,2026-04-16,918,Aqua,MODIS,69,61.03,313.5,53.5,D,0
23.8873,78.1835,332.3,3,1.6,2026-04-16,918,Aqua,MODIS,71,61.03,313.7,57.3,D,0
23.9234,78.6783,328.1,2.7,1.6,2026-04-16,918,Aqua,MODIS,54,61.03,311,31.6,D,0
23.9301,78.6698,331.3,2.7,1.6,2026-04-16,918,Aqua,MODIS,63,61.03,311.5,43.1,D,0
23.9529,77.8358,336.9,3.1,1.7,2026-04-16,918,Aqua,MODIS,79,61.03,312.1,95.1,D,0
23.9589,77.8646,340.1,3.1,1.7,2026-04-16,918,Aqua,MODIS,83,61.03,312.7,119.2,D,0
23.9604,77.8569,343.2,3.1,1.7,2026-04-16,918,Aqua,MODIS,87,61.03,312.7,146.7,D,0
24.0106,78.2614,330.2,2.9,1.6,2026-04-16,918,Aqua,MODIS,64,61.03,312.7,44.2,D,0
24.1525,77.4498,329.2,3.3,1.7,2026-04-16,918,Aqua,MODIS,63,61.03,308.6,50.4,D,0
24.1535,77.4537,331.1,3.3,1.7,2026-04-16,918,Aqua,MODIS,68,61.03,308.4,63.2,D,0
24.2896,82.2773,347.7,1.5,1.2,2026-04-16,918,Aqua,MODIS,92,61.03,313.7,70.7,D,0
24.3747,83.2434,324.1,1.3,1.1,2026-04-16,918,Aqua,MODIS,50,61.03,310.8,9.5,D,0
24.4379,77.5542,326.6,3.2,1.7,2026-04-16,918,Aqua,MODIS,41,61.03,310.1,31.3,D,0
24.4509,80.2024,334.5,2,1.4,2026-04-16,918,Aqua,MODIS,75,61.03,314.7,42.2,D,0
24.4571,80.0388,328.8,2.1,1.4,2026-04-16,918,Aqua,MODIS,59,61.03,314.3,21.2,D,0
24.6136,83.3808,325.9,1.2,1.1,2026-04-16,918,Aqua,MODIS,58,61.03,313.5,10.8,D,0
24.6502,80.8836,333.7,1.8,1.3,2026-04-16,918,Aqua,MODIS,75,61.03,317.2,33.5,D,0
24.6531,80.8878,331.5,1.8,1.3,2026-04-16,918,Aqua,MODIS,58,61.03,316.9,24.5,D,0
24.654,78.494,337.1,2.7,1.6,2026-04-16,918,Aqua,MODIS,80,61.03,313.1,88.5,D,0
24.6589,76.2838,328.2,3.9,1.8,2026-04-16,918,Aqua,MODIS,60,61.03,310.2,51.7,D,0
24.6591,78.519,334.8,2.7,1.6,2026-04-16,918,Aqua,MODIS,76,61.03,312.3,73,D,0
24.6605,78.4995,345.7,2.7,1.6,2026-04-16,918,Aqua,MODIS,89,61.03,313.3,149.7,D,0
24.6655,78.5244,326.4,2.7,1.6,2026-04-16,918,Aqua,MODIS,47,61.03,311.6,25.4,D,0
24.6791,82.255,327.6,1.5,1.2,2026-04-16,918,Aqua,MODIS,63,61.03,312.1,15.9,D,0
24.6816,82.2691,325.1,1.4,1.2,2026-04-16,918,Aqua,MODIS,44,61.03,312,10.8,D,0
24.7618,85.5219,325,1,1,2026-04-16,918,Aqua,MODIS,63,61.03,310.4,7.8,D,0
24.7728,83.9543,350.9,1.2,1.1,2026-04-16,918,Aqua,MODIS,94,61.03,312.4,60.9,D,0
24.7821,83.9524,346.7,1.2,1.1,2026-04-16,918,Aqua,MODIS,91,61.03,312.4,49.6,D,0
24.8007,83.9485,335.2,1.2,1.1,2026-04-16,918,Aqua,MODIS,80,61.03,310.7,26.1,D,0
24.8781,85.6138,332.6,1,1,2026-04-16,918,Aqua,MODIS,78,61.03,311.2,16.6,D,0
24.8868,77.1048,332.7,3.4,1.7,2026-04-16,918,Aqua,MODIS,73,61.03,309.8,76.5,D,0
24.8879,77.1114,337.8,3.4,1.7,2026-04-16,918,Aqua,MODIS,81,61.03,309.8,120.7,D,0
24.9264,83.8182,335.2,1.2,1.1,2026-04-16,918,Aqua,MODIS,80,61.03,309.9,25.4,D,0
24.9584,83.7191,352.8,1.2,1.1,2026-04-16,918,Aqua,MODIS,95,61.03,313,66.5,D,0
24.9603,83.7303,334.6,1.2,1.1,2026-04-16,918,Aqua,MODIS,79,61.03,311.5,23.3,D,0
24.9642,83.7239,337.9,1.2,1.1,2026-04-16,918,Aqua,MODIS,83,61.03,312.5,29.6,D,0
25.016,84.0726,324.3,1.1,1.1,2026-04-16,918,Aqua,MODIS,54,61.03,307,10,D,0
25.0177,84.0834,323.3,1.1,1.1,2026-04-16,918,Aqua,MODIS,46,61.03,306.4,8.5,D,0
25.023,85.7042,323.4,1,1,2026-04-16,918,Aqua,MODIS,61,61.03,307.6,6.9,D,0
25.0368,83.9275,326.2,1.2,1.1,2026-04-16,918,Aqua,MODIS,62,61.03,309.5,10,D,0
25.0646,83.9219,324.3,1.2,1.1,2026-04-16,918,Aqua,MODIS,47,61.03,309.3,6.7,D,0
25.0736,83.9767,324.1,1.1,1.1,2026-04-16,918,Aqua,MODIS,50,61.03,308.8,6.5,D,0
25.1045,84.0492,338.1,1.1,1.1,2026-04-16,918,Aqua,MODIS,83,61.03,310.1,28.3,D,0
25.1125,84.0521,333.3,1.1,1.1,2026-04-16,918,Aqua,MODIS,77,61.03,310.6,20.4,D,0
25.1171,83.7902,327.4,1.2,1.1,2026-04-16,918,Aqua,MODIS,48,61.03,312.2,8,D,0
25.1184,83.9723,331,1.1,1.1,2026-04-16,918,Aqua,MODIS,73,61.03,311.3,14.4,D,0
25.1186,87.0441,322.3,1,1,2026-04-16,918,Aqua,MODIS,68,61.03,302.1,9.5,D,0
25.1199,87.0537,319.5,1,1,2026-04-16,918,Aqua,MODIS,61,61.03,302.3,6.7,D,0
25.1264,83.7883,328.8,1.2,1.1,2026-04-16,918,Aqua,MODIS,65,61.03,314.4,10.5,D,0
25.1464,83.91,343.7,1.2,1.1,2026-04-16,918,Aqua,MODIS,89,61.03,312.3,38.9,D,0
25.1482,83.921,330,1.2,1.1,2026-04-16,918,Aqua,MODIS,71,61.03,311.5,12.8,D,0
25.1774,83.9828,346,1.1,1.1,2026-04-16,918,Aqua,MODIS,90,61.03,313.5,43.2,D,0
25.1793,83.8409,328.6,1.2,1.1,2026-04-16,918,Aqua,MODIS,68,61.03,312.6,11.3,D,0
25.1831,83.632,335.2,1.2,1.1,2026-04-16,918,Aqua,MODIS,79,61.03,313.4,23.5,D,0
25.185,83.6433,330.9,1.2,1.1,2026-04-16,918,Aqua,MODIS,73,61.03,313,16,D,0
25.1869,83.6546,328.1,1.2,1.1,2026-04-16,918,Aqua,MODIS,66,61.03,313.1,11.1,D,0
25.1901,83.9635,341.2,1.1,1.1,2026-04-16,918,Aqua,MODIS,86,61.03,313,31.3,D,0
25.1919,83.9744,344.6,1.1,1.1,2026-04-16,918,Aqua,MODIS,89,61.03,312.7,38.9,D,0
25.1924,83.7463,331.5,1.2,1.1,2026-04-16,918,Aqua,MODIS,74,61.03,315.3,15.7,D,0
25.1943,83.7575,339.6,1.2,1.1,2026-04-16,918,Aqua,MODIS,85,61.03,313.7,29.3,D,2
25.1994,83.9617,328.2,1.1,1.1,2026-04-16,918,Aqua,MODIS,67,61.03,312.4,9.3,D,0
25.2073,83.7778,333.1,1.2,1.1,2026-04-16,918,Aqua,MODIS,62,61.03,314,16.7,D,0
25.2091,83.7889,359.5,1.2,1.1,2026-04-16,918,Aqua,MODIS,99,61.03,314.7,81.8,D,0
25.2176,84.0142,347.9,1.1,1.1,2026-04-16,918,Aqua,MODIS,92,61.03,312.8,46.5,D,0
25.2237,84.3276,352.7,1.1,1,2026-04-16,918,Aqua,MODIS,95,61.03,310.3,60.1,D,0
25.2254,84.3382,334.3,1.1,1,2026-04-16,918,Aqua,MODIS,79,61.03,308.8,21.1,D,0
25.2328,84.3258,326.5,1.1,1,2026-04-16,918,Aqua,MODIS,64,61.03,309.2,9.7,D,0
25.2353,83.7721,332.4,1.2,1.1,2026-04-16,918,Aqua,MODIS,60,61.03,313.8,15.7,D,0
25.2459,84.1863,331.2,1.1,1.1,2026-04-16,918,Aqua,MODIS,74,61.03,312.3,16.1,D,0
25.2464,83.7813,331,1.2,1.1,2026-04-16,918,Aqua,MODIS,56,61.03,313,13.6,D,0
25.2477,84.197,332.4,1.1,1.1,2026-04-16,918,Aqua,MODIS,76,61.03,310.3,18,D,0
25.2588,83.9157,339.3,1.1,1.1,2026-04-16,918,Aqua,MODIS,84,61.03,315.6,28.2,D,0
25.2605,83.9267,332,1.1,1.1,2026-04-16,918,Aqua,MODIS,74,61.03,316,14.6,D,0
25.2742,83.7346,330.5,1.2,1.1,2026-04-16,918,Aqua,MODIS,72,61.03,312,15,D,0
25.276,83.7457,338.8,1.2,1.1,2026-04-16,918,Aqua,MODIS,84,61.03,312,30.2,D,0
25.4012,90.9897,358.7,1.5,1.2,2026-04-16,918,Aqua,MODIS,99,61.03,299.2,142.6,D,0
25.4029,91.0041,318.1,1.5,1.2,2026-04-16,918,Aqua,MODIS,62,61.03,296,17.3,D,0
25.4118,90.9882,403.8,1.5,1.2,2026-04-16,918,Aqua,MODIS,100,61.03,300.4,502.3,D,0
25.4135,91.0026,369.1,1.5,1.2,2026-04-16,918,Aqua,MODIS,100,61.03,296.4,198,D,0
25.4283,75.7423,325.5,4.1,1.9,2026-04-16,918,Aqua,MODIS,57,61.03,308.1,56.6,D,0
25.4607,76.8821,333.4,3.4,1.7,2026-04-16,918,Aqua,MODIS,76,61.03,312.6,86.5,D,0
25.4636,91.1219,315.4,1.6,1.2,2026-04-16,918,Aqua,MODIS,64,61.03,293.4,17.5,D,0
25.4653,91.137,340.1,1.6,1.2,2026-04-16,918,Aqua,MODIS,90,61.03,295.3,76.1,D,0
25.4718,91.0032,318.4,1.5,1.2,2026-04-16,918,Aqua,MODIS,38,61.03,292.2,18,D,0
25.4982,90.5282,318.9,1.4,1.2,2026-04-16,918,Aqua,MODIS,60,61.03,292.6,19.6,D,0
25.4999,90.5428,334.4,1.4,1.2,2026-04-16,918,Aqua,MODIS,87,61.03,295.9,50.3,D,0
25.5086,90.5271,329,1.4,1.2,2026-04-16,918,Aqua,MODIS,72,61.03,290.3,36.4,D,0
25.5321,90.9121,318.7,1.5,1.2,2026-04-16,918,Aqua,MODIS,55,61.03,293.9,19.5,D,0
25.5477,90.9533,321.9,1.5,1.2,2026-04-16,918,Aqua,MODIS,75,61.03,295.3,24.5,D,0
25.565,76.6439,328.6,3.5,1.8,2026-04-16,918,Aqua,MODIS,67,61.03,311.8,49.8,D,0
25.5771,76.6333,328.6,3.5,1.8,2026-04-16,918,Aqua,MODIS,68,61.03,312.3,54.1,D,0
25.5904,79.1638,344.6,2.3,1.5,2026-04-16,918,Aqua,MODIS,89,61.03,315.7,105.4,D,0
25.6161,77.7726,326.4,2.9,1.6,2026-04-16,918,Aqua,MODIS,58,61.03,310.8,40.4,D,0
25.6205,77.7646,324.9,2.9,1.6,2026-04-16,918,Aqua,MODIS,48,61.03,310.8,32,D,0
25.644,78.5688,336.2,2.5,1.5,2026-04-16,918,Aqua,MODIS,80,61.03,313.9,74.2,D,0
25.8373,82.9266,329.7,1.3,1.1,2026-04-16,918,Aqua,MODIS,71,61.03,312.7,16.3,D,0
25.8393,82.9387,329,1.3,1.1,2026-04-16,918,Aqua,MODIS,70,61.03,311.6,15.2,D,0
25.8416,83.2452,325.6,1.2,1.1,2026-04-16,918,Aqua,MODIS,61,61.03,312.7,8.9,D,0
25.8436,83.2568,327.9,1.2,1.1,2026-04-16,918,Aqua,MODIS,68,61.03,313.1,12.4,D,0
25.8473,90.2888,311.3,1.4,1.2,2026-04-16,918,Aqua,MODIS,57,61.03,295,9.2,D,0
25.8488,90.3019,312.5,1.4,1.2,2026-04-16,918,Aqua,MODIS,61,61.03,294.9,10.8,D,0
26.1989,83.218,326.8,1.2,1.1,2026-04-16,918,Aqua,MODIS,66,61.03,311.8,11.2,D,0
26.2841,83.5526,331.4,1.2,1.1,2026-04-16,918,Aqua,MODIS,0,61.03,312.1,18,D,0
26.2873,83.8022,326.5,1.1,1.1,2026-04-16,918,Aqua,MODIS,54,61.03,309.2,8.4,D,0
26.3382,83.8813,334.9,1.1,1.1,2026-04-16,918,Aqua,MODIS,81,61.03,311.1,22.5,D,0
26.3399,83.892,329.8,1.1,1.1,2026-04-16,918,Aqua,MODIS,74,61.03,310.4,14.4,D,0
26.351,83.624,337.7,1.1,1.1,2026-04-16,918,Aqua,MODIS,73,61.03,312.5,27.1,D,0
26.3647,83.9866,327.9,1.1,1,2026-04-16,918,Aqua,MODIS,71,61.03,310.7,11.5,D,0
26.4,83.862,326.2,1.1,1.1,2026-04-16,918,Aqua,MODIS,67,61.03,311.3,9.2,D,0
26.4009,83.6365,328.7,1.1,1.1,2026-04-16,918,Aqua,MODIS,62,61.03,311.9,12.8,D,0
26.4017,83.8728,329.1,1.1,1.1,2026-04-16,918,Aqua,MODIS,73,61.03,311.2,13.4,D,0
26.4315,83.2642,325.2,1.2,1.1,2026-04-16,918,Aqua,MODIS,61,61.03,308.5,9.3,D,0
26.433,83.8329,329.7,1.1,1.1,2026-04-16,918,Aqua,MODIS,74,61.03,311.1,14,D,0
26.4356,83.4627,328.9,1.2,1.1,2026-04-16,918,Aqua,MODIS,72,61.03,308.9,15.7,D,0
26.4579,83.3059,356.3,1.2,1.1,2026-04-16,918,Aqua,MODIS,97,61.03,314.3,76.8,D,0
26.469,83.548,343.2,1.2,1.1,2026-04-16,918,Aqua,MODIS,89,61.03,309.7,38.9,D,0
26.4815,83.7388,333.3,1.1,1.1,2026-04-16,918,Aqua,MODIS,79,61.03,312.4,19.7,D,0
26.483,83.2468,325.2,1.2,1.1,2026-04-16,918,Aqua,MODIS,63,61.03,311.2,8.6,D,0
26.4838,83.5794,335.8,1.1,1.1,2026-04-16,918,Aqua,MODIS,82,61.03,311,23.8,D,0
26.5135,83.3699,325.8,1.2,1.1,2026-04-16,918,Aqua,MODIS,37,61.03,309,9.2,D,0
26.5154,83.3812,329.7,1.2,1.1,2026-04-16,918,Aqua,MODIS,73,61.03,308.1,14.6,D,0
26.5228,83.368,327.9,1.2,1.1,2026-04-16,918,Aqua,MODIS,68,61.03,309.8,12.1,D,0
26.5509,83.4783,347.1,1.2,1.1,2026-04-16,918,Aqua,MODIS,69,61.03,311.7,49.5,D,0
26.5527,83.4895,331.6,1.2,1.1,2026-04-16,918,Aqua,MODIS,72,61.03,311.3,18,D,0
26.5639,83.236,327.8,1.2,1.1,2026-04-16,918,Aqua,MODIS,70,61.03,311.5,12.8,D,0
26.5774,82.9681,348.8,1.2,1.1,2026-04-16,918,Aqua,MODIS,93,61.03,312.9,59.4,D,0
26.5806,83.4837,330.7,1.2,1.1,2026-04-16,918,Aqua,MODIS,75,61.03,313.4,16,D,0
26.609,83.2146,329.7,1.2,1.1,2026-04-16,918,Aqua,MODIS,58,61.03,311.7,16.9,D,0
26.6207,83.5158,325.2,1.2,1.1,2026-04-16,918,Aqua,MODIS,57,61.03,312,8.2,D,0
26.7543,83.1479,335.7,1.2,1.1,2026-04-16,918,Aqua,MODIS,82,61.03,310.5,25.2,D,0
26.7888,87.4381,312.3,1,1,2026-04-16,918,Aqua,MODIS,53,61.03,297,6.6,D,0
26.7902,87.4483,323,1,1,2026-04-16,918,Aqua,MODIS,76,61.03,297.8,17.2,D,0
26.902,83.1812,331.1,1.2,1.1,2026-04-16,918,Aqua,MODIS,59,61.03,314.1,17.3,D,0
26.9114,83.1792,352.1,1.2,1.1,2026-04-16,918,Aqua,MODIS,90,61.03,315.6,62.2,D,0
26.9133,83.1906,348.8,1.2,1.1,2026-04-16,918,Aqua,MODIS,93,61.03,315,53.1,D,0
26.9172,83.1843,344.8,1.2,1.1,2026-04-16,918,Aqua,MODIS,85,61.03,314.8,43.9,D,0
26.927,82.7201,325.6,1.2,1.1,2026-04-16,918,Aqua,MODIS,64,61.03,310.7,9.7,D,0
26.9281,83.5131,330.9,1.1,1.1,2026-04-16,918,Aqua,MODIS,76,61.03,310.6,16.9,D,0
26.9296,82.713,327.6,1.2,1.1,2026-04-16,918,Aqua,MODIS,69,61.03,310.6,13,D,0
26.9331,82.7563,349,1.2,1.1,2026-04-16,918,Aqua,MODIS,93,61.03,316,58.1,D,0
26.9351,82.7683,334.7,1.2,1.1,2026-04-16,918,Aqua,MODIS,80,61.03,315.2,23.2,D,0
26.9358,82.7491,330.4,1.2,1.1,2026-04-16,918,Aqua,MODIS,64,61.03,314.6,15.4,D,0
26.9379,82.7611,351.4,1.2,1.1,2026-04-16,918,Aqua,MODIS,95,61.03,315.8,64.5,D,0
26.968,82.8779,329.4,1.2,1.1,2026-04-16,918,Aqua,MODIS,73,61.03,312.7,12.7,D,0
26.9701,82.8897,343.5,1.2,1.1,2026-04-16,918,Aqua,MODIS,89,61.03,313.5,40.9,D,0
27.0041,82.8579,339.1,1.2,1.1,2026-04-16,918,Aqua,MODIS,85,61.03,313.6,32.7,D,0
27.0142,83.6484,334.5,1.1,1.1,2026-04-16,918,Aqua,MODIS,81,61.03,309.5,22.1,D,0
27.018,83.6138,328.2,1.1,1.1,2026-04-16,918,Aqua,MODIS,47,61.03,310.1,10.8,D,0
27.0236,83.59,325.9,1.1,1.1,2026-04-16,918,Aqua,MODIS,33,61.03,308.1,7,D,0
27.0823,82.5989,331.2,1.3,1.1,2026-04-16,918,Aqua,MODIS,76,61.03,313.7,20.7,D,0
27.1381,84.7666,330.3,1,1,2026-04-16,918,Aqua,MODIS,80,61.03,305.5,17.6,D,0
27.1548,83.5898,330.3,1.1,1.1,2026-04-16,918,Aqua,MODIS,77,61.03,311.2,16.6,D,0
27.1573,84.7732,327.8,1,1,2026-04-16,918,Aqua,MODIS,77,61.03,306.1,14,D,0
27.1643,84.6938,322.6,1,1,2026-04-16,918,Aqua,MODIS,24,61.03,306.4,7.6,D,0
27.1661,84.7714,327.6,1,1,2026-04-16,918,Aqua,MODIS,77,61.03,306.1,14.5,D,0
27.1696,84.8531,319.5,1,1,2026-04-16,918,Aqua,MODIS,50,61.03,305.3,6.5,D,0
27.1706,84.7339,321.1,1,1,2026-04-16,918,Aqua,MODIS,62,61.03,306.9,7.4,D,0
27.1731,84.692,323.8,1,1,2026-04-16,918,Aqua,MODIS,54,61.03,306.8,9.1,D,0
27.1779,82.8449,327.1,1.2,1.1,2026-04-16,918,Aqua,MODIS,51,61.03,309.7,12.1,D,0
27.1809,83.5903,333.7,1.1,1.1,2026-04-16,918,Aqua,MODIS,82,61.03,310.8,21.2,D,0
27.2027,82.5097,340.5,1.3,1.1,2026-04-16,918,Aqua,MODIS,87,61.03,311.7,39.3,D,0
27.2049,82.5219,364.2,1.3,1.1,2026-04-16,918,Aqua,MODIS,100,61.03,312.4,114.7,D,0
27.2057,83.0086,327.9,1.2,1.1,2026-04-16,918,Aqua,MODIS,69,61.03,310.9,12.4,D,0
27.2119,83.6064,330.6,1.1,1.1,2026-04-16,918,Aqua,MODIS,78,61.03,309.2,16.4,D,0
27.2145,82.5198,328.8,1.3,1.1,2026-04-16,918,Aqua,MODIS,74,61.03,311.3,15.3,D,0
27.2292,84.877,318.8,1,1,2026-04-16,918,Aqua,MODIS,49,61.03,303,7.2,D,0
27.2492,83.0352,322.9,1.2,1.1,2026-04-16,918,Aqua,MODIS,58,61.03,307.5,7,D,0
27.2525,84.8519,321.7,1,1,2026-04-16,918,Aqua,MODIS,43,61.03,303.2,9.6,D,0
27.2613,84.8502,322.5,1,1,2026-04-16,918,Aqua,MODIS,46,61.03,303.3,10.4,D,0
27.2716,84.5513,331.6,1,1,2026-04-16,918,Aqua,MODIS,81,61.03,306.4,20.6,D,0
27.285,84.8699,318.2,1,1,2026-04-16,918,Aqua,MODIS,57,61.03,303.5,7.7,D,0
27.2889,85.5045,313.5,1,1,2026-04-16,918,Aqua,MODIS,38,61.03,299.3,5.7,D,0
27.3024,83.149,328.1,1.2,1.1,2026-04-16,918,Aqua,MODIS,52,61.03,311,13.1,D,0
27.3073,83.0054,334.3,1.2,1.1,2026-04-16,918,Aqua,MODIS,82,61.03,308.2,25.9,D,0
27.3099,84.2109,318.6,1.1,1,2026-04-16,918,Aqua,MODIS,54,61.03,304,8.1,D,0
27.3237,82.5525,343.7,1.3,1.1,2026-04-16,918,Aqua,MODIS,90,61.03,311.8,47.6,D,0
27.3258,82.5646,341.2,1.3,1.1,2026-04-16,918,Aqua,MODIS,88,61.03,310.7,41.3,D,0
27.3312,82.5382,338.9,1.3,1.1,2026-04-16,918,Aqua,MODIS,86,61.03,310.3,35.2,D,0
27.3333,82.5504,343.1,1.3,1.1,2026-04-16,918,Aqua,MODIS,89,61.03,309.9,45.3,D,0
27.3569,84.8663,314.1,1,1,2026-04-16,918,Aqua,MODIS,42,61.03,301.7,6.1,D,0
27.3588,82.5826,330.3,1.3,1.1,2026-04-16,918,Aqua,MODIS,77,61.03,313.3,19.8,D,0
27.3599,84.6431,315.8,1,1,2026-04-16,918,Aqua,MODIS,24,61.03,302,5.7,D,0
27.3615,84.6531,317.7,1,1,2026-04-16,918,Aqua,MODIS,58,61.03,302.3,7.9,D,0
27.3884,82.5077,338.6,1.3,1.1,2026-04-16,918,Aqua,MODIS,86,61.03,314.1,36.1,D,0
27.3905,82.5199,352.1,1.3,1.1,2026-04-16,918,Aqua,MODIS,95,61.03,313.4,72.3,D,0
27.4045,84.5198,315.6,1,1,2026-04-16,918,Aqua,MODIS,53,61.03,302.9,7.6,D,0
27.4142,82.7148,331.7,1.2,1.1,2026-04-16,918,Aqua,MODIS,80,61.03,310.8,22.4,D,0
27.4145,82.8548,324.4,1.2,1.1,2026-04-16,918,Aqua,MODIS,67,61.03,307.7,8.8,D,0
27.4163,82.7267,360.2,1.2,1.1,2026-04-16,918,Aqua,MODIS,100,61.03,311.9,97.6,D,0
27.4165,82.8665,354.5,1.2,1.1,2026-04-16,918,Aqua,MODIS,97,61.03,308.9,75.8,D,0
27.4559,82.9012,331.4,1.2,1.1,2026-04-16,918,Aqua,MODIS,80,61.03,309.1,20.7,D,0
27.4872,84.3328,318.5,1.1,1,2026-04-16,918,Aqua,MODIS,64,61.03,302,9.6,D,0
27.4889,84.3431,318.1,1.1,1,2026-04-16,918,Aqua,MODIS,63,61.03,302.1,9.8,D,0
27.4946,83.0722,332.9,1.2,1.1,2026-04-16,918,Aqua,MODIS,82,61.03,306.5,24.5,D,0
27.4965,83.0836,333.6,1.2,1.1,2026-04-16,918,Aqua,MODIS,82,61.03,302.4,24.9,D,0
27.5059,83.0816,320.3,1.2,1.1,2026-04-16,918,Aqua,MODIS,38,61.03,302.9,5.8,D,0
27.5794,83.9209,316.3,1.1,1,2026-04-16,918,Aqua,MODIS,48,61.03,301.8,6.8,D,0
27.6079,83.0174,338.1,1.2,1.1,2026-04-16,918,Aqua,MODIS,87,61.03,306.2,37.9,D,0
27.6098,83.0289,323.6,1.2,1.1,2026-04-16,918,Aqua,MODIS,71,61.03,305.1,14.1,D,0
27.6459,82.4958,319,1.3,1.1,2026-04-16,918,Aqua,MODIS,56,61.03,304.4,7.2,D,0
27.6596,82.8328,320.4,1.2,1.1,2026-04-16,918,Aqua,MODIS,61,61.03,305.1,7.5,D,0
27.8608,82.3731,320.2,1.3,1.1,2026-04-16,919,Aqua,MODIS,68,61.03,302.9,8.8,D,0
28.0093,82.2147,318.3,1.3,1.1,2026-04-16,919,Aqua,MODIS,63,61.03,302.5,10.4,D,0
28.1021,81.9155,317.9,1.3,1.1,2026-04-16,919,Aqua,MODIS,47,61.03,305.8,8.6,D,0
28.1698,82.0091,315,1.3,1.1,2026-04-16,919,Aqua,MODIS,61,61.03,301.9,8.2,D,0
28.2145,82.0918,332,1.3,1.1,2026-04-16,919,Aqua,MODIS,85,61.03,301.4,33.1,D,0
28.2166,82.1038,324.1,1.3,1.1,2026-04-16,919,Aqua,MODIS,65,61.03,304.2,19.6,D,0
28.2171,82.0983,329.7,1.3,1.1,2026-04-16,919,Aqua,MODIS,83,61.03,303.4,29.7,D,0
28.2788,81.9186,315.5,1.3,1.1,2026-04-16,919,Aqua,MODIS,30,61.03,302.8,8.3,D,0
28.334,82.1726,317,1.3,1.1,2026-04-16,919,Aqua,MODIS,68,61.03,297.8,13,D,0
28.3469,82.2464,310.4,1.3,1.1,2026-04-16,919,Aqua,MODIS,59,61.03,298.7,5.9,D,0
28.4319,81.4436,315.3,1.4,1.2,2026-04-16,919,Aqua,MODIS,51,61.03,301.8,7.3,D,0
28.4343,81.457,348.1,1.4,1.2,2026-04-16,919,Aqua,MODIS,94,61.03,304.7,80.4,D,0
28.4557,81.993,317.1,1.3,1.1,2026-04-16,919,Aqua,MODIS,71,61.03,304.1,10.2,D,0
28.5217,81.6027,314.2,1.4,1.2,2026-04-16,919,Aqua,MODIS,67,61.03,302.6,7.5,D,0
28.5226,81.3741,316.2,1.4,1.2,2026-04-16,919,Aqua,MODIS,64,61.03,305.7,9,D,0
28.541,81.6525,314.3,1.3,1.2,2026-04-16,919,Aqua,MODIS,65,61.03,302.8,6.6,D,0
28.5475,80.8728,321,1.5,1.2,2026-04-16,919,Aqua,MODIS,61,61.03,310.3,13.4,D,0
28.5519,80.8666,323.4,1.5,1.2,2026-04-16,919,Aqua,MODIS,78,61.03,310.1,18.9,D,0
28.5626,82.0707,323.5,1.3,1.1,2026-04-16,919,Aqua,MODIS,59,61.03,300.2,19,D,0
28.5677,81.6868,322,1.3,1.1,2026-04-16,919,Aqua,MODIS,77,61.03,304.7,18.2,D,0
28.5723,82.0682,319.3,1.3,1.1,2026-04-16,919,Aqua,MODIS,40,61.03,299.5,13.7,D,0
28.5944,81.9536,320,1.3,1.1,2026-04-16,919,Aqua,MODIS,66,61.03,300,15.4,D,0
28.6082,81.9746,327.7,1.3,1.1,2026-04-16,919,Aqua,MODIS,83,61.03,303.7,25.5,D,0
28.6103,81.9869,330.7,1.3,1.1,2026-04-16,919,Aqua,MODIS,85,61.03,303.4,30.9,D,0
28.6146,81.8953,313.7,1.3,1.1,2026-04-16,919,Aqua,MODIS,60,61.03,300.3,9.9,D,0
28.617,81.2004,322.9,1.4,1.2,2026-04-16,919,Aqua,MODIS,54,61.03,306,17.3,D,0
28.6454,81.8847,313.4,1.3,1.1,2026-04-16,919,Aqua,MODIS,67,61.03,295.7,12.2,D,0
28.6878,81.7786,310.3,1.3,1.1,2026-04-16,919,Aqua,MODIS,34,61.03,299.3,7.7,D,0
28.6941,81.6976,311.6,1.3,1.1,2026-04-16,919,Aqua,MODIS,50,61.03,299.5,9.1,D,0
28.6961,81.7094,311,1.3,1.1,2026-04-16,919,Aqua,MODIS,47,61.03,299.7,7.8,D,0
28.7093,81.0933,321.1,1.4,1.2,2026-04-16,919,Aqua,MODIS,77,61.03,306.5,15.9,D,0
28.7119,81.1077,317.2,1.4,1.2,2026-04-16,919,Aqua,MODIS,52,61.03,305,10.5,D,0
28.8719,80.2879,317.1,1.6,1.3,2026-04-16,919,Aqua,MODIS,55,61.03,305.6,11.4,D,0
28.9007,81.4061,319,1.4,1.2,2026-04-16,919,Aqua,MODIS,52,61.03,303.6,14.2,D,0
28.9033,81.4206,319.2,1.4,1.2,2026-04-16,919,Aqua,MODIS,53,61.03,302,14.6,D,0
28.908,81.4473,333.3,1.4,1.2,2026-04-16,919,Aqua,MODIS,87,61.03,302.4,39,D,0
28.9226,81.4709,318,1.4,1.2,2026-04-16,919,Aqua,MODIS,70,61.03,301.4,14.5,D,0
28.925,81.4844,334.5,1.4,1.2,2026-04-16,919,Aqua,MODIS,88,61.03,300.9,45.3,D,0
28.9315,80.1663,333.8,1.6,1.3,2026-04-16,919,Aqua,MODIS,86,61.03,306.5,48.2,D,0
28.9323,81.0004,312.8,1.5,1.2,2026-04-16,919,Aqua,MODIS,53,61.03,301.7,7.5,D,0
28.9345,80.1823,325.6,1.6,1.3,2026-04-16,919,Aqua,MODIS,79,61.03,305.3,25.8,D,0
28.9393,80.1475,318.1,1.6,1.3,2026-04-16,919,Aqua,MODIS,37,61.03,306,10.1,D,0
28.9741,81.0151,316,1.4,1.2,2026-04-16,919,Aqua,MODIS,72,61.03,302.5,13.4,D,0
28.9744,81.4693,317.1,1.4,1.2,2026-04-16,919,Aqua,MODIS,74,61.03,296.2,17.2,D,0
29.0302,81.1481,320.6,1.4,1.2,2026-04-16,919,Aqua,MODIS,78,61.03,303.1,18.9,D,0
29.0841,80.6025,309.5,1.5,1.2,2026-04-16,919,Aqua,MODIS,53,61.03,299.1,8.3,D,0
29.2174,81.1529,312.5,1.4,1.2,2026-04-16,919,Aqua,MODIS,64,61.03,299.9,11.3,D,0
29.2198,81.1659,311.8,1.4,1.2,2026-04-16,919,Aqua,MODIS,52,61.03,300.9,8.9,D,0
29.4838,80.8025,312.2,1.5,1.2,2026-04-16,919,Aqua,MODIS,67,61.03,296.3,13.4,D,0
29.4867,80.8185,311.6,1.5,1.2,2026-04-16,919,Aqua,MODIS,61,61.03,296.5,12,D,0
32.2706,78.707,305.7,1.7,1.3,2026-04-16,920,Aqua,MODIS,15,61.03,292.5,10.6,D,0
16.9545,96.2409,309.3,2.2,1.4,2026-04-16,1354,Terra,MODIS,71,61.03,296.7,19.4,N,0
16.9579,96.261,306.8,2.2,1.4,2026-04-16,1354,Terra,MODIS,60,61.03,296.8,13.8,N,0
16.9585,96.2556,310.6,2.2,1.4,2026-04-16,1354,Terra,MODIS,76,61.03,296.7,20.7,N,0
19.2655,96.5228,309.9,1.9,1.4,2026-04-16,1355,Terra,MODIS,77,61.03,295,19.7,N,0
19.8742,94.0171,328.7,2.9,1.6,2026-04-16,1355,Terra,MODIS,100,61.03,287.4,124.3,N,0
19.8782,94.0109,322.8,2.9,1.6,2026-04-16,1355,Terra,MODIS,100,61.03,287.5,94.3,N,0
19.8792,94.0438,321.9,2.9,1.6,2026-04-16,1355,Terra,MODIS,100,61.03,287.1,89.8,N,0
19.8833,94.0377,331.6,2.9,1.6,2026-04-16,1355,Terra,MODIS,100,61.03,287.5,144.6,N,0
19.8882,94.0144,301.1,2.9,1.6,2026-04-16,1355,Terra,MODIS,4,61.03,287.1,17.7,N,0
20.7152,93.3162,303.3,3.1,1.7,2026-04-16,1355,Terra,MODIS,38,61.03,289.1,19.9,N,0
21.1224,92.9501,303.8,3.3,1.7,2026-04-16,1355,Terra,MODIS,54,61.03,288.7,19.7,N,0
21.3594,93.8847,303.5,2.8,1.6,2026-04-16,1355,Terra,MODIS,41,61.03,288,23.3,N,0
22.5171,96.3674,307.9,1.7,1.3,2026-04-16,1356,Terra,MODIS,73,61.03,296.2,10.8,N,0
22.6197,92.3149,300.7,3.4,1.7,2026-04-16,1356,Terra,MODIS,31,61.03,282.9,18.2,N,0
22.9847,96.3921,302.9,1.7,1.3,2026-04-16,1356,Terra,MODIS,30,61.03,291.2,9.5,N,0
23.3033,96.6302,307.3,1.6,1.2,2026-04-16,1356,Terra,MODIS,53,61.03,295.4,7.8,N,0
23.314,96.6276,308.3,1.6,1.2,2026-04-16,1356,Terra,MODIS,74,61.03,295.2,9.4,N,0
23.7636,96.2645,312.5,1.6,1.3,2026-04-16,1356,Terra,MODIS,85,61.03,293.7,19.5,N,0
23.9609,96.4613,303.5,1.6,1.2,2026-04-16,1356,Terra,MODIS,55,61.03,293.3,7.4,N,0
24.1345,96.4807,307.7,1.6,1.2,2026-04-16,1356,Terra,MODIS,72,61.03,293.2,11.6,N,0
24.1378,96.4739,309.1,1.6,1.2,2026-04-16,1356,Terra,MODIS,76,61.03,293.2,12.9,N,0
10.3314,77.4088,305.2,1.1,1.1,2026-04-16,1531,Terra,MODIS,61,61.03,277.9,9.4,N,0
11.4203,76.5908,322.5,1.2,1.1,2026-04-16,1531,Terra,MODIS,100,61.03,291.4,27.9,N,0
11.4219,76.6016,306.8,1.2,1.1,2026-04-16,1531,Terra,MODIS,68,61.03,290.5,10.8,N,0
11.4298,76.5892,307.7,1.2,1.1,2026-04-16,1531,Terra,MODIS,71,61.03,290.1,11.3,N,0
11.4984,76.5891,306,1.2,1.1,2026-04-16,1531,Terra,MODIS,65,61.03,289.5,9.8,N,0
11.5,76.6001,326.1,1.2,1.1,2026-04-16,1531,Terra,MODIS,100,61.03,291.3,32.7,N,0
11.5065,76.6154,302.3,1.2,1.1,2026-04-16,1531,Terra,MODIS,38,61.03,289.7,6.1,N,0
11.5081,76.6259,306.9,1.2,1.1,2026-04-16,1531,Terra,MODIS,66,61.03,291.2,9.6,N,0
13.901,79.1445,310.3,1,1,2026-04-16,1532,Terra,MODIS,76,61.03,292.6,7.4,N,0
13.9161,79.1239,313.1,1,1,2026-04-16,1532,Terra,MODIS,84,61.03,292.4,9.4,N,0
13.9198,79.1509,313,1,1,2026-04-16,1532,Terra,MODIS,84,61.03,292.7,8.3,N,0
13.921,79.1599,312.9,1,1,2026-04-16,1532,Terra,MODIS,53,61.03,292.6,7.9,N,0
13.9223,79.1689,315.3,1,1,2026-04-16,1532,Terra,MODIS,77,61.03,293.4,10.2,N,0
13.9261,79.1316,325,1,1,2026-04-16,1532,Terra,MODIS,100,61.03,293.4,20,N,0
13.9274,79.1407,314.3,1,1,2026-04-16,1532,Terra,MODIS,87,61.03,293.1,9.5,N,0
13.9275,79.0764,304.7,1,1,2026-04-16,1532,Terra,MODIS,47,61.03,291.1,4.2,N,0
13.931,79.1676,332.7,1,1,2026-04-16,1532,Terra,MODIS,100,61.03,293.6,28.9,N,0
13.9323,79.1766,318.3,1,1,2026-04-16,1532,Terra,MODIS,96,61.03,292.3,12.6,N,0
13.941,79.1754,309.6,1,1,2026-04-16,1532,Terra,MODIS,73,61.03,293,5.7,N,0
13.9686,79.1806,312.9,1,1,2026-04-16,1532,Terra,MODIS,84,61.03,294,8.1,N,0
13.9698,79.1897,308.3,1,1,2026-04-16,1532,Terra,MODIS,68,61.03,293.5,4.8,N,0
13.9884,79.0428,317,1,1,2026-04-16,1532,Terra,MODIS,93,61.03,292.3,12,N,0
13.9896,79.0518,306.9,1,1,2026-04-16,1532,Terra,MODIS,59,61.03,291.7,4.4,N,0
14.0359,79.0634,305.8,1,1,2026-04-16,1532,Terra,MODIS,51,61.03,292.3,3.1,N,0
14.0573,79.0236,315.7,1,1,2026-04-16,1532,Terra,MODIS,81,61.03,292.7,10.4,N,0
14.0865,79.0869,310.6,1,1,2026-04-16,1532,Terra,MODIS,76,61.03,296.2,6.3,N,0
14.2631,79.3773,310.8,1,1,2026-04-16,1532,Terra,MODIS,74,61.03,299.5,5.5,N,0
14.2719,79.376,315.9,1,1,2026-04-16,1532,Terra,MODIS,90,61.03,299.3,9.7,N,0
14.532,78.972,318.4,1,1,2026-04-16,1532,Terra,MODIS,96,61.03,301.4,10.6,N,0
14.5658,78.9578,311.1,1,1,2026-04-16,1532,Terra,MODIS,72,61.03,299.4,5.6,N,0
14.5683,78.9759,311,1,1,2026-04-16,1532,Terra,MODIS,68,61.03,300.6,4.8,N,0
15.5297,78.7849,308.7,1,1,2026-04-16,1532,Terra,MODIS,68,61.03,298.1,4.8,N,0
15.561,78.8173,308.6,1,1,2026-04-16,1532,Terra,MODIS,67,61.03,297.4,4.9,N,0
15.5686,78.7422,312.7,1,1,2026-04-16,1532,Terra,MODIS,82,61.03,298.8,7,N,0
17.99,81.1496,309.6,1.3,1.1,2026-04-16,1533,Terra,MODIS,65,61.03,299.4,6.8,N,0
18.131,73.9025,308.6,1.4,1.2,2026-04-16,1533,Terra,MODIS,65,61.03,297,9.3,N,0
18.3651,80.7064,310.1,1.2,1.1,2026-04-16,1533,Terra,MODIS,64,61.03,299.7,5.8,N,0
18.5664,81.0163,311.1,1.3,1.1,2026-04-16,1533,Terra,MODIS,71,61.03,299.6,7,N,0
18.5918,76.6063,311,1,1,2026-04-16,1533,Terra,MODIS,76,61.03,295.7,8.7,N,0
18.5932,76.6159,306.8,1,1,2026-04-16,1533,Terra,MODIS,57,61.03,295.8,5.6,N,0
19.2258,81.1618,306.9,1.3,1.1,2026-04-16,1533,Terra,MODIS,48,61.03,296.9,7,N,0
19.25,81.0235,308,1.3,1.1,2026-04-16,1533,Terra,MODIS,48,61.03,297.3,6.3,N,0
19.2599,81.0222,307.8,1.3,1.1,2026-04-16,1533,Terra,MODIS,15,61.03,297.4,5.9,N,0
19.2707,81.2824,308.9,1.4,1.2,2026-04-16,1533,Terra,MODIS,31,61.03,297.8,6,N,0
19.2971,80.7368,321.6,1.3,1.1,2026-04-16,1533,Terra,MODIS,100,61.03,300.1,19.7,N,0
19.301,81.2785,312.3,1.4,1.2,2026-04-16,1533,Terra,MODIS,35,61.03,298.7,9.3,N,0
19.3025,76.0281,308.6,1.1,1,2026-04-16,1533,Terra,MODIS,69,61.03,296.3,7.7,N,0
19.3626,71.3369,310.1,2.1,1.4,2026-04-16,1533,Terra,MODIS,69,61.03,299.4,17.6,N,3
19.366,71.3559,332.1,2.1,1.4,2026-04-16,1533,Terra,MODIS,100,61.03,299.9,82.2,N,3
19.4528,80.8516,312.6,1.3,1.1,2026-04-16,1533,Terra,MODIS,78,61.03,299.3,9.1,N,0
19.4542,80.8627,313.8,1.3,1.1,2026-04-16,1533,Terra,MODIS,82,61.03,299.9,10.5,N,0
19.4551,80.8571,317.9,1.3,1.1,2026-04-16,1533,Terra,MODIS,95,61.03,300.1,16.1,N,0
19.5069,80.7894,313.9,1.3,1.1,2026-04-16,1533,Terra,MODIS,74,61.03,299.7,10.9,N,0
19.5182,80.7999,310.7,1.3,1.1,2026-04-16,1533,Terra,MODIS,62,61.03,299.5,7.6,N,0
19.5496,78.1817,308.9,1,1,2026-04-16,1533,Terra,MODIS,62,61.03,298.1,5.4,N,0
19.6081,80.8652,311.6,1.3,1.1,2026-04-16,1533,Terra,MODIS,41,61.03,299.8,8.7,N,0
19.6106,80.7221,312.9,1.3,1.1,2026-04-16,1533,Terra,MODIS,79,61.03,300.2,9.4,N,0
19.6166,80.8529,309.1,1.3,1.1,2026-04-16,1533,Terra,MODIS,46,61.03,299,6.4,N,0
19.6624,80.8886,314.2,1.3,1.1,2026-04-16,1533,Terra,MODIS,64,61.03,299.4,11.1,N,0
19.6638,80.9004,311.6,1.3,1.1,2026-04-16,1533,Terra,MODIS,23,61.03,299.6,8.7,N,0
19.8128,75.9164,318.7,1.1,1,2026-04-16,1533,Terra,MODIS,97,61.03,296.7,15.7,N,0
19.8168,77.9794,315.2,1,1,2026-04-16,1533,Terra,MODIS,87,61.03,302.2,9.2,N,0
20.1262,75.2906,309.6,1.1,1.1,2026-04-16,1533,Terra,MODIS,73,61.03,297,8.4,N,0
20.128,75.6722,305.8,1.1,1,2026-04-16,1533,Terra,MODIS,55,61.03,294.8,5.6,N,0
20.1792,75.7696,310.8,1.1,1,2026-04-16,1533,Terra,MODIS,76,61.03,296.8,9.1,N,0
20.5458,79.5322,314.7,1.1,1.1,2026-04-16,1533,Terra,MODIS,82,61.03,302.6,9.6,N,0
20.9736,85.1647,308.3,2.8,1.6,2026-04-16,1533,Terra,MODIS,63,61.03,296.8,21.3,N,2
21.2181,79.9984,314.7,1.2,1.1,2026-04-16,1533,Terra,MODIS,86,61.03,300.7,12.1,N,0
21.1056,72.6468,324.3,1.6,1.2,2026-04-16,1534,Terra,MODIS,100,61.03,300.6,37,N,2
21.1648,79.4107,308.5,1.1,1.1,2026-04-16,1534,Terra,MODIS,61,61.03,297.4,5.8,N,0
21.2072,79.4474,309.1,1.1,1.1,2026-04-16,1534,Terra,MODIS,64,61.03,297.4,7.4,N,0
21.2276,79.9971,314.7,1.2,1.1,2026-04-16,1534,Terra,MODIS,86,61.03,300,11.8,N,0
21.2743,79.4743,318.3,1.1,1.1,2026-04-16,1534,Terra,MODIS,96,61.03,297.9,15.8,N,0
21.2794,79.2917,311.7,1.1,1.1,2026-04-16,1534,Terra,MODIS,76,61.03,295.8,10.2,N,0
21.2848,79.3335,308.3,1.1,1.1,2026-04-16,1534,Terra,MODIS,60,61.03,296.4,7.1,N,0
21.286,79.2849,310.5,1.1,1.1,2026-04-16,1534,Terra,MODIS,71,61.03,296.4,8.7,N,0
21.2861,79.3439,326.2,1.1,1.1,2026-04-16,1534,Terra,MODIS,100,61.03,296.4,26,N,0
21.2873,79.2953,311.6,1.1,1.1,2026-04-16,1534,Terra,MODIS,76,61.03,296.4,9.7,N,0
21.2941,79.4068,305.2,1.1,1.1,2026-04-16,1534,Terra,MODIS,24,61.03,295.1,4.3,N,0
21.3132,80.0247,314.3,1.2,1.1,2026-04-16,1534,Terra,MODIS,85,61.03,299.8,11.1,N,0
21.3175,79.3868,321,1.1,1.1,2026-04-16,1534,Terra,MODIS,100,61.03,297.2,19.4,N,0
21.3243,79.2159,310.6,1.1,1,2026-04-16,1534,Terra,MODIS,72,61.03,296.9,7.8,N,0
21.3321,79.2042,325.1,1.1,1,2026-04-16,1534,Terra,MODIS,100,61.03,297.9,22.8,N,0
21.3545,79.3067,308.1,1.1,1.1,2026-04-16,1534,Terra,MODIS,59,61.03,296.5,6.3,N,0
21.3572,79.4025,307.4,1.1,1.1,2026-04-16,1534,Terra,MODIS,55,61.03,297.3,5.9,N,0
21.434,80.617,310.7,1.3,1.1,2026-04-16,1534,Terra,MODIS,73,61.03,300.3,7.8,N,0
21.4532,78.0095,312.5,1,1,2026-04-16,1534,Terra,MODIS,78,61.03,301.5,6.2,N,0
21.6395,72.8397,310.5,1.5,1.2,2026-04-16,1534,Terra,MODIS,71,61.03,299.1,11.4,N,0
21.7137,76.4186,309,1,1,2026-04-16,1534,Terra,MODIS,61,61.03,298.7,5.2,N,0
21.7155,75.6564,311,1.1,1,2026-04-16,1534,Terra,MODIS,70,61.03,299.9,6.4,N,0
21.742,83.845,311.8,2.2,1.4,2026-04-16,1534,Terra,MODIS,79,61.03,299.2,23.2,N,2
21.8094,75.6035,314.7,1.1,1,2026-04-16,1534,Terra,MODIS,84,61.03,301.5,8.7,N,2
21.8785,79.2352,324.3,1.1,1.1,2026-04-16,1534,Terra,MODIS,100,61.03,297.3,23.2,N,0
21.9022,79.1251,308.3,1.1,1,2026-04-16,1534,Terra,MODIS,65,61.03,295.2,6.7,N,0
21.9272,79.1895,308.1,1.1,1.1,2026-04-16,1534,Terra,MODIS,66,61.03,296.8,6.8,N,0
21.9285,79.2,320.3,1.1,1.1,2026-04-16,1534,Terra,MODIS,100,61.03,297.3,18.4,N,0
21.9468,79.3484,310.8,1.1,1.1,2026-04-16,1534,Terra,MODIS,76,61.03,296.4,9.2,N,0
21.9615,79.1631,306.7,1.1,1.1,2026-04-16,1534,Terra,MODIS,44,61.03,295.3,5.5,N,0
21.9747,79.1186,307,1.1,1.1,2026-04-16,1534,Terra,MODIS,60,61.03,296.4,6,N,0
21.98,79.387,316.8,1.1,1.1,2026-04-16,1534,Terra,MODIS,93,61.03,297.2,14.5,N,0
21.9826,79.1814,305.9,1.1,1.1,2026-04-16,1534,Terra,MODIS,40,61.03,295.6,4.8,N,0
21.9945,79.5832,310.3,1.2,1.1,2026-04-16,1534,Terra,MODIS,74,61.03,295.4,9.5,N,0
22.0013,79.4057,308.7,1.1,1.1,2026-04-16,1534,Terra,MODIS,68,61.03,296.5,7.3,N,0
22.0113,77.1655,313.1,1,1,2026-04-16,1534,Terra,MODIS,82,61.03,298.7,8.4,N,0
22.0405,79.0604,310.4,1.1,1,2026-04-16,1534,Terra,MODIS,75,61.03,297.8,8.2,N,0
22.0813,79.236,307.1,1.1,1.1,2026-04-16,1534,Terra,MODIS,62,61.03,296,6.1,N,0
22.0866,75.7346,319.4,1,1,2026-04-16,1534,Terra,MODIS,98,61.03,302.2,12.8,N,0
22.088,75.7443,313.6,1,1,2026-04-16,1534,Terra,MODIS,80,61.03,302.2,7.4,N,0
22.0986,79.2983,308.6,1.1,1.1,2026-04-16,1534,Terra,MODIS,69,61.03,295.5,7.6,N,0
22.1077,79.0866,306.6,1.1,1.1,2026-04-16,1534,Terra,MODIS,60,61.03,294.9,6.2,N,0
22.1152,79.3004,315.8,1.1,1.1,2026-04-16,1534,Terra,MODIS,91,61.03,295.1,14.2,N,0
22.1363,77.8738,313.1,1,1,2026-04-16,1534,Terra,MODIS,82,61.03,300.3,9,N,0
22.1696,79.2059,310.5,1.1,1.1,2026-04-16,1534,Terra,MODIS,69,61.03,296.1,7.6,N,0
22.1709,79.1412,313.2,1.1,1.1,2026-04-16,1534,Terra,MODIS,84,61.03,295.5,11.3,N,0
22.1709,79.2164,318.5,1.1,1.1,2026-04-16,1534,Terra,MODIS,96,61.03,297.1,15.4,N,0
22.1789,79.2045,307.5,1.1,1.1,2026-04-16,1534,Terra,MODIS,64,61.03,295.6,5.7,N,0
22.1904,79.1646,306.5,1.1,1.1,2026-04-16,1534,Terra,MODIS,59,61.03,295.7,5.2,N,0
22.1908,79.2243,316.6,1.1,1.1,2026-04-16,1534,Terra,MODIS,92,61.03,296.4,13.4,N,0
22.1969,79.2176,315.5,1.1,1.1,2026-04-16,1534,Terra,MODIS,90,61.03,296.2,12.8,N,0
22.1982,79.2281,326.5,1.1,1.1,2026-04-16,1534,Terra,MODIS,100,61.03,296.5,25.8,N,0
22.2062,79.2162,311.2,1.1,1.1,2026-04-16,1534,Terra,MODIS,78,61.03,296,9,N,0
22.2138,79.4063,319.4,1.1,1.1,2026-04-16,1534,Terra,MODIS,98,61.03,297,18.2,N,0
22.2178,79.4389,319.1,1.2,1.1,2026-04-16,1534,Terra,MODIS,98,61.03,295.6,17.9,N,0
22.2192,79.4498,308.2,1.2,1.1,2026-04-16,1534,Terra,MODIS,67,61.03,295.2,7.4,N,0
22.2507,77.6357,315,1,1,2026-04-16,1534,Terra,MODIS,87,61.03,298.3,10.1,N,0
22.2886,79.9004,318.2,1.2,1.1,2026-04-16,1534,Terra,MODIS,96,61.03,295.2,18.2,N,0
22.2981,79.4993,307.6,1.2,1.1,2026-04-16,1534,Terra,MODIS,37,61.03,295.5,6.1,N,0
22.2982,79.899,307.7,1.2,1.1,2026-04-16,1534,Terra,MODIS,64,61.03,294.7,8,N,0
22.3025,76.1404,322,1,1,2026-04-16,1534,Terra,MODIS,100,61.03,303,13.8,N,0
22.3039,76.1499,322,1,1,2026-04-16,1534,Terra,MODIS,100,61.03,303.4,13.9,N,0
22.3061,79.487,308.4,1.2,1.1,2026-04-16,1534,Terra,MODIS,23,61.03,295.2,6.6,N,0
22.3087,79.4311,308.6,1.2,1.1,2026-04-16,1534,Terra,MODIS,68,61.03,295.2,7.3,N,0
22.3299,79.4773,311,1.2,1.1,2026-04-16,1534,Terra,MODIS,77,61.03,295.2,10.1,N,0
22.3337,79.5889,315.7,1.2,1.1,2026-04-16,1534,Terra,MODIS,90,61.03,295.9,15,N,0
22.3393,79.4759,315,1.2,1.1,2026-04-16,1534,Terra,MODIS,88,61.03,295.4,13.8,N,0
22.3809,79.9046,306.8,1.2,1.1,2026-04-16,1534,Terra,MODIS,60,61.03,295,7.3,N,0
22.3905,79.5807,306.3,1.2,1.1,2026-04-16,1534,Terra,MODIS,57,61.03,295.4,5.6,N,0
22.4838,79.4378,310,1.2,1.1,2026-04-16,1534,Terra,MODIS,73,61.03,294.1,9.1,N,0
22.4918,79.4254,310.5,1.2,1.1,2026-04-16,1534,Terra,MODIS,75,61.03,296,8.6,N,0
22.4932,79.4364,312,1.2,1.1,2026-04-16,1534,Terra,MODIS,80,61.03,294.8,10.2,N,0
22.5115,79.5397,311.7,1.2,1.1,2026-04-16,1534,Terra,MODIS,77,61.03,295.2,9.5,N,0
22.5484,76.7658,323,1,1,2026-04-16,1534,Terra,MODIS,100,61.03,300.1,17.5,N,0
22.5765,79.8407,304.7,1.2,1.1,2026-04-16,1534,Terra,MODIS,42,61.03,294.5,5.4,N,0
22.6118,80.5783,309.1,1.3,1.1,2026-04-16,1534,Terra,MODIS,70,61.03,298.7,8,N,0
22.6605,75.7339,308.8,1,1,2026-04-16,1534,Terra,MODIS,57,61.03,298.3,5.1,N,0
22.6619,75.7436,311.1,1,1,2026-04-16,1534,Terra,MODIS,70,61.03,299.3,6.7,N,0
22.6959,74.9121,312.3,1.1,1,2026-04-16,1534,Terra,MODIS,77,61.03,300.9,7.6,N,0
22.7145,75.9819,319.7,1,1,2026-04-16,1534,Terra,MODIS,99,61.03,299.6,14,N,0
22.7159,75.9915,318.1,1,1,2026-04-16,1534,Terra,MODIS,95,61.03,299.3,12.5,N,0
22.7575,75.2659,310,1.1,1,2026-04-16,1534,Terra,MODIS,66,61.03,299.8,6,N,0
22.7727,76.5176,318.9,1,1,2026-04-16,1534,Terra,MODIS,97,61.03,301.7,11.9,N,0
22.774,76.5271,313.3,1,1,2026-04-16,1534,Terra,MODIS,80,61.03,301.6,7.1,N,0
22.8556,76.3229,308.6,1,1,2026-04-16,1534,Terra,MODIS,55,61.03,298,4.7,N,0
22.8569,76.3324,313.5,1,1,2026-04-16,1534,Terra,MODIS,81,61.03,298.3,8.3,N,0
22.8657,76.3309,309.3,1,1,2026-04-16,1534,Terra,MODIS,62,61.03,297.6,5.4,N,0
22.901,76.1828,316.8,1,1,2026-04-16,1534,Terra,MODIS,91,61.03,299.4,11.4,N,0
22.9558,76.6549,309.2,1,1,2026-04-16,1534,Terra,MODIS,62,61.03,297.8,5.9,N,0
22.9813,76.1789,314.2,1,1,2026-04-16,1534,Terra,MODIS,84,61.03,299.6,9.3,N,0
22.9827,76.1884,310.4,1,1,2026-04-16,1534,Terra,MODIS,69,61.03,298.4,6.4,N,0
22.9844,77.6762,309.8,1,1,2026-04-16,1534,Terra,MODIS,60,61.03,299.4,6.3,N,0
22.9857,77.6858,311.6,1,1,2026-04-16,1534,Terra,MODIS,75,61.03,299.3,7.5,N,0
22.9946,77.6844,317.1,1,1,2026-04-16,1534,Terra,MODIS,92,61.03,298.2,11.7,N,0
23.0301,76.3784,308,1,1,2026-04-16,1534,Terra,MODIS,55,61.03,297.4,4.8,N,0
23.0325,75.8891,324.2,1,1,2026-04-16,1534,Terra,MODIS,100,61.03,299.8,18.6,N,0
23.0389,76.377,307.8,1,1,2026-04-16,1534,Terra,MODIS,50,61.03,297,4.6,N,0
23.0917,75.2747,314.2,1.1,1,2026-04-16,1534,Terra,MODIS,84,61.03,299.6,9.5,N,0
23.0932,75.2847,312,1.1,1,2026-04-16,1534,Terra,MODIS,76,61.03,299.9,7.6,N,0
23.0986,75.8323,309.7,1,1,2026-04-16,1534,Terra,MODIS,66,61.03,299.2,5.6,N,0
23.11,78.2809,314.4,1.1,1,2026-04-16,1534,Terra,MODIS,85,61.03,297.9,10.4,N,0
23.1259,75.3197,326.9,1.1,1,2026-04-16,1534,Terra,MODIS,100,61.03,300.2,23.2,N,0
23.128,76.4823,311.2,1,1,2026-04-16,1534,Terra,MODIS,73,61.03,298,7.3,N,0
23.1884,75.751,317,1,1,2026-04-16,1534,Terra,MODIS,92,61.03,299,11.2,N,2
23.2079,77.2795,315.2,1,1,2026-04-16,1534,Terra,MODIS,87,61.03,298.8,10.2,N,0
23.2167,77.2781,320,1,1,2026-04-16,1534,Terra,MODIS,100,61.03,298.3,14.6,N,0
23.2179,77.2876,321.4,1,1,2026-04-16,1534,Terra,MODIS,100,61.03,299,16,N,0
23.2267,77.2862,311.6,1,1,2026-04-16,1534,Terra,MODIS,76,61.03,298.3,7.8,N,0
23.2695,75.4748,311.3,1,1,2026-04-16,1534,Terra,MODIS,74,61.03,298,7.4,N,0
23.2837,77.9182,320.7,1,1,2026-04-16,1534,Terra,MODIS,100,61.03,298.9,15.5,N,0
23.2866,76.7015,312.9,1,1,2026-04-16,1534,Terra,MODIS,81,61.03,297.6,8.3,N,0
23.2902,75.4913,310.8,1,1,2026-04-16,1534,Terra,MODIS,71,61.03,298.5,7.3,N,0
23.2957,75.8554,310,1,1,2026-04-16,1534,Terra,MODIS,68,61.03,298.1,5.6,N,0
23.3002,77.9056,310.3,1,1,2026-04-16,1534,Terra,MODIS,71,61.03,297.5,6.8,N,0
23.3027,75.3273,307,1,1,2026-04-16,1534,Terra,MODIS,47,61.03,295.4,4.3,N,0
23.3045,75.8539,319.6,1,1,2026-04-16,1534,Terra,MODIS,99,61.03,298.3,13.3,N,0
23.3112,75.6977,313.6,1,1,2026-04-16,1534,Terra,MODIS,82,61.03,299.5,8.5,N,0
23.3129,77.4424,314.4,1,1,2026-04-16,1534,Terra,MODIS,86,61.03,297.8,9.9,N,0
23.3239,76.5635,309.5,1,1,2026-04-16,1534,Terra,MODIS,68,61.03,297.1,6.1,N,0
23.3278,76.0172,332.1,1,1,2026-04-16,1534,Terra,MODIS,100,61.03,296.6,29.7,N,0
23.3288,75.6946,309,1,1,2026-04-16,1534,Terra,MODIS,63,61.03,298.6,5.3,N,0
23.3335,76.5037,310,1,1,2026-04-16,1534,Terra,MODIS,69,61.03,297.3,6,N,0
23.3441,76.5795,308.2,1,1,2026-04-16,1534,Terra,MODIS,61,61.03,297.3,5.2,N,0
23.3486,75.3844,310.7,1,1,2026-04-16,1534,Terra,MODIS,71,61.03,298.6,7.4,N,0
23.35,75.3942,311.2,1,1,2026-04-16,1534,Terra,MODIS,73,61.03,298.3,7.8,N,0
23.3516,78.0122,314.2,1,1,2026-04-16,1534,Terra,MODIS,85,61.03,296.6,10.3,N,0
23.3529,78.0221,308.8,1,1,2026-04-16,1534,Terra,MODIS,65,61.03,297.4,5.9,N,0
23.3534,75.5505,314.8,1,1,2026-04-16,1534,Terra,MODIS,86,61.03,298.3,10.3,N,0
23.3674,75.6481,310.5,1,1,2026-04-16,1534,Terra,MODIS,71,61.03,298.5,6.8,N,0
23.3681,77.9292,319.9,1,1,2026-04-16,1534,Terra,MODIS,99,61.03,297.9,15.2,N,0
23.3716,75.8656,328.1,1,1,2026-04-16,1534,Terra,MODIS,100,61.03,300.4,22.7,N,0
23.3859,76.8828,308.5,1,1,2026-04-16,1534,Terra,MODIS,63,61.03,298.2,5.3,N,0
23.3914,78.9081,308.7,1.1,1.1,2026-04-16,1534,Terra,MODIS,65,61.03,297.1,6.9,N,0
23.4046,75.7055,320.4,1,1,2026-04-16,1534,Terra,MODIS,100,61.03,300,14.8,N,0
23.4146,77.3121,332.3,1,1,2026-04-16,1534,Terra,MODIS,100,61.03,298.7,29.4,N,0
23.4159,77.3217,313,1,1,2026-04-16,1534,Terra,MODIS,82,61.03,297.2,9,N,0
23.4279,75.929,309.8,1,1,2026-04-16,1534,Terra,MODIS,68,61.03,296.9,6.4,N,0
23.4334,75.5908,313.8,1,1,2026-04-16,1534,Terra,MODIS,83,61.03,299,9.1,N,0
23.4348,75.6006,313.6,1,1,2026-04-16,1534,Terra,MODIS,82,61.03,299,9,N,0
23.437,77.6826,324.1,1,1,2026-04-16,1534,Terra,MODIS,100,61.03,299.9,18.1,N,0
23.4383,77.6924,322.9,1,1,2026-04-16,1534,Terra,MODIS,100,61.03,298.7,17.1,N,0
23.4512,77.8597,308.5,1,1,2026-04-16,1534,Terra,MODIS,60,61.03,298.2,5.3,N,0
23.4542,75.3493,322.1,1,1,2026-04-16,1534,Terra,MODIS,100,61.03,300.2,16.8,N,0
23.4552,76.9976,307.9,1,1,2026-04-16,1534,Terra,MODIS,61,61.03,296.3,5.2,N,0
23.4601,77.8584,314.6,1,1,2026-04-16,1534,Terra,MODIS,87,61.03,297.1,10.2,N,0
23.4614,77.8682,307.6,1,1,2026-04-16,1534,Terra,MODIS,46,61.03,296.4,5.1,N,0
23.4793,75.9103,319,1,1,2026-04-16,1534,Terra,MODIS,97,61.03,299.6,12.9,N,0
23.4853,75.8895,311.5,1,1,2026-04-16,1534,Terra,MODIS,75,61.03,298.5,6.6,N,0
23.493,75.1733,311.3,1.1,1,2026-04-16,1534,Terra,MODIS,74,61.03,298.3,7.6,N,0
23.4945,75.1833,309.5,1.1,1,2026-04-16,1534,Terra,MODIS,65,61.03,298.2,6.1,N,0
23.4946,75.2506,312.3,1.1,1,2026-04-16,1534,Terra,MODIS,77,61.03,297.7,8.6,N,0
23.5011,77.6071,307.6,1,1,2026-04-16,1534,Terra,MODIS,60,61.03,297.3,4.4,N,0
23.5086,77.596,310.3,1,1,2026-04-16,1534,Terra,MODIS,68,61.03,299,5.9,N,0
23.5098,75.9184,310.6,1,1,2026-04-16,1534,Terra,MODIS,71,61.03,298.4,6.6,N,0
23.5099,77.6057,315.8,1,1,2026-04-16,1534,Terra,MODIS,90,61.03,298.3,10.4,N,0
23.514,77.1471,310.9,1,1,2026-04-16,1534,Terra,MODIS,75,61.03,299.4,6.6,N,0
23.5194,79.0474,335.3,1.1,1.1,2026-04-16,1534,Terra,MODIS,100,61.03,299,40.1,N,0
23.5207,79.0582,309,1.1,1.1,2026-04-16,1534,Terra,MODIS,67,61.03,297.7,7,N,0
23.5551,77.5229,309.8,1,1,2026-04-16,1534,Terra,MODIS,70,61.03,297.5,6.2,N,0
23.5564,77.5326,319.6,1,1,2026-04-16,1534,Terra,MODIS,99,61.03,298.8,14.5,N,0
23.5665,76.7243,308.8,1,1,2026-04-16,1534,Terra,MODIS,65,61.03,297,6.4,N,0
23.5766,77.5491,311.2,1,1,2026-04-16,1534,Terra,MODIS,76,61.03,298.9,7,N,0
23.5795,75.9654,316.8,1,1,2026-04-16,1534,Terra,MODIS,92,61.03,297.7,11.8,N,0
23.585,76.1311,316.5,1,1,2026-04-16,1534,Terra,MODIS,91,61.03,298.3,11.5,N,0
23.5883,75.9639,310.9,1,1,2026-04-16,1534,Terra,MODIS,72,61.03,297.6,6.8,N,0
23.5901,79.2654,317.8,1.2,1.1,2026-04-16,1534,Terra,MODIS,95,61.03,300,15,N,0
23.5926,77.3987,314,1,1,2026-04-16,1534,Terra,MODIS,85,61.03,296.9,9.8,N,0
23.5963,75.8778,316,1,1,2026-04-16,1534,Terra,MODIS,90,61.03,298.3,10.9,N,0
23.5984,75.972,310.8,1,1,2026-04-16,1534,Terra,MODIS,72,61.03,297.9,6.5,N,0
23.5995,79.2639,313.8,1.2,1.1,2026-04-16,1534,Terra,MODIS,85,61.03,299.7,10.3,N,0
23.5996,79.1068,309.9,1.1,1.1,2026-04-16,1534,Terra,MODIS,72,61.03,295.9,8.7,N,0
23.5998,75.9816,322.4,1,1,2026-04-16,1534,Terra,MODIS,100,61.03,298,16.7,N,0
23.6009,79.2751,313.1,1.2,1.1,2026-04-16,1534,Terra,MODIS,83,61.03,300.4,9.7,N,0
23.6014,77.3973,310.9,1,1,2026-04-16,1534,Terra,MODIS,75,61.03,295.9,7.6,N,0
23.6061,75.0025,316.2,1.1,1,2026-04-16,1534,Terra,MODIS,90,61.03,294.4,12,N,0
23.6061,77.9137,310.4,1,1,2026-04-16,1534,Terra,MODIS,74,61.03,297.7,7.4,N,0
23.609,79.1055,307.7,1.1,1.1,2026-04-16,1534,Terra,MODIS,52,61.03,295.3,6.2,N,0
23.6103,79.2737,311.8,1.2,1.1,2026-04-16,1534,Terra,MODIS,79,61.03,299.9,8.5,N,0
23.6135,75.1763,312.3,1.1,1,2026-04-16,1534,Terra,MODIS,78,61.03,299.9,7.8,N,0
23.6181,77.0366,307.4,1,1,2026-04-16,1534,Terra,MODIS,59,61.03,297.4,4.7,N,0
23.6251,79.159,308.4,1.2,1.1,2026-04-16,1534,Terra,MODIS,65,61.03,296.5,7.2,N,0
23.6324,76.8785,307.2,1,1,2026-04-16,1534,Terra,MODIS,57,61.03,296.9,5.1,N,0
23.6337,76.888,310.8,1,1,2026-04-16,1534,Terra,MODIS,74,61.03,296.8,7.8,N,0
23.6481,76.2414,309.9,1,1,2026-04-16,1534,Terra,MODIS,69,61.03,296.3,7,N,0
23.6494,76.2509,313.7,1,1,2026-04-16,1534,Terra,MODIS,83,61.03,295.9,9.8,N,0
23.6494,77.4034,307.9,1,1,2026-04-16,1534,Terra,MODIS,63,61.03,296.1,5.4,N,0
23.6497,75.4843,312.4,1,1,2026-04-16,1534,Terra,MODIS,78,61.03,299.4,7.9,N,0
23.6507,77.4131,319.5,1,1,2026-04-16,1534,Terra,MODIS,98,61.03,296.4,14.8,N,0
23.6512,75.4941,324.1,1,1,2026-04-16,1534,Terra,MODIS,100,61.03,299.8,19,N,0
23.6595,77.4117,308,1,1,2026-04-16,1534,Terra,MODIS,63,61.03,295.8,5.5,N,0
23.675,78.0243,312.4,1,1,2026-04-16,1534,Terra,MODIS,80,61.03,297.1,9.2,N,0
23.6874,77.4861,307.4,1,1,2026-04-16,1534,Terra,MODIS,36,61.03,295.7,5.2,N,0
23.6945,78.5386,313,1.1,1,2026-04-16,1534,Terra,MODIS,82,61.03,295.3,11.2,N,0
23.6975,77.4944,311.8,1,1,2026-04-16,1534,Terra,MODIS,75,61.03,296.6,8,N,0
23.6988,77.5041,316,1,1,2026-04-16,1534,Terra,MODIS,90,61.03,295.8,11.4,N,0
23.7052,77.5526,314.2,1,1,2026-04-16,1534,Terra,MODIS,86,61.03,295.3,11.1,N,0
23.7076,77.5027,316.4,1,1,2026-04-16,1534,Terra,MODIS,91,61.03,296.5,11.8,N,0
23.7121,78.0943,312.2,1.1,1,2026-04-16,1534,Terra,MODIS,80,61.03,298.3,8.5,N,0
23.7129,75.7327,318.2,1,1,2026-04-16,1534,Terra,MODIS,95,61.03,299.1,12.4,N,0
23.7143,75.7423,309.4,1,1,2026-04-16,1534,Terra,MODIS,65,61.03,299.1,5.3,N,0
23.7152,75.8115,310.3,1,1,2026-04-16,1534,Terra,MODIS,70,61.03,296.9,6.8,N,0
23.7199,75.781,311.6,1,1,2026-04-16,1534,Terra,MODIS,75,61.03,298.5,7.6,N,0
23.721,77.9505,318.1,1,1,2026-04-16,1534,Terra,MODIS,96,61.03,298.3,13.3,N,0
23.7256,78.3452,309.3,1.1,1,2026-04-16,1534,Terra,MODIS,69,61.03,296.5,6.5,N,0
23.7308,77.6778,310.8,1,1,2026-04-16,1534,Terra,MODIS,60,61.03,296.3,7.6,N,0
23.7384,77.6666,306.1,1,1,2026-04-16,1534,Terra,MODIS,51,61.03,295.8,4.9,N,0
23.7397,77.6763,307.4,1,1,2026-04-16,1534,Terra,MODIS,60,61.03,295.9,5.7,N,0
23.7537,75.7652,307.2,1,1,2026-04-16,1534,Terra,MODIS,51,61.03,296.5,4.9,N,0
23.7563,77.3111,320.9,1,1,2026-04-16,1534,Terra,MODIS,100,61.03,298.6,14.9,N,0
23.7576,77.3207,308.6,1,1,2026-04-16,1534,Terra,MODIS,66,61.03,298.1,4.9,N,0
23.7586,77.2617,313.6,1,1,2026-04-16,1534,Terra,MODIS,84,61.03,298.1,8.7,N,0
23.7629,77.4283,306.6,1,1,2026-04-16,1534,Terra,MODIS,54,61.03,296.2,4.4,N,0
23.7638,75.5085,321.2,1,1,2026-04-16,1534,Terra,MODIS,100,61.03,299.5,15.8,N,0
23.7776,76.3789,317.7,1,1,2026-04-16,1534,Terra,MODIS,94,61.03,296.4,13.2,N,0
23.8177,77.6377,308.1,1,1,2026-04-16,1534,Terra,MODIS,61,61.03,297.4,4.9,N,0
23.8361,76.2657,305.3,1,1,2026-04-16,1534,Terra,MODIS,26,61.03,294.8,3.5,N,0
23.8428,76.3133,307.5,1,1,2026-04-16,1534,Terra,MODIS,55,61.03,297.4,4.6,N,0
23.8647,75.1852,309.8,1,1,2026-04-16,1534,Terra,MODIS,65,61.03,299.3,5.5,N,0
23.8734,77.2112,311.9,1,1,2026-04-16,1534,Terra,MODIS,78,61.03,297.7,7.7,N,0
23.8783,76.3755,309.6,1,1,2026-04-16,1534,Terra,MODIS,67,61.03,298.3,6.2,N,0
23.8944,78.5173,316.4,1.1,1,2026-04-16,1534,Terra,MODIS,91,61.03,296.8,13.6,N,0
23.9304,75.7719,313.7,1,1,2026-04-16,1534,Terra,MODIS,82,61.03,297.2,8.9,N,0
23.9422,77.6656,311.8,1,1,2026-04-16,1534,Terra,MODIS,78,61.03,298.4,7.8,N,0
23.9454,76.6661,328.9,1,1,2026-04-16,1534,Terra,MODIS,100,61.03,298.2,24.1,N,0
23.9517,76.9087,313.3,1,1,2026-04-16,1534,Terra,MODIS,82,61.03,298.1,8.9,N,0
23.9523,74.9053,307.3,1.1,1,2026-04-16,1534,Terra,MODIS,43,61.03,296.2,3.9,N,0
23.9561,77.0742,309.8,1,1,2026-04-16,1534,Terra,MODIS,70,61.03,298,6,N,0
23.9668,75.7597,312.2,1,1,2026-04-16,1534,Terra,MODIS,76,61.03,297.3,7.8,N,0
23.9965,75.7149,311.1,1,1,2026-04-16,1534,Terra,MODIS,72,61.03,296.9,7.5,N,0
24.0076,79.2028,311.6,1.2,1.1,2026-04-16,1534,Terra,MODIS,78,61.03,296.4,10.5,N,0
24.0166,78.7614,308.4,1.1,1.1,2026-04-16,1534,Terra,MODIS,65,61.03,296.3,6.8,N,0
24.0216,79.4785,309.8,1.2,1.1,2026-04-16,1534,Terra,MODIS,72,61.03,296.4,9,N,0
24.0217,75.6246,310.2,1,1,2026-04-16,1534,Terra,MODIS,68,61.03,296.5,6.9,N,0
24.023,79.4901,312.9,1.2,1.1,2026-04-16,1534,Terra,MODIS,82,61.03,296.7,11.9,N,0
24.0259,78.7601,309.5,1.1,1.1,2026-04-16,1534,Terra,MODIS,70,61.03,296.2,7.8,N,0
24.0424,76.8973,310.1,1,1,2026-04-16,1534,Terra,MODIS,70,61.03,296.9,6.6,N,0
24.055,78.115,308.4,1.1,1,2026-04-16,1534,Terra,MODIS,64,61.03,297.2,6.1,N,0
24.0674,77.2167,307.9,1,1,2026-04-16,1534,Terra,MODIS,60,61.03,297.6,4.7,N,0
24.0843,75.2967,310.9,1,1,2026-04-16,1534,Terra,MODIS,72,61.03,299.6,6,N,0
24.0987,79.438,307.1,1.2,1.1,2026-04-16,1534,Terra,MODIS,60,61.03,295.6,7.3,N,0
24.105,75.3132,319.8,1,1,2026-04-16,1534,Terra,MODIS,99,61.03,298.8,14.1,N,0
24.112,77.417,308,1,1,2026-04-16,1534,Terra,MODIS,61,61.03,296.2,5.7,N,0
24.1132,77.4267,322.5,1,1,2026-04-16,1534,Terra,MODIS,100,61.03,296.6,18.5,N,0
24.1395,78.2726,307.7,1.1,1,2026-04-16,1534,Terra,MODIS,61,61.03,296.6,6,N,0
24.1422,75.2559,313.6,1,1,2026-04-16,1534,Terra,MODIS,82,61.03,300,7.7,N,0
24.1445,75.3971,309.2,1,1,2026-04-16,1534,Terra,MODIS,64,61.03,298.3,5,N,0
24.1454,77.7419,309.2,1,1,2026-04-16,1534,Terra,MODIS,68,61.03,297.6,6.1,N,0
24.148,77.9038,310.5,1,1,2026-04-16,1534,Terra,MODIS,73,61.03,296.7,8,N,0
24.2046,77.2182,310.8,1,1,2026-04-16,1534,Terra,MODIS,73,61.03,298.9,6.2,N,0
24.2482,74.8443,308.6,1.1,1,2026-04-16,1534,Terra,MODIS,58,61.03,297.9,4.8,N,0
24.2562,81.25,310.4,1.6,1.2,2026-04-16,1534,Terra,MODIS,75,61.03,298.5,14,N,0
24.2606,81.2587,308.5,1.6,1.2,2026-04-16,1534,Terra,MODIS,69,61.03,298.5,11.8,N,0
24.2822,78.0204,308.3,1.1,1,2026-04-16,1534,Terra,MODIS,64,61.03,296.6,6.3,N,0
24.325,77.4303,306.6,1,1,2026-04-16,1534,Terra,MODIS,53,61.03,296.4,4.9,N,0
24.4325,77.5473,307.7,1,1,2026-04-16,1534,Terra,MODIS,61,61.03,297.3,5,N,0
24.4338,77.5572,308.8,1,1,2026-04-16,1534,Terra,MODIS,66,61.03,296.7,5.7,N,0
24.5068,77.5492,308.6,1,1,2026-04-16,1534,Terra,MODIS,66,61.03,297.5,5.8,N,0
24.5081,77.5591,312.8,1,1,2026-04-16,1534,Terra,MODIS,82,61.03,297.3,9,N,0
24.64,79.5259,314,1.2,1.1,2026-04-16,1534,Terra,MODIS,86,61.03,294.9,14.3,N,0
25.1271,83.9536,310,2.5,1.5,2026-04-16,1534,Terra,MODIS,76,61.03,298.1,23.6,N,0
25.1668,83.9922,308.2,2.5,1.5,2026-04-16,1534,Terra,MODIS,70,61.03,298,20,N,0
25.1698,83.9739,310.8,2.5,1.5,2026-04-16,1534,Terra,MODIS,79,61.03,297.9,26.5,N,0
24.4976,75.8641,308.8,1,1,2026-04-16,1535,Terra,MODIS,63,61.03,297.2,5.7,N,0
24.5044,75.9122,312,1,1,2026-04-16,1535,Terra,MODIS,77,61.03,295.9,8,N,0
24.5704,74.7716,307.3,1.1,1,2026-04-16,1535,Terra,MODIS,57,61.03,294.1,5,N,0
24.5827,76.801,310.5,1,1,2026-04-16,1535,Terra,MODIS,73,61.03,298.1,6.7,N,0
24.6169,74.9604,309.5,1.1,1,2026-04-16,1535,Terra,MODIS,68,61.03,296,6.9,N,0
24.6885,77.7412,311.5,1,1,2026-04-16,1535,Terra,MODIS,78,61.03,296.3,8.9,N,0
24.6911,77.2075,314.5,1,1,2026-04-16,1535,Terra,MODIS,87,61.03,297.8,10,N,0
24.6921,76.7966,309.1,1,1,2026-04-16,1535,Terra,MODIS,68,61.03,296.2,6.3,N,0
24.6924,77.2173,312.4,1,1,2026-04-16,1535,Terra,MODIS,81,61.03,296.7,8.6,N,0
24.6934,76.8062,315.5,1,1,2026-04-16,1535,Terra,MODIS,89,61.03,297,11.3,N,0
24.7027,77.9239,315.1,1.1,1,2026-04-16,1535,Terra,MODIS,89,61.03,298.5,10.8,N,0
24.7168,76.9796,306.3,1,1,2026-04-16,1535,Terra,MODIS,53,61.03,295.6,4.5,N,0
24.7382,77.7027,307.2,1,1,2026-04-16,1535,Terra,MODIS,61,61.03,296.6,5.2,N,0
24.7405,76.6054,308.9,1,1,2026-04-16,1535,Terra,MODIS,67,61.03,295.9,6,N,0
24.7757,77.8505,306.5,1.1,1,2026-04-16,1535,Terra,MODIS,57,61.03,296.1,5.3,N,0
24.7808,77.2568,306.1,1,1,2026-04-16,1535,Terra,MODIS,52,61.03,295.7,4.3,N,0
24.7841,76.7947,311.6,1,1,2026-04-16,1535,Terra,MODIS,78,61.03,296.6,7.9,N,0
24.7944,78.1392,322,1.1,1,2026-04-16,1535,Terra,MODIS,100,61.03,296.7,18.7,N,0
24.8342,76.6821,308.9,1,1,2026-04-16,1535,Terra,MODIS,68,61.03,296.7,5.9,N,0
24.8378,76.9929,311.1,1,1,2026-04-16,1535,Terra,MODIS,76,61.03,296.5,7.5,N,0
24.8662,76.5883,312.9,1,1,2026-04-16,1535,Terra,MODIS,36,61.03,297.5,8.1,N,0
24.8695,77.0115,310.1,1,1,2026-04-16,1535,Terra,MODIS,73,61.03,296.5,7.5,N,0
24.8749,76.5869,324.3,1,1,2026-04-16,1535,Terra,MODIS,100,61.03,296.1,18.7,N,0
24.8762,76.5965,308.8,1,1,2026-04-16,1535,Terra,MODIS,13,61.03,296.6,5.2,N,0
24.8774,78.1416,308.4,1.1,1,2026-04-16,1535,Terra,MODIS,68,61.03,296.6,6.8,N,0
24.885,76.595,309.7,1,1,2026-04-16,1535,Terra,MODIS,42,61.03,295.9,6.1,N,0
24.9582,77.7625,316,1,1,2026-04-16,1535,Terra,MODIS,91,61.03,295.8,13.3,N,0
24.9594,77.6292,305.5,1,1,2026-04-16,1535,Terra,MODIS,50,61.03,295.3,4.4,N,0
24.9615,77.0099,309.8,1,1,2026-04-16,1535,Terra,MODIS,72,61.03,295.4,6.9,N,0
24.9976,76.3968,315.7,1,1,2026-04-16,1535,Terra,MODIS,90,61.03,296,11.6,N,0
25.0909,76.953,359.8,1,1,2026-04-16,1535,Terra,MODIS,100,61.03,299.1,84.3,N,0
25.0922,76.9627,366.6,1,1,2026-04-16,1535,Terra,MODIS,100,61.03,299.6,104.1,N,0
25.0997,76.9515,312.8,1,1,2026-04-16,1535,Terra,MODIS,82,61.03,296.7,8.7,N,0
25.101,76.9612,311.5,1,1,2026-04-16,1535,Terra,MODIS,79,61.03,296.4,7.8,N,0
25.2016,79.1227,314.2,1.2,1.1,2026-04-16,1535,Terra,MODIS,87,61.03,298.2,13.1,N,0
25.3635,75.7113,301.9,1,1,2026-04-16,1535,Terra,MODIS,45,61.03,277.3,5.2,N,0
25.3805,77.1868,304.2,1,1,2026-04-16,1535,Terra,MODIS,43,61.03,293.1,3.4,N,0
25.3807,79.0842,312.4,1.2,1.1,2026-04-16,1535,Terra,MODIS,83,61.03,296,11.9,N,0
25.4464,75.899,310.6,1,1,2026-04-16,1535,Terra,MODIS,65,61.03,286.4,9.2,N,0
25.4551,75.8975,305.9,1,1,2026-04-16,1535,Terra,MODIS,66,61.03,283.5,6.2,N,0
25.5131,76.6639,303.8,1,1,2026-04-16,1535,Terra,MODIS,49,61.03,293.7,3.5,N,0
25.5144,76.6736,312.5,1,1,2026-04-16,1535,Terra,MODIS,84,61.03,293.9,9.4,N,0
25.5232,76.6721,304.2,1,1,2026-04-16,1535,Terra,MODIS,51,61.03,293.9,3.8,N,0
25.5415,76.3269,301.1,1,1,2026-04-16,1535,Terra,MODIS,26,61.03,287.1,3.1,N,0
25.5803,77.0311,303.4,1,1,2026-04-16,1535,Terra,MODIS,46,61.03,292.2,3.3,N,0
25.5893,79.0116,309.8,1.2,1.1,2026-04-16,1535,Terra,MODIS,76,61.03,296.1,9.6,N,0
25.6476,76.3618,301.3,1,1,2026-04-16,1535,Terra,MODIS,38,61.03,284.6,3.6,N,0
25.6642,76.6164,304,1,1,2026-04-16,1535,Terra,MODIS,55,61.03,282.6,6.1,N,0
26.4775,83.239,305,2.3,1.5,2026-04-16,1535,Terra,MODIS,62,61.03,294.6,17.1,N,0
27.0319,82.7769,304.2,2.2,1.4,2026-04-16,1535,Terra,MODIS,59,61.03,293.6,14.5,N,0
27.1453,83.0246,309.5,2.3,1.5,2026-04-16,1535,Terra,MODIS,77,61.03,296.9,24.3,N,0
27.3883,82.5612,305.6,2.1,1.4,2026-04-16,1535,Terra,MODIS,65,61.03,294.3,17.5,N,0
27.4859,82.9167,307.1,2.3,1.5,2026-04-16,1535,Terra,MODIS,70,61.03,296.1,20.4,N,0
28.3835,77.7236,303.3,1.1,1.1,2026-04-16,1535,Terra,MODIS,54,61.03,293.2,5.1,N,0
28.3849,77.7346,303.9,1.1,1.1,2026-04-16,1535,Terra,MODIS,58,61.03,293.6,5.6,N,0
28.4523,82.0037,304.7,2,1.4,2026-04-16,1535,Terra,MODIS,61,61.03,294.3,13.8,N,0
28.4567,81.997,310.1,2,1.4,2026-04-16,1535,Terra,MODIS,79,61.03,294.8,24,N,0
28.7221,71.0002,300.1,1.4,1.2,2026-04-16,1536,Terra,MODIS,19,61.03,278.7,6.9,N,0
28.8987,81.4631,314.5,1.9,1.3,2026-04-16,1536,Terra,MODIS,82,61.03,294.1,27.9,N,0
28.9086,81.4424,305.2,1.9,1.3,2026-04-16,1536,Terra,MODIS,18,61.03,293.5,11.4,N,0
28.9102,81.4592,305.7,1.9,1.3,2026-04-16,1536,Terra,MODIS,23,61.03,292.6,12.6,N,0
28.9599,81.0303,304.7,1.8,1.3,2026-04-16,1536,Terra,MODIS,61,61.03,293.9,10.3,N,0
29.0383,81.1391,304.3,1.8,1.3,2026-04-16,1536,Terra,MODIS,60,61.03,294.3,11,N,0
29.0397,81.1543,303.7,1.8,1.3,2026-04-16,1536,Terra,MODIS,56,61.03,293.4,10.2,N,0
20.1196,93.7895,300,1.1,1,2026-04-16,2124,Aqua,MODIS,12,61.03,288.6,4.2,N,0
21.0848,93.7827,306,1.1,1,2026-04-16,2124,Aqua,MODIS,66,61.03,288.2,7.8,N,0
24.8483,77.0259,302.1,3,1.6,2026-04-16,2301,Aqua,MODIS,46,61.03,290.2,23,N,0
25.0174,77.1101,324.2,3,1.6,2026-04-16,2301,Aqua,MODIS,100,61.03,292.2,106.6,N,0
25.0209,77.1159,319.3,3,1.6,2026-04-16,2301,Aqua,MODIS,98,61.03,291.4,84.6,N,0
25.0231,77.0823,302.5,3,1.6,2026-04-16,2301,Aqua,MODIS,37,61.03,291.7,20.7,N,0
25.0268,77.088,309.5,3,1.6,2026-04-16,2301,Aqua,MODIS,77,61.03,291.8,44.3,N,0
25.2248,77.0349,311.5,2.9,1.6,2026-04-16,2301,Aqua,MODIS,83,61.03,292,49.8,N,0
21.1049,72.6423,309.6,1.7,1.3,2026-04-16,2302,Aqua,MODIS,78,61.03,298.3,17.6,N,2
28.6269,83.5808,301,1,1,2026-04-17,339,Terra,MODIS,26,61.03,288.2,3.1,D,0
28.8997,81.4658,312.7,1.1,1,2026-04-17,339,Terra,MODIS,52,61.03,297.3,6.8,D,0
28.9,89.6055,313,2,1.4,2026-04-17,339,Terra,MODIS,69,61.03,298.3,11,D,0
28.9064,80.1614,311.8,1.2,1.1,2026-04-17,339,Terra,MODIS,59,61.03,297.4,6.4,D,0
28.91,81.4573,314.4,1.1,1,2026-04-17,339,Terra,MODIS,59,61.03,298.7,7.9,D,0
28.9358,81.4722,313.9,1.1,1,2026-04-17,339,Terra,MODIS,70,61.03,297.3,8.5,D,0
28.9373,81.461,307.7,1.1,1,2026-04-17,339,Terra,MODIS,39,61.03,295.5,3.3,D,0
29.1822,88.539,315.7,1.6,1.3,2026-04-17,339,Terra,MODIS,48,61.03,300.8,12.2,D,0
29.2235,81.1625,306.3,1.1,1,2026-04-17,339,Terra,MODIS,57,61.03,292.5,4.6,D,0
29.3883,80.4111,311.3,1.2,1.1,2026-04-17,339,Terra,MODIS,67,61.03,296.8,7.6,D,0
29.6095,80.7359,312.1,1.2,1.1,2026-04-17,339,Terra,MODIS,70,61.03,297.8,9.3,D,0
29.7234,81.2899,307,1.1,1,2026-04-17,339,Terra,MODIS,46,61.03,293.4,5.8,D,0
24.7637,84.2258,321.7,1.1,1,2026-04-17,340,Terra,MODIS,59,61.03,308.4,8.3,D,0
25.0025,85.7645,322,1.3,1.1,2026-04-17,340,Terra,MODIS,65,61.03,306,11,D,0
25.0069,83.8484,325.9,1.1,1,2026-04-17,340,Terra,MODIS,70,61.03,312.6,9.5,D,0
25.0081,83.9008,326.7,1.1,1,2026-04-17,340,Terra,MODIS,72,61.03,312.6,9.8,D,0
25.0201,84.0036,332.3,1.1,1,2026-04-17,340,Terra,MODIS,80,61.03,312.9,16.8,D,0
25.1208,85.3541,319.9,1.2,1.1,2026-04-17,340,Terra,MODIS,59,61.03,305.3,8.8,D,0
25.2078,85.389,324.3,1.2,1.1,2026-04-17,340,Terra,MODIS,72,61.03,304,16.5,D,0
25.2097,85.3773,323.7,1.2,1.1,2026-04-17,340,Terra,MODIS,71,61.03,303.9,15.7,D,0
25.2174,85.3909,334.9,1.2,1.1,2026-04-17,340,Terra,MODIS,84,61.03,304.9,33.3,D,0
25.2193,85.3792,336.2,1.2,1.1,2026-04-17,340,Terra,MODIS,85,61.03,304.4,35.7,D,0
25.5641,78.6922,324.8,1.3,1.1,2026-04-17,340,Terra,MODIS,72,61.03,300.1,17.3,D,0
25.5656,78.6792,334.8,1.3,1.1,2026-04-17,340,Terra,MODIS,84,61.03,300.2,37,D,0
25.5826,78.9659,330.6,1.3,1.1,2026-04-17,340,Terra,MODIS,79,61.03,301.6,25.5,D,0
25.5841,78.9534,338.8,1.3,1.1,2026-04-17,340,Terra,MODIS,87,61.03,303.1,43.2,D,0
25.6041,78.0009,318.6,1.5,1.2,2026-04-17,340,Terra,MODIS,63,61.03,297,11.2,D,0
25.6493,79.0071,322.7,1.3,1.1,2026-04-17,340,Terra,MODIS,59,61.03,303.1,12.1,D,0
26.4273,83.5109,325.4,1,1,2026-04-17,340,Terra,MODIS,77,61.03,300.8,13.3,D,0
26.4949,83.9191,326.1,1,1,2026-04-17,340,Terra,MODIS,77,61.03,302.7,14.9,D,0
26.4965,83.909,318.1,1,1,2026-04-17,340,Terra,MODIS,64,61.03,303,6.5,D,0
26.531,83.4347,321.3,1,1,2026-04-17,340,Terra,MODIS,72,61.03,304.5,9,D,0
26.6988,82.8579,314.1,1,1,2026-04-17,340,Terra,MODIS,33,61.03,296.4,5.4,D,0
26.8857,82.8431,321.6,1,1,2026-04-17,340,Terra,MODIS,71,61.03,304.9,8.7,D,0
26.9412,82.8493,320.7,1,1,2026-04-17,340,Terra,MODIS,59,61.03,304.3,6.4,D,0
26.95,82.8508,338.3,1,1,2026-04-17,340,Terra,MODIS,88,61.03,305.2,28.8,D,0
26.9514,82.8411,321.8,1,1,2026-04-17,340,Terra,MODIS,70,61.03,304.2,8,D,0
26.9594,82.7224,318.7,1,1,2026-04-17,340,Terra,MODIS,64,61.03,304.2,6.2,D,0
27.0732,82.698,323.7,1,1,2026-04-17,340,Terra,MODIS,72,61.03,304.7,9.8,D,0
27.0764,82.7387,322.2,1,1,2026-04-17,340,Terra,MODIS,70,61.03,304.7,7.7,D,0
27.0778,82.7289,322.1,1,1,2026-04-17,340,Terra,MODIS,70,61.03,304.3,7.7,D,0
27.0907,83.3403,319.6,1,1,2026-04-17,340,Terra,MODIS,63,61.03,303.7,5.9,D,0
27.1099,83.5159,320.5,1,1,2026-04-17,340,Terra,MODIS,66,61.03,303.3,6.1,D,0
27.1242,82.9239,324.8,1,1,2026-04-17,340,Terra,MODIS,74,61.03,304.7,10.1,D,0
27.133,82.9255,348.6,1,1,2026-04-17,340,Terra,MODIS,94,61.03,305,46.9,D,0
27.1344,82.9157,328.4,1,1,2026-04-17,340,Terra,MODIS,78,61.03,304.3,13.9,D,0
27.1852,84.731,317.9,1.1,1,2026-04-17,340,Terra,MODIS,68,61.03,299.2,8.8,D,0
27.2333,83.1199,318.9,1,1,2026-04-17,340,Terra,MODIS,62,61.03,301.9,6.6,D,0
27.2406,83.1313,333.4,1,1,2026-04-17,340,Terra,MODIS,83,61.03,302.1,22.7,D,0
27.242,83.1215,349.8,1,1,2026-04-17,340,Terra,MODIS,95,61.03,303,51.5,D,0
27.2556,82.5052,315.3,1,1,2026-04-17,340,Terra,MODIS,44,61.03,301,4.4,D,0
27.265,83.025,319.1,1,1,2026-04-17,340,Terra,MODIS,62,61.03,302.7,6.2,D,0
27.2827,82.5864,314.9,1,1,2026-04-17,340,Terra,MODIS,26,61.03,300.8,4.1,D,0
27.2873,82.6173,325,1,1,2026-04-17,340,Terra,MODIS,74,61.03,303,12.8,D,0
27.3252,83.1226,320.3,1,1,2026-04-17,340,Terra,MODIS,66,61.03,301.5,6.9,D,0
27.378,82.8806,320.3,1,1,2026-04-17,340,Terra,MODIS,66,61.03,301.9,8,D,0
27.3949,83.4642,318,1,1,2026-04-17,340,Terra,MODIS,63,61.03,300.6,6.6,D,0
27.4071,82.8214,317.3,1,1,2026-04-17,340,Terra,MODIS,60,61.03,301.1,5,D,0
27.4085,82.8116,338.9,1,1,2026-04-17,340,Terra,MODIS,88,61.03,302,31.7,D,0
27.4196,83.5564,318.7,1,1,2026-04-17,340,Terra,MODIS,68,61.03,299.7,8.7,D,0
27.4414,82.9581,319.6,1,1,2026-04-17,340,Terra,MODIS,66,61.03,301,8.1,D,0
27.4533,83.5117,316.7,1,1,2026-04-17,340,Terra,MODIS,63,61.03,299.6,6.4,D,0
27.4806,83.2636,317.6,1,1,2026-04-17,340,Terra,MODIS,56,61.03,300.5,6.8,D,0
27.7344,77.7584,311.3,1.6,1.3,2026-04-17,340,Terra,MODIS,57,61.03,289,12.2,D,0
27.9582,80.3279,323.2,1.2,1.1,2026-04-17,340,Terra,MODIS,74,61.03,302.5,15.3,D,0
28.3001,81.8938,326.1,1,1,2026-04-17,340,Terra,MODIS,81,61.03,296.8,20.5,D,0
28.3067,82.326,311.9,1,1,2026-04-17,340,Terra,MODIS,64,61.03,295.6,7.7,D,0
28.3286,82.1647,309.9,1,1,2026-04-17,340,Terra,MODIS,58,61.03,297.2,5.3,D,0
28.3794,80.0447,314.5,1.2,1.1,2026-04-17,340,Terra,MODIS,52,61.03,300.8,7.4,D,0
28.3972,81.5072,311.3,1.1,1,2026-04-17,340,Terra,MODIS,51,61.03,299.6,5.3,D,0
28.4323,80.2052,314.9,1.2,1.1,2026-04-17,340,Terra,MODIS,61,61.03,301.7,6.4,D,0
28.477,80.0781,311,1.2,1.1,2026-04-17,340,Terra,MODIS,42,61.03,296.6,4.8,D,0
21.5225,82.175,321.7,1,1,2026-04-17,341,Terra,MODIS,59,61.03,308,5.5,D,0
21.5402,81.479,325.6,1,1,2026-04-17,341,Terra,MODIS,70,61.03,309.9,8.7,D,0
21.5421,78.7245,326.1,1.2,1.1,2026-04-17,341,Terra,MODIS,69,61.03,310.1,12.9,D,0
21.5591,81.5969,331.3,1,1,2026-04-17,341,Terra,MODIS,79,61.03,309.3,16.4,D,0
21.6139,81.2128,325,1,1,2026-04-17,341,Terra,MODIS,68,61.03,311.7,7.7,D,0
21.6325,81.2893,325.3,1,1,2026-04-17,341,Terra,MODIS,69,61.03,311.5,7.3,D,0
21.7403,83.8422,326.5,1.1,1.1,2026-04-17,341,Terra,MODIS,76,61.03,305.6,14.6,D,0
21.7496,83.8439,325.3,1.1,1.1,2026-04-17,341,Terra,MODIS,74,61.03,305.4,13.2,D,2
21.7601,84.022,323.4,1.2,1.1,2026-04-17,341,Terra,MODIS,71,61.03,304.4,12.6,D,2
21.7674,81.4319,323.8,1,1,2026-04-17,341,Terra,MODIS,65,61.03,310.3,6.8,D,0
21.7924,76.2072,318.4,1.7,1.3,2026-04-17,341,Terra,MODIS,58,61.03,299.2,11.9,D,0
21.794,81.4522,325.1,1,1,2026-04-17,341,Terra,MODIS,68,61.03,310.8,7.2,D,0
21.9005,81.6673,320,1,1,2026-04-17,341,Terra,MODIS,53,61.03,306.9,5.3,D,0
21.9166,79.244,334.8,1.1,1.1,2026-04-17,341,Terra,MODIS,83,61.03,308.9,26.6,D,0
21.9174,83.3584,319.8,1.1,1,2026-04-17,341,Terra,MODIS,61,61.03,305.5,6.7,D,2
21.918,79.2333,323.7,1.1,1.1,2026-04-17,341,Terra,MODIS,66,61.03,309.6,9.8,D,0
21.9189,83.3483,320.5,1.1,1,2026-04-17,341,Terra,MODIS,59,61.03,305.4,7.5,D,2
21.962,79.4615,335.1,1.1,1.1,2026-04-17,341,Terra,MODIS,78,61.03,309.6,26.4,D,0
21.9634,79.451,324.7,1.1,1.1,2026-04-17,341,Terra,MODIS,68,61.03,307.5,10.6,D,0
21.9889,79.1999,328.5,1.1,1.1,2026-04-17,341,Terra,MODIS,75,61.03,309.8,16.3,D,0
21.9985,79.1745,323.4,1.1,1.1,2026-04-17,341,Terra,MODIS,44,61.03,310,8,D,0
22.0422,79.2793,323.6,1.1,1.1,2026-04-17,341,Terra,MODIS,64,61.03,308.4,8.7,D,0
22.0515,79.2806,340.2,1.1,1.1,2026-04-17,341,Terra,MODIS,87,61.03,311.3,36.2,D,0
22.0553,79.3245,322.5,1.1,1.1,2026-04-17,341,Terra,MODIS,43,61.03,307.2,6.8,D,0
22.0775,82.539,323,1,1,2026-04-17,341,Terra,MODIS,60,61.03,307.2,11,D,0
22.0836,79.3027,328.3,1.1,1.1,2026-04-17,341,Terra,MODIS,74,61.03,307.4,15.8,D,0
22.1196,77.3916,325.7,1.5,1.2,2026-04-17,341,Terra,MODIS,73,61.03,306.2,16.6,D,0
22.1197,79.2425,324.4,1.1,1.1,2026-04-17,341,Terra,MODIS,67,61.03,309.2,10,D,0
22.1409,81.7347,321.5,1,1,2026-04-17,341,Terra,MODIS,63,61.03,308.4,6.2,D,0
22.1599,79.2264,329.6,1.1,1.1,2026-04-17,341,Terra,MODIS,76,61.03,310.7,16.3,D,0
22.1613,79.2156,331.1,1.1,1.1,2026-04-17,341,Terra,MODIS,78,61.03,311.2,19.1,D,0
22.1923,79.1709,332.6,1.2,1.1,2026-04-17,341,Terra,MODIS,80,61.03,311.1,20.1,D,0
22.2,79.2602,326.8,1.1,1.1,2026-04-17,341,Terra,MODIS,68,61.03,312.4,10.8,D,0
22.2016,79.1723,324.8,1.2,1.1,2026-04-17,341,Terra,MODIS,68,61.03,311.4,8.3,D,0
22.2063,79.359,326.9,1.1,1.1,2026-04-17,341,Terra,MODIS,54,61.03,311.9,9,D,0
22.2094,79.2615,343.2,1.1,1.1,2026-04-17,341,Terra,MODIS,90,61.03,312.3,39.9,D,0
22.2107,79.2508,328.7,1.1,1.1,2026-04-17,341,Terra,MODIS,75,61.03,311.8,13.4,D,0
22.2143,79.371,359.9,1.1,1.1,2026-04-17,341,Terra,MODIS,99,61.03,313.9,81.4,D,0
22.2156,79.3604,340.3,1.1,1.1,2026-04-17,341,Terra,MODIS,87,61.03,310.7,31.5,D,0
22.2338,79.4384,325.2,1.1,1.1,2026-04-17,341,Terra,MODIS,69,61.03,311.5,7.8,D,0
22.2573,79.308,325.4,1.1,1.1,2026-04-17,341,Terra,MODIS,69,61.03,312.4,8.3,D,0
22.2609,79.5026,331.2,1.1,1.1,2026-04-17,341,Terra,MODIS,78,61.03,310.2,18.1,D,0
22.2876,79.4419,327.9,1.1,1.1,2026-04-17,341,Terra,MODIS,67,61.03,311,13,D,0
22.2968,79.4433,326.6,1.1,1.1,2026-04-17,341,Terra,MODIS,50,61.03,311.3,10.5,D,0
22.3075,79.434,363,1.1,1.1,2026-04-17,341,Terra,MODIS,100,61.03,313,92.2,D,0
22.3089,79.4234,355.5,1.1,1.1,2026-04-17,341,Terra,MODIS,97,61.03,310.7,69.6,D,0
22.3168,79.4353,334.6,1.1,1.1,2026-04-17,341,Terra,MODIS,82,61.03,312.8,22.8,D,0
22.3216,79.2514,340.2,1.1,1.1,2026-04-17,341,Terra,MODIS,87,61.03,309.7,35.4,D,0
22.3294,79.8972,328.7,1.1,1,2026-04-17,341,Terra,MODIS,75,61.03,310.1,15.3,D,0
22.3307,79.887,325.5,1.1,1,2026-04-17,341,Terra,MODIS,69,61.03,309.8,11.5,D,0
22.3888,79.5162,328.9,1.1,1.1,2026-04-17,341,Terra,MODIS,66,61.03,308.9,13.8,D,0
22.3967,79.5281,329.5,1.1,1.1,2026-04-17,341,Terra,MODIS,64,61.03,311.6,15,D,2
22.3981,79.5175,367,1.1,1.1,2026-04-17,341,Terra,MODIS,100,61.03,314.2,107.7,D,0
22.4137,79.8853,323.5,1.1,1,2026-04-17,341,Terra,MODIS,63,61.03,310.3,8.4,D,0
22.4199,79.6235,327.2,1.1,1,2026-04-17,341,Terra,MODIS,64,61.03,312.3,10.9,D,0
22.4291,79.6248,326.8,1.1,1,2026-04-17,341,Terra,MODIS,54,61.03,311.6,10.4,D,0
22.4329,79.9503,326.7,1.1,1,2026-04-17,341,Terra,MODIS,50,61.03,308.6,10.5,D,2
22.442,79.9517,327.8,1.1,1,2026-04-17,341,Terra,MODIS,62,61.03,309.9,12.3,D,2
22.4433,79.9415,327.2,1.1,1,2026-04-17,341,Terra,MODIS,46,61.03,310.9,11.3,D,0
22.4937,79.6191,328.5,1.1,1,2026-04-17,341,Terra,MODIS,74,61.03,312.4,13.1,D,0
22.536,79.868,345.1,1.1,1,2026-04-17,341,Terra,MODIS,91,61.03,311.1,42.2,D,0
22.5813,76.6229,323.3,1.7,1.3,2026-04-17,341,Terra,MODIS,72,61.03,301.6,16.4,D,0
22.6121,80.6035,325,1,1,2026-04-17,341,Terra,MODIS,68,61.03,311.5,8.6,D,0
23.0845,78.2933,325.8,1.3,1.1,2026-04-17,341,Terra,MODIS,72,61.03,307,15.7,D,0
23.0861,81.1782,324.9,1,1,2026-04-17,341,Terra,MODIS,67,61.03,308.6,11,D,0
23.1152,77.4424,318,1.5,1.2,2026-04-17,341,Terra,MODIS,48,61.03,294.2,14.1,D,0
23.3105,78.0254,321.3,1.4,1.2,2026-04-17,341,Terra,MODIS,53,61.03,303.3,10.2,D,0
23.3128,77.9187,322.1,1.4,1.2,2026-04-17,341,Terra,MODIS,64,61.03,303.3,13.2,D,0
23.3435,80.4437,323.8,1.1,1,2026-04-17,341,Terra,MODIS,57,61.03,309.5,9.7,D,0
23.3524,77.917,336,1.4,1.2,2026-04-17,341,Terra,MODIS,84,61.03,301.9,42.4,D,0
23.3848,77.9078,319,1.4,1.2,2026-04-17,341,Terra,MODIS,47,61.03,299.1,9.5,D,0
23.4259,80.786,322,1,1,2026-04-17,341,Terra,MODIS,57,61.03,309.9,6.7,D,0
23.4491,79.8539,323.9,1.1,1,2026-04-17,341,Terra,MODIS,64,61.03,309.2,11,D,0
23.4874,79.6326,328.1,1.1,1.1,2026-04-17,341,Terra,MODIS,73,61.03,311.3,13.7,D,0
23.4888,79.6219,331,1.1,1.1,2026-04-17,341,Terra,MODIS,77,61.03,311.3,17.8,D,0
23.5238,78.0198,332.6,1.4,1.2,2026-04-17,341,Terra,MODIS,80,61.03,308,29.4,D,0
23.5386,78.9221,323.4,1.2,1.1,2026-04-17,341,Terra,MODIS,62,61.03,306.7,12.6,D,0
23.5876,77.9201,338.4,1.4,1.2,2026-04-17,341,Terra,MODIS,86,61.03,308.8,41.9,D,0
23.5892,77.9066,343,1.4,1.2,2026-04-17,341,Terra,MODIS,89,61.03,308.2,55.2,D,0
23.5995,77.908,324.4,1.4,1.2,2026-04-17,341,Terra,MODIS,50,61.03,308,11.9,D,0
23.6466,77.506,332,1.5,1.2,2026-04-17,341,Terra,MODIS,79,61.03,303.2,32,D,0
23.6513,78.0695,325.9,1.4,1.2,2026-04-17,341,Terra,MODIS,69,61.03,308.1,15.2,D,0
23.6875,78.5348,331.3,1.3,1.1,2026-04-17,341,Terra,MODIS,78,61.03,308.9,24.4,D,0
23.6898,77.6468,326.7,1.5,1.2,2026-04-17,341,Terra,MODIS,70,61.03,305.3,20,D,0
23.7579,76.0708,322.1,1.9,1.3,2026-04-17,341,Terra,MODIS,58,61.03,302.9,16.9,D,0
23.773,77.4324,322.9,1.5,1.2,2026-04-17,341,Terra,MODIS,59,61.03,305.7,11.9,D,0
23.7837,77.4338,332,1.5,1.2,2026-04-17,341,Terra,MODIS,78,61.03,308.1,31.3,D,0
23.7938,77.7239,338.5,1.5,1.2,2026-04-17,341,Terra,MODIS,85,61.03,309.8,45.5,D,0
23.8168,78.5585,326.7,1.3,1.1,2026-04-17,341,Terra,MODIS,70,61.03,303.7,16.8,D,0
23.8183,78.5527,329,1.3,1.1,2026-04-17,341,Terra,MODIS,74,61.03,303.7,21,D,0
23.8216,77.8179,328.3,1.4,1.2,2026-04-17,341,Terra,MODIS,73,61.03,310.2,18.7,D,0
23.889,79.8646,321.9,1.1,1.1,2026-04-17,341,Terra,MODIS,47,61.03,305.6,8.2,D,0
23.8939,78.5125,326.5,1.3,1.1,2026-04-17,341,Terra,MODIS,69,61.03,306.1,16.7,D,0
23.9011,77.7722,333.1,1.5,1.2,2026-04-17,341,Terra,MODIS,80,61.03,309.9,32,D,0
23.9187,77.767,323.5,1.5,1.2,2026-04-17,341,Terra,MODIS,28,61.03,307.9,13.4,D,0
23.9522,78.1887,325.3,1.4,1.2,2026-04-17,341,Terra,MODIS,67,61.03,310.6,12.3,D,0
24.1098,79.4998,321.6,1.2,1.1,2026-04-17,341,Terra,MODIS,53,61.03,308.3,8.2,D,0
24.1188,77.5696,324.6,1.5,1.2,2026-04-17,341,Terra,MODIS,66,61.03,309,13.8,D,0
24.1589,78.0063,325.4,1.4,1.2,2026-04-17,341,Terra,MODIS,67,61.03,309.8,14.5,D,0
24.1625,82.6316,320.7,1,1,2026-04-17,341,Terra,MODIS,56,61.03,305.8,6.8,D,0
24.1701,77.025,324.7,1.6,1.3,2026-04-17,341,Terra,MODIS,69,61.03,301.3,23,D,0
24.1723,77.0161,320.7,1.6,1.3,2026-04-17,341,Terra,MODIS,24,61.03,299.3,15.5,D,0
24.1729,77.4202,324.1,1.5,1.2,2026-04-17,341,Terra,MODIS,67,61.03,308.6,13.3,D,0
24.5106,79.6175,323,1.2,1.1,2026-04-17,341,Terra,MODIS,59,61.03,309.6,8.3,D,0
24.5155,79.6242,328.2,1.2,1.1,2026-04-17,341,Terra,MODIS,72,61.03,310.5,14.6,D,0
24.5237,78.0863,326.5,1.4,1.2,2026-04-17,341,Terra,MODIS,72,61.03,310.5,15.6,D,0
24.5367,78.1564,328.2,1.4,1.2,2026-04-17,341,Terra,MODIS,75,61.03,310.9,18.3,D,0
24.5382,78.143,335.5,1.4,1.2,2026-04-17,341,Terra,MODIS,83,61.03,312,34.1,D,0
24.636,76.7342,322.5,1.8,1.3,2026-04-17,341,Terra,MODIS,33,61.03,301.4,21.2,D,0
24.6753,77.642,325.5,1.5,1.2,2026-04-17,341,Terra,MODIS,72,61.03,305.9,18.7,D,0
24.8597,80.4005,323.1,1.1,1,2026-04-17,341,Terra,MODIS,61,61.03,305.4,8.5,D,0
24.884,79.7704,322.6,1.1,1.1,2026-04-17,341,Terra,MODIS,59,61.03,309.4,7.7,D,0
25.3077,77.0708,316.5,1.7,1.3,2026-04-17,341,Terra,MODIS,55,61.03,294.7,15.3,D,0
18.2679,81.3638,315.3,1,1,2026-04-17,342,Terra,MODIS,38,61.03,302,6.4,D,0
18.2945,83.7029,316.3,1.2,1.1,2026-04-17,342,Terra,MODIS,56,61.03,300.6,6.5,D,0
18.7388,78.8462,318.5,1.1,1,2026-04-17,342,Terra,MODIS,54,61.03,303.2,8,D,0
18.7401,78.836,320,1.1,1,2026-04-17,342,Terra,MODIS,60,61.03,303.2,9.8,D,0
18.7942,82.0576,314.9,1,1,2026-04-17,342,Terra,MODIS,48,61.03,302.7,5.8,D,0
19.0045,82.6278,317.2,1.1,1,2026-04-17,342,Terra,MODIS,60,61.03,302.5,8.6,D,0
19.0213,79.7632,319.5,1,1,2026-04-17,342,Terra,MODIS,57,61.03,305.4,6.8,D,0
19.0349,79.4607,319.3,1.1,1,2026-04-17,342,Terra,MODIS,50,61.03,303.2,5.8,D,0
19.1459,79.5921,321.5,1,1,2026-04-17,342,Terra,MODIS,59,61.03,306.6,7.3,D,0
19.2497,81.0225,317.1,1,1,2026-04-17,342,Terra,MODIS,48,61.03,303.2,7.8,D,0
19.32,79.6005,321.9,1,1,2026-04-17,342,Terra,MODIS,50,61.03,306,7.6,D,0
19.5389,79.6154,322.9,1.1,1,2026-04-17,342,Terra,MODIS,49,61.03,305.9,8.7,D,0
19.6396,79.6228,323.4,1.1,1,2026-04-17,342,Terra,MODIS,60,61.03,305,10.8,D,0
19.7075,78.4659,321.9,1.2,1.1,2026-04-17,342,Terra,MODIS,48,61.03,307.4,8.6,D,0
19.7157,77.6565,322.2,1.3,1.1,2026-04-17,342,Terra,MODIS,55,61.03,304.9,10.2,D,0
19.738,78.2232,332.4,1.2,1.1,2026-04-17,342,Terra,MODIS,78,61.03,308.4,23.4,D,0
19.8169,79.605,321.3,1.1,1,2026-04-17,342,Terra,MODIS,53,61.03,306.9,8,D,0
19.8933,83.9379,318.1,1.2,1.1,2026-04-17,342,Terra,MODIS,59,61.03,303.9,9.1,D,0
20.0074,83.9879,316.3,1.2,1.1,2026-04-17,342,Terra,MODIS,49,61.03,303.5,5.8,D,0
20.2723,78.4366,328.2,1.2,1.1,2026-04-17,342,Terra,MODIS,74,61.03,304.8,15.6,D,0
20.3094,79.229,331.1,1.1,1,2026-04-17,342,Terra,MODIS,78,61.03,310,18.2,D,0
20.361,83.6608,321.7,1.2,1.1,2026-04-17,342,Terra,MODIS,67,61.03,305.5,8.7,D,0
20.482,79.2455,324.8,1.1,1,2026-04-17,342,Terra,MODIS,60,61.03,309.6,9.3,D,0
20.4844,82.5013,324.6,1,1,2026-04-17,342,Terra,MODIS,70,61.03,306.5,11.4,D,0
21.1407,79.763,322,1.1,1,2026-04-17,342,Terra,MODIS,58,61.03,306,9.9,D,0
21.1793,79.5426,320.4,1.1,1,2026-04-17,342,Terra,MODIS,49,61.03,304.8,6.6,D,0
21.1852,79.3553,327.5,1.1,1,2026-04-17,342,Terra,MODIS,72,61.03,310.5,12.6,D,0
21.219,80.0029,319.2,1,1,2026-04-17,342,Terra,MODIS,25,61.03,305.7,6.8,D,0
21.228,80.0041,327.1,1,1,2026-04-17,342,Terra,MODIS,72,61.03,305.3,15.5,D,0
21.2293,79.9944,324.8,1.1,1,2026-04-17,342,Terra,MODIS,67,61.03,304.2,13,D,0
21.2418,79.4116,322.4,1.1,1,2026-04-17,342,Terra,MODIS,60,61.03,308.6,6.7,D,0
21.2522,79.476,326.7,1.1,1,2026-04-17,342,Terra,MODIS,71,61.03,306.4,12.9,D,0
21.2535,79.4657,325.1,1.1,1,2026-04-17,342,Terra,MODIS,68,61.03,305.6,10.8,D,0
21.2905,79.3976,327.2,1.1,1,2026-04-17,342,Terra,MODIS,72,61.03,308.7,12.3,D,0
21.2919,79.3873,327.7,1.1,1,2026-04-17,342,Terra,MODIS,72,61.03,308.7,12.5,D,0
21.2997,79.3989,325.9,1.1,1,2026-04-17,342,Terra,MODIS,54,61.03,307,10.3,D,0
21.3274,79.3885,321,1.1,1,2026-04-17,342,Terra,MODIS,55,61.03,306,6.3,D,0
21.3287,79.3781,326.7,1.1,1,2026-04-17,342,Terra,MODIS,71,61.03,306.4,13,D,0
21.3606,79.2765,324.6,1.1,1.1,2026-04-17,342,Terra,MODIS,67,61.03,310.7,8.9,D,0
21.362,79.266,337,1.1,1.1,2026-04-17,342,Terra,MODIS,84,61.03,311.1,28.1,D,0
13.9827,79.0527,320,1,1,2026-04-17,343,Terra,MODIS,42,61.03,304.5,7.6,D,0
13.9839,79.0436,326.3,1,1,2026-04-17,343,Terra,MODIS,73,61.03,303,15.3,D,0
13.9975,79.2187,321.9,1,1,2026-04-17,343,Terra,MODIS,63,61.03,306.9,8.9,D,0
14.0698,79.0249,318.3,1,1,2026-04-17,343,Terra,MODIS,43,61.03,303.4,5.7,D,0
14.2611,79.377,317.5,1,1,2026-04-17,343,Terra,MODIS,21,61.03,305.3,5.9,D,0
14.3309,78.2723,323.6,1.1,1,2026-04-17,343,Terra,MODIS,66,61.03,309.5,7.8,D,0
14.5631,79.0016,321.7,1,1,2026-04-17,343,Terra,MODIS,63,61.03,306.9,7.6,D,0
14.5681,78.9652,323.9,1,1,2026-04-17,343,Terra,MODIS,55,61.03,307.4,10.9,D,0
14.8384,76.8289,320,1.3,1.1,2026-04-17,343,Terra,MODIS,55,61.03,303,8.6,D,0
14.9851,78.4758,325.9,1.1,1,2026-04-17,343,Terra,MODIS,67,61.03,308.7,10.6,D,0
15.0914,79.3117,319.3,1,1,2026-04-17,343,Terra,MODIS,51,61.03,304.7,4.8,D,0
15.1041,78.2114,322.6,1.1,1,2026-04-17,343,Terra,MODIS,61,61.03,304.9,8.2,D,0
15.1917,78.5826,323.2,1.1,1,2026-04-17,343,Terra,MODIS,64,61.03,302.9,9.9,D,0
15.193,78.573,346,1.1,1,2026-04-17,343,Terra,MODIS,92,61.03,304.2,45.6,D,0
15.533,78.7835,319.2,1,1,2026-04-17,343,Terra,MODIS,48,61.03,303.8,7.4,D,0
15.5572,78.9402,322.5,1,1,2026-04-17,343,Terra,MODIS,63,61.03,307.2,7.3,D,0
15.5596,77.9687,321.1,1.1,1.1,2026-04-17,343,Terra,MODIS,43,61.03,305.3,5.5,D,0
15.6154,77.9762,322.9,1.1,1.1,2026-04-17,343,Terra,MODIS,59,61.03,307.2,7.8,D,0
15.6225,77.9733,327,1.1,1.1,2026-04-17,343,Terra,MODIS,73,61.03,307.7,12.1,D,0
15.6619,78.3732,322.9,1.1,1,2026-04-17,343,Terra,MODIS,64,61.03,304.9,9,D,0
15.7157,78.2495,330.3,1.1,1,2026-04-17,343,Terra,MODIS,77,61.03,309,14.9,D,0
15.7487,78.4119,321.9,1.1,1,2026-04-17,343,Terra,MODIS,59,61.03,304.4,6.5,D,0
15.7812,78.5162,323.5,1.1,1,2026-04-17,343,Terra,MODIS,66,61.03,302.7,10.9,D,0
15.7839,78.4269,324.9,1.1,1,2026-04-17,343,Terra,MODIS,69,61.03,307,9.7,D,0
15.7853,78.417,323.8,1.1,1,2026-04-17,343,Terra,MODIS,66,61.03,307,8.3,D,0
15.8921,78.3776,321.5,1.1,1,2026-04-17,343,Terra,MODIS,51,61.03,305.2,8.3,D,0
16.1097,79.0768,322.1,1,1,2026-04-17,343,Terra,MODIS,67,61.03,305.9,9.3,D,0
16.111,79.0675,322.7,1,1,2026-04-17,343,Terra,MODIS,59,61.03,305.8,9.5,D,0
16.1783,78.713,321.7,1.1,1,2026-04-17,343,Terra,MODIS,66,61.03,302.8,10.9,D,0
16.5081,80.9636,317,1,1,2026-04-17,343,Terra,MODIS,59,61.03,298.6,8.1,D,0
16.637,78.2454,321.5,1.1,1.1,2026-04-17,343,Terra,MODIS,61,61.03,305.2,9.3,D,0
16.6416,80.0988,321.6,1,1,2026-04-17,343,Terra,MODIS,44,61.03,305.9,7.1,D,0
16.6428,80.0897,321.8,1,1,2026-04-17,343,Terra,MODIS,35,61.03,305.2,7.7,D,0
16.6516,80.091,330.9,1,1,2026-04-17,343,Terra,MODIS,81,61.03,305,17.8,D,0
16.6823,79.937,323.4,1,1,2026-04-17,343,Terra,MODIS,70,61.03,307,8.5,D,0
16.9187,80.2239,319.4,1,1,2026-04-17,343,Terra,MODIS,64,61.03,303.7,8,D,0
17.0702,80.1224,320.2,1,1,2026-04-17,343,Terra,MODIS,66,61.03,303.6,9.4,D,0
17.1364,80.3063,316.3,1,1,2026-04-17,343,Terra,MODIS,54,61.03,303,6,D,0
11.3936,76.6173,314.9,1.2,1.1,2026-04-17,344,Terra,MODIS,54,61.03,296,13.5,D,0
11.6041,77.7251,317.9,1.1,1,2026-04-17,344,Terra,MODIS,56,61.03,300.6,7.6,D,0
13.1837,79.8124,315,1,1,2026-04-17,344,Terra,MODIS,21,61.03,300.8,5.2,D,0
13.5929,79.6591,318.2,1,1,2026-04-17,344,Terra,MODIS,59,61.03,299.2,9.4,D,0
13.5935,79.8423,316.8,1,1,2026-04-17,344,Terra,MODIS,46,61.03,303.6,7.7,D,0
13.8967,79.1518,328.6,1,1,2026-04-17,344,Terra,MODIS,66,61.03,307.4,16.1,D,0
13.9055,79.153,338.9,1,1,2026-04-17,344,Terra,MODIS,87,61.03,306.9,29.4,D,0
13.9143,79.1543,323.3,1,1,2026-04-17,344,Terra,MODIS,52,61.03,306,8.2,D,0
13.9169,79.1362,334.8,1,1,2026-04-17,344,Terra,MODIS,83,61.03,308.7,22.7,D,0
13.9219,79.1647,356.5,1,1,2026-04-17,344,Terra,MODIS,98,61.03,310,65.2,D,0
13.9257,79.1374,338.1,1,1,2026-04-17,344,Terra,MODIS,86,61.03,307.5,28,D,0
13.9281,79.1841,318.9,1,1,2026-04-17,344,Terra,MODIS,21,61.03,306.2,5.8,D,0
13.9294,79.175,340.7,1,1,2026-04-17,344,Terra,MODIS,88,61.03,307.4,33.4,D,0
10.4613,77.3208,312.4,1.1,1,2026-04-17,345,Terra,MODIS,48,61.03,290.7,7.2,D,0
10.5789,76.4422,310.9,1.2,1.1,2026-04-17,345,Terra,MODIS,49,61.03,286.8,7.7,D,0
17.9268,94.5431,318.4,3.2,1.7,2026-04-17,816,Aqua,MODIS,47,61.03,292.5,52.3,D,0
18.8361,94.3748,329.6,3.2,1.7,2026-04-17,816,Aqua,MODIS,81,61.03,297.8,118.2,D,0
18.842,94.4047,317.8,3.2,1.7,2026-04-17,816,Aqua,MODIS,55,61.03,295.7,47.8,D,0
18.8687,96.6948,321.7,2.1,1.4,2026-04-17,816,Aqua,MODIS,72,61.03,297,36,D,0
18.8773,96.6726,324.2,2.1,1.4,2026-04-17,816,Aqua,MODIS,75,61.03,296.9,42.2,D,0
19.7044,94.1515,327.4,3.2,1.7,2026-04-17,816,Aqua,MODIS,76,61.03,294.5,98.3,D,0
19.7189,94.1479,327.2,3.2,1.7,2026-04-17,816,Aqua,MODIS,76,61.03,297,98.2,D,0
19.743,96.7015,314.1,2,1.4,2026-04-17,816,Aqua,MODIS,24,61.03,297.5,23.2,D,0
19.8119,96.6363,320.6,2,1.4,2026-04-17,816,Aqua,MODIS,61,61.03,299.5,29.8,D,0
19.8157,96.6568,318.4,2,1.4,2026-04-17,816,Aqua,MODIS,39,61.03,297.6,25.7,D,0
19.8237,93.8985,320.5,3.3,1.7,2026-04-17,816,Aqua,MODIS,61,61.03,296.7,64.3,D,0
19.8243,93.9061,318.2,3.3,1.7,2026-04-17,816,Aqua,MODIS,53,61.03,296.7,49.5,D,0
19.8971,94.0306,326.8,3.2,1.7,2026-04-17,816,Aqua,MODIS,74,61.03,295.8,88.8,D,0
19.8971,94.0348,338.8,3.2,1.7,2026-04-17,816,Aqua,MODIS,87,61.03,296.1,182.6,D,0
19.9027,94.0629,324.6,3.2,1.7,2026-04-17,816,Aqua,MODIS,71,61.03,296.9,80.4,D,0
19.9028,94.0585,329.1,3.2,1.7,2026-04-17,816,Aqua,MODIS,77,61.03,296.8,104.2,D,0
19.9169,93.9028,320.2,3.3,1.7,2026-04-17,816,Aqua,MODIS,59,61.03,296.3,57.7,D,0
19.9178,93.907,322.1,3.3,1.7,2026-04-17,816,Aqua,MODIS,65,61.03,296.5,65.3,D,0
19.9998,94.3129,318.2,3,1.7,2026-04-17,816,Aqua,MODIS,51,61.03,294.8,53.4,D,0
20.4983,96.4643,315.2,2,1.4,2026-04-17,816,Aqua,MODIS,36,61.03,298.5,19.1,D,0
21.7143,92.2767,313.1,3.9,1.8,2026-04-17,817,Aqua,MODIS,31,61.03,287.7,40.1,D,0
21.7219,92.2823,315.2,3.9,1.8,2026-04-17,817,Aqua,MODIS,52,61.03,287.8,50.5,D,0
22.1651,93.233,312.3,3.3,1.7,2026-04-17,817,Aqua,MODIS,24,61.03,288.3,40.2,D,0
22.4822,93.4237,337.5,3.1,1.7,2026-04-17,817,Aqua,MODIS,83,61.03,292.4,193.1,D,0
22.4837,93.4156,327,3.1,1.7,2026-04-17,817,Aqua,MODIS,75,61.03,293.4,117,D,0
22.5033,96.3084,322,1.9,1.3,2026-04-17,817,Aqua,MODIS,65,61.03,297.1,26.7,D,0
22.5601,96.4826,323.7,1.8,1.3,2026-04-17,817,Aqua,MODIS,63,61.03,299.4,33.6,D,0
22.5709,93.39,331.4,3.1,1.7,2026-04-17,817,Aqua,MODIS,0,61.03,288.4,129.3,D,0
22.5732,93.3287,312.4,3.2,1.7,2026-04-17,817,Aqua,MODIS,51,61.03,292.4,35.1,D,0
22.5796,93.3596,311.9,3.1,1.7,2026-04-17,817,Aqua,MODIS,41,61.03,291.3,30.8,D,0
22.585,93.385,328.9,3.1,1.7,2026-04-17,817,Aqua,MODIS,71,61.03,289.9,115.8,D,0
22.5926,93.3582,365,3.1,1.7,2026-04-17,817,Aqua,MODIS,100,61.03,296.8,494,D,0
22.5935,93.3537,354,3.1,1.7,2026-04-17,817,Aqua,MODIS,97,61.03,296.9,345.8,D,0
22.5978,93.3836,354.3,3.1,1.7,2026-04-17,817,Aqua,MODIS,92,61.03,295.3,342,D,0
22.5987,93.3784,362.4,3.1,1.7,2026-04-17,817,Aqua,MODIS,94,61.03,296.4,457.3,D,0
22.6793,92.4217,312.2,3.7,1.8,2026-04-17,817,Aqua,MODIS,21,61.03,288.1,34,D,0
22.7144,93.6523,317.7,3,1.6,2026-04-17,817,Aqua,MODIS,0,61.03,287.2,56.1,D,0
22.7189,93.6744,313.3,3,1.6,2026-04-17,817,Aqua,MODIS,42,61.03,286.5,42.1,D,0
22.755,93.8225,328.9,2.9,1.6,2026-04-17,817,Aqua,MODIS,0,61.03,289.9,100.7,D,0
22.7638,93.8253,311.4,2.9,1.6,2026-04-17,817,Aqua,MODIS,21,61.03,289.2,22.6,D,0
22.9082,93.1555,328.7,3.2,1.7,2026-04-17,817,Aqua,MODIS,76,61.03,297.2,108.8,D,0
22.9083,93.151,323.7,3.2,1.7,2026-04-17,817,Aqua,MODIS,77,61.03,297,83.5,D,0
22.914,93.2498,326.7,3.1,1.7,2026-04-17,817,Aqua,MODIS,0,61.03,285.9,100,D,0
22.9144,93.1861,344.2,3.2,1.7,2026-04-17,817,Aqua,MODIS,92,61.03,297.5,231.8,D,0
22.9147,93.1813,347.6,3.2,1.7,2026-04-17,817,Aqua,MODIS,94,61.03,297.9,273.6,D,0
22.9225,93.151,324.8,3.2,1.7,2026-04-17,817,Aqua,MODIS,78,61.03,292.7,89.7,D,0
22.9228,93.1473,319.1,3.2,1.7,2026-04-17,817,Aqua,MODIS,65,61.03,292.5,58.3,D,0
22.9296,93.1865,331.2,3.2,1.7,2026-04-17,817,Aqua,MODIS,84,61.03,291.8,129.4,D,0
22.9302,93.1828,328.3,3.2,1.7,2026-04-17,817,Aqua,MODIS,81,61.03,291.2,109.6,D,0
23.0004,93.7564,311.5,2.9,1.6,2026-04-17,817,Aqua,MODIS,45,61.03,293.3,30,D,0
23.0415,93.4303,312,3,1.7,2026-04-17,817,Aqua,MODIS,49,61.03,291.5,33,D,0
23.0445,93.4236,313.3,3,1.7,2026-04-17,817,Aqua,MODIS,59,61.03,290.3,36.6,D,0
23.1137,91.7886,310.1,4,1.9,2026-04-17,817,Aqua,MODIS,50,61.03,293.6,29.7,D,0
23.1207,94.565,314.4,2.5,1.5,2026-04-17,817,Aqua,MODIS,57,61.03,295.3,18.6,D,0
23.1637,96.343,316.1,1.8,1.3,2026-04-17,817,Aqua,MODIS,66,61.03,297.8,10.5,D,0
23.1766,91.7296,311,4,1.9,2026-04-17,817,Aqua,MODIS,52,61.03,294.1,33.7,D,0
23.2174,96.3262,315.4,1.8,1.3,2026-04-17,817,Aqua,MODIS,66,61.03,298.2,12.4,D,0
23.2363,92.419,313.6,3.6,1.8,2026-04-17,817,Aqua,MODIS,44,61.03,294.2,42.3,D,0
23.2478,92.4084,310.3,3.6,1.8,2026-04-17,817,Aqua,MODIS,42,61.03,291.6,26.9,D,0
23.3016,92.3606,316.1,3.6,1.8,2026-04-17,817,Aqua,MODIS,52,61.03,294.4,52.8,D,0
23.3126,92.3536,341.8,3.6,1.8,2026-04-17,817,Aqua,MODIS,91,61.03,292.7,256.5,D,0
23.3167,92.3564,338.2,3.6,1.8,2026-04-17,817,Aqua,MODIS,89,61.03,292.3,216.6,D,0
23.3326,92.2362,326.9,3.6,1.8,2026-04-17,817,Aqua,MODIS,75,61.03,292.9,110.9,D,0
23.3371,92.2428,334.6,3.6,1.8,2026-04-17,817,Aqua,MODIS,87,61.03,292.9,177.7,D,0
23.3421,91.6354,315.5,4,1.9,2026-04-17,817,Aqua,MODIS,68,61.03,294.5,61.2,D,0
23.3509,91.6371,315.7,4,1.9,2026-04-17,817,Aqua,MODIS,68,61.03,294,61.1,D,0
23.3705,92.2621,323.5,3.6,1.8,2026-04-17,817,Aqua,MODIS,69,61.03,294.2,89.2,D,0
23.3747,92.2683,323,3.6,1.8,2026-04-17,817,Aqua,MODIS,77,61.03,294.2,88.1,D,0
23.3945,92.1488,312.5,3.7,1.8,2026-04-17,817,Aqua,MODIS,53,61.03,293.4,35.7,D,0
23.4357,92.0617,313.4,3.7,1.8,2026-04-17,817,Aqua,MODIS,63,61.03,293,45.5,D,0
23.7139,91.7506,312.6,3.9,1.8,2026-04-17,817,Aqua,MODIS,59,61.03,294.3,37.4,D,0
23.7213,91.7852,312,3.8,1.8,2026-04-17,817,Aqua,MODIS,58,61.03,294.6,35,D,0
23.7222,91.7441,335.2,3.9,1.8,2026-04-17,817,Aqua,MODIS,88,61.03,292.7,211.2,D,0
23.7298,91.7785,376.6,3.8,1.8,2026-04-17,817,Aqua,MODIS,100,61.03,296.4,943.3,D,0
23.7369,91.781,371.3,3.8,1.8,2026-04-17,817,Aqua,MODIS,100,61.03,295.2,805.7,D,0
23.7412,92.3924,315.2,3.5,1.8,2026-04-17,817,Aqua,MODIS,67,61.03,295.4,52.1,D,0
23.7481,92.4247,311.3,3.4,1.7,2026-04-17,817,Aqua,MODIS,49,61.03,295,35.5,D,0
23.7846,91.7262,326.7,3.9,1.8,2026-04-17,817,Aqua,MODIS,81,61.03,293.9,136.7,D,0
23.7935,91.717,316.5,3.9,1.8,2026-04-17,817,Aqua,MODIS,39,61.03,293.6,57.8,D,0
23.8074,91.8319,324,3.8,1.8,2026-04-17,817,Aqua,MODIS,79,61.03,293.9,109.8,D,0
23.8165,93.6529,313,2.8,1.6,2026-04-17,817,Aqua,MODIS,57,61.03,289.6,39.1,D,0
23.8901,93.6246,319.9,2.8,1.6,2026-04-17,817,Aqua,MODIS,64,61.03,290.9,66.4,D,0
23.8943,93.6453,311.8,2.8,1.6,2026-04-17,817,Aqua,MODIS,50,61.03,293.4,35,D,0
23.9869,96.9752,314.3,1.6,1.2,2026-04-17,817,Aqua,MODIS,47,61.03,299.1,10.4,D,0
24.0243,96.9979,326,1.6,1.2,2026-04-17,817,Aqua,MODIS,77,61.03,298.8,29.5,D,0
24.0268,96.9922,320.7,1.6,1.2,2026-04-17,817,Aqua,MODIS,74,61.03,298.5,21,D,0
24.1388,93.3351,307.8,2.9,1.6,2026-04-17,817,Aqua,MODIS,13,61.03,291.4,21,D,0
24.1431,93.3273,314.5,2.9,1.6,2026-04-17,817,Aqua,MODIS,66,61.03,292.3,47,D,0
24.2403,93.4447,354.7,2.8,1.6,2026-04-17,817,Aqua,MODIS,97,61.03,295.3,315.3,D,0
24.2451,93.4397,341.1,2.8,1.6,2026-04-17,817,Aqua,MODIS,86,61.03,295.2,189.1,D,0
24.2502,93.4639,317.2,2.8,1.6,2026-04-17,817,Aqua,MODIS,67,61.03,292.9,52.3,D,0
24.3512,94.3312,321.4,2.4,1.5,2026-04-17,817,Aqua,MODIS,55,61.03,294.4,51.4,D,0
24.3532,94.3372,328.8,2.4,1.5,2026-04-17,817,Aqua,MODIS,83,61.03,294.1,80.6,D,0
24.3555,94.3524,322.1,2.4,1.5,2026-04-17,817,Aqua,MODIS,70,61.03,289.1,54,D,0
24.4366,96.7692,313.8,1.6,1.2,2026-04-17,817,Aqua,MODIS,58,61.03,299.9,9.8,D,0
24.3696,92.6493,313.7,3.2,1.7,2026-04-17,818,Aqua,MODIS,66,61.03,294.7,39.8,D,0
24.3699,92.6418,314.5,3.2,1.7,2026-04-17,818,Aqua,MODIS,67,61.03,294.5,42.9,D,0
24.3981,93.1628,308.8,2.9,1.6,2026-04-17,818,Aqua,MODIS,49,61.03,292.9,19,D,0
24.4012,93.1568,307.5,2.9,1.6,2026-04-17,818,Aqua,MODIS,36,61.03,291.8,15.2,D,0
24.4069,93.1838,312,2.9,1.6,2026-04-17,818,Aqua,MODIS,62,61.03,293.9,30,D,0
24.4394,93.294,317.1,2.9,1.6,2026-04-17,818,Aqua,MODIS,59,61.03,294.6,43.9,D,0
24.4434,93.288,313,2.9,1.6,2026-04-17,818,Aqua,MODIS,50,61.03,294.7,31,D,0
24.4932,93.0077,324.1,3,1.6,2026-04-17,818,Aqua,MODIS,79,61.03,292.5,78.6,D,0
24.4986,93.0335,345.7,3,1.6,2026-04-17,818,Aqua,MODIS,93,61.03,294.3,234.9,D,0
24.5643,93.4547,337.4,2.8,1.6,2026-04-17,818,Aqua,MODIS,89,61.03,294.1,154.5,D,0
24.8991,93.1651,310.7,2.9,1.6,2026-04-17,818,Aqua,MODIS,50,61.03,294.1,20.9,D,0
25.2919,96.7231,310.4,1.6,1.2,2026-04-17,818,Aqua,MODIS,56,61.03,297.7,7.9,D,0
25.5442,96.2669,316.4,1.7,1.3,2026-04-17,818,Aqua,MODIS,56,61.03,297.6,14.9,D,0
25.8655,91.2876,314.7,3.7,1.8,2026-04-17,818,Aqua,MODIS,64,61.03,292.5,49.9,D,0
25.959,91.5846,312,3.5,1.8,2026-04-17,818,Aqua,MODIS,62,61.03,292.7,40.5,D,0
26.0837,93.4117,313.7,2.6,1.5,2026-04-17,818,Aqua,MODIS,65,61.03,291.7,31.7,D,0
26.1268,94.1522,312,2.3,1.5,2026-04-17,818,Aqua,MODIS,65,61.03,293.7,22,D,0
26.1309,94.1726,312.7,2.3,1.5,2026-04-17,818,Aqua,MODIS,67,61.03,293.8,23.5,D,0
26.2381,94.0408,311.3,2.3,1.5,2026-04-17,818,Aqua,MODIS,30,61.03,294.5,15.2,D,0
26.2389,94.0458,312.8,2.3,1.5,2026-04-17,818,Aqua,MODIS,66,61.03,294.4,20.7,D,0
26.2483,94.1595,309.7,2.3,1.5,2026-04-17,818,Aqua,MODIS,43,61.03,294.2,14.7,D,0
26.2524,94.1802,311,2.2,1.5,2026-04-17,818,Aqua,MODIS,58,61.03,294.2,17.9,D,0
26.2649,94.1773,315,2.2,1.5,2026-04-17,818,Aqua,MODIS,71,61.03,293.9,27.9,D,0
26.3959,93.6381,307.2,2.4,1.5,2026-04-17,818,Aqua,MODIS,36,61.03,290.2,13.8,D,0
26.4157,94.2592,315.1,2.2,1.4,2026-04-17,818,Aqua,MODIS,65,61.03,292.6,25.2,D,0
26.428,94.2557,314.7,2.2,1.4,2026-04-17,818,Aqua,MODIS,61,61.03,293.6,24.6,D,0
26.4863,93.1721,314.7,2.6,1.6,2026-04-17,818,Aqua,MODIS,66,61.03,293.4,32.7,D,0
26.5237,94.335,310.7,2.2,1.4,2026-04-17,818,Aqua,MODIS,60,61.03,293.8,15.4,D,0
26.5373,93.4179,316.6,2.5,1.5,2026-04-17,818,Aqua,MODIS,48,61.03,290.2,35.9,D,0
26.55,93.6115,310.4,2.4,1.5,2026-04-17,818,Aqua,MODIS,54,61.03,293.9,18.1,D,0
26.5546,93.6341,310.8,2.4,1.5,2026-04-17,818,Aqua,MODIS,56,61.03,294.2,17.7,D,0
28.0122,94.5923,324.4,1.9,1.4,2026-04-17,818,Aqua,MODIS,75,61.03,293.8,46.4,D,0
8.0921,81.0659,325.3,1,1,2026-04-17,951,Aqua,MODIS,76,61.03,303.8,12,D,0
10.3288,77.3987,313.8,1.3,1.1,2026-04-17,952,Aqua,MODIS,13,61.03,291.1,10.1,D,0
10.3306,77.4101,326.8,1.2,1.1,2026-04-17,952,Aqua,MODIS,77,61.03,296,27.6,D,0
11.7954,77.1835,326.6,1.2,1.1,2026-04-17,952,Aqua,MODIS,74,61.03,305.4,24.6,D,0
11.797,77.194,319.6,1.2,1.1,2026-04-17,952,Aqua,MODIS,59,61.03,304,13.6,D,0
12.0281,78.69,330.2,1,1,2026-04-17,952,Aqua,MODIS,60,61.03,307.4,18.1,D,0
12.3446,77.8552,326,1.1,1.1,2026-04-17,952,Aqua,MODIS,67,61.03,308.5,15.3,D,0
12.3538,77.8538,343.1,1.1,1.1,2026-04-17,952,Aqua,MODIS,89,61.03,309.6,43.7,D,0
12.3616,77.8431,347.3,1.1,1.1,2026-04-17,952,Aqua,MODIS,92,61.03,309.9,52.6,D,0
12.363,77.8524,353.5,1.1,1.1,2026-04-17,952,Aqua,MODIS,96,61.03,310.9,67.9,D,0
12.3707,77.8416,335.2,1.1,1.1,2026-04-17,952,Aqua,MODIS,83,61.03,307,28.8,D,0
12.3722,77.851,339.2,1.1,1.1,2026-04-17,952,Aqua,MODIS,86,61.03,309.5,36.3,D,0
12.3952,77.8169,322.5,1.1,1.1,2026-04-17,952,Aqua,MODIS,52,61.03,308.7,9.5,D,0
13.1165,78.177,322.4,1.1,1,2026-04-17,953,Aqua,MODIS,64,61.03,305.3,7.4,D,0
13.3557,78.2903,339.6,1.1,1,2026-04-17,953,Aqua,MODIS,87,61.03,292,37.7,D,0
13.5952,79.6526,323.1,1,1,2026-04-17,953,Aqua,MODIS,68,61.03,307.8,9.3,D,0
13.8385,78.4864,331,1,1,2026-04-17,953,Aqua,MODIS,72,61.03,305.7,15.3,D,0
13.9129,79.1612,356.8,1,1,2026-04-17,953,Aqua,MODIS,98,61.03,314,63.7,D,0
13.9143,79.1702,340.1,1,1,2026-04-17,953,Aqua,MODIS,77,61.03,311.8,28.5,D,0
13.9243,79.1778,340.7,1,1,2026-04-17,953,Aqua,MODIS,87,61.03,314.4,28.8,D,0
13.982,79.2051,330.1,1,1,2026-04-17,953,Aqua,MODIS,71,61.03,313.6,10.6,D,0
13.9833,79.2141,331.3,1,1,2026-04-17,953,Aqua,MODIS,77,61.03,313.5,12.4,D,0
13.9895,79.0507,348,1,1,2026-04-17,953,Aqua,MODIS,92,61.03,313.6,41.4,D,0
13.9908,79.0596,335,1,1,2026-04-17,953,Aqua,MODIS,61,61.03,314.5,18.7,D,0
13.9921,79.2127,328.3,1,1,2026-04-17,953,Aqua,MODIS,40,61.03,313,8.5,D,0
14.0419,79.0423,328.5,1,1,2026-04-17,953,Aqua,MODIS,67,61.03,314.4,9.7,D,0
14.0513,79.4075,327.7,1,1,2026-04-17,953,Aqua,MODIS,69,61.03,309,12.7,D,0
14.0784,79.0306,332.1,1,1,2026-04-17,953,Aqua,MODIS,74,61.03,312.4,13.7,D,0
14.1484,77.6078,334,1.1,1,2026-04-17,953,Aqua,MODIS,78,61.03,315.3,17.7,D,0
14.2578,79.3719,355.2,1,1,2026-04-17,953,Aqua,MODIS,97,61.03,314.2,58,D,0
14.3119,78.9352,332,1,1,2026-04-17,953,Aqua,MODIS,74,61.03,311,16,D,0
14.3378,79.1701,326.5,1,1,2026-04-17,953,Aqua,MODIS,61,61.03,311.7,7.6,D,0
14.3391,79.1791,326.7,1,1,2026-04-17,953,Aqua,MODIS,58,61.03,311.6,7.8,D,0
14.3405,78.8038,351.7,1,1,2026-04-17,953,Aqua,MODIS,94,61.03,317.7,47.9,D,0
14.3433,78.9421,325.9,1,1,2026-04-17,953,Aqua,MODIS,56,61.03,308.9,7.3,D,0
14.3473,79.1135,333.3,1,1,2026-04-17,953,Aqua,MODIS,77,61.03,311.4,17.3,D,0
14.3486,79.1226,335.1,1,1,2026-04-17,953,Aqua,MODIS,79,61.03,309.7,20.5,D,0
14.4032,79.3459,341.1,1,1,2026-04-17,953,Aqua,MODIS,86,61.03,309.8,31.3,D,0
14.4563,78.2854,337,1,1,2026-04-17,953,Aqua,MODIS,81,61.03,316.8,16.2,D,0
14.5178,79.2579,324.5,1,1,2026-04-17,953,Aqua,MODIS,34,61.03,312.4,7.4,D,0
14.5242,78.9748,339.1,1,1,2026-04-17,953,Aqua,MODIS,84,61.03,311.7,25.5,D,0
14.5551,78.9423,341.6,1,1,2026-04-17,953,Aqua,MODIS,80,61.03,311.7,30.3,D,0
14.5565,78.9513,339.5,1,1,2026-04-17,953,Aqua,MODIS,72,61.03,313.5,25.6,D,0
14.5639,78.9409,343.8,1,1,2026-04-17,953,Aqua,MODIS,84,61.03,311.2,34.9,D,0
14.5652,78.95,347,1,1,2026-04-17,953,Aqua,MODIS,91,61.03,312.3,39.9,D,0
14.5706,78.9858,324.6,1,1,2026-04-17,953,Aqua,MODIS,29,61.03,310.8,5.8,D,0
14.5753,78.9575,330.3,1,1,2026-04-17,953,Aqua,MODIS,48,61.03,310.6,14.1,D,0
14.5766,78.9664,333.4,1,1,2026-04-17,953,Aqua,MODIS,74,61.03,312.1,17.6,D,0
14.578,78.9755,328.5,1,1,2026-04-17,953,Aqua,MODIS,29,61.03,311.3,10.5,D,0
14.6508,78.9671,332.3,1,1,2026-04-17,953,Aqua,MODIS,74,61.03,312.7,16.3,D,0
14.6711,78.8625,327.8,1,1,2026-04-17,953,Aqua,MODIS,59,61.03,313.2,9.5,D,0
14.6754,79.1931,335.2,1,1,2026-04-17,953,Aqua,MODIS,78,61.03,314.2,19.6,D,0
14.8556,79.1616,357.7,1,1,2026-04-17,953,Aqua,MODIS,98,61.03,310.9,66.7,D,0
14.9913,79.0874,335.2,1,1,2026-04-17,953,Aqua,MODIS,78,61.03,312.5,19.7,D,0
14.9926,79.0963,325.6,1,1,2026-04-17,953,Aqua,MODIS,44,61.03,312.3,7.6,D,0
15.0664,78.2194,329.9,1,1,2026-04-17,953,Aqua,MODIS,63,61.03,315.5,9,D,0
15.1141,78.7881,329,1,1,2026-04-17,953,Aqua,MODIS,63,61.03,311.1,12.4,D,0
15.1171,78.1351,332,1,1,2026-04-17,953,Aqua,MODIS,68,61.03,317.1,9.5,D,0
15.1228,78.7867,326.9,1,1,2026-04-17,953,Aqua,MODIS,46,61.03,310.1,9.9,D,0
15.1895,78.6775,326.8,1,1,2026-04-17,953,Aqua,MODIS,51,61.03,313.1,9.2,D,0
15.3038,78.2063,331.5,1,1,2026-04-17,953,Aqua,MODIS,57,61.03,315.4,14.5,D,0
15.3903,79.0858,327.9,1,1,2026-04-17,953,Aqua,MODIS,64,61.03,313,9.6,D,0
15.3917,79.0948,328.7,1,1,2026-04-17,953,Aqua,MODIS,66,61.03,313,10.5,D,0
15.451,78.7465,333.8,1,1,2026-04-17,953,Aqua,MODIS,77,61.03,311.5,18.8,D,0
15.4691,78.8084,327.5,1,1,2026-04-17,953,Aqua,MODIS,51,61.03,310.7,10.4,D,0
15.4778,78.807,327.1,1,1,2026-04-17,953,Aqua,MODIS,63,61.03,311.9,10.1,D,0
15.4968,78.6777,323.4,1,1,2026-04-17,953,Aqua,MODIS,25,61.03,308.8,8.1,D,0
15.5534,78.8169,333.7,1,1,2026-04-17,953,Aqua,MODIS,77,61.03,311,19.1,D,0
15.5547,78.8259,327.5,1,1,2026-04-17,953,Aqua,MODIS,64,61.03,310.9,10.6,D,0
15.5614,78.7508,334.3,1,1,2026-04-17,953,Aqua,MODIS,78,61.03,311.3,19.8,D,0
15.6673,78.4609,328.3,1,1,2026-04-17,953,Aqua,MODIS,51,61.03,313,7.7,D,0
15.7023,78.4552,334.6,1,1,2026-04-17,953,Aqua,MODIS,78,61.03,314.7,14.5,D,0
15.7158,78.425,349.3,1,1,2026-04-17,953,Aqua,MODIS,93,61.03,315.8,40.8,D,0
15.7171,78.4341,336.3,1,1,2026-04-17,953,Aqua,MODIS,80,61.03,314.2,16.5,D,0
15.7246,78.4236,333.7,1,1,2026-04-17,953,Aqua,MODIS,76,61.03,312.9,13.2,D,0
15.7323,78.7758,325.2,1,1,2026-04-17,953,Aqua,MODIS,41,61.03,309.9,9.4,D,0
15.7397,78.7654,330.7,1,1,2026-04-17,953,Aqua,MODIS,70,61.03,308.9,15.6,D,0
15.741,78.7744,327.3,1,1,2026-04-17,953,Aqua,MODIS,50,61.03,309.4,11.6,D,0
15.7856,78.5099,343.6,1,1,2026-04-17,953,Aqua,MODIS,88,61.03,314.5,31.1,D,0
15.9008,78.4853,337.2,1,1,2026-04-17,953,Aqua,MODIS,81,61.03,315.7,17,D,0
15.9232,78.816,326,1,1,2026-04-17,953,Aqua,MODIS,55,61.03,310.3,10.7,D,0
16.0767,77.5061,332.3,1.1,1,2026-04-17,953,Aqua,MODIS,74,61.03,317,12.1,D,0
16.1012,80.0431,327.6,1,1,2026-04-17,953,Aqua,MODIS,68,61.03,308.9,10.4,D,0
16.1019,79.0948,333.9,1,1,2026-04-17,953,Aqua,MODIS,38,61.03,312,15.8,D,0
16.1071,79.0513,338.3,1,1,2026-04-17,953,Aqua,MODIS,84,61.03,312.3,24.5,D,0
16.1198,79.077,333.3,1,1,2026-04-17,953,Aqua,MODIS,65,61.03,313.8,14.2,D,0
16.1211,79.086,331.4,1,1,2026-04-17,953,Aqua,MODIS,63,61.03,314.8,11.7,D,0
16.1665,78.7026,324.8,1,1,2026-04-17,953,Aqua,MODIS,43,61.03,308,10.4,D,0
16.5072,79.6471,327.2,1,1,2026-04-17,953,Aqua,MODIS,66,61.03,309.5,11.9,D,0
16.5085,79.6562,327.6,1,1,2026-04-17,953,Aqua,MODIS,67,61.03,310.3,11.9,D,0
16.525,79.8988,328.8,1,1,2026-04-17,953,Aqua,MODIS,71,61.03,312.3,11.1,D,0
16.5654,79.5387,327.2,1,1,2026-04-17,953,Aqua,MODIS,64,61.03,312.4,7.3,D,0
16.5762,80.1969,328.8,1,1,2026-04-17,953,Aqua,MODIS,67,61.03,311.7,9.5,D,0
16.0131,74.0993,324.5,1.7,1.3,2026-04-17,954,Aqua,MODIS,64,61.03,304.2,26.6,D,0
16.0156,74.1138,321.2,1.7,1.3,2026-04-17,954,Aqua,MODIS,49,61.03,301.8,18.1,D,0
16.8739,78.7496,348,1,1,2026-04-17,954,Aqua,MODIS,92,61.03,317.6,35.9,D,0
17.1456,81.8204,324,1.2,1.1,2026-04-17,954,Aqua,MODIS,67,61.03,306.6,13.5,D,0
17.322,81.6108,318.2,1.2,1.1,2026-04-17,954,Aqua,MODIS,32,61.03,302.2,9.2,D,0
17.3401,82.4646,317.4,1.4,1.2,2026-04-17,954,Aqua,MODIS,34,61.03,301.6,9.8,D,0
17.3451,81.35,324.3,1.2,1.1,2026-04-17,954,Aqua,MODIS,61,61.03,304.3,12.3,D,0
17.3491,81.3439,323.3,1.2,1.1,2026-04-17,954,Aqua,MODIS,65,61.03,305,12.4,D,0
17.3595,81.2773,320.5,1.2,1.1,2026-04-17,954,Aqua,MODIS,40,61.03,305.3,7.1,D,0
17.3622,81.5468,328.3,1.2,1.1,2026-04-17,954,Aqua,MODIS,75,61.03,302.8,21,D,0
17.3717,81.5453,320.1,1.2,1.1,2026-04-17,954,Aqua,MODIS,38,61.03,302.6,9.2,D,0
17.3732,81.5561,320.6,1.2,1.1,2026-04-17,954,Aqua,MODIS,47,61.03,302.1,9.6,D,0
17.3779,81.4163,319.7,1.2,1.1,2026-04-17,954,Aqua,MODIS,50,61.03,303.4,8.9,D,0
17.3868,81.3382,319.3,1.2,1.1,2026-04-17,954,Aqua,MODIS,43,61.03,304.1,7.8,D,0
17.3882,81.3486,322.9,1.2,1.1,2026-04-17,954,Aqua,MODIS,64,61.03,303.5,12.7,D,0
17.4823,81.8336,322.1,1.3,1.1,2026-04-17,954,Aqua,MODIS,63,61.03,303.3,12.2,D,0
17.4994,81.5598,325.7,1.2,1.1,2026-04-17,954,Aqua,MODIS,70,61.03,304.2,17.6,D,0
17.5177,81.6246,319,1.2,1.1,2026-04-17,954,Aqua,MODIS,36,61.03,302,10,D,0
17.5274,81.6234,321,1.2,1.1,2026-04-17,954,Aqua,MODIS,57,61.03,302.4,13.3,D,0
17.5319,81.5107,331.7,1.2,1.1,2026-04-17,954,Aqua,MODIS,79,61.03,305.7,26.3,D,0
17.5709,81.41,326,1.2,1.1,2026-04-17,954,Aqua,MODIS,70,61.03,306.3,15.1,D,0
17.5781,81.464,320.8,1.2,1.1,2026-04-17,954,Aqua,MODIS,25,61.03,306.1,8.3,D,0
17.5979,81.54,321.8,1.2,1.1,2026-04-17,954,Aqua,MODIS,41,61.03,304.7,11.1,D,0
17.6308,79.3622,327.2,1,1,2026-04-17,954,Aqua,MODIS,69,61.03,310.3,8.7,D,0
17.6866,81.2207,321.3,1.2,1.1,2026-04-17,954,Aqua,MODIS,41,61.03,306.2,7,D,0
17.6935,80.1356,328.3,1.1,1,2026-04-17,954,Aqua,MODIS,68,61.03,309.7,11.4,D,0
17.6948,80.1453,340.8,1.1,1,2026-04-17,954,Aqua,MODIS,86,61.03,308.5,31.9,D,0
17.702,81.5519,321.9,1.2,1.1,2026-04-17,954,Aqua,MODIS,58,61.03,306.6,9.4,D,0
17.7478,81.6008,320.2,1.2,1.1,2026-04-17,954,Aqua,MODIS,24,61.03,305.3,8.1,D,0
17.7514,81.6058,323.6,1.2,1.1,2026-04-17,954,Aqua,MODIS,53,61.03,305.7,13.3,D,0
17.7931,80.3927,325,1.1,1,2026-04-17,954,Aqua,MODIS,59,61.03,307.7,7.7,D,0
17.8213,81.6883,321.5,1.2,1.1,2026-04-17,954,Aqua,MODIS,48,61.03,306.4,9.6,D,0
17.8269,80.2374,329.2,1.1,1,2026-04-17,954,Aqua,MODIS,71,61.03,308.7,13.8,D,0
17.827,80.642,341,1.1,1,2026-04-17,954,Aqua,MODIS,87,61.03,308.5,34.2,D,0
17.8282,80.247,324.5,1.1,1,2026-04-17,954,Aqua,MODIS,56,61.03,307.8,8,D,0
17.8504,80.6078,322.3,1.1,1,2026-04-17,954,Aqua,MODIS,27,61.03,306.1,5,D,0
17.8536,80.7001,324.2,1.1,1.1,2026-04-17,954,Aqua,MODIS,58,61.03,308,9.6,D,0
17.8582,81.7421,326,1.3,1.1,2026-04-17,954,Aqua,MODIS,67,61.03,307.3,16.7,D,0
17.8597,81.753,321.8,1.3,1.1,2026-04-17,954,Aqua,MODIS,31,61.03,305.9,10,D,0
17.8723,80.5636,325.3,1.1,1,2026-04-17,954,Aqua,MODIS,37,61.03,308.4,7.7,D,0
17.8912,81.8941,331.2,1.3,1.1,2026-04-17,954,Aqua,MODIS,77,61.03,306.3,28,D,0
17.9201,81.963,321.6,1.3,1.1,2026-04-17,954,Aqua,MODIS,55,61.03,304.1,14.1,D,0
17.9331,81.9854,321.2,1.3,1.1,2026-04-17,954,Aqua,MODIS,53,61.03,304.2,13.9,D,0
17.948,81.1861,325.8,1.2,1.1,2026-04-17,954,Aqua,MODIS,66,61.03,308.3,12.8,D,0
17.9712,81.9682,334.4,1.3,1.1,2026-04-17,954,Aqua,MODIS,81,61.03,305.3,35,D,0
17.9728,80.4947,324.2,1.1,1,2026-04-17,954,Aqua,MODIS,46,61.03,306.5,9.1,D,0
17.9916,81.8883,331.9,1.3,1.1,2026-04-17,954,Aqua,MODIS,0,61.03,307.4,28.1,D,0
17.9945,82.069,322.3,1.3,1.1,2026-04-17,954,Aqua,MODIS,44,61.03,305.8,11.1,D,0
17.9954,82.0747,321.8,1.3,1.1,2026-04-17,954,Aqua,MODIS,46,61.03,305.9,10,D,0
18.0164,81.8473,323.3,1.3,1.1,2026-04-17,954,Aqua,MODIS,54,61.03,304.9,12.5,D,0
18.0183,82.0173,325.4,1.3,1.1,2026-04-17,954,Aqua,MODIS,65,61.03,306.4,16.4,D,0
18.0535,81.901,331.2,1.3,1.1,2026-04-17,954,Aqua,MODIS,77,61.03,305.9,27,D,0
18.0551,81.9129,324.2,1.3,1.1,2026-04-17,954,Aqua,MODIS,63,61.03,304.8,14.6,D,0
18.0745,82.2953,325.8,1.4,1.2,2026-04-17,954,Aqua,MODIS,69,61.03,307.1,17.6,D,0
18.0807,81.9386,325.6,1.3,1.1,2026-04-17,954,Aqua,MODIS,67,61.03,306,17.4,D,0
18.0887,81.8441,321.6,1.3,1.1,2026-04-17,954,Aqua,MODIS,44,61.03,306.4,7.6,D,0
18.0954,81.9745,322.7,1.3,1.1,2026-04-17,954,Aqua,MODIS,57,61.03,306.7,13,D,0
18.2263,81.7168,322.6,1.3,1.1,2026-04-17,954,Aqua,MODIS,52,61.03,306.8,10.6,D,0
18.2481,81.1064,328.7,1.2,1.1,2026-04-17,954,Aqua,MODIS,71,61.03,311,12.7,D,0
18.2937,82.1694,332,1.4,1.2,2026-04-17,954,Aqua,MODIS,77,61.03,306.3,28.9,D,0
18.2952,82.1813,324.1,1.4,1.2,2026-04-17,954,Aqua,MODIS,57,61.03,306.2,13.8,D,0
18.3118,81.2956,321.9,1.2,1.1,2026-04-17,954,Aqua,MODIS,31,61.03,306.5,8.9,D,0
18.323,80.1547,327.1,1.1,1,2026-04-17,954,Aqua,MODIS,68,61.03,311.5,9.2,D,0
18.3461,80.7191,327.7,1.1,1.1,2026-04-17,954,Aqua,MODIS,49,61.03,311.5,10.6,D,0
18.3474,80.729,326,1.1,1.1,2026-04-17,954,Aqua,MODIS,19,61.03,308,9.1,D,0
18.4909,81.2572,327.9,1.2,1.1,2026-04-17,954,Aqua,MODIS,58,61.03,306.4,16.9,D,0
18.5248,81.1781,324.7,1.2,1.1,2026-04-17,954,Aqua,MODIS,43,61.03,305.3,11.1,D,0
18.5447,81.1085,326.3,1.2,1.1,2026-04-17,954,Aqua,MODIS,65,61.03,304.5,14.1,D,0
18.5796,81.0812,323.3,1.2,1.1,2026-04-17,954,Aqua,MODIS,51,61.03,305.5,10.1,D,0
18.6006,81.166,337.5,1.2,1.1,2026-04-17,954,Aqua,MODIS,83,61.03,303.9,35.8,D,0
18.6076,81.0385,325.4,1.2,1.1,2026-04-17,954,Aqua,MODIS,51,61.03,306.5,10.3,D,0
18.6217,81.1465,327.4,1.2,1.1,2026-04-17,954,Aqua,MODIS,42,61.03,305.3,14.4,D,0
18.6298,81.1343,328.7,1.2,1.1,2026-04-17,954,Aqua,MODIS,58,61.03,305.7,16.3,D,0
18.6312,81.1451,338.5,1.2,1.1,2026-04-17,954,Aqua,MODIS,85,61.03,305.7,35.1,D,0
18.6326,81.1554,325.4,1.2,1.1,2026-04-17,954,Aqua,MODIS,35,61.03,303.5,13.9,D,0
18.6393,81.1327,323.4,1.2,1.1,2026-04-17,954,Aqua,MODIS,27,61.03,304.5,10.2,D,0
18.6649,81.9548,322.9,1.3,1.1,2026-04-17,954,Aqua,MODIS,56,61.03,304.5,12.3,D,0
18.6713,81.0835,335.8,1.2,1.1,2026-04-17,954,Aqua,MODIS,82,61.03,304.5,30.9,D,0
18.6735,81.1717,330.9,1.2,1.1,2026-04-17,954,Aqua,MODIS,75,61.03,306.6,22.1,D,0
18.6742,80.9128,326.3,1.2,1.1,2026-04-17,954,Aqua,MODIS,57,61.03,308.6,8.9,D,0
18.6748,81.1815,327.9,1.2,1.1,2026-04-17,954,Aqua,MODIS,70,61.03,306.5,18,D,0
18.7076,81.0937,324.1,1.2,1.1,2026-04-17,954,Aqua,MODIS,60,61.03,304.6,10.7,D,0
18.7109,81.1932,322.3,1.2,1.1,2026-04-17,954,Aqua,MODIS,22,61.03,303.3,12.7,D,0
18.7147,81.1484,322.3,1.2,1.1,2026-04-17,954,Aqua,MODIS,34,61.03,304.4,9.4,D,0
18.76,81.1974,324.8,1.2,1.1,2026-04-17,954,Aqua,MODIS,63,61.03,303.7,13.5,D,0
18.7652,81.9467,325,1.3,1.1,2026-04-17,954,Aqua,MODIS,63,61.03,304.3,17.4,D,0
18.8259,81.2256,322.7,1.2,1.1,2026-04-17,954,Aqua,MODIS,36,61.03,304.1,10.6,D,0
18.9169,79.8404,326.7,1.1,1,2026-04-17,954,Aqua,MODIS,49,61.03,307.5,8.9,D,0
19.0074,78.7944,336.9,1,1,2026-04-17,954,Aqua,MODIS,85,61.03,315.9,20.1,D,0
19.0192,79.7201,327.8,1,1,2026-04-17,954,Aqua,MODIS,42,61.03,310,9,D,0
19.0511,79.2235,334.8,1,1,2026-04-17,954,Aqua,MODIS,83,61.03,309.9,19.1,D,0
19.0937,79.3322,328,1,1,2026-04-17,954,Aqua,MODIS,54,61.03,307.4,17.1,D,0
19.095,79.3416,327.1,1,1,2026-04-17,954,Aqua,MODIS,36,61.03,307.4,14.8,D,0
19.1514,78.5138,322.1,1,1,2026-04-17,954,Aqua,MODIS,25,61.03,298.8,7.8,D,0
19.1699,78.8881,331.4,1,1,2026-04-17,954,Aqua,MODIS,81,61.03,307.9,14.5,D,0
19.1787,78.8867,337.1,1,1,2026-04-17,954,Aqua,MODIS,86,61.03,307.5,23,D,0
19.1903,80.9029,322.2,1.2,1.1,2026-04-17,954,Aqua,MODIS,32,61.03,304.8,7.7,D,0
19.1961,80.9465,323.8,1.2,1.1,2026-04-17,954,Aqua,MODIS,56,61.03,305.2,10.4,D,0
19.2332,81.0074,330.6,1.2,1.1,2026-04-17,954,Aqua,MODIS,53,61.03,302.9,22.3,D,0
19.2408,81.0214,328.5,1.2,1.1,2026-04-17,954,Aqua,MODIS,28,61.03,300.6,18.5,D,0
19.2773,81.0045,328.3,1.2,1.1,2026-04-17,954,Aqua,MODIS,40,61.03,299.9,15.1,D,0
19.3487,80.9999,335.9,1.2,1.1,2026-04-17,954,Aqua,MODIS,81,61.03,309.2,25.7,D,0
19.3501,81.0108,341.3,1.2,1.1,2026-04-17,954,Aqua,MODIS,88,61.03,307.4,38.5,D,0
19.3582,80.9984,330.1,1.2,1.1,2026-04-17,954,Aqua,MODIS,66,61.03,306.5,16.9,D,0
19.3624,81.0308,324.9,1.2,1.1,2026-04-17,954,Aqua,MODIS,45,61.03,305.7,12.8,D,0
19.3691,81.0075,327.1,1.2,1.1,2026-04-17,954,Aqua,MODIS,51,61.03,306.4,14.4,D,0
19.3917,80.9597,326.3,1.2,1.1,2026-04-17,954,Aqua,MODIS,66,61.03,305.1,13.6,D,0
19.3932,80.9705,322.3,1.2,1.1,2026-04-17,954,Aqua,MODIS,28,61.03,304.8,8.2,D,0
19.4012,80.9585,324.5,1.2,1.1,2026-04-17,954,Aqua,MODIS,68,61.03,305.3,11.7,D,0
19.4027,80.9693,323.4,1.2,1.1,2026-04-17,954,Aqua,MODIS,61,61.03,304.8,10.1,D,0
19.4501,80.8457,329.3,1.2,1.1,2026-04-17,954,Aqua,MODIS,76,61.03,307.6,17,D,0
19.4796,80.8512,335.5,1.2,1.1,2026-04-17,954,Aqua,MODIS,83,61.03,304,27.9,D,0
19.5673,83.6014,327.3,1.8,1.3,2026-04-17,954,Aqua,MODIS,73,61.03,307.5,25.9,D,0
19.5679,83.6109,332.3,1.8,1.3,2026-04-17,954,Aqua,MODIS,81,61.03,307.5,40.6,D,0
19.568,80.1461,346.6,1.1,1,2026-04-17,954,Aqua,MODIS,92,61.03,312.9,42.7,D,0
19.5693,83.6178,325.1,1.8,1.3,2026-04-17,954,Aqua,MODIS,68,61.03,307.1,20.1,D,0
19.5882,80.9071,321.5,1.2,1.1,2026-04-17,954,Aqua,MODIS,49,61.03,302.6,7.8,D,0
19.5925,82.9501,331.5,1.6,1.2,2026-04-17,954,Aqua,MODIS,80,61.03,307.7,34.7,D,0
19.5946,80.9107,322.7,1.2,1.1,2026-04-17,954,Aqua,MODIS,30,61.03,304.7,7.6,D,0
19.6277,79.512,330.6,1,1,2026-04-17,954,Aqua,MODIS,74,61.03,304.9,16.6,D,0
19.6398,79.5987,338.3,1,1,2026-04-17,954,Aqua,MODIS,86,61.03,302.6,31.3,D,0
19.6692,83.0323,326.3,1.6,1.3,2026-04-17,954,Aqua,MODIS,73,61.03,308.7,19.8,D,0
19.6716,83.0243,327.5,1.6,1.3,2026-04-17,954,Aqua,MODIS,64,61.03,308.9,20.7,D,0
19.6754,79.0715,325.9,1,1,2026-04-17,954,Aqua,MODIS,69,61.03,301.3,11.5,D,0
19.7213,78.7427,349.2,1,1,2026-04-17,954,Aqua,MODIS,94,61.03,317.7,40,D,0
19.7462,80.9273,336.1,1.2,1.1,2026-04-17,954,Aqua,MODIS,84,61.03,297.4,34,D,0
19.7895,81.0339,325,1.2,1.1,2026-04-17,954,Aqua,MODIS,68,61.03,305.5,14.6,D,0
19.795,81.0376,327.2,1.2,1.1,2026-04-17,954,Aqua,MODIS,56,61.03,306.3,15.9,D,0
19.8282,80.9195,326.5,1.2,1.1,2026-04-17,954,Aqua,MODIS,70,61.03,303.6,17,D,0
19.8413,80.127,332.8,1.1,1,2026-04-17,954,Aqua,MODIS,79,61.03,306.8,19.7,D,0
19.8427,80.1372,330.5,1.1,1,2026-04-17,954,Aqua,MODIS,76,61.03,307,16.3,D,0
19.8441,80.1473,327.9,1.1,1,2026-04-17,954,Aqua,MODIS,72,61.03,306.7,13.3,D,0
19.9031,83.3429,321.8,1.7,1.3,2026-04-17,954,Aqua,MODIS,61,61.03,305.2,13.9,D,0
19.9031,83.35,326.4,1.7,1.3,2026-04-17,954,Aqua,MODIS,73,61.03,305.7,24.3,D,0
19.9292,79.3678,322.7,1,1,2026-04-17,954,Aqua,MODIS,45,61.03,288.3,14,D,0
19.9467,78.574,326.1,1,1,2026-04-17,954,Aqua,MODIS,70,61.03,297.7,10.6,D,0
19.948,78.5833,321.3,1,1,2026-04-17,954,Aqua,MODIS,43,61.03,295.2,6.2,D,0
19.9501,83.1633,327,1.7,1.3,2026-04-17,954,Aqua,MODIS,72,61.03,309.3,18.6,D,0
19.952,83.8767,349.8,1.9,1.3,2026-04-17,954,Aqua,MODIS,94,61.03,310,119.6,D,0
19.9539,83.8937,351.6,1.9,1.3,2026-04-17,954,Aqua,MODIS,95,61.03,307.2,130.1,D,0
19.9558,83.8826,376.1,1.9,1.3,2026-04-17,954,Aqua,MODIS,100,61.03,310.8,315.1,D,0
19.9579,83.9001,327.8,1.9,1.3,2026-04-17,954,Aqua,MODIS,75,61.03,306.5,28.8,D,0
19.9675,83.4991,332.4,1.8,1.3,2026-04-17,954,Aqua,MODIS,80,61.03,305.3,41.6,D,0
19.9694,83.5151,328.7,1.8,1.3,2026-04-17,954,Aqua,MODIS,76,61.03,304.3,31,D,0
20.1298,80.3471,328,1.1,1.1,2026-04-17,954,Aqua,MODIS,72,61.03,306.4,15.4,D,0
20.1919,79.8566,333.6,1.1,1,2026-04-17,954,Aqua,MODIS,78,61.03,313.6,18.4,D,0
20.1932,79.8666,331.9,1.1,1,2026-04-17,954,Aqua,MODIS,54,61.03,312.6,15.2,D,0
20.1996,79.8451,330.6,1.1,1,2026-04-17,954,Aqua,MODIS,29,61.03,311.5,14.3,D,0
20.3206,79.79,323.7,1.1,1,2026-04-17,954,Aqua,MODIS,61,61.03,295.9,11.1,D,0
20.5757,84.719,322.8,2.2,1.5,2026-04-17,954,Aqua,MODIS,61,61.03,305.2,23.2,D,0
20.9614,85.1562,321.5,2.5,1.5,2026-04-17,954,Aqua,MODIS,44,61.03,301.3,26.2,D,2
20.9638,85.1791,321.2,2.5,1.5,2026-04-17,954,Aqua,MODIS,39,61.03,301.1,24.6,D,2
19.9996,74.3902,321.5,1.4,1.2,2026-04-17,955,Aqua,MODIS,49,61.03,291.1,16.1,D,0
20.65,79.3714,331.9,1,1,2026-04-17,955,Aqua,MODIS,79,61.03,302.7,17.5,D,0
20.682,79.668,333.1,1.1,1,2026-04-17,955,Aqua,MODIS,80,61.03,304.8,22.7,D,0
20.6834,79.678,325.1,1.1,1,2026-04-17,955,Aqua,MODIS,58,61.03,303.9,11.7,D,0
20.762,81.6654,328.9,1.4,1.2,2026-04-17,955,Aqua,MODIS,56,61.03,312.9,17,D,0
20.9571,81.755,336.3,1.4,1.2,2026-04-17,955,Aqua,MODIS,82,61.03,313.9,27.1,D,0
21.01,79.7765,325.8,1.1,1,2026-04-17,955,Aqua,MODIS,69,61.03,297.7,16.5,D,0
21.1987,79.4682,318.1,1.1,1,2026-04-17,955,Aqua,MODIS,44,61.03,289.1,6.8,D,0
21.2001,79.4781,319.5,1.1,1,2026-04-17,955,Aqua,MODIS,56,61.03,290.1,8.4,D,0
21.2265,79.403,325.6,1.1,1,2026-04-17,955,Aqua,MODIS,68,61.03,291.6,15,D,0
21.235,78.2267,339.9,1,1,2026-04-17,955,Aqua,MODIS,87,61.03,293.9,30.2,D,0
21.2357,79.3951,318.4,1.1,1,2026-04-17,955,Aqua,MODIS,57,61.03,289.7,8.2,D,0
21.2371,79.4049,331.8,1.1,1,2026-04-17,955,Aqua,MODIS,81,61.03,291,24.7,D,0
21.2384,79.4148,317,1.1,1,2026-04-17,955,Aqua,MODIS,47,61.03,289.9,6.3,D,0
21.2574,80.1809,348.4,1.1,1.1,2026-04-17,955,Aqua,MODIS,93,61.03,315.2,50.7,D,0
21.2662,79.3499,317.9,1.1,1,2026-04-17,955,Aqua,MODIS,39,61.03,283,9,D,0
21.2675,79.3597,338.5,1.1,1,2026-04-17,955,Aqua,MODIS,87,61.03,283.9,35.7,D,0
21.2798,79.4488,320.1,1.1,1,2026-04-17,955,Aqua,MODIS,62,61.03,286.4,10.1,D,0
21.2847,79.4176,316.3,1.1,1,2026-04-17,955,Aqua,MODIS,23,61.03,285.7,6,D,0
21.2868,79.3667,316,1.1,1,2026-04-17,955,Aqua,MODIS,17,61.03,285.2,6.7,D,0
21.2882,79.3766,319.2,1.1,1,2026-04-17,955,Aqua,MODIS,60,61.03,281.6,9.5,D,0
21.2999,79.3949,319.6,1.1,1,2026-04-17,955,Aqua,MODIS,40,61.03,284.9,9.4,D,0
21.3196,79.2052,335.5,1,1,2026-04-17,955,Aqua,MODIS,85,61.03,286.5,29.4,D,0
21.3209,79.2149,334.8,1,1,2026-04-17,955,Aqua,MODIS,84,61.03,284.8,28.9,D,0
21.3259,79.3849,317.6,1.1,1,2026-04-17,955,Aqua,MODIS,37,61.03,285.7,7.8,D,0
21.3572,79.2792,342.4,1.1,1,2026-04-17,955,Aqua,MODIS,90,61.03,292.9,40.1,D,0
21.3585,79.289,343.2,1.1,1,2026-04-17,955,Aqua,MODIS,90,61.03,295.5,42,D,0
21.3953,82.096,328.1,1.5,1.2,2026-04-17,955,Aqua,MODIS,68,61.03,307.5,14.5,D,0
21.4668,77.4089,324.4,1,1,2026-04-17,955,Aqua,MODIS,52,61.03,297.5,11,D,0
21.6037,77.267,325.1,1,1,2026-04-17,955,Aqua,MODIS,52,61.03,306,7.8,D,0
21.6483,81.2471,324,1.3,1.1,2026-04-17,955,Aqua,MODIS,66,61.03,298.6,12.8,D,0
21.6547,77.4885,325.1,1,1,2026-04-17,955,Aqua,MODIS,56,61.03,297.1,11.9,D,0
21.656,79.9119,319.6,1.1,1.1,2026-04-17,955,Aqua,MODIS,60,61.03,297.3,9,D,0
21.6999,79.089,322.9,1,1,2026-04-17,955,Aqua,MODIS,65,61.03,295.6,8.3,D,0
21.7298,77.488,321.2,1,1,2026-04-17,955,Aqua,MODIS,46,61.03,287.8,8.6,D,0
21.7312,77.4973,323.6,1,1,2026-04-17,955,Aqua,MODIS,60,61.03,287.9,10.9,D,0
21.7518,81.4934,328.1,1.4,1.2,2026-04-17,955,Aqua,MODIS,75,61.03,301.4,18.9,D,0
21.7905,75.8984,313.4,1.1,1,2026-04-17,955,Aqua,MODIS,52,61.03,273.3,9.3,D,0
21.8022,78.6947,334.1,1,1,2026-04-17,955,Aqua,MODIS,81,61.03,311,17.9,D,0
21.8111,78.6932,334.5,1,1,2026-04-17,955,Aqua,MODIS,81,61.03,313.7,17.8,D,0
21.8157,78.7906,328.6,1,1,2026-04-17,955,Aqua,MODIS,73,61.03,293.3,14.9,D,0
21.8279,76.8505,315.1,1,1,2026-04-17,955,Aqua,MODIS,36,61.03,276.7,8.6,D,0
21.8382,78.63,333.2,1,1,2026-04-17,955,Aqua,MODIS,79,61.03,314.1,14.8,D,0
21.8999,79.1346,325.8,1.1,1,2026-04-17,955,Aqua,MODIS,66,61.03,295.8,12.1,D,0
21.9542,79.4621,354.8,1.1,1,2026-04-17,955,Aqua,MODIS,97,61.03,305,65.9,D,0
22.1397,77.8816,323.7,1,1,2026-04-17,955,Aqua,MODIS,46,61.03,300.7,7.8,D,0
22.1525,79.5638,320,1.1,1,2026-04-17,955,Aqua,MODIS,54,61.03,287,11,D,0
22.3174,79.9103,340.2,1.1,1.1,2026-04-17,955,Aqua,MODIS,88,61.03,298.2,39.1,D,0
22.3187,79.9209,362,1.1,1.1,2026-04-17,955,Aqua,MODIS,100,61.03,297.7,97.5,D,0
22.3266,79.9089,335.7,1.1,1.1,2026-04-17,955,Aqua,MODIS,84,61.03,299.3,30.7,D,0
22.328,79.9195,343,1.1,1.1,2026-04-17,955,Aqua,MODIS,90,61.03,298.8,45,D,0
22.3544,79.9046,323.9,1.1,1.1,2026-04-17,955,Aqua,MODIS,50,61.03,297.2,12.3,D,0
22.3581,79.8605,328.1,1.1,1.1,2026-04-17,955,Aqua,MODIS,75,61.03,298.5,17.3,D,0
22.365,80.0567,319.5,1.2,1.1,2026-04-17,955,Aqua,MODIS,50,61.03,297.9,6.9,D,0
22.4189,79.8334,322.7,1.1,1.1,2026-04-17,955,Aqua,MODIS,40,61.03,300.8,7.5,D,0
22.4263,79.6073,320,1.1,1,2026-04-17,955,Aqua,MODIS,39,61.03,291.4,9.9,D,0
22.4354,80.1056,320.1,1.2,1.1,2026-04-17,955,Aqua,MODIS,55,61.03,298.7,8.1,D,2
22.4369,80.1165,325.1,1.2,1.1,2026-04-17,955,Aqua,MODIS,70,61.03,299.2,14.4,D,0
22.5347,79.8747,320.2,1.1,1.1,2026-04-17,955,Aqua,MODIS,55,61.03,295.1,6.9,D,0
22.7556,77.0424,326.3,1,1,2026-04-17,955,Aqua,MODIS,57,61.03,297.8,13.7,D,0
22.9346,77.2662,345.5,1,1,2026-04-17,955,Aqua,MODIS,90,61.03,307.3,38,D,0
22.936,77.2757,328.8,1,1,2026-04-17,955,Aqua,MODIS,62,61.03,304.7,12.2,D,0
22.9433,77.2647,325.7,1,1,2026-04-17,955,Aqua,MODIS,34,61.03,302.3,8,D,0
22.9936,77.5455,347.8,1,1,2026-04-17,955,Aqua,MODIS,92,61.03,308,37.7,D,0
23.1454,77.7487,331.5,1,1,2026-04-17,955,Aqua,MODIS,77,61.03,310.7,13.7,D,0
23.2074,77.8059,330.1,1,1,2026-04-17,955,Aqua,MODIS,65,61.03,297.7,16.2,D,0
23.2087,77.8154,359.5,1,1,2026-04-17,955,Aqua,MODIS,99,61.03,298.9,72.9,D,0
23.2147,77.795,325.3,1,1,2026-04-17,955,Aqua,MODIS,62,61.03,299.1,11,D,0
23.2161,77.8045,324.1,1,1,2026-04-17,955,Aqua,MODIS,36,61.03,298.6,8.5,D,0
23.2175,77.8139,338.4,1,1,2026-04-17,955,Aqua,MODIS,85,61.03,299.6,28,D,0
23.3155,77.8487,322.1,1,1,2026-04-17,955,Aqua,MODIS,52,61.03,299.1,6.9,D,0
23.3366,78.7829,322.1,1.1,1,2026-04-17,955,Aqua,MODIS,68,61.03,294.2,7.1,D,0
23.3453,77.916,324.4,1,1,2026-04-17,955,Aqua,MODIS,41,61.03,302.5,8.3,D,0
23.3466,77.9255,335.8,1,1,2026-04-17,955,Aqua,MODIS,83,61.03,302.4,23.1,D,0
23.4392,77.9225,324.8,1,1,2026-04-17,955,Aqua,MODIS,55,61.03,296.2,10.4,D,0
23.4652,77.7913,361.4,1,1,2026-04-17,955,Aqua,MODIS,100,61.03,310.5,73.8,D,0
23.4665,77.8008,335.2,1,1,2026-04-17,955,Aqua,MODIS,82,61.03,305.1,19,D,0
23.4725,77.7803,332.5,1,1,2026-04-17,955,Aqua,MODIS,74,61.03,307.5,15.9,D,0
23.4739,77.7898,370.2,1,1,2026-04-17,955,Aqua,MODIS,100,61.03,310.4,101,D,0
23.4753,77.7993,341.2,1,1,2026-04-17,955,Aqua,MODIS,87,61.03,306.8,28.6,D,0
23.4867,78.2583,337.7,1,1,2026-04-17,955,Aqua,MODIS,84,61.03,302.3,25.2,D,0
23.4955,78.2568,334,1,1,2026-04-17,955,Aqua,MODIS,80,61.03,299.3,20.2,D,0
23.4968,78.2665,333.7,1,1,2026-04-17,955,Aqua,MODIS,79,61.03,299.9,19.8,D,0
23.5499,77.742,328.4,1,1,2026-04-17,955,Aqua,MODIS,73,61.03,304.8,15,D,0
23.5846,77.3409,320.8,1,1,2026-04-17,955,Aqua,MODIS,61,61.03,294.2,5.3,D,0
23.5999,84.1323,338.2,2.2,1.5,2026-04-17,955,Aqua,MODIS,86,61.03,306.8,89.8,D,0
23.6021,84.1537,325.2,2.3,1.5,2026-04-17,955,Aqua,MODIS,69,61.03,305.6,33,D,0
23.6399,76.1672,315.2,1,1,2026-04-17,955,Aqua,MODIS,60,61.03,282.5,8.9,D,0
23.6414,76.1769,317,1,1,2026-04-17,955,Aqua,MODIS,65,61.03,279.9,10.4,D,0
23.8757,77.7492,333.6,1,1,2026-04-17,955,Aqua,MODIS,84,61.03,296.9,22.8,D,0
23.9005,78.8586,338.8,1.1,1,2026-04-17,955,Aqua,MODIS,86,61.03,307.3,29.1,D,0
23.9209,78.6637,324,1.1,1,2026-04-17,955,Aqua,MODIS,68,61.03,293,12.5,D,0
23.9675,82.9007,320.7,1.8,1.3,2026-04-17,955,Aqua,MODIS,57,61.03,301.3,11.4,D,0
23.9698,82.8882,323,1.8,1.3,2026-04-17,955,Aqua,MODIS,61,61.03,303.3,16.8,D,0
23.9718,82.9057,320.7,1.8,1.3,2026-04-17,955,Aqua,MODIS,44,61.03,301.1,10.9,D,0
23.9925,78.7854,322.9,1.1,1,2026-04-17,955,Aqua,MODIS,64,61.03,295.3,10.7,D,0
24.1126,80.0452,338.3,1.2,1.1,2026-04-17,955,Aqua,MODIS,87,61.03,308.2,31.9,D,0
24.1378,83.1817,328.5,1.9,1.4,2026-04-17,955,Aqua,MODIS,77,61.03,302.4,34.5,D,0
24.1398,83.2003,323.9,1.9,1.4,2026-04-17,955,Aqua,MODIS,70,61.03,303.6,20.7,D,0
24.258,82.6161,320.6,1.8,1.3,2026-04-17,955,Aqua,MODIS,66,61.03,296.3,17.9,D,0
24.2599,82.633,326.2,1.8,1.3,2026-04-17,955,Aqua,MODIS,75,61.03,296.3,30.7,D,0
22.9642,70.9558,329.4,2.1,1.4,2026-04-17,956,Aqua,MODIS,82,61.03,315.9,25,D,0
23.9181,77.5466,320,1,1,2026-04-17,956,Aqua,MODIS,67,61.03,282,11.2,D,0
24.0907,77.7095,314,1,1,2026-04-17,956,Aqua,MODIS,47,61.03,285.2,5.3,D,0
24.0921,77.7191,316.8,1,1,2026-04-17,956,Aqua,MODIS,64,61.03,286.8,7.2,D,0
24.1423,77.7332,324.7,1,1,2026-04-17,956,Aqua,MODIS,56,61.03,290.7,13,D,0
24.1655,69.4829,326.2,2.5,1.5,2026-04-17,956,Aqua,MODIS,71,61.03,310.2,21.1,D,0
24.2909,78.008,313.4,1,1,2026-04-17,956,Aqua,MODIS,38,61.03,278.2,6.8,D,0
24.4387,77.497,334.3,1,1,2026-04-17,956,Aqua,MODIS,85,61.03,304.4,21.1,D,0
24.4966,79.2449,325.3,1.1,1.1,2026-04-17,956,Aqua,MODIS,73,61.03,292.3,16.1,D,0
24.5273,79.6964,324.7,1.2,1.1,2026-04-17,956,Aqua,MODIS,70,61.03,298.2,11.4,D,0
24.575,80.3223,341.9,1.3,1.1,2026-04-17,956,Aqua,MODIS,88,61.03,308.2,42.9,D,0
24.576,80.3165,333.1,1.3,1.1,2026-04-17,956,Aqua,MODIS,80,61.03,308.1,24.1,D,0
24.5774,80.3286,328.2,1.3,1.1,2026-04-17,956,Aqua,MODIS,73,61.03,307.4,14.2,D,0
24.5986,80.7497,324.3,1.3,1.1,2026-04-17,956,Aqua,MODIS,23,61.03,303.6,9.6,D,0
24.6002,80.7625,335.6,1.3,1.1,2026-04-17,956,Aqua,MODIS,82,61.03,306.1,31.7,D,0
24.6087,80.7482,324.2,1.3,1.1,2026-04-17,956,Aqua,MODIS,26,61.03,303.2,9.4,D,0
24.6103,80.761,331.7,1.3,1.1,2026-04-17,956,Aqua,MODIS,77,61.03,306.8,23.1,D,0
24.6119,80.7738,335.4,1.3,1.1,2026-04-17,956,Aqua,MODIS,82,61.03,306.7,30,D,0
24.6219,80.7723,330.8,1.3,1.1,2026-04-17,956,Aqua,MODIS,75,61.03,306.1,20.4,D,0
24.6253,80.2352,328.1,1.3,1.1,2026-04-17,956,Aqua,MODIS,73,61.03,306.7,14.4,D,0
24.6531,78.5552,316,1.1,1,2026-04-17,956,Aqua,MODIS,49,61.03,280.4,9.5,D,0
24.7445,80.4457,330.3,1.3,1.1,2026-04-17,956,Aqua,MODIS,77,61.03,307,20.2,D,0
24.7641,76.8015,324.2,1,1,2026-04-17,956,Aqua,MODIS,73,61.03,289.8,15.1,D,0
24.7994,77.6854,317.4,1,1,2026-04-17,956,Aqua,MODIS,66,61.03,279.9,11.2,D,0
24.8019,83.6666,327.2,2.2,1.4,2026-04-17,956,Aqua,MODIS,53,61.03,307.8,35.7,D,0
24.8493,76.3373,331.7,1,1,2026-04-17,956,Aqua,MODIS,85,61.03,283.4,26.3,D,0
24.8499,80.3992,341.7,1.3,1.1,2026-04-17,956,Aqua,MODIS,89,61.03,300.3,47.5,D,0
24.8515,80.4116,332.7,1.3,1.1,2026-04-17,956,Aqua,MODIS,81,61.03,301,27.2,D,0
25.0084,77.6668,316.4,1,1,2026-04-17,956,Aqua,MODIS,64,61.03,270.8,12.6,D,0
25.0097,77.6765,346.9,1,1,2026-04-17,956,Aqua,MODIS,71,61.03,270.4,54.8,D,0
25.0183,80.8564,316.7,1.4,1.2,2026-04-17,956,Aqua,MODIS,47,61.03,292.2,8.1,D,0
25.0561,76.399,311.4,1,1,2026-04-17,956,Aqua,MODIS,41,61.03,274.3,8.5,D,0
25.079,79.6193,314.8,1.2,1.1,2026-04-17,956,Aqua,MODIS,59,61.03,279.4,10.4,D,0
25.136,76.3192,314.7,1,1,2026-04-17,956,Aqua,MODIS,35,61.03,288.2,6.2,D,0
25.1596,83.7279,327.8,2.2,1.4,2026-04-17,956,Aqua,MODIS,51,61.03,308.9,30.7,D,0
25.1723,84.1246,328.5,2.4,1.5,2026-04-17,956,Aqua,MODIS,69,61.03,306.5,32.1,D,0
25.1744,84.1473,324.9,2.4,1.5,2026-04-17,956,Aqua,MODIS,51,61.03,304.7,19.6,D,0
25.1749,84.1294,340.2,2.4,1.5,2026-04-17,956,Aqua,MODIS,87,61.03,306.8,92.9,D,0
25.1853,84.1231,331.3,2.4,1.5,2026-04-17,956,Aqua,MODIS,78,61.03,307.2,43.8,D,0
25.1874,84.1457,326.3,2.4,1.5,2026-04-17,956,Aqua,MODIS,45,61.03,305.9,24.1,D,0
25.5263,78.8855,339.4,1.1,1,2026-04-17,956,Aqua,MODIS,88,61.03,303,35.3,D,0
25.5277,78.8961,326.8,1.1,1,2026-04-17,956,Aqua,MODIS,76,61.03,300.3,15.3,D,0
25.5763,76.668,326.4,1,1,2026-04-17,956,Aqua,MODIS,81,61.03,300.8,11.7,D,0
25.6438,79.0018,339.8,1.1,1.1,2026-04-17,956,Aqua,MODIS,87,61.03,305.9,35.1,D,0
25.6452,79.0126,353.6,1.1,1.1,2026-04-17,956,Aqua,MODIS,96,61.03,303,65.9,D,0
25.653,79.0004,328.6,1.1,1.1,2026-04-17,956,Aqua,MODIS,50,61.03,304.6,17.3,D,0
25.6544,79.0112,330.6,1.1,1.1,2026-04-17,956,Aqua,MODIS,56,61.03,302,19.8,D,0
25.703,78.7577,331.7,1.1,1,2026-04-17,956,Aqua,MODIS,79,61.03,312.8,12.5,D,0
25.7107,78.7457,333.9,1.1,1,2026-04-17,956,Aqua,MODIS,78,61.03,313,14.8,D,0
25.7121,78.7563,356.6,1.1,1,2026-04-17,956,Aqua,MODIS,98,61.03,311.7,64.6,D,0
26.3334,83.6407,335.3,2.3,1.5,2026-04-17,956,Aqua,MODIS,73,61.03,305.4,65.4,D,0
26.3344,83.6327,328.1,2.3,1.5,2026-04-17,956,Aqua,MODIS,57,61.03,305,34.3,D,0
26.3365,83.6546,327.4,2.3,1.5,2026-04-17,956,Aqua,MODIS,65,61.03,306.1,31.6,D,0
26.5173,83.5104,326,2.2,1.4,2026-04-17,956,Aqua,MODIS,61,61.03,303,30.9,D,0
26.5213,83.2958,324.8,2.1,1.4,2026-04-17,956,Aqua,MODIS,70,61.03,302.7,24.5,D,0
26.5257,83.4659,326.4,2.2,1.4,2026-04-17,956,Aqua,MODIS,73,61.03,304.2,31.6,D,0
26.5344,83.8216,322.9,2.3,1.5,2026-04-17,956,Aqua,MODIS,66,61.03,301,24.1,D,0
26.5868,82.9348,334.2,2,1.4,2026-04-17,956,Aqua,MODIS,82,61.03,307.9,51.6,D,0
27.0017,82.2377,328.1,1.8,1.3,2026-04-17,956,Aqua,MODIS,79,61.03,303.1,33,D,0
27.0058,82.2429,328.3,1.8,1.3,2026-04-17,956,Aqua,MODIS,78,61.03,303,34.7,D,0
27.3181,82.5301,315.3,1.9,1.4,2026-04-17,956,Aqua,MODIS,61,61.03,285.3,20,D,0
27.4625,77.5791,318.8,1,1,2026-04-17,956,Aqua,MODIS,33,61.03,293.9,7.1,D,0
27.4639,77.5892,320.3,1,1,2026-04-17,956,Aqua,MODIS,52,61.03,292.7,9,D,0
28.7261,80.5097,307.6,1.5,1.2,2026-04-17,957,Aqua,MODIS,38,61.03,284.3,8.8,D,0
28.7304,80.5161,308.9,1.5,1.2,2026-04-17,957,Aqua,MODIS,39,61.03,284.5,10.4,D,0
29.2553,79.7837,317.6,1.4,1.2,2026-04-17,957,Aqua,MODIS,70,61.03,279.7,21.7,D,0
29.2583,72.643,331.3,1.2,1.1,2026-04-17,957,Aqua,MODIS,69,61.03,313.2,15.3,D,0
29.3325,74.7546,338,1,1,2026-04-17,957,Aqua,MODIS,84,61.03,310.2,23.8,D,0
29.3375,79.109,323.3,1.2,1.1,2026-04-17,957,Aqua,MODIS,75,61.03,303.2,14.1,D,0
29.5473,79.4084,321.2,1.3,1.1,2026-04-17,957,Aqua,MODIS,59,61.03,305.2,14.7,D,0
29.5561,82.2555,327.2,2,1.4,2026-04-17,957,Aqua,MODIS,79,61.03,300,50.7,D,0
29.5622,82.2447,325.2,2,1.4,2026-04-17,957,Aqua,MODIS,76,61.03,302.4,38,D,0
29.5637,82.2597,320.5,2,1.4,2026-04-17,957,Aqua,MODIS,45,61.03,299.6,28.7,D,0
29.6071,79.147,309.5,1.3,1.1,2026-04-17,957,Aqua,MODIS,40,61.03,288,8.6,D,0
31.5858,75.5835,332.6,1,1,2026-04-17,958,Aqua,MODIS,84,61.03,305.2,22.2,D,0
31.5873,75.5937,337.4,1,1,2026-04-17,958,Aqua,MODIS,88,61.03,305.3,29.1,D,0
18.8001,95.1045,315.5,1.2,1.1,2026-04-17,1433,Terra,MODIS,90,61.03,298.9,12.2,N,0
18.932,96.5377,305.5,1.4,1.2,2026-04-17,1433,Terra,MODIS,33,61.03,293.6,6.7,N,0
19.2498,96.0422,306.8,1.3,1.1,2026-04-17,1434,Terra,MODIS,65,61.03,295.7,7.2,N,0
19.4116,94.544,307.7,1.1,1.1,2026-04-17,1434,Terra,MODIS,58,61.03,296.9,5,N,0
19.5084,95.9895,307.2,1.3,1.1,2026-04-17,1434,Terra,MODIS,64,61.03,296.9,6.3,N,0
19.6736,92.5452,310.2,1,1,2026-04-17,1434,Terra,MODIS,70,61.03,297.5,5.8,N,3
19.7406,93.9533,305.7,1.1,1,2026-04-17,1434,Terra,MODIS,45,61.03,295.5,4.8,N,0
19.8104,96.9028,317.7,1.6,1.2,2026-04-17,1434,Terra,MODIS,95,61.03,290.2,30.8,N,0
19.8136,96.8957,319.3,1.6,1.2,2026-04-17,1434,Terra,MODIS,98,61.03,289.7,33.9,N,0
19.8153,96.9111,305.7,1.6,1.2,2026-04-17,1434,Terra,MODIS,65,61.03,290.1,13.5,N,0
19.8211,96.9013,302.7,1.6,1.2,2026-04-17,1434,Terra,MODIS,51,61.03,289.1,10.4,N,0
19.8403,94.0131,310.5,1.1,1,2026-04-17,1434,Terra,MODIS,58,61.03,295.7,7.4,N,0
19.8494,94.0119,307.2,1.1,1,2026-04-17,1434,Terra,MODIS,55,61.03,295.6,5.5,N,0
19.8571,94.0005,310.9,1.1,1,2026-04-17,1434,Terra,MODIS,74,61.03,295.4,8.1,N,0
19.9365,93.9021,308.8,1.1,1,2026-04-17,1434,Terra,MODIS,64,61.03,295.9,6.5,N,0
19.9378,93.912,343.8,1.1,1,2026-04-17,1434,Terra,MODIS,100,61.03,296.9,52.3,N,0
19.9468,93.9107,316.6,1.1,1,2026-04-17,1434,Terra,MODIS,91,61.03,296,12.8,N,0
20.1145,93.7827,310.3,1.1,1,2026-04-17,1434,Terra,MODIS,72,61.03,295.3,8.3,N,0
20.1346,93.3686,305.4,1,1,2026-04-17,1434,Terra,MODIS,50,61.03,295.1,4,N,0
20.2259,93.7899,331.6,1.1,1,2026-04-17,1434,Terra,MODIS,100,61.03,296.3,31,N,0
20.8737,92.7553,308.2,1,1,2026-04-17,1434,Terra,MODIS,70,61.03,295.6,6,N,0
20.875,92.7647,309.1,1,1,2026-04-17,1434,Terra,MODIS,73,61.03,295.7,6.6,N,0
20.9703,85.1705,309.7,2.3,1.5,2026-04-17,1434,Terra,MODIS,62,61.03,296.8,16.9,N,2
20.9708,85.1757,308.7,2.3,1.5,2026-04-17,1434,Terra,MODIS,47,61.03,296.4,15.1,N,2
21.4335,93.0262,308,1,1,2026-04-17,1434,Terra,MODIS,69,61.03,296,5.5,N,0
21.5579,92.5767,306.8,1,1,2026-04-17,1434,Terra,MODIS,66,61.03,295.6,4.9,N,0
21.6188,92.8971,306.2,1,1,2026-04-17,1434,Terra,MODIS,62,61.03,295.7,4.5,N,0
21.6665,92.9031,307.6,1,1,2026-04-17,1434,Terra,MODIS,67,61.03,295.5,5.4,N,0
21.853,92.4961,305.8,1,1,2026-04-17,1434,Terra,MODIS,61,61.03,295.1,4.8,N,0
21.8896,92.7726,312.8,1,1,2026-04-17,1434,Terra,MODIS,84,61.03,295.7,8.9,N,0
21.9195,92.2387,315.6,1,1,2026-04-17,1434,Terra,MODIS,91,61.03,295,12.1,N,0
22.0712,95.3373,314.6,1.3,1.1,2026-04-17,1434,Terra,MODIS,89,61.03,297.1,13,N,0
22.3666,92.2879,309.5,1,1,2026-04-17,1435,Terra,MODIS,76,61.03,296.2,6.3,N,0
22.4928,92.2555,314.3,1,1,2026-04-17,1435,Terra,MODIS,88,61.03,296.2,10.3,N,0
23.1012,94.572,312.4,1.2,1.1,2026-04-17,1435,Terra,MODIS,85,61.03,296.4,10.6,N,0
23.1108,94.5706,315.2,1.2,1.1,2026-04-17,1435,Terra,MODIS,91,61.03,296.6,13.3,N,0
23.3297,92.2421,319.6,1,1,2026-04-17,1435,Terra,MODIS,99,61.03,296.2,14.9,N,0
23.3385,92.2407,322.7,1,1,2026-04-17,1435,Terra,MODIS,100,61.03,296,18.2,N,0
23.3469,91.6879,307.3,1,1,2026-04-17,1435,Terra,MODIS,65,61.03,296.2,5.3,N,0
23.3482,91.6974,307.2,1,1,2026-04-17,1435,Terra,MODIS,65,61.03,296.4,5.3,N,0
23.3823,92.081,306,1,1,2026-04-17,1435,Terra,MODIS,63,61.03,295.9,4.6,N,0
23.5261,94.8868,304.9,1.3,1.1,2026-04-17,1435,Terra,MODIS,62,61.03,293,6.7,N,0
23.7651,86.3931,310.5,1.6,1.3,2026-04-17,1435,Terra,MODIS,61,61.03,298.9,10.4,N,2
23.7761,86.3909,311.5,1.6,1.3,2026-04-17,1435,Terra,MODIS,65,61.03,298.8,11.6,N,2
23.7771,86.3851,310.2,1.6,1.3,2026-04-17,1435,Terra,MODIS,35,61.03,298.5,9.4,N,2
24.9727,83.8798,308.4,2.3,1.5,2026-04-17,1436,Terra,MODIS,74,61.03,296.3,22.3,N,0
25.1635,83.7007,310,2.4,1.5,2026-04-17,1436,Terra,MODIS,79,61.03,296.6,25.6,N,0
26.3316,83.6222,318.5,2.3,1.5,2026-04-17,1436,Terra,MODIS,97,61.03,298.7,42.3,N,0
26.3322,83.6286,322.4,2.3,1.5,2026-04-17,1436,Terra,MODIS,100,61.03,298.8,56.3,N,0
26.3359,83.6439,309.9,2.3,1.5,2026-04-17,1436,Terra,MODIS,77,61.03,298.3,19.2,N,0
26.3398,83.5284,316.1,2.3,1.5,2026-04-17,1436,Terra,MODIS,92,61.03,298,38.9,N,0
26.341,83.5346,314.7,2.3,1.5,2026-04-17,1436,Terra,MODIS,89,61.03,298,33.5,N,0
26.3441,83.5504,308,2.3,1.5,2026-04-17,1436,Terra,MODIS,71,61.03,297.9,18.1,N,0
26.3451,83.5567,307.9,2.3,1.5,2026-04-17,1436,Terra,MODIS,9,61.03,297.9,14.9,N,0
26.44,83.3581,310.1,2.4,1.5,2026-04-17,1436,Terra,MODIS,78,61.03,297.2,24.9,N,0
26.9381,83.5976,301.7,2.2,1.4,2026-04-17,1436,Terra,MODIS,19,61.03,287.5,7.8,N,0
27.1856,83.0238,306.4,2.4,1.5,2026-04-17,1436,Terra,MODIS,68,61.03,293,18.7,N,0
27.2573,82.4938,302.3,2.6,1.6,2026-04-17,1436,Terra,MODIS,48,61.03,290.7,15.5,N,0
27.3113,84.844,304.6,1.8,1.3,2026-04-17,1436,Terra,MODIS,60,61.03,292.6,9,N,0
27.3127,82.9313,307.3,2.4,1.5,2026-04-17,1436,Terra,MODIS,34,61.03,295.4,17.1,N,0
27.3333,82.9571,307.9,2.4,1.5,2026-04-17,1436,Terra,MODIS,71,61.03,295.4,19.8,N,0
27.335,82.9746,312.4,2.4,1.5,2026-04-17,1436,Terra,MODIS,85,61.03,295.5,31,N,0
27.3378,82.9804,310.1,2.4,1.5,2026-04-17,1436,Terra,MODIS,79,61.03,295.6,24.1,N,0
27.3616,83.0404,305.4,2.4,1.5,2026-04-17,1436,Terra,MODIS,64,61.03,295.3,15.6,N,0
11.4883,76.5869,310.1,2.5,1.5,2026-04-17,1610,Terra,MODIS,79,61.03,290.3,40,N,0
11.4908,76.6088,306.7,2.5,1.5,2026-04-17,1610,Terra,MODIS,68,61.03,289.9,30.6,N,0
22.7257,70.7398,311.3,1.4,1.2,2026-04-17,1613,Terra,MODIS,76,61.03,300.1,10.8,N,0
22.9272,70.1067,314.4,1.2,1.1,2026-04-17,1613,Terra,MODIS,85,61.03,298.8,13.6,N,0
23.1533,75.82,302.7,3.2,1.7,2026-04-17,1613,Terra,MODIS,42,61.03,286,25.8,N,2
24.0932,77.024,304.4,4.1,1.9,2026-04-17,1613,Terra,MODIS,37,61.03,288.5,40.2,N,0
24.0999,77.0162,301.3,4.1,1.9,2026-04-17,1613,Terra,MODIS,8,61.03,287.5,28.4,N,0
24.1027,77.055,304,4.1,1.9,2026-04-17,1613,Terra,MODIS,28,61.03,290.3,36.7,N,0
25.0416,76.5668,310.2,3.8,1.8,2026-04-17,1614,Terra,MODIS,77,61.03,295.2,59,N,0
25.0492,76.5715,307.4,3.8,1.8,2026-04-17,1614,Terra,MODIS,66,61.03,295.1,44.6,N,0
23.6855,86.1007,308.8,1.2,1.1,2026-04-17,2201,Aqua,MODIS,76,61.03,297.4,8.8,N,2
23.7603,86.4038,307,1.3,1.1,2026-04-17,2201,Aqua,MODIS,23,61.03,294.5,6.4,N,2
23.7699,86.4057,307.8,1.3,1.1,2026-04-17,2201,Aqua,MODIS,41,61.03,296,7.1,N,2
23.7793,86.2091,309.1,1.2,1.1,2026-04-17,2201,Aqua,MODIS,76,61.03,298.5,8.8,N,2
20.9703,85.1795,303.4,1.2,1.1,2026-04-17,2202,Aqua,MODIS,47,61.03,282.3,7.3,N,2
21.563,77.9235,301,1.6,1.2,2026-04-17,2202,Aqua,MODIS,36,61.03,287.8,8,N,0
21.6816,77.701,303.2,1.7,1.3,2026-04-17,2202,Aqua,MODIS,54,61.03,285.3,12.7,N,0
21.7415,83.8417,310.4,1,1,2026-04-17,2202,Aqua,MODIS,80,61.03,296.4,7.2,N,0
21.7503,83.8433,314.4,1,1,2026-04-17,2202,Aqua,MODIS,89,61.03,295.3,10.3,N,2
21.9198,83.3523,304.8,1,1,2026-04-17,2202,Aqua,MODIS,62,61.03,291.4,4.7,N,2
22.0455,83.737,308.9,1,1,2026-04-17,2202,Aqua,MODIS,63,61.03,296.5,7.3,N,2
22.1803,79.3149,300.2,1.3,1.1,2026-04-17,2202,Aqua,MODIS,17,61.03,285,7,N,0
23.1652,82.3397,308,1,1,2026-04-17,2202,Aqua,MODIS,73,61.03,295.7,7,N,2
23.3491,80.4448,305.1,1.2,1.1,2026-04-17,2202,Aqua,MODIS,63,61.03,291.7,7.9,N,0
23.7899,77.7888,303.2,1.8,1.3,2026-04-17,2202,Aqua,MODIS,38,61.03,292.4,10.4,N,0
23.7931,78.8352,303.5,1.5,1.2,2026-04-17,2202,Aqua,MODIS,56,61.03,292.3,8.2,N,0
23.7948,78.8212,303.5,1.5,1.2,2026-04-17,2202,Aqua,MODIS,55,61.03,293.1,7.9,N,0
23.8121,78.1848,317.7,1.6,1.3,2026-04-17,2202,Aqua,MODIS,96,61.03,295.1,30.3,N,0
19.6246,80.8216,306.1,1.1,1,2026-04-17,2203,Aqua,MODIS,67,61.03,292.9,6,N,0
14.0515,79.4139,307.8,1.1,1,2026-04-17,2204,Aqua,MODIS,66,61.03,297.3,6.2,N,0
14.3096,78.9691,311.6,1.1,1.1,2026-04-17,2204,Aqua,MODIS,80,61.03,296.8,9.4,N,0
14.5522,78.9512,309.3,1.1,1.1,2026-04-17,2204,Aqua,MODIS,72,61.03,297.4,7.7,N,0
11.4852,76.6108,309.2,1.4,1.2,2026-04-17,2205,Aqua,MODIS,77,61.03,287.2,17.8,N,0
11.4869,76.5983,323.5,1.4,1.2,2026-04-17,2205,Aqua,MODIS,100,61.03,289.3,38.4,N,0
24.1159,96.9582,311.7,1,1,2026-04-18,241,Terra,MODIS,57,61.03,298,5.6,D,0
24.4557,96.5142,315.8,1,1,2026-04-18,241,Terra,MODIS,69,61.03,297.7,8,D,0
19.9242,96.8203,314.1,1,1,2026-04-18,242,Terra,MODIS,54,61.03,300,5.8,D,0
20.2265,93.79,313.9,1.1,1.1,2026-04-18,242,Terra,MODIS,40,61.03,296.7,8.6,D,0
20.4004,96.215,318.8,1,1,2026-04-18,242,Terra,MODIS,63,61.03,300.9,5.5,D,0
20.6085,94.17,317.5,1.1,1,2026-04-18,242,Terra,MODIS,35,61.03,297.7,5.9,D,0
20.6098,94.16,321.2,1.1,1,2026-04-18,242,Terra,MODIS,66,61.03,297.6,10.1,D,0
20.6112,94.15,319.4,1.1,1,2026-04-18,242,Terra,MODIS,45,61.03,297.6,8.7,D,0
20.773,94.2482,319.4,1.1,1,2026-04-18,242,Terra,MODIS,53,61.03,300.9,7.7,D,0
21.5315,95.522,328.9,1,1,2026-04-18,242,Terra,MODIS,77,61.03,308.1,12.2,D,0
21.5451,94.1904,315.6,1.1,1.1,2026-04-18,242,Terra,MODIS,54,61.03,297.9,6.7,D,0
21.5492,95.5248,322.9,1,1,2026-04-18,242,Terra,MODIS,51,61.03,306.5,5.9,D,0
21.5505,95.5153,327.5,1,1,2026-04-18,242,Terra,MODIS,76,61.03,307.9,10.4,D,2
21.8741,93.8563,314,1.2,1.1,2026-04-18,242,Terra,MODIS,53,61.03,299.7,6.4,D,0
21.9632,92.2363,316.2,1.4,1.2,2026-04-18,242,Terra,MODIS,68,61.03,298.2,13.8,D,0
22.6513,95.7676,326.6,1,1,2026-04-18,242,Terra,MODIS,78,61.03,299.5,15.2,D,0
22.9738,93.244,313.6,1.3,1.1,2026-04-18,242,Terra,MODIS,35,61.03,299.3,10.6,D,0
23.0942,94.5823,315.7,1.1,1,2026-04-18,242,Terra,MODIS,63,61.03,300.5,5.7,D,0
23.0955,94.5718,319.2,1.1,1,2026-04-18,242,Terra,MODIS,70,61.03,300.5,9.4,D,0
16.591,95.4688,320.3,1,1,2026-04-18,243,Terra,MODIS,57,61.03,304.3,7.1,D,0
16.7809,95.3706,327.7,1,1,2026-04-18,243,Terra,MODIS,58,61.03,306.1,15.3,D,0
17.1819,96.613,325.9,1,1,2026-04-18,243,Terra,MODIS,75,61.03,303.3,15.2,D,0
17.1833,96.6035,320.7,1,1,2026-04-18,243,Terra,MODIS,66,61.03,303.8,9.3,D,0
17.1971,95.8264,317.4,1,1,2026-04-18,243,Terra,MODIS,55,61.03,303.6,6.4,D,0
17.3026,96.4248,322.9,1,1,2026-04-18,243,Terra,MODIS,61,61.03,304.9,11.1,D,0
17.4874,95.4064,323.8,1,1,2026-04-18,243,Terra,MODIS,73,61.03,304.6,9.6,D,0
17.5255,95.5962,319.2,1,1,2026-04-18,243,Terra,MODIS,64,61.03,303.4,6.1,D,0
17.6209,96.6393,323.5,1,1,2026-04-18,243,Terra,MODIS,71,61.03,302.5,11.8,D,0
18.0352,95.3869,323.8,1,1,2026-04-18,243,Terra,MODIS,75,61.03,302.2,10.2,D,0
18.0426,95.3974,319.5,1,1,2026-04-18,243,Terra,MODIS,63,61.03,302.1,5.4,D,0
18.9281,95.4727,319.4,1,1,2026-04-18,243,Terra,MODIS,40,61.03,300.5,7,D,0
19.2124,96.6955,315.3,1,1,2026-04-18,243,Terra,MODIS,64,61.03,293.5,10.7,D,0
19.2138,96.686,313.9,1,1,2026-04-18,243,Terra,MODIS,61,61.03,293.5,9.4,D,0
19.3935,96.2148,312.3,1,1,2026-04-18,243,Terra,MODIS,36,61.03,288.9,4.5,D,0
19.6619,94.497,326.7,1,1,2026-04-18,243,Terra,MODIS,78,61.03,301.8,19,D,0
19.8171,94.7773,325.9,1,1,2026-04-18,243,Terra,MODIS,76,61.03,306.9,11.8,D,0
20.0298,93.5221,315,1.2,1.1,2026-04-18,243,Terra,MODIS,38,61.03,301.2,7.4,D,0
29.5082,73.6643,322.4,1,1,2026-04-18,418,Terra,MODIS,66,61.03,307,8.5,D,0
29.5543,73.4675,326.9,1,1,2026-04-18,418,Terra,MODIS,74,61.03,305.2,13.6,D,0
29.5889,72.1438,317.6,1,1,2026-04-18,418,Terra,MODIS,57,61.03,302.3,8.4,D,0
29.7127,72.8,319,1,1,2026-04-18,418,Terra,MODIS,62,61.03,304.1,6.7,D,0
29.8074,72.979,319.5,1,1,2026-04-18,418,Terra,MODIS,63,61.03,304.8,8,D,0
29.808,73.9611,317.9,1,1,2026-04-18,418,Terra,MODIS,54,61.03,304.2,5.5,D,0
29.8094,73.951,318.4,1,1,2026-04-18,418,Terra,MODIS,56,61.03,304.4,6.3,D,0
29.8345,71.6003,317.7,1.1,1,2026-04-18,418,Terra,MODIS,61,61.03,302.3,8.6,D,0
29.8359,71.5893,314.8,1.1,1,2026-04-18,418,Terra,MODIS,48,61.03,301.6,5.7,D,0
29.8427,71.8186,317.4,1.1,1,2026-04-18,418,Terra,MODIS,60,61.03,303,6.4,D,0
29.8482,73.2201,315.7,1,1,2026-04-18,418,Terra,MODIS,42,61.03,301.9,4.1,D,0
29.8552,71.8647,316.5,1.1,1,2026-04-18,418,Terra,MODIS,56,61.03,302.8,5.7,D,0
29.8951,72.614,318.7,1,1,2026-04-18,418,Terra,MODIS,63,61.03,302,9.8,D,0
29.9009,74.7633,321.6,1,1,2026-04-18,418,Terra,MODIS,66,61.03,307.1,8,D,0
29.9509,73.338,318.9,1,1,2026-04-18,418,Terra,MODIS,61,61.03,302.9,8.1,D,0
29.9956,74.9904,336.5,1,1,2026-04-18,418,Terra,MODIS,85,61.03,305.2,29.3,D,0
30.0174,74.6652,325.5,1,1,2026-04-18,418,Terra,MODIS,74,61.03,304.7,13.7,D,0
30.339,73.6054,327.7,1,1,2026-04-18,418,Terra,MODIS,79,61.03,301.8,18.8,D,0
30.3403,70.6003,317.7,1.2,1.1,2026-04-18,418,Terra,MODIS,64,61.03,302.3,7.5,D,0
30.6491,71.8418,316.2,1.1,1,2026-04-18,418,Terra,MODIS,58,61.03,300.2,8.1,D,0
30.7535,74.7538,321.7,1,1,2026-04-18,418,Terra,MODIS,70,61.03,302,10.3,D,0
30.8419,70.5688,317.6,1.2,1.1,2026-04-18,418,Terra,MODIS,67,61.03,301.7,7.1,D,0
30.8784,74.6581,326.7,1,1,2026-04-18,418,Terra,MODIS,78,61.03,302,14.4,D,0
30.8799,74.6479,336,1,1,2026-04-18,418,Terra,MODIS,86,61.03,303.1,27.2,D,0
30.8871,74.6599,320.7,1,1,2026-04-18,418,Terra,MODIS,69,61.03,303.6,9.1,D,0
30.8887,74.6496,324.7,1,1,2026-04-18,418,Terra,MODIS,75,61.03,303.7,13.6,D,0
30.9259,74.4736,315.2,1,1,2026-04-18,418,Terra,MODIS,55,61.03,301,5.7,D,0
31.1095,75.0305,315.7,1,1,2026-04-18,418,Terra,MODIS,56,61.03,301.7,6.1,D,0
31.111,75.0201,315.3,1,1,2026-04-18,418,Terra,MODIS,55,61.03,301.8,5.9,D,0
31.125,74.9268,314.4,1,1,2026-04-18,418,Terra,MODIS,50,61.03,301.7,5,D,0
26.9987,82.7902,319.8,3.5,1.8,2026-04-18,419,Terra,MODIS,62,61.03,301,38.5,D,0
27.0022,82.7861,320.1,3.5,1.8,2026-04-18,419,Terra,MODIS,63,61.03,301.1,40.5,D,0
28.377,76.6917,322,1.3,1.1,2026-04-18,419,Terra,MODIS,59,61.03,308.2,6.9,D,0
28.493,70.5762,323.4,1.2,1.1,2026-04-18,419,Terra,MODIS,67,61.03,302.6,15,D,0
28.6784,77.0438,319.3,1.3,1.1,2026-04-18,419,Terra,MODIS,58,61.03,303.8,11.6,D,2
28.7448,71.046,325.7,1.1,1.1,2026-04-18,419,Terra,MODIS,71,61.03,303.5,17.3,D,0
28.8842,71.1194,320.4,1.1,1.1,2026-04-18,419,Terra,MODIS,57,61.03,305.2,7.1,D,0
28.9953,72.0326,320.8,1,1,2026-04-18,419,Terra,MODIS,58,61.03,305.5,5.6,D,0
29.0148,71.2431,322.5,1.1,1,2026-04-18,419,Terra,MODIS,65,61.03,304.4,11.1,D,0
29.0386,71.0536,319.8,1.1,1.1,2026-04-18,419,Terra,MODIS,57,61.03,303.9,10.4,D,0
29.04,72.0401,319.9,1,1,2026-04-18,419,Terra,MODIS,54,61.03,305.1,5.9,D,0
29.2216,71.4187,318,1.1,1,2026-04-18,419,Terra,MODIS,50,61.03,302.5,8.2,D,0
29.2299,72.8913,318.9,1,1,2026-04-18,419,Terra,MODIS,25,61.03,304.8,5.7,D,0
29.2363,71.3763,317.2,1.1,1,2026-04-18,419,Terra,MODIS,44,61.03,301.9,7.6,D,0
29.2455,72.5666,319.2,1,1,2026-04-18,419,Terra,MODIS,35,61.03,305.1,5.6,D,2
29.3575,70.5426,325,1.2,1.1,2026-04-18,419,Terra,MODIS,75,61.03,302.2,17.8,D,0
29.3589,70.5305,321.8,1.2,1.1,2026-04-18,419,Terra,MODIS,71,61.03,302.3,13.1,D,0
22.0543,79.2342,323.7,2.5,1.5,2026-04-18,420,Terra,MODIS,47,61.03,296.5,51.7,D,0
22.0629,79.2428,327.8,2.5,1.5,2026-04-18,420,Terra,MODIS,47,61.03,300.1,67.8,D,2
22.1013,72.0454,324.6,1,1,2026-04-18,420,Terra,MODIS,62,61.03,313.3,6.7,D,0
22.19,72.0084,324.2,1,1,2026-04-18,420,Terra,MODIS,61,61.03,311.6,7.6,D,0
22.2338,71.1114,326.6,1,1,2026-04-18,420,Terra,MODIS,62,61.03,314,9.4,D,0
22.3772,72.3186,356.7,1,1,2026-04-18,420,Terra,MODIS,98,61.03,313,63.4,D,0
22.3786,72.3091,339.3,1,1,2026-04-18,420,Terra,MODIS,86,61.03,313.2,27.3,D,0
22.4313,72.3178,329.8,1,1,2026-04-18,420,Terra,MODIS,75,61.03,312.7,14.6,D,0
22.4327,72.3084,324,1,1,2026-04-18,420,Terra,MODIS,63,61.03,312.6,7.7,D,0
22.6687,70.3577,334.5,1.1,1,2026-04-18,420,Terra,MODIS,80,61.03,313.1,21.9,D,0
22.67,70.3477,325,1.1,1,2026-04-18,420,Terra,MODIS,62,61.03,312.7,9,D,0
22.7796,75.331,330.9,1.3,1.1,2026-04-18,420,Terra,MODIS,77,61.03,314,20.7,D,0
22.8584,75.4781,323,1.3,1.1,2026-04-18,420,Terra,MODIS,56,61.03,308.2,9.8,D,0
22.9907,75.2963,331.8,1.3,1.1,2026-04-18,420,Terra,MODIS,77,61.03,313.8,22.9,D,0
22.9927,75.2843,336.1,1.3,1.1,2026-04-18,420,Terra,MODIS,83,61.03,314.2,31.3,D,0
22.9958,71.8088,331.4,1,1,2026-04-18,420,Terra,MODIS,78,61.03,312.3,15.2,D,0
23.0177,70.0871,326.5,1.1,1,2026-04-18,420,Terra,MODIS,71,61.03,314.2,10.9,D,0
23.0411,76.1163,327.9,1.4,1.2,2026-04-18,420,Terra,MODIS,73,61.03,311.7,20.9,D,0
23.0476,71.6329,321.3,1,1,2026-04-18,420,Terra,MODIS,39,61.03,310.8,4.8,D,0
23.0707,75.6274,324.6,1.3,1.1,2026-04-18,420,Terra,MODIS,63,61.03,302.4,15.7,D,0
23.1363,75.666,327.7,1.3,1.1,2026-04-18,420,Terra,MODIS,70,61.03,310.9,16.1,D,0
23.1375,75.6589,328.8,1.3,1.1,2026-04-18,420,Terra,MODIS,73,61.03,311.5,19.1,D,0
23.3073,75.3812,322.8,1.3,1.1,2026-04-18,420,Terra,MODIS,51,61.03,297.1,13.6,D,0
23.3093,75.3691,327.3,1.3,1.1,2026-04-18,420,Terra,MODIS,71,61.03,298.3,21.6,D,0
23.4741,75.2957,320.8,1.3,1.1,2026-04-18,420,Terra,MODIS,23,61.03,305.3,9.4,D,0
23.5058,75.8595,325.6,1.4,1.2,2026-04-18,420,Terra,MODIS,56,61.03,310.7,14.8,D,0
23.5414,71.5289,325.3,1,1,2026-04-18,420,Terra,MODIS,68,61.03,314.4,7.1,D,0
23.6999,75.3701,334.6,1.3,1.1,2026-04-18,420,Terra,MODIS,81,61.03,313.4,29.8,D,0
23.7771,77.8224,331.1,1.8,1.3,2026-04-18,420,Terra,MODIS,72,61.03,313.7,25.7,D,0
23.7804,77.8167,330.4,1.8,1.3,2026-04-18,420,Terra,MODIS,73,61.03,314.9,26.1,D,0
23.8086,71.0591,323.1,1,1,2026-04-18,420,Terra,MODIS,65,61.03,310.9,6,D,0
23.81,71.0493,323.2,1,1,2026-04-18,420,Terra,MODIS,58,61.03,310.9,5.6,D,0
23.8292,78.5116,326.4,2,1.4,2026-04-18,420,Terra,MODIS,64,61.03,304,30.5,D,0
23.8832,77.8152,330.2,1.8,1.3,2026-04-18,420,Terra,MODIS,76,61.03,311,33.2,D,0
23.9018,75.5884,327.2,1.3,1.1,2026-04-18,420,Terra,MODIS,67,61.03,316.3,11.9,D,0
23.9979,75.6893,334.2,1.3,1.1,2026-04-18,420,Terra,MODIS,79,61.03,314.8,27.1,D,0
24.0077,75.6912,339,1.3,1.1,2026-04-18,420,Terra,MODIS,85,61.03,316.2,36.5,D,0
24.0556,74.8293,329.1,1.2,1.1,2026-04-18,420,Terra,MODIS,72,61.03,312.8,15.1,D,0
24.2783,78.0131,341,1.8,1.3,2026-04-18,420,Terra,MODIS,88,61.03,313,71.3,D,0
24.3061,75.6917,322.8,1.3,1.1,2026-04-18,420,Terra,MODIS,46,61.03,309.2,10.8,D,0
24.3095,77.7733,325.9,1.8,1.3,2026-04-18,420,Terra,MODIS,69,61.03,310,20.9,D,0
24.4366,75.0062,330.4,1.2,1.1,2026-04-18,420,Terra,MODIS,74,61.03,313.7,17.5,D,0
24.491,77.5322,324.9,1.7,1.3,2026-04-18,420,Terra,MODIS,55,61.03,306.3,20.3,D,0
24.4912,74.3587,326.4,1.1,1,2026-04-18,420,Terra,MODIS,67,61.03,312.7,10.5,D,0
24.4929,74.3482,325.8,1.1,1,2026-04-18,420,Terra,MODIS,65,61.03,312.1,9.7,D,0
24.5198,72.3803,321.3,1,1,2026-04-18,420,Terra,MODIS,43,61.03,310.3,6,D,0
24.5215,74.5274,324.9,1.1,1.1,2026-04-18,420,Terra,MODIS,62,61.03,312.6,7.9,D,0
24.595,74.2875,325.5,1.1,1,2026-04-18,420,Terra,MODIS,56,61.03,310.9,8.8,D,0
24.8066,76.7075,327.1,1.5,1.2,2026-04-18,420,Terra,MODIS,69,61.03,314.3,14.4,D,0
24.8624,77.1443,363.5,1.6,1.2,2026-04-18,420,Terra,MODIS,100,61.03,314.3,150.6,D,0
24.9026,77.1678,335.7,1.6,1.2,2026-04-18,420,Terra,MODIS,82,61.03,314,38.3,D,0
24.9347,77.074,328.7,1.5,1.2,2026-04-18,420,Terra,MODIS,73,61.03,312,19.5,D,0
24.9537,76.4968,331.3,1.4,1.2,2026-04-18,420,Terra,MODIS,75,61.03,312.5,23.3,D,0
25.0573,76.381,327.9,1.4,1.2,2026-04-18,420,Terra,MODIS,68,61.03,313.9,15.1,D,0
20.2687,75.2613,325.1,1.4,1.2,2026-04-18,421,Terra,MODIS,76,61.03,297.7,26.5,D,0
20.7328,73.9953,315.1,1.2,1.1,2026-04-18,421,Terra,MODIS,62,61.03,296.2,7.2,D,0
21.4332,71.8839,324.4,1,1,2026-04-18,421,Terra,MODIS,66,61.03,311.7,8.3,D,0
21.4942,70.7324,321.5,1,1,2026-04-18,421,Terra,MODIS,48,61.03,309.2,6.8,D,0
21.7527,71.714,323.6,1,1,2026-04-18,421,Terra,MODIS,57,61.03,312.2,5.8,D,2
21.7874,72.74,326,1,1,2026-04-18,421,Terra,MODIS,71,61.03,312.3,9.9,D,0
11.485,76.5924,318.9,2.6,1.5,2026-04-18,423,Terra,MODIS,71,61.03,295.3,55.6,D,0
15.9212,94.6572,319.8,1,1,2026-04-18,853,Aqua,MODIS,55,61.03,302.7,8.9,D,0
16.029,95.6649,323.3,1.1,1,2026-04-18,853,Aqua,MODIS,68,61.03,308.5,7.2,D,0
16.0945,94.7013,326.2,1,1,2026-04-18,853,Aqua,MODIS,73,61.03,305.7,10.9,D,0
16.0973,95.6293,325.6,1.1,1,2026-04-18,853,Aqua,MODIS,72,61.03,306.7,10.1,D,0
16.2019,94.9973,325.8,1,1,2026-04-18,853,Aqua,MODIS,72,61.03,305,10.5,D,0
16.2032,95.0065,322.6,1,1,2026-04-18,853,Aqua,MODIS,66,61.03,305.3,6.7,D,0
16.2103,94.7429,330.2,1,1,2026-04-18,853,Aqua,MODIS,74,61.03,306,16.1,D,0
16.2248,94.8434,321.4,1,1,2026-04-18,853,Aqua,MODIS,0,61.03,304.8,7.2,D,0
16.2278,95.701,320,1.1,1,2026-04-18,853,Aqua,MODIS,44,61.03,305.6,7.2,D,0
16.2296,95.451,320.9,1,1,2026-04-18,853,Aqua,MODIS,37,61.03,306.3,6.9,D,0
16.2356,95.3632,323,1,1,2026-04-18,853,Aqua,MODIS,51,61.03,306.3,9.3,D,0
16.2499,95.0181,322.9,1,1,2026-04-18,853,Aqua,MODIS,0,61.03,304.4,8.5,D,0
16.2524,95.4185,317.6,1,1,2026-04-18,853,Aqua,MODIS,42,61.03,304.7,6.3,D,0
16.2568,95.5147,332.3,1.1,1,2026-04-18,853,Aqua,MODIS,81,61.03,309.3,20.4,D,0
16.2756,95.4536,322.8,1,1,2026-04-18,853,Aqua,MODIS,65,61.03,306.6,9.3,D,0
16.2794,95.8719,320.7,1.1,1,2026-04-18,853,Aqua,MODIS,51,61.03,305.5,7,D,0
16.2823,95.308,344.6,1,1,2026-04-18,853,Aqua,MODIS,91,61.03,306.4,43.8,D,0
16.2881,95.8748,320.4,1.1,1,2026-04-18,853,Aqua,MODIS,43,61.03,305.8,6.8,D,0
16.3237,95.4591,324.8,1,1,2026-04-18,853,Aqua,MODIS,66,61.03,307.3,10.6,D,0
16.3306,95.3132,334.4,1,1,2026-04-18,853,Aqua,MODIS,83,61.03,304.6,25.4,D,0
16.337,94.4037,326.6,1,1,2026-04-18,853,Aqua,MODIS,75,61.03,304.8,14.8,D,0
16.3408,95.3213,317.9,1,1,2026-04-18,853,Aqua,MODIS,29,61.03,304.5,5.4,D,0
16.3438,95.4076,323.2,1,1,2026-04-18,853,Aqua,MODIS,66,61.03,304.8,12.1,D,0
16.367,95.8429,322.3,1.1,1,2026-04-18,853,Aqua,MODIS,58,61.03,306.7,8.3,D,0
16.3728,95.3549,320.7,1,1,2026-04-18,853,Aqua,MODIS,59,61.03,305.2,7.8,D,0
16.386,94.5938,322.7,1,1,2026-04-18,853,Aqua,MODIS,43,61.03,305.6,8.4,D,0
16.3965,95.4577,325.9,1.1,1,2026-04-18,853,Aqua,MODIS,63,61.03,308.5,11.6,D,0
16.3978,95.4672,332.7,1.1,1,2026-04-18,853,Aqua,MODIS,81,61.03,307.6,21.2,D,0
16.412,96.1031,326.2,1.1,1.1,2026-04-18,853,Aqua,MODIS,54,61.03,309.4,11.2,D,0
16.4161,95.1412,319.7,1,1,2026-04-18,853,Aqua,MODIS,54,61.03,304,6.9,D,0
16.4166,95.0177,319.3,1,1,2026-04-18,853,Aqua,MODIS,50,61.03,303.1,6.5,D,0
16.4292,95.4275,326.5,1,1,2026-04-18,853,Aqua,MODIS,63,61.03,307.7,12.1,D,0
16.4395,96.099,324.2,1.1,1.1,2026-04-18,853,Aqua,MODIS,27,61.03,308.8,7.3,D,0
16.4579,96.0962,329.7,1.1,1.1,2026-04-18,853,Aqua,MODIS,76,61.03,309.8,14.3,D,0
16.4701,95.656,322.1,1.1,1,2026-04-18,853,Aqua,MODIS,63,61.03,306,8.8,D,0
16.4721,96.0633,335.3,1.1,1,2026-04-18,853,Aqua,MODIS,83,61.03,310.3,26.5,D,0
16.4722,95.8047,324.8,1.1,1,2026-04-18,853,Aqua,MODIS,0,61.03,307,12,D,0
16.4752,95.4301,322.8,1,1,2026-04-18,853,Aqua,MODIS,65,61.03,307.2,8.5,D,0
16.4765,95.4396,324.4,1.1,1,2026-04-18,853,Aqua,MODIS,68,61.03,306.2,9.7,D,0
16.4769,95.3138,322.3,1,1,2026-04-18,853,Aqua,MODIS,56,61.03,305.7,8.3,D,0
16.4783,95.3233,320.9,1,1,2026-04-18,853,Aqua,MODIS,33,61.03,305.3,6.3,D,0
16.4791,96.1136,336,1.1,1.1,2026-04-18,853,Aqua,MODIS,84,61.03,311.3,23.1,D,0
16.4994,95.6023,321.4,1.1,1,2026-04-18,853,Aqua,MODIS,33,61.03,307.3,7,D,0
16.5011,95.3422,320.7,1,1,2026-04-18,853,Aqua,MODIS,56,61.03,305,6.9,D,0
16.507,96.455,324.5,1.2,1.1,2026-04-18,853,Aqua,MODIS,67,61.03,311.6,7.7,D,0
16.5098,95.6106,324,1.1,1,2026-04-18,853,Aqua,MODIS,44,61.03,308.1,9.3,D,0
16.5107,95.749,319.4,1.1,1,2026-04-18,853,Aqua,MODIS,42,61.03,305.2,6.5,D,0
16.5173,95.5244,323.8,1.1,1,2026-04-18,853,Aqua,MODIS,66,61.03,308.1,10,D,0
16.5239,95.5724,325.9,1.1,1,2026-04-18,853,Aqua,MODIS,67,61.03,304.6,13.5,D,0
16.5256,95.6575,326.3,1.1,1,2026-04-18,853,Aqua,MODIS,72,61.03,308.2,11.3,D,0
16.5266,95.5917,321.5,1.1,1,2026-04-18,853,Aqua,MODIS,54,61.03,305.5,8.5,D,0
16.5269,95.6672,325.9,1.1,1,2026-04-18,853,Aqua,MODIS,71,61.03,308.6,10.9,D,0
16.5289,95.5423,336.4,1.1,1,2026-04-18,853,Aqua,MODIS,84,61.03,306.9,27.6,D,0
16.5479,95.2868,320.3,1,1,2026-04-18,853,Aqua,MODIS,46,61.03,303.2,6.2,D,0
16.5616,95.6455,324.5,1.1,1,2026-04-18,853,Aqua,MODIS,47,61.03,308.1,7.8,D,0
16.5629,95.6552,325,1.1,1,2026-04-18,853,Aqua,MODIS,43,61.03,308,8,D,0
16.5643,95.6649,324.4,1.1,1,2026-04-18,853,Aqua,MODIS,40,61.03,308.7,7.6,D,0
16.5778,95.5642,328.1,1.1,1,2026-04-18,853,Aqua,MODIS,74,61.03,308.4,13.5,D,0
16.5787,95.7024,350.4,1.1,1,2026-04-18,853,Aqua,MODIS,94,61.03,309.8,56.4,D,0
16.5792,95.5739,336.3,1.1,1,2026-04-18,853,Aqua,MODIS,84,61.03,308.2,25.6,D,0
16.58,95.7121,335.2,1.1,1,2026-04-18,853,Aqua,MODIS,83,61.03,307.3,27.3,D,0
16.5877,95.701,334.6,1.1,1,2026-04-18,853,Aqua,MODIS,82,61.03,307.5,26.3,D,0
16.5891,95.7108,321.9,1.1,1,2026-04-18,853,Aqua,MODIS,43,61.03,305.7,10.2,D,0
16.6113,94.5646,320.1,1,1,2026-04-18,853,Aqua,MODIS,59,61.03,304.4,7.8,D,0
16.6178,95.5229,322.2,1.1,1,2026-04-18,853,Aqua,MODIS,58,61.03,306.8,7.9,D,0
16.6192,95.5325,320.6,1.1,1,2026-04-18,853,Aqua,MODIS,54,61.03,306.2,6.3,D,0
16.6214,94.7596,323.8,1,1,2026-04-18,853,Aqua,MODIS,68,61.03,304.1,11.3,D,0
16.6227,94.7688,324.7,1,1,2026-04-18,853,Aqua,MODIS,70,61.03,303.9,12.4,D,0
16.6325,95.629,340.7,1.1,1,2026-04-18,853,Aqua,MODIS,88,61.03,309.4,33,D,0
16.6338,95.6386,327.7,1.1,1,2026-04-18,853,Aqua,MODIS,73,61.03,307.4,12.6,D,0
16.6375,94.5605,317.7,1,1,2026-04-18,853,Aqua,MODIS,39,61.03,304.3,5.6,D,0
16.6394,95.4804,331.5,1.1,1,2026-04-18,853,Aqua,MODIS,74,61.03,307.3,17,D,0
16.6425,95.5682,322.9,1.1,1,2026-04-18,853,Aqua,MODIS,63,61.03,307.9,7.8,D,0
16.643,96.1699,327.7,1.1,1.1,2026-04-18,853,Aqua,MODIS,72,61.03,308,10.6,D,0
16.6435,95.1063,319.5,1,1,2026-04-18,853,Aqua,MODIS,30,61.03,303.6,6.8,D,0
16.647,95.4695,328.8,1.1,1,2026-04-18,853,Aqua,MODIS,70,61.03,308,11.8,D,0
16.6516,94.9718,320.4,1,1,2026-04-18,853,Aqua,MODIS,56,61.03,303.8,7.7,D,0
16.664,95.7235,326.5,1.1,1,2026-04-18,853,Aqua,MODIS,65,61.03,308,12.8,D,0
16.6648,94.4851,319.3,1,1,2026-04-18,853,Aqua,MODIS,56,61.03,301,11.1,D,0
16.6653,94.7527,328.7,1,1,2026-04-18,853,Aqua,MODIS,76,61.03,304.4,16.1,D,0
16.673,95.7221,340.8,1.1,1,2026-04-18,853,Aqua,MODIS,88,61.03,307.2,35,D,0
16.6816,94.9292,321,1,1,2026-04-18,853,Aqua,MODIS,55,61.03,303.5,8.1,D,0
16.6869,95.4927,326,1.1,1,2026-04-18,853,Aqua,MODIS,68,61.03,308.8,8.2,D,0
16.6906,95.3783,326,1,1,2026-04-18,853,Aqua,MODIS,59,61.03,305,10.6,D,0
16.6928,94.5554,321.6,1,1,2026-04-18,853,Aqua,MODIS,63,61.03,305.3,8.8,D,0
16.6957,94.9649,325.4,1,1,2026-04-18,853,Aqua,MODIS,70,61.03,302.9,13,D,0
16.7108,94.618,322.3,1,1,2026-04-18,853,Aqua,MODIS,65,61.03,303.8,11.3,D,0
16.7121,94.6271,319.1,1,1,2026-04-18,853,Aqua,MODIS,54,61.03,303.6,8.2,D,0
16.7128,94.9471,322.1,1,1,2026-04-18,853,Aqua,MODIS,63,61.03,303.4,10.2,D,0
16.7129,95.4724,324.9,1.1,1,2026-04-18,853,Aqua,MODIS,42,61.03,306.7,9.1,D,0
16.7149,95.6198,322.6,1.1,1,2026-04-18,853,Aqua,MODIS,54,61.03,306,8,D,0
16.7455,94.923,318,1,1,2026-04-18,853,Aqua,MODIS,35,61.03,302.7,6.4,D,0
16.7653,95.0625,319.9,1,1,2026-04-18,853,Aqua,MODIS,51,61.03,303.4,6.7,D,0
16.7677,95.2734,325,1,1,2026-04-18,853,Aqua,MODIS,61,61.03,304.7,11.3,D,0
16.7766,95.272,323.2,1,1,2026-04-18,853,Aqua,MODIS,44,61.03,305,8.3,D,0
16.7934,94.6078,322.4,1,1,2026-04-18,853,Aqua,MODIS,65,61.03,303.9,10.5,D,0
16.8123,96.0597,332.7,1.1,1.1,2026-04-18,853,Aqua,MODIS,79,61.03,312.1,17.8,D,0
16.8155,95.9463,327.3,1.1,1,2026-04-18,853,Aqua,MODIS,61,61.03,309.2,13.4,D,0
16.8168,95.9563,327.4,1.1,1,2026-04-18,853,Aqua,MODIS,72,61.03,309.8,12.2,D,0
16.8303,95.7259,319.1,1.1,1,2026-04-18,853,Aqua,MODIS,36,61.03,304.9,8.6,D,0
16.8319,95.3411,331.8,1,1,2026-04-18,853,Aqua,MODIS,74,61.03,306.5,20.1,D,0
16.8463,96.034,326.1,1.1,1.1,2026-04-18,853,Aqua,MODIS,0,61.03,310.8,8.4,D,0
16.8477,96.0441,359.9,1.1,1.1,2026-04-18,853,Aqua,MODIS,0,61.03,309.1,82.1,D,2
16.8501,95.0047,324.3,1,1,2026-04-18,853,Aqua,MODIS,68,61.03,304.3,11.9,D,0
16.8514,95.0141,320.5,1,1,2026-04-18,853,Aqua,MODIS,57,61.03,303.4,7.6,D,0
16.8735,94.4026,319.9,1,1,2026-04-18,853,Aqua,MODIS,55,61.03,299.5,10.1,D,0
16.8773,95.3276,322.1,1,1,2026-04-18,853,Aqua,MODIS,57,61.03,304.5,6.3,D,0
16.9594,95.7199,323.7,1.1,1,2026-04-18,853,Aqua,MODIS,56,61.03,306.2,11.8,D,0
16.9608,95.7297,326.1,1.1,1,2026-04-18,853,Aqua,MODIS,69,61.03,308.1,14.5,D,0
16.9615,95.4712,324.9,1.1,1,2026-04-18,853,Aqua,MODIS,68,61.03,305.3,11.8,D,0
16.9744,95.8286,324.3,1.1,1,2026-04-18,853,Aqua,MODIS,67,61.03,307,10.8,D,0
16.9993,95.2837,323.8,1,1,2026-04-18,853,Aqua,MODIS,50,61.03,302.6,11.7,D,0
17.0436,95.0675,324.5,1,1,2026-04-18,853,Aqua,MODIS,68,61.03,304,9.2,D,0
17.0472,94.7,324.4,1,1,2026-04-18,853,Aqua,MODIS,64,61.03,304.1,13.2,D,0
17.0485,94.7093,341.6,1,1,2026-04-18,853,Aqua,MODIS,84,61.03,305.7,37.2,D,0
17.0614,95.0648,326.5,1,1,2026-04-18,853,Aqua,MODIS,71,61.03,305.6,11.2,D,0
17.0615,95.7288,325.2,1.1,1,2026-04-18,853,Aqua,MODIS,36,61.03,307.6,8.7,D,0
17.081,95.7359,347,1.1,1,2026-04-18,853,Aqua,MODIS,92,61.03,309.4,45.8,D,0
17.0849,95.8979,321.8,1.1,1,2026-04-18,853,Aqua,MODIS,43,61.03,306,7.9,D,0
17.0874,95.7148,334.1,1.1,1,2026-04-18,853,Aqua,MODIS,82,61.03,308.7,20.4,D,0
17.0926,95.8865,332.6,1.1,1,2026-04-18,853,Aqua,MODIS,80,61.03,307.3,21.3,D,0
17.1033,95.4273,322.7,1.1,1,2026-04-18,853,Aqua,MODIS,62,61.03,304.5,8.4,D,0
17.1179,95.1368,326.5,1,1,2026-04-18,853,Aqua,MODIS,71,61.03,305.6,11.2,D,0
17.1216,94.9063,322.4,1,1,2026-04-18,853,Aqua,MODIS,62,61.03,305.9,7.9,D,0
17.1465,95.5393,323.9,1.1,1,2026-04-18,853,Aqua,MODIS,62,61.03,305.6,9.8,D,0
17.1521,95.1219,324.3,1,1,2026-04-18,853,Aqua,MODIS,67,61.03,305.5,8.7,D,0
17.1635,95.727,331.8,1.1,1,2026-04-18,853,Aqua,MODIS,77,61.03,306.2,18,D,0
17.1674,94.8925,328.8,1,1,2026-04-18,853,Aqua,MODIS,71,61.03,306.8,15.8,D,0
17.1726,95.7256,326,1.1,1,2026-04-18,853,Aqua,MODIS,64,61.03,307.9,11.1,D,0
17.174,95.7355,324.1,1.1,1,2026-04-18,853,Aqua,MODIS,64,61.03,308.7,10.2,D,0
17.1753,95.7454,322.7,1.1,1,2026-04-18,853,Aqua,MODIS,46,61.03,307.2,8.2,D,0
17.1969,95.8336,323.6,1.1,1,2026-04-18,853,Aqua,MODIS,58,61.03,306.3,10,D,0
17.2019,94.9444,320.3,1,1,2026-04-18,853,Aqua,MODIS,52,61.03,305.2,6.4,D,0
17.2021,95.5449,333.7,1.1,1,2026-04-18,853,Aqua,MODIS,81,61.03,305.5,22.3,D,0
17.2034,95.5547,342.3,1.1,1,2026-04-18,853,Aqua,MODIS,89,61.03,305.1,37.2,D,0
17.2319,95.0933,323.2,1,1,2026-04-18,853,Aqua,MODIS,65,61.03,305.9,8.9,D,0
17.2488,94.9562,324.7,1,1,2026-04-18,853,Aqua,MODIS,65,61.03,306,11.3,D,0
17.2501,94.9655,319.9,1,1,2026-04-18,853,Aqua,MODIS,53,61.03,305.5,6.1,D,0
17.2554,95.3916,326.7,1.1,1,2026-04-18,853,Aqua,MODIS,64,61.03,306.7,11.4,D,0
17.2567,95.4013,323.7,1.1,1,2026-04-18,853,Aqua,MODIS,52,61.03,304,8.1,D,0
17.2992,96.544,325.6,1.2,1.1,2026-04-18,853,Aqua,MODIS,48,61.03,309.3,9.7,D,0
17.3357,95.4428,327.3,1.1,1,2026-04-18,853,Aqua,MODIS,58,61.03,304.2,13.3,D,0
17.4301,96.0701,323.4,1.1,1.1,2026-04-18,853,Aqua,MODIS,66,61.03,307.3,11.4,D,0
17.4354,96.2235,320.2,1.2,1.1,2026-04-18,853,Aqua,MODIS,53,61.03,305.3,8.3,D,0
17.4904,96.3067,341.3,1.2,1.1,2026-04-18,853,Aqua,MODIS,88,61.03,307.9,38.3,D,0
17.4918,96.3173,325.2,1.2,1.1,2026-04-18,853,Aqua,MODIS,64,61.03,306.4,9.7,D,0
17.4955,96.2735,322.1,1.2,1.1,2026-04-18,853,Aqua,MODIS,45,61.03,305.5,7,D,0
17.5106,95.9782,326.5,1.1,1.1,2026-04-18,853,Aqua,MODIS,68,61.03,309.7,12.2,D,0
17.512,95.9885,334.3,1.1,1.1,2026-04-18,853,Aqua,MODIS,82,61.03,308.1,24.8,D,0
17.5498,96.9037,324.6,1.3,1.1,2026-04-18,853,Aqua,MODIS,71,61.03,309.2,13.8,D,0
17.5647,94.6441,332.2,1,1,2026-04-18,853,Aqua,MODIS,80,61.03,301.2,25.1,D,0
17.5669,94.5965,323.3,1,1,2026-04-18,853,Aqua,MODIS,0,61.03,301,14.9,D,0
17.5722,94.6335,319.4,1,1,2026-04-18,853,Aqua,MODIS,45,61.03,302.8,10.4,D,0
17.5803,95.9366,324.8,1.1,1.1,2026-04-18,853,Aqua,MODIS,30,61.03,308.2,9.2,D,0
17.5907,94.6247,350.3,1,1,2026-04-18,853,Aqua,MODIS,94,61.03,302.9,57.4,D,0
17.5921,94.6341,333.1,1,1,2026-04-18,853,Aqua,MODIS,81,61.03,301.6,26.6,D,0
17.6379,95.9639,321.9,1.1,1.1,2026-04-18,853,Aqua,MODIS,62,61.03,306.9,8.2,D,0
17.7124,96.8913,322.3,1.3,1.1,2026-04-18,853,Aqua,MODIS,28,61.03,307.5,9,D,0
17.7587,94.9645,326.8,1,1,2026-04-18,853,Aqua,MODIS,73,61.03,304.4,15.2,D,0
17.8923,95.8649,324.6,1.1,1.1,2026-04-18,853,Aqua,MODIS,63,61.03,308.5,9.3,D,0
17.8491,94.4894,324.1,1,1,2026-04-18,854,Aqua,MODIS,0,61.03,304.6,13.5,D,0
17.9186,94.5352,319.5,1,1,2026-04-18,854,Aqua,MODIS,37,61.03,303.3,7.9,D,0
17.9574,94.5423,329.7,1,1,2026-04-18,854,Aqua,MODIS,77,61.03,302,21,D,0
18.0115,94.5432,320.8,1,1,2026-04-18,854,Aqua,MODIS,29,61.03,300.2,10.5,D,0
18.0203,94.5418,319.4,1,1,2026-04-18,854,Aqua,MODIS,30,61.03,300.8,9.6,D,0
18.1165,94.501,321.5,1,1,2026-04-18,854,Aqua,MODIS,58,61.03,301.3,11,D,0
18.1178,94.5102,321.2,1,1,2026-04-18,854,Aqua,MODIS,59,61.03,300.6,11.2,D,0
18.1518,94.5468,324.8,1,1,2026-04-18,854,Aqua,MODIS,69,61.03,300.7,16.5,D,0
18.1531,94.5561,319.1,1,1,2026-04-18,854,Aqua,MODIS,46,61.03,300.4,11,D,0
18.3802,96.7623,322.5,1.3,1.1,2026-04-18,854,Aqua,MODIS,33,61.03,303,10.3,D,0
18.3817,96.7738,332.4,1.3,1.1,2026-04-18,854,Aqua,MODIS,81,61.03,302.4,28.7,D,0
18.4387,96.8171,341.3,1.3,1.1,2026-04-18,854,Aqua,MODIS,89,61.03,302.1,51.8,D,0
18.4444,94.4625,322.8,1,1,2026-04-18,854,Aqua,MODIS,52,61.03,301.8,11.8,D,0
18.4532,94.461,384.3,1,1,2026-04-18,854,Aqua,MODIS,100,61.03,302.5,166.5,D,0
18.4536,96.2148,320,1.2,1.1,2026-04-18,854,Aqua,MODIS,47,61.03,301.5,11.7,D,0
18.4545,94.4702,328.2,1,1,2026-04-18,854,Aqua,MODIS,67,61.03,300.2,18.1,D,0
18.5008,94.4668,325.9,1,1,2026-04-18,854,Aqua,MODIS,69,61.03,301.4,16.7,D,0
18.5789,96.1797,318.6,1.2,1.1,2026-04-18,854,Aqua,MODIS,44,61.03,299.8,9.7,D,0
18.6348,94.63,350.3,1,1,2026-04-18,854,Aqua,MODIS,94,61.03,301,58.8,D,0
18.6437,94.6285,326.6,1,1,2026-04-18,854,Aqua,MODIS,71,61.03,299.7,18.8,D,0
18.6511,94.2878,324.7,1,1,2026-04-18,854,Aqua,MODIS,65,61.03,302.1,14.8,D,0
18.6518,96.6579,326.4,1.3,1.1,2026-04-18,854,Aqua,MODIS,74,61.03,305.7,15.2,D,0
18.6522,95.7533,332.7,1.1,1.1,2026-04-18,854,Aqua,MODIS,81,61.03,312.7,16,D,0
18.7308,94.5322,357,1,1,2026-04-18,854,Aqua,MODIS,98,61.03,302,74,D,0
18.7322,94.5417,349.3,1,1,2026-04-18,854,Aqua,MODIS,94,61.03,301,55.8,D,0
18.7339,94.4269,321.2,1,1,2026-04-18,854,Aqua,MODIS,55,61.03,301.6,11.8,D,0
18.7728,94.4906,344.1,1,1,2026-04-18,854,Aqua,MODIS,90,61.03,303.3,43.3,D,0
18.7741,94.5,393.4,1,1,2026-04-18,854,Aqua,MODIS,100,61.03,307,215.5,D,0
18.796,93.6397,321.1,1,1,2026-04-18,854,Aqua,MODIS,65,61.03,305.6,6.7,D,0
18.8023,94.3808,326.4,1,1,2026-04-18,854,Aqua,MODIS,71,61.03,302.6,15.4,D,0
18.8036,94.3902,362.6,1,1,2026-04-18,854,Aqua,MODIS,100,61.03,304.5,86.3,D,0
18.8269,93.5812,320,1,1,2026-04-18,854,Aqua,MODIS,53,61.03,305.7,6.4,D,0
18.8277,95.7565,340.5,1.1,1.1,2026-04-18,854,Aqua,MODIS,88,61.03,309.8,32.7,D,0
18.8323,96.6305,319.7,1.3,1.1,2026-04-18,854,Aqua,MODIS,54,61.03,302,9.9,D,0
18.8806,96.0059,320,1.2,1.1,2026-04-18,854,Aqua,MODIS,57,61.03,304.4,7.3,D,0
19.0017,94.2319,327.5,1,1,2026-04-18,854,Aqua,MODIS,71,61.03,305.5,13.6,D,0
19.0057,94.2598,347.3,1,1,2026-04-18,854,Aqua,MODIS,92,61.03,307.2,45.9,D,0
19.0071,94.2691,333.1,1,1,2026-04-18,854,Aqua,MODIS,80,61.03,306.9,21.5,D,0
19.0129,94.2339,327.2,1,1,2026-04-18,854,Aqua,MODIS,71,61.03,303.9,16.1,D,0
19.0194,95.552,329.4,1.1,1.1,2026-04-18,854,Aqua,MODIS,65,61.03,311.4,10.6,D,0
19.0208,95.5622,330.6,1.1,1.1,2026-04-18,854,Aqua,MODIS,79,61.03,311.5,12,D,0
19.0314,96.5192,322.6,1.2,1.1,2026-04-18,854,Aqua,MODIS,60,61.03,302.3,13.3,D,0
19.0544,94.0849,321.3,1,1,2026-04-18,854,Aqua,MODIS,0,61.03,305.8,8.5,D,0
19.1133,95.7587,334.6,1.1,1.1,2026-04-18,854,Aqua,MODIS,83,61.03,309.2,22.8,D,0
19.1147,95.7691,339.9,1.1,1.1,2026-04-18,854,Aqua,MODIS,88,61.03,308.5,34,D,0
19.1191,94.2007,340.8,1,1,2026-04-18,854,Aqua,MODIS,87,61.03,306.7,33.9,D,0
19.1205,94.21,324.3,1,1,2026-04-18,854,Aqua,MODIS,65,61.03,305.1,11.4,D,0
19.1226,95.7572,339.6,1.1,1.1,2026-04-18,854,Aqua,MODIS,87,61.03,309.2,32.2,D,0
19.19,94.7691,333.9,1,1,2026-04-18,854,Aqua,MODIS,81,61.03,310.2,19,D,0
19.1913,94.7787,342.9,1,1,2026-04-18,854,Aqua,MODIS,89,61.03,310.2,34.4,D,0
19.2084,94.0572,326.2,1,1,2026-04-18,854,Aqua,MODIS,0,61.03,305.4,12.9,D,0
19.2171,94.0558,325.1,1,1,2026-04-18,854,Aqua,MODIS,51,61.03,307.1,13.5,D,0
19.2287,96.1397,320.9,1.2,1.1,2026-04-18,854,Aqua,MODIS,52,61.03,302.8,8,D,0
19.2652,96.7243,325.2,1.3,1.1,2026-04-18,854,Aqua,MODIS,71,61.03,299.6,22.5,D,0
19.3101,96.2121,321.3,1.2,1.1,2026-04-18,854,Aqua,MODIS,58,61.03,303.4,7.7,D,0
19.3231,94.1462,322.4,1,1,2026-04-18,854,Aqua,MODIS,55,61.03,306.3,9.3,D,0
19.3269,95.9746,320.2,1.2,1.1,2026-04-18,854,Aqua,MODIS,53,61.03,303.7,7.7,D,0
19.3353,94.106,325.6,1,1,2026-04-18,854,Aqua,MODIS,68,61.03,304,13,D,0
19.3413,94.4016,326,1,1,2026-04-18,854,Aqua,MODIS,68,61.03,304.7,15.4,D,0
19.3427,94.4111,413.6,1,1,2026-04-18,854,Aqua,MODIS,100,61.03,314.9,348.1,D,0
19.344,94.4206,355.2,1,1,2026-04-18,854,Aqua,MODIS,97,61.03,304.4,67.1,D,0
19.3796,94.2899,322.1,1,1,2026-04-18,854,Aqua,MODIS,55,61.03,303.7,12.4,D,0
19.3809,94.2992,325.6,1,1,2026-04-18,854,Aqua,MODIS,67,61.03,303.7,16.5,D,0
19.4046,94.921,330.6,1.1,1,2026-04-18,854,Aqua,MODIS,77,61.03,311.3,14.1,D,0
19.4351,93.7646,329.3,1,1,2026-04-18,854,Aqua,MODIS,76,61.03,305.8,17.3,D,0
19.4364,93.7738,336.6,1,1,2026-04-18,854,Aqua,MODIS,84,61.03,305,28,D,0
19.4445,93.7064,323.9,1,1,2026-04-18,854,Aqua,MODIS,67,61.03,308.9,11.2,D,0
19.4532,93.8279,324.5,1,1,2026-04-18,854,Aqua,MODIS,61,61.03,308.8,10.3,D,0
19.4718,93.9576,325.3,1,1,2026-04-18,854,Aqua,MODIS,64,61.03,307.1,12.1,D,0
19.529,94.0434,328.3,1,1,2026-04-18,854,Aqua,MODIS,73,61.03,306.6,16.5,D,0
19.5478,94.174,336.9,1,1,2026-04-18,854,Aqua,MODIS,84,61.03,303.4,32.3,D,0
19.5491,94.1834,346.5,1,1,2026-04-18,854,Aqua,MODIS,92,61.03,304,49.4,D,0
19.5657,94.6853,358.4,1,1,2026-04-18,854,Aqua,MODIS,99,61.03,312.8,68.4,D,0
19.5868,94.0568,332.5,1,1,2026-04-18,854,Aqua,MODIS,79,61.03,304.6,23.9,D,0
19.5881,94.066,340.1,1,1,2026-04-18,854,Aqua,MODIS,87,61.03,303.8,36.4,D,0
19.5929,94.0369,327.2,1,1,2026-04-18,854,Aqua,MODIS,71,61.03,305.2,16.4,D,0
19.5975,94.1316,329.5,1,1,2026-04-18,854,Aqua,MODIS,74,61.03,303.8,21.9,D,0
19.6248,96.5039,321.4,1.3,1.1,2026-04-18,854,Aqua,MODIS,58,61.03,302.9,17.1,D,0
19.6375,96.6813,321.6,1.3,1.1,2026-04-18,854,Aqua,MODIS,53,61.03,303.1,12.5,D,0
19.6382,94.08,322.6,1,1,2026-04-18,854,Aqua,MODIS,57,61.03,303.5,11.7,D,0
19.6459,93.9454,335.4,1,1,2026-04-18,854,Aqua,MODIS,82,61.03,303.8,28,D,0
19.6472,93.9548,339,1,1,2026-04-18,854,Aqua,MODIS,86,61.03,303.9,33.2,D,0
19.6546,93.944,326.4,1,1,2026-04-18,854,Aqua,MODIS,70,61.03,303.2,17,D,0
19.656,93.9533,320.5,1,1,2026-04-18,854,Aqua,MODIS,47,61.03,303.1,10.2,D,0
19.6608,95.0399,340,1.1,1,2026-04-18,854,Aqua,MODIS,87,61.03,313.3,27.2,D,0
19.6622,95.0498,335.5,1.1,1,2026-04-18,854,Aqua,MODIS,82,61.03,313.5,19.6,D,0
19.6642,96.6545,321.2,1.3,1.1,2026-04-18,854,Aqua,MODIS,43,61.03,305.8,13,D,0
19.7048,94.2324,368.5,1,1,2026-04-18,854,Aqua,MODIS,100,61.03,305,106.8,D,0
19.7085,93.9295,325.9,1,1,2026-04-18,854,Aqua,MODIS,63,61.03,303.6,15.5,D,0
19.7287,93.9454,399.2,1,1,2026-04-18,854,Aqua,MODIS,100,61.03,309.8,242,D,0
19.73,93.9547,387.1,1,1,2026-04-18,854,Aqua,MODIS,100,61.03,306.4,176.6,D,0
19.7388,93.9533,321.8,1,1,2026-04-18,854,Aqua,MODIS,46,61.03,303.4,9.5,D,0
19.7481,94.0186,330.9,1,1,2026-04-18,854,Aqua,MODIS,77,61.03,306.2,19.6,D,0
19.7495,94.028,320.7,1,1,2026-04-18,854,Aqua,MODIS,30,61.03,304.6,7.7,D,0
19.7612,93.7976,319.2,1,1,2026-04-18,854,Aqua,MODIS,36,61.03,303.6,8.2,D,0
19.7715,95.9211,323.5,1.2,1.1,2026-04-18,854,Aqua,MODIS,41,61.03,304.9,11.7,D,0
19.8072,93.9069,322.2,1,1,2026-04-18,854,Aqua,MODIS,59,61.03,301.7,12.5,D,0
19.8218,94.0094,334.6,1,1,2026-04-18,854,Aqua,MODIS,82,61.03,302.4,26.2,D,0
19.8388,93.9399,347.5,1,1,2026-04-18,854,Aqua,MODIS,92,61.03,302.1,49,D,0
19.8402,93.9492,358.9,1,1,2026-04-18,854,Aqua,MODIS,99,61.03,301.7,75.7,D,0
19.8417,96.6039,319.3,1.3,1.1,2026-04-18,854,Aqua,MODIS,39,61.03,301.7,11.9,D,0
19.8724,94.0492,326.8,1,1,2026-04-18,854,Aqua,MODIS,70,61.03,303.1,14.9,D,0
19.894,93.9347,326.5,1,1,2026-04-18,854,Aqua,MODIS,71,61.03,299.4,15.9,D,0
19.9035,93.8761,336.9,1,1,2026-04-18,854,Aqua,MODIS,84,61.03,302.9,28.6,D,0
19.9049,93.8853,333,1,1,2026-04-18,854,Aqua,MODIS,81,61.03,301.5,22.6,D,0
19.9096,94.3111,333.3,1,1,2026-04-18,854,Aqua,MODIS,80,61.03,299.1,29.3,D,0
19.9123,93.8747,328.1,1,1,2026-04-18,854,Aqua,MODIS,74,61.03,302.3,17.1,D,0
19.9126,94.0658,330,1,1,2026-04-18,854,Aqua,MODIS,76,61.03,301.4,19.8,D,0
19.9136,93.8839,321.6,1,1,2026-04-18,854,Aqua,MODIS,59,61.03,301,9.3,D,0
19.915,93.8932,386.1,1,1,2026-04-18,854,Aqua,MODIS,100,61.03,304.8,172.4,D,0
19.9163,93.9026,366.1,1,1,2026-04-18,854,Aqua,MODIS,100,61.03,301.3,95.2,D,0
19.9209,93.9974,377.9,1,1,2026-04-18,854,Aqua,MODIS,100,61.03,305,138,D,0
19.9222,94.0066,363.2,1,1,2026-04-18,854,Aqua,MODIS,100,61.03,302.7,87.1,D,0
19.9337,96.6104,333.2,1.3,1.1,2026-04-18,854,Aqua,MODIS,80,61.03,304.1,32.6,D,0
19.9387,96.5715,339.6,1.3,1.1,2026-04-18,854,Aqua,MODIS,87,61.03,306.5,47,D,0
19.9436,96.6087,329.6,1.3,1.1,2026-04-18,854,Aqua,MODIS,64,61.03,305.2,24.8,D,0
19.947,96.5582,327.5,1.3,1.1,2026-04-18,854,Aqua,MODIS,63,61.03,304.4,22.3,D,0
19.9486,96.5707,363.8,1.3,1.1,2026-04-18,854,Aqua,MODIS,100,61.03,309.4,124.3,D,0
19.9503,96.5834,341.3,1.3,1.1,2026-04-18,854,Aqua,MODIS,88,61.03,305.8,48.4,D,0
20.0648,93.9769,337.8,1,1,2026-04-18,854,Aqua,MODIS,85,61.03,299.2,33.9,D,0
20.1504,93.8713,346,1,1,2026-04-18,854,Aqua,MODIS,92,61.03,299.4,47.3,D,0
20.1508,94.3829,329,1,1,2026-04-18,854,Aqua,MODIS,70,61.03,309.5,14,D,0
20.165,93.4534,319,1,1,2026-04-18,854,Aqua,MODIS,26,61.03,301.7,6.5,D,0
20.167,93.6522,318.2,1,1,2026-04-18,854,Aqua,MODIS,51,61.03,300.9,8,D,0
20.2029,93.4509,319.2,1,1,2026-04-18,854,Aqua,MODIS,48,61.03,301.2,7.4,D,0
20.2133,93.7873,333.6,1,1,2026-04-18,854,Aqua,MODIS,82,61.03,300.2,26.4,D,0
20.2147,93.7967,324.5,1,1,2026-04-18,854,Aqua,MODIS,69,61.03,298.9,15.2,D,0
20.2207,93.7764,329.2,1,1,2026-04-18,854,Aqua,MODIS,74,61.03,300,19.5,D,0
20.2221,93.7858,361,1,1,2026-04-18,854,Aqua,MODIS,100,61.03,302.3,82,D,0
20.2234,93.7952,336.6,1,1,2026-04-18,854,Aqua,MODIS,85,61.03,299.4,30.7,D,0
20.2275,96.6656,322,1.3,1.1,2026-04-18,854,Aqua,MODIS,57,61.03,299.2,18.9,D,0
20.229,96.6776,343.3,1.3,1.1,2026-04-18,854,Aqua,MODIS,89,61.03,300.2,62.2,D,0
20.2591,93.8412,366,1,1,2026-04-18,854,Aqua,MODIS,100,61.03,301.5,97.3,D,0
20.2604,93.8505,336.2,1,1,2026-04-18,854,Aqua,MODIS,84,61.03,299.3,29.9,D,0
20.2678,93.8397,368.4,1,1,2026-04-18,854,Aqua,MODIS,100,61.03,301.6,104.7,D,0
20.2692,93.8491,334.1,1,1,2026-04-18,854,Aqua,MODIS,82,61.03,299.1,26.8,D,0
20.2822,94.6621,332.5,1.1,1,2026-04-18,854,Aqua,MODIS,73,61.03,311.4,15.7,D,0
20.2836,94.6719,326.6,1.1,1,2026-04-18,854,Aqua,MODIS,47,61.03,309.4,8.1,D,0
20.2955,93.5968,339.7,1,1,2026-04-18,854,Aqua,MODIS,88,61.03,299.1,36.1,D,0
20.3043,93.719,318.4,1,1,2026-04-18,854,Aqua,MODIS,51,61.03,297.6,10.7,D,0
20.3056,93.7284,320.7,1,1,2026-04-18,854,Aqua,MODIS,61,61.03,297.6,12.9,D,0
20.4038,93.5001,317.3,1,1,2026-04-18,854,Aqua,MODIS,52,61.03,297.6,8.1,D,0
20.4052,93.5094,329.9,1,1,2026-04-18,854,Aqua,MODIS,79,61.03,298.6,21.6,D,0
20.4294,94.261,319.3,1,1,2026-04-18,854,Aqua,MODIS,32,61.03,304.3,4,D,0
20.5808,94.2989,341.8,1,1,2026-04-18,854,Aqua,MODIS,88,61.03,307.6,34.3,D,0
20.585,92.9005,316.9,1,1,2026-04-18,854,Aqua,MODIS,42,61.03,302.3,5.7,D,0
20.61,94.2975,322.4,1,1,2026-04-18,854,Aqua,MODIS,52,61.03,306.4,7.8,D,0
20.6363,93.7066,338.6,1,1,2026-04-18,854,Aqua,MODIS,87,61.03,301.1,31.7,D,0
20.6376,93.7161,318.5,1,1,2026-04-18,854,Aqua,MODIS,39,61.03,301,6.7,D,0
20.6551,93.7132,320,1,1,2026-04-18,854,Aqua,MODIS,54,61.03,300.3,9.7,D,0
20.659,93.4672,342.4,1,1,2026-04-18,854,Aqua,MODIS,90,61.03,299.2,41.1,D,0
20.6603,93.4765,317.3,1,1,2026-04-18,854,Aqua,MODIS,46,61.03,297.8,8.3,D,0
20.7349,93.4356,336.3,1,1,2026-04-18,854,Aqua,MODIS,85,61.03,300.1,29.6,D,0
20.7362,93.4448,347.4,1,1,2026-04-18,854,Aqua,MODIS,93,61.03,299.6,49.3,D,0
20.7486,93.3897,322.7,1,1,2026-04-18,854,Aqua,MODIS,69,61.03,300.3,12.5,D,0
20.7659,92.9335,324.6,1,1,2026-04-18,854,Aqua,MODIS,62,61.03,306,8.3,D,0
20.7929,93.4489,379.3,1,1,2026-04-18,854,Aqua,MODIS,100,61.03,303.3,141.6,D,0
20.7942,93.4583,344.5,1,1,2026-04-18,854,Aqua,MODIS,91,61.03,299.9,42.7,D,0
20.8011,93.0511,329.4,1,1,2026-04-18,854,Aqua,MODIS,80,61.03,305.3,12.1,D,0
20.8016,93.4476,316,1,1,2026-04-18,854,Aqua,MODIS,29,61.03,300.4,4.6,D,0
20.8025,93.0604,332.1,1,1,2026-04-18,854,Aqua,MODIS,83,61.03,305.4,16.4,D,0
20.803,93.4569,316.5,1,1,2026-04-18,854,Aqua,MODIS,41,61.03,300.5,5.8,D,0
20.8057,93.0218,329.5,1,1,2026-04-18,854,Aqua,MODIS,80,61.03,306.9,10.7,D,0
20.8763,92.7568,324.2,1,1,2026-04-18,854,Aqua,MODIS,75,61.03,301,14.4,D,0
20.9259,93.2146,317.1,1,1,2026-04-18,854,Aqua,MODIS,60,61.03,301.6,6.1,D,0
21.0183,93.9855,327.9,1,1,2026-04-18,854,Aqua,MODIS,73,61.03,301,18,D,0
21.0768,93.8048,319.2,1,1,2026-04-18,854,Aqua,MODIS,31,61.03,303.4,7.1,D,0
21.0856,93.8031,325.8,1,1,2026-04-18,854,Aqua,MODIS,72,61.03,304.4,14.1,D,0
21.0943,93.8016,319.1,1,1,2026-04-18,854,Aqua,MODIS,33,61.03,302.6,7.8,D,0
21.1667,93.0218,318,1,1,2026-04-18,854,Aqua,MODIS,64,61.03,301.6,7.9,D,0
21.1696,92.8594,320,1,1,2026-04-18,854,Aqua,MODIS,58,61.03,303.7,7.8,D,0
21.171,92.8687,358.2,1,1,2026-04-18,854,Aqua,MODIS,99,61.03,300.3,72.2,D,0
21.2181,92.8072,320.8,1,1,2026-04-18,854,Aqua,MODIS,59,61.03,303,8.2,D,0
21.5924,96.7257,322.1,1.4,1.2,2026-04-18,854,Aqua,MODIS,60,61.03,305,14,D,0
21.8118,96.6804,322.5,1.4,1.2,2026-04-18,854,Aqua,MODIS,49,61.03,303.1,18.4,D,0
19.9537,83.9224,330.8,3.6,1.8,2026-04-18,855,Aqua,MODIS,83,61.03,298.5,135.3,D,0
20.9649,86.0051,321.5,2.3,1.5,2026-04-18,855,Aqua,MODIS,57,61.03,299.5,21.5,D,2
21.3454,92.6166,331.9,1,1,2026-04-18,855,Aqua,MODIS,79,61.03,296.5,22.7,D,0
21.3527,92.6057,365.8,1,1,2026-04-18,855,Aqua,MODIS,100,61.03,303,93.8,D,0
21.3622,92.175,324,1,1,2026-04-18,855,Aqua,MODIS,75,61.03,301.9,13.7,D,0
21.363,92.5981,324.5,1,1,2026-04-18,855,Aqua,MODIS,77,61.03,302.2,14.1,D,0
21.3644,92.6075,331.4,1,1,2026-04-18,855,Aqua,MODIS,83,61.03,302.1,22.5,D,0
21.3732,92.606,332.1,1,1,2026-04-18,855,Aqua,MODIS,84,61.03,300.6,23.2,D,0
21.4203,93.3102,324.1,1,1,2026-04-18,855,Aqua,MODIS,65,61.03,303.6,12,D,0
21.4223,93.2622,322.9,1,1,2026-04-18,855,Aqua,MODIS,74,61.03,301.8,12.2,D,0
21.4287,92.5581,321.9,1,1,2026-04-18,855,Aqua,MODIS,73,61.03,300.8,12.4,D,0
21.4291,93.3086,327.2,1,1,2026-04-18,855,Aqua,MODIS,72,61.03,304.4,15.3,D,0
21.4337,93.0157,330.1,1,1,2026-04-18,855,Aqua,MODIS,82,61.03,302.5,21.2,D,0
21.435,93.025,327.1,1,1,2026-04-18,855,Aqua,MODIS,74,61.03,300.4,17.2,D,0
21.4528,92.5761,324.3,1,1,2026-04-18,855,Aqua,MODIS,70,61.03,302.7,13,D,0
21.4542,92.5854,319.1,1,1,2026-04-18,855,Aqua,MODIS,37,61.03,301.7,7.9,D,0
21.4604,92.954,319.1,1,1,2026-04-18,855,Aqua,MODIS,68,61.03,301,9.5,D,0
21.4616,92.5746,345.2,1,1,2026-04-18,855,Aqua,MODIS,92,61.03,303.7,43.3,D,0
21.4629,92.5839,327.7,1,1,2026-04-18,855,Aqua,MODIS,62,61.03,302.8,16.3,D,0
21.4867,92.5033,318.3,1,1,2026-04-18,855,Aqua,MODIS,49,61.03,301.3,9,D,0
21.558,94.2822,320.8,1,1,2026-04-18,855,Aqua,MODIS,37,61.03,299.4,8.2,D,0
21.6019,92.3363,317.7,1,1,2026-04-18,855,Aqua,MODIS,51,61.03,303,6.7,D,0
21.6115,92.9064,330.8,1,1,2026-04-18,855,Aqua,MODIS,82,61.03,300.8,22.1,D,0
21.6188,92.8956,319.9,1,1,2026-04-18,855,Aqua,MODIS,51,61.03,302,10,D,0
21.6202,92.9049,322.3,1,1,2026-04-18,855,Aqua,MODIS,72,61.03,297.6,12.7,D,0
21.6211,92.9717,332.7,1,1,2026-04-18,855,Aqua,MODIS,84,61.03,302.9,24.8,D,0
21.6401,92.5315,319.7,1,1,2026-04-18,855,Aqua,MODIS,59,61.03,303.5,7.9,D,0
21.6951,92.2853,319.2,1,1,2026-04-18,855,Aqua,MODIS,35,61.03,301.5,6.5,D,0
21.7123,92.9592,319.9,1,1,2026-04-18,855,Aqua,MODIS,61,61.03,301.6,9.7,D,0
21.714,92.2916,324.3,1,1,2026-04-18,855,Aqua,MODIS,76,61.03,302,12.5,D,0
21.7154,92.301,315.6,1,1,2026-04-18,855,Aqua,MODIS,41,61.03,301.1,4.3,D,0
21.7185,92.2619,320.1,1,1,2026-04-18,855,Aqua,MODIS,70,61.03,302,8.7,D,0
21.7199,92.2713,317,1,1,2026-04-18,855,Aqua,MODIS,51,61.03,301.6,5.3,D,0
21.7255,93.7619,324.8,1,1,2026-04-18,855,Aqua,MODIS,72,61.03,305.5,12.9,D,0
21.7284,92.3277,327.9,1,1,2026-04-18,855,Aqua,MODIS,80,61.03,303.1,17.1,D,0
21.7298,92.3371,345.5,1,1,2026-04-18,855,Aqua,MODIS,93,61.03,304,44.2,D,0
21.7436,92.1899,328.5,1,1,2026-04-18,855,Aqua,MODIS,81,61.03,302.5,17.8,D,0
21.7504,92.2949,318.4,1,1,2026-04-18,855,Aqua,MODIS,67,61.03,302.6,7.4,D,0
21.7513,93.6897,321.8,1,1,2026-04-18,855,Aqua,MODIS,67,61.03,304.8,9.9,D,0
21.7746,92.3968,323.3,1,1,2026-04-18,855,Aqua,MODIS,75,61.03,301.9,14,D,0
21.776,92.4063,325.2,1,1,2026-04-18,855,Aqua,MODIS,77,61.03,302.6,15.7,D,0
21.839,93.7168,322.3,1,1,2026-04-18,855,Aqua,MODIS,54,61.03,303.5,12.5,D,0
21.8404,93.7265,319.2,1,1,2026-04-18,855,Aqua,MODIS,36,61.03,299.7,9.2,D,0
21.8721,92.7282,320.6,1,1,2026-04-18,855,Aqua,MODIS,70,61.03,298,11,D,0
21.8875,92.3936,319,1,1,2026-04-18,855,Aqua,MODIS,66,61.03,304.5,7.2,D,0
21.895,92.9445,350.4,1,1,2026-04-18,855,Aqua,MODIS,95,61.03,304.9,53.8,D,0
21.8963,92.9538,327.1,1,1,2026-04-18,855,Aqua,MODIS,78,61.03,302.8,16.2,D,0
21.9166,92.7875,322.7,1,1,2026-04-18,855,Aqua,MODIS,73,61.03,302.2,11.8,D,0
21.918,92.7969,315.7,1,1,2026-04-18,855,Aqua,MODIS,52,61.03,300.4,5.4,D,0
21.9253,92.786,333.4,1,1,2026-04-18,855,Aqua,MODIS,84,61.03,301.8,24,D,0
21.9267,92.7954,326.5,1,1,2026-04-18,855,Aqua,MODIS,78,61.03,300.7,15.5,D,0
21.9603,93.6715,322.9,1,1,2026-04-18,855,Aqua,MODIS,49,61.03,303.2,10.3,D,0
21.9886,92.4465,318,1,1,2026-04-18,855,Aqua,MODIS,67,61.03,302.9,6.4,D,0
22.01,92.2307,316.4,1,1,2026-04-18,855,Aqua,MODIS,48,61.03,300.2,6.1,D,0
22.0114,92.2401,317,1,1,2026-04-18,855,Aqua,MODIS,46,61.03,299.8,6.6,D,0
22.017,92.2779,314.3,1,1,2026-04-18,855,Aqua,MODIS,57,61.03,299,6.3,D,0
22.0251,92.6321,318.8,1,1,2026-04-18,855,Aqua,MODIS,67,61.03,300.7,9.2,D,0
22.0265,92.6414,317.5,1,1,2026-04-18,855,Aqua,MODIS,64,61.03,300.6,7.5,D,0
22.0565,92.2264,325,1,1,2026-04-18,855,Aqua,MODIS,77,61.03,301,14.7,D,0
22.0579,92.2359,323.9,1,1,2026-04-18,855,Aqua,MODIS,76,61.03,297.8,13.6,D,0
22.0595,92.1872,318.8,1,1,2026-04-18,855,Aqua,MODIS,68,61.03,302.1,8.2,D,0
22.0765,92.3002,316.6,1,1,2026-04-18,855,Aqua,MODIS,49,61.03,302.2,5.8,D,0
22.0844,92.4723,327.8,1,1,2026-04-18,855,Aqua,MODIS,80,61.03,300.2,18.6,D,0
22.0853,92.2987,321.9,1,1,2026-04-18,855,Aqua,MODIS,73,61.03,302.3,10.8,D,0
22.0973,95.3305,329.1,1.2,1.1,2026-04-18,855,Aqua,MODIS,72,61.03,310.8,10.6,D,0
22.0987,95.3416,349.3,1.2,1.1,2026-04-18,855,Aqua,MODIS,93,61.03,311.2,52.8,D,0
22.1104,94.0763,324.9,1,1,2026-04-18,855,Aqua,MODIS,71,61.03,307.5,9,D,0
22.1447,93.9254,320.6,1,1,2026-04-18,855,Aqua,MODIS,63,61.03,305.6,6.2,D,0
22.175,92.2762,318.5,1,1,2026-04-18,855,Aqua,MODIS,67,61.03,303.4,7.1,D,0
22.2144,92.2403,319,1,1,2026-04-18,855,Aqua,MODIS,68,61.03,303.7,6.9,D,0
22.2152,92.6061,320.1,1,1,2026-04-18,855,Aqua,MODIS,70,61.03,304.1,8,D,0
22.2435,92.2392,324.1,1,1,2026-04-18,855,Aqua,MODIS,76,61.03,303.6,12,D,0
22.2449,92.2486,318.9,1,1,2026-04-18,855,Aqua,MODIS,68,61.03,303.2,6.5,D,0
22.2601,92.4101,334.3,1,1,2026-04-18,855,Aqua,MODIS,85,61.03,302.7,25.9,D,0
22.2615,92.4194,316.7,1,1,2026-04-18,855,Aqua,MODIS,63,61.03,299.8,5.8,D,0
22.2856,92.521,319.2,1,1,2026-04-18,855,Aqua,MODIS,48,61.03,302.4,8.4,D,0
22.2876,92.1153,339.6,1,1,2026-04-18,855,Aqua,MODIS,89,61.03,303.2,33.8,D,0
22.2891,92.1247,325.3,1,1,2026-04-18,855,Aqua,MODIS,77,61.03,302.9,14.2,D,0
22.3206,92.0739,323.2,1,1,2026-04-18,855,Aqua,MODIS,75,61.03,301.8,13.1,D,0
22.3214,92.582,323.2,1,1,2026-04-18,855,Aqua,MODIS,74,61.03,304.7,10.3,D,0
22.3228,92.5914,319.9,1,1,2026-04-18,855,Aqua,MODIS,70,61.03,305.3,6.5,D,0
22.325,92.4852,326.1,1,1,2026-04-18,855,Aqua,MODIS,77,61.03,307,12.9,D,0
22.3908,93.3841,320,1,1,2026-04-18,855,Aqua,MODIS,32,61.03,302.9,9.9,D,0
22.3961,93.2806,322.7,1,1,2026-04-18,855,Aqua,MODIS,73,61.03,296.5,16.9,D,0
22.4009,93.3768,336.8,1,1,2026-04-18,855,Aqua,MODIS,87,61.03,307,31.4,D,0
22.4442,96.109,328.3,1.3,1.1,2026-04-18,855,Aqua,MODIS,74,61.03,308.8,17,D,0
22.4457,96.1211,348.4,1.3,1.1,2026-04-18,855,Aqua,MODIS,93,61.03,308.3,65.6,D,0
22.471,92.2836,319.7,1,1,2026-04-18,855,Aqua,MODIS,70,61.03,302,9.6,D,0
22.471,92.5245,325.5,1,1,2026-04-18,855,Aqua,MODIS,78,61.03,304.9,13,D,0
22.4723,93.628,317.6,1,1,2026-04-18,855,Aqua,MODIS,60,61.03,301.5,9.3,D,0
22.4724,92.293,320.8,1,1,2026-04-18,855,Aqua,MODIS,72,61.03,302.2,10.7,D,0
22.4817,93.441,325.9,1,1,2026-04-18,855,Aqua,MODIS,77,61.03,301.9,17.7,D,0
22.4853,96.3554,320.9,1.3,1.2,2026-04-18,855,Aqua,MODIS,57,61.03,303.9,11.3,D,0
22.4899,92.5309,325,1,1,2026-04-18,855,Aqua,MODIS,77,61.03,303.5,13.5,D,0
22.5108,96.3139,321.4,1.3,1.1,2026-04-18,855,Aqua,MODIS,51,61.03,304.1,10.7,D,0
22.5186,91.743,316,1,1,2026-04-18,855,Aqua,MODIS,54,61.03,302.1,5.9,D,0
22.5344,93.6008,328.8,1,1,2026-04-18,855,Aqua,MODIS,80,61.03,301.6,21.1,D,0
22.5373,96.113,326.8,1.3,1.1,2026-04-18,855,Aqua,MODIS,65,61.03,308.6,15.3,D,0
22.539,92.5608,325.5,1,1,2026-04-18,855,Aqua,MODIS,78,61.03,302.2,15.7,D,0
22.62,92.5401,319.8,1,1,2026-04-18,855,Aqua,MODIS,70,61.03,302.5,8.9,D,0
22.6315,93.3845,337,1,1,2026-04-18,855,Aqua,MODIS,83,61.03,307.2,29.9,D,0
22.6402,93.3831,344.9,1,1,2026-04-18,855,Aqua,MODIS,87,61.03,302.7,44,D,0
22.6415,93.3923,351.9,1,1,2026-04-18,855,Aqua,MODIS,96,61.03,306,59.1,D,0
22.6428,93.4015,394.4,1,1,2026-04-18,855,Aqua,MODIS,100,61.03,309.5,219.6,D,0
22.6442,93.4109,318.4,1,1,2026-04-18,855,Aqua,MODIS,47,61.03,298.5,9.9,D,0
22.6442,93.538,317,1,1,2026-04-18,855,Aqua,MODIS,49,61.03,303.5,7.4,D,0
22.6482,92.4717,317.1,1,1,2026-04-18,855,Aqua,MODIS,53,61.03,302.6,5,D,0
22.6516,93.4,359,1,1,2026-04-18,855,Aqua,MODIS,99,61.03,300.6,79.2,D,0
22.7225,96.2869,319.6,1.3,1.1,2026-04-18,855,Aqua,MODIS,53,61.03,301.9,13,D,0
22.7408,93.6928,322.7,1,1,2026-04-18,855,Aqua,MODIS,68,61.03,301.2,12.1,D,0
22.7422,93.7026,333.7,1,1,2026-04-18,855,Aqua,MODIS,84,61.03,303,25.9,D,0
22.7436,93.7123,327.3,1,1,2026-04-18,855,Aqua,MODIS,54,61.03,302.7,17,D,0
22.7519,93.772,321.6,1,1,2026-04-18,855,Aqua,MODIS,63,61.03,296.6,12,D,0
22.7696,91.6306,315.7,1,1,2026-04-18,855,Aqua,MODIS,62,61.03,299.9,7.4,D,0
22.7711,91.6401,314.9,1,1,2026-04-18,855,Aqua,MODIS,59,61.03,300.2,6.4,D,0
22.7728,93.5988,365.9,1,1,2026-04-18,855,Aqua,MODIS,100,61.03,312.3,97.1,D,0
22.7741,93.6082,358.6,1,1,2026-04-18,855,Aqua,MODIS,99,61.03,306.3,75.8,D,0
22.7803,93.5881,363.2,1,1,2026-04-18,855,Aqua,MODIS,100,61.03,312.8,89,D,0
22.7816,93.5975,383.3,1,1,2026-04-18,855,Aqua,MODIS,100,61.03,314.8,163.6,D,0
22.7829,93.6069,320,1,1,2026-04-18,855,Aqua,MODIS,31,61.03,303.3,8.7,D,0
22.7885,92.4888,322.2,1,1,2026-04-18,855,Aqua,MODIS,74,61.03,302.9,10.8,D,0
22.7899,92.4982,325.2,1,1,2026-04-18,855,Aqua,MODIS,77,61.03,303.3,14,D,0
22.7913,95.9461,328.4,1.3,1.1,2026-04-18,855,Aqua,MODIS,66,61.03,308.6,13.2,D,0
22.8063,92.4278,331.7,1,1,2026-04-18,855,Aqua,MODIS,83,61.03,306,21.4,D,0
22.8077,92.4372,322.9,1,1,2026-04-18,855,Aqua,MODIS,75,61.03,305,10.9,D,0
22.8156,92.353,319.3,1,1,2026-04-18,855,Aqua,MODIS,69,61.03,302.2,7.9,D,0
22.816,92.4936,320.3,1,1,2026-04-18,855,Aqua,MODIS,61,61.03,303.4,8.8,D,0
22.8174,92.5031,325,1,1,2026-04-18,855,Aqua,MODIS,77,61.03,304,14.2,D,0
22.8201,92.3233,327.2,1,1,2026-04-18,855,Aqua,MODIS,79,61.03,302.3,15.7,D,0
22.847,92.4441,326.5,1,1,2026-04-18,855,Aqua,MODIS,79,61.03,303.4,15.3,D,0
22.8564,92.3266,327.4,1,1,2026-04-18,855,Aqua,MODIS,80,61.03,300.5,15.8,D,0
22.8606,92.3548,317.5,1,1,2026-04-18,855,Aqua,MODIS,65,61.03,301.3,6.4,D,0
22.8651,92.3251,323.1,1,1,2026-04-18,855,Aqua,MODIS,75,61.03,300.6,11.2,D,0
22.8671,92.1343,317.4,1,1,2026-04-18,855,Aqua,MODIS,57,61.03,301.7,7.7,D,0
22.8676,92.4018,318.6,1,1,2026-04-18,855,Aqua,MODIS,64,61.03,303.6,6.2,D,0
22.8881,92.3596,315.8,1,1,2026-04-18,855,Aqua,MODIS,61,61.03,302.3,4.5,D,0
22.8895,92.369,324.1,1,1,2026-04-18,855,Aqua,MODIS,76,61.03,303.1,12.1,D,0
22.8937,92.3973,317.4,1,1,2026-04-18,855,Aqua,MODIS,60,61.03,302.9,5.5,D,0
22.8939,92.3135,317.3,1,1,2026-04-18,855,Aqua,MODIS,65,61.03,302,6.6,D,0
22.937,93.1242,331.8,1,1,2026-04-18,855,Aqua,MODIS,83,61.03,304.7,23.7,D,0
22.9391,92.4986,313,1,1,2026-04-18,855,Aqua,MODIS,51,61.03,300.8,4.2,D,0
22.9443,93.1131,333.1,1,1,2026-04-18,855,Aqua,MODIS,84,61.03,307.1,25.3,D,0
22.9457,93.1226,350.6,1,1,2026-04-18,855,Aqua,MODIS,95,61.03,307.4,55.9,D,0
22.9507,92.2744,315.9,1,1,2026-04-18,855,Aqua,MODIS,62,61.03,302.7,5.6,D,0
22.9531,93.1116,353.7,1,1,2026-04-18,855,Aqua,MODIS,97,61.03,310.2,63.3,D,0
22.9544,93.121,332.5,1,1,2026-04-18,855,Aqua,MODIS,84,61.03,304.7,23.8,D,0
22.9576,92.3215,330.1,1,1,2026-04-18,855,Aqua,MODIS,82,61.03,302.2,21.1,D,0
22.9576,93.536,318.3,1,1,2026-04-18,855,Aqua,MODIS,65,61.03,301.6,12.4,D,0
22.9718,92.1002,331.5,1,1,2026-04-18,855,Aqua,MODIS,84,61.03,304,21.3,D,0
22.9732,92.1097,339.5,1,1,2026-04-18,855,Aqua,MODIS,78,61.03,299.5,33.9,D,0
22.9761,93.4001,337.8,1,1,2026-04-18,855,Aqua,MODIS,88,61.03,309.8,32.2,D,0
22.9836,93.3891,316,1,1,2026-04-18,855,Aqua,MODIS,54,61.03,303.3,5.3,D,0
22.9849,93.3987,336.9,1,1,2026-04-18,855,Aqua,MODIS,87,61.03,308.5,30.6,D,0
22.998,92.0956,319.7,1,1,2026-04-18,855,Aqua,MODIS,68,61.03,300.9,8.5,D,0
22.9994,92.1051,322.6,1,1,2026-04-18,855,Aqua,MODIS,73,61.03,301,11.9,D,0
23,92.2889,322.5,1,1,2026-04-18,855,Aqua,MODIS,74,61.03,302.9,11.2,D,0
23.0126,92.3737,316,1,1,2026-04-18,855,Aqua,MODIS,63,61.03,302.7,5.7,D,0
23.0126,93.4035,347,1,1,2026-04-18,855,Aqua,MODIS,93,61.03,307.5,48.5,D,0
23.0139,93.413,331.9,1,1,2026-04-18,855,Aqua,MODIS,83,61.03,303.4,23.5,D,0
23.0214,93.4022,322.6,1,1,2026-04-18,855,Aqua,MODIS,70,61.03,302.2,12.8,D,0
23.0528,95.4965,326.8,1.2,1.1,2026-04-18,855,Aqua,MODIS,73,61.03,309.3,10,D,0
23.0589,91.5733,316.1,1,1,2026-04-18,855,Aqua,MODIS,64,61.03,300.4,6.8,D,0
23.0635,92.3551,331.3,1,1,2026-04-18,855,Aqua,MODIS,83,61.03,302.8,22.7,D,0
23.0649,92.3646,323.9,1,1,2026-04-18,855,Aqua,MODIS,76,61.03,302.6,14,D,0
23.0666,92.316,321.6,1,1,2026-04-18,855,Aqua,MODIS,73,61.03,301.9,10.9,D,0
23.0759,92.114,320.8,1,1,2026-04-18,855,Aqua,MODIS,71,61.03,298.9,10.5,D,0
23.0766,92.298,332.7,1,1,2026-04-18,855,Aqua,MODIS,84,61.03,303.6,24.9,D,0
23.0774,92.1234,336.1,1,1,2026-04-18,855,Aqua,MODIS,87,61.03,297.8,29.9,D,0
23.0875,92.4573,324,1,1,2026-04-18,855,Aqua,MODIS,76,61.03,302.5,13.9,D,0
23.0906,92.092,355.2,1,1,2026-04-18,855,Aqua,MODIS,97,61.03,303,65.2,D,0
23.091,93.4918,329.3,1,1,2026-04-18,855,Aqua,MODIS,71,61.03,303.1,21.5,D,0
23.0997,93.4901,316.7,1,1,2026-04-18,855,Aqua,MODIS,42,61.03,298.4,8.2,D,0
23.1028,91.8014,314.2,1,1,2026-04-18,855,Aqua,MODIS,58,61.03,300.6,4.8,D,0
23.1264,92.4536,322.3,1,1,2026-04-18,855,Aqua,MODIS,74,61.03,302.2,12.3,D,0
23.1272,92.0214,315.4,1,1,2026-04-18,855,Aqua,MODIS,62,61.03,301.4,5.3,D,0
23.1362,91.9029,324,1,1,2026-04-18,855,Aqua,MODIS,76,61.03,302.4,12.9,D,0
23.1397,93.4541,314.1,1,1,2026-04-18,855,Aqua,MODIS,23,61.03,300.9,6.1,D,0
23.1493,93.4467,326.8,1,1,2026-04-18,855,Aqua,MODIS,78,61.03,303.5,19.5,D,0
23.1507,93.4562,320.7,1,1,2026-04-18,855,Aqua,MODIS,70,61.03,299.6,12.8,D,0
23.1592,92.3125,315.8,1,1,2026-04-18,855,Aqua,MODIS,43,61.03,303.7,5.4,D,0
23.1867,91.7406,314.1,1,1,2026-04-18,855,Aqua,MODIS,59,61.03,299.9,5.6,D,0
23.1883,92.0105,314.3,1,1,2026-04-18,855,Aqua,MODIS,59,61.03,301.7,4.9,D,0
23.2086,92.327,390.9,1,1,2026-04-18,855,Aqua,MODIS,100,61.03,307.1,193,D,0
23.21,92.3365,389.7,1,1,2026-04-18,855,Aqua,MODIS,87,61.03,299.9,188.4,D,0
23.2131,92.2972,328.6,1,1,2026-04-18,855,Aqua,MODIS,81,61.03,302.5,17.7,D,0
23.2145,92.3066,336,1,1,2026-04-18,855,Aqua,MODIS,87,61.03,303.3,27.7,D,0
23.2173,92.3255,365.8,1,1,2026-04-18,855,Aqua,MODIS,100,61.03,304.1,93.8,D,0
23.2232,92.3051,349.8,1,1,2026-04-18,855,Aqua,MODIS,95,61.03,303.4,52.8,D,0
23.2246,92.3145,324.8,1,1,2026-04-18,855,Aqua,MODIS,77,61.03,301.9,13.5,D,0
23.2409,92.2439,324.8,1,1,2026-04-18,855,Aqua,MODIS,77,61.03,303.1,13.4,D,0
23.2427,93.386,328.4,1,1,2026-04-18,855,Aqua,MODIS,70,61.03,302,18.2,D,0
23.2479,92.291,319.5,1,1,2026-04-18,855,Aqua,MODIS,60,61.03,300.6,9.4,D,0
23.2488,93.3652,319.8,1,1,2026-04-18,855,Aqua,MODIS,37,61.03,302.1,10,D,0
23.2502,93.3749,361.2,1,1,2026-04-18,855,Aqua,MODIS,100,61.03,307.4,83.2,D,0
23.2509,92.2259,352,1,1,2026-04-18,855,Aqua,MODIS,96,61.03,305,57.3,D,0
23.2515,93.3843,369.1,1,1,2026-04-18,855,Aqua,MODIS,100,61.03,306.2,107.3,D,0
23.2517,94.5299,319.5,1.1,1,2026-04-18,855,Aqua,MODIS,63,61.03,302.2,8.9,D,0
23.2523,92.2354,333.2,1,1,2026-04-18,855,Aqua,MODIS,85,61.03,301.1,24.7,D,0
23.2568,92.2055,324.3,1,1,2026-04-18,855,Aqua,MODIS,77,61.03,303.7,13.1,D,0
23.259,93.3735,320.6,1,1,2026-04-18,855,Aqua,MODIS,51,61.03,303.7,10.6,D,0
23.2603,93.3828,338.7,1,1,2026-04-18,855,Aqua,MODIS,88,61.03,303,34.2,D,0
23.2647,92.4043,322.4,1,1,2026-04-18,855,Aqua,MODIS,74,61.03,301,12.7,D,0
23.2812,93.4673,313.2,1,1,2026-04-18,855,Aqua,MODIS,32,61.03,298.9,8.4,D,0
23.2818,92.1331,330,1,1,2026-04-18,855,Aqua,MODIS,83,61.03,302.1,19.7,D,0
23.2877,92.1127,329.9,1,1,2026-04-18,855,Aqua,MODIS,82,61.03,303.6,19.5,D,0
23.2935,92.3927,314.6,1,1,2026-04-18,855,Aqua,MODIS,60,61.03,300.5,5.3,D,0
23.2959,92.2277,330.4,1,1,2026-04-18,855,Aqua,MODIS,83,61.03,303.1,20.8,D,0
23.2973,92.2371,325.1,1,1,2026-04-18,855,Aqua,MODIS,77,61.03,301.2,14.9,D,0
23.3032,91.6646,343.8,1,1,2026-04-18,855,Aqua,MODIS,92,61.03,298.1,44.7,D,0
23.3046,92.2261,316.9,1,1,2026-04-18,855,Aqua,MODIS,43,61.03,301.5,6.2,D,0
23.306,92.2355,332.2,1,1,2026-04-18,855,Aqua,MODIS,84,61.03,303,24.2,D,0
23.3075,91.6933,313.6,1,1,2026-04-18,855,Aqua,MODIS,50,61.03,297.3,5.7,D,0
23.3147,92.234,352.3,1,1,2026-04-18,855,Aqua,MODIS,96,61.03,303.1,58.2,D,0
23.3161,92.2434,335,1,1,2026-04-18,855,Aqua,MODIS,83,61.03,299.5,27.4,D,0
23.3234,92.2325,361.2,1,1,2026-04-18,855,Aqua,MODIS,100,61.03,303.1,79.8,D,0
23.3248,92.2419,356.3,1,1,2026-04-18,855,Aqua,MODIS,92,61.03,297.3,68,D,0
23.3443,92.374,347.8,1,1,2026-04-18,855,Aqua,MODIS,94,61.03,302.2,50,D,0
23.3457,92.3835,321.7,1,1,2026-04-18,855,Aqua,MODIS,74,61.03,301.1,11.5,D,0
23.3521,91.9885,329.1,1,1,2026-04-18,855,Aqua,MODIS,82,61.03,302.3,18.9,D,0
23.3531,92.3725,336.5,1,1,2026-04-18,855,Aqua,MODIS,87,61.03,301.4,29.9,D,0
23.3535,91.998,342.2,1,1,2026-04-18,855,Aqua,MODIS,91,61.03,300.6,38.7,D,0
23.3542,92.1825,327.9,1,1,2026-04-18,855,Aqua,MODIS,81,61.03,300.4,17.3,D,0
23.3554,96.6158,319.4,1.4,1.2,2026-04-18,855,Aqua,MODIS,61,61.03,303.7,9.6,D,0
23.3615,92.1715,327.4,1,1,2026-04-18,855,Aqua,MODIS,81,61.03,301.4,16.8,D,0
23.3627,92.2392,320.3,1,1,2026-04-18,855,Aqua,MODIS,49,61.03,299,9.7,D,0
23.3629,92.1809,341.8,1,1,2026-04-18,855,Aqua,MODIS,91,61.03,301.5,37,D,0
23.3674,93.4282,320.8,1,1,2026-04-18,855,Aqua,MODIS,71,61.03,307,10.1,D,0
23.3696,91.9854,319.4,1,1,2026-04-18,855,Aqua,MODIS,71,61.03,303.4,8.3,D,0
23.3736,92.0722,346.8,1,1,2026-04-18,855,Aqua,MODIS,94,61.03,303.5,46.9,D,0
23.375,92.0817,343.8,1,1,2026-04-18,855,Aqua,MODIS,92,61.03,300.8,42.3,D,0
23.3759,92.2077,319,1,1,2026-04-18,855,Aqua,MODIS,44,61.03,299.8,7.5,D,0
23.3877,92.1669,321.3,1,1,2026-04-18,855,Aqua,MODIS,60,61.03,300.3,10,D,0
23.3882,92.0502,324.5,1,1,2026-04-18,855,Aqua,MODIS,78,61.03,302.4,13.3,D,0
23.3896,92.0596,326.4,1,1,2026-04-18,855,Aqua,MODIS,78,61.03,301.8,14.9,D,0
23.3899,92.3022,317,1,1,2026-04-18,855,Aqua,MODIS,68,61.03,295,9.3,D,0
23.3916,92.2535,335,1,1,2026-04-18,855,Aqua,MODIS,87,61.03,299.5,26.3,D,0
23.3928,91.7008,324.5,1,1,2026-04-18,855,Aqua,MODIS,78,61.03,300.4,15.2,D,0
23.393,92.2629,334,1,1,2026-04-18,855,Aqua,MODIS,83,61.03,299.6,24.9,D,0
23.3942,91.7104,343.4,1,1,2026-04-18,855,Aqua,MODIS,92,61.03,300.9,42.9,D,0
23.4003,92.2519,327.1,1,1,2026-04-18,855,Aqua,MODIS,46,61.03,297.5,15.2,D,0
23.4017,92.2614,339.6,1,1,2026-04-18,855,Aqua,MODIS,90,61.03,299.1,33.4,D,0
23.411,92.059,327.9,1,1,2026-04-18,855,Aqua,MODIS,71,61.03,301.3,16.4,D,0
23.4119,96.5059,320,1.4,1.2,2026-04-18,855,Aqua,MODIS,65,61.03,299.3,13.2,D,0
23.4152,92.1717,321.2,1,1,2026-04-18,855,Aqua,MODIS,50,61.03,300.1,10.6,D,0
23.4177,92.2488,354.5,1,1,2026-04-18,855,Aqua,MODIS,97,61.03,300.2,63.2,D,0
23.4197,92.0575,380.1,1,1,2026-04-18,855,Aqua,MODIS,94,61.03,303.2,142.9,D,0
23.4215,91.9501,331.6,1,1,2026-04-18,855,Aqua,MODIS,85,61.03,302.3,22.3,D,0
23.4229,91.9596,334.8,1,1,2026-04-18,855,Aqua,MODIS,87,61.03,300.8,27.1,D,0
23.425,94.1746,330.9,1.1,1,2026-04-18,855,Aqua,MODIS,82,61.03,303.9,19.9,D,0
23.4256,92.037,335.1,1,1,2026-04-18,855,Aqua,MODIS,70,61.03,301.9,24.4,D,0
23.427,92.0464,372.6,1,1,2026-04-18,855,Aqua,MODIS,100,61.03,303.8,113.3,D,0
23.4278,92.2568,322.2,1,1,2026-04-18,855,Aqua,MODIS,23,61.03,297.1,11.4,D,0
23.4284,92.0559,352.7,1,1,2026-04-18,855,Aqua,MODIS,84,61.03,298.2,55,D,0
23.4326,94.1675,322,1.1,1,2026-04-18,855,Aqua,MODIS,42,61.03,302.7,9.5,D,0
23.4336,93.4298,320.6,1,1,2026-04-18,855,Aqua,MODIS,41,61.03,304,10.6,D,0
23.4339,94.1777,326.4,1.1,1,2026-04-18,855,Aqua,MODIS,67,61.03,303.1,15.6,D,0
23.4371,92.0544,324.4,1,1,2026-04-18,855,Aqua,MODIS,20,61.03,299.5,11,D,0
23.4407,91.8392,326.6,1,1,2026-04-18,855,Aqua,MODIS,61,61.03,301.1,17.8,D,0
23.4424,93.4284,354.9,1,1,2026-04-18,855,Aqua,MODIS,97,61.03,307.4,67.4,D,0
23.443,92.0339,340.3,1,1,2026-04-18,855,Aqua,MODIS,90,61.03,301.2,33.9,D,0
23.4479,92.2467,316,1,1,2026-04-18,855,Aqua,MODIS,45,61.03,299.9,7.5,D,0
23.4513,92.1491,329.3,1,1,2026-04-18,855,Aqua,MODIS,83,61.03,299.4,21.6,D,0
23.4527,92.1585,320,1,1,2026-04-18,855,Aqua,MODIS,49,61.03,299.2,10.3,D,0
23.4566,92.2451,325.7,1,1,2026-04-18,855,Aqua,MODIS,80,61.03,300.4,16.4,D,0
23.4569,92.1868,316.7,1,1,2026-04-18,855,Aqua,MODIS,69,61.03,300.2,7.8,D,0
23.4697,91.7793,326.3,1,1,2026-04-18,855,Aqua,MODIS,80,61.03,301.5,17.7,D,0
23.4709,92.2814,325.1,1,1,2026-04-18,855,Aqua,MODIS,66,61.03,297,15.7,D,0
23.4751,92.0087,315.5,1,1,2026-04-18,855,Aqua,MODIS,62,61.03,301.3,5.4,D,0
23.478,93.7506,320,1,1,2026-04-18,855,Aqua,MODIS,34,61.03,298.1,12,D,0
23.4782,92.2704,327.7,1,1,2026-04-18,855,Aqua,MODIS,52,61.03,299.2,17.7,D,0
23.4794,96.9771,321.4,1.5,1.2,2026-04-18,855,Aqua,MODIS,69,61.03,303.2,19.5,D,0
23.4796,92.2798,355.6,1,1,2026-04-18,855,Aqua,MODIS,98,61.03,300.2,67.8,D,0
23.4825,91.9236,328,1,1,2026-04-18,855,Aqua,MODIS,80,61.03,302.5,16.8,D,0
23.4902,95.8168,321.7,1.3,1.1,2026-04-18,855,Aqua,MODIS,68,61.03,303,8.7,D,0
23.4913,91.922,323.3,1,1,2026-04-18,855,Aqua,MODIS,77,61.03,302.1,12.9,D,0
23.4927,91.9315,322.1,1,1,2026-04-18,855,Aqua,MODIS,76,61.03,301.5,11.2,D,0
23.4928,92.2484,327.2,1,1,2026-04-18,855,Aqua,MODIS,81,61.03,300.2,18.5,D,0
23.497,91.9601,328.2,1,1,2026-04-18,855,Aqua,MODIS,82,61.03,301.9,18.4,D,0
23.5011,93.7864,336,1,1,2026-04-18,855,Aqua,MODIS,87,61.03,295.5,35.5,D,0
23.5025,93.7966,312.2,1,1,2026-04-18,855,Aqua,MODIS,46,61.03,293.8,8.3,D,0
23.5027,96.6665,322,1.5,1.2,2026-04-18,855,Aqua,MODIS,70,61.03,304.5,10.7,D,0
23.5055,92.0169,336.8,1,1,2026-04-18,855,Aqua,MODIS,88,61.03,301.1,31.3,D,0
23.5057,91.9585,327.9,1,1,2026-04-18,855,Aqua,MODIS,82,61.03,302.9,18.2,D,0
23.5059,93.7556,317.4,1,1,2026-04-18,855,Aqua,MODIS,37,61.03,297.3,9.8,D,0
23.5075,92.2264,329.6,1,1,2026-04-18,855,Aqua,MODIS,83,61.03,299.3,21.4,D,0
23.5149,93.7544,332.6,1,1,2026-04-18,855,Aqua,MODIS,85,61.03,300.4,28.1,D,0
23.5411,91.7762,316.2,1,1,2026-04-18,855,Aqua,MODIS,67,61.03,300.1,6.5,D,0
23.5425,91.7857,317,1,1,2026-04-18,855,Aqua,MODIS,68,61.03,300.2,7.4,D,0
23.5491,92.0091,319.3,1,1,2026-04-18,855,Aqua,MODIS,73,61.03,301.5,10,D,0
23.5506,92.0186,320.6,1,1,2026-04-18,855,Aqua,MODIS,74,61.03,300.6,11.6,D,0
23.5511,91.8429,319.4,1,1,2026-04-18,855,Aqua,MODIS,72,61.03,301.7,9.1,D,0
23.5521,91.7089,318.3,1,1,2026-04-18,855,Aqua,MODIS,70,61.03,301.3,8.8,D,0
23.5536,91.7184,316.3,1,1,2026-04-18,855,Aqua,MODIS,67,61.03,301.1,6.9,D,0
23.5667,91.7456,328.4,1,1,2026-04-18,855,Aqua,MODIS,82,61.03,301.4,19.4,D,0
23.5678,93.412,315.6,1,1,2026-04-18,855,Aqua,MODIS,67,61.03,290.4,9.3,D,0
23.5681,91.7551,326.4,1,1,2026-04-18,855,Aqua,MODIS,80,61.03,300.6,17,D,0
23.5696,91.7057,325,1,1,2026-04-18,855,Aqua,MODIS,79,61.03,300.9,14.9,D,0
23.5717,93.5691,313.2,1,1,2026-04-18,855,Aqua,MODIS,56,61.03,296.8,7.6,D,0
23.5732,93.5794,317.1,1,1,2026-04-18,855,Aqua,MODIS,60,61.03,297.8,10.5,D,0
23.5766,93.4104,316.3,1,1,2026-04-18,855,Aqua,MODIS,68,61.03,292.8,10,D,0
23.584,91.8599,316.4,1,1,2026-04-18,855,Aqua,MODIS,67,61.03,301.1,6.2,D,0
23.5857,92.2554,322.9,1,1,2026-04-18,855,Aqua,MODIS,77,61.03,297.3,15.8,D,0
23.5999,91.9058,317.8,1,1,2026-04-18,855,Aqua,MODIS,70,61.03,300.6,7.4,D,0
23.6013,91.9153,333.4,1,1,2026-04-18,855,Aqua,MODIS,86,61.03,300.3,25.3,D,0
23.6288,92.28,322,1,1,2026-04-18,855,Aqua,MODIS,51,61.03,293.1,14,D,0
23.6349,91.8409,319.5,1,1,2026-04-18,855,Aqua,MODIS,72,61.03,300.4,9.1,D,0
23.6375,92.2784,328.2,1,1,2026-04-18,855,Aqua,MODIS,74,61.03,289.5,21.1,D,0
23.6406,96.5506,319.3,1.4,1.2,2026-04-18,855,Aqua,MODIS,54,61.03,302.8,9.3,D,0
23.6415,92.0641,341.2,1,1,2026-04-18,855,Aqua,MODIS,79,61.03,290.2,39.4,D,0
23.6418,96.6268,322.7,1.5,1.2,2026-04-18,855,Aqua,MODIS,71,61.03,302.7,15.6,D,0
23.6429,92.0735,387.7,1,1,2026-04-18,855,Aqua,MODIS,0,61.03,291.3,182.7,D,0
23.6437,92.1997,319.9,1,1,2026-04-18,855,Aqua,MODIS,68,61.03,286.5,13,D,0
23.6451,92.2092,346.1,1,1,2026-04-18,855,Aqua,MODIS,93,61.03,287.1,49.9,D,0
23.6473,92.0436,323.2,1,1,2026-04-18,855,Aqua,MODIS,44,61.03,286.2,15.3,D,0
23.6488,92.053,342.8,1,1,2026-04-18,855,Aqua,MODIS,80,61.03,285.3,43.8,D,0
23.6532,92.0231,320.2,1,1,2026-04-18,855,Aqua,MODIS,52,61.03,284.6,13.2,D,0
23.6579,91.9345,319.2,1,1,2026-04-18,855,Aqua,MODIS,61,61.03,294.9,9.4,D,0
23.6582,96.7017,320.7,1.5,1.2,2026-04-18,855,Aqua,MODIS,52,61.03,303.3,12.4,D,0
23.6593,91.944,320.6,1,1,2026-04-18,855,Aqua,MODIS,74,61.03,296.9,11.6,D,0
23.6598,96.7152,324.7,1.5,1.2,2026-04-18,855,Aqua,MODIS,75,61.03,302.4,20.4,D,0
23.6624,96.7077,331.4,1.5,1.2,2026-04-18,855,Aqua,MODIS,82,61.03,303.2,32.9,D,0
23.6626,92.2061,325.9,1,1,2026-04-18,855,Aqua,MODIS,69,61.03,284.4,19.1,D,0
23.664,92.2155,340,1,1,2026-04-18,855,Aqua,MODIS,78,61.03,281.3,38.3,D,0
23.6713,92.2045,333.4,1,1,2026-04-18,855,Aqua,MODIS,86,61.03,279.2,29.8,D,0
23.6727,92.214,337.9,1,1,2026-04-18,855,Aqua,MODIS,67,61.03,279.1,36.1,D,0
23.6769,92.2424,341.6,1,1,2026-04-18,855,Aqua,MODIS,0,61.03,276.1,42.1,D,0
23.6856,92.2408,352.3,1,1,2026-04-18,855,Aqua,MODIS,0,61.03,276.8,62.8,D,0
23.687,92.2503,337.8,1,1,2026-04-18,855,Aqua,MODIS,67,61.03,277.7,35.1,D,0
23.6932,92.1715,325.9,1,1,2026-04-18,855,Aqua,MODIS,69,61.03,282.2,21.8,D,0
23.7036,96.3769,325.5,1.4,1.2,2026-04-18,855,Aqua,MODIS,76,61.03,303.5,17.2,D,0
23.7044,92.2472,358.8,1,1,2026-04-18,855,Aqua,MODIS,86,61.03,280.3,79.4,D,0
23.7052,96.3902,331.8,1.4,1.2,2026-04-18,855,Aqua,MODIS,83,61.03,304,30.2,D,0
23.7069,96.4035,328.1,1.4,1.2,2026-04-18,855,Aqua,MODIS,77,61.03,304.3,23.2,D,0
23.7134,96.3968,336.8,1.4,1.2,2026-04-18,855,Aqua,MODIS,87,61.03,306.3,42.4,D,0
23.715,96.4102,333.6,1.4,1.2,2026-04-18,855,Aqua,MODIS,85,61.03,305.2,34.9,D,0
23.7172,96.4021,340.4,1.4,1.2,2026-04-18,855,Aqua,MODIS,89,61.03,306.4,52.8,D,0
23.7188,91.5283,323.8,1,1,2026-04-18,855,Aqua,MODIS,76,61.03,299.5,15,D,0
23.7202,91.538,335.1,1,1,2026-04-18,855,Aqua,MODIS,86,61.03,298.5,29.6,D,0
23.7421,91.7408,327.5,1,1,2026-04-18,855,Aqua,MODIS,80,61.03,299.4,18.1,D,0
23.7436,91.7503,322.7,1,1,2026-04-18,855,Aqua,MODIS,68,61.03,297.5,12.5,D,0
23.7465,91.5924,323.7,1,1,2026-04-18,855,Aqua,MODIS,76,61.03,298.6,15.5,D,0
23.7523,91.7487,328.9,1,1,2026-04-18,855,Aqua,MODIS,77,61.03,298.8,19.4,D,0
23.7786,91.685,314.5,1,1,2026-04-18,855,Aqua,MODIS,55,61.03,298.2,5.1,D,0
23.7873,91.6834,315.9,1,1,2026-04-18,855,Aqua,MODIS,60,61.03,298.5,6.4,D,0
23.7888,91.6929,337.7,1,1,2026-04-18,855,Aqua,MODIS,88,61.03,299.1,32.4,D,0
23.7917,91.712,314.8,1,1,2026-04-18,855,Aqua,MODIS,52,61.03,298.2,6.2,D,0
23.7997,96.9532,325.6,1.5,1.2,2026-04-18,855,Aqua,MODIS,77,61.03,300.7,27.8,D,0
23.8331,96.5386,323.9,1.4,1.2,2026-04-18,855,Aqua,MODIS,58,61.03,304.2,18.5,D,0
23.961,95.5052,311.6,1.3,1.1,2026-04-18,855,Aqua,MODIS,59,61.03,285.9,8.5,D,0
24.0058,96.7785,321.2,1.5,1.2,2026-04-18,855,Aqua,MODIS,75,61.03,302.2,18.2,D,0
24.0131,95.431,308.9,1.2,1.1,2026-04-18,855,Aqua,MODIS,51,61.03,286.2,5.8,D,0
24.0356,96.8471,321.6,1.5,1.2,2026-04-18,855,Aqua,MODIS,57,61.03,299.9,18.8,D,0
24.0422,96.8544,325.7,1.5,1.2,2026-04-18,855,Aqua,MODIS,78,61.03,300.3,25.6,D,0
24.2025,96.7105,319.5,1.5,1.2,2026-04-18,855,Aqua,MODIS,64,61.03,296.3,10.9,D,0
24.3335,96.3664,323.5,1.4,1.2,2026-04-18,855,Aqua,MODIS,80,61.03,289,23.7,D,0
24.3352,96.3801,315.6,1.4,1.2,2026-04-18,855,Aqua,MODIS,49,61.03,289.6,9.2,D,0
24.3435,96.8094,312.7,1.5,1.2,2026-04-18,855,Aqua,MODIS,53,61.03,288.8,11.3,D,0
25.0626,83.8124,333.5,2.8,1.6,2026-04-18,856,Aqua,MODIS,80,61.03,310,67.6,D,0
25.0656,83.7571,325.2,2.8,1.6,2026-04-18,856,Aqua,MODIS,50,61.03,307.8,26.5,D,0
25.0904,84.1269,327.5,2.6,1.6,2026-04-18,856,Aqua,MODIS,72,61.03,308.9,40.7,D,0
25.0953,84.1513,326.9,2.6,1.5,2026-04-18,856,Aqua,MODIS,70,61.03,308.8,38.5,D,0
25.1029,84.1447,330.4,2.6,1.5,2026-04-18,856,Aqua,MODIS,77,61.03,309.5,57.2,D,0
25.1557,83.8087,327.4,2.7,1.6,2026-04-18,856,Aqua,MODIS,70,61.03,302.9,40.6,D,2
25.1601,83.9675,331.9,2.7,1.6,2026-04-18,856,Aqua,MODIS,79,61.03,310.5,54.9,D,0
25.2699,83.7745,337.5,2.7,1.6,2026-04-18,856,Aqua,MODIS,84,61.03,306.6,101.4,D,0
25.2762,83.7661,339.3,2.7,1.6,2026-04-18,856,Aqua,MODIS,86,61.03,309.4,106.3,D,0
25.2782,83.7452,331.2,2.8,1.6,2026-04-18,856,Aqua,MODIS,44,61.03,309.8,57.1,D,0
25.2834,83.771,335.3,2.7,1.6,2026-04-18,856,Aqua,MODIS,77,61.03,309.4,79.5,D,0
25.2861,84.0607,330.2,2.6,1.6,2026-04-18,856,Aqua,MODIS,76,61.03,308.9,52.8,D,0
25.2898,83.7626,327.5,2.7,1.6,2026-04-18,856,Aqua,MODIS,35,61.03,309.4,37.5,D,0
25.3241,84.1784,330.7,2.5,1.5,2026-04-18,856,Aqua,MODIS,77,61.03,309.8,54.7,D,0
25.3275,84.1269,340.8,2.6,1.5,2026-04-18,856,Aqua,MODIS,88,61.03,307.7,112.7,D,0
25.3361,84.1179,327.9,2.6,1.5,2026-04-18,856,Aqua,MODIS,70,61.03,307.5,37.2,D,0
25.8436,93.9328,305.3,1.1,1,2026-04-18,856,Aqua,MODIS,60,61.03,271.2,8,D,0
25.8847,92.3502,307.2,1,1,2026-04-18,856,Aqua,MODIS,49,61.03,290.4,3.7,D,0
26.0465,92.19,319.3,1,1,2026-04-18,856,Aqua,MODIS,74,61.03,297.9,10.9,D,0
26.0552,92.1885,319.1,1,1,2026-04-18,856,Aqua,MODIS,74,61.03,297.4,10.8,D,0
26.1165,93.2885,309,1.1,1,2026-04-18,856,Aqua,MODIS,53,61.03,293.5,4.6,D,0
26.131,93.4632,318.6,1.1,1,2026-04-18,856,Aqua,MODIS,73,61.03,294,13.7,D,0
26.2318,93.2521,315.3,1.1,1,2026-04-18,856,Aqua,MODIS,69,61.03,296.4,8.7,D,0
26.2332,93.2621,323.5,1.1,1,2026-04-18,856,Aqua,MODIS,79,61.03,296.1,17.5,D,0
26.3041,93.2443,330.6,1.1,1,2026-04-18,856,Aqua,MODIS,85,61.03,295.8,26.3,D,0
26.3055,93.2545,314.7,1.1,1,2026-04-18,856,Aqua,MODIS,68,61.03,295.4,8.7,D,0
26.3069,93.2645,310.8,1.1,1,2026-04-18,856,Aqua,MODIS,59,61.03,295.6,5.6,D,0
26.3314,93.177,370.3,1.1,1,2026-04-18,856,Aqua,MODIS,100,61.03,297.7,120.2,D,0
26.3328,93.1871,346.8,1.1,1,2026-04-18,856,Aqua,MODIS,94,61.03,295,54.2,D,0
26.3381,93.0138,316.7,1,1,2026-04-18,856,Aqua,MODIS,55,61.03,293.9,10.1,D,0
26.3423,93.0441,316.7,1,1,2026-04-18,856,Aqua,MODIS,61,61.03,293.8,11.2,D,0
26.3436,93.0541,313.8,1,1,2026-04-18,856,Aqua,MODIS,46,61.03,294.6,8.7,D,0
26.3454,93.2788,315.5,1.1,1,2026-04-18,856,Aqua,MODIS,65,61.03,294.8,9,D,0
26.3699,93.2472,312.8,1.1,1,2026-04-18,856,Aqua,MODIS,54,61.03,295.2,7.4,D,0
26.3713,93.2575,324.4,1.1,1,2026-04-18,856,Aqua,MODIS,79,61.03,295.1,19.1,D,0
26.425,83.4242,325.9,2.7,1.6,2026-04-18,856,Aqua,MODIS,70,61.03,306.5,36.2,D,0
26.4425,83.9155,329.8,2.5,1.5,2026-04-18,856,Aqua,MODIS,77,61.03,305.9,47.1,D,0
26.4462,83.9215,339,2.5,1.5,2026-04-18,856,Aqua,MODIS,86,61.03,306.3,98.1,D,0
26.4475,83.9393,331.7,2.5,1.5,2026-04-18,856,Aqua,MODIS,79,61.03,306.7,56.9,D,0
26.4497,83.5739,326.3,2.7,1.6,2026-04-18,856,Aqua,MODIS,71,61.03,304.7,35.9,D,0
26.4563,83.577,325.1,2.7,1.6,2026-04-18,856,Aqua,MODIS,69,61.03,305.2,31.2,D,0
26.4987,83.2276,328.2,2.8,1.6,2026-04-18,856,Aqua,MODIS,75,61.03,307.5,50.7,D,0
26.5124,83.224,328.8,2.8,1.6,2026-04-18,856,Aqua,MODIS,75,61.03,307.3,54.5,D,0
26.5723,83.5085,323.7,2.7,1.6,2026-04-18,856,Aqua,MODIS,63,61.03,306.8,26,D,0
26.6125,83.4979,324.5,2.7,1.6,2026-04-18,856,Aqua,MODIS,65,61.03,307.2,30.1,D,0
26.712,83.5986,333.1,2.6,1.6,2026-04-18,856,Aqua,MODIS,82,61.03,306.2,68.6,D,0
26.7148,83.5648,335.4,2.6,1.6,2026-04-18,856,Aqua,MODIS,84,61.03,308.1,81.4,D,0
26.7151,83.5454,327.1,2.6,1.6,2026-04-18,856,Aqua,MODIS,71,61.03,308.2,38.7,D,0
26.7202,83.5703,337.1,2.6,1.6,2026-04-18,856,Aqua,MODIS,85,61.03,307.6,93.7,D,0
26.9357,82.7872,336,2.9,1.6,2026-04-18,856,Aqua,MODIS,85,61.03,306.4,104.7,D,0
26.9401,82.7635,330.8,3,1.6,2026-04-18,856,Aqua,MODIS,79,61.03,306.6,72.1,D,0
26.946,82.7915,345.6,2.9,1.6,2026-04-18,856,Aqua,MODIS,92,61.03,307.7,183.4,D,0
26.9496,82.7834,339.6,2.9,1.6,2026-04-18,856,Aqua,MODIS,88,61.03,308.3,132.6,D,0
26.9502,83.5951,323.8,2.6,1.5,2026-04-18,856,Aqua,MODIS,65,61.03,299.4,26.9,D,0
27.0678,82.4675,329,3.1,1.7,2026-04-18,857,Aqua,MODIS,78,61.03,307.5,69.5,D,0
27.0738,82.4417,325,3.1,1.7,2026-04-18,857,Aqua,MODIS,72,61.03,307.4,45.3,D,0
27.08,82.471,326.2,3.1,1.7,2026-04-18,857,Aqua,MODIS,74,61.03,307.2,51.8,D,0
27.1331,82.9321,330.4,2.8,1.6,2026-04-18,857,Aqua,MODIS,80,61.03,303.9,61.2,D,0
27.138,82.9237,327.8,2.8,1.6,2026-04-18,857,Aqua,MODIS,70,61.03,305.8,47.1,D,0
27.2303,83.5301,323.2,2.6,1.5,2026-04-18,857,Aqua,MODIS,28,61.03,300.7,33.2,D,0
27.2953,82.5151,325.4,3,1.7,2026-04-18,857,Aqua,MODIS,72,61.03,307.1,42.2,D,0
27.3576,83.5104,325.9,2.5,1.5,2026-04-18,857,Aqua,MODIS,43,61.03,299,50.6,D,0
27.3625,83.5137,321.5,2.5,1.5,2026-04-18,857,Aqua,MODIS,22,61.03,298.6,36,D,0
28.5252,79.9869,325.6,4.2,1.9,2026-04-18,857,Aqua,MODIS,81,61.03,305,95.1,D,0
28.5349,80.0268,327.4,4.2,1.9,2026-04-18,857,Aqua,MODIS,82,61.03,304.7,104.7,D,0
28.5356,79.9915,326.1,4.2,1.9,2026-04-18,857,Aqua,MODIS,81,61.03,304.5,99.9,D,0
28.545,80.0314,319.9,4.2,1.9,2026-04-18,857,Aqua,MODIS,42,61.03,304.6,43.7,D,0
28.5636,80.1106,323.1,4.1,1.9,2026-04-18,857,Aqua,MODIS,78,61.03,305.2,69.2,D,0
28.57,80.101,321.7,4.1,1.9,2026-04-18,857,Aqua,MODIS,73,61.03,305.3,57.8,D,0
8.7997,78.0693,327.2,2.5,1.5,2026-04-18,1029,Aqua,MODIS,76,61.03,306.4,44.3,D,0
8.8044,78.0738,326.3,2.5,1.5,2026-04-18,1029,Aqua,MODIS,76,61.03,306,42,D,0
11.3817,76.5878,319,2.1,1.4,2026-04-18,1030,Aqua,MODIS,36,61.03,297.3,34.3,D,0
11.3844,76.5821,318.9,2.1,1.4,2026-04-18,1030,Aqua,MODIS,0,61.03,297.5,34.2,D,0
11.4704,76.5725,362.3,2.1,1.4,2026-04-18,1030,Aqua,MODIS,94,61.03,300.7,247,D,0
11.4728,76.5907,381.2,2.1,1.4,2026-04-18,1030,Aqua,MODIS,87,61.03,304.6,441.6,D,0
11.477,76.5829,395.5,2.1,1.4,2026-04-18,1030,Aqua,MODIS,100,61.03,307.4,646.2,D,0
11.4793,76.6011,340.8,2.1,1.4,2026-04-18,1030,Aqua,MODIS,89,61.03,301.7,108.6,D,0
11.4916,76.5999,318.4,2.1,1.4,2026-04-18,1030,Aqua,MODIS,49,61.03,300.8,23.3,D,0
14.5248,79.2482,321.7,3.8,1.8,2026-04-18,1031,Aqua,MODIS,39,61.03,304.7,55.6,D,0
15.6991,78.8171,322,3.7,1.8,2026-04-18,1031,Aqua,MODIS,29,61.03,303.9,44.6,D,0
18.4403,74.1638,321.8,1.7,1.3,2026-04-18,1032,Aqua,MODIS,21,61.03,294.8,27.3,D,0
18.9566,73.0422,342,1.5,1.2,2026-04-18,1032,Aqua,MODIS,90,61.03,307.2,63.2,D,2
19.1696,73.4566,332.8,1.6,1.2,2026-04-18,1032,Aqua,MODIS,81,61.03,312.2,25.5,D,0
19.1713,73.4712,337.8,1.6,1.2,2026-04-18,1032,Aqua,MODIS,86,61.03,312.7,40.7,D,0
19.3714,71.3495,311.5,1.2,1.1,2026-04-18,1032,Aqua,MODIS,49,61.03,298.4,8.6,D,3
21.1892,70.9509,328.6,1.2,1.1,2026-04-18,1033,Aqua,MODIS,54,61.03,311.9,11.7,D,0
21.2728,70.81,326.8,1.2,1.1,2026-04-18,1033,Aqua,MODIS,38,61.03,310.7,9.1,D,0
21.4637,70.4597,335.6,1.1,1.1,2026-04-18,1033,Aqua,MODIS,75,61.03,311.5,23.1,D,0
21.5663,69.9914,356.3,1.1,1,2026-04-18,1033,Aqua,MODIS,97,61.03,316.7,65.1,D,0
21.6344,70.2195,331.7,1.1,1,2026-04-18,1033,Aqua,MODIS,63,61.03,316.1,10.5,D,0
22.0078,72.7509,331.2,1.6,1.2,2026-04-18,1033,Aqua,MODIS,66,61.03,314.1,20.1,D,0
22.0795,72.7115,332,1.5,1.2,2026-04-18,1033,Aqua,MODIS,68,61.03,315.7,17.7,D,0
22.1604,72.0559,332.6,1.4,1.2,2026-04-18,1033,Aqua,MODIS,68,61.03,316.3,15.2,D,0
22.1947,72.0185,332,1.4,1.2,2026-04-18,1033,Aqua,MODIS,65,61.03,314.1,14.7,D,0
22.9427,71.0562,330.4,1.2,1.1,2026-04-18,1033,Aqua,MODIS,66,61.03,314.8,15.7,D,0
23.4486,74.3187,333.5,2.1,1.4,2026-04-18,1033,Aqua,MODIS,72,61.03,318,35.6,D,0
23.4373,70.0592,346.8,1.1,1.1,2026-04-18,1034,Aqua,MODIS,91,61.03,318.4,42.2,D,0
23.4387,70.0699,382.7,1.1,1.1,2026-04-18,1034,Aqua,MODIS,100,61.03,322.7,172.2,D,0
23.448,70.0684,333.6,1.1,1.1,2026-04-18,1034,Aqua,MODIS,77,61.03,317.4,15.6,D,0
23.6032,71.0362,332,1.3,1.1,2026-04-18,1034,Aqua,MODIS,72,61.03,318.4,14.2,D,0
24.6606,78.0321,329.8,4.2,1.9,2026-04-18,1034,Aqua,MODIS,63,61.03,311.8,92.5,D,0
24.807,73.3473,331.7,1.9,1.3,2026-04-18,1034,Aqua,MODIS,69,61.03,313.9,30.3,D,0
24.8107,73.3538,328.1,1.9,1.3,2026-04-18,1034,Aqua,MODIS,49,61.03,313.1,17,D,0
26.3873,68.6839,337.4,1.1,1,2026-04-18,1034,Aqua,MODIS,80,61.03,320.8,19.5,D,0
27.7008,68.9281,334.6,1.1,1.1,2026-04-18,1035,Aqua,MODIS,0,61.03,308.5,23.4,D,0
27.7022,68.939,324.7,1.1,1.1,2026-04-18,1035,Aqua,MODIS,41,61.03,309.6,8.7,D,0
28.1676,69.4718,324.1,1.2,1.1,2026-04-18,1035,Aqua,MODIS,55,61.03,308.4,11.9,D,0
8.8004,78.0685,313.3,2.4,1.5,2026-04-18,1510,Terra,MODIS,85,61.03,298.8,31.1,N,0
14.5229,78.9691,312,1.6,1.3,2026-04-18,1512,Terra,MODIS,77,61.03,300.5,11,N,0
14.5415,78.93,310.4,1.6,1.3,2026-04-18,1512,Terra,MODIS,59,61.03,300.4,8.5,N,0
14.5438,78.9446,312.9,1.6,1.3,2026-04-18,1512,Terra,MODIS,69,61.03,300.8,12.7,N,0
15.5393,78.811,318,1.6,1.2,2026-04-18,1512,Terra,MODIS,95,61.03,299.3,23.1,N,0
15.9562,78.7369,309.2,1.6,1.2,2026-04-18,1512,Terra,MODIS,70,61.03,299.2,8.3,N,0
15.9625,78.7268,309.4,1.6,1.2,2026-04-18,1512,Terra,MODIS,69,61.03,299.2,8.1,N,0
15.9647,78.7412,316.9,1.6,1.2,2026-04-18,1512,Terra,MODIS,93,61.03,299.2,20.3,N,0
15.9671,78.735,314.8,1.6,1.2,2026-04-18,1512,Terra,MODIS,88,61.03,299.1,16.3,N,0
16.7608,77.109,310.6,2,1.4,2026-04-18,1513,Terra,MODIS,77,61.03,296.7,17.5,N,0
17.6089,83.2016,306.8,1,1,2026-04-18,1513,Terra,MODIS,65,61.03,291.1,4.5,N,2
17.6499,81.5269,306.8,1.1,1,2026-04-18,1513,Terra,MODIS,52,61.03,295.1,5,N,0
17.7716,81.5403,310.2,1.1,1,2026-04-18,1513,Terra,MODIS,75,61.03,298.4,5.1,N,0
17.7895,81.7922,304.4,1,1,2026-04-18,1513,Terra,MODIS,45,61.03,277.4,7.8,N,0
18.1982,81.6754,311.2,1,1,2026-04-18,1513,Terra,MODIS,76,61.03,297.6,5.6,N,0
18.2365,81.6889,309.8,1,1,2026-04-18,1513,Terra,MODIS,60,61.03,295.3,5.3,N,0
18.2379,81.6983,306.4,1,1,2026-04-18,1513,Terra,MODIS,30,61.03,292.4,3.1,N,0
18.2736,81.2433,311.6,1.1,1,2026-04-18,1513,Terra,MODIS,76,61.03,296.8,6.4,N,0
18.2751,81.2533,314.3,1.1,1,2026-04-18,1513,Terra,MODIS,85,61.03,296.8,8.8,N,0
18.2938,81.2538,311.6,1.1,1,2026-04-18,1513,Terra,MODIS,77,61.03,296.6,6.5,N,0
18.2953,81.2639,320.4,1.1,1,2026-04-18,1513,Terra,MODIS,100,61.03,296.7,14.8,N,0
18.301,81.3691,313.4,1.1,1,2026-04-18,1513,Terra,MODIS,83,61.03,295.4,8.6,N,0
18.3028,81.2522,317.2,1.1,1,2026-04-18,1513,Terra,MODIS,93,61.03,296.7,11.8,N,0
18.3043,81.2621,315.1,1.1,1,2026-04-18,1513,Terra,MODIS,88,61.03,296.5,9.6,N,0
18.3086,81.2916,314.5,1.1,1,2026-04-18,1513,Terra,MODIS,86,61.03,296.1,8.7,N,0
18.31,81.3013,309.8,1.1,1,2026-04-18,1513,Terra,MODIS,35,61.03,296,5.1,N,0
18.6993,80.4965,311.3,1.1,1.1,2026-04-18,1513,Terra,MODIS,71,61.03,299.9,5,N,0
18.8877,81.019,309.7,1.1,1,2026-04-18,1513,Terra,MODIS,59,61.03,297.5,6.1,N,0
19.0241,80.5125,313.7,1.1,1.1,2026-04-18,1513,Terra,MODIS,81,61.03,301.1,8,N,0
19.1774,80.9166,306.9,1.1,1,2026-04-18,1513,Terra,MODIS,26,61.03,296.2,4.2,N,0
19.1907,80.9443,310.3,1.1,1,2026-04-18,1513,Terra,MODIS,67,61.03,296.5,7.1,N,0
19.1922,80.9543,312,1.1,1,2026-04-18,1513,Terra,MODIS,75,61.03,296.3,8.7,N,0
19.1954,80.913,308.2,1.1,1,2026-04-18,1513,Terra,MODIS,47,61.03,297.1,5.1,N,0
19.1998,80.9428,306.8,1.1,1,2026-04-18,1513,Terra,MODIS,36,61.03,296.5,4.5,N,0
19.2551,81.0046,310.2,1.1,1,2026-04-18,1513,Terra,MODIS,38,61.03,295.3,8.7,N,0
19.2639,80.6901,312.4,1.1,1,2026-04-18,1513,Terra,MODIS,76,61.03,299.2,7.3,N,0
19.273,80.6884,312,1.1,1,2026-04-18,1513,Terra,MODIS,74,61.03,299.3,7.1,N,0
19.3411,81.0247,308.3,1.1,1,2026-04-18,1513,Terra,MODIS,46,61.03,296.8,5.3,N,0
19.4128,80.9459,307.1,1.1,1,2026-04-18,1513,Terra,MODIS,27,61.03,295.6,4.1,N,0
19.42,80.9952,306.9,1.1,1,2026-04-18,1513,Terra,MODIS,43,61.03,295,5,N,0
19.4633,80.8504,314.1,1.1,1,2026-04-18,1513,Terra,MODIS,50,61.03,298.8,8,N,0
19.4724,80.8491,315.7,1.1,1,2026-04-18,1513,Terra,MODIS,65,61.03,298.5,9.6,N,0
19.4739,80.8592,323.5,1.1,1,2026-04-18,1513,Terra,MODIS,100,61.03,298.4,18.6,N,0
19.4754,80.8692,309.4,1.1,1,2026-04-18,1513,Terra,MODIS,33,61.03,297.3,5.6,N,0
19.4815,80.8476,311.7,1.1,1,2026-04-18,1513,Terra,MODIS,20,61.03,297.8,6.2,N,0
19.5028,80.8033,310.6,1.1,1,2026-04-18,1513,Terra,MODIS,70,61.03,298.4,6,N,0
19.5042,80.8133,313.8,1.1,1,2026-04-18,1513,Terra,MODIS,83,61.03,298.7,8.5,N,0
19.5133,80.8117,312.3,1.1,1,2026-04-18,1513,Terra,MODIS,77,61.03,298.3,7.1,N,0
19.5147,80.8215,308.8,1.1,1,2026-04-18,1513,Terra,MODIS,32,61.03,297.9,4.3,N,0
19.5162,80.8316,308.9,1.1,1,2026-04-18,1513,Terra,MODIS,42,61.03,297.9,4.8,N,0
19.5572,80.7972,309.1,1.1,1,2026-04-18,1513,Terra,MODIS,63,61.03,298.7,4.7,N,0
19.5993,80.831,312.1,1.1,1,2026-04-18,1513,Terra,MODIS,71,61.03,298.6,6.8,N,0
19.6084,80.8298,313.1,1.1,1,2026-04-18,1513,Terra,MODIS,41,61.03,298.3,7.1,N,0
19.6178,80.8327,314.4,1.1,1,2026-04-18,1513,Terra,MODIS,17,61.03,298.1,8.7,N,0
19.6238,80.8111,311.8,1.1,1,2026-04-18,1513,Terra,MODIS,46,61.03,296.1,7.2,N,0
19.6254,80.8213,314.5,1.1,1,2026-04-18,1513,Terra,MODIS,57,61.03,297.5,9.4,N,0
19.6342,80.8804,307.9,1.1,1,2026-04-18,1513,Terra,MODIS,57,61.03,297.3,4.9,N,0
19.713,80.8508,309.9,1.1,1,2026-04-18,1513,Terra,MODIS,68,61.03,296.5,6.4,N,0
19.722,80.8494,311,1.1,1,2026-04-18,1513,Terra,MODIS,50,61.03,297.1,7,N,0
19.7808,80.8085,310.3,1.1,1,2026-04-18,1513,Terra,MODIS,70,61.03,296.3,6.7,N,0
19.908,80.8566,315,1.1,1,2026-04-18,1513,Terra,MODIS,86,61.03,296.5,10.3,N,0
21.1773,81.3843,314.5,1,1,2026-04-18,1514,Terra,MODIS,85,61.03,302.2,7.5,N,2
21.2751,80.725,310.7,1.1,1,2026-04-18,1514,Terra,MODIS,75,61.03,300.4,6.2,N,0
21.4907,77.4919,306,1.6,1.2,2026-04-18,1514,Terra,MODIS,45,61.03,295.8,9,N,0
21.4932,79.0042,307.2,1.2,1.1,2026-04-18,1514,Terra,MODIS,40,61.03,295.8,5.5,N,0
21.5047,79.0145,314.5,1.2,1.1,2026-04-18,1514,Terra,MODIS,87,61.03,295.8,12.2,N,0
21.5052,77.3817,308,1.6,1.2,2026-04-18,1514,Terra,MODIS,68,61.03,296.6,10.9,N,0
21.7481,83.8441,316.6,1.1,1,2026-04-18,1514,Terra,MODIS,92,61.03,293.8,11.7,N,2
21.7611,84.0192,305.2,1.1,1,2026-04-18,1514,Terra,MODIS,53,61.03,288.6,4.8,N,2
21.7695,78.7426,312.3,1.3,1.1,2026-04-18,1514,Terra,MODIS,71,61.03,300.4,8.6,N,0
21.8019,78.6802,309.9,1.3,1.1,2026-04-18,1514,Terra,MODIS,71,61.03,299.1,7.6,N,0
21.8684,79.1596,305.5,1.2,1.1,2026-04-18,1514,Terra,MODIS,36,61.03,295.1,5,N,0
21.872,79.1821,306.1,1.2,1.1,2026-04-18,1514,Terra,MODIS,41,61.03,294.6,5.6,N,0
21.8875,79.1561,305.5,1.2,1.1,2026-04-18,1514,Terra,MODIS,25,61.03,295.3,5.4,N,0
21.9221,79.1265,305.5,1.2,1.1,2026-04-18,1514,Terra,MODIS,56,61.03,294.1,6.6,N,0
21.9244,83.3519,313.3,1,1,2026-04-18,1514,Terra,MODIS,80,61.03,302.6,7.4,N,2
21.9646,79.1826,305.8,1.2,1.1,2026-04-18,1514,Terra,MODIS,45,61.03,294.4,6.1,N,0
21.9686,79.3022,315.7,1.2,1.1,2026-04-18,1514,Terra,MODIS,91,61.03,295.5,15.2,N,0
21.9819,79.1678,320.9,1.2,1.1,2026-04-18,1514,Terra,MODIS,100,61.03,294.5,21.6,N,0
21.9887,76.216,310.2,1.9,1.3,2026-04-18,1514,Terra,MODIS,79,61.03,296.7,16.6,N,0
22.0282,80.5066,306.9,1.1,1,2026-04-18,1514,Terra,MODIS,54,61.03,296.4,4.3,N,0
22.0375,83.7306,313.8,1.1,1,2026-04-18,1514,Terra,MODIS,83,61.03,303.5,8.3,N,2
22.0797,78.2364,308,1.4,1.2,2026-04-18,1514,Terra,MODIS,71,61.03,297.5,7.5,N,0
22.0833,79.3487,323.6,1.2,1.1,2026-04-18,1514,Terra,MODIS,100,61.03,294.3,25.3,N,0
22.085,79.3597,307.4,1.2,1.1,2026-04-18,1514,Terra,MODIS,67,61.03,293.6,7.6,N,0
22.0884,79.257,306.5,1.2,1.1,2026-04-18,1514,Terra,MODIS,64,61.03,295.1,7.2,N,0
22.0901,79.2681,305.9,1.2,1.1,2026-04-18,1514,Terra,MODIS,61,61.03,294.3,6.7,N,0
22.0979,79.3798,304.4,1.2,1.1,2026-04-18,1514,Terra,MODIS,52,61.03,294.1,5.4,N,0
22.1011,79.1512,303.6,1.2,1.1,2026-04-18,1514,Terra,MODIS,40,61.03,293.1,4.4,N,0
22.1087,79.01,303.3,1.2,1.1,2026-04-18,1514,Terra,MODIS,40,61.03,291.2,5.3,N,0
22.1105,79.0214,303,1.2,1.1,2026-04-18,1514,Terra,MODIS,18,61.03,291.8,4.6,N,0
22.1134,79.0152,302.8,1.2,1.1,2026-04-18,1514,Terra,MODIS,6,61.03,291.9,4.2,N,0
22.1424,79.2927,307.1,1.2,1.1,2026-04-18,1514,Terra,MODIS,66,61.03,293.9,7.7,N,0
22.1441,79.3037,308.7,1.2,1.1,2026-04-18,1514,Terra,MODIS,72,61.03,294.9,9.1,N,0
22.1767,78.8311,304.5,1.2,1.1,2026-04-18,1514,Terra,MODIS,38,61.03,293.5,5.5,N,0
22.1887,79.2445,311.1,1.2,1.1,2026-04-18,1514,Terra,MODIS,79,61.03,295.9,10.7,N,0
22.2065,79.4217,305.3,1.2,1.1,2026-04-18,1514,Terra,MODIS,56,61.03,295.2,5.9,N,0
22.2292,79.6925,305.8,1.1,1.1,2026-04-18,1514,Terra,MODIS,58,61.03,294.7,5.3,N,0
22.2643,79.4223,308.6,1.2,1.1,2026-04-18,1514,Terra,MODIS,49,61.03,296,7,N,0
22.2718,79.5977,306.3,1.1,1.1,2026-04-18,1514,Terra,MODIS,61,61.03,294.9,6,N,0
22.278,79.8878,308.5,1.1,1,2026-04-18,1514,Terra,MODIS,67,61.03,294.3,7.1,N,0
22.2795,79.8982,304.9,1.1,1,2026-04-18,1514,Terra,MODIS,22,61.03,294.6,4.3,N,0
22.2871,79.8862,307.3,1.1,1,2026-04-18,1514,Terra,MODIS,45,61.03,294.4,6.3,N,0
22.296,79.8205,308.8,1.1,1.1,2026-04-18,1514,Terra,MODIS,71,61.03,294.4,8.4,N,0
22.2983,79.6475,306.1,1.1,1.1,2026-04-18,1514,Terra,MODIS,60,61.03,295.9,5.4,N,0
22.3025,79.926,315.7,1.1,1,2026-04-18,1514,Terra,MODIS,91,61.03,296,13.5,N,0
22.3271,82.5701,311.5,1,1,2026-04-18,1514,Terra,MODIS,79,61.03,301.1,4.9,N,2
22.3393,79.8065,305.4,1.1,1.1,2026-04-18,1514,Terra,MODIS,52,61.03,295.4,5.3,N,0
22.3429,79.8911,307.1,1.1,1,2026-04-18,1514,Terra,MODIS,61,61.03,293.9,6.2,N,0
22.3445,79.9015,305.5,1.1,1,2026-04-18,1514,Terra,MODIS,52,61.03,294.3,5,N,2
22.3549,79.2477,324.3,1.2,1.1,2026-04-18,1514,Terra,MODIS,100,61.03,297.4,25.2,N,2
22.3566,79.2587,316.7,1.2,1.1,2026-04-18,1514,Terra,MODIS,93,61.03,296.7,15.5,N,0
22.3718,79.4793,336.6,1.1,1.1,2026-04-18,1514,Terra,MODIS,100,61.03,297.4,43.5,N,0
22.3839,79.8519,315,1.1,1,2026-04-18,1514,Terra,MODIS,85,61.03,294.7,12.2,N,0
22.3854,79.8623,345.6,1.1,1,2026-04-18,1514,Terra,MODIS,100,61.03,297.9,58.8,N,0
22.387,79.8726,325.2,1.1,1,2026-04-18,1514,Terra,MODIS,100,61.03,295.8,23.5,N,0
22.393,79.8503,306.4,1.1,1,2026-04-18,1514,Terra,MODIS,8,61.03,294.3,5.3,N,0
22.3946,79.8606,324.2,1.1,1,2026-04-18,1514,Terra,MODIS,100,61.03,294.7,22.7,N,0
22.3954,79.6781,308.4,1.1,1.1,2026-04-18,1514,Terra,MODIS,68,61.03,298.2,6.7,N,0
22.397,79.6886,309.8,1.1,1.1,2026-04-18,1514,Terra,MODIS,73,61.03,298.4,7.6,N,0
22.4037,79.859,317.7,1.1,1,2026-04-18,1514,Terra,MODIS,95,61.03,294,15.5,N,0
22.4177,79.7759,321.3,1.1,1.1,2026-04-18,1514,Terra,MODIS,100,61.03,296.7,19.1,N,0
22.42,79.6677,310.6,1.1,1.1,2026-04-18,1514,Terra,MODIS,76,61.03,295.4,8.9,N,0
22.4219,78.8342,306.9,1.2,1.1,2026-04-18,1514,Terra,MODIS,65,61.03,296.7,7.1,N,0
22.4285,79.7847,308,1.1,1.1,2026-04-18,1514,Terra,MODIS,65,61.03,295.6,6.4,N,0
22.4452,79.771,325.1,1.1,1.1,2026-04-18,1514,Terra,MODIS,100,61.03,297.2,23.7,N,0
22.9502,75.952,312.5,1.9,1.3,2026-04-18,1514,Terra,MODIS,83,61.03,295.3,24.2,N,0
22.9532,75.9695,309.3,1.9,1.3,2026-04-18,1514,Terra,MODIS,75,61.03,295.1,18.2,N,0
23.0351,76.1662,305.5,1.8,1.3,2026-04-18,1514,Terra,MODIS,60,61.03,295.2,10.3,N,0
23.0469,75.6593,312.7,2,1.4,2026-04-18,1514,Terra,MODIS,84,61.03,297,26,N,0
23.0499,77.4913,317.2,1.5,1.2,2026-04-18,1514,Terra,MODIS,95,61.03,294.4,24.7,N,0
23.0521,77.505,306.9,1.5,1.2,2026-04-18,1514,Terra,MODIS,70,61.03,294.2,10.9,N,0
23.0578,75.3044,308.3,2.1,1.4,2026-04-18,1514,Terra,MODIS,70,61.03,297.4,16.4,N,2
23.061,75.2972,312.5,2.1,1.4,2026-04-18,1514,Terra,MODIS,83,61.03,297.4,26.3,N,0
23.1024,77.6973,312.6,1.4,1.2,2026-04-18,1514,Terra,MODIS,85,61.03,295.7,13.8,N,0
23.1047,77.7106,307.9,1.4,1.2,2026-04-18,1514,Terra,MODIS,40,61.03,296,8.5,N,0
23.1056,77.703,319.6,1.4,1.2,2026-04-18,1514,Terra,MODIS,99,61.03,295.3,23.8,N,0
23.1078,77.7162,305.9,1.4,1.2,2026-04-18,1514,Terra,MODIS,29,61.03,294.9,5.9,N,0
23.1092,75.6649,317.6,2,1.4,2026-04-18,1514,Terra,MODIS,95,61.03,297.9,35.2,N,0
23.1149,75.6572,316.4,2,1.4,2026-04-18,1514,Terra,MODIS,93,61.03,297.8,31.7,N,0
23.1149,77.7084,323.6,1.4,1.2,2026-04-18,1514,Terra,MODIS,100,61.03,294.7,30.7,N,0
23.1171,77.7217,328.2,1.4,1.2,2026-04-18,1514,Terra,MODIS,100,61.03,295.4,39.2,N,0
23.1637,82.3364,314.1,1,1,2026-04-18,1514,Terra,MODIS,86,61.03,300.9,8.5,N,2
23.322,74.9958,309.1,2.2,1.4,2026-04-18,1514,Terra,MODIS,72,61.03,298.5,17.9,N,0
23.3238,77.2986,301,1.5,1.2,2026-04-18,1514,Terra,MODIS,13,61.03,289.7,6.1,N,0
23.4061,77.9728,308,1.3,1.1,2026-04-18,1514,Terra,MODIS,71,61.03,294,10.7,N,0
23.4072,75.3245,308.8,2,1.4,2026-04-18,1514,Terra,MODIS,71,61.03,297.5,17,N,0
23.4122,78.0106,315.7,1.3,1.1,2026-04-18,1514,Terra,MODIS,91,61.03,294.7,19.5,N,0
23.42,77.9308,306.9,1.4,1.2,2026-04-18,1514,Terra,MODIS,32,61.03,296.3,7.7,N,0
23.4276,76.9755,304,1.6,1.2,2026-04-18,1514,Terra,MODIS,53,61.03,289.8,10.4,N,0
23.43,76.9901,303.7,1.6,1.2,2026-04-18,1514,Terra,MODIS,51,61.03,290.2,9.4,N,0
23.438,79.0076,314.9,1.2,1.1,2026-04-18,1514,Terra,MODIS,89,61.03,299.8,12.5,N,0
23.4637,77.3217,309.7,1.5,1.2,2026-04-18,1514,Terra,MODIS,77,61.03,295.8,13.5,N,0
23.4753,78.0186,304.6,1.3,1.1,2026-04-18,1514,Terra,MODIS,57,61.03,294,7.3,N,0
23.4759,75.9127,308.2,1.8,1.3,2026-04-18,1514,Terra,MODIS,69,61.03,296.2,15.7,N,0
23.4919,78.3695,311.7,1.3,1.1,2026-04-18,1514,Terra,MODIS,82,61.03,297.4,11.9,N,0
23.4932,77.2668,310.5,1.5,1.2,2026-04-18,1514,Terra,MODIS,24,61.03,285.8,15.7,N,0
23.4933,78.0667,311,1.3,1.1,2026-04-18,1514,Terra,MODIS,80,61.03,294.6,12.2,N,0
23.4962,77.2575,309.6,1.5,1.2,2026-04-18,1514,Terra,MODIS,33,61.03,285.3,16.6,N,0
23.4985,77.2714,313.9,1.5,1.2,2026-04-18,1514,Terra,MODIS,78,61.03,285.5,20.5,N,0
23.4995,77.343,314.3,1.5,1.2,2026-04-18,1514,Terra,MODIS,88,61.03,296.1,19.2,N,0
23.557,82.4546,312.2,1,1,2026-04-18,1514,Terra,MODIS,79,61.03,298.8,7.5,N,0
23.5583,82.4642,315.8,1,1,2026-04-18,1514,Terra,MODIS,90,61.03,299,10.7,N,0
23.5596,82.4738,324,1,1,2026-04-18,1514,Terra,MODIS,100,61.03,299.3,18.9,N,0
23.5658,84.177,308.8,1.2,1.1,2026-04-18,1514,Terra,MODIS,8,61.03,298.3,5.6,N,0
23.5671,82.4628,309.4,1,1,2026-04-18,1514,Terra,MODIS,68,61.03,298.1,6.1,N,0
23.5684,82.4725,312.6,1,1,2026-04-18,1514,Terra,MODIS,80,61.03,298.1,8.7,N,0
23.5766,78.9292,314.9,1.2,1.1,2026-04-18,1514,Terra,MODIS,89,61.03,297.7,13.3,N,0
23.5923,84.1908,309.8,1.2,1.1,2026-04-18,1514,Terra,MODIS,35,61.03,297.9,6.9,N,0
23.612,78.2275,315.7,1.3,1.1,2026-04-18,1514,Terra,MODIS,91,61.03,295.5,17.4,N,0
23.6122,76.1572,308.4,1.8,1.3,2026-04-18,1514,Terra,MODIS,70,61.03,295.8,14.1,N,0
23.6409,79.1829,305.1,1.1,1.1,2026-04-18,1514,Terra,MODIS,54,61.03,292.8,5.5,N,0
23.6656,75.7332,307.1,1.9,1.3,2026-04-18,1514,Terra,MODIS,63,61.03,296,13.9,N,0
23.6789,77.6287,313.4,1.4,1.2,2026-04-18,1514,Terra,MODIS,86,61.03,293.8,18.4,N,0
23.6805,86.3954,311.6,1.6,1.2,2026-04-18,1514,Terra,MODIS,79,61.03,300.9,13.2,N,2
23.6811,77.6418,303.4,1.4,1.2,2026-04-18,1514,Terra,MODIS,45,61.03,293.3,7.8,N,0
23.6927,77.5851,323,1.4,1.2,2026-04-18,1514,Terra,MODIS,100,61.03,294.8,32.5,N,0
23.7334,77.5769,308,1.4,1.2,2026-04-18,1514,Terra,MODIS,70,61.03,293.8,11.6,N,0
23.74,86.4335,310.9,1.6,1.2,2026-04-18,1514,Terra,MODIS,46,61.03,300.5,10.2,N,2
23.7427,79.6005,305.6,1.1,1,2026-04-18,1514,Terra,MODIS,54,61.03,295.3,4.9,N,0
23.7691,77.5505,308.8,1.4,1.2,2026-04-18,1514,Terra,MODIS,72,61.03,298.1,10.9,N,0
23.8283,78.8871,310,1.2,1.1,2026-04-18,1514,Terra,MODIS,76,61.03,295.6,9.5,N,0
23.8445,75.6272,307.6,1.9,1.3,2026-04-18,1514,Terra,MODIS,64,61.03,297.6,13.4,N,0
23.8473,77.2053,311,1.5,1.2,2026-04-18,1514,Terra,MODIS,78,61.03,295.8,14.6,N,0
23.8496,77.2192,308.4,1.5,1.2,2026-04-18,1514,Terra,MODIS,70,61.03,295.7,11,N,0
23.8529,79.109,307.5,1.1,1.1,2026-04-18,1514,Terra,MODIS,65,61.03,291.5,7,N,0
23.8546,79.1198,307.5,1.1,1.1,2026-04-18,1514,Terra,MODIS,65,61.03,292.3,7.1,N,0
23.8631,79.3612,313.5,1.1,1.1,2026-04-18,1514,Terra,MODIS,85,61.03,297.1,10.7,N,0
23.8799,79.3472,308.8,1.1,1.1,2026-04-18,1514,Terra,MODIS,70,61.03,298.6,6.3,N,0
23.8991,78.5337,309.9,1.2,1.1,2026-04-18,1514,Terra,MODIS,75,61.03,298,9.1,N,0
23.9003,77.289,307.2,1.5,1.2,2026-04-18,1514,Terra,MODIS,64,61.03,296,9.7,N,0
23.9029,77.7995,318.7,1.4,1.2,2026-04-18,1514,Terra,MODIS,97,61.03,294.8,23.2,N,0
23.905,77.8123,310.9,1.3,1.2,2026-04-18,1514,Terra,MODIS,78,61.03,297.4,12.8,N,0
23.9363,78.2523,310.2,1.3,1.1,2026-04-18,1514,Terra,MODIS,75,61.03,298.1,10.3,N,0
23.9491,77.8298,327,1.3,1.1,2026-04-18,1514,Terra,MODIS,100,61.03,296.4,36.4,N,0
23.9728,78.6264,306.1,1.2,1.1,2026-04-18,1514,Terra,MODIS,58,61.03,296,6,N,0
23.9963,77.867,316.1,1.3,1.1,2026-04-18,1514,Terra,MODIS,91,61.03,297.4,18.9,N,0
24.1286,77.7297,320.2,1.4,1.2,2026-04-18,1514,Terra,MODIS,100,61.03,297.6,24.4,N,0
24.1294,77.737,322.6,1.4,1.2,2026-04-18,1514,Terra,MODIS,100,61.03,297.9,28.7,N,0
24.1306,77.7425,311.6,1.4,1.2,2026-04-18,1514,Terra,MODIS,79,61.03,297.4,12.8,N,0
24.2864,82.2598,313.7,1,1,2026-04-18,1514,Terra,MODIS,84,61.03,299,9.4,N,0
24.2877,82.2695,311,1,1,2026-04-18,1514,Terra,MODIS,75,61.03,298.7,7.4,N,0
24.4541,81.9342,311.2,1,1,2026-04-18,1514,Terra,MODIS,76,61.03,299.6,6.9,N,0
24.4554,81.9438,311.8,1,1,2026-04-18,1514,Terra,MODIS,78,61.03,299.5,7.3,N,0
24.5514,80.4373,310.4,1,1,2026-04-18,1514,Terra,MODIS,76,61.03,297.6,7.8,N,0
24.5528,80.4471,318.7,1,1,2026-04-18,1514,Terra,MODIS,97,61.03,298.4,15,N,0
25.0586,84.0054,308.1,1.2,1.1,2026-04-18,1514,Terra,MODIS,63,61.03,298.1,7.4,N,0
25.0721,83.9573,308.5,1.2,1.1,2026-04-18,1514,Terra,MODIS,41,61.03,298.4,6.7,N,0
25.0969,84.1632,312.4,1.2,1.1,2026-04-18,1514,Terra,MODIS,80,61.03,298.1,11.9,N,0
25.0996,84.1864,312.6,1.2,1.1,2026-04-18,1514,Terra,MODIS,81,61.03,297.8,12,N,0
24.325,77.485,311.4,1.4,1.2,2026-04-18,1515,Terra,MODIS,78,61.03,295.5,14.6,N,0
24.3924,78.1456,314,1.3,1.1,2026-04-18,1515,Terra,MODIS,86,61.03,296.7,13.9,N,0
24.4345,78.8664,319,1.2,1.1,2026-04-18,1515,Terra,MODIS,97,61.03,296.8,18.2,N,0
24.4362,78.8774,317.3,1.2,1.1,2026-04-18,1515,Terra,MODIS,94,61.03,296.8,16.4,N,0
24.514,78.3237,307.4,1.2,1.1,2026-04-18,1515,Terra,MODIS,62,61.03,297.3,7.2,N,0
24.5674,78.6566,307,1.2,1.1,2026-04-18,1515,Terra,MODIS,60,61.03,296.3,6.9,N,0
24.5833,77.8054,317.9,1.3,1.1,2026-04-18,1515,Terra,MODIS,95,61.03,296.6,19.8,N,0
24.5982,76.8358,314.6,1.5,1.2,2026-04-18,1515,Terra,MODIS,87,61.03,298.5,18.2,N,0
24.6007,76.8501,311.8,1.5,1.2,2026-04-18,1515,Terra,MODIS,79,61.03,298.5,14.8,N,0
24.6239,78.6457,314,1.2,1.1,2026-04-18,1515,Terra,MODIS,86,61.03,296.9,13.4,N,0
24.6403,76.7308,325.3,1.5,1.2,2026-04-18,1515,Terra,MODIS,100,61.03,298.2,38,N,0
24.641,77.9027,319.7,1.3,1.1,2026-04-18,1515,Terra,MODIS,99,61.03,296.8,22.3,N,0
24.643,77.915,310.9,1.3,1.1,2026-04-18,1515,Terra,MODIS,76,61.03,297.1,11.4,N,0
24.6692,76.3623,307.7,1.6,1.3,2026-04-18,1515,Terra,MODIS,59,61.03,297.6,10.3,N,0
24.7021,77.1559,309.3,1.4,1.2,2026-04-18,1515,Terra,MODIS,69,61.03,296.7,11,N,0
24.72,77.8812,311.1,1.3,1.1,2026-04-18,1515,Terra,MODIS,76,61.03,297.8,10.6,N,0
24.7233,77.4617,309.9,1.4,1.2,2026-04-18,1515,Terra,MODIS,72,61.03,297.6,11,N,0
24.7254,77.4748,308.7,1.4,1.2,2026-04-18,1515,Terra,MODIS,67,61.03,297,9.5,N,0
24.7432,77.0189,306.4,1.5,1.2,2026-04-18,1515,Terra,MODIS,54,61.03,296.2,8,N,0
24.7438,76.7933,310.2,1.5,1.2,2026-04-18,1515,Terra,MODIS,72,61.03,297.2,13.1,N,0
24.7462,76.8076,310.7,1.5,1.2,2026-04-18,1515,Terra,MODIS,74,61.03,297.5,13.7,N,0
24.7511,76.8363,310.7,1.5,1.2,2026-04-18,1515,Terra,MODIS,74,61.03,298.2,12.5,N,0
24.7903,77.4955,308.5,1.4,1.2,2026-04-18,1515,Terra,MODIS,65,61.03,297,9.7,N,0
24.8215,77.2518,309.5,1.4,1.2,2026-04-18,1515,Terra,MODIS,69,61.03,297.3,10.5,N,0
24.925,77.252,309.9,1.4,1.2,2026-04-18,1515,Terra,MODIS,70,61.03,299.6,9.6,N,0
24.9343,76.4763,309.1,1.6,1.2,2026-04-18,1515,Terra,MODIS,65,61.03,298.6,11,N,0
24.942,76.7395,309.8,1.5,1.2,2026-04-18,1515,Terra,MODIS,69,61.03,299.3,9.7,N,0
24.9423,76.481,313,1.6,1.2,2026-04-18,1515,Terra,MODIS,81,61.03,297.9,16.6,N,0
24.9524,76.5407,315.2,1.6,1.2,2026-04-18,1515,Terra,MODIS,88,61.03,299.6,19,N,0
24.9554,76.5337,316.7,1.6,1.2,2026-04-18,1515,Terra,MODIS,92,61.03,299.5,21.8,N,0
25.0443,76.4473,309.3,1.6,1.2,2026-04-18,1515,Terra,MODIS,67,61.03,297.6,12.3,N,0
25.0573,77.8717,314.2,1.3,1.1,2026-04-18,1515,Terra,MODIS,85,61.03,297.6,13.4,N,0
25.0592,77.8839,306.7,1.3,1.1,2026-04-18,1515,Terra,MODIS,48,61.03,296.4,5.7,N,0
25.0612,77.8961,316.5,1.3,1.1,2026-04-18,1515,Terra,MODIS,91,61.03,297.2,16.5,N,0
25.0632,77.9083,315.6,1.3,1.1,2026-04-18,1515,Terra,MODIS,89,61.03,297.4,15,N,0
25.0854,77.8477,309.2,1.3,1.1,2026-04-18,1515,Terra,MODIS,66,61.03,297.7,8.2,N,0
25.0877,83.8003,310.5,1.2,1.1,2026-04-18,1515,Terra,MODIS,70,61.03,298.7,8.2,N,0
25.0929,77.77,309.3,1.3,1.1,2026-04-18,1515,Terra,MODIS,67,61.03,298.3,8.5,N,0
25.101,77.8192,310,1.3,1.1,2026-04-18,1515,Terra,MODIS,70,61.03,298.6,8.5,N,0
25.1024,83.8435,313.3,1.2,1.1,2026-04-18,1515,Terra,MODIS,84,61.03,298.5,11.2,N,0
25.1302,77.7496,310.4,1.3,1.1,2026-04-18,1515,Terra,MODIS,72,61.03,298,9.3,N,0
25.1314,77.6266,316.9,1.3,1.1,2026-04-18,1515,Terra,MODIS,92,61.03,298.4,17.5,N,0
25.1318,77.6329,315.6,1.3,1.1,2026-04-18,1515,Terra,MODIS,89,61.03,298.3,16,N,0
25.1333,83.9419,314.8,1.2,1.1,2026-04-18,1515,Terra,MODIS,88,61.03,298.1,12.5,N,0
25.1347,83.9532,320.7,1.2,1.1,2026-04-18,1515,Terra,MODIS,100,61.03,299,19.3,N,0
25.1522,83.9391,314.1,1.2,1.1,2026-04-18,1515,Terra,MODIS,86,61.03,298.4,11.8,N,0
25.1605,84.0888,319.6,1.2,1.1,2026-04-18,1515,Terra,MODIS,99,61.03,299.2,19.1,N,0
25.1759,83.6912,310.5,1.1,1.1,2026-04-18,1515,Terra,MODIS,76,61.03,298.1,8.4,N,0
25.1959,83.6211,310.8,1.1,1.1,2026-04-18,1515,Terra,MODIS,76,61.03,297.9,8.5,N,0
25.1973,83.7104,314.5,1.1,1.1,2026-04-18,1515,Terra,MODIS,87,61.03,298.8,12.6,N,0
25.2039,83.8454,312.3,1.2,1.1,2026-04-18,1515,Terra,MODIS,81,61.03,297.8,10.8,N,0
25.2134,83.844,310.6,1.2,1.1,2026-04-18,1515,Terra,MODIS,76,61.03,298.1,9.2,N,0
25.2185,84.1332,309.3,1.2,1.1,2026-04-18,1515,Terra,MODIS,23,61.03,298.3,8,N,0
25.2268,84.1202,307.2,1.2,1.1,2026-04-18,1515,Terra,MODIS,61,61.03,297.1,6.7,N,0
25.2484,83.896,320.1,1.2,1.1,2026-04-18,1515,Terra,MODIS,100,61.03,298.7,18.7,N,0
25.2591,83.8258,310.9,1.2,1.1,2026-04-18,1515,Terra,MODIS,66,61.03,298.1,8.5,N,0
25.2659,83.882,311.5,1.2,1.1,2026-04-18,1515,Terra,MODIS,79,61.03,298.4,9.3,N,0
25.2881,83.781,311.2,1.2,1.1,2026-04-18,1515,Terra,MODIS,78,61.03,298.2,10,N,0
25.2934,84.0284,309.4,1.2,1.1,2026-04-18,1515,Terra,MODIS,71,61.03,297.8,8.3,N,0
25.3002,83.882,311.7,1.2,1.1,2026-04-18,1515,Terra,MODIS,79,61.03,298.6,10.3,N,0
25.3014,84.0559,307.5,1.2,1.1,2026-04-18,1515,Terra,MODIS,63,61.03,297.4,6.9,N,0
25.3191,83.9601,312.5,1.2,1.1,2026-04-18,1515,Terra,MODIS,82,61.03,298.3,10.9,N,0
25.3317,75.7748,308.3,1.7,1.3,2026-04-18,1515,Terra,MODIS,66,61.03,296.4,13.7,N,0
25.4327,76.4176,312.3,1.6,1.2,2026-04-18,1515,Terra,MODIS,80,61.03,299.1,16.1,N,0
25.4428,85.1281,315.3,1.4,1.2,2026-04-18,1515,Terra,MODIS,89,61.03,299.1,17.1,N,0
25.4433,76.4154,310.9,1.6,1.2,2026-04-18,1515,Terra,MODIS,44,61.03,299,13.3,N,0
25.4443,85.1414,314.4,1.4,1.2,2026-04-18,1515,Terra,MODIS,87,61.03,299.2,16,N,0
25.4515,76.3982,311,1.6,1.2,2026-04-18,1515,Terra,MODIS,70,61.03,298.2,13.5,N,0
25.5767,78.945,312.7,1.1,1.1,2026-04-18,1515,Terra,MODIS,81,61.03,294.6,9.9,N,0
25.6568,78.1463,306.6,1.2,1.1,2026-04-18,1515,Terra,MODIS,45,61.03,296,5.8,N,0
26.3077,83.8641,306,1.2,1.1,2026-04-18,1515,Terra,MODIS,57,61.03,295.5,5.1,N,0
26.3224,83.6626,312.7,1.2,1.1,2026-04-18,1515,Terra,MODIS,83,61.03,299.1,9.9,N,0
26.3634,83.6384,313.8,1.2,1.1,2026-04-18,1515,Terra,MODIS,86,61.03,299.6,12,N,0
26.4542,83.5496,309.8,1.2,1.1,2026-04-18,1515,Terra,MODIS,74,61.03,298.7,8.4,N,0
26.4555,83.5609,309,1.2,1.1,2026-04-18,1515,Terra,MODIS,71,61.03,298.9,7.7,N,0
26.5342,83.2922,309.7,1.1,1.1,2026-04-18,1515,Terra,MODIS,61,61.03,298.3,7.3,N,0
26.5741,83.3086,309.3,1.1,1.1,2026-04-18,1515,Terra,MODIS,47,61.03,298.6,6.7,N,0
26.9112,84.2412,308.1,1.3,1.1,2026-04-18,1515,Terra,MODIS,73,61.03,297.3,9.1,N,0
26.9414,82.7901,309.5,1.1,1,2026-04-18,1515,Terra,MODIS,73,61.03,297.5,7.3,N,0
26.9545,82.8206,313.2,1.1,1,2026-04-18,1515,Terra,MODIS,84,61.03,297.2,11.4,N,0
27.0857,82.4011,313.1,1.1,1,2026-04-18,1515,Terra,MODIS,84,61.03,298.1,10.5,N,0
27.1103,82.0868,308.7,1,1,2026-04-18,1515,Terra,MODIS,69,61.03,297.3,7.2,N,0
27.3061,82.917,308.8,1.1,1.1,2026-04-18,1515,Terra,MODIS,71,61.03,298.1,6.8,N,0
27.318,82.9373,310.6,1.1,1.1,2026-04-18,1515,Terra,MODIS,41,61.03,298.7,7.4,N,0
27.3299,82.5892,312.1,1.1,1,2026-04-18,1515,Terra,MODIS,81,61.03,297.2,9.4,N,0
27.3313,82.5998,322,1.1,1,2026-04-18,1515,Terra,MODIS,100,61.03,298.3,19.4,N,0
27.36,82.8974,308.5,1.1,1,2026-04-18,1515,Terra,MODIS,70,61.03,298.2,6.3,N,0
27.413,83.1982,308.4,1.1,1.1,2026-04-18,1515,Terra,MODIS,71,61.03,298,7.1,N,0
27.4657,81.3516,313.6,1,1,2026-04-18,1515,Terra,MODIS,86,61.03,296.7,11,N,0
27.467,81.3615,320.1,1,1,2026-04-18,1515,Terra,MODIS,100,61.03,296.7,16.8,N,0
28.0657,80.6177,327,1,1,2026-04-18,1515,Terra,MODIS,100,61.03,297.1,23.9,N,0
28.3527,81.5851,310.8,1,1,2026-04-18,1515,Terra,MODIS,68,61.03,299.3,5.8,N,0
28.3603,81.5736,310.7,1,1,2026-04-18,1515,Terra,MODIS,13,61.03,299.4,5.3,N,0
28.3785,81.6439,312.9,1,1,2026-04-18,1515,Terra,MODIS,86,61.03,297.6,8.4,N,0
28.3798,81.6541,313.7,1,1,2026-04-18,1515,Terra,MODIS,88,61.03,298.3,8.8,N,0
28.8686,81.0984,314,1,1,2026-04-18,1516,Terra,MODIS,88,61.03,298,9.8,N,0
28.8699,81.1083,307.8,1,1,2026-04-18,1516,Terra,MODIS,73,61.03,297.8,5.2,N,0
28.979,81.0154,309.4,1,1,2026-04-18,1516,Terra,MODIS,77,61.03,298.3,6.7,N,0
29.0116,81.1949,307,1,1,2026-04-18,1516,Terra,MODIS,70,61.03,296.9,5.4,N,0
29.7853,80.3741,304.3,1,1,2026-04-18,1516,Terra,MODIS,60,61.03,294.3,4.3,N,0
29.8382,78.917,303.4,1,1,2026-04-18,1516,Terra,MODIS,55,61.03,292.1,5,N,0
29.9606,79.7684,302.9,1,1,2026-04-18,1516,Terra,MODIS,52,61.03,291.7,4.7,N,0
30.1884,78.5975,300,1,1,2026-04-18,1516,Terra,MODIS,6,61.03,280.7,4.4,N,0
30.2727,79.2376,302.5,1,1,2026-04-18,1516,Terra,MODIS,48,61.03,291.3,4,N,0
30.3323,79.0105,306.7,1,1,2026-04-18,1516,Terra,MODIS,69,61.03,294.3,6.1,N,0
21.5813,96.6244,302,1,1,2026-04-18,2102,Aqua,MODIS,46,61.03,290.7,3.4,N,0
23.9455,79.558,304,1.9,1.3,2026-04-18,2239,Aqua,MODIS,58,61.03,292.9,14.6,N,0
24.403,77.4974,307.6,1.3,1.1,2026-04-18,2239,Aqua,MODIS,72,61.03,291.3,12.3,N,0
24.5749,77.4036,317.5,1.3,1.1,2026-04-18,2239,Aqua,MODIS,95,61.03,293.2,22.8,N,0
25.0507,77.1525,308.8,1.2,1.1,2026-04-18,2239,Aqua,MODIS,76,61.03,294.8,11.3,N,0
25.0527,77.1407,312.6,1.2,1.1,2026-04-18,2239,Aqua,MODIS,85,61.03,294.3,15.1,N,0
25.1121,76.1146,310.9,1.1,1,2026-04-18,2239,Aqua,MODIS,81,61.03,293.1,11.7,N,0
25.2141,77.0533,304.9,1.2,1.1,2026-04-18,2239,Aqua,MODIS,62,61.03,294.5,7.1,N,0
25.4488,76.3822,302.5,1.1,1.1,2026-04-18,2239,Aqua,MODIS,15,61.03,292,5.2,N,0
25.4636,76.4074,305.3,1.1,1.1,2026-04-18,2239,Aqua,MODIS,39,61.03,292.7,6.9,N,0
25.5663,76.6771,305.4,1.2,1.1,2026-04-18,2239,Aqua,MODIS,64,61.03,292.9,7.8,N,0
20.7877,73.8048,304.4,1,1,2026-04-18,2240,Aqua,MODIS,60,61.03,294.3,5.4,N,0
21.4918,77.4129,314.4,1.5,1.2,2026-04-18,2240,Aqua,MODIS,89,61.03,295.2,19.4,N,0
21.4971,77.4076,312,1.5,1.2,2026-04-18,2240,Aqua,MODIS,84,61.03,294.5,16.2,N,0
21.5021,77.4157,303.9,1.5,1.2,2026-04-18,2240,Aqua,MODIS,48,61.03,293,6.9,N,0
21.7999,78.6534,306.1,1.8,1.3,2026-04-18,2240,Aqua,MODIS,67,61.03,294.5,12.9,N,0
22.2095,76.8608,311.6,1.3,1.1,2026-04-18,2240,Aqua,MODIS,83,61.03,292.5,16.3,N,0
22.2351,79.451,300.5,2,1.4,2026-04-18,2240,Aqua,MODIS,30,61.03,290.5,11.4,N,0
22.2959,79.6521,302.1,2.1,1.4,2026-04-18,2240,Aqua,MODIS,47,61.03,291.2,13.1,N,0
22.7473,75.1949,303.4,1.1,1,2026-04-18,2240,Aqua,MODIS,55,61.03,291.9,5.9,N,0
23.1165,77.7104,301.6,1.4,1.2,2026-04-18,2240,Aqua,MODIS,6,61.03,291.6,4.5,N,0
23.2638,77.6285,303.9,1.4,1.2,2026-04-18,2240,Aqua,MODIS,58,61.03,291.4,8.2,N,0
23.6084,77.5478,304.4,1.4,1.2,2026-04-18,2240,Aqua,MODIS,60,61.03,293.2,7.7,N,0
24.0285,76.1012,304.5,1.1,1.1,2026-04-18,2240,Aqua,MODIS,60,61.03,293.2,6,N,0
24.3441,74.6,309.6,1,1,2026-04-18,2240,Aqua,MODIS,78,61.03,293.1,9.2,N,0
24.3456,74.5904,314.6,1,1,2026-04-18,2240,Aqua,MODIS,90,61.03,293.9,13.2,N,0
19.2829,71.4405,329.7,1,1,2026-04-18,2241,Aqua,MODIS,100,61.03,298.3,26.5,N,3
19.2843,71.431,313.7,1,1,2026-04-18,2241,Aqua,MODIS,83,61.03,297.9,9.3,N,3
19.3678,71.363,308.1,1,1,2026-04-18,2241,Aqua,MODIS,59,61.03,297.7,5.1,N,3
19.3692,71.3534,319.1,1,1,2026-04-18,2241,Aqua,MODIS,98,61.03,297.8,14.4,N,3
13.922,79.2131,312.2,2.9,1.6,2026-04-18,2242,Aqua,MODIS,84,61.03,293.6,47,N,0
13.9257,79.2215,306.7,2.9,1.6,2026-04-18,2242,Aqua,MODIS,68,61.03,293.7,29,N,0
13.9309,79.1938,309.1,2.9,1.6,2026-04-18,2242,Aqua,MODIS,75,61.03,293.4,35.5,N,0