latitude,longitude,bright_ti4,scan,track,acq_date,acq_time,satellite,instrument,confidence,version,bright_ti5,frp,daynight,type
26.7445,94.65285,328.53,0.6,0.53,2026-06-03,617,N20,VIIRS,n,2,290.78,5.07,D,0
8.10486,81.39128,331.42,0.4,0.37,2026-06-03,753,N20,VIIRS,n,2,298.35,2.2,D,0
8.97176,77.32527,341.39,0.39,0.44,2026-06-03,753,N20,VIIRS,n,2,296.1,5.66,D,0
9.01484,77.79953,335.59,0.55,0.43,2026-06-03,753,N20,VIIRS,n,2,297.35,4.59,D,0
9.01491,77.79687,334.01,0.55,0.43,2026-06-03,753,N20,VIIRS,n,2,297.85,4.89,D,0
9.07196,80.44857,340.09,0.41,0.37,2026-06-03,753,N20,VIIRS,n,2,298.4,5.13,D,0
9.18262,80.83414,330.75,0.4,0.37,2026-06-03,753,N20,VIIRS,n,2,298.26,20.74,D,0
9.32035,78.60507,336.06,0.49,0.41,2026-06-03,753,N20,VIIRS,n,2,298.51,2.83,D,0
9.58505,78.02105,341.95,0.53,0.42,2026-06-03,753,N20,VIIRS,n,2,306.36,7.39,D,0
9.60389,78.46175,339.54,0.5,0.41,2026-06-03,753,N20,VIIRS,n,2,303.15,7.81,D,0
9.60462,78.46624,344.13,0.5,0.41,2026-06-03,753,N20,VIIRS,n,2,301.66,7.81,D,0
10.77977,78.72889,337.25,0.47,0.39,2026-06-03,754,N20,VIIRS,n,2,290.92,4.18,D,0
11.12717,79.78285,344.86,0.42,0.38,2026-06-03,754,N20,VIIRS,n,2,297.98,5.03,D,0
11.27881,79.01408,335.56,0.45,0.39,2026-06-03,754,N20,VIIRS,n,2,300.17,2.74,D,0
11.27894,79.01498,337.34,0.45,0.39,2026-06-03,754,N20,VIIRS,n,2,299.87,3.68,D,0
11.33667,78.9007,334.91,0.45,0.39,2026-06-03,754,N20,VIIRS,n,2,298.56,3.1,D,0
11.45786,79.06773,337.18,0.44,0.39,2026-06-03,754,N20,VIIRS,n,2,298.64,7.04,D,0
11.47735,79.27693,336.55,0.43,0.38,2026-06-03,754,N20,VIIRS,n,2,300.72,3.1,D,0
11.90783,79.4669,333.2,0.42,0.38,2026-06-03,754,N20,VIIRS,l,2,296.65,2.6,D,0
11.91138,79.57249,333.13,0.42,0.38,2026-06-03,754,N20,VIIRS,l,2,302.52,4.96,D,0
12.09728,79.83588,341.46,0.41,0.37,2026-06-03,754,N20,VIIRS,l,2,295.77,9.27,D,0
12.10068,79.83531,350.29,0.41,0.37,2026-06-03,754,N20,VIIRS,n,2,297.44,9.27,D,0
12.34249,78.86324,334.25,0.44,0.39,2026-06-03,754,N20,VIIRS,n,2,300.62,3.9,D,0
12.34455,79.49706,341.03,0.42,0.38,2026-06-03,754,N20,VIIRS,n,2,300.81,7.71,D,0
12.6722,80.1824,338.6,0.4,0.37,2026-06-03,754,N20,VIIRS,l,2,299.44,5.55,D,0
12.95628,79.95937,341.08,0.4,0.37,2026-06-03,754,N20,VIIRS,l,2,302.27,5.01,D,0
12.95905,79.95515,343.51,0.4,0.37,2026-06-03,754,N20,VIIRS,l,2,305.26,7.64,D,0
13.01353,79.8631,346.33,0.4,0.37,2026-06-03,754,N20,VIIRS,l,2,305.94,8.91,D,0
13.28815,80.26936,334.16,0.39,0.36,2026-06-03,754,N20,VIIRS,l,2,301.33,6.56,D,0
13.28871,80.27296,337.75,0.39,0.36,2026-06-03,754,N20,VIIRS,n,2,301.33,5.47,D,0
13.42319,80.18008,340.39,0.39,0.37,2026-06-03,754,N20,VIIRS,l,2,302.46,9.64,D,0
13.47457,79.82018,344.17,0.4,0.37,2026-06-03,754,N20,VIIRS,n,2,299.9,4.93,D,0
13.47795,79.81968,342.31,0.4,0.37,2026-06-03,754,N20,VIIRS,n,2,299.55,4.93,D,0
13.70135,79.61793,331.07,0.41,0.37,2026-06-03,754,N20,VIIRS,l,2,298.18,3.96,D,0
13.824,79.70405,340.19,0.4,0.37,2026-06-03,754,N20,VIIRS,l,2,303.75,5.83,D,0
13.82737,79.70348,347.2,0.4,0.37,2026-06-03,754,N20,VIIRS,n,2,304.94,5.83,D,0
14.98686,77.91288,334.05,0.46,0.39,2026-06-03,755,N20,VIIRS,l,2,302.52,5.68,D,0
15.17609,76.65768,331.92,0.52,0.42,2026-06-03,755,N20,VIIRS,n,2,297.76,5.49,D,2
15.20392,76.63756,340.35,0.53,0.42,2026-06-03,755,N20,VIIRS,n,2,298.47,4.35,D,0
15.22004,80.018,334.51,0.39,0.36,2026-06-03,755,N20,VIIRS,l,2,303.02,3.68,D,0
15.33656,76.28191,332.89,0.55,0.43,2026-06-03,755,N20,VIIRS,n,2,295.28,4.4,D,2
15.60854,79.82944,337.05,0.39,0.36,2026-06-03,755,N20,VIIRS,n,2,302.95,6.9,D,0
15.65802,79.88409,340.29,0.39,0.36,2026-06-03,755,N20,VIIRS,l,2,305.33,8.23,D,0
15.71434,79.68056,337.13,0.39,0.36,2026-06-03,755,N20,VIIRS,l,2,301.63,3.57,D,0
15.71891,77.12592,338.58,0.49,0.4,2026-06-03,755,N20,VIIRS,n,2,302.04,7.36,D,0
15.7592,78.64087,336.55,0.42,0.38,2026-06-03,755,N20,VIIRS,n,2,300.94,3.5,D,0
15.96149,78.29234,337.93,0.43,0.38,2026-06-03,755,N20,VIIRS,n,2,301.99,3.44,D,0
15.96732,79.99379,356.04,0.39,0.36,2026-06-03,755,N20,VIIRS,l,2,307.86,10.11,D,0
15.98172,77.23695,337.76,0.48,0.4,2026-06-03,755,N20,VIIRS,n,2,300.38,6.93,D,0
16.01332,78.49853,333.21,0.42,0.38,2026-06-03,755,N20,VIIRS,l,2,298.56,3,D,0
16.11736,80.19341,339.25,0.39,0.36,2026-06-03,755,N20,VIIRS,n,2,304.96,15.86,D,0
16.20778,77.92165,347.38,0.44,0.39,2026-06-03,755,N20,VIIRS,n,2,301.01,7.28,D,0
16.22145,80.0984,336.11,0.39,0.36,2026-06-03,755,N20,VIIRS,l,2,303.72,5.7,D,0
16.28698,77.89561,335.9,0.44,0.39,2026-06-03,755,N20,VIIRS,l,2,303,5.99,D,0
16.36007,80.64363,340.09,0.38,0.36,2026-06-03,755,N20,VIIRS,n,2,303.36,6.22,D,0
16.45494,80.64218,340.65,0.38,0.36,2026-06-03,755,N20,VIIRS,n,2,305.94,4.2,D,0
16.52113,81.48826,337.89,0.39,0.36,2026-06-03,755,N20,VIIRS,n,2,301.58,7.94,D,0
16.54569,80.45805,340.5,0.38,0.36,2026-06-03,755,N20,VIIRS,n,2,306.34,6.93,D,0
16.54899,80.4575,348.39,0.38,0.36,2026-06-03,755,N20,VIIRS,n,2,306.46,6.93,D,0
16.57672,75.49217,340.64,0.39,0.44,2026-06-03,755,N20,VIIRS,n,2,294.65,3.78,D,0
16.59313,81.63268,333.71,0.39,0.36,2026-06-03,755,N20,VIIRS,n,2,303.59,4.44,D,0
16.59385,81.70731,335.94,0.39,0.36,2026-06-03,755,N20,VIIRS,n,2,301.39,0.94,D,0
16.60376,81.61234,334.18,0.39,0.36,2026-06-03,755,N20,VIIRS,n,2,302.45,4.03,D,0
16.61542,81.32465,344.44,0.39,0.36,2026-06-03,755,N20,VIIRS,n,2,305.81,69.95,D,0
16.61707,81.61023,331.15,0.39,0.36,2026-06-03,755,N20,VIIRS,n,2,300.91,1.33,D,0
16.61896,81.41658,338.97,0.39,0.36,2026-06-03,755,N20,VIIRS,n,2,302.9,6.38,D,0
16.62482,81.31945,330.35,0.39,0.36,2026-06-03,755,N20,VIIRS,l,2,305.28,2.43,D,0
16.62536,81.32305,330.01,0.39,0.36,2026-06-03,755,N20,VIIRS,l,2,304.85,2.43,D,0
16.62622,81.12309,330.48,0.39,0.36,2026-06-03,755,N20,VIIRS,l,2,305.13,3.93,D,0
16.62953,81.12256,332.79,0.39,0.36,2026-06-03,755,N20,VIIRS,l,2,306.81,3.93,D,0
16.63006,81.12615,333.31,0.39,0.36,2026-06-03,755,N20,VIIRS,l,2,305.83,7.95,D,0
16.63017,80.59068,334.83,0.38,0.36,2026-06-03,755,N20,VIIRS,n,2,299.49,3.44,D,0
16.63283,81.12202,331.31,0.39,0.36,2026-06-03,755,N20,VIIRS,l,2,306.02,4.33,D,0
16.63353,81.51453,348.67,0.39,0.36,2026-06-03,755,N20,VIIRS,n,2,302.42,8.94,D,0
16.65575,81.64142,338.41,0.39,0.36,2026-06-03,755,N20,VIIRS,n,2,301.23,2.44,D,0
16.68539,81.72656,337.61,0.39,0.36,2026-06-03,755,N20,VIIRS,n,2,301.14,3.57,D,0
16.68942,81.57196,339.27,0.39,0.36,2026-06-03,755,N20,VIIRS,n,2,303.72,4.14,D,0
16.69531,81.61207,332.59,0.39,0.36,2026-06-03,755,N20,VIIRS,n,2,302.11,1.44,D,0
16.70852,81.63239,335.35,0.39,0.36,2026-06-03,755,N20,VIIRS,n,2,301.62,2.08,D,0
16.72963,81.33891,336.07,0.39,0.36,2026-06-03,755,N20,VIIRS,n,2,302.89,2.78,D,0
16.73603,81.68042,339.93,0.39,0.36,2026-06-03,755,N20,VIIRS,n,2,301.84,6.61,D,0
16.73653,81.5682,338.99,0.39,0.36,2026-06-03,755,N20,VIIRS,n,2,303.26,7.41,D,0
16.74701,81.70868,330.49,0.39,0.36,2026-06-03,755,N20,VIIRS,n,2,300.07,2.51,D,0
16.78356,81.58685,331.94,0.39,0.36,2026-06-03,755,N20,VIIRS,n,2,300.99,3.11,D,0
16.79137,81.57406,334.01,0.39,0.36,2026-06-03,755,N20,VIIRS,n,2,302.81,2.4,D,0
16.79469,81.57352,340.3,0.39,0.36,2026-06-03,755,N20,VIIRS,n,2,301.88,3.47,D,0
16.80492,81.38943,336.64,0.39,0.36,2026-06-03,755,N20,VIIRS,n,2,303.19,6.02,D,0
16.81541,81.39146,332.54,0.39,0.36,2026-06-03,755,N20,VIIRS,n,2,298.03,1.79,D,0
16.81595,81.39509,337.35,0.39,0.36,2026-06-03,755,N20,VIIRS,n,2,301.47,1.79,D,0
16.87589,80.04572,345.67,0.39,0.36,2026-06-03,755,N20,VIIRS,n,2,307.12,5.7,D,0
16.87832,79.9714,338.46,0.39,0.36,2026-06-03,755,N20,VIIRS,n,2,305.01,5.82,D,0
16.90048,81.89914,338.46,0.4,0.37,2026-06-03,755,N20,VIIRS,n,2,302.43,2.53,D,0
16.90082,81.94846,332.77,0.4,0.37,2026-06-03,755,N20,VIIRS,n,2,300.19,3.27,D,0
16.90482,81.92883,332.96,0.4,0.37,2026-06-03,755,N20,VIIRS,n,2,302.71,1.5,D,0
16.93606,80.3005,339.26,0.38,0.36,2026-06-03,755,N20,VIIRS,n,2,305.44,3.68,D,0
16.94322,80.3911,339.46,0.38,0.36,2026-06-03,755,N20,VIIRS,n,2,307.43,4.96,D,0
17.05494,80.19143,337.02,0.38,0.36,2026-06-03,755,N20,VIIRS,n,2,305.98,2.92,D,0
17.1583,80.22189,343.21,0.38,0.36,2026-06-03,755,N20,VIIRS,n,2,307.89,8.31,D,0
17.22599,79.82633,348.47,0.39,0.36,2026-06-03,755,N20,VIIRS,l,2,308.46,16.18,D,0
17.29354,79.97773,341.18,0.39,0.36,2026-06-03,755,N20,VIIRS,n,2,309.37,9.76,D,0
17.30831,79.98249,342.86,0.39,0.36,2026-06-03,755,N20,VIIRS,n,2,310,10.65,D,0
17.30955,80.01565,348.82,0.39,0.36,2026-06-03,755,N20,VIIRS,n,2,310.42,10.64,D,0
17.31664,79.81833,344.28,0.39,0.36,2026-06-03,755,N20,VIIRS,n,2,305.13,9.3,D,0
17.33391,75.39028,341.1,0.38,0.43,2026-06-03,755,N20,VIIRS,n,2,303.84,8.98,D,0
17.38153,80.01819,349.62,0.39,0.36,2026-06-03,755,N20,VIIRS,n,2,305.02,7.86,D,0
17.48114,82.67434,344.71,0.42,0.38,2026-06-03,755,N20,VIIRS,n,2,299.06,5.41,D,0
17.48463,79.71834,337.73,0.39,0.36,2026-06-03,755,N20,VIIRS,l,2,303.93,6.73,D,0
17.54904,76.22656,334.14,0.51,0.41,2026-06-03,755,N20,VIIRS,n,2,302.5,4.52,D,0
17.5625,79.76083,341.79,0.39,0.36,2026-06-03,755,N20,VIIRS,l,2,304.95,16.7,D,0
17.60326,83.2021,336.66,0.44,0.38,2026-06-03,755,N20,VIIRS,n,2,298.94,2.85,D,2
17.60679,83.20158,330.23,0.44,0.38,2026-06-03,755,N20,VIIRS,n,2,298.11,2.85,D,2
17.6109,83.20521,341.54,0.44,0.39,2026-06-03,755,N20,VIIRS,n,2,298.4,4.34,D,2
17.65404,81.37369,337.17,0.39,0.36,2026-06-03,755,N20,VIIRS,n,2,301.82,2.61,D,0
17.65736,81.37315,340.95,0.39,0.36,2026-06-03,755,N20,VIIRS,n,2,302.35,2.61,D,0
17.67196,79.67876,339.8,0.39,0.36,2026-06-03,755,N20,VIIRS,l,2,306.97,16.98,D,0
17.70669,82.86084,337.07,0.43,0.38,2026-06-03,755,N20,VIIRS,n,2,299.17,4.97,D,0
17.7537,80.0279,343.21,0.38,0.36,2026-06-03,755,N20,VIIRS,n,2,303.57,4.04,D,0
17.7661,79.91122,343.93,0.39,0.36,2026-06-03,755,N20,VIIRS,n,2,308.73,7.01,D,0
17.76666,79.91483,340.32,0.39,0.36,2026-06-03,755,N20,VIIRS,n,2,309.22,7.01,D,0
17.77688,79.82794,336.53,0.39,0.36,2026-06-03,755,N20,VIIRS,n,2,303.68,3.77,D,0
17.79369,79.95835,345.17,0.39,0.36,2026-06-03,755,N20,VIIRS,n,2,306.18,4.24,D,0
17.79424,79.96195,344.06,0.39,0.36,2026-06-03,755,N20,VIIRS,n,2,303.7,4.24,D,0
17.79769,80.05006,345.11,0.38,0.36,2026-06-03,755,N20,VIIRS,n,2,304.69,7.19,D,0
17.9119,80.5548,335.68,0.38,0.36,2026-06-03,755,N20,VIIRS,n,2,300.61,3.37,D,0
17.9443,82.82084,332.27,0.43,0.38,2026-06-03,755,N20,VIIRS,n,2,297.87,2.83,D,0
17.94775,82.82007,343.48,0.43,0.38,2026-06-03,755,N20,VIIRS,n,2,297.53,10.17,D,0
17.95005,80.78522,342.12,0.39,0.36,2026-06-03,755,N20,VIIRS,n,2,305.2,7.17,D,0
18.07077,79.96925,350.3,0.38,0.36,2026-06-03,755,N20,VIIRS,n,2,305.52,11.71,D,0
18.14513,79.79368,341.87,0.39,0.36,2026-06-03,755,N20,VIIRS,n,2,310.02,13.01,D,0
18.17595,79.40089,367,0.39,0.36,2026-06-03,755,N20,VIIRS,h,2,310.49,19.67,D,0
18.1852,81.82906,344.46,0.4,0.37,2026-06-03,755,N20,VIIRS,n,2,301.88,4.62,D,0
18.2135,79.53272,349.46,0.39,0.36,2026-06-03,755,N20,VIIRS,l,2,310.46,12.13,D,0
18.21936,80.16224,347.62,0.38,0.36,2026-06-03,755,N20,VIIRS,n,2,307.65,6.43,D,0
18.22206,79.60954,346.78,0.39,0.36,2026-06-03,755,N20,VIIRS,l,2,310.64,11.76,D,0
18.22262,79.61317,350.3,0.39,0.36,2026-06-03,755,N20,VIIRS,l,2,308.74,11.76,D,0
18.26986,82.27351,330.97,0.41,0.37,2026-06-03,755,N20,VIIRS,n,2,298.78,1.74,D,0
18.30224,80.10767,333.89,0.38,0.36,2026-06-03,755,N20,VIIRS,l,2,304.23,1.48,D,0
18.36871,83.73111,335,0.47,0.4,2026-06-03,755,N20,VIIRS,n,2,299.9,2.7,D,0
18.41429,82.01052,335.45,0.41,0.37,2026-06-03,755,N20,VIIRS,n,2,303.11,6.37,D,0
18.41517,83.91484,333.11,0.49,0.4,2026-06-03,755,N20,VIIRS,n,2,298.98,1.18,D,0
18.416,83.91336,333.28,0.48,0.4,2026-06-03,755,N20,VIIRS,n,2,299.18,1.64,D,0
18.47968,83.33565,337.68,0.46,0.39,2026-06-03,755,N20,VIIRS,n,2,301.15,3.77,D,0
18.60211,82.59838,343.89,0.43,0.38,2026-06-03,755,N20,VIIRS,n,2,304.44,5.83,D,0
18.65556,83.5378,332.86,0.47,0.4,2026-06-03,755,N20,VIIRS,n,2,302.07,2.49,D,0
17.66743,75.33424,337.51,0.57,0.43,2026-06-03,756,N20,VIIRS,n,2,301.64,3.74,D,0
17.9396,75.63564,337.58,0.54,0.42,2026-06-03,756,N20,VIIRS,n,2,304.94,5.03,D,0
17.97412,76.02794,341.32,0.52,0.41,2026-06-03,756,N20,VIIRS,n,2,305.17,12.68,D,0
18.07588,75.38147,345.01,0.56,0.43,2026-06-03,756,N20,VIIRS,n,2,303.1,4.84,D,0
18.13672,74.50632,343.62,0.42,0.45,2026-06-03,756,N20,VIIRS,n,2,306.86,4.97,D,0
18.15873,74.44103,344.68,0.42,0.45,2026-06-03,756,N20,VIIRS,n,2,307.01,5.95,D,0
18.17992,73.56116,337.14,0.48,0.48,2026-06-03,756,N20,VIIRS,n,2,301.75,5.65,D,0
18.2066,77.84246,332.79,0.43,0.38,2026-06-03,756,N20,VIIRS,l,2,298.99,1.79,D,0
18.23469,75.72168,338.13,0.53,0.42,2026-06-03,756,N20,VIIRS,n,2,305.35,2.98,D,0
18.24858,79.60457,347.27,0.39,0.36,2026-06-03,756,N20,VIIRS,l,2,307.49,9.03,D,0
18.25046,77.93649,333.47,0.42,0.38,2026-06-03,756,N20,VIIRS,l,2,304.16,4.94,D,0
18.25839,79.58055,340.96,0.39,0.36,2026-06-03,756,N20,VIIRS,l,2,309.35,10.05,D,0
18.29037,79.96121,338.43,0.38,0.36,2026-06-03,756,N20,VIIRS,n,2,306.75,3.71,D,0
18.29093,79.96482,338.44,0.38,0.36,2026-06-03,756,N20,VIIRS,n,2,307.88,3.71,D,0
18.3019,79.25114,344.32,0.39,0.36,2026-06-03,756,N20,VIIRS,l,2,308.77,8.4,D,0
18.304,79.6993,342.38,0.39,0.36,2026-06-03,756,N20,VIIRS,l,2,308.34,11.07,D,0
18.30644,74.10934,337.31,0.44,0.46,2026-06-03,756,N20,VIIRS,n,2,304.84,11.52,D,0
18.30854,79.24999,346.99,0.39,0.36,2026-06-03,756,N20,VIIRS,l,2,307.97,9.96,D,0
18.32477,79.4609,345.87,0.39,0.36,2026-06-03,756,N20,VIIRS,l,2,310.95,13.57,D,0
18.32751,79.85121,348.37,0.38,0.36,2026-06-03,756,N20,VIIRS,n,2,309.19,11.14,D,0
18.34609,79.42358,350.18,0.39,0.36,2026-06-03,756,N20,VIIRS,n,2,308.37,11.54,D,0
18.3512,79.56463,339.03,0.39,0.36,2026-06-03,756,N20,VIIRS,l,2,308.84,7.22,D,0
18.35353,79.27605,343.64,0.39,0.36,2026-06-03,756,N20,VIIRS,l,2,307.33,9.11,D,0
18.3963,80.59103,347.12,0.39,0.36,2026-06-03,756,N20,VIIRS,n,2,307.36,6.7,D,0
18.39684,80.59465,347.79,0.39,0.36,2026-06-03,756,N20,VIIRS,n,2,308.43,9.77,D,0
18.40307,79.9865,346.63,0.38,0.36,2026-06-03,756,N20,VIIRS,n,2,305.28,2.81,D,0
18.40362,79.9901,336.99,0.38,0.36,2026-06-03,756,N20,VIIRS,n,2,304.41,2.81,D,0
18.40636,79.98593,334.51,0.38,0.36,2026-06-03,756,N20,VIIRS,l,2,306.3,2.81,D,0
18.42017,79.5938,343.37,0.39,0.36,2026-06-03,756,N20,VIIRS,l,2,310.55,14.06,D,0
18.42348,79.59322,347.37,0.39,0.36,2026-06-03,756,N20,VIIRS,l,2,308.84,7.84,D,0
18.46101,74.71532,331.46,0.4,0.44,2026-06-03,756,N20,VIIRS,l,2,304.19,3.12,D,0
18.47674,80.04813,340.4,0.38,0.36,2026-06-03,756,N20,VIIRS,n,2,306.3,13.49,D,0
18.48396,79.43633,345.37,0.39,0.36,2026-06-03,756,N20,VIIRS,l,2,308.32,6.91,D,0
18.48726,79.43575,349.98,0.39,0.36,2026-06-03,756,N20,VIIRS,l,2,308.41,9.82,D,0
18.49386,73.34981,340.94,0.49,0.48,2026-06-03,756,N20,VIIRS,n,2,298.16,5.55,D,0
18.49827,73.34898,336.22,0.49,0.48,2026-06-03,756,N20,VIIRS,n,2,301.37,7.71,D,0
18.51532,79.4197,355.7,0.39,0.36,2026-06-03,756,N20,VIIRS,n,2,309.5,5.46,D,0
18.55783,79.49463,350.68,0.39,0.36,2026-06-03,756,N20,VIIRS,l,2,309.46,11.02,D,0
18.5584,79.49827,341.39,0.39,0.36,2026-06-03,756,N20,VIIRS,l,2,309.07,5.06,D,0
18.56392,75.48905,341.14,0.54,0.42,2026-06-03,756,N20,VIIRS,n,2,306.2,13.23,D,0
18.56495,79.60533,343.88,0.39,0.36,2026-06-03,756,N20,VIIRS,l,2,308.21,11.81,D,0
18.57401,72.24105,339.37,0.57,0.52,2026-06-03,756,N20,VIIRS,n,2,292.93,6.39,D,3
18.57663,79.81525,340.11,0.38,0.36,2026-06-03,756,N20,VIIRS,n,2,307.41,5.14,D,0
18.60125,79.25113,343.23,0.39,0.36,2026-06-03,756,N20,VIIRS,l,2,304.46,4.97,D,0
18.63268,79.80196,347.34,0.38,0.36,2026-06-03,756,N20,VIIRS,n,2,309.11,6.37,D,0
18.63324,79.80558,345.53,0.38,0.36,2026-06-03,756,N20,VIIRS,n,2,308.4,12.62,D,0
18.63641,80.27218,331.88,0.38,0.36,2026-06-03,756,N20,VIIRS,l,2,303.66,2.2,D,0
18.63862,80.06056,333.45,0.38,0.36,2026-06-03,756,N20,VIIRS,l,2,304.57,1.82,D,0
18.6392,80.10863,332.74,0.38,0.36,2026-06-03,756,N20,VIIRS,l,2,304.96,1.54,D,0
18.672,79.29115,337.8,0.39,0.36,2026-06-03,756,N20,VIIRS,l,2,305,8.01,D,0
18.67531,79.29057,349.13,0.39,0.36,2026-06-03,756,N20,VIIRS,n,2,309.04,11.42,D,0
18.68448,73.03803,342.87,0.51,0.49,2026-06-03,756,N20,VIIRS,n,2,301,7.25,D,2
18.6887,79.68053,345.08,0.39,0.36,2026-06-03,756,N20,VIIRS,n,2,310.55,9.17,D,0
18.71129,79.54254,339.8,0.39,0.36,2026-06-03,756,N20,VIIRS,l,2,307.01,4.06,D,0
18.71502,79.85068,339.28,0.38,0.36,2026-06-03,756,N20,VIIRS,n,2,306.44,2.87,D,0
18.7151,81.00014,337.1,0.39,0.36,2026-06-03,756,N20,VIIRS,n,2,303.53,2.34,D,0
18.71542,74.56991,334.51,0.41,0.45,2026-06-03,756,N20,VIIRS,n,2,303.95,5.56,D,0
18.73985,80.66342,346.81,0.39,0.36,2026-06-03,756,N20,VIIRS,n,2,304.16,6.3,D,0
18.75713,74.52225,337.17,0.41,0.45,2026-06-03,756,N20,VIIRS,n,2,302.89,2.34,D,0
18.78217,79.42946,338.11,0.39,0.36,2026-06-03,756,N20,VIIRS,l,2,306.67,4.23,D,0
18.78967,81.92401,333.61,0.41,0.37,2026-06-03,756,N20,VIIRS,n,2,297.89,2.93,D,0
18.79036,81.92323,330.93,0.41,0.37,2026-06-03,756,N20,VIIRS,n,2,297.54,2.34,D,0
18.79222,77.96145,337.76,0.42,0.37,2026-06-03,756,N20,VIIRS,n,2,299.49,4.25,D,0
18.80368,79.98782,350.08,0.38,0.36,2026-06-03,756,N20,VIIRS,n,2,310.36,12.34,D,0
18.81206,81.08237,335.25,0.39,0.36,2026-06-03,756,N20,VIIRS,n,2,303.35,5.01,D,0
18.81999,79.6506,334.93,0.39,0.36,2026-06-03,756,N20,VIIRS,n,2,304.88,2.95,D,0
18.83797,78.89909,353.78,0.39,0.36,2026-06-03,756,N20,VIIRS,l,2,307.38,12.46,D,0
18.85802,79.6776,340.76,0.39,0.36,2026-06-03,756,N20,VIIRS,n,2,307.93,4.76,D,0
18.89222,80.38849,346.78,0.38,0.36,2026-06-03,756,N20,VIIRS,n,2,303.54,4.87,D,0
18.89551,80.38792,336.49,0.38,0.36,2026-06-03,756,N20,VIIRS,n,2,301.98,4.87,D,0
18.90007,79.66264,340.53,0.39,0.36,2026-06-03,756,N20,VIIRS,n,2,307.89,3.49,D,0
18.90063,79.66626,339.42,0.39,0.36,2026-06-03,756,N20,VIIRS,n,2,308.52,3.49,D,0
18.9313,79.82093,342.46,0.38,0.36,2026-06-03,756,N20,VIIRS,n,2,308.2,7.84,D,0
18.93403,79.81675,338.03,0.38,0.36,2026-06-03,756,N20,VIIRS,n,2,307.92,2.69,D,0
18.97887,78.73983,351.73,0.4,0.37,2026-06-03,756,N20,VIIRS,n,2,308.94,6.75,D,0
19.00517,76.82463,337.99,0.46,0.39,2026-06-03,756,N20,VIIRS,l,2,307.17,6.72,D,0
19.01009,78.74194,344.88,0.4,0.37,2026-06-03,756,N20,VIIRS,l,2,309.43,26.02,D,0
19.03005,76.66777,339.13,0.47,0.39,2026-06-03,756,N20,VIIRS,l,2,306.26,6.07,D,0
19.04946,78.66586,350.87,0.4,0.37,2026-06-03,756,N20,VIIRS,n,2,305.12,9.12,D,0
19.10843,83.24173,331.91,0.46,0.39,2026-06-03,756,N20,VIIRS,n,2,299.79,2.06,D,0
19.13118,79.66301,346.36,0.38,0.36,2026-06-03,756,N20,VIIRS,n,2,309.77,9.73,D,0
19.13174,79.66664,344.72,0.38,0.36,2026-06-03,756,N20,VIIRS,n,2,308.17,10.13,D,0
19.13555,82.74975,332.73,0.44,0.38,2026-06-03,756,N20,VIIRS,n,2,301.68,12.4,D,0
19.13611,82.75381,334.48,0.44,0.38,2026-06-03,756,N20,VIIRS,n,2,301.07,18.78,D,0
19.1394,78.9557,349.71,0.39,0.36,2026-06-03,756,N20,VIIRS,l,2,310.73,14.08,D,0
19.15287,79.98333,334.01,0.38,0.36,2026-06-03,756,N20,VIIRS,l,2,304.71,2,D,0
19.19556,79.972,340.21,0.38,0.36,2026-06-03,756,N20,VIIRS,n,2,305.71,5.37,D,0
19.23635,83.36329,334.37,0.47,0.39,2026-06-03,756,N20,VIIRS,n,2,301.39,2.83,D,0
19.23997,83.36275,336.44,0.47,0.39,2026-06-03,756,N20,VIIRS,n,2,302.06,13.27,D,0
19.25652,81.83521,345.01,0.41,0.37,2026-06-03,756,N20,VIIRS,n,2,306.82,5,D,0
19.26198,74.83246,332.62,0.39,0.44,2026-06-03,756,N20,VIIRS,l,2,305.74,1.56,D,0
19.26259,82.47205,335.14,0.43,0.38,2026-06-03,756,N20,VIIRS,n,2,303.22,4.77,D,0
19.26569,74.03257,343.14,0.43,0.46,2026-06-03,756,N20,VIIRS,n,2,307.98,5.96,D,0
19.27836,82.79238,330.43,0.44,0.38,2026-06-03,756,N20,VIIRS,l,2,302.56,2.69,D,0
19.27965,81.99833,339.18,0.41,0.37,2026-06-03,756,N20,VIIRS,n,2,308.34,10.21,D,0
19.28324,71.43818,340.48,0.63,0.54,2026-06-03,756,N20,VIIRS,n,2,296.22,9.85,D,3
19.28486,71.43674,341.74,0.63,0.54,2026-06-03,756,N20,VIIRS,n,2,294.88,14.18,D,3
19.29262,82.50892,337.04,0.43,0.38,2026-06-03,756,N20,VIIRS,n,2,301.18,6.29,D,0
19.30001,79.70115,344.89,0.38,0.36,2026-06-03,756,N20,VIIRS,n,2,311.14,11.6,D,0
19.3033,79.70059,347.79,0.38,0.36,2026-06-03,756,N20,VIIRS,n,2,310.38,13.55,D,0
19.31496,81.97681,342.05,0.41,0.37,2026-06-03,756,N20,VIIRS,n,2,308.2,6.7,D,0
19.32471,73.32102,342.68,0.47,0.48,2026-06-03,756,N20,VIIRS,n,2,301.9,4.84,D,0
19.32554,73.32544,330.91,0.47,0.48,2026-06-03,756,N20,VIIRS,n,2,300.63,5.08,D,0
19.32573,73.32215,348.25,0.47,0.48,2026-06-03,756,N20,VIIRS,n,2,300.22,7.06,D,0
19.35991,80.07063,346.12,0.38,0.36,2026-06-03,756,N20,VIIRS,n,2,307.51,10.19,D,0
19.36725,83.31288,333.38,0.46,0.39,2026-06-03,756,N20,VIIRS,n,2,299.68,3.56,D,0
19.37086,71.35599,339.99,0.63,0.54,2026-06-03,756,N20,VIIRS,n,2,295.94,7.71,D,3
19.37172,71.35414,343.68,0.63,0.54,2026-06-03,756,N20,VIIRS,n,2,296.02,7.77,D,3
19.37911,81.9347,345.55,0.41,0.37,2026-06-03,756,N20,VIIRS,n,2,308.01,9.91,D,0
19.37966,81.9386,338.24,0.41,0.37,2026-06-03,756,N20,VIIRS,n,2,306.26,7.04,D,0
19.39191,81.104,337.57,0.39,0.36,2026-06-03,756,N20,VIIRS,n,2,304.96,19.24,D,0
19.39245,81.10773,353.24,0.39,0.36,2026-06-03,756,N20,VIIRS,n,2,314.41,19.24,D,0
19.39577,82.27916,332.19,0.42,0.38,2026-06-03,756,N20,VIIRS,l,2,304.11,2.25,D,0
19.40381,82.0107,338.63,0.41,0.37,2026-06-03,756,N20,VIIRS,n,2,307.71,6.87,D,0
19.43406,80.97587,341.74,0.39,0.36,2026-06-03,756,N20,VIIRS,n,2,307.33,7.34,D,0
19.44808,82.07611,340.89,0.42,0.37,2026-06-03,756,N20,VIIRS,n,2,308.26,5.33,D,0
19.45421,82.34391,335.86,0.43,0.38,2026-06-03,756,N20,VIIRS,l,2,306.13,2.68,D,0
19.46202,82.42529,335.72,0.43,0.38,2026-06-03,756,N20,VIIRS,n,2,305.16,4.45,D,0
19.50942,76.41441,340.45,0.47,0.4,2026-06-03,756,N20,VIIRS,l,2,306.98,17.41,D,0
19.54327,80.13609,333.27,0.38,0.36,2026-06-03,756,N20,VIIRS,l,2,304.25,2.82,D,0
19.54986,80.13499,346.95,0.38,0.36,2026-06-03,756,N20,VIIRS,n,2,305.37,7.3,D,0
19.57747,81.00535,331.59,0.39,0.36,2026-06-03,756,N20,VIIRS,l,2,304.8,3.97,D,0
19.60663,74.21507,339.14,0.41,0.45,2026-06-03,756,N20,VIIRS,l,2,313.55,4.95,D,0
19.61592,81.97797,336.72,0.41,0.37,2026-06-03,756,N20,VIIRS,l,2,309.97,6.86,D,0
19.62036,83.00177,339.01,0.45,0.39,2026-06-03,756,N20,VIIRS,n,2,303.55,4.48,D,0
19.62812,80.04626,337.59,0.38,0.36,2026-06-03,756,N20,VIIRS,n,2,306.98,3.61,D,0
19.63141,80.04571,340.24,0.38,0.36,2026-06-03,756,N20,VIIRS,n,2,307.26,3.61,D,0
19.66648,81.99037,339.46,0.42,0.37,2026-06-03,756,N20,VIIRS,n,2,308.65,5.95,D,0
19.66718,81.99415,339.8,0.42,0.37,2026-06-03,756,N20,VIIRS,n,2,308.94,7.93,D,0
19.66864,83.28014,331.38,0.47,0.39,2026-06-03,756,N20,VIIRS,l,2,303.22,5.51,D,0
19.66866,82.10303,335.74,0.42,0.38,2026-06-03,756,N20,VIIRS,l,2,306.67,5.57,D,0
19.67868,83.02891,334.7,0.45,0.39,2026-06-03,756,N20,VIIRS,l,2,305.02,5.87,D,0
19.68019,79.94421,341.27,0.38,0.36,2026-06-03,756,N20,VIIRS,n,2,306.99,6.36,D,0
19.77957,82.19634,339.58,0.42,0.38,2026-06-03,756,N20,VIIRS,l,2,310.07,10.56,D,0
19.78246,79.28339,336.23,0.39,0.36,2026-06-03,756,N20,VIIRS,l,2,303.6,10.28,D,0
19.78644,82.94539,340.74,0.45,0.39,2026-06-03,756,N20,VIIRS,n,2,303.51,3.38,D,0
19.81398,82.04475,340.59,0.42,0.38,2026-06-03,756,N20,VIIRS,n,2,308.24,7.92,D,0
19.82446,81.99448,337.4,0.42,0.37,2026-06-03,756,N20,VIIRS,n,2,304.82,1.83,D,0
19.82946,72.75104,333.15,0.5,0.49,2026-06-03,756,N20,VIIRS,n,2,301.52,3.46,D,0
19.83477,79.79812,340.26,0.38,0.36,2026-06-03,756,N20,VIIRS,n,2,306.98,7.86,D,0
19.83505,81.59752,339.22,0.41,0.37,2026-06-03,756,N20,VIIRS,n,2,305.03,7.1,D,0
19.84363,74.13353,342.87,0.41,0.45,2026-06-03,756,N20,VIIRS,n,2,307.94,9.51,D,0
19.84768,83.90664,330.34,0.5,0.41,2026-06-03,756,N20,VIIRS,l,2,301.69,4.65,D,0
19.85108,83.55818,334.38,0.48,0.4,2026-06-03,756,N20,VIIRS,n,2,298.93,5.24,D,0
19.88822,81.70377,336.86,0.41,0.37,2026-06-03,756,N20,VIIRS,n,2,302.61,4.37,D,0
19.8933,81.96307,343,0.42,0.37,2026-06-03,756,N20,VIIRS,n,2,304.33,3.93,D,0
19.89612,86.05063,330.85,0.45,0.47,2026-06-03,756,N20,VIIRS,n,2,296.39,1.42,D,0
19.89744,74.42211,338.11,0.4,0.44,2026-06-03,756,N20,VIIRS,l,2,308.75,2.93,D,0
19.90328,83.89404,335.7,0.5,0.41,2026-06-03,756,N20,VIIRS,n,2,304.08,3.86,D,0
19.9147,81.89113,343.56,0.41,0.37,2026-06-03,756,N20,VIIRS,n,2,307.48,13.9,D,0
19.93395,75.45745,338.98,0.52,0.42,2026-06-03,756,N20,VIIRS,l,2,309.46,4.53,D,0
19.9734,79.9052,343.05,0.38,0.36,2026-06-03,756,N20,VIIRS,n,2,307.71,12.51,D,0
19.97519,80.41397,335.05,0.39,0.36,2026-06-03,756,N20,VIIRS,n,2,305.01,4.96,D,0
19.9828,73.3975,335.44,0.46,0.47,2026-06-03,756,N20,VIIRS,n,2,304.68,4.01,D,0
20.00425,73.96232,330.52,0.42,0.45,2026-06-03,756,N20,VIIRS,n,2,299.43,3.51,D,0
20.02742,81.79781,340.41,0.41,0.37,2026-06-03,756,N20,VIIRS,n,2,303.28,6.15,D,0
20.03083,81.79727,339.89,0.41,0.37,2026-06-03,756,N20,VIIRS,n,2,304.5,6.15,D,0
20.05318,80.73335,336.11,0.39,0.36,2026-06-03,756,N20,VIIRS,n,2,303.82,6.79,D,0
20.05968,79.71442,337.46,0.38,0.36,2026-06-03,756,N20,VIIRS,n,2,301.61,6.13,D,0
20.07655,80.66123,336.86,0.39,0.36,2026-06-03,756,N20,VIIRS,n,2,302.44,4.55,D,0
20.10583,80.67535,339.7,0.39,0.36,2026-06-03,756,N20,VIIRS,n,2,305.85,8.19,D,0
20.20537,81.50039,344.58,0.41,0.37,2026-06-03,756,N20,VIIRS,n,2,306.33,6.19,D,0
20.22945,81.12938,336.62,0.4,0.37,2026-06-03,756,N20,VIIRS,n,2,306.27,4.96,D,0
20.2447,79.54688,335.1,0.38,0.36,2026-06-03,756,N20,VIIRS,n,2,304.11,1.54,D,0
20.2525,81.83192,339.85,0.41,0.37,2026-06-03,756,N20,VIIRS,n,2,304.39,5.02,D,0
20.26006,81.96041,347.78,0.42,0.38,2026-06-03,756,N20,VIIRS,n,2,306.17,9.71,D,0
20.26503,79.54712,348.82,0.38,0.36,2026-06-03,756,N20,VIIRS,n,2,306.66,6.76,D,0
20.26559,79.55077,337.38,0.38,0.36,2026-06-03,756,N20,VIIRS,n,2,304.34,4.05,D,0
20.28267,81.84739,340.09,0.42,0.37,2026-06-03,756,N20,VIIRS,n,2,305.5,4.2,D,0
20.29745,82.80689,342.14,0.45,0.39,2026-06-03,756,N20,VIIRS,n,2,309.01,5.68,D,0
20.29771,80.68845,342.2,0.39,0.36,2026-06-03,756,N20,VIIRS,n,2,308.11,9.81,D,0
20.3217,79.5598,345.24,0.38,0.36,2026-06-03,756,N20,VIIRS,n,2,303.64,5.62,D,0
20.32738,81.35505,340.3,0.4,0.37,2026-06-03,756,N20,VIIRS,n,2,304.03,3.09,D,0
20.36939,83.82851,333.4,0.5,0.41,2026-06-03,756,N20,VIIRS,n,2,299.58,1.79,D,0
20.37336,81.59634,340.71,0.41,0.37,2026-06-03,756,N20,VIIRS,n,2,305.5,5.14,D,0
20.3914,81.4785,335.3,0.41,0.37,2026-06-03,756,N20,VIIRS,n,2,304.49,3.15,D,0
20.3935,76.3094,339.37,0.47,0.39,2026-06-03,756,N20,VIIRS,l,2,309.17,13.33,D,0
20.39712,81.86607,338.07,0.42,0.37,2026-06-03,756,N20,VIIRS,n,2,307.4,6.65,D,0
20.39769,81.87005,344.64,0.42,0.37,2026-06-03,756,N20,VIIRS,n,2,309.31,9.98,D,0
20.42027,78.40884,344.55,0.4,0.37,2026-06-03,756,N20,VIIRS,l,2,314.93,13.61,D,0
20.43528,81.51897,337.2,0.41,0.37,2026-06-03,756,N20,VIIRS,n,2,306.29,4.8,D,0
20.45423,81.25592,336.83,0.4,0.37,2026-06-03,756,N20,VIIRS,n,2,305.17,2.59,D,0
20.46183,81.45541,367,0.41,0.37,2026-06-03,756,N20,VIIRS,h,2,307.35,14.89,D,0
20.46237,81.45928,341.85,0.41,0.37,2026-06-03,756,N20,VIIRS,n,2,308.6,9.69,D,0
20.47802,80.92243,340.05,0.39,0.37,2026-06-03,756,N20,VIIRS,n,2,308.96,7.21,D,0
20.48342,81.41244,337.18,0.4,0.37,2026-06-03,756,N20,VIIRS,n,2,306.82,3.47,D,0
20.48579,81.38051,346.53,0.4,0.37,2026-06-03,756,N20,VIIRS,n,2,310.22,19.56,D,0
20.48601,81.87645,337.05,0.42,0.37,2026-06-03,756,N20,VIIRS,l,2,308.15,3.79,D,0
20.48634,81.38437,340.08,0.4,0.37,2026-06-03,756,N20,VIIRS,n,2,306.44,8.94,D,0
20.49018,81.41135,341.99,0.4,0.37,2026-06-03,756,N20,VIIRS,n,2,306.23,7.24,D,0
20.50709,81.40863,350.03,0.4,0.37,2026-06-03,756,N20,VIIRS,n,2,303.23,2.94,D,0
20.50882,81.39652,353.97,0.4,0.37,2026-06-03,756,N20,VIIRS,n,2,306.58,7.23,D,0
20.51047,81.40807,338.21,0.4,0.37,2026-06-03,756,N20,VIIRS,n,2,303.86,2.94,D,0
20.53972,73.9941,344.38,0.41,0.45,2026-06-03,756,N20,VIIRS,n,2,310.98,10.57,D,0
20.54034,73.99381,346.11,0.41,0.45,2026-06-03,756,N20,VIIRS,n,2,310.93,9.92,D,0
20.5575,80.86346,345.2,0.39,0.36,2026-06-03,756,N20,VIIRS,n,2,308.2,10.79,D,0
20.5601,79.60834,346.1,0.38,0.36,2026-06-03,756,N20,VIIRS,n,2,308.66,6.75,D,0
20.58265,80.00222,343.93,0.38,0.36,2026-06-03,756,N20,VIIRS,n,2,311.68,12.26,D,0
20.6025,82.01038,336.45,0.42,0.38,2026-06-03,756,N20,VIIRS,n,2,305.63,6.55,D,0
20.62217,75.22871,341.19,0.52,0.42,2026-06-03,756,N20,VIIRS,l,2,312.77,11.59,D,0
20.62276,81.17057,333.76,0.4,0.37,2026-06-03,756,N20,VIIRS,l,2,305.29,4.49,D,0
20.62716,79.98338,346.63,0.38,0.36,2026-06-03,756,N20,VIIRS,n,2,306.82,8.32,D,0
20.62973,81.68072,339.44,0.41,0.37,2026-06-03,756,N20,VIIRS,n,2,307.28,6.56,D,0
20.66729,80.00288,341.02,0.38,0.36,2026-06-03,756,N20,VIIRS,n,2,308.77,4.59,D,0
20.69737,81.58978,343.55,0.41,0.37,2026-06-03,756,N20,VIIRS,n,2,310.42,11.24,D,0
20.70315,81.65706,337.43,0.41,0.37,2026-06-03,756,N20,VIIRS,n,2,307.25,4.28,D,0
20.70762,79.99884,339.65,0.38,0.36,2026-06-03,756,N20,VIIRS,n,2,309.24,6.78,D,0
20.70956,81.65218,338.58,0.41,0.37,2026-06-03,756,N20,VIIRS,n,2,308.01,4.28,D,0
20.71011,81.65612,348.81,0.41,0.37,2026-06-03,756,N20,VIIRS,n,2,307.76,4.28,D,0
20.72108,77.93589,344.44,0.4,0.37,2026-06-03,756,N20,VIIRS,l,2,314.19,12.66,D,0
20.72256,81.6703,340.46,0.41,0.37,2026-06-03,756,N20,VIIRS,n,2,308.55,4.05,D,0
20.72913,81.59276,341.52,0.41,0.37,2026-06-03,756,N20,VIIRS,n,2,307.8,9.24,D,0
20.73304,75.81402,340.24,0.49,0.4,2026-06-03,756,N20,VIIRS,n,2,308.85,8.89,D,0
20.74369,79.81228,337.17,0.38,0.36,2026-06-03,756,N20,VIIRS,l,2,309.4,2.77,D,0
20.74369,81.64677,339.74,0.41,0.37,2026-06-03,756,N20,VIIRS,n,2,307.6,6.3,D,0
20.75682,80.76552,342.07,0.39,0.36,2026-06-03,756,N20,VIIRS,n,2,308.76,6.21,D,0
20.75893,81.68069,340.56,0.41,0.37,2026-06-03,756,N20,VIIRS,n,2,309.98,8.39,D,0
20.76044,80.14809,339.17,0.39,0.36,2026-06-03,756,N20,VIIRS,n,2,307.01,3.59,D,0
20.76903,81.72768,343.6,0.42,0.37,2026-06-03,756,N20,VIIRS,n,2,306.26,3.13,D,0
20.76959,81.73166,356.37,0.42,0.37,2026-06-03,756,N20,VIIRS,n,2,307.37,8.98,D,0
20.77002,81.23724,341.78,0.4,0.37,2026-06-03,756,N20,VIIRS,n,2,306.12,8.66,D,0
20.77092,81.8414,344.11,0.42,0.38,2026-06-03,756,N20,VIIRS,n,2,308.66,10.02,D,0
20.77189,81.72318,339.25,0.42,0.37,2026-06-03,756,N20,VIIRS,n,2,306.07,3.13,D,0
20.77245,81.72714,338.92,0.42,0.37,2026-06-03,756,N20,VIIRS,n,2,305.92,3.13,D,0
20.77301,81.73112,349.55,0.42,0.37,2026-06-03,756,N20,VIIRS,n,2,305.76,8.98,D,0
20.77588,81.7266,337.88,0.42,0.37,2026-06-03,756,N20,VIIRS,n,2,305.43,5.83,D,0
20.77779,81.84032,343.63,0.42,0.38,2026-06-03,756,N20,VIIRS,n,2,305.84,6.6,D,0
20.77981,84.02291,336.07,0.52,0.42,2026-06-03,756,N20,VIIRS,n,2,305.12,3.26,D,0
20.77985,81.90559,349.53,0.42,0.38,2026-06-03,756,N20,VIIRS,n,2,306.65,10.34,D,0
20.78019,81.80729,345.18,0.42,0.37,2026-06-03,756,N20,VIIRS,n,2,308.58,5.43,D,0
20.78202,81.77033,346.47,0.42,0.37,2026-06-03,756,N20,VIIRS,n,2,304.5,3.61,D,0
20.78273,81.90103,339.39,0.42,0.38,2026-06-03,756,N20,VIIRS,n,2,306.15,10.34,D,0
20.78329,81.90505,348.55,0.42,0.38,2026-06-03,756,N20,VIIRS,n,2,305.46,10.34,D,0
20.78362,81.80675,343.05,0.42,0.37,2026-06-03,756,N20,VIIRS,n,2,307.7,5.43,D,0
20.78418,81.81074,347.9,0.42,0.38,2026-06-03,756,N20,VIIRS,n,2,308.57,11.17,D,0
20.78545,81.76979,340.01,0.42,0.37,2026-06-03,756,N20,VIIRS,n,2,303.88,3.61,D,0
20.78794,81.88789,345.05,0.42,0.38,2026-06-03,756,N20,VIIRS,n,2,307.3,10.18,D,0
20.78827,81.14796,341.6,0.4,0.37,2026-06-03,756,N20,VIIRS,n,2,310.95,12.67,D,0
20.79376,85.25408,346.11,0.41,0.45,2026-06-03,756,N20,VIIRS,n,2,299.52,9.04,D,2
20.79441,81.83363,341.23,0.42,0.38,2026-06-03,756,N20,VIIRS,n,2,305.67,8.95,D,0
20.79763,81.90692,341.11,0.42,0.38,2026-06-03,756,N20,VIIRS,n,2,304.99,6.55,D,0
20.79935,84.17447,336.57,0.53,0.42,2026-06-03,756,N20,VIIRS,n,2,304.82,5.4,D,0
20.80641,81.84402,339.48,0.42,0.38,2026-06-03,756,N20,VIIRS,n,2,307.08,6.76,D,0
20.8066,85.25644,331.18,0.41,0.45,2026-06-03,756,N20,VIIRS,n,2,300.13,1.81,D,2
20.81616,81.8384,341.15,0.42,0.38,2026-06-03,756,N20,VIIRS,n,2,308.57,9.07,D,0
20.81718,81.89565,339.18,0.42,0.38,2026-06-03,756,N20,VIIRS,n,2,306.1,7.21,D,0
20.81825,81.26095,342.75,0.4,0.37,2026-06-03,756,N20,VIIRS,n,2,309.11,5.46,D,0
20.82163,81.26041,341.48,0.4,0.37,2026-06-03,756,N20,VIIRS,n,2,308.74,5.46,D,0
20.84592,78.45506,340.04,0.39,0.36,2026-06-03,756,N20,VIIRS,l,2,312.35,9.73,D,0
20.84686,82.00659,344.41,0.42,0.38,2026-06-03,756,N20,VIIRS,n,2,303.16,8.83,D,0
20.85578,81.03089,340.34,0.4,0.37,2026-06-03,756,N20,VIIRS,n,2,306.23,10.55,D,0
20.86166,80.92886,338.76,0.4,0.37,2026-06-03,756,N20,VIIRS,n,2,307.81,7.15,D,0
20.865,84.98794,335.48,0.4,0.44,2026-06-03,756,N20,VIIRS,n,2,302.69,4.43,D,2
20.86547,84.99178,334.88,0.4,0.44,2026-06-03,756,N20,VIIRS,n,2,300.57,4.55,D,2
20.88988,81.02924,342.07,0.4,0.37,2026-06-03,756,N20,VIIRS,n,2,308.27,10.08,D,0
20.90265,81.26249,340.19,0.4,0.37,2026-06-03,756,N20,VIIRS,n,2,305.55,6.08,D,0
20.90289,82.14066,338,0.43,0.38,2026-06-03,756,N20,VIIRS,n,2,299.65,7.31,D,0
20.91281,81.0216,349.2,0.4,0.37,2026-06-03,756,N20,VIIRS,n,2,309.31,11.7,D,0
20.92914,81.87067,344.04,0.42,0.38,2026-06-03,756,N20,VIIRS,n,2,300.18,5.89,D,0
20.9301,81.04611,343.5,0.4,0.37,2026-06-03,756,N20,VIIRS,n,2,303.3,8.94,D,0
20.94884,81.06681,337.3,0.4,0.37,2026-06-03,756,N20,VIIRS,n,2,299.96,6.47,D,0
20.96313,85.18686,349.05,0.41,0.45,2026-06-03,756,N20,VIIRS,n,2,302.23,9.8,D,2
20.96361,85.19088,334.68,0.41,0.45,2026-06-03,756,N20,VIIRS,n,2,297.6,3.63,D,2
20.9642,86.00878,343.6,0.46,0.47,2026-06-03,756,N20,VIIRS,n,2,299.29,4.86,D,2
20.96471,86.01321,342.75,0.46,0.47,2026-06-03,756,N20,VIIRS,n,2,297.23,4.86,D,2
20.96492,85.16674,341.49,0.41,0.45,2026-06-03,756,N20,VIIRS,n,2,301.96,12.42,D,2
20.96764,85.15452,346.4,0.41,0.45,2026-06-03,756,N20,VIIRS,n,2,303.18,7.99,D,2
20.96843,80.86906,343.8,0.4,0.37,2026-06-03,756,N20,VIIRS,n,2,306.54,5.15,D,0
20.96847,85.12659,334.08,0.4,0.45,2026-06-03,756,N20,VIIRS,n,2,303.73,4.65,D,0
20.96905,86.01266,336.4,0.46,0.47,2026-06-03,756,N20,VIIRS,n,2,297.42,5.83,D,2
20.96996,85.17403,338.65,0.41,0.45,2026-06-03,756,N20,VIIRS,n,2,299.47,4.14,D,2
20.97042,85.17793,341.88,0.41,0.45,2026-06-03,756,N20,VIIRS,n,2,300.55,4.14,D,2
20.97174,85.15399,351.05,0.41,0.45,2026-06-03,756,N20,VIIRS,n,2,302.27,7.99,D,2
20.97178,80.86851,349.61,0.4,0.37,2026-06-03,756,N20,VIIRS,n,2,310.18,15.59,D,0
20.97406,85.1735,338.69,0.41,0.45,2026-06-03,756,N20,VIIRS,n,2,300.36,4.14,D,2
20.97622,80.87553,341.03,0.4,0.37,2026-06-03,756,N20,VIIRS,n,2,309.61,6.43,D,0
20.9776,85.13339,347.81,0.4,0.45,2026-06-03,756,N20,VIIRS,n,2,304.37,6.81,D,2
20.97807,85.13729,342.98,0.4,0.45,2026-06-03,756,N20,VIIRS,n,2,302.91,6.81,D,2
20.98402,82.18703,346.88,0.43,0.38,2026-06-03,756,N20,VIIRS,n,2,295.39,4.98,D,0
20.98717,74.31988,344.4,0.39,0.44,2026-06-03,756,N20,VIIRS,n,2,310.25,6.74,D,0
20.99124,79.76205,335.06,0.38,0.36,2026-06-03,756,N20,VIIRS,l,2,308.94,2.22,D,0
20.99734,80.90309,346.12,0.4,0.37,2026-06-03,756,N20,VIIRS,n,2,307.82,18.82,D,0
20.99966,79.95271,337.87,0.39,0.36,2026-06-03,756,N20,VIIRS,l,2,307.97,6.44,D,0
21.00014,80.89875,344.85,0.4,0.37,2026-06-03,756,N20,VIIRS,n,2,307.42,9.02,D,0
21.01297,80.89276,342.27,0.4,0.37,2026-06-03,756,N20,VIIRS,n,2,309.91,6.47,D,0
21.01352,80.89655,347.8,0.4,0.37,2026-06-03,756,N20,VIIRS,n,2,306.41,6.47,D,0
21.02129,80.92635,346.49,0.4,0.37,2026-06-03,756,N20,VIIRS,n,2,312.2,9.77,D,0
21.04475,80.86029,350.41,0.4,0.37,2026-06-03,756,N20,VIIRS,n,2,310.88,11.87,D,0
21.05294,80.91721,339.91,0.4,0.37,2026-06-03,756,N20,VIIRS,n,2,306.53,10.37,D,0
21.05296,82.08364,345.31,0.43,0.38,2026-06-03,756,N20,VIIRS,n,2,305.42,9.17,D,0
21.06553,81.14988,348.38,0.4,0.37,2026-06-03,756,N20,VIIRS,n,2,307.23,8.55,D,0
21.0689,81.14934,347.75,0.4,0.37,2026-06-03,756,N20,VIIRS,n,2,307.49,8.55,D,0
21.07035,80.87159,343.16,0.4,0.37,2026-06-03,756,N20,VIIRS,n,2,311.69,10.33,D,0
21.11833,83.87252,336.14,0.52,0.41,2026-06-03,756,N20,VIIRS,n,2,301.73,5.02,D,0
21.13651,79.71419,338.95,0.38,0.36,2026-06-03,756,N20,VIIRS,n,2,307.59,4.04,D,0
21.14555,80.73559,340.66,0.39,0.36,2026-06-03,756,N20,VIIRS,l,2,311.41,8.84,D,0
21.1461,80.73936,340.92,0.39,0.36,2026-06-03,756,N20,VIIRS,n,2,310.35,8.23,D,0
21.16017,83.12038,335.06,0.48,0.4,2026-06-03,756,N20,VIIRS,l,2,305.58,4.58,D,0
21.16959,82.91222,337.94,0.46,0.39,2026-06-03,756,N20,VIIRS,n,2,304.24,3.27,D,0
21.17319,81.99046,347.05,0.43,0.38,2026-06-03,756,N20,VIIRS,n,2,307.35,8.57,D,0
21.17377,81.99455,346.65,0.43,0.38,2026-06-03,756,N20,VIIRS,n,2,303.63,8.57,D,0
21.17666,81.98993,348.32,0.43,0.38,2026-06-03,756,N20,VIIRS,n,2,307.71,8.57,D,0
21.18764,82.70349,340.38,0.46,0.39,2026-06-03,756,N20,VIIRS,n,2,303.69,6.32,D,0
21.22483,82.60035,337.42,0.45,0.39,2026-06-03,756,N20,VIIRS,n,2,303.27,1.96,D,0
21.22631,82.05396,342.42,0.43,0.38,2026-06-03,756,N20,VIIRS,n,2,304.37,12.69,D,0
21.23548,82.62531,338.38,0.45,0.39,2026-06-03,756,N20,VIIRS,n,2,305.53,3.69,D,0
21.24188,80.46572,353.82,0.39,0.36,2026-06-03,756,N20,VIIRS,n,2,307.69,7.22,D,0
21.24515,79.22342,347.76,0.38,0.36,2026-06-03,756,N20,VIIRS,n,2,314.93,12.81,D,2
21.24683,75.69658,337.51,0.49,0.4,2026-06-03,756,N20,VIIRS,l,2,310.11,5.88,D,0
21.25003,79.21124,343.43,0.38,0.36,2026-06-03,756,N20,VIIRS,n,2,312.04,11.78,D,2
21.26194,82.93181,345.98,0.47,0.39,2026-06-03,756,N20,VIIRS,n,2,304.99,4.27,D,0
21.26361,76.63685,333.75,0.44,0.38,2026-06-03,756,N20,VIIRS,l,2,304.93,2.18,D,0
21.28771,82.53435,335.38,0.45,0.39,2026-06-03,756,N20,VIIRS,n,2,303.6,4.02,D,0
21.28969,82.89109,339.18,0.46,0.39,2026-06-03,756,N20,VIIRS,n,2,305.15,5.37,D,0
21.29089,82.95496,335.25,0.47,0.4,2026-06-03,756,N20,VIIRS,n,2,305.2,2.87,D,0
21.29452,82.95442,340.81,0.47,0.4,2026-06-03,756,N20,VIIRS,n,2,304.5,2.87,D,0
21.33179,83.94032,331.7,0.52,0.42,2026-06-03,756,N20,VIIRS,l,2,303.6,4.5,D,0
21.33421,83.93763,332.54,0.52,0.42,2026-06-03,756,N20,VIIRS,l,2,304.52,5.71,D,0
21.33463,80.40381,341.54,0.39,0.36,2026-06-03,756,N20,VIIRS,n,2,307.96,3.47,D,0
21.33483,83.94268,334.08,0.53,0.42,2026-06-03,756,N20,VIIRS,l,2,304.17,4.54,D,0
21.33562,83.93977,336.97,0.52,0.42,2026-06-03,756,N20,VIIRS,n,2,305.31,5.1,D,0
21.34177,80.45238,337.74,0.39,0.36,2026-06-03,756,N20,VIIRS,l,2,310.48,23.67,D,0
21.37723,83.54946,337.18,0.5,0.41,2026-06-03,756,N20,VIIRS,n,2,302.45,6.04,D,0
21.37778,80.39659,340.19,0.39,0.36,2026-06-03,756,N20,VIIRS,n,2,309.92,6.27,D,0
21.38123,76.8334,335.71,0.43,0.38,2026-06-03,756,N20,VIIRS,l,2,309.5,6.1,D,0
21.4239,84.1226,336.03,0.54,0.42,2026-06-03,756,N20,VIIRS,n,2,304.51,2.1,D,0
21.43446,80.29891,341.98,0.39,0.36,2026-06-03,756,N20,VIIRS,n,2,309.98,6.16,D,0
21.45211,80.34947,348.96,0.39,0.36,2026-06-03,756,N20,VIIRS,n,2,310.19,11.18,D,0
21.45714,82.96986,347.19,0.47,0.4,2026-06-03,756,N20,VIIRS,n,2,304.91,7.54,D,0
21.4592,80.46713,344.38,0.39,0.36,2026-06-03,756,N20,VIIRS,n,2,308.48,5.3,D,0
21.47253,80.41885,336.84,0.39,0.36,2026-06-03,756,N20,VIIRS,l,2,308.75,5.17,D,0
21.47527,80.46061,340.31,0.39,0.36,2026-06-03,756,N20,VIIRS,n,2,308.44,4.98,D,0
21.47745,80.49868,338.92,0.39,0.36,2026-06-03,756,N20,VIIRS,l,2,310.57,4.88,D,0
21.48209,77.3265,336.56,0.41,0.37,2026-06-03,756,N20,VIIRS,l,2,311,4.71,D,0
21.48665,79.67181,333.34,0.38,0.36,2026-06-03,756,N20,VIIRS,l,2,306.28,4.08,D,0
21.50063,80.3568,340.44,0.39,0.36,2026-06-03,756,N20,VIIRS,l,2,310.75,6.98,D,0
21.50933,80.43974,339.43,0.39,0.36,2026-06-03,756,N20,VIIRS,n,2,309.42,5.6,D,0
21.51443,84.01792,333.83,0.53,0.42,2026-06-03,756,N20,VIIRS,n,2,302.92,2.62,D,0
21.52222,80.34171,340.43,0.39,0.36,2026-06-03,756,N20,VIIRS,n,2,310.31,4.93,D,0
21.56307,78.68918,338.64,0.39,0.36,2026-06-03,756,N20,VIIRS,l,2,309.25,9.2,D,0
21.56581,80.45336,339.56,0.39,0.36,2026-06-03,756,N20,VIIRS,l,2,310.19,5.5,D,0
21.56619,79.29902,347.18,0.38,0.36,2026-06-03,756,N20,VIIRS,n,2,312.1,7.76,D,0
21.58214,78.55121,343.42,0.39,0.36,2026-06-03,756,N20,VIIRS,l,2,309.41,12.91,D,0
21.58749,81.6087,340.75,0.42,0.37,2026-06-03,756,N20,VIIRS,n,2,309.13,6.17,D,0
21.59164,81.38837,345.34,0.41,0.37,2026-06-03,756,N20,VIIRS,n,2,313.9,17.05,D,0
21.59559,84.1836,330.42,0.55,0.42,2026-06-03,756,N20,VIIRS,l,2,303.64,3.76,D,0
21.5975,81.68113,340.6,0.42,0.38,2026-06-03,756,N20,VIIRS,n,2,307.47,12.88,D,0
21.62237,83.32475,339.22,0.49,0.4,2026-06-03,756,N20,VIIRS,n,2,303.33,3.74,D,0
21.62367,83.27641,340.31,0.49,0.4,2026-06-03,756,N20,VIIRS,n,2,304.89,6.19,D,0
21.63168,83.28006,349.48,0.49,0.4,2026-06-03,756,N20,VIIRS,n,2,307.35,10.44,D,0
21.6323,83.28477,351.2,0.49,0.4,2026-06-03,756,N20,VIIRS,n,2,307.15,10.44,D,0
21.63539,83.27953,344.47,0.49,0.4,2026-06-03,756,N20,VIIRS,n,2,308.51,4.43,D,0
21.636,83.28424,340.36,0.49,0.4,2026-06-03,756,N20,VIIRS,n,2,307.49,4.43,D,0
21.64146,83.44352,337.64,0.5,0.41,2026-06-03,756,N20,VIIRS,n,2,301.55,5.24,D,0
21.64519,83.44298,354.63,0.5,0.41,2026-06-03,756,N20,VIIRS,n,2,305.75,5.24,D,0
21.64524,83.35528,346.93,0.49,0.41,2026-06-03,756,N20,VIIRS,n,2,305.29,10.88,D,0
21.64581,83.44779,336.14,0.5,0.41,2026-06-03,756,N20,VIIRS,n,2,294.39,5.24,D,0
21.64649,83.30676,336.68,0.49,0.4,2026-06-03,756,N20,VIIRS,n,2,305.67,4.16,D,0
21.64711,83.31152,338.36,0.49,0.4,2026-06-03,756,N20,VIIRS,n,2,305.31,4.16,D,0
21.64834,83.34999,342.99,0.49,0.41,2026-06-03,756,N20,VIIRS,n,2,304.6,3.66,D,0
21.64955,83.44727,337.53,0.5,0.41,2026-06-03,756,N20,VIIRS,n,2,304.39,5.54,D,0
21.6502,83.30624,344.89,0.49,0.4,2026-06-03,756,N20,VIIRS,n,2,305.64,4.16,D,0
21.65082,83.31097,339.84,0.49,0.4,2026-06-03,756,N20,VIIRS,n,2,305.94,4.16,D,0
21.65144,83.31571,337.46,0.49,0.4,2026-06-03,756,N20,VIIRS,n,2,305.92,4.61,D,0
21.65205,83.37856,343.57,0.49,0.41,2026-06-03,756,N20,VIIRS,n,2,307.89,12.2,D,0
21.65206,83.34946,347.35,0.49,0.41,2026-06-03,756,N20,VIIRS,n,2,306.43,8.49,D,0
21.65268,83.38334,347.21,0.5,0.41,2026-06-03,756,N20,VIIRS,n,2,303.71,9.27,D,0
21.65453,83.31045,342.87,0.49,0.4,2026-06-03,756,N20,VIIRS,n,2,308.6,9.68,D,0
21.65515,83.31518,349.76,0.49,0.4,2026-06-03,756,N20,VIIRS,n,2,309.55,9.33,D,0
21.65701,83.32939,348.11,0.49,0.4,2026-06-03,756,N20,VIIRS,n,2,306.68,6.9,D,0
21.65823,83.3099,348.08,0.49,0.4,2026-06-03,756,N20,VIIRS,n,2,309.79,9.68,D,0
21.65948,83.31937,345.1,0.49,0.4,2026-06-03,756,N20,VIIRS,n,2,308.11,9.33,D,0
21.6601,83.32412,342.17,0.49,0.4,2026-06-03,756,N20,VIIRS,n,2,307.02,6.9,D,0
21.66196,83.33835,343.88,0.49,0.4,2026-06-03,756,N20,VIIRS,n,2,306.73,6.96,D,0
21.66381,83.32358,337.78,0.49,0.4,2026-06-03,756,N20,VIIRS,l,2,308.04,4.3,D,0
21.66418,83.86697,331.31,0.52,0.42,2026-06-03,756,N20,VIIRS,l,2,305.18,2.28,D,0
21.66575,81.66623,348.05,0.42,0.38,2026-06-03,756,N20,VIIRS,n,2,308.52,4.12,D,0
21.66631,81.67027,340.02,0.42,0.38,2026-06-03,756,N20,VIIRS,n,2,308.68,4.12,D,0
21.67447,83.76307,330.25,0.52,0.41,2026-06-03,756,N20,VIIRS,l,2,303.42,3.58,D,0
21.68062,81.69691,348.07,0.42,0.38,2026-06-03,756,N20,VIIRS,n,2,310.2,6.41,D,0
21.68213,80.97101,343.12,0.4,0.37,2026-06-03,756,N20,VIIRS,n,2,312.03,5.55,D,0
21.68254,83.43755,334.45,0.5,0.41,2026-06-03,756,N20,VIIRS,l,2,305.47,4.46,D,0
21.68342,81.69722,346.91,0.42,0.38,2026-06-03,756,N20,VIIRS,n,2,307.96,11.3,D,0
21.68406,81.69636,340.31,0.42,0.38,2026-06-03,756,N20,VIIRS,n,2,308.38,6.41,D,0
21.6855,80.97046,346.53,0.4,0.37,2026-06-03,756,N20,VIIRS,n,2,308.28,4.17,D,0
21.68627,83.437,336.3,0.5,0.41,2026-06-03,756,N20,VIIRS,n,2,305.62,3.28,D,0
21.68932,81.6632,345.27,0.42,0.38,2026-06-03,756,N20,VIIRS,n,2,310.39,9.16,D,0
21.70596,81.65644,341.84,0.42,0.38,2026-06-03,756,N20,VIIRS,n,2,310.86,11.14,D,0
21.70632,82.96778,341.48,0.47,0.4,2026-06-03,756,N20,VIIRS,n,2,307.56,7.84,D,0
21.71202,83.51694,346,0.5,0.41,2026-06-03,756,N20,VIIRS,n,2,305.02,13.34,D,0
21.71315,83.51835,348.67,0.5,0.41,2026-06-03,756,N20,VIIRS,n,2,305.25,15.88,D,0
21.716,83.01297,345.76,0.48,0.4,2026-06-03,756,N20,VIIRS,n,2,307.22,5.97,D,0
21.71604,85.15771,349.74,0.42,0.45,2026-06-03,756,N20,VIIRS,n,2,301.31,10.57,D,0
21.71629,82.45101,338.9,0.45,0.39,2026-06-03,756,N20,VIIRS,n,2,303.46,5.42,D,0
21.71657,81.73341,345.63,0.42,0.38,2026-06-03,756,N20,VIIRS,n,2,307.47,5.44,D,0
21.71661,83.01756,340.67,0.48,0.4,2026-06-03,756,N20,VIIRS,n,2,305.56,5.97,D,0
21.72002,81.73286,344.11,0.42,0.38,2026-06-03,756,N20,VIIRS,n,2,307.73,5.44,D,0
21.72627,82.80463,344.29,0.47,0.39,2026-06-03,756,N20,VIIRS,n,2,307.25,8.63,D,0
21.72812,83.16205,337.45,0.48,0.4,2026-06-03,756,N20,VIIRS,n,2,304.49,8.58,D,0
21.72932,82.80751,336.98,0.47,0.39,2026-06-03,756,N20,VIIRS,n,2,304.95,6.88,D,0
21.73417,83.26635,342.56,0.49,0.4,2026-06-03,756,N20,VIIRS,n,2,305.84,4.1,D,0
21.73871,83.84069,337.73,0.52,0.42,2026-06-03,756,N20,VIIRS,n,2,306.87,8.73,D,0
21.74193,81.71282,352.2,0.42,0.38,2026-06-03,756,N20,VIIRS,n,2,310.3,5.2,D,0
21.74249,81.71689,339.04,0.42,0.38,2026-06-03,756,N20,VIIRS,n,2,306.58,5.2,D,0
21.7432,83.84526,348.42,0.52,0.42,2026-06-03,756,N20,VIIRS,n,2,307.69,8.73,D,2
21.74537,81.71229,338.06,0.42,0.38,2026-06-03,756,N20,VIIRS,l,2,308.8,5.2,D,0
21.74554,83.84171,340.76,0.52,0.42,2026-06-03,756,N20,VIIRS,n,2,308.39,7.7,D,2
21.74702,83.84474,348.29,0.52,0.42,2026-06-03,756,N20,VIIRS,n,2,308.76,7.55,D,2
21.74803,83.97433,344.68,0.53,0.42,2026-06-03,756,N20,VIIRS,n,2,307.49,10.26,D,0
21.74936,83.84119,341.9,0.52,0.42,2026-06-03,756,N20,VIIRS,n,2,306.45,7.7,D,2
21.75085,83.84422,341.55,0.52,0.42,2026-06-03,756,N20,VIIRS,n,2,307.06,7.55,D,2
21.75108,82.76886,339.21,0.46,0.39,2026-06-03,756,N20,VIIRS,n,2,304.36,10.99,D,0
21.7546,84.02591,341.62,0.54,0.42,2026-06-03,756,N20,VIIRS,n,2,306.3,6.62,D,2
21.75468,83.84369,336.32,0.52,0.42,2026-06-03,756,N20,VIIRS,l,2,306.44,4.18,D,2
21.75482,81.83163,340.7,0.43,0.38,2026-06-03,756,N20,VIIRS,n,2,308.08,9.94,D,0
21.75499,79.17814,341.76,0.38,0.36,2026-06-03,756,N20,VIIRS,l,2,314.95,7.95,D,0
21.75644,81.86912,340.79,0.43,0.38,2026-06-03,756,N20,VIIRS,n,2,307.75,5.53,D,0
21.7585,83.84315,334.79,0.52,0.42,2026-06-03,756,N20,VIIRS,l,2,306.74,4.18,D,2
21.75991,81.86858,340.27,0.43,0.38,2026-06-03,756,N20,VIIRS,n,2,307.91,5.53,D,0
21.76555,82.965,337.36,0.47,0.4,2026-06-03,756,N20,VIIRS,n,2,305.77,6.51,D,0
21.77242,85.24261,330.9,0.42,0.45,2026-06-03,756,N20,VIIRS,n,2,299.86,3.44,D,0
21.77932,83.83175,347.88,0.52,0.42,2026-06-03,756,N20,VIIRS,n,2,304.33,11.38,D,2
21.78431,82.65942,337.92,0.46,0.39,2026-06-03,756,N20,VIIRS,n,2,304.57,5.34,D,0
21.78731,82.65446,337.5,0.46,0.39,2026-06-03,756,N20,VIIRS,n,2,304.12,5.34,D,0
21.78942,81.85134,337.04,0.43,0.38,2026-06-03,756,N20,VIIRS,l,2,307.74,9.15,D,0
21.78999,81.85545,346.85,0.43,0.38,2026-06-03,756,N20,VIIRS,n,2,308.59,13.22,D,0
21.79327,82.67159,343.66,0.46,0.39,2026-06-03,756,N20,VIIRS,n,2,305.78,7.1,D,0
21.79333,81.93074,343.97,0.43,0.38,2026-06-03,756,N20,VIIRS,n,2,308.25,7.65,D,0
21.79451,82.62634,339.54,0.46,0.39,2026-06-03,756,N20,VIIRS,n,2,305.78,4.42,D,0
21.7951,82.63074,341.95,0.46,0.39,2026-06-03,756,N20,VIIRS,n,2,305.99,4.42,D,0
21.79681,81.9302,345.47,0.43,0.38,2026-06-03,756,N20,VIIRS,n,2,306.43,7.65,D,0
21.79716,83.88092,337.83,0.53,0.42,2026-06-03,756,N20,VIIRS,n,2,307.46,5.78,D,0
21.7978,83.88601,342.12,0.53,0.42,2026-06-03,756,N20,VIIRS,n,2,308.17,11.96,D,0
21.79869,82.63021,350.64,0.46,0.39,2026-06-03,756,N20,VIIRS,n,2,306.59,4.42,D,0
21.79926,82.68882,345.11,0.46,0.39,2026-06-03,756,N20,VIIRS,n,2,305.6,4.3,D,0
21.79928,82.63461,338.73,0.46,0.39,2026-06-03,756,N20,VIIRS,n,2,305.57,5.86,D,0
21.79986,82.69327,343.2,0.46,0.39,2026-06-03,756,N20,VIIRS,n,2,304.17,4.3,D,0
21.80106,82.67494,344.7,0.46,0.39,2026-06-03,756,N20,VIIRS,n,2,304.94,7.63,D,0
21.80228,82.62967,344.1,0.46,0.39,2026-06-03,756,N20,VIIRS,n,2,305.12,5.07,D,0
21.80346,82.69273,343.17,0.46,0.39,2026-06-03,756,N20,VIIRS,n,2,304.69,5.99,D,0
21.80526,82.65172,346.46,0.46,0.39,2026-06-03,756,N20,VIIRS,n,2,307.14,16.76,D,0
21.80587,82.62912,341.57,0.46,0.39,2026-06-03,756,N20,VIIRS,n,2,305.55,5.07,D,0
21.80646,82.63353,348.21,0.46,0.39,2026-06-03,756,N20,VIIRS,n,2,304.88,9.44,D,0
21.80802,82.6303,343.88,0.46,0.39,2026-06-03,756,N20,VIIRS,n,2,303.26,6.79,D,0
21.80825,82.64677,338.68,0.46,0.39,2026-06-03,756,N20,VIIRS,n,2,304.06,7.3,D,0
21.80975,82.64355,348.49,0.46,0.39,2026-06-03,756,N20,VIIRS,n,2,304.29,10.26,D,0
21.81125,82.64182,341.26,0.46,0.39,2026-06-03,756,N20,VIIRS,n,2,304.9,5.42,D,0
21.81185,82.64623,351.12,0.46,0.39,2026-06-03,756,N20,VIIRS,n,2,303.92,5.42,D,0
21.81245,82.65065,343.53,0.46,0.39,2026-06-03,756,N20,VIIRS,n,2,303.02,9.72,D,0
21.81364,82.65949,349.44,0.46,0.39,2026-06-03,756,N20,VIIRS,n,2,307.58,6.24,D,0
21.81392,82.64744,352.98,0.46,0.39,2026-06-03,756,N20,VIIRS,n,2,304.72,10.26,D,0
21.81425,82.66392,338.32,0.46,0.39,2026-06-03,756,N20,VIIRS,n,2,305.19,6.24,D,0
21.81544,82.64569,342.18,0.46,0.39,2026-06-03,756,N20,VIIRS,n,2,302.66,5.42,D,0
21.81565,82.66072,355.85,0.46,0.39,2026-06-03,756,N20,VIIRS,n,2,305.33,12.07,D,0
21.81796,82.67847,339.11,0.46,0.39,2026-06-03,756,N20,VIIRS,n,2,304.84,6.42,D,0
21.81907,81.84719,342.51,0.43,0.38,2026-06-03,756,N20,VIIRS,n,2,307.34,7.69,D,0
21.81964,82.67667,342.27,0.46,0.39,2026-06-03,756,N20,VIIRS,n,2,303.81,7.02,D,0
21.82074,81.85954,342.06,0.43,0.38,2026-06-03,756,N20,VIIRS,n,2,308.64,6.99,D,0
21.82085,82.96134,343.25,0.47,0.4,2026-06-03,756,N20,VIIRS,n,2,304.57,6.73,D,0
21.824,82.66849,348.94,0.46,0.39,2026-06-03,756,N20,VIIRS,n,2,305.15,5.09,D,0
21.8241,81.88428,337.06,0.43,0.38,2026-06-03,756,N20,VIIRS,n,2,306.5,6.24,D,0
21.83866,81.86091,344.57,0.43,0.38,2026-06-03,756,N20,VIIRS,n,2,305.72,10.86,D,0
21.84607,81.88924,340.02,0.43,0.38,2026-06-03,756,N20,VIIRS,n,2,309.1,8.11,D,0
21.84616,82.66967,343.43,0.46,0.39,2026-06-03,756,N20,VIIRS,n,2,304.72,8.26,D,0
21.84675,82.67412,346.73,0.46,0.39,2026-06-03,756,N20,VIIRS,n,2,305.33,11.17,D,0
21.85336,82.66859,336.84,0.46,0.39,2026-06-03,756,N20,VIIRS,n,2,300.73,5.97,D,0
21.85747,82.69978,338.77,0.46,0.39,2026-06-03,756,N20,VIIRS,n,2,304.92,7.33,D,0
21.85754,82.6725,339.93,0.46,0.39,2026-06-03,756,N20,VIIRS,n,2,302.62,4.12,D,0
21.85806,82.70424,352.87,0.46,0.39,2026-06-03,756,N20,VIIRS,n,2,305.44,7.33,D,0
21.86107,82.69923,342.45,0.46,0.39,2026-06-03,756,N20,VIIRS,n,2,303.81,8.22,D,0
21.86544,82.62151,334.4,0.46,0.39,2026-06-03,756,N20,VIIRS,n,2,302.49,4,D,0
21.86592,82.68031,345.31,0.46,0.39,2026-06-03,756,N20,VIIRS,n,2,301.21,6.05,D,0
21.86603,82.62594,338.92,0.46,0.39,2026-06-03,756,N20,VIIRS,n,2,301.27,8.85,D,0
21.86662,82.63037,348.08,0.46,0.39,2026-06-03,756,N20,VIIRS,n,2,304.14,8.85,D,0
21.86844,82.61655,339.44,0.46,0.39,2026-06-03,756,N20,VIIRS,n,2,304.56,4,D,0
21.86876,82.40247,335.42,0.45,0.39,2026-06-03,756,N20,VIIRS,n,2,303.35,2.77,D,0
21.86893,82.67532,354.24,0.46,0.39,2026-06-03,756,N20,VIIRS,n,2,304.33,11.53,D,0
21.86903,82.62097,343.14,0.46,0.39,2026-06-03,756,N20,VIIRS,n,2,302.64,4,D,0
21.86962,82.6254,345.62,0.46,0.39,2026-06-03,756,N20,VIIRS,n,2,302.74,8.85,D,0
21.87021,82.62982,339.26,0.46,0.39,2026-06-03,756,N20,VIIRS,n,2,301.35,8.85,D,0
21.87188,82.6976,353.31,0.46,0.39,2026-06-03,756,N20,VIIRS,n,2,303.86,9.11,D,0
21.87203,82.616,344.18,0.46,0.39,2026-06-03,756,N20,VIIRS,n,2,304.18,9,D,0
21.8755,83.49654,334.29,0.5,0.41,2026-06-03,756,N20,VIIRS,l,2,305.45,2.6,D,2
21.87571,82.56158,338.67,0.46,0.39,2026-06-03,756,N20,VIIRS,n,2,298.41,1.92,D,0
21.87626,82.59288,340.34,0.46,0.39,2026-06-03,756,N20,VIIRS,n,2,305.71,4.63,D,0
21.87913,82.66922,337.34,0.46,0.39,2026-06-03,756,N20,VIIRS,n,2,300.58,4.25,D,0
21.87925,82.58794,337,0.46,0.39,2026-06-03,756,N20,VIIRS,n,2,306.81,4.63,D,0
21.87929,82.56104,351.38,0.46,0.39,2026-06-03,756,N20,VIIRS,n,2,306.5,8.69,D,0
21.87941,82.40083,344.1,0.45,0.39,2026-06-03,756,N20,VIIRS,n,2,304.17,5.86,D,0
21.88043,82.59674,349.4,0.46,0.39,2026-06-03,756,N20,VIIRS,n,2,305.53,15.04,D,0
21.88688,82.69988,340.34,0.46,0.39,2026-06-03,756,N20,VIIRS,n,2,303.85,3.92,D,0
21.88811,82.6815,333.85,0.46,0.39,2026-06-03,756,N20,VIIRS,n,2,301.06,3.36,D,0
21.88828,82.43924,338.13,0.45,0.39,2026-06-03,756,N20,VIIRS,n,2,303.3,2.52,D,0
21.8887,82.68595,332.9,0.46,0.39,2026-06-03,756,N20,VIIRS,n,2,296.9,5.52,D,0
21.89111,82.67649,339.14,0.46,0.39,2026-06-03,756,N20,VIIRS,n,2,305.14,3.36,D,0
21.89171,82.68095,335.66,0.46,0.39,2026-06-03,756,N20,VIIRS,n,2,303.43,3.36,D,0
21.8923,82.68541,348.88,0.46,0.39,2026-06-03,756,N20,VIIRS,n,2,303.49,5.52,D,0
21.89461,82.43922,340.23,0.45,0.39,2026-06-03,756,N20,VIIRS,n,2,304.84,5.03,D,0
21.89531,82.6804,336.6,0.46,0.39,2026-06-03,756,N20,VIIRS,n,2,302.78,3.03,D,0
21.8954,82.43815,341.5,0.45,0.39,2026-06-03,756,N20,VIIRS,n,2,304.81,3.7,D,0
21.89645,82.42565,337.46,0.45,0.39,2026-06-03,756,N20,VIIRS,n,2,304.69,3.29,D,0
21.897,82.13285,341.98,0.44,0.38,2026-06-03,756,N20,VIIRS,n,2,307.99,11.81,D,0
21.8971,82.69379,333.46,0.46,0.39,2026-06-03,756,N20,VIIRS,n,2,298.44,0.82,D,0
21.89956,82.5759,339.66,0.46,0.39,2026-06-03,756,N20,VIIRS,n,2,304.98,7.96,D,0
21.90016,82.58029,351.13,0.46,0.39,2026-06-03,756,N20,VIIRS,n,2,308.98,7.96,D,0
21.90613,82.54351,337.46,0.46,0.39,2026-06-03,756,N20,VIIRS,n,2,303.37,4.7,D,0
21.9077,82.42836,336.44,0.45,0.39,2026-06-03,756,N20,VIIRS,n,2,304.41,3.83,D,0
21.91151,82.66431,342.55,0.46,0.39,2026-06-03,756,N20,VIIRS,n,2,304.08,4.34,D,0
21.91184,82.43216,341.71,0.45,0.39,2026-06-03,756,N20,VIIRS,n,2,302.83,4.08,D,0
21.91252,82.40993,336.09,0.45,0.39,2026-06-03,756,N20,VIIRS,n,2,303.57,3.65,D,0
21.91665,82.41371,339.66,0.45,0.39,2026-06-03,756,N20,VIIRS,n,2,304.45,3.75,D,0
21.91871,82.69052,350.68,0.46,0.39,2026-06-03,756,N20,VIIRS,n,2,305.03,8.55,D,0
21.91902,83.34972,333.94,0.5,0.41,2026-06-03,756,N20,VIIRS,n,2,302.47,7.38,D,2
21.91932,82.69498,346.68,0.46,0.39,2026-06-03,756,N20,VIIRS,n,2,303.31,8.55,D,0
21.91932,82.7223,339.14,0.46,0.39,2026-06-03,756,N20,VIIRS,n,2,307.58,4.61,D,0
21.92187,81.80668,346.27,0.43,0.38,2026-06-03,756,N20,VIIRS,n,2,304.61,4.27,D,0
21.92232,82.68997,337.55,0.46,0.39,2026-06-03,756,N20,VIIRS,n,2,304.84,8.55,D,0
21.92243,81.81079,347.72,0.43,0.38,2026-06-03,756,N20,VIIRS,n,2,305.37,3.04,D,0
21.92247,82.59599,338.9,0.46,0.39,2026-06-03,756,N20,VIIRS,n,2,305.91,5.15,D,0
21.92275,83.34917,332.2,0.5,0.41,2026-06-03,756,N20,VIIRS,n,2,301.29,5.09,D,2
21.9241,85.22388,330.69,0.42,0.45,2026-06-03,756,N20,VIIRS,l,2,301,2.47,D,2
21.92469,82.02129,340.31,0.43,0.38,2026-06-03,756,N20,VIIRS,n,2,309.7,7.65,D,0
21.92574,85.22344,330.81,0.42,0.45,2026-06-03,756,N20,VIIRS,l,2,301.27,5.14,D,2
21.9259,81.81024,342.81,0.43,0.38,2026-06-03,756,N20,VIIRS,n,2,304.39,3.04,D,0
21.92703,82.01238,343.1,0.43,0.38,2026-06-03,756,N20,VIIRS,n,2,309.2,7.14,D,0
21.92938,82.00349,340.77,0.43,0.38,2026-06-03,756,N20,VIIRS,n,2,308.93,6.53,D,0
21.93497,82.60759,349.2,0.46,0.39,2026-06-03,756,N20,VIIRS,n,2,305.72,6.11,D,0
21.93617,82.42398,337.31,0.45,0.39,2026-06-03,756,N20,VIIRS,n,2,305.56,4.34,D,0
21.93748,82.37956,341.27,0.45,0.39,2026-06-03,756,N20,VIIRS,n,2,303.91,6.5,D,0
21.94075,82.4856,341.06,0.45,0.39,2026-06-03,756,N20,VIIRS,n,2,303.17,4.09,D,0
21.94166,82.57504,337.17,0.46,0.39,2026-06-03,756,N20,VIIRS,n,2,303.4,2.47,D,0
21.94232,82.9218,336.95,0.47,0.4,2026-06-03,756,N20,VIIRS,n,2,306.87,3.07,D,0
21.94525,82.57451,344.03,0.46,0.39,2026-06-03,756,N20,VIIRS,n,2,305.94,7.05,D,0
21.94537,82.94468,339.95,0.47,0.4,2026-06-03,756,N20,VIIRS,n,2,306.47,6.51,D,0
21.94625,82.0222,339.92,0.43,0.38,2026-06-03,756,N20,VIIRS,n,2,308.32,8.08,D,0
21.94696,82.01889,345.19,0.43,0.38,2026-06-03,756,N20,VIIRS,n,2,308.61,8.71,D,0
21.95085,82.95786,346.34,0.48,0.4,2026-06-03,756,N20,VIIRS,n,2,305.43,5.84,D,0
21.953,82.57783,339.78,0.46,0.39,2026-06-03,756,N20,VIIRS,n,2,305.09,4.84,D,0
21.9545,82.95732,349.15,0.48,0.4,2026-06-03,756,N20,VIIRS,n,2,305.71,12.37,D,0
21.95511,82.96191,341.79,0.48,0.4,2026-06-03,756,N20,VIIRS,n,2,306.3,7.25,D,0
21.95607,82.54589,332.75,0.46,0.39,2026-06-03,756,N20,VIIRS,n,2,301.14,1.25,D,0
21.95834,82.5905,337.94,0.46,0.39,2026-06-03,756,N20,VIIRS,n,2,303.86,2.58,D,0
21.96251,82.59437,340.58,0.46,0.39,2026-06-03,756,N20,VIIRS,n,2,305.49,3.74,D,0
21.96669,82.59824,336.6,0.46,0.39,2026-06-03,756,N20,VIIRS,n,2,305.47,3.74,D,0
21.96744,82.94282,351.26,0.48,0.4,2026-06-03,756,N20,VIIRS,n,2,306.17,7.38,D,0
21.96821,81.75751,338.74,0.42,0.38,2026-06-03,756,N20,VIIRS,n,2,306.15,10.05,D,0
21.96878,81.76161,339.1,0.43,0.38,2026-06-03,756,N20,VIIRS,n,2,306.82,4.52,D,0
21.97468,82.46703,331.47,0.45,0.39,2026-06-03,756,N20,VIIRS,l,2,302.21,1.49,D,0
21.97659,82.72855,338.15,0.46,0.39,2026-06-03,756,N20,VIIRS,n,2,304.99,5.79,D,0
21.98065,81.56855,341.41,0.42,0.38,2026-06-03,756,N20,VIIRS,n,2,309.1,11.02,D,0
21.98264,82.94521,348.29,0.48,0.4,2026-06-03,756,N20,VIIRS,n,2,304.36,8.89,D,0
21.98771,82.02965,337.84,0.43,0.38,2026-06-03,756,N20,VIIRS,n,2,307.66,8.1,D,0
21.98839,82.38064,348.3,0.45,0.39,2026-06-03,756,N20,VIIRS,n,2,301.78,9.37,D,0
21.99291,82.04168,346.93,0.44,0.38,2026-06-03,756,N20,VIIRS,n,2,307.98,17.3,D,0
21.99483,82.56246,338.07,0.46,0.39,2026-06-03,756,N20,VIIRS,n,2,303.05,4.77,D,0
22.00436,82.63331,335,0.46,0.39,2026-06-03,756,N20,VIIRS,n,2,302.47,4.16,D,0
22.00736,82.62832,332.33,0.46,0.39,2026-06-03,756,N20,VIIRS,l,2,302.6,1.31,D,0
22.00835,82.15564,339.16,0.44,0.38,2026-06-03,756,N20,VIIRS,n,2,309.01,6.13,D,0
22.01031,82.7052,337.54,0.46,0.39,2026-06-03,756,N20,VIIRS,n,2,303.13,2.76,D,0
22.01091,82.70968,338.25,0.46,0.39,2026-06-03,756,N20,VIIRS,n,2,303.68,2.76,D,0
22.0145,82.04262,338.11,0.44,0.38,2026-06-03,756,N20,VIIRS,n,2,306.09,5.75,D,0
22.02752,82.57251,336.58,0.46,0.39,2026-06-03,756,N20,VIIRS,n,2,303.41,2.66,D,0
22.02855,82.01473,346.04,0.43,0.38,2026-06-03,756,N20,VIIRS,n,2,303.55,7.77,D,0
22.03685,83.73285,337.43,0.52,0.42,2026-06-03,756,N20,VIIRS,n,2,304.33,4.4,D,2
22.04002,83.72728,341.88,0.52,0.42,2026-06-03,756,N20,VIIRS,n,2,309.8,13.97,D,2
22.04067,83.73233,339.87,0.52,0.42,2026-06-03,756,N20,VIIRS,l,2,310.07,15.27,D,2
22.04346,83.03964,337.23,0.48,0.4,2026-06-03,756,N20,VIIRS,n,2,304.27,5.36,D,0
22.04468,83.04894,341.38,0.48,0.4,2026-06-03,756,N20,VIIRS,n,2,304.19,4.39,D,0
22.05082,83.72064,343.45,0.52,0.42,2026-06-03,756,N20,VIIRS,n,2,308.17,9.99,D,0
22.05326,83.02875,335.15,0.48,0.4,2026-06-03,756,N20,VIIRS,n,2,302.43,5.38,D,0
22.05337,83.71745,341.36,0.52,0.42,2026-06-03,756,N20,VIIRS,n,2,308.49,8.74,D,0
22.05463,83.72013,335.78,0.52,0.42,2026-06-03,756,N20,VIIRS,l,2,306.2,6.55,D,0
22.06581,82.55766,335.44,0.46,0.39,2026-06-03,756,N20,VIIRS,n,2,304.13,2.54,D,0
22.12549,82.08988,339.14,0.44,0.38,2026-06-03,756,N20,VIIRS,n,2,307.68,6.45,D,0
22.13093,81.49549,337.02,0.42,0.38,2026-06-03,756,N20,VIIRS,n,2,305.67,9.26,D,0
22.14218,82.23962,339.46,0.44,0.39,2026-06-03,756,N20,VIIRS,n,2,308.57,4.9,D,0
22.14514,82.23478,344.18,0.44,0.39,2026-06-03,756,N20,VIIRS,n,2,309.01,3.91,D,0
22.14809,82.22994,336.9,0.44,0.39,2026-06-03,756,N20,VIIRS,l,2,308.46,3.91,D,0
22.15807,82.25032,341.22,0.45,0.39,2026-06-03,756,N20,VIIRS,n,2,306.2,3.94,D,0
22.16103,82.24548,340.37,0.44,0.39,2026-06-03,756,N20,VIIRS,n,2,306.57,4.2,D,0
22.16161,82.24977,342.3,0.45,0.39,2026-06-03,756,N20,VIIRS,n,2,306.03,4.2,D,0
22.16174,82.14492,340.93,0.44,0.38,2026-06-03,756,N20,VIIRS,n,2,307.47,4.34,D,0
22.16463,82.19241,344.81,0.44,0.39,2026-06-03,756,N20,VIIRS,n,2,307.98,6.86,D,0
22.16465,82.16623,344.66,0.44,0.38,2026-06-03,756,N20,VIIRS,n,2,307.03,9.42,D,0
22.16818,82.16568,349.43,0.44,0.38,2026-06-03,756,N20,VIIRS,n,2,308.6,9.42,D,0
22.16877,82.16995,349.51,0.44,0.38,2026-06-03,756,N20,VIIRS,n,2,306.75,9.42,D,0
22.16933,82.20042,339.77,0.44,0.39,2026-06-03,756,N20,VIIRS,l,2,310.06,7.32,D,0
22.16935,82.17422,337.76,0.44,0.39,2026-06-03,756,N20,VIIRS,n,2,305.41,3.04,D,0
22.17047,82.23524,341.97,0.44,0.39,2026-06-03,756,N20,VIIRS,n,2,307.91,5.39,D,0
22.17052,82.18276,346.94,0.44,0.39,2026-06-03,756,N20,VIIRS,n,2,307.15,11.32,D,0
22.17105,82.23953,339.48,0.44,0.39,2026-06-03,756,N20,VIIRS,n,2,306.9,5.39,D,0
22.17139,81.94631,340.02,0.43,0.38,2026-06-03,756,N20,VIIRS,n,2,306.03,5.98,D,0
22.17416,82.98404,339.37,0.48,0.4,2026-06-03,756,N20,VIIRS,n,2,301.16,14.83,D,0
22.17459,82.23899,335.61,0.44,0.39,2026-06-03,756,N20,VIIRS,l,2,307,4.75,D,0
22.17813,82.23844,343,0.44,0.39,2026-06-03,756,N20,VIIRS,n,2,307.72,4.75,D,0
22.17816,82.18596,340.96,0.44,0.39,2026-06-03,756,N20,VIIRS,n,2,308.05,3.75,D,0
22.18167,82.2379,339.68,0.44,0.39,2026-06-03,756,N20,VIIRS,n,2,306.85,4.43,D,0
22.18228,82.18969,338.13,0.44,0.39,2026-06-03,756,N20,VIIRS,l,2,308.65,3.97,D,0
22.18258,82.1909,341.81,0.44,0.39,2026-06-03,756,N20,VIIRS,n,2,307.61,2.71,D,0
22.18423,81.93575,339.1,0.43,0.38,2026-06-03,756,N20,VIIRS,n,2,308.81,7.34,D,0
22.18667,82.19463,335.61,0.44,0.39,2026-06-03,756,N20,VIIRS,l,2,306.81,2.71,D,0
22.18698,82.22395,339,0.44,0.39,2026-06-03,756,N20,VIIRS,n,2,306.66,4.83,D,0
22.18699,82.1977,334.3,0.44,0.39,2026-06-03,756,N20,VIIRS,l,2,305.43,1.44,D,0
22.18711,82.2252,339.44,0.44,0.39,2026-06-03,756,N20,VIIRS,n,2,307.22,5.46,D,0
22.18964,82.1898,344.02,0.44,0.39,2026-06-03,756,N20,VIIRS,n,2,308.39,6.75,D,0
22.19287,82.24055,336.17,0.44,0.39,2026-06-03,756,N20,VIIRS,n,2,306.15,5.01,D,0
22.19488,82.20213,339.91,0.44,0.39,2026-06-03,756,N20,VIIRS,n,2,308.28,4.69,D,0
22.19641,81.94666,348.84,0.43,0.38,2026-06-03,756,N20,VIIRS,n,2,309.64,11.35,D,0
22.19658,82.21499,347.19,0.44,0.39,2026-06-03,756,N20,VIIRS,n,2,307.01,7.47,D,0
22.19841,82.20158,350.12,0.44,0.39,2026-06-03,756,N20,VIIRS,n,2,308.13,6.3,D,0
22.19894,82.9481,332.67,0.48,0.4,2026-06-03,756,N20,VIIRS,n,2,302.11,2.71,D,0
22.20194,82.20102,346.5,0.44,0.39,2026-06-03,756,N20,VIIRS,n,2,307.75,6.3,D,0
22.20651,84.55244,330.06,0.39,0.44,2026-06-03,756,N20,VIIRS,l,2,303.41,1.37,D,2
22.21853,84.75634,331.49,0.4,0.44,2026-06-03,756,N20,VIIRS,l,2,305.84,6.43,D,2
22.2408,82.195,348.4,0.44,0.39,2026-06-03,756,N20,VIIRS,n,2,308.94,12.8,D,0
22.24138,82.1993,339.41,0.44,0.39,2026-06-03,756,N20,VIIRS,n,2,306.58,4.05,D,0
22.24492,82.19875,336.41,0.44,0.39,2026-06-03,756,N20,VIIRS,l,2,306.54,4.05,D,0
22.25019,82.21107,348.55,0.44,0.39,2026-06-03,756,N20,VIIRS,n,2,308.62,8.09,D,0
22.3318,82.57362,342.05,0.46,0.39,2026-06-03,756,N20,VIIRS,n,2,304.75,3.94,D,2
22.37615,87.2813,335.13,0.57,0.52,2026-06-03,756,N20,VIIRS,n,2,296.53,8.64,D,2
22.37632,87.283,332.56,0.57,0.52,2026-06-03,756,N20,VIIRS,n,2,296.22,7.1,D,2
22.40883,83.18265,333.44,0.49,0.41,2026-06-03,756,N20,VIIRS,l,2,304,1.4,D,0
22.78688,86.20805,338.63,0.5,0.49,2026-06-03,756,N20,VIIRS,n,2,299.68,8.36,D,2
20.98373,73.1432,331.24,0.45,0.47,2026-06-03,757,N20,VIIRS,n,2,300.71,2.92,D,0
21.09967,74.15955,345.07,0.39,0.44,2026-06-03,757,N20,VIIRS,n,2,312.53,6.94,D,0
21.10038,74.16341,345.98,0.39,0.44,2026-06-03,757,N20,VIIRS,n,2,311.18,6.94,D,0
21.10424,72.63797,336.13,0.49,0.48,2026-06-03,757,N20,VIIRS,n,2,298.83,6.92,D,2
21.11816,73.71474,333.59,0.42,0.45,2026-06-03,757,N20,VIIRS,l,2,305.77,2.64,D,0
21.16727,71.62576,337.14,0.56,0.51,2026-06-03,757,N20,VIIRS,n,2,303.2,2.67,D,0
21.16936,71.62218,337.99,0.56,0.52,2026-06-03,757,N20,VIIRS,n,2,302.66,3.82,D,0
21.25331,75.22607,340.32,0.51,0.41,2026-06-03,757,N20,VIIRS,l,2,311.25,8.09,D,0
21.25913,74.06498,336.54,0.4,0.44,2026-06-03,757,N20,VIIRS,n,2,306.37,2.72,D,0
21.27093,70.05173,334.39,0.35,0.57,2026-06-03,757,N20,VIIRS,n,2,301.23,2.18,D,0
21.27165,70.05504,339.73,0.35,0.57,2026-06-03,757,N20,VIIRS,n,2,300.51,2.18,D,0
21.27482,70.05177,340.67,0.35,0.57,2026-06-03,757,N20,VIIRS,n,2,300.8,2.28,D,0
21.27551,70.05508,332.76,0.35,0.57,2026-06-03,757,N20,VIIRS,n,2,298.13,2.28,D,0
21.36816,74.04087,339.32,0.39,0.44,2026-06-03,757,N20,VIIRS,l,2,309.32,8.23,D,0
21.4005,74.10342,334.71,0.39,0.44,2026-06-03,757,N20,VIIRS,l,2,305.99,3.02,D,0
21.66202,73.72585,343.09,0.41,0.45,2026-06-03,757,N20,VIIRS,n,2,304.97,9.02,D,0
21.74695,70.08038,335.75,0.34,0.56,2026-06-03,757,N20,VIIRS,n,2,300.21,2.05,D,0
21.75201,70.07919,336.35,0.34,0.56,2026-06-03,757,N20,VIIRS,n,2,299.4,2.05,D,0
21.75631,69.87413,332.14,0.35,0.57,2026-06-03,757,N20,VIIRS,n,2,301.45,1.27,D,0
21.79116,72.88857,343.34,0.45,0.47,2026-06-03,757,N20,VIIRS,n,2,299.2,3.14,D,0
21.79332,77.02084,337.47,0.42,0.38,2026-06-03,757,N20,VIIRS,l,2,310.76,5.31,D,0
21.79399,77.02485,339.38,0.42,0.38,2026-06-03,757,N20,VIIRS,l,2,311.71,5.31,D,0
21.82459,75.38837,340.94,0.49,0.41,2026-06-03,757,N20,VIIRS,l,2,312.59,9.18,D,0
21.82606,78.0323,342.09,0.4,0.37,2026-06-03,757,N20,VIIRS,l,2,314.49,10.25,D,0
21.87602,78.023,342.48,0.4,0.37,2026-06-03,757,N20,VIIRS,l,2,314.29,10.17,D,0
21.87663,78.02683,350.21,0.4,0.37,2026-06-03,757,N20,VIIRS,n,2,313.38,12.64,D,0
21.93068,76.97796,338.91,0.42,0.38,2026-06-03,757,N20,VIIRS,l,2,306.14,6.11,D,0
22.02533,79.01653,345.18,0.38,0.36,2026-06-03,757,N20,VIIRS,n,2,315.07,15.55,D,0
22.07228,75.20861,344.94,0.5,0.41,2026-06-03,757,N20,VIIRS,n,2,310.29,14.13,D,0
22.07417,75.20946,346.84,0.5,0.41,2026-06-03,757,N20,VIIRS,n,2,310.19,13.51,D,0
22.1687,79.46479,342.91,0.38,0.36,2026-06-03,757,N20,VIIRS,n,2,310.32,5.81,D,0
22.18256,77.35364,341.33,0.41,0.37,2026-06-03,757,N20,VIIRS,l,2,311.11,9.44,D,0
22.26439,80.68624,330.8,0.4,0.37,2026-06-03,757,N20,VIIRS,l,2,305.41,3.09,D,0
22.2828,77.57607,348.39,0.4,0.37,2026-06-03,757,N20,VIIRS,l,2,309.58,10.58,D,0
22.31224,76.11375,345.24,0.45,0.39,2026-06-03,757,N20,VIIRS,n,2,305.4,7.58,D,0
22.35435,74.73415,336.71,0.52,0.42,2026-06-03,757,N20,VIIRS,n,2,306.37,8.85,D,0
22.35591,82.3014,341.41,0.45,0.39,2026-06-03,757,N20,VIIRS,l,2,311.97,6.8,D,2
22.36067,73.32809,338.44,0.42,0.45,2026-06-03,757,N20,VIIRS,n,2,299.54,5.15,D,0
22.37973,80.68679,342.97,0.4,0.37,2026-06-03,757,N20,VIIRS,l,2,313.22,8.41,D,0
22.41697,80.40659,345.07,0.39,0.36,2026-06-03,757,N20,VIIRS,n,2,311.86,12.95,D,0
22.44087,71.43175,338.28,0.54,0.51,2026-06-03,757,N20,VIIRS,n,2,301.63,3.63,D,0
22.44292,71.43513,336.81,0.54,0.51,2026-06-03,757,N20,VIIRS,n,2,301.33,3.15,D,0
22.45601,78.98829,346.09,0.38,0.36,2026-06-03,757,N20,VIIRS,n,2,314.1,10.43,D,0
22.46161,80.71648,340.77,0.4,0.37,2026-06-03,757,N20,VIIRS,l,2,313.05,9.49,D,0
22.49711,78.98833,343.02,0.38,0.36,2026-06-03,757,N20,VIIRS,l,2,314.95,10.98,D,0
22.55721,76.629,334.52,0.43,0.38,2026-06-03,757,N20,VIIRS,l,2,306.44,2.55,D,0
22.5687,79.03641,344.45,0.38,0.36,2026-06-03,757,N20,VIIRS,n,2,314.32,12.04,D,0
22.57097,80.60365,338.63,0.4,0.37,2026-06-03,757,N20,VIIRS,l,2,310.96,9.42,D,0
22.57821,76.93896,342.75,0.42,0.38,2026-06-03,757,N20,VIIRS,l,2,308.27,3.7,D,0
22.63735,73.43705,332.11,0.41,0.45,2026-06-03,757,N20,VIIRS,l,2,303.13,5.09,D,0
22.64627,79.81937,345.88,0.39,0.36,2026-06-03,757,N20,VIIRS,l,2,316.27,13.49,D,0
22.64683,79.82312,345.57,0.39,0.36,2026-06-03,757,N20,VIIRS,l,2,317.17,13.52,D,0
22.69857,79.19617,354.71,0.38,0.36,2026-06-03,757,N20,VIIRS,n,2,320.61,26.82,D,0
22.74385,85.39722,339.34,0.44,0.46,2026-06-03,757,N20,VIIRS,n,2,297.01,4.32,D,0
22.74621,77.87222,349.54,0.39,0.37,2026-06-03,757,N20,VIIRS,l,2,310.1,14.07,D,0
22.78419,86.20514,338.82,0.5,0.49,2026-06-03,757,N20,VIIRS,n,2,300.34,10.59,D,2
22.79821,86.2085,342.08,0.5,0.49,2026-06-03,757,N20,VIIRS,n,2,296.01,16.18,D,2
22.83923,77.30703,335.17,0.41,0.37,2026-06-03,757,N20,VIIRS,l,2,307.83,2.77,D,0
22.8665,72.14834,338.51,0.48,0.48,2026-06-03,757,N20,VIIRS,n,2,300.86,2.68,D,0
22.86655,69.24321,350.07,0.37,0.58,2026-06-03,757,N20,VIIRS,n,2,299.39,4.15,D,0
22.90233,79.62511,343.81,0.39,0.36,2026-06-03,757,N20,VIIRS,l,2,316.31,6.48,D,0
22.93911,69.87775,337.54,0.33,0.56,2026-06-03,757,N20,VIIRS,n,2,300.57,1.83,D,0
22.96147,79.56524,339.85,0.39,0.36,2026-06-03,757,N20,VIIRS,l,2,310.68,5.39,D,0
22.98228,69.64559,336.3,0.34,0.56,2026-06-03,757,N20,VIIRS,n,2,300.17,3,D,0
22.983,69.64886,337.08,0.34,0.56,2026-06-03,757,N20,VIIRS,n,2,299.62,2.55,D,0
23.04538,80.20332,345.95,0.39,0.36,2026-06-03,757,N20,VIIRS,l,2,317.3,14.68,D,0
23.05163,70.1375,334.04,0.32,0.55,2026-06-03,757,N20,VIIRS,n,2,301.2,2.59,D,0
23.05209,70.13589,341.26,0.32,0.54,2026-06-03,757,N20,VIIRS,n,2,301.6,2.19,D,0
23.06047,79.84377,342.21,0.39,0.36,2026-06-03,757,N20,VIIRS,l,2,313.88,11.08,D,0
23.06371,83.04939,332.8,0.49,0.41,2026-06-03,757,N20,VIIRS,l,2,304.73,3.25,D,0
23.06379,79.84322,355.54,0.39,0.36,2026-06-03,757,N20,VIIRS,n,2,316.21,11.08,D,0
23.08562,68.79119,337.61,0.39,0.59,2026-06-03,757,N20,VIIRS,n,2,299.02,3.56,D,0
23.08836,68.79103,353.79,0.39,0.59,2026-06-03,757,N20,VIIRS,n,2,298.77,6.93,D,0
23.09093,68.7898,334.75,0.39,0.59,2026-06-03,757,N20,VIIRS,n,2,296.8,3.56,D,0
23.24039,78.73898,344.79,0.38,0.36,2026-06-03,757,N20,VIIRS,n,2,313.43,17.12,D,0
23.32565,81.52402,336.2,0.43,0.38,2026-06-03,757,N20,VIIRS,l,2,306.57,3.26,D,0
23.38325,79.07289,340.98,0.38,0.36,2026-06-03,757,N20,VIIRS,n,2,304.09,9.31,D,0
23.40289,68.99303,337.43,0.37,0.58,2026-06-03,757,N20,VIIRS,n,2,300.34,2.15,D,0
23.46778,79.07305,335.92,0.38,0.36,2026-06-03,757,N20,VIIRS,n,2,303.88,2.83,D,0
23.48414,80.65665,341,0.4,0.37,2026-06-03,757,N20,VIIRS,l,2,313.32,5.78,D,0
23.53546,79.98314,341.81,0.39,0.36,2026-06-03,757,N20,VIIRS,l,2,311.9,11.7,D,0
23.53601,79.98695,341.3,0.39,0.36,2026-06-03,757,N20,VIIRS,n,2,309.31,5.08,D,0
23.53934,79.98638,340.48,0.39,0.36,2026-06-03,757,N20,VIIRS,n,2,309.28,5.08,D,0
23.60818,80.32073,342.38,0.4,0.37,2026-06-03,757,N20,VIIRS,l,2,314.02,8.04,D,0
23.6088,76.62212,338.67,0.42,0.38,2026-06-03,757,N20,VIIRS,l,2,309.84,5.77,D,0
23.62374,85.67465,332.14,0.47,0.48,2026-06-03,757,N20,VIIRS,n,2,298.6,2.14,D,0
23.64337,69.54134,367,0.34,0.56,2026-06-03,757,N20,VIIRS,h,2,302.11,8.35,D,0
23.64408,69.54457,338.38,0.34,0.56,2026-06-03,757,N20,VIIRS,n,2,300.77,8.35,D,0
23.64619,85.44097,333.41,0.46,0.47,2026-06-03,757,N20,VIIRS,n,2,302.95,8.76,D,2
23.66342,78.70457,350.06,0.38,0.36,2026-06-03,757,N20,VIIRS,n,2,318.24,16.01,D,0
23.67918,80.48,339.63,0.4,0.37,2026-06-03,757,N20,VIIRS,l,2,311.49,8.65,D,0
23.68245,86.39558,334.64,0.52,0.5,2026-06-03,757,N20,VIIRS,n,2,297.69,11.11,D,2
23.69681,85.28741,332.39,0.45,0.47,2026-06-03,757,N20,VIIRS,l,2,304.29,3.99,D,2
23.71127,80.80186,355.84,0.41,0.37,2026-06-03,757,N20,VIIRS,n,2,314.99,8.11,D,0
23.71142,86.44949,334.55,0.53,0.5,2026-06-03,757,N20,VIIRS,n,2,299.63,8.51,D,2
23.71184,80.80584,343.06,0.41,0.37,2026-06-03,757,N20,VIIRS,n,2,312.41,8.11,D,0
23.71467,80.80129,347.34,0.41,0.37,2026-06-03,757,N20,VIIRS,n,2,311.06,5.7,D,0
23.71523,80.80527,342.42,0.41,0.37,2026-06-03,757,N20,VIIRS,n,2,310.94,5.7,D,0
23.73804,86.43571,340.37,0.53,0.5,2026-06-03,757,N20,VIIRS,n,2,299.3,7.81,D,2
23.75545,80.61666,339.33,0.4,0.37,2026-06-03,757,N20,VIIRS,n,2,309.09,11.77,D,0
23.75765,86.40496,331.01,0.53,0.5,2026-06-03,757,N20,VIIRS,n,2,297.27,5.43,D,2
23.75776,86.40182,334.3,0.52,0.5,2026-06-03,757,N20,VIIRS,n,2,298.21,6.89,D,2
23.76226,86.40436,337.27,0.53,0.5,2026-06-03,757,N20,VIIRS,n,2,297.98,5.43,D,2
23.76291,86.40631,332.84,0.53,0.5,2026-06-03,757,N20,VIIRS,n,2,297.78,4.69,D,2
23.7794,86.21098,347.36,0.51,0.49,2026-06-03,757,N20,VIIRS,n,2,299.67,10.35,D,2
23.78223,85.57681,332.76,0.47,0.47,2026-06-03,757,N20,VIIRS,l,2,302.82,7.36,D,0
23.78586,78.92732,348.23,0.38,0.36,2026-06-03,757,N20,VIIRS,n,2,315.35,17.21,D,0
23.78833,85.55265,331.24,0.47,0.47,2026-06-03,757,N20,VIIRS,l,2,301.6,6.96,D,2
23.80136,86.33178,333.89,0.52,0.5,2026-06-03,757,N20,VIIRS,n,2,297.86,4.86,D,2
23.82989,84.57432,339.28,0.41,0.45,2026-06-03,757,N20,VIIRS,n,2,308.12,6.72,D,0
23.83388,80.50301,343.26,0.4,0.37,2026-06-03,757,N20,VIIRS,l,2,313.33,13.65,D,0
23.85468,80.23997,339.26,0.4,0.37,2026-06-03,757,N20,VIIRS,n,2,308.49,7.91,D,0
23.8954,84.50048,332.63,0.4,0.45,2026-06-03,757,N20,VIIRS,l,2,303.44,2.09,D,0
23.91507,71.37497,335.13,0.51,0.5,2026-06-03,757,N20,VIIRS,n,2,301.41,10.48,D,0
23.94847,80.7441,341.3,0.41,0.37,2026-06-03,757,N20,VIIRS,n,2,307.74,7.97,D,0
23.95438,78.58548,345.24,0.38,0.36,2026-06-03,757,N20,VIIRS,l,2,315.46,14.91,D,0
23.96331,80.67635,348.38,0.41,0.37,2026-06-03,757,N20,VIIRS,n,2,310.96,16.81,D,0
23.97762,74.53865,337.72,0.51,0.41,2026-06-03,757,N20,VIIRS,n,2,305.41,2.61,D,0
24.02128,80.10455,339.57,0.4,0.37,2026-06-03,757,N20,VIIRS,n,2,305.73,8.12,D,0
24.05304,81.5392,336.71,0.43,0.38,2026-06-03,757,N20,VIIRS,l,2,308.19,2.73,D,0
24.08934,80.70393,346.05,0.41,0.37,2026-06-03,757,N20,VIIRS,n,2,309.78,7.7,D,0
24.12248,76.29074,339.99,0.42,0.38,2026-06-03,757,N20,VIIRS,l,2,311.14,10.87,D,0
24.25189,80.99239,340.86,0.42,0.37,2026-06-03,757,N20,VIIRS,n,2,307.2,12.61,D,0
24.29438,80.74504,337.86,0.41,0.37,2026-06-03,757,N20,VIIRS,n,2,305.35,5.83,D,0
24.41861,81.93826,338.28,0.45,0.39,2026-06-03,757,N20,VIIRS,n,2,306.37,6.36,D,0
24.4204,81.94138,339.38,0.45,0.39,2026-06-03,757,N20,VIIRS,n,2,306.71,5.73,D,0
24.4206,79.44736,344.34,0.39,0.36,2026-06-03,757,N20,VIIRS,n,2,311.61,9.31,D,0
24.50375,80.51851,339.56,0.41,0.37,2026-06-03,757,N20,VIIRS,n,2,305.43,7.38,D,0
24.76499,79.94704,343.03,0.4,0.37,2026-06-03,757,N20,VIIRS,n,2,307.91,8.51,D,0
24.76609,79.62997,340.34,0.39,0.36,2026-06-03,757,N20,VIIRS,n,2,309.83,11.39,D,0
24.78173,79.96811,342.3,0.4,0.37,2026-06-03,757,N20,VIIRS,n,2,308.19,12.11,D,0
24.81059,80.01127,343.26,0.4,0.37,2026-06-03,757,N20,VIIRS,n,2,309.96,14.29,D,0
24.81394,80.0107,341.6,0.4,0.37,2026-06-03,757,N20,VIIRS,n,2,308.17,9.22,D,0
24.91205,79.74664,340.84,0.39,0.36,2026-06-03,757,N20,VIIRS,n,2,309.8,12.77,D,0
24.91261,79.7505,340.56,0.39,0.36,2026-06-03,757,N20,VIIRS,n,2,309.1,12.73,D,0
24.94216,79.86069,342.18,0.39,0.37,2026-06-03,757,N20,VIIRS,n,2,309.47,11.58,D,0
24.94654,82.16933,338.19,0.47,0.4,2026-06-03,757,N20,VIIRS,n,2,306.85,5.64,D,0
24.94723,82.06098,342.23,0.46,0.39,2026-06-03,757,N20,VIIRS,n,2,308.26,4.84,D,0
24.96932,81.85078,345.45,0.46,0.39,2026-06-03,757,N20,VIIRS,n,2,308.82,10.59,D,0
25.03841,79.75255,346.51,0.39,0.36,2026-06-03,757,N20,VIIRS,n,2,309.23,12.91,D,0
25.04447,81.97781,340.2,0.46,0.39,2026-06-03,757,N20,VIIRS,n,2,307.7,5.99,D,0
25.04712,77.12938,344.41,0.4,0.37,2026-06-03,757,N20,VIIRS,l,2,309.7,8.93,D,0
25.19201,82.48915,335.55,0.49,0.4,2026-06-03,757,N20,VIIRS,n,2,303.93,2.18,D,0
25.24977,86.31787,334.01,0.54,0.51,2026-06-03,757,N20,VIIRS,n,2,297.59,3.78,D,0
25.31104,79.82954,348.45,0.4,0.37,2026-06-03,757,N20,VIIRS,n,2,309.54,12.31,D,0
25.41288,81.19374,349.49,0.43,0.38,2026-06-03,757,N20,VIIRS,n,2,305.67,17.77,D,0
25.41694,81.19747,343.75,0.43,0.38,2026-06-03,757,N20,VIIRS,n,2,305.61,11.22,D,0
25.59913,79.71194,335.79,0.4,0.37,2026-06-03,757,N20,VIIRS,n,2,303.63,3.96,D,0
25.60822,79.8229,337.79,0.4,0.37,2026-06-03,757,N20,VIIRS,n,2,306.4,5.49,D,0
25.77577,91.1394,328.84,0.55,0.68,2026-06-03,757,N20,VIIRS,n,2,289.55,3.83,D,0
26.1035,83.65678,338.33,0.38,0.44,2026-06-03,757,N20,VIIRS,n,2,299.79,3.7,D,0
25.33066,73.1645,340.28,0.57,0.43,2026-06-03,758,N20,VIIRS,l,2,310.3,7.7,D,0
25.35329,73.09017,339.16,0.38,0.43,2026-06-03,758,N20,VIIRS,l,2,309.39,4.29,D,0
25.58422,72.6265,343.05,0.4,0.44,2026-06-03,758,N20,VIIRS,n,2,308.75,5.51,D,0
25.62858,79.61484,340.42,0.39,0.36,2026-06-03,758,N20,VIIRS,n,2,305.34,10.45,D,0
25.69654,72.19104,345.3,0.42,0.46,2026-06-03,758,N20,VIIRS,n,2,311.2,2.38,D,0
25.72379,79.42721,345.55,0.39,0.36,2026-06-03,758,N20,VIIRS,n,2,308.19,7.87,D,0
25.80909,76.31299,335.98,0.41,0.37,2026-06-03,758,N20,VIIRS,l,2,299.26,4.68,D,0
25.91152,68.66664,332.95,0.34,0.56,2026-06-03,758,N20,VIIRS,l,2,306.89,3.34,D,0
25.91428,68.6658,332.95,0.34,0.56,2026-06-03,758,N20,VIIRS,l,2,306.5,2.53,D,0
25.99003,81.66137,344.33,0.46,0.39,2026-06-03,758,N20,VIIRS,n,2,303.92,4.75,D,0
26.09773,81.16887,338.94,0.44,0.38,2026-06-03,758,N20,VIIRS,n,2,306.6,4.92,D,0
26.21774,70.45473,338.81,0.53,0.5,2026-06-03,758,N20,VIIRS,l,2,309.11,5.67,D,0
26.51836,79.55278,335.22,0.4,0.37,2026-06-03,758,N20,VIIRS,n,2,302.82,2.22,D,0
26.56678,80.3992,339.91,0.42,0.37,2026-06-03,758,N20,VIIRS,n,2,304.64,7.52,D,0
26.61849,84.44685,335.01,0.43,0.46,2026-06-03,758,N20,VIIRS,n,2,299.71,3.47,D,0
26.65358,84.41578,330.15,0.43,0.46,2026-06-03,758,N20,VIIRS,n,2,298.38,1.76,D,0
26.65379,84.41643,330.75,0.43,0.46,2026-06-03,758,N20,VIIRS,n,2,298.53,0.91,D,0
26.93453,87.46728,345.79,0.33,0.56,2026-06-03,758,N20,VIIRS,n,2,295.81,4.78,D,0
27.01038,87.53666,334.03,0.34,0.56,2026-06-03,758,N20,VIIRS,n,2,295.79,3.39,D,0
27.07695,87.62375,335.27,0.34,0.56,2026-06-03,758,N20,VIIRS,n,2,296.66,2.13,D,0
27.29471,80.76607,336.2,0.43,0.38,2026-06-03,758,N20,VIIRS,n,2,304.34,3.16,D,0
27.29568,80.76691,343.2,0.43,0.38,2026-06-03,758,N20,VIIRS,n,2,304.81,5.1,D,0
27.34332,84.13649,340.51,0.42,0.45,2026-06-03,758,N20,VIIRS,n,2,302.06,3.92,D,0
27.34702,84.13161,343.5,0.42,0.45,2026-06-03,758,N20,VIIRS,n,2,303.02,5.01,D,0
27.3475,84.13596,334.33,0.42,0.45,2026-06-03,758,N20,VIIRS,n,2,302.06,3.92,D,0
27.37392,85.90512,340.75,0.54,0.51,2026-06-03,758,N20,VIIRS,n,2,298.53,3.62,D,0
27.39518,85.92947,333.11,0.54,0.51,2026-06-03,758,N20,VIIRS,n,2,297.81,4.85,D,0
27.43775,79.8243,342.44,0.41,0.37,2026-06-03,758,N20,VIIRS,n,2,308.33,6.84,D,0
27.44129,80.33026,335.79,0.42,0.38,2026-06-03,758,N20,VIIRS,n,2,303.58,2.9,D,0
27.49839,78.84642,340.2,0.39,0.36,2026-06-03,758,N20,VIIRS,l,2,310.73,6.82,D,0
27.52172,80.00066,337.04,0.41,0.37,2026-06-03,758,N20,VIIRS,n,2,306.56,4.03,D,0
27.59634,79.75533,338.1,0.41,0.37,2026-06-03,758,N20,VIIRS,n,2,307.29,7.04,D,0
27.6584,81.66051,339.46,0.48,0.4,2026-06-03,758,N20,VIIRS,n,2,304.78,4.64,D,0
27.69493,81.59605,331.89,0.47,0.4,2026-06-03,758,N20,VIIRS,l,2,302.34,1.31,D,0
27.75266,81.52103,335.18,0.47,0.4,2026-06-03,758,N20,VIIRS,n,2,301.54,2.26,D,0
27.85153,83.5863,330.45,0.4,0.44,2026-06-03,758,N20,VIIRS,n,2,297.04,1.87,D,0
27.99914,81.35454,331.54,0.46,0.39,2026-06-03,758,N20,VIIRS,l,2,301.84,4.94,D,0
28.01489,83.24635,340.1,0.38,0.44,2026-06-03,758,N20,VIIRS,n,2,302.09,3.96,D,0
28.01527,83.24962,330.82,0.38,0.44,2026-06-03,758,N20,VIIRS,l,2,301.09,5.05,D,0
28.32806,81.30762,335.79,0.47,0.39,2026-06-03,758,N20,VIIRS,n,2,300.66,2.82,D,0
28.41832,80.17742,338.71,0.42,0.38,2026-06-03,758,N20,VIIRS,n,2,306.44,8.99,D,0
28.5801,80.26147,339.41,0.43,0.38,2026-06-03,758,N20,VIIRS,n,2,306.28,11.32,D,0
28.70432,82.03096,333.04,0.51,0.41,2026-06-03,758,N20,VIIRS,n,2,300.16,3.15,D,0
29.06644,83.01232,341.35,0.39,0.44,2026-06-03,758,N20,VIIRS,n,2,293.81,4.17,D,0
29.19432,79.43185,330.11,0.41,0.37,2026-06-03,758,N20,VIIRS,l,2,302.3,2.14,D,0
29.20564,79.43835,337.28,0.41,0.37,2026-06-03,758,N20,VIIRS,n,2,307.19,5.65,D,0
29.34702,79.96235,334.97,0.42,0.38,2026-06-03,758,N20,VIIRS,n,2,296.38,2.01,D,0
27.67707,68.58227,341.97,0.64,0.54,2026-06-03,759,N20,VIIRS,n,2,305.06,5.41,D,0
27.70387,68.56303,334.51,0.32,0.54,2026-06-03,759,N20,VIIRS,l,2,306.01,1.89,D,0
27.75506,68.11517,332.9,0.34,0.56,2026-06-03,759,N20,VIIRS,l,2,304.22,1.27,D,0
27.7585,68.11405,331.92,0.34,0.56,2026-06-03,759,N20,VIIRS,l,2,304.52,1.21,D,0
27.97238,69.52496,335.12,0.55,0.51,2026-06-03,759,N20,VIIRS,l,2,307.54,5.94,D,0
27.97378,69.52248,336.08,0.55,0.51,2026-06-03,759,N20,VIIRS,l,2,307.5,5.72,D,0
28.05084,69.36932,345.31,0.56,0.51,2026-06-03,759,N20,VIIRS,n,2,309.73,6.84,D,2
28.05281,69.36748,344.31,0.56,0.51,2026-06-03,759,N20,VIIRS,n,2,309.46,7.31,D,2
28.05777,68.96063,335.25,0.59,0.53,2026-06-03,759,N20,VIIRS,l,2,306.94,3.24,D,0
28.05809,68.96489,341.14,0.59,0.53,2026-06-03,759,N20,VIIRS,n,2,307.06,5.47,D,0
28.05905,68.9665,334.56,0.59,0.53,2026-06-03,759,N20,VIIRS,l,2,306.98,3.24,D,0
28.08185,68.3559,331.69,0.32,0.55,2026-06-03,759,N20,VIIRS,l,2,304.76,1.75,D,0
28.08257,68.35908,335.7,0.32,0.55,2026-06-03,759,N20,VIIRS,n,2,304.1,1.82,D,0
28.20676,68.14529,342.5,0.33,0.55,2026-06-03,759,N20,VIIRS,n,2,309.42,4.03,D,0
28.20749,68.1471,335.54,0.33,0.55,2026-06-03,759,N20,VIIRS,l,2,309.05,4.01,D,0
28.26478,69.3521,340.37,0.55,0.51,2026-06-03,759,N20,VIIRS,n,2,307.71,7.81,D,0
28.30716,69.0964,348.46,0.57,0.52,2026-06-03,759,N20,VIIRS,n,2,309.28,12.83,D,0
28.30759,69.09438,345.23,0.57,0.52,2026-06-03,759,N20,VIIRS,n,2,309.39,14.78,D,0
28.38056,68.12492,343.76,0.33,0.55,2026-06-03,759,N20,VIIRS,n,2,310.03,3.83,D,0
28.39754,68.13033,338.31,0.33,0.55,2026-06-03,759,N20,VIIRS,l,2,309.89,4.95,D,0
28.39828,68.13358,353.65,0.33,0.55,2026-06-03,759,N20,VIIRS,n,2,310.36,6.68,D,0
28.41476,69.26722,343.81,0.56,0.51,2026-06-03,759,N20,VIIRS,n,2,310.7,10.29,D,0
28.4183,68.8953,354.95,0.59,0.53,2026-06-03,759,N20,VIIRS,n,2,311.61,20.32,D,0
28.4248,68.20472,341.59,0.32,0.55,2026-06-03,759,N20,VIIRS,n,2,311.47,4.66,D,0
28.4328,69.21494,337.22,0.56,0.52,2026-06-03,759,N20,VIIRS,l,2,307.6,7.14,D,0
28.43434,69.21166,338.88,0.56,0.52,2026-06-03,759,N20,VIIRS,n,2,307.62,5.95,D,0
28.43989,69.38271,344.89,0.55,0.51,2026-06-03,759,N20,VIIRS,n,2,311.86,11.17,D,0
28.49799,68.31646,342.59,0.63,0.54,2026-06-03,759,N20,VIIRS,n,2,311.23,3.62,D,0
28.58329,68.34364,340.71,0.63,0.54,2026-06-03,759,N20,VIIRS,l,2,311.97,2.7,D,0
29.30611,70.35159,336.36,0.46,0.47,2026-06-03,759,N20,VIIRS,l,2,309.01,2.83,D,0
29.57337,77.95145,338.08,0.39,0.36,2026-06-03,759,N20,VIIRS,n,2,300.57,4.65,D,0
29.59646,77.94698,341.86,0.39,0.36,2026-06-03,759,N20,VIIRS,n,2,303.19,4.68,D,0
29.60449,78.32568,331.96,0.39,0.36,2026-06-03,759,N20,VIIRS,l,2,305.9,1.44,D,0
29.7525,79.91555,336.19,0.43,0.38,2026-06-03,759,N20,VIIRS,n,2,303.7,3.65,D,0
29.8822,71.39568,343.74,0.39,0.44,2026-06-03,759,N20,VIIRS,n,2,307.16,4.03,D,0
29.92409,80.1153,331.23,0.43,0.38,2026-06-03,759,N20,VIIRS,n,2,301.34,2.47,D,0
29.98012,72.36889,338.09,0.53,0.42,2026-06-03,759,N20,VIIRS,n,2,307.71,1.8,D,0
29.98016,72.37266,334.82,0.52,0.42,2026-06-03,759,N20,VIIRS,l,2,305.83,0.94,D,0
30.12018,72.63479,337.86,0.51,0.41,2026-06-03,759,N20,VIIRS,n,2,307.22,2.92,D,0
30.19514,72.9016,337.64,0.49,0.4,2026-06-03,759,N20,VIIRS,n,2,306.8,7.78,D,0
30.2768,70.62253,345.2,0.43,0.46,2026-06-03,759,N20,VIIRS,n,2,308.13,4.27,D,0
30.28848,79.08098,344.43,0.41,0.37,2026-06-03,759,N20,VIIRS,n,2,302.89,3.8,D,0
30.28911,79.08549,333.83,0.41,0.37,2026-06-03,759,N20,VIIRS,n,2,303.07,2.39,D,0
30.34738,79.33089,335.69,0.41,0.37,2026-06-03,759,N20,VIIRS,n,2,304.23,2.3,D,0
30.41399,73.60155,350.74,0.46,0.39,2026-06-03,759,N20,VIIRS,l,2,314.78,35.53,D,0
30.48856,71.25543,348.21,0.39,0.44,2026-06-03,759,N20,VIIRS,n,2,313.04,7.78,D,0
30.49251,71.25437,352.13,0.39,0.44,2026-06-03,759,N20,VIIRS,n,2,312,7.78,D,0
30.49647,71.27431,343.79,0.39,0.44,2026-06-03,759,N20,VIIRS,n,2,312.88,7.29,D,0
30.52407,71.28786,348.03,0.39,0.44,2026-06-03,759,N20,VIIRS,n,2,313.65,8.24,D,0
30.54029,77.01639,335.09,0.38,0.36,2026-06-03,759,N20,VIIRS,l,2,308.25,2.49,D,0
30.54358,77.01572,347.19,0.38,0.36,2026-06-03,759,N20,VIIRS,n,2,308.18,4.45,D,0
30.68681,70.74979,344.27,0.41,0.45,2026-06-03,759,N20,VIIRS,n,2,306.92,3.74,D,0
30.74561,73.7013,334.56,0.45,0.39,2026-06-03,759,N20,VIIRS,l,2,307.67,4.62,D,0
30.91802,76.99424,331.38,0.38,0.36,2026-06-03,759,N20,VIIRS,n,2,298.81,3.4,D,0
30.9213,76.99358,336.15,0.38,0.36,2026-06-03,759,N20,VIIRS,n,2,300.44,3.61,D,0
30.92191,76.99755,333.69,0.38,0.36,2026-06-03,759,N20,VIIRS,n,2,298.58,3.61,D,0
31.27087,77.28134,334.79,0.39,0.36,2026-06-03,759,N20,VIIRS,n,2,303.61,4.33,D,0
31.33905,72.32243,337.01,0.5,0.41,2026-06-03,759,N20,VIIRS,l,2,308.31,4.04,D,0
31.43607,76.71211,336.67,0.38,0.36,2026-06-03,759,N20,VIIRS,n,2,305.68,2.61,D,0
31.62,76.62442,336.07,0.38,0.36,2026-06-03,759,N20,VIIRS,n,2,303.93,4.07,D,0
31.808,74.10224,338.66,0.42,0.38,2026-06-03,759,N20,VIIRS,l,2,308.82,2.13,D,0
31.85711,74.2653,347.82,0.42,0.37,2026-06-03,759,N20,VIIRS,n,2,310.16,7.49,D,0
31.66284,72.51614,342.65,0.49,0.4,2026-06-03,800,N20,VIIRS,n,2,310.92,5.73,D,0
31.76499,72.55538,335.21,0.48,0.4,2026-06-03,800,N20,VIIRS,l,2,307.94,2.61,D,0
32.06824,74.63264,341.37,0.41,0.37,2026-06-03,800,N20,VIIRS,l,2,313.48,2.23,D,0
32.11708,73.4707,341.06,0.44,0.38,2026-06-03,800,N20,VIIRS,l,2,311.98,8.09,D,0
32.55809,72.12543,337.37,0.49,0.4,2026-06-03,800,N20,VIIRS,l,2,307.5,2.89,D,0
32.59866,71.38519,334.41,0.53,0.42,2026-06-03,800,N20,VIIRS,l,2,306.12,5.38,D,0
32.60135,71.37861,334.43,0.53,0.42,2026-06-03,800,N20,VIIRS,l,2,307.03,2.82,D,0
32.80554,75.06023,334.45,0.39,0.37,2026-06-03,800,N20,VIIRS,l,2,305.35,2.88,D,0
32.86063,71.45953,343.12,0.52,0.42,2026-06-03,800,N20,VIIRS,n,2,306.91,6.45,D,0
32.965,74.43406,339.54,0.4,0.37,2026-06-03,800,N20,VIIRS,n,2,311.47,25.99,D,0
32.99564,73.30013,330.68,0.44,0.38,2026-06-03,800,N20,VIIRS,l,2,304.31,1.88,D,0
33.07961,74.02759,334.31,0.41,0.37,2026-06-03,800,N20,VIIRS,l,2,309,2.67,D,0
33.1538,74.29844,332.4,0.41,0.37,2026-06-03,800,N20,VIIRS,l,2,303.59,3.02,D,0
34.52446,72.51118,340.28,0.45,0.39,2026-06-03,800,N20,VIIRS,l,2,308.86,4.76,D,0
34.55811,71.99966,337.85,0.47,0.39,2026-06-03,800,N20,VIIRS,n,2,306.22,2.15,D,0
25.19189,94.59966,295.16,0.42,0.61,2026-06-03,1843,N20,VIIRS,n,2,284.08,0.76,N,0
25.1944,94.59935,300.05,0.42,0.61,2026-06-03,1843,N20,VIIRS,n,2,284.1,0.61,N,0
36.72768,69.02113,305.15,0.55,0.68,2026-06-03,2021,N20,VIIRS,n,2,285.2,0.84,N,0
36.73085,69.02005,300.84,0.54,0.68,2026-06-03,2021,N20,VIIRS,n,2,285.09,0.69,N,0
32.33897,76.85807,296.42,0.54,0.42,2026-06-03,2022,N20,VIIRS,n,2,280.81,1.34,N,0
32.50163,76.14271,303.49,0.39,0.44,2026-06-03,2022,N20,VIIRS,n,2,287.85,0.33,N,0
32.54925,75.5548,304.61,0.42,0.45,2026-06-03,2022,N20,VIIRS,n,2,291.74,0.46,N,0
32.61915,75.96861,305.42,0.4,0.44,2026-06-03,2022,N20,VIIRS,n,2,290.2,1.07,N,0
32.61957,75.96464,305.72,0.4,0.44,2026-06-03,2022,N20,VIIRS,n,2,290.06,1.07,N,0
32.61973,75.96603,312.81,0.4,0.44,2026-06-03,2022,N20,VIIRS,n,2,290.67,1.69,N,0
32.63447,75.60075,323.58,0.42,0.45,2026-06-03,2022,N20,VIIRS,n,2,291.64,2.52,N,0
32.6569,76.04076,312.98,0.4,0.44,2026-06-03,2022,N20,VIIRS,n,2,290.15,1.63,N,0
33.03699,74.19245,321.03,0.51,0.49,2026-06-03,2022,N20,VIIRS,n,2,295.02,4.05,N,0
33.03749,74.18697,320.2,0.51,0.49,2026-06-03,2022,N20,VIIRS,n,2,294.56,4.12,N,0
33.04209,74.18697,308.03,0.51,0.49,2026-06-03,2022,N20,VIIRS,n,2,294.03,1.66,N,0
33.15746,74.29044,308.59,0.5,0.49,2026-06-03,2022,N20,VIIRS,n,2,293.74,1.95,N,0
33.18211,75.10343,301.02,0.45,0.47,2026-06-03,2022,N20,VIIRS,n,2,289.52,0.74,N,0
33.27758,72.1459,309.47,0.34,0.56,2026-06-03,2022,N20,VIIRS,n,2,293.04,1.14,N,0
33.39991,74.22308,303.66,0.51,0.5,2026-06-03,2022,N20,VIIRS,n,2,290.41,1.55,N,0
33.7247,73.5714,317.67,0.56,0.52,2026-06-03,2022,N20,VIIRS,n,2,291.06,1.85,N,0
33.79989,72.09792,306.46,0.34,0.56,2026-06-03,2022,N20,VIIRS,n,2,293.43,0.49,N,2
34.52502,72.51669,304.45,0.33,0.55,2026-06-03,2022,N20,VIIRS,n,2,290.92,0.87,N,0
27.38664,85.93082,301.07,0.56,0.43,2026-06-03,2023,N20,VIIRS,n,2,290.16,1.54,N,0
27.72574,84.81767,304.45,0.49,0.4,2026-06-03,2023,N20,VIIRS,n,2,291.56,1.15,N,0
28.09592,83.08888,305.81,0.42,0.37,2026-06-03,2023,N20,VIIRS,n,2,288.6,0.97,N,0
29.69478,78.46546,312.81,0.43,0.38,2026-06-03,2023,N20,VIIRS,n,2,293.41,1.44,N,0
29.69826,78.46609,333.98,0.43,0.38,2026-06-03,2023,N20,VIIRS,n,2,294.55,3.19,N,0
29.69886,78.46166,304.21,0.43,0.38,2026-06-03,2023,N20,VIIRS,n,2,292.68,1.38,N,0
30.57574,73.49683,310.75,0.52,0.5,2026-06-03,2023,N20,VIIRS,n,2,293.59,1.45,N,0
31.25915,76.92437,301.35,0.52,0.41,2026-06-03,2023,N20,VIIRS,n,2,290.04,1.03,N,2
31.49016,76.3785,309.05,0.56,0.43,2026-06-03,2023,N20,VIIRS,n,2,293.67,2.33,N,0
31.8894,76.33198,304.77,0.56,0.43,2026-06-03,2023,N20,VIIRS,n,2,291.55,0.89,N,0
32.29731,74.31475,307.33,0.49,0.49,2026-06-03,2023,N20,VIIRS,n,2,295.74,1.59,N,2
22.47652,91.73437,310.94,0.53,0.67,2026-06-03,2024,N20,VIIRS,n,2,290.47,2.38,N,2
23.56084,87.08324,305.12,0.51,0.5,2026-06-03,2024,N20,VIIRS,n,2,286.04,1.26,N,2
23.64684,85.44061,318.08,0.41,0.45,2026-06-03,2024,N20,VIIRS,n,2,294.07,2.92,N,2
23.64763,85.43665,319.16,0.41,0.45,2026-06-03,2024,N20,VIIRS,n,2,294.24,2.92,N,2
23.66288,85.55197,307.91,0.41,0.45,2026-06-03,2024,N20,VIIRS,n,2,292.34,3.61,N,2
23.66438,87.15811,306.25,0.52,0.5,2026-06-03,2024,N20,VIIRS,n,2,280.43,1.34,N,2
23.66541,87.15318,307.53,0.52,0.5,2026-06-03,2024,N20,VIIRS,n,2,279.67,1.34,N,2
23.6742,86.39812,309.64,0.47,0.47,2026-06-03,2024,N20,VIIRS,n,2,287.14,3.86,N,2
23.67529,86.40099,309.46,0.47,0.47,2026-06-03,2024,N20,VIIRS,n,2,286.34,2.79,N,2
23.67621,86.39651,308.35,0.46,0.47,2026-06-03,2024,N20,VIIRS,n,2,287.38,2.79,N,2
23.67713,86.39207,304.48,0.46,0.47,2026-06-03,2024,N20,VIIRS,n,2,285.48,3.39,N,2
23.6785,86.39907,318.85,0.47,0.47,2026-06-03,2024,N20,VIIRS,n,2,288.03,5.45,N,2
23.67939,86.39461,307.69,0.47,0.47,2026-06-03,2024,N20,VIIRS,n,2,286.28,2.75,N,2
23.68051,86.39745,314.26,0.46,0.47,2026-06-03,2024,N20,VIIRS,n,2,287.73,5.49,N,2
23.68142,86.39302,306.29,0.46,0.47,2026-06-03,2024,N20,VIIRS,n,2,286.84,3.56,N,2
23.68369,86.39557,321.34,0.47,0.47,2026-06-03,2024,N20,VIIRS,n,2,287.71,2.75,N,2
23.68456,86.39119,308.73,0.46,0.47,2026-06-03,2024,N20,VIIRS,n,2,285.84,2.75,N,2
23.68572,86.394,319.4,0.46,0.47,2026-06-03,2024,N20,VIIRS,n,2,288.21,3.56,N,2
23.69024,87.10194,301.98,0.51,0.5,2026-06-03,2024,N20,VIIRS,n,2,280.04,2.49,N,2
23.69059,87.12283,303.7,0.51,0.5,2026-06-03,2024,N20,VIIRS,n,2,280.41,2.03,N,2
23.69265,87.11292,300.66,0.51,0.5,2026-06-03,2024,N20,VIIRS,n,2,279.32,1.85,N,2
23.69471,85.36965,323.29,0.4,0.45,2026-06-03,2024,N20,VIIRS,n,2,294.35,2.84,N,0
23.69507,87.12389,307,0.51,0.5,2026-06-03,2024,N20,VIIRS,n,2,281.35,2.22,N,2
23.69718,85.29337,307.98,0.4,0.44,2026-06-03,2024,N20,VIIRS,n,2,294.44,1.26,N,2
23.69794,85.2895,319.19,0.4,0.44,2026-06-03,2024,N20,VIIRS,n,2,294.79,2.77,N,2
23.71075,85.28829,306.89,0.4,0.44,2026-06-03,2024,N20,VIIRS,n,2,293.38,1.62,N,0
23.71087,86.44679,310.8,0.47,0.48,2026-06-03,2024,N20,VIIRS,n,2,287.65,3.29,N,2
23.71426,86.45227,318.63,0.47,0.48,2026-06-03,2024,N20,VIIRS,n,2,287.08,4.25,N,2
23.72369,85.52384,306.33,0.41,0.45,2026-06-03,2024,N20,VIIRS,n,2,293.61,2.85,N,2
23.73598,86.43392,323.08,0.47,0.47,2026-06-03,2024,N20,VIIRS,n,2,285.89,3.25,N,2
23.73725,85.00578,307.03,0.38,0.44,2026-06-03,2024,N20,VIIRS,n,2,293.63,1.2,N,2
23.73825,85.02166,308.6,0.39,0.44,2026-06-03,2024,N20,VIIRS,n,2,294.15,1.38,N,0
23.74028,86.43491,308.83,0.47,0.47,2026-06-03,2024,N20,VIIRS,n,2,287.59,3.25,N,2
23.74045,85.01043,307.63,0.38,0.44,2026-06-03,2024,N20,VIIRS,n,2,295.16,2.14,N,2
23.74119,85.00669,311.36,0.38,0.44,2026-06-03,2024,N20,VIIRS,n,2,294.65,1.27,N,2
23.74347,85.50629,306.65,0.41,0.45,2026-06-03,2024,N20,VIIRS,n,2,292.99,1.1,N,2
23.76035,86.40215,321.7,0.46,0.47,2026-06-03,2024,N20,VIIRS,n,2,287.99,4.7,N,2
23.76463,86.40315,324.04,0.46,0.47,2026-06-03,2024,N20,VIIRS,n,2,288.53,4.7,N,2
23.76891,86.40417,310.85,0.46,0.47,2026-06-03,2024,N20,VIIRS,n,2,288.08,4.87,N,2
23.77265,86.36314,315.22,0.46,0.47,2026-06-03,2024,N20,VIIRS,n,2,289.78,3.21,N,2
23.78112,85.57338,313.57,0.41,0.45,2026-06-03,2024,N20,VIIRS,n,2,294.94,2.43,N,0
23.78519,85.57428,315.65,0.41,0.45,2026-06-03,2024,N20,VIIRS,n,2,295.29,2.43,N,0
23.78914,85.55425,313.11,0.41,0.45,2026-06-03,2024,N20,VIIRS,n,2,295.24,2.7,N,0
23.79501,86.35315,314.81,0.46,0.47,2026-06-03,2024,N20,VIIRS,n,2,285.82,4.89,N,2
23.79665,86.35487,315.96,0.46,0.47,2026-06-03,2024,N20,VIIRS,n,2,283.47,4.73,N,2
23.80383,86.33203,315.38,0.46,0.47,2026-06-03,2024,N20,VIIRS,n,2,289.56,4.66,N,2
23.80449,85.54104,306.49,0.41,0.45,2026-06-03,2024,N20,VIIRS,n,2,293.47,1.47,N,2
23.80473,86.32765,313.19,0.46,0.47,2026-06-03,2024,N20,VIIRS,n,2,291.29,3.59,N,2
23.80618,86.32932,316.69,0.46,0.47,2026-06-03,2024,N20,VIIRS,n,2,291.18,5.67,N,2
23.80877,84.84866,308.24,0.56,0.43,2026-06-03,2024,N20,VIIRS,n,2,294.41,2.52,N,2
23.82188,85.4955,309.15,0.41,0.45,2026-06-03,2024,N20,VIIRS,n,2,295.29,2.63,N,2
23.82516,85.50037,310.51,0.41,0.45,2026-06-03,2024,N20,VIIRS,n,2,295.78,2.36,N,2
23.82539,84.57429,309.59,0.54,0.42,2026-06-03,2024,N20,VIIRS,n,2,295.16,2.17,N,0
23.82924,84.57513,312.29,0.54,0.42,2026-06-03,2024,N20,VIIRS,n,2,295.21,2.17,N,0
23.92762,85.34253,304.44,0.4,0.44,2026-06-03,2024,N20,VIIRS,n,2,292.21,0.99,N,2
24.44875,83.03988,309.63,0.45,0.39,2026-06-03,2024,N20,VIIRS,n,2,295.15,3.94,N,2
24.79448,79.76079,313.28,0.38,0.36,2026-06-03,2024,N20,VIIRS,n,2,295.71,0.8,N,0
25.03102,87.37585,311.47,0.5,0.49,2026-06-03,2024,N20,VIIRS,n,2,294.42,3.2,N,2
26.64277,79.47901,306.62,0.39,0.36,2026-06-03,2024,N20,VIIRS,n,2,296.04,1.16,N,2
26.76059,83.19949,310.8,0.43,0.38,2026-06-03,2024,N20,VIIRS,n,2,295.25,2.59,N,2
27.25337,82.14849,307.17,0.4,0.37,2026-06-03,2024,N20,VIIRS,n,2,293.59,0.91,N,0
28.13248,76.89841,313.17,0.48,0.4,2026-06-03,2024,N20,VIIRS,n,2,297.41,2.33,N,0
28.18959,68.13213,308.03,0.52,0.67,2026-06-03,2024,N20,VIIRS,n,2,297.43,0.76,N,0
28.19057,68.13266,307.77,0.52,0.67,2026-06-03,2024,N20,VIIRS,n,2,297.43,0.73,N,0
28.23687,76.67271,309.03,0.49,0.41,2026-06-03,2024,N20,VIIRS,n,2,296.6,1.98,N,0
28.23835,76.67519,312.06,0.49,0.41,2026-06-03,2024,N20,VIIRS,n,2,296.68,1.47,N,0
28.27492,77.18201,307.97,0.47,0.4,2026-06-03,2024,N20,VIIRS,n,2,295.93,0.57,N,0
28.27784,77.27457,306.57,0.46,0.39,2026-06-03,2024,N20,VIIRS,n,2,296.19,0.52,N,0
28.40239,68.07727,314.16,0.53,0.67,2026-06-03,2024,N20,VIIRS,n,2,297.49,1.99,N,0
28.40371,68.08092,316.83,0.53,0.67,2026-06-03,2024,N20,VIIRS,n,2,297.72,2.38,N,0
28.42868,76.99776,325.82,0.48,0.4,2026-06-03,2024,N20,VIIRS,n,2,298.14,2.61,N,0
28.45119,68.09827,308.66,0.53,0.67,2026-06-03,2024,N20,VIIRS,n,2,296.46,1.13,N,0
28.59184,68.30972,309.32,0.52,0.66,2026-06-03,2024,N20,VIIRS,n,2,296.12,1.09,N,0
20.74373,81.91752,315.61,0.45,0.39,2026-06-03,2025,N20,VIIRS,n,2,284.57,1.21,N,0
20.74725,81.91823,306.73,0.45,0.39,2026-06-03,2025,N20,VIIRS,n,2,284.17,1.21,N,0
20.76638,81.72664,305.15,0.44,0.38,2026-06-03,2025,N20,VIIRS,n,2,285.86,0.74,N,0
20.80467,85.25639,299.3,0.45,0.47,2026-06-03,2025,N20,VIIRS,n,2,272.63,0.91,N,2
20.80888,85.25735,301.66,0.45,0.47,2026-06-03,2025,N20,VIIRS,n,2,273.58,0.91,N,2
20.92327,82.15839,306.26,0.46,0.39,2026-06-03,2025,N20,VIIRS,n,2,285.08,0.57,N,0
20.96195,85.18892,333.73,0.44,0.46,2026-06-03,2025,N20,VIIRS,n,2,288.23,3.21,N,2
20.96232,85.18808,339.77,0.44,0.46,2026-06-03,2025,N20,VIIRS,n,2,289.51,7.33,N,2
20.96275,85.18472,313.8,0.44,0.46,2026-06-03,2025,N20,VIIRS,n,2,288.13,5.75,N,2
20.96316,85.18387,315.07,0.44,0.46,2026-06-03,2025,N20,VIIRS,n,2,288.86,5.91,N,2
20.96515,85.17223,324.64,0.44,0.46,2026-06-03,2025,N20,VIIRS,n,2,287.73,4.67,N,2
20.96564,85.17145,323.44,0.44,0.46,2026-06-03,2025,N20,VIIRS,n,2,288.02,8.41,N,2
20.96594,85.1681,325.58,0.44,0.46,2026-06-03,2025,N20,VIIRS,n,2,287.08,3.23,N,2
20.96614,85.18987,309.38,0.44,0.46,2026-06-03,2025,N20,VIIRS,n,2,288.87,3.21,N,2
20.96646,85.16731,326.27,0.44,0.46,2026-06-03,2025,N20,VIIRS,n,2,287.32,8.18,N,2
20.96652,85.18896,308.97,0.44,0.46,2026-06-03,2025,N20,VIIRS,n,2,288.64,2.42,N,2
20.96854,85.17732,327.85,0.44,0.46,2026-06-03,2025,N20,VIIRS,n,2,289.13,4.67,N,2
20.969,85.17651,331.32,0.44,0.46,2026-06-03,2025,N20,VIIRS,n,2,289.65,3.96,N,2
20.96921,86.01592,308.83,0.5,0.49,2026-06-03,2025,N20,VIIRS,n,2,267.52,1.5,N,2
20.96932,85.17319,337.95,0.44,0.46,2026-06-03,2025,N20,VIIRS,n,2,289.79,4.67,N,2
20.96982,85.17239,335.2,0.44,0.46,2026-06-03,2025,N20,VIIRS,n,2,289.12,3.96,N,2
20.97012,85.16905,312.42,0.44,0.46,2026-06-03,2025,N20,VIIRS,n,2,287.85,3.23,N,2
20.97014,86.01126,301.83,0.49,0.49,2026-06-03,2025,N20,VIIRS,n,2,271.83,2.06,N,2
20.97063,85.16829,311.97,0.44,0.46,2026-06-03,2025,N20,VIIRS,n,2,287.49,5.29,N,2
20.97318,85.17747,320.28,0.44,0.46,2026-06-03,2025,N20,VIIRS,n,2,289.33,3.96,N,2
20.974,85.17334,317.79,0.44,0.46,2026-06-03,2025,N20,VIIRS,n,2,288.88,3.96,N,2
20.97804,79.64397,316.03,0.39,0.36,2026-06-03,2025,N20,VIIRS,n,2,294,5.63,N,0
20.97899,85.17018,315.39,0.44,0.46,2026-06-03,2025,N20,VIIRS,n,2,287.29,4.45,N,2
20.99754,86.01254,304.7,0.49,0.49,2026-06-03,2025,N20,VIIRS,n,2,282.15,2.39,N,2
20.99916,86.02762,306.71,0.5,0.49,2026-06-03,2025,N20,VIIRS,n,2,287.02,1.84,N,2
21.04231,81.99899,306.21,0.45,0.39,2026-06-03,2025,N20,VIIRS,n,2,290.37,0.71,N,0
21.09991,82.02368,316.89,0.45,0.39,2026-06-03,2025,N20,VIIRS,n,2,292.64,1.21,N,0
21.18145,81.38616,317.7,0.42,0.38,2026-06-03,2025,N20,VIIRS,n,2,295.4,5.87,N,3
21.18763,81.39153,319.72,0.42,0.38,2026-06-03,2025,N20,VIIRS,n,2,297.4,7.33,N,2
21.27153,79.15147,308.94,0.38,0.36,2026-06-03,2025,N20,VIIRS,n,2,294.95,2.21,N,0
21.27212,79.14781,315.09,0.38,0.36,2026-06-03,2025,N20,VIIRS,n,2,295.2,2.21,N,0
21.28199,79.14959,315.78,0.38,0.36,2026-06-03,2025,N20,VIIRS,n,2,294.9,3.97,N,2
21.33734,78.97075,316.3,0.38,0.36,2026-06-03,2025,N20,VIIRS,n,2,295.02,3.93,N,0
21.33791,78.96707,313.84,0.38,0.36,2026-06-03,2025,N20,VIIRS,n,2,294.71,3.2,N,0
21.36423,81.65446,309.84,0.43,0.38,2026-06-03,2025,N20,VIIRS,n,2,294.34,5.43,N,2
21.36564,81.64629,309.61,0.43,0.38,2026-06-03,2025,N20,VIIRS,n,2,293.98,5.97,N,2
21.36691,81.68041,313.5,0.43,0.38,2026-06-03,2025,N20,VIIRS,n,2,294.43,6,N,2
21.37312,81.6859,311.64,0.43,0.38,2026-06-03,2025,N20,VIIRS,n,2,295.12,3.82,N,2
21.37453,81.67768,309.39,0.43,0.38,2026-06-03,2025,N20,VIIRS,n,2,293.93,5.7,N,2
21.37729,81.68249,318.29,0.43,0.38,2026-06-03,2025,N20,VIIRS,n,2,295.65,3.82,N,2
21.4741,78.7495,309.61,0.38,0.36,2026-06-03,2025,N20,VIIRS,n,2,294.3,2.69,N,0
21.48559,81.77114,310.21,0.43,0.38,2026-06-03,2025,N20,VIIRS,n,2,293.55,4.77,N,2
21.48717,81.77009,314.32,0.43,0.38,2026-06-03,2025,N20,VIIRS,n,2,293.83,5.3,N,2
21.50147,81.81135,311.62,0.43,0.38,2026-06-03,2025,N20,VIIRS,n,2,292.85,5.35,N,0
21.549,78.46289,315.12,0.39,0.36,2026-06-03,2025,N20,VIIRS,n,2,294.92,0.76,N,0
21.55155,78.8195,310.21,0.38,0.36,2026-06-03,2025,N20,VIIRS,n,2,294.67,0.4,N,0
21.59578,78.86148,307.72,0.38,0.36,2026-06-03,2025,N20,VIIRS,n,2,295.23,0.3,N,0
21.63014,82.11374,309.11,0.45,0.39,2026-06-03,2025,N20,VIIRS,n,2,292.52,1.01,N,2
21.67232,82.08115,314.67,0.44,0.39,2026-06-03,2025,N20,VIIRS,n,2,292.79,6.95,N,2
21.67713,84.03743,304.11,0.55,0.43,2026-06-03,2025,N20,VIIRS,n,2,278.19,0.95,N,2
21.68002,84.04348,301.61,0.55,0.43,2026-06-03,2025,N20,VIIRS,n,2,277.96,1.29,N,2
21.681,84.03827,304.91,0.55,0.43,2026-06-03,2025,N20,VIIRS,n,2,278.4,0.95,N,2
21.7407,83.84657,310.44,0.54,0.42,2026-06-03,2025,N20,VIIRS,n,2,283.52,3.53,N,2
21.74165,83.84143,328.08,0.54,0.42,2026-06-03,2025,N20,VIIRS,n,2,286.24,3.53,N,2
21.74546,83.84229,328.27,0.54,0.42,2026-06-03,2025,N20,VIIRS,n,2,286.3,5.3,N,2
21.74653,83.97277,306,0.54,0.42,2026-06-03,2025,N20,VIIRS,n,2,283.23,1.47,N,0
21.74856,83.97678,322.09,0.55,0.42,2026-06-03,2025,N20,VIIRS,n,2,283.47,3.99,N,0
21.74928,83.84313,334.55,0.54,0.42,2026-06-03,2025,N20,VIIRS,n,2,286.2,5.3,N,2
21.75038,83.97356,317.71,0.54,0.42,2026-06-03,2025,N20,VIIRS,n,2,283.41,2.59,N,0
21.75302,84.02287,310.55,0.55,0.43,2026-06-03,2025,N20,VIIRS,n,2,283.08,1.72,N,2
21.75309,83.84399,315.19,0.54,0.42,2026-06-03,2025,N20,VIIRS,n,2,285.49,2.09,N,2
21.75688,84.02367,310.87,0.55,0.43,2026-06-03,2025,N20,VIIRS,n,2,284.43,1.81,N,2
21.7569,83.84481,310.47,0.54,0.42,2026-06-03,2025,N20,VIIRS,n,2,285.96,2.09,N,2
21.76074,84.02451,304.87,0.55,0.43,2026-06-03,2025,N20,VIIRS,n,2,283.4,1.81,N,2
21.76172,84.0193,329.04,0.55,0.43,2026-06-03,2025,N20,VIIRS,n,2,284.11,4.08,N,2
21.76558,84.02013,309.59,0.55,0.43,2026-06-03,2025,N20,VIIRS,n,2,283.98,1.66,N,2
21.76943,84.02096,305.85,0.55,0.43,2026-06-03,2025,N20,VIIRS,n,2,284.28,1.66,N,2
21.77767,83.82989,310.02,0.53,0.42,2026-06-03,2025,N20,VIIRS,n,2,286,5.05,N,2
21.78051,83.83585,308.03,0.53,0.42,2026-06-03,2025,N20,VIIRS,n,2,286.44,5.7,N,2
21.78148,83.83072,335.45,0.53,0.42,2026-06-03,2025,N20,VIIRS,n,2,287.54,5.05,N,2
21.79858,83.8875,324.81,0.54,0.42,2026-06-03,2025,N20,VIIRS,n,2,286.52,3.43,N,0
21.79954,83.88239,313.16,0.54,0.42,2026-06-03,2025,N20,VIIRS,n,2,286.53,3.43,N,0
21.80719,83.884,306.59,0.54,0.42,2026-06-03,2025,N20,VIIRS,n,2,286.76,1.97,N,0
21.8206,83.89738,308.77,0.54,0.42,2026-06-03,2025,N20,VIIRS,n,2,288.24,2.12,N,0
21.82149,83.99973,306.13,0.55,0.42,2026-06-03,2025,N20,VIIRS,n,2,288.25,2.95,N,2
21.82442,83.89825,308.27,0.54,0.42,2026-06-03,2025,N20,VIIRS,n,2,287.79,2.12,N,0
21.98355,83.23409,308.89,0.49,0.41,2026-06-03,2025,N20,VIIRS,n,2,287.7,4.66,N,2
21.98531,83.23253,310.96,0.49,0.41,2026-06-03,2025,N20,VIIRS,n,2,288,3.42,N,2
22.00379,82.67108,319.62,0.47,0.39,2026-06-03,2025,N20,VIIRS,n,2,294.44,2.81,N,2
22.03819,83.35381,308.41,0.5,0.41,2026-06-03,2025,N20,VIIRS,n,2,286.86,3.68,N,2
22.03868,83.7317,319.33,0.52,0.42,2026-06-03,2025,N20,VIIRS,n,2,288.92,2.66,N,2
22.03962,83.72672,330.35,0.52,0.42,2026-06-03,2025,N20,VIIRS,n,2,288.23,2.66,N,2
22.04152,83.73753,310.26,0.52,0.42,2026-06-03,2025,N20,VIIRS,n,2,289.6,5.3,N,2
22.04245,83.73254,308.36,0.52,0.42,2026-06-03,2025,N20,VIIRS,n,2,288.97,2.66,N,2
22.04339,83.72754,308.93,0.52,0.42,2026-06-03,2025,N20,VIIRS,n,2,287.67,2.66,N,2
22.05093,83.72918,312.22,0.52,0.42,2026-06-03,2025,N20,VIIRS,n,2,287.47,3.27,N,0
22.05186,83.72418,310.26,0.52,0.42,2026-06-03,2025,N20,VIIRS,n,2,287.47,2.79,N,0
22.0528,83.71919,324.72,0.52,0.42,2026-06-03,2025,N20,VIIRS,n,2,288.16,2.79,N,0
22.05382,88.12637,325.33,0.32,0.55,2026-06-03,2025,N20,VIIRS,n,2,292.52,2.25,N,2
22.05448,88.12333,317.19,0.32,0.55,2026-06-03,2025,N20,VIIRS,n,2,291.43,2.25,N,2
22.0669,83.70664,306.57,0.52,0.42,2026-06-03,2025,N20,VIIRS,n,2,287.96,2.45,N,2
22.09482,83.12595,307.13,0.49,0.4,2026-06-03,2025,N20,VIIRS,n,2,290.06,1.01,N,0
22.10663,83.12363,307.2,0.49,0.4,2026-06-03,2025,N20,VIIRS,n,2,290.18,2.57,N,2
22.12424,78.87455,306.94,0.39,0.36,2026-06-03,2025,N20,VIIRS,n,2,293.48,2.62,N,0
22.20732,84.55141,308.65,0.38,0.44,2026-06-03,2025,N20,VIIRS,n,2,285.05,0.92,N,2
22.2178,84.75537,304.08,0.39,0.44,2026-06-03,2025,N20,VIIRS,n,2,281.93,0.81,N,2
22.26596,75.13522,312.22,0.5,0.41,2026-06-03,2025,N20,VIIRS,n,2,297.84,1.37,N,2
22.31407,82.52986,311.61,0.45,0.39,2026-06-03,2025,N20,VIIRS,n,2,295.91,5.69,N,2
22.31638,82.51678,309.74,0.45,0.39,2026-06-03,2025,N20,VIIRS,n,2,296.21,4.48,N,2
22.31685,82.53494,317.19,0.46,0.39,2026-06-03,2025,N20,VIIRS,n,2,296.02,6.3,N,2
22.31856,82.56695,311.77,0.46,0.39,2026-06-03,2025,N20,VIIRS,n,2,295.6,5.31,N,0
22.31963,82.54003,309.21,0.46,0.39,2026-06-03,2025,N20,VIIRS,n,2,295.4,4.2,N,0
22.33118,82.57276,324.15,0.46,0.39,2026-06-03,2025,N20,VIIRS,n,2,295.31,2.35,N,2
22.33276,82.60478,313.18,0.46,0.39,2026-06-03,2025,N20,VIIRS,n,2,294.58,3.7,N,2
22.33473,82.57349,320.71,0.46,0.39,2026-06-03,2025,N20,VIIRS,n,2,294.7,2.35,N,2
22.34103,82.4979,308.52,0.45,0.39,2026-06-03,2025,N20,VIIRS,n,2,294.27,0.87,N,0
22.34146,82.4994,310.42,0.45,0.39,2026-06-03,2025,N20,VIIRS,n,2,294.33,3.38,N,0
22.35774,82.30222,335.63,0.44,0.39,2026-06-03,2025,N20,VIIRS,n,2,297.28,8.61,N,2
22.35983,87.2921,304.97,0.56,0.51,2026-06-03,2025,N20,VIIRS,n,2,284.8,1.44,N,2
22.36373,87.01855,307.81,0.54,0.51,2026-06-03,2025,N20,VIIRS,n,2,290.97,1.64,N,2
22.36801,87.29969,307.49,0.56,0.52,2026-06-03,2025,N20,VIIRS,n,2,285.13,3.46,N,2
22.3683,87.01961,305.63,0.54,0.51,2026-06-03,2025,N20,VIIRS,n,2,290.17,1.64,N,2
22.37707,87.2795,321.8,0.56,0.51,2026-06-03,2025,N20,VIIRS,n,2,286.12,4.14,N,2
22.57202,85.89877,311.24,0.45,0.47,2026-06-03,2025,N20,VIIRS,n,2,293.82,1.28,N,2
22.57376,85.89019,308.11,0.45,0.47,2026-06-03,2025,N20,VIIRS,n,2,294.22,2.67,N,2
22.57379,85.897,314.5,0.45,0.47,2026-06-03,2025,N20,VIIRS,n,2,294.51,1.93,N,2
22.57463,85.8927,310.79,0.45,0.47,2026-06-03,2025,N20,VIIRS,n,2,294.32,1.93,N,2
22.59321,85.90383,306.43,0.45,0.47,2026-06-03,2025,N20,VIIRS,n,2,293.76,1.07,N,2
22.60932,85.9121,305.75,0.45,0.47,2026-06-03,2025,N20,VIIRS,n,2,293.41,0.67,N,0
22.78742,86.20462,325.51,0.47,0.48,2026-06-03,2025,N20,VIIRS,n,2,294.33,3.33,N,2
22.78832,86.20016,317.77,0.47,0.48,2026-06-03,2025,N20,VIIRS,n,2,294.29,5.43,N,2
22.79082,86.21017,308.74,0.47,0.48,2026-06-03,2025,N20,VIIRS,n,2,292.34,3.33,N,2
22.80127,86.0913,311.53,0.46,0.47,2026-06-03,2025,N20,VIIRS,n,2,287.08,1.91,N,2
23.46096,72.02268,313.87,0.53,0.5,2026-06-03,2025,N20,VIIRS,n,2,284.6,2.58,N,0
23.64722,85.44163,309.1,0.41,0.45,2026-06-03,2025,N20,VIIRS,n,2,293.15,2.82,N,2
23.64799,85.43766,322.4,0.41,0.45,2026-06-03,2025,N20,VIIRS,n,2,294.15,2.82,N,2
23.72155,85.01055,311.79,0.39,0.44,2026-06-03,2025,N20,VIIRS,n,2,294.2,1.73,N,2
23.8245,84.57235,308.25,0.55,0.42,2026-06-03,2025,N20,VIIRS,n,2,294.91,1.95,N,0
24.76471,74.60974,314.33,0.38,0.43,2026-06-03,2025,N20,VIIRS,n,2,297.61,1.56,N,2
25.38756,68.58099,310.15,0.46,0.64,2026-06-03,2025,N20,VIIRS,n,2,294.04,1.65,N,2
17.59954,83.18272,301.32,0.57,0.43,2026-06-03,2026,N20,VIIRS,n,2,258.84,2.07,N,0
18.22665,79.93011,308.48,0.4,0.37,2026-06-03,2026,N20,VIIRS,n,2,271.96,0.96,N,0
18.27866,79.59692,311.28,0.4,0.37,2026-06-03,2026,N20,VIIRS,n,2,278.3,1.81,N,0
18.46889,79.66068,322.11,0.4,0.37,2026-06-03,2026,N20,VIIRS,n,2,274.48,1.27,N,0
18.47222,79.66129,302.99,0.4,0.37,2026-06-03,2026,N20,VIIRS,n,2,273.13,1.27,N,0
18.49979,73.34062,305.9,0.57,0.43,2026-06-03,2026,N20,VIIRS,n,2,292.28,3.87,N,0
18.4998,79.68158,313.64,0.4,0.37,2026-06-03,2026,N20,VIIRS,n,2,274.7,1.15,N,0
18.54276,74.16707,306.52,0.51,0.41,2026-06-03,2026,N20,VIIRS,n,2,291.1,0.95,N,0
18.63413,74.54634,305.82,0.49,0.4,2026-06-03,2026,N20,VIIRS,n,2,291.28,1.5,N,0
18.68445,73.04031,311.03,0.4,0.44,2026-06-03,2026,N20,VIIRS,n,2,294.94,1.75,N,2
18.6854,73.03274,313.68,0.4,0.44,2026-06-03,2026,N20,VIIRS,n,2,294.58,3.61,N,2
18.68588,73.02895,321.08,0.4,0.44,2026-06-03,2026,N20,VIIRS,n,2,294.18,2.08,N,2
18.69258,73.04149,332.2,0.4,0.44,2026-06-03,2026,N20,VIIRS,n,2,295.32,3.43,N,2
18.80411,74.26008,322.18,0.51,0.41,2026-06-03,2026,N20,VIIRS,n,2,291.05,2.72,N,2
18.96256,78.93018,313.82,0.39,0.36,2026-06-03,2026,N20,VIIRS,n,2,283.94,2.54,N,0
18.96586,78.93076,315.32,0.39,0.36,2026-06-03,2026,N20,VIIRS,n,2,286.39,2.54,N,0
19.01054,76.9735,321.4,0.4,0.37,2026-06-03,2026,N20,VIIRS,n,2,294.07,2.48,N,0
19.05439,73.09519,316.75,0.4,0.44,2026-06-03,2026,N20,VIIRS,n,2,294.94,1.32,N,0
19.05488,73.09138,308.45,0.4,0.44,2026-06-03,2026,N20,VIIRS,n,2,294.58,1.32,N,0
19.10063,73.05479,308.54,0.4,0.44,2026-06-03,2026,N20,VIIRS,n,2,294.97,2.3,N,0
19.10109,73.05118,320.14,0.4,0.44,2026-06-03,2026,N20,VIIRS,n,2,294.97,2.3,N,2
19.10148,73.05219,327.05,0.4,0.44,2026-06-03,2026,N20,VIIRS,n,2,294.95,4.26,N,2
19.17715,70.94501,325.78,0.55,0.51,2026-06-03,2026,N20,VIIRS,n,2,295.82,3.15,N,3
19.23125,73.03754,338.87,0.4,0.45,2026-06-03,2026,N20,VIIRS,n,2,295.63,5.49,N,0
19.37169,71.35675,310.9,0.52,0.5,2026-06-03,2026,N20,VIIRS,n,2,295.54,5.26,N,3
19.37228,71.35181,339.14,0.52,0.5,2026-06-03,2026,N20,VIIRS,n,2,295.64,5.26,N,3
19.60225,73.18242,313.08,0.4,0.44,2026-06-03,2026,N20,VIIRS,n,2,294.8,1.13,N,0
19.9361,73.71291,312.96,0.57,0.43,2026-06-03,2026,N20,VIIRS,n,2,292.45,1.68,N,2
20.3556,72.94979,322.84,0.42,0.45,2026-06-03,2026,N20,VIIRS,n,2,295.5,4.27,N,0
20.42188,80.34981,335.25,0.4,0.37,2026-06-03,2026,N20,VIIRS,n,2,296.69,9.16,N,0
20.69592,76.84058,315.12,0.41,0.37,2026-06-03,2026,N20,VIIRS,n,2,294.72,6.42,N,0
20.86568,79.242,311.58,0.38,0.36,2026-06-03,2026,N20,VIIRS,n,2,296.46,4.63,N,0
20.90935,71.45974,308.02,0.53,0.5,2026-06-03,2026,N20,VIIRS,n,2,295.29,3.3,N,2
20.9114,78.67403,314.01,0.38,0.36,2026-06-03,2026,N20,VIIRS,n,2,296.76,1.05,N,0
21.09997,72.65287,324.79,0.45,0.47,2026-06-03,2026,N20,VIIRS,n,2,294.78,2.54,N,2
21.10201,72.63548,340.98,0.45,0.47,2026-06-03,2026,N20,VIIRS,n,2,295.34,6.89,N,2
21.10529,72.64479,340.07,0.45,0.47,2026-06-03,2026,N20,VIIRS,n,2,296.17,10.02,N,2
21.1096,72.64539,309.12,0.45,0.47,2026-06-03,2026,N20,VIIRS,n,2,294.64,1.34,N,2
21.92437,72.04076,311.22,0.51,0.49,2026-06-03,2026,N20,VIIRS,n,2,296.36,1.18,N,0
14.94741,77.48996,305.25,0.38,0.36,2026-06-03,2027,N20,VIIRS,n,2,290.24,0.66,N,0
15.0234,78.01543,313.43,0.39,0.36,2026-06-03,2027,N20,VIIRS,n,2,291.01,2.29,N,2
15.07233,76.86526,305.22,0.39,0.36,2026-06-03,2027,N20,VIIRS,n,2,290.09,0.66,N,2
15.11986,78.07217,316.12,0.39,0.36,2026-06-03,2027,N20,VIIRS,n,2,291.21,2.64,N,0
15.13705,76.70942,299.72,0.39,0.36,2026-06-03,2027,N20,VIIRS,n,2,285.29,0.64,N,2
15.1708,76.71124,303.21,0.39,0.36,2026-06-03,2027,N20,VIIRS,n,2,289.92,1.6,N,0
15.17515,77.1011,307.7,0.39,0.36,2026-06-03,2027,N20,VIIRS,n,2,290.63,0.66,N,2
15.1779,77.10519,306.41,0.39,0.36,2026-06-03,2027,N20,VIIRS,n,2,290.84,0.8,N,2
17.71375,73.48286,298.49,0.55,0.43,2026-06-03,2027,N20,VIIRS,n,2,287.15,0.99,N,0
10.93113,77.06584,315.71,0.39,0.36,2026-06-03,2028,N20,VIIRS,n,2,289.65,1.48,N,2
10.97567,78.05911,305.75,0.4,0.37,2026-06-03,2028,N20,VIIRS,n,2,291.55,1.8,N,0
11.26794,80.00378,318.67,0.47,0.4,2026-06-03,2028,N20,VIIRS,n,2,294.3,1.52,N,3
11.81034,77.92199,306.07,0.39,0.36,2026-06-03,2028,N20,VIIRS,n,2,292.38,1.45,N,2
12.74687,77.62089,300.82,0.39,0.36,2026-06-03,2028,N20,VIIRS,n,2,289.08,0.46,N,0
12.80812,75.29159,309,0.41,0.37,2026-06-03,2028,N20,VIIRS,n,2,289.13,0.96,N,0
12.8742,79.887,326.59,0.45,0.39,2026-06-03,2028,N20,VIIRS,n,2,293.97,2.5,N,0
12.8749,79.88293,308.2,0.45,0.39,2026-06-03,2028,N20,VIIRS,n,2,293.5,1.83,N,0
12.96805,79.9119,307.29,0.45,0.39,2026-06-03,2028,N20,VIIRS,n,2,292.99,0.72,N,0
12.97007,77.33215,312.47,0.38,0.36,2026-06-03,2028,N20,VIIRS,n,2,290.83,1.72,N,3
13.14157,78.02157,302.44,0.39,0.36,2026-06-03,2028,N20,VIIRS,n,2,287.4,0.7,N,0
13.17853,77.93999,308.68,0.39,0.36,2026-06-03,2028,N20,VIIRS,n,2,288.63,0.56,N,0
13.39315,80.10324,317.21,0.45,0.39,2026-06-03,2028,N20,VIIRS,n,2,293.59,1.93,N,2
9.51467,78.61855,310.34,0.43,0.38,2026-06-03,2029,N20,VIIRS,n,2,286.5,1,N,0
9.62444,80.29366,309.88,0.51,0.41,2026-06-03,2029,N20,VIIRS,n,2,292.83,2.38,N,0
28.36979,68.16537,306.91,0.5,0.66,2026-06-03,2204,N20,VIIRS,n,2,296.35,2.37,N,0
28.40227,68.11227,314.74,0.5,0.66,2026-06-03,2204,N20,VIIRS,n,2,296.41,1.44,N,0
28.40351,68.10739,308.85,0.5,0.65,2026-06-03,2204,N20,VIIRS,n,2,296.14,1.44,N,0
28.40591,68.11153,321.3,0.5,0.65,2026-06-03,2204,N20,VIIRS,n,2,296.87,2.42,N,0
28.45349,68.19627,307,0.5,0.66,2026-06-03,2204,N20,VIIRS,n,2,296.21,0.8,N,0
28.47177,68.22375,308.91,0.5,0.66,2026-06-03,2204,N20,VIIRS,n,2,296.76,1,N,0
28.47508,68.23559,323.98,0.5,0.66,2026-06-03,2204,N20,VIIRS,n,2,296.69,3.92,N,0
28.47635,68.23064,306.9,0.5,0.66,2026-06-03,2204,N20,VIIRS,n,2,296.02,2.86,N,0
28.47819,68.23344,327.2,0.5,0.66,2026-06-03,2204,N20,VIIRS,n,2,296.78,4.23,N,0
28.47854,68.17255,307.39,0.5,0.66,2026-06-03,2204,N20,VIIRS,n,2,296.35,1.18,N,0
28.48336,68.21371,311.63,0.5,0.66,2026-06-03,2204,N20,VIIRS,n,2,296.65,1.22,N,0
28.48812,68.15977,306.94,0.5,0.66,2026-06-03,2204,N20,VIIRS,n,2,296.55,0.49,N,0
28.491,68.19802,308.58,0.5,0.66,2026-06-03,2204,N20,VIIRS,n,2,296.43,1.25,N,0
28.49433,68.19598,311.4,0.5,0.66,2026-06-03,2204,N20,VIIRS,n,2,296.04,1.36,N,0
28.54425,68.4457,306.71,0.52,0.66,2026-06-03,2204,N20,VIIRS,n,2,295.29,0.92,N,0
25.38607,68.58243,308.42,0.62,0.72,2026-06-03,2205,N20,VIIRS,n,2,291.31,1.27,N,2
20.9332,95.91523,332.88,0.67,0.73,2026-06-04,556,N20,VIIRS,n,2,286.77,3.74,D,0
8.86071,80.97926,342.79,0.47,0.47,2026-06-04,734,N20,VIIRS,n,2,292.15,11.94,D,0
8.96753,77.97769,330.6,0.37,0.58,2026-06-04,734,N20,VIIRS,n,2,281.8,3.22,D,0
9.05011,77.9581,333.78,0.37,0.58,2026-06-04,734,N20,VIIRS,n,2,282.64,1.01,D,0
9.22536,78.05785,334.9,0.36,0.58,2026-06-04,734,N20,VIIRS,n,2,284.83,2.42,D,0
9.27721,78.60867,331.17,0.33,0.55,2026-06-04,734,N20,VIIRS,n,2,283.08,1.06,D,0
9.56384,80.43888,341.92,0.49,0.49,2026-06-04,734,N20,VIIRS,n,2,293.21,15.09,D,0
9.56695,80.43564,345.85,0.49,0.49,2026-06-04,734,N20,VIIRS,n,2,293.82,16.82,D,0
10.79478,79.17747,331.02,0.57,0.52,2026-06-04,735,N20,VIIRS,n,2,291.31,2.42,D,0
11.08409,78.70354,335.31,0.61,0.53,2026-06-04,735,N20,VIIRS,n,2,294.57,5.27,D,0
11.09073,76.87817,347.38,0.4,0.6,2026-06-04,735,N20,VIIRS,n,2,288.14,5.57,D,0
11.09159,76.8786,339.51,0.4,0.6,2026-06-04,735,N20,VIIRS,n,2,287.89,6.48,D,0
11.1026,78.77879,344.56,0.6,0.53,2026-06-04,735,N20,VIIRS,n,2,294.72,5.31,D,0
11.10742,78.77792,335.82,0.6,0.53,2026-06-04,735,N20,VIIRS,n,2,294.1,5.31,D,0
11.27351,79.47526,336.63,0.53,0.5,2026-06-04,735,N20,VIIRS,n,2,288.98,8.9,D,0
11.28302,77.4204,334.35,0.37,0.58,2026-06-04,735,N20,VIIRS,n,2,288.88,2.63,D,0
11.34889,78.42654,330.62,0.63,0.54,2026-06-04,735,N20,VIIRS,n,2,291.72,6.12,D,0
11.59257,78.71028,334.03,0.59,0.53,2026-06-04,735,N20,VIIRS,n,2,293.87,3.71,D,0
11.7967,79.36442,337.09,0.53,0.5,2026-06-04,735,N20,VIIRS,n,2,295.24,2.85,D,0
11.83591,79.37215,331.22,0.53,0.5,2026-06-04,735,N20,VIIRS,n,2,295.11,6,D,0
11.91001,79.56948,336.28,0.51,0.5,2026-06-04,735,N20,VIIRS,n,2,295.58,8.46,D,0
11.9136,79.57182,341.05,0.51,0.5,2026-06-04,735,N20,VIIRS,n,2,295.05,6.84,D,0
12.10423,77.92957,334.4,0.33,0.55,2026-06-04,735,N20,VIIRS,n,2,285.46,1.77,D,0
12.1069,79.82521,342.32,0.49,0.49,2026-06-04,735,N20,VIIRS,n,2,295.72,5.79,D,0
12.1077,79.82964,335.1,0.49,0.48,2026-06-04,735,N20,VIIRS,n,2,294.85,5.79,D,0
12.22879,79.77231,332.83,0.49,0.49,2026-06-04,735,N20,VIIRS,n,2,295.27,3.46,D,0
12.27506,79.60341,333.64,0.5,0.49,2026-06-04,735,N20,VIIRS,n,2,295.87,3.5,D,0
12.39016,79.51192,333.81,0.51,0.49,2026-06-04,735,N20,VIIRS,n,2,294.52,1.51,D,0
12.41431,79.62025,331.87,0.5,0.49,2026-06-04,735,N20,VIIRS,n,2,294.99,2.68,D,0
12.46865,79.29282,335.6,0.52,0.5,2026-06-04,735,N20,VIIRS,n,2,295.71,4.36,D,0
12.54262,80.01224,332.01,0.47,0.48,2026-06-04,735,N20,VIIRS,n,2,296.11,4.8,D,0
12.54448,80.01342,336.7,0.47,0.48,2026-06-04,735,N20,VIIRS,n,2,295.87,4.44,D,0
12.63185,80.17868,344.42,0.45,0.47,2026-06-04,735,N20,VIIRS,n,2,294.7,5.4,D,0
12.63685,80.18203,335.66,0.45,0.47,2026-06-04,735,N20,VIIRS,n,2,294.72,3.99,D,0
12.67316,80.18811,333.28,0.45,0.47,2026-06-04,735,N20,VIIRS,n,2,294.2,2.51,D,0
12.69024,80.21043,331.15,0.45,0.47,2026-06-04,735,N20,VIIRS,n,2,293.58,3.75,D,0
12.77462,80.08201,337.02,0.46,0.47,2026-06-04,735,N20,VIIRS,n,2,296.6,2.64,D,0
12.77617,80.08031,337.02,0.46,0.47,2026-06-04,735,N20,VIIRS,n,2,296.82,4.13,D,0
12.85588,80.21561,344.23,0.45,0.47,2026-06-04,735,N20,VIIRS,n,2,295.53,5,D,0
12.89788,79.68925,331.13,0.48,0.48,2026-06-04,735,N20,VIIRS,n,2,296.28,6.88,D,0
12.89866,79.69364,343.21,0.48,0.48,2026-06-04,735,N20,VIIRS,n,2,296.82,6.88,D,0
12.9263,80.05026,330.14,0.46,0.47,2026-06-04,735,N20,VIIRS,n,2,295.02,1.85,D,0
12.93058,80.04947,351.46,0.46,0.47,2026-06-04,735,N20,VIIRS,n,2,295.91,10.07,D,0
12.95788,80.07878,345.7,0.46,0.47,2026-06-04,735,N20,VIIRS,n,2,296.51,5.06,D,0
13.0543,80.10805,333.11,0.45,0.47,2026-06-04,735,N20,VIIRS,n,2,296.09,2.06,D,0
13.09508,79.75323,331.74,0.48,0.48,2026-06-04,735,N20,VIIRS,n,2,294.8,2.39,D,0
13.29824,80.25681,342.98,0.44,0.46,2026-06-04,735,N20,VIIRS,n,2,295.61,3.78,D,0
13.30174,80.25206,341.97,0.44,0.46,2026-06-04,735,N20,VIIRS,n,2,295.8,10.28,D,0
13.3215,80.04836,341.73,0.45,0.47,2026-06-04,735,N20,VIIRS,n,2,294.82,12.06,D,0
13.33187,80.10552,354.82,0.45,0.47,2026-06-04,735,N20,VIIRS,n,2,296.91,14.53,D,0
13.3548,80.15982,331.22,0.44,0.46,2026-06-04,735,N20,VIIRS,n,2,295.72,2.41,D,0
13.45386,80.25303,340.99,0.44,0.46,2026-06-04,735,N20,VIIRS,n,2,295.36,3.93,D,0
13.454,80.24981,331.99,0.44,0.46,2026-06-04,735,N20,VIIRS,n,2,295.52,3.09,D,0
13.68634,80.04122,336.84,0.45,0.47,2026-06-04,735,N20,VIIRS,n,2,297.04,2.79,D,0
13.38231,77.98724,337.2,0.62,0.54,2026-06-04,736,N20,VIIRS,n,2,293.1,4.07,D,0
13.73182,79.6898,342.28,0.47,0.48,2026-06-04,736,N20,VIIRS,n,2,296.02,4.13,D,0
13.76143,80.14417,336.13,0.44,0.46,2026-06-04,736,N20,VIIRS,n,2,298.74,3.34,D,0
13.85881,78.70454,330.01,0.54,0.51,2026-06-04,736,N20,VIIRS,n,2,292.41,3.32,D,0
13.88525,76.9958,352.99,0.35,0.57,2026-06-04,736,N20,VIIRS,n,2,289.88,5.36,D,0
14.14108,76.82903,337.5,0.36,0.57,2026-06-04,736,N20,VIIRS,n,2,290.93,2.44,D,0
14.24928,80.02573,336.84,0.44,0.46,2026-06-04,736,N20,VIIRS,n,2,298.81,10.35,D,0
14.42168,79.99055,334.6,0.44,0.46,2026-06-04,736,N20,VIIRS,n,2,297.99,1.22,D,0
14.47197,79.98108,341.21,0.44,0.46,2026-06-04,736,N20,VIIRS,n,2,294.4,2.83,D,0
14.54874,76.80943,332.33,0.35,0.57,2026-06-04,736,N20,VIIRS,n,2,293.2,2.43,D,0
14.6284,80.11862,339.05,0.42,0.46,2026-06-04,736,N20,VIIRS,n,2,296.88,2.87,D,0
14.63098,80.11888,341.21,0.43,0.46,2026-06-04,736,N20,VIIRS,n,2,297.23,4.09,D,0
14.73269,79.1855,341.08,0.49,0.48,2026-06-04,736,N20,VIIRS,n,2,295.26,6.62,D,0
14.80777,78.95125,330.15,0.5,0.49,2026-06-04,736,N20,VIIRS,n,2,295.05,2.61,D,0
14.89388,78.97836,334.31,0.5,0.49,2026-06-04,736,N20,VIIRS,n,2,295.22,5.1,D,0
15.00128,78.84538,354.13,0.51,0.49,2026-06-04,736,N20,VIIRS,n,2,297.74,39.97,D,0
15.00887,79.98805,337.86,0.43,0.46,2026-06-04,736,N20,VIIRS,n,2,298.75,5.11,D,0
15.00957,79.99196,341.11,0.43,0.46,2026-06-04,736,N20,VIIRS,n,2,299.19,5.3,D,0
15.09099,79.88722,342.56,0.43,0.46,2026-06-04,736,N20,VIIRS,n,2,296.86,4.1,D,0
15.25045,80.05028,346.14,0.42,0.45,2026-06-04,736,N20,VIIRS,n,2,297.93,8.8,D,0
15.56618,79.74156,344.78,0.43,0.46,2026-06-04,736,N20,VIIRS,n,2,301.67,17.06,D,0
15.57036,79.74077,343.68,0.43,0.46,2026-06-04,736,N20,VIIRS,n,2,300.44,10.5,D,0
15.64998,79.94386,339.03,0.42,0.45,2026-06-04,736,N20,VIIRS,n,2,297.63,10.32,D,0
15.72871,78.97724,331.22,0.48,0.48,2026-06-04,736,N20,VIIRS,n,2,295.2,3.34,D,0
15.80069,79.2653,333.17,0.46,0.47,2026-06-04,736,N20,VIIRS,n,2,297.33,3.27,D,0
15.86195,79.68961,332.76,0.43,0.46,2026-06-04,736,N20,VIIRS,n,2,298.39,1.24,D,0
15.88723,79.9101,330.99,0.42,0.45,2026-06-04,736,N20,VIIRS,n,2,297.23,1.17,D,0
15.93196,80.02402,344.63,0.41,0.45,2026-06-04,736,N20,VIIRS,n,2,299.28,7.09,D,0
15.93382,78.59219,331.03,0.51,0.49,2026-06-04,736,N20,VIIRS,n,2,294.68,3.47,D,0
15.95743,79.83701,334.95,0.42,0.45,2026-06-04,736,N20,VIIRS,n,2,297.65,3.09,D,0
15.96361,73.53819,331.17,0.55,0.68,2026-06-04,736,N20,VIIRS,n,2,273.11,2.38,D,0
15.99105,78.68391,333.59,0.5,0.49,2026-06-04,736,N20,VIIRS,n,2,295.45,5.21,D,0
15.99161,80.05138,341.92,0.41,0.45,2026-06-04,736,N20,VIIRS,n,2,299.58,3.84,D,0
16.00664,76.70344,330.09,0.34,0.56,2026-06-04,736,N20,VIIRS,n,2,292.18,3.12,D,0
16.0097,80.10576,347.07,0.4,0.45,2026-06-04,736,N20,VIIRS,n,2,302.35,9.73,D,0
16.03203,80.43989,335.45,0.39,0.44,2026-06-04,736,N20,VIIRS,n,2,295.61,3.56,D,0
16.05591,80.12809,342.91,0.4,0.44,2026-06-04,736,N20,VIIRS,n,2,300.7,10.87,D,0
16.05995,80.12734,339.88,0.4,0.44,2026-06-04,736,N20,VIIRS,n,2,299.46,7.47,D,0
16.11899,79.71462,341.94,0.43,0.46,2026-06-04,736,N20,VIIRS,n,2,297.81,6.86,D,0
16.28599,77.92101,336.17,0.55,0.51,2026-06-04,736,N20,VIIRS,n,2,295.13,2.61,D,0
16.29983,80.24706,341.22,0.39,0.44,2026-06-04,736,N20,VIIRS,n,2,300.15,5.36,D,0
16.33035,77.9101,342.29,0.55,0.51,2026-06-04,736,N20,VIIRS,n,2,295.16,6.04,D,0
16.34245,80.91602,335.81,0.54,0.42,2026-06-04,736,N20,VIIRS,n,2,299.92,2.73,D,0
16.34517,80.08356,331.98,0.4,0.44,2026-06-04,736,N20,VIIRS,n,2,298.11,1.84,D,0
16.35652,78.42414,333.05,0.51,0.49,2026-06-04,736,N20,VIIRS,n,2,295.73,4.36,D,0
16.361,78.42325,334.84,0.51,0.49,2026-06-04,736,N20,VIIRS,n,2,296.09,2.08,D,0
16.36649,78.40276,330.06,0.51,0.49,2026-06-04,736,N20,VIIRS,n,2,295.96,2.63,D,0
16.40302,79.61993,350.24,0.43,0.46,2026-06-04,736,N20,VIIRS,n,2,299.05,14.57,D,0
16.40375,79.62384,340.87,0.43,0.46,2026-06-04,736,N20,VIIRS,n,2,298.08,8,D,0
16.44956,80.33656,336.82,0.39,0.44,2026-06-04,736,N20,VIIRS,n,2,300.7,7.67,D,0
16.48068,79.7174,337.1,0.42,0.45,2026-06-04,736,N20,VIIRS,n,2,298.61,2.4,D,0
16.50696,78.45951,330.98,0.5,0.49,2026-06-04,736,N20,VIIRS,n,2,297.16,3.07,D,0
16.54802,80.59482,336.04,0.56,0.43,2026-06-04,736,N20,VIIRS,n,2,298.28,2.45,D,0
16.56281,78.8754,344.38,0.47,0.48,2026-06-04,736,N20,VIIRS,n,2,297.78,5.4,D,0
16.5715,81.80303,331.27,0.48,0.4,2026-06-04,736,N20,VIIRS,n,2,299.8,2.21,D,0
16.57538,81.2933,332.85,0.51,0.41,2026-06-04,736,N20,VIIRS,n,2,296.72,3.91,D,0
16.57646,81.29498,334.84,0.51,0.41,2026-06-04,736,N20,VIIRS,n,2,298.05,2.91,D,0
16.58413,81.56891,330.05,0.49,0.4,2026-06-04,736,N20,VIIRS,n,2,299.31,2.8,D,0
16.58526,81.30602,332.5,0.51,0.41,2026-06-04,736,N20,VIIRS,n,2,296.2,1.85,D,0
16.58642,81.30768,332.53,0.51,0.41,2026-06-04,736,N20,VIIRS,n,2,295.5,3.44,D,0
16.6265,81.61729,343.4,0.49,0.4,2026-06-04,736,N20,VIIRS,n,2,301.21,7.3,D,0
16.63018,81.55724,332.18,0.49,0.4,2026-06-04,736,N20,VIIRS,n,2,299.97,4.07,D,0
16.63172,81.12279,330.65,0.52,0.41,2026-06-04,736,N20,VIIRS,l,2,302.7,10.24,D,0
16.64578,78.6142,332.92,0.49,0.49,2026-06-04,736,N20,VIIRS,n,2,296.79,1.68,D,0
16.64586,78.61203,333.22,0.49,0.49,2026-06-04,736,N20,VIIRS,n,2,297.28,2.88,D,0
16.66836,81.33593,334.43,0.5,0.41,2026-06-04,736,N20,VIIRS,n,2,298.25,3.65,D,0
16.67208,81.33523,330.24,0.5,0.41,2026-06-04,736,N20,VIIRS,l,2,300.37,7.22,D,0
16.67253,80.82034,332.19,0.54,0.42,2026-06-04,736,N20,VIIRS,n,2,298.67,4.42,D,0
16.69995,81.52079,330.24,0.49,0.41,2026-06-04,736,N20,VIIRS,n,2,299.84,3.61,D,0
16.70307,81.62798,330.72,0.49,0.4,2026-06-04,736,N20,VIIRS,n,2,300.54,2.18,D,0
16.70791,79.14621,334.64,0.45,0.47,2026-06-04,736,N20,VIIRS,n,2,299.07,5.03,D,0
16.71274,79.84264,346.2,0.41,0.45,2026-06-04,736,N20,VIIRS,n,2,298.15,4.37,D,0
16.71412,81.537,332.73,0.49,0.4,2026-06-04,736,N20,VIIRS,n,2,300.59,4.59,D,0
16.72266,81.46192,335.55,0.5,0.41,2026-06-04,736,N20,VIIRS,n,2,299.94,5.08,D,0
16.74491,81.52393,335.37,0.49,0.4,2026-06-04,736,N20,VIIRS,n,2,300.24,2.72,D,0
16.74496,81.58953,338.26,0.49,0.4,2026-06-04,736,N20,VIIRS,n,2,300.66,2.8,D,0
16.7457,81.52848,332.68,0.49,0.4,2026-06-04,736,N20,VIIRS,n,2,299.07,2.72,D,0
16.74758,81.6263,330.82,0.49,0.4,2026-06-04,736,N20,VIIRS,n,2,299.85,3.03,D,0
16.74837,81.6308,338.28,0.49,0.4,2026-06-04,736,N20,VIIRS,n,2,299.95,3.03,D,0
16.74858,81.62885,334.37,0.49,0.4,2026-06-04,736,N20,VIIRS,n,2,300.31,4.23,D,0
16.74915,81.57006,330.4,0.49,0.4,2026-06-04,736,N20,VIIRS,n,2,299.44,3.02,D,0
16.75563,79.33611,332.52,0.44,0.46,2026-06-04,736,N20,VIIRS,n,2,297.9,3.09,D,0
16.76399,81.14503,330.43,0.52,0.41,2026-06-04,736,N20,VIIRS,l,2,301.31,2.97,D,0
16.76421,82.14086,330.97,0.46,0.39,2026-06-04,736,N20,VIIRS,l,2,300.5,2.36,D,0
16.76438,81.54851,347.75,0.49,0.4,2026-06-04,736,N20,VIIRS,n,2,300.73,7.6,D,0
16.76727,81.54328,349.05,0.49,0.4,2026-06-04,736,N20,VIIRS,n,2,302.68,32.96,D,0
16.76806,81.54783,337.97,0.49,0.4,2026-06-04,736,N20,VIIRS,n,2,301.11,7.6,D,0
16.78979,81.58591,333.37,0.49,0.4,2026-06-04,736,N20,VIIRS,n,2,300.85,4.24,D,0
16.79091,81.5483,367,0.49,0.4,2026-06-04,736,N20,VIIRS,h,2,301.56,15.44,D,0
16.80704,82.17687,332.48,0.46,0.39,2026-06-04,736,N20,VIIRS,l,2,300.64,3.14,D,0
16.81711,79.81773,342.49,0.41,0.45,2026-06-04,736,N20,VIIRS,n,2,300.11,2.96,D,0
16.81743,80.72109,336.76,0.54,0.42,2026-06-04,736,N20,VIIRS,n,2,298.67,3.95,D,0
16.83414,79.66087,339.3,0.42,0.45,2026-06-04,736,N20,VIIRS,n,2,299.01,3.9,D,0
16.8353,79.65995,347.26,0.42,0.45,2026-06-04,736,N20,VIIRS,n,2,299.25,6.06,D,0
16.84226,80.65913,344.14,0.55,0.42,2026-06-04,736,N20,VIIRS,n,2,298.87,17.66,D,0
16.84523,80.65334,337.43,0.55,0.42,2026-06-04,736,N20,VIIRS,n,2,301.01,13.78,D,0
16.84612,80.65841,343.13,0.55,0.42,2026-06-04,736,N20,VIIRS,n,2,302.11,17.66,D,0
16.86136,82.00526,336.97,0.46,0.39,2026-06-04,736,N20,VIIRS,l,2,300.96,1.91,D,0
16.86333,80.00528,342.29,0.4,0.44,2026-06-04,736,N20,VIIRS,n,2,300.56,5.74,D,0
16.86398,80.00893,354.74,0.4,0.44,2026-06-04,736,N20,VIIRS,n,2,299.92,5.74,D,0
16.86527,79.59884,355.56,0.42,0.45,2026-06-04,736,N20,VIIRS,n,2,301.8,11.77,D,0
16.86738,82.12782,330.37,0.46,0.39,2026-06-04,736,N20,VIIRS,l,2,300.41,2.47,D,0
16.8745,80.04465,352.32,0.39,0.44,2026-06-04,736,N20,VIIRS,n,2,300.53,5.65,D,0
16.87808,79.99486,343.24,0.4,0.44,2026-06-04,736,N20,VIIRS,n,2,300.85,3.92,D,0
16.8966,79.53629,336.59,0.42,0.45,2026-06-04,736,N20,VIIRS,n,2,301.26,5.55,D,0
16.899,79.62035,348.92,0.42,0.45,2026-06-04,736,N20,VIIRS,n,2,301.31,10.27,D,0
16.90185,79.8912,336.49,0.4,0.44,2026-06-04,736,N20,VIIRS,n,2,299.72,4.28,D,0
16.90241,79.61568,343.62,0.42,0.45,2026-06-04,736,N20,VIIRS,n,2,301.84,10.27,D,0
16.90311,79.61954,354.99,0.42,0.45,2026-06-04,736,N20,VIIRS,n,2,299.27,10.27,D,0
16.92345,81.88326,333.39,0.47,0.4,2026-06-04,736,N20,VIIRS,l,2,300.66,4.19,D,0
16.94089,79.87586,338.79,0.4,0.44,2026-06-04,736,N20,VIIRS,n,2,300.41,6.01,D,0
16.94296,80.72493,335.91,0.54,0.42,2026-06-04,736,N20,VIIRS,n,2,299.62,3.04,D,0
16.9468,80.72419,338.73,0.54,0.42,2026-06-04,736,N20,VIIRS,n,2,300.81,2.98,D,0
16.94756,80.92771,330.38,0.53,0.42,2026-06-04,736,N20,VIIRS,n,2,299.74,2.56,D,0
16.95018,79.95071,338.37,0.4,0.44,2026-06-04,736,N20,VIIRS,n,2,301.23,3.2,D,0
16.95071,79.424,342.19,0.43,0.46,2026-06-04,736,N20,VIIRS,n,2,298.47,2.82,D,0
16.95082,79.28286,337.04,0.44,0.46,2026-06-04,736,N20,VIIRS,n,2,299.62,2.99,D,0
16.9542,79.94994,333.43,0.4,0.44,2026-06-04,736,N20,VIIRS,n,2,299.29,3.2,D,0
16.95613,79.98382,335.02,0.4,0.44,2026-06-04,736,N20,VIIRS,n,2,299.67,4.18,D,0
16.95651,79.21844,332.75,0.44,0.46,2026-06-04,736,N20,VIIRS,n,2,297.7,3.73,D,0
16.95679,79.98748,343.45,0.4,0.44,2026-06-04,736,N20,VIIRS,n,2,299.85,4.05,D,0
16.96015,79.98306,341.3,0.4,0.44,2026-06-04,736,N20,VIIRS,n,2,300.29,4.18,D,0
16.9608,79.98672,337.66,0.4,0.44,2026-06-04,736,N20,VIIRS,n,2,298.93,4.05,D,0
16.97094,79.65054,336.36,0.42,0.45,2026-06-04,736,N20,VIIRS,n,2,297.92,2.19,D,0
16.99187,80.93449,338.5,0.52,0.42,2026-06-04,736,N20,VIIRS,n,2,299.4,4.91,D,0
17.016,81.0497,335.38,0.52,0.41,2026-06-04,736,N20,VIIRS,n,2,300.41,3.46,D,0
17.01612,80.64342,331.48,0.54,0.42,2026-06-04,736,N20,VIIRS,n,2,297.7,2.71,D,0
17.05009,79.57976,344.22,0.42,0.45,2026-06-04,736,N20,VIIRS,n,2,300.93,6.81,D,0
17.07247,79.35168,345.65,0.43,0.46,2026-06-04,736,N20,VIIRS,n,2,297.69,8.44,D,0
17.07292,80.77522,334.94,0.53,0.42,2026-06-04,736,N20,VIIRS,n,2,298.57,7.94,D,0
17.08285,80.8091,335.15,0.53,0.42,2026-06-04,736,N20,VIIRS,n,2,298.28,4.95,D,0
17.10128,79.29247,341.98,0.43,0.46,2026-06-04,736,N20,VIIRS,n,2,298.18,10.41,D,0
17.10532,79.92459,345.05,0.4,0.44,2026-06-04,736,N20,VIIRS,n,2,303.03,9.31,D,0
17.10667,79.93194,348.87,0.4,0.44,2026-06-04,736,N20,VIIRS,n,2,300.51,10.54,D,0
17.11378,80.21049,335.09,0.38,0.43,2026-06-04,736,N20,VIIRS,n,2,297.79,5.1,D,0
17.11773,80.20975,351.09,0.38,0.43,2026-06-04,736,N20,VIIRS,n,2,299.46,5.1,D,0
17.12125,80.32107,334.98,0.57,0.43,2026-06-04,736,N20,VIIRS,n,2,298.66,2.63,D,0
17.1251,79.68858,338.03,0.41,0.45,2026-06-04,736,N20,VIIRS,n,2,300.74,4.55,D,0
17.12856,79.73093,352.14,0.41,0.45,2026-06-04,736,N20,VIIRS,n,2,301.47,6.75,D,0
17.14344,80.22221,332.59,0.57,0.43,2026-06-04,736,N20,VIIRS,n,2,297.62,4.03,D,0
17.16023,80.15737,336.58,0.38,0.44,2026-06-04,736,N20,VIIRS,n,2,301.54,3.51,D,0
17.16146,80.18664,337.15,0.38,0.43,2026-06-04,736,N20,VIIRS,n,2,299.34,4.41,D,0
17.16419,80.15662,340.96,0.38,0.44,2026-06-04,736,N20,VIIRS,n,2,302.09,3.4,D,0
17.16483,80.16016,339.42,0.38,0.44,2026-06-04,736,N20,VIIRS,n,2,299.07,3.4,D,0
17.16509,80.22907,335.59,0.57,0.43,2026-06-04,736,N20,VIIRS,n,2,301.08,4.04,D,0
17.17549,80.3087,334.09,0.57,0.43,2026-06-04,736,N20,VIIRS,n,2,300.89,3.99,D,0
17.17614,80.31049,333.83,0.57,0.43,2026-06-04,736,N20,VIIRS,n,2,300.53,2.27,D,0
17.18474,80.13432,344.26,0.39,0.44,2026-06-04,736,N20,VIIRS,n,2,302.55,9.92,D,0
17.18538,80.13786,342.78,0.39,0.44,2026-06-04,736,N20,VIIRS,n,2,300.11,6.62,D,0
17.1943,80.27805,333.59,0.57,0.43,2026-06-04,736,N20,VIIRS,n,2,300.28,2.8,D,0
17.19444,80.16551,337.03,0.38,0.43,2026-06-04,736,N20,VIIRS,n,2,298.98,4.07,D,0
17.20117,79.55442,350.47,0.42,0.45,2026-06-04,736,N20,VIIRS,n,2,300.92,11.61,D,0
17.21266,79.99103,337.38,0.39,0.44,2026-06-04,736,N20,VIIRS,n,2,301.9,6.67,D,0
17.21372,80.13599,342.96,0.39,0.44,2026-06-04,736,N20,VIIRS,n,2,300.33,7.8,D,0
17.21768,80.13522,338.51,0.39,0.44,2026-06-04,736,N20,VIIRS,n,2,300.07,5.9,D,0
17.21802,80.84663,338.09,0.53,0.42,2026-06-04,736,N20,VIIRS,n,2,298.44,7.18,D,0
17.22037,80.12733,335.33,0.39,0.44,2026-06-04,736,N20,VIIRS,n,2,299.9,6.28,D,0
17.23341,80.73169,333.62,0.53,0.42,2026-06-04,736,N20,VIIRS,n,2,298.4,3.03,D,0
17.2506,79.64031,353.13,0.41,0.45,2026-06-04,736,N20,VIIRS,n,2,299.62,17.41,D,0
17.25473,80.85487,336.62,0.53,0.42,2026-06-04,736,N20,VIIRS,n,2,298.97,8.14,D,0
17.25756,80.852,334.66,0.53,0.42,2026-06-04,736,N20,VIIRS,n,2,296.49,4.9,D,0
17.27578,79.4589,341.33,0.42,0.45,2026-06-04,736,N20,VIIRS,n,2,299.49,9.77,D,0
17.28795,79.52512,338.06,0.42,0.45,2026-06-04,736,N20,VIIRS,n,2,299.84,4.28,D,0
17.28795,79.64024,345.03,0.41,0.45,2026-06-04,736,N20,VIIRS,n,2,299.74,10.3,D,0
17.28841,79.59688,343.74,0.41,0.45,2026-06-04,736,N20,VIIRS,n,2,300.31,5.85,D,0
17.2925,79.59606,346.44,0.41,0.45,2026-06-04,736,N20,VIIRS,n,2,300.87,5.85,D,0
17.29472,82.38024,330.24,0.44,0.39,2026-06-04,736,N20,VIIRS,l,2,298.95,1.34,D,0
17.30493,79.5016,346.5,0.42,0.45,2026-06-04,736,N20,VIIRS,n,2,300.05,5.65,D,0
17.31255,80.07958,340.69,0.39,0.44,2026-06-04,736,N20,VIIRS,n,2,300.41,5.57,D,0
17.31269,81.10184,331.12,0.51,0.41,2026-06-04,736,N20,VIIRS,n,2,297.73,4.81,D,0
17.31411,81.10393,330.36,0.51,0.41,2026-06-04,736,N20,VIIRS,n,2,298.25,4.38,D,0
17.31806,82.56523,333.26,0.44,0.38,2026-06-04,736,N20,VIIRS,l,2,301.89,5.15,D,0
17.33427,80.08642,338.8,0.39,0.44,2026-06-04,736,N20,VIIRS,n,2,301.63,4.49,D,0
17.3349,80.09,341.24,0.39,0.44,2026-06-04,736,N20,VIIRS,n,2,299.34,4.49,D,0
17.33599,80.11926,338.57,0.38,0.44,2026-06-04,736,N20,VIIRS,n,2,300.58,7.09,D,0
17.366,79.58141,346.6,0.41,0.45,2026-06-04,736,N20,VIIRS,n,2,301.49,6.96,D,0
17.37593,79.93935,354.53,0.39,0.44,2026-06-04,736,N20,VIIRS,n,2,300.86,10.56,D,0
17.40256,80.35966,335.37,0.56,0.43,2026-06-04,736,N20,VIIRS,n,2,298.67,8.03,D,0
17.40509,80.10138,336.63,0.38,0.44,2026-06-04,736,N20,VIIRS,n,2,300.77,5.83,D,0
17.40561,80.12701,335.15,0.38,0.43,2026-06-04,736,N20,VIIRS,n,2,301.36,9.02,D,0
17.41197,79.90959,333.78,0.39,0.44,2026-06-04,736,N20,VIIRS,n,2,299.45,4.6,D,0
17.41327,80.49007,335.61,0.55,0.43,2026-06-04,736,N20,VIIRS,n,2,299.14,2.38,D,0
17.50882,80.81775,335.74,0.52,0.42,2026-06-04,736,N20,VIIRS,n,2,297.73,3.94,D,0
17.60511,83.20389,332.12,0.41,0.37,2026-06-04,736,N20,VIIRS,l,2,301.08,6.65,D,2
17.60851,83.20328,341.25,0.41,0.37,2026-06-04,736,N20,VIIRS,n,2,301.11,7.31,D,2
17.61252,83.20652,330.11,0.41,0.37,2026-06-04,736,N20,VIIRS,l,2,300.01,5.47,D,2
17.67005,81.54674,333.09,0.48,0.4,2026-06-04,736,N20,VIIRS,n,2,296.29,10.02,D,0
16.94725,75.43002,330.97,0.39,0.59,2026-06-04,737,N20,VIIRS,n,2,292.66,2.07,D,0
17.23797,77.82402,333.64,0.54,0.51,2026-06-04,737,N20,VIIRS,n,2,294.96,3.81,D,0
17.34654,79.18167,333.21,0.44,0.46,2026-06-04,737,N20,VIIRS,n,2,296.94,4.65,D,0
17.34819,79.14346,339.46,0.44,0.46,2026-06-04,737,N20,VIIRS,n,2,299.98,5.77,D,0
17.35313,79.02763,344.07,0.45,0.47,2026-06-04,737,N20,VIIRS,n,2,301.45,11.5,D,0
17.35737,78.74878,336.87,0.47,0.47,2026-06-04,737,N20,VIIRS,n,2,301.32,3.09,D,0
17.36497,79.5817,336.18,0.41,0.45,2026-06-04,737,N20,VIIRS,n,2,301.17,2.39,D,0
17.36905,79.58087,340.38,0.41,0.45,2026-06-04,737,N20,VIIRS,n,2,300.19,4.22,D,0
17.41045,78.69759,335.1,0.47,0.48,2026-06-04,737,N20,VIIRS,n,2,296.84,4.21,D,0
17.44937,79.55731,337.88,0.41,0.45,2026-06-04,737,N20,VIIRS,n,2,297.91,4.6,D,0
17.45691,79.57571,335.45,0.41,0.45,2026-06-04,737,N20,VIIRS,n,2,299.6,9.05,D,0
17.4866,79.62549,332.72,0.41,0.45,2026-06-04,737,N20,VIIRS,n,2,295.98,5.07,D,0
17.50006,80.24934,339.89,0.56,0.43,2026-06-04,737,N20,VIIRS,n,2,301.27,8.36,D,0
17.52782,79.43474,338.44,0.42,0.45,2026-06-04,737,N20,VIIRS,n,2,299.35,10.1,D,0
17.65368,78.29684,337.79,0.49,0.49,2026-06-04,737,N20,VIIRS,n,2,297.29,5.47,D,0
17.70198,75.71458,337.83,0.36,0.58,2026-06-04,737,N20,VIIRS,n,2,294.63,3.13,D,0
17.70201,75.71547,333.07,0.36,0.58,2026-06-04,737,N20,VIIRS,n,2,294.33,2.51,D,0
17.80291,79.05603,342.99,0.44,0.46,2026-06-04,737,N20,VIIRS,n,2,294.79,5.91,D,0
17.81346,78.80706,336.72,0.45,0.47,2026-06-04,737,N20,VIIRS,n,2,298.84,3.24,D,0
17.83184,81.92307,335,0.46,0.39,2026-06-04,737,N20,VIIRS,l,2,298.39,9.3,D,0
17.85188,79.93215,339.69,0.39,0.44,2026-06-04,737,N20,VIIRS,n,2,292.18,4.45,D,0
17.90865,79.91602,339.97,0.39,0.44,2026-06-04,737,N20,VIIRS,n,2,295.4,14.36,D,0
17.9093,79.91962,342.83,0.39,0.44,2026-06-04,737,N20,VIIRS,n,2,293.56,13.65,D,0
17.9188,80.4014,332.46,0.54,0.42,2026-06-04,737,N20,VIIRS,n,2,293.3,6.06,D,0
17.9375,79.9624,333.7,0.38,0.43,2026-06-04,737,N20,VIIRS,n,2,298.24,4.5,D,0
17.93814,79.96598,333.2,0.38,0.43,2026-06-04,737,N20,VIIRS,n,2,298.08,6.99,D,0
17.97126,79.52199,340.69,0.41,0.45,2026-06-04,737,N20,VIIRS,n,2,294.37,5.73,D,0
17.981,79.66758,332.57,0.4,0.44,2026-06-04,737,N20,VIIRS,n,2,298.17,3.88,D,0
17.99807,78.15176,334.24,0.5,0.49,2026-06-04,737,N20,VIIRS,n,2,298.46,3.37,D,0
18.00244,78.19831,334.3,0.49,0.49,2026-06-04,737,N20,VIIRS,n,2,297.98,3.06,D,0
18.00357,80.57752,334.11,0.53,0.42,2026-06-04,737,N20,VIIRS,n,2,297.65,3.38,D,0
18.05776,81.94835,335.65,0.45,0.39,2026-06-04,737,N20,VIIRS,n,2,300.29,4.26,D,0
18.06519,79.60039,339.2,0.4,0.44,2026-06-04,737,N20,VIIRS,n,2,301.88,6.96,D,0
18.10215,79.6201,355.11,0.4,0.44,2026-06-04,737,N20,VIIRS,n,2,300.64,6.58,D,0
18.14119,82.20831,337.71,0.44,0.38,2026-06-04,737,N20,VIIRS,n,2,301.36,7.86,D,0
18.15909,79.4021,334.07,0.41,0.45,2026-06-04,737,N20,VIIRS,n,2,300.8,4.38,D,0
18.15963,79.51978,344.38,0.4,0.45,2026-06-04,737,N20,VIIRS,n,2,301.59,12.86,D,0
18.18032,78.8084,332.62,0.45,0.47,2026-06-04,737,N20,VIIRS,n,2,300.34,3.95,D,0
18.20027,78.02083,330.36,0.5,0.49,2026-06-04,737,N20,VIIRS,n,2,296.88,1.8,D,0
18.2068,79.27683,340.96,0.42,0.45,2026-06-04,737,N20,VIIRS,n,2,301.44,3.21,D,0
18.2105,74.89273,335.38,0.4,0.6,2026-06-04,737,N20,VIIRS,n,2,291.04,2.78,D,0
18.22011,79.23383,348.38,0.42,0.45,2026-06-04,737,N20,VIIRS,n,2,299.19,4.09,D,0
18.23127,79.8672,344.99,0.38,0.44,2026-06-04,737,N20,VIIRS,n,2,299.37,2.53,D,0
18.24752,74.90693,332.74,0.4,0.6,2026-06-04,737,N20,VIIRS,n,2,293.73,2.37,D,0
18.24916,80.6212,347.2,0.52,0.42,2026-06-04,737,N20,VIIRS,n,2,301.9,10.25,D,0
18.25274,79.10854,332.63,0.43,0.46,2026-06-04,737,N20,VIIRS,n,2,299.69,4.71,D,0
18.25768,79.43747,336.45,0.41,0.45,2026-06-04,737,N20,VIIRS,n,2,302.13,4.86,D,0
18.26173,79.43662,342.8,0.41,0.45,2026-06-04,737,N20,VIIRS,n,2,299.42,4.86,D,0
18.2624,79.08172,331.98,0.43,0.46,2026-06-04,737,N20,VIIRS,n,2,299.81,4.02,D,0
18.2669,79.73589,343.15,0.39,0.44,2026-06-04,737,N20,VIIRS,n,2,301.24,5.24,D,0
18.27339,79.6815,344.56,0.39,0.44,2026-06-04,737,N20,VIIRS,n,2,302.47,5.22,D,0
18.27407,79.68515,343.88,0.39,0.44,2026-06-04,737,N20,VIIRS,n,2,302.56,5.22,D,0
18.28693,79.92691,343.62,0.57,0.43,2026-06-04,737,N20,VIIRS,n,2,302.69,20.04,D,0
18.30314,79.9323,339.69,0.57,0.43,2026-06-04,737,N20,VIIRS,n,2,301.51,12.03,D,0
18.30455,79.93437,341.99,0.57,0.43,2026-06-04,737,N20,VIIRS,n,2,300.9,7.96,D,0
18.30943,79.93893,336.78,0.57,0.43,2026-06-04,737,N20,VIIRS,n,2,300.39,7.96,D,0
18.32658,79.74649,339.46,0.39,0.44,2026-06-04,737,N20,VIIRS,n,2,301.53,11.34,D,0
18.32832,78.62147,333.96,0.46,0.47,2026-06-04,737,N20,VIIRS,n,2,297.5,3.28,D,0
18.37926,82.63231,335.36,0.42,0.38,2026-06-04,737,N20,VIIRS,l,2,299.69,4.61,D,0
18.38006,79.48636,335.69,0.4,0.44,2026-06-04,737,N20,VIIRS,n,2,300.21,2.84,D,0
18.3857,78.9739,340.62,0.43,0.46,2026-06-04,737,N20,VIIRS,n,2,299.29,6.18,D,0
18.38841,79.37112,337.31,0.41,0.45,2026-06-04,737,N20,VIIRS,n,2,300.64,4.25,D,0
18.39247,79.37029,347.93,0.41,0.45,2026-06-04,737,N20,VIIRS,n,2,302.05,4.25,D,0
18.39277,79.78107,343.68,0.39,0.44,2026-06-04,737,N20,VIIRS,n,2,301.25,5.61,D,0
18.4056,79.46571,351.98,0.4,0.45,2026-06-04,737,N20,VIIRS,n,2,302.46,11.26,D,0
18.40826,79.45733,340.68,0.4,0.45,2026-06-04,737,N20,VIIRS,n,2,301.53,6.7,D,0
18.40978,80.45259,351.1,0.53,0.42,2026-06-04,737,N20,VIIRS,n,2,300.42,16.03,D,0
18.41236,79.47993,335.78,0.4,0.44,2026-06-04,737,N20,VIIRS,n,2,300.29,4.08,D,0
18.42719,79.69914,344.33,0.39,0.44,2026-06-04,737,N20,VIIRS,n,2,294.68,9.25,D,0
18.4507,79.43723,335.89,0.4,0.45,2026-06-04,737,N20,VIIRS,n,2,300.66,5.35,D,0
18.46591,79.1756,341.34,0.42,0.45,2026-06-04,737,N20,VIIRS,n,2,295.7,3.56,D,0
18.47723,79.49019,338.52,0.4,0.44,2026-06-04,737,N20,VIIRS,n,2,299.57,2.71,D,0
18.48052,79.20904,340.14,0.42,0.45,2026-06-04,737,N20,VIIRS,n,2,296.9,3.71,D,0
18.48853,80.06139,342.11,0.56,0.43,2026-06-04,737,N20,VIIRS,n,2,300.85,9.2,D,0
18.49429,78.59391,338.48,0.46,0.47,2026-06-04,737,N20,VIIRS,n,2,298.8,5.06,D,0
18.49716,78.59418,343.34,0.45,0.47,2026-06-04,737,N20,VIIRS,n,2,299.24,7,D,0
18.50631,79.60332,346.64,0.39,0.44,2026-06-04,737,N20,VIIRS,n,2,302.42,7.66,D,0
18.52657,78.88792,334.23,0.44,0.46,2026-06-04,737,N20,VIIRS,n,2,300.1,2.19,D,0
18.53465,79.11803,345.64,0.42,0.45,2026-06-04,737,N20,VIIRS,n,2,300.12,7.06,D,0
18.53497,79.3027,335.39,0.41,0.45,2026-06-04,737,N20,VIIRS,n,2,297.67,2.61,D,0
18.57178,78.45993,330.33,0.46,0.47,2026-06-04,737,N20,VIIRS,n,2,296.97,2.02,D,0
18.57242,79.43657,341.83,0.4,0.44,2026-06-04,737,N20,VIIRS,n,2,299.47,5.08,D,0
18.57646,79.43578,351.16,0.4,0.44,2026-06-04,737,N20,VIIRS,n,2,299.38,7.41,D,0
18.58024,79.78423,336.76,0.38,0.44,2026-06-04,737,N20,VIIRS,n,2,302.32,2.56,D,0
18.59393,79.27887,332.33,0.41,0.45,2026-06-04,737,N20,VIIRS,n,2,298.08,3.09,D,0
18.60068,79.26956,338.32,0.41,0.45,2026-06-04,737,N20,VIIRS,n,2,298.88,2.84,D,0
18.6015,79.83459,335.85,0.57,0.43,2026-06-04,737,N20,VIIRS,n,2,299.51,4.52,D,0
18.60422,79.83221,338.38,0.57,0.43,2026-06-04,737,N20,VIIRS,n,2,301.65,13.42,D,0
18.60543,79.83381,344.35,0.57,0.43,2026-06-04,737,N20,VIIRS,n,2,302.21,11.16,D,0
18.61567,79.53593,334.12,0.4,0.44,2026-06-04,737,N20,VIIRS,n,2,300.4,3.28,D,0
18.61968,79.53511,356.08,0.4,0.44,2026-06-04,737,N20,VIIRS,n,2,301.13,4.63,D,0
18.62035,79.5388,336.59,0.4,0.44,2026-06-04,737,N20,VIIRS,n,2,300.42,4.63,D,0
18.62086,83.55309,338,0.4,0.37,2026-06-04,737,N20,VIIRS,l,2,302.79,5.17,D,0
18.64092,79.76487,347.38,0.38,0.44,2026-06-04,737,N20,VIIRS,n,2,303.56,16.69,D,0
18.66695,78.98898,332.35,0.43,0.46,2026-06-04,737,N20,VIIRS,n,2,297.61,3.98,D,0
18.67365,78.35306,346.09,0.47,0.48,2026-06-04,737,N20,VIIRS,n,2,298.21,6.14,D,0
18.67555,79.31381,340.3,0.41,0.45,2026-06-04,737,N20,VIIRS,n,2,297.39,3.02,D,0
18.67752,80.0997,335.89,0.55,0.43,2026-06-04,737,N20,VIIRS,n,2,301.69,6.51,D,0
18.68004,79.26948,344.97,0.41,0.45,2026-06-04,737,N20,VIIRS,n,2,299.12,7.44,D,0
18.6841,79.26861,330.9,0.41,0.45,2026-06-04,737,N20,VIIRS,n,2,298.19,7.44,D,0
18.68746,79.26394,343.77,0.41,0.45,2026-06-04,737,N20,VIIRS,n,2,299.38,5.75,D,0
18.70027,79.12497,335.17,0.42,0.45,2026-06-04,737,N20,VIIRS,n,2,298.71,2.66,D,0
18.70895,79.38143,334.76,0.4,0.45,2026-06-04,737,N20,VIIRS,n,2,296.08,2.5,D,0
18.71044,78.7028,342.91,0.44,0.46,2026-06-04,737,N20,VIIRS,n,2,296.66,5.62,D,0
18.71637,79.76035,336.26,0.38,0.43,2026-06-04,737,N20,VIIRS,n,2,301.43,5.55,D,0
18.72144,79.54109,333.73,0.39,0.44,2026-06-04,737,N20,VIIRS,n,2,299.74,3.97,D,2
18.72942,79.28761,339.89,0.41,0.45,2026-06-04,737,N20,VIIRS,n,2,297.89,4.82,D,0
18.72959,79.28696,340.07,0.41,0.45,2026-06-04,737,N20,VIIRS,n,2,298.21,3.81,D,0
18.7394,80.64061,330.46,0.51,0.41,2026-06-04,737,N20,VIIRS,n,2,298.79,2.38,D,0
18.74239,73.46245,331.84,0.48,0.65,2026-06-04,737,N20,VIIRS,n,2,299.07,3.84,D,0
18.75661,73.50711,331.94,0.48,0.65,2026-06-04,737,N20,VIIRS,n,2,299.95,2.48,D,0
18.75721,79.21031,335.85,0.41,0.45,2026-06-04,737,N20,VIIRS,n,2,298.01,0.77,D,0
18.75785,79.74107,337.66,0.38,0.43,2026-06-04,737,N20,VIIRS,n,2,300.05,2.59,D,0
18.76129,79.20947,352.17,0.41,0.45,2026-06-04,737,N20,VIIRS,n,2,300.15,8.84,D,0
18.78072,80.02335,344.51,0.55,0.43,2026-06-04,737,N20,VIIRS,n,2,301.62,22.96,D,0
18.78557,79.18042,337.45,0.41,0.45,2026-06-04,737,N20,VIIRS,n,2,296.92,3.14,D,0
18.78628,79.1843,340.72,0.41,0.45,2026-06-04,737,N20,VIIRS,n,2,297.5,3.14,D,0
18.78897,79.08289,330.56,0.42,0.45,2026-06-04,737,N20,VIIRS,n,2,296.78,1.85,D,0
18.81257,79.44226,339.84,0.4,0.44,2026-06-04,737,N20,VIIRS,n,2,299.57,4.18,D,0
18.82157,79.55923,333.42,0.39,0.44,2026-06-04,737,N20,VIIRS,n,2,298.53,1.63,D,0
18.82289,78.67466,337.89,0.44,0.46,2026-06-04,737,N20,VIIRS,n,2,293.77,2.06,D,0
18.82468,79.2559,339.22,0.41,0.45,2026-06-04,737,N20,VIIRS,n,2,299.39,4.42,D,0
18.82573,79.67171,332.06,0.39,0.44,2026-06-04,737,N20,VIIRS,n,2,300.57,3.81,D,0
18.82648,76.66741,333.92,0.6,0.53,2026-06-04,737,N20,VIIRS,n,2,294.27,8.24,D,0
18.82682,79.5201,332.09,0.39,0.44,2026-06-04,737,N20,VIIRS,n,2,297.53,1.42,D,0
18.83105,80.9141,341.85,0.5,0.41,2026-06-04,737,N20,VIIRS,n,2,300.24,4.56,D,0
18.83772,78.63826,333.35,0.45,0.47,2026-06-04,737,N20,VIIRS,n,2,298.53,3.05,D,0
18.84169,78.659,336.91,0.44,0.46,2026-06-04,737,N20,VIIRS,n,2,298.25,3.33,D,0
18.84274,78.64155,334.99,0.45,0.47,2026-06-04,737,N20,VIIRS,n,2,298.34,3.05,D,0
18.84906,78.67474,346.91,0.44,0.46,2026-06-04,737,N20,VIIRS,n,2,300.07,6.39,D,0
18.86708,78.98468,339.25,0.42,0.46,2026-06-04,737,N20,VIIRS,n,2,293.87,4.03,D,0
18.86787,79.8797,334.21,0.56,0.43,2026-06-04,737,N20,VIIRS,n,2,300.93,4.96,D,0
18.86806,79.17449,334.37,0.41,0.45,2026-06-04,737,N20,VIIRS,n,2,298.69,5.96,D,0
18.86921,78.89439,331.27,0.43,0.46,2026-06-04,737,N20,VIIRS,n,2,296.09,1.87,D,0
18.87071,79.16599,335.61,0.41,0.45,2026-06-04,737,N20,VIIRS,n,2,299.3,4.17,D,0
18.87337,78.89357,331.18,0.43,0.46,2026-06-04,737,N20,VIIRS,n,2,295.53,1.87,D,0
18.88508,79.17502,330.57,0.41,0.45,2026-06-04,737,N20,VIIRS,n,2,298.01,2.38,D,0
18.88579,79.17891,338.94,0.41,0.45,2026-06-04,737,N20,VIIRS,n,2,299.91,2.38,D,0
18.91102,79.84935,342.01,0.56,0.43,2026-06-04,737,N20,VIIRS,n,2,302.7,10.29,D,0
18.93213,79.11393,340.58,0.42,0.45,2026-06-04,737,N20,VIIRS,n,2,289.98,4.78,D,0
18.94083,78.90891,330.85,0.43,0.46,2026-06-04,737,N20,VIIRS,n,2,294.31,3.94,D,0
18.96312,79.36896,331.24,0.4,0.44,2026-06-04,737,N20,VIIRS,n,2,300.03,4.32,D,0
18.99034,74.35577,340.36,0.42,0.61,2026-06-04,737,N20,VIIRS,n,2,302.3,8.95,D,0
18.99405,79.17367,336.68,0.41,0.45,2026-06-04,737,N20,VIIRS,n,2,298.63,4.05,D,0
18.99476,79.17754,331.9,0.41,0.45,2026-06-04,737,N20,VIIRS,n,2,296.88,2.81,D,0
19.00106,79.81177,332.1,0.57,0.43,2026-06-04,737,N20,VIIRS,n,2,297.07,5.43,D,0
19.00963,79.16653,332.87,0.41,0.45,2026-06-04,737,N20,VIIRS,n,2,298.95,5.08,D,0
19.04976,75.17316,339.94,0.37,0.58,2026-06-04,737,N20,VIIRS,n,2,296.35,4.33,D,0
19.05408,79.88081,344.19,0.56,0.43,2026-06-04,737,N20,VIIRS,n,2,302.69,10.48,D,0
19.05421,79.88272,344.39,0.56,0.43,2026-06-04,737,N20,VIIRS,n,2,302.75,13.17,D,0
19.07085,78.90662,343.5,0.43,0.46,2026-06-04,737,N20,VIIRS,n,2,295.44,6.44,D,0
19.07091,79.11416,344.32,0.41,0.45,2026-06-04,737,N20,VIIRS,n,2,297.45,4.07,D,0
19.07158,78.91058,333.41,0.43,0.46,2026-06-04,737,N20,VIIRS,n,2,297.01,3.84,D,0
19.15264,78.98908,345.66,0.42,0.45,2026-06-04,737,N20,VIIRS,n,2,299.42,7.49,D,0
19.15446,75.67437,335.89,0.34,0.56,2026-06-04,737,N20,VIIRS,n,2,299.89,1.34,D,0
19.18014,78.21686,333.66,0.47,0.48,2026-06-04,737,N20,VIIRS,n,2,288.64,4.73,D,0
19.18079,79.66665,338.85,0.57,0.43,2026-06-04,737,N20,VIIRS,n,2,300.25,12.69,D,0
19.19108,75.3533,335.78,0.36,0.57,2026-06-04,737,N20,VIIRS,n,2,301.2,4.68,D,0
19.20226,79.71762,351.62,0.57,0.43,2026-06-04,737,N20,VIIRS,n,2,300.03,9.79,D,0
19.29883,82.56039,331.94,0.42,0.38,2026-06-04,737,N20,VIIRS,l,2,298.22,7.79,D,0
19.29893,82.56104,333.77,0.42,0.37,2026-06-04,737,N20,VIIRS,l,2,298.57,7.85,D,0
19.33697,75.19078,331.62,0.36,0.58,2026-06-04,737,N20,VIIRS,n,2,301.15,1.59,D,0
19.3372,75.19167,333.79,0.36,0.58,2026-06-04,737,N20,VIIRS,n,2,301.61,1.25,D,0
19.36433,73.59786,336.85,0.46,0.64,2026-06-04,737,N20,VIIRS,n,2,299.23,5.51,D,0
19.59715,75.60255,341.04,0.34,0.56,2026-06-04,737,N20,VIIRS,n,2,302.79,3.98,D,0
19.68413,79.79105,335.92,0.55,0.43,2026-06-04,737,N20,VIIRS,n,2,300.41,1.92,D,0
19.68451,79.78895,334.89,0.55,0.43,2026-06-04,737,N20,VIIRS,n,2,299.51,5.21,D,0
19.71888,79.89662,335.5,0.55,0.42,2026-06-04,737,N20,VIIRS,n,2,300.51,5,D,0
20.088,75.36491,336.86,0.34,0.56,2026-06-04,737,N20,VIIRS,n,2,303.39,5.81,D,0
20.08949,79.50681,343.56,0.57,0.43,2026-06-04,737,N20,VIIRS,n,2,302.44,11.09,D,0
20.1525,78.56781,344.12,0.43,0.46,2026-06-04,737,N20,VIIRS,n,2,302.22,8.62,D,0
20.17444,80.57484,336.62,0.49,0.41,2026-06-04,737,N20,VIIRS,n,2,300.73,4.12,D,0
20.17983,80.62641,338.47,0.49,0.4,2026-06-04,737,N20,VIIRS,n,2,302.58,7.02,D,0
20.18079,79.63026,336.08,0.56,0.43,2026-06-04,737,N20,VIIRS,n,2,299.72,9.37,D,0
20.20923,86.49275,335.13,0.41,0.37,2026-06-04,737,N20,VIIRS,n,2,300.87,2.49,D,0
20.2601,79.98482,339.05,0.53,0.42,2026-06-04,737,N20,VIIRS,n,2,305.82,12.07,D,0
20.28568,77.77328,338.71,0.48,0.48,2026-06-04,737,N20,VIIRS,n,2,307.51,9.12,D,0
20.30888,86.10867,335.95,0.4,0.37,2026-06-04,737,N20,VIIRS,n,2,302.3,2.26,D,0
20.32046,79.73405,337.91,0.55,0.42,2026-06-04,737,N20,VIIRS,n,2,304.39,5.08,D,0
20.36175,79.4687,341.82,0.56,0.43,2026-06-04,737,N20,VIIRS,n,2,309.03,12.21,D,0
20.36497,79.87265,334.76,0.53,0.42,2026-06-04,737,N20,VIIRS,n,2,303.78,8.25,D,0
20.42249,80.35361,335.61,0.5,0.41,2026-06-04,737,N20,VIIRS,n,2,301.83,2.5,D,0
20.45082,77.93854,343.89,0.46,0.47,2026-06-04,737,N20,VIIRS,n,2,309.94,8.91,D,0
20.46762,79.96902,340.35,0.53,0.42,2026-06-04,737,N20,VIIRS,n,2,301.38,7.5,D,0
20.49897,78.80045,339.76,0.41,0.45,2026-06-04,737,N20,VIIRS,n,2,309,10.91,D,0
20.6237,79.9933,336.59,0.52,0.42,2026-06-04,737,N20,VIIRS,n,2,305.5,4.87,D,0
20.63299,80.15589,340.26,0.51,0.41,2026-06-04,737,N20,VIIRS,n,2,306.09,8.8,D,0
20.63329,80.15343,339.32,0.51,0.41,2026-06-04,737,N20,VIIRS,n,2,305.34,7.48,D,0
20.6423,79.92268,337.9,0.53,0.42,2026-06-04,737,N20,VIIRS,n,2,304.29,3.91,D,0
20.67793,79.73568,336.8,0.54,0.42,2026-06-04,737,N20,VIIRS,n,2,304.48,13.67,D,0
20.68082,79.72981,344.83,0.54,0.42,2026-06-04,737,N20,VIIRS,n,2,307.56,5.88,D,0
20.68175,79.73489,337.1,0.54,0.42,2026-06-04,737,N20,VIIRS,n,2,305.36,5.88,D,0
20.69441,78.15657,344.35,0.44,0.46,2026-06-04,737,N20,VIIRS,n,2,311.23,19.01,D,0
20.69449,78.15681,345.87,0.44,0.46,2026-06-04,737,N20,VIIRS,n,2,311.19,3.63,D,0
20.6966,80.0295,340.34,0.52,0.41,2026-06-04,737,N20,VIIRS,n,2,307.36,4.58,D,0
20.74885,81.83024,347.31,0.43,0.38,2026-06-04,737,N20,VIIRS,n,2,304.75,13.99,D,0
20.75488,80.96819,338.2,0.47,0.39,2026-06-04,737,N20,VIIRS,l,2,302.01,6.67,D,0
20.78823,81.83114,339.04,0.43,0.38,2026-06-04,737,N20,VIIRS,l,2,306.12,8.95,D,0
20.79169,81.83048,346.13,0.43,0.38,2026-06-04,737,N20,VIIRS,l,2,305.84,8.95,D,0
20.79582,81.83389,351.47,0.43,0.38,2026-06-04,737,N20,VIIRS,n,2,307.47,20.81,D,0
20.80889,78.41381,346.98,0.43,0.46,2026-06-04,737,N20,VIIRS,n,2,310.1,13.39,D,0
20.83506,81.75893,341.55,0.43,0.38,2026-06-04,737,N20,VIIRS,l,2,306.14,8.72,D,0
20.85178,80.08926,334.88,0.51,0.41,2026-06-04,737,N20,VIIRS,l,2,307.44,6.79,D,0
20.85775,80.25957,333.32,0.5,0.41,2026-06-04,737,N20,VIIRS,l,2,305.54,6.46,D,0
20.85924,80.23702,336.99,0.5,0.41,2026-06-04,737,N20,VIIRS,n,2,304.7,2.78,D,0
20.88754,84.98207,339.43,0.39,0.36,2026-06-04,737,N20,VIIRS,n,2,305.64,6.43,D,2
20.88878,78.59015,338.52,0.41,0.45,2026-06-04,737,N20,VIIRS,l,2,310.01,6.61,D,0
20.91822,82.17086,353.56,0.42,0.37,2026-06-04,737,N20,VIIRS,n,2,307.56,8.98,D,0
20.92002,81.02484,345.43,0.46,0.39,2026-06-04,737,N20,VIIRS,l,2,311.55,41.55,D,0
20.92175,82.14973,336.47,0.42,0.37,2026-06-04,737,N20,VIIRS,l,2,302.08,2.34,D,0
20.92758,81.53343,338.35,0.44,0.38,2026-06-04,737,N20,VIIRS,l,2,303.5,2.45,D,0
20.92792,81.02782,343.76,0.46,0.39,2026-06-04,737,N20,VIIRS,l,2,308.57,12.28,D,0
20.95028,86.04475,330.89,0.4,0.37,2026-06-04,737,N20,VIIRS,l,2,302.74,3.5,D,2
20.95082,86.04864,344.18,0.4,0.37,2026-06-04,737,N20,VIIRS,n,2,303.54,3.5,D,2
20.96182,85.18609,340.37,0.39,0.36,2026-06-04,737,N20,VIIRS,n,2,302.47,13.49,D,2
20.96222,86.00722,340.13,0.4,0.37,2026-06-04,737,N20,VIIRS,n,2,304.29,5.39,D,2
20.96237,85.18983,351.5,0.39,0.36,2026-06-04,737,N20,VIIRS,n,2,306.88,11.93,D,2
20.96277,86.01109,337.45,0.4,0.37,2026-06-04,737,N20,VIIRS,n,2,304.13,5.28,D,2
20.96349,85.17439,340.22,0.39,0.36,2026-06-04,737,N20,VIIRS,n,2,306.64,12.28,D,2
20.96626,85.17013,339.61,0.39,0.36,2026-06-04,737,N20,VIIRS,n,2,304.53,8.12,D,2
20.96671,86.01442,343.8,0.4,0.37,2026-06-04,737,N20,VIIRS,n,2,304.99,11.83,D,2
20.96681,85.17384,348.08,0.39,0.36,2026-06-04,737,N20,VIIRS,n,2,306.83,5.6,D,2
20.96736,85.17755,341.76,0.39,0.36,2026-06-04,737,N20,VIIRS,n,2,306.69,5.6,D,2
20.96781,86.02216,333.81,0.4,0.37,2026-06-04,737,N20,VIIRS,l,2,304.13,5.67,D,2
20.97012,85.17329,337.39,0.39,0.36,2026-06-04,737,N20,VIIRS,n,2,305.59,5.6,D,2
20.97067,85.17701,350.77,0.39,0.36,2026-06-04,737,N20,VIIRS,n,2,307.87,5.6,D,2
20.97181,86.00172,332.22,0.4,0.37,2026-06-04,737,N20,VIIRS,l,2,304.35,5.03,D,2
20.98727,80.89053,345.31,0.47,0.39,2026-06-04,737,N20,VIIRS,l,2,306.63,11.13,D,0
20.99038,82.22318,338.25,0.41,0.37,2026-06-04,737,N20,VIIRS,l,2,303.15,4.81,D,0
20.99086,80.88982,342.8,0.47,0.39,2026-06-04,737,N20,VIIRS,l,2,305.49,5.3,D,0
20.99163,80.89423,350.8,0.47,0.39,2026-06-04,737,N20,VIIRS,n,2,306.1,8.45,D,0
20.99988,86.02885,336.21,0.4,0.37,2026-06-04,737,N20,VIIRS,n,2,303.87,2.79,D,0
21.02797,79.92081,336.07,0.52,0.41,2026-06-04,737,N20,VIIRS,l,2,306.18,3.92,D,0
21.02818,79.42075,339.88,0.55,0.43,2026-06-04,737,N20,VIIRS,n,2,308.17,9.41,D,0
21.07183,84.31322,333.49,0.38,0.36,2026-06-04,737,N20,VIIRS,n,2,302.03,1.7,D,0
21.0773,80.04247,333.14,0.51,0.41,2026-06-04,737,N20,VIIRS,l,2,303.51,3.94,D,0
21.08231,79.65566,345.51,0.54,0.42,2026-06-04,737,N20,VIIRS,n,2,307.28,5.6,D,0
21.10064,81.18338,337.54,0.45,0.39,2026-06-04,737,N20,VIIRS,l,2,305.16,6.9,D,0
21.12815,82.05854,339.27,0.42,0.38,2026-06-04,737,N20,VIIRS,l,2,308.14,6.71,D,0
21.17649,82.074,342.26,0.42,0.37,2026-06-04,737,N20,VIIRS,l,2,307.06,4.13,D,0
21.17739,82.03765,338.38,0.42,0.38,2026-06-04,737,N20,VIIRS,l,2,306.6,6.5,D,0
21.1799,82.07335,336.53,0.42,0.37,2026-06-04,737,N20,VIIRS,l,2,306.23,4.13,D,0
21.18104,82.42169,344.66,0.41,0.37,2026-06-04,737,N20,VIIRS,l,2,304.71,14.98,D,0
21.19565,81.41979,337.27,0.44,0.38,2026-06-04,737,N20,VIIRS,l,2,304.13,13.03,D,2
21.21099,82.00658,350.82,0.42,0.38,2026-06-04,737,N20,VIIRS,l,2,308.12,14.65,D,0
21.22854,82.39279,331.24,0.41,0.37,2026-06-04,737,N20,VIIRS,n,2,300.98,3.01,D,0
21.24624,82.80133,349.34,0.4,0.37,2026-06-04,737,N20,VIIRS,l,2,302.37,3.14,D,0
21.24685,82.80513,332.93,0.4,0.37,2026-06-04,737,N20,VIIRS,l,2,302.68,3.25,D,0
21.25033,82.3492,337.39,0.41,0.37,2026-06-04,737,N20,VIIRS,n,2,300.99,3.74,D,0
21.2701,83.91972,338.76,0.38,0.36,2026-06-04,737,N20,VIIRS,n,2,304.78,4.7,D,0
21.27339,83.91914,346.61,0.38,0.36,2026-06-04,737,N20,VIIRS,n,2,304.34,5.92,D,0
21.28486,82.84895,336.92,0.4,0.37,2026-06-04,737,N20,VIIRS,l,2,300.93,5.77,D,0
21.29791,82.86607,334.04,0.4,0.37,2026-06-04,737,N20,VIIRS,l,2,301.97,2.28,D,0
21.30999,81.69233,337.06,0.43,0.38,2026-06-04,737,N20,VIIRS,l,2,307.69,5.56,D,0
21.32294,81.5672,343.52,0.43,0.38,2026-06-04,737,N20,VIIRS,l,2,307.23,8.5,D,0
21.32353,82.11277,341.51,0.42,0.37,2026-06-04,737,N20,VIIRS,l,2,308.94,9.67,D,0
21.33103,82.86429,335.82,0.4,0.37,2026-06-04,737,N20,VIIRS,l,2,302.98,3.38,D,0
21.34165,82.86624,338.74,0.4,0.37,2026-06-04,737,N20,VIIRS,n,2,303.69,3.94,D,0
21.41338,83.03564,341.91,0.39,0.36,2026-06-04,737,N20,VIIRS,l,2,307.35,7.72,D,0
21.41398,83.0394,349.61,0.39,0.36,2026-06-04,737,N20,VIIRS,l,2,307.79,21.34,D,0
21.42965,82.6737,330.48,0.4,0.37,2026-06-04,737,N20,VIIRS,l,2,301.83,8.16,D,0
21.43027,82.67751,335.21,0.4,0.37,2026-06-04,737,N20,VIIRS,l,2,302.96,7.28,D,0
21.46015,82.96893,335.26,0.39,0.37,2026-06-04,737,N20,VIIRS,l,2,303.05,3.52,D,0
21.48263,84.06714,335.03,0.38,0.36,2026-06-04,737,N20,VIIRS,n,2,303.52,1.12,D,0
21.48674,84.13815,338.9,0.38,0.36,2026-06-04,737,N20,VIIRS,n,2,306.08,3.87,D,0
21.48829,85.37769,330.48,0.39,0.36,2026-06-04,737,N20,VIIRS,l,2,302.35,2.29,D,0
21.51842,85.32659,333.02,0.39,0.36,2026-06-04,737,N20,VIIRS,n,2,301.14,1.54,D,0
21.53506,85.32368,332.9,0.39,0.36,2026-06-04,737,N20,VIIRS,n,2,301.52,3.52,D,0
21.5356,85.3274,334.91,0.39,0.36,2026-06-04,737,N20,VIIRS,n,2,300.89,3.52,D,0
21.55795,84.06914,331.63,0.38,0.36,2026-06-04,737,N20,VIIRS,l,2,304.98,2.18,D,0
21.61189,83.88926,347.4,0.38,0.36,2026-06-04,737,N20,VIIRS,n,2,303.75,6.44,D,0
21.64633,83.41153,340.44,0.39,0.36,2026-06-04,737,N20,VIIRS,l,2,307.69,8.08,D,0
21.64963,83.41094,346.81,0.39,0.36,2026-06-04,737,N20,VIIRS,l,2,307.09,11.92,D,0
21.65683,83.41347,348.12,0.39,0.36,2026-06-04,737,N20,VIIRS,n,2,307.91,10.23,D,0
21.66253,83.91061,339.69,0.38,0.36,2026-06-04,737,N20,VIIRS,n,2,304.5,2.44,D,0
21.66674,83.41167,345.59,0.39,0.36,2026-06-04,737,N20,VIIRS,l,2,304.2,8.75,D,0
21.67904,84.04008,343.1,0.38,0.36,2026-06-04,737,N20,VIIRS,n,2,308.18,4.8,D,2
21.69018,83.8446,337.23,0.38,0.36,2026-06-04,737,N20,VIIRS,n,2,304.19,4.19,D,0
21.6986,83.99125,334.6,0.38,0.36,2026-06-04,737,N20,VIIRS,l,2,306.18,2.49,D,0
21.72141,83.93751,345.74,0.38,0.36,2026-06-04,737,N20,VIIRS,n,2,305.07,7.12,D,0
21.73485,84.31771,343.83,0.38,0.36,2026-06-04,737,N20,VIIRS,n,2,305.8,3.42,D,0
21.73814,84.31713,334.31,0.38,0.36,2026-06-04,737,N20,VIIRS,l,2,305.42,3.42,D,0
21.74071,83.84325,354.74,0.38,0.36,2026-06-04,737,N20,VIIRS,n,2,311.33,10.14,D,2
21.744,83.84267,344.86,0.38,0.36,2026-06-04,737,N20,VIIRS,n,2,311.03,4.29,D,2
21.74729,83.84208,341.75,0.38,0.36,2026-06-04,737,N20,VIIRS,n,2,310.31,4.29,D,2
21.74739,83.97453,342.71,0.38,0.36,2026-06-04,737,N20,VIIRS,n,2,307.97,5.59,D,0
21.74786,83.84577,339.42,0.38,0.36,2026-06-04,737,N20,VIIRS,n,2,309.3,4.29,D,2
21.75059,83.8415,340.22,0.38,0.36,2026-06-04,737,N20,VIIRS,n,2,308.02,4.07,D,2
21.75445,83.84461,338.17,0.38,0.36,2026-06-04,737,N20,VIIRS,n,2,307.67,4.07,D,2
21.7553,84.02613,338.38,0.38,0.36,2026-06-04,737,N20,VIIRS,l,2,309.06,4.98,D,2
21.76462,84.02071,336.62,0.38,0.36,2026-06-04,737,N20,VIIRS,l,2,307.39,2.99,D,2
21.76791,84.02013,336.99,0.38,0.36,2026-06-04,737,N20,VIIRS,n,2,306.74,2.99,D,2
21.77965,83.83257,349.6,0.38,0.36,2026-06-04,737,N20,VIIRS,n,2,310.67,14.52,D,2
21.78022,83.83626,337.89,0.38,0.36,2026-06-04,737,N20,VIIRS,l,2,307.97,9.32,D,2
21.82872,93.02796,338.43,0.33,0.55,2026-06-04,737,N20,VIIRS,n,2,295.66,3.1,D,0
21.94224,86.13937,331.48,0.41,0.37,2026-06-04,737,N20,VIIRS,l,2,302.02,1.97,D,0
22.07058,92.17775,336.52,0.58,0.52,2026-06-04,737,N20,VIIRS,n,2,293.79,5.04,D,0
20.16255,73.73035,332.09,0.44,0.62,2026-06-04,738,N20,VIIRS,n,2,299.85,2.24,D,0
20.33018,74.6795,332.68,0.37,0.58,2026-06-04,738,N20,VIIRS,n,2,299.85,1.72,D,0
20.48656,74.9779,335.12,0.36,0.57,2026-06-04,738,N20,VIIRS,n,2,301.97,3.94,D,0
20.48774,74.97739,333.51,0.36,0.57,2026-06-04,738,N20,VIIRS,n,2,300.87,3.19,D,0
20.89184,78.5898,337.59,0.41,0.45,2026-06-04,738,N20,VIIRS,l,2,309.69,6.98,D,0
20.91846,78.7289,339.04,0.41,0.45,2026-06-04,738,N20,VIIRS,l,2,309.06,7.01,D,0
20.97307,78.84035,342.56,0.4,0.44,2026-06-04,738,N20,VIIRS,n,2,310.03,6.72,D,0
21.05799,75.49984,333.69,0.32,0.55,2026-06-04,738,N20,VIIRS,n,2,300.29,1.43,D,0
21.0801,79.65347,342.97,0.54,0.42,2026-06-04,738,N20,VIIRS,n,2,306.27,5.81,D,0
21.08926,76.77647,339.51,0.53,0.5,2026-06-04,738,N20,VIIRS,n,2,303.11,3.72,D,0
21.10716,72.6451,336.92,0.49,0.65,2026-06-04,738,N20,VIIRS,n,2,295.73,7.03,D,2
21.10741,78.61483,338.68,0.41,0.45,2026-06-04,738,N20,VIIRS,l,2,309.83,6.2,D,0
21.16327,79.84972,334.23,0.52,0.42,2026-06-04,738,N20,VIIRS,n,2,304.18,3.49,D,0
21.23399,78.35098,338.18,0.42,0.45,2026-06-04,738,N20,VIIRS,l,2,309.55,4.94,D,0
21.25811,79.92027,339.89,0.52,0.41,2026-06-04,738,N20,VIIRS,n,2,302.71,6.59,D,0
21.26106,78.83437,339.27,0.39,0.44,2026-06-04,738,N20,VIIRS,l,2,310.67,6.21,D,0
21.26276,79.92441,339.95,0.52,0.41,2026-06-04,738,N20,VIIRS,n,2,302.88,3.92,D,0
21.26437,78.82977,341.31,0.39,0.44,2026-06-04,738,N20,VIIRS,n,2,309.88,7.53,D,0
21.33733,78.96818,338.3,0.39,0.44,2026-06-04,738,N20,VIIRS,l,2,309.06,4.15,D,0
21.34257,80.45067,333.66,0.48,0.4,2026-06-04,738,N20,VIIRS,l,2,305.5,8.47,D,0
21.35121,80.2879,338.35,0.49,0.4,2026-06-04,738,N20,VIIRS,n,2,306.07,2.91,D,0
21.36205,80.39155,334.08,0.49,0.4,2026-06-04,738,N20,VIIRS,l,2,304.96,3.28,D,0
21.43774,81.62213,341.2,0.43,0.38,2026-06-04,738,N20,VIIRS,l,2,309.53,11.34,D,0
21.46817,78.08684,335.77,0.43,0.46,2026-06-04,738,N20,VIIRS,l,2,308.52,3.57,D,0
21.55236,78.97123,345.85,0.38,0.43,2026-06-04,738,N20,VIIRS,n,2,309.58,36.95,D,0
21.60032,81.42977,346.47,0.44,0.38,2026-06-04,738,N20,VIIRS,n,2,303.61,15.01,D,0
21.61748,77.68584,334.82,0.46,0.47,2026-06-04,738,N20,VIIRS,l,2,309.16,3.11,D,0
21.62832,78.92495,342.13,0.38,0.44,2026-06-04,738,N20,VIIRS,n,2,308.4,5.52,D,0
21.64306,81.5884,348.89,0.43,0.38,2026-06-04,738,N20,VIIRS,n,2,309.62,9.85,D,0
21.64376,81.59249,345.48,0.43,0.38,2026-06-04,738,N20,VIIRS,n,2,308.36,9.85,D,0
21.64528,81.59161,341.82,0.43,0.38,2026-06-04,738,N20,VIIRS,l,2,308.31,20.06,D,0
21.70438,82.48045,344.32,0.4,0.37,2026-06-04,738,N20,VIIRS,l,2,306.63,7.39,D,0
21.709,82.48753,340.21,0.4,0.37,2026-06-04,738,N20,VIIRS,l,2,307.28,11.54,D,0
21.70963,82.49139,342.68,0.4,0.37,2026-06-04,738,N20,VIIRS,l,2,307.82,12.97,D,0
21.71299,82.49075,349.99,0.4,0.37,2026-06-04,738,N20,VIIRS,l,2,307.87,7.48,D,0
21.71362,82.49461,348.21,0.4,0.37,2026-06-04,738,N20,VIIRS,l,2,306.86,7.48,D,0
21.72513,82.54395,347.93,0.4,0.37,2026-06-04,738,N20,VIIRS,l,2,305.33,45.82,D,0
21.75424,81.82667,349.71,0.42,0.38,2026-06-04,738,N20,VIIRS,n,2,308.79,10.51,D,0
21.75491,81.8307,348.82,0.42,0.38,2026-06-04,738,N20,VIIRS,n,2,307.78,10.51,D,0
21.79777,77.93697,331.14,0.44,0.46,2026-06-04,738,N20,VIIRS,l,2,305.79,1.15,D,0
21.79787,83.88209,339.71,0.38,0.36,2026-06-04,738,N20,VIIRS,n,2,308.1,5.21,D,0
21.79901,83.88947,341.08,0.38,0.36,2026-06-04,738,N20,VIIRS,n,2,306.74,10.01,D,0
21.80346,82.68707,340,0.4,0.37,2026-06-04,738,N20,VIIRS,l,2,305.97,4.84,D,0
21.80947,82.63879,341.01,0.4,0.37,2026-06-04,738,N20,VIIRS,l,2,306.02,5.84,D,0
21.81104,82.66998,339.47,0.4,0.37,2026-06-04,738,N20,VIIRS,l,2,306.84,4.05,D,0
21.81409,82.68903,346.24,0.4,0.37,2026-06-04,738,N20,VIIRS,l,2,306.46,7.81,D,0
21.82017,82.68398,333.36,0.4,0.37,2026-06-04,738,N20,VIIRS,l,2,304.17,5.49,D,0
21.82188,82.66008,342.82,0.4,0.37,2026-06-04,738,N20,VIIRS,l,2,306.13,5.21,D,0
21.828,82.27374,340.07,0.41,0.37,2026-06-04,738,N20,VIIRS,l,2,307.92,6.87,D,0
21.83253,82.66204,337.87,0.4,0.37,2026-06-04,738,N20,VIIRS,l,2,306.48,5.3,D,0
21.83315,82.66586,339.77,0.4,0.37,2026-06-04,738,N20,VIIRS,l,2,307.04,5.98,D,0
21.83711,82.66905,337.9,0.4,0.37,2026-06-04,738,N20,VIIRS,l,2,305.94,5.64,D,0
21.83898,81.97613,337.87,0.42,0.37,2026-06-04,738,N20,VIIRS,l,2,306.12,5.53,D,0
21.86384,82.66409,344.43,0.4,0.37,2026-06-04,738,N20,VIIRS,l,2,306.75,6.4,D,0
21.86657,78.02515,344.2,0.43,0.46,2026-06-04,738,N20,VIIRS,n,2,307.73,5.55,D,0
21.86735,78.02928,344.23,0.43,0.46,2026-06-04,738,N20,VIIRS,n,2,307.34,5.55,D,0
21.8734,82.59544,336.92,0.4,0.37,2026-06-04,738,N20,VIIRS,l,2,304.49,3.22,D,0
21.88182,82.45538,337.68,0.4,0.37,2026-06-04,738,N20,VIIRS,l,2,307.01,4.3,D,0
21.8819,82.39165,344.82,0.4,0.37,2026-06-04,738,N20,VIIRS,l,2,306.69,7.1,D,0
21.88718,82.50988,335.57,0.4,0.37,2026-06-04,738,N20,VIIRS,l,2,304.48,2.95,D,0
21.89241,82.67058,337.13,0.4,0.37,2026-06-04,738,N20,VIIRS,l,2,306.07,4.04,D,0
21.89425,82.68201,333.5,0.4,0.37,2026-06-04,738,N20,VIIRS,l,2,305.09,6.88,D,0
21.89917,82.44465,339.28,0.4,0.37,2026-06-04,738,N20,VIIRS,l,2,306.06,4.68,D,0
21.90004,82.69661,367,0.4,0.37,2026-06-04,738,N20,VIIRS,h,2,306.81,15.42,D,0
21.90023,82.47222,343.33,0.4,0.37,2026-06-04,738,N20,VIIRS,l,2,305.03,4.75,D,0
21.91089,82.41062,336.77,0.4,0.37,2026-06-04,738,N20,VIIRS,l,2,305.39,2.7,D,0
21.9126,82.44213,339.43,0.4,0.37,2026-06-04,738,N20,VIIRS,l,2,305.58,9.94,D,0
21.91958,83.35461,342.39,0.39,0.36,2026-06-04,738,N20,VIIRS,l,2,305.82,11.95,D,2
21.9223,83.3503,340.86,0.39,0.36,2026-06-04,738,N20,VIIRS,l,2,304.78,8.8,D,2
21.92327,82.57078,334.27,0.4,0.37,2026-06-04,738,N20,VIIRS,l,2,304.95,7.68,D,0
21.92719,82.00024,340.14,0.41,0.37,2026-06-04,738,N20,VIIRS,l,2,309.47,8.04,D,0
21.92727,82.51074,342.4,0.4,0.37,2026-06-04,738,N20,VIIRS,l,2,305.13,5.79,D,0
21.96443,82.59074,333.52,0.4,0.37,2026-06-04,738,N20,VIIRS,l,2,304.86,3.57,D,0
21.96827,82.55056,334.43,0.4,0.37,2026-06-04,738,N20,VIIRS,l,2,305.36,3.79,D,0
21.97161,82.54994,334.89,0.4,0.37,2026-06-04,738,N20,VIIRS,l,2,306.13,3.79,D,0
21.98415,76.12632,350.48,0.56,0.52,2026-06-04,738,N20,VIIRS,n,2,303.58,13.1,D,0
21.98865,83.08074,348.29,0.39,0.36,2026-06-04,738,N20,VIIRS,n,2,305.4,6.59,D,0
21.99516,82.58897,337.6,0.4,0.37,2026-06-04,738,N20,VIIRS,l,2,305.02,11.99,D,0
21.99913,82.03114,340.96,0.41,0.37,2026-06-04,738,N20,VIIRS,l,2,309.41,5.66,D,0
22.00524,82.48035,333.6,0.4,0.37,2026-06-04,738,N20,VIIRS,l,2,305.43,1.52,D,0
22.01232,83.08051,332.28,0.39,0.36,2026-06-04,738,N20,VIIRS,l,2,304.02,2.97,D,0
22.02095,82.55653,348.99,0.4,0.37,2026-06-04,738,N20,VIIRS,l,2,305.43,8.4,D,0
22.02156,82.56037,335.89,0.4,0.37,2026-06-04,738,N20,VIIRS,l,2,305.12,6.52,D,0
22.02855,80.06932,336.06,0.49,0.41,2026-06-04,738,N20,VIIRS,l,2,307.24,4.68,D,0
22.07427,76.00805,344.7,0.57,0.52,2026-06-04,738,N20,VIIRS,n,2,302.98,8.77,D,0
22.11515,85.21091,336.64,0.39,0.36,2026-06-04,738,N20,VIIRS,n,2,300.67,4.58,D,0
22.13502,82.23655,334.64,0.41,0.37,2026-06-04,738,N20,VIIRS,l,2,306.11,1.42,D,0
22.14459,85.46365,334.21,0.4,0.37,2026-06-04,738,N20,VIIRS,n,2,301.14,3.26,D,0
22.16715,79.98564,336.31,0.5,0.41,2026-06-04,738,N20,VIIRS,l,2,306.97,6.47,D,0
22.17923,82.18797,340.44,0.41,0.37,2026-06-04,738,N20,VIIRS,l,2,307.79,9.14,D,0
22.18177,82.2036,336.11,0.41,0.37,2026-06-04,738,N20,VIIRS,l,2,306.47,2.8,D,0
22.1998,79.71217,341.55,0.51,0.41,2026-06-04,738,N20,VIIRS,n,2,305.38,9.87,D,0
22.20187,84.5777,331.77,0.39,0.36,2026-06-04,738,N20,VIIRS,l,2,305.14,1.81,D,2
22.21031,84.86325,344.69,0.39,0.36,2026-06-04,738,N20,VIIRS,n,2,305.48,7.42,D,2
22.21802,84.75454,335.48,0.39,0.36,2026-06-04,738,N20,VIIRS,l,2,305.85,4.34,D,2
22.28953,76.93491,332.14,0.49,0.49,2026-06-04,738,N20,VIIRS,n,2,300.38,2.37,D,0
22.35699,82.30351,342.58,0.4,0.37,2026-06-04,738,N20,VIIRS,l,2,309.53,7.91,D,2
22.36356,87.30109,335.13,0.46,0.39,2026-06-04,738,N20,VIIRS,n,2,301.71,7.19,D,2
22.36511,87.01971,333.23,0.45,0.39,2026-06-04,738,N20,VIIRS,l,2,303.38,4.68,D,2
22.37555,87.28111,338.51,0.46,0.39,2026-06-04,738,N20,VIIRS,n,2,301.21,4.3,D,2
22.37914,87.28057,330.25,0.46,0.39,2026-06-04,738,N20,VIIRS,l,2,300.44,4.3,D,2
22.38896,77.92231,333.96,0.43,0.46,2026-06-04,738,N20,VIIRS,n,2,302.24,4.74,D,0
22.49893,80.19836,341.02,0.48,0.4,2026-06-04,738,N20,VIIRS,l,2,308.74,15.29,D,0
22.50536,80.04469,343.27,0.49,0.4,2026-06-04,738,N20,VIIRS,n,2,308.15,10.95,D,0
22.54328,80.42586,338.55,0.47,0.4,2026-06-04,738,N20,VIIRS,l,2,304.14,8.5,D,0
22.56171,77.81746,330.17,0.43,0.46,2026-06-04,738,N20,VIIRS,l,2,302.07,2.53,D,0
22.60002,77.76265,330.11,0.43,0.46,2026-06-04,738,N20,VIIRS,l,2,300.49,2.35,D,0
22.66077,77.31458,343.83,0.46,0.47,2026-06-04,738,N20,VIIRS,n,2,299.35,4.93,D,0
22.6645,76.98687,338.96,0.48,0.48,2026-06-04,738,N20,VIIRS,n,2,302.21,2.92,D,0
22.67564,77.09277,336.59,0.47,0.48,2026-06-04,738,N20,VIIRS,n,2,303.33,2.76,D,0
22.67694,77.09341,335.11,0.47,0.48,2026-06-04,738,N20,VIIRS,n,2,303.48,4.08,D,0
22.679,85.24165,330.44,0.4,0.37,2026-06-04,738,N20,VIIRS,l,2,302.55,1.63,D,0
22.6807,85.22964,335.24,0.4,0.37,2026-06-04,738,N20,VIIRS,n,2,301.39,1.2,D,0
22.68102,77.93575,336.36,0.42,0.45,2026-06-04,738,N20,VIIRS,n,2,301.23,4.26,D,0
22.72911,71.696,336.33,0.52,0.66,2026-06-04,738,N20,VIIRS,n,2,295.5,3.23,D,0
22.73588,72.28387,349.89,0.47,0.64,2026-06-04,738,N20,VIIRS,n,2,296.71,7.42,D,0
22.73637,72.28358,339.98,0.47,0.64,2026-06-04,738,N20,VIIRS,n,2,296.54,7.89,D,0
22.73693,72.28836,352.28,0.47,0.64,2026-06-04,738,N20,VIIRS,n,2,296,7.42,D,0
22.7374,72.28809,367,0.47,0.64,2026-06-04,738,N20,VIIRS,h,2,296.4,7.89,D,0
22.79011,86.20943,333.48,0.42,0.38,2026-06-04,738,N20,VIIRS,l,2,303.73,5.14,D,2
22.79701,86.20837,337.96,0.42,0.38,2026-06-04,738,N20,VIIRS,n,2,302.79,8.41,D,2
22.79859,86.09167,337.92,0.42,0.38,2026-06-04,738,N20,VIIRS,n,2,305.45,3.76,D,2
22.82686,77.42276,332.01,0.45,0.47,2026-06-04,738,N20,VIIRS,l,2,303.07,1.85,D,0
22.85698,86.05744,330.73,0.42,0.37,2026-06-04,738,N20,VIIRS,l,2,303.16,2.93,D,2
22.93391,85.68103,334.67,0.41,0.37,2026-06-04,738,N20,VIIRS,n,2,299.43,6.15,D,0
23.00543,72.08729,346.21,0.48,0.65,2026-06-04,738,N20,VIIRS,n,2,296.08,4.2,D,0
23.00662,72.08556,332.74,0.48,0.65,2026-06-04,738,N20,VIIRS,n,2,296.75,2.26,D,0
23.09249,79.04496,331,0.54,0.42,2026-06-04,738,N20,VIIRS,l,2,301.64,2.46,D,0
23.25951,80.26566,344.47,0.47,0.39,2026-06-04,738,N20,VIIRS,l,2,303.73,6.42,D,0
23.27105,80.43863,346.85,0.46,0.39,2026-06-04,738,N20,VIIRS,n,2,307.37,10.97,D,0
23.36335,77.79079,335.04,0.42,0.45,2026-06-04,738,N20,VIIRS,l,2,307.28,3.85,D,0
23.39739,77.38789,331.56,0.44,0.46,2026-06-04,738,N20,VIIRS,l,2,304.01,1.69,D,0
23.46555,79.05412,339.91,0.53,0.42,2026-06-04,738,N20,VIIRS,n,2,304.84,4.1,D,0
23.47948,77.82377,334.24,0.41,0.45,2026-06-04,738,N20,VIIRS,l,2,306.93,2.54,D,0
23.53846,77.84346,331.47,0.41,0.45,2026-06-04,738,N20,VIIRS,n,2,302.22,1.44,D,0
23.54904,86.54665,331.89,0.44,0.38,2026-06-04,738,N20,VIIRS,l,2,303.12,2.52,D,2
23.55924,87.24108,338.75,0.47,0.4,2026-06-04,738,N20,VIIRS,n,2,301.29,5.55,D,2
23.56178,87.08405,330.72,0.46,0.39,2026-06-04,738,N20,VIIRS,l,2,302.98,6.26,D,2
23.57078,78.82713,337.87,0.54,0.42,2026-06-04,738,N20,VIIRS,n,2,306.23,10.32,D,0
23.57364,78.82108,336.86,0.54,0.42,2026-06-04,738,N20,VIIRS,n,2,305.15,4.87,D,0
23.61427,86.78919,331.76,0.45,0.39,2026-06-04,738,N20,VIIRS,l,2,304.25,3.09,D,2
23.62495,85.67589,336.83,0.41,0.37,2026-06-04,738,N20,VIIRS,n,2,303.65,2.48,D,0
23.64726,85.44003,348.69,0.41,0.37,2026-06-04,738,N20,VIIRS,n,2,306.97,5.76,D,2
23.64773,78.15454,334.49,0.39,0.44,2026-06-04,738,N20,VIIRS,l,2,307.47,3.13,D,0
23.64911,78.15431,334.46,0.39,0.44,2026-06-04,738,N20,VIIRS,l,2,307.51,2.56,D,0
23.66342,87.15656,344.37,0.47,0.4,2026-06-04,738,N20,VIIRS,n,2,305.52,8.63,D,2
23.67265,86.93561,330.5,0.46,0.39,2026-06-04,738,N20,VIIRS,l,2,301.52,1.69,D,2
23.67293,86.39777,335.24,0.43,0.38,2026-06-04,738,N20,VIIRS,l,2,306.47,5.02,D,2
23.67484,86.08866,334.36,0.42,0.38,2026-06-04,738,N20,VIIRS,n,2,304.27,4.13,D,2
23.67643,86.3972,335.11,0.43,0.38,2026-06-04,738,N20,VIIRS,l,2,306.84,3.87,D,2
23.67701,86.40144,338.7,0.44,0.38,2026-06-04,738,N20,VIIRS,n,2,306.08,3.87,D,2
23.67725,86.39707,340.05,0.44,0.38,2026-06-04,738,N20,VIIRS,n,2,307.82,3.54,D,2
23.67781,86.40133,335.4,0.44,0.38,2026-06-04,738,N20,VIIRS,n,2,304.5,3.54,D,2
23.67992,86.39661,335.09,0.43,0.38,2026-06-04,738,N20,VIIRS,l,2,305.92,3.87,D,2
23.68075,86.3965,337.34,0.44,0.38,2026-06-04,738,N20,VIIRS,n,2,304.91,3.54,D,2
23.6812,86.08342,336.03,0.42,0.38,2026-06-04,738,N20,VIIRS,n,2,303.39,5.31,D,2
23.68369,86.39172,335.25,0.44,0.38,2026-06-04,738,N20,VIIRS,n,2,304.12,3.61,D,2
23.68424,86.39592,340.98,0.44,0.38,2026-06-04,738,N20,VIIRS,n,2,304.68,5.25,D,2
23.68585,87.12243,332.36,0.47,0.39,2026-06-04,738,N20,VIIRS,l,2,302.95,3.93,D,2
23.68718,86.39115,331.53,0.44,0.38,2026-06-04,738,N20,VIIRS,l,2,305.22,3.61,D,2
23.68946,87.12187,335.81,0.47,0.39,2026-06-04,738,N20,VIIRS,n,2,303.16,3.93,D,2
23.69014,87.0985,330.43,0.46,0.39,2026-06-04,738,N20,VIIRS,l,2,303.73,6.48,D,2
23.69308,87.12131,331.35,0.47,0.39,2026-06-04,738,N20,VIIRS,l,2,302.05,5.61,D,2
23.69424,85.37217,331.2,0.4,0.37,2026-06-04,738,N20,VIIRS,l,2,304.56,3.39,D,0
23.69603,85.28735,336.3,0.4,0.37,2026-06-04,738,N20,VIIRS,l,2,308.78,2.94,D,2
23.69659,85.29128,335.09,0.4,0.37,2026-06-04,738,N20,VIIRS,l,2,306.84,2.94,D,2
23.71322,86.45222,346.03,0.44,0.38,2026-06-04,738,N20,VIIRS,n,2,304.57,8.59,D,2
23.73549,86.43124,336,0.44,0.38,2026-06-04,738,N20,VIIRS,n,2,305.58,6.1,D,2
23.73606,86.43551,350.54,0.44,0.38,2026-06-04,738,N20,VIIRS,n,2,307.41,6.1,D,2
23.75714,86.406,336.67,0.44,0.38,2026-06-04,738,N20,VIIRS,n,2,304.55,4.79,D,2
23.75799,85.85358,334.38,0.42,0.37,2026-06-04,738,N20,VIIRS,l,2,306.11,5.92,D,2
23.76007,86.4012,343.53,0.44,0.38,2026-06-04,738,N20,VIIRS,n,2,306.62,4.79,D,2
23.76414,86.40488,348.12,0.44,0.38,2026-06-04,738,N20,VIIRS,n,2,306.99,5.61,D,2
23.76765,86.40434,338.76,0.44,0.38,2026-06-04,738,N20,VIIRS,n,2,304.73,5.61,D,2
23.77293,86.36442,344.16,0.43,0.38,2026-06-04,738,N20,VIIRS,n,2,305.89,8.04,D,2
23.77308,86.19746,337.19,0.43,0.38,2026-06-04,738,N20,VIIRS,n,2,307,7.98,D,2
23.77477,86.21004,334.83,0.43,0.38,2026-06-04,738,N20,VIIRS,l,2,306.33,5.92,D,2
23.77641,86.38988,334.68,0.44,0.38,2026-06-04,738,N20,VIIRS,l,2,305.85,5.1,D,2
23.77824,86.20945,348.26,0.43,0.38,2026-06-04,738,N20,VIIRS,n,2,309.22,5.92,D,2
23.77991,86.38931,343.33,0.44,0.38,2026-06-04,738,N20,VIIRS,n,2,307.72,5.1,D,2
23.78172,86.20888,339.33,0.43,0.38,2026-06-04,738,N20,VIIRS,n,2,306.01,5.36,D,2
23.78216,85.57693,341.44,0.41,0.37,2026-06-04,738,N20,VIIRS,n,2,309.17,8.74,D,0
23.78264,85.57716,340.4,0.41,0.37,2026-06-04,738,N20,VIIRS,n,2,308.87,8.46,D,0
23.78529,86.34199,336.61,0.43,0.38,2026-06-04,738,N20,VIIRS,n,2,306.12,5.13,D,2
23.78611,85.552,334.67,0.41,0.37,2026-06-04,738,N20,VIIRS,l,2,306.27,5.24,D,2
23.79398,86.35357,341.7,0.43,0.38,2026-06-04,738,N20,VIIRS,n,2,304.96,5.4,D,2
23.80163,86.33066,340.11,0.43,0.38,2026-06-04,738,N20,VIIRS,n,2,306.17,4.85,D,2
23.80512,86.3301,341.96,0.43,0.38,2026-06-04,738,N20,VIIRS,n,2,306.98,6.56,D,2
23.81938,78.4268,339.06,0.57,0.43,2026-06-04,738,N20,VIIRS,n,2,305.36,4.5,D,0
23.82022,80.64686,339.67,0.44,0.39,2026-06-04,738,N20,VIIRS,l,2,304.51,7.41,D,0
23.82373,84.57444,341.23,0.39,0.36,2026-06-04,738,N20,VIIRS,n,2,311.07,7.48,D,0
23.82412,85.50079,334.44,0.41,0.37,2026-06-04,738,N20,VIIRS,l,2,307.51,3.34,D,2
23.83092,84.5771,338.87,0.39,0.36,2026-06-04,738,N20,VIIRS,l,2,309.51,5.54,D,0
23.86647,78.43921,336.38,0.56,0.43,2026-06-04,738,N20,VIIRS,n,2,306.31,3.96,D,0
23.99148,79.26064,335.58,0.51,0.41,2026-06-04,738,N20,VIIRS,n,2,300.03,4.79,D,0
24.08022,78.26048,344.39,0.57,0.43,2026-06-04,738,N20,VIIRS,n,2,310.89,11.87,D,0
24.19585,77.73772,339.31,0.41,0.45,2026-06-04,738,N20,VIIRS,n,2,306.81,2.9,D,0
24.33542,81.90815,335.41,0.4,0.37,2026-06-04,738,N20,VIIRS,l,2,305.55,4.23,D,0
24.41047,79.61501,339.62,0.48,0.4,2026-06-04,738,N20,VIIRS,l,2,309.44,12.05,D,0
24.43721,94.4292,329.32,0.43,0.62,2026-06-04,738,N20,VIIRS,n,2,288.24,2.78,D,0
24.49656,79.50629,335.96,0.49,0.4,2026-06-04,738,N20,VIIRS,l,2,306.91,4.06,D,0
24.75019,81.39922,337.85,0.41,0.37,2026-06-04,738,N20,VIIRS,l,2,305.27,8.2,D,0
24.78873,85.17657,339.79,0.41,0.37,2026-06-04,738,N20,VIIRS,n,2,305,7.64,D,0
25.63506,85.68208,334.93,0.43,0.38,2026-06-04,738,N20,VIIRS,n,2,302.35,2.72,D,0
25.9773,93.69399,334.99,0.4,0.6,2026-06-04,738,N20,VIIRS,n,2,285.72,2.95,D,0
26.1923,93.61006,351.87,0.4,0.6,2026-06-04,738,N20,VIIRS,n,2,290.46,6.74,D,0
26.24295,93.6143,346.44,0.4,0.6,2026-06-04,738,N20,VIIRS,n,2,289.65,7.53,D,0
24.14488,73.90768,337.86,0.35,0.57,2026-06-04,739,N20,VIIRS,n,2,296.3,2.45,D,0
24.68166,78.83103,340.27,0.52,0.42,2026-06-04,739,N20,VIIRS,n,2,309.62,9.43,D,0
25.06528,77.59644,335.91,0.4,0.44,2026-06-04,739,N20,VIIRS,l,2,306.12,2.23,D,0
25.36074,78.21678,336.41,0.55,0.43,2026-06-04,739,N20,VIIRS,n,2,306.34,6.98,D,0
25.55434,78.62616,338.59,0.52,0.41,2026-06-04,739,N20,VIIRS,n,2,307.54,10.42,D,0
25.59251,78.62071,345.17,0.52,0.41,2026-06-04,739,N20,VIIRS,n,2,307.93,16.17,D,0
25.59281,78.62277,340.79,0.52,0.41,2026-06-04,739,N20,VIIRS,n,2,307.58,14.29,D,0
25.59776,78.16364,335.49,0.55,0.42,2026-06-04,739,N20,VIIRS,l,2,306.17,4.46,D,0
25.64401,78.49758,339.66,0.52,0.42,2026-06-04,739,N20,VIIRS,n,2,308.54,13.31,D,0
25.67798,78.2638,335.97,0.54,0.42,2026-06-04,739,N20,VIIRS,n,2,305.36,6.25,D,0
25.72965,77.7018,334.3,0.38,0.44,2026-06-04,739,N20,VIIRS,l,2,307.07,2.15,D,0
25.78416,84.62359,333.34,0.4,0.37,2026-06-04,739,N20,VIIRS,n,2,299.59,3.24,D,0
25.94938,78.9273,338.58,0.49,0.41,2026-06-04,739,N20,VIIRS,n,2,306.24,8.15,D,0
26.04762,80.92635,367,0.41,0.37,2026-06-04,739,N20,VIIRS,h,2,305.2,135.72,D,0
26.07605,84.80331,331.18,0.4,0.37,2026-06-04,739,N20,VIIRS,l,2,301.63,0.73,D,0
26.29761,84.42188,334.02,0.4,0.37,2026-06-04,739,N20,VIIRS,n,2,301.96,1.48,D,0
26.34877,87.4774,335.73,0.52,0.41,2026-06-04,739,N20,VIIRS,n,2,300.01,5.14,D,0
26.34937,83.29447,353.3,0.38,0.36,2026-06-04,739,N20,VIIRS,n,2,311.24,7.69,D,0
26.3494,87.48257,334.53,0.52,0.41,2026-06-04,739,N20,VIIRS,n,2,298.89,3.15,D,0
26.35266,83.29386,342.19,0.38,0.36,2026-06-04,739,N20,VIIRS,n,2,302.07,7.69,D,0
26.4655,85.14402,333.68,0.42,0.37,2026-06-04,739,N20,VIIRS,n,2,302.28,1.93,D,0
26.47032,84.42508,333.9,0.4,0.37,2026-06-04,739,N20,VIIRS,n,2,301.53,2,D,0
26.73997,84.57938,336.17,0.4,0.37,2026-06-04,739,N20,VIIRS,n,2,302.52,3.14,D,0
26.87639,77.19446,344.47,0.39,0.44,2026-06-04,739,N20,VIIRS,n,2,309.5,9.21,D,0
26.88795,84.21431,339.47,0.4,0.37,2026-06-04,739,N20,VIIRS,n,2,302.66,3.77,D,0
27.02796,85.38128,330.57,0.43,0.38,2026-06-04,739,N20,VIIRS,l,2,301.07,1.22,D,0
27.05422,72.39772,338.53,0.37,0.58,2026-06-04,739,N20,VIIRS,n,2,301.59,1.56,D,0
27.06269,84.0865,334.78,0.4,0.37,2026-06-04,739,N20,VIIRS,n,2,302.65,2.02,D,0
27.295,85.98471,333.34,0.45,0.39,2026-06-04,739,N20,VIIRS,n,2,295.27,8.54,D,0
27.31079,86.00368,330.43,0.45,0.39,2026-06-04,739,N20,VIIRS,n,2,299.39,1.51,D,0
27.34044,85.95122,345.66,0.45,0.39,2026-06-04,739,N20,VIIRS,n,2,301.63,6.82,D,0
27.85321,84.49185,333.24,0.41,0.37,2026-06-04,739,N20,VIIRS,n,2,298.51,2.92,D,0
28.02422,83.16129,335.93,0.39,0.36,2026-06-04,739,N20,VIIRS,n,2,301.05,4.77,D,0
28.09448,83.08417,339.39,0.39,0.36,2026-06-04,739,N20,VIIRS,n,2,301.8,2.93,D,0
28.09506,83.08812,333.09,0.39,0.36,2026-06-04,739,N20,VIIRS,n,2,302.57,2.93,D,0
28.13782,83.44949,330.44,0.39,0.36,2026-06-04,739,N20,VIIRS,l,2,300.65,1.78,D,0
28.64152,81.98763,332.61,0.38,0.36,2026-06-04,739,N20,VIIRS,l,2,304.27,4.34,D,0
28.69852,82.02465,334.02,0.38,0.36,2026-06-04,739,N20,VIIRS,l,2,308.26,4.19,D,0
28.69934,82.00822,334.42,0.38,0.36,2026-06-04,739,N20,VIIRS,l,2,307.87,4.68,D,0
28.69974,82.03244,350.38,0.38,0.36,2026-06-04,739,N20,VIIRS,l,2,306.8,13.11,D,0
28.70033,82.03632,351.17,0.38,0.36,2026-06-04,739,N20,VIIRS,l,2,305.54,13.11,D,0
28.70241,82.02788,335.59,0.38,0.36,2026-06-04,739,N20,VIIRS,l,2,305.14,4.19,D,0
28.76644,81.29043,341.38,0.39,0.36,2026-06-04,739,N20,VIIRS,l,2,303.86,3.51,D,0
28.76707,81.29434,331.35,0.39,0.36,2026-06-04,739,N20,VIIRS,l,2,302.88,3.51,D,0
27.82078,69.3539,345.05,0.55,0.68,2026-06-04,740,N20,VIIRS,n,2,310.99,10.99,D,0
27.8224,69.35582,346.69,0.55,0.68,2026-06-04,740,N20,VIIRS,n,2,310.77,9.33,D,0
27.97434,69.6212,337.9,0.52,0.67,2026-06-04,740,N20,VIIRS,n,2,306.14,5.22,D,0
28.05248,69.36987,341.55,0.54,0.68,2026-06-04,740,N20,VIIRS,n,2,307.07,6.31,D,2
28.2146,76.07391,342.07,0.43,0.46,2026-06-04,740,N20,VIIRS,n,2,309.91,5.25,D,0
28.36601,69.47754,339.32,0.52,0.67,2026-06-04,740,N20,VIIRS,n,2,307.22,6.62,D,0
28.38862,68.99318,345,0.56,0.68,2026-06-04,740,N20,VIIRS,n,2,311.81,18.53,D,0
28.39028,68.99216,341.41,0.56,0.69,2026-06-04,740,N20,VIIRS,l,2,311.64,14.32,D,0
28.40411,68.82632,342.29,0.57,0.69,2026-06-04,740,N20,VIIRS,n,2,311.34,10.67,D,0
28.44153,69.49705,336.9,0.52,0.67,2026-06-04,740,N20,VIIRS,n,2,304.45,2.79,D,0
28.4427,69.49528,337.92,0.52,0.67,2026-06-04,740,N20,VIIRS,n,2,304.7,2.43,D,0
28.44719,69.54473,335.54,0.51,0.66,2026-06-04,740,N20,VIIRS,l,2,307.39,3.13,D,0
28.44847,69.5498,335.41,0.51,0.66,2026-06-04,740,N20,VIIRS,l,2,306.66,3.13,D,0
28.44994,69.54786,342.09,0.51,0.66,2026-06-04,740,N20,VIIRS,n,2,307.68,5.18,D,0
28.58599,76.42811,346.91,0.4,0.44,2026-06-04,740,N20,VIIRS,n,2,304.75,14.46,D,0
28.69962,77.60307,345.79,0.52,0.42,2026-06-04,740,N20,VIIRS,n,2,306.44,13.87,D,0
28.7004,77.60574,339.66,0.52,0.42,2026-06-04,740,N20,VIIRS,n,2,306.39,9.41,D,0
29.15864,75.83182,339.13,0.42,0.45,2026-06-04,740,N20,VIIRS,n,2,302.95,3.88,D,0
29.26544,80.81802,343.5,0.39,0.37,2026-06-04,740,N20,VIIRS,n,2,304.34,13.77,D,0
29.26814,80.81348,338.33,0.4,0.37,2026-06-04,740,N20,VIIRS,n,2,301.32,3.71,D,0
29.26878,80.81742,337.57,0.39,0.37,2026-06-04,740,N20,VIIRS,n,2,301.17,3.9,D,0
29.43877,80.77052,341.74,0.4,0.37,2026-06-04,740,N20,VIIRS,n,2,301.57,4.49,D,0
29.747,72.5297,337.11,0.32,0.55,2026-06-04,740,N20,VIIRS,n,2,298.16,1.75,D,0
29.9499,74.06512,338.25,0.51,0.5,2026-06-04,740,N20,VIIRS,n,2,298.13,3.78,D,0
29.95314,74.06593,337.23,0.51,0.5,2026-06-04,740,N20,VIIRS,n,2,298.32,3.61,D,0
30.10193,73.136,334.71,0.58,0.52,2026-06-04,740,N20,VIIRS,n,2,303.14,2.79,D,0
30.13816,76.57603,338.5,0.56,0.43,2026-06-04,740,N20,VIIRS,l,2,309.72,7.83,D,0
30.14089,76.56939,335.92,0.56,0.43,2026-06-04,740,N20,VIIRS,l,2,308.12,4.57,D,0
30.14128,76.57227,338.04,0.56,0.43,2026-06-04,740,N20,VIIRS,l,2,309.08,9.84,D,0
30.14202,76.57504,336.57,0.56,0.43,2026-06-04,740,N20,VIIRS,l,2,309.44,4.57,D,0
30.14237,76.57793,338.15,0.56,0.43,2026-06-04,740,N20,VIIRS,l,2,309.49,7.7,D,0
30.2007,72.97379,330.92,0.59,0.53,2026-06-04,740,N20,VIIRS,l,2,302.99,2.19,D,0
30.20659,73.11002,335.14,0.58,0.52,2026-06-04,740,N20,VIIRS,n,2,300.95,3.83,D,0
30.22161,73.33931,331.81,0.56,0.51,2026-06-04,740,N20,VIIRS,l,2,302.15,3.77,D,0
30.2236,73.33739,340.33,0.56,0.51,2026-06-04,740,N20,VIIRS,n,2,304.18,5.58,D,0
30.22622,73.33794,336.2,0.56,0.51,2026-06-04,740,N20,VIIRS,n,2,302.78,3.77,D,0
30.24643,72.95375,334.45,0.59,0.53,2026-06-04,740,N20,VIIRS,n,2,302.77,2.37,D,0
30.3289,79.29472,335.65,0.42,0.38,2026-06-04,740,N20,VIIRS,l,2,299.16,6.01,D,0
30.32963,79.2989,330.34,0.42,0.38,2026-06-04,740,N20,VIIRS,l,2,298.08,5.27,D,0
30.35956,73.57522,337.9,0.54,0.51,2026-06-04,740,N20,VIIRS,n,2,299.11,6.05,D,0
30.39748,73.00027,343.09,0.58,0.52,2026-06-04,740,N20,VIIRS,n,2,301.87,6.2,D,0
30.39883,73.00614,340.41,0.58,0.52,2026-06-04,740,N20,VIIRS,n,2,301.92,6.2,D,0
30.44473,74.54507,342.81,0.47,0.48,2026-06-04,740,N20,VIIRS,n,2,307.11,9.75,D,0
30.46679,73.73623,337.68,0.52,0.5,2026-06-04,740,N20,VIIRS,n,2,300.87,3.18,D,0
30.46742,76.64049,338.12,0.55,0.42,2026-06-04,740,N20,VIIRS,l,2,308.71,3.76,D,0
30.48868,78.61284,340.81,0.45,0.39,2026-06-04,740,N20,VIIRS,n,2,297.7,10.34,D,0
30.48903,72.32758,332.79,0.63,0.54,2026-06-04,740,N20,VIIRS,n,2,299.53,4.11,D,0
30.50049,73.73769,332.43,0.52,0.5,2026-06-04,740,N20,VIIRS,n,2,300.72,2.29,D,0
30.5352,75.10128,340.18,0.44,0.46,2026-06-04,740,N20,VIIRS,n,2,308.19,4.04,D,0
30.55408,73.56634,342.19,0.53,0.5,2026-06-04,740,N20,VIIRS,n,2,300.23,5.05,D,0
30.5896,73.89946,349.65,0.51,0.49,2026-06-04,740,N20,VIIRS,n,2,300.75,7.81,D,0
30.59359,73.68049,345.66,0.52,0.5,2026-06-04,740,N20,VIIRS,n,2,299.09,9.97,D,0
30.6061,76.16649,334.86,0.57,0.43,2026-06-04,740,N20,VIIRS,l,2,307.95,6.44,D,0
30.60638,72.7492,342.3,0.59,0.53,2026-06-04,740,N20,VIIRS,n,2,303.23,3.66,D,0
30.60754,76.16834,335.14,0.57,0.43,2026-06-04,740,N20,VIIRS,l,2,307.34,4.33,D,0
30.6257,73.34877,331.74,0.55,0.51,2026-06-04,740,N20,VIIRS,n,2,298.82,1.71,D,0
30.6272,73.87753,337.46,0.51,0.49,2026-06-04,740,N20,VIIRS,n,2,300.23,4.15,D,0
30.64315,76.45551,344.5,0.55,0.43,2026-06-04,740,N20,VIIRS,n,2,310.64,6.84,D,0
30.65801,76.42777,338.09,0.55,0.43,2026-06-04,740,N20,VIIRS,l,2,308.71,3.09,D,0
30.65811,76.42533,338.4,0.55,0.43,2026-06-04,740,N20,VIIRS,l,2,308.53,2.84,D,0
30.66565,73.74951,331.26,0.52,0.5,2026-06-04,740,N20,VIIRS,n,2,300.25,1.33,D,0
30.6883,73.76148,341.29,0.52,0.5,2026-06-04,740,N20,VIIRS,n,2,302.01,7.9,D,0
30.71887,72.89124,332.97,0.58,0.52,2026-06-04,740,N20,VIIRS,n,2,300.84,2.55,D,0
30.73136,73.91464,351.49,0.51,0.49,2026-06-04,740,N20,VIIRS,n,2,304.1,22.67,D,0
30.74268,74.03058,333.22,0.5,0.49,2026-06-04,740,N20,VIIRS,n,2,300.34,3.84,D,0
30.7555,73.24738,334.61,0.55,0.51,2026-06-04,740,N20,VIIRS,n,2,298.62,3.14,D,0
30.75784,73.24868,331.19,0.55,0.51,2026-06-04,740,N20,VIIRS,n,2,298.35,4.09,D,0
30.7594,73.73332,340.34,0.52,0.5,2026-06-04,740,N20,VIIRS,n,2,300.85,3.69,D,0
30.76076,73.76814,338.92,0.51,0.5,2026-06-04,740,N20,VIIRS,n,2,302.96,3.67,D,0
30.76194,73.76601,338.4,0.51,0.5,2026-06-04,740,N20,VIIRS,n,2,302.92,4.25,D,0
30.76287,73.73405,352.61,0.52,0.5,2026-06-04,740,N20,VIIRS,n,2,303.98,12.95,D,0
30.76385,73.73202,345.33,0.52,0.5,2026-06-04,740,N20,VIIRS,n,2,302.54,6.48,D,0
30.79981,73.76611,351.51,0.51,0.5,2026-06-04,740,N20,VIIRS,n,2,304.33,11.47,D,0
30.83212,73.43645,335.97,0.54,0.5,2026-06-04,740,N20,VIIRS,n,2,301.9,2.56,D,0
30.8342,73.42419,338.6,0.54,0.51,2026-06-04,740,N20,VIIRS,n,2,300.42,4.31,D,0
30.84043,73.90828,345.31,0.5,0.49,2026-06-04,740,N20,VIIRS,n,2,301.17,9.27,D,0
30.85935,73.27583,336.29,0.55,0.51,2026-06-04,740,N20,VIIRS,n,2,299.3,3.66,D,0
30.88113,73.88005,331.36,0.5,0.49,2026-06-04,740,N20,VIIRS,l,2,301.59,3.82,D,0
30.9026,76.0131,334.48,0.38,0.44,2026-06-04,740,N20,VIIRS,l,2,305.53,1.84,D,0
30.9505,74.05655,337.63,0.49,0.49,2026-06-04,740,N20,VIIRS,n,2,300.46,4.03,D,0
30.95194,74.05882,335.82,0.49,0.49,2026-06-04,740,N20,VIIRS,n,2,299.93,5.08,D,0
30.96617,74.34176,331.67,0.47,0.48,2026-06-04,740,N20,VIIRS,n,2,298.7,1.94,D,0
31.189,75.8991,349.14,0.39,0.44,2026-06-04,740,N20,VIIRS,n,2,309.41,4.77,D,0
31.19049,76.15423,338.12,0.56,0.43,2026-06-04,740,N20,VIIRS,n,2,306.97,3.55,D,0
31.38724,76.03767,334.1,0.56,0.43,2026-06-04,740,N20,VIIRS,l,2,307.14,4.19,D,0
31.39112,76.03663,336.77,0.56,0.43,2026-06-04,740,N20,VIIRS,l,2,308.23,4.19,D,0
31.39232,75.77402,342.11,0.39,0.44,2026-06-04,740,N20,VIIRS,n,2,306.41,2.76,D,0
31.41855,75.80988,333.86,0.39,0.44,2026-06-04,740,N20,VIIRS,l,2,307.71,1.4,D,0
31.49706,76.49225,336.22,0.53,0.42,2026-06-04,740,N20,VIIRS,n,2,304.59,5.07,D,0
31.62313,76.24525,330.89,0.55,0.42,2026-06-04,740,N20,VIIRS,l,2,305.66,2.59,D,0
31.03855,73.30714,331.4,0.54,0.51,2026-06-04,741,N20,VIIRS,n,2,301.39,2.18,D,0
31.09823,73.55404,330.94,0.52,0.5,2026-06-04,741,N20,VIIRS,n,2,299.91,2.55,D,0
31.12459,73.63061,334.92,0.51,0.5,2026-06-04,741,N20,VIIRS,n,2,298.77,1.85,D,0
31.29107,72.75891,334.27,0.57,0.52,2026-06-04,741,N20,VIIRS,n,2,297.96,2.32,D,0
31.38667,74.33106,330.2,0.46,0.47,2026-06-04,741,N20,VIIRS,l,2,300.68,1.32,D,0
31.66038,75.02776,341.79,0.42,0.45,2026-06-04,741,N20,VIIRS,n,2,303.2,4.67,D,0
31.66127,75.03208,336.27,0.42,0.45,2026-06-04,741,N20,VIIRS,n,2,302.3,4.86,D,0
31.66479,76.18488,338.28,0.55,0.43,2026-06-04,741,N20,VIIRS,n,2,305.09,5.45,D,0
31.72571,74.26466,339.27,0.46,0.47,2026-06-04,741,N20,VIIRS,n,2,304.28,2.6,D,0
31.79793,73.9134,334.36,0.48,0.48,2026-06-04,741,N20,VIIRS,n,2,302.49,2.65,D,0
31.81266,74.30213,337.14,0.46,0.47,2026-06-04,741,N20,VIIRS,n,2,304.99,2.16,D,0
31.81688,74.3009,331.21,0.46,0.47,2026-06-04,741,N20,VIIRS,l,2,302.27,1.13,D,0
31.81946,74.14384,344.11,0.47,0.47,2026-06-04,741,N20,VIIRS,n,2,302.17,3.35,D,0
31.83651,74.41408,334.51,0.45,0.47,2026-06-04,741,N20,VIIRS,l,2,304.66,3.72,D,0
31.83661,76.99551,341.95,0.5,0.41,2026-06-04,741,N20,VIIRS,n,2,305.38,7.57,D,0
31.85485,74.28982,344.03,0.46,0.47,2026-06-04,741,N20,VIIRS,n,2,306.38,4.57,D,0
31.86068,74.40214,342.72,0.45,0.47,2026-06-04,741,N20,VIIRS,n,2,306.55,4.37,D,0
31.86467,74.48415,336.65,0.44,0.46,2026-06-04,741,N20,VIIRS,n,2,305.18,3.46,D,0
31.86974,74.42406,334.61,0.45,0.47,2026-06-04,741,N20,VIIRS,l,2,306.06,6.47,D,0
31.87071,74.42869,342.62,0.45,0.47,2026-06-04,741,N20,VIIRS,n,2,303.8,5.51,D,0
31.88702,74.28123,338.39,0.46,0.47,2026-06-04,741,N20,VIIRS,n,2,305.82,6.11,D,0
31.88803,74.28592,350.33,0.46,0.47,2026-06-04,741,N20,VIIRS,n,2,306.96,5.53,D,0
31.89326,74.28939,339.36,0.46,0.47,2026-06-04,741,N20,VIIRS,n,2,305.54,5.53,D,0
31.89729,74.30812,341.79,0.45,0.47,2026-06-04,741,N20,VIIRS,n,2,306.6,5.95,D,0
31.91283,74.42197,335.76,0.45,0.47,2026-06-04,741,N20,VIIRS,n,2,305.23,3.74,D,0
31.918,74.42537,344.3,0.45,0.47,2026-06-04,741,N20,VIIRS,n,2,306.61,6.03,D,0
31.93792,74.4147,343.85,0.45,0.47,2026-06-04,741,N20,VIIRS,n,2,303.75,5.31,D,0
31.9447,74.76197,340.3,0.43,0.46,2026-06-04,741,N20,VIIRS,n,2,302.73,5.3,D,0
31.94562,74.7664,349.99,0.43,0.46,2026-06-04,741,N20,VIIRS,n,2,304.29,5.3,D,0
31.96612,74.8026,335.58,0.43,0.46,2026-06-04,741,N20,VIIRS,n,2,304.82,3.65,D,0
31.96633,74.46503,337.61,0.44,0.46,2026-06-04,741,N20,VIIRS,n,2,305.66,15.21,D,0
31.9673,74.4696,346.7,0.44,0.46,2026-06-04,741,N20,VIIRS,n,2,304.31,16.02,D,0
32.01136,74.55341,335.19,0.44,0.46,2026-06-04,741,N20,VIIRS,n,2,303.11,2.91,D,0
32.04415,74.87766,343.82,0.42,0.45,2026-06-04,741,N20,VIIRS,n,2,306.1,7.96,D,0
32.05693,74.39233,336.16,0.45,0.47,2026-06-04,741,N20,VIIRS,n,2,304.65,3.94,D,0
32.06835,74.65346,341.71,0.43,0.46,2026-06-04,741,N20,VIIRS,n,2,303.8,7.57,D,0
32.09396,75.07691,341.88,0.41,0.45,2026-06-04,741,N20,VIIRS,n,2,310.4,7.47,D,0
32.28038,74.38485,341.34,0.44,0.46,2026-06-04,741,N20,VIIRS,n,2,298.51,5.04,D,0
32.33265,75.62795,336.52,0.57,0.43,2026-06-04,741,N20,VIIRS,l,2,309.63,5.36,D,0
32.35854,75.94151,335.73,0.55,0.43,2026-06-04,741,N20,VIIRS,l,2,307.96,6.52,D,0
32.54042,75.9185,331.42,0.55,0.42,2026-06-04,741,N20,VIIRS,n,2,301.23,3.3,D,0
32.54158,75.91676,337.85,0.55,0.42,2026-06-04,741,N20,VIIRS,n,2,302.52,6.02,D,0
32.60972,74.52248,334.52,0.43,0.46,2026-06-04,741,N20,VIIRS,n,2,300.58,2.21,D,0
32.7308,74.53151,331.92,0.42,0.46,2026-06-04,741,N20,VIIRS,n,2,299.41,2.14,D,0
32.80902,74.13059,330.84,0.45,0.47,2026-06-04,741,N20,VIIRS,l,2,301.35,2.93,D,0
32.8274,74.68472,335.47,0.42,0.45,2026-06-04,741,N20,VIIRS,l,2,305.73,3.45,D,0
33.0102,74.34938,330.37,0.43,0.46,2026-06-04,741,N20,VIIRS,n,2,298.95,1.35,D,0
33.0299,74.38065,342.01,0.43,0.46,2026-06-04,741,N20,VIIRS,n,2,299.35,5.15,D,0
33.03222,74.18473,336.58,0.44,0.46,2026-06-04,741,N20,VIIRS,n,2,298.35,4.27,D,0
33.0339,74.37901,343.08,0.43,0.46,2026-06-04,741,N20,VIIRS,n,2,300.02,5.15,D,0
33.03792,74.37745,336.72,0.43,0.46,2026-06-04,741,N20,VIIRS,n,2,302.96,4.66,D,0
33.04245,74.19159,330.58,0.44,0.46,2026-06-04,741,N20,VIIRS,n,2,298.66,2.25,D,0
33.05476,74.10277,342.46,0.44,0.46,2026-06-04,741,N20,VIIRS,n,2,300.67,11.64,D,0
33.05511,74.105,353.47,0.44,0.46,2026-06-04,741,N20,VIIRS,n,2,300.12,11.81,D,0
33.05568,74.10703,339.91,0.44,0.46,2026-06-04,741,N20,VIIRS,n,2,297.08,5.8,D,0
33.1126,74.77455,355.7,0.41,0.45,2026-06-04,741,N20,VIIRS,n,2,301.47,10.77,D,0
35.98421,68.60313,346.14,0.38,0.59,2026-06-04,742,N20,VIIRS,n,2,299.28,2.99,D,0
35.98659,68.59709,330.94,0.38,0.59,2026-06-04,742,N20,VIIRS,n,2,301.03,9.67,D,0
35.98764,68.60109,367,0.38,0.59,2026-06-04,742,N20,VIIRS,h,2,302.08,16.01,D,0
36.70208,68.94555,335.83,0.35,0.57,2026-06-04,742,N20,VIIRS,n,2,301.23,3.13,D,0
19.7149,73.263,331.71,0.72,0.75,2026-06-04,918,N20,VIIRS,n,2,292.41,10.33,D,0
21.77276,72.0956,347.5,0.63,0.72,2026-06-04,919,N20,VIIRS,n,2,293.58,10.56,D,0
21.77587,72.09807,354.52,0.63,0.72,2026-06-04,919,N20,VIIRS,n,2,293,11.34,D,0
22.32888,69.73837,336.22,0.45,0.63,2026-06-04,919,N20,VIIRS,n,2,298.14,2.63,D,0
22.32926,69.74282,338.59,0.45,0.63,2026-06-04,919,N20,VIIRS,n,2,297.65,2.63,D,0
22.80115,70.89501,330.91,0.54,0.68,2026-06-04,919,N20,VIIRS,n,2,294.6,4.17,D,0
23.0778,70.04825,331.18,0.48,0.65,2026-06-04,919,N20,VIIRS,n,2,298.59,2.23,D,0
23.08006,70.04421,335.96,0.48,0.65,2026-06-04,919,N20,VIIRS,n,2,298.72,2.94,D,0
23.08142,68.78802,343.63,0.4,0.6,2026-06-04,919,N20,VIIRS,n,2,297.09,3.44,D,0
23.08172,68.78724,351.88,0.4,0.6,2026-06-04,919,N20,VIIRS,n,2,297.27,5.48,D,0
23.08697,68.78748,333.89,0.4,0.6,2026-06-04,919,N20,VIIRS,n,2,295.44,3.44,D,0
23.45784,72.02454,343.8,0.65,0.73,2026-06-04,919,N20,VIIRS,n,2,291.13,1.77,D,0
23.46047,72.02515,344.17,0.65,0.73,2026-06-04,919,N20,VIIRS,n,2,293.11,7.61,D,0
24.75736,68.32661,334.33,0.39,0.59,2026-06-04,919,N20,VIIRS,l,2,304.83,2.2,D,0
24.82809,68.31191,333.09,0.39,0.59,2026-06-04,919,N20,VIIRS,l,2,303.98,1.77,D,0
24.82856,68.31135,332.48,0.39,0.59,2026-06-04,920,N20,VIIRS,l,2,304.16,1.73,D,0
26.09302,68.88131,336.96,0.44,0.62,2026-06-04,920,N20,VIIRS,l,2,309.28,2.27,D,2
26.15937,68.31805,338.87,0.41,0.6,2026-06-04,920,N20,VIIRS,l,2,313.24,2.18,D,0
27.22949,71.23399,331.13,0.63,0.72,2026-06-04,920,N20,VIIRS,n,2,297.75,2.37,D,0
27.35052,68.05595,338.43,0.4,0.6,2026-06-04,920,N20,VIIRS,l,2,311.39,7.22,D,0
27.35131,68.05608,338.05,0.4,0.6,2026-06-04,920,N20,VIIRS,l,2,311.94,6.7,D,0
27.57459,68.15398,340.87,0.41,0.61,2026-06-04,920,N20,VIIRS,n,2,309.41,7.4,D,0
27.57624,68.15371,343.61,0.41,0.61,2026-06-04,920,N20,VIIRS,n,2,309.27,6.5,D,0
27.67421,68.20023,337.86,0.41,0.61,2026-06-04,920,N20,VIIRS,l,2,310.13,5.73,D,0
28.05349,69.37231,342.43,0.49,0.65,2026-06-04,920,N20,VIIRS,n,2,310.89,4.55,D,2
28.10515,68.69878,343.41,0.45,0.63,2026-06-04,920,N20,VIIRS,l,2,313.72,8.26,D,0
28.19873,68.01187,351.21,0.41,0.6,2026-06-04,920,N20,VIIRS,n,2,315.68,3.34,D,0
28.20287,68.01147,351.38,0.41,0.6,2026-06-04,920,N20,VIIRS,n,2,315.53,4.04,D,0
28.34871,68.99641,345.17,0.47,0.64,2026-06-04,920,N20,VIIRS,l,2,319.73,3,D,0
28.35255,68.99652,346.53,0.47,0.64,2026-06-04,920,N20,VIIRS,l,2,319.06,16.41,D,0
28.39628,69.24606,344.79,0.49,0.65,2026-06-04,920,N20,VIIRS,n,2,313.14,11.85,D,0
28.39825,69.24149,338.84,0.49,0.65,2026-06-04,920,N20,VIIRS,l,2,313.5,6.97,D,0
28.39857,69.24652,339.75,0.49,0.65,2026-06-04,920,N20,VIIRS,l,2,313.32,6.97,D,0
28.40653,69.27637,343.65,0.49,0.65,2026-06-04,920,N20,VIIRS,l,2,313.89,11.14,D,0
28.46367,68.1506,345.22,0.42,0.61,2026-06-04,921,N20,VIIRS,l,2,319.83,3.57,D,0
30.40224,68.52515,336.51,0.46,0.64,2026-06-04,921,N20,VIIRS,l,2,310.41,1.78,D,0
34.70528,71.89481,337.84,0.78,0.78,2026-06-04,922,N20,VIIRS,n,2,285.75,13.22,D,0
34.70723,71.89144,329.83,0.78,0.78,2026-06-04,922,N20,VIIRS,n,2,285.26,10.97,D,0
27.38139,95.33506,303.24,0.78,0.78,2026-06-04,1824,N20,VIIRS,n,2,283.73,1.55,N,0
20.86805,96.38912,300.93,0.58,0.7,2026-06-04,1825,N20,VIIRS,n,2,281.84,0.49,N,2
35.98988,94.82949,305.14,0.43,0.46,2026-06-04,2002,N20,VIIRS,n,2,282.13,1.45,N,2
33.23452,71.51207,299.71,0.69,0.75,2026-06-04,2003,N20,VIIRS,n,2,288.28,0.48,N,2
33.23492,71.51416,299.47,0.69,0.75,2026-06-04,2003,N20,VIIRS,n,2,288.37,0.65,N,2
27.22192,95.34544,305.5,0.35,0.57,2026-06-04,2004,N20,VIIRS,n,2,287.91,0.43,N,2
27.37793,95.33634,313.26,0.35,0.57,2026-06-04,2004,N20,VIIRS,n,2,287.73,1.47,N,0
27.37874,95.33289,311.9,0.35,0.57,2026-06-04,2004,N20,VIIRS,n,2,287.65,1.47,N,0
28.87196,80.15813,304.47,0.39,0.44,2026-06-04,2004,N20,VIIRS,n,2,291.74,1.51,N,0
29.46576,81.01512,299.38,0.53,0.42,2026-06-04,2004,N20,VIIRS,n,2,288.08,0.7,N,0
29.91408,79.87881,301.32,0.41,0.45,2026-06-04,2004,N20,VIIRS,n,2,287.5,0.51,N,0
30.33188,79.30208,300.22,0.45,0.47,2026-06-04,2004,N20,VIIRS,n,2,284.76,1.76,N,0
30.70108,77.24043,300.8,0.6,0.53,2026-06-04,2004,N20,VIIRS,n,2,275.13,1.11,N,0
30.70154,77.23513,296.17,0.6,0.53,2026-06-04,2004,N20,VIIRS,n,2,273.8,1.11,N,0
31.64231,74.241,303.58,0.47,0.64,2026-06-04,2004,N20,VIIRS,n,2,289.81,0.38,N,0
31.64617,74.24006,304.93,0.47,0.64,2026-06-04,2004,N20,VIIRS,n,2,289.63,0.92,N,0
32.57373,72.56351,300.52,0.6,0.7,2026-06-04,2004,N20,VIIRS,n,2,290.14,0.81,N,2
32.89225,71.61559,301.36,0.68,0.74,2026-06-04,2004,N20,VIIRS,n,2,290.3,0.98,N,2
32.89279,71.61604,300.58,0.68,0.74,2026-06-04,2004,N20,VIIRS,n,2,290.39,1.36,N,2
25.03299,87.37676,307.44,0.43,0.38,2026-06-04,2005,N20,VIIRS,n,2,280.15,1.12,N,2
25.03373,87.37254,307.59,0.43,0.38,2026-06-04,2005,N20,VIIRS,n,2,280.34,1.12,N,2
25.03421,87.39008,304.61,0.43,0.38,2026-06-04,2005,N20,VIIRS,n,2,279.52,1.28,N,0
26.64439,79.47814,304.34,0.4,0.44,2026-06-04,2005,N20,VIIRS,n,2,290.82,0.39,N,2
26.76144,83.2076,302.07,0.41,0.37,2026-06-04,2005,N20,VIIRS,n,2,288.53,0.2,N,2
27.23842,86.1716,310.42,0.39,0.36,2026-06-04,2005,N20,VIIRS,n,2,290.19,0.85,N,0
27.31112,85.99768,303.69,0.39,0.36,2026-06-04,2005,N20,VIIRS,n,2,290.51,0.54,N,0
27.33317,85.94593,301.34,0.39,0.36,2026-06-04,2005,N20,VIIRS,n,2,289.87,0.84,N,0
27.33381,85.94205,314.96,0.39,0.36,2026-06-04,2005,N20,VIIRS,n,2,289.48,0.84,N,0
27.33708,85.94277,306.47,0.39,0.36,2026-06-04,2005,N20,VIIRS,n,2,290.34,0.84,N,0
27.34565,85.95267,302.61,0.39,0.36,2026-06-04,2005,N20,VIIRS,n,2,290.82,0.62,N,0
27.35088,86.02513,303.83,0.39,0.36,2026-06-04,2005,N20,VIIRS,n,2,288.96,0.26,N,0
27.35416,86.02583,306.49,0.39,0.36,2026-06-04,2005,N20,VIIRS,n,2,288.95,0.46,N,0
27.40742,85.80166,303.15,0.39,0.36,2026-06-04,2005,N20,VIIRS,n,2,290.34,0.76,N,0
27.41007,85.80619,304.81,0.39,0.36,2026-06-04,2005,N20,VIIRS,n,2,290.21,0.56,N,0
27.41069,85.80238,301.77,0.39,0.36,2026-06-04,2005,N20,VIIRS,n,2,289.99,0.65,N,0
27.42649,85.80963,309,0.39,0.36,2026-06-04,2005,N20,VIIRS,n,2,290.56,0.55,N,0
27.59766,86.07851,309.43,0.39,0.36,2026-06-04,2005,N20,VIIRS,n,2,289.37,1.51,N,0
27.61287,86.08949,307.6,0.39,0.36,2026-06-04,2005,N20,VIIRS,n,2,288.99,1.15,N,0
27.72552,84.81704,305.34,0.39,0.36,2026-06-04,2005,N20,VIIRS,n,2,292.72,0.6,N,0
27.92383,83.14887,303.26,0.42,0.38,2026-06-04,2005,N20,VIIRS,n,2,288.91,0.62,N,0
27.99014,83.07111,303.8,0.42,0.38,2026-06-04,2005,N20,VIIRS,n,2,290.12,0.82,N,0
28.02897,83.19608,299.5,0.42,0.38,2026-06-04,2005,N20,VIIRS,n,2,289.43,0.51,N,0
28.08416,82.85316,318.15,0.43,0.38,2026-06-04,2005,N20,VIIRS,n,2,291,1.62,N,0
28.08479,82.84868,328.27,0.43,0.38,2026-06-04,2005,N20,VIIRS,n,2,291.16,3.57,N,0
20.96232,85.17492,324.15,0.4,0.37,2026-06-04,2006,N20,VIIRS,n,2,292.73,2.56,N,2
20.96295,85.17113,311.79,0.4,0.37,2026-06-04,2006,N20,VIIRS,n,2,291.72,2.56,N,2
20.96313,85.19075,330.38,0.4,0.37,2026-06-04,2006,N20,VIIRS,n,2,290.7,3.08,N,2
20.96358,85.16734,325.74,0.4,0.37,2026-06-04,2006,N20,VIIRS,n,2,292.29,2.28,N,2
20.96376,85.18694,340.97,0.4,0.37,2026-06-04,2006,N20,VIIRS,n,2,292.9,3.08,N,2
20.96421,85.16355,313.48,0.4,0.37,2026-06-04,2006,N20,VIIRS,n,2,291.38,2.28,N,2
20.9644,85.18314,313.6,0.4,0.37,2026-06-04,2006,N20,VIIRS,n,2,291.42,3.54,N,2
20.96566,85.17554,320.76,0.4,0.37,2026-06-04,2006,N20,VIIRS,n,2,291.92,2.79,N,2
20.96629,85.17176,312.16,0.4,0.37,2026-06-04,2006,N20,VIIRS,n,2,290.46,2.79,N,2
20.96648,85.19138,306.71,0.4,0.37,2026-06-04,2006,N20,VIIRS,n,2,289.58,3.08,N,2
20.96692,85.16798,319.8,0.4,0.37,2026-06-04,2006,N20,VIIRS,n,2,290.97,1.57,N,2
20.969,85.17619,345.4,0.4,0.37,2026-06-04,2006,N20,VIIRS,n,2,293.11,2.79,N,2
20.96943,85.15282,333.95,0.4,0.37,2026-06-04,2006,N20,VIIRS,n,2,290.92,2.77,N,2
20.96963,85.17239,323.92,0.4,0.37,2026-06-04,2006,N20,VIIRS,n,2,291.23,2.79,N,2
20.97026,85.16862,306.6,0.4,0.37,2026-06-04,2006,N20,VIIRS,n,2,289.68,1.57,N,2
20.9705,85.12566,309.21,0.4,0.37,2026-06-04,2006,N20,VIIRS,n,2,291.87,2.24,N,2
20.97215,85.15725,307.77,0.4,0.37,2026-06-04,2006,N20,VIIRS,n,2,289.98,3.41,N,0
20.97235,85.17683,334.5,0.4,0.37,2026-06-04,2006,N20,VIIRS,n,2,292.44,3.23,N,2
20.97278,85.15346,306.81,0.4,0.37,2026-06-04,2006,N20,VIIRS,n,2,289.63,2.77,N,2
20.97632,85.17368,322.24,0.4,0.37,2026-06-04,2006,N20,VIIRS,n,2,292.28,3.23,N,2
20.97695,85.16988,315.31,0.4,0.37,2026-06-04,2006,N20,VIIRS,n,2,291.13,3.17,N,2
20.97926,85.13515,351.23,0.4,0.37,2026-06-04,2006,N20,VIIRS,n,2,293.86,5.28,N,2
20.97989,85.13136,310.21,0.4,0.37,2026-06-04,2006,N20,VIIRS,n,2,290.54,3.17,N,2
20.9826,85.13578,313.48,0.4,0.37,2026-06-04,2006,N20,VIIRS,n,2,290.6,5.28,N,2
21.07264,85.04336,311.85,0.4,0.37,2026-06-04,2006,N20,VIIRS,n,2,289.92,1.83,N,2
21.07472,85.05151,304.96,0.4,0.37,2026-06-04,2006,N20,VIIRS,n,2,286.32,1.07,N,0
21.07597,85.04399,307.97,0.4,0.37,2026-06-04,2006,N20,VIIRS,n,2,288.64,1.07,N,2
21.07722,85.03646,311.23,0.4,0.37,2026-06-04,2006,N20,VIIRS,n,2,291.21,2.57,N,2
21.0793,85.04462,307.76,0.4,0.37,2026-06-04,2006,N20,VIIRS,n,2,288.37,1.07,N,0
21.08055,85.03709,311.52,0.4,0.37,2026-06-04,2006,N20,VIIRS,n,2,291.53,2.57,N,2
21.37808,82.18085,323.85,0.4,0.37,2026-06-04,2006,N20,VIIRS,n,2,284.06,4.85,N,0
21.59512,96.23091,303.73,0.54,0.67,2026-06-04,2006,N20,VIIRS,n,2,287.33,2.12,N,0
21.69607,83.31686,302.04,0.39,0.36,2026-06-04,2006,N20,VIIRS,n,2,283.88,1.5,N,0
21.73574,83.1254,316.89,0.39,0.36,2026-06-04,2006,N20,VIIRS,n,2,291.38,4.08,N,0
21.8756,83.49643,310.12,0.39,0.36,2026-06-04,2006,N20,VIIRS,n,2,292.65,4.52,N,2
21.92548,85.22219,314.29,0.39,0.37,2026-06-04,2006,N20,VIIRS,n,2,280.99,1.49,N,2
21.92881,85.22282,304.19,0.39,0.37,2026-06-04,2006,N20,VIIRS,n,2,280.11,1.49,N,2
21.96738,85.31545,308.17,0.4,0.37,2026-06-04,2006,N20,VIIRS,n,2,287.33,1.07,N,2
22.01769,82.18134,308.77,0.41,0.37,2026-06-04,2006,N20,VIIRS,n,2,294.07,4.62,N,2
22.05437,88.12574,306.44,0.5,0.41,2026-06-04,2006,N20,VIIRS,n,2,263.59,1.93,N,2
22.26363,75.13177,307.59,0.33,0.55,2026-06-04,2006,N20,VIIRS,n,2,290.03,0.98,N,2
22.37649,87.27827,306.55,0.45,0.39,2026-06-04,2006,N20,VIIRS,n,2,289.25,0.82,N,2
22.5724,85.89712,305.65,0.41,0.37,2026-06-04,2006,N20,VIIRS,n,2,284.9,3.28,N,2
22.78605,86.00638,306.47,0.41,0.37,2026-06-04,2006,N20,VIIRS,n,2,290.89,1.78,N,0
22.7885,86.19819,311.37,0.41,0.37,2026-06-04,2006,N20,VIIRS,n,2,295.12,2.14,N,2
22.78988,86.21075,310.1,0.41,0.37,2026-06-04,2006,N20,VIIRS,n,2,294.14,1.43,N,2
22.79055,86.20679,316.12,0.41,0.37,2026-06-04,2006,N20,VIIRS,n,2,294.55,1.43,N,2
22.79528,86.19954,313.1,0.41,0.37,2026-06-04,2006,N20,VIIRS,n,2,294.63,2.64,N,3
22.7961,86.19836,312.4,0.41,0.37,2026-06-04,2006,N20,VIIRS,n,2,295.03,1.27,N,2
22.7988,86.20301,309.17,0.41,0.37,2026-06-04,2006,N20,VIIRS,n,2,294.54,1.27,N,2
22.79976,86.09023,311.05,0.41,0.37,2026-06-04,2006,N20,VIIRS,n,2,295,1.23,N,2
22.81203,79.6232,328.27,0.53,0.42,2026-06-04,2006,N20,VIIRS,n,2,287.18,4.07,N,0
22.81461,86.08499,308.01,0.41,0.37,2026-06-04,2006,N20,VIIRS,n,2,293.97,1.25,N,2
22.81514,86.04041,309.06,0.41,0.37,2026-06-04,2006,N20,VIIRS,n,2,293.05,0.78,N,0
22.85897,86.05595,307.95,0.41,0.37,2026-06-04,2006,N20,VIIRS,n,2,293.01,1.05,N,2
22.87517,86.06321,307.88,0.41,0.37,2026-06-04,2006,N20,VIIRS,n,2,293.34,0.66,N,2
23.06875,72.1633,309.81,0.52,0.67,2026-06-04,2006,N20,VIIRS,n,2,295.35,1.36,N,0
23.06922,72.16074,311.75,0.52,0.67,2026-06-04,2006,N20,VIIRS,n,2,295.49,1.55,N,0
23.6566,85.51021,297.93,0.39,0.36,2026-06-04,2006,N20,VIIRS,n,2,284.24,1.05,N,2
23.66865,86.09286,312.45,0.4,0.37,2026-06-04,2006,N20,VIIRS,n,2,289.39,2.37,N,2
23.67667,86.0864,319.65,0.4,0.37,2026-06-04,2006,N20,VIIRS,n,2,290.68,4.08,N,2
23.68207,86.09556,334.6,0.4,0.37,2026-06-04,2006,N20,VIIRS,n,2,289.41,6.83,N,2
23.68513,86.39317,317.84,0.41,0.37,2026-06-04,2006,N20,VIIRS,n,2,277.26,3.71,N,2
23.68919,86.3899,300.31,0.41,0.37,2026-06-04,2006,N20,VIIRS,n,2,276.2,2.26,N,2
23.71084,86.44774,307.65,0.41,0.37,2026-06-04,2006,N20,VIIRS,n,2,281.62,2.26,N,2
23.71355,86.4524,314.41,0.41,0.37,2026-06-04,2006,N20,VIIRS,n,2,280.39,2.26,N,2
23.72846,86.44714,306.95,0.41,0.37,2026-06-04,2006,N20,VIIRS,n,2,280.09,2.01,N,0
23.73791,86.43557,302.99,0.41,0.37,2026-06-04,2006,N20,VIIRS,n,2,275.41,1.7,N,2
23.7455,85.50714,312.81,0.39,0.36,2026-06-04,2006,N20,VIIRS,n,2,291.57,2.79,N,2
23.77398,86.19843,311.65,0.4,0.37,2026-06-04,2006,N20,VIIRS,n,2,287.94,3.47,N,2
23.7746,86.36482,328.42,0.41,0.37,2026-06-04,2006,N20,VIIRS,n,2,286.58,5.37,N,2
23.77537,86.21088,311.97,0.41,0.37,2026-06-04,2006,N20,VIIRS,n,2,287.75,2.06,N,2
23.77603,86.20696,307,0.4,0.37,2026-06-04,2006,N20,VIIRS,n,2,287.5,2.06,N,2
23.77671,86.21015,312.89,0.4,0.37,2026-06-04,2006,N20,VIIRS,n,2,288.26,2.83,N,2
23.77728,86.38996,308.5,0.41,0.37,2026-06-04,2006,N20,VIIRS,n,2,283.15,4.16,N,2
23.77738,86.20623,313.07,0.4,0.37,2026-06-04,2006,N20,VIIRS,n,2,288.45,2.83,N,2
23.77797,86.3655,307.39,0.41,0.37,2026-06-04,2006,N20,VIIRS,n,2,285.22,2.66,N,2
23.78,86.37409,314.21,0.41,0.37,2026-06-04,2006,N20,VIIRS,n,2,286.69,3.88,N,2
23.78007,86.21081,335.39,0.4,0.37,2026-06-04,2006,N20,VIIRS,n,2,289.09,2.83,N,2
23.78066,86.39064,323.38,0.41,0.37,2026-06-04,2006,N20,VIIRS,n,2,286.81,5.45,N,2
23.78542,86.34243,314.63,0.41,0.37,2026-06-04,2006,N20,VIIRS,n,2,285.35,3.34,N,2
23.79354,86.23383,306.12,0.41,0.37,2026-06-04,2006,N20,VIIRS,n,2,286.62,2.71,N,2
23.7942,86.35236,314.6,0.41,0.37,2026-06-04,2006,N20,VIIRS,n,2,285.38,1.95,N,2
23.79758,86.35303,311.16,0.41,0.37,2026-06-04,2006,N20,VIIRS,n,2,285.06,1.95,N,2
23.79825,86.34909,318.24,0.41,0.37,2026-06-04,2006,N20,VIIRS,n,2,286.03,1.95,N,2
23.80096,86.33323,307.36,0.41,0.37,2026-06-04,2006,N20,VIIRS,n,2,284.4,2.11,N,2
23.80164,86.32927,308.31,0.41,0.37,2026-06-04,2006,N20,VIIRS,n,2,284.19,2.64,N,2
23.80501,86.32994,318.28,0.41,0.37,2026-06-04,2006,N20,VIIRS,n,2,286.19,3.41,N,2
23.82192,85.4981,308.25,0.39,0.36,2026-06-04,2006,N20,VIIRS,n,2,292.93,2.18,N,2
23.82505,84.57317,303.98,0.38,0.36,2026-06-04,2006,N20,VIIRS,n,2,288.98,2.23,N,0
23.82524,85.49874,311.53,0.39,0.36,2026-06-04,2006,N20,VIIRS,n,2,292.56,2.18,N,2
24.86031,77.62582,305.55,0.49,0.48,2026-06-04,2006,N20,VIIRS,n,2,290.04,2.33,N,0
24.86199,77.62351,304.17,0.49,0.48,2026-06-04,2006,N20,VIIRS,n,2,290.07,1.29,N,0
19.10435,73.05362,312.71,0.41,0.6,2026-06-04,2007,N20,VIIRS,n,2,292.27,2.63,N,2
19.2091,79.57533,303.7,0.48,0.4,2026-06-04,2007,N20,VIIRS,n,2,282.37,2.84,N,0
19.3392,72.82566,308.66,0.43,0.62,2026-06-04,2007,N20,VIIRS,n,2,292.41,2.48,N,0
19.37375,71.35429,351.62,0.53,0.67,2026-06-04,2007,N20,VIIRS,n,2,293.15,5.3,N,3
19.37422,71.34916,311.49,0.53,0.67,2026-06-04,2007,N20,VIIRS,n,2,292.78,5.3,N,3
19.93825,73.71169,305.1,0.38,0.59,2026-06-04,2007,N20,VIIRS,n,2,290.04,0.47,N,2
19.9637,79.33684,309.24,0.51,0.41,2026-06-04,2007,N20,VIIRS,n,2,283.38,1.68,N,2
20.42497,80.35265,313.16,0.46,0.39,2026-06-04,2007,N20,VIIRS,n,2,288.21,3.13,N,0
20.76152,85.29974,321.75,0.4,0.37,2026-06-04,2007,N20,VIIRS,n,2,291.38,2.19,N,2
20.76407,81.75812,295.44,0.41,0.37,2026-06-04,2007,N20,VIIRS,n,2,271.2,0.63,N,0
20.78596,85.26795,307.72,0.4,0.37,2026-06-04,2007,N20,VIIRS,n,2,289.58,1.29,N,2
20.7866,85.26414,308.47,0.4,0.37,2026-06-04,2007,N20,VIIRS,n,2,289.42,1.29,N,2
20.7906,85.26095,306.98,0.4,0.37,2026-06-04,2007,N20,VIIRS,n,2,290.33,2.26,N,2
20.79524,85.25394,337.06,0.4,0.37,2026-06-04,2007,N20,VIIRS,n,2,289.52,5.35,N,2
20.79795,85.2584,315.34,0.4,0.37,2026-06-04,2007,N20,VIIRS,n,2,289.03,2.22,N,2
20.80466,85.25968,308.44,0.4,0.37,2026-06-04,2007,N20,VIIRS,n,2,289.04,1.42,N,2
20.8053,85.25585,310.12,0.4,0.37,2026-06-04,2007,N20,VIIRS,n,2,288.95,1.43,N,2
20.80865,85.2565,318.41,0.4,0.37,2026-06-04,2007,N20,VIIRS,n,2,289.66,2.06,N,2
20.86356,84.98934,318.62,0.4,0.37,2026-06-04,2007,N20,VIIRS,n,2,285,2.81,N,2
20.86564,84.99752,327.52,0.4,0.37,2026-06-04,2007,N20,VIIRS,n,2,285.94,3.84,N,2
20.86627,84.99374,311.16,0.4,0.37,2026-06-04,2007,N20,VIIRS,n,2,287,2.79,N,2
21.10249,72.63625,336.94,0.46,0.63,2026-06-04,2007,N20,VIIRS,n,2,294.17,5.77,N,2
21.10321,72.63767,324.58,0.46,0.63,2026-06-04,2007,N20,VIIRS,n,2,293.83,3.28,N,2
21.10363,72.6332,317.65,0.46,0.63,2026-06-04,2007,N20,VIIRS,n,2,293.48,3.28,N,2
21.10756,72.64582,339.91,0.46,0.63,2026-06-04,2007,N20,VIIRS,n,2,295.07,8.22,N,2
21.10822,72.64721,329.16,0.46,0.63,2026-06-04,2007,N20,VIIRS,n,2,295.23,3.89,N,2
21.10865,72.64275,309.74,0.46,0.63,2026-06-04,2007,N20,VIIRS,n,2,293.9,3.89,N,2
21.10949,72.63384,306.55,0.46,0.63,2026-06-04,2007,N20,VIIRS,n,2,293.61,4.19,N,2
21.2436,79.22642,308.76,0.53,0.42,2026-06-04,2007,N20,VIIRS,n,2,286.86,1.36,N,2
21.24594,79.22377,314.58,0.53,0.42,2026-06-04,2007,N20,VIIRS,n,2,287.82,1.25,N,2
21.2479,79.20839,307.32,0.53,0.42,2026-06-04,2007,N20,VIIRS,n,2,286.54,0.88,N,0
21.26143,79.19476,308.46,0.53,0.42,2026-06-04,2007,N20,VIIRS,n,2,287.21,1.06,N,0
21.33755,78.97214,308.67,0.55,0.43,2026-06-04,2007,N20,VIIRS,n,2,292.69,3.24,N,0
21.33824,78.96683,310.66,0.55,0.43,2026-06-04,2007,N20,VIIRS,n,2,292.39,3.09,N,0
14.74994,79.68532,319.34,0.43,0.38,2026-06-04,2008,N20,VIIRS,n,2,291.93,1.71,N,0
15.02362,78.01417,306.65,0.52,0.42,2026-06-04,2008,N20,VIIRS,n,2,286.07,2.46,N,2
15.02431,78.01727,306.87,0.52,0.42,2026-06-04,2008,N20,VIIRS,n,2,287.7,2.83,N,2
15.13835,76.70844,304.73,0.42,0.45,2026-06-04,2008,N20,VIIRS,n,2,283.98,0.49,N,2
15.1683,76.38013,311.98,0.44,0.46,2026-06-04,2008,N20,VIIRS,n,2,286.33,1.92,N,2
15.17254,76.38071,301.72,0.44,0.46,2026-06-04,2008,N20,VIIRS,n,2,285.5,0.7,N,2
15.17307,76.37663,305.46,0.44,0.46,2026-06-04,2008,N20,VIIRS,n,2,286.01,0.7,N,2
15.17416,76.69369,307.01,0.42,0.45,2026-06-04,2008,N20,VIIRS,n,2,285.17,0.57,N,2
15.17522,76.65398,307.84,0.42,0.45,2026-06-04,2008,N20,VIIRS,n,2,285.37,1.88,N,2
15.17626,76.678,306.44,0.42,0.45,2026-06-04,2008,N20,VIIRS,n,2,284.88,1.2,N,2
15.17747,77.10173,307.3,0.4,0.44,2026-06-04,2008,N20,VIIRS,n,2,281.54,1.12,N,2
15.17887,76.65845,312.54,0.42,0.45,2026-06-04,2008,N20,VIIRS,n,2,285.32,1.31,N,2
15.17939,76.65454,307.54,0.42,0.45,2026-06-04,2008,N20,VIIRS,n,2,285.37,1.31,N,2
15.18043,76.67855,306.69,0.42,0.45,2026-06-04,2008,N20,VIIRS,n,2,285.4,1.2,N,2
15.182,76.66683,319.14,0.42,0.45,2026-06-04,2008,N20,VIIRS,n,2,284.97,2.26,N,2
15.18459,76.67912,305.79,0.42,0.45,2026-06-04,2008,N20,VIIRS,n,2,285.28,0.8,N,2
15.22613,76.76315,310.47,0.42,0.45,2026-06-04,2008,N20,VIIRS,n,2,285.23,1.03,N,0
16.53188,73.49733,312.36,0.35,0.57,2026-06-04,2008,N20,VIIRS,n,2,287.64,1.08,N,0
17.14034,77.17464,306.98,0.42,0.45,2026-06-04,2008,N20,VIIRS,n,2,289.49,1.05,N,2
18.3109,73.83205,302.81,0.35,0.57,2026-06-04,2008,N20,VIIRS,n,2,291.37,1.32,N,0
18.31124,73.82902,303.9,0.36,0.57,2026-06-04,2008,N20,VIIRS,n,2,291.38,1.37,N,0
18.68788,73.03172,309.57,0.4,0.6,2026-06-04,2008,N20,VIIRS,n,2,293.44,4.2,N,2
10.78416,79.17298,320.07,0.42,0.38,2026-06-04,2009,N20,VIIRS,n,2,289.96,1.85,N,0
10.90069,79.00164,306.8,0.43,0.38,2026-06-04,2009,N20,VIIRS,n,2,290.99,0.53,N,0
11.2619,77.91204,320.11,0.48,0.4,2026-06-04,2009,N20,VIIRS,n,2,290.36,2.08,N,0
11.26251,77.9099,315.76,0.48,0.4,2026-06-04,2009,N20,VIIRS,n,2,290.17,2.23,N,0
11.26992,80.00443,317.94,0.4,0.37,2026-06-04,2009,N20,VIIRS,n,2,283.79,1.57,N,3
12.85496,79.90646,312.16,0.41,0.37,2026-06-04,2009,N20,VIIRS,n,2,288.24,2.68,N,2
13.16151,80.28538,321.04,0.4,0.37,2026-06-04,2009,N20,VIIRS,n,2,291.09,4.51,N,2
13.71082,79.61845,310.2,0.43,0.38,2026-06-04,2009,N20,VIIRS,n,2,289.69,4.12,N,0
13.73231,79.55733,307.97,0.43,0.38,2026-06-04,2009,N20,VIIRS,n,2,286.74,3.87,N,0
13.8981,76.56536,302.94,0.41,0.45,2026-06-04,2009,N20,VIIRS,n,2,285.03,0.54,N,2
10.16677,79.13522,305.79,0.42,0.37,2026-06-04,2010,N20,VIIRS,n,2,290.06,0.64,N,0
10.98942,77.32738,301.33,0.51,0.41,2026-06-04,2010,N20,VIIRS,n,2,281.52,1.26,N,0
35.96455,68.68748,304.23,0.39,0.44,2026-06-04,2143,N20,VIIRS,n,2,288.72,0.77,N,2
32.10815,74.17937,304.87,0.48,0.65,2026-06-04,2144,N20,VIIRS,n,2,290.31,0.71,N,2
32.10886,74.18152,303.51,0.48,0.65,2026-06-04,2144,N20,VIIRS,n,2,290.2,0.39,N,2
32.72121,72.92293,300.22,0.39,0.6,2026-06-04,2144,N20,VIIRS,n,2,288.91,0.65,N,2
32.88726,71.61765,305.44,0.33,0.55,2026-06-04,2144,N20,VIIRS,n,2,292.44,1.08,N,2
33.8017,72.09737,303.14,0.33,0.55,2026-06-04,2144,N20,VIIRS,n,2,291.73,0.81,N,2
34.52507,72.62569,302.75,0.34,0.56,2026-06-04,2144,N20,VIIRS,n,2,286.95,0.31,N,0
34.52725,72.62926,300.05,0.34,0.56,2026-06-04,2144,N20,VIIRS,n,2,287.08,0.28,N,0
34.70991,71.90798,299.66,0.62,0.54,2026-06-04,2144,N20,VIIRS,n,2,287.43,0.98,N,0
34.71152,71.90123,301.01,0.62,0.54,2026-06-04,2144,N20,VIIRS,n,2,287.74,1.35,N,0
34.71355,71.904,314.21,0.62,0.54,2026-06-04,2144,N20,VIIRS,n,2,288.31,2.76,N,0
28.42666,69.70219,308.19,0.32,0.55,2026-06-04,2145,N20,VIIRS,n,2,295.7,1.14,N,2
24.60938,69.24657,311.47,0.36,0.58,2026-06-04,2146,N20,VIIRS,n,2,297,1.11,N,0
24.60974,69.24662,313.57,0.36,0.58,2026-06-04,2146,N20,VIIRS,n,2,296.9,1.23,N,0
25.38869,68.58372,315.1,0.32,0.55,2026-06-04,2146,N20,VIIRS,n,2,299.05,0.72,N,2
25.57118,73.01263,305.84,0.59,0.7,2026-06-04,2146,N20,VIIRS,n,2,293.16,1.69,N,0
28.05125,69.37042,309.02,0.63,0.54,2026-06-04,2146,N20,VIIRS,n,2,297.25,1.04,N,2
22.93244,69.70419,305.71,0.42,0.61,2026-06-04,2147,N20,VIIRS,n,2,295.13,2.43,N,0
9.54214,80.41209,353.72,0.52,0.67,2026-06-05,716,N20,VIIRS,n,2,289.97,9.28,D,0
10.79189,79.66267,331.86,0.56,0.69,2026-06-05,716,N20,VIIRS,n,2,288.99,4.23,D,0
10.79552,79.65928,331.32,0.56,0.68,2026-06-05,716,N20,VIIRS,n,2,289.02,4.93,D,0
12.13243,79.83893,332.8,0.51,0.66,2026-06-05,716,N20,VIIRS,n,2,285.94,4.23,D,0
12.32056,79.73118,340.31,0.51,0.66,2026-06-05,716,N20,VIIRS,n,2,285.86,4.94,D,0
12.52304,80.01635,342.16,0.49,0.65,2026-06-05,716,N20,VIIRS,n,2,287.95,3.71,D,0
12.76465,79.60389,334.3,0.51,0.66,2026-06-05,716,N20,VIIRS,n,2,287.68,4,D,0
12.94025,80.06197,339.55,0.48,0.64,2026-06-05,716,N20,VIIRS,n,2,289.76,5.39,D,0
12.94655,80.00233,335.63,0.48,0.65,2026-06-05,716,N20,VIIRS,n,2,289.9,4.8,D,0
13.29246,79.98886,346.19,0.47,0.64,2026-06-05,717,N20,VIIRS,n,2,289.42,6.21,D,0
13.43081,80.10964,330.2,0.46,0.64,2026-06-05,717,N20,VIIRS,n,2,287.58,3.32,D,0
14.03694,79.92345,330.99,0.46,0.64,2026-06-05,717,N20,VIIRS,n,2,287.08,6.14,D,0
14.0427,79.92224,356.38,0.46,0.64,2026-06-05,717,N20,VIIRS,l,2,286.91,6.14,D,0
14.722,79.95131,331.29,0.45,0.63,2026-06-05,717,N20,VIIRS,n,2,288.12,1.11,D,0
14.7513,79.97101,331.03,0.45,0.63,2026-06-05,717,N20,VIIRS,n,2,288.41,1.72,D,0
15.37442,78.80208,330.06,0.52,0.67,2026-06-05,717,N20,VIIRS,n,2,286.58,5.32,D,0
15.37942,78.79597,335.07,0.52,0.67,2026-06-05,717,N20,VIIRS,n,2,285.94,10.15,D,0
15.38039,78.80051,356.51,0.52,0.67,2026-06-05,717,N20,VIIRS,l,2,287.14,15.78,D,0
15.7609,78.82458,332.2,0.51,0.66,2026-06-05,717,N20,VIIRS,n,2,286.17,8.69,D,0
15.77801,79.90017,330.33,0.43,0.62,2026-06-05,717,N20,VIIRS,n,2,289.59,2.07,D,0
15.94147,79.97832,344.14,0.42,0.61,2026-06-05,717,N20,VIIRS,n,2,290.13,3.82,D,0
16.01685,80.12073,333,0.41,0.61,2026-06-05,717,N20,VIIRS,n,2,290.21,2.82,D,0
16.23695,80.91531,331.88,0.36,0.57,2026-06-05,717,N20,VIIRS,n,2,287.84,2.37,D,0
16.24038,80.01423,333.73,0.41,0.61,2026-06-05,717,N20,VIIRS,n,2,285.68,3.81,D,0
16.24103,80.0141,333.93,0.41,0.61,2026-06-05,717,N20,VIIRS,n,2,285.7,2.72,D,0
16.27862,81.22607,343.58,0.34,0.56,2026-06-05,717,N20,VIIRS,n,2,291.38,6.73,D,0
16.27925,81.22922,331.67,0.34,0.56,2026-06-05,717,N20,VIIRS,n,2,290.66,5.87,D,0
16.28155,81.22684,351.39,0.34,0.56,2026-06-05,717,N20,VIIRS,n,2,290.96,3.17,D,0
16.59874,81.63042,332.63,0.32,0.54,2026-06-05,717,N20,VIIRS,n,2,291.34,3.05,D,0
16.67441,81.33311,336.82,0.33,0.55,2026-06-05,717,N20,VIIRS,n,2,291.04,6.07,D,0
16.67502,81.33616,336.88,0.33,0.55,2026-06-05,717,N20,VIIRS,n,2,289.94,6.48,D,0
16.70992,81.64085,334.89,0.63,0.54,2026-06-05,717,N20,VIIRS,n,2,289.63,7.34,D,0
16.77118,81.64001,334.73,0.63,0.54,2026-06-05,717,N20,VIIRS,n,2,290.25,8.02,D,0
16.49245,79.32589,330.12,0.45,0.63,2026-06-05,718,N20,VIIRS,n,2,287.85,3.22,D,0
16.73552,79.22109,336.55,0.46,0.63,2026-06-05,718,N20,VIIRS,n,2,285.89,4.26,D,0
16.73633,79.22175,345.12,0.46,0.63,2026-06-05,718,N20,VIIRS,n,2,286.03,3.29,D,0
16.77975,81.23725,335.8,0.34,0.56,2026-06-05,718,N20,VIIRS,n,2,284.24,3.87,D,0
16.78535,81.52547,335.8,0.32,0.55,2026-06-05,718,N20,VIIRS,n,2,290.84,1.37,D,0
16.7994,81.30984,342.26,0.33,0.55,2026-06-05,718,N20,VIIRS,n,2,284.9,3.95,D,0
16.80061,81.31594,330.03,0.33,0.55,2026-06-05,718,N20,VIIRS,n,2,285.16,6.27,D,0
16.80122,81.31899,351,0.33,0.55,2026-06-05,718,N20,VIIRS,n,2,284.92,5.58,D,0
16.82139,81.49934,356.27,0.32,0.55,2026-06-05,718,N20,VIIRS,l,2,289.19,7.26,D,0
16.82198,81.5023,330.61,0.32,0.55,2026-06-05,718,N20,VIIRS,n,2,287.52,3.47,D,0
16.84643,81.52176,331.93,0.32,0.55,2026-06-05,718,N20,VIIRS,n,2,286.82,2.38,D,0
16.85375,81.48024,334.74,0.32,0.55,2026-06-05,718,N20,VIIRS,n,2,290.12,2.41,D,0
16.89068,80.46703,330.8,0.38,0.58,2026-06-05,718,N20,VIIRS,n,2,287.53,3.77,D,0
16.89194,80.46658,331.34,0.38,0.58,2026-06-05,718,N20,VIIRS,n,2,287.63,3.27,D,0
16.94094,82.05645,330.97,0.59,0.53,2026-06-05,718,N20,VIIRS,n,2,294.9,6.12,D,0
17.04837,82.19946,330.27,0.57,0.52,2026-06-05,718,N20,VIIRS,n,2,294.05,1.97,D,0
17.21779,81.4571,336.69,0.32,0.54,2026-06-05,718,N20,VIIRS,n,2,291.67,4.55,D,0
17.24837,79.93246,343.51,0.4,0.6,2026-06-05,718,N20,VIIRS,n,2,283.04,7.08,D,0
17.28436,80.85233,332.25,0.35,0.57,2026-06-05,718,N20,VIIRS,n,2,289.21,2.94,D,0
17.31293,81.10216,333.39,0.33,0.56,2026-06-05,718,N20,VIIRS,n,2,289.42,3.55,D,0
17.34336,79.48769,330.04,0.43,0.62,2026-06-05,718,N20,VIIRS,n,2,286.05,3.46,D,0
17.34695,80.86182,337.4,0.35,0.56,2026-06-05,718,N20,VIIRS,n,2,290.75,6.93,D,0
17.3476,80.86501,348.85,0.35,0.56,2026-06-05,718,N20,VIIRS,n,2,290.76,6.03,D,0
17.35592,80.87981,330.95,0.35,0.56,2026-06-05,718,N20,VIIRS,n,2,290.72,3.97,D,0
17.43468,80.75671,330.88,0.35,0.57,2026-06-05,718,N20,VIIRS,n,2,291.36,2.78,D,0
17.45868,81.64664,337.82,0.61,0.54,2026-06-05,718,N20,VIIRS,n,2,291.5,4.43,D,0
17.49931,80.81237,335.82,0.35,0.56,2026-06-05,718,N20,VIIRS,n,2,289.73,2.31,D,0
17.50111,80.8108,332.48,0.35,0.56,2026-06-05,718,N20,VIIRS,n,2,288.98,2.62,D,0
17.59735,83.18357,338.26,0.48,0.48,2026-06-05,718,N20,VIIRS,n,2,293.61,5.15,D,0
17.60424,80.92638,344.18,0.34,0.56,2026-06-05,718,N20,VIIRS,n,2,292.13,3.31,D,0
17.61032,83.20422,339.77,0.48,0.48,2026-06-05,718,N20,VIIRS,n,2,294.29,5.19,D,2
17.66801,79.56017,332.64,0.42,0.61,2026-06-05,718,N20,VIIRS,n,2,281.55,4.68,D,0
17.66879,79.55991,331.12,0.42,0.61,2026-06-05,718,N20,VIIRS,n,2,281.11,3.27,D,0
17.6919,81.79288,333.02,0.59,0.53,2026-06-05,718,N20,VIIRS,n,2,291.48,3.62,D,0
17.92518,82.66279,330.47,0.52,0.5,2026-06-05,718,N20,VIIRS,n,2,289.14,3.99,D,0
17.94823,80.7869,334.9,0.34,0.56,2026-06-05,718,N20,VIIRS,n,2,293.53,3.93,D,0
18.13558,79.60354,348.68,0.4,0.6,2026-06-05,718,N20,VIIRS,n,2,287.64,7.28,D,0
18.13599,79.60332,349.17,0.4,0.6,2026-06-05,718,N20,VIIRS,n,2,287.89,7.08,D,0
18.13635,79.60729,333.5,0.4,0.6,2026-06-05,718,N20,VIIRS,n,2,287.02,6.63,D,0
18.19452,79.1221,331.65,0.43,0.62,2026-06-05,718,N20,VIIRS,n,2,285.1,1.63,D,0
18.22137,79.52082,337.33,0.41,0.6,2026-06-05,718,N20,VIIRS,n,2,281.63,3.56,D,0
18.22195,79.52159,332.99,0.41,0.6,2026-06-05,718,N20,VIIRS,n,2,281.5,3.9,D,0
18.24115,80.51728,332.98,0.35,0.57,2026-06-05,718,N20,VIIRS,n,2,292.89,1.69,D,0
18.35181,78.67229,348.35,0.46,0.64,2026-06-05,718,N20,VIIRS,n,2,290.16,5.97,D,0
18.35188,78.67097,339.06,0.46,0.64,2026-06-05,718,N20,VIIRS,n,2,288.31,7.32,D,0
18.51555,79.09713,338.83,0.43,0.62,2026-06-05,718,N20,VIIRS,n,2,290.96,7.58,D,0
18.52028,79.09189,367,0.43,0.62,2026-06-05,718,N20,VIIRS,h,2,291.53,9.53,D,0
18.52673,79.79665,334.09,0.39,0.59,2026-06-05,718,N20,VIIRS,n,2,288.96,3.49,D,0
18.53009,84.07124,339.83,0.41,0.45,2026-06-05,718,N20,VIIRS,n,2,299.06,5.22,D,0
18.53205,79.7954,330.46,0.39,0.59,2026-06-05,718,N20,VIIRS,n,2,288.83,3.49,D,0
18.53908,83.85305,343.38,0.42,0.45,2026-06-05,718,N20,VIIRS,n,2,296.66,5.58,D,0
18.53915,79.02654,331.17,0.43,0.62,2026-06-05,718,N20,VIIRS,n,2,290.1,3.07,D,0
18.54113,79.02467,335.88,0.43,0.62,2026-06-05,718,N20,VIIRS,n,2,291.31,4.34,D,0
18.54588,84.11154,343.43,0.41,0.45,2026-06-05,718,N20,VIIRS,n,2,299.75,4.3,D,0
18.58303,79.06675,333.99,0.43,0.62,2026-06-05,718,N20,VIIRS,n,2,292.49,1.4,D,0
18.60994,83.81989,340.46,0.42,0.45,2026-06-05,718,N20,VIIRS,n,2,294.77,3.19,D,0
18.61169,79.28004,367,0.42,0.61,2026-06-05,718,N20,VIIRS,h,2,293.22,9.6,D,0
18.61189,79.27886,356.14,0.42,0.61,2026-06-05,718,N20,VIIRS,n,2,293.1,14.45,D,0
18.6127,79.28271,351.83,0.42,0.61,2026-06-05,718,N20,VIIRS,n,2,290.79,12.75,D,0
18.61871,79.5568,331.95,0.4,0.6,2026-06-05,718,N20,VIIRS,n,2,291.68,3.03,D,0
18.62469,83.54377,332.35,0.44,0.46,2026-06-05,718,N20,VIIRS,n,2,300.53,4.07,D,0
18.6433,79.29305,344.06,0.41,0.61,2026-06-05,718,N20,VIIRS,n,2,292.28,5.12,D,0
18.69043,84.37576,350.61,0.39,0.44,2026-06-05,718,N20,VIIRS,n,2,296.74,5.19,D,0
18.72677,79.22873,330.51,0.42,0.61,2026-06-05,718,N20,VIIRS,n,2,293.49,2.45,D,0
18.74384,83.80334,330.97,0.42,0.45,2026-06-05,718,N20,VIIRS,n,2,293.85,3.17,D,0
18.78079,79.83609,333.45,0.38,0.59,2026-06-05,718,N20,VIIRS,n,2,291.56,4.14,D,0
18.79292,79.08336,335.76,0.42,0.61,2026-06-05,718,N20,VIIRS,n,2,293.17,3.32,D,0
18.80827,78.27249,340.87,0.48,0.65,2026-06-05,718,N20,VIIRS,n,2,293.41,5.5,D,0
18.80927,78.27227,335.97,0.48,0.65,2026-06-05,718,N20,VIIRS,n,2,293.07,5.82,D,0
18.87008,79.1183,332.17,0.42,0.61,2026-06-05,718,N20,VIIRS,n,2,294.65,2.83,D,0
18.87092,79.12227,334.27,0.42,0.61,2026-06-05,718,N20,VIIRS,n,2,294.1,2.83,D,0
18.91467,82.74998,333.83,0.49,0.48,2026-06-05,718,N20,VIIRS,n,2,298.96,3.7,D,0
18.93202,79.8342,330.98,0.38,0.58,2026-06-05,718,N20,VIIRS,n,2,294.42,2.41,D,0
18.95011,78.9384,333.32,0.43,0.62,2026-06-05,718,N20,VIIRS,n,2,292.85,4.4,D,0
18.95225,78.93867,331.8,0.43,0.62,2026-06-05,718,N20,VIIRS,n,2,292.26,4.11,D,0
18.96344,79.18176,331.82,0.41,0.61,2026-06-05,718,N20,VIIRS,n,2,294.2,2.86,D,0
18.96425,79.18556,334.03,0.41,0.61,2026-06-05,718,N20,VIIRS,n,2,293.45,3,D,0
18.96444,82.79595,340.04,0.48,0.48,2026-06-05,718,N20,VIIRS,n,2,295.63,2.55,D,0
18.96606,79.51984,340.91,0.39,0.6,2026-06-05,718,N20,VIIRS,n,2,293.13,2.82,D,0
18.98607,83.16969,331.93,0.46,0.47,2026-06-05,718,N20,VIIRS,n,2,293.56,3.15,D,0
19.00526,78.94991,341.06,0.43,0.62,2026-06-05,718,N20,VIIRS,n,2,294.1,4.88,D,0
19.00993,79.10157,331.67,0.42,0.61,2026-06-05,718,N20,VIIRS,n,2,294.29,4.03,D,0
19.03412,79.84698,330.57,0.37,0.58,2026-06-05,718,N20,VIIRS,n,2,294.6,3.52,D,0
19.0386,79.84888,335.85,0.37,0.58,2026-06-05,718,N20,VIIRS,n,2,294.44,1.95,D,0
19.0401,79.84923,336.01,0.37,0.58,2026-06-05,718,N20,VIIRS,n,2,294.37,1.88,D,0
19.06287,79.05546,340.14,0.42,0.61,2026-06-05,718,N20,VIIRS,n,2,293.26,6.55,D,0
19.13126,79.77129,330.79,0.38,0.58,2026-06-05,718,N20,VIIRS,n,2,294.5,3.01,D,0
19.13299,79.77261,336.24,0.38,0.58,2026-06-05,718,N20,VIIRS,n,2,295.03,3.6,D,0
19.1613,82.18896,343,0.52,0.5,2026-06-05,718,N20,VIIRS,n,2,293.94,6.59,D,0
19.16599,82.61731,331.37,0.49,0.49,2026-06-05,718,N20,VIIRS,n,2,294.27,4.01,D,0
19.17476,79.84569,334.57,0.37,0.58,2026-06-05,718,N20,VIIRS,n,2,292.49,3.09,D,0
19.20835,79.57128,331.46,0.39,0.59,2026-06-05,718,N20,VIIRS,n,2,295.49,1.41,D,0
19.20919,79.69441,333.27,0.38,0.59,2026-06-05,718,N20,VIIRS,n,2,296.03,1.05,D,0
19.20934,79.66851,335.33,0.38,0.59,2026-06-05,718,N20,VIIRS,n,2,296.91,2.04,D,0
19.21079,83.3866,331.73,0.44,0.46,2026-06-05,718,N20,VIIRS,n,2,296.58,2.86,D,0
19.21094,83.38938,334.77,0.44,0.46,2026-06-05,718,N20,VIIRS,n,2,296.21,3.29,D,0
19.21134,79.57108,330.84,0.39,0.59,2026-06-05,718,N20,VIIRS,n,2,294.97,1.75,D,0
19.21656,79.72971,331.78,0.38,0.59,2026-06-05,718,N20,VIIRS,n,2,296.07,1.66,D,0
19.22107,84.6489,332.3,0.55,0.43,2026-06-05,718,N20,VIIRS,n,2,296.07,8.07,D,0
19.2247,84.65012,333.21,0.56,0.43,2026-06-05,718,N20,VIIRS,n,2,296.72,5.73,D,0
19.23209,83.3611,336.53,0.44,0.46,2026-06-05,718,N20,VIIRS,n,2,295.15,3.27,D,0
19.23766,84.70071,335.34,0.55,0.43,2026-06-05,718,N20,VIIRS,n,2,296.96,5.8,D,0
19.23824,84.69865,334.94,0.55,0.43,2026-06-05,718,N20,VIIRS,n,2,296.88,3.95,D,0
19.28474,84.31465,334.1,0.39,0.44,2026-06-05,718,N20,VIIRS,n,2,296.59,2.71,D,0
19.32482,83.55549,339.81,0.43,0.46,2026-06-05,718,N20,VIIRS,n,2,293.36,2.41,D,0
19.33791,81.90197,330.08,0.54,0.51,2026-06-05,718,N20,VIIRS,n,2,294.49,7.65,D,0
19.39207,81.96175,330.28,0.54,0.51,2026-06-05,718,N20,VIIRS,n,2,293.2,7.34,D,0
19.46907,82.35071,338.04,0.51,0.49,2026-06-05,718,N20,VIIRS,n,2,293.47,2.76,D,0
19.53005,83.22896,334.05,0.44,0.46,2026-06-05,718,N20,VIIRS,n,2,293.15,4.36,D,0
19.57613,80.14494,330.69,0.35,0.57,2026-06-05,718,N20,VIIRS,n,2,293.45,3.32,D,0
19.57683,80.14826,342.56,0.35,0.57,2026-06-05,718,N20,VIIRS,n,2,293.21,3.32,D,0
19.68384,83.61979,330.36,0.42,0.45,2026-06-05,718,N20,VIIRS,n,2,296.33,1.72,D,0
19.68499,83.61883,330.99,0.42,0.45,2026-06-05,718,N20,VIIRS,n,2,297.03,2.78,D,0
19.71567,82.08368,330.92,0.52,0.5,2026-06-05,718,N20,VIIRS,n,2,289.31,3.32,D,0
19.77271,83.54828,335.89,0.42,0.45,2026-06-05,718,N20,VIIRS,n,2,296.3,1.46,D,0
19.78302,79.67857,337.51,0.37,0.58,2026-06-05,718,N20,VIIRS,n,2,297.89,1.94,D,0
19.78361,79.67818,339.29,0.37,0.58,2026-06-05,718,N20,VIIRS,n,2,298.19,2.77,D,0
19.87719,80.59032,339.59,0.32,0.55,2026-06-05,718,N20,VIIRS,n,2,297.44,3.45,D,0
19.9036,83.89517,336.81,0.4,0.44,2026-06-05,718,N20,VIIRS,n,2,298.19,3.9,D,0
19.92076,82.11756,331.16,0.51,0.5,2026-06-05,718,N20,VIIRS,n,2,292.47,3.91,D,0
19.95689,80.57569,343.6,0.32,0.55,2026-06-05,718,N20,VIIRS,n,2,301.82,5.73,D,0
19.95748,80.57472,340.04,0.32,0.55,2026-06-05,718,N20,VIIRS,n,2,302.22,5.43,D,0
19.95751,80.57874,367,0.32,0.55,2026-06-05,718,N20,VIIRS,h,2,302.29,9.74,D,0
19.95812,80.57775,367,0.32,0.55,2026-06-05,718,N20,VIIRS,h,2,302.98,10.63,D,0
20.03535,79.50189,332.79,0.38,0.58,2026-06-05,718,N20,VIIRS,n,2,296.41,2.55,D,0
20.0361,79.50542,335.17,0.38,0.58,2026-06-05,718,N20,VIIRS,n,2,295.08,2.55,D,0
20.07304,80.55592,334.52,0.32,0.55,2026-06-05,718,N20,VIIRS,n,2,302.12,1.97,D,0
20.09703,80.67792,332.33,0.63,0.54,2026-06-05,718,N20,VIIRS,n,2,300.8,2.4,D,0
20.09813,80.67584,332.56,0.63,0.54,2026-06-05,718,N20,VIIRS,n,2,302.1,4.62,D,0
20.14693,80.48811,330.34,0.32,0.55,2026-06-05,718,N20,VIIRS,l,2,300.34,1.38,D,0
20.25124,81.24919,331.71,0.57,0.52,2026-06-05,718,N20,VIIRS,n,2,295.99,4.39,D,0
20.27689,81.94506,330.94,0.52,0.5,2026-06-05,718,N20,VIIRS,n,2,297.65,2.48,D,0
20.29486,81.94101,333.81,0.52,0.5,2026-06-05,718,N20,VIIRS,n,2,297.04,3.88,D,0
20.2972,81.57253,335.02,0.55,0.51,2026-06-05,718,N20,VIIRS,n,2,296.36,9.79,D,0
20.30077,81.56637,334.88,0.55,0.51,2026-06-05,718,N20,VIIRS,n,2,294.91,5.84,D,0
20.37321,81.76153,330.09,0.53,0.5,2026-06-05,718,N20,VIIRS,n,2,296.17,3.64,D,0
20.38792,94.78832,331.9,0.41,0.45,2026-06-05,718,N20,VIIRS,n,2,301.57,5.64,D,0
20.7586,85.29762,331.79,0.49,0.4,2026-06-05,718,N20,VIIRS,n,2,299.18,6.39,D,2
20.79029,85.26255,333.49,0.49,0.4,2026-06-05,718,N20,VIIRS,n,2,299.08,3.94,D,2
20.79232,85.25258,334.37,0.49,0.4,2026-06-05,718,N20,VIIRS,n,2,298.57,3.1,D,2
20.79314,85.25721,333.01,0.49,0.4,2026-06-05,718,N20,VIIRS,n,2,297.7,3.94,D,2
20.80495,85.25961,331.25,0.49,0.4,2026-06-05,718,N20,VIIRS,n,2,300.47,5.94,D,2
20.83997,84.03716,334.35,0.57,0.43,2026-06-05,718,N20,VIIRS,n,2,300.8,6.55,D,0
20.84095,84.04252,338.11,0.57,0.43,2026-06-05,718,N20,VIIRS,n,2,301.16,6.55,D,0
20.86237,84.98831,334.04,0.5,0.41,2026-06-05,718,N20,VIIRS,n,2,301.16,2.08,D,0
20.88836,84.98303,333.82,0.5,0.41,2026-06-05,718,N20,VIIRS,n,2,301.52,5.19,D,2
20.94892,86.04727,330.79,0.45,0.39,2026-06-05,718,N20,VIIRS,l,2,300.45,3.3,D,2
20.95621,85.01051,341.51,0.5,0.41,2026-06-05,718,N20,VIIRS,n,2,303.77,7.7,D,2
20.96064,85.1846,331.85,0.49,0.4,2026-06-05,718,N20,VIIRS,l,2,302.12,7.29,D,2
20.96146,85.18922,349.35,0.49,0.4,2026-06-05,718,N20,VIIRS,n,2,303.11,11.21,D,2
20.96181,85.16992,336.32,0.49,0.4,2026-06-05,718,N20,VIIRS,n,2,301.41,3.39,D,2
20.96264,85.17458,338.09,0.49,0.4,2026-06-05,718,N20,VIIRS,n,2,300.57,3.39,D,2
20.96356,86.00481,331.37,0.45,0.39,2026-06-05,718,N20,VIIRS,l,2,300.31,1.9,D,2
20.96429,86.00907,333.8,0.45,0.39,2026-06-05,718,N20,VIIRS,l,2,300.85,1.9,D,2
20.96464,85.16451,333.78,0.49,0.4,2026-06-05,718,N20,VIIRS,n,2,299.8,5.92,D,2
20.96548,85.16917,337.17,0.49,0.4,2026-06-05,718,N20,VIIRS,n,2,300.67,3.39,D,2
20.96631,85.17384,338.96,0.49,0.4,2026-06-05,718,N20,VIIRS,n,2,299.94,3.39,D,2
20.96665,85.15443,334.39,0.49,0.4,2026-06-05,718,N20,VIIRS,n,2,299.9,4.39,D,2
20.96714,85.17849,333.98,0.49,0.4,2026-06-05,718,N20,VIIRS,n,2,300.45,6.62,D,2
20.96915,85.16842,330.35,0.49,0.4,2026-06-05,718,N20,VIIRS,l,2,300.46,2.7,D,2
20.96998,85.17308,332.69,0.49,0.4,2026-06-05,718,N20,VIIRS,n,2,300.31,2.7,D,2
20.97032,85.15367,342.68,0.49,0.4,2026-06-05,718,N20,VIIRS,n,2,300.85,4.39,D,2
20.97081,85.17774,343.89,0.49,0.4,2026-06-05,718,N20,VIIRS,n,2,300.19,6.19,D,2
20.97732,85.17158,332.72,0.49,0.4,2026-06-05,718,N20,VIIRS,n,2,300.4,4.53,D,2
20.97802,85.13278,333.35,0.49,0.4,2026-06-05,718,N20,VIIRS,n,2,301.55,7.7,D,2
20.97885,85.13744,345.03,0.49,0.4,2026-06-05,718,N20,VIIRS,n,2,302.39,9.58,D,2
21.07508,85.04266,333.39,0.5,0.41,2026-06-05,718,N20,VIIRS,l,2,303.74,7.53,D,2
21.07792,85.03716,334.59,0.5,0.41,2026-06-05,718,N20,VIIRS,n,2,302.55,5.25,D,2
21.07877,85.04189,335.76,0.5,0.41,2026-06-05,718,N20,VIIRS,n,2,303.7,8.79,D,2
20.14795,78.97971,339.37,0.4,0.6,2026-06-05,719,N20,VIIRS,n,2,296.38,1.76,D,0
20.23875,79.00141,343.72,0.4,0.6,2026-06-05,719,N20,VIIRS,n,2,297.02,1.81,D,0
20.30124,78.315,331.3,0.44,0.63,2026-06-05,719,N20,VIIRS,n,2,295.53,2.8,D,0
20.31018,79.51445,330.17,0.37,0.58,2026-06-05,719,N20,VIIRS,n,2,295.17,4.21,D,0
20.32212,79.72449,335.79,0.36,0.57,2026-06-05,719,N20,VIIRS,n,2,294.68,2.42,D,0
20.32247,79.72348,338.14,0.36,0.57,2026-06-05,719,N20,VIIRS,n,2,294.55,3.32,D,0
20.3236,79.52574,347,0.37,0.58,2026-06-05,719,N20,VIIRS,n,2,295.59,5.13,D,0
20.49366,80.3783,346.02,0.32,0.55,2026-06-05,719,N20,VIIRS,n,2,304.26,5.9,D,0
20.4971,81.36036,330.78,0.56,0.51,2026-06-05,719,N20,VIIRS,n,2,296.75,3.13,D,0
20.50145,79.79601,340.48,0.35,0.57,2026-06-05,719,N20,VIIRS,n,2,298.16,3.47,D,0
20.51256,81.34055,331.72,0.56,0.51,2026-06-05,719,N20,VIIRS,n,2,296.93,5.34,D,0
20.53187,79.81281,336.61,0.35,0.57,2026-06-05,719,N20,VIIRS,n,2,297.78,3.75,D,0
20.60375,80.2072,331.9,0.33,0.55,2026-06-05,719,N20,VIIRS,n,2,301.35,1.98,D,0
20.63609,82.08072,341.19,0.5,0.49,2026-06-05,719,N20,VIIRS,n,2,295.03,4.23,D,0
20.65673,81.99706,335.38,0.51,0.49,2026-06-05,719,N20,VIIRS,n,2,295.23,7.88,D,0
20.65877,82.03126,340.3,0.5,0.49,2026-06-05,719,N20,VIIRS,n,2,295.98,7.52,D,0
20.68968,81.11069,331.67,0.57,0.52,2026-06-05,719,N20,VIIRS,n,2,300.89,5.63,D,0
20.70418,79.94734,344.48,0.34,0.56,2026-06-05,719,N20,VIIRS,n,2,299.56,5.78,D,0
20.70486,79.95052,330.43,0.34,0.56,2026-06-05,719,N20,VIIRS,n,2,297.81,5.17,D,0
20.70623,79.94727,344.94,0.34,0.56,2026-06-05,719,N20,VIIRS,n,2,299.46,2.59,D,0
20.70689,79.95046,330.22,0.34,0.56,2026-06-05,719,N20,VIIRS,n,2,298.01,2.46,D,0
20.71028,77.30552,330.37,0.5,0.66,2026-06-05,719,N20,VIIRS,n,2,294.66,2.67,D,0
20.7184,79.61043,332.86,0.36,0.57,2026-06-05,719,N20,VIIRS,n,2,298.62,3.16,D,0
20.71911,79.61377,343.66,0.36,0.57,2026-06-05,719,N20,VIIRS,n,2,297.91,3.16,D,0
20.72426,79.6125,337.98,0.36,0.57,2026-06-05,719,N20,VIIRS,n,2,298.97,5.09,D,0
20.7347,82.20969,330.05,0.49,0.48,2026-06-05,719,N20,VIIRS,n,2,296.61,3.38,D,0
20.74095,81.55735,332.91,0.54,0.51,2026-06-05,719,N20,VIIRS,n,2,298.32,2.76,D,0
20.75708,81.75904,340.29,0.52,0.5,2026-06-05,719,N20,VIIRS,n,2,298.35,6.94,D,0
20.75732,81.7562,335.45,0.52,0.5,2026-06-05,719,N20,VIIRS,n,2,297.95,7.73,D,0
20.76029,82.55517,340.6,0.46,0.47,2026-06-05,719,N20,VIIRS,n,2,299.68,4.92,D,0
20.76189,80.11911,334.02,0.33,0.55,2026-06-05,719,N20,VIIRS,n,2,302.03,2.93,D,0
20.76323,80.62238,331.66,0.62,0.54,2026-06-05,719,N20,VIIRS,n,2,300.79,2.42,D,0
20.7638,81.76496,333.06,0.52,0.5,2026-06-05,719,N20,VIIRS,n,2,299.29,6.31,D,0
20.76636,79.72873,330.35,0.35,0.57,2026-06-05,719,N20,VIIRS,n,2,296.44,1.89,D,0
20.76649,81.70799,339.1,0.52,0.5,2026-06-05,719,N20,VIIRS,n,2,298.58,5.39,D,0
20.76732,81.75908,344.14,0.52,0.5,2026-06-05,719,N20,VIIRS,n,2,299.43,5.61,D,0
20.77083,80.13659,333.51,0.33,0.55,2026-06-05,719,N20,VIIRS,n,2,302.24,1.38,D,0
20.77183,81.75806,343.15,0.52,0.5,2026-06-05,719,N20,VIIRS,n,2,297.98,5.61,D,0
20.77532,82.42255,341.14,0.47,0.48,2026-06-05,719,N20,VIIRS,n,2,299,5.44,D,0
20.77664,82.42311,339.15,0.47,0.48,2026-06-05,719,N20,VIIRS,n,2,298.15,4.01,D,0
20.78044,81.84768,342.66,0.51,0.5,2026-06-05,719,N20,VIIRS,n,2,298.35,17.89,D,0
20.78395,81.84184,343.7,0.51,0.5,2026-06-05,719,N20,VIIRS,n,2,299.38,7.52,D,0
20.78786,82.41139,342.14,0.47,0.48,2026-06-05,719,N20,VIIRS,n,2,298.87,6.17,D,0
20.79023,81.77945,333.41,0.52,0.5,2026-06-05,719,N20,VIIRS,n,2,298.42,2.25,D,0
20.79473,81.77843,334.21,0.52,0.5,2026-06-05,719,N20,VIIRS,n,2,298.35,2.25,D,0
20.7973,80.16296,332.58,0.33,0.55,2026-06-05,719,N20,VIIRS,n,2,297.23,2.42,D,0
20.79923,81.77743,334,0.52,0.5,2026-06-05,719,N20,VIIRS,n,2,298.46,3.53,D,0
20.80003,82.45039,334.78,0.47,0.48,2026-06-05,719,N20,VIIRS,n,2,299.49,3.37,D,0
20.8009,82.45483,338.61,0.47,0.48,2026-06-05,719,N20,VIIRS,n,2,301.85,19.48,D,0
20.80174,82.43616,330.63,0.47,0.48,2026-06-05,719,N20,VIIRS,n,2,298.72,3.69,D,0
20.80177,82.4593,342.84,0.47,0.48,2026-06-05,719,N20,VIIRS,n,2,297.52,19.48,D,0
20.8026,82.44057,336.41,0.47,0.48,2026-06-05,719,N20,VIIRS,n,2,298.72,3.69,D,0
20.80351,82.46816,331.66,0.47,0.48,2026-06-05,719,N20,VIIRS,n,2,297.88,2.47,D,0
20.80521,82.45387,355.09,0.47,0.48,2026-06-05,719,N20,VIIRS,n,2,299.1,14.42,D,0
20.80566,81.78617,330.79,0.52,0.5,2026-06-05,719,N20,VIIRS,n,2,297.04,3.81,D,0
20.80663,81.79104,336.38,0.52,0.5,2026-06-05,719,N20,VIIRS,n,2,298.34,3.81,D,0
20.80782,82.46719,335.1,0.47,0.48,2026-06-05,719,N20,VIIRS,n,2,299,2.07,D,0
20.81046,81.4546,332.86,0.54,0.51,2026-06-05,719,N20,VIIRS,n,2,299.02,2.81,D,0
20.82503,81.97761,345.06,0.5,0.49,2026-06-05,719,N20,VIIRS,n,2,296.35,9.78,D,0
20.85073,82.17672,333.9,0.49,0.48,2026-06-05,719,N20,VIIRS,n,2,294.77,3.14,D,0
20.85295,82.1185,342.33,0.49,0.49,2026-06-05,719,N20,VIIRS,n,2,295.61,5.86,D,0
20.85512,82.17575,338.95,0.49,0.48,2026-06-05,719,N20,VIIRS,n,2,296.26,3.14,D,0
20.86457,79.24397,333.78,0.38,0.58,2026-06-05,719,N20,VIIRS,n,2,299.04,5.52,D,0
20.86758,81.45234,333.12,0.54,0.51,2026-06-05,719,N20,VIIRS,n,2,299.36,2.17,D,0
20.89134,82.45802,333.18,0.47,0.48,2026-06-05,719,N20,VIIRS,n,2,296.8,7.36,D,0
20.90336,80.14828,331.52,0.33,0.55,2026-06-05,719,N20,VIIRS,n,2,301.28,2.49,D,0
20.91648,82.16219,331.8,0.49,0.48,2026-06-05,719,N20,VIIRS,n,2,298.74,3.19,D,0
20.91763,80.14167,331.04,0.33,0.55,2026-06-05,719,N20,VIIRS,n,2,298.35,1.44,D,0
20.91827,80.14477,336.2,0.33,0.55,2026-06-05,719,N20,VIIRS,n,2,299.48,1.44,D,0
20.99271,83.81257,330.58,0.39,0.44,2026-06-05,719,N20,VIIRS,n,2,298.3,2.87,D,0
20.99339,83.8162,337.61,0.39,0.44,2026-06-05,719,N20,VIIRS,n,2,298.78,3.03,D,0
20.99533,79.78764,335.24,0.34,0.56,2026-06-05,719,N20,VIIRS,n,2,296.65,2.6,D,0
20.996,83.80807,335.18,0.39,0.44,2026-06-05,719,N20,VIIRS,n,2,299.65,2.44,D,0
20.99667,83.81175,331.11,0.39,0.44,2026-06-05,719,N20,VIIRS,n,2,299.78,2.44,D,0
20.99731,82.55914,339.59,0.46,0.47,2026-06-05,719,N20,VIIRS,n,2,298.88,3.05,D,0
21.00063,83.81091,334.87,0.39,0.44,2026-06-05,719,N20,VIIRS,n,2,298.28,2.44,D,0
21.00105,82.22207,343.81,0.48,0.48,2026-06-05,719,N20,VIIRS,n,2,299.83,8.87,D,0
21.00451,82.21653,340.54,0.48,0.48,2026-06-05,719,N20,VIIRS,n,2,299.85,6.18,D,0
21.00541,82.22111,342.25,0.48,0.48,2026-06-05,719,N20,VIIRS,n,2,299.23,6.18,D,0
21.01337,80.77399,330.19,0.59,0.53,2026-06-05,719,N20,VIIRS,n,2,299.07,3.27,D,0
21.02399,82.6134,341.85,0.46,0.47,2026-06-05,719,N20,VIIRS,n,2,299.05,3.95,D,0
21.02584,82.6158,340.9,0.46,0.47,2026-06-05,719,N20,VIIRS,n,2,298.87,3.88,D,0
21.03055,82.66405,330.62,0.45,0.47,2026-06-05,719,N20,VIIRS,n,2,297.47,1.77,D,0
21.06384,79.59386,331.78,0.35,0.57,2026-06-05,719,N20,VIIRS,n,2,298.03,4.38,D,0
21.0653,79.5933,332.22,0.35,0.57,2026-06-05,719,N20,VIIRS,n,2,298.32,3.99,D,0
21.07967,82.51119,338.88,0.46,0.47,2026-06-05,719,N20,VIIRS,n,2,298.9,2.39,D,0
21.08382,82.53281,333.35,0.46,0.47,2026-06-05,719,N20,VIIRS,n,2,298.94,2.38,D,0
21.09678,81.83481,342.89,0.51,0.49,2026-06-05,719,N20,VIIRS,n,2,300.31,6.59,D,0
21.09941,81.83644,344.54,0.51,0.49,2026-06-05,719,N20,VIIRS,n,2,300.99,7.45,D,0
21.10615,80.09798,350.44,0.33,0.55,2026-06-05,719,N20,VIIRS,n,2,299.41,4.46,D,0
21.10791,82.49579,332.65,0.46,0.47,2026-06-05,719,N20,VIIRS,n,2,299.23,2.92,D,0
21.12474,82.43415,334.75,0.47,0.47,2026-06-05,719,N20,VIIRS,n,2,298.06,2.46,D,0
21.12817,79.27986,335.97,0.37,0.58,2026-06-05,719,N20,VIIRS,n,2,299.71,1.66,D,0
21.12817,82.38298,331.31,0.47,0.48,2026-06-05,719,N20,VIIRS,n,2,298.42,3.61,D,0
21.14269,82.29578,331.09,0.47,0.48,2026-06-05,719,N20,VIIRS,n,2,297.44,3.42,D,0
21.15478,82.42754,348.22,0.47,0.47,2026-06-05,719,N20,VIIRS,n,2,297.24,4.15,D,0
21.15647,81.59226,334,0.52,0.5,2026-06-05,719,N20,VIIRS,n,2,300.8,8.7,D,0
21.15822,79.90136,341.05,0.34,0.56,2026-06-05,719,N20,VIIRS,n,2,298.12,5.32,D,0
21.15907,82.42657,334.62,0.47,0.47,2026-06-05,719,N20,VIIRS,n,2,296.55,4.15,D,0
21.16224,82.76098,332.15,0.44,0.46,2026-06-05,719,N20,VIIRS,n,2,297.67,2.97,D,0
21.16237,82.76006,330.33,0.44,0.46,2026-06-05,719,N20,VIIRS,n,2,297.7,1.59,D,0
21.1649,82.50269,334.38,0.46,0.47,2026-06-05,719,N20,VIIRS,n,2,297.67,1.85,D,0
21.16765,82.42467,330.94,0.47,0.47,2026-06-05,719,N20,VIIRS,n,2,296.59,2.93,D,0
21.17798,82.79675,338.46,0.44,0.46,2026-06-05,719,N20,VIIRS,n,2,298.92,5.82,D,0
21.19265,81.39156,335.48,0.54,0.51,2026-06-05,719,N20,VIIRS,n,2,297.31,6.45,D,2
21.19914,82.47232,342.6,0.46,0.47,2026-06-05,719,N20,VIIRS,n,2,296.8,4.9,D,0
21.21189,79.21211,337.93,0.37,0.58,2026-06-05,719,N20,VIIRS,n,2,297.28,4.53,D,0
21.21255,79.21176,334.1,0.37,0.58,2026-06-05,719,N20,VIIRS,n,2,297.3,2.85,D,0
21.21576,83.56123,330.05,0.4,0.44,2026-06-05,719,N20,VIIRS,n,2,299.14,1.59,D,0
21.21722,82.59012,330.2,0.45,0.47,2026-06-05,719,N20,VIIRS,n,2,298.1,2.27,D,0
21.27936,82.77898,335.55,0.44,0.46,2026-06-05,719,N20,VIIRS,n,2,299.3,3.33,D,0
21.2799,82.78027,348.96,0.44,0.46,2026-06-05,719,N20,VIIRS,n,2,299.82,6.26,D,0
21.28014,82.78316,355.77,0.44,0.46,2026-06-05,719,N20,VIIRS,n,2,300.09,5.19,D,0
21.28072,82.78444,353,0.44,0.46,2026-06-05,719,N20,VIIRS,n,2,299.68,7.49,D,0
21.28093,82.78734,330.59,0.44,0.46,2026-06-05,719,N20,VIIRS,n,2,298.22,5.19,D,0
21.30027,82.16894,335.42,0.48,0.48,2026-06-05,719,N20,VIIRS,n,2,300.13,2.06,D,0
21.30533,82.84377,333.45,0.44,0.46,2026-06-05,719,N20,VIIRS,n,2,297.4,4.43,D,0
21.30698,82.94146,341.78,0.43,0.46,2026-06-05,719,N20,VIIRS,n,2,297.33,4.28,D,0
21.30871,82.83876,335.99,0.44,0.46,2026-06-05,719,N20,VIIRS,n,2,298.73,3.93,D,0
21.30874,82.93569,337.41,0.43,0.46,2026-06-05,719,N20,VIIRS,n,2,298.01,4.65,D,0
21.30951,82.84289,342.81,0.44,0.46,2026-06-05,719,N20,VIIRS,n,2,297.7,3.93,D,0
21.30955,82.93246,337.54,0.43,0.46,2026-06-05,719,N20,VIIRS,n,2,298.09,4.97,D,0
21.31026,82.94381,343.88,0.43,0.46,2026-06-05,719,N20,VIIRS,n,2,297.17,12.01,D,0
21.31112,82.94057,340.17,0.43,0.46,2026-06-05,719,N20,VIIRS,n,2,298.23,5.63,D,0
21.32521,82.7663,343.09,0.44,0.46,2026-06-05,719,N20,VIIRS,n,2,300.21,5.72,D,0
21.32601,82.77045,333.73,0.44,0.46,2026-06-05,719,N20,VIIRS,n,2,298.97,5.72,D,0
21.32687,78.22859,335.95,0.43,0.62,2026-06-05,719,N20,VIIRS,n,2,297.31,1.16,D,0
21.32868,78.22761,337.82,0.43,0.62,2026-06-05,719,N20,VIIRS,n,2,297,1.39,D,0
21.33333,82.17561,335.59,0.48,0.48,2026-06-05,719,N20,VIIRS,n,2,299.85,4.59,D,0
21.34555,82.89494,343.71,0.43,0.46,2026-06-05,719,N20,VIIRS,n,2,299.92,5,D,0
21.35944,80.33605,349.37,0.62,0.54,2026-06-05,719,N20,VIIRS,n,2,300.58,8.41,D,0
21.36497,83.98871,335.02,0.56,0.43,2026-06-05,719,N20,VIIRS,n,2,299.26,5.05,D,0
21.38172,81.62736,335.11,0.52,0.5,2026-06-05,719,N20,VIIRS,n,2,302.06,7.98,D,0
21.38259,80.34903,330.29,0.62,0.54,2026-06-05,719,N20,VIIRS,n,2,300.02,2.27,D,0
21.3902,82.90237,335.9,0.43,0.46,2026-06-05,719,N20,VIIRS,n,2,298.15,3.55,D,0
21.3976,77.97878,351.87,0.44,0.62,2026-06-05,719,N20,VIIRS,n,2,302.09,4.72,D,0
21.40158,83.12149,332.56,0.42,0.45,2026-06-05,719,N20,VIIRS,n,2,297.39,4.11,D,0
21.40376,84.02465,345.73,0.56,0.43,2026-06-05,719,N20,VIIRS,n,2,300.15,5.82,D,0
21.4046,84.0276,347.91,0.56,0.43,2026-06-05,719,N20,VIIRS,n,2,300.35,8.86,D,0
21.40472,84.02994,337.04,0.56,0.43,2026-06-05,719,N20,VIIRS,n,2,299.28,5.82,D,0
21.40567,83.12057,333.12,0.42,0.45,2026-06-05,719,N20,VIIRS,n,2,297.31,3.59,D,0
21.40644,83.99419,332.13,0.56,0.43,2026-06-05,719,N20,VIIRS,n,2,299.14,3.94,D,0
21.4065,84.01617,336.24,0.56,0.43,2026-06-05,719,N20,VIIRS,n,2,299.83,8.28,D,0
21.40859,84.02908,339.57,0.56,0.43,2026-06-05,719,N20,VIIRS,n,2,300.11,5.82,D,0
21.41043,83.03255,344.11,0.42,0.45,2026-06-05,719,N20,VIIRS,n,2,299.2,2.62,D,0
21.4153,83.0357,342.25,0.42,0.45,2026-06-05,719,N20,VIIRS,n,2,300.8,5.15,D,0
21.43666,84.17821,336.34,0.54,0.42,2026-06-05,719,N20,VIIRS,n,2,300.86,2.33,D,0
21.44415,80.47468,344.71,0.61,0.53,2026-06-05,719,N20,VIIRS,n,2,302.44,9.88,D,0
21.46251,81.62653,338.91,0.51,0.5,2026-06-05,719,N20,VIIRS,n,2,302.65,8.2,D,0
21.46267,84.14589,338.19,0.55,0.42,2026-06-05,719,N20,VIIRS,n,2,299.42,7.3,D,0
21.48627,82.28378,331,0.47,0.48,2026-06-05,719,N20,VIIRS,n,2,299.16,2.17,D,0
21.49057,82.28281,335.5,0.47,0.48,2026-06-05,719,N20,VIIRS,n,2,300.77,4.71,D,0
21.49253,84.13427,332.21,0.55,0.42,2026-06-05,719,N20,VIIRS,n,2,300.23,2.29,D,0
21.50614,84.09898,330.54,0.55,0.43,2026-06-05,719,N20,VIIRS,n,2,300.12,2.7,D,0
21.5073,79.90202,334.24,0.33,0.55,2026-06-05,719,N20,VIIRS,n,2,297.05,1.3,D,0
21.51346,83.24757,332.34,0.41,0.45,2026-06-05,719,N20,VIIRS,n,2,299.08,1.42,D,0
21.51461,84.0736,335.68,0.55,0.43,2026-06-05,719,N20,VIIRS,n,2,300.21,3.25,D,0
21.52523,84.06596,330.31,0.55,0.43,2026-06-05,719,N20,VIIRS,l,2,301.36,5.34,D,0
21.53972,84.07916,339.76,0.55,0.43,2026-06-05,719,N20,VIIRS,n,2,301.14,6.32,D,0
21.54358,84.07836,336.07,0.55,0.43,2026-06-05,719,N20,VIIRS,n,2,300.55,4.4,D,0
21.55557,80.00735,336.64,0.32,0.55,2026-06-05,719,N20,VIIRS,n,2,299.93,2.05,D,0
21.55624,85.46223,330.03,0.47,0.4,2026-06-05,719,N20,VIIRS,l,2,299.05,3.71,D,0
21.56978,83.25565,343.64,0.41,0.45,2026-06-05,719,N20,VIIRS,n,2,300.99,4.14,D,0
21.57383,83.25477,336.55,0.41,0.45,2026-06-05,719,N20,VIIRS,n,2,299.44,2.03,D,0
21.62102,84.01545,340.25,0.55,0.43,2026-06-05,719,N20,VIIRS,n,2,300.03,3.49,D,0
21.62391,84.0127,336.62,0.55,0.43,2026-06-05,719,N20,VIIRS,n,2,301.79,6.05,D,0
21.62486,84.01801,334.47,0.55,0.43,2026-06-05,719,N20,VIIRS,n,2,300.75,3.69,D,0
21.6249,84.01469,343.52,0.55,0.43,2026-06-05,719,N20,VIIRS,n,2,302.12,9.07,D,0
21.63318,79.0626,342.67,0.37,0.58,2026-06-05,719,N20,VIIRS,n,2,301.71,3.2,D,0
21.66386,83.50832,337.61,0.39,0.44,2026-06-05,719,N20,VIIRS,n,2,300.86,4.78,D,0
21.67668,83.26515,338.3,0.41,0.45,2026-06-05,719,N20,VIIRS,n,2,300.43,3.37,D,0
21.6774,83.26899,333.22,0.41,0.45,2026-06-05,719,N20,VIIRS,n,2,299.66,3.37,D,0
21.67806,84.04164,334.09,0.55,0.43,2026-06-05,719,N20,VIIRS,n,2,302.29,4.83,D,2
21.68118,83.51238,334.59,0.39,0.44,2026-06-05,719,N20,VIIRS,n,2,300.88,3.45,D,0
21.68941,81.73942,337.51,0.5,0.49,2026-06-05,719,N20,VIIRS,n,2,305.38,5.69,D,0
21.6926,83.30563,339.46,0.4,0.44,2026-06-05,719,N20,VIIRS,n,2,301.54,3.91,D,0
21.70317,84.02545,337.27,0.55,0.43,2026-06-05,719,N20,VIIRS,n,2,300.97,5.09,D,0
21.70805,83.12111,342.13,0.41,0.45,2026-06-05,719,N20,VIIRS,n,2,299.9,4.28,D,0
21.71069,83.15714,344.34,0.41,0.45,2026-06-05,719,N20,VIIRS,n,2,302.63,8.16,D,0
21.71783,82.48938,335.92,0.45,0.47,2026-06-05,719,N20,VIIRS,n,2,301.75,3.49,D,0
21.72711,83.42471,333.52,0.4,0.44,2026-06-05,719,N20,VIIRS,n,2,298.54,5.88,D,0
21.72813,83.42445,343.32,0.4,0.44,2026-06-05,719,N20,VIIRS,n,2,297.86,5.44,D,0
21.73544,83.13148,336.42,0.41,0.45,2026-06-05,719,N20,VIIRS,n,2,302.43,3.44,D,0
21.73617,83.13538,346.92,0.41,0.45,2026-06-05,719,N20,VIIRS,n,2,300.79,3.44,D,0
21.73826,83.8405,332.6,0.56,0.43,2026-06-05,719,N20,VIIRS,n,2,301.86,5.71,D,0
21.73877,83.12668,332.73,0.41,0.45,2026-06-05,719,N20,VIIRS,n,2,301.29,5.13,D,0
21.7395,83.13059,340.57,0.41,0.45,2026-06-05,719,N20,VIIRS,n,2,300.81,3.44,D,0
21.74024,83.13451,333.56,0.41,0.45,2026-06-05,719,N20,VIIRS,n,2,300.46,3.44,D,0
21.74098,83.13842,331.89,0.41,0.45,2026-06-05,719,N20,VIIRS,n,2,300.53,4.68,D,0
21.74313,83.84496,341.33,0.56,0.43,2026-06-05,719,N20,VIIRS,n,2,301.69,3.46,D,2
21.74703,83.8441,335.19,0.56,0.43,2026-06-05,719,N20,VIIRS,n,2,301.12,3.46,D,2
21.74728,83.9762,334.15,0.55,0.43,2026-06-05,719,N20,VIIRS,n,2,303.81,5.58,D,0
21.74764,83.12884,343,0.41,0.45,2026-06-05,719,N20,VIIRS,n,2,300.11,7.26,D,0
21.74936,81.80968,341.45,0.5,0.49,2026-06-05,719,N20,VIIRS,n,2,305.07,8.76,D,0
21.75323,81.81134,343.34,0.49,0.49,2026-06-05,719,N20,VIIRS,n,2,303.38,5.5,D,0
21.75602,84.02334,330.99,0.55,0.43,2026-06-05,719,N20,VIIRS,l,2,301.26,6.19,D,2
21.75797,82.74294,339.39,0.43,0.46,2026-06-05,719,N20,VIIRS,n,2,301.59,2.35,D,0
21.77609,82.6787,338.65,0.44,0.46,2026-06-05,719,N20,VIIRS,n,2,300.38,1.96,D,0
21.78115,83.83135,335.81,0.56,0.43,2026-06-05,719,N20,VIIRS,n,2,300.86,6.15,D,2
21.78212,83.83665,337.34,0.56,0.43,2026-06-05,719,N20,VIIRS,n,2,300.83,4.68,D,2
21.79182,83.25247,346.21,0.4,0.45,2026-06-05,719,N20,VIIRS,n,2,302.52,4.98,D,0
21.79962,83.88832,339.47,0.56,0.43,2026-06-05,719,N20,VIIRS,n,2,302.83,7.32,D,0
21.79993,82.96202,332.16,0.42,0.45,2026-06-05,719,N20,VIIRS,n,2,299.9,1.5,D,0
21.80039,75.56802,331.34,0.61,0.71,2026-06-05,719,N20,VIIRS,n,2,298.06,2.45,D,0
21.80411,82.64182,335.76,0.44,0.46,2026-06-05,719,N20,VIIRS,n,2,300.11,4.03,D,0
21.80427,82.68974,330.66,0.44,0.46,2026-06-05,719,N20,VIIRS,n,2,299.84,2.37,D,0
21.8047,82.68929,330.71,0.44,0.46,2026-06-05,719,N20,VIIRS,n,2,299.19,2.18,D,0
21.80505,82.69387,333.62,0.44,0.46,2026-06-05,719,N20,VIIRS,n,2,299.11,2.37,D,0
21.80551,82.69342,337.53,0.44,0.46,2026-06-05,719,N20,VIIRS,n,2,298.92,2.18,D,0
21.8074,82.7063,333.23,0.44,0.46,2026-06-05,719,N20,VIIRS,n,2,301.24,2.97,D,0
21.80793,82.7058,335.24,0.43,0.46,2026-06-05,719,N20,VIIRS,n,2,301.57,1.51,D,0
21.80845,82.68883,332.41,0.44,0.46,2026-06-05,719,N20,VIIRS,n,2,298.73,2.37,D,0
21.80887,82.68839,331.06,0.44,0.46,2026-06-05,719,N20,VIIRS,n,2,299.14,1.81,D,0
21.8091,82.64506,337.98,0.44,0.46,2026-06-05,719,N20,VIIRS,n,2,300.51,3,D,0
21.80923,82.69296,343.29,0.44,0.46,2026-06-05,719,N20,VIIRS,n,2,299.65,2.37,D,0
21.80968,82.69252,340.14,0.44,0.46,2026-06-05,719,N20,VIIRS,n,2,299.75,1.81,D,0
21.81466,82.69574,335.8,0.44,0.46,2026-06-05,719,N20,VIIRS,n,2,301.03,2.68,D,0
21.8246,82.70214,336.2,0.43,0.46,2026-06-05,719,N20,VIIRS,n,2,300.87,1.04,D,0
21.82796,82.69711,341.6,0.44,0.46,2026-06-05,719,N20,VIIRS,n,2,301.01,4.62,D,0
21.8355,82.69116,332.83,0.44,0.46,2026-06-05,719,N20,VIIRS,n,2,300.96,2,D,0
21.8363,82.69527,337.45,0.44,0.46,2026-06-05,719,N20,VIIRS,n,2,302.28,2,D,0
21.83823,82.66036,336.04,0.44,0.46,2026-06-05,719,N20,VIIRS,n,2,300.63,2.06,D,0
21.84268,82.72823,339.12,0.43,0.46,2026-06-05,719,N20,VIIRS,n,2,302.1,2.6,D,0
21.84772,82.61924,338.76,0.44,0.46,2026-06-05,719,N20,VIIRS,n,2,299.24,3.5,D,0
21.85368,82.60485,334.54,0.44,0.46,2026-06-05,719,N20,VIIRS,n,2,299.38,2.79,D,0
21.85448,82.60903,345.33,0.44,0.46,2026-06-05,719,N20,VIIRS,n,2,299.74,6.7,D,0
21.85477,83.04927,340.79,0.41,0.45,2026-06-05,719,N20,VIIRS,n,2,302.3,3.83,D,0
21.85991,82.65993,333.24,0.44,0.46,2026-06-05,719,N20,VIIRS,n,2,298.41,1.49,D,0
21.86229,82.67233,334.3,0.44,0.46,2026-06-05,719,N20,VIIRS,n,2,298.74,1.94,D,0
21.86249,82.6507,331.28,0.44,0.46,2026-06-05,719,N20,VIIRS,n,2,299.78,3.28,D,0
21.86408,82.659,336.03,0.44,0.46,2026-06-05,719,N20,VIIRS,n,2,300.77,6.23,D,0
21.86806,82.04515,348.98,0.48,0.48,2026-06-05,719,N20,VIIRS,n,2,306.23,17.63,D,0
21.86826,82.65809,347.74,0.44,0.46,2026-06-05,719,N20,VIIRS,n,2,300.66,6.23,D,0
21.86864,82.36788,338.91,0.45,0.47,2026-06-05,719,N20,VIIRS,n,2,301.55,3.8,D,0
21.86905,82.66223,355.66,0.44,0.46,2026-06-05,719,N20,VIIRS,n,2,300.77,6.23,D,0
21.86984,82.66636,355.02,0.44,0.46,2026-06-05,719,N20,VIIRS,n,2,301.17,8.8,D,0
21.87105,82.62717,341.2,0.44,0.46,2026-06-05,719,N20,VIIRS,n,2,299.14,4.7,D,0
21.87322,82.66132,344.96,0.44,0.46,2026-06-05,719,N20,VIIRS,n,2,300.44,8,D,0
21.87402,82.66545,341.71,0.44,0.46,2026-06-05,719,N20,VIIRS,n,2,299.93,5.39,D,0
21.87629,82.36169,337.91,0.46,0.47,2026-06-05,719,N20,VIIRS,n,2,301.06,3.35,D,0
21.87884,82.39721,342.25,0.45,0.47,2026-06-05,719,N20,VIIRS,n,2,301.8,5.9,D,0
21.9108,82.65308,340.43,0.44,0.46,2026-06-05,719,N20,VIIRS,n,2,298.48,6.69,D,0
21.9197,83.35253,337.47,0.4,0.44,2026-06-05,719,N20,VIIRS,n,2,304.38,3.5,D,2
21.92184,82.45914,336.13,0.45,0.47,2026-06-05,719,N20,VIIRS,n,2,300.44,3.26,D,0
21.9224,81.99655,336.39,0.48,0.48,2026-06-05,719,N20,VIIRS,n,2,302.79,2.64,D,0
21.9237,83.35168,330.32,0.4,0.44,2026-06-05,719,N20,VIIRS,l,2,301.97,3.5,D,2
21.92409,85.22508,332.8,0.47,0.4,2026-06-05,719,N20,VIIRS,l,2,299.38,6.75,D,2
21.93398,82.38502,334.37,0.45,0.47,2026-06-05,719,N20,VIIRS,n,2,301.59,2.54,D,0
21.93761,83.02234,343.16,0.41,0.45,2026-06-05,719,N20,VIIRS,n,2,302.79,5.47,D,0
21.93791,82.45117,331.36,0.45,0.47,2026-06-05,719,N20,VIIRS,n,2,299.38,2.38,D,0
21.93822,82.38409,334.19,0.45,0.47,2026-06-05,719,N20,VIIRS,n,2,302.4,2.87,D,0
21.94118,82.46812,333.39,0.45,0.47,2026-06-05,719,N20,VIIRS,n,2,299.9,2.46,D,0
21.98167,82.04475,342.71,0.47,0.48,2026-06-05,719,N20,VIIRS,n,2,304.75,6.92,D,0
21.9829,82.32556,340.6,0.46,0.47,2026-06-05,719,N20,VIIRS,n,2,300.96,3.63,D,0
21.98511,82.03923,343.96,0.47,0.48,2026-06-05,719,N20,VIIRS,n,2,304.57,6.92,D,0
21.98796,81.06956,332.37,0.55,0.51,2026-06-05,719,N20,VIIRS,n,2,300.6,4.1,D,0
22.00602,83.0737,339.06,0.41,0.45,2026-06-05,719,N20,VIIRS,n,2,301.04,2.84,D,0
22.0143,82.0442,337.5,0.47,0.48,2026-06-05,719,N20,VIIRS,n,2,305,5.46,D,0
22.0232,82.09637,355.53,0.47,0.48,2026-06-05,719,N20,VIIRS,n,2,305.17,10.35,D,0
22.02416,82.09354,342.44,0.47,0.48,2026-06-05,719,N20,VIIRS,n,2,305.21,7.27,D,0
22.02505,82.09801,344.17,0.47,0.48,2026-06-05,719,N20,VIIRS,n,2,304.96,8.51,D,0
22.03334,82.20692,333.56,0.46,0.47,2026-06-05,719,N20,VIIRS,l,2,304.49,2.42,D,0
22.03737,83.35394,330.06,0.4,0.44,2026-06-05,719,N20,VIIRS,l,2,302,2.98,D,2
22.03755,83.73093,331.11,0.56,0.43,2026-06-05,719,N20,VIIRS,n,2,300.62,3.41,D,2
22.03855,83.73631,333.27,0.56,0.43,2026-06-05,719,N20,VIIRS,n,2,301.22,6.18,D,2
22.04145,83.73008,337.58,0.56,0.43,2026-06-05,719,N20,VIIRS,n,2,301.27,7.71,D,2
22.04227,82.09412,334.87,0.47,0.48,2026-06-05,719,N20,VIIRS,n,2,304.24,4,D,0
22.0429,82.40659,339.84,0.45,0.47,2026-06-05,719,N20,VIIRS,n,2,303.32,3.05,D,0
22.04874,81.67213,344.98,0.5,0.49,2026-06-05,719,N20,VIIRS,n,2,305.75,13.58,D,0
22.04925,83.72839,331.06,0.56,0.43,2026-06-05,719,N20,VIIRS,n,2,300.07,3.28,D,2
22.05089,81.67458,342.41,0.5,0.49,2026-06-05,719,N20,VIIRS,n,2,305.66,12.83,D,0
22.05216,83.72218,333.69,0.56,0.43,2026-06-05,719,N20,VIIRS,n,2,299.56,3.28,D,0
22.05332,82.05891,337.12,0.47,0.48,2026-06-05,719,N20,VIIRS,n,2,304.95,5.55,D,0
22.07039,82.00803,334.8,0.47,0.48,2026-06-05,719,N20,VIIRS,n,2,303.14,5.21,D,0
22.07294,82.38366,333.46,0.45,0.47,2026-06-05,719,N20,VIIRS,n,2,302.5,1.99,D,0
22.07425,82.38622,331.56,0.45,0.47,2026-06-05,719,N20,VIIRS,l,2,302.01,2.82,D,0
22.0765,78.28575,335.26,0.41,0.61,2026-06-05,719,N20,VIIRS,n,2,300.9,3.63,D,0
22.12119,81.94136,338.33,0.48,0.48,2026-06-05,719,N20,VIIRS,n,2,301.16,3.72,D,0
22.12833,78.72656,339.48,0.38,0.59,2026-06-05,719,N20,VIIRS,n,2,303.59,2.61,D,0
22.13927,82.24714,338.22,0.46,0.47,2026-06-05,719,N20,VIIRS,n,2,304.77,4.78,D,0
22.15172,78.56589,339.73,0.39,0.59,2026-06-05,719,N20,VIIRS,n,2,304.59,2.22,D,0
22.15452,78.56446,339.68,0.39,0.59,2026-06-05,719,N20,VIIRS,n,2,304.52,2.91,D,0
22.15755,82.07893,336.06,0.47,0.48,2026-06-05,719,N20,VIIRS,n,2,303.64,5.29,D,0
22.1587,82.15266,336.88,0.46,0.47,2026-06-05,719,N20,VIIRS,n,2,303.37,3.62,D,0
22.16065,82.22993,340.92,0.46,0.47,2026-06-05,719,N20,VIIRS,n,2,303.26,3.68,D,0
22.17247,82.17708,335.91,0.46,0.47,2026-06-05,719,N20,VIIRS,n,2,304.83,2.98,D,0
22.18427,81.82298,339.56,0.48,0.48,2026-06-05,719,N20,VIIRS,n,2,304.34,1.61,D,0
22.18475,80.00213,330.03,0.63,0.54,2026-06-05,719,N20,VIIRS,n,2,297.39,3.47,D,0
22.18499,81.82648,336.92,0.49,0.48,2026-06-05,719,N20,VIIRS,n,2,303.92,2.76,D,0
22.20241,82.21604,334.81,0.46,0.47,2026-06-05,719,N20,VIIRS,n,2,304.37,2.91,D,0
22.20327,82.22041,335.52,0.46,0.47,2026-06-05,719,N20,VIIRS,n,2,303.79,2.91,D,0
22.21386,84.84182,338.94,0.49,0.4,2026-06-05,719,N20,VIIRS,n,2,301.43,10.81,D,2
22.21453,83.08594,333.69,0.41,0.45,2026-06-05,719,N20,VIIRS,n,2,300.86,2.83,D,0
22.21606,82.17187,336.46,0.46,0.47,2026-06-05,719,N20,VIIRS,n,2,304.87,3.95,D,0
22.2376,83.00816,344.8,0.41,0.45,2026-06-05,719,N20,VIIRS,n,2,304.26,12.06,D,0
22.24165,83.00727,331.42,0.41,0.45,2026-06-05,719,N20,VIIRS,n,2,300.12,2.28,D,0
22.24552,79.08775,345.79,0.36,0.57,2026-06-05,719,N20,VIIRS,n,2,304.15,3.52,D,0
22.30679,83.2851,331.13,0.39,0.44,2026-06-05,719,N20,VIIRS,n,2,300.83,1.29,D,0
22.33048,82.60762,333.19,0.43,0.46,2026-06-05,719,N20,VIIRS,n,2,300.68,2.73,D,2
22.33173,82.60754,333.55,0.43,0.46,2026-06-05,719,N20,VIIRS,n,2,302.05,3.49,D,2
22.39076,83.2393,333.58,0.4,0.44,2026-06-05,719,N20,VIIRS,n,2,301.36,2.82,D,0
22.48487,77.65305,334.63,0.44,0.62,2026-06-05,719,N20,VIIRS,n,2,297.06,6.6,D,0
22.48782,77.65153,337.47,0.44,0.62,2026-06-05,719,N20,VIIRS,n,2,297.91,4.11,D,0
22.5569,77.81228,333.86,0.43,0.62,2026-06-05,719,N20,VIIRS,n,2,298.52,4.21,D,0
22.57396,85.89637,335.93,0.44,0.38,2026-06-05,719,N20,VIIRS,l,2,296.24,4.04,D,2
22.58243,79.49282,340.72,0.33,0.56,2026-06-05,719,N20,VIIRS,n,2,302.97,2.24,D,0
22.58638,79.49136,339.96,0.33,0.56,2026-06-05,719,N20,VIIRS,n,2,302.43,1.81,D,0
22.60704,78.46751,331.27,0.39,0.59,2026-06-05,719,N20,VIIRS,l,2,304.95,5.04,D,0
22.79979,86.08958,334.42,0.43,0.38,2026-06-05,719,N20,VIIRS,l,2,292.34,4.96,D,2
22.81163,82.26627,332.83,0.44,0.46,2026-06-05,719,N20,VIIRS,n,2,302.72,3.24,D,0
22.81195,82.2664,332.59,0.44,0.46,2026-06-05,719,N20,VIIRS,n,2,302.56,2.75,D,0
22.86875,79.13348,335.95,0.35,0.56,2026-06-05,719,N20,VIIRS,n,2,299.68,2.43,D,0
23.02777,82.52174,338.62,0.42,0.46,2026-06-05,719,N20,VIIRS,n,2,303.35,5.19,D,0
23.02886,79.87691,334.08,0.62,0.54,2026-06-05,719,N20,VIIRS,n,2,297.93,5.26,D,0
23.06499,83.04922,332.41,0.4,0.44,2026-06-05,719,N20,VIIRS,n,2,301.78,1.93,D,0
23.07266,78.27858,331.31,0.39,0.59,2026-06-05,719,N20,VIIRS,n,2,301.03,2.27,D,0
23.16446,82.34385,331.82,0.43,0.46,2026-06-05,719,N20,VIIRS,n,2,299.84,3.76,D,2
23.28673,78.74403,339.53,0.36,0.57,2026-06-05,719,N20,VIIRS,n,2,303.34,3.34,D,0
23.28746,78.744,337.27,0.36,0.57,2026-06-05,719,N20,VIIRS,n,2,303.1,4.32,D,0
23.38423,79.51435,332.87,0.32,0.55,2026-06-05,719,N20,VIIRS,n,2,298.75,1.79,D,0
23.42871,78.86916,334.24,0.35,0.57,2026-06-05,719,N20,VIIRS,n,2,304.18,2.13,D,0
23.47954,78.42612,335.19,0.37,0.58,2026-06-05,719,N20,VIIRS,n,2,301.06,1.16,D,0
23.52719,78.54135,332.72,0.37,0.58,2026-06-05,719,N20,VIIRS,l,2,302.78,1.8,D,0
23.52795,78.54482,331.57,0.37,0.58,2026-06-05,719,N20,VIIRS,l,2,301.94,1.8,D,0
23.5813,78.7871,334.49,0.35,0.57,2026-06-05,719,N20,VIIRS,l,2,304.77,3.96,D,0
23.61834,79.48794,345.79,0.32,0.54,2026-06-05,719,N20,VIIRS,n,2,300.67,10.81,D,0
23.64872,85.43754,333.82,0.44,0.39,2026-06-05,719,N20,VIIRS,l,2,295.47,7.27,D,2
23.68029,80.36788,336.62,0.56,0.51,2026-06-05,719,N20,VIIRS,n,2,298.75,6.49,D,0
23.71802,79.32038,334.16,0.32,0.55,2026-06-05,719,N20,VIIRS,n,2,302.35,1.63,D,0
23.82427,84.57487,337.95,0.48,0.4,2026-06-05,719,N20,VIIRS,l,2,297.71,8.66,D,0
24.06742,83.89511,335.5,0.51,0.41,2026-06-05,719,N20,VIIRS,l,2,306.51,4.48,D,0
24.09076,82.90859,344.69,0.39,0.44,2026-06-05,719,N20,VIIRS,n,2,303.99,10.95,D,0
24.14733,96.46953,339.78,0.58,0.52,2026-06-05,719,N20,VIIRS,n,2,292.86,4.32,D,0
24.14767,96.47103,338.27,0.58,0.52,2026-06-05,719,N20,VIIRS,n,2,292.61,6.39,D,0
24.80291,94.94734,336.55,0.47,0.48,2026-06-05,719,N20,VIIRS,n,2,295.89,3.56,D,0
23.66876,78.26752,338.48,0.38,0.59,2026-06-05,720,N20,VIIRS,n,2,299.46,1.93,D,0
23.69187,78.34595,332.36,0.37,0.58,2026-06-05,720,N20,VIIRS,n,2,300.22,2.65,D,0
23.79693,78.06297,339.18,0.39,0.59,2026-06-05,720,N20,VIIRS,n,2,300.36,2.09,D,0
23.79777,78.06667,331.77,0.39,0.59,2026-06-05,720,N20,VIIRS,n,2,299.14,2.09,D,0
23.80023,78.06533,344.16,0.39,0.59,2026-06-05,720,N20,VIIRS,n,2,300.07,3.66,D,0
23.80932,78.8522,338.15,0.35,0.56,2026-06-05,720,N20,VIIRS,n,2,302.7,4.61,D,0
24.03905,78.45365,335.23,0.36,0.58,2026-06-05,720,N20,VIIRS,n,2,298.72,1.68,D,0
24.08794,77.89732,343.14,0.39,0.59,2026-06-05,720,N20,VIIRS,n,2,299.53,4.61,D,0
24.09089,77.89466,344.61,0.39,0.59,2026-06-05,720,N20,VIIRS,n,2,300.03,3.44,D,0
24.1686,79.77982,342.62,0.59,0.53,2026-06-05,720,N20,VIIRS,n,2,300.96,4.29,D,0
24.16931,79.78093,344.24,0.59,0.53,2026-06-05,720,N20,VIIRS,n,2,300.34,4.36,D,0
24.18384,81.104,333.87,0.49,0.49,2026-06-05,720,N20,VIIRS,n,2,300.07,3.39,D,0
24.24416,77.374,332.69,0.42,0.61,2026-06-05,720,N20,VIIRS,n,2,295.15,2.54,D,0
24.28164,77.71145,367,0.4,0.6,2026-06-05,720,N20,VIIRS,h,2,298.76,11.37,D,0
24.28697,77.70986,349.68,0.4,0.6,2026-06-05,720,N20,VIIRS,n,2,297.95,3.78,D,0
24.33663,79.04512,342.5,0.33,0.55,2026-06-05,720,N20,VIIRS,n,2,302.22,4.63,D,0
24.33691,79.0447,342.46,0.33,0.55,2026-06-05,720,N20,VIIRS,n,2,301.93,4.76,D,0
24.4044,79.04408,336.45,0.33,0.55,2026-06-05,720,N20,VIIRS,n,2,302,3.46,D,0
24.44008,79.1367,333.43,0.32,0.55,2026-06-05,720,N20,VIIRS,n,2,299.54,3.11,D,0
24.51712,79.29454,335.23,0.63,0.54,2026-06-05,720,N20,VIIRS,n,2,301.75,6.85,D,0
24.55001,79.2093,338.89,0.63,0.54,2026-06-05,720,N20,VIIRS,n,2,302.42,10.16,D,0
24.55621,79.2141,348.51,0.63,0.54,2026-06-05,720,N20,VIIRS,n,2,302.96,13.39,D,0
24.56323,77.53409,334.33,0.4,0.6,2026-06-05,720,N20,VIIRS,n,2,298.93,2.04,D,0
24.56407,77.533,337.97,0.4,0.6,2026-06-05,720,N20,VIIRS,n,2,299.66,2.8,D,0
24.57378,79.24788,344.03,0.63,0.54,2026-06-05,720,N20,VIIRS,n,2,302.29,11.05,D,0
24.58735,79.75666,331.39,0.58,0.52,2026-06-05,720,N20,VIIRS,n,2,300,3.54,D,0
24.72156,79.29556,336.68,0.62,0.54,2026-06-05,720,N20,VIIRS,n,2,301.93,5.1,D,0
24.81991,79.9838,342.08,0.56,0.51,2026-06-05,720,N20,VIIRS,n,2,302.48,6.04,D,0
24.83071,78.19242,331.23,0.36,0.57,2026-06-05,720,N20,VIIRS,n,2,295.23,2.97,D,0
24.86605,79.51881,332.03,0.6,0.53,2026-06-05,720,N20,VIIRS,n,2,300.08,1.71,D,0
24.87582,78.71604,332.88,0.33,0.56,2026-06-05,720,N20,VIIRS,n,2,298.33,1.01,D,0
24.88078,78.7625,330.56,0.33,0.55,2026-06-05,720,N20,VIIRS,n,2,297.51,1.99,D,0
25.01552,81.84946,335.88,0.43,0.46,2026-06-05,720,N20,VIIRS,n,2,299.26,2.99,D,0
25.11621,77.17484,332.04,0.41,0.61,2026-06-05,720,N20,VIIRS,n,2,297.23,2.14,D,0
25.11679,77.17757,337.7,0.41,0.61,2026-06-05,720,N20,VIIRS,n,2,297.36,2.08,D,0
25.43316,78.73218,332.72,0.32,0.55,2026-06-05,720,N20,VIIRS,n,2,299.09,2.21,D,0
25.48981,78.84885,367,0.32,0.54,2026-06-05,720,N20,VIIRS,h,2,300.16,6.86,D,0
25.55254,79.77044,338.95,0.56,0.51,2026-06-05,720,N20,VIIRS,n,2,304.94,6.28,D,0
25.62617,78.63547,336.26,0.33,0.55,2026-06-05,720,N20,VIIRS,n,2,301.23,3.43,D,0
25.73075,77.70706,332.85,0.37,0.58,2026-06-05,720,N20,VIIRS,n,2,294.83,3.31,D,0
25.78813,84.26138,339.06,0.47,0.4,2026-06-05,720,N20,VIIRS,l,2,303.51,6.31,D,0
25.82952,79.22349,333.77,0.59,0.53,2026-06-05,720,N20,VIIRS,n,2,300.4,5.68,D,0
25.87185,82.00848,332.75,0.4,0.45,2026-06-05,720,N20,VIIRS,n,2,299.78,1.65,D,0
26.26165,79.33109,340.87,0.57,0.52,2026-06-05,720,N20,VIIRS,n,2,302.61,5.9,D,0
26.26254,79.32942,339.35,0.57,0.52,2026-06-05,720,N20,VIIRS,n,2,302.05,4.86,D,0
26.38163,82.03165,341.07,0.4,0.44,2026-06-05,720,N20,VIIRS,n,2,299.05,3.45,D,0
26.38307,82.03204,334.13,0.39,0.44,2026-06-05,720,N20,VIIRS,n,2,298.42,3.64,D,0
26.47997,81.56139,331.25,0.42,0.45,2026-06-05,720,N20,VIIRS,n,2,298.91,1.61,D,0
26.58701,79.99302,339.25,0.51,0.5,2026-06-05,720,N20,VIIRS,n,2,302.01,3.37,D,0
26.62973,81.51258,335.11,0.42,0.45,2026-06-05,720,N20,VIIRS,n,2,299.51,2.65,D,0
27.08264,87.169,336.98,0.38,0.36,2026-06-05,720,N20,VIIRS,n,2,298.69,3.68,D,0
27.08594,87.16838,330.82,0.38,0.36,2026-06-05,720,N20,VIIRS,n,2,300.44,3.35,D,0
27.20589,86.2504,334.32,0.39,0.36,2026-06-05,720,N20,VIIRS,n,2,297.12,2.96,D,0
27.20921,86.24975,337.3,0.39,0.36,2026-06-05,720,N20,VIIRS,n,2,297.12,2.96,D,0
27.21914,86.39634,345.33,0.39,0.36,2026-06-05,720,N20,VIIRS,n,2,298,4.43,D,0
27.24066,86.17352,336.3,0.39,0.37,2026-06-05,720,N20,VIIRS,l,2,300.97,5.92,D,0
27.34974,86.02591,346.67,0.4,0.37,2026-06-05,720,N20,VIIRS,n,2,301.08,8.49,D,0
27.42636,85.80804,330.57,0.4,0.37,2026-06-05,720,N20,VIIRS,l,2,300.38,5.72,D,0
27.60019,86.07706,333.14,0.39,0.37,2026-06-05,720,N20,VIIRS,l,2,301.04,6.06,D,0
27.62075,86.07693,332.34,0.39,0.37,2026-06-05,720,N20,VIIRS,l,2,301.05,5.8,D,0
27.64923,86.08351,333.53,0.39,0.36,2026-06-05,720,N20,VIIRS,l,2,299.43,5.8,D,0
28.11354,80.17767,336.14,0.47,0.48,2026-06-05,721,N20,VIIRS,n,2,296.52,7.92,D,0
28.11452,80.18231,342.63,0.47,0.48,2026-06-05,721,N20,VIIRS,n,2,297.06,7.92,D,0
28.13904,80.12667,340.54,0.47,0.48,2026-06-05,721,N20,VIIRS,n,2,291.78,11.07,D,0
28.17345,80.1619,340.13,0.47,0.48,2026-06-05,721,N20,VIIRS,n,2,294.59,4.2,D,0
28.1744,80.16653,330.05,0.47,0.48,2026-06-05,721,N20,VIIRS,n,2,293.67,4.2,D,0
28.32279,83.15005,334.85,0.48,0.4,2026-06-05,721,N20,VIIRS,l,2,299.45,6.9,D,0
28.32557,83.14453,346.6,0.49,0.4,2026-06-05,721,N20,VIIRS,n,2,300.83,10.05,D,0
28.3292,83.14365,335.97,0.49,0.4,2026-06-05,721,N20,VIIRS,l,2,302.52,10.05,D,0
28.47553,80.69402,333.28,0.43,0.46,2026-06-05,721,N20,VIIRS,n,2,295.65,5.66,D,0
30.42008,76.59564,334.4,0.34,0.56,2026-06-05,721,N20,VIIRS,n,2,301.53,2.56,D,0
30.44197,76.01715,334.5,0.37,0.58,2026-06-05,721,N20,VIIRS,n,2,301.99,1.77,D,0
30.19488,74.31833,334.57,0.47,0.64,2026-06-05,722,N20,VIIRS,n,2,301.47,2.68,D,0
30.49637,72.33167,331.83,0.6,0.7,2026-06-05,722,N20,VIIRS,n,2,296.14,3.49,D,0
30.49822,72.33065,331.33,0.59,0.7,2026-06-05,722,N20,VIIRS,n,2,295.88,5.8,D,0
30.52522,72.83147,330.11,0.56,0.68,2026-06-05,722,N20,VIIRS,n,2,293.73,3.39,D,0
30.52613,72.82753,332.06,0.56,0.69,2026-06-05,722,N20,VIIRS,n,2,293.66,4.39,D,0
30.5778,73.51595,332.29,0.51,0.66,2026-06-05,722,N20,VIIRS,n,2,297.37,4.41,D,0
30.57913,73.52103,340.19,0.51,0.66,2026-06-05,722,N20,VIIRS,n,2,297.47,4.41,D,0
30.58196,73.88473,334.85,0.48,0.65,2026-06-05,722,N20,VIIRS,n,2,296.07,5.26,D,0
30.6279,75.24556,339.36,0.4,0.6,2026-06-05,722,N20,VIIRS,n,2,300.59,2.56,D,0
30.6307,73.69432,336.79,0.49,0.65,2026-06-05,722,N20,VIIRS,n,2,296.23,2.75,D,0
30.64453,72.8365,339.9,0.55,0.68,2026-06-05,722,N20,VIIRS,n,2,294.05,5.01,D,0
30.64586,72.83688,339.3,0.55,0.68,2026-06-05,722,N20,VIIRS,n,2,294.38,3.76,D,0
30.66709,74.14485,347.68,0.46,0.64,2026-06-05,722,N20,VIIRS,n,2,300.78,4.75,D,0
30.66757,74.14661,353.37,0.46,0.64,2026-06-05,722,N20,VIIRS,n,2,300.81,6.15,D,0
30.66771,74.09888,333.59,0.47,0.64,2026-06-05,722,N20,VIIRS,n,2,298.83,1.85,D,0
30.84273,73.87309,339.81,0.48,0.64,2026-06-05,722,N20,VIIRS,n,2,298.51,4.34,D,0
30.90109,73.38291,339.5,0.51,0.66,2026-06-05,722,N20,VIIRS,n,2,297.17,2.9,D,0
30.98285,74.20096,349,0.45,0.63,2026-06-05,722,N20,VIIRS,n,2,299.96,6.31,D,0
31.02329,74.21671,330.23,0.45,0.63,2026-06-05,722,N20,VIIRS,n,2,298.69,3.85,D,0
31.02439,74.2142,335.48,0.45,0.63,2026-06-05,722,N20,VIIRS,n,2,298.82,3.41,D,0
31.02784,74.13357,333.83,0.46,0.63,2026-06-05,722,N20,VIIRS,n,2,298.62,2.04,D,0
31.31063,75.33921,330.82,0.38,0.59,2026-06-05,722,N20,VIIRS,n,2,300.51,2.52,D,0
31.31159,75.34309,332.43,0.38,0.59,2026-06-05,722,N20,VIIRS,n,2,300.6,2.32,D,0
31.41676,74.74039,334.37,0.41,0.61,2026-06-05,722,N20,VIIRS,l,2,305.38,2.01,D,0
31.50504,73.88429,330.95,0.46,0.63,2026-06-05,722,N20,VIIRS,l,2,302.94,1.51,D,0
31.52736,75.84048,336.89,0.35,0.57,2026-06-05,722,N20,VIIRS,n,2,300.74,2.51,D,0
31.52848,75.83974,336.36,0.35,0.57,2026-06-05,722,N20,VIIRS,n,2,300.06,2.11,D,0
31.56588,73.59546,334.44,0.47,0.64,2026-06-05,722,N20,VIIRS,n,2,302.72,1.66,D,0
31.59657,76.40182,341.95,0.33,0.55,2026-06-05,722,N20,VIIRS,n,2,298.52,4.85,D,0
31.6205,75.67276,333.53,0.36,0.57,2026-06-05,722,N20,VIIRS,n,2,303.33,2.99,D,0
31.76321,74.95493,331.86,0.39,0.59,2026-06-05,722,N20,VIIRS,l,2,304.4,1.38,D,0
31.76657,74.95332,335.01,0.39,0.59,2026-06-05,722,N20,VIIRS,l,2,305.69,1.88,D,0
31.86542,74.27665,367,0.43,0.62,2026-06-05,722,N20,VIIRS,h,2,303.52,11.72,D,0
31.86653,74.28098,331.12,0.43,0.62,2026-06-05,722,N20,VIIRS,n,2,301.64,7.19,D,0
31.86906,74.45249,356.17,0.42,0.61,2026-06-05,722,N20,VIIRS,n,2,304.64,6.57,D,0
31.86963,74.45126,346.58,0.42,0.61,2026-06-05,722,N20,VIIRS,n,2,303.21,7.97,D,0
31.87015,74.45672,333.89,0.42,0.61,2026-06-05,722,N20,VIIRS,n,2,302.35,7.44,D,0
31.87069,74.4555,367,0.42,0.61,2026-06-05,722,N20,VIIRS,h,2,302.73,8.53,D,0
31.87447,74.45062,335.49,0.42,0.61,2026-06-05,722,N20,VIIRS,n,2,303.15,6.57,D,0
31.88736,74.5468,332.69,0.41,0.61,2026-06-05,722,N20,VIIRS,l,2,304.35,2.35,D,0
31.895,74.41582,347.91,0.42,0.61,2026-06-05,722,N20,VIIRS,n,2,303.79,4.21,D,0
31.90041,74.41394,334.3,0.42,0.61,2026-06-05,722,N20,VIIRS,n,2,302.56,4.21,D,0
31.91886,74.34715,338.2,0.42,0.61,2026-06-05,722,N20,VIIRS,n,2,303.54,4.12,D,0
31.98699,74.68761,339.15,0.4,0.6,2026-06-05,722,N20,VIIRS,n,2,307.09,2.11,D,0
32.00681,75.80377,338.39,0.35,0.56,2026-06-05,722,N20,VIIRS,n,2,304.37,1.26,D,0
32.03954,74.59312,334.58,0.4,0.6,2026-06-05,722,N20,VIIRS,l,2,305.5,3.62,D,0
32.06047,74.6529,335.81,0.4,0.6,2026-06-05,722,N20,VIIRS,l,2,306.78,2.33,D,0
32.07571,75.18044,337.42,0.37,0.58,2026-06-05,722,N20,VIIRS,n,2,303.16,2.65,D,0
32.08969,76.19197,331.22,0.33,0.55,2026-06-05,722,N20,VIIRS,n,2,299.04,2.25,D,0
32.12349,75.28337,333.38,0.37,0.58,2026-06-05,722,N20,VIIRS,n,2,302.75,2.09,D,0
32.12864,75.28165,335.82,0.37,0.58,2026-06-05,722,N20,VIIRS,n,2,302.23,2.09,D,0
32.20166,74.51712,336.73,0.4,0.6,2026-06-05,722,N20,VIIRS,n,2,306.12,4.09,D,0
32.20588,74.51374,338.34,0.41,0.6,2026-06-05,722,N20,VIIRS,n,2,305.07,4.37,D,0
32.20691,74.51786,348.85,0.41,0.6,2026-06-05,722,N20,VIIRS,n,2,306.24,4.37,D,0
32.207,74.51526,344.17,0.4,0.6,2026-06-05,722,N20,VIIRS,n,2,305.62,4.93,D,0
32.29766,74.50625,355.85,0.4,0.6,2026-06-05,722,N20,VIIRS,n,2,305.55,7,D,0
32.30329,74.59795,332.2,0.4,0.6,2026-06-05,722,N20,VIIRS,l,2,302.76,3.85,D,0
32.30431,74.60203,353.82,0.4,0.6,2026-06-05,722,N20,VIIRS,n,2,301.81,3.85,D,0
32.37061,75.29625,333.29,0.36,0.58,2026-06-05,722,N20,VIIRS,n,2,301.24,0.65,D,0
32.63489,75.53864,333.29,0.35,0.56,2026-06-05,722,N20,VIIRS,n,2,300.88,1.12,D,0
32.73423,74.5687,337.16,0.39,0.59,2026-06-05,722,N20,VIIRS,n,2,306.34,3.18,D,0
33.10984,74.7843,337.4,0.37,0.58,2026-06-05,722,N20,VIIRS,n,2,300.64,5,D,0
34.71038,71.9099,331.89,0.49,0.65,2026-06-05,723,N20,VIIRS,n,2,294.26,6.24,D,0
11.7495,79.30093,337.23,0.71,0.75,2026-06-05,857,N20,VIIRS,n,2,284.25,4.47,D,0
11.74978,79.30132,333.44,0.71,0.75,2026-06-05,857,N20,VIIRS,n,2,284.78,7.18,D,0
12.33761,79.8074,334.93,0.78,0.78,2026-06-05,857,N20,VIIRS,n,2,281.89,8.97,D,0
12.34018,79.8054,332.09,0.78,0.78,2026-06-05,857,N20,VIIRS,n,2,282.87,8.42,D,0
13.84808,79.66319,339.01,0.79,0.78,2026-06-05,857,N20,VIIRS,n,2,278.97,12.66,D,0
17.32322,74.24741,336.23,0.38,0.59,2026-06-05,858,N20,VIIRS,n,2,296.58,3.25,D,0
17.34204,74.68533,335.8,0.41,0.61,2026-06-05,858,N20,VIIRS,n,2,296.8,2.25,D,0
17.99058,74.41983,334.23,0.4,0.6,2026-06-05,859,N20,VIIRS,n,2,299.46,2.15,D,0
18.14455,74.6199,331.78,0.41,0.61,2026-06-05,859,N20,VIIRS,n,2,296.87,3.3,D,0
18.14612,74.61826,332.29,0.41,0.61,2026-06-05,859,N20,VIIRS,n,2,297.18,6.09,D,0
18.50296,74.45737,330.4,0.41,0.6,2026-06-05,859,N20,VIIRS,n,2,299.2,1.25,D,0
18.68189,73.03291,330.01,0.33,0.55,2026-06-05,859,N20,VIIRS,n,2,298.89,2.01,D,2
19.19058,73.50785,330.88,0.36,0.57,2026-06-05,859,N20,VIIRS,n,2,297.77,2.91,D,0
19.3315,74.78604,336.08,0.44,0.62,2026-06-05,859,N20,VIIRS,n,2,303.63,3.73,D,0
19.35181,73.96751,332.96,0.39,0.59,2026-06-05,859,N20,VIIRS,l,2,303.97,2.45,D,0
19.37113,71.35289,340.76,0.52,0.5,2026-06-05,859,N20,VIIRS,n,2,294.92,6.76,D,3
19.40969,73.41304,330.56,0.36,0.57,2026-06-05,859,N20,VIIRS,n,2,298.12,3.89,D,0
19.56974,76.41637,331.45,0.56,0.69,2026-06-05,859,N20,VIIRS,n,2,298.15,3.15,D,0
19.5987,73.33656,337.89,0.35,0.57,2026-06-05,859,N20,VIIRS,n,2,300.85,7.57,D,0
19.59872,73.33858,355.62,0.35,0.57,2026-06-05,859,N20,VIIRS,n,2,300.87,7.29,D,0
19.59904,73.34,342.17,0.35,0.57,2026-06-05,859,N20,VIIRS,n,2,300.71,7.43,D,0
19.62611,73.29259,335.71,0.35,0.57,2026-06-05,859,N20,VIIRS,n,2,298.44,3.53,D,0
19.82852,74.20679,334.93,0.41,0.6,2026-06-05,859,N20,VIIRS,n,2,300.42,4.51,D,0
19.85075,74.09037,352.31,0.4,0.6,2026-06-05,859,N20,VIIRS,n,2,299.87,5.86,D,0
19.86209,72.78371,336.67,0.33,0.55,2026-06-05,859,N20,VIIRS,n,2,297.99,2.3,D,0
20.01529,74.45113,332.01,0.42,0.61,2026-06-05,859,N20,VIIRS,n,2,301.04,4.02,D,0
20.16518,74.05106,331.36,0.4,0.6,2026-06-05,859,N20,VIIRS,l,2,302.73,1.5,D,0
20.25358,73.76293,334.18,0.38,0.59,2026-06-05,859,N20,VIIRS,n,2,301.92,2.54,D,0
20.38721,74.89845,335.78,0.46,0.63,2026-06-05,859,N20,VIIRS,n,2,302.92,4.38,D,0
20.39702,74.02382,347.19,0.4,0.6,2026-06-05,859,N20,VIIRS,n,2,303.84,4.73,D,0
20.5158,73.52532,330.99,0.37,0.58,2026-06-05,859,N20,VIIRS,n,2,298.93,1.67,D,0
20.54914,75.97987,332.78,0.54,0.68,2026-06-05,859,N20,VIIRS,n,2,301.65,2.34,D,0
20.55926,75.45473,338.1,0.5,0.66,2026-06-05,859,N20,VIIRS,n,2,302.71,3.2,D,0
20.83336,74.76579,338.95,0.45,0.63,2026-06-05,859,N20,VIIRS,n,2,303.16,8.95,D,0
21.10096,72.63634,348.86,0.33,0.55,2026-06-05,900,N20,VIIRS,n,2,301.14,4.88,D,2
21.10196,72.646,339.02,0.33,0.55,2026-06-05,900,N20,VIIRS,n,2,300.25,2.28,D,2
21.11482,72.71987,337.65,0.34,0.56,2026-06-05,900,N20,VIIRS,n,2,299.57,2.13,D,0
21.26715,74.69337,335.2,0.45,0.63,2026-06-05,900,N20,VIIRS,n,2,302.34,3.73,D,0
21.37519,74.99327,333.47,0.48,0.64,2026-06-05,900,N20,VIIRS,n,2,301.49,1.57,D,0
21.3965,74.56721,331.07,0.45,0.63,2026-06-05,900,N20,VIIRS,l,2,301.2,2.31,D,0
21.48173,72.8666,355.62,0.35,0.57,2026-06-05,900,N20,VIIRS,n,2,302.6,8.26,D,0
21.48205,72.86997,339.2,0.35,0.57,2026-06-05,900,N20,VIIRS,n,2,300.7,6.44,D,0
21.57134,73.02262,337.05,0.36,0.57,2026-06-05,900,N20,VIIRS,n,2,303.54,1.41,D,0
21.63905,74.52331,333.51,0.45,0.63,2026-06-05,900,N20,VIIRS,n,2,301.11,2.41,D,0
21.76069,72.63754,335.44,0.34,0.56,2026-06-05,900,N20,VIIRS,n,2,298.81,2.44,D,0
21.76251,72.63571,335.97,0.34,0.56,2026-06-05,900,N20,VIIRS,n,2,298.92,2,D,0
21.89852,74.15141,336.62,0.43,0.62,2026-06-05,900,N20,VIIRS,n,2,300.01,4.55,D,0
21.90087,74.15128,333.38,0.43,0.62,2026-06-05,900,N20,VIIRS,n,2,299.2,3.15,D,0
21.92982,74.15417,337.67,0.43,0.62,2026-06-05,900,N20,VIIRS,n,2,300.66,5.06,D,0
22.02,73.26218,330.3,0.37,0.58,2026-06-05,900,N20,VIIRS,l,2,300.7,1.31,D,0
22.05402,72.85378,331.45,0.35,0.57,2026-06-05,900,N20,VIIRS,n,2,301.32,1.84,D,0
22.07223,73.38623,334.43,0.38,0.59,2026-06-05,900,N20,VIIRS,n,2,299.26,4.28,D,0
22.14804,72.67358,331.52,0.34,0.56,2026-06-05,900,N20,VIIRS,n,2,300.94,1.32,D,0
22.17927,72.77619,334.01,0.35,0.57,2026-06-05,900,N20,VIIRS,n,2,301.71,2.33,D,0
22.18484,72.77905,335.65,0.35,0.57,2026-06-05,900,N20,VIIRS,n,2,302.08,2.78,D,0
22.37492,74.62322,335.58,0.46,0.64,2026-06-05,900,N20,VIIRS,n,2,299.53,2.94,D,0
22.37664,74.62708,331.08,0.46,0.64,2026-06-05,900,N20,VIIRS,n,2,298.78,3.42,D,0
22.56622,72.60119,335.28,0.34,0.56,2026-06-05,900,N20,VIIRS,n,2,301.06,2.95,D,0
22.62012,72.66721,332.58,0.35,0.57,2026-06-05,900,N20,VIIRS,n,2,301.1,1.55,D,0
22.62329,72.64633,336.2,0.35,0.56,2026-06-05,900,N20,VIIRS,n,2,299.67,0.85,D,0
22.6238,72.64303,337.43,0.35,0.56,2026-06-05,900,N20,VIIRS,n,2,300.24,2.27,D,0
22.68747,71.13455,334.36,0.56,0.51,2026-06-05,900,N20,VIIRS,n,2,299.04,4.35,D,0
22.72549,71.69565,340.3,0.6,0.53,2026-06-05,900,N20,VIIRS,n,2,302.59,3.44,D,0
22.72844,71.69751,341.24,0.6,0.53,2026-06-05,900,N20,VIIRS,n,2,302.39,6.27,D,0
22.7575,73.44154,334.26,0.39,0.59,2026-06-05,900,N20,VIIRS,n,2,299.3,1.37,D,0
22.78104,72.30709,345.71,0.33,0.55,2026-06-05,900,N20,VIIRS,n,2,302.12,3.55,D,0
22.84946,70.49332,340.97,0.51,0.49,2026-06-05,900,N20,VIIRS,n,2,304.66,4.47,D,0
23.00336,72.00146,336.43,0.32,0.54,2026-06-05,900,N20,VIIRS,n,2,301.12,1.97,D,0
23.47454,70.33746,336.92,0.51,0.49,2026-06-05,900,N20,VIIRS,n,2,303.63,4.33,D,0
23.50145,68.61425,343.35,0.4,0.44,2026-06-05,900,N20,VIIRS,n,2,301.34,6.2,D,0
23.52131,69.73588,346.94,0.47,0.47,2026-06-05,900,N20,VIIRS,n,2,309.11,16.45,D,0
23.52181,69.74045,344.6,0.47,0.47,2026-06-05,900,N20,VIIRS,n,2,306.84,13.76,D,0
23.54444,77.89632,367,0.77,0.77,2026-06-05,900,N20,VIIRS,h,2,293.25,17.12,D,0
23.54739,77.89334,340.87,0.77,0.77,2026-06-05,900,N20,VIIRS,n,2,293.24,11.88,D,0
23.54784,77.90103,339.07,0.77,0.77,2026-06-05,900,N20,VIIRS,n,2,291.78,9.41,D,0
25.1999,76.96673,337.99,0.7,0.75,2026-06-05,901,N20,VIIRS,n,2,288.69,4.21,D,0
25.8692,68.55429,334.56,0.42,0.45,2026-06-05,901,N20,VIIRS,n,2,309.41,1.12,D,0
25.87249,68.58389,342.51,0.42,0.45,2026-06-05,901,N20,VIIRS,n,2,308.83,3.24,D,0
27.34757,68.04011,339.18,0.41,0.45,2026-06-05,901,N20,VIIRS,l,2,311.51,6.29,D,0
27.71717,69.62736,345.54,0.52,0.5,2026-06-05,901,N20,VIIRS,n,2,312.69,4.04,D,0
27.87832,68.25795,346.01,0.43,0.46,2026-06-05,902,N20,VIIRS,n,2,313.6,7.16,D,0
27.93367,68.2948,342.27,0.43,0.46,2026-06-05,902,N20,VIIRS,l,2,314.74,6.93,D,0
27.93369,68.29505,341.21,0.43,0.46,2026-06-05,902,N20,VIIRS,l,2,314.71,5.92,D,0
28.05005,69.37104,342.17,0.5,0.49,2026-06-05,902,N20,VIIRS,n,2,310.49,5.7,D,0
28.05302,69.36971,346.13,0.5,0.49,2026-06-05,902,N20,VIIRS,n,2,311.14,5.62,D,2
28.09118,68.24424,345.07,0.43,0.46,2026-06-05,902,N20,VIIRS,n,2,314.44,5.53,D,0
28.09165,68.24863,343.8,0.43,0.46,2026-06-05,902,N20,VIIRS,n,2,313.58,5.53,D,0
28.35987,68.47091,348.86,0.45,0.47,2026-06-05,902,N20,VIIRS,n,2,312.98,12.52,D,0
28.37299,69.50086,341.93,0.52,0.5,2026-06-05,902,N20,VIIRS,l,2,313.02,13.62,D,0
28.37312,69.49887,340.17,0.52,0.5,2026-06-05,902,N20,VIIRS,l,2,313.24,12.22,D,0
28.38499,68.06627,347.64,0.42,0.46,2026-06-05,902,N20,VIIRS,n,2,312.08,7.62,D,0
28.38952,69.05615,339.04,0.49,0.48,2026-06-05,902,N20,VIIRS,l,2,312.24,13.82,D,0
28.4059,68.61497,348.41,0.46,0.47,2026-06-05,902,N20,VIIRS,n,2,314.87,19.73,D,0
28.4071,68.61138,345.05,0.46,0.47,2026-06-05,902,N20,VIIRS,n,2,313.95,10.44,D,0
28.40757,68.61606,341.81,0.46,0.47,2026-06-05,902,N20,VIIRS,l,2,312.04,10.44,D,0
28.42855,68.19373,340.62,0.43,0.46,2026-06-05,902,N20,VIIRS,l,2,312.72,6.86,D,0
28.4305,69.42274,346.72,0.51,0.49,2026-06-05,902,N20,VIIRS,n,2,313.04,15.7,D,0
28.45113,68.07977,340.65,0.43,0.46,2026-06-05,902,N20,VIIRS,l,2,311.87,6.4,D,0
28.45442,68.07901,340.73,0.43,0.46,2026-06-05,902,N20,VIIRS,l,2,311.88,6.76,D,0
28.53979,68.39359,346.35,0.45,0.47,2026-06-05,902,N20,VIIRS,n,2,314.13,4.03,D,0
28.63299,68.51347,344.77,0.45,0.47,2026-06-05,902,N20,VIIRS,l,2,316.1,9.46,D,0
30.48737,72.28616,332.27,0.4,0.6,2026-06-05,902,N20,VIIRS,n,2,302.07,1.05,D,0
30.49624,72.3323,331.36,0.4,0.6,2026-06-05,902,N20,VIIRS,l,2,302.35,2.06,D,0
30.49654,72.33655,330.69,0.4,0.6,2026-06-05,902,N20,VIIRS,l,2,301.9,2.79,D,0
30.58357,73.75793,330.71,0.49,0.65,2026-06-05,902,N20,VIIRS,n,2,296.4,2.5,D,0
30.72272,73.62184,331.45,0.49,0.65,2026-06-05,902,N20,VIIRS,n,2,296.54,4.91,D,0
30.72458,73.61818,334.65,0.49,0.65,2026-06-05,902,N20,VIIRS,n,2,297.27,2.42,D,0
30.92035,73.27007,333.42,0.47,0.64,2026-06-05,902,N20,VIIRS,n,2,297.67,2.45,D,0
30.92937,74.08386,334.88,0.52,0.67,2026-06-05,902,N20,VIIRS,n,2,297.17,2.97,D,0
30.95774,74.05139,331.68,0.52,0.67,2026-06-05,902,N20,VIIRS,n,2,298.97,3.38,D,0
30.99044,74.19995,330.73,0.53,0.67,2026-06-05,902,N20,VIIRS,n,2,298.06,2.67,D,0
31.01142,74.12566,367,0.52,0.67,2026-06-05,902,N20,VIIRS,h,2,300.15,9.25,D,0
31.41826,71.37146,336.99,0.36,0.58,2026-06-05,902,N20,VIIRS,l,2,307.15,3.32,D,0
31.52268,72.42822,335.05,0.42,0.61,2026-06-05,902,N20,VIIRS,n,2,300.44,2.49,D,0
31.5504,76.37553,335.59,0.72,0.76,2026-06-05,902,N20,VIIRS,n,2,296.32,5.13,D,0
31.56804,73.61904,347.98,0.49,0.65,2026-06-05,902,N20,VIIRS,n,2,304.86,5.46,D,0
31.56931,73.61839,348.38,0.49,0.65,2026-06-05,902,N20,VIIRS,n,2,304.9,4.72,D,0
31.5737,70.60529,339.57,0.33,0.55,2026-06-05,902,N20,VIIRS,n,2,306.01,2.11,D,0
31.81049,74.43413,332.17,0.55,0.68,2026-06-05,902,N20,VIIRS,n,2,299.91,4.02,D,0
31.81282,74.43139,334.92,0.56,0.68,2026-06-05,902,N20,VIIRS,n,2,300.6,3.67,D,0
31.86264,74.28057,343.59,0.54,0.68,2026-06-05,902,N20,VIIRS,n,2,301.85,6.94,D,0
31.86864,74.27435,335.73,0.54,0.68,2026-06-05,902,N20,VIIRS,n,2,303.52,4.03,D,0
31.87957,74.49354,334.04,0.56,0.69,2026-06-05,902,N20,VIIRS,n,2,299.83,3.9,D,0
31.84733,73.50327,332.67,0.49,0.65,2026-06-05,903,N20,VIIRS,l,2,306.12,2.43,D,0
32.04757,74.87889,333.79,0.59,0.7,2026-06-05,903,N20,VIIRS,n,2,303.08,6.24,D,0
32.07414,70.86774,338.47,0.34,0.56,2026-06-05,903,N20,VIIRS,n,2,304.31,1.86,D,0
32.09308,75.3454,331.44,0.63,0.72,2026-06-05,903,N20,VIIRS,l,2,303.84,2.85,D,0
32.34135,71.3322,335.99,0.37,0.58,2026-06-05,903,N20,VIIRS,n,2,304.65,2.95,D,0
32.90158,74.90562,330.9,0.6,0.71,2026-06-05,903,N20,VIIRS,l,2,302.19,4.28,D,0
33.02832,74.09432,355.32,0.54,0.68,2026-06-05,903,N20,VIIRS,n,2,301.84,18.25,D,0
33.02863,74.10065,338.99,0.54,0.68,2026-06-05,903,N20,VIIRS,n,2,299.04,14.92,D,0
33.03154,74.08995,342.06,0.54,0.68,2026-06-05,903,N20,VIIRS,n,2,300.85,13.2,D,0
33.03184,74.09683,367,0.54,0.68,2026-06-05,903,N20,VIIRS,h,2,300.56,13.2,D,0
33.18067,74.24431,331.25,0.56,0.69,2026-06-05,903,N20,VIIRS,n,2,295.25,3.02,D,0
33.86226,72.58569,332.32,0.45,0.63,2026-06-05,903,N20,VIIRS,l,2,302.95,1.39,D,0
33.87494,72.29918,336.62,0.43,0.62,2026-06-05,903,N20,VIIRS,n,2,303.08,3.46,D,0
36.1894,68.74215,338.22,0.57,0.52,2026-06-05,904,N20,VIIRS,n,2,304.47,3.65,D,0
36.18956,68.74292,338.12,0.57,0.52,2026-06-05,904,N20,VIIRS,n,2,304.05,3.9,D,0
27.36897,94.89721,305.4,0.53,0.42,2026-06-05,1945,N20,VIIRS,n,2,289.18,0.76,N,0
30.23368,76.91914,304.88,0.6,0.71,2026-06-05,1945,N20,VIIRS,n,2,292.28,0.82,N,0
32.53074,75.90089,301.8,0.72,0.76,2026-06-05,1945,N20,VIIRS,n,2,288.31,2.45,N,0
32.53249,75.90247,301.32,0.72,0.76,2026-06-05,1945,N20,VIIRS,n,2,287.9,1.49,N,0
32.53905,75.91598,302.02,0.72,0.76,2026-06-05,1945,N20,VIIRS,n,2,287.89,1.97,N,0
32.6595,75.99374,301.83,0.72,0.75,2026-06-05,1945,N20,VIIRS,n,2,285.38,1.73,N,0
32.66108,75.99425,297.48,0.72,0.75,2026-06-05,1945,N20,VIIRS,n,2,285.72,1.23,N,0
32.66126,75.98919,296.3,0.72,0.75,2026-06-05,1945,N20,VIIRS,n,2,284.52,0.86,N,0
24.91126,91.83105,301.85,0.42,0.38,2026-06-05,1946,N20,VIIRS,n,2,284.26,0.43,N,0
25.03147,87.37778,313.15,0.41,0.37,2026-06-05,1946,N20,VIIRS,n,2,292.79,3.37,N,2
25.03253,87.39467,307.56,0.41,0.37,2026-06-05,1946,N20,VIIRS,n,2,291.74,2.63,N,0
25.03265,87.36963,307.36,0.41,0.37,2026-06-05,1946,N20,VIIRS,n,2,292.5,2.96,N,2
25.03489,87.37837,309.62,0.41,0.37,2026-06-05,1946,N20,VIIRS,n,2,293.19,3.11,N,2
25.03547,87.37431,315.19,0.41,0.37,2026-06-05,1946,N20,VIIRS,n,2,293.19,3.85,N,2
25.03654,87.39117,317.02,0.41,0.37,2026-06-05,1946,N20,VIIRS,n,2,292.73,3.96,N,0
25.28658,86.62449,305.8,0.44,0.38,2026-06-05,1946,N20,VIIRS,n,2,292.56,2.5,N,0
25.41502,86.02505,309.22,0.47,0.4,2026-06-05,1946,N20,VIIRS,n,2,290.22,2.14,N,0
25.54241,91.23772,311.97,0.4,0.37,2026-06-05,1946,N20,VIIRS,n,2,287.85,1.43,N,0
25.54309,91.23378,305.48,0.4,0.37,2026-06-05,1946,N20,VIIRS,n,2,287.69,0.99,N,2
27.62745,83.19646,305.25,0.47,0.48,2026-06-05,1946,N20,VIIRS,n,2,292.47,1.14,N,0
28.11523,82.69067,304,0.51,0.5,2026-06-05,1946,N20,VIIRS,n,2,287.42,1.54,N,0
21.92025,83.35211,300.56,0.39,0.44,2026-06-05,1947,N20,VIIRS,n,2,266.2,0.64,N,2
21.92071,83.34832,297.38,0.39,0.44,2026-06-05,1947,N20,VIIRS,n,2,265.5,0.64,N,2
21.92428,83.35271,297.91,0.39,0.44,2026-06-05,1947,N20,VIIRS,n,2,265.26,0.84,N,2
22.00575,82.67209,298.92,0.43,0.46,2026-06-05,1947,N20,VIIRS,n,2,266.7,0.63,N,2
22.04045,83.35036,300.54,0.39,0.44,2026-06-05,1947,N20,VIIRS,n,2,267.35,0.94,N,2
22.05169,88.12434,304.81,0.39,0.36,2026-06-05,1947,N20,VIIRS,n,2,270.55,0.6,N,2
22.055,88.12492,302.19,0.39,0.36,2026-06-05,1947,N20,VIIRS,n,2,272.42,0.6,N,2
22.24394,87.39037,316.93,0.4,0.37,2026-06-05,1947,N20,VIIRS,n,2,284,1.43,N,2
22.31865,82.57177,304.58,0.44,0.46,2026-06-05,1947,N20,VIIRS,n,2,277.74,2.27,N,0
22.36925,87.30093,297.32,0.4,0.37,2026-06-05,1947,N20,VIIRS,n,2,266.28,1.05,N,2
22.37939,87.27892,295.13,0.4,0.37,2026-06-05,1947,N20,VIIRS,n,2,259.57,1.42,N,2
22.476,91.73572,305.97,0.44,0.38,2026-06-05,1947,N20,VIIRS,n,2,289.11,0.89,N,2
22.53751,91.69913,307.77,0.44,0.38,2026-06-05,1947,N20,VIIRS,n,2,288.46,0.95,N,2
22.59876,79.71356,307.07,0.34,0.56,2026-06-05,1947,N20,VIIRS,n,2,292.73,0.91,N,0
23.6841,86.39352,296.55,0.44,0.38,2026-06-05,1947,N20,VIIRS,n,2,258.96,0.8,N,2
23.73594,86.43266,310.61,0.43,0.38,2026-06-05,1947,N20,VIIRS,n,2,277.79,2.12,N,2
23.73943,86.43325,314.56,0.43,0.38,2026-06-05,1947,N20,VIIRS,n,2,279.3,2.01,N,2
23.7502,80.71235,318.75,0.6,0.53,2026-06-05,1947,N20,VIIRS,n,2,291.53,7.08,N,0
23.75231,86.41805,318.8,0.44,0.38,2026-06-05,1947,N20,VIIRS,n,2,285.16,3.67,N,2
23.75761,86.40587,307.65,0.44,0.38,2026-06-05,1947,N20,VIIRS,n,2,282.38,2.16,N,2
23.75768,85.85246,303.56,0.46,0.39,2026-06-05,1947,N20,VIIRS,n,2,276.49,2.13,N,2
23.77415,86.36496,312.29,0.44,0.38,2026-06-05,1947,N20,VIIRS,n,2,273.3,1.27,N,2
23.77769,86.21155,308.42,0.44,0.39,2026-06-05,1947,N20,VIIRS,n,2,283.75,1.82,N,2
23.7783,86.20722,310,0.44,0.39,2026-06-05,1947,N20,VIIRS,n,2,283.25,1.82,N,2
23.7785,86.39059,306.74,0.44,0.38,2026-06-05,1947,N20,VIIRS,n,2,270.94,0.8,N,2
23.78122,86.21216,314.12,0.44,0.39,2026-06-05,1947,N20,VIIRS,n,2,283.42,1.82,N,2
23.782,86.39118,303.89,0.44,0.38,2026-06-05,1947,N20,VIIRS,n,2,278.47,1.38,N,2
23.78303,85.57805,301.91,0.47,0.4,2026-06-05,1947,N20,VIIRS,n,2,273.45,0.72,N,0
23.78308,85.57582,302.78,0.47,0.4,2026-06-05,1947,N20,VIIRS,n,2,272.63,1.81,N,0
23.7943,86.35383,314.97,0.44,0.38,2026-06-05,1947,N20,VIIRS,n,2,284.23,2.43,N,2
23.79841,86.35011,317.12,0.44,0.38,2026-06-05,1947,N20,VIIRS,n,2,285.21,2.43,N,2
23.80076,86.33299,312.83,0.44,0.38,2026-06-05,1947,N20,VIIRS,n,2,288.1,2.3,N,2
23.80427,86.33358,314.93,0.44,0.38,2026-06-05,1947,N20,VIIRS,n,2,288.73,2.59,N,2
23.80486,86.32928,322.45,0.44,0.38,2026-06-05,1947,N20,VIIRS,n,2,289.81,3.75,N,2
23.80605,86.32065,315.43,0.44,0.38,2026-06-05,1947,N20,VIIRS,n,2,289.32,3.36,N,0
24.11604,86.85905,314.45,0.42,0.38,2026-06-05,1947,N20,VIIRS,n,2,291.39,2.68,N,2
24.14232,82.7093,310.73,0.46,0.47,2026-06-05,1947,N20,VIIRS,n,2,291.88,2.49,N,0
24.14664,82.70992,310.78,0.46,0.47,2026-06-05,1947,N20,VIIRS,n,2,291.74,2.35,N,0
24.15429,82.60101,306.99,0.46,0.47,2026-06-05,1947,N20,VIIRS,n,2,290.23,3.16,N,0
24.15629,82.70216,311.72,0.46,0.47,2026-06-05,1947,N20,VIIRS,n,2,291.4,2.96,N,0
24.16536,82.62072,309.08,0.46,0.47,2026-06-05,1947,N20,VIIRS,n,2,289.8,3.07,N,2
24.17923,82.6545,306.9,0.46,0.47,2026-06-05,1947,N20,VIIRS,n,2,290.79,2.18,N,0
24.18306,82.65961,306.83,0.46,0.47,2026-06-05,1947,N20,VIIRS,n,2,290.91,2.18,N,2
24.20346,82.7123,323.01,0.46,0.47,2026-06-05,1947,N20,VIIRS,n,2,293,5.14,N,2
24.20396,82.708,312.2,0.46,0.47,2026-06-05,1947,N20,VIIRS,n,2,292.28,3.6,N,0
24.36856,88.09869,305.67,0.39,0.36,2026-06-05,1947,N20,VIIRS,n,2,291.46,1.12,N,0
18.54091,83.34516,307.59,0.54,0.42,2026-06-05,1948,N20,VIIRS,n,2,290.27,1.38,N,2
18.9985,78.96371,328.15,0.34,0.56,2026-06-05,1948,N20,VIIRS,n,2,289.82,7.68,N,0
18.99995,78.9654,329.81,0.34,0.56,2026-06-05,1948,N20,VIIRS,n,2,290.02,4.2,N,0
19.00029,78.96216,318.8,0.34,0.56,2026-06-05,1948,N20,VIIRS,n,2,287.12,4.2,N,0
19.07274,79.11169,309.7,0.33,0.56,2026-06-05,1948,N20,VIIRS,n,2,289.63,1.79,N,0
19.2072,79.3575,315.13,0.32,0.55,2026-06-05,1948,N20,VIIRS,n,2,291.79,3.53,N,0
20.51506,85.72369,307.5,0.43,0.38,2026-06-05,1948,N20,VIIRS,n,2,290.61,3,N,2
20.53184,85.90697,305.87,0.43,0.38,2026-06-05,1948,N20,VIIRS,n,2,288.52,1.1,N,2
20.75883,85.29855,301.73,0.45,0.39,2026-06-05,1948,N20,VIIRS,n,2,271.17,0.91,N,2
20.7624,85.29908,298.94,0.45,0.39,2026-06-05,1948,N20,VIIRS,n,2,271.91,0.91,N,2
20.78577,85.26277,301.14,0.45,0.39,2026-06-05,1948,N20,VIIRS,n,2,272.81,1.77,N,2
20.79289,85.25313,304.94,0.46,0.39,2026-06-05,1948,N20,VIIRS,n,2,271.35,1.41,N,2
20.79415,85.25526,313.86,0.46,0.39,2026-06-05,1948,N20,VIIRS,n,2,272.41,2.69,N,2
20.79646,85.25371,305.19,0.46,0.39,2026-06-05,1948,N20,VIIRS,n,2,270.83,1.41,N,2
20.80661,85.25972,298.7,0.46,0.39,2026-06-05,1948,N20,VIIRS,n,2,268.43,0.81,N,2
20.8072,85.25536,305.21,0.46,0.39,2026-06-05,1948,N20,VIIRS,n,2,268.41,0.81,N,2
20.86453,79.24242,318.46,0.35,0.56,2026-06-05,1948,N20,VIIRS,n,2,295.44,3.07,N,0
20.86499,84.9938,314.7,0.47,0.4,2026-06-05,1948,N20,VIIRS,n,2,278.93,2.17,N,2
20.86559,84.98936,314.17,0.47,0.4,2026-06-05,1948,N20,VIIRS,n,2,279.06,1.96,N,2
20.86861,84.99436,313.77,0.47,0.4,2026-06-05,1948,N20,VIIRS,n,2,278.86,2.17,N,2
20.87224,84.99493,317.75,0.47,0.4,2026-06-05,1948,N20,VIIRS,n,2,278.85,1.95,N,2
20.94856,86.04893,319.88,0.43,0.38,2026-06-05,1948,N20,VIIRS,n,2,285.85,1.82,N,2
20.94889,85.06372,296.9,0.47,0.39,2026-06-05,1948,N20,VIIRS,n,2,263.8,0.85,N,0
20.95202,86.0495,307.11,0.43,0.38,2026-06-05,1948,N20,VIIRS,n,2,282.64,1.82,N,2
20.9526,86.04546,308.59,0.43,0.38,2026-06-05,1948,N20,VIIRS,n,2,280.29,2.77,N,2
20.96136,85.18798,306.84,0.46,0.39,2026-06-05,1948,N20,VIIRS,n,2,272.05,1.13,N,2
20.96191,86.00526,302.31,0.43,0.38,2026-06-05,1948,N20,VIIRS,n,2,277.92,0.69,N,2
20.96319,85.17477,302.29,0.46,0.39,2026-06-05,1948,N20,VIIRS,n,2,269.67,0.82,N,2
20.9638,85.17034,297.97,0.46,0.39,2026-06-05,1948,N20,VIIRS,n,2,269.73,0.82,N,2
20.96421,86.01397,299.26,0.43,0.38,2026-06-05,1948,N20,VIIRS,n,2,276.49,0.64,N,2
20.96436,85.19292,298.6,0.46,0.39,2026-06-05,1948,N20,VIIRS,n,2,269.36,1.13,N,2
20.96479,86.0099,299.78,0.43,0.38,2026-06-05,1948,N20,VIIRS,n,2,276.36,0.64,N,2
20.96496,85.18854,314.75,0.46,0.39,2026-06-05,1948,N20,VIIRS,n,2,272.04,1.13,N,2
20.96538,86.00581,313.44,0.43,0.38,2026-06-05,1948,N20,VIIRS,n,2,277.08,0.69,N,2
20.96557,85.18416,301.34,0.46,0.39,2026-06-05,1948,N20,VIIRS,n,2,272.29,1.03,N,2
20.96596,86.00173,308.01,0.43,0.38,2026-06-05,1948,N20,VIIRS,n,2,277.94,0.69,N,2
20.96618,85.17976,297.64,0.46,0.39,2026-06-05,1948,N20,VIIRS,n,2,269.85,1.03,N,2
20.96679,85.17532,306.43,0.46,0.39,2026-06-05,1948,N20,VIIRS,n,2,270.06,0.82,N,2
20.9674,85.1709,303.61,0.46,0.39,2026-06-05,1948,N20,VIIRS,n,2,270.9,0.82,N,2
20.96768,86.01453,301.59,0.43,0.38,2026-06-05,1948,N20,VIIRS,n,2,270.01,0.96,N,2
20.96977,85.18031,298.6,0.46,0.39,2026-06-05,1948,N20,VIIRS,n,2,268.72,0.95,N,2
20.97038,85.17587,321.03,0.46,0.39,2026-06-05,1948,N20,VIIRS,n,2,268.98,2.82,N,2
20.9729,86.00285,305.83,0.43,0.38,2026-06-05,1948,N20,VIIRS,n,2,274.51,1.58,N,2
20.97579,86.00749,298.52,0.43,0.38,2026-06-05,1948,N20,VIIRS,n,2,270.69,1.59,N,2
21.07857,85.04056,296,0.47,0.4,2026-06-05,1948,N20,VIIRS,n,2,259.74,0.71,N,2
21.1823,81.38614,311.23,0.51,0.49,2026-06-05,1948,N20,VIIRS,n,2,288.47,4.3,N,3
21.18683,81.38673,309.75,0.51,0.49,2026-06-05,1948,N20,VIIRS,n,2,287.57,4.3,N,3
21.18794,81.38933,309.83,0.51,0.49,2026-06-05,1948,N20,VIIRS,n,2,288.59,6.15,N,2
21.24434,79.22677,308.09,0.35,0.57,2026-06-05,1948,N20,VIIRS,n,2,293.68,2.42,N,2
21.24469,79.22337,313.77,0.35,0.57,2026-06-05,1948,N20,VIIRS,n,2,293.64,2.58,N,2
21.25129,79.21043,316.16,0.35,0.57,2026-06-05,1948,N20,VIIRS,n,2,293.18,2.31,N,2
21.33492,78.96827,317.3,0.36,0.58,2026-06-05,1948,N20,VIIRS,n,2,291.8,2.97,N,0
21.33847,78.97149,307.34,0.36,0.58,2026-06-05,1948,N20,VIIRS,n,2,292.39,4.35,N,0
21.33881,78.96796,312.54,0.36,0.58,2026-06-05,1948,N20,VIIRS,n,2,291.97,4.51,N,0
21.48884,81.76963,311.03,0.48,0.48,2026-06-05,1948,N20,VIIRS,n,2,290.05,7.15,N,2
17.46209,80.65601,308.13,0.5,0.49,2026-06-05,1949,N20,VIIRS,n,2,289.9,5.16,N,0
17.59906,83.18292,335.8,0.53,0.42,2026-06-05,1949,N20,VIIRS,n,2,291.72,4.58,N,0
17.60291,83.1835,310.33,0.53,0.42,2026-06-05,1949,N20,VIIRS,n,2,291.19,4.58,N,0
17.60785,83.20469,319.52,0.53,0.42,2026-06-05,1949,N20,VIIRS,n,2,291.87,2.56,N,2
17.60951,83.20675,324.18,0.53,0.42,2026-06-05,1949,N20,VIIRS,n,2,292.18,2.94,N,2
17.61017,83.20171,322.52,0.53,0.42,2026-06-05,1949,N20,VIIRS,n,2,291.75,2.94,N,2
17.6117,83.20524,332.7,0.53,0.42,2026-06-05,1949,N20,VIIRS,n,2,292.04,4.25,N,2
17.95047,80.785,309.46,0.5,0.49,2026-06-05,1949,N20,VIIRS,n,2,284.14,3.79,N,0
12.2423,79.92477,315.26,0.48,0.48,2026-06-05,1950,N20,VIIRS,n,2,291.82,5.57,N,0
12.24316,79.92253,306.96,0.48,0.48,2026-06-05,1950,N20,VIIRS,n,2,291.63,4.82,N,0
12.75275,80.06535,311.22,0.48,0.48,2026-06-05,1950,N20,VIIRS,n,2,290.21,3.87,N,0
12.7528,80.06393,312.73,0.48,0.48,2026-06-05,1950,N20,VIIRS,n,2,289.82,3.81,N,0
12.85042,79.90538,341.21,0.49,0.49,2026-06-05,1950,N20,VIIRS,n,2,291.66,21.16,N,2
13.13958,78.02189,301.35,0.33,0.55,2026-06-05,1950,N20,VIIRS,n,2,286.29,0.46,N,0
13.16249,80.28366,308.35,0.47,0.48,2026-06-05,1950,N20,VIIRS,n,2,290.93,1.32,N,2
13.39278,80.10108,307.64,0.48,0.48,2026-06-05,1950,N20,VIIRS,n,2,288.73,1.25,N,2
13.39342,80.10279,310.02,0.48,0.48,2026-06-05,1950,N20,VIIRS,n,2,288.57,3.58,N,2
14.60593,78.52211,307.68,0.32,0.55,2026-06-05,1950,N20,VIIRS,n,2,286.45,1.1,N,2
15.17351,76.78558,302.06,0.43,0.62,2026-06-05,1950,N20,VIIRS,n,2,280.32,0.95,N,2
15.17637,76.65884,306.9,0.44,0.62,2026-06-05,1950,N20,VIIRS,n,2,283.58,4.26,N,2
15.17683,76.65478,310.17,0.44,0.62,2026-06-05,1950,N20,VIIRS,n,2,284.09,3.73,N,2
15.18027,76.67568,307.02,0.43,0.62,2026-06-05,1950,N20,VIIRS,n,2,283.56,2.73,N,2
15.18119,76.66757,321.03,0.44,0.62,2026-06-05,1950,N20,VIIRS,n,2,283.78,3.83,N,2
15.186,76.67632,311.27,0.43,0.62,2026-06-05,1950,N20,VIIRS,n,2,282.89,3.16,N,2
8.99656,80.68124,306.27,0.39,0.44,2026-06-05,1951,N20,VIIRS,n,2,289.93,0.53,N,0
31.26117,76.92519,300.85,0.39,0.59,2026-06-05,2125,N20,VIIRS,n,2,289.24,0.89,N,2
31.37449,77.42146,303.32,0.41,0.61,2026-06-05,2125,N20,VIIRS,n,2,285.78,0.95,N,0
31.37545,77.41773,297.76,0.41,0.61,2026-06-05,2125,N20,VIIRS,n,2,285.44,0.58,N,0
32.10646,74.17747,308.17,0.51,0.5,2026-06-05,2125,N20,VIIRS,n,2,294.87,2,N,2
32.10734,74.17928,314.44,0.51,0.5,2026-06-05,2125,N20,VIIRS,n,2,295.63,3,N,2
32.5396,75.92186,312.57,0.63,0.54,2026-06-05,2125,N20,VIIRS,n,2,290.46,2.2,N,0
32.54589,75.91739,304.37,0.63,0.54,2026-06-05,2125,N20,VIIRS,n,2,289.8,1.2,N,0
32.57109,75.9209,300.81,0.63,0.54,2026-06-05,2125,N20,VIIRS,n,2,289.02,0.6,N,0
32.57575,72.56516,312.24,0.41,0.45,2026-06-05,2125,N20,VIIRS,n,2,296.6,2.91,N,2
32.57589,72.56763,311.83,0.41,0.45,2026-06-05,2125,N20,VIIRS,n,2,295.71,2.62,N,2
32.64962,75.99026,297.52,0.64,0.54,2026-06-05,2125,N20,VIIRS,n,2,286.4,0.36,N,0
32.65437,75.99223,299.18,0.64,0.54,2026-06-05,2125,N20,VIIRS,n,2,287.44,0.36,N,0
32.6585,75.99681,304.69,0.64,0.54,2026-06-05,2125,N20,VIIRS,n,2,288.2,1.35,N,0
32.66984,76.05897,303.9,0.32,0.55,2026-06-05,2125,N20,VIIRS,n,2,288.98,0.55,N,0
32.67117,76.05787,308.34,0.32,0.55,2026-06-05,2125,N20,VIIRS,n,2,289.28,0.66,N,0
32.72171,72.9256,303.47,0.43,0.46,2026-06-05,2125,N20,VIIRS,n,2,288.39,1.03,N,2
32.7662,71.67747,308.08,0.55,0.43,2026-06-05,2125,N20,VIIRS,n,2,294,1.97,N,0
32.88745,71.61746,308.47,0.54,0.42,2026-06-05,2125,N20,VIIRS,n,2,295.57,2.65,N,2
32.8884,71.61892,311.13,0.54,0.42,2026-06-05,2125,N20,VIIRS,n,2,295.72,2.76,N,0
33.00677,74.34898,317.33,0.5,0.49,2026-06-05,2125,N20,VIIRS,n,2,292.26,1.45,N,0
33.00779,75.14978,301.14,0.56,0.51,2026-06-05,2125,N20,VIIRS,n,2,290.13,3.99,N,0
33.00787,74.34411,303.67,0.5,0.49,2026-06-05,2125,N20,VIIRS,n,2,291.55,1.45,N,0
33.01,75.15006,326.35,0.56,0.51,2026-06-05,2125,N20,VIIRS,n,2,292.26,3.59,N,0
33.0111,75.14536,327.13,0.56,0.51,2026-06-05,2125,N20,VIIRS,n,2,291.32,3.59,N,0
33.01241,75.1511,333.7,0.56,0.51,2026-06-05,2125,N20,VIIRS,n,2,293.05,3.99,N,0
33.01352,75.14627,332.6,0.56,0.51,2026-06-05,2125,N20,VIIRS,n,2,291.51,6.06,N,0
33.01466,75.15122,318.06,0.56,0.51,2026-06-05,2125,N20,VIIRS,n,2,291.3,3.59,N,0
33.01583,75.14618,308.39,0.56,0.51,2026-06-05,2125,N20,VIIRS,n,2,290.2,3.59,N,0
33.02206,75.14065,301.38,0.56,0.51,2026-06-05,2125,N20,VIIRS,n,2,289.58,1.2,N,0
33.10108,74.96919,313.02,0.54,0.51,2026-06-05,2125,N20,VIIRS,n,2,288.97,1.73,N,0
33.21912,73.97793,314.38,0.48,0.48,2026-06-05,2125,N20,VIIRS,n,2,292.28,1.71,N,0
33.22238,73.98387,306.09,0.48,0.48,2026-06-05,2125,N20,VIIRS,n,2,291.78,1.31,N,0
33.22354,73.97865,309.39,0.48,0.48,2026-06-05,2125,N20,VIIRS,n,2,292.65,1.44,N,0
33.84913,72.87267,307.28,0.4,0.44,2026-06-05,2125,N20,VIIRS,n,2,294.44,1.05,N,2
34.22758,72.93035,301.3,0.4,0.44,2026-06-05,2125,N20,VIIRS,n,2,289.64,0.44,N,0
34.70166,71.90648,303.25,0.52,0.42,2026-06-05,2125,N20,VIIRS,n,2,288,1.06,N,0
34.70239,71.90486,310.58,0.52,0.42,2026-06-05,2125,N20,VIIRS,n,2,288.78,1.53,N,0
34.70275,71.90115,315.15,0.52,0.42,2026-06-05,2125,N20,VIIRS,n,2,289.02,2.55,N,0
34.70341,71.89973,311.38,0.52,0.42,2026-06-05,2125,N20,VIIRS,n,2,288.46,1.53,N,0
34.70531,71.90799,307.31,0.52,0.42,2026-06-05,2125,N20,VIIRS,n,2,288.48,1.06,N,0
34.70607,71.90623,307.97,0.52,0.42,2026-06-05,2125,N20,VIIRS,n,2,288.75,1.53,N,0
34.71718,71.90798,300.35,0.52,0.42,2026-06-05,2125,N20,VIIRS,n,2,288.64,0.82,N,0
34.84698,71.8894,309.66,0.52,0.41,2026-06-05,2125,N20,VIIRS,n,2,289.33,1.49,N,0
34.85061,71.89095,315.78,0.52,0.41,2026-06-05,2125,N20,VIIRS,n,2,289.79,1.49,N,0
34.85175,71.88534,306.07,0.52,0.41,2026-06-05,2125,N20,VIIRS,n,2,289.12,1.58,N,0
35.96621,68.68678,313.2,0.4,0.37,2026-06-05,2125,N20,VIIRS,n,2,292.77,0.9,N,2
35.96952,68.68766,305.71,0.4,0.37,2026-06-05,2125,N20,VIIRS,n,2,291.56,0.9,N,2
36.23201,68.75697,315.58,0.4,0.37,2026-06-05,2125,N20,VIIRS,n,2,290.27,1.3,N,0
29.19506,75.65163,323.78,0.36,0.58,2026-06-05,2126,N20,VIIRS,n,2,292.92,2.43,N,0
30.23,76.91834,301.86,0.41,0.61,2026-06-05,2126,N20,VIIRS,n,2,287.7,0.48,N,0
30.83515,73.44802,304.83,0.5,0.49,2026-06-05,2126,N20,VIIRS,n,2,288.88,1.84,N,0
32.77145,68.89914,298.36,0.42,0.38,2026-06-05,2126,N20,VIIRS,n,2,286.84,0.54,N,0
24.66056,74.63619,305.62,0.4,0.6,2026-06-05,2127,N20,VIIRS,n,2,294.78,1.56,N,2
24.66145,74.63236,306.2,0.4,0.6,2026-06-05,2127,N20,VIIRS,n,2,294.65,1.48,N,2
25.57454,68.58254,308.29,0.5,0.41,2026-06-05,2127,N20,VIIRS,n,2,297.23,0.63,N,0
26.25758,74.0961,311.58,0.34,0.56,2026-06-05,2127,N20,VIIRS,n,2,296.15,1.28,N,2
27.86185,68.09282,332.36,0.45,0.39,2026-06-05,2127,N20,VIIRS,n,2,302.09,3.49,N,0
27.89459,68.05375,314.96,0.45,0.39,2026-06-05,2127,N20,VIIRS,n,2,301.56,1.5,N,0
27.90512,68.43192,310.3,0.46,0.39,2026-06-05,2127,N20,VIIRS,n,2,299.92,0.79,N,0
27.94837,68.29852,311.62,0.46,0.39,2026-06-05,2127,N20,VIIRS,n,2,300.45,0.84,N,0
28.03665,68.1774,313.87,0.45,0.39,2026-06-05,2127,N20,VIIRS,n,2,300.8,1.05,N,0
28.04393,68.21443,319.72,0.45,0.39,2026-06-05,2127,N20,VIIRS,n,2,301.1,1.24,N,0
28.04423,68.21675,318.88,0.45,0.39,2026-06-05,2127,N20,VIIRS,n,2,300.85,0.81,N,0
28.05119,69.36927,325.82,0.51,0.41,2026-06-05,2127,N20,VIIRS,n,2,299.4,2.75,N,2
28.05169,69.37135,327.21,0.51,0.41,2026-06-05,2127,N20,VIIRS,n,2,299.98,3.15,N,2
28.07528,68.66872,319.17,0.47,0.4,2026-06-05,2127,N20,VIIRS,n,2,300.72,1.39,N,0
28.07668,68.66685,312.99,0.47,0.4,2026-06-05,2127,N20,VIIRS,n,2,300.08,0.46,N,0
28.10268,68.66807,319.08,0.47,0.4,2026-06-05,2127,N20,VIIRS,n,2,300.63,1.64,N,0
28.10626,68.66891,310.97,0.47,0.4,2026-06-05,2127,N20,VIIRS,n,2,300.47,0.54,N,0
28.16187,68.24939,313.6,0.45,0.39,2026-06-05,2127,N20,VIIRS,n,2,301.35,0.7,N,0
28.18872,68.14314,319.67,0.45,0.39,2026-06-05,2127,N20,VIIRS,n,2,301.57,1.43,N,0
28.34156,68.18565,315.76,0.45,0.39,2026-06-05,2127,N20,VIIRS,n,2,302.6,2.87,N,0
28.34237,68.18118,320.04,0.45,0.39,2026-06-05,2127,N20,VIIRS,n,2,302.19,2.07,N,0
28.34588,68.18198,331.39,0.45,0.39,2026-06-05,2127,N20,VIIRS,n,2,302.72,2.07,N,0
28.35043,68.07618,335.54,0.44,0.38,2026-06-05,2127,N20,VIIRS,n,2,303.28,3.71,N,0
28.3609,68.0786,326.43,0.44,0.38,2026-06-05,2127,N20,VIIRS,n,2,302.44,1.55,N,0
28.3633,68.06528,319.13,0.44,0.38,2026-06-05,2127,N20,VIIRS,n,2,302.48,1.83,N,0
28.36359,68.08385,314.6,0.44,0.38,2026-06-05,2127,N20,VIIRS,n,2,302.86,1.55,N,0
28.3641,68.06085,324.46,0.44,0.38,2026-06-05,2127,N20,VIIRS,n,2,302.11,1.83,N,0
28.36868,68.07578,313.79,0.44,0.38,2026-06-05,2127,N20,VIIRS,n,2,302.16,1.1,N,0
28.36961,68.19216,331.71,0.45,0.39,2026-06-05,2127,N20,VIIRS,n,2,302.51,3.74,N,0
28.36989,68.21093,334.41,0.45,0.39,2026-06-05,2127,N20,VIIRS,n,2,303.8,9.91,N,0
28.38484,68.10728,314.1,0.44,0.39,2026-06-05,2127,N20,VIIRS,n,2,302.34,1.24,N,0
28.38745,69.26746,319.2,0.5,0.41,2026-06-05,2127,N20,VIIRS,n,2,300.1,1.71,N,0
28.3994,68.16934,317,0.44,0.39,2026-06-05,2127,N20,VIIRS,n,2,302.18,1.1,N,0
28.40405,68.06084,343.89,0.44,0.38,2026-06-05,2127,N20,VIIRS,n,2,303.76,5.29,N,0
28.40415,68.06384,331.51,0.44,0.38,2026-06-05,2127,N20,VIIRS,n,2,302.98,2.86,N,0
28.40484,68.05641,322.62,0.44,0.38,2026-06-05,2127,N20,VIIRS,n,2,302.61,2.22,N,0
28.40496,68.05942,327.96,0.44,0.38,2026-06-05,2127,N20,VIIRS,n,2,303.06,2.86,N,0
28.40577,68.055,319.46,0.44,0.38,2026-06-05,2127,N20,VIIRS,n,2,302.64,1.55,N,0
28.42657,69.70146,315.85,0.52,0.41,2026-06-05,2127,N20,VIIRS,n,2,299.24,1.73,N,2
28.4272,69.69986,313.18,0.52,0.41,2026-06-05,2127,N20,VIIRS,n,2,299.26,1.28,N,2
28.42883,68.02807,329.32,0.44,0.38,2026-06-05,2127,N20,VIIRS,n,2,302.69,1.91,N,0
28.43982,68.06746,320.35,0.44,0.38,2026-06-05,2127,N20,VIIRS,n,2,301.73,1.57,N,0
28.44116,68.10011,317.24,0.44,0.38,2026-06-05,2127,N20,VIIRS,n,2,301.84,0.81,N,0
28.44759,68.06463,331.69,0.44,0.38,2026-06-05,2127,N20,VIIRS,n,2,302.81,2.37,N,0
28.45891,68.18314,315.47,0.44,0.39,2026-06-05,2127,N20,VIIRS,n,2,302.3,1.29,N,0
28.45972,68.17867,332.42,0.44,0.39,2026-06-05,2127,N20,VIIRS,n,2,302.89,5.94,N,0
28.46241,68.18394,318.91,0.44,0.39,2026-06-05,2127,N20,VIIRS,n,2,302.31,1.29,N,0
28.47648,68.40543,315.68,0.45,0.39,2026-06-05,2127,N20,VIIRS,n,2,302.2,0.93,N,0
28.47732,68.40088,311.99,0.45,0.39,2026-06-05,2127,N20,VIIRS,n,2,301.66,0.93,N,0
28.47808,69.55757,336.96,0.51,0.41,2026-06-05,2127,N20,VIIRS,n,2,300.43,5.56,N,0
28.48479,68.22182,331.1,0.45,0.39,2026-06-05,2127,N20,VIIRS,n,2,301.88,3.04,N,0
28.48515,68.21905,330.15,0.45,0.39,2026-06-05,2127,N20,VIIRS,n,2,302.43,2.17,N,0
28.506,68.36492,334.37,0.45,0.39,2026-06-05,2127,N20,VIIRS,n,2,302.99,6.69,N,0
28.50617,68.22393,319.84,0.45,0.39,2026-06-05,2127,N20,VIIRS,n,2,302.4,1.76,N,0
28.50731,68.68994,312.28,0.46,0.39,2026-06-05,2127,N20,VIIRS,n,2,301.09,1.08,N,0
21.10306,72.6468,309,0.35,0.57,2026-06-05,2128,N20,VIIRS,n,2,294.32,4.06,N,2
21.1052,72.6368,332.16,0.35,0.57,2026-06-05,2128,N20,VIIRS,n,2,295,5.43,N,2
21.10819,72.6481,320.32,0.35,0.57,2026-06-05,2128,N20,VIIRS,n,2,295.03,2.41,N,2
21.10891,72.64476,308.52,0.35,0.57,2026-06-05,2128,N20,VIIRS,n,2,294.45,2.41,N,2
21.11034,72.63807,314.21,0.35,0.57,2026-06-05,2128,N20,VIIRS,n,2,295.7,4.36,N,2
21.27349,72.87022,308.42,0.36,0.58,2026-06-05,2128,N20,VIIRS,n,2,292.63,1.06,N,0
22.93252,69.7051,313.56,0.43,0.46,2026-06-05,2128,N20,VIIRS,n,2,297.68,3.21,N,0
22.93411,69.6969,313.65,0.43,0.46,2026-06-05,2128,N20,VIIRS,n,2,297.23,4.03,N,0
22.97951,72.57007,346.63,0.32,0.55,2026-06-05,2128,N20,VIIRS,n,2,296.32,3.88,N,0
22.98017,72.567,313.34,0.32,0.55,2026-06-05,2128,N20,VIIRS,n,2,295.71,2.95,N,2
23.43746,68.71757,309.88,0.55,0.43,2026-06-05,2128,N20,VIIRS,n,2,298,3.08,N,0
25.39028,68.58247,312.05,0.51,0.41,2026-06-05,2128,N20,VIIRS,n,2,297.06,0.64,N,2
25.57296,68.58534,309.14,0.51,0.41,2026-06-05,2128,N20,VIIRS,n,2,297.07,0.83,N,0
18.6821,73.03468,308.16,0.42,0.61,2026-06-05,2129,N20,VIIRS,n,2,283.4,1.4,N,2
18.68592,73.0438,309.45,0.42,0.61,2026-06-05,2129,N20,VIIRS,n,2,283.72,2.36,N,2
18.68847,73.0321,307.5,0.42,0.61,2026-06-05,2129,N20,VIIRS,n,2,282.09,1.42,N,2
19.37275,71.35383,339.82,0.63,0.54,2026-06-05,2129,N20,VIIRS,n,2,295.89,11.47,N,3
19.57324,71.36614,316.07,0.63,0.54,2026-06-05,2129,N20,VIIRS,n,2,295.53,6.98,N,3
20.35426,72.95064,310.06,0.38,0.59,2026-06-05,2129,N20,VIIRS,n,2,291.04,2.13,N,0
17.35052,80.86269,348,0.71,0.75,2026-06-06,659,N20,VIIRS,n,2,287.51,19.9,D,0
17.88486,80.42921,330.29,0.74,0.76,2026-06-06,659,N20,VIIRS,n,2,288.58,3.69,D,0
17.99284,82.2875,346.37,0.56,0.69,2026-06-06,659,N20,VIIRS,n,2,284.73,13.07,D,0
18.27809,79.95876,334.53,0.77,0.78,2026-06-06,659,N20,VIIRS,n,2,291.46,9.11,D,0
18.27982,79.96591,331.29,0.77,0.77,2026-06-06,659,N20,VIIRS,n,2,290.46,7.23,D,0
18.28151,79.96423,345.32,0.77,0.78,2026-06-06,659,N20,VIIRS,n,2,290.4,11.27,D,0
18.42421,80.51506,341.59,0.71,0.75,2026-06-06,659,N20,VIIRS,n,2,284.95,9.32,D,0
18.49799,80.02691,330.12,0.76,0.77,2026-06-06,659,N20,VIIRS,n,2,285.64,4.67,D,0
18.7608,79.74511,331.44,0.78,0.78,2026-06-06,659,N20,VIIRS,n,2,288.43,4.14,D,0
19.30877,82.02331,331.01,0.54,0.68,2026-06-06,659,N20,VIIRS,n,2,293.89,4.56,D,0
19.40762,83.2173,332.99,0.45,0.63,2026-06-06,659,N20,VIIRS,n,2,292.75,3.49,D,0
19.90458,83.89508,334.76,0.4,0.6,2026-06-06,659,N20,VIIRS,n,2,294.13,4.01,D,0
20.38264,94.78745,330.21,0.39,0.36,2026-06-06,659,N20,VIIRS,l,2,302.48,5.96,D,0
20.38542,94.7832,330.6,0.39,0.36,2026-06-06,659,N20,VIIRS,l,2,302.7,3.22,D,0
20.38596,94.7869,330.17,0.39,0.36,2026-06-06,659,N20,VIIRS,l,2,302.6,3.68,D,0
20.38651,94.7906,332.56,0.39,0.36,2026-06-06,659,N20,VIIRS,l,2,304.39,3.68,D,0
20.88203,96.03253,347.6,0.42,0.37,2026-06-06,659,N20,VIIRS,n,2,296.11,6.15,D,0
20.88225,96.03181,342.09,0.42,0.37,2026-06-06,659,N20,VIIRS,n,2,295.4,2.01,D,0
20.88281,96.0358,356.77,0.42,0.37,2026-06-06,659,N20,VIIRS,l,2,296.9,5.78,D,0
20.88338,96.03981,355.97,0.42,0.37,2026-06-06,659,N20,VIIRS,l,2,296.98,5.78,D,0
20.88601,96.03598,356.19,0.42,0.37,2026-06-06,659,N20,VIIRS,l,2,297.8,14.09,D,0
20.88656,96.03998,356.16,0.42,0.37,2026-06-06,659,N20,VIIRS,n,2,298.38,14.09,D,0
20.88944,96.03544,349.11,0.42,0.37,2026-06-06,659,N20,VIIRS,n,2,298.26,7.36,D,0
20.88999,96.03944,356.38,0.42,0.37,2026-06-06,659,N20,VIIRS,n,2,298.61,7.36,D,0
20.89055,96.04347,343.67,0.42,0.38,2026-06-06,659,N20,VIIRS,n,2,298.45,7.8,D,0
20.89343,96.0389,336.37,0.42,0.37,2026-06-06,659,N20,VIIRS,n,2,297.85,7.36,D,0
20.97301,96.00601,338.05,0.42,0.37,2026-06-06,659,N20,VIIRS,n,2,296.84,4.46,D,0
20.97701,96.00947,338.76,0.42,0.37,2026-06-06,659,N20,VIIRS,n,2,295.28,3.77,D,0
20.97757,96.01346,346.25,0.42,0.37,2026-06-06,659,N20,VIIRS,n,2,296.62,4.34,D,0
20.97814,96.01746,344.39,0.42,0.37,2026-06-06,659,N20,VIIRS,n,2,295.9,4.34,D,0
21.44212,96.28687,337.54,0.43,0.38,2026-06-06,659,N20,VIIRS,n,2,294.83,5.92,D,0
21.44503,96.28221,349.96,0.43,0.38,2026-06-06,659,N20,VIIRS,n,2,296.72,5.92,D,0
21.4456,96.28633,352.04,0.43,0.38,2026-06-06,659,N20,VIIRS,n,2,297.07,5.92,D,0
21.44616,96.29036,334.44,0.43,0.38,2026-06-06,659,N20,VIIRS,n,2,295.76,1.47,D,0
21.44909,96.28577,347.57,0.43,0.38,2026-06-06,659,N20,VIIRS,n,2,295.85,4.35,D,0
21.44966,96.28989,331.51,0.43,0.38,2026-06-06,659,N20,VIIRS,n,2,296.44,1.96,D,0
22.03896,96.21467,330.26,0.43,0.38,2026-06-06,659,N20,VIIRS,n,2,299.61,4.47,D,0
19.81499,81.60556,338.53,0.56,0.69,2026-06-06,700,N20,VIIRS,n,2,294.24,5.41,D,0
19.82903,82.84895,330.06,0.47,0.64,2026-06-06,700,N20,VIIRS,n,2,293.12,3.6,D,0
20.24391,81.4921,338.82,0.56,0.69,2026-06-06,700,N20,VIIRS,n,2,292.85,11.28,D,0
20.58328,82.18996,331.53,0.5,0.66,2026-06-06,700,N20,VIIRS,n,2,292.38,1.99,D,0
20.72182,81.67623,330.22,0.53,0.67,2026-06-06,700,N20,VIIRS,n,2,293.79,2.69,D,0
20.72244,84.51365,336.45,0.35,0.57,2026-06-06,700,N20,VIIRS,n,2,292.93,3.59,D,0
20.7238,84.51225,339.01,0.35,0.57,2026-06-06,700,N20,VIIRS,n,2,292.13,2.96,D,0
20.72785,81.67462,331.02,0.53,0.67,2026-06-06,700,N20,VIIRS,n,2,294.24,2.69,D,0
20.73841,81.5552,332.22,0.54,0.68,2026-06-06,700,N20,VIIRS,n,2,294.89,1.97,D,0
20.74947,84.10011,335.03,0.37,0.58,2026-06-06,700,N20,VIIRS,n,2,293.92,1.45,D,0
20.75061,84.10136,333.05,0.37,0.58,2026-06-06,700,N20,VIIRS,n,2,294.47,3.77,D,0
20.77103,81.75218,332.29,0.53,0.67,2026-06-06,700,N20,VIIRS,n,2,294.13,4.67,D,0
20.77156,81.7518,332.89,0.52,0.67,2026-06-06,700,N20,VIIRS,n,2,294.39,4.92,D,0
20.7718,84.07588,333.63,0.37,0.58,2026-06-06,700,N20,VIIRS,n,2,295.57,1.44,D,0
20.77703,81.7506,333.92,0.53,0.67,2026-06-06,700,N20,VIIRS,n,2,294.05,4.77,D,0
20.77757,81.75024,334.17,0.52,0.67,2026-06-06,700,N20,VIIRS,n,2,293.88,4.92,D,0
20.77814,81.7555,346.66,0.53,0.67,2026-06-06,700,N20,VIIRS,n,2,293.41,4.77,D,0
20.77871,81.75513,348.42,0.52,0.67,2026-06-06,700,N20,VIIRS,n,2,294.44,4.92,D,0
20.82781,81.82996,330.38,0.52,0.67,2026-06-06,700,N20,VIIRS,n,2,293.86,1.99,D,0
20.88677,84.98292,332.07,0.32,0.55,2026-06-06,700,N20,VIIRS,n,2,290.25,1.81,D,2
20.93524,84.04672,331.07,0.37,0.58,2026-06-06,700,N20,VIIRS,n,2,293.97,1.16,D,0
20.94908,83.80846,346.11,0.38,0.59,2026-06-06,700,N20,VIIRS,n,2,295.12,3.34,D,0
20.96297,86.00758,331.99,0.56,0.51,2026-06-06,700,N20,VIIRS,n,2,291.16,5.43,D,2
20.96472,81.04243,332.25,0.58,0.69,2026-06-06,700,N20,VIIRS,n,2,296.57,2.68,D,0
20.97264,83.81406,340.94,0.38,0.59,2026-06-06,700,N20,VIIRS,n,2,295.6,6.6,D,0
20.97449,82.55204,367,0.46,0.64,2026-06-06,700,N20,VIIRS,h,2,295.09,9.83,D,0
20.97546,82.5563,333.02,0.46,0.64,2026-06-06,700,N20,VIIRS,n,2,294.44,7.33,D,0
21.02274,83.83965,333.58,0.38,0.59,2026-06-06,700,N20,VIIRS,n,2,295.59,3.91,D,0
21.02567,83.83862,336.12,0.38,0.59,2026-06-06,700,N20,VIIRS,n,2,296.71,4.33,D,0
21.05853,80.92283,333.17,0.58,0.7,2026-06-06,700,N20,VIIRS,n,2,296.52,2.35,D,0
21.09686,81.94193,367,0.5,0.66,2026-06-06,700,N20,VIIRS,h,2,295.9,15.61,D,0
21.09793,81.94662,340.27,0.5,0.66,2026-06-06,700,N20,VIIRS,n,2,294.35,14.6,D,0
21.10444,83.86826,330.84,0.38,0.59,2026-06-06,700,N20,VIIRS,n,2,296.13,3.25,D,0
21.11303,82.2022,331.06,0.48,0.65,2026-06-06,700,N20,VIIRS,n,2,290.99,3.83,D,0
21.11409,80.89276,341.45,0.58,0.7,2026-06-06,700,N20,VIIRS,n,2,296.83,6.28,D,0
21.11803,82.43517,330.06,0.47,0.64,2026-06-06,700,N20,VIIRS,n,2,294.36,3.54,D,0
21.11855,80.89536,338.53,0.59,0.7,2026-06-06,700,N20,VIIRS,n,2,296.95,4.48,D,0
21.12471,80.86465,332.7,0.59,0.7,2026-06-06,700,N20,VIIRS,n,2,297.01,4.42,D,0
21.15187,82.12902,334.87,0.49,0.65,2026-06-06,700,N20,VIIRS,n,2,291.6,4.53,D,0
21.1538,82.09241,334.42,0.49,0.65,2026-06-06,700,N20,VIIRS,n,2,294.02,5.72,D,0
21.15626,82.0938,343.32,0.49,0.65,2026-06-06,700,N20,VIIRS,n,2,294.49,11.5,D,0
21.16071,82.09545,342.98,0.49,0.65,2026-06-06,700,N20,VIIRS,n,2,293.42,5.72,D,0
21.16313,82.09682,331.55,0.49,0.65,2026-06-06,700,N20,VIIRS,n,2,290.6,6.81,D,0
21.16491,82.24098,330.47,0.48,0.65,2026-06-06,700,N20,VIIRS,n,2,292.85,5.36,D,0
21.1687,82.15636,348.6,0.49,0.65,2026-06-06,700,N20,VIIRS,n,2,292.95,8.43,D,0
21.1697,82.15331,339.58,0.49,0.65,2026-06-06,700,N20,VIIRS,n,2,293.72,7.54,D,0
21.18208,83.53047,333.38,0.4,0.6,2026-06-06,700,N20,VIIRS,n,2,295.47,1.28,D,0
21.22038,82.43286,339.76,0.47,0.64,2026-06-06,700,N20,VIIRS,n,2,289.81,7.58,D,0
21.25308,82.81775,340.62,0.44,0.62,2026-06-06,700,N20,VIIRS,n,2,294.77,4.71,D,0
21.26644,81.45152,337.56,0.54,0.67,2026-06-06,700,N20,VIIRS,n,2,297.77,8.42,D,0
21.27966,82.93587,342.8,0.43,0.62,2026-06-06,700,N20,VIIRS,n,2,294.77,3.79,D,0
21.31471,82.80244,330.02,0.44,0.62,2026-06-06,700,N20,VIIRS,n,2,296.03,2.18,D,0
21.32781,80.42342,336.22,0.62,0.71,2026-06-06,700,N20,VIIRS,n,2,292.89,4.29,D,0
21.32831,80.42523,335.44,0.62,0.71,2026-06-06,700,N20,VIIRS,n,2,292.92,4.59,D,0
21.33338,83.76187,330.24,0.38,0.59,2026-06-06,700,N20,VIIRS,n,2,295.17,2.09,D,0
21.33693,83.76148,367,0.38,0.59,2026-06-06,700,N20,VIIRS,h,2,295.44,7.53,D,0
21.34761,80.44889,331.89,0.62,0.71,2026-06-06,700,N20,VIIRS,n,2,292.69,9.23,D,0
21.34793,80.45074,341.85,0.62,0.71,2026-06-06,700,N20,VIIRS,n,2,292.41,5.14,D,0
21.34903,80.4547,345.93,0.62,0.71,2026-06-06,700,N20,VIIRS,n,2,291.8,8.84,D,0
21.3493,80.45657,333.32,0.62,0.71,2026-06-06,700,N20,VIIRS,n,2,291.98,5.14,D,0
21.35436,83.98994,335.55,0.37,0.58,2026-06-06,700,N20,VIIRS,n,2,295.62,3.04,D,0
21.36251,84.00249,335.57,0.37,0.58,2026-06-06,700,N20,VIIRS,n,2,294.32,2.54,D,0
21.36913,84.00831,344.26,0.37,0.58,2026-06-06,700,N20,VIIRS,n,2,294.19,5.06,D,0
21.36919,84.00816,343.52,0.37,0.58,2026-06-06,700,N20,VIIRS,n,2,294.88,5.72,D,0
21.38356,82.93719,335.15,0.43,0.62,2026-06-06,700,N20,VIIRS,n,2,294.85,2.58,D,0
21.38766,83.99278,331.49,0.37,0.58,2026-06-06,700,N20,VIIRS,n,2,294.77,2.17,D,0
21.40408,84.01784,339.01,0.36,0.58,2026-06-06,700,N20,VIIRS,n,2,295.98,5.16,D,0
21.42631,84.1202,330.19,0.36,0.57,2026-06-06,700,N20,VIIRS,n,2,294.05,1.52,D,0
21.43429,83.03346,334.65,0.42,0.61,2026-06-06,700,N20,VIIRS,n,2,295.17,7.75,D,0
21.43518,83.03746,352,0.42,0.61,2026-06-06,700,N20,VIIRS,n,2,295.53,12.47,D,0
21.48584,84.14475,337.84,0.36,0.57,2026-06-06,700,N20,VIIRS,n,2,295.2,4.3,D,0
21.521,84.07833,334.28,0.36,0.57,2026-06-06,700,N20,VIIRS,n,2,294.85,6.16,D,0
21.52174,84.08172,352.21,0.36,0.57,2026-06-06,700,N20,VIIRS,n,2,295.83,6.16,D,0
21.52248,84.08513,367,0.36,0.57,2026-06-06,700,N20,VIIRS,h,2,295.44,11.55,D,0
21.52322,84.08853,367,0.36,0.57,2026-06-06,700,N20,VIIRS,h,2,294.26,11.55,D,0
21.53575,84.0711,332.55,0.36,0.57,2026-06-06,700,N20,VIIRS,n,2,294.87,2.27,D,0
21.56522,84.08178,334.68,0.36,0.57,2026-06-06,700,N20,VIIRS,n,2,295.01,2.54,D,0
21.57494,83.0973,350.17,0.41,0.61,2026-06-06,700,N20,VIIRS,n,2,293.37,6.73,D,0
21.61436,81.68165,336.06,0.51,0.66,2026-06-06,700,N20,VIIRS,n,2,300.1,6.45,D,0
21.67671,84.04067,332.69,0.36,0.57,2026-06-06,700,N20,VIIRS,n,2,295.54,2.78,D,2
21.69527,83.09447,342.08,0.41,0.61,2026-06-06,700,N20,VIIRS,n,2,294.85,4.32,D,0
21.69558,81.69763,335.99,0.51,0.66,2026-06-06,700,N20,VIIRS,n,2,297.56,6.92,D,0
21.69666,81.70235,335.88,0.51,0.66,2026-06-06,700,N20,VIIRS,n,2,298.57,7.45,D,0
21.69775,81.70707,348.86,0.5,0.66,2026-06-06,700,N20,VIIRS,n,2,298.16,7.45,D,0
21.71345,83.04892,334.89,0.41,0.61,2026-06-06,700,N20,VIIRS,n,2,296.55,3.32,D,0
21.71404,83.04857,331.59,0.41,0.61,2026-06-06,700,N20,VIIRS,n,2,296.6,1.49,D,0
21.74077,81.73076,345.18,0.5,0.66,2026-06-06,700,N20,VIIRS,n,2,297.82,8.41,D,0
21.74316,81.72822,344.14,0.5,0.66,2026-06-06,700,N20,VIIRS,n,2,297.83,10.64,D,0
21.74451,81.71973,332.96,0.5,0.66,2026-06-06,700,N20,VIIRS,n,2,298.8,11.16,D,0
21.78858,82.66349,335.37,0.44,0.62,2026-06-06,700,N20,VIIRS,n,2,293.88,2.1,D,0
21.79512,82.64001,335.99,0.44,0.62,2026-06-06,700,N20,VIIRS,n,2,294.73,2.34,D,0
21.85569,82.9106,331.73,0.42,0.61,2026-06-06,700,N20,VIIRS,n,2,294.57,2.05,D,0
21.8634,82.40594,333.22,0.45,0.63,2026-06-06,700,N20,VIIRS,n,2,295.39,2.51,D,0
21.88531,82.47667,338.77,0.45,0.63,2026-06-06,700,N20,VIIRS,n,2,295.46,4.83,D,0
21.89587,82.43582,337.36,0.45,0.63,2026-06-06,700,N20,VIIRS,n,2,294.23,2.99,D,0
21.89846,82.58803,339.18,0.44,0.62,2026-06-06,700,N20,VIIRS,n,2,295.17,2.95,D,0
21.89938,82.43289,330.9,0.45,0.63,2026-06-06,700,N20,VIIRS,n,2,295.24,4.48,D,0
21.90033,82.43715,330.32,0.45,0.63,2026-06-06,700,N20,VIIRS,n,2,295.07,4.57,D,0
21.90151,82.43435,332.15,0.45,0.63,2026-06-06,700,N20,VIIRS,n,2,295.55,3.22,D,0
21.90876,82.50153,336.21,0.45,0.63,2026-06-06,700,N20,VIIRS,n,2,295.2,2.32,D,0
21.91132,82.50277,332.09,0.44,0.63,2026-06-06,700,N20,VIIRS,n,2,294.23,4.1,D,0
21.91531,82.54588,339,0.44,0.62,2026-06-06,700,N20,VIIRS,n,2,295.62,3.12,D,0
21.91902,82.5475,337.38,0.44,0.62,2026-06-06,700,N20,VIIRS,n,2,295.83,2.94,D,0
21.91908,82.49447,336.22,0.45,0.63,2026-06-06,700,N20,VIIRS,n,2,294.2,5.73,D,0
21.91945,83.35162,339.46,0.39,0.6,2026-06-06,700,N20,VIIRS,n,2,295.26,4.53,D,2
21.92093,82.54446,332.17,0.44,0.62,2026-06-06,700,N20,VIIRS,n,2,295.82,3.12,D,0
21.92185,82.53358,336.91,0.44,0.63,2026-06-06,700,N20,VIIRS,n,2,297.18,7.02,D,0
21.92367,82.53056,330.42,0.44,0.63,2026-06-06,700,N20,VIIRS,n,2,297.02,4.99,D,0
21.93183,82.65788,330.49,0.43,0.62,2026-06-06,700,N20,VIIRS,n,2,294.11,2.72,D,0
21.93273,82.66193,333.05,0.43,0.62,2026-06-06,700,N20,VIIRS,n,2,293.94,2.72,D,0
21.93376,82.64013,331.87,0.44,0.62,2026-06-06,700,N20,VIIRS,n,2,295.02,3.62,D,0
21.93843,82.63458,330.63,0.44,0.62,2026-06-06,700,N20,VIIRS,n,2,295.16,3.06,D,0
21.93881,82.36171,330.11,0.45,0.63,2026-06-06,700,N20,VIIRS,n,2,295.34,3.99,D,0
21.9409,82.63132,332.64,0.44,0.62,2026-06-06,700,N20,VIIRS,n,2,294.96,3.73,D,0
21.94454,82.59561,340.27,0.44,0.62,2026-06-06,700,N20,VIIRS,n,2,295.22,4.05,D,0
21.94695,82.5932,334.33,0.44,0.62,2026-06-06,700,N20,VIIRS,n,2,295.78,3.92,D,0
21.95347,82.59594,342.69,0.44,0.62,2026-06-06,700,N20,VIIRS,n,2,294.47,3.92,D,0
21.95924,82.72821,330.57,0.43,0.62,2026-06-06,700,N20,VIIRS,n,2,295.07,1.15,D,0
21.96137,82.6175,331.83,0.44,0.62,2026-06-06,700,N20,VIIRS,n,2,295.47,1.66,D,0
21.96389,82.9583,330.5,0.42,0.61,2026-06-06,700,N20,VIIRS,n,2,294.75,0.85,D,0
21.96935,82.95687,335.89,0.42,0.61,2026-06-06,700,N20,VIIRS,n,2,296.7,4.08,D,0
21.9984,82.87887,330.29,0.42,0.61,2026-06-06,700,N20,VIIRS,n,2,295.24,2.22,D,0
22.02162,82.88261,330.64,0.42,0.61,2026-06-06,700,N20,VIIRS,n,2,294.26,1.23,D,0
22.04256,82.52084,340.2,0.44,0.62,2026-06-06,700,N20,VIIRS,n,2,293.98,3.93,D,0
22.04366,82.10342,338.99,0.47,0.64,2026-06-06,700,N20,VIIRS,n,2,293.65,7.86,D,0
22.04411,82.10561,346.35,0.47,0.64,2026-06-06,700,N20,VIIRS,n,2,292.85,7.86,D,0
22.04623,82.52122,333.87,0.44,0.62,2026-06-06,700,N20,VIIRS,n,2,294.28,3.19,D,0
22.06773,82.26361,346.72,0.46,0.63,2026-06-06,700,N20,VIIRS,n,2,298.3,4.2,D,0
22.06819,82.26097,334.38,0.46,0.63,2026-06-06,700,N20,VIIRS,n,2,296.96,4.43,D,0
22.17345,82.16581,331.41,0.46,0.64,2026-06-06,700,N20,VIIRS,n,2,293.8,2.05,D,0
22.20696,82.18,343.76,0.46,0.63,2026-06-06,700,N20,VIIRS,n,2,295.68,4.92,D,0
22.4383,95.61422,335.87,0.42,0.37,2026-06-06,700,N20,VIIRS,n,2,296.34,1.92,D,0
22.48526,83.10567,338.03,0.4,0.6,2026-06-06,700,N20,VIIRS,n,2,293.84,4.67,D,0
22.48713,83.10593,342.8,0.4,0.6,2026-06-06,700,N20,VIIRS,n,2,293.78,4.22,D,0
22.72223,81.25267,336.55,0.51,0.66,2026-06-06,700,N20,VIIRS,n,2,295.81,5.58,D,0
23.01564,93.57562,335.34,0.38,0.36,2026-06-06,700,N20,VIIRS,n,2,301.99,5.35,D,0
23.08219,94.38867,332.33,0.39,0.36,2026-06-06,700,N20,VIIRS,l,2,303.25,4,D,0
23.21674,94.31049,330.35,0.39,0.36,2026-06-06,700,N20,VIIRS,l,2,304.15,6.39,D,0
23.37257,94.33485,330.69,0.39,0.36,2026-06-06,700,N20,VIIRS,l,2,304.09,3.23,D,0
23.37535,94.33047,335.16,0.39,0.36,2026-06-06,700,N20,VIIRS,l,2,306.38,4.27,D,0
23.73534,86.43497,332.42,0.46,0.47,2026-06-06,700,N20,VIIRS,n,2,292.94,6.32,D,2
23.93937,94.28942,336.54,0.39,0.36,2026-06-06,700,N20,VIIRS,n,2,297.43,3.66,D,0
23.97838,90.93538,356.45,0.41,0.37,2026-06-06,700,N20,VIIRS,l,2,293.97,8.67,D,0
23.97905,90.93941,367,0.41,0.37,2026-06-06,700,N20,VIIRS,h,2,294.65,8.67,D,0
23.98178,90.9347,356.39,0.41,0.37,2026-06-06,700,N20,VIIRS,l,2,293.53,8.67,D,3
23.98245,90.93873,355.63,0.41,0.37,2026-06-06,700,N20,VIIRS,l,2,293.59,8.67,D,3
24.15478,94.67513,331.37,0.4,0.37,2026-06-06,700,N20,VIIRS,l,2,304.75,7.61,D,0
24.25735,91.09225,367,0.41,0.37,2026-06-06,700,N20,VIIRS,h,2,293.1,10.85,D,0
24.26007,91.0876,356.58,0.41,0.37,2026-06-06,700,N20,VIIRS,l,2,293.93,10.85,D,0
24.46951,94.0397,341.47,0.39,0.36,2026-06-06,700,N20,VIIRS,n,2,300.93,3.4,D,0
24.47706,91.10257,367,0.41,0.37,2026-06-06,700,N20,VIIRS,h,2,294.21,50.74,D,0
24.48506,91.12219,356.46,0.41,0.37,2026-06-06,700,N20,VIIRS,l,2,294.21,18.19,D,0
24.48572,91.12614,367,0.41,0.37,2026-06-06,700,N20,VIIRS,h,2,294.19,26.62,D,0
24.48908,91.12548,356.11,0.41,0.37,2026-06-06,700,N20,VIIRS,l,2,294.26,26.62,D,0
24.52313,91.18408,367,0.4,0.37,2026-06-06,700,N20,VIIRS,h,2,293.66,5.98,D,0
24.52649,91.18342,355.51,0.4,0.37,2026-06-06,700,N20,VIIRS,l,2,293.41,5.98,D,0
24.52714,91.18737,355.04,0.4,0.37,2026-06-06,700,N20,VIIRS,l,2,293.58,5.98,D,0
24.60865,91.24047,355.43,0.4,0.37,2026-06-06,700,N20,VIIRS,l,2,293.86,11.82,D,0
24.60929,91.2444,367,0.4,0.37,2026-06-06,700,N20,VIIRS,h,2,293.71,11.82,D,0
24.60993,91.24834,356.78,0.4,0.37,2026-06-06,700,N20,VIIRS,l,2,293.95,9.59,D,0
24.61329,91.24767,356.69,0.4,0.37,2026-06-06,700,N20,VIIRS,l,2,293.81,9.59,D,0
24.61393,91.25161,367,0.4,0.37,2026-06-06,700,N20,VIIRS,h,2,293.77,9.59,D,0
24.61456,91.25553,356.69,0.4,0.37,2026-06-06,700,N20,VIIRS,l,2,293.85,16.42,D,0
24.61485,91.24765,356.4,0.4,0.37,2026-06-06,700,N20,VIIRS,l,2,293.92,26.48,D,0
24.63065,91.17546,367,0.4,0.37,2026-06-06,700,N20,VIIRS,h,2,293.67,16.15,D,0
24.70565,91.13689,356.44,0.4,0.37,2026-06-06,700,N20,VIIRS,l,2,293.56,14.2,D,0
24.706,91.14836,356.2,0.4,0.37,2026-06-06,700,N20,VIIRS,l,2,293.73,18.33,D,0
24.7063,91.14084,367,0.4,0.37,2026-06-06,700,N20,VIIRS,h,2,293.47,6.56,D,0
24.70696,91.14479,355.12,0.4,0.37,2026-06-06,700,N20,VIIRS,l,2,293.8,6.56,D,0
24.70901,91.13622,356.19,0.4,0.37,2026-06-06,700,N20,VIIRS,l,2,293.66,14.2,D,0
24.70966,91.14017,356.19,0.4,0.37,2026-06-06,700,N20,VIIRS,l,2,294.01,6.56,D,0
24.71032,91.14413,356.19,0.4,0.37,2026-06-06,700,N20,VIIRS,l,2,293.9,6.56,D,0
24.99046,91.14196,356.01,0.4,0.37,2026-06-06,700,N20,VIIRS,l,2,294.12,17.74,D,0
24.99317,91.13736,367,0.4,0.37,2026-06-06,700,N20,VIIRS,h,2,293.97,7.23,D,0
24.99381,91.1413,356.31,0.4,0.37,2026-06-06,700,N20,VIIRS,l,2,294.25,12.57,D,0
24.99507,93.9447,333.11,0.39,0.36,2026-06-06,700,N20,VIIRS,n,2,299.41,11.79,D,0
24.99652,91.1367,355.66,0.4,0.37,2026-06-06,700,N20,VIIRS,l,2,293.86,7.23,D,0
23.55768,79.41364,335.81,0.64,0.72,2026-06-06,701,N20,VIIRS,n,2,293.52,5.82,D,0
23.55919,79.2243,330.97,0.66,0.73,2026-06-06,701,N20,VIIRS,n,2,295.43,7.62,D,0
23.56373,79.22297,351.97,0.66,0.73,2026-06-06,701,N20,VIIRS,n,2,297.65,14.35,D,0
23.56569,79.2224,346.98,0.66,0.73,2026-06-06,701,N20,VIIRS,n,2,297.28,7.62,D,0
23.5672,79.22848,331.75,0.66,0.73,2026-06-06,701,N20,VIIRS,n,2,296.78,12.7,D,0
23.5718,79.22726,330.52,0.65,0.73,2026-06-06,701,N20,VIIRS,n,2,296.03,6.04,D,0
23.66206,79.61199,331.51,0.62,0.71,2026-06-06,701,N20,VIIRS,n,2,293,5.92,D,0
23.92571,80.71024,332.99,0.52,0.67,2026-06-06,701,N20,VIIRS,n,2,291.87,9.1,D,0
23.92789,80.71336,335.63,0.52,0.67,2026-06-06,701,N20,VIIRS,n,2,292.73,9.48,D,0
24.41204,79.27338,343.39,0.62,0.71,2026-06-06,701,N20,VIIRS,n,2,301.89,5.61,D,0
24.41261,79.2766,342.23,0.62,0.72,2026-06-06,701,N20,VIIRS,n,2,301.92,6.71,D,0
24.50847,79.27584,332.08,0.62,0.71,2026-06-06,701,N20,VIIRS,l,2,303.19,5.35,D,0
24.58914,81.437,337.1,0.45,0.63,2026-06-06,701,N20,VIIRS,n,2,291.33,4.24,D,0
24.80096,79.90573,335.27,0.56,0.69,2026-06-06,701,N20,VIIRS,n,2,296.51,2.54,D,0
24.8053,79.90325,350.46,0.56,0.69,2026-06-06,701,N20,VIIRS,n,2,296.87,5.71,D,0
24.80704,79.90379,338.16,0.56,0.69,2026-06-06,701,N20,VIIRS,n,2,296.35,4.74,D,0
24.8098,80.02172,331.2,0.55,0.68,2026-06-06,701,N20,VIIRS,n,2,295.8,3.67,D,0
24.95218,82.32594,331.56,0.39,0.59,2026-06-06,701,N20,VIIRS,n,2,296.21,1.13,D,0
25.06515,79.98551,334.87,0.54,0.68,2026-06-06,701,N20,VIIRS,n,2,298.32,2.74,D,0
25.06592,79.98656,330.64,0.54,0.68,2026-06-06,701,N20,VIIRS,n,2,297.87,2.01,D,0
25.06754,90.88502,355.64,0.41,0.37,2026-06-06,701,N20,VIIRS,l,2,294.86,19.54,D,0
25.0682,90.88902,367,0.41,0.37,2026-06-06,701,N20,VIIRS,h,2,294.39,18.03,D,0
25.07781,90.8416,356.25,0.41,0.37,2026-06-06,701,N20,VIIRS,l,2,294.51,31.66,D,0
25.07847,90.8456,367,0.41,0.37,2026-06-06,701,N20,VIIRS,h,2,294.17,10.22,D,0
25.07913,90.84962,356.23,0.41,0.37,2026-06-06,701,N20,VIIRS,l,2,294.46,10.22,D,0
25.08119,90.84091,356.78,0.41,0.37,2026-06-06,701,N20,VIIRS,l,2,294.93,24.27,D,0
25.08185,90.84492,356.81,0.41,0.37,2026-06-06,701,N20,VIIRS,l,2,294.83,15.3,D,0
25.08251,90.84893,356.16,0.41,0.37,2026-06-06,701,N20,VIIRS,l,2,294.93,15.3,D,0
25.14052,91.00285,356.28,0.4,0.37,2026-06-06,701,N20,VIIRS,l,2,293.69,26.11,D,0
25.14117,91.00681,355.14,0.4,0.37,2026-06-06,701,N20,VIIRS,l,2,293.67,6.34,D,0
25.14183,91.01077,356.28,0.4,0.37,2026-06-06,701,N20,VIIRS,l,2,294.13,6.34,D,0
25.14191,90.99028,367,0.4,0.37,2026-06-06,701,N20,VIIRS,h,2,293.76,32.23,D,0
25.14454,91.00614,367,0.4,0.37,2026-06-06,701,N20,VIIRS,h,2,294,6.34,D,0
25.1452,91.01011,356.1,0.4,0.37,2026-06-06,701,N20,VIIRS,l,2,294,6.34,D,0
25.14527,90.9896,356.33,0.4,0.37,2026-06-06,701,N20,VIIRS,l,2,293.93,20.6,D,0
25.14593,90.99357,355.72,0.4,0.37,2026-06-06,701,N20,VIIRS,l,2,293.93,20.6,D,0
25.1479,91.00548,356.25,0.4,0.37,2026-06-06,701,N20,VIIRS,l,2,294.07,15.64,D,0
25.14856,91.00944,355.89,0.4,0.37,2026-06-06,701,N20,VIIRS,l,2,293.93,15.64,D,0
25.8471,84.52754,335.29,0.55,0.51,2026-06-06,701,N20,VIIRS,n,2,294.19,3.34,D,0
25.89396,78.04479,336.52,0.68,0.74,2026-06-06,701,N20,VIIRS,n,2,297.07,6.7,D,0
25.8972,78.04437,336.7,0.68,0.74,2026-06-06,701,N20,VIIRS,n,2,297.63,7.06,D,0
26.01767,93.5128,335.87,0.39,0.36,2026-06-06,701,N20,VIIRS,n,2,296.78,3.53,D,0
26.04917,79.0993,344.71,0.58,0.7,2026-06-06,701,N20,VIIRS,n,2,298.82,8.48,D,0
26.05273,79.09718,346.33,0.58,0.7,2026-06-06,701,N20,VIIRS,n,2,299,6.89,D,0
26.08945,90.55441,367,0.41,0.37,2026-06-06,701,N20,VIIRS,h,2,295.23,8.74,D,0
26.09282,90.55371,355.97,0.41,0.37,2026-06-06,701,N20,VIIRS,l,2,295.15,8.74,D,0
26.0935,90.55776,355.89,0.41,0.37,2026-06-06,701,N20,VIIRS,l,2,294.94,8.74,D,0
26.28881,90.25249,367,0.42,0.37,2026-06-06,701,N20,VIIRS,h,2,293.39,10.42,D,0
26.2928,84.67389,330.88,0.53,0.5,2026-06-06,701,N20,VIIRS,n,2,292.28,2.32,D,0
26.36944,90.27083,356.17,0.41,0.37,2026-06-06,701,N20,VIIRS,l,2,292.96,33.85,D,0
26.37013,90.27493,367,0.41,0.37,2026-06-06,701,N20,VIIRS,h,2,293.39,33.85,D,0
26.37082,90.27903,356.29,0.41,0.37,2026-06-06,701,N20,VIIRS,l,2,293.2,33.38,D,0
26.37251,90.47692,367,0.41,0.37,2026-06-06,701,N20,VIIRS,h,2,292.74,125.12,D,0
26.37588,90.47623,207.93,0.41,0.37,2026-06-06,701,N20,VIIRS,l,2,293.12,256.04,D,0
26.37656,90.48028,207.93,0.41,0.37,2026-06-06,701,N20,VIIRS,l,2,293.24,289.46,D,0
26.43554,90.26625,367,0.41,0.37,2026-06-06,701,N20,VIIRS,h,2,293.23,23.8,D,0
26.43964,90.26965,355.31,0.41,0.37,2026-06-06,701,N20,VIIRS,l,2,292.72,23.8,D,0
26.44676,79.71923,332.48,0.52,0.67,2026-06-06,702,N20,VIIRS,n,2,300.27,5.07,D,0
26.99666,81.87,335.01,0.38,0.58,2026-06-06,702,N20,VIIRS,n,2,293.39,3.67,D,0
27.34313,79.65472,338.21,0.5,0.66,2026-06-06,702,N20,VIIRS,n,2,300.47,3.27,D,0
27.49279,82.15966,330.22,0.35,0.57,2026-06-06,702,N20,VIIRS,n,2,293.71,1.73,D,0
27.65423,81.64253,332.42,0.38,0.58,2026-06-06,702,N20,VIIRS,n,2,293.81,1.64,D,0
27.92352,79.89548,330.09,0.47,0.64,2026-06-06,702,N20,VIIRS,n,2,298.93,3.97,D,0
27.92467,79.9001,330.37,0.47,0.64,2026-06-06,702,N20,VIIRS,n,2,299.74,3.97,D,0
28.118,80.21018,334.15,0.45,0.63,2026-06-06,702,N20,VIIRS,n,2,298,1.73,D,0
28.24239,80.16903,331.05,0.45,0.63,2026-06-06,702,N20,VIIRS,n,2,296.15,1.63,D,0
28.29136,80.17263,367,0.45,0.63,2026-06-06,702,N20,VIIRS,h,2,298.81,13.22,D,0
28.29343,80.17321,367,0.44,0.63,2026-06-06,702,N20,VIIRS,h,2,298.19,9.85,D,0
28.79656,79.22177,331.58,0.49,0.65,2026-06-06,702,N20,VIIRS,l,2,303.74,2.4,D,0
28.80839,79.15531,346.69,0.5,0.66,2026-06-06,702,N20,VIIRS,n,2,304.22,7.28,D,0
28.8108,79.15358,344.73,0.5,0.66,2026-06-06,702,N20,VIIRS,n,2,303.81,5.91,D,0
29.20104,79.44047,338.43,0.47,0.64,2026-06-06,702,N20,VIIRS,n,2,299.02,10.64,D,0
29.20214,79.44341,348.13,0.47,0.64,2026-06-06,702,N20,VIIRS,n,2,298.88,10.77,D,0
29.20226,79.44521,331.59,0.47,0.64,2026-06-06,702,N20,VIIRS,n,2,297.73,7.89,D,0
30.21955,76.70509,342.39,0.64,0.72,2026-06-06,703,N20,VIIRS,n,2,300.28,3.75,D,0
30.60975,76.34298,339.81,0.65,0.73,2026-06-06,703,N20,VIIRS,n,2,299.4,4.89,D,0
30.6121,76.34315,337.92,0.65,0.73,2026-06-06,703,N20,VIIRS,n,2,299.55,7.03,D,0
31.25494,77.17267,332.65,0.56,0.69,2026-06-06,703,N20,VIIRS,n,2,300.88,7.79,D,0
31.25583,77.17594,345.99,0.56,0.69,2026-06-06,703,N20,VIIRS,n,2,300.89,11.15,D,0
31.25948,77.1739,340.11,0.56,0.69,2026-06-06,703,N20,VIIRS,n,2,298.15,7.77,D,0
31.56792,75.65269,331.27,0.67,0.74,2026-06-06,703,N20,VIIRS,n,2,298.22,2.62,D,0
31.9225,74.45618,336.58,0.77,0.77,2026-06-06,703,N20,VIIRS,n,2,298.21,5.2,D,0
31.92352,74.45388,334.42,0.77,0.77,2026-06-06,703,N20,VIIRS,n,2,298.39,7.4,D,0
31.94932,74.41949,334.39,0.77,0.77,2026-06-06,703,N20,VIIRS,n,2,296.38,1.79,D,0
31.95041,74.41692,337.41,0.77,0.77,2026-06-06,703,N20,VIIRS,n,2,297.14,3.65,D,0
8.60727,78.0759,345.79,0.5,0.49,2026-06-06,837,N20,VIIRS,n,2,296.97,5.25,D,0
8.85526,80.97769,347.32,0.4,0.6,2026-06-06,837,N20,VIIRS,n,2,292.62,5.48,D,0
8.8628,78.13254,338.88,0.51,0.49,2026-06-06,837,N20,VIIRS,n,2,298.07,3.81,D,0
8.86355,78.12963,340.2,0.51,0.49,2026-06-06,837,N20,VIIRS,n,2,299.24,3.6,D,0
9.34586,78.86362,332.75,0.58,0.52,2026-06-06,837,N20,VIIRS,n,2,295.01,3.31,D,0
9.40904,77.64684,337.92,0.48,0.48,2026-06-06,837,N20,VIIRS,n,2,298.26,3.51,D,0
10.41078,78.69192,338.51,0.59,0.53,2026-06-06,837,N20,VIIRS,n,2,289.79,4.19,D,0
10.78537,79.834,333.16,0.36,0.57,2026-06-06,838,N20,VIIRS,n,2,292.06,2.13,D,0
10.78541,79.83322,334.76,0.36,0.57,2026-06-06,838,N20,VIIRS,n,2,291.71,2.27,D,0
10.95967,79.81812,334.04,0.36,0.57,2026-06-06,838,N20,VIIRS,n,2,291.4,3.12,D,0
11.34734,79.37925,336.07,0.34,0.56,2026-06-06,838,N20,VIIRS,n,2,290.46,2.38,D,0
11.75802,79.36856,332.97,0.34,0.56,2026-06-06,838,N20,VIIRS,n,2,282.59,2.16,D,0
12.25038,78.70802,343.89,0.62,0.54,2026-06-06,838,N20,VIIRS,n,2,292.21,7.32,D,0
12.25103,78.70554,335.45,0.62,0.54,2026-06-06,838,N20,VIIRS,n,2,292.33,8.52,D,0
12.39009,79.51213,351.17,0.36,0.57,2026-06-06,838,N20,VIIRS,n,2,294.74,11.35,D,0
12.39048,79.51539,350.22,0.36,0.57,2026-06-06,838,N20,VIIRS,n,2,292.95,11.35,D,0
12.60563,79.48524,336.58,0.36,0.57,2026-06-06,838,N20,VIIRS,n,2,288.75,3.85,D,0
12.61638,80.18539,367,0.4,0.6,2026-06-06,838,N20,VIIRS,h,2,290.96,10.71,D,0
12.96466,79.36501,333.86,0.35,0.57,2026-06-06,838,N20,VIIRS,n,2,292.5,2.49,D,0
13.00741,79.71253,332.35,0.37,0.58,2026-06-06,838,N20,VIIRS,n,2,292.42,2.51,D,0
13.10214,80.12383,336.41,0.4,0.6,2026-06-06,838,N20,VIIRS,n,2,293.68,2.58,D,0
13.1137,79.98476,335.21,0.39,0.59,2026-06-06,838,N20,VIIRS,n,2,293.85,3.33,D,0
13.3342,79.67948,331.39,0.38,0.58,2026-06-06,838,N20,VIIRS,n,2,293.26,1.5,D,0
13.3993,79.98019,352.79,0.39,0.6,2026-06-06,838,N20,VIIRS,n,2,292.04,11.25,D,0
13.39973,79.98386,339.56,0.39,0.6,2026-06-06,838,N20,VIIRS,n,2,292.49,11.25,D,0
13.86073,79.22871,342.26,0.36,0.57,2026-06-06,838,N20,VIIRS,n,2,291.72,3.81,D,0
14.25538,78.48309,333.84,0.32,0.55,2026-06-06,839,N20,VIIRS,n,2,291.78,2.82,D,0
14.28665,76.91834,342.36,0.5,0.49,2026-06-06,839,N20,VIIRS,n,2,290.78,3.52,D,0
14.36381,80.09601,342.5,0.41,0.61,2026-06-06,839,N20,VIIRS,n,2,289.54,5.5,D,0
14.48875,79.5273,332.39,0.38,0.59,2026-06-06,839,N20,VIIRS,n,2,292.84,3.53,D,0
14.57101,78.22444,341.01,0.62,0.54,2026-06-06,839,N20,VIIRS,n,2,288.03,7.16,D,0
14.61632,79.64792,340.47,0.39,0.59,2026-06-06,839,N20,VIIRS,n,2,292.51,2.51,D,0
15.13245,78.84058,337.4,0.35,0.57,2026-06-06,839,N20,VIIRS,n,2,290.77,3.36,D,0
15.39356,79.49422,332.96,0.39,0.59,2026-06-06,839,N20,VIIRS,n,2,291.65,3.24,D,0
15.39804,79.53427,330.08,0.39,0.59,2026-06-06,839,N20,VIIRS,n,2,292.51,3.27,D,0
15.42769,78.99554,335.54,0.36,0.57,2026-06-06,839,N20,VIIRS,n,2,293.63,2.09,D,0
15.52358,80.09599,342.88,0.43,0.62,2026-06-06,839,N20,VIIRS,n,2,289.84,5.03,D,0
15.72608,79.82072,332.3,0.41,0.61,2026-06-06,839,N20,VIIRS,n,2,291.55,2.78,D,0
15.9484,79.96758,334.97,0.42,0.61,2026-06-06,839,N20,VIIRS,n,2,291.69,3.49,D,0
16.03522,78.21402,333.13,0.32,0.55,2026-06-06,839,N20,VIIRS,n,2,292.4,1.63,D,0
16.04285,78.15406,344.81,0.32,0.55,2026-06-06,839,N20,VIIRS,n,2,290.41,2.22,D,0
16.04351,78.15454,344.94,0.32,0.55,2026-06-06,839,N20,VIIRS,n,2,290.41,2.11,D,0
16.3077,80.80302,331.14,0.49,0.65,2026-06-06,839,N20,VIIRS,n,2,287.1,3.21,D,0
16.34043,80.80287,330.07,0.49,0.65,2026-06-06,839,N20,VIIRS,n,2,285.27,3.46,D,0
16.39397,78.34029,341.34,0.34,0.56,2026-06-06,839,N20,VIIRS,n,2,290.68,3.64,D,0
16.41347,78.23686,334.48,0.33,0.55,2026-06-06,839,N20,VIIRS,n,2,291.15,1.68,D,0
16.5337,78.40473,346.64,0.34,0.56,2026-06-06,839,N20,VIIRS,n,2,294.32,3.95,D,0
16.55667,78.51646,335.16,0.35,0.56,2026-06-06,839,N20,VIIRS,n,2,292.39,1.03,D,0
16.73441,81.4996,331.94,0.55,0.68,2026-06-06,839,N20,VIIRS,n,2,286.95,5.3,D,0
16.74133,78.4491,330.6,0.34,0.56,2026-06-06,839,N20,VIIRS,n,2,291.48,1.13,D,0
16.76135,73.7235,335.68,0.52,0.41,2026-06-06,839,N20,VIIRS,n,2,291.93,7.05,D,0
16.77941,78.50756,332.39,0.35,0.57,2026-06-06,839,N20,VIIRS,n,2,292.03,1.56,D,0
16.85102,78.76509,334.84,0.36,0.58,2026-06-06,839,N20,VIIRS,n,2,291.68,3.19,D,0
16.85545,78.76423,334.62,0.36,0.58,2026-06-06,839,N20,VIIRS,n,2,290.67,5.68,D,0
16.88546,81.60464,332.16,0.56,0.69,2026-06-06,839,N20,VIIRS,n,2,289.65,4.87,D,0
16.88993,80.41278,330,0.47,0.64,2026-06-06,839,N20,VIIRS,n,2,290.01,2.32,D,0
17.03526,79.67018,339.82,0.42,0.61,2026-06-06,839,N20,VIIRS,n,2,294.01,5.8,D,0
17.09109,81.35664,331.31,0.54,0.68,2026-06-06,839,N20,VIIRS,n,2,283.95,10.79,D,0
17.11678,79.49428,339.49,0.41,0.61,2026-06-06,839,N20,VIIRS,n,2,295.8,2.49,D,0
17.1172,79.49818,330.81,0.41,0.61,2026-06-06,839,N20,VIIRS,n,2,294.72,2.49,D,0
17.27688,79.94717,334.65,0.44,0.62,2026-06-06,839,N20,VIIRS,n,2,292.58,2.41,D,0
17.28444,75.21343,337.52,0.43,0.46,2026-06-06,839,N20,VIIRS,n,2,302.76,4.27,D,0
17.3058,80.28138,335.15,0.46,0.64,2026-06-06,839,N20,VIIRS,n,2,292.16,2.83,D,0
17.34266,79.19843,331.21,0.39,0.6,2026-06-06,839,N20,VIIRS,n,2,295.12,4.32,D,0
17.34618,80.86024,367,0.51,0.66,2026-06-06,839,N20,VIIRS,h,2,292.09,11.76,D,0
17.34666,80.86505,347.3,0.51,0.66,2026-06-06,839,N20,VIIRS,n,2,291.42,11.76,D,0
17.35825,79.87936,330.41,0.44,0.62,2026-06-06,839,N20,VIIRS,n,2,293.29,3.51,D,0
17.5339,78.94171,332.12,0.38,0.59,2026-06-06,839,N20,VIIRS,n,2,290.34,2.14,D,0
17.61069,79.41124,337.93,0.41,0.61,2026-06-06,839,N20,VIIRS,n,2,298.48,2.9,D,0
17.62563,80.13641,367,0.46,0.63,2026-06-06,839,N20,VIIRS,h,2,296.02,8.69,D,0
17.62596,80.13464,333.75,0.46,0.63,2026-06-06,839,N20,VIIRS,n,2,295.51,7.74,D,0
17.62604,80.14069,338.86,0.46,0.63,2026-06-06,839,N20,VIIRS,n,2,293.87,8.69,D,0
17.6264,80.13892,367,0.46,0.63,2026-06-06,839,N20,VIIRS,h,2,295.47,7.74,D,0
17.62913,79.94074,331.63,0.44,0.63,2026-06-06,839,N20,VIIRS,n,2,295.53,4.72,D,0
17.6297,79.93781,335.82,0.44,0.63,2026-06-06,839,N20,VIIRS,n,2,295.25,4.71,D,0
17.65232,79.53798,341.59,0.42,0.61,2026-06-06,839,N20,VIIRS,n,2,295.49,2.95,D,0
17.65399,79.55389,348.02,0.42,0.61,2026-06-06,839,N20,VIIRS,n,2,298.87,5.98,D,0
17.70047,79.88776,338.82,0.44,0.62,2026-06-06,839,N20,VIIRS,n,2,297.57,4.36,D,0
17.70904,79.72974,339.67,0.43,0.62,2026-06-06,839,N20,VIIRS,n,2,298.57,4.66,D,0
17.70945,79.73381,332.64,0.43,0.62,2026-06-06,839,N20,VIIRS,n,2,298.28,4.45,D,0
17.713,79.73157,354.88,0.43,0.62,2026-06-06,839,N20,VIIRS,n,2,298.39,8.01,D,0
17.71475,79.72915,341.83,0.43,0.62,2026-06-06,839,N20,VIIRS,n,2,297.78,4.66,D,0
17.72674,79.9086,334.74,0.44,0.63,2026-06-06,839,N20,VIIRS,n,2,297.08,3.83,D,0
17.74755,79.38186,331.36,0.41,0.61,2026-06-06,839,N20,VIIRS,n,2,294.38,3.28,D,0
17.76866,79.74804,335.25,0.43,0.62,2026-06-06,839,N20,VIIRS,n,2,299.2,2.34,D,0
17.80359,79.55663,331.68,0.42,0.61,2026-06-06,839,N20,VIIRS,n,2,298.55,2.4,D,0
17.81895,79.5956,340.45,0.42,0.61,2026-06-06,839,N20,VIIRS,n,2,300.75,3.97,D,0
17.82019,79.84035,335.46,0.44,0.62,2026-06-06,839,N20,VIIRS,n,2,297.13,2.03,D,0
17.82452,79.83876,335.78,0.44,0.62,2026-06-06,839,N20,VIIRS,n,2,299.28,3.39,D,0
17.89578,79.89639,347.56,0.44,0.63,2026-06-06,839,N20,VIIRS,n,2,296.06,3.65,D,0
17.89958,79.59909,352.06,0.42,0.61,2026-06-06,839,N20,VIIRS,n,2,297.66,6.54,D,0
17.91488,79.91147,342.47,0.45,0.63,2026-06-06,839,N20,VIIRS,n,2,297.19,6.11,D,0
17.91837,79.9453,332.53,0.45,0.63,2026-06-06,839,N20,VIIRS,n,2,293.52,2.43,D,0
17.92374,79.94052,339.57,0.45,0.63,2026-06-06,839,N20,VIIRS,n,2,296.03,2.43,D,0
17.92636,79.96584,367,0.45,0.63,2026-06-06,839,N20,VIIRS,h,2,296.93,9.77,D,0
17.92767,79.97856,344.94,0.45,0.63,2026-06-06,839,N20,VIIRS,n,2,298.02,8.62,D,0
17.92809,79.98267,335.16,0.45,0.63,2026-06-06,839,N20,VIIRS,n,2,296.67,5.5,D,0
17.93173,79.96107,330.33,0.45,0.63,2026-06-06,839,N20,VIIRS,n,2,297.6,5.17,D,0
17.93217,79.9653,349.26,0.45,0.63,2026-06-06,839,N20,VIIRS,n,2,298.24,11.89,D,0
17.93891,79.9174,346.32,0.45,0.63,2026-06-06,839,N20,VIIRS,n,2,296.56,6.22,D,0
17.23573,73.49422,331.51,0.51,0.41,2026-06-06,840,N20,VIIRS,n,2,294.67,4.06,D,0
17.23887,73.48892,341.51,0.51,0.41,2026-06-06,840,N20,VIIRS,n,2,297.93,4.06,D,0
17.23951,73.49369,334.07,0.51,0.41,2026-06-06,840,N20,VIIRS,n,2,297.78,4.06,D,0
17.32373,73.2863,336.34,0.5,0.41,2026-06-06,840,N20,VIIRS,n,2,300.72,2.32,D,0
17.54558,76.24399,332.39,0.5,0.49,2026-06-06,840,N20,VIIRS,n,2,296.56,3.74,D,0
17.65995,75.56116,333.53,0.46,0.47,2026-06-06,840,N20,VIIRS,n,2,300.58,5.24,D,0
17.66188,75.56156,343.1,0.46,0.47,2026-06-06,840,N20,VIIRS,n,2,300.79,4.29,D,0
17.89651,79.59907,333.62,0.42,0.61,2026-06-06,840,N20,VIIRS,n,2,296.69,3.16,D,0
17.90218,79.59844,345.47,0.42,0.61,2026-06-06,840,N20,VIIRS,n,2,297.71,3.16,D,0
17.91534,79.91143,339.53,0.45,0.63,2026-06-06,840,N20,VIIRS,n,2,296.62,4.75,D,0
17.9186,79.94534,336.42,0.45,0.63,2026-06-06,840,N20,VIIRS,n,2,295.04,1.95,D,0
17.924,79.94054,337.92,0.45,0.63,2026-06-06,840,N20,VIIRS,n,2,296.22,1.95,D,0
17.92644,79.96596,367,0.45,0.63,2026-06-06,840,N20,VIIRS,h,2,296.69,8.5,D,0
17.92767,79.97872,346.19,0.45,0.63,2026-06-06,840,N20,VIIRS,n,2,297.7,9.18,D,0
17.93185,79.96115,334.61,0.45,0.63,2026-06-06,840,N20,VIIRS,n,2,297.57,5.33,D,0
17.93226,79.96539,351.16,0.45,0.63,2026-06-06,840,N20,VIIRS,n,2,298.53,10.31,D,0
17.93464,79.63595,350.52,0.43,0.62,2026-06-06,840,N20,VIIRS,n,2,298.73,6.47,D,0
17.93931,79.91732,344.82,0.45,0.63,2026-06-06,840,N20,VIIRS,n,2,296.01,6.45,D,0
17.95489,73.30402,336.59,0.51,0.41,2026-06-06,840,N20,VIIRS,n,2,304.33,9.12,D,0
17.95682,78.31571,335.8,0.35,0.57,2026-06-06,840,N20,VIIRS,n,2,289.25,3.9,D,0
18.00212,79.78751,344.03,0.44,0.62,2026-06-06,840,N20,VIIRS,n,2,295.25,4.52,D,0
18.01159,79.87964,339.84,0.44,0.63,2026-06-06,840,N20,VIIRS,n,2,299.03,2.61,D,0
18.02192,79.44907,347.67,0.42,0.61,2026-06-06,840,N20,VIIRS,n,2,295.77,10.18,D,0
18.03727,77.31116,332.77,0.6,0.53,2026-06-06,840,N20,VIIRS,n,2,298.16,4.65,D,0
18.04539,79.92332,332.16,0.45,0.63,2026-06-06,840,N20,VIIRS,n,2,297.92,2.01,D,0
18.04597,79.92467,334.4,0.45,0.63,2026-06-06,840,N20,VIIRS,n,2,297.86,2.79,D,0
18.04748,80.00007,332.49,0.45,0.63,2026-06-06,840,N20,VIIRS,n,2,297.8,3.67,D,0
18.05877,79.81693,335.87,0.44,0.62,2026-06-06,840,N20,VIIRS,n,2,295.64,3.45,D,0
18.06204,79.79134,334.26,0.44,0.62,2026-06-06,840,N20,VIIRS,n,2,295.16,3.02,D,0
18.06738,79.78657,333.71,0.44,0.62,2026-06-06,840,N20,VIIRS,n,2,295.76,4.49,D,0
18.0678,79.79073,336.87,0.44,0.62,2026-06-06,840,N20,VIIRS,n,2,294.91,4.63,D,0
18.0828,79.88232,341.97,0.45,0.63,2026-06-06,840,N20,VIIRS,n,2,296.35,3.67,D,0
18.08322,79.88651,347.6,0.45,0.63,2026-06-06,840,N20,VIIRS,n,2,295.38,3.67,D,0
18.08466,79.78482,340.57,0.44,0.62,2026-06-06,840,N20,VIIRS,n,2,293.69,3.98,D,0
18.09041,79.78424,346.99,0.44,0.62,2026-06-06,840,N20,VIIRS,n,2,295.59,3.85,D,0
18.09083,79.78838,348.12,0.44,0.62,2026-06-06,840,N20,VIIRS,n,2,294.56,7.88,D,0
18.09575,79.77949,335.59,0.44,0.62,2026-06-06,840,N20,VIIRS,n,2,293.06,3.85,D,0
18.09617,79.78363,333.86,0.44,0.62,2026-06-06,840,N20,VIIRS,n,2,293.9,3.85,D,0
18.1015,79.77892,333.23,0.44,0.62,2026-06-06,840,N20,VIIRS,n,2,293.62,4.41,D,0
18.10476,79.58711,333.62,0.43,0.62,2026-06-06,840,N20,VIIRS,n,2,294.43,4.48,D,0
18.11345,79.71021,330.9,0.43,0.62,2026-06-06,840,N20,VIIRS,n,2,294.08,4.64,D,0
18.12225,79.5895,330.41,0.43,0.62,2026-06-06,840,N20,VIIRS,n,2,294.67,3.67,D,0
18.12885,79.81825,344.08,0.44,0.62,2026-06-06,840,N20,VIIRS,n,2,294.53,5.08,D,0
18.1297,79.81822,350.11,0.44,0.63,2026-06-06,840,N20,VIIRS,n,2,294.63,4.14,D,0
18.15101,78.92057,334.72,0.39,0.59,2026-06-06,840,N20,VIIRS,n,2,287.83,3.33,D,0
18.15501,79.49178,330.67,0.42,0.61,2026-06-06,840,N20,VIIRS,n,2,293.04,1.98,D,0
18.1645,79.585,340.34,0.43,0.62,2026-06-06,840,N20,VIIRS,n,2,293.31,5.07,D,0
18.17019,79.58444,350.19,0.43,0.62,2026-06-06,840,N20,VIIRS,n,2,294.22,5.07,D,0
18.18015,80.62495,340.85,0.5,0.66,2026-06-06,840,N20,VIIRS,n,2,295.9,3.25,D,0
18.18039,79.80024,340.94,0.44,0.62,2026-06-06,840,N20,VIIRS,n,2,293.23,6.79,D,0
18.19109,79.79079,330.72,0.44,0.62,2026-06-06,840,N20,VIIRS,n,2,291.08,2.95,D,0
18.1942,79.59431,332.65,0.43,0.62,2026-06-06,840,N20,VIIRS,n,2,292.53,3.93,D,0
18.19687,79.79025,367,0.44,0.62,2026-06-06,840,N20,VIIRS,h,2,291.04,5.76,D,0
18.20511,79.44513,340.09,0.42,0.61,2026-06-06,840,N20,VIIRS,n,2,292,3.41,D,0
18.2055,79.44911,336.76,0.42,0.61,2026-06-06,840,N20,VIIRS,n,2,291.14,3.41,D,0
18.20734,79.44605,353.31,0.42,0.61,2026-06-06,840,N20,VIIRS,n,2,292.27,8.28,D,0
18.2139,80.13831,367,0.47,0.64,2026-06-06,840,N20,VIIRS,h,2,297.96,13,D,0
18.21962,79.84196,338.22,0.44,0.63,2026-06-06,840,N20,VIIRS,n,2,291.56,4.97,D,0
18.24909,79.54238,356.16,0.43,0.62,2026-06-06,840,N20,VIIRS,n,2,293.67,8.95,D,0
18.25477,79.54183,344.86,0.43,0.62,2026-06-06,840,N20,VIIRS,n,2,293.9,4.39,D,0
18.27791,79.28133,349.66,0.41,0.61,2026-06-06,840,N20,VIIRS,n,2,293.58,10.27,D,0
18.27925,79.28176,348.7,0.41,0.61,2026-06-06,840,N20,VIIRS,n,2,293.84,5.53,D,0
18.28389,79.28471,349.15,0.41,0.61,2026-06-06,840,N20,VIIRS,n,2,293.05,8.81,D,0
18.28526,79.28518,349.37,0.41,0.61,2026-06-06,840,N20,VIIRS,n,2,292.79,7.29,D,0
18.29334,79.3082,367,0.41,0.61,2026-06-06,840,N20,VIIRS,h,2,292.2,14.11,D,0
18.34152,80.55247,338.85,0.5,0.66,2026-06-06,840,N20,VIIRS,n,2,297.67,5.5,D,0
18.3856,79.79238,330.27,0.44,0.63,2026-06-06,840,N20,VIIRS,n,2,290.09,2.58,D,0
18.42476,79.58344,331.04,0.43,0.62,2026-06-06,840,N20,VIIRS,n,2,293.3,0.87,D,0
18.42956,80.51534,331.28,0.49,0.65,2026-06-06,840,N20,VIIRS,n,2,297.12,3.01,D,0
18.42977,79.51665,336.55,0.43,0.62,2026-06-06,840,N20,VIIRS,n,2,292.26,3.7,D,0
18.43305,79.51941,332.49,0.43,0.62,2026-06-06,840,N20,VIIRS,n,2,291.97,3.06,D,0
18.43446,77.72481,336.14,0.32,0.55,2026-06-06,840,N20,VIIRS,n,2,297.67,1.87,D,0
18.44655,74.35978,339.95,0.39,0.44,2026-06-06,840,N20,VIIRS,n,2,305.16,5.71,D,0
18.49651,74.12904,338.32,0.38,0.43,2026-06-06,840,N20,VIIRS,n,2,307.95,3.51,D,0
18.52515,80.53796,331.74,0.5,0.66,2026-06-06,840,N20,VIIRS,n,2,292.72,3.43,D,0
18.53998,73.21075,338.13,0.51,0.41,2026-06-06,840,N20,VIIRS,n,2,300.39,6.76,D,0
18.54044,73.21223,339.37,0.51,0.41,2026-06-06,840,N20,VIIRS,n,2,300.91,7,D,0
18.54774,79.23749,343.49,0.41,0.61,2026-06-06,840,N20,VIIRS,n,2,291.18,7.97,D,0
18.54814,79.24143,343.41,0.41,0.61,2026-06-06,840,N20,VIIRS,n,2,289.15,7.75,D,0
18.56182,78.88896,331.31,0.39,0.59,2026-06-06,840,N20,VIIRS,n,2,286.69,1.53,D,0
18.56315,78.88903,332.64,0.39,0.59,2026-06-06,840,N20,VIIRS,n,2,286.79,2.23,D,0
18.60246,79.55248,339.03,0.43,0.62,2026-06-06,840,N20,VIIRS,n,2,291.28,3.1,D,0
18.68376,73.04247,337.82,0.5,0.41,2026-06-06,840,N20,VIIRS,n,2,298.59,6.21,D,2
18.77939,78.98643,336.09,0.4,0.6,2026-06-06,840,N20,VIIRS,n,2,290.61,3.47,D,0
18.7794,78.98979,338.44,0.4,0.6,2026-06-06,840,N20,VIIRS,n,2,290.43,3.58,D,0
18.77976,78.99023,331.06,0.4,0.6,2026-06-06,840,N20,VIIRS,n,2,289.58,2.21,D,0
18.79893,79.28687,353.95,0.42,0.61,2026-06-06,840,N20,VIIRS,n,2,289.62,8.84,D,0
18.80414,79.2823,335.71,0.41,0.61,2026-06-06,840,N20,VIIRS,n,2,288.74,6.51,D,0
18.80455,79.28629,344.11,0.42,0.61,2026-06-06,840,N20,VIIRS,n,2,289.7,7.91,D,0
18.8102,79.56831,337.33,0.43,0.62,2026-06-06,840,N20,VIIRS,n,2,294.06,5.67,D,0
18.81061,79.57242,336.28,0.43,0.62,2026-06-06,840,N20,VIIRS,n,2,292.41,4.51,D,0
18.81608,78.8531,332.21,0.39,0.59,2026-06-06,840,N20,VIIRS,n,2,296.46,4.62,D,0
18.81646,78.85684,332.85,0.39,0.59,2026-06-06,840,N20,VIIRS,n,2,295.01,4.2,D,0
18.89591,78.28549,335.31,0.36,0.57,2026-06-06,840,N20,VIIRS,n,2,296.99,1.95,D,0
18.90756,79.04229,331.8,0.4,0.6,2026-06-06,840,N20,VIIRS,n,2,293.14,5.21,D,0
18.90794,79.04613,339.54,0.4,0.6,2026-06-06,840,N20,VIIRS,n,2,292.21,2.84,D,0
18.90807,79.04298,331.08,0.4,0.6,2026-06-06,840,N20,VIIRS,n,2,293.36,5.48,D,0
18.90847,79.04681,330.66,0.4,0.6,2026-06-06,840,N20,VIIRS,n,2,291.08,6.73,D,0
18.94619,78.92594,330.97,0.39,0.6,2026-06-06,840,N20,VIIRS,n,2,298.9,2.65,D,0
18.97255,78.96571,330.73,0.4,0.6,2026-06-06,840,N20,VIIRS,n,2,293.22,2.67,D,0
18.97294,78.96948,333.16,0.4,0.6,2026-06-06,840,N20,VIIRS,n,2,292.61,2.97,D,0
18.9789,78.47279,334.79,0.37,0.58,2026-06-06,840,N20,VIIRS,n,2,296.15,1.71,D,0
19.00501,78.16006,356.18,0.35,0.57,2026-06-06,840,N20,VIIRS,n,2,299.38,5.38,D,0
19.07639,79.70393,335.67,0.45,0.63,2026-06-06,840,N20,VIIRS,n,2,289.7,5.18,D,0
19.07717,79.70526,338.55,0.45,0.63,2026-06-06,840,N20,VIIRS,n,2,289.94,7.19,D,0
19.09557,79.83897,339.66,0.46,0.63,2026-06-06,840,N20,VIIRS,n,2,296.89,6.81,D,0
19.09615,79.84174,335.12,0.46,0.63,2026-06-06,840,N20,VIIRS,n,2,296.19,5.83,D,0
19.12035,75.03859,344.08,0.44,0.46,2026-06-06,840,N20,VIIRS,n,2,308.35,6.15,D,0
19.29228,72.83073,332.71,0.5,0.41,2026-06-06,840,N20,VIIRS,l,2,306.74,4.95,D,0
19.41171,76.79115,334.4,0.58,0.52,2026-06-06,840,N20,VIIRS,n,2,303.23,2.11,D,0
19.41187,76.79481,336.09,0.58,0.52,2026-06-06,840,N20,VIIRS,n,2,304.11,3.49,D,0
19.66873,73.14752,341.45,0.52,0.42,2026-06-06,840,N20,VIIRS,n,2,308.62,23.82,D,0
19.68485,83.31275,330.93,0.78,0.78,2026-06-06,840,N20,VIIRS,n,2,288.54,4.55,D,0
19.68789,73.2055,339.89,0.53,0.42,2026-06-06,840,N20,VIIRS,n,2,305.85,12.67,D,0
19.68962,83.31341,332.84,0.78,0.78,2026-06-06,840,N20,VIIRS,n,2,288.75,6.3,D,0
19.72128,74.74455,346.92,0.43,0.46,2026-06-06,840,N20,VIIRS,n,2,309.35,10.09,D,0
19.74049,73.10909,338.46,0.52,0.42,2026-06-06,840,N20,VIIRS,n,2,307.2,11.35,D,0
19.7754,79.57281,334.82,0.45,0.63,2026-06-06,840,N20,VIIRS,n,2,289.82,6.68,D,0
19.78554,74.74445,345.49,0.43,0.46,2026-06-06,840,N20,VIIRS,n,2,311.39,9.32,D,0
19.81868,73.38483,338.8,0.54,0.42,2026-06-06,840,N20,VIIRS,l,2,308.99,12.75,D,0
19.82932,74.12675,340.81,0.4,0.44,2026-06-06,840,N20,VIIRS,l,2,310.94,7.88,D,0
19.8626,74.1959,337.96,0.4,0.44,2026-06-06,840,N20,VIIRS,l,2,308.8,6.61,D,0
19.88819,74.41061,348.31,0.41,0.45,2026-06-06,840,N20,VIIRS,n,2,308.25,7.41,D,0
19.91457,79.36163,337.46,0.43,0.62,2026-06-06,840,N20,VIIRS,n,2,293.57,3.84,D,0
19.92029,79.36098,341.37,0.43,0.62,2026-06-06,840,N20,VIIRS,n,2,294.25,5.02,D,0
19.92228,79.38212,340.23,0.43,0.62,2026-06-06,840,N20,VIIRS,n,2,295.48,4.36,D,0
20.06017,78.07374,341.34,0.36,0.57,2026-06-06,840,N20,VIIRS,n,2,307.75,6.5,D,0
20.30469,81.56914,332.59,0.61,0.71,2026-06-06,840,N20,VIIRS,n,2,290.84,3.13,D,0
20.30559,81.56987,330.97,0.61,0.71,2026-06-06,840,N20,VIIRS,n,2,291.18,3.31,D,0
20.32481,79.7278,331.13,0.46,0.64,2026-06-06,840,N20,VIIRS,n,2,294.6,3.57,D,0
20.33628,77.33212,343.18,0.32,0.55,2026-06-06,840,N20,VIIRS,n,2,307.58,9.04,D,0
20.36461,73.7967,335.4,0.39,0.44,2026-06-06,840,N20,VIIRS,n,2,305.2,1.37,D,0
20.37625,73.82539,333.98,0.39,0.44,2026-06-06,840,N20,VIIRS,l,2,306.2,2.77,D,0
20.40571,73.44887,336.28,0.55,0.43,2026-06-06,840,N20,VIIRS,n,2,305.16,9.21,D,0
20.40594,73.45152,337.3,0.55,0.43,2026-06-06,840,N20,VIIRS,n,2,304.78,8.84,D,0
20.69452,80.15154,330.44,0.5,0.66,2026-06-06,840,N20,VIIRS,n,2,292.51,4.37,D,0
20.76218,81.71758,346.57,0.63,0.72,2026-06-06,840,N20,VIIRS,n,2,295.38,8.56,D,0
20.76267,81.72374,342.29,0.63,0.72,2026-06-06,840,N20,VIIRS,n,2,294.05,8.56,D,0
20.86532,79.28572,348.05,0.44,0.62,2026-06-06,840,N20,VIIRS,n,2,296.51,7.74,D,0
21.10559,82.29134,335.19,0.69,0.74,2026-06-06,840,N20,VIIRS,n,2,292.04,10.12,D,0
21.10578,82.29684,351.54,0.69,0.74,2026-06-06,840,N20,VIIRS,n,2,291.77,13.12,D,0
21.10609,82.29817,338.01,0.69,0.74,2026-06-06,840,N20,VIIRS,n,2,291.12,9.38,D,0
21.10889,82.24883,335.73,0.69,0.74,2026-06-06,840,N20,VIIRS,n,2,292.13,3.08,D,0
21.1095,82.25002,332.29,0.69,0.74,2026-06-06,840,N20,VIIRS,n,2,293.07,8.16,D,0
21.24532,79.20869,331.52,0.44,0.62,2026-06-06,840,N20,VIIRS,n,2,296.47,3.27,D,2
21.24644,79.20878,333.74,0.44,0.62,2026-06-06,840,N20,VIIRS,n,2,296.41,3.13,D,2
21.24709,79.10583,332.55,0.43,0.62,2026-06-06,840,N20,VIIRS,n,2,297.22,2.41,D,0
21.37731,79.95705,330.29,0.49,0.65,2026-06-06,840,N20,VIIRS,n,2,295.74,3.14,D,0
21.40944,81.61721,367,0.63,0.72,2026-06-06,840,N20,VIIRS,h,2,296.3,15.05,D,0
21.45893,79.68415,339.34,0.47,0.64,2026-06-06,840,N20,VIIRS,n,2,293.1,5.63,D,0
20.85656,71.11564,337.19,0.43,0.38,2026-06-06,841,N20,VIIRS,n,2,305.66,2.03,D,0
20.85798,71.11636,336.76,0.43,0.38,2026-06-06,841,N20,VIIRS,n,2,304.77,2.19,D,0
21.03011,73.75947,335.11,0.39,0.44,2026-06-06,841,N20,VIIRS,l,2,305.5,6.66,D,0
21.03545,73.73611,340.72,0.39,0.44,2026-06-06,841,N20,VIIRS,n,2,306.49,6.51,D,0
21.07993,70.17016,339.71,0.41,0.37,2026-06-06,841,N20,VIIRS,n,2,303.43,4.47,D,0
21.08176,70.90932,334.46,0.43,0.38,2026-06-06,841,N20,VIIRS,n,2,303.47,4.64,D,0
21.10311,72.64762,341.34,0.51,0.41,2026-06-06,841,N20,VIIRS,n,2,305.54,10.21,D,2
21.10688,72.64708,354.22,0.51,0.41,2026-06-06,841,N20,VIIRS,n,2,306.25,10.21,D,2
21.12321,72.86747,337.57,0.52,0.42,2026-06-06,841,N20,VIIRS,n,2,306.2,4.14,D,0
21.1519,73.25786,336.41,0.55,0.43,2026-06-06,841,N20,VIIRS,l,2,307.68,6.7,D,0
21.15582,73.64132,343.81,0.39,0.44,2026-06-06,841,N20,VIIRS,n,2,307.46,9.1,D,0
21.18163,75.08488,334.56,0.47,0.48,2026-06-06,841,N20,VIIRS,n,2,304.25,3.12,D,0
21.24986,72.02582,336,0.48,0.4,2026-06-06,841,N20,VIIRS,l,2,306.91,5.54,D,0
21.30552,71.14722,341.17,0.44,0.38,2026-06-06,841,N20,VIIRS,n,2,306.73,11.53,D,0
21.30904,71.14668,339.89,0.44,0.38,2026-06-06,841,N20,VIIRS,n,2,308.16,11.17,D,0
21.36427,73.65231,334.08,0.39,0.44,2026-06-06,841,N20,VIIRS,l,2,304.96,2.73,D,0
21.37227,72.6731,335.65,0.52,0.41,2026-06-06,841,N20,VIIRS,l,2,307.18,2.84,D,0
21.37291,72.67805,333.52,0.52,0.41,2026-06-06,841,N20,VIIRS,l,2,306.3,2.84,D,0
21.38244,72.69187,332.04,0.52,0.41,2026-06-06,841,N20,VIIRS,l,2,306.01,1.55,D,0
21.41948,73.42292,341.25,0.57,0.43,2026-06-06,841,N20,VIIRS,n,2,305.78,11.06,D,0
21.44165,72.7671,338.6,0.52,0.42,2026-06-06,841,N20,VIIRS,n,2,306,4.27,D,0
21.44425,77.72369,334.46,0.35,0.57,2026-06-06,841,N20,VIIRS,l,2,305.13,3.5,D,0
21.46252,71.5992,341.03,0.46,0.39,2026-06-06,841,N20,VIIRS,n,2,308.55,13.24,D,0
21.50852,79.45479,350.16,0.46,0.63,2026-06-06,841,N20,VIIRS,n,2,292.85,6.84,D,0
21.51438,79.45428,330.17,0.46,0.63,2026-06-06,841,N20,VIIRS,n,2,292.02,5.18,D,0
21.52408,77.1926,367,0.33,0.55,2026-06-06,841,N20,VIIRS,h,2,307.06,4.57,D,0
21.5244,77.19577,334.03,0.33,0.55,2026-06-06,841,N20,VIIRS,n,2,304.4,4.57,D,0
21.52914,77.19183,336.46,0.33,0.55,2026-06-06,841,N20,VIIRS,n,2,303.72,4.57,D,0
21.64049,70.25314,344.29,0.41,0.37,2026-06-06,841,N20,VIIRS,n,2,305.45,5.56,D,0
21.67243,69.93228,336.55,0.4,0.37,2026-06-06,841,N20,VIIRS,n,2,305.79,3.74,D,0
21.67956,69.57387,337.11,0.4,0.37,2026-06-06,841,N20,VIIRS,n,2,304.49,2.16,D,0
21.70308,81.70545,332.39,0.64,0.72,2026-06-06,841,N20,VIIRS,n,2,296.07,3.42,D,0
21.70355,81.71178,339.31,0.64,0.72,2026-06-06,841,N20,VIIRS,n,2,294.57,3.42,D,0
21.71631,78.2984,347.66,0.39,0.59,2026-06-06,841,N20,VIIRS,n,2,307.13,4.62,D,0
21.72672,72.73162,335.25,0.52,0.42,2026-06-06,841,N20,VIIRS,l,2,307.22,2.59,D,0
21.72906,72.72816,346.81,0.52,0.42,2026-06-06,841,N20,VIIRS,n,2,309.92,10.32,D,0
21.72969,72.73322,338.04,0.52,0.42,2026-06-06,841,N20,VIIRS,n,2,307.21,6.58,D,0
21.76878,70.62637,337.26,0.42,0.38,2026-06-06,841,N20,VIIRS,n,2,304.9,7.06,D,0
21.7704,70.70485,348.81,0.43,0.38,2026-06-06,841,N20,VIIRS,n,2,311.17,12.86,D,0
21.82156,81.70866,334.3,0.65,0.73,2026-06-06,841,N20,VIIRS,n,2,295.7,7.31,D,0
21.8748,78.15715,367,0.38,0.59,2026-06-06,841,N20,VIIRS,h,2,308.01,6.61,D,0
21.88585,69.98937,345.27,0.41,0.37,2026-06-06,841,N20,VIIRS,n,2,306.54,7.65,D,0
21.90303,73.10792,342.56,0.55,0.43,2026-06-06,841,N20,VIIRS,n,2,306.28,4.09,D,0
21.90435,72.04765,349.25,0.49,0.4,2026-06-06,841,N20,VIIRS,n,2,309.98,14.08,D,0
21.91401,78.56499,334.75,0.41,0.6,2026-06-06,841,N20,VIIRS,n,2,302.7,3.81,D,0
21.942,74.08788,337.86,0.42,0.45,2026-06-06,841,N20,VIIRS,n,2,304.94,6.94,D,0
21.99901,82.04641,346.31,0.68,0.74,2026-06-06,841,N20,VIIRS,n,2,294.01,9.76,D,0
22.0001,82.04631,346.71,0.68,0.74,2026-06-06,841,N20,VIIRS,n,2,293.77,8.07,D,0
22.03377,77.22569,330.32,0.33,0.56,2026-06-06,841,N20,VIIRS,n,2,296,2.04,D,0
22.04929,78.16424,332.45,0.38,0.59,2026-06-06,841,N20,VIIRS,n,2,299.56,2.89,D,0
22.04961,78.16763,337.08,0.38,0.59,2026-06-06,841,N20,VIIRS,n,2,300,2.89,D,0
22.05536,78.17043,333.92,0.38,0.59,2026-06-06,841,N20,VIIRS,n,2,299.42,4.39,D,0
22.05633,78.18072,331.35,0.38,0.59,2026-06-06,841,N20,VIIRS,n,2,298.87,3.8,D,0
22.06295,72.94612,339.37,0.54,0.42,2026-06-06,841,N20,VIIRS,n,2,306.13,3.46,D,0
22.06574,72.94302,342.73,0.54,0.42,2026-06-06,841,N20,VIIRS,n,2,307.77,9.9,D,0
22.06684,72.94557,342.26,0.54,0.42,2026-06-06,841,N20,VIIRS,n,2,305.93,3.46,D,0
22.07264,82.00063,367,0.68,0.74,2026-06-06,841,N20,VIIRS,h,2,294.22,19.84,D,0
22.07988,70.47439,339.64,0.42,0.38,2026-06-06,841,N20,VIIRS,n,2,308.52,8.46,D,0
22.18954,78.84982,332.71,0.43,0.62,2026-06-06,841,N20,VIIRS,n,2,302.48,1.83,D,0
22.25038,78.22448,367,0.39,0.59,2026-06-06,841,N20,VIIRS,h,2,301.51,9.63,D,0
22.2559,78.22441,332.47,0.39,0.59,2026-06-06,841,N20,VIIRS,n,2,298.46,9.63,D,0
22.26696,73.34636,337.67,0.38,0.43,2026-06-06,841,N20,VIIRS,n,2,306.44,1.68,D,0
22.35804,82.3024,335.86,0.71,0.75,2026-06-06,841,N20,VIIRS,n,2,295.35,8.91,D,2
22.35923,82.30417,330.29,0.71,0.75,2026-06-06,841,N20,VIIRS,n,2,295.21,3.68,D,2
22.49353,78.98154,336.61,0.44,0.62,2026-06-06,841,N20,VIIRS,n,2,298.2,4.33,D,0
22.49469,78.98148,345.94,0.44,0.62,2026-06-06,841,N20,VIIRS,n,2,298.88,3.81,D,0
22.50407,77.20723,334.55,0.34,0.56,2026-06-06,841,N20,VIIRS,n,2,295.88,3.07,D,0
22.69035,77.92373,335.55,0.38,0.58,2026-06-06,841,N20,VIIRS,n,2,295.78,4.43,D,0
22.7811,71.63255,338.61,0.47,0.4,2026-06-06,841,N20,VIIRS,l,2,309.88,8.8,D,0
22.8593,72.06937,341.36,0.5,0.41,2026-06-06,841,N20,VIIRS,n,2,310.54,13.28,D,0
22.89778,71.58409,340.97,0.47,0.4,2026-06-06,841,N20,VIIRS,n,2,310.03,2.2,D,0
22.92704,70.10688,338.27,0.42,0.37,2026-06-06,841,N20,VIIRS,l,2,312.67,9.12,D,0
23.03821,72.23595,342.11,0.51,0.41,2026-06-06,841,N20,VIIRS,n,2,309.9,5.91,D,0
23.04955,72.23431,343.92,0.51,0.41,2026-06-06,841,N20,VIIRS,n,2,311.18,11.39,D,0
23.11341,70.06539,339.52,0.42,0.37,2026-06-06,841,N20,VIIRS,n,2,309.24,3.12,D,0
23.11396,70.06944,340.07,0.42,0.37,2026-06-06,841,N20,VIIRS,l,2,310.2,3.12,D,0
23.21643,69.85184,338.97,0.41,0.37,2026-06-06,841,N20,VIIRS,l,2,310.23,3.9,D,0
23.25478,68.84124,340.37,0.39,0.36,2026-06-06,841,N20,VIIRS,l,2,310.96,11.27,D,0
23.25809,68.84066,343.62,0.39,0.36,2026-06-06,841,N20,VIIRS,n,2,313.54,11.27,D,0
23.31512,68.85812,338.45,0.39,0.36,2026-06-06,841,N20,VIIRS,n,2,306.97,4.33,D,0
23.33255,72.00791,342.43,0.5,0.41,2026-06-06,841,N20,VIIRS,n,2,309.64,3.97,D,0
23.38266,70.42641,344.75,0.43,0.38,2026-06-06,841,N20,VIIRS,n,2,308.38,3.66,D,0
23.38434,70.43893,341.18,0.43,0.38,2026-06-06,841,N20,VIIRS,n,2,308.25,5.63,D,0
23.38669,70.43002,342.41,0.43,0.38,2026-06-06,841,N20,VIIRS,n,2,308.09,3.66,D,0
23.43706,68.71699,340.48,0.39,0.36,2026-06-06,841,N20,VIIRS,l,2,310.95,3.61,D,0
23.5209,69.3152,342.92,0.4,0.37,2026-06-06,841,N20,VIIRS,n,2,312.92,7.29,D,0
23.6222,69.45835,343.6,0.4,0.37,2026-06-06,841,N20,VIIRS,l,2,313.73,3.51,D,0
23.62276,69.46228,355.28,0.4,0.37,2026-06-06,841,N20,VIIRS,n,2,317.14,15.03,D,0
23.62332,69.46621,355.8,0.4,0.37,2026-06-06,841,N20,VIIRS,n,2,315.98,15.03,D,0
23.62613,69.46172,352.24,0.4,0.37,2026-06-06,841,N20,VIIRS,n,2,316.01,15.03,D,0
23.62669,69.46564,352.38,0.4,0.37,2026-06-06,841,N20,VIIRS,n,2,315.66,15.03,D,0
23.62725,69.46957,352.9,0.4,0.37,2026-06-06,841,N20,VIIRS,n,2,319.87,23.34,D,0
23.62781,69.4735,348.62,0.4,0.37,2026-06-06,841,N20,VIIRS,n,2,314.39,23.34,D,0
23.63007,69.46509,352.47,0.4,0.37,2026-06-06,841,N20,VIIRS,n,2,315.95,8.24,D,0
23.63062,69.46902,367,0.4,0.37,2026-06-06,841,N20,VIIRS,h,2,317.75,13.15,D,0
23.63118,69.47294,352.12,0.4,0.37,2026-06-06,841,N20,VIIRS,n,2,320.32,13.15,D,0
23.63174,69.47687,342.6,0.4,0.37,2026-06-06,841,N20,VIIRS,n,2,312.45,8.39,D,0
23.634,69.46844,343.39,0.4,0.37,2026-06-06,841,N20,VIIRS,n,2,314.47,13.15,D,0
23.63456,69.47238,354.98,0.4,0.37,2026-06-06,841,N20,VIIRS,n,2,317.09,13.15,D,0
23.63512,69.47631,341.88,0.4,0.37,2026-06-06,841,N20,VIIRS,l,2,312.06,8.39,D,0
23.78269,71.34538,340.63,0.47,0.4,2026-06-06,841,N20,VIIRS,n,2,309.21,9.01,D,0
23.83406,76.51369,331.51,0.63,0.54,2026-06-06,841,N20,VIIRS,n,2,300.81,4.63,D,0
23.83538,79.64336,335.82,0.5,0.66,2026-06-06,841,N20,VIIRS,n,2,301.64,3.34,D,0
23.88578,72.17741,340.87,0.52,0.41,2026-06-06,841,N20,VIIRS,n,2,307.44,9.67,D,0
24.18026,77.65673,339.85,0.38,0.58,2026-06-06,841,N20,VIIRS,n,2,302.1,4.38,D,0
24.183,77.65605,367,0.38,0.58,2026-06-06,841,N20,VIIRS,h,2,303.56,4.69,D,0
24.18567,77.65628,344,0.38,0.58,2026-06-06,841,N20,VIIRS,n,2,301.44,4.38,D,0
24.37603,79.26447,338.81,0.48,0.65,2026-06-06,841,N20,VIIRS,n,2,304.39,3.59,D,0
24.50881,79.23318,337.33,0.48,0.65,2026-06-06,841,N20,VIIRS,n,2,306.09,2.5,D,0
24.71221,79.29322,337.23,0.48,0.65,2026-06-06,841,N20,VIIRS,n,2,304.47,8.23,D,0
24.79827,80.00666,338.22,0.54,0.68,2026-06-06,841,N20,VIIRS,n,2,299.64,7.05,D,0
24.79908,80.01741,334.74,0.54,0.68,2026-06-06,841,N20,VIIRS,n,2,299.02,6.71,D,0
24.00222,69.57025,345.51,0.41,0.37,2026-06-06,842,N20,VIIRS,n,2,312.13,3.63,D,0
24.00277,69.57424,343.36,0.41,0.37,2026-06-06,842,N20,VIIRS,n,2,311.96,3.63,D,0
24.00332,69.57823,343.89,0.41,0.37,2026-06-06,842,N20,VIIRS,n,2,312.9,4.29,D,0
24.00395,69.55772,344.57,0.41,0.37,2026-06-06,842,N20,VIIRS,n,2,312.08,10.73,D,0
24.0045,69.56171,348.08,0.41,0.37,2026-06-06,842,N20,VIIRS,n,2,312.46,6.48,D,0
24.00506,69.5657,345.1,0.41,0.37,2026-06-06,842,N20,VIIRS,n,2,312.59,6.48,D,0
24.00561,69.56969,344.67,0.41,0.37,2026-06-06,842,N20,VIIRS,n,2,312.8,3.63,D,0
24.00616,69.57368,348.48,0.41,0.37,2026-06-06,842,N20,VIIRS,n,2,312.92,3.63,D,0
24.00672,69.57766,345.65,0.41,0.37,2026-06-06,842,N20,VIIRS,n,2,313.01,4.29,D,0
24.00727,69.58166,345.37,0.41,0.37,2026-06-06,842,N20,VIIRS,n,2,313.68,4.29,D,0
24.00734,69.55716,345.26,0.41,0.37,2026-06-06,842,N20,VIIRS,n,2,312.85,6.13,D,0
24.00789,69.56114,344.77,0.41,0.37,2026-06-06,842,N20,VIIRS,n,2,312.83,3.78,D,0
24.00845,69.56513,347.02,0.41,0.37,2026-06-06,842,N20,VIIRS,n,2,312.76,3.78,D,0
24.009,69.56911,345.91,0.41,0.37,2026-06-06,842,N20,VIIRS,n,2,313.52,3.9,D,0
24.00956,69.5731,350.8,0.41,0.37,2026-06-06,842,N20,VIIRS,n,2,313.84,3.9,D,0
24.01011,69.5771,347.34,0.41,0.37,2026-06-06,842,N20,VIIRS,n,2,313.3,5.9,D,0
24.01073,69.55659,346.72,0.41,0.37,2026-06-06,842,N20,VIIRS,n,2,312.2,6.13,D,0
24.01129,69.56058,347.42,0.41,0.37,2026-06-06,842,N20,VIIRS,n,2,312.36,3.78,D,0
24.01184,69.56457,346.96,0.41,0.37,2026-06-06,842,N20,VIIRS,n,2,312.41,3.78,D,0
24.0124,69.56856,346.51,0.41,0.37,2026-06-06,842,N20,VIIRS,n,2,313.28,3.9,D,0
24.01295,69.57255,347.8,0.41,0.37,2026-06-06,842,N20,VIIRS,n,2,313.32,3.9,D,0
24.01351,69.57654,344.08,0.41,0.37,2026-06-06,842,N20,VIIRS,n,2,312.95,5.9,D,0
24.01413,69.55603,345.65,0.41,0.37,2026-06-06,842,N20,VIIRS,n,2,312.61,11.32,D,0
24.01468,69.56002,351.56,0.41,0.37,2026-06-06,842,N20,VIIRS,n,2,312.45,4.4,D,0
24.01523,69.564,350.2,0.41,0.37,2026-06-06,842,N20,VIIRS,n,2,312.57,4.4,D,0
24.01579,69.56799,347.91,0.41,0.37,2026-06-06,842,N20,VIIRS,n,2,313.01,4.69,D,0
24.01807,69.55946,350.98,0.41,0.37,2026-06-06,842,N20,VIIRS,n,2,313.41,4.4,D,0
24.01863,69.56344,351.63,0.41,0.37,2026-06-06,842,N20,VIIRS,n,2,313.31,4.4,D,0
24.01918,69.56743,349.19,0.41,0.37,2026-06-06,842,N20,VIIRS,n,2,313.37,4.69,D,0
24.01974,69.57142,343.27,0.41,0.37,2026-06-06,842,N20,VIIRS,n,2,313.02,4.69,D,0
24.02147,69.55889,348.15,0.41,0.37,2026-06-06,842,N20,VIIRS,n,2,313.37,4,D,0
24.02202,69.56288,351.42,0.41,0.37,2026-06-06,842,N20,VIIRS,n,2,313.3,4,D,0
24.02258,69.56687,349.18,0.41,0.37,2026-06-06,842,N20,VIIRS,n,2,313.04,5.33,D,0
24.02282,69.44486,351.77,0.4,0.37,2026-06-06,842,N20,VIIRS,n,2,313.16,5.3,D,0
24.02337,69.44881,349.47,0.4,0.37,2026-06-06,842,N20,VIIRS,n,2,313.53,5.3,D,0
24.02393,69.45278,347.44,0.4,0.37,2026-06-06,842,N20,VIIRS,n,2,314.05,5.02,D,0
24.02449,69.45674,346.14,0.4,0.37,2026-06-06,842,N20,VIIRS,n,2,313.6,5.02,D,0
24.02486,69.55833,349.14,0.41,0.37,2026-06-06,842,N20,VIIRS,n,2,313.11,4,D,0
24.02504,69.4607,350.89,0.4,0.37,2026-06-06,842,N20,VIIRS,n,2,315.12,6,D,0
24.02541,69.56232,349.53,0.41,0.37,2026-06-06,842,N20,VIIRS,n,2,313.89,4,D,0
24.0256,69.46466,352.66,0.41,0.37,2026-06-06,842,N20,VIIRS,n,2,313.76,6,D,0
24.02564,69.44033,342.48,0.4,0.37,2026-06-06,842,N20,VIIRS,l,2,313.53,9.77,D,0
24.02597,69.5663,343.62,0.41,0.37,2026-06-06,842,N20,VIIRS,n,2,312.9,5.33,D,0
24.02616,69.46863,346.64,0.41,0.37,2026-06-06,842,N20,VIIRS,n,2,313.51,4.88,D,0
24.0262,69.44429,352.18,0.4,0.37,2026-06-06,842,N20,VIIRS,n,2,313.77,4.51,D,0
24.02672,69.4726,342.94,0.41,0.37,2026-06-06,842,N20,VIIRS,l,2,313.72,4.88,D,0
24.02675,69.44825,344.31,0.4,0.37,2026-06-06,842,N20,VIIRS,n,2,313.86,4.51,D,0
24.02731,69.45221,348.31,0.4,0.37,2026-06-06,842,N20,VIIRS,n,2,314.18,4.5,D,0
24.02787,69.45618,353.27,0.4,0.37,2026-06-06,842,N20,VIIRS,n,2,314.71,4.5,D,0
24.02825,69.55776,349.35,0.41,0.37,2026-06-06,842,N20,VIIRS,n,2,313.5,2.25,D,0
24.02843,69.46014,351.55,0.4,0.37,2026-06-06,842,N20,VIIRS,n,2,315,3.99,D,0
24.0288,69.56175,348.32,0.41,0.37,2026-06-06,842,N20,VIIRS,n,2,314.17,2.25,D,0
24.02898,69.4641,346.45,0.41,0.37,2026-06-06,842,N20,VIIRS,n,2,313.57,3.99,D,0
24.02954,69.46806,342.77,0.41,0.37,2026-06-06,842,N20,VIIRS,l,2,313.37,3.8,D,0
24.02958,69.44373,352.1,0.4,0.37,2026-06-06,842,N20,VIIRS,n,2,314,4.51,D,0
24.0301,69.47203,345.76,0.41,0.37,2026-06-06,842,N20,VIIRS,n,2,313.28,3.8,D,0
24.03013,69.44769,354.89,0.4,0.37,2026-06-06,842,N20,VIIRS,n,2,314.25,4.51,D,0
24.03069,69.45165,350.58,0.4,0.37,2026-06-06,842,N20,VIIRS,n,2,314.47,4.5,D,0
24.03125,69.45561,350.02,0.4,0.37,2026-06-06,842,N20,VIIRS,n,2,314.41,4.5,D,0
24.03164,69.55721,344.23,0.41,0.37,2026-06-06,842,N20,VIIRS,n,2,313.95,2.25,D,0
24.03181,69.45957,345.12,0.4,0.37,2026-06-06,842,N20,VIIRS,n,2,314.5,3.99,D,0
24.03184,69.43524,347.34,0.4,0.37,2026-06-06,842,N20,VIIRS,n,2,313.17,4.11,D,0
24.03237,69.46354,346.9,0.41,0.37,2026-06-06,842,N20,VIIRS,n,2,314.21,3.99,D,0
24.0324,69.43921,348.83,0.4,0.37,2026-06-06,842,N20,VIIRS,n,2,314.05,4.11,D,0
24.03292,69.46751,345.49,0.41,0.37,2026-06-06,842,N20,VIIRS,n,2,313.73,3.8,D,0
24.03296,69.44316,354.22,0.4,0.37,2026-06-06,842,N20,VIIRS,n,2,314.37,5.13,D,0
24.03348,69.47147,350.79,0.41,0.37,2026-06-06,842,N20,VIIRS,n,2,313.67,3.8,D,0
24.03351,69.44712,352.17,0.4,0.37,2026-06-06,842,N20,VIIRS,n,2,314.93,5.13,D,0
24.03407,69.45109,347.9,0.4,0.37,2026-06-06,842,N20,VIIRS,n,2,314.25,4.16,D,0
24.03463,69.45505,347.82,0.4,0.37,2026-06-06,842,N20,VIIRS,n,2,313.89,4.16,D,0
24.03466,69.43073,349.55,0.4,0.37,2026-06-06,842,N20,VIIRS,n,2,313.09,11.42,D,0
24.03519,69.45901,351.72,0.4,0.37,2026-06-06,842,N20,VIIRS,n,2,314.81,4.31,D,0
24.03522,69.43468,348.88,0.4,0.37,2026-06-06,842,N20,VIIRS,n,2,313.55,4.11,D,0
24.03575,69.46297,351,0.41,0.37,2026-06-06,842,N20,VIIRS,n,2,315.09,4.31,D,0
24.03578,69.43864,352.62,0.4,0.37,2026-06-06,842,N20,VIIRS,n,2,314.92,4.11,D,0
24.03631,69.46693,350.48,0.41,0.37,2026-06-06,842,N20,VIIRS,n,2,314.17,4.65,D,0
24.03634,69.4426,345.11,0.4,0.37,2026-06-06,842,N20,VIIRS,n,2,315.07,5.13,D,0
24.03687,69.47091,347.59,0.41,0.37,2026-06-06,842,N20,VIIRS,n,2,314.65,4.65,D,0
24.03742,69.47488,347.55,0.41,0.37,2026-06-06,842,N20,VIIRS,n,2,314.25,5.54,D,0
24.03745,69.45052,351.34,0.4,0.37,2026-06-06,842,N20,VIIRS,n,2,314.8,4.16,D,0
24.03801,69.45448,351.81,0.4,0.37,2026-06-06,842,N20,VIIRS,n,2,314.06,4.16,D,0
24.03804,69.43016,350.26,0.4,0.37,2026-06-06,842,N20,VIIRS,n,2,313.87,10.12,D,0
24.03857,69.45845,347.61,0.4,0.37,2026-06-06,842,N20,VIIRS,n,2,314.02,4.31,D,0
24.0386,69.43412,345.8,0.4,0.37,2026-06-06,842,N20,VIIRS,n,2,313.86,9.58,D,0
24.03913,69.46241,347.98,0.41,0.37,2026-06-06,842,N20,VIIRS,n,2,314.18,4.31,D,0
24.03969,69.46638,354.3,0.41,0.37,2026-06-06,842,N20,VIIRS,n,2,314.45,4.65,D,0
24.04025,69.47034,352.85,0.41,0.37,2026-06-06,842,N20,VIIRS,n,2,314.26,4.65,D,0
24.04081,69.4743,346.8,0.41,0.37,2026-06-06,842,N20,VIIRS,n,2,313.71,5.54,D,0
24.0409,69.37714,343.43,0.4,0.37,2026-06-06,842,N20,VIIRS,n,2,312.36,5.54,D,0
24.04146,69.38108,347.66,0.4,0.37,2026-06-06,842,N20,VIIRS,n,2,312.76,5.54,D,0
24.04202,69.38503,345.18,0.4,0.37,2026-06-06,842,N20,VIIRS,n,2,313.1,12.05,D,0
24.04251,69.46185,349.99,0.41,0.37,2026-06-06,842,N20,VIIRS,n,2,313.91,10.86,D,0
24.04307,69.46581,354.49,0.41,0.37,2026-06-06,842,N20,VIIRS,n,2,314.7,7.24,D,0
24.04363,69.46978,352.37,0.41,0.37,2026-06-06,842,N20,VIIRS,n,2,314.27,7.24,D,0
24.04372,69.37263,349.42,0.4,0.37,2026-06-06,842,N20,VIIRS,n,2,312.8,5.29,D,0
24.04428,69.37657,349.04,0.4,0.37,2026-06-06,842,N20,VIIRS,n,2,312.35,3.88,D,0
24.04484,69.38053,350.42,0.4,0.37,2026-06-06,842,N20,VIIRS,n,2,313.15,3.88,D,0
24.04539,69.38446,348.03,0.4,0.37,2026-06-06,842,N20,VIIRS,n,2,312.9,4.93,D,0
24.04709,69.37207,346.1,0.4,0.37,2026-06-06,842,N20,VIIRS,n,2,313.18,5.29,D,0
24.04765,69.37601,348.13,0.4,0.37,2026-06-06,842,N20,VIIRS,n,2,313.42,3.88,D,0
24.04821,69.37995,344.29,0.4,0.37,2026-06-06,842,N20,VIIRS,n,2,313.44,3.88,D,0
24.04877,69.3839,347.02,0.4,0.37,2026-06-06,842,N20,VIIRS,n,2,313.09,4.93,D,0
24.04933,69.38784,347.84,0.4,0.37,2026-06-06,842,N20,VIIRS,n,2,313.03,4.93,D,0
24.04989,69.39178,347.7,0.4,0.37,2026-06-06,842,N20,VIIRS,n,2,313.5,10.77,D,0
24.05103,69.37545,347.35,0.4,0.37,2026-06-06,842,N20,VIIRS,n,2,313.9,3.92,D,0
24.05159,69.37939,349.9,0.4,0.37,2026-06-06,842,N20,VIIRS,n,2,313.41,3.92,D,0
24.05215,69.38335,347.6,0.4,0.37,2026-06-06,842,N20,VIIRS,n,2,313.79,11.72,D,0
24.05383,69.39516,352.34,0.4,0.37,2026-06-06,842,N20,VIIRS,n,2,314.23,11.5,D,0
24.05439,69.39912,345.28,0.4,0.37,2026-06-06,842,N20,VIIRS,n,2,314.6,9.47,D,0
24.0544,69.37489,346.46,0.4,0.37,2026-06-06,842,N20,VIIRS,n,2,313.65,3.92,D,0
24.05496,69.37883,349.68,0.4,0.37,2026-06-06,842,N20,VIIRS,n,2,312.8,3.92,D,0
24.05778,69.37432,345.61,0.4,0.37,2026-06-06,842,N20,VIIRS,n,2,313.83,3.75,D,0
24.05834,69.37826,345.54,0.4,0.37,2026-06-06,842,N20,VIIRS,n,2,313.06,3.75,D,0
24.06115,69.37376,348,0.4,0.37,2026-06-06,842,N20,VIIRS,n,2,314.06,3.75,D,0
24.06171,69.3777,350.32,0.4,0.37,2026-06-06,842,N20,VIIRS,n,2,313.69,3.75,D,0
24.06319,69.63377,346.64,0.41,0.37,2026-06-06,842,N20,VIIRS,n,2,314.47,3.4,D,0
24.06453,69.3732,348.95,0.4,0.37,2026-06-06,842,N20,VIIRS,n,2,313.66,3.58,D,0
24.06509,69.37714,345.08,0.4,0.37,2026-06-06,842,N20,VIIRS,n,2,313.47,3.58,D,0
24.06547,69.62519,344.41,0.41,0.37,2026-06-06,842,N20,VIIRS,n,2,313.36,5.23,D,0
24.06659,69.6332,344,0.41,0.37,2026-06-06,842,N20,VIIRS,n,2,313.6,2.85,D,0
24.06715,69.63721,345.28,0.41,0.37,2026-06-06,842,N20,VIIRS,n,2,313.97,2.85,D,0
24.0679,69.37263,345.22,0.4,0.37,2026-06-06,842,N20,VIIRS,n,2,313.38,3.58,D,0
24.06846,69.37657,345.99,0.4,0.37,2026-06-06,842,N20,VIIRS,n,2,312.98,3.58,D,0
24.07127,69.37207,345.32,0.4,0.37,2026-06-06,842,N20,VIIRS,n,2,312.81,6.24,D,0
24.07184,69.37601,345.36,0.4,0.37,2026-06-06,842,N20,VIIRS,n,2,313.01,6.24,D,0
24.07454,69.6155,345.02,0.41,0.37,2026-06-06,842,N20,VIIRS,n,2,314.77,5.06,D,0
24.0769,69.43584,347.2,0.4,0.37,2026-06-06,842,N20,VIIRS,n,2,314.01,6.87,D,0
24.0769,69.46018,345.74,0.41,0.37,2026-06-06,842,N20,VIIRS,n,2,313.44,5.12,D,0
24.07747,69.4398,346.85,0.4,0.37,2026-06-06,842,N20,VIIRS,n,2,313.39,6.87,D,0
24.07747,69.46414,347.24,0.41,0.37,2026-06-06,842,N20,VIIRS,n,2,313.67,5.12,D,0
24.07795,69.61494,344.83,0.41,0.37,2026-06-06,842,N20,VIIRS,n,2,314.44,3.3,D,0
24.07916,69.45168,346.81,0.4,0.37,2026-06-06,842,N20,VIIRS,n,2,313.43,7.36,D,0
24.07972,69.45565,345.62,0.41,0.37,2026-06-06,842,N20,VIIRS,n,2,313.57,7.36,D,0
24.08085,69.46358,346.12,0.41,0.37,2026-06-06,842,N20,VIIRS,n,2,313.83,5.12,D,0
24.08141,69.4432,346.8,0.4,0.37,2026-06-06,842,N20,VIIRS,n,2,313.75,5.25,D,0
24.08142,69.46754,347.21,0.41,0.37,2026-06-06,842,N20,VIIRS,n,2,313.83,6.85,D,0
24.08198,69.44716,345.32,0.4,0.37,2026-06-06,842,N20,VIIRS,n,2,313.87,5.25,D,0
24.08198,69.47151,349.73,0.41,0.37,2026-06-06,842,N20,VIIRS,n,2,313.83,6.85,D,0
24.08254,69.45113,346.79,0.4,0.37,2026-06-06,842,N20,VIIRS,n,2,313.36,4.04,D,0
24.08311,69.45509,346.48,0.41,0.37,2026-06-06,842,N20,VIIRS,n,2,312.62,4.04,D,0
24.08367,69.45905,345.9,0.41,0.37,2026-06-06,842,N20,VIIRS,n,2,313.4,4.22,D,0
24.08423,69.46302,348.6,0.41,0.37,2026-06-06,842,N20,VIIRS,n,2,314.14,4.22,D,0
24.0848,69.46699,348.68,0.41,0.37,2026-06-06,842,N20,VIIRS,n,2,314.29,5.07,D,0
24.08536,69.44659,345.83,0.4,0.37,2026-06-06,842,N20,VIIRS,n,2,313.48,5.25,D,0
24.08536,69.47095,347.65,0.41,0.37,2026-06-06,842,N20,VIIRS,n,2,313.91,5.07,D,0
24.08592,69.45056,345.26,0.4,0.37,2026-06-06,842,N20,VIIRS,n,2,312.71,4.04,D,0
24.08649,69.45453,351.93,0.41,0.37,2026-06-06,842,N20,VIIRS,n,2,312.95,4.04,D,0
24.08705,69.45849,348.2,0.41,0.37,2026-06-06,842,N20,VIIRS,n,2,312.33,4.22,D,0
24.08762,69.46246,351.1,0.41,0.37,2026-06-06,842,N20,VIIRS,n,2,312.88,4.22,D,0
24.08874,69.44603,351.11,0.4,0.37,2026-06-06,842,N20,VIIRS,n,2,313.15,17.13,D,0
24.08875,69.47039,344.23,0.41,0.37,2026-06-06,842,N20,VIIRS,n,2,313.22,5.07,D,0
24.08893,69.41422,352.56,0.4,0.37,2026-06-06,842,N20,VIIRS,n,2,312.26,6.32,D,0
24.08931,69.45,350.12,0.4,0.37,2026-06-06,842,N20,VIIRS,n,2,313.14,7.89,D,0
24.08948,69.41817,354.31,0.4,0.37,2026-06-06,842,N20,VIIRS,n,2,313.18,6.93,D,0
24.08987,69.45396,346.66,0.41,0.37,2026-06-06,842,N20,VIIRS,n,2,312.64,7.89,D,0
24.09004,69.42214,352.49,0.4,0.37,2026-06-06,842,N20,VIIRS,n,2,313.37,6.93,D,0
24.09169,69.43402,350.17,0.4,0.37,2026-06-06,842,N20,VIIRS,n,2,312.42,4.76,D,0
24.09175,69.4097,350.34,0.4,0.37,2026-06-06,842,N20,VIIRS,n,2,311.09,6.32,D,0
24.09225,69.43798,349.39,0.4,0.37,2026-06-06,842,N20,VIIRS,n,2,312.86,4.76,D,0
24.09231,69.41366,352.22,0.4,0.37,2026-06-06,842,N20,VIIRS,n,2,311.09,6.32,D,0
24.0928,69.44194,351,0.4,0.37,2026-06-06,842,N20,VIIRS,n,2,312.12,5.87,D,0
24.09286,69.41761,352.66,0.4,0.37,2026-06-06,842,N20,VIIRS,n,2,312.36,6.93,D,0
24.09335,69.4459,348.16,0.41,0.37,2026-06-06,842,N20,VIIRS,n,2,311.79,5.87,D,0
24.09446,69.45383,345.91,0.41,0.37,2026-06-06,842,N20,VIIRS,n,2,312.6,5.77,D,0
24.09452,69.4295,353.04,0.4,0.37,2026-06-06,842,N20,VIIRS,n,2,313.94,17.65,D,0
24.09458,69.40518,351.14,0.4,0.37,2026-06-06,842,N20,VIIRS,n,2,310.87,8.86,D,0
24.09501,69.4578,346.34,0.41,0.37,2026-06-06,842,N20,VIIRS,n,2,312.46,5.18,D,0
24.09508,69.43346,350.52,0.4,0.37,2026-06-06,842,N20,VIIRS,n,2,312.95,4.76,D,0
24.09556,69.46176,345.16,0.41,0.37,2026-06-06,842,N20,VIIRS,n,2,312.9,5.18,D,0
24.09563,69.43742,349.09,0.4,0.37,2026-06-06,842,N20,VIIRS,n,2,312.98,4.76,D,0
24.09667,69.4697,346.05,0.41,0.37,2026-06-06,842,N20,VIIRS,n,2,312.35,3.96,D,0
24.09674,69.44534,351.36,0.41,0.37,2026-06-06,842,N20,VIIRS,n,2,311.98,5.87,D,0
24.0968,69.42101,352.88,0.4,0.37,2026-06-06,842,N20,VIIRS,n,2,312.78,9.52,D,0
24.09722,69.47367,347.22,0.41,0.37,2026-06-06,842,N20,VIIRS,n,2,311.78,2.11,D,0
24.09729,69.4493,351.05,0.41,0.37,2026-06-06,842,N20,VIIRS,n,2,312.2,5.77,D,0
24.09741,69.40066,352.98,0.4,0.37,2026-06-06,842,N20,VIIRS,n,2,310.76,8.86,D,0
24.09784,69.45326,347.12,0.41,0.37,2026-06-06,842,N20,VIIRS,n,2,312.02,5.77,D,0
24.0979,69.42892,353.58,0.4,0.37,2026-06-06,842,N20,VIIRS,n,2,314.15,9.13,D,0
24.09839,69.45723,345.52,0.41,0.37,2026-06-06,842,N20,VIIRS,n,2,312.45,5.18,D,0
24.09901,69.43685,348.73,0.4,0.37,2026-06-06,842,N20,VIIRS,n,2,312.78,8.5,D,0
24.09912,69.38823,351.86,0.4,0.37,2026-06-06,842,N20,VIIRS,n,2,311.77,14.89,D,0
24.09968,69.39218,353.04,0.4,0.37,2026-06-06,842,N20,VIIRS,n,2,313.01,16.69,D,0
24.10018,69.42044,353.04,0.4,0.37,2026-06-06,842,N20,VIIRS,n,2,311.8,9.52,D,0
24.10061,69.47311,346.3,0.41,0.37,2026-06-06,842,N20,VIIRS,n,2,311.9,2.11,D,0
24.10067,69.44874,347.22,0.41,0.37,2026-06-06,842,N20,VIIRS,n,2,312.05,7.07,D,0
24.10122,69.45271,346.74,0.41,0.37,2026-06-06,842,N20,VIIRS,n,2,312.18,7.07,D,0
24.10128,69.42837,350.67,0.4,0.37,2026-06-06,842,N20,VIIRS,n,2,313.5,9.13,D,0
24.10178,69.45667,347.32,0.41,0.37,2026-06-06,842,N20,VIIRS,n,2,312.91,2.81,D,0
24.10184,69.43233,351.74,0.4,0.37,2026-06-06,842,N20,VIIRS,n,2,312.43,8.5,D,0
24.10472,69.40349,351.54,0.4,0.37,2026-06-06,842,N20,VIIRS,n,2,312.45,16.68,D,0
24.10643,69.39105,351.87,0.4,0.37,2026-06-06,842,N20,VIIRS,n,2,311.85,5.01,D,0
24.10699,69.39501,353.9,0.4,0.37,2026-06-06,842,N20,VIIRS,n,2,311.67,5.01,D,0
24.10921,69.41084,353.77,0.4,0.37,2026-06-06,842,N20,VIIRS,n,2,312.35,10.31,D,0
24.10981,69.39049,352.51,0.4,0.37,2026-06-06,842,N20,VIIRS,n,2,311.94,5.01,D,0
24.11036,69.39444,352.03,0.4,0.37,2026-06-06,842,N20,VIIRS,n,2,311.26,5.01,D,0
24.11092,69.3984,351.38,0.4,0.37,2026-06-06,842,N20,VIIRS,n,2,311.2,9.61,D,0
24.11147,69.40235,354.29,0.4,0.37,2026-06-06,842,N20,VIIRS,n,2,312.2,9.61,D,0
24.11203,69.4063,355.25,0.4,0.37,2026-06-06,842,N20,VIIRS,n,2,312.14,10.31,D,0
24.11319,69.38992,351.2,0.4,0.37,2026-06-06,842,N20,VIIRS,n,2,311.93,9.17,D,0
24.11425,69.42214,352.51,0.4,0.37,2026-06-06,842,N20,VIIRS,n,2,311.9,14.82,D,0
24.11652,69.41367,351.41,0.4,0.37,2026-06-06,842,N20,VIIRS,n,2,313.46,18.04,D,0
24.11656,69.38936,350.97,0.4,0.37,2026-06-06,842,N20,VIIRS,n,2,311.85,9.17,D,0
24.11879,69.40518,349.89,0.4,0.37,2026-06-06,842,N20,VIIRS,n,2,312.77,17.44,D,0
24.12101,69.42102,345.93,0.4,0.37,2026-06-06,842,N20,VIIRS,n,2,312.89,3.79,D,0
24.12439,69.42045,346.41,0.4,0.37,2026-06-06,842,N20,VIIRS,n,2,313.67,4.14,D,0
24.12892,69.40349,348.59,0.4,0.37,2026-06-06,842,N20,VIIRS,n,2,313.54,3.27,D,0
24.12948,69.40745,348.27,0.4,0.37,2026-06-06,842,N20,VIIRS,n,2,313.69,3.27,D,0
24.13116,69.41933,349.63,0.4,0.37,2026-06-06,842,N20,VIIRS,n,2,313.55,2.13,D,0
24.13175,69.39896,348.84,0.4,0.37,2026-06-06,842,N20,VIIRS,n,2,312.58,7.19,D,0
24.13454,69.41875,344.68,0.4,0.37,2026-06-06,842,N20,VIIRS,n,2,313.49,2.13,D,0
24.1351,69.42272,345.11,0.4,0.37,2026-06-06,842,N20,VIIRS,n,2,313.33,2.13,D,0
24.13513,69.3984,349.34,0.4,0.37,2026-06-06,842,N20,VIIRS,n,2,312.25,3.12,D,0
24.13568,69.40236,350.17,0.4,0.37,2026-06-06,842,N20,VIIRS,n,2,313.01,2.51,D,0
24.13624,69.40631,351.35,0.4,0.37,2026-06-06,842,N20,VIIRS,n,2,312.93,2.51,D,0
24.1369,69.28906,345.61,0.4,0.37,2026-06-06,842,N20,VIIRS,n,2,311.78,10.89,D,0
24.13739,69.38992,350.94,0.4,0.37,2026-06-06,842,N20,VIIRS,n,2,312.52,6.56,D,0
24.13792,69.41819,344.28,0.4,0.37,2026-06-06,842,N20,VIIRS,n,2,312.4,1.78,D,0
24.13795,69.39388,353.26,0.4,0.37,2026-06-06,842,N20,VIIRS,n,2,312.9,3.12,D,0
24.13848,69.42215,350.77,0.4,0.37,2026-06-06,842,N20,VIIRS,n,2,313.34,1.78,D,0
24.1385,69.39783,353.85,0.4,0.37,2026-06-06,842,N20,VIIRS,n,2,313.38,3.12,D,0
24.13906,69.40179,355.55,0.4,0.37,2026-06-06,842,N20,VIIRS,n,2,313.21,2.51,D,0
24.13962,69.40575,354.01,0.4,0.37,2026-06-06,842,N20,VIIRS,n,2,313.07,2.51,D,0
24.14027,69.2885,346.11,0.4,0.37,2026-06-06,842,N20,VIIRS,n,2,312.03,9.2,D,0
24.14076,69.38936,352.64,0.4,0.37,2026-06-06,842,N20,VIIRS,n,2,312.91,4.16,D,0
24.1413,69.41763,347.5,0.4,0.37,2026-06-06,842,N20,VIIRS,n,2,312.43,1.78,D,0
24.14132,69.39332,352.03,0.4,0.37,2026-06-06,842,N20,VIIRS,n,2,312.92,2.51,D,0
24.14186,69.42159,348.43,0.4,0.37,2026-06-06,842,N20,VIIRS,n,2,312.21,1.78,D,0
24.14188,69.39727,352.29,0.4,0.37,2026-06-06,842,N20,VIIRS,n,2,313.63,2.51,D,0
24.14244,69.40122,345.94,0.4,0.37,2026-06-06,842,N20,VIIRS,n,2,312.92,2.52,D,0
24.143,69.40519,352.63,0.4,0.37,2026-06-06,842,N20,VIIRS,n,2,313.11,2.52,D,0
24.14356,69.40915,343.27,0.4,0.37,2026-06-06,842,N20,VIIRS,n,2,312.97,3.57,D,0
24.14414,69.38879,351.15,0.4,0.37,2026-06-06,842,N20,VIIRS,n,2,312.68,4.16,D,0
24.1447,69.39275,347.92,0.4,0.37,2026-06-06,842,N20,VIIRS,n,2,312.32,2.51,D,0
24.14526,69.39671,351.13,0.4,0.37,2026-06-06,842,N20,VIIRS,n,2,313.53,2.51,D,0
24.14582,69.40067,350.91,0.4,0.37,2026-06-06,842,N20,VIIRS,n,2,313.28,2.52,D,0
24.14638,69.40462,353.16,0.4,0.37,2026-06-06,842,N20,VIIRS,n,2,312.94,2.52,D,0
24.1464,69.38033,350.29,0.4,0.37,2026-06-06,842,N20,VIIRS,n,2,313.45,6.32,D,0
24.14752,69.38823,349.47,0.4,0.37,2026-06-06,842,N20,VIIRS,n,2,314.35,2.59,D,0
24.14808,69.39219,350.85,0.4,0.37,2026-06-06,842,N20,VIIRS,n,2,314.68,2.52,D,0
24.14864,69.39614,349.17,0.4,0.37,2026-06-06,842,N20,VIIRS,n,2,314.1,2.52,D,0
24.1492,69.4001,344.82,0.4,0.37,2026-06-06,842,N20,VIIRS,n,2,313.25,2.84,D,0
24.15034,69.38371,348.04,0.4,0.37,2026-06-06,842,N20,VIIRS,n,2,313.63,2.59,D,0
24.1509,69.38766,349.73,0.4,0.37,2026-06-06,842,N20,VIIRS,n,2,313.8,2.59,D,0
24.15146,69.39162,347.13,0.4,0.37,2026-06-06,842,N20,VIIRS,n,2,313.6,2.52,D,0
24.16604,69.4948,344.69,0.41,0.37,2026-06-06,842,N20,VIIRS,n,2,312.91,2.42,D,0
24.17791,69.33463,344.67,0.4,0.37,2026-06-06,842,N20,VIIRS,n,2,312.4,10.47,D,0
24.18129,69.33406,342.32,0.4,0.37,2026-06-06,842,N20,VIIRS,n,2,312.26,4.94,D,0
24.18185,69.33801,341.91,0.4,0.37,2026-06-06,842,N20,VIIRS,l,2,312.72,4.19,D,0
24.18242,69.34195,341.89,0.4,0.37,2026-06-06,842,N20,VIIRS,l,2,312.74,4.19,D,0
24.18466,69.3335,341.78,0.4,0.37,2026-06-06,842,N20,VIIRS,n,2,311.56,4.94,D,0
24.18537,69.32952,347.37,0.4,0.37,2026-06-06,842,N20,VIIRS,n,2,312.47,2.53,D,0
24.18592,69.33347,350.92,0.4,0.37,2026-06-06,842,N20,VIIRS,n,2,311.83,2.53,D,0
24.18647,69.33741,342.11,0.4,0.37,2026-06-06,842,N20,VIIRS,n,2,311.4,2.71,D,0
24.18703,69.34135,340.63,0.4,0.37,2026-06-06,842,N20,VIIRS,l,2,312.18,2.71,D,0
24.18874,69.32896,341.73,0.4,0.37,2026-06-06,842,N20,VIIRS,l,2,312.49,2.53,D,0
24.1893,69.3329,341.74,0.4,0.37,2026-06-06,842,N20,VIIRS,l,2,312.81,2.53,D,0
24.70528,69.35317,341.81,0.41,0.37,2026-06-06,842,N20,VIIRS,n,2,310.82,7.15,D,0
24.75346,77.2921,332.93,0.36,0.58,2026-06-06,842,N20,VIIRS,n,2,300.75,4.61,D,0
24.7969,80.01608,332.4,0.54,0.68,2026-06-06,842,N20,VIIRS,n,2,299.21,4.4,D,0
24.91445,77.07945,335.24,0.35,0.57,2026-06-06,842,N20,VIIRS,n,2,302.66,5.35,D,0
24.98167,76.59523,341.26,0.33,0.55,2026-06-06,842,N20,VIIRS,n,2,304.04,5.28,D,0
25.14137,74.50236,336.9,0.49,0.48,2026-06-06,842,N20,VIIRS,n,2,301.45,3.01,D,0
25.14186,74.50722,333.97,0.49,0.48,2026-06-06,842,N20,VIIRS,n,2,299.01,2.48,D,0
25.14302,74.50462,347.9,0.49,0.48,2026-06-06,842,N20,VIIRS,n,2,300.55,4.89,D,0
25.15819,68.40214,342.14,0.39,0.36,2026-06-06,842,N20,VIIRS,n,2,311.75,7.14,D,0
25.22521,73.55353,340.76,0.43,0.46,2026-06-06,842,N20,VIIRS,n,2,308.44,5.51,D,0
25.25256,76.29906,334.3,0.63,0.54,2026-06-06,842,N20,VIIRS,n,2,301.67,10.62,D,0
25.44085,78.22046,339.08,0.42,0.61,2026-06-06,842,N20,VIIRS,n,2,303.53,2.77,D,0
25.58659,80.27938,334.44,0.57,0.69,2026-06-06,842,N20,VIIRS,n,2,297.2,3.69,D,0
25.82009,79.03091,335.46,0.48,0.65,2026-06-06,842,N20,VIIRS,n,2,302.54,5.57,D,0
26.56068,80.80569,337.73,0.63,0.72,2026-06-06,842,N20,VIIRS,n,2,297.55,4.81,D,0
26.97511,78.51134,331.22,0.46,0.63,2026-06-06,842,N20,VIIRS,n,2,300.66,2.37,D,0
26.97547,78.51601,331.27,0.46,0.63,2026-06-06,842,N20,VIIRS,n,2,299.51,2.37,D,0
27.50949,71.62356,350.62,0.53,0.42,2026-06-06,842,N20,VIIRS,n,2,315.48,18.38,D,0
27.51152,71.62023,348.73,0.53,0.42,2026-06-06,842,N20,VIIRS,n,2,314.15,19.89,D,0
27.80013,78.35284,339.81,0.45,0.63,2026-06-06,842,N20,VIIRS,n,2,297.23,4.78,D,0
28.13485,80.15291,345.68,0.59,0.7,2026-06-06,842,N20,VIIRS,n,2,296.82,7.13,D,0
28.13513,80.15552,352.37,0.59,0.7,2026-06-06,842,N20,VIIRS,n,2,296.16,9.65,D,0
28.20565,80.13255,338.42,0.59,0.7,2026-06-06,842,N20,VIIRS,n,2,298.02,5.81,D,0
28.24215,80.20795,339.97,0.6,0.7,2026-06-06,842,N20,VIIRS,n,2,295.5,10.97,D,0
28.24283,80.21032,346.24,0.6,0.7,2026-06-06,842,N20,VIIRS,n,2,295.29,7.93,D,0
28.3567,80.37687,330.1,0.61,0.71,2026-06-06,842,N20,VIIRS,n,2,294.27,8.94,D,0
27.93088,68.97542,344.73,0.42,0.37,2026-06-06,843,N20,VIIRS,l,2,317.62,15.28,D,0
27.93109,68.27367,349.73,0.4,0.37,2026-06-06,843,N20,VIIRS,l,2,322.39,2.54,D,0
28.05112,69.37199,339.74,0.43,0.38,2026-06-06,843,N20,VIIRS,l,2,314.31,6.79,D,2
28.08981,68.15466,343.15,0.4,0.37,2026-06-06,843,N20,VIIRS,l,2,316.79,1.82,D,0
28.10953,68.19668,344.05,0.4,0.37,2026-06-06,843,N20,VIIRS,l,2,318.82,2.52,D,0
28.14245,68.14977,346.83,0.4,0.37,2026-06-06,843,N20,VIIRS,l,2,321.27,3.71,D,0
28.14581,68.14916,348.12,0.4,0.37,2026-06-06,843,N20,VIIRS,l,2,322.03,3.51,D,0
28.15488,68.54443,350.67,0.41,0.37,2026-06-06,843,N20,VIIRS,l,2,321.79,6.12,D,0
28.1815,69.04673,347.24,0.42,0.38,2026-06-06,843,N20,VIIRS,l,2,318.45,15.13,D,0
28.22118,69.10571,342.85,0.42,0.38,2026-06-06,843,N20,VIIRS,l,2,314.67,7.49,D,0
28.32757,68.20467,350.19,0.4,0.37,2026-06-06,843,N20,VIIRS,l,2,321.91,8.19,D,0
28.3433,68.07304,351.31,0.4,0.37,2026-06-06,843,N20,VIIRS,l,2,321.32,12.64,D,0
28.34374,69.45644,344.38,0.44,0.38,2026-06-06,843,N20,VIIRS,l,2,315.77,16.76,D,0
28.34677,68.06042,347.84,0.4,0.37,2026-06-06,843,N20,VIIRS,l,2,319.65,2.99,D,0
28.34848,69.35632,343.6,0.43,0.38,2026-06-06,843,N20,VIIRS,l,2,315.11,11.98,D,0
28.36308,68.1031,349.49,0.4,0.37,2026-06-06,843,N20,VIIRS,l,2,319.94,3.22,D,0
28.36865,68.09379,349.85,0.4,0.37,2026-06-06,843,N20,VIIRS,l,2,320.82,15.83,D,0
28.37315,68.10128,347.01,0.4,0.37,2026-06-06,843,N20,VIIRS,l,2,321.24,5.58,D,0
28.39048,69.0439,343.7,0.42,0.38,2026-06-06,843,N20,VIIRS,n,2,311.92,13.34,D,0
28.39162,69.05249,345.52,0.42,0.38,2026-06-06,843,N20,VIIRS,n,2,312.6,14.32,D,0
28.47321,69.42735,345.88,0.44,0.38,2026-06-06,843,N20,VIIRS,n,2,315.37,10.63,D,0
28.47802,68.09977,349.93,0.4,0.37,2026-06-06,843,N20,VIIRS,l,2,322.32,6.05,D,0
28.54889,68.38487,345.9,0.41,0.37,2026-06-06,843,N20,VIIRS,l,2,320.59,3.19,D,0
28.62532,68.48163,349.36,0.41,0.37,2026-06-06,843,N20,VIIRS,l,2,322.18,10.14,D,0
28.62872,68.48103,348.43,0.41,0.37,2026-06-06,843,N20,VIIRS,l,2,320.83,10.14,D,0
29.16653,69.35686,337.7,0.44,0.38,2026-06-06,843,N20,VIIRS,l,2,309.4,7.08,D,0
29.95307,72.5518,344.52,0.43,0.46,2026-06-06,843,N20,VIIRS,n,2,308.71,7.32,D,0
30.00926,72.4733,335.15,0.42,0.46,2026-06-06,843,N20,VIIRS,l,2,309.43,2.19,D,0
30.12354,73.11659,336.12,0.46,0.47,2026-06-06,843,N20,VIIRS,l,2,306.35,3.2,D,0
30.19018,73.11041,337.05,0.46,0.47,2026-06-06,843,N20,VIIRS,l,2,307.11,2.53,D,0
30.23098,72.95019,338.7,0.45,0.47,2026-06-06,843,N20,VIIRS,n,2,306.44,2.09,D,0
30.23276,72.95023,340.12,0.45,0.47,2026-06-06,843,N20,VIIRS,n,2,305.58,1.57,D,0
30.24784,73.28635,343.72,0.48,0.48,2026-06-06,843,N20,VIIRS,n,2,309.99,4.59,D,0
30.25189,73.1516,335.58,0.47,0.47,2026-06-06,843,N20,VIIRS,l,2,306.17,3.74,D,0
30.25237,73.15205,337.85,0.47,0.48,2026-06-06,843,N20,VIIRS,n,2,306.86,2.82,D,0
30.28599,76.898,367,0.39,0.59,2026-06-06,843,N20,VIIRS,h,2,309.82,7.57,D,0
30.28802,73.33746,335.76,0.48,0.48,2026-06-06,843,N20,VIIRS,n,2,305.3,0.8,D,0
30.30245,73.16539,342.19,0.47,0.48,2026-06-06,843,N20,VIIRS,n,2,307.57,4.21,D,0
30.30293,73.17028,334.63,0.47,0.48,2026-06-06,843,N20,VIIRS,l,2,306.87,4.21,D,0
30.30683,73.16483,334.17,0.47,0.48,2026-06-06,843,N20,VIIRS,l,2,307.53,4.46,D,0
30.32717,73.60603,345.02,0.5,0.49,2026-06-06,843,N20,VIIRS,n,2,311.28,18.23,D,0
30.32766,73.61123,337.5,0.5,0.49,2026-06-06,843,N20,VIIRS,n,2,305.41,10.34,D,0
30.33167,73.60547,345.26,0.5,0.49,2026-06-06,843,N20,VIIRS,n,2,306.03,8.17,D,0
30.34645,73.24947,334.58,0.47,0.48,2026-06-06,843,N20,VIIRS,l,2,307.19,2.67,D,0
30.39745,73.60583,334.75,0.5,0.49,2026-06-06,843,N20,VIIRS,l,2,306.87,4.5,D,0
30.40026,73.60755,334.66,0.5,0.49,2026-06-06,843,N20,VIIRS,l,2,305.58,4.24,D,0
30.41154,68.44017,340.46,0.42,0.38,2026-06-06,843,N20,VIIRS,l,2,313,4.79,D,0
30.4129,73.43191,350.86,0.49,0.48,2026-06-06,843,N20,VIIRS,n,2,311.88,25.42,D,0
30.4202,73.50869,331.71,0.49,0.49,2026-06-06,843,N20,VIIRS,l,2,306.12,20.46,D,0
30.42205,73.57645,342.5,0.5,0.49,2026-06-06,843,N20,VIIRS,n,2,304.64,3.55,D,0
30.42468,73.50813,348.86,0.49,0.49,2026-06-06,843,N20,VIIRS,n,2,312.75,20.46,D,0
30.42517,73.51328,337.84,0.49,0.49,2026-06-06,843,N20,VIIRS,n,2,306.28,20.46,D,0
30.47092,72.22739,334.54,0.42,0.45,2026-06-06,843,N20,VIIRS,l,2,309.17,3.77,D,0
30.4786,73.59582,338.95,0.5,0.49,2026-06-06,843,N20,VIIRS,n,2,305.85,2.3,D,0
30.47947,73.38977,351.99,0.49,0.48,2026-06-06,843,N20,VIIRS,n,2,307.75,5.28,D,0
30.48072,73.38745,343.62,0.48,0.48,2026-06-06,843,N20,VIIRS,n,2,308.84,5.89,D,0
30.48123,73.39252,341.72,0.49,0.48,2026-06-06,843,N20,VIIRS,n,2,306.45,5.89,D,0
30.48393,73.38921,331.37,0.49,0.48,2026-06-06,843,N20,VIIRS,l,2,305.36,5.28,D,0
30.49679,73.19487,339.23,0.47,0.48,2026-06-06,843,N20,VIIRS,n,2,308.42,3.44,D,0
30.56961,73.76917,349.09,0.51,0.49,2026-06-06,843,N20,VIIRS,n,2,306.15,12.46,D,0
30.58271,73.90995,350.14,0.52,0.5,2026-06-06,843,N20,VIIRS,n,2,305.26,5.48,D,0
30.58322,73.91541,335.38,0.52,0.5,2026-06-06,843,N20,VIIRS,n,2,304.52,5.48,D,0
30.58857,76.77888,333.53,0.39,0.59,2026-06-06,843,N20,VIIRS,l,2,307.86,2.75,D,0
30.59694,73.43704,336.12,0.49,0.49,2026-06-06,843,N20,VIIRS,l,2,307.37,2.08,D,0
30.59843,73.68478,343.46,0.51,0.49,2026-06-06,843,N20,VIIRS,n,2,305.59,7.04,D,0
30.61009,73.71025,346.28,0.51,0.49,2026-06-06,843,N20,VIIRS,n,2,303.82,8.54,D,0
30.61463,73.7097,348.83,0.51,0.49,2026-06-06,843,N20,VIIRS,n,2,304.43,8.54,D,0
30.62222,72.93464,334.52,0.46,0.47,2026-06-06,843,N20,VIIRS,l,2,306.99,1.73,D,0
30.63494,73.19499,347.91,0.47,0.48,2026-06-06,843,N20,VIIRS,n,2,308.31,7.11,D,0
30.67916,74.00271,337.81,0.53,0.5,2026-06-06,843,N20,VIIRS,n,2,302.42,2.78,D,0
30.68161,73.62982,343.64,0.5,0.49,2026-06-06,843,N20,VIIRS,n,2,306.28,2.95,D,0
30.7127,73.57278,335.83,0.5,0.49,2026-06-06,843,N20,VIIRS,n,2,304.74,3.8,D,0
30.71407,73.77703,340.67,0.51,0.5,2026-06-06,843,N20,VIIRS,n,2,304.64,4.79,D,0
30.71432,73.57381,333.67,0.5,0.49,2026-06-06,843,N20,VIIRS,l,2,304.64,1.51,D,0
30.73117,73.08834,335.14,0.47,0.48,2026-06-06,843,N20,VIIRS,l,2,307.57,2.9,D,0
30.75566,73.72449,342.69,0.51,0.49,2026-06-06,843,N20,VIIRS,n,2,304.08,5.72,D,0
30.75614,73.72985,333.73,0.51,0.49,2026-06-06,843,N20,VIIRS,n,2,304.04,3.54,D,0
30.76126,74.07791,335.49,0.54,0.51,2026-06-06,843,N20,VIIRS,n,2,303.2,3.02,D,0
30.76245,70.78249,339.93,0.53,0.42,2026-06-06,843,N20,VIIRS,l,2,310.72,3.97,D,0
30.76255,75.39639,337.56,0.32,0.55,2026-06-06,843,N20,VIIRS,n,2,303.72,5.66,D,0
30.76283,75.39978,367,0.32,0.55,2026-06-06,843,N20,VIIRS,h,2,305.97,5.66,D,0
30.76426,73.92153,331.66,0.53,0.5,2026-06-06,843,N20,VIIRS,l,2,302.21,3.16,D,0
30.76628,70.78191,332.58,0.53,0.42,2026-06-06,843,N20,VIIRS,l,2,306.42,3.97,D,0
30.76675,75.39561,337.25,0.32,0.55,2026-06-06,843,N20,VIIRS,n,2,305.18,5.18,D,0
30.76701,75.399,367,0.32,0.55,2026-06-06,843,N20,VIIRS,h,2,306.13,5.18,D,0
30.80707,73.18176,336.44,0.48,0.48,2026-06-06,843,N20,VIIRS,l,2,307.07,2.33,D,0
30.80787,74.25324,342.45,0.55,0.51,2026-06-06,843,N20,VIIRS,n,2,302.52,6.7,D,0
30.83345,73.86323,337.01,0.52,0.5,2026-06-06,843,N20,VIIRS,n,2,306.09,5.64,D,0
30.84658,74.10402,340.88,0.54,0.51,2026-06-06,843,N20,VIIRS,n,2,303.21,4.94,D,0
30.85352,73.43323,335.84,0.49,0.49,2026-06-06,843,N20,VIIRS,l,2,306.8,4.94,D,0
30.86313,74.10062,330.19,0.54,0.51,2026-06-06,843,N20,VIIRS,l,2,304.1,1.33,D,0
30.89369,73.91563,332.23,0.53,0.5,2026-06-06,843,N20,VIIRS,l,2,305.4,2.93,D,0
30.93292,77.19034,331.54,0.42,0.61,2026-06-06,843,N20,VIIRS,l,2,305.51,4.99,D,0
31.07426,73.56031,336.32,0.5,0.49,2026-06-06,843,N20,VIIRS,l,2,306.89,4.02,D,0
31.07475,73.56563,340.33,0.5,0.49,2026-06-06,843,N20,VIIRS,n,2,306.8,4.02,D,0
31.15968,77.17668,367,0.42,0.61,2026-06-06,843,N20,VIIRS,h,2,299.69,8.48,D,0
31.23372,77.22179,351.29,0.42,0.61,2026-06-06,843,N20,VIIRS,n,2,304,4.49,D,0
31.23656,77.22173,349.99,0.42,0.61,2026-06-06,843,N20,VIIRS,n,2,304.85,6.58,D,0
31.36936,75.88372,343.26,0.35,0.57,2026-06-06,843,N20,VIIRS,n,2,305.5,2.29,D,0
31.39893,74.21642,333.41,0.56,0.51,2026-06-06,843,N20,VIIRS,l,2,305.87,1.53,D,0
31.51943,76.34813,335.33,0.37,0.58,2026-06-06,843,N20,VIIRS,n,2,304.1,1.82,D,0
31.61552,76.21519,337.03,0.37,0.58,2026-06-06,843,N20,VIIRS,n,2,303.19,3.88,D,0
31.6158,76.21903,352.42,0.37,0.58,2026-06-06,843,N20,VIIRS,n,2,303.93,5.17,D,0
31.68351,73.2302,335.16,0.49,0.49,2026-06-06,844,N20,VIIRS,n,2,305.01,1.05,D,0
31.71331,73.02415,334.71,0.48,0.48,2026-06-06,844,N20,VIIRS,l,2,307.15,3.44,D,0
31.82236,74.35519,342.8,0.57,0.52,2026-06-06,844,N20,VIIRS,n,2,307.9,7.93,D,0
31.82289,74.3613,343.63,0.57,0.52,2026-06-06,844,N20,VIIRS,n,2,305.9,7.93,D,0
31.82527,73.07789,336.52,0.48,0.48,2026-06-06,844,N20,VIIRS,n,2,305.71,4.14,D,0
31.82717,74.35466,338.48,0.57,0.52,2026-06-06,844,N20,VIIRS,n,2,305.04,7.93,D,0
31.84151,74.57784,341.96,0.59,0.53,2026-06-06,844,N20,VIIRS,n,2,308.74,7.1,D,0
31.85232,74.53241,355.09,0.59,0.53,2026-06-06,844,N20,VIIRS,n,2,308.32,19.11,D,0
31.85531,74.52879,343.46,0.59,0.53,2026-06-06,844,N20,VIIRS,n,2,308.72,10.13,D,0
31.85581,74.53503,344.11,0.59,0.53,2026-06-06,844,N20,VIIRS,n,2,305.73,10.13,D,0
31.87925,74.5043,334.91,0.59,0.52,2026-06-06,844,N20,VIIRS,l,2,307.48,6.83,D,0
31.88529,74.3017,340.34,0.57,0.52,2026-06-06,844,N20,VIIRS,l,2,310.76,8.7,D,0
31.91454,74.30452,348.48,0.57,0.52,2026-06-06,844,N20,VIIRS,n,2,311.51,9.54,D,0
31.92285,74.45846,342.13,0.58,0.52,2026-06-06,844,N20,VIIRS,n,2,309.36,8.45,D,0
31.94826,74.76243,343.33,0.61,0.53,2026-06-06,844,N20,VIIRS,n,2,310.91,8.13,D,0
32.01408,74.83426,335.09,0.61,0.54,2026-06-06,844,N20,VIIRS,l,2,307.43,6.39,D,0
32.03604,74.53962,336.6,0.59,0.53,2026-06-06,844,N20,VIIRS,l,2,307.71,6.01,D,0
32.08316,74.539,337.14,0.59,0.53,2026-06-06,844,N20,VIIRS,l,2,308.91,6.23,D,0
32.0847,74.53431,339.24,0.59,0.53,2026-06-06,844,N20,VIIRS,n,2,308.94,4.85,D,0
32.08524,74.5406,338.17,0.59,0.53,2026-06-06,844,N20,VIIRS,l,2,309.05,4.85,D,0
32.14075,76.33052,342.13,0.38,0.59,2026-06-06,844,N20,VIIRS,n,2,298.91,2.68,D,0
32.32251,72.79028,330.46,0.47,0.48,2026-06-06,844,N20,VIIRS,l,2,305.22,1.92,D,0
32.36816,73.89449,338.7,0.55,0.51,2026-06-06,844,N20,VIIRS,l,2,312.34,6.94,D,0
32.67589,74.51162,342.73,0.6,0.53,2026-06-06,844,N20,VIIRS,n,2,307.86,13.52,D,0
32.82439,74.45423,333.1,0.6,0.53,2026-06-06,844,N20,VIIRS,l,2,306.39,4.05,D,0
32.82655,74.45467,346.45,0.6,0.53,2026-06-06,844,N20,VIIRS,n,2,306.41,5.67,D,0
32.82927,74.45369,336.1,0.6,0.53,2026-06-06,844,N20,VIIRS,n,2,304.99,4.05,D,0
32.89924,74.90341,336.41,0.63,0.54,2026-06-06,844,N20,VIIRS,l,2,307.9,4.52,D,0
32.90373,75.02871,338.04,0.32,0.55,2026-06-06,844,N20,VIIRS,n,2,307.12,2.69,D,0
32.90881,75.02835,367,0.32,0.55,2026-06-06,844,N20,VIIRS,h,2,306.98,4.25,D,0
32.9091,75.03223,345.78,0.32,0.55,2026-06-06,844,N20,VIIRS,n,2,305.49,4.25,D,0
32.95845,74.68867,332.88,0.62,0.54,2026-06-06,844,N20,VIIRS,l,2,306.54,2.38,D,0
33.00921,75.16145,335.92,0.33,0.55,2026-06-06,844,N20,VIIRS,n,2,297.72,2.46,D,0
33.03593,74.08018,330.52,0.57,0.52,2026-06-06,844,N20,VIIRS,l,2,305.06,2.54,D,0
33.10456,74.75227,343.64,0.63,0.54,2026-06-06,844,N20,VIIRS,n,2,307.4,6.41,D,0
33.14341,73.97967,330.24,0.56,0.52,2026-06-06,844,N20,VIIRS,l,2,304.23,1.31,D,0
33.1643,74.74488,333.8,0.63,0.54,2026-06-06,844,N20,VIIRS,n,2,303.57,3.98,D,0
33.16456,74.74352,332.92,0.63,0.54,2026-06-06,844,N20,VIIRS,l,2,303.99,3.92,D,0
33.21624,73.9873,330.29,0.57,0.52,2026-06-06,844,N20,VIIRS,l,2,302.65,3.24,D,0
33.72668,72.39474,336.45,0.46,0.47,2026-06-06,844,N20,VIIRS,l,2,311.06,3.71,D,0
33.73032,73.21495,335.44,0.52,0.5,2026-06-06,844,N20,VIIRS,n,2,303.81,3.13,D,0
34.70247,71.90209,345.28,0.45,0.47,2026-06-06,844,N20,VIIRS,n,2,302.91,8.6,D,0
34.70639,71.89773,340.87,0.45,0.47,2026-06-06,844,N20,VIIRS,n,2,304.1,5.24,D,0
34.83646,71.88671,342.53,0.45,0.47,2026-06-06,844,N20,VIIRS,n,2,306.46,2.31,D,0
34.8408,71.88673,334.93,0.45,0.47,2026-06-06,844,N20,VIIRS,l,2,305.12,3.86,D,0
34.84126,71.89171,345.62,0.45,0.47,2026-06-06,844,N20,VIIRS,n,2,303.85,4.52,D,0
35.97081,68.63187,332.06,0.48,0.4,2026-06-06,845,N20,VIIRS,l,2,306.37,1.24,D,0
35.99655,68.60319,334.17,0.48,0.4,2026-06-06,845,N20,VIIRS,l,2,305.46,3.81,D,0
36.00391,68.63441,333.28,0.48,0.4,2026-06-06,845,N20,VIIRS,l,2,306.48,2.1,D,0
36.66965,68.98071,337.87,0.51,0.41,2026-06-06,845,N20,VIIRS,n,2,307.12,4.2,D,0
29.22721,88.35213,303.47,0.47,0.48,2026-06-06,1926,N20,VIIRS,n,2,279.9,1.32,N,2
29.26308,91.92421,302.78,0.46,0.39,2026-06-06,1926,N20,VIIRS,n,2,284.29,2.33,N,2
29.37578,91.15295,306.42,0.5,0.41,2026-06-06,1926,N20,VIIRS,n,2,283.67,1.59,N,2
29.66053,90.90218,300.75,0.51,0.41,2026-06-06,1926,N20,VIIRS,n,2,285.23,1.94,N,2
30.06742,96.97797,303.93,0.4,0.37,2026-06-06,1926,N20,VIIRS,n,2,285.18,1.37,N,2
25.54231,91.23759,298.73,0.45,0.39,2026-06-06,1927,N20,VIIRS,n,2,281.72,0.64,N,0
26.76043,83.2011,303.06,0.45,0.63,2026-06-06,1927,N20,VIIRS,n,2,287.16,1.8,N,2
27.22306,95.34773,306.72,0.39,0.36,2026-06-06,1927,N20,VIIRS,n,2,291.41,1.05,N,2
27.31756,95.2673,312.19,0.39,0.36,2026-06-06,1927,N20,VIIRS,n,2,291.2,4.25,N,2
27.32619,95.277,312.38,0.39,0.36,2026-06-06,1927,N20,VIIRS,n,2,291.52,4.33,N,0
27.87084,83.53362,301.86,0.44,0.63,2026-06-06,1927,N20,VIIRS,n,2,285.77,1.37,N,0
27.8715,83.53438,307.3,0.44,0.63,2026-06-06,1927,N20,VIIRS,n,2,285.77,1.27,N,0
23.66424,85.00065,306.24,0.32,0.55,2026-06-06,1928,N20,VIIRS,n,2,276.17,1.48,N,2
24.35325,79.12878,307.51,0.77,0.77,2026-06-06,1928,N20,VIIRS,n,2,288.77,1.49,N,0
24.35615,79.12921,309.14,0.77,0.77,2026-06-06,1928,N20,VIIRS,n,2,288.43,1.59,N,0
25.45736,81.11185,306.06,0.59,0.7,2026-06-06,1928,N20,VIIRS,n,2,294.85,0.83,N,0
32.7043,76.0884,330.34,0.53,0.42,2026-06-06,2106,N20,VIIRS,n,2,290.51,4.29,N,0
32.70531,76.0834,316.95,0.53,0.42,2026-06-06,2106,N20,VIIRS,n,2,291.08,3.61,N,0
32.70905,76.08459,337.77,0.53,0.42,2026-06-06,2106,N20,VIIRS,n,2,292.62,7.2,N,0
32.9123,75.0287,307.12,0.47,0.4,2026-06-06,2106,N20,VIIRS,n,2,293.59,1.98,N,0
32.99821,74.36014,308.4,0.44,0.39,2026-06-06,2106,N20,VIIRS,n,2,295.42,4.03,N,0
33.00173,74.36089,347.66,0.44,0.39,2026-06-06,2106,N20,VIIRS,n,2,297.67,4.03,N,0
33.0115,75.16308,304.85,0.48,0.4,2026-06-06,2106,N20,VIIRS,n,2,290.55,1.18,N,0
33.01235,75.15864,313.87,0.48,0.4,2026-06-06,2106,N20,VIIRS,n,2,292.68,1.18,N,0
33.01597,75.15945,304.74,0.48,0.4,2026-06-06,2106,N20,VIIRS,n,2,291.51,0.87,N,0
33.018,74.35196,313.22,0.44,0.39,2026-06-06,2106,N20,VIIRS,n,2,294.98,1.96,N,0
33.03203,74.35511,333.14,0.44,0.39,2026-06-06,2106,N20,VIIRS,n,2,296.6,2.95,N,0
33.03292,74.35032,307.78,0.44,0.39,2026-06-06,2106,N20,VIIRS,n,2,295.8,2.95,N,0
33.03381,74.34555,307.9,0.44,0.39,2026-06-06,2106,N20,VIIRS,n,2,295.62,1.4,N,0
33.0373,74.34641,317.43,0.44,0.39,2026-06-06,2106,N20,VIIRS,n,2,295.87,2.8,N,0
33.10088,74.75126,307.62,0.46,0.39,2026-06-06,2106,N20,VIIRS,n,2,295.67,2.39,N,0
33.10637,74.76147,303.74,0.46,0.39,2026-06-06,2106,N20,VIIRS,n,2,291.74,1.01,N,0
33.1099,74.76244,309.17,0.46,0.39,2026-06-06,2106,N20,VIIRS,n,2,292.36,1.01,N,0
33.11521,75.05876,308.09,0.47,0.4,2026-06-06,2106,N20,VIIRS,n,2,291.53,1.26,N,0
33.1333,74.96436,345.27,0.47,0.39,2026-06-06,2106,N20,VIIRS,n,2,297.6,7.81,N,0
33.13416,74.95981,330.29,0.47,0.39,2026-06-06,2106,N20,VIIRS,n,2,295.44,7.81,N,0
33.13671,74.96604,327.16,0.47,0.39,2026-06-06,2106,N20,VIIRS,n,2,295.02,7.81,N,0
33.13762,74.96129,329.02,0.47,0.39,2026-06-06,2106,N20,VIIRS,n,2,292.57,7.81,N,0
33.13763,74.69318,301.73,0.46,0.39,2026-06-06,2106,N20,VIIRS,n,2,290.86,0.45,N,0
33.14511,73.9755,317.16,0.43,0.38,2026-06-06,2106,N20,VIIRS,n,2,294.79,1.81,N,0
33.2058,74.14544,311.1,0.43,0.38,2026-06-06,2106,N20,VIIRS,n,2,294.78,0.95,N,0
33.20665,74.14079,304.47,0.43,0.38,2026-06-06,2106,N20,VIIRS,n,2,293.08,0.95,N,0
33.21601,73.99074,315.9,0.43,0.38,2026-06-06,2106,N20,VIIRS,n,2,294.12,1.49,N,0
33.21943,74.11034,307.96,0.43,0.38,2026-06-06,2106,N20,VIIRS,n,2,295.13,1.38,N,0
33.21945,73.99157,312.36,0.43,0.38,2026-06-06,2106,N20,VIIRS,n,2,293.47,1.37,N,0
33.22026,74.10574,305.84,0.43,0.38,2026-06-06,2106,N20,VIIRS,n,2,295.02,1.38,N,0
33.22288,73.99249,319.12,0.43,0.38,2026-06-06,2106,N20,VIIRS,n,2,293.48,1.37,N,0
33.23395,74.45049,304.9,0.44,0.39,2026-06-06,2106,N20,VIIRS,n,2,294.05,0.62,N,0
33.62468,73.74721,312.57,0.42,0.38,2026-06-06,2106,N20,VIIRS,n,2,292.38,1.02,N,0
33.6273,73.7524,304.03,0.42,0.38,2026-06-06,2106,N20,VIIRS,n,2,292.66,0.59,N,0
33.81036,73.49503,301.71,0.41,0.37,2026-06-06,2106,N20,VIIRS,n,2,290.94,0.72,N,0
33.81733,73.01326,308.02,0.4,0.37,2026-06-06,2106,N20,VIIRS,n,2,293.3,0.93,N,0
33.81805,73.00912,310.5,0.4,0.37,2026-06-06,2106,N20,VIIRS,n,2,293.4,0.93,N,0
33.85193,72.87245,307.47,0.4,0.37,2026-06-06,2106,N20,VIIRS,n,2,295.05,1.79,N,2
34.14278,73.11159,310.95,0.4,0.37,2026-06-06,2106,N20,VIIRS,n,2,292.63,1.11,N,0
34.14685,73.10809,307.64,0.4,0.37,2026-06-06,2106,N20,VIIRS,n,2,292.17,0.92,N,0
34.15541,73.11884,303.95,0.4,0.37,2026-06-06,2106,N20,VIIRS,n,2,293.1,0.61,N,0
34.22014,72.92245,310.76,0.4,0.37,2026-06-06,2106,N20,VIIRS,n,2,292.01,1.48,N,0
34.22226,72.91,312.51,0.4,0.37,2026-06-06,2106,N20,VIIRS,n,2,294.03,1.56,N,0
34.22486,72.91499,308.57,0.4,0.37,2026-06-06,2106,N20,VIIRS,n,2,292.7,1.39,N,0
34.22557,72.91082,323.17,0.4,0.37,2026-06-06,2106,N20,VIIRS,n,2,293.23,1.39,N,0
34.32046,73.29008,299.08,0.4,0.37,2026-06-06,2106,N20,VIIRS,n,2,288.6,0.3,N,0
34.43768,73.34542,305.47,0.4,0.37,2026-06-06,2106,N20,VIIRS,n,2,291.09,1.09,N,0
34.5027,73.3418,300.42,0.4,0.37,2026-06-06,2106,N20,VIIRS,n,2,290.39,0.81,N,0
34.50351,73.33724,310.14,0.4,0.37,2026-06-06,2106,N20,VIIRS,n,2,291.05,0.81,N,0
34.50582,73.32405,329.94,0.4,0.37,2026-06-06,2106,N20,VIIRS,n,2,291.98,2.62,N,0
34.50918,73.32473,301.09,0.4,0.37,2026-06-06,2106,N20,VIIRS,n,2,290.44,0.58,N,0
34.67185,71.88326,318.17,0.38,0.36,2026-06-06,2106,N20,VIIRS,n,2,294.71,2.3,N,0
34.67253,71.87905,324.11,0.38,0.36,2026-06-06,2106,N20,VIIRS,n,2,293.77,1.95,N,0
34.69938,71.90234,305.35,0.38,0.36,2026-06-06,2106,N20,VIIRS,n,2,290.31,0.38,N,0
34.83043,71.89345,325.79,0.38,0.36,2026-06-06,2106,N20,VIIRS,n,2,292.39,2.39,N,0
34.8311,71.88931,327.31,0.38,0.36,2026-06-06,2106,N20,VIIRS,n,2,293.44,2.09,N,0
34.83437,71.89008,315.32,0.38,0.36,2026-06-06,2106,N20,VIIRS,n,2,293.01,2.09,N,0
34.83958,71.89999,316.26,0.38,0.36,2026-06-06,2106,N20,VIIRS,n,2,292.68,1.85,N,0
34.84025,71.89582,323.51,0.38,0.36,2026-06-06,2106,N20,VIIRS,n,2,293.1,1.85,N,0
34.84552,71.88417,330.22,0.38,0.36,2026-06-06,2106,N20,VIIRS,n,2,294.7,1.85,N,0
34.84879,71.88496,308.96,0.38,0.36,2026-06-06,2106,N20,VIIRS,n,2,293,1.85,N,0
34.87306,71.82011,304.87,0.38,0.36,2026-06-06,2106,N20,VIIRS,n,2,291.51,0.55,N,0
35.96475,68.68736,302.15,0.44,0.38,2026-06-06,2106,N20,VIIRS,n,2,290.9,0.62,N,2
35.96827,68.68802,302,0.44,0.38,2026-06-06,2106,N20,VIIRS,n,2,291.49,0.62,N,2
35.9685,68.68626,306.11,0.44,0.38,2026-06-06,2106,N20,VIIRS,n,2,292.9,1.62,N,2
27.81034,81.54195,303.6,0.46,0.63,2026-06-06,2107,N20,VIIRS,n,2,289.38,2.19,N,0
30.74803,77.39848,299.06,0.45,0.47,2026-06-06,2107,N20,VIIRS,n,2,288.69,0.27,N,0
30.88841,77.23457,302.89,0.44,0.46,2026-06-06,2107,N20,VIIRS,n,2,289.05,0.84,N,0
31.23649,77.21609,305.85,0.43,0.46,2026-06-06,2107,N20,VIIRS,n,2,291.01,1.1,N,0
31.26059,76.92773,304.81,0.42,0.45,2026-06-06,2107,N20,VIIRS,n,2,292.15,1.24,N,2
31.41468,76.83698,305.06,0.41,0.45,2026-06-06,2107,N20,VIIRS,n,2,294.86,0.68,N,0
31.6584,76.17638,311.89,0.56,0.43,2026-06-06,2107,N20,VIIRS,n,2,293.86,2.05,N,0
31.65872,76.17532,311.67,0.56,0.43,2026-06-06,2107,N20,VIIRS,n,2,293.86,1.6,N,0
31.74228,76.46465,308.73,0.38,0.44,2026-06-06,2107,N20,VIIRS,n,2,292.78,1.1,N,0
31.74306,76.46082,312.87,0.38,0.43,2026-06-06,2107,N20,VIIRS,n,2,294.22,1.1,N,0
31.74699,76.46184,309.21,0.38,0.43,2026-06-06,2107,N20,VIIRS,n,2,293.61,1.1,N,0
31.84594,76.94504,340.65,0.41,0.45,2026-06-06,2107,N20,VIIRS,n,2,292.78,3,N,0
31.85005,76.94566,319.42,0.41,0.45,2026-06-06,2107,N20,VIIRS,n,2,289.76,3,N,0
32.08655,74.1651,311.1,0.45,0.39,2026-06-06,2107,N20,VIIRS,n,2,297.51,2.07,N,2
32.13211,74.17673,309.06,0.45,0.39,2026-06-06,2107,N20,VIIRS,n,2,296.63,1.85,N,2
32.41345,76.02983,328.88,0.53,0.42,2026-06-06,2107,N20,VIIRS,n,2,292.82,4.55,N,0
32.47163,75.93268,306.46,0.53,0.42,2026-06-06,2107,N20,VIIRS,n,2,292.64,1.16,N,0
32.4728,75.93082,310.26,0.53,0.42,2026-06-06,2107,N20,VIIRS,n,2,293.33,1.33,N,0
32.48212,75.97911,311.24,0.53,0.42,2026-06-06,2107,N20,VIIRS,n,2,290.32,1.55,N,0
32.56,76.09874,303.97,0.53,0.42,2026-06-06,2107,N20,VIIRS,n,2,289.41,0.93,N,0
32.56196,76.09791,303.73,0.54,0.42,2026-06-06,2107,N20,VIIRS,n,2,289.64,0.81,N,0
32.57483,72.56186,312.02,0.4,0.37,2026-06-06,2107,N20,VIIRS,n,2,297.66,2.47,N,2
32.64365,72.97806,307.73,0.41,0.37,2026-06-06,2107,N20,VIIRS,n,2,297.65,1.87,N,2
32.66111,76.05154,300.05,0.53,0.42,2026-06-06,2107,N20,VIIRS,n,2,288.36,0.49,N,0
32.72686,72.81968,305.71,0.4,0.37,2026-06-06,2107,N20,VIIRS,n,2,293.64,1.23,N,2
32.78686,75.3661,309.53,0.49,0.4,2026-06-06,2107,N20,VIIRS,n,2,291.24,1.24,N,0
32.9983,74.35823,308.16,0.44,0.39,2026-06-06,2107,N20,VIIRS,n,2,295.95,2.52,N,0
33.00093,74.36378,332.91,0.44,0.39,2026-06-06,2107,N20,VIIRS,n,2,296.06,4.63,N,0
33.00182,74.35895,327.25,0.44,0.39,2026-06-06,2107,N20,VIIRS,n,2,295.88,2.52,N,0
33.20621,70.47567,306.27,0.39,0.36,2026-06-06,2107,N20,VIIRS,n,2,293.5,0.68,N,0
33.23722,71.51576,301.03,0.38,0.36,2026-06-06,2107,N20,VIIRS,n,2,283.63,0.8,N,2
33.27768,72.14619,307.1,0.39,0.36,2026-06-06,2107,N20,VIIRS,n,2,293.3,0.78,N,0
33.29654,71.1867,304.16,0.38,0.36,2026-06-06,2107,N20,VIIRS,n,2,293.34,0.59,N,2
25.45105,81.1156,314.9,0.49,0.65,2026-06-06,2108,N20,VIIRS,n,2,291.71,2.92,N,0
25.94242,72.19279,309.03,0.44,0.39,2026-06-06,2108,N20,VIIRS,n,2,298.03,1.1,N,0
27.80225,68.67949,330.77,0.39,0.36,2026-06-06,2108,N20,VIIRS,n,2,301.75,2.5,N,0
27.84284,68.17782,313.74,0.4,0.37,2026-06-06,2108,N20,VIIRS,n,2,301.61,0.71,N,0
27.90872,69.53201,314.18,0.38,0.36,2026-06-06,2108,N20,VIIRS,n,2,300.08,0.48,N,0
27.93036,68.97637,318.06,0.39,0.36,2026-06-06,2108,N20,VIIRS,n,2,301.22,1.33,N,0
28.02218,68.20105,315.69,0.4,0.37,2026-06-06,2108,N20,VIIRS,n,2,302.17,0.63,N,0
28.05295,69.37167,322.08,0.38,0.36,2026-06-06,2108,N20,VIIRS,n,2,301.83,1.38,N,2
28.05356,69.36779,322.42,0.38,0.36,2026-06-06,2108,N20,VIIRS,n,2,301.59,1.38,N,2
28.06667,68.48042,323.01,0.39,0.36,2026-06-06,2108,N20,VIIRS,n,2,302.02,1.18,N,0
28.15981,68.00064,322.04,0.4,0.37,2026-06-06,2108,N20,VIIRS,n,2,303.69,1.46,N,0
28.18662,68.31281,314.51,0.4,0.37,2026-06-06,2108,N20,VIIRS,n,2,301.35,0.91,N,0
28.19925,68.47429,312,0.39,0.36,2026-06-06,2108,N20,VIIRS,n,2,301.73,0.54,N,0
28.20475,68.28323,318.32,0.4,0.37,2026-06-06,2108,N20,VIIRS,n,2,301.82,1.2,N,0
28.2376,68.53889,312.34,0.39,0.36,2026-06-06,2108,N20,VIIRS,n,2,301.38,0.36,N,0
28.3034,69.31456,311.41,0.39,0.36,2026-06-06,2108,N20,VIIRS,n,2,300.49,0.74,N,0
28.3588,69.01946,312.1,0.39,0.36,2026-06-06,2108,N20,VIIRS,n,2,301.31,0.4,N,0
28.37225,68.17568,327.01,0.4,0.37,2026-06-06,2108,N20,VIIRS,n,2,303.1,1.53,N,0
28.3986,68.01746,328.63,0.4,0.37,2026-06-06,2108,N20,VIIRS,n,2,304.53,2.1,N,0
28.44696,68.38342,325.73,0.4,0.37,2026-06-06,2108,N20,VIIRS,n,2,303.43,1.89,N,0
28.44947,68.9157,313.86,0.39,0.36,2026-06-06,2108,N20,VIIRS,n,2,302.21,1.03,N,0
28.46241,68.18285,334.9,0.4,0.37,2026-06-06,2108,N20,VIIRS,n,2,303.71,3.98,N,0
28.46358,68.17472,315.01,0.4,0.37,2026-06-06,2108,N20,VIIRS,n,2,303.59,1.94,N,0
28.46383,68.22064,315.3,0.4,0.37,2026-06-06,2108,N20,VIIRS,n,2,302.45,0.93,N,0
28.46619,68.07617,328.84,0.4,0.37,2026-06-06,2108,N20,VIIRS,n,2,303.32,1.98,N,0
28.46936,68.23,339.91,0.4,0.37,2026-06-06,2108,N20,VIIRS,n,2,302.76,3.75,N,0
28.47272,68.23063,320.68,0.4,0.37,2026-06-06,2108,N20,VIIRS,n,2,302.76,1.09,N,0
28.47943,68.2319,337.59,0.4,0.37,2026-06-06,2108,N20,VIIRS,n,2,301.95,3.19,N,0
28.48278,68.23252,320.96,0.4,0.37,2026-06-06,2108,N20,VIIRS,n,2,302.17,3.19,N,0
28.49461,68.22229,328.37,0.4,0.37,2026-06-06,2108,N20,VIIRS,n,2,303.1,2.29,N,0
28.50626,68.23697,323.21,0.4,0.37,2026-06-06,2108,N20,VIIRS,n,2,303.51,1.38,N,0
22.74319,74.90267,321.35,0.46,0.47,2026-06-06,2109,N20,VIIRS,n,2,293.77,4.4,N,0
22.82353,69.68067,313.8,0.4,0.37,2026-06-06,2109,N20,VIIRS,n,2,298.52,2.75,N,0
22.92842,70.10667,310.9,0.4,0.37,2026-06-06,2109,N20,VIIRS,n,2,299.53,0.58,N,0
22.93204,69.70522,309.81,0.4,0.37,2026-06-06,2109,N20,VIIRS,n,2,298.46,2.37,N,0
22.93332,69.69757,323,0.4,0.37,2026-06-06,2109,N20,VIIRS,n,2,298.73,3.81,N,0
23.16653,82.34368,295.22,0.66,0.73,2026-06-06,2109,N20,VIIRS,n,2,265.33,1.3,N,2
23.16811,82.33738,300.96,0.66,0.73,2026-06-06,2109,N20,VIIRS,n,2,265.06,1.84,N,2
23.1982,69.16517,315.43,0.39,0.36,2026-06-06,2109,N20,VIIRS,n,2,298.5,2.05,N,0
23.19882,69.16142,320.52,0.39,0.36,2026-06-06,2109,N20,VIIRS,n,2,298.04,2.05,N,0
24.81994,73.09203,310.32,0.5,0.41,2026-06-06,2109,N20,VIIRS,n,2,297,5.01,N,2
25.38676,68.58435,319.34,0.39,0.36,2026-06-06,2109,N20,VIIRS,n,2,298.67,1.3,N,2
18.6814,73.03607,311.58,0.42,0.45,2026-06-06,2110,N20,VIIRS,n,2,294.29,4.18,N,2
18.68264,73.0382,308.43,0.42,0.45,2026-06-06,2110,N20,VIIRS,n,2,294.43,2.34,N,2
18.68337,73.03431,311.77,0.42,0.45,2026-06-06,2110,N20,VIIRS,n,2,294.29,2.34,N,2
18.68409,73.03042,310.94,0.42,0.45,2026-06-06,2110,N20,VIIRS,n,2,293.9,3.39,N,2
18.68624,73.03304,320.56,0.42,0.45,2026-06-06,2110,N20,VIIRS,n,2,293.67,4.57,N,2
18.68699,73.02916,308.24,0.42,0.45,2026-06-06,2110,N20,VIIRS,n,2,293.25,3.58,N,2
18.69295,73.0425,318.41,0.42,0.45,2026-06-06,2110,N20,VIIRS,n,2,293.71,4.22,N,2
18.7519,78.76814,311.93,0.49,0.65,2026-06-06,2110,N20,VIIRS,n,2,278.56,1.47,N,0
18.82118,78.77937,300.7,0.49,0.65,2026-06-06,2110,N20,VIIRS,n,2,275.71,0.82,N,0
19.10233,82.16743,301.74,0.79,0.78,2026-06-06,2110,N20,VIIRS,n,2,273.18,2.45,N,2
19.10352,73.05402,317.62,0.41,0.45,2026-06-06,2110,N20,VIIRS,n,2,295.89,3.53,N,2
19.10617,82.16795,301.77,0.79,0.78,2026-06-06,2110,N20,VIIRS,n,2,272.57,2.26,N,2
19.27922,71.42634,310.61,0.5,0.41,2026-06-06,2110,N20,VIIRS,n,2,297.09,1.02,N,3
19.57261,71.36246,318.25,0.49,0.4,2026-06-06,2110,N20,VIIRS,n,2,295.24,1.32,N,3
19.93592,73.71279,306.41,0.44,0.46,2026-06-06,2110,N20,VIIRS,n,2,292.43,0.73,N,2
19.98642,77.49129,314.58,0.38,0.59,2026-06-06,2110,N20,VIIRS,n,2,275.11,1.05,N,0
20.35518,72.94945,310.2,0.39,0.44,2026-06-06,2110,N20,VIIRS,n,2,291.09,1.89,N,2
20.9111,71.45992,310.99,0.48,0.4,2026-06-06,2110,N20,VIIRS,n,2,295.63,1.22,N,2
21.10016,72.65053,314.72,0.54,0.42,2026-06-06,2110,N20,VIIRS,n,2,296.32,4.43,N,0
21.10304,72.63509,330.05,0.54,0.42,2026-06-06,2110,N20,VIIRS,n,2,297.3,7.23,N,2
21.104,72.65134,312.85,0.54,0.42,2026-06-06,2110,N20,VIIRS,n,2,296.49,4.93,N,2
21.10496,72.64619,332.69,0.54,0.42,2026-06-06,2110,N20,VIIRS,n,2,296.92,4.93,N,2
21.1088,72.647,333.93,0.54,0.42,2026-06-06,2110,N20,VIIRS,n,2,297.78,4.93,N,2
21.11072,72.63671,307.56,0.54,0.42,2026-06-06,2110,N20,VIIRS,n,2,295.35,4.92,N,2
21.69444,72.60643,323.93,0.53,0.42,2026-06-06,2110,N20,VIIRS,n,2,296.57,1.96,N,0
21.81034,71.04704,330.19,0.44,0.39,2026-06-06,2110,N20,VIIRS,n,2,297.78,2.61,N,0
22.34049,69.85591,312.61,0.4,0.37,2026-06-06,2110,N20,VIIRS,n,2,301.7,3.51,N,2
22.41477,69.0407,318.63,0.39,0.36,2026-06-06,2110,N20,VIIRS,n,2,298.87,2.58,N,2
22.41808,69.04134,311.53,0.39,0.36,2026-06-06,2110,N20,VIIRS,n,2,298.5,2.27,N,2
20.97467,83.97309,331.41,0.75,0.77,2026-06-07,641,N20,VIIRS,n,2,290.1,5.25,D,0
20.97602,83.97345,331.56,0.75,0.77,2026-06-07,641,N20,VIIRS,n,2,289.56,4.48,D,0
21.65075,83.48492,338.43,0.78,0.78,2026-06-07,641,N20,VIIRS,n,2,285.92,8.74,D,0
27.14281,94.94453,367,0.41,0.37,2026-06-07,642,N20,VIIRS,h,2,292.95,62.18,D,0
27.1435,94.94862,355.43,0.41,0.37,2026-06-07,642,N20,VIIRS,l,2,293.01,68.51,D,0
27.14619,94.94382,355.91,0.41,0.37,2026-06-07,642,N20,VIIRS,l,2,292.91,19.22,D,0
27.15814,94.86906,355.03,0.41,0.37,2026-06-07,642,N20,VIIRS,l,2,292.4,19.13,D,0
27.16015,94.86012,356.29,0.41,0.37,2026-06-07,642,N20,VIIRS,l,2,292.3,6,D,0
27.16084,94.86423,367,0.41,0.37,2026-06-07,642,N20,VIIRS,h,2,292.03,6,D,0
27.16354,94.8594,356.07,0.41,0.37,2026-06-07,642,N20,VIIRS,l,2,292.35,6,D,0
27.16423,94.86351,355.52,0.41,0.37,2026-06-07,642,N20,VIIRS,l,2,292.31,6,D,0
27.48968,94.87298,367,0.41,0.37,2026-06-07,642,N20,VIIRS,h,2,290.37,13.49,D,0
27.49037,94.87708,355.97,0.41,0.37,2026-06-07,642,N20,VIIRS,l,2,288.09,29.63,D,0
27.49854,94.90504,367,0.41,0.37,2026-06-07,642,N20,VIIRS,h,2,290.77,53.2,D,0
27.49987,94.89204,356.14,0.41,0.37,2026-06-07,642,N20,VIIRS,l,2,291.49,10.04,D,0
27.50055,94.89614,367,0.41,0.37,2026-06-07,642,N20,VIIRS,h,2,291.67,10.04,D,0
27.50124,94.90024,355.86,0.41,0.37,2026-06-07,642,N20,VIIRS,l,2,289.87,12.27,D,0
27.50192,94.90433,356.41,0.41,0.37,2026-06-07,642,N20,VIIRS,l,2,290.29,12.27,D,0
27.55083,94.87808,356.06,0.41,0.37,2026-06-07,642,N20,VIIRS,l,2,292.21,56.23,D,0
27.55152,94.88217,367,0.41,0.37,2026-06-07,642,N20,VIIRS,h,2,292.27,15.62,D,0
27.55221,94.88627,355.45,0.41,0.37,2026-06-07,642,N20,VIIRS,l,2,291.97,15.62,D,0
27.5806,94.88876,355.16,0.41,0.37,2026-06-07,642,N20,VIIRS,l,2,291.49,20.68,D,0
27.58129,94.89285,367,0.41,0.37,2026-06-07,642,N20,VIIRS,h,2,292.35,25.02,D,0
27.58197,94.89694,356.4,0.41,0.37,2026-06-07,642,N20,VIIRS,l,2,292.78,25.02,D,0
27.58397,94.88804,355.74,0.41,0.37,2026-06-07,642,N20,VIIRS,l,2,291.15,20.68,D,0
27.65924,94.9362,367,0.41,0.37,2026-06-07,642,N20,VIIRS,h,2,292.54,10.39,D,0
27.66261,94.93549,356.4,0.41,0.37,2026-06-07,642,N20,VIIRS,l,2,293.7,11.8,D,0
26.52225,84.50381,339.49,0.52,0.67,2026-06-07,643,N20,VIIRS,n,2,290.14,11.46,D,0
8.46452,78.08836,330.5,0.41,0.37,2026-06-07,818,N20,VIIRS,n,2,296.69,1.59,D,0
8.65124,81.16414,343.06,0.39,0.44,2026-06-07,818,N20,VIIRS,n,2,295.74,8.21,D,0
8.73275,81.12292,335,0.39,0.44,2026-06-07,818,N20,VIIRS,n,2,293.25,3.78,D,0
8.89088,80.51917,330.72,0.54,0.42,2026-06-07,818,N20,VIIRS,n,2,291.33,4.17,D,0
9.18138,77.8466,330.19,0.41,0.37,2026-06-07,818,N20,VIIRS,n,2,296.54,1.74,D,0
9.29794,77.47915,330.69,0.4,0.37,2026-06-07,818,N20,VIIRS,n,2,288.25,2.2,D,0
9.34751,77.97863,330.24,0.42,0.37,2026-06-07,818,N20,VIIRS,n,2,298.29,2.14,D,0
9.78304,78.36603,330,0.43,0.38,2026-06-07,818,N20,VIIRS,n,2,288.26,1.71,D,0
9.7728,78.21203,335.42,0.43,0.38,2026-06-07,819,N20,VIIRS,n,2,298.26,3.03,D,0
9.82157,78.15738,333.03,0.43,0.38,2026-06-07,819,N20,VIIRS,n,2,294.58,1.15,D,0
9.94727,78.64856,333.83,0.45,0.39,2026-06-07,819,N20,VIIRS,n,2,298.49,4.94,D,0
10.55644,79.44373,333.23,0.49,0.41,2026-06-07,819,N20,VIIRS,n,2,288.18,3.42,D,0
10.81113,78.74993,332.71,0.46,0.39,2026-06-07,819,N20,VIIRS,n,2,290.57,2.2,D,0
11.07132,77.87884,340.66,0.43,0.38,2026-06-07,819,N20,VIIRS,n,2,299.87,6.53,D,0
11.4823,78.92303,337.89,0.48,0.4,2026-06-07,819,N20,VIIRS,n,2,297.58,5.36,D,0
11.5265,79.10709,338.96,0.49,0.4,2026-06-07,819,N20,VIIRS,n,2,302.68,2.54,D,0
11.70642,78.73755,337.72,0.47,0.4,2026-06-07,819,N20,VIIRS,n,2,289.64,42.37,D,0
11.82422,79.39303,337.26,0.51,0.41,2026-06-07,819,N20,VIIRS,n,2,302.39,6.76,D,0
12.00611,79.72839,332.23,0.53,0.42,2026-06-07,819,N20,VIIRS,n,2,295.72,3.92,D,0
12.04491,79.53799,340.99,0.52,0.42,2026-06-07,819,N20,VIIRS,n,2,298.71,4.13,D,0
12.07644,79.59714,330.74,0.53,0.42,2026-06-07,819,N20,VIIRS,n,2,299.37,2.72,D,0
12.08557,79.83558,347.97,0.54,0.42,2026-06-07,819,N20,VIIRS,n,2,295.3,21.47,D,0
12.08625,79.84057,353.64,0.54,0.42,2026-06-07,819,N20,VIIRS,n,2,296.64,21.47,D,0
12.08946,79.83504,339.01,0.54,0.42,2026-06-07,819,N20,VIIRS,n,2,297.12,11.01,D,0
12.09014,79.84003,349.07,0.54,0.42,2026-06-07,819,N20,VIIRS,n,2,298.42,11.01,D,0
12.09082,79.84501,347.94,0.54,0.42,2026-06-07,819,N20,VIIRS,n,2,296.46,12.71,D,0
12.37248,79.50712,330.85,0.52,0.42,2026-06-07,819,N20,VIIRS,n,2,299.82,2.21,D,0
12.37631,79.50658,341.55,0.52,0.42,2026-06-07,819,N20,VIIRS,n,2,301.11,6.63,D,0
12.44047,79.85932,338.49,0.55,0.43,2026-06-07,819,N20,VIIRS,n,2,302.15,4.5,D,0
12.4509,79.93552,340.56,0.56,0.43,2026-06-07,819,N20,VIIRS,n,2,298.52,10.45,D,0
12.55566,79.97023,335.67,0.56,0.43,2026-06-07,819,N20,VIIRS,n,2,293.77,2.81,D,0
12.61457,79.52579,344.41,0.53,0.42,2026-06-07,819,N20,VIIRS,n,2,298.26,32.61,D,0
12.64444,79.74281,333.14,0.54,0.42,2026-06-07,819,N20,VIIRS,n,2,296.16,3.1,D,0
12.75939,79.82207,335.2,0.55,0.43,2026-06-07,819,N20,VIIRS,n,2,296.96,2.63,D,0
12.85835,80.20952,330.3,0.39,0.44,2026-06-07,819,N20,VIIRS,n,2,298.17,3.23,D,0
12.86664,80.17921,351.21,0.39,0.44,2026-06-07,819,N20,VIIRS,n,2,299.56,12.96,D,0
12.95961,78.28237,340.2,0.46,0.39,2026-06-07,819,N20,VIIRS,n,2,294.28,16.07,D,0
13.02687,80.14241,333.25,0.39,0.44,2026-06-07,819,N20,VIIRS,n,2,300.85,1.72,D,0
13.04919,79.77814,336.91,0.55,0.43,2026-06-07,819,N20,VIIRS,n,2,295.99,9.33,D,0
13.12136,79.98444,331.63,0.57,0.43,2026-06-07,819,N20,VIIRS,n,2,300.55,1.82,D,0
13.19547,80.22024,332.67,0.39,0.44,2026-06-07,819,N20,VIIRS,n,2,298.97,1.57,D,0
13.20257,79.81738,335.76,0.56,0.43,2026-06-07,819,N20,VIIRS,n,2,299.81,3.45,D,0
13.20327,79.82253,330.27,0.56,0.43,2026-06-07,819,N20,VIIRS,n,2,297.95,3.45,D,0
13.3522,80.31022,335.18,0.4,0.44,2026-06-07,819,N20,VIIRS,n,2,299.33,3.33,D,0
13.37375,79.69441,339.02,0.55,0.43,2026-06-07,819,N20,VIIRS,n,2,296.34,2.88,D,0
13.77469,78.67278,331.48,0.49,0.4,2026-06-07,820,N20,VIIRS,n,2,294.24,2.26,D,0
13.93033,80.07193,335.69,0.39,0.44,2026-06-07,820,N20,VIIRS,n,2,293.98,3.68,D,0
14.14738,79.98886,334.12,0.39,0.44,2026-06-07,820,N20,VIIRS,n,2,294.01,2.87,D,0
14.88424,79.75943,333.49,0.39,0.44,2026-06-07,820,N20,VIIRS,n,2,292.45,6.58,D,0
15.58736,79.30431,345.31,0.56,0.43,2026-06-07,820,N20,VIIRS,n,2,295.1,4.68,D,0
15.6489,80.07204,335.08,0.42,0.45,2026-06-07,820,N20,VIIRS,n,2,297.6,4.35,D,0
15.75258,79.25576,332.72,0.56,0.43,2026-06-07,820,N20,VIIRS,n,2,296.57,2.5,D,0
15.78717,79.21381,338.3,0.56,0.43,2026-06-07,820,N20,VIIRS,n,2,299.39,7.33,D,0
15.7955,80.07946,343.84,0.42,0.45,2026-06-07,820,N20,VIIRS,n,2,299.5,4.78,D,0
15.80545,80.05829,335.65,0.42,0.45,2026-06-07,820,N20,VIIRS,n,2,298.21,2.95,D,0
15.84986,79.44545,335.87,0.38,0.43,2026-06-07,820,N20,VIIRS,n,2,298.72,2.95,D,0
15.85746,78.2327,330.84,0.49,0.4,2026-06-07,820,N20,VIIRS,n,2,292,0.81,D,0
15.86436,79.94044,334.9,0.41,0.45,2026-06-07,820,N20,VIIRS,n,2,299.24,4.86,D,0
15.88989,78.99347,331.23,0.54,0.42,2026-06-07,820,N20,VIIRS,n,2,297.45,2.34,D,0
16.08282,79.96589,331.06,0.41,0.45,2026-06-07,820,N20,VIIRS,n,2,295.27,3.08,D,0
16.09355,79.9842,338.46,0.42,0.45,2026-06-07,820,N20,VIIRS,n,2,295.2,2.81,D,0
16.11307,80.54499,336.22,0.45,0.47,2026-06-07,820,N20,VIIRS,n,2,295.82,4.86,D,0
16.20392,80.00542,333.94,0.42,0.45,2026-06-07,820,N20,VIIRS,n,2,297.51,1.62,D,0
16.23035,80.01384,330.39,0.42,0.45,2026-06-07,820,N20,VIIRS,n,2,297.23,1.19,D,0
16.2358,79.9575,331.8,0.42,0.45,2026-06-07,820,N20,VIIRS,n,2,298.25,3.18,D,0
16.26612,80.22783,334.94,0.43,0.46,2026-06-07,820,N20,VIIRS,n,2,297.86,3.49,D,0
16.30242,77.88387,335.79,0.48,0.4,2026-06-07,820,N20,VIIRS,n,2,287.01,3.33,D,0
16.3189,80.47243,330.4,0.45,0.47,2026-06-07,820,N20,VIIRS,n,2,290.5,3.21,D,0
16.41513,80.66319,330.49,0.46,0.47,2026-06-07,820,N20,VIIRS,n,2,293.86,4.07,D,0
16.41567,80.66752,330.23,0.46,0.47,2026-06-07,820,N20,VIIRS,n,2,292.67,4.07,D,0
16.44309,79.7334,345.4,0.4,0.45,2026-06-07,820,N20,VIIRS,n,2,294.57,4.9,D,0
16.445,79.87724,344.15,0.41,0.45,2026-06-07,820,N20,VIIRS,n,2,294.17,2.83,D,0
16.44549,79.88109,330.67,0.41,0.45,2026-06-07,820,N20,VIIRS,n,2,292.78,2.83,D,0
16.44964,79.88065,342.21,0.41,0.45,2026-06-07,820,N20,VIIRS,n,2,293.54,4.47,D,0
16.60671,81.5878,341.15,0.54,0.5,2026-06-07,820,N20,VIIRS,n,2,294.82,6.19,D,0
16.6554,81.6794,331.59,0.54,0.51,2026-06-07,820,N20,VIIRS,n,2,286.8,4.13,D,0
16.76107,76.47597,339.7,0.42,0.38,2026-06-07,820,N20,VIIRS,n,2,294.52,4.19,D,0
16.76638,81.5547,330.57,0.53,0.5,2026-06-07,820,N20,VIIRS,n,2,278.75,6.72,D,0
16.82532,80.64954,344.7,0.47,0.48,2026-06-07,820,N20,VIIRS,n,2,294.06,9.23,D,0
16.91576,80.15947,342.83,0.44,0.46,2026-06-07,820,N20,VIIRS,n,2,294.59,3.94,D,0
16.96028,80.47797,332.6,0.46,0.47,2026-06-07,820,N20,VIIRS,n,2,297.42,3.43,D,0
16.97025,79.51871,343.1,0.4,0.44,2026-06-07,820,N20,VIIRS,n,2,295.95,4.62,D,0
16.97045,79.51879,343.55,0.4,0.44,2026-06-07,820,N20,VIIRS,n,2,295.83,4.11,D,0
16.98724,80.3238,343.55,0.45,0.47,2026-06-07,820,N20,VIIRS,n,2,294.12,4.95,D,0
17.00105,79.66502,338.7,0.41,0.45,2026-06-07,820,N20,VIIRS,n,2,297.79,3.14,D,0
17.02146,80.35368,342.04,0.45,0.47,2026-06-07,820,N20,VIIRS,n,2,295.58,4.42,D,0
17.02687,79.37868,343.78,0.39,0.44,2026-06-07,820,N20,VIIRS,n,2,293.8,8.39,D,0
17.03051,79.76703,338.71,0.41,0.45,2026-06-07,820,N20,VIIRS,n,2,297.82,4.77,D,0
17.03066,79.93954,333.32,0.42,0.46,2026-06-07,820,N20,VIIRS,n,2,298.96,3.82,D,0
17.03115,79.94354,335.69,0.42,0.46,2026-06-07,820,N20,VIIRS,n,2,299.42,4.29,D,0
17.04564,79.82077,343.87,0.42,0.45,2026-06-07,820,N20,VIIRS,n,2,296.04,4.51,D,0
17.04683,79.79659,344.26,0.42,0.45,2026-06-07,820,N20,VIIRS,n,2,299.31,6.87,D,0
17.04761,80.1853,331.31,0.44,0.46,2026-06-07,820,N20,VIIRS,n,2,296.8,1.41,D,0
17.05358,79.55349,333.56,0.4,0.44,2026-06-07,820,N20,VIIRS,n,2,295.58,2.05,D,0
17.08051,79.79612,344.58,0.42,0.45,2026-06-07,820,N20,VIIRS,n,2,294.42,6.65,D,0
17.08101,79.80003,335.5,0.42,0.45,2026-06-07,820,N20,VIIRS,n,2,292.92,4.17,D,0
17.09827,80.72373,339.12,0.48,0.48,2026-06-07,820,N20,VIIRS,n,2,296.2,4.45,D,0
17.10868,79.76841,346.17,0.42,0.45,2026-06-07,820,N20,VIIRS,n,2,292.42,6,D,0
17.11065,79.76823,345.06,0.42,0.45,2026-06-07,820,N20,VIIRS,n,2,292.39,5.15,D,0
17.11567,80.31643,332.07,0.45,0.47,2026-06-07,820,N20,VIIRS,n,2,296.93,1.21,D,0
17.15669,79.5508,332.47,0.4,0.44,2026-06-07,820,N20,VIIRS,n,2,287.23,1.47,D,0
17.16159,81.31599,343.04,0.52,0.5,2026-06-07,820,N20,VIIRS,n,2,286.88,8.52,D,0
17.17726,79.81104,338.09,0.42,0.45,2026-06-07,820,N20,VIIRS,n,2,291.13,2.08,D,0
17.19541,79.82069,337.84,0.42,0.45,2026-06-07,820,N20,VIIRS,n,2,293.04,3.53,D,0
17.22985,79.60672,341.66,0.41,0.45,2026-06-07,820,N20,VIIRS,n,2,295.78,3.83,D,0
17.23232,79.55994,344.12,0.4,0.45,2026-06-07,820,N20,VIIRS,n,2,294.24,4.02,D,0
17.25507,81.59846,333.93,0.55,0.51,2026-06-07,820,N20,VIIRS,n,2,291.87,3.66,D,0
17.26026,79.58316,349.1,0.41,0.45,2026-06-07,820,N20,VIIRS,n,2,298.08,6.99,D,0
17.31582,79.68964,333.69,0.41,0.45,2026-06-07,820,N20,VIIRS,n,2,291.63,4.89,D,0
17.35615,80.38206,340.13,0.46,0.47,2026-06-07,820,N20,VIIRS,n,2,295.84,4.34,D,0
17.35633,80.00366,336.62,0.43,0.46,2026-06-07,820,N20,VIIRS,n,2,296.91,2.89,D,0
17.38388,80.71861,336.95,0.48,0.48,2026-06-07,820,N20,VIIRS,n,2,297.15,4.72,D,0
17.3564,80.00281,335.36,0.43,0.46,2026-06-07,821,N20,VIIRS,n,2,296.79,1.71,D,0
17.36336,79.98949,344.46,0.43,0.46,2026-06-07,821,N20,VIIRS,n,2,298.03,5.12,D,0
17.37329,79.69253,337.24,0.41,0.45,2026-06-07,821,N20,VIIRS,n,2,295.41,2.08,D,0
17.3845,75.70395,339.61,0.4,0.37,2026-06-07,821,N20,VIIRS,n,2,300.26,6.59,D,0
17.42144,79.41789,344.57,0.4,0.44,2026-06-07,821,N20,VIIRS,n,2,298.79,6.62,D,0
17.42611,79.97699,338.37,0.43,0.46,2026-06-07,821,N20,VIIRS,n,2,299.45,11.45,D,0
17.42993,79.93938,342.16,0.43,0.46,2026-06-07,821,N20,VIIRS,n,2,298.46,4.53,D,0
17.43084,79.9805,334.72,0.43,0.46,2026-06-07,821,N20,VIIRS,n,2,298.06,2.37,D,0
17.45277,79.43654,338.07,0.4,0.44,2026-06-07,821,N20,VIIRS,n,2,298.83,3.35,D,0
17.45614,79.7298,335.79,0.42,0.45,2026-06-07,821,N20,VIIRS,n,2,298.62,3.36,D,0
17.46029,79.72923,342.88,0.42,0.45,2026-06-07,821,N20,VIIRS,n,2,299.42,3.36,D,0
17.46501,80.04736,336.1,0.44,0.46,2026-06-07,821,N20,VIIRS,n,2,300.07,1.93,D,0
17.48067,79.8596,339.68,0.43,0.46,2026-06-07,821,N20,VIIRS,n,2,299.32,5.18,D,0
17.48643,79.60273,336.68,0.41,0.45,2026-06-07,821,N20,VIIRS,n,2,291.9,5.09,D,0
17.48872,80.85015,334.11,0.49,0.49,2026-06-07,821,N20,VIIRS,n,2,297.56,3.08,D,0
17.51857,79.92417,333.24,0.43,0.46,2026-06-07,821,N20,VIIRS,n,2,294.57,2.75,D,0
17.52749,79.9271,331.93,0.43,0.46,2026-06-07,821,N20,VIIRS,n,2,294.91,2.28,D,0
17.56079,80.299,334.08,0.45,0.47,2026-06-07,821,N20,VIIRS,n,2,295.53,3.11,D,0
17.6846,81.0536,330.19,0.51,0.49,2026-06-07,821,N20,VIIRS,n,2,295.2,1.36,D,0
17.69828,79.88056,334.28,0.43,0.46,2026-06-07,821,N20,VIIRS,n,2,290.38,3.84,D,0
17.72378,75.21857,338.56,0.39,0.37,2026-06-07,821,N20,VIIRS,n,2,302.04,4.48,D,0
17.74379,79.93663,330.68,0.43,0.46,2026-06-07,821,N20,VIIRS,n,2,292.44,3.05,D,0
17.7874,80.6168,337.85,0.48,0.48,2026-06-07,821,N20,VIIRS,n,2,299.52,5.24,D,0
17.79235,80.62068,335.62,0.48,0.48,2026-06-07,821,N20,VIIRS,n,2,300.07,5.24,D,0
17.84367,79.80813,339.44,0.43,0.46,2026-06-07,821,N20,VIIRS,n,2,296.53,6.75,D,0
17.84418,79.81213,335.49,0.43,0.46,2026-06-07,821,N20,VIIRS,n,2,294.96,3.83,D,0
17.84749,79.90662,333.55,0.43,0.46,2026-06-07,821,N20,VIIRS,n,2,297.22,2.19,D,0
17.85633,80.81416,343.96,0.49,0.49,2026-06-07,821,N20,VIIRS,n,2,299.22,7.66,D,0
17.86317,73.68357,334.4,0.38,0.36,2026-06-07,821,N20,VIIRS,n,2,303.41,5.19,D,0
17.86375,79.93355,338.89,0.43,0.46,2026-06-07,821,N20,VIIRS,n,2,299.22,3.53,D,0
17.87057,79.95351,332.6,0.44,0.46,2026-06-07,821,N20,VIIRS,n,2,297.06,2.65,D,0
17.8907,79.94231,339.54,0.44,0.46,2026-06-07,821,N20,VIIRS,n,2,298.37,5.7,D,0
17.89523,79.83793,335.43,0.43,0.46,2026-06-07,821,N20,VIIRS,n,2,299.34,4.31,D,0
17.90839,79.91084,337.94,0.43,0.46,2026-06-07,821,N20,VIIRS,n,2,300.24,4.52,D,0
17.90863,79.94826,347.87,0.44,0.46,2026-06-07,821,N20,VIIRS,n,2,298.5,6.76,D,0
17.91756,79.88053,354.38,0.43,0.46,2026-06-07,821,N20,VIIRS,n,2,299.88,10.03,D,0
17.92178,79.87997,336.18,0.43,0.46,2026-06-07,821,N20,VIIRS,n,2,299.46,4.35,D,0
17.9266,79.9543,335.25,0.44,0.46,2026-06-07,821,N20,VIIRS,n,2,297.42,1.76,D,0
17.92961,79.97899,334.41,0.44,0.46,2026-06-07,821,N20,VIIRS,n,2,295.04,3.27,D,0
17.94559,80.36665,342.33,0.46,0.47,2026-06-07,821,N20,VIIRS,n,2,291.76,3.24,D,0
17.9573,79.95865,339.18,0.44,0.46,2026-06-07,821,N20,VIIRS,n,2,299.33,4.08,D,0
17.96879,79.84471,341.15,0.43,0.46,2026-06-07,821,N20,VIIRS,n,2,300.79,2.34,D,0
18.02454,79.91232,340.03,0.44,0.46,2026-06-07,821,N20,VIIRS,n,2,297.99,4.07,D,0
18.03774,79.91474,332.28,0.44,0.46,2026-06-07,821,N20,VIIRS,n,2,295.4,1.85,D,0
18.04704,79.95536,343.11,0.44,0.46,2026-06-07,821,N20,VIIRS,n,2,299.28,7.06,D,0
18.05078,79.95067,340.61,0.44,0.46,2026-06-07,821,N20,VIIRS,n,2,298.52,7.06,D,0
18.05129,79.9548,355.94,0.44,0.46,2026-06-07,821,N20,VIIRS,n,2,300.21,7.06,D,0
18.06785,79.45744,333.73,0.41,0.45,2026-06-07,821,N20,VIIRS,n,2,284.61,2.38,D,0
18.0684,79.91894,343.86,0.44,0.46,2026-06-07,821,N20,VIIRS,n,2,298.53,3.76,D,0
18.10008,79.54829,343.4,0.41,0.45,2026-06-07,821,N20,VIIRS,n,2,297.84,2.99,D,0
18.12635,79.72597,336.58,0.43,0.46,2026-06-07,821,N20,VIIRS,n,2,297.54,3.42,D,0
18.14862,79.5659,336.64,0.42,0.45,2026-06-07,821,N20,VIIRS,n,2,296.72,3.64,D,0
18.16702,75.07112,333.82,0.39,0.36,2026-06-07,821,N20,VIIRS,n,2,301.99,2.73,D,0
18.17545,79.91449,336.94,0.44,0.46,2026-06-07,821,N20,VIIRS,n,2,301.03,3.31,D,0
18.17556,79.88084,332.44,0.44,0.46,2026-06-07,821,N20,VIIRS,n,2,298.96,2.41,D,0
18.17582,79.81441,346.06,0.43,0.46,2026-06-07,821,N20,VIIRS,n,2,302.72,10.02,D,0
18.17596,79.91862,332.91,0.44,0.46,2026-06-07,821,N20,VIIRS,n,2,299.15,2.14,D,0
18.20386,80.47246,333.94,0.48,0.48,2026-06-07,821,N20,VIIRS,n,2,295.71,4.45,D,0
18.22478,79.93398,330.95,0.44,0.46,2026-06-07,821,N20,VIIRS,n,2,298.03,2.35,D,0
18.22617,74.01273,342.94,0.38,0.36,2026-06-07,821,N20,VIIRS,n,2,308.52,4.2,D,0
18.22946,74.01218,340.35,0.38,0.36,2026-06-07,821,N20,VIIRS,n,2,308.29,4.2,D,0
18.28209,73.95493,338.79,0.38,0.36,2026-06-07,821,N20,VIIRS,n,2,303.7,5.09,D,0
18.31016,79.96645,347.37,0.44,0.46,2026-06-07,821,N20,VIIRS,n,2,301.46,8.78,D,0
18.31082,79.96528,336.53,0.44,0.46,2026-06-07,821,N20,VIIRS,n,2,300.54,5.35,D,0
18.31135,79.96945,343.87,0.44,0.46,2026-06-07,821,N20,VIIRS,n,2,299.72,6.59,D,0
18.3162,79.93916,333.8,0.44,0.46,2026-06-07,821,N20,VIIRS,n,2,299.44,2.53,D,0
18.31963,79.65297,342.14,0.42,0.45,2026-06-07,821,N20,VIIRS,n,2,304.4,8.3,D,0
18.32207,79.6039,339.74,0.42,0.45,2026-06-07,821,N20,VIIRS,n,2,303.58,7.02,D,0
18.32779,79.75448,335.58,0.43,0.46,2026-06-07,821,N20,VIIRS,n,2,301.69,2.94,D,0
18.34609,80.21264,338.87,0.46,0.47,2026-06-07,821,N20,VIIRS,n,2,300.21,6.85,D,0
18.34796,80.21382,337.91,0.46,0.47,2026-06-07,821,N20,VIIRS,n,2,299.51,6.95,D,0
18.34826,80.19468,335.84,0.46,0.47,2026-06-07,821,N20,VIIRS,n,2,298.65,4.08,D,0
18.35025,80.19582,333.99,0.46,0.47,2026-06-07,821,N20,VIIRS,n,2,298.17,4.05,D,0
18.35128,80.20452,331.91,0.46,0.47,2026-06-07,821,N20,VIIRS,n,2,299.76,7,D,0
18.35488,79.69717,334.66,0.43,0.46,2026-06-07,821,N20,VIIRS,n,2,300.98,7.57,D,0
18.35907,79.69662,347.59,0.43,0.46,2026-06-07,821,N20,VIIRS,n,2,301.67,7.57,D,0
18.40339,74.46861,342.74,0.39,0.36,2026-06-07,821,N20,VIIRS,n,2,309.03,7.95,D,0
18.41913,80.14711,337.04,0.46,0.47,2026-06-07,821,N20,VIIRS,n,2,302.42,5.24,D,0
18.42906,82.90561,333.57,0.35,0.56,2026-06-07,821,N20,VIIRS,n,2,291.7,2.47,D,0
18.43038,82.90478,340,0.35,0.56,2026-06-07,821,N20,VIIRS,n,2,292.57,2.93,D,0
18.43175,79.45198,340.4,0.41,0.45,2026-06-07,821,N20,VIIRS,n,2,300.6,6.55,D,0
18.43579,80.04852,348.84,0.45,0.47,2026-06-07,821,N20,VIIRS,n,2,301.41,9.96,D,0
18.43759,80.04885,351.71,0.45,0.47,2026-06-07,821,N20,VIIRS,n,2,301.76,9.99,D,0
18.45118,79.99458,348.77,0.45,0.47,2026-06-07,821,N20,VIIRS,n,2,300.68,10.11,D,0
18.47634,79.67261,335.13,0.43,0.46,2026-06-07,821,N20,VIIRS,n,2,301.77,3.79,D,0
18.48308,80.04253,348.86,0.45,0.47,2026-06-07,821,N20,VIIRS,n,2,302.19,10.91,D,0
18.492,74.60724,347.31,0.39,0.36,2026-06-07,821,N20,VIIRS,n,2,310.64,8.01,D,0
18.49389,80.02374,342,0.45,0.47,2026-06-07,821,N20,VIIRS,n,2,303.11,5.75,D,0
18.49767,80.01897,334.55,0.45,0.47,2026-06-07,821,N20,VIIRS,n,2,303.22,4.79,D,0
18.49955,79.20063,345.56,0.4,0.44,2026-06-07,821,N20,VIIRS,n,2,304.38,9.2,D,0
18.50315,79.19629,340.54,0.4,0.44,2026-06-07,821,N20,VIIRS,n,2,304.82,11.41,D,0
18.50424,74.57533,337.44,0.39,0.36,2026-06-07,821,N20,VIIRS,n,2,306.93,4.47,D,0
18.51414,74.11939,339.69,0.38,0.36,2026-06-07,821,N20,VIIRS,n,2,308.78,5.47,D,0
18.51631,79.20222,352,0.4,0.44,2026-06-07,821,N20,VIIRS,n,2,305.05,12.56,D,0
18.52351,74.59088,333.84,0.39,0.36,2026-06-07,821,N20,VIIRS,l,2,306.33,4.61,D,0
18.53024,79.2466,337.14,0.4,0.44,2026-06-07,821,N20,VIIRS,n,2,300.27,17.92,D,0
18.53432,79.24607,348.21,0.4,0.44,2026-06-07,821,N20,VIIRS,n,2,301.37,17.92,D,0
18.57165,79.38616,333.83,0.41,0.45,2026-06-07,821,N20,VIIRS,n,2,300.94,2.61,D,0
18.5747,79.59847,336.41,0.42,0.45,2026-06-07,821,N20,VIIRS,n,2,303.61,4.19,D,0
18.57553,77.88049,335.11,0.51,0.41,2026-06-07,821,N20,VIIRS,n,2,302.21,2.68,D,0
18.59454,79.58741,333.12,0.42,0.45,2026-06-07,821,N20,VIIRS,n,2,301.46,2.06,D,0
18.59584,79.58729,333.31,0.42,0.45,2026-06-07,821,N20,VIIRS,n,2,301.7,4.82,D,0
18.60763,79.2711,336.71,0.4,0.45,2026-06-07,821,N20,VIIRS,n,2,304.56,9.62,D,0
18.60784,79.3063,337.4,0.41,0.45,2026-06-07,821,N20,VIIRS,n,2,301.8,7.8,D,0
18.62163,75.18822,342.11,0.4,0.37,2026-06-07,821,N20,VIIRS,n,2,310.25,7.17,D,0
18.64261,79.55334,337.73,0.42,0.45,2026-06-07,821,N20,VIIRS,n,2,302.49,2.79,D,0
18.6607,79.39411,345.95,0.41,0.45,2026-06-07,821,N20,VIIRS,n,2,302.92,6.71,D,0
18.66643,79.31465,352.22,0.41,0.45,2026-06-07,821,N20,VIIRS,n,2,305.06,13.43,D,0
18.66727,79.3141,345.65,0.41,0.45,2026-06-07,821,N20,VIIRS,n,2,305.51,13.98,D,0
18.67572,79.02008,347.18,0.39,0.44,2026-06-07,821,N20,VIIRS,n,2,302.82,4.32,D,0
18.67731,79.80131,349.98,0.44,0.46,2026-06-07,821,N20,VIIRS,n,2,305,9.62,D,0
18.67932,79.50814,337.27,0.42,0.45,2026-06-07,821,N20,VIIRS,n,2,305.29,4,D,0
18.68138,79.8346,343.58,0.44,0.46,2026-06-07,821,N20,VIIRS,n,2,305.63,10.28,D,0
18.68438,73.03846,332.71,0.39,0.36,2026-06-07,821,N20,VIIRS,l,2,303.64,4.81,D,2
18.68655,73.03058,336.09,0.39,0.36,2026-06-07,821,N20,VIIRS,l,2,305.51,4.11,D,2
18.6899,79.59211,338.88,0.42,0.46,2026-06-07,821,N20,VIIRS,n,2,303.07,5.26,D,0
18.68999,79.371,342.28,0.41,0.45,2026-06-07,821,N20,VIIRS,n,2,304.37,7.79,D,0
18.70649,80.48504,335.92,0.48,0.48,2026-06-07,821,N20,VIIRS,n,2,299.33,4.27,D,0
18.71214,79.48418,341.6,0.42,0.45,2026-06-07,821,N20,VIIRS,n,2,305.18,7.77,D,0
18.71475,79.54064,339.37,0.42,0.45,2026-06-07,821,N20,VIIRS,n,2,306.61,9.27,D,2
18.72623,79.60054,337.98,0.43,0.46,2026-06-07,821,N20,VIIRS,n,2,307.26,7.29,D,0
18.73579,79.23505,344.45,0.4,0.45,2026-06-07,821,N20,VIIRS,n,2,303.32,6.66,D,0
18.76583,79.04489,344.72,0.39,0.44,2026-06-07,821,N20,VIIRS,n,2,304.03,6.24,D,0
18.76941,79.04058,343.86,0.39,0.44,2026-06-07,821,N20,VIIRS,n,2,305.43,12.31,D,0
18.76988,79.04433,348.29,0.39,0.44,2026-06-07,821,N20,VIIRS,n,2,307.49,12.31,D,0
18.77606,78.67514,337.65,0.56,0.43,2026-06-07,821,N20,VIIRS,n,2,303.64,10.39,D,0
18.79061,78.2281,346.48,0.53,0.42,2026-06-07,821,N20,VIIRS,n,2,305.26,7.34,D,0
18.79534,79.2851,340.49,0.41,0.45,2026-06-07,821,N20,VIIRS,n,2,302.16,8.66,D,0
18.81116,79.98187,340.09,0.45,0.47,2026-06-07,821,N20,VIIRS,n,2,304.82,6.78,D,0
18.81167,79.98612,353.03,0.45,0.47,2026-06-07,821,N20,VIIRS,n,2,306.52,8.67,D,0
18.81219,79.99039,341.58,0.45,0.47,2026-06-07,821,N20,VIIRS,n,2,305.52,8.67,D,0
18.81273,79.7132,347.34,0.43,0.46,2026-06-07,821,N20,VIIRS,n,2,307.52,7.25,D,0
18.81324,79.71732,343.96,0.43,0.46,2026-06-07,821,N20,VIIRS,n,2,305.57,7.25,D,0
18.81545,79.98129,345.41,0.45,0.47,2026-06-07,821,N20,VIIRS,n,2,307.09,6.78,D,0
18.81944,80.0503,338.75,0.45,0.47,2026-06-07,821,N20,VIIRS,n,2,303.14,3.6,D,0
18.86706,78.60642,337.73,0.56,0.43,2026-06-07,821,N20,VIIRS,n,2,303.93,6.55,D,0
18.89424,78.85056,344.45,0.39,0.44,2026-06-07,821,N20,VIIRS,n,2,305.31,3.79,D,0
18.89495,78.3244,334.99,0.54,0.42,2026-06-07,821,N20,VIIRS,n,2,303.62,3.23,D,0
18.90067,79.13082,339.77,0.4,0.44,2026-06-07,821,N20,VIIRS,n,2,305.08,11.25,D,0
18.90475,79.13028,341.07,0.4,0.44,2026-06-07,821,N20,VIIRS,n,2,303.59,9.57,D,0
18.92414,78.92496,339.07,0.39,0.44,2026-06-07,821,N20,VIIRS,n,2,304.54,4.92,D,0
18.93064,79.83224,339.88,0.44,0.46,2026-06-07,821,N20,VIIRS,n,2,306.4,8.51,D,0
18.93357,79.92657,343.74,0.45,0.47,2026-06-07,821,N20,VIIRS,n,2,306.43,6.88,D,0
18.9341,79.93084,344.37,0.45,0.47,2026-06-07,821,N20,VIIRS,n,2,308.88,6.88,D,0
18.96058,76.21644,337.16,0.43,0.38,2026-06-07,821,N20,VIIRS,n,2,306.5,5.47,D,0
18.96236,76.20374,332.45,0.43,0.38,2026-06-07,821,N20,VIIRS,l,2,303.01,3.36,D,0
18.97129,78.45588,346.77,0.55,0.43,2026-06-07,821,N20,VIIRS,n,2,305.18,27.25,D,0
18.97615,79.78465,348,0.44,0.46,2026-06-07,821,N20,VIIRS,n,2,306.37,8.47,D,0
18.97717,79.86577,342.04,0.45,0.47,2026-06-07,821,N20,VIIRS,n,2,307.59,6.56,D,0
18.97768,79.87,351.87,0.45,0.47,2026-06-07,821,N20,VIIRS,n,2,307.9,10.5,D,0
18.98318,78.10929,335.26,0.53,0.42,2026-06-07,821,N20,VIIRS,n,2,298.93,3.25,D,0
18.99101,79.12603,332.52,0.4,0.44,2026-06-07,821,N20,VIIRS,n,2,293.75,1.44,D,0
19.01547,79.1227,367,0.4,0.44,2026-06-07,821,N20,VIIRS,h,2,294.93,5.67,D,0
19.01594,79.1265,337.07,0.4,0.44,2026-06-07,821,N20,VIIRS,n,2,292.23,5.67,D,0
19.01901,78.45226,339.72,0.55,0.43,2026-06-07,821,N20,VIIRS,n,2,303.87,12.1,D,0
19.01903,78.14495,338.32,0.53,0.42,2026-06-07,821,N20,VIIRS,n,2,304.09,7.6,D,0
19.02697,73.03428,334.21,0.39,0.36,2026-06-07,821,N20,VIIRS,l,2,301.87,3.42,D,0
19.04089,79.12701,342.62,0.4,0.44,2026-06-07,821,N20,VIIRS,n,2,293.11,7.44,D,0
19.04108,78.9017,336.75,0.39,0.44,2026-06-07,821,N20,VIIRS,n,2,299.33,2.53,D,0
19.04244,78.90157,333.26,0.39,0.44,2026-06-07,821,N20,VIIRS,n,2,298.48,2.38,D,0
19.04462,78.89745,337.24,0.39,0.44,2026-06-07,821,N20,VIIRS,n,2,299.41,2.53,D,0
19.0451,78.90114,338.3,0.39,0.44,2026-06-07,821,N20,VIIRS,n,2,298.01,2.53,D,0
19.04601,78.89732,336.66,0.39,0.44,2026-06-07,821,N20,VIIRS,n,2,298.98,2.38,D,0
19.04646,78.90101,336.49,0.39,0.44,2026-06-07,821,N20,VIIRS,n,2,297.2,2.38,D,0
19.05224,78.88139,339.71,0.39,0.44,2026-06-07,821,N20,VIIRS,n,2,297.23,1.66,D,0
19.06029,78.88035,334.76,0.39,0.44,2026-06-07,821,N20,VIIRS,n,2,295.84,4.69,D,0
19.07648,78.1801,337.42,0.53,0.42,2026-06-07,821,N20,VIIRS,n,2,302.77,9.65,D,0
19.09947,78.70665,335.64,0.57,0.43,2026-06-07,821,N20,VIIRS,n,2,301.97,5.29,D,0
19.17348,79.98788,335.2,0.46,0.47,2026-06-07,821,N20,VIIRS,l,2,305.26,2.97,D,0
19.20899,79.68368,352.51,0.44,0.46,2026-06-07,821,N20,VIIRS,n,2,309.13,16.52,D,0
19.21932,76.78981,339.02,0.46,0.39,2026-06-07,821,N20,VIIRS,n,2,306.77,3.76,D,0
19.2229,76.78928,338.71,0.46,0.39,2026-06-07,821,N20,VIIRS,n,2,306.55,3.76,D,0
19.25072,80.02845,341.44,0.46,0.47,2026-06-07,821,N20,VIIRS,n,2,307.43,5.38,D,0
19.25921,78.18204,336.09,0.53,0.42,2026-06-07,821,N20,VIIRS,n,2,302.62,5.91,D,0
19.26997,79.87746,336.12,0.45,0.47,2026-06-07,821,N20,VIIRS,l,2,306.86,3.21,D,0
19.27169,79.87667,335.48,0.45,0.47,2026-06-07,821,N20,VIIRS,l,2,307.3,3.39,D,0
19.30934,74.72088,343.33,0.39,0.36,2026-06-07,821,N20,VIIRS,n,2,311.71,6.97,D,0
19.30962,74.81602,341.2,0.39,0.36,2026-06-07,821,N20,VIIRS,l,2,311.77,6.41,D,0
19.38571,79.83675,342.91,0.45,0.47,2026-06-07,821,N20,VIIRS,n,2,311.01,12.05,D,0
19.4551,80.6562,342.07,0.51,0.49,2026-06-07,821,N20,VIIRS,n,2,301.41,5.13,D,0
19.45785,72.78976,333.61,0.39,0.36,2026-06-07,821,N20,VIIRS,l,2,305.82,5.87,D,0
19.52774,71.29902,340.68,0.42,0.38,2026-06-07,821,N20,VIIRS,n,2,297.04,8.17,D,3
19.56021,73.29681,339.13,0.38,0.36,2026-06-07,821,N20,VIIRS,n,2,307.29,6.21,D,0
19.59241,73.45848,341.12,0.38,0.36,2026-06-07,821,N20,VIIRS,n,2,306.9,7.64,D,0
19.65166,75.63821,339.54,0.42,0.37,2026-06-07,821,N20,VIIRS,n,2,306.63,7.47,D,0
19.6847,75.64905,345.76,0.42,0.37,2026-06-07,821,N20,VIIRS,n,2,306.59,5.61,D,0
19.6887,75.6525,341.91,0.42,0.37,2026-06-07,821,N20,VIIRS,n,2,307.69,6.01,D,0
19.73518,74.57146,337.23,0.39,0.36,2026-06-07,821,N20,VIIRS,l,2,308.66,4.81,D,0
19.77889,75.99969,346.37,0.43,0.38,2026-06-07,821,N20,VIIRS,n,2,312.08,16.55,D,0
19.79075,79.55555,352.26,0.44,0.46,2026-06-07,821,N20,VIIRS,n,2,314.79,47.76,D,0
19.87881,76.043,343.3,0.43,0.38,2026-06-07,821,N20,VIIRS,n,2,309.55,14.5,D,0
19.91521,75.67454,337.41,0.42,0.38,2026-06-07,821,N20,VIIRS,n,2,305.2,3.77,D,0
19.98025,77.86155,335.78,0.52,0.42,2026-06-07,821,N20,VIIRS,n,2,297.22,4.6,D,0
19.98077,74.60703,334.84,0.39,0.36,2026-06-07,821,N20,VIIRS,l,2,306.28,3.11,D,0
19.99358,76.38245,340.94,0.45,0.39,2026-06-07,821,N20,VIIRS,n,2,307.42,11.68,D,0
20.01171,79.8518,346.26,0.46,0.47,2026-06-07,821,N20,VIIRS,n,2,309.82,9.87,D,0
20.01893,80.57085,349.85,0.51,0.49,2026-06-07,821,N20,VIIRS,n,2,306.02,17.13,D,0
20.05905,74.12344,333.33,0.39,0.36,2026-06-07,821,N20,VIIRS,l,2,304.33,1.44,D,0
20.06351,79.5713,333.72,0.44,0.46,2026-06-07,821,N20,VIIRS,l,2,304.38,4.55,D,0
20.25635,81.58822,342.27,0.6,0.53,2026-06-07,821,N20,VIIRS,n,2,302.45,8.19,D,0
20.30263,81.55991,337.46,0.59,0.53,2026-06-07,821,N20,VIIRS,n,2,301.51,3.37,D,0
20.34918,81.3242,337.57,0.58,0.52,2026-06-07,821,N20,VIIRS,n,2,305.03,5.26,D,0
20.4454,80.35069,337.12,0.5,0.49,2026-06-07,821,N20,VIIRS,n,2,302.07,6.91,D,0
20.45852,82.66489,337.53,0.35,0.57,2026-06-07,821,N20,VIIRS,n,2,303.51,3.58,D,0
20.47034,81.41028,338.18,0.58,0.52,2026-06-07,821,N20,VIIRS,n,2,306.29,4.51,D,0
20.4982,76.57108,348.83,0.46,0.39,2026-06-07,821,N20,VIIRS,n,2,313.09,23.28,D,0
20.53096,80.0043,335.41,0.48,0.48,2026-06-07,821,N20,VIIRS,n,2,305.4,3.79,D,0
20.53149,80.00888,342.98,0.48,0.48,2026-06-07,821,N20,VIIRS,n,2,304.74,3.79,D,0
20.58718,79.21369,355.26,0.43,0.46,2026-06-07,821,N20,VIIRS,n,2,298.76,5.58,D,0
20.58843,79.21445,345.51,0.43,0.46,2026-06-07,821,N20,VIIRS,n,2,294.07,4.46,D,0
20.59186,79.21719,336.72,0.43,0.46,2026-06-07,821,N20,VIIRS,n,2,300.65,8.16,D,0
20.61743,76.96525,344.08,0.48,0.4,2026-06-07,821,N20,VIIRS,n,2,309.83,11.2,D,0
20.62098,82.06371,334.47,0.32,0.55,2026-06-07,821,N20,VIIRS,n,2,300.51,2.09,D,0
20.65936,82.08807,351.93,0.33,0.55,2026-06-07,821,N20,VIIRS,n,2,296.21,4.42,D,0
20.72109,81.75806,335.75,0.62,0.54,2026-06-07,821,N20,VIIRS,n,2,302.5,8.35,D,0
20.72669,82.47025,337.18,0.35,0.56,2026-06-07,821,N20,VIIRS,n,2,305.16,3.62,D,0
20.73151,81.71465,343.42,0.62,0.54,2026-06-07,821,N20,VIIRS,n,2,304.13,15.66,D,0
20.74527,81.74933,355.96,0.62,0.54,2026-06-07,821,N20,VIIRS,n,2,304.84,30.33,D,0
20.74571,81.70703,343.61,0.62,0.54,2026-06-07,821,N20,VIIRS,n,2,305.6,18.09,D,0
20.74636,81.71297,341.75,0.62,0.54,2026-06-07,821,N20,VIIRS,n,2,305.24,18.9,D,0
20.74686,81.70477,343.5,0.62,0.54,2026-06-07,821,N20,VIIRS,n,2,305.41,18.9,D,0
20.74747,81.71072,351.27,0.62,0.54,2026-06-07,821,N20,VIIRS,n,2,307.24,18.9,D,0
20.74958,81.74277,344.87,0.62,0.54,2026-06-07,821,N20,VIIRS,n,2,301.89,13.76,D,0
20.75022,81.74876,340.43,0.62,0.54,2026-06-07,821,N20,VIIRS,n,2,300.66,30.33,D,0
20.75047,81.74055,339.34,0.62,0.54,2026-06-07,821,N20,VIIRS,n,2,302.48,13.41,D,0
20.75066,81.70646,343.39,0.62,0.54,2026-06-07,821,N20,VIIRS,n,2,304.17,15.32,D,0
20.7513,81.71239,341.96,0.62,0.54,2026-06-07,821,N20,VIIRS,n,2,305.32,16.64,D,0
20.75362,81.72207,334.87,0.62,0.54,2026-06-07,821,N20,VIIRS,n,2,303.7,13.83,D,0
20.75885,81.73567,335.55,0.62,0.54,2026-06-07,821,N20,VIIRS,n,2,301.03,10.29,D,0
20.78704,81.75456,344.63,0.62,0.54,2026-06-07,821,N20,VIIRS,n,2,305.77,21.81,D,0
20.79088,79.85578,334.88,0.47,0.48,2026-06-07,821,N20,VIIRS,n,2,304.03,4.81,D,0
20.79139,81.74802,338.27,0.62,0.54,2026-06-07,821,N20,VIIRS,n,2,302.42,6.45,D,0
20.79387,81.77202,337.85,0.62,0.54,2026-06-07,821,N20,VIIRS,n,2,305.87,10.3,D,0
20.81464,82.23061,354.42,0.33,0.56,2026-06-07,821,N20,VIIRS,n,2,305.88,5.84,D,0
20.81696,82.22884,342.17,0.33,0.56,2026-06-07,821,N20,VIIRS,n,2,304.31,3.54,D,0
20.81729,82.23203,339.37,0.33,0.56,2026-06-07,821,N20,VIIRS,n,2,305.82,3.54,D,0
20.82065,83.87473,333.63,0.43,0.62,2026-06-07,821,N20,VIIRS,n,2,295.1,2.43,D,0
20.84189,82.465,349.44,0.35,0.56,2026-06-07,821,N20,VIIRS,n,2,305.56,2.51,D,0
20.84273,82.46341,333.46,0.35,0.56,2026-06-07,821,N20,VIIRS,n,2,303.19,1.52,D,0
20.84492,82.69906,333.29,0.36,0.57,2026-06-07,821,N20,VIIRS,n,2,305.27,3.15,D,0
20.84528,82.70255,367,0.36,0.57,2026-06-07,821,N20,VIIRS,h,2,304.06,3.15,D,0
20.84781,82.47115,338.95,0.35,0.56,2026-06-07,821,N20,VIIRS,n,2,305.54,2.95,D,0
20.84816,82.47449,348.85,0.35,0.56,2026-06-07,821,N20,VIIRS,n,2,304.64,2.95,D,0
20.84893,82.4729,367,0.35,0.56,2026-06-07,821,N20,VIIRS,h,2,305.67,5.74,D,0
20.88349,84.98492,340.83,0.51,0.66,2026-06-07,821,N20,VIIRS,n,2,290.98,7.62,D,2
20.88426,84.98616,331.68,0.51,0.66,2026-06-07,821,N20,VIIRS,n,2,290.89,8.92,D,0
20.89465,82.2022,347.07,0.33,0.56,2026-06-07,821,N20,VIIRS,n,2,298.1,4.78,D,0
20.96832,85.17669,331.29,0.52,0.67,2026-06-07,821,N20,VIIRS,n,2,285.59,11.81,D,2
20.9688,85.17601,334.83,0.52,0.67,2026-06-07,821,N20,VIIRS,n,2,286.18,11.88,D,2
20.98586,83.80724,367,0.43,0.62,2026-06-07,821,N20,VIIRS,h,2,299.05,9.14,D,0
20.98623,83.81136,349.5,0.43,0.62,2026-06-07,821,N20,VIIRS,n,2,297.6,9.14,D,0
21.09612,82.29303,335.02,0.34,0.56,2026-06-07,821,N20,VIIRS,n,2,302.37,2.58,D,0
21.09646,82.29634,334.45,0.34,0.56,2026-06-07,821,N20,VIIRS,n,2,301.82,2.58,D,0
21.09799,81.42834,337.69,0.6,0.53,2026-06-07,821,N20,VIIRS,n,2,306.99,11.57,D,0
21.0986,81.4341,344.91,0.6,0.53,2026-06-07,821,N20,VIIRS,n,2,306.52,11.57,D,0
21.10163,82.29582,335.16,0.34,0.56,2026-06-07,821,N20,VIIRS,n,2,303.86,3.11,D,0
21.10704,81.23766,338.25,0.58,0.52,2026-06-07,821,N20,VIIRS,n,2,304.3,5.82,D,0
21.11072,81.99541,335.51,0.33,0.55,2026-06-07,821,N20,VIIRS,n,2,301.07,3.86,D,0
21.11332,82.30792,338.42,0.34,0.56,2026-06-07,821,N20,VIIRS,n,2,303.5,3.63,D,0
21.11341,82.41161,331.39,0.35,0.56,2026-06-07,821,N20,VIIRS,n,2,300.79,1.93,D,0
21.11568,82.33093,330.45,0.34,0.56,2026-06-07,821,N20,VIIRS,l,2,302.07,2.46,D,0
21.11985,82.32053,332.71,0.34,0.56,2026-06-07,821,N20,VIIRS,n,2,301.97,2.04,D,0
21.12086,82.33038,337.59,0.34,0.56,2026-06-07,821,N20,VIIRS,n,2,303.09,2.46,D,0
21.13954,82.07853,367,0.33,0.55,2026-06-07,821,N20,VIIRS,h,2,308.59,19.11,D,0
21.15712,82.15099,342.1,0.33,0.56,2026-06-07,821,N20,VIIRS,n,2,304.04,4.5,D,0
21.15784,82.31576,332.82,0.34,0.56,2026-06-07,821,N20,VIIRS,n,2,299.35,1.45,D,0
21.18491,82.11886,344.35,0.33,0.55,2026-06-07,821,N20,VIIRS,n,2,305.95,3.9,D,0
21.19223,83.38197,350.56,0.4,0.6,2026-06-07,821,N20,VIIRS,n,2,296.24,4.72,D,0
21.19777,82.24493,355.32,0.34,0.56,2026-06-07,821,N20,VIIRS,n,2,294.61,6.65,D,0
21.1981,82.24818,333.25,0.34,0.56,2026-06-07,821,N20,VIIRS,n,2,295.04,3.24,D,0
21.19843,82.25143,345.21,0.34,0.56,2026-06-07,821,N20,VIIRS,n,2,295.77,3.24,D,0
21.19894,83.88851,332.46,0.43,0.62,2026-06-07,821,N20,VIIRS,n,2,299.04,2.29,D,0
21.203,83.8881,344.36,0.43,0.62,2026-06-07,821,N20,VIIRS,n,2,299.19,5.29,D,0
21.20467,83.88792,330.77,0.43,0.62,2026-06-07,821,N20,VIIRS,n,2,298.62,2.29,D,0
21.27243,82.77531,348.32,0.37,0.58,2026-06-07,821,N20,VIIRS,n,2,304.24,14.32,D,0
21.27279,82.77888,367,0.37,0.58,2026-06-07,821,N20,VIIRS,h,2,304.43,20.99,D,0
21.31069,83.51378,352.28,0.41,0.61,2026-06-07,821,N20,VIIRS,n,2,300.64,5.33,D,0
21.31103,82.83641,331.86,0.37,0.58,2026-06-07,821,N20,VIIRS,l,2,303.75,0.82,D,0
21.38998,83.99549,335.15,0.44,0.62,2026-06-07,821,N20,VIIRS,n,2,292.44,7.42,D,0
20.6711,73.69926,348.03,0.39,0.36,2026-06-07,822,N20,VIIRS,n,2,306.54,4.01,D,0
20.67113,77.09466,341.63,0.49,0.4,2026-06-07,822,N20,VIIRS,n,2,308.66,10.96,D,0
20.7014,74.99978,341.75,0.4,0.37,2026-06-07,822,N20,VIIRS,n,2,307.51,11.15,D,0
20.86167,77.46877,341.14,0.51,0.41,2026-06-07,822,N20,VIIRS,n,2,308.19,20.44,D,0
20.93298,73.88441,341.72,0.39,0.36,2026-06-07,822,N20,VIIRS,n,2,311.25,8.6,D,0
20.98366,75.04604,340.13,0.41,0.37,2026-06-07,822,N20,VIIRS,n,2,305.2,7.66,D,0
21.00455,79.6174,335.01,0.46,0.47,2026-06-07,822,N20,VIIRS,n,2,290.34,5.39,D,0
21.07517,75.74767,333.45,0.43,0.38,2026-06-07,822,N20,VIIRS,n,2,300.61,2.21,D,0
21.10325,72.63608,347.3,0.39,0.36,2026-06-07,822,N20,VIIRS,l,2,306.68,14.69,D,2
21.10498,72.64713,349.27,0.39,0.36,2026-06-07,822,N20,VIIRS,n,2,309.37,13.14,D,2
21.12544,74.50011,340.81,0.4,0.37,2026-06-07,822,N20,VIIRS,n,2,308.97,9.21,D,0
21.1361,80.23261,336.59,0.5,0.49,2026-06-07,822,N20,VIIRS,n,2,304.27,7.95,D,0
21.15815,80.40057,336.84,0.51,0.5,2026-06-07,822,N20,VIIRS,n,2,303.57,4.51,D,0
21.15866,80.39817,339.06,0.51,0.5,2026-06-07,822,N20,VIIRS,n,2,303.59,5.17,D,0
21.16289,75.34881,339.89,0.42,0.37,2026-06-07,822,N20,VIIRS,n,2,304.78,8.09,D,0
21.16806,79.32668,341.61,0.44,0.46,2026-06-07,822,N20,VIIRS,n,2,301.69,8.3,D,0
21.22172,76.10679,337.82,0.45,0.39,2026-06-07,822,N20,VIIRS,n,2,301.63,3.44,D,0
21.30874,73.67245,341.7,0.39,0.36,2026-06-07,822,N20,VIIRS,n,2,307.85,7.7,D,0
21.30883,82.83733,334.11,0.37,0.58,2026-06-07,822,N20,VIIRS,n,2,304.09,1.12,D,0
21.3447,80.44331,336.36,0.52,0.5,2026-06-07,822,N20,VIIRS,n,2,305.12,3.34,D,0
21.37107,82.54191,338.33,0.36,0.57,2026-06-07,822,N20,VIIRS,n,2,303.84,5.43,D,0
21.37117,82.54217,338.46,0.36,0.57,2026-06-07,822,N20,VIIRS,n,2,303.61,3.7,D,0
21.38321,80.49763,332.88,0.52,0.5,2026-06-07,822,N20,VIIRS,l,2,303.5,3.12,D,0
21.38372,80.4999,341.4,0.52,0.5,2026-06-07,822,N20,VIIRS,n,2,304.03,3.54,D,0
21.38375,80.50269,335.37,0.52,0.5,2026-06-07,822,N20,VIIRS,n,2,304.38,3.12,D,0
21.39552,80.3538,339.14,0.51,0.5,2026-06-07,822,N20,VIIRS,n,2,307.16,2.59,D,0
21.41847,80.31074,344.46,0.51,0.49,2026-06-07,822,N20,VIIRS,n,2,308.11,6.31,D,0
21.42189,83.82288,331.5,0.43,0.62,2026-06-07,822,N20,VIIRS,n,2,293.04,2.57,D,0
21.47703,80.54295,338.73,0.53,0.5,2026-06-07,822,N20,VIIRS,n,2,304.32,7.44,D,0
21.49151,79.37715,342.65,0.45,0.47,2026-06-07,822,N20,VIIRS,n,2,298.45,14.65,D,0
21.49947,74.27563,340.26,0.39,0.36,2026-06-07,822,N20,VIIRS,n,2,308.5,5.16,D,0
21.50001,80.24793,339.79,0.51,0.49,2026-06-07,822,N20,VIIRS,n,2,306.42,4.55,D,0
21.51721,73.02794,343.14,0.38,0.36,2026-06-07,822,N20,VIIRS,n,2,307.42,4.44,D,0
21.51777,73.03162,338.39,0.38,0.36,2026-06-07,822,N20,VIIRS,n,2,307.89,4.44,D,0
21.52107,73.03104,341.96,0.38,0.36,2026-06-07,822,N20,VIIRS,n,2,306.74,5.45,D,0
21.52163,73.03472,337.32,0.38,0.36,2026-06-07,822,N20,VIIRS,l,2,308.04,9.56,D,0
21.52971,82.87209,333.31,0.38,0.58,2026-06-07,822,N20,VIIRS,l,2,307.81,1.26,D,0
21.54804,79.0111,341,0.43,0.46,2026-06-07,822,N20,VIIRS,n,2,303.11,4.53,D,0
21.56301,81.55682,338.28,0.62,0.54,2026-06-07,822,N20,VIIRS,n,2,304.98,13.58,D,0
21.57198,83.08918,344.21,0.39,0.59,2026-06-07,822,N20,VIIRS,n,2,303.54,3.7,D,0
21.57234,83.09298,331.99,0.39,0.59,2026-06-07,822,N20,VIIRS,l,2,303.39,1.83,D,0
21.59707,83.3592,337.38,0.4,0.6,2026-06-07,822,N20,VIIRS,n,2,302.47,2.06,D,0
21.62786,83.32833,335.54,0.4,0.6,2026-06-07,822,N20,VIIRS,n,2,298.79,2.15,D,0
21.63568,83.47173,342.4,0.41,0.61,2026-06-07,822,N20,VIIRS,n,2,301.19,3.87,D,0
21.63606,83.47575,331.8,0.41,0.61,2026-06-07,822,N20,VIIRS,n,2,300.69,3.87,D,0
21.63643,83.47977,334.4,0.41,0.61,2026-06-07,822,N20,VIIRS,n,2,298.67,3.15,D,0
21.64174,82.11803,335.6,0.34,0.56,2026-06-07,822,N20,VIIRS,n,2,296.59,0.98,D,0
21.64496,83.39034,334.03,0.41,0.6,2026-06-07,822,N20,VIIRS,n,2,299.81,5.1,D,0
21.69168,81.9705,338.22,0.33,0.55,2026-06-07,822,N20,VIIRS,n,2,298.68,2.44,D,0
21.69573,83.10017,342.16,0.39,0.59,2026-06-07,822,N20,VIIRS,n,2,298.94,5.9,D,0
21.70157,83.10342,367,0.39,0.59,2026-06-07,822,N20,VIIRS,h,2,299.88,8.33,D,0
21.70193,83.10721,332.05,0.39,0.59,2026-06-07,822,N20,VIIRS,n,2,297.2,8.33,D,0
21.74003,83.45383,335.78,0.41,0.61,2026-06-07,822,N20,VIIRS,n,2,299.2,2.38,D,0
21.74116,83.84523,344.59,0.44,0.62,2026-06-07,822,N20,VIIRS,n,2,296.5,7.6,D,2
21.74653,83.84045,333.09,0.44,0.62,2026-06-07,822,N20,VIIRS,n,2,294.5,5.85,D,2
21.74672,83.97485,333.72,0.45,0.63,2026-06-07,822,N20,VIIRS,n,2,286.94,5.54,D,0
21.74692,83.8448,342.76,0.44,0.62,2026-06-07,822,N20,VIIRS,n,2,295.83,4.37,D,2
21.75267,83.84432,332.2,0.44,0.62,2026-06-07,822,N20,VIIRS,n,2,294.36,4.37,D,2
21.76727,72.84338,339.19,0.38,0.36,2026-06-07,822,N20,VIIRS,n,2,309.01,2.79,D,0
21.77393,83.39397,331.66,0.41,0.6,2026-06-07,822,N20,VIIRS,l,2,302.5,0.99,D,0
21.77816,83.39321,331.09,0.41,0.61,2026-06-07,822,N20,VIIRS,l,2,303.09,1.05,D,0
21.78062,83.83295,347.37,0.44,0.62,2026-06-07,822,N20,VIIRS,n,2,293.98,5.78,D,2
21.78279,81.86818,332.7,0.32,0.55,2026-06-07,822,N20,VIIRS,n,2,296.17,3,D,0
21.80289,82.71523,345.91,0.37,0.58,2026-06-07,822,N20,VIIRS,n,2,298.55,3.67,D,0
21.81888,80.71127,330.73,0.55,0.51,2026-06-07,822,N20,VIIRS,n,2,300.42,5.4,D,0
21.84215,71.02954,339.58,0.41,0.37,2026-06-07,822,N20,VIIRS,l,2,311.67,7.46,D,0
21.84491,76.10493,346.13,0.45,0.39,2026-06-07,822,N20,VIIRS,n,2,308.97,3.89,D,0
21.84549,76.10928,344.54,0.45,0.39,2026-06-07,822,N20,VIIRS,n,2,307.91,3.89,D,0
21.84607,76.11363,342.33,0.45,0.39,2026-06-07,822,N20,VIIRS,n,2,308.27,6.3,D,0
21.84665,76.11799,353.05,0.45,0.39,2026-06-07,822,N20,VIIRS,n,2,307.38,6.3,D,0
21.84722,76.12234,347.48,0.45,0.39,2026-06-07,822,N20,VIIRS,n,2,308.09,6.56,D,0
21.84847,76.10438,346.43,0.45,0.39,2026-06-07,822,N20,VIIRS,n,2,308.11,3.89,D,0
21.84905,76.10873,346.29,0.45,0.39,2026-06-07,822,N20,VIIRS,n,2,307.49,3.89,D,0
21.84963,76.11308,354.86,0.45,0.39,2026-06-07,822,N20,VIIRS,n,2,307.43,6.3,D,0
21.85021,76.11743,356.06,0.45,0.39,2026-06-07,822,N20,VIIRS,l,2,307.85,6.3,D,0
21.85079,76.1218,344.89,0.45,0.39,2026-06-07,822,N20,VIIRS,n,2,307.14,6.56,D,0
21.85261,76.10817,341.36,0.45,0.39,2026-06-07,822,N20,VIIRS,n,2,307.71,9.18,D,0
21.85319,76.11252,349.47,0.45,0.39,2026-06-07,822,N20,VIIRS,n,2,307.64,6.33,D,0
21.85377,76.11688,356.43,0.45,0.39,2026-06-07,822,N20,VIIRS,l,2,307.84,6.33,D,0
21.85735,76.11639,348.06,0.45,0.39,2026-06-07,822,N20,VIIRS,n,2,307.29,6.33,D,0
21.87588,83.23642,335.52,0.4,0.6,2026-06-07,822,N20,VIIRS,n,2,302.66,1.22,D,0
21.89273,83.30081,339.25,0.4,0.6,2026-06-07,822,N20,VIIRS,n,2,304.19,2.58,D,0
21.91966,83.34972,331.21,0.41,0.6,2026-06-07,822,N20,VIIRS,l,2,304.69,3.12,D,2
21.92002,83.35371,336.47,0.41,0.6,2026-06-07,822,N20,VIIRS,n,2,303.07,4.13,D,2
21.92451,83.34125,335.59,0.41,0.6,2026-06-07,822,N20,VIIRS,l,2,306.23,2.56,D,2
21.94447,74.02305,340.94,0.39,0.36,2026-06-07,822,N20,VIIRS,n,2,306.24,6.59,D,0
21.97181,73.09133,339.13,0.38,0.36,2026-06-07,822,N20,VIIRS,n,2,306.39,3.93,D,0
22.00609,78.51048,340.13,0.4,0.44,2026-06-07,822,N20,VIIRS,n,2,303.32,3.09,D,0
22.00625,78.50997,338.57,0.4,0.44,2026-06-07,822,N20,VIIRS,n,2,303.02,2.81,D,0
22.00644,78.61351,338.12,0.41,0.45,2026-06-07,822,N20,VIIRS,n,2,304.66,3.57,D,0
22.03647,83.73009,337.5,0.43,0.62,2026-06-07,822,N20,VIIRS,n,2,303.64,5.93,D,2
22.03701,83.35312,333.39,0.41,0.61,2026-06-07,822,N20,VIIRS,l,2,305.39,5.04,D,2
22.05375,73.34272,336.79,0.39,0.36,2026-06-07,822,N20,VIIRS,n,2,305.96,2.07,D,0
22.07214,82.06173,335.91,0.34,0.56,2026-06-07,822,N20,VIIRS,n,2,300.58,2.33,D,0
22.07427,82.03178,348.58,0.34,0.56,2026-06-07,822,N20,VIIRS,n,2,300.56,3.8,D,0
22.07647,82.02983,348.48,0.34,0.56,2026-06-07,822,N20,VIIRS,n,2,300.48,2.83,D,0
22.11591,73.03556,335.17,0.38,0.36,2026-06-07,822,N20,VIIRS,l,2,306.77,3.34,D,0
22.14337,82.07542,341.83,0.34,0.56,2026-06-07,822,N20,VIIRS,n,2,298.05,2.56,D,0
22.14885,82.07816,335.02,0.34,0.56,2026-06-07,822,N20,VIIRS,n,2,299.62,2.37,D,0
22.14914,75.87235,336.52,0.44,0.39,2026-06-07,822,N20,VIIRS,n,2,304.4,2.47,D,0
22.16919,82.17693,339.4,0.34,0.56,2026-06-07,822,N20,VIIRS,n,2,291.64,2.32,D,0
22.17792,83.48684,334.97,0.42,0.61,2026-06-07,822,N20,VIIRS,n,2,303.47,3.79,D,0
22.18911,82.06379,331.44,0.34,0.56,2026-06-07,822,N20,VIIRS,n,2,299.67,0.82,D,0
22.20345,75.34616,340.33,0.43,0.38,2026-06-07,822,N20,VIIRS,n,2,304.68,6.68,D,0
22.20918,82.19596,337.69,0.35,0.56,2026-06-07,822,N20,VIIRS,n,2,292.22,4.76,D,0
22.23555,77.00893,339.55,0.5,0.41,2026-06-07,822,N20,VIIRS,n,2,305.67,7.41,D,0
22.26084,73.8466,343,0.39,0.36,2026-06-07,822,N20,VIIRS,n,2,308.19,9.4,D,0
22.3048,77.45607,334.1,0.53,0.42,2026-06-07,822,N20,VIIRS,n,2,301.53,4.43,D,0
22.30658,77.45273,337.41,0.53,0.42,2026-06-07,822,N20,VIIRS,n,2,301.91,4.59,D,0
22.33166,77.40239,332.27,0.53,0.42,2026-06-07,822,N20,VIIRS,l,2,302.28,4.93,D,0
22.3355,77.40186,343.94,0.53,0.42,2026-06-07,822,N20,VIIRS,n,2,302.31,7.38,D,0
22.36548,78.43802,343.04,0.4,0.44,2026-06-07,822,N20,VIIRS,n,2,296.73,3.86,D,0
22.43391,71.12415,344.71,0.4,0.37,2026-06-07,822,N20,VIIRS,l,2,313.93,3.28,D,0
22.44533,76.96216,334.92,0.5,0.41,2026-06-07,822,N20,VIIRS,n,2,301.16,2.36,D,0
22.4848,73.75398,335.59,0.39,0.36,2026-06-07,822,N20,VIIRS,l,2,306.08,3.82,D,0
22.52913,79.83189,339.02,0.49,0.49,2026-06-07,822,N20,VIIRS,n,2,304,12.06,D,0
22.57201,81.29454,331.78,0.61,0.53,2026-06-07,822,N20,VIIRS,l,2,306.57,12.09,D,0
22.77205,75.99808,338.24,0.46,0.39,2026-06-07,822,N20,VIIRS,n,2,304.52,6.66,D,0
22.77448,75.99921,339.91,0.46,0.39,2026-06-07,822,N20,VIIRS,n,2,307.45,9.32,D,0
22.90359,75.48148,337.35,0.44,0.38,2026-06-07,822,N20,VIIRS,n,2,303.97,7.26,D,0
23.32601,78.45465,332.78,0.41,0.45,2026-06-07,822,N20,VIIRS,n,2,295.03,1.64,D,0
23.35267,83.1857,330.27,0.41,0.61,2026-06-07,822,N20,VIIRS,l,2,302.37,6.37,D,0
23.35459,83.18855,337.16,0.41,0.61,2026-06-07,822,N20,VIIRS,n,2,300.06,4.03,D,0
23.48883,78.67937,336.02,0.43,0.46,2026-06-07,822,N20,VIIRS,n,2,296.22,2.64,D,0
23.51246,77.96494,333.66,0.39,0.44,2026-06-07,822,N20,VIIRS,n,2,299.53,1.14,D,0
23.73669,73.45383,336.7,0.39,0.36,2026-06-07,822,N20,VIIRS,l,2,307.99,4.82,D,0
23.81544,73.62006,339,0.39,0.36,2026-06-07,822,N20,VIIRS,l,2,310.11,3.97,D,0
23.82879,76.29533,335.79,0.48,0.4,2026-06-07,822,N20,VIIRS,n,2,304.85,5.85,D,0
23.84613,75.79284,339.33,0.46,0.39,2026-06-07,822,N20,VIIRS,n,2,308.79,11.47,D,0
23.84729,75.80175,338.2,0.46,0.39,2026-06-07,822,N20,VIIRS,n,2,308.12,11.4,D,0
23.96017,82.80253,348.89,0.4,0.6,2026-06-07,822,N20,VIIRS,n,2,299.13,5.25,D,0
23.96031,82.80127,353.41,0.4,0.6,2026-06-07,822,N20,VIIRS,n,2,300.34,7.12,D,0
24.10546,79.15501,342.55,0.47,0.48,2026-06-07,822,N20,VIIRS,n,2,300.26,4.6,D,0
24.11941,82.9676,344.76,0.41,0.6,2026-06-07,822,N20,VIIRS,n,2,299.58,7.94,D,0
24.17567,82.65018,332.06,0.39,0.59,2026-06-07,822,N20,VIIRS,n,2,296.49,2.6,D,0
24.21171,83.51035,332.15,0.44,0.63,2026-06-07,822,N20,VIIRS,n,2,301.62,4.58,D,0
24.21267,83.51218,333.25,0.44,0.63,2026-06-07,822,N20,VIIRS,n,2,300.43,5.65,D,0
24.23867,78.16987,346.31,0.41,0.45,2026-06-07,822,N20,VIIRS,n,2,310.82,16.11,D,0
24.35864,79.18309,344.36,0.47,0.48,2026-06-07,822,N20,VIIRS,n,2,298.52,5.68,D,0
24.36305,79.18257,340.26,0.47,0.48,2026-06-07,822,N20,VIIRS,n,2,298.81,5.68,D,0
24.45345,79.23564,355.55,0.48,0.48,2026-06-07,822,N20,VIIRS,n,2,303.15,11.79,D,0
24.45347,79.23347,344.17,0.48,0.48,2026-06-07,822,N20,VIIRS,n,2,301.89,11.36,D,0
24.45395,79.24033,345.03,0.48,0.48,2026-06-07,822,N20,VIIRS,n,2,299.87,11.79,D,0
24.45399,79.23816,356.08,0.48,0.48,2026-06-07,822,N20,VIIRS,n,2,302.15,11.36,D,0
24.78861,84.25543,333.65,0.5,0.66,2026-06-07,822,N20,VIIRS,n,2,299,2.97,D,0
24.32587,73.58739,338.85,0.39,0.36,2026-06-07,823,N20,VIIRS,l,2,311.93,4.03,D,0
24.52379,77.98944,349.25,0.4,0.44,2026-06-07,823,N20,VIIRS,n,2,310.54,12.69,D,0
24.52419,77.98974,347.97,0.4,0.44,2026-06-07,823,N20,VIIRS,n,2,310.58,12.7,D,0
24.53554,77.22966,348.36,0.55,0.43,2026-06-07,823,N20,VIIRS,n,2,310.03,16.56,D,0
24.5356,77.22717,339.28,0.55,0.43,2026-06-07,823,N20,VIIRS,l,2,310.7,7.86,D,0
24.53623,77.23256,339.46,0.55,0.43,2026-06-07,823,N20,VIIRS,n,2,309.16,7.86,D,0
24.59619,73.96098,340.07,0.4,0.37,2026-06-07,823,N20,VIIRS,l,2,311.92,6.77,D,0
24.81552,81.16806,355.78,0.32,0.54,2026-06-07,823,N20,VIIRS,n,2,292.21,4.87,D,0
24.83245,73.33812,339.73,0.39,0.36,2026-06-07,823,N20,VIIRS,l,2,312.98,4.15,D,0
24.84634,78.61858,344.85,0.44,0.46,2026-06-07,823,N20,VIIRS,n,2,312.13,7.36,D,0
24.869,78.74598,339.11,0.45,0.47,2026-06-07,823,N20,VIIRS,n,2,307.76,7.12,D,0
25.22819,78.42649,339.92,0.44,0.46,2026-06-07,823,N20,VIIRS,l,2,311.74,5.94,D,0
25.27794,78.37161,346.45,0.43,0.46,2026-06-07,823,N20,VIIRS,n,2,311.53,6.78,D,0
25.31828,73.08803,349.8,0.39,0.36,2026-06-07,823,N20,VIIRS,n,2,315.98,6.54,D,0
25.32824,73.08628,344.44,0.39,0.36,2026-06-07,823,N20,VIIRS,l,2,317.66,3.96,D,0
25.44305,78.39173,346.14,0.44,0.46,2026-06-07,823,N20,VIIRS,n,2,314.31,13.77,D,0
25.70656,79.14899,348.22,0.49,0.48,2026-06-07,823,N20,VIIRS,n,2,311.2,12.02,D,0
25.78988,78.80619,346.44,0.47,0.47,2026-06-07,823,N20,VIIRS,n,2,312.59,3.26,D,0
25.83353,79.24979,345.11,0.5,0.49,2026-06-07,823,N20,VIIRS,n,2,311.85,7.23,D,0
25.83501,73.09697,344.63,0.39,0.36,2026-06-07,823,N20,VIIRS,l,2,317.19,12.55,D,0
25.83568,79.2515,338.46,0.5,0.49,2026-06-07,823,N20,VIIRS,l,2,310.65,8.4,D,0
26.08592,79.57127,336.34,0.52,0.5,2026-06-07,823,N20,VIIRS,l,2,307.78,4.91,D,0
26.09595,79.7589,338.76,0.54,0.51,2026-06-07,823,N20,VIIRS,n,2,305.76,3.93,D,0
26.28992,80.63924,336.14,0.61,0.54,2026-06-07,823,N20,VIIRS,n,2,303.04,6.84,D,0
26.29179,80.64275,334.86,0.61,0.54,2026-06-07,823,N20,VIIRS,n,2,302.43,9.79,D,0
26.36498,83.24403,331.62,0.45,0.63,2026-06-07,823,N20,VIIRS,n,2,298.6,2.1,D,0
26.42998,78.99355,333.77,0.49,0.48,2026-06-07,823,N20,VIIRS,l,2,306.98,1.16,D,0
26.80931,81.9179,332.46,0.37,0.58,2026-06-07,823,N20,VIIRS,n,2,297.94,3.88,D,0
27.13872,79.09889,338.31,0.5,0.49,2026-06-07,823,N20,VIIRS,n,2,306.83,6,D,0
27.17994,79.23512,332.71,0.51,0.5,2026-06-07,823,N20,VIIRS,l,2,304.19,3.26,D,0
27.42287,81.40874,338.24,0.35,0.57,2026-06-07,823,N20,VIIRS,n,2,299.04,2.71,D,0
27.42303,81.41051,345.83,0.35,0.57,2026-06-07,823,N20,VIIRS,n,2,299.31,2.76,D,0
27.50686,78.33886,334.14,0.46,0.47,2026-06-07,823,N20,VIIRS,l,2,306.19,4.22,D,0
28.86317,77.14848,336.21,0.41,0.45,2026-06-07,824,N20,VIIRS,n,2,305.14,3.41,D,0
29.2063,79.43771,336.96,0.56,0.51,2026-06-07,824,N20,VIIRS,n,2,306.15,8.73,D,0
29.44402,75.59438,339.76,0.51,0.41,2026-06-07,824,N20,VIIRS,n,2,307.11,15.56,D,0
29.73753,76.27711,335.8,0.56,0.43,2026-06-07,824,N20,VIIRS,l,2,305.8,7.69,D,0
29.84367,72.7307,332.71,0.4,0.37,2026-06-07,824,N20,VIIRS,l,2,307.63,1.77,D,0
29.84425,72.73485,335.05,0.4,0.37,2026-06-07,824,N20,VIIRS,l,2,306.88,2.52,D,0
29.92396,72.47935,335.99,0.4,0.37,2026-06-07,824,N20,VIIRS,l,2,309.63,2.84,D,0
29.94966,72.3693,338.39,0.4,0.37,2026-06-07,824,N20,VIIRS,l,2,310.51,2.49,D,0
29.95563,72.43553,337.28,0.4,0.37,2026-06-07,824,N20,VIIRS,l,2,311.02,2.39,D,0
30.00514,76.95524,341.23,0.41,0.45,2026-06-07,824,N20,VIIRS,n,2,307.8,3.47,D,0
30.00926,76.95467,345.25,0.41,0.45,2026-06-07,824,N20,VIIRS,n,2,306.52,3.47,D,0
30.04468,72.71719,339.12,0.4,0.37,2026-06-07,824,N20,VIIRS,l,2,311.41,4.5,D,0
30.04953,72.65215,337.49,0.4,0.37,2026-06-07,824,N20,VIIRS,l,2,309.23,5.2,D,0
30.09253,73.04169,336.07,0.41,0.37,2026-06-07,824,N20,VIIRS,l,2,308.28,3.14,D,0
30.1154,73.08138,341.97,0.41,0.37,2026-06-07,824,N20,VIIRS,l,2,312.63,4.75,D,0
30.13638,72.90315,344.5,0.41,0.37,2026-06-07,824,N20,VIIRS,n,2,311.49,8.53,D,0
30.13716,77.03323,334.3,0.42,0.45,2026-06-07,824,N20,VIIRS,n,2,301.76,2.3,D,0
30.13728,72.45412,340.08,0.4,0.37,2026-06-07,824,N20,VIIRS,l,2,311.88,4.59,D,0
30.1481,73.14148,339.72,0.42,0.37,2026-06-07,824,N20,VIIRS,n,2,308.66,3.69,D,0
30.1646,72.85155,340.01,0.41,0.37,2026-06-07,824,N20,VIIRS,n,2,309.11,3.66,D,0
30.20195,72.84479,349.01,0.41,0.37,2026-06-07,824,N20,VIIRS,n,2,311.07,6.02,D,0
30.20806,72.81339,339.64,0.41,0.37,2026-06-07,824,N20,VIIRS,l,2,311.69,5.18,D,0
30.21291,72.89922,338.8,0.41,0.37,2026-06-07,824,N20,VIIRS,l,2,311.14,3.94,D,0
30.21573,72.89436,338.88,0.41,0.37,2026-06-07,824,N20,VIIRS,l,2,311.22,3.94,D,0
30.3038,73.13292,339.77,0.42,0.37,2026-06-07,824,N20,VIIRS,l,2,311.48,4.04,D,0
30.32511,73.57365,344.9,0.43,0.38,2026-06-07,824,N20,VIIRS,n,2,311.35,6.21,D,0
30.33129,73.15459,336.4,0.42,0.38,2026-06-07,824,N20,VIIRS,l,2,308.17,2.45,D,0
30.33272,73.51349,335.18,0.43,0.38,2026-06-07,824,N20,VIIRS,l,2,309.63,1.19,D,0
30.33378,73.55846,336.19,0.43,0.38,2026-06-07,824,N20,VIIRS,l,2,309.7,1.71,D,0
30.33726,73.55785,338.69,0.43,0.38,2026-06-07,824,N20,VIIRS,l,2,313.34,3.04,D,0
30.37891,71.9603,337.45,0.39,0.36,2026-06-07,824,N20,VIIRS,l,2,309.87,4.05,D,0
30.3795,71.96436,337.98,0.39,0.36,2026-06-07,824,N20,VIIRS,l,2,309.65,4.14,D,0
30.42502,72.71452,336.78,0.41,0.37,2026-06-07,824,N20,VIIRS,l,2,310.7,3.24,D,0
30.446,73.80733,342.59,0.44,0.38,2026-06-07,824,N20,VIIRS,l,2,315.34,4.98,D,0
30.45165,73.7133,343.38,0.44,0.38,2026-06-07,824,N20,VIIRS,n,2,313.11,5.62,D,0
30.45332,72.19363,340.68,0.4,0.37,2026-06-07,824,N20,VIIRS,n,2,310.28,12.42,D,0
30.45608,72.1889,345.37,0.4,0.37,2026-06-07,824,N20,VIIRS,n,2,314.42,23.1,D,0
30.45667,72.19299,355.19,0.4,0.37,2026-06-07,824,N20,VIIRS,n,2,311.88,12.42,D,0
30.46656,73.62929,340.84,0.43,0.38,2026-06-07,824,N20,VIIRS,l,2,313.75,7.31,D,0
30.48031,72.31118,347.43,0.4,0.37,2026-06-07,824,N20,VIIRS,n,2,311.29,5.82,D,0
30.48331,73.457,335.96,0.43,0.38,2026-06-07,824,N20,VIIRS,l,2,308.25,5.06,D,0
30.49046,73.73164,339.25,0.44,0.38,2026-06-07,824,N20,VIIRS,l,2,313.7,4.32,D,0
30.50062,73.42669,338.37,0.43,0.38,2026-06-07,824,N20,VIIRS,l,2,310.89,5.65,D,0
30.51061,72.93062,336.44,0.41,0.37,2026-06-07,824,N20,VIIRS,l,2,309.95,0.99,D,0
30.53463,73.38898,348.02,0.43,0.38,2026-06-07,824,N20,VIIRS,n,2,311.3,7.83,D,0
30.53641,73.38982,341.53,0.43,0.38,2026-06-07,824,N20,VIIRS,l,2,312.05,14.04,D,0
30.54486,73.70834,352.13,0.44,0.38,2026-06-07,824,N20,VIIRS,n,2,310.92,11.28,D,0
30.54752,73.92359,337.91,0.45,0.39,2026-06-07,824,N20,VIIRS,l,2,309.65,4.63,D,0
30.55188,73.70713,336.28,0.44,0.38,2026-06-07,824,N20,VIIRS,l,2,306.46,8.83,D,0
30.55898,72.92628,341.62,0.41,0.37,2026-06-07,824,N20,VIIRS,l,2,313.25,3.97,D,0
30.55942,73.68262,338.32,0.44,0.38,2026-06-07,824,N20,VIIRS,l,2,311.76,2,D,0
30.56066,73.35836,335.62,0.43,0.38,2026-06-07,824,N20,VIIRS,l,2,310.29,3.88,D,0
30.57003,73.70866,339.93,0.44,0.38,2026-06-07,824,N20,VIIRS,n,2,309.78,3.94,D,0
30.5881,73.67905,342.99,0.44,0.38,2026-06-07,824,N20,VIIRS,n,2,310.91,6.62,D,0
30.5896,73.99723,340.53,0.45,0.39,2026-06-07,824,N20,VIIRS,l,2,311.27,4.46,D,0
30.59286,73.8828,336.57,0.44,0.39,2026-06-07,824,N20,VIIRS,l,2,311.27,2.48,D,0
30.59511,73.67784,335.48,0.44,0.38,2026-06-07,824,N20,VIIRS,l,2,309.9,1,D,0
30.59615,73.88377,341.91,0.44,0.39,2026-06-07,824,N20,VIIRS,n,2,308.62,7.25,D,0
30.5964,73.88219,346.56,0.44,0.39,2026-06-07,824,N20,VIIRS,n,2,308.06,6.11,D,0
30.61033,73.82478,341.25,0.44,0.39,2026-06-07,824,N20,VIIRS,n,2,311.34,6.78,D,0
30.62068,73.57162,342.37,0.43,0.38,2026-06-07,824,N20,VIIRS,n,2,312.29,1.79,D,0
30.62896,73.63488,341.75,0.44,0.38,2026-06-07,824,N20,VIIRS,n,2,312.34,4.16,D,0
30.64199,73.73498,337.51,0.44,0.38,2026-06-07,824,N20,VIIRS,l,2,311.06,3.96,D,0
30.64258,73.73955,338.55,0.44,0.38,2026-06-07,824,N20,VIIRS,l,2,313.06,11.43,D,0
30.64372,73.72068,338.49,0.44,0.38,2026-06-07,824,N20,VIIRS,l,2,310.38,7.3,D,0
30.64408,78.26308,333.22,0.5,0.49,2026-06-07,824,N20,VIIRS,n,2,302.16,2.88,D,0
30.65446,73.83137,339.45,0.44,0.39,2026-06-07,824,N20,VIIRS,n,2,307.15,3.55,D,0
30.66026,72.87413,346.56,0.41,0.37,2026-06-07,824,N20,VIIRS,n,2,313.43,5.24,D,0
30.66998,73.98048,337.71,0.45,0.39,2026-06-07,824,N20,VIIRS,l,2,308.41,5.83,D,0
30.67527,73.68728,336.75,0.44,0.38,2026-06-07,824,N20,VIIRS,l,2,308.54,3.32,D,0
30.68188,73.59508,339.13,0.43,0.38,2026-06-07,824,N20,VIIRS,l,2,312.32,14.16,D,0
30.68538,73.59447,342.6,0.43,0.38,2026-06-07,824,N20,VIIRS,n,2,310.93,14.16,D,0
30.69118,73.52885,340.03,0.43,0.38,2026-06-07,824,N20,VIIRS,l,2,313.73,5.86,D,0
30.69523,73.50517,342.07,0.43,0.38,2026-06-07,824,N20,VIIRS,l,2,315.06,5.84,D,0
30.69802,74.08611,333.29,0.45,0.39,2026-06-07,824,N20,VIIRS,l,2,307.87,3.96,D,0
30.71814,73.82241,338.91,0.44,0.39,2026-06-07,824,N20,VIIRS,l,2,311.46,4.41,D,0
30.71821,73.3822,338.41,0.43,0.38,2026-06-07,824,N20,VIIRS,l,2,310.83,5.03,D,0
30.72563,73.60139,344.21,0.44,0.38,2026-06-07,824,N20,VIIRS,l,2,315.16,7.51,D,0
30.73935,73.90405,334.14,0.45,0.39,2026-06-07,824,N20,VIIRS,l,2,307.25,1.68,D,0
30.74456,73.74731,340.78,0.44,0.38,2026-06-07,824,N20,VIIRS,n,2,311.62,4.9,D,0
30.76303,73.97636,334.92,0.45,0.39,2026-06-07,824,N20,VIIRS,l,2,308.65,1.66,D,0
30.77902,73.9593,333.71,0.45,0.39,2026-06-07,824,N20,VIIRS,l,2,307.86,1.39,D,0
30.78317,73.96338,334.32,0.45,0.39,2026-06-07,824,N20,VIIRS,l,2,306.95,3.21,D,0
30.78538,73.86771,340.89,0.45,0.39,2026-06-07,824,N20,VIIRS,n,2,308.34,3.25,D,0
30.79814,74.05212,348.93,0.45,0.39,2026-06-07,824,N20,VIIRS,n,2,311.24,8.15,D,0
30.7991,73.36459,341.15,0.43,0.38,2026-06-07,824,N20,VIIRS,n,2,309.38,6.8,D,0
30.8112,74.04028,338,0.45,0.39,2026-06-07,824,N20,VIIRS,l,2,311.7,3.83,D,0
30.81169,73.9873,339.12,0.45,0.39,2026-06-07,824,N20,VIIRS,l,2,310.07,4.71,D,0
30.82052,73.36538,346.22,0.43,0.38,2026-06-07,824,N20,VIIRS,n,2,310.69,5.97,D,0
30.83287,73.43183,337.17,0.43,0.38,2026-06-07,824,N20,VIIRS,l,2,311.28,3.84,D,0
30.83313,74.27052,341.55,0.46,0.39,2026-06-07,824,N20,VIIRS,n,2,305.49,7.62,D,0
30.83576,73.42675,339.54,0.43,0.38,2026-06-07,824,N20,VIIRS,l,2,311.78,3.86,D,0
30.83806,73.41718,340.69,0.43,0.38,2026-06-07,824,N20,VIIRS,n,2,308.79,3.52,D,0
30.83868,73.89352,347.48,0.45,0.39,2026-06-07,824,N20,VIIRS,n,2,310.72,6.99,D,0
30.84517,73.94495,340.08,0.45,0.39,2026-06-07,824,N20,VIIRS,l,2,310.41,9.7,D,0
30.85168,73.88177,340.73,0.45,0.39,2026-06-07,824,N20,VIIRS,n,2,309.19,4.38,D,0
30.86082,74.28565,333.96,0.46,0.39,2026-06-07,824,N20,VIIRS,l,2,307.77,2.76,D,0
30.86144,74.28255,335.39,0.46,0.39,2026-06-07,824,N20,VIIRS,l,2,308.41,4.06,D,0
30.86283,74.17418,341.97,0.46,0.39,2026-06-07,824,N20,VIIRS,n,2,308.16,2.79,D,0
30.86707,74.11981,338.25,0.46,0.39,2026-06-07,824,N20,VIIRS,n,2,306.25,3.21,D,0
30.87748,73.55317,343.14,0.43,0.38,2026-06-07,824,N20,VIIRS,n,2,312.16,8.01,D,0
30.87782,74.11801,331.28,0.46,0.39,2026-06-07,824,N20,VIIRS,l,2,306.26,1.95,D,0
30.88065,73.8816,339.65,0.45,0.39,2026-06-07,824,N20,VIIRS,l,2,309.97,4.54,D,0
30.91187,74.12691,333.59,0.46,0.39,2026-06-07,824,N20,VIIRS,l,2,307.17,3.01,D,0
30.92642,74.30144,335.9,0.47,0.39,2026-06-07,824,N20,VIIRS,n,2,304.29,3.06,D,0
30.94183,75.69576,344.28,0.54,0.42,2026-06-07,824,N20,VIIRS,l,2,316.63,12,D,0
31.01805,76.31876,338.39,0.39,0.44,2026-06-07,824,N20,VIIRS,l,2,311.02,6.01,D,0
31.20673,76.5406,335.76,0.4,0.44,2026-06-07,824,N20,VIIRS,l,2,307.62,3.81,D,0
31.23489,77.21398,335.89,0.44,0.46,2026-06-07,824,N20,VIIRS,l,2,309.76,3.86,D,0
31.28154,77.3334,330.95,0.45,0.47,2026-06-07,824,N20,VIIRS,l,2,305.83,5.11,D,0
31.28187,77.33668,339.02,0.45,0.47,2026-06-07,824,N20,VIIRS,n,2,303.18,1.53,D,0
30.87844,73.55406,341.6,0.44,0.38,2026-06-07,825,N20,VIIRS,l,2,312.49,6.94,D,0
30.94366,71.92258,345.21,0.39,0.37,2026-06-07,825,N20,VIIRS,n,2,313.62,9.1,D,0
30.94699,71.92194,350.81,0.39,0.37,2026-06-07,825,N20,VIIRS,n,2,311.95,9.1,D,0
30.98495,74.19949,336.99,0.46,0.39,2026-06-07,825,N20,VIIRS,l,2,309.16,3.68,D,0
30.98554,74.20432,337.11,0.46,0.39,2026-06-07,825,N20,VIIRS,l,2,309.73,3.5,D,0
31.0128,73.50887,347.29,0.43,0.38,2026-06-07,825,N20,VIIRS,n,2,310.63,6.6,D,0
31.01753,73.65747,337.33,0.44,0.38,2026-06-07,825,N20,VIIRS,l,2,310.57,4.4,D,0
31.02086,73.43343,338.09,0.43,0.38,2026-06-07,825,N20,VIIRS,n,2,307.28,2.51,D,0
31.02156,73.52128,335.08,0.44,0.38,2026-06-07,825,N20,VIIRS,l,2,307.78,3.68,D,0
31.02512,73.77417,341.65,0.44,0.39,2026-06-07,825,N20,VIIRS,l,2,312.86,9.99,D,0
31.04514,73.87563,339.69,0.45,0.39,2026-06-07,825,N20,VIIRS,l,2,310.77,8.03,D,0
31.22333,72.69836,344.29,0.41,0.37,2026-06-07,825,N20,VIIRS,n,2,310.38,10.64,D,0
31.28653,75.47632,341.07,0.53,0.42,2026-06-07,825,N20,VIIRS,n,2,313.17,8.42,D,0
31.33703,75.67558,346.03,0.54,0.42,2026-06-07,825,N20,VIIRS,n,2,314.36,9.27,D,0
31.33959,77.36436,333.77,0.45,0.47,2026-06-07,825,N20,VIIRS,l,2,308.75,8.11,D,0
31.33993,77.36784,350.1,0.45,0.47,2026-06-07,825,N20,VIIRS,n,2,309.28,11.52,D,0
31.34754,77.35686,347.13,0.45,0.47,2026-06-07,825,N20,VIIRS,n,2,311.07,7.84,D,0
31.34791,77.36063,353.29,0.45,0.47,2026-06-07,825,N20,VIIRS,n,2,312.11,7.94,D,0
31.34829,77.36447,344.7,0.45,0.47,2026-06-07,825,N20,VIIRS,n,2,308.61,7.94,D,0
31.34868,77.36842,338.2,0.45,0.47,2026-06-07,825,N20,VIIRS,n,2,306.69,3.68,D,0
31.41079,73.68978,342.1,0.44,0.39,2026-06-07,825,N20,VIIRS,l,2,312.57,7.68,D,0
31.42458,75.07765,339.82,0.51,0.41,2026-06-07,825,N20,VIIRS,l,2,310.88,4.91,D,0
31.47595,71.5452,344.64,0.39,0.36,2026-06-07,825,N20,VIIRS,n,2,311.78,2.19,D,0
31.54894,72.60121,343.42,0.41,0.37,2026-06-07,825,N20,VIIRS,n,2,308.26,4.06,D,0
31.55235,72.60058,334.41,0.41,0.37,2026-06-07,825,N20,VIIRS,l,2,308.04,3.04,D,0
31.69016,76.75886,341.47,0.42,0.45,2026-06-07,825,N20,VIIRS,n,2,306.83,6.98,D,0
31.69056,76.76284,338.49,0.42,0.45,2026-06-07,825,N20,VIIRS,n,2,304.74,6.12,D,0
31.78287,77.04419,344.27,0.44,0.46,2026-06-07,825,N20,VIIRS,n,2,305.58,6.09,D,0
31.84698,73.66438,340.05,0.45,0.39,2026-06-07,825,N20,VIIRS,l,2,312.91,6.72,D,0
31.84921,76.22118,334.18,0.39,0.44,2026-06-07,825,N20,VIIRS,l,2,308.94,1.39,D,0
31.8665,74.59464,343.75,0.49,0.4,2026-06-07,825,N20,VIIRS,l,2,316.66,8.79,D,0
31.88702,74.33922,341.27,0.48,0.4,2026-06-07,825,N20,VIIRS,l,2,315.99,3.14,D,0
31.9164,74.42736,345.85,0.48,0.4,2026-06-07,825,N20,VIIRS,l,2,317.9,14.53,D,0
31.92754,73.76389,343.87,0.45,0.39,2026-06-07,825,N20,VIIRS,n,2,311.9,8.99,D,0
31.95462,75.14349,346.57,0.52,0.42,2026-06-07,825,N20,VIIRS,l,2,318.19,5.45,D,0
32.0674,76.25791,343.3,0.4,0.44,2026-06-07,825,N20,VIIRS,n,2,309.86,6.41,D,0
32.06781,76.26195,342.61,0.4,0.44,2026-06-07,825,N20,VIIRS,n,2,308.89,6.21,D,0
32.08022,75.16661,349.11,0.52,0.42,2026-06-07,825,N20,VIIRS,n,2,318.63,11.83,D,0
32.19062,73.76137,344.38,0.46,0.39,2026-06-07,825,N20,VIIRS,n,2,314.08,11.96,D,0
32.21927,72.89119,333.42,0.42,0.38,2026-06-07,825,N20,VIIRS,l,2,306.71,3.05,D,0
32.2379,74.3816,340.96,0.48,0.4,2026-06-07,825,N20,VIIRS,l,2,314.08,6.82,D,0
32.37286,73.24331,333.76,0.44,0.38,2026-06-07,825,N20,VIIRS,l,2,306.74,2.82,D,0
32.38543,73.82644,343.42,0.46,0.39,2026-06-07,825,N20,VIIRS,l,2,313.49,7.87,D,0
32.43155,75.56927,342.54,0.55,0.43,2026-06-07,825,N20,VIIRS,n,2,313.15,5.39,D,0
32.43546,75.56856,337.33,0.55,0.43,2026-06-07,825,N20,VIIRS,l,2,310.75,5.39,D,0
32.45686,76.00967,354.45,0.39,0.44,2026-06-07,825,N20,VIIRS,n,2,310.12,16.26,D,0
32.45725,76.01334,340.41,0.39,0.44,2026-06-07,825,N20,VIIRS,n,2,303.41,3.01,D,0
32.48602,71.94391,341.55,0.4,0.37,2026-06-07,825,N20,VIIRS,n,2,308.53,5.62,D,0
32.49671,73.25537,346.11,0.44,0.38,2026-06-07,825,N20,VIIRS,n,2,310.51,16.43,D,0
32.55685,75.66241,332.94,0.56,0.43,2026-06-07,825,N20,VIIRS,l,2,304.45,4.11,D,0
32.59877,75.9409,333.29,0.39,0.44,2026-06-07,825,N20,VIIRS,l,2,308.14,5.39,D,0
32.65785,74.16566,340.18,0.48,0.4,2026-06-07,825,N20,VIIRS,l,2,315.16,5.38,D,0
32.78252,74.24166,344.88,0.48,0.4,2026-06-07,825,N20,VIIRS,l,2,317.2,15.6,D,0
32.79963,74.11076,339.01,0.48,0.4,2026-06-07,825,N20,VIIRS,l,2,313.9,5.66,D,0
32.92071,74.82236,344.46,0.52,0.41,2026-06-07,825,N20,VIIRS,n,2,316.41,5.51,D,0
32.95257,74.49646,343.83,0.5,0.41,2026-06-07,825,N20,VIIRS,n,2,315.41,6.19,D,0
32.96194,74.47884,345.19,0.5,0.41,2026-06-07,825,N20,VIIRS,n,2,314.87,7.18,D,0
32.98273,74.20774,338.68,0.48,0.4,2026-06-07,825,N20,VIIRS,l,2,313.21,4.38,D,0
32.99813,74.36757,347.98,0.49,0.4,2026-06-07,825,N20,VIIRS,n,2,309.2,5.48,D,0
33.00319,74.16857,339.4,0.48,0.4,2026-06-07,825,N20,VIIRS,l,2,313.21,7.14,D,0
33.004,74.16668,339.96,0.48,0.4,2026-06-07,825,N20,VIIRS,l,2,314.58,5.32,D,0
33.03419,74.33778,333.21,0.49,0.4,2026-06-07,825,N20,VIIRS,l,2,306.34,6.33,D,0
33.11589,75.06121,331.81,0.53,0.42,2026-06-07,825,N20,VIIRS,l,2,304.72,4.18,D,0
33.1286,74.96445,342.45,0.53,0.42,2026-06-07,825,N20,VIIRS,n,2,304.29,6.85,D,0
33.13977,74.95992,335.93,0.53,0.42,2026-06-07,825,N20,VIIRS,l,2,306.78,6.46,D,0
33.14043,74.96571,350.98,0.53,0.42,2026-06-07,825,N20,VIIRS,n,2,310.28,6.46,D,0
33.15579,74.16679,339.05,0.48,0.4,2026-06-07,825,N20,VIIRS,l,2,310.92,8.28,D,0
33.16241,75.05702,337.23,0.53,0.42,2026-06-07,825,N20,VIIRS,n,2,302.4,5.36,D,0
33.17799,74.72145,333.44,0.51,0.41,2026-06-07,825,N20,VIIRS,n,2,303.22,1.19,D,0
33.17843,74.72336,332.02,0.51,0.41,2026-06-07,825,N20,VIIRS,l,2,303.48,3.36,D,0
33.18154,74.1623,342.4,0.48,0.4,2026-06-07,825,N20,VIIRS,n,2,308.41,7.77,D,0
33.18761,74.15035,335.99,0.48,0.4,2026-06-07,825,N20,VIIRS,l,2,308.07,3.75,D,0
33.19067,74.14459,340.1,0.48,0.4,2026-06-07,825,N20,VIIRS,n,2,307.84,4.4,D,0
33.21151,73.98116,353.09,0.48,0.4,2026-06-07,825,N20,VIIRS,n,2,313.72,10.94,D,0
33.21688,74.11346,334.28,0.48,0.4,2026-06-07,825,N20,VIIRS,l,2,305.44,3.32,D,0
33.29059,74.30092,348.73,0.49,0.4,2026-06-07,825,N20,VIIRS,n,2,313.98,9.76,D,0
33.68608,73.60544,336.76,0.46,0.39,2026-06-07,825,N20,VIIRS,n,2,307.41,2.6,D,0
33.74274,71.6988,337.12,0.4,0.37,2026-06-07,825,N20,VIIRS,l,2,309.96,0.77,D,0
33.86556,72.03542,341.04,0.41,0.37,2026-06-07,825,N20,VIIRS,l,2,313.72,3.47,D,0
34.12814,73.17336,333.85,0.45,0.39,2026-06-07,825,N20,VIIRS,l,2,304.96,6.48,D,0
34.13163,73.17223,343.45,0.45,0.39,2026-06-07,825,N20,VIIRS,n,2,306.74,6.48,D,0
34.22981,73.12351,344.38,0.45,0.39,2026-06-07,825,N20,VIIRS,n,2,309.43,4,D,0
34.6963,71.90125,334.16,0.42,0.37,2026-06-07,826,N20,VIIRS,l,2,307.53,2.81,D,0
34.82739,71.88789,347.34,0.42,0.37,2026-06-07,826,N20,VIIRS,n,2,308.38,7.66,D,0
34.83023,71.88289,340.69,0.42,0.37,2026-06-07,826,N20,VIIRS,n,2,309.84,5.23,D,0
34.87055,71.81995,354.96,0.41,0.37,2026-06-07,826,N20,VIIRS,n,2,316.6,16.38,D,0
34.87072,71.81939,353.99,0.41,0.37,2026-06-07,826,N20,VIIRS,n,2,314.77,10.52,D,0
34.87395,71.81916,349.57,0.41,0.37,2026-06-07,826,N20,VIIRS,n,2,314.44,16.38,D,0
36.71688,68.97882,342.21,0.38,0.36,2026-06-07,826,N20,VIIRS,l,2,314.32,2.79,D,0
36.75997,69.01413,339.97,0.38,0.36,2026-06-07,826,N20,VIIRS,l,2,310.09,1.59,D,0
29.26367,91.92664,308.82,0.55,0.51,2026-06-07,1907,N20,VIIRS,n,2,286.63,3.27,N,2
29.37796,91.14901,302.59,0.62,0.54,2026-06-07,1907,N20,VIIRS,n,2,281.64,1.69,N,2
29.6616,90.9053,302.2,0.32,0.55,2026-06-07,1907,N20,VIIRS,n,2,285.92,1.28,N,2
27.66946,85.67694,304.27,0.64,0.72,2026-06-07,1908,N20,VIIRS,n,2,285.31,1.59,N,0
27.67243,85.67994,302.38,0.64,0.72,2026-06-07,1908,N20,VIIRS,n,2,285.34,0.93,N,0
27.67266,85.67603,298.08,0.64,0.72,2026-06-07,1908,N20,VIIRS,n,2,285.64,0.93,N,0
29.22585,88.35084,306.85,0.46,0.63,2026-06-07,1908,N20,VIIRS,n,2,284.03,1.89,N,2
34.48456,72.80031,305.06,0.45,0.39,2026-06-07,2047,N20,VIIRS,n,2,290.83,0.45,N,0
34.48495,72.80364,308.66,0.45,0.39,2026-06-07,2047,N20,VIIRS,n,2,291.35,0.78,N,0
34.53068,73.33561,305.3,0.43,0.38,2026-06-07,2047,N20,VIIRS,n,2,290.68,0.65,N,0
34.69529,72.08622,318.25,0.48,0.4,2026-06-07,2047,N20,VIIRS,n,2,293.4,2,N,0
34.69894,72.08708,311.65,0.48,0.4,2026-06-07,2047,N20,VIIRS,n,2,292.45,1.3,N,0
34.83509,71.88203,307.05,0.49,0.41,2026-06-07,2047,N20,VIIRS,n,2,292.44,1.09,N,0
35.96848,68.68769,309.36,0.49,0.49,2026-06-07,2047,N20,VIIRS,n,2,294.17,1.95,N,2
29.22366,88.35148,304.75,0.57,0.69,2026-06-07,2048,N20,VIIRS,n,2,282.4,3.19,N,2
29.85516,79.80106,304.67,0.53,0.42,2026-06-07,2048,N20,VIIRS,n,2,289.56,0.78,N,0
29.85527,79.80441,301.03,0.53,0.42,2026-06-07,2048,N20,VIIRS,n,2,289.2,1.08,N,0
30.29178,77.72449,311.3,0.43,0.38,2026-06-07,2048,N20,VIIRS,n,2,296.62,1.78,N,0
30.69213,77.29751,329.73,0.41,0.37,2026-06-07,2048,N20,VIIRS,n,2,293.82,3.5,N,0
30.69677,77.492,301.87,0.42,0.37,2026-06-07,2048,N20,VIIRS,n,2,291.1,1.16,N,0
30.6975,77.48782,318.72,0.42,0.37,2026-06-07,2048,N20,VIIRS,n,2,291.92,1.16,N,0
30.70901,78.32572,298.12,0.44,0.39,2026-06-07,2048,N20,VIIRS,n,2,287.71,0.42,N,0
30.73715,77.21999,325.68,0.41,0.37,2026-06-07,2048,N20,VIIRS,n,2,294.63,1.73,N,0
30.7379,77.21567,305.76,0.41,0.37,2026-06-07,2048,N20,VIIRS,n,2,292.56,1.73,N,0
31.03225,74.41679,337.81,0.39,0.36,2026-06-07,2048,N20,VIIRS,n,2,299.19,4.68,N,0
31.18724,76.86406,304.97,0.4,0.37,2026-06-07,2048,N20,VIIRS,n,2,293.12,0.78,N,0
31.21961,76.89722,306.15,0.4,0.37,2026-06-07,2048,N20,VIIRS,n,2,291.7,0.78,N,0
31.22291,76.89812,303.77,0.4,0.37,2026-06-07,2048,N20,VIIRS,n,2,292.6,0.78,N,0
31.24208,77.22166,300.56,0.4,0.37,2026-06-07,2048,N20,VIIRS,n,2,290.52,0.77,N,0
31.24466,77.22687,302.84,0.41,0.37,2026-06-07,2048,N20,VIIRS,n,2,292.31,1.5,N,0
31.24872,77.22351,328.74,0.4,0.37,2026-06-07,2048,N20,VIIRS,n,2,292.89,1.5,N,0
31.25856,77.18684,307.37,0.4,0.37,2026-06-07,2048,N20,VIIRS,n,2,293.8,1.24,N,0
31.26819,77.13113,303.59,0.4,0.37,2026-06-07,2048,N20,VIIRS,n,2,290.73,0.45,N,0
31.2689,77.127,306.23,0.4,0.37,2026-06-07,2048,N20,VIIRS,n,2,291.01,0.81,N,0
31.27561,77.33031,309.77,0.41,0.37,2026-06-07,2048,N20,VIIRS,n,2,292.68,0.87,N,0
31.27835,77.33463,304.68,0.41,0.37,2026-06-07,2048,N20,VIIRS,n,2,291.19,1.04,N,0
31.279,77.33094,302.86,0.41,0.37,2026-06-07,2048,N20,VIIRS,n,2,291.18,0.87,N,0
31.28108,77.31889,311.62,0.41,0.37,2026-06-07,2048,N20,VIIRS,n,2,293.36,1.64,N,0
31.28366,77.34425,315.39,0.41,0.37,2026-06-07,2048,N20,VIIRS,n,2,289.56,0.89,N,0
31.287,77.34522,321.78,0.41,0.37,2026-06-07,2048,N20,VIIRS,n,2,290.61,1.5,N,0
31.28901,77.33369,329.3,0.41,0.37,2026-06-07,2048,N20,VIIRS,n,2,293.88,1.93,N,0
31.28971,77.32967,306.78,0.41,0.37,2026-06-07,2048,N20,VIIRS,n,2,292.57,1.93,N,0
31.29236,77.33456,319.99,0.41,0.37,2026-06-07,2048,N20,VIIRS,n,2,293.55,1.93,N,0
31.29283,77.33736,303.15,0.41,0.37,2026-06-07,2048,N20,VIIRS,n,2,292.85,0.58,N,0
31.316,76.95338,306.6,0.4,0.37,2026-06-07,2048,N20,VIIRS,n,2,292.77,0.84,N,0
31.31672,76.94918,311.4,0.4,0.37,2026-06-07,2048,N20,VIIRS,n,2,292.44,1.34,N,0
31.32924,76.89589,309.04,0.4,0.37,2026-06-07,2048,N20,VIIRS,n,2,295.11,0.92,N,2
31.37452,76.92649,302.89,0.4,0.37,2026-06-07,2048,N20,VIIRS,n,2,292.37,0.81,N,0
31.37775,76.6905,304.61,0.39,0.37,2026-06-07,2048,N20,VIIRS,n,2,294.27,0.74,N,0
31.40693,76.85795,310.69,0.4,0.37,2026-06-07,2048,N20,VIIRS,n,2,296.19,2.26,N,0
31.40906,76.94689,306.82,0.4,0.37,2026-06-07,2048,N20,VIIRS,n,2,292.11,0.79,N,0
31.49492,77.55309,303.6,0.41,0.37,2026-06-07,2048,N20,VIIRS,n,2,288.11,1.31,N,0
31.49572,77.54855,325.07,0.41,0.37,2026-06-07,2048,N20,VIIRS,n,2,288.71,1.31,N,0
31.49911,77.54919,302.99,0.41,0.37,2026-06-07,2048,N20,VIIRS,n,2,287.59,1.31,N,0
31.5363,76.53867,310.31,0.39,0.36,2026-06-07,2048,N20,VIIRS,n,2,294.62,1.27,N,0
31.5394,76.53846,305.93,0.39,0.36,2026-06-07,2048,N20,VIIRS,n,2,293.55,0.38,N,0
31.5468,76.30996,313.1,0.39,0.36,2026-06-07,2048,N20,VIIRS,n,2,296.49,1.92,N,0
31.6116,76.24818,314.66,0.39,0.36,2026-06-07,2048,N20,VIIRS,n,2,293.35,1.04,N,0
31.73302,76.46319,306.96,0.39,0.36,2026-06-07,2048,N20,VIIRS,n,2,294.87,1.02,N,0
31.76746,76.9105,311.35,0.4,0.37,2026-06-07,2048,N20,VIIRS,n,2,291.81,0.74,N,0
31.77845,77.04921,308.29,0.4,0.37,2026-06-07,2048,N20,VIIRS,n,2,289.53,1.55,N,0
31.82612,76.18854,310.45,0.39,0.36,2026-06-07,2048,N20,VIIRS,n,2,296.58,1.48,N,0
31.95091,76.40418,329.6,0.39,0.36,2026-06-07,2048,N20,VIIRS,n,2,294.93,2.32,N,0
32.02747,76.41628,338.95,0.39,0.36,2026-06-07,2048,N20,VIIRS,n,2,296.9,4.95,N,0
32.14346,76.03979,311.1,0.39,0.36,2026-06-07,2048,N20,VIIRS,n,2,294.78,0.75,N,0
32.19765,76.29359,317.84,0.39,0.36,2026-06-07,2048,N20,VIIRS,n,2,296.39,1.53,N,0
32.20029,76.29833,307.63,0.39,0.36,2026-06-07,2048,N20,VIIRS,n,2,295.23,0.96,N,0
32.37939,76.12118,303.66,0.39,0.36,2026-06-07,2048,N20,VIIRS,n,2,288.73,0.79,N,0
32.4166,76.01675,328.57,0.38,0.36,2026-06-07,2048,N20,VIIRS,n,2,294.65,1.68,N,0
32.41988,76.01749,303.43,0.38,0.36,2026-06-07,2048,N20,VIIRS,n,2,292.59,1.68,N,0
32.42913,76.04451,303.43,0.38,0.36,2026-06-07,2048,N20,VIIRS,n,2,292.29,0.68,N,0
32.42976,76.04052,302.13,0.38,0.36,2026-06-07,2048,N20,VIIRS,n,2,291.9,0.54,N,0
32.43099,75.99064,313.92,0.38,0.36,2026-06-07,2048,N20,VIIRS,n,2,293.65,1.16,N,0
32.4382,75.98806,330.02,0.38,0.36,2026-06-07,2048,N20,VIIRS,n,2,295.04,2.86,N,0
32.44216,76.00569,309.99,0.38,0.36,2026-06-07,2048,N20,VIIRS,n,2,293.73,1.4,N,0
32.45265,76.00375,321.43,0.38,0.36,2026-06-07,2048,N20,VIIRS,n,2,293.41,1.54,N,0
32.45658,76.00046,307.41,0.38,0.36,2026-06-07,2048,N20,VIIRS,n,2,293.44,1.54,N,0
32.45921,76.00522,310.05,0.38,0.36,2026-06-07,2048,N20,VIIRS,n,2,292.17,0.85,N,0
32.4612,76.01396,324.04,0.38,0.36,2026-06-07,2048,N20,VIIRS,n,2,292.77,1.74,N,0
32.47816,75.97171,304.95,0.38,0.36,2026-06-07,2048,N20,VIIRS,n,2,292.49,0.89,N,0
32.51237,76.14209,306.15,0.39,0.36,2026-06-07,2048,N20,VIIRS,n,2,289.4,0.8,N,0
32.51498,76.14694,319.3,0.39,0.36,2026-06-07,2048,N20,VIIRS,n,2,291.71,1.87,N,0
32.51564,76.14289,306.72,0.39,0.36,2026-06-07,2048,N20,VIIRS,n,2,290.27,0.8,N,0
32.52024,76.1355,306.22,0.39,0.36,2026-06-07,2048,N20,VIIRS,n,2,289.03,0.77,N,0
32.55759,76.09346,300.56,0.38,0.36,2026-06-07,2048,N20,VIIRS,n,2,288.47,0.43,N,0
32.56928,75.9996,303.07,0.38,0.36,2026-06-07,2048,N20,VIIRS,n,2,288.4,0.44,N,0
32.57256,76.00034,299,0.38,0.36,2026-06-07,2048,N20,VIIRS,n,2,288.77,0.44,N,0
32.57706,72.56357,311.5,0.44,0.38,2026-06-07,2048,N20,VIIRS,n,2,301.25,3.21,N,2
32.58498,75.98642,320.99,0.38,0.36,2026-06-07,2048,N20,VIIRS,n,2,291.01,1.57,N,0
32.64966,75.55663,309.41,0.38,0.36,2026-06-07,2048,N20,VIIRS,n,2,293.84,0.75,N,0
32.65068,75.19981,310.19,0.39,0.36,2026-06-07,2048,N20,VIIRS,n,2,295.93,1.85,N,0
32.65901,76.05625,301.5,0.38,0.36,2026-06-07,2048,N20,VIIRS,n,2,288.98,0.47,N,0
32.67675,76.09367,296.6,0.38,0.36,2026-06-07,2048,N20,VIIRS,n,2,286.43,0.35,N,0
32.72276,72.92564,307.82,0.43,0.38,2026-06-07,2048,N20,VIIRS,n,2,297.39,1.3,N,2
32.72894,75.26642,314,0.39,0.36,2026-06-07,2048,N20,VIIRS,n,2,292.3,1.46,N,0
32.73222,75.26709,313.8,0.39,0.36,2026-06-07,2048,N20,VIIRS,n,2,292.9,1.24,N,0
32.73347,75.25899,302.12,0.39,0.36,2026-06-07,2048,N20,VIIRS,n,2,291.79,0.89,N,0
32.73613,75.26371,317.17,0.39,0.36,2026-06-07,2048,N20,VIIRS,n,2,293.86,1.24,N,0
32.73676,75.25966,317.56,0.39,0.36,2026-06-07,2048,N20,VIIRS,n,2,293.21,0.89,N,0
32.75195,75.27104,305.55,0.39,0.36,2026-06-07,2048,N20,VIIRS,n,2,293.23,0.35,N,0
32.82737,74.8643,310.4,0.39,0.36,2026-06-07,2048,N20,VIIRS,n,2,297.83,1.72,N,0
32.89071,71.61595,310.65,0.48,0.4,2026-06-07,2048,N20,VIIRS,n,2,299.96,2.9,N,2
32.90023,75.3025,306.4,0.39,0.36,2026-06-07,2048,N20,VIIRS,n,2,293.01,1.04,N,0
32.9035,75.30323,313.89,0.39,0.36,2026-06-07,2048,N20,VIIRS,n,2,292.77,1.44,N,0
32.90469,75.02849,312.06,0.39,0.36,2026-06-07,2048,N20,VIIRS,n,2,295.46,1.45,N,0
32.92083,74.85342,329.47,0.39,0.36,2026-06-07,2048,N20,VIIRS,n,2,296.5,3.42,N,0
32.93834,74.53295,317.62,0.39,0.36,2026-06-07,2048,N20,VIIRS,n,2,297.74,3.01,N,0
32.93896,74.52879,332.05,0.39,0.36,2026-06-07,2048,N20,VIIRS,n,2,297.91,3.52,N,0
32.94228,74.52949,333.19,0.39,0.36,2026-06-07,2048,N20,VIIRS,n,2,298.91,3.52,N,0
32.95503,74.48341,309.23,0.39,0.36,2026-06-07,2048,N20,VIIRS,n,2,296.15,1.38,N,0
32.95564,74.47923,308.6,0.39,0.36,2026-06-07,2048,N20,VIIRS,n,2,296.92,1.44,N,0
32.97807,74.76725,320.87,0.39,0.36,2026-06-07,2048,N20,VIIRS,n,2,297.39,2.71,N,0
32.97886,75.07722,318.23,0.39,0.36,2026-06-07,2048,N20,VIIRS,n,2,294.82,2.1,N,0
32.98439,75.10796,323.55,0.39,0.36,2026-06-07,2048,N20,VIIRS,n,2,295.16,2.18,N,0
32.98615,74.4817,326.71,0.39,0.36,2026-06-07,2048,N20,VIIRS,n,2,297.73,1.72,N,0
32.98675,74.47757,315.6,0.39,0.36,2026-06-07,2048,N20,VIIRS,n,2,296,2.26,N,0
32.98825,74.49072,310.29,0.39,0.36,2026-06-07,2048,N20,VIIRS,n,2,297.01,1.82,N,0
32.98886,74.48656,310.69,0.39,0.36,2026-06-07,2048,N20,VIIRS,n,2,297.01,1.72,N,0
32.98947,74.48242,309.09,0.39,0.36,2026-06-07,2048,N20,VIIRS,n,2,295.77,1.72,N,0
32.99807,74.37669,306.18,0.4,0.37,2026-06-07,2048,N20,VIIRS,n,2,295.5,1.58,N,0
33.00447,75.15479,311.78,0.39,0.36,2026-06-07,2048,N20,VIIRS,n,2,291.67,1.17,N,0
33.00776,75.15548,326.92,0.39,0.36,2026-06-07,2048,N20,VIIRS,n,2,292.87,2.52,N,0
33.02666,74.36894,310.59,0.4,0.37,2026-06-07,2048,N20,VIIRS,n,2,294.42,1.59,N,0
33.03787,74.36275,305.63,0.4,0.37,2026-06-07,2048,N20,VIIRS,n,2,294.62,1.24,N,0
33.04094,74.34172,330.53,0.4,0.37,2026-06-07,2048,N20,VIIRS,n,2,296.11,3.67,N,0
33.04307,74.3507,323.29,0.4,0.37,2026-06-07,2048,N20,VIIRS,n,2,296.02,1.68,N,0
33.04368,74.34652,310.16,0.4,0.37,2026-06-07,2048,N20,VIIRS,n,2,295.13,1.68,N,0
33.09258,74.35473,304.24,0.4,0.37,2026-06-07,2048,N20,VIIRS,n,2,293.16,0.51,N,0
33.1077,74.96745,330.65,0.39,0.36,2026-06-07,2048,N20,VIIRS,n,2,293.23,4.1,N,0
33.10869,74.73446,310.96,0.39,0.36,2026-06-07,2048,N20,VIIRS,n,2,294.66,2.24,N,0
33.12368,74.77134,315.02,0.39,0.36,2026-06-07,2048,N20,VIIRS,n,2,296.19,1.26,N,0
33.12428,74.7673,307.4,0.39,0.36,2026-06-07,2048,N20,VIIRS,n,2,295.62,1.26,N,0
33.12643,74.72997,305.79,0.39,0.36,2026-06-07,2048,N20,VIIRS,n,2,293.16,1.25,N,0
33.13099,75.06117,311.84,0.39,0.36,2026-06-07,2048,N20,VIIRS,n,2,292.83,1.62,N,0
33.13411,74.97283,307.74,0.39,0.36,2026-06-07,2048,N20,VIIRS,n,2,292.77,1.22,N,0
33.1349,75.05783,317.28,0.39,0.36,2026-06-07,2048,N20,VIIRS,n,2,293.78,1.62,N,0
33.13552,75.05379,336.4,0.39,0.36,2026-06-07,2048,N20,VIIRS,n,2,293.6,3.73,N,0
33.13597,74.96051,317.36,0.39,0.36,2026-06-07,2048,N20,VIIRS,n,2,292.04,1.24,N,0
33.1366,74.95627,307.81,0.39,0.36,2026-06-07,2048,N20,VIIRS,n,2,292.36,1.24,N,0
33.13821,75.05844,305.48,0.39,0.36,2026-06-07,2048,N20,VIIRS,n,2,292.83,0.96,N,0
33.14114,74.69681,306.07,0.39,0.36,2026-06-07,2048,N20,VIIRS,n,2,291.74,0.26,N,0
33.14134,75.0377,317.53,0.39,0.36,2026-06-07,2048,N20,VIIRS,n,2,295.19,2.61,N,0
33.14386,74.95325,325.61,0.39,0.36,2026-06-07,2048,N20,VIIRS,n,2,294.63,2.19,N,0
33.14593,74.96211,312.73,0.39,0.36,2026-06-07,2048,N20,VIIRS,n,2,294.49,4.12,N,0
33.14655,74.95797,343.33,0.39,0.36,2026-06-07,2048,N20,VIIRS,n,2,297.1,4.12,N,0
33.14927,74.71104,309.28,0.39,0.36,2026-06-07,2048,N20,VIIRS,n,2,292.39,0.88,N,0
33.15259,74.71162,313.21,0.39,0.36,2026-06-07,2048,N20,VIIRS,n,2,293.22,0.88,N,0
33.17191,74.71952,306.4,0.39,0.36,2026-06-07,2048,N20,VIIRS,n,2,293.29,0.84,N,0
33.17311,74.98518,315.08,0.39,0.36,2026-06-07,2048,N20,VIIRS,n,2,292.29,1.52,N,0
33.18889,74.99332,302.56,0.39,0.36,2026-06-07,2048,N20,VIIRS,n,2,290.38,0.76,N,0
33.19215,74.99425,305.48,0.39,0.36,2026-06-07,2048,N20,VIIRS,n,2,289.89,0.76,N,0
33.19316,74.13559,304.81,0.4,0.37,2026-06-07,2048,N20,VIIRS,n,2,293.62,0.76,N,0
33.2364,71.51411,306.75,0.49,0.4,2026-06-07,2048,N20,VIIRS,n,2,295.36,0.8,N,2
33.26616,74.31071,306.03,0.4,0.37,2026-06-07,2048,N20,VIIRS,n,2,293.28,0.83,N,0
33.26951,74.31142,312.45,0.4,0.37,2026-06-07,2048,N20,VIIRS,n,2,294.28,1.5,N,0
33.28147,74.1571,307.54,0.4,0.37,2026-06-07,2048,N20,VIIRS,n,2,294.19,1.05,N,0
33.28257,74.02853,310.6,0.4,0.37,2026-06-07,2048,N20,VIIRS,n,2,293.06,1.47,N,0
33.29327,74.29003,307.06,0.4,0.37,2026-06-07,2048,N20,VIIRS,n,2,292.89,1,N,0
33.30328,74.29225,305.86,0.4,0.37,2026-06-07,2048,N20,VIIRS,n,2,293.78,0.7,N,0
33.30522,74.29097,305.69,0.4,0.37,2026-06-07,2048,N20,VIIRS,n,2,294.24,0.93,N,0
33.30856,74.29169,312.94,0.4,0.37,2026-06-07,2048,N20,VIIRS,n,2,294.34,0.93,N,0
33.31858,74.29393,317.03,0.4,0.37,2026-06-07,2048,N20,VIIRS,n,2,294.72,1.89,N,0
33.36998,74.20007,310.84,0.4,0.37,2026-06-07,2048,N20,VIIRS,n,2,293.19,1.11,N,0
33.37059,74.19588,302.15,0.4,0.37,2026-06-07,2048,N20,VIIRS,n,2,290.71,0.63,N,0
33.41784,74.22709,309.2,0.4,0.37,2026-06-07,2048,N20,VIIRS,n,2,291.2,0.98,N,0
33.47301,74.16695,305.36,0.4,0.37,2026-06-07,2048,N20,VIIRS,n,2,290.96,1.05,N,0
33.47636,74.16776,309.88,0.4,0.37,2026-06-07,2048,N20,VIIRS,n,2,291.17,1.05,N,0
33.47696,74.16356,316.85,0.4,0.37,2026-06-07,2048,N20,VIIRS,n,2,291.35,1.49,N,0
33.50168,74.15978,305.21,0.4,0.37,2026-06-07,2048,N20,VIIRS,n,2,290.57,0.61,N,0
33.64045,73.92196,307.15,0.41,0.37,2026-06-07,2048,N20,VIIRS,n,2,292.75,0.91,N,0
33.64442,73.91848,314.47,0.41,0.37,2026-06-07,2048,N20,VIIRS,n,2,292.42,1.51,N,0
33.76442,73.55813,308.97,0.42,0.38,2026-06-07,2048,N20,VIIRS,n,2,292.11,0.53,N,0
33.76788,73.55849,309.82,0.42,0.38,2026-06-07,2048,N20,VIIRS,n,2,292.37,0.62,N,0
33.77194,73.55457,303.92,0.42,0.38,2026-06-07,2048,N20,VIIRS,n,2,292.44,0.62,N,0
33.77481,73.55927,304.4,0.42,0.38,2026-06-07,2048,N20,VIIRS,n,2,293.09,0.71,N,0
26.55441,80.52078,310.29,0.44,0.46,2026-06-07,2049,N20,VIIRS,n,2,296.13,4.51,N,0
26.92803,73.46896,307.4,0.39,0.36,2026-06-07,2049,N20,VIIRS,n,2,296.99,0.78,N,2
28.05201,69.36674,319.72,0.55,0.42,2026-06-07,2049,N20,VIIRS,n,2,302.1,1.37,N,2
28.11413,68.83772,312.2,0.39,0.44,2026-06-07,2049,N20,VIIRS,n,2,302.04,0.45,N,0
28.1329,76.89763,309.64,0.42,0.38,2026-06-07,2049,N20,VIIRS,n,2,295.31,1.4,N,0
28.17175,76.85814,306.47,0.42,0.38,2026-06-07,2049,N20,VIIRS,n,2,296.23,1.6,N,0
28.17323,68.93782,333.78,0.39,0.44,2026-06-07,2049,N20,VIIRS,n,2,302.35,1.31,N,0
28.22271,68.17732,312.3,0.43,0.46,2026-06-07,2049,N20,VIIRS,n,2,301.75,0.54,N,0
28.2476,68.2206,316.13,0.42,0.45,2026-06-07,2049,N20,VIIRS,n,2,302.82,1.15,N,0
28.25924,68.3165,328.1,0.42,0.45,2026-06-07,2049,N20,VIIRS,n,2,302.83,2.3,N,0
28.26245,68.32566,326.54,0.42,0.45,2026-06-07,2049,N20,VIIRS,n,2,303.17,2.87,N,0
28.27574,68.93327,313.99,0.39,0.44,2026-06-07,2049,N20,VIIRS,n,2,301.63,1.46,N,0
28.27676,68.93678,317.18,0.39,0.44,2026-06-07,2049,N20,VIIRS,n,2,302.21,1.75,N,0
28.27755,77.27465,309.43,0.43,0.38,2026-06-07,2049,N20,VIIRS,n,2,296.38,0.78,N,0
28.3326,69.38564,310.81,0.55,0.43,2026-06-07,2049,N20,VIIRS,n,2,300.32,0.96,N,0
28.36898,68.05595,316.7,0.44,0.46,2026-06-07,2049,N20,VIIRS,n,2,301.41,1.57,N,0
28.36951,68.05318,319.91,0.43,0.46,2026-06-07,2049,N20,VIIRS,n,2,301.41,1.5,N,0
28.40467,68.0837,315.81,0.43,0.46,2026-06-07,2049,N20,VIIRS,n,2,301.37,0.91,N,0
28.4284,68.02373,311.87,0.44,0.46,2026-06-07,2049,N20,VIIRS,n,2,300.19,1.03,N,0
28.4514,68.04973,314.06,0.44,0.46,2026-06-07,2049,N20,VIIRS,n,2,301.45,1.15,N,0
28.45189,68.04526,312.15,0.44,0.46,2026-06-07,2049,N20,VIIRS,n,2,300.47,1.15,N,0
28.45432,68.82412,327.4,0.39,0.44,2026-06-07,2049,N20,VIIRS,n,2,301.43,1.27,N,0
28.47161,69.55648,310.6,0.54,0.42,2026-06-07,2049,N20,VIIRS,n,2,300.56,1.02,N,0
28.52883,68.67663,318.3,0.4,0.44,2026-06-07,2049,N20,VIIRS,n,2,300.07,0.89,N,0
28.52929,68.6725,310.65,0.4,0.44,2026-06-07,2049,N20,VIIRS,n,2,300.37,0.89,N,0
28.65149,77.58977,312.17,0.44,0.38,2026-06-07,2049,N20,VIIRS,n,2,296.42,1.03,N,0
28.71247,76.83272,305.86,0.41,0.37,2026-06-07,2049,N20,VIIRS,n,2,295.65,0.48,N,0
28.74397,76.93414,317.89,0.42,0.37,2026-06-07,2049,N20,VIIRS,n,2,295.28,0.85,N,2
28.74472,76.92995,310.46,0.42,0.37,2026-06-07,2049,N20,VIIRS,n,2,295.68,0.85,N,2
28.83842,77.13919,312.71,0.42,0.38,2026-06-07,2049,N20,VIIRS,n,2,296.99,0.88,N,2
28.88767,77.10172,307.14,0.42,0.38,2026-06-07,2049,N20,VIIRS,n,2,296.91,0.78,N,0
29.1238,75.77928,311.35,0.39,0.36,2026-06-07,2049,N20,VIIRS,n,2,298.74,0.82,N,2
21.78967,80.0176,302.65,0.5,0.49,2026-06-07,2050,N20,VIIRS,n,2,279.67,0.97,N,2
21.79226,80.01595,303.36,0.5,0.49,2026-06-07,2050,N20,VIIRS,n,2,279.76,1.03,N,2
23.16466,82.34036,307.55,0.33,0.55,2026-06-07,2050,N20,VIIRS,n,2,266.73,0.98,N,2
23.16491,82.34235,303.44,0.33,0.55,2026-06-07,2050,N20,VIIRS,n,2,266.06,0.97,N,2
23.16538,82.33714,310.81,0.33,0.55,2026-06-07,2050,N20,VIIRS,n,2,267.2,1.74,N,2
23.16559,82.33916,311.26,0.33,0.55,2026-06-07,2050,N20,VIIRS,n,2,266.95,0.97,N,2
23.16629,82.33593,304.54,0.33,0.55,2026-06-07,2050,N20,VIIRS,n,2,266.62,1,N,2
23.16897,82.34466,297.36,0.33,0.55,2026-06-07,2050,N20,VIIRS,n,2,267.18,0.98,N,2
23.16992,82.34349,296.94,0.33,0.55,2026-06-07,2050,N20,VIIRS,n,2,266.58,0.38,N,2
24.17817,82.64893,299.16,0.33,0.55,2026-06-07,2050,N20,VIIRS,n,2,264.06,0.34,N,0
24.3,77.43293,310.63,0.49,0.4,2026-06-07,2050,N20,VIIRS,n,2,297.13,1.27,N,0
24.66252,74.6346,311.18,0.39,0.36,2026-06-07,2050,N20,VIIRS,n,2,299.53,3.74,N,2
24.76284,74.60701,308.48,0.39,0.36,2026-06-07,2050,N20,VIIRS,n,2,295.64,2.44,N,2
24.76522,74.61065,311.22,0.39,0.36,2026-06-07,2050,N20,VIIRS,n,2,296.12,2.25,N,2
25.38885,68.5827,313.53,0.56,0.43,2026-06-07,2050,N20,VIIRS,n,2,298.82,1.36,N,2
25.94423,72.1908,331.4,0.4,0.37,2026-06-07,2050,N20,VIIRS,n,2,301.23,2.76,N,0
19.936,73.71136,305.36,0.4,0.37,2026-06-07,2051,N20,VIIRS,n,2,291.34,0.57,N,2
20.23543,72.96304,320.5,0.39,0.36,2026-06-07,2051,N20,VIIRS,n,2,286.63,2.26,N,0
20.70494,78.62312,310.78,0.43,0.46,2026-06-07,2051,N20,VIIRS,n,2,291.75,7.54,N,2
20.7291,78.14834,318.76,0.4,0.45,2026-06-07,2051,N20,VIIRS,n,2,289.87,2.43,N,0
20.79797,75.70457,333.12,0.45,0.39,2026-06-07,2051,N20,VIIRS,n,2,286.82,11.59,N,0
20.91186,71.45922,314.35,0.39,0.36,2026-06-07,2051,N20,VIIRS,n,2,295.39,0.83,N,2
21.10058,72.63797,316,0.38,0.36,2026-06-07,2051,N20,VIIRS,n,2,270.53,3.08,N,2
21.10116,72.6343,318.81,0.38,0.36,2026-06-07,2051,N20,VIIRS,n,2,271.73,3.08,N,2
21.10387,72.63856,329.67,0.38,0.36,2026-06-07,2051,N20,VIIRS,n,2,271.57,3.08,N,2
21.10445,72.6349,334.31,0.38,0.36,2026-06-07,2051,N20,VIIRS,n,2,271.07,3.08,N,2
21.10543,72.65015,305.87,0.38,0.36,2026-06-07,2051,N20,VIIRS,n,2,282.73,2.32,N,2
21.10601,72.64648,329.86,0.38,0.36,2026-06-07,2051,N20,VIIRS,n,2,280.78,4.05,N,2
21.20079,71.18559,307.74,0.4,0.37,2026-06-07,2051,N20,VIIRS,n,2,296.8,1.61,N,0
21.2506,79.21001,313.78,0.46,0.47,2026-06-07,2051,N20,VIIRS,n,2,288.29,3.22,N,2
21.33914,78.89278,311.58,0.44,0.46,2026-06-07,2051,N20,VIIRS,n,2,287.55,0.64,N,0
22.26447,75.13432,316.9,0.42,0.37,2026-06-07,2051,N20,VIIRS,n,2,298.92,1.5,N,2
22.41739,69.03893,313.16,0.49,0.4,2026-06-07,2051,N20,VIIRS,n,2,298.64,4.02,N,2
22.59546,70.2315,309.05,0.44,0.38,2026-06-07,2051,N20,VIIRS,n,2,297.33,2.75,N,0
22.76169,72.8206,317.51,0.38,0.36,2026-06-07,2051,N20,VIIRS,n,2,291.96,2.67,N,0
22.82284,69.68092,313.6,0.46,0.39,2026-06-07,2051,N20,VIIRS,n,2,298.76,3.66,N,0
23.43959,68.71651,310.05,0.52,0.42,2026-06-07,2051,N20,VIIRS,n,2,297.98,3.03,N,0
18.8708,73.76895,300.29,0.4,0.37,2026-06-07,2052,N20,VIIRS,n,2,283.05,0.4,N,0
19.10126,73.05238,316.13,0.39,0.36,2026-06-07,2052,N20,VIIRS,n,2,284.4,1.67,N,2
19.28024,71.42747,312.37,0.39,0.36,2026-06-07,2052,N20,VIIRS,n,2,296.99,3.49,N,3
19.36945,71.35587,326.11,0.39,0.36,2026-06-07,2052,N20,VIIRS,n,2,292.62,4.26,N,3
19.37001,71.35219,330.96,0.39,0.36,2026-06-07,2052,N20,VIIRS,n,2,291.28,4.26,N,3
19.37277,71.35643,309.57,0.39,0.36,2026-06-07,2052,N20,VIIRS,n,2,291.37,4.26,N,3
11.18252,79.10002,310.89,0.35,0.56,2026-06-07,2053,N20,VIIRS,n,2,282.47,0.69,N,2
11.80892,77.92169,310.2,0.56,0.52,2026-06-07,2053,N20,VIIRS,n,2,287.17,2.95,N,2
12.08376,79.83541,299.26,0.37,0.58,2026-06-07,2053,N20,VIIRS,n,2,272.02,0.26,N,0
13.21398,80.07509,310.18,0.37,0.58,2026-06-07,2053,N20,VIIRS,n,2,279.78,0.62,N,0
13.39319,80.10117,303.97,0.37,0.58,2026-06-07,2053,N20,VIIRS,n,2,277.72,0.74,N,2