latitude,longitude,bright_ti4,scan,track,acq_date,acq_time,satellite,instrument,confidence,version,bright_ti5,frp,daynight,type
19.05684,84.47046,328.27,0.6,0.71,2026-06-28,648,N20,VIIRS,n,2,286.41,3.81,D,0
20.88995,84.98215,330.32,0.51,0.66,2026-06-28,648,N20,VIIRS,n,2,286.73,6.3,D,2
20.95965,86.0078,345.48,0.44,0.62,2026-06-28,648,N20,VIIRS,n,2,285.51,6.12,D,2
20.96268,86.00632,333.99,0.44,0.62,2026-06-28,648,N20,VIIRS,n,2,286.78,3.53,D,2
20.96649,85.18044,330.01,0.49,0.65,2026-06-28,648,N20,VIIRS,n,2,285.47,5.9,D,2
29.23005,88.89474,335.07,0.4,0.44,2026-06-28,650,N20,VIIRS,n,2,293.88,3.22,D,0
33.61056,92.0825,336.49,0.4,0.37,2026-06-28,651,N20,VIIRS,n,2,298.26,3.31,D,0
36.28477,95.25051,343.63,0.42,0.37,2026-06-28,652,N20,VIIRS,l,2,317.43,8.65,D,0
36.28819,95.24987,344.76,0.42,0.37,2026-06-28,652,N20,VIIRS,l,2,316.38,10.88,D,0
36.2888,95.25446,343.38,0.42,0.37,2026-06-28,652,N20,VIIRS,l,2,315.79,11.02,D,0
8.1844,81.09676,335.92,0.49,0.49,2026-06-28,825,N20,VIIRS,n,2,286.3,6.7,D,0
8.6303,77.51188,334.78,0.46,0.39,2026-06-28,825,N20,VIIRS,n,2,298.81,1.74,D,0
8.71172,80.95291,340.63,0.49,0.48,2026-06-28,825,N20,VIIRS,n,2,296.18,8.72,D,0
8.76172,80.40974,330.25,0.45,0.47,2026-06-28,825,N20,VIIRS,n,2,296.55,2.52,D,0
8.91192,78.0192,338.07,0.49,0.4,2026-06-28,825,N20,VIIRS,n,2,296.72,4.65,D,0
9.08915,80.59953,338.46,0.47,0.48,2026-06-28,825,N20,VIIRS,n,2,297.97,8.7,D,0
9.14505,77.95123,332.96,0.49,0.4,2026-06-28,825,N20,VIIRS,n,2,299.01,1.38,D,0
9.1592,77.94471,336.92,0.49,0.4,2026-06-28,825,N20,VIIRS,n,2,299.46,3.15,D,0
9.19888,77.83289,330.87,0.48,0.4,2026-06-28,825,N20,VIIRS,n,2,295.71,2.18,D,0
9.2316,77.51747,335.35,0.46,0.39,2026-06-28,825,N20,VIIRS,n,2,293.75,4.76,D,0
9.23222,77.52168,342.63,0.46,0.39,2026-06-28,825,N20,VIIRS,n,2,293.31,5.44,D,0
9.32385,77.76702,340.8,0.48,0.4,2026-06-28,825,N20,VIIRS,n,2,298.07,7.31,D,0
9.32876,77.7752,333.79,0.48,0.4,2026-06-28,825,N20,VIIRS,n,2,298.81,4.56,D,0
9.33673,77.7785,333.25,0.48,0.4,2026-06-28,825,N20,VIIRS,n,2,298.64,2.59,D,0
9.40195,78.77369,337.02,0.54,0.42,2026-06-28,825,N20,VIIRS,n,2,299.67,4.89,D,0
9.56524,80.43537,339.3,0.46,0.47,2026-06-28,825,N20,VIIRS,n,2,287.79,3.84,D,0
9.59277,80.09246,338.26,0.44,0.46,2026-06-28,825,N20,VIIRS,n,2,291.14,3.08,D,3
9.69951,77.62761,333.53,0.48,0.4,2026-06-28,826,N20,VIIRS,n,2,296.17,3.97,D,0
9.78566,77.9715,330.48,0.5,0.41,2026-06-28,826,N20,VIIRS,n,2,298.38,3.01,D,0
10.04856,77.95055,333.76,0.5,0.41,2026-06-28,826,N20,VIIRS,n,2,291.38,3.19,D,0
10.17955,78.92374,332.54,0.57,0.43,2026-06-28,826,N20,VIIRS,n,2,296.79,2.52,D,0
10.34414,79.85271,330.62,0.44,0.46,2026-06-28,826,N20,VIIRS,n,2,297.63,1.63,D,0
10.65405,79.50141,331.14,0.42,0.45,2026-06-28,826,N20,VIIRS,n,2,287.08,2.08,D,0
11.30068,79.16211,333.19,0.4,0.45,2026-06-28,826,N20,VIIRS,n,2,299.59,4.32,D,0
11.46043,79.15025,337.64,0.41,0.45,2026-06-28,826,N20,VIIRS,n,2,301.14,4.55,D,0
11.61331,77.65108,342.53,0.5,0.41,2026-06-28,826,N20,VIIRS,n,2,297.99,3.99,D,0
11.70479,78.74562,338.16,0.39,0.44,2026-06-28,826,N20,VIIRS,n,2,299.05,9.05,D,0
11.70526,78.74908,340.83,0.39,0.44,2026-06-28,826,N20,VIIRS,n,2,297.04,8.47,D,0
11.70831,78.74135,341.48,0.39,0.44,2026-06-28,826,N20,VIIRS,n,2,297.49,3.8,D,0
11.71995,78.67667,343.24,0.38,0.43,2026-06-28,826,N20,VIIRS,n,2,294.9,4.94,D,0
11.8646,76.83858,336.09,0.46,0.39,2026-06-28,826,N20,VIIRS,n,2,295.87,5.83,D,0
11.98416,79.49027,335.02,0.43,0.46,2026-06-28,826,N20,VIIRS,n,2,297.46,2.03,D,0
12.09416,79.57026,332.19,0.44,0.46,2026-06-28,826,N20,VIIRS,n,2,297.69,2.57,D,0
12.39248,78.41557,335.49,0.57,0.43,2026-06-28,826,N20,VIIRS,n,2,299.47,4.42,D,0
12.5029,79.73552,341.42,0.46,0.47,2026-06-28,826,N20,VIIRS,n,2,296.72,5.24,D,0
12.55188,80.00947,331.32,0.48,0.48,2026-06-28,826,N20,VIIRS,n,2,296.55,4.88,D,0
12.87176,79.921,345.66,0.48,0.48,2026-06-28,826,N20,VIIRS,n,2,298.17,5.38,D,0
12.93799,79.94872,337.44,0.48,0.48,2026-06-28,826,N20,VIIRS,n,2,297.83,6.84,D,0
12.9408,79.97092,342.78,0.48,0.48,2026-06-28,826,N20,VIIRS,n,2,298.29,5.7,D,0
13.0171,79.6569,333.45,0.46,0.47,2026-06-28,826,N20,VIIRS,n,2,297.35,3.64,D,0
13.04488,79.17009,332.11,0.43,0.46,2026-06-28,826,N20,VIIRS,n,2,295.08,1.86,D,0
13.09538,78.09212,335.34,0.55,0.43,2026-06-28,826,N20,VIIRS,n,2,298.23,8.33,D,0
13.54813,76.85037,331.61,0.48,0.4,2026-06-28,827,N20,VIIRS,n,2,297.76,4.87,D,0
13.92295,80.02522,335.52,0.5,0.49,2026-06-28,827,N20,VIIRS,n,2,288.48,4.87,D,0
13.92688,80.02,347.75,0.5,0.49,2026-06-28,827,N20,VIIRS,n,2,290.44,2.85,D,0
14.05965,78.40293,339.76,0.4,0.44,2026-06-28,827,N20,VIIRS,n,2,298.18,4.72,D,0
14.1704,79.18716,338.19,0.44,0.46,2026-06-28,827,N20,VIIRS,n,2,292.08,6.71,D,0
15.23221,78.18045,336.49,0.4,0.44,2026-06-28,827,N20,VIIRS,n,2,296.15,3.31,D,0
15.45535,78.50019,341.29,0.42,0.45,2026-06-28,827,N20,VIIRS,n,2,295.31,3.69,D,0
15.45585,78.50408,338.1,0.42,0.45,2026-06-28,827,N20,VIIRS,n,2,294.27,3.69,D,0
15.53831,76.68838,333.99,0.49,0.41,2026-06-28,827,N20,VIIRS,n,2,297.95,2.07,D,0
15.63927,79.25359,336.73,0.47,0.48,2026-06-28,827,N20,VIIRS,n,2,293.04,4.26,D,0
16.64918,78.38058,334.42,0.43,0.46,2026-06-28,827,N20,VIIRS,n,2,294.02,2.62,D,0
16.69767,77.75628,332.14,0.39,0.44,2026-06-28,827,N20,VIIRS,n,2,295.53,2.12,D,0
16.72107,76.42261,336.32,0.49,0.41,2026-06-28,828,N20,VIIRS,n,2,294.66,6.41,D,0
17.06616,78.37785,331.64,0.43,0.46,2026-06-28,828,N20,VIIRS,n,2,294.28,2.47,D,0
18.60712,74.43217,337.36,0.42,0.38,2026-06-28,828,N20,VIIRS,n,2,300.89,6.2,D,0
18.661,74.1696,345.44,0.41,0.37,2026-06-28,828,N20,VIIRS,n,2,299.42,6.08,D,0
18.69307,74.12465,335.67,0.41,0.37,2026-06-28,828,N20,VIIRS,n,2,296.29,3.67,D,0
19.40169,75.83686,344.36,0.49,0.41,2026-06-28,828,N20,VIIRS,n,2,295.6,12.21,D,0
20.96561,86.01522,336.17,0.76,0.77,2026-06-28,828,N20,VIIRS,n,2,280.69,11.52,D,2
20.96943,86.01553,333.99,0.76,0.77,2026-06-28,828,N20,VIIRS,n,2,279.42,11.82,D,2
21.0448,72.92223,335.08,0.4,0.37,2026-06-28,829,N20,VIIRS,n,2,300.64,1.36,D,0
21.37959,72.68816,340.46,0.39,0.37,2026-06-28,829,N20,VIIRS,n,2,303.16,9.59,D,0
21.51038,72.84226,344.24,0.4,0.37,2026-06-28,829,N20,VIIRS,n,2,301.84,2.87,D,0
21.55759,73.02734,342.76,0.4,0.37,2026-06-28,829,N20,VIIRS,n,2,306.17,10.28,D,0
22.11276,72.57801,340.01,0.4,0.37,2026-06-28,829,N20,VIIRS,n,2,301.73,12.6,D,0
22.36214,82.30353,332.3,0.45,0.63,2026-06-28,829,N20,VIIRS,n,2,276.07,8.05,D,2
22.66608,72.02242,340.81,0.39,0.36,2026-06-28,829,N20,VIIRS,n,2,299.18,9.75,D,0
22.67577,72.79738,332.28,0.4,0.37,2026-06-28,829,N20,VIIRS,n,2,294.46,2.86,D,0
23.1481,72.33065,337.31,0.4,0.37,2026-06-28,829,N20,VIIRS,n,2,299.01,3.18,D,0
23.31226,73.4059,340.56,0.42,0.38,2026-06-28,829,N20,VIIRS,n,2,294.49,4.86,D,0
22.92733,70.10796,339.19,0.39,0.36,2026-06-28,830,N20,VIIRS,l,2,311,8.19,D,0
23.9323,72.19498,341.46,0.4,0.37,2026-06-28,830,N20,VIIRS,n,2,300.77,6.16,D,0
24.36276,71.77394,340.1,0.39,0.36,2026-06-28,830,N20,VIIRS,n,2,305.43,5.08,D,0
25.06604,75.83773,336.98,0.38,0.43,2026-06-28,830,N20,VIIRS,n,2,300.06,2.49,D,0
25.29016,73.07907,340.75,0.43,0.38,2026-06-28,830,N20,VIIRS,n,2,305.08,11.77,D,0
25.29108,73.07537,341.49,0.43,0.38,2026-06-28,830,N20,VIIRS,n,2,305.2,11.77,D,0
25.6696,79.9657,339.52,0.35,0.57,2026-06-28,830,N20,VIIRS,n,2,293.41,2.44,D,0
25.67452,79.96167,337.11,0.35,0.57,2026-06-28,830,N20,VIIRS,n,2,293.61,2.44,D,0
25.67483,79.96518,334.24,0.35,0.57,2026-06-28,830,N20,VIIRS,n,2,293.74,2.44,D,0
26.02859,74.54839,335.54,0.5,0.41,2026-06-28,830,N20,VIIRS,n,2,299.55,2.74,D,0
26.33944,79.46651,334.65,0.33,0.55,2026-06-28,830,N20,VIIRS,n,2,288.79,1.85,D,0
26.9488,79.11158,338.96,0.32,0.54,2026-06-28,830,N20,VIIRS,n,2,295.03,2.35,D,0
27.00138,79.36192,330.63,0.33,0.55,2026-06-28,830,N20,VIIRS,n,2,294.7,3.07,D,0
27.01497,79.64052,333.12,0.34,0.56,2026-06-28,830,N20,VIIRS,n,2,293.19,1.73,D,0
27.07275,78.75073,344.13,0.61,0.53,2026-06-28,830,N20,VIIRS,n,2,295.04,7.86,D,0
27.19684,79.28722,330.64,0.33,0.55,2026-06-28,830,N20,VIIRS,n,2,294.55,4.28,D,0
27.21834,79.66299,335.26,0.35,0.56,2026-06-28,830,N20,VIIRS,n,2,293.2,3.98,D,0
27.24869,79.46656,342.91,0.34,0.56,2026-06-28,830,N20,VIIRS,n,2,294.77,3.79,D,0
27.36938,79.1232,331.36,0.32,0.55,2026-06-28,830,N20,VIIRS,n,2,294.66,1.44,D,0
27.16511,68.06752,367,0.41,0.37,2026-06-28,831,N20,VIIRS,h,2,308.84,31.97,D,0
27.50834,71.96525,347.22,0.41,0.37,2026-06-28,831,N20,VIIRS,n,2,315.41,1.39,D,0
27.53686,71.94393,348.23,0.41,0.37,2026-06-28,831,N20,VIIRS,n,2,315.99,4.3,D,0
27.55788,71.94456,349.72,0.41,0.37,2026-06-28,831,N20,VIIRS,n,2,315.86,4.88,D,0
27.55845,71.94872,348.55,0.41,0.37,2026-06-28,831,N20,VIIRS,n,2,315.78,2.06,D,0
27.57662,72.21134,353.07,0.42,0.38,2026-06-28,831,N20,VIIRS,n,2,315.35,5.76,D,0
27.58348,72.23615,352.55,0.42,0.38,2026-06-28,831,N20,VIIRS,n,2,315.49,3.73,D,0
27.58405,72.24039,350.94,0.42,0.38,2026-06-28,831,N20,VIIRS,n,2,315.2,3.73,D,0
27.58578,72.22709,348.32,0.42,0.38,2026-06-28,831,N20,VIIRS,n,2,315.17,4.72,D,0
27.59323,72.23015,350.1,0.42,0.38,2026-06-28,831,N20,VIIRS,n,2,315.01,5.31,D,0
28.13906,80.17812,347.98,0.38,0.59,2026-06-28,831,N20,VIIRS,n,2,292.72,5.44,D,0
28.17132,80.23872,349.41,0.39,0.59,2026-06-28,831,N20,VIIRS,n,2,293.62,5.71,D,0
28.58032,77.02218,330.26,0.5,0.49,2026-06-28,831,N20,VIIRS,n,2,298.9,3.94,D,0
28.69276,82.05135,330.08,0.51,0.66,2026-06-28,831,N20,VIIRS,n,2,290.74,8.72,D,0
28.69296,82.05447,332.95,0.51,0.66,2026-06-28,831,N20,VIIRS,n,2,289.4,7.48,D,0
28.76146,80.16991,335.73,0.39,0.59,2026-06-28,831,N20,VIIRS,n,2,291.16,4.79,D,0
28.76176,80.17393,349.83,0.39,0.59,2026-06-28,831,N20,VIIRS,n,2,291.58,6.38,D,0
29.41278,71.3065,346.73,0.41,0.37,2026-06-28,831,N20,VIIRS,n,2,307.11,8.71,D,0
29.44327,71.78326,341.37,0.42,0.38,2026-06-28,831,N20,VIIRS,n,2,307.61,5.79,D,0
29.44566,71.78305,346.88,0.42,0.38,2026-06-28,831,N20,VIIRS,n,2,307.64,5.56,D,0
29.45366,71.68479,347.08,0.42,0.37,2026-06-28,831,N20,VIIRS,n,2,310.18,10.1,D,0
29.45771,71.82075,339.4,0.42,0.38,2026-06-28,831,N20,VIIRS,n,2,308.56,4.59,D,0
29.46287,71.85977,338.23,0.42,0.38,2026-06-28,831,N20,VIIRS,l,2,308.61,4.05,D,0
29.47151,71.45519,346.8,0.41,0.37,2026-06-28,831,N20,VIIRS,n,2,310.39,5.56,D,0
29.47897,71.95508,333.18,0.43,0.38,2026-06-28,831,N20,VIIRS,l,2,305.06,1.85,D,0
29.48762,71.85991,348.37,0.42,0.38,2026-06-28,831,N20,VIIRS,n,2,308.92,7.13,D,0
29.49045,71.80175,346.18,0.42,0.38,2026-06-28,831,N20,VIIRS,n,2,308.82,9.62,D,0
29.49789,71.77834,338.31,0.42,0.38,2026-06-28,831,N20,VIIRS,l,2,309.91,3.72,D,0
29.49877,71.45035,348.42,0.41,0.37,2026-06-28,831,N20,VIIRS,n,2,310.36,5.79,D,0
29.53098,71.50646,337.85,0.41,0.37,2026-06-28,831,N20,VIIRS,l,2,309.4,3.37,D,0
29.5327,71.95921,338.89,0.43,0.38,2026-06-28,831,N20,VIIRS,n,2,306.94,3.57,D,0
29.5754,72.17347,337.98,0.43,0.38,2026-06-28,831,N20,VIIRS,n,2,306.83,2.02,D,0
29.57807,71.88568,336.4,0.42,0.38,2026-06-28,831,N20,VIIRS,l,2,307.23,2.69,D,0
29.5789,72.17287,336.69,0.43,0.38,2026-06-28,831,N20,VIIRS,n,2,305.15,2.02,D,0
29.58723,71.76846,342.19,0.42,0.38,2026-06-28,831,N20,VIIRS,n,2,308.8,4.53,D,0
29.59756,72.17881,336.89,0.43,0.38,2026-06-28,831,N20,VIIRS,l,2,306.92,3.4,D,0
29.60458,71.55876,338.71,0.41,0.37,2026-06-28,831,N20,VIIRS,l,2,309.43,6.02,D,0
29.60517,71.56302,338.14,0.41,0.37,2026-06-28,831,N20,VIIRS,n,2,306.93,3.76,D,0
29.61713,76.94575,330.33,0.5,0.49,2026-06-28,831,N20,VIIRS,l,2,301.28,2.11,D,0
29.61993,71.54294,340.76,0.41,0.37,2026-06-28,831,N20,VIIRS,n,2,308.83,6.77,D,0
29.62084,72.02196,336.96,0.43,0.38,2026-06-28,831,N20,VIIRS,n,2,305.72,2.61,D,0
29.62086,76.94814,333.5,0.5,0.49,2026-06-28,831,N20,VIIRS,n,2,301.39,3.95,D,0
29.622,72.13974,338.64,0.43,0.38,2026-06-28,831,N20,VIIRS,n,2,306.12,4.23,D,0
29.62316,72.14867,341.04,0.43,0.38,2026-06-28,831,N20,VIIRS,n,2,308.81,5.33,D,0
29.62479,71.62962,338.76,0.42,0.37,2026-06-28,831,N20,VIIRS,l,2,310.65,6.58,D,0
29.62537,71.6339,340.43,0.42,0.37,2026-06-28,831,N20,VIIRS,n,2,310.26,6.58,D,0
29.62899,72.11122,338.68,0.43,0.38,2026-06-28,831,N20,VIIRS,n,2,306.82,3.68,D,0
29.63073,72.12457,336.5,0.43,0.38,2026-06-28,831,N20,VIIRS,l,2,306.8,3.84,D,0
29.63596,72.21969,334.62,0.44,0.38,2026-06-28,831,N20,VIIRS,l,2,307.62,3.2,D,0
29.63989,72.39004,338.17,0.44,0.39,2026-06-28,831,N20,VIIRS,l,2,309.48,4.56,D,0
29.64063,72.22807,338.82,0.44,0.38,2026-06-28,831,N20,VIIRS,n,2,306.89,4.08,D,0
29.64462,72.37064,345.98,0.44,0.38,2026-06-28,831,N20,VIIRS,n,2,309.08,6.83,D,0
29.64642,72.32857,339.49,0.44,0.38,2026-06-28,831,N20,VIIRS,n,2,307.64,3.48,D,0
29.65228,72.34612,346.62,0.44,0.38,2026-06-28,831,N20,VIIRS,n,2,307.76,6.62,D,0
29.66197,71.65033,338.43,0.42,0.38,2026-06-28,831,N20,VIIRS,n,2,308.05,3.69,D,0
29.66416,71.56215,333.37,0.42,0.37,2026-06-28,831,N20,VIIRS,l,2,306.48,0.88,D,0
29.66455,70.73014,342.02,0.4,0.37,2026-06-28,831,N20,VIIRS,l,2,312.25,23.34,D,0
29.66872,72.36192,338.9,0.44,0.38,2026-06-28,831,N20,VIIRS,n,2,307.8,4.1,D,0
29.67224,72.30567,337.56,0.44,0.38,2026-06-28,831,N20,VIIRS,n,2,306.97,3.2,D,0
29.68572,72.29877,335.17,0.44,0.38,2026-06-28,831,N20,VIIRS,l,2,308.49,2.64,D,0
29.69192,71.87589,339.23,0.42,0.38,2026-06-28,831,N20,VIIRS,l,2,310.06,40.26,D,0
29.70808,71.89099,342.35,0.43,0.38,2026-06-28,831,N20,VIIRS,n,2,309.96,5.64,D,0
29.71678,72.28889,340.71,0.44,0.38,2026-06-28,831,N20,VIIRS,n,2,308.53,2.71,D,0
29.71941,72.44673,332.1,0.44,0.39,2026-06-28,831,N20,VIIRS,l,2,305.92,1.54,D,0
29.7203,72.2883,344.79,0.44,0.38,2026-06-28,831,N20,VIIRS,n,2,306.49,4.39,D,0
29.7218,72.46509,341.7,0.45,0.39,2026-06-28,831,N20,VIIRS,n,2,308.47,4.93,D,0
29.72419,72.48348,345.56,0.45,0.39,2026-06-28,831,N20,VIIRS,n,2,306.58,3.9,D,0
29.72433,72.04151,338.56,0.43,0.38,2026-06-28,831,N20,VIIRS,n,2,307.32,4.53,D,0
29.73528,71.93568,338.99,0.43,0.38,2026-06-28,831,N20,VIIRS,n,2,308.48,4.06,D,0
29.73713,72.11212,343.3,0.43,0.38,2026-06-28,831,N20,VIIRS,n,2,307.23,4.02,D,0
29.73875,71.93507,332.77,0.43,0.38,2026-06-28,831,N20,VIIRS,l,2,305.74,1.33,D,0
29.73937,71.96651,336.2,0.43,0.38,2026-06-28,831,N20,VIIRS,n,2,305.19,2.66,D,0
29.7412,71.2804,344.84,0.41,0.37,2026-06-28,831,N20,VIIRS,n,2,307.67,4.83,D,0
29.74524,71.30988,346.52,0.41,0.37,2026-06-28,831,N20,VIIRS,n,2,313.28,21.91,D,0
29.75451,72.02724,338.31,0.43,0.38,2026-06-28,831,N20,VIIRS,l,2,308.66,6.16,D,0
29.75521,72.22368,336.16,0.44,0.38,2026-06-28,831,N20,VIIRS,n,2,305.76,2.22,D,0
29.75809,72.10853,340.96,0.43,0.38,2026-06-28,831,N20,VIIRS,n,2,309.81,8.44,D,0
29.75919,72.42276,334.69,0.44,0.39,2026-06-28,831,N20,VIIRS,l,2,307.18,3.22,D,0
29.76105,72.32447,346.59,0.44,0.38,2026-06-28,831,N20,VIIRS,n,2,305.41,6.53,D,0
29.76278,72.36607,339.25,0.44,0.39,2026-06-28,831,N20,VIIRS,n,2,305.94,3.36,D,0
29.76377,72.51608,337.54,0.45,0.39,2026-06-28,831,N20,VIIRS,n,2,305.94,6.59,D,0
29.76631,72.36546,341.48,0.44,0.39,2026-06-28,831,N20,VIIRS,n,2,307.52,4.15,D,0
29.76657,72.59621,345.35,0.45,0.39,2026-06-28,831,N20,VIIRS,n,2,305.13,6.38,D,0
29.76765,72.59445,346.42,0.45,0.39,2026-06-28,831,N20,VIIRS,n,2,306.32,5.11,D,0
29.77926,72.35397,335.74,0.44,0.39,2026-06-28,831,N20,VIIRS,n,2,305.55,4.12,D,0
29.78302,71.25564,339.03,0.41,0.37,2026-06-28,831,N20,VIIRS,n,2,307.62,2.83,D,0
29.78682,72.55481,335.12,0.45,0.39,2026-06-28,831,N20,VIIRS,l,2,306.79,2.7,D,0
29.79427,72.13892,339.31,0.43,0.38,2026-06-28,831,N20,VIIRS,n,2,308.63,3.81,D,0
29.79989,72.45817,333.62,0.45,0.39,2026-06-28,831,N20,VIIRS,l,2,306.81,2.75,D,0
29.80708,72.12758,341.18,0.43,0.38,2026-06-28,831,N20,VIIRS,n,2,308.97,5.01,D,0
29.80934,72.44717,336.26,0.45,0.39,2026-06-28,831,N20,VIIRS,l,2,306.42,1.71,D,0
29.82473,72.17961,344.71,0.44,0.38,2026-06-28,831,N20,VIIRS,n,2,308.9,4.72,D,0
29.82501,72.17664,338.57,0.44,0.38,2026-06-28,831,N20,VIIRS,n,2,307.46,4.2,D,0
29.83905,72.00973,334.5,0.43,0.38,2026-06-28,831,N20,VIIRS,l,2,306.73,1.95,D,0
29.85189,72.16286,337.95,0.44,0.38,2026-06-28,831,N20,VIIRS,l,2,308.42,5.22,D,0
29.85248,72.16736,336.5,0.44,0.38,2026-06-28,831,N20,VIIRS,n,2,305.98,4.69,D,0
29.85598,72.16676,333.86,0.44,0.38,2026-06-28,831,N20,VIIRS,l,2,307.23,1.55,D,0
29.85715,72.14817,338.2,0.44,0.38,2026-06-28,831,N20,VIIRS,n,2,307.75,3.16,D,0
29.85891,72.21696,336.38,0.44,0.38,2026-06-28,831,N20,VIIRS,l,2,308.3,2.95,D,0
29.86284,72.58018,339.22,0.45,0.39,2026-06-28,831,N20,VIIRS,n,2,307.34,5.17,D,0
29.86538,71.39745,339.48,0.41,0.37,2026-06-28,831,N20,VIIRS,n,2,308.79,3.79,D,0
29.87882,71.60107,338.96,0.42,0.38,2026-06-28,831,N20,VIIRS,n,2,307.24,3.61,D,0
29.88294,72.26379,335.23,0.44,0.38,2026-06-28,831,N20,VIIRS,l,2,307.12,2.31,D,0
29.88353,72.26834,339.12,0.44,0.38,2026-06-28,831,N20,VIIRS,l,2,310.03,2.31,D,0
29.88705,72.26774,335.65,0.44,0.38,2026-06-28,831,N20,VIIRS,l,2,308.11,2.31,D,0
29.88994,72.51588,336.5,0.45,0.39,2026-06-28,831,N20,VIIRS,l,2,308.36,2.51,D,0
29.903,72.47582,349.02,0.45,0.39,2026-06-28,831,N20,VIIRS,n,2,309.44,9.08,D,0
29.90405,72.26021,339.24,0.44,0.38,2026-06-28,831,N20,VIIRS,n,2,307.65,4.6,D,0
29.90655,72.44689,341.94,0.45,0.39,2026-06-28,831,N20,VIIRS,n,2,306.89,6.29,D,0
29.90689,71.39439,335.21,0.41,0.37,2026-06-28,831,N20,VIIRS,l,2,307.57,1.47,D,0
29.90745,71.60484,347.9,0.42,0.38,2026-06-28,831,N20,VIIRS,n,2,313.51,21.5,D,0
29.91128,72.45554,348.57,0.45,0.39,2026-06-28,831,N20,VIIRS,n,2,308.19,6.94,D,0
29.92019,71.67345,339.82,0.42,0.38,2026-06-28,831,N20,VIIRS,n,2,307.89,4,D,0
29.92078,71.67778,337.84,0.42,0.38,2026-06-28,831,N20,VIIRS,l,2,308.3,3.83,D,0
29.92131,72.70689,334.52,0.46,0.39,2026-06-28,831,N20,VIIRS,l,2,307.19,4.19,D,0
29.9245,72.02802,339.3,0.43,0.38,2026-06-28,831,N20,VIIRS,l,2,309.3,3.19,D,0
29.92896,72.82706,337.25,0.46,0.39,2026-06-28,831,N20,VIIRS,n,2,305.24,3.54,D,0
29.9413,72.18575,338.91,0.44,0.38,2026-06-28,831,N20,VIIRS,n,2,306.98,4.94,D,0
29.94137,72.40808,340.35,0.45,0.39,2026-06-28,831,N20,VIIRS,n,2,308.85,5.2,D,0
29.94652,72.33686,337.33,0.44,0.39,2026-06-28,831,N20,VIIRS,l,2,307.51,6.03,D,0
29.94678,71.37901,346.57,0.41,0.37,2026-06-28,831,N20,VIIRS,n,2,310.22,17.13,D,0
29.94874,72.32855,335.24,0.44,0.39,2026-06-28,831,N20,VIIRS,l,2,306.99,2.12,D,0
29.94885,72.32713,334.69,0.44,0.39,2026-06-28,831,N20,VIIRS,l,2,306.64,2.55,D,0
29.95831,71.7469,343.26,0.42,0.38,2026-06-28,831,N20,VIIRS,n,2,307.97,11.4,D,0
29.96135,71.2808,335.25,0.41,0.37,2026-06-28,831,N20,VIIRS,l,2,307.05,2.43,D,0
29.97038,72.44241,336.57,0.45,0.39,2026-06-28,831,N20,VIIRS,n,2,306.12,1.06,D,0
29.97096,72.44704,336.17,0.45,0.39,2026-06-28,831,N20,VIIRS,l,2,306.73,1.68,D,0
29.97173,72.25472,335.35,0.44,0.38,2026-06-28,831,N20,VIIRS,l,2,307.33,2.75,D,0
29.97365,71.4485,341.08,0.41,0.37,2026-06-28,831,N20,VIIRS,n,2,310.27,6.51,D,0
29.97522,72.14304,342.36,0.44,0.38,2026-06-28,831,N20,VIIRS,n,2,308.33,3.72,D,0
29.97525,72.25412,335.1,0.44,0.38,2026-06-28,831,N20,VIIRS,l,2,307.41,2.27,D,0
29.97786,72.55991,340.05,0.45,0.39,2026-06-28,831,N20,VIIRS,n,2,308.74,19.42,D,0
29.97964,72.56278,341.5,0.45,0.39,2026-06-28,831,N20,VIIRS,n,2,308.95,11.44,D,0
29.98143,72.55932,347.33,0.45,0.39,2026-06-28,831,N20,VIIRS,n,2,312.58,19.42,D,0
29.9826,72.55752,341.01,0.45,0.39,2026-06-28,831,N20,VIIRS,n,2,309.67,11.44,D,0
29.98284,72.39787,337.91,0.45,0.39,2026-06-28,831,N20,VIIRS,n,2,306.89,2.03,D,0
29.98321,72.56219,337.47,0.45,0.39,2026-06-28,831,N20,VIIRS,n,2,307.03,11.44,D,0
29.98638,72.39726,340.11,0.45,0.39,2026-06-28,831,N20,VIIRS,n,2,306.3,4.16,D,0
29.99036,71.85347,339.91,0.43,0.38,2026-06-28,831,N20,VIIRS,n,2,308.71,4.85,D,0
29.99109,72.4342,346.39,0.45,0.39,2026-06-28,831,N20,VIIRS,n,2,307.36,9.12,D,0
29.99633,72.53297,339.53,0.45,0.39,2026-06-28,831,N20,VIIRS,n,2,308.16,4.2,D,0
30.00277,72.61324,338.46,0.45,0.39,2026-06-28,831,N20,VIIRS,n,2,306.29,7.62,D,0
30.00683,71.30733,339.19,0.41,0.37,2026-06-28,831,N20,VIIRS,n,2,310.25,2.74,D,0
30.00791,72.89759,334.12,0.47,0.39,2026-06-28,831,N20,VIIRS,l,2,304.18,1.38,D,0
30.01031,71.51222,342.65,0.42,0.37,2026-06-28,831,N20,VIIRS,n,2,308.56,4,D,0
30.01475,72.44914,338.39,0.45,0.39,2026-06-28,831,N20,VIIRS,n,2,307.88,4.89,D,0
30.02376,72.96426,333.04,0.47,0.4,2026-06-28,831,N20,VIIRS,l,2,303.81,1.61,D,0
30.02635,71.87053,336.79,0.43,0.38,2026-06-28,831,N20,VIIRS,l,2,307.58,3.01,D,0
30.03103,71.56149,338.47,0.42,0.38,2026-06-28,831,N20,VIIRS,n,2,306.35,2.88,D,0
30.04315,72.87891,338.55,0.47,0.39,2026-06-28,831,N20,VIIRS,n,2,306.51,6.46,D,0
30.04553,71.98975,340.3,0.43,0.38,2026-06-28,831,N20,VIIRS,n,2,307.58,3.37,D,0
30.04989,72.72617,339.22,0.46,0.39,2026-06-28,831,N20,VIIRS,n,2,308.26,5.06,D,0
30.05222,72.86266,332.78,0.47,0.39,2026-06-28,831,N20,VIIRS,l,2,305.67,1.52,D,0
30.0655,72.79181,342.91,0.46,0.39,2026-06-28,831,N20,VIIRS,n,2,309.41,7.29,D,0
30.06635,72.48318,347.85,0.45,0.39,2026-06-28,831,N20,VIIRS,n,2,308,8.11,D,0
30.07852,73.40229,337.77,0.49,0.4,2026-06-28,831,N20,VIIRS,n,2,306.38,2.97,D,0
30.07951,72.52863,348.55,0.45,0.39,2026-06-28,831,N20,VIIRS,n,2,307.57,3.92,D,0
30.07978,73.41249,335.16,0.49,0.4,2026-06-28,831,N20,VIIRS,l,2,308.26,4.34,D,0
30.08039,73.40442,341.43,0.49,0.4,2026-06-28,831,N20,VIIRS,n,2,308.79,3.77,D,0
30.08207,72.52944,348.27,0.45,0.39,2026-06-28,831,N20,VIIRS,n,2,307.3,6.38,D,0
30.09756,73.04909,340.92,0.47,0.4,2026-06-28,831,N20,VIIRS,n,2,305.85,3.49,D,0
30.09766,72.33726,349.97,0.44,0.39,2026-06-28,831,N20,VIIRS,n,2,311.36,26.34,D,0
30.10019,73.41169,337.5,0.49,0.41,2026-06-28,831,N20,VIIRS,l,2,308.75,3.22,D,0
30.1006,73.04357,336.13,0.47,0.4,2026-06-28,831,N20,VIIRS,n,2,305.8,2.89,D,0
30.10121,73.0485,336.1,0.47,0.4,2026-06-28,831,N20,VIIRS,n,2,306.03,3.49,D,0
30.1037,71.99797,338.55,0.43,0.38,2026-06-28,831,N20,VIIRS,n,2,307.26,3.62,D,0
30.10383,73.44244,342.28,0.49,0.41,2026-06-28,831,N20,VIIRS,n,2,306.31,5.09,D,0
30.10756,73.44184,349.51,0.49,0.41,2026-06-28,831,N20,VIIRS,n,2,308.81,13.93,D,0
30.10975,73.08736,336.19,0.48,0.4,2026-06-28,831,N20,VIIRS,l,2,307.17,4.55,D,0
30.11767,72.29633,338.52,0.44,0.39,2026-06-28,831,N20,VIIRS,n,2,306.5,2.92,D,0
30.13368,73.2513,335.4,0.49,0.4,2026-06-28,831,N20,VIIRS,l,2,306.83,3.14,D,0
30.13842,72.77642,338.77,0.46,0.39,2026-06-28,831,N20,VIIRS,n,2,306.69,3.38,D,0
30.13901,72.37739,339.42,0.45,0.39,2026-06-28,831,N20,VIIRS,n,2,307.61,4.61,D,0
30.14152,72.53864,339.27,0.45,0.39,2026-06-28,831,N20,VIIRS,n,2,307.17,2.48,D,0
30.14402,73.15268,345.84,0.48,0.4,2026-06-28,831,N20,VIIRS,n,2,306.44,5.27,D,0
30.14886,73.01244,340.62,0.47,0.4,2026-06-28,831,N20,VIIRS,n,2,303.36,2.87,D,0
30.14924,73.01567,333.6,0.47,0.4,2026-06-28,831,N20,VIIRS,n,2,302.7,4.46,D,0
30.1525,73.01184,334.36,0.47,0.4,2026-06-28,831,N20,VIIRS,l,2,305.9,2.87,D,0
30.15382,72.96165,331.58,0.47,0.4,2026-06-28,831,N20,VIIRS,l,2,303.46,2.9,D,0
30.16718,72.9495,335.89,0.47,0.4,2026-06-28,831,N20,VIIRS,l,2,306.25,3.65,D,0
30.17142,72.95379,339.3,0.47,0.4,2026-06-28,831,N20,VIIRS,n,2,306.18,15.2,D,0
30.18531,73.34829,338.37,0.49,0.4,2026-06-28,831,N20,VIIRS,n,2,305.46,4.04,D,0
30.23047,73.13045,337.29,0.48,0.4,2026-06-28,831,N20,VIIRS,n,2,304.61,3.31,D,0
30.23838,73.47591,335.35,0.5,0.41,2026-06-28,831,N20,VIIRS,n,2,305.32,2.7,D,0
30.24236,72.83505,336.4,0.47,0.39,2026-06-28,831,N20,VIIRS,l,2,307.59,3.59,D,0
30.25207,72.79401,342.41,0.46,0.39,2026-06-28,831,N20,VIIRS,n,2,306.78,6.76,D,0
30.25989,71.70623,342.54,0.42,0.38,2026-06-28,831,N20,VIIRS,n,2,308.77,3.04,D,0
30.2805,78.52932,332.15,0.32,0.55,2026-06-28,831,N20,VIIRS,n,2,293.95,3.42,D,0
30.28106,78.5302,331.88,0.32,0.55,2026-06-28,831,N20,VIIRS,n,2,293.41,1.45,D,0
30.28723,73.20538,340.03,0.48,0.4,2026-06-28,831,N20,VIIRS,n,2,304.29,3.99,D,0
30.29527,73.17843,345.18,0.48,0.4,2026-06-28,831,N20,VIIRS,n,2,307.62,15.82,D,0
30.30186,72.30148,344.79,0.44,0.39,2026-06-28,831,N20,VIIRS,n,2,309.83,14.96,D,0
30.30245,72.30609,338.14,0.45,0.39,2026-06-28,831,N20,VIIRS,n,2,306.01,14.96,D,0
30.31511,73.51144,343.14,0.5,0.41,2026-06-28,831,N20,VIIRS,n,2,306.79,5.81,D,0
30.31553,73.50872,339.74,0.5,0.41,2026-06-28,831,N20,VIIRS,n,2,307.87,4.97,D,0
30.32228,73.18436,341.94,0.48,0.4,2026-06-28,831,N20,VIIRS,n,2,306.29,25.67,D,0
30.32535,73.17873,338.63,0.48,0.4,2026-06-28,831,N20,VIIRS,n,2,308.02,25.67,D,0
30.32596,73.18376,340.92,0.48,0.4,2026-06-28,831,N20,VIIRS,n,2,304.76,25.67,D,0
30.3265,73.60302,341.86,0.51,0.41,2026-06-28,831,N20,VIIRS,n,2,307.07,7.54,D,0
30.32661,73.6056,341.55,0.51,0.41,2026-06-28,831,N20,VIIRS,n,2,308.97,5.82,D,0
30.32939,72.15148,336.48,0.44,0.38,2026-06-28,831,N20,VIIRS,l,2,306.95,10.07,D,0
30.32998,72.15604,336.22,0.44,0.38,2026-06-28,831,N20,VIIRS,n,2,304.4,7.04,D,0
30.33112,73.51157,332.54,0.5,0.41,2026-06-28,831,N20,VIIRS,l,2,306.9,2.81,D,0
30.33641,73.23869,340.92,0.49,0.4,2026-06-28,831,N20,VIIRS,n,2,307.78,6.57,D,0
30.33793,72.58685,336.1,0.46,0.39,2026-06-28,831,N20,VIIRS,l,2,307.04,1.37,D,0
30.34331,71.8147,335.48,0.43,0.38,2026-06-28,831,N20,VIIRS,l,2,307.79,3.91,D,0
30.34611,73.50922,334,0.5,0.41,2026-06-28,831,N20,VIIRS,l,2,305.01,2.32,D,0
30.35608,73.52892,348.5,0.5,0.41,2026-06-28,831,N20,VIIRS,n,2,306.91,9.44,D,0
30.37317,71.6919,335.26,0.42,0.38,2026-06-28,831,N20,VIIRS,l,2,307.24,3.13,D,0
30.38238,76.85076,335.72,0.51,0.49,2026-06-28,831,N20,VIIRS,n,2,299.2,3.5,D,0
30.38704,73.28235,340.36,0.49,0.4,2026-06-28,831,N20,VIIRS,n,2,305.47,3.95,D,0
30.38814,71.93927,336.95,0.43,0.38,2026-06-28,831,N20,VIIRS,l,2,308.04,3.32,D,0
30.39163,71.93866,343.42,0.43,0.38,2026-06-28,831,N20,VIIRS,n,2,306.58,3.32,D,0
30.39621,73.27867,338.69,0.49,0.4,2026-06-28,831,N20,VIIRS,n,2,306.17,4.29,D,0
30.39748,71.95602,347.71,0.43,0.38,2026-06-28,831,N20,VIIRS,n,2,307.17,9.61,D,0
30.39754,73.2755,337.5,0.49,0.4,2026-06-28,831,N20,VIIRS,n,2,306.69,2.69,D,0
30.39781,73.10343,339.77,0.48,0.4,2026-06-28,831,N20,VIIRS,n,2,307.62,6.95,D,0
30.40579,73.39207,336.52,0.5,0.41,2026-06-28,831,N20,VIIRS,n,2,304.52,2.03,D,0
30.40946,72.83488,334.29,0.47,0.4,2026-06-28,831,N20,VIIRS,l,2,306.35,4.66,D,0
30.41065,73.63292,337.59,0.51,0.41,2026-06-28,831,N20,VIIRS,n,2,305.46,2.86,D,0
30.41237,73.52011,332.92,0.5,0.41,2026-06-28,831,N20,VIIRS,l,2,306.38,2.7,D,0
30.41309,72.83429,337.79,0.47,0.4,2026-06-28,831,N20,VIIRS,l,2,308.11,4.66,D,0
30.4137,72.83915,338.29,0.47,0.4,2026-06-28,831,N20,VIIRS,n,2,306.04,4.66,D,0
30.41627,76.91688,344.14,0.51,0.5,2026-06-28,831,N20,VIIRS,n,2,301.1,7.2,D,0
30.41677,76.92226,333.53,0.51,0.5,2026-06-28,831,N20,VIIRS,n,2,297.95,7.2,D,0
30.41779,73.30123,338.36,0.49,0.4,2026-06-28,831,N20,VIIRS,n,2,306.58,4.68,D,0
30.41809,73.56728,335.09,0.51,0.41,2026-06-28,831,N20,VIIRS,l,2,306.14,2.83,D,0
30.41924,73.51373,339.01,0.5,0.41,2026-06-28,831,N20,VIIRS,n,2,306.95,4.2,D,0
30.41975,73.51158,338.87,0.5,0.41,2026-06-28,831,N20,VIIRS,n,2,306.21,4.27,D,0
30.41976,73.22312,339.18,0.49,0.4,2026-06-28,831,N20,VIIRS,n,2,306.71,2.48,D,0
30.42469,72.16462,335.41,0.44,0.38,2026-06-28,831,N20,VIIRS,n,2,305,2.26,D,0
30.42706,71.90959,341.7,0.43,0.38,2026-06-28,831,N20,VIIRS,n,2,309.21,10.04,D,0
30.43879,72.16222,336.13,0.44,0.38,2026-06-28,831,N20,VIIRS,n,2,305.88,1.03,D,0
30.44649,72.19371,347.59,0.44,0.39,2026-06-28,831,N20,VIIRS,n,2,308.6,5.61,D,0
30.4504,71.72507,337.93,0.43,0.38,2026-06-28,831,N20,VIIRS,n,2,307.54,2.52,D,0
30.45098,71.72949,335.42,0.43,0.38,2026-06-28,831,N20,VIIRS,n,2,304.74,2.52,D,0
30.45466,73.81503,336.67,0.52,0.42,2026-06-28,831,N20,VIIRS,n,2,304.92,1.89,D,0
30.45585,73.81673,339.43,0.52,0.42,2026-06-28,831,N20,VIIRS,n,2,307.12,2.42,D,0
30.45923,72.40466,340.93,0.45,0.39,2026-06-28,831,N20,VIIRS,n,2,305.85,4.32,D,0
30.46255,73.71509,335.14,0.51,0.41,2026-06-28,831,N20,VIIRS,l,2,307.27,2.24,D,0
30.46855,72.95233,340.22,0.47,0.4,2026-06-28,831,N20,VIIRS,n,2,307.05,5.47,D,0
30.47593,73.63158,339.88,0.51,0.41,2026-06-28,831,N20,VIIRS,n,2,306.06,3.75,D,0
30.47664,73.54005,332.46,0.5,0.41,2026-06-28,831,N20,VIIRS,l,2,305.58,1.47,D,0
30.47924,73.89438,337.79,0.53,0.42,2026-06-28,831,N20,VIIRS,n,2,305.74,4.26,D,0
30.47959,73.72883,332.19,0.52,0.41,2026-06-28,831,N20,VIIRS,l,2,303.64,1.37,D,0
30.48015,72.92528,339.18,0.47,0.4,2026-06-28,831,N20,VIIRS,n,2,307.01,3.45,D,0
30.48075,72.9302,336.25,0.47,0.4,2026-06-28,831,N20,VIIRS,l,2,306.54,3.45,D,0
30.48557,75.75989,355.12,0.44,0.46,2026-06-28,831,N20,VIIRS,n,2,296.3,11.34,D,0
30.48711,73.31108,338.59,0.49,0.4,2026-06-28,831,N20,VIIRS,n,2,306.71,4.16,D,0
30.48899,73.32647,345.54,0.49,0.41,2026-06-28,831,N20,VIIRS,n,2,309.2,25.22,D,0
30.48913,73.45285,333.54,0.5,0.41,2026-06-28,831,N20,VIIRS,l,2,306.26,2.38,D,0
30.48962,73.33161,340.22,0.49,0.41,2026-06-28,831,N20,VIIRS,n,2,306.63,9.37,D,0
30.4928,73.38885,336.57,0.5,0.41,2026-06-28,831,N20,VIIRS,n,2,306.57,3.92,D,0
30.49343,73.39402,333.79,0.5,0.41,2026-06-28,831,N20,VIIRS,l,2,306.5,5.14,D,0
30.4941,73.43088,333.23,0.5,0.41,2026-06-28,831,N20,VIIRS,l,2,305.36,2.93,D,0
30.50252,72.09716,334.51,0.44,0.38,2026-06-28,831,N20,VIIRS,l,2,305.61,2.12,D,0
30.50744,73.70269,341.46,0.51,0.41,2026-06-28,831,N20,VIIRS,n,2,306.27,3.13,D,0
30.50794,73.51377,339.46,0.5,0.41,2026-06-28,831,N20,VIIRS,n,2,306.92,3.92,D,0
30.50807,73.70805,336.71,0.51,0.41,2026-06-28,831,N20,VIIRS,n,2,304.67,3.13,D,0
30.50857,73.51901,334.18,0.5,0.41,2026-06-28,831,N20,VIIRS,l,2,304.37,3.38,D,0
30.51169,73.51318,335.45,0.5,0.41,2026-06-28,831,N20,VIIRS,l,2,305.92,3.92,D,0
30.51184,73.8394,331.14,0.52,0.42,2026-06-28,831,N20,VIIRS,l,2,304.6,1.91,D,0
30.51233,73.51842,335.94,0.5,0.41,2026-06-28,831,N20,VIIRS,l,2,306.3,3.38,D,0
30.51297,72.91992,344.09,0.47,0.4,2026-06-28,831,N20,VIIRS,n,2,306.9,3.07,D,0
30.51439,73.82794,335.19,0.52,0.42,2026-06-28,831,N20,VIIRS,l,2,305.68,1.27,D,0
30.51601,73.00525,343.59,0.48,0.4,2026-06-28,831,N20,VIIRS,n,2,309.33,15.5,D,0
30.51661,72.91933,337.85,0.47,0.4,2026-06-28,831,N20,VIIRS,n,2,305.8,3.07,D,0
30.52488,72.15884,340.34,0.44,0.38,2026-06-28,831,N20,VIIRS,n,2,307.03,3.73,D,0
30.52639,72.00474,340.67,0.44,0.38,2026-06-28,831,N20,VIIRS,n,2,308.75,3.79,D,0
30.52827,73.68313,331.52,0.51,0.41,2026-06-28,831,N20,VIIRS,l,2,304.08,4.11,D,0
30.52998,73.56927,339.69,0.51,0.41,2026-06-28,831,N20,VIIRS,n,2,307.52,5.4,D,0
30.53015,73.66652,340.07,0.51,0.41,2026-06-28,831,N20,VIIRS,n,2,305.31,4.89,D,0
30.53042,73.57202,349.18,0.51,0.41,2026-06-28,831,N20,VIIRS,n,2,307.41,9.1,D,0
30.53062,73.57455,338.13,0.51,0.41,2026-06-28,831,N20,VIIRS,n,2,305.56,5.4,D,0
30.53096,73.9032,341.99,0.53,0.42,2026-06-28,831,N20,VIIRS,n,2,309.32,33.37,D,0
30.5316,73.90869,337.04,0.53,0.42,2026-06-28,831,N20,VIIRS,n,2,303.92,9.75,D,0
30.53393,73.66594,342.08,0.51,0.41,2026-06-28,831,N20,VIIRS,n,2,305.19,7.35,D,0
30.53475,74.07178,339.61,0.54,0.42,2026-06-28,831,N20,VIIRS,n,2,307.8,5.12,D,0
30.53967,76.12613,331.5,0.46,0.47,2026-06-28,831,N20,VIIRS,n,2,298.24,3.06,D,0
30.5467,75.27263,341.49,0.41,0.45,2026-06-28,831,N20,VIIRS,n,2,298.61,4.63,D,0
30.54715,75.27696,335.46,0.41,0.45,2026-06-28,831,N20,VIIRS,n,2,297.74,3.45,D,0
30.54764,72.92935,343.24,0.47,0.4,2026-06-28,831,N20,VIIRS,n,2,307.79,4.69,D,0
30.54995,73.54207,335.13,0.51,0.41,2026-06-28,831,N20,VIIRS,l,2,305.59,2.01,D,0
30.55372,73.54148,332.77,0.51,0.41,2026-06-28,831,N20,VIIRS,l,2,305.74,2.01,D,0
30.55442,73.7477,340.57,0.52,0.41,2026-06-28,831,N20,VIIRS,n,2,304.01,3.29,D,0
30.55561,73.74998,338.26,0.52,0.41,2026-06-28,831,N20,VIIRS,n,2,302.75,2.9,D,0
30.56629,72.86871,338.37,0.47,0.4,2026-06-28,831,N20,VIIRS,n,2,307.65,4.03,D,0
30.57012,73.42153,333.37,0.5,0.41,2026-06-28,831,N20,VIIRS,l,2,305.33,1.13,D,0
30.57662,72.862,340.22,0.47,0.4,2026-06-28,831,N20,VIIRS,n,2,307.93,3.12,D,0
30.58436,75.80919,342.13,0.44,0.46,2026-06-28,831,N20,VIIRS,n,2,297.02,5.39,D,0
30.58508,73.54732,340.73,0.51,0.41,2026-06-28,831,N20,VIIRS,n,2,306.91,4.83,D,0
30.58941,73.64937,338.96,0.51,0.41,2026-06-28,831,N20,VIIRS,n,2,305.97,6.11,D,0
30.58997,72.84979,338.46,0.47,0.4,2026-06-28,831,N20,VIIRS,n,2,307.08,8.63,D,0
30.59162,76.15885,331.77,0.47,0.47,2026-06-28,831,N20,VIIRS,n,2,297.26,0.63,D,0
30.59508,73.66483,342.17,0.51,0.41,2026-06-28,831,N20,VIIRS,n,2,305.11,4.87,D,0
30.60004,73.77369,338.15,0.52,0.41,2026-06-28,831,N20,VIIRS,l,2,310,26.82,D,0
30.60067,73.77911,332.72,0.52,0.42,2026-06-28,831,N20,VIIRS,l,2,302.8,12.1,D,0
30.60661,75.28199,331.98,0.42,0.45,2026-06-28,831,N20,VIIRS,n,2,298.53,2.24,D,0
30.6077,73.70657,341.58,0.52,0.41,2026-06-28,831,N20,VIIRS,n,2,306.89,6.71,D,0
30.6125,73.98397,340.78,0.53,0.42,2026-06-28,831,N20,VIIRS,n,2,305.3,9.82,D,0
30.62159,73.8926,355.42,0.53,0.42,2026-06-28,831,N20,VIIRS,n,2,307.52,11.72,D,0
30.62354,73.84209,335.6,0.52,0.42,2026-06-28,831,N20,VIIRS,l,2,305.75,3.22,D,0
30.62543,73.89202,336.17,0.53,0.42,2026-06-28,831,N20,VIIRS,n,2,304.24,11.72,D,0
30.62574,73.47131,341.14,0.5,0.41,2026-06-28,831,N20,VIIRS,n,2,307.44,6.66,D,0
30.62622,73.46919,339.71,0.5,0.41,2026-06-28,831,N20,VIIRS,n,2,306.27,4.9,D,0
30.62772,74.11843,345.71,0.54,0.42,2026-06-28,831,N20,VIIRS,n,2,307.03,11.38,D,0
30.62991,73.89693,335.54,0.53,0.42,2026-06-28,831,N20,VIIRS,n,2,304.15,1.99,D,0
30.63096,75.71387,341.47,0.44,0.46,2026-06-28,831,N20,VIIRS,n,2,295.68,10.38,D,0
30.64109,73.02333,338,0.48,0.4,2026-06-28,831,N20,VIIRS,n,2,307.58,2.25,D,0
30.646,73.06342,335.24,0.48,0.4,2026-06-28,831,N20,VIIRS,l,2,306.51,3.71,D,0
30.6471,73.81072,334.29,0.52,0.42,2026-06-28,831,N20,VIIRS,l,2,304.48,1.85,D,0
30.64971,73.86596,340.83,0.53,0.42,2026-06-28,831,N20,VIIRS,n,2,306.56,4.14,D,0
30.65032,73.83801,334.39,0.52,0.42,2026-06-28,831,N20,VIIRS,n,2,304.18,2.13,D,0
30.65226,73.85442,332.51,0.52,0.42,2026-06-28,831,N20,VIIRS,l,2,303.81,1.99,D,0
30.65256,73.66138,337.55,0.51,0.41,2026-06-28,831,N20,VIIRS,n,2,303.71,3.54,D,0
30.6526,73.66492,336.12,0.51,0.41,2026-06-28,831,N20,VIIRS,n,2,304.43,3.2,D,0
30.68091,73.04244,341.5,0.48,0.4,2026-06-28,831,N20,VIIRS,n,2,306.73,7.46,D,0
30.69336,76.15255,330.18,0.47,0.47,2026-06-28,831,N20,VIIRS,n,2,297.89,2.88,D,0
30.69709,73.88493,339.06,0.53,0.42,2026-06-28,831,N20,VIIRS,n,2,306.08,7.45,D,0
30.69987,73.77309,342.62,0.52,0.42,2026-06-28,831,N20,VIIRS,n,2,306.58,6,D,0
30.71036,73.96741,333.81,0.53,0.42,2026-06-28,831,N20,VIIRS,l,2,305.58,4.24,D,0
30.7112,76.28522,337.39,0.48,0.48,2026-06-28,831,N20,VIIRS,n,2,297.14,3.86,D,0
30.7129,74.20242,341.39,0.55,0.43,2026-06-28,831,N20,VIIRS,n,2,304.65,7.79,D,0
30.71397,74.06938,340.52,0.54,0.42,2026-06-28,831,N20,VIIRS,n,2,305.42,2.14,D,0
30.71422,73.96683,334.51,0.53,0.42,2026-06-28,831,N20,VIIRS,l,2,304.69,2.56,D,0
30.7167,74.2034,339.8,0.55,0.42,2026-06-28,831,N20,VIIRS,n,2,305.99,26.85,D,0
30.7168,74.20183,347.62,0.55,0.43,2026-06-28,831,N20,VIIRS,n,2,305.25,24.88,D,0
30.71807,73.96625,335.65,0.53,0.42,2026-06-28,831,N20,VIIRS,n,2,304.31,2.56,D,0
30.72775,76.13587,331.51,0.47,0.47,2026-06-28,831,N20,VIIRS,n,2,297.53,2.68,D,0
30.73222,73.95278,340.49,0.53,0.42,2026-06-28,831,N20,VIIRS,n,2,304.26,3.29,D,0
30.73291,73.89067,335.44,0.53,0.42,2026-06-28,831,N20,VIIRS,l,2,307.1,2.56,D,0
30.734,74.07211,332.39,0.54,0.42,2026-06-28,831,N20,VIIRS,l,2,305.21,1.36,D,0
30.74667,76.68995,331.64,0.5,0.49,2026-06-28,831,N20,VIIRS,n,2,300.72,1.82,D,0
30.74803,75.39421,343.09,0.42,0.45,2026-06-28,831,N20,VIIRS,n,2,298.96,7.56,D,0
30.75463,74.14969,331.29,0.54,0.42,2026-06-28,831,N20,VIIRS,l,2,303.1,1.9,D,0
30.75922,74.01682,338.37,0.54,0.42,2026-06-28,831,N20,VIIRS,n,2,303.97,5.71,D,0
30.7605,73.95981,331.57,0.53,0.42,2026-06-28,831,N20,VIIRS,l,2,303.7,0.89,D,0
30.78299,73.95074,341.63,0.53,0.42,2026-06-28,831,N20,VIIRS,n,2,307.21,6.99,D,0
30.78401,73.8269,338.63,0.52,0.42,2026-06-28,831,N20,VIIRS,n,2,304.14,3.31,D,0
30.79107,76.28289,339.09,0.48,0.48,2026-06-28,831,N20,VIIRS,n,2,298.74,3.44,D,0
30.81316,74.17578,338.87,0.55,0.42,2026-06-28,831,N20,VIIRS,n,2,303.12,3.91,D,0
30.81491,74.08868,340.25,0.54,0.42,2026-06-28,831,N20,VIIRS,n,2,304.76,6.41,D,0
30.82545,74.14491,339.34,0.55,0.42,2026-06-28,831,N20,VIIRS,n,2,303.52,5.28,D,0
30.83231,74.27248,344.89,0.55,0.43,2026-06-28,831,N20,VIIRS,n,2,305.48,8.82,D,0
30.84079,76.24831,339.17,0.47,0.48,2026-06-28,831,N20,VIIRS,n,2,297.63,2.42,D,0
30.8465,75.52167,333.92,0.43,0.46,2026-06-28,831,N20,VIIRS,n,2,297.16,2.74,D,0
30.85887,75.59837,342.81,0.44,0.46,2026-06-28,831,N20,VIIRS,n,2,294.72,3.63,D,0
30.88684,76.30837,341.05,0.48,0.48,2026-06-28,831,N20,VIIRS,n,2,296.96,4.19,D,0
30.8966,75.46644,330.05,0.43,0.46,2026-06-28,831,N20,VIIRS,n,2,296.92,2.09,D,0
30.91293,75.54224,340.39,0.43,0.46,2026-06-28,831,N20,VIIRS,n,2,295.63,3.69,D,0
30.94033,75.31581,339.34,0.42,0.45,2026-06-28,831,N20,VIIRS,n,2,298.83,6.38,D,0
30.94081,75.32023,341.61,0.42,0.45,2026-06-28,831,N20,VIIRS,n,2,297.71,6.38,D,0
30.61398,71.98551,342.99,0.44,0.38,2026-06-28,832,N20,VIIRS,n,2,306.84,5.15,D,0
30.66098,72.55264,346.38,0.46,0.39,2026-06-28,832,N20,VIIRS,n,2,309.95,24.6,D,0
30.66398,72.54726,337.32,0.46,0.39,2026-06-28,832,N20,VIIRS,l,2,310.41,9.98,D,0
30.66458,72.55204,348.85,0.46,0.39,2026-06-28,832,N20,VIIRS,n,2,316.01,24.6,D,0
30.66816,72.55144,354.14,0.46,0.39,2026-06-28,832,N20,VIIRS,n,2,310.57,37.58,D,0
30.68546,72.81033,348.16,0.47,0.4,2026-06-28,832,N20,VIIRS,n,2,308.63,8.73,D,0
30.68976,72.72495,342.98,0.47,0.39,2026-06-28,832,N20,VIIRS,n,2,308.25,9.79,D,0
30.73123,73.28467,341.6,0.49,0.41,2026-06-28,832,N20,VIIRS,n,2,308.79,5.05,D,0
30.76083,72.90869,338.11,0.48,0.4,2026-06-28,832,N20,VIIRS,l,2,309.22,4.73,D,0
30.78643,73.8287,339.02,0.53,0.42,2026-06-28,832,N20,VIIRS,n,2,305.76,4.09,D,0
30.79147,73.37555,335.19,0.5,0.41,2026-06-28,832,N20,VIIRS,l,2,307.7,2.92,D,0
30.80813,73.08782,336.11,0.49,0.4,2026-06-28,832,N20,VIIRS,l,2,308.17,4.25,D,0
30.81295,74.17262,333.32,0.55,0.42,2026-06-28,832,N20,VIIRS,l,2,303.49,2.54,D,0
30.81358,74.17834,330.51,0.55,0.43,2026-06-28,832,N20,VIIRS,l,2,302.53,2.54,D,0
30.81445,73.86926,333.68,0.53,0.42,2026-06-28,832,N20,VIIRS,l,2,305.29,2.42,D,0
30.81456,73.80204,335.2,0.52,0.42,2026-06-28,832,N20,VIIRS,n,2,304.17,1.47,D,0
30.81583,74.09106,336.42,0.54,0.42,2026-06-28,832,N20,VIIRS,n,2,303.3,4.34,D,0
30.81936,73.98165,334.11,0.54,0.42,2026-06-28,832,N20,VIIRS,n,2,303.85,2.7,D,0
30.82604,74.14738,344.62,0.55,0.42,2026-06-28,832,N20,VIIRS,n,2,303.24,5.76,D,0
30.83215,74.27525,342.94,0.55,0.43,2026-06-28,832,N20,VIIRS,n,2,306.48,5.32,D,0
30.83782,74.11085,336.92,0.54,0.42,2026-06-28,832,N20,VIIRS,n,2,303.61,2.43,D,0
30.84594,72.69662,338.85,0.47,0.39,2026-06-28,832,N20,VIIRS,n,2,307.72,2.39,D,0
30.84861,73.49845,334.51,0.51,0.41,2026-06-28,832,N20,VIIRS,l,2,307.62,2,D,0
30.84966,73.93729,345.5,0.53,0.42,2026-06-28,832,N20,VIIRS,n,2,305.26,6.56,D,0
30.85235,73.49991,340.29,0.51,0.41,2026-06-28,832,N20,VIIRS,n,2,308.18,4.91,D,0
30.85238,73.49785,341.19,0.51,0.41,2026-06-28,832,N20,VIIRS,n,2,308.78,4.51,D,0
30.85668,72.99252,339.21,0.48,0.4,2026-06-28,832,N20,VIIRS,n,2,307.56,3.58,D,0
30.85928,73.88493,333.3,0.53,0.42,2026-06-28,832,N20,VIIRS,l,2,305.04,2.21,D,0
30.86198,73.4157,340.22,0.5,0.41,2026-06-28,832,N20,VIIRS,n,2,308.08,3.54,D,0
30.87921,73.92146,344.25,0.53,0.42,2026-06-28,832,N20,VIIRS,n,2,306.42,5.96,D,0
30.88366,73.8925,335.71,0.53,0.42,2026-06-28,832,N20,VIIRS,l,2,306.72,2.78,D,0
30.88376,73.9605,341.06,0.53,0.42,2026-06-28,832,N20,VIIRS,n,2,305.57,7.13,D,0
30.90133,73.29769,342.43,0.5,0.41,2026-06-28,832,N20,VIIRS,n,2,309.24,9.25,D,0
30.90947,74.35874,343.45,0.56,0.43,2026-06-28,832,N20,VIIRS,n,2,305.14,6.37,D,0
30.91024,73.98502,332.34,0.54,0.42,2026-06-28,832,N20,VIIRS,l,2,303.96,2.78,D,0
30.91051,72.98097,333.79,0.48,0.4,2026-06-28,832,N20,VIIRS,l,2,307.17,3.54,D,0
30.91133,73.98313,333.63,0.54,0.42,2026-06-28,832,N20,VIIRS,l,2,305.04,2.95,D,0
30.93685,72.98183,334.24,0.48,0.4,2026-06-28,832,N20,VIIRS,l,2,307.93,2.23,D,0
30.94139,75.31539,339.94,0.42,0.45,2026-06-28,832,N20,VIIRS,n,2,298.33,5.12,D,0
30.94184,75.31981,341.13,0.42,0.45,2026-06-28,832,N20,VIIRS,n,2,297.65,5.12,D,0
30.96058,75.25461,342.14,0.42,0.45,2026-06-28,832,N20,VIIRS,n,2,298.75,5.14,D,0
30.9931,73.68681,338.04,0.52,0.42,2026-06-28,832,N20,VIIRS,n,2,306.37,4.52,D,0
31.00791,73.51432,335.96,0.51,0.41,2026-06-28,832,N20,VIIRS,l,2,308.07,2.17,D,0
31.01283,75.47353,332.05,0.43,0.46,2026-06-28,832,N20,VIIRS,n,2,298.12,1.31,D,0
31.01843,75.28241,342.03,0.42,0.45,2026-06-28,832,N20,VIIRS,n,2,298.9,3.87,D,0
31.0268,73.6429,340.21,0.52,0.41,2026-06-28,832,N20,VIIRS,n,2,307.88,5.92,D,0
31.04527,75.25639,342.8,0.42,0.45,2026-06-28,832,N20,VIIRS,n,2,299.54,5.82,D,0
31.04622,75.2652,331.03,0.42,0.45,2026-06-28,832,N20,VIIRS,n,2,298.79,1.81,D,0
31.04646,75.25327,341.3,0.42,0.45,2026-06-28,832,N20,VIIRS,n,2,299.32,5.14,D,0
31.04691,75.25768,333.36,0.42,0.45,2026-06-28,832,N20,VIIRS,n,2,299.09,5.2,D,0
31.06178,75.23776,341.56,0.42,0.45,2026-06-28,832,N20,VIIRS,n,2,299.44,8.26,D,0
31.06589,74.65246,343.63,0.39,0.44,2026-06-28,832,N20,VIIRS,n,2,302.61,6.96,D,0
31.06929,75.18781,345.54,0.42,0.45,2026-06-28,832,N20,VIIRS,n,2,299.54,5,D,0
31.07571,75.20912,344.71,0.42,0.45,2026-06-28,832,N20,VIIRS,n,2,299.11,6.56,D,0
31.07698,74.60538,340.7,0.39,0.44,2026-06-28,832,N20,VIIRS,n,2,302.45,3.34,D,0
31.0882,74.63268,330.65,0.39,0.44,2026-06-28,832,N20,VIIRS,l,2,301.96,3.47,D,0
31.10162,74.67252,346.89,0.39,0.44,2026-06-28,832,N20,VIIRS,n,2,301.26,4.85,D,0
31.10217,74.63918,332.87,0.39,0.44,2026-06-28,832,N20,VIIRS,n,2,302.5,1.18,D,0
31.11547,74.68722,336.75,0.39,0.44,2026-06-28,832,N20,VIIRS,n,2,300.38,1.64,D,0
31.11686,75.27946,332.66,0.42,0.45,2026-06-28,832,N20,VIIRS,n,2,299.05,4.65,D,0
31.11686,75.31999,336.35,0.42,0.45,2026-06-28,832,N20,VIIRS,n,2,298.08,3.39,D,0
31.11807,73.80556,339.78,0.53,0.42,2026-06-28,832,N20,VIIRS,n,2,304.01,5.08,D,0
31.12105,75.31942,338.43,0.42,0.45,2026-06-28,832,N20,VIIRS,n,2,299.31,3.39,D,0
31.12799,75.26448,332.81,0.42,0.45,2026-06-28,832,N20,VIIRS,n,2,299.38,2.07,D,0
31.1414,72.61931,349.84,0.47,0.39,2026-06-28,832,N20,VIIRS,n,2,311.71,7.27,D,0
31.14502,72.61871,348.98,0.47,0.39,2026-06-28,832,N20,VIIRS,n,2,311.81,14.18,D,0
31.16545,75.37333,337.74,0.43,0.46,2026-06-28,832,N20,VIIRS,n,2,298.53,3.82,D,0
31.16796,73.69689,339.96,0.52,0.42,2026-06-28,832,N20,VIIRS,n,2,306.9,10.47,D,0
31.16861,73.70238,342.86,0.52,0.42,2026-06-28,832,N20,VIIRS,n,2,305.38,10.47,D,0
31.16912,75.3718,343.72,0.43,0.46,2026-06-28,832,N20,VIIRS,n,2,298.98,8.08,D,0
31.16965,75.37273,349.44,0.43,0.46,2026-06-28,832,N20,VIIRS,n,2,298.32,6.64,D,0
31.17218,75.31336,335.99,0.42,0.45,2026-06-28,832,N20,VIIRS,n,2,299.48,3.06,D,0
31.17592,75.30834,330.4,0.42,0.45,2026-06-28,832,N20,VIIRS,n,2,298.6,2.79,D,0
31.17637,75.3128,337.37,0.42,0.45,2026-06-28,832,N20,VIIRS,n,2,298.6,3.06,D,0
31.18011,75.30778,341.52,0.42,0.45,2026-06-28,832,N20,VIIRS,n,2,299.34,3.86,D,0
31.23189,70.66386,349.91,0.4,0.37,2026-06-28,832,N20,VIIRS,n,2,314.17,12.4,D,0
31.23416,72.70597,339.1,0.47,0.4,2026-06-28,832,N20,VIIRS,l,2,309.62,3.36,D,0
31.24301,75.54746,331.43,0.44,0.46,2026-06-28,832,N20,VIIRS,n,2,298.26,3.48,D,0
31.32159,72.30683,344.68,0.45,0.39,2026-06-28,832,N20,VIIRS,n,2,308.14,5.53,D,0
31.44774,75.16991,339.35,0.42,0.45,2026-06-28,832,N20,VIIRS,n,2,298.39,2.94,D,0
31.59579,72.68388,340.1,0.47,0.4,2026-06-28,832,N20,VIIRS,n,2,309.59,4.59,D,0
31.60227,72.95129,338.36,0.49,0.4,2026-06-28,832,N20,VIIRS,n,2,308.39,2.45,D,0
31.63596,74.53948,334.4,0.39,0.44,2026-06-28,832,N20,VIIRS,n,2,300.51,2.39,D,0
31.66407,75.97108,344.09,0.47,0.48,2026-06-28,832,N20,VIIRS,n,2,297.71,4.26,D,0
31.67372,72.53181,338.69,0.47,0.4,2026-06-28,832,N20,VIIRS,l,2,311.4,2.86,D,0
31.76697,73.13982,339.74,0.5,0.41,2026-06-28,832,N20,VIIRS,n,2,307.94,4.87,D,0
31.81749,70.8269,340.89,0.41,0.37,2026-06-28,832,N20,VIIRS,l,2,313.36,5.08,D,0
31.96476,72.90009,341.8,0.49,0.4,2026-06-28,832,N20,VIIRS,n,2,309.81,7.89,D,0
32.01301,74.33535,336.73,0.38,0.43,2026-06-28,832,N20,VIIRS,n,2,300.53,1.16,D,0
32.06593,73.9213,340.55,0.55,0.43,2026-06-28,832,N20,VIIRS,n,2,301.88,4.55,D,0
32.14706,72.41793,346.14,0.47,0.4,2026-06-28,832,N20,VIIRS,n,2,311.04,6.62,D,0
32.39389,74.37821,342.04,0.39,0.44,2026-06-28,832,N20,VIIRS,n,2,303.34,5.22,D,0
32.45394,72.99499,339.39,0.5,0.41,2026-06-28,832,N20,VIIRS,n,2,305.26,3,D,0
32.45768,72.99438,338.4,0.5,0.41,2026-06-28,832,N20,VIIRS,n,2,305.28,3,D,0
32.58931,75.96937,343.45,0.48,0.48,2026-06-28,832,N20,VIIRS,n,2,298.77,7.21,D,0
32.76807,76.12946,336.34,0.49,0.49,2026-06-28,832,N20,VIIRS,n,2,298.56,1.99,D,0
33.11622,75.66605,332.13,0.47,0.48,2026-06-28,832,N20,VIIRS,n,2,299.26,4.55,D,0
33.2715,71.58904,339.58,0.45,0.39,2026-06-28,832,N20,VIIRS,l,2,309.91,12.63,D,0
33.36178,73.62605,330.74,0.55,0.43,2026-06-28,832,N20,VIIRS,l,2,301.02,4.14,D,0
33.42822,73.61535,335.32,0.55,0.43,2026-06-28,832,N20,VIIRS,n,2,302.77,4.82,D,0
33.85807,72.27633,340.46,0.48,0.4,2026-06-28,832,N20,VIIRS,l,2,310.65,11.18,D,0
34.12656,72.90741,338.98,0.52,0.41,2026-06-28,832,N20,VIIRS,n,2,307.65,5.45,D,0
34.12973,72.90121,335.89,0.52,0.41,2026-06-28,832,N20,VIIRS,n,2,304.9,4.75,D,0
34.13097,72.91228,334.77,0.52,0.41,2026-06-28,832,N20,VIIRS,l,2,306.85,5.45,D,0
34.25624,74.65799,340.54,0.42,0.46,2026-06-28,832,N20,VIIRS,n,2,304.88,5.7,D,0
34.34041,72.828,335.13,0.52,0.41,2026-06-28,833,N20,VIIRS,n,2,303.49,4.58,D,0
34.35158,72.14755,335.81,0.48,0.4,2026-06-28,833,N20,VIIRS,l,2,309.58,5.58,D,0
34.352,72.14412,336.79,0.48,0.4,2026-06-28,833,N20,VIIRS,l,2,309.03,7.5,D,0
34.35525,72.14686,342.59,0.48,0.4,2026-06-28,833,N20,VIIRS,n,2,308.84,6.46,D,0
34.35633,72.1489,336.61,0.48,0.4,2026-06-28,833,N20,VIIRS,l,2,309.03,7.99,D,0
34.48067,71.49912,345.08,0.45,0.39,2026-06-28,833,N20,VIIRS,n,2,312.3,3.79,D,0
34.48418,71.49805,341.81,0.45,0.39,2026-06-28,833,N20,VIIRS,n,2,311.79,3.79,D,0
34.48657,71.50017,339.28,0.45,0.39,2026-06-28,833,N20,VIIRS,l,2,310.33,2.61,D,0
34.48772,71.49722,338.89,0.45,0.39,2026-06-28,833,N20,VIIRS,l,2,309.89,1.79,D,0
34.75934,71.98189,340.06,0.48,0.4,2026-06-28,833,N20,VIIRS,n,2,305.16,4.23,D,0
34.75942,71.97932,345.51,0.48,0.4,2026-06-28,833,N20,VIIRS,n,2,307,9.61,D,0
35.03688,70.57343,331.77,0.43,0.38,2026-06-28,833,N20,VIIRS,n,2,305.22,1.11,D,0
36.36522,69.34628,342,0.4,0.37,2026-06-28,833,N20,VIIRS,l,2,316.95,7.45,D,0
29.08416,88.01109,297.41,0.38,0.59,2026-06-28,1915,N20,VIIRS,n,2,278.45,2.27,N,2
29.08713,88.01081,296.48,0.38,0.59,2026-06-28,1915,N20,VIIRS,n,2,277.52,1.26,N,2
29.6638,89.19112,296.46,0.32,0.55,2026-06-28,1915,N20,VIIRS,n,2,279.28,0.76,N,0
23.681,86.396,307.51,0.41,0.61,2026-06-28,1916,N20,VIIRS,n,2,279.73,3.05,N,2
23.68698,86.39254,307.75,0.41,0.61,2026-06-28,1916,N20,VIIRS,n,2,280.74,2.71,N,2
23.71402,86.45292,301.67,0.41,0.61,2026-06-28,1916,N20,VIIRS,n,2,276.86,1.56,N,2
23.71835,86.42097,305.51,0.41,0.61,2026-06-28,1916,N20,VIIRS,n,2,281.57,1.3,N,2
23.73816,86.43517,319.94,0.41,0.61,2026-06-28,1916,N20,VIIRS,n,2,282.11,3.06,N,2
23.73852,86.43111,306.71,0.41,0.61,2026-06-28,1916,N20,VIIRS,n,2,282.28,2.44,N,2
23.75114,86.41624,315.16,0.41,0.61,2026-06-28,1916,N20,VIIRS,n,2,282.5,2.17,N,2
23.75857,86.39622,305.05,0.41,0.61,2026-06-28,1916,N20,VIIRS,n,2,280.77,2.17,N,2
23.76343,86.4053,312.12,0.41,0.61,2026-06-28,1916,N20,VIIRS,n,2,281.84,2.36,N,2
23.76381,86.40108,310.15,0.41,0.61,2026-06-28,1916,N20,VIIRS,n,2,281.27,2.3,N,2
23.76454,86.39281,303.32,0.41,0.61,2026-06-28,1916,N20,VIIRS,n,2,279.09,2.25,N,2
23.76905,86.40588,321.84,0.41,0.61,2026-06-28,1916,N20,VIIRS,n,2,281.72,2.36,N,2
23.76942,86.40172,306.92,0.41,0.61,2026-06-28,1916,N20,VIIRS,n,2,280.18,2.3,N,2
23.77648,86.38611,300.27,0.42,0.61,2026-06-28,1916,N20,VIIRS,n,2,271.22,2.34,N,2
23.78136,86.39494,300.62,0.41,0.61,2026-06-28,1916,N20,VIIRS,n,2,275.63,2.2,N,2
23.78173,86.39089,316.98,0.41,0.61,2026-06-28,1916,N20,VIIRS,n,2,273.04,2.2,N,2
25.03603,87.39139,304.28,0.37,0.58,2026-06-28,1916,N20,VIIRS,n,2,278.02,1.3,N,0
25.03636,87.38772,304.86,0.37,0.58,2026-06-28,1916,N20,VIIRS,n,2,277.26,0.96,N,0
20.78291,85.25551,302.29,0.45,0.63,2026-06-28,1917,N20,VIIRS,n,2,267.85,1.03,N,2
20.78793,85.26496,295.65,0.45,0.63,2026-06-28,1917,N20,VIIRS,n,2,266.79,0.53,N,2
20.78833,85.26057,296.94,0.45,0.63,2026-06-28,1917,N20,VIIRS,n,2,265.53,1.09,N,2
20.79497,85.25262,304.17,0.45,0.63,2026-06-28,1917,N20,VIIRS,n,2,265.18,1.22,N,2
20.80623,85.25816,295.82,0.45,0.63,2026-06-28,1917,N20,VIIRS,n,2,265.89,0.43,N,2
22.05239,88.12447,308.8,0.61,0.54,2026-06-28,1917,N20,VIIRS,n,2,273.09,2.61,N,2
22.05414,88.12614,309.11,0.61,0.54,2026-06-28,1917,N20,VIIRS,n,2,274.38,2.38,N,2
22.36028,87.01735,301.85,0.36,0.58,2026-06-28,1917,N20,VIIRS,n,2,278.26,1.04,N,2
22.36438,87.29924,297.61,0.35,0.57,2026-06-28,1917,N20,VIIRS,n,2,262.83,0.77,N,2
22.36559,87.01801,315.37,0.36,0.58,2026-06-28,1917,N20,VIIRS,n,2,279.16,1.04,N,2
22.3768,87.28006,312.42,0.35,0.57,2026-06-28,1917,N20,VIIRS,n,2,274.93,2.06,N,2
22.37713,87.27664,303.99,0.35,0.57,2026-06-28,1917,N20,VIIRS,n,2,275.78,1.5,N,2
17.73125,95.21427,297.52,0.38,0.36,2026-06-28,1918,N20,VIIRS,n,2,265.52,0.42,N,0
9.24532,80.68823,310.72,0.66,0.73,2026-06-28,1920,N20,VIIRS,n,2,287.23,1.64,N,0
34.34883,72.14408,312.31,0.42,0.37,2026-06-28,2054,N20,VIIRS,n,2,300.24,2,N,0
34.35338,72.13423,313.69,0.42,0.37,2026-06-28,2054,N20,VIIRS,n,2,300.4,2.33,N,0
34.35345,72.13602,319.04,0.42,0.37,2026-06-28,2054,N20,VIIRS,n,2,300.48,3.44,N,0
34.3544,72.15244,311.74,0.42,0.37,2026-06-28,2054,N20,VIIRS,n,2,299.75,0.88,N,0
34.36137,72.25508,326.66,0.41,0.37,2026-06-28,2054,N20,VIIRS,n,2,299.97,2.68,N,0
34.37899,72.72247,309.21,0.4,0.37,2026-06-28,2054,N20,VIIRS,n,2,295.61,1.67,N,0
34.37964,72.71796,311.09,0.4,0.37,2026-06-28,2054,N20,VIIRS,n,2,295.74,2.05,N,0
34.38058,72.72071,314.94,0.4,0.37,2026-06-28,2054,N20,VIIRS,n,2,296.48,2.21,N,0
34.38457,72.71683,318.5,0.4,0.37,2026-06-28,2054,N20,VIIRS,n,2,296.45,2.94,N,0
34.3873,72.72199,309.05,0.4,0.37,2026-06-28,2054,N20,VIIRS,n,2,295.64,2.26,N,0
34.53561,72.41225,335.46,0.41,0.37,2026-06-28,2054,N20,VIIRS,n,2,296.67,5.15,N,0
34.53592,72.38464,307.51,0.41,0.37,2026-06-28,2054,N20,VIIRS,n,2,296.16,2.41,N,0
34.53594,72.38175,307.38,0.41,0.37,2026-06-28,2054,N20,VIIRS,n,2,296.65,2.66,N,0
34.53902,72.41283,324.27,0.41,0.37,2026-06-28,2054,N20,VIIRS,n,2,296.95,2.72,N,0
34.54306,72.40872,314.27,0.41,0.37,2026-06-28,2054,N20,VIIRS,n,2,296.49,2.72,N,0
34.5443,72.39975,333.95,0.41,0.37,2026-06-28,2054,N20,VIIRS,n,2,297.63,5.93,N,0
35.11864,70.99683,310.65,0.46,0.39,2026-06-28,2054,N20,VIIRS,n,2,289.09,1.88,N,0
35.12651,70.99265,301.99,0.46,0.39,2026-06-28,2054,N20,VIIRS,n,2,289.4,1.2,N,0
35.57867,74.92094,297.35,0.38,0.36,2026-06-28,2054,N20,VIIRS,n,2,283.89,0.61,N,0
35.96995,68.68452,311.51,0.4,0.44,2026-06-28,2054,N20,VIIRS,n,2,298.23,1.63,N,2
30.63781,73.1487,314.67,0.38,0.36,2026-06-28,2055,N20,VIIRS,n,2,300.35,1.23,N,0
30.64109,73.14938,325.32,0.38,0.36,2026-06-28,2055,N20,VIIRS,n,2,300.94,1.19,N,0
30.66421,72.55338,311.19,0.39,0.36,2026-06-28,2055,N20,VIIRS,n,2,299.13,0.69,N,0
32.08799,74.16645,310.5,0.38,0.36,2026-06-28,2055,N20,VIIRS,n,2,297.26,1.35,N,2
32.29102,70.73934,316.71,0.44,0.39,2026-06-28,2055,N20,VIIRS,n,2,304.55,2.61,N,0
32.57444,72.56483,313.53,0.4,0.37,2026-06-28,2055,N20,VIIRS,n,2,300.96,1.58,N,2
32.72216,72.92372,312.36,0.39,0.36,2026-06-28,2055,N20,VIIRS,n,2,298.4,0.88,N,2
32.89038,71.6153,316.13,0.42,0.38,2026-06-28,2055,N20,VIIRS,n,2,302.87,1.59,N,2
33.08153,74.9408,317.45,0.39,0.36,2026-06-28,2055,N20,VIIRS,n,2,292.27,1.61,N,0
33.08221,74.93671,311.57,0.39,0.36,2026-06-28,2055,N20,VIIRS,n,2,292.21,1.61,N,0
33.12386,74.25435,306.36,0.38,0.36,2026-06-28,2055,N20,VIIRS,n,2,294.15,1.91,N,0
33.2365,71.51502,315.77,0.42,0.38,2026-06-28,2055,N20,VIIRS,n,2,300.37,0.4,N,2
33.54613,71.54911,313.02,0.43,0.38,2026-06-28,2055,N20,VIIRS,n,2,301.95,0.81,N,2
33.65346,73.4709,312.26,0.39,0.36,2026-06-28,2055,N20,VIIRS,n,2,294.45,1.79,N,0
33.6908,72.71301,312.58,0.4,0.37,2026-06-28,2055,N20,VIIRS,n,2,299.44,0.95,N,0
33.79237,73.54281,313.41,0.39,0.36,2026-06-28,2055,N20,VIIRS,n,2,293.22,1.09,N,0
33.80729,73.62373,310.34,0.39,0.36,2026-06-28,2055,N20,VIIRS,n,2,293.16,1.24,N,0
33.80792,73.61958,318.61,0.39,0.36,2026-06-28,2055,N20,VIIRS,n,2,293.38,1.24,N,0
33.81281,73.10823,323.3,0.39,0.36,2026-06-28,2055,N20,VIIRS,n,2,294.92,2.09,N,0
33.81343,73.10388,318.06,0.39,0.36,2026-06-28,2055,N20,VIIRS,n,2,295.13,2.09,N,0
33.85085,72.8705,311.59,0.4,0.37,2026-06-28,2055,N20,VIIRS,n,2,299.74,0.66,N,2
34.12087,72.90987,312.14,0.4,0.37,2026-06-28,2055,N20,VIIRS,n,2,297.54,2.39,N,0
34.12149,72.90561,321.48,0.4,0.37,2026-06-28,2055,N20,VIIRS,n,2,298.25,4.31,N,0
34.12271,72.89718,309.81,0.4,0.37,2026-06-28,2055,N20,VIIRS,n,2,297.58,1.89,N,0
34.12333,72.89289,309.85,0.4,0.37,2026-06-28,2055,N20,VIIRS,n,2,296.88,1.89,N,0
34.1242,72.91064,321.51,0.4,0.37,2026-06-28,2055,N20,VIIRS,n,2,297.89,3.58,N,0
34.12605,72.89789,311.13,0.4,0.37,2026-06-28,2055,N20,VIIRS,n,2,297.02,2.13,N,0
34.12669,72.89354,319.43,0.4,0.37,2026-06-28,2055,N20,VIIRS,n,2,297.1,2.13,N,0
26.64198,79.48087,324.4,0.48,0.48,2026-06-28,2056,N20,VIIRS,n,2,291.99,2.04,N,2
26.64629,79.48199,307.04,0.48,0.48,2026-06-28,2056,N20,VIIRS,n,2,291.46,2.04,N,2
26.87515,73.51754,311.85,0.39,0.36,2026-06-28,2056,N20,VIIRS,n,2,298.12,1.33,N,2
26.8791,73.51433,312.71,0.39,0.36,2026-06-28,2056,N20,VIIRS,n,2,298.18,1.59,N,2
27.28912,73.83843,311.28,0.39,0.36,2026-06-28,2056,N20,VIIRS,n,2,298.66,0.79,N,0
27.56558,68.08321,318.74,0.52,0.41,2026-06-28,2056,N20,VIIRS,n,2,297.33,10.04,N,0
27.9937,68.7606,316.28,0.48,0.4,2026-06-28,2056,N20,VIIRS,n,2,298.69,9.16,N,0
28.42687,69.70296,314.32,0.45,0.39,2026-06-28,2056,N20,VIIRS,n,2,299.5,1.46,N,2
29.45216,76.86756,304.7,0.47,0.39,2026-06-28,2056,N20,VIIRS,n,2,282.91,2.03,N,0
29.45305,76.86284,305.39,0.47,0.39,2026-06-28,2056,N20,VIIRS,n,2,284.96,2.46,N,0
29.45484,76.87316,306.64,0.47,0.4,2026-06-28,2056,N20,VIIRS,n,2,281.35,13.04,N,0
29.45573,76.86843,324.45,0.47,0.39,2026-06-28,2056,N20,VIIRS,n,2,283.93,13.04,N,2
29.45662,76.8637,319.66,0.47,0.39,2026-06-28,2056,N20,VIIRS,n,2,285.35,6.95,N,2
29.45842,76.87403,311.97,0.47,0.4,2026-06-28,2056,N20,VIIRS,n,2,282.41,13.04,N,0
29.45931,76.86929,345.62,0.47,0.39,2026-06-28,2056,N20,VIIRS,n,2,290.26,13.04,N,2
29.46019,76.86457,338.2,0.47,0.39,2026-06-28,2056,N20,VIIRS,n,2,286.15,6.95,N,2
29.46108,76.85985,307.46,0.47,0.39,2026-06-28,2056,N20,VIIRS,n,2,286.42,6.95,N,0
29.46199,76.87489,305.47,0.47,0.4,2026-06-28,2056,N20,VIIRS,n,2,283.53,1.95,N,0
29.46288,76.87016,319.27,0.47,0.39,2026-06-28,2056,N20,VIIRS,n,2,285.22,1.95,N,0
29.46377,76.86543,315.43,0.47,0.39,2026-06-28,2056,N20,VIIRS,n,2,286.18,3.22,N,0
21.48863,81.76977,309.58,0.42,0.61,2026-06-28,2057,N20,VIIRS,n,2,279.25,1.99,N,2
21.49349,81.76809,301.43,0.42,0.61,2026-06-28,2057,N20,VIIRS,n,2,279.4,0.42,N,0
22.15715,82.09588,299.36,0.43,0.62,2026-06-28,2057,N20,VIIRS,n,2,273.06,1.63,N,0
22.31244,82.53085,298.26,0.45,0.63,2026-06-28,2057,N20,VIIRS,n,2,273.02,0.72,N,2
22.31404,82.53078,299.8,0.45,0.63,2026-06-28,2057,N20,VIIRS,n,2,273.07,1,N,2
22.35841,82.30263,321.73,0.44,0.62,2026-06-28,2057,N20,VIIRS,n,2,280.03,2.42,N,2
22.35934,82.29852,311.69,0.44,0.62,2026-06-28,2057,N20,VIIRS,n,2,279.7,2.42,N,2
22.36148,82.30318,320.52,0.44,0.62,2026-06-28,2057,N20,VIIRS,n,2,279.8,2.75,N,2
22.36244,82.29908,316.89,0.44,0.62,2026-06-28,2057,N20,VIIRS,n,2,279.78,2.75,N,2
23.64755,85.43586,302.96,0.64,0.72,2026-06-28,2057,N20,VIIRS,n,2,282,1.38,N,2
23.69802,85.37269,300.62,0.63,0.72,2026-06-28,2057,N20,VIIRS,n,2,276.4,2.2,N,0
24.69,73.00153,307.85,0.39,0.36,2026-06-28,2057,N20,VIIRS,n,2,288.58,0.89,N,2
24.82131,73.09412,312.05,0.39,0.36,2026-06-28,2057,N20,VIIRS,n,2,291.08,1.7,N,2
25.38754,68.58128,312.52,0.46,0.39,2026-06-28,2057,N20,VIIRS,n,2,297.39,1.1,N,2
25.86262,68.93148,308.86,0.45,0.39,2026-06-28,2057,N20,VIIRS,n,2,297.9,0.57,N,0
26.09301,68.88129,309.24,0.46,0.39,2026-06-28,2057,N20,VIIRS,n,2,298.49,1.12,N,2
26.25939,74.09565,313.17,0.4,0.37,2026-06-28,2057,N20,VIIRS,n,2,296.52,1.47,N,2
26.60543,73.68638,310.29,0.39,0.37,2026-06-28,2057,N20,VIIRS,n,2,298.33,0.99,N,2
17.6132,83.20406,314.62,0.63,0.72,2026-06-28,2058,N20,VIIRS,n,2,281.37,2.87,N,2
21.10378,72.63828,324.59,0.4,0.37,2026-06-28,2058,N20,VIIRS,n,2,273.37,1.86,N,2
21.10442,72.63445,305.56,0.4,0.37,2026-06-28,2058,N20,VIIRS,n,2,273.62,1.86,N,2
21.10586,72.6466,329.09,0.4,0.37,2026-06-28,2058,N20,VIIRS,n,2,273.94,3.82,N,2
21.10695,72.6493,303.02,0.4,0.37,2026-06-28,2058,N20,VIIRS,n,2,272.62,1.64,N,2
21.1076,72.64547,327.1,0.4,0.37,2026-06-28,2058,N20,VIIRS,n,2,273.63,2.81,N,2
21.1089,72.6378,302.96,0.4,0.37,2026-06-28,2058,N20,VIIRS,n,2,274.04,1.41,N,2
21.18774,81.38969,296.36,0.4,0.6,2026-06-28,2058,N20,VIIRS,n,2,265.01,0.72,N,2
21.79691,72.091,313.34,0.39,0.36,2026-06-28,2058,N20,VIIRS,n,2,279.75,1.19,N,0
22.33986,69.85631,306.31,0.4,0.37,2026-06-28,2058,N20,VIIRS,n,2,284.38,1.18,N,2
22.41704,69.03895,309.73,0.42,0.38,2026-06-28,2058,N20,VIIRS,n,2,286.43,1.59,N,2
22.9301,70.10767,309.6,0.4,0.37,2026-06-28,2058,N20,VIIRS,n,2,294.34,0.48,N,0
22.9339,69.6955,299.95,0.4,0.37,2026-06-28,2058,N20,VIIRS,n,2,283.63,1.75,N,0
23.12092,70.08495,330.16,0.4,0.37,2026-06-28,2058,N20,VIIRS,n,2,295.61,2.85,N,2
23.26755,70.28209,308.98,0.39,0.37,2026-06-28,2058,N20,VIIRS,n,2,295.24,0.62,N,2
23.42385,68.87269,306.87,0.43,0.38,2026-06-28,2058,N20,VIIRS,n,2,287.84,0.62,N,0
14.79398,79.00919,309.32,0.38,0.59,2026-06-28,2059,N20,VIIRS,n,2,285.08,1.49,N,0
15.33441,76.28783,297.27,0.49,0.48,2026-06-28,2059,N20,VIIRS,n,2,275.29,0.54,N,0
11.76909,78.67477,314.09,0.41,0.61,2026-06-28,2100,N20,VIIRS,n,2,286.3,1.23,N,0
11.81802,77.91733,304.62,0.36,0.58,2026-06-28,2100,N20,VIIRS,n,2,287.86,0.81,N,2
13.39161,80.10098,297.43,0.48,0.64,2026-06-28,2100,N20,VIIRS,n,2,274.6,1.06,N,2
14.87332,78.05502,305.1,0.33,0.55,2026-06-28,2100,N20,VIIRS,n,2,287.84,0.6,N,2
14.87369,78.05399,316.48,0.33,0.55,2026-06-28,2100,N20,VIIRS,n,2,288.16,1.38,N,2
14.87392,78.05203,306.14,0.33,0.55,2026-06-28,2100,N20,VIIRS,n,2,287.76,0.6,N,2
15.07123,76.8665,296.02,0.54,0.51,2026-06-28,2100,N20,VIIRS,n,2,272.95,0.3,N,2
15.17703,76.65944,318.48,0.52,0.5,2026-06-28,2100,N20,VIIRS,n,2,285.86,3.55,N,2
15.17794,76.65469,310.47,0.52,0.5,2026-06-28,2100,N20,VIIRS,n,2,285.38,2.59,N,2
15.18331,76.67565,303.33,0.52,0.5,2026-06-28,2100,N20,VIIRS,n,2,285.56,3.48,N,2
15.18513,76.66612,312.29,0.52,0.5,2026-06-28,2100,N20,VIIRS,n,2,284.5,2.22,N,2
9.24442,80.68812,305.72,0.62,0.72,2026-06-28,2101,N20,VIIRS,n,2,287.62,0.84,N,0
21.5936,96.23286,332.38,0.39,0.44,2026-06-29,629,N20,VIIRS,n,2,292.34,2.02,D,0
22.11827,95.88644,341.48,0.4,0.44,2026-06-29,629,N20,VIIRS,n,2,291.43,4.04,D,0
26.05544,93.67383,339.79,0.45,0.47,2026-06-29,630,N20,VIIRS,n,2,284.55,9.34,D,0
8.18045,79.92672,335.78,0.39,0.36,2026-06-29,806,N20,VIIRS,n,2,294.45,3.6,D,0
8.65977,77.87526,343.07,0.4,0.37,2026-06-29,806,N20,VIIRS,n,2,299.98,3.96,D,0
8.71176,80.41154,340.3,0.4,0.37,2026-06-29,806,N20,VIIRS,n,2,297.17,4.59,D,0
8.75938,78.18442,335.13,0.39,0.36,2026-06-29,806,N20,VIIRS,n,2,296.9,5.54,D,0
8.77312,77.9638,331.59,0.4,0.37,2026-06-29,806,N20,VIIRS,n,2,300.34,1.79,D,0
8.84153,80.97136,331.5,0.41,0.37,2026-06-29,806,N20,VIIRS,n,2,296.86,3.48,D,0
8.84208,80.97507,336.94,0.41,0.37,2026-06-29,806,N20,VIIRS,n,2,298.98,3.48,D,0
8.84549,80.97457,349.94,0.41,0.37,2026-06-29,806,N20,VIIRS,n,2,297.34,6.14,D,0
8.97579,79.89093,338.86,0.39,0.36,2026-06-29,806,N20,VIIRS,n,2,299.44,4.42,D,0
8.8187,77.60173,338.96,0.4,0.37,2026-06-29,807,N20,VIIRS,n,2,299.52,3.08,D,0
8.88808,77.98834,330.71,0.39,0.37,2026-06-29,807,N20,VIIRS,n,2,299.21,1.14,D,0
9.09377,77.43002,337.89,0.41,0.37,2026-06-29,807,N20,VIIRS,n,2,302.66,5.54,D,0
9.15586,77.91631,333.82,0.39,0.37,2026-06-29,807,N20,VIIRS,n,2,302.8,1.29,D,0
9.16031,77.9229,335.9,0.39,0.37,2026-06-29,807,N20,VIIRS,n,2,303.8,2.47,D,0
9.17205,77.61138,338.34,0.4,0.37,2026-06-29,807,N20,VIIRS,n,2,304.11,3.31,D,0
9.24403,80.6884,333.29,0.4,0.37,2026-06-29,807,N20,VIIRS,n,2,300.48,6.26,D,0
9.24457,80.69207,334.43,0.4,0.37,2026-06-29,807,N20,VIIRS,n,2,298.41,6.25,D,0
9.30947,79.29023,336.97,0.38,0.36,2026-06-29,807,N20,VIIRS,n,2,299.6,6.26,D,0
9.31841,80.25093,339.65,0.4,0.37,2026-06-29,807,N20,VIIRS,n,2,299.11,6.26,D,0
9.39695,77.80432,339.68,0.4,0.37,2026-06-29,807,N20,VIIRS,n,2,304.71,4.35,D,0
9.54232,80.41168,339.03,0.4,0.37,2026-06-29,807,N20,VIIRS,n,2,300.22,4.04,D,0
9.62848,79.96916,330.51,0.39,0.36,2026-06-29,807,N20,VIIRS,l,2,300.65,4.25,D,0
9.68585,80.26392,331.72,0.4,0.37,2026-06-29,807,N20,VIIRS,n,2,297.11,1.52,D,0
9.78291,78.59009,331.49,0.39,0.36,2026-06-29,807,N20,VIIRS,l,2,301.79,1.99,D,0
10.24166,79.19478,335.92,0.38,0.36,2026-06-29,807,N20,VIIRS,n,2,294.93,3.16,D,0
10.84876,78.49934,334.08,0.38,0.36,2026-06-29,807,N20,VIIRS,n,2,293.93,2.38,D,0
11.2521,79.78069,330.94,0.39,0.37,2026-06-29,807,N20,VIIRS,n,2,297.83,1.75,D,0
11.36542,79.76633,330.05,0.39,0.37,2026-06-29,807,N20,VIIRS,n,2,293.69,1.46,D,0
11.43275,79.37551,335.37,0.39,0.36,2026-06-29,807,N20,VIIRS,n,2,300.24,5.61,D,0
11.63648,79.17305,330.79,0.39,0.36,2026-06-29,807,N20,VIIRS,n,2,300.11,2.01,D,0
11.68195,78.48519,339.1,0.38,0.36,2026-06-29,807,N20,VIIRS,n,2,298.29,2.86,D,0
11.80923,77.92228,339.14,0.39,0.36,2026-06-29,807,N20,VIIRS,n,2,299.64,5.3,D,2
12.27231,79.77376,338.71,0.4,0.37,2026-06-29,807,N20,VIIRS,n,2,302.17,4.46,D,0
12.43626,79.64706,344.52,0.4,0.37,2026-06-29,807,N20,VIIRS,n,2,299.21,3.52,D,0
12.49894,79.74567,335.11,0.4,0.37,2026-06-29,807,N20,VIIRS,n,2,301.65,2.05,D,0
12.5175,79.73164,342.07,0.4,0.37,2026-06-29,807,N20,VIIRS,n,2,302.49,9.4,D,0
12.87168,79.49391,340.56,0.4,0.37,2026-06-29,808,N20,VIIRS,n,2,304.6,7.75,D,0
12.88402,79.85966,335.34,0.4,0.37,2026-06-29,808,N20,VIIRS,n,2,299.44,3.54,D,0
12.9361,79.81387,338.21,0.4,0.37,2026-06-29,808,N20,VIIRS,n,2,301.96,3.1,D,0
12.94208,79.97268,341.1,0.41,0.37,2026-06-29,808,N20,VIIRS,n,2,304.29,5.82,D,0
12.9758,79.67494,330.47,0.4,0.37,2026-06-29,808,N20,VIIRS,n,2,294.96,2.62,D,0
13.01992,80.09838,333.16,0.41,0.37,2026-06-29,808,N20,VIIRS,n,2,299.35,0.92,D,0
13.02612,79.59605,334.18,0.4,0.37,2026-06-29,808,N20,VIIRS,n,2,296.32,2.65,D,0
13.08162,79.79852,335.42,0.4,0.37,2026-06-29,808,N20,VIIRS,n,2,300.81,3.87,D,0
13.14732,79.72794,336.4,0.4,0.37,2026-06-29,808,N20,VIIRS,n,2,297.1,10.27,D,0
13.391,80.101,331.51,0.41,0.37,2026-06-29,808,N20,VIIRS,l,2,302.21,2.08,D,2
14.36069,80.06097,334.41,0.42,0.38,2026-06-29,808,N20,VIIRS,n,2,302.03,4.29,D,0
14.36413,80.06045,341.47,0.42,0.38,2026-06-29,808,N20,VIIRS,n,2,302.5,4.73,D,0
14.3686,80.09149,333.37,0.42,0.38,2026-06-29,808,N20,VIIRS,n,2,298.26,1.69,D,0
14.42619,79.71505,333.7,0.41,0.37,2026-06-29,808,N20,VIIRS,n,2,302.12,2.05,D,0
14.45709,80.17435,340.28,0.42,0.38,2026-06-29,808,N20,VIIRS,n,2,300.24,4.99,D,0
14.47938,77.19874,330,0.39,0.36,2026-06-29,808,N20,VIIRS,n,2,297.29,1.07,D,0
14.57437,76.30907,330.52,0.4,0.37,2026-06-29,808,N20,VIIRS,n,2,296.78,5.93,D,0
14.69806,79.99858,336.58,0.42,0.38,2026-06-29,808,N20,VIIRS,n,2,298.86,3.79,D,0
14.72943,79.68381,335.84,0.41,0.37,2026-06-29,808,N20,VIIRS,n,2,299.4,2.55,D,0
14.75089,79.71162,337.98,0.41,0.37,2026-06-29,808,N20,VIIRS,n,2,301.11,4.08,D,0
14.97957,79.67315,344.57,0.41,0.37,2026-06-29,808,N20,VIIRS,n,2,300.51,6.04,D,0
14.98167,79.56798,346.16,0.41,0.37,2026-06-29,808,N20,VIIRS,n,2,300.82,7.55,D,0
15.1763,76.67882,333.1,0.39,0.36,2026-06-29,808,N20,VIIRS,l,2,298.68,5.37,D,2
15.17906,76.67464,341.45,0.39,0.36,2026-06-29,808,N20,VIIRS,n,2,296.46,5.62,D,2
15.17962,76.67826,335.74,0.39,0.36,2026-06-29,808,N20,VIIRS,l,2,294.92,3.58,D,2
15.18019,76.68188,336.82,0.39,0.36,2026-06-29,808,N20,VIIRS,l,2,294.33,3.58,D,2
15.34273,79.54749,340.18,0.41,0.37,2026-06-29,808,N20,VIIRS,n,2,303.28,4.52,D,0
18.01977,78.97878,333.48,0.41,0.37,2026-06-29,809,N20,VIIRS,n,2,298.02,3.56,D,0
18.10116,79.40105,339.62,0.43,0.38,2026-06-29,809,N20,VIIRS,n,2,296.43,5.04,D,0
18.48259,74.40521,330.57,0.43,0.38,2026-06-29,809,N20,VIIRS,n,2,293.87,3.1,D,0
18.66695,79.05598,333.82,0.42,0.38,2026-06-29,809,N20,VIIRS,n,2,292.73,1.55,D,0
18.68337,79.12231,335.74,0.42,0.38,2026-06-29,809,N20,VIIRS,n,2,291.33,3.12,D,0
18.7048,79.05026,335.41,0.42,0.38,2026-06-29,809,N20,VIIRS,n,2,293,2.78,D,0
18.72027,79.53841,331.78,0.44,0.38,2026-06-29,809,N20,VIIRS,n,2,293.49,3.17,D,2
19.83529,80.05904,334.76,0.47,0.4,2026-06-29,809,N20,VIIRS,n,2,289.95,4.11,D,0
20.97785,85.13419,335.74,0.33,0.55,2026-06-29,810,N20,VIIRS,n,2,279.7,5.35,D,2
21.04638,79.64597,334.68,0.46,0.39,2026-06-29,810,N20,VIIRS,n,2,292.74,3.57,D,0
21.09958,81.71899,333.1,0.4,0.44,2026-06-29,810,N20,VIIRS,n,2,293.79,1.4,D,0
21.1814,81.57703,343.53,0.39,0.44,2026-06-29,810,N20,VIIRS,n,2,286.07,2.56,D,0
21.35987,70.62387,334.64,0.4,0.44,2026-06-29,810,N20,VIIRS,n,2,294.57,3.04,D,0
21.58421,70.34158,334.45,0.41,0.45,2026-06-29,810,N20,VIIRS,n,2,299.77,4.32,D,0
21.70573,70.2038,338.36,0.42,0.45,2026-06-29,810,N20,VIIRS,n,2,301.94,2.61,D,0
21.74047,83.84187,332.41,0.55,0.51,2026-06-29,810,N20,VIIRS,n,2,286.48,5.98,D,2
21.75519,83.84572,336.95,0.55,0.51,2026-06-29,810,N20,VIIRS,n,2,285.53,6.96,D,0
21.79048,72.72041,338.25,0.46,0.39,2026-06-29,810,N20,VIIRS,n,2,292.52,7.08,D,0
22.03927,83.72765,331.49,0.54,0.51,2026-06-29,810,N20,VIIRS,n,2,286.49,6.09,D,2
22.35941,82.30165,339.42,0.45,0.47,2026-06-29,810,N20,VIIRS,n,2,275.99,8.82,D,2
22.36109,82.30172,337.72,0.45,0.47,2026-06-29,810,N20,VIIRS,n,2,276.15,5.09,D,2
23.22973,77.23174,333.93,0.4,0.37,2026-06-29,810,N20,VIIRS,n,2,293.97,2.45,D,0
22.90363,69.22401,331.62,0.46,0.47,2026-06-29,811,N20,VIIRS,n,2,295.91,2.75,D,0
22.92727,70.10851,333.56,0.41,0.45,2026-06-29,811,N20,VIIRS,l,2,305.34,7.32,D,0
22.94565,69.15477,335.86,0.46,0.47,2026-06-29,811,N20,VIIRS,n,2,300.85,5.13,D,0
22.95504,70.03317,343.72,0.41,0.45,2026-06-29,811,N20,VIIRS,n,2,302.8,2.94,D,0
23.04368,72.28975,337.89,0.47,0.39,2026-06-29,811,N20,VIIRS,n,2,297.23,9.65,D,0
23.3774,69.93208,344.4,0.41,0.45,2026-06-29,811,N20,VIIRS,n,2,305.83,5.59,D,0
23.46965,69.84185,339.48,0.41,0.45,2026-06-29,811,N20,VIIRS,n,2,304.82,7.63,D,0
24.90027,69.29391,338.54,0.42,0.45,2026-06-29,811,N20,VIIRS,n,2,299.68,1.8,D,0
25.02911,68.85567,333.48,0.44,0.46,2026-06-29,811,N20,VIIRS,n,2,299.29,2.55,D,0
25.16792,69.69753,336.89,0.39,0.44,2026-06-29,811,N20,VIIRS,n,2,304.78,4.04,D,0
25.1926,68.35072,346.03,0.47,0.48,2026-06-29,811,N20,VIIRS,n,2,300.32,5.33,D,0
25.19413,68.35192,339.71,0.47,0.48,2026-06-29,811,N20,VIIRS,n,2,299.96,6.76,D,0
25.22724,68.31514,339.06,0.47,0.48,2026-06-29,811,N20,VIIRS,n,2,302.4,3.96,D,0
25.23154,68.31409,332.82,0.47,0.48,2026-06-29,811,N20,VIIRS,n,2,301.73,3.96,D,0
25.23247,68.31866,342.34,0.47,0.48,2026-06-29,811,N20,VIIRS,n,2,301.18,7.54,D,0
26.25287,78.99435,344.02,0.49,0.4,2026-06-29,811,N20,VIIRS,n,2,295.2,4.64,D,0
26.43668,78.9811,334.77,0.49,0.4,2026-06-29,811,N20,VIIRS,n,2,295.6,3.42,D,0
27.08886,79.52352,330.3,0.53,0.42,2026-06-29,811,N20,VIIRS,n,2,288.31,2.99,D,0
27.15185,79.88114,341.64,0.56,0.43,2026-06-29,811,N20,VIIRS,n,2,295.48,7.07,D,0
25.90713,68.92908,334.51,0.42,0.45,2026-06-29,812,N20,VIIRS,n,2,303.55,2.9,D,0
25.92689,69.26562,330.48,0.4,0.44,2026-06-29,812,N20,VIIRS,l,2,301.12,3.53,D,0
25.9309,69.26466,339.78,0.4,0.44,2026-06-29,812,N20,VIIRS,n,2,300.34,3.14,D,0
26.35309,68.50344,333,0.44,0.46,2026-06-29,812,N20,VIIRS,n,2,302.43,3.51,D,0
27.08682,78.35474,336.2,0.47,0.4,2026-06-29,812,N20,VIIRS,n,2,298.5,4.34,D,0
27.08741,78.35944,335.06,0.47,0.4,2026-06-29,812,N20,VIIRS,n,2,298.76,3.08,D,0
27.09044,78.35415,334.76,0.47,0.4,2026-06-29,812,N20,VIIRS,n,2,297.71,5.36,D,0
27.09104,78.35886,347.19,0.47,0.4,2026-06-29,812,N20,VIIRS,n,2,299.28,7.15,D,0
27.21735,79.25762,331.83,0.52,0.41,2026-06-29,812,N20,VIIRS,n,2,290.98,3,D,0
27.37253,77.69183,337.84,0.44,0.39,2026-06-29,812,N20,VIIRS,n,2,300.47,2.8,D,0
27.37313,77.69628,338.32,0.44,0.39,2026-06-29,812,N20,VIIRS,n,2,300.5,2.8,D,0
27.43064,68.25468,335.38,0.43,0.46,2026-06-29,812,N20,VIIRS,l,2,306.21,2.63,D,0
27.47024,79.31084,338.95,0.52,0.42,2026-06-29,812,N20,VIIRS,n,2,285.74,8.84,D,0
27.49063,68.05048,340.98,0.44,0.46,2026-06-29,812,N20,VIIRS,n,2,306.55,4.76,D,0
27.50448,77.79072,341.71,0.45,0.39,2026-06-29,812,N20,VIIRS,n,2,302.4,5.2,D,0
27.52656,68.14184,335.2,0.43,0.46,2026-06-29,812,N20,VIIRS,l,2,306.8,3.91,D,0
27.62969,68.15297,334.61,0.43,0.46,2026-06-29,812,N20,VIIRS,l,2,305.81,2.09,D,0
27.63396,68.06557,334.15,0.44,0.46,2026-06-29,812,N20,VIIRS,l,2,305.36,3.21,D,0
27.67237,68.47339,339.21,0.41,0.45,2026-06-29,812,N20,VIIRS,n,2,305.28,1.64,D,0
27.67982,68.57451,352.59,0.41,0.45,2026-06-29,812,N20,VIIRS,n,2,309.06,20.43,D,0
27.68063,68.57858,348.96,0.41,0.45,2026-06-29,812,N20,VIIRS,n,2,305.88,9.04,D,0
27.68439,68.117,341.31,0.43,0.46,2026-06-29,812,N20,VIIRS,n,2,304.87,3.84,D,0
27.69435,68.51955,336.61,0.41,0.45,2026-06-29,812,N20,VIIRS,n,2,303.92,4.13,D,0
27.82269,78.34879,334.13,0.48,0.4,2026-06-29,812,N20,VIIRS,n,2,299.96,1.34,D,0
27.98832,77.71915,334.33,0.45,0.39,2026-06-29,812,N20,VIIRS,n,2,300.16,1.53,D,0
27.99187,77.71857,337.27,0.45,0.39,2026-06-29,812,N20,VIIRS,n,2,299.57,1.53,D,0
28.00913,78.38071,337.67,0.48,0.4,2026-06-29,812,N20,VIIRS,n,2,300.85,2.19,D,0
28.08687,68.96672,335.52,0.57,0.43,2026-06-29,812,N20,VIIRS,l,2,308.33,4.2,D,0
28.1879,80.13483,353.47,0.39,0.44,2026-06-29,812,N20,VIIRS,n,2,278.39,9.06,D,0
28.54166,68.30146,340.74,0.41,0.45,2026-06-29,812,N20,VIIRS,n,2,309.88,3.75,D,0
28.65374,68.29119,342.14,0.41,0.45,2026-06-29,812,N20,VIIRS,n,2,309.15,5.05,D,0
28.95647,77.07579,340.5,0.43,0.38,2026-06-29,812,N20,VIIRS,n,2,305.29,7.81,D,0
29.43037,77.14738,331.75,0.44,0.38,2026-06-29,812,N20,VIIRS,l,2,306.08,3.05,D,0
29.4339,77.14679,331.92,0.44,0.38,2026-06-29,812,N20,VIIRS,l,2,306.41,3.62,D,0
29.45861,76.86472,340.09,0.43,0.38,2026-06-29,812,N20,VIIRS,n,2,303.92,14.26,D,2
29.45919,76.86914,342.38,0.43,0.38,2026-06-29,812,N20,VIIRS,n,2,305.16,22.37,D,2
29.49922,77.12321,330.36,0.44,0.38,2026-06-29,812,N20,VIIRS,l,2,305.12,7.79,D,0
29.51263,76.86903,333.83,0.43,0.38,2026-06-29,812,N20,VIIRS,n,2,301.74,1.31,D,0
29.56213,76.53423,337.66,0.42,0.38,2026-06-29,812,N20,VIIRS,n,2,301.48,9.81,D,0
29.63977,77.04036,330.23,0.44,0.38,2026-06-29,812,N20,VIIRS,n,2,298.97,2.78,D,0
29.68983,77.14781,330.15,0.44,0.39,2026-06-29,812,N20,VIIRS,l,2,304.05,8.41,D,0
29.69276,77.14266,331.31,0.44,0.39,2026-06-29,812,N20,VIIRS,l,2,304.62,6.91,D,0
29.71385,77.14049,331.4,0.44,0.39,2026-06-29,812,N20,VIIRS,l,2,304.43,3.47,D,0
29.71738,77.13989,330.89,0.44,0.39,2026-06-29,812,N20,VIIRS,l,2,303.88,3.47,D,0
29.76801,77.14068,330.15,0.44,0.39,2026-06-29,812,N20,VIIRS,l,2,303.48,7.66,D,0
29.96728,76.90126,332.9,0.44,0.38,2026-06-29,812,N20,VIIRS,n,2,299.19,1.41,D,0
29.98223,76.49218,337.7,0.42,0.38,2026-06-29,812,N20,VIIRS,n,2,301.18,1.95,D,0
30.64123,77.80496,340.71,0.48,0.4,2026-06-29,812,N20,VIIRS,n,2,298.25,7,D,0
30.46711,73.83335,332.43,0.38,0.36,2026-06-29,813,N20,VIIRS,l,2,305.45,1.25,D,0
30.54517,73.63347,347.84,0.38,0.36,2026-06-29,813,N20,VIIRS,n,2,308.9,7.6,D,0
30.56773,73.66982,343.83,0.38,0.36,2026-06-29,813,N20,VIIRS,n,2,307.76,4.87,D,0
30.66174,73.74962,335.03,0.38,0.36,2026-06-29,813,N20,VIIRS,l,2,309.49,2.29,D,0
30.69216,75.7028,331.52,0.41,0.37,2026-06-29,813,N20,VIIRS,n,2,294.84,1.99,D,0
30.729,73.87946,340.51,0.38,0.36,2026-06-29,813,N20,VIIRS,n,2,310.45,27.22,D,0
30.73201,73.74343,335.44,0.38,0.36,2026-06-29,813,N20,VIIRS,l,2,305.92,24.32,D,0
30.73789,75.17032,338.4,0.4,0.37,2026-06-29,813,N20,VIIRS,n,2,302.6,4.96,D,0
30.74284,75.1567,333.53,0.4,0.37,2026-06-29,813,N20,VIIRS,n,2,303.14,8.23,D,0
30.74342,75.16082,331.09,0.4,0.37,2026-06-29,813,N20,VIIRS,n,2,300.72,6.52,D,0
30.76301,75.08118,334.91,0.39,0.37,2026-06-29,813,N20,VIIRS,n,2,302.3,5.79,D,0
30.7636,75.08528,340.34,0.39,0.37,2026-06-29,813,N20,VIIRS,n,2,302.95,5.79,D,0
30.77385,77.64606,335.28,0.48,0.4,2026-06-29,813,N20,VIIRS,n,2,295.92,5.8,D,0
30.79451,75.57784,330.46,0.4,0.37,2026-06-29,813,N20,VIIRS,n,2,295.16,1.96,D,0
30.81212,74.43473,332.64,0.39,0.36,2026-06-29,813,N20,VIIRS,l,2,303.15,1.41,D,0
30.8371,74.39674,334.57,0.39,0.36,2026-06-29,813,N20,VIIRS,n,2,303.99,2.37,D,0
30.83769,74.40075,334.39,0.39,0.36,2026-06-29,813,N20,VIIRS,n,2,302.84,3.01,D,0
30.85029,75.58045,340.72,0.4,0.37,2026-06-29,813,N20,VIIRS,n,2,293.52,3.92,D,0
30.86588,75.44416,346.79,0.4,0.37,2026-06-29,813,N20,VIIRS,n,2,299.31,5.13,D,0
30.87938,75.54055,333.73,0.4,0.37,2026-06-29,813,N20,VIIRS,n,2,295.03,2.38,D,0
30.94601,75.34031,332.43,0.4,0.37,2026-06-29,813,N20,VIIRS,n,2,297.41,2.31,D,0
30.9707,75.34423,336.39,0.4,0.37,2026-06-29,813,N20,VIIRS,n,2,297.17,3,D,0
30.98192,75.2908,333.84,0.4,0.37,2026-06-29,813,N20,VIIRS,n,2,296.85,3.73,D,0
31.00307,75.51877,330.19,0.4,0.37,2026-06-29,813,N20,VIIRS,n,2,297.35,2.69,D,0
31.00346,75.47124,336.58,0.4,0.37,2026-06-29,813,N20,VIIRS,n,2,298.14,2.66,D,0
31.01811,75.47712,338.16,0.4,0.37,2026-06-29,813,N20,VIIRS,n,2,297.05,3.36,D,0
31.05009,75.45823,336.05,0.4,0.37,2026-06-29,813,N20,VIIRS,n,2,298.04,5.28,D,0
31.09241,75.30525,335.73,0.4,0.37,2026-06-29,813,N20,VIIRS,n,2,296.02,2.65,D,0
31.09334,75.44582,333.27,0.4,0.37,2026-06-29,813,N20,VIIRS,n,2,296.12,3.62,D,0
31.09393,75.45003,335.42,0.4,0.37,2026-06-29,813,N20,VIIRS,n,2,294.84,3.62,D,0
31.10908,75.27641,336.35,0.4,0.37,2026-06-29,813,N20,VIIRS,n,2,296.44,4.01,D,0
31.10934,75.32779,341.43,0.4,0.37,2026-06-29,813,N20,VIIRS,n,2,294.7,4.3,D,0
31.11522,75.27098,336.38,0.4,0.37,2026-06-29,813,N20,VIIRS,n,2,295.82,3.69,D,0
31.1158,75.27515,337.49,0.4,0.37,2026-06-29,813,N20,VIIRS,n,2,297.94,3.69,D,0
31.11916,75.27452,341.21,0.4,0.37,2026-06-29,813,N20,VIIRS,n,2,294.77,3.69,D,0
31.1196,75.25305,335.61,0.4,0.37,2026-06-29,813,N20,VIIRS,n,2,294.17,2.39,D,0
31.12704,75.28159,336.42,0.4,0.37,2026-06-29,813,N20,VIIRS,n,2,294.73,2.82,D,0
31.12763,75.28577,330.79,0.4,0.37,2026-06-29,813,N20,VIIRS,n,2,294.08,2.1,D,0
31.13099,75.28513,347.68,0.4,0.37,2026-06-29,813,N20,VIIRS,n,2,298.13,6.74,D,0
31.13508,75.31436,339.45,0.4,0.37,2026-06-29,813,N20,VIIRS,n,2,297.96,5.77,D,0
31.13844,75.31373,340.2,0.4,0.37,2026-06-29,813,N20,VIIRS,n,2,297.45,5.77,D,0
31.16578,75.48529,334.33,0.4,0.37,2026-06-29,813,N20,VIIRS,n,2,282.1,7.25,D,0
31.21476,75.3818,334.44,0.4,0.37,2026-06-29,813,N20,VIIRS,n,2,292.07,3.72,D,0
31.21498,75.30859,335.02,0.4,0.37,2026-06-29,813,N20,VIIRS,n,2,293.41,4,D,0
31.27248,75.3494,336.02,0.4,0.37,2026-06-29,813,N20,VIIRS,n,2,290.31,3.06,D,0
31.33073,75.36116,344.74,0.4,0.37,2026-06-29,813,N20,VIIRS,n,2,295.21,7.04,D,0
31.36466,75.65977,335.88,0.41,0.37,2026-06-29,813,N20,VIIRS,n,2,294.49,1.94,D,0
31.36937,75.24185,331.89,0.4,0.37,2026-06-29,813,N20,VIIRS,n,2,295.23,3.38,D,0
31.3792,75.28734,345.09,0.4,0.37,2026-06-29,813,N20,VIIRS,n,2,295.04,7.06,D,0
31.40665,75.1282,335.65,0.4,0.37,2026-06-29,813,N20,VIIRS,n,2,298.19,2.74,D,0
31.44979,75.59219,338.94,0.41,0.37,2026-06-29,813,N20,VIIRS,n,2,290.83,4.41,D,0
31.60449,75.22424,339.95,0.4,0.37,2026-06-29,813,N20,VIIRS,n,2,286.18,5,D,0
31.84985,74.10324,334.19,0.39,0.36,2026-06-29,813,N20,VIIRS,l,2,305.39,2.49,D,0
31.86632,74.00806,342.96,0.39,0.36,2026-06-29,813,N20,VIIRS,n,2,303,2.73,D,0
31.91146,73.96941,331.19,0.39,0.36,2026-06-29,813,N20,VIIRS,l,2,304.39,2.46,D,0
32.36359,74.06447,342.57,0.39,0.36,2026-06-29,813,N20,VIIRS,n,2,302.08,6.61,D,0
32.42097,74.41264,334.52,0.39,0.36,2026-06-29,813,N20,VIIRS,n,2,300.33,2.35,D,0
33.0019,73.51078,336.94,0.38,0.36,2026-06-29,813,N20,VIIRS,n,2,306.43,2.59,D,0
33.15618,75.57987,334.3,0.42,0.38,2026-06-29,813,N20,VIIRS,l,2,305.87,2.24,D,0
33.67477,73.4654,332.53,0.39,0.36,2026-06-29,813,N20,VIIRS,l,2,303.79,2.31,D,0
33.67538,73.46956,333.44,0.39,0.36,2026-06-29,813,N20,VIIRS,n,2,303.09,2.31,D,0
33.80302,73.62162,337.42,0.39,0.36,2026-06-29,814,N20,VIIRS,n,2,300.68,2.92,D,0
33.81991,73.18478,336.41,0.38,0.36,2026-06-29,814,N20,VIIRS,n,2,301.54,3.75,D,0
33.82319,73.18408,335.8,0.38,0.36,2026-06-29,814,N20,VIIRS,n,2,301.72,3.75,D,0
33.82381,73.18821,334.04,0.38,0.36,2026-06-29,814,N20,VIIRS,n,2,300.31,5.67,D,0
34.14285,72.73701,346.73,0.38,0.36,2026-06-29,814,N20,VIIRS,n,2,309.55,3.11,D,0
34.14348,72.74113,337.15,0.38,0.36,2026-06-29,814,N20,VIIRS,l,2,309.25,3.11,D,0
34.14613,72.73627,335.71,0.38,0.36,2026-06-29,814,N20,VIIRS,l,2,308.19,3.16,D,0
34.26955,72.98764,340.9,0.38,0.36,2026-06-29,814,N20,VIIRS,n,2,310.59,4.75,D,0
34.27018,72.99179,336.11,0.38,0.36,2026-06-29,814,N20,VIIRS,l,2,307.27,2.21,D,0
34.32576,73.00071,336.75,0.38,0.36,2026-06-29,814,N20,VIIRS,n,2,305.63,1.87,D,0
34.35698,72.25026,338.57,0.39,0.36,2026-06-29,814,N20,VIIRS,l,2,311.85,3.91,D,0
34.48927,71.49901,351.27,0.39,0.36,2026-06-29,814,N20,VIIRS,l,2,319.3,11.24,D,0
34.52939,72.41795,337.22,0.38,0.36,2026-06-29,814,N20,VIIRS,l,2,308.27,3.14,D,0
34.53139,72.40899,339.36,0.38,0.36,2026-06-29,814,N20,VIIRS,l,2,311.41,4.07,D,0
34.53267,72.41722,348.66,0.38,0.36,2026-06-29,814,N20,VIIRS,n,2,309.66,3.64,D,0
34.54123,72.40675,334.57,0.38,0.36,2026-06-29,814,N20,VIIRS,l,2,306.63,1.88,D,0
34.54187,72.41087,339.76,0.38,0.36,2026-06-29,814,N20,VIIRS,n,2,306.97,2.02,D,0
34.54251,72.41499,337.33,0.38,0.36,2026-06-29,814,N20,VIIRS,n,2,307.28,2.02,D,0
34.61839,72.11511,347.57,0.39,0.36,2026-06-29,814,N20,VIIRS,l,2,315.51,8.81,D,0
34.62291,72.44933,338.35,0.38,0.36,2026-06-29,814,N20,VIIRS,l,2,310.07,4.78,D,0
34.65451,71.84813,346.64,0.39,0.36,2026-06-29,814,N20,VIIRS,n,2,312.53,4.72,D,0
34.65714,71.84329,344.07,0.39,0.36,2026-06-29,814,N20,VIIRS,n,2,312.73,4.72,D,0
34.66043,71.84253,339.27,0.39,0.36,2026-06-29,814,N20,VIIRS,l,2,310.62,4.31,D,0
34.73501,72.33866,340.22,0.38,0.36,2026-06-29,814,N20,VIIRS,l,2,311.81,3.7,D,0
22.35474,96.70353,295.17,0.54,0.42,2026-06-29,1857,N20,VIIRS,n,2,269.12,0.75,N,2
35.1276,70.98561,329.08,0.54,0.5,2026-06-29,2035,N20,VIIRS,n,2,291.4,3.77,N,0
35.96906,68.6861,302.98,0.37,0.58,2026-06-29,2035,N20,VIIRS,n,2,291.92,0.66,N,2
32.57648,72.56424,313.23,0.41,0.45,2026-06-29,2036,N20,VIIRS,n,2,300.18,1.93,N,2
33.8824,73.08205,311.23,0.4,0.44,2026-06-29,2036,N20,VIIRS,n,2,293.41,1.6,N,0
34.15066,72.84273,308.26,0.41,0.45,2026-06-29,2036,N20,VIIRS,n,2,297.08,2.24,N,0
34.15115,72.83798,310.08,0.41,0.45,2026-06-29,2036,N20,VIIRS,n,2,296.82,2.24,N,0
34.16232,73.01072,310.28,0.4,0.44,2026-06-29,2036,N20,VIIRS,n,2,296.48,0.82,N,0
34.36092,72.24421,324.36,0.44,0.46,2026-06-29,2036,N20,VIIRS,n,2,298.68,3.16,N,0
34.39951,72.75102,305.52,0.42,0.45,2026-06-29,2036,N20,VIIRS,n,2,294.66,1.92,N,0
34.44191,71.73376,315.78,0.48,0.48,2026-06-29,2036,N20,VIIRS,n,2,298.97,1.83,N,0
34.44524,71.74036,319.48,0.48,0.48,2026-06-29,2036,N20,VIIRS,n,2,299.06,2.66,N,0
34.44567,71.73568,324.72,0.48,0.48,2026-06-29,2036,N20,VIIRS,n,2,299.27,2.66,N,0
34.44584,71.73933,321.23,0.48,0.48,2026-06-29,2036,N20,VIIRS,n,2,299.14,3.43,N,0
34.44628,71.73473,314.96,0.48,0.48,2026-06-29,2036,N20,VIIRS,n,2,298.87,3.77,N,0
34.4465,71.72675,320.62,0.48,0.48,2026-06-29,2036,N20,VIIRS,n,2,298.76,3.75,N,0
34.44696,71.7217,330.23,0.48,0.48,2026-06-29,2036,N20,VIIRS,n,2,298.68,4.9,N,0
34.44717,71.72562,325.38,0.48,0.48,2026-06-29,2036,N20,VIIRS,n,2,298.64,3.59,N,0
34.44769,71.72034,328.06,0.48,0.48,2026-06-29,2036,N20,VIIRS,n,2,298.24,3.59,N,0
34.45092,71.72716,334.1,0.48,0.48,2026-06-29,2036,N20,VIIRS,n,2,299.37,3.75,N,0
34.4514,71.72187,331.77,0.48,0.48,2026-06-29,2036,N20,VIIRS,n,2,298.4,4.9,N,0
34.45161,71.72595,339.11,0.48,0.48,2026-06-29,2036,N20,VIIRS,n,2,298.84,3.59,N,0
34.45214,71.72047,322.42,0.48,0.48,2026-06-29,2036,N20,VIIRS,n,2,298.31,3.59,N,0
34.45393,71.74306,324.49,0.48,0.48,2026-06-29,2036,N20,VIIRS,n,2,298.77,4.37,N,0
34.45452,71.74184,323.88,0.48,0.48,2026-06-29,2036,N20,VIIRS,n,2,298.91,4.08,N,0
34.45537,71.72734,313.53,0.48,0.48,2026-06-29,2036,N20,VIIRS,n,2,298.4,1.82,N,0
34.52773,72.41396,313.74,0.44,0.46,2026-06-29,2036,N20,VIIRS,n,2,296.35,4.54,N,0
34.65512,69.07144,299.11,0.34,0.56,2026-06-29,2036,N20,VIIRS,n,2,288.31,0.27,N,0
34.66355,71.83246,310.81,0.47,0.48,2026-06-29,2036,N20,VIIRS,n,2,296.82,2.06,N,0
34.6638,71.83157,311.64,0.47,0.48,2026-06-29,2036,N20,VIIRS,n,2,296.86,3.87,N,0
34.66396,71.82797,308.25,0.47,0.48,2026-06-29,2036,N20,VIIRS,n,2,296.33,2.06,N,0
34.69283,72.77628,325.66,0.42,0.45,2026-06-29,2036,N20,VIIRS,n,2,293.79,2.82,N,0
25.56292,85.23441,312.19,0.57,0.52,2026-06-29,2037,N20,VIIRS,n,2,278.96,1.95,N,0
25.56701,85.23416,313.44,0.57,0.52,2026-06-29,2037,N20,VIIRS,n,2,279.31,2.7,N,0
26.64237,79.47777,298.6,0.42,0.38,2026-06-29,2037,N20,VIIRS,n,2,260.41,0.22,N,2
26.64505,79.48265,297.61,0.42,0.38,2026-06-29,2037,N20,VIIRS,n,2,257.68,0.22,N,2
27.37408,77.69536,330.46,0.38,0.36,2026-06-29,2037,N20,VIIRS,n,2,291.68,5.35,N,0
27.37469,77.69151,314.66,0.38,0.36,2026-06-29,2037,N20,VIIRS,n,2,292.13,5.27,N,0
27.66994,76.12849,309.83,0.39,0.37,2026-06-29,2037,N20,VIIRS,n,2,297.39,4.97,N,2
27.93432,77.0992,309.07,0.38,0.36,2026-06-29,2037,N20,VIIRS,n,2,295.03,2.66,N,0
29.77602,71.99148,316.81,0.41,0.45,2026-06-29,2037,N20,VIIRS,n,2,300.23,1,N,0
30.5059,72.91659,318.82,0.55,0.43,2026-06-29,2037,N20,VIIRS,n,2,298.2,1.59,N,0
25.58186,83.71841,301.65,0.46,0.47,2026-06-29,2038,N20,VIIRS,n,2,266.41,1.34,N,0
26.27007,74.19006,305.5,0.44,0.38,2026-06-29,2038,N20,VIIRS,n,2,285.64,2.36,N,2
27.28742,73.84115,307.66,0.46,0.39,2026-06-29,2038,N20,VIIRS,n,2,295.17,0.79,N,0
27.53733,68.17243,316.73,0.32,0.55,2026-06-29,2038,N20,VIIRS,n,2,297.84,1.41,N,0
27.53839,68.17104,319.94,0.32,0.55,2026-06-29,2038,N20,VIIRS,n,2,297.33,1.54,N,0
15.17916,76.65409,303.94,0.42,0.38,2026-06-29,2041,N20,VIIRS,n,2,268.51,0.91,N,2
15.18405,76.66707,299.12,0.43,0.38,2026-06-29,2041,N20,VIIRS,n,2,266.52,0.51,N,2
8.67153,77.99429,305.22,0.4,0.44,2026-06-29,2042,N20,VIIRS,n,2,289.83,1.25,N,0
10.54206,79.77525,305.65,0.49,0.48,2026-06-29,2042,N20,VIIRS,n,2,287.79,0.6,N,0
11.18414,79.10248,302.24,0.43,0.46,2026-06-29,2042,N20,VIIRS,n,2,281.69,0.51,N,2
11.80859,77.92174,310.65,0.53,0.42,2026-06-29,2042,N20,VIIRS,n,2,290.11,2.29,N,2
28.51747,68.34234,316.95,0.79,0.78,2026-06-29,2218,N20,VIIRS,n,2,292.62,5.02,N,0
33.84262,95.62684,330.25,0.46,0.47,2026-06-30,613,N20,VIIRS,n,2,292.66,4.29,D,0
8.56838,80.85577,332.23,0.46,0.39,2026-06-30,748,N20,VIIRS,n,2,298.22,3.87,D,0
8.57197,80.85519,340.73,0.46,0.39,2026-06-30,748,N20,VIIRS,n,2,296.69,3.87,D,0
8.79416,78.05643,336.59,0.44,0.46,2026-06-30,748,N20,VIIRS,n,2,299.35,2.9,D,0
8.86742,78.15733,334.17,0.43,0.46,2026-06-30,748,N20,VIIRS,n,2,299.57,4.29,D,0
8.86774,78.15659,332.44,0.43,0.46,2026-06-30,748,N20,VIIRS,n,2,299.43,1.96,D,0
8.94561,80.38875,333.53,0.48,0.4,2026-06-30,748,N20,VIIRS,n,2,297.23,2.91,D,0
8.97613,78.05424,331.1,0.44,0.46,2026-06-30,748,N20,VIIRS,n,2,298.48,1.72,D,0
9.06998,80.4623,332.05,0.48,0.4,2026-06-30,748,N20,VIIRS,n,2,296.3,8.32,D,0
9.47161,77.52387,330.76,0.47,0.48,2026-06-30,748,N20,VIIRS,n,2,295.35,3.06,D,0
9.53726,78.79281,334.24,0.39,0.44,2026-06-30,748,N20,VIIRS,n,2,296.12,0.96,D,0
9.7486,80.20987,331.03,0.48,0.4,2026-06-30,748,N20,VIIRS,n,2,299.19,2.26,D,0
9.76396,78.28719,337.4,0.41,0.45,2026-06-30,748,N20,VIIRS,n,2,296.7,3.94,D,0
9.87846,78.8584,348.59,0.57,0.43,2026-06-30,748,N20,VIIRS,n,2,295.54,16.78,D,0
9.88241,78.85773,339.09,0.57,0.43,2026-06-30,748,N20,VIIRS,n,2,292.66,13.73,D,0
10.16436,78.92965,330.29,0.56,0.43,2026-06-30,748,N20,VIIRS,n,2,291.4,3.45,D,0
10.1652,78.93467,335.06,0.56,0.43,2026-06-30,748,N20,VIIRS,n,2,291.04,3.45,D,0
10.44058,79.65855,335.81,0.5,0.41,2026-06-30,748,N20,VIIRS,n,2,296.39,2.79,D,0
10.46409,77.51175,341.47,0.45,0.47,2026-06-30,748,N20,VIIRS,n,2,288.89,5.15,D,0
10.60568,79.51028,331.14,0.51,0.41,2026-06-30,748,N20,VIIRS,n,2,292.6,3.08,D,0
10.93644,77.78397,341.54,0.43,0.46,2026-06-30,748,N20,VIIRS,n,2,283.71,2.1,D,0
11.16764,79.83289,341.54,0.48,0.4,2026-06-30,748,N20,VIIRS,n,2,291.15,4.41,D,0
11.2417,78.49164,330.55,0.57,0.43,2026-06-30,748,N20,VIIRS,n,2,288.29,4.53,D,0
11.30679,78.80311,333.91,0.55,0.42,2026-06-30,748,N20,VIIRS,n,2,287.55,2.91,D,0
12.27095,79.03846,335.96,0.51,0.41,2026-06-30,749,N20,VIIRS,n,2,288.44,3.91,D,0
12.48514,80.10838,333.49,0.45,0.39,2026-06-30,749,N20,VIIRS,n,2,290.28,3.22,D,0
20.01893,73.93387,340.44,0.52,0.5,2026-06-30,751,N20,VIIRS,n,2,287.86,5.67,D,0
21.91769,83.35351,337.24,0.43,0.38,2026-06-30,751,N20,VIIRS,n,2,288.3,2.57,D,2
21.92117,83.35297,331.98,0.43,0.38,2026-06-30,751,N20,VIIRS,n,2,287.61,2.57,D,2
22.9527,69.15189,339.2,0.46,0.63,2026-06-30,752,N20,VIIRS,n,2,294.92,5.82,D,0
22.98052,69.63496,331.64,0.43,0.62,2026-06-30,752,N20,VIIRS,n,2,292.79,4.65,D,0
22.99922,70.95596,330.12,0.35,0.57,2026-06-30,752,N20,VIIRS,n,2,292.95,1.17,D,0
23.14871,71.6008,331.77,0.32,0.54,2026-06-30,752,N20,VIIRS,n,2,286.62,3.05,D,0
23.15233,71.5935,341.17,0.32,0.54,2026-06-30,752,N20,VIIRS,n,2,287.67,5.82,D,0
23.15297,71.59653,332.24,0.32,0.54,2026-06-30,752,N20,VIIRS,n,2,286.06,3.05,D,0
23.19327,68.82603,336.06,0.47,0.64,2026-06-30,752,N20,VIIRS,n,2,292.82,4.42,D,0
23.45031,70.51678,339.89,0.37,0.58,2026-06-30,752,N20,VIIRS,n,2,293.78,8.38,D,0
23.61903,70.56249,336.4,0.36,0.58,2026-06-30,752,N20,VIIRS,n,2,296.13,5.35,D,0
23.61942,70.56255,345.46,0.36,0.57,2026-06-30,752,N20,VIIRS,n,2,296.66,5.23,D,0
23.61978,70.56595,351.88,0.36,0.57,2026-06-30,752,N20,VIIRS,n,2,296.43,5.35,D,0
23.62019,70.56599,346.56,0.36,0.57,2026-06-30,752,N20,VIIRS,n,2,295.96,5.23,D,0
23.64185,68.56203,340.02,0.48,0.65,2026-06-30,752,N20,VIIRS,n,2,296.87,7.53,D,0
23.7229,70.90539,367,0.34,0.56,2026-06-30,752,N20,VIIRS,h,2,293.38,6.05,D,0
24.35956,81.86727,338.09,0.4,0.37,2026-06-30,752,N20,VIIRS,n,2,297.4,5.13,D,0
27.43985,68.07401,332.8,0.42,0.61,2026-06-30,753,N20,VIIRS,n,2,301.65,1.39,D,0
27.62436,68.26617,332.17,0.41,0.61,2026-06-30,753,N20,VIIRS,l,2,303.51,2.43,D,0
27.6381,68.10531,331.87,0.42,0.61,2026-06-30,753,N20,VIIRS,n,2,301.69,2.49,D,0
27.66946,68.09317,343.54,0.42,0.61,2026-06-30,753,N20,VIIRS,n,2,302.39,3.74,D,0
27.6708,68.09539,337.52,0.42,0.61,2026-06-30,753,N20,VIIRS,n,2,301.49,4.58,D,0
27.77045,68.1978,331.88,0.41,0.61,2026-06-30,753,N20,VIIRS,n,2,301.71,1.95,D,0
28.00611,69.55173,338.47,0.34,0.56,2026-06-30,753,N20,VIIRS,n,2,301.51,2.63,D,0
28.00745,69.55144,341.01,0.34,0.56,2026-06-30,753,N20,VIIRS,n,2,302.06,3.47,D,0
29.20861,91.78694,336.51,0.53,0.67,2026-06-30,753,N20,VIIRS,n,2,295.92,3.5,D,0
28.21363,68.18472,335.08,0.4,0.6,2026-06-30,754,N20,VIIRS,n,2,302.11,2.39,D,0
29.44699,71.56293,335.58,0.48,0.48,2026-06-30,754,N20,VIIRS,l,2,305.93,3.72,D,0
29.44791,71.56486,333.3,0.48,0.48,2026-06-30,754,N20,VIIRS,l,2,305.56,2.07,D,0
29.46995,71.41042,332.24,0.48,0.48,2026-06-30,754,N20,VIIRS,l,2,305.12,2.52,D,0
29.48452,71.87521,332.62,0.46,0.47,2026-06-30,754,N20,VIIRS,l,2,304.46,2.52,D,0
29.48591,71.86026,342.66,0.46,0.47,2026-06-30,754,N20,VIIRS,n,2,305.73,7.93,D,0
29.5121,71.84515,330.18,0.46,0.47,2026-06-30,754,N20,VIIRS,l,2,303.23,1.18,D,0
29.51507,71.73154,349.33,0.46,0.47,2026-06-30,754,N20,VIIRS,n,2,306.7,12.7,D,0
29.52262,71.95821,333.6,0.45,0.47,2026-06-30,754,N20,VIIRS,l,2,303.88,2.9,D,0
29.52346,71.95636,332.73,0.45,0.47,2026-06-30,754,N20,VIIRS,l,2,304.25,2.9,D,0
29.52551,71.80247,332.36,0.46,0.47,2026-06-30,754,N20,VIIRS,l,2,304.49,1.41,D,0
29.53521,71.84862,347.93,0.46,0.47,2026-06-30,754,N20,VIIRS,n,2,304.73,6.32,D,0
29.55271,71.86814,331.22,0.45,0.47,2026-06-30,754,N20,VIIRS,l,2,305.73,3.01,D,0
29.55367,71.87273,335.83,0.45,0.47,2026-06-30,754,N20,VIIRS,n,2,304.76,2.72,D,0
29.55713,71.80362,332.36,0.46,0.47,2026-06-30,754,N20,VIIRS,l,2,304.69,2.59,D,0
29.56138,71.80247,338.35,0.46,0.47,2026-06-30,754,N20,VIIRS,n,2,305.16,2.59,D,0
29.56266,71.89447,333.2,0.45,0.47,2026-06-30,754,N20,VIIRS,l,2,303.41,2.64,D,0
29.5718,72.00224,333.24,0.45,0.47,2026-06-30,754,N20,VIIRS,l,2,304.2,2.1,D,0
29.58162,72.07065,332.36,0.44,0.46,2026-06-30,754,N20,VIIRS,l,2,304.08,2.13,D,0
29.5858,72.06953,330.63,0.44,0.46,2026-06-30,754,N20,VIIRS,l,2,304.94,4.54,D,0
29.58673,72.07399,345.42,0.44,0.46,2026-06-30,754,N20,VIIRS,n,2,305.63,7.27,D,0
29.60097,72.1638,336.27,0.44,0.46,2026-06-30,754,N20,VIIRS,n,2,304.33,4.4,D,0
29.60891,72.28635,339.75,0.43,0.46,2026-06-30,754,N20,VIIRS,n,2,303.54,1.85,D,0
29.61797,72.18246,342.74,0.44,0.46,2026-06-30,754,N20,VIIRS,n,2,304.55,5.62,D,0
29.63553,72.35215,337.19,0.43,0.46,2026-06-30,754,N20,VIIRS,n,2,304.74,4.38,D,0
29.65866,72.42271,343.65,0.42,0.45,2026-06-30,754,N20,VIIRS,n,2,303.77,3.8,D,0
29.65899,72.3186,347.93,0.43,0.46,2026-06-30,754,N20,VIIRS,n,2,305.71,11.24,D,0
29.6631,72.3175,350.71,0.43,0.46,2026-06-30,754,N20,VIIRS,n,2,305.72,7.54,D,0
29.67262,71.91496,340.91,0.45,0.47,2026-06-30,754,N20,VIIRS,n,2,303.92,4.53,D,0
29.67598,72.35946,337.87,0.42,0.46,2026-06-30,754,N20,VIIRS,n,2,304.27,2.66,D,0
29.68479,72.33896,337.15,0.43,0.46,2026-06-30,754,N20,VIIRS,n,2,304.49,2.77,D,0
29.69126,72.32815,349.42,0.43,0.46,2026-06-30,754,N20,VIIRS,n,2,303.69,5.64,D,0
29.69234,72.09447,341.72,0.44,0.46,2026-06-30,754,N20,VIIRS,n,2,303.06,3.15,D,0
29.6992,72.14857,333.32,0.44,0.46,2026-06-30,754,N20,VIIRS,l,2,304.7,2.95,D,0
29.70768,72.32372,333.52,0.43,0.46,2026-06-30,754,N20,VIIRS,l,2,304.32,3.02,D,0
29.71042,72.03314,338.92,0.44,0.46,2026-06-30,754,N20,VIIRS,n,2,303.39,3.29,D,0
29.73546,72.02637,333.47,0.44,0.46,2026-06-30,754,N20,VIIRS,l,2,303.83,1.54,D,0
29.73963,72.02522,332.45,0.44,0.46,2026-06-30,754,N20,VIIRS,l,2,303.84,2.07,D,0
29.74115,71.96795,334.47,0.45,0.47,2026-06-30,754,N20,VIIRS,n,2,302.33,1.69,D,0
29.7447,72.55114,337.54,0.41,0.45,2026-06-30,754,N20,VIIRS,n,2,302.26,2.82,D,0
29.74553,72.55531,332.54,0.41,0.45,2026-06-30,754,N20,VIIRS,l,2,302.75,2.82,D,0
29.7499,72.49812,343.38,0.42,0.45,2026-06-30,754,N20,VIIRS,n,2,303.39,7.14,D,0
29.75781,72.41129,333.62,0.42,0.45,2026-06-30,754,N20,VIIRS,n,2,302.97,1.63,D,0
29.758,72.61779,343.36,0.41,0.45,2026-06-30,754,N20,VIIRS,n,2,303.33,6.68,D,0
29.76129,72.42828,342.83,0.42,0.45,2026-06-30,754,N20,VIIRS,n,2,304.45,11.32,D,0
29.76204,72.61671,336.42,0.41,0.45,2026-06-30,754,N20,VIIRS,n,2,302.76,6.68,D,0
29.76715,72.68501,339.09,0.41,0.45,2026-06-30,754,N20,VIIRS,n,2,302.47,3.01,D,0
29.76797,72.68912,332.34,0.41,0.45,2026-06-30,754,N20,VIIRS,n,2,301.52,3.01,D,0
29.76799,71.34488,339.42,0.48,0.48,2026-06-30,754,N20,VIIRS,n,2,304.65,2.05,D,0
29.7695,72.36317,334.81,0.42,0.45,2026-06-30,754,N20,VIIRS,n,2,304.24,2.94,D,0
29.76954,72.67571,331.12,0.41,0.45,2026-06-30,754,N20,VIIRS,l,2,303.08,2.92,D,0
29.77279,72.50533,342.98,0.41,0.45,2026-06-30,754,N20,VIIRS,n,2,304.03,4.35,D,0
29.77365,72.50953,338.69,0.41,0.45,2026-06-30,754,N20,VIIRS,n,2,303.49,4.43,D,0
29.78131,72.4631,341.49,0.42,0.45,2026-06-30,754,N20,VIIRS,n,2,302.88,3.44,D,0
29.7825,71.99965,330.27,0.44,0.46,2026-06-30,754,N20,VIIRS,l,2,303.66,2.24,D,0
29.78325,72.49369,334.18,0.42,0.45,2026-06-30,754,N20,VIIRS,n,2,304.18,4.24,D,0
29.78411,72.49789,342.7,0.42,0.45,2026-06-30,754,N20,VIIRS,n,2,302.78,4.18,D,0
29.79307,72.20188,333.24,0.43,0.46,2026-06-30,754,N20,VIIRS,l,2,304.27,1.98,D,0
29.79399,72.20165,332.85,0.43,0.46,2026-06-30,754,N20,VIIRS,l,2,304.08,1.95,D,0
29.80324,72.29523,345.32,0.43,0.46,2026-06-30,754,N20,VIIRS,n,2,304.5,8.92,D,0
29.80978,72.45551,352.82,0.42,0.45,2026-06-30,754,N20,VIIRS,n,2,306.59,11.93,D,0
29.82632,72.25255,336.47,0.43,0.46,2026-06-30,754,N20,VIIRS,n,2,303.9,1.79,D,0
29.8328,72.09392,343.43,0.44,0.46,2026-06-30,754,N20,VIIRS,n,2,304.92,5.82,D,0
29.84225,72.01171,342.64,0.44,0.46,2026-06-30,754,N20,VIIRS,n,2,303.99,6.33,D,0
29.84317,72.01617,343.01,0.44,0.46,2026-06-30,754,N20,VIIRS,n,2,303.21,7.17,D,0
29.84642,72.01057,343.31,0.44,0.46,2026-06-30,754,N20,VIIRS,n,2,304.7,7.57,D,0
29.84733,72.01504,342.39,0.44,0.46,2026-06-30,754,N20,VIIRS,n,2,303.04,5.22,D,0
29.85077,72.28694,337.19,0.42,0.46,2026-06-30,754,N20,VIIRS,n,2,305.09,2.48,D,0
29.85102,71.63005,333.29,0.46,0.47,2026-06-30,754,N20,VIIRS,l,2,303.32,1.73,D,0
29.85783,72.3213,332.68,0.42,0.45,2026-06-30,754,N20,VIIRS,l,2,305.18,2.74,D,0
29.86021,72.03504,345.17,0.44,0.46,2026-06-30,754,N20,VIIRS,n,2,306.79,12.47,D,0
29.86336,72.43205,332.67,0.42,0.45,2026-06-30,754,N20,VIIRS,l,2,305.45,1.7,D,0
29.87274,72.33087,334.59,0.42,0.45,2026-06-30,754,N20,VIIRS,n,2,304.26,3.04,D,0
29.87483,72.50879,345.21,0.41,0.45,2026-06-30,754,N20,VIIRS,n,2,304.62,5.18,D,0
29.8751,72.61385,347.86,0.41,0.45,2026-06-30,754,N20,VIIRS,n,2,304.16,5.23,D,0
29.87536,72.21645,330.65,0.43,0.46,2026-06-30,754,N20,VIIRS,l,2,303.94,2.2,D,0
29.87568,72.61405,347.63,0.41,0.45,2026-06-30,754,N20,VIIRS,n,2,304.4,8.07,D,0
29.87858,72.33833,332.07,0.42,0.45,2026-06-30,754,N20,VIIRS,l,2,303.59,2.13,D,0
29.87885,72.16953,351.79,0.43,0.46,2026-06-30,754,N20,VIIRS,n,2,303.99,5.42,D,0
29.88295,72.58999,344.93,0.41,0.45,2026-06-30,754,N20,VIIRS,n,2,303.46,3.28,D,0
29.88418,72.47093,343,0.41,0.45,2026-06-30,754,N20,VIIRS,n,2,304.52,13.31,D,0
29.89951,71.48874,335.16,0.47,0.48,2026-06-30,754,N20,VIIRS,n,2,304.17,3.08,D,0
29.89977,71.55383,332.7,0.47,0.47,2026-06-30,754,N20,VIIRS,l,2,305.26,1.83,D,0
29.90565,72.19448,344.59,0.43,0.46,2026-06-30,754,N20,VIIRS,n,2,303.66,5.91,D,0
29.90644,72.19144,344.26,0.43,0.46,2026-06-30,754,N20,VIIRS,n,2,305.91,5.44,D,0
29.90881,71.42549,332.83,0.47,0.48,2026-06-30,754,N20,VIIRS,l,2,305.33,1.65,D,0
29.92043,71.35086,349.83,0.48,0.48,2026-06-30,754,N20,VIIRS,n,2,305.94,6.88,D,0
29.9229,72.64027,332.21,0.41,0.45,2026-06-30,754,N20,VIIRS,l,2,303.85,2.95,D,0
29.93269,72.12906,333.48,0.43,0.46,2026-06-30,754,N20,VIIRS,l,2,304.08,2.27,D,0
29.93363,71.56439,331.78,0.46,0.47,2026-06-30,754,N20,VIIRS,l,2,303.69,1.34,D,0
29.94769,72.03194,333.74,0.44,0.46,2026-06-30,754,N20,VIIRS,l,2,306.33,2.54,D,0
29.94845,72.28951,334.5,0.42,0.45,2026-06-30,754,N20,VIIRS,l,2,304.99,2.4,D,0
29.9486,72.03638,332.99,0.44,0.46,2026-06-30,754,N20,VIIRS,l,2,304.47,2.3,D,0
29.94887,72.6852,332.77,0.4,0.44,2026-06-30,754,N20,VIIRS,l,2,302.99,3.46,D,0
29.95131,71.51953,338.93,0.47,0.48,2026-06-30,754,N20,VIIRS,n,2,305.21,5.04,D,0
29.96071,72.11684,334.79,0.43,0.46,2026-06-30,754,N20,VIIRS,n,2,303.18,0.97,D,0
29.96274,72.25388,339.23,0.42,0.46,2026-06-30,754,N20,VIIRS,n,2,305.06,3.06,D,0
29.97271,72.94971,339.36,0.39,0.44,2026-06-30,754,N20,VIIRS,n,2,300.88,3.98,D,0
29.97745,72.95262,331.26,0.39,0.44,2026-06-30,754,N20,VIIRS,l,2,302.64,3.14,D,0
29.97971,72.35769,341.9,0.42,0.45,2026-06-30,754,N20,VIIRS,n,2,302.66,2.4,D,0
29.98061,72.59014,347.91,0.41,0.45,2026-06-30,754,N20,VIIRS,n,2,305.02,4.45,D,0
29.98065,72.59138,345.41,0.41,0.45,2026-06-30,754,N20,VIIRS,n,2,305.41,5.35,D,0
29.98464,72.58907,333.62,0.41,0.45,2026-06-30,754,N20,VIIRS,n,2,303.3,4.45,D,0
29.98467,72.59032,345,0.41,0.45,2026-06-30,754,N20,VIIRS,n,2,303.61,5.35,D,0
29.98478,71.47781,332.97,0.47,0.48,2026-06-30,754,N20,VIIRS,l,2,305.54,1.42,D,0
29.98745,71.51948,333.45,0.47,0.47,2026-06-30,754,N20,VIIRS,l,2,306.03,4.47,D,0
29.98998,72.55405,330.5,0.41,0.45,2026-06-30,754,N20,VIIRS,l,2,303.29,3.35,D,0
29.98999,72.80665,330.04,0.4,0.44,2026-06-30,754,N20,VIIRS,l,2,301.98,1.39,D,0
29.99391,72.38518,338.45,0.42,0.45,2026-06-30,754,N20,VIIRS,n,2,304.05,2.13,D,0
29.99401,72.55297,338.44,0.41,0.45,2026-06-30,754,N20,VIIRS,n,2,304.49,3.35,D,0
29.99415,72.40741,330.92,0.42,0.45,2026-06-30,754,N20,VIIRS,l,2,304.72,2.79,D,0
29.99458,71.45999,342.34,0.47,0.48,2026-06-30,754,N20,VIIRS,n,2,304.33,6,D,0
29.99927,72.59946,331.5,0.41,0.45,2026-06-30,754,N20,VIIRS,l,2,303.47,1.96,D,0
30.00011,72.60357,332.86,0.41,0.45,2026-06-30,754,N20,VIIRS,l,2,304.18,1.96,D,0
30.01953,72.61575,334.3,0.4,0.45,2026-06-30,754,N20,VIIRS,n,2,303.31,2.68,D,0
30.02037,72.61986,334.87,0.4,0.45,2026-06-30,754,N20,VIIRS,n,2,303,2.49,D,0
30.02496,72.39023,344.88,0.42,0.45,2026-06-30,754,N20,VIIRS,n,2,303.33,4.3,D,0
30.03516,72.54637,330.52,0.41,0.45,2026-06-30,754,N20,VIIRS,l,2,303.81,1.26,D,0
30.03896,71.56264,336.99,0.46,0.47,2026-06-30,754,N20,VIIRS,n,2,306.12,2.33,D,0
30.04907,71.52502,336.2,0.46,0.47,2026-06-30,754,N20,VIIRS,n,2,305.2,3.51,D,0
30.05302,72.71871,332.79,0.4,0.44,2026-06-30,754,N20,VIIRS,l,2,303.25,1.34,D,0
30.06854,72.60703,337.44,0.4,0.45,2026-06-30,754,N20,VIIRS,n,2,302.79,1.86,D,0
30.06991,71.4461,339.12,0.47,0.48,2026-06-30,754,N20,VIIRS,n,2,304.95,3.04,D,0
30.07266,71.44325,332.78,0.47,0.48,2026-06-30,754,N20,VIIRS,l,2,304.85,4.07,D,0
30.09073,72.57146,340.75,0.41,0.45,2026-06-30,754,N20,VIIRS,n,2,304.81,3.59,D,0
30.09091,72.57069,341.62,0.41,0.45,2026-06-30,754,N20,VIIRS,n,2,304.5,2.41,D,0
30.09871,72.94653,333.27,0.39,0.44,2026-06-30,754,N20,VIIRS,n,2,300.73,1.61,D,0
30.10256,73.02804,355.73,0.38,0.43,2026-06-30,754,N20,VIIRS,n,2,303.23,9.92,D,0
30.10589,71.98746,335.79,0.44,0.46,2026-06-30,754,N20,VIIRS,n,2,304.29,2.47,D,0
30.10596,72.56306,337.48,0.41,0.45,2026-06-30,754,N20,VIIRS,n,2,304.59,2.4,D,0
30.10886,72.68251,343.74,0.4,0.44,2026-06-30,754,N20,VIIRS,n,2,304.22,4.45,D,0
30.10935,72.68296,344.27,0.4,0.44,2026-06-30,754,N20,VIIRS,n,2,304.44,2.7,D,0
30.112,73.01324,335.02,0.38,0.43,2026-06-30,754,N20,VIIRS,n,2,301.95,1.82,D,0
30.12004,72.6113,343.74,0.4,0.44,2026-06-30,754,N20,VIIRS,n,2,305.17,7.28,D,0
30.12118,72.65838,344.14,0.4,0.44,2026-06-30,754,N20,VIIRS,n,2,304.82,3.67,D,0
30.13659,72.90748,334.96,0.39,0.44,2026-06-30,754,N20,VIIRS,n,2,303.56,2.46,D,0
30.13848,72.74344,343.99,0.4,0.44,2026-06-30,754,N20,VIIRS,n,2,304.02,4.55,D,0
30.14552,72.35873,349.79,0.42,0.45,2026-06-30,754,N20,VIIRS,n,2,306.33,10.41,D,0
30.14559,71.58934,332.53,0.46,0.47,2026-06-30,754,N20,VIIRS,l,2,304.85,2.09,D,0
30.15203,71.95612,337.17,0.44,0.46,2026-06-30,754,N20,VIIRS,n,2,302.43,2.16,D,0
30.15363,72.46283,332.95,0.41,0.45,2026-06-30,754,N20,VIIRS,n,2,302.59,0.56,D,0
30.17249,72.985,338.31,0.38,0.44,2026-06-30,754,N20,VIIRS,n,2,300.45,3.28,D,0
30.17326,72.98891,345.48,0.38,0.44,2026-06-30,754,N20,VIIRS,n,2,302.49,3.28,D,0
30.17478,72.98464,333.32,0.38,0.44,2026-06-30,754,N20,VIIRS,l,2,304.07,27.5,D,0
30.17557,72.98854,346.1,0.38,0.43,2026-06-30,754,N20,VIIRS,n,2,304.55,27.5,D,0
30.18576,72.93638,348.15,0.39,0.44,2026-06-30,754,N20,VIIRS,n,2,302.36,9.66,D,0
30.18734,72.98546,342.24,0.38,0.43,2026-06-30,754,N20,VIIRS,n,2,300.91,4.76,D,0
30.1897,72.93534,355.3,0.39,0.44,2026-06-30,754,N20,VIIRS,n,2,303.39,9.66,D,0
30.20558,72.51161,345.03,0.41,0.45,2026-06-30,754,N20,VIIRS,n,2,304.33,4.52,D,0
30.21492,72.81188,330.87,0.39,0.44,2026-06-30,754,N20,VIIRS,l,2,302.01,2.92,D,0
30.22748,72.9171,341.7,0.39,0.44,2026-06-30,754,N20,VIIRS,n,2,304.2,3.5,D,0
30.22826,72.92104,330.56,0.39,0.44,2026-06-30,754,N20,VIIRS,l,2,301.98,1.69,D,0
30.22998,72.78266,343.47,0.39,0.44,2026-06-30,754,N20,VIIRS,n,2,302.08,3.93,D,0
30.23141,72.91606,342.14,0.39,0.44,2026-06-30,754,N20,VIIRS,n,2,302.03,3.88,D,0
30.2322,72.92001,330.81,0.39,0.44,2026-06-30,754,N20,VIIRS,l,2,302.45,3.45,D,0
30.23375,72.92788,334.2,0.39,0.44,2026-06-30,754,N20,VIIRS,n,2,300.97,1.33,D,0
30.27825,72.98621,331.98,0.38,0.43,2026-06-30,754,N20,VIIRS,l,2,302.71,0.86,D,0
30.33065,72.81995,343.3,0.39,0.44,2026-06-30,754,N20,VIIRS,n,2,302.35,3.06,D,0
30.33321,71.66065,337.91,0.45,0.47,2026-06-30,754,N20,VIIRS,n,2,305.7,3.5,D,0
30.34298,72.96591,331.3,0.38,0.43,2026-06-30,754,N20,VIIRS,l,2,301.81,1.73,D,0
30.36368,72.86124,337.44,0.39,0.44,2026-06-30,754,N20,VIIRS,n,2,302.13,1.49,D,0
30.37193,72.29161,330.63,0.42,0.45,2026-06-30,754,N20,VIIRS,l,2,301.29,2.15,D,0
30.38454,72.94671,335.94,0.38,0.43,2026-06-30,754,N20,VIIRS,n,2,302.32,2.27,D,0
30.43653,72.84237,336.11,0.39,0.44,2026-06-30,754,N20,VIIRS,n,2,303.11,4.02,D,0
30.45715,71.72902,342.51,0.44,0.46,2026-06-30,754,N20,VIIRS,n,2,303.99,3.73,D,0
30.45868,72.71503,333.22,0.39,0.44,2026-06-30,754,N20,VIIRS,n,2,302.5,3.62,D,0
30.46089,72.5396,332.6,0.4,0.44,2026-06-30,754,N20,VIIRS,n,2,301.29,1.78,D,0
30.46133,71.72787,340.02,0.44,0.46,2026-06-30,754,N20,VIIRS,n,2,304.3,3.73,D,0
30.46148,71.73003,343.75,0.44,0.46,2026-06-30,754,N20,VIIRS,n,2,304.26,6.74,D,0
30.46634,71.69033,342.79,0.45,0.47,2026-06-30,754,N20,VIIRS,n,2,305.08,6.03,D,0
30.48041,72.82235,337,0.39,0.44,2026-06-30,754,N20,VIIRS,n,2,303.62,2.03,D,0
30.4913,72.23335,331.76,0.42,0.45,2026-06-30,754,N20,VIIRS,l,2,303.12,3.62,D,0
30.4993,72.81319,335.16,0.39,0.44,2026-06-30,754,N20,VIIRS,n,2,303.67,2.5,D,0
30.50229,72.14026,338.33,0.42,0.45,2026-06-30,754,N20,VIIRS,n,2,303.3,1.97,D,0
30.51292,72.33863,342.56,0.41,0.45,2026-06-30,754,N20,VIIRS,n,2,303.35,6.19,D,0
30.51781,72.34172,338.27,0.41,0.45,2026-06-30,754,N20,VIIRS,n,2,302.01,2.55,D,0
30.51903,72.30601,337.98,0.41,0.45,2026-06-30,754,N20,VIIRS,n,2,303.08,3.26,D,0
30.51979,72.85344,332.17,0.39,0.44,2026-06-30,754,N20,VIIRS,l,2,303.03,2.07,D,0
30.52921,72.85922,330.83,0.38,0.44,2026-06-30,754,N20,VIIRS,l,2,302.81,1.63,D,0
30.55751,72.83514,332.35,0.39,0.44,2026-06-30,754,N20,VIIRS,l,2,302.58,1.33,D,0
30.55833,72.90199,333.85,0.57,0.43,2026-06-30,754,N20,VIIRS,n,2,302.96,2.69,D,0
30.56793,72.44211,334.34,0.4,0.45,2026-06-30,754,N20,VIIRS,n,2,302.21,1.98,D,0
30.57863,72.85848,336.41,0.38,0.43,2026-06-30,754,N20,VIIRS,n,2,303.69,3.28,D,0
30.59509,72.32658,345.57,0.41,0.45,2026-06-30,754,N20,VIIRS,n,2,304.03,8.75,D,0
30.60307,72.07353,331.07,0.42,0.45,2026-06-30,754,N20,VIIRS,l,2,303.72,2.56,D,0
30.60887,73.64578,341.12,0.53,0.42,2026-06-30,754,N20,VIIRS,n,2,299.99,8.95,D,0
30.63355,72.81104,336.82,0.39,0.44,2026-06-30,754,N20,VIIRS,n,2,302.85,1.51,D,0
30.64376,72.8,336.78,0.39,0.44,2026-06-30,754,N20,VIIRS,n,2,303.39,2.18,D,0
30.73251,72.60936,336.98,0.39,0.44,2026-06-30,754,N20,VIIRS,n,2,304.3,1.53,D,0
30.76249,72.90622,332.97,0.57,0.43,2026-06-30,754,N20,VIIRS,l,2,303.84,2.85,D,0
30.80856,72.66962,343.19,0.39,0.44,2026-06-30,754,N20,VIIRS,n,2,304.23,2.98,D,0
30.82368,72.7449,335.06,0.39,0.44,2026-06-30,754,N20,VIIRS,n,2,302.83,2.06,D,0
30.84748,73.40064,336.51,0.53,0.42,2026-06-30,754,N20,VIIRS,n,2,300.49,4.5,D,0
30.89188,72.8392,332.53,0.57,0.43,2026-06-30,754,N20,VIIRS,l,2,302.93,2.75,D,0
31.48138,72.52735,341.01,0.38,0.44,2026-06-30,754,N20,VIIRS,n,2,303.92,3.02,D,0
31.69355,73.02637,331.14,0.54,0.42,2026-06-30,754,N20,VIIRS,l,2,302.91,2.63,D,0
31.79185,73.21307,347.53,0.53,0.42,2026-06-30,754,N20,VIIRS,n,2,303.89,8.05,D,0
31.81589,73.47809,332.62,0.51,0.41,2026-06-30,754,N20,VIIRS,l,2,303.54,4.69,D,0
31.87705,73.71485,339.56,0.5,0.41,2026-06-30,754,N20,VIIRS,n,2,303.88,5.73,D,0
32.35588,74.22935,330.37,0.47,0.39,2026-06-30,754,N20,VIIRS,l,2,297.93,33.18,D,0
32.35677,74.23422,348.12,0.47,0.39,2026-06-30,754,N20,VIIRS,l,2,301.25,33.18,D,0
32.36006,74.04552,339.91,0.47,0.4,2026-06-30,754,N20,VIIRS,n,2,299.65,3.55,D,0
32.39652,74.39091,336.96,0.46,0.39,2026-06-30,754,N20,VIIRS,l,2,299.52,4.9,D,0
32.50024,73.18163,336.58,0.52,0.41,2026-06-30,754,N20,VIIRS,n,2,303.97,1.72,D,0
32.53313,73.25166,338.44,0.51,0.41,2026-06-30,754,N20,VIIRS,n,2,304.77,4.84,D,0
32.53445,73.25507,337.93,0.51,0.41,2026-06-30,754,N20,VIIRS,n,2,303.93,3.16,D,0
32.54912,73.29028,334.13,0.51,0.41,2026-06-30,754,N20,VIIRS,l,2,305.06,4.78,D,0
32.55282,73.28929,339.72,0.51,0.41,2026-06-30,754,N20,VIIRS,n,2,305.44,4.78,D,0
33.31715,73.32169,334.91,0.49,0.4,2026-06-30,755,N20,VIIRS,n,2,304.01,3.5,D,0
33.31815,73.31837,336.17,0.49,0.41,2026-06-30,755,N20,VIIRS,n,2,304.32,3.27,D,0
33.33608,72.97713,342.19,0.51,0.41,2026-06-30,755,N20,VIIRS,n,2,306.44,5.66,D,0
33.65766,73.31638,330.77,0.49,0.4,2026-06-30,755,N20,VIIRS,l,2,301.91,4.23,D,0
34.00294,72.50565,343.46,0.52,0.42,2026-06-30,755,N20,VIIRS,n,2,305.79,12.66,D,0
34.14339,72.84399,340.23,0.5,0.41,2026-06-30,755,N20,VIIRS,n,2,303.61,4.25,D,0
34.14707,72.84296,337.33,0.5,0.41,2026-06-30,755,N20,VIIRS,n,2,303.07,4.25,D,0
34.16364,73.00867,339.71,0.49,0.41,2026-06-30,755,N20,VIIRS,n,2,301.97,5.12,D,0
34.35781,72.67438,337.66,0.51,0.41,2026-06-30,755,N20,VIIRS,n,2,302.41,6.68,D,0
34.38679,72.84483,332.4,0.5,0.41,2026-06-30,755,N20,VIIRS,l,2,303.76,6.69,D,0
34.39148,72.84914,339.23,0.5,0.41,2026-06-30,755,N20,VIIRS,n,2,303.27,4.87,D,0
34.41638,72.73648,346.54,0.5,0.41,2026-06-30,755,N20,VIIRS,n,2,302.07,8.02,D,0
34.41737,72.73405,337.56,0.5,0.41,2026-06-30,755,N20,VIIRS,n,2,301.67,10.78,D,0
34.43884,71.72166,340.29,0.56,0.43,2026-06-30,755,N20,VIIRS,n,2,307.23,5.4,D,0
34.43911,71.72278,345.22,0.56,0.43,2026-06-30,755,N20,VIIRS,n,2,307.44,5.46,D,0
34.44003,71.72749,344.72,0.56,0.43,2026-06-30,755,N20,VIIRS,n,2,307.17,5.4,D,0
34.44025,71.72851,340.99,0.56,0.43,2026-06-30,755,N20,VIIRS,n,2,306.88,5.33,D,0
34.44742,71.74361,333.55,0.56,0.43,2026-06-30,755,N20,VIIRS,l,2,306.12,5.05,D,0
34.44874,71.7501,343.39,0.56,0.43,2026-06-30,755,N20,VIIRS,n,2,305.13,5.05,D,0
34.45005,71.7565,339.01,0.56,0.43,2026-06-30,755,N20,VIIRS,n,2,304.86,2.78,D,0
34.45139,71.74304,333.34,0.56,0.43,2026-06-30,755,N20,VIIRS,l,2,305.61,9.21,D,0
34.4517,71.72457,338.64,0.56,0.43,2026-06-30,755,N20,VIIRS,n,2,307.17,4.23,D,0
34.45401,71.75587,345.59,0.56,0.43,2026-06-30,755,N20,VIIRS,n,2,306.48,11.59,D,0
34.45548,71.72307,333.33,0.56,0.43,2026-06-30,755,N20,VIIRS,l,2,305.65,1.52,D,0
34.45781,71.75452,341.92,0.56,0.43,2026-06-30,755,N20,VIIRS,n,2,303.58,11.59,D,0
34.68904,72.78033,336.55,0.5,0.41,2026-06-30,755,N20,VIIRS,n,2,304.89,4.3,D,0
34.68983,72.7844,334.39,0.5,0.41,2026-06-30,755,N20,VIIRS,n,2,302.08,4.3,D,0
34.69281,72.7799,340.27,0.5,0.41,2026-06-30,755,N20,VIIRS,n,2,303.3,4.3,D,0
29.37587,91.15035,296.9,0.56,0.52,2026-06-30,2017,N20,VIIRS,n,2,283.16,1.54,N,2
33.23472,71.51446,308.69,0.45,0.63,2026-06-30,2017,N20,VIIRS,n,2,294.59,0.43,N,2
33.29311,71.18281,319.86,0.47,0.64,2026-06-30,2017,N20,VIIRS,n,2,295.18,2.41,N,2
33.2954,71.18478,316.2,0.47,0.64,2026-06-30,2017,N20,VIIRS,n,2,295.34,1.7,N,2
33.29569,71.17982,310.35,0.47,0.64,2026-06-30,2017,N20,VIIRS,n,2,295.04,1.42,N,0
33.78971,73.41792,305.66,0.35,0.57,2026-06-30,2017,N20,VIIRS,n,2,290.98,0.7,N,0
33.78986,73.41613,302.44,0.35,0.57,2026-06-30,2017,N20,VIIRS,n,2,291.04,1.42,N,0
34.41688,72.73606,305.07,0.39,0.59,2026-06-30,2017,N20,VIIRS,n,2,289.91,2,N,0
34.44637,71.75806,311.19,0.45,0.63,2026-06-30,2017,N20,VIIRS,n,2,291.62,2.11,N,0
34.45206,71.76051,313.3,0.45,0.63,2026-06-30,2017,N20,VIIRS,n,2,291.49,2.43,N,0
34.4576,71.7659,318.86,0.44,0.63,2026-06-30,2017,N20,VIIRS,n,2,292.04,4.41,N,0
34.45782,71.76181,323.13,0.45,0.63,2026-06-30,2017,N20,VIIRS,n,2,291.51,2.43,N,0
34.46362,71.76218,325.93,0.45,0.63,2026-06-30,2017,N20,VIIRS,n,2,291.69,3.69,N,0
34.52329,72.1593,309.5,0.42,0.61,2026-06-30,2017,N20,VIIRS,n,2,291.64,6.56,N,0
34.52925,72.15488,311.07,0.42,0.61,2026-06-30,2017,N20,VIIRS,n,2,291.4,7.13,N,0
34.69118,72.78674,323.16,0.39,0.59,2026-06-30,2017,N20,VIIRS,n,2,290.33,5.29,N,0
34.69666,72.78743,312.97,0.39,0.59,2026-06-30,2017,N20,VIIRS,n,2,288.79,2.69,N,0
34.69678,72.78547,323.4,0.39,0.59,2026-06-30,2017,N20,VIIRS,n,2,290.08,2.69,N,0
34.69691,72.78347,316.81,0.39,0.59,2026-06-30,2017,N20,VIIRS,n,2,288.75,6.31,N,0
29.22375,88.35311,297.92,0.39,0.44,2026-06-30,2018,N20,VIIRS,n,2,276.72,0.9,N,2
29.22459,88.34888,300.22,0.39,0.44,2026-06-30,2018,N20,VIIRS,n,2,276.21,0.9,N,2
30.75483,73.96683,306.65,0.6,0.53,2026-06-30,2018,N20,VIIRS,n,2,292.78,3.81,N,0
30.83326,73.52316,306.41,0.32,0.55,2026-06-30,2018,N20,VIIRS,n,2,294,0.46,N,0
22.36069,87.01693,301.87,0.44,0.46,2026-06-30,2019,N20,VIIRS,n,2,280.89,1.15,N,2
22.36485,87.01787,310.14,0.44,0.46,2026-06-30,2019,N20,VIIRS,n,2,280.79,1.39,N,2
22.36581,87.30048,313.28,0.45,0.47,2026-06-30,2019,N20,VIIRS,n,2,278.57,1.28,N,2
22.37005,87.30145,304.03,0.45,0.47,2026-06-30,2019,N20,VIIRS,n,2,279.71,1.28,N,2
22.37858,87.28084,316.37,0.45,0.47,2026-06-30,2019,N20,VIIRS,n,2,281.99,2.59,N,2
22.37944,87.27653,303.78,0.45,0.47,2026-06-30,2019,N20,VIIRS,n,2,281.54,1.25,N,2
23.64792,85.44045,326.63,0.51,0.41,2026-06-30,2019,N20,VIIRS,n,2,285.82,2.59,N,2
23.64883,85.43552,308.86,0.51,0.41,2026-06-30,2019,N20,VIIRS,n,2,285.53,2.59,N,2
23.65591,85.50625,307.07,0.51,0.41,2026-06-30,2019,N20,VIIRS,n,2,287.39,1.35,N,2
23.66404,85.00013,303.18,0.48,0.4,2026-06-30,2019,N20,VIIRS,n,2,288.32,0.62,N,2
23.67915,86.39976,299.34,0.57,0.43,2026-06-30,2019,N20,VIIRS,n,2,275.01,1.27,N,2
23.68063,86.09522,319.95,0.55,0.43,2026-06-30,2019,N20,VIIRS,n,2,275.72,2.62,N,2
23.68413,86.3951,305.4,0.57,0.43,2026-06-30,2019,N20,VIIRS,n,2,275.09,1.94,N,2
23.69299,85.37139,305.95,0.5,0.41,2026-06-30,2019,N20,VIIRS,n,2,285.48,1.23,N,0
23.6967,85.37218,308.03,0.5,0.41,2026-06-30,2019,N20,VIIRS,n,2,285.08,1.23,N,0
23.69762,85.3673,306.29,0.5,0.41,2026-06-30,2019,N20,VIIRS,n,2,284.58,1.17,N,0
23.70982,86.44802,317.03,0.38,0.43,2026-06-30,2019,N20,VIIRS,n,2,287.08,1.86,N,2
23.71303,86.45258,317,0.38,0.43,2026-06-30,2019,N20,VIIRS,n,2,287.17,1.76,N,2
23.71375,86.44889,313.87,0.38,0.43,2026-06-30,2019,N20,VIIRS,n,2,286.99,2.25,N,2
23.71951,85.00718,305.9,0.48,0.4,2026-06-30,2019,N20,VIIRS,n,2,288.23,0.71,N,2
23.72377,86.4396,305.93,0.38,0.43,2026-06-30,2019,N20,VIIRS,n,2,284.64,2.13,N,2
23.73528,85.02315,304.51,0.48,0.4,2026-06-30,2019,N20,VIIRS,n,2,289.17,0.84,N,0
23.73601,85.02052,305.71,0.48,0.4,2026-06-30,2019,N20,VIIRS,n,2,289.14,1.69,N,2
23.73644,86.43765,300.77,0.57,0.43,2026-06-30,2019,N20,VIIRS,n,2,280.67,1.96,N,2
23.73751,86.43212,318.41,0.57,0.43,2026-06-30,2019,N20,VIIRS,n,2,279.99,1.96,N,2
23.73792,85.00905,306.89,0.48,0.4,2026-06-30,2019,N20,VIIRS,n,2,289.22,1.99,N,2
23.73856,85.00638,308.78,0.48,0.4,2026-06-30,2019,N20,VIIRS,n,2,289.01,1.91,N,2
23.74551,85.50513,304.3,0.51,0.41,2026-06-30,2019,N20,VIIRS,n,2,287.72,1,N,2
23.75793,85.85671,308.65,0.53,0.42,2026-06-30,2019,N20,VIIRS,n,2,285.07,2.13,N,2
23.75958,86.4026,312.82,0.57,0.43,2026-06-30,2019,N20,VIIRS,n,2,277.59,1.9,N,2
23.76351,86.40347,309.95,0.57,0.43,2026-06-30,2019,N20,VIIRS,n,2,278.06,1.34,N,2
23.76561,86.39253,301.17,0.57,0.43,2026-06-30,2019,N20,VIIRS,n,2,281.3,2.14,N,2
23.76742,86.40436,305.48,0.57,0.43,2026-06-30,2019,N20,VIIRS,n,2,278.95,1.34,N,2
23.76772,86.38153,304.02,0.57,0.43,2026-06-30,2019,N20,VIIRS,n,2,285.51,1.89,N,2
23.77478,86.36598,316.14,0.57,0.43,2026-06-30,2019,N20,VIIRS,n,2,288.23,2.43,N,2
23.77582,86.36053,311.05,0.57,0.43,2026-06-30,2019,N20,VIIRS,n,2,287.98,2.43,N,2
23.77842,86.3896,311.87,0.57,0.43,2026-06-30,2019,N20,VIIRS,n,2,285.59,3.82,N,2
23.78156,86.3732,310.11,0.57,0.43,2026-06-30,2019,N20,VIIRS,n,2,288.34,3.38,N,2
23.78234,86.39047,303.8,0.57,0.43,2026-06-30,2019,N20,VIIRS,n,2,285.88,2.46,N,2
23.78303,85.57745,305.91,0.52,0.41,2026-06-30,2019,N20,VIIRS,n,2,289.24,2.88,N,0
23.7839,86.33963,309.36,0.57,0.43,2026-06-30,2019,N20,VIIRS,n,2,287.4,2.45,N,2
23.78772,85.55255,310.62,0.51,0.41,2026-06-30,2019,N20,VIIRS,n,2,288.52,1.51,N,2
23.79745,86.354,315.27,0.57,0.43,2026-06-30,2019,N20,VIIRS,n,2,288.24,3.31,N,2
23.79848,86.34856,306.37,0.57,0.43,2026-06-30,2019,N20,VIIRS,n,2,288.03,2.42,N,2
23.8016,86.33214,311.14,0.56,0.43,2026-06-30,2019,N20,VIIRS,n,2,287.51,1.87,N,2
23.8055,86.33302,310.1,0.56,0.43,2026-06-30,2019,N20,VIIRS,n,2,287.54,1.87,N,2
23.80653,86.32759,306.27,0.56,0.43,2026-06-30,2019,N20,VIIRS,n,2,287.31,2.94,N,2
23.82337,84.57481,301.89,0.46,0.39,2026-06-30,2019,N20,VIIRS,n,2,274.09,1.39,N,0
23.82494,85.49892,308.07,0.51,0.41,2026-06-30,2019,N20,VIIRS,n,2,289.55,2,N,2
23.82581,84.57365,305.93,0.46,0.39,2026-06-30,2019,N20,VIIRS,n,2,273.77,1.52,N,0
23.8321,84.9278,305.58,0.48,0.4,2026-06-30,2019,N20,VIIRS,n,2,288.3,0.99,N,0
24.14811,82.58292,297.39,0.4,0.37,2026-06-30,2019,N20,VIIRS,n,2,267.93,0.49,N,0
24.15144,82.58356,297.8,0.4,0.37,2026-06-30,2019,N20,VIIRS,n,2,268.36,0.49,N,0
24.16127,82.56566,300.74,0.4,0.37,2026-06-30,2019,N20,VIIRS,n,2,263.36,0.68,N,2
24.19686,80.79539,307.18,0.39,0.36,2026-06-30,2019,N20,VIIRS,n,2,290.72,1.07,N,0
24.20287,80.80036,305.97,0.39,0.36,2026-06-30,2019,N20,VIIRS,n,2,290.56,1.24,N,2
24.76473,74.60864,306.45,0.47,0.48,2026-06-30,2019,N20,VIIRS,n,2,282.43,1.1,N,2
24.93049,84.14725,305.88,0.43,0.38,2026-06-30,2019,N20,VIIRS,n,2,281.54,0.68,N,2
25.03351,87.36913,306.36,0.41,0.45,2026-06-30,2019,N20,VIIRS,n,2,288.83,3.44,N,2
25.38822,68.57882,304.31,0.57,0.69,2026-06-30,2019,N20,VIIRS,n,2,290.41,0.87,N,2
25.94303,72.1894,311.25,0.34,0.56,2026-06-30,2019,N20,VIIRS,n,2,293.25,0.95,N,0
20.95231,86.04881,305.05,0.4,0.45,2026-06-30,2020,N20,VIIRS,n,2,283.81,1.11,N,2
20.95306,86.04493,311.83,0.4,0.45,2026-06-30,2020,N20,VIIRS,n,2,283.49,1.54,N,2
20.96771,86.01247,323.43,0.4,0.44,2026-06-30,2020,N20,VIIRS,n,2,282.85,3.64,N,2
20.97026,86.02098,308.12,0.4,0.44,2026-06-30,2020,N20,VIIRS,n,2,282.42,1.43,N,2
21.00246,86.02792,305.48,0.4,0.44,2026-06-30,2020,N20,VIIRS,n,2,281.81,0.6,N,2
21.91897,83.35211,300.18,0.43,0.38,2026-06-30,2020,N20,VIIRS,n,2,268.8,1.05,N,2
21.92243,83.3528,297.78,0.43,0.38,2026-06-30,2020,N20,VIIRS,n,2,269.29,0.92,N,2
21.92633,85.22395,308.86,0.53,0.42,2026-06-30,2020,N20,VIIRS,n,2,282.16,1.71,N,2
21.93011,85.22475,300.99,0.53,0.42,2026-06-30,2020,N20,VIIRS,n,2,280.28,1.2,N,2
22.03869,83.72932,299.96,0.45,0.39,2026-06-30,2020,N20,VIIRS,n,2,263.69,2.13,N,2
22.20716,84.55138,298.58,0.48,0.4,2026-06-30,2020,N20,VIIRS,n,2,277.09,0.84,N,2
22.21379,84.86942,312.31,0.5,0.41,2026-06-30,2020,N20,VIIRS,n,2,285.11,1.55,N,2
13.08136,79.97861,305.94,0.4,0.37,2026-06-30,2022,N20,VIIRS,n,2,285.99,1.63,N,2
11.80837,77.92383,307.88,0.38,0.36,2026-06-30,2023,N20,VIIRS,n,2,287.5,1.24,N,2
11.81606,77.9179,308.89,0.39,0.36,2026-06-30,2023,N20,VIIRS,n,2,288.09,0.95,N,2
32.88815,71.61419,308.91,0.5,0.66,2026-06-30,2157,N20,VIIRS,n,2,295.62,5.01,N,2
33.23687,71.51502,311.15,0.49,0.65,2026-06-30,2157,N20,VIIRS,n,2,295.86,0.52,N,2
34.39305,72.73098,302.07,0.53,0.67,2026-06-30,2157,N20,VIIRS,n,2,289.61,1.99,N,0
34.39865,72.73286,302.01,0.53,0.67,2026-06-30,2157,N20,VIIRS,n,2,289.23,2.75,N,0
34.44278,71.75918,307.92,0.47,0.64,2026-06-30,2157,N20,VIIRS,n,2,292.13,1.43,N,0
34.44879,71.75991,310.54,0.47,0.64,2026-06-30,2157,N20,VIIRS,n,2,292.1,1.28,N,0
34.44963,71.75626,311.82,0.47,0.64,2026-06-30,2157,N20,VIIRS,n,2,291.6,4.52,N,0
34.45303,71.76721,308.53,0.47,0.64,2026-06-30,2157,N20,VIIRS,n,2,291.62,1.28,N,0
34.46398,71.77189,309.9,0.47,0.64,2026-06-30,2157,N20,VIIRS,n,2,291.43,4.39,N,0
34.46466,71.7701,317.31,0.47,0.64,2026-06-30,2157,N20,VIIRS,n,2,291.7,2.2,N,0
34.46534,71.76694,318.54,0.47,0.64,2026-06-30,2157,N20,VIIRS,n,2,291.84,5.73,N,0
34.46595,71.76533,317.8,0.47,0.64,2026-06-30,2157,N20,VIIRS,n,2,291.65,2.2,N,0
32.2958,70.73214,307.99,0.46,0.64,2026-06-30,2158,N20,VIIRS,n,2,291.47,4.55,N,2
27.87441,68.56194,315.07,0.44,0.63,2026-06-30,2159,N20,VIIRS,n,2,297.17,1.63,N,0
28.38348,68.29161,310.49,0.42,0.61,2026-06-30,2159,N20,VIIRS,n,2,296.06,0.79,N,0
28.42405,69.70016,306.53,0.5,0.66,2026-06-30,2159,N20,VIIRS,n,2,295.73,0.9,N,2
25.39077,68.58488,306.07,0.51,0.66,2026-06-30,2200,N20,VIIRS,n,2,293.55,1.74,N,2