latitude,longitude,bright_ti4,scan,track,acq_date,acq_time,satellite,instrument,confidence,version,bright_ti5,frp,daynight,type
24.07503,96.52145,342.62,0.33,0.55,2026-05-29,610,N20,VIIRS,n,2,289.04,5.26,D,0
25.96723,93.26713,337.05,0.48,0.65,2026-05-29,610,N20,VIIRS,n,2,292.87,5.85,D,0
26.01982,93.3568,367,0.47,0.64,2026-05-29,610,N20,VIIRS,h,2,293.7,16.91,D,0
26.22422,93.61727,340.29,0.45,0.63,2026-05-29,610,N20,VIIRS,n,2,292.04,5.5,D,0
26.22424,93.72421,337.92,0.44,0.63,2026-05-29,610,N20,VIIRS,n,2,293.34,5.1,D,0
26.22817,93.61498,333.72,0.45,0.63,2026-05-29,610,N20,VIIRS,n,2,292.02,5.98,D,0
26.28243,92.90091,330.06,0.5,0.66,2026-05-29,610,N20,VIIRS,n,2,291.57,2.53,D,0
26.28538,92.89964,332.75,0.5,0.65,2026-05-29,610,N20,VIIRS,n,2,291.81,3.67,D,0
26.33199,93.74085,367,0.44,0.62,2026-05-29,610,N20,VIIRS,h,2,296.91,34.59,D,0
26.50981,93.28593,331.68,0.46,0.64,2026-05-29,610,N20,VIIRS,n,2,290.65,3.08,D,0
27.36728,94.89585,330.43,0.35,0.57,2026-05-29,611,N20,VIIRS,n,2,291.89,1.3,D,0
27.60356,95.40459,328.45,0.33,0.55,2026-05-29,611,N20,VIIRS,n,2,287.68,1.21,D,2
28.03939,95.4314,326.44,0.32,0.54,2026-05-29,611,N20,VIIRS,l,2,299.14,10.82,D,0
8.55573,78.11791,335.38,0.45,0.47,2026-05-29,746,N20,VIIRS,n,2,298.65,3.16,D,0
8.75333,78.08057,340.05,0.45,0.47,2026-05-29,746,N20,VIIRS,n,2,299.14,2.55,D,0
9.66373,77.9417,337.84,0.44,0.46,2026-05-29,747,N20,VIIRS,n,2,305.95,4.76,D,0
9.8153,78.39625,334.43,0.41,0.45,2026-05-29,747,N20,VIIRS,l,2,304.59,2.77,D,0
9.81594,78.39997,340.53,0.41,0.45,2026-05-29,747,N20,VIIRS,n,2,303.06,2.77,D,0
9.95131,78.07149,335.63,0.43,0.46,2026-05-29,747,N20,VIIRS,n,2,303.23,3.74,D,0
10.01545,78.46735,342.17,0.41,0.45,2026-05-29,747,N20,VIIRS,n,2,301.09,4.8,D,0
10.0217,77.52012,332.42,0.47,0.48,2026-05-29,747,N20,VIIRS,n,2,301.1,2.53,D,0
10.831,79.14222,331.98,0.54,0.42,2026-05-29,747,N20,VIIRS,n,2,291.41,3.81,D,0
10.93301,78.48023,337.03,0.39,0.44,2026-05-29,747,N20,VIIRS,n,2,300.25,1.56,D,0
11.95974,79.59494,333.38,0.49,0.4,2026-05-29,747,N20,VIIRS,n,2,282.63,6.97,D,0
11.98785,79.78547,333.77,0.48,0.4,2026-05-29,747,N20,VIIRS,n,2,293.74,4.39,D,0
12.13571,77.06909,332.95,0.46,0.47,2026-05-29,748,N20,VIIRS,n,2,292.45,2.98,D,0
12.64666,79.35329,338.38,0.5,0.41,2026-05-29,748,N20,VIIRS,n,2,303.66,10.49,D,0
12.64814,79.35155,340.76,0.5,0.41,2026-05-29,748,N20,VIIRS,n,2,304.33,13.8,D,0
12.86392,79.81667,338.25,0.47,0.4,2026-05-29,748,N20,VIIRS,n,2,301.69,4.93,D,0
12.86573,79.93816,338.85,0.46,0.39,2026-05-29,748,N20,VIIRS,n,2,303.6,4.95,D,0
12.88569,79.76907,337.96,0.47,0.4,2026-05-29,748,N20,VIIRS,n,2,302.86,5.07,D,0
12.95782,79.96109,333.58,0.46,0.39,2026-05-29,748,N20,VIIRS,l,2,302.74,4.72,D,0
12.96005,79.96154,341.06,0.46,0.39,2026-05-29,748,N20,VIIRS,n,2,305.01,5.11,D,0
13.70105,79.68011,336.49,0.46,0.39,2026-05-29,748,N20,VIIRS,n,2,301.71,3.38,D,0
14.30484,76.87766,334.99,0.44,0.46,2026-05-29,748,N20,VIIRS,n,2,290,2.85,D,0
14.30557,76.88166,333.62,0.44,0.46,2026-05-29,748,N20,VIIRS,n,2,290.79,2.85,D,0
15.23614,75.77332,331.01,0.5,0.49,2026-05-29,748,N20,VIIRS,n,2,282.37,6.64,D,0
15.61806,74.01002,330.39,0.32,0.54,2026-05-29,749,N20,VIIRS,n,2,290.13,1.17,D,0
16.51897,76.79005,330.02,0.41,0.45,2026-05-29,749,N20,VIIRS,l,2,300.18,1.6,D,0
16.53244,80.35745,338.02,0.41,0.37,2026-05-29,749,N20,VIIRS,n,2,300.31,3.09,D,0
16.63402,73.53882,342.63,0.33,0.55,2026-05-29,749,N20,VIIRS,n,2,300.83,5.05,D,0
16.64636,73.46978,332.68,0.33,0.55,2026-05-29,749,N20,VIIRS,n,2,302.36,2.45,D,0
16.6683,81.9439,332.85,0.38,0.36,2026-05-29,749,N20,VIIRS,n,2,299,2.95,D,0
16.73031,82.14995,335.96,0.38,0.36,2026-05-29,749,N20,VIIRS,n,2,303.9,2.77,D,0
16.73148,82.00314,331.5,0.38,0.36,2026-05-29,749,N20,VIIRS,n,2,300.01,2.06,D,0
16.7336,82.14941,330.73,0.38,0.36,2026-05-29,749,N20,VIIRS,l,2,303.85,2.77,D,0
16.73415,82.15298,344.64,0.38,0.36,2026-05-29,749,N20,VIIRS,n,2,303.61,2.77,D,0
16.7507,81.93026,341.51,0.38,0.36,2026-05-29,749,N20,VIIRS,n,2,300.17,4.96,D,0
16.75455,81.93329,334.45,0.38,0.36,2026-05-29,749,N20,VIIRS,n,2,301.75,3,D,0
16.7562,81.922,333,0.38,0.36,2026-05-29,749,N20,VIIRS,n,2,300.74,2.22,D,0
16.7573,81.92916,343.12,0.38,0.36,2026-05-29,749,N20,VIIRS,n,2,300.99,10.52,D,0
16.7643,82.19566,337,0.38,0.36,2026-05-29,749,N20,VIIRS,n,2,302.38,3.26,D,0
16.76937,82.00787,335.88,0.38,0.36,2026-05-29,749,N20,VIIRS,n,2,301.49,2.51,D,0
16.78792,80.11552,336.77,0.42,0.37,2026-05-29,749,N20,VIIRS,n,2,296.3,4.48,D,0
16.81868,78.20415,333.25,0.5,0.41,2026-05-29,749,N20,VIIRS,n,2,297.69,6.1,D,0
16.84204,73.46378,333.58,0.33,0.55,2026-05-29,749,N20,VIIRS,n,2,299.41,2.99,D,0
16.84991,82.13345,332.51,0.38,0.36,2026-05-29,749,N20,VIIRS,n,2,299.68,1.41,D,0
16.85439,78.32124,338.2,0.49,0.41,2026-05-29,749,N20,VIIRS,n,2,299.55,6.69,D,0
16.86774,80.21671,331.43,0.41,0.37,2026-05-29,749,N20,VIIRS,l,2,301.12,1.78,D,0
16.8786,73.36295,332.29,0.33,0.55,2026-05-29,749,N20,VIIRS,n,2,300.72,3.63,D,0
16.88641,76.19291,339.09,0.44,0.46,2026-05-29,749,N20,VIIRS,n,2,302.89,4.42,D,0
16.88881,76.65633,342.96,0.41,0.45,2026-05-29,749,N20,VIIRS,n,2,300.7,1.6,D,0
16.91351,73.40623,355.26,0.33,0.55,2026-05-29,749,N20,VIIRS,n,2,299.09,2.43,D,0
16.92028,81.9927,345.71,0.38,0.36,2026-05-29,749,N20,VIIRS,n,2,300.29,4.92,D,0
16.98678,76.41057,335.11,0.42,0.45,2026-05-29,749,N20,VIIRS,n,2,304.05,1.38,D,0
17.18618,77.61471,335.26,0.53,0.42,2026-05-29,749,N20,VIIRS,n,2,301.5,5.27,D,0
17.19935,76.70273,336.56,0.4,0.44,2026-05-29,749,N20,VIIRS,l,2,308.16,3.03,D,0
17.20833,75.30083,342.88,0.49,0.49,2026-05-29,749,N20,VIIRS,n,2,310.96,6.58,D,0
17.20918,75.30534,342.64,0.49,0.49,2026-05-29,749,N20,VIIRS,n,2,309.62,6.58,D,0
17.31402,76.17534,335.58,0.43,0.46,2026-05-29,749,N20,VIIRS,l,2,308.74,1.91,D,0
17.31686,75.01744,334.78,0.51,0.49,2026-05-29,749,N20,VIIRS,l,2,309.36,5.61,D,0
17.36316,75.30389,341.44,0.49,0.48,2026-05-29,749,N20,VIIRS,l,2,313.2,6.81,D,0
17.36355,75.3035,342.73,0.49,0.48,2026-05-29,749,N20,VIIRS,l,2,313.28,6.95,D,0
17.43776,78.07853,332.04,0.5,0.41,2026-05-29,749,N20,VIIRS,l,2,302.39,1.52,D,0
17.53406,75.82893,338.79,0.45,0.47,2026-05-29,749,N20,VIIRS,l,2,311.76,6.17,D,0
17.56101,80.07206,343.57,0.41,0.37,2026-05-29,749,N20,VIIRS,l,2,308.44,4.75,D,0
17.58014,80.21012,345.85,0.41,0.37,2026-05-29,749,N20,VIIRS,n,2,305.35,6.33,D,0
17.60982,79.81268,342.78,0.42,0.38,2026-05-29,749,N20,VIIRS,l,2,307.21,6.64,D,0
17.61046,79.8166,345.5,0.42,0.38,2026-05-29,749,N20,VIIRS,l,2,308.15,13.98,D,0
17.61052,83.20448,343.17,0.39,0.37,2026-05-29,749,N20,VIIRS,n,2,301.87,4.33,D,2
17.63084,77.91077,332.51,0.51,0.41,2026-05-29,749,N20,VIIRS,l,2,304.57,2.19,D,0
17.63224,78.16421,330.12,0.49,0.4,2026-05-29,749,N20,VIIRS,l,2,304.77,1.99,D,0
17.63592,78.16351,331,0.49,0.4,2026-05-29,749,N20,VIIRS,l,2,305.48,1.99,D,0
17.66398,83.196,334.47,0.39,0.37,2026-05-29,749,N20,VIIRS,n,2,301.31,2.13,D,0
17.66461,77.69994,336.92,0.52,0.41,2026-05-29,749,N20,VIIRS,n,2,304.1,4,D,0
17.70969,79.56818,336.75,0.43,0.38,2026-05-29,749,N20,VIIRS,l,2,306.77,2.62,D,0
17.72482,81.21957,331.35,0.39,0.36,2026-05-29,749,N20,VIIRS,l,2,302.3,1.85,D,0
17.72493,79.87219,341.23,0.42,0.37,2026-05-29,749,N20,VIIRS,l,2,311.38,6.2,D,0
17.7274,74.93159,340.2,0.51,0.49,2026-05-29,749,N20,VIIRS,l,2,311.27,8.62,D,0
17.73031,74.934,338.6,0.51,0.49,2026-05-29,749,N20,VIIRS,l,2,311.09,5.91,D,0
17.74425,82.77364,335.19,0.39,0.36,2026-05-29,749,N20,VIIRS,n,2,303.06,1.92,D,0
17.74661,73.29339,334.95,0.32,0.55,2026-05-29,749,N20,VIIRS,n,2,300.04,0.84,D,0
17.74685,73.29247,333.43,0.32,0.55,2026-05-29,749,N20,VIIRS,n,2,299.94,1.25,D,0
17.75438,78.00716,330.84,0.5,0.41,2026-05-29,749,N20,VIIRS,l,2,304.39,1.44,D,0
17.7761,80.12446,335.66,0.41,0.37,2026-05-29,749,N20,VIIRS,l,2,305.82,2.63,D,0
17.81271,75.84904,349.8,0.44,0.46,2026-05-29,749,N20,VIIRS,n,2,315.94,10.24,D,0
17.82923,80.06015,335.56,0.41,0.37,2026-05-29,749,N20,VIIRS,l,2,306.85,7.96,D,0
17.83547,73.8002,334.41,0.6,0.53,2026-05-29,749,N20,VIIRS,n,2,304.14,4.04,D,0
17.83942,73.79841,334.36,0.6,0.53,2026-05-29,749,N20,VIIRS,n,2,304.27,4.27,D,0
17.87536,79.38332,335.45,0.43,0.38,2026-05-29,749,N20,VIIRS,l,2,302.97,5.75,D,0
17.87688,76.09913,346.43,0.43,0.46,2026-05-29,749,N20,VIIRS,n,2,315.35,9.31,D,0
17.87706,79.38255,340.35,0.43,0.38,2026-05-29,749,N20,VIIRS,l,2,303.02,4.62,D,0
17.88195,79.6722,347.07,0.42,0.38,2026-05-29,749,N20,VIIRS,l,2,310.91,7.64,D,0
17.89042,80.15917,341.63,0.41,0.37,2026-05-29,749,N20,VIIRS,l,2,307.48,3.09,D,0
17.89258,80.15098,344.26,0.41,0.37,2026-05-29,749,N20,VIIRS,l,2,308.25,5.95,D,0
17.89318,80.15479,335.68,0.41,0.37,2026-05-29,749,N20,VIIRS,l,2,306.83,3.09,D,0
17.89379,80.15858,339.31,0.41,0.37,2026-05-29,749,N20,VIIRS,l,2,306.65,3.09,D,0
17.89391,80.15111,348.22,0.41,0.37,2026-05-29,749,N20,VIIRS,n,2,308.19,8.39,D,0
17.89791,80.15432,340.69,0.41,0.37,2026-05-29,749,N20,VIIRS,l,2,306.63,7.37,D,0
17.90128,80.15374,333.75,0.41,0.37,2026-05-29,749,N20,VIIRS,l,2,305.5,3.21,D,0
17.9281,80.01931,337.81,0.41,0.37,2026-05-29,749,N20,VIIRS,l,2,308.8,6.13,D,0
17.94897,80.78583,335.93,0.39,0.36,2026-05-29,749,N20,VIIRS,n,2,292.99,2.75,D,0
17.9997,78.20407,332.65,0.48,0.4,2026-05-29,749,N20,VIIRS,l,2,307.41,1.76,D,0
18.00369,80.13561,350.7,0.41,0.37,2026-05-29,749,N20,VIIRS,n,2,307.92,10.89,D,0
18.00706,80.13502,343.4,0.41,0.37,2026-05-29,749,N20,VIIRS,n,2,306.7,3.99,D,0
18.03138,82.81171,333.95,0.39,0.36,2026-05-29,749,N20,VIIRS,n,2,303.89,4.57,D,0
18.03551,80.075,339.95,0.41,0.37,2026-05-29,749,N20,VIIRS,l,2,305.9,5.1,D,0
18.03645,78.22028,339.22,0.48,0.4,2026-05-29,749,N20,VIIRS,l,2,309.9,27.24,D,0
18.04019,83.01054,335.56,0.39,0.36,2026-05-29,749,N20,VIIRS,n,2,304.02,3.05,D,0
18.04627,79.39046,339.2,0.43,0.38,2026-05-29,749,N20,VIIRS,l,2,301.74,3.73,D,0
18.05004,77.81396,336,0.51,0.41,2026-05-29,749,N20,VIIRS,l,2,310.09,2.81,D,0
18.05521,82.22034,339.2,0.38,0.36,2026-05-29,749,N20,VIIRS,n,2,306.12,12.36,D,0
18.05605,78.13732,340.58,0.49,0.4,2026-05-29,749,N20,VIIRS,n,2,308.67,5.33,D,0
18.06376,78.24763,337.12,0.48,0.4,2026-05-29,749,N20,VIIRS,l,2,308.51,7.69,D,0
18.06997,78.06406,336.91,0.49,0.4,2026-05-29,749,N20,VIIRS,l,2,307.91,3.75,D,0
18.07075,78.06863,337.36,0.49,0.4,2026-05-29,749,N20,VIIRS,l,2,307.91,3.72,D,0
18.08403,77.97769,339.4,0.5,0.41,2026-05-29,749,N20,VIIRS,n,2,308.81,7.17,D,0
18.09035,82.22935,337.42,0.38,0.36,2026-05-29,749,N20,VIIRS,n,2,299.62,4.56,D,0
18.09365,82.22882,349.65,0.38,0.36,2026-05-29,749,N20,VIIRS,n,2,303.13,4.56,D,0
18.09875,79.85867,338.13,0.41,0.37,2026-05-29,749,N20,VIIRS,l,2,308.38,8.78,D,0
18.11337,78.23055,331.65,0.48,0.4,2026-05-29,749,N20,VIIRS,l,2,305.89,1.5,D,0
18.11396,78.23363,333.33,0.48,0.4,2026-05-29,749,N20,VIIRS,l,2,306.04,1.3,D,0
18.13422,82.91088,338.05,0.39,0.36,2026-05-29,749,N20,VIIRS,n,2,301.58,4.99,D,0
18.14525,79.77845,340.12,0.42,0.37,2026-05-29,749,N20,VIIRS,l,2,307.68,9.58,D,0
18.17634,73.79697,338.92,0.59,0.53,2026-05-29,749,N20,VIIRS,l,2,308.92,5.88,D,0
18.1773,73.80038,338.77,0.59,0.53,2026-05-29,749,N20,VIIRS,n,2,307.5,5.13,D,0
18.17819,77.78375,337.62,0.51,0.41,2026-05-29,749,N20,VIIRS,l,2,309.44,4.37,D,0
18.18369,82.12849,337.44,0.38,0.36,2026-05-29,749,N20,VIIRS,n,2,303.37,3.44,D,0
18.18423,82.1321,336.25,0.38,0.36,2026-05-29,749,N20,VIIRS,n,2,300.48,3.25,D,0
18.1914,82.11246,334.46,0.38,0.36,2026-05-29,749,N20,VIIRS,n,2,301.32,3.13,D,0
18.19298,77.91121,337.1,0.5,0.41,2026-05-29,749,N20,VIIRS,l,2,308.8,4.78,D,0
18.21676,77.91617,332.17,0.5,0.41,2026-05-29,749,N20,VIIRS,l,2,306.2,13.77,D,0
18.21965,77.71231,339.85,0.51,0.41,2026-05-29,749,N20,VIIRS,l,2,313.19,7.54,D,0
18.23459,77.70947,336.74,0.51,0.41,2026-05-29,749,N20,VIIRS,l,2,310.66,6.08,D,0
18.25661,83.73498,335.53,0.41,0.37,2026-05-29,749,N20,VIIRS,n,2,301,1.63,D,0
18.27091,77.98695,336.41,0.49,0.4,2026-05-29,749,N20,VIIRS,l,2,308.49,6.27,D,0
18.2832,83.99756,335.79,0.42,0.38,2026-05-29,749,N20,VIIRS,n,2,300.5,1.29,D,0
18.29782,79.35727,348.71,0.43,0.38,2026-05-29,749,N20,VIIRS,l,2,310.4,10.26,D,0
18.30124,83.19536,339.16,0.4,0.37,2026-05-29,749,N20,VIIRS,n,2,306.57,9.45,D,0
18.31218,79.38799,342.55,0.43,0.38,2026-05-29,749,N20,VIIRS,l,2,309.59,7.88,D,0
18.31912,84.02825,332.07,0.42,0.38,2026-05-29,749,N20,VIIRS,n,2,300.89,1.8,D,0
18.32086,77.8884,333.27,0.5,0.41,2026-05-29,749,N20,VIIRS,l,2,307.65,3.84,D,0
18.33535,81.96237,338.79,0.38,0.36,2026-05-29,749,N20,VIIRS,n,2,298.72,1.77,D,0
18.36205,78.03784,337.9,0.49,0.4,2026-05-29,749,N20,VIIRS,l,2,308.53,2.77,D,0
18.36573,78.03722,335.14,0.49,0.4,2026-05-29,749,N20,VIIRS,l,2,308.98,2.57,D,0
18.36825,78.26892,334.81,0.48,0.4,2026-05-29,749,N20,VIIRS,l,2,308.6,2.74,D,0
18.3703,75.86629,339.2,0.43,0.46,2026-05-29,749,N20,VIIRS,l,2,313.03,7.37,D,0
18.37069,79.39786,345.86,0.43,0.38,2026-05-29,749,N20,VIIRS,n,2,310.45,4.78,D,0
18.37217,74.22945,344.51,0.55,0.51,2026-05-29,749,N20,VIIRS,n,2,308.93,4.81,D,0
18.37377,74.23098,338.89,0.55,0.51,2026-05-29,749,N20,VIIRS,l,2,309.31,5.92,D,0
18.37413,79.39723,340.69,0.43,0.38,2026-05-29,749,N20,VIIRS,l,2,309.34,4.78,D,0
18.38011,78.07678,338.26,0.49,0.4,2026-05-29,749,N20,VIIRS,n,2,308.02,3.56,D,0
18.38103,79.39598,351.57,0.43,0.38,2026-05-29,749,N20,VIIRS,n,2,309.06,8.79,D,0
18.38886,79.52926,339.78,0.42,0.38,2026-05-29,749,N20,VIIRS,l,2,305.84,3.12,D,0
18.40009,79.33905,338.94,0.43,0.38,2026-05-29,749,N20,VIIRS,l,2,309.97,16.09,D,0
18.41112,83.06333,334.4,0.4,0.37,2026-05-29,749,N20,VIIRS,n,2,303.08,2.19,D,0
18.44605,79.53584,338.35,0.42,0.38,2026-05-29,749,N20,VIIRS,l,2,309.24,3.88,D,0
18.4494,83.93589,337.54,0.42,0.37,2026-05-29,749,N20,VIIRS,n,2,302.48,3.59,D,0
18.4511,77.81192,338.28,0.5,0.41,2026-05-29,749,N20,VIIRS,l,2,309.65,5.21,D,0
18.47589,79.18082,340.84,0.43,0.38,2026-05-29,749,N20,VIIRS,l,2,309.55,7.31,D,0
18.4775,79.61903,338.31,0.42,0.38,2026-05-29,749,N20,VIIRS,l,2,308.38,7.71,D,0
18.49041,79.29031,336.19,0.43,0.38,2026-05-29,749,N20,VIIRS,l,2,308.79,4.64,D,0
18.49177,78.04765,341.25,0.49,0.4,2026-05-29,749,N20,VIIRS,l,2,313.06,7.38,D,0
18.49326,79.17767,349.26,0.43,0.38,2026-05-29,749,N20,VIIRS,l,2,309.69,8.89,D,0
18.49482,79.17792,344.9,0.43,0.38,2026-05-29,749,N20,VIIRS,n,2,309.31,6.06,D,0
18.50129,79.82668,335.22,0.41,0.37,2026-05-29,749,N20,VIIRS,l,2,304.69,0.83,D,0
18.50187,79.13483,353.08,0.43,0.38,2026-05-29,749,N20,VIIRS,l,2,310.71,14.51,D,0
18.51103,79.60893,350.6,0.42,0.38,2026-05-29,749,N20,VIIRS,l,2,310.16,16.53,D,0
18.51971,74.03275,339.95,0.56,0.52,2026-05-29,749,N20,VIIRS,n,2,306.28,4.65,D,0
18.52069,79.11883,349.71,0.43,0.38,2026-05-29,749,N20,VIIRS,n,2,308.79,6.21,D,0
18.52083,79.36723,337.17,0.43,0.38,2026-05-29,749,N20,VIIRS,l,2,310.14,3.91,D,0
18.52421,76.84969,338.78,0.56,0.43,2026-05-29,749,N20,VIIRS,l,2,311.74,2.17,D,0
18.5246,76.85259,340.19,0.56,0.43,2026-05-29,749,N20,VIIRS,l,2,313.88,3.41,D,0
18.53828,79.3726,340.38,0.43,0.38,2026-05-29,749,N20,VIIRS,l,2,310.04,3.72,D,0
18.5437,78.0669,339.35,0.48,0.4,2026-05-29,749,N20,VIIRS,l,2,313.91,6.71,D,0
18.54629,78.21291,337.02,0.48,0.4,2026-05-29,749,N20,VIIRS,l,2,309.65,2.99,D,0
18.54697,78.21416,335.66,0.48,0.4,2026-05-29,749,N20,VIIRS,l,2,308.91,2.89,D,0
18.56476,83.91045,344.43,0.42,0.37,2026-05-29,749,N20,VIIRS,n,2,302.21,5.48,D,0
18.57635,77.56757,340.67,0.51,0.41,2026-05-29,749,N20,VIIRS,l,2,313.75,10.76,D,0
18.60915,77.89828,340.97,0.49,0.4,2026-05-29,749,N20,VIIRS,l,2,314.21,8.54,D,0
18.61136,77.89521,342.9,0.49,0.4,2026-05-29,749,N20,VIIRS,n,2,311.99,9.45,D,0
18.65729,79.34696,353.05,0.43,0.38,2026-05-29,749,N20,VIIRS,n,2,311.75,7.48,D,0
18.66922,77.92202,339.69,0.49,0.4,2026-05-29,749,N20,VIIRS,l,2,312.8,10.38,D,0
18.67289,83.76119,337.35,0.41,0.37,2026-05-29,749,N20,VIIRS,n,2,304.19,24.24,D,0
18.68358,79.69828,338.92,0.41,0.37,2026-05-29,749,N20,VIIRS,l,2,309.07,20.96,D,0
18.68542,73.03123,330.44,0.32,0.55,2026-05-29,749,N20,VIIRS,l,2,302.95,1.87,D,2
18.68661,74.78681,342.15,0.5,0.49,2026-05-29,749,N20,VIIRS,n,2,308.51,3.31,D,0
18.68737,74.78432,341.89,0.5,0.49,2026-05-29,749,N20,VIIRS,n,2,308.72,2.12,D,0
18.68762,79.70157,352.46,0.41,0.37,2026-05-29,749,N20,VIIRS,l,2,311.36,32.17,D,0
18.69714,79.35192,337.04,0.42,0.38,2026-05-29,749,N20,VIIRS,l,2,311.66,3.61,D,0
18.70242,83.08755,333.4,0.4,0.37,2026-05-29,749,N20,VIIRS,n,2,299.94,2.09,D,0
18.70762,79.77751,350.68,0.41,0.37,2026-05-29,749,N20,VIIRS,l,2,309.2,15.19,D,0
18.721,83.02702,334.62,0.4,0.37,2026-05-29,749,N20,VIIRS,n,2,296.83,4.94,D,0
18.74486,78.7463,338.7,0.45,0.39,2026-05-29,749,N20,VIIRS,l,2,311.65,4.41,D,0
18.75849,78.0473,341.69,0.48,0.4,2026-05-29,749,N20,VIIRS,l,2,313.59,9.56,D,0
18.75888,78.13528,339.71,0.48,0.4,2026-05-29,749,N20,VIIRS,l,2,311,5.93,D,0
18.77046,79.73444,341.87,0.41,0.37,2026-05-29,749,N20,VIIRS,l,2,310.95,13.51,D,0
18.78729,83.73036,333.81,0.41,0.37,2026-05-29,749,N20,VIIRS,n,2,299.31,6.83,D,0
18.80577,78.25438,343.63,0.47,0.4,2026-05-29,749,N20,VIIRS,l,2,312.64,6.77,D,0
18.80937,78.25369,342.18,0.47,0.4,2026-05-29,749,N20,VIIRS,l,2,312.15,6.9,D,0
18.81462,83.90019,340,0.42,0.38,2026-05-29,749,N20,VIIRS,n,2,303.72,4.45,D,0
18.8196,82.95846,335.46,0.4,0.37,2026-05-29,749,N20,VIIRS,n,2,298.49,2.12,D,0
18.82149,83.89913,337.61,0.42,0.38,2026-05-29,749,N20,VIIRS,n,2,305.12,4.2,D,0
18.82479,83.2311,344.04,0.4,0.37,2026-05-29,749,N20,VIIRS,n,2,299.65,3.73,D,0
18.83571,83.30735,331.36,0.4,0.37,2026-05-29,749,N20,VIIRS,l,2,303.71,1.01,D,0
18.83667,78.23933,334.79,0.47,0.4,2026-05-29,749,N20,VIIRS,l,2,309.31,8.97,D,0
18.85868,79.52214,336.11,0.42,0.38,2026-05-29,749,N20,VIIRS,l,2,308.15,1.21,D,0
18.86666,78.30618,339.58,0.47,0.39,2026-05-29,749,N20,VIIRS,l,2,311.26,8.18,D,0
18.86951,74.83641,336.89,0.49,0.49,2026-05-29,749,N20,VIIRS,l,2,310.34,7.46,D,0
18.88894,78.78154,349.15,0.44,0.39,2026-05-29,749,N20,VIIRS,l,2,312.29,8.74,D,0
18.89229,83.3409,332.13,0.4,0.37,2026-05-29,749,N20,VIIRS,n,2,300.19,1.56,D,0
18.89246,78.78088,347.36,0.44,0.39,2026-05-29,749,N20,VIIRS,l,2,313.67,11.33,D,0
18.89493,78.28877,351.04,0.47,0.39,2026-05-29,749,N20,VIIRS,n,2,312.57,15.36,D,0
18.90032,84.33799,330.8,0.43,0.38,2026-05-29,749,N20,VIIRS,n,2,297.04,2.35,D,0
18.90386,84.33774,334.21,0.43,0.38,2026-05-29,749,N20,VIIRS,n,2,297.72,4.24,D,0
18.90911,83.33791,330.67,0.4,0.37,2026-05-29,749,N20,VIIRS,n,2,300.34,1.52,D,0
18.94858,79.11292,344.26,0.43,0.38,2026-05-29,749,N20,VIIRS,l,2,314.31,7.77,D,0
18.95478,82.70142,336.55,0.39,0.36,2026-05-29,749,N20,VIIRS,n,2,301.91,6.27,D,0
18.95936,83.56167,343.48,0.41,0.37,2026-05-29,749,N20,VIIRS,n,2,298.41,4.73,D,0
18.96597,84.41853,331.17,0.44,0.38,2026-05-29,749,N20,VIIRS,n,2,294.77,4.02,D,0
18.98427,78.48613,345.49,0.46,0.39,2026-05-29,749,N20,VIIRS,l,2,312.8,8.46,D,0
18.99397,82.73658,332.01,0.39,0.36,2026-05-29,749,N20,VIIRS,n,2,300.74,2.02,D,0
18.9962,82.89204,332.62,0.39,0.37,2026-05-29,749,N20,VIIRS,l,2,303.53,1.59,D,0
18.99839,82.74352,332.29,0.39,0.36,2026-05-29,749,N20,VIIRS,l,2,304.13,2.27,D,0
19.00068,78.14185,340.45,0.47,0.4,2026-05-29,749,N20,VIIRS,l,2,313.92,9.72,D,0
19.00485,84.25907,335.6,0.43,0.38,2026-05-29,749,N20,VIIRS,n,2,302.3,3.77,D,0
19.01867,77.98614,337.99,0.48,0.4,2026-05-29,749,N20,VIIRS,l,2,312.53,7.19,D,0
19.02176,80.04826,334.95,0.4,0.37,2026-05-29,749,N20,VIIRS,l,2,307.26,4.98,D,0
19.04403,79.86385,367,0.41,0.37,2026-05-29,749,N20,VIIRS,h,2,312.81,14.54,D,0
19.05429,78.14989,340.61,0.47,0.4,2026-05-29,749,N20,VIIRS,l,2,313.71,11.5,D,0
19.05633,76.53104,340.79,0.38,0.43,2026-05-29,749,N20,VIIRS,l,2,315.52,7.46,D,0
19.05927,82.99645,341.02,0.4,0.37,2026-05-29,749,N20,VIIRS,n,2,298.65,3.9,D,0
19.06282,78.86541,342.43,0.44,0.38,2026-05-29,749,N20,VIIRS,l,2,312.26,4.66,D,0
19.06351,78.86954,348.84,0.44,0.38,2026-05-29,749,N20,VIIRS,l,2,312.63,4.66,D,0
19.0642,78.87366,351.92,0.44,0.38,2026-05-29,749,N20,VIIRS,n,2,313,9.69,D,0
19.07198,78.83389,340.96,0.44,0.38,2026-05-29,749,N20,VIIRS,l,2,312.52,3.2,D,0
19.07201,74.91975,340.95,0.48,0.48,2026-05-29,749,N20,VIIRS,l,2,312.44,6.08,D,0
19.07683,80.05769,337.94,0.4,0.37,2026-05-29,749,N20,VIIRS,l,2,309.2,7.24,D,0
19.07744,80.06147,348.14,0.4,0.37,2026-05-29,749,N20,VIIRS,l,2,307.34,8.2,D,0
19.08679,78.79272,339.99,0.44,0.39,2026-05-29,749,N20,VIIRS,l,2,313.76,4.49,D,0
19.09026,80.0553,337,0.4,0.37,2026-05-29,749,N20,VIIRS,l,2,306.84,6.26,D,0
19.0931,82.16781,330.7,0.39,0.36,2026-05-29,749,N20,VIIRS,l,2,301.51,2.23,D,2
19.0964,82.16727,336.37,0.39,0.36,2026-05-29,749,N20,VIIRS,n,2,301.72,2.23,D,2
19.103,82.16617,332.67,0.39,0.36,2026-05-29,749,N20,VIIRS,l,2,302.7,2.96,D,2
19.11624,82.80777,339.29,0.39,0.36,2026-05-29,749,N20,VIIRS,n,2,298.59,4.85,D,0
19.12111,82.84113,337.89,0.39,0.37,2026-05-29,749,N20,VIIRS,n,2,301.11,3.84,D,0
19.12568,77.93012,341.16,0.48,0.4,2026-05-29,749,N20,VIIRS,l,2,316.08,12.02,D,0
19.13209,78.7586,342.23,0.44,0.39,2026-05-29,749,N20,VIIRS,l,2,313.07,5.5,D,0
19.13984,78.7616,349.85,0.44,0.39,2026-05-29,749,N20,VIIRS,l,2,314.79,9.08,D,0
19.13986,78.03432,342.54,0.48,0.4,2026-05-29,749,N20,VIIRS,l,2,316.75,13.82,D,0
19.14636,83.79755,334.21,0.42,0.38,2026-05-29,749,N20,VIIRS,n,2,299.31,3.4,D,0
19.15149,83.53886,334.98,0.41,0.37,2026-05-29,749,N20,VIIRS,n,2,301.3,3.25,D,0
19.15501,79.98534,338.14,0.4,0.37,2026-05-29,749,N20,VIIRS,l,2,306.34,3.2,D,0
19.1558,78.87793,341.03,0.44,0.38,2026-05-29,749,N20,VIIRS,l,2,311.62,4.67,D,0
19.15929,78.87728,343.72,0.44,0.38,2026-05-29,749,N20,VIIRS,l,2,312.17,4.67,D,0
19.17543,78.04279,341.64,0.48,0.4,2026-05-29,749,N20,VIIRS,l,2,316.47,10.07,D,0
19.18684,78.22194,344.13,0.47,0.39,2026-05-29,749,N20,VIIRS,l,2,315.14,11.25,D,0
19.19614,78.07561,344.08,0.47,0.4,2026-05-29,749,N20,VIIRS,l,2,315.25,9.87,D,0
19.20622,77.31844,342.26,0.52,0.41,2026-05-29,749,N20,VIIRS,l,2,315.29,8.89,D,0
19.23076,82.43314,338.45,0.39,0.36,2026-05-29,749,N20,VIIRS,n,2,303.79,3.66,D,0
19.23656,79.98682,344.82,0.4,0.37,2026-05-29,749,N20,VIIRS,n,2,308.09,4.26,D,0
19.2431,77.91389,341.72,0.48,0.4,2026-05-29,749,N20,VIIRS,l,2,315.48,2.42,D,0
19.24615,82.81325,337.06,0.39,0.37,2026-05-29,749,N20,VIIRS,n,2,304.74,8.05,D,0
19.24675,77.91319,342.41,0.48,0.4,2026-05-29,749,N20,VIIRS,l,2,316.94,2.97,D,0
19.24975,77.99632,346.84,0.48,0.4,2026-05-29,749,N20,VIIRS,l,2,316.28,4.44,D,0
19.25127,83.35863,335.57,0.41,0.37,2026-05-29,749,N20,VIIRS,n,2,293.31,1.93,D,0
19.29439,83.43451,341,0.41,0.37,2026-05-29,749,N20,VIIRS,n,2,302.51,3.87,D,0
19.31347,83.47103,340.87,0.41,0.37,2026-05-29,749,N20,VIIRS,n,2,304.84,2.45,D,0
19.34206,83.37962,349.13,0.41,0.37,2026-05-29,749,N20,VIIRS,n,2,306.76,7.01,D,0
19.34276,83.26479,340.69,0.4,0.37,2026-05-29,749,N20,VIIRS,n,2,302.52,3.54,D,0
19.35649,78.43349,343.01,0.45,0.39,2026-05-29,749,N20,VIIRS,l,2,315.3,7.57,D,0
19.3568,83.53111,330.18,0.41,0.37,2026-05-29,749,N20,VIIRS,l,2,300.75,0.99,D,0
19.36093,78.24606,342.45,0.46,0.39,2026-05-29,749,N20,VIIRS,l,2,317.18,8.54,D,0
19.38315,83.1762,342.08,0.4,0.37,2026-05-29,749,N20,VIIRS,n,2,301.39,10.53,D,0
19.41463,83.59322,333.98,0.41,0.37,2026-05-29,749,N20,VIIRS,n,2,298.86,1.75,D,0
19.43424,82.59251,337.91,0.39,0.36,2026-05-29,749,N20,VIIRS,n,2,304.73,2.06,D,0
19.45758,83.35717,344.61,0.41,0.37,2026-05-29,749,N20,VIIRS,n,2,306.93,3.98,D,0
19.45992,82.93198,330.03,0.4,0.37,2026-05-29,749,N20,VIIRS,l,2,302.62,2.37,D,0
19.47671,82.65376,332.82,0.39,0.36,2026-05-29,749,N20,VIIRS,l,2,303.46,2.21,D,0
19.48401,77.21558,348,0.52,0.41,2026-05-29,749,N20,VIIRS,n,2,316.06,9.44,D,0
19.53024,83.15668,341.67,0.4,0.37,2026-05-29,749,N20,VIIRS,n,2,300.86,3.2,D,0
19.55497,82.98205,337,0.4,0.37,2026-05-29,749,N20,VIIRS,n,2,303.94,5.03,D,0
19.57961,80.15363,338.26,0.4,0.37,2026-05-29,749,N20,VIIRS,l,2,309.05,6.75,D,0
19.58726,83.01548,336.98,0.4,0.37,2026-05-29,749,N20,VIIRS,n,2,304.59,8.94,D,0
19.60845,83.04315,334.01,0.4,0.37,2026-05-29,749,N20,VIIRS,l,2,304.97,1.76,D,0
19.61431,82.94157,346.79,0.4,0.37,2026-05-29,749,N20,VIIRS,n,2,305.86,6.02,D,0
19.62278,78.13433,343.24,0.47,0.39,2026-05-29,749,N20,VIIRS,l,2,316.05,7.06,D,0
19.63024,83.07476,337.55,0.4,0.37,2026-05-29,749,N20,VIIRS,n,2,304.06,3.51,D,0
19.6336,83.07423,338.46,0.4,0.37,2026-05-29,749,N20,VIIRS,n,2,304.46,6.91,D,0
19.64817,82.87562,338.15,0.4,0.37,2026-05-29,749,N20,VIIRS,n,2,304.94,3.31,D,0
19.64872,82.87939,338.8,0.4,0.37,2026-05-29,749,N20,VIIRS,n,2,304.08,3.31,D,0
19.64951,82.8138,339.33,0.4,0.37,2026-05-29,749,N20,VIIRS,n,2,301.38,1.7,D,0
19.66278,79.80016,344.18,0.4,0.37,2026-05-29,749,N20,VIIRS,l,2,313.18,6.55,D,0
19.67525,83.33851,333.27,0.41,0.37,2026-05-29,749,N20,VIIRS,l,2,304.69,1.57,D,0
19.68476,83.32539,346.34,0.41,0.37,2026-05-29,749,N20,VIIRS,n,2,306.08,9.41,D,0
19.69187,78.45966,347.45,0.45,0.39,2026-05-29,749,N20,VIIRS,n,2,316.35,10.51,D,0
19.69518,79.95862,338.25,0.4,0.37,2026-05-29,749,N20,VIIRS,l,2,313.11,4.5,D,0
19.70861,77.95477,340.31,0.47,0.4,2026-05-29,749,N20,VIIRS,l,2,312.86,8.4,D,0
19.71642,79.90801,344.03,0.4,0.37,2026-05-29,749,N20,VIIRS,l,2,315.79,7.46,D,0
19.72133,82.85996,344.62,0.4,0.37,2026-05-29,749,N20,VIIRS,n,2,306.1,16.22,D,0
19.73668,80.03281,336.93,0.4,0.37,2026-05-29,749,N20,VIIRS,l,2,310.02,2.87,D,0
19.76153,79.84513,340.89,0.4,0.37,2026-05-29,749,N20,VIIRS,l,2,313.07,4.65,D,0
19.76835,83.54813,337.97,0.41,0.37,2026-05-29,749,N20,VIIRS,n,2,303.55,5.92,D,0
19.77325,83.60767,345.73,0.42,0.37,2026-05-29,749,N20,VIIRS,n,2,302.91,6.33,D,0
19.7735,83.53506,348.52,0.41,0.37,2026-05-29,749,N20,VIIRS,n,2,304.64,4.28,D,0
19.77358,83.99152,335.32,0.43,0.38,2026-05-29,749,N20,VIIRS,n,2,301.71,3.87,D,0
19.79757,79.81116,346.13,0.4,0.37,2026-05-29,749,N20,VIIRS,l,2,316.04,5.96,D,0
19.84176,83.06082,334.77,0.4,0.37,2026-05-29,749,N20,VIIRS,n,2,303.43,1.27,D,0
19.84792,82.94743,334.98,0.4,0.37,2026-05-29,749,N20,VIIRS,n,2,304.35,3.17,D,0
19.85561,79.40733,338.37,0.41,0.37,2026-05-29,749,N20,VIIRS,l,2,311.04,13.39,D,0
19.85901,79.40672,346.59,0.41,0.37,2026-05-29,749,N20,VIIRS,l,2,315.81,13.39,D,0
19.9113,79.40519,349.38,0.41,0.37,2026-05-29,749,N20,VIIRS,n,2,314.78,5.88,D,0
19.94104,84.21783,332.7,0.44,0.38,2026-05-29,749,N20,VIIRS,n,2,298.41,2.78,D,0
19.94558,80.70165,345.6,0.39,0.36,2026-05-29,749,N20,VIIRS,l,2,311.23,7.4,D,0
19.97692,80.27454,341.36,0.39,0.36,2026-05-29,749,N20,VIIRS,l,2,310.8,5.16,D,0
19.98025,80.27395,345.51,0.39,0.36,2026-05-29,749,N20,VIIRS,l,2,312.47,5.16,D,0
19.98295,80.27332,338.7,0.39,0.36,2026-05-29,749,N20,VIIRS,l,2,309.87,3.8,D,0
20.00181,83.24435,336.36,0.41,0.37,2026-05-29,749,N20,VIIRS,l,2,307.36,2.48,D,0
20.04826,80.72891,338.9,0.39,0.36,2026-05-29,749,N20,VIIRS,l,2,311.49,4.93,D,0
20.06845,80.6836,343.14,0.39,0.36,2026-05-29,749,N20,VIIRS,l,2,311,6.85,D,0
20.07248,80.70931,345.25,0.39,0.36,2026-05-29,749,N20,VIIRS,l,2,314,8.33,D,0
20.08135,80.63605,344.54,0.39,0.36,2026-05-29,749,N20,VIIRS,l,2,316.37,9.76,D,0
20.09345,80.71317,349.24,0.39,0.36,2026-05-29,749,N20,VIIRS,l,2,314.63,10.64,D,0
20.10881,80.70293,339.33,0.39,0.36,2026-05-29,749,N20,VIIRS,l,2,312.21,5.5,D,0
20.12617,80.57523,367,0.39,0.36,2026-05-29,749,N20,VIIRS,h,2,316.55,18.42,D,0
20.13394,80.66833,348.97,0.39,0.36,2026-05-29,749,N20,VIIRS,l,2,313.68,5.51,D,0
20.13724,80.66775,347.43,0.39,0.36,2026-05-29,749,N20,VIIRS,l,2,312.58,5.51,D,0
20.27115,81.8295,341.56,0.39,0.36,2026-05-29,749,N20,VIIRS,l,2,315.62,9.37,D,0
20.2717,81.83317,349.81,0.39,0.36,2026-05-29,749,N20,VIIRS,n,2,316.47,9.37,D,0
20.28325,81.81996,349.55,0.39,0.36,2026-05-29,749,N20,VIIRS,n,2,311.42,8.89,D,0
20.31569,81.87839,339.38,0.39,0.36,2026-05-29,749,N20,VIIRS,l,2,314.13,6.51,D,0
20.69753,84.42104,331.86,0.45,0.39,2026-05-29,749,N20,VIIRS,l,2,302.32,1.38,D,0
20.75886,85.30068,331.06,0.5,0.41,2026-05-29,749,N20,VIIRS,n,2,298.49,4.77,D,2
20.78818,85.26241,330.95,0.5,0.41,2026-05-29,749,N20,VIIRS,n,2,300.08,6.87,D,2
20.79502,85.25648,337.52,0.5,0.41,2026-05-29,749,N20,VIIRS,n,2,299.19,6.22,D,2
20.80687,85.25971,332.63,0.5,0.41,2026-05-29,749,N20,VIIRS,n,2,300.18,5.31,D,2
19.01468,73.14886,332.45,0.63,0.54,2026-05-29,750,N20,VIIRS,l,2,304.05,4.93,D,0
19.01648,73.14735,334.53,0.63,0.54,2026-05-29,750,N20,VIIRS,n,2,303.18,1.47,D,0
19.19604,73.73756,341.31,0.57,0.52,2026-05-29,750,N20,VIIRS,n,2,307.56,4.1,D,0
19.21693,73.39662,333.59,0.6,0.53,2026-05-29,750,N20,VIIRS,l,2,306.2,6.41,D,0
19.28169,73.29419,337.56,0.6,0.53,2026-05-29,750,N20,VIIRS,n,2,307.14,6.11,D,0
19.28497,73.29211,334.22,0.6,0.53,2026-05-29,750,N20,VIIRS,l,2,304.83,2.42,D,0
19.34848,73.98097,342.48,0.54,0.51,2026-05-29,750,N20,VIIRS,n,2,311.47,5.37,D,0
19.37033,71.35386,352.13,0.4,0.6,2026-05-29,750,N20,VIIRS,n,2,296.2,6.76,D,3
19.37337,75.65456,337.92,0.43,0.46,2026-05-29,750,N20,VIIRS,l,2,312.48,3.27,D,0
19.39107,73.32077,336.12,0.6,0.53,2026-05-29,750,N20,VIIRS,n,2,304.39,6.46,D,0
19.39316,73.3124,334.05,0.6,0.53,2026-05-29,750,N20,VIIRS,l,2,304.27,3.32,D,0
19.3943,73.31799,331.21,0.6,0.53,2026-05-29,750,N20,VIIRS,l,2,303.8,3.32,D,0
19.39476,73.3141,332.87,0.6,0.53,2026-05-29,750,N20,VIIRS,l,2,304.18,3.65,D,0
19.51736,73.45963,341.16,0.58,0.52,2026-05-29,750,N20,VIIRS,n,2,307.53,10.17,D,0
19.51741,73.45795,340.69,0.58,0.52,2026-05-29,750,N20,VIIRS,n,2,306.48,7.15,D,0
19.5362,73.37966,348.15,0.59,0.53,2026-05-29,750,N20,VIIRS,n,2,308.3,15.55,D,0
19.59219,74.90894,340.06,0.47,0.48,2026-05-29,750,N20,VIIRS,l,2,310.47,2.16,D,0
19.59315,74.90599,336.81,0.47,0.48,2026-05-29,750,N20,VIIRS,l,2,310,2.76,D,0
19.59564,73.08653,337.94,0.61,0.54,2026-05-29,750,N20,VIIRS,n,2,304.82,7.48,D,0
19.65156,73.28772,336.31,0.6,0.53,2026-05-29,750,N20,VIIRS,l,2,307.14,10.89,D,0
19.65529,73.38013,331.99,0.59,0.53,2026-05-29,750,N20,VIIRS,l,2,305.19,3.03,D,0
19.70981,77.95624,339.74,0.47,0.4,2026-05-29,750,N20,VIIRS,l,2,313.74,7.86,D,0
19.72128,73.78049,333.25,0.55,0.51,2026-05-29,750,N20,VIIRS,l,2,307.57,2.66,D,0
19.7598,73.65756,334.94,0.56,0.52,2026-05-29,750,N20,VIIRS,l,2,305.24,2.3,D,0
19.79636,78.00408,339.68,0.47,0.4,2026-05-29,750,N20,VIIRS,l,2,314.3,6.3,D,0
19.85571,78.43848,340.28,0.45,0.39,2026-05-29,750,N20,VIIRS,l,2,314.83,8.11,D,0
19.86766,76.23741,348.19,0.39,0.44,2026-05-29,750,N20,VIIRS,n,2,317.44,6.05,D,0
19.8817,74.75583,337.37,0.48,0.48,2026-05-29,750,N20,VIIRS,l,2,311.48,3.2,D,0
19.88271,74.75702,336.52,0.47,0.48,2026-05-29,750,N20,VIIRS,l,2,311.32,3.76,D,0
19.93595,76.03999,345.54,0.4,0.44,2026-05-29,750,N20,VIIRS,n,2,314.43,7.42,D,0
19.93876,78.62683,343.04,0.44,0.38,2026-05-29,750,N20,VIIRS,l,2,317.62,3.42,D,0
19.96312,78.17743,342.74,0.46,0.39,2026-05-29,750,N20,VIIRS,l,2,316.1,1.61,D,0
19.96406,78.17574,342.15,0.46,0.39,2026-05-29,750,N20,VIIRS,l,2,315.37,1.36,D,0
19.98913,73.50712,342.54,0.57,0.52,2026-05-29,750,N20,VIIRS,n,2,308.12,4.97,D,0
20.02174,79.81767,347.95,0.4,0.37,2026-05-29,750,N20,VIIRS,l,2,316.51,8.23,D,0
20.06559,79.23193,349.2,0.42,0.37,2026-05-29,750,N20,VIIRS,l,2,316.6,9.77,D,0
20.07447,78.08482,341.72,0.46,0.39,2026-05-29,750,N20,VIIRS,l,2,315.9,9.19,D,0
20.08102,79.06954,341.58,0.42,0.38,2026-05-29,750,N20,VIIRS,l,2,315.67,5.32,D,0
20.14159,73.81618,340.96,0.54,0.51,2026-05-29,750,N20,VIIRS,n,2,308.76,4.33,D,0
20.14185,73.81351,342.92,0.54,0.51,2026-05-29,750,N20,VIIRS,n,2,309.23,4,D,0
20.14438,79.19776,347.99,0.42,0.37,2026-05-29,750,N20,VIIRS,n,2,314.25,7.96,D,0
20.14504,79.20171,346.63,0.42,0.37,2026-05-29,750,N20,VIIRS,l,2,314.21,7.52,D,0
20.14569,79.20567,347.32,0.42,0.37,2026-05-29,750,N20,VIIRS,n,2,312.46,7.52,D,0
20.14845,79.20108,338.05,0.42,0.37,2026-05-29,750,N20,VIIRS,l,2,311.86,3.4,D,0
20.15975,79.5284,342.31,0.41,0.37,2026-05-29,750,N20,VIIRS,l,2,313.75,8.01,D,0
20.16016,80.59577,345.7,0.39,0.36,2026-05-29,750,N20,VIIRS,l,2,316.64,7.85,D,0
20.16037,79.53228,356.1,0.41,0.37,2026-05-29,750,N20,VIIRS,n,2,314.3,8.01,D,0
20.16312,79.52777,352.33,0.41,0.37,2026-05-29,750,N20,VIIRS,n,2,324.65,27.8,D,0
20.16375,79.53165,367,0.41,0.37,2026-05-29,750,N20,VIIRS,l,2,326.03,27.8,D,0
20.16438,79.53551,338.77,0.41,0.37,2026-05-29,750,N20,VIIRS,l,2,309.65,8.08,D,0
20.16503,78.61087,350.5,0.44,0.38,2026-05-29,750,N20,VIIRS,l,2,317.31,3.31,D,0
20.1665,79.52715,352.59,0.41,0.37,2026-05-29,750,N20,VIIRS,n,2,316.73,27.8,D,0
20.16713,79.53102,350.19,0.41,0.37,2026-05-29,750,N20,VIIRS,n,2,313.63,27.8,D,0
20.16988,79.52653,349.03,0.41,0.37,2026-05-29,750,N20,VIIRS,n,2,317.72,43.77,D,0
20.17051,79.5304,367,0.41,0.37,2026-05-29,750,N20,VIIRS,h,2,333.16,43.77,D,0
20.17114,79.53428,340.85,0.41,0.37,2026-05-29,750,N20,VIIRS,n,2,312.12,23.59,D,0
20.1786,78.39279,342.61,0.45,0.39,2026-05-29,750,N20,VIIRS,l,2,316.24,2.64,D,0
20.18493,80.25651,355.04,0.39,0.36,2026-05-29,750,N20,VIIRS,n,2,313.35,6.71,D,0
20.24857,77.57448,343.49,0.49,0.4,2026-05-29,750,N20,VIIRS,l,2,317.49,2.93,D,0
20.25298,79.6661,340.58,0.4,0.37,2026-05-29,750,N20,VIIRS,l,2,315.46,6.82,D,0
20.26947,78.13414,344.13,0.46,0.39,2026-05-29,750,N20,VIIRS,l,2,316.3,9.42,D,0
20.30467,73.61362,339.37,0.55,0.51,2026-05-29,750,N20,VIIRS,n,2,306.46,2.38,D,0
20.30601,73.94796,339.38,0.52,0.5,2026-05-29,750,N20,VIIRS,n,2,308.85,2.5,D,0
20.30699,73.61586,332.07,0.55,0.51,2026-05-29,750,N20,VIIRS,l,2,305.41,1.84,D,0
20.33682,79.843,339.49,0.4,0.37,2026-05-29,750,N20,VIIRS,l,2,313.55,2.01,D,0
20.35071,81.50113,339.12,0.38,0.36,2026-05-29,750,N20,VIIRS,l,2,313.6,2.92,D,0
20.354,81.50058,339.3,0.38,0.36,2026-05-29,750,N20,VIIRS,l,2,313.13,2.92,D,0
20.36175,73.63351,333.12,0.55,0.51,2026-05-29,750,N20,VIIRS,l,2,307.89,2.47,D,0
20.36702,75.73958,343.53,0.41,0.45,2026-05-29,750,N20,VIIRS,l,2,315.96,12.22,D,0
20.36717,81.49833,342.03,0.38,0.36,2026-05-29,750,N20,VIIRS,l,2,312.9,4.46,D,0
20.37243,79.56067,347.43,0.41,0.37,2026-05-29,750,N20,VIIRS,l,2,315.88,7.44,D,0
20.42646,75.00845,344.4,0.45,0.47,2026-05-29,750,N20,VIIRS,n,2,314.42,7.25,D,0
20.43094,82.10439,340.44,0.39,0.36,2026-05-29,750,N20,VIIRS,l,2,312.16,2.63,D,0
20.48385,82.0726,340.34,0.39,0.36,2026-05-29,750,N20,VIIRS,l,2,311.74,3.14,D,0
20.49771,81.41572,343.41,0.38,0.36,2026-05-29,750,N20,VIIRS,n,2,312.77,9.84,D,0
20.50101,81.41516,339.44,0.38,0.36,2026-05-29,750,N20,VIIRS,l,2,310.82,3.4,D,0
20.50806,73.45479,331.2,0.56,0.51,2026-05-29,750,N20,VIIRS,l,2,304.93,1.54,D,0
20.50972,73.4521,331.74,0.56,0.51,2026-05-29,750,N20,VIIRS,l,2,306.13,1.65,D,0
20.51077,81.34605,338.87,0.38,0.36,2026-05-29,750,N20,VIIRS,l,2,312.44,4.53,D,0
20.51406,81.34549,342.02,0.38,0.36,2026-05-29,750,N20,VIIRS,l,2,312.36,4.53,D,0
20.51434,79.49944,345.23,0.41,0.37,2026-05-29,750,N20,VIIRS,l,2,316.8,8.53,D,0
20.52996,79.27659,342.1,0.41,0.37,2026-05-29,750,N20,VIIRS,l,2,315.64,7.66,D,0
20.56735,73.32693,332.7,0.57,0.52,2026-05-29,750,N20,VIIRS,l,2,305.93,2.07,D,0
20.58714,73.45069,338.46,0.56,0.51,2026-05-29,750,N20,VIIRS,n,2,306.36,2.22,D,0
20.58867,76.28612,341.47,0.56,0.43,2026-05-29,750,N20,VIIRS,l,2,315.21,9.56,D,0
20.58928,79.78888,342.62,0.4,0.37,2026-05-29,750,N20,VIIRS,l,2,316.03,9.17,D,0
20.62523,80.16145,347.31,0.39,0.36,2026-05-29,750,N20,VIIRS,l,2,315.51,9.44,D,0
20.6317,82.1544,348.26,0.39,0.36,2026-05-29,750,N20,VIIRS,n,2,312.6,5.48,D,0
20.63502,82.15385,350.36,0.39,0.36,2026-05-29,750,N20,VIIRS,n,2,314.48,5.48,D,0
20.64216,82.17927,353.25,0.39,0.36,2026-05-29,750,N20,VIIRS,n,2,313.09,9.98,D,0
20.65277,82.1129,343.51,0.39,0.36,2026-05-29,750,N20,VIIRS,n,2,311.84,4.35,D,0
20.66023,80.01659,342.8,0.39,0.37,2026-05-29,750,N20,VIIRS,l,2,317.27,7.44,D,0
20.66054,82.07365,347.87,0.39,0.36,2026-05-29,750,N20,VIIRS,n,2,312.97,10.14,D,0
20.66276,82.06569,338.99,0.39,0.36,2026-05-29,750,N20,VIIRS,l,2,312.1,3.12,D,0
20.66326,82.11495,345.45,0.39,0.36,2026-05-29,750,N20,VIIRS,n,2,312.18,4.4,D,0
20.66331,82.06939,339.85,0.39,0.36,2026-05-29,750,N20,VIIRS,l,2,313.76,3.12,D,0
20.66603,82.11069,339.93,0.39,0.36,2026-05-29,750,N20,VIIRS,l,2,313.45,5.45,D,0
20.67049,76.04601,345.5,0.39,0.44,2026-05-29,750,N20,VIIRS,n,2,314.48,7.44,D,0
20.67375,82.117,338.93,0.39,0.36,2026-05-29,750,N20,VIIRS,l,2,313.1,3.11,D,0
20.70246,73.69691,333.73,0.54,0.5,2026-05-29,750,N20,VIIRS,l,2,306.71,3.25,D,0
20.71128,81.59605,344.93,0.38,0.36,2026-05-29,750,N20,VIIRS,n,2,312.47,15.78,D,0
20.71462,81.66319,340.36,0.39,0.36,2026-05-29,750,N20,VIIRS,l,2,311.95,5.25,D,0
20.71568,81.60282,341.31,0.38,0.36,2026-05-29,750,N20,VIIRS,l,2,312.07,5.34,D,0
20.71842,81.59859,351.22,0.38,0.36,2026-05-29,750,N20,VIIRS,n,2,312.37,10.6,D,0
20.71897,81.60226,353.48,0.38,0.36,2026-05-29,750,N20,VIIRS,n,2,313.08,16.52,D,0
20.72102,79.34649,354.11,0.41,0.37,2026-05-29,750,N20,VIIRS,n,2,317.9,13.51,D,0
20.73545,82.42024,338.8,0.39,0.36,2026-05-29,750,N20,VIIRS,l,2,313.58,6.02,D,0
20.736,82.424,341.53,0.39,0.36,2026-05-29,750,N20,VIIRS,l,2,315.75,6.02,D,0
20.74262,81.21892,340.94,0.38,0.36,2026-05-29,750,N20,VIIRS,l,2,315.29,10.45,D,0
20.74892,75.62486,341.93,0.41,0.45,2026-05-29,750,N20,VIIRS,l,2,314.75,1.35,D,0
20.75592,81.78056,342.86,0.39,0.36,2026-05-29,750,N20,VIIRS,l,2,316.72,8.83,D,0
20.75963,81.77998,347.33,0.39,0.36,2026-05-29,750,N20,VIIRS,n,2,314.89,8.18,D,0
20.76033,81.87799,351.28,0.39,0.36,2026-05-29,750,N20,VIIRS,n,2,315.11,6.72,D,0
20.76308,81.87374,341.23,0.39,0.36,2026-05-29,750,N20,VIIRS,l,2,313.36,6.72,D,0
20.77625,73.61603,343.12,0.54,0.51,2026-05-29,750,N20,VIIRS,n,2,306.36,5.59,D,0
20.78491,82.48453,338.99,0.4,0.37,2026-05-29,750,N20,VIIRS,l,2,312.64,5.19,D,0
20.78646,81.2373,342.43,0.38,0.36,2026-05-29,750,N20,VIIRS,l,2,316.94,6.33,D,0
20.78846,81.16184,342.98,0.38,0.36,2026-05-29,750,N20,VIIRS,l,2,316.84,12.32,D,0
20.7892,81.23308,344.24,0.38,0.36,2026-05-29,750,N20,VIIRS,l,2,317.17,30.33,D,0
20.79095,81.85403,367,0.39,0.36,2026-05-29,750,N20,VIIRS,h,2,316.52,12.68,D,0
20.79249,81.23251,342.89,0.38,0.36,2026-05-29,750,N20,VIIRS,l,2,315.48,6.98,D,0
20.79368,81.87247,340.97,0.39,0.36,2026-05-29,750,N20,VIIRS,l,2,314.12,9.86,D,0
20.7937,81.84978,344.34,0.39,0.36,2026-05-29,750,N20,VIIRS,n,2,314.22,9.03,D,0
20.79699,81.87191,342.61,0.39,0.36,2026-05-29,750,N20,VIIRS,l,2,315.66,9.86,D,0
20.79868,81.81493,339.9,0.39,0.36,2026-05-29,750,N20,VIIRS,l,2,314.82,5.91,D,0
20.79881,82.48612,337.64,0.4,0.37,2026-05-29,750,N20,VIIRS,l,2,311.97,2.31,D,0
20.80161,82.48181,342.84,0.4,0.37,2026-05-29,750,N20,VIIRS,n,2,311.59,2.75,D,0
20.80196,81.85973,349.24,0.39,0.36,2026-05-29,750,N20,VIIRS,n,2,316.45,12.51,D,0
20.80961,81.27839,344.19,0.38,0.36,2026-05-29,750,N20,VIIRS,l,2,317.75,3.29,D,0
20.81062,73.71557,335.03,0.53,0.5,2026-05-29,750,N20,VIIRS,l,2,306.31,1.68,D,0
20.81081,81.73738,349.19,0.39,0.36,2026-05-29,750,N20,VIIRS,n,2,315.48,6.62,D,0
20.81356,81.73315,346.16,0.39,0.36,2026-05-29,750,N20,VIIRS,l,2,317.05,7.62,D,0
20.82078,84.29849,339.4,0.45,0.39,2026-05-29,750,N20,VIIRS,l,2,309.6,8.82,D,0
20.8229,82.20964,343.26,0.39,0.36,2026-05-29,750,N20,VIIRS,l,2,315.43,6.06,D,0
20.82623,82.20908,348.25,0.39,0.36,2026-05-29,750,N20,VIIRS,n,2,315.06,6.06,D,0
20.82677,82.21282,342.27,0.39,0.36,2026-05-29,750,N20,VIIRS,l,2,314.61,9.32,D,0
20.82948,82.46182,345.79,0.39,0.37,2026-05-29,750,N20,VIIRS,n,2,314.5,7.19,D,0
20.83003,82.46558,343.05,0.39,0.37,2026-05-29,750,N20,VIIRS,l,2,313.73,5.7,D,0
20.83546,81.09358,348.13,0.38,0.36,2026-05-29,750,N20,VIIRS,n,2,316.91,5.78,D,0
20.83786,73.56493,336.47,0.54,0.51,2026-05-29,750,N20,VIIRS,n,2,305.13,2.29,D,0
20.83887,81.76661,350.57,0.39,0.36,2026-05-29,750,N20,VIIRS,n,2,316.38,18.58,D,0
20.84403,84.2554,339.83,0.45,0.39,2026-05-29,750,N20,VIIRS,n,2,308.84,9.18,D,0
20.84517,81.22343,345.92,0.38,0.36,2026-05-29,750,N20,VIIRS,l,2,318.88,12.78,D,0
20.8456,81.47134,341.75,0.38,0.36,2026-05-29,750,N20,VIIRS,l,2,313.69,11.57,D,0
20.85373,81.86617,342.38,0.39,0.36,2026-05-29,750,N20,VIIRS,l,2,316.79,8.1,D,0
20.85374,81.77544,340.5,0.39,0.36,2026-05-29,750,N20,VIIRS,l,2,313.21,3.19,D,0
20.85402,82.14338,341.39,0.39,0.36,2026-05-29,750,N20,VIIRS,l,2,313.79,3.92,D,0
20.85613,81.654,349.19,0.39,0.36,2026-05-29,750,N20,VIIRS,n,2,316.99,14.3,D,0
20.85735,82.14283,339.34,0.39,0.36,2026-05-29,750,N20,VIIRS,l,2,311.53,3.92,D,0
20.86107,81.04031,355.28,0.38,0.36,2026-05-29,750,N20,VIIRS,n,2,317.38,15.18,D,0
20.86125,82.12312,353.98,0.39,0.36,2026-05-29,750,N20,VIIRS,n,2,314.43,7.29,D,0
20.8618,82.12684,348.78,0.39,0.36,2026-05-29,750,N20,VIIRS,n,2,313.42,7.29,D,0
20.86234,82.13056,339.32,0.39,0.36,2026-05-29,750,N20,VIIRS,l,2,311.72,4.98,D,0
20.86386,84.98859,333.82,0.49,0.4,2026-05-29,750,N20,VIIRS,n,2,300.13,2.91,D,2
20.86414,75.36206,350.01,0.42,0.45,2026-05-29,750,N20,VIIRS,n,2,317.37,14.66,D,0
20.86418,81.95915,341.75,0.39,0.36,2026-05-29,750,N20,VIIRS,l,2,313.77,5.86,D,0
20.86449,84.99332,334,0.49,0.4,2026-05-29,750,N20,VIIRS,n,2,299.14,4.16,D,2
20.86457,82.12257,345.8,0.39,0.36,2026-05-29,750,N20,VIIRS,n,2,314.12,10.07,D,0
20.86621,82.13373,346.51,0.39,0.36,2026-05-29,750,N20,VIIRS,n,2,313.08,6.18,D,0
20.86731,82.14118,340.3,0.39,0.36,2026-05-29,750,N20,VIIRS,l,2,314.12,7.92,D,0
20.86898,82.12946,341.63,0.39,0.36,2026-05-29,750,N20,VIIRS,l,2,314.97,6.18,D,0
20.87559,82.15125,350,0.39,0.36,2026-05-29,750,N20,VIIRS,n,2,316.72,5.2,D,0
20.87633,81.90403,350.67,0.39,0.36,2026-05-29,750,N20,VIIRS,n,2,317.27,11.82,D,0
20.87819,81.03732,344.52,0.38,0.36,2026-05-29,750,N20,VIIRS,n,2,313.8,8.98,D,0
20.87891,82.1507,341.42,0.39,0.36,2026-05-29,750,N20,VIIRS,l,2,314.27,5.2,D,0
20.87946,82.15443,339.75,0.39,0.36,2026-05-29,750,N20,VIIRS,l,2,313.92,5.2,D,0
20.87963,81.90347,344.71,0.39,0.36,2026-05-29,750,N20,VIIRS,l,2,317.5,7.84,D,0
20.88198,81.01791,344.43,0.38,0.36,2026-05-29,750,N20,VIIRS,l,2,317.44,8.19,D,0
20.88452,84.9824,340.6,0.49,0.4,2026-05-29,750,N20,VIIRS,n,2,300.44,6.29,D,2
20.88581,81.02095,345.19,0.38,0.36,2026-05-29,750,N20,VIIRS,l,2,318.1,8.19,D,0
20.88599,84.98544,338.45,0.49,0.4,2026-05-29,750,N20,VIIRS,n,2,300.9,7.98,D,2
20.89454,81.86661,343.04,0.39,0.36,2026-05-29,750,N20,VIIRS,l,2,315.63,11.08,D,0
20.89759,81.34595,347.33,0.38,0.36,2026-05-29,750,N20,VIIRS,n,2,317.05,5.63,D,0
20.89926,81.35694,342.46,0.38,0.36,2026-05-29,750,N20,VIIRS,l,2,316.95,2.61,D,0
20.90608,81.17536,348.38,0.38,0.36,2026-05-29,750,N20,VIIRS,n,2,314.51,10.05,D,0
20.91171,79.80415,340.38,0.4,0.37,2026-05-29,750,N20,VIIRS,l,2,314.75,8.48,D,0
20.91379,81.18155,344.8,0.38,0.36,2026-05-29,750,N20,VIIRS,l,2,315.13,9.8,D,0
20.9162,82.40533,340.26,0.39,0.36,2026-05-29,750,N20,VIIRS,l,2,313.13,5.37,D,0
20.91657,81.02312,343.33,0.38,0.36,2026-05-29,750,N20,VIIRS,l,2,316.2,5.42,D,0
20.92081,82.02158,346.43,0.39,0.36,2026-05-29,750,N20,VIIRS,n,2,315.55,12.83,D,0
20.92199,81.16885,339.35,0.38,0.36,2026-05-29,750,N20,VIIRS,l,2,314.02,8.31,D,0
20.92221,81.25904,342.25,0.38,0.36,2026-05-29,750,N20,VIIRS,l,2,316.21,1.75,D,0
20.92342,82.408,343.23,0.39,0.37,2026-05-29,750,N20,VIIRS,n,2,313.07,6.11,D,0
20.92528,81.16828,343.09,0.38,0.36,2026-05-29,750,N20,VIIRS,l,2,315.86,9.38,D,0
20.9262,82.40368,342.11,0.39,0.36,2026-05-29,750,N20,VIIRS,l,2,313.35,4.62,D,0
20.92647,81.89912,346.17,0.39,0.36,2026-05-29,750,N20,VIIRS,l,2,317.62,13.36,D,0
20.92708,82.52734,339.95,0.4,0.37,2026-05-29,750,N20,VIIRS,l,2,312.78,5.68,D,0
20.93043,82.5268,344.72,0.4,0.37,2026-05-29,750,N20,VIIRS,l,2,314.78,5.14,D,0
20.93098,82.53059,345.72,0.4,0.37,2026-05-29,750,N20,VIIRS,n,2,313.8,5.14,D,0
20.93153,82.53438,349.26,0.4,0.37,2026-05-29,750,N20,VIIRS,n,2,315.27,9.4,D,0
20.94116,83.06782,342.02,0.41,0.37,2026-05-29,750,N20,VIIRS,l,2,314.37,7.33,D,0
20.94666,78.46326,341.76,0.44,0.38,2026-05-29,750,N20,VIIRS,l,2,312.25,8.48,D,0
20.95155,81.14118,340.86,0.38,0.36,2026-05-29,750,N20,VIIRS,l,2,314.99,6.9,D,0
20.9601,85.18773,333.87,0.5,0.41,2026-05-29,750,N20,VIIRS,n,2,301.63,7.27,D,2
20.96135,85.16811,332.05,0.5,0.41,2026-05-29,750,N20,VIIRS,n,2,300.14,4.3,D,2
20.96197,85.17286,334.81,0.5,0.41,2026-05-29,750,N20,VIIRS,n,2,299.35,3.13,D,2
20.96321,85.1824,331.19,0.5,0.41,2026-05-29,750,N20,VIIRS,n,2,300.07,5.33,D,2
20.96383,85.18719,348.42,0.5,0.41,2026-05-29,750,N20,VIIRS,n,2,301.88,5.33,D,2
20.96445,85.19202,332.41,0.5,0.41,2026-05-29,750,N20,VIIRS,n,2,301.71,4.52,D,2
20.96508,85.16759,335.89,0.5,0.41,2026-05-29,750,N20,VIIRS,n,2,298.82,4.3,D,2
20.9657,85.17234,330.91,0.5,0.41,2026-05-29,750,N20,VIIRS,n,2,298.67,3.13,D,2
20.96632,85.17709,332.8,0.5,0.41,2026-05-29,750,N20,VIIRS,n,2,298.7,3.13,D,2
20.96696,85.1528,338.83,0.5,0.41,2026-05-29,750,N20,VIIRS,n,2,300.68,5.9,D,2
20.96865,80.89713,350.7,0.38,0.36,2026-05-29,750,N20,VIIRS,n,2,315,9.09,D,0
20.96943,85.17182,338.01,0.5,0.41,2026-05-29,750,N20,VIIRS,n,2,299.86,5.22,D,2
20.97005,85.17657,351.71,0.5,0.41,2026-05-29,750,N20,VIIRS,n,2,300.87,5.22,D,2
20.97068,85.15229,337.36,0.5,0.41,2026-05-29,750,N20,VIIRS,n,2,300.52,5.9,D,2
20.97124,78.11657,342.74,0.45,0.39,2026-05-29,750,N20,VIIRS,l,2,316.95,27.76,D,0
20.9713,85.15704,337.79,0.5,0.41,2026-05-29,750,N20,VIIRS,n,2,298.22,5.9,D,0
20.97378,85.17606,331.55,0.5,0.41,2026-05-29,750,N20,VIIRS,n,2,298.63,5.22,D,2
20.97477,78.11588,345.28,0.45,0.39,2026-05-29,750,N20,VIIRS,l,2,317.74,14.68,D,0
20.97523,80.89597,342.26,0.38,0.36,2026-05-29,750,N20,VIIRS,l,2,315.69,9.82,D,0
20.97654,83.06665,344.02,0.41,0.37,2026-05-29,750,N20,VIIRS,l,2,314.64,11.6,D,0
20.97689,85.17078,333.01,0.5,0.41,2026-05-29,750,N20,VIIRS,n,2,298.79,3.91,D,2
20.97909,80.89907,346.94,0.38,0.36,2026-05-29,750,N20,VIIRS,n,2,316.25,5.26,D,0
20.97985,80.94789,346.88,0.38,0.36,2026-05-29,750,N20,VIIRS,n,2,316.61,8.11,D,0
20.97999,85.13643,333.49,0.49,0.41,2026-05-29,750,N20,VIIRS,n,2,297.8,4.84,D,2
20.98181,80.89483,343.95,0.38,0.36,2026-05-29,750,N20,VIIRS,n,2,313.7,5.26,D,0
20.98198,82.13715,341.25,0.39,0.36,2026-05-29,750,N20,VIIRS,l,2,313.21,3.7,D,0
20.98238,80.8985,346.22,0.38,0.36,2026-05-29,750,N20,VIIRS,l,2,316.65,5.26,D,0
20.98372,73.14471,330.11,0.57,0.52,2026-05-29,750,N20,VIIRS,l,2,304.48,6.34,D,0
20.98624,80.90159,344.48,0.38,0.36,2026-05-29,750,N20,VIIRS,n,2,313.44,5.23,D,0
20.98746,73.14541,331.65,0.57,0.52,2026-05-29,750,N20,VIIRS,l,2,303.72,4.86,D,0
21.00144,82.41048,345.22,0.39,0.37,2026-05-29,750,N20,VIIRS,n,2,311.74,4.72,D,0
21.00174,82.50723,341.52,0.4,0.37,2026-05-29,750,N20,VIIRS,l,2,313.54,5.79,D,0
21.00433,82.35981,340.01,0.39,0.36,2026-05-29,750,N20,VIIRS,l,2,310.93,4.7,D,0
21.01012,81.1232,340.72,0.38,0.36,2026-05-29,750,N20,VIIRS,l,2,313.39,5.97,D,0
21.01306,80.20281,349.26,0.39,0.36,2026-05-29,750,N20,VIIRS,n,2,311.15,5.62,D,0
21.01365,80.20651,340.51,0.39,0.36,2026-05-29,750,N20,VIIRS,n,2,309.06,2.75,D,0
21.01637,80.2022,340.76,0.39,0.36,2026-05-29,750,N20,VIIRS,n,2,309.56,5.62,D,0
21.01828,82.57452,340.4,0.4,0.37,2026-05-29,750,N20,VIIRS,l,2,313.07,5.17,D,0
21.02027,80.20531,333.63,0.39,0.36,2026-05-29,750,N20,VIIRS,l,2,308.62,2.19,D,0
21.02315,83.37483,347.19,0.42,0.38,2026-05-29,750,N20,VIIRS,n,2,313.49,8.53,D,0
21.02457,82.17216,346.71,0.39,0.36,2026-05-29,750,N20,VIIRS,n,2,314.19,7.69,D,0
21.02855,81.99232,348.27,0.39,0.36,2026-05-29,750,N20,VIIRS,n,2,315.5,12.46,D,0
21.03068,81.2137,342.5,0.38,0.36,2026-05-29,750,N20,VIIRS,l,2,316.72,7.25,D,0
21.03148,80.95393,341.58,0.38,0.36,2026-05-29,750,N20,VIIRS,l,2,313.81,42.78,D,0
21.0343,80.97221,343.61,0.38,0.36,2026-05-29,750,N20,VIIRS,l,2,314.85,5.47,D,0
21.03558,76.25401,342.65,0.55,0.43,2026-05-29,750,N20,VIIRS,n,2,313.5,6.36,D,0
21.0356,76.25162,340.71,0.55,0.43,2026-05-29,750,N20,VIIRS,l,2,313.23,5.91,D,0
21.04198,82.4541,340.53,0.4,0.37,2026-05-29,750,N20,VIIRS,l,2,312.93,6.43,D,0
21.04367,82.44221,339.68,0.4,0.37,2026-05-29,750,N20,VIIRS,l,2,313.17,5.12,D,0
21.05384,82.84745,349.66,0.4,0.37,2026-05-29,750,N20,VIIRS,n,2,317.51,12.91,D,0
21.05531,82.1749,338.29,0.39,0.36,2026-05-29,750,N20,VIIRS,l,2,310.85,4.38,D,0
21.05585,82.17865,339.42,0.39,0.36,2026-05-29,750,N20,VIIRS,l,2,311.07,4.38,D,0
21.05749,82.18987,347.55,0.39,0.36,2026-05-29,750,N20,VIIRS,n,2,311.32,6.96,D,0
21.0602,83.08947,348.25,0.41,0.37,2026-05-29,750,N20,VIIRS,n,2,313.7,9.46,D,0
21.06065,76.12539,339.69,0.56,0.43,2026-05-29,750,N20,VIIRS,l,2,312.03,2.9,D,0
21.06082,82.18932,340.74,0.39,0.36,2026-05-29,750,N20,VIIRS,l,2,311.09,6.96,D,0
21.06136,82.19305,338.13,0.39,0.36,2026-05-29,750,N20,VIIRS,l,2,308.28,6.96,D,0
21.07179,82.63605,340.31,0.4,0.37,2026-05-29,750,N20,VIIRS,l,2,312.52,4.98,D,0
21.07751,80.80969,340.25,0.38,0.36,2026-05-29,750,N20,VIIRS,l,2,314.35,7.43,D,0
21.07803,82.40201,337.59,0.39,0.37,2026-05-29,750,N20,VIIRS,l,2,311.09,5.22,D,0
21.08532,82.10105,344.85,0.39,0.36,2026-05-29,750,N20,VIIRS,n,2,314.24,16.23,D,0
21.0871,81.95206,342.83,0.39,0.36,2026-05-29,750,N20,VIIRS,l,2,315.46,18.4,D,0
21.0922,75.19707,350.04,0.42,0.46,2026-05-29,750,N20,VIIRS,n,2,316.27,33.32,D,0
21.09962,82.17521,344.68,0.39,0.36,2026-05-29,750,N20,VIIRS,n,2,313.05,9.77,D,0
21.10016,82.17895,341.82,0.39,0.36,2026-05-29,750,N20,VIIRS,n,2,311.46,9.77,D,0
21.10066,82.78849,341.5,0.4,0.37,2026-05-29,750,N20,VIIRS,l,2,312.82,7.94,D,0
21.10191,72.63896,342.09,0.61,0.54,2026-05-29,750,N20,VIIRS,n,2,301.7,9.19,D,2
21.10294,82.17464,343.39,0.39,0.36,2026-05-29,750,N20,VIIRS,n,2,312.86,6.6,D,0
21.10312,72.64472,338.3,0.61,0.54,2026-05-29,750,N20,VIIRS,n,2,302.56,9.64,D,2
21.10322,72.63531,342.53,0.61,0.54,2026-05-29,750,N20,VIIRS,n,2,301.68,8.14,D,2
21.10457,82.63498,343.39,0.4,0.37,2026-05-29,750,N20,VIIRS,n,2,311.91,5.9,D,0
21.10512,82.63882,339.15,0.4,0.37,2026-05-29,750,N20,VIIRS,l,2,311.12,4.22,D,0
21.10556,72.64686,342.82,0.61,0.54,2026-05-29,750,N20,VIIRS,n,2,302.55,12,D,2
21.10806,82.02474,348.87,0.39,0.36,2026-05-29,750,N20,VIIRS,n,2,314.89,11.18,D,0
21.11138,82.02419,342.95,0.39,0.36,2026-05-29,750,N20,VIIRS,l,2,313.22,11.18,D,0
21.12075,82.06459,350.55,0.39,0.36,2026-05-29,750,N20,VIIRS,n,2,312.28,4.79,D,0
21.12131,82.06831,352.2,0.39,0.36,2026-05-29,750,N20,VIIRS,n,2,312.12,4.79,D,0
21.12407,82.06404,340.07,0.39,0.36,2026-05-29,750,N20,VIIRS,l,2,312.7,4.79,D,0
21.13438,71.20608,333.74,0.38,0.59,2026-05-29,750,N20,VIIRS,l,2,305.07,1.24,D,0
21.13769,71.20495,334.42,0.38,0.59,2026-05-29,750,N20,VIIRS,l,2,306.25,1.71,D,0
21.14374,74.91882,348.14,0.44,0.46,2026-05-29,750,N20,VIIRS,n,2,312.74,13.53,D,0
21.14404,78.29807,343.9,0.44,0.38,2026-05-29,750,N20,VIIRS,l,2,315.97,7.38,D,0
21.15208,82.3705,339.77,0.39,0.37,2026-05-29,750,N20,VIIRS,l,2,314.26,4.49,D,0
21.15494,82.81963,344.79,0.4,0.37,2026-05-29,750,N20,VIIRS,n,2,311.61,5.51,D,0
21.15542,82.36995,345.67,0.39,0.37,2026-05-29,750,N20,VIIRS,n,2,313.08,4.49,D,0
21.15776,82.81522,341.79,0.4,0.37,2026-05-29,750,N20,VIIRS,l,2,312.6,6.63,D,0
21.15831,82.81909,350.73,0.4,0.37,2026-05-29,750,N20,VIIRS,n,2,312.98,5.51,D,0
21.16087,81.9928,367,0.39,0.36,2026-05-29,750,N20,VIIRS,h,2,316.68,15.01,D,0
21.16136,82.04234,342.59,0.39,0.36,2026-05-29,750,N20,VIIRS,l,2,314.78,11.23,D,0
21.17864,82.50578,336.4,0.4,0.37,2026-05-29,750,N20,VIIRS,l,2,310.72,3.36,D,0
21.1792,82.50959,344.63,0.4,0.37,2026-05-29,750,N20,VIIRS,n,2,312.12,5.81,D,0
21.18243,82.8429,344.77,0.4,0.37,2026-05-29,750,N20,VIIRS,n,2,314.28,6.84,D,0
21.18371,79.59428,341.88,0.4,0.37,2026-05-29,750,N20,VIIRS,l,2,315.78,9.14,D,0
21.18526,82.83847,349.28,0.4,0.37,2026-05-29,750,N20,VIIRS,n,2,313.78,9,D,0
21.18531,82.52805,342.8,0.4,0.37,2026-05-29,750,N20,VIIRS,n,2,312.55,6.6,D,0
21.18922,82.53132,338.67,0.4,0.37,2026-05-29,750,N20,VIIRS,l,2,310.32,2.7,D,0
21.19378,75.26746,339.44,0.42,0.45,2026-05-29,750,N20,VIIRS,l,2,312.57,4.83,D,0
21.19718,82.40554,340.92,0.4,0.37,2026-05-29,750,N20,VIIRS,l,2,314.43,5.97,D,0
21.20229,82.36983,340.14,0.39,0.37,2026-05-29,750,N20,VIIRS,l,2,312.49,6.01,D,0
21.20461,82.52876,337.47,0.4,0.37,2026-05-29,750,N20,VIIRS,l,2,312.21,4.01,D,0
21.2094,82.41906,342.67,0.4,0.37,2026-05-29,750,N20,VIIRS,n,2,312.33,5.64,D,0
21.21355,82.30615,339.04,0.39,0.36,2026-05-29,750,N20,VIIRS,l,2,313.57,4.63,D,0
21.21688,82.3056,342.03,0.39,0.36,2026-05-29,750,N20,VIIRS,l,2,313.06,5.66,D,0
21.21918,82.51079,340.54,0.4,0.37,2026-05-29,750,N20,VIIRS,l,2,311.96,3.9,D,0
21.22308,82.68233,339.75,0.4,0.37,2026-05-29,750,N20,VIIRS,l,2,312.88,4.78,D,0
21.22342,82.3741,341.67,0.39,0.37,2026-05-29,750,N20,VIIRS,l,2,314.36,6.22,D,0
21.22393,75.62701,337.53,0.4,0.44,2026-05-29,750,N20,VIIRS,l,2,310.33,2.6,D,0
21.22406,78.1701,344.06,0.44,0.39,2026-05-29,750,N20,VIIRS,l,2,317.59,14.7,D,0
21.22971,82.27649,350.18,0.39,0.36,2026-05-29,750,N20,VIIRS,n,2,314.51,10.43,D,0
21.23304,82.27594,345.05,0.39,0.36,2026-05-29,750,N20,VIIRS,n,2,313.27,13.64,D,0
21.23314,82.51241,348.76,0.4,0.37,2026-05-29,750,N20,VIIRS,n,2,314.39,6.83,D,0
21.23691,82.93354,338.57,0.41,0.37,2026-05-29,750,N20,VIIRS,l,2,310.55,4.59,D,0
21.23818,82.83794,343.08,0.4,0.37,2026-05-29,750,N20,VIIRS,n,2,311.86,4.74,D,0
21.23985,82.85744,354.07,0.41,0.37,2026-05-29,750,N20,VIIRS,n,2,313.65,7.91,D,0
21.24036,82.85346,342.58,0.41,0.37,2026-05-29,750,N20,VIIRS,n,2,312.29,6.66,D,0
21.24041,82.86134,349.3,0.41,0.37,2026-05-29,750,N20,VIIRS,n,2,311.99,9.92,D,0
21.24091,82.85734,367,0.41,0.37,2026-05-29,750,N20,VIIRS,h,2,314.35,6.66,D,0
21.24146,82.86123,347.71,0.41,0.37,2026-05-29,750,N20,VIIRS,n,2,311.95,8.66,D,0
21.25369,82.89905,354.58,0.41,0.37,2026-05-29,750,N20,VIIRS,n,2,311.96,3.79,D,0
21.25424,82.90295,340.53,0.41,0.37,2026-05-29,750,N20,VIIRS,l,2,312.38,3.79,D,0
21.25523,82.9347,340.11,0.41,0.37,2026-05-29,750,N20,VIIRS,l,2,311.36,4.98,D,0
21.25534,82.91073,339.14,0.41,0.37,2026-05-29,750,N20,VIIRS,l,2,310.6,54.38,D,0
21.25544,82.88683,342.09,0.41,0.37,2026-05-29,750,N20,VIIRS,n,2,310.83,4.68,D,0
21.25698,82.92243,341.36,0.41,0.37,2026-05-29,750,N20,VIIRS,n,2,310.96,4.51,D,0
21.25708,82.8985,338.72,0.41,0.37,2026-05-29,750,N20,VIIRS,l,2,310.95,3.79,D,0
21.25971,82.27155,349.74,0.39,0.36,2026-05-29,750,N20,VIIRS,n,2,316.06,8.05,D,0
21.26026,82.27532,349.14,0.39,0.36,2026-05-29,750,N20,VIIRS,n,2,313.91,8.05,D,0
21.26211,82.90964,343.49,0.41,0.37,2026-05-29,750,N20,VIIRS,l,2,313.62,6.68,D,0
21.26233,82.03646,343.74,0.39,0.36,2026-05-29,750,N20,VIIRS,l,2,314.55,15.65,D,0
21.26233,83.26009,341.14,0.42,0.37,2026-05-29,750,N20,VIIRS,n,2,309.55,4.83,D,0
21.26288,82.0402,348.67,0.39,0.36,2026-05-29,750,N20,VIIRS,n,2,314.11,12.62,D,0
21.26304,82.271,355.28,0.39,0.36,2026-05-29,750,N20,VIIRS,n,2,319.26,8.05,D,0
21.26323,79.44553,343.7,0.4,0.37,2026-05-29,750,N20,VIIRS,l,2,315.1,3.07,D,0
21.26415,82.27853,340.66,0.39,0.36,2026-05-29,750,N20,VIIRS,l,2,313.79,5.03,D,0
21.2655,82.90909,353.72,0.41,0.37,2026-05-29,750,N20,VIIRS,n,2,311.3,6.68,D,0
21.26724,82.89685,340.38,0.41,0.37,2026-05-29,750,N20,VIIRS,l,2,310.9,5.11,D,0
21.26966,75.39854,345.18,0.41,0.45,2026-05-29,750,N20,VIIRS,n,2,313.08,8.05,D,0
21.27039,75.40244,344.63,0.41,0.45,2026-05-29,750,N20,VIIRS,n,2,312.43,7.1,D,0
21.27511,82.90354,345.36,0.41,0.37,2026-05-29,750,N20,VIIRS,n,2,312.97,9.01,D,0
21.27591,82.8358,338.29,0.4,0.37,2026-05-29,750,N20,VIIRS,l,2,309.72,3.46,D,0
21.27661,82.79205,348.85,0.4,0.37,2026-05-29,750,N20,VIIRS,n,2,313.17,8.47,D,0
21.27716,82.79593,344.22,0.4,0.37,2026-05-29,750,N20,VIIRS,l,2,315.07,8.47,D,0
21.27879,82.12568,343.91,0.39,0.36,2026-05-29,750,N20,VIIRS,l,2,315.85,10.49,D,0
21.27934,82.12943,343.38,0.39,0.36,2026-05-29,750,N20,VIIRS,l,2,314.17,9.25,D,0
21.28069,74.52234,339.45,0.46,0.47,2026-05-29,750,N20,VIIRS,l,2,313.21,6.58,D,0
21.28839,82.80202,342.37,0.4,0.37,2026-05-29,750,N20,VIIRS,n,2,312.31,6.92,D,0
21.28894,82.8059,342.87,0.4,0.37,2026-05-29,750,N20,VIIRS,n,2,310.75,3.55,D,0
21.29232,82.80535,342.5,0.4,0.37,2026-05-29,750,N20,VIIRS,n,2,311.22,3.55,D,0
21.29584,83.94267,340.82,0.44,0.38,2026-05-29,750,N20,VIIRS,l,2,312.41,7.35,D,0
21.30007,81.60397,345.45,0.39,0.36,2026-05-29,750,N20,VIIRS,n,2,315.4,8.44,D,2
21.30157,82.07202,339.77,0.39,0.36,2026-05-29,750,N20,VIIRS,l,2,314.33,9.78,D,0
21.30732,82.88638,338.76,0.41,0.37,2026-05-29,750,N20,VIIRS,l,2,311.98,3.79,D,0
21.32584,82.1678,342.99,0.39,0.36,2026-05-29,750,N20,VIIRS,l,2,313.44,7.62,D,0
21.32824,82.86308,342.57,0.41,0.37,2026-05-29,750,N20,VIIRS,n,2,311.29,4.28,D,0
21.32864,82.14043,345.7,0.39,0.36,2026-05-29,750,N20,VIIRS,n,2,312.24,8.81,D,0
21.32919,82.14418,346.79,0.39,0.36,2026-05-29,750,N20,VIIRS,n,2,314.42,10.29,D,0
21.33029,82.1517,349.49,0.39,0.36,2026-05-29,750,N20,VIIRS,n,2,312.94,5.41,D,0
21.33107,82.85865,339.85,0.41,0.37,2026-05-29,750,N20,VIIRS,l,2,312.59,4.62,D,0
21.33191,82.66051,343.74,0.4,0.37,2026-05-29,750,N20,VIIRS,l,2,314.29,6.32,D,0
21.33196,82.13988,344.69,0.39,0.36,2026-05-29,750,N20,VIIRS,n,2,314.58,8.81,D,0
21.33252,82.14362,340.29,0.39,0.36,2026-05-29,750,N20,VIIRS,l,2,313.75,10.29,D,0
21.33307,82.14738,342.52,0.39,0.36,2026-05-29,750,N20,VIIRS,l,2,313.97,10.29,D,0
21.33362,82.15113,342.11,0.39,0.36,2026-05-29,750,N20,VIIRS,l,2,313.64,5.41,D,0
21.33407,74.84011,343.24,0.44,0.46,2026-05-29,750,N20,VIIRS,n,2,309.23,6.41,D,0
21.33417,82.15489,343.72,0.39,0.36,2026-05-29,750,N20,VIIRS,l,2,314.33,5.41,D,0
21.33711,82.94949,343.54,0.41,0.37,2026-05-29,750,N20,VIIRS,n,2,308.88,9.97,D,0
21.33746,82.67534,340.16,0.4,0.37,2026-05-29,750,N20,VIIRS,l,2,312.43,6.04,D,0
21.3375,82.15434,340.07,0.39,0.36,2026-05-29,750,N20,VIIRS,l,2,313.15,6.77,D,0
21.33767,82.9534,341.75,0.41,0.37,2026-05-29,750,N20,VIIRS,l,2,311.88,9.97,D,0
21.33805,82.15809,343.1,0.39,0.36,2026-05-29,750,N20,VIIRS,l,2,316.07,5.09,D,0
21.33823,82.95731,339.68,0.41,0.37,2026-05-29,750,N20,VIIRS,n,2,308.8,9.16,D,0
21.33905,82.79382,338.68,0.4,0.37,2026-05-29,750,N20,VIIRS,l,2,310.71,3.62,D,0
21.34037,82.7934,339.66,0.4,0.37,2026-05-29,750,N20,VIIRS,l,2,311.9,4.69,D,0
21.3412,83.45379,346.86,0.42,0.38,2026-05-29,750,N20,VIIRS,n,2,309.43,7.36,D,0
21.34137,82.15754,349.99,0.39,0.36,2026-05-29,750,N20,VIIRS,n,2,313.88,5.09,D,0
21.34193,82.16129,346.95,0.39,0.36,2026-05-29,750,N20,VIIRS,n,2,314.03,5.09,D,0
21.34677,82.91994,341.33,0.41,0.37,2026-05-29,750,N20,VIIRS,l,2,312.87,5.8,D,0
21.35211,82.65723,340.78,0.4,0.37,2026-05-29,750,N20,VIIRS,l,2,311.69,8.29,D,0
21.3562,83.03476,342.01,0.41,0.37,2026-05-29,750,N20,VIIRS,n,2,309.99,4.77,D,0
21.35694,82.9183,345.83,0.41,0.37,2026-05-29,750,N20,VIIRS,n,2,311.94,8.5,D,0
21.35915,81.3182,347.73,0.38,0.36,2026-05-29,750,N20,VIIRS,l,2,318.04,14.46,D,0
21.36245,83.02975,341.29,0.41,0.37,2026-05-29,750,N20,VIIRS,l,2,312.14,4.87,D,0
21.36414,83.04156,349.69,0.41,0.37,2026-05-29,750,N20,VIIRS,n,2,310.42,4.97,D,0
21.36585,83.0292,349.24,0.41,0.37,2026-05-29,750,N20,VIIRS,n,2,310.38,4.87,D,0
21.36739,82.78899,340.71,0.4,0.37,2026-05-29,750,N20,VIIRS,l,2,312.46,5.67,D,0
21.36754,83.04102,338.34,0.41,0.37,2026-05-29,750,N20,VIIRS,l,2,308.76,4.97,D,0
21.36982,83.03259,341.2,0.41,0.37,2026-05-29,750,N20,VIIRS,l,2,311.47,4.84,D,0
21.37081,75.83038,339.13,0.39,0.44,2026-05-29,750,N20,VIIRS,l,2,313.44,4.15,D,0
21.38189,76.55776,344.74,0.53,0.42,2026-05-29,750,N20,VIIRS,l,2,315.36,6.44,D,0
21.38761,75.18247,347.45,0.42,0.45,2026-05-29,750,N20,VIIRS,n,2,313.27,6.77,D,0
21.38893,82.91697,340.74,0.41,0.37,2026-05-29,750,N20,VIIRS,l,2,311.58,7.06,D,0
21.38904,75.18115,342.37,0.42,0.45,2026-05-29,750,N20,VIIRS,l,2,313.09,7.92,D,0
21.38991,84.26598,340.56,0.46,0.39,2026-05-29,750,N20,VIIRS,n,2,309.58,6.58,D,0
21.39745,82.9036,347.89,0.41,0.37,2026-05-29,750,N20,VIIRS,n,2,311.58,25.54,D,0
21.40204,82.64516,337.12,0.4,0.37,2026-05-29,750,N20,VIIRS,l,2,311.85,7.24,D,0
21.40549,83.03482,336.89,0.41,0.37,2026-05-29,750,N20,VIIRS,l,2,307.44,3.97,D,0
21.40856,76.87897,347,0.51,0.41,2026-05-29,750,N20,VIIRS,n,2,315.78,9.36,D,0
21.41095,82.68311,343.3,0.4,0.37,2026-05-29,750,N20,VIIRS,n,2,312.63,5.46,D,0
21.4115,82.68697,344.74,0.4,0.37,2026-05-29,750,N20,VIIRS,n,2,311.19,5.46,D,0
21.41432,82.68257,336.78,0.4,0.37,2026-05-29,750,N20,VIIRS,l,2,310.29,6.2,D,0
21.41487,82.68642,342.61,0.4,0.37,2026-05-29,750,N20,VIIRS,n,2,311.39,6.2,D,0
21.44543,81.35237,339.17,0.38,0.36,2026-05-29,750,N20,VIIRS,l,2,311.94,9.8,D,0
21.44831,74.63956,334.77,0.45,0.47,2026-05-29,750,N20,VIIRS,l,2,308.6,1.79,D,0
21.45042,70.9818,333.77,0.39,0.59,2026-05-29,750,N20,VIIRS,l,2,305.37,0.8,D,0
21.47044,82.27486,337.34,0.39,0.36,2026-05-29,750,N20,VIIRS,l,2,309.92,2.77,D,0
21.47488,82.28187,339.84,0.39,0.37,2026-05-29,750,N20,VIIRS,l,2,310.78,3.76,D,0
21.48045,82.2732,340.19,0.39,0.36,2026-05-29,750,N20,VIIRS,l,2,310.5,3.56,D,0
21.53384,76.64298,348.69,0.52,0.41,2026-05-29,750,N20,VIIRS,n,2,318.34,4.58,D,0
21.53761,76.64225,349.54,0.52,0.41,2026-05-29,750,N20,VIIRS,n,2,316.41,4.58,D,0
21.56711,82.9688,348.14,0.41,0.37,2026-05-29,750,N20,VIIRS,n,2,307.45,5.19,D,0
21.57542,81.40096,348.42,0.38,0.36,2026-05-29,750,N20,VIIRS,n,2,311.7,10.32,D,0
21.57559,82.97952,342.84,0.41,0.37,2026-05-29,750,N20,VIIRS,n,2,307.96,6.48,D,0
21.57615,82.98346,347.5,0.41,0.37,2026-05-29,750,N20,VIIRS,n,2,306.9,5.58,D,0
21.57731,82.96718,342.56,0.41,0.37,2026-05-29,750,N20,VIIRS,n,2,308.97,8.79,D,0
21.57787,82.97111,340.4,0.41,0.37,2026-05-29,750,N20,VIIRS,n,2,307.91,8.79,D,0
21.57871,81.40039,344.19,0.38,0.36,2026-05-29,750,N20,VIIRS,n,2,312.59,12.76,D,0
21.58128,82.97057,341.65,0.41,0.37,2026-05-29,750,N20,VIIRS,n,2,308.07,8.79,D,0
21.5814,82.96708,336.49,0.41,0.37,2026-05-29,750,N20,VIIRS,l,2,307.74,8.6,D,0
21.5824,82.97845,354.37,0.41,0.37,2026-05-29,750,N20,VIIRS,n,2,308.97,10.21,D,0
21.58403,81.6199,342.29,0.39,0.36,2026-05-29,750,N20,VIIRS,n,2,311.36,5.96,D,0
21.61219,81.7178,343.26,0.39,0.36,2026-05-29,750,N20,VIIRS,l,2,314.73,12.46,D,0
21.61568,83.88226,333.72,0.44,0.38,2026-05-29,750,N20,VIIRS,l,2,307.52,5.29,D,3
21.62557,81.57811,343.58,0.39,0.36,2026-05-29,750,N20,VIIRS,l,2,314.57,15.34,D,0
21.63682,83.87903,341.58,0.44,0.38,2026-05-29,750,N20,VIIRS,n,2,305.62,5.78,D,3
21.6473,77.2664,341.99,0.48,0.4,2026-05-29,750,N20,VIIRS,l,2,316.15,3.74,D,0
21.65272,77.17105,354.43,0.49,0.4,2026-05-29,750,N20,VIIRS,n,2,317.95,10.09,D,0
21.66567,80.76908,340.17,0.38,0.36,2026-05-29,750,N20,VIIRS,l,2,312.99,5.09,D,0
21.66827,82.00623,348.93,0.39,0.36,2026-05-29,750,N20,VIIRS,n,2,313.51,3.57,D,0
21.6764,84.03885,336.47,0.45,0.39,2026-05-29,750,N20,VIIRS,l,2,308.68,7.38,D,2
21.6782,83.28609,338.66,0.42,0.38,2026-05-29,750,N20,VIIRS,n,2,305.6,5.71,D,0
21.69788,83.20061,340.27,0.42,0.37,2026-05-29,750,N20,VIIRS,n,2,307.45,6.91,D,0
21.69966,83.16344,345.48,0.42,0.37,2026-05-29,750,N20,VIIRS,n,2,310.91,14.87,D,0
21.70308,83.1629,343.7,0.42,0.37,2026-05-29,750,N20,VIIRS,n,2,311.28,14.87,D,0
21.70651,83.16235,352.64,0.42,0.37,2026-05-29,750,N20,VIIRS,n,2,309.2,12.66,D,0
21.70879,77.3168,349.44,0.48,0.4,2026-05-29,750,N20,VIIRS,n,2,318.89,8.4,D,0
21.71094,82.99497,345.59,0.41,0.37,2026-05-29,750,N20,VIIRS,n,2,309.11,12.81,D,0
21.71308,71.38798,337.91,0.36,0.57,2026-05-29,750,N20,VIIRS,n,2,305.94,1.11,D,0
21.71394,71.38776,336.21,0.36,0.57,2026-05-29,750,N20,VIIRS,n,2,306.08,1.01,D,0
21.71962,83.98395,337.44,0.45,0.39,2026-05-29,750,N20,VIIRS,l,2,309.75,6.36,D,0
21.72755,81.73968,342,0.39,0.36,2026-05-29,750,N20,VIIRS,l,2,313.79,8.8,D,0
21.73079,81.7389,342.87,0.39,0.36,2026-05-29,750,N20,VIIRS,n,2,310.11,12.55,D,0
21.73105,79.0357,340.21,0.41,0.37,2026-05-29,750,N20,VIIRS,l,2,312.84,5.53,D,0
21.74014,83.84248,347.71,0.44,0.38,2026-05-29,750,N20,VIIRS,n,2,309.95,8.38,D,0
21.74331,83.94655,339.57,0.44,0.39,2026-05-29,750,N20,VIIRS,n,2,307.09,6.32,D,0
21.74367,83.84194,343.11,0.44,0.38,2026-05-29,750,N20,VIIRS,n,2,311.17,5.06,D,0
21.74424,83.84621,339.46,0.44,0.38,2026-05-29,750,N20,VIIRS,n,2,307.28,5.06,D,0
21.74732,83.97651,344.17,0.45,0.39,2026-05-29,750,N20,VIIRS,n,2,311,6.92,D,0
21.74739,80.9891,337.23,0.38,0.36,2026-05-29,750,N20,VIIRS,l,2,311.79,4.18,D,0
21.74777,83.84567,344.6,0.44,0.38,2026-05-29,750,N20,VIIRS,n,2,307.87,5.06,D,0
21.75085,83.97594,343.97,0.45,0.39,2026-05-29,750,N20,VIIRS,n,2,310.34,6.92,D,0
21.7509,82.9078,339.98,0.41,0.37,2026-05-29,750,N20,VIIRS,n,2,309.06,9.55,D,0
21.75173,81.76591,341.06,0.39,0.36,2026-05-29,750,N20,VIIRS,l,2,312.34,9.62,D,0
21.75364,84.02389,341.39,0.45,0.39,2026-05-29,750,N20,VIIRS,n,2,308.64,9.34,D,2
21.75565,80.73432,332.59,0.38,0.36,2026-05-29,750,N20,VIIRS,l,2,307.44,3.46,D,0
21.76222,82.91404,348.51,0.41,0.37,2026-05-29,750,N20,VIIRS,n,2,308.63,8.46,D,0
21.76332,81.75249,343.51,0.39,0.36,2026-05-29,750,N20,VIIRS,n,2,312.77,9.94,D,0
21.76343,82.8736,339.91,0.41,0.37,2026-05-29,750,N20,VIIRS,n,2,308.21,9.29,D,0
21.76562,82.91349,354.3,0.41,0.37,2026-05-29,750,N20,VIIRS,n,2,312.8,13.73,D,0
21.76663,81.75192,342.58,0.39,0.36,2026-05-29,750,N20,VIIRS,l,2,313.92,10.3,D,0
21.76877,83.23492,340.37,0.42,0.38,2026-05-29,750,N20,VIIRS,n,2,307.49,7.24,D,0
21.76902,82.91293,338.13,0.41,0.37,2026-05-29,750,N20,VIIRS,l,2,309.73,13.73,D,0
21.76976,82.79638,353.3,0.41,0.37,2026-05-29,750,N20,VIIRS,n,2,313.53,22.07,D,0
21.77032,82.80029,335.57,0.41,0.37,2026-05-29,750,N20,VIIRS,l,2,306.33,6.59,D,0
21.77214,82.73193,338.89,0.41,0.37,2026-05-29,750,N20,VIIRS,n,2,306.84,3.21,D,0
21.77269,82.73582,342.89,0.41,0.37,2026-05-29,750,N20,VIIRS,n,2,307.25,3.94,D,0
21.77315,82.79583,353.83,0.41,0.37,2026-05-29,750,N20,VIIRS,n,2,313.07,22.07,D,0
21.77359,82.79159,342.13,0.41,0.37,2026-05-29,750,N20,VIIRS,n,2,309.49,8.74,D,0
21.77371,82.79974,338.03,0.41,0.37,2026-05-29,750,N20,VIIRS,n,2,307.84,6.59,D,0
21.77375,81.84635,344.94,0.39,0.36,2026-05-29,750,N20,VIIRS,n,2,311.23,5.52,D,0
21.77414,82.7955,354.43,0.41,0.37,2026-05-29,750,N20,VIIRS,n,2,310.79,8.74,D,0
21.77553,82.73138,336.99,0.41,0.37,2026-05-29,750,N20,VIIRS,l,2,308.61,3.21,D,0
21.77607,82.73526,340.15,0.41,0.37,2026-05-29,750,N20,VIIRS,n,2,308.5,3.94,D,0
21.77643,82.78713,344.98,0.41,0.37,2026-05-29,750,N20,VIIRS,n,2,311.72,10.85,D,0
21.77698,82.79105,345.78,0.41,0.37,2026-05-29,750,N20,VIIRS,n,2,311.07,8.74,D,0
21.77706,81.84579,344.98,0.39,0.36,2026-05-29,750,N20,VIIRS,n,2,312.97,5.52,D,0
21.77753,82.79496,349.13,0.41,0.37,2026-05-29,750,N20,VIIRS,n,2,310.49,8.74,D,0
21.77817,82.77484,342.72,0.41,0.37,2026-05-29,750,N20,VIIRS,n,2,311.12,11.9,D,0
21.7783,83.83229,349.4,0.44,0.38,2026-05-29,750,N20,VIIRS,n,2,309.38,7.3,D,2
21.78182,83.83174,346,0.44,0.38,2026-05-29,750,N20,VIIRS,n,2,307.56,7.3,D,2
21.78943,82.78103,339.37,0.41,0.37,2026-05-29,750,N20,VIIRS,n,2,308.67,7.25,D,0
21.80611,83.17545,337.87,0.42,0.37,2026-05-29,750,N20,VIIRS,n,2,307.37,3.21,D,0
21.8085,82.96707,342.18,0.41,0.37,2026-05-29,750,N20,VIIRS,n,2,311.55,6.34,D,0
21.80965,81.85945,348.85,0.39,0.36,2026-05-29,750,N20,VIIRS,n,2,312.07,10.15,D,0
21.81275,82.89774,343.48,0.41,0.37,2026-05-29,750,N20,VIIRS,n,2,308.53,3.56,D,0
21.81297,81.85889,353.44,0.39,0.36,2026-05-29,750,N20,VIIRS,n,2,311.63,10.15,D,0
21.8133,82.90168,345.27,0.41,0.37,2026-05-29,750,N20,VIIRS,n,2,309.06,3.56,D,0
21.81463,81.84711,339.31,0.39,0.36,2026-05-29,750,N20,VIIRS,l,2,310.78,4.82,D,0
21.81488,78.4808,339.92,0.43,0.38,2026-05-29,750,N20,VIIRS,l,2,311.38,8.54,D,0
21.81518,81.85085,341.52,0.39,0.36,2026-05-29,750,N20,VIIRS,n,2,311.43,4.82,D,0
21.81573,81.85458,346.33,0.39,0.36,2026-05-29,750,N20,VIIRS,n,2,311.77,6.63,D,0
21.81629,81.85833,350.11,0.39,0.36,2026-05-29,750,N20,VIIRS,n,2,311.31,6.63,D,0
21.8178,82.90902,343.66,0.41,0.37,2026-05-29,750,N20,VIIRS,n,2,310.32,6.02,D,0
21.8185,81.85029,346.58,0.39,0.36,2026-05-29,750,N20,VIIRS,n,2,311.42,4.82,D,0
21.82182,81.84973,347.79,0.39,0.36,2026-05-29,750,N20,VIIRS,n,2,310.14,9.28,D,0
21.82237,81.85347,367,0.39,0.36,2026-05-29,750,N20,VIIRS,h,2,311.52,6.53,D,0
21.82292,81.85721,350.94,0.39,0.36,2026-05-29,750,N20,VIIRS,n,2,310.74,6.53,D,0
21.82292,83.89565,337.72,0.44,0.39,2026-05-29,750,N20,VIIRS,l,2,308.51,6.23,D,0
21.82306,77.28113,349.05,0.48,0.4,2026-05-29,750,N20,VIIRS,n,2,320.48,5.37,D,0
21.82337,82.75152,343.86,0.41,0.37,2026-05-29,750,N20,VIIRS,n,2,313.23,7.94,D,0
21.83877,82.12814,339.03,0.39,0.36,2026-05-29,750,N20,VIIRS,n,2,307.58,3.05,D,0
21.84195,82.98198,343.78,0.41,0.37,2026-05-29,750,N20,VIIRS,n,2,310.36,7.94,D,0
21.85166,81.86771,343.61,0.39,0.36,2026-05-29,750,N20,VIIRS,n,2,310.22,7.23,D,0
21.85222,81.87145,339.62,0.39,0.36,2026-05-29,750,N20,VIIRS,l,2,310.04,4.97,D,0
21.85385,82.99226,345.73,0.41,0.37,2026-05-29,750,N20,VIIRS,n,2,311.4,8.66,D,0
21.85394,82.544,342.23,0.4,0.37,2026-05-29,750,N20,VIIRS,l,2,312.62,7.51,D,0
21.85886,81.93951,338.57,0.39,0.36,2026-05-29,750,N20,VIIRS,l,2,311.44,5.86,D,0
21.86901,78.54987,340.79,0.42,0.38,2026-05-29,750,N20,VIIRS,l,2,312.59,5.32,D,0
21.87927,78.13214,347.01,0.44,0.38,2026-05-29,750,N20,VIIRS,l,2,318.11,10.35,D,0
21.8811,78.31212,346.98,0.43,0.38,2026-05-29,750,N20,VIIRS,l,2,317.35,8.31,D,0
21.8872,72.77968,338.47,0.58,0.52,2026-05-29,750,N20,VIIRS,n,2,299.91,0.81,D,0
21.88832,72.783,342.1,0.58,0.52,2026-05-29,750,N20,VIIRS,n,2,301.38,2.54,D,0
21.88865,81.79646,341.53,0.39,0.36,2026-05-29,750,N20,VIIRS,l,2,315.08,10.24,D,0
21.8897,83.67334,331.4,0.44,0.38,2026-05-29,750,N20,VIIRS,l,2,305.91,1.45,D,0
21.89151,82.88905,343.94,0.41,0.37,2026-05-29,750,N20,VIIRS,n,2,309.31,5.69,D,0
21.89191,72.77856,336.06,0.58,0.52,2026-05-29,750,N20,VIIRS,n,2,302.98,4.63,D,0
21.89208,82.89301,338,0.41,0.37,2026-05-29,750,N20,VIIRS,l,2,308.08,3.41,D,0
21.89499,78.54123,342.11,0.42,0.38,2026-05-29,750,N20,VIIRS,l,2,314.9,5.33,D,0
21.89526,81.84134,341.43,0.39,0.36,2026-05-29,750,N20,VIIRS,l,2,314.15,6.74,D,0
21.901,77.29585,345.24,0.48,0.4,2026-05-29,750,N20,VIIRS,l,2,317.33,9.44,D,0
21.9045,81.99754,340.18,0.39,0.36,2026-05-29,750,N20,VIIRS,n,2,310.01,5.01,D,0
21.90486,82.93161,337.1,0.41,0.37,2026-05-29,750,N20,VIIRS,l,2,309.01,2.61,D,0
21.90505,82.0013,345.16,0.39,0.36,2026-05-29,750,N20,VIIRS,n,2,312.36,10.82,D,0
21.90571,81.91259,338.61,0.39,0.36,2026-05-29,750,N20,VIIRS,l,2,311.54,4.43,D,0
21.90762,83.15108,340.96,0.42,0.37,2026-05-29,750,N20,VIIRS,n,2,306.31,5.74,D,0
21.90891,82.91071,338,0.41,0.37,2026-05-29,750,N20,VIIRS,l,2,310.12,4.5,D,0
21.91177,82.90622,344.24,0.41,0.37,2026-05-29,750,N20,VIIRS,n,2,310.91,4.78,D,0
21.91313,78.85959,347.75,0.41,0.37,2026-05-29,750,N20,VIIRS,n,2,314.35,13.74,D,0
21.91517,82.90567,338.07,0.41,0.37,2026-05-29,750,N20,VIIRS,l,2,308.56,4.78,D,0
21.91572,82.90962,344.28,0.41,0.37,2026-05-29,750,N20,VIIRS,n,2,310.47,4.78,D,0
21.91731,80.94777,336.32,0.38,0.36,2026-05-29,750,N20,VIIRS,l,2,306.9,3.24,D,0
21.91824,75.88211,338.87,0.56,0.43,2026-05-29,750,N20,VIIRS,l,2,312.83,11.84,D,0
21.9191,78.21896,340.37,0.44,0.38,2026-05-29,750,N20,VIIRS,l,2,312.22,5.16,D,0
21.91948,82.96166,339.91,0.41,0.37,2026-05-29,750,N20,VIIRS,l,2,311.43,6.66,D,0
21.92155,83.35178,346.19,0.42,0.38,2026-05-29,750,N20,VIIRS,n,2,310.76,7.95,D,2
21.93167,77.49007,346.4,0.47,0.39,2026-05-29,750,N20,VIIRS,l,2,317.53,8.76,D,0
21.93266,83.25443,342.28,0.42,0.38,2026-05-29,750,N20,VIIRS,n,2,306.47,4.83,D,0
21.93611,83.25388,341.84,0.42,0.38,2026-05-29,750,N20,VIIRS,n,2,307.28,5.02,D,0
21.93661,77.39151,344.69,0.47,0.4,2026-05-29,750,N20,VIIRS,l,2,317.36,8.97,D,0
21.93717,83.31184,337.38,0.42,0.38,2026-05-29,750,N20,VIIRS,l,2,307.69,4.8,D,0
21.93886,81.9995,343.22,0.39,0.36,2026-05-29,750,N20,VIIRS,l,2,315.19,6.65,D,0
21.93941,82.00327,344.58,0.39,0.36,2026-05-29,750,N20,VIIRS,n,2,313.36,5,D,0
21.94001,83.33218,335.23,0.42,0.38,2026-05-29,750,N20,VIIRS,l,2,306.62,3.43,D,0
21.94148,82.50594,348.12,0.4,0.37,2026-05-29,750,N20,VIIRS,n,2,313.97,12.44,D,0
21.94204,82.5098,350.92,0.4,0.37,2026-05-29,750,N20,VIIRS,n,2,312.06,11.83,D,0
21.94732,82.96125,347.18,0.41,0.37,2026-05-29,750,N20,VIIRS,n,2,311.8,7.97,D,0
21.94998,81.88976,341.96,0.39,0.36,2026-05-29,750,N20,VIIRS,l,2,314.47,4.47,D,0
21.95182,82.7468,345.33,0.41,0.37,2026-05-29,750,N20,VIIRS,n,2,312.71,5.43,D,0
21.95484,82.91546,342.09,0.41,0.37,2026-05-29,750,N20,VIIRS,n,2,310.83,4.83,D,0
21.95521,82.74625,343.12,0.41,0.37,2026-05-29,750,N20,VIIRS,n,2,312.44,5.43,D,0
21.95539,82.91942,344.86,0.41,0.37,2026-05-29,750,N20,VIIRS,n,2,309.72,4.83,D,0
21.95713,82.90699,339.36,0.41,0.37,2026-05-29,750,N20,VIIRS,l,2,311.93,6.16,D,0
21.95811,83.8012,340.08,0.44,0.38,2026-05-29,750,N20,VIIRS,n,2,306.51,6.67,D,0
21.95997,82.90249,339.7,0.41,0.37,2026-05-29,750,N20,VIIRS,l,2,309.84,5.92,D,0
21.96053,82.90644,340.98,0.41,0.37,2026-05-29,750,N20,VIIRS,l,2,311.39,7.03,D,0
21.9611,78.44868,339.54,0.43,0.38,2026-05-29,750,N20,VIIRS,l,2,313.92,4.91,D,0
21.98041,74.07439,334.21,0.48,0.48,2026-05-29,750,N20,VIIRS,l,2,307.24,1.36,D,0
21.98264,82.91502,341.96,0.41,0.37,2026-05-29,750,N20,VIIRS,n,2,311.36,4.36,D,0
21.98356,83.02054,339.67,0.41,0.37,2026-05-29,750,N20,VIIRS,l,2,311.22,3.92,D,0
21.98412,83.02452,344.91,0.41,0.37,2026-05-29,750,N20,VIIRS,n,2,310.93,4.62,D,0
21.98468,83.02851,337.94,0.41,0.37,2026-05-29,750,N20,VIIRS,l,2,310.34,4.62,D,0
21.98525,83.23401,336.46,0.42,0.38,2026-05-29,750,N20,VIIRS,l,2,307.32,5.24,D,2
21.98605,82.91448,343.83,0.41,0.37,2026-05-29,750,N20,VIIRS,n,2,311.98,4.36,D,0
21.98698,83.02,339.91,0.41,0.37,2026-05-29,750,N20,VIIRS,l,2,311.16,3.92,D,0
21.99416,82.03261,340.62,0.39,0.36,2026-05-29,750,N20,VIIRS,l,2,312.43,11.57,D,0
21.9957,82.60843,339.8,0.4,0.37,2026-05-29,750,N20,VIIRS,n,2,309.4,1.81,D,0
22.00121,83.0218,337.33,0.41,0.37,2026-05-29,750,N20,VIIRS,l,2,310.33,3.76,D,0
22.00452,82.67077,339.75,0.41,0.37,2026-05-29,750,N20,VIIRS,l,2,312.95,8.07,D,2
22.0052,83.02524,341.39,0.41,0.37,2026-05-29,750,N20,VIIRS,l,2,313,7.38,D,0
22.01262,75.45865,343.39,0.4,0.44,2026-05-29,750,N20,VIIRS,l,2,316.86,8.17,D,0
22.01298,77.09846,344.09,0.48,0.4,2026-05-29,750,N20,VIIRS,l,2,318.61,7.41,D,0
22.01672,83.75386,335.71,0.44,0.38,2026-05-29,750,N20,VIIRS,l,2,306.15,5.84,D,0
22.01979,81.03964,339.67,0.38,0.36,2026-05-29,750,N20,VIIRS,l,2,313.35,3.93,D,0
22.0385,83.72885,347.18,0.44,0.38,2026-05-29,750,N20,VIIRS,n,2,307.45,6.89,D,2
22.03907,83.73309,340.99,0.44,0.38,2026-05-29,750,N20,VIIRS,n,2,309.4,6.89,D,2
22.04794,73.4136,331.03,0.52,0.5,2026-05-29,750,N20,VIIRS,l,2,303.25,1.88,D,0
22.05198,83.72247,338.84,0.44,0.38,2026-05-29,750,N20,VIIRS,n,2,306.8,4.62,D,0
22.05493,83.71769,340.41,0.44,0.38,2026-05-29,750,N20,VIIRS,n,2,308.5,4.62,D,0
22.05551,73.09688,334.11,0.55,0.51,2026-05-29,750,N20,VIIRS,n,2,303.67,2.34,D,0
22.06023,83.70389,341.12,0.44,0.38,2026-05-29,750,N20,VIIRS,n,2,309.11,6.25,D,0
22.06078,81.95187,342.1,0.39,0.36,2026-05-29,750,N20,VIIRS,l,2,315.15,6.6,D,0
22.06411,81.95132,339.08,0.39,0.36,2026-05-29,750,N20,VIIRS,l,2,313.17,6.6,D,0
22.06961,82.03545,336.16,0.39,0.36,2026-05-29,750,N20,VIIRS,l,2,310.75,1.82,D,0
22.07667,81.85304,346.12,0.39,0.36,2026-05-29,750,N20,VIIRS,n,2,314.83,6.02,D,0
22.07681,77.16143,343.47,0.48,0.4,2026-05-29,750,N20,VIIRS,l,2,317.16,7.61,D,0
22.07703,77.16307,347.54,0.48,0.4,2026-05-29,750,N20,VIIRS,l,2,316.94,10.48,D,0
22.08281,74.6636,338.37,0.44,0.46,2026-05-29,750,N20,VIIRS,l,2,312.14,10.07,D,0
22.08827,83.11922,341.89,0.42,0.38,2026-05-29,750,N20,VIIRS,n,2,309.6,5.7,D,0
22.12482,82.73135,343.2,0.41,0.37,2026-05-29,750,N20,VIIRS,l,2,313.3,8.13,D,0
22.12497,82.85635,344.5,0.41,0.37,2026-05-29,750,N20,VIIRS,n,2,312.72,8.65,D,0
22.12637,73.07301,341.17,0.55,0.51,2026-05-29,750,N20,VIIRS,n,2,302.91,5.64,D,0
22.13667,82.45058,341.61,0.4,0.37,2026-05-29,750,N20,VIIRS,n,2,311.23,4.5,D,0
22.14239,72.69044,333.91,0.58,0.52,2026-05-29,750,N20,VIIRS,n,2,301.92,1.12,D,0
22.14651,77.49063,349.9,0.46,0.39,2026-05-29,750,N20,VIIRS,n,2,316.47,16.11,D,0
22.1467,72.95805,344.09,0.56,0.51,2026-05-29,750,N20,VIIRS,n,2,302.35,6.74,D,0
22.14925,75.95013,341.86,0.55,0.43,2026-05-29,750,N20,VIIRS,n,2,312.9,4.73,D,0
22.14947,72.96049,343.03,0.56,0.51,2026-05-29,750,N20,VIIRS,n,2,301.43,9.81,D,0
22.15245,81.88264,340.1,0.39,0.36,2026-05-29,750,N20,VIIRS,l,2,313.28,4.34,D,0
22.1528,78.83996,342.89,0.41,0.37,2026-05-29,750,N20,VIIRS,l,2,312.94,11.18,D,0
22.1599,82.19179,347.69,0.4,0.37,2026-05-29,750,N20,VIIRS,n,2,312.12,7.4,D,0
22.1627,82.18741,345.92,0.4,0.37,2026-05-29,750,N20,VIIRS,n,2,314.67,7.44,D,0
22.16325,82.19122,338.47,0.4,0.37,2026-05-29,750,N20,VIIRS,l,2,309.77,3.83,D,0
22.16533,79.47268,340.94,0.4,0.37,2026-05-29,750,N20,VIIRS,l,2,311.83,6.9,D,0
22.17146,77.73332,336.95,0.45,0.39,2026-05-29,750,N20,VIIRS,l,2,311.76,2.33,D,0
22.17793,75.53562,337.59,0.39,0.44,2026-05-29,750,N20,VIIRS,l,2,311.76,2.67,D,0
22.18291,75.4959,345,0.39,0.44,2026-05-29,750,N20,VIIRS,n,2,312.45,5.33,D,0
22.18974,72.77661,338.22,0.57,0.52,2026-05-29,750,N20,VIIRS,n,2,302.05,1.85,D,0
22.19447,81.91724,340.18,0.39,0.36,2026-05-29,750,N20,VIIRS,l,2,312.23,4.36,D,0
22.20064,82.09534,342.47,0.39,0.36,2026-05-29,750,N20,VIIRS,n,2,312.07,5.76,D,0
22.20178,76.88869,343.27,0.49,0.41,2026-05-29,750,N20,VIIRS,l,2,316.47,6.34,D,0
22.20508,82.10238,348.48,0.39,0.37,2026-05-29,750,N20,VIIRS,n,2,311.42,8.08,D,0
22.21844,82.95094,340.17,0.41,0.37,2026-05-29,750,N20,VIIRS,n,2,309.46,5.64,D,0
22.2231,75.0144,340.87,0.42,0.45,2026-05-29,750,N20,VIIRS,l,2,314.26,5.15,D,0
22.22471,75.00671,342.92,0.42,0.45,2026-05-29,750,N20,VIIRS,l,2,313.85,5.82,D,0
22.22958,80.92256,334.74,0.38,0.36,2026-05-29,750,N20,VIIRS,l,2,306.24,2.52,D,0
22.24214,81.87057,338.97,0.39,0.36,2026-05-29,750,N20,VIIRS,l,2,313.09,5.83,D,0
22.25306,74.14208,335.11,0.47,0.48,2026-05-29,750,N20,VIIRS,l,2,307.8,3.12,D,0
22.25309,74.54955,341.61,0.44,0.46,2026-05-29,750,N20,VIIRS,n,2,310.25,6.17,D,0
22.25314,74.54858,341.38,0.44,0.46,2026-05-29,750,N20,VIIRS,n,2,309.96,5.64,D,0
22.26252,73.5625,332.71,0.51,0.49,2026-05-29,750,N20,VIIRS,l,2,303.05,2.18,D,0
22.27995,73.24446,336.41,0.53,0.5,2026-05-29,750,N20,VIIRS,n,2,302.62,2.45,D,0
22.28691,76.01727,349.77,0.55,0.42,2026-05-29,750,N20,VIIRS,n,2,312.45,17.61,D,0
22.28786,76.0225,346.04,0.55,0.42,2026-05-29,750,N20,VIIRS,n,2,314.9,17.61,D,0
22.29847,79.53803,346.3,0.4,0.37,2026-05-29,750,N20,VIIRS,l,2,313.2,12.49,D,0
22.30805,76.39384,338.11,0.52,0.42,2026-05-29,750,N20,VIIRS,l,2,311.81,6.74,D,0
22.31198,77.62205,343.47,0.46,0.39,2026-05-29,750,N20,VIIRS,l,2,312.15,7.84,D,0
22.31202,77.02301,346.21,0.48,0.4,2026-05-29,750,N20,VIIRS,n,2,314.75,9.12,D,0
22.31552,77.62132,339.67,0.46,0.39,2026-05-29,750,N20,VIIRS,l,2,311.83,5.56,D,0
22.3509,80.0588,341.17,0.39,0.36,2026-05-29,750,N20,VIIRS,n,2,310.92,6.23,D,0
22.35149,80.06254,367,0.39,0.36,2026-05-29,750,N20,VIIRS,h,2,311.81,7.74,D,0
22.35208,80.06625,343.47,0.39,0.36,2026-05-29,750,N20,VIIRS,n,2,310.23,7.74,D,0
22.35326,76.95663,342.41,0.49,0.4,2026-05-29,750,N20,VIIRS,l,2,313.79,4.3,D,0
22.35538,80.06566,341.6,0.39,0.36,2026-05-29,750,N20,VIIRS,n,2,310.26,7.74,D,0
22.39266,73.37733,331.97,0.52,0.5,2026-05-29,750,N20,VIIRS,l,2,303.81,4.32,D,0
22.44724,83.16227,345.42,0.42,0.38,2026-05-29,750,N20,VIIRS,n,2,307.33,6.37,D,0
22.50235,81.35766,340.91,0.39,0.36,2026-05-29,750,N20,VIIRS,n,2,308.42,10.86,D,0
22.51436,79.41922,341.04,0.4,0.37,2026-05-29,750,N20,VIIRS,l,2,311.21,9.84,D,0
22.70027,85.27093,333.7,0.53,0.42,2026-05-29,750,N20,VIIRS,n,2,297.82,4.42,D,0
22.70409,85.27034,334.24,0.53,0.42,2026-05-29,750,N20,VIIRS,n,2,295.42,4.42,D,0
22.89125,80.36222,344.44,0.38,0.36,2026-05-29,750,N20,VIIRS,l,2,315.86,7.52,D,0
22.90898,81.44385,341.72,0.39,0.36,2026-05-29,750,N20,VIIRS,n,2,304.21,5.94,D,0
23.06382,83.04973,348.08,0.42,0.38,2026-05-29,750,N20,VIIRS,n,2,308.71,6.47,D,0
23.07171,80.01436,344.18,0.39,0.36,2026-05-29,750,N20,VIIRS,l,2,315.91,8.11,D,0
23.07625,80.37019,341.27,0.38,0.36,2026-05-29,750,N20,VIIRS,l,2,315.22,5.65,D,0
23.07868,79.99384,341.16,0.39,0.36,2026-05-29,750,N20,VIIRS,l,2,314.64,5.16,D,0
23.11675,77.64744,346.82,0.44,0.39,2026-05-29,750,N20,VIIRS,n,2,312.53,7.91,D,0
23.16364,82.33781,342.66,0.4,0.37,2026-05-29,750,N20,VIIRS,n,2,309.75,6.68,D,2
23.16419,82.34174,342.68,0.4,0.37,2026-05-29,750,N20,VIIRS,n,2,309.01,5.31,D,2
23.16756,82.34116,337.21,0.4,0.37,2026-05-29,750,N20,VIIRS,n,2,305.78,5.49,D,2
23.1887,76.89049,341.96,0.48,0.4,2026-05-29,750,N20,VIIRS,l,2,314.47,2.42,D,0
23.25873,81.19441,337.86,0.39,0.36,2026-05-29,750,N20,VIIRS,l,2,309.38,4.58,D,0
23.26891,77.81488,352.16,0.44,0.38,2026-05-29,750,N20,VIIRS,l,2,317.1,11.99,D,0
23.34867,81.5036,342.02,0.39,0.36,2026-05-29,750,N20,VIIRS,n,2,307.76,4.01,D,0
23.48928,83.60504,337.98,0.45,0.39,2026-05-29,750,N20,VIIRS,n,2,305.28,4.89,D,0
23.49053,81.22361,339.2,0.39,0.36,2026-05-29,750,N20,VIIRS,n,2,308.16,2.73,D,0
23.64188,80.48969,348.37,0.38,0.36,2026-05-29,750,N20,VIIRS,n,2,310.05,6.59,D,0
23.70758,79.79645,342.06,0.39,0.36,2026-05-29,750,N20,VIIRS,l,2,315.15,6.02,D,0
23.762,82.11561,334.52,0.4,0.37,2026-05-29,750,N20,VIIRS,l,2,306.56,2.3,D,0
23.77715,83.16741,334.29,0.43,0.38,2026-05-29,750,N20,VIIRS,n,2,303.94,1.75,D,0
23.93738,82.6468,341.27,0.42,0.37,2026-05-29,750,N20,VIIRS,n,2,309.7,6.89,D,0
24.14041,82.7484,339.75,0.42,0.38,2026-05-29,750,N20,VIIRS,n,2,308.74,8.54,D,0
25.22698,93.73093,329.95,0.63,0.72,2026-05-29,750,N20,VIIRS,n,2,291.95,4.24,D,0
22.60556,72.35861,343.66,0.6,0.53,2026-05-29,751,N20,VIIRS,n,2,305.14,7.64,D,0
22.89929,74.36208,350.79,0.44,0.46,2026-05-29,751,N20,VIIRS,n,2,311.25,7.39,D,0
22.91097,69.395,340.2,0.45,0.63,2026-05-29,751,N20,VIIRS,n,2,295.64,2.64,D,0
22.92581,70.10867,344.49,0.41,0.6,2026-05-29,751,N20,VIIRS,n,2,301.87,6.08,D,0
23.19217,75.80859,338.53,0.54,0.42,2026-05-29,751,N20,VIIRS,l,2,309.08,10.97,D,0
23.24371,70.13776,346.36,0.4,0.6,2026-05-29,751,N20,VIIRS,n,2,301.76,3.64,D,0
23.30728,77.27924,343.7,0.46,0.39,2026-05-29,751,N20,VIIRS,l,2,317.28,14.39,D,0
23.45697,72.02692,337.71,0.6,0.53,2026-05-29,751,N20,VIIRS,n,2,302.64,3.54,D,0
23.47411,76.44791,339.28,0.5,0.41,2026-05-29,751,N20,VIIRS,l,2,312.73,1.1,D,0
23.47572,76.44628,339.57,0.5,0.41,2026-05-29,751,N20,VIIRS,l,2,313.25,1.15,D,0
23.62722,74.46146,336.12,0.42,0.45,2026-05-29,751,N20,VIIRS,l,2,308.34,1.91,D,0
23.66023,71.07667,332.18,0.34,0.56,2026-05-29,751,N20,VIIRS,n,2,299.81,1.42,D,0
23.75271,77.74779,347.63,0.43,0.38,2026-05-29,751,N20,VIIRS,l,2,317.18,4.64,D,0
23.87401,78.46661,343.89,0.41,0.37,2026-05-29,751,N20,VIIRS,l,2,317.7,4.26,D,0
23.87901,74.9395,339.18,0.39,0.44,2026-05-29,751,N20,VIIRS,n,2,309.97,2.35,D,0
23.88291,77.38447,346.73,0.45,0.39,2026-05-29,751,N20,VIIRS,l,2,317.05,16.69,D,0
23.99175,80.66879,341.96,0.38,0.36,2026-05-29,751,N20,VIIRS,l,2,313.01,5.03,D,0
24.05165,75.76787,343.73,0.53,0.42,2026-05-29,751,N20,VIIRS,n,2,313.08,6.06,D,0
24.05544,75.76703,343.1,0.53,0.42,2026-05-29,751,N20,VIIRS,n,2,312.02,6.06,D,0
24.1106,74.10877,342.77,0.44,0.46,2026-05-29,751,N20,VIIRS,n,2,306.39,2,D,0
24.13969,82.59396,338.65,0.42,0.37,2026-05-29,751,N20,VIIRS,l,2,310.07,4.32,D,0
24.16168,73.61801,332.49,0.46,0.47,2026-05-29,751,N20,VIIRS,l,2,306.29,1.73,D,0
24.16186,82.62788,340.05,0.42,0.38,2026-05-29,751,N20,VIIRS,l,2,312.46,5.66,D,0
24.16417,82.61914,338.64,0.42,0.37,2026-05-29,751,N20,VIIRS,n,2,307.89,4.14,D,2
24.19464,82.48528,342.81,0.41,0.37,2026-05-29,751,N20,VIIRS,l,2,314.14,6.84,D,0
24.19895,74.5233,334.26,0.41,0.45,2026-05-29,751,N20,VIIRS,l,2,308.11,1.44,D,0
24.20468,82.70942,343.42,0.42,0.38,2026-05-29,751,N20,VIIRS,l,2,315.09,9.33,D,2
24.29566,80.52133,336.98,0.38,0.36,2026-05-29,751,N20,VIIRS,l,2,308.99,5.37,D,0
24.35264,78.12946,341.13,0.42,0.37,2026-05-29,751,N20,VIIRS,l,2,314.94,2.45,D,0
24.41263,79.64957,346.93,0.39,0.36,2026-05-29,751,N20,VIIRS,l,2,315.87,7.42,D,0
24.47013,73.7533,344.2,0.45,0.47,2026-05-29,751,N20,VIIRS,n,2,307.93,4.17,D,0
24.47096,73.75751,343.9,0.45,0.47,2026-05-29,751,N20,VIIRS,n,2,308.31,6.86,D,0
24.59697,68.82393,335.69,0.45,0.63,2026-05-29,751,N20,VIIRS,n,2,305.48,1.85,D,0
24.59766,81.4137,349.72,0.39,0.36,2026-05-29,751,N20,VIIRS,n,2,313.81,6.67,D,0
24.60099,81.41312,343.7,0.39,0.36,2026-05-29,751,N20,VIIRS,n,2,313,7.49,D,0
24.60116,75.32336,348.28,0.55,0.42,2026-05-29,751,N20,VIIRS,n,2,310.91,6.78,D,0
24.604,75.31716,338.88,0.55,0.42,2026-05-29,751,N20,VIIRS,l,2,309.87,6.37,D,0
24.605,75.32246,340.82,0.55,0.42,2026-05-29,751,N20,VIIRS,n,2,310.06,6.78,D,0
24.61417,81.17912,348.68,0.39,0.36,2026-05-29,751,N20,VIIRS,n,2,315.97,10.68,D,0
24.66603,80.63634,344.74,0.39,0.36,2026-05-29,751,N20,VIIRS,l,2,316.68,1.51,D,0
24.68898,81.24847,345.33,0.39,0.36,2026-05-29,751,N20,VIIRS,n,2,311.4,4.97,D,0
24.70867,80.06711,338.82,0.38,0.36,2026-05-29,751,N20,VIIRS,l,2,310.28,2.85,D,0
24.7137,80.07773,332.8,0.38,0.36,2026-05-29,751,N20,VIIRS,l,2,307.21,1.38,D,0
24.7375,80.54557,349.29,0.38,0.36,2026-05-29,751,N20,VIIRS,n,2,317.97,8.62,D,0
24.74026,80.67694,344.86,0.39,0.36,2026-05-29,751,N20,VIIRS,l,2,319.65,4.15,D,0
24.75844,80.84476,346.8,0.39,0.36,2026-05-29,751,N20,VIIRS,l,2,317.71,10.14,D,0
24.78076,74.07984,339.31,0.42,0.46,2026-05-29,751,N20,VIIRS,l,2,309.48,3.21,D,0
24.81686,77.95956,337.12,0.42,0.37,2026-05-29,751,N20,VIIRS,l,2,311.98,3.12,D,0
24.8236,74.42263,335.01,0.41,0.45,2026-05-29,751,N20,VIIRS,l,2,309.44,1.85,D,0
24.83583,78.03119,340.53,0.42,0.37,2026-05-29,751,N20,VIIRS,l,2,314.82,5.7,D,0
24.86673,78.15427,356.71,0.41,0.37,2026-05-29,751,N20,VIIRS,l,2,313.23,4.75,D,0
24.86739,78.15829,367,0.41,0.37,2026-05-29,751,N20,VIIRS,h,2,314.7,4.75,D,0
25.00208,77.16376,339.3,0.44,0.39,2026-05-29,751,N20,VIIRS,l,2,311.87,5.41,D,0
25.02675,75.4819,339.69,0.53,0.42,2026-05-29,751,N20,VIIRS,l,2,310.01,9.18,D,0
25.10605,76.98515,341.39,0.45,0.39,2026-05-29,751,N20,VIIRS,l,2,312.26,2.8,D,0
25.19107,76.16113,340.83,0.49,0.4,2026-05-29,751,N20,VIIRS,l,2,310.02,8.81,D,0
25.28567,77.92194,345.74,0.41,0.37,2026-05-29,751,N20,VIIRS,l,2,310.79,9.66,D,0
25.34022,77.70372,344.17,0.42,0.38,2026-05-29,751,N20,VIIRS,l,2,311.73,4.97,D,0
25.411,77.8924,347.84,0.41,0.37,2026-05-29,751,N20,VIIRS,n,2,310.24,6.93,D,0
25.41371,77.88764,347.99,0.41,0.37,2026-05-29,751,N20,VIIRS,l,2,311.04,6.93,D,0
25.44299,77.12487,334.11,0.44,0.38,2026-05-29,751,N20,VIIRS,l,2,306.17,1.59,D,0
25.53345,77.84681,340.51,0.41,0.37,2026-05-29,751,N20,VIIRS,l,2,307.76,3.03,D,0
25.61135,82.47166,335.57,0.42,0.38,2026-05-29,751,N20,VIIRS,n,2,301.72,2.7,D,0
25.61192,82.47586,336.44,0.42,0.38,2026-05-29,751,N20,VIIRS,n,2,301.96,2.7,D,0
25.79015,92.67515,338.31,0.55,0.68,2026-05-29,751,N20,VIIRS,n,2,293.06,18.74,D,0
25.79055,92.68084,367,0.55,0.68,2026-05-29,751,N20,VIIRS,h,2,293.53,28.7,D,0
25.81114,77.84279,336.21,0.41,0.37,2026-05-29,751,N20,VIIRS,l,2,307.3,6.7,D,0
25.93209,92.42108,337.6,0.53,0.67,2026-05-29,751,N20,VIIRS,n,2,293.32,10.79,D,0
26.2966,93.64397,328.76,0.64,0.72,2026-05-29,751,N20,VIIRS,n,2,291,3.39,D,0
26.29935,93.64224,329.94,0.63,0.72,2026-05-29,751,N20,VIIRS,n,2,289.58,3.32,D,0
26.32069,93.66118,340.81,0.64,0.72,2026-05-29,751,N20,VIIRS,n,2,291.32,5.42,D,0
26.32436,93.65975,330.37,0.64,0.72,2026-05-29,751,N20,VIIRS,n,2,290.91,3.91,D,0
26.33987,93.69508,343.26,0.64,0.72,2026-05-29,751,N20,VIIRS,n,2,291.74,11.16,D,0
26.34108,93.71579,367,0.64,0.72,2026-05-29,751,N20,VIIRS,h,2,292.57,14.68,D,0
26.34685,93.69942,335.95,0.64,0.72,2026-05-29,751,N20,VIIRS,n,2,292.36,16.22,D,0
26.34953,93.10327,367,0.59,0.7,2026-05-29,751,N20,VIIRS,h,2,290.87,15.04,D,0
26.34955,93.10001,367,0.59,0.7,2026-05-29,751,N20,VIIRS,h,2,291.94,16.65,D,0
26.35324,93.69357,367,0.64,0.72,2026-05-29,751,N20,VIIRS,h,2,292.58,23.9,D,0
26.45067,80.26109,344.39,0.39,0.36,2026-05-29,751,N20,VIIRS,n,2,306.14,3.48,D,0
26.51534,76.87778,340.26,0.44,0.38,2026-05-29,751,N20,VIIRS,l,2,308.78,17.88,D,0
26.76567,80.88077,339.4,0.39,0.36,2026-05-29,751,N20,VIIRS,n,2,303.56,3.57,D,0
27.17326,80.60305,335.56,0.39,0.36,2026-05-29,751,N20,VIIRS,l,2,306.06,2.16,D,0
27.17601,80.59853,337.69,0.39,0.36,2026-05-29,751,N20,VIIRS,n,2,306.73,2.42,D,0
27.17658,80.60245,337.57,0.39,0.36,2026-05-29,751,N20,VIIRS,n,2,305.93,2.42,D,0
27.61307,81.30674,339.57,0.4,0.37,2026-05-29,751,N20,VIIRS,n,2,302.19,3.95,D,0
27.62025,81.53281,332.74,0.41,0.37,2026-05-29,751,N20,VIIRS,n,2,299.46,0.68,D,0
27.09957,73.56164,343.39,0.41,0.45,2026-05-29,752,N20,VIIRS,n,2,310.45,1.53,D,0
27.28239,68.0798,348.22,0.44,0.62,2026-05-29,752,N20,VIIRS,n,2,323.13,12.56,D,0
27.60364,68.21185,367,0.42,0.61,2026-05-29,752,N20,VIIRS,h,2,322.6,13.25,D,0
27.65492,68.04313,367,0.43,0.62,2026-05-29,752,N20,VIIRS,h,2,326.04,14.39,D,0
27.66042,68.04144,367,0.43,0.62,2026-05-29,752,N20,VIIRS,l,2,325.94,2.86,D,0
27.66218,81.30322,337.06,0.41,0.37,2026-05-29,752,N20,VIIRS,n,2,303.81,3.41,D,0
27.66556,81.30263,337.66,0.41,0.37,2026-05-29,752,N20,VIIRS,n,2,302.83,3.41,D,0
27.6786,68.06749,367,0.43,0.62,2026-05-29,752,N20,VIIRS,l,2,325.9,2.64,D,0
27.68205,68.05744,353.88,0.43,0.62,2026-05-29,752,N20,VIIRS,l,2,324.66,6.94,D,0
27.68307,68.06164,349.15,0.43,0.62,2026-05-29,752,N20,VIIRS,l,2,324.02,2.64,D,0
27.70384,68.17128,367,0.42,0.61,2026-05-29,752,N20,VIIRS,l,2,325.97,5.5,D,0
27.7093,68.16962,355.84,0.42,0.61,2026-05-29,752,N20,VIIRS,n,2,328.88,5.5,D,0
27.7103,68.17374,367,0.42,0.61,2026-05-29,752,N20,VIIRS,h,2,325.98,5.5,D,0
27.7356,68.15722,367,0.42,0.61,2026-05-29,752,N20,VIIRS,l,2,326.55,7.46,D,0
27.73659,68.16135,367,0.42,0.61,2026-05-29,752,N20,VIIRS,h,2,326.06,6.65,D,0
27.77333,68.14754,352.18,0.42,0.61,2026-05-29,752,N20,VIIRS,l,2,327.81,7.27,D,0
27.77381,68.14557,367,0.42,0.61,2026-05-29,752,N20,VIIRS,l,2,325.96,4.03,D,0
27.77434,68.15166,350.74,0.42,0.61,2026-05-29,752,N20,VIIRS,l,2,323.78,5.65,D,0
27.77479,68.1497,367,0.42,0.61,2026-05-29,752,N20,VIIRS,h,2,329.33,7.63,D,0
27.79121,81.50474,339.01,0.41,0.37,2026-05-29,752,N20,VIIRS,n,2,302.35,6.41,D,0
27.79405,81.5255,340.87,0.41,0.37,2026-05-29,752,N20,VIIRS,n,2,297.73,4.95,D,0
27.83046,68.45747,367,0.4,0.6,2026-05-29,752,N20,VIIRS,h,2,325.81,5.77,D,0
27.91769,69.32661,344.41,0.35,0.57,2026-05-29,752,N20,VIIRS,n,2,316.93,4.31,D,0
27.9185,69.33011,346.43,0.35,0.57,2026-05-29,752,N20,VIIRS,n,2,317.07,4.31,D,0
28.01715,69.67607,352.12,0.34,0.56,2026-05-29,752,N20,VIIRS,n,2,315.53,8.08,D,0
28.0185,69.67487,352.28,0.34,0.56,2026-05-29,752,N20,VIIRS,n,2,314.99,7.62,D,0
28.05556,81.34571,334.75,0.41,0.37,2026-05-29,752,N20,VIIRS,n,2,300.07,2.35,D,0
28.06799,81.33507,333.73,0.41,0.37,2026-05-29,752,N20,VIIRS,n,2,299.42,3.03,D,0
28.14126,81.15804,337.63,0.4,0.37,2026-05-29,752,N20,VIIRS,n,2,302.22,2.99,D,0
28.38146,69.09312,345.28,0.36,0.57,2026-05-29,752,N20,VIIRS,l,2,319.6,12.85,D,0
28.47051,80.16924,332.1,0.39,0.36,2026-05-29,752,N20,VIIRS,n,2,301.38,1.12,D,0
28.64092,80.31322,339.42,0.39,0.36,2026-05-29,752,N20,VIIRS,n,2,305.59,4.38,D,0
28.92914,79.52609,339.41,0.39,0.36,2026-05-29,752,N20,VIIRS,n,2,304.93,3.23,D,0
29.12937,79.52441,335.19,0.39,0.36,2026-05-29,752,N20,VIIRS,l,2,310.06,2.27,D,0
29.21013,91.78642,334.62,0.52,0.67,2026-05-29,752,N20,VIIRS,n,2,303.84,4.25,D,0
29.49212,74.36317,339.86,0.51,0.41,2026-05-29,752,N20,VIIRS,l,2,313.73,95.44,D,0
29.72266,79.13025,336.97,0.38,0.36,2026-05-29,752,N20,VIIRS,n,2,300.42,4.77,D,0
30.34992,75.92428,336.83,0.43,0.38,2026-05-29,752,N20,VIIRS,l,2,307.9,2.17,D,0
29.07699,68.69704,367,0.36,0.58,2026-05-29,753,N20,VIIRS,l,2,327,1.75,D,0
29.07784,68.70068,367,0.36,0.58,2026-05-29,753,N20,VIIRS,l,2,326.41,1.75,D,0
29.0787,68.70432,367,0.36,0.58,2026-05-29,753,N20,VIIRS,l,2,325.81,1.24,D,0
29.08211,68.69539,367,0.36,0.58,2026-05-29,753,N20,VIIRS,l,2,326.09,1.75,D,0
29.08296,68.69899,352.76,0.36,0.58,2026-05-29,753,N20,VIIRS,n,2,325.89,1.75,D,0
29.08727,68.69392,367,0.36,0.58,2026-05-29,753,N20,VIIRS,l,2,325.94,0.8,D,0
29.0881,68.69746,367,0.36,0.58,2026-05-29,753,N20,VIIRS,l,2,325.36,0.8,D,0
29.08894,68.70103,367,0.36,0.58,2026-05-29,753,N20,VIIRS,l,2,325.65,1.72,D,0
29.94256,72.38878,341.9,0.42,0.46,2026-05-29,753,N20,VIIRS,n,2,315.05,5.12,D,0
29.96642,72.504,343.11,0.42,0.45,2026-05-29,753,N20,VIIRS,l,2,316.18,6.6,D,0
30.22588,74.05875,343.93,0.52,0.41,2026-05-29,753,N20,VIIRS,l,2,314.78,7.91,D,0
30.23643,73.08531,344.23,0.38,0.44,2026-05-29,753,N20,VIIRS,n,2,313.56,4.27,D,0
30.29693,73.28802,338.37,0.56,0.43,2026-05-29,753,N20,VIIRS,l,2,311.72,4.72,D,0
30.34808,73.77723,337.37,0.53,0.42,2026-05-29,753,N20,VIIRS,l,2,310.88,4.74,D,0
30.43363,73.2804,340.25,0.56,0.43,2026-05-29,753,N20,VIIRS,n,2,313.45,9.37,D,0
30.45194,71.43526,349.5,0.47,0.48,2026-05-29,753,N20,VIIRS,l,2,322.13,18.03,D,0
30.45312,73.25486,339.48,0.56,0.43,2026-05-29,753,N20,VIIRS,n,2,313.91,5.35,D,0
30.45569,72.85255,342.6,0.39,0.44,2026-05-29,753,N20,VIIRS,l,2,314.66,3.59,D,0
30.45809,73.94005,337.2,0.52,0.41,2026-05-29,753,N20,VIIRS,l,2,311.94,7.32,D,0
30.47758,73.47978,343.49,0.55,0.42,2026-05-29,753,N20,VIIRS,n,2,312.09,4.03,D,0
30.50817,73.55339,335.89,0.54,0.42,2026-05-29,753,N20,VIIRS,l,2,309.29,5.23,D,0
30.55663,73.6789,335.79,0.53,0.42,2026-05-29,753,N20,VIIRS,l,2,308.84,6.67,D,0
30.56164,73.49885,339.85,0.54,0.42,2026-05-29,753,N20,VIIRS,n,2,311.11,3.03,D,0
30.61707,73.60024,336.65,0.54,0.42,2026-05-29,753,N20,VIIRS,l,2,311.15,4.57,D,0
30.61977,73.60306,338.59,0.53,0.42,2026-05-29,753,N20,VIIRS,l,2,310.29,5.68,D,0
30.66692,74.19317,341.35,0.5,0.41,2026-05-29,753,N20,VIIRS,l,2,312.27,5.2,D,0
30.68166,73.7578,332.95,0.52,0.42,2026-05-29,753,N20,VIIRS,l,2,307.8,2.8,D,0
30.75737,74.27458,339.37,0.49,0.41,2026-05-29,753,N20,VIIRS,l,2,310.46,5.26,D,0
30.75808,77.25154,332.92,0.39,0.37,2026-05-29,753,N20,VIIRS,n,2,300.91,1.32,D,0
30.77469,77.43716,336.64,0.39,0.36,2026-05-29,753,N20,VIIRS,n,2,305.29,4.54,D,0
30.78776,74.17077,332.17,0.5,0.41,2026-05-29,753,N20,VIIRS,l,2,306.06,3.88,D,0
30.78956,75.09464,338.29,0.46,0.39,2026-05-29,753,N20,VIIRS,l,2,310.96,4.28,D,0
30.79382,77.34439,335.95,0.39,0.36,2026-05-29,753,N20,VIIRS,l,2,308.58,5.28,D,0
30.80052,71.90062,343.24,0.44,0.46,2026-05-29,753,N20,VIIRS,n,2,317.72,3.71,D,0
30.80306,77.3591,334.87,0.39,0.36,2026-05-29,753,N20,VIIRS,l,2,306.63,6.38,D,0
30.80962,77.16756,338.33,0.4,0.37,2026-05-29,753,N20,VIIRS,n,2,304.61,4.09,D,0
30.8103,77.17174,344.62,0.4,0.37,2026-05-29,753,N20,VIIRS,n,2,307,6.85,D,0
30.81294,77.16682,339.43,0.4,0.37,2026-05-29,753,N20,VIIRS,n,2,304.45,4.09,D,0
30.81496,76.02155,340.02,0.42,0.38,2026-05-29,753,N20,VIIRS,l,2,309.9,6.99,D,0
30.82232,77.3513,348.83,0.39,0.36,2026-05-29,753,N20,VIIRS,l,2,310.26,29.79,D,0
30.82368,74.32146,339.42,0.49,0.4,2026-05-29,753,N20,VIIRS,l,2,311.43,7.95,D,0
30.84004,77.19118,345.52,0.4,0.37,2026-05-29,753,N20,VIIRS,n,2,305.94,6.07,D,0
30.847,76.92017,336.74,0.4,0.37,2026-05-29,753,N20,VIIRS,l,2,310.73,4.58,D,0
30.86513,77.11379,338.4,0.4,0.37,2026-05-29,753,N20,VIIRS,l,2,303.13,3.72,D,0
30.86648,77.10101,332.85,0.4,0.37,2026-05-29,753,N20,VIIRS,l,2,305.08,6.39,D,0
30.86714,77.10508,352.07,0.4,0.37,2026-05-29,753,N20,VIIRS,n,2,307.75,6.39,D,0
30.86845,77.11304,332.53,0.4,0.37,2026-05-29,753,N20,VIIRS,l,2,302.52,5.93,D,0
30.86911,77.11705,337.34,0.4,0.37,2026-05-29,753,N20,VIIRS,n,2,301.72,5.85,D,0
30.87047,77.1044,340.02,0.4,0.37,2026-05-29,753,N20,VIIRS,n,2,299.83,6.39,D,0
30.87644,77.09889,334.79,0.4,0.37,2026-05-29,753,N20,VIIRS,l,2,309.69,43.89,D,0
30.8786,77.15398,339.14,0.4,0.37,2026-05-29,753,N20,VIIRS,n,2,302.23,2.77,D,0
30.90298,73.62307,334.61,0.53,0.42,2026-05-29,753,N20,VIIRS,l,2,307.6,2.33,D,0
30.98833,76.98907,353.27,0.4,0.37,2026-05-29,753,N20,VIIRS,n,2,303.09,11.17,D,0
31.0002,77.20868,335.07,0.39,0.37,2026-05-29,753,N20,VIIRS,l,2,298.25,10.61,D,0
31.03271,70.77734,342.36,0.5,0.49,2026-05-29,753,N20,VIIRS,l,2,314.44,7.03,D,0
31.03511,70.77332,342.63,0.5,0.49,2026-05-29,753,N20,VIIRS,l,2,313.66,4.93,D,0
31.03794,76.77575,338.92,0.4,0.37,2026-05-29,753,N20,VIIRS,n,2,311.57,4.38,D,0
31.07623,74.31931,337.71,0.49,0.4,2026-05-29,753,N20,VIIRS,n,2,307.5,3.6,D,0
31.10632,76.55177,340.76,0.41,0.37,2026-05-29,753,N20,VIIRS,n,2,311.09,4.18,D,0
31.11518,75.52264,344.26,0.44,0.38,2026-05-29,753,N20,VIIRS,n,2,310.69,4.57,D,0
31.11865,75.5218,345.26,0.44,0.38,2026-05-29,753,N20,VIIRS,n,2,311.37,4.57,D,0
31.18235,76.64439,337.72,0.4,0.37,2026-05-29,753,N20,VIIRS,l,2,308.51,6.38,D,0
31.21807,77.14297,336.12,0.39,0.37,2026-05-29,753,N20,VIIRS,n,2,302.94,4.82,D,0
31.23536,72.29057,339.07,0.41,0.45,2026-05-29,753,N20,VIIRS,l,2,310.78,3.33,D,0
31.23548,72.28968,339.49,0.41,0.45,2026-05-29,753,N20,VIIRS,l,2,310.76,3.06,D,0
31.24639,75.96606,337.74,0.42,0.38,2026-05-29,753,N20,VIIRS,l,2,310.52,2.74,D,0
31.2674,76.96744,330.25,0.4,0.37,2026-05-29,753,N20,VIIRS,l,2,304.54,2.47,D,0
31.2795,76.51021,334.28,0.41,0.37,2026-05-29,753,N20,VIIRS,l,2,306.56,3.22,D,0
31.28095,70.65355,348.84,0.5,0.49,2026-05-29,753,N20,VIIRS,n,2,317.41,13.65,D,0
31.28286,76.50946,344.48,0.41,0.37,2026-05-29,753,N20,VIIRS,n,2,310.05,3.22,D,0
31.32401,77.03986,351.58,0.4,0.37,2026-05-29,753,N20,VIIRS,n,2,306.41,17.9,D,0
31.32464,77.04362,338.98,0.4,0.37,2026-05-29,753,N20,VIIRS,l,2,302.45,8.69,D,0
31.33738,73.90215,338.34,0.5,0.41,2026-05-29,753,N20,VIIRS,l,2,311.82,3.81,D,0
31.40776,73.74096,336.95,0.51,0.41,2026-05-29,753,N20,VIIRS,l,2,310.36,1.93,D,0
31.40803,73.73895,340.27,0.51,0.41,2026-05-29,753,N20,VIIRS,l,2,311.84,5.21,D,0
31.54611,76.38136,336.03,0.41,0.37,2026-05-29,753,N20,VIIRS,l,2,309.54,1.84,D,0
31.54947,76.38059,337,0.41,0.37,2026-05-29,753,N20,VIIRS,n,2,307.48,1.84,D,0
31.60154,74.87483,342.4,0.45,0.39,2026-05-29,753,N20,VIIRS,n,2,315.63,8.35,D,0
31.60864,76.39446,330.94,0.41,0.37,2026-05-29,753,N20,VIIRS,l,2,303.88,3.97,D,0
31.60934,76.39861,342.72,0.41,0.37,2026-05-29,753,N20,VIIRS,n,2,303.21,3.97,D,0
31.65391,75.95676,335.26,0.42,0.37,2026-05-29,753,N20,VIIRS,l,2,308.17,1.89,D,0
31.66196,76.18813,338.14,0.41,0.37,2026-05-29,753,N20,VIIRS,n,2,307.26,2.29,D,0
31.69407,74.52644,333.25,0.47,0.4,2026-05-29,753,N20,VIIRS,l,2,307.85,1.89,D,0
31.73445,76.09663,346.95,0.41,0.37,2026-05-29,753,N20,VIIRS,n,2,309.93,11.38,D,0
31.76741,73.34792,340.58,0.53,0.42,2026-05-29,753,N20,VIIRS,l,2,314.31,6.68,D,0
31.76853,73.34932,345.45,0.53,0.42,2026-05-29,753,N20,VIIRS,n,2,314.17,6.15,D,0
31.76916,76.45013,330.26,0.4,0.37,2026-05-29,753,N20,VIIRS,l,2,304.87,2.02,D,0
31.85107,74.4987,346.2,0.47,0.39,2026-05-29,753,N20,VIIRS,l,2,314.5,6.4,D,0
31.86707,74.2972,338.99,0.48,0.4,2026-05-29,753,N20,VIIRS,l,2,311.81,5.14,D,0
31.86974,74.29134,341.78,0.48,0.4,2026-05-29,753,N20,VIIRS,l,2,309.66,5.01,D,0
31.87334,74.29042,339.9,0.48,0.4,2026-05-29,753,N20,VIIRS,l,2,313.34,5.01,D,0
31.87427,74.29536,338.77,0.48,0.4,2026-05-29,753,N20,VIIRS,l,2,311.49,6.69,D,0
31.87694,74.28951,349.37,0.48,0.4,2026-05-29,753,N20,VIIRS,n,2,314.79,16.04,D,0
31.88054,74.28859,353.75,0.48,0.4,2026-05-29,753,N20,VIIRS,l,2,315.23,16.04,D,0
31.88895,74.37404,341.85,0.47,0.4,2026-05-29,753,N20,VIIRS,l,2,313.47,9.74,D,0
31.8926,74.39362,345.66,0.47,0.4,2026-05-29,753,N20,VIIRS,n,2,314.92,8.07,D,0
31.89454,72.8645,339.11,0.55,0.43,2026-05-29,753,N20,VIIRS,l,2,311.9,5.44,D,0
31.89486,72.86306,338.75,0.55,0.43,2026-05-29,753,N20,VIIRS,l,2,311.31,4.94,D,0
31.91138,74.37347,340.08,0.47,0.4,2026-05-29,753,N20,VIIRS,l,2,311.55,3.54,D,0
31.92219,74.41167,342.74,0.47,0.4,2026-05-29,753,N20,VIIRS,l,2,314.53,8.11,D,0
31.92939,74.47097,341.44,0.47,0.39,2026-05-29,753,N20,VIIRS,l,2,314.92,4.99,D,0
31.94991,74.481,343.68,0.47,0.39,2026-05-29,753,N20,VIIRS,l,2,313.03,7.56,D,0
31.97013,74.97468,341.4,0.45,0.39,2026-05-29,753,N20,VIIRS,l,2,314.12,5.16,D,0
31.97033,74.97643,346.58,0.45,0.39,2026-05-29,753,N20,VIIRS,n,2,315.67,7.45,D,0
31.974,74.46981,341.9,0.47,0.39,2026-05-29,753,N20,VIIRS,l,2,313.05,5.37,D,0
31.97933,74.47861,341.93,0.47,0.39,2026-05-29,753,N20,VIIRS,l,2,313.7,8.38,D,0
32.00352,74.43966,346.31,0.47,0.4,2026-05-29,753,N20,VIIRS,l,2,314.76,9.38,D,0
32.00709,74.43875,345.51,0.47,0.4,2026-05-29,753,N20,VIIRS,l,2,314.1,8.61,D,0
32.01702,74.57266,339.62,0.46,0.39,2026-05-29,753,N20,VIIRS,l,2,313.34,3.52,D,0
32.02678,74.54507,338.63,0.46,0.39,2026-05-29,753,N20,VIIRS,l,2,313.06,8.72,D,0
32.03034,74.52402,341.69,0.46,0.39,2026-05-29,753,N20,VIIRS,l,2,313.79,4.44,D,0
32.03389,74.52312,344.26,0.46,0.39,2026-05-29,753,N20,VIIRS,l,2,311.68,4.44,D,0
32.03478,74.52795,345.74,0.46,0.39,2026-05-29,753,N20,VIIRS,l,2,312.49,4.44,D,0
32.03991,72.69266,338.05,0.56,0.43,2026-05-29,753,N20,VIIRS,l,2,312.35,3.45,D,0
32.04545,74.52523,344.75,0.46,0.39,2026-05-29,753,N20,VIIRS,l,2,315.74,9.26,D,0
32.05167,74.51862,339.34,0.46,0.39,2026-05-29,753,N20,VIIRS,l,2,313.75,6.38,D,0
32.06792,73.31545,339.07,0.52,0.42,2026-05-29,753,N20,VIIRS,l,2,313.28,4.97,D,0
32.07748,72.43282,339.47,0.39,0.44,2026-05-29,753,N20,VIIRS,n,2,309.73,2.44,D,0
32.39466,73.5245,337.56,0.51,0.41,2026-05-29,753,N20,VIIRS,l,2,310.92,2.59,D,0
32.39595,75.21223,348.31,0.43,0.38,2026-05-29,753,N20,VIIRS,n,2,311.04,5.35,D,0
32.39725,72.29907,340.09,0.39,0.44,2026-05-29,753,N20,VIIRS,l,2,313.99,2.96,D,0
32.44984,73.42637,343.86,0.51,0.41,2026-05-29,753,N20,VIIRS,n,2,311.43,4.63,D,0
32.45031,73.42439,344.55,0.51,0.41,2026-05-29,753,N20,VIIRS,n,2,311.11,4.8,D,0
32.45573,73.82413,337.94,0.49,0.4,2026-05-29,753,N20,VIIRS,l,2,310.51,1.66,D,0
32.47208,73.7283,344.36,0.49,0.41,2026-05-29,753,N20,VIIRS,n,2,313.12,5.26,D,0
32.53793,75.58006,336.43,0.42,0.38,2026-05-29,753,N20,VIIRS,n,2,304.49,1.89,D,0
32.54132,75.57915,341.02,0.42,0.38,2026-05-29,753,N20,VIIRS,l,2,311.01,29.39,D,0
32.54992,75.52676,331.09,0.42,0.38,2026-05-29,753,N20,VIIRS,l,2,305.61,1.71,D,0
32.56797,70.35379,344.68,0.49,0.48,2026-05-29,753,N20,VIIRS,l,2,318,7.09,D,0
32.56905,70.35875,350.81,0.49,0.48,2026-05-29,753,N20,VIIRS,n,2,316.54,7.09,D,0
32.6272,75.28139,338.93,0.43,0.38,2026-05-29,753,N20,VIIRS,l,2,312.21,6.62,D,0
32.76184,74.52154,343.32,0.45,0.39,2026-05-29,753,N20,VIIRS,n,2,311.17,5.54,D,0
32.76537,74.52064,347.56,0.45,0.39,2026-05-29,753,N20,VIIRS,n,2,312.93,5.54,D,0
32.77661,71.48222,343.67,0.42,0.45,2026-05-29,753,N20,VIIRS,l,2,315.86,11.27,D,0
32.78074,72.98255,343.69,0.53,0.42,2026-05-29,753,N20,VIIRS,n,2,312.53,4.93,D,0
32.82638,74.88311,334.32,0.44,0.38,2026-05-29,753,N20,VIIRS,l,2,308.53,3.03,D,0
32.8265,74.87999,337.91,0.44,0.38,2026-05-29,753,N20,VIIRS,l,2,310.27,5.86,D,0
32.82985,74.88226,338.76,0.44,0.38,2026-05-29,753,N20,VIIRS,l,2,309.68,3.03,D,0
32.84057,72.6629,347.67,0.55,0.42,2026-05-29,753,N20,VIIRS,n,2,312.8,8.55,D,0
32.84132,72.66074,347.02,0.55,0.42,2026-05-29,753,N20,VIIRS,n,2,313.87,12.1,D,0
32.84437,72.66176,340.98,0.55,0.42,2026-05-29,753,N20,VIIRS,l,2,314.56,6.69,D,0
32.87376,71.4817,342.94,0.42,0.45,2026-05-29,753,N20,VIIRS,l,2,316.97,11.54,D,0
32.8821,74.86639,344.16,0.44,0.38,2026-05-29,753,N20,VIIRS,l,2,310.07,5.26,D,0
32.89083,74.9557,338.84,0.44,0.38,2026-05-29,753,N20,VIIRS,n,2,310.51,2.5,D,0
32.89174,74.85945,343.87,0.44,0.38,2026-05-29,753,N20,VIIRS,l,2,309.03,4.81,D,0
32.89254,74.86391,337,0.44,0.38,2026-05-29,753,N20,VIIRS,l,2,309.71,4.77,D,0
32.89336,73.79463,337.87,0.48,0.4,2026-05-29,753,N20,VIIRS,l,2,311.94,3.54,D,0
32.89521,75.29646,351.87,0.43,0.38,2026-05-29,753,N20,VIIRS,l,2,299.54,8.32,D,0
32.9209,74.77844,338.86,0.44,0.38,2026-05-29,753,N20,VIIRS,l,2,309.34,4.49,D,0
32.95441,74.51645,344.92,0.45,0.39,2026-05-29,753,N20,VIIRS,n,2,310.52,3.97,D,0
33.00789,74.53112,335.76,0.45,0.39,2026-05-29,753,N20,VIIRS,l,2,309.16,7.52,D,0
33.01564,75.14175,335.38,0.43,0.38,2026-05-29,753,N20,VIIRS,n,2,300.3,5.19,D,0
33.02816,74.54165,341.66,0.45,0.39,2026-05-29,753,N20,VIIRS,n,2,306.15,8.3,D,0
33.03157,74.56038,346.53,0.45,0.39,2026-05-29,753,N20,VIIRS,l,2,307,12.55,D,0
33.03162,74.54052,367,0.45,0.39,2026-05-29,753,N20,VIIRS,h,2,311.01,8.3,D,0
33.03506,74.53928,351.11,0.45,0.39,2026-05-29,753,N20,VIIRS,n,2,319.92,22.4,D,0
33.03592,74.54399,350.59,0.45,0.39,2026-05-29,753,N20,VIIRS,n,2,310.1,22.4,D,0
33.03675,74.54858,341.03,0.45,0.39,2026-05-29,753,N20,VIIRS,l,2,308.56,5.13,D,0
33.03851,74.53808,347.05,0.45,0.39,2026-05-29,753,N20,VIIRS,n,2,314.7,22.4,D,0
33.03856,74.51815,338.81,0.45,0.39,2026-05-29,753,N20,VIIRS,l,2,308.62,3.66,D,0
33.03937,74.5428,342.18,0.45,0.39,2026-05-29,753,N20,VIIRS,n,2,308.75,22.4,D,0
33.1379,74.44052,333.5,0.45,0.39,2026-05-29,753,N20,VIIRS,l,2,305.81,2.88,D,0
33.19905,74.29663,340.62,0.46,0.39,2026-05-29,753,N20,VIIRS,n,2,304.75,2.42,D,0
33.20004,75.28412,330.29,0.42,0.38,2026-05-29,753,N20,VIIRS,n,2,304.33,3.34,D,0
33.20065,74.14414,341.77,0.46,0.39,2026-05-29,753,N20,VIIRS,n,2,308.93,11.71,D,0
33.26382,73.53122,347.68,0.49,0.4,2026-05-29,753,N20,VIIRS,n,2,316.32,13.8,D,0
33.27649,73.59753,342.69,0.49,0.4,2026-05-29,753,N20,VIIRS,l,2,312.9,3.87,D,0
33.4035,74.23483,340.14,0.46,0.39,2026-05-29,753,N20,VIIRS,n,2,301,3.67,D,0
33.41488,74.2365,338.42,0.46,0.39,2026-05-29,753,N20,VIIRS,n,2,301.02,2.48,D,0
33.57068,73.24995,348.63,0.5,0.41,2026-05-29,754,N20,VIIRS,n,2,316.2,7.21,D,0
33.58108,73.70577,335.36,0.48,0.4,2026-05-29,754,N20,VIIRS,l,2,305.78,2.51,D,0
33.59484,73.88105,336.06,0.47,0.4,2026-05-29,754,N20,VIIRS,l,2,305.51,3.73,D,0
33.59583,73.8864,336.75,0.47,0.4,2026-05-29,754,N20,VIIRS,l,2,304.5,3.73,D,0
33.60573,73.89951,336.24,0.47,0.4,2026-05-29,754,N20,VIIRS,n,2,305.42,4.24,D,0
33.60994,73.821,336.53,0.47,0.4,2026-05-29,754,N20,VIIRS,l,2,305.28,4.13,D,0
33.6111,73.88808,335.98,0.47,0.4,2026-05-29,754,N20,VIIRS,l,2,307.86,3.97,D,0
33.61358,73.82043,331.55,0.47,0.4,2026-05-29,754,N20,VIIRS,n,2,303.78,1.86,D,0
33.62989,73.99005,333.97,0.46,0.39,2026-05-29,754,N20,VIIRS,l,2,306.96,3.47,D,0
33.63132,73.76913,331.07,0.47,0.4,2026-05-29,754,N20,VIIRS,l,2,304.25,2.5,D,0
33.63339,73.68017,333.24,0.48,0.4,2026-05-29,754,N20,VIIRS,l,2,305.96,5.2,D,0
33.63432,73.68512,342.01,0.48,0.4,2026-05-29,754,N20,VIIRS,n,2,305.36,6.43,D,0
33.63441,73.99442,339.03,0.46,0.39,2026-05-29,754,N20,VIIRS,l,2,308.93,4.72,D,0
33.63535,73.9995,344.99,0.46,0.39,2026-05-29,754,N20,VIIRS,n,2,305.56,4.72,D,0
33.63798,73.99358,335.55,0.46,0.39,2026-05-29,754,N20,VIIRS,l,2,309.66,3.83,D,0
33.63851,73.34385,342.75,0.49,0.4,2026-05-29,754,N20,VIIRS,n,2,310.5,5.16,D,0
33.6389,73.9986,333.24,0.46,0.39,2026-05-29,754,N20,VIIRS,l,2,305.29,3.83,D,0
33.64036,73.34101,348.71,0.49,0.4,2026-05-29,754,N20,VIIRS,n,2,312.06,10.38,D,0
33.64151,73.6832,343.58,0.48,0.4,2026-05-29,754,N20,VIIRS,n,2,304.81,6,D,0
33.6422,73.3431,337.44,0.49,0.4,2026-05-29,754,N20,VIIRS,l,2,311.78,6.45,D,0
33.6424,73.99742,337.1,0.46,0.39,2026-05-29,754,N20,VIIRS,l,2,304.83,3.83,D,0
33.64328,73.67255,337.6,0.48,0.4,2026-05-29,754,N20,VIIRS,n,2,306.28,3.19,D,0
33.6441,73.98638,333.7,0.46,0.39,2026-05-29,754,N20,VIIRS,l,2,304.98,4.72,D,0
33.6458,73.38898,334.88,0.49,0.4,2026-05-29,754,N20,VIIRS,n,2,309.73,1.79,D,0
33.64672,73.98029,347.47,0.46,0.39,2026-05-29,754,N20,VIIRS,n,2,307.35,4.72,D,0
33.64762,73.98523,346.79,0.46,0.39,2026-05-29,754,N20,VIIRS,n,2,308.2,4.72,D,0
33.64808,73.97745,338.43,0.46,0.39,2026-05-29,754,N20,VIIRS,n,2,306.12,2.99,D,0
33.649,73.98237,351,0.46,0.39,2026-05-29,754,N20,VIIRS,n,2,308.11,5,D,0
33.64913,73.36652,337.16,0.49,0.4,2026-05-29,754,N20,VIIRS,l,2,307.53,4.69,D,0
33.64982,73.3633,350.02,0.49,0.4,2026-05-29,754,N20,VIIRS,n,2,308.87,7.56,D,0
33.64993,73.98727,338.64,0.46,0.39,2026-05-29,754,N20,VIIRS,n,2,305.81,5,D,0
33.65112,73.984,367,0.46,0.39,2026-05-29,754,N20,VIIRS,h,2,308.36,10.68,D,0
33.6525,73.98119,334.18,0.46,0.39,2026-05-29,754,N20,VIIRS,l,2,306.69,5,D,0
33.65271,73.36523,335.88,0.49,0.4,2026-05-29,754,N20,VIIRS,n,2,303.86,4.69,D,0
33.65464,73.37523,338,0.49,0.4,2026-05-29,754,N20,VIIRS,n,2,306.4,3.63,D,0
33.65559,73.3802,337.38,0.49,0.4,2026-05-29,754,N20,VIIRS,n,2,305.58,1.86,D,0
33.65819,73.37382,347.16,0.49,0.4,2026-05-29,754,N20,VIIRS,n,2,309.39,12.06,D,0
33.66822,71.60843,345.11,0.4,0.44,2026-05-29,754,N20,VIIRS,n,2,310.38,4.17,D,0
33.66866,73.60625,335.76,0.48,0.4,2026-05-29,754,N20,VIIRS,n,2,305.25,1.76,D,0
33.6691,71.61266,339.59,0.4,0.44,2026-05-29,754,N20,VIIRS,l,2,310.67,4.17,D,0
33.67355,73.41387,336.06,0.49,0.4,2026-05-29,754,N20,VIIRS,n,2,300.21,2.53,D,0
33.67419,73.4371,341.42,0.49,0.4,2026-05-29,754,N20,VIIRS,n,2,306.18,3.69,D,0
33.67787,73.43635,353.16,0.49,0.4,2026-05-29,754,N20,VIIRS,n,2,307.49,16.04,D,0
33.68039,73.42962,346.63,0.49,0.4,2026-05-29,754,N20,VIIRS,n,2,306.03,16.04,D,0
33.68179,73.417,343.6,0.49,0.4,2026-05-29,754,N20,VIIRS,n,2,306.36,12.44,D,0
33.68285,73.42249,348.93,0.49,0.4,2026-05-29,754,N20,VIIRS,n,2,308.56,12.44,D,0
33.68343,73.44547,339.7,0.49,0.4,2026-05-29,754,N20,VIIRS,n,2,305.27,6.35,D,0
33.68391,73.42806,356.05,0.49,0.4,2026-05-29,754,N20,VIIRS,n,2,307.37,25.25,D,0
33.68435,73.45029,345.85,0.49,0.4,2026-05-29,754,N20,VIIRS,n,2,306.62,5.49,D,0
33.68896,73.45447,342.35,0.49,0.4,2026-05-29,754,N20,VIIRS,n,2,304.44,4.04,D,0
33.6933,73.39721,352.8,0.49,0.4,2026-05-29,754,N20,VIIRS,n,2,314.01,18.04,D,0
33.69364,73.45896,331.85,0.49,0.4,2026-05-29,754,N20,VIIRS,n,2,304.51,2.29,D,0
33.69732,73.45831,333.73,0.49,0.4,2026-05-29,754,N20,VIIRS,l,2,306.01,3.32,D,0
33.69892,73.40662,332.29,0.49,0.4,2026-05-29,754,N20,VIIRS,l,2,306.77,9.18,D,0
33.70451,73.45605,349.84,0.49,0.4,2026-05-29,754,N20,VIIRS,n,2,306.83,6.01,D,0
33.70562,73.46183,336.65,0.49,0.4,2026-05-29,754,N20,VIIRS,n,2,306.83,6.01,D,0
33.70919,73.46059,334.75,0.49,0.4,2026-05-29,754,N20,VIIRS,n,2,303.15,6.01,D,0
33.73023,72.95683,337.11,0.51,0.41,2026-05-29,754,N20,VIIRS,l,2,310.88,7.7,D,0
33.75683,73.43038,333.26,0.49,0.4,2026-05-29,754,N20,VIIRS,l,2,303.89,2.92,D,0
33.76552,71.88072,343.37,0.38,0.43,2026-05-29,754,N20,VIIRS,l,2,315.98,6.84,D,0
33.76862,71.87563,346.38,0.38,0.43,2026-05-29,754,N20,VIIRS,n,2,313.25,11.86,D,0
33.76942,71.87956,342.42,0.38,0.43,2026-05-29,754,N20,VIIRS,n,2,311,6.84,D,0
33.8165,73.52625,345.23,0.48,0.4,2026-05-29,754,N20,VIIRS,n,2,302.27,7.6,D,0
33.86552,72.03403,344.31,0.56,0.43,2026-05-29,754,N20,VIIRS,n,2,318.29,7.59,D,0
34.06028,73.25612,337.95,0.49,0.4,2026-05-29,754,N20,VIIRS,n,2,310.71,3.66,D,0
34.06178,73.25832,335.43,0.49,0.4,2026-05-29,754,N20,VIIRS,l,2,309.56,3.14,D,0
34.19138,72.54156,347.32,0.52,0.42,2026-05-29,754,N20,VIIRS,n,2,317.22,6.94,D,0
34.59046,71.96185,341.22,0.55,0.43,2026-05-29,754,N20,VIIRS,n,2,313.22,5.29,D,0
34.69779,71.99328,344.12,0.55,0.42,2026-05-29,754,N20,VIIRS,l,2,316.82,12.46,D,0
34.6986,71.99123,343.62,0.55,0.42,2026-05-29,754,N20,VIIRS,l,2,314.15,5.89,D,0
23.64191,69.8793,332.16,0.76,0.77,2026-05-29,932,N20,VIIRS,n,2,299.37,4.12,D,0
24.03006,69.53786,339.15,0.73,0.76,2026-05-29,932,N20,VIIRS,n,2,300.74,6.79,D,0
24.0305,69.54513,338.53,0.73,0.76,2026-05-29,932,N20,VIIRS,n,2,300.37,6.79,D,0
24.03094,69.55242,336.99,0.73,0.76,2026-05-29,932,N20,VIIRS,n,2,300.39,8.84,D,0
25.65335,68.36798,337.51,0.63,0.72,2026-05-29,932,N20,VIIRS,l,2,311.5,7.25,D,0
25.65375,68.3744,345.38,0.64,0.72,2026-05-29,932,N20,VIIRS,n,2,310.01,7.25,D,0
27.7085,68.17837,367,0.64,0.72,2026-05-29,933,N20,VIIRS,h,2,326.36,51.92,D,0
27.74471,68.22311,346.83,0.65,0.73,2026-05-29,933,N20,VIIRS,l,2,319.92,7.8,D,0
27.74508,68.2298,343.25,0.65,0.73,2026-05-29,933,N20,VIIRS,l,2,317.1,13.91,D,0
27.74734,68.2243,367,0.65,0.73,2026-05-29,933,N20,VIIRS,h,2,323.38,25.72,D,0
36.38282,94.95303,297.94,0.63,0.72,2026-05-29,1833,N20,VIIRS,n,2,280.53,1.59,N,0
34.56717,71.82793,309.43,0.45,0.63,2026-05-29,2015,N20,VIIRS,n,2,291.83,1.41,N,0
34.57266,71.83464,318.8,0.45,0.63,2026-05-29,2015,N20,VIIRS,n,2,292.62,2.83,N,0
34.57292,71.82978,304.22,0.45,0.63,2026-05-29,2015,N20,VIIRS,n,2,291.3,1.41,N,0
34.57847,71.83521,303.32,0.45,0.63,2026-05-29,2015,N20,VIIRS,n,2,291.64,1.35,N,0
34.57869,71.83139,314.55,0.45,0.63,2026-05-29,2015,N20,VIIRS,n,2,291.74,2.26,N,0
34.72339,72.24518,304.32,0.43,0.62,2026-05-29,2015,N20,VIIRS,n,2,290.69,1.82,N,0
34.72533,72.24594,301.94,0.43,0.62,2026-05-29,2015,N20,VIIRS,n,2,290.17,1.9,N,0
35.96757,68.68539,308.66,0.69,0.74,2026-05-29,2015,N20,VIIRS,n,2,292.04,2.45,N,2
36.94556,68.07186,302.98,0.76,0.77,2026-05-29,2015,N20,VIIRS,n,2,289.27,12.73,N,3
36.94585,68.05444,367,0.76,0.77,2026-05-29,2015,N20,VIIRS,h,2,290.41,64.38,N,0
36.94836,68.06836,335.61,0.76,0.77,2026-05-29,2015,N20,VIIRS,n,2,291.52,30.44,N,0
36.94847,68.05962,351.92,0.76,0.77,2026-05-29,2015,N20,VIIRS,n,2,300.37,30.44,N,0
36.94857,68.0509,330.15,0.76,0.77,2026-05-29,2015,N20,VIIRS,n,2,288.35,28.61,N,0
36.95271,68.07225,303.46,0.76,0.77,2026-05-29,2015,N20,VIIRS,n,2,289.08,4.33,N,0
36.95286,68.06346,333.57,0.76,0.77,2026-05-29,2015,N20,VIIRS,n,2,290.92,5.25,N,0
36.95301,68.05471,316.38,0.76,0.77,2026-05-29,2015,N20,VIIRS,n,2,287.47,5.25,N,0
36.95552,68.06877,307,0.76,0.77,2026-05-29,2015,N20,VIIRS,n,2,289.69,1.76,N,0
36.95564,68.05995,306.15,0.76,0.77,2026-05-29,2015,N20,VIIRS,n,2,288.65,1.76,N,0
29.37518,91.1509,298.02,0.55,0.51,2026-05-29,2016,N20,VIIRS,n,2,275.69,1.4,N,2
30.44451,76.74968,304.76,0.42,0.45,2026-05-29,2016,N20,VIIRS,n,2,293.55,0.63,N,0
30.68955,77.14907,303.11,0.4,0.44,2026-05-29,2016,N20,VIIRS,n,2,291.14,0.5,N,0
30.7041,78.28632,295.4,0.53,0.42,2026-05-29,2016,N20,VIIRS,n,2,282,0.92,N,0
30.70528,78.27641,296.93,0.53,0.42,2026-05-29,2016,N20,VIIRS,n,2,279.33,1,N,0
30.7309,77.37078,301.8,0.39,0.44,2026-05-29,2016,N20,VIIRS,n,2,287.37,1.6,N,0
30.73133,77.36695,313.88,0.39,0.44,2026-05-29,2016,N20,VIIRS,n,2,286.76,2.17,N,0
30.73491,77.37141,311.49,0.39,0.44,2026-05-29,2016,N20,VIIRS,n,2,287.56,1.6,N,0
30.73536,77.36752,332.63,0.39,0.44,2026-05-29,2016,N20,VIIRS,n,2,287.56,2.17,N,0
30.73599,77.39782,298.69,0.39,0.44,2026-05-29,2016,N20,VIIRS,n,2,288.11,0.57,N,0
30.75712,78.35268,299.52,0.52,0.42,2026-05-29,2016,N20,VIIRS,n,2,279.68,0.71,N,0
30.75786,78.35645,296.27,0.52,0.42,2026-05-29,2016,N20,VIIRS,n,2,280.53,0.98,N,0
30.86373,77.10748,299.84,0.41,0.45,2026-05-29,2016,N20,VIIRS,n,2,285.54,0.66,N,0
30.94583,77.07024,300.15,0.41,0.45,2026-05-29,2016,N20,VIIRS,n,2,288.61,0.88,N,0
30.95048,77.06576,304.81,0.41,0.45,2026-05-29,2016,N20,VIIRS,n,2,288.7,0.88,N,0
31.20257,76.67134,307.6,0.43,0.46,2026-05-29,2016,N20,VIIRS,n,2,292.12,1.18,N,0
31.38081,75.64042,315.23,0.5,0.49,2026-05-29,2016,N20,VIIRS,n,2,293.72,2.07,N,0
31.38131,75.63515,305.48,0.5,0.49,2026-05-29,2016,N20,VIIRS,n,2,293,1.62,N,0
31.38361,75.63873,320.09,0.5,0.49,2026-05-29,2016,N20,VIIRS,n,2,293.78,3.07,N,0
31.45562,76.90648,301.4,0.42,0.45,2026-05-29,2016,N20,VIIRS,n,2,285.91,0.53,N,0
31.45712,76.90468,300.52,0.42,0.45,2026-05-29,2016,N20,VIIRS,n,2,286.25,1.3,N,0
31.46092,75.82537,304.38,0.49,0.48,2026-05-29,2016,N20,VIIRS,n,2,291.82,0.92,N,0
31.46141,75.82021,307.67,0.49,0.48,2026-05-29,2016,N20,VIIRS,n,2,291.49,0.98,N,0
31.46259,75.82562,312.23,0.49,0.48,2026-05-29,2016,N20,VIIRS,n,2,291.65,2.19,N,0
31.90991,74.46756,304.92,0.59,0.53,2026-05-29,2016,N20,VIIRS,n,2,291.76,0.78,N,0
31.91175,74.46691,303.45,0.59,0.53,2026-05-29,2016,N20,VIIRS,n,2,291.37,1.09,N,0
32.60411,75.97769,343.07,0.49,0.49,2026-05-29,2016,N20,VIIRS,n,2,281.5,9,N,0
32.72478,75.27969,309.48,0.54,0.51,2026-05-29,2016,N20,VIIRS,n,2,287.84,1.29,N,0
32.72533,75.27354,307.8,0.54,0.51,2026-05-29,2016,N20,VIIRS,n,2,288.43,1.29,N,0
32.87738,72.49784,307.55,0.4,0.6,2026-05-29,2016,N20,VIIRS,n,2,293.04,0.62,N,0
32.89674,74.85614,321.61,0.58,0.52,2026-05-29,2016,N20,VIIRS,n,2,289.77,4.11,N,0
32.92818,75.22456,305.43,0.55,0.51,2026-05-29,2016,N20,VIIRS,n,2,287.26,1.46,N,0
32.98549,75.05972,308.73,0.56,0.52,2026-05-29,2016,N20,VIIRS,n,2,286.03,2.58,N,0
32.98887,75.07591,303.18,0.56,0.52,2026-05-29,2016,N20,VIIRS,n,2,284.91,3.56,N,0
33.03218,74.57123,302.52,0.6,0.53,2026-05-29,2016,N20,VIIRS,n,2,284.04,3.86,N,0
33.1478,74.80538,306.34,0.58,0.52,2026-05-29,2016,N20,VIIRS,n,2,289.71,3.28,N,0
33.19451,74.31515,311.09,0.62,0.54,2026-05-29,2016,N20,VIIRS,n,2,287.66,1.32,N,0
33.19522,74.3139,307.34,0.62,0.54,2026-05-29,2016,N20,VIIRS,n,2,287.1,2.51,N,0
33.20227,74.72437,300.95,0.59,0.53,2026-05-29,2016,N20,VIIRS,n,2,286.57,0.74,N,0
33.20272,74.71892,298.08,0.59,0.53,2026-05-29,2016,N20,VIIRS,n,2,285.75,0.74,N,0
33.28453,74.14121,301.3,0.32,0.55,2026-05-29,2016,N20,VIIRS,n,2,289.21,1.08,N,0
33.28977,74.13931,302.79,0.32,0.55,2026-05-29,2016,N20,VIIRS,n,2,290.13,0.74,N,0
33.29007,74.13548,307.65,0.32,0.55,2026-05-29,2016,N20,VIIRS,n,2,289.91,0.74,N,0
33.29773,74.29211,300.09,0.63,0.54,2026-05-29,2016,N20,VIIRS,n,2,288.76,0.85,N,0
33.31231,74.16631,304.05,0.32,0.55,2026-05-29,2016,N20,VIIRS,n,2,289.14,0.63,N,0
33.31291,74.16703,302.06,0.32,0.54,2026-05-29,2016,N20,VIIRS,n,2,288.75,0.55,N,0
33.4932,74.05344,311.22,0.33,0.55,2026-05-29,2016,N20,VIIRS,n,2,289.53,0.96,N,0
33.51955,73.77684,303.12,0.34,0.56,2026-05-29,2016,N20,VIIRS,n,2,290.46,0.44,N,0
33.57788,73.71246,303.3,0.34,0.56,2026-05-29,2016,N20,VIIRS,n,2,291.28,0.71,N,0
33.57812,73.7091,303.92,0.34,0.56,2026-05-29,2016,N20,VIIRS,n,2,291.42,0.81,N,0
33.57835,73.70579,307.14,0.34,0.56,2026-05-29,2016,N20,VIIRS,n,2,291.56,0.81,N,0
33.58135,73.87878,303.15,0.33,0.56,2026-05-29,2016,N20,VIIRS,n,2,289.65,0.49,N,0
33.58378,73.70296,307.04,0.34,0.56,2026-05-29,2016,N20,VIIRS,n,2,291.18,1.08,N,0
33.61639,73.82605,301.89,0.34,0.56,2026-05-29,2016,N20,VIIRS,n,2,290.03,0.68,N,0
33.61742,73.88076,301.69,0.33,0.56,2026-05-29,2016,N20,VIIRS,n,2,288.83,0.49,N,0
33.62572,73.77094,305.27,0.34,0.56,2026-05-29,2016,N20,VIIRS,n,2,289.9,0.45,N,0
33.62828,73.66679,302.27,0.34,0.56,2026-05-29,2016,N20,VIIRS,n,2,290.7,0.8,N,0
33.62858,73.66276,307.66,0.34,0.56,2026-05-29,2016,N20,VIIRS,n,2,289.95,0.93,N,0
33.63578,73.34344,310.97,0.36,0.57,2026-05-29,2016,N20,VIIRS,n,2,292.02,1.48,N,0
33.63651,73.76607,306.02,0.34,0.56,2026-05-29,2016,N20,VIIRS,n,2,290.08,1.34,N,0
33.64653,73.97119,300.64,0.33,0.55,2026-05-29,2016,N20,VIIRS,n,2,288.41,1.45,N,0
33.64685,73.96715,304.24,0.33,0.55,2026-05-29,2016,N20,VIIRS,n,2,287.97,1.04,N,0
33.64979,73.96741,328.06,0.33,0.55,2026-05-29,2016,N20,VIIRS,n,2,288.81,2.09,N,0
33.65199,73.96725,321.48,0.33,0.55,2026-05-29,2016,N20,VIIRS,n,2,288.55,1.04,N,0
33.65472,73.66357,302.45,0.34,0.56,2026-05-29,2016,N20,VIIRS,n,2,290.36,1.07,N,0
33.66908,73.61251,304.15,0.35,0.56,2026-05-29,2016,N20,VIIRS,n,2,290.47,0.37,N,0
33.67152,73.43844,303.64,0.35,0.57,2026-05-29,2016,N20,VIIRS,n,2,291.19,0.91,N,0
33.67614,73.44259,314.76,0.36,0.57,2026-05-29,2016,N20,VIIRS,n,2,292.04,0.83,N,0
33.67636,73.4394,306.28,0.36,0.57,2026-05-29,2016,N20,VIIRS,n,2,291.11,0.83,N,0
33.67649,73.44296,317.03,0.35,0.57,2026-05-29,2016,N20,VIIRS,n,2,292.21,1.26,N,0
33.67673,73.43976,307.1,0.35,0.57,2026-05-29,2016,N20,VIIRS,n,2,291.21,1.26,N,0
33.67828,73.41066,310.12,0.36,0.57,2026-05-29,2016,N20,VIIRS,n,2,291.33,1.14,N,0
33.67885,73.4111,311.57,0.36,0.57,2026-05-29,2016,N20,VIIRS,n,2,291.65,1.24,N,0
33.68137,73.44384,304.32,0.36,0.57,2026-05-29,2016,N20,VIIRS,n,2,291.13,0.83,N,0
33.68595,73.45436,308.74,0.35,0.57,2026-05-29,2016,N20,VIIRS,n,2,291.9,1.25,N,0
33.68623,73.45469,309.73,0.35,0.57,2026-05-29,2016,N20,VIIRS,n,2,291.79,1.35,N,0
33.68747,73.36639,304.12,0.36,0.57,2026-05-29,2016,N20,VIIRS,n,2,291.61,0.34,N,0
33.68947,73.55654,302.32,0.35,0.57,2026-05-29,2016,N20,VIIRS,n,2,290.63,0.52,N,0
33.69091,73.45935,309.7,0.35,0.57,2026-05-29,2016,N20,VIIRS,n,2,292.16,1.25,N,0
33.69116,73.45971,309.37,0.35,0.57,2026-05-29,2016,N20,VIIRS,n,2,292.13,1.35,N,0
33.69606,73.46178,320.72,0.35,0.57,2026-05-29,2016,N20,VIIRS,n,2,291.93,2.08,N,0
33.70459,73.56652,320.82,0.35,0.57,2026-05-29,2016,N20,VIIRS,n,2,292.15,2.67,N,0
33.70477,73.56406,329.58,0.35,0.57,2026-05-29,2016,N20,VIIRS,n,2,292.38,2.67,N,0
33.70496,73.5614,328.7,0.35,0.57,2026-05-29,2016,N20,VIIRS,n,2,291.64,3.76,N,0
33.74747,73.93571,299.66,0.33,0.55,2026-05-29,2016,N20,VIIRS,n,2,288,0.49,N,0
33.79797,73.95136,301.16,0.33,0.55,2026-05-29,2016,N20,VIIRS,n,2,287.49,0.71,N,0
33.81181,73.54327,309.78,0.35,0.57,2026-05-29,2016,N20,VIIRS,n,2,289.4,0.79,N,0
33.8127,72.86239,306.57,0.38,0.59,2026-05-29,2016,N20,VIIRS,n,2,293.95,1.16,N,0
33.81703,73.5443,306.77,0.35,0.57,2026-05-29,2016,N20,VIIRS,n,2,288.93,0.49,N,0
33.81802,72.86487,309.51,0.38,0.59,2026-05-29,2016,N20,VIIRS,n,2,292.98,1.16,N,0
33.81903,72.86496,305.08,0.38,0.59,2026-05-29,2016,N20,VIIRS,n,2,292.82,1.63,N,0
33.87303,72.02001,306.91,0.43,0.62,2026-05-29,2016,N20,VIIRS,n,2,292.36,1.18,N,0
33.87449,72.01881,318.5,0.43,0.62,2026-05-29,2016,N20,VIIRS,n,2,292.89,1.99,N,0
33.87852,72.02437,307.8,0.43,0.62,2026-05-29,2016,N20,VIIRS,n,2,293.55,1.53,N,0
33.8788,72.01974,319.92,0.43,0.62,2026-05-29,2016,N20,VIIRS,n,2,293.47,1.53,N,0
33.88026,72.0185,306.85,0.43,0.62,2026-05-29,2016,N20,VIIRS,n,2,293.1,1.41,N,0
34.17129,72.98915,317.25,0.38,0.59,2026-05-29,2016,N20,VIIRS,n,2,291.1,1.3,N,0
26.75922,83.20634,305.61,0.39,0.36,2026-05-29,2017,N20,VIIRS,n,2,293.23,0.84,N,2
26.76051,83.19854,305.31,0.39,0.36,2026-05-29,2017,N20,VIIRS,n,2,293.04,1.66,N,2
27.20475,82.41594,306.25,0.38,0.36,2026-05-29,2017,N20,VIIRS,n,2,292.94,0.51,N,0
28.23102,79.24559,295.02,0.45,0.39,2026-05-29,2017,N20,VIIRS,n,2,268.45,0.76,N,0
28.33836,69.08154,311.54,0.58,0.69,2026-05-29,2017,N20,VIIRS,n,2,297.93,1.53,N,0
28.4175,69.39967,320.07,0.55,0.68,2026-05-29,2017,N20,VIIRS,n,2,297.83,2.87,N,0
28.46226,68.23538,306.16,0.65,0.73,2026-05-29,2017,N20,VIIRS,n,2,295.61,1.22,N,0
28.77602,76.94987,319.58,0.39,0.44,2026-05-29,2017,N20,VIIRS,n,2,282.22,1.28,N,0
28.7805,76.94647,315.14,0.39,0.44,2026-05-29,2017,N20,VIIRS,n,2,282.01,0.9,N,0
29.00565,79.86364,303.82,0.43,0.38,2026-05-29,2017,N20,VIIRS,n,2,291.59,0.35,N,0
29.21331,79.68989,303.24,0.44,0.38,2026-05-29,2017,N20,VIIRS,n,2,287.77,0.52,N,0
29.45819,76.86595,298.88,0.4,0.44,2026-05-29,2017,N20,VIIRS,n,2,278.39,0.39,N,2
29.96055,70.07325,306.62,0.52,0.67,2026-05-29,2017,N20,VIIRS,n,2,294.54,3.14,N,0
22.05406,88.12742,308.88,0.51,0.49,2026-05-29,2018,N20,VIIRS,n,2,293.23,1.9,N,2
22.05503,88.12258,309.17,0.51,0.49,2026-05-29,2018,N20,VIIRS,n,2,293.03,1.9,N,2
22.05687,88.12457,310.25,0.51,0.49,2026-05-29,2018,N20,VIIRS,n,2,292.55,1.58,N,2
22.24343,87.39014,316.41,0.45,0.47,2026-05-29,2018,N20,VIIRS,n,2,292.83,1.78,N,2
22.57179,85.89694,303.6,0.55,0.43,2026-05-29,2018,N20,VIIRS,n,2,276.83,0.95,N,2
22.7882,86.20688,313.9,0.57,0.43,2026-05-29,2018,N20,VIIRS,n,2,284.95,3.39,N,2
22.79029,86.19607,302.9,0.57,0.43,2026-05-29,2018,N20,VIIRS,n,2,283.26,1.21,N,2
22.79105,86.21323,304.32,0.57,0.43,2026-05-29,2018,N20,VIIRS,n,2,284.63,0.93,N,0
22.79601,86.20871,307.78,0.57,0.43,2026-05-29,2018,N20,VIIRS,n,2,283.72,1.84,N,2
22.80229,86.09196,302.82,0.56,0.43,2026-05-29,2018,N20,VIIRS,n,2,285.52,0.66,N,2
22.8027,86.09039,302.42,0.56,0.43,2026-05-29,2018,N20,VIIRS,n,2,285.62,1.42,N,2
22.89685,80.36573,337.61,0.39,0.36,2026-05-29,2018,N20,VIIRS,n,2,297.22,5.08,N,0
22.92753,79.82756,308.2,0.39,0.37,2026-05-29,2018,N20,VIIRS,n,2,295.42,0.46,N,0
22.93306,79.83635,330.34,0.39,0.37,2026-05-29,2018,N20,VIIRS,n,2,296.52,1.78,N,0
22.93696,79.83311,307.49,0.39,0.37,2026-05-29,2018,N20,VIIRS,n,2,295.5,1.78,N,0
23.06439,83.05117,326.2,0.41,0.37,2026-05-29,2018,N20,VIIRS,n,2,296.86,1.57,N,0
23.06507,83.04722,309.05,0.41,0.37,2026-05-29,2018,N20,VIIRS,n,2,295.19,1.57,N,0
23.06845,83.0479,307.06,0.41,0.37,2026-05-29,2018,N20,VIIRS,n,2,294.96,1.57,N,0
23.11134,78.51359,332.17,0.43,0.38,2026-05-29,2018,N20,VIIRS,n,2,295.73,8.52,N,0
23.16366,82.33894,322.71,0.39,0.36,2026-05-29,2018,N20,VIIRS,n,2,297.9,2.42,N,2
23.16429,82.33511,317.3,0.39,0.36,2026-05-29,2018,N20,VIIRS,n,2,297.6,1.7,N,2
23.16635,82.34338,331.39,0.39,0.36,2026-05-29,2018,N20,VIIRS,n,2,298.98,2.42,N,2
23.16698,82.33957,329.4,0.39,0.36,2026-05-29,2018,N20,VIIRS,n,2,298.17,2.42,N,2
23.28096,80.40893,301.32,0.39,0.36,2026-05-29,2018,N20,VIIRS,n,2,273.6,0.94,N,0
23.36682,81.4676,308.78,0.38,0.36,2026-05-29,2018,N20,VIIRS,n,2,294.58,1.15,N,0
23.48723,87.36985,303.39,0.43,0.46,2026-05-29,2018,N20,VIIRS,n,2,292.04,0.65,N,2
23.5149,87.27333,303.33,0.42,0.45,2026-05-29,2018,N20,VIIRS,n,2,291.13,0.76,N,2
23.55323,87.24326,303.29,0.42,0.45,2026-05-29,2018,N20,VIIRS,n,2,291.55,1.88,N,3
23.55733,87.24421,312.16,0.42,0.45,2026-05-29,2018,N20,VIIRS,n,2,290.82,1.88,N,3
23.55815,87.24017,341.37,0.42,0.45,2026-05-29,2018,N20,VIIRS,n,2,291.6,1.88,N,2
23.55902,87.24532,308.79,0.42,0.45,2026-05-29,2018,N20,VIIRS,n,2,291.11,2.55,N,2
23.5598,87.24127,334.43,0.42,0.45,2026-05-29,2018,N20,VIIRS,n,2,291.61,2.55,N,2
23.56059,87.23722,306.91,0.42,0.45,2026-05-29,2018,N20,VIIRS,n,2,291.01,1.97,N,2
23.59356,77.68844,329.27,0.47,0.4,2026-05-29,2018,N20,VIIRS,n,2,285.89,8.69,N,0
23.59418,77.68385,335.48,0.47,0.4,2026-05-29,2018,N20,VIIRS,n,2,281.41,8.14,N,0
23.59719,77.689,336.06,0.47,0.4,2026-05-29,2018,N20,VIIRS,n,2,284.85,8.69,N,0
23.59781,77.68443,316.79,0.47,0.4,2026-05-29,2018,N20,VIIRS,n,2,281.12,8.14,N,0
23.62493,85.67679,308.99,0.52,0.41,2026-05-29,2018,N20,VIIRS,n,2,271.11,1.44,N,0
23.64522,85.4409,304.99,0.5,0.41,2026-05-29,2018,N20,VIIRS,n,2,276.34,1.54,N,2
23.64983,85.43681,308.81,0.5,0.41,2026-05-29,2018,N20,VIIRS,n,2,277.51,1.93,N,2
23.65584,85.50896,297.22,0.51,0.41,2026-05-29,2018,N20,VIIRS,n,2,273.57,0.9,N,2
23.66388,87.15954,304.52,0.41,0.45,2026-05-29,2018,N20,VIIRS,n,2,290.25,1.57,N,2
23.66466,87.15559,322.42,0.41,0.45,2026-05-29,2018,N20,VIIRS,n,2,291.63,1.57,N,2
23.67066,78.22662,299.87,0.45,0.39,2026-05-29,2018,N20,VIIRS,n,2,278.58,0.97,N,0
23.68228,87.13049,300.86,0.41,0.45,2026-05-29,2018,N20,VIIRS,n,2,287.62,0.79,N,2
23.6855,86.39253,303.58,0.56,0.43,2026-05-29,2018,N20,VIIRS,n,2,267.14,1.53,N,2
23.68709,87.12225,312.15,0.41,0.45,2026-05-29,2018,N20,VIIRS,n,2,285.45,1.66,N,2
23.68789,87.12351,309.58,0.41,0.45,2026-05-29,2018,N20,VIIRS,n,2,285.25,1.19,N,2
23.68844,87.09869,301.17,0.41,0.45,2026-05-29,2018,N20,VIIRS,n,2,287.67,0.96,N,2
23.69116,87.12315,309.51,0.41,0.45,2026-05-29,2018,N20,VIIRS,n,2,286.94,1.66,N,2
23.69187,87.0984,304.49,0.41,0.45,2026-05-29,2018,N20,VIIRS,n,2,287.2,0.9,N,2
23.69195,87.12443,309.63,0.41,0.45,2026-05-29,2018,N20,VIIRS,n,2,286.77,1.19,N,2
23.6925,87.09963,301.92,0.41,0.45,2026-05-29,2018,N20,VIIRS,n,2,287.11,0.76,N,2
23.69271,87.12048,301.13,0.41,0.45,2026-05-29,2018,N20,VIIRS,n,2,287.13,1.19,N,2
23.69275,87.11521,304.17,0.41,0.45,2026-05-29,2018,N20,VIIRS,n,2,287.51,0.84,N,2
23.69349,87.11648,303.99,0.41,0.45,2026-05-29,2018,N20,VIIRS,n,2,287.59,0.85,N,2
23.69355,87.11124,302.82,0.41,0.45,2026-05-29,2018,N20,VIIRS,n,2,285.94,0.84,N,2
23.69426,87.1125,303.43,0.41,0.45,2026-05-29,2018,N20,VIIRS,n,2,286.71,0.85,N,2
23.69434,87.10728,303.32,0.41,0.45,2026-05-29,2018,N20,VIIRS,n,2,286.98,1.95,N,2
23.69437,85.37298,297.2,0.5,0.41,2026-05-29,2018,N20,VIIRS,n,2,270.29,1.22,N,0
23.69502,87.10853,299.78,0.41,0.45,2026-05-29,2018,N20,VIIRS,n,2,287.02,0.95,N,2
23.69523,87.12406,305.72,0.41,0.45,2026-05-29,2018,N20,VIIRS,n,2,288.34,1.18,N,2
23.69579,87.10455,300.99,0.41,0.45,2026-05-29,2018,N20,VIIRS,n,2,286.14,0.95,N,2
23.69635,85.37161,300.01,0.5,0.41,2026-05-29,2018,N20,VIIRS,n,2,269.3,0.64,N,0
23.69672,87.09538,302.11,0.41,0.45,2026-05-29,2018,N20,VIIRS,n,2,285.51,0.9,N,2
23.69732,87.09661,301.73,0.41,0.45,2026-05-29,2018,N20,VIIRS,n,2,286.24,0.76,N,2
23.71106,75.89716,305.58,0.39,0.44,2026-05-29,2018,N20,VIIRS,n,2,292.22,2.58,N,0
23.71135,86.4493,307.68,0.57,0.43,2026-05-29,2018,N20,VIIRS,n,2,282.78,2.22,N,2
23.71159,86.44571,300.78,0.57,0.43,2026-05-29,2018,N20,VIIRS,n,2,281.72,2.23,N,2
23.71444,86.452,309.41,0.57,0.43,2026-05-29,2018,N20,VIIRS,n,2,282.48,2.64,N,2
23.71526,86.45016,306.53,0.57,0.43,2026-05-29,2018,N20,VIIRS,n,2,282.28,2.69,N,2
23.7205,85.00932,302.9,0.48,0.4,2026-05-29,2018,N20,VIIRS,n,2,279.67,0.83,N,2
23.73583,85.00777,300.2,0.48,0.4,2026-05-29,2018,N20,VIIRS,n,2,277.76,1.01,N,2
23.73693,85.0225,297.82,0.48,0.4,2026-05-29,2018,N20,VIIRS,n,2,276.85,0.79,N,0
23.7382,86.43462,323.78,0.56,0.43,2026-05-29,2018,N20,VIIRS,n,2,283.99,4.52,N,2
23.73945,85.00855,307.94,0.48,0.4,2026-05-29,2018,N20,VIIRS,n,2,277.84,1.81,N,2
23.75621,86.40466,298.32,0.56,0.43,2026-05-29,2018,N20,VIIRS,n,2,275.5,0.68,N,2
23.77784,86.20866,297.1,0.55,0.42,2026-05-29,2018,N20,VIIRS,n,2,274.35,1.19,N,2
23.78097,85.57584,295.36,0.51,0.41,2026-05-29,2018,N20,VIIRS,n,2,266.08,0.46,N,0
23.78933,85.55209,296.37,0.51,0.41,2026-05-29,2018,N20,VIIRS,n,2,268.58,0.49,N,2
23.82499,84.57311,313.96,0.46,0.39,2026-05-29,2018,N20,VIIRS,n,2,293.35,2.67,N,0
23.83208,84.57458,311.99,0.46,0.39,2026-05-29,2018,N20,VIIRS,n,2,292,1.22,N,0
24.04064,77.83276,304.74,0.47,0.4,2026-05-29,2018,N20,VIIRS,n,2,289.59,0.73,N,0
24.12922,82.62063,307.3,0.39,0.36,2026-05-29,2018,N20,VIIRS,n,2,294.86,1.07,N,0
24.13869,82.74977,312.3,0.4,0.37,2026-05-29,2018,N20,VIIRS,n,2,294.65,1.62,N,0
24.14033,82.59502,311.47,0.39,0.36,2026-05-29,2018,N20,VIIRS,n,2,295.86,1.47,N,0
24.14223,77.01614,310.31,0.51,0.41,2026-05-29,2018,N20,VIIRS,n,2,288.65,0.97,N,0
24.1426,77.01391,309.6,0.51,0.41,2026-05-29,2018,N20,VIIRS,n,2,288.43,1.41,N,0
24.14393,82.63544,306.53,0.39,0.37,2026-05-29,2018,N20,VIIRS,n,2,295.01,1.11,N,2
24.14512,82.71107,312.36,0.4,0.37,2026-05-29,2018,N20,VIIRS,n,2,294.38,1.8,N,0
24.15363,82.59755,307.91,0.39,0.36,2026-05-29,2018,N20,VIIRS,n,2,294.98,1.51,N,0
24.16183,82.63094,310.15,0.39,0.36,2026-05-29,2018,N20,VIIRS,n,2,295.84,1.32,N,0
24.16247,82.62709,310.93,0.39,0.36,2026-05-29,2018,N20,VIIRS,n,2,295.05,1.33,N,2
24.16706,82.62009,314.12,0.39,0.36,2026-05-29,2018,N20,VIIRS,n,2,294.11,0.9,N,2
24.17038,82.62076,306.75,0.39,0.36,2026-05-29,2018,N20,VIIRS,n,2,293.66,0.9,N,0
24.17807,82.65296,315.98,0.39,0.37,2026-05-29,2018,N20,VIIRS,n,2,295.06,1.77,N,0
24.18269,82.64593,311.12,0.39,0.37,2026-05-29,2018,N20,VIIRS,n,2,294.02,1.14,N,0
24.18676,82.66262,307.54,0.39,0.37,2026-05-29,2018,N20,VIIRS,n,2,294.32,0.78,N,2
24.19836,82.71661,308.27,0.4,0.37,2026-05-29,2018,N20,VIIRS,n,2,294.73,1.84,N,0
24.20232,82.71347,308.12,0.4,0.37,2026-05-29,2018,N20,VIIRS,n,2,294.56,1.63,N,2
24.20296,82.70962,319.87,0.4,0.37,2026-05-29,2018,N20,VIIRS,n,2,295.1,1.63,N,2
24.20629,82.71027,318.29,0.4,0.37,2026-05-29,2018,N20,VIIRS,n,2,295.86,2.76,N,2
24.7625,74.60927,305.96,0.48,0.48,2026-05-29,2018,N20,VIIRS,n,2,294.22,3.28,N,2
24.9284,84.14677,304.28,0.43,0.38,2026-05-29,2018,N20,VIIRS,n,2,294,0.99,N,2
25.0324,87.37734,297.49,0.4,0.44,2026-05-29,2018,N20,VIIRS,n,2,268.36,0.82,N,2
25.14452,75.87452,312.22,0.41,0.45,2026-05-29,2018,N20,VIIRS,n,2,292.83,1.78,N,0
25.31164,83.01575,311.36,0.4,0.37,2026-05-29,2018,N20,VIIRS,n,2,295.34,1.03,N,2
25.51375,72.95601,307.66,0.62,0.54,2026-05-29,2018,N20,VIIRS,n,2,294.04,6.31,N,0
25.94229,72.18876,310.28,0.35,0.57,2026-05-29,2018,N20,VIIRS,n,2,297.73,0.81,N,0
19.08663,80.88969,310.47,0.39,0.36,2026-05-29,2019,N20,VIIRS,n,2,297.16,1.25,N,0
19.093,82.16946,312.54,0.41,0.37,2026-05-29,2019,N20,VIIRS,n,2,294.23,2.48,N,2
19.09706,82.16621,318.92,0.41,0.37,2026-05-29,2019,N20,VIIRS,n,2,292.49,1.83,N,2
19.1032,82.17139,305.15,0.41,0.37,2026-05-29,2019,N20,VIIRS,n,2,292.54,1,N,2
19.10386,82.16749,322.4,0.41,0.37,2026-05-29,2019,N20,VIIRS,n,2,293.44,2.12,N,2
19.49944,79.08385,309.17,0.39,0.36,2026-05-29,2019,N20,VIIRS,n,2,298.35,0.79,N,0
19.75475,78.22209,315.88,0.41,0.37,2026-05-29,2019,N20,VIIRS,n,2,300.99,1.25,N,0
19.7876,79.06244,312.86,0.39,0.37,2026-05-29,2019,N20,VIIRS,n,2,300.6,1.11,N,2
19.79757,79.55362,325.46,0.39,0.36,2026-05-29,2019,N20,VIIRS,n,2,300.12,1.95,N,0
19.80433,79.24501,313.33,0.39,0.36,2026-05-29,2019,N20,VIIRS,n,2,299.69,1.03,N,0
19.96348,79.33556,318.18,0.39,0.36,2026-05-29,2019,N20,VIIRS,n,2,300.77,1.37,N,2
19.99722,79.18085,311.02,0.39,0.36,2026-05-29,2019,N20,VIIRS,n,2,300.82,2.67,N,0
19.99817,77.97147,310.92,0.42,0.38,2026-05-29,2019,N20,VIIRS,n,2,299.74,0.58,N,0
20.00163,77.97202,313.94,0.42,0.38,2026-05-29,2019,N20,VIIRS,n,2,300.14,0.9,N,0
20.00943,79.19059,327.46,0.39,0.36,2026-05-29,2019,N20,VIIRS,n,2,300.95,4.35,N,0
20.01269,78.03358,315.6,0.42,0.38,2026-05-29,2019,N20,VIIRS,n,2,300.42,1.08,N,0
20.02695,78.46449,310.12,0.41,0.37,2026-05-29,2019,N20,VIIRS,n,2,300.03,0.74,N,0
20.05659,77.80025,315.43,0.43,0.38,2026-05-29,2019,N20,VIIRS,n,2,300.14,0.71,N,0
20.05833,80.60323,312.2,0.38,0.36,2026-05-29,2019,N20,VIIRS,n,2,295.71,2.61,N,0
20.07501,79.06644,331.86,0.4,0.37,2026-05-29,2019,N20,VIIRS,n,2,300.7,3.04,N,0
20.07836,79.06699,329.99,0.4,0.37,2026-05-29,2019,N20,VIIRS,n,2,302.32,3.04,N,0
20.12699,79.01727,313.37,0.4,0.37,2026-05-29,2019,N20,VIIRS,n,2,299.06,1.22,N,0
20.14968,79.20208,316.78,0.39,0.36,2026-05-29,2019,N20,VIIRS,n,2,299.54,0.91,N,0
20.15138,80.66043,307.93,0.38,0.36,2026-05-29,2019,N20,VIIRS,n,2,295.06,0.5,N,0
20.15325,79.53851,345.5,0.39,0.36,2026-05-29,2019,N20,VIIRS,n,2,306.54,5.74,N,0
20.15382,79.53479,331.81,0.39,0.36,2026-05-29,2019,N20,VIIRS,n,2,300.81,5.74,N,0
20.15657,79.53906,325.97,0.39,0.36,2026-05-29,2019,N20,VIIRS,n,2,301,5.74,N,0
20.15714,79.53535,334.67,0.39,0.36,2026-05-29,2019,N20,VIIRS,n,2,300.56,5.74,N,0
20.16491,79.52907,311.08,0.39,0.36,2026-05-29,2019,N20,VIIRS,n,2,299.42,1.99,N,0
20.16766,79.53334,309.83,0.39,0.36,2026-05-29,2019,N20,VIIRS,n,2,299.23,0.77,N,0
20.16822,79.52964,311.75,0.39,0.36,2026-05-29,2019,N20,VIIRS,n,2,299.46,0.77,N,0
20.16879,79.52594,312.82,0.39,0.36,2026-05-29,2019,N20,VIIRS,n,2,298.72,1.45,N,0
20.17154,79.53021,310.09,0.39,0.36,2026-05-29,2019,N20,VIIRS,n,2,299.16,0.77,N,0
20.17485,79.53079,309.31,0.39,0.36,2026-05-29,2019,N20,VIIRS,n,2,298.84,0.83,N,0
20.17557,80.8901,311.34,0.39,0.36,2026-05-29,2019,N20,VIIRS,n,2,297.9,3.35,N,0
20.24934,80.51297,312.59,0.38,0.36,2026-05-29,2019,N20,VIIRS,n,2,296.8,0.41,N,0
20.26902,75.20883,307.14,0.39,0.44,2026-05-29,2019,N20,VIIRS,n,2,294.88,0.69,N,0
20.27076,75.20897,306.85,0.39,0.44,2026-05-29,2019,N20,VIIRS,n,2,294.97,0.73,N,0
20.31829,79.7247,311.11,0.39,0.36,2026-05-29,2019,N20,VIIRS,n,2,299.64,0.85,N,0
20.3221,75.25416,307.15,0.38,0.44,2026-05-29,2019,N20,VIIRS,n,2,294.74,0.64,N,0
20.38007,79.87466,312.22,0.39,0.36,2026-05-29,2019,N20,VIIRS,n,2,300.34,1.28,N,0
20.43421,75.40845,308.46,0.57,0.43,2026-05-29,2019,N20,VIIRS,n,2,295.74,1.74,N,0
20.53068,85.90816,302.05,0.4,0.44,2026-05-29,2019,N20,VIIRS,n,2,282.12,0.48,N,2
20.53359,85.90886,303.88,0.4,0.44,2026-05-29,2019,N20,VIIRS,n,2,282.14,0.42,N,2
20.69834,78.63792,314.37,0.41,0.37,2026-05-29,2019,N20,VIIRS,n,2,301.52,2.08,N,2
20.70402,78.62286,315.94,0.41,0.37,2026-05-29,2019,N20,VIIRS,n,2,301.36,1.81,N,2
20.75999,85.29646,302.15,0.54,0.42,2026-05-29,2019,N20,VIIRS,n,2,272.42,1.1,N,2
20.76085,85.29846,300.45,0.54,0.42,2026-05-29,2019,N20,VIIRS,n,2,272.32,1.31,N,2
20.78412,73.62985,309.14,0.49,0.49,2026-05-29,2019,N20,VIIRS,n,2,294.39,3.07,N,0
20.78666,81.81933,332.94,0.4,0.37,2026-05-29,2019,N20,VIIRS,n,2,293.51,5.3,N,0
20.78733,81.87766,334.78,0.4,0.37,2026-05-29,2019,N20,VIIRS,n,2,293.56,4.34,N,0
20.78999,81.81995,323.36,0.4,0.37,2026-05-29,2019,N20,VIIRS,n,2,293.72,2.62,N,0
20.79061,81.81619,332.95,0.4,0.37,2026-05-29,2019,N20,VIIRS,n,2,293.94,2.62,N,0
20.79123,81.81243,315,0.4,0.37,2026-05-29,2019,N20,VIIRS,n,2,292.85,3.39,N,0
20.79394,81.81681,308.28,0.4,0.37,2026-05-29,2019,N20,VIIRS,n,2,293.32,2.62,N,0
20.79456,81.81305,333.36,0.4,0.37,2026-05-29,2019,N20,VIIRS,n,2,294.13,3.39,N,0
20.81462,78.41431,317,0.42,0.37,2026-05-29,2019,N20,VIIRS,n,2,299.35,1.6,N,0
20.8158,81.20424,309.95,0.39,0.36,2026-05-29,2019,N20,VIIRS,n,2,296.35,5.46,N,0
20.81788,81.81741,322.93,0.4,0.37,2026-05-29,2019,N20,VIIRS,n,2,293.06,1.78,N,0
20.83585,81.8904,316.62,0.4,0.37,2026-05-29,2019,N20,VIIRS,n,2,293.46,1.19,N,0
20.86367,79.2429,316.02,0.4,0.37,2026-05-29,2019,N20,VIIRS,n,2,299.86,1.3,N,0
20.87619,82.15554,306.52,0.4,0.37,2026-05-29,2019,N20,VIIRS,n,2,291.62,0.6,N,0
20.8789,82.15999,321.93,0.4,0.37,2026-05-29,2019,N20,VIIRS,n,2,291.96,1.34,N,0
20.87955,82.15617,309.88,0.4,0.37,2026-05-29,2019,N20,VIIRS,n,2,291.8,0.6,N,0
20.88181,81.02697,308.87,0.39,0.36,2026-05-29,2019,N20,VIIRS,n,2,296.01,5,N,0
20.88226,82.16063,309.02,0.4,0.37,2026-05-29,2019,N20,VIIRS,n,2,291.92,0.46,N,0
20.8829,82.15681,311.7,0.4,0.37,2026-05-29,2019,N20,VIIRS,n,2,291.96,0.72,N,0
20.8949,82.14726,310.04,0.4,0.37,2026-05-29,2019,N20,VIIRS,n,2,291.26,0.47,N,0
20.89505,81.88596,322.53,0.4,0.37,2026-05-29,2019,N20,VIIRS,n,2,292.24,2.35,N,0
20.89567,81.88219,318.94,0.4,0.37,2026-05-29,2019,N20,VIIRS,n,2,292.63,2.35,N,0
20.8963,81.87843,322.31,0.4,0.37,2026-05-29,2019,N20,VIIRS,n,2,292.52,1.14,N,0
20.89901,81.88281,337.02,0.4,0.37,2026-05-29,2019,N20,VIIRS,n,2,293.92,2.35,N,0
20.89963,81.87905,313.17,0.4,0.37,2026-05-29,2019,N20,VIIRS,n,2,293.05,1.14,N,0
20.91978,81.99905,311.12,0.4,0.37,2026-05-29,2019,N20,VIIRS,n,2,292.49,0.4,N,0
20.93644,79.13723,310.11,0.4,0.37,2026-05-29,2019,N20,VIIRS,n,2,299.23,0.52,N,0
20.94217,79.05197,311.25,0.4,0.37,2026-05-29,2019,N20,VIIRS,n,2,298.58,0.52,N,0
20.94787,82.0787,325.33,0.4,0.37,2026-05-29,2019,N20,VIIRS,n,2,293.55,1.92,N,0
20.9485,82.0749,313.02,0.4,0.37,2026-05-29,2019,N20,VIIRS,n,2,293.06,1.32,N,0
20.94989,86.04676,306.59,0.4,0.44,2026-05-29,2019,N20,VIIRS,n,2,284.88,1.05,N,2
20.96188,86.00636,313.61,0.39,0.44,2026-05-29,2019,N20,VIIRS,n,2,288.38,1.51,N,2
20.96659,86.00349,312.6,0.39,0.44,2026-05-29,2019,N20,VIIRS,n,2,288.87,2.29,N,2
20.96841,86.01563,308.32,0.4,0.44,2026-05-29,2019,N20,VIIRS,n,2,288.23,2.36,N,2
20.96913,86.01189,322.96,0.4,0.44,2026-05-29,2019,N20,VIIRS,n,2,287.9,4,N,2
20.9698,80.16877,318.23,0.39,0.36,2026-05-29,2019,N20,VIIRS,n,2,300.03,1.35,N,0
20.97038,80.16506,314.23,0.39,0.36,2026-05-29,2019,N20,VIIRS,n,2,298.91,1.35,N,0
20.97168,86.02027,305.71,0.4,0.44,2026-05-29,2019,N20,VIIRS,n,2,284.64,0.43,N,2
21.08655,78.94992,320.41,0.4,0.37,2026-05-29,2019,N20,VIIRS,n,2,298.67,1.18,N,0
21.10175,72.63676,329.36,0.57,0.52,2026-05-29,2019,N20,VIIRS,n,2,296.26,8.19,N,2
21.10199,72.63583,324.46,0.57,0.52,2026-05-29,2019,N20,VIIRS,n,2,296.18,8.04,N,2
21.10553,72.64748,315.56,0.57,0.52,2026-05-29,2019,N20,VIIRS,n,2,296.69,5.56,N,2
21.10595,72.64291,308.06,0.57,0.52,2026-05-29,2019,N20,VIIRS,n,2,295.04,5.32,N,2
21.15103,78.22029,315.6,0.42,0.38,2026-05-29,2019,N20,VIIRS,n,2,299.81,0.98,N,0
21.1539,78.22492,313.09,0.42,0.38,2026-05-29,2019,N20,VIIRS,n,2,300.12,0.98,N,0
21.15449,78.22085,311.32,0.42,0.38,2026-05-29,2019,N20,VIIRS,n,2,299.83,0.98,N,0
21.15736,78.22548,309.82,0.42,0.38,2026-05-29,2019,N20,VIIRS,n,2,299.72,0.56,N,0
21.18093,81.38783,319.6,0.39,0.36,2026-05-29,2019,N20,VIIRS,n,2,300.67,2.24,N,3
21.18693,81.39275,313.43,0.39,0.36,2026-05-29,2019,N20,VIIRS,n,2,300.34,1.33,N,2
21.18754,81.38904,313.97,0.39,0.36,2026-05-29,2019,N20,VIIRS,n,2,299.98,1.33,N,2
21.19101,81.19954,315.14,0.39,0.36,2026-05-29,2019,N20,VIIRS,n,2,299.47,1.5,N,2
21.20401,72.86089,308.72,0.56,0.51,2026-05-29,2019,N20,VIIRS,n,2,296.09,4.21,N,0
21.23257,79.63173,323.29,0.39,0.36,2026-05-29,2019,N20,VIIRS,n,2,301.15,2.4,N,2
21.24148,79.23042,312.68,0.4,0.37,2026-05-29,2019,N20,VIIRS,n,2,301.43,1.57,N,0
21.24261,79.22279,320.42,0.4,0.37,2026-05-29,2019,N20,VIIRS,n,2,301.18,2.17,N,0
21.24597,79.22337,325.54,0.4,0.37,2026-05-29,2019,N20,VIIRS,n,2,303.53,2.49,N,2
21.24766,79.21191,315.18,0.4,0.37,2026-05-29,2019,N20,VIIRS,n,2,300.75,1.21,N,0
21.24823,79.2081,319.82,0.4,0.37,2026-05-29,2019,N20,VIIRS,n,2,299.98,1.21,N,2
21.25102,79.21249,309.89,0.4,0.37,2026-05-29,2019,N20,VIIRS,n,2,299.73,1.21,N,0
21.25999,79.19837,310.58,0.4,0.37,2026-05-29,2019,N20,VIIRS,n,2,300.45,1.65,N,0
21.27015,79.15305,315.23,0.4,0.37,2026-05-29,2019,N20,VIIRS,n,2,299.69,1.43,N,0
21.28081,79.15092,319.33,0.4,0.37,2026-05-29,2019,N20,VIIRS,n,2,299.61,1.26,N,2
21.28081,82.79546,313.96,0.42,0.37,2026-05-29,2019,N20,VIIRS,n,2,292.04,1.67,N,0
21.28489,82.79216,312.82,0.42,0.37,2026-05-29,2019,N20,VIIRS,n,2,292.49,2.02,N,0
21.29816,81.6078,314.69,0.39,0.36,2026-05-29,2019,N20,VIIRS,n,2,298.24,0.98,N,2
21.29926,82.11977,313.25,0.4,0.37,2026-05-29,2019,N20,VIIRS,n,2,292.68,0.57,N,0
21.3058,77.21011,317.94,0.47,0.4,2026-05-29,2019,N20,VIIRS,n,2,297.87,1.25,N,0
21.30671,82.9521,304.63,0.42,0.38,2026-05-29,2019,N20,VIIRS,n,2,278.48,2.4,N,0
21.307,77.20841,317.07,0.47,0.4,2026-05-29,2019,N20,VIIRS,n,2,297.89,1.65,N,0
21.30944,82.95675,310.1,0.42,0.38,2026-05-29,2019,N20,VIIRS,n,2,283.51,1.81,N,0
21.31013,82.95276,333,0.42,0.38,2026-05-29,2019,N20,VIIRS,n,2,282.71,2.4,N,0
21.31165,79.53305,309.91,0.39,0.36,2026-05-29,2019,N20,VIIRS,n,2,297.77,0.4,N,0
21.33514,78.97067,312.96,0.4,0.37,2026-05-29,2019,N20,VIIRS,n,2,299.71,1.63,N,0
21.33571,78.9668,313.46,0.4,0.37,2026-05-29,2019,N20,VIIRS,n,2,299.28,1.15,N,0
21.34653,81.66674,312.38,0.39,0.36,2026-05-29,2019,N20,VIIRS,n,2,297.54,1.69,N,2
21.34714,81.66301,328.5,0.39,0.36,2026-05-29,2019,N20,VIIRS,n,2,297.19,1.69,N,2
21.36348,78.65903,322.4,0.41,0.37,2026-05-29,2019,N20,VIIRS,n,2,298.23,2.43,N,0
21.3706,81.68661,312.75,0.39,0.36,2026-05-29,2019,N20,VIIRS,n,2,298.6,1.73,N,2
21.37514,81.67976,316.58,0.39,0.36,2026-05-29,2019,N20,VIIRS,n,2,299.46,1.77,N,2
21.37845,81.6804,312.5,0.39,0.36,2026-05-29,2019,N20,VIIRS,n,2,298.67,1.2,N,2
21.38259,77.32995,314.38,0.46,0.39,2026-05-29,2019,N20,VIIRS,n,2,298.05,1.27,N,0
21.43875,78.64616,310.28,0.41,0.37,2026-05-29,2019,N20,VIIRS,n,2,297.6,0.62,N,0
21.46955,77.81472,311.78,0.44,0.39,2026-05-29,2019,N20,VIIRS,n,2,298.29,0.63,N,0
21.4733,76.38396,313.25,0.52,0.41,2026-05-29,2019,N20,VIIRS,n,2,298.12,1.3,N,0
21.48614,81.76913,312.62,0.39,0.36,2026-05-29,2019,N20,VIIRS,n,2,298.62,1.02,N,2
21.5601,81.756,312.49,0.39,0.36,2026-05-29,2019,N20,VIIRS,n,2,299.83,1.08,N,2
21.56859,77.14645,319.14,0.47,0.4,2026-05-29,2019,N20,VIIRS,n,2,297.47,1.84,N,0
21.57718,82.02155,312.43,0.4,0.37,2026-05-29,2019,N20,VIIRS,n,2,299.42,2,N,2
21.5814,81.6676,308.51,0.39,0.36,2026-05-29,2019,N20,VIIRS,n,2,296.58,0.14,N,0
21.62183,81.7934,311.27,0.39,0.36,2026-05-29,2019,N20,VIIRS,n,2,298.71,0.74,N,0
21.63066,82.11375,311.9,0.4,0.37,2026-05-29,2019,N20,VIIRS,n,2,298.53,1.09,N,2
21.6534,77.18045,317.36,0.47,0.4,2026-05-29,2019,N20,VIIRS,n,2,298.82,1.23,N,0
21.72993,82.21472,311.67,0.4,0.37,2026-05-29,2019,N20,VIIRS,n,2,298.93,1.23,N,2
21.7443,82.92647,313.03,0.42,0.37,2026-05-29,2019,N20,VIIRS,n,2,296.8,0.83,N,0
21.7477,82.92714,332.77,0.42,0.37,2026-05-29,2019,N20,VIIRS,n,2,297.33,1.67,N,0
21.75111,82.9278,309.82,0.42,0.37,2026-05-29,2019,N20,VIIRS,n,2,296.75,1.67,N,0
21.80251,82.03994,312.73,0.39,0.37,2026-05-29,2019,N20,VIIRS,n,2,298.4,1.2,N,2
21.81352,81.82864,316.71,0.39,0.36,2026-05-29,2019,N20,VIIRS,n,2,297.18,1.03,N,0
21.83513,78.29588,310.14,0.43,0.38,2026-05-29,2019,N20,VIIRS,n,2,297.49,0.68,N,0
21.85473,77.31823,319.65,0.47,0.4,2026-05-29,2019,N20,VIIRS,n,2,297.92,1.74,N,0
21.86746,78.318,321.86,0.43,0.38,2026-05-29,2019,N20,VIIRS,n,2,297.55,1.91,N,0
21.87442,82.7632,311.17,0.41,0.37,2026-05-29,2019,N20,VIIRS,n,2,296.8,0.62,N,0
21.87818,83.55526,304.7,0.44,0.38,2026-05-29,2019,N20,VIIRS,n,2,280.66,1.06,N,2
21.87892,79.93722,310.35,0.39,0.36,2026-05-29,2019,N20,VIIRS,n,2,299.12,0.92,N,0
21.92043,83.35446,302.84,0.43,0.38,2026-05-29,2019,N20,VIIRS,n,2,272.77,0.58,N,2
21.92114,83.35036,319.92,0.43,0.38,2026-05-29,2019,N20,VIIRS,n,2,278.86,1.5,N,2
21.92424,85.22163,295.25,0.52,0.41,2026-05-29,2019,N20,VIIRS,n,2,262.22,1.71,N,2
21.92459,83.35104,302.61,0.43,0.38,2026-05-29,2019,N20,VIIRS,n,2,275.53,1.5,N,2
21.94352,78.26974,342.56,0.43,0.38,2026-05-29,2019,N20,VIIRS,n,2,297.63,5.49,N,0
21.96054,77.71036,314.93,0.45,0.39,2026-05-29,2019,N20,VIIRS,n,2,297.78,1.38,N,0
21.98423,83.23241,318.63,0.42,0.38,2026-05-29,2019,N20,VIIRS,n,2,296.73,4.2,N,2
22.00311,82.66986,316.8,0.41,0.37,2026-05-29,2019,N20,VIIRS,n,2,298.31,1.36,N,2
22.00545,77.74666,310.31,0.45,0.39,2026-05-29,2019,N20,VIIRS,n,2,297.12,0.72,N,0
22.00649,82.67051,312.8,0.41,0.37,2026-05-29,2019,N20,VIIRS,n,2,297.92,1.36,N,2
22.00901,77.74722,313.48,0.45,0.39,2026-05-29,2019,N20,VIIRS,n,2,297.14,0.72,N,0
22.01735,83.75535,299.72,0.44,0.39,2026-05-29,2019,N20,VIIRS,n,2,268.58,1.35,N,0
22.03727,83.35088,318.02,0.43,0.38,2026-05-29,2019,N20,VIIRS,n,2,295.22,4.11,N,2
22.03934,83.73678,305.84,0.44,0.38,2026-05-29,2019,N20,VIIRS,n,2,280.74,1.17,N,2
22.04008,83.73257,313.73,0.44,0.38,2026-05-29,2019,N20,VIIRS,n,2,284.09,2.59,N,2
22.04083,83.72836,326.06,0.44,0.38,2026-05-29,2019,N20,VIIRS,n,2,286.27,2.59,N,2
22.04195,80.79086,311.46,0.38,0.36,2026-05-29,2019,N20,VIIRS,n,2,296.8,1.15,N,0
22.05281,83.72207,314.25,0.44,0.38,2026-05-29,2019,N20,VIIRS,n,2,283.38,1.96,N,0
22.05355,83.71786,311.9,0.44,0.38,2026-05-29,2019,N20,VIIRS,n,2,282.61,2.08,N,0
22.06002,83.70171,309.53,0.44,0.38,2026-05-29,2019,N20,VIIRS,n,2,286.32,1.24,N,0
22.08803,83.11833,321.46,0.42,0.38,2026-05-29,2019,N20,VIIRS,n,2,295.66,3.68,N,0
22.09951,79.50911,338.38,0.4,0.37,2026-05-29,2019,N20,VIIRS,n,2,295.02,4.94,N,0
22.10229,79.51351,306.27,0.4,0.37,2026-05-29,2019,N20,VIIRS,n,2,294.18,0.89,N,0
22.2368,76.96889,327.6,0.49,0.4,2026-05-29,2019,N20,VIIRS,n,2,298.1,3.01,N,0
22.26721,78.47962,311.94,0.42,0.38,2026-05-29,2019,N20,VIIRS,n,2,296.35,0.92,N,0
22.31396,82.53255,311.04,0.4,0.37,2026-05-29,2019,N20,VIIRS,n,2,297.31,1.34,N,2
22.31667,82.53705,315.51,0.4,0.37,2026-05-29,2019,N20,VIIRS,n,2,297.23,1.09,N,2
22.31732,82.5332,311.97,0.4,0.37,2026-05-29,2019,N20,VIIRS,n,2,297.97,1.34,N,2
22.31822,82.56925,314.26,0.4,0.37,2026-05-29,2019,N20,VIIRS,n,2,296.73,1.15,N,0
22.32003,82.5377,311.5,0.4,0.37,2026-05-29,2019,N20,VIIRS,n,2,296.92,0.89,N,2
22.32274,82.54221,313.36,0.4,0.37,2026-05-29,2019,N20,VIIRS,n,2,296.58,0.89,N,0
22.32505,82.59058,310.73,0.4,0.37,2026-05-29,2019,N20,VIIRS,n,2,296.7,0.98,N,2
22.3307,82.60687,318,0.4,0.37,2026-05-29,2019,N20,VIIRS,n,2,296.93,1.44,N,2
22.33163,82.57192,316.42,0.4,0.37,2026-05-29,2019,N20,VIIRS,n,2,296.68,1.8,N,2
22.33324,82.57145,313.04,0.4,0.37,2026-05-29,2019,N20,VIIRS,n,2,296.43,1.2,N,2
22.33422,82.5564,310.21,0.4,0.37,2026-05-29,2019,N20,VIIRS,n,2,296.49,0.9,N,0
22.33588,82.55593,315.28,0.4,0.37,2026-05-29,2019,N20,VIIRS,n,2,297.48,1.04,N,0
22.33595,82.57597,311.4,0.4,0.37,2026-05-29,2019,N20,VIIRS,n,2,297.07,1.2,N,2
22.33762,82.66832,309.25,0.4,0.37,2026-05-29,2019,N20,VIIRS,n,2,295.79,0.6,N,0
22.33828,82.66444,311.99,0.4,0.37,2026-05-29,2019,N20,VIIRS,n,2,295.84,0.76,N,0
22.34051,82.49788,311.75,0.4,0.37,2026-05-29,2019,N20,VIIRS,n,2,295.85,0.99,N,0
22.35565,82.30308,321.58,0.4,0.37,2026-05-29,2019,N20,VIIRS,n,2,298.72,2.07,N,2
22.35898,82.30371,316.9,0.4,0.37,2026-05-29,2019,N20,VIIRS,n,2,298.36,1.87,N,2
22.49866,77.70489,309.6,0.46,0.39,2026-05-29,2019,N20,VIIRS,n,2,298.04,3.18,N,0
22.57159,79.18181,311.11,0.41,0.37,2026-05-29,2019,N20,VIIRS,n,2,294.54,1.69,N,0
22.62065,75.41014,309.58,0.4,0.44,2026-05-29,2019,N20,VIIRS,n,2,294.74,0.42,N,0
22.62548,79.714,316.51,0.4,0.37,2026-05-29,2019,N20,VIIRS,n,2,295.15,0.68,N,0
22.74704,80.21202,322.63,0.39,0.36,2026-05-29,2019,N20,VIIRS,n,2,295,2,N,0
22.82252,69.68118,309.55,0.47,0.64,2026-05-29,2019,N20,VIIRS,n,2,296.55,2.59,N,0
22.82291,69.6766,320.53,0.47,0.64,2026-05-29,2019,N20,VIIRS,n,2,295.96,2.59,N,0
22.8664,79.85252,308.06,0.39,0.36,2026-05-29,2019,N20,VIIRS,n,2,295.77,2.78,N,0
22.87435,79.82259,322.07,0.39,0.37,2026-05-29,2019,N20,VIIRS,n,2,295.71,1.13,N,0
22.92612,70.10748,306.79,0.44,0.62,2026-05-29,2019,N20,VIIRS,n,2,296.74,2,N,0
22.93266,69.69524,306.29,0.47,0.64,2026-05-29,2019,N20,VIIRS,n,2,296.2,3.22,N,0
22.95526,77.66497,309.11,0.46,0.39,2026-05-29,2019,N20,VIIRS,n,2,295.06,4.31,N,0
15.64541,79.07196,318.23,0.38,0.36,2026-05-29,2020,N20,VIIRS,n,2,287.32,4.02,N,0
16.11755,76.08128,307.5,0.47,0.39,2026-05-29,2020,N20,VIIRS,n,2,290.5,2.55,N,0
16.17854,78.81257,311.75,0.39,0.36,2026-05-29,2020,N20,VIIRS,n,2,291.8,2.42,N,0
16.26253,79.83377,309.48,0.39,0.36,2026-05-29,2020,N20,VIIRS,n,2,286.98,2.73,N,0
16.64884,74.30983,304.96,0.39,0.44,2026-05-29,2020,N20,VIIRS,n,2,292.73,0.75,N,2
16.90044,74.5791,305.23,0.57,0.43,2026-05-29,2020,N20,VIIRS,n,2,292.94,0.69,N,0
16.90237,74.57744,306.93,0.57,0.43,2026-05-29,2020,N20,VIIRS,n,2,292.99,1.04,N,0
17.06408,76.98145,314.59,0.44,0.38,2026-05-29,2020,N20,VIIRS,n,2,296.26,1.19,N,2
17.0793,78.09138,317.96,0.4,0.37,2026-05-29,2020,N20,VIIRS,n,2,294.03,1.45,N,0
17.14724,78.22439,307.73,0.4,0.37,2026-05-29,2020,N20,VIIRS,n,2,295.3,0.59,N,0
17.27716,79.93301,311.1,0.38,0.36,2026-05-29,2020,N20,VIIRS,n,2,293.84,0.5,N,0
17.34361,73.35587,307.89,0.46,0.47,2026-05-29,2020,N20,VIIRS,n,2,294.41,1.98,N,0
17.34795,73.35639,307.36,0.46,0.47,2026-05-29,2020,N20,VIIRS,n,2,295.01,1.98,N,0
17.39324,79.99332,311.16,0.38,0.36,2026-05-29,2020,N20,VIIRS,n,2,295.78,2.83,N,0
17.46364,80.65515,315,0.39,0.36,2026-05-29,2020,N20,VIIRS,n,2,291.07,3.23,N,0
17.64795,78.6424,319.68,0.39,0.36,2026-05-29,2020,N20,VIIRS,n,2,295.27,1.01,N,0
17.65539,79.90881,312.1,0.38,0.36,2026-05-29,2020,N20,VIIRS,n,2,295.77,1.09,N,0
17.65869,79.90938,316.73,0.38,0.36,2026-05-29,2020,N20,VIIRS,n,2,296.07,1.09,N,0
17.67995,78.07355,307.85,0.41,0.37,2026-05-29,2020,N20,VIIRS,n,2,294.34,0.32,N,0
17.68391,79.7071,310.27,0.38,0.36,2026-05-29,2020,N20,VIIRS,n,2,296.27,0.71,N,0
17.89557,79.67667,310.8,0.38,0.36,2026-05-29,2020,N20,VIIRS,n,2,297.81,0.6,N,0
17.94966,80.78491,328.03,0.39,0.36,2026-05-29,2020,N20,VIIRS,n,2,289.92,4.8,N,0
17.95629,80.78609,308.14,0.39,0.36,2026-05-29,2020,N20,VIIRS,n,2,290.19,2.24,N,2
17.95689,80.78244,307.23,0.39,0.36,2026-05-29,2020,N20,VIIRS,n,2,289.96,2.08,N,2
17.95722,80.80128,304.91,0.39,0.36,2026-05-29,2020,N20,VIIRS,n,2,287.13,1.33,N,0
18.05079,79.42545,336.96,0.39,0.36,2026-05-29,2020,N20,VIIRS,n,2,299.94,4.44,N,0
18.0549,73.75006,308.33,0.44,0.46,2026-05-29,2020,N20,VIIRS,n,2,292.5,0.49,N,0
18.06902,79.56937,325.9,0.38,0.36,2026-05-29,2020,N20,VIIRS,n,2,295.94,1.49,N,0
18.13677,79.8955,320.16,0.38,0.36,2026-05-29,2020,N20,VIIRS,n,2,294.97,1.02,N,0
18.14687,79.74555,323.36,0.38,0.36,2026-05-29,2020,N20,VIIRS,n,2,297.41,2.39,N,0
18.17189,79.80167,309.94,0.38,0.36,2026-05-29,2020,N20,VIIRS,n,2,296.38,0.59,N,0
18.18078,79.98363,307.99,0.38,0.36,2026-05-29,2020,N20,VIIRS,n,2,294.36,0.3,N,0
18.19681,79.07386,309.9,0.39,0.36,2026-05-29,2020,N20,VIIRS,n,2,298.16,0.42,N,0
18.29728,79.34743,310.73,0.39,0.36,2026-05-29,2020,N20,VIIRS,n,2,298.19,0.47,N,0
18.30058,79.34799,319.3,0.39,0.36,2026-05-29,2020,N20,VIIRS,n,2,298.32,1.02,N,0
18.30238,79.2924,322.31,0.39,0.36,2026-05-29,2020,N20,VIIRS,n,2,298.8,1.16,N,0
18.35299,79.33826,313.06,0.39,0.36,2026-05-29,2020,N20,VIIRS,n,2,297.64,0.55,N,0
18.38153,79.37291,319.17,0.39,0.36,2026-05-29,2020,N20,VIIRS,n,2,298,1.9,N,0
18.38509,79.37351,320.34,0.39,0.36,2026-05-29,2020,N20,VIIRS,n,2,298.04,1.6,N,0
18.42149,73.94512,307.93,0.44,0.46,2026-05-29,2020,N20,VIIRS,n,2,295.1,1.09,N,0
18.46023,79.47939,313.03,0.39,0.36,2026-05-29,2020,N20,VIIRS,n,2,295.73,0.87,N,0
18.49212,79.38388,319.21,0.39,0.36,2026-05-29,2020,N20,VIIRS,n,2,297.13,1.76,N,0
18.49929,79.38138,320.75,0.39,0.36,2026-05-29,2020,N20,VIIRS,n,2,296.57,1.52,N,0
18.51128,79.58818,311.49,0.39,0.36,2026-05-29,2020,N20,VIIRS,n,2,296.12,0.56,N,0
18.57913,79.23795,309.7,0.39,0.36,2026-05-29,2020,N20,VIIRS,n,2,296.04,0.38,N,0
18.57963,79.25677,321.37,0.39,0.36,2026-05-29,2020,N20,VIIRS,n,2,297.22,2,N,0
18.58717,79.31789,320.36,0.39,0.36,2026-05-29,2020,N20,VIIRS,n,2,296.85,1.27,N,0
18.60462,79.44784,316.9,0.39,0.36,2026-05-29,2020,N20,VIIRS,n,2,298.62,1.89,N,0
18.60519,79.44421,334.89,0.39,0.36,2026-05-29,2020,N20,VIIRS,n,2,298.91,3.28,N,0
18.68091,73.03352,307.8,0.5,0.49,2026-05-29,2020,N20,VIIRS,n,2,294.64,5.18,N,2
18.68507,79.45406,312.26,0.39,0.36,2026-05-29,2020,N20,VIIRS,n,2,297.68,1,N,0
18.69386,73.04016,313.83,0.5,0.49,2026-05-29,2020,N20,VIIRS,n,2,296.57,4.69,N,2
18.71588,79.54036,314.77,0.39,0.36,2026-05-29,2020,N20,VIIRS,n,2,301.7,1.67,N,2
18.71975,79.5373,321.75,0.39,0.36,2026-05-29,2020,N20,VIIRS,n,2,301.91,1.33,N,2
18.72305,79.53786,312.69,0.39,0.36,2026-05-29,2020,N20,VIIRS,n,2,301.23,1.33,N,2
18.72905,78.96944,310.73,0.39,0.36,2026-05-29,2020,N20,VIIRS,n,2,299.07,1.36,N,0
18.76991,78.28307,309.29,0.41,0.37,2026-05-29,2020,N20,VIIRS,n,2,296.67,0.63,N,0
18.77492,74.32283,305.86,0.42,0.45,2026-05-29,2020,N20,VIIRS,n,2,294.79,0.63,N,0
18.77908,74.25463,307.05,0.42,0.45,2026-05-29,2020,N20,VIIRS,n,2,294.88,0.84,N,0
18.78862,78.7126,314.3,0.4,0.37,2026-05-29,2020,N20,VIIRS,n,2,297.67,1.49,N,0
18.79588,78.70998,314.04,0.4,0.37,2026-05-29,2020,N20,VIIRS,n,2,296.71,1.03,N,0
18.84745,78.92731,316.08,0.39,0.36,2026-05-29,2020,N20,VIIRS,n,2,297.75,0.88,N,0
18.8901,78.2737,307.5,0.41,0.37,2026-05-29,2020,N20,VIIRS,n,2,296.2,0.32,N,0
18.96873,79.9893,311.47,0.38,0.36,2026-05-29,2020,N20,VIIRS,n,2,295.96,0.82,N,0
19.012,78.15862,310.29,0.41,0.37,2026-05-29,2020,N20,VIIRS,n,2,297.24,1.15,N,0
19.02563,78.13698,311.19,0.41,0.37,2026-05-29,2020,N20,VIIRS,n,2,296.29,0.89,N,0
19.03754,78.19855,310.15,0.41,0.37,2026-05-29,2020,N20,VIIRS,n,2,296.25,0.91,N,3
19.05173,79.14689,309.69,0.39,0.36,2026-05-29,2020,N20,VIIRS,n,2,298.87,1.82,N,0
19.05504,79.14747,326.39,0.39,0.36,2026-05-29,2020,N20,VIIRS,n,2,302.45,1.82,N,0
19.0578,79.15173,317.17,0.39,0.36,2026-05-29,2020,N20,VIIRS,n,2,301.68,1.91,N,0
19.10303,73.0518,322.67,0.51,0.49,2026-05-29,2020,N20,VIIRS,n,2,295.69,5.64,N,2
19.1726,78.08814,311.08,0.41,0.37,2026-05-29,2020,N20,VIIRS,n,2,298.03,0.87,N,0
19.17602,78.08871,317.62,0.41,0.37,2026-05-29,2020,N20,VIIRS,n,2,298.43,0.97,N,0
19.30275,78.29655,315.24,0.41,0.37,2026-05-29,2020,N20,VIIRS,n,2,299.91,1.56,N,0
19.36868,71.35394,367,0.33,0.55,2026-05-29,2020,N20,VIIRS,h,2,296.01,3.17,N,3
19.36902,71.35077,315.96,0.33,0.55,2026-05-29,2020,N20,VIIRS,n,2,295.57,3.17,N,3
19.37378,71.35458,333.43,0.33,0.55,2026-05-29,2020,N20,VIIRS,n,2,295.7,3.17,N,3
19.37412,71.35142,310.41,0.33,0.55,2026-05-29,2020,N20,VIIRS,n,2,295.44,3.17,N,3
13.18808,80.28658,330.67,0.4,0.37,2026-05-29,2021,N20,VIIRS,n,2,294.5,3.28,N,0
13.31709,79.6827,308.97,0.39,0.36,2026-05-29,2021,N20,VIIRS,n,2,290.95,1.78,N,0
13.31767,79.67912,335.32,0.39,0.36,2026-05-29,2021,N20,VIIRS,n,2,291.49,3.26,N,0
15.12024,78.07491,317.47,0.39,0.36,2026-05-29,2021,N20,VIIRS,n,2,292,0.88,N,0
15.13839,76.70874,305.83,0.43,0.38,2026-05-29,2021,N20,VIIRS,n,2,291.34,1.42,N,2
15.14913,78.24274,314.19,0.39,0.36,2026-05-29,2021,N20,VIIRS,n,2,289.63,0.77,N,0
15.16838,76.37879,306.6,0.44,0.39,2026-05-29,2021,N20,VIIRS,n,2,290.36,1.3,N,2
15.16862,76.67271,310.52,0.43,0.38,2026-05-29,2021,N20,VIIRS,n,2,291.32,2.29,N,2
15.16921,76.66869,310.11,0.43,0.38,2026-05-29,2021,N20,VIIRS,n,2,291.63,1.64,N,2
15.1698,76.66469,307.53,0.43,0.38,2026-05-29,2021,N20,VIIRS,n,2,290.96,1.64,N,2
15.17034,76.68522,305.82,0.43,0.38,2026-05-29,2021,N20,VIIRS,n,2,290.7,1.8,N,2
15.17191,76.37933,310.11,0.44,0.39,2026-05-29,2021,N20,VIIRS,n,2,290.6,1.3,N,2
15.17265,76.69373,316.69,0.43,0.38,2026-05-29,2021,N20,VIIRS,n,2,290.66,3.21,N,2
15.17329,76.66521,320.33,0.43,0.38,2026-05-29,2021,N20,VIIRS,n,2,290.93,1.64,N,2
15.17796,76.65776,318.66,0.43,0.38,2026-05-29,2021,N20,VIIRS,n,2,288.88,2.82,N,2
15.17824,77.10228,307.97,0.42,0.37,2026-05-29,2021,N20,VIIRS,n,2,288.65,1.18,N,2
15.1785,76.67826,310.76,0.43,0.38,2026-05-29,2021,N20,VIIRS,n,2,291.6,1.75,N,2
15.17854,76.65376,303.57,0.43,0.38,2026-05-29,2021,N20,VIIRS,n,2,288.48,1.89,N,2
15.17909,76.67426,307.01,0.43,0.38,2026-05-29,2021,N20,VIIRS,n,2,291.56,1.75,N,2
15.18375,76.66682,310.8,0.43,0.38,2026-05-29,2021,N20,VIIRS,n,2,290.86,3.02,N,2
15.18606,76.67533,319.59,0.43,0.38,2026-05-29,2021,N20,VIIRS,n,2,291.08,3.34,N,2
15.33369,76.28466,307.88,0.45,0.39,2026-05-29,2021,N20,VIIRS,n,2,287.31,1.42,N,2
11.26732,80.00539,309.08,0.41,0.37,2026-05-29,2022,N20,VIIRS,n,2,293.35,0.53,N,3
36.94365,68.06226,322.01,0.5,0.49,2026-05-29,2155,N20,VIIRS,n,2,290.96,2.08,N,3
36.94491,68.0568,328.25,0.5,0.49,2026-05-29,2155,N20,VIIRS,n,2,295.44,12.61,N,3
36.94618,68.05134,338.23,0.5,0.49,2026-05-29,2155,N20,VIIRS,n,2,295.49,12.61,N,0
36.94801,68.06383,302.94,0.5,0.49,2026-05-29,2155,N20,VIIRS,n,2,289.11,2.08,N,0
36.94928,68.05836,346.2,0.5,0.49,2026-05-29,2155,N20,VIIRS,n,2,295.47,12.61,N,0
36.94986,68.0763,309.71,0.5,0.49,2026-05-29,2155,N20,VIIRS,n,2,290.17,1.13,N,0
32.89027,75.28988,296.65,0.79,0.78,2026-05-29,2156,N20,VIIRS,n,2,283.13,2.36,N,0
33.02683,74.57409,301.5,0.71,0.75,2026-05-29,2156,N20,VIIRS,n,2,285.95,2.42,N,0
33.02916,74.56931,313.56,0.71,0.75,2026-05-29,2156,N20,VIIRS,n,2,286.16,3.6,N,0
33.03647,74.56647,324.19,0.71,0.75,2026-05-29,2156,N20,VIIRS,n,2,287.43,7.82,N,0
33.0366,74.56915,314.73,0.71,0.75,2026-05-29,2156,N20,VIIRS,n,2,287.06,3.76,N,0
33.0382,74.56387,307.8,0.71,0.75,2026-05-29,2156,N20,VIIRS,n,2,286.51,2.74,N,0
33.19258,74.31637,299.8,0.68,0.74,2026-05-29,2156,N20,VIIRS,n,2,285.74,1.39,N,0
33.47459,73.99615,309.84,0.65,0.73,2026-05-29,2156,N20,VIIRS,n,2,286.96,2.73,N,0
33.57972,73.70934,307.26,0.62,0.71,2026-05-29,2156,N20,VIIRS,n,2,288.1,1.74,N,0
33.58006,73.70682,306.77,0.62,0.71,2026-05-29,2156,N20,VIIRS,n,2,287.97,1.63,N,0
33.60483,73.81434,299.65,0.63,0.72,2026-05-29,2156,N20,VIIRS,n,2,286.73,0.74,N,0
33.61989,73.88291,302.78,0.63,0.72,2026-05-29,2156,N20,VIIRS,n,2,286.89,1.05,N,0
33.63636,73.14471,301.5,0.57,0.69,2026-05-29,2156,N20,VIIRS,n,2,288.53,1.68,N,0
33.63904,73.14678,308.05,0.57,0.69,2026-05-29,2156,N20,VIIRS,n,2,288.93,1.38,N,0
33.64475,73.72584,305.38,0.62,0.71,2026-05-29,2156,N20,VIIRS,n,2,287.19,1.17,N,0
33.64971,73.96983,301.35,0.64,0.72,2026-05-29,2156,N20,VIIRS,n,2,286.85,1.37,N,0
33.65088,73.97022,303.86,0.64,0.72,2026-05-29,2156,N20,VIIRS,n,2,286.75,1.63,N,0
33.70331,73.45331,314.56,0.6,0.7,2026-05-29,2156,N20,VIIRS,n,2,288.59,3.01,N,0
33.70446,73.44937,300.62,0.59,0.7,2026-05-29,2156,N20,VIIRS,n,2,287.64,1.47,N,0
33.81378,72.86413,308.09,0.55,0.68,2026-05-29,2156,N20,VIIRS,n,2,291.01,1.7,N,0
33.81881,72.86646,304.46,0.55,0.68,2026-05-29,2156,N20,VIIRS,n,2,289.87,1.23,N,0
33.82035,72.86436,308.54,0.55,0.68,2026-05-29,2156,N20,VIIRS,n,2,290.41,1.7,N,0
33.87346,72.01807,308.11,0.49,0.65,2026-05-29,2156,N20,VIIRS,n,2,293.76,2.47,N,0
33.87896,72.02116,322.51,0.49,0.65,2026-05-29,2156,N20,VIIRS,n,2,295.06,2.47,N,0
33.88028,72.01639,306.41,0.49,0.65,2026-05-29,2156,N20,VIIRS,n,2,293.69,2.63,N,0
34.57555,71.83662,303.86,0.46,0.64,2026-05-29,2156,N20,VIIRS,n,2,291.94,1.66,N,0
34.57678,71.8348,304.34,0.46,0.64,2026-05-29,2156,N20,VIIRS,n,2,291.68,1.65,N,0
34.71908,72.24306,303.39,0.48,0.65,2026-05-29,2156,N20,VIIRS,n,2,288.61,0.56,N,0
34.72446,72.24635,300.03,0.48,0.65,2026-05-29,2156,N20,VIIRS,n,2,289.23,0.56,N,0
35.96822,68.68266,303.21,0.57,0.52,2026-05-29,2156,N20,VIIRS,n,2,291.59,1.95,N,0
28.09459,68.30521,311.67,0.42,0.61,2026-05-29,2158,N20,VIIRS,n,2,295.8,1.3,N,0
28.10002,68.30691,322.38,0.42,0.61,2026-05-29,2158,N20,VIIRS,n,2,296.8,1.3,N,0
28.17454,68.24032,310.92,0.41,0.61,2026-05-29,2158,N20,VIIRS,n,2,296.07,1.24,N,0
28.17496,68.23838,306.12,0.41,0.61,2026-05-29,2158,N20,VIIRS,n,2,295.54,0.62,N,0
28.24793,68.55457,309.8,0.43,0.62,2026-05-29,2158,N20,VIIRS,n,2,296.83,1.08,N,0
28.40997,68.2259,306.37,0.4,0.6,2026-05-29,2158,N20,VIIRS,n,2,295.49,1.07,N,0
28.41534,68.03646,305.44,0.39,0.6,2026-05-29,2158,N20,VIIRS,n,2,294.28,0.87,N,0
28.41573,68.20192,308.69,0.4,0.6,2026-05-29,2158,N20,VIIRS,n,2,294.81,1.45,N,0
28.4166,68.2019,308.41,0.4,0.6,2026-05-29,2158,N20,VIIRS,n,2,294.96,0.81,N,0
28.42494,68.09822,306.16,0.4,0.6,2026-05-29,2158,N20,VIIRS,n,2,295.11,0.87,N,0
28.43411,68.10123,308.52,0.4,0.6,2026-05-29,2158,N20,VIIRS,n,2,295.26,1.15,N,0
28.4356,68.10152,307.19,0.4,0.6,2026-05-29,2158,N20,VIIRS,n,2,295.29,1,N,0
28.44142,69.22692,320.42,0.46,0.64,2026-05-29,2158,N20,VIIRS,n,2,298.22,2.96,N,0
28.44683,68.21989,315.89,0.4,0.6,2026-05-29,2158,N20,VIIRS,n,2,295.21,1.37,N,0
28.55061,68.48192,307.49,0.42,0.61,2026-05-29,2158,N20,VIIRS,n,2,296.27,0.88,N,0
28.55101,68.48268,307.92,0.42,0.61,2026-05-29,2158,N20,VIIRS,n,2,296.29,1.05,N,0
28.55605,68.4836,317.69,0.42,0.61,2026-05-29,2158,N20,VIIRS,n,2,296.41,1.64,N,0
28.55644,68.4844,317.53,0.42,0.61,2026-05-29,2158,N20,VIIRS,n,2,296.57,1.05,N,0
25.38878,68.58311,306.16,0.5,0.66,2026-05-29,2159,N20,VIIRS,n,2,296.05,1.57,N,2
8.61166,80.28473,336.38,0.34,0.56,2026-05-30,728,N20,VIIRS,n,2,293.86,3.88,D,0
8.91022,80.91695,329.71,0.6,0.53,2026-05-30,728,N20,VIIRS,n,2,289.4,4.25,D,0
9.03808,79.85575,336.35,0.35,0.57,2026-05-30,728,N20,VIIRS,n,2,295.83,4.13,D,0
9.03866,79.85892,345.21,0.35,0.57,2026-05-30,728,N20,VIIRS,n,2,295.31,4.13,D,0
14.09782,76.48194,330.18,0.49,0.65,2026-05-30,729,N20,VIIRS,n,2,289.15,1.48,D,0
15.06035,75.82387,330.26,0.51,0.66,2026-05-30,730,N20,VIIRS,n,2,293.95,5.13,D,0
15.08661,76.92899,330.14,0.43,0.62,2026-05-30,730,N20,VIIRS,n,2,292.13,2.87,D,0
15.2217,75.98654,330.67,0.5,0.66,2026-05-30,730,N20,VIIRS,n,2,294.56,4.33,D,0
16.39902,78.29105,330.45,0.33,0.55,2026-05-30,730,N20,VIIRS,n,2,281.42,1.4,D,0
16.41867,78.258,333.54,0.33,0.55,2026-05-30,730,N20,VIIRS,n,2,286.56,2.8,D,0
16.42274,78.25634,333.5,0.33,0.55,2026-05-30,730,N20,VIIRS,n,2,286.86,1.33,D,0
16.42452,77.54306,333.83,0.37,0.58,2026-05-30,730,N20,VIIRS,n,2,299.16,1.69,D,0
16.49484,78.17091,334.18,0.34,0.56,2026-05-30,730,N20,VIIRS,n,2,286.35,1.41,D,0
16.49602,77.57374,331,0.37,0.58,2026-05-30,730,N20,VIIRS,n,2,300,1.08,D,0
16.52728,77.48559,333.62,0.37,0.58,2026-05-30,730,N20,VIIRS,n,2,300.23,2.71,D,0
16.61778,78.29716,331.13,0.33,0.55,2026-05-30,730,N20,VIIRS,n,2,290.55,1.81,D,0
16.69481,76.96477,339.07,0.4,0.6,2026-05-30,730,N20,VIIRS,n,2,301.26,2.79,D,0
16.69556,76.96846,333.68,0.4,0.6,2026-05-30,730,N20,VIIRS,n,2,301.42,2.79,D,0
16.6957,76.96426,340.91,0.4,0.6,2026-05-30,730,N20,VIIRS,n,2,300.75,2.66,D,0
16.69647,76.96794,330.9,0.4,0.6,2026-05-30,730,N20,VIIRS,l,2,301.51,2.66,D,0
16.77174,78.21172,336.22,0.33,0.55,2026-05-30,730,N20,VIIRS,n,2,297.24,2.26,D,0
16.86172,78.35241,331.64,0.32,0.55,2026-05-30,730,N20,VIIRS,n,2,298.69,2.04,D,0
16.88433,78.38384,332.52,0.32,0.55,2026-05-30,730,N20,VIIRS,n,2,298.73,1.26,D,0
17.21606,77.66178,330.32,0.35,0.57,2026-05-30,730,N20,VIIRS,l,2,301.51,1.43,D,0
17.28892,78.87039,343,0.58,0.52,2026-05-30,730,N20,VIIRS,n,2,294.38,10.26,D,0
17.28919,78.87255,355.88,0.58,0.52,2026-05-30,730,N20,VIIRS,n,2,293.58,12.15,D,0
17.30311,77.71253,331.71,0.35,0.57,2026-05-30,730,N20,VIIRS,l,2,302.91,0.84,D,0
17.33839,78.76989,334.98,0.59,0.53,2026-05-30,730,N20,VIIRS,n,2,302.35,6.42,D,0
17.34373,75.30882,333.83,0.5,0.66,2026-05-30,730,N20,VIIRS,n,2,301.52,5.3,D,0
17.34699,75.31015,336.19,0.5,0.66,2026-05-30,730,N20,VIIRS,n,2,302.97,5.21,D,0
17.3524,78.96697,339.69,0.57,0.52,2026-05-30,730,N20,VIIRS,n,2,295.56,5.1,D,0
17.35676,74.75969,330.89,0.54,0.68,2026-05-30,730,N20,VIIRS,n,2,299.1,3.3,D,0
17.40098,78.86282,343.35,0.58,0.52,2026-05-30,730,N20,VIIRS,n,2,301.64,6.68,D,0
17.40125,78.86118,342.14,0.58,0.52,2026-05-30,730,N20,VIIRS,n,2,301.28,5.05,D,0
17.4047,78.8565,332.26,0.58,0.52,2026-05-30,730,N20,VIIRS,n,2,301.25,3.33,D,0
17.40572,78.86182,333.19,0.58,0.52,2026-05-30,730,N20,VIIRS,n,2,300.71,3.33,D,0
17.40599,78.8602,336.26,0.58,0.52,2026-05-30,730,N20,VIIRS,n,2,300.51,3.82,D,0
17.43529,78.08037,331,0.33,0.55,2026-05-30,730,N20,VIIRS,l,2,302.39,0.91,D,0
17.54836,79.01193,336.18,0.57,0.52,2026-05-30,730,N20,VIIRS,n,2,298.33,3.92,D,0
17.56802,79.34063,332.89,0.54,0.51,2026-05-30,730,N20,VIIRS,n,2,287.08,1.87,D,0
17.5726,79.33969,332.44,0.54,0.51,2026-05-30,730,N20,VIIRS,n,2,288.63,1.87,D,0
17.58645,74.93523,351.07,0.52,0.67,2026-05-30,730,N20,VIIRS,n,2,301.94,8.23,D,0
17.58776,74.93707,337.37,0.52,0.67,2026-05-30,730,N20,VIIRS,n,2,301.8,7.06,D,0
17.58864,77.67884,330.84,0.35,0.56,2026-05-30,730,N20,VIIRS,l,2,303.57,1.05,D,0
17.62597,78.0997,332.07,0.32,0.55,2026-05-30,730,N20,VIIRS,n,2,301.16,1.27,D,0
17.63432,78.14124,331.93,0.32,0.55,2026-05-30,730,N20,VIIRS,l,2,302.52,1.73,D,0
17.6495,78.16563,330.68,0.32,0.55,2026-05-30,730,N20,VIIRS,l,2,302.85,1.78,D,0
17.65857,78.18526,330.28,0.32,0.54,2026-05-30,730,N20,VIIRS,l,2,302.25,1.3,D,0
17.68702,78.09174,330.27,0.32,0.55,2026-05-30,730,N20,VIIRS,l,2,301.5,1.33,D,0
17.69594,74.8194,331.73,0.53,0.67,2026-05-30,730,N20,VIIRS,n,2,301.34,1.32,D,0
17.70145,78.0356,334.96,0.32,0.55,2026-05-30,730,N20,VIIRS,n,2,303.49,2.75,D,0
17.70206,78.0386,332.16,0.32,0.55,2026-05-30,730,N20,VIIRS,l,2,302.44,1.96,D,0
17.70305,79.42771,335.27,0.53,0.5,2026-05-30,730,N20,VIIRS,n,2,295.7,3.63,D,0
17.71027,78.0023,340.78,0.33,0.55,2026-05-30,730,N20,VIIRS,n,2,303.99,1.62,D,0
17.75626,77.99871,344.35,0.33,0.55,2026-05-30,730,N20,VIIRS,n,2,304.01,2.4,D,0
17.77413,76.07302,333.38,0.44,0.62,2026-05-30,730,N20,VIIRS,l,2,304.9,3.64,D,0
17.77449,79.65636,333.91,0.51,0.49,2026-05-30,730,N20,VIIRS,n,2,289.42,4.64,D,0
17.77629,79.65366,331.31,0.51,0.49,2026-05-30,730,N20,VIIRS,n,2,288.03,5.71,D,0
17.78416,79.42908,336.28,0.53,0.5,2026-05-30,730,N20,VIIRS,n,2,299.18,3.34,D,0
17.78778,79.6171,347.69,0.51,0.49,2026-05-30,730,N20,VIIRS,n,2,294.37,6.37,D,0
17.8037,79.26288,330.83,0.54,0.51,2026-05-30,730,N20,VIIRS,n,2,300.77,3.1,D,0
17.82815,75.8163,335.56,0.45,0.63,2026-05-30,730,N20,VIIRS,n,2,303.95,2.24,D,0
17.82889,78.21032,331.59,0.63,0.54,2026-05-30,730,N20,VIIRS,l,2,303.67,2.66,D,0
17.83117,78.21405,336.03,0.63,0.54,2026-05-30,730,N20,VIIRS,n,2,304.1,6.21,D,0
17.83751,79.94446,341.02,0.49,0.48,2026-05-30,730,N20,VIIRS,n,2,297.57,4.88,D,0
17.83784,79.94653,337.9,0.49,0.48,2026-05-30,730,N20,VIIRS,n,2,297.8,3.61,D,0
17.85596,78.47784,334.56,0.6,0.53,2026-05-30,730,N20,VIIRS,n,2,303.51,3.66,D,0
17.87745,79.44555,332.18,0.52,0.5,2026-05-30,730,N20,VIIRS,n,2,300.03,5.51,D,0
17.91088,79.68966,331.18,0.5,0.49,2026-05-30,730,N20,VIIRS,n,2,297.37,2.24,D,0
17.91793,79.65434,331.09,0.5,0.49,2026-05-30,730,N20,VIIRS,n,2,297.65,4.87,D,0
17.92731,79.91422,339.76,0.49,0.48,2026-05-30,730,N20,VIIRS,n,2,291.19,4.29,D,0
17.95065,78.63373,330.99,0.59,0.53,2026-05-30,730,N20,VIIRS,l,2,302.27,2.5,D,0
17.95067,78.26455,334.07,0.62,0.54,2026-05-30,730,N20,VIIRS,n,2,303.99,4.46,D,0
17.98167,79.8187,337.7,0.49,0.49,2026-05-30,730,N20,VIIRS,n,2,294.87,3.49,D,0
17.98202,79.07719,338.27,0.55,0.51,2026-05-30,730,N20,VIIRS,n,2,305.39,4.75,D,0
18.02071,78.71385,333.08,0.58,0.52,2026-05-30,730,N20,VIIRS,l,2,305.16,3.6,D,0
18.0212,78.71201,333.84,0.58,0.52,2026-05-30,730,N20,VIIRS,l,2,305.55,2.15,D,0
18.02647,77.82093,336.74,0.33,0.55,2026-05-30,730,N20,VIIRS,n,2,303.03,1.46,D,0
18.03147,77.81979,352.91,0.33,0.55,2026-05-30,730,N20,VIIRS,n,2,303.99,4.35,D,0
18.03937,80.49524,333.77,0.44,0.46,2026-05-30,730,N20,VIIRS,n,2,300.46,4.82,D,0
18.04916,79.60002,334.36,0.51,0.49,2026-05-30,730,N20,VIIRS,n,2,303.74,2.92,D,0
18.05102,79.68224,335.91,0.5,0.49,2026-05-30,730,N20,VIIRS,n,2,302.73,4.05,D,0
18.05455,78.03735,330.22,0.32,0.55,2026-05-30,730,N20,VIIRS,l,2,303.26,1.35,D,0
18.05515,78.04032,336.44,0.32,0.55,2026-05-30,730,N20,VIIRS,n,2,302.92,1.35,D,0
18.0661,79.56713,343.66,0.51,0.49,2026-05-30,730,N20,VIIRS,n,2,305.17,3.98,D,0
18.07057,79.56618,336.26,0.51,0.49,2026-05-30,730,N20,VIIRS,n,2,304.07,3.98,D,0
18.0778,79.98816,343.36,0.48,0.48,2026-05-30,730,N20,VIIRS,n,2,297.72,7.7,D,0
18.08257,79.4024,334.76,0.52,0.5,2026-05-30,730,N20,VIIRS,l,2,305.08,2.28,D,0
18.08573,79.59724,335.62,0.51,0.49,2026-05-30,730,N20,VIIRS,n,2,304.1,1.87,D,0
18.08674,79.22931,335.5,0.53,0.5,2026-05-30,730,N20,VIIRS,n,2,304.38,3.21,D,0
18.08709,79.40147,332.89,0.52,0.5,2026-05-30,730,N20,VIIRS,l,2,304.47,1.59,D,0
18.08888,77.97704,338.01,0.32,0.55,2026-05-30,730,N20,VIIRS,n,2,303.19,3.62,D,0
18.10704,79.63674,335.31,0.5,0.49,2026-05-30,730,N20,VIIRS,n,2,303.38,3.18,D,0
18.10897,79.63333,345.54,0.5,0.49,2026-05-30,730,N20,VIIRS,n,2,303.59,5.62,D,0
18.11363,75.68086,332.8,0.46,0.63,2026-05-30,730,N20,VIIRS,l,2,303.28,1.53,D,0
18.11903,77.86776,332.66,0.33,0.55,2026-05-30,730,N20,VIIRS,l,2,303.87,2.22,D,0
18.124,77.86665,341.74,0.33,0.55,2026-05-30,730,N20,VIIRS,n,2,304.94,2.22,D,0
18.12479,78.43785,330.21,0.6,0.53,2026-05-30,730,N20,VIIRS,l,2,304.44,1.67,D,0
18.12564,79.57603,336.57,0.51,0.49,2026-05-30,730,N20,VIIRS,n,2,304.68,3.92,D,0
18.13793,80.04345,336.55,0.47,0.48,2026-05-30,730,N20,VIIRS,n,2,298.38,5.24,D,0
18.13958,80.05221,339.3,0.47,0.48,2026-05-30,730,N20,VIIRS,n,2,295.04,5.92,D,0
18.14777,79.47318,333.46,0.51,0.5,2026-05-30,730,N20,VIIRS,l,2,304.85,4.29,D,0
18.14825,77.85801,337.38,0.33,0.55,2026-05-30,730,N20,VIIRS,n,2,306.17,3,D,0
18.14929,78.65974,330.45,0.58,0.52,2026-05-30,730,N20,VIIRS,l,2,303.41,1.51,D,0
18.15316,79.47696,336.74,0.51,0.5,2026-05-30,730,N20,VIIRS,n,2,303.79,4.29,D,0
18.15407,79.48171,338.88,0.51,0.5,2026-05-30,730,N20,VIIRS,n,2,304.03,8.12,D,0
18.15518,79.80033,338.05,0.49,0.49,2026-05-30,730,N20,VIIRS,n,2,304.25,3.58,D,0
18.17969,79.85659,337.62,0.48,0.48,2026-05-30,730,N20,VIIRS,n,2,294.49,5.32,D,0
18.1802,79.95371,340.68,0.48,0.48,2026-05-30,730,N20,VIIRS,n,2,293.19,2.65,D,0
18.18867,77.77763,331.52,0.33,0.55,2026-05-30,730,N20,VIIRS,l,2,304.34,2.17,D,0
18.18896,79.56749,341.94,0.51,0.49,2026-05-30,730,N20,VIIRS,n,2,303.39,4.98,D,0
18.18984,79.57215,345.22,0.51,0.49,2026-05-30,730,N20,VIIRS,n,2,305.81,5.15,D,0
18.19095,79.56467,344.1,0.51,0.49,2026-05-30,730,N20,VIIRS,n,2,303.47,6.64,D,0
18.19135,79.72616,348.44,0.49,0.49,2026-05-30,730,N20,VIIRS,n,2,304.38,5.73,D,0
18.19186,79.56931,349.87,0.51,0.49,2026-05-30,730,N20,VIIRS,n,2,304.79,6.64,D,0
18.19342,79.56654,338.45,0.51,0.49,2026-05-30,730,N20,VIIRS,n,2,304.29,5.08,D,0
18.19374,79.83482,347.75,0.49,0.48,2026-05-30,730,N20,VIIRS,n,2,302.15,5.12,D,0
18.19751,79.73444,336.37,0.49,0.49,2026-05-30,730,N20,VIIRS,n,2,302.9,4.57,D,0
18.19843,79.46017,335.31,0.51,0.5,2026-05-30,730,N20,VIIRS,n,2,301.93,1.42,D,0
18.19856,77.90172,333.87,0.32,0.55,2026-05-30,730,N20,VIIRS,l,2,305.17,1.24,D,0
18.1988,77.90329,331.57,0.32,0.55,2026-05-30,730,N20,VIIRS,l,2,304.25,2.25,D,0
18.2009,79.59172,340.39,0.5,0.49,2026-05-30,730,N20,VIIRS,n,2,304.09,4.72,D,0
18.20105,79.7289,338.64,0.49,0.49,2026-05-30,730,N20,VIIRS,n,2,304.61,6.4,D,0
18.20192,79.73351,343.26,0.49,0.49,2026-05-30,730,N20,VIIRS,n,2,304.49,4.57,D,0
18.20316,79.59367,334.79,0.5,0.49,2026-05-30,730,N20,VIIRS,n,2,303.63,4.09,D,0
18.20459,79.72336,349.04,0.49,0.49,2026-05-30,730,N20,VIIRS,n,2,305.07,9.74,D,0
18.20633,79.73259,342.06,0.49,0.49,2026-05-30,730,N20,VIIRS,n,2,305.69,6.45,D,0
18.20741,79.64854,344.2,0.5,0.49,2026-05-30,730,N20,VIIRS,n,2,305.51,5.21,D,0
18.20757,80.14288,343.24,0.46,0.47,2026-05-30,730,N20,VIIRS,n,2,298.66,5.2,D,0
18.20764,79.50739,334.7,0.51,0.49,2026-05-30,730,N20,VIIRS,n,2,303.5,3.68,D,0
18.20814,79.71785,335.99,0.49,0.49,2026-05-30,730,N20,VIIRS,n,2,303.95,5.11,D,0
18.2084,80.14718,337.75,0.46,0.47,2026-05-30,730,N20,VIIRS,n,2,296.84,2.98,D,0
18.20926,79.6506,342.64,0.5,0.49,2026-05-30,730,N20,VIIRS,n,2,304.89,5.42,D,0
18.20987,79.72706,342.15,0.49,0.49,2026-05-30,730,N20,VIIRS,n,2,305.04,9.74,D,0
18.21074,79.73167,345.35,0.49,0.49,2026-05-30,730,N20,VIIRS,n,2,306,6.45,D,0
18.21211,79.50645,337.7,0.51,0.49,2026-05-30,730,N20,VIIRS,n,2,302.83,3.68,D,0
18.21634,79.28603,332.2,0.53,0.5,2026-05-30,730,N20,VIIRS,l,2,303.51,4.78,D,0
18.21869,79.7252,334.63,0.49,0.49,2026-05-30,730,N20,VIIRS,n,2,303.81,2.26,D,0
18.22178,79.72198,336.01,0.49,0.49,2026-05-30,730,N20,VIIRS,n,2,305.96,1.97,D,0
18.22577,79.57674,340.84,0.5,0.49,2026-05-30,730,N20,VIIRS,n,2,302.49,2.94,D,0
18.22668,79.58141,334.79,0.5,0.49,2026-05-30,730,N20,VIIRS,n,2,301.73,2.94,D,0
18.22842,79.56651,337.41,0.5,0.49,2026-05-30,730,N20,VIIRS,n,2,302.64,2.12,D,0
18.22857,79.05855,332.09,0.54,0.51,2026-05-30,730,N20,VIIRS,l,2,304.83,3.14,D,0
18.23288,79.56557,333.02,0.5,0.49,2026-05-30,730,N20,VIIRS,n,2,301.94,2.12,D,0
18.23706,79.46676,336.18,0.51,0.5,2026-05-30,730,N20,VIIRS,n,2,303.74,6.48,D,0
18.23738,79.58885,333.9,0.5,0.49,2026-05-30,730,N20,VIIRS,n,2,302.89,2.11,D,0
18.24235,77.9388,334.08,0.32,0.55,2026-05-30,730,N20,VIIRS,l,2,307.16,1.69,D,0
18.24404,79.11269,334.58,0.54,0.51,2026-05-30,730,N20,VIIRS,l,2,304.82,3.23,D,0
18.24413,79.43066,340.42,0.51,0.5,2026-05-30,730,N20,VIIRS,n,2,303.94,6.73,D,0
18.24693,79.4696,335.8,0.51,0.49,2026-05-30,730,N20,VIIRS,n,2,301.99,4.53,D,0
18.24862,79.4297,335.34,0.51,0.5,2026-05-30,730,N20,VIIRS,n,2,303.78,3.92,D,0
18.24891,79.55254,347.35,0.51,0.49,2026-05-30,730,N20,VIIRS,n,2,301.79,13.25,D,0
18.24959,79.96226,335.03,0.48,0.48,2026-05-30,730,N20,VIIRS,n,2,300.16,3.28,D,0
18.25144,79.94804,335.82,0.48,0.48,2026-05-30,730,N20,VIIRS,n,2,299.96,3.13,D,0
18.25337,79.5516,330.53,0.51,0.49,2026-05-30,730,N20,VIIRS,n,2,300.32,1.86,D,0
18.25493,80.2044,330.79,0.46,0.47,2026-05-30,730,N20,VIIRS,n,2,294.77,2.72,D,0
18.2555,77.9016,335.03,0.32,0.55,2026-05-30,730,N20,VIIRS,l,2,306.47,2.33,D,0
18.26076,79.27135,334.96,0.53,0.5,2026-05-30,730,N20,VIIRS,n,2,304.57,3.45,D,0
18.26146,79.2735,333.38,0.53,0.5,2026-05-30,730,N20,VIIRS,l,2,304.36,1.35,D,0
18.26281,78.98816,333.39,0.55,0.51,2026-05-30,730,N20,VIIRS,l,2,305.47,2.69,D,0
18.2653,79.9497,344.09,0.48,0.48,2026-05-30,730,N20,VIIRS,n,2,299.94,6.59,D,0
18.26569,77.84923,367,0.33,0.55,2026-05-30,730,N20,VIIRS,h,2,305.86,4.92,D,0
18.26629,77.85223,338.24,0.33,0.55,2026-05-30,730,N20,VIIRS,n,2,303.26,4.92,D,0
18.26646,79.95135,345.52,0.48,0.48,2026-05-30,730,N20,VIIRS,n,2,300.44,8.88,D,0
18.26909,78.97092,335.56,0.55,0.51,2026-05-30,730,N20,VIIRS,n,2,304.54,3.05,D,0
18.26942,79.61121,331.98,0.5,0.49,2026-05-30,730,N20,VIIRS,l,2,301.99,2.99,D,0
18.26942,79.70725,338.38,0.49,0.49,2026-05-30,730,N20,VIIRS,n,2,304.99,2.94,D,0
18.27031,79.61584,331.9,0.5,0.49,2026-05-30,730,N20,VIIRS,l,2,302.54,2.53,D,0
18.27053,77.76943,344.71,0.33,0.55,2026-05-30,730,N20,VIIRS,n,2,307.76,3.64,D,0
18.27113,77.77245,339.94,0.33,0.55,2026-05-30,730,N20,VIIRS,n,2,307.35,4.06,D,0
18.27497,77.7677,336.6,0.33,0.55,2026-05-30,730,N20,VIIRS,l,2,306.79,2.84,D,0
18.27559,77.77071,344.84,0.33,0.55,2026-05-30,730,N20,VIIRS,n,2,306.79,3.33,D,0
18.27652,79.62419,339.22,0.5,0.49,2026-05-30,730,N20,VIIRS,n,2,304.74,3.66,D,0
18.28562,79.93356,334.46,0.48,0.48,2026-05-30,730,N20,VIIRS,n,2,303.17,6.8,D,0
18.28863,77.83375,336.65,0.33,0.55,2026-05-30,730,N20,VIIRS,l,2,308.24,3.68,D,0
18.28872,77.83457,339.05,0.33,0.55,2026-05-30,730,N20,VIIRS,n,2,308.23,2.56,D,0
18.29073,79.9601,334.9,0.48,0.48,2026-05-30,730,N20,VIIRS,n,2,299.81,3.68,D,0
18.29158,79.63065,339.79,0.5,0.49,2026-05-30,730,N20,VIIRS,n,2,305.91,3.79,D,0
18.29398,79.14866,331.31,0.54,0.51,2026-05-30,730,N20,VIIRS,l,2,303.61,1.92,D,0
18.29467,79.46635,333.64,0.51,0.49,2026-05-30,730,N20,VIIRS,n,2,301.57,1.93,D,0
18.2971,79.46381,346.03,0.51,0.49,2026-05-30,730,N20,VIIRS,n,2,302.53,6.25,D,0
18.29821,79.46063,334.67,0.51,0.49,2026-05-30,730,N20,VIIRS,n,2,302.89,3.25,D,0
18.30639,79.94763,336.27,0.48,0.48,2026-05-30,730,N20,VIIRS,n,2,304.65,3,D,0
18.30674,79.14078,341.55,0.54,0.51,2026-05-30,730,N20,VIIRS,n,2,302.42,4.75,D,0
18.30724,79.95206,338.42,0.48,0.48,2026-05-30,730,N20,VIIRS,n,2,301.65,3,D,0
18.30812,79.31918,338.64,0.52,0.5,2026-05-30,730,N20,VIIRS,n,2,305.22,5.61,D,0
18.31006,79.6796,335.62,0.5,0.49,2026-05-30,730,N20,VIIRS,n,2,305.48,1.92,D,0
18.31073,79.94673,337.61,0.48,0.48,2026-05-30,730,N20,VIIRS,n,2,301.78,3.05,D,0
18.31243,79.76471,337.88,0.49,0.48,2026-05-30,730,N20,VIIRS,n,2,304.45,3.49,D,0
18.32714,79.51347,336.74,0.51,0.49,2026-05-30,730,N20,VIIRS,n,2,304.57,5.42,D,0
18.33025,79.40928,343.64,0.51,0.5,2026-05-30,730,N20,VIIRS,n,2,304.96,14.57,D,0
18.33385,79.85391,349.92,0.48,0.48,2026-05-30,730,N20,VIIRS,n,2,305.06,9.14,D,0
18.33566,79.41306,347.33,0.51,0.5,2026-05-30,730,N20,VIIRS,n,2,306.73,12.18,D,0
18.33618,77.96452,334.45,0.32,0.55,2026-05-30,730,N20,VIIRS,l,2,307.53,2.64,D,0
18.33821,79.85298,349.43,0.48,0.48,2026-05-30,730,N20,VIIRS,n,2,303.76,8.21,D,0
18.33905,79.85744,335.99,0.48,0.48,2026-05-30,730,N20,VIIRS,n,2,303.68,3.03,D,0
18.33931,79.76521,348.67,0.49,0.48,2026-05-30,730,N20,VIIRS,n,2,308.46,25.9,D,0
18.33962,79.76363,343.96,0.49,0.48,2026-05-30,730,N20,VIIRS,n,2,306.57,13.85,D,0
18.34047,79.76817,345.42,0.49,0.48,2026-05-30,730,N20,VIIRS,n,2,306.13,13.85,D,0
18.34341,79.85652,336.22,0.48,0.48,2026-05-30,730,N20,VIIRS,n,2,305.36,3.03,D,0
18.34454,79.38631,343.46,0.52,0.5,2026-05-30,730,N20,VIIRS,n,2,305.79,11.5,D,0
18.34546,79.39108,343.72,0.52,0.5,2026-05-30,730,N20,VIIRS,n,2,304.95,11.5,D,0
18.34637,79.39584,343.51,0.52,0.5,2026-05-30,730,N20,VIIRS,n,2,305.6,7.6,D,0
18.34729,79.40062,343.72,0.51,0.5,2026-05-30,730,N20,VIIRS,n,2,304.8,7.6,D,0
18.3482,79.01386,354.06,0.55,0.51,2026-05-30,730,N20,VIIRS,n,2,306.25,13.39,D,0
18.34904,79.38536,341.77,0.52,0.5,2026-05-30,730,N20,VIIRS,n,2,305.89,6.15,D,0
18.35354,79.38443,344.36,0.52,0.5,2026-05-30,730,N20,VIIRS,n,2,305.54,6.15,D,0
18.35604,79.32388,356.05,0.52,0.5,2026-05-30,730,N20,VIIRS,n,2,307.91,10.92,D,0
18.35663,77.70693,334.68,0.33,0.55,2026-05-30,730,N20,VIIRS,l,2,309.29,1.83,D,0
18.35865,78.34103,332.65,0.6,0.53,2026-05-30,730,N20,VIIRS,l,2,305.18,1.46,D,0
18.35874,79.04314,332.11,0.54,0.51,2026-05-30,730,N20,VIIRS,l,2,305.35,2.66,D,0
18.36078,78.03484,333.87,0.63,0.54,2026-05-30,730,N20,VIIRS,l,2,306.32,5.84,D,0
18.36125,78.32879,343.2,0.6,0.53,2026-05-30,730,N20,VIIRS,n,2,305.11,7.3,D,0
18.36298,78.78334,337.96,0.56,0.52,2026-05-30,730,N20,VIIRS,n,2,306.9,5.45,D,0
18.3982,78.33822,340.25,0.6,0.53,2026-05-30,730,N20,VIIRS,n,2,307.6,3.75,D,0
18.40168,78.33611,343.27,0.6,0.53,2026-05-30,730,N20,VIIRS,n,2,309.1,4.97,D,0
18.40653,79.49165,341.51,0.51,0.49,2026-05-30,730,N20,VIIRS,n,2,307.33,6.72,D,0
18.40711,79.45856,346.28,0.51,0.49,2026-05-30,730,N20,VIIRS,n,2,307.57,7.56,D,0
18.40818,79.48777,338.03,0.51,0.49,2026-05-30,730,N20,VIIRS,n,2,307.38,8.07,D,0
18.4091,79.49245,342.22,0.51,0.49,2026-05-30,730,N20,VIIRS,n,2,305.12,4.25,D,0
18.4091,79.55437,340.37,0.5,0.49,2026-05-30,730,N20,VIIRS,n,2,307.23,7.22,D,0
18.4113,80.07576,336.24,0.47,0.47,2026-05-30,730,N20,VIIRS,n,2,302.57,5.41,D,0
18.4121,79.55502,343.36,0.5,0.49,2026-05-30,730,N20,VIIRS,n,2,307.09,7.21,D,0
18.41319,80.07644,337.73,0.46,0.47,2026-05-30,730,N20,VIIRS,n,2,303.5,6.8,D,0
18.41745,79.55873,334.86,0.5,0.49,2026-05-30,730,N20,VIIRS,n,2,304.45,4.44,D,0
18.42467,77.86454,334.33,0.32,0.55,2026-05-30,730,N20,VIIRS,l,2,307.35,2.38,D,0
18.44417,79.06911,334.9,0.54,0.51,2026-05-30,730,N20,VIIRS,n,2,304.61,4.56,D,0
18.44421,79.33686,341.14,0.52,0.5,2026-05-30,730,N20,VIIRS,n,2,307.35,6.57,D,0
18.44464,79.43604,342.37,0.51,0.49,2026-05-30,730,N20,VIIRS,n,2,307.88,5.06,D,0
18.44555,79.44077,336.7,0.51,0.49,2026-05-30,730,N20,VIIRS,n,2,306.11,5.06,D,0
18.44871,79.33588,355.89,0.52,0.5,2026-05-30,730,N20,VIIRS,n,2,308.13,13.12,D,0
18.44963,79.34065,345.7,0.52,0.5,2026-05-30,730,N20,VIIRS,n,2,308.41,13.12,D,0
18.45583,76.56637,339.84,0.39,0.6,2026-05-30,730,N20,VIIRS,n,2,306.91,2.44,D,0
18.46578,80.04748,340.77,0.47,0.47,2026-05-30,730,N20,VIIRS,n,2,302.7,6.51,D,0
18.47242,79.4596,340.21,0.51,0.49,2026-05-30,730,N20,VIIRS,n,2,306.3,5.29,D,0
18.47808,79.14455,344.69,0.53,0.5,2026-05-30,730,N20,VIIRS,n,2,306.6,5.19,D,0
18.49046,80.27253,330.16,0.45,0.47,2026-05-30,730,N20,VIIRS,n,2,296.68,2.3,D,0
18.49347,80.02819,350.37,0.47,0.48,2026-05-30,730,N20,VIIRS,n,2,306.56,12.15,D,0
18.50095,79.53632,343.38,0.5,0.49,2026-05-30,730,N20,VIIRS,n,2,306.45,10.49,D,0
18.51405,79.44776,344.69,0.51,0.49,2026-05-30,730,N20,VIIRS,n,2,305.57,6.05,D,0
18.51475,79.7056,344.04,0.49,0.48,2026-05-30,730,N20,VIIRS,n,2,304.36,6.47,D,0
18.52442,79.23675,332.3,0.52,0.5,2026-05-30,730,N20,VIIRS,l,2,305.09,1.4,D,0
18.52755,79.46931,334.56,0.51,0.49,2026-05-30,730,N20,VIIRS,l,2,305.41,3.78,D,0
18.53418,79.35976,354.55,0.51,0.5,2026-05-30,730,N20,VIIRS,n,2,307.75,5.67,D,0
18.53457,79.2649,334.57,0.52,0.5,2026-05-30,730,N20,VIIRS,l,2,307.26,2.87,D,0
18.5351,79.36453,339.03,0.51,0.5,2026-05-30,730,N20,VIIRS,n,2,305.92,5.67,D,0
18.53624,80.07825,342.61,0.46,0.47,2026-05-30,730,N20,VIIRS,n,2,302.13,8.8,D,0
18.53774,79.35401,342.81,0.51,0.5,2026-05-30,730,N20,VIIRS,n,2,306.42,7.14,D,0
18.53867,79.35879,345.78,0.51,0.5,2026-05-30,730,N20,VIIRS,n,2,307.31,5.67,D,0
18.53959,79.36356,344.52,0.51,0.5,2026-05-30,730,N20,VIIRS,n,2,306.46,5.67,D,0
18.54265,79.45147,334.31,0.51,0.49,2026-05-30,730,N20,VIIRS,l,2,304.36,3.05,D,0
18.54761,80.48444,338.39,0.44,0.46,2026-05-30,730,N20,VIIRS,n,2,299.83,4.24,D,0
18.54838,80.48856,334.3,0.44,0.46,2026-05-30,730,N20,VIIRS,n,2,298.48,2.41,D,0
18.5497,80.10212,347.52,0.46,0.47,2026-05-30,730,N20,VIIRS,n,2,303.02,8.16,D,0
18.55301,79.16257,335.57,0.53,0.5,2026-05-30,730,N20,VIIRS,l,2,305.94,1.47,D,0
18.55304,79.16464,338.44,0.53,0.5,2026-05-30,730,N20,VIIRS,n,2,305.93,4.22,D,0
18.5548,80.10551,338.88,0.46,0.47,2026-05-30,730,N20,VIIRS,n,2,302.97,7.64,D,0
18.55758,79.16368,337.71,0.53,0.5,2026-05-30,730,N20,VIIRS,l,2,308.69,4.22,D,0
18.55853,79.16652,341.22,0.53,0.5,2026-05-30,730,N20,VIIRS,n,2,307.83,3.91,D,0
18.55936,79.36924,334.84,0.51,0.5,2026-05-30,730,N20,VIIRS,l,2,305.11,6.37,D,0
18.56011,79.7306,343.22,0.49,0.48,2026-05-30,730,N20,VIIRS,n,2,303.91,6.93,D,0
18.56022,79.729,341.6,0.49,0.48,2026-05-30,730,N20,VIIRS,n,2,304.66,7.25,D,0
18.56331,79.48634,345.28,0.5,0.49,2026-05-30,730,N20,VIIRS,n,2,306.02,4.92,D,0
18.56476,79.07803,346.79,0.54,0.5,2026-05-30,730,N20,VIIRS,n,2,309.55,11.46,D,0
18.56776,79.48542,335.79,0.5,0.49,2026-05-30,730,N20,VIIRS,l,2,307.03,7.9,D,0
18.56867,79.49011,346.22,0.5,0.49,2026-05-30,730,N20,VIIRS,n,2,306.02,5.99,D,0
18.57073,80.04856,334.29,0.46,0.47,2026-05-30,730,N20,VIIRS,n,2,302.54,2.06,D,0
18.57312,79.48921,345.16,0.5,0.49,2026-05-30,730,N20,VIIRS,n,2,307.65,5.99,D,0
18.57705,79.26589,341.92,0.52,0.5,2026-05-30,730,N20,VIIRS,n,2,308.81,7.98,D,0
18.57775,79.26357,340.85,0.52,0.5,2026-05-30,730,N20,VIIRS,n,2,308.87,3.98,D,0
18.57871,79.2684,338.66,0.52,0.5,2026-05-30,730,N20,VIIRS,l,2,308.87,3.98,D,0
18.58177,79.04338,340.36,0.54,0.51,2026-05-30,730,N20,VIIRS,n,2,308.44,4.95,D,0
18.58322,79.26742,331.72,0.52,0.5,2026-05-30,730,N20,VIIRS,l,2,305.05,3.98,D,0
18.58424,79.25429,341.1,0.52,0.5,2026-05-30,730,N20,VIIRS,n,2,307.21,10.9,D,0
18.58455,79.85918,339.49,0.48,0.48,2026-05-30,730,N20,VIIRS,n,2,303.34,6.89,D,0
18.58516,79.2591,346.07,0.52,0.5,2026-05-30,730,N20,VIIRS,n,2,306.9,9.97,D,0
18.58536,79.8604,337.43,0.48,0.48,2026-05-30,730,N20,VIIRS,n,2,303.73,6.25,D,0
18.58583,79.25683,351.34,0.52,0.5,2026-05-30,730,N20,VIIRS,n,2,308.07,20.51,D,0
18.58607,79.26391,346.6,0.52,0.5,2026-05-30,730,N20,VIIRS,n,2,306.7,9.97,D,0
18.58677,79.26163,340.56,0.52,0.5,2026-05-30,730,N20,VIIRS,n,2,306.98,5.71,D,0
18.58932,79.34581,336.55,0.51,0.5,2026-05-30,730,N20,VIIRS,l,2,307.53,4.98,D,0
18.59163,79.34261,334.98,0.51,0.5,2026-05-30,730,N20,VIIRS,l,2,305.35,3.48,D,0
18.59789,79.29424,333.69,0.52,0.5,2026-05-30,730,N20,VIIRS,l,2,305.46,0.82,D,0
18.63951,79.31552,336.48,0.51,0.5,2026-05-30,730,N20,VIIRS,l,2,307.52,3.23,D,0
18.64373,79.61829,338.25,0.49,0.49,2026-05-30,730,N20,VIIRS,n,2,306.31,3.34,D,0
18.64473,80.34925,341.09,0.44,0.46,2026-05-30,730,N20,VIIRS,n,2,297.52,3.6,D,0
18.67904,79.32664,338.03,0.51,0.5,2026-05-30,730,N20,VIIRS,n,2,307.52,3.51,D,0
18.6799,79.30668,334.43,0.51,0.5,2026-05-30,730,N20,VIIRS,l,2,306.4,1.95,D,0
18.68268,79.34569,343.73,0.51,0.49,2026-05-30,730,N20,VIIRS,n,2,307.97,9.44,D,0
18.6896,78.66601,334.55,0.57,0.52,2026-05-30,730,N20,VIIRS,l,2,306.43,2.65,D,0
18.69109,78.66405,336.49,0.57,0.52,2026-05-30,730,N20,VIIRS,l,2,306.69,2.8,D,0
18.69537,79.43642,351.4,0.5,0.49,2026-05-30,730,N20,VIIRS,n,2,308.44,9,D,0
18.71041,79.3119,338.7,0.51,0.5,2026-05-30,730,N20,VIIRS,n,2,307.19,4.26,D,0
18.71079,78.81079,338.81,0.55,0.51,2026-05-30,730,N20,VIIRS,n,2,306.69,4.53,D,0
18.71293,78.81219,338.25,0.55,0.51,2026-05-30,730,N20,VIIRS,n,2,307.17,6.21,D,0
18.75134,79.0377,343.25,0.53,0.5,2026-05-30,730,N20,VIIRS,n,2,306.52,6.55,D,0
18.75183,79.03964,343.46,0.53,0.5,2026-05-30,730,N20,VIIRS,n,2,306.9,6.34,D,0
18.76291,78.3063,344.13,0.6,0.53,2026-05-30,730,N20,VIIRS,n,2,308.31,5.08,D,0
18.76383,79.79701,345.89,0.48,0.48,2026-05-30,730,N20,VIIRS,n,2,305.44,5.58,D,0
18.76515,79.73193,341.05,0.48,0.48,2026-05-30,730,N20,VIIRS,n,2,306.06,6.6,D,0
18.76653,79.21485,338.17,0.52,0.5,2026-05-30,730,N20,VIIRS,n,2,306.51,3.67,D,0
18.76818,79.79613,338.64,0.48,0.48,2026-05-30,730,N20,VIIRS,n,2,305.56,5.58,D,0
18.7682,78.68433,339.27,0.56,0.52,2026-05-30,730,N20,VIIRS,l,2,309.74,4.33,D,0
18.76893,79.72791,335.62,0.48,0.48,2026-05-30,730,N20,VIIRS,n,2,304.67,3.73,D,0
18.7695,79.73097,343.29,0.48,0.48,2026-05-30,730,N20,VIIRS,n,2,304.87,7.49,D,0
18.76981,79.73237,339.09,0.48,0.48,2026-05-30,730,N20,VIIRS,n,2,306.38,3.73,D,0
18.78746,79.27526,339.87,0.51,0.5,2026-05-30,730,N20,VIIRS,n,2,309.06,8.75,D,0
18.81156,78.78281,341.3,0.55,0.51,2026-05-30,730,N20,VIIRS,n,2,306.42,5.55,D,0
18.81442,78.78365,338.07,0.55,0.51,2026-05-30,730,N20,VIIRS,n,2,305.71,5.82,D,0
18.82548,79.76231,349.13,0.48,0.48,2026-05-30,730,N20,VIIRS,n,2,308.1,9.77,D,0
18.82898,79.75694,349.97,0.48,0.48,2026-05-30,730,N20,VIIRS,n,2,310.68,15.37,D,0
18.82984,79.76141,346.48,0.48,0.48,2026-05-30,730,N20,VIIRS,n,2,308.18,12.72,D,0
18.83027,79.07704,334.1,0.53,0.5,2026-05-30,730,N20,VIIRS,l,2,305.77,3.95,D,0
18.86849,80.21446,332.1,0.45,0.47,2026-05-30,730,N20,VIIRS,l,2,306.44,2.04,D,0
18.86862,78.86236,343.68,0.55,0.51,2026-05-30,730,N20,VIIRS,n,2,305.87,8.95,D,0
18.87214,80.21455,332.62,0.45,0.47,2026-05-30,730,N20,VIIRS,l,2,306.03,1.76,D,0
18.87235,80.00748,332.02,0.46,0.47,2026-05-30,730,N20,VIIRS,n,2,301.9,1.3,D,0
18.87663,80.00661,334.9,0.46,0.47,2026-05-30,730,N20,VIIRS,n,2,302.36,1.41,D,0
18.88791,79.1559,345.28,0.52,0.5,2026-05-30,730,N20,VIIRS,n,2,307.21,8.56,D,0
18.88881,79.15665,344.58,0.52,0.5,2026-05-30,730,N20,VIIRS,n,2,306.17,12.98,D,0
18.89622,78.65779,344.8,0.56,0.52,2026-05-30,730,N20,VIIRS,n,2,308.55,5.64,D,0
18.91463,78.92612,335.53,0.54,0.51,2026-05-30,730,N20,VIIRS,n,2,303.44,3.73,D,0
18.91854,78.798,338.21,0.55,0.51,2026-05-30,730,N20,VIIRS,n,2,306.64,5.54,D,0
18.93505,79.27239,339.89,0.51,0.49,2026-05-30,730,N20,VIIRS,n,2,305.72,5.35,D,0
18.97064,79.78481,349.85,0.47,0.48,2026-05-30,730,N20,VIIRS,n,2,308.65,9.68,D,0
19.00371,79.69513,342.4,0.48,0.48,2026-05-30,730,N20,VIIRS,n,2,305.78,4.6,D,0
19.20725,80.82874,331.91,0.4,0.45,2026-05-30,730,N20,VIIRS,n,2,299.88,1.99,D,0
19.20979,81.20732,336.35,0.39,0.44,2026-05-30,730,N20,VIIRS,n,2,303.5,2.98,D,0
19.24091,80.60095,330.67,0.42,0.45,2026-05-30,730,N20,VIIRS,l,2,304.68,1.19,D,0
18.32376,74.10883,333.17,0.57,0.69,2026-05-30,731,N20,VIIRS,n,2,299.43,1.35,D,0
18.37561,75.11085,351.55,0.49,0.65,2026-05-30,731,N20,VIIRS,n,2,299.53,8.34,D,0
18.4581,76.56622,334.46,0.39,0.59,2026-05-30,731,N20,VIIRS,l,2,306.18,2.01,D,0
18.71022,76.79679,333.45,0.37,0.58,2026-05-30,731,N20,VIIRS,l,2,303.84,1.74,D,0
18.71291,73.57708,334.81,0.61,0.71,2026-05-30,731,N20,VIIRS,n,2,297.27,9.06,D,0
18.8934,78.65662,346.01,0.56,0.52,2026-05-30,731,N20,VIIRS,n,2,307.83,7.17,D,0
18.9144,78.54221,337.14,0.57,0.52,2026-05-30,731,N20,VIIRS,n,2,306.43,2,D,0
18.92135,78.79548,334.87,0.55,0.51,2026-05-30,731,N20,VIIRS,l,2,306.9,2.49,D,0
18.92792,78.06684,335.16,0.61,0.54,2026-05-30,731,N20,VIIRS,l,2,307.69,4.99,D,0
18.94945,78.86382,335.07,0.54,0.51,2026-05-30,731,N20,VIIRS,n,2,303.8,3.22,D,0
18.9982,79.08538,335.31,0.52,0.5,2026-05-30,731,N20,VIIRS,n,2,302.71,3.52,D,0
19.02751,73.29307,331.23,0.62,0.71,2026-05-30,731,N20,VIIRS,n,2,293.65,6.07,D,0
19.04408,78.27351,337.04,0.59,0.53,2026-05-30,731,N20,VIIRS,l,2,307.73,2.98,D,0
19.05333,79.15053,337.86,0.52,0.5,2026-05-30,731,N20,VIIRS,n,2,305.69,6.83,D,0
19.06778,78.9341,343.66,0.53,0.5,2026-05-30,731,N20,VIIRS,n,2,304.35,7.29,D,0
19.06872,78.93655,347.35,0.54,0.5,2026-05-30,731,N20,VIIRS,n,2,305.88,10.18,D,0
19.06876,78.93905,335.36,0.53,0.5,2026-05-30,731,N20,VIIRS,n,2,304.13,7.29,D,0
19.06878,79.06013,335.08,0.53,0.5,2026-05-30,731,N20,VIIRS,n,2,304.97,3.27,D,0
19.06968,78.94152,333.08,0.53,0.5,2026-05-30,731,N20,VIIRS,n,2,301.51,3.32,D,0
19.11783,79.64954,335.92,0.48,0.48,2026-05-30,731,N20,VIIRS,l,2,306.06,3.99,D,0
19.13662,79.77012,340.82,0.47,0.48,2026-05-30,731,N20,VIIRS,n,2,307.6,4.54,D,0
19.16066,77.98847,343.85,0.61,0.54,2026-05-30,731,N20,VIIRS,n,2,310.94,12.83,D,0
19.16449,79.72762,342.26,0.47,0.48,2026-05-30,731,N20,VIIRS,n,2,306.96,5.72,D,0
19.16534,79.73203,338.49,0.47,0.48,2026-05-30,731,N20,VIIRS,n,2,307.45,5.58,D,0
19.17469,79.7575,344.63,0.47,0.48,2026-05-30,731,N20,VIIRS,n,2,309.24,4.14,D,0
19.17901,79.75655,337.85,0.47,0.48,2026-05-30,731,N20,VIIRS,n,2,307.58,4.14,D,0
19.18083,79.74242,339.34,0.47,0.48,2026-05-30,731,N20,VIIRS,n,2,307.23,2.27,D,0
19.18974,77.96738,338.5,0.61,0.54,2026-05-30,731,N20,VIIRS,l,2,309.17,9.92,D,0
19.19229,77.96958,337.49,0.61,0.54,2026-05-30,731,N20,VIIRS,l,2,308.92,12.02,D,0
19.19365,79.76261,335.75,0.47,0.48,2026-05-30,731,N20,VIIRS,l,2,308.14,2.81,D,0
19.20012,79.82051,346.26,0.47,0.48,2026-05-30,731,N20,VIIRS,n,2,307.51,8.71,D,0
19.21589,79.42725,336.17,0.49,0.49,2026-05-30,731,N20,VIIRS,n,2,302.52,5.26,D,0
19.21754,76.46866,334.31,0.38,0.59,2026-05-30,731,N20,VIIRS,l,2,305.6,1.34,D,0
19.22022,76.46864,336.97,0.38,0.59,2026-05-30,731,N20,VIIRS,n,2,305.18,2.42,D,0
19.25326,78.20242,335.98,0.59,0.53,2026-05-30,731,N20,VIIRS,n,2,305.93,3.1,D,0
19.29247,73.5602,331.44,0.59,0.7,2026-05-30,731,N20,VIIRS,n,2,296.53,3.2,D,0
19.36364,80.06331,336.06,0.45,0.47,2026-05-30,731,N20,VIIRS,n,2,305.6,2.16,D,0
19.3758,81.079,340.06,0.39,0.44,2026-05-30,731,N20,VIIRS,n,2,293.13,2.65,D,0
19.4622,77.32452,338.03,0.33,0.56,2026-05-30,731,N20,VIIRS,l,2,308.73,1.37,D,0
19.54666,80.13149,331.82,0.44,0.46,2026-05-30,731,N20,VIIRS,l,2,306.02,1.96,D,0
19.54822,80.13969,330.58,0.44,0.46,2026-05-30,731,N20,VIIRS,l,2,304.69,3.95,D,0
19.57149,80.14756,345.53,0.44,0.46,2026-05-30,731,N20,VIIRS,n,2,308.22,9.77,D,0
19.57305,80.15587,342.23,0.44,0.46,2026-05-30,731,N20,VIIRS,n,2,305.64,3.76,D,0
19.57648,80.15095,343.07,0.44,0.46,2026-05-30,731,N20,VIIRS,n,2,309.05,11.01,D,0
19.57726,80.15509,345.04,0.44,0.46,2026-05-30,731,N20,VIIRS,n,2,307.54,8.3,D,0
19.59339,79.5216,339.38,0.48,0.48,2026-05-30,731,N20,VIIRS,n,2,304.02,5.81,D,0
19.61247,81.04417,336.34,0.39,0.44,2026-05-30,731,N20,VIIRS,l,2,309.65,2.91,D,0
19.62106,79.9942,344.4,0.45,0.47,2026-05-30,731,N20,VIIRS,n,2,307.65,5.9,D,0
19.64672,80.03673,337.08,0.44,0.46,2026-05-30,731,N20,VIIRS,l,2,309.67,4.67,D,0
19.64751,80.04091,341.68,0.44,0.46,2026-05-30,731,N20,VIIRS,n,2,309.34,4.67,D,0
19.6611,80.87406,333.24,0.4,0.44,2026-05-30,731,N20,VIIRS,n,2,304.57,1.44,D,0
19.71041,75.64452,341.23,0.42,0.61,2026-05-30,731,N20,VIIRS,n,2,304.42,3.01,D,0
19.71852,80.11697,337.69,0.44,0.46,2026-05-30,731,N20,VIIRS,l,2,308.35,6.06,D,0
19.73486,81.07211,333.16,0.38,0.44,2026-05-30,731,N20,VIIRS,n,2,304.08,1.19,D,0
19.74656,79.87224,351.63,0.45,0.47,2026-05-30,731,N20,VIIRS,n,2,310.44,8.49,D,0
19.75681,80.64447,342.73,0.41,0.45,2026-05-30,731,N20,VIIRS,n,2,309.25,4.55,D,0
19.75752,80.64831,333.79,0.41,0.45,2026-05-30,731,N20,VIIRS,l,2,307.09,4.55,D,0
19.76202,79.93067,337.18,0.45,0.47,2026-05-30,731,N20,VIIRS,l,2,308.84,6.31,D,0
19.77231,76.55814,337.56,0.37,0.58,2026-05-30,731,N20,VIIRS,l,2,308.1,4.74,D,0
19.77472,79.92802,335,0.45,0.47,2026-05-30,731,N20,VIIRS,l,2,309.43,5.92,D,0
19.78235,80.33591,338.4,0.42,0.45,2026-05-30,731,N20,VIIRS,n,2,303.9,3.88,D,0
19.79258,79.39774,342.02,0.48,0.48,2026-05-30,731,N20,VIIRS,n,2,307.34,6.12,D,0
19.79918,79.55103,347.5,0.47,0.48,2026-05-30,731,N20,VIIRS,n,2,304.8,9.66,D,0
19.80003,79.5555,351.02,0.47,0.48,2026-05-30,731,N20,VIIRS,n,2,305.67,9.66,D,0
19.80088,79.55991,347.28,0.47,0.48,2026-05-30,731,N20,VIIRS,n,2,306.57,6.99,D,0
19.80172,79.56435,342.63,0.47,0.48,2026-05-30,731,N20,VIIRS,n,2,304.85,6.99,D,0
19.80521,79.55903,350.53,0.47,0.48,2026-05-30,731,N20,VIIRS,n,2,306.38,6.99,D,0
19.80606,79.56345,331.43,0.47,0.48,2026-05-30,731,N20,VIIRS,l,2,304.07,6.99,D,0
19.83767,80.51609,336.34,0.41,0.45,2026-05-30,731,N20,VIIRS,l,2,310.57,6.05,D,0
19.86535,78.8613,338.83,0.52,0.5,2026-05-30,731,N20,VIIRS,l,2,309.46,8.27,D,0
19.86904,80.59368,354.66,0.41,0.45,2026-05-30,731,N20,VIIRS,n,2,313.81,14.48,D,0
19.86975,80.59749,341.55,0.41,0.45,2026-05-30,731,N20,VIIRS,n,2,307.81,8.02,D,0
19.8731,80.59284,351.24,0.41,0.45,2026-05-30,731,N20,VIIRS,n,2,309.4,14.48,D,0
19.91626,83.99014,331.12,0.42,0.38,2026-05-30,731,N20,VIIRS,n,2,302.33,2.49,D,0
19.91818,79.36533,340.8,0.48,0.48,2026-05-30,731,N20,VIIRS,n,2,304.36,7.22,D,0
19.91907,79.36986,343.15,0.48,0.48,2026-05-30,731,N20,VIIRS,n,2,304.89,6.86,D,0
19.94123,80.71278,338.47,0.4,0.44,2026-05-30,731,N20,VIIRS,n,2,310.34,4.98,D,0
19.94191,80.71655,341.81,0.4,0.44,2026-05-30,731,N20,VIIRS,n,2,308.83,4.05,D,0
19.9421,80.71307,354.52,0.4,0.44,2026-05-30,731,N20,VIIRS,n,2,311.79,5.84,D,0
19.94281,80.71684,338.76,0.4,0.44,2026-05-30,731,N20,VIIRS,n,2,307.87,5.47,D,0
19.94524,80.71194,350.95,0.4,0.44,2026-05-30,731,N20,VIIRS,n,2,310.97,4.98,D,0
19.94593,80.71571,344.09,0.4,0.44,2026-05-30,731,N20,VIIRS,n,2,308.48,4.05,D,0
19.94612,80.71223,341.83,0.4,0.44,2026-05-30,731,N20,VIIRS,n,2,308.82,5.84,D,0
19.9627,79.33661,343.36,0.49,0.48,2026-05-30,731,N20,VIIRS,n,2,305.17,6.19,D,2
19.96906,81.24734,333.66,0.56,0.43,2026-05-30,731,N20,VIIRS,l,2,308.46,4.39,D,0
19.96972,80.72684,337.58,0.4,0.44,2026-05-30,731,N20,VIIRS,l,2,309.35,5.27,D,0
19.98246,80.7281,337.39,0.4,0.44,2026-05-30,731,N20,VIIRS,l,2,310.65,4.07,D,0
19.98927,80.65247,343.22,0.4,0.44,2026-05-30,731,N20,VIIRS,n,2,310.2,4.53,D,0
19.99941,80.66208,339.29,0.4,0.44,2026-05-30,731,N20,VIIRS,l,2,311.99,5.16,D,0
20.03118,80.5847,344.14,0.41,0.45,2026-05-30,731,N20,VIIRS,n,2,311.4,27.98,D,0
20.03129,80.58469,344.85,0.41,0.45,2026-05-30,731,N20,VIIRS,n,2,310.73,15.21,D,0
20.03678,79.81446,346.05,0.45,0.47,2026-05-30,731,N20,VIIRS,n,2,310.11,9.88,D,0
20.03741,79.84078,344.5,0.45,0.47,2026-05-30,731,N20,VIIRS,n,2,308.59,8.94,D,0
20.04721,76.0321,334.09,0.39,0.6,2026-05-30,731,N20,VIIRS,l,2,305.24,2.08,D,0
20.05119,80.62399,339.91,0.4,0.44,2026-05-30,731,N20,VIIRS,l,2,312.22,5.48,D,0
20.05593,80.62692,346.1,0.4,0.44,2026-05-30,731,N20,VIIRS,n,2,310.07,5.48,D,0
20.07669,79.95467,336.76,0.44,0.46,2026-05-30,731,N20,VIIRS,n,2,305.94,5.05,D,0
20.07859,80.68089,341.89,0.4,0.44,2026-05-30,731,N20,VIIRS,n,2,308.17,3.98,D,0
20.08,80.68845,336.93,0.4,0.44,2026-05-30,731,N20,VIIRS,l,2,309.29,2.85,D,0
20.10171,79.81385,338.93,0.45,0.47,2026-05-30,731,N20,VIIRS,l,2,311.25,9.42,D,0
20.10363,80.81513,337.19,0.39,0.44,2026-05-30,731,N20,VIIRS,l,2,310.41,2.4,D,0
20.10579,79.20807,338.29,0.49,0.49,2026-05-30,731,N20,VIIRS,n,2,301.29,3.32,D,0
20.12857,80.86057,334.08,0.39,0.44,2026-05-30,731,N20,VIIRS,n,2,306.06,1.21,D,0
20.13867,80.78085,344.01,0.39,0.44,2026-05-30,731,N20,VIIRS,n,2,310.79,3.43,D,0
20.13882,79.8235,344.8,0.45,0.47,2026-05-30,731,N20,VIIRS,n,2,309.94,10.18,D,0
20.15038,79.53494,337.59,0.47,0.48,2026-05-30,731,N20,VIIRS,n,2,307.51,6.47,D,0
20.15243,79.53639,345.52,0.47,0.48,2026-05-30,731,N20,VIIRS,n,2,308.21,7.31,D,0
20.15466,79.53385,345.43,0.47,0.48,2026-05-30,731,N20,VIIRS,n,2,308.27,6.47,D,0
20.15669,79.53528,340.5,0.47,0.48,2026-05-30,731,N20,VIIRS,n,2,308.93,7.31,D,0
20.24746,81.40141,333.6,0.54,0.42,2026-05-30,731,N20,VIIRS,l,2,308.37,2.18,D,0
20.29482,80.7132,338.97,0.39,0.44,2026-05-30,731,N20,VIIRS,l,2,312.62,4.79,D,0
20.33448,79.84115,337.36,0.44,0.46,2026-05-30,731,N20,VIIRS,n,2,306.42,6.38,D,0
20.33529,79.84534,341.7,0.44,0.46,2026-05-30,731,N20,VIIRS,n,2,302.74,5.34,D,0
20.34808,81.94382,331.02,0.51,0.41,2026-05-30,731,N20,VIIRS,n,2,296.88,1.19,D,0
20.35026,79.97044,345.53,0.44,0.46,2026-05-30,731,N20,VIIRS,n,2,306.66,5.42,D,0
20.35425,81.25445,343.81,0.55,0.43,2026-05-30,731,N20,VIIRS,n,2,308.75,6.91,D,0
20.35433,81.49801,343.95,0.53,0.42,2026-05-30,731,N20,VIIRS,n,2,308.54,7.99,D,0
20.39954,76.09549,340.11,0.38,0.59,2026-05-30,731,N20,VIIRS,n,2,305.22,1.44,D,0
20.40449,81.30508,334,0.55,0.42,2026-05-30,731,N20,VIIRS,l,2,307.05,2.13,D,0
20.4065,78.35876,338.51,0.55,0.51,2026-05-30,731,N20,VIIRS,n,2,305.58,8.15,D,0
20.41635,77.74628,340.33,0.6,0.53,2026-05-30,731,N20,VIIRS,n,2,302.82,6.27,D,0
20.41751,77.75198,343.58,0.6,0.53,2026-05-30,731,N20,VIIRS,n,2,301.99,8.05,D,0
20.44368,75.66161,335.67,0.41,0.61,2026-05-30,731,N20,VIIRS,l,2,307.08,1.59,D,0
20.50311,84.07587,339.59,0.41,0.37,2026-05-30,731,N20,VIIRS,n,2,298.84,3.52,D,0
20.50784,80.25536,338.8,0.42,0.45,2026-05-30,731,N20,VIIRS,n,2,308.56,4.35,D,0
20.51424,80.25074,338.24,0.42,0.45,2026-05-30,731,N20,VIIRS,n,2,307.48,4.94,D,0
20.51444,80.18497,339.25,0.42,0.45,2026-05-30,731,N20,VIIRS,l,2,310.01,6.5,D,0
20.5152,80.18894,341.05,0.42,0.45,2026-05-30,731,N20,VIIRS,n,2,308.9,6.23,D,0
20.51602,80.25362,335.89,0.42,0.45,2026-05-30,731,N20,VIIRS,l,2,307.09,3.76,D,0
20.52619,79.88347,344.9,0.44,0.46,2026-05-30,731,N20,VIIRS,n,2,306.79,6.83,D,0
20.55261,79.95476,333.29,0.43,0.46,2026-05-30,731,N20,VIIRS,l,2,305.72,2.3,D,0
20.56819,79.98611,334.3,0.43,0.46,2026-05-30,731,N20,VIIRS,l,2,305.96,1.79,D,0
20.6265,80.02005,334.39,0.43,0.46,2026-05-30,731,N20,VIIRS,l,2,308.2,1.44,D,0
20.63761,79.73508,338.1,0.45,0.47,2026-05-30,731,N20,VIIRS,n,2,305.31,5.84,D,0
20.63843,79.73929,345.53,0.45,0.47,2026-05-30,731,N20,VIIRS,n,2,302.89,6.71,D,0
20.63863,79.73888,348.27,0.45,0.47,2026-05-30,731,N20,VIIRS,n,2,303.78,10.42,D,0
20.65198,80.31133,341.29,0.41,0.45,2026-05-30,731,N20,VIIRS,n,2,309.77,6.09,D,0
20.65426,81.58115,336.69,0.52,0.42,2026-05-30,731,N20,VIIRS,l,2,309.11,8.04,D,0
20.66079,80.04214,335.43,0.43,0.46,2026-05-30,731,N20,VIIRS,l,2,307.51,4.34,D,0
20.67299,81.82003,333.15,0.51,0.41,2026-05-30,731,N20,VIIRS,l,2,305.91,2.8,D,0
20.69795,75.77691,339.42,0.4,0.6,2026-05-30,731,N20,VIIRS,l,2,309.72,4.84,D,0
20.71196,80.15584,342.23,0.42,0.45,2026-05-30,731,N20,VIIRS,n,2,310.24,5.7,D,0
20.71269,80.15981,339.68,0.42,0.45,2026-05-30,731,N20,VIIRS,n,2,307.85,5.7,D,0
20.71458,80.15515,344.28,0.42,0.45,2026-05-30,731,N20,VIIRS,n,2,308.92,5.69,D,0
20.71534,80.15911,337.89,0.42,0.45,2026-05-30,731,N20,VIIRS,n,2,307.73,5.69,D,0
20.73221,79.95539,333.28,0.43,0.46,2026-05-30,731,N20,VIIRS,l,2,306.06,2.65,D,0
20.7474,81.57993,336.26,0.52,0.42,2026-05-30,731,N20,VIIRS,l,2,308.55,5.03,D,0
20.75822,81.79459,339.05,0.51,0.41,2026-05-30,731,N20,VIIRS,n,2,308,6.86,D,0
20.77449,81.29654,339.39,0.54,0.42,2026-05-30,731,N20,VIIRS,n,2,308.4,8.35,D,0
20.77718,81.88,347.39,0.5,0.41,2026-05-30,731,N20,VIIRS,n,2,307.78,12.07,D,0
20.77802,81.88477,348.76,0.5,0.41,2026-05-30,731,N20,VIIRS,n,2,306.43,17.08,D,0
20.77885,81.88952,340.13,0.5,0.41,2026-05-30,731,N20,VIIRS,n,2,309.74,17.08,D,0
20.78089,81.87926,339.22,0.5,0.41,2026-05-30,731,N20,VIIRS,n,2,306.95,6.58,D,0
20.78172,81.88402,339.17,0.5,0.41,2026-05-30,731,N20,VIIRS,n,2,307.21,33.48,D,0
20.7823,81.27377,341.59,0.54,0.42,2026-05-30,731,N20,VIIRS,n,2,310.46,11.89,D,0
20.78256,81.88878,343.06,0.5,0.41,2026-05-30,731,N20,VIIRS,l,2,314.35,33.48,D,0
20.785,80.14428,345.14,0.42,0.45,2026-05-30,731,N20,VIIRS,n,2,309.12,9.69,D,0
20.78512,85.26394,332.64,0.39,0.36,2026-05-30,731,N20,VIIRS,l,2,290.53,5.45,D,2
20.78543,81.88327,341.2,0.5,0.41,2026-05-30,731,N20,VIIRS,n,2,307.45,33.48,D,0
20.78693,79.99429,341.21,0.43,0.46,2026-05-30,731,N20,VIIRS,n,2,307.03,2.87,D,0
20.78804,82.41617,351.37,0.47,0.4,2026-05-30,731,N20,VIIRS,n,2,301.12,9.85,D,0
20.78854,79.99446,340.27,0.43,0.46,2026-05-30,731,N20,VIIRS,n,2,306.93,2.69,D,0
20.79115,85.25908,335.6,0.39,0.36,2026-05-30,731,N20,VIIRS,l,2,289.22,4.28,D,2
20.79177,76.14576,337.38,0.37,0.58,2026-05-30,731,N20,VIIRS,l,2,307.65,2.46,D,0
20.79324,81.173,340.13,0.55,0.42,2026-05-30,731,N20,VIIRS,l,2,311.08,10.86,D,0
20.79387,85.25481,336.79,0.39,0.36,2026-05-30,731,N20,VIIRS,n,2,289.49,4.28,D,2
20.79553,81.16961,339.85,0.55,0.43,2026-05-30,731,N20,VIIRS,l,2,310.07,9.45,D,0
20.80939,81.93243,348.32,0.5,0.41,2026-05-30,731,N20,VIIRS,n,2,307.87,22.02,D,0
20.81309,81.93169,342.16,0.5,0.41,2026-05-30,731,N20,VIIRS,n,2,306.67,7.95,D,0
20.81392,81.93642,339.31,0.5,0.41,2026-05-30,731,N20,VIIRS,n,2,308.79,8.84,D,0
20.81675,80.77232,335.28,0.38,0.44,2026-05-30,731,N20,VIIRS,l,2,306.75,2.79,D,0
20.82545,81.81834,337.88,0.51,0.41,2026-05-30,731,N20,VIIRS,n,2,305.4,4.55,D,0
20.83815,80.71816,339.57,0.39,0.44,2026-05-30,731,N20,VIIRS,n,2,306.8,5.92,D,0
20.86449,79.98672,334.15,0.43,0.46,2026-05-30,731,N20,VIIRS,l,2,306.86,4.93,D,0
20.8797,81.34094,342.34,0.53,0.42,2026-05-30,731,N20,VIIRS,n,2,310.6,11.26,D,0
20.89221,82.14988,339.29,0.49,0.4,2026-05-30,731,N20,VIIRS,l,2,306.75,9.26,D,0
20.89373,80.14231,333.57,0.42,0.45,2026-05-30,731,N20,VIIRS,l,2,307.42,2.54,D,0
20.8961,81.80408,343.25,0.51,0.41,2026-05-30,731,N20,VIIRS,n,2,307.12,6.94,D,0
20.91084,81.99716,341.8,0.49,0.41,2026-05-30,731,N20,VIIRS,n,2,304.57,7.83,D,0
20.9172,75.91286,335.03,0.39,0.59,2026-05-30,731,N20,VIIRS,n,2,303.98,9.78,D,0
20.91797,75.91642,367,0.39,0.59,2026-05-30,731,N20,VIIRS,h,2,304.28,9.78,D,0
20.93546,73.88407,330.59,0.52,0.67,2026-05-30,731,N20,VIIRS,n,2,299.77,2.04,D,0
20.93656,73.88206,333.22,0.52,0.67,2026-05-30,731,N20,VIIRS,n,2,299.75,1.95,D,0
20.947,81.19717,334.33,0.54,0.42,2026-05-30,731,N20,VIIRS,n,2,304.28,4.53,D,0
20.94833,82.08128,340.1,0.49,0.4,2026-05-30,731,N20,VIIRS,l,2,307.71,9.23,D,0
20.95502,81.86826,337.19,0.5,0.41,2026-05-30,731,N20,VIIRS,n,2,303.92,10.72,D,0
20.96758,79.99899,337.61,0.42,0.45,2026-05-30,731,N20,VIIRS,n,2,306.4,3.69,D,0
20.96869,85.15517,333.91,0.39,0.36,2026-05-30,731,N20,VIIRS,l,2,290.86,4.29,D,2
21.01191,81.93016,347.63,0.5,0.41,2026-05-30,731,N20,VIIRS,n,2,306.98,8.11,D,0
21.01802,81.89964,342.33,0.5,0.41,2026-05-30,731,N20,VIIRS,n,2,305.29,6.47,D,0
21.04735,81.01769,341.13,0.55,0.43,2026-05-30,731,N20,VIIRS,n,2,307.17,5.39,D,0
21.04759,79.2516,345.09,0.47,0.48,2026-05-30,731,N20,VIIRS,n,2,306.67,11.01,D,0
21.04831,81.02293,337.22,0.55,0.43,2026-05-30,731,N20,VIIRS,n,2,304.75,5.35,D,0
21.06892,82.59852,336.18,0.46,0.39,2026-05-30,731,N20,VIIRS,l,2,306.77,4.56,D,0
21.07234,78.7001,342.79,0.51,0.49,2026-05-30,731,N20,VIIRS,n,2,304.62,8.3,D,0
21.07975,81.97619,367,0.49,0.4,2026-05-30,731,N20,VIIRS,h,2,303.66,8.05,D,0
21.08303,77.97005,341.18,0.56,0.52,2026-05-30,731,N20,VIIRS,n,2,307.66,7.75,D,0
21.08342,81.97545,345.68,0.49,0.4,2026-05-30,731,N20,VIIRS,n,2,304.44,8.05,D,0
21.09077,81.97398,346.02,0.49,0.4,2026-05-30,731,N20,VIIRS,n,2,305.12,6.43,D,0
21.0916,81.97865,340.59,0.49,0.4,2026-05-30,731,N20,VIIRS,n,2,304.5,6.43,D,0
21.09969,81.93831,340.43,0.49,0.41,2026-05-30,731,N20,VIIRS,n,2,305.39,12.46,D,0
21.10763,75.46411,333.37,0.41,0.6,2026-05-30,731,N20,VIIRS,l,2,304.06,1.07,D,0
21.11621,79.31919,339.46,0.46,0.47,2026-05-30,731,N20,VIIRS,n,2,305.51,7.06,D,0
21.1659,82.69196,338.17,0.46,0.39,2026-05-30,731,N20,VIIRS,l,2,306.44,3.99,D,0
21.1679,76.47539,339.3,0.35,0.57,2026-05-30,731,N20,VIIRS,n,2,307.33,4.64,D,0
21.16933,76.4739,342.1,0.35,0.57,2026-05-30,731,N20,VIIRS,n,2,307.83,4.31,D,0
21.18156,75.90282,346.74,0.38,0.59,2026-05-30,731,N20,VIIRS,n,2,304.17,3.04,D,0
21.19648,82.91554,347.56,0.45,0.39,2026-05-30,731,N20,VIIRS,l,2,306.17,11.46,D,0
21.21712,82.696,336.17,0.45,0.39,2026-05-30,731,N20,VIIRS,l,2,307.18,4.53,D,0
21.22023,73.58629,367,0.53,0.67,2026-05-30,731,N20,VIIRS,h,2,297.77,10.43,D,0
21.22148,82.91132,337.11,0.44,0.39,2026-05-30,731,N20,VIIRS,l,2,306.84,3.9,D,0
21.22406,76.45361,333.28,0.35,0.57,2026-05-30,731,N20,VIIRS,l,2,305.7,1.49,D,0
21.22624,82.01595,349.35,0.49,0.4,2026-05-30,731,N20,VIIRS,l,2,304.85,4.91,D,0
21.2299,82.01522,338.47,0.49,0.4,2026-05-30,731,N20,VIIRS,l,2,304.47,4.91,D,0
21.24295,79.2244,335.65,0.47,0.48,2026-05-30,731,N20,VIIRS,n,2,303.92,4.87,D,2
21.25018,79.62412,347.29,0.44,0.46,2026-05-30,731,N20,VIIRS,n,2,306.39,8.21,D,0
21.25319,81.44298,337.05,0.52,0.42,2026-05-30,731,N20,VIIRS,l,2,307.4,6.72,D,0
21.26101,82.80267,338.16,0.45,0.39,2026-05-30,731,N20,VIIRS,l,2,308.2,10.98,D,0
21.26454,82.80199,350.13,0.45,0.39,2026-05-30,731,N20,VIIRS,l,2,310.34,10.98,D,0
21.26907,82.72146,337.55,0.45,0.39,2026-05-30,731,N20,VIIRS,l,2,306.95,5.55,D,0
21.29097,76.15311,345.4,0.37,0.58,2026-05-30,731,N20,VIIRS,n,2,306.83,3.33,D,0
21.29963,82.96588,349.58,0.44,0.38,2026-05-30,731,N20,VIIRS,n,2,310.04,10.48,D,0
21.3175,76.47889,331.7,0.35,0.57,2026-05-30,731,N20,VIIRS,l,2,302.39,0.96,D,0
21.32622,79.11469,335.53,0.47,0.48,2026-05-30,731,N20,VIIRS,n,2,304.56,8.84,D,0
21.35244,82.89118,344.55,0.44,0.39,2026-05-30,731,N20,VIIRS,n,2,306.95,7.5,D,0
21.35316,82.8954,341.78,0.44,0.39,2026-05-30,731,N20,VIIRS,l,2,307.69,4.55,D,0
21.35885,81.31818,342.5,0.53,0.42,2026-05-30,731,N20,VIIRS,n,2,308.76,4.75,D,0
21.38504,79.64385,335.59,0.44,0.46,2026-05-30,731,N20,VIIRS,n,2,304.34,2.64,D,0
21.38897,82.89285,342.77,0.44,0.39,2026-05-30,731,N20,VIIRS,l,2,304.27,4.33,D,0
21.39248,82.89217,339.75,0.44,0.39,2026-05-30,731,N20,VIIRS,l,2,305.5,8.75,D,0
21.39742,82.89994,337.28,0.44,0.39,2026-05-30,731,N20,VIIRS,l,2,305.17,7.82,D,0
21.39883,80.44143,338.39,0.39,0.44,2026-05-30,731,N20,VIIRS,n,2,306.85,1.95,D,0
21.39898,76.52355,334.38,0.34,0.56,2026-05-30,731,N20,VIIRS,n,2,300.57,2.1,D,0
21.40112,76.52062,336.65,0.34,0.56,2026-05-30,731,N20,VIIRS,n,2,302.79,2.48,D,0
21.47215,80.49171,341.34,0.39,0.44,2026-05-30,731,N20,VIIRS,n,2,308.66,6.54,D,0
21.48137,81.56358,336.81,0.51,0.41,2026-05-30,731,N20,VIIRS,n,2,305.03,4.5,D,0
21.48207,81.94927,341.17,0.49,0.4,2026-05-30,731,N20,VIIRS,l,2,308.69,8.96,D,0
21.48338,79.12884,337.08,0.47,0.48,2026-05-30,731,N20,VIIRS,n,2,304.57,3.5,D,0
21.48551,81.95074,347.79,0.49,0.4,2026-05-30,731,N20,VIIRS,n,2,310.71,14.34,D,0
21.51463,79.45244,332.09,0.45,0.47,2026-05-30,731,N20,VIIRS,l,2,303.32,2.03,D,0
21.54769,80.31255,336.74,0.4,0.44,2026-05-30,731,N20,VIIRS,l,2,308.27,3.71,D,0
21.55729,80.0956,338.37,0.41,0.45,2026-05-30,731,N20,VIIRS,n,2,304.51,2.19,D,0
21.61653,77.05755,331.53,0.63,0.54,2026-05-30,731,N20,VIIRS,l,2,303.53,3.38,D,0
21.61808,77.05624,332.49,0.63,0.54,2026-05-30,731,N20,VIIRS,l,2,304.04,1.09,D,0
21.67496,83.82704,341.96,0.41,0.37,2026-05-30,731,N20,VIIRS,n,2,301.67,3.76,D,0
21.67825,84.039,336.07,0.4,0.37,2026-05-30,731,N20,VIIRS,l,2,302.23,5.54,D,2
21.67955,80.78084,333.33,0.56,0.43,2026-05-30,731,N20,VIIRS,l,2,306.7,4,D,0
21.69147,77.11298,343.19,0.62,0.54,2026-05-30,731,N20,VIIRS,n,2,305.07,4.93,D,0
21.69971,83.35896,341.2,0.42,0.38,2026-05-30,731,N20,VIIRS,n,2,300.66,2.96,D,0
21.70256,82.96065,349.39,0.44,0.38,2026-05-30,731,N20,VIIRS,l,2,304.87,13.52,D,0
21.73406,82.74111,339.92,0.45,0.39,2026-05-30,731,N20,VIIRS,l,2,305.28,4.73,D,0
21.73455,83.82417,339.31,0.41,0.37,2026-05-30,731,N20,VIIRS,l,2,305.94,7.91,D,0
21.73574,82.68786,343.8,0.45,0.39,2026-05-30,731,N20,VIIRS,l,2,304.78,8.51,D,0
21.73737,80.22521,337.78,0.4,0.44,2026-05-30,731,N20,VIIRS,n,2,306.06,4.46,D,0
21.75151,78.21587,338.81,0.53,0.5,2026-05-30,731,N20,VIIRS,n,2,305.5,5.68,D,0
21.76361,75.43915,333.76,0.4,0.6,2026-05-30,731,N20,VIIRS,l,2,304.91,0.9,D,0
21.76647,84.01867,335.67,0.4,0.37,2026-05-30,731,N20,VIIRS,l,2,302.4,5.02,D,2
21.77555,82.05674,336.64,0.48,0.4,2026-05-30,731,N20,VIIRS,l,2,307.35,6.26,D,0
21.77677,81.727,338.6,0.5,0.41,2026-05-30,731,N20,VIIRS,l,2,309.11,5.21,D,0
21.77769,81.91851,338.56,0.48,0.4,2026-05-30,731,N20,VIIRS,l,2,309.26,6.02,D,0
21.77769,83.83216,335,0.41,0.37,2026-05-30,731,N20,VIIRS,l,2,302.19,4.8,D,2
21.78107,83.83153,345.14,0.41,0.37,2026-05-30,731,N20,VIIRS,n,2,302.07,7.55,D,2
21.78171,83.83542,340.63,0.41,0.37,2026-05-30,731,N20,VIIRS,n,2,301.78,6.14,D,2
21.80486,77.77915,335.23,0.56,0.52,2026-05-30,731,N20,VIIRS,l,2,308.2,3.36,D,0
21.81133,81.85584,343.49,0.49,0.4,2026-05-30,731,N20,VIIRS,l,2,308.25,16.64,D,0
21.82085,83.89706,333.68,0.41,0.37,2026-05-30,731,N20,VIIRS,l,2,303,5.1,D,0
21.82211,77.6966,336.72,0.57,0.52,2026-05-30,731,N20,VIIRS,l,2,310.59,8.51,D,0
21.84535,81.79095,340.88,0.49,0.4,2026-05-30,731,N20,VIIRS,n,2,308.34,7.15,D,0
21.8754,82.75865,342.37,0.44,0.39,2026-05-30,731,N20,VIIRS,l,2,306.72,5.67,D,0
21.90128,79.05272,345.44,0.47,0.47,2026-05-30,731,N20,VIIRS,n,2,311.61,13.35,D,0
21.90128,82.88857,342.59,0.44,0.38,2026-05-30,731,N20,VIIRS,l,2,307.43,5.23,D,0
21.90199,82.89275,338.9,0.44,0.38,2026-05-30,731,N20,VIIRS,n,2,305.99,5.23,D,0
21.90477,82.88789,367,0.44,0.38,2026-05-30,731,N20,VIIRS,h,2,305.83,5.23,D,0
21.90548,82.89207,343.23,0.44,0.38,2026-05-30,731,N20,VIIRS,n,2,306.2,5.23,D,0
21.91311,76.53433,336.39,0.34,0.56,2026-05-30,731,N20,VIIRS,n,2,306.04,4.32,D,0
21.91377,76.53746,335.23,0.34,0.56,2026-05-30,731,N20,VIIRS,n,2,305.12,4.26,D,0
21.92338,81.99742,336.66,0.48,0.4,2026-05-30,731,N20,VIIRS,l,2,305.5,3.16,D,0
21.9235,82.00008,336.19,0.48,0.4,2026-05-30,731,N20,VIIRS,l,2,307.15,3.14,D,0
21.93018,82.99495,335.39,0.43,0.38,2026-05-30,731,N20,VIIRS,l,2,305.35,2.82,D,0
21.93273,82.90404,337.1,0.44,0.38,2026-05-30,731,N20,VIIRS,l,2,306.41,3.63,D,0
21.93507,76.68749,350.88,0.33,0.55,2026-05-30,731,N20,VIIRS,n,2,307.53,6.05,D,0
21.94702,83.24188,339.94,0.43,0.38,2026-05-30,731,N20,VIIRS,l,2,304.52,5.13,D,0
21.95598,83.80276,337.67,0.41,0.37,2026-05-30,731,N20,VIIRS,l,2,302.1,3.82,D,0
21.96285,83.23042,338.29,0.43,0.38,2026-05-30,731,N20,VIIRS,l,2,304.48,4.03,D,0
21.98486,83.2346,333.94,0.43,0.38,2026-05-30,731,N20,VIIRS,l,2,304.4,3.85,D,2
21.98875,76.81924,339.55,0.32,0.55,2026-05-30,731,N20,VIIRS,n,2,302.18,2.61,D,0
21.99816,78.02527,331.04,0.54,0.51,2026-05-30,731,N20,VIIRS,l,2,301.8,5.01,D,0
21.99919,78.03037,330.72,0.54,0.51,2026-05-30,731,N20,VIIRS,l,2,300.93,2.04,D,0
22.00259,82.4818,343.54,0.45,0.39,2026-05-30,731,N20,VIIRS,l,2,304.57,13.81,D,0
22.01552,83.75577,337.99,0.41,0.37,2026-05-30,731,N20,VIIRS,l,2,305.1,6.09,D,0
22.01775,76.00109,340.1,0.36,0.57,2026-05-30,731,N20,VIIRS,n,2,306.46,9.8,D,0
22.01849,76.00453,367,0.36,0.57,2026-05-30,731,N20,VIIRS,h,2,308.05,19.18,D,0
22.03666,83.35428,331.41,0.42,0.38,2026-05-30,731,N20,VIIRS,l,2,303.85,3.91,D,2
22.03933,83.73104,347.98,0.41,0.37,2026-05-30,731,N20,VIIRS,l,2,305.8,10.5,D,2
22.05156,83.7206,344.36,0.41,0.37,2026-05-30,731,N20,VIIRS,n,2,305.22,8.93,D,0
22.0543,83.71604,334.5,0.41,0.37,2026-05-30,731,N20,VIIRS,l,2,303.93,4.9,D,0
22.05913,83.70299,332.54,0.41,0.37,2026-05-30,731,N20,VIIRS,l,2,303.66,5.43,D,0
22.08137,76.83719,337.8,0.32,0.54,2026-05-30,731,N20,VIIRS,l,2,307.92,4.21,D,0
22.10815,82.21362,343.44,0.47,0.39,2026-05-30,731,N20,VIIRS,l,2,305.83,6.17,D,0
22.11463,77.33114,344.29,0.59,0.53,2026-05-30,731,N20,VIIRS,n,2,306.31,8.22,D,0
22.11504,77.33228,344.69,0.59,0.53,2026-05-30,731,N20,VIIRS,n,2,306.44,12.04,D,0
22.11578,82.19367,344.62,0.47,0.39,2026-05-30,731,N20,VIIRS,l,2,307.46,18.79,D,0
22.13276,76.88631,337.34,0.63,0.54,2026-05-30,731,N20,VIIRS,n,2,306.83,3.81,D,0
22.18941,77.20988,337.88,0.6,0.53,2026-05-30,731,N20,VIIRS,n,2,303.34,5.3,D,0
22.18968,79.1242,340.39,0.46,0.47,2026-05-30,731,N20,VIIRS,n,2,309.37,11.66,D,0
22.2016,82.18666,342.32,0.47,0.39,2026-05-30,731,N20,VIIRS,l,2,306.4,8.19,D,0
22.21735,79.78542,342.89,0.42,0.45,2026-05-30,731,N20,VIIRS,n,2,310.8,9.62,D,0
22.27093,78.72877,337.76,0.48,0.48,2026-05-30,731,N20,VIIRS,l,2,309.38,5.43,D,0
22.32946,82.60713,334.74,0.45,0.39,2026-05-30,731,N20,VIIRS,l,2,305.46,2.96,D,2
22.35692,82.30316,338.17,0.46,0.39,2026-05-30,731,N20,VIIRS,l,2,308.49,6.58,D,2
22.37941,78.86291,338.49,0.47,0.48,2026-05-30,731,N20,VIIRS,l,2,312.04,9.18,D,0
22.51085,80.04699,338.56,0.4,0.44,2026-05-30,731,N20,VIIRS,n,2,308.52,7.16,D,0
22.58161,80.36033,341.09,0.57,0.43,2026-05-30,731,N20,VIIRS,n,2,307.97,9.6,D,0
22.58589,79.09245,343.5,0.45,0.47,2026-05-30,731,N20,VIIRS,n,2,310.1,7.63,D,0
22.58681,79.09228,342.39,0.45,0.47,2026-05-30,731,N20,VIIRS,n,2,310.48,7.58,D,0
22.79308,80.23363,339.56,0.38,0.43,2026-05-30,731,N20,VIIRS,n,2,308.96,10.13,D,0
22.79375,80.23728,344.93,0.38,0.43,2026-05-30,731,N20,VIIRS,n,2,308.73,10.13,D,0
22.89089,89.64362,331.28,0.51,0.41,2026-05-30,731,N20,VIIRS,n,2,293.59,1.89,D,0
22.89509,80.37078,344.26,0.56,0.43,2026-05-30,731,N20,VIIRS,l,2,314.86,77.28,D,0
23.06606,83.0519,332.08,0.42,0.38,2026-05-30,731,N20,VIIRS,l,2,300.05,2.48,D,0
21.94082,74.52764,333.32,0.45,0.63,2026-05-30,732,N20,VIIRS,n,2,303.15,1.4,D,0
22.10277,75.20236,331.83,0.4,0.6,2026-05-30,732,N20,VIIRS,n,2,301.45,0.93,D,0
22.20093,72.82253,335.75,0.57,0.69,2026-05-30,732,N20,VIIRS,n,2,299.45,3.51,D,0
22.20349,72.82286,351.77,0.57,0.69,2026-05-30,732,N20,VIIRS,n,2,298.51,8.47,D,0
22.20711,72.82085,341.25,0.57,0.69,2026-05-30,732,N20,VIIRS,n,2,296.24,3.51,D,0
22.28239,75.95805,335.01,0.36,0.57,2026-05-30,732,N20,VIIRS,n,2,303.86,1.02,D,0
22.38293,75.66818,333.18,0.37,0.58,2026-05-30,732,N20,VIIRS,l,2,306.04,1.57,D,0
22.442,76.03963,333.84,0.35,0.57,2026-05-30,732,N20,VIIRS,l,2,306.89,3.39,D,0
22.44273,76.04302,351.88,0.35,0.57,2026-05-30,732,N20,VIIRS,n,2,306.31,3.39,D,0
22.45382,77.00054,343.71,0.61,0.53,2026-05-30,732,N20,VIIRS,n,2,308.25,10.12,D,0
22.45523,76.60918,346.21,0.32,0.55,2026-05-30,732,N20,VIIRS,n,2,305.62,4.69,D,0
22.45861,76.69786,344.38,0.32,0.54,2026-05-30,732,N20,VIIRS,n,2,308.25,3.88,D,0
22.64747,72.22226,331.8,0.6,0.71,2026-05-30,732,N20,VIIRS,n,2,295.27,3.76,D,0
22.75005,75.67126,336.11,0.37,0.58,2026-05-30,732,N20,VIIRS,l,2,308.28,1.93,D,0
22.75044,75.6718,335.04,0.37,0.58,2026-05-30,732,N20,VIIRS,l,2,308.38,1.85,D,0
22.79231,75.66411,336.68,0.37,0.58,2026-05-30,732,N20,VIIRS,n,2,308.59,4.49,D,0
22.79307,75.66756,367,0.37,0.58,2026-05-30,732,N20,VIIRS,h,2,308.63,4.49,D,0
22.81781,79.605,341.93,0.42,0.45,2026-05-30,732,N20,VIIRS,n,2,309.6,6.05,D,0
22.82117,75.84474,339.91,0.36,0.57,2026-05-30,732,N20,VIIRS,l,2,309.96,2.45,D,0
22.94904,79.91891,338.78,0.4,0.44,2026-05-30,732,N20,VIIRS,n,2,306.31,7.99,D,0
22.96199,77.24483,336.13,0.58,0.52,2026-05-30,732,N20,VIIRS,l,2,307.54,3.51,D,0
22.96671,77.24378,340.23,0.58,0.52,2026-05-30,732,N20,VIIRS,n,2,309.61,8.93,D,0
22.97021,79.9657,342.95,0.39,0.44,2026-05-30,732,N20,VIIRS,n,2,310.75,11.7,D,0
22.98571,79.93076,339.75,0.39,0.44,2026-05-30,732,N20,VIIRS,n,2,307.62,8.31,D,0
22.9875,79.91839,351.45,0.4,0.44,2026-05-30,732,N20,VIIRS,n,2,310.02,11.6,D,0
23.05762,80.04816,344.48,0.39,0.44,2026-05-30,732,N20,VIIRS,n,2,309.72,8.75,D,0
23.07066,76.12871,339.24,0.34,0.56,2026-05-30,732,N20,VIIRS,l,2,310.38,2.16,D,0
23.07136,79.74086,336.19,0.4,0.44,2026-05-30,732,N20,VIIRS,l,2,307.55,2.61,D,0
23.07287,76.13111,340.86,0.34,0.56,2026-05-30,732,N20,VIIRS,l,2,311.31,2.45,D,0
23.10883,79.07903,334.07,0.44,0.46,2026-05-30,732,N20,VIIRS,l,2,305.48,4.3,D,0
23.12488,79.04881,331.96,0.44,0.46,2026-05-30,732,N20,VIIRS,l,2,303.71,2.9,D,0
23.12505,79.04915,333.96,0.44,0.46,2026-05-30,732,N20,VIIRS,n,2,303.82,1.95,D,0
23.18341,79.86362,338.86,0.4,0.44,2026-05-30,732,N20,VIIRS,n,2,306.13,3.69,D,0
23.2077,79.79466,337.91,0.4,0.44,2026-05-30,732,N20,VIIRS,l,2,309.82,3.93,D,0
23.21071,73.83561,340.3,0.47,0.64,2026-05-30,732,N20,VIIRS,n,2,301.3,3.9,D,0
23.21084,73.83682,353.48,0.47,0.64,2026-05-30,732,N20,VIIRS,n,2,301.4,6.41,D,0
23.21172,73.83999,332.47,0.47,0.64,2026-05-30,732,N20,VIIRS,n,2,300.68,3.9,D,0
23.23722,75.52126,332.89,0.37,0.58,2026-05-30,732,N20,VIIRS,l,2,306.78,1.36,D,0
23.30267,80.75961,338.92,0.53,0.42,2026-05-30,732,N20,VIIRS,n,2,308.62,10.69,D,0
23.30557,78.72278,342.05,0.46,0.47,2026-05-30,732,N20,VIIRS,n,2,305.36,10.75,D,0
23.39317,75.783,334.39,0.35,0.57,2026-05-30,732,N20,VIIRS,n,2,305.44,1.44,D,0
23.41131,80.6484,336.71,0.53,0.42,2026-05-30,732,N20,VIIRS,l,2,309.88,7.09,D,0
23.42664,77.29282,348.11,0.56,0.51,2026-05-30,732,N20,VIIRS,n,2,318.2,21.76,D,0
23.42814,77.28846,342.28,0.56,0.52,2026-05-30,732,N20,VIIRS,l,2,314.31,21.67,D,0
23.42924,77.29385,346.23,0.56,0.51,2026-05-30,732,N20,VIIRS,n,2,317.2,29.33,D,0
23.43127,77.29167,345.98,0.56,0.51,2026-05-30,732,N20,VIIRS,n,2,314.6,21.76,D,0
23.46143,78.59668,346.92,0.46,0.47,2026-05-30,732,N20,VIIRS,n,2,308.63,15.52,D,0
23.47468,79.82983,333.41,0.39,0.44,2026-05-30,732,N20,VIIRS,l,2,306.53,4.58,D,0
23.51338,78.46399,338.43,0.47,0.48,2026-05-30,732,N20,VIIRS,n,2,307.38,8.79,D,0
23.51429,78.46854,351.26,0.47,0.48,2026-05-30,732,N20,VIIRS,n,2,308.39,8.07,D,0
23.5186,78.46758,338.69,0.47,0.48,2026-05-30,732,N20,VIIRS,n,2,307.86,8.07,D,0
23.52319,78.39945,343.81,0.48,0.48,2026-05-30,732,N20,VIIRS,n,2,303.55,2.78,D,0
23.55591,76.9169,343.11,0.59,0.53,2026-05-30,732,N20,VIIRS,l,2,315.52,16.74,D,0
23.55928,79.23547,345,0.42,0.45,2026-05-30,732,N20,VIIRS,n,2,310.48,3.79,D,0
23.56006,79.23951,338.42,0.42,0.45,2026-05-30,732,N20,VIIRS,l,2,310.11,3.79,D,0
23.56339,79.2345,340.5,0.42,0.45,2026-05-30,732,N20,VIIRS,l,2,312.12,4.92,D,0
23.5675,79.23358,348.01,0.42,0.45,2026-05-30,732,N20,VIIRS,n,2,311.3,4.92,D,0
23.56803,79.34731,339.36,0.42,0.45,2026-05-30,732,N20,VIIRS,l,2,311.36,6.13,D,0
23.58413,75.33231,354.71,0.37,0.58,2026-05-30,732,N20,VIIRS,n,2,307.97,6.2,D,0
23.61002,78.17289,346.65,0.49,0.49,2026-05-30,732,N20,VIIRS,n,2,307.99,6.28,D,0
23.61346,78.16727,342.12,0.49,0.49,2026-05-30,732,N20,VIIRS,n,2,303.26,6.28,D,0
23.61837,78.81741,346.46,0.45,0.47,2026-05-30,732,N20,VIIRS,n,2,312.57,12.09,D,0
23.6219,78.8165,341.93,0.45,0.47,2026-05-30,732,N20,VIIRS,l,2,312.88,8.85,D,0
23.67209,75.72796,348.72,0.35,0.56,2026-05-30,732,N20,VIIRS,n,2,310.28,2.93,D,0
23.6727,77.39108,344.37,0.55,0.51,2026-05-30,732,N20,VIIRS,l,2,314.73,9.88,D,0
23.67431,77.74885,339.82,0.52,0.5,2026-05-30,732,N20,VIIRS,l,2,311.59,10.28,D,0
23.67816,78.35104,340.83,0.48,0.48,2026-05-30,732,N20,VIIRS,n,2,306.71,6.43,D,0
23.75806,78.22742,347.05,0.48,0.48,2026-05-30,732,N20,VIIRS,n,2,312.5,12.64,D,0
23.79613,81.97924,333.68,0.45,0.39,2026-05-30,732,N20,VIIRS,n,2,299.59,3.09,D,0
23.80867,81.22517,335.5,0.49,0.4,2026-05-30,732,N20,VIIRS,l,2,307.12,3.54,D,0
23.8665,77.43269,343.06,0.54,0.51,2026-05-30,732,N20,VIIRS,l,2,314.7,10.77,D,0
23.93166,80.84655,336.12,0.51,0.41,2026-05-30,732,N20,VIIRS,l,2,309.27,4.99,D,0
23.93169,76.85732,344.04,0.58,0.52,2026-05-30,732,N20,VIIRS,n,2,312.79,12.76,D,0
23.94296,77.89999,348.39,0.5,0.49,2026-05-30,732,N20,VIIRS,n,2,314.1,21.64,D,0
24.00175,82.79928,337.72,0.42,0.38,2026-05-30,732,N20,VIIRS,l,2,304.91,5.58,D,0
24.0225,81.49664,334.37,0.47,0.4,2026-05-30,732,N20,VIIRS,l,2,305.06,2.97,D,0
24.02365,81.49848,333.49,0.47,0.4,2026-05-30,732,N20,VIIRS,l,2,305.24,2.21,D,0
24.0658,73.8512,330.19,0.45,0.63,2026-05-30,732,N20,VIIRS,l,2,300.23,1.68,D,0
24.08511,77.87742,342.58,0.5,0.49,2026-05-30,732,N20,VIIRS,l,2,313.13,10.29,D,0
24.11614,79.0526,346.52,0.42,0.46,2026-05-30,732,N20,VIIRS,n,2,315.2,21.85,D,0
24.15189,74.55684,342.17,0.4,0.6,2026-05-30,732,N20,VIIRS,n,2,300.69,4.24,D,0
24.15331,74.5574,332.22,0.4,0.6,2026-05-30,732,N20,VIIRS,n,2,299.56,3.46,D,0
24.19569,78.34329,344.12,0.47,0.47,2026-05-30,732,N20,VIIRS,n,2,312.95,9.85,D,0
24.19761,78.34431,348.43,0.47,0.47,2026-05-30,732,N20,VIIRS,n,2,311.02,10.34,D,0
24.20485,82.70947,339.12,0.42,0.38,2026-05-30,732,N20,VIIRS,l,2,306.79,4.64,D,2
24.28768,76.00981,342.04,0.32,0.55,2026-05-30,732,N20,VIIRS,l,2,312.38,3.56,D,0
24.3213,77.87777,344.72,0.49,0.49,2026-05-30,732,N20,VIIRS,n,2,311.58,10.9,D,0
24.32304,77.88028,345.22,0.49,0.49,2026-05-30,732,N20,VIIRS,n,2,311.67,11.3,D,0
24.49104,78.91526,341.9,0.43,0.46,2026-05-30,732,N20,VIIRS,n,2,309.09,6.6,D,0
24.51887,79.12497,344.62,0.41,0.45,2026-05-30,732,N20,VIIRS,n,2,310.78,6.4,D,0
24.52215,79.12,344.49,0.41,0.45,2026-05-30,732,N20,VIIRS,n,2,311.16,6.4,D,0
24.54917,82.85291,331.26,0.42,0.37,2026-05-30,732,N20,VIIRS,l,2,301.48,1.45,D,0
24.55227,79.0842,346.19,0.41,0.45,2026-05-30,732,N20,VIIRS,n,2,307.06,4.06,D,0
24.55338,79.08344,346.7,0.42,0.45,2026-05-30,732,N20,VIIRS,n,2,307.86,6.21,D,0
24.55634,79.08325,343.88,0.41,0.45,2026-05-30,732,N20,VIIRS,n,2,306.7,4.06,D,0
24.5765,77.96294,343.28,0.48,0.48,2026-05-30,732,N20,VIIRS,n,2,312,6.69,D,0
24.61913,81.2268,347.88,0.48,0.4,2026-05-30,732,N20,VIIRS,l,2,311.46,14.37,D,0
24.62193,81.22134,344.84,0.48,0.4,2026-05-30,732,N20,VIIRS,l,2,311.4,13.62,D,0
24.62243,81.22263,348.46,0.48,0.4,2026-05-30,732,N20,VIIRS,n,2,311.24,13.8,D,0
24.62842,78.71966,347.62,0.43,0.46,2026-05-30,732,N20,VIIRS,n,2,312.02,6.62,D,0
24.71643,79.69264,334.83,0.57,0.43,2026-05-30,732,N20,VIIRS,n,2,304.94,3.3,D,0
24.76849,78.45541,342.43,0.45,0.47,2026-05-30,732,N20,VIIRS,n,2,305.02,2.83,D,0
24.80014,79.23023,339.94,0.4,0.44,2026-05-30,732,N20,VIIRS,n,2,305.78,2.86,D,0
24.80021,79.22947,341.24,0.4,0.44,2026-05-30,732,N20,VIIRS,n,2,305.63,2.61,D,0
24.97605,79.80013,330.38,0.56,0.43,2026-05-30,732,N20,VIIRS,l,2,303.82,1.82,D,0
25.02028,76.9343,341.52,0.55,0.51,2026-05-30,732,N20,VIIRS,l,2,314.26,7.62,D,0
25.18982,76.76812,347.25,0.56,0.51,2026-05-30,732,N20,VIIRS,n,2,315.39,9.53,D,0
25.1914,76.76428,341.67,0.56,0.51,2026-05-30,732,N20,VIIRS,l,2,313.86,11.8,D,0
25.19252,76.76971,345.5,0.56,0.51,2026-05-30,732,N20,VIIRS,n,2,314.79,11.8,D,0
25.19443,76.76693,351.29,0.56,0.51,2026-05-30,732,N20,VIIRS,n,2,314.8,9.53,D,0
25.2658,91.18913,340.58,0.44,0.46,2026-05-30,732,N20,VIIRS,n,2,295.91,75.15,D,0
25.28592,91.21471,335.4,0.44,0.46,2026-05-30,732,N20,VIIRS,n,2,295.59,2.74,D,0
25.33291,75.9463,345.26,0.62,0.54,2026-05-30,732,N20,VIIRS,n,2,314.11,16.95,D,0
25.3338,75.93885,344.49,0.62,0.54,2026-05-30,732,N20,VIIRS,l,2,315.9,10.77,D,0
25.33513,75.94484,350.05,0.62,0.54,2026-05-30,732,N20,VIIRS,n,2,314.61,10.77,D,0
25.33645,75.939,344.54,0.62,0.54,2026-05-30,732,N20,VIIRS,n,2,314.38,16.36,D,0
25.34159,91.21812,340.89,0.44,0.46,2026-05-30,732,N20,VIIRS,n,2,293.19,5.15,D,0
25.59138,75.61819,345.85,0.32,0.55,2026-05-30,732,N20,VIIRS,n,2,308.79,3.64,D,0
25.59234,75.61971,343.36,0.32,0.55,2026-05-30,732,N20,VIIRS,n,2,307.57,3.17,D,0
25.6924,82.61862,367,0.41,0.37,2026-05-30,732,N20,VIIRS,h,2,297.56,17.83,D,0
25.69511,82.61386,355.13,0.41,0.37,2026-05-30,732,N20,VIIRS,l,2,297.52,19.46,D,0
26.02998,93.41096,333.02,0.61,0.54,2026-05-30,732,N20,VIIRS,n,2,282.1,8.25,D,0
26.07425,79.55734,332.34,0.55,0.43,2026-05-30,732,N20,VIIRS,n,2,303.27,2.86,D,0
26.07758,79.55829,331.2,0.55,0.43,2026-05-30,732,N20,VIIRS,l,2,302.48,3.97,D,0
26.12304,93.32171,340.54,0.61,0.53,2026-05-30,732,N20,VIIRS,n,2,290.67,11.62,D,0
26.12792,93.32066,337.02,0.61,0.53,2026-05-30,732,N20,VIIRS,n,2,290.18,11.62,D,0
26.17604,93.28262,336.52,0.61,0.53,2026-05-30,732,N20,VIIRS,n,2,290.85,8.57,D,0
26.17926,93.26364,353.91,0.6,0.53,2026-05-30,732,N20,VIIRS,n,2,291.21,22.05,D,0
26.20178,79.93598,339.58,0.52,0.42,2026-05-30,732,N20,VIIRS,n,2,304.34,3.65,D,0
26.42292,87.05547,340.69,0.42,0.38,2026-05-30,732,N20,VIIRS,n,2,298.66,7.06,D,0
26.45197,81.0869,334.06,0.46,0.39,2026-05-30,732,N20,VIIRS,l,2,298.71,2.82,D,0
27.02576,92.12439,333.11,0.53,0.5,2026-05-30,732,N20,VIIRS,n,2,294.58,4.88,D,0
27.33544,92.89282,342.99,0.59,0.53,2026-05-30,732,N20,VIIRS,n,2,293.88,12.09,D,0
27.35083,92.49475,334.27,0.56,0.51,2026-05-30,732,N20,VIIRS,n,2,297.32,5.75,D,0
27.4506,92.47475,330.63,0.56,0.51,2026-05-30,732,N20,VIIRS,n,2,296.41,11.81,D,0
27.45107,92.47965,341.89,0.56,0.51,2026-05-30,732,N20,VIIRS,n,2,295.1,11.81,D,0
26.12283,74.88284,344.89,0.35,0.56,2026-05-30,733,N20,VIIRS,n,2,304.66,4.59,D,0
26.19752,75.37852,334.62,0.32,0.55,2026-05-30,733,N20,VIIRS,l,2,307.65,3.7,D,0
26.2087,74.22607,335.12,0.38,0.59,2026-05-30,733,N20,VIIRS,n,2,304.43,1.46,D,0
26.4676,77.784,340.06,0.46,0.47,2026-05-30,733,N20,VIIRS,n,2,306.29,1.24,D,0
27.26029,79.6981,332.09,0.52,0.41,2026-05-30,733,N20,VIIRS,l,2,302.09,5.08,D,0
27.26125,79.70325,346.34,0.52,0.41,2026-05-30,733,N20,VIIRS,n,2,303.98,5.08,D,0
28.27164,77.67377,332.83,0.43,0.46,2026-05-30,733,N20,VIIRS,l,2,304.81,2.23,D,0
28.37584,76.69254,330.09,0.48,0.48,2026-05-30,733,N20,VIIRS,l,2,304.28,1.85,D,0
28.4971,76.92506,333.5,0.47,0.47,2026-05-30,733,N20,VIIRS,l,2,304.52,3.56,D,0
28.50735,77.77402,340,0.42,0.45,2026-05-30,733,N20,VIIRS,n,2,306.19,3.51,D,0
28.67578,76.85709,333.13,0.47,0.48,2026-05-30,733,N20,VIIRS,l,2,304.41,1.18,D,0
28.74624,80.01555,333.24,0.48,0.4,2026-05-30,733,N20,VIIRS,l,2,298.16,4.67,D,0
28.8949,79.65272,337.12,0.49,0.41,2026-05-30,733,N20,VIIRS,n,2,280.6,5.79,D,0
28.94752,77.04392,339.32,0.45,0.47,2026-05-30,733,N20,VIIRS,n,2,303.56,4.16,D,0
29.00488,79.50911,347.46,0.5,0.41,2026-05-30,733,N20,VIIRS,n,2,307.71,19.77,D,0
29.01805,79.50857,340.67,0.5,0.41,2026-05-30,733,N20,VIIRS,n,2,303.06,5.75,D,0
29.01962,79.50558,330.13,0.5,0.41,2026-05-30,733,N20,VIIRS,l,2,302.48,2.21,D,0
29.02054,79.51063,334.55,0.5,0.41,2026-05-30,733,N20,VIIRS,n,2,300.8,2.21,D,0
29.02995,77.01867,339.33,0.45,0.47,2026-05-30,733,N20,VIIRS,n,2,305.35,12.51,D,0
29.03089,77.02319,343.08,0.45,0.47,2026-05-30,733,N20,VIIRS,n,2,304.38,12.51,D,0
29.11644,76.13807,340.05,0.5,0.49,2026-05-30,733,N20,VIIRS,n,2,303.62,4.6,D,0
29.14053,79.61012,333.94,0.49,0.4,2026-05-30,733,N20,VIIRS,l,2,304.31,2.82,D,0
29.16607,76.6802,334.79,0.47,0.48,2026-05-30,733,N20,VIIRS,n,2,302.64,3.54,D,0
29.21946,78.01746,333.92,0.39,0.44,2026-05-30,733,N20,VIIRS,n,2,300.55,2.64,D,0
29.24083,78.02024,339.24,0.39,0.44,2026-05-30,733,N20,VIIRS,n,2,299.54,2.26,D,0
29.2416,78.02417,332.49,0.39,0.44,2026-05-30,733,N20,VIIRS,n,2,299.62,2.26,D,0
29.26042,79.09526,333.73,0.52,0.41,2026-05-30,733,N20,VIIRS,l,2,307.95,4.54,D,0
29.26099,79.81478,332.38,0.48,0.4,2026-05-30,733,N20,VIIRS,l,2,301.58,6.12,D,0
29.58764,78.33625,335.06,0.56,0.43,2026-05-30,733,N20,VIIRS,n,2,302.58,1.94,D,0
28.36457,69.38006,333.86,0.66,0.73,2026-05-30,734,N20,VIIRS,n,2,303.33,4.82,D,0
30.70293,78.27769,339.26,0.54,0.42,2026-05-30,734,N20,VIIRS,n,2,300.57,5.52,D,0
30.75761,78.35484,333.49,0.53,0.42,2026-05-30,734,N20,VIIRS,l,2,304.06,7.9,D,0
30.76063,78.34991,334.53,0.53,0.42,2026-05-30,734,N20,VIIRS,n,2,301.61,4.06,D,0
30.80689,71.37323,337.71,0.44,0.62,2026-05-30,734,N20,VIIRS,n,2,296.4,1.91,D,0
32.06409,70.94328,344.93,0.43,0.62,2026-05-30,734,N20,VIIRS,n,2,298.19,6.04,D,0
33.99472,80.81857,329.16,0.4,0.37,2026-05-30,734,N20,VIIRS,l,2,296.13,5.35,D,0
32.18129,69.54586,330.29,0.52,0.67,2026-05-30,735,N20,VIIRS,l,2,304.6,1.63,D,0
32.73329,70.4659,334.44,0.44,0.63,2026-05-30,735,N20,VIIRS,n,2,300.33,1.68,D,0
33.7694,71.88052,353.01,0.35,0.57,2026-05-30,735,N20,VIIRS,n,2,306.28,14.73,D,0
33.77027,71.88407,367,0.35,0.57,2026-05-30,735,N20,VIIRS,h,2,301.35,11.99,D,0
33.77047,71.87633,334.03,0.35,0.57,2026-05-30,735,N20,VIIRS,n,2,302.82,8.99,D,0
33.77132,71.87972,352.19,0.35,0.57,2026-05-30,735,N20,VIIRS,n,2,305.61,8.99,D,0
33.77219,71.88319,354.89,0.35,0.57,2026-05-30,735,N20,VIIRS,n,2,301.4,12.25,D,0
33.82771,72.8698,330.22,0.61,0.53,2026-05-30,735,N20,VIIRS,n,2,298.1,2.49,D,0
34.17469,72.99144,330.21,0.59,0.53,2026-05-30,735,N20,VIIRS,n,2,296.54,7.24,D,0
34.26482,72.94646,340.06,0.59,0.53,2026-05-30,735,N20,VIIRS,n,2,299.31,6.01,D,0
34.26551,72.94759,335.03,0.59,0.53,2026-05-30,735,N20,VIIRS,n,2,298.63,10.05,D,0
34.56712,71.83724,333.64,0.33,0.56,2026-05-30,735,N20,VIIRS,n,2,302.97,3.79,D,0
34.57286,71.83878,336.69,0.33,0.56,2026-05-30,735,N20,VIIRS,n,2,304.17,3.79,D,0
34.57362,71.84185,346.42,0.33,0.56,2026-05-30,735,N20,VIIRS,n,2,302.87,5.29,D,0
34.5778,71.83706,352.22,0.33,0.56,2026-05-30,735,N20,VIIRS,n,2,304.97,10.18,D,0
34.57854,71.8401,349.23,0.33,0.56,2026-05-30,735,N20,VIIRS,n,2,301.81,6.81,D,0
34.58048,71.82623,355.55,0.33,0.56,2026-05-30,735,N20,VIIRS,n,2,303.48,7.33,D,0
34.58133,71.82967,367,0.33,0.56,2026-05-30,735,N20,VIIRS,h,2,302.66,7.33,D,0
36.06534,68.62154,335.19,0.46,0.63,2026-05-30,736,N20,VIIRS,n,2,307.61,2.53,D,0
36.93714,68.02811,350.5,0.47,0.64,2026-05-30,736,N20,VIIRS,l,2,321.23,67.54,D,0
36.93992,68.03806,354.28,0.47,0.64,2026-05-30,736,N20,VIIRS,n,2,318.52,142.2,D,0
17.26812,75.83176,333.4,0.78,0.78,2026-05-30,911,N20,VIIRS,n,2,297.27,2.58,D,0
17.50347,73.40507,335.16,0.55,0.68,2026-05-30,911,N20,VIIRS,n,2,297.23,3.96,D,0
17.79799,74.56108,340.12,0.66,0.73,2026-05-30,911,N20,VIIRS,n,2,300.08,5.23,D,0
20.33871,73.93819,331.2,0.64,0.72,2026-05-30,912,N20,VIIRS,l,2,301.89,3.75,D,0
20.34137,73.93835,332.82,0.64,0.72,2026-05-30,912,N20,VIIRS,n,2,301.78,4.39,D,0
20.54485,73.94665,347.54,0.64,0.72,2026-05-30,912,N20,VIIRS,n,2,302.61,5.88,D,0
20.98406,73.14613,334.44,0.57,0.69,2026-05-30,912,N20,VIIRS,n,2,298,5.97,D,0
21.32246,71.24548,340.52,0.44,0.62,2026-05-30,912,N20,VIIRS,n,2,301.82,3.16,D,0
21.32284,71.2497,338.9,0.44,0.62,2026-05-30,912,N20,VIIRS,n,2,302.36,3.16,D,0
21.33903,74.11749,333.62,0.67,0.73,2026-05-30,912,N20,VIIRS,n,2,299.64,2.24,D,0
21.51267,71.07268,346.87,0.43,0.62,2026-05-30,912,N20,VIIRS,n,2,300.64,3.09,D,0
21.88788,73.04003,333.9,0.58,0.69,2026-05-30,912,N20,VIIRS,n,2,297.89,3.11,D,0
22.21925,73.82016,333.6,0.65,0.73,2026-05-30,912,N20,VIIRS,n,2,296.06,3.24,D,0
22.22315,73.82005,339.04,0.65,0.73,2026-05-30,912,N20,VIIRS,n,2,295.92,4.56,D,0
22.70515,70.63153,331.25,0.41,0.61,2026-05-30,912,N20,VIIRS,n,2,299.83,1.85,D,0
22.70553,70.63556,338.53,0.41,0.61,2026-05-30,912,N20,VIIRS,n,2,300.3,1.85,D,0
22.70901,70.63098,333.87,0.41,0.61,2026-05-30,912,N20,VIIRS,n,2,300.28,2.41,D,0
22.70935,70.63501,332.76,0.41,0.61,2026-05-30,912,N20,VIIRS,n,2,300.82,2.41,D,0
22.82173,69.68184,332.82,0.36,0.57,2026-05-30,912,N20,VIIRS,n,2,301.26,2.95,D,0
22.84821,72.34388,341.46,0.53,0.67,2026-05-30,912,N20,VIIRS,n,2,295.71,3.73,D,0
22.92454,70.10702,333.53,0.38,0.59,2026-05-30,912,N20,VIIRS,l,2,304.52,4.71,D,0
22.92488,70.11077,331.04,0.38,0.59,2026-05-30,912,N20,VIIRS,l,2,302.94,4.71,D,0
23.02216,71.756,332.5,0.49,0.65,2026-05-30,912,N20,VIIRS,n,2,298.44,1.63,D,0
23.09093,72.35571,337.41,0.54,0.68,2026-05-30,912,N20,VIIRS,n,2,295.83,2.72,D,0
23.09496,72.35213,332.71,0.54,0.68,2026-05-30,912,N20,VIIRS,n,2,296.21,8.02,D,0
23.09537,72.35742,367,0.54,0.68,2026-05-30,912,N20,VIIRS,h,2,296.1,10.38,D,0
23.23217,72.19912,341.01,0.53,0.67,2026-05-30,912,N20,VIIRS,n,2,296.26,3.72,D,0
23.23258,72.20431,331.61,0.53,0.67,2026-05-30,912,N20,VIIRS,n,2,295.53,3.72,D,0
23.31367,69.60978,335.76,0.36,0.57,2026-05-30,913,N20,VIIRS,n,2,302.05,2.91,D,0
23.47847,73.60475,340.77,0.65,0.73,2026-05-30,913,N20,VIIRS,n,2,298.96,7.53,D,0
23.48227,73.60465,340.65,0.65,0.73,2026-05-30,913,N20,VIIRS,n,2,299.47,5.77,D,0
23.49498,73.50114,332.6,0.64,0.72,2026-05-30,913,N20,VIIRS,n,2,297.51,1.71,D,0
24.5654,74.53778,335.34,0.76,0.77,2026-05-30,913,N20,VIIRS,n,2,296.79,4.89,D,0
24.93324,68.58929,337.95,0.32,0.55,2026-05-30,913,N20,VIIRS,n,2,306.69,2.67,D,0
24.95675,68.51975,336.3,0.32,0.55,2026-05-30,913,N20,VIIRS,l,2,306.99,3.11,D,0
24.95702,68.51885,337.56,0.32,0.55,2026-05-30,913,N20,VIIRS,n,2,306.92,2.03,D,0
25.06919,69.19242,354.67,0.35,0.57,2026-05-30,913,N20,VIIRS,n,2,304.74,6.99,D,0
26.64634,68.17349,345.09,0.32,0.54,2026-05-30,914,N20,VIIRS,n,2,312.56,4.39,D,0
27.84256,68.7795,339.74,0.36,0.57,2026-05-30,914,N20,VIIRS,l,2,311.64,7.41,D,0
27.84347,68.78018,340.47,0.36,0.57,2026-05-30,914,N20,VIIRS,l,2,311.79,7.58,D,0
27.94115,68.56197,352.68,0.35,0.57,2026-05-30,914,N20,VIIRS,n,2,313.57,9.58,D,0
27.94187,68.56191,353.72,0.35,0.57,2026-05-30,914,N20,VIIRS,n,2,313.4,8.69,D,0
28.41748,69.61115,336.5,0.41,0.61,2026-05-30,914,N20,VIIRS,n,2,306.11,8.38,D,0
28.43371,68.24563,367,0.34,0.56,2026-05-30,914,N20,VIIRS,h,2,317.69,3.73,D,0
28.43561,68.24415,342.01,0.34,0.56,2026-05-30,914,N20,VIIRS,l,2,315.42,1.7,D,0
28.43589,68.24762,340.14,0.34,0.56,2026-05-30,914,N20,VIIRS,l,2,314.79,1.26,D,0
28.45899,69.6373,335.27,0.41,0.61,2026-05-30,914,N20,VIIRS,l,2,306.78,8.17,D,0
30.64526,72.52588,367,0.64,0.72,2026-05-30,915,N20,VIIRS,h,2,293.17,37.46,D,0
30.64556,72.53271,367,0.64,0.72,2026-05-30,915,N20,VIIRS,h,2,291.78,35.72,D,0
30.65169,72.5187,333.99,0.64,0.72,2026-05-30,915,N20,VIIRS,n,2,290.57,14.81,D,0
30.65199,72.52553,367,0.64,0.72,2026-05-30,915,N20,VIIRS,h,2,290.91,14.81,D,0
30.65229,72.53236,334.56,0.64,0.72,2026-05-30,915,N20,VIIRS,n,2,289.64,17.42,D,0
33.82611,72.87378,349.03,0.71,0.75,2026-05-30,915,N20,VIIRS,n,2,296.26,11.3,D,0
33.82722,72.87206,346.23,0.71,0.75,2026-05-30,915,N20,VIIRS,n,2,296.11,13.01,D,0
34.08066,73.09933,335.43,0.74,0.76,2026-05-30,916,N20,VIIRS,n,2,293.23,12.05,D,0
34.08079,73.10488,331.19,0.74,0.76,2026-05-30,916,N20,VIIRS,n,2,290.86,9.76,D,0
34.08325,73.10058,346.78,0.74,0.76,2026-05-30,916,N20,VIIRS,n,2,292.87,14.43,D,0
36.3237,69.25665,337.21,0.46,0.64,2026-05-30,916,N20,VIIRS,n,2,306.65,3.37,D,0
36.32525,69.2547,342.45,0.46,0.64,2026-05-30,916,N20,VIIRS,n,2,309.3,3.52,D,0
36.95061,68.06132,367,0.4,0.6,2026-05-30,916,N20,VIIRS,h,2,314.06,42.59,D,0
35.32447,73.79586,295.86,0.66,0.73,2026-05-30,1956,N20,VIIRS,n,2,282.05,1.09,N,0
35.32925,73.79617,296.9,0.66,0.73,2026-05-30,1956,N20,VIIRS,n,2,282.07,1.2,N,0
29.37744,91.15066,297.6,0.46,0.39,2026-05-30,1957,N20,VIIRS,n,2,279.63,1.22,N,2
29.78637,91.60743,297.24,0.48,0.4,2026-05-30,1957,N20,VIIRS,n,2,279.9,1.23,N,2
27.40949,85.93932,300.83,0.39,0.36,2026-05-30,1958,N20,VIIRS,n,2,289.2,0.45,N,0
27.4128,85.94005,307.81,0.39,0.36,2026-05-30,1958,N20,VIIRS,n,2,289.37,0.8,N,0
27.53377,95.39977,296.54,0.56,0.52,2026-05-30,1958,N20,VIIRS,n,2,279.31,1.97,N,2
27.72581,84.8168,304.48,0.42,0.37,2026-05-30,1958,N20,VIIRS,n,2,288.81,0.77,N,0
28.44655,76.76497,302.95,0.38,0.59,2026-05-30,1958,N20,VIIRS,n,2,290.27,3.98,N,0
28.44688,76.76102,354.08,0.38,0.59,2026-05-30,1958,N20,VIIRS,n,2,291.41,3.98,N,0
28.44814,76.76333,331.57,0.38,0.59,2026-05-30,1958,N20,VIIRS,n,2,291.32,3.18,N,0
28.44844,76.75938,327.82,0.38,0.59,2026-05-30,1958,N20,VIIRS,n,2,290.06,3.18,N,0
29.08307,88.01224,302.36,0.39,0.36,2026-05-30,1958,N20,VIIRS,n,2,275.85,0.8,N,2
29.08634,88.01293,297.34,0.39,0.36,2026-05-30,1958,N20,VIIRS,n,2,276.19,0.8,N,2
29.22573,88.3492,304.26,0.39,0.36,2026-05-30,1958,N20,VIIRS,n,2,278.4,1.11,N,2
23.55153,87.2449,297.65,0.39,0.37,2026-05-30,1959,N20,VIIRS,n,2,269.24,0.69,N,3
23.55485,87.24555,297.2,0.39,0.37,2026-05-30,1959,N20,VIIRS,n,2,268.8,0.69,N,3
23.55549,87.24173,315.69,0.39,0.37,2026-05-30,1959,N20,VIIRS,n,2,267.71,0.69,N,3
23.55882,87.24238,299.63,0.39,0.37,2026-05-30,1959,N20,VIIRS,n,2,267.32,0.7,N,2
23.55945,87.23855,314.14,0.39,0.37,2026-05-30,1959,N20,VIIRS,n,2,267.1,1.26,N,2
23.58228,86.72669,303.36,0.39,0.36,2026-05-30,1959,N20,VIIRS,n,2,280.39,0.72,N,2
23.67319,86.39613,299.86,0.38,0.36,2026-05-30,1959,N20,VIIRS,n,2,274.02,0.64,N,2
23.67588,86.40048,305.09,0.38,0.36,2026-05-30,1959,N20,VIIRS,n,2,276.73,2.49,N,2
23.67649,86.39675,299.57,0.38,0.36,2026-05-30,1959,N20,VIIRS,n,2,275.98,0.92,N,2
23.67708,86.39301,298.45,0.38,0.36,2026-05-30,1959,N20,VIIRS,n,2,276.39,0.92,N,2
23.67978,86.39737,311.22,0.38,0.36,2026-05-30,1959,N20,VIIRS,n,2,280.33,0.92,N,2
23.68098,86.38989,303.07,0.38,0.36,2026-05-30,1959,N20,VIIRS,n,2,276.65,0.78,N,2
23.68307,86.39799,302.11,0.38,0.36,2026-05-30,1959,N20,VIIRS,n,2,277.9,1.06,N,2
23.68367,86.39425,317.71,0.38,0.36,2026-05-30,1959,N20,VIIRS,n,2,276.85,1.06,N,2
23.68696,86.39487,299.08,0.38,0.36,2026-05-30,1959,N20,VIIRS,n,2,274.84,1.06,N,2
23.68756,86.39113,306.55,0.38,0.36,2026-05-30,1959,N20,VIIRS,n,2,276.45,1.55,N,2
23.69395,78.76495,303.81,0.5,0.49,2026-05-30,1959,N20,VIIRS,n,2,289.51,3.25,N,0
23.70879,86.44912,307.22,0.39,0.36,2026-05-30,1959,N20,VIIRS,n,2,280.33,1.29,N,2
23.71148,86.45349,305.62,0.39,0.36,2026-05-30,1959,N20,VIIRS,n,2,280.38,0.7,N,2
23.71208,86.44974,317.09,0.39,0.36,2026-05-30,1959,N20,VIIRS,n,2,282.05,1.29,N,2
23.71569,86.42728,307.17,0.39,0.36,2026-05-30,1959,N20,VIIRS,n,2,286.4,1.85,N,2
23.71658,86.44287,307.98,0.39,0.36,2026-05-30,1959,N20,VIIRS,n,2,285.22,1.69,N,2
23.72376,86.44038,311.11,0.39,0.36,2026-05-30,1959,N20,VIIRS,n,2,287.41,1.81,N,2
23.72915,86.44911,309.75,0.39,0.36,2026-05-30,1959,N20,VIIRS,n,2,286.92,1.27,N,0
23.73544,86.43102,310.21,0.39,0.36,2026-05-30,1959,N20,VIIRS,n,2,286.67,1.28,N,2
23.7386,86.43529,336.27,0.39,0.36,2026-05-30,1959,N20,VIIRS,n,2,290.58,3.48,N,2
23.75149,86.41843,316.17,0.38,0.36,2026-05-30,1959,N20,VIIRS,n,2,283.22,1.72,N,2
23.75719,86.40408,307.62,0.38,0.36,2026-05-30,1959,N20,VIIRS,n,2,272.11,0.7,N,2
23.76048,86.4047,297.94,0.38,0.36,2026-05-30,1959,N20,VIIRS,n,2,265.85,0.7,N,2
23.76108,86.40096,309.66,0.38,0.36,2026-05-30,1959,N20,VIIRS,n,2,272.91,0.7,N,2
23.76377,86.40532,302.94,0.38,0.36,2026-05-30,1959,N20,VIIRS,n,2,262.1,0.3,N,2
23.76437,86.40159,297.62,0.38,0.36,2026-05-30,1959,N20,VIIRS,n,2,268.71,0.3,N,2
23.76707,86.40594,298.64,0.38,0.36,2026-05-30,1959,N20,VIIRS,n,2,258.44,0.3,N,2
23.76767,86.40221,298.32,0.38,0.36,2026-05-30,1959,N20,VIIRS,n,2,264.72,0.3,N,2
23.77366,86.3648,307.39,0.38,0.36,2026-05-30,1959,N20,VIIRS,n,2,268.14,0.95,N,2
23.77665,86.38847,299.11,0.38,0.36,2026-05-30,1959,N20,VIIRS,n,2,267.41,0.62,N,2
23.77696,86.36542,297.69,0.38,0.36,2026-05-30,1959,N20,VIIRS,n,2,270.9,0.97,N,2
23.77905,86.37351,301.25,0.38,0.36,2026-05-30,1959,N20,VIIRS,n,2,271.86,0.78,N,2
23.77934,86.39284,301.06,0.38,0.36,2026-05-30,1959,N20,VIIRS,n,2,267.85,0.78,N,2
23.77994,86.38909,311.01,0.38,0.36,2026-05-30,1959,N20,VIIRS,n,2,270.32,0.78,N,2
23.78384,86.34361,296.23,0.38,0.36,2026-05-30,1959,N20,VIIRS,n,2,267.47,0.76,N,2
23.79581,86.35357,312.22,0.38,0.36,2026-05-30,1959,N20,VIIRS,n,2,267.82,1.59,N,2
23.7997,86.35045,304.15,0.38,0.36,2026-05-30,1959,N20,VIIRS,n,2,267.49,1.01,N,2
23.80269,86.33175,299.08,0.38,0.36,2026-05-30,1959,N20,VIIRS,n,2,266.74,0.69,N,2
23.99146,79.3907,307.98,0.47,0.47,2026-05-30,1959,N20,VIIRS,n,2,294.17,1.71,N,2
24.14502,82.70955,296.37,0.46,0.39,2026-05-30,1959,N20,VIIRS,n,2,265.72,0.75,N,0
24.16337,82.62878,299.11,0.47,0.39,2026-05-30,1959,N20,VIIRS,n,2,267.48,1.05,N,2
24.17118,81.32655,330.02,0.54,0.42,2026-05-30,1959,N20,VIIRS,n,2,294.58,4.7,N,0
24.20497,82.71101,300.2,0.46,0.39,2026-05-30,1959,N20,VIIRS,n,2,261.9,0.47,N,2
24.32602,81.33039,309.53,0.54,0.42,2026-05-30,1959,N20,VIIRS,n,2,296.52,2.38,N,2
24.42431,79.31219,325.84,0.48,0.48,2026-05-30,1959,N20,VIIRS,n,2,293.93,2.36,N,0
26.64439,79.47874,305.28,0.5,0.49,2026-05-30,1959,N20,VIIRS,n,2,292.16,1.57,N,2
20.00936,79.19302,311.22,0.43,0.46,2026-05-30,2000,N20,VIIRS,n,2,295.35,3.79,N,0
20.43764,75.69448,307.15,0.36,0.58,2026-05-30,2000,N20,VIIRS,n,2,292.71,0.72,N,0
20.59069,76.17201,307.74,0.34,0.56,2026-05-30,2000,N20,VIIRS,n,2,293.2,0.61,N,0
20.9694,75.52375,312.59,0.38,0.59,2026-05-30,2000,N20,VIIRS,n,2,293.24,0.96,N,0
21.10154,72.63447,312.14,0.58,0.7,2026-05-30,2000,N20,VIIRS,n,2,291.84,4.42,N,2
21.10245,72.6338,307.95,0.58,0.7,2026-05-30,2000,N20,VIIRS,n,2,291.23,4.42,N,2
21.10702,72.64647,315.25,0.58,0.7,2026-05-30,2000,N20,VIIRS,n,2,290.67,5.52,N,2
21.23708,75.1802,309.86,0.4,0.6,2026-05-30,2000,N20,VIIRS,n,2,291.52,3.49,N,0
21.24322,79.22348,315.81,0.44,0.46,2026-05-30,2000,N20,VIIRS,n,2,297.29,2.09,N,2
21.24747,79.2241,308.26,0.44,0.46,2026-05-30,2000,N20,VIIRS,n,2,296.45,1.26,N,2
21.24902,79.21134,317.04,0.44,0.46,2026-05-30,2000,N20,VIIRS,n,2,296.32,2.44,N,2
21.2691,79.15341,308.55,0.44,0.46,2026-05-30,2000,N20,VIIRS,n,2,296.66,1.22,N,0
21.28245,79.15088,315.45,0.44,0.46,2026-05-30,2000,N20,VIIRS,n,2,296.66,2.23,N,2
21.33707,78.97141,309.6,0.46,0.47,2026-05-30,2000,N20,VIIRS,n,2,297.54,1.47,N,0
21.33759,78.967,310.72,0.46,0.47,2026-05-30,2000,N20,VIIRS,n,2,297.05,1.47,N,0
21.36353,77.2561,305.63,0.59,0.53,2026-05-30,2000,N20,VIIRS,n,2,290.29,4.94,N,0
21.36412,77.25072,306.41,0.59,0.53,2026-05-30,2000,N20,VIIRS,n,2,293.19,6.23,N,0
21.37684,81.68213,305.06,0.48,0.4,2026-05-30,2000,N20,VIIRS,n,2,276.16,1.2,N,2
21.67234,82.08095,297.03,0.47,0.39,2026-05-30,2000,N20,VIIRS,n,2,265.11,0.47,N,2
21.92038,83.353,313.76,0.42,0.38,2026-05-30,2000,N20,VIIRS,n,2,287.51,1.54,N,2
21.92097,83.34897,329.4,0.42,0.38,2026-05-30,2000,N20,VIIRS,n,2,286.64,3.39,N,2
21.92335,83.35223,315.48,0.42,0.38,2026-05-30,2000,N20,VIIRS,n,2,286.76,1.71,N,2
21.92382,83.35357,311.11,0.42,0.38,2026-05-30,2000,N20,VIIRS,n,2,286.79,1.54,N,2
21.93628,77.65701,318.39,0.56,0.52,2026-05-30,2000,N20,VIIRS,n,2,291.64,4.74,N,0
21.93689,77.65145,311.84,0.56,0.52,2026-05-30,2000,N20,VIIRS,n,2,293.08,4.74,N,0
21.98598,83.23415,302.91,0.42,0.38,2026-05-30,2000,N20,VIIRS,n,2,277.56,1.7,N,2
22.02046,77.99332,314.32,0.54,0.51,2026-05-30,2000,N20,VIIRS,n,2,294.46,6.95,N,0
22.05576,78.7461,307.47,0.48,0.48,2026-05-30,2000,N20,VIIRS,n,2,292.61,1.04,N,0
22.05659,88.12566,310.97,0.43,0.38,2026-05-30,2000,N20,VIIRS,n,2,281.94,0.96,N,2
22.08943,83.11969,300.73,0.43,0.38,2026-05-30,2000,N20,VIIRS,n,2,272.56,0.3,N,0
22.09231,83.12438,297.65,0.43,0.38,2026-05-30,2000,N20,VIIRS,n,2,272.48,0.59,N,0
22.32785,77.17191,310.83,0.61,0.54,2026-05-30,2000,N20,VIIRS,n,2,291.5,7.07,N,0
22.35793,87.29101,295.43,0.4,0.37,2026-05-30,2000,N20,VIIRS,n,2,265.43,0.4,N,2
22.35828,82.30255,299.06,0.46,0.39,2026-05-30,2000,N20,VIIRS,n,2,266.66,0.88,N,2
22.36335,87.30003,301.32,0.4,0.37,2026-05-30,2000,N20,VIIRS,n,2,266.6,0.68,N,2
22.36605,87.30454,296.94,0.4,0.37,2026-05-30,2000,N20,VIIRS,n,2,267.12,0.88,N,2
22.3667,87.30068,301.88,0.4,0.37,2026-05-30,2000,N20,VIIRS,n,2,266.47,0.68,N,2
22.37664,87.28268,296.92,0.4,0.37,2026-05-30,2000,N20,VIIRS,n,2,263.81,0.48,N,2
22.37728,87.27883,313.85,0.4,0.37,2026-05-30,2000,N20,VIIRS,n,2,266.28,1.64,N,2
22.43892,76.93541,305.91,0.32,0.54,2026-05-30,2000,N20,VIIRS,n,2,291.55,3.52,N,0
22.47115,76.77014,308.93,0.33,0.55,2026-05-30,2000,N20,VIIRS,n,2,292.12,0.33,N,0
22.54223,80.02901,302.77,0.41,0.45,2026-05-30,2000,N20,VIIRS,n,2,284.73,0.6,N,0
22.54271,80.02506,302.06,0.41,0.45,2026-05-30,2000,N20,VIIRS,n,2,285.04,0.47,N,0
22.59739,79.5014,303.97,0.44,0.46,2026-05-30,2000,N20,VIIRS,n,2,292.69,0.39,N,0
22.59769,76.35895,306.4,0.35,0.57,2026-05-30,2000,N20,VIIRS,n,2,291.69,1.08,N,0
22.84857,79.84689,313.96,0.42,0.45,2026-05-30,2000,N20,VIIRS,n,2,294.01,1.81,N,0
23.40642,78.83518,305.16,0.5,0.49,2026-05-30,2000,N20,VIIRS,n,2,292.63,4.39,N,0
23.6144,78.93122,306.36,0.49,0.49,2026-05-30,2000,N20,VIIRS,n,2,293.08,3.64,N,0
23.65462,78.73341,319.96,0.51,0.49,2026-05-30,2000,N20,VIIRS,n,2,293.16,6.27,N,0
23.6608,78.71918,313.65,0.51,0.49,2026-05-30,2000,N20,VIIRS,n,2,292.92,5.16,N,0
23.69622,78.397,307.07,0.53,0.5,2026-05-30,2000,N20,VIIRS,n,2,293.27,4.11,N,0
17.29182,80.80721,309.51,0.48,0.4,2026-05-30,2001,N20,VIIRS,n,2,277.48,1.35,N,0
17.31862,78.4894,321.09,0.44,0.46,2026-05-30,2001,N20,VIIRS,n,2,287.15,2.53,N,0
17.46503,80.65662,301.69,0.49,0.4,2026-05-30,2001,N20,VIIRS,n,2,278.79,0.46,N,0
17.70447,79.42543,300.09,0.39,0.44,2026-05-30,2001,N20,VIIRS,n,2,277.88,0.41,N,0
17.85447,80.23093,306.7,0.52,0.42,2026-05-30,2001,N20,VIIRS,n,2,287.26,1.55,N,0
17.94949,80.78834,308.76,0.49,0.4,2026-05-30,2001,N20,VIIRS,n,2,278.78,1.23,N,0
17.95011,80.78371,305.03,0.49,0.4,2026-05-30,2001,N20,VIIRS,n,2,277.89,1.23,N,0
17.95148,80.78641,313.79,0.49,0.4,2026-05-30,2001,N20,VIIRS,n,2,278.81,2.69,N,0
18.04702,78.68232,300.7,0.43,0.46,2026-05-30,2001,N20,VIIRS,n,2,274.88,0.57,N,0
18.27254,79.35463,304.2,0.4,0.44,2026-05-30,2001,N20,VIIRS,n,2,284.97,0.74,N,0
18.29754,79.15714,301.76,0.41,0.45,2026-05-30,2001,N20,VIIRS,n,2,269.33,0.84,N,0
18.50139,79.18087,301.77,0.41,0.45,2026-05-30,2001,N20,VIIRS,n,2,285.16,0.7,N,0
18.56313,79.22137,321.06,0.41,0.45,2026-05-30,2001,N20,VIIRS,n,2,291.57,2.35,N,0
18.56363,79.21753,313.92,0.41,0.45,2026-05-30,2001,N20,VIIRS,n,2,292.07,2.35,N,0
18.57345,79.23838,302.02,0.41,0.45,2026-05-30,2001,N20,VIIRS,n,2,286.88,1.06,N,0
18.57369,79.90034,317.48,0.56,0.43,2026-05-30,2001,N20,VIIRS,n,2,290.28,5.03,N,0
18.57762,79.90091,306,0.56,0.43,2026-05-30,2001,N20,VIIRS,n,2,289.25,3.72,N,0
18.58474,79.24776,305.3,0.41,0.45,2026-05-30,2001,N20,VIIRS,n,2,288.03,1.34,N,0
18.62886,79.22169,306.4,0.41,0.45,2026-05-30,2001,N20,VIIRS,n,2,290.83,1.92,N,0
18.68195,79.29556,313.01,0.4,0.45,2026-05-30,2001,N20,VIIRS,n,2,293.06,1.65,N,0
18.68604,79.29611,314.38,0.4,0.45,2026-05-30,2001,N20,VIIRS,n,2,293.01,1.65,N,0
18.68713,73.02959,307.09,0.52,0.67,2026-05-30,2001,N20,VIIRS,n,2,293.07,3.83,N,2
18.69353,79.33186,307.96,0.4,0.44,2026-05-30,2001,N20,VIIRS,n,2,291.4,0.45,N,0
18.71304,75.60709,314.97,0.35,0.57,2026-05-30,2001,N20,VIIRS,n,2,294.44,1.18,N,0
18.72089,79.53851,317.94,0.39,0.44,2026-05-30,2001,N20,VIIRS,n,2,293.11,3.88,N,2
18.79388,78.79765,305.88,0.44,0.46,2026-05-30,2001,N20,VIIRS,n,2,289.09,0.67,N,0
18.79439,78.7935,304.64,0.44,0.46,2026-05-30,2001,N20,VIIRS,n,2,288.29,0.67,N,0
18.89535,79.14914,310.19,0.42,0.45,2026-05-30,2001,N20,VIIRS,n,2,293.83,2.11,N,0
18.95114,78.91319,325.66,0.43,0.46,2026-05-30,2001,N20,VIIRS,n,2,293.35,2.3,N,0
18.95181,78.91247,323.63,0.43,0.46,2026-05-30,2001,N20,VIIRS,n,2,293.15,2.56,N,0
18.97792,78.87411,310.5,0.43,0.46,2026-05-30,2001,N20,VIIRS,n,2,292.15,2.16,N,0
18.98214,78.87469,325.22,0.43,0.46,2026-05-30,2001,N20,VIIRS,n,2,292.12,3.43,N,0
19.09814,78.02297,311.21,0.49,0.49,2026-05-30,2001,N20,VIIRS,n,2,293.29,1.47,N,0
19.0987,78.01828,305.45,0.49,0.49,2026-05-30,2001,N20,VIIRS,n,2,292.23,1.47,N,0
19.10044,73.05256,313.02,0.52,0.67,2026-05-30,2001,N20,VIIRS,n,2,293.54,3.6,N,2
19.10261,78.02361,310.76,0.49,0.49,2026-05-30,2001,N20,VIIRS,n,2,293.67,1.52,N,0
19.10317,78.01892,310.79,0.49,0.49,2026-05-30,2001,N20,VIIRS,n,2,293.29,1.52,N,0
19.33766,78.4519,305.67,0.47,0.47,2026-05-30,2001,N20,VIIRS,n,2,290.81,0.61,N,0
19.34084,78.45474,307.05,0.46,0.47,2026-05-30,2001,N20,VIIRS,n,2,291.7,0.49,N,0
19.58994,73.19119,303.86,0.52,0.67,2026-05-30,2001,N20,VIIRS,n,2,289.75,1.36,N,0
19.79555,79.55607,312.88,0.4,0.44,2026-05-30,2001,N20,VIIRS,n,2,290.86,1.36,N,0
19.8042,79.55346,311.01,0.4,0.44,2026-05-30,2001,N20,VIIRS,n,2,289.02,3.83,N,0
19.80779,79.55791,326.09,0.4,0.44,2026-05-30,2001,N20,VIIRS,n,2,288.99,6.46,N,0
19.80828,79.55405,330.95,0.4,0.44,2026-05-30,2001,N20,VIIRS,n,2,289.22,7.75,N,0
19.81187,79.5585,341.38,0.4,0.44,2026-05-30,2001,N20,VIIRS,n,2,290.72,6.46,N,0
19.81236,79.55465,339.75,0.4,0.44,2026-05-30,2001,N20,VIIRS,n,2,292.03,7.75,N,0
19.83158,77.06051,309.06,0.58,0.52,2026-05-30,2001,N20,VIIRS,n,2,295.77,0.76,N,0
19.9717,76.13183,309.34,0.34,0.56,2026-05-30,2001,N20,VIIRS,n,2,294.34,0.46,N,0
20.3569,72.9491,307.09,0.55,0.68,2026-05-30,2001,N20,VIIRS,n,2,291.75,5.09,N,2
12.85544,79.90905,312.57,0.48,0.4,2026-05-30,2002,N20,VIIRS,n,2,279.21,2.32,N,2
15.8954,75.35093,307.96,0.34,0.56,2026-05-30,2002,N20,VIIRS,n,2,285.92,1.17,N,0
16.15019,73.49135,310.11,0.45,0.63,2026-05-30,2002,N20,VIIRS,n,2,289.23,2.38,N,0
16.15051,73.4905,312.11,0.45,0.63,2026-05-30,2002,N20,VIIRS,n,2,289.28,2.97,N,0
9.03896,80.67408,308.05,0.41,0.37,2026-05-30,2003,N20,VIIRS,n,2,289.58,1.42,N,0
9.04809,80.56866,310.81,0.41,0.37,2026-05-30,2003,N20,VIIRS,n,2,289.54,0.86,N,0
10.9309,77.06582,298.09,0.44,0.46,2026-05-30,2003,N20,VIIRS,n,2,270.89,0.59,N,2
11.26966,80.0035,305.31,0.45,0.39,2026-05-30,2003,N20,VIIRS,n,2,284.65,1.53,N,3
8.66996,77.99342,305.1,0.54,0.42,2026-05-30,2004,N20,VIIRS,n,2,292.37,0.99,N,0
33.69384,73.55167,298.11,0.33,0.55,2026-05-30,2137,N20,VIIRS,n,2,286.01,0.76,N,0
33.79311,73.47017,317.14,0.32,0.55,2026-05-30,2137,N20,VIIRS,n,2,287.02,1.24,N,0
34.58759,71.83119,295.63,0.5,0.49,2026-05-30,2137,N20,VIIRS,n,2,283.63,1.51,N,0
35.96601,68.68739,305.52,0.49,0.41,2026-05-30,2137,N20,VIIRS,n,2,293.97,1.87,N,2
31.23365,72.04584,302.32,0.61,0.54,2026-05-30,2138,N20,VIIRS,n,2,289.75,1.26,N,0
31.23587,72.04721,303.74,0.61,0.54,2026-05-30,2138,N20,VIIRS,n,2,289.75,1.45,N,0
31.90907,74.46676,303.83,0.41,0.6,2026-05-30,2138,N20,VIIRS,n,2,288.22,0.57,N,0
26.2605,74.09802,297.92,0.53,0.67,2026-05-30,2139,N20,VIIRS,n,2,284.75,0.56,N,0
27.53627,69.31055,315.73,0.51,0.49,2026-05-30,2139,N20,VIIRS,n,2,298.34,1.45,N,0
27.53764,69.31347,315.48,0.51,0.49,2026-05-30,2139,N20,VIIRS,n,2,298.24,1.1,N,0
27.66193,69.12655,309.7,0.49,0.49,2026-05-30,2139,N20,VIIRS,n,2,297.41,1.19,N,0
22.53063,70.55972,305.98,0.39,0.59,2026-05-30,2140,N20,VIIRS,n,2,294.2,4.1,N,0
18.68407,73.03104,307.93,0.67,0.74,2026-05-30,2141,N20,VIIRS,n,2,292.31,4.9,N,2
18.68779,73.0312,308.26,0.67,0.74,2026-05-30,2141,N20,VIIRS,n,2,291.96,3.35,N,2
18.69295,73.03908,309.09,0.67,0.74,2026-05-30,2141,N20,VIIRS,n,2,291.71,3.35,N,2
18.69581,73.04057,308.18,0.67,0.74,2026-05-30,2141,N20,VIIRS,n,2,291.67,3.67,N,2
19.37163,71.35841,306.03,0.51,0.66,2026-05-30,2141,N20,VIIRS,n,2,292.99,3.31,N,3
19.37269,71.3537,350.24,0.51,0.66,2026-05-30,2141,N20,VIIRS,n,2,293.71,6.92,N,3
21.10554,72.64637,304.44,0.56,0.69,2026-05-30,2141,N20,VIIRS,n,2,292.23,4.22,N,2
21.62358,73.68591,306.98,0.64,0.72,2026-05-30,2141,N20,VIIRS,n,2,288.09,2.53,N,0
21.90674,72.68292,305.04,0.54,0.68,2026-05-30,2141,N20,VIIRS,n,2,291.94,1,N,0
12.55458,79.34276,333.15,0.69,0.75,2026-05-31,710,N20,VIIRS,n,2,290.35,7.13,D,0
12.55681,79.34222,367,0.69,0.74,2026-05-31,710,N20,VIIRS,h,2,290.24,16.19,D,0
12.56129,79.3412,352.98,0.69,0.75,2026-05-31,710,N20,VIIRS,n,2,290.43,7.13,D,0
12.61188,79.9486,332.31,0.63,0.72,2026-05-31,710,N20,VIIRS,n,2,292.37,2.61,D,0
13.23548,79.80127,338.26,0.63,0.72,2026-05-31,710,N20,VIIRS,n,2,292.64,5.26,D,0
13.42738,79.78553,337.31,0.62,0.72,2026-05-31,710,N20,VIIRS,n,2,292.49,8.64,D,0
13.42757,79.78845,351.57,0.62,0.72,2026-05-31,710,N20,VIIRS,n,2,292.28,13.92,D,0
13.42833,79.79012,335.58,0.62,0.72,2026-05-31,710,N20,VIIRS,n,2,291.84,8.75,D,0
13.63115,80.04987,330.86,0.59,0.7,2026-05-31,710,N20,VIIRS,n,2,293.82,4.58,D,0
13.75427,80.05987,335.93,0.59,0.7,2026-05-31,710,N20,VIIRS,n,2,294.82,5.07,D,0
16.15159,79.96059,337,0.54,0.68,2026-05-31,711,N20,VIIRS,n,2,291.92,6.11,D,0
16.15238,79.96388,332.72,0.53,0.67,2026-05-31,711,N20,VIIRS,n,2,292.21,4.68,D,0
16.47666,79.87016,330.28,0.54,0.67,2026-05-31,711,N20,VIIRS,n,2,294.9,3.7,D,0
16.49784,80.08344,332.67,0.52,0.67,2026-05-31,711,N20,VIIRS,n,2,295.32,4.62,D,0
16.51822,80.09653,334.47,0.52,0.67,2026-05-31,711,N20,VIIRS,n,2,292.37,3.19,D,0
16.57281,80.76009,333.19,0.47,0.64,2026-05-31,711,N20,VIIRS,n,2,291.38,3.26,D,0
16.57855,80.75871,332.97,0.47,0.64,2026-05-31,711,N20,VIIRS,n,2,289.62,3.26,D,0
16.91929,79.94306,335.63,0.52,0.67,2026-05-31,711,N20,VIIRS,n,2,295.13,11.08,D,0
16.92081,79.94459,343.22,0.52,0.67,2026-05-31,711,N20,VIIRS,n,2,294.42,10.53,D,0
16.99613,79.58914,331.19,0.54,0.68,2026-05-31,711,N20,VIIRS,n,2,294.51,4.14,D,0
17.05823,81.37669,335.86,0.41,0.61,2026-05-31,711,N20,VIIRS,n,2,294.81,3.26,D,0
17.10462,80.23026,367,0.49,0.65,2026-05-31,711,N20,VIIRS,h,2,297.71,12.09,D,0
17.10633,80.22717,336.61,0.49,0.65,2026-05-31,711,N20,VIIRS,n,2,297.58,8.56,D,0
17.10729,80.23174,348.85,0.49,0.65,2026-05-31,711,N20,VIIRS,n,2,296.75,8.74,D,0
17.15187,80.13361,330.19,0.5,0.66,2026-05-31,711,N20,VIIRS,n,2,296.19,1.26,D,0
17.16261,80.15492,330.43,0.5,0.66,2026-05-31,711,N20,VIIRS,n,2,297.74,2.04,D,0
17.16541,80.15343,335.56,0.5,0.65,2026-05-31,711,N20,VIIRS,n,2,297.92,3.45,D,0
17.18161,80.3019,335.1,0.49,0.65,2026-05-31,711,N20,VIIRS,n,2,298.04,3.52,D,0
17.28696,79.60618,332.49,0.54,0.68,2026-05-31,711,N20,VIIRS,n,2,287.27,3.4,D,0
17.32519,78.89738,336.76,0.59,0.7,2026-05-31,711,N20,VIIRS,n,2,294.03,1.14,D,0
17.32981,78.89577,335.77,0.6,0.7,2026-05-31,711,N20,VIIRS,n,2,294.37,3.65,D,0
17.39563,79.98499,331.66,0.5,0.66,2026-05-31,711,N20,VIIRS,n,2,296.55,2.45,D,0
17.47577,79.91096,332.51,0.51,0.66,2026-05-31,711,N20,VIIRS,n,2,293.69,3.3,D,0
17.49476,80.38555,332.81,0.47,0.64,2026-05-31,711,N20,VIIRS,n,2,298.12,1.54,D,0
17.50056,80.38431,330.09,0.47,0.64,2026-05-31,711,N20,VIIRS,n,2,298.33,1.54,D,0
17.52083,79.74264,330.84,0.52,0.67,2026-05-31,711,N20,VIIRS,n,2,290.79,2.42,D,0
17.52182,79.742,331.14,0.52,0.67,2026-05-31,711,N20,VIIRS,n,2,292.8,5.34,D,0
17.56881,79.61021,331.4,0.53,0.67,2026-05-31,711,N20,VIIRS,n,2,291.45,2.72,D,0
17.57265,79.8295,345.63,0.51,0.66,2026-05-31,711,N20,VIIRS,n,2,294.77,5.76,D,0
17.65198,79.60929,331.42,0.53,0.67,2026-05-31,711,N20,VIIRS,n,2,296.29,2.02,D,0
17.70217,79.89498,330.41,0.5,0.66,2026-05-31,711,N20,VIIRS,n,2,294.78,3.57,D,0
17.70963,81.84019,333.98,0.38,0.58,2026-05-31,711,N20,VIIRS,n,2,295.91,4.89,D,0
17.72686,79.89387,337.89,0.5,0.66,2026-05-31,711,N20,VIIRS,n,2,295.24,4.93,D,0
17.7288,79.87411,333.93,0.5,0.66,2026-05-31,711,N20,VIIRS,n,2,298.11,4.51,D,0
17.7554,79.79481,350.85,0.51,0.66,2026-05-31,711,N20,VIIRS,n,2,298.2,5.99,D,0
17.75639,79.79941,332.63,0.51,0.66,2026-05-31,711,N20,VIIRS,n,2,297.5,5.99,D,0
17.75764,79.7961,367,0.51,0.66,2026-05-31,711,N20,VIIRS,h,2,297.44,10.36,D,0
17.77906,80.8485,332.28,0.43,0.62,2026-05-31,711,N20,VIIRS,n,2,296.91,2.75,D,0
17.79882,80.62247,339.52,0.45,0.63,2026-05-31,711,N20,VIIRS,n,2,298.33,6.43,D,0
17.80495,79.89711,332.41,0.5,0.66,2026-05-31,711,N20,VIIRS,n,2,296.48,1.71,D,0
17.80637,81.83554,355.83,0.37,0.58,2026-05-31,711,N20,VIIRS,n,2,299.3,7.82,D,0
17.80706,81.83888,332.58,0.37,0.58,2026-05-31,711,N20,VIIRS,n,2,297.13,7.82,D,0
17.829,79.31086,349.42,0.55,0.68,2026-05-31,711,N20,VIIRS,n,2,297.71,7.63,D,0
17.86406,79.8829,330.9,0.5,0.66,2026-05-31,711,N20,VIIRS,n,2,298.58,4.98,D,0
17.86439,79.52956,330.66,0.53,0.67,2026-05-31,711,N20,VIIRS,n,2,296.47,1.84,D,0
17.92408,80.33139,367,0.47,0.64,2026-05-31,711,N20,VIIRS,h,2,296.72,13.06,D,0
17.92674,80.48279,332.44,0.46,0.63,2026-05-31,711,N20,VIIRS,n,2,296.68,3.4,D,0
17.92893,80.32584,347.67,0.47,0.64,2026-05-31,711,N20,VIIRS,n,2,297.14,11.6,D,0
17.92986,80.33017,341.3,0.47,0.64,2026-05-31,711,N20,VIIRS,n,2,295.59,6.24,D,0
17.93563,80.3289,352.98,0.47,0.64,2026-05-31,711,N20,VIIRS,n,2,295.65,6.24,D,0
17.93654,80.33315,335.3,0.47,0.64,2026-05-31,711,N20,VIIRS,n,2,294.09,6.24,D,0
17.93836,80.34158,337.93,0.47,0.64,2026-05-31,711,N20,VIIRS,n,2,293.75,4.11,D,0
17.96483,80.38075,343.39,0.46,0.64,2026-05-31,711,N20,VIIRS,n,2,297.49,6.46,D,0
18.02768,80.59232,340.58,0.45,0.63,2026-05-31,711,N20,VIIRS,n,2,296.23,2.66,D,0
18.02915,80.58927,331.87,0.45,0.63,2026-05-31,711,N20,VIIRS,n,2,297.04,3.9,D,0
18.04346,80.57312,349.36,0.45,0.63,2026-05-31,711,N20,VIIRS,n,2,297.52,7.11,D,0
18.04641,80.22484,339.99,0.47,0.64,2026-05-31,711,N20,VIIRS,n,2,297.8,7.86,D,0
18.04687,80.57066,347.99,0.45,0.63,2026-05-31,711,N20,VIIRS,n,2,297.61,3.59,D,0
18.04732,80.22907,367,0.47,0.64,2026-05-31,711,N20,VIIRS,h,2,297.75,7.86,D,0
18.04973,79.99304,336.33,0.49,0.65,2026-05-31,711,N20,VIIRS,n,2,297.43,2.7,D,0
18.05179,80.22463,331.28,0.47,0.64,2026-05-31,711,N20,VIIRS,n,2,297.52,5.71,D,0
18.05272,80.22886,355.37,0.47,0.64,2026-05-31,711,N20,VIIRS,n,2,298.11,5.71,D,0
18.05309,80.22772,348.69,0.47,0.64,2026-05-31,711,N20,VIIRS,n,2,298.09,9.8,D,0
18.05401,80.23204,334.15,0.47,0.64,2026-05-31,711,N20,VIIRS,n,2,296.86,6.07,D,0
18.07393,79.90588,340.2,0.49,0.65,2026-05-31,711,N20,VIIRS,n,2,290.27,2.67,D,0
18.13177,81.98558,330.54,0.36,0.57,2026-05-31,711,N20,VIIRS,n,2,299.27,4.41,D,0
18.14399,82.07022,330.09,0.36,0.57,2026-05-31,711,N20,VIIRS,n,2,297.91,1.95,D,0
18.2812,81.31073,367,0.4,0.6,2026-05-31,711,N20,VIIRS,h,2,299.25,20.46,D,0
18.29274,82.33868,336.34,0.34,0.56,2026-05-31,711,N20,VIIRS,n,2,296.5,4.44,D,0
18.29495,82.33965,339.66,0.34,0.56,2026-05-31,711,N20,VIIRS,n,2,296.28,1.5,D,0
18.51203,82.41472,335.98,0.33,0.55,2026-05-31,711,N20,VIIRS,n,2,290.3,2.04,D,0
18.07346,79.4054,336.17,0.53,0.67,2026-05-31,712,N20,VIIRS,n,2,296.36,6.1,D,0
18.09799,78.62956,340.51,0.6,0.7,2026-05-31,712,N20,VIIRS,n,2,296.64,4.26,D,0
18.09859,79.49092,330.49,0.52,0.67,2026-05-31,712,N20,VIIRS,n,2,294.95,5.7,D,0
18.10229,79.5655,332.42,0.52,0.67,2026-05-31,712,N20,VIIRS,n,2,293.75,5.5,D,0
18.1046,79.48944,350.36,0.52,0.67,2026-05-31,712,N20,VIIRS,n,2,294.94,5.7,D,0
18.10461,79.48648,347.58,0.52,0.67,2026-05-31,712,N20,VIIRS,n,2,295,11.39,D,0
18.10671,79.49908,331.73,0.52,0.67,2026-05-31,712,N20,VIIRS,n,2,294.14,4.16,D,0
18.10786,79.50089,333.43,0.52,0.67,2026-05-31,712,N20,VIIRS,n,2,294.32,3.27,D,0
18.1085,79.47826,338.66,0.53,0.67,2026-05-31,712,N20,VIIRS,n,2,293.06,7.68,D,0
18.10953,79.48015,367,0.52,0.67,2026-05-31,712,N20,VIIRS,h,2,294.15,11.39,D,0
18.10955,79.48308,367,0.53,0.67,2026-05-31,712,N20,VIIRS,h,2,294.03,7.68,D,0
18.11236,79.69724,339.68,0.51,0.66,2026-05-31,712,N20,VIIRS,n,2,296.33,6.21,D,0
18.11296,79.78502,334.91,0.5,0.66,2026-05-31,712,N20,VIIRS,n,2,293.33,4.38,D,0
18.12198,79.79771,348.35,0.5,0.66,2026-05-31,712,N20,VIIRS,n,2,295.38,7.57,D,0
18.13207,79.6728,332.74,0.51,0.66,2026-05-31,712,N20,VIIRS,n,2,294.83,1.42,D,0
18.14733,79.74272,332.96,0.5,0.66,2026-05-31,712,N20,VIIRS,n,2,293.63,6,D,0
18.1526,78.75417,331.46,0.58,0.7,2026-05-31,712,N20,VIIRS,n,2,296.72,3.98,D,0
18.15565,78.75658,332.49,0.58,0.7,2026-05-31,712,N20,VIIRS,n,2,297.43,3.21,D,0
18.16838,79.51656,339.24,0.52,0.67,2026-05-31,712,N20,VIIRS,n,2,296.29,7.93,D,0
18.17083,79.47047,354.93,0.52,0.67,2026-05-31,712,N20,VIIRS,n,2,294.48,23.77,D,0
18.1719,79.47527,367,0.52,0.67,2026-05-31,712,N20,VIIRS,h,2,292.93,26.45,D,0
18.17219,79.59052,335.09,0.51,0.66,2026-05-31,712,N20,VIIRS,n,2,297.16,4.04,D,0
18.17325,79.5953,338.34,0.51,0.66,2026-05-31,712,N20,VIIRS,n,2,297.13,5.8,D,0
18.17618,79.78951,332.11,0.5,0.66,2026-05-31,712,N20,VIIRS,n,2,294,3.74,D,0
18.17629,79.8187,335.18,0.5,0.66,2026-05-31,712,N20,VIIRS,n,2,296.1,5.32,D,0
18.17687,79.46906,336.47,0.52,0.67,2026-05-31,712,N20,VIIRS,n,2,293.24,3.61,D,0
18.17729,79.82331,346.33,0.5,0.66,2026-05-31,712,N20,VIIRS,n,2,295.76,5.32,D,0
18.1795,79.8196,367,0.5,0.66,2026-05-31,712,N20,VIIRS,h,2,295.04,12.86,D,0
18.18218,79.81724,342.54,0.5,0.66,2026-05-31,712,N20,VIIRS,n,2,294.31,4.99,D,0
18.2088,79.8832,340.22,0.49,0.65,2026-05-31,712,N20,VIIRS,n,2,294.07,8.5,D,0
18.21011,79.59121,334.19,0.51,0.66,2026-05-31,712,N20,VIIRS,n,2,296.45,4.24,D,0
18.21411,79.08855,335.22,0.55,0.68,2026-05-31,712,N20,VIIRS,n,2,297.07,3.44,D,0
18.24637,79.57577,330.02,0.51,0.66,2026-05-31,712,N20,VIIRS,n,2,296.58,1.41,D,0
18.25461,79.96307,349.24,0.49,0.65,2026-05-31,712,N20,VIIRS,n,2,296.61,12.2,D,0
18.25559,79.96753,367,0.48,0.65,2026-05-31,712,N20,VIIRS,h,2,297.29,12.2,D,0
18.27166,79.34798,333.8,0.53,0.67,2026-05-31,712,N20,VIIRS,n,2,297.02,9.12,D,0
18.27266,79.3525,339.15,0.53,0.67,2026-05-31,712,N20,VIIRS,n,2,297.15,9.85,D,0
18.27392,79.59561,334.81,0.51,0.66,2026-05-31,712,N20,VIIRS,n,2,295.89,2.23,D,0
18.27551,79.59352,333.38,0.51,0.66,2026-05-31,712,N20,VIIRS,n,2,295.97,1.45,D,0
18.27653,79.34116,337.91,0.53,0.67,2026-05-31,712,N20,VIIRS,n,2,297.51,9.12,D,0
18.27761,79.34603,367,0.53,0.67,2026-05-31,712,N20,VIIRS,h,2,299.05,9.12,D,0
18.27866,79.35079,350,0.53,0.67,2026-05-31,712,N20,VIIRS,n,2,297.84,9.85,D,0
18.29965,79.61736,334.46,0.51,0.66,2026-05-31,712,N20,VIIRS,n,2,296.23,3.33,D,0
18.30816,79.84098,341.58,0.49,0.65,2026-05-31,712,N20,VIIRS,n,2,295.11,5.34,D,0
18.32343,79.3808,339.9,0.53,0.67,2026-05-31,712,N20,VIIRS,n,2,297.7,3.83,D,0
18.32429,79.38283,339.02,0.53,0.67,2026-05-31,712,N20,VIIRS,n,2,297.63,5.92,D,0
18.32447,79.3856,333.09,0.53,0.67,2026-05-31,712,N20,VIIRS,n,2,297.48,3.83,D,0
18.32575,79.65046,330.89,0.51,0.66,2026-05-31,712,N20,VIIRS,n,2,297.95,4.18,D,0
18.33645,78.42725,331.49,0.61,0.71,2026-05-31,712,N20,VIIRS,n,2,295.97,2.95,D,0
18.33683,79.67243,334.33,0.5,0.66,2026-05-31,712,N20,VIIRS,n,2,296.78,2.19,D,0
18.337,80.2007,338.93,0.47,0.64,2026-05-31,712,N20,VIIRS,n,2,299.34,4.94,D,0
18.33792,80.20494,353.85,0.47,0.64,2026-05-31,712,N20,VIIRS,n,2,298.82,4.94,D,0
18.34274,80.19927,334.72,0.47,0.64,2026-05-31,712,N20,VIIRS,n,2,299.49,4.94,D,0
18.34564,79.8536,344.64,0.49,0.65,2026-05-31,712,N20,VIIRS,n,2,298.76,7.28,D,0
18.34704,80.13502,332.21,0.47,0.64,2026-05-31,712,N20,VIIRS,n,2,299.16,3.76,D,0
18.35288,79.5451,346.35,0.51,0.66,2026-05-31,712,N20,VIIRS,n,2,296.64,8.39,D,0
18.35478,79.54663,344.05,0.51,0.66,2026-05-31,712,N20,VIIRS,n,2,296.57,6.2,D,0
18.35723,80.18233,330.73,0.47,0.64,2026-05-31,712,N20,VIIRS,n,2,299.67,3.16,D,0
18.36109,79.58286,331,0.51,0.66,2026-05-31,712,N20,VIIRS,n,2,297.08,3.17,D,0
18.37366,79.4617,335.42,0.52,0.67,2026-05-31,712,N20,VIIRS,n,2,294.42,3.07,D,0
18.39555,79.44636,332.42,0.52,0.67,2026-05-31,712,N20,VIIRS,n,2,297.31,3.71,D,0
18.40714,79.49882,330.9,0.52,0.67,2026-05-31,712,N20,VIIRS,n,2,292.96,4.33,D,0
18.41256,78.43354,330.91,0.61,0.71,2026-05-31,712,N20,VIIRS,n,2,296.23,3.01,D,0
18.41365,78.43234,330.3,0.61,0.71,2026-05-31,712,N20,VIIRS,n,2,296.38,4.76,D,0
18.43,79.60249,367,0.51,0.66,2026-05-31,712,N20,VIIRS,h,2,298.99,16.91,D,0
18.43446,79.53713,332.11,0.51,0.66,2026-05-31,712,N20,VIIRS,n,2,297.21,3.25,D,0
18.44155,79.42538,338.01,0.52,0.67,2026-05-31,712,N20,VIIRS,n,2,297.19,4.52,D,0
18.44757,80.068,332.99,0.47,0.64,2026-05-31,712,N20,VIIRS,n,2,299.42,6.46,D,0
18.44879,79.25308,332.75,0.53,0.67,2026-05-31,712,N20,VIIRS,n,2,295.11,2.41,D,0
18.46432,79.20782,334.78,0.54,0.68,2026-05-31,712,N20,VIIRS,n,2,297.09,3.8,D,0
18.47586,79.23105,354.32,0.54,0.68,2026-05-31,712,N20,VIIRS,n,2,296.13,9.63,D,0
18.48642,80.05495,353.85,0.47,0.64,2026-05-31,712,N20,VIIRS,n,2,298.89,7.78,D,0
18.49315,80.0579,332.99,0.47,0.64,2026-05-31,712,N20,VIIRS,n,2,298.79,4.35,D,0
18.49402,79.37069,334.89,0.52,0.67,2026-05-31,712,N20,VIIRS,n,2,296.68,4.87,D,0
18.50232,78.9498,349.86,0.56,0.69,2026-05-31,712,N20,VIIRS,n,2,297.2,7.45,D,0
18.51135,79.30518,342.7,0.53,0.67,2026-05-31,712,N20,VIIRS,n,2,297.32,9.32,D,0
18.51158,79.30476,342.27,0.53,0.67,2026-05-31,712,N20,VIIRS,n,2,297.34,8.87,D,0
18.51242,79.31006,351.86,0.53,0.67,2026-05-31,712,N20,VIIRS,n,2,296.06,9.64,D,0
18.51268,79.30962,350.68,0.53,0.67,2026-05-31,712,N20,VIIRS,n,2,296.15,8.67,D,0
18.52759,79.63608,344.42,0.5,0.66,2026-05-31,712,N20,VIIRS,n,2,298.21,5.71,D,0
18.53352,79.63468,343.32,0.5,0.66,2026-05-31,712,N20,VIIRS,n,2,298.42,5.71,D,0
18.54061,79.5248,338.69,0.51,0.66,2026-05-31,712,N20,VIIRS,n,2,296.71,3.31,D,0
18.54187,79.18394,346.87,0.54,0.68,2026-05-31,712,N20,VIIRS,n,2,297.82,8.25,D,0
18.54298,79.18889,330.37,0.54,0.68,2026-05-31,712,N20,VIIRS,n,2,296.66,6.03,D,0
18.56806,79.44277,334.68,0.52,0.67,2026-05-31,712,N20,VIIRS,n,2,298.87,3.85,D,0
18.57534,79.39062,343.67,0.52,0.67,2026-05-31,712,N20,VIIRS,n,2,296.76,3.83,D,0
18.59786,79.26333,348.02,0.53,0.67,2026-05-31,712,N20,VIIRS,n,2,297.99,6.37,D,0
18.59806,79.26153,346.55,0.53,0.67,2026-05-31,712,N20,VIIRS,n,2,298.03,6.33,D,0
18.61269,79.7979,334.1,0.49,0.65,2026-05-31,712,N20,VIIRS,n,2,300.12,3.73,D,0
18.61566,79.31521,334.21,0.53,0.67,2026-05-31,712,N20,VIIRS,n,2,295.88,2.22,D,0
18.61608,79.79613,333.4,0.49,0.65,2026-05-31,712,N20,VIIRS,n,2,300.83,3.07,D,0
18.61707,79.80054,338.43,0.49,0.65,2026-05-31,712,N20,VIIRS,n,2,301.3,3.07,D,0
18.61849,79.2992,334.67,0.53,0.67,2026-05-31,712,N20,VIIRS,n,2,296.23,5.44,D,0
18.61894,79.29734,342.07,0.53,0.67,2026-05-31,712,N20,VIIRS,n,2,296.61,4.21,D,0
18.6195,79.8009,332.19,0.49,0.65,2026-05-31,712,N20,VIIRS,n,2,300.93,3.73,D,0
18.62879,79.23003,331.99,0.53,0.67,2026-05-31,712,N20,VIIRS,n,2,296.52,2.17,D,0
18.6338,79.22212,333.12,0.53,0.67,2026-05-31,712,N20,VIIRS,n,2,296.16,4.63,D,0
18.63447,79.74004,330.05,0.49,0.65,2026-05-31,712,N20,VIIRS,n,2,297.88,2.92,D,0
18.6349,79.22701,332.57,0.53,0.67,2026-05-31,712,N20,VIIRS,n,2,295.71,4.63,D,0
18.64244,79.63606,331.67,0.5,0.66,2026-05-31,712,N20,VIIRS,n,2,298.83,2.96,D,0
18.65803,79.2163,337.43,0.53,0.67,2026-05-31,712,N20,VIIRS,n,2,295.12,3.11,D,0
18.65967,79.25211,339.1,0.53,0.67,2026-05-31,712,N20,VIIRS,n,2,296.18,3.46,D,0
18.66298,79.20988,330.37,0.53,0.67,2026-05-31,712,N20,VIIRS,n,2,296.48,4.37,D,0
18.68411,81.20873,331.51,0.4,0.6,2026-05-31,712,N20,VIIRS,n,2,297.23,2.15,D,0
18.70497,79.83604,332.91,0.48,0.65,2026-05-31,712,N20,VIIRS,n,2,299.86,2.79,D,0
18.70948,79.65833,332.02,0.5,0.66,2026-05-31,712,N20,VIIRS,n,2,299.52,3.77,D,0
18.71022,79.64642,330.02,0.5,0.66,2026-05-31,712,N20,VIIRS,n,2,299.38,3.28,D,0
18.7108,79.83463,334.33,0.48,0.65,2026-05-31,712,N20,VIIRS,n,2,300.37,2.79,D,0
18.71833,79.79289,353.92,0.49,0.65,2026-05-31,712,N20,VIIRS,n,2,299.89,5.42,D,0
18.71956,79.79015,340.47,0.49,0.65,2026-05-31,712,N20,VIIRS,n,2,300.3,5.64,D,0
18.72052,79.79457,350.07,0.49,0.65,2026-05-31,712,N20,VIIRS,n,2,299.34,5.64,D,0
18.72418,79.79153,339.56,0.49,0.65,2026-05-31,712,N20,VIIRS,n,2,299.58,5.42,D,0
18.73859,79.74564,331.74,0.49,0.65,2026-05-31,712,N20,VIIRS,n,2,299.12,5.39,D,0
18.74008,79.74261,333.79,0.49,0.65,2026-05-31,712,N20,VIIRS,n,2,299.12,4.32,D,0
18.82675,78.97045,335.45,0.55,0.68,2026-05-31,712,N20,VIIRS,n,2,294.33,2.58,D,0
18.83707,79.24296,331.92,0.53,0.67,2026-05-31,712,N20,VIIRS,n,2,297.6,5.31,D,0
18.8408,79.98684,343.14,0.47,0.64,2026-05-31,712,N20,VIIRS,n,2,299.2,4.06,D,0
18.84655,79.98534,344.8,0.47,0.64,2026-05-31,712,N20,VIIRS,n,2,299.92,5.63,D,0
18.86794,79.09671,338.67,0.54,0.68,2026-05-31,712,N20,VIIRS,n,2,295.63,3.86,D,0
18.8729,79.09024,331.34,0.54,0.68,2026-05-31,712,N20,VIIRS,n,2,295.7,5.78,D,0
18.87399,79.09515,339.01,0.54,0.68,2026-05-31,712,N20,VIIRS,n,2,296.03,3.86,D,0
18.87508,79.10001,335.97,0.54,0.68,2026-05-31,712,N20,VIIRS,n,2,295.46,3.86,D,0
18.89532,79.98871,336.67,0.47,0.64,2026-05-31,712,N20,VIIRS,n,2,297.47,3.59,D,0
18.89554,79.9875,334.51,0.47,0.64,2026-05-31,712,N20,VIIRS,n,2,297.66,2.63,D,0
18.949,78.91641,337.16,0.55,0.68,2026-05-31,712,N20,VIIRS,n,2,295.69,4.07,D,0
18.95918,78.79555,367,0.56,0.69,2026-05-31,712,N20,VIIRS,h,2,295.41,11.88,D,0
18.96054,78.79379,348.85,0.56,0.69,2026-05-31,712,N20,VIIRS,n,2,294.94,10.75,D,0
18.9617,78.79899,341.8,0.56,0.69,2026-05-31,712,N20,VIIRS,n,2,294.15,10.15,D,0
18.96905,79.57986,333.53,0.5,0.66,2026-05-31,712,N20,VIIRS,n,2,297.79,5.61,D,0
19.10498,82.16528,332.27,0.34,0.56,2026-05-31,712,N20,VIIRS,n,2,299.94,2.62,D,2
19.12129,82.09937,333.52,0.34,0.56,2026-05-31,712,N20,VIIRS,n,2,300.45,3.28,D,0
19.12309,82.09871,330.42,0.34,0.56,2026-05-31,712,N20,VIIRS,n,2,300.19,2.28,D,0
19.19081,79.79192,338.1,0.48,0.64,2026-05-31,712,N20,VIIRS,n,2,299.17,3.22,D,0
19.19661,79.79053,330.63,0.48,0.64,2026-05-31,712,N20,VIIRS,n,2,298.38,3.22,D,0
19.19759,79.79492,332.22,0.48,0.64,2026-05-31,712,N20,VIIRS,n,2,299.07,5.4,D,0
19.20513,79.71864,332.5,0.48,0.65,2026-05-31,712,N20,VIIRS,n,2,299.12,4.04,D,0
19.26134,79.72359,330.79,0.48,0.65,2026-05-31,712,N20,VIIRS,n,2,298,1.83,D,0
19.41585,82.56312,348.71,0.62,0.54,2026-05-31,712,N20,VIIRS,n,2,303.52,11.57,D,0
19.41912,82.56432,343.79,0.62,0.54,2026-05-31,712,N20,VIIRS,n,2,302.14,10.46,D,0
19.43039,79.99688,331.37,0.46,0.63,2026-05-31,712,N20,VIIRS,n,2,298.39,1.77,D,0
19.46692,82.0844,330.24,0.33,0.56,2026-05-31,712,N20,VIIRS,l,2,300.5,3.88,D,0
19.48226,82.03165,330.79,0.34,0.56,2026-05-31,712,N20,VIIRS,n,2,300.46,1.98,D,0
19.55936,80.05987,330.23,0.45,0.63,2026-05-31,712,N20,VIIRS,n,2,298.14,1.95,D,0
19.57426,80.1535,337.26,0.44,0.63,2026-05-31,712,N20,VIIRS,n,2,294.63,5.83,D,0
19.62748,80.01688,351.82,0.45,0.63,2026-05-31,712,N20,VIIRS,n,2,299.79,5.23,D,0
19.62928,82.1907,337.51,0.33,0.55,2026-05-31,712,N20,VIIRS,n,2,304.14,4.56,D,0
19.84676,79.41521,333.43,0.49,0.65,2026-05-31,712,N20,VIIRS,n,2,295.13,4.68,D,0
19.8687,80.60136,344.62,0.41,0.61,2026-05-31,712,N20,VIIRS,n,2,300.24,5.14,D,0
19.87253,80.59248,339.41,0.41,0.61,2026-05-31,712,N20,VIIRS,n,2,301.69,4.97,D,0
19.87334,80.59625,332.49,0.41,0.61,2026-05-31,712,N20,VIIRS,n,2,300.57,4.52,D,0
19.87494,81.69244,367,0.35,0.57,2026-05-31,712,N20,VIIRS,h,2,307.16,11.96,D,0
19.94308,80.57417,341.76,0.41,0.61,2026-05-31,712,N20,VIIRS,n,2,300.93,3.44,D,0
19.97204,81.58373,355.5,0.35,0.57,2026-05-31,712,N20,VIIRS,n,2,306.11,11.41,D,0
19.97272,81.58702,338.19,0.35,0.57,2026-05-31,712,N20,VIIRS,n,2,303.79,7.01,D,0
19.97334,81.82013,338.04,0.34,0.56,2026-05-31,712,N20,VIIRS,n,2,303.75,4.75,D,0
19.99384,81.58531,332.41,0.35,0.57,2026-05-31,712,N20,VIIRS,n,2,301.38,2.71,D,0
20.02071,80.50778,336.09,0.41,0.61,2026-05-31,712,N20,VIIRS,n,2,301.08,3.6,D,0
20.14053,80.58385,332.77,0.4,0.6,2026-05-31,712,N20,VIIRS,n,2,298.38,3.61,D,0
20.16256,86.4026,330.99,0.53,0.42,2026-05-31,712,N20,VIIRS,n,2,297.7,3.15,D,0
20.16399,86.40504,333.72,0.53,0.42,2026-05-31,712,N20,VIIRS,n,2,298.42,2.69,D,0
20.17329,80.60346,332.21,0.4,0.6,2026-05-31,712,N20,VIIRS,n,2,300.36,4.98,D,0
20.29083,81.94542,349.39,0.33,0.55,2026-05-31,712,N20,VIIRS,n,2,305.44,4.46,D,0
20.29112,81.94604,349.23,0.33,0.55,2026-05-31,712,N20,VIIRS,n,2,305.7,3.7,D,0
20.32924,78.28788,337.42,0.56,0.69,2026-05-31,712,N20,VIIRS,n,2,292.8,3.48,D,0
20.39677,81.75597,330.77,0.34,0.56,2026-05-31,712,N20,VIIRS,l,2,303.34,2.11,D,0
20.3993,80.00287,332.94,0.44,0.62,2026-05-31,712,N20,VIIRS,n,2,301.86,12.4,D,0
20.40019,80.00694,367,0.44,0.62,2026-05-31,712,N20,VIIRS,h,2,303.97,12.4,D,0
20.4022,80.00269,337.32,0.44,0.62,2026-05-31,712,N20,VIIRS,n,2,302.37,4.42,D,0
20.40311,80.00674,347.59,0.43,0.62,2026-05-31,712,N20,VIIRS,n,2,302.23,4.42,D,0
20.42035,80.08342,331.6,0.43,0.62,2026-05-31,712,N20,VIIRS,n,2,301.23,4.04,D,0
20.42249,80.08244,333.45,0.43,0.62,2026-05-31,712,N20,VIIRS,n,2,301.51,3.72,D,0
20.4668,85.04096,333.99,0.42,0.45,2026-05-31,712,N20,VIIRS,n,2,303.69,3.68,D,0
20.48709,80.38177,332.2,0.41,0.61,2026-05-31,712,N20,VIIRS,l,2,304.8,2.59,D,0
20.48795,80.38565,334.67,0.41,0.61,2026-05-31,712,N20,VIIRS,n,2,302.78,2.59,D,0
20.48802,80.38557,338.58,0.41,0.61,2026-05-31,712,N20,VIIRS,n,2,302.9,5.15,D,0
20.49462,80.41625,335.49,0.41,0.6,2026-05-31,712,N20,VIIRS,n,2,302.47,4.6,D,0
20.49475,80.41624,339.97,0.41,0.6,2026-05-31,712,N20,VIIRS,n,2,302.83,4.08,D,0
20.49627,80.42392,337.49,0.41,0.6,2026-05-31,712,N20,VIIRS,n,2,301.64,5.84,D,0
20.49646,80.4239,334.3,0.41,0.6,2026-05-31,712,N20,VIIRS,n,2,301.78,4.24,D,0
20.49741,79.64766,334.84,0.46,0.63,2026-05-31,712,N20,VIIRS,n,2,300.71,3.32,D,0
20.51645,80.22742,331.29,0.42,0.61,2026-05-31,712,N20,VIIRS,l,2,304.49,2.58,D,0
20.51973,81.35508,347.72,0.35,0.57,2026-05-31,712,N20,VIIRS,n,2,303.33,4.44,D,0
20.55417,80.26773,340.11,0.42,0.61,2026-05-31,712,N20,VIIRS,n,2,303.53,5.23,D,0
20.55502,80.27164,348.03,0.42,0.61,2026-05-31,712,N20,VIIRS,n,2,303.07,5.23,D,0
20.60273,79.73835,337.77,0.45,0.63,2026-05-31,712,N20,VIIRS,n,2,303.28,6.2,D,0
20.60366,79.74252,367,0.45,0.63,2026-05-31,712,N20,VIIRS,h,2,303.6,6.2,D,0
20.64776,80.00783,333.31,0.43,0.62,2026-05-31,712,N20,VIIRS,n,2,301.33,1.89,D,0
20.65107,82.08073,334.03,0.63,0.54,2026-05-31,712,N20,VIIRS,n,2,303.94,2.36,D,0
20.65194,82.07883,330.86,0.63,0.54,2026-05-31,712,N20,VIIRS,l,2,303.44,2.75,D,0
20.65307,81.58289,331.68,0.34,0.56,2026-05-31,712,N20,VIIRS,l,2,304.96,2.25,D,0
20.66617,82.02396,339.17,0.32,0.54,2026-05-31,712,N20,VIIRS,n,2,305.63,2.53,D,0
20.6668,82.02696,337.48,0.32,0.54,2026-05-31,712,N20,VIIRS,n,2,304.79,2.53,D,0
20.68713,80.45582,336.59,0.4,0.6,2026-05-31,712,N20,VIIRS,n,2,304.08,3.28,D,0
20.71405,80.00048,331.6,0.43,0.62,2026-05-31,712,N20,VIIRS,n,2,298.75,2.48,D,0
20.7212,81.66435,337.52,0.34,0.56,2026-05-31,712,N20,VIIRS,n,2,303.97,2.75,D,0
20.72334,81.62417,350.03,0.34,0.56,2026-05-31,712,N20,VIIRS,n,2,304.64,3.69,D,0
20.74233,82.41537,330.49,0.6,0.53,2026-05-31,712,N20,VIIRS,l,2,302.38,5.82,D,0
20.74292,81.79311,335.14,0.33,0.55,2026-05-31,712,N20,VIIRS,n,2,304.89,3.68,D,0
20.74725,81.78883,340.38,0.33,0.55,2026-05-31,712,N20,VIIRS,n,2,304.73,4.43,D,0
20.74789,81.79191,335.38,0.33,0.55,2026-05-31,712,N20,VIIRS,l,2,306.05,4.61,D,0
20.74854,81.795,348.47,0.33,0.55,2026-05-31,712,N20,VIIRS,n,2,306.41,4.61,D,0
20.74918,81.79809,345.81,0.33,0.55,2026-05-31,712,N20,VIIRS,n,2,305.46,6.58,D,0
20.75947,85.29873,332.12,0.4,0.44,2026-05-31,712,N20,VIIRS,n,2,298.91,5.63,D,2
20.76285,81.21667,337.96,0.36,0.57,2026-05-31,712,N20,VIIRS,n,2,302.61,1.52,D,0
20.76538,81.80073,342.77,0.33,0.55,2026-05-31,712,N20,VIIRS,n,2,305.37,4.83,D,0
20.77341,81.78911,338.65,0.33,0.55,2026-05-31,712,N20,VIIRS,n,2,306.6,5.29,D,0
20.77596,81.14993,334.85,0.36,0.57,2026-05-31,712,N20,VIIRS,n,2,303.19,2.59,D,0
20.77912,81.96665,367,0.32,0.55,2026-05-31,712,N20,VIIRS,h,2,303.52,5.89,D,0
20.79295,82.49159,332.67,0.59,0.53,2026-05-31,712,N20,VIIRS,l,2,302.88,3.77,D,0
20.79321,85.25641,342.71,0.4,0.44,2026-05-31,712,N20,VIIRS,n,2,299.39,5.97,D,2
20.79771,82.49046,345.89,0.59,0.53,2026-05-31,712,N20,VIIRS,n,2,305.47,3.77,D,0
20.80118,81.77465,345.23,0.33,0.55,2026-05-31,712,N20,VIIRS,n,2,304.55,5.22,D,0
20.80183,81.77773,367,0.33,0.55,2026-05-31,712,N20,VIIRS,h,2,305.95,5.55,D,0
20.80198,81.77586,367,0.33,0.55,2026-05-31,712,N20,VIIRS,h,2,305.42,10.51,D,0
20.80249,81.78081,335.96,0.33,0.55,2026-05-31,712,N20,VIIRS,n,2,304.11,5.55,D,0
20.80262,81.77894,367,0.33,0.55,2026-05-31,712,N20,VIIRS,h,2,304.68,11.28,D,0
20.803,81.83223,335.79,0.33,0.55,2026-05-31,712,N20,VIIRS,n,2,304.59,5.39,D,0
20.80342,81.83362,345.81,0.33,0.55,2026-05-31,712,N20,VIIRS,n,2,304.22,3.09,D,0
20.80365,81.83529,338.3,0.33,0.55,2026-05-31,712,N20,VIIRS,n,2,302.23,5.04,D,0
20.80592,85.25759,332.99,0.4,0.44,2026-05-31,712,N20,VIIRS,n,2,300.22,4.21,D,2
20.80616,81.77348,343.84,0.33,0.55,2026-05-31,712,N20,VIIRS,n,2,302.97,5.22,D,0
20.80681,81.77657,337.15,0.33,0.55,2026-05-31,712,N20,VIIRS,n,2,302.06,5.55,D,0
20.80774,81.82938,340.84,0.33,0.55,2026-05-31,712,N20,VIIRS,n,2,304.17,3.53,D,0
20.80796,81.83108,367,0.33,0.55,2026-05-31,712,N20,VIIRS,h,2,304.27,5.39,D,0
20.80837,81.83244,367,0.33,0.55,2026-05-31,712,N20,VIIRS,h,2,303.63,3.53,D,0
20.81034,77.09977,331.92,0.65,0.73,2026-05-31,712,N20,VIIRS,n,2,294.81,5.11,D,0
20.81148,77.09483,336.54,0.65,0.73,2026-05-31,712,N20,VIIRS,n,2,295.68,6.65,D,0
20.81224,81.90186,342.58,0.32,0.55,2026-05-31,712,N20,VIIRS,n,2,302.79,3.71,D,0
20.81286,81.90489,331.98,0.32,0.55,2026-05-31,712,N20,VIIRS,n,2,299.83,4.41,D,0
20.8133,81.31983,335.58,0.35,0.57,2026-05-31,712,N20,VIIRS,n,2,305.01,3.26,D,0
20.81562,81.15456,347.97,0.36,0.57,2026-05-31,712,N20,VIIRS,n,2,303.17,5.26,D,0
20.81593,81.89462,332.21,0.32,0.55,2026-05-31,712,N20,VIIRS,n,2,301.46,3.13,D,0
20.81634,81.15791,348.45,0.36,0.57,2026-05-31,712,N20,VIIRS,n,2,303.28,5.77,D,0
20.81655,81.89765,347.47,0.32,0.55,2026-05-31,712,N20,VIIRS,n,2,302.29,3.71,D,0
20.81717,81.90068,347.16,0.32,0.55,2026-05-31,712,N20,VIIRS,n,2,302.32,3.71,D,0
20.81723,81.89912,348.46,0.32,0.55,2026-05-31,712,N20,VIIRS,n,2,303.01,3.39,D,0
20.8181,81.24193,345.34,0.36,0.57,2026-05-31,712,N20,VIIRS,n,2,302.78,3.52,D,0
20.84683,81.89213,339.03,0.32,0.55,2026-05-31,712,N20,VIIRS,n,2,299.77,2.44,D,0
20.85587,81.44324,340.68,0.34,0.56,2026-05-31,712,N20,VIIRS,n,2,303.91,3.37,D,0
20.86169,81.78944,341.6,0.33,0.55,2026-05-31,712,N20,VIIRS,n,2,302,1.97,D,0
20.86504,81.95423,344.44,0.32,0.54,2026-05-31,712,N20,VIIRS,n,2,302.26,3.22,D,0
20.8654,82.16193,337.55,0.62,0.54,2026-05-31,712,N20,VIIRS,n,2,301.99,4.93,D,0
20.86727,82.15969,330.91,0.62,0.54,2026-05-31,712,N20,VIIRS,l,2,302.13,4.39,D,0
20.87944,81.04535,341.65,0.36,0.58,2026-05-31,712,N20,VIIRS,n,2,304.41,3.72,D,0
20.88458,84.98277,332.67,0.41,0.45,2026-05-31,712,N20,VIIRS,n,2,299.13,4.28,D,2
20.88508,84.98193,333.47,0.41,0.45,2026-05-31,712,N20,VIIRS,n,2,299.11,4.92,D,2
20.89351,81.05992,367,0.36,0.58,2026-05-31,712,N20,VIIRS,h,2,304.13,7.04,D,0
20.89425,81.06333,332.73,0.36,0.58,2026-05-31,712,N20,VIIRS,n,2,302.78,7.04,D,0
20.8987,81.05867,351.42,0.36,0.58,2026-05-31,712,N20,VIIRS,n,2,301.77,4.7,D,0
20.90797,81.53853,332.23,0.34,0.56,2026-05-31,712,N20,VIIRS,l,2,302.47,2.16,D,0
20.91987,81.84224,334.04,0.32,0.55,2026-05-31,712,N20,VIIRS,n,2,304.02,4.75,D,0
20.93436,81.58871,343.53,0.34,0.56,2026-05-31,712,N20,VIIRS,n,2,302.79,2.24,D,0
20.9501,85.06104,332.45,0.41,0.45,2026-05-31,712,N20,VIIRS,n,2,301.23,1.46,D,0
20.95013,79.97538,332.91,0.43,0.62,2026-05-31,712,N20,VIIRS,n,2,300.71,1.93,D,0
20.95356,85.01216,331.99,0.41,0.45,2026-05-31,712,N20,VIIRS,l,2,302.45,4.05,D,2
20.95761,85.01128,333.28,0.41,0.45,2026-05-31,712,N20,VIIRS,n,2,302.16,4.63,D,2
20.9614,79.90224,335.13,0.43,0.62,2026-05-31,712,N20,VIIRS,n,2,301.47,1.68,D,0
20.96162,85.18913,343.67,0.4,0.44,2026-05-31,712,N20,VIIRS,n,2,302.41,4.29,D,2
20.96209,85.16945,334.82,0.4,0.44,2026-05-31,712,N20,VIIRS,n,2,302.24,2.61,D,2
20.96231,85.19282,331.23,0.4,0.44,2026-05-31,712,N20,VIIRS,l,2,302.41,4.29,D,2
20.9628,85.17323,335.66,0.4,0.44,2026-05-31,712,N20,VIIRS,n,2,301.44,4.45,D,2
20.96511,81.08906,341.81,0.36,0.57,2026-05-31,712,N20,VIIRS,n,2,304.04,3.38,D,0
20.96539,85.16477,331.8,0.4,0.44,2026-05-31,712,N20,VIIRS,n,2,300.55,2.61,D,2
20.96611,85.16856,332.09,0.4,0.44,2026-05-31,712,N20,VIIRS,n,2,301.39,2.61,D,2
20.96682,85.17236,334.47,0.4,0.44,2026-05-31,712,N20,VIIRS,n,2,301.39,4.45,D,2
20.96753,85.17615,351.3,0.4,0.44,2026-05-31,712,N20,VIIRS,n,2,302.15,4.45,D,2
20.96798,85.15629,337.02,0.4,0.44,2026-05-31,712,N20,VIIRS,n,2,300.97,3.27,D,2
20.96824,85.17993,340.89,0.4,0.44,2026-05-31,712,N20,VIIRS,n,2,299.69,6.36,D,2
20.972,85.15541,347.29,0.4,0.44,2026-05-31,712,N20,VIIRS,n,2,301.91,3.27,D,0
20.97225,85.17907,331.82,0.4,0.44,2026-05-31,712,N20,VIIRS,n,2,298.41,1.49,D,2
20.98052,85.13384,330.07,0.4,0.44,2026-05-31,712,N20,VIIRS,l,2,301.1,4.11,D,2
20.98362,81.62317,334.31,0.33,0.56,2026-05-31,712,N20,VIIRS,n,2,302.84,0.97,D,0
20.99168,81.00757,333.98,0.36,0.58,2026-05-31,712,N20,VIIRS,n,2,302.46,1.24,D,0
20.99284,81.34814,348.23,0.35,0.56,2026-05-31,712,N20,VIIRS,n,2,304.73,4.16,D,0
20.99353,81.35139,344.56,0.35,0.56,2026-05-31,712,N20,VIIRS,n,2,304.35,5.01,D,0
20.99912,81.99825,336.14,0.63,0.54,2026-05-31,712,N20,VIIRS,n,2,302.42,3.15,D,0
21.0253,78.63744,333.44,0.52,0.67,2026-05-31,712,N20,VIIRS,n,2,296.65,4.66,D,0
21.03386,80.54478,336.27,0.39,0.59,2026-05-31,712,N20,VIIRS,n,2,304.13,3.97,D,0
21.04277,82.20855,331.77,0.61,0.53,2026-05-31,712,N20,VIIRS,n,2,300.99,4.39,D,0
21.04494,81.02677,332.75,0.36,0.58,2026-05-31,712,N20,VIIRS,l,2,303.04,3.78,D,0
21.05137,84.90675,331.76,0.41,0.45,2026-05-31,712,N20,VIIRS,n,2,301.21,1.95,D,0
21.05482,82.21798,332.87,0.61,0.53,2026-05-31,712,N20,VIIRS,n,2,299,3.37,D,0
21.06767,81.05699,367,0.36,0.57,2026-05-31,712,N20,VIIRS,h,2,302.48,6.22,D,0
21.07049,82.19591,333.77,0.61,0.53,2026-05-31,712,N20,VIIRS,n,2,300.56,5.75,D,0
21.07243,81.62691,333.74,0.33,0.55,2026-05-31,712,N20,VIIRS,l,2,304.65,1.83,D,0
21.07596,85.0381,332.9,0.41,0.45,2026-05-31,712,N20,VIIRS,n,2,298.49,6.8,D,2
21.07729,81.15379,367,0.36,0.57,2026-05-31,712,N20,VIIRS,h,2,304.21,9.95,D,0
21.11885,81.30013,342.24,0.35,0.57,2026-05-31,712,N20,VIIRS,n,2,304.69,2.69,D,0
21.1242,81.24078,334.68,0.35,0.57,2026-05-31,712,N20,VIIRS,n,2,304.06,1.7,D,0
21.12756,81.23929,333.36,0.35,0.57,2026-05-31,712,N20,VIIRS,l,2,304.29,2.92,D,0
21.15332,78.69115,331.95,0.51,0.66,2026-05-31,712,N20,VIIRS,n,2,297.94,4.26,D,0
21.15442,78.69594,348.54,0.51,0.66,2026-05-31,712,N20,VIIRS,n,2,298.3,5.86,D,0
21.16858,82.04308,334.35,0.62,0.54,2026-05-31,712,N20,VIIRS,l,2,305.1,6.89,D,0
21.17072,82.0415,334.73,0.62,0.54,2026-05-31,712,N20,VIIRS,n,2,304.38,8.21,D,0
21.18434,82.04545,354.69,0.62,0.54,2026-05-31,712,N20,VIIRS,n,2,304.02,13.34,D,0
21.18651,82.04388,348.28,0.62,0.54,2026-05-31,712,N20,VIIRS,n,2,304.69,16.84,D,0
21.22784,82.23521,331.74,0.6,0.53,2026-05-31,712,N20,VIIRS,n,2,300.46,4.88,D,0
21.23013,82.22742,332.66,0.6,0.53,2026-05-31,712,N20,VIIRS,n,2,300.33,4.43,D,0
21.23134,82.23322,331.59,0.6,0.53,2026-05-31,712,N20,VIIRS,n,2,299.8,4.43,D,0
21.23148,82.22831,337.12,0.6,0.53,2026-05-31,712,N20,VIIRS,n,2,300.88,7.79,D,0
21.23492,82.2263,332.47,0.6,0.53,2026-05-31,712,N20,VIIRS,n,2,300.3,6.49,D,0
21.28566,79.24329,338.84,0.47,0.64,2026-05-31,712,N20,VIIRS,n,2,303.28,5.5,D,0
21.29753,81.60867,334.55,0.33,0.55,2026-05-31,712,N20,VIIRS,l,2,305.99,4.39,D,2
21.30097,82.09255,354.59,0.61,0.54,2026-05-31,712,N20,VIIRS,n,2,301.85,20.18,D,0
21.30263,82.08952,342.11,0.61,0.54,2026-05-31,712,N20,VIIRS,n,2,302.3,11.28,D,0
21.30381,82.09531,344.46,0.61,0.54,2026-05-31,712,N20,VIIRS,n,2,301.11,11.28,D,0
21.3189,81.6611,339.96,0.33,0.55,2026-05-31,712,N20,VIIRS,n,2,304.8,4.24,D,0
21.31894,81.66175,342.33,0.33,0.55,2026-05-31,712,N20,VIIRS,n,2,305.42,5.43,D,0
21.32121,79.2666,337.9,0.46,0.64,2026-05-31,712,N20,VIIRS,n,2,304.89,6.23,D,0
21.33643,78.64761,331.72,0.51,0.66,2026-05-31,712,N20,VIIRS,n,2,296.6,1.74,D,0
21.3383,82.14997,349.21,0.61,0.53,2026-05-31,712,N20,VIIRS,n,2,300.5,10.52,D,0
21.35991,82.15685,342.74,0.61,0.53,2026-05-31,712,N20,VIIRS,n,2,302.32,6.7,D,0
21.36109,82.16254,339,0.6,0.53,2026-05-31,712,N20,VIIRS,n,2,300.54,5.03,D,0
21.38462,79.65675,339.27,0.44,0.62,2026-05-31,712,N20,VIIRS,n,2,298.27,2.68,D,0
21.42314,79.34249,342.02,0.46,0.63,2026-05-31,712,N20,VIIRS,n,2,300.65,3.84,D,0
21.46153,81.62218,332.65,0.33,0.55,2026-05-31,712,N20,VIIRS,l,2,302.95,0.85,D,0
21.47168,81.64558,351.22,0.32,0.55,2026-05-31,712,N20,VIIRS,n,2,306.38,6.21,D,0
21.47489,81.6608,336.55,0.32,0.55,2026-05-31,712,N20,VIIRS,n,2,304.94,2.96,D,0
21.50279,81.67014,340.17,0.32,0.55,2026-05-31,712,N20,VIIRS,n,2,306.11,3.56,D,0
21.53636,81.80656,337.67,0.63,0.54,2026-05-31,712,N20,VIIRS,n,2,305.43,6.47,D,0
21.54819,81.76434,335.95,0.32,0.54,2026-05-31,712,N20,VIIRS,n,2,303.95,7.06,D,0
21.59465,81.44142,346.62,0.33,0.55,2026-05-31,712,N20,VIIRS,n,2,303.67,3.89,D,0
21.596,81.44243,350.92,0.33,0.55,2026-05-31,712,N20,VIIRS,n,2,303.72,4.91,D,0
21.59716,81.67233,353.77,0.32,0.55,2026-05-31,712,N20,VIIRS,n,2,305.84,9.25,D,0
21.6035,81.60354,342.61,0.32,0.55,2026-05-31,712,N20,VIIRS,n,2,305.17,3.86,D,0
21.60414,81.60661,344.14,0.32,0.55,2026-05-31,712,N20,VIIRS,n,2,305.87,3.86,D,0
21.61211,81.59501,346.87,0.33,0.55,2026-05-31,712,N20,VIIRS,n,2,304.46,4.98,D,0
21.62802,81.49905,367,0.33,0.55,2026-05-31,712,N20,VIIRS,h,2,305.05,12.27,D,0
21.62869,81.50215,354.08,0.33,0.55,2026-05-31,712,N20,VIIRS,n,2,307.81,12.27,D,0
21.62935,81.50526,367,0.33,0.55,2026-05-31,712,N20,VIIRS,h,2,304.56,8.45,D,0
21.63001,81.50834,341.83,0.33,0.55,2026-05-31,712,N20,VIIRS,n,2,302.32,8.45,D,0
21.63367,81.50097,355.08,0.33,0.55,2026-05-31,712,N20,VIIRS,n,2,303.79,12.27,D,0
21.63433,81.50406,352.38,0.33,0.55,2026-05-31,712,N20,VIIRS,n,2,302.95,8.45,D,0
21.64815,81.56879,339.58,0.33,0.55,2026-05-31,712,N20,VIIRS,n,2,304.83,6.12,D,0
21.65599,81.60561,344.68,0.32,0.55,2026-05-31,712,N20,VIIRS,n,2,304,5.15,D,0
21.67809,84.04076,335.45,0.45,0.47,2026-05-31,712,N20,VIIRS,n,2,304.8,5.53,D,2
21.74062,83.84473,335.27,0.47,0.47,2026-05-31,712,N20,VIIRS,n,2,304.51,3.76,D,0
21.76267,82.77728,345.23,0.54,0.51,2026-05-31,712,N20,VIIRS,n,2,305.02,5.41,D,0
21.76356,81.7492,367,0.63,0.54,2026-05-31,712,N20,VIIRS,h,2,302.69,16.36,D,0
21.76393,82.77889,340.42,0.54,0.51,2026-05-31,712,N20,VIIRS,n,2,304.52,3.65,D,0
21.76469,81.74649,344.44,0.63,0.54,2026-05-31,712,N20,VIIRS,n,2,301.94,17.17,D,0
21.76726,82.77621,346.81,0.54,0.51,2026-05-31,712,N20,VIIRS,n,2,305.31,7.37,D,0
21.76851,82.77783,339.56,0.54,0.51,2026-05-31,712,N20,VIIRS,n,2,304.53,3.65,D,0
21.78059,83.83308,346.47,0.47,0.47,2026-05-31,712,N20,VIIRS,n,2,305.09,6.68,D,2
21.79438,82.79141,343.9,0.54,0.51,2026-05-31,712,N20,VIIRS,n,2,306.01,3.72,D,0
21.79896,82.79037,335.18,0.54,0.51,2026-05-31,712,N20,VIIRS,l,2,307.34,2.42,D,0
21.8054,82.7513,338.58,0.54,0.51,2026-05-31,712,N20,VIIRS,l,2,308.9,7.91,D,0
21.80998,82.75023,338.83,0.54,0.51,2026-05-31,712,N20,VIIRS,n,2,306.56,4.79,D,0
21.81103,82.75539,339.18,0.54,0.51,2026-05-31,712,N20,VIIRS,n,2,307.28,4.79,D,0
21.88031,82.74764,355.34,0.54,0.51,2026-05-31,712,N20,VIIRS,n,2,306.28,32.39,D,0
21.88087,82.7446,344.19,0.54,0.51,2026-05-31,712,N20,VIIRS,n,2,306.36,17.53,D,0
21.8819,82.74975,343.63,0.54,0.51,2026-05-31,712,N20,VIIRS,n,2,305.66,17.53,D,0
21.92109,83.34789,331.86,0.5,0.49,2026-05-31,712,N20,VIIRS,l,2,306.45,6.89,D,2
21.92203,83.35259,334.32,0.5,0.49,2026-05-31,712,N20,VIIRS,l,2,305.73,3.97,D,2
21.95506,83.80031,335.9,0.47,0.47,2026-05-31,712,N20,VIIRS,l,2,307.7,4.05,D,0
22.0361,83.35357,334.85,0.49,0.49,2026-05-31,712,N20,VIIRS,n,2,305.31,5.7,D,2
22.03796,83.73285,332.2,0.47,0.48,2026-05-31,712,N20,VIIRS,l,2,306.5,3.47,D,2
22.03882,83.73727,334.33,0.47,0.48,2026-05-31,712,N20,VIIRS,l,2,308.21,5.4,D,2
22.05341,83.71998,336.69,0.47,0.48,2026-05-31,712,N20,VIIRS,n,2,306.08,7.28,D,0
22.57192,85.89661,336.19,0.52,0.41,2026-05-31,712,N20,VIIRS,n,2,300.69,5.25,D,2
22.89872,91.78236,343.3,0.4,0.37,2026-05-31,712,N20,VIIRS,n,2,296.51,9.84,D,0
23.35179,91.60387,332.96,0.4,0.37,2026-05-31,712,N20,VIIRS,n,2,293.67,3.16,D,0
23.91331,91.52229,344.81,0.4,0.37,2026-05-31,712,N20,VIIRS,n,2,294.57,6.64,D,0
21.93142,78.46886,332.14,0.51,0.66,2026-05-31,713,N20,VIIRS,n,2,297.96,6.59,D,0
22.1238,79.51676,355.85,0.43,0.62,2026-05-31,713,N20,VIIRS,n,2,303.59,9.1,D,0
22.12472,79.52083,367,0.43,0.62,2026-05-31,713,N20,VIIRS,h,2,298.77,9.1,D,0
22.16841,78.6976,334.37,0.48,0.65,2026-05-31,713,N20,VIIRS,n,2,300.25,4.01,D,0
22.36367,79.92233,336.11,0.4,0.6,2026-05-31,713,N20,VIIRS,n,2,299.64,1.88,D,0
22.36458,79.9221,339.04,0.4,0.6,2026-05-31,713,N20,VIIRS,n,2,299.78,2.13,D,0
22.40143,80.17236,336.44,0.39,0.59,2026-05-31,713,N20,VIIRS,n,2,299.15,3.1,D,0
22.44728,80.1645,337.67,0.39,0.59,2026-05-31,713,N20,VIIRS,n,2,299.92,3.12,D,0
22.64634,78.33313,331.45,0.5,0.66,2026-05-31,713,N20,VIIRS,n,2,296.52,5.05,D,0
22.8371,76.87671,337.18,0.61,0.71,2026-05-31,713,N20,VIIRS,n,2,298.91,4.32,D,0
22.83875,76.87844,333.27,0.61,0.71,2026-05-31,713,N20,VIIRS,n,2,298.87,3.56,D,0
22.84343,76.87489,333.6,0.61,0.71,2026-05-31,713,N20,VIIRS,n,2,298.74,4.14,D,0
22.85155,76.87544,330.92,0.61,0.71,2026-05-31,713,N20,VIIRS,n,2,298.97,1.99,D,0
23.06502,83.04988,342.79,0.49,0.49,2026-05-31,713,N20,VIIRS,n,2,310.31,6.64,D,0
23.16359,82.3428,335.19,0.54,0.51,2026-05-31,713,N20,VIIRS,l,2,308.19,4.07,D,2
23.2234,76.58543,330.34,0.62,0.72,2026-05-31,713,N20,VIIRS,n,2,299.16,2.13,D,0
23.37503,78.18961,331.41,0.49,0.65,2026-05-31,713,N20,VIIRS,n,2,297.88,2.05,D,0
23.50082,83.17344,330.23,0.48,0.48,2026-05-31,713,N20,VIIRS,l,2,304.95,7.94,D,0
23.50142,78.78766,336.34,0.45,0.63,2026-05-31,713,N20,VIIRS,n,2,295.14,3.94,D,0
23.55939,87.23901,333.51,0.44,0.38,2026-05-31,713,N20,VIIRS,n,2,293.95,3.27,D,2
23.60531,80.34825,335.29,0.35,0.57,2026-05-31,713,N20,VIIRS,n,2,293.74,2.9,D,0
23.62248,79.19031,333.49,0.42,0.61,2026-05-31,713,N20,VIIRS,n,2,297.83,3.06,D,0
23.6483,85.44096,339.23,0.53,0.42,2026-05-31,713,N20,VIIRS,n,2,301.27,5.98,D,2
23.6688,78.32932,342.97,0.47,0.64,2026-05-31,713,N20,VIIRS,n,2,300.13,4.29,D,0
23.67797,86.39814,337.61,0.47,0.4,2026-05-31,713,N20,VIIRS,l,2,304.13,4.17,D,2
23.68158,86.39742,330.48,0.47,0.4,2026-05-31,713,N20,VIIRS,l,2,299.94,4.17,D,2
23.68436,86.39208,331.15,0.47,0.4,2026-05-31,713,N20,VIIRS,l,2,300.42,6.43,D,2
23.6869,86.08931,334.66,0.49,0.4,2026-05-31,713,N20,VIIRS,n,2,296.77,6.36,D,2
23.71367,86.45206,330.83,0.47,0.4,2026-05-31,713,N20,VIIRS,l,2,297.45,8.02,D,2
23.73641,86.43324,340.72,0.47,0.4,2026-05-31,713,N20,VIIRS,l,2,299.12,9.14,D,2
23.7612,86.40459,334.42,0.47,0.4,2026-05-31,713,N20,VIIRS,l,2,298.78,5.51,D,2
23.76479,86.40382,336.95,0.47,0.4,2026-05-31,713,N20,VIIRS,l,2,298.5,5.51,D,2
23.76559,86.40841,330.36,0.47,0.4,2026-05-31,713,N20,VIIRS,l,2,297.13,4.45,D,2
23.76618,86.40475,341.33,0.47,0.4,2026-05-31,713,N20,VIIRS,n,2,298.2,9.69,D,2
23.76839,86.40307,330.16,0.47,0.4,2026-05-31,713,N20,VIIRS,l,2,297.08,6.17,D,2
23.77404,86.36533,340.85,0.47,0.4,2026-05-31,713,N20,VIIRS,n,2,299.8,7.2,D,2
23.77813,86.38816,335.48,0.47,0.4,2026-05-31,713,N20,VIIRS,l,2,299.63,5.4,D,2
23.77894,86.3927,339.4,0.47,0.4,2026-05-31,713,N20,VIIRS,l,2,299.8,5.4,D,2
23.78027,86.21155,333.67,0.48,0.4,2026-05-31,713,N20,VIIRS,n,2,301.32,7.34,D,2
23.78237,85.57645,330.34,0.51,0.41,2026-05-31,713,N20,VIIRS,l,2,303.98,7.38,D,0
23.79484,86.35629,331.91,0.47,0.4,2026-05-31,713,N20,VIIRS,l,2,297.32,3.64,D,0
23.79763,86.35095,336.16,0.47,0.4,2026-05-31,713,N20,VIIRS,n,2,299.98,8.5,D,2
23.80159,86.33121,333.32,0.47,0.4,2026-05-31,713,N20,VIIRS,l,2,301.11,5.75,D,2
23.8052,86.33046,331.28,0.47,0.4,2026-05-31,713,N20,VIIRS,l,2,300.83,5.68,D,2
23.8215,77.89319,334.29,0.5,0.66,2026-05-31,713,N20,VIIRS,n,2,301.3,3.55,D,0
23.82285,85.49832,330.49,0.52,0.41,2026-05-31,713,N20,VIIRS,l,2,304.06,4.45,D,2
23.86154,80.02024,338.43,0.37,0.58,2026-05-31,713,N20,VIIRS,n,2,297.11,4.78,D,0
23.90332,78.05525,338.17,0.49,0.65,2026-05-31,713,N20,VIIRS,n,2,299.66,2.38,D,0
23.92193,75.91237,331.72,0.66,0.73,2026-05-31,713,N20,VIIRS,n,2,292.74,3.65,D,0
23.97448,82.82848,334.59,0.49,0.48,2026-05-31,713,N20,VIIRS,l,2,308.91,5.08,D,0
23.99141,82.89056,335.59,0.48,0.48,2026-05-31,713,N20,VIIRS,l,2,309.38,3.63,D,0
24.10974,80.89095,331.96,0.32,0.55,2026-05-31,713,N20,VIIRS,n,2,297.28,3.54,D,0
24.11016,80.88938,336.59,0.32,0.55,2026-05-31,713,N20,VIIRS,n,2,297.49,2.44,D,0
24.16204,82.63124,335.77,0.5,0.49,2026-05-31,713,N20,VIIRS,l,2,309.46,3.92,D,0
24.27753,82.61533,333.9,0.5,0.49,2026-05-31,713,N20,VIIRS,l,2,305.69,3.81,D,0
24.55579,82.54263,332.76,0.5,0.49,2026-05-31,713,N20,VIIRS,l,2,303.83,3,D,0
24.55969,82.54426,338.32,0.5,0.49,2026-05-31,713,N20,VIIRS,n,2,303.63,4.41,D,0
24.65641,81.21885,333.81,0.59,0.53,2026-05-31,713,N20,VIIRS,n,2,300.68,5.92,D,0
24.66881,78.0513,342.67,0.47,0.64,2026-05-31,713,N20,VIIRS,n,2,305.7,7.48,D,0
24.66892,78.05142,342.4,0.47,0.64,2026-05-31,713,N20,VIIRS,n,2,305.59,9.82,D,0
24.77495,84.50838,330.38,0.57,0.43,2026-05-31,713,N20,VIIRS,l,2,302.83,3.36,D,0
24.79802,78.2116,335.46,0.45,0.63,2026-05-31,713,N20,VIIRS,n,2,303.14,4.77,D,0
24.84443,81.00294,336.4,0.61,0.53,2026-05-31,713,N20,VIIRS,n,2,298.37,10.47,D,0
24.84924,81.00175,333.54,0.61,0.53,2026-05-31,713,N20,VIIRS,n,2,297.22,5.21,D,0
24.92878,78.27684,330.67,0.45,0.63,2026-05-31,713,N20,VIIRS,n,2,300.01,3.46,D,0
24.93025,78.27388,340.8,0.45,0.63,2026-05-31,713,N20,VIIRS,n,2,300.93,3.49,D,0
24.93532,79.40733,332.82,0.38,0.59,2026-05-31,713,N20,VIIRS,n,2,300.79,3.04,D,0
25.01399,82.03094,331.48,0.52,0.5,2026-05-31,713,N20,VIIRS,l,2,303.77,5.19,D,0
25.01503,79.44588,340.29,0.38,0.58,2026-05-31,713,N20,VIIRS,n,2,298.83,2.86,D,0
25.04192,79.87997,341.61,0.35,0.57,2026-05-31,713,N20,VIIRS,n,2,299.12,3.58,D,0
25.04197,79.29442,338.67,0.38,0.59,2026-05-31,713,N20,VIIRS,n,2,301.02,3.13,D,0
25.0485,79.66418,337.53,0.36,0.58,2026-05-31,713,N20,VIIRS,n,2,295.7,3.26,D,0
25.08738,79.91422,337.34,0.35,0.57,2026-05-31,713,N20,VIIRS,n,2,298.71,2.88,D,0
25.08813,79.91761,331.18,0.35,0.57,2026-05-31,713,N20,VIIRS,n,2,296.83,1.61,D,0
25.08978,81.91286,333.57,0.53,0.5,2026-05-31,713,N20,VIIRS,l,2,304.01,3.2,D,0
25.09585,79.36892,331.11,0.38,0.59,2026-05-31,713,N20,VIIRS,n,2,299.68,1.13,D,0
25.34329,91.21681,334.47,0.4,0.37,2026-05-31,713,N20,VIIRS,n,2,299.93,3.8,D,0
25.3594,90.61925,331.35,0.39,0.36,2026-05-31,713,N20,VIIRS,n,2,296.97,0.95,D,0
25.48453,91.01201,340.47,0.4,0.37,2026-05-31,713,N20,VIIRS,n,2,294.7,5.96,D,0
25.48648,91.01181,343.83,0.4,0.37,2026-05-31,713,N20,VIIRS,n,2,296.17,6.75,D,0
25.60384,82.30746,336.8,0.49,0.48,2026-05-31,713,N20,VIIRS,n,2,300.15,3.27,D,0
25.60671,92.80878,334.69,0.46,0.39,2026-05-31,713,N20,VIIRS,n,2,294.54,3.48,D,0
25.65936,87.39931,346.18,0.41,0.37,2026-05-31,713,N20,VIIRS,l,2,297.32,10.88,D,0
25.66207,87.39456,356.6,0.41,0.37,2026-05-31,713,N20,VIIRS,l,2,297.9,30.6,D,0
25.66343,87.40268,356.6,0.41,0.37,2026-05-31,713,N20,VIIRS,l,2,298.24,32.01,D,0
25.70426,83.09511,336.49,0.44,0.46,2026-05-31,713,N20,VIIRS,n,2,301.61,4.07,D,0
25.95481,83.33768,338.54,0.42,0.45,2026-05-31,713,N20,VIIRS,n,2,305.76,4.21,D,0
26.04656,87.29357,334.49,0.41,0.37,2026-05-31,713,N20,VIIRS,l,2,298.45,6.51,D,0
26.12654,87.32784,334.14,0.41,0.37,2026-05-31,713,N20,VIIRS,l,2,300.57,4.35,D,0
27.08326,88.42861,337.46,0.39,0.36,2026-05-31,713,N20,VIIRS,n,2,300.33,5.13,D,0
25.54135,78.65118,338.29,0.41,0.61,2026-05-31,714,N20,VIIRS,n,2,300.34,5.29,D,0
25.55164,78.42633,338.26,0.42,0.61,2026-05-31,714,N20,VIIRS,n,2,301.34,1.63,D,0
25.55763,79.46361,330.71,0.37,0.58,2026-05-31,714,N20,VIIRS,n,2,300.1,2.06,D,0
25.55763,79.46503,330.91,0.37,0.58,2026-05-31,714,N20,VIIRS,n,2,300.01,1.8,D,0
25.58724,78.40333,336.14,0.42,0.61,2026-05-31,714,N20,VIIRS,n,2,299.54,1.51,D,0
25.64456,78.17983,334.89,0.44,0.62,2026-05-31,714,N20,VIIRS,n,2,301.14,3.66,D,0
25.67301,79.56335,332.68,0.36,0.57,2026-05-31,714,N20,VIIRS,n,2,300.25,3.32,D,0
25.70058,78.3676,332.84,0.42,0.61,2026-05-31,714,N20,VIIRS,n,2,300.41,1.95,D,0
25.87286,78.01495,336.13,0.44,0.62,2026-05-31,714,N20,VIIRS,n,2,298.07,2.14,D,0
25.8753,78.01524,332.77,0.44,0.62,2026-05-31,714,N20,VIIRS,n,2,298.15,3.34,D,0
25.91869,80.1081,336.93,0.33,0.55,2026-05-31,714,N20,VIIRS,n,2,299.4,2.67,D,0
25.91933,80.10913,332.4,0.33,0.55,2026-05-31,714,N20,VIIRS,n,2,299.69,2.09,D,0
26.59321,79.94077,335.79,0.32,0.55,2026-05-31,714,N20,VIIRS,n,2,299.39,3.52,D,0
26.8618,82.50427,338.88,0.45,0.47,2026-05-31,714,N20,VIIRS,n,2,298.6,2.3,D,0
26.86248,82.50268,341.21,0.45,0.47,2026-05-31,714,N20,VIIRS,n,2,298.04,2.81,D,0
27.13765,87.08327,334.17,0.41,0.37,2026-05-31,714,N20,VIIRS,n,2,302.7,5.03,D,0
27.29565,81.43256,336.78,0.51,0.49,2026-05-31,714,N20,VIIRS,n,2,297.87,5,D,0
27.29672,81.43757,330.28,0.51,0.49,2026-05-31,714,N20,VIIRS,n,2,299.46,5,D,0
27.29885,81.43446,342.23,0.51,0.49,2026-05-31,714,N20,VIIRS,n,2,297.43,6.72,D,0
28.25381,94.92292,340.62,0.42,0.45,2026-05-31,714,N20,VIIRS,n,2,290.35,6.96,D,0
29.8822,74.08157,346.46,0.61,0.71,2026-05-31,715,N20,VIIRS,n,2,292.68,5.82,D,0
30.80927,73.37051,330.06,0.63,0.72,2026-05-31,715,N20,VIIRS,n,2,287.17,3.2,D,0
31.05065,74.56702,334.61,0.53,0.67,2026-05-31,715,N20,VIIRS,n,2,293.92,4.87,D,0
31.05086,74.56571,330.02,0.53,0.67,2026-05-31,715,N20,VIIRS,n,2,293.89,5.02,D,0
31.5616,75.36389,334.64,0.46,0.64,2026-05-31,715,N20,VIIRS,n,2,294.57,3.61,D,0
31.73155,74.04024,367,0.55,0.68,2026-05-31,716,N20,VIIRS,h,2,296.08,13.14,D,0
31.85136,74.11858,331.24,0.54,0.68,2026-05-31,716,N20,VIIRS,n,2,295.01,2.42,D,0
31.86352,74.60606,330.22,0.5,0.66,2026-05-31,716,N20,VIIRS,n,2,293.73,4.36,D,0
31.8652,74.60288,336.61,0.5,0.66,2026-05-31,716,N20,VIIRS,n,2,293.81,4.52,D,0
31.86658,74.60799,331.78,0.5,0.66,2026-05-31,716,N20,VIIRS,n,2,293.67,4.52,D,0
32.04081,74.55706,331.76,0.5,0.66,2026-05-31,716,N20,VIIRS,n,2,289.84,6.17,D,0
32.24715,74.75729,330.49,0.48,0.65,2026-05-31,716,N20,VIIRS,n,2,295.86,2.58,D,0
36.77651,95.22678,333.75,0.54,0.51,2026-05-31,716,N20,VIIRS,l,2,307.85,3.38,D,0
9.187,78.23427,338.98,0.43,0.62,2026-05-31,849,N20,VIIRS,n,2,294.99,4.12,D,0
9.38952,78.71541,332.16,0.47,0.64,2026-05-31,850,N20,VIIRS,n,2,294.65,3.99,D,0
10.01881,78.69669,342.5,0.48,0.64,2026-05-31,850,N20,VIIRS,n,2,288.26,6.85,D,0
12.64187,79.74338,337.48,0.61,0.71,2026-05-31,850,N20,VIIRS,n,2,289.82,3.76,D,0
12.64813,79.74422,344.49,0.61,0.71,2026-05-31,850,N20,VIIRS,n,2,290.25,5.35,D,0
12.70142,79.68725,367,0.6,0.71,2026-05-31,850,N20,VIIRS,h,2,291.17,12.18,D,0
13.21725,79.89294,330.72,0.63,0.72,2026-05-31,851,N20,VIIRS,n,2,291.56,4.66,D,0
13.42989,79.78712,333.27,0.63,0.72,2026-05-31,851,N20,VIIRS,n,2,290.23,3.37,D,0
14.07549,79.99001,330.36,0.66,0.73,2026-05-31,851,N20,VIIRS,n,2,290.12,7.53,D,0
14.07612,79.99622,337.87,0.66,0.73,2026-05-31,851,N20,VIIRS,n,2,290.1,7.8,D,0
14.4472,75.24231,342.63,0.32,0.54,2026-05-31,851,N20,VIIRS,n,2,295.76,3.84,D,0
14.44764,75.24386,367,0.32,0.54,2026-05-31,851,N20,VIIRS,h,2,294.37,5.82,D,0
14.86216,77.08506,332.15,0.43,0.62,2026-05-31,851,N20,VIIRS,n,2,296.44,1.69,D,0
14.99102,77.16766,330.56,0.44,0.62,2026-05-31,851,N20,VIIRS,n,2,296.32,4.25,D,0
15.08118,77.1259,338.57,0.44,0.62,2026-05-31,851,N20,VIIRS,n,2,300.25,6.5,D,0
15.22484,76.03286,337.77,0.37,0.58,2026-05-31,851,N20,VIIRS,n,2,299.77,3.32,D,0
15.67253,75.41999,333.12,0.34,0.56,2026-05-31,851,N20,VIIRS,n,2,301.61,3.49,D,0
15.71711,73.84029,330.64,0.53,0.5,2026-05-31,851,N20,VIIRS,n,2,295.65,6.33,D,0
15.71773,73.84537,350.08,0.53,0.5,2026-05-31,851,N20,VIIRS,n,2,300.62,65.23,D,0
15.89874,75.34942,330.44,0.34,0.56,2026-05-31,851,N20,VIIRS,l,2,301.77,2.94,D,0
16.34949,77.37625,334.03,0.47,0.64,2026-05-31,851,N20,VIIRS,n,2,299.26,2.58,D,0
16.40826,78.25666,331.81,0.54,0.68,2026-05-31,851,N20,VIIRS,n,2,297.52,6.64,D,0
16.44837,78.21679,350.18,0.53,0.67,2026-05-31,851,N20,VIIRS,n,2,297.61,6.73,D,0
16.51652,79.60759,330.44,0.66,0.73,2026-05-31,851,N20,VIIRS,n,2,289.12,5.53,D,0
16.31221,73.44019,337.01,0.51,0.49,2026-05-31,852,N20,VIIRS,n,2,300.09,3.14,D,0
16.43475,75.70419,330.39,0.36,0.58,2026-05-31,852,N20,VIIRS,n,2,296.18,4.16,D,0
16.50244,78.20458,347.63,0.53,0.67,2026-05-31,852,N20,VIIRS,n,2,297.41,7.52,D,0
16.58075,75.39639,335.28,0.35,0.57,2026-05-31,852,N20,VIIRS,n,2,297.43,2.99,D,0
16.80323,75.81828,340.4,0.37,0.58,2026-05-31,852,N20,VIIRS,n,2,300.96,3.1,D,0
16.92047,76.07226,336.12,0.39,0.59,2026-05-31,852,N20,VIIRS,n,2,300.73,3.58,D,0
17.19605,75.04204,332.56,0.34,0.56,2026-05-31,852,N20,VIIRS,n,2,295.18,2.25,D,0
17.26943,74.75092,339.83,0.32,0.55,2026-05-31,852,N20,VIIRS,n,2,301.37,4.19,D,0
17.47939,79.51961,343.15,0.67,0.74,2026-05-31,852,N20,VIIRS,n,2,295.49,9.99,D,0
17.49304,74.61592,344.07,0.63,0.54,2026-05-31,852,N20,VIIRS,n,2,305.34,9.63,D,0
17.49306,74.61818,340.32,0.63,0.54,2026-05-31,852,N20,VIIRS,n,2,305,8.02,D,0
17.51925,79.58096,332.35,0.68,0.74,2026-05-31,852,N20,VIIRS,n,2,294.53,4.73,D,0
17.52777,73.23877,330.73,0.51,0.5,2026-05-31,852,N20,VIIRS,n,2,298.71,3.12,D,0
17.56748,79.64629,331.61,0.68,0.74,2026-05-31,852,N20,VIIRS,n,2,294.13,6.04,D,0
17.57647,79.83334,333.97,0.7,0.75,2026-05-31,852,N20,VIIRS,n,2,294.41,5.32,D,0
17.67571,75.51548,331.58,0.37,0.58,2026-05-31,852,N20,VIIRS,n,2,297.03,1.58,D,0
17.68989,73.50964,332.59,0.54,0.51,2026-05-31,852,N20,VIIRS,n,2,294.85,4.51,D,0
17.69314,78.06799,330.24,0.54,0.68,2026-05-31,852,N20,VIIRS,n,2,297.52,3.43,D,0
17.78569,73.29037,346.32,0.52,0.5,2026-05-31,852,N20,VIIRS,n,2,300.04,8.73,D,0
17.79753,79.65262,330.16,0.69,0.74,2026-05-31,852,N20,VIIRS,n,2,292.94,3.04,D,0
17.79789,79.65029,331.2,0.69,0.74,2026-05-31,852,N20,VIIRS,n,2,292.45,2.95,D,0
17.80651,74.64854,345.41,0.32,0.55,2026-05-31,852,N20,VIIRS,n,2,309.12,5.65,D,0
17.80674,74.64816,344.34,0.32,0.55,2026-05-31,852,N20,VIIRS,n,2,308.94,8.98,D,0
17.86343,79.53188,331.76,0.68,0.74,2026-05-31,852,N20,VIIRS,n,2,295.89,5.12,D,0
17.92425,80.33772,352.43,0.77,0.77,2026-05-31,852,N20,VIIRS,n,2,295.01,17.12,D,0
17.92753,80.33292,335.69,0.77,0.77,2026-05-31,852,N20,VIIRS,n,2,294.54,9.67,D,0
17.92817,80.34037,343.2,0.77,0.77,2026-05-31,852,N20,VIIRS,n,2,294.12,14.87,D,0
17.9314,80.33696,348.06,0.77,0.77,2026-05-31,852,N20,VIIRS,n,2,293.65,15.2,D,0
17.93468,80.33223,338.77,0.77,0.77,2026-05-31,852,N20,VIIRS,n,2,292.21,9.67,D,0
17.93757,78.97955,330.45,0.62,0.72,2026-05-31,852,N20,VIIRS,n,2,296.6,3.44,D,0
17.97593,73.40947,332.13,0.54,0.5,2026-05-31,852,N20,VIIRS,n,2,299.62,10.43,D,0
17.99956,76.46863,335.97,0.43,0.62,2026-05-31,852,N20,VIIRS,n,2,300.12,1.6,D,0
18.0027,76.46942,335.27,0.43,0.62,2026-05-31,852,N20,VIIRS,n,2,301.17,2.7,D,0
18.01693,73.31615,333.94,0.53,0.5,2026-05-31,852,N20,VIIRS,n,2,297.08,9.32,D,0
18.02285,74.80622,334.52,0.33,0.55,2026-05-31,852,N20,VIIRS,n,2,301.06,3.48,D,0
18.02321,74.80939,353.6,0.33,0.55,2026-05-31,852,N20,VIIRS,n,2,300.95,4.82,D,0
18.02643,74.80801,336.1,0.33,0.55,2026-05-31,852,N20,VIIRS,n,2,299.77,0.98,D,0
18.02802,78.40175,330.84,0.57,0.69,2026-05-31,852,N20,VIIRS,n,2,298.7,3.04,D,0
18.0354,77.31017,332.42,0.49,0.65,2026-05-31,852,N20,VIIRS,n,2,301.54,2.25,D,0
18.04469,80.23032,332.08,0.76,0.77,2026-05-31,852,N20,VIIRS,n,2,295.86,6.88,D,0
18.07571,79.41044,346.2,0.67,0.74,2026-05-31,852,N20,VIIRS,n,2,293.43,7.23,D,0
18.0777,79.40994,345.69,0.67,0.74,2026-05-31,852,N20,VIIRS,n,2,293.79,7.94,D,0
18.09511,79.93923,330.01,0.72,0.76,2026-05-31,852,N20,VIIRS,n,2,297.37,6.74,D,0
18.09546,78.63532,336.84,0.6,0.7,2026-05-31,852,N20,VIIRS,n,2,295.88,3.6,D,0
18.10371,79.56588,330.09,0.68,0.74,2026-05-31,852,N20,VIIRS,n,2,294,3.27,D,0
18.15063,79.77727,367,0.71,0.75,2026-05-31,852,N20,VIIRS,h,2,296.63,12.76,D,0
18.15759,79.77673,351.39,0.71,0.75,2026-05-31,852,N20,VIIRS,n,2,295.74,12.76,D,0
18.17503,79.8278,350.8,0.71,0.75,2026-05-31,852,N20,VIIRS,n,2,294.57,14,D,0
18.17618,79.82958,348.23,0.71,0.75,2026-05-31,852,N20,VIIRS,n,2,294.45,8.21,D,0
18.18546,75.71249,338.47,0.38,0.59,2026-05-31,852,N20,VIIRS,l,2,309.19,2.63,D,0
18.19407,79.5585,341.94,0.69,0.74,2026-05-31,852,N20,VIIRS,n,2,294.03,5.84,D,0
18.19459,79.55616,345.27,0.69,0.74,2026-05-31,852,N20,VIIRS,n,2,293.77,11.68,D,0
18.2019,79.88261,334.08,0.72,0.76,2026-05-31,852,N20,VIIRS,n,2,296.12,7.98,D,0
18.24446,75.75013,332.59,0.39,0.59,2026-05-31,852,N20,VIIRS,n,2,302.37,1.33,D,0
18.25002,79.96896,334.59,0.73,0.76,2026-05-31,852,N20,VIIRS,n,2,297.28,10.85,D,0
18.25061,79.97606,342.16,0.73,0.76,2026-05-31,852,N20,VIIRS,n,2,296.84,10.9,D,0
18.25707,79.96851,351.55,0.73,0.76,2026-05-31,852,N20,VIIRS,n,2,298.19,18.24,D,0
18.26658,76.06765,341.78,0.41,0.6,2026-05-31,852,N20,VIIRS,n,2,302.35,2.49,D,0
18.26741,76.06826,340.58,0.4,0.6,2026-05-31,852,N20,VIIRS,n,2,302.26,2.85,D,0
18.29127,78.83809,333.1,0.62,0.71,2026-05-31,852,N20,VIIRS,n,2,295.53,3.22,D,0
18.3745,79.46577,336.9,0.68,0.74,2026-05-31,852,N20,VIIRS,n,2,294.05,4.67,D,0
18.37539,79.46326,334.27,0.68,0.74,2026-05-31,852,N20,VIIRS,n,2,293.88,2.19,D,0
18.41867,79.4857,342.03,0.68,0.74,2026-05-31,852,N20,VIIRS,n,2,294.71,8.07,D,0
18.41979,75.47572,332.89,0.37,0.58,2026-05-31,852,N20,VIIRS,l,2,305.43,0.68,D,0
18.42189,75.47487,333.21,0.37,0.58,2026-05-31,852,N20,VIIRS,l,2,306.59,1.77,D,0
18.43826,77.62167,335.25,0.52,0.66,2026-05-31,852,N20,VIIRS,n,2,288.7,3.03,D,0
18.45985,79.38333,330.85,0.67,0.74,2026-05-31,852,N20,VIIRS,n,2,294.16,7.76,D,0
18.46494,79.38318,330.23,0.67,0.74,2026-05-31,852,N20,VIIRS,n,2,293.16,5.23,D,0
18.50617,79.12295,337,0.65,0.73,2026-05-31,852,N20,VIIRS,n,2,292.34,9.26,D,0
18.50677,74.45457,331.95,0.32,0.54,2026-05-31,852,N20,VIIRS,l,2,304.37,1.76,D,0
18.52207,79.63779,330.87,0.7,0.75,2026-05-31,852,N20,VIIRS,n,2,295.18,4.3,D,0
18.5222,79.63765,330.57,0.7,0.75,2026-05-31,852,N20,VIIRS,n,2,294.67,4.17,D,0
18.55499,75.13265,333.17,0.35,0.57,2026-05-31,852,N20,VIIRS,l,2,304.87,1.67,D,0
18.59629,79.27197,331.35,0.66,0.73,2026-05-31,852,N20,VIIRS,n,2,293.53,2.87,D,0
18.60065,79.26773,331.74,0.66,0.73,2026-05-31,852,N20,VIIRS,n,2,294.04,7.72,D,0
18.60123,79.27414,339.96,0.66,0.73,2026-05-31,852,N20,VIIRS,n,2,294.56,7.35,D,0
18.60254,79.26501,330.25,0.66,0.73,2026-05-31,852,N20,VIIRS,n,2,294.21,8.12,D,0
18.61093,79.53638,337.14,0.69,0.74,2026-05-31,852,N20,VIIRS,n,2,293.69,7.1,D,0
18.61115,79.53407,330.26,0.69,0.74,2026-05-31,852,N20,VIIRS,n,2,293.94,5.67,D,0
18.61204,79.29652,338.61,0.67,0.73,2026-05-31,852,N20,VIIRS,n,2,294.2,8,D,0
18.66248,74.94672,367,0.34,0.56,2026-05-31,852,N20,VIIRS,h,2,306.8,5.43,D,0
18.66284,74.95003,340.23,0.35,0.56,2026-05-31,852,N20,VIIRS,n,2,305.06,5.43,D,0
18.68307,73.03394,334.64,0.52,0.5,2026-05-31,852,N20,VIIRS,n,2,303.66,4.18,D,2
18.68696,73.03223,331.4,0.52,0.5,2026-05-31,852,N20,VIIRS,l,2,304.84,6.01,D,2
18.69332,73.04261,331.2,0.52,0.5,2026-05-31,852,N20,VIIRS,l,2,303.35,2.73,D,2
18.7252,75.42915,342.41,0.37,0.58,2026-05-31,852,N20,VIIRS,n,2,304.37,2.88,D,0
18.76863,78.67693,332.09,0.61,0.71,2026-05-31,852,N20,VIIRS,n,2,294.53,3.81,D,0
18.7916,75.40942,336.38,0.37,0.58,2026-05-31,852,N20,VIIRS,n,2,304.54,2.1,D,0
18.80868,79.82976,333.51,0.73,0.76,2026-05-31,852,N20,VIIRS,n,2,295.4,5.51,D,0
18.81153,74.83857,345.63,0.34,0.56,2026-05-31,852,N20,VIIRS,n,2,304.53,2.11,D,0
18.82075,78.96949,333.09,0.64,0.72,2026-05-31,852,N20,VIIRS,n,2,294.73,4.29,D,0
18.83131,79.33256,331.01,0.67,0.74,2026-05-31,852,N20,VIIRS,n,2,294.26,7.9,D,0
18.83731,79.24112,330.29,0.66,0.73,2026-05-31,852,N20,VIIRS,n,2,293.02,7.52,D,0
18.8513,78.05984,345.69,0.56,0.69,2026-05-31,852,N20,VIIRS,n,2,292.88,8.7,D,0
18.85331,79.07303,331.39,0.65,0.73,2026-05-31,852,N20,VIIRS,n,2,293.15,1.97,D,0
18.87307,79.10362,339.06,0.65,0.73,2026-05-31,852,N20,VIIRS,n,2,293.92,10.37,D,0
18.87609,79.10281,331.34,0.65,0.73,2026-05-31,852,N20,VIIRS,n,2,293.95,7.93,D,0
18.89271,76.7053,333.49,0.45,0.63,2026-05-31,852,N20,VIIRS,n,2,302.14,2.67,D,0
18.89272,78.44472,340.38,0.59,0.7,2026-05-31,852,N20,VIIRS,n,2,294.03,3.95,D,0
18.93091,78.06024,341.23,0.56,0.69,2026-05-31,852,N20,VIIRS,n,2,293.95,7.79,D,0
18.94586,78.92458,334.57,0.64,0.72,2026-05-31,852,N20,VIIRS,n,2,294.35,9.4,D,0
18.94839,78.92072,337.79,0.63,0.72,2026-05-31,852,N20,VIIRS,n,2,294.84,9.36,D,0
19.01532,73.71288,339.23,0.58,0.52,2026-05-31,852,N20,VIIRS,n,2,302,4.79,D,0
19.049,79.84628,334.08,0.73,0.76,2026-05-31,852,N20,VIIRS,n,2,294.22,11.35,D,0
19.05773,75.0055,333.33,0.35,0.57,2026-05-31,852,N20,VIIRS,n,2,301.21,1.95,D,0
19.09408,73.46049,334.65,0.56,0.51,2026-05-31,852,N20,VIIRS,n,2,302.67,8.21,D,0
19.16469,79.56924,333,0.7,0.75,2026-05-31,852,N20,VIIRS,n,2,293.95,1.94,D,0
19.19715,73.73423,336.46,0.58,0.52,2026-05-31,852,N20,VIIRS,n,2,301.48,4.5,D,0
19.19719,73.73002,330.9,0.58,0.52,2026-05-31,852,N20,VIIRS,n,2,300.46,4.78,D,0
19.56925,73.37014,338.2,0.56,0.51,2026-05-31,852,N20,VIIRS,n,2,306.94,17.61,D,0
19.84806,79.40478,334.24,0.7,0.75,2026-05-31,852,N20,VIIRS,n,2,291.48,8.79,D,0
19.84857,79.41136,344.34,0.7,0.75,2026-05-31,852,N20,VIIRS,n,2,291.15,8.79,D,0
19.84858,79.4101,341.42,0.7,0.75,2026-05-31,852,N20,VIIRS,n,2,291.69,13.56,D,0
19.84908,79.41799,332.3,0.7,0.75,2026-05-31,852,N20,VIIRS,n,2,290.13,6.59,D,0
19.84912,79.41671,346.52,0.7,0.75,2026-05-31,852,N20,VIIRS,n,2,291.06,9.15,D,0
19.36805,71.35449,342,0.41,0.45,2026-05-31,853,N20,VIIRS,n,2,297.31,17.73,D,3
19.57056,73.36811,338.33,0.56,0.51,2026-05-31,853,N20,VIIRS,n,2,306.16,10.99,D,0
19.66162,73.0912,337.01,0.54,0.51,2026-05-31,853,N20,VIIRS,n,2,301.64,5.42,D,0
19.88146,73.91473,332.24,0.61,0.54,2026-05-31,853,N20,VIIRS,l,2,302.49,4.3,D,0
19.90852,73.70699,332.51,0.59,0.53,2026-05-31,853,N20,VIIRS,l,2,304.44,4.18,D,0
19.95543,75.52777,343.01,0.39,0.59,2026-05-31,853,N20,VIIRS,n,2,302.01,2.27,D,0
19.96092,75.52724,367,0.39,0.59,2026-05-31,853,N20,VIIRS,h,2,303.45,9.05,D,0
19.96438,72.71539,330.37,0.51,0.49,2026-05-31,853,N20,VIIRS,n,2,300.14,3.26,D,0
20.37584,76.84864,330.05,0.48,0.65,2026-05-31,853,N20,VIIRS,n,2,298.77,1.27,D,0
20.4578,73.44999,331.59,0.58,0.52,2026-05-31,853,N20,VIIRS,n,2,298.35,3.64,D,0
20.52574,79.15252,333.49,0.68,0.74,2026-05-31,853,N20,VIIRS,n,2,293.87,3.42,D,0
20.53125,74.34506,335.43,0.33,0.55,2026-05-31,853,N20,VIIRS,n,2,304.43,4.1,D,0
20.587,75.65331,335.62,0.41,0.6,2026-05-31,853,N20,VIIRS,n,2,305.29,3.51,D,0
20.67753,75.94853,331.35,0.42,0.61,2026-05-31,853,N20,VIIRS,n,2,300.87,1.2,D,0
20.71011,75.83617,335.34,0.42,0.61,2026-05-31,853,N20,VIIRS,n,2,304.58,1.37,D,0
20.73746,76.58261,336.21,0.47,0.64,2026-05-31,853,N20,VIIRS,n,2,300.45,3.18,D,0
20.78234,77.90562,332.87,0.57,0.69,2026-05-31,853,N20,VIIRS,n,2,300.62,5.2,D,0
20.78281,77.91104,340.93,0.57,0.69,2026-05-31,853,N20,VIIRS,n,2,300.68,6.18,D,0
20.78405,77.90518,335.57,0.57,0.69,2026-05-31,853,N20,VIIRS,n,2,300.72,4.93,D,0
20.78449,77.91059,337.86,0.57,0.69,2026-05-31,853,N20,VIIRS,n,2,300.13,4.78,D,0
20.80303,73.69202,334.19,0.61,0.53,2026-05-31,853,N20,VIIRS,n,2,302.35,4.48,D,0
20.80602,73.6939,332.88,0.61,0.53,2026-05-31,853,N20,VIIRS,n,2,302.59,6.69,D,0
20.86417,74.04172,333.93,0.32,0.55,2026-05-31,853,N20,VIIRS,n,2,300.98,2.12,D,0
20.86464,79.98387,349.04,0.78,0.78,2026-05-31,853,N20,VIIRS,n,2,295.42,10.91,D,0
20.87827,74.28125,340.33,0.33,0.55,2026-05-31,853,N20,VIIRS,n,2,301.54,2.46,D,0
20.90022,70.48312,335.06,0.38,0.43,2026-05-31,853,N20,VIIRS,n,2,301.3,2.02,D,0
20.91748,75.66676,340.15,0.41,0.61,2026-05-31,853,N20,VIIRS,n,2,303.34,2.89,D,0
20.97478,71.13391,340.93,0.42,0.45,2026-05-31,853,N20,VIIRS,n,2,301.29,4,D,0
21.05487,71.70512,342.92,0.46,0.47,2026-05-31,853,N20,VIIRS,n,2,303.68,5.63,D,0
21.10034,72.63902,342.74,0.52,0.5,2026-05-31,853,N20,VIIRS,n,2,301.18,11.62,D,2
21.10045,72.63696,350.01,0.52,0.5,2026-05-31,853,N20,VIIRS,n,2,301.85,9.83,D,2
21.10603,72.64857,344.11,0.52,0.5,2026-05-31,853,N20,VIIRS,n,2,301.52,11.32,D,2
21.1062,72.64651,347.23,0.52,0.5,2026-05-31,853,N20,VIIRS,n,2,301.77,9.98,D,2
21.20319,73.93295,333.38,0.32,0.54,2026-05-31,853,N20,VIIRS,n,2,301.23,1.26,D,0
21.24174,75.20865,348.44,0.39,0.59,2026-05-31,853,N20,VIIRS,n,2,303.44,3.71,D,0
21.24211,75.21241,337.47,0.39,0.59,2026-05-31,853,N20,VIIRS,n,2,302.7,3.71,D,0
21.33465,73.38969,331.62,0.59,0.53,2026-05-31,853,N20,VIIRS,l,2,303.34,3.88,D,0
21.3411,75.02797,367,0.38,0.58,2026-05-31,853,N20,VIIRS,h,2,302.54,8.3,D,0
21.34571,76.3676,331.15,0.46,0.64,2026-05-31,853,N20,VIIRS,n,2,300.43,1.64,D,0
21.35166,79.51088,332.05,0.73,0.76,2026-05-31,853,N20,VIIRS,n,2,298.46,3.82,D,0
21.35618,74.1836,337.99,0.33,0.55,2026-05-31,853,N20,VIIRS,n,2,301.66,1.33,D,0
21.427,73.60618,332.53,0.61,0.53,2026-05-31,853,N20,VIIRS,n,2,301.54,5.09,D,0
21.45663,75.06813,344.69,0.38,0.59,2026-05-31,853,N20,VIIRS,n,2,302.59,4.42,D,0
21.45889,75.06809,344.56,0.38,0.59,2026-05-31,853,N20,VIIRS,n,2,302.44,4.38,D,0
21.48003,76.42029,332.16,0.47,0.64,2026-05-31,853,N20,VIIRS,l,2,302.19,1.45,D,0
21.50284,73.14404,330.18,0.57,0.52,2026-05-31,853,N20,VIIRS,l,2,300.48,2.63,D,0
21.63571,73.44559,338.37,0.6,0.53,2026-05-31,853,N20,VIIRS,n,2,303.37,5.04,D,0
21.66788,77.88925,330.2,0.58,0.7,2026-05-31,853,N20,VIIRS,n,2,297.69,2.04,D,0
21.68492,72.5387,330.02,0.52,0.5,2026-05-31,853,N20,VIIRS,n,2,299,6,D,0
21.69423,78.05565,336.17,0.6,0.7,2026-05-31,853,N20,VIIRS,n,2,296.97,3.37,D,0
21.77783,73.35825,333.95,0.59,0.53,2026-05-31,853,N20,VIIRS,n,2,300.89,5.78,D,0
21.77814,73.74975,335.24,0.63,0.54,2026-05-31,853,N20,VIIRS,n,2,299.6,3.13,D,0
21.78923,73.05607,338.37,0.57,0.52,2026-05-31,853,N20,VIIRS,n,2,302.59,5.58,D,0
21.78994,73.05894,337.29,0.57,0.52,2026-05-31,853,N20,VIIRS,n,2,302.4,3.66,D,0
21.80161,78.08593,332.68,0.6,0.71,2026-05-31,853,N20,VIIRS,n,2,297.1,2.74,D,0
21.84429,78.72703,336.97,0.66,0.73,2026-05-31,853,N20,VIIRS,n,2,298.28,6.13,D,0
22.01458,71.17202,338.03,0.43,0.46,2026-05-31,853,N20,VIIRS,n,2,306.7,6.3,D,0
22.03174,76.48492,345.3,0.48,0.64,2026-05-31,853,N20,VIIRS,n,2,303.88,4.78,D,0
22.03543,76.48689,334.99,0.48,0.64,2026-05-31,853,N20,VIIRS,n,2,303.28,3.52,D,0
22.11855,69.42341,341.08,0.52,0.41,2026-05-31,853,N20,VIIRS,n,2,304.5,10.01,D,0
22.1188,69.4206,337.79,0.52,0.41,2026-05-31,853,N20,VIIRS,n,2,305.51,7.71,D,0
22.19963,70.08598,340.91,0.57,0.43,2026-05-31,853,N20,VIIRS,n,2,308.6,11.87,D,0
22.20235,70.08376,340.68,0.57,0.43,2026-05-31,853,N20,VIIRS,n,2,308.52,9.96,D,0
22.23354,73.49392,335.84,0.61,0.54,2026-05-31,853,N20,VIIRS,n,2,301.73,6.67,D,0
22.24909,68.99688,337.14,0.5,0.41,2026-05-31,853,N20,VIIRS,n,2,305.35,4.25,D,0
22.2833,75.68333,333.73,0.43,0.62,2026-05-31,853,N20,VIIRS,n,2,301.11,1.39,D,0
22.42738,73.2599,332.83,0.6,0.53,2026-05-31,853,N20,VIIRS,n,2,300.96,4.61,D,0
22.84137,76.87814,334.52,0.52,0.67,2026-05-31,853,N20,VIIRS,n,2,301.91,2.5,D,0
22.84751,76.8774,331.47,0.52,0.67,2026-05-31,853,N20,VIIRS,n,2,301.23,2.5,D,0
22.85323,76.87157,335.54,0.52,0.66,2026-05-31,853,N20,VIIRS,n,2,303.51,2.79,D,0
22.92369,70.10828,334.09,0.39,0.44,2026-05-31,854,N20,VIIRS,l,2,308.5,5.21,D,0
22.9277,70.10773,339.07,0.39,0.44,2026-05-31,854,N20,VIIRS,l,2,310.01,5.21,D,0
22.94398,71.11434,340.88,0.44,0.46,2026-05-31,854,N20,VIIRS,n,2,302.92,4.85,D,0
23.04721,72.23773,344.28,0.52,0.5,2026-05-31,854,N20,VIIRS,n,2,305.11,11.03,D,0
23.04741,72.19648,338.72,0.52,0.5,2026-05-31,854,N20,VIIRS,n,2,302.96,3.7,D,0
23.04776,72.24284,337.73,0.52,0.5,2026-05-31,854,N20,VIIRS,n,2,303.88,8.67,D,0
23.12013,70.05412,341.14,0.39,0.44,2026-05-31,854,N20,VIIRS,n,2,308.46,4.26,D,0
23.13357,70.93547,337.37,0.43,0.46,2026-05-31,854,N20,VIIRS,n,2,305.79,6.01,D,0
23.1948,69.65274,345.94,0.55,0.43,2026-05-31,854,N20,VIIRS,n,2,306.5,7.44,D,0
23.24451,70.22977,335.14,0.4,0.44,2026-05-31,854,N20,VIIRS,n,2,304.48,2.92,D,0
23.3454,68.64193,332.63,0.49,0.4,2026-05-31,854,N20,VIIRS,n,2,299.35,2.46,D,0
23.45089,72.09981,339.08,0.52,0.5,2026-05-31,854,N20,VIIRS,n,2,306.06,7.49,D,0
23.51559,70.28527,339.82,0.4,0.44,2026-05-31,854,N20,VIIRS,n,2,308.01,7.25,D,0
23.51574,70.28468,341.54,0.4,0.44,2026-05-31,854,N20,VIIRS,n,2,308.06,6.94,D,0
23.56766,78.36607,353.53,0.65,0.73,2026-05-31,854,N20,VIIRS,n,2,297.03,10.68,D,0
23.59874,70.91321,344.8,0.44,0.46,2026-05-31,854,N20,VIIRS,n,2,306.96,6.37,D,0
23.64424,69.8726,341.32,0.57,0.43,2026-05-31,854,N20,VIIRS,n,2,307.48,15.21,D,0
23.90885,79.32191,352.72,0.76,0.77,2026-05-31,854,N20,VIIRS,n,2,296.22,19.25,D,0
23.90933,79.32937,354.27,0.76,0.77,2026-05-31,854,N20,VIIRS,n,2,294.97,21.26,D,0
23.9128,79.32271,356.16,0.76,0.77,2026-05-31,854,N20,VIIRS,n,2,296.01,13.85,D,0
23.91323,79.33015,337.05,0.76,0.77,2026-05-31,854,N20,VIIRS,n,2,294.83,13.85,D,0
24.50142,77.22781,334.07,0.56,0.69,2026-05-31,854,N20,VIIRS,n,2,297.99,4.14,D,0
24.6673,78.38325,341.31,0.67,0.74,2026-05-31,854,N20,VIIRS,n,2,304.19,6.81,D,0
24.66903,78.38329,340.91,0.67,0.74,2026-05-31,854,N20,VIIRS,n,2,304.22,5.93,D,0
24.72455,68.30862,338.22,0.49,0.4,2026-05-31,854,N20,VIIRS,n,2,305.22,2.27,D,0
24.86437,68.71808,335.74,0.51,0.41,2026-05-31,854,N20,VIIRS,l,2,306.44,1.18,D,0
24.96724,79.34975,334.07,0.77,0.78,2026-05-31,854,N20,VIIRS,n,2,294.06,4.48,D,0
25.26835,73.04952,335.41,0.63,0.54,2026-05-31,854,N20,VIIRS,n,2,302.84,2.51,D,0
25.86264,77.91486,337.35,0.64,0.72,2026-05-31,854,N20,VIIRS,n,2,296.5,3.75,D,0
27.4534,68.11327,350.22,0.51,0.41,2026-05-31,855,N20,VIIRS,n,2,313.96,5.21,D,0
27.45354,68.1158,341.92,0.51,0.41,2026-05-31,855,N20,VIIRS,l,2,313.49,6.2,D,0
27.74299,69.13855,342.41,0.39,0.44,2026-05-31,855,N20,VIIRS,n,2,304.98,6.57,D,0
27.86172,69.82346,346.59,0.43,0.46,2026-05-31,855,N20,VIIRS,n,2,310.43,3.7,D,0
27.8622,69.8278,347.35,0.43,0.46,2026-05-31,855,N20,VIIRS,n,2,309.97,3.7,D,0
27.86234,69.823,347.1,0.43,0.46,2026-05-31,855,N20,VIIRS,n,2,311.07,4.52,D,0
27.86279,69.82735,346.47,0.43,0.46,2026-05-31,855,N20,VIIRS,n,2,309.61,4.52,D,0
27.8648,69.37785,346.14,0.4,0.44,2026-05-31,855,N20,VIIRS,n,2,310.27,10.1,D,0
27.99849,68.32559,349.74,0.53,0.42,2026-05-31,855,N20,VIIRS,n,2,313,13.43,D,0
28.03725,69.77902,344.58,0.43,0.46,2026-05-31,855,N20,VIIRS,n,2,307.65,8.28,D,0
28.22531,68.52269,343.71,0.55,0.43,2026-05-31,855,N20,VIIRS,n,2,309.95,5.83,D,0
28.23144,69.36732,343.53,0.41,0.45,2026-05-31,855,N20,VIIRS,n,2,307.18,6.99,D,0
28.2426,68.95239,343.18,0.39,0.44,2026-05-31,855,N20,VIIRS,n,2,309.52,1.84,D,0
28.27113,69.02457,344.84,0.39,0.44,2026-05-31,855,N20,VIIRS,n,2,309.89,2.52,D,0
28.3232,69.08614,346.03,0.39,0.44,2026-05-31,855,N20,VIIRS,n,2,308.23,3.23,D,0
28.32396,69.08569,345.58,0.39,0.44,2026-05-31,855,N20,VIIRS,n,2,308.46,11.09,D,0
28.38205,69.47033,344.74,0.41,0.45,2026-05-31,855,N20,VIIRS,n,2,305.48,11.74,D,0
28.39928,68.27331,343.05,0.53,0.42,2026-05-31,855,N20,VIIRS,n,2,309.27,3.95,D,0
28.40093,69.37401,340.16,0.41,0.45,2026-05-31,855,N20,VIIRS,n,2,305.34,11.14,D,0
28.40313,68.27274,340.3,0.53,0.42,2026-05-31,855,N20,VIIRS,n,2,308.51,3.95,D,0
28.42344,69.62066,342.85,0.42,0.45,2026-05-31,855,N20,VIIRS,n,2,306.01,10.17,D,0
28.4287,68.87767,344.55,0.38,0.43,2026-05-31,855,N20,VIIRS,n,2,309,10.77,D,0
28.43901,68.21217,342.86,0.53,0.42,2026-05-31,855,N20,VIIRS,n,2,311.4,6.44,D,0
28.44138,68.2154,341.64,0.53,0.42,2026-05-31,855,N20,VIIRS,n,2,309.94,5.11,D,0
28.47352,68.15559,341.43,0.53,0.42,2026-05-31,855,N20,VIIRS,n,2,308.74,12.69,D,0
28.49847,68.23454,342.47,0.53,0.42,2026-05-31,855,N20,VIIRS,n,2,310.34,15.88,D,0
28.54823,68.3556,344.34,0.54,0.42,2026-05-31,855,N20,VIIRS,n,2,307.47,2.88,D,0
30.36539,75.95485,331.09,0.53,0.67,2026-05-31,856,N20,VIIRS,n,2,295.58,2.71,D,0
30.47517,73.42609,336.42,0.38,0.58,2026-05-31,856,N20,VIIRS,n,2,292.4,3.45,D,0
30.62345,73.56163,334.65,0.38,0.59,2026-05-31,856,N20,VIIRS,n,2,290.61,2.63,D,0
30.65078,70.84558,334.24,0.53,0.5,2026-05-31,856,N20,VIIRS,n,2,297.46,3.81,D,0
30.81524,73.37124,336.65,0.38,0.58,2026-05-31,856,N20,VIIRS,n,2,293.65,2.58,D,0
31.65715,75.85197,330.16,0.54,0.68,2026-05-31,856,N20,VIIRS,n,2,292.45,2.81,D,0
31.72883,74.04279,341.39,0.42,0.61,2026-05-31,856,N20,VIIRS,n,2,296.96,2.09,D,0
31.73166,74.04474,331.63,0.42,0.61,2026-05-31,856,N20,VIIRS,n,2,296.76,4.12,D,0
31.75641,73.89471,330.97,0.41,0.61,2026-05-31,856,N20,VIIRS,n,2,296.6,1.42,D,0
31.86317,74.6012,333.29,0.46,0.63,2026-05-31,856,N20,VIIRS,n,2,295.98,6.59,D,0
31.86421,74.59979,334.05,0.46,0.63,2026-05-31,856,N20,VIIRS,n,2,295.75,4.37,D,0
31.86645,74.26902,331.3,0.44,0.62,2026-05-31,856,N20,VIIRS,n,2,297.73,3.39,D,0
31.86676,74.27368,341.21,0.44,0.62,2026-05-31,856,N20,VIIRS,n,2,296.41,3.39,D,0
31.86747,74.26979,342.2,0.44,0.62,2026-05-31,856,N20,VIIRS,n,2,297.65,5.7,D,0
32.01542,74.70451,337.52,0.46,0.64,2026-05-31,856,N20,VIIRS,n,2,293.59,2.21,D,0
32.0201,74.58012,337.86,0.46,0.63,2026-05-31,856,N20,VIIRS,n,2,296.14,2.87,D,0
32.06315,74.51328,336.96,0.45,0.63,2026-05-31,856,N20,VIIRS,n,2,295.04,3.22,D,0
32.08249,72.78796,337.71,0.36,0.57,2026-05-31,856,N20,VIIRS,n,2,297.17,4.26,D,0
32.08263,75.1539,332.45,0.49,0.65,2026-05-31,856,N20,VIIRS,n,2,296.27,2.7,D,0
32.08317,72.78744,344.28,0.36,0.57,2026-05-31,856,N20,VIIRS,n,2,297.29,4.92,D,0
32.09638,74.59553,334.98,0.46,0.63,2026-05-31,856,N20,VIIRS,n,2,294.16,2.66,D,0
32.89225,72.8743,342.86,0.37,0.58,2026-05-31,856,N20,VIIRS,n,2,298.57,2.97,D,0
32.89253,72.87831,331.95,0.37,0.58,2026-05-31,856,N20,VIIRS,n,2,297.61,2.97,D,0
33.29633,73.82707,331.95,0.42,0.61,2026-05-31,856,N20,VIIRS,n,2,292.76,3.35,D,0
33.53994,73.43284,331.56,0.4,0.6,2026-05-31,856,N20,VIIRS,n,2,296.2,8.5,D,0
33.5402,73.43698,367,0.4,0.6,2026-05-31,856,N20,VIIRS,h,2,297.6,8.5,D,0
33.54045,73.4411,344.03,0.4,0.6,2026-05-31,856,N20,VIIRS,n,2,295.61,9.17,D,0
33.67526,72.84705,334.04,0.37,0.58,2026-05-31,857,N20,VIIRS,n,2,296.02,2.05,D,0
34.58893,71.82351,330.86,0.33,0.56,2026-05-31,857,N20,VIIRS,n,2,299.4,1.52,D,0
34.58947,71.83115,342.09,0.33,0.56,2026-05-31,857,N20,VIIRS,n,2,298.21,3.55,D,0
35.99621,68.5894,341.64,0.45,0.47,2026-05-31,857,N20,VIIRS,l,2,314.95,5.1,D,0
36.7493,68.95948,342.7,0.48,0.48,2026-05-31,857,N20,VIIRS,n,2,315.77,4.59,D,0
36.94334,68.01614,367,0.43,0.46,2026-05-31,858,N20,VIIRS,h,2,329.39,154.68,D,0
35.99099,94.8293,297.11,0.39,0.36,2026-05-31,1937,N20,VIIRS,n,2,270.85,1.06,N,2
26.75274,92.08547,307.51,0.39,0.36,2026-05-31,1939,N20,VIIRS,n,2,292.02,1.08,N,0
27.00003,88.43658,319.18,0.45,0.39,2026-05-31,1939,N20,VIIRS,n,2,291.28,1.93,N,0
27.3771,95.33663,308.51,0.47,0.39,2026-05-31,1939,N20,VIIRS,n,2,281.73,1.57,N,0
27.44461,86.08344,302.45,0.4,0.44,2026-05-31,1939,N20,VIIRS,n,2,288.84,0.55,N,0
27.60602,95.40448,306.95,0.47,0.39,2026-05-31,1939,N20,VIIRS,n,2,290.09,0.71,N,2
28.26895,77.21513,301.41,0.7,0.75,2026-05-31,1939,N20,VIIRS,n,2,285.28,1.01,N,0
28.26946,77.211,298.25,0.7,0.75,2026-05-31,1939,N20,VIIRS,n,2,285.48,1.38,N,0
28.77847,76.94435,300.26,0.73,0.76,2026-05-31,1939,N20,VIIRS,n,2,283.46,1.45,N,0
29.08639,88.01073,306.88,0.49,0.41,2026-05-31,1939,N20,VIIRS,n,2,278.99,2.04,N,2
29.26266,91.92944,298.38,0.38,0.36,2026-05-31,1939,N20,VIIRS,n,2,284.03,0.84,N,0
29.26327,91.92554,316.7,0.38,0.36,2026-05-31,1939,N20,VIIRS,n,2,286.6,2.45,N,2
29.37411,91.15215,295.33,0.39,0.36,2026-05-31,1939,N20,VIIRS,n,2,283.01,0.79,N,2
29.37741,91.15277,306.86,0.39,0.36,2026-05-31,1939,N20,VIIRS,n,2,282.18,0.79,N,2
29.65946,90.89884,306.83,0.4,0.37,2026-05-31,1939,N20,VIIRS,n,2,283.74,0.95,N,2
29.66161,90.90748,305.79,0.4,0.37,2026-05-31,1939,N20,VIIRS,n,2,286.63,1.52,N,2
23.48671,87.36479,314.39,0.46,0.39,2026-05-31,1940,N20,VIIRS,n,2,294.26,2.68,N,2
23.55241,87.24414,332.08,0.47,0.39,2026-05-31,1940,N20,VIIRS,n,2,295.89,4.03,N,3
23.55603,87.24473,332.13,0.47,0.39,2026-05-31,1940,N20,VIIRS,n,2,295.3,4.03,N,3
23.55664,87.24017,308.79,0.47,0.39,2026-05-31,1940,N20,VIIRS,n,2,294.92,1.96,N,2
23.56026,87.24075,339.3,0.47,0.39,2026-05-31,1940,N20,VIIRS,n,2,295.23,10.38,N,2
23.56236,87.08613,307.75,0.47,0.4,2026-05-31,1940,N20,VIIRS,n,2,295.55,0.88,N,2
23.58141,86.72478,309.98,0.49,0.41,2026-05-31,1940,N20,VIIRS,n,2,295.41,1.3,N,2
23.5829,86.7275,308.94,0.49,0.41,2026-05-31,1940,N20,VIIRS,n,2,295.21,1.33,N,0
23.61622,86.79169,314.41,0.49,0.4,2026-05-31,1940,N20,VIIRS,n,2,296.12,3.17,N,2
23.62795,86.28743,326.09,0.52,0.42,2026-05-31,1940,N20,VIIRS,n,2,294.46,3.12,N,2
23.63068,86.29005,318.75,0.52,0.42,2026-05-31,1940,N20,VIIRS,n,2,294.81,2.03,N,2
23.64686,85.44065,332.13,0.39,0.44,2026-05-31,1940,N20,VIIRS,n,2,294.63,3.28,N,2
23.64731,85.43689,318.05,0.39,0.44,2026-05-31,1940,N20,VIIRS,n,2,293.69,2.32,N,2
23.65131,85.43752,319.33,0.39,0.44,2026-05-31,1940,N20,VIIRS,n,2,293.59,1.99,N,2
23.65509,85.50715,308.03,0.38,0.43,2026-05-31,1940,N20,VIIRS,n,2,294.1,1.54,N,2
23.66313,86.91213,308.17,0.48,0.4,2026-05-31,1940,N20,VIIRS,n,2,295.5,0.81,N,2
23.66415,87.16058,306.67,0.47,0.4,2026-05-31,1940,N20,VIIRS,n,2,294.81,2.24,N,2
23.66444,86.91105,307.64,0.48,0.4,2026-05-31,1940,N20,VIIRS,n,2,294.85,1.69,N,2
23.66476,87.15595,329.89,0.47,0.4,2026-05-31,1940,N20,VIIRS,n,2,297.41,2.24,N,2
23.66619,86.91749,307.41,0.48,0.4,2026-05-31,1940,N20,VIIRS,n,2,295.92,1.43,N,2
23.66884,86.09441,310.43,0.53,0.42,2026-05-31,1940,N20,VIIRS,n,2,295.01,1.61,N,2
23.67483,86.39993,307.85,0.51,0.41,2026-05-31,1940,N20,VIIRS,n,2,296.01,1.63,N,2
23.67548,86.3949,308.21,0.51,0.41,2026-05-31,1940,N20,VIIRS,n,2,295.37,1.63,N,2
23.67556,86.08684,320.33,0.53,0.42,2026-05-31,1940,N20,VIIRS,n,2,295.72,3.16,N,2
23.67712,85.32498,304.61,0.39,0.44,2026-05-31,1940,N20,VIIRS,n,2,291.61,1.67,N,0
23.67746,86.10309,320.52,0.53,0.42,2026-05-31,1940,N20,VIIRS,n,2,295.15,3.61,N,2
23.67861,86.40056,320.88,0.51,0.41,2026-05-31,1940,N20,VIIRS,n,2,297.09,2.49,N,2
23.67926,86.39553,312.21,0.51,0.41,2026-05-31,1940,N20,VIIRS,n,2,295.42,2.49,N,2
23.67941,86.08741,308.6,0.53,0.42,2026-05-31,1940,N20,VIIRS,n,2,295.6,2.3,N,2
23.67992,86.39044,313.2,0.51,0.41,2026-05-31,1940,N20,VIIRS,n,2,293.96,2.31,N,2
23.68262,86.0932,310.08,0.53,0.42,2026-05-31,1940,N20,VIIRS,n,2,295.44,2.62,N,2
23.68303,87.13055,308.73,0.47,0.4,2026-05-31,1940,N20,VIIRS,n,2,295.78,1,N,2
23.68305,86.39614,322.07,0.51,0.41,2026-05-31,1940,N20,VIIRS,n,2,296.03,2.49,N,2
23.68393,86.08275,318.62,0.53,0.42,2026-05-31,1940,N20,VIIRS,n,2,295.35,2.3,N,2
23.68505,85.36124,308.05,0.39,0.44,2026-05-31,1940,N20,VIIRS,n,2,292.93,1.41,N,0
23.68749,86.39167,323.07,0.51,0.41,2026-05-31,1940,N20,VIIRS,n,2,295.39,4.56,N,2
23.68791,87.12186,326.66,0.47,0.4,2026-05-31,1940,N20,VIIRS,n,2,296.69,4.3,N,2
23.69101,87.09871,312.44,0.48,0.4,2026-05-31,1940,N20,VIIRS,n,2,296.18,1.98,N,2
23.69156,87.12245,311.24,0.47,0.4,2026-05-31,1940,N20,VIIRS,n,2,295.97,1.95,N,2
23.6928,87.1132,309.82,0.47,0.4,2026-05-31,1940,N20,VIIRS,n,2,295.74,2.55,N,2
23.69342,87.10856,306.94,0.47,0.4,2026-05-31,1940,N20,VIIRS,n,2,295.13,2.22,N,2
23.69521,87.12305,321.48,0.47,0.4,2026-05-31,1940,N20,VIIRS,n,2,297.11,1.95,N,2
23.69528,87.09465,308.09,0.48,0.4,2026-05-31,1940,N20,VIIRS,n,2,295.16,1.48,N,2
23.69665,85.36688,312.94,0.39,0.44,2026-05-31,1940,N20,VIIRS,n,2,292.42,1.08,N,0
23.69747,85.29256,307.2,0.39,0.44,2026-05-31,1940,N20,VIIRS,n,2,294.09,1.52,N,2
23.69794,85.28872,317.67,0.39,0.44,2026-05-31,1940,N20,VIIRS,n,2,294.09,2.26,N,2
23.71054,86.4517,317.86,0.51,0.41,2026-05-31,1940,N20,VIIRS,n,2,295.57,2.62,N,2
23.71431,86.45231,322.71,0.51,0.41,2026-05-31,1940,N20,VIIRS,n,2,295.52,2.62,N,2
23.71828,86.42217,308.88,0.51,0.41,2026-05-31,1940,N20,VIIRS,n,2,294.84,3.29,N,2
23.71911,86.44378,309.69,0.51,0.41,2026-05-31,1940,N20,VIIRS,n,2,295.69,2.37,N,2
23.71941,86.44287,310.77,0.51,0.41,2026-05-31,1940,N20,VIIRS,n,2,295.19,2.26,N,2
23.72253,86.44849,308.75,0.51,0.41,2026-05-31,1940,N20,VIIRS,n,2,296.9,2.26,N,2
23.72352,86.43934,315.66,0.51,0.41,2026-05-31,1940,N20,VIIRS,n,2,296.07,2.37,N,2
23.72386,86.43843,316.06,0.51,0.41,2026-05-31,1940,N20,VIIRS,n,2,295.57,2.41,N,2
23.7273,86.43993,307.2,0.51,0.41,2026-05-31,1940,N20,VIIRS,n,2,295.13,2.85,N,2
23.72981,86.45061,309.62,0.51,0.41,2026-05-31,1940,N20,VIIRS,n,2,294.66,1.91,N,0
23.73008,86.44968,308.18,0.51,0.41,2026-05-31,1940,N20,VIIRS,n,2,294.71,3.36,N,0
23.7355,86.43609,312.09,0.51,0.41,2026-05-31,1940,N20,VIIRS,n,2,296.43,2.13,N,2
23.73614,86.43107,320.06,0.51,0.41,2026-05-31,1940,N20,VIIRS,n,2,295.07,2.13,N,2
23.73929,86.43669,325.12,0.51,0.41,2026-05-31,1940,N20,VIIRS,n,2,296.32,2.13,N,2
23.7397,85.01063,311.81,0.41,0.45,2026-05-31,1940,N20,VIIRS,n,2,292.54,2.58,N,2
23.73992,86.43167,307.93,0.51,0.41,2026-05-31,1940,N20,VIIRS,n,2,295.02,2.13,N,2
23.74673,85.50544,313.18,0.38,0.43,2026-05-31,1940,N20,VIIRS,n,2,291.08,1.04,N,2
23.74941,86.4178,308.28,0.51,0.41,2026-05-31,1940,N20,VIIRS,n,2,294.64,1.87,N,2
23.75092,86.7894,308.3,0.49,0.4,2026-05-31,1940,N20,VIIRS,n,2,294.82,0.84,N,0
23.75319,86.4184,322.38,0.51,0.41,2026-05-31,1940,N20,VIIRS,n,2,295.58,4.06,N,2
23.75891,86.40386,321.57,0.52,0.41,2026-05-31,1940,N20,VIIRS,n,2,295.43,3.82,N,2
23.75956,86.39877,310.39,0.52,0.41,2026-05-31,1940,N20,VIIRS,n,2,295.16,3.78,N,2
23.75987,85.85608,307.79,0.55,0.43,2026-05-31,1940,N20,VIIRS,n,2,295.2,4.81,N,2
23.7627,86.40447,321.84,0.52,0.41,2026-05-31,1940,N20,VIIRS,n,2,295.41,4.47,N,2
23.76335,86.39938,309.4,0.52,0.41,2026-05-31,1940,N20,VIIRS,n,2,295.04,1.92,N,2
23.76399,86.39431,311.17,0.52,0.41,2026-05-31,1940,N20,VIIRS,n,2,296.34,1.92,N,2
23.76649,86.40505,337.14,0.52,0.41,2026-05-31,1940,N20,VIIRS,n,2,296.86,4.47,N,2
23.76714,86.39997,308.57,0.52,0.41,2026-05-31,1940,N20,VIIRS,n,2,296.59,1.92,N,2
23.77028,86.40564,312.44,0.52,0.41,2026-05-31,1940,N20,VIIRS,n,2,295.33,2.22,N,2
23.77264,86.20285,307.97,0.53,0.42,2026-05-31,1940,N20,VIIRS,n,2,295.65,2.14,N,2
23.77329,86.19771,311.34,0.53,0.42,2026-05-31,1940,N20,VIIRS,n,2,295.9,2.14,N,2
23.77546,86.36514,335.88,0.52,0.41,2026-05-31,1940,N20,VIIRS,n,2,297.31,6.25,N,2
23.77582,86.20866,308.59,0.53,0.42,2026-05-31,1940,N20,VIIRS,n,2,296.17,2.58,N,2
23.77666,86.38605,315.95,0.52,0.41,2026-05-31,1940,N20,VIIRS,n,2,295.68,4.38,N,2
23.77787,85.99506,306.12,0.54,0.42,2026-05-31,1940,N20,VIIRS,n,2,294.22,1.48,N,0
23.77965,86.20931,331.69,0.53,0.42,2026-05-31,1940,N20,VIIRS,n,2,298.59,6.43,N,2
23.7798,86.39171,338.29,0.52,0.41,2026-05-31,1940,N20,VIIRS,n,2,298.25,4.19,N,2
23.7824,86.37141,308.75,0.52,0.41,2026-05-31,1940,N20,VIIRS,n,2,294.97,1.87,N,2
23.78359,86.3923,308.53,0.52,0.41,2026-05-31,1940,N20,VIIRS,n,2,295.46,4.19,N,2
23.79642,86.35287,326.36,0.52,0.41,2026-05-31,1940,N20,VIIRS,n,2,296.33,5.4,N,2
23.80022,86.35348,315.64,0.52,0.41,2026-05-31,1940,N20,VIIRS,n,2,295.68,3.59,N,2
23.80284,86.33317,311.09,0.52,0.42,2026-05-31,1940,N20,VIIRS,n,2,295.77,1.96,N,2
23.80349,86.32807,316.41,0.52,0.42,2026-05-31,1940,N20,VIIRS,n,2,296.48,1.96,N,2
23.8073,86.32864,309.27,0.52,0.42,2026-05-31,1940,N20,VIIRS,n,2,295.57,1.96,N,2
23.81018,86.66737,305.09,0.5,0.41,2026-05-31,1940,N20,VIIRS,n,2,293.75,1.05,N,0
23.82494,85.49796,308.81,0.39,0.44,2026-05-31,1940,N20,VIIRS,n,2,293.61,3.85,N,2
23.8406,85.30565,307.47,0.4,0.44,2026-05-31,1940,N20,VIIRS,n,2,292.23,0.88,N,0
23.99309,79.3903,304.99,0.47,0.64,2026-05-31,1940,N20,VIIRS,n,2,293.42,1.63,N,0
24.11653,86.86106,316.3,0.49,0.41,2026-05-31,1940,N20,VIIRS,n,2,295.59,2.34,N,2
24.36966,88.0979,306.43,0.44,0.38,2026-05-31,1940,N20,VIIRS,n,2,294.53,0.58,N,0
24.36972,88.10044,308.47,0.44,0.38,2026-05-31,1940,N20,VIIRS,n,2,295,0.93,N,0
25.03264,87.37617,313.53,0.48,0.4,2026-05-31,1940,N20,VIIRS,n,2,294.53,1.57,N,2
25.03325,87.37148,311.67,0.48,0.4,2026-05-31,1940,N20,VIIRS,n,2,294.73,1.57,N,2
25.03383,87.39556,308.21,0.48,0.4,2026-05-31,1940,N20,VIIRS,n,2,294.16,2.4,N,0
25.0363,87.37673,313.57,0.48,0.4,2026-05-31,1940,N20,VIIRS,n,2,294.39,1.57,N,2
25.43672,86.0658,307.34,0.56,0.43,2026-05-31,1940,N20,VIIRS,n,2,295,1.26,N,0
26.64285,79.47585,305.36,0.49,0.65,2026-05-31,1940,N20,VIIRS,n,2,287.75,0.73,N,2
20.76174,85.29823,318.85,0.54,0.42,2026-05-31,1941,N20,VIIRS,n,2,298.47,2.84,N,2
20.78592,85.26436,312.24,0.55,0.42,2026-05-31,1941,N20,VIIRS,n,2,297.92,2.52,N,2
20.7905,85.25972,312.89,0.55,0.43,2026-05-31,1941,N20,VIIRS,n,2,296.86,2.74,N,2
20.79507,85.2551,330.41,0.55,0.43,2026-05-31,1941,N20,VIIRS,n,2,297.83,5.64,N,2
20.80679,85.25676,326.11,0.55,0.43,2026-05-31,1941,N20,VIIRS,n,2,298.02,4.16,N,2
20.86495,84.99316,318.84,0.57,0.43,2026-05-31,1941,N20,VIIRS,n,2,297.6,3.27,N,2
20.86565,84.98779,324.17,0.57,0.43,2026-05-31,1941,N20,VIIRS,n,2,297.46,3.27,N,2
20.88518,84.98068,330.44,0.57,0.43,2026-05-31,1941,N20,VIIRS,n,2,296.9,3.23,N,2
20.88622,84.98513,330.11,0.57,0.43,2026-05-31,1941,N20,VIIRS,n,2,297.36,5.15,N,2
20.9227,86.04477,306.79,0.5,0.41,2026-05-31,1941,N20,VIIRS,n,2,296.44,0.92,N,2
20.94317,86.06253,314.91,0.5,0.41,2026-05-31,1941,N20,VIIRS,n,2,296.89,2.23,N,2
20.94766,85.06174,313.74,0.56,0.43,2026-05-31,1941,N20,VIIRS,n,2,296.4,2.62,N,0
20.95257,86.04945,324.2,0.5,0.41,2026-05-31,1941,N20,VIIRS,n,2,297.94,2.53,N,2
20.95322,86.04472,310.7,0.5,0.41,2026-05-31,1941,N20,VIIRS,n,2,296.61,2.53,N,2
20.95394,85.01277,312.89,0.57,0.43,2026-05-31,1941,N20,VIIRS,n,2,298.08,3.42,N,2
20.95791,85.01332,323.92,0.57,0.43,2026-05-31,1941,N20,VIIRS,n,2,299.43,3.42,N,2
20.96132,85.17331,312.91,0.56,0.43,2026-05-31,1941,N20,VIIRS,n,2,298.45,3.02,N,2
20.96202,85.16795,309.47,0.56,0.43,2026-05-31,1941,N20,VIIRS,n,2,298.24,1.57,N,2
20.96217,86.00689,328.13,0.5,0.41,2026-05-31,1941,N20,VIIRS,n,2,296.49,2.59,N,2
20.96273,85.16257,314.7,0.56,0.43,2026-05-31,1941,N20,VIIRS,n,2,297.54,1.57,N,2
20.96316,85.18981,330.73,0.56,0.43,2026-05-31,1941,N20,VIIRS,n,2,299.38,3.99,N,2
20.96378,86.05116,310.29,0.5,0.41,2026-05-31,1941,N20,VIIRS,n,2,297.15,1.22,N,2
20.96386,85.18453,320.32,0.56,0.43,2026-05-31,1941,N20,VIIRS,n,2,297.86,3.99,N,2
20.96515,85.01991,312.34,0.57,0.43,2026-05-31,1941,N20,VIIRS,n,2,296.66,2.71,N,2
20.96526,85.17387,323.62,0.56,0.43,2026-05-31,1941,N20,VIIRS,n,2,297.81,4.51,N,2
20.96526,86.01225,308.88,0.5,0.41,2026-05-31,1941,N20,VIIRS,n,2,297.18,2.59,N,2
20.96526,86.04855,306.94,0.5,0.41,2026-05-31,1941,N20,VIIRS,n,2,296.47,0.67,N,2
20.96596,85.1685,327.09,0.56,0.43,2026-05-31,1941,N20,VIIRS,n,2,298.21,2.48,N,2
20.96666,85.16312,317.52,0.56,0.43,2026-05-31,1941,N20,VIIRS,n,2,297.82,2.48,N,2
20.9677,86.0224,311.06,0.5,0.41,2026-05-31,1941,N20,VIIRS,n,2,296.96,2.03,N,2
20.96807,85.15241,325.57,0.56,0.43,2026-05-31,1941,N20,VIIRS,n,2,298.09,3.4,N,2
20.96848,85.17979,329.94,0.56,0.43,2026-05-31,1941,N20,VIIRS,n,2,298.08,4.51,N,2
20.96866,85.17637,343.56,0.56,0.43,2026-05-31,1941,N20,VIIRS,n,2,299.22,4.49,N,2
20.96901,86.01281,323.8,0.5,0.41,2026-05-31,1941,N20,VIIRS,n,2,298.69,4.15,N,2
20.96901,86.01971,324.43,0.5,0.41,2026-05-31,1941,N20,VIIRS,n,2,297.79,2.06,N,2
20.96919,85.17442,329.95,0.56,0.43,2026-05-31,1941,N20,VIIRS,n,2,298.65,4.51,N,2
20.96933,85.17098,317.07,0.56,0.43,2026-05-31,1941,N20,VIIRS,n,2,298.23,4.49,N,2
20.96964,86.01489,317.46,0.5,0.41,2026-05-31,1941,N20,VIIRS,n,2,298.35,2.06,N,2
20.96989,85.16905,315.05,0.56,0.43,2026-05-31,1941,N20,VIIRS,n,2,298.23,2.48,N,2
20.97032,86.0032,307.52,0.5,0.41,2026-05-31,1941,N20,VIIRS,n,2,297.25,1.38,N,2
20.97089,86.00528,311.54,0.5,0.41,2026-05-31,1941,N20,VIIRS,n,2,297.67,1.78,N,2
20.97134,85.15485,323.14,0.56,0.43,2026-05-31,1941,N20,VIIRS,n,2,298.09,3.13,N,0
20.97145,86.02296,315.07,0.5,0.41,2026-05-31,1941,N20,VIIRS,n,2,296.26,2.03,N,0
20.97157,85.12563,309.78,0.56,0.43,2026-05-31,1941,N20,VIIRS,n,2,297.44,2.02,N,2
20.97168,85.03192,310.55,0.57,0.43,2026-05-31,1941,N20,VIIRS,n,2,297.45,2.62,N,0
20.97201,85.15296,317.61,0.56,0.43,2026-05-31,1941,N20,VIIRS,n,2,297.84,3.4,N,2
20.97242,85.18035,312.95,0.56,0.43,2026-05-31,1941,N20,VIIRS,n,2,296.72,2.38,N,0
20.97259,85.17692,330.77,0.56,0.43,2026-05-31,1941,N20,VIIRS,n,2,298.28,4.49,N,2
20.97312,85.17499,316.8,0.56,0.43,2026-05-31,1941,N20,VIIRS,n,2,297.57,2.38,N,2
20.97407,86.00376,317.74,0.5,0.41,2026-05-31,1941,N20,VIIRS,n,2,296.99,1.38,N,2
20.97463,86.00585,307.88,0.5,0.41,2026-05-31,1941,N20,VIIRS,n,2,296.83,1.78,N,2
20.9772,85.17211,319.57,0.56,0.43,2026-05-31,1941,N20,VIIRS,n,2,297.78,2.96,N,2
20.97776,85.17017,321.67,0.56,0.43,2026-05-31,1941,N20,VIIRS,n,2,298.07,3.51,N,2
20.97787,85.16673,309.36,0.56,0.43,2026-05-31,1941,N20,VIIRS,n,2,297.24,1.5,N,2
20.97795,85.13394,315.53,0.56,0.43,2026-05-31,1941,N20,VIIRS,n,2,298.01,2.94,N,2
20.97805,85.13745,320.01,0.56,0.43,2026-05-31,1941,N20,VIIRS,n,2,297.84,2.74,N,2
20.97876,85.13208,310.9,0.56,0.43,2026-05-31,1941,N20,VIIRS,n,2,297.15,2.74,N,2
20.98189,85.13451,318.56,0.56,0.43,2026-05-31,1941,N20,VIIRS,n,2,297.63,2.94,N,2
21.0027,86.02491,310.99,0.5,0.41,2026-05-31,1941,N20,VIIRS,n,2,296.34,0.99,N,2
21.07404,85.04325,310.37,0.57,0.43,2026-05-31,1941,N20,VIIRS,n,2,297.03,2.5,N,2
21.07801,85.04382,312.91,0.57,0.43,2026-05-31,1941,N20,VIIRS,n,2,297.29,2.5,N,2
21.07872,85.03833,320.82,0.57,0.43,2026-05-31,1941,N20,VIIRS,n,2,299.54,3.74,N,2
21.07942,85.03287,310.28,0.57,0.43,2026-05-31,1941,N20,VIIRS,n,2,297.77,3.74,N,2
21.33787,78.97012,309.57,0.46,0.64,2026-05-31,1941,N20,VIIRS,n,2,289.4,1.96,N,0
21.33955,78.96861,308.41,0.46,0.64,2026-05-31,1941,N20,VIIRS,n,2,289.21,2.04,N,0
21.37633,81.68155,307.49,0.62,0.54,2026-05-31,1941,N20,VIIRS,n,2,284.76,3.39,N,2
21.62501,81.49304,335.69,0.32,0.55,2026-05-31,1941,N20,VIIRS,n,2,290.66,2.19,N,0
21.62532,81.49346,332.84,0.32,0.55,2026-05-31,1941,N20,VIIRS,n,2,290.59,2.58,N,0
21.62533,81.48991,309.5,0.32,0.55,2026-05-31,1941,N20,VIIRS,n,2,289.72,2.19,N,0
21.62566,81.49034,318.78,0.32,0.55,2026-05-31,1941,N20,VIIRS,n,2,289.54,2.58,N,0
21.63036,81.49056,316.82,0.32,0.55,2026-05-31,1941,N20,VIIRS,n,2,290.08,2.19,N,0
21.6723,84.04192,309.19,0.44,0.46,2026-05-31,1941,N20,VIIRS,n,2,295.19,1.12,N,0
21.67707,84.03819,314.24,0.44,0.46,2026-05-31,1941,N20,VIIRS,n,2,294.99,1.46,N,2
21.68082,84.04309,310.59,0.44,0.46,2026-05-31,1941,N20,VIIRS,n,2,295.64,1.46,N,2
21.68133,84.03878,313.27,0.44,0.46,2026-05-31,1941,N20,VIIRS,n,2,295.6,1.46,N,2
21.73436,83.84805,309.09,0.45,0.47,2026-05-31,1941,N20,VIIRS,n,2,294.52,1.66,N,0
21.74353,83.84476,325.08,0.45,0.47,2026-05-31,1941,N20,VIIRS,n,2,295.08,1.56,N,0
21.74785,83.84533,307.88,0.45,0.47,2026-05-31,1941,N20,VIIRS,n,2,294.64,1.56,N,0
21.7569,84.0234,316.58,0.44,0.46,2026-05-31,1941,N20,VIIRS,n,2,295.62,3.05,N,2
21.76169,84.01968,310.46,0.44,0.46,2026-05-31,1941,N20,VIIRS,n,2,295.76,2.23,N,2
21.76504,84.01882,317.68,0.44,0.46,2026-05-31,1941,N20,VIIRS,n,2,295.85,3.15,N,2
21.76596,84.02029,319.32,0.44,0.46,2026-05-31,1941,N20,VIIRS,n,2,295.64,2.17,N,2
21.76931,84.01942,313.57,0.44,0.46,2026-05-31,1941,N20,VIIRS,n,2,295.47,2.26,N,2
21.77023,84.02087,314.08,0.44,0.46,2026-05-31,1941,N20,VIIRS,n,2,295.45,2.17,N,2
21.77968,83.83627,309.84,0.46,0.47,2026-05-31,1941,N20,VIIRS,n,2,294.28,2.6,N,2
21.7802,83.83192,327.71,0.46,0.47,2026-05-31,1941,N20,VIIRS,n,2,294.37,2.6,N,2
21.78177,83.835,330.64,0.46,0.47,2026-05-31,1941,N20,VIIRS,n,2,294.91,2.26,N,2
21.78227,83.83063,306.84,0.46,0.47,2026-05-31,1941,N20,VIIRS,n,2,293.9,2.26,N,2
21.8021,83.88706,310.43,0.45,0.47,2026-05-31,1941,N20,VIIRS,n,2,295.07,1.55,N,0
21.82417,83.9964,307.74,0.45,0.47,2026-05-31,1941,N20,VIIRS,n,2,294.59,1.04,N,2
21.92529,85.22142,310.37,0.57,0.43,2026-05-31,1941,N20,VIIRS,n,2,292.26,1.52,N,2
21.92925,85.22202,308.96,0.57,0.43,2026-05-31,1941,N20,VIIRS,n,2,292.28,1.92,N,2
21.95874,83.80241,309.88,0.46,0.47,2026-05-31,1941,N20,VIIRS,n,2,293.77,2.24,N,0
21.96892,85.31264,306.68,0.56,0.43,2026-05-31,1941,N20,VIIRS,n,2,292.03,0.94,N,2
22.00481,82.67071,317.15,0.54,0.51,2026-05-31,1941,N20,VIIRS,n,2,290.92,4.97,N,2
22.01735,83.75587,310.53,0.46,0.47,2026-05-31,1941,N20,VIIRS,n,2,294.61,6.52,N,0
22.0186,83.75437,308.08,0.46,0.47,2026-05-31,1941,N20,VIIRS,n,2,294.21,6.27,N,0
22.03811,83.73872,308.07,0.47,0.47,2026-05-31,1941,N20,VIIRS,n,2,294.05,4.3,N,2
22.03863,83.73421,316,0.47,0.47,2026-05-31,1941,N20,VIIRS,n,2,294.77,4.3,N,2
22.03915,83.72968,322.32,0.47,0.47,2026-05-31,1941,N20,VIIRS,n,2,294.5,7.41,N,2
22.04196,83.74377,309.11,0.47,0.47,2026-05-31,1941,N20,VIIRS,n,2,295.14,6.74,N,2
22.04352,83.73024,309.93,0.47,0.47,2026-05-31,1941,N20,VIIRS,n,2,294.5,6.93,N,2
22.05069,88.12528,310.44,0.42,0.38,2026-05-31,1941,N20,VIIRS,n,2,291.1,2.01,N,2
22.0533,83.72236,320.53,0.47,0.48,2026-05-31,1941,N20,VIIRS,n,2,293.46,7.78,N,0
22.05369,85.46371,304.3,0.55,0.43,2026-05-31,1941,N20,VIIRS,n,2,294.21,0.85,N,2
22.05412,88.12586,315.83,0.42,0.38,2026-05-31,1941,N20,VIIRS,n,2,292.85,2.01,N,2
22.19241,79.12621,301.55,0.46,0.64,2026-05-31,1941,N20,VIIRS,n,2,289.65,0.69,N,0
22.20076,84.57804,305.96,0.42,0.45,2026-05-31,1941,N20,VIIRS,n,2,294.04,1.29,N,2
22.20836,84.55043,313.59,0.42,0.45,2026-05-31,1941,N20,VIIRS,n,2,294.78,1.52,N,2
22.20854,84.84789,308.43,0.4,0.44,2026-05-31,1941,N20,VIIRS,n,2,294.44,1.27,N,2
22.21075,84.86406,308.24,0.4,0.44,2026-05-31,1941,N20,VIIRS,n,2,295.86,2.51,N,2
22.21388,84.87242,307.08,0.4,0.44,2026-05-31,1941,N20,VIIRS,n,2,295.09,1.99,N,2
22.21435,84.86853,324.69,0.4,0.44,2026-05-31,1941,N20,VIIRS,n,2,294.32,1.99,N,2
22.21655,84.7546,308,0.41,0.45,2026-05-31,1941,N20,VIIRS,n,2,294.9,1,N,2
22.21979,84.75385,313.14,0.41,0.45,2026-05-31,1941,N20,VIIRS,n,2,295.89,3.15,N,2
22.22342,84.75837,307.57,0.41,0.45,2026-05-31,1941,N20,VIIRS,n,2,295.25,2.4,N,2
22.24567,87.38868,311.02,0.45,0.39,2026-05-31,1941,N20,VIIRS,n,2,295.42,2.05,N,2
22.2981,77.32377,304,0.61,0.71,2026-05-31,1941,N20,VIIRS,n,2,291.78,2.18,N,0
22.29917,77.32384,305.38,0.61,0.71,2026-05-31,1941,N20,VIIRS,n,2,291.53,2.1,N,0
22.31647,82.53551,306.94,0.56,0.51,2026-05-31,1941,N20,VIIRS,n,2,292.07,5,N,2
22.35961,87.29409,306.39,0.45,0.39,2026-05-31,1941,N20,VIIRS,n,2,292.93,1.2,N,2
22.36021,87.28971,304.72,0.45,0.39,2026-05-31,1941,N20,VIIRS,n,2,291.74,1.34,N,2
22.36045,87.01801,309.95,0.46,0.39,2026-05-31,1941,N20,VIIRS,n,2,296.02,1.34,N,2
22.36406,87.01859,313.28,0.46,0.39,2026-05-31,1941,N20,VIIRS,n,2,295.7,1.24,N,2
22.36553,87.30397,307.21,0.45,0.39,2026-05-31,1941,N20,VIIRS,n,2,293.77,2.24,N,2
22.36614,87.2996,324.82,0.45,0.39,2026-05-31,1941,N20,VIIRS,n,2,294.19,2.84,N,2
22.36767,87.01918,311.42,0.46,0.39,2026-05-31,1941,N20,VIIRS,n,2,295.88,1.24,N,2
22.3697,87.30017,307.6,0.45,0.39,2026-05-31,1941,N20,VIIRS,n,2,293.13,1.29,N,2
22.37629,87.27888,322.85,0.45,0.39,2026-05-31,1941,N20,VIIRS,n,2,296.09,3.32,N,2
22.37925,87.28384,306.57,0.45,0.39,2026-05-31,1941,N20,VIIRS,n,2,294.48,1.87,N,2
22.37986,87.27945,325.79,0.45,0.39,2026-05-31,1941,N20,VIIRS,n,2,294.95,1.87,N,2
22.38995,87.28555,307.65,0.45,0.39,2026-05-31,1941,N20,VIIRS,n,2,293.83,1.5,N,2
22.4797,90.71079,308.32,0.38,0.36,2026-05-31,1941,N20,VIIRS,n,2,295.75,1.77,N,2
22.5729,85.89545,333.73,0.53,0.42,2026-05-31,1941,N20,VIIRS,n,2,297.62,3.1,N,2
22.57358,85.89027,312.29,0.53,0.42,2026-05-31,1941,N20,VIIRS,n,2,296.47,3.1,N,2
22.59146,85.90343,309.09,0.53,0.42,2026-05-31,1941,N20,VIIRS,n,2,295.97,1.94,N,2
22.77698,86.22116,307.38,0.51,0.41,2026-05-31,1941,N20,VIIRS,n,2,294.91,0.71,N,0
22.78962,86.21284,309.52,0.51,0.41,2026-05-31,1941,N20,VIIRS,n,2,295.71,1.14,N,0
22.79006,86.21055,314.22,0.51,0.41,2026-05-31,1941,N20,VIIRS,n,2,296.04,1.84,N,2
22.79025,86.20784,311.62,0.51,0.41,2026-05-31,1941,N20,VIIRS,n,2,296.17,1.72,N,2
22.79072,86.20557,308.61,0.51,0.41,2026-05-31,1941,N20,VIIRS,n,2,296.21,1.84,N,2
22.79089,86.20286,307.38,0.51,0.41,2026-05-31,1941,N20,VIIRS,n,2,296.15,1.72,N,2
22.79139,86.20056,307.23,0.51,0.41,2026-05-31,1941,N20,VIIRS,n,2,295.8,2.65,N,2
22.79784,86.20892,311.66,0.51,0.41,2026-05-31,1941,N20,VIIRS,n,2,295.9,1.57,N,2
22.79848,86.20396,308.31,0.51,0.41,2026-05-31,1941,N20,VIIRS,n,2,295.52,1.57,N,2
22.80114,86.09138,313.78,0.52,0.42,2026-05-31,1941,N20,VIIRS,n,2,296.74,1.85,N,2
22.80232,86.08931,308.32,0.52,0.42,2026-05-31,1941,N20,VIIRS,n,2,295.96,1.19,N,2
22.85596,86.05833,308.79,0.52,0.42,2026-05-31,1941,N20,VIIRS,n,2,295.46,0.92,N,0
22.87508,86.0612,309.02,0.52,0.42,2026-05-31,1941,N20,VIIRS,n,2,295.67,1.39,N,2
22.94382,85.96883,308.56,0.53,0.42,2026-05-31,1941,N20,VIIRS,n,2,295.09,1.58,N,0
23.06363,83.0509,313.75,0.53,0.5,2026-05-31,1941,N20,VIIRS,n,2,290.16,1.84,N,0
23.0647,83.05099,316.02,0.53,0.5,2026-05-31,1941,N20,VIIRS,n,2,289.83,3.68,N,0
23.16653,82.3429,309.48,0.59,0.53,2026-05-31,1941,N20,VIIRS,n,2,291.27,2.63,N,2
23.16712,82.33714,305.88,0.59,0.53,2026-05-31,1941,N20,VIIRS,n,2,290.92,2.25,N,2
23.6712,80.15241,308.27,0.41,0.61,2026-05-31,1941,N20,VIIRS,n,2,291.72,0.68,N,0
23.67292,80.15326,307.09,0.41,0.61,2026-05-31,1941,N20,VIIRS,n,2,292.03,0.89,N,0
17.61055,83.2058,303.82,0.44,0.46,2026-05-31,1942,N20,VIIRS,n,2,292.16,1.16,N,2
18.10827,79.89734,306.92,0.37,0.58,2026-05-31,1942,N20,VIIRS,n,2,290.46,1.51,N,0
18.12476,79.48093,300.97,0.39,0.6,2026-05-31,1942,N20,VIIRS,n,2,285.83,1.52,N,0
18.12969,79.79929,306.62,0.37,0.58,2026-05-31,1942,N20,VIIRS,n,2,291.69,1.09,N,0
18.15653,79.49619,307.66,0.39,0.6,2026-05-31,1942,N20,VIIRS,n,2,292.54,3.83,N,0
18.22505,79.59234,304.76,0.39,0.59,2026-05-31,1942,N20,VIIRS,n,2,291.51,1.11,N,0
18.2291,79.7113,315,0.38,0.59,2026-05-31,1942,N20,VIIRS,n,2,292.27,5.44,N,0
18.24961,79.56926,306.19,0.39,0.59,2026-05-31,1942,N20,VIIRS,n,2,292.16,1.09,N,0
18.25204,81.95033,305.09,0.54,0.51,2026-05-31,1942,N20,VIIRS,n,2,291.27,4,N,0
18.25311,79.53591,306.57,0.39,0.59,2026-05-31,1942,N20,VIIRS,n,2,292.48,1.56,N,0
18.28732,79.85563,312.76,0.37,0.58,2026-05-31,1942,N20,VIIRS,n,2,291.25,6.2,N,0
18.28982,79.85664,313.12,0.37,0.58,2026-05-31,1942,N20,VIIRS,n,2,291.78,6.4,N,0
18.34941,79.5765,320.35,0.39,0.59,2026-05-31,1942,N20,VIIRS,n,2,292.28,2.72,N,0
18.38252,79.25734,325.97,0.41,0.61,2026-05-31,1942,N20,VIIRS,n,2,292.68,3.83,N,0
18.62152,79.27207,305.12,0.41,0.61,2026-05-31,1942,N20,VIIRS,n,2,291.94,1.07,N,0
18.83352,78.99126,301.45,0.43,0.62,2026-05-31,1942,N20,VIIRS,n,2,285.41,0.78,N,0
19.09739,82.16838,310.8,0.54,0.51,2026-05-31,1942,N20,VIIRS,n,2,290.28,3.35,N,2
19.0993,82.16707,308.18,0.54,0.51,2026-05-31,1942,N20,VIIRS,n,2,290.05,2.36,N,2
19.1953,76.1942,310.75,0.67,0.73,2026-05-31,1942,N20,VIIRS,n,2,288.57,1.57,N,0
19.96501,79.33365,310.34,0.42,0.61,2026-05-31,1942,N20,VIIRS,n,2,291.09,1.13,N,2
20.58691,76.64094,307.86,0.64,0.72,2026-05-31,1942,N20,VIIRS,n,2,290.8,1.21,N,0
15.84689,79.9752,342.43,0.34,0.56,2026-05-31,1943,N20,VIIRS,n,2,295.12,4.69,N,0
15.84725,79.97202,308.5,0.34,0.56,2026-05-31,1943,N20,VIIRS,n,2,293.28,3.43,N,0
16.20642,78.91557,314.1,0.41,0.6,2026-05-31,1943,N20,VIIRS,n,2,294.13,2.02,N,0
16.21147,78.92088,311.91,0.41,0.6,2026-05-31,1943,N20,VIIRS,n,2,294.51,2.14,N,0
36.99977,80.19297,298.39,0.35,0.56,2026-05-31,2117,N20,VIIRS,n,2,287.81,0.71,N,2
34.35068,72.8035,301.46,0.49,0.4,2026-05-31,2118,N20,VIIRS,n,2,289.51,1.24,N,0
34.35301,72.8111,307.88,0.49,0.4,2026-05-31,2118,N20,VIIRS,n,2,291.17,1.24,N,0
34.35786,72.8061,304.83,0.49,0.4,2026-05-31,2118,N20,VIIRS,n,2,290.64,2.07,N,0
34.59359,71.83585,307.94,0.45,0.39,2026-05-31,2118,N20,VIIRS,n,2,293.24,0.92,N,0
34.59452,71.83084,306.08,0.45,0.39,2026-05-31,2118,N20,VIIRS,n,2,293.06,0.92,N,0
35.24022,71.22876,297.28,0.42,0.38,2026-05-31,2118,N20,VIIRS,n,2,284.36,0.6,N,0
35.96731,68.68494,308.37,0.38,0.36,2026-05-31,2118,N20,VIIRS,n,2,295.35,1.44,N,2
36.96317,68.00155,307.34,0.39,0.36,2026-05-31,2118,N20,VIIRS,n,2,289.92,9.74,N,0
31.77005,70.10857,310.38,0.42,0.38,2026-05-31,2119,N20,VIIRS,n,2,295.26,1.57,N,0
32.28947,70.73814,308.12,0.44,0.38,2026-05-31,2119,N20,VIIRS,n,2,296.67,1.9,N,2
32.88767,71.61708,310.98,0.46,0.39,2026-05-31,2119,N20,VIIRS,n,2,295.13,2.49,N,2
33.63594,73.6633,302.21,0.56,0.43,2026-05-31,2119,N20,VIIRS,n,2,290.11,0.67,N,0
33.63615,73.66492,301.71,0.55,0.43,2026-05-31,2119,N20,VIIRS,n,2,289.98,1.54,N,0
33.64095,73.65855,304.71,0.55,0.43,2026-05-31,2119,N20,VIIRS,n,2,289.05,1.15,N,0
33.64124,73.66004,302.58,0.55,0.43,2026-05-31,2119,N20,VIIRS,n,2,288.91,0.87,N,0
33.74871,73.63079,297.93,0.55,0.43,2026-05-31,2119,N20,VIIRS,n,2,286.12,1.63,N,0
33.74984,73.6252,301.02,0.55,0.43,2026-05-31,2119,N20,VIIRS,n,2,284.46,1.39,N,0
33.75032,73.62652,300.12,0.55,0.43,2026-05-31,2119,N20,VIIRS,n,2,285.64,1.19,N,0
33.78413,73.01749,303.02,0.51,0.41,2026-05-31,2119,N20,VIIRS,n,2,290.61,0.94,N,0
33.85161,72.87458,306.38,0.5,0.41,2026-05-31,2119,N20,VIIRS,n,2,293.36,1.17,N,0
34.35128,72.80816,305.02,0.49,0.4,2026-05-31,2119,N20,VIIRS,n,2,290.69,1.47,N,0
34.35484,72.80967,307.35,0.49,0.4,2026-05-31,2119,N20,VIIRS,n,2,290.35,2.15,N,0
34.46051,68.70563,305.32,0.38,0.36,2026-05-31,2119,N20,VIIRS,n,2,282.76,0.32,N,0
26.64422,79.48151,302.52,0.57,0.69,2026-05-31,2120,N20,VIIRS,n,2,286.51,1.2,N,2
26.78794,78.4488,300.82,0.49,0.65,2026-05-31,2120,N20,VIIRS,n,2,286.99,0.56,N,0
26.78995,78.44849,300.52,0.49,0.65,2026-05-31,2120,N20,VIIRS,n,2,286.89,0.69,N,0
27.66684,76.13033,302.95,0.34,0.56,2026-05-31,2120,N20,VIIRS,n,2,290.47,1.05,N,2
27.82529,68.53232,312.57,0.41,0.37,2026-05-31,2120,N20,VIIRS,n,2,298.24,1.11,N,0
27.87579,68.13847,315.19,0.4,0.37,2026-05-31,2120,N20,VIIRS,n,2,298.13,0.65,N,0
27.9827,68.27326,312.89,0.4,0.37,2026-05-31,2120,N20,VIIRS,n,2,298.4,1.02,N,0
28.15421,68.25508,316.9,0.4,0.37,2026-05-31,2120,N20,VIIRS,n,2,298.35,1.22,N,0
28.1689,68.42115,316.36,0.4,0.37,2026-05-31,2120,N20,VIIRS,n,2,298.53,0.87,N,0
28.27261,77.21492,300.44,0.38,0.59,2026-05-31,2120,N20,VIIRS,n,2,287.13,0.55,N,0
28.27363,77.18713,303.66,0.38,0.59,2026-05-31,2120,N20,VIIRS,n,2,287.76,0.42,N,0
28.34293,68.47101,314.4,0.41,0.37,2026-05-31,2120,N20,VIIRS,n,2,297.93,0.74,N,0
28.34467,77.25648,300.82,0.38,0.59,2026-05-31,2120,N20,VIIRS,n,2,287.52,0.3,N,0
28.39665,68.28693,325.21,0.4,0.37,2026-05-31,2120,N20,VIIRS,n,2,298.84,2.02,N,0
28.40591,69.16547,320.1,0.42,0.38,2026-05-31,2120,N20,VIIRS,n,2,297.83,1.97,N,0
28.40666,69.1612,323.16,0.42,0.38,2026-05-31,2120,N20,VIIRS,n,2,297.58,1.97,N,0
28.41613,68.92617,320.17,0.42,0.37,2026-05-31,2120,N20,VIIRS,n,2,298.36,1.57,N,0
28.42324,69.70148,310.01,0.44,0.38,2026-05-31,2120,N20,VIIRS,n,2,296.28,1.58,N,2
28.42604,69.60539,320.65,0.44,0.38,2026-05-31,2120,N20,VIIRS,n,2,297.39,2.24,N,0
28.42684,69.60099,315.85,0.44,0.38,2026-05-31,2120,N20,VIIRS,n,2,296.93,1.47,N,0
28.44931,69.45578,336.17,0.43,0.38,2026-05-31,2120,N20,VIIRS,n,2,298.87,4.64,N,0
28.46718,68.21859,327.63,0.4,0.37,2026-05-31,2120,N20,VIIRS,n,2,299.25,2.09,N,0
28.47052,68.21931,316.23,0.4,0.37,2026-05-31,2120,N20,VIIRS,n,2,299.33,1.55,N,0
28.49457,68.22033,324.94,0.4,0.37,2026-05-31,2120,N20,VIIRS,n,2,299.44,2.23,N,0
28.49858,68.21702,315.29,0.4,0.37,2026-05-31,2120,N20,VIIRS,n,2,299.32,0.97,N,0
28.59514,68.50512,309.76,0.4,0.37,2026-05-31,2120,N20,VIIRS,n,2,298.15,1.07,N,0
28.5985,68.50585,333.63,0.4,0.37,2026-05-31,2120,N20,VIIRS,n,2,299.34,6.01,N,0
28.61238,68.62789,317.41,0.41,0.37,2026-05-31,2120,N20,VIIRS,n,2,298.97,1,N,2
28.65828,76.84617,301.48,0.35,0.57,2026-05-31,2120,N20,VIIRS,n,2,288.53,0.57,N,0
31.09566,69.16228,303.28,0.4,0.37,2026-05-31,2120,N20,VIIRS,n,2,292.29,0.37,N,0
21.99781,79.18719,303.71,0.7,0.75,2026-05-31,2121,N20,VIIRS,n,2,289.45,1.56,N,0
21.99943,79.1897,303.52,0.7,0.75,2026-05-31,2121,N20,VIIRS,n,2,289.66,1.62,N,0
23.92349,76.92936,308.36,0.46,0.63,2026-05-31,2121,N20,VIIRS,n,2,287.22,1.55,N,0
24.6894,73.00261,310.77,0.5,0.49,2026-05-31,2121,N20,VIIRS,n,2,296.97,1.82,N,2
24.7548,68.39207,309.74,0.43,0.38,2026-05-31,2121,N20,VIIRS,n,2,295.69,1.02,N,0
24.75653,68.39125,309.54,0.43,0.38,2026-05-31,2121,N20,VIIRS,n,2,295.83,0.92,N,0
24.82222,73.0938,308.97,0.51,0.49,2026-05-31,2121,N20,VIIRS,n,2,296.71,1.36,N,2
25.38937,68.58253,312.39,0.43,0.38,2026-05-31,2121,N20,VIIRS,n,2,296.11,1.9,N,2
26.09349,68.88049,312.37,0.44,0.38,2026-05-31,2121,N20,VIIRS,n,2,298.59,0.85,N,2
26.09483,68.87826,312.36,0.44,0.38,2026-05-31,2121,N20,VIIRS,n,2,298.48,0.93,N,2
26.25725,74.0974,306.93,0.54,0.51,2026-05-31,2121,N20,VIIRS,n,2,292.67,1.23,N,0
27.53735,69.31077,314.72,0.44,0.38,2026-05-31,2121,N20,VIIRS,n,2,299.29,0.94,N,0
20.52211,73.17314,305.83,0.62,0.54,2026-05-31,2122,N20,VIIRS,n,2,293.68,3.41,N,0
21.10459,72.64433,339.05,0.56,0.51,2026-05-31,2122,N20,VIIRS,n,2,294,5.98,N,2
21.10621,72.64922,322.85,0.56,0.52,2026-05-31,2122,N20,VIIRS,n,2,294.93,8.39,N,2
21.10728,72.64394,328.77,0.56,0.51,2026-05-31,2122,N20,VIIRS,n,2,294,7.18,N,2
21.10924,72.64543,314.77,0.56,0.51,2026-05-31,2122,N20,VIIRS,n,2,294.4,5.98,N,2
21.82937,78.3481,303.94,0.62,0.72,2026-05-31,2122,N20,VIIRS,n,2,290.53,1.06,N,0
22.09413,76.89734,302.48,0.5,0.66,2026-05-31,2122,N20,VIIRS,n,2,289.56,1.64,N,0
22.26631,75.13369,310.7,0.38,0.59,2026-05-31,2122,N20,VIIRS,n,2,292.53,1.52,N,2
22.41707,69.03838,315.1,0.49,0.4,2026-05-31,2122,N20,VIIRS,n,2,299.18,0.89,N,2
22.82202,69.68159,316.16,0.52,0.42,2026-05-31,2122,N20,VIIRS,n,2,298.81,3.9,N,0
22.93239,69.69691,312.16,0.52,0.42,2026-05-31,2122,N20,VIIRS,n,2,297.23,3.63,N,0
23.43693,68.71632,309.1,0.46,0.39,2026-05-31,2122,N20,VIIRS,n,2,297.23,2.12,N,0
23.4405,68.71707,315.43,0.46,0.39,2026-05-31,2122,N20,VIIRS,n,2,297.57,2.12,N,0
18.4222,73.94517,303.59,0.38,0.59,2026-05-31,2123,N20,VIIRS,n,2,291.45,0.53,N,0
18.67941,73.03488,319.23,0.33,0.55,2026-05-31,2123,N20,VIIRS,n,2,294.86,1.66,N,0
18.68378,73.03909,307.61,0.33,0.55,2026-05-31,2123,N20,VIIRS,n,2,295.08,1.66,N,2
18.68441,73.03601,307.54,0.33,0.55,2026-05-31,2123,N20,VIIRS,n,2,295.24,1.66,N,2
18.68505,73.03295,310.29,0.33,0.55,2026-05-31,2123,N20,VIIRS,n,2,295.04,2.76,N,2
18.68567,73.02989,320.82,0.33,0.55,2026-05-31,2123,N20,VIIRS,n,2,294.82,2.76,N,2
18.69379,73.04137,308.36,0.33,0.55,2026-05-31,2123,N20,VIIRS,n,2,295.56,3.42,N,2
19.10704,73.05237,312.59,0.33,0.55,2026-05-31,2123,N20,VIIRS,n,2,294.24,0.66,N,2
19.17576,73.53775,313.38,0.35,0.57,2026-05-31,2123,N20,VIIRS,n,2,292.45,1.64,N,0
19.36908,71.35345,340.29,0.5,0.49,2026-05-31,2123,N20,VIIRS,n,2,296.64,15.09,N,3
15.65745,73.98907,301.5,0.44,0.62,2026-05-31,2124,N20,VIIRS,n,2,267.11,1.12,N,2
17.72527,95.58761,331.64,0.39,0.36,2026-06-01,652,N20,VIIRS,n,2,296.67,4.11,D,0
20.49558,81.35336,338.93,0.71,0.75,2026-06-01,653,N20,VIIRS,n,2,291.03,20.1,D,0
20.4988,81.36655,337.26,0.71,0.75,2026-06-01,653,N20,VIIRS,n,2,288.89,13.22,D,0
20.73767,81.21814,330.6,0.72,0.76,2026-06-01,653,N20,VIIRS,n,2,291.89,4.73,D,0
20.75663,85.30083,331.29,0.39,0.6,2026-06-01,653,N20,VIIRS,n,2,300.06,2.27,D,2
20.75808,81.95934,330.6,0.65,0.73,2026-06-01,653,N20,VIIRS,n,2,289.03,5.11,D,0
20.79237,85.25658,331.4,0.4,0.6,2026-06-01,653,N20,VIIRS,n,2,296.26,2.06,D,2
20.80145,84.1563,336.32,0.47,0.64,2026-06-01,653,N20,VIIRS,n,2,294.97,2.97,D,0
20.83977,84.16496,338.49,0.47,0.64,2026-06-01,653,N20,VIIRS,n,2,295.49,3.39,D,0
20.84129,81.77618,349.29,0.66,0.73,2026-06-01,653,N20,VIIRS,n,2,289.32,6.79,D,0
20.84356,81.77575,340.73,0.66,0.73,2026-06-01,653,N20,VIIRS,n,2,289.4,9.21,D,0
20.86138,84.99046,332.33,0.41,0.61,2026-06-01,653,N20,VIIRS,n,2,296.95,3.11,D,2
20.88236,81.83005,334.26,0.65,0.73,2026-06-01,653,N20,VIIRS,n,2,290.19,3.65,D,0
20.88422,81.82965,343.04,0.65,0.73,2026-06-01,653,N20,VIIRS,n,2,290.61,6.53,D,0
20.88887,81.82829,331.36,0.65,0.73,2026-06-01,653,N20,VIIRS,n,2,290.14,3.65,D,0
20.94929,86.0495,330.76,0.35,0.57,2026-06-01,653,N20,VIIRS,n,2,298.38,3.83,D,2
20.96249,85.16469,332.69,0.4,0.6,2026-06-01,653,N20,VIIRS,n,2,298.35,6.14,D,2
21.34572,83.20099,334.28,0.52,0.67,2026-06-01,653,N20,VIIRS,n,2,290.31,8.08,D,0
21.68021,96.15801,330.13,0.39,0.36,2026-06-01,653,N20,VIIRS,n,2,290.03,2.33,D,0
21.01871,80.85632,331.92,0.75,0.77,2026-06-01,654,N20,VIIRS,n,2,290.73,4.51,D,0
21.5047,83.30539,336.36,0.51,0.66,2026-06-01,654,N20,VIIRS,n,2,292.72,6.32,D,0
21.65217,83.32424,367,0.5,0.66,2026-06-01,654,N20,VIIRS,h,2,294.39,9.3,D,0
21.6554,83.32288,367,0.51,0.66,2026-06-01,654,N20,VIIRS,h,2,294.83,17.04,D,0
21.65649,83.32762,341.46,0.51,0.66,2026-06-01,654,N20,VIIRS,n,2,293.34,8.51,D,0
21.65808,83.32268,337.53,0.5,0.66,2026-06-01,654,N20,VIIRS,n,2,293.86,9.3,D,0
21.79231,82.64058,335.73,0.55,0.68,2026-06-01,654,N20,VIIRS,n,2,293.04,4.71,D,0
21.80089,82.64935,367,0.55,0.68,2026-06-01,654,N20,VIIRS,h,2,294.66,29.17,D,0
21.80212,82.65457,342.46,0.55,0.68,2026-06-01,654,N20,VIIRS,n,2,292.84,16.5,D,0
21.85145,82.67696,336.06,0.55,0.68,2026-06-01,654,N20,VIIRS,n,2,292.44,6.11,D,0
21.85216,82.67402,332.09,0.55,0.68,2026-06-01,654,N20,VIIRS,n,2,292.6,5.44,D,0
21.85267,82.68205,342.8,0.55,0.68,2026-06-01,654,N20,VIIRS,n,2,292.27,6.11,D,0
21.85336,82.67916,337.22,0.55,0.68,2026-06-01,654,N20,VIIRS,n,2,292.49,5.44,D,0
21.85454,82.68425,335.28,0.55,0.68,2026-06-01,654,N20,VIIRS,n,2,291.87,6.04,D,0
21.87931,82.90089,333.16,0.53,0.67,2026-06-01,654,N20,VIIRS,n,2,292.3,2.02,D,0
21.87983,82.90373,334.1,0.53,0.67,2026-06-01,654,N20,VIIRS,n,2,292.2,2.35,D,0
21.91713,82.89899,331.78,0.53,0.67,2026-06-01,654,N20,VIIRS,n,2,292.96,1.54,D,0
21.93813,83.04556,347.33,0.52,0.67,2026-06-01,654,N20,VIIRS,n,2,292.6,7.71,D,0
21.93859,83.04243,344.08,0.52,0.67,2026-06-01,654,N20,VIIRS,n,2,292.61,7.42,D,0
21.93974,83.04731,333.24,0.52,0.67,2026-06-01,654,N20,VIIRS,n,2,292.44,5.49,D,0
21.97414,82.92304,330.04,0.53,0.67,2026-06-01,654,N20,VIIRS,n,2,292.73,2.69,D,0
22.36557,87.30098,332,0.55,0.51,2026-06-01,654,N20,VIIRS,n,2,301.23,5.15,D,2
22.4853,79.92787,331.52,0.79,0.78,2026-06-01,654,N20,VIIRS,n,2,292.83,6.9,D,0
23.32756,80.23992,330.95,0.72,0.76,2026-06-01,654,N20,VIIRS,n,2,289.95,6.79,D,0
23.41737,90.36649,334.55,0.52,0.41,2026-06-01,654,N20,VIIRS,n,2,295.38,4.05,D,0
23.67628,86.39945,330.23,0.59,0.53,2026-06-01,654,N20,VIIRS,n,2,300.09,8.39,D,2
23.67637,86.40084,330.92,0.59,0.53,2026-06-01,654,N20,VIIRS,n,2,300.39,8.17,D,2
23.76712,86.40498,334.69,0.58,0.52,2026-06-01,654,N20,VIIRS,n,2,295.78,5.3,D,2
23.76734,86.40703,331.19,0.58,0.52,2026-06-01,654,N20,VIIRS,n,2,295.64,5.08,D,2
23.82235,84.57475,336.34,0.38,0.59,2026-06-01,654,N20,VIIRS,n,2,300.59,6.29,D,0
23.82429,84.57457,337.74,0.38,0.59,2026-06-01,654,N20,VIIRS,n,2,300.7,5.79,D,0
24.86448,82.21765,336.62,0.5,0.66,2026-06-01,654,N20,VIIRS,n,2,299.54,3.08,D,0
25.58139,92.12543,330.93,0.41,0.37,2026-06-01,654,N20,VIIRS,l,2,293.67,3.13,D,0
25.58479,92.12473,356.39,0.41,0.37,2026-06-01,654,N20,VIIRS,l,2,292.9,16.2,D,0
25.80008,91.56648,352.3,0.43,0.38,2026-06-01,654,N20,VIIRS,l,2,304.4,42.3,D,0
25.81858,91.46548,330.18,0.43,0.38,2026-06-01,654,N20,VIIRS,n,2,295.92,1.63,D,0
26.90513,96.21555,332.51,0.42,0.37,2026-06-01,654,N20,VIIRS,n,2,296.67,4.04,D,0
26.90573,96.21999,331.42,0.42,0.38,2026-06-01,654,N20,VIIRS,n,2,296.41,4.1,D,0
24.98206,82.05885,330.92,0.51,0.66,2026-06-01,655,N20,VIIRS,n,2,297.52,1.91,D,0
25.09164,82.08245,338.39,0.51,0.66,2026-06-01,655,N20,VIIRS,n,2,297.85,4.08,D,0
25.09547,82.08321,336.56,0.51,0.66,2026-06-01,655,N20,VIIRS,n,2,298.72,3.17,D,0
26.54771,84.47966,345.06,0.33,0.56,2026-06-01,655,N20,VIIRS,n,2,293.81,3.98,D,0
27.06773,87.09245,337.38,0.46,0.47,2026-06-01,655,N20,VIIRS,n,2,298.09,3.51,D,0
27.08451,87.19726,341.58,0.45,0.47,2026-06-01,655,N20,VIIRS,n,2,301.94,7.87,D,0
27.08731,87.23309,345.07,0.45,0.47,2026-06-01,655,N20,VIIRS,n,2,300.74,5.92,D,0
27.13899,87.18549,333.09,0.45,0.47,2026-06-01,655,N20,VIIRS,n,2,300.11,3.67,D,0
27.31304,92.70942,331.12,0.39,0.36,2026-06-01,655,N20,VIIRS,n,2,296.45,4.96,D,0
27.32792,92.67455,333.35,0.39,0.36,2026-06-01,655,N20,VIIRS,n,2,294.77,2.59,D,0
27.75122,96.14109,332.8,0.42,0.38,2026-06-01,655,N20,VIIRS,n,2,296.65,1.88,D,0
27.75456,95.43578,330.03,0.4,0.37,2026-06-01,655,N20,VIIRS,l,2,302.01,5.82,D,0
27.77173,95.533,334.8,0.41,0.37,2026-06-01,655,N20,VIIRS,n,2,303.86,2.9,D,0
27.77626,95.54059,330.99,0.41,0.37,2026-06-01,655,N20,VIIRS,l,2,301.62,6.17,D,0
27.78022,95.54409,331.11,0.41,0.37,2026-06-01,655,N20,VIIRS,l,2,301.84,2.45,D,0
28.03781,95.43278,336.58,0.4,0.37,2026-06-01,655,N20,VIIRS,n,2,306.35,4.42,D,0
28.04119,95.43218,336.02,0.4,0.37,2026-06-01,655,N20,VIIRS,n,2,305.05,4.42,D,0
28.05412,95.42569,332.77,0.4,0.37,2026-06-01,655,N20,VIIRS,l,2,304.45,4.02,D,0
28.0547,95.42979,332.74,0.4,0.37,2026-06-01,655,N20,VIIRS,l,2,303.9,3.07,D,0
28.05635,95.41692,332.86,0.4,0.37,2026-06-01,655,N20,VIIRS,l,2,304.46,2.89,D,0
28.05692,95.42101,333.29,0.4,0.37,2026-06-01,655,N20,VIIRS,l,2,304.75,6.8,D,0
28.06181,95.35737,334.88,0.4,0.37,2026-06-01,655,N20,VIIRS,n,2,304.87,4.9,D,0
28.06518,95.35677,335.48,0.4,0.37,2026-06-01,655,N20,VIIRS,n,2,304.9,4.9,D,0
28.0674,95.34803,334.32,0.4,0.37,2026-06-01,655,N20,VIIRS,l,2,304.73,5.94,D,0
28.06805,95.37717,336.05,0.4,0.37,2026-06-01,655,N20,VIIRS,n,2,305.61,11.38,D,0
28.06928,95.41044,331.14,0.4,0.37,2026-06-01,655,N20,VIIRS,l,2,303.29,3.83,D,0
28.11964,95.46532,340.95,0.41,0.37,2026-06-01,655,N20,VIIRS,n,2,296.74,4.56,D,0
28.12583,95.45999,343.65,0.41,0.37,2026-06-01,655,N20,VIIRS,n,2,296.85,5.65,D,0
28.13004,95.3165,332.71,0.4,0.37,2026-06-01,655,N20,VIIRS,n,2,296.11,2.94,D,0
28.13145,95.45053,342.31,0.41,0.37,2026-06-01,655,N20,VIIRS,n,2,299.69,15.88,D,0
28.13202,95.45466,347.05,0.41,0.37,2026-06-01,655,N20,VIIRS,n,2,296.46,15.88,D,0
28.13482,95.44994,348.35,0.41,0.37,2026-06-01,655,N20,VIIRS,n,2,295.04,7.09,D,0
28.1354,95.45405,335.09,0.41,0.37,2026-06-01,655,N20,VIIRS,n,2,292.86,7.09,D,0
28.13654,95.46227,339.39,0.41,0.37,2026-06-01,655,N20,VIIRS,n,2,297.18,28.66,D,0
28.13992,95.46165,341.56,0.41,0.37,2026-06-01,655,N20,VIIRS,n,2,293.75,28.66,D,0
28.14428,95.39355,336.83,0.4,0.37,2026-06-01,655,N20,VIIRS,n,2,298.14,2.64,D,0
28.18041,95.67922,331.94,0.41,0.37,2026-06-01,655,N20,VIIRS,l,2,303.09,4.53,D,0
28.27034,95.04114,332.05,0.4,0.37,2026-06-01,655,N20,VIIRS,n,2,297.43,2.52,D,0
28.3723,95.2765,336.15,0.4,0.37,2026-06-01,655,N20,VIIRS,n,2,292.12,21.68,D,0
28.94188,94.84824,335.03,0.4,0.37,2026-06-01,655,N20,VIIRS,n,2,292.26,3.61,D,0
29.4775,94.44587,332.86,0.39,0.36,2026-06-01,655,N20,VIIRS,l,2,305.04,3.46,D,0
29.62329,91.07047,367,0.41,0.37,2026-06-01,655,N20,VIIRS,h,2,314.25,18.37,D,0
8.74138,77.75715,337.87,0.57,0.43,2026-06-01,831,N20,VIIRS,n,2,299.81,3.89,D,0
8.74789,78.078,339.48,0.4,0.44,2026-06-01,831,N20,VIIRS,n,2,297.85,6.06,D,0
8.80227,77.90195,343.29,0.39,0.44,2026-06-01,831,N20,VIIRS,n,2,304.99,10.95,D,0
9.10966,77.81358,346.03,0.39,0.44,2026-06-01,831,N20,VIIRS,n,2,306.19,9.4,D,0
9.15125,77.93436,346.11,0.39,0.44,2026-06-01,831,N20,VIIRS,n,2,302.83,7.45,D,0
9.20556,77.69756,335.4,0.57,0.43,2026-06-01,831,N20,VIIRS,n,2,301.61,8.26,D,0
9.36995,78.53875,330.9,0.43,0.46,2026-06-01,831,N20,VIIRS,l,2,301.88,1.92,D,0
9.50213,77.67682,334.36,0.38,0.43,2026-06-01,831,N20,VIIRS,n,2,301.97,4.56,D,0
9.7819,78.17402,331.13,0.42,0.45,2026-06-01,831,N20,VIIRS,n,2,301.12,2.92,D,0
10.01787,79.16233,332.58,0.49,0.48,2026-06-01,831,N20,VIIRS,n,2,297.37,2.45,D,0
10.87192,77.40308,330.04,0.39,0.44,2026-06-01,831,N20,VIIRS,n,2,298.97,2.01,D,0
11.07592,77.71304,345.37,0.4,0.45,2026-06-01,831,N20,VIIRS,n,2,299.67,5.55,D,0
11.15102,77.84016,331.07,0.41,0.45,2026-06-01,831,N20,VIIRS,n,2,298.59,1.99,D,0
11.35966,78.69988,333.89,0.47,0.48,2026-06-01,831,N20,VIIRS,n,2,295.12,3.7,D,0
12.09035,79.83438,337.16,0.58,0.52,2026-06-01,831,N20,VIIRS,n,2,295.84,5.26,D,0
12.14868,79.68005,339.22,0.56,0.52,2026-06-01,831,N20,VIIRS,n,2,294.56,5.66,D,0
12.37799,79.60699,331.68,0.56,0.52,2026-06-01,831,N20,VIIRS,n,2,297.84,2.47,D,0
12.47906,79.97339,332.02,0.6,0.53,2026-06-01,831,N20,VIIRS,n,2,296.63,4.29,D,0
12.18085,75.2274,336.89,0.46,0.39,2026-06-01,832,N20,VIIRS,n,2,293.72,5.32,D,0
12.47726,79.97165,331.61,0.6,0.53,2026-06-01,832,N20,VIIRS,n,2,297.1,3.01,D,0
12.49552,79.61105,341.28,0.56,0.52,2026-06-01,832,N20,VIIRS,n,2,296.49,4.59,D,0
13.6056,74.85854,335.33,0.45,0.39,2026-06-01,832,N20,VIIRS,n,2,300.3,2.95,D,0
13.88893,76.13288,333.42,0.53,0.42,2026-06-01,832,N20,VIIRS,n,2,299.93,3.58,D,0
14.14362,75.48003,333.22,0.49,0.41,2026-06-01,832,N20,VIIRS,n,2,300.95,3.51,D,0
14.21011,79.21223,337.99,0.56,0.51,2026-06-01,832,N20,VIIRS,n,2,297.6,3.99,D,0
14.30679,74.98023,334.65,0.47,0.4,2026-06-01,832,N20,VIIRS,n,2,299.13,2.3,D,0
15.01179,75.97105,339.28,0.54,0.42,2026-06-01,832,N20,VIIRS,n,2,305.16,11.75,D,0
15.1773,76.65784,331.67,0.39,0.44,2026-06-01,832,N20,VIIRS,l,2,302.87,3.09,D,2
15.38521,74.40192,337.06,0.45,0.39,2026-06-01,832,N20,VIIRS,n,2,301.52,4.91,D,0
15.44417,78.58719,333.69,0.53,0.5,2026-06-01,832,N20,VIIRS,n,2,287.23,3.34,D,0
15.46904,77.70084,343.6,0.46,0.47,2026-06-01,832,N20,VIIRS,n,2,297.38,7.65,D,0
15.63259,77.82735,331.75,0.47,0.48,2026-06-01,832,N20,VIIRS,n,2,300.42,2.17,D,0
15.70891,75.1527,339.21,0.49,0.41,2026-06-01,833,N20,VIIRS,l,2,311.08,10.26,D,0
16.11308,73.65121,347.2,0.43,0.38,2026-06-01,833,N20,VIIRS,n,2,305.36,24.46,D,0
16.17299,76.35088,346.65,0.39,0.44,2026-06-01,833,N20,VIIRS,n,2,303.46,11.86,D,0
16.21095,77.90986,345.32,0.49,0.48,2026-06-01,833,N20,VIIRS,n,2,302.07,5.44,D,0
16.23831,78.06055,336.2,0.5,0.49,2026-06-01,833,N20,VIIRS,n,2,294.36,3.43,D,0
16.24642,73.62692,333.99,0.43,0.38,2026-06-01,833,N20,VIIRS,n,2,301.73,2.58,D,0
16.25663,77.91317,334.06,0.49,0.48,2026-06-01,833,N20,VIIRS,n,2,303.33,2.93,D,0
16.2798,73.7608,335,0.43,0.38,2026-06-01,833,N20,VIIRS,n,2,302.68,1.56,D,0
16.30299,78.1761,337.59,0.51,0.49,2026-06-01,833,N20,VIIRS,n,2,295.79,7.85,D,0
16.31191,78.16267,336.03,0.51,0.49,2026-06-01,833,N20,VIIRS,n,2,293.94,4.26,D,0
16.4231,78.23762,330.96,0.52,0.5,2026-06-01,833,N20,VIIRS,n,2,298.71,1.99,D,0
16.56045,74.47469,333.92,0.47,0.39,2026-06-01,833,N20,VIIRS,l,2,304.07,1.9,D,0
16.58295,73.75805,338.23,0.44,0.38,2026-06-01,833,N20,VIIRS,n,2,302.11,11.56,D,0
16.58645,73.75755,336.56,0.44,0.38,2026-06-01,833,N20,VIIRS,n,2,302.9,6.96,D,0
16.71824,75.72984,340,0.55,0.42,2026-06-01,833,N20,VIIRS,n,2,305.6,10.77,D,0
16.76296,81.04283,325.79,0.4,0.6,2026-06-01,833,N20,VIIRS,n,2,288.01,2.43,D,0
16.76337,81.04355,326.4,0.4,0.6,2026-06-01,833,N20,VIIRS,n,2,287.39,3.73,D,0
16.89509,76.13431,341.76,0.39,0.44,2026-06-01,833,N20,VIIRS,n,2,307.46,2.24,D,0
16.97651,78.61988,330.63,0.56,0.51,2026-06-01,833,N20,VIIRS,n,2,285.22,2.78,D,0
17.24798,73.57841,336.33,0.43,0.38,2026-06-01,833,N20,VIIRS,n,2,300.51,2.35,D,0
17.29612,73.41399,339.72,0.43,0.38,2026-06-01,833,N20,VIIRS,n,2,307.06,6.47,D,0
17.2967,73.41802,335.41,0.43,0.38,2026-06-01,833,N20,VIIRS,n,2,302.83,1.38,D,0
17.29976,73.34,341.16,0.43,0.38,2026-06-01,833,N20,VIIRS,n,2,306.54,5.73,D,0
17.47635,73.28167,334.43,0.42,0.38,2026-06-01,833,N20,VIIRS,n,2,302.35,4.24,D,0
17.52654,74.93793,344.76,0.5,0.41,2026-06-01,833,N20,VIIRS,n,2,312.89,18.92,D,0
17.52756,74.9394,341.85,0.5,0.41,2026-06-01,833,N20,VIIRS,l,2,314.16,17.42,D,0
17.53438,73.4045,333.82,0.43,0.38,2026-06-01,833,N20,VIIRS,n,2,303.41,4.61,D,0
17.55562,78.82745,337.91,0.58,0.52,2026-06-01,833,N20,VIIRS,n,2,296.7,4.41,D,0
17.67521,78.14832,339.15,0.53,0.5,2026-06-01,833,N20,VIIRS,n,2,305.77,7.19,D,0
17.69573,79.3342,339.37,0.63,0.54,2026-06-01,833,N20,VIIRS,n,2,290.43,10.07,D,0
17.73242,78.08263,334.34,0.52,0.5,2026-06-01,833,N20,VIIRS,l,2,304.53,3.4,D,0
17.77568,79.6024,330.16,0.33,0.55,2026-06-01,833,N20,VIIRS,n,2,285.45,2.89,D,0
17.77601,79.60555,335.64,0.33,0.55,2026-06-01,833,N20,VIIRS,n,2,284.7,2.89,D,0
17.85837,74.75889,337.97,0.5,0.41,2026-06-01,833,N20,VIIRS,l,2,310.96,9.19,D,0
17.88893,74.81703,340.13,0.5,0.41,2026-06-01,833,N20,VIIRS,l,2,311.39,7.19,D,0
17.92682,79.40032,351.51,0.32,0.55,2026-06-01,833,N20,VIIRS,n,2,292.36,5.63,D,0
17.96281,79.53748,342.93,0.33,0.55,2026-06-01,833,N20,VIIRS,n,2,291.2,3.08,D,0
17.96643,79.53766,330.32,0.33,0.55,2026-06-01,833,N20,VIIRS,n,2,290.42,2.88,D,0
17.98372,78.0399,336.06,0.53,0.5,2026-06-01,833,N20,VIIRS,n,2,304.97,5.49,D,0
18.00329,78.41008,338.9,0.56,0.51,2026-06-01,833,N20,VIIRS,n,2,302.97,5.5,D,0
18.02332,77.81935,333.98,0.51,0.49,2026-06-01,833,N20,VIIRS,l,2,304.93,4.26,D,0
18.02747,73.22362,330.92,0.43,0.38,2026-06-01,833,N20,VIIRS,l,2,304.15,2.28,D,0
18.02993,76.09434,344.57,0.4,0.44,2026-06-01,833,N20,VIIRS,n,2,309.29,6.17,D,0
18.04113,79.94747,338.07,0.35,0.57,2026-06-01,833,N20,VIIRS,n,2,286.04,2.2,D,0
18.06623,79.50749,336.13,0.33,0.55,2026-06-01,833,N20,VIIRS,n,2,292.33,3.12,D,0
18.06658,79.51062,337.28,0.33,0.55,2026-06-01,833,N20,VIIRS,n,2,293.57,3.12,D,0
18.08921,73.58537,339.48,0.44,0.38,2026-06-01,833,N20,VIIRS,n,2,307.67,7.3,D,0
18.10176,73.41262,344.17,0.44,0.38,2026-06-01,833,N20,VIIRS,n,2,308.96,13.59,D,0
18.15739,79.50791,337.06,0.33,0.55,2026-06-01,833,N20,VIIRS,n,2,295.83,4.56,D,0
18.16179,79.50109,352.27,0.33,0.55,2026-06-01,833,N20,VIIRS,n,2,296.18,4.27,D,0
18.16319,79.51358,336.79,0.33,0.55,2026-06-01,833,N20,VIIRS,n,2,292.6,4.03,D,0
18.16689,79.50056,331.93,0.33,0.55,2026-06-01,833,N20,VIIRS,n,2,292.86,4.27,D,0
18.16794,79.50993,342.67,0.33,0.55,2026-06-01,833,N20,VIIRS,n,2,293.75,8.38,D,0
18.16829,79.51305,345.12,0.33,0.55,2026-06-01,833,N20,VIIRS,n,2,291.67,4.03,D,0
18.20522,79.78371,331.54,0.34,0.56,2026-06-01,833,N20,VIIRS,n,2,293.53,3.2,D,0
18.22088,79.34878,334.1,0.32,0.55,2026-06-01,833,N20,VIIRS,n,2,292.04,2.3,D,0
18.2233,79.46456,335.88,0.33,0.55,2026-06-01,833,N20,VIIRS,n,2,284.52,1.62,D,0
18.22627,79.3513,338.99,0.32,0.55,2026-06-01,833,N20,VIIRS,n,2,290.16,2.3,D,0
18.23438,79.37842,342.79,0.32,0.55,2026-06-01,833,N20,VIIRS,n,2,287.03,2.48,D,0
18.26072,73.09943,333.67,0.42,0.38,2026-06-01,833,N20,VIIRS,n,2,303.29,2.46,D,0
18.28889,79.73159,333.92,0.34,0.56,2026-06-01,833,N20,VIIRS,n,2,289.01,3.75,D,0
18.28925,79.73485,351.01,0.34,0.56,2026-06-01,833,N20,VIIRS,n,2,288.18,3.75,D,0
18.2905,77.9147,341.56,0.52,0.5,2026-06-01,833,N20,VIIRS,n,2,305.2,8.53,D,0
18.29443,79.73431,355.34,0.34,0.56,2026-06-01,833,N20,VIIRS,n,2,286.22,4.91,D,0
18.30914,79.91669,344.4,0.35,0.57,2026-06-01,833,N20,VIIRS,n,2,286.32,5.73,D,0
18.30951,79.92003,344.21,0.35,0.57,2026-06-01,833,N20,VIIRS,n,2,287.73,5.73,D,0
18.30987,79.92338,356.49,0.35,0.57,2026-06-01,833,N20,VIIRS,l,2,286.69,8.01,D,0
18.31652,78.25838,340.26,0.55,0.51,2026-06-01,833,N20,VIIRS,n,2,310.09,7.19,D,0
18.32943,73.08504,336.06,0.42,0.38,2026-06-01,833,N20,VIIRS,n,2,303.68,3.74,D,0
18.33,73.08909,345.81,0.42,0.38,2026-06-01,833,N20,VIIRS,n,2,306.44,3.74,D,0
18.33413,79.50432,336.88,0.33,0.55,2026-06-01,833,N20,VIIRS,n,2,291.17,2.4,D,0
18.33585,79.56818,356.17,0.33,0.56,2026-06-01,833,N20,VIIRS,l,2,283.8,6.37,D,0
18.33924,79.50377,334.92,0.33,0.55,2026-06-01,833,N20,VIIRS,n,2,291.23,2.4,D,0
18.34063,79.5644,356.52,0.33,0.56,2026-06-01,833,N20,VIIRS,l,2,288.92,6.89,D,0
18.34098,79.5676,356.44,0.33,0.56,2026-06-01,833,N20,VIIRS,l,2,286.98,5.57,D,0
18.34132,79.57079,334.77,0.33,0.56,2026-06-01,833,N20,VIIRS,n,2,283.14,5.57,D,0
18.34576,79.56387,340.19,0.33,0.56,2026-06-01,833,N20,VIIRS,n,2,288.76,6.89,D,0
18.36555,78.00105,345.75,0.53,0.5,2026-06-01,833,N20,VIIRS,n,2,302.84,8.57,D,0
18.3812,77.89436,337.7,0.52,0.5,2026-06-01,833,N20,VIIRS,n,2,304.86,9,D,0
18.38944,79.3611,343.12,0.32,0.55,2026-06-01,833,N20,VIIRS,n,2,301.46,2.79,D,0
18.38965,79.41149,355.55,0.33,0.55,2026-06-01,833,N20,VIIRS,n,2,297.68,5.32,D,0
18.38997,79.4146,350.87,0.33,0.55,2026-06-01,833,N20,VIIRS,n,2,299.85,7.04,D,0
18.39098,79.4124,367,0.33,0.55,2026-06-01,833,N20,VIIRS,h,2,298.9,7.4,D,0
18.39424,79.07724,344.05,0.62,0.54,2026-06-01,833,N20,VIIRS,n,2,301.94,10.17,D,0
18.39921,79.07668,338.14,0.62,0.54,2026-06-01,833,N20,VIIRS,n,2,302.04,10.17,D,0
18.40136,79.59673,338.95,0.34,0.56,2026-06-01,833,N20,VIIRS,n,2,293.31,2.45,D,0
18.40381,79.59564,335.1,0.34,0.56,2026-06-01,833,N20,VIIRS,n,2,293.49,1.5,D,0
18.40781,79.24718,348.93,0.32,0.55,2026-06-01,833,N20,VIIRS,n,2,302.28,4.23,D,0
18.40982,79.50468,353.17,0.33,0.55,2026-06-01,833,N20,VIIRS,n,2,297.17,8.77,D,0
18.41015,79.50783,367,0.33,0.55,2026-06-01,833,N20,VIIRS,h,2,296.84,8.58,D,0
18.43292,79.62477,350.09,0.34,0.56,2026-06-01,833,N20,VIIRS,n,2,296.09,5,D,0
18.43853,79.0242,342.1,0.62,0.54,2026-06-01,833,N20,VIIRS,n,2,304.59,4.01,D,0
18.43945,79.02036,342.15,0.62,0.54,2026-06-01,833,N20,VIIRS,n,2,303.48,3,D,0
18.44259,79.04993,335.33,0.62,0.54,2026-06-01,833,N20,VIIRS,n,2,304.2,3.56,D,0
18.44955,80.1316,332.05,0.37,0.58,2026-06-01,833,N20,VIIRS,n,2,285.67,4.42,D,0
18.47895,79.20166,337.46,0.32,0.54,2026-06-01,833,N20,VIIRS,n,2,300.68,1.38,D,0
18.48396,79.20108,330.64,0.32,0.54,2026-06-01,833,N20,VIIRS,n,2,300.43,1.44,D,0
18.49145,79.5406,345.1,0.33,0.56,2026-06-01,833,N20,VIIRS,n,2,297.04,3.32,D,0
18.4918,79.54375,331.66,0.33,0.56,2026-06-01,833,N20,VIIRS,n,2,294.09,2.76,D,0
18.50929,79.58702,344.01,0.34,0.56,2026-06-01,833,N20,VIIRS,n,2,293.76,5.16,D,0
18.51219,79.5868,367,0.34,0.56,2026-06-01,833,N20,VIIRS,h,2,295.04,9.32,D,0
18.51443,79.58637,367,0.34,0.56,2026-06-01,833,N20,VIIRS,h,2,292.44,5.87,D,0
18.52756,79.51365,353.2,0.33,0.56,2026-06-01,833,N20,VIIRS,n,2,301.67,7.8,D,0
18.52789,79.51679,367,0.33,0.56,2026-06-01,833,N20,VIIRS,h,2,302.58,20.21,D,0
18.52891,73.24126,338.49,0.43,0.38,2026-06-01,833,N20,VIIRS,n,2,306.16,10.34,D,0
18.52978,75.27852,339.88,0.54,0.42,2026-06-01,833,N20,VIIRS,l,2,311.31,11.76,D,0
18.53268,79.51305,338.4,0.33,0.56,2026-06-01,833,N20,VIIRS,n,2,299.78,7.8,D,0
18.53824,74.41148,337.8,0.49,0.4,2026-06-01,833,N20,VIIRS,l,2,308.8,3.73,D,0
18.53945,79.2437,339.7,0.32,0.55,2026-06-01,833,N20,VIIRS,n,2,301.13,3.34,D,0
18.53979,79.24676,331.31,0.32,0.55,2026-06-01,833,N20,VIIRS,n,2,301.35,3.34,D,0
18.54482,79.24618,333.27,0.32,0.55,2026-06-01,833,N20,VIIRS,n,2,301.76,3.34,D,0
18.54497,79.98547,343.33,0.36,0.57,2026-06-01,833,N20,VIIRS,n,2,298.45,5.73,D,0
18.54516,79.24926,367,0.32,0.55,2026-06-01,833,N20,VIIRS,h,2,302.96,10.66,D,0
18.55239,74.01527,342.68,0.47,0.39,2026-06-01,833,N20,VIIRS,l,2,312.82,9.76,D,0
18.55276,72.99086,335.87,0.42,0.38,2026-06-01,833,N20,VIIRS,n,2,304.76,2.18,D,0
18.55322,79.75687,334.21,0.35,0.56,2026-06-01,833,N20,VIIRS,n,2,297.39,4.62,D,0
18.55449,72.9944,341.21,0.42,0.38,2026-06-01,833,N20,VIIRS,n,2,304.73,2.3,D,0
18.56052,74.73594,336.66,0.51,0.41,2026-06-01,833,N20,VIIRS,n,2,306.33,7.84,D,0
18.56116,74.74071,339.89,0.51,0.41,2026-06-01,833,N20,VIIRS,n,2,306.82,10.12,D,0
18.56598,79.25307,343.95,0.32,0.55,2026-06-01,833,N20,VIIRS,n,2,301.84,3.67,D,0
18.58735,79.30681,333.39,0.32,0.55,2026-06-01,833,N20,VIIRS,n,2,300.38,2.96,D,0
18.5877,79.30991,349.5,0.32,0.55,2026-06-01,833,N20,VIIRS,n,2,300.51,2.96,D,0
18.59188,79.30826,367,0.32,0.55,2026-06-01,833,N20,VIIRS,h,2,301.79,7.36,D,0
18.59276,79.30937,335.6,0.32,0.55,2026-06-01,833,N20,VIIRS,n,2,300.16,2.96,D,0
18.60211,79.26023,340.78,0.32,0.55,2026-06-01,833,N20,VIIRS,n,2,304.36,4.57,D,0
18.60537,79.53593,330.38,0.34,0.56,2026-06-01,833,N20,VIIRS,n,2,297.21,3.02,D,0
18.60699,79.07089,335.98,0.63,0.54,2026-06-01,833,N20,VIIRS,n,2,303.76,5.1,D,0
18.60764,79.07683,341.35,0.63,0.54,2026-06-01,833,N20,VIIRS,n,2,302.62,5.1,D,0
18.61033,79.33739,336.22,0.33,0.55,2026-06-01,833,N20,VIIRS,n,2,303.25,2.73,D,0
18.61657,79.25233,334.28,0.32,0.55,2026-06-01,833,N20,VIIRS,n,2,303.5,3.49,D,0
18.61995,79.23642,344.13,0.32,0.55,2026-06-01,833,N20,VIIRS,n,2,303.93,3.76,D,0
18.62216,79.57103,332.07,0.34,0.56,2026-06-01,833,N20,VIIRS,n,2,297.15,1.39,D,0
18.62375,79.67944,333.3,0.34,0.56,2026-06-01,833,N20,VIIRS,n,2,293.81,1.63,D,0
18.62532,79.67848,331.18,0.34,0.56,2026-06-01,833,N20,VIIRS,n,2,294.26,1.37,D,0
18.63239,73.46788,348.07,0.44,0.39,2026-06-01,833,N20,VIIRS,n,2,308.78,17.17,D,0
18.6485,79.31097,332.58,0.32,0.55,2026-06-01,833,N20,VIIRS,l,2,303.1,3.66,D,0
18.64884,79.31411,346.26,0.32,0.55,2026-06-01,833,N20,VIIRS,n,2,304.04,3.66,D,0
18.64919,79.31725,355.1,0.32,0.55,2026-06-01,833,N20,VIIRS,n,2,303.91,5.99,D,0
18.65425,79.31675,340.89,0.32,0.55,2026-06-01,833,N20,VIIRS,n,2,303.95,4.44,D,0
18.65545,79.18893,336.65,0.32,0.54,2026-06-01,833,N20,VIIRS,n,2,300.87,1.42,D,0
18.66055,79.14369,331.16,0.63,0.54,2026-06-01,833,N20,VIIRS,n,2,299.98,1.65,D,0
18.6846,73.03276,336.45,0.43,0.38,2026-06-01,833,N20,VIIRS,n,2,304.07,8.05,D,2
18.68712,79.47544,334.62,0.33,0.56,2026-06-01,833,N20,VIIRS,n,2,299.78,2.01,D,0
18.68726,79.52404,332.93,0.34,0.56,2026-06-01,833,N20,VIIRS,n,2,298.22,1.4,D,0
18.71343,74.37823,333.92,0.49,0.4,2026-06-01,833,N20,VIIRS,l,2,305.12,2.13,D,0
18.71718,79.53834,335.53,0.34,0.56,2026-06-01,833,N20,VIIRS,n,2,297.36,2.97,D,2
18.71985,79.53657,330.13,0.34,0.56,2026-06-01,833,N20,VIIRS,n,2,298.64,2.44,D,2
18.72021,79.53976,330.34,0.34,0.56,2026-06-01,833,N20,VIIRS,n,2,297.73,2.05,D,2
18.72102,79.83556,333.17,0.35,0.57,2026-06-01,833,N20,VIIRS,n,2,297.69,4.36,D,0
18.72232,79.53769,330.33,0.34,0.56,2026-06-01,833,N20,VIIRS,n,2,298.92,1.64,D,2
18.73384,79.75129,340.1,0.35,0.57,2026-06-01,833,N20,VIIRS,n,2,300.12,2.82,D,0
18.73649,78.80341,341.57,0.6,0.53,2026-06-01,833,N20,VIIRS,n,2,306.42,9.88,D,0
18.73808,79.74902,345.96,0.35,0.57,2026-06-01,833,N20,VIIRS,n,2,300.56,4.63,D,0
18.73825,78.79901,336.63,0.6,0.53,2026-06-01,833,N20,VIIRS,n,2,305.38,14.21,D,0
18.73844,79.7523,345.63,0.35,0.57,2026-06-01,833,N20,VIIRS,n,2,300.79,4.63,D,0
18.73871,79.74738,335.65,0.35,0.57,2026-06-01,833,N20,VIIRS,n,2,299.41,2.82,D,0
18.73905,79.75069,336.69,0.35,0.57,2026-06-01,833,N20,VIIRS,n,2,299.98,2.82,D,0
18.74399,73.72762,342.31,0.45,0.39,2026-06-01,833,N20,VIIRS,n,2,311.46,8.07,D,0
18.74512,78.93171,337.02,0.62,0.54,2026-06-01,833,N20,VIIRS,n,2,304.53,6.72,D,0
18.79485,78.83762,343.72,0.61,0.53,2026-06-01,833,N20,VIIRS,n,2,303.52,13.95,D,0
18.82095,78.67287,335.29,0.59,0.53,2026-06-01,833,N20,VIIRS,l,2,305.75,11.03,D,0
18.83788,79.5239,332.58,0.34,0.56,2026-06-01,833,N20,VIIRS,n,2,300.38,1.32,D,0
18.83794,78.66277,341.07,0.59,0.53,2026-06-01,833,N20,VIIRS,n,2,304.36,9.86,D,0
18.83976,78.66509,349.38,0.59,0.53,2026-06-01,833,N20,VIIRS,n,2,304.76,14.47,D,0
18.84158,78.69668,335.2,0.6,0.53,2026-06-01,833,N20,VIIRS,n,2,304.4,6.74,D,0
18.8428,78.66222,338.1,0.59,0.53,2026-06-01,833,N20,VIIRS,n,2,307.06,8.19,D,0
18.84339,78.91511,336.2,0.61,0.54,2026-06-01,833,N20,VIIRS,n,2,302.77,8.08,D,0
18.84366,78.69897,338.97,0.59,0.53,2026-06-01,833,N20,VIIRS,n,2,306.03,6.5,D,0
18.84439,79.05946,337.37,0.63,0.54,2026-06-01,833,N20,VIIRS,n,2,301.16,6.9,D,0
18.84585,78.69046,339.2,0.59,0.53,2026-06-01,833,N20,VIIRS,n,2,309.18,7.88,D,0
18.84818,78.65279,350.03,0.59,0.53,2026-06-01,833,N20,VIIRS,n,2,306.74,14.75,D,0
18.8513,78.64986,345.1,0.59,0.53,2026-06-01,833,N20,VIIRS,n,2,306.26,5.85,D,0
18.85509,78.77632,343.21,0.6,0.53,2026-06-01,833,N20,VIIRS,n,2,304.36,17.06,D,0
18.8571,78.77275,344.33,0.6,0.53,2026-06-01,833,N20,VIIRS,n,2,305.9,15.84,D,0
18.87245,79.31475,332.93,0.33,0.55,2026-06-01,833,N20,VIIRS,n,2,299.09,2.31,D,0
18.87578,79.99606,334.51,0.36,0.58,2026-06-01,833,N20,VIIRS,n,2,298.85,8.42,D,0
18.87612,79.99947,353.42,0.36,0.58,2026-06-01,833,N20,VIIRS,n,2,299.23,9.74,D,0
18.87675,79.99621,339.16,0.36,0.58,2026-06-01,833,N20,VIIRS,n,2,298.72,6.92,D,0
18.87712,79.99963,367,0.36,0.58,2026-06-01,833,N20,VIIRS,h,2,298.93,8.35,D,0
18.88109,79.99541,353.71,0.36,0.58,2026-06-01,833,N20,VIIRS,n,2,297.75,8.42,D,0
18.88143,79.99884,367,0.36,0.58,2026-06-01,833,N20,VIIRS,h,2,297.39,9.74,D,0
18.88178,76.1921,345.58,0.41,0.45,2026-06-01,833,N20,VIIRS,n,2,313.09,12.77,D,0
18.88206,79.99559,351.12,0.36,0.58,2026-06-01,833,N20,VIIRS,n,2,297.98,6.92,D,0
18.88243,79.99901,367,0.36,0.58,2026-06-01,833,N20,VIIRS,h,2,296.43,8.35,D,0
18.90981,78.82253,338.81,0.61,0.53,2026-06-01,833,N20,VIIRS,n,2,305.3,11.24,D,0
18.91045,78.8283,342.87,0.61,0.53,2026-06-01,833,N20,VIIRS,n,2,303.47,11.24,D,0
18.95679,79.11201,337.82,0.64,0.54,2026-06-01,833,N20,VIIRS,n,2,304.59,7.99,D,0
18.95971,78.9441,332.95,0.62,0.54,2026-06-01,833,N20,VIIRS,n,2,302.14,5.23,D,0
18.96658,78.92812,331.78,0.62,0.54,2026-06-01,833,N20,VIIRS,l,2,302.63,4.4,D,0
18.96772,78.92492,331.64,0.62,0.54,2026-06-01,833,N20,VIIRS,l,2,302.81,5.95,D,0
19.00387,78.48757,333.34,0.58,0.52,2026-06-01,833,N20,VIIRS,n,2,302.98,7.29,D,0
19.01698,78.691,345.41,0.6,0.53,2026-06-01,833,N20,VIIRS,n,2,307.31,10.28,D,0
19.03592,78.90633,335.04,0.62,0.54,2026-06-01,833,N20,VIIRS,n,2,300.63,5.76,D,0
19.03657,78.91223,331.82,0.62,0.54,2026-06-01,833,N20,VIIRS,n,2,301.08,5.76,D,0
19.04087,78.90573,342.74,0.62,0.54,2026-06-01,833,N20,VIIRS,n,2,299.97,5.76,D,0
19.04798,79.61328,338.03,0.34,0.56,2026-06-01,833,N20,VIIRS,n,2,301.82,4.6,D,0
19.05049,78.68137,336.02,0.6,0.53,2026-06-01,833,N20,VIIRS,n,2,305.86,5.06,D,0
19.05732,78.69789,334.27,0.6,0.53,2026-06-01,833,N20,VIIRS,l,2,304.66,3.14,D,0
19.06045,78.7008,333.44,0.6,0.53,2026-06-01,833,N20,VIIRS,l,2,304.66,3.4,D,0
19.06332,78.92709,345.49,0.62,0.54,2026-06-01,833,N20,VIIRS,n,2,304.17,13.73,D,0
19.06421,78.92476,336.41,0.62,0.54,2026-06-01,833,N20,VIIRS,n,2,303.23,5.84,D,0
19.06483,78.93072,343.97,0.62,0.54,2026-06-01,833,N20,VIIRS,n,2,303.65,7.11,D,0
19.08155,78.95507,343.23,0.62,0.54,2026-06-01,833,N20,VIIRS,n,2,305.01,13.95,D,0
19.08223,78.95276,344.56,0.62,0.54,2026-06-01,833,N20,VIIRS,n,2,305.24,7.97,D,0
19.18171,78.69681,335.34,0.6,0.53,2026-06-01,833,N20,VIIRS,l,2,308.79,10.48,D,0
19.18307,78.05903,334.28,0.55,0.51,2026-06-01,833,N20,VIIRS,n,2,302.45,8.83,D,0
19.18439,78.95716,334.88,0.63,0.54,2026-06-01,833,N20,VIIRS,l,2,306.89,8.99,D,0
19.28039,79.5331,345.08,0.34,0.56,2026-06-01,833,N20,VIIRS,n,2,298.82,6.59,D,0
19.44765,78.3298,345.33,0.57,0.52,2026-06-01,833,N20,VIIRS,n,2,305.78,22.48,D,0
19.44784,78.33124,349.84,0.57,0.52,2026-06-01,833,N20,VIIRS,n,2,306.15,23.43,D,0
19.49186,78.65025,344.27,0.6,0.53,2026-06-01,833,N20,VIIRS,l,2,315.62,15.36,D,0
19.04151,73.34727,342.38,0.44,0.38,2026-06-01,834,N20,VIIRS,n,2,310.64,12.27,D,0
19.20018,73.45293,344.13,0.45,0.39,2026-06-01,834,N20,VIIRS,n,2,311,12.79,D,0
19.20135,72.99637,334.58,0.43,0.38,2026-06-01,834,N20,VIIRS,l,2,304.94,1.8,D,0
19.20532,73.67959,334.1,0.46,0.39,2026-06-01,834,N20,VIIRS,l,2,306.81,1.06,D,0
19.22932,74.8419,346.52,0.52,0.42,2026-06-01,834,N20,VIIRS,n,2,313.27,12.56,D,0
19.26442,74.75272,336.04,0.52,0.41,2026-06-01,834,N20,VIIRS,l,2,309.42,4.46,D,0
19.26822,74.75221,337.66,0.52,0.41,2026-06-01,834,N20,VIIRS,l,2,309.99,4.46,D,0
19.32554,73.04852,339.96,0.43,0.38,2026-06-01,834,N20,VIIRS,n,2,307.84,8.08,D,0
19.33081,73.89478,335.94,0.47,0.4,2026-06-01,834,N20,VIIRS,l,2,309.9,4.34,D,0
19.37039,71.35526,336.66,0.39,0.36,2026-06-01,834,N20,VIIRS,n,2,296.44,2.86,D,3
19.41384,76.33405,344.57,0.43,0.46,2026-06-01,834,N20,VIIRS,n,2,307.99,14.3,D,0
19.45486,73.9881,339.44,0.48,0.4,2026-06-01,834,N20,VIIRS,l,2,309.96,12.75,D,0
19.46149,72.78799,343.36,0.42,0.38,2026-06-01,834,N20,VIIRS,n,2,309.48,8.19,D,0
19.50267,75.9918,339.05,0.41,0.45,2026-06-01,834,N20,VIIRS,n,2,307.17,3.72,D,0
19.54496,73.38957,345.67,0.45,0.39,2026-06-01,834,N20,VIIRS,n,2,311.27,11.13,D,0
19.54793,73.38478,343.78,0.45,0.39,2026-06-01,834,N20,VIIRS,n,2,312.61,11.13,D,0
19.57504,72.82468,339.16,0.43,0.38,2026-06-01,834,N20,VIIRS,n,2,307.9,5.51,D,0
19.59933,73.20647,339.39,0.44,0.38,2026-06-01,834,N20,VIIRS,n,2,308.66,10.05,D,0
19.61761,75.58325,341.52,0.39,0.44,2026-06-01,834,N20,VIIRS,n,2,306.04,9.49,D,0
19.6438,76.02833,345.25,0.41,0.45,2026-06-01,834,N20,VIIRS,n,2,308.04,15.64,D,0
19.66513,73.02789,340.22,0.43,0.38,2026-06-01,834,N20,VIIRS,n,2,307.6,10.55,D,0
19.68208,72.84155,342.36,0.43,0.38,2026-06-01,834,N20,VIIRS,n,2,307.78,7.35,D,0
19.76425,73.35775,335.23,0.45,0.39,2026-06-01,834,N20,VIIRS,l,2,306.15,4.12,D,0
19.8273,77.95301,337.15,0.55,0.51,2026-06-01,834,N20,VIIRS,n,2,306.04,4.92,D,0
19.98462,79.1375,341.23,0.33,0.55,2026-06-01,834,N20,VIIRS,n,2,308.58,6.7,D,0
19.99309,80.63202,332.05,0.41,0.61,2026-06-01,834,N20,VIIRS,n,2,295.92,8.96,D,0
19.99346,80.63599,344.85,0.41,0.61,2026-06-01,834,N20,VIIRS,n,2,294.75,11.5,D,0
19.99492,80.63496,353.53,0.41,0.61,2026-06-01,834,N20,VIIRS,n,2,295,9.3,D,0
19.99529,74.59354,346.08,0.52,0.41,2026-06-01,834,N20,VIIRS,n,2,313.41,20.95,D,0
20.00007,73.41988,346.55,0.45,0.39,2026-06-01,834,N20,VIIRS,n,2,308.65,9.61,D,0
20.00841,80.4958,343.65,0.4,0.6,2026-06-01,834,N20,VIIRS,n,2,299.47,4.22,D,0
20.09324,77.14469,338.96,0.49,0.49,2026-06-01,834,N20,VIIRS,n,2,304.94,5.09,D,0
20.20337,79.81947,330.88,0.37,0.58,2026-06-01,834,N20,VIIRS,n,2,300.49,3.33,D,0
20.21447,78.32748,344.71,0.59,0.53,2026-06-01,834,N20,VIIRS,n,2,307.85,11.96,D,0
20.21514,79.30877,350.81,0.34,0.56,2026-06-01,834,N20,VIIRS,n,2,302.95,7.73,D,0
20.23709,80.4938,331.09,0.41,0.6,2026-06-01,834,N20,VIIRS,n,2,297.81,5.15,D,0
20.23719,79.57971,335.25,0.35,0.57,2026-06-01,834,N20,VIIRS,n,2,299.77,6.56,D,0
20.26818,75.20823,337.1,0.56,0.43,2026-06-01,834,N20,VIIRS,n,2,306.48,8.6,D,0
20.27459,79.68665,340.28,0.36,0.57,2026-06-01,834,N20,VIIRS,n,2,301.79,4.16,D,0
20.28082,72.75578,336.45,0.43,0.38,2026-06-01,834,N20,VIIRS,l,2,306.98,5.28,D,3
20.35762,76.09504,339.15,0.42,0.46,2026-06-01,834,N20,VIIRS,n,2,306.73,5.62,D,0
20.36035,76.09386,342.1,0.42,0.46,2026-06-01,834,N20,VIIRS,n,2,306.71,6.3,D,0
20.4945,81.35345,330.51,0.47,0.64,2026-06-01,834,N20,VIIRS,n,2,291.77,3.36,D,0
20.49648,81.39185,349.29,0.47,0.64,2026-06-01,834,N20,VIIRS,n,2,289.56,4.56,D,0
20.49688,81.39634,334.03,0.47,0.64,2026-06-01,834,N20,VIIRS,n,2,288.15,4.56,D,0
20.49793,81.38957,330.83,0.47,0.64,2026-06-01,834,N20,VIIRS,n,2,289.6,5.4,D,0
20.49836,81.39405,344.75,0.47,0.64,2026-06-01,834,N20,VIIRS,n,2,288.59,5.4,D,0
20.4992,81.35512,339.19,0.47,0.64,2026-06-01,834,N20,VIIRS,n,2,291.36,6.46,D,0
20.56497,76.07809,339.74,0.43,0.46,2026-06-01,834,N20,VIIRS,n,2,308.6,4.67,D,0
20.56549,76.08229,339.04,0.43,0.46,2026-06-01,834,N20,VIIRS,n,2,308.64,9.28,D,0
20.63769,76.55167,345.66,0.46,0.47,2026-06-01,834,N20,VIIRS,n,2,309.3,14.33,D,0
20.64039,73.74208,339.67,0.48,0.4,2026-06-01,834,N20,VIIRS,n,2,309.1,9.48,D,0
20.6709,75.80403,339.87,0.41,0.45,2026-06-01,834,N20,VIIRS,n,2,307.56,9.36,D,0
20.70064,73.57497,338.56,0.47,0.4,2026-06-01,834,N20,VIIRS,n,2,305.01,12.53,D,0
20.70121,73.57939,348.94,0.47,0.4,2026-06-01,834,N20,VIIRS,n,2,308.96,29.34,D,0
20.70363,81.58795,334.63,0.49,0.65,2026-06-01,834,N20,VIIRS,n,2,291.31,3.36,D,0
20.70513,73.63771,335.08,0.47,0.4,2026-06-01,834,N20,VIIRS,n,2,303.6,5.61,D,0
20.70573,73.64236,352.84,0.47,0.4,2026-06-01,834,N20,VIIRS,n,2,305.29,6.66,D,0
20.70638,81.58784,367,0.49,0.65,2026-06-01,834,N20,VIIRS,h,2,291.41,11.24,D,0
20.71906,79.9377,335.56,0.38,0.59,2026-06-01,834,N20,VIIRS,n,2,302.31,2.95,D,0
20.73561,79.82954,347.51,0.37,0.58,2026-06-01,834,N20,VIIRS,n,2,301.94,2.89,D,0
20.74175,79.89111,340.64,0.38,0.58,2026-06-01,834,N20,VIIRS,n,2,303.97,2.67,D,0
20.78547,80.75562,332.26,0.43,0.62,2026-06-01,834,N20,VIIRS,n,2,298.03,3.15,D,0
20.82548,79.66523,336.94,0.36,0.58,2026-06-01,834,N20,VIIRS,l,2,309.71,2.84,D,0
20.84192,79.82939,331.43,0.37,0.58,2026-06-01,834,N20,VIIRS,l,2,302.61,2.51,D,0
20.85011,73.55348,338.04,0.47,0.4,2026-06-01,834,N20,VIIRS,n,2,305.93,6.53,D,0
20.8507,73.55789,344.14,0.47,0.4,2026-06-01,834,N20,VIIRS,n,2,304.07,5.11,D,0
20.87233,81.38583,354.77,0.47,0.64,2026-06-01,834,N20,VIIRS,n,2,297.06,7.46,D,0
20.88253,81.36629,348.78,0.47,0.64,2026-06-01,834,N20,VIIRS,n,2,296.77,6.11,D,0
20.90418,81.27769,336.51,0.47,0.64,2026-06-01,834,N20,VIIRS,n,2,294.63,3.74,D,0
20.90571,72.896,340.81,0.44,0.38,2026-06-01,834,N20,VIIRS,n,2,305.71,3.23,D,0
20.91352,73.5227,333.26,0.47,0.4,2026-06-01,834,N20,VIIRS,n,2,302.74,2.99,D,0
20.95013,73.60417,338.02,0.47,0.4,2026-06-01,834,N20,VIIRS,n,2,305.54,2.84,D,0
20.99848,79.59186,337.98,0.36,0.58,2026-06-01,834,N20,VIIRS,n,2,305.78,5.64,D,0
21.01173,80.19452,330.3,0.4,0.6,2026-06-01,834,N20,VIIRS,n,2,299.74,3.24,D,0
21.01203,80.1949,330.92,0.4,0.6,2026-06-01,834,N20,VIIRS,n,2,299.56,2.41,D,0
21.0121,80.08653,340.04,0.39,0.59,2026-06-01,834,N20,VIIRS,n,2,300.1,3.67,D,0
21.01312,80.08671,340.08,0.39,0.59,2026-06-01,834,N20,VIIRS,n,2,300.86,2.72,D,0
21.03602,82.65919,331.13,0.57,0.69,2026-06-01,834,N20,VIIRS,n,2,287.09,4.13,D,0
21.06083,73.42955,334.95,0.46,0.39,2026-06-01,834,N20,VIIRS,l,2,305.28,3.65,D,0
21.1007,72.63758,347.35,0.43,0.38,2026-06-01,834,N20,VIIRS,n,2,311.01,16.92,D,2
21.10151,80.25534,330.24,0.4,0.6,2026-06-01,834,N20,VIIRS,l,2,301.08,1.7,D,0
21.10665,72.64563,346.83,0.43,0.38,2026-06-01,834,N20,VIIRS,n,2,309.9,20.7,D,2
21.11925,79.52299,334.55,0.36,0.57,2026-06-01,834,N20,VIIRS,n,2,303.64,3.06,D,0
21.12215,72.76595,339.42,0.44,0.38,2026-06-01,834,N20,VIIRS,n,2,309.39,3.95,D,0
21.12229,79.60773,340.25,0.36,0.58,2026-06-01,834,N20,VIIRS,n,2,304.06,3.02,D,0
21.12293,72.76644,339.59,0.44,0.38,2026-06-01,834,N20,VIIRS,n,2,309.1,5.15,D,0
21.12406,81.918,332.89,0.52,0.66,2026-06-01,834,N20,VIIRS,n,2,295.41,2.99,D,0
21.1403,80.13634,332.66,0.4,0.6,2026-06-01,834,N20,VIIRS,l,2,304.16,2.24,D,0
21.14472,73.94974,338,0.49,0.4,2026-06-01,834,N20,VIIRS,n,2,306.81,7.87,D,0
21.16326,82.08363,367,0.53,0.67,2026-06-01,834,N20,VIIRS,h,2,291.88,13.01,D,0
21.16827,82.08144,347.95,0.53,0.67,2026-06-01,834,N20,VIIRS,n,2,294.22,8.38,D,0
21.16868,82.08661,337.72,0.53,0.67,2026-06-01,834,N20,VIIRS,n,2,289.72,8.38,D,0
21.16947,82.08311,334.01,0.53,0.67,2026-06-01,834,N20,VIIRS,n,2,292.41,13.01,D,0
21.1762,82.38367,336.49,0.55,0.68,2026-06-01,834,N20,VIIRS,n,2,292.68,6.38,D,0
21.20095,79.22403,341.84,0.34,0.56,2026-06-01,834,N20,VIIRS,n,2,306.89,8,D,0
21.20129,79.22738,352.5,0.34,0.56,2026-06-01,834,N20,VIIRS,n,2,305.97,8.43,D,0
21.24454,72.021,342.97,0.41,0.37,2026-06-01,834,N20,VIIRS,n,2,306.84,4.91,D,0
21.24741,72.01651,344.26,0.41,0.37,2026-06-01,834,N20,VIIRS,n,2,305.99,4.7,D,0
21.24796,72.02047,350.78,0.41,0.37,2026-06-01,834,N20,VIIRS,n,2,306.59,3.05,D,0
21.24851,72.02443,338.91,0.41,0.37,2026-06-01,834,N20,VIIRS,n,2,306.39,3.05,D,0
21.25192,72.02389,340.15,0.41,0.37,2026-06-01,834,N20,VIIRS,n,2,306.6,3.05,D,0
21.27736,74.10828,337.55,0.5,0.41,2026-06-01,834,N20,VIIRS,l,2,308.67,8.2,D,0
21.29698,73.63648,334.51,0.48,0.4,2026-06-01,834,N20,VIIRS,n,2,304.49,2.19,D,0
21.32425,80.42698,334.98,0.41,0.61,2026-06-01,834,N20,VIIRS,n,2,298.35,2.57,D,0
21.38625,75.82991,346.69,0.42,0.45,2026-06-01,834,N20,VIIRS,n,2,305.31,8.81,D,0
21.41317,82.62955,367,0.58,0.7,2026-06-01,834,N20,VIIRS,h,2,292.47,14.85,D,0
21.49172,69.88013,347.42,0.38,0.36,2026-06-01,834,N20,VIIRS,n,2,307.14,7.06,D,0
21.4957,69.7737,338.73,0.38,0.36,2026-06-01,834,N20,VIIRS,n,2,306.1,2.12,D,0
21.49691,73.21049,334.27,0.46,0.39,2026-06-01,834,N20,VIIRS,n,2,303.52,2.98,D,0
21.54224,79.89964,330.72,0.39,0.59,2026-06-01,834,N20,VIIRS,l,2,302.55,1.3,D,0
21.55076,73.61091,343.97,0.48,0.4,2026-06-01,834,N20,VIIRS,n,2,310.95,12.48,D,0
21.56169,72.9179,334.9,0.45,0.39,2026-06-01,834,N20,VIIRS,l,2,308.11,2.09,D,0
21.56547,79.91241,336.1,0.39,0.59,2026-06-01,834,N20,VIIRS,n,2,305.27,2.89,D,0
21.57974,81.67427,332.6,0.5,0.66,2026-06-01,834,N20,VIIRS,n,2,294.6,4.12,D,0
21.58033,79.95275,338.32,0.39,0.59,2026-06-01,834,N20,VIIRS,n,2,304.84,2.45,D,0
21.58075,81.6722,339.63,0.5,0.66,2026-06-01,834,N20,VIIRS,n,2,295.47,6.64,D,0
21.60589,71.10177,347.71,0.39,0.36,2026-06-01,834,N20,VIIRS,n,2,311.57,12.59,D,0
21.63557,80.29962,333.18,0.41,0.61,2026-06-01,834,N20,VIIRS,l,2,305.36,2.34,D,0
21.65389,73.04172,338.85,0.45,0.39,2026-06-01,834,N20,VIIRS,n,2,306.89,7.36,D,0
21.65448,73.04608,341.28,0.45,0.39,2026-06-01,834,N20,VIIRS,n,2,309.33,7.36,D,0
21.6627,73.49964,341.31,0.48,0.4,2026-06-01,834,N20,VIIRS,n,2,310.96,8.92,D,0
21.67772,81.72822,336.66,0.51,0.66,2026-06-01,834,N20,VIIRS,n,2,294.71,7.01,D,0
21.67791,81.72462,342.45,0.51,0.66,2026-06-01,834,N20,VIIRS,n,2,294.93,5.27,D,0
21.68696,72.61888,341.56,0.44,0.38,2026-06-01,834,N20,VIIRS,n,2,307,5.82,D,0
21.69267,72.66093,347.58,0.44,0.38,2026-06-01,834,N20,VIIRS,n,2,308.88,10.2,D,0
21.71742,80.22216,335.14,0.41,0.6,2026-06-01,834,N20,VIIRS,l,2,305.14,2.38,D,0
21.73863,77.46407,338.97,0.54,0.51,2026-06-01,834,N20,VIIRS,n,2,304.01,11.45,D,0
21.75577,72.78101,338.59,0.44,0.39,2026-06-01,834,N20,VIIRS,l,2,311.01,10.8,D,0
21.7601,75.20147,338.06,0.39,0.44,2026-06-01,834,N20,VIIRS,n,2,306.3,7.91,D,0
21.76135,75.20158,344.36,0.39,0.44,2026-06-01,834,N20,VIIRS,n,2,306.05,8.96,D,0
21.76802,73.56563,338.77,0.48,0.4,2026-06-01,834,N20,VIIRS,n,2,308.16,8.93,D,0
21.79969,82.78731,330.94,0.6,0.7,2026-06-01,834,N20,VIIRS,n,2,292.47,3.99,D,0
21.84522,73.04634,338.56,0.46,0.39,2026-06-01,834,N20,VIIRS,l,2,310.93,7.3,D,0
21.84752,73.37691,339.4,0.47,0.4,2026-06-01,834,N20,VIIRS,n,2,306.51,4.66,D,0
21.84813,73.37817,337.51,0.47,0.4,2026-06-01,834,N20,VIIRS,n,2,305.31,2.34,D,0
21.84948,82.67217,336.26,0.59,0.7,2026-06-01,834,N20,VIIRS,n,2,291.25,6.81,D,0
21.85031,82.67403,340.1,0.59,0.7,2026-06-01,834,N20,VIIRS,n,2,291.41,7.99,D,0
21.85117,82.68567,334.94,0.59,0.7,2026-06-01,834,N20,VIIRS,n,2,291.21,4.66,D,0
21.8569,82.68328,341.52,0.59,0.7,2026-06-01,834,N20,VIIRS,n,2,292.33,6.16,D,0
21.85722,82.67931,333.91,0.59,0.7,2026-06-01,834,N20,VIIRS,n,2,292.36,6.43,D,0
21.85737,82.68909,338.78,0.59,0.7,2026-06-01,834,N20,VIIRS,n,2,291.52,6.16,D,0
21.85765,82.68515,342.02,0.59,0.7,2026-06-01,834,N20,VIIRS,n,2,292.08,9.02,D,0
21.86939,82.67647,331.92,0.59,0.7,2026-06-01,834,N20,VIIRS,n,2,291.47,4.5,D,0
21.87018,82.67825,335.28,0.59,0.7,2026-06-01,834,N20,VIIRS,n,2,291.75,5.72,D,0
21.88615,81.99365,333.35,0.53,0.67,2026-06-01,834,N20,VIIRS,n,2,293.39,3.77,D,0
21.88882,82.67484,335.05,0.59,0.7,2026-06-01,834,N20,VIIRS,n,2,291.41,4.27,D,0
21.88918,82.67077,332.75,0.59,0.7,2026-06-01,834,N20,VIIRS,n,2,291.87,6.09,D,0
21.89307,74.19144,341.29,0.52,0.41,2026-06-01,834,N20,VIIRS,n,2,305.68,5.61,D,0
21.89962,74.1516,340.73,0.51,0.41,2026-06-01,834,N20,VIIRS,n,2,307.57,8.74,D,0
21.91309,82.8992,334.94,0.61,0.71,2026-06-01,834,N20,VIIRS,n,2,291.14,19.51,D,0
21.91355,82.9052,367,0.61,0.71,2026-06-01,834,N20,VIIRS,h,2,290.19,17.22,D,0
21.9678,82.94057,338.67,0.61,0.71,2026-06-01,834,N20,VIIRS,n,2,291.73,4.6,D,0
22.01273,72.87115,336.63,0.45,0.39,2026-06-01,834,N20,VIIRS,n,2,306.29,2.22,D,0
22.02153,80.0761,336.04,0.4,0.6,2026-06-01,834,N20,VIIRS,n,2,301.23,3.55,D,0
22.03315,71.81213,347.88,0.41,0.37,2026-06-01,834,N20,VIIRS,n,2,309.96,11.85,D,0
22.04012,77.37217,341.32,0.54,0.51,2026-06-01,834,N20,VIIRS,n,2,301.47,8.82,D,0
22.09618,74.83101,340.43,0.56,0.43,2026-06-01,834,N20,VIIRS,n,2,306.71,9.83,D,0
22.12473,73.21913,338.95,0.47,0.39,2026-06-01,834,N20,VIIRS,n,2,308.21,10.88,D,0
22.12841,72.22643,338.37,0.43,0.38,2026-06-01,834,N20,VIIRS,n,2,306.86,7.06,D,0
22.12897,72.23055,347.7,0.43,0.38,2026-06-01,834,N20,VIIRS,n,2,306.39,8.34,D,0
22.12985,72.22572,338.59,0.43,0.38,2026-06-01,834,N20,VIIRS,n,2,306.46,8.31,D,0
22.13042,72.22983,353.24,0.43,0.38,2026-06-01,834,N20,VIIRS,n,2,305.88,10.67,D,0
22.13187,72.22588,355.82,0.43,0.38,2026-06-01,834,N20,VIIRS,l,2,306.28,7.06,D,0
22.13243,72.23,356.23,0.43,0.38,2026-06-01,834,N20,VIIRS,l,2,306.61,8.34,D,0
22.13534,72.22533,356.47,0.43,0.38,2026-06-01,834,N20,VIIRS,l,2,306.61,8.85,D,0
22.1359,72.22945,356.44,0.43,0.38,2026-06-01,834,N20,VIIRS,l,2,307.02,7.18,D,0
22.13646,72.23356,352.53,0.43,0.38,2026-06-01,834,N20,VIIRS,n,2,307.59,7.18,D,0
22.1388,72.22479,351.04,0.43,0.38,2026-06-01,834,N20,VIIRS,n,2,307.18,8.85,D,0
22.13936,72.22891,355.93,0.43,0.38,2026-06-01,834,N20,VIIRS,l,2,307.11,7.18,D,0
22.13992,72.23302,355.94,0.43,0.38,2026-06-01,834,N20,VIIRS,l,2,307.09,7.18,D,0
22.14048,72.23713,342.31,0.43,0.38,2026-06-01,834,N20,VIIRS,n,2,307.28,5.39,D,0
22.14104,72.24124,341.78,0.43,0.38,2026-06-01,834,N20,VIIRS,n,2,305.92,5.39,D,0
22.1416,72.24535,355.93,0.43,0.38,2026-06-01,834,N20,VIIRS,l,2,305.77,12.01,D,0
22.14161,72.80851,342.53,0.45,0.39,2026-06-01,834,N20,VIIRS,n,2,307.65,8.53,D,0
22.14283,72.22836,356.25,0.43,0.38,2026-06-01,834,N20,VIIRS,l,2,307.58,7.96,D,0
22.14339,72.23247,356.25,0.43,0.38,2026-06-01,834,N20,VIIRS,l,2,307.72,7.96,D,0
22.14394,72.23658,351.6,0.43,0.38,2026-06-01,834,N20,VIIRS,n,2,306.34,6.71,D,0
22.1445,72.24069,356.25,0.43,0.38,2026-06-01,834,N20,VIIRS,l,2,306.39,6.71,D,0
22.14506,72.24481,353.4,0.43,0.38,2026-06-01,834,N20,VIIRS,n,2,306.74,6.18,D,0
22.14562,72.24892,351.77,0.43,0.38,2026-06-01,834,N20,VIIRS,n,2,306.66,6.18,D,0
22.14685,72.23192,355.31,0.43,0.38,2026-06-01,834,N20,VIIRS,n,2,306.79,7.96,D,0
22.14741,72.23603,356.12,0.43,0.38,2026-06-01,834,N20,VIIRS,l,2,306.57,6.71,D,0
22.14797,72.24014,356.14,0.43,0.38,2026-06-01,834,N20,VIIRS,l,2,306.88,6.71,D,0
22.14853,72.24426,356.12,0.43,0.38,2026-06-01,834,N20,VIIRS,l,2,306.36,6.18,D,0
22.14909,72.24837,356.14,0.43,0.38,2026-06-01,834,N20,VIIRS,l,2,306.17,6.18,D,0
22.14965,72.25249,341.8,0.43,0.38,2026-06-01,834,N20,VIIRS,n,2,306.15,8.98,D,0
22.15032,72.23138,345.35,0.43,0.38,2026-06-01,834,N20,VIIRS,n,2,307.49,10.17,D,0
22.15088,72.23549,356.3,0.43,0.38,2026-06-01,834,N20,VIIRS,l,2,307.29,7.12,D,0
22.15144,72.2396,356.31,0.43,0.38,2026-06-01,834,N20,VIIRS,l,2,306.83,7.12,D,0
22.152,72.24371,354.83,0.43,0.38,2026-06-01,834,N20,VIIRS,n,2,306.8,5.66,D,0
22.15256,72.24783,356.31,0.43,0.38,2026-06-01,834,N20,VIIRS,l,2,306.13,5.66,D,0
22.15312,72.25195,356.3,0.43,0.38,2026-06-01,834,N20,VIIRS,l,2,306.23,6,D,0
22.15434,72.23494,353.92,0.43,0.38,2026-06-01,834,N20,VIIRS,n,2,307.86,7.12,D,0
22.1549,72.23905,356.23,0.43,0.38,2026-06-01,834,N20,VIIRS,l,2,306.76,7.12,D,0
22.15547,72.24317,356.24,0.43,0.38,2026-06-01,834,N20,VIIRS,l,2,306.51,5.66,D,0
22.15603,72.24728,353.4,0.43,0.38,2026-06-01,834,N20,VIIRS,n,2,306.67,5.66,D,0
22.15659,72.2514,354.37,0.43,0.38,2026-06-01,834,N20,VIIRS,n,2,306.55,6,D,0
22.15715,72.25552,344.41,0.43,0.38,2026-06-01,834,N20,VIIRS,n,2,306.72,6,D,0
22.15781,72.23439,346.82,0.43,0.38,2026-06-01,834,N20,VIIRS,n,2,307.65,5.96,D,0
22.15837,72.2385,352.24,0.43,0.38,2026-06-01,834,N20,VIIRS,n,2,308.08,5.96,D,0
22.16062,72.25497,344.76,0.43,0.38,2026-06-01,834,N20,VIIRS,n,2,307.77,9.2,D,0
22.21486,73.87708,338.77,0.5,0.41,2026-06-01,834,N20,VIIRS,n,2,307.65,4.6,D,0
22.25136,73.50081,347.45,0.48,0.4,2026-06-01,834,N20,VIIRS,n,2,309.16,11.8,D,0
22.2575,82.21041,332.6,0.55,0.68,2026-06-01,834,N20,VIIRS,n,2,293.59,3.5,D,0
22.26099,82.21396,332.94,0.55,0.68,2026-06-01,834,N20,VIIRS,n,2,293.05,3.75,D,0
22.26333,72.88406,341.94,0.45,0.39,2026-06-01,834,N20,VIIRS,n,2,311.45,15.87,D,0
22.29844,77.13766,332.21,0.52,0.5,2026-06-01,834,N20,VIIRS,n,2,300.04,2.8,D,0
22.32334,73.39704,340.89,0.48,0.4,2026-06-01,834,N20,VIIRS,n,2,308.11,10.84,D,0
22.35354,82.30489,336.24,0.56,0.69,2026-06-01,834,N20,VIIRS,n,2,298.57,5.37,D,2
22.35767,82.30482,338.56,0.56,0.69,2026-06-01,834,N20,VIIRS,n,2,298.42,5.03,D,2
22.41224,77.86821,332.06,0.58,0.52,2026-06-01,834,N20,VIIRS,n,2,297.07,7.79,D,0
22.43684,72.5115,339.69,0.44,0.38,2026-06-01,834,N20,VIIRS,n,2,306.93,9.39,D,0
22.48007,77.13811,330.73,0.52,0.5,2026-06-01,834,N20,VIIRS,n,2,300.66,2.34,D,0
22.48293,78.89556,333.48,0.34,0.56,2026-06-01,834,N20,VIIRS,n,2,302.96,4.41,D,0
22.50288,73.28825,342.75,0.47,0.4,2026-06-01,834,N20,VIIRS,n,2,308.43,13.76,D,0
22.59716,78.81333,333.47,0.34,0.56,2026-06-01,834,N20,VIIRS,n,2,300.3,1.82,D,0
22.65415,76.29454,340.77,0.47,0.48,2026-06-01,834,N20,VIIRS,n,2,309.25,11.23,D,0
22.72139,81.22927,341.88,0.49,0.65,2026-06-01,834,N20,VIIRS,n,2,303.46,8.05,D,0
22.74685,75.63195,349.27,0.43,0.46,2026-06-01,834,N20,VIIRS,n,2,309,34.67,D,0
22.83678,79.78444,330.18,0.39,0.59,2026-06-01,834,N20,VIIRS,n,2,297.95,3.49,D,0
22.89594,75.95355,342.61,0.45,0.47,2026-06-01,834,N20,VIIRS,n,2,304.17,4.99,D,0
23.05611,79.86655,332.79,0.4,0.6,2026-06-01,834,N20,VIIRS,n,2,300.16,3.43,D,0
23.13005,80.01273,330.73,0.41,0.61,2026-06-01,834,N20,VIIRS,n,2,296.74,2.14,D,0
23.13113,80.0117,336.31,0.41,0.61,2026-06-01,834,N20,VIIRS,n,2,297.2,1.14,D,0
23.16804,82.3413,332.72,0.58,0.7,2026-06-01,834,N20,VIIRS,n,2,300.81,5.09,D,2
22.40976,71.33762,341.18,0.4,0.37,2026-06-01,835,N20,VIIRS,n,2,309.69,9.04,D,0
22.71736,72.85473,335.79,0.46,0.39,2026-06-01,835,N20,VIIRS,l,2,307.75,2.91,D,0
22.80275,71.26961,342.33,0.4,0.37,2026-06-01,835,N20,VIIRS,n,2,310.45,10.89,D,0
22.84998,71.26183,342.78,0.4,0.37,2026-06-01,835,N20,VIIRS,n,2,308.22,6.96,D,0
22.92843,70.10616,338.71,0.39,0.36,2026-06-01,835,N20,VIIRS,l,2,311.11,7.75,D,0
22.97495,70.697,338.05,0.39,0.36,2026-06-01,835,N20,VIIRS,n,2,307.53,3.01,D,0
22.97829,70.69643,340.93,0.39,0.36,2026-06-01,835,N20,VIIRS,n,2,307.05,6.34,D,0
23.01521,73.86836,335.85,0.51,0.41,2026-06-01,835,N20,VIIRS,n,2,304.92,2.93,D,0
23.02564,75.05817,342.28,0.4,0.44,2026-06-01,835,N20,VIIRS,n,2,307.24,2.82,D,0
23.18869,71.10327,342.06,0.4,0.37,2026-06-01,835,N20,VIIRS,n,2,305.9,6.85,D,0
23.35751,70.6241,337.82,0.39,0.36,2026-06-01,835,N20,VIIRS,n,2,306.66,5.83,D,0
23.48707,77.7096,338.46,0.59,0.53,2026-06-01,835,N20,VIIRS,l,2,309.06,7.42,D,0
23.48776,70.68042,339.66,0.39,0.37,2026-06-01,835,N20,VIIRS,n,2,304.59,6.72,D,0
23.5329,74.94134,337.94,0.4,0.44,2026-06-01,835,N20,VIIRS,n,2,303.52,2.39,D,0
23.54325,77.79487,337.61,0.6,0.53,2026-06-01,835,N20,VIIRS,n,2,304.36,2.53,D,0
23.56823,78.86195,367,0.35,0.57,2026-06-01,835,N20,VIIRS,h,2,307.52,10.65,D,0
23.58044,78.04059,341.42,0.62,0.54,2026-06-01,835,N20,VIIRS,l,2,311.8,13.21,D,0
23.5911,78.29749,340.19,0.32,0.55,2026-06-01,835,N20,VIIRS,n,2,306.64,3.71,D,0
23.59142,78.29672,342.87,0.32,0.55,2026-06-01,835,N20,VIIRS,n,2,306.98,3.04,D,0
23.75224,79.98088,334.67,0.41,0.61,2026-06-01,835,N20,VIIRS,n,2,298.74,2.6,D,0
23.75782,79.42273,340.42,0.38,0.59,2026-06-01,835,N20,VIIRS,n,2,299.6,3.76,D,0
23.81951,72.4456,338.91,0.45,0.39,2026-06-01,835,N20,VIIRS,n,2,305.86,7.41,D,0
23.84899,78.18443,342.6,0.32,0.54,2026-06-01,835,N20,VIIRS,n,2,311.79,4.39,D,0
23.84929,78.18758,345.45,0.32,0.54,2026-06-01,835,N20,VIIRS,n,2,310.5,4.39,D,0
23.87984,74.06397,342.63,0.54,0.42,2026-06-01,835,N20,VIIRS,n,2,306.67,9.78,D,0
23.90409,78.23401,343.57,0.32,0.55,2026-06-01,835,N20,VIIRS,n,2,312.72,7.83,D,0
23.90766,79.27576,330.59,0.37,0.58,2026-06-01,835,N20,VIIRS,n,2,299.43,1.8,D,0
23.96615,79.50572,342.71,0.39,0.59,2026-06-01,835,N20,VIIRS,n,2,297.98,3.08,D,0
23.98787,71.7458,341.83,0.42,0.38,2026-06-01,835,N20,VIIRS,n,2,307.22,10.35,D,0
24.04266,78.25065,345.94,0.32,0.55,2026-06-01,835,N20,VIIRS,n,2,308.14,6.92,D,0
24.05645,73.84776,337.81,0.53,0.42,2026-06-01,835,N20,VIIRS,n,2,304.74,3.25,D,0
24.28614,83.70847,332.82,0.72,0.76,2026-06-01,835,N20,VIIRS,n,2,292.07,4.89,D,0
24.63748,79.47379,336.48,0.39,0.59,2026-06-01,835,N20,VIIRS,n,2,303.56,2.54,D,0
24.67643,79.27621,346.62,0.38,0.59,2026-06-01,835,N20,VIIRS,n,2,305.27,3.83,D,0
24.77792,79.67746,336.36,0.41,0.6,2026-06-01,835,N20,VIIRS,n,2,300.58,4.67,D,0
24.8065,80.04826,339.75,0.43,0.62,2026-06-01,835,N20,VIIRS,n,2,295.24,4.61,D,0
24.81003,80.04858,346.02,0.43,0.62,2026-06-01,835,N20,VIIRS,n,2,295.12,6.15,D,0
24.82183,79.22571,344.7,0.38,0.59,2026-06-01,835,N20,VIIRS,n,2,302.68,2.98,D,0
24.8796,79.82466,336.36,0.42,0.61,2026-06-01,835,N20,VIIRS,n,2,298.98,2.73,D,0
24.87996,79.82883,338.84,0.42,0.61,2026-06-01,835,N20,VIIRS,n,2,296.65,2.73,D,0
24.88737,79.84916,338.35,0.42,0.61,2026-06-01,835,N20,VIIRS,n,2,299.28,2.86,D,0
24.90818,79.85572,345.87,0.42,0.61,2026-06-01,835,N20,VIIRS,n,2,298.79,3.17,D,0
24.91067,79.85555,347.75,0.42,0.61,2026-06-01,835,N20,VIIRS,n,2,299,2.66,D,0
24.91391,80.02627,335.96,0.43,0.62,2026-06-01,835,N20,VIIRS,n,2,295.71,3.1,D,0
24.92192,79.95654,337.27,0.42,0.61,2026-06-01,835,N20,VIIRS,n,2,296.48,4.02,D,0
24.92465,79.77858,367,0.41,0.61,2026-06-01,835,N20,VIIRS,h,2,301.06,6.55,D,0
24.92511,79.95621,337.25,0.42,0.61,2026-06-01,835,N20,VIIRS,n,2,296.64,3.44,D,0
25.02327,79.87024,332.85,0.42,0.61,2026-06-01,835,N20,VIIRS,n,2,297.65,1.2,D,0
25.02654,79.87133,331.72,0.42,0.61,2026-06-01,835,N20,VIIRS,n,2,297.96,2.43,D,0
25.29874,73.03573,339.75,0.49,0.41,2026-06-01,835,N20,VIIRS,n,2,307.02,8.42,D,0
25.30246,73.03517,347.64,0.49,0.41,2026-06-01,835,N20,VIIRS,n,2,307.18,15.55,D,0
25.54431,79.46379,342.28,0.4,0.6,2026-06-01,835,N20,VIIRS,n,2,297.4,4.67,D,0
25.54465,79.46784,340.63,0.4,0.6,2026-06-01,835,N20,VIIRS,n,2,296.82,5.49,D,0
25.62769,75.82085,339.09,0.48,0.48,2026-06-01,835,N20,VIIRS,n,2,300.48,1.93,D,0
25.68329,79.52557,346.52,0.41,0.6,2026-06-01,835,N20,VIIRS,n,2,299.58,5.12,D,0
26.35971,78.4562,335.83,0.35,0.57,2026-06-01,835,N20,VIIRS,n,2,296.36,1.35,D,0
26.47165,80.07201,331.92,0.45,0.63,2026-06-01,835,N20,VIIRS,n,2,291.05,2.67,D,0
26.58897,76.68504,336.95,0.55,0.51,2026-06-01,836,N20,VIIRS,n,2,299.34,5.39,D,0
27.71543,69.38145,345.17,0.39,0.36,2026-06-01,836,N20,VIIRS,n,2,312.06,8.55,D,0
27.85492,69.38382,339.77,0.39,0.36,2026-06-01,836,N20,VIIRS,n,2,307.99,8.02,D,0
27.89117,69.26037,337.25,0.39,0.36,2026-06-01,836,N20,VIIRS,l,2,309.45,4.2,D,0
28.34835,69.46268,349.24,0.39,0.37,2026-06-01,836,N20,VIIRS,n,2,309.88,10.38,D,0
28.40017,69.30585,348.34,0.39,0.36,2026-06-01,836,N20,VIIRS,n,2,310.63,4.39,D,0
28.4184,69.29024,341.58,0.39,0.36,2026-06-01,836,N20,VIIRS,n,2,309.23,8.67,D,0
29.19724,76.82328,331.21,0.6,0.53,2026-06-01,836,N20,VIIRS,n,2,295.8,2.55,D,0
29.19939,76.82061,338.35,0.6,0.53,2026-06-01,836,N20,VIIRS,n,2,295.84,6.04,D,0
29.51568,77.99812,367,0.36,0.57,2026-06-01,836,N20,VIIRS,h,2,294.98,6.4,D,0
29.51636,77.99767,355.87,0.36,0.57,2026-06-01,836,N20,VIIRS,n,2,295.76,6.15,D,0
29.6271,75.20136,337.29,0.49,0.48,2026-06-01,836,N20,VIIRS,n,2,302.23,4.15,D,0
29.81462,76.87286,335.94,0.62,0.54,2026-06-01,836,N20,VIIRS,n,2,296.15,3.3,D,0
29.91864,75.18349,348.42,0.49,0.49,2026-06-01,837,N20,VIIRS,n,2,304.05,5.21,D,0
30.00096,73.55498,345.74,0.4,0.44,2026-06-01,837,N20,VIIRS,n,2,308.08,7.77,D,0
30.09544,72.93819,330.3,0.55,0.43,2026-06-01,837,N20,VIIRS,l,2,301.09,2.24,D,0
30.10794,73.47771,342.93,0.39,0.44,2026-06-01,837,N20,VIIRS,n,2,305.48,3.03,D,0
30.1937,73.24474,342.78,0.38,0.43,2026-06-01,837,N20,VIIRS,n,2,303.93,3.04,D,0
30.21461,70.60142,339.13,0.44,0.38,2026-06-01,837,N20,VIIRS,n,2,307.84,5.07,D,0
30.2169,70.12296,338.92,0.42,0.38,2026-06-01,837,N20,VIIRS,n,2,305.09,3.34,D,0
30.21746,70.12717,344.76,0.42,0.38,2026-06-01,837,N20,VIIRS,n,2,305.56,3.34,D,0
30.22154,73.1111,330.26,0.57,0.43,2026-06-01,837,N20,VIIRS,l,2,301.76,1.99,D,0
30.24175,71.59883,337.97,0.48,0.4,2026-06-01,837,N20,VIIRS,n,2,304.22,5.04,D,0
30.31368,74.4059,340.78,0.45,0.47,2026-06-01,837,N20,VIIRS,n,2,305.89,8.58,D,0
30.33746,72.93237,333.51,0.56,0.43,2026-06-01,837,N20,VIIRS,n,2,302.12,1.46,D,0
30.36281,73.27422,332.48,0.39,0.44,2026-06-01,837,N20,VIIRS,n,2,300.72,1.85,D,0
30.42028,73.24142,341.81,0.39,0.44,2026-06-01,837,N20,VIIRS,n,2,301.73,6.36,D,0
30.43963,73.37868,333.67,0.39,0.44,2026-06-01,837,N20,VIIRS,n,2,302.52,1.89,D,0
30.46716,73.44153,342.62,0.4,0.44,2026-06-01,837,N20,VIIRS,n,2,300.66,1.53,D,0
30.46984,73.4286,342.77,0.4,0.44,2026-06-01,837,N20,VIIRS,n,2,302.13,3.61,D,0
30.46996,73.42781,341.82,0.4,0.44,2026-06-01,837,N20,VIIRS,n,2,301.53,3.57,D,0
30.47168,73.44508,332.29,0.4,0.44,2026-06-01,837,N20,VIIRS,l,2,302.64,2.27,D,0
30.4717,73.44434,332.82,0.4,0.44,2026-06-01,837,N20,VIIRS,l,2,303.21,2.32,D,0
30.47632,73.41018,331.53,0.39,0.44,2026-06-01,837,N20,VIIRS,l,2,304.06,1.39,D,0
30.48359,71.18196,346.22,0.46,0.39,2026-06-01,837,N20,VIIRS,n,2,309.94,12.08,D,0
30.55485,73.96239,331.73,0.42,0.46,2026-06-01,837,N20,VIIRS,l,2,301.89,2.86,D,0
30.595,70.80869,336.22,0.45,0.39,2026-06-01,837,N20,VIIRS,l,2,307.98,6.93,D,0
30.59999,73.98781,331.82,0.43,0.46,2026-06-01,837,N20,VIIRS,l,2,302.21,2.29,D,0
30.61184,73.82091,351.19,0.42,0.45,2026-06-01,837,N20,VIIRS,n,2,299.45,9.24,D,0
30.6229,73.54694,336.52,0.4,0.44,2026-06-01,837,N20,VIIRS,n,2,300.34,1.5,D,0
30.63565,73.51102,330.56,0.4,0.44,2026-06-01,837,N20,VIIRS,l,2,302.93,1.59,D,0
30.64859,73.75123,332.76,0.41,0.45,2026-06-01,837,N20,VIIRS,n,2,300.4,2.16,D,0
30.65147,73.39048,333.86,0.4,0.44,2026-06-01,837,N20,VIIRS,n,2,303.03,1.48,D,0
30.65149,73.62025,339.79,0.41,0.45,2026-06-01,837,N20,VIIRS,n,2,300.63,2.44,D,0
30.66305,71.36793,346.07,0.47,0.4,2026-06-01,837,N20,VIIRS,n,2,311.64,5.68,D,0
30.68568,73.05986,338.64,0.57,0.43,2026-06-01,837,N20,VIIRS,n,2,304.39,5.33,D,0
30.6984,74.02609,346.76,0.43,0.46,2026-06-01,837,N20,VIIRS,n,2,301,7.23,D,0
30.70557,72.98465,333.5,0.57,0.43,2026-06-01,837,N20,VIIRS,n,2,302.22,2.09,D,0
30.71546,73.82592,339.43,0.42,0.45,2026-06-01,837,N20,VIIRS,n,2,300.5,3.09,D,0
30.71759,74.0463,335.06,0.43,0.46,2026-06-01,837,N20,VIIRS,n,2,299.47,3.86,D,0
30.71806,74.0508,341.13,0.43,0.46,2026-06-01,837,N20,VIIRS,n,2,301.78,3.86,D,0
30.74773,70.79517,346.52,0.45,0.39,2026-06-01,837,N20,VIIRS,n,2,310.49,13.21,D,0
30.76715,75.24268,342.26,0.51,0.49,2026-06-01,837,N20,VIIRS,n,2,301.73,5.39,D,0
30.76823,75.24063,343.07,0.51,0.49,2026-06-01,837,N20,VIIRS,n,2,301.07,4.57,D,0
30.76849,73.71355,331.98,0.41,0.45,2026-06-01,837,N20,VIIRS,n,2,298.55,2.02,D,0
30.77877,73.22789,331.14,0.39,0.44,2026-06-01,837,N20,VIIRS,l,2,301.43,0.71,D,0
30.78181,73.7601,334.08,0.42,0.45,2026-06-01,837,N20,VIIRS,n,2,300.16,2.55,D,0
30.78501,73.36771,343.26,0.4,0.44,2026-06-01,837,N20,VIIRS,n,2,300.07,3.84,D,0
30.78502,73.36456,332.57,0.4,0.44,2026-06-01,837,N20,VIIRS,n,2,300.44,2.53,D,0
30.78546,73.36871,338.76,0.4,0.44,2026-06-01,837,N20,VIIRS,n,2,299.72,2.53,D,0
30.78596,73.75954,331.45,0.42,0.45,2026-06-01,837,N20,VIIRS,n,2,300.2,2.29,D,0
30.82179,73.97863,333.98,0.43,0.46,2026-06-01,837,N20,VIIRS,n,2,298.95,1.21,D,0
30.87916,74.11979,341.06,0.44,0.46,2026-06-01,837,N20,VIIRS,n,2,302.99,13.53,D,0
30.96099,73.91251,352.32,0.43,0.46,2026-06-01,837,N20,VIIRS,n,2,301.8,12.69,D,0
30.98919,74.19523,332.49,0.44,0.46,2026-06-01,837,N20,VIIRS,n,2,301.33,1.75,D,0
31.01466,73.5117,341.42,0.41,0.45,2026-06-01,837,N20,VIIRS,n,2,301.09,1.85,D,0
31.01552,73.51138,340.94,0.41,0.45,2026-06-01,837,N20,VIIRS,n,2,300.45,1.34,D,0
31.02422,74.24253,335.44,0.45,0.47,2026-06-01,837,N20,VIIRS,n,2,300.71,4.2,D,0
31.02851,73.4452,332.59,0.4,0.44,2026-06-01,837,N20,VIIRS,n,2,300.79,1.53,D,0
31.03995,73.59504,334.15,0.41,0.45,2026-06-01,837,N20,VIIRS,n,2,303.39,1.98,D,0
31.22021,70.74147,336.44,0.45,0.39,2026-06-01,837,N20,VIIRS,l,2,308.5,8.09,D,0
31.23959,74.52759,336.26,0.47,0.47,2026-06-01,837,N20,VIIRS,n,2,304.96,4.36,D,0
31.24379,73.63776,345.45,0.41,0.45,2026-06-01,837,N20,VIIRS,n,2,305.79,5.09,D,0
31.24564,73.63454,341.12,0.41,0.45,2026-06-01,837,N20,VIIRS,n,2,303.75,4.18,D,0
31.31013,75.74374,341.95,0.55,0.51,2026-06-01,837,N20,VIIRS,n,2,302.87,20.2,D,0
31.5715,70.59189,337.5,0.45,0.39,2026-06-01,837,N20,VIIRS,l,2,309.82,4.83,D,0
31.57328,70.60603,337.15,0.45,0.39,2026-06-01,837,N20,VIIRS,l,2,309.53,4.84,D,0
31.84991,76.80033,355.77,0.32,0.55,2026-06-01,837,N20,VIIRS,n,2,299.38,8.63,D,0
31.85015,76.80345,340.89,0.32,0.55,2026-06-01,837,N20,VIIRS,n,2,295.35,6.26,D,0
31.85032,74.12151,332.92,0.45,0.47,2026-06-01,837,N20,VIIRS,n,2,298.62,3.75,D,0
31.85079,76.79979,331.74,0.32,0.55,2026-06-01,837,N20,VIIRS,n,2,298.63,5.25,D,0
31.85105,76.80291,367,0.32,0.55,2026-06-01,837,N20,VIIRS,h,2,296.76,5.25,D,0
31.8663,74.37917,348.31,0.46,0.47,2026-06-01,837,N20,VIIRS,n,2,303.06,8.3,D,0
31.87972,74.42744,339.14,0.47,0.48,2026-06-01,837,N20,VIIRS,n,2,302.05,3.67,D,0
31.88128,74.53847,343.07,0.47,0.48,2026-06-01,837,N20,VIIRS,n,2,300.85,4.62,D,0
31.88239,74.50276,333.55,0.47,0.48,2026-06-01,837,N20,VIIRS,n,2,299.85,3.17,D,0
31.89818,74.4351,336.27,0.47,0.48,2026-06-01,837,N20,VIIRS,n,2,302.14,3.04,D,0
31.90008,74.45499,342.37,0.47,0.48,2026-06-01,837,N20,VIIRS,n,2,299.41,4.77,D,0
31.9094,74.41357,338.82,0.47,0.47,2026-06-01,837,N20,VIIRS,n,2,301.89,5.32,D,0
31.92183,74.58951,334.16,0.48,0.48,2026-06-01,837,N20,VIIRS,n,2,301.92,2.15,D,0
31.92448,74.34174,346.5,0.46,0.47,2026-06-01,837,N20,VIIRS,n,2,295.94,3.63,D,0
31.92496,74.34666,333.95,0.46,0.47,2026-06-01,837,N20,VIIRS,n,2,297.73,3.63,D,0
31.92884,74.34118,330.53,0.46,0.47,2026-06-01,837,N20,VIIRS,n,2,297.29,3.63,D,0
31.93858,74.4854,338.16,0.47,0.48,2026-06-01,837,N20,VIIRS,n,2,302.27,3.4,D,0
31.95566,74.47815,343.89,0.47,0.48,2026-06-01,837,N20,VIIRS,n,2,302.26,9.2,D,0
31.97083,74.44863,332.74,0.47,0.48,2026-06-01,837,N20,VIIRS,n,2,300.87,2.83,D,0
31.98712,74.5278,335.52,0.47,0.48,2026-06-01,837,N20,VIIRS,n,2,303.61,3,D,0
32.00985,74.62773,346.15,0.48,0.48,2026-06-01,837,N20,VIIRS,n,2,302.98,6.4,D,0
32.00999,74.58126,336.45,0.48,0.48,2026-06-01,837,N20,VIIRS,n,2,303.28,4.48,D,0
32.0473,74.64373,335.08,0.48,0.48,2026-06-01,837,N20,VIIRS,n,2,300.52,3.35,D,0
32.06014,74.59035,338.3,0.48,0.48,2026-06-01,837,N20,VIIRS,n,2,301.78,2.16,D,0
32.06902,74.6358,339.72,0.48,0.48,2026-06-01,837,N20,VIIRS,n,2,300.74,2.94,D,0
32.07094,74.56321,333.66,0.48,0.48,2026-06-01,837,N20,VIIRS,n,2,299.71,2.7,D,0
32.09062,74.54237,343.13,0.48,0.48,2026-06-01,837,N20,VIIRS,n,2,299.22,3.62,D,0
32.09155,74.54517,342.54,0.48,0.48,2026-06-01,837,N20,VIIRS,n,2,299.26,2.65,D,0
32.09418,74.72916,348.22,0.49,0.49,2026-06-01,837,N20,VIIRS,n,2,304.87,11.3,D,0
32.09583,74.72647,344.62,0.49,0.48,2026-06-01,837,N20,VIIRS,n,2,304.44,7.38,D,0
32.09633,74.73167,337.15,0.49,0.48,2026-06-01,837,N20,VIIRS,n,2,304.24,6.31,D,0
32.09785,75.18703,333.27,0.52,0.5,2026-06-01,837,N20,VIIRS,n,2,298.87,4.26,D,0
32.1091,75.00881,334.87,0.51,0.49,2026-06-01,837,N20,VIIRS,n,2,302.65,1.43,D,0
32.16805,72.43556,335.28,0.55,0.43,2026-06-01,837,N20,VIIRS,n,2,301.19,2.05,D,0
32.37313,74.60892,344.08,0.48,0.48,2026-06-01,837,N20,VIIRS,n,2,301.8,4.46,D,0
32.6512,74.44674,331.37,0.48,0.48,2026-06-01,837,N20,VIIRS,n,2,300.47,7.2,D,0
33.02975,71.35148,335.99,0.5,0.41,2026-06-01,837,N20,VIIRS,n,2,303.48,2.69,D,0
33.03359,71.35169,330.08,0.5,0.41,2026-06-01,837,N20,VIIRS,l,2,302.62,2.98,D,0
33.03049,71.34885,334.36,0.5,0.41,2026-06-01,838,N20,VIIRS,n,2,302.87,2.04,D,0
33.49936,74.00909,336.96,0.46,0.47,2026-06-01,838,N20,VIIRS,n,2,298.64,4.15,D,0
34.69326,72.06966,330.07,0.56,0.43,2026-06-01,838,N20,VIIRS,l,2,302.1,1.66,D,0
34.69719,72.06883,333.07,0.56,0.43,2026-06-01,838,N20,VIIRS,l,2,303.48,2.15,D,0
36.17123,68.72081,334.91,0.43,0.38,2026-06-01,838,N20,VIIRS,l,2,308.63,3.09,D,0
30.06769,96.97742,308.63,0.38,0.36,2026-06-01,1919,N20,VIIRS,n,2,286.46,0.83,N,2
27.25393,92.55632,297.32,0.48,0.4,2026-06-01,1920,N20,VIIRS,n,2,278.02,0.66,N,0
27.34533,89.56242,296.47,0.47,0.48,2026-06-01,1920,N20,VIIRS,n,2,281.51,0.75,N,0
29.22577,88.35098,299.92,0.58,0.52,2026-06-01,1920,N20,VIIRS,n,2,281.85,1.84,N,2
29.26247,91.92361,297.15,0.55,0.42,2026-06-01,1920,N20,VIIRS,n,2,283.39,0.93,N,2
29.26571,91.92957,295.48,0.54,0.42,2026-06-01,1920,N20,VIIRS,n,2,284.35,1.55,N,0
29.26637,91.924,296.65,0.55,0.42,2026-06-01,1920,N20,VIIRS,n,2,284.75,0.93,N,2
29.37766,91.15128,306.6,0.4,0.44,2026-06-01,1920,N20,VIIRS,n,2,282.87,1.52,N,2
29.66092,90.90134,299.9,0.42,0.45,2026-06-01,1920,N20,VIIRS,n,2,283.75,0.9,N,2
29.7892,91.60542,301.67,0.38,0.43,2026-06-01,1920,N20,VIIRS,n,2,283.63,0.59,N,2
23.79685,86.35443,306.63,0.33,0.56,2026-06-01,1921,N20,VIIRS,n,2,278.64,2.71,N,2
23.79717,86.35107,310.1,0.34,0.56,2026-06-01,1921,N20,VIIRS,n,2,282.72,3.86,N,2
23.80416,86.33195,308.6,0.34,0.56,2026-06-01,1921,N20,VIIRS,n,2,284.15,2.07,N,2
23.80447,86.32861,310.4,0.34,0.56,2026-06-01,1921,N20,VIIRS,n,2,283.14,2.07,N,2
23.9269,85.34305,301.88,0.39,0.59,2026-06-01,1921,N20,VIIRS,n,2,288.58,0.78,N,2
24.11792,86.8628,300.47,0.63,0.54,2026-06-01,1921,N20,VIIRS,n,2,280.77,0.94,N,2
25.03392,87.39143,314.15,0.59,0.53,2026-06-01,1921,N20,VIIRS,n,2,290.51,5.6,N,0
25.03569,87.37373,307.98,0.6,0.53,2026-06-01,1921,N20,VIIRS,n,2,286.25,4.93,N,2
20.75896,85.29922,307.53,0.36,0.57,2026-06-01,1922,N20,VIIRS,n,2,283.22,1.55,N,2
20.75933,85.29565,305.25,0.36,0.57,2026-06-01,1922,N20,VIIRS,n,2,282.35,1.87,N,2
20.78376,85.26649,306.12,0.36,0.58,2026-06-01,1922,N20,VIIRS,n,2,280.56,1.2,N,2
20.78412,85.26302,301.85,0.36,0.58,2026-06-01,1922,N20,VIIRS,n,2,280.19,1.06,N,2
20.7958,85.25397,316.62,0.36,0.58,2026-06-01,1922,N20,VIIRS,n,2,277.87,1.08,N,2
20.80607,85.25861,299.18,0.36,0.58,2026-06-01,1922,N20,VIIRS,n,2,275.59,0.58,N,2
20.80644,85.25509,299.43,0.36,0.58,2026-06-01,1922,N20,VIIRS,n,2,275.13,0.58,N,2
20.94403,86.06246,307.64,0.32,0.55,2026-06-01,1922,N20,VIIRS,n,2,292.18,1.24,N,2
20.94966,86.04784,339.73,0.32,0.55,2026-06-01,1922,N20,VIIRS,n,2,291.75,1.81,N,2
20.95041,86.05082,309.03,0.32,0.55,2026-06-01,1922,N20,VIIRS,n,2,292.34,3.21,N,2
20.95074,86.04776,344.04,0.32,0.55,2026-06-01,1922,N20,VIIRS,n,2,291.81,2.41,N,2
20.95108,86.04467,312.35,0.32,0.55,2026-06-01,1922,N20,VIIRS,n,2,291.89,2.41,N,2
20.95471,86.04852,323.05,0.32,0.55,2026-06-01,1922,N20,VIIRS,n,2,292,1.81,N,2
20.95502,86.04544,307.36,0.32,0.55,2026-06-01,1922,N20,VIIRS,n,2,291.69,1.81,N,2
20.96104,85.18797,304.78,0.37,0.58,2026-06-01,1922,N20,VIIRS,n,2,285.35,1.02,N,2
20.96244,85.17373,312.92,0.37,0.58,2026-06-01,1922,N20,VIIRS,n,2,287.06,1.89,N,2
20.9628,85.17015,311.89,0.37,0.58,2026-06-01,1922,N20,VIIRS,n,2,287.39,2.15,N,2
20.96315,85.16656,307.34,0.37,0.58,2026-06-01,1922,N20,VIIRS,n,2,287.61,2.15,N,2
20.96351,85.16292,317.92,0.37,0.58,2026-06-01,1922,N20,VIIRS,n,2,287.8,3.54,N,2
20.96425,86.0052,327.89,0.33,0.55,2026-06-01,1922,N20,VIIRS,n,2,289.38,1.79,N,2
20.96482,86.04976,309.66,0.32,0.55,2026-06-01,1922,N20,VIIRS,n,2,292.15,1.31,N,2
20.96531,86.00832,309.84,0.33,0.55,2026-06-01,1922,N20,VIIRS,n,2,289.55,1.7,N,2
20.96565,86.0052,321.4,0.33,0.55,2026-06-01,1922,N20,VIIRS,n,2,289.32,0.9,N,2
20.96599,86.0021,303.89,0.33,0.55,2026-06-01,1922,N20,VIIRS,n,2,289.6,0.9,N,2
20.96604,85.19209,306.77,0.37,0.58,2026-06-01,1922,N20,VIIRS,n,2,285.49,1.02,N,2
20.96638,85.18863,308.68,0.37,0.58,2026-06-01,1922,N20,VIIRS,n,2,285.72,1.02,N,2
20.96744,85.17794,313.05,0.37,0.58,2026-06-01,1922,N20,VIIRS,n,2,286.43,1.89,N,2
20.96772,86.02147,311.66,0.33,0.55,2026-06-01,1922,N20,VIIRS,n,2,290.47,1.42,N,2
20.9678,85.17434,313.72,0.37,0.58,2026-06-01,1922,N20,VIIRS,n,2,286.71,1.89,N,2
20.96804,86.01833,306.09,0.33,0.55,2026-06-01,1922,N20,VIIRS,n,2,290.32,1.88,N,2
20.96816,85.17071,324.33,0.37,0.58,2026-06-01,1922,N20,VIIRS,n,2,287.41,2.15,N,2
20.96901,86.00892,304.32,0.33,0.55,2026-06-01,1922,N20,VIIRS,n,2,289.62,2.8,N,2
20.96964,86.00269,311.72,0.33,0.55,2026-06-01,1922,N20,VIIRS,n,2,289.14,1.79,N,2
20.96993,85.15271,307.75,0.37,0.58,2026-06-01,1922,N20,VIIRS,n,2,288.22,2.72,N,2
20.9728,85.17851,324.2,0.37,0.58,2026-06-01,1922,N20,VIIRS,n,2,286.91,1.84,N,2
20.97316,85.17491,307.37,0.37,0.58,2026-06-01,1922,N20,VIIRS,n,2,286.91,1.84,N,2
20.97472,86.00328,304.08,0.33,0.55,2026-06-01,1922,N20,VIIRS,n,2,289.6,1.02,N,2
20.97494,85.15689,307.44,0.37,0.58,2026-06-01,1922,N20,VIIRS,n,2,284.6,1.13,N,0
20.97887,85.17188,310.05,0.37,0.58,2026-06-01,1922,N20,VIIRS,n,2,286.37,1.77,N,2
20.99941,86.01283,313.09,0.33,0.55,2026-06-01,1922,N20,VIIRS,n,2,291.18,1.66,N,2
21.00317,86.02599,312.36,0.33,0.55,2026-06-01,1922,N20,VIIRS,n,2,291.35,1.06,N,2
21.66682,96.86298,308.63,0.41,0.37,2026-06-01,1922,N20,VIIRS,n,2,289.09,1.36,N,0
21.67647,82.08167,305.26,0.6,0.7,2026-06-01,1922,N20,VIIRS,n,2,288.24,2.2,N,2
21.74555,83.84084,306.39,0.46,0.64,2026-06-01,1922,N20,VIIRS,n,2,284.47,1.54,N,2
21.75827,84.02581,306.35,0.45,0.63,2026-06-01,1922,N20,VIIRS,n,2,284.85,2.94,N,2
21.76489,84.01762,303.05,0.45,0.63,2026-06-01,1922,N20,VIIRS,n,2,284.04,1.01,N,2
21.7707,84.01825,303.82,0.45,0.63,2026-06-01,1922,N20,VIIRS,n,2,284.2,1.01,N,2
21.7996,83.88702,303.04,0.46,0.63,2026-06-01,1922,N20,VIIRS,n,2,285.45,1.11,N,0
21.80052,83.88749,303.17,0.46,0.63,2026-06-01,1922,N20,VIIRS,n,2,285.72,1.15,N,0
21.82531,83.99743,303.03,0.45,0.63,2026-06-01,1922,N20,VIIRS,n,2,284.7,0.54,N,2
21.95369,83.8077,303.7,0.47,0.64,2026-06-01,1922,N20,VIIRS,n,2,286.04,0.65,N,0
21.96037,83.79942,307.21,0.47,0.64,2026-06-01,1922,N20,VIIRS,n,2,285.61,1.02,N,0
21.98397,83.23193,300.35,0.51,0.66,2026-06-01,1922,N20,VIIRS,n,2,278.86,1.01,N,2
21.98483,83.22987,297.87,0.51,0.66,2026-06-01,1922,N20,VIIRS,n,2,279.08,0.76,N,2
22.00503,82.66705,306.03,0.55,0.68,2026-06-01,1922,N20,VIIRS,n,2,285.13,3.76,N,2
22.00785,82.67047,306.38,0.55,0.68,2026-06-01,1922,N20,VIIRS,n,2,285.24,3.66,N,2
22.04144,83.73586,306.09,0.47,0.64,2026-06-01,1922,N20,VIIRS,n,2,283.8,3.53,N,2
22.04183,83.73125,307.4,0.47,0.64,2026-06-01,1922,N20,VIIRS,n,2,284.14,2.97,N,2
22.05489,83.71861,300.46,0.47,0.64,2026-06-01,1922,N20,VIIRS,n,2,277.1,1.72,N,0
22.05579,88.12543,321.3,0.49,0.49,2026-06-01,1922,N20,VIIRS,n,2,297.02,4.84,N,2
22.09275,83.12517,306.02,0.52,0.67,2026-06-01,1922,N20,VIIRS,n,2,286.17,1.03,N,0
22.20176,84.57736,303.78,0.42,0.61,2026-06-01,1922,N20,VIIRS,n,2,289.24,0.77,N,2
22.20844,84.86857,299.65,0.4,0.6,2026-06-01,1922,N20,VIIRS,n,2,274.89,0.95,N,2
22.21001,84.54951,306.79,0.42,0.61,2026-06-01,1922,N20,VIIRS,n,2,288.61,1.16,N,2
22.2193,84.75423,305.98,0.41,0.6,2026-06-01,1922,N20,VIIRS,n,2,286.14,1.26,N,2
22.31525,82.55936,302.89,0.57,0.69,2026-06-01,1922,N20,VIIRS,n,2,285.2,1.05,N,2
22.33102,82.60535,302.99,0.56,0.69,2026-06-01,1922,N20,VIIRS,n,2,286.46,0.91,N,2
22.36584,87.30191,321.29,0.56,0.51,2026-06-01,1922,N20,VIIRS,n,2,293.69,3.17,N,2
22.36667,87.02049,307.39,0.58,0.52,2026-06-01,1922,N20,VIIRS,n,2,292.19,2.09,N,2
22.3777,87.28133,324.03,0.56,0.52,2026-06-01,1922,N20,VIIRS,n,2,294.55,4.08,N,2
22.37829,87.27586,312.83,0.56,0.52,2026-06-01,1922,N20,VIIRS,n,2,293.45,2.51,N,2
22.79594,86.19277,307.68,0.33,0.56,2026-06-01,1922,N20,VIIRS,n,2,288.65,2.26,N,2
22.80091,86.09005,318.25,0.34,0.56,2026-06-01,1922,N20,VIIRS,n,2,288.35,1.77,N,2
22.81702,86.08548,299.41,0.34,0.56,2026-06-01,1922,N20,VIIRS,n,2,280.9,0.35,N,2
22.85653,86.0564,311.83,0.34,0.56,2026-06-01,1922,N20,VIIRS,n,2,288.69,1.09,N,2
22.87331,86.06145,306.89,0.34,0.56,2026-06-01,1922,N20,VIIRS,n,2,289.1,0.99,N,2
22.87687,86.06216,305.81,0.34,0.56,2026-06-01,1922,N20,VIIRS,n,2,288.73,0.95,N,2
23.06354,83.04981,303.88,0.54,0.68,2026-06-01,1922,N20,VIIRS,n,2,288.54,1.26,N,0
23.4853,87.36437,311.29,0.57,0.52,2026-06-01,1922,N20,VIIRS,n,2,290.52,3.11,N,2
23.48541,87.36259,306.19,0.57,0.52,2026-06-01,1922,N20,VIIRS,n,2,290.37,3.2,N,2
23.55211,86.541,306.61,0.32,0.55,2026-06-01,1922,N20,VIIRS,n,2,290.83,1.85,N,2
23.64938,85.44186,309.83,0.38,0.59,2026-06-01,1922,N20,VIIRS,n,2,287.9,2.19,N,2
23.64972,85.43815,326.51,0.38,0.59,2026-06-01,1922,N20,VIIRS,n,2,288.45,1.86,N,2
23.65007,85.43443,304.01,0.38,0.59,2026-06-01,1922,N20,VIIRS,n,2,287.27,1.86,N,2
23.65646,85.50724,307.88,0.38,0.59,2026-06-01,1922,N20,VIIRS,n,2,287.93,0.94,N,2
23.65956,85.50758,306.03,0.38,0.59,2026-06-01,1922,N20,VIIRS,n,2,287.49,0.69,N,2
23.66221,87.15426,309.89,0.59,0.53,2026-06-01,1922,N20,VIIRS,n,2,287.39,2.42,N,2
23.66771,85.00084,309.4,0.41,0.6,2026-06-01,1922,N20,VIIRS,n,2,290.22,1.26,N,2
23.66805,84.99698,304.48,0.41,0.6,2026-06-01,1922,N20,VIIRS,n,2,289.66,1.26,N,2
23.67677,85.32647,302.68,0.39,0.59,2026-06-01,1922,N20,VIIRS,n,2,287.04,1.12,N,0
23.67785,85.32647,303,0.39,0.59,2026-06-01,1922,N20,VIIRS,n,2,288.76,0.25,N,0
23.67786,86.08672,305.1,0.35,0.56,2026-06-01,1922,N20,VIIRS,n,2,276.09,1.24,N,2
23.67844,86.39705,301.77,0.33,0.55,2026-06-01,1922,N20,VIIRS,n,2,275.12,1.07,N,2
23.68112,86.39888,304.91,0.33,0.55,2026-06-01,1922,N20,VIIRS,n,2,278.63,0.87,N,2
23.68142,86.3956,305.73,0.33,0.55,2026-06-01,1922,N20,VIIRS,n,2,274.65,1.34,N,2
23.68205,86.38889,298.22,0.33,0.55,2026-06-01,1922,N20,VIIRS,n,2,273.2,1.55,N,2
23.68241,86.09412,296.1,0.35,0.56,2026-06-01,1922,N20,VIIRS,n,2,270.52,0.9,N,2
23.68387,86.39448,299.13,0.33,0.55,2026-06-01,1922,N20,VIIRS,n,2,274.07,1.07,N,2
23.68421,86.39111,303.52,0.33,0.55,2026-06-01,1922,N20,VIIRS,n,2,273.74,1.23,N,2
23.68445,85.36192,306.69,0.39,0.59,2026-06-01,1922,N20,VIIRS,n,2,290.25,0.85,N,0
23.68576,85.36205,306.67,0.39,0.59,2026-06-01,1922,N20,VIIRS,n,2,290.01,0.73,N,0
23.68684,86.39299,306.93,0.33,0.55,2026-06-01,1922,N20,VIIRS,n,2,278.04,1.34,N,2
23.68931,86.39178,300.81,0.33,0.55,2026-06-01,1922,N20,VIIRS,n,2,277.3,1.2,N,2
23.6902,87.12228,309.9,0.6,0.53,2026-06-01,1922,N20,VIIRS,n,2,286.19,2.79,N,2
23.69263,87.09888,307.67,0.6,0.53,2026-06-01,1922,N20,VIIRS,n,2,288.73,2.88,N,2
23.69507,87.12293,312.13,0.6,0.53,2026-06-01,1922,N20,VIIRS,n,2,287.01,2.79,N,2
23.69633,85.36717,306.31,0.39,0.59,2026-06-01,1922,N20,VIIRS,n,2,289.98,0.79,N,0
23.69686,85.2897,310.9,0.39,0.59,2026-06-01,1922,N20,VIIRS,n,2,290.37,1.71,N,2
23.6969,87.10535,305.41,0.6,0.53,2026-06-01,1922,N20,VIIRS,n,2,287.54,3.69,N,2
23.69768,85.2897,311.05,0.39,0.59,2026-06-01,1922,N20,VIIRS,n,2,290.68,1.86,N,2
23.71212,86.45251,315.24,0.33,0.55,2026-06-01,1922,N20,VIIRS,n,2,292.03,1.91,N,2
23.71244,86.44924,317.73,0.33,0.55,2026-06-01,1922,N20,VIIRS,n,2,291.71,1.91,N,2
23.71816,86.44338,309.46,0.33,0.55,2026-06-01,1922,N20,VIIRS,n,2,291.45,3.61,N,2
23.72237,85.00683,305.39,0.41,0.6,2026-06-01,1922,N20,VIIRS,n,2,290.19,1.69,N,2
23.72347,85.00738,307.45,0.41,0.6,2026-06-01,1922,N20,VIIRS,n,2,289.92,1.15,N,2
23.72358,86.44077,310.4,0.33,0.55,2026-06-01,1922,N20,VIIRS,n,2,292.13,3.31,N,2
23.72595,85.52395,302.88,0.38,0.59,2026-06-01,1922,N20,VIIRS,n,2,287.13,0.51,N,2
23.72803,86.44798,310.82,0.33,0.55,2026-06-01,1922,N20,VIIRS,n,2,291.29,2.44,N,0
23.73876,85.01279,303.52,0.41,0.6,2026-06-01,1922,N20,VIIRS,n,2,290.61,2.1,N,2
23.73911,85.00886,305.84,0.41,0.6,2026-06-01,1922,N20,VIIRS,n,2,290.57,1.87,N,2
23.7395,86.4362,315.04,0.33,0.55,2026-06-01,1922,N20,VIIRS,n,2,291.9,2.98,N,2
23.73982,86.43293,327.96,0.33,0.55,2026-06-01,1922,N20,VIIRS,n,2,291.15,2.98,N,2
23.74395,85.50675,305.72,0.38,0.59,2026-06-01,1922,N20,VIIRS,n,2,287.33,0.74,N,2
23.75163,86.41796,326.56,0.33,0.55,2026-06-01,1922,N20,VIIRS,n,2,291.37,5.43,N,2
23.75813,85.85404,310.25,0.36,0.57,2026-06-01,1922,N20,VIIRS,n,2,290.06,1.82,N,2
23.76347,86.40284,317.98,0.33,0.55,2026-06-01,1922,N20,VIIRS,n,2,288.31,2.78,N,2
23.7638,86.39951,305.84,0.33,0.55,2026-06-01,1922,N20,VIIRS,n,2,285.45,4.26,N,2
23.76825,86.40679,322.55,0.33,0.55,2026-06-01,1922,N20,VIIRS,n,2,290.32,2.78,N,2
23.76858,86.40344,330.7,0.33,0.55,2026-06-01,1922,N20,VIIRS,n,2,289.39,2.78,N,2
23.77251,86.36403,299.92,0.33,0.56,2026-06-01,1922,N20,VIIRS,n,2,269.05,0.52,N,2
23.77532,86.38778,302.13,0.33,0.55,2026-06-01,1922,N20,VIIRS,n,2,278.8,1.29,N,2
23.7773,86.36795,298.74,0.33,0.56,2026-06-01,1922,N20,VIIRS,n,2,276.97,0.89,N,2
23.77732,86.2096,313.24,0.34,0.56,2026-06-01,1922,N20,VIIRS,n,2,285.47,2.26,N,2
23.77764,86.36462,311.09,0.33,0.56,2026-06-01,1922,N20,VIIRS,n,2,276.97,0.89,N,2
23.78011,86.39173,315.96,0.33,0.55,2026-06-01,1922,N20,VIIRS,n,2,275.51,2.91,N,2
23.78043,86.38848,311.56,0.33,0.55,2026-06-01,1922,N20,VIIRS,n,2,274.84,1.29,N,2
23.78249,86.21034,312.03,0.34,0.56,2026-06-01,1922,N20,VIIRS,n,2,284.56,2.1,N,2
23.78349,85.57574,307.09,0.38,0.58,2026-06-01,1922,N20,VIIRS,n,2,288.15,1.35,N,0
23.79433,86.35336,311.54,0.33,0.56,2026-06-01,1922,N20,VIIRS,n,2,286.4,2.8,N,2
23.7998,86.35068,317.9,0.33,0.56,2026-06-01,1922,N20,VIIRS,n,2,282.89,2.89,N,2
23.80179,86.33091,307.45,0.34,0.56,2026-06-01,1922,N20,VIIRS,n,2,279.78,3.45,N,2
23.83884,84.94685,308.28,0.41,0.61,2026-06-01,1922,N20,VIIRS,n,2,288.17,1.41,N,2
17.61247,83.20451,307.73,0.45,0.63,2026-06-01,1923,N20,VIIRS,n,2,288.02,2.05,N,2
19.09379,82.17284,302.92,0.55,0.68,2026-06-01,1923,N20,VIIRS,n,2,290.96,2.42,N,0
19.09782,82.16493,304.66,0.55,0.68,2026-06-01,1923,N20,VIIRS,n,2,290.56,3,N,2
19.10061,82.16815,302.92,0.55,0.68,2026-06-01,1923,N20,VIIRS,n,2,290.46,2.64,N,2
19.10414,82.16557,312.24,0.55,0.68,2026-06-01,1923,N20,VIIRS,n,2,290.66,2.57,N,2
19.10461,82.16026,302.69,0.55,0.68,2026-06-01,1923,N20,VIIRS,n,2,289.8,1.78,N,2
19.10743,82.16344,317.06,0.55,0.68,2026-06-01,1923,N20,VIIRS,n,2,290.38,2.9,N,2
19.26138,80.15405,295.54,0.75,0.77,2026-06-01,1923,N20,VIIRS,n,2,285.52,8.57,N,0
32.89059,71.61863,309.97,0.39,0.36,2026-06-01,2100,N20,VIIRS,n,2,297.24,0.98,N,2
32.97659,74.89999,308.95,0.41,0.37,2026-06-01,2100,N20,VIIRS,n,2,286.85,0.83,N,0
33.03279,71.34769,311.42,0.39,0.36,2026-06-01,2100,N20,VIIRS,n,2,294.83,2.36,N,0
33.03615,71.34816,331.4,0.39,0.36,2026-06-01,2100,N20,VIIRS,n,2,296,2.36,N,0
33.21048,74.79583,302.59,0.41,0.37,2026-06-01,2100,N20,VIIRS,n,2,288.34,0.65,N,0
33.23554,71.51627,307.06,0.39,0.36,2026-06-01,2100,N20,VIIRS,n,2,295.2,0.24,N,2
26.75872,83.19976,305.88,0.49,0.65,2026-06-01,2101,N20,VIIRS,n,2,289.84,1.28,N,2
27.66709,76.13285,305.97,0.54,0.42,2026-06-01,2101,N20,VIIRS,n,2,292.17,1.73,N,2
27.6698,76.12854,304.84,0.54,0.42,2026-06-01,2101,N20,VIIRS,n,2,292.05,1.65,N,2
28.39775,69.18475,313.51,0.41,0.37,2026-06-01,2101,N20,VIIRS,n,2,295.85,4.62,N,0
28.65134,77.59163,303.23,0.41,0.45,2026-06-01,2101,N20,VIIRS,n,2,291.71,0.54,N,0
29.12475,75.77798,306.44,0.49,0.4,2026-06-01,2101,N20,VIIRS,n,2,293.92,2.21,N,2
29.5326,77.7288,309.81,0.4,0.45,2026-06-01,2101,N20,VIIRS,n,2,291.21,0.78,N,0
30.32364,78.38479,302.33,0.42,0.46,2026-06-01,2101,N20,VIIRS,n,2,285.7,0.57,N,0
30.51853,77.19846,301.78,0.55,0.42,2026-06-01,2101,N20,VIIRS,n,2,287.62,1.09,N,0
21.74407,83.84307,297.01,0.7,0.75,2026-06-01,2102,N20,VIIRS,n,2,255.01,1.76,N,2
21.78226,83.8332,306.37,0.69,0.74,2026-06-01,2102,N20,VIIRS,n,2,267.76,3.63,N,2
21.78395,83.82652,296.21,0.69,0.74,2026-06-01,2102,N20,VIIRS,n,2,264.75,2.2,N,0
21.92414,83.35162,312.65,0.64,0.72,2026-06-01,2102,N20,VIIRS,n,2,288.11,3.43,N,2
22.03986,83.35407,304.88,0.64,0.72,2026-06-01,2102,N20,VIIRS,n,2,288.52,1.47,N,2
22.04069,83.73083,304.1,0.67,0.74,2026-06-01,2102,N20,VIIRS,n,2,284.32,4.25,N,2
22.05043,83.72013,303.35,0.67,0.74,2026-06-01,2102,N20,VIIRS,n,2,284.17,4.15,N,0
22.05858,83.71575,296.98,0.67,0.74,2026-06-01,2102,N20,VIIRS,n,2,279.8,0.44,N,0
22.09647,83.12533,306.34,0.62,0.71,2026-06-01,2102,N20,VIIRS,n,2,287.79,1.89,N,0
22.31395,82.53117,308.87,0.56,0.69,2026-06-01,2102,N20,VIIRS,n,2,289.38,2.02,N,2
22.31754,82.53381,306.93,0.56,0.69,2026-06-01,2102,N20,VIIRS,n,2,289.64,3.56,N,2
22.31885,82.53814,304.7,0.56,0.69,2026-06-01,2102,N20,VIIRS,n,2,289.37,2.74,N,2
22.33427,82.57287,318.91,0.56,0.69,2026-06-01,2102,N20,VIIRS,n,2,289.3,3.2,N,2
22.35476,82.30474,306.29,0.54,0.68,2026-06-01,2102,N20,VIIRS,n,2,288.26,2.24,N,2
22.35485,82.30133,320.39,0.54,0.68,2026-06-01,2102,N20,VIIRS,n,2,287.59,2.56,N,2
22.35596,82.29967,314.78,0.54,0.68,2026-06-01,2102,N20,VIIRS,n,2,288.08,2.24,N,2
22.36094,82.30289,311.32,0.54,0.68,2026-06-01,2102,N20,VIIRS,n,2,288.56,2.56,N,2
23.16404,82.33824,316.85,0.52,0.67,2026-06-01,2102,N20,VIIRS,n,2,290.63,2.13,N,2
23.1653,82.33302,306.22,0.52,0.67,2026-06-01,2102,N20,VIIRS,n,2,289.51,2.13,N,2
23.16885,82.3447,306.35,0.52,0.67,2026-06-01,2102,N20,VIIRS,n,2,290.56,2.78,N,2
23.17006,82.33971,316.43,0.52,0.67,2026-06-01,2102,N20,VIIRS,n,2,290.26,2.13,N,2
23.37057,78.08569,311.28,0.56,0.51,2026-06-01,2102,N20,VIIRS,n,2,290.58,1.1,N,0
23.4686,78.3986,327.78,0.58,0.52,2026-06-01,2102,N20,VIIRS,n,2,282.42,4.4,N,0
23.46879,78.3987,329.64,0.58,0.52,2026-06-01,2102,N20,VIIRS,n,2,282.83,3.02,N,0
23.64807,85.43883,305.77,0.79,0.78,2026-06-01,2102,N20,VIIRS,n,2,287,2.67,N,2
24.59895,80.58197,303.94,0.38,0.59,2026-06-01,2102,N20,VIIRS,n,2,290.57,0.64,N,0
24.7147,75.95255,302.55,0.39,0.44,2026-06-01,2102,N20,VIIRS,n,2,291.71,0.69,N,2
25.38831,68.58376,307.59,0.41,0.37,2026-06-01,2102,N20,VIIRS,n,2,285.69,3.51,N,2
25.75124,68.46732,312.59,0.42,0.37,2026-06-01,2102,N20,VIIRS,n,2,294.25,4.66,N,0
26.25839,74.09672,306.2,0.45,0.39,2026-06-01,2102,N20,VIIRS,n,2,287.42,1.25,N,2
26.87611,73.51695,304.46,0.42,0.38,2026-06-01,2102,N20,VIIRS,n,2,292.9,1.24,N,2
26.88029,73.51348,304.43,0.42,0.38,2026-06-01,2102,N20,VIIRS,n,2,292.89,1.27,N,2
27.5368,69.31186,319.9,0.41,0.37,2026-06-01,2102,N20,VIIRS,n,2,296.64,1.46,N,0
27.83777,69.33745,323.68,0.41,0.37,2026-06-01,2102,N20,VIIRS,n,2,297.4,1.92,N,0
28.013,68.35686,310.9,0.44,0.38,2026-06-01,2102,N20,VIIRS,n,2,293.44,0.72,N,0
28.0327,68.39662,315.57,0.44,0.38,2026-06-01,2102,N20,VIIRS,n,2,294.75,1.77,N,0
28.10843,68.50252,309.64,0.43,0.38,2026-06-01,2102,N20,VIIRS,n,2,295.29,0.77,N,0
28.19037,69.16784,314.88,0.41,0.37,2026-06-01,2102,N20,VIIRS,n,2,297.18,1.45,N,0
28.23722,68.61317,317.83,0.43,0.38,2026-06-01,2102,N20,VIIRS,n,2,295.65,1.62,N,0
28.35144,68.03425,319.95,0.45,0.39,2026-06-01,2102,N20,VIIRS,n,2,295.65,2.29,N,0
28.47898,68.21741,310.09,0.45,0.39,2026-06-01,2102,N20,VIIRS,n,2,294.81,0.99,N,0
19.09804,82.16662,303.77,0.62,0.72,2026-06-01,2103,N20,VIIRS,n,2,288.83,1.62,N,2
19.10443,82.16837,307.22,0.62,0.72,2026-06-01,2103,N20,VIIRS,n,2,289.12,1.62,N,2
19.10511,82.1673,303.08,0.62,0.72,2026-06-01,2103,N20,VIIRS,n,2,289.37,2.33,N,2
20.3885,75.86832,305.63,0.46,0.47,2026-06-01,2103,N20,VIIRS,n,2,290.8,1.79,N,0
21.19382,75.11222,309,0.4,0.44,2026-06-01,2103,N20,VIIRS,n,2,293.4,1.65,N,0
21.37713,81.68256,310.57,0.52,0.67,2026-06-01,2103,N20,VIIRS,n,2,290.9,5.81,N,2
21.48607,81.76928,309.85,0.52,0.67,2026-06-01,2103,N20,VIIRS,n,2,288.28,2.34,N,2
21.5019,81.80972,307.52,0.52,0.67,2026-06-01,2103,N20,VIIRS,n,2,289.54,2.08,N,0
21.62353,81.09064,320.45,0.47,0.64,2026-06-01,2103,N20,VIIRS,n,2,290.36,2.5,N,0
21.74905,83.84425,298.12,0.7,0.75,2026-06-01,2103,N20,VIIRS,n,2,258.94,2.59,N,2
21.78049,83.83235,308.43,0.69,0.75,2026-06-01,2103,N20,VIIRS,n,2,265.41,4.44,N,2
22.00296,82.66927,304.6,0.58,0.7,2026-06-01,2103,N20,VIIRS,n,2,289.28,2.05,N,2
22.18727,78.54743,313.67,0.63,0.54,2026-06-01,2103,N20,VIIRS,n,2,289.09,2.6,N,0
22.26369,75.13379,310.87,0.39,0.44,2026-06-01,2103,N20,VIIRS,n,2,289.03,1.69,N,2
22.26555,75.13415,313.11,0.39,0.44,2026-06-01,2103,N20,VIIRS,n,2,289.87,1.56,N,2
22.33089,69.73832,306.97,0.38,0.36,2026-06-01,2103,N20,VIIRS,n,2,267.13,0.97,N,0
22.41588,69.0394,318.91,0.39,0.36,2026-06-01,2103,N20,VIIRS,n,2,296.83,1.32,N,2
22.4192,69.03999,307.71,0.39,0.36,2026-06-01,2103,N20,VIIRS,n,2,295.39,1.32,N,2
22.82316,69.68084,318.29,0.38,0.36,2026-06-01,2103,N20,VIIRS,n,2,296.5,3.4,N,0
23.43916,68.71861,316.23,0.4,0.37,2026-06-01,2103,N20,VIIRS,n,2,296,2.42,N,0
16.20785,78.88542,307.02,0.44,0.62,2026-06-01,2104,N20,VIIRS,n,2,290.41,2.03,N,0
17.01629,74.877,303.78,0.46,0.47,2026-06-01,2104,N20,VIIRS,n,2,290.45,0.32,N,0
17.08093,78.09035,302.09,0.37,0.58,2026-06-01,2104,N20,VIIRS,n,2,280.92,0.46,N,0
17.08169,78.09145,301.64,0.37,0.58,2026-06-01,2104,N20,VIIRS,n,2,280.96,0.4,N,0
17.60002,83.18479,303.08,0.78,0.78,2026-06-01,2104,N20,VIIRS,n,2,288.35,1.63,N,0
17.60368,83.18221,303.75,0.78,0.78,2026-06-01,2104,N20,VIIRS,n,2,288.03,1.64,N,0
17.61058,83.20251,314.44,0.78,0.78,2026-06-01,2104,N20,VIIRS,n,2,288.58,4.36,N,2
17.94907,80.78514,310.02,0.54,0.68,2026-06-01,2104,N20,VIIRS,n,2,288.12,2.39,N,0
18.42385,79.57649,316.78,0.44,0.62,2026-06-01,2104,N20,VIIRS,n,2,288.61,3.81,N,0
18.58059,79.22781,312.73,0.41,0.61,2026-06-01,2104,N20,VIIRS,n,2,289.66,2.57,N,0
18.58088,79.22764,310.03,0.41,0.61,2026-06-01,2104,N20,VIIRS,n,2,289.57,2.16,N,0
18.68219,73.03839,316.55,0.51,0.41,2026-06-01,2104,N20,VIIRS,n,2,297.28,7.15,N,2
18.68304,73.03365,313.07,0.51,0.41,2026-06-01,2104,N20,VIIRS,n,2,297.26,2.57,N,2
18.68677,73.03439,311.11,0.51,0.41,2026-06-01,2104,N20,VIIRS,n,2,296.78,2.57,N,2
18.68762,73.02966,314.83,0.51,0.41,2026-06-01,2104,N20,VIIRS,n,2,296.74,2.57,N,2
18.69338,73.0406,321.14,0.51,0.41,2026-06-01,2104,N20,VIIRS,n,2,297.69,6.46,N,2
18.72092,79.53693,315.63,0.43,0.62,2026-06-01,2104,N20,VIIRS,n,2,290.06,6.88,N,2
19.09426,73.11075,308.14,0.5,0.41,2026-06-01,2104,N20,VIIRS,n,2,295.72,0.72,N,0
19.17592,70.94654,313.81,0.41,0.37,2026-06-01,2104,N20,VIIRS,n,2,296.66,3.66,N,3
19.3703,71.35589,331.23,0.42,0.38,2026-06-01,2104,N20,VIIRS,n,2,297.34,7.98,N,3
19.37098,71.35193,314.33,0.42,0.38,2026-06-01,2104,N20,VIIRS,n,2,296.48,7.98,N,3
19.72326,72.9611,310.25,0.49,0.4,2026-06-01,2104,N20,VIIRS,n,2,295.92,1.52,N,0
19.72692,72.96183,326.97,0.49,0.4,2026-06-01,2104,N20,VIIRS,n,2,295.97,2.43,N,0
19.93592,73.71487,304.17,0.53,0.42,2026-06-01,2104,N20,VIIRS,n,2,293.68,0.82,N,2
19.93684,73.70989,303.92,0.53,0.42,2026-06-01,2104,N20,VIIRS,n,2,293.32,0.65,N,2
20.35455,72.94999,319.62,0.48,0.4,2026-06-01,2104,N20,VIIRS,n,2,295.68,4.72,N,0
20.35818,72.95072,319.48,0.48,0.4,2026-06-01,2104,N20,VIIRS,n,2,295.82,4.55,N,2
15.11097,76.80595,306.89,0.33,0.56,2026-06-01,2105,N20,VIIRS,n,2,288.96,1.07,N,2
15.11864,78.07207,307.52,0.41,0.6,2026-06-01,2105,N20,VIIRS,n,2,289.15,3.05,N,0
15.13563,76.70786,305.72,0.33,0.55,2026-06-01,2105,N20,VIIRS,n,2,289.46,1.06,N,2
15.17536,76.37697,305.92,0.62,0.54,2026-06-01,2105,N20,VIIRS,n,2,284.87,3.59,N,2
15.17667,76.65762,314.16,0.33,0.55,2026-06-01,2105,N20,VIIRS,n,2,290.61,1.58,N,2
15.17725,76.65464,321.03,0.33,0.55,2026-06-01,2105,N20,VIIRS,n,2,290.3,1.58,N,2
15.17814,76.67664,305.11,0.33,0.55,2026-06-01,2105,N20,VIIRS,n,2,289.17,1.38,N,2
15.17899,76.64571,314.82,0.32,0.55,2026-06-01,2105,N20,VIIRS,n,2,289.35,1.72,N,0
15.18311,76.67776,309.55,0.33,0.55,2026-06-01,2105,N20,VIIRS,n,2,290.06,1.01,N,2
15.18369,76.67477,307.14,0.33,0.55,2026-06-01,2105,N20,VIIRS,n,2,289.08,1.01,N,2
15.1866,76.65984,307.08,0.33,0.55,2026-06-01,2105,N20,VIIRS,n,2,289.77,1.29,N,2
15.22796,76.76548,313.72,0.33,0.55,2026-06-01,2105,N20,VIIRS,n,2,289.23,1.22,N,0
15.33244,76.28713,305.55,0.61,0.53,2026-06-01,2105,N20,VIIRS,n,2,288.26,1.21,N,2
15.66006,73.98979,317.8,0.43,0.46,2026-06-01,2105,N20,VIIRS,n,2,293.07,2.53,N,2
10.9314,77.06583,303.12,0.42,0.61,2026-06-01,2106,N20,VIIRS,n,2,287.92,0.7,N,2
11.80871,77.92497,306.62,0.46,0.63,2026-06-01,2106,N20,VIIRS,n,2,287.96,1.75,N,2
11.80936,77.9237,309.48,0.46,0.63,2026-06-01,2106,N20,VIIRS,n,2,288.35,1.6,N,2
11.87287,76.94855,305.15,0.39,0.59,2026-06-01,2106,N20,VIIRS,n,2,286.55,1.01,N,0
11.87606,76.95034,302.47,0.39,0.6,2026-06-01,2106,N20,VIIRS,n,2,286.88,0.75,N,0
18.17412,95.81827,346.62,0.57,0.43,2026-06-02,633,N20,VIIRS,n,2,293.75,17.57,D,0
18.17534,95.81984,353.84,0.57,0.43,2026-06-02,633,N20,VIIRS,n,2,293.87,20.47,D,0
22.78382,86.20509,330.73,0.63,0.72,2026-06-02,635,N20,VIIRS,n,2,289.97,7.82,D,2
23.76423,86.40929,333.54,0.58,0.69,2026-06-02,635,N20,VIIRS,n,2,292.43,8.62,D,2
24.01194,91.49022,336.27,0.55,0.51,2026-06-02,635,N20,VIIRS,n,2,289.85,1.69,D,0
24.21901,91.98813,332.53,0.51,0.49,2026-06-02,635,N20,VIIRS,n,2,293.25,4.86,D,0
24.22161,91.98921,333.48,0.51,0.49,2026-06-02,635,N20,VIIRS,n,2,293.13,5.52,D,0
25.81796,92.32389,351.71,0.45,0.47,2026-06-02,635,N20,VIIRS,n,2,291.4,11.94,D,0
25.81845,92.32199,328.4,0.45,0.47,2026-06-02,635,N20,VIIRS,n,2,292.19,4.95,D,0
26.07048,93.24771,330.29,0.4,0.44,2026-06-02,635,N20,VIIRS,n,2,286.33,4.1,D,0
26.36592,96.72797,331.74,0.41,0.37,2026-06-02,635,N20,VIIRS,l,2,293.12,34.2,D,0
26.69157,96.6334,356.47,0.41,0.37,2026-06-02,635,N20,VIIRS,l,2,292.38,14.88,D,0
26.69226,96.63748,341.91,0.41,0.37,2026-06-02,635,N20,VIIRS,l,2,294.41,5.75,D,0
26.69633,96.64087,356.38,0.41,0.37,2026-06-02,635,N20,VIIRS,l,2,295.35,5.75,D,0
26.73089,96.70138,337.22,0.41,0.37,2026-06-02,635,N20,VIIRS,l,2,295.24,8.35,D,0
25.69993,84.90459,340.44,0.64,0.72,2026-06-02,636,N20,VIIRS,n,2,290.48,7.38,D,0
26.42307,87.60207,330.12,0.42,0.61,2026-06-02,636,N20,VIIRS,n,2,297.28,3.6,D,0
27.26211,90.0108,329.73,0.58,0.52,2026-06-02,636,N20,VIIRS,n,2,296.21,5.63,D,0
27.26326,90.01605,337.19,0.58,0.52,2026-06-02,636,N20,VIIRS,n,2,297.81,5.63,D,0
27.26812,90.01556,337.4,0.58,0.52,2026-06-02,636,N20,VIIRS,n,2,298.91,9.79,D,0
27.29478,92.65053,342.58,0.41,0.45,2026-06-02,636,N20,VIIRS,n,2,291.38,4.93,D,0
27.31114,92.71307,341.28,0.4,0.44,2026-06-02,636,N20,VIIRS,n,2,294.38,10.58,D,0
27.42402,92.47279,340.26,0.41,0.45,2026-06-02,636,N20,VIIRS,n,2,290.96,7.14,D,0
27.47096,92.77225,349.36,0.4,0.44,2026-06-02,636,N20,VIIRS,n,2,290.8,10.14,D,0
28.63128,95.03533,325.05,0.45,0.39,2026-06-02,636,N20,VIIRS,n,2,295.9,4.88,D,0
29.56091,90.9903,339.59,0.46,0.47,2026-06-02,637,N20,VIIRS,n,2,307.69,6.03,D,0
29.67474,91.15772,345.78,0.45,0.47,2026-06-02,637,N20,VIIRS,n,2,312.25,6.29,D,0
29.67572,91.16242,337.03,0.45,0.47,2026-06-02,637,N20,VIIRS,l,2,310.85,7.4,D,0
8.34338,77.85967,332.89,0.38,0.36,2026-06-02,812,N20,VIIRS,n,2,302.37,1.88,D,0
8.67747,78.06907,335.64,0.38,0.36,2026-06-02,812,N20,VIIRS,n,2,300.78,2.21,D,0
8.73695,78.05997,331.34,0.38,0.36,2026-06-02,812,N20,VIIRS,n,2,300.71,1.58,D,0
8.75108,78.08628,331.14,0.39,0.36,2026-06-02,812,N20,VIIRS,l,2,302.72,1.92,D,0
8.82172,79.96162,331.59,0.42,0.38,2026-06-02,812,N20,VIIRS,n,2,298.72,1.54,D,0
9.08595,77.74119,350.34,0.38,0.36,2026-06-02,812,N20,VIIRS,n,2,305.08,10.13,D,0
9.0874,77.77295,333.79,0.38,0.36,2026-06-02,812,N20,VIIRS,n,2,298.74,2.54,D,0
9.27015,78.92275,336.05,0.4,0.37,2026-06-02,812,N20,VIIRS,n,2,298.21,2.87,D,0
9.32436,78.82637,330.2,0.4,0.37,2026-06-02,812,N20,VIIRS,n,2,299.49,1.62,D,0
9.49439,78.55836,330.83,0.39,0.36,2026-06-02,812,N20,VIIRS,n,2,296.69,1.97,D,0
9.49772,78.55786,338.83,0.39,0.36,2026-06-02,812,N20,VIIRS,n,2,295.75,1.65,D,0
9.50562,78.04834,340.96,0.39,0.36,2026-06-02,812,N20,VIIRS,n,2,302.35,4.77,D,0
9.55477,78.71642,337.81,0.4,0.37,2026-06-02,812,N20,VIIRS,n,2,299.61,2.97,D,0
9.81095,78.95772,331.18,0.4,0.37,2026-06-02,812,N20,VIIRS,l,2,302.09,0.81,D,0
9.81636,78.90115,334.24,0.4,0.37,2026-06-02,812,N20,VIIRS,n,2,302.84,1.59,D,0
9.82662,78.33158,332.15,0.39,0.36,2026-06-02,812,N20,VIIRS,n,2,300.77,2.15,D,0
9.85458,79.08952,331.1,0.4,0.37,2026-06-02,812,N20,VIIRS,n,2,299.49,1.99,D,0
9.89763,78.83256,337.82,0.4,0.37,2026-06-02,812,N20,VIIRS,n,2,303.95,4.8,D,0
10.05371,78.87538,351.73,0.4,0.37,2026-06-02,812,N20,VIIRS,n,2,305.53,9.97,D,0
10.24019,79.0907,336.81,0.41,0.37,2026-06-02,812,N20,VIIRS,n,2,298.13,4.64,D,0
10.36979,79.0448,337.12,0.41,0.37,2026-06-02,812,N20,VIIRS,n,2,303.41,3.78,D,0
10.48049,77.9398,337.18,0.39,0.36,2026-06-02,812,N20,VIIRS,n,2,300.81,3.57,D,0
10.48433,77.9428,333.63,0.39,0.36,2026-06-02,812,N20,VIIRS,n,2,298.42,1.94,D,0
10.50696,78.88779,332.88,0.4,0.37,2026-06-02,812,N20,VIIRS,n,2,299.29,1.63,D,0
10.74179,78.0532,335.08,0.39,0.36,2026-06-02,812,N20,VIIRS,l,2,305.97,2.05,D,0
10.94525,79.34579,342.97,0.42,0.38,2026-06-02,812,N20,VIIRS,n,2,299.38,4.11,D,0
10.95222,79.77409,338.54,0.44,0.38,2026-06-02,812,N20,VIIRS,n,2,299.82,2.57,D,0
10.99107,79.03349,336.25,0.41,0.37,2026-06-02,812,N20,VIIRS,l,2,306.86,6.86,D,0
11.06623,78.06717,331.04,0.39,0.36,2026-06-02,812,N20,VIIRS,n,2,300.45,2.9,D,0
11.16441,79.28919,341.25,0.42,0.38,2026-06-02,812,N20,VIIRS,n,2,302,4.3,D,0
11.25125,77.44677,334.97,0.38,0.36,2026-06-02,812,N20,VIIRS,n,2,300.47,3.53,D,0
11.43514,79.29641,333.83,0.42,0.38,2026-06-02,812,N20,VIIRS,l,2,308.28,8.06,D,0
11.47428,79.25559,334.54,0.42,0.38,2026-06-02,812,N20,VIIRS,n,2,303.81,5.9,D,0
11.40111,77.81076,335.87,0.39,0.36,2026-06-02,813,N20,VIIRS,n,2,301.63,3.4,D,0
11.79349,79.33821,332.55,0.43,0.38,2026-06-02,813,N20,VIIRS,l,2,303.23,2.77,D,0
11.91229,79.57,340.97,0.44,0.38,2026-06-02,813,N20,VIIRS,n,2,304.15,6.08,D,0
12.15486,79.51868,336.82,0.44,0.38,2026-06-02,813,N20,VIIRS,n,2,302.22,3.64,D,0
12.18364,79.46967,336.81,0.43,0.38,2026-06-02,813,N20,VIIRS,n,2,303.64,3.14,D,0
12.26452,79.60521,335.92,0.44,0.38,2026-06-02,813,N20,VIIRS,n,2,302.75,7.29,D,0
12.27887,79.68169,337.74,0.44,0.39,2026-06-02,813,N20,VIIRS,n,2,303.07,9.89,D,0
12.29173,79.54367,341.04,0.44,0.38,2026-06-02,813,N20,VIIRS,n,2,304.64,4.48,D,0
12.34868,79.91949,331.31,0.46,0.39,2026-06-02,813,N20,VIIRS,l,2,301.55,2.26,D,0
12.44807,80.06515,333.74,0.46,0.39,2026-06-02,813,N20,VIIRS,n,2,298.29,2.99,D,0
12.45168,80.06463,330.78,0.46,0.39,2026-06-02,813,N20,VIIRS,n,2,297.76,1.51,D,0
12.5167,79.37675,340.63,0.43,0.38,2026-06-02,813,N20,VIIRS,n,2,302.99,6.91,D,0
12.71101,80.10756,330.66,0.47,0.4,2026-06-02,813,N20,VIIRS,n,2,299.85,1.84,D,0
12.78049,79.85918,342,0.46,0.39,2026-06-02,813,N20,VIIRS,n,2,302.96,4.09,D,0
12.78469,77.41943,333.06,0.39,0.36,2026-06-02,813,N20,VIIRS,l,2,305.69,3.57,D,0
12.78522,77.42298,332.69,0.39,0.36,2026-06-02,813,N20,VIIRS,l,2,304.52,3.57,D,0
12.87193,79.36177,333.53,0.44,0.38,2026-06-02,813,N20,VIIRS,n,2,301.37,2.09,D,0
12.87279,79.36187,330.73,0.44,0.38,2026-06-02,813,N20,VIIRS,l,2,301.29,2.02,D,0
12.88572,80.12786,336.23,0.47,0.4,2026-06-02,813,N20,VIIRS,n,2,299.59,3.55,D,0
12.88606,79.94401,343.41,0.46,0.39,2026-06-02,813,N20,VIIRS,n,2,301.21,4.54,D,0
12.91258,79.49179,330.25,0.44,0.38,2026-06-02,813,N20,VIIRS,l,2,302.22,3.2,D,0
12.9191,79.94354,339.16,0.46,0.39,2026-06-02,813,N20,VIIRS,n,2,302.92,7.05,D,0
12.9197,79.9478,350.7,0.46,0.39,2026-06-02,813,N20,VIIRS,n,2,304.5,7.05,D,0
12.94743,79.9873,339.41,0.46,0.39,2026-06-02,813,N20,VIIRS,n,2,303.62,6.15,D,0
13.01727,80.1364,339.24,0.47,0.4,2026-06-02,813,N20,VIIRS,n,2,303.14,3.98,D,0
13.1342,77.76093,332.42,0.39,0.36,2026-06-02,813,N20,VIIRS,l,2,303.99,2.79,D,0
13.13997,80.26806,331.84,0.48,0.4,2026-06-02,813,N20,VIIRS,n,2,300.16,2.97,D,0
13.14242,80.23158,337.34,0.48,0.4,2026-06-02,813,N20,VIIRS,n,2,301.84,4.19,D,0
13.1801,79.80453,334.22,0.46,0.39,2026-06-02,813,N20,VIIRS,n,2,301.28,3.42,D,0
13.18069,79.80876,335.26,0.46,0.39,2026-06-02,813,N20,VIIRS,n,2,299.85,3.42,D,0
13.20697,80.18739,336.57,0.48,0.4,2026-06-02,813,N20,VIIRS,n,2,303.58,5.46,D,0
13.20715,80.18636,336.81,0.48,0.4,2026-06-02,813,N20,VIIRS,n,2,303.94,6.03,D,0
13.24047,79.66322,339.61,0.45,0.39,2026-06-02,813,N20,VIIRS,n,2,301.35,8.21,D,0
13.2405,80.29562,337.76,0.49,0.4,2026-06-02,813,N20,VIIRS,n,2,299.83,3.39,D,0
13.24317,79.66312,344.73,0.45,0.39,2026-06-02,813,N20,VIIRS,n,2,301.38,8.31,D,0
13.30797,80.24052,333.89,0.48,0.4,2026-06-02,813,N20,VIIRS,n,2,301.39,4.01,D,0
13.31103,80.23557,337.4,0.48,0.4,2026-06-02,813,N20,VIIRS,n,2,302.94,4.01,D,0
13.31821,80.10048,334.74,0.48,0.4,2026-06-02,813,N20,VIIRS,n,2,300.82,6.12,D,0
13.33744,80.32374,340.85,0.49,0.4,2026-06-02,813,N20,VIIRS,n,2,299.95,5.88,D,0
13.33842,80.32269,335.41,0.49,0.4,2026-06-02,813,N20,VIIRS,n,2,300.55,4.87,D,0
13.35437,77.87416,335.08,0.4,0.37,2026-06-02,813,N20,VIIRS,n,2,301.67,1.31,D,0
13.38574,78.61628,337.16,0.41,0.37,2026-06-02,813,N20,VIIRS,n,2,300.85,6.07,D,0
13.40736,80.17741,341.7,0.48,0.4,2026-06-02,813,N20,VIIRS,n,2,301.33,4.47,D,0
13.41103,80.17689,333.23,0.48,0.4,2026-06-02,813,N20,VIIRS,n,2,300.18,4.47,D,0
13.43381,80.23812,342.68,0.48,0.4,2026-06-02,813,N20,VIIRS,n,2,301.91,5.97,D,0
13.43454,80.23689,343.09,0.48,0.4,2026-06-02,813,N20,VIIRS,n,2,301.57,7.16,D,0
13.6149,80.0077,341.51,0.47,0.4,2026-06-02,813,N20,VIIRS,n,2,307.06,13.02,D,0
13.61519,80.01115,339.04,0.47,0.4,2026-06-02,813,N20,VIIRS,n,2,303.54,13.23,D,0
13.61855,80.00717,337.46,0.47,0.4,2026-06-02,813,N20,VIIRS,n,2,305.91,7.39,D,0
13.61884,80.01063,343.36,0.47,0.4,2026-06-02,813,N20,VIIRS,n,2,304.94,13.23,D,0
13.61915,80.01155,335.32,0.47,0.4,2026-06-02,813,N20,VIIRS,n,2,301.59,7.39,D,0
13.69028,79.66106,337.02,0.46,0.39,2026-06-02,813,N20,VIIRS,n,2,299.67,3.49,D,0
13.88457,77.08187,331.44,0.39,0.36,2026-06-02,813,N20,VIIRS,n,2,298.21,1.72,D,0
13.88592,77.79848,330.01,0.4,0.37,2026-06-02,813,N20,VIIRS,l,2,300.16,3.02,D,0
13.88744,79.31477,339.32,0.44,0.39,2026-06-02,813,N20,VIIRS,n,2,303.2,3.65,D,0
14.024,79.86708,333.81,0.47,0.4,2026-06-02,813,N20,VIIRS,n,2,303.73,2.91,D,0
14.02403,79.86355,336.71,0.47,0.4,2026-06-02,813,N20,VIIRS,n,2,302.92,2.11,D,0
14.07625,78.26468,334.04,0.41,0.37,2026-06-02,813,N20,VIIRS,n,2,299.8,1.91,D,0
14.09436,77.62415,335.28,0.39,0.36,2026-06-02,813,N20,VIIRS,n,2,303.73,1.32,D,0
14.13866,79.0725,337.1,0.44,0.38,2026-06-02,813,N20,VIIRS,n,2,303.07,11,D,0
14.13923,79.07655,355.51,0.44,0.38,2026-06-02,813,N20,VIIRS,n,2,307.19,11,D,0
14.14274,79.07603,350.2,0.44,0.38,2026-06-02,813,N20,VIIRS,n,2,304.99,11,D,0
14.14571,76.25346,336.77,0.38,0.36,2026-06-02,813,N20,VIIRS,n,2,302.99,3.96,D,0
14.22807,79.88454,338.45,0.47,0.4,2026-06-02,813,N20,VIIRS,n,2,306.56,7.22,D,0
14.23892,77.68332,336.08,0.4,0.37,2026-06-02,813,N20,VIIRS,n,2,300.49,5.08,D,0
14.24996,79.88142,335.57,0.47,0.4,2026-06-02,813,N20,VIIRS,n,2,304.26,3.75,D,0
14.25022,79.88235,331.82,0.47,0.4,2026-06-02,813,N20,VIIRS,l,2,301.86,2.75,D,0
14.28221,77.56501,336.22,0.39,0.36,2026-06-02,813,N20,VIIRS,n,2,300.71,1.72,D,0
14.31682,78.67343,331.25,0.42,0.38,2026-06-02,813,N20,VIIRS,n,2,301.11,2.92,D,0
14.33188,78.26802,332.64,0.41,0.37,2026-06-02,813,N20,VIIRS,n,2,300.89,1.64,D,0
14.37415,79.05441,338.99,0.44,0.38,2026-06-02,813,N20,VIIRS,n,2,303.35,3.39,D,0
14.39335,77.1713,337.96,0.39,0.36,2026-06-02,813,N20,VIIRS,n,2,303.72,2.11,D,0
14.4611,79.68027,338.35,0.47,0.39,2026-06-02,813,N20,VIIRS,n,2,306.5,10.45,D,0
14.4617,79.6846,338.25,0.47,0.39,2026-06-02,813,N20,VIIRS,n,2,305.46,10.45,D,0
14.46473,79.67976,346.98,0.47,0.39,2026-06-02,813,N20,VIIRS,n,2,306.84,10.45,D,0
14.50792,77.25598,337.54,0.39,0.36,2026-06-02,813,N20,VIIRS,n,2,305.35,1.63,D,0
14.55394,79.73006,335.02,0.47,0.4,2026-06-02,813,N20,VIIRS,n,2,304.81,4.8,D,0
14.61169,78.00318,333.65,0.4,0.37,2026-06-02,813,N20,VIIRS,l,2,303.74,1.09,D,0
14.62998,78.08077,341.95,0.41,0.37,2026-06-02,813,N20,VIIRS,n,2,303.96,3.28,D,0
14.64821,77.19601,338.16,0.39,0.36,2026-06-02,813,N20,VIIRS,n,2,306.53,5.86,D,0
14.68642,78.12909,337.1,0.41,0.37,2026-06-02,813,N20,VIIRS,n,2,306.92,5.64,D,0
14.71433,78.20197,334.73,0.41,0.37,2026-06-02,813,N20,VIIRS,n,2,303,3.48,D,0
14.73213,77.34885,339.76,0.39,0.36,2026-06-02,813,N20,VIIRS,n,2,307.88,5.54,D,0
14.74546,76.13176,341.76,0.38,0.36,2026-06-02,813,N20,VIIRS,n,2,310.15,7.33,D,0
14.76616,77.39869,340.35,0.39,0.36,2026-06-02,813,N20,VIIRS,n,2,307.12,6.3,D,0
14.79413,79.71534,339.41,0.47,0.4,2026-06-02,813,N20,VIIRS,n,2,304.74,8.1,D,0
14.9076,77.52957,336.18,0.4,0.37,2026-06-02,813,N20,VIIRS,l,2,306.65,4.33,D,0
14.96695,79.03571,343.21,0.44,0.38,2026-06-02,813,N20,VIIRS,n,2,309.97,7.9,D,0
14.9752,79.92019,343.6,0.49,0.4,2026-06-02,813,N20,VIIRS,n,2,305.29,7.04,D,0
14.99393,78.10171,339.96,0.41,0.37,2026-06-02,813,N20,VIIRS,n,2,306.44,4.33,D,0
15.02323,78.01607,332.22,0.41,0.37,2026-06-02,813,N20,VIIRS,l,2,304.44,2.19,D,2
15.04973,78.17485,338.33,0.41,0.37,2026-06-02,813,N20,VIIRS,n,2,305.9,3.94,D,0
15.0535,79.1905,335.59,0.45,0.39,2026-06-02,813,N20,VIIRS,n,2,304.84,3.21,D,0
15.09795,77.09412,340.34,0.39,0.36,2026-06-02,814,N20,VIIRS,n,2,308.81,10.88,D,0
15.1698,76.66823,347.55,0.39,0.36,2026-06-02,814,N20,VIIRS,n,2,305.82,8.65,D,2
15.17533,76.66007,338.07,0.39,0.36,2026-06-02,814,N20,VIIRS,n,2,304.73,5.14,D,2
15.17809,76.65598,339.33,0.39,0.36,2026-06-02,814,N20,VIIRS,n,2,306.89,5.2,D,2
15.18301,76.66614,334.08,0.39,0.36,2026-06-02,814,N20,VIIRS,l,2,304.81,6.16,D,2
15.34832,79.87184,342.05,0.49,0.4,2026-06-02,814,N20,VIIRS,n,2,305.78,11.86,D,0
15.42371,78.31831,339.54,0.42,0.38,2026-06-02,814,N20,VIIRS,n,2,304.03,7.69,D,0
15.49269,76.80563,337.19,0.39,0.36,2026-06-02,814,N20,VIIRS,n,2,305.72,6.67,D,0
15.51688,78.43234,342.09,0.42,0.38,2026-06-02,814,N20,VIIRS,n,2,308.91,12.67,D,0
15.64982,79.91533,343.81,0.49,0.41,2026-06-02,814,N20,VIIRS,n,2,303.46,12.02,D,0
15.70613,79.51541,339.89,0.47,0.4,2026-06-02,814,N20,VIIRS,n,2,306.15,12.86,D,0
15.70666,79.51638,339.95,0.47,0.4,2026-06-02,814,N20,VIIRS,n,2,306.28,9.96,D,0
15.71925,79.68977,336.12,0.48,0.4,2026-06-02,814,N20,VIIRS,n,2,304.57,6.37,D,0
15.72292,79.68922,348.25,0.48,0.4,2026-06-02,814,N20,VIIRS,n,2,306.4,6.37,D,0
15.72451,79.86443,341.78,0.49,0.4,2026-06-02,814,N20,VIIRS,n,2,306.46,9.8,D,0
15.73169,79.67548,338.87,0.48,0.4,2026-06-02,814,N20,VIIRS,n,2,304.48,7.5,D,0
15.73269,79.6787,340.1,0.48,0.4,2026-06-02,814,N20,VIIRS,n,2,305.94,10.81,D,0
15.75614,79.69023,335.17,0.48,0.4,2026-06-02,814,N20,VIIRS,n,2,303.88,6.11,D,0
15.90047,78.10786,342.27,0.42,0.37,2026-06-02,814,N20,VIIRS,n,2,310.49,10.69,D,0
15.90185,80.0915,339.42,0.51,0.41,2026-06-02,814,N20,VIIRS,n,2,306.63,8.59,D,0
15.90204,80.0879,337.67,0.51,0.41,2026-06-02,814,N20,VIIRS,n,2,307.03,8.6,D,0
15.9037,78.15486,336.63,0.42,0.37,2026-06-02,814,N20,VIIRS,l,2,307.14,4.78,D,0
15.92175,80.37817,333.17,0.53,0.42,2026-06-02,814,N20,VIIRS,n,2,300.3,4.19,D,0
15.92774,80.02185,348.95,0.5,0.41,2026-06-02,814,N20,VIIRS,n,2,308.55,13.4,D,0
16.01819,78.68417,333.33,0.44,0.38,2026-06-02,814,N20,VIIRS,n,2,298.14,9.13,D,0
16.03095,79.08346,336.2,0.45,0.39,2026-06-02,814,N20,VIIRS,n,2,302.49,6.92,D,0
16.03808,79.08228,337.34,0.45,0.39,2026-06-02,814,N20,VIIRS,n,2,306.76,10.16,D,0
16.05086,77.45838,340.62,0.4,0.37,2026-06-02,814,N20,VIIRS,n,2,307.45,6.48,D,0
16.06803,78.5243,340.27,0.43,0.38,2026-06-02,814,N20,VIIRS,n,2,303,4.33,D,0
16.09106,78.58633,330.54,0.43,0.38,2026-06-02,814,N20,VIIRS,l,2,302.55,4.12,D,0
16.12416,80.90919,333.74,0.57,0.43,2026-06-02,814,N20,VIIRS,n,2,302.07,7,D,0
16.13111,80.50416,336.11,0.54,0.42,2026-06-02,814,N20,VIIRS,n,2,303.54,6.75,D,0
16.13596,77.94653,336.2,0.41,0.37,2026-06-02,814,N20,VIIRS,n,2,303.82,1.66,D,0
16.14459,79.99962,333.22,0.5,0.41,2026-06-02,814,N20,VIIRS,l,2,304.17,3.06,D,0
16.14689,79.84699,336.48,0.5,0.41,2026-06-02,814,N20,VIIRS,l,2,306.65,10.02,D,0
16.1869,78.10747,341.59,0.42,0.38,2026-06-02,814,N20,VIIRS,n,2,304.31,2.16,D,0
16.18707,73.57585,338.31,0.43,0.38,2026-06-02,814,N20,VIIRS,l,2,300.47,5.9,D,0
16.22409,78.81214,337.86,0.44,0.39,2026-06-02,814,N20,VIIRS,n,2,304.83,6.08,D,0
16.22948,77.89231,337.7,0.41,0.37,2026-06-02,814,N20,VIIRS,n,2,303.71,4.21,D,0
16.23004,77.89613,339.94,0.41,0.37,2026-06-02,814,N20,VIIRS,n,2,305.89,10.66,D,0
16.23289,77.89178,339.43,0.41,0.37,2026-06-02,814,N20,VIIRS,n,2,306.22,4.21,D,0
16.25039,78.10972,335.87,0.42,0.38,2026-06-02,814,N20,VIIRS,n,2,304.14,2.17,D,0
16.25823,73.45396,331.53,0.43,0.38,2026-06-02,814,N20,VIIRS,l,2,305.71,4.24,D,0
16.29433,78.17506,339.3,0.42,0.38,2026-06-02,814,N20,VIIRS,n,2,306.28,5.6,D,0
16.30565,78.30622,341.86,0.43,0.38,2026-06-02,814,N20,VIIRS,n,2,305.48,6.23,D,0
16.3115,73.42028,332.86,0.43,0.38,2026-06-02,814,N20,VIIRS,l,2,306.49,5.1,D,0
16.38746,77.67749,335.28,0.41,0.37,2026-06-02,814,N20,VIIRS,l,2,305.65,2.96,D,0
16.3921,80.20763,336.99,0.52,0.42,2026-06-02,814,N20,VIIRS,n,2,305.95,8.76,D,0
16.40032,78.15913,345.77,0.42,0.38,2026-06-02,814,N20,VIIRS,n,2,307.02,8.47,D,0
16.40883,78.33495,344.38,0.43,0.38,2026-06-02,814,N20,VIIRS,n,2,305.8,9.23,D,0
16.41076,78.33489,348.11,0.43,0.38,2026-06-02,814,N20,VIIRS,n,2,306.56,6.62,D,0
16.41435,79.82214,339.91,0.5,0.41,2026-06-02,814,N20,VIIRS,n,2,308.25,7.41,D,0
16.41575,78.37085,335.07,0.43,0.38,2026-06-02,814,N20,VIIRS,l,2,305.15,1.9,D,0
16.41959,78.09636,336.61,0.42,0.38,2026-06-02,814,N20,VIIRS,l,2,306.8,4.93,D,0
16.43834,78.12937,335.14,0.42,0.38,2026-06-02,814,N20,VIIRS,n,2,304.4,3.09,D,0
16.44972,78.28449,336.27,0.43,0.38,2026-06-02,814,N20,VIIRS,n,2,303.32,4.24,D,0
16.4577,77.6282,340.27,0.41,0.37,2026-06-02,814,N20,VIIRS,n,2,306.73,4.54,D,0
16.4608,79.66064,341.89,0.49,0.4,2026-06-02,814,N20,VIIRS,n,2,309.65,13.19,D,0
16.47034,77.98548,335.07,0.42,0.37,2026-06-02,814,N20,VIIRS,n,2,303.77,2.19,D,0
16.49395,77.59169,344.06,0.4,0.37,2026-06-02,814,N20,VIIRS,n,2,306.58,5.18,D,0
16.51764,77.99841,342.07,0.42,0.37,2026-06-02,814,N20,VIIRS,n,2,305.09,5.21,D,0
16.52879,78.27719,338.59,0.43,0.38,2026-06-02,814,N20,VIIRS,n,2,307.28,4.38,D,0
16.54903,80.46014,336.03,0.54,0.42,2026-06-02,814,N20,VIIRS,n,2,304.91,7.55,D,0
16.56124,78.38239,337.59,0.43,0.38,2026-06-02,814,N20,VIIRS,l,2,307.62,3.61,D,0
16.56442,80.05364,338.97,0.51,0.41,2026-06-02,814,N20,VIIRS,n,2,306.81,6.08,D,0
16.56472,78.38187,336.33,0.43,0.38,2026-06-02,814,N20,VIIRS,n,2,305.95,3.61,D,0
16.56492,78.33273,336.63,0.43,0.38,2026-06-02,814,N20,VIIRS,n,2,306.12,4.87,D,0
16.56618,81.4865,336.28,0.42,0.45,2026-06-02,814,N20,VIIRS,n,2,298.07,2.81,D,0
16.57068,78.02606,345.45,0.42,0.38,2026-06-02,814,N20,VIIRS,n,2,304.63,4.97,D,0
16.57635,80.02718,350.36,0.51,0.41,2026-06-02,814,N20,VIIRS,n,2,307.5,12.14,D,0
16.58298,78.4614,343.05,0.43,0.38,2026-06-02,814,N20,VIIRS,n,2,305.31,6.07,D,0
16.64129,78.96058,337.19,0.45,0.39,2026-06-02,814,N20,VIIRS,l,2,307.9,4.9,D,0
16.64957,81.32931,336.32,0.41,0.45,2026-06-02,814,N20,VIIRS,n,2,298.47,2.03,D,0
16.67225,81.21472,333.55,0.4,0.44,2026-06-02,814,N20,VIIRS,n,2,299.55,4.13,D,0
16.68644,78.17644,343.33,0.42,0.38,2026-06-02,814,N20,VIIRS,n,2,305.79,5.07,D,0
16.68921,75.62544,338.57,0.38,0.36,2026-06-02,814,N20,VIIRS,l,2,311.65,6.8,D,0
16.69907,78.3906,338.99,0.43,0.38,2026-06-02,814,N20,VIIRS,n,2,303.65,3.88,D,0
16.69939,78.29235,341.8,0.43,0.38,2026-06-02,814,N20,VIIRS,n,2,303.01,5.19,D,0
16.71223,80.32967,337.74,0.53,0.42,2026-06-02,814,N20,VIIRS,n,2,304.21,6.68,D,0
16.73523,79.29608,336.93,0.47,0.4,2026-06-02,814,N20,VIIRS,l,2,306.93,8.1,D,0
16.73893,81.15255,337.53,0.4,0.44,2026-06-02,814,N20,VIIRS,n,2,300.72,2.54,D,0
16.74748,79.41231,343.27,0.48,0.4,2026-06-02,814,N20,VIIRS,n,2,308.66,6.96,D,0
16.75114,79.41177,340.18,0.48,0.4,2026-06-02,814,N20,VIIRS,n,2,308.76,6.96,D,0
16.75264,82.11649,334.75,0.46,0.47,2026-06-02,814,N20,VIIRS,n,2,296.49,3.32,D,0
16.75292,81.46097,332.35,0.42,0.45,2026-06-02,814,N20,VIIRS,n,2,298.88,2.86,D,0
16.75644,82.11164,330.66,0.46,0.47,2026-06-02,814,N20,VIIRS,n,2,297.61,3.32,D,0
16.7605,81.55575,345.26,0.42,0.45,2026-06-02,814,N20,VIIRS,n,2,300.31,8.8,D,0
16.76467,81.5552,344.41,0.42,0.45,2026-06-02,814,N20,VIIRS,n,2,300.03,7.64,D,0
16.76516,81.55914,331.19,0.42,0.45,2026-06-02,814,N20,VIIRS,n,2,298.08,3.65,D,0
16.76664,81.57104,337.9,0.42,0.45,2026-06-02,814,N20,VIIRS,n,2,298.22,14.06,D,0
16.76714,81.57499,355.1,0.42,0.45,2026-06-02,814,N20,VIIRS,n,2,300.5,29.3,D,0
16.76763,81.57896,332.49,0.42,0.45,2026-06-02,814,N20,VIIRS,n,2,296.59,29.3,D,0
16.77082,81.57047,337.04,0.42,0.45,2026-06-02,814,N20,VIIRS,n,2,297.72,14.06,D,0
16.77131,81.57444,346.67,0.42,0.45,2026-06-02,814,N20,VIIRS,n,2,300.62,29.3,D,0
16.78294,82.11257,331.72,0.46,0.47,2026-06-02,814,N20,VIIRS,n,2,296.62,2.8,D,0
16.79164,80.72649,334.48,0.56,0.43,2026-06-02,814,N20,VIIRS,n,2,301.19,3.93,D,0
16.79434,81.35699,347.45,0.41,0.45,2026-06-02,814,N20,VIIRS,n,2,300.34,5.99,D,0
16.79855,81.65602,332,0.43,0.46,2026-06-02,814,N20,VIIRS,n,2,297.53,5.12,D,0
16.8041,81.27756,331.76,0.41,0.45,2026-06-02,814,N20,VIIRS,n,2,300.75,2.74,D,0
16.80546,79.31853,339.55,0.47,0.4,2026-06-02,814,N20,VIIRS,n,2,307.33,10.96,D,0
16.80935,74.65236,333.31,0.39,0.36,2026-06-02,814,N20,VIIRS,l,2,302.77,3.39,D,0
16.81019,81.38228,332.36,0.41,0.45,2026-06-02,814,N20,VIIRS,n,2,299.65,2.07,D,0
16.81508,79.88107,337.53,0.51,0.41,2026-06-02,814,N20,VIIRS,n,2,304,8.71,D,0
16.81567,76.55222,338.59,0.39,0.36,2026-06-02,814,N20,VIIRS,l,2,310.07,5.39,D,0
16.81704,81.87347,333.8,0.44,0.46,2026-06-02,814,N20,VIIRS,n,2,295.52,1.79,D,0
16.84563,81.51227,331.41,0.42,0.45,2026-06-02,814,N20,VIIRS,n,2,298.18,4.72,D,0
16.84987,79.34381,337.82,0.48,0.4,2026-06-02,814,N20,VIIRS,l,2,308.02,10.68,D,0
16.8638,76.78598,340.92,0.39,0.36,2026-06-02,814,N20,VIIRS,n,2,309.58,5.86,D,0
16.86403,79.47448,338.56,0.48,0.4,2026-06-02,814,N20,VIIRS,n,2,308.29,10.96,D,0
16.89042,79.28427,340.78,0.47,0.4,2026-06-02,814,N20,VIIRS,n,2,308.08,13.03,D,0
16.90545,81.61749,335.85,0.43,0.46,2026-06-02,814,N20,VIIRS,n,2,299.14,2.72,D,0
16.9056,80.96384,349.79,0.39,0.44,2026-06-02,814,N20,VIIRS,n,2,295.28,7.5,D,0
16.90805,78.2608,336.85,0.43,0.38,2026-06-02,814,N20,VIIRS,n,2,306.81,1.79,D,0
16.90965,81.61694,334.42,0.43,0.46,2026-06-02,814,N20,VIIRS,n,2,298.54,2.72,D,0
16.91864,79.49521,341.21,0.49,0.4,2026-06-02,814,N20,VIIRS,n,2,309.13,12.99,D,0
16.92294,79.49924,341.32,0.49,0.4,2026-06-02,814,N20,VIIRS,n,2,309.28,16.75,D,0
16.92342,79.77102,340.59,0.5,0.41,2026-06-02,814,N20,VIIRS,n,2,305.82,8.81,D,0
16.93111,78.29819,340.34,0.43,0.38,2026-06-02,814,N20,VIIRS,n,2,308.16,3.27,D,0
16.93412,79.79349,339.53,0.5,0.41,2026-06-02,814,N20,VIIRS,n,2,305.6,6.12,D,0
16.93459,78.29767,337.72,0.43,0.38,2026-06-02,814,N20,VIIRS,n,2,306.06,3.27,D,0
16.93537,79.79462,340.43,0.5,0.41,2026-06-02,814,N20,VIIRS,n,2,306.21,11.33,D,0
16.94062,80.52039,337.44,0.55,0.43,2026-06-02,814,N20,VIIRS,n,2,303.95,5.97,D,0
16.9437,73.30204,341.48,0.43,0.38,2026-06-02,814,N20,VIIRS,l,2,307.33,9.89,D,0
16.94559,73.3021,341.95,0.43,0.38,2026-06-02,814,N20,VIIRS,n,2,307.88,9.96,D,0
16.95544,79.7152,344.04,0.5,0.41,2026-06-02,814,N20,VIIRS,n,2,307.47,11.73,D,0
16.96789,79.60952,336.31,0.49,0.4,2026-06-02,814,N20,VIIRS,n,2,305.48,6.81,D,0
16.98153,80.94964,333.9,0.39,0.44,2026-06-02,814,N20,VIIRS,n,2,301.33,4.69,D,0
17.03765,80.43554,337.25,0.55,0.42,2026-06-02,814,N20,VIIRS,n,2,305.49,6.11,D,0
17.04881,80.49164,333.3,0.55,0.43,2026-06-02,814,N20,VIIRS,l,2,303.8,2.56,D,0
17.04939,80.19246,339.48,0.53,0.42,2026-06-02,814,N20,VIIRS,n,2,303.75,4.39,D,0
17.06219,79.39708,342.43,0.48,0.4,2026-06-02,814,N20,VIIRS,n,2,308.08,11.78,D,0
17.06395,79.77775,339.98,0.5,0.41,2026-06-02,814,N20,VIIRS,n,2,308.11,15.54,D,0
17.06854,80.33797,340.01,0.54,0.42,2026-06-02,814,N20,VIIRS,n,2,304.49,4.81,D,0
17.08813,79.53252,346.11,0.49,0.4,2026-06-02,814,N20,VIIRS,n,2,305.64,15.44,D,0
17.12345,79.56969,335.43,0.49,0.4,2026-06-02,814,N20,VIIRS,n,2,300.98,6.68,D,0
17.12552,80.3116,334.57,0.54,0.42,2026-06-02,814,N20,VIIRS,n,2,302.35,4.58,D,0
17.1746,77.77536,348.67,0.41,0.37,2026-06-02,814,N20,VIIRS,n,2,308.73,8.93,D,0
17.18969,79.85413,347.97,0.51,0.41,2026-06-02,814,N20,VIIRS,n,2,306.5,15.84,D,0
17.19347,79.85359,348.15,0.51,0.41,2026-06-02,814,N20,VIIRS,n,2,306.89,14.29,D,0
17.19545,80.21452,335.69,0.53,0.42,2026-06-02,814,N20,VIIRS,n,2,303.1,3.98,D,0
17.21036,78.48233,335.84,0.44,0.38,2026-06-02,814,N20,VIIRS,n,2,305.75,2.77,D,0
17.21388,78.48179,336.49,0.44,0.38,2026-06-02,814,N20,VIIRS,n,2,305.91,2.77,D,0
17.22733,79.56592,339.28,0.49,0.4,2026-06-02,814,N20,VIIRS,n,2,307.78,11.14,D,0
17.22797,79.57052,339.36,0.49,0.41,2026-06-02,814,N20,VIIRS,n,2,305.69,11.14,D,0
17.2294,79.56706,355,0.49,0.41,2026-06-02,814,N20,VIIRS,n,2,309.18,26.43,D,0
17.23105,79.56539,345.15,0.49,0.4,2026-06-02,814,N20,VIIRS,n,2,307.84,13.02,D,0
17.23269,78.61874,338.82,0.45,0.39,2026-06-02,814,N20,VIIRS,n,2,305.13,8.76,D,0
17.23895,73.32811,335.72,0.43,0.38,2026-06-02,814,N20,VIIRS,l,2,307.29,4.3,D,0
17.24029,78.46514,340.76,0.44,0.38,2026-06-02,814,N20,VIIRS,n,2,306.52,4.23,D,0
17.2438,78.46462,335.25,0.44,0.38,2026-06-02,814,N20,VIIRS,l,2,306.44,3.44,D,0
17.26326,80.94582,333.29,0.39,0.44,2026-06-02,814,N20,VIIRS,n,2,299.9,3.72,D,0
17.275,82.4798,343.4,0.49,0.49,2026-06-02,814,N20,VIIRS,n,2,295.52,3.99,D,0
17.27635,82.47887,342.27,0.49,0.49,2026-06-02,814,N20,VIIRS,n,2,295.82,4.03,D,0
17.284,79.9536,335.87,0.52,0.41,2026-06-02,814,N20,VIIRS,n,2,304.08,8.74,D,0
17.3238,74.0211,336.72,0.4,0.37,2026-06-02,814,N20,VIIRS,l,2,305.53,3.66,D,0
17.3287,79.62868,350.52,0.5,0.41,2026-06-02,814,N20,VIIRS,n,2,309.67,33.04,D,0
17.33656,79.0843,338.29,0.47,0.4,2026-06-02,814,N20,VIIRS,n,2,303.07,10.62,D,0
17.33994,79.88333,337.03,0.51,0.41,2026-06-02,814,N20,VIIRS,n,2,304.36,5.14,D,0
17.34455,79.47718,342.79,0.49,0.4,2026-06-02,814,N20,VIIRS,n,2,307.08,20.16,D,0
17.35348,80.65286,332.16,0.57,0.43,2026-06-02,814,N20,VIIRS,n,2,300.12,3.64,D,0
17.37015,78.72725,342.49,0.45,0.39,2026-06-02,814,N20,VIIRS,n,2,307.75,8.35,D,0
17.38911,78.39676,333.16,0.44,0.38,2026-06-02,814,N20,VIIRS,l,2,303.6,2.98,D,0
17.41702,78.77679,341.07,0.45,0.39,2026-06-02,814,N20,VIIRS,n,2,308.32,9.84,D,0
17.42965,74.68409,345.33,0.39,0.36,2026-06-02,814,N20,VIIRS,l,2,311.9,5.85,D,0
17.43296,74.68353,340.77,0.39,0.36,2026-06-02,814,N20,VIIRS,l,2,310.96,5.85,D,0
17.4373,73.8773,336.75,0.41,0.37,2026-06-02,814,N20,VIIRS,l,2,308.54,7.33,D,0
17.44758,80.3003,338.73,0.54,0.42,2026-06-02,814,N20,VIIRS,n,2,307.75,11.72,D,0
17.46068,73.39516,350.94,0.42,0.38,2026-06-02,814,N20,VIIRS,n,2,306,15.52,D,0
17.4688,79.63038,346.67,0.5,0.41,2026-06-02,814,N20,VIIRS,n,2,306.33,12.66,D,0
17.48247,79.6765,338.55,0.5,0.41,2026-06-02,814,N20,VIIRS,n,2,305.5,8.41,D,0
17.48309,79.68125,337.07,0.5,0.41,2026-06-02,814,N20,VIIRS,n,2,301.97,8.41,D,0
17.48672,78.84186,345.35,0.46,0.39,2026-06-02,814,N20,VIIRS,n,2,305.79,12.94,D,0
17.5109,79.37894,349.01,0.49,0.4,2026-06-02,814,N20,VIIRS,n,2,307.17,15.84,D,0
17.51459,79.3784,339.32,0.49,0.4,2026-06-02,814,N20,VIIRS,n,2,305.51,9.72,D,0
17.52302,73.17647,333.65,0.43,0.38,2026-06-02,814,N20,VIIRS,l,2,301.61,4.08,D,0
17.52369,73.18053,337.86,0.43,0.38,2026-06-02,814,N20,VIIRS,n,2,304.2,4.08,D,0
17.53214,79.87925,338.46,0.52,0.41,2026-06-02,814,N20,VIIRS,n,2,304.66,5.38,D,0
17.54042,79.5962,342.77,0.5,0.41,2026-06-02,814,N20,VIIRS,n,2,303.07,9.55,D,0
17.54795,78.26583,345.39,0.43,0.38,2026-06-02,814,N20,VIIRS,n,2,303.69,3.76,D,0
17.57991,80.79862,335.92,0.39,0.44,2026-06-02,814,N20,VIIRS,n,2,300.59,3.24,D,0
17.59863,77.78196,336.78,0.42,0.37,2026-06-02,814,N20,VIIRS,n,2,303.55,2.24,D,0
17.60207,77.78143,334.63,0.42,0.37,2026-06-02,814,N20,VIIRS,n,2,304.24,1.37,D,0
17.60236,79.25631,338.86,0.48,0.4,2026-06-02,814,N20,VIIRS,n,2,306.83,3.57,D,0
17.60538,73.46261,348.11,0.42,0.38,2026-06-02,814,N20,VIIRS,n,2,305.79,13.64,D,0
17.61013,83.20377,330.88,0.55,0.51,2026-06-02,814,N20,VIIRS,n,2,296.26,4.96,D,2
17.62099,80.56481,338.95,0.57,0.43,2026-06-02,814,N20,VIIRS,n,2,302.58,4.91,D,0
17.62745,79.58089,334.63,0.5,0.41,2026-06-02,814,N20,VIIRS,n,2,301.44,5.77,D,0
17.62956,78.15091,336.95,0.43,0.38,2026-06-02,814,N20,VIIRS,n,2,304.95,3.61,D,0
17.63092,77.90985,335.47,0.42,0.38,2026-06-02,814,N20,VIIRS,n,2,305.2,3.39,D,0
17.6315,80.55247,337.78,0.56,0.43,2026-06-02,814,N20,VIIRS,n,2,303.84,5.42,D,0
17.63284,80.03249,347.99,0.53,0.42,2026-06-02,814,N20,VIIRS,n,2,303.51,8.76,D,0
17.6359,79.81749,342.32,0.51,0.41,2026-06-02,814,N20,VIIRS,n,2,305.35,6.14,D,0
17.65344,79.22248,337.41,0.48,0.4,2026-06-02,814,N20,VIIRS,n,2,305.76,5.9,D,0
17.66015,76.50292,343.38,0.39,0.36,2026-06-02,814,N20,VIIRS,n,2,303.53,4.91,D,0
17.66969,78.67681,337.41,0.45,0.39,2026-06-02,814,N20,VIIRS,n,2,305.34,1.73,D,0
17.67536,78.17289,333.78,0.43,0.38,2026-06-02,814,N20,VIIRS,l,2,304.79,2.16,D,0
17.68045,79.92014,337.71,0.52,0.42,2026-06-02,814,N20,VIIRS,n,2,302.18,6.57,D,0
17.70476,77.89067,342.58,0.42,0.38,2026-06-02,814,N20,VIIRS,n,2,310.11,10,D,0
17.71103,79.8631,336.93,0.52,0.41,2026-06-02,814,N20,VIIRS,n,2,305.47,4.61,D,0
17.72092,79.38897,341.5,0.49,0.4,2026-06-02,814,N20,VIIRS,n,2,306.65,14.03,D,0
17.72542,78.06264,340.66,0.43,0.38,2026-06-02,814,N20,VIIRS,n,2,305.9,3.94,D,0
17.72912,79.23148,336.03,0.48,0.4,2026-06-02,814,N20,VIIRS,n,2,304.61,5.25,D,0
17.72922,79.22977,336.82,0.48,0.4,2026-06-02,814,N20,VIIRS,n,2,305.18,5.11,D,0
17.74662,80.04887,339.69,0.53,0.42,2026-06-02,814,N20,VIIRS,n,2,305.18,10.5,D,0
17.74736,73.27991,341.09,0.42,0.38,2026-06-02,814,N20,VIIRS,n,2,303.74,5.83,D,0
17.74991,78.18679,339.52,0.43,0.38,2026-06-02,814,N20,VIIRS,n,2,305.01,3.5,D,0
17.75327,79.35796,339.85,0.49,0.4,2026-06-02,814,N20,VIIRS,n,2,304.89,5.62,D,0
17.75446,78.01724,339.19,0.43,0.38,2026-06-02,814,N20,VIIRS,n,2,308.95,4.18,D,0
17.77002,80.60216,330.59,0.57,0.43,2026-06-02,814,N20,VIIRS,n,2,299.07,2.64,D,0
17.77915,73.32259,338.52,0.42,0.38,2026-06-02,814,N20,VIIRS,l,2,305.8,8.4,D,0
17.78531,79.3439,338.59,0.49,0.4,2026-06-02,814,N20,VIIRS,n,2,305.77,5.87,D,0
17.7887,78.83949,336.32,0.46,0.39,2026-06-02,814,N20,VIIRS,n,2,305.54,5.32,D,0
17.79193,79.5659,338.42,0.5,0.41,2026-06-02,814,N20,VIIRS,n,2,303.99,5.49,D,0
17.79255,79.57059,341.46,0.5,0.41,2026-06-02,814,N20,VIIRS,n,2,303.87,5.6,D,0
17.79976,80.03612,338.16,0.53,0.42,2026-06-02,814,N20,VIIRS,n,2,301.61,5.24,D,0
17.82372,79.57568,346.28,0.5,0.41,2026-06-02,814,N20,VIIRS,n,2,306.18,11.08,D,0
17.83076,79.24071,340.01,0.48,0.4,2026-06-02,814,N20,VIIRS,n,2,306.03,6.97,D,0
17.83246,73.26469,330.98,0.42,0.38,2026-06-02,814,N20,VIIRS,l,2,300.99,2.1,D,0
17.83803,78.01691,337.07,0.43,0.38,2026-06-02,814,N20,VIIRS,n,2,304.17,3.13,D,0
17.84451,79.36356,337.48,0.49,0.4,2026-06-02,814,N20,VIIRS,n,2,304.7,4.68,D,0
17.85103,79.9307,337.26,0.52,0.42,2026-06-02,814,N20,VIIRS,n,2,302.13,5.72,D,0
17.85906,78.45217,340.53,0.44,0.39,2026-06-02,814,N20,VIIRS,n,2,307.45,4.92,D,0
17.86506,79.9488,340.52,0.53,0.42,2026-06-02,814,N20,VIIRS,n,2,304.32,6.26,D,0
17.86889,79.94825,345.34,0.53,0.42,2026-06-02,814,N20,VIIRS,n,2,305.25,7.32,D,0
17.8738,75.02474,339.59,0.39,0.36,2026-06-02,814,N20,VIIRS,l,2,309.41,5.25,D,0
17.87396,79.92744,341.29,0.52,0.42,2026-06-02,814,N20,VIIRS,n,2,305.09,10.22,D,0
17.87555,79.79255,341.85,0.52,0.41,2026-06-02,814,N20,VIIRS,n,2,305.17,6.32,D,0
17.88692,80.51757,335.4,0.57,0.43,2026-06-02,814,N20,VIIRS,n,2,301.48,5.72,D,0
17.89029,80.52049,336.89,0.57,0.43,2026-06-02,814,N20,VIIRS,n,2,301.88,9.35,D,0
17.89266,78.78065,336.67,0.46,0.39,2026-06-02,814,N20,VIIRS,n,2,305.22,2.08,D,0
17.89885,79.93895,352.84,0.53,0.42,2026-06-02,814,N20,VIIRS,n,2,307.86,16.37,D,0
17.90267,79.9384,339.53,0.53,0.42,2026-06-02,814,N20,VIIRS,n,2,303.89,16.37,D,0
17.9043,79.25792,352.95,0.48,0.4,2026-06-02,814,N20,VIIRS,n,2,308.11,15.31,D,0
17.90798,79.25734,367,0.48,0.4,2026-06-02,814,N20,VIIRS,h,2,306.31,14.36,D,0
17.9136,78.2498,336.47,0.44,0.38,2026-06-02,814,N20,VIIRS,l,2,307.06,3.21,D,0
17.91854,79.68017,340.04,0.51,0.41,2026-06-02,814,N20,VIIRS,n,2,304.76,4.08,D,0
17.92361,76.15421,343.66,0.39,0.36,2026-06-02,814,N20,VIIRS,l,2,314.2,14.91,D,0
17.92655,80.48833,339.84,0.56,0.43,2026-06-02,814,N20,VIIRS,n,2,301.72,5.37,D,0
17.92805,80.04122,338.17,0.53,0.42,2026-06-02,814,N20,VIIRS,n,2,305.18,8.97,D,0
17.92872,80.04624,339.89,0.53,0.42,2026-06-02,814,N20,VIIRS,n,2,303.41,3.52,D,0
17.93001,78.67875,346.99,0.46,0.39,2026-06-02,814,N20,VIIRS,n,2,304.8,7.18,D,0
17.93927,79.97865,332.76,0.53,0.42,2026-06-02,814,N20,VIIRS,l,2,302.99,2.21,D,0
17.94791,80.7877,340.7,0.39,0.44,2026-06-02,814,N20,VIIRS,n,2,303.11,5.11,D,0
17.95137,78.46892,343.23,0.45,0.39,2026-06-02,814,N20,VIIRS,n,2,307.34,4.74,D,0
17.96101,75.5669,337.94,0.38,0.36,2026-06-02,814,N20,VIIRS,l,2,309.33,6.7,D,0
17.96609,79.95677,337.76,0.53,0.42,2026-06-02,814,N20,VIIRS,n,2,303.05,5.36,D,0
17.96708,78.03878,339.3,0.43,0.38,2026-06-02,814,N20,VIIRS,n,2,307.02,3.36,D,0
17.98002,77.83723,336.55,0.42,0.38,2026-06-02,814,N20,VIIRS,l,2,307.85,4.98,D,0
17.99006,77.65858,339.09,0.42,0.37,2026-06-02,814,N20,VIIRS,n,2,307.61,5.07,D,0
18.00039,80.13078,341.07,0.54,0.42,2026-06-02,814,N20,VIIRS,n,2,305.3,9.32,D,0
18.00553,78.70789,349.66,0.46,0.39,2026-06-02,814,N20,VIIRS,n,2,307.85,16.03,D,0
18.0076,78.40503,336.1,0.44,0.39,2026-06-02,814,N20,VIIRS,l,2,306.95,4.57,D,0
18.03032,79.8289,346.13,0.52,0.42,2026-06-02,814,N20,VIIRS,n,2,306.81,16.86,D,0
18.03306,80.60789,342.35,0.38,0.43,2026-06-02,814,N20,VIIRS,n,2,301.64,4.73,D,0
18.03408,78.41383,342.52,0.44,0.39,2026-06-02,814,N20,VIIRS,n,2,305.15,3.79,D,0
18.03612,79.8964,336.42,0.52,0.42,2026-06-02,814,N20,VIIRS,n,2,304.82,8.86,D,0
18.04357,79.93241,341.16,0.53,0.42,2026-06-02,814,N20,VIIRS,n,2,303.94,13.03,D,0
18.04418,79.96776,335.75,0.53,0.42,2026-06-02,814,N20,VIIRS,n,2,301.94,7.08,D,0
18.04741,79.93188,348.76,0.53,0.42,2026-06-02,814,N20,VIIRS,n,2,304.15,13.03,D,0
18.0499,78.55321,341.36,0.45,0.39,2026-06-02,814,N20,VIIRS,n,2,307.17,7.04,D,0
18.05961,78.91753,338.94,0.47,0.4,2026-06-02,814,N20,VIIRS,n,2,304.4,2.79,D,0
18.06556,79.59753,336.1,0.51,0.41,2026-06-02,814,N20,VIIRS,n,2,303.04,5.52,D,0
18.06948,78.43506,350.63,0.45,0.39,2026-06-02,814,N20,VIIRS,n,2,307.15,13.16,D,0
18.08801,78.88203,335.78,0.47,0.39,2026-06-02,814,N20,VIIRS,l,2,306.23,3.29,D,0
18.09056,79.4319,339.75,0.5,0.41,2026-06-02,814,N20,VIIRS,n,2,305.01,3.44,D,0
18.09606,78.23639,341.45,0.44,0.38,2026-06-02,814,N20,VIIRS,n,2,309.02,6.63,D,0
18.09642,79.19096,338.37,0.48,0.4,2026-06-02,814,N20,VIIRS,n,2,304.11,4.18,D,0
18.10104,82.2464,335.03,0.49,0.48,2026-06-02,814,N20,VIIRS,n,2,302.32,3.73,D,0
18.10631,79.75856,335.52,0.52,0.41,2026-06-02,814,N20,VIIRS,n,2,303.67,4.84,D,0
18.11272,79.77757,346.74,0.52,0.41,2026-06-02,814,N20,VIIRS,n,2,302.45,6.14,D,0
18.11545,78.45393,336.22,0.45,0.39,2026-06-02,814,N20,VIIRS,n,2,305.76,2.74,D,0
18.12449,79.72311,340.92,0.51,0.41,2026-06-02,814,N20,VIIRS,n,2,305.58,4.95,D,0
18.12472,79.48933,348.1,0.5,0.41,2026-06-02,814,N20,VIIRS,n,2,304.33,9.1,D,0
18.13031,79.59013,347.05,0.51,0.41,2026-06-02,814,N20,VIIRS,n,2,304.24,6.97,D,0
18.13407,79.58958,336.09,0.51,0.41,2026-06-02,814,N20,VIIRS,n,2,302.78,6.97,D,0
18.13466,79.65288,337.83,0.51,0.41,2026-06-02,814,N20,VIIRS,n,2,304.81,5.42,D,0
18.13529,79.65771,343.11,0.51,0.41,2026-06-02,814,N20,VIIRS,n,2,305.79,5.42,D,0
18.14499,75.63952,339.42,0.38,0.36,2026-06-02,814,N20,VIIRS,l,2,313.19,6.49,D,0
18.1463,77.84877,340,0.42,0.38,2026-06-02,814,N20,VIIRS,n,2,307.88,9.83,D,0
18.15089,77.85624,342.84,0.42,0.38,2026-06-02,814,N20,VIIRS,n,2,308.21,11.38,D,0
18.15472,79.54296,338.09,0.5,0.41,2026-06-02,814,N20,VIIRS,n,2,303.86,5.06,D,0
18.15801,79.74332,336.17,0.52,0.41,2026-06-02,814,N20,VIIRS,n,2,303.08,5.66,D,0
18.17287,79.311,338.29,0.49,0.4,2026-06-02,814,N20,VIIRS,n,2,306.17,3.36,D,0
18.17334,79.48238,336.38,0.5,0.41,2026-06-02,814,N20,VIIRS,n,2,304.04,4.43,D,0
18.17336,78.66239,340.22,0.46,0.39,2026-06-02,814,N20,VIIRS,n,2,305.33,2.35,D,0
18.1735,79.31561,338.08,0.49,0.4,2026-06-02,814,N20,VIIRS,n,2,304.61,3.36,D,0
18.17398,79.48711,343.6,0.5,0.41,2026-06-02,814,N20,VIIRS,n,2,303.12,4.43,D,0
18.17544,79.31252,355.18,0.49,0.4,2026-06-02,814,N20,VIIRS,n,2,307.81,13.1,D,0
18.17915,79.31199,337.72,0.49,0.4,2026-06-02,814,N20,VIIRS,n,2,305.14,4.22,D,0
18.18329,79.08797,339.04,0.48,0.4,2026-06-02,814,N20,VIIRS,n,2,306.36,7.58,D,0
18.18409,79.82426,334.84,0.52,0.42,2026-06-02,814,N20,VIIRS,n,2,303.54,5.55,D,0
18.18473,79.82918,343.52,0.52,0.42,2026-06-02,814,N20,VIIRS,n,2,303.71,5.55,D,0
18.18919,79.83356,345.36,0.52,0.42,2026-06-02,814,N20,VIIRS,n,2,301.5,12.27,D,0
18.19299,79.57153,346.32,0.51,0.41,2026-06-02,814,N20,VIIRS,n,2,306.15,9.03,D,0
18.19387,77.98486,338.78,0.43,0.38,2026-06-02,814,N20,VIIRS,n,2,302.85,2.66,D,0
18.19476,78.48165,339.13,0.45,0.39,2026-06-02,814,N20,VIIRS,n,2,305.68,6.72,D,0
18.19551,78.76955,345.96,0.46,0.39,2026-06-02,814,N20,VIIRS,n,2,305.47,9.93,D,0
18.19564,79.6199,334.23,0.51,0.41,2026-06-02,814,N20,VIIRS,n,2,302.5,3.24,D,0
18.1961,79.56622,338.9,0.51,0.41,2026-06-02,814,N20,VIIRS,n,2,307.11,7.69,D,0
18.19912,78.76903,347.66,0.46,0.39,2026-06-02,814,N20,VIIRS,n,2,306.58,9.93,D,0
18.20327,79.29444,350.68,0.49,0.4,2026-06-02,814,N20,VIIRS,n,2,305.74,9.13,D,0
18.20636,79.28929,335.96,0.49,0.4,2026-06-02,814,N20,VIIRS,n,2,305.14,4.01,D,0
18.20697,79.29391,335.85,0.49,0.4,2026-06-02,814,N20,VIIRS,n,2,304.57,4.01,D,0
18.20758,79.29854,339.01,0.49,0.4,2026-06-02,814,N20,VIIRS,n,2,303.95,1.33,D,0
18.20772,79.0753,341.56,0.48,0.4,2026-06-02,814,N20,VIIRS,n,2,306.39,9,D,0
18.21481,79.49785,342.77,0.5,0.41,2026-06-02,814,N20,VIIRS,n,2,304.39,7.7,D,0
18.21623,79.0282,343.3,0.48,0.4,2026-06-02,814,N20,VIIRS,n,2,303.73,8.38,D,0
18.21794,79.49257,346.27,0.5,0.41,2026-06-02,814,N20,VIIRS,n,2,304.15,6.19,D,0
18.21856,79.4973,341.32,0.5,0.41,2026-06-02,814,N20,VIIRS,n,2,304.31,10.2,D,0
18.21994,78.32339,356.43,0.44,0.39,2026-06-02,814,N20,VIIRS,l,2,309.63,5.92,D,0
18.22053,78.32758,350.76,0.44,0.39,2026-06-02,814,N20,VIIRS,n,2,308.64,5.92,D,0
18.22239,79.35315,347.84,0.49,0.41,2026-06-02,814,N20,VIIRS,n,2,304.76,7.96,D,0
18.22288,78.31866,336.97,0.44,0.39,2026-06-02,814,N20,VIIRS,n,2,306.86,6.73,D,0
18.22347,78.32284,349.04,0.44,0.39,2026-06-02,814,N20,VIIRS,n,2,308.17,5.92,D,0
18.22464,78.33124,341.08,0.44,0.39,2026-06-02,814,N20,VIIRS,n,2,309.58,8.01,D,0
18.22501,80.69245,336.44,0.39,0.44,2026-06-02,814,N20,VIIRS,n,2,302.21,3.26,D,0
18.2261,79.35262,347.59,0.49,0.41,2026-06-02,814,N20,VIIRS,n,2,304.26,7.96,D,0
18.22663,79.55919,339.95,0.51,0.41,2026-06-02,814,N20,VIIRS,n,2,306.31,22.67,D,0
18.22737,78.85959,334.47,0.47,0.4,2026-06-02,814,N20,VIIRS,n,2,304.09,2.63,D,0
18.2292,79.34743,337.56,0.49,0.41,2026-06-02,814,N20,VIIRS,n,2,303.56,5.17,D,0
18.22982,79.3521,347.68,0.49,0.41,2026-06-02,814,N20,VIIRS,n,2,303.95,9.24,D,0
18.23325,79.78986,349.28,0.52,0.42,2026-06-02,814,N20,VIIRS,n,2,305.37,13.26,D,0
18.23356,79.78735,338.84,0.52,0.42,2026-06-02,814,N20,VIIRS,n,2,304.49,6.52,D,0
18.23421,79.79225,340.77,0.52,0.42,2026-06-02,814,N20,VIIRS,n,2,305.09,6.52,D,0
18.23476,79.59218,340.16,0.51,0.41,2026-06-02,814,N20,VIIRS,n,2,304.61,8.75,D,0
18.23659,79.26148,335.73,0.49,0.4,2026-06-02,814,N20,VIIRS,n,2,302.41,1.93,D,0
18.23725,79.61135,335.8,0.51,0.41,2026-06-02,814,N20,VIIRS,n,2,303.55,4.17,D,0
18.24408,79.75343,347.33,0.52,0.41,2026-06-02,814,N20,VIIRS,n,2,306.57,9.78,D,0
18.24411,78.26476,348.92,0.44,0.38,2026-06-02,814,N20,VIIRS,n,2,311.22,9.95,D,0
18.24422,78.26151,343.84,0.44,0.38,2026-06-02,814,N20,VIIRS,n,2,311.06,10.33,D,0
18.24459,78.39676,339.98,0.45,0.39,2026-06-02,814,N20,VIIRS,n,2,304.78,4.57,D,0
18.24463,79.81815,349.29,0.52,0.42,2026-06-02,814,N20,VIIRS,n,2,303.32,9.8,D,0
18.24755,78.39204,341.35,0.45,0.39,2026-06-02,814,N20,VIIRS,n,2,307.42,3.69,D,0
18.24838,79.10287,344.92,0.48,0.4,2026-06-02,814,N20,VIIRS,n,2,305.53,10.31,D,0
18.24928,79.10611,339.12,0.48,0.4,2026-06-02,814,N20,VIIRS,n,2,304.52,5.54,D,0
18.24956,79.27374,353.01,0.49,0.4,2026-06-02,814,N20,VIIRS,n,2,303.67,10.63,D,0
18.25243,75.69878,339.44,0.38,0.36,2026-06-02,814,N20,VIIRS,n,2,309.2,3.72,D,0
18.25862,79.89711,340.13,0.53,0.42,2026-06-02,814,N20,VIIRS,n,2,305.15,10.53,D,0
18.26044,78.30148,338.59,0.44,0.39,2026-06-02,814,N20,VIIRS,n,2,307.57,3.4,D,0
18.261,78.30565,352.33,0.44,0.39,2026-06-02,814,N20,VIIRS,n,2,307.25,3.4,D,0
18.2618,79.65202,354.02,0.51,0.41,2026-06-02,814,N20,VIIRS,n,2,305.84,12.37,D,0
18.26552,82.31145,330.63,0.49,0.49,2026-06-02,814,N20,VIIRS,n,2,300.36,5.38,D,0
18.26558,79.65149,344.35,0.51,0.41,2026-06-02,814,N20,VIIRS,n,2,302.71,12.37,D,0
18.26693,79.96228,343.86,0.53,0.42,2026-06-02,814,N20,VIIRS,n,2,302.73,11.05,D,0
18.27215,77.82211,338.12,0.42,0.38,2026-06-02,814,N20,VIIRS,n,2,307.1,7.85,D,0
18.28827,79.64828,341.49,0.51,0.41,2026-06-02,814,N20,VIIRS,n,2,306.28,6.15,D,0
18.2974,78.67165,341.83,0.46,0.39,2026-06-02,814,N20,VIIRS,n,2,306.26,5.48,D,0
18.29959,78.67268,341.87,0.46,0.39,2026-06-02,814,N20,VIIRS,n,2,305.23,5.77,D,0
18.29963,79.1789,333.71,0.48,0.4,2026-06-02,814,N20,VIIRS,n,2,302.05,2.87,D,0
18.30159,78.67546,332.96,0.46,0.39,2026-06-02,814,N20,VIIRS,l,2,303.18,3.47,D,0
18.3026,78.66781,337.84,0.46,0.39,2026-06-02,814,N20,VIIRS,n,2,305.34,2.75,D,0
18.30318,78.67214,344.84,0.46,0.39,2026-06-02,814,N20,VIIRS,n,2,304.03,2.75,D,0
18.30382,78.51433,346.75,0.45,0.39,2026-06-02,814,N20,VIIRS,n,2,306.96,9.49,D,0
18.30486,79.39062,340.33,0.5,0.41,2026-06-02,814,N20,VIIRS,n,2,304.5,6,D,0
18.30619,78.66729,347.56,0.46,0.39,2026-06-02,814,N20,VIIRS,n,2,304.96,2.75,D,0
18.30679,79.34741,347.2,0.49,0.41,2026-06-02,814,N20,VIIRS,n,2,304.11,12.12,D,0
18.30859,79.39009,346.3,0.5,0.41,2026-06-02,814,N20,VIIRS,n,2,303.45,6,D,0
18.30928,76.16785,342.63,0.39,0.36,2026-06-02,814,N20,VIIRS,n,2,310.34,12.12,D,0
18.31065,79.99711,341.96,0.54,0.42,2026-06-02,814,N20,VIIRS,n,2,302.58,10.38,D,0
18.31527,78.20422,346.79,0.44,0.38,2026-06-02,814,N20,VIIRS,n,2,308.69,7.89,D,0
18.31536,78.17917,342.1,0.44,0.38,2026-06-02,814,N20,VIIRS,n,2,310.32,7.41,D,0
18.31668,78.11207,346.38,0.43,0.38,2026-06-02,814,N20,VIIRS,n,2,309.35,9.79,D,0
18.31772,75.1925,339.31,0.38,0.36,2026-06-02,814,N20,VIIRS,l,2,311.85,2.38,D,0
18.33152,79.47809,341.1,0.5,0.41,2026-06-02,814,N20,VIIRS,n,2,306.2,12.7,D,0
18.33911,78.66702,342.83,0.46,0.39,2026-06-02,814,N20,VIIRS,n,2,307,14.05,D,0
18.34183,78.49991,335.73,0.45,0.39,2026-06-02,814,N20,VIIRS,n,2,305.48,2.4,D,0
18.34435,79.84692,337.4,0.53,0.42,2026-06-02,814,N20,VIIRS,n,2,302.76,6.74,D,0
18.34506,79.15378,335.53,0.48,0.4,2026-06-02,814,N20,VIIRS,n,2,303.7,2.04,D,0
18.34539,78.49937,337.48,0.45,0.39,2026-06-02,814,N20,VIIRS,l,2,308.23,5.19,D,0
18.34607,79.84966,337.48,0.53,0.42,2026-06-02,814,N20,VIIRS,n,2,303.93,5.89,D,0
18.34903,79.5241,337.42,0.51,0.41,2026-06-02,814,N20,VIIRS,n,2,306.11,7.76,D,0
18.36023,78.21419,340.29,0.44,0.38,2026-06-02,814,N20,VIIRS,n,2,309.07,9.29,D,0
18.36096,79.82442,332.64,0.52,0.42,2026-06-02,814,N20,VIIRS,n,2,301.53,1.96,D,0
18.36188,78.64601,335.39,0.46,0.39,2026-06-02,814,N20,VIIRS,l,2,305.49,3.18,D,0
18.36782,79.52147,343.95,0.51,0.41,2026-06-02,814,N20,VIIRS,n,2,303.79,7.8,D,0
18.36908,79.53101,349.07,0.51,0.41,2026-06-02,814,N20,VIIRS,n,2,305.1,18.56,D,0
18.3817,77.71221,338.64,0.42,0.38,2026-06-02,814,N20,VIIRS,n,2,299,4.99,D,0
18.38232,77.7115,337.98,0.42,0.38,2026-06-02,814,N20,VIIRS,n,2,299.24,4.66,D,0
18.39334,79.45492,335.73,0.5,0.41,2026-06-02,814,N20,VIIRS,n,2,302.33,4.77,D,0
18.4116,79.01193,338.4,0.48,0.4,2026-06-02,814,N20,VIIRS,n,2,304.79,10.19,D,0
18.41388,79.60784,338,0.51,0.41,2026-06-02,814,N20,VIIRS,n,2,304.28,2.97,D,0
18.41452,79.61267,335.74,0.51,0.41,2026-06-02,814,N20,VIIRS,n,2,302.49,2.97,D,0
18.4182,79.60964,343.42,0.51,0.41,2026-06-02,814,N20,VIIRS,n,2,305.36,10.01,D,0
18.4183,79.61212,337.13,0.51,0.41,2026-06-02,814,N20,VIIRS,n,2,304.55,5.59,D,0
18.41927,79.38121,338.02,0.5,0.41,2026-06-02,814,N20,VIIRS,n,2,305.53,9.01,D,0
18.42208,79.61157,335.91,0.51,0.41,2026-06-02,814,N20,VIIRS,n,2,304.16,5.59,D,0
18.44134,79.73042,348.93,0.52,0.41,2026-06-02,814,N20,VIIRS,n,2,303.67,6.91,D,0
18.44155,79.72783,337.95,0.52,0.41,2026-06-02,814,N20,VIIRS,n,2,303.72,3.92,D,0
18.4422,79.73272,338.01,0.52,0.41,2026-06-02,814,N20,VIIRS,n,2,302.87,3.37,D,0
18.44477,79.34407,341.98,0.5,0.41,2026-06-02,814,N20,VIIRS,n,2,306.66,8.42,D,0
18.44518,79.69995,338.29,0.52,0.41,2026-06-02,814,N20,VIIRS,n,2,304.63,5.89,D,0
18.45431,78.96944,340.48,0.48,0.4,2026-06-02,814,N20,VIIRS,n,2,306.2,10.37,D,0
18.45776,79.02404,339.86,0.48,0.4,2026-06-02,814,N20,VIIRS,n,2,306.25,10.3,D,0
18.45795,79.02352,343.57,0.48,0.4,2026-06-02,814,N20,VIIRS,n,2,305.72,11.18,D,0
18.45796,78.9689,335.26,0.48,0.4,2026-06-02,814,N20,VIIRS,n,2,304.54,8.97,D,0
18.46649,79.14801,343.88,0.49,0.4,2026-06-02,814,N20,VIIRS,n,2,305.72,8.23,D,0
18.46739,79.14726,339.39,0.48,0.4,2026-06-02,814,N20,VIIRS,n,2,305.82,6.25,D,0
18.47079,79.31177,337.92,0.49,0.41,2026-06-02,814,N20,VIIRS,n,2,306.26,8.37,D,0
18.47295,79.16051,343.55,0.49,0.4,2026-06-02,814,N20,VIIRS,n,2,308.12,11.18,D,0
18.47566,79.16074,341.44,0.49,0.4,2026-06-02,814,N20,VIIRS,n,2,307.34,7.63,D,0
18.48693,79.31895,337.06,0.49,0.41,2026-06-02,814,N20,VIIRS,n,2,303.98,5.22,D,0
18.48873,79.31947,341.84,0.5,0.41,2026-06-02,814,N20,VIIRS,n,2,304.03,5.08,D,0
18.49213,79.41395,347.85,0.5,0.41,2026-06-02,814,N20,VIIRS,n,2,305.01,11.54,D,0
18.49668,79.47624,348.12,0.5,0.41,2026-06-02,814,N20,VIIRS,n,2,303.98,7.22,D,0
18.49715,79.42289,337.71,0.5,0.41,2026-06-02,814,N20,VIIRS,n,2,304.24,5.02,D,0
18.50026,79.41763,336.08,0.5,0.41,2026-06-02,814,N20,VIIRS,n,2,304.3,3.79,D,0
18.50043,79.47572,345.17,0.5,0.41,2026-06-02,814,N20,VIIRS,n,2,306.3,9.39,D,0
18.5009,79.42236,340.51,0.5,0.41,2026-06-02,814,N20,VIIRS,n,2,305.58,6.61,D,0
18.51126,79.2025,336.82,0.49,0.4,2026-06-02,814,N20,VIIRS,n,2,303.09,2.73,D,0
18.52753,79.50199,335.31,0.51,0.41,2026-06-02,814,N20,VIIRS,n,2,303.95,1.67,D,0
18.52868,81.00038,334.16,0.41,0.45,2026-06-02,814,N20,VIIRS,n,2,300.94,2.26,D,0
18.53409,78.40347,339.83,0.45,0.39,2026-06-02,814,N20,VIIRS,n,2,307.39,5.85,D,0
18.53713,79.14233,339.03,0.49,0.4,2026-06-02,814,N20,VIIRS,n,2,305.14,8.6,D,0
18.54517,79.31607,338.29,0.5,0.41,2026-06-02,814,N20,VIIRS,n,2,304.31,5.42,D,0
18.54602,78.35854,344.02,0.45,0.39,2026-06-02,814,N20,VIIRS,n,2,308.14,11.57,D,0
18.54859,79.72656,340.43,0.52,0.42,2026-06-02,814,N20,VIIRS,n,2,305.24,7.98,D,0
18.54994,79.73018,340.28,0.52,0.42,2026-06-02,814,N20,VIIRS,n,2,304.27,4.76,D,0
18.55929,79.16725,342.91,0.49,0.4,2026-06-02,814,N20,VIIRS,n,2,307.48,17.02,D,0
18.56126,79.76502,341.75,0.52,0.42,2026-06-02,814,N20,VIIRS,n,2,301.91,9.53,D,0
18.56508,79.7645,347.94,0.52,0.42,2026-06-02,814,N20,VIIRS,n,2,304.05,9.53,D,0
18.56763,79.60393,335.2,0.51,0.41,2026-06-02,814,N20,VIIRS,n,2,302.65,3.16,D,0
18.56931,79.26968,335.5,0.49,0.4,2026-06-02,814,N20,VIIRS,n,2,305.02,9.44,D,0
18.56993,79.27435,343.72,0.49,0.41,2026-06-02,814,N20,VIIRS,n,2,304.12,9.44,D,0
18.57141,79.60335,336.04,0.51,0.41,2026-06-02,814,N20,VIIRS,n,2,302.91,5.52,D,0
18.57243,79.293,337.29,0.49,0.41,2026-06-02,814,N20,VIIRS,n,2,302.41,2.91,D,0
18.57264,79.46624,335.94,0.5,0.41,2026-06-02,814,N20,VIIRS,n,2,305.26,5.52,D,0
18.57327,79.47099,344.41,0.5,0.41,2026-06-02,814,N20,VIIRS,n,2,305.32,7.5,D,0
18.57499,79.88858,341.54,0.53,0.42,2026-06-02,814,N20,VIIRS,n,2,304.28,5.43,D,0
18.57647,79.88465,339.54,0.53,0.42,2026-06-02,814,N20,VIIRS,n,2,304.94,6.72,D,0
18.5771,79.88969,338.71,0.53,0.42,2026-06-02,814,N20,VIIRS,n,2,302.19,6.82,D,0
18.57842,79.80795,332.31,0.53,0.42,2026-06-02,814,N20,VIIRS,n,2,300.74,1.46,D,0
18.58779,78.03474,338.36,0.43,0.38,2026-06-02,814,N20,VIIRS,n,2,306.3,5.34,D,0
18.5992,79.32267,336.63,0.5,0.41,2026-06-02,814,N20,VIIRS,n,2,303.62,1.71,D,0
18.59958,80.19506,333.41,0.55,0.43,2026-06-02,814,N20,VIIRS,l,2,303.99,3.28,D,0
18.60056,79.31975,340.68,0.5,0.41,2026-06-02,814,N20,VIIRS,n,2,306.04,4.9,D,0
18.60473,79.92178,337.11,0.53,0.42,2026-06-02,814,N20,VIIRS,n,2,303.29,7.7,D,0
18.60626,79.27593,344.16,0.49,0.41,2026-06-02,814,N20,VIIRS,n,2,307.25,5.56,D,0
18.60998,79.2754,339.55,0.49,0.41,2026-06-02,814,N20,VIIRS,n,2,304.17,5.56,D,0
18.61871,79.8177,338.83,0.53,0.42,2026-06-02,814,N20,VIIRS,n,2,303.08,7.49,D,0
18.64145,78.53162,335.1,0.46,0.39,2026-06-02,814,N20,VIIRS,l,2,306.13,3.8,D,0
18.64232,79.67592,341.58,0.52,0.41,2026-06-02,814,N20,VIIRS,n,2,304.19,5.48,D,0
18.64314,79.67828,343,0.52,0.41,2026-06-02,814,N20,VIIRS,n,2,303.7,6.49,D,0
18.65149,79.30273,349.19,0.5,0.41,2026-06-02,814,N20,VIIRS,n,2,306.75,8.05,D,0
18.65267,79.48645,348.34,0.51,0.41,2026-06-02,814,N20,VIIRS,n,2,305.96,8.43,D,0
18.65521,79.3022,344.38,0.5,0.41,2026-06-02,814,N20,VIIRS,n,2,306.12,6.24,D,0
18.65536,80.03947,336.06,0.54,0.42,2026-06-02,814,N20,VIIRS,n,2,301.54,5.55,D,0
18.65992,80.04409,340.69,0.54,0.42,2026-06-02,814,N20,VIIRS,n,2,301.9,6.9,D,0
18.66146,79.49502,334.76,0.51,0.41,2026-06-02,814,N20,VIIRS,n,2,302.83,3.29,D,0
18.66782,80.07448,331.74,0.55,0.42,2026-06-02,814,N20,VIIRS,l,2,301.92,2.37,D,0
18.67954,79.37093,338.86,0.5,0.41,2026-06-02,814,N20,VIIRS,n,2,305.34,4.48,D,0
18.68329,79.37041,339.58,0.5,0.41,2026-06-02,814,N20,VIIRS,n,2,305.87,4.48,D,0
18.69386,78.07006,345.95,0.44,0.38,2026-06-02,814,N20,VIIRS,n,2,305.11,8.24,D,0
18.69871,79.04297,338.68,0.48,0.4,2026-06-02,814,N20,VIIRS,n,2,306.51,4.24,D,0
18.69894,79.40197,340.9,0.5,0.41,2026-06-02,814,N20,VIIRS,n,2,306.49,8.38,D,0
18.69957,79.40669,339.24,0.5,0.41,2026-06-02,814,N20,VIIRS,n,2,305.62,9.2,D,0
18.70316,79.63735,341.85,0.52,0.41,2026-06-02,814,N20,VIIRS,n,2,304.57,8.31,D,0
18.70347,79.46458,334.46,0.51,0.41,2026-06-02,814,N20,VIIRS,n,2,303.25,1.19,D,0
18.70635,78.8212,337.7,0.47,0.4,2026-06-02,814,N20,VIIRS,n,2,305.99,5.72,D,0
18.71128,78.53472,343.61,0.46,0.39,2026-06-02,814,N20,VIIRS,n,2,306.79,9.39,D,0
18.71311,78.5314,340.05,0.46,0.39,2026-06-02,814,N20,VIIRS,n,2,307.3,8.9,D,0
18.71564,83.76061,341.22,0.62,0.54,2026-06-02,814,N20,VIIRS,n,2,297.72,8.56,D,0
18.71959,83.76239,333.83,0.62,0.54,2026-06-02,814,N20,VIIRS,n,2,295.69,9.43,D,0
18.72126,79.54056,335.58,0.51,0.41,2026-06-02,814,N20,VIIRS,n,2,303.77,5.82,D,2
18.74026,79.98363,344.99,0.54,0.42,2026-06-02,814,N20,VIIRS,n,2,303.41,11.78,D,0
18.75191,78.93799,336.69,0.48,0.4,2026-06-02,814,N20,VIIRS,n,2,305.91,2.94,D,0
18.77071,79.5355,342.15,0.51,0.41,2026-06-02,814,N20,VIIRS,n,2,304.36,9.15,D,0
18.77392,78.99214,343.04,0.48,0.4,2026-06-02,814,N20,VIIRS,n,2,304.64,4.3,D,0
18.774,78.99036,348.11,0.48,0.4,2026-06-02,814,N20,VIIRS,n,2,305.99,4.3,D,0
18.78927,78.71616,339.79,0.47,0.39,2026-06-02,814,N20,VIIRS,n,2,303.15,3.9,D,0
18.79085,80.0079,342.99,0.54,0.42,2026-06-02,814,N20,VIIRS,n,2,305.9,19.22,D,0
18.7909,79.6918,340.96,0.52,0.42,2026-06-02,814,N20,VIIRS,n,2,302.31,6.54,D,0
18.79203,80.01017,349.34,0.54,0.42,2026-06-02,814,N20,VIIRS,n,2,304.74,10.79,D,0
18.79289,78.71564,339.76,0.47,0.39,2026-06-02,814,N20,VIIRS,n,2,304.24,5.04,D,0
18.7933,79.4439,334.31,0.51,0.41,2026-06-02,814,N20,VIIRS,n,2,303.9,2.24,D,0
18.80369,79.76097,336.72,0.53,0.42,2026-06-02,814,N20,VIIRS,n,2,302.39,2.22,D,0
18.80504,79.99545,345.91,0.54,0.42,2026-06-02,814,N20,VIIRS,n,2,304.9,18.96,D,0
18.80565,79.99256,342.95,0.54,0.42,2026-06-02,814,N20,VIIRS,n,2,306.21,26.36,D,0
18.81127,78.96361,340.82,0.48,0.4,2026-06-02,814,N20,VIIRS,n,2,307.44,5.29,D,0
18.81494,78.96309,338.44,0.48,0.4,2026-06-02,814,N20,VIIRS,n,2,308.22,5.29,D,0
18.81554,78.96764,348.69,0.48,0.4,2026-06-02,814,N20,VIIRS,n,2,306.44,9.91,D,0
18.81884,78.63575,339.73,0.46,0.39,2026-06-02,814,N20,VIIRS,n,2,306.84,7.6,D,0
18.83166,79.47275,346.08,0.51,0.41,2026-06-02,814,N20,VIIRS,n,2,305.23,7.45,D,0
18.83183,79.47015,335.87,0.51,0.41,2026-06-02,814,N20,VIIRS,n,2,304.15,3.62,D,0
18.83245,79.47495,338,0.51,0.41,2026-06-02,814,N20,VIIRS,n,2,303.44,3.62,D,0
18.83874,78.727,337.24,0.47,0.39,2026-06-02,814,N20,VIIRS,n,2,303.82,3.5,D,0
18.8547,79.73342,336.22,0.53,0.42,2026-06-02,814,N20,VIIRS,n,2,305.26,6.11,D,0
18.85709,78.94319,342.43,0.48,0.4,2026-06-02,814,N20,VIIRS,n,2,308.64,5.9,D,0
18.8577,78.94772,341.28,0.48,0.4,2026-06-02,814,N20,VIIRS,n,2,308.82,5.9,D,0
18.86367,79.59883,346.41,0.52,0.41,2026-06-02,814,N20,VIIRS,n,2,302.23,9.67,D,0
18.87313,79.06171,340.72,0.48,0.4,2026-06-02,814,N20,VIIRS,n,2,306.63,6.66,D,0
18.87947,79.98227,339.91,0.54,0.42,2026-06-02,814,N20,VIIRS,n,2,304.48,10.56,D,0
18.88013,79.98739,342.98,0.54,0.42,2026-06-02,814,N20,VIIRS,n,2,305.81,6.99,D,0
18.8808,79.9925,349.58,0.54,0.42,2026-06-02,814,N20,VIIRS,n,2,306.48,6.99,D,0
18.89593,79.853,338.02,0.53,0.42,2026-06-02,814,N20,VIIRS,n,2,302.52,4.45,D,0
18.89978,79.85246,337.67,0.53,0.42,2026-06-02,814,N20,VIIRS,n,2,303.24,4.45,D,0
18.90043,79.85754,339.46,0.53,0.42,2026-06-02,814,N20,VIIRS,n,2,304.41,4.45,D,0
19.01547,80.07584,332.37,0.55,0.43,2026-06-02,814,N20,VIIRS,n,2,301.75,2.02,D,0
18.20611,72.97696,347.55,0.43,0.38,2026-06-02,815,N20,VIIRS,n,2,304.94,7.95,D,0
18.28461,73.02048,336.31,0.43,0.38,2026-06-02,815,N20,VIIRS,l,2,306.37,5.39,D,0
18.3555,75.19311,338.85,0.38,0.36,2026-06-02,815,N20,VIIRS,l,2,309.57,4.45,D,0
18.3581,75.12231,345.56,0.38,0.36,2026-06-02,815,N20,VIIRS,n,2,312.35,7.82,D,0
18.37417,73.1814,347.8,0.42,0.38,2026-06-02,815,N20,VIIRS,n,2,308.53,7.19,D,0
18.41525,73.80175,338.85,0.4,0.37,2026-06-02,815,N20,VIIRS,l,2,310.18,7.37,D,0
18.45703,73.08871,336.86,0.42,0.38,2026-06-02,815,N20,VIIRS,l,2,304.32,5.53,D,0
18.46908,73.03324,337.71,0.43,0.38,2026-06-02,815,N20,VIIRS,n,2,303.55,6.22,D,0
18.47239,74.56901,340.05,0.39,0.36,2026-06-02,815,N20,VIIRS,l,2,311.57,8.78,D,0
18.52533,73.48048,334.42,0.41,0.37,2026-06-02,815,N20,VIIRS,l,2,305.3,3.47,D,0
18.65649,73.31644,334.45,0.41,0.37,2026-06-02,815,N20,VIIRS,l,2,305.18,5.47,D,0
18.69869,75.21537,340.25,0.38,0.36,2026-06-02,815,N20,VIIRS,l,2,313.69,7.29,D,0
18.83845,78.47005,337.87,0.45,0.39,2026-06-02,815,N20,VIIRS,n,2,305.04,5.75,D,0
18.86013,78.77019,336.15,0.47,0.4,2026-06-02,815,N20,VIIRS,n,2,304.73,5.3,D,0
18.86539,78.6433,337.87,0.46,0.39,2026-06-02,815,N20,VIIRS,n,2,306.61,4.39,D,0
18.88137,78.93161,347.03,0.48,0.4,2026-06-02,815,N20,VIIRS,n,2,307.27,7.4,D,0
18.88155,78.3328,338.03,0.45,0.39,2026-06-02,815,N20,VIIRS,n,2,303.39,8.25,D,0
18.88197,78.93616,343.35,0.48,0.4,2026-06-02,815,N20,VIIRS,n,2,307.65,7.4,D,0
18.90404,79.13419,335.18,0.49,0.4,2026-06-02,815,N20,VIIRS,l,2,305.65,5.33,D,0
18.9109,79.09998,337.94,0.49,0.4,2026-06-02,815,N20,VIIRS,n,2,305.28,12.06,D,0
18.91367,77.518,339.94,0.42,0.38,2026-06-02,815,N20,VIIRS,l,2,310.46,7.25,D,0
18.94059,78.70854,337.08,0.47,0.4,2026-06-02,815,N20,VIIRS,n,2,304.88,5.25,D,0
18.95051,78.63607,343.87,0.46,0.39,2026-06-02,815,N20,VIIRS,n,2,305.97,10.49,D,0
18.95237,75.25357,333.95,0.38,0.36,2026-06-02,815,N20,VIIRS,n,2,306.08,1.39,D,0
18.96079,79.19228,336.28,0.49,0.41,2026-06-02,815,N20,VIIRS,n,2,304.19,5.14,D,0
18.97155,78.41139,341.52,0.45,0.39,2026-06-02,815,N20,VIIRS,n,2,308.93,10.31,D,0
18.97811,79.15176,339.45,0.49,0.4,2026-06-02,815,N20,VIIRS,n,2,305.89,5,D,0
18.98058,79.14194,348.18,0.49,0.4,2026-06-02,815,N20,VIIRS,n,2,306.2,11.12,D,0
18.98182,79.15123,337.56,0.49,0.4,2026-06-02,815,N20,VIIRS,n,2,304.24,3.75,D,0
18.98737,79.13625,335.92,0.49,0.4,2026-06-02,815,N20,VIIRS,n,2,305.35,4.92,D,0
18.99423,79.18739,334.03,0.49,0.41,2026-06-02,815,N20,VIIRS,n,2,303.79,2.77,D,0
18.99533,78.42539,344.91,0.45,0.39,2026-06-02,815,N20,VIIRS,n,2,308.29,7.59,D,0
18.99582,77.98351,343.64,0.44,0.38,2026-06-02,815,N20,VIIRS,n,2,305.34,6.71,D,0
18.99794,79.18685,335.54,0.49,0.41,2026-06-02,815,N20,VIIRS,l,2,305.78,2.77,D,0
19.00053,78.57055,339.81,0.46,0.39,2026-06-02,815,N20,VIIRS,n,2,306.55,5.42,D,0
19.01592,80.07838,331.17,0.55,0.43,2026-06-02,815,N20,VIIRS,l,2,301.45,2.63,D,0
19.01699,78.37918,335.46,0.45,0.39,2026-06-02,815,N20,VIIRS,n,2,305.18,1.95,D,0
19.01856,78.38251,343.62,0.45,0.39,2026-06-02,815,N20,VIIRS,n,2,304.37,4.34,D,0
19.01862,77.96736,348.35,0.44,0.38,2026-06-02,815,N20,VIIRS,n,2,303.95,7.99,D,0
19.02212,77.96681,344.08,0.44,0.38,2026-06-02,815,N20,VIIRS,n,2,304.57,4.13,D,0
19.02505,77.96216,337.31,0.44,0.38,2026-06-02,815,N20,VIIRS,n,2,304.12,4.13,D,0
19.03333,78.44691,347.19,0.46,0.39,2026-06-02,815,N20,VIIRS,n,2,306.16,8.5,D,0
19.03409,79.75375,336.08,0.53,0.42,2026-06-02,815,N20,VIIRS,n,2,303.14,5.47,D,0
19.0381,78.2932,338.81,0.45,0.39,2026-06-02,815,N20,VIIRS,n,2,304.38,3.41,D,0
19.04464,78.28789,336.46,0.45,0.39,2026-06-02,815,N20,VIIRS,n,2,304.73,5.77,D,0
19.05523,78.3124,336.18,0.45,0.39,2026-06-02,815,N20,VIIRS,l,2,306.92,4.9,D,0
19.0553,78.72883,334.99,0.47,0.4,2026-06-02,815,N20,VIIRS,n,2,304.26,2.02,D,0
19.05715,79.10361,340.02,0.49,0.4,2026-06-02,815,N20,VIIRS,n,2,304.27,4.39,D,0
19.05905,78.92089,341.1,0.48,0.4,2026-06-02,815,N20,VIIRS,n,2,307.75,6.78,D,0
19.07851,79.56185,340.71,0.52,0.41,2026-06-02,815,N20,VIIRS,n,2,302.41,4.91,D,0
19.08366,79.45181,333.58,0.51,0.41,2026-06-02,815,N20,VIIRS,n,2,300.27,1.48,D,0
19.0948,78.41565,338.42,0.45,0.39,2026-06-02,815,N20,VIIRS,n,2,304.66,11.96,D,0
19.09539,78.41998,341.09,0.46,0.39,2026-06-02,815,N20,VIIRS,n,2,306.1,11.96,D,0
19.09899,78.7463,339.57,0.47,0.4,2026-06-02,815,N20,VIIRS,n,2,305.18,8.95,D,0
19.11449,78.34699,338.7,0.45,0.39,2026-06-02,815,N20,VIIRS,n,2,305.91,6.32,D,0
19.13472,78.3147,337.56,0.45,0.39,2026-06-02,815,N20,VIIRS,n,2,304.92,3.33,D,0
19.137,79.65446,336.34,0.52,0.42,2026-06-02,815,N20,VIIRS,n,2,301.74,6.2,D,0
19.14799,78.25186,337.09,0.45,0.39,2026-06-02,815,N20,VIIRS,l,2,307.51,4.1,D,0
19.15225,78.95032,339.19,0.48,0.4,2026-06-02,815,N20,VIIRS,n,2,305.63,8.46,D,0
19.17273,76.61677,343.42,0.4,0.37,2026-06-02,815,N20,VIIRS,n,2,312.86,20.2,D,0
19.19655,78.18394,335.32,0.45,0.39,2026-06-02,815,N20,VIIRS,l,2,306.61,3.92,D,0
19.22158,78.21124,340.65,0.45,0.39,2026-06-02,815,N20,VIIRS,n,2,305.64,7.23,D,0
19.22679,75.97015,339.81,0.39,0.36,2026-06-02,815,N20,VIIRS,l,2,310.59,5.4,D,0
19.24079,76.55128,348.38,0.4,0.37,2026-06-02,815,N20,VIIRS,n,2,316.14,8.23,D,0
19.26055,79.71575,341.85,0.53,0.42,2026-06-02,815,N20,VIIRS,n,2,295.32,9.58,D,0
19.27281,73.2813,339.64,0.41,0.37,2026-06-02,815,N20,VIIRS,l,2,304.54,6.6,D,0
19.32059,75.21581,341.13,0.38,0.36,2026-06-02,815,N20,VIIRS,l,2,315.73,7.38,D,0
19.3303,78.42212,342.28,0.46,0.39,2026-06-02,815,N20,VIIRS,n,2,311.5,8.92,D,0
19.33235,80.53713,333.98,0.39,0.44,2026-06-02,815,N20,VIIRS,n,2,301.9,2.14,D,0
19.33389,78.42158,347.12,0.46,0.39,2026-06-02,815,N20,VIIRS,n,2,311.73,8.92,D,0
19.35392,77.31743,332.12,0.42,0.37,2026-06-02,815,N20,VIIRS,l,2,305.21,2.42,D,0
19.37032,71.35324,336.84,0.49,0.4,2026-06-02,815,N20,VIIRS,n,2,290.9,4.5,D,3
19.4348,73.45805,339.16,0.41,0.37,2026-06-02,815,N20,VIIRS,l,2,306.28,9.12,D,0
19.4873,81.6806,336.14,0.47,0.47,2026-06-02,815,N20,VIIRS,n,2,304.35,5.37,D,0
19.50603,79.35083,338.73,0.51,0.41,2026-06-02,815,N20,VIIRS,n,2,306.73,9.23,D,0
19.5098,79.35028,338.85,0.51,0.41,2026-06-02,815,N20,VIIRS,n,2,307.11,10.5,D,0
19.51993,73.43921,342.66,0.41,0.37,2026-06-02,815,N20,VIIRS,n,2,305.96,8.59,D,0
19.54837,76.03358,343.67,0.39,0.36,2026-06-02,815,N20,VIIRS,l,2,316.75,8.09,D,0
19.55419,79.514,338.04,0.52,0.42,2026-06-02,815,N20,VIIRS,n,2,302.13,4.96,D,0
19.65482,81.03562,330.2,0.43,0.46,2026-06-02,815,N20,VIIRS,l,2,302.76,3.08,D,0
19.72031,75.03459,341.88,0.38,0.36,2026-06-02,815,N20,VIIRS,l,2,316.72,6.41,D,0
19.75503,77.65833,342.72,0.43,0.38,2026-06-02,815,N20,VIIRS,n,2,311.48,15.4,D,0
19.76619,83.99427,334.36,0.33,0.55,2026-06-02,815,N20,VIIRS,n,2,295,0.75,D,0
19.80516,81.99722,330.82,0.49,0.49,2026-06-02,815,N20,VIIRS,n,2,300.75,5.58,D,0
19.80748,75.40397,342.56,0.38,0.36,2026-06-02,815,N20,VIIRS,l,2,316.68,5.42,D,0
19.8112,74.63007,341.85,0.39,0.36,2026-06-02,815,N20,VIIRS,l,2,316.3,6.81,D,0
19.81612,75.14881,342.55,0.38,0.36,2026-06-02,815,N20,VIIRS,l,2,313.95,6.92,D,0
19.88656,75.39067,345.81,0.38,0.36,2026-06-02,815,N20,VIIRS,n,2,316.24,13.11,D,0
19.8932,74.81049,337.76,0.38,0.36,2026-06-02,815,N20,VIIRS,l,2,310.73,2.95,D,0
19.89681,74.72011,340.35,0.38,0.36,2026-06-02,815,N20,VIIRS,n,2,309.3,3.23,D,0
19.89982,80.47426,341.74,0.4,0.44,2026-06-02,815,N20,VIIRS,n,2,295.25,5.49,D,0
19.94226,74.14285,340.72,0.39,0.36,2026-06-02,815,N20,VIIRS,l,2,314,10.38,D,0
19.99042,81.50858,335.64,0.46,0.47,2026-06-02,815,N20,VIIRS,n,2,304.42,3.32,D,0
19.9984,75.18458,339.66,0.38,0.36,2026-06-02,815,N20,VIIRS,l,2,310.35,6.45,D,0
20.02507,80.55007,337.59,0.4,0.44,2026-06-02,815,N20,VIIRS,n,2,301,3.66,D,0
20.0601,78.74673,341.76,0.48,0.4,2026-06-02,815,N20,VIIRS,n,2,309,10.13,D,0
20.09981,80.83192,330.56,0.42,0.45,2026-06-02,815,N20,VIIRS,n,2,296.96,1.79,D,0
20.12343,75.31567,340.96,0.38,0.36,2026-06-02,815,N20,VIIRS,l,2,313.62,6.68,D,0
20.14018,77.91133,338.72,0.44,0.39,2026-06-02,815,N20,VIIRS,n,2,307.9,4.58,D,0
20.14049,77.91447,352.58,0.44,0.39,2026-06-02,815,N20,VIIRS,n,2,308.83,7.65,D,0
20.14075,77.91555,350.56,0.44,0.39,2026-06-02,815,N20,VIIRS,n,2,308.54,4.58,D,0
20.14275,78.72025,341.3,0.48,0.4,2026-06-02,815,N20,VIIRS,n,2,305.45,9.94,D,0
20.17624,74.90288,334.41,0.38,0.36,2026-06-02,815,N20,VIIRS,l,2,309.4,2.25,D,0
20.20121,75.76853,345.83,0.39,0.36,2026-06-02,815,N20,VIIRS,l,2,317.39,15.85,D,0
20.22788,84.82043,332.66,0.38,0.59,2026-06-02,815,N20,VIIRS,n,2,293.51,4.9,D,0
20.23942,80.5097,330.82,0.4,0.44,2026-06-02,815,N20,VIIRS,n,2,296.15,1.63,D,0
20.26955,75.29466,341.56,0.38,0.36,2026-06-02,815,N20,VIIRS,n,2,310,7.04,D,0
20.28719,81.83058,342.96,0.49,0.48,2026-06-02,815,N20,VIIRS,n,2,301.84,5.47,D,0
20.29219,81.83471,333.95,0.49,0.48,2026-06-02,815,N20,VIIRS,n,2,301.23,5.47,D,0
20.29274,81.83937,356.13,0.49,0.48,2026-06-02,815,N20,VIIRS,n,2,301.19,13.05,D,0
20.29602,81.56144,337.7,0.47,0.48,2026-06-02,815,N20,VIIRS,n,2,302.21,4.08,D,0
20.30702,82.00067,338.64,0.5,0.49,2026-06-02,815,N20,VIIRS,n,2,302.75,3.58,D,0
20.30935,81.94243,332.93,0.5,0.49,2026-06-02,815,N20,VIIRS,n,2,301.6,2.92,D,0
20.31413,79.13218,344.96,0.51,0.41,2026-06-02,815,N20,VIIRS,n,2,309.27,14.47,D,0
20.33264,75.76188,345.09,0.39,0.36,2026-06-02,815,N20,VIIRS,n,2,313.26,9.63,D,0
20.34737,73.67289,347.73,0.4,0.37,2026-06-02,815,N20,VIIRS,n,2,309.41,11.7,D,0
20.34996,73.47404,343.18,0.4,0.37,2026-06-02,815,N20,VIIRS,l,2,305.67,8.28,D,0
20.36478,75.63535,341.26,0.39,0.36,2026-06-02,815,N20,VIIRS,l,2,314.45,11.75,D,0
20.4841,80.37911,346.28,0.4,0.44,2026-06-02,815,N20,VIIRS,n,2,307.35,8.65,D,0
20.49713,82.19376,337.52,0.52,0.5,2026-06-02,815,N20,VIIRS,n,2,303.53,8.37,D,0
20.511,76.09782,341.55,0.39,0.36,2026-06-02,815,N20,VIIRS,l,2,312.93,10.78,D,0
20.51198,81.38186,343.79,0.46,0.47,2026-06-02,815,N20,VIIRS,n,2,302.49,6.08,D,0
20.51437,76.07425,344.66,0.39,0.36,2026-06-02,815,N20,VIIRS,l,2,315.53,13.51,D,0
20.51449,81.32781,339.55,0.46,0.47,2026-06-02,815,N20,VIIRS,n,2,303.33,3.49,D,0
20.5288,80.86285,341.15,0.43,0.46,2026-06-02,815,N20,VIIRS,n,2,303.93,3.33,D,0
20.55582,80.15086,336.68,0.39,0.44,2026-06-02,815,N20,VIIRS,n,2,302.06,4.31,D,0
20.55798,81.39828,342.7,0.46,0.47,2026-06-02,815,N20,VIIRS,n,2,303.13,4.53,D,0
20.58163,75.09111,342.82,0.38,0.36,2026-06-02,815,N20,VIIRS,n,2,312.77,6.31,D,0
20.58428,79.04838,342.74,0.51,0.41,2026-06-02,815,N20,VIIRS,n,2,306.94,10.67,D,0
20.65079,75.07493,342.99,0.38,0.36,2026-06-02,815,N20,VIIRS,l,2,313.15,5.37,D,0
20.69211,81.12269,332.67,0.45,0.47,2026-06-02,815,N20,VIIRS,l,2,303.64,3.14,D,0
20.69219,81.62614,337.19,0.48,0.48,2026-06-02,815,N20,VIIRS,n,2,302.32,5.43,D,0
20.69273,81.63074,350.21,0.48,0.48,2026-06-02,815,N20,VIIRS,n,2,303.91,5.43,D,0
20.69661,81.62558,347.81,0.48,0.48,2026-06-02,815,N20,VIIRS,n,2,304.15,5.43,D,0
20.69769,81.6348,337.83,0.48,0.48,2026-06-02,815,N20,VIIRS,n,2,303.11,4.45,D,0
20.69823,81.63942,344,0.48,0.48,2026-06-02,815,N20,VIIRS,n,2,302.74,4.45,D,0
20.69878,81.64404,351.78,0.48,0.48,2026-06-02,815,N20,VIIRS,n,2,303.87,24.1,D,0
20.69902,76.79214,343.4,0.41,0.37,2026-06-02,815,N20,VIIRS,l,2,314.99,15.13,D,0
20.69932,81.64866,352.03,0.48,0.48,2026-06-02,815,N20,VIIRS,n,2,305.98,24.1,D,0
20.7032,81.64349,337.28,0.48,0.48,2026-06-02,815,N20,VIIRS,n,2,302.61,11.97,D,0
20.70375,81.64811,345.67,0.48,0.48,2026-06-02,815,N20,VIIRS,n,2,303.51,11.97,D,0
20.70394,80.21428,335.55,0.39,0.44,2026-06-02,815,N20,VIIRS,n,2,302.99,1.65,D,0
20.70545,81.62447,343.29,0.48,0.48,2026-06-02,815,N20,VIIRS,n,2,304.42,8.4,D,0
20.706,81.62908,344.67,0.48,0.48,2026-06-02,815,N20,VIIRS,n,2,304.31,8.4,D,0
20.70654,81.63369,349.57,0.48,0.48,2026-06-02,815,N20,VIIRS,n,2,303.95,8.06,D,0
20.70708,81.6383,348.27,0.48,0.48,2026-06-02,815,N20,VIIRS,n,2,303.91,8.06,D,0
20.70763,81.64292,337.36,0.48,0.48,2026-06-02,815,N20,VIIRS,n,2,301.18,11.97,D,0
20.71,81.62989,344.55,0.48,0.48,2026-06-02,815,N20,VIIRS,n,2,303.65,9.66,D,0
20.71042,81.62852,335.43,0.48,0.48,2026-06-02,815,N20,VIIRS,n,2,303.88,6.25,D,0
20.71051,81.63451,353.25,0.48,0.48,2026-06-02,815,N20,VIIRS,n,2,303.98,9.4,D,0
20.71096,81.63314,350.91,0.48,0.48,2026-06-02,815,N20,VIIRS,n,2,303.5,5.6,D,0
20.71151,81.63775,343.62,0.48,0.48,2026-06-02,815,N20,VIIRS,n,2,301.78,5.6,D,0
20.71391,81.62472,354.49,0.48,0.48,2026-06-02,815,N20,VIIRS,n,2,304.26,9.66,D,0
20.71429,81.62337,347.66,0.48,0.48,2026-06-02,815,N20,VIIRS,n,2,303.8,6.25,D,0
20.71484,81.62798,343.25,0.48,0.48,2026-06-02,815,N20,VIIRS,n,2,302.23,6.25,D,0
20.72688,81.66063,341.68,0.48,0.48,2026-06-02,815,N20,VIIRS,n,2,301.98,11.57,D,0
20.72808,81.66386,344.33,0.48,0.48,2026-06-02,815,N20,VIIRS,n,2,303.02,12.18,D,0
20.73386,74.92899,342.56,0.38,0.36,2026-06-02,815,N20,VIIRS,l,2,313.76,7.91,D,0
20.74979,81.13283,344.64,0.45,0.47,2026-06-02,815,N20,VIIRS,n,2,303.87,7.57,D,0
20.75593,81.89948,341.65,0.5,0.49,2026-06-02,815,N20,VIIRS,n,2,301.79,3.33,D,0
20.75706,81.90905,354.04,0.5,0.49,2026-06-02,815,N20,VIIRS,n,2,303.24,8.36,D,0
20.75804,81.90086,339.57,0.5,0.49,2026-06-02,815,N20,VIIRS,n,2,301.96,8.97,D,0
20.75857,81.90565,350.31,0.5,0.49,2026-06-02,815,N20,VIIRS,n,2,304.21,8.22,D,0
20.7591,81.91045,345.35,0.5,0.49,2026-06-02,815,N20,VIIRS,n,2,303.76,8.22,D,0
20.7615,78.08068,342.05,0.46,0.39,2026-06-02,815,N20,VIIRS,l,2,314.89,8.92,D,0
20.76308,81.90509,344.42,0.5,0.49,2026-06-02,815,N20,VIIRS,n,2,303.55,8.22,D,0
20.77323,80.75337,344.88,0.42,0.45,2026-06-02,815,N20,VIIRS,n,2,307.29,3.55,D,0
20.77477,81.19546,336.32,0.45,0.47,2026-06-02,815,N20,VIIRS,n,2,304.97,5.41,D,0
20.77702,81.19218,343.44,0.45,0.47,2026-06-02,815,N20,VIIRS,n,2,304.61,5.73,D,0
20.77896,81.88366,346.56,0.5,0.49,2026-06-02,815,N20,VIIRS,n,2,304.2,9.37,D,0
20.78577,80.75167,341.79,0.42,0.45,2026-06-02,815,N20,VIIRS,n,2,308.05,5.47,D,0
20.78736,81.48582,330.68,0.47,0.48,2026-06-02,815,N20,VIIRS,l,2,301.45,1.98,D,0
20.79013,81.90181,343.09,0.5,0.49,2026-06-02,815,N20,VIIRS,n,2,304.24,4.8,D,0
20.79189,81.75686,331.7,0.49,0.49,2026-06-02,815,N20,VIIRS,n,2,299.11,5.25,D,0
20.80282,81.1888,339.36,0.45,0.47,2026-06-02,815,N20,VIIRS,n,2,304.94,4.62,D,0
20.80609,76.146,349.84,0.4,0.37,2026-06-02,815,N20,VIIRS,n,2,317.7,17.86,D,0
20.8072,81.85109,338.81,0.5,0.49,2026-06-02,815,N20,VIIRS,n,2,301.12,5.5,D,0
20.80775,81.85587,343.76,0.5,0.49,2026-06-02,815,N20,VIIRS,n,2,301.17,5.5,D,0
20.81263,77.40019,338.48,0.43,0.38,2026-06-02,815,N20,VIIRS,l,2,312.39,2.97,D,0
20.81611,77.39966,344.54,0.43,0.38,2026-06-02,815,N20,VIIRS,n,2,311.59,2.97,D,0
20.81668,77.40376,337.31,0.43,0.38,2026-06-02,815,N20,VIIRS,l,2,311.46,5.16,D,0
20.81959,77.39912,337.38,0.43,0.38,2026-06-02,815,N20,VIIRS,l,2,311.58,3.45,D,0
20.81968,81.57142,333.55,0.48,0.48,2026-06-02,815,N20,VIIRS,l,2,303.86,1.7,D,0
20.82017,77.40323,341.35,0.43,0.38,2026-06-02,815,N20,VIIRS,n,2,311.14,4.27,D,0
20.82192,77.39037,355.59,0.43,0.38,2026-06-02,815,N20,VIIRS,l,2,310.25,5.91,D,0
20.82298,73.77487,334.84,0.39,0.36,2026-06-02,815,N20,VIIRS,l,2,304.6,2.85,D,0
20.82415,82.20691,341.63,0.52,0.5,2026-06-02,815,N20,VIIRS,n,2,302.34,10.27,D,0
20.82483,77.38574,340.15,0.43,0.38,2026-06-02,815,N20,VIIRS,l,2,310.5,3.61,D,0
20.8254,77.38983,356.75,0.43,0.38,2026-06-02,815,N20,VIIRS,l,2,310.81,3.61,D,0
20.82597,77.39394,349.93,0.43,0.38,2026-06-02,815,N20,VIIRS,n,2,310.66,2.89,D,0
20.82648,77.38595,353.17,0.43,0.38,2026-06-02,815,N20,VIIRS,n,2,310.85,5.04,D,0
20.82683,76.07693,348.7,0.39,0.37,2026-06-02,815,N20,VIIRS,n,2,316.4,9.8,D,0
20.82704,77.39005,356.44,0.43,0.38,2026-06-02,815,N20,VIIRS,l,2,310.65,5.04,D,0
20.8276,77.39416,350.47,0.43,0.38,2026-06-02,815,N20,VIIRS,n,2,310.42,4.11,D,0
20.82816,77.39828,343.16,0.43,0.38,2026-06-02,815,N20,VIIRS,n,2,310.3,4.11,D,0
20.8283,77.38519,344.73,0.43,0.38,2026-06-02,815,N20,VIIRS,n,2,310.42,3.61,D,0
20.82888,77.3893,346.5,0.43,0.38,2026-06-02,815,N20,VIIRS,n,2,310.01,3.61,D,0
20.82945,77.3934,344.15,0.43,0.38,2026-06-02,815,N20,VIIRS,n,2,309.49,2.89,D,0
20.82996,77.3854,335.92,0.43,0.38,2026-06-02,815,N20,VIIRS,l,2,310.39,5.04,D,0
20.83003,77.39751,340.75,0.43,0.38,2026-06-02,815,N20,VIIRS,n,2,309.63,2.89,D,0
20.83772,80.53533,337.65,0.41,0.45,2026-06-02,815,N20,VIIRS,n,2,304.97,2.55,D,0
20.84196,79.65308,333.26,0.55,0.43,2026-06-02,815,N20,VIIRS,l,2,305.55,1.71,D,0
20.84336,74.07717,345.68,0.39,0.36,2026-06-02,815,N20,VIIRS,l,2,312.39,7.35,D,0
20.84525,74.6806,337.66,0.38,0.36,2026-06-02,815,N20,VIIRS,l,2,310.16,7.93,D,0
20.85134,84.29734,335.6,0.36,0.57,2026-06-02,815,N20,VIIRS,n,2,299.78,2.7,D,0
20.87268,75.39827,349.36,0.39,0.36,2026-06-02,815,N20,VIIRS,n,2,315.45,14.7,D,0
20.87864,80.15107,341.34,0.39,0.44,2026-06-02,815,N20,VIIRS,n,2,300.11,2.89,D,0
20.88761,75.79812,337.91,0.39,0.36,2026-06-02,815,N20,VIIRS,l,2,309.13,10.45,D,0
20.89203,80.12638,345.77,0.39,0.44,2026-06-02,815,N20,VIIRS,n,2,304.54,7.71,D,0
20.89204,81.53912,345.37,0.48,0.48,2026-06-02,815,N20,VIIRS,n,2,303.64,4.9,D,0
20.89825,81.0495,334.22,0.44,0.46,2026-06-02,815,N20,VIIRS,n,2,304.02,1.36,D,0
20.90729,81.05267,336.25,0.44,0.46,2026-06-02,815,N20,VIIRS,n,2,302.9,4.4,D,0
20.9074,81.16612,342.33,0.45,0.47,2026-06-02,815,N20,VIIRS,n,2,304.03,4.5,D,0
20.91106,81.04786,336.43,0.44,0.46,2026-06-02,815,N20,VIIRS,n,2,303.43,3.38,D,0
20.91838,75.31885,341.25,0.39,0.36,2026-06-02,815,N20,VIIRS,l,2,311.68,10.58,D,0
20.91909,81.04247,341.33,0.44,0.46,2026-06-02,815,N20,VIIRS,n,2,304.74,5.07,D,0
20.93718,81.04879,339.99,0.44,0.46,2026-06-02,815,N20,VIIRS,n,2,304.71,2.68,D,0
20.94254,80.94911,337.65,0.44,0.46,2026-06-02,815,N20,VIIRS,n,2,304.32,3.97,D,0
20.94338,80.0137,339.03,0.38,0.44,2026-06-02,815,N20,VIIRS,n,2,306.32,5.68,D,0
20.94704,80.69323,341.47,0.42,0.45,2026-06-02,815,N20,VIIRS,n,2,306.04,5.11,D,0
20.95527,75.40704,343.09,0.39,0.36,2026-06-02,815,N20,VIIRS,n,2,312.11,2.05,D,0
20.96121,86.00921,348.91,0.47,0.64,2026-06-02,815,N20,VIIRS,n,2,292.88,11.96,D,2
20.9627,86.00863,352.31,0.46,0.64,2026-06-02,815,N20,VIIRS,n,2,292.89,10.25,D,2
20.96751,86.01326,330.71,0.47,0.64,2026-06-02,815,N20,VIIRS,n,2,292.2,9.83,D,2
20.969,73.77483,339.45,0.39,0.36,2026-06-02,815,N20,VIIRS,l,2,309.12,6.98,D,0
20.97009,80.89137,342.57,0.43,0.46,2026-06-02,815,N20,VIIRS,n,2,304.85,5.65,D,0
20.99025,81.10434,336.31,0.45,0.47,2026-06-02,815,N20,VIIRS,n,2,303.97,2.76,D,0
20.99132,78.46429,339.98,0.48,0.4,2026-06-02,815,N20,VIIRS,n,2,309.77,5.04,D,0
20.9937,81.13465,336.64,0.45,0.47,2026-06-02,815,N20,VIIRS,n,2,305.38,2.39,D,0
20.99498,78.46367,347.15,0.48,0.4,2026-06-02,815,N20,VIIRS,n,2,309.61,5.04,D,0
21.01911,82.36229,339.86,0.54,0.51,2026-06-02,815,N20,VIIRS,n,2,297.75,6.6,D,0
21.02076,79.83786,337.27,0.57,0.43,2026-06-02,815,N20,VIIRS,n,2,305.43,7,D,0
21.02157,82.3577,338.27,0.54,0.51,2026-06-02,815,N20,VIIRS,n,2,298.64,3.97,D,0
21.02523,74.52474,341.54,0.38,0.36,2026-06-02,815,N20,VIIRS,l,2,313.78,12.24,D,0
21.02712,79.95301,337.19,0.38,0.43,2026-06-02,815,N20,VIIRS,l,2,307.3,4.17,D,0
21.02758,79.95668,344.55,0.38,0.43,2026-06-02,815,N20,VIIRS,n,2,307.68,4.17,D,0
21.03192,82.63671,330.19,0.56,0.52,2026-06-02,815,N20,VIIRS,n,2,294.85,4.02,D,0
21.05284,82.00603,331.06,0.51,0.49,2026-06-02,815,N20,VIIRS,n,2,296.99,9.01,D,0
21.05542,81.13996,337.17,0.45,0.47,2026-06-02,815,N20,VIIRS,n,2,304.8,5.26,D,0
21.06165,79.65536,333.28,0.55,0.43,2026-06-02,815,N20,VIIRS,l,2,303.68,4.28,D,0
21.07228,81.09824,335.45,0.45,0.47,2026-06-02,815,N20,VIIRS,n,2,303.73,2.2,D,0
21.07663,76.09025,342.02,0.4,0.37,2026-06-02,815,N20,VIIRS,n,2,309.6,4.08,D,0
21.08924,79.49641,336.37,0.54,0.42,2026-06-02,815,N20,VIIRS,n,2,306.27,4.25,D,0
21.09568,79.67222,335.75,0.55,0.43,2026-06-02,815,N20,VIIRS,n,2,305.06,4.97,D,0
21.09627,76.90724,336.29,0.42,0.37,2026-06-02,815,N20,VIIRS,l,2,309.64,1.92,D,0
21.09969,76.9067,344.53,0.42,0.37,2026-06-02,815,N20,VIIRS,n,2,309.58,2.59,D,0
21.10357,72.63763,339.84,0.42,0.37,2026-06-02,815,N20,VIIRS,l,2,301.7,12.09,D,2
21.1049,72.64555,347.02,0.42,0.37,2026-06-02,815,N20,VIIRS,l,2,301.66,12.31,D,2
21.12035,74.48077,341.05,0.38,0.36,2026-06-02,815,N20,VIIRS,l,2,312.11,10.23,D,0
21.1237,82.42534,333.35,0.55,0.51,2026-06-02,815,N20,VIIRS,n,2,297.28,3.06,D,0
21.12599,82.423,334.5,0.55,0.51,2026-06-02,815,N20,VIIRS,n,2,297.49,4.83,D,0
21.13133,79.73262,336.87,0.56,0.43,2026-06-02,815,N20,VIIRS,n,2,305.12,4.79,D,0
21.13437,79.72963,338.13,0.56,0.43,2026-06-02,815,N20,VIIRS,n,2,304.47,4.87,D,0
21.14551,80.13786,338.27,0.39,0.44,2026-06-02,815,N20,VIIRS,n,2,305.14,4.43,D,0
21.14552,80.4118,344.28,0.41,0.45,2026-06-02,815,N20,VIIRS,n,2,304.01,3.4,D,0
21.14801,76.04741,339.96,0.4,0.37,2026-06-02,815,N20,VIIRS,n,2,309.36,6.64,D,0
21.16461,74.70284,343.85,0.38,0.36,2026-06-02,815,N20,VIIRS,n,2,313.36,2.68,D,0
21.16879,75.51883,343.75,0.39,0.36,2026-06-02,815,N20,VIIRS,n,2,313.51,6.7,D,0
21.16892,80.68132,354.56,0.42,0.46,2026-06-02,815,N20,VIIRS,n,2,304.28,10.31,D,0
21.17047,74.12428,338.23,0.39,0.36,2026-06-02,815,N20,VIIRS,l,2,311.2,3.69,D,0
21.18807,75.58025,339.03,0.39,0.36,2026-06-02,815,N20,VIIRS,l,2,312.82,4,D,0
21.20835,82.79258,342.77,0.58,0.52,2026-06-02,815,N20,VIIRS,n,2,298.23,5.6,D,0
21.22253,81.69508,342.17,0.49,0.49,2026-06-02,815,N20,VIIRS,n,2,301.05,2.26,D,0
21.22566,80.1496,337.12,0.4,0.44,2026-06-02,815,N20,VIIRS,n,2,304.86,4.24,D,0
21.25029,80.60435,330.41,0.42,0.45,2026-06-02,815,N20,VIIRS,l,2,302.87,4.25,D,0
21.25952,80.2931,334.12,0.4,0.44,2026-06-02,815,N20,VIIRS,l,2,304.53,1.38,D,0
21.27057,83.92435,330.56,0.34,0.56,2026-06-02,815,N20,VIIRS,n,2,296.51,1.82,D,0
21.27969,74.61122,341.72,0.38,0.36,2026-06-02,815,N20,VIIRS,n,2,311.3,3.36,D,0
21.32831,82.96573,338.23,0.59,0.53,2026-06-02,815,N20,VIIRS,n,2,300.22,4.44,D,0
21.33267,79.71569,333.98,0.56,0.43,2026-06-02,815,N20,VIIRS,l,2,305.54,2.5,D,0
21.34449,75.60609,342.71,0.39,0.36,2026-06-02,815,N20,VIIRS,l,2,313.58,10.82,D,0
21.35322,82.87592,334.89,0.59,0.53,2026-06-02,815,N20,VIIRS,n,2,299.53,2.11,D,0
21.35615,75.11477,342.15,0.39,0.36,2026-06-02,815,N20,VIIRS,l,2,313.01,10.64,D,0
21.35746,80.35119,333.38,0.41,0.45,2026-06-02,815,N20,VIIRS,n,2,303.14,1.35,D,0
21.37032,73.0902,331.12,0.4,0.37,2026-06-02,815,N20,VIIRS,l,2,296.76,3.55,D,0
21.3728,74.99832,342.24,0.38,0.36,2026-06-02,815,N20,VIIRS,n,2,312.1,12.95,D,0
21.37554,74.99407,341.11,0.38,0.36,2026-06-02,815,N20,VIIRS,l,2,311.44,10.71,D,0
21.3815,80.9907,338.72,0.45,0.47,2026-06-02,815,N20,VIIRS,n,2,307.67,5.47,D,0
21.39475,81.64386,338.63,0.49,0.49,2026-06-02,815,N20,VIIRS,n,2,301.29,3.71,D,2
21.40924,80.53855,334.15,0.42,0.45,2026-06-02,815,N20,VIIRS,n,2,304.13,1.95,D,0
21.41052,72.02956,338.67,0.43,0.38,2026-06-02,815,N20,VIIRS,l,2,301.44,9.75,D,0
21.43028,72.21207,330.32,0.43,0.38,2026-06-02,815,N20,VIIRS,l,2,297.16,6.67,D,0
21.43508,72.21954,337.73,0.43,0.38,2026-06-02,815,N20,VIIRS,n,2,296.22,6.43,D,0
21.44355,80.34763,345.35,0.41,0.45,2026-06-02,815,N20,VIIRS,n,2,303.99,4.93,D,0
21.4458,80.33133,331.74,0.41,0.45,2026-06-02,815,N20,VIIRS,l,2,303.7,0.76,D,0
21.45256,79.68544,335.75,0.56,0.43,2026-06-02,815,N20,VIIRS,n,2,305.04,2.1,D,0
21.45377,79.24992,341.78,0.53,0.42,2026-06-02,815,N20,VIIRS,n,2,311.49,11.98,D,0
21.4557,79.683,334.44,0.56,0.43,2026-06-02,815,N20,VIIRS,n,2,304.32,2.33,D,0
21.45973,75.0816,341.95,0.39,0.36,2026-06-02,815,N20,VIIRS,n,2,311.91,9.07,D,0
21.46027,80.45438,342.98,0.41,0.45,2026-06-02,815,N20,VIIRS,n,2,304.75,3.14,D,0
21.47766,80.42368,339.84,0.41,0.45,2026-06-02,815,N20,VIIRS,n,2,303.74,3.4,D,0
21.48298,75.51015,343.94,0.39,0.36,2026-06-02,815,N20,VIIRS,n,2,312.84,11.11,D,0
21.51693,75.30291,341.59,0.39,0.36,2026-06-02,815,N20,VIIRS,n,2,311.49,9.73,D,0
21.53916,79.93755,337.85,0.39,0.44,2026-06-02,815,N20,VIIRS,l,2,308.51,5.17,D,0
21.5489,83.93496,336.48,0.35,0.56,2026-06-02,815,N20,VIIRS,n,2,297.49,2.55,D,0
21.5507,79.01231,341.91,0.52,0.41,2026-06-02,815,N20,VIIRS,n,2,306.97,4.52,D,0
21.55509,80.38171,336.62,0.41,0.45,2026-06-02,815,N20,VIIRS,n,2,304.81,1.36,D,0
21.58044,79.00307,333.26,0.52,0.41,2026-06-02,815,N20,VIIRS,l,2,307.76,6.25,D,0
21.58046,79.00574,338.52,0.52,0.41,2026-06-02,815,N20,VIIRS,l,2,308.72,7.07,D,0
21.59217,83.99845,332.03,0.35,0.57,2026-06-02,815,N20,VIIRS,n,2,296.8,1.36,D,0
21.60063,74.35352,338.43,0.38,0.36,2026-06-02,815,N20,VIIRS,l,2,309.28,2.57,D,0
21.61098,84.02737,330.88,0.35,0.57,2026-06-02,815,N20,VIIRS,n,2,297.76,2.83,D,0
21.61133,84.03075,343.59,0.35,0.57,2026-06-02,815,N20,VIIRS,n,2,299.36,2.83,D,0
21.61146,84.02929,355.64,0.35,0.57,2026-06-02,815,N20,VIIRS,n,2,298.8,6.59,D,0
21.61507,80.04958,343.89,0.39,0.44,2026-06-02,815,N20,VIIRS,n,2,307.11,7.58,D,0
21.64797,83.35928,338.78,0.32,0.54,2026-06-02,815,N20,VIIRS,n,2,295.27,3.39,D,0
21.64805,83.35976,340.12,0.32,0.54,2026-06-02,815,N20,VIIRS,n,2,295.47,6.49,D,0
21.64829,83.36237,351.09,0.32,0.54,2026-06-02,815,N20,VIIRS,n,2,295.37,3.39,D,0
21.64836,83.36285,348.69,0.32,0.54,2026-06-02,815,N20,VIIRS,n,2,295.15,3.77,D,0
21.65232,83.40326,340.12,0.32,0.55,2026-06-02,815,N20,VIIRS,n,2,293.88,4.36,D,0
21.65255,83.40269,345.47,0.32,0.55,2026-06-02,815,N20,VIIRS,n,2,294.12,8.45,D,0
21.65364,83.36493,338.67,0.32,0.54,2026-06-02,815,N20,VIIRS,n,2,287.55,2.25,D,0
21.65368,83.36541,331.21,0.32,0.54,2026-06-02,815,N20,VIIRS,n,2,286.42,3.77,D,0
21.66024,83.38036,330.28,0.32,0.55,2026-06-02,815,N20,VIIRS,n,2,291.99,0.8,D,0
21.66031,83.37985,333.73,0.32,0.54,2026-06-02,815,N20,VIIRS,n,2,291.88,3.68,D,0
21.67409,83.3663,337.84,0.32,0.54,2026-06-02,815,N20,VIIRS,n,2,294.85,4.4,D,0
21.67421,83.51127,331.53,0.33,0.55,2026-06-02,815,N20,VIIRS,n,2,292.93,1.64,D,0
21.6744,83.36941,349.82,0.32,0.54,2026-06-02,815,N20,VIIRS,n,2,295.07,4.4,D,0
21.67471,83.37251,338.29,0.32,0.55,2026-06-02,815,N20,VIIRS,n,2,294.8,4.73,D,0
21.67604,84.03954,339.28,0.35,0.57,2026-06-02,815,N20,VIIRS,n,2,299.96,4.55,D,2
21.68975,80.25939,335.33,0.41,0.45,2026-06-02,815,N20,VIIRS,l,2,306.54,2.38,D,0
21.70853,83.1604,336.93,0.62,0.54,2026-06-02,815,N20,VIIRS,n,2,297.39,3.48,D,0
21.70916,83.16643,337.02,0.62,0.54,2026-06-02,815,N20,VIIRS,n,2,297.17,3.48,D,0
21.71666,83.19001,337.16,0.62,0.54,2026-06-02,815,N20,VIIRS,n,2,299.74,5.44,D,0
21.71776,80.21583,338.13,0.4,0.45,2026-06-02,815,N20,VIIRS,n,2,305.17,2.51,D,0
21.73673,83.84272,337.62,0.34,0.56,2026-06-02,815,N20,VIIRS,n,2,301.01,4.62,D,2
21.74192,83.84223,340.04,0.34,0.56,2026-06-02,815,N20,VIIRS,n,2,302.01,4.62,D,2
21.74225,83.84561,367,0.34,0.56,2026-06-02,815,N20,VIIRS,h,2,301.28,8.9,D,0
21.74334,84.44972,330.04,0.38,0.58,2026-06-02,815,N20,VIIRS,n,2,295.44,1.13,D,0
21.74434,83.97482,335.12,0.35,0.57,2026-06-02,815,N20,VIIRS,n,2,300.16,3.95,D,0
21.74711,83.84174,343.61,0.34,0.56,2026-06-02,815,N20,VIIRS,n,2,300.99,6.67,D,2
21.74745,83.84513,344.56,0.34,0.56,2026-06-02,815,N20,VIIRS,n,2,300.87,3.98,D,2
21.74956,83.97414,344.92,0.35,0.57,2026-06-02,815,N20,VIIRS,n,2,300.09,7.19,D,0
21.75264,83.84463,332.85,0.34,0.56,2026-06-02,815,N20,VIIRS,n,2,298.44,3.98,D,2
21.75454,84.02544,339.41,0.35,0.57,2026-06-02,815,N20,VIIRS,n,2,299.82,5.51,D,2
21.75783,83.84409,334.17,0.34,0.56,2026-06-02,815,N20,VIIRS,n,2,298.59,3.35,D,2
21.7647,84.0209,330.45,0.35,0.57,2026-06-02,815,N20,VIIRS,n,2,297.93,3.29,D,2
21.7732,84.39021,332.9,0.37,0.58,2026-06-02,815,N20,VIIRS,n,2,295.87,3.02,D,0
21.77721,83.82833,330.35,0.34,0.56,2026-06-02,815,N20,VIIRS,n,2,297.67,4.85,D,2
21.77755,83.83171,367,0.34,0.56,2026-06-02,815,N20,VIIRS,h,2,299.63,4.85,D,2
21.7779,83.83511,334.85,0.34,0.56,2026-06-02,815,N20,VIIRS,n,2,297.81,7.65,D,2
21.78546,74.74058,340.4,0.38,0.36,2026-06-02,815,N20,VIIRS,l,2,311.64,7.67,D,0
21.79822,83.8803,332.16,0.35,0.56,2026-06-02,815,N20,VIIRS,n,2,300.07,2.76,D,0
21.79856,83.88366,332.35,0.35,0.56,2026-06-02,815,N20,VIIRS,n,2,300.37,2.76,D,0
21.7989,83.887,336.4,0.35,0.56,2026-06-02,815,N20,VIIRS,n,2,300.2,4.73,D,0
21.81245,83.23212,331.94,0.63,0.54,2026-06-02,815,N20,VIIRS,n,2,295.75,2.78,D,0
21.81425,83.20088,340.69,0.62,0.54,2026-06-02,815,N20,VIIRS,n,2,296.58,5.42,D,0
21.82071,83.89449,330.29,0.35,0.56,2026-06-02,815,N20,VIIRS,n,2,298.97,2.02,D,0
21.82095,79.01962,341.51,0.52,0.42,2026-06-02,815,N20,VIIRS,l,2,312.1,14.08,D,0
21.83133,82.67245,340.84,0.58,0.52,2026-06-02,815,N20,VIIRS,n,2,295.38,6.25,D,0
21.84635,82.67641,344.38,0.58,0.52,2026-06-02,815,N20,VIIRS,n,2,299,9.39,D,0
21.84744,76.10757,344.94,0.4,0.37,2026-06-02,815,N20,VIIRS,l,2,315.13,8.93,D,0
21.84799,76.11142,347.22,0.4,0.37,2026-06-02,815,N20,VIIRS,n,2,315.27,8.93,D,0
21.85283,83.32835,330.21,0.32,0.54,2026-06-02,815,N20,VIIRS,n,2,294.08,2.63,D,0
21.86318,82.69731,331.32,0.58,0.52,2026-06-02,815,N20,VIIRS,n,2,296.54,8.32,D,0
21.86378,82.70296,340.11,0.58,0.52,2026-06-02,815,N20,VIIRS,n,2,296.91,2.21,D,0
21.8674,82.69112,347.91,0.58,0.52,2026-06-02,815,N20,VIIRS,n,2,297.63,8.32,D,0
21.895,82.53878,331.36,0.57,0.52,2026-06-02,815,N20,VIIRS,n,2,298.66,6.91,D,0
21.90602,82.73235,342.53,0.58,0.52,2026-06-02,815,N20,VIIRS,n,2,299.81,6.77,D,0
21.90605,82.45966,335.31,0.56,0.52,2026-06-02,815,N20,VIIRS,n,2,300.1,7.58,D,0
21.90965,82.7295,367,0.58,0.52,2026-06-02,815,N20,VIIRS,h,2,301.25,16.38,D,0
21.91024,82.72614,340.08,0.58,0.52,2026-06-02,815,N20,VIIRS,n,2,300,8.49,D,0
21.91085,82.7318,339.26,0.58,0.52,2026-06-02,815,N20,VIIRS,n,2,300.16,6.77,D,0
21.91198,84.16868,330.8,0.36,0.58,2026-06-02,815,N20,VIIRS,n,2,294.51,2.31,D,0
21.91448,82.72893,346.14,0.58,0.52,2026-06-02,815,N20,VIIRS,n,2,300.61,8.74,D,0
21.91568,82.73123,344.41,0.58,0.52,2026-06-02,815,N20,VIIRS,n,2,300.69,11.67,D,0
21.91965,82.63682,333.79,0.58,0.52,2026-06-02,815,N20,VIIRS,n,2,298.59,4.63,D,0
21.92115,83.35098,333.93,0.32,0.55,2026-06-02,815,N20,VIIRS,n,2,295.97,2.27,D,2
21.93714,78.51684,339.88,0.49,0.4,2026-06-02,815,N20,VIIRS,l,2,313.05,11.32,D,0
21.94453,82.97716,333.6,0.61,0.53,2026-06-02,815,N20,VIIRS,n,2,301.88,5.54,D,0
21.95183,78.98787,346.86,0.52,0.42,2026-06-02,815,N20,VIIRS,n,2,315.17,18.01,D,0
21.95228,80.03399,343.55,0.4,0.44,2026-06-02,815,N20,VIIRS,n,2,305.43,2.83,D,0
21.96251,78.49134,341.21,0.49,0.4,2026-06-02,815,N20,VIIRS,l,2,314.76,10.33,D,0
21.96691,75.43224,343.97,0.39,0.36,2026-06-02,815,N20,VIIRS,l,2,316.9,3.77,D,0
21.97756,83.05729,344.62,0.61,0.54,2026-06-02,815,N20,VIIRS,n,2,300.46,8.11,D,0
21.97842,82.8726,331.17,0.6,0.53,2026-06-02,815,N20,VIIRS,n,2,299.81,1.67,D,0
21.97877,83.0692,355.75,0.62,0.54,2026-06-02,815,N20,VIIRS,n,2,298.34,8.45,D,0
21.98166,82.03142,330.42,0.53,0.5,2026-06-02,815,N20,VIIRS,n,2,298.3,5.41,D,0
21.98203,82.95509,345.49,0.6,0.53,2026-06-02,815,N20,VIIRS,n,2,301.99,10.69,D,0
21.98263,82.96096,337.69,0.61,0.53,2026-06-02,815,N20,VIIRS,n,2,303.15,9.29,D,0
21.98494,83.08059,331.93,0.62,0.54,2026-06-02,815,N20,VIIRS,n,2,296.51,1.49,D,0
21.98507,82.98454,344.82,0.61,0.53,2026-06-02,815,N20,VIIRS,n,2,301.38,5.7,D,0
21.98873,83.02003,333.46,0.61,0.53,2026-06-02,815,N20,VIIRS,n,2,300.21,3.03,D,0
21.9906,82.98988,338.5,0.61,0.53,2026-06-02,815,N20,VIIRS,n,2,301.56,11.05,D,0
21.99061,76.18309,346.53,0.4,0.37,2026-06-02,815,N20,VIIRS,n,2,316.3,15.81,D,0
21.9909,82.0303,341.98,0.53,0.5,2026-06-02,815,N20,VIIRS,n,2,298.4,6.73,D,0
21.99181,76.7634,339.47,0.42,0.37,2026-06-02,815,N20,VIIRS,l,2,310.17,6.25,D,0
21.99356,76.75079,342.13,0.42,0.37,2026-06-02,815,N20,VIIRS,n,2,310.32,8.22,D,0
21.99524,76.76284,343.33,0.42,0.37,2026-06-02,815,N20,VIIRS,n,2,310.91,6.06,D,0
21.99637,76.77088,341.72,0.42,0.37,2026-06-02,815,N20,VIIRS,n,2,310.78,4.45,D,0
21.99811,76.75827,346.5,0.42,0.37,2026-06-02,815,N20,VIIRS,n,2,311.18,6.06,D,0
21.99924,76.76633,340.85,0.42,0.37,2026-06-02,815,N20,VIIRS,l,2,310.89,4.45,D,0
22.001,82.62576,333.91,0.58,0.52,2026-06-02,815,N20,VIIRS,n,2,300,2.89,D,0
22.00133,82.62742,336.14,0.58,0.52,2026-06-02,815,N20,VIIRS,n,2,299.65,3.13,D,0
22.0061,76.76524,338.91,0.42,0.37,2026-06-02,815,N20,VIIRS,l,2,310.21,7.18,D,0
22.01359,76.97116,340.4,0.42,0.38,2026-06-02,815,N20,VIIRS,n,2,309.55,6.35,D,0
22.02174,78.65822,338.16,0.5,0.41,2026-06-02,815,N20,VIIRS,l,2,311.26,6.02,D,0
22.04194,83.08508,330.04,0.62,0.54,2026-06-02,815,N20,VIIRS,l,2,302.07,4.9,D,0
22.04868,78.3215,338.37,0.48,0.4,2026-06-02,815,N20,VIIRS,l,2,308.76,4.69,D,0
22.0641,82.57864,342.23,0.57,0.52,2026-06-02,815,N20,VIIRS,n,2,299.92,11.85,D,0
22.06961,82.36158,334.17,0.55,0.51,2026-06-02,815,N20,VIIRS,n,2,302.39,1.78,D,0
22.07012,82.96741,334.75,0.61,0.53,2026-06-02,815,N20,VIIRS,n,2,300.99,3.52,D,0
22.07117,82.36281,335.84,0.56,0.51,2026-06-02,815,N20,VIIRS,n,2,301.27,2.37,D,0
22.07434,82.36105,332.95,0.55,0.51,2026-06-02,815,N20,VIIRS,n,2,301.43,1.78,D,0
22.09377,78.06782,341.54,0.47,0.4,2026-06-02,815,N20,VIIRS,l,2,313.23,7.94,D,0
22.12552,78.9007,340.9,0.52,0.41,2026-06-02,815,N20,VIIRS,l,2,312.74,11.95,D,0
22.12673,78.40198,339.66,0.49,0.4,2026-06-02,815,N20,VIIRS,l,2,313.27,8.6,D,0
22.12733,78.29235,340.29,0.48,0.4,2026-06-02,815,N20,VIIRS,l,2,313.5,8.52,D,0
22.13371,78.93545,341,0.52,0.42,2026-06-02,815,N20,VIIRS,l,2,311.43,8.13,D,0
22.13594,82.20887,332.94,0.54,0.51,2026-06-02,815,N20,VIIRS,n,2,302.45,3.06,D,0
22.15088,76.82522,340.64,0.42,0.38,2026-06-02,815,N20,VIIRS,n,2,308.17,5.64,D,0
22.15351,82.19608,340.99,0.54,0.51,2026-06-02,815,N20,VIIRS,n,2,304.4,4.46,D,0
22.15409,82.20137,338.31,0.54,0.51,2026-06-02,815,N20,VIIRS,n,2,303.72,6.16,D,0
22.15791,79.55277,343.47,0.56,0.43,2026-06-02,815,N20,VIIRS,n,2,306.47,17.31,D,0
22.15819,82.19551,346.91,0.54,0.51,2026-06-02,815,N20,VIIRS,n,2,305.61,12.2,D,0
22.15877,82.2008,345.27,0.54,0.51,2026-06-02,815,N20,VIIRS,n,2,303.85,11.2,D,0
22.16118,82.19851,342.8,0.54,0.51,2026-06-02,815,N20,VIIRS,n,2,302.97,7.06,D,0
22.1664,82.20325,331.6,0.54,0.51,2026-06-02,815,N20,VIIRS,n,2,300.64,5.67,D,0
22.16871,82.20497,330.72,0.54,0.51,2026-06-02,815,N20,VIIRS,n,2,300.62,4.08,D,0
22.17105,82.22616,331.43,0.55,0.51,2026-06-02,815,N20,VIIRS,n,2,300.83,2.35,D,0
22.17156,77.71587,338.09,0.45,0.39,2026-06-02,815,N20,VIIRS,l,2,308.26,3.5,D,0
22.17276,77.7146,338.7,0.45,0.39,2026-06-02,815,N20,VIIRS,l,2,309.35,3.85,D,0
22.17328,82.22391,332.05,0.55,0.51,2026-06-02,815,N20,VIIRS,n,2,300.94,2.52,D,0
22.17604,82.15924,331.77,0.54,0.51,2026-06-02,815,N20,VIIRS,n,2,300.95,2.19,D,0
22.17804,82.16109,342.24,0.54,0.51,2026-06-02,815,N20,VIIRS,n,2,301.35,5.44,D,0
22.17961,82.14812,332.35,0.54,0.51,2026-06-02,815,N20,VIIRS,n,2,300.69,3.35,D,0
22.18071,82.15866,333,0.54,0.51,2026-06-02,815,N20,VIIRS,n,2,300.24,2.19,D,0
22.18405,82.47647,332.16,0.57,0.52,2026-06-02,815,N20,VIIRS,n,2,301.31,5.52,D,0
22.18873,82.46857,335.13,0.57,0.52,2026-06-02,815,N20,VIIRS,n,2,302.99,6.28,D,0
22.1966,82.13012,343.59,0.54,0.51,2026-06-02,815,N20,VIIRS,n,2,300.96,4.11,D,0
22.21754,77.89968,341.99,0.46,0.39,2026-06-02,815,N20,VIIRS,n,2,311.56,8.2,D,0
22.22566,79.10892,337.69,0.53,0.42,2026-06-02,815,N20,VIIRS,n,2,306.69,8.23,D,0
22.23566,76.88325,334.82,0.42,0.38,2026-06-02,815,N20,VIIRS,l,2,305.22,1.6,D,0
22.23624,77.87403,343.35,0.46,0.39,2026-06-02,815,N20,VIIRS,n,2,312.1,8.34,D,0
22.23628,76.8623,335.87,0.42,0.38,2026-06-02,815,N20,VIIRS,n,2,303.97,1.52,D,0
22.30592,77.47551,338.57,0.45,0.39,2026-06-02,815,N20,VIIRS,n,2,308.11,5.6,D,0
22.33016,82.57346,332.44,0.58,0.52,2026-06-02,815,N20,VIIRS,n,2,296.85,5.84,D,2
22.35495,82.30235,341.26,0.55,0.51,2026-06-02,815,N20,VIIRS,n,2,301,9.26,D,2
22.39025,78.71,337.73,0.51,0.41,2026-06-02,815,N20,VIIRS,l,2,307.98,2.45,D,0
22.39639,80.11944,345.34,0.41,0.45,2026-06-02,815,N20,VIIRS,n,2,308.52,10.09,D,0
22.39876,79.47279,333.86,0.56,0.43,2026-06-02,815,N20,VIIRS,l,2,306.17,4.51,D,0
22.39903,79.46957,335.89,0.56,0.43,2026-06-02,815,N20,VIIRS,l,2,307.52,4.27,D,0
22.40245,78.9261,338.57,0.52,0.42,2026-06-02,815,N20,VIIRS,l,2,311.28,9.4,D,0
22.58381,80.09868,347.7,0.41,0.45,2026-06-02,815,N20,VIIRS,n,2,307.14,12.08,D,0
22.67839,85.25414,337.92,0.43,0.62,2026-06-02,815,N20,VIIRS,n,2,287.81,3.88,D,0
21.9078,73.99088,334.84,0.39,0.36,2026-06-02,816,N20,VIIRS,l,2,303.44,1.86,D,0
21.94203,74.25474,338.14,0.38,0.36,2026-06-02,816,N20,VIIRS,l,2,309.55,3.31,D,0
21.94412,74.33406,339.98,0.38,0.36,2026-06-02,816,N20,VIIRS,l,2,311.21,6.9,D,0
22.03032,75.08125,338.05,0.39,0.36,2026-06-02,816,N20,VIIRS,l,2,310.22,7.14,D,0
22.1296,75.52391,341.18,0.39,0.36,2026-06-02,816,N20,VIIRS,n,2,310.29,8.01,D,0
22.14551,74.71886,335.48,0.38,0.36,2026-06-02,816,N20,VIIRS,l,2,307.75,2.15,D,0
22.21938,75.78812,341.52,0.4,0.37,2026-06-02,816,N20,VIIRS,l,2,312.01,11.33,D,0
22.29002,76.9547,338.79,0.43,0.38,2026-06-02,816,N20,VIIRS,n,2,305.32,2.9,D,0
22.32489,74.69122,342.6,0.38,0.36,2026-06-02,816,N20,VIIRS,n,2,305.93,6.17,D,0
22.35238,76.94487,334.34,0.43,0.38,2026-06-02,816,N20,VIIRS,l,2,305.97,1.59,D,0
22.39385,75.26686,340.15,0.39,0.36,2026-06-02,816,N20,VIIRS,l,2,310.52,5.76,D,0
22.57899,76.78806,331.5,0.42,0.38,2026-06-02,816,N20,VIIRS,l,2,303.04,0.86,D,0
22.61298,75.6982,343.55,0.4,0.37,2026-06-02,816,N20,VIIRS,n,2,309.04,10.51,D,0
22.61632,75.69765,337.11,0.4,0.37,2026-06-02,816,N20,VIIRS,l,2,309.1,8.59,D,0
22.62476,74.99328,338.77,0.39,0.36,2026-06-02,816,N20,VIIRS,n,2,306.25,1.9,D,0
22.63367,78.03599,338.28,0.47,0.4,2026-06-02,816,N20,VIIRS,l,2,308.8,4.19,D,0
22.67877,79.15728,340.4,0.54,0.42,2026-06-02,816,N20,VIIRS,l,2,311.66,9.25,D,0
22.692,79.8573,345.43,0.4,0.44,2026-06-02,816,N20,VIIRS,n,2,309.53,10.44,D,0
22.69534,78.68437,338.85,0.51,0.41,2026-06-02,816,N20,VIIRS,l,2,311.45,5.17,D,0
22.69551,77.9117,337.22,0.47,0.4,2026-06-02,816,N20,VIIRS,l,2,307.66,5.69,D,0
22.69611,77.91625,337.7,0.47,0.4,2026-06-02,816,N20,VIIRS,n,2,306.64,3.18,D,0
22.71578,79.1923,341.88,0.55,0.42,2026-06-02,816,N20,VIIRS,n,2,311.43,9.47,D,0
22.72358,79.12695,339.12,0.54,0.42,2026-06-02,816,N20,VIIRS,l,2,311.89,7.64,D,0
22.76304,77.66,333.76,0.46,0.39,2026-06-02,816,N20,VIIRS,l,2,308.71,5.29,D,0
22.80818,76.23055,343.73,0.41,0.37,2026-06-02,816,N20,VIIRS,l,2,314.91,8.63,D,0
22.87186,81.08034,348.17,0.47,0.48,2026-06-02,816,N20,VIIRS,n,2,305.39,9.67,D,0
22.9507,80.49574,332.88,0.44,0.46,2026-06-02,816,N20,VIIRS,n,2,302.32,2.88,D,0
22.971,77.05886,339.17,0.44,0.38,2026-06-02,816,N20,VIIRS,n,2,306.82,6.24,D,0
22.99904,79.69113,340.04,0.39,0.44,2026-06-02,816,N20,VIIRS,n,2,307.37,6.48,D,0
23.01851,78.38426,331.1,0.5,0.41,2026-06-02,816,N20,VIIRS,l,2,305.54,2.67,D,0
23.02024,78.38643,330.58,0.5,0.41,2026-06-02,816,N20,VIIRS,l,2,305.28,4.14,D,0
23.07059,80.05066,344.6,0.41,0.45,2026-06-02,816,N20,VIIRS,n,2,306.25,8.06,D,0
23.07365,77.34041,341.29,0.45,0.39,2026-06-02,816,N20,VIIRS,n,2,309.92,14.19,D,0
23.0756,80.16476,340.37,0.42,0.45,2026-06-02,816,N20,VIIRS,n,2,303.15,4.27,D,0
23.17074,80.16896,340.16,0.42,0.45,2026-06-02,816,N20,VIIRS,n,2,305.29,3.12,D,0
23.18962,79.72791,340.33,0.39,0.44,2026-06-02,816,N20,VIIRS,n,2,305.12,3.71,D,0
23.19998,79.92035,338.8,0.4,0.45,2026-06-02,816,N20,VIIRS,n,2,300.42,2.7,D,0
23.21414,80.07263,334.98,0.41,0.45,2026-06-02,816,N20,VIIRS,n,2,300.97,1,D,0
23.2235,79.8418,352.07,0.4,0.44,2026-06-02,816,N20,VIIRS,n,2,305.73,5.99,D,0
23.22758,79.84126,340,0.4,0.44,2026-06-02,816,N20,VIIRS,n,2,305.73,5.99,D,0
23.23221,79.91669,333.38,0.41,0.45,2026-06-02,816,N20,VIIRS,l,2,303.59,1.96,D,0
23.24249,79.65438,342.47,0.39,0.44,2026-06-02,816,N20,VIIRS,n,2,304.55,6.96,D,0
23.27134,79.68942,338.11,0.39,0.44,2026-06-02,816,N20,VIIRS,n,2,304.17,4.47,D,0
23.28018,79.37746,341.61,0.57,0.43,2026-06-02,816,N20,VIIRS,n,2,310.18,11.34,D,0
23.32039,80.38697,334.59,0.43,0.46,2026-06-02,816,N20,VIIRS,n,2,301.94,3.71,D,0
23.34157,80.04339,341.26,0.41,0.45,2026-06-02,816,N20,VIIRS,n,2,300.49,4.8,D,0
23.39025,75.82207,340.57,0.4,0.37,2026-06-02,816,N20,VIIRS,n,2,306.91,9.37,D,0
23.41685,77.18566,341.45,0.44,0.39,2026-06-02,816,N20,VIIRS,n,2,311.06,11.82,D,0
23.42458,76.26205,338.02,0.41,0.37,2026-06-02,816,N20,VIIRS,n,2,304.33,2.7,D,0
23.43274,69.80032,351.83,0.52,0.41,2026-06-02,816,N20,VIIRS,n,2,304.73,13.58,D,0
23.43345,69.80221,342.76,0.51,0.41,2026-06-02,816,N20,VIIRS,n,2,306.11,34.56,D,0
23.43595,68.84377,351.75,0.39,0.44,2026-06-02,816,N20,VIIRS,n,2,306.37,8.71,D,0
23.43649,69.79951,346.7,0.52,0.41,2026-06-02,816,N20,VIIRS,n,2,304.32,13.58,D,0
23.43726,68.7185,341.24,0.39,0.44,2026-06-02,816,N20,VIIRS,n,2,306.78,3.97,D,0
23.44305,78.81551,339.44,0.53,0.42,2026-06-02,816,N20,VIIRS,n,2,308.82,8.01,D,0
23.44399,77.36426,341.48,0.45,0.39,2026-06-02,816,N20,VIIRS,n,2,310.03,9.96,D,0
23.44446,78.39836,340.03,0.5,0.41,2026-06-02,816,N20,VIIRS,l,2,310.44,7.77,D,0
23.44561,78.4008,337.7,0.51,0.41,2026-06-02,816,N20,VIIRS,l,2,310.26,10.04,D,0
23.44755,77.36369,342.98,0.45,0.39,2026-06-02,816,N20,VIIRS,n,2,309.59,10.44,D,0
23.46333,68.88029,333.82,0.38,0.44,2026-06-02,816,N20,VIIRS,n,2,303.78,1.84,D,0
23.48032,78.19225,339.06,0.49,0.41,2026-06-02,816,N20,VIIRS,n,2,306.98,5.98,D,0
23.5124,68.84308,345.5,0.39,0.44,2026-06-02,816,N20,VIIRS,n,2,306.44,11.01,D,0
23.55136,80.07433,338.97,0.42,0.45,2026-06-02,816,N20,VIIRS,n,2,297.66,4.41,D,0
23.59764,80.10976,330.26,0.42,0.45,2026-06-02,816,N20,VIIRS,n,2,297.36,3.15,D,0
23.61972,68.70206,344.96,0.39,0.44,2026-06-02,816,N20,VIIRS,n,2,304.11,5.17,D,0
23.70904,86.44978,330.12,0.53,0.67,2026-06-02,816,N20,VIIRS,n,2,295.84,8.95,D,2
23.7109,86.45289,331.26,0.53,0.67,2026-06-02,816,N20,VIIRS,n,2,294.77,6.87,D,2
23.73456,86.43505,335.96,0.53,0.67,2026-06-02,816,N20,VIIRS,n,2,296.99,7.49,D,2
23.75209,75.60716,343.07,0.4,0.37,2026-06-02,816,N20,VIIRS,l,2,313.52,15.77,D,0
23.75424,77.74765,342.6,0.47,0.4,2026-06-02,816,N20,VIIRS,n,2,312.36,4.2,D,0
23.76191,86.40263,332.67,0.53,0.67,2026-06-02,816,N20,VIIRS,n,2,296.03,7.13,D,2
23.82556,76.05469,339.25,0.41,0.37,2026-06-02,816,N20,VIIRS,l,2,311.1,5.1,D,0
23.82611,76.05867,340.12,0.41,0.37,2026-06-02,816,N20,VIIRS,n,2,309.61,6.15,D,0
23.82896,76.05412,342.21,0.41,0.37,2026-06-02,816,N20,VIIRS,n,2,310.18,5.1,D,0
23.84443,75.79585,337.8,0.4,0.37,2026-06-02,816,N20,VIIRS,l,2,311.52,4.23,D,0
23.86902,76.47119,342.53,0.42,0.38,2026-06-02,816,N20,VIIRS,n,2,307.34,2.2,D,0
23.8864,76.62534,346.64,0.43,0.38,2026-06-02,816,N20,VIIRS,n,2,312.64,10.09,D,0
23.88648,76.59978,338.97,0.43,0.38,2026-06-02,816,N20,VIIRS,n,2,308.1,10.6,D,0
23.91162,74.02435,338.38,0.38,0.36,2026-06-02,816,N20,VIIRS,n,2,308.05,2.43,D,0
23.95675,77.72984,343.13,0.47,0.4,2026-06-02,816,N20,VIIRS,n,2,312.79,12.8,D,0
24.30617,77.23571,343.13,0.46,0.39,2026-06-02,816,N20,VIIRS,l,2,313.23,10.23,D,0
24.33636,80.966,339.35,0.48,0.48,2026-06-02,816,N20,VIIRS,n,2,302.66,2.55,D,0
24.37159,68.03381,332.6,0.41,0.45,2026-06-02,816,N20,VIIRS,l,2,303.5,1.76,D,0
24.40715,81.03513,337.89,0.49,0.49,2026-06-02,816,N20,VIIRS,n,2,300.98,3.91,D,0
24.41035,81.03714,336.99,0.49,0.49,2026-06-02,816,N20,VIIRS,n,2,301.8,2.98,D,0
24.41166,79.11107,339.74,0.57,0.43,2026-06-02,816,N20,VIIRS,n,2,306.15,10.31,D,0
24.4537,81.06147,343.21,0.49,0.49,2026-06-02,816,N20,VIIRS,n,2,303.62,5.73,D,0
24.47759,77.66878,346.06,0.48,0.4,2026-06-02,816,N20,VIIRS,n,2,311.25,23.74,D,0
24.49882,81.10051,339.78,0.5,0.49,2026-06-02,816,N20,VIIRS,n,2,304.22,5.61,D,0
24.52573,68.90861,338.87,0.55,0.43,2026-06-02,816,N20,VIIRS,n,2,306.04,6.67,D,0
24.61854,79.18056,340.38,0.38,0.43,2026-06-02,816,N20,VIIRS,n,2,304.38,7,D,0
24.62064,79.18287,336.92,0.57,0.43,2026-06-02,816,N20,VIIRS,n,2,304.01,9.27,D,0
24.62399,79.21034,336.41,0.38,0.43,2026-06-02,816,N20,VIIRS,n,2,303,4.83,D,0
24.62603,79.21037,338.79,0.38,0.43,2026-06-02,816,N20,VIIRS,n,2,303.98,5.2,D,0
24.64752,80.95726,343.84,0.49,0.48,2026-06-02,816,N20,VIIRS,n,2,302.97,8.55,D,0
24.65147,80.95187,346.18,0.49,0.48,2026-06-02,816,N20,VIIRS,n,2,306.89,10.69,D,0
24.71583,83.33075,367,0.34,0.56,2026-06-02,816,N20,VIIRS,h,2,297.5,7.52,D,0
24.74065,81.08611,340.38,0.5,0.49,2026-06-02,816,N20,VIIRS,n,2,305.62,6.78,D,0
24.76409,74.61023,330.51,0.39,0.36,2026-06-02,816,N20,VIIRS,l,2,304.25,2.22,D,2
24.77224,76.96861,342.22,0.45,0.39,2026-06-02,816,N20,VIIRS,n,2,310.31,5.59,D,0
24.77547,76.96965,352.63,0.45,0.39,2026-06-02,816,N20,VIIRS,n,2,311.85,13.93,D,0
24.77579,76.96807,341.75,0.45,0.39,2026-06-02,816,N20,VIIRS,n,2,311.06,5.59,D,0
24.77639,76.97249,341.51,0.45,0.39,2026-06-02,816,N20,VIIRS,n,2,310.74,8.44,D,0
24.79479,78.2005,342.63,0.51,0.41,2026-06-02,816,N20,VIIRS,n,2,305.1,5.45,D,0
24.80754,78.3959,339.15,0.52,0.42,2026-06-02,816,N20,VIIRS,n,2,305.39,5.18,D,0
24.84449,81.05561,346.47,0.5,0.49,2026-06-02,816,N20,VIIRS,n,2,304.9,13.38,D,0
24.84753,77.0487,339.7,0.45,0.39,2026-06-02,816,N20,VIIRS,l,2,310.37,6.12,D,0
24.95217,79.90063,337.87,0.42,0.46,2026-06-02,816,N20,VIIRS,n,2,302.81,12.4,D,0
25.24105,83.32645,347.48,0.35,0.57,2026-06-02,816,N20,VIIRS,n,2,297.29,4.03,D,0
25.28139,76.84042,342.21,0.45,0.39,2026-06-02,816,N20,VIIRS,n,2,309.27,5.5,D,0
25.46855,78.85083,335.02,0.56,0.43,2026-06-02,816,N20,VIIRS,n,2,303.99,7.61,D,0
25.63924,75.62764,337.57,0.41,0.37,2026-06-02,816,N20,VIIRS,n,2,303.85,2.76,D,0
26.41181,82.99935,331.74,0.34,0.56,2026-06-02,816,N20,VIIRS,n,2,298.79,1.69,D,0
26.93387,87.46661,330.19,0.66,0.73,2026-06-02,816,N20,VIIRS,n,2,294,3.97,D,0
25.89068,74.63538,337.32,0.39,0.36,2026-06-02,817,N20,VIIRS,n,2,305.56,7.01,D,0
26.60434,80.65369,342.4,0.49,0.49,2026-06-02,817,N20,VIIRS,n,2,296.93,4.72,D,0
26.6062,80.6491,342.93,0.49,0.49,2026-06-02,817,N20,VIIRS,n,2,295.29,9.11,D,0
26.6067,80.65407,342.63,0.49,0.49,2026-06-02,817,N20,VIIRS,n,2,295.14,9.11,D,0
26.6837,82.63685,342.96,0.33,0.55,2026-06-02,817,N20,VIIRS,n,2,302.77,3.39,D,0
26.68537,82.63711,342.74,0.33,0.55,2026-06-02,817,N20,VIIRS,n,2,302.45,2.86,D,0
26.93573,87.46488,331.7,0.66,0.73,2026-06-02,817,N20,VIIRS,n,2,294.01,5.12,D,0
26.93872,81.69526,340.37,0.58,0.52,2026-06-02,817,N20,VIIRS,n,2,300.67,8.63,D,0
27.00049,80.10023,334.34,0.46,0.47,2026-06-02,817,N20,VIIRS,n,2,297.45,1.93,D,0
27.05164,87.18003,367,0.64,0.72,2026-06-02,817,N20,VIIRS,h,2,291.91,20.72,D,0
27.34819,83.55718,335.88,0.38,0.59,2026-06-02,817,N20,VIIRS,n,2,294.25,4.61,D,0
27.77942,81.577,330.46,0.58,0.52,2026-06-02,817,N20,VIIRS,n,2,300.07,2.96,D,0
27.81693,81.5608,336.27,0.58,0.52,2026-06-02,817,N20,VIIRS,n,2,299.31,3.67,D,0
27.92417,68.72588,338.43,0.5,0.41,2026-06-02,817,N20,VIIRS,n,2,305.83,5.65,D,0
28.0277,83.19839,332.27,0.37,0.58,2026-06-02,817,N20,VIIRS,n,2,289.52,3.11,D,0
28.49007,77.48608,338.5,0.52,0.41,2026-06-02,817,N20,VIIRS,n,2,300.7,5.75,D,0
29.19131,79.42672,342.6,0.45,0.47,2026-06-02,817,N20,VIIRS,n,2,299.83,7.65,D,0
29.19178,79.43129,345.08,0.45,0.47,2026-06-02,817,N20,VIIRS,n,2,299.55,8.28,D,0
29.19748,79.44447,344.6,0.45,0.47,2026-06-02,817,N20,VIIRS,n,2,300.72,9.34,D,0
29.20178,79.44387,344.29,0.45,0.47,2026-06-02,817,N20,VIIRS,n,2,300.02,10.8,D,0
29.2748,79.24093,335.14,0.44,0.46,2026-06-02,817,N20,VIIRS,n,2,297.49,2.72,D,0
29.34531,76.92015,337.95,0.5,0.41,2026-06-02,817,N20,VIIRS,n,2,307.01,12.12,D,0
29.34592,76.92525,340.67,0.5,0.41,2026-06-02,817,N20,VIIRS,n,2,308.14,13.43,D,0
29.42109,76.2994,342.09,0.47,0.39,2026-06-02,818,N20,VIIRS,n,2,310.13,16.32,D,0
29.46403,75.54375,340.39,0.44,0.38,2026-06-02,818,N20,VIIRS,n,2,305.43,5.33,D,0
29.85823,75.80785,339.28,0.45,0.39,2026-06-02,818,N20,VIIRS,n,2,308.48,4.87,D,0
30.11236,73.47321,339.95,0.39,0.36,2026-06-02,818,N20,VIIRS,l,2,311.62,4.01,D,0
30.1337,76.10413,340.9,0.47,0.39,2026-06-02,818,N20,VIIRS,l,2,311.16,5.87,D,0
30.18207,74.50868,338.96,0.41,0.37,2026-06-02,818,N20,VIIRS,l,2,308.98,6.72,D,0
30.24817,74.12361,340.39,0.4,0.37,2026-06-02,818,N20,VIIRS,l,2,310.81,4.95,D,0
30.25116,76.21069,341.25,0.47,0.4,2026-06-02,818,N20,VIIRS,n,2,309.39,2.51,D,0
30.29159,76.4465,337.67,0.48,0.4,2026-06-02,818,N20,VIIRS,l,2,307.86,2.51,D,0
30.30675,74.50043,341.88,0.41,0.37,2026-06-02,818,N20,VIIRS,l,2,312.31,7.65,D,0
30.30733,74.50468,342.98,0.41,0.37,2026-06-02,818,N20,VIIRS,l,2,313.02,7.65,D,0
30.3089,76.01494,344.63,0.46,0.39,2026-06-02,818,N20,VIIRS,n,2,309.92,8.81,D,0
30.3094,73.42835,333.62,0.39,0.36,2026-06-02,818,N20,VIIRS,l,2,308.29,1.04,D,0
30.3316,75.18076,348.5,0.43,0.38,2026-06-02,818,N20,VIIRS,n,2,310.1,11.87,D,0
30.33751,73.29544,339.82,0.39,0.36,2026-06-02,818,N20,VIIRS,l,2,311.07,7.55,D,0
30.34743,78.50869,331.1,0.41,0.45,2026-06-02,818,N20,VIIRS,l,2,301.61,1.72,D,0
30.38539,73.58106,336.83,0.39,0.36,2026-06-02,818,N20,VIIRS,n,2,306.48,4.83,D,0
30.39203,73.71699,339.46,0.39,0.37,2026-06-02,818,N20,VIIRS,n,2,307.14,4.52,D,0
30.39448,73.71744,343.63,0.4,0.37,2026-06-02,818,N20,VIIRS,n,2,308.6,5.93,D,0
30.39965,73.32478,338.11,0.39,0.36,2026-06-02,818,N20,VIIRS,l,2,309.42,4.29,D,0
30.39994,74.11327,340.3,0.4,0.37,2026-06-02,818,N20,VIIRS,n,2,310.13,4.65,D,0
30.40218,73.6992,337.55,0.39,0.37,2026-06-02,818,N20,VIIRS,l,2,310.27,3.7,D,0
30.40275,73.70329,342.21,0.39,0.37,2026-06-02,818,N20,VIIRS,n,2,308.89,3.7,D,0
30.40609,73.70265,342.74,0.39,0.37,2026-06-02,818,N20,VIIRS,n,2,307.77,5.34,D,0
30.41896,73.45798,340.37,0.39,0.36,2026-06-02,818,N20,VIIRS,n,2,308.82,4.48,D,0
30.41929,73.675,345.91,0.39,0.37,2026-06-02,818,N20,VIIRS,n,2,309.88,18.01,D,0
30.42263,73.67437,343.25,0.39,0.37,2026-06-02,818,N20,VIIRS,n,2,309.18,5.86,D,0
30.458,73.28419,346.35,0.39,0.36,2026-06-02,818,N20,VIIRS,n,2,307.82,9.75,D,0
30.46075,73.55834,339.28,0.39,0.36,2026-06-02,818,N20,VIIRS,l,2,310.14,17.58,D,0
30.50306,76.56689,334.98,0.49,0.4,2026-06-02,818,N20,VIIRS,l,2,305.48,2.54,D,0
30.51687,73.38483,338.85,0.39,0.36,2026-06-02,818,N20,VIIRS,l,2,309.25,3.76,D,0
30.56017,76.21194,336.96,0.48,0.4,2026-06-02,818,N20,VIIRS,l,2,308.86,2.68,D,0
30.57073,74.00574,340.56,0.4,0.37,2026-06-02,818,N20,VIIRS,n,2,310.3,11.53,D,0
30.57117,73.76382,331.77,0.4,0.37,2026-06-02,818,N20,VIIRS,l,2,306.25,1.84,D,0
30.57608,73.51099,338.43,0.39,0.36,2026-06-02,818,N20,VIIRS,n,2,308.79,3.95,D,0
30.57694,73.70793,332.36,0.4,0.37,2026-06-02,818,N20,VIIRS,l,2,307,2.85,D,0
30.57753,73.71204,338.33,0.4,0.37,2026-06-02,818,N20,VIIRS,l,2,308.59,2.85,D,0
30.58294,73.77425,341.12,0.4,0.37,2026-06-02,818,N20,VIIRS,n,2,306.83,5.36,D,0
30.62705,73.6825,333.58,0.4,0.37,2026-06-02,818,N20,VIIRS,l,2,308.09,3.97,D,0
30.64185,73.73874,340.38,0.4,0.37,2026-06-02,818,N20,VIIRS,l,2,311.57,10.29,D,0
30.64277,74.15099,344.13,0.4,0.37,2026-06-02,818,N20,VIIRS,n,2,313.03,6.74,D,0
30.65928,73.76501,347.46,0.4,0.37,2026-06-02,818,N20,VIIRS,n,2,307.13,6.77,D,0
30.66352,73.94254,335.45,0.4,0.37,2026-06-02,818,N20,VIIRS,l,2,309.18,3.45,D,0
30.66688,73.94191,344.46,0.4,0.37,2026-06-02,818,N20,VIIRS,n,2,309.82,3.45,D,0
30.66723,73.53205,338.59,0.39,0.36,2026-06-02,818,N20,VIIRS,l,2,311.39,3.49,D,0
30.67835,73.99956,335.56,0.4,0.37,2026-06-02,818,N20,VIIRS,n,2,304.25,1.92,D,0
30.68446,73.53294,348.7,0.39,0.36,2026-06-02,818,N20,VIIRS,n,2,310.93,5.5,D,0
30.69451,73.86861,340.45,0.4,0.37,2026-06-02,818,N20,VIIRS,l,2,310.47,8.98,D,0
30.69487,73.18546,342.86,0.39,0.36,2026-06-02,818,N20,VIIRS,n,2,310.35,2.88,D,0
30.69494,73.84728,337.33,0.4,0.37,2026-06-02,818,N20,VIIRS,l,2,307.93,2.65,D,0
30.69716,73.6692,345.1,0.4,0.37,2026-06-02,818,N20,VIIRS,n,2,307.99,8.18,D,0
30.70593,77.93503,332.83,0.39,0.44,2026-06-02,818,N20,VIIRS,n,2,300.77,2.23,D,0
30.70771,77.93531,331.81,0.39,0.44,2026-06-02,818,N20,VIIRS,n,2,301.72,4.42,D,0
30.71338,74.17787,343.54,0.41,0.37,2026-06-02,818,N20,VIIRS,l,2,314.39,9.67,D,0
30.74238,73.91499,334.16,0.4,0.37,2026-06-02,818,N20,VIIRS,l,2,305.78,2.41,D,0
30.74632,73.91852,336,0.4,0.37,2026-06-02,818,N20,VIIRS,l,2,306.68,2.41,D,0
30.75495,73.87067,332.5,0.4,0.37,2026-06-02,818,N20,VIIRS,l,2,305.79,1.36,D,0
30.78191,74.01521,335.25,0.4,0.37,2026-06-02,818,N20,VIIRS,l,2,307.28,5.33,D,0
30.78766,73.33468,337.86,0.39,0.36,2026-06-02,818,N20,VIIRS,l,2,310.41,2.99,D,0
30.78824,73.33874,340.34,0.39,0.36,2026-06-02,818,N20,VIIRS,l,2,310.54,2.99,D,0
30.79349,73.37531,335.07,0.39,0.36,2026-06-02,818,N20,VIIRS,l,2,305.53,1.78,D,0
30.81502,73.52618,338.83,0.39,0.36,2026-06-02,818,N20,VIIRS,l,2,308.94,2.5,D,0
30.82231,73.81119,339.44,0.4,0.37,2026-06-02,818,N20,VIIRS,n,2,309.18,3.34,D,0
30.83036,74.16566,340.85,0.41,0.37,2026-06-02,818,N20,VIIRS,n,2,309.86,2.62,D,0
30.83764,73.42118,335.97,0.39,0.36,2026-06-02,818,N20,VIIRS,n,2,305.81,1.6,D,0
30.83983,73.83768,338.96,0.4,0.37,2026-06-02,818,N20,VIIRS,n,2,307.74,2.27,D,0
30.86946,74.19748,335.47,0.41,0.37,2026-06-02,818,N20,VIIRS,l,2,307.27,2.99,D,0
30.88396,74.01885,343.35,0.4,0.37,2026-06-02,818,N20,VIIRS,n,2,310.3,10.03,D,0
30.88733,74.01822,341.45,0.4,0.37,2026-06-02,818,N20,VIIRS,n,2,306.98,10.03,D,0
30.91317,73.23991,336.56,0.39,0.36,2026-06-02,818,N20,VIIRS,l,2,306.66,3,D,0
30.92803,74.06236,338.3,0.4,0.37,2026-06-02,818,N20,VIIRS,l,2,308.43,4.91,D,0
30.9545,74.17873,337.33,0.41,0.37,2026-06-02,818,N20,VIIRS,l,2,307.74,2.14,D,0
30.96086,73.38117,338.28,0.39,0.36,2026-06-02,818,N20,VIIRS,n,2,306.79,3.24,D,0
31.00738,75.8246,339.95,0.46,0.39,2026-06-02,818,N20,VIIRS,n,2,307.03,6.03,D,0
31.04423,74.27213,343.15,0.41,0.37,2026-06-02,818,N20,VIIRS,l,2,314.62,6.99,D,0
31.06728,75.71633,338.68,0.46,0.39,2026-06-02,818,N20,VIIRS,n,2,306.93,3.73,D,0
31.10763,75.13448,340.55,0.44,0.38,2026-06-02,818,N20,VIIRS,l,2,312.9,5.62,D,0
31.11302,75.56993,340.93,0.45,0.39,2026-06-02,818,N20,VIIRS,l,2,311.77,8,D,0
31.18869,73.82178,349.4,0.4,0.37,2026-06-02,818,N20,VIIRS,n,2,310.66,10.8,D,0
31.25126,76.23567,333.82,0.48,0.4,2026-06-02,818,N20,VIIRS,l,2,305.01,2.81,D,0
31.34051,74.0105,340.87,0.41,0.37,2026-06-02,818,N20,VIIRS,n,2,309.2,7.3,D,0
31.35089,77.37639,331.24,0.55,0.43,2026-06-02,818,N20,VIIRS,n,2,297.95,2.52,D,0
31.36195,75.71702,338.12,0.46,0.39,2026-06-02,818,N20,VIIRS,n,2,306.84,7.58,D,0
31.3762,75.28988,339.16,0.44,0.39,2026-06-02,818,N20,VIIRS,l,2,309.47,6.02,D,0
31.40835,74.59126,340.75,0.42,0.38,2026-06-02,818,N20,VIIRS,n,2,310.58,4.54,D,0
31.52308,76.24557,338.47,0.49,0.4,2026-06-02,818,N20,VIIRS,n,2,307.78,5.48,D,0
31.62931,73.79765,344.71,0.4,0.37,2026-06-02,818,N20,VIIRS,n,2,308.44,5.16,D,0
31.73511,74.4223,337.35,0.42,0.38,2026-06-02,818,N20,VIIRS,n,2,305.25,3.78,D,0
31.75393,73.18926,338.11,0.39,0.36,2026-06-02,818,N20,VIIRS,n,2,306.2,2.47,D,0
31.79605,74.58807,342.89,0.42,0.38,2026-06-02,818,N20,VIIRS,n,2,309.49,7.37,D,0
31.81255,74.4549,337.4,0.42,0.38,2026-06-02,818,N20,VIIRS,n,2,303.62,1.31,D,0
31.87374,74.41211,338.62,0.42,0.38,2026-06-02,818,N20,VIIRS,n,2,306.87,4.57,D,0
31.88952,74.16811,338.63,0.41,0.37,2026-06-02,818,N20,VIIRS,n,2,306.24,3.42,D,0
31.89056,74.33351,337.32,0.42,0.37,2026-06-02,818,N20,VIIRS,n,2,305.42,3.72,D,0
31.89869,75.15063,338.21,0.44,0.39,2026-06-02,818,N20,VIIRS,l,2,308.35,5.97,D,0
31.90018,74.42538,338.42,0.42,0.38,2026-06-02,818,N20,VIIRS,n,2,305.8,3.63,D,0
31.90277,74.42607,353.91,0.42,0.38,2026-06-02,818,N20,VIIRS,n,2,304.7,8.72,D,0
31.90718,74.35297,339.19,0.42,0.38,2026-06-02,818,N20,VIIRS,n,2,303.82,2.2,D,0
31.91046,74.29839,336.79,0.42,0.37,2026-06-02,818,N20,VIIRS,n,2,303.97,2.72,D,0
31.91104,74.30277,340.55,0.42,0.37,2026-06-02,818,N20,VIIRS,n,2,306.38,4.68,D,0
31.91789,74.30151,335.18,0.42,0.37,2026-06-02,818,N20,VIIRS,l,2,305.28,3.34,D,0
31.92091,74.35046,336.75,0.42,0.38,2026-06-02,818,N20,VIIRS,n,2,306.29,4.43,D,0
31.9353,74.62086,339.72,0.43,0.38,2026-06-02,818,N20,VIIRS,n,2,308.35,6.96,D,0
32.0054,74.53486,339.91,0.42,0.38,2026-06-02,818,N20,VIIRS,n,2,307.2,5.37,D,0
32.00826,74.52977,341.86,0.42,0.38,2026-06-02,818,N20,VIIRS,n,2,308.12,5.37,D,0
32.0118,73.25945,333.73,0.39,0.37,2026-06-02,818,N20,VIIRS,l,2,304.77,1.87,D,0
32.01256,74.58857,338.67,0.43,0.38,2026-06-02,818,N20,VIIRS,n,2,307.81,5.53,D,0
32.01279,74.64375,339.84,0.43,0.38,2026-06-02,818,N20,VIIRS,n,2,307.2,5.43,D,0
32.01403,74.84334,340.2,0.43,0.38,2026-06-02,818,N20,VIIRS,n,2,309.8,4.75,D,0
32.01507,74.42993,349.87,0.42,0.38,2026-06-02,818,N20,VIIRS,n,2,308.59,6.78,D,0
32.01908,74.50496,340.27,0.42,0.38,2026-06-02,818,N20,VIIRS,n,2,306.82,7.4,D,0
32.02153,74.50623,338.69,0.42,0.38,2026-06-02,818,N20,VIIRS,n,2,305.92,6.6,D,0
32.03606,74.59068,351.17,0.43,0.38,2026-06-02,818,N20,VIIRS,n,2,307.09,20.53,D,0
32.04123,74.57595,339.38,0.43,0.38,2026-06-02,818,N20,VIIRS,n,2,307.16,4.51,D,0
32.04469,74.57533,345.99,0.43,0.38,2026-06-02,818,N20,VIIRS,n,2,306.07,4.51,D,0
32.0481,74.54718,340.38,0.42,0.38,2026-06-02,818,N20,VIIRS,n,2,308.71,7.44,D,0
32.04868,74.55165,341.38,0.42,0.38,2026-06-02,818,N20,VIIRS,n,2,309.59,9.37,D,0
32.04932,74.58369,336.43,0.43,0.38,2026-06-02,818,N20,VIIRS,n,2,305.6,2.86,D,0
32.05004,74.6712,345.52,0.43,0.38,2026-06-02,818,N20,VIIRS,n,2,310.15,9.17,D,0
32.05059,74.64797,337.14,0.43,0.38,2026-06-02,818,N20,VIIRS,n,2,306.37,3.66,D,0
32.05801,74.59592,337.95,0.43,0.38,2026-06-02,818,N20,VIIRS,n,2,306.49,4.41,D,0
32.06118,74.78541,342.11,0.43,0.38,2026-06-02,818,N20,VIIRS,n,2,306.78,8.08,D,0
32.0673,74.42496,335.88,0.42,0.38,2026-06-02,818,N20,VIIRS,l,2,306.27,4.44,D,0
32.06975,74.47006,338.16,0.42,0.38,2026-06-02,818,N20,VIIRS,n,2,306.45,4.75,D,0
32.07043,74.50191,337.21,0.42,0.38,2026-06-02,818,N20,VIIRS,l,2,307.41,3.77,D,0
32.07881,74.43196,335.08,0.42,0.38,2026-06-02,818,N20,VIIRS,l,2,305.28,2.55,D,0
32.08689,74.59991,336.26,0.43,0.38,2026-06-02,818,N20,VIIRS,n,2,305.39,3,D,0
32.09583,75.31149,339.45,0.45,0.39,2026-06-02,818,N20,VIIRS,n,2,307.28,5.31,D,0
32.09608,75.19977,338.21,0.45,0.39,2026-06-02,818,N20,VIIRS,n,2,306.68,4.04,D,0
32.09814,75.04793,340.46,0.44,0.39,2026-06-02,818,N20,VIIRS,n,2,309.04,6.09,D,0
32.10052,75.61236,340.38,0.46,0.39,2026-06-02,818,N20,VIIRS,n,2,307.22,13,D,0
32.1006,74.73174,341.2,0.43,0.38,2026-06-02,818,N20,VIIRS,n,2,305.72,8.18,D,0
32.10349,74.72657,341.81,0.43,0.38,2026-06-02,818,N20,VIIRS,n,2,310.8,7.22,D,0
32.10408,73.09695,340.48,0.39,0.36,2026-06-02,818,N20,VIIRS,n,2,307.66,3.45,D,0
32.10408,74.73112,340.7,0.43,0.38,2026-06-02,818,N20,VIIRS,n,2,307.9,7.22,D,0
32.11413,74.61806,340.12,0.43,0.38,2026-06-02,818,N20,VIIRS,n,2,307.33,3.55,D,0
32.11843,74.54362,340.61,0.42,0.38,2026-06-02,818,N20,VIIRS,n,2,307.12,9.06,D,0
32.20928,74.54685,339.82,0.43,0.38,2026-06-02,818,N20,VIIRS,n,2,306.29,4.62,D,0
32.23755,73.03288,335.81,0.39,0.36,2026-06-02,818,N20,VIIRS,l,2,305.95,1.97,D,0
32.25874,74.73283,348.66,0.43,0.38,2026-06-02,818,N20,VIIRS,n,2,310.83,11.16,D,0
32.26223,74.73221,341.72,0.43,0.38,2026-06-02,818,N20,VIIRS,n,2,308.5,6.04,D,0
32.27268,74.05556,337.99,0.41,0.37,2026-06-02,818,N20,VIIRS,n,2,306.17,1.81,D,0
32.33072,74.40638,334.72,0.42,0.38,2026-06-02,818,N20,VIIRS,l,2,304.93,2.59,D,0
32.33565,74.73895,338.62,0.43,0.38,2026-06-02,818,N20,VIIRS,n,2,306.97,4.92,D,0
32.34631,74.45525,341.96,0.42,0.38,2026-06-02,818,N20,VIIRS,n,2,309.94,21.46,D,0
32.34977,74.45461,350.64,0.42,0.38,2026-06-02,818,N20,VIIRS,n,2,308.91,11.13,D,0
32.35323,74.45399,344.03,0.42,0.38,2026-06-02,818,N20,VIIRS,n,2,307.14,11.13,D,0
32.40285,72.30618,339.56,0.39,0.36,2026-06-02,818,N20,VIIRS,n,2,308.06,5,D,0
32.41916,72.4623,334.92,0.39,0.36,2026-06-02,818,N20,VIIRS,l,2,305.63,1.72,D,0
32.53099,76.15374,345.75,0.5,0.41,2026-06-02,818,N20,VIIRS,n,2,306.67,6.31,D,0
32.54701,75.98634,339.35,0.49,0.4,2026-06-02,818,N20,VIIRS,n,2,299.54,9.18,D,0
32.55243,75.56781,334.74,0.47,0.4,2026-06-02,818,N20,VIIRS,n,2,300.87,4.72,D,0
32.59879,76.10534,335.4,0.49,0.41,2026-06-02,818,N20,VIIRS,n,2,305.31,3.82,D,0
32.60301,76.10905,330.1,0.49,0.41,2026-06-02,818,N20,VIIRS,l,2,304.77,3.82,D,0
32.60975,73.60669,336.64,0.4,0.37,2026-06-02,818,N20,VIIRS,n,2,304.4,1.41,D,0
32.63794,76.03585,331.41,0.49,0.4,2026-06-02,818,N20,VIIRS,l,2,303.91,5.06,D,0
32.64355,76.03736,343.27,0.49,0.4,2026-06-02,818,N20,VIIRS,n,2,304.27,4.31,D,0
32.67544,73.9852,334.81,0.41,0.37,2026-06-02,818,N20,VIIRS,n,2,303.98,1.28,D,0
32.71667,74.2131,335.73,0.42,0.38,2026-06-02,818,N20,VIIRS,n,2,305.13,4.71,D,0
32.58208,71.44917,339.46,0.38,0.36,2026-06-02,819,N20,VIIRS,n,2,309.1,7.21,D,0
32.96762,72.61514,339.76,0.39,0.36,2026-06-02,819,N20,VIIRS,n,2,304.05,3.17,D,0
32.97248,74.90085,338.66,0.44,0.39,2026-06-02,819,N20,VIIRS,n,2,299.8,3.92,D,0
32.98519,73.92533,333.48,0.41,0.37,2026-06-02,819,N20,VIIRS,l,2,303.66,2.11,D,0
32.98578,73.92973,336.24,0.41,0.37,2026-06-02,819,N20,VIIRS,n,2,303.5,2.11,D,0
33.0923,74.07339,330.23,0.42,0.38,2026-06-02,819,N20,VIIRS,l,2,302.93,2.33,D,0
33.09573,74.07275,332.64,0.42,0.38,2026-06-02,819,N20,VIIRS,n,2,301.13,2.33,D,0
33.56394,73.89391,333.54,0.42,0.37,2026-06-02,819,N20,VIIRS,n,2,299.84,2.01,D,0
33.56554,73.36307,334.15,0.4,0.37,2026-06-02,819,N20,VIIRS,n,2,303.88,0.88,D,0
33.57184,73.45937,331.3,0.41,0.37,2026-06-02,819,N20,VIIRS,l,2,302.23,1.41,D,0
33.57243,73.46369,330.28,0.41,0.37,2026-06-02,819,N20,VIIRS,l,2,302.07,1.41,D,0
33.6831,72.84863,339.51,0.4,0.37,2026-06-02,819,N20,VIIRS,n,2,304.97,2.27,D,0
33.74482,72.8969,338.12,0.4,0.37,2026-06-02,819,N20,VIIRS,n,2,305.22,4.13,D,0
33.75227,73.5507,331.29,0.41,0.37,2026-06-02,819,N20,VIIRS,n,2,298.41,3.74,D,0
33.92105,72.97334,333.45,0.4,0.37,2026-06-02,819,N20,VIIRS,l,2,304.63,1.11,D,0
34.04919,72.79482,332.7,0.4,0.37,2026-06-02,819,N20,VIIRS,n,2,300.31,2.62,D,0
34.56161,71.99332,338.71,0.39,0.36,2026-06-02,819,N20,VIIRS,n,2,304.59,3.29,D,0
34.64942,72.01386,332.32,0.39,0.36,2026-06-02,819,N20,VIIRS,l,2,304.28,1.84,D,0
34.86145,71.81428,341.18,0.39,0.36,2026-06-02,819,N20,VIIRS,n,2,305.83,9.35,D,0
34.86206,71.81845,367,0.39,0.36,2026-06-02,819,N20,VIIRS,h,2,306.48,9.35,D,0
27.3793,95.33369,317.92,0.41,0.45,2026-06-02,1901,N20,VIIRS,n,2,260.75,1.49,N,0
29.26348,91.92666,304.15,0.35,0.56,2026-06-02,1901,N20,VIIRS,n,2,285,1.11,N,2
29.26378,91.92315,304.02,0.35,0.56,2026-06-02,1901,N20,VIIRS,n,2,284.44,1.11,N,2
25.03361,87.37507,302.55,0.6,0.7,2026-06-02,1902,N20,VIIRS,n,2,285.36,1.53,N,2
25.03386,87.37339,302.18,0.6,0.7,2026-06-02,1902,N20,VIIRS,n,2,285.05,1.87,N,2
27.34332,89.56236,295.94,0.46,0.64,2026-06-02,1902,N20,VIIRS,n,2,278.67,1.51,N,0
20.9516,86.04941,304.87,0.66,0.73,2026-06-02,1903,N20,VIIRS,n,2,287.61,1.75,N,2
20.96184,86.00515,328.7,0.66,0.73,2026-06-02,1903,N20,VIIRS,n,2,287.37,4.24,N,2
20.96764,86.01849,303.24,0.66,0.73,2026-06-02,1903,N20,VIIRS,n,2,287.62,2.99,N,2
20.96864,86.00564,308.12,0.66,0.73,2026-06-02,1903,N20,VIIRS,n,2,287.89,4.08,N,2
22.05609,88.12501,315.35,0.5,0.66,2026-06-02,1903,N20,VIIRS,n,2,289.48,3.45,N,2
22.36634,87.29928,309.78,0.57,0.69,2026-06-02,1903,N20,VIIRS,n,2,290.43,2.53,N,2
22.36907,87.01972,303.54,0.59,0.7,2026-06-02,1903,N20,VIIRS,n,2,289.8,1.18,N,2
22.37598,87.28107,308.26,0.57,0.69,2026-06-02,1903,N20,VIIRS,n,2,290.31,1.61,N,2
22.3764,87.27548,312.19,0.57,0.69,2026-06-02,1903,N20,VIIRS,n,2,290.16,1.61,N,2
22.38092,87.27827,323.74,0.57,0.69,2026-06-02,1903,N20,VIIRS,n,2,290.77,4.35,N,2
22.3828,87.27613,305.62,0.57,0.69,2026-06-02,1903,N20,VIIRS,n,2,289.82,1.61,N,2
23.55795,87.23866,309.46,0.59,0.7,2026-06-02,1903,N20,VIIRS,n,2,289.84,2.24,N,2
23.56282,87.08271,297.52,0.6,0.71,2026-06-02,1903,N20,VIIRS,n,2,274.49,1.27,N,2
23.73589,86.43191,303.04,0.66,0.73,2026-06-02,1903,N20,VIIRS,n,2,276.72,3.35,N,2
23.73772,86.43139,304.42,0.66,0.73,2026-06-02,1903,N20,VIIRS,n,2,275.49,3.5,N,2
23.76712,86.4009,310.34,0.67,0.73,2026-06-02,1903,N20,VIIRS,n,2,282.04,6.82,N,2
23.78161,86.38919,313.38,0.67,0.74,2026-06-02,1903,N20,VIIRS,n,2,279.86,5.92,N,2
19.02928,96.37399,307.44,0.44,0.38,2026-06-02,1904,N20,VIIRS,n,2,290.43,1.82,N,0
36.93459,80.29942,306.82,0.4,0.37,2026-06-02,2040,N20,VIIRS,n,2,295.68,1.81,N,0
29.26284,91.92104,297.73,0.73,0.76,2026-06-02,2041,N20,VIIRS,n,2,282.31,3.3,N,2
29.37468,91.14871,297.57,0.66,0.73,2026-06-02,2041,N20,VIIRS,n,2,276.44,1.75,N,2
31.72706,76.81098,310.6,0.38,0.36,2026-06-02,2041,N20,VIIRS,n,2,290.62,1.07,N,0
32.65162,76.00338,302.72,0.39,0.36,2026-06-02,2041,N20,VIIRS,n,2,287.47,0.31,N,0
32.65494,76.00403,296.97,0.39,0.36,2026-06-02,2041,N20,VIIRS,n,2,285.61,0.31,N,0
33.23689,71.51443,306.72,0.39,0.44,2026-06-02,2041,N20,VIIRS,n,2,293.28,0.42,N,2
33.95391,72.32494,308.63,0.55,0.42,2026-06-02,2041,N20,VIIRS,n,2,289.01,1.17,N,0
33.95414,72.32638,308.79,0.55,0.42,2026-06-02,2041,N20,VIIRS,n,2,289.87,1.57,N,0
34.56785,71.99066,304.24,0.38,0.44,2026-06-02,2041,N20,VIIRS,n,2,290.32,0.81,N,0
34.57185,71.99125,316.73,0.38,0.44,2026-06-02,2041,N20,VIIRS,n,2,289.34,0.81,N,0
35.34079,73.76109,295.64,0.49,0.4,2026-06-02,2041,N20,VIIRS,n,2,262.59,1.6,N,0
35.96835,68.68396,306.59,0.6,0.53,2026-06-02,2041,N20,VIIRS,n,2,291.65,1.95,N,2
27.42571,85.92747,306.62,0.36,0.57,2026-06-02,2042,N20,VIIRS,n,2,287.71,0.59,N,0
28.01472,83.25242,299.79,0.48,0.48,2026-06-02,2042,N20,VIIRS,n,2,288.79,0.69,N,0
28.01577,83.25072,300.07,0.48,0.48,2026-06-02,2042,N20,VIIRS,n,2,288.93,0.75,N,0
28.74451,76.92928,305.36,0.39,0.36,2026-06-02,2042,N20,VIIRS,n,2,295,1.08,N,2
28.79601,77.07359,319.73,0.39,0.36,2026-06-02,2042,N20,VIIRS,n,2,296.96,2.32,N,0
28.85233,77.14497,305.33,0.39,0.36,2026-06-02,2042,N20,VIIRS,n,2,294.18,0.6,N,0
29.64749,77.09923,306.41,0.39,0.36,2026-06-02,2042,N20,VIIRS,n,2,292.91,0.75,N,0
29.65078,77.09993,320.45,0.39,0.36,2026-06-02,2042,N20,VIIRS,n,2,293,1.07,N,0
30.84646,75.92138,306.84,0.39,0.36,2026-06-02,2042,N20,VIIRS,n,2,295.75,1.08,N,0
30.90958,76.79082,303.94,0.38,0.36,2026-06-02,2042,N20,VIIRS,n,2,293.13,0.35,N,0
30.93399,76.91525,305.69,0.38,0.36,2026-06-02,2042,N20,VIIRS,n,2,292.3,0.68,N,0
31.26359,77.36919,306.73,0.39,0.36,2026-06-02,2042,N20,VIIRS,n,2,288.21,0.71,N,0
31.32883,76.89616,307.31,0.38,0.36,2026-06-02,2042,N20,VIIRS,n,2,292.34,1.03,N,2
22.05469,88.12193,315.08,0.64,0.72,2026-06-02,2043,N20,VIIRS,n,2,288.35,4.6,N,2
22.05488,88.12589,318.74,0.64,0.72,2026-06-02,2043,N20,VIIRS,n,2,288.67,4.24,N,2
22.3631,87.30213,304.15,0.56,0.69,2026-06-02,2043,N20,VIIRS,n,2,287.46,2.41,N,2
22.36795,87.29958,307.99,0.56,0.69,2026-06-02,2043,N20,VIIRS,n,2,287.19,1.68,N,2
22.37924,87.28027,319.22,0.56,0.69,2026-06-02,2043,N20,VIIRS,n,2,287.24,3.66,N,2
22.38165,87.27923,314.75,0.56,0.69,2026-06-02,2043,N20,VIIRS,n,2,286.92,3.39,N,2
23.61371,86.78719,307.19,0.49,0.65,2026-06-02,2043,N20,VIIRS,n,2,288.74,2.24,N,2
23.62833,85.67686,306.9,0.42,0.61,2026-06-02,2043,N20,VIIRS,n,2,287.53,1.07,N,0
23.66558,87.1571,299.39,0.51,0.66,2026-06-02,2043,N20,VIIRS,n,2,276.09,1.8,N,2
23.66991,86.09216,306.9,0.44,0.62,2026-06-02,2043,N20,VIIRS,n,2,287.68,1.5,N,2
23.67553,86.40118,310.19,0.46,0.64,2026-06-02,2043,N20,VIIRS,n,2,288.92,1.91,N,2
23.67577,86.4016,307.1,0.46,0.64,2026-06-02,2043,N20,VIIRS,n,2,288.78,2.91,N,2
23.67656,86.39676,311.39,0.46,0.64,2026-06-02,2043,N20,VIIRS,n,2,289.26,1.91,N,2
23.67683,86.3972,314.6,0.46,0.63,2026-06-02,2043,N20,VIIRS,n,2,288.85,2.24,N,2
23.67746,86.08537,308.54,0.44,0.62,2026-06-02,2043,N20,VIIRS,n,2,288.45,2.04,N,2
23.67788,86.39284,305.36,0.46,0.63,2026-06-02,2043,N20,VIIRS,n,2,288.12,2.24,N,2
23.68041,86.07285,305.54,0.44,0.62,2026-06-02,2043,N20,VIIRS,n,2,288.06,0.97,N,0
23.68228,86.3982,307.44,0.46,0.64,2026-06-02,2043,N20,VIIRS,n,2,288.41,2.75,N,2
23.68329,86.39386,317.03,0.46,0.63,2026-06-02,2043,N20,VIIRS,n,2,288.52,2.38,N,2
23.68359,86.39426,317.54,0.46,0.63,2026-06-02,2043,N20,VIIRS,n,2,288.69,3.37,N,2
23.6846,86.39007,307.32,0.46,0.63,2026-06-02,2043,N20,VIIRS,n,2,287.95,2.91,N,2
23.6868,87.12163,302.19,0.51,0.66,2026-06-02,2043,N20,VIIRS,n,2,279.91,1.57,N,2
23.68998,86.3911,304.4,0.46,0.63,2026-06-02,2043,N20,VIIRS,n,2,288.42,2.38,N,2
23.69274,87.12324,306.99,0.51,0.66,2026-06-02,2043,N20,VIIRS,n,2,280.28,1.83,N,2
23.71305,86.44886,314.18,0.46,0.64,2026-06-02,2043,N20,VIIRS,n,2,287.67,3.33,N,2
23.73534,86.43159,307.73,0.46,0.64,2026-06-02,2043,N20,VIIRS,n,2,287.02,2.84,N,2
23.74104,86.43314,312.74,0.46,0.64,2026-06-02,2043,N20,VIIRS,n,2,287.69,2.84,N,2
23.75542,85.85287,304.23,0.42,0.61,2026-06-02,2043,N20,VIIRS,n,2,287.85,1.18,N,2
23.76066,86.40121,316.87,0.46,0.63,2026-06-02,2043,N20,VIIRS,n,2,285.34,5.28,N,2
23.76635,86.40277,309.41,0.46,0.63,2026-06-02,2043,N20,VIIRS,n,2,280.41,3.3,N,2
23.76737,86.40227,304.63,0.46,0.63,2026-06-02,2043,N20,VIIRS,n,2,278.88,2.49,N,2
23.77551,86.36364,300.15,0.46,0.63,2026-06-02,2043,N20,VIIRS,n,2,278.95,1.69,N,2
23.77597,86.20807,306.42,0.45,0.63,2026-06-02,2043,N20,VIIRS,n,2,287.68,3.59,N,2
23.77678,86.36326,299.05,0.45,0.63,2026-06-02,2043,N20,VIIRS,n,2,277.75,1.66,N,2
23.78038,86.37337,301,0.46,0.63,2026-06-02,2043,N20,VIIRS,n,2,279.01,1.65,N,2
23.78093,86.34605,306,0.45,0.63,2026-06-02,2043,N20,VIIRS,n,2,287.27,2.39,N,2
23.78162,86.20946,340.51,0.45,0.63,2026-06-02,2043,N20,VIIRS,n,2,288.42,3.59,N,2
23.79654,86.351,310.23,0.45,0.63,2026-06-02,2043,N20,VIIRS,n,2,287.27,3.5,N,2
23.79793,86.3506,308.46,0.45,0.63,2026-06-02,2043,N20,VIIRS,n,2,286.69,4.14,N,2
23.80161,86.3292,307.48,0.45,0.63,2026-06-02,2043,N20,VIIRS,n,2,287.05,2.67,N,2
23.80314,86.32888,306.57,0.45,0.63,2026-06-02,2043,N20,VIIRS,n,2,284.48,2.64,N,2
23.80726,86.33079,300.61,0.45,0.63,2026-06-02,2043,N20,VIIRS,n,2,281.21,1.55,N,2
24.05177,80.61474,307.5,0.4,0.44,2026-06-02,2043,N20,VIIRS,n,2,293.75,4.36,N,2
24.16247,82.66824,304.56,0.53,0.5,2026-06-02,2043,N20,VIIRS,n,2,291.57,1.14,N,2
24.16647,82.62602,304.72,0.52,0.5,2026-06-02,2043,N20,VIIRS,n,2,291.93,1.89,N,2
24.18022,82.65118,307,0.52,0.5,2026-06-02,2043,N20,VIIRS,n,2,291.77,1.3,N,0
24.18146,82.64883,306.09,0.52,0.5,2026-06-02,2043,N20,VIIRS,n,2,291.25,1.44,N,0
24.20111,82.71291,304.85,0.53,0.5,2026-06-02,2043,N20,VIIRS,n,2,291.71,1.73,N,0
24.20672,82.70886,307.84,0.53,0.5,2026-06-02,2043,N20,VIIRS,n,2,291.95,2.12,N,2
24.35334,78.99056,307,0.49,0.4,2026-06-02,2043,N20,VIIRS,n,2,294.08,2.04,N,0
24.76246,74.61008,318.86,0.39,0.36,2026-06-02,2043,N20,VIIRS,n,2,296.66,2.5,N,2
24.93238,74.63266,306.55,0.39,0.36,2026-06-02,2043,N20,VIIRS,n,2,295.8,0.62,N,2
25.03206,87.37557,305.76,0.49,0.65,2026-06-02,2043,N20,VIIRS,n,2,290.07,2.16,N,2
25.57437,79.28915,333.33,0.48,0.4,2026-06-02,2043,N20,VIIRS,n,2,293.63,6.1,N,0
27.66721,76.13132,315.49,0.38,0.36,2026-06-02,2043,N20,VIIRS,n,2,296.96,2.55,N,2
20.759,85.29752,314.07,0.45,0.63,2026-06-02,2044,N20,VIIRS,n,2,281.01,1.72,N,2
20.76367,85.29723,304.43,0.45,0.63,2026-06-02,2044,N20,VIIRS,n,2,281.18,1.48,N,2
20.78462,85.2642,302.23,0.45,0.63,2026-06-02,2044,N20,VIIRS,n,2,279.12,1.29,N,2
20.78559,85.25996,302.5,0.45,0.63,2026-06-02,2044,N20,VIIRS,n,2,278.72,1.29,N,2
20.7932,85.25285,312.21,0.45,0.63,2026-06-02,2044,N20,VIIRS,n,2,278.65,2.34,N,2
20.80447,85.25586,298.94,0.45,0.63,2026-06-02,2044,N20,VIIRS,n,2,275.89,0.7,N,2
20.8101,85.25742,302.23,0.45,0.63,2026-06-02,2044,N20,VIIRS,n,2,275.59,0.52,N,2
20.86444,84.99104,303.02,0.43,0.62,2026-06-02,2044,N20,VIIRS,n,2,281.49,1.2,N,2
20.88935,84.98477,304.63,0.43,0.62,2026-06-02,2044,N20,VIIRS,n,2,280.06,0.92,N,2
20.89026,84.9807,305.21,0.43,0.62,2026-06-02,2044,N20,VIIRS,n,2,280.32,0.92,N,2
20.90574,81.91074,314.47,0.55,0.51,2026-06-02,2044,N20,VIIRS,n,2,289.67,2,N,0
20.95209,85.06,302.04,0.43,0.62,2026-06-02,2044,N20,VIIRS,n,2,276.67,0.59,N,0
20.95659,85.01416,301.1,0.43,0.62,2026-06-02,2044,N20,VIIRS,n,2,276.32,1.22,N,2
20.9575,85.01017,307.77,0.43,0.62,2026-06-02,2044,N20,VIIRS,n,2,276.36,1.78,N,2
20.96155,85.17522,301.93,0.44,0.62,2026-06-02,2044,N20,VIIRS,n,2,279.14,1.9,N,2
20.96247,85.17113,309.65,0.44,0.62,2026-06-02,2044,N20,VIIRS,n,2,279.6,1.9,N,2
20.96339,85.16703,308.32,0.44,0.62,2026-06-02,2044,N20,VIIRS,n,2,280,1.94,N,2
20.9643,85.16298,303.41,0.44,0.62,2026-06-02,2044,N20,VIIRS,n,2,280.35,1.94,N,2
20.96434,85.18918,316.93,0.44,0.62,2026-06-02,2044,N20,VIIRS,n,2,280.15,3.68,N,2
20.96529,85.18498,320.25,0.44,0.62,2026-06-02,2044,N20,VIIRS,n,2,279.15,2.59,N,2
20.96602,85.07658,304.53,0.43,0.62,2026-06-02,2044,N20,VIIRS,n,2,276.6,0.81,N,0
20.96614,85.1548,307.05,0.44,0.62,2026-06-02,2044,N20,VIIRS,n,2,280.55,4.78,N,2
20.96622,85.18082,304.95,0.44,0.62,2026-06-02,2044,N20,VIIRS,n,2,278.77,2.59,N,2
20.96676,85.02118,297.78,0.43,0.62,2026-06-02,2044,N20,VIIRS,n,2,274.83,0.89,N,2
20.96707,85.15068,309.99,0.44,0.62,2026-06-02,2044,N20,VIIRS,n,2,281.01,2.77,N,2
20.96714,85.17673,305.93,0.44,0.62,2026-06-02,2044,N20,VIIRS,n,2,279.26,1.9,N,2
20.96806,85.17263,332.02,0.44,0.62,2026-06-02,2044,N20,VIIRS,n,2,280.1,1.9,N,2
20.96897,85.16859,311.88,0.44,0.62,2026-06-02,2044,N20,VIIRS,n,2,280.21,1.94,N,2
20.97262,85.12597,306.8,0.44,0.62,2026-06-02,2044,N20,VIIRS,n,2,281.81,1.9,N,2
20.97264,85.1522,327.26,0.44,0.62,2026-06-02,2044,N20,VIIRS,n,2,281.89,2.77,N,2
20.97274,85.17821,304.77,0.44,0.62,2026-06-02,2044,N20,VIIRS,n,2,278.2,1.94,N,2
20.97365,85.17415,320.54,0.44,0.62,2026-06-02,2044,N20,VIIRS,n,2,279.56,1.94,N,2
20.97455,85.17011,304.42,0.44,0.62,2026-06-02,2044,N20,VIIRS,n,2,280.11,1.46,N,2
20.97633,85.13577,307.37,0.44,0.62,2026-06-02,2044,N20,VIIRS,n,2,282.51,1.65,N,2
20.97725,85.13166,308.82,0.44,0.62,2026-06-02,2044,N20,VIIRS,n,2,282.41,1.65,N,2
20.98015,85.1716,303.04,0.44,0.62,2026-06-02,2044,N20,VIIRS,n,2,280.75,1.46,N,2
20.98191,85.13725,309.08,0.44,0.62,2026-06-02,2044,N20,VIIRS,n,2,281.8,2.45,N,2
20.98284,85.13314,328.79,0.44,0.62,2026-06-02,2044,N20,VIIRS,n,2,282.03,2.45,N,2
21.0758,85.04907,304.28,0.43,0.62,2026-06-02,2044,N20,VIIRS,n,2,281.72,1.51,N,0
21.07759,85.04118,304.36,0.43,0.62,2026-06-02,2044,N20,VIIRS,n,2,282.51,2.38,N,2
21.0794,85.03315,303.42,0.43,0.62,2026-06-02,2044,N20,VIIRS,n,2,282.69,1.37,N,2
21.18391,81.38602,309.38,0.5,0.49,2026-06-02,2044,N20,VIIRS,n,2,295.8,2,N,3
21.18738,81.39176,311.81,0.5,0.49,2026-06-02,2044,N20,VIIRS,n,2,296.07,2,N,2
21.24312,79.22511,311.14,0.56,0.43,2026-06-02,2044,N20,VIIRS,n,2,295.77,8.52,N,2
21.24316,79.22336,311.09,0.56,0.43,2026-06-02,2044,N20,VIIRS,n,2,295.47,4.48,N,2
21.24704,79.22417,309.28,0.56,0.43,2026-06-02,2044,N20,VIIRS,n,2,296.17,4.48,N,2
21.24996,79.20839,320.81,0.55,0.43,2026-06-02,2044,N20,VIIRS,n,2,295.44,8.91,N,2
21.25002,79.21017,321.18,0.55,0.43,2026-06-02,2044,N20,VIIRS,n,2,295.98,8.55,N,2
21.2813,79.15157,313.2,0.55,0.43,2026-06-02,2044,N20,VIIRS,n,2,294.69,5.75,N,0
21.33541,78.97025,312.45,0.54,0.42,2026-06-02,2044,N20,VIIRS,n,2,295.78,2.39,N,0
21.3754,81.68174,309.41,0.52,0.5,2026-06-02,2044,N20,VIIRS,n,2,294.96,3.61,N,2
21.4854,81.77116,309.95,0.52,0.5,2026-06-02,2044,N20,VIIRS,n,2,294.34,2.47,N,2
21.50103,81.81085,307.8,0.52,0.5,2026-06-02,2044,N20,VIIRS,n,2,293.43,4.08,N,0
21.62017,73.61056,322.04,0.39,0.36,2026-06-02,2044,N20,VIIRS,n,2,294.79,2.72,N,0
21.62321,81.79445,305.18,0.52,0.5,2026-06-02,2044,N20,VIIRS,n,2,293.09,1.56,N,0
21.67183,84.04076,307.49,0.36,0.57,2026-06-02,2044,N20,VIIRS,n,2,290.51,1.81,N,2
21.67772,84.03873,324.64,0.36,0.57,2026-06-02,2044,N20,VIIRS,n,2,291.38,1.81,N,2
21.68327,84.04111,307.74,0.36,0.57,2026-06-02,2044,N20,VIIRS,n,2,290.45,1.29,N,2
21.7381,83.84302,313.53,0.35,0.57,2026-06-02,2044,N20,VIIRS,n,2,289.41,3.72,N,2
21.73883,83.83972,306.59,0.35,0.57,2026-06-02,2044,N20,VIIRS,n,2,289.26,2.85,N,0
21.7407,83.84612,309.85,0.35,0.57,2026-06-02,2044,N20,VIIRS,n,2,289.57,3.25,N,2
21.74141,83.84279,342.05,0.35,0.57,2026-06-02,2044,N20,VIIRS,n,2,291.01,3.25,N,2
21.74318,83.84439,344.61,0.35,0.57,2026-06-02,2044,N20,VIIRS,n,2,290.91,3.72,N,2
21.74391,83.84106,318.49,0.35,0.57,2026-06-02,2044,N20,VIIRS,n,2,289.48,2.85,N,2
21.74684,83.9749,319.37,0.36,0.57,2026-06-02,2044,N20,VIIRS,n,2,290.3,1.65,N,0
21.74703,83.81644,307.89,0.35,0.57,2026-06-02,2044,N20,VIIRS,n,2,290.15,1.97,N,0
21.74759,83.9715,309.67,0.36,0.57,2026-06-02,2044,N20,VIIRS,n,2,289.82,1.65,N,0
21.74826,83.84573,323.24,0.35,0.57,2026-06-02,2044,N20,VIIRS,n,2,290.58,3.9,N,0
21.74899,83.84241,336.13,0.35,0.57,2026-06-02,2044,N20,VIIRS,n,2,290.36,2.48,N,2
21.75199,83.97613,314.18,0.36,0.57,2026-06-02,2044,N20,VIIRS,n,2,290.55,1.31,N,0
21.75274,83.97269,306.62,0.36,0.57,2026-06-02,2044,N20,VIIRS,n,2,289.75,1.31,N,0
21.75406,83.84377,314.61,0.35,0.57,2026-06-02,2044,N20,VIIRS,n,2,289.87,2.48,N,2
21.7548,83.84044,310.07,0.35,0.57,2026-06-02,2044,N20,VIIRS,n,2,289.48,2.48,N,2
21.75784,84.02382,318.14,0.36,0.57,2026-06-02,2044,N20,VIIRS,n,2,290.84,3.14,N,2
21.75915,83.84505,314.49,0.35,0.57,2026-06-02,2044,N20,VIIRS,n,2,290.14,2.66,N,2
21.76299,84.0251,307.14,0.36,0.57,2026-06-02,2044,N20,VIIRS,n,2,290.07,1.76,N,2
21.76352,83.84968,307.22,0.35,0.57,2026-06-02,2044,N20,VIIRS,n,2,288.87,1.62,N,0
21.76373,84.02173,309.73,0.36,0.57,2026-06-02,2044,N20,VIIRS,n,2,290.38,1.44,N,2
21.76446,84.01839,308.92,0.36,0.57,2026-06-02,2044,N20,VIIRS,n,2,290.16,1.44,N,2
21.76961,84.01968,315.78,0.36,0.57,2026-06-02,2044,N20,VIIRS,n,2,291.01,1.44,N,2
21.7766,83.839,308,0.35,0.57,2026-06-02,2044,N20,VIIRS,n,2,289.97,1.28,N,0
21.77806,83.83232,306.08,0.35,0.57,2026-06-02,2044,N20,VIIRS,n,2,289.24,2.84,N,2
21.77878,83.82898,326.82,0.35,0.57,2026-06-02,2044,N20,VIIRS,n,2,289.62,3.66,N,2
21.78314,83.83361,344.02,0.35,0.57,2026-06-02,2044,N20,VIIRS,n,2,290.44,7.18,N,2
21.78387,83.83026,335.2,0.35,0.57,2026-06-02,2044,N20,VIIRS,n,2,289.2,6.08,N,2
21.79859,83.88614,328.5,0.35,0.57,2026-06-02,2044,N20,VIIRS,n,2,289.71,3.19,N,0
21.7993,83.88284,307.69,0.35,0.57,2026-06-02,2044,N20,VIIRS,n,2,289.79,1.58,N,0
21.80002,83.87952,312.95,0.35,0.57,2026-06-02,2044,N20,VIIRS,n,2,288.88,1.58,N,0
21.80119,82.04179,307.66,0.53,0.5,2026-06-02,2044,N20,VIIRS,n,2,293.5,2.24,N,2
21.80513,83.88077,305.48,0.35,0.57,2026-06-02,2044,N20,VIIRS,n,2,288.93,1.86,N,0
21.82347,83.89549,316.09,0.35,0.57,2026-06-02,2044,N20,VIIRS,n,2,290.85,2.47,N,0
21.82396,83.99812,308.76,0.36,0.57,2026-06-02,2044,N20,VIIRS,n,2,288.75,0.87,N,2
21.82419,83.89964,312.32,0.35,0.57,2026-06-02,2044,N20,VIIRS,n,2,290.91,2.22,N,0
21.82494,83.89626,308.61,0.35,0.57,2026-06-02,2044,N20,VIIRS,n,2,290.8,2.11,N,0
21.82783,83.90028,311.22,0.35,0.57,2026-06-02,2044,N20,VIIRS,n,2,290.51,2.88,N,0
21.87724,83.49656,309.6,0.33,0.55,2026-06-02,2044,N20,VIIRS,n,2,289.26,1.22,N,2
21.88018,83.55637,310.4,0.33,0.55,2026-06-02,2044,N20,VIIRS,n,2,290.4,0.96,N,2
21.91873,83.35109,312.73,0.32,0.55,2026-06-02,2044,N20,VIIRS,n,2,290.19,1.91,N,2
21.92366,83.35229,319.86,0.32,0.55,2026-06-02,2044,N20,VIIRS,n,2,291.19,1.91,N,2
21.92989,83.34739,305.51,0.32,0.55,2026-06-02,2044,N20,VIIRS,n,2,290.18,1.18,N,2
21.94111,74.45251,316.64,0.38,0.36,2026-06-02,2044,N20,VIIRS,n,2,295.22,2.07,N,0
21.95817,83.80145,308.57,0.34,0.56,2026-06-02,2044,N20,VIIRS,n,2,289.58,1,N,0
21.98501,83.23268,306.31,0.63,0.54,2026-06-02,2044,N20,VIIRS,n,2,290.14,1.86,N,2
21.98609,83.23386,305.62,0.63,0.54,2026-06-02,2044,N20,VIIRS,n,2,290.21,2.42,N,2
22.00251,82.67081,309.29,0.58,0.52,2026-06-02,2044,N20,VIIRS,n,2,292.26,2.49,N,2
22.00723,82.67191,307.17,0.58,0.52,2026-06-02,2044,N20,VIIRS,n,2,291.77,2.49,N,2
22.01959,83.75324,310.69,0.34,0.56,2026-06-02,2044,N20,VIIRS,n,2,290.45,1.47,N,0
22.02996,83.3662,307.19,0.32,0.55,2026-06-02,2044,N20,VIIRS,n,2,290.3,1.08,N,2
22.03814,83.35204,315.86,0.32,0.55,2026-06-02,2044,N20,VIIRS,n,2,290.61,2.03,N,2
22.03957,83.7346,305.85,0.34,0.56,2026-06-02,2044,N20,VIIRS,n,2,290.18,2.08,N,2
22.04025,83.73141,317.45,0.34,0.56,2026-06-02,2044,N20,VIIRS,n,2,290.78,2.78,N,2
22.04095,83.72821,339.89,0.34,0.56,2026-06-02,2044,N20,VIIRS,n,2,290.93,2.78,N,2
22.04355,78.15622,310.25,0.48,0.4,2026-06-02,2044,N20,VIIRS,n,2,293.07,1.8,N,0
22.05168,83.72761,306.54,0.34,0.56,2026-06-02,2044,N20,VIIRS,n,2,289.75,2.24,N,0
22.05306,83.72122,321.71,0.34,0.56,2026-06-02,2044,N20,VIIRS,n,2,289.94,1.72,N,0
22.05375,83.718,320.06,0.34,0.56,2026-06-02,2044,N20,VIIRS,n,2,290.02,1.72,N,0
22.06222,83.70326,304.31,0.34,0.56,2026-06-02,2044,N20,VIIRS,n,2,289.23,0.93,N,2
22.1062,83.12643,308.72,0.62,0.54,2026-06-02,2044,N20,VIIRS,n,2,290.52,1.66,N,0
22.15707,82.09484,305.04,0.53,0.5,2026-06-02,2044,N20,VIIRS,n,2,293.03,1.25,N,0
22.16878,77.94366,310.21,0.46,0.39,2026-06-02,2044,N20,VIIRS,n,2,292.75,3.83,N,0
22.16958,77.93923,308.52,0.46,0.39,2026-06-02,2044,N20,VIIRS,n,2,293.7,4.11,N,0
22.21651,84.84176,306.37,0.39,0.6,2026-06-02,2044,N20,VIIRS,n,2,289.02,1.36,N,0
22.21889,84.75594,306.07,0.39,0.59,2026-06-02,2044,N20,VIIRS,n,2,289.91,1.16,N,2
22.26441,75.13419,315.46,0.39,0.36,2026-06-02,2044,N20,VIIRS,n,2,296.97,2.75,N,2
22.31432,82.53333,308.84,0.56,0.52,2026-06-02,2044,N20,VIIRS,n,2,292.6,2.97,N,2
22.31897,82.53442,305.05,0.56,0.52,2026-06-02,2044,N20,VIIRS,n,2,292.16,1.88,N,2
22.33091,82.57127,315.51,0.56,0.52,2026-06-02,2044,N20,VIIRS,n,2,291.84,1.65,N,0
22.33222,82.57325,325.15,0.56,0.52,2026-06-02,2044,N20,VIIRS,n,2,292.2,3.91,N,2
22.33556,82.57244,312.06,0.56,0.52,2026-06-02,2044,N20,VIIRS,n,2,291.65,1.65,N,2
22.3378,76.99072,318.44,0.42,0.38,2026-06-02,2044,N20,VIIRS,n,2,293.5,2.21,N,0
22.3573,82.30175,331.63,0.54,0.51,2026-06-02,2044,N20,VIIRS,n,2,294.06,4.97,N,2
22.41706,69.04095,309.36,0.4,0.44,2026-06-02,2044,N20,VIIRS,n,2,297.58,0.63,N,2
22.45981,76.93804,310.68,0.42,0.38,2026-06-02,2044,N20,VIIRS,n,2,293.32,3.39,N,0
22.51316,77.27802,308.49,0.43,0.38,2026-06-02,2044,N20,VIIRS,n,2,292.8,1.03,N,0
22.56168,81.18145,303.79,0.46,0.47,2026-06-02,2044,N20,VIIRS,n,2,291.41,0.52,N,0
22.65009,77.30475,304.77,0.43,0.38,2026-06-02,2044,N20,VIIRS,n,2,292.41,0.54,N,0
22.82185,69.67714,307.49,0.56,0.43,2026-06-02,2044,N20,VIIRS,n,2,291.43,2.42,N,0
22.97732,72.56647,309.78,0.42,0.37,2026-06-02,2044,N20,VIIRS,n,2,296.22,0.8,N,2
23.14128,77.86544,312.51,0.45,0.39,2026-06-02,2044,N20,VIIRS,n,2,294.74,2.04,N,0
23.15426,72.45206,307.6,0.42,0.38,2026-06-02,2044,N20,VIIRS,n,2,295.67,0.7,N,0
23.16417,82.33824,326.96,0.52,0.5,2026-06-02,2044,N20,VIIRS,n,2,293.27,4.68,N,2
23.16764,82.34428,317.95,0.53,0.5,2026-06-02,2044,N20,VIIRS,n,2,292.84,2.48,N,2
23.1687,82.33923,317.97,0.52,0.5,2026-06-02,2044,N20,VIIRS,n,2,292.5,2.69,N,2
23.26696,70.2582,307.5,0.53,0.42,2026-06-02,2044,N20,VIIRS,n,2,294.26,1.07,N,2
23.43118,68.71307,310.34,0.43,0.46,2026-06-02,2044,N20,VIIRS,n,2,296.28,2.24,N,2
23.4391,68.71854,310.14,0.43,0.46,2026-06-02,2044,N20,VIIRS,n,2,296.32,3.14,N,0
23.7973,78.35693,307.41,0.46,0.39,2026-06-02,2044,N20,VIIRS,n,2,294.16,1.5,N,0
24.66013,73.87759,309.36,0.39,0.37,2026-06-02,2044,N20,VIIRS,n,2,297.25,1.47,N,2
24.691,73.0041,309.99,0.41,0.37,2026-06-02,2044,N20,VIIRS,n,2,296.88,4.9,N,2
24.82188,73.09252,312.33,0.41,0.37,2026-06-02,2044,N20,VIIRS,n,2,298.2,1.21,N,2
16.78614,78.66988,317.59,0.41,0.45,2026-06-02,2045,N20,VIIRS,n,2,285.27,2.31,N,0
17.67007,73.52695,309.06,0.38,0.36,2026-06-02,2045,N20,VIIRS,n,2,293.77,1.55,N,0
18.66391,73.92719,330.5,0.38,0.36,2026-06-02,2045,N20,VIIRS,n,2,295.14,3.35,N,0
18.68005,73.04598,307.26,0.39,0.36,2026-06-02,2045,N20,VIIRS,n,2,293.9,1.47,N,2
18.68174,73.03506,320.38,0.39,0.36,2026-06-02,2045,N20,VIIRS,n,2,294.98,3.18,N,2
18.68392,73.0429,309.98,0.39,0.36,2026-06-02,2045,N20,VIIRS,n,2,294.37,1.94,N,2
18.68448,73.03926,317.79,0.39,0.36,2026-06-02,2045,N20,VIIRS,n,2,293.84,1.94,N,2
18.68561,73.03197,331.78,0.39,0.36,2026-06-02,2045,N20,VIIRS,n,2,294.99,4.03,N,2
18.6911,73.04039,328.57,0.39,0.36,2026-06-02,2045,N20,VIIRS,n,2,293.87,4.34,N,2
18.71349,79.54008,303.98,0.42,0.46,2026-06-02,2045,N20,VIIRS,n,2,272.4,1.41,N,2
18.71838,79.53694,303.27,0.42,0.46,2026-06-02,2045,N20,VIIRS,n,2,272.52,1.11,N,2
18.72252,79.53777,304.67,0.42,0.46,2026-06-02,2045,N20,VIIRS,n,2,271.91,0.97,N,2
19.10032,73.05259,321.99,0.39,0.36,2026-06-02,2045,N20,VIIRS,n,2,294.85,3.7,N,2
19.10363,73.05312,325.21,0.39,0.36,2026-06-02,2045,N20,VIIRS,n,2,294.5,4.16,N,2
19.11026,73.05425,315.66,0.39,0.36,2026-06-02,2045,N20,VIIRS,n,2,295.12,3.53,N,0
19.17855,70.94543,313.3,0.44,0.38,2026-06-02,2045,N20,VIIRS,n,2,297.04,0.91,N,3
19.27987,71.42889,311.61,0.42,0.38,2026-06-02,2045,N20,VIIRS,n,2,297.69,3.75,N,3
19.28218,71.43748,310.47,0.42,0.38,2026-06-02,2045,N20,VIIRS,n,2,297.11,0.47,N,3
19.31016,73.07973,307.86,0.39,0.36,2026-06-02,2045,N20,VIIRS,n,2,294.57,3.07,N,0
19.50537,76.12418,308.74,0.42,0.38,2026-06-02,2045,N20,VIIRS,n,2,294.08,1.07,N,0
19.5291,71.3002,311.08,0.43,0.38,2026-06-02,2045,N20,VIIRS,n,2,296.96,0.94,N,3
19.57314,71.36573,313.38,0.43,0.38,2026-06-02,2045,N20,VIIRS,n,2,296.85,0.87,N,3
19.57372,71.36166,312.51,0.43,0.38,2026-06-02,2045,N20,VIIRS,n,2,296.79,0.87,N,3
19.63156,73.35237,310.6,0.39,0.36,2026-06-02,2045,N20,VIIRS,n,2,294.2,0.8,N,0
19.63504,73.35255,328.61,0.39,0.36,2026-06-02,2045,N20,VIIRS,n,2,294.81,1.31,N,0
19.63561,73.3489,308.66,0.39,0.36,2026-06-02,2045,N20,VIIRS,n,2,294.21,1.31,N,0
19.93617,73.71125,318.28,0.38,0.36,2026-06-02,2045,N20,VIIRS,n,2,293.02,0.97,N,2
19.97431,79.27437,295.04,0.39,0.44,2026-06-02,2045,N20,VIIRS,n,2,284.15,3.11,N,0
20.1212,76.98948,313.11,0.45,0.39,2026-06-02,2045,N20,VIIRS,n,2,295.99,2.73,N,0
20.12136,76.98799,311.34,0.45,0.39,2026-06-02,2045,N20,VIIRS,n,2,296.22,2.44,N,0
20.33781,78.1325,316.45,0.5,0.41,2026-06-02,2045,N20,VIIRS,n,2,294.34,7.87,N,0
20.35528,72.94975,328.04,0.39,0.36,2026-06-02,2045,N20,VIIRS,n,2,296.06,2.39,N,0
20.58576,76.51431,312.66,0.42,0.38,2026-06-02,2045,N20,VIIRS,n,2,295.39,0.76,N,0
20.60839,76.58959,313.79,0.43,0.38,2026-06-02,2045,N20,VIIRS,n,2,296.55,6.33,N,0
21.10155,72.63703,336.03,0.4,0.37,2026-06-02,2045,N20,VIIRS,n,2,296.45,3.7,N,2
21.10264,72.65299,310.34,0.4,0.37,2026-06-02,2045,N20,VIIRS,n,2,294.39,2.65,N,2
21.10378,72.6453,317.94,0.4,0.37,2026-06-02,2045,N20,VIIRS,n,2,295.95,3.57,N,2
21.10492,72.6376,315.78,0.4,0.37,2026-06-02,2045,N20,VIIRS,n,2,295.73,3.7,N,2
21.10658,72.64972,310.31,0.4,0.37,2026-06-02,2045,N20,VIIRS,n,2,296.52,3.28,N,2
21.10715,72.64587,344.01,0.4,0.37,2026-06-02,2045,N20,VIIRS,n,2,297.57,9,N,2
21.10887,72.63432,313.7,0.4,0.37,2026-06-02,2045,N20,VIIRS,n,2,295.9,4.22,N,2
16.64827,74.31614,317.55,0.39,0.36,2026-06-02,2046,N20,VIIRS,n,2,291.94,1.44,N,0
9.74408,80.04062,309.24,0.33,0.55,2026-06-02,2047,N20,VIIRS,n,2,291.02,1.12,N,0
10.92821,77.06537,322.37,0.4,0.44,2026-06-02,2047,N20,VIIRS,n,2,280.83,2.3,N,2
11.1827,79.09865,306.18,0.54,0.51,2026-06-02,2047,N20,VIIRS,n,2,289.79,1.16,N,2